Loading instance...
Median ranking: [4, 5, 10, 15, 13, 6, 2, 3, 9, 11, 14, 7, 8, 12, 1]
Mean ranking: [4, 5, 10, 15, 13, 9, 6, 7, 2, 3, 11, 14, 8, 12, 1]
Actual error: 0.0014132531742114818
Weighted Kendall distance: 58.5
Normalized distance: 0.05223214285714286
ss, 455 add conss, 0 chg bounds, 0 chg sides, 0 chg coeffs, 0 upgd conss, 0 impls, 0 clqs, 0 implints
   (0.0s) symmetry computation started: requiring (bin +, int +, cont +), (fixed: bin -, int -, cont -)
   (0.0s) no symmetry present (symcode time: 0.00)
presolving (2 rounds: 2 fast, 2 medium, 1 exhaustive):
 0 deleted vars, 910 deleted constraints, 455 added constraints, 0 tightened bounds, 0 added holes, 0 changed sides, 0 changed coefficients
 0 implications, 0 cliques, 0 implied integral variables (0 bin, 0 int, 0 cont)
presolved problem has 105 variables (0 bin, 0 int, 105 cont) and 455 constraints
    455 constraints of type <linear>
Presolving Time: 0.01
transformed 3/3 original solutions to the transformed problem space

 time | node  | left  |LP iter|LP it/n|mem/heur|mdpt |vars |cons |rows |cuts |sepa|confs|strbr|  dualbound   | primalbound  |  gap   | compl. 
* 0.0s|     1 |     0 |    22 |     - |    LP  |   0 | 105 | 455 | 455 |   0 |  0 |   0 |   0 | 3.060000e+02 | 3.060000e+02 |   0.00%| unknown
  0.0s|     1 |     0 |    22 |     - |  3584k |   0 | 105 | 455 | 455 |   0 |  0 |   0 |   0 | 3.060000e+02 | 3.060000e+02 |   0.00%| unknown

SCIP Status        : problem is solved [optimal solution found]
Solving Time (sec) : 0.01
Solving Nodes      : 1
Primal Bound       : +3.06000000000000e+02 (4 solutions)
Dual Bound         : +3.06000000000000e+02
Gap                : 0.00 %
feasible solution found by trivial heuristic after 0.0 seconds, objective value 0.000000e+00
presolving:
   (0.0s) running MILP presolver
   (0.0s) MILP presolver (2 rounds): 0 aggregations, 0 fixings, 0 bound changes
(round 1, medium)     0 del vars, 910 del conss, 455 add conss, 0 chg bounds, 0 chg sides, 0 chg coeffs, 0 upgd conss, 0 impls, 0 clqs, 0 implints
   (0.0s) probing: 51/105 (48.6%) - 0 fixings, 0 aggregations, 0 implications, 0 bound changes
   (0.0s) probing aborted: 50/50 successive totally useless probings
   (0.0s) symmetry computation started: requiring (bin +, int +, cont +), (fixed: bin -, int -, cont -)
   (0.0s) no symmetry present (symcode time: 0.00)
presolving (2 rounds: 2 fast, 2 medium, 1 exhaustive):
 0 deleted vars, 910 deleted constraints, 455 added constraints, 0 tightened bounds, 0 added holes, 0 changed sides, 0 changed coefficients
 0 implications, 0 cliques, 0 implied integral variables (0 bin, 0 int, 0 cont)
presolved problem has 105 variables (105 bin, 0 int, 0 cont) and 455 constraints
    455 constraints of type <linear>
transformed objective value is always integral (scale: 2)
Presolving Time: 0.01
transformed 2/2 original solutions to the transformed problem space

 time | node  | left  |LP iter|LP it/n|mem/heur|mdpt |vars |cons |rows |cuts |sepa|confs|strbr|  dualbound   | primalbound  |  gap   | compl. 
p 0.0s|     1 |     0 |     0 |     - |   locks|   0 | 105 | 455 | 455 |   0 |  0 |   0 |   0 | 3.220000e+02 | 4.400000e+01 | 631.82%| unknown
i 0.0s|     1 |     0 |     0 |     - |  oneopt|   0 | 105 | 455 | 455 |   0 |  0 |   0 |   0 | 3.220000e+02 | 2.880000e+02 |  11.81%| unknown
* 0.0s|     1 |     0 |    19 |     - |    LP  |   0 | 105 | 455 | 455 |   0 |  0 |   0 |   0 | 3.060000e+02 | 3.060000e+02 |   0.00%| unknown
  0.0s|     1 |     0 |    19 |     - |  3670k |   0 | 105 | 455 | 455 |   0 |  0 |   0 |   0 | 3.060000e+02 | 3.060000e+02 |   0.00%| unknown

SCIP Status        : problem is solved [optimal solution found]
Solving Time (sec) : 0.01
Solving Nodes      : 1
Primal Bound       : +3.06000000000000e+02 (5 solutions)
Dual Bound         : +3.06000000000000e+02
Gap                : 0.00 %
feasible solution found by trivial heuristic after 0.1 seconds, objective value -4.000008e+06
presolving:
(round 1, fast)       0 del vars, 0 del conss, 0 add conss, 80 chg bounds, 0 chg sides, 0 chg coeffs, 0 upgd conss, 0 impls, 0 clqs, 0 implints
   (0.3s) running MILP presolver
   (0.4s) MILP presolver (2 rounds): 0 aggregations, 0 fixings, 0 bound changes
(round 2, exhaustive) 0 del vars, 455 del conss, 0 add conss, 80 chg bounds, 0 chg sides, 0 chg coeffs, 0 upgd conss, 0 impls, 0 clqs, 0 implints
   (0.7s) symmetry computation started: requiring (bin +, int +, cont +), (fixed: bin -, int -, cont -)
   (0.8s) no symmetry present (symcode time: 0.01)
presolving (3 rounds: 3 fast, 2 medium, 2 exhaustive):
 0 deleted vars, 455 deleted constraints, 0 added constraints, 80 tightened bounds, 0 added holes, 0 changed sides, 0 changed coefficients
 0 implications, 0 cliques, 0 implied integral variables (0 bin, 0 int, 0 cont)
presolved problem has 145 variables (0 bin, 0 int, 145 cont) and 4655 constraints
   4655 constraints of type <linear>
Presolving Time: 0.72

 time | node  | left  |LP iter|LP it/n|mem/heur|mdpt |vars |cons |rows |cuts |sepa|confs|strbr|  dualbound   | primalbound  |  gap   | compl. 
t 0.8s|     1 |     0 |     0 |     - | trivial|   0 | 145 |4655 |   0 |   0 |  0 |   0 |   0 | 3.220000e+02 |-2.108000e+03 |    Inf | unknown
* 1.0s|     1 |     0 |   518 |     - |    LP  |   0 | 145 |4655 |4655 |   0 |  0 |   0 |   0 |-4.047907e+02 |-4.047907e+02 |   0.00%| unknown
  1.0s|     1 |     0 |   518 |     - |   261M |   0 | 145 |4655 |4655 |   0 |  0 |   0 |   0 |-4.047907e+02 |-4.047907e+02 |   0.00%| unknown

SCIP Status        : problem is solved [optimal solution found]
Solving Time (sec) : 0.95
Solving Nodes      : 1
Primal Bound       : -4.04790725178960e+02 (3 solutions)
Dual Bound         : -4.04790725178960e+02
Gap                : 0.00 %
feasible solution found by trivial heuristic after 0.0 seconds, objective value -4.000008e+06
presolving:
(round 1, fast)       0 del vars, 0 del conss, 0 add conss, 80 chg bounds, 0 chg sides, 0 chg coeffs, 0 upgd conss, 0 impls, 0 clqs, 0 implints
   (0.2s) running MILP presolver
   (0.3s) MILP presolver (2 rounds): 0 aggregations, 0 fixings, 0 bound changes
(round 2, exhaustive) 0 del vars, 455 del conss, 0 add conss, 80 chg bounds, 0 chg sides, 0 chg coeffs, 0 upgd conss, 0 impls, 0 clqs, 0 implints
   (0.7s) probing: 51/105 (48.6%) - 0 fixings, 0 aggregations, 0 implications, 0 bound changes
   (0.7s) probing aborted: 50/50 successive totally useless probings
   (0.7s) symmetry computation started: requiring (bin +, int +, cont +), (fixed: bin -, int -, cont -)
   (0.8s) no symmetry present (symcode time: 0.00)
presolving (3 rounds: 3 fast, 2 medium, 2 exhaustive):
 0 deleted vars, 455 deleted constraints, 0 added constraints, 80 tightened bounds, 0 added holes, 0 changed sides, 0 changed coefficients
 0 implications, 0 cliques, 0 implied integral variables (0 bin, 0 int, 0 cont)
presolved problem has 145 variables (105 bin, 0 int, 40 cont) and 4655 constraints
   4655 constraints of type <linear>
Presolving Time: 0.79

 time | node  | left  |LP iter|LP it/n|mem/heur|mdpt |vars |cons |rows |cuts |sepa|confs|strbr|  dualbound   | primalbound  |  gap   | compl. 
t 0.8s|     1 |     0 |     0 |     - | trivial|   0 | 145 |4655 |   0 |   0 |  0 |   0 |   0 | 3.220000e+02 |-2.108000e+03 |    Inf | unknown
p 1.0s|     1 |     0 |    39 |     - |   locks|   0 | 145 |4655 |4655 |   0 |  0 |   0 |   0 | 3.220000e+02 |-7.091810e+02 |    Inf | unknown
  1.1s|     1 |     0 |   557 |     - |   261M |   0 | 145 |4655 |4655 |   0 |  0 |   0 |   0 |-4.047907e+02 |-7.091810e+02 |  75.20%| unknown
r 1.2s|     1 |     0 |   557 |     - |shifting|   0 | 145 |4655 |4655 |   0 |  0 |   0 |   0 |-4.047907e+02 |-4.378251e+02 |   8.16%| unknown
  1.2s|     1 |     0 |   570 |     - |   272M |   0 | 145 |4655 |4656 |   1 |  1 |   0 |   0 |-4.048044e+02 |-4.378251e+02 |   8.16%| unknown
  1.3s|     1 |     0 |   585 |     - |   273M |   0 | 145 |4655 |4658 |   3 |  2 |   0 |   0 |-4.048233e+02 |-4.378251e+02 |   8.15%| unknown
r 1.3s|     1 |     0 |   585 |     - |shifting|   0 | 145 |4655 |4658 |   3 |  2 |   0 |   0 |-4.048233e+02 |-4.344519e+02 |   7.32%| unknown
  1.4s|     1 |     0 |   598 |     - |   273M |   0 | 145 |4655 |4661 |   6 |  3 |   0 |   0 |-4.048390e+02 |-4.344519e+02 |   7.31%| unknown
  1.4s|     1 |     0 |   610 |     - |   274M |   0 | 145 |4655 |4663 |   8 |  4 |   0 |   0 |-4.048501e+02 |-4.344519e+02 |   7.31%| unknown
  1.5s|     1 |     0 |   624 |     - |   274M |   0 | 145 |4655 |4666 |  11 |  5 |   0 |   0 |-4.048599e+02 |-4.344519e+02 |   7.31%| unknown
  1.6s|     1 |     0 |   643 |     - |   275M |   0 | 145 |4655 |4670 |  15 |  6 |   0 |   0 |-4.048720e+02 |-4.344519e+02 |   7.31%| unknown
  1.7s|     1 |     0 |   648 |     - |   275M |   0 | 145 |4655 |4672 |  17 |  7 |   0 |   0 |-4.048785e+02 |-4.344519e+02 |   7.30%| unknown
  1.8s|     1 |     0 |   660 |     - |   276M |   0 | 145 |4655 |4674 |  19 |  8 |   0 |   0 |-4.048909e+02 |-4.344519e+02 |   7.30%| unknown
  1.8s|     1 |     0 |   682 |     - |   276M |   0 | 145 |4655 |4677 |  22 |  9 |   0 |   0 |-4.049074e+02 |-4.344519e+02 |   7.30%| unknown
  1.9s|     1 |     0 |   687 |     - |   277M |   0 | 145 |4655 |4679 |  24 | 10 |   0 |   0 |-4.049091e+02 |-4.344519e+02 |   7.30%| unknown
 time | node  | left  |LP iter|LP it/n|mem/heur|mdpt |vars |cons |rows |cuts |sepa|confs|strbr|  dualbound   | primalbound  |  gap   | compl. 
  2.0s|     1 |     0 |   691 |     - |   277M |   0 | 145 |4655 |4681 |  26 | 11 |   0 |   0 |-4.049120e+02 |-4.344519e+02 |   7.30%| unknown
r 2.0s|     1 |     0 |   748 |     - |intshift|   0 | 145 |4655 |4681 |  26 | 11 |   0 |   0 |-4.049120e+02 |-4.130095e+02 |   2.00%| unknown
d 2.1s|     1 |     0 |   873 |     - |farkasdi|   0 | 145 |4655 |4681 |   0 | 11 |   0 |   0 |-4.049120e+02 |-4.059238e+02 |   0.25%| unknown
L 2.3s|     1 |     0 |   873 |     - |    rens|   0 | 145 |4655 |4681 |  26 | 11 |   0 |   0 |-4.049120e+02 |-4.057905e+02 |   0.22%| unknown
  2.4s|     1 |     0 |   873 |     - |   277M |   0 | 145 |4655 |4681 |  26 | 11 |   0 |   0 |-4.049120e+02 |-4.057905e+02 |   0.22%| unknown
  2.5s|     1 |     0 |   873 |     - |   278M |   0 | 145 |4655 |4418 |  26 | 11 |   0 |   0 |-4.049120e+02 |-4.057905e+02 |   0.22%| unknown
  2.5s|     1 |     0 |   879 |     - |   278M |   0 | 145 |4655 |4419 |  27 | 12 |   0 |   0 |-4.049130e+02 |-4.057905e+02 |   0.22%| unknown
  2.6s|     1 |     0 |   886 |     - |   278M |   0 | 145 |4656 |4421 |  29 | 13 |   1 |   0 |-4.049171e+02 |-4.057905e+02 |   0.22%| unknown
  2.6s|     1 |     0 |   886 |     - |   279M |   0 | 145 |3946 |4421 |  29 | 13 |   1 |   0 |-4.049171e+02 |-4.057905e+02 |   0.22%| unknown
  2.7s|     1 |     0 |   892 |     - |   279M |   0 | 145 |3946 |4422 |  30 | 14 |   1 |   0 |-4.049180e+02 |-4.057905e+02 |   0.22%| unknown
(run 1, node 1) restarting after 64 global fixings of integer variables

(restart) converted 30 cuts from the global cut pool into linear constraints

presolving:
(round 1, fast)       64 del vars, 0 del conss, 0 add conss, 0 chg bounds, 140 chg sides, 82 chg coeffs, 0 upgd conss, 0 impls, 99 clqs, 0 implints
(round 2, fast)       64 del vars, 0 del conss, 0 add conss, 40 chg bounds, 140 chg sides, 82 chg coeffs, 0 upgd conss, 0 impls, 99 clqs, 0 implints
   (2.8s) running MILP presolver
   (2.9s) MILP presolver (3 rounds): 0 aggregations, 0 fixings, 40 bound changes
(round 3, medium)     64 del vars, 0 del conss, 0 add conss, 80 chg bounds, 140 chg sides, 82 chg coeffs, 0 upgd conss, 0 impls, 99 clqs, 0 implints
(round 4, fast)       64 del vars, 10 del conss, 0 add conss, 80 chg bounds, 202 chg sides, 205 chg coeffs, 0 upgd conss, 0 impls, 99 clqs, 0 implints
(round 5, exhaustive) 64 del vars, 10 del conss, 0 add conss, 80 chg bounds, 202 chg sides, 205 chg coeffs, 99 upgd conss, 0 impls, 99 clqs, 0 implints
presolving (6 rounds: 6 fast, 3 medium, 2 exhaustive):
 64 deleted vars, 10 deleted constraints, 0 added constraints, 80 tightened bounds, 0 added holes, 202 changed sides, 205 changed coefficients
 0 implications, 99 cliques, 0 implied integral variables (0 bin, 0 int, 0 cont)
presolved problem has 81 variables (41 bin, 0 int, 40 cont) and 3966 constraints
     99 constraints of type <setppc>
   3866 constraints of type <linear>
      1 constraints of type <logicor>
Presolving Time: 1.02
transformed 19/22 original solutions to the transformed problem space

 time | node  | left  |LP iter|LP it/n|mem/heur|mdpt |vars |cons |rows |cuts |sepa|confs|strbr|  dualbound   | primalbound  |  gap   | compl. 
  3.2s|     1 |     0 |  1260 |     - |   294M |   0 |  81 |3970 |3965 |   0 |  0 |   4 |   0 |-4.049180e+02 |-4.057905e+02 |   0.22%| unknown
  3.3s|     1 |     0 |  1260 |     - |   294M |   0 |  81 |3970 |3923 |   0 |  0 |   4 |   0 |-4.049180e+02 |-4.057905e+02 |   0.22%| unknown
  3.3s|     1 |     0 |  1272 |     - |   294M |   0 |  81 |3946 |3890 |   1 |  1 |   4 |   0 |-4.049193e+02 |-4.057905e+02 |   0.22%| unknown
  3.4s|     1 |     0 |  1290 |     - |   295M |   0 |  81 |3928 |3891 |   2 |  2 |   4 |   0 |-4.049246e+02 |-4.057905e+02 |   0.21%| unknown
  3.5s|     1 |     0 |  1310 |     - |   295M |   0 |  81 |3928 |3893 |   4 |  3 |   4 |   0 |-4.049323e+02 |-4.057905e+02 |   0.21%| unknown
  3.5s|     1 |     0 |  1310 |     - |   295M |   0 |  81 |3928 |3881 |   4 |  3 |   4 |   0 |-4.049323e+02 |-4.057905e+02 |   0.21%| unknown
  3.5s|     1 |     0 |  1330 |     - |   295M |   0 |  81 |3919 |3883 |   6 |  4 |   4 |   0 |-4.049376e+02 |-4.057905e+02 |   0.21%| unknown
  3.6s|     1 |     0 |  1352 |     - |   296M |   0 |  81 |3919 |3885 |   8 |  5 |   4 |   0 |-4.049432e+02 |-4.057905e+02 |   0.21%| unknown
  3.7s|     1 |     0 |  1362 |     - |   296M |   0 |  81 |3918 |3886 |   9 |  6 |   4 |   0 |-4.049449e+02 |-4.057905e+02 |   0.21%| unknown
  3.8s|     1 |     0 |  1370 |     - |   297M |   0 |  81 |3918 |3887 |  10 |  7 |   4 |   0 |-4.049462e+02 |-4.057905e+02 |   0.21%| unknown
  3.8s|     1 |     0 |  1383 |     - |   297M |   0 |  81 |3918 |3888 |  11 |  8 |   4 |   0 |-4.049484e+02 |-4.057905e+02 |   0.21%| unknown
  3.9s|     1 |     0 |  1394 |     - |   298M |   0 |  81 |3918 |3889 |  12 |  9 |   4 |   0 |-4.049494e+02 |-4.057905e+02 |   0.21%| unknown
  4.0s|     1 |     0 |  1408 |     - |   298M |   0 |  81 |3918 |3885 |  15 | 10 |   4 |   0 |-4.049504e+02 |-4.057905e+02 |   0.21%| unknown
  4.0s|     1 |     0 |  1416 |     - |   298M |   0 |  81 |3918 |3887 |  17 | 11 |   4 |   0 |-4.049509e+02 |-4.057905e+02 |   0.21%| unknown
  4.1s|     1 |     0 |  1416 |     - |   298M |   0 |  81 |3708 |3887 |  17 | 11 |   5 |   0 |-4.049509e+02 |-4.057905e+02 |   0.21%| unknown
 time | node  | left  |LP iter|LP it/n|mem/heur|mdpt |vars |cons |rows |cuts |sepa|confs|strbr|  dualbound   | primalbound  |  gap   | compl. 
  4.1s|     1 |     0 |  1418 |     - |   298M |   0 |  81 |3708 |3888 |  18 | 12 |   5 |   0 |-4.049510e+02 |-4.057905e+02 |   0.21%| unknown
  4.2s|     1 |     0 |  1434 |     - |   298M |   0 |  81 |3708 |3890 |  20 | 13 |   5 |   0 |-4.049524e+02 |-4.057905e+02 |   0.21%| unknown
  4.3s|     1 |     0 |  1450 |     - |   298M |   0 |  81 |3708 |3892 |  22 | 14 |   5 |   0 |-4.049555e+02 |-4.057905e+02 |   0.21%| unknown
  4.3s|     1 |     0 |  1452 |     - |   298M |   0 |  81 |3708 |3893 |  23 | 15 |   5 |   0 |-4.049556e+02 |-4.057905e+02 |   0.21%| unknown
(run 2, node 1) restarting after 13 global fixings of integer variables

(restart) converted 23 cuts from the global cut pool into linear constraints

presolving:
(round 1, fast)       24 del vars, 72 del conss, 0 add conss, 96 chg bounds, 234 chg sides, 442 chg coeffs, 0 upgd conss, 0 impls, 19 clqs, 0 implints
(round 2, fast)       29 del vars, 341 del conss, 0 add conss, 184 chg bounds, 636 chg sides, 1259 chg coeffs, 0 upgd conss, 0 impls, 23 clqs, 0 implints
(round 3, fast)       29 del vars, 453 del conss, 0 add conss, 184 chg bounds, 727 chg sides, 1446 chg coeffs, 0 upgd conss, 0 impls, 23 clqs, 0 implints
(round 4, fast)       29 del vars, 453 del conss, 0 add conss, 224 chg bounds, 727 chg sides, 1446 chg coeffs, 0 upgd conss, 0 impls, 23 clqs, 0 implints
(round 5, fast)       29 del vars, 453 del conss, 0 add conss, 229 chg bounds, 727 chg sides, 1446 chg coeffs, 0 upgd conss, 0 impls, 23 clqs, 0 implints
(round 6, fast)       29 del vars, 459 del conss, 0 add conss, 229 chg bounds, 746 chg sides, 1480 chg coeffs, 0 upgd conss, 0 impls, 23 clqs, 0 implints
   (4.5s) running MILP presolver
   (4.6s) MILP presolver (4 rounds): 0 aggregations, 0 fixings, 37 bound changes
(round 7, medium)     29 del vars, 459 del conss, 0 add conss, 266 chg bounds, 746 chg sides, 1480 chg coeffs, 0 upgd conss, 0 impls, 23 clqs, 0 implints
(round 8, fast)       29 del vars, 477 del conss, 0 add conss, 266 chg bounds, 1239 chg sides, 2483 chg coeffs, 0 upgd conss, 0 impls, 23 clqs, 0 implints
(round 9, exhaustive) 29 del vars, 515 del conss, 0 add conss, 266 chg bounds, 1239 chg sides, 2483 chg coeffs, 0 upgd conss, 0 impls, 23 clqs, 0 implints
(round 10, exhaustive) 29 del vars, 515 del conss, 0 add conss, 266 chg bounds, 1239 chg sides, 2483 chg coeffs, 15 upgd conss, 0 impls, 23 clqs, 0 implints
presolving (11 rounds: 11 fast, 4 medium, 3 exhaustive):
 29 deleted vars, 515 deleted constraints, 0 added constraints, 266 tightened bounds, 0 added holes, 1239 changed sides, 2483 changed coefficients
 0 implications, 23 cliques, 0 implied integral variables (0 bin, 0 int, 0 cont)
presolved problem has 57 variables (17 bin, 0 int, 40 cont) and 3224 constraints
     23 constraints of type <setppc>
   3200 constraints of type <linear>
      1 constraints of type <logicor>
Presolving Time: 1.15
transformed 1/39 original solutions to the transformed problem space

 time | node  | left  |LP iter|LP it/n|mem/heur|mdpt |vars |cons |rows |cuts |sepa|confs|strbr|  dualbound   | primalbound  |  gap   | compl. 
  4.6s|     1 |     0 |  1930 |     - |   305M |   0 |  57 |3224 |3217 |   0 |  0 |  14 |   0 |-4.057905e+02 |-4.057905e+02 |   0.00%| unknown

SCIP Status        : problem is solved [optimal solution found]
Solving Time (sec) : 4.62
Solving Nodes      : 1 (total of 3 nodes in 3 runs)
Primal Bound       : -4.05790476190476e+02 (39 solutions)
Dual Bound         : -4.05790476190476e+02
Gap                : 0.00 %
feasible solution found by trivial heuristic after 0.0 seconds, objective value 0.000000e+00
presolving:
   (0.0s) symmetry computation started: requiring (bin +, int +, cont +), (fixed: bin -, int -, cont -)
   (0.0s) symmetry computation finished: 39 generators found (max: 1500, log10 of symmetry group size: 47.91) (symcode time: 0.00)
dynamic symmetry handling statistics:
   orbitopal reduction:       no components
   orbital reduction:         no components
   lexicographic reduction:   no permutations
handled 1 out of 1 symmetry components
presolving (0 rounds: 0 fast, 0 medium, 0 exhaustive):
 0 deleted vars, 0 deleted constraints, 0 added constraints, 0 tightened bounds, 0 added holes, 0 changed sides, 0 changed coefficients
 0 implications, 0 cliques, 0 implied integral variables (0 bin, 0 int, 0 cont)
presolved problem has 145 variables (105 bin, 0 int, 40 cont) and 949 constraints
    949 constraints of type <linear>
Presolving Time: 0.00
transformed 2/2 original solutions to the transformed problem space

 time | node  | left  |LP iter|LP it/n|mem/heur|mdpt |vars |cons |rows |cuts |sepa|confs|strbr|  dualbound   | primalbound  |  gap   | compl. 
p 0.0s|     1 |     0 |     0 |     - |   locks|   0 | 145 | 910 | 910 |   0 |  0 |   0 |   0 | 3.220000e+02 | 4.000000e+01 | 705.00%| unknown
i 0.0s|     1 |     0 |     0 |     - |  oneopt|   0 | 145 | 910 | 910 |   0 |  0 |   0 |   0 | 3.220000e+02 | 2.500000e+02 |  28.80%| unknown
* 0.0s|     1 |     0 |    19 |     - |    LP  |   0 | 145 | 910 | 910 |   0 |  0 |   0 |   0 | 3.060000e+02 | 3.060000e+02 |   0.00%| unknown
  0.0s|     1 |     0 |    19 |     - |  5813k |   0 | 145 | 910 | 910 |   0 |  0 |   0 |   0 | 3.060000e+02 | 3.060000e+02 |   0.00%| unknown

SCIP Status        : problem is solved [optimal solution found]
Solving Time (sec) : 0.00
Solving Nodes      : 1
Primal Bound       : +3.06000000000000e+02 (6 solutions)
Dual Bound         : +3.06000000000000e+02
Gap                : 0.00 %
  [linear] <c911>: <x106>[C] (+0) +0.623809524<x1>[B] (+0) +0.623809524<x2>[B] (+0) +0.623809524<x3>[B] (+0) +0.623809524<x4>[B] (+0) +0.623809524<x5>[B] (+0) +0.623809524<x6>[B] (+0) +0.623809524<x7>[B] (+0) +0.623809524<x8>[B] (+0) +0.623809524<x9>[B] (+0) +0.623809524<x10>[B] (+0) +0.623809524<x11>[B] (+0) +0.623809524<x12>[B] (+0) +0.623809524<x13>[B] (+0) +0.623809524<x14>[B] (+0) +0.623809524<x15>[B] (+1) +0.623809524<x16>[B] (+0) +0.623809524<x17>[B] (+0) -0.623809524<x18>[B] (+0) -0.623809524<x19>[B] (+1) -0.623809524<x20>[B] (+1) +0.623809524<x21>[B] (+1) -0.623809524<x22>[B] (+0) +0.623809524<x23>[B] (+1) +0.623809524<x24>[B] (+1) -0.623809524<x25>[B] (+0) -0.623809524<x26>[B] (+1) -0.623809524<x27>[B] (+0) +0.623809524<x28>[B] (+0) +0.623809524<x29>[B] (+0) -0.623809524<x30>[B] (+0) -0.623809524<x31>[B] (+1) -0.623809524<x32>[B] (+1) +0.623809524<x33>[B] (+1) -0.623809524<x34>[B] (+0) -0.623809524<x35>[B] (+1) +0.623809524<x36>[B] (+1) -0.623809524<x37>[B] (+0) -0.623809524<x38>[B] (+1) -0.623809524<x39>[B] (+0) -0.623809524<x40>[B] (+1) -0.623809524<x41>[B] (+1) -0.623809524<x42>[B] (+1) -0.623809524<x43>[B] (+1) +0.623809524<x44>[B] (+1) -0.623809524<x45>[B] (+1) -0.623809524<x46>[B] (+1) -0.623809524<x47>[B] (+1) -0.623809524<x48>[B] (+1) -0.623809524<x49>[B] (+1) -0.623809524<x50>[B] (+1) -0.623809524<x51>[B] (+1) -0.623809524<x52>[B] (+1) -0.623809524<x53>[B] (+1) +0.623809524<x54>[B] (+1) -0.623809524<x55>[B] (+1) -0.623809524<x56>[B] (+1) +0.623809524<x57>[B] (+1) -0.623809524<x58>[B] (+1) -0.623809524<x59>[B] (+1) -0.623809524<x60>[B] (+1) +0.623809524<x61>[B] (+1) +0.623809524<x62>[B] (+1) +0.623809524<x63>[B] (+1) +0.623809524<x64>[B] (+0) +0.623809524<x65>[B] (+1) +0.623809524<x66>[B] (+1) +0.623809524<x67>[B] (+0) +0.623809524<x68>[B] (+1) +0.623809524<x69>[B] (+0) -0.623809524<x70>[B] (+1) +0.623809524<x71>[B] (+0) +0.623809524<x72>[B] (+0) +0.623809524<x73>[B] (+0) +0.623809524<x74>[B] (+1) -0.623809524<x75>[B] (+0) +0.623809524<x76>[B] (+0) +0.623809524<x77>[B] (+0) +0.623809524<x78>[B] (+0) +0.623809524<x79>[B] (+0) +0.623809524<x80>[B] (+0) +0.623809524<x81>[B] (+1) -0.623809524<x82>[B] (+0) +0.623809524<x83>[B] (+0) +0.623809524<x84>[B] (+0) -0.623809524<x85>[B] (+0) -0.623809524<x86>[B] (+1) -0.623809524<x87>[B] (+1) -0.623809524<x88>[B] (+0) -0.623809524<x89>[B] (+1) -0.623809524<x90>[B] (+0) +0.623809524<x91>[B] (+1) +0.623809524<x92>[B] (+1) -0.623809524<x93>[B] (+1) -0.623809524<x94>[B] (+1) -0.623809524<x95>[B] (+1) +0.623809524<x96>[B] (+1) -0.623809524<x97>[B] (+0) -0.623809524<x98>[B] (+1) -0.623809524<x99>[B] (+0) -0.623809524<x100>[B] (+0) -0.623809524<x101>[B] (+0) -0.623809524<x102>[B] (+0) +0.623809524<x103>[B] (+1) +0.623809524<x104>[B] (+0) +0.623809524<x105>[B] (+0) >= 13.2571428571429;
;
violation: left hand side is violated by 20.7428571428571
  [linear] <c911>: <x106>[C] (+0) +0.623809524<x1>[B] (+0) +0.623809524<x2>[B] (+0) +0.623809524<x3>[B] (+0) +0.623809524<x4>[B] (+0) +0.623809524<x5>[B] (+0) +0.623809524<x6>[B] (+0) +0.623809524<x7>[B] (+0) +0.623809524<x8>[B] (+0) +0.623809524<x9>[B] (+0) +0.623809524<x10>[B] (+0) +0.623809524<x11>[B] (+0) +0.623809524<x12>[B] (+0) +0.623809524<x13>[B] (+0) +0.623809524<x14>[B] (+0) +0.623809524<x15>[B] (+1) +0.623809524<x16>[B] (+0) +0.623809524<x17>[B] (+1) -0.623809524<x18>[B] (+1) -0.623809524<x19>[B] (+1) -0.623809524<x20>[B] (+1) +0.623809524<x21>[B] (+0) -0.623809524<x22>[B] (+1) +0.623809524<x23>[B] (+1) +0.623809524<x24>[B] (+1) -0.623809524<x25>[B] (+1) -0.623809524<x26>[B] (+1) -0.623809524<x27>[B] (+1) +0.623809524<x28>[B] (+0) +0.623809524<x29>[B] (+0) -0.623809524<x30>[B] (+0) -0.623809524<x31>[B] (+0) -0.623809524<x32>[B] (+1) +0.623809524<x33>[B] (+0) -0.623809524<x34>[B] (+0) -0.623809524<x35>[B] (+0) +0.623809524<x36>[B] (+1) -0.623809524<x37>[B] (+0) -0.623809524<x38>[B] (+0) -0.623809524<x39>[B] (+0) -0.623809524<x40>[B] (+1) -0.623809524<x41>[B] (+1) -0.623809524<x42>[B] (+1) -0.623809524<x43>[B] (+1) +0.623809524<x44>[B] (+0) -0.623809524<x45>[B] (+1) -0.623809524<x46>[B] (+1) -0.623809524<x47>[B] (+1) -0.623809524<x48>[B] (+1) -0.623809524<x49>[B] (+1) -0.623809524<x50>[B] (+1) -0.623809524<x51>[B] (+1) -0.623809524<x52>[B] (+1) -0.623809524<x53>[B] (+1) +0.623809524<x54>[B] (+0) -0.623809524<x55>[B] (+1) -0.623809524<x56>[B] (+1) +0.623809524<x57>[B] (+1) -0.623809524<x58>[B] (+1) -0.623809524<x59>[B] (+1) -0.623809524<x60>[B] (+1) +0.623809524<x61>[B] (+0) +0.623809524<x62>[B] (+1) +0.623809524<x63>[B] (+0) +0.623809524<x64>[B] (+0) +0.623809524<x65>[B] (+0) +0.623809524<x66>[B] (+1) +0.623809524<x67>[B] (+0) +0.623809524<x68>[B] (+1) +0.623809524<x69>[B] (+0) -0.623809524<x70>[B] (+1) +0.623809524<x71>[B] (+0) +0.623809524<x72>[B] (+1) +0.623809524<x73>[B] (+0) +0.623809524<x74>[B] (+1) -0.623809524<x75>[B] (+0) +0.623809524<x76>[B] (+1) +0.623809524<x77>[B] (+1) +0.623809524<x78>[B] (+0) +0.623809524<x79>[B] (+0) +0.623809524<x80>[B] (+0) +0.623809524<x81>[B] (+1) -0.623809524<x82>[B] (+0) +0.623809524<x83>[B] (+0) +0.623809524<x84>[B] (+0) -0.623809524<x85>[B] (+1) -0.623809524<x86>[B] (+1) -0.623809524<x87>[B] (+1) -0.623809524<x88>[B] (+1) -0.623809524<x89>[B] (+1) -0.623809524<x90>[B] (+1) +0.623809524<x91>[B] (+0) +0.623809524<x92>[B] (+1) -0.623809524<x93>[B] (+0) -0.623809524<x94>[B] (+1) -0.623809524<x95>[B] (+1) +0.623809524<x96>[B] (+1) -0.623809524<x97>[B] (+1) -0.623809524<x98>[B] (+1) -0.623809524<x99>[B] (+1) -0.623809524<x100>[B] (+0) -0.623809524<x101>[B] (+0) -0.623809524<x102>[B] (+0) +0.623809524<x103>[B] (+1) +0.623809524<x104>[B] (+1) +0.623809524<x105>[B] (+0) >= 13.2571428571429;
;
violation: left hand side is violated by 25.7333333333333
  [linear] <c911>: <x106>[C] (+0) +0.623809524<x1>[B] (+1) +0.623809524<x2>[B] (+1) +0.623809524<x3>[B] (+0) +0.623809524<x4>[B] (+1) +0.623809524<x5>[B] (+1) +0.623809524<x6>[B] (+1) +0.623809524<x7>[B] (+1) +0.623809524<x8>[B] (+0) +0.623809524<x9>[B] (+1) +0.623809524<x10>[B] (+1) +0.623809524<x11>[B] (+1) +0.623809524<x12>[B] (+1) +0.623809524<x13>[B] (+1) +0.623809524<x14>[B] (+1) +0.623809524<x15>[B] (+1) +0.623809524<x16>[B] (+0) +0.623809524<x17>[B] (+1) -0.623809524<x18>[B] (+1) -0.623809524<x19>[B] (+1) -0.623809524<x20>[B] (+1) +0.623809524<x21>[B] (+0) -0.623809524<x22>[B] (+1) +0.623809524<x23>[B] (+1) +0.623809524<x24>[B] (+1) -0.623809524<x25>[B] (+1) -0.623809524<x26>[B] (+1) -0.623809524<x27>[B] (+1) +0.623809524<x28>[B] (+0) +0.623809524<x29>[B] (+0) -0.623809524<x30>[B] (+1) -0.623809524<x31>[B] (+0) -0.623809524<x32>[B] (+0) +0.623809524<x33>[B] (+0) -0.623809524<x34>[B] (+0) -0.623809524<x35>[B] (+0) +0.623809524<x36>[B] (+1) -0.623809524<x37>[B] (+0) -0.623809524<x38>[B] (+0) -0.623809524<x39>[B] (+0) -0.623809524<x40>[B] (+1) -0.623809524<x41>[B] (+1) -0.623809524<x42>[B] (+1) -0.623809524<x43>[B] (+1) +0.623809524<x44>[B] (+1) -0.623809524<x45>[B] (+1) -0.623809524<x46>[B] (+1) -0.623809524<x47>[B] (+1) -0.623809524<x48>[B] (+1) -0.623809524<x49>[B] (+1) -0.623809524<x50>[B] (+1) -0.623809524<x51>[B] (+1) -0.623809524<x52>[B] (+1) -0.623809524<x53>[B] (+1) +0.623809524<x54>[B] (+0) -0.623809524<x55>[B] (+1) -0.623809524<x56>[B] (+0) +0.623809524<x57>[B] (+1) -0.623809524<x58>[B] (+0) -0.623809524<x59>[B] (+1) -0.623809524<x60>[B] (+1) +0.623809524<x61>[B] (+0) +0.623809524<x62>[B] (+0) +0.623809524<x63>[B] (+0) +0.623809524<x64>[B] (+0) +0.623809524<x65>[B] (+0) +0.623809524<x66>[B] (+0) +0.623809524<x67>[B] (+0) +0.623809524<x68>[B] (+0) +0.623809524<x69>[B] (+0) -0.623809524<x70>[B] (+1) +0.623809524<x71>[B] (+0) +0.623809524<x72>[B] (+1) +0.623809524<x73>[B] (+0) +0.623809524<x74>[B] (+1) -0.623809524<x75>[B] (+0) +0.623809524<x76>[B] (+1) +0.623809524<x77>[B] (+1) +0.623809524<x78>[B] (+0) +0.623809524<x79>[B] (+1) +0.623809524<x80>[B] (+0) +0.623809524<x81>[B] (+1) -0.623809524<x82>[B] (+0) +0.623809524<x83>[B] (+1) +0.623809524<x84>[B] (+1) -0.623809524<x85>[B] (+1) -0.623809524<x86>[B] (+1) -0.623809524<x87>[B] (+1) -0.623809524<x88>[B] (+1) -0.623809524<x89>[B] (+1) -0.623809524<x90>[B] (+1) +0.623809524<x91>[B] (+0) +0.623809524<x92>[B] (+1) -0.623809524<x93>[B] (+0) -0.623809524<x94>[B] (+1) -0.623809524<x95>[B] (+1) +0.623809524<x96>[B] (+1) -0.623809524<x97>[B] (+1) -0.623809524<x98>[B] (+1) -0.623809524<x99>[B] (+1) -0.623809524<x100>[B] (+0) -0.623809524<x101>[B] (+0) -0.623809524<x102>[B] (+0) +0.623809524<x103>[B] (+1) +0.623809524<x104>[B] (+1) +0.623809524<x105>[B] (+1) >= 13.2571428571429;
;
violation: left hand side is violated by 15.752380952381
  [linear] <c911>: <x106>[C] (+0) +0.623809524<x1>[B] (+0) +0.623809524<x2>[B] (+0) +0.623809524<x3>[B] (+0) +0.623809524<x4>[B] (+0) +0.623809524<x5>[B] (+0) +0.623809524<x6>[B] (+0) +0.623809524<x7>[B] (+0) +0.623809524<x8>[B] (+0) +0.623809524<x9>[B] (+0) +0.623809524<x10>[B] (+0) +0.623809524<x11>[B] (+0) +0.623809524<x12>[B] (+0) +0.623809524<x13>[B] (+0) +0.623809524<x14>[B] (+0) +0.623809524<x15>[B] (+0) +0.623809524<x16>[B] (+0) +0.623809524<x17>[B] (+0) -0.623809524<x18>[B] (+0) -0.623809524<x19>[B] (+0) -0.623809524<x20>[B] (+0) +0.623809524<x21>[B] (+0) -0.623809524<x22>[B] (+0) +0.623809524<x23>[B] (+0) +0.623809524<x24>[B] (+0) -0.623809524<x25>[B] (+0) -0.623809524<x26>[B] (+0) -0.623809524<x27>[B] (+0) +0.623809524<x28>[B] (+0) +0.623809524<x29>[B] (+0) -0.623809524<x30>[B] (+0) -0.623809524<x31>[B] (+0) -0.623809524<x32>[B] (+0) +0.623809524<x33>[B] (+0) -0.623809524<x34>[B] (+0) -0.623809524<x35>[B] (+0) +0.623809524<x36>[B] (+0) -0.623809524<x37>[B] (+0) -0.623809524<x38>[B] (+0) -0.623809524<x39>[B] (+0) -0.623809524<x40>[B] (+0) -0.623809524<x41>[B] (+0) -0.623809524<x42>[B] (+0) -0.623809524<x43>[B] (+0) +0.623809524<x44>[B] (+0) -0.623809524<x45>[B] (+0) -0.623809524<x46>[B] (+0) -0.623809524<x47>[B] (+0) -0.623809524<x48>[B] (+0) -0.623809524<x49>[B] (+0) -0.623809524<x50>[B] (+0) -0.623809524<x51>[B] (+0) -0.623809524<x52>[B] (+0) -0.623809524<x53>[B] (+0) +0.623809524<x54>[B] (+0) -0.623809524<x55>[B] (+0) -0.623809524<x56>[B] (+0) +0.623809524<x57>[B] (+0) -0.623809524<x58>[B] (+0) -0.623809524<x59>[B] (+0) -0.623809524<x60>[B] (+0) +0.623809524<x61>[B] (+0) +0.623809524<x62>[B] (+0) +0.623809524<x63>[B] (+0) +0.623809524<x64>[B] (+0) +0.623809524<x65>[B] (+0) +0.623809524<x66>[B] (+0) +0.623809524<x67>[B] (+0) +0.623809524<x68>[B] (+0) +0.623809524<x69>[B] (+0) -0.623809524<x70>[B] (+0) +0.623809524<x71>[B] (+0) +0.623809524<x72>[B] (+0) +0.623809524<x73>[B] (+0) +0.623809524<x74>[B] (+0) -0.623809524<x75>[B] (+0) +0.623809524<x76>[B] (+0) +0.623809524<x77>[B] (+0) +0.623809524<x78>[B] (+0) +0.623809524<x79>[B] (+0) +0.623809524<x80>[B] (+0) +0.623809524<x81>[B] (+0) -0.623809524<x82>[B] (+0) +0.623809524<x83>[B] (+0) +0.623809524<x84>[B] (+0) -0.623809524<x85>[B] (+0) -0.623809524<x86>[B] (+0) -0.623809524<x87>[B] (+0) -0.623809524<x88>[B] (+0) -0.623809524<x89>[B] (+0) -0.623809524<x90>[B] (+0) +0.623809524<x91>[B] (+0) +0.623809524<x92>[B] (+0) -0.623809524<x93>[B] (+0) -0.623809524<x94>[B] (+0) -0.623809524<x95>[B] (+0) +0.623809524<x96>[B] (+0) -0.623809524<x97>[B] (+0) -0.623809524<x98>[B] (+0) -0.623809524<x99>[B] (+0) -0.623809524<x100>[B] (+0) -0.623809524<x101>[B] (+0) -0.623809524<x102>[B] (+0) +0.623809524<x103>[B] (+0) +0.623809524<x104>[B] (+0) +0.623809524<x105>[B] (+0) >= 13.2571428571429;
;
violation: left hand side is violated by 13.2571428571429
  [linear] <c911>: <x106>[C] (+0) +0.623809524<x1>[B] (+1) +0.623809524<x2>[B] (+1) +0.623809524<x3>[B] (+1) +0.623809524<x4>[B] (+1) +0.623809524<x5>[B] (+1) +0.623809524<x6>[B] (+1) +0.623809524<x7>[B] (+1) +0.623809524<x8>[B] (+1) +0.623809524<x9>[B] (+1) +0.623809524<x10>[B] (+1) +0.623809524<x11>[B] (+1) +0.623809524<x12>[B] (+1) +0.623809524<x13>[B] (+1) +0.623809524<x14>[B] (+1) +0.623809524<x15>[B] (+1) +0.623809524<x16>[B] (+1) +0.623809524<x17>[B] (+1) -0.623809524<x18>[B] (+1) -0.623809524<x19>[B] (+1) -0.623809524<x20>[B] (+1) +0.623809524<x21>[B] (+1) -0.623809524<x22>[B] (+1) +0.623809524<x23>[B] (+1) +0.623809524<x24>[B] (+1) -0.623809524<x25>[B] (+1) -0.623809524<x26>[B] (+1) -0.623809524<x27>[B] (+1) +0.623809524<x28>[B] (+1) +0.623809524<x29>[B] (+1) -0.623809524<x30>[B] (+1) -0.623809524<x31>[B] (+1) -0.623809524<x32>[B] (+1) +0.623809524<x33>[B] (+1) -0.623809524<x34>[B] (+1) -0.623809524<x35>[B] (+1) +0.623809524<x36>[B] (+1) -0.623809524<x37>[B] (+1) -0.623809524<x38>[B] (+1) -0.623809524<x39>[B] (+1) -0.623809524<x40>[B] (+1) -0.623809524<x41>[B] (+1) -0.623809524<x42>[B] (+1) -0.623809524<x43>[B] (+1) +0.623809524<x44>[B] (+1) -0.623809524<x45>[B] (+1) -0.623809524<x46>[B] (+1) -0.623809524<x47>[B] (+1) -0.623809524<x48>[B] (+1) -0.623809524<x49>[B] (+1) -0.623809524<x50>[B] (+1) -0.623809524<x51>[B] (+1) -0.623809524<x52>[B] (+1) -0.623809524<x53>[B] (+1) +0.623809524<x54>[B] (+1) -0.623809524<x55>[B] (+1) -0.623809524<x56>[B] (+1) +0.623809524<x57>[B] (+1) -0.623809524<x58>[B] (+1) -0.623809524<x59>[B] (+1) -0.623809524<x60>[B] (+1) +0.623809524<x61>[B] (+1) +0.623809524<x62>[B] (+1) +0.623809524<x63>[B] (+1) +0.623809524<x64>[B] (+1) +0.623809524<x65>[B] (+1) +0.623809524<x66>[B] (+1) +0.623809524<x67>[B] (+1) +0.623809524<x68>[B] (+1) +0.623809524<x69>[B] (+1) -0.623809524<x70>[B] (+1) +0.623809524<x71>[B] (+1) +0.623809524<x72>[B] (+1) +0.623809524<x73>[B] (+1) +0.623809524<x74>[B] (+1) -0.623809524<x75>[B] (+1) +0.623809524<x76>[B] (+1) +0.623809524<x77>[B] (+1) +0.623809524<x78>[B] (+1) +0.623809524<x79>[B] (+1) +0.623809524<x80>[B] (+1) +0.623809524<x81>[B] (+1) -0.623809524<x82>[B] (+1) +0.623809524<x83>[B] (+1) +0.623809524<x84>[B] (+1) -0.623809524<x85>[B] (+1) -0.623809524<x86>[B] (+1) -0.623809524<x87>[B] (+1) -0.623809524<x88>[B] (+1) -0.623809524<x89>[B] (+1) -0.623809524<x90>[B] (+1) +0.623809524<x91>[B] (+1) +0.623809524<x92>[B] (+1) -0.623809524<x93>[B] (+1) -0.623809524<x94>[B] (+1) -0.623809524<x95>[B] (+1) +0.623809524<x96>[B] (+1) -0.623809524<x97>[B] (+1) -0.623809524<x98>[B] (+1) -0.623809524<x99>[B] (+1) -0.623809524<x100>[B] (+1) -0.623809524<x101>[B] (+1) -0.623809524<x102>[B] (+1) +0.623809524<x103>[B] (+1) +0.623809524<x104>[B] (+1) +0.623809524<x105>[B] (+1) >= 13.2571428571429;
;
violation: left hand side is violated by 11.3857142857143
1/6 feasible solution given by solution candidate storage, new primal bound -4.000008e+06

presolving:
   (0.0s) symmetry computation started: requiring (bin +, int +, cont +), (fixed: bin -, int -, cont -)
   (0.0s) no symmetry present (symcode time: 0.00)
presolving (0 rounds: 0 fast, 0 medium, 0 exhaustive):
 0 deleted vars, 0 deleted constraints, 0 added constraints, 0 tightened bounds, 0 added holes, 0 changed sides, 0 changed coefficients
 0 implications, 0 cliques, 0 implied integral variables (0 bin, 0 int, 0 cont)
presolved problem has 145 variables (105 bin, 0 int, 40 cont) and 950 constraints
    950 constraints of type <linear>
Presolving Time: 0.00
transformed 1/1 original solutions to the transformed problem space

 time | node  | left  |LP iter|LP it/n|mem/heur|mdpt |vars |cons |rows |cuts |sepa|confs|strbr|  dualbound   | primalbound  |  gap   | compl. 
p 0.0s|     1 |     0 |     8 |     - |   locks|   0 | 145 | 950 | 950 |   0 |  0 |   0 |   0 | 3.220000e+02 |-6.188857e+02 |    Inf | unknown
* 0.0s|     1 |     0 |   185 |     - |    LP  |   0 | 145 | 950 | 950 |   0 |  0 |   0 |   0 |-4.001238e+02 |-4.001238e+02 |   0.00%| unknown
  0.0s|     1 |     0 |   185 |     - |  7912k |   0 | 145 | 950 | 950 |   0 |  0 |   0 |   0 |-4.001238e+02 |-4.001238e+02 |   0.00%| unknown

SCIP Status        : problem is solved [optimal solution found]
Solving Time (sec) : 0.01
Solving Nodes      : 1
Primal Bound       : -4.00123809523809e+02 (4 solutions)
Dual Bound         : -4.00123809523809e+02
Gap                : 0.00 %
  [linear] <c951>: <x106>[C] (+18.247619) +0.585714286<x1>[B] (+0) +0.585714286<x2>[B] (+0) +0.585714286<x3>[B] (+0) +0.585714286<x4>[B] (+0) +0.585714286<x5>[B] (+0) +0.585714286<x6>[B] (+0) +0.585714286<x7>[B] (+0) +0.585714286<x8>[B] (+0) +0.585714286<x9>[B] (+0) +0.585714286<x10>[B] (+0) +0.585714286<x11>[B] (+0) +0.585714286<x12>[B] (+0) +0.585714286<x13>[B] (+0) +0.585714286<x14>[B] (+0) +0.585714286<x15>[B] (+1) +0.585714286<x16>[B] (+0) +0.585714286<x17>[B] (+0) -0.585714286<x18>[B] (+0) -0.585714286<x19>[B] (+0) -0.585714286<x20>[B] (+1) +0.585714286<x21>[B] (+0) -0.585714286<x22>[B] (+1) +0.585714286<x23>[B] (+1) +0.585714286<x24>[B] (+1) -0.585714286<x25>[B] (+0) -0.585714286<x26>[B] (+1) -0.585714286<x27>[B] (+0) +0.585714286<x28>[B] (+0) +0.585714286<x29>[B] (+0) -0.585714286<x30>[B] (+0) -0.585714286<x31>[B] (+0) -0.585714286<x32>[B] (+1) +0.585714286<x33>[B] (+0) -0.585714286<x34>[B] (+0) -0.585714286<x35>[B] (+1) +0.585714286<x36>[B] (+1) -0.585714286<x37>[B] (+0) -0.585714286<x38>[B] (+1) -0.585714286<x39>[B] (+0) -0.585714286<x40>[B] (+0) -0.585714286<x41>[B] (+1) -0.585714286<x42>[B] (+1) -0.585714286<x43>[B] (+1) +0.585714286<x44>[B] (+0) -0.585714286<x45>[B] (+1) -0.585714286<x46>[B] (+1) -0.585714286<x47>[B] (+1) -0.585714286<x48>[B] (+0) -0.585714286<x49>[B] (+1) -0.585714286<x50>[B] (+1) -0.585714286<x51>[B] (+1) -0.585714286<x52>[B] (+1) -0.585714286<x53>[B] (+1) +0.585714286<x54>[B] (+1) -0.585714286<x55>[B] (+1) -0.585714286<x56>[B] (+1) +0.585714286<x57>[B] (+1) -0.585714286<x58>[B] (+1) -0.585714286<x59>[B] (+1) -0.585714286<x60>[B] (+1) +0.585714286<x61>[B] (+1) +0.585714286<x62>[B] (+1) +0.585714286<x63>[B] (+0) +0.585714286<x64>[B] (+1) +0.585714286<x65>[B] (+1) +0.585714286<x66>[B] (+1) +0.585714286<x67>[B] (+0) +0.585714286<x68>[B] (+1) +0.585714286<x69>[B] (+0) -0.585714286<x70>[B] (+1) +0.585714286<x71>[B] (+0) +0.585714286<x72>[B] (+1) +0.585714286<x73>[B] (+1) +0.585714286<x74>[B] (+1) -0.585714286<x75>[B] (+0) +0.585714286<x76>[B] (+1) +0.585714286<x77>[B] (+0) +0.585714286<x78>[B] (+0) +0.585714286<x79>[B] (+0) +0.585714286<x80>[B] (+0) +0.585714286<x81>[B] (+1) -0.585714286<x82>[B] (+0) +0.585714286<x83>[B] (+0) +0.585714286<x84>[B] (+0) -0.585714286<x85>[B] (+1) -0.585714286<x86>[B] (+1) -0.585714286<x87>[B] (+1) -0.585714286<x88>[B] (+0) -0.585714286<x89>[B] (+1) -0.585714286<x90>[B] (+1) +0.585714286<x91>[B] (+1) +0.585714286<x92>[B] (+1) -0.585714286<x93>[B] (+0) -0.585714286<x94>[B] (+1) -0.585714286<x95>[B] (+0) +0.585714286<x96>[B] (+1) -0.585714286<x97>[B] (+0) -0.585714286<x98>[B] (+1) -0.585714286<x99>[B] (+0) -0.585714286<x100>[B] (+0) -0.585714286<x101>[B] (+0) -0.585714286<x102>[B] (+0) +0.585714286<x103>[B] (+1) +0.585714286<x104>[B] (+1) +0.585714286<x105>[B] (+0) >= 13.6190476190476;
;
violation: left hand side is violated by 0.0571428571428605
  [linear] <c951>: <x106>[C] (+3.27619048) +0.585714286<x1>[B] (+1) +0.585714286<x2>[B] (+1) +0.585714286<x3>[B] (+1) +0.585714286<x4>[B] (+1) +0.585714286<x5>[B] (+1) +0.585714286<x6>[B] (+1) +0.585714286<x7>[B] (+1) +0.585714286<x8>[B] (+1) +0.585714286<x9>[B] (+1) +0.585714286<x10>[B] (+1) +0.585714286<x11>[B] (+1) +0.585714286<x12>[B] (+1) +0.585714286<x13>[B] (+1) +0.585714286<x14>[B] (+1) +0.585714286<x15>[B] (+0) +0.585714286<x16>[B] (+1) +0.585714286<x17>[B] (+1) -0.585714286<x18>[B] (+1) -0.585714286<x19>[B] (+1) -0.585714286<x20>[B] (+0) +0.585714286<x21>[B] (+1) -0.585714286<x22>[B] (+1) +0.585714286<x23>[B] (+0) +0.585714286<x24>[B] (+0) -0.585714286<x25>[B] (+1) -0.585714286<x26>[B] (+0) -0.585714286<x27>[B] (+1) +0.585714286<x28>[B] (+1) +0.585714286<x29>[B] (+1) -0.585714286<x30>[B] (+1) -0.585714286<x31>[B] (+1) -0.585714286<x32>[B] (+0) +0.585714286<x33>[B] (+1) -0.585714286<x34>[B] (+1) -0.585714286<x35>[B] (+0) +0.585714286<x36>[B] (+0) -0.585714286<x37>[B] (+1) -0.585714286<x38>[B] (+0) -0.585714286<x39>[B] (+1) -0.585714286<x40>[B] (+0) -0.585714286<x41>[B] (+0) -0.585714286<x42>[B] (+0) -0.585714286<x43>[B] (+0) +0.585714286<x44>[B] (+1) -0.585714286<x45>[B] (+1) -0.585714286<x46>[B] (+0) -0.585714286<x47>[B] (+0) -0.585714286<x48>[B] (+0) -0.585714286<x49>[B] (+0) -0.585714286<x50>[B] (+0) -0.585714286<x51>[B] (+0) -0.585714286<x52>[B] (+0) -0.585714286<x53>[B] (+0) +0.585714286<x54>[B] (+1) -0.585714286<x55>[B] (+1) -0.585714286<x56>[B] (+0) +0.585714286<x57>[B] (+0) -0.585714286<x58>[B] (+0) -0.585714286<x59>[B] (+0) -0.585714286<x60>[B] (+0) +0.585714286<x61>[B] (+0) +0.585714286<x62>[B] (+0) +0.585714286<x63>[B] (+1) +0.585714286<x64>[B] (+1) +0.585714286<x65>[B] (+0) +0.585714286<x66>[B] (+0) +0.585714286<x67>[B] (+1) +0.585714286<x68>[B] (+0) +0.585714286<x69>[B] (+1) -0.585714286<x70>[B] (+0) +0.585714286<x71>[B] (+1) +0.585714286<x72>[B] (+1) +0.585714286<x73>[B] (+0) +0.585714286<x74>[B] (+0) -0.585714286<x75>[B] (+1) +0.585714286<x76>[B] (+0) +0.585714286<x77>[B] (+1) +0.585714286<x78>[B] (+1) +0.585714286<x79>[B] (+1) +0.585714286<x80>[B] (+1) +0.585714286<x81>[B] (+0) -0.585714286<x82>[B] (+1) +0.585714286<x83>[B] (+1) +0.585714286<x84>[B] (+1) -0.585714286<x85>[B] (+1) -0.585714286<x86>[B] (+0) -0.585714286<x87>[B] (+0) -0.585714286<x88>[B] (+0) -0.585714286<x89>[B] (+0) -0.585714286<x90>[B] (+0) +0.585714286<x91>[B] (+0) +0.585714286<x92>[B] (+0) -0.585714286<x93>[B] (+0) -0.585714286<x94>[B] (+0) -0.585714286<x95>[B] (+0) +0.585714286<x96>[B] (+0) -0.585714286<x97>[B] (+1) -0.585714286<x98>[B] (+0) -0.585714286<x99>[B] (+1) -0.585714286<x100>[B] (+1) -0.585714286<x101>[B] (+1) -0.585714286<x102>[B] (+1) +0.585714286<x103>[B] (+0) +0.585714286<x104>[B] (+1) +0.585714286<x105>[B] (+1) >= 13.6190476190476;
;
violation: left hand side is violated by 0.971428571428577
2/4 feasible solutions given by solution candidate storage, new primal bound -4.000008e+06

presolving:
   (0.0s) symmetry computation started: requiring (bin +, int +, cont +), (fixed: bin -, int -, cont -)
   (0.0s) no symmetry present (symcode time: 0.00)
presolving (0 rounds: 0 fast, 0 medium, 0 exhaustive):
 0 deleted vars, 0 deleted constraints, 0 added constraints, 0 tightened bounds, 0 added holes, 0 changed sides, 0 changed coefficients
 0 implications, 0 cliques, 0 implied integral variables (0 bin, 0 int, 0 cont)
presolved problem has 145 variables (105 bin, 0 int, 40 cont) and 985 constraints
    985 constraints of type <linear>
Presolving Time: 0.00
transformed 2/2 original solutions to the transformed problem space

 time | node  | left  |LP iter|LP it/n|mem/heur|mdpt |vars |cons |rows |cuts |sepa|confs|strbr|  dualbound   | primalbound  |  gap   | compl. 
p 0.0s|     1 |     0 |     6 |     - |   locks|   0 | 145 | 985 | 985 |   0 |  0 |   0 |   0 | 3.220000e+02 |-6.241190e+02 |    Inf | unknown
  0.0s|     1 |     0 |   255 |     - |  9797k |   0 | 145 | 985 | 985 |   0 |  0 |   0 |   0 |-4.029810e+02 |-6.241190e+02 |  54.88%| unknown
r 0.0s|     1 |     0 |   255 |     - |shifting|   0 | 145 | 985 | 985 |   0 |  0 |   0 |   0 |-4.029810e+02 |-4.260071e+02 |   5.71%| unknown
  0.0s|     1 |     0 |   284 |     - |    10M |   0 | 145 | 985 | 987 |   2 |  1 |   0 |   0 |-4.031869e+02 |-4.260071e+02 |   5.66%| unknown
  0.0s|     1 |     0 |   284 |     - |    10M |   0 | 145 | 985 | 987 |   2 |  1 |   0 |   0 |-4.031869e+02 |-4.260071e+02 |   5.66%| unknown
  0.1s|     1 |     0 |   296 |     - |    10M |   0 | 145 | 985 | 989 |   4 |  2 |   0 |   0 |-4.032656e+02 |-4.260071e+02 |   5.64%| unknown
  0.1s|     1 |     0 |   305 |     - |    10M |   0 | 145 | 985 | 990 |   5 |  3 |   0 |   0 |-4.033414e+02 |-4.260071e+02 |   5.62%| unknown
  0.1s|     1 |     0 |   320 |     - |    10M |   0 | 145 | 985 | 992 |   7 |  4 |   0 |   0 |-4.033916e+02 |-4.260071e+02 |   5.61%| unknown
  0.1s|     1 |     0 |   327 |     - |    11M |   0 | 145 | 985 | 995 |  10 |  5 |   0 |   0 |-4.034068e+02 |-4.260071e+02 |   5.60%| unknown
  0.1s|     1 |     0 |   337 |     - |    11M |   0 | 145 | 985 | 997 |  12 |  6 |   0 |   0 |-4.034307e+02 |-4.260071e+02 |   5.60%| unknown
  0.2s|     1 |     0 |   346 |     - |    11M |   0 | 145 | 985 | 998 |  13 |  7 |   0 |   0 |-4.034512e+02 |-4.260071e+02 |   5.59%| unknown
  0.2s|     1 |     0 |   351 |     - |    11M |   0 | 145 | 985 | 999 |  14 |  8 |   0 |   0 |-4.034598e+02 |-4.260071e+02 |   5.59%| unknown
  0.2s|     1 |     0 |   355 |     - |    11M |   0 | 145 | 985 |1001 |  16 |  9 |   0 |   0 |-4.034668e+02 |-4.260071e+02 |   5.59%| unknown
  0.2s|     1 |     0 |   364 |     - |    12M |   0 | 145 | 985 |1002 |  17 | 10 |   0 |   0 |-4.034736e+02 |-4.260071e+02 |   5.58%| unknown
  0.2s|     1 |     0 |   379 |     - |    12M |   0 | 145 | 985 |1003 |  18 | 11 |   0 |   0 |-4.034929e+02 |-4.260071e+02 |   5.58%| unknown
 time | node  | left  |LP iter|LP it/n|mem/heur|mdpt |vars |cons |rows |cuts |sepa|confs|strbr|  dualbound   | primalbound  |  gap   | compl. 
  0.3s|     1 |     0 |   383 |     - |    12M |   0 | 145 | 985 |1006 |  21 | 12 |   0 |   0 |-4.034952e+02 |-4.260071e+02 |   5.58%| unknown
  0.3s|     1 |     0 |   385 |     - |    12M |   0 | 145 | 986 |1008 |  23 | 13 |   1 |   0 |-4.035016e+02 |-4.260071e+02 |   5.58%| unknown
  0.3s|     1 |     0 |   386 |     - |    12M |   0 | 145 | 986 |1009 |  24 | 14 |   1 |   0 |-4.035016e+02 |-4.260071e+02 |   5.58%| unknown
r 0.3s|     1 |     0 |   420 |     - |intshift|   0 | 145 | 986 |1009 |  24 | 14 |   1 |   0 |-4.035016e+02 |-4.117714e+02 |   2.05%| unknown
d 0.3s|     1 |     0 |   512 |     - |farkasdi|   0 | 145 | 986 |1009 |   0 | 14 |   1 |   0 |-4.035016e+02 |-4.042190e+02 |   0.18%| unknown
L 0.3s|     1 |     0 |   512 |     - |    rens|   0 | 145 | 986 |1009 |  24 | 14 |  59 |   0 |-4.035016e+02 |-4.041905e+02 |   0.17%| unknown
(run 1, node 1) restarting after 58 global fixings of integer variables

(restart) converted 24 cuts from the global cut pool into linear constraints

presolving:
presolving (0 rounds: 0 fast, 0 medium, 0 exhaustive):
 0 deleted vars, 0 deleted constraints, 0 added constraints, 0 tightened bounds, 0 added holes, 0 changed sides, 0 changed coefficients
 0 implications, 0 cliques, 0 implied integral variables (0 bin, 0 int, 0 cont)
presolved problem has 145 variables (105 bin, 0 int, 40 cont) and 1010 constraints
   1009 constraints of type <linear>
      1 constraints of type <logicor>
Presolving Time: 0.00
transformed 18/21 original solutions to the transformed problem space

 time | node  | left  |LP iter|LP it/n|mem/heur|mdpt |vars |cons |rows |cuts |sepa|confs|strbr|  dualbound   | primalbound  |  gap   | compl. 
  0.3s|     1 |     0 |   736 |     - |    13M |   0 | 145 | 353 | 264 |   0 |  0 |  59 |   0 |-4.035016e+02 |-4.041905e+02 |   0.17%| unknown
  0.3s|     1 |     0 |   736 |     - |    13M |   0 | 145 | 353 | 238 |   0 |  0 |  59 |   0 |-4.035016e+02 |-4.041905e+02 |   0.17%| unknown
  0.3s|     1 |     0 |   739 |     - |    13M |   0 | 145 | 353 | 239 |   1 |  1 |  59 |   0 |-4.035023e+02 |-4.041905e+02 |   0.17%| unknown
  0.3s|     1 |     0 |   745 |     - |    13M |   0 | 145 | 353 | 240 |   2 |  2 |  59 |   0 |-4.035106e+02 |-4.041905e+02 |   0.17%| unknown
  0.4s|     1 |     0 |   758 |     - |    13M |   0 | 145 | 353 | 241 |   3 |  3 |  59 |   0 |-4.035250e+02 |-4.041905e+02 |   0.16%| unknown
  0.4s|     1 |     0 |   770 |     - |    13M |   0 | 145 | 353 | 244 |   6 |  4 |  59 |   0 |-4.035374e+02 |-4.041905e+02 |   0.16%| unknown
  0.4s|     1 |     0 |   782 |     - |    13M |   0 | 145 | 353 | 245 |   7 |  5 |  59 |   0 |-4.035542e+02 |-4.041905e+02 |   0.16%| unknown
  0.4s|     1 |     0 |   793 |     - |    13M |   0 | 145 | 353 | 247 |   9 |  6 |  59 |   0 |-4.035673e+02 |-4.041905e+02 |   0.15%| unknown
  0.5s|     1 |     0 |   815 |     - |    13M |   0 | 145 | 353 | 250 |  12 |  7 |  59 |   0 |-4.035877e+02 |-4.041905e+02 |   0.15%| unknown
  0.5s|     1 |     0 |   817 |     - |    13M |   0 | 145 | 353 | 251 |  13 |  8 |  59 |   0 |-4.035879e+02 |-4.041905e+02 |   0.15%| unknown
  0.5s|     1 |     0 |   828 |     - |    13M |   0 | 145 | 353 | 252 |  14 |  9 |  59 |   0 |-4.035954e+02 |-4.041905e+02 |   0.15%| unknown
  0.5s|     1 |     0 |   839 |     - |    13M |   0 | 145 | 353 | 254 |  16 | 10 |  59 |   0 |-4.035997e+02 |-4.041905e+02 |   0.15%| unknown
  0.6s|     1 |     0 |   845 |     - |    13M |   0 | 145 | 353 | 256 |  18 | 11 |  59 |   0 |-4.036010e+02 |-4.041905e+02 |   0.15%| unknown
  0.6s|     1 |     0 |   845 |     - |    14M |   0 | 145 | 298 | 256 |  18 | 11 |  59 |   0 |-4.036010e+02 |-4.041905e+02 |   0.15%| unknown
  0.6s|     1 |     0 |   847 |     - |    14M |   0 | 145 | 298 | 257 |  19 | 12 |  59 |   0 |-4.036011e+02 |-4.041905e+02 |   0.15%| unknown
 time | node  | left  |LP iter|LP it/n|mem/heur|mdpt |vars |cons |rows |cuts |sepa|confs|strbr|  dualbound   | primalbound  |  gap   | compl. 
  0.6s|     1 |     0 |   853 |     - |    14M |   0 | 145 | 298 | 258 |  20 | 13 |  59 |   0 |-4.036041e+02 |-4.041905e+02 |   0.15%| unknown
  0.6s|     1 |     0 |   863 |     - |    14M |   0 | 145 | 298 | 245 |  22 | 14 |  59 |   0 |-4.036057e+02 |-4.041905e+02 |   0.14%| unknown
  0.7s|     1 |     0 |   867 |     - |    14M |   0 | 145 | 298 | 246 |  23 | 15 |  59 |   0 |-4.036058e+02 |-4.041905e+02 |   0.14%| unknown
  0.7s|     1 |     0 |   984 |     - |    14M |   0 | 145 | 299 | 246 |  23 | 16 |  69 |   1 |-4.036181e+02 |-4.041905e+02 |   0.14%| unknown
  0.7s|     1 |     0 |   984 |     - |    14M |   0 | 145 | 299 | 246 |  23 | 17 |  69 |   2 |-4.036181e+02 |-4.041905e+02 |   0.14%| unknown
  0.8s|     1 |     0 |   984 |     - |    14M |   0 | 145 | 299 | 246 |  23 | 18 |  69 |   3 |-4.036236e+02 |-4.041905e+02 |   0.14%| unknown
  0.8s|     1 |     0 |  1017 |     - |    14M |   0 | 145 | 258 | 246 |  23 | 19 |  70 |   5 |-4.038510e+02 |-4.041905e+02 |   0.08%| unknown
  0.8s|     1 |     0 |  1017 |     - |    14M |   0 | 145 | 258 | 181 |  23 | 19 |  70 |   5 |-4.038510e+02 |-4.041905e+02 |   0.08%| unknown
  0.8s|     1 |     0 |  1021 |     - |    14M |   0 | 145 | 257 | 184 |  26 | 20 |  70 |   5 |-4.038623e+02 |-4.041905e+02 |   0.08%| unknown
  0.8s|     1 |     0 |  1021 |     - |    14M |   0 | 145 | 257 | 176 |  26 | 20 |  70 |   5 |-4.038623e+02 |-4.041905e+02 |   0.08%| unknown
  0.8s|     1 |     0 |  1021 |     - |    14M |   0 | 145 | 201 | 176 |  26 | 21 |  70 |   5 |-4.038623e+02 |-4.041905e+02 |   0.08%| unknown
  0.8s|     1 |     0 |  1021 |     - |    14M |   0 | 145 | 201 | 176 |  26 | 22 |  70 |   6 |-4.040511e+02 |-4.041905e+02 |   0.03%| unknown
  0.8s|     1 |     0 |  1024 |     - |    14M |   0 | 145 | 204 | 176 |  26 | 23 |  76 |  10 |-4.041905e+02 |-4.041905e+02 |   0.00%| unknown

SCIP Status        : problem is solved [optimal solution found]
Solving Time (sec) : 0.83
Solving Nodes      : 1 (total of 2 nodes in 2 runs)
Primal Bound       : -4.04190476190476e+02 (41 solutions)
Dual Bound         : -4.04190476190476e+02
Gap                : 0.00 %
  [linear] <c986>: <x106>[C] (+15.9619048) +0.547619048<x1>[B] (+0) +0.547619048<x2>[B] (+0) +0.547619048<x3>[B] (+0) +0.547619048<x4>[B] (+0) +0.547619048<x5>[B] (+0) +0.547619048<x6>[B] (+0) +0.547619048<x7>[B] (+0) +0.547619048<x8>[B] (+0) +0.547619048<x9>[B] (+0) +0.547619048<x10>[B] (+0) +0.547619048<x11>[B] (+0) +0.547619048<x12>[B] (+0) +0.547619048<x13>[B] (+0) +0.547619048<x14>[B] (+0) +0.547619048<x15>[B] (+1) +0.547619048<x16>[B] (+0) +0.547619048<x17>[B] (+0) -0.547619048<x18>[B] (+0) -0.547619048<x19>[B] (+0) -0.547619048<x20>[B] (+1) +0.547619048<x21>[B] (+1) -0.547619048<x22>[B] (+1) +0.547619048<x23>[B] (+1) +0.547619048<x24>[B] (+1) -0.547619048<x25>[B] (+0) -0.547619048<x26>[B] (+1) -0.547619048<x27>[B] (+0) +0.547619048<x28>[B] (+0) +0.547619048<x29>[B] (+0) -0.547619048<x30>[B] (+0) -0.547619048<x31>[B] (+0) -0.547619048<x32>[B] (+1) +0.547619048<x33>[B] (+1) -0.547619048<x34>[B] (+0) -0.547619048<x35>[B] (+1) +0.547619048<x36>[B] (+1) -0.547619048<x37>[B] (+0) -0.547619048<x38>[B] (+1) -0.547619048<x39>[B] (+0) -0.547619048<x40>[B] (+1) -0.547619048<x41>[B] (+1) -0.547619048<x42>[B] (+1) -0.547619048<x43>[B] (+1) +0.547619048<x44>[B] (+1) -0.547619048<x45>[B] (+1) -0.547619048<x46>[B] (+1) -0.547619048<x47>[B] (+1) -0.547619048<x48>[B] (+1) -0.547619048<x49>[B] (+1) -0.547619048<x50>[B] (+1) -0.547619048<x51>[B] (+1) -0.547619048<x52>[B] (+1) -0.547619048<x53>[B] (+1) +0.547619048<x54>[B] (+1) -0.547619048<x55>[B] (+1) -0.547619048<x56>[B] (+1) +0.547619048<x57>[B] (+1) -0.547619048<x58>[B] (+1) -0.547619048<x59>[B] (+1) -0.547619048<x60>[B] (+1) +0.547619048<x61>[B] (+1) +0.547619048<x62>[B] (+1) +0.547619048<x63>[B] (+1) +0.547619048<x64>[B] (+1) +0.547619048<x65>[B] (+1) +0.547619048<x66>[B] (+1) +0.547619048<x67>[B] (+0) +0.547619048<x68>[B] (+1) +0.547619048<x69>[B] (+0) -0.547619048<x70>[B] (+1) +0.547619048<x71>[B] (+1) +0.547619048<x72>[B] (+1) +0.547619048<x73>[B] (+1) +0.547619048<x74>[B] (+1) -0.547619048<x75>[B] (+0) +0.547619048<x76>[B] (+1) +0.547619048<x77>[B] (+0) +0.547619048<x78>[B] (+0) +0.547619048<x79>[B] (+0) +0.547619048<x80>[B] (+0) +0.547619048<x81>[B] (+1) -0.547619048<x82>[B] (+0) +0.547619048<x83>[B] (+0) +0.547619048<x84>[B] (+0) -0.547619048<x85>[B] (+0) -0.547619048<x86>[B] (+1) -0.547619048<x87>[B] (+1) -0.547619048<x88>[B] (+0) -0.547619048<x89>[B] (+1) -0.547619048<x90>[B] (+0) +0.547619048<x91>[B] (+1) +0.547619048<x92>[B] (+1) -0.547619048<x93>[B] (+0) -0.547619048<x94>[B] (+1) -0.547619048<x95>[B] (+0) +0.547619048<x96>[B] (+1) -0.547619048<x97>[B] (+0) -0.547619048<x98>[B] (+1) -0.547619048<x99>[B] (+0) -0.547619048<x100>[B] (+0) -0.547619048<x101>[B] (+0) -0.547619048<x102>[B] (+0) +0.547619048<x103>[B] (+1) +0.547619048<x104>[B] (+0) +0.547619048<x105>[B] (+0) >= 13.8285714285714;
;
violation: left hand side is violated by 0.0571428571428552
  [linear] <c987>: <x107>[C] (+16.0095238) -0.557142857<x1>[B] (+0) +0.557142857<x2>[B] (+0) -0.557142857<x3>[B] (+0) +0.557142857<x4>[B] (+0) -0.557142857<x5>[B] (+0) +0.557142857<x6>[B] (+0) +0.557142857<x7>[B] (+0) -0.557142857<x8>[B] (+0) +0.557142857<x9>[B] (+0) +0.557142857<x10>[B] (+0) -0.557142857<x11>[B] (+0) -0.557142857<x12>[B] (+0) -0.557142857<x13>[B] (+0) -0.557142857<x14>[B] (+0) +0.557142857<x15>[B] (+1) -0.557142857<x16>[B] (+0) +0.557142857<x17>[B] (+0) -0.557142857<x18>[B] (+1) +0.557142857<x19>[B] (+1) +0.557142857<x20>[B] (+1) -0.557142857<x21>[B] (+1) +0.557142857<x22>[B] (+1) +0.557142857<x23>[B] (+1) -0.557142857<x24>[B] (+1) +0.557142857<x25>[B] (+0) -0.557142857<x26>[B] (+1) +0.557142857<x27>[B] (+1) -0.557142857<x28>[B] (+0) +0.557142857<x29>[B] (+0) -0.557142857<x30>[B] (+0) +0.557142857<x31>[B] (+0) +0.557142857<x32>[B] (+1) -0.557142857<x33>[B] (+0) +0.557142857<x34>[B] (+0) -0.557142857<x35>[B] (+1) -0.557142857<x36>[B] (+1) -0.557142857<x37>[B] (+0) -0.557142857<x38>[B] (+1) -0.557142857<x39>[B] (+0) +0.557142857<x40>[B] (+1) -0.557142857<x41>[B] (+1) +0.557142857<x42>[B] (+1) +0.557142857<x43>[B] (+1) -0.557142857<x44>[B] (+1) +0.557142857<x45>[B] (+1) +0.557142857<x46>[B] (+1) -0.557142857<x47>[B] (+1) +0.557142857<x48>[B] (+1) -0.557142857<x49>[B] (+1) +0.557142857<x50>[B] (+1) -0.557142857<x51>[B] (+1) -0.557142857<x52>[B] (+1) -0.557142857<x53>[B] (+1) -0.557142857<x54>[B] (+1) -0.557142857<x55>[B] (+1) -0.557142857<x56>[B] (+1) -0.557142857<x57>[B] (+1) -0.557142857<x58>[B] (+1) -0.557142857<x59>[B] (+1) -0.557142857<x60>[B] (+1) +0.557142857<x61>[B] (+1) +0.557142857<x62>[B] (+1) +0.557142857<x63>[B] (+0) +0.557142857<x64>[B] (+0) +0.557142857<x65>[B] (+1) +0.557142857<x66>[B] (+1) +0.557142857<x67>[B] (+0) -0.557142857<x68>[B] (+1) +0.557142857<x69>[B] (+0) -0.557142857<x70>[B] (+1) -0.557142857<x71>[B] (+0) -0.557142857<x72>[B] (+0) -0.557142857<x73>[B] (+1) -0.557142857<x74>[B] (+1) -0.557142857<x75>[B] (+0) -0.557142857<x76>[B] (+1) -0.557142857<x77>[B] (+0) -0.557142857<x78>[B] (+0) +0.557142857<x79>[B] (+0) -0.557142857<x80>[B] (+0) -0.557142857<x81>[B] (+1) -0.557142857<x82>[B] (+0) -0.557142857<x83>[B] (+0) -0.557142857<x84>[B] (+0) +0.557142857<x85>[B] (+0) +0.557142857<x86>[B] (+1) -0.557142857<x87>[B] (+1) +0.557142857<x88>[B] (+0) -0.557142857<x89>[B] (+1) +0.557142857<x90>[B] (+1) -0.557142857<x91>[B] (+1) -0.557142857<x92>[B] (+1) -0.557142857<x93>[B] (+0) -0.557142857<x94>[B] (+1) -0.557142857<x95>[B] (+1) -0.557142857<x96>[B] (+1) -0.557142857<x97>[B] (+0) -0.557142857<x98>[B] (+1) -0.557142857<x99>[B] (+0) +0.557142857<x100>[B] (+0) -0.557142857<x101>[B] (+0) +0.557142857<x102>[B] (+0) -0.557142857<x103>[B] (+1) -0.557142857<x104>[B] (+1) +0.557142857<x105>[B] (+0) >= 6.54761904761905;
;
violation: left hand side is violated by 0.00952380952381304
  [linear] <c987>: <x107>[C] (+17.0857143) -0.557142857<x1>[B] (+0) +0.557142857<x2>[B] (+0) -0.557142857<x3>[B] (+0) +0.557142857<x4>[B] (+0) -0.557142857<x5>[B] (+0) +0.557142857<x6>[B] (+0) +0.557142857<x7>[B] (+0) -0.557142857<x8>[B] (+0) +0.557142857<x9>[B] (+0) +0.557142857<x10>[B] (+0) -0.557142857<x11>[B] (+0) -0.557142857<x12>[B] (+0) -0.557142857<x13>[B] (+0) -0.557142857<x14>[B] (+0) +0.557142857<x15>[B] (+1) -0.557142857<x16>[B] (+0) +0.557142857<x17>[B] (+0) -0.557142857<x18>[B] (+0) +0.557142857<x19>[B] (+0) +0.557142857<x20>[B] (+1) -0.557142857<x21>[B] (+0) +0.557142857<x22>[B] (+0) +0.557142857<x23>[B] (+1) -0.557142857<x24>[B] (+1) +0.557142857<x25>[B] (+0) -0.557142857<x26>[B] (+1) +0.557142857<x27>[B] (+0) -0.557142857<x28>[B] (+0) +0.557142857<x29>[B] (+0) -0.557142857<x30>[B] (+0) +0.557142857<x31>[B] (+0) +0.557142857<x32>[B] (+1) -0.557142857<x33>[B] (+0) +0.557142857<x34>[B] (+0) -0.557142857<x35>[B] (+1) -0.557142857<x36>[B] (+1) -0.557142857<x37>[B] (+0) -0.557142857<x38>[B] (+1) -0.557142857<x39>[B] (+0) +0.557142857<x40>[B] (+1) -0.557142857<x41>[B] (+1) +0.557142857<x42>[B] (+1) +0.557142857<x43>[B] (+1) -0.557142857<x44>[B] (+1) +0.557142857<x45>[B] (+1) +0.557142857<x46>[B] (+1) -0.557142857<x47>[B] (+1) +0.557142857<x48>[B] (+1) -0.557142857<x49>[B] (+1) +0.557142857<x50>[B] (+1) -0.557142857<x51>[B] (+1) -0.557142857<x52>[B] (+1) -0.557142857<x53>[B] (+1) -0.557142857<x54>[B] (+1) -0.557142857<x55>[B] (+1) -0.557142857<x56>[B] (+1) -0.557142857<x57>[B] (+1) -0.557142857<x58>[B] (+1) -0.557142857<x59>[B] (+1) -0.557142857<x60>[B] (+1) +0.557142857<x61>[B] (+1) +0.557142857<x62>[B] (+1) +0.557142857<x63>[B] (+0) +0.557142857<x64>[B] (+0) +0.557142857<x65>[B] (+1) +0.557142857<x66>[B] (+1) +0.557142857<x67>[B] (+0) -0.557142857<x68>[B] (+1) +0.557142857<x69>[B] (+0) -0.557142857<x70>[B] (+1) -0.557142857<x71>[B] (+0) -0.557142857<x72>[B] (+0) -0.557142857<x73>[B] (+1) -0.557142857<x74>[B] (+1) -0.557142857<x75>[B] (+0) -0.557142857<x76>[B] (+1) -0.557142857<x77>[B] (+0) -0.557142857<x78>[B] (+0) +0.557142857<x79>[B] (+0) -0.557142857<x80>[B] (+0) -0.557142857<x81>[B] (+1) -0.557142857<x82>[B] (+0) -0.557142857<x83>[B] (+0) -0.557142857<x84>[B] (+0) +0.557142857<x85>[B] (+0) +0.557142857<x86>[B] (+1) -0.557142857<x87>[B] (+1) +0.557142857<x88>[B] (+0) -0.557142857<x89>[B] (+1) +0.557142857<x90>[B] (+0) -0.557142857<x91>[B] (+1) -0.557142857<x92>[B] (+1) -0.557142857<x93>[B] (+1) -0.557142857<x94>[B] (+1) -0.557142857<x95>[B] (+1) -0.557142857<x96>[B] (+1) -0.557142857<x97>[B] (+0) -0.557142857<x98>[B] (+1) -0.557142857<x99>[B] (+0) +0.557142857<x100>[B] (+0) -0.557142857<x101>[B] (+0) +0.557142857<x102>[B] (+0) -0.557142857<x103>[B] (+1) -0.557142857<x104>[B] (+0) +0.557142857<x105>[B] (+0) >= 6.54761904761905;
;
violation: left hand side is violated by 0.047619047619051
  [linear] <c987>: <x107>[C] (+17.0857143) -0.557142857<x1>[B] (+0) +0.557142857<x2>[B] (+0) -0.557142857<x3>[B] (+0) +0.557142857<x4>[B] (+0) -0.557142857<x5>[B] (+0) +0.557142857<x6>[B] (+0) +0.557142857<x7>[B] (+0) -0.557142857<x8>[B] (+0) +0.557142857<x9>[B] (+0) +0.557142857<x10>[B] (+0) -0.557142857<x11>[B] (+0) -0.557142857<x12>[B] (+0) -0.557142857<x13>[B] (+0) -0.557142857<x14>[B] (+0) +0.557142857<x15>[B] (+1) -0.557142857<x16>[B] (+0) +0.557142857<x17>[B] (+0) -0.557142857<x18>[B] (+1) +0.557142857<x19>[B] (+1) +0.557142857<x20>[B] (+1) -0.557142857<x21>[B] (+1) +0.557142857<x22>[B] (+0) +0.557142857<x23>[B] (+1) -0.557142857<x24>[B] (+1) +0.557142857<x25>[B] (+0) -0.557142857<x26>[B] (+1) +0.557142857<x27>[B] (+0) -0.557142857<x28>[B] (+0) +0.557142857<x29>[B] (+0) -0.557142857<x30>[B] (+0) +0.557142857<x31>[B] (+0) +0.557142857<x32>[B] (+1) -0.557142857<x33>[B] (+0) +0.557142857<x34>[B] (+0) -0.557142857<x35>[B] (+1) -0.557142857<x36>[B] (+1) -0.557142857<x37>[B] (+0) -0.557142857<x38>[B] (+1) -0.557142857<x39>[B] (+0) +0.557142857<x40>[B] (+1) -0.557142857<x41>[B] (+1) +0.557142857<x42>[B] (+1) +0.557142857<x43>[B] (+1) -0.557142857<x44>[B] (+1) +0.557142857<x45>[B] (+1) +0.557142857<x46>[B] (+1) -0.557142857<x47>[B] (+1) +0.557142857<x48>[B] (+1) -0.557142857<x49>[B] (+1) +0.557142857<x50>[B] (+1) -0.557142857<x51>[B] (+1) -0.557142857<x52>[B] (+1) -0.557142857<x53>[B] (+1) -0.557142857<x54>[B] (+1) -0.557142857<x55>[B] (+1) -0.557142857<x56>[B] (+1) -0.557142857<x57>[B] (+1) -0.557142857<x58>[B] (+1) -0.557142857<x59>[B] (+1) -0.557142857<x60>[B] (+1) +0.557142857<x61>[B] (+1) +0.557142857<x62>[B] (+1) +0.557142857<x63>[B] (+1) +0.557142857<x64>[B] (+0) +0.557142857<x65>[B] (+1) +0.557142857<x66>[B] (+1) +0.557142857<x67>[B] (+0) -0.557142857<x68>[B] (+1) +0.557142857<x69>[B] (+0) -0.557142857<x70>[B] (+1) -0.557142857<x71>[B] (+1) -0.557142857<x72>[B] (+0) -0.557142857<x73>[B] (+1) -0.557142857<x74>[B] (+1) -0.557142857<x75>[B] (+0) -0.557142857<x76>[B] (+1) -0.557142857<x77>[B] (+0) -0.557142857<x78>[B] (+0) +0.557142857<x79>[B] (+0) -0.557142857<x80>[B] (+0) -0.557142857<x81>[B] (+1) -0.557142857<x82>[B] (+0) -0.557142857<x83>[B] (+0) -0.557142857<x84>[B] (+0) +0.557142857<x85>[B] (+0) +0.557142857<x86>[B] (+1) -0.557142857<x87>[B] (+1) +0.557142857<x88>[B] (+0) -0.557142857<x89>[B] (+1) +0.557142857<x90>[B] (+0) -0.557142857<x91>[B] (+1) -0.557142857<x92>[B] (+1) -0.557142857<x93>[B] (+0) -0.557142857<x94>[B] (+1) -0.557142857<x95>[B] (+0) -0.557142857<x96>[B] (+1) -0.557142857<x97>[B] (+0) -0.557142857<x98>[B] (+1) -0.557142857<x99>[B] (+0) +0.557142857<x100>[B] (+0) -0.557142857<x101>[B] (+0) +0.557142857<x102>[B] (+0) -0.557142857<x103>[B] (+1) -0.557142857<x104>[B] (+1) +0.557142857<x105>[B] (+0) >= 6.54761904761905;
;
violation: left hand side is violated by 0.047619047619051
  [linear] <c990>: <x110>[C] (+19.9761905) +0.604761905<x1>[B] (+0) +0.604761905<x2>[B] (+0) +0.604761905<x3>[B] (+0) +0.604761905<x4>[B] (+0) +0.604761905<x5>[B] (+0) +0.604761905<x6>[B] (+0) -0.604761905<x7>[B] (+0) +0.604761905<x8>[B] (+0) +0.604761905<x9>[B] (+0) +0.604761905<x10>[B] (+0) +0.604761905<x11>[B] (+0) +0.604761905<x12>[B] (+0) +0.604761905<x13>[B] (+0) +0.604761905<x14>[B] (+0) -0.604761905<x15>[B] (+1) -0.604761905<x16>[B] (+0) +0.604761905<x17>[B] (+0) -0.604761905<x18>[B] (+0) +0.604761905<x19>[B] (+0) -0.604761905<x20>[B] (+1) +0.604761905<x21>[B] (+0) -0.604761905<x22>[B] (+0) -0.604761905<x23>[B] (+1) +0.604761905<x24>[B] (+1) +0.604761905<x25>[B] (+0) +0.604761905<x26>[B] (+1) -0.604761905<x27>[B] (+0) +0.604761905<x28>[B] (+0) +0.604761905<x29>[B] (+0) +0.604761905<x30>[B] (+0) +0.604761905<x31>[B] (+0) -0.604761905<x32>[B] (+1) +0.604761905<x33>[B] (+0) +0.604761905<x34>[B] (+0) -0.604761905<x35>[B] (+1) +0.604761905<x36>[B] (+1) +0.604761905<x37>[B] (+0) +0.604761905<x38>[B] (+1) +0.604761905<x39>[B] (+0) +0.604761905<x40>[B] (+1) +0.604761905<x41>[B] (+1) +0.604761905<x42>[B] (+1) -0.604761905<x43>[B] (+1) +0.604761905<x44>[B] (+1) +0.604761905<x45>[B] (+1) -0.604761905<x46>[B] (+1) +0.604761905<x47>[B] (+1) +0.604761905<x48>[B] (+1) +0.604761905<x49>[B] (+1) -0.604761905<x50>[B] (+1) -0.604761905<x51>[B] (+1) -0.604761905<x52>[B] (+1) -0.604761905<x53>[B] (+1) -0.604761905<x54>[B] (+1) -0.604761905<x55>[B] (+1) -0.604761905<x56>[B] (+1) -0.604761905<x57>[B] (+1) +0.604761905<x58>[B] (+1) +0.604761905<x59>[B] (+1) -0.604761905<x60>[B] (+1) +0.604761905<x61>[B] (+1) -0.604761905<x62>[B] (+1) +0.604761905<x63>[B] (+1) -0.604761905<x64>[B] (+0) -0.604761905<x65>[B] (+1) +0.604761905<x66>[B] (+1) +0.604761905<x67>[B] (+0) +0.604761905<x68>[B] (+1) -0.604761905<x69>[B] (+0) -0.604761905<x70>[B] (+1) +0.604761905<x71>[B] (+0) -0.604761905<x72>[B] (+0) -0.604761905<x73>[B] (+1) -0.604761905<x74>[B] (+1) +0.604761905<x75>[B] (+0) +0.604761905<x76>[B] (+1) -0.604761905<x77>[B] (+0) +0.604761905<x78>[B] (+0) +0.604761905<x79>[B] (+0) +0.604761905<x80>[B] (+0) +0.604761905<x81>[B] (+1) +0.604761905<x82>[B] (+0) +0.604761905<x83>[B] (+0) +0.604761905<x84>[B] (+0) -0.604761905<x85>[B] (+0) -0.604761905<x86>[B] (+1) -0.604761905<x87>[B] (+1) +0.604761905<x88>[B] (+0) +0.604761905<x89>[B] (+1) -0.604761905<x90>[B] (+0) -0.604761905<x91>[B] (+1) +0.604761905<x92>[B] (+1) +0.604761905<x93>[B] (+1) +0.604761905<x94>[B] (+1) -0.604761905<x95>[B] (+1) +0.604761905<x96>[B] (+1) +0.604761905<x97>[B] (+0) +0.604761905<x98>[B] (+1) +0.604761905<x99>[B] (+0) +0.604761905<x100>[B] (+0) +0.604761905<x101>[B] (+0) -0.604761905<x102>[B] (+0) +0.604761905<x103>[B] (+1) -0.604761905<x104>[B] (+1) -0.604761905<x105>[B] (+0) >= 20.7142857142857;
;
violation: left hand side is violated by 0.133333333333344
  [linear] <c990>: <x110>[C] (+19.9761905) +0.604761905<x1>[B] (+0) +0.604761905<x2>[B] (+0) +0.604761905<x3>[B] (+0) +0.604761905<x4>[B] (+0) +0.604761905<x5>[B] (+0) +0.604761905<x6>[B] (+0) -0.604761905<x7>[B] (+0) +0.604761905<x8>[B] (+0) +0.604761905<x9>[B] (+0) +0.604761905<x10>[B] (+0) +0.604761905<x11>[B] (+0) +0.604761905<x12>[B] (+0) +0.604761905<x13>[B] (+0) +0.604761905<x14>[B] (+0) -0.604761905<x15>[B] (+1) -0.604761905<x16>[B] (+0) +0.604761905<x17>[B] (+0) -0.604761905<x18>[B] (+0) +0.604761905<x19>[B] (+0) -0.604761905<x20>[B] (+1) +0.604761905<x21>[B] (+0) -0.604761905<x22>[B] (+0) -0.604761905<x23>[B] (+1) +0.604761905<x24>[B] (+1) +0.604761905<x25>[B] (+0) +0.604761905<x26>[B] (+1) -0.604761905<x27>[B] (+0) +0.604761905<x28>[B] (+0) +0.604761905<x29>[B] (+0) +0.604761905<x30>[B] (+0) +0.604761905<x31>[B] (+0) -0.604761905<x32>[B] (+1) +0.604761905<x33>[B] (+0) +0.604761905<x34>[B] (+0) -0.604761905<x35>[B] (+1) +0.604761905<x36>[B] (+1) +0.604761905<x37>[B] (+0) +0.604761905<x38>[B] (+1) +0.604761905<x39>[B] (+0) +0.604761905<x40>[B] (+1) +0.604761905<x41>[B] (+1) +0.604761905<x42>[B] (+1) -0.604761905<x43>[B] (+1) +0.604761905<x44>[B] (+1) +0.604761905<x45>[B] (+1) -0.604761905<x46>[B] (+1) +0.604761905<x47>[B] (+1) +0.604761905<x48>[B] (+1) +0.604761905<x49>[B] (+1) -0.604761905<x50>[B] (+1) -0.604761905<x51>[B] (+1) -0.604761905<x52>[B] (+1) -0.604761905<x53>[B] (+1) -0.604761905<x54>[B] (+1) -0.604761905<x55>[B] (+1) -0.604761905<x56>[B] (+1) -0.604761905<x57>[B] (+1) +0.604761905<x58>[B] (+1) +0.604761905<x59>[B] (+1) -0.604761905<x60>[B] (+1) +0.604761905<x61>[B] (+1) -0.604761905<x62>[B] (+1) +0.604761905<x63>[B] (+1) -0.604761905<x64>[B] (+0) -0.604761905<x65>[B] (+1) +0.604761905<x66>[B] (+1) +0.604761905<x67>[B] (+0) +0.604761905<x68>[B] (+1) -0.604761905<x69>[B] (+0) -0.604761905<x70>[B] (+1) +0.604761905<x71>[B] (+0) -0.604761905<x72>[B] (+0) -0.604761905<x73>[B] (+1) -0.604761905<x74>[B] (+1) +0.604761905<x75>[B] (+0) +0.604761905<x76>[B] (+1) -0.604761905<x77>[B] (+0) +0.604761905<x78>[B] (+0) +0.604761905<x79>[B] (+0) +0.604761905<x80>[B] (+0) +0.604761905<x81>[B] (+1) +0.604761905<x82>[B] (+0) +0.604761905<x83>[B] (+0) +0.604761905<x84>[B] (+0) -0.604761905<x85>[B] (+0) -0.604761905<x86>[B] (+1) -0.604761905<x87>[B] (+1) +0.604761905<x88>[B] (+0) +0.604761905<x89>[B] (+1) -0.604761905<x90>[B] (+0) -0.604761905<x91>[B] (+1) +0.604761905<x92>[B] (+1) +0.604761905<x93>[B] (+1) +0.604761905<x94>[B] (+1) -0.604761905<x95>[B] (+1) +0.604761905<x96>[B] (+1) +0.604761905<x97>[B] (+0) +0.604761905<x98>[B] (+1) +0.604761905<x99>[B] (+0) +0.604761905<x100>[B] (+0) +0.604761905<x101>[B] (+0) -0.604761905<x102>[B] (+0) +0.604761905<x103>[B] (+1) -0.604761905<x104>[B] (+1) -0.604761905<x105>[B] (+0) >= 20.7142857142857;
;
violation: left hand side is violated by 0.13333333333334
  [linear] <c988>: <x108>[C] (+10.4904762) -0.433333333<x1>[B] (+0) -0.433333333<x2>[B] (+0) -0.433333333<x3>[B] (+0) -0.433333333<x4>[B] (+0) +0.433333333<x5>[B] (+0) -0.433333333<x6>[B] (+0) -0.433333333<x7>[B] (+0) -0.433333333<x8>[B] (+0) +0.433333333<x9>[B] (+0) -0.433333333<x10>[B] (+0) -0.433333333<x11>[B] (+0) -0.433333333<x12>[B] (+0) +0.433333333<x13>[B] (+0) +0.433333333<x14>[B] (+0) -0.433333333<x15>[B] (+1) -0.433333333<x16>[B] (+0) -0.433333333<x17>[B] (+0) +0.433333333<x18>[B] (+1) -0.433333333<x19>[B] (+1) -0.433333333<x20>[B] (+1) -0.433333333<x21>[B] (+1) +0.433333333<x22>[B] (+1) -0.433333333<x23>[B] (+1) -0.433333333<x24>[B] (+1) -0.433333333<x25>[B] (+0) +0.433333333<x26>[B] (+1) +0.433333333<x27>[B] (+0) -0.433333333<x28>[B] (+0) -0.433333333<x29>[B] (+0) +0.433333333<x30>[B] (+0) +0.433333333<x31>[B] (+0) +0.433333333<x32>[B] (+1) +0.433333333<x33>[B] (+0) +0.433333333<x34>[B] (+0) -0.433333333<x35>[B] (+1) +0.433333333<x36>[B] (+1) +0.433333333<x37>[B] (+0) +0.433333333<x38>[B] (+1) +0.433333333<x39>[B] (+0) -0.433333333<x40>[B] (+1) +0.433333333<x41>[B] (+1) +0.433333333<x42>[B] (+1) +0.433333333<x43>[B] (+1) +0.433333333<x44>[B] (+1) +0.433333333<x45>[B] (+1) -0.433333333<x46>[B] (+1) +0.433333333<x47>[B] (+1) +0.433333333<x48>[B] (+1) +0.433333333<x49>[B] (+1) +0.433333333<x50>[B] (+1) +0.433333333<x51>[B] (+1) +0.433333333<x52>[B] (+1) +0.433333333<x53>[B] (+1) +0.433333333<x54>[B] (+1) +0.433333333<x55>[B] (+1) +0.433333333<x56>[B] (+1) +0.433333333<x57>[B] (+1) +0.433333333<x58>[B] (+1) +0.433333333<x59>[B] (+1) +0.433333333<x60>[B] (+1) -0.433333333<x61>[B] (+1) -0.433333333<x62>[B] (+1) -0.433333333<x63>[B] (+1) +0.433333333<x64>[B] (+1) -0.433333333<x65>[B] (+1) -0.433333333<x66>[B] (+1) -0.433333333<x67>[B] (+0) +0.433333333<x68>[B] (+1) +0.433333333<x69>[B] (+0) -0.433333333<x70>[B] (+1) -0.433333333<x71>[B] (+0) +0.433333333<x72>[B] (+0) -0.433333333<x73>[B] (+1) -0.433333333<x74>[B] (+1) -0.433333333<x75>[B] (+0) +0.433333333<x76>[B] (+1) +0.433333333<x77>[B] (+0) +0.433333333<x78>[B] (+0) +0.433333333<x79>[B] (+0) -0.433333333<x80>[B] (+0) +0.433333333<x81>[B] (+1) -0.433333333<x82>[B] (+0) +0.433333333<x83>[B] (+0) +0.433333333<x84>[B] (+0) +0.433333333<x85>[B] (+0) -0.433333333<x86>[B] (+1) -0.433333333<x87>[B] (+1) -0.433333333<x88>[B] (+0) +0.433333333<x89>[B] (+1) +0.433333333<x90>[B] (+0) -0.433333333<x91>[B] (+1) -0.433333333<x92>[B] (+1) -0.433333333<x93>[B] (+0) -0.433333333<x94>[B] (+1) -0.433333333<x95>[B] (+0) +0.433333333<x96>[B] (+1) +0.433333333<x97>[B] (+0) +0.433333333<x98>[B] (+1) +0.433333333<x99>[B] (+0) -0.433333333<x100>[B] (+0) +0.433333333<x101>[B] (+0) +0.433333333<x102>[B] (+0) +0.433333333<x103>[B] (+1) +0.433333333<x104>[B] (+0) -0.433333333<x105>[B] (+0) >= 15.2761904761905;
;
violation: left hand side is violated by 0.019047619047619
  [linear] <c990>: <x110>[C] (+21.1761905) +0.604761905<x1>[B] (+0) +0.604761905<x2>[B] (+0) +0.604761905<x3>[B] (+0) +0.604761905<x4>[B] (+0) +0.604761905<x5>[B] (+0) +0.604761905<x6>[B] (+0) -0.604761905<x7>[B] (+0) +0.604761905<x8>[B] (+0) +0.604761905<x9>[B] (+0) +0.604761905<x10>[B] (+0) +0.604761905<x11>[B] (+0) +0.604761905<x12>[B] (+0) +0.604761905<x13>[B] (+0) +0.604761905<x14>[B] (+0) -0.604761905<x15>[B] (+1) -0.604761905<x16>[B] (+0) +0.604761905<x17>[B] (+0) -0.604761905<x18>[B] (+1) +0.604761905<x19>[B] (+1) -0.604761905<x20>[B] (+1) +0.604761905<x21>[B] (+1) -0.604761905<x22>[B] (+1) -0.604761905<x23>[B] (+1) +0.604761905<x24>[B] (+1) +0.604761905<x25>[B] (+0) +0.604761905<x26>[B] (+1) -0.604761905<x27>[B] (+1) +0.604761905<x28>[B] (+0) +0.604761905<x29>[B] (+0) +0.604761905<x30>[B] (+0) +0.604761905<x31>[B] (+0) -0.604761905<x32>[B] (+1) +0.604761905<x33>[B] (+0) +0.604761905<x34>[B] (+0) -0.604761905<x35>[B] (+1) +0.604761905<x36>[B] (+1) +0.604761905<x37>[B] (+0) +0.604761905<x38>[B] (+1) +0.604761905<x39>[B] (+0) +0.604761905<x40>[B] (+1) +0.604761905<x41>[B] (+1) +0.604761905<x42>[B] (+1) -0.604761905<x43>[B] (+1) +0.604761905<x44>[B] (+1) +0.604761905<x45>[B] (+1) -0.604761905<x46>[B] (+1) +0.604761905<x47>[B] (+1) +0.604761905<x48>[B] (+1) +0.604761905<x49>[B] (+1) -0.604761905<x50>[B] (+1) -0.604761905<x51>[B] (+1) -0.604761905<x52>[B] (+1) -0.604761905<x53>[B] (+1) -0.604761905<x54>[B] (+1) -0.604761905<x55>[B] (+1) -0.604761905<x56>[B] (+1) -0.604761905<x57>[B] (+1) +0.604761905<x58>[B] (+1) +0.604761905<x59>[B] (+1) -0.604761905<x60>[B] (+1) +0.604761905<x61>[B] (+1) -0.604761905<x62>[B] (+1) +0.604761905<x63>[B] (+1) -0.604761905<x64>[B] (+1) -0.604761905<x65>[B] (+1) +0.604761905<x66>[B] (+1) +0.604761905<x67>[B] (+0) +0.604761905<x68>[B] (+1) -0.604761905<x69>[B] (+0) -0.604761905<x70>[B] (+1) +0.604761905<x71>[B] (+1) -0.604761905<x72>[B] (+1) -0.604761905<x73>[B] (+1) -0.604761905<x74>[B] (+1) +0.604761905<x75>[B] (+0) +0.604761905<x76>[B] (+1) -0.604761905<x77>[B] (+0) +0.604761905<x78>[B] (+0) +0.604761905<x79>[B] (+0) +0.604761905<x80>[B] (+0) +0.604761905<x81>[B] (+1) +0.604761905<x82>[B] (+0) +0.604761905<x83>[B] (+0) +0.604761905<x84>[B] (+0) -0.604761905<x85>[B] (+0) -0.604761905<x86>[B] (+1) -0.604761905<x87>[B] (+1) +0.604761905<x88>[B] (+0) +0.604761905<x89>[B] (+1) -0.604761905<x90>[B] (+0) -0.604761905<x91>[B] (+1) +0.604761905<x92>[B] (+1) +0.604761905<x93>[B] (+9.76996262e-15) +0.604761905<x94>[B] (+1) -0.604761905<x95>[B] (+0) +0.604761905<x96>[B] (+1) +0.604761905<x97>[B] (+0) +0.604761905<x98>[B] (+1) +0.604761905<x99>[B] (+0) +0.604761905<x100>[B] (+0) +0.604761905<x101>[B] (+0) -0.604761905<x102>[B] (+0) +0.604761905<x103>[B] (+1) -0.604761905<x104>[B] (+1) -0.604761905<x105>[B] (+0) >= 20.7142857142857;
;
violation: left hand side is violated by 0.142857142857139
  [linear] <c990>: <x110>[C] (+21.1761905) +0.604761905<x1>[B] (+0) +0.604761905<x2>[B] (+0) +0.604761905<x3>[B] (+0) +0.604761905<x4>[B] (+0) +0.604761905<x5>[B] (+0) +0.604761905<x6>[B] (+0) -0.604761905<x7>[B] (+0) +0.604761905<x8>[B] (+0) +0.604761905<x9>[B] (+0) +0.604761905<x10>[B] (+0) +0.604761905<x11>[B] (+0) +0.604761905<x12>[B] (+0) +0.604761905<x13>[B] (+0) +0.604761905<x14>[B] (+0) -0.604761905<x15>[B] (+1) -0.604761905<x16>[B] (+0) +0.604761905<x17>[B] (+0) -0.604761905<x18>[B] (+1) +0.604761905<x19>[B] (+1) -0.604761905<x20>[B] (+1) +0.604761905<x21>[B] (+1) -0.604761905<x22>[B] (+1) -0.604761905<x23>[B] (+1) +0.604761905<x24>[B] (+1) +0.604761905<x25>[B] (+0) +0.604761905<x26>[B] (+1) -0.604761905<x27>[B] (+1) +0.604761905<x28>[B] (+0) +0.604761905<x29>[B] (+0) +0.604761905<x30>[B] (+0) +0.604761905<x31>[B] (+0) -0.604761905<x32>[B] (+1) +0.604761905<x33>[B] (+0) +0.604761905<x34>[B] (+0) -0.604761905<x35>[B] (+1) +0.604761905<x36>[B] (+1) +0.604761905<x37>[B] (+0) +0.604761905<x38>[B] (+1) +0.604761905<x39>[B] (+0) +0.604761905<x40>[B] (+1) +0.604761905<x41>[B] (+1) +0.604761905<x42>[B] (+1) -0.604761905<x43>[B] (+1) +0.604761905<x44>[B] (+1) +0.604761905<x45>[B] (+1) -0.604761905<x46>[B] (+1) +0.604761905<x47>[B] (+1) +0.604761905<x48>[B] (+1) +0.604761905<x49>[B] (+1) -0.604761905<x50>[B] (+1) -0.604761905<x51>[B] (+1) -0.604761905<x52>[B] (+1) -0.604761905<x53>[B] (+1) -0.604761905<x54>[B] (+1) -0.604761905<x55>[B] (+1) -0.604761905<x56>[B] (+1) -0.604761905<x57>[B] (+1) +0.604761905<x58>[B] (+1) +0.604761905<x59>[B] (+1) -0.604761905<x60>[B] (+1) +0.604761905<x61>[B] (+1) -0.604761905<x62>[B] (+1) +0.604761905<x63>[B] (+1) -0.604761905<x64>[B] (+1) -0.604761905<x65>[B] (+1) +0.604761905<x66>[B] (+1) +0.604761905<x67>[B] (+0) +0.604761905<x68>[B] (+1) -0.604761905<x69>[B] (+0) -0.604761905<x70>[B] (+1) +0.604761905<x71>[B] (+1) -0.604761905<x72>[B] (+1) -0.604761905<x73>[B] (+1) -0.604761905<x74>[B] (+1) +0.604761905<x75>[B] (+0) +0.604761905<x76>[B] (+1) -0.604761905<x77>[B] (+0) +0.604761905<x78>[B] (+0) +0.604761905<x79>[B] (+0) +0.604761905<x80>[B] (+0) +0.604761905<x81>[B] (+1) +0.604761905<x82>[B] (+0) +0.604761905<x83>[B] (+0) +0.604761905<x84>[B] (+0) -0.604761905<x85>[B] (+0) -0.604761905<x86>[B] (+1) -0.604761905<x87>[B] (+1) +0.604761905<x88>[B] (+0) +0.604761905<x89>[B] (+1) -0.604761905<x90>[B] (+0) -0.604761905<x91>[B] (+1) +0.604761905<x92>[B] (+1) +0.604761905<x93>[B] (-1.50990331e-13) +0.604761905<x94>[B] (+1) -0.604761905<x95>[B] (+0) +0.604761905<x96>[B] (+1) +0.604761905<x97>[B] (+0) +0.604761905<x98>[B] (+1) +0.604761905<x99>[B] (+0) +0.604761905<x100>[B] (+0) +0.604761905<x101>[B] (+0) -0.604761905<x102>[B] (+0) +0.604761905<x103>[B] (+1) -0.604761905<x104>[B] (+1) -0.604761905<x105>[B] (+0) >= 20.7142857142857;
;
violation: left hand side is violated by 0.142857142857132
  [linear] <c998>: <x119>[C] (+14.3952381) -0.519047619<x1>[B] (+0) +0.519047619<x2>[B] (+0) -0.519047619<x3>[B] (+0) +0.519047619<x4>[B] (+0) +0.519047619<x5>[B] (+0) -0.519047619<x6>[B] (+0) +0.519047619<x7>[B] (+0) +0.519047619<x8>[B] (+0) +0.519047619<x9>[B] (+0) +0.519047619<x10>[B] (+0) +0.519047619<x11>[B] (+0) +0.519047619<x12>[B] (+0) -0.519047619<x13>[B] (+0) +0.519047619<x14>[B] (+0) +0.519047619<x15>[B] (+1) +0.519047619<x16>[B] (+0) +0.519047619<x17>[B] (+0) +0.519047619<x18>[B] (+0) +0.519047619<x19>[B] (+1) +0.519047619<x20>[B] (+1) +0.519047619<x21>[B] (+1) +0.519047619<x22>[B] (+1) +0.519047619<x23>[B] (+1) +0.519047619<x24>[B] (+1) +0.519047619<x25>[B] (+0) -0.519047619<x26>[B] (+1) +0.519047619<x27>[B] (+0) -0.519047619<x28>[B] (+0) -0.519047619<x29>[B] (+0) +0.519047619<x30>[B] (+0) -0.519047619<x31>[B] (+0) -0.519047619<x32>[B] (+1) -0.519047619<x33>[B] (+0) -0.519047619<x34>[B] (+0) -0.519047619<x35>[B] (+1) -0.519047619<x36>[B] (+1) -0.519047619<x37>[B] (+0) -0.519047619<x38>[B] (+1) -0.519047619<x39>[B] (+0) +0.519047619<x40>[B] (+1) +0.519047619<x41>[B] (+1) -0.519047619<x42>[B] (+1) +0.519047619<x43>[B] (+1) +0.519047619<x44>[B] (+1) +0.519047619<x45>[B] (+1) +0.519047619<x46>[B] (+1) +0.519047619<x47>[B] (+1) +0.519047619<x48>[B] (+1) -0.519047619<x49>[B] (+1) +0.519047619<x50>[B] (+1) +0.519047619<x51>[B] (+1) -0.519047619<x52>[B] (+1) +0.519047619<x53>[B] (+1) +0.519047619<x54>[B] (+1) +0.519047619<x55>[B] (+1) +0.519047619<x56>[B] (+1) +0.519047619<x57>[B] (+1) +0.519047619<x58>[B] (+1) -0.519047619<x59>[B] (+1) -0.519047619<x60>[B] (+1) -0.519047619<x61>[B] (+1) -0.519047619<x62>[B] (+1) -0.519047619<x63>[B] (+1) -0.519047619<x64>[B] (+1) -0.519047619<x65>[B] (+1) -0.519047619<x66>[B] (+1) -0.519047619<x67>[B] (+0) -0.519047619<x68>[B] (+1) -0.519047619<x69>[B] (+0) +0.519047619<x70>[B] (+1) +0.519047619<x71>[B] (+0) +0.519047619<x72>[B] (+0) +0.519047619<x73>[B] (+1) +0.519047619<x74>[B] (+1) +0.519047619<x75>[B] (+0) -0.519047619<x76>[B] (+1) +0.519047619<x77>[B] (+0) -0.519047619<x78>[B] (+0) +0.519047619<x79>[B] (+0) -0.519047619<x80>[B] (+0) -0.519047619<x81>[B] (+1) +0.519047619<x82>[B] (+0) -0.519047619<x83>[B] (+0) -0.519047619<x84>[B] (+0) +0.519047619<x85>[B] (+0) -0.519047619<x86>[B] (+1) -0.519047619<x87>[B] (+1) +0.519047619<x88>[B] (+0) -0.519047619<x89>[B] (+1) -0.519047619<x90>[B] (+0) -0.519047619<x91>[B] (+1) -0.519047619<x92>[B] (+1) +0.519047619<x93>[B] (+0) -0.519047619<x94>[B] (+1) -0.519047619<x95>[B] (+0) +0.519047619<x96>[B] (+1) +0.519047619<x97>[B] (+0) -0.519047619<x98>[B] (+1) -0.519047619<x99>[B] (+0) +0.519047619<x100>[B] (+0) -0.519047619<x101>[B] (+0) -0.519047619<x102>[B] (+0) -0.519047619<x103>[B] (+1) -0.519047619<x104>[B] (+0) +0.519047619<x105>[B] (+0) >= 14.4047619047619;
;
violation: left hand side is violated by 0.00952380952381304
all 10 solutions given by solution candidate storage are infeasible

feasible solution found by trivial heuristic after 0.0 seconds, objective value -4.000008e+06
presolving:
   (0.0s) symmetry computation started: requiring (bin +, int +, cont +), (fixed: bin -, int -, cont -)
   (0.0s) no symmetry present (symcode time: 0.00)
presolving (0 rounds: 0 fast, 0 medium, 0 exhaustive):
 0 deleted vars, 0 deleted constraints, 0 added constraints, 0 tightened bounds, 0 added holes, 0 changed sides, 0 changed coefficients
 0 implications, 0 cliques, 0 implied integral variables (0 bin, 0 int, 0 cont)
presolved problem has 145 variables (105 bin, 0 int, 40 cont) and 1021 constraints
   1021 constraints of type <linear>
Presolving Time: 0.01
transformed 1/1 original solutions to the transformed problem space

 time | node  | left  |LP iter|LP it/n|mem/heur|mdpt |vars |cons |rows |cuts |sepa|confs|strbr|  dualbound   | primalbound  |  gap   | compl. 
p 0.0s|     1 |     0 |     8 |     - |   locks|   0 | 145 |1021 |1021 |   0 |  0 |   0 |   0 | 3.220000e+02 |-6.296429e+02 |    Inf | unknown
  0.0s|     1 |     0 |   289 |     - |    15M |   0 | 145 |1021 |1021 |   0 |  0 |   0 |   0 |-4.042555e+02 |-6.296429e+02 |  55.75%| unknown
r 0.0s|     1 |     0 |   289 |     - |shifting|   0 | 145 |1021 |1021 |   0 |  0 |   0 |   0 |-4.042555e+02 |-4.440052e+02 |   9.83%| unknown
  0.0s|     1 |     0 |   306 |     - |    15M |   0 | 145 |1021 |1024 |   3 |  1 |   0 |   0 |-4.042835e+02 |-4.440052e+02 |   9.83%| unknown
r 0.0s|     1 |     0 |   306 |     - |shifting|   0 | 145 |1021 |1024 |   3 |  1 |   0 |   0 |-4.042835e+02 |-4.438211e+02 |   9.78%| unknown
  0.0s|     1 |     0 |   306 |     - |    15M |   0 | 145 |1021 |1024 |   3 |  1 |   0 |   0 |-4.042835e+02 |-4.438211e+02 |   9.78%| unknown
  0.1s|     1 |     0 |   314 |     - |    16M |   0 | 145 |1021 |1027 |   6 |  2 |   0 |   0 |-4.043269e+02 |-4.438211e+02 |   9.77%| unknown
r 0.1s|     1 |     0 |   314 |     - |shifting|   0 | 145 |1021 |1027 |   6 |  2 |   0 |   0 |-4.043269e+02 |-4.375606e+02 |   8.22%| unknown
  0.1s|     1 |     0 |   327 |     - |    16M |   0 | 145 |1021 |1030 |   9 |  3 |   0 |   0 |-4.043559e+02 |-4.375606e+02 |   8.21%| unknown
  0.1s|     1 |     0 |   339 |     - |    16M |   0 | 145 |1021 |1032 |  11 |  4 |   0 |   0 |-4.043825e+02 |-4.375606e+02 |   8.20%| unknown
  0.1s|     1 |     0 |   356 |     - |    16M |   0 | 145 |1021 |1034 |  13 |  5 |   0 |   0 |-4.043972e+02 |-4.375606e+02 |   8.20%| unknown
r 0.1s|     1 |     0 |   356 |     - |shifting|   0 | 145 |1021 |1034 |  13 |  5 |   0 |   0 |-4.043972e+02 |-4.286472e+02 |   6.00%| unknown
  0.2s|     1 |     0 |   365 |     - |    16M |   0 | 145 |1021 |1037 |  16 |  6 |   0 |   0 |-4.044010e+02 |-4.286472e+02 |   6.00%| unknown
  0.2s|     1 |     0 |   376 |     - |    16M |   0 | 145 |1021 |1040 |  19 |  7 |   0 |   0 |-4.044038e+02 |-4.286472e+02 |   5.99%| unknown
r 0.2s|     1 |     0 |   376 |     - |shifting|   0 | 145 |1021 |1040 |  19 |  7 |   0 |   0 |-4.044038e+02 |-4.233073e+02 |   4.67%| unknown
 time | node  | left  |LP iter|LP it/n|mem/heur|mdpt |vars |cons |rows |cuts |sepa|confs|strbr|  dualbound   | primalbound  |  gap   | compl. 
  0.2s|     1 |     0 |   382 |     - |    16M |   0 | 145 |1021 |1041 |  20 |  8 |   0 |   0 |-4.044108e+02 |-4.233073e+02 |   4.67%| unknown
  0.3s|     1 |     0 |   400 |     - |    17M |   0 | 145 |1022 |1043 |  22 |  9 |   1 |   0 |-4.044149e+02 |-4.233073e+02 |   4.67%| unknown
  0.3s|     1 |     0 |   409 |     - |    17M |   0 | 145 |1022 |1045 |  24 | 10 |   1 |   0 |-4.044207e+02 |-4.233073e+02 |   4.67%| unknown
  0.3s|     1 |     0 |   419 |     - |    17M |   0 | 145 |1022 |1047 |  26 | 11 |   1 |   0 |-4.044247e+02 |-4.233073e+02 |   4.67%| unknown
  0.3s|     1 |     0 |   427 |     - |    17M |   0 | 145 |1023 |1049 |  28 | 12 |   2 |   0 |-4.044279e+02 |-4.233073e+02 |   4.67%| unknown
r 0.3s|     1 |     0 |   467 |     - |intshift|   0 | 145 |1023 |1049 |  28 | 12 |   2 |   0 |-4.044279e+02 |-4.130762e+02 |   2.14%| unknown
d 0.3s|     1 |     0 |   526 |     - |farkasdi|   0 | 145 |1023 |1049 |   0 | 12 |   2 |   0 |-4.044279e+02 |-4.050095e+02 |   0.14%| unknown
(run 1, node 1) restarting after 65 global fixings of integer variables

(restart) converted 28 cuts from the global cut pool into linear constraints

presolving:
presolving (0 rounds: 0 fast, 0 medium, 0 exhaustive):
 0 deleted vars, 0 deleted constraints, 0 added constraints, 0 tightened bounds, 0 added holes, 0 changed sides, 0 changed coefficients
 0 implications, 0 cliques, 0 implied integral variables (0 bin, 0 int, 0 cont)
presolved problem has 145 variables (105 bin, 0 int, 40 cont) and 1051 constraints
   1049 constraints of type <linear>
      2 constraints of type <logicor>
Presolving Time: 0.01
transformed 16/19 original solutions to the transformed problem space

 time | node  | left  |LP iter|LP it/n|mem/heur|mdpt |vars |cons |rows |cuts |sepa|confs|strbr|  dualbound   | primalbound  |  gap   | compl. 
  0.4s|     1 |     0 |   701 |     - |    18M |   0 | 145 | 302 | 230 |   0 |  0 |  67 |   0 |-4.044279e+02 |-4.050095e+02 |   0.14%| unknown
  0.4s|     1 |     0 |   701 |     - |    18M |   0 | 145 | 302 | 214 |   0 |  0 |  67 |   0 |-4.044279e+02 |-4.050095e+02 |   0.14%| unknown
  0.4s|     1 |     0 |   707 |     - |    18M |   0 | 145 | 302 | 218 |   4 |  1 |  67 |   0 |-4.044353e+02 |-4.050095e+02 |   0.14%| unknown
  0.4s|     1 |     0 |   725 |     - |    18M |   0 | 145 | 302 | 220 |   6 |  2 |  67 |   0 |-4.044619e+02 |-4.050095e+02 |   0.14%| unknown
  0.4s|     1 |     0 |   736 |     - |    18M |   0 | 145 | 302 | 222 |   8 |  3 |  67 |   0 |-4.044766e+02 |-4.050095e+02 |   0.13%| unknown
  0.5s|     1 |     0 |   741 |     - |    18M |   0 | 145 | 303 | 224 |  10 |  4 |  68 |   0 |-4.044793e+02 |-4.050095e+02 |   0.13%| unknown
  0.5s|     1 |     0 |   754 |     - |    18M |   0 | 145 | 303 | 226 |  12 |  5 |  68 |   0 |-4.044926e+02 |-4.050095e+02 |   0.13%| unknown
  0.5s|     1 |     0 |   770 |     - |    18M |   0 | 145 | 303 | 227 |  13 |  6 |  68 |   0 |-4.045006e+02 |-4.050095e+02 |   0.13%| unknown
  0.5s|     1 |     0 |   789 |     - |    18M |   0 | 145 | 303 | 228 |  14 |  7 |  68 |   0 |-4.045186e+02 |-4.050095e+02 |   0.12%| unknown
  0.6s|     1 |     0 |   798 |     - |    18M |   0 | 145 | 303 | 231 |  17 |  8 |  68 |   0 |-4.045235e+02 |-4.050095e+02 |   0.12%| unknown
  0.6s|     1 |     0 |   801 |     - |    18M |   0 | 145 | 303 | 234 |  20 |  9 |  68 |   0 |-4.045237e+02 |-4.050095e+02 |   0.12%| unknown
  0.6s|     1 |     0 |   805 |     - |    18M |   0 | 145 | 303 | 236 |  22 | 10 |  68 |   0 |-4.045238e+02 |-4.050095e+02 |   0.12%| unknown
  0.7s|     1 |     0 |   806 |     - |    18M |   0 | 145 | 303 | 222 |  23 | 11 |  68 |   0 |-4.045238e+02 |-4.050095e+02 |   0.12%| unknown
  0.7s|     1 |     0 |   810 |     - |    18M |   0 | 145 | 303 | 224 |  25 | 12 |  68 |   0 |-4.045247e+02 |-4.050095e+02 |   0.12%| unknown
  0.7s|     1 |     0 |   823 |     - |    18M |   0 | 145 | 303 | 225 |  26 | 13 |  68 |   0 |-4.045315e+02 |-4.050095e+02 |   0.12%| unknown
 time | node  | left  |LP iter|LP it/n|mem/heur|mdpt |vars |cons |rows |cuts |sepa|confs|strbr|  dualbound   | primalbound  |  gap   | compl. 
  0.7s|     1 |     0 |   823 |     - |    18M |   0 | 145 | 274 | 225 |  26 | 13 |  68 |   0 |-4.045315e+02 |-4.050095e+02 |   0.12%| unknown
  0.7s|     1 |     0 |   824 |     - |    18M |   0 | 145 | 274 | 226 |  27 | 14 |  68 |   0 |-4.045317e+02 |-4.050095e+02 |   0.12%| unknown
  0.8s|     1 |     0 |   825 |     - |    18M |   0 | 145 | 274 | 227 |  28 | 15 |  68 |   0 |-4.045334e+02 |-4.050095e+02 |   0.12%| unknown
  0.8s|     1 |     0 |   826 |     - |    18M |   0 | 145 | 274 | 228 |  29 | 16 |  68 |   0 |-4.045334e+02 |-4.050095e+02 |   0.12%| unknown
  0.8s|     1 |     0 |   928 |     - |    18M |   0 | 145 | 282 | 228 |  29 | 17 |  76 |   1 |-4.045450e+02 |-4.050095e+02 |   0.11%| unknown
  0.9s|     1 |     0 |   930 |     - |    18M |   0 | 145 | 282 | 229 |  30 | 18 |  76 |   1 |-4.045450e+02 |-4.050095e+02 |   0.11%| unknown
  0.9s|     1 |     0 |   930 |     - |    18M |   0 | 145 | 282 | 229 |  30 | 19 |  76 |   2 |-4.045630e+02 |-4.050095e+02 |   0.11%| unknown
  0.9s|     1 |     0 |   930 |     - |    18M |   0 | 145 | 282 | 229 |  30 | 20 |  76 |   4 |-4.046737e+02 |-4.050095e+02 |   0.08%| unknown
  0.9s|     1 |     0 |   954 |     - |    18M |   0 | 145 | 243 | 229 |  30 | 21 |  79 |   9 |-4.046737e+02 |-4.050095e+02 |   0.08%| unknown
  0.9s|     1 |     0 |   954 |     - |    18M |   0 | 145 | 243 | 193 |  30 | 21 |  79 |   9 |-4.046737e+02 |-4.050095e+02 |   0.08%| unknown
  0.9s|     1 |     0 |   955 |     - |    18M |   0 | 145 | 243 | 194 |  31 | 22 |  79 |   9 |-4.046737e+02 |-4.050095e+02 |   0.08%| unknown
  0.9s|     1 |     0 |   955 |     - |    18M |   0 | 145 | 235 | 194 |  31 | 23 |  79 |   9 |-4.046737e+02 |-4.050095e+02 |   0.08%| unknown
  1.0s|     1 |     0 |   979 |     - |    18M |   0 | 145 | 179 | 181 |  31 | 24 |  82 |  10 |-4.049810e+02 |-4.050095e+02 |   0.01%| unknown
  1.0s|     1 |     0 |   984 |     - |    18M |   0 | 145 | 179 | 184 |  34 | 25 |  82 |  10 |-4.050076e+02 |-4.050095e+02 |   0.00%| unknown
  1.0s|     1 |     0 |   985 |     - |    18M |   0 | 145 | 179 | 186 |  36 | 26 |  82 |  10 |-4.050095e+02 |-4.050095e+02 |   0.00%| unknown
 time | node  | left  |LP iter|LP it/n|mem/heur|mdpt |vars |cons |rows |cuts |sepa|confs|strbr|  dualbound   | primalbound  |  gap   | compl. 
  1.0s|     1 |     0 |   985 |     - |    18M |   0 | 145 | 179 | 186 |  36 | 26 |  82 |  10 |-4.050095e+02 |-4.050095e+02 |   0.00%| unknown

SCIP Status        : problem is solved [optimal solution found]
Solving Time (sec) : 0.98
Solving Nodes      : 1 (total of 2 nodes in 2 runs)
Primal Bound       : -4.05009523809524e+02 (43 solutions)
Dual Bound         : -4.05009523809524e+02
Gap                : 0.00 %
  [linear] <c1022>: <x106>[C] (+21.3666667) +0.633333333<x1>[B] (+0) +0.633333333<x2>[B] (+0) +0.633333333<x3>[B] (+0) +0.633333333<x4>[B] (+0) +0.633333333<x5>[B] (+0) +0.633333333<x6>[B] (+0) +0.633333333<x7>[B] (+0) +0.633333333<x8>[B] (+0) +0.633333333<x9>[B] (+0) +0.633333333<x10>[B] (+0) +0.633333333<x11>[B] (+0) +0.633333333<x12>[B] (+0) +0.633333333<x13>[B] (+0) +0.633333333<x14>[B] (+0) +0.633333333<x15>[B] (+1) +0.633333333<x16>[B] (+0) +0.633333333<x17>[B] (+0) -0.633333333<x18>[B] (+1) -0.633333333<x19>[B] (+1) -0.633333333<x20>[B] (+1) +0.633333333<x21>[B] (+1) -0.633333333<x22>[B] (+1) +0.633333333<x23>[B] (+1) +0.633333333<x24>[B] (+1) -0.633333333<x25>[B] (+0) -0.633333333<x26>[B] (+1) -0.633333333<x27>[B] (+1) +0.633333333<x28>[B] (+0) +0.633333333<x29>[B] (+0) -0.633333333<x30>[B] (+0) -0.633333333<x31>[B] (+0) -0.633333333<x32>[B] (+1) +0.633333333<x33>[B] (+0) -0.633333333<x34>[B] (+0) -0.633333333<x35>[B] (+1) +0.633333333<x36>[B] (+1) -0.633333333<x37>[B] (+0) -0.633333333<x38>[B] (+1) -0.633333333<x39>[B] (+0) -0.633333333<x40>[B] (+1) -0.633333333<x41>[B] (+1) -0.633333333<x42>[B] (+1) -0.633333333<x43>[B] (+1) +0.633333333<x44>[B] (+1) -0.633333333<x45>[B] (+1) -0.633333333<x46>[B] (+1) -0.633333333<x47>[B] (+1) -0.633333333<x48>[B] (+1) -0.633333333<x49>[B] (+1) -0.633333333<x50>[B] (+1) -0.633333333<x51>[B] (+1) -0.633333333<x52>[B] (+1) -0.633333333<x53>[B] (+1) +0.633333333<x54>[B] (+1) -0.633333333<x55>[B] (+1) -0.633333333<x56>[B] (+1) +0.633333333<x57>[B] (+1) -0.633333333<x58>[B] (+1) -0.633333333<x59>[B] (+1) -0.633333333<x60>[B] (+1) +0.633333333<x61>[B] (+1) +0.633333333<x62>[B] (+1) +0.633333333<x63>[B] (+0) +0.633333333<x64>[B] (+0) +0.633333333<x65>[B] (+1) +0.633333333<x66>[B] (+1) +0.633333333<x67>[B] (+0) +0.633333333<x68>[B] (+1) +0.633333333<x69>[B] (+0) -0.633333333<x70>[B] (+1) +0.633333333<x71>[B] (+0) +0.633333333<x72>[B] (+0) +0.633333333<x73>[B] (+1) +0.633333333<x74>[B] (+1) -0.633333333<x75>[B] (+0) +0.633333333<x76>[B] (+1) +0.633333333<x77>[B] (+0) +0.633333333<x78>[B] (+0) +0.633333333<x79>[B] (+0) +0.633333333<x80>[B] (+0) +0.633333333<x81>[B] (+1) -0.633333333<x82>[B] (+0) +0.633333333<x83>[B] (+0) +0.633333333<x84>[B] (+0) -0.633333333<x85>[B] (+0) -0.633333333<x86>[B] (+1) -0.633333333<x87>[B] (+1) -0.633333333<x88>[B] (+0) -0.633333333<x89>[B] (+1) -0.633333333<x90>[B] (+1) +0.633333333<x91>[B] (+1) +0.633333333<x92>[B] (+1) -0.633333333<x93>[B] (+0) -0.633333333<x94>[B] (+1) -0.633333333<x95>[B] (+1) +0.633333333<x96>[B] (+1) -0.633333333<x97>[B] (+0) -0.633333333<x98>[B] (+1) -0.633333333<x99>[B] (+0) -0.633333333<x100>[B] (+0) -0.633333333<x101>[B] (+0) -0.633333333<x102>[B] (+0) +0.633333333<x103>[B] (+1) +0.633333333<x104>[B] (+1) +0.633333333<x105>[B] (+0) >= 13.1428571428571;
;
violation: left hand side is violated by 0.00952380952380594
  [linear] <c1028>: <x116>[C] (+17.1142857) -0.576190476<x1>[B] (+0) -0.576190476<x2>[B] (+0) +0.576190476<x3>[B] (+0) -0.576190476<x4>[B] (+0) +0.576190476<x5>[B] (+0) +0.576190476<x6>[B] (+0) +0.576190476<x7>[B] (+0) +0.576190476<x8>[B] (+0) +0.576190476<x9>[B] (+0) +0.576190476<x10>[B] (+0) -0.576190476<x11>[B] (+0) +0.576190476<x12>[B] (+0) -0.576190476<x13>[B] (+0) -0.576190476<x14>[B] (+0) -0.576190476<x15>[B] (+1) +0.576190476<x16>[B] (+0) -0.576190476<x17>[B] (+0) +0.576190476<x18>[B] (+0) +0.576190476<x19>[B] (+1) +0.576190476<x20>[B] (+1) +0.576190476<x21>[B] (+0) +0.576190476<x22>[B] (+0) +0.576190476<x23>[B] (+1) -0.576190476<x24>[B] (+1) +0.576190476<x25>[B] (+0) -0.576190476<x26>[B] (+1) -0.576190476<x27>[B] (+0) +0.576190476<x28>[B] (+0) +0.576190476<x29>[B] (+0) +0.576190476<x30>[B] (+0) +0.576190476<x31>[B] (+0) +0.576190476<x32>[B] (+1) +0.576190476<x33>[B] (+0) +0.576190476<x34>[B] (+0) +0.576190476<x35>[B] (+1) +0.576190476<x36>[B] (+1) +0.576190476<x37>[B] (+0) +0.576190476<x38>[B] (+1) +0.576190476<x39>[B] (+0) -0.576190476<x40>[B] (+1) +0.576190476<x41>[B] (+1) +0.576190476<x42>[B] (+1) -0.576190476<x43>[B] (+1) +0.576190476<x44>[B] (+1) -0.576190476<x45>[B] (+1) -0.576190476<x46>[B] (+1) -0.576190476<x47>[B] (+1) +0.576190476<x48>[B] (+1) -0.576190476<x49>[B] (+1) -0.576190476<x50>[B] (+1) +0.576190476<x51>[B] (+1) +0.576190476<x52>[B] (+1) +0.576190476<x53>[B] (+1) +0.576190476<x54>[B] (+1) +0.576190476<x55>[B] (+1) +0.576190476<x56>[B] (+1) +0.576190476<x57>[B] (+1) +0.576190476<x58>[B] (+1) +0.576190476<x59>[B] (+1) -0.576190476<x60>[B] (+1) +0.576190476<x61>[B] (+1) -0.576190476<x62>[B] (+1) +0.576190476<x63>[B] (+1) -0.576190476<x64>[B] (+0) -0.576190476<x65>[B] (+1) -0.576190476<x66>[B] (+1) +0.576190476<x67>[B] (+0) -0.576190476<x68>[B] (+1) -0.576190476<x69>[B] (+0) -0.576190476<x70>[B] (+1) +0.576190476<x71>[B] (+0) -0.576190476<x72>[B] (+0) -0.576190476<x73>[B] (+1) -0.576190476<x74>[B] (+1) +0.576190476<x75>[B] (+0) -0.576190476<x76>[B] (+1) -0.576190476<x77>[B] (+0) +0.576190476<x78>[B] (+0) -0.576190476<x79>[B] (+0) -0.576190476<x80>[B] (+0) -0.576190476<x81>[B] (+1) +0.576190476<x82>[B] (+0) -0.576190476<x83>[B] (+0) -0.576190476<x84>[B] (+0) -0.576190476<x85>[B] (+0) -0.576190476<x86>[B] (+1) -0.576190476<x87>[B] (+1) +0.576190476<x88>[B] (+0) -0.576190476<x89>[B] (+1) -0.576190476<x90>[B] (+0) -0.576190476<x91>[B] (+1) -0.576190476<x92>[B] (+1) +0.576190476<x93>[B] (+0) -0.576190476<x94>[B] (+1) -0.576190476<x95>[B] (+0) -0.576190476<x96>[B] (+1) +0.576190476<x97>[B] (+0) -0.576190476<x98>[B] (+1) -0.576190476<x99>[B] (+0) +0.576190476<x100>[B] (+0) -0.576190476<x101>[B] (+0) -0.576190476<x102>[B] (+0) -0.576190476<x103>[B] (+1) -0.576190476<x104>[B] (+1) -0.576190476<x105>[B] (+0) >= 12.5333333333333;
;
violation: left hand side is violated by 0.0285714285714214
  [linear] <c1028>: <x116>[C] (+18.247619) -0.576190476<x1>[B] (+0) -0.576190476<x2>[B] (+0) +0.576190476<x3>[B] (+0) -0.576190476<x4>[B] (+0) +0.576190476<x5>[B] (+0) +0.576190476<x6>[B] (+0) +0.576190476<x7>[B] (+0) +0.576190476<x8>[B] (+0) +0.576190476<x9>[B] (+0) +0.576190476<x10>[B] (+0) -0.576190476<x11>[B] (+0) +0.576190476<x12>[B] (+0) -0.576190476<x13>[B] (+0) -0.576190476<x14>[B] (+0) -0.576190476<x15>[B] (+1) +0.576190476<x16>[B] (+0) -0.576190476<x17>[B] (+0) +0.576190476<x18>[B] (+1) +0.576190476<x19>[B] (+1) +0.576190476<x20>[B] (+1) +0.576190476<x21>[B] (+1) +0.576190476<x22>[B] (+0) +0.576190476<x23>[B] (+1) -0.576190476<x24>[B] (+1) +0.576190476<x25>[B] (+0) -0.576190476<x26>[B] (+1) -0.576190476<x27>[B] (+1) +0.576190476<x28>[B] (+0) +0.576190476<x29>[B] (+0) +0.576190476<x30>[B] (+0) +0.576190476<x31>[B] (+0) +0.576190476<x32>[B] (+1) +0.576190476<x33>[B] (+0) +0.576190476<x34>[B] (+0) +0.576190476<x35>[B] (+1) +0.576190476<x36>[B] (+1) +0.576190476<x37>[B] (+0) +0.576190476<x38>[B] (+1) +0.576190476<x39>[B] (+0) -0.576190476<x40>[B] (+1) +0.576190476<x41>[B] (+1) +0.576190476<x42>[B] (+1) -0.576190476<x43>[B] (+1) +0.576190476<x44>[B] (+1) -0.576190476<x45>[B] (+1) -0.576190476<x46>[B] (+1) -0.576190476<x47>[B] (+1) +0.576190476<x48>[B] (+1) -0.576190476<x49>[B] (+1) -0.576190476<x50>[B] (+1) +0.576190476<x51>[B] (+1) +0.576190476<x52>[B] (+1) +0.576190476<x53>[B] (+1) +0.576190476<x54>[B] (+1) +0.576190476<x55>[B] (+1) +0.576190476<x56>[B] (+1) +0.576190476<x57>[B] (+1) +0.576190476<x58>[B] (+1) +0.576190476<x59>[B] (+1) -0.576190476<x60>[B] (+1) +0.576190476<x61>[B] (+1) -0.576190476<x62>[B] (+1) +0.576190476<x63>[B] (+0) -0.576190476<x64>[B] (+0) -0.576190476<x65>[B] (+1) -0.576190476<x66>[B] (+1) +0.576190476<x67>[B] (+0) -0.576190476<x68>[B] (+1) -0.576190476<x69>[B] (+0) -0.576190476<x70>[B] (+1) +0.576190476<x71>[B] (+0) -0.576190476<x72>[B] (+0) -0.576190476<x73>[B] (+1) -0.576190476<x74>[B] (+1) +0.576190476<x75>[B] (+0) -0.576190476<x76>[B] (+1) -0.576190476<x77>[B] (+0) +0.576190476<x78>[B] (+0) -0.576190476<x79>[B] (+0) -0.576190476<x80>[B] (+0) -0.576190476<x81>[B] (+1) +0.576190476<x82>[B] (+0) -0.576190476<x83>[B] (+0) -0.576190476<x84>[B] (+0) -0.576190476<x85>[B] (+0) -0.576190476<x86>[B] (+1) -0.576190476<x87>[B] (+1) +0.576190476<x88>[B] (+0) -0.576190476<x89>[B] (+1) -0.576190476<x90>[B] (+1) -0.576190476<x91>[B] (+1) -0.576190476<x92>[B] (+1) +0.576190476<x93>[B] (+0) -0.576190476<x94>[B] (+1) -0.576190476<x95>[B] (+1) -0.576190476<x96>[B] (+1) +0.576190476<x97>[B] (+0) -0.576190476<x98>[B] (+1) -0.576190476<x99>[B] (+0) +0.576190476<x100>[B] (+0) -0.576190476<x101>[B] (+0) -0.576190476<x102>[B] (+0) -0.576190476<x103>[B] (+1) -0.576190476<x104>[B] (+1) -0.576190476<x105>[B] (+0) >= 12.5333333333333;
;
violation: left hand side is violated by 0.0476190476190439
  [linear] <c1037>: <x131>[C] (+18.2952381) -0.585714286<x1>[B] (+0) +0.585714286<x2>[B] (+0) +0.585714286<x3>[B] (+0) +0.585714286<x4>[B] (+0) -0.585714286<x5>[B] (+0) +0.585714286<x6>[B] (+0) +0.585714286<x7>[B] (+0) +0.585714286<x8>[B] (+0) +0.585714286<x9>[B] (+0) +0.585714286<x10>[B] (+0) -0.585714286<x11>[B] (+0) +0.585714286<x12>[B] (+0) +0.585714286<x13>[B] (+0) -0.585714286<x14>[B] (+0) +0.585714286<x15>[B] (+1) +0.585714286<x16>[B] (+0) +0.585714286<x17>[B] (+0) +0.585714286<x18>[B] (+1) +0.585714286<x19>[B] (+1) +0.585714286<x20>[B] (+1) +0.585714286<x21>[B] (+1) +0.585714286<x22>[B] (+0) +0.585714286<x23>[B] (+1) +0.585714286<x24>[B] (+1) +0.585714286<x25>[B] (+0) +0.585714286<x26>[B] (+1) +0.585714286<x27>[B] (+1) -0.585714286<x28>[B] (+0) +0.585714286<x29>[B] (+0) -0.585714286<x30>[B] (+0) +0.585714286<x31>[B] (+0) -0.585714286<x32>[B] (+1) +0.585714286<x33>[B] (+0) +0.585714286<x34>[B] (+0) +0.585714286<x35>[B] (+1) -0.585714286<x36>[B] (+1) +0.585714286<x37>[B] (+0) +0.585714286<x38>[B] (+1) -0.585714286<x39>[B] (+0) +0.585714286<x40>[B] (+1) -0.585714286<x41>[B] (+1) +0.585714286<x42>[B] (+1) -0.585714286<x43>[B] (+1) +0.585714286<x44>[B] (+1) +0.585714286<x45>[B] (+1) +0.585714286<x46>[B] (+1) -0.585714286<x47>[B] (+1) +0.585714286<x48>[B] (+1) +0.585714286<x49>[B] (+1) -0.585714286<x50>[B] (+1) -0.585714286<x51>[B] (+1) -0.585714286<x52>[B] (+1) -0.585714286<x53>[B] (+1) -0.585714286<x54>[B] (+1) -0.585714286<x55>[B] (+1) +0.585714286<x56>[B] (+1) -0.585714286<x57>[B] (+1) -0.585714286<x58>[B] (+1) -0.585714286<x59>[B] (+1) -0.585714286<x60>[B] (+1) +0.585714286<x61>[B] (+1) +0.585714286<x62>[B] (+1) +0.585714286<x63>[B] (+1) +0.585714286<x64>[B] (+0) +0.585714286<x65>[B] (+1) -0.585714286<x66>[B] (+1) +0.585714286<x67>[B] (+0) +0.585714286<x68>[B] (+1) +0.585714286<x69>[B] (+0) -0.585714286<x70>[B] (+1) -0.585714286<x71>[B] (+1) -0.585714286<x72>[B] (+0) +0.585714286<x73>[B] (+1) -0.585714286<x74>[B] (+1) -0.585714286<x75>[B] (+0) -0.585714286<x76>[B] (+1) -0.585714286<x77>[B] (+0) +0.585714286<x78>[B] (+0) +0.585714286<x79>[B] (+0) +0.585714286<x80>[B] (+0) -0.585714286<x81>[B] (+1) +0.585714286<x82>[B] (+0) +0.585714286<x83>[B] (+0) -0.585714286<x84>[B] (+0) +0.585714286<x85>[B] (+0) +0.585714286<x86>[B] (+1) -0.585714286<x87>[B] (+1) +0.585714286<x88>[B] (+0) +0.585714286<x89>[B] (+1) -0.585714286<x90>[B] (+0) +0.585714286<x91>[B] (+1) -0.585714286<x92>[B] (+1) +0.585714286<x93>[B] (+0) -0.585714286<x94>[B] (+1) -0.585714286<x95>[B] (+1) -0.585714286<x96>[B] (+1) -0.585714286<x97>[B] (+0) -0.585714286<x98>[B] (+1) -0.585714286<x99>[B] (+0) +0.585714286<x100>[B] (+0) +0.585714286<x101>[B] (+0) +0.585714286<x102>[B] (+0) -0.585714286<x103>[B] (+1) -0.585714286<x104>[B] (+1) -0.585714286<x105>[B] (+0) >= 17.7190476190476;
;
violation: left hand side is violated by 0.00952380952380949
  [linear] <c1026>: <x114>[C] (+11.4238095) -0.461904762<x1>[B] (+0) -0.461904762<x2>[B] (+0) -0.461904762<x3>[B] (+0) +0.461904762<x4>[B] (+0) -0.461904762<x5>[B] (+0) +0.461904762<x6>[B] (+0) +0.461904762<x7>[B] (+0) -0.461904762<x8>[B] (+0) -0.461904762<x9>[B] (+0) -0.461904762<x10>[B] (+0) -0.461904762<x11>[B] (+0) -0.461904762<x12>[B] (+0) -0.461904762<x13>[B] (+0) -0.461904762<x14>[B] (+0) -0.461904762<x15>[B] (+1) +0.461904762<x16>[B] (+0) +0.461904762<x17>[B] (+0) +0.461904762<x18>[B] (+1) +0.461904762<x19>[B] (+1) +0.461904762<x20>[B] (+1) -0.461904762<x21>[B] (+1) -0.461904762<x22>[B] (+0) +0.461904762<x23>[B] (+1) -0.461904762<x24>[B] (+1) -0.461904762<x25>[B] (+0) -0.461904762<x26>[B] (+1) -0.461904762<x27>[B] (+1) +0.461904762<x28>[B] (+0) +0.461904762<x29>[B] (+0) +0.461904762<x30>[B] (+0) +0.461904762<x31>[B] (+0) +0.461904762<x32>[B] (+1) -0.461904762<x33>[B] (+0) +0.461904762<x34>[B] (+0) +0.461904762<x35>[B] (+1) +0.461904762<x36>[B] (+1) +0.461904762<x37>[B] (+0) +0.461904762<x38>[B] (+1) -0.461904762<x39>[B] (+0) +0.461904762<x40>[B] (+1) -0.461904762<x41>[B] (+1) +0.461904762<x42>[B] (+1) +0.461904762<x43>[B] (+1) -0.461904762<x44>[B] (+1) -0.461904762<x45>[B] (+1) -0.461904762<x46>[B] (+1) -0.461904762<x47>[B] (+1) -0.461904762<x48>[B] (+1) -0.461904762<x49>[B] (+1) -0.461904762<x50>[B] (+1) -0.461904762<x51>[B] (+1) -0.461904762<x52>[B] (+1) +0.461904762<x53>[B] (+1) -0.461904762<x54>[B] (+1) -0.461904762<x55>[B] (+1) -0.461904762<x56>[B] (+1) -0.461904762<x57>[B] (+1) -0.461904762<x58>[B] (+1) -0.461904762<x59>[B] (+1) -0.461904762<x60>[B] (+1) +0.461904762<x61>[B] (+1) +0.461904762<x62>[B] (+1) -0.461904762<x63>[B] (+0) -0.461904762<x64>[B] (+0) +0.461904762<x65>[B] (+1) -0.461904762<x66>[B] (+1) -0.461904762<x67>[B] (+0) -0.461904762<x68>[B] (+1) -0.461904762<x69>[B] (+0) +0.461904762<x70>[B] (+1) -0.461904762<x71>[B] (+0) -0.461904762<x72>[B] (+0) -0.461904762<x73>[B] (+1) -0.461904762<x74>[B] (+1) -0.461904762<x75>[B] (+0) -0.461904762<x76>[B] (+1) -0.461904762<x77>[B] (+0) -0.461904762<x78>[B] (+0) -0.461904762<x79>[B] (+0) -0.461904762<x80>[B] (+0) -0.461904762<x81>[B] (+1) -0.461904762<x82>[B] (+0) -0.461904762<x83>[B] (+0) -0.461904762<x84>[B] (+0) +0.461904762<x85>[B] (+0) +0.461904762<x86>[B] (+1) +0.461904762<x87>[B] (+1) +0.461904762<x88>[B] (+0) +0.461904762<x89>[B] (+1) +0.461904762<x90>[B] (+0) +0.461904762<x91>[B] (+1) +0.461904762<x92>[B] (+1) +0.461904762<x93>[B] (+0) -0.461904762<x94>[B] (+1) -0.461904762<x95>[B] (+1) -0.461904762<x96>[B] (+1) -0.461904762<x97>[B] (+0) -0.461904762<x98>[B] (+1) -0.461904762<x99>[B] (+0) -0.461904762<x100>[B] (+0) -0.461904762<x101>[B] (+0) -0.461904762<x102>[B] (+0) -0.461904762<x103>[B] (+1) -0.461904762<x104>[B] (+1) -0.461904762<x105>[B] (+0) >= 5.42857142857143;
;
violation: left hand side is violated by 0.00952380952381304
  [linear] <c1026>: <x114>[C] (+11.4238095) -0.461904762<x1>[B] (+0) -0.461904762<x2>[B] (+0) -0.461904762<x3>[B] (+0) +0.461904762<x4>[B] (+0) -0.461904762<x5>[B] (+0) +0.461904762<x6>[B] (+0) +0.461904762<x7>[B] (+0) -0.461904762<x8>[B] (+0) -0.461904762<x9>[B] (+0) -0.461904762<x10>[B] (+0) -0.461904762<x11>[B] (+0) -0.461904762<x12>[B] (+0) -0.461904762<x13>[B] (+0) -0.461904762<x14>[B] (+0) -0.461904762<x15>[B] (+1) +0.461904762<x16>[B] (+0) +0.461904762<x17>[B] (+0) +0.461904762<x18>[B] (+1) +0.461904762<x19>[B] (+1) +0.461904762<x20>[B] (+1) -0.461904762<x21>[B] (+1) -0.461904762<x22>[B] (+0) +0.461904762<x23>[B] (+1) -0.461904762<x24>[B] (+1) -0.461904762<x25>[B] (+0) -0.461904762<x26>[B] (+1) -0.461904762<x27>[B] (+1) +0.461904762<x28>[B] (+0) +0.461904762<x29>[B] (+0) +0.461904762<x30>[B] (+0) +0.461904762<x31>[B] (+0) +0.461904762<x32>[B] (+1) -0.461904762<x33>[B] (+0) +0.461904762<x34>[B] (+0) +0.461904762<x35>[B] (+1) +0.461904762<x36>[B] (+1) +0.461904762<x37>[B] (+0) +0.461904762<x38>[B] (+1) -0.461904762<x39>[B] (+0) +0.461904762<x40>[B] (+1) -0.461904762<x41>[B] (+1) +0.461904762<x42>[B] (+1) +0.461904762<x43>[B] (+1) -0.461904762<x44>[B] (+1) -0.461904762<x45>[B] (+1) -0.461904762<x46>[B] (+1) -0.461904762<x47>[B] (+1) -0.461904762<x48>[B] (+1) -0.461904762<x49>[B] (+1) -0.461904762<x50>[B] (+1) -0.461904762<x51>[B] (+1) -0.461904762<x52>[B] (+1) +0.461904762<x53>[B] (+1) -0.461904762<x54>[B] (+1) -0.461904762<x55>[B] (+1) -0.461904762<x56>[B] (+1) -0.461904762<x57>[B] (+1) -0.461904762<x58>[B] (+1) -0.461904762<x59>[B] (+1) -0.461904762<x60>[B] (+1) +0.461904762<x61>[B] (+1) +0.461904762<x62>[B] (+1) -0.461904762<x63>[B] (+0) -0.461904762<x64>[B] (+0) +0.461904762<x65>[B] (+1) -0.461904762<x66>[B] (+1) -0.461904762<x67>[B] (+0) -0.461904762<x68>[B] (+1) -0.461904762<x69>[B] (+0) +0.461904762<x70>[B] (+1) -0.461904762<x71>[B] (+0) -0.461904762<x72>[B] (+0) -0.461904762<x73>[B] (+1) -0.461904762<x74>[B] (+1) -0.461904762<x75>[B] (+0) -0.461904762<x76>[B] (+1) -0.461904762<x77>[B] (+0) -0.461904762<x78>[B] (+0) -0.461904762<x79>[B] (+0) -0.461904762<x80>[B] (+0) -0.461904762<x81>[B] (+1) -0.461904762<x82>[B] (+0) -0.461904762<x83>[B] (+0) -0.461904762<x84>[B] (+0) +0.461904762<x85>[B] (+0) +0.461904762<x86>[B] (+1) +0.461904762<x87>[B] (+1) +0.461904762<x88>[B] (+0) +0.461904762<x89>[B] (+1) +0.461904762<x90>[B] (+0) +0.461904762<x91>[B] (+1) +0.461904762<x92>[B] (+1) +0.461904762<x93>[B] (+0) -0.461904762<x94>[B] (+1) -0.461904762<x95>[B] (+1) -0.461904762<x96>[B] (+1) -0.461904762<x97>[B] (+0) -0.461904762<x98>[B] (+1) -0.461904762<x99>[B] (+0) -0.461904762<x100>[B] (+0) -0.461904762<x101>[B] (+0) -0.461904762<x102>[B] (+0) -0.461904762<x103>[B] (+1) -0.461904762<x104>[B] (+1) -0.461904762<x105>[B] (+0) >= 5.42857142857143;
;
violation: left hand side is violated by 0.00952380952381304
  [linear] <c1026>: <x114>[C] (+11.8761905) -0.461904762<x1>[B] (+0) -0.461904762<x2>[B] (+0) -0.461904762<x3>[B] (+0) +0.461904762<x4>[B] (+0) -0.461904762<x5>[B] (+0) +0.461904762<x6>[B] (+0) +0.461904762<x7>[B] (+0) -0.461904762<x8>[B] (+0) -0.461904762<x9>[B] (+0) -0.461904762<x10>[B] (+0) -0.461904762<x11>[B] (+0) -0.461904762<x12>[B] (+0) -0.461904762<x13>[B] (+0) -0.461904762<x14>[B] (+0) -0.461904762<x15>[B] (+1) +0.461904762<x16>[B] (+0) +0.461904762<x17>[B] (+0) +0.461904762<x18>[B] (+1) +0.461904762<x19>[B] (+1) +0.461904762<x20>[B] (+1) -0.461904762<x21>[B] (+1) -0.461904762<x22>[B] (+0) +0.461904762<x23>[B] (+1) -0.461904762<x24>[B] (+1) -0.461904762<x25>[B] (+0) -0.461904762<x26>[B] (+1) -0.461904762<x27>[B] (+1) +0.461904762<x28>[B] (+0) +0.461904762<x29>[B] (+0) +0.461904762<x30>[B] (+0) +0.461904762<x31>[B] (+0) +0.461904762<x32>[B] (+1) -0.461904762<x33>[B] (+0) +0.461904762<x34>[B] (+0) +0.461904762<x35>[B] (+1) +0.461904762<x36>[B] (+1) +0.461904762<x37>[B] (+0) +0.461904762<x38>[B] (+1) -0.461904762<x39>[B] (+0) +0.461904762<x40>[B] (+1) -0.461904762<x41>[B] (+1) +0.461904762<x42>[B] (+1) +0.461904762<x43>[B] (+1) -0.461904762<x44>[B] (+1) -0.461904762<x45>[B] (+1) -0.461904762<x46>[B] (+1) -0.461904762<x47>[B] (+1) -0.461904762<x48>[B] (+1) -0.461904762<x49>[B] (+1) -0.461904762<x50>[B] (+1) -0.461904762<x51>[B] (+1) -0.461904762<x52>[B] (+1) +0.461904762<x53>[B] (+1) -0.461904762<x54>[B] (+1) -0.461904762<x55>[B] (+1) -0.461904762<x56>[B] (+1) -0.461904762<x57>[B] (+1) -0.461904762<x58>[B] (+1) -0.461904762<x59>[B] (+1) -0.461904762<x60>[B] (+1) +0.461904762<x61>[B] (+1) +0.461904762<x62>[B] (+1) -0.461904762<x63>[B] (+1) -0.461904762<x64>[B] (+0) +0.461904762<x65>[B] (+1) -0.461904762<x66>[B] (+1) -0.461904762<x67>[B] (+0) -0.461904762<x68>[B] (+1) -0.461904762<x69>[B] (+0) +0.461904762<x70>[B] (+1) -0.461904762<x71>[B] (+0) -0.461904762<x72>[B] (+0) -0.461904762<x73>[B] (+1) -0.461904762<x74>[B] (+1) -0.461904762<x75>[B] (+0) -0.461904762<x76>[B] (+1) -0.461904762<x77>[B] (+0) -0.461904762<x78>[B] (+0) -0.461904762<x79>[B] (+0) -0.461904762<x80>[B] (+0) -0.461904762<x81>[B] (+1) -0.461904762<x82>[B] (+0) -0.461904762<x83>[B] (+0) -0.461904762<x84>[B] (+0) +0.461904762<x85>[B] (+0) +0.461904762<x86>[B] (+1) +0.461904762<x87>[B] (+1) +0.461904762<x88>[B] (+0) +0.461904762<x89>[B] (+1) +0.461904762<x90>[B] (+0) +0.461904762<x91>[B] (+1) +0.461904762<x92>[B] (+1) +0.461904762<x93>[B] (+0) -0.461904762<x94>[B] (+1) -0.461904762<x95>[B] (+1) -0.461904762<x96>[B] (+1) -0.461904762<x97>[B] (+0) -0.461904762<x98>[B] (+1) -0.461904762<x99>[B] (+0) -0.461904762<x100>[B] (+0) -0.461904762<x101>[B] (+0) -0.461904762<x102>[B] (+0) -0.461904762<x103>[B] (+1) -0.461904762<x104>[B] (+1) -0.461904762<x105>[B] (+0) >= 5.42857142857143;
;
violation: left hand side is violated by 0.0190476190476208
  [linear] <c1037>: <x131>[C] (+18.2952381) -0.585714286<x1>[B] (+0) +0.585714286<x2>[B] (+0) +0.585714286<x3>[B] (+0) +0.585714286<x4>[B] (+0) -0.585714286<x5>[B] (+0) +0.585714286<x6>[B] (+0) +0.585714286<x7>[B] (+0) +0.585714286<x8>[B] (+0) +0.585714286<x9>[B] (+0) +0.585714286<x10>[B] (+0) -0.585714286<x11>[B] (+0) +0.585714286<x12>[B] (+0) +0.585714286<x13>[B] (+0) -0.585714286<x14>[B] (+0) +0.585714286<x15>[B] (+1) +0.585714286<x16>[B] (+0) +0.585714286<x17>[B] (+0) +0.585714286<x18>[B] (+1) +0.585714286<x19>[B] (+1) +0.585714286<x20>[B] (+1) +0.585714286<x21>[B] (+1) +0.585714286<x22>[B] (+0) +0.585714286<x23>[B] (+1) +0.585714286<x24>[B] (+1) +0.585714286<x25>[B] (+0) +0.585714286<x26>[B] (+1) +0.585714286<x27>[B] (+1) -0.585714286<x28>[B] (+0) +0.585714286<x29>[B] (+0) -0.585714286<x30>[B] (+0) +0.585714286<x31>[B] (+0) -0.585714286<x32>[B] (+1) +0.585714286<x33>[B] (+0) +0.585714286<x34>[B] (+0) +0.585714286<x35>[B] (+1) -0.585714286<x36>[B] (+1) +0.585714286<x37>[B] (+0) +0.585714286<x38>[B] (+1) -0.585714286<x39>[B] (+0) +0.585714286<x40>[B] (+1) -0.585714286<x41>[B] (+1) +0.585714286<x42>[B] (+1) -0.585714286<x43>[B] (+1) +0.585714286<x44>[B] (+1) +0.585714286<x45>[B] (+1) +0.585714286<x46>[B] (+1) -0.585714286<x47>[B] (+1) +0.585714286<x48>[B] (+1) +0.585714286<x49>[B] (+1) -0.585714286<x50>[B] (+1) -0.585714286<x51>[B] (+1) -0.585714286<x52>[B] (+1) -0.585714286<x53>[B] (+1) -0.585714286<x54>[B] (+1) -0.585714286<x55>[B] (+1) +0.585714286<x56>[B] (+1) -0.585714286<x57>[B] (+1) -0.585714286<x58>[B] (+1) -0.585714286<x59>[B] (+1) -0.585714286<x60>[B] (+1) +0.585714286<x61>[B] (+1) +0.585714286<x62>[B] (+1) +0.585714286<x63>[B] (+1) +0.585714286<x64>[B] (+0) +0.585714286<x65>[B] (+1) -0.585714286<x66>[B] (+1) +0.585714286<x67>[B] (+0) +0.585714286<x68>[B] (+1) +0.585714286<x69>[B] (+0) -0.585714286<x70>[B] (+1) -0.585714286<x71>[B] (+1) -0.585714286<x72>[B] (+0) +0.585714286<x73>[B] (+1) -0.585714286<x74>[B] (+1) -0.585714286<x75>[B] (+0) -0.585714286<x76>[B] (+1) -0.585714286<x77>[B] (+0) +0.585714286<x78>[B] (+0) +0.585714286<x79>[B] (+0) +0.585714286<x80>[B] (+0) -0.585714286<x81>[B] (+1) +0.585714286<x82>[B] (+0) +0.585714286<x83>[B] (+0) -0.585714286<x84>[B] (+0) +0.585714286<x85>[B] (+0) +0.585714286<x86>[B] (+1) -0.585714286<x87>[B] (+1) +0.585714286<x88>[B] (+0) +0.585714286<x89>[B] (+1) -0.585714286<x90>[B] (+0) +0.585714286<x91>[B] (+1) -0.585714286<x92>[B] (+1) +0.585714286<x93>[B] (+0) -0.585714286<x94>[B] (+1) -0.585714286<x95>[B] (+1) -0.585714286<x96>[B] (+1) -0.585714286<x97>[B] (+0) -0.585714286<x98>[B] (+1) -0.585714286<x99>[B] (+0) +0.585714286<x100>[B] (+0) +0.585714286<x101>[B] (+0) +0.585714286<x102>[B] (+0) -0.585714286<x103>[B] (+1) -0.585714286<x104>[B] (+1) -0.585714286<x105>[B] (+0) >= 17.7190476190476;
;
violation: left hand side is violated by 0.00952380952381304
  [linear] <c1028>: <x116>[C] (+17.1142857) -0.576190476<x1>[B] (+0) -0.576190476<x2>[B] (+0) +0.576190476<x3>[B] (+0) -0.576190476<x4>[B] (+0) +0.576190476<x5>[B] (+0) +0.576190476<x6>[B] (+0) +0.576190476<x7>[B] (+0) +0.576190476<x8>[B] (+0) +0.576190476<x9>[B] (+0) +0.576190476<x10>[B] (+0) -0.576190476<x11>[B] (+0) +0.576190476<x12>[B] (+0) -0.576190476<x13>[B] (+0) -0.576190476<x14>[B] (+0) -0.576190476<x15>[B] (+1) +0.576190476<x16>[B] (+0) -0.576190476<x17>[B] (+0) +0.576190476<x18>[B] (+1) +0.576190476<x19>[B] (+1) +0.576190476<x20>[B] (+1) +0.576190476<x21>[B] (+1) +0.576190476<x22>[B] (+0) +0.576190476<x23>[B] (+1) -0.576190476<x24>[B] (+1) +0.576190476<x25>[B] (+0) -0.576190476<x26>[B] (+1) -0.576190476<x27>[B] (+1) +0.576190476<x28>[B] (+0) +0.576190476<x29>[B] (+0) +0.576190476<x30>[B] (+0) +0.576190476<x31>[B] (+0) +0.576190476<x32>[B] (+1) +0.576190476<x33>[B] (+0) +0.576190476<x34>[B] (+0) +0.576190476<x35>[B] (+1) +0.576190476<x36>[B] (+1) +0.576190476<x37>[B] (+0) +0.576190476<x38>[B] (+1) +0.576190476<x39>[B] (+0) -0.576190476<x40>[B] (+1) +0.576190476<x41>[B] (+1) +0.576190476<x42>[B] (+1) -0.576190476<x43>[B] (+1) +0.576190476<x44>[B] (+1) -0.576190476<x45>[B] (+1) -0.576190476<x46>[B] (+1) -0.576190476<x47>[B] (+1) +0.576190476<x48>[B] (+1) -0.576190476<x49>[B] (+1) -0.576190476<x50>[B] (+1) +0.576190476<x51>[B] (+1) +0.576190476<x52>[B] (+1) +0.576190476<x53>[B] (+1) +0.576190476<x54>[B] (+1) +0.576190476<x55>[B] (+1) +0.576190476<x56>[B] (+1) +0.576190476<x57>[B] (+1) +0.576190476<x58>[B] (+1) +0.576190476<x59>[B] (+1) -0.576190476<x60>[B] (+1) +0.576190476<x61>[B] (+1) -0.576190476<x62>[B] (+1) +0.576190476<x63>[B] (+1) -0.576190476<x64>[B] (+0) -0.576190476<x65>[B] (+1) -0.576190476<x66>[B] (+1) +0.576190476<x67>[B] (+0) -0.576190476<x68>[B] (+1) -0.576190476<x69>[B] (+0) -0.576190476<x70>[B] (+1) +0.576190476<x71>[B] (+0) -0.576190476<x72>[B] (+0) -0.576190476<x73>[B] (+1) -0.576190476<x74>[B] (+1) +0.576190476<x75>[B] (+0) -0.576190476<x76>[B] (+1) -0.576190476<x77>[B] (+0) +0.576190476<x78>[B] (+0) -0.576190476<x79>[B] (+0) -0.576190476<x80>[B] (+0) -0.576190476<x81>[B] (+1) +0.576190476<x82>[B] (+0) -0.576190476<x83>[B] (+0) -0.576190476<x84>[B] (+0) -0.576190476<x85>[B] (+0) -0.576190476<x86>[B] (+1) -0.576190476<x87>[B] (+1) +0.576190476<x88>[B] (+0) -0.576190476<x89>[B] (+1) -0.576190476<x90>[B] (+0) -0.576190476<x91>[B] (+1) -0.576190476<x92>[B] (+1) +0.576190476<x93>[B] (+0) -0.576190476<x94>[B] (+1) -0.576190476<x95>[B] (+1) -0.576190476<x96>[B] (+1) +0.576190476<x97>[B] (+0) -0.576190476<x98>[B] (+1) -0.576190476<x99>[B] (+0) +0.576190476<x100>[B] (+0) -0.576190476<x101>[B] (+0) -0.576190476<x102>[B] (+0) -0.576190476<x103>[B] (+1) -0.576190476<x104>[B] (+1) -0.576190476<x105>[B] (+0) >= 12.5333333333333;
;
violation: left hand side is violated by 0.0285714285714249
  [linear] <c1024>: <x111>[C] (+11.4047619) -0.461904762<x1>[B] (+0) -0.461904762<x2>[B] (+0) -0.461904762<x3>[B] (+0) -0.461904762<x4>[B] (+0) +0.461904762<x5>[B] (+0) -0.461904762<x6>[B] (+0) +0.461904762<x7>[B] (+0) -0.461904762<x8>[B] (+0) -0.461904762<x9>[B] (+0) -0.461904762<x10>[B] (+0) -0.461904762<x11>[B] (+0) +0.461904762<x12>[B] (+0) +0.461904762<x13>[B] (+0) -0.461904762<x14>[B] (+0) -0.461904762<x15>[B] (+1) -0.461904762<x16>[B] (+0) -0.461904762<x17>[B] (+0) +0.461904762<x18>[B] (+1) +0.461904762<x19>[B] (+1) +0.461904762<x20>[B] (+1) -0.461904762<x21>[B] (+1) -0.461904762<x22>[B] (+0) -0.461904762<x23>[B] (+1) -0.461904762<x24>[B] (+1) +0.461904762<x25>[B] (+0) +0.461904762<x26>[B] (+1) -0.461904762<x27>[B] (+1) -0.461904762<x28>[B] (+0) +0.461904762<x29>[B] (+0) +0.461904762<x30>[B] (+0) +0.461904762<x31>[B] (+0) +0.461904762<x32>[B] (+1) -0.461904762<x33>[B] (+0) +0.461904762<x34>[B] (+0) -0.461904762<x35>[B] (+1) -0.461904762<x36>[B] (+1) +0.461904762<x37>[B] (+0) +0.461904762<x38>[B] (+1) -0.461904762<x39>[B] (+0) +0.461904762<x40>[B] (+1) +0.461904762<x41>[B] (+1) +0.461904762<x42>[B] (+1) +0.461904762<x43>[B] (+1) +0.461904762<x44>[B] (+1) +0.461904762<x45>[B] (+1) -0.461904762<x46>[B] (+1) -0.461904762<x47>[B] (+1) +0.461904762<x48>[B] (+1) +0.461904762<x49>[B] (+1) -0.461904762<x50>[B] (+1) +0.461904762<x51>[B] (+1) +0.461904762<x52>[B] (+1) +0.461904762<x53>[B] (+1) -0.461904762<x54>[B] (+1) -0.461904762<x55>[B] (+1) -0.461904762<x56>[B] (+1) -0.461904762<x57>[B] (+1) +0.461904762<x58>[B] (+1) +0.461904762<x59>[B] (+1) -0.461904762<x60>[B] (+1) -0.461904762<x61>[B] (+1) +0.461904762<x62>[B] (+1) -0.461904762<x63>[B] (+1) -0.461904762<x64>[B] (+0) -0.461904762<x65>[B] (+1) -0.461904762<x66>[B] (+1) +0.461904762<x67>[B] (+0) +0.461904762<x68>[B] (+1) -0.461904762<x69>[B] (+0) +0.461904762<x70>[B] (+1) -0.461904762<x71>[B] (+1) -0.461904762<x72>[B] (+0) -0.461904762<x73>[B] (+1) -0.461904762<x74>[B] (+1) +0.461904762<x75>[B] (+0) +0.461904762<x76>[B] (+1) -0.461904762<x77>[B] (+0) -0.461904762<x78>[B] (+0) -0.461904762<x79>[B] (+0) -0.461904762<x80>[B] (+0) -0.461904762<x81>[B] (+1) -0.461904762<x82>[B] (+0) -0.461904762<x83>[B] (+0) -0.461904762<x84>[B] (+0) +0.461904762<x85>[B] (+0) -0.461904762<x86>[B] (+1) -0.461904762<x87>[B] (+1) +0.461904762<x88>[B] (+0) +0.461904762<x89>[B] (+1) -0.461904762<x90>[B] (+0) -0.461904762<x91>[B] (+1) -0.461904762<x92>[B] (+1) +0.461904762<x93>[B] (+0) +0.461904762<x94>[B] (+1) -0.461904762<x95>[B] (+1) +0.461904762<x96>[B] (+1) +0.461904762<x97>[B] (+0) +0.461904762<x98>[B] (+1) +0.461904762<x99>[B] (+0) +0.461904762<x100>[B] (+0) +0.461904762<x101>[B] (+0) +0.461904762<x102>[B] (+0) +0.461904762<x103>[B] (+1) -0.461904762<x104>[B] (+1) -0.461904762<x105>[B] (+0) >= 10.9714285714286;
;
violation: left hand side is violated by 0.0285714285714302
all 10 solutions given by solution candidate storage are infeasible

feasible solution found by trivial heuristic after 0.0 seconds, objective value -4.000008e+06
presolving:
   (0.0s) symmetry computation started: requiring (bin +, int +, cont +), (fixed: bin -, int -, cont -)
   (0.0s) no symmetry present (symcode time: 0.00)
presolving (0 rounds: 0 fast, 0 medium, 0 exhaustive):
 0 deleted vars, 0 deleted constraints, 0 added constraints, 0 tightened bounds, 0 added holes, 0 changed sides, 0 changed coefficients
 0 implications, 0 cliques, 0 implied integral variables (0 bin, 0 int, 0 cont)
presolved problem has 145 variables (105 bin, 0 int, 40 cont) and 1043 constraints
   1043 constraints of type <linear>
Presolving Time: 0.01
transformed 1/1 original solutions to the transformed problem space

 time | node  | left  |LP iter|LP it/n|mem/heur|mdpt |vars |cons |rows |cuts |sepa|confs|strbr|  dualbound   | primalbound  |  gap   | compl. 
p 0.0s|     1 |     0 |    13 |     - |   locks|   0 | 145 |1043 |1043 |   0 |  0 |   0 |   0 | 3.220000e+02 |-6.318476e+02 |    Inf | unknown
  0.0s|     1 |     0 |   308 |     - |    20M |   0 | 145 |1043 |1043 |   0 |  0 |   0 |   0 |-4.044363e+02 |-6.318476e+02 |  56.23%| unknown
r 0.0s|     1 |     0 |   308 |     - |shifting|   0 | 145 |1043 |1043 |   0 |  0 |   0 |   0 |-4.044363e+02 |-4.299062e+02 |   6.30%| unknown
  0.1s|     1 |     0 |   315 |     - |    20M |   0 | 145 |1043 |1046 |   3 |  1 |   0 |   0 |-4.044520e+02 |-4.299062e+02 |   6.29%| unknown
  0.1s|     1 |     0 |   315 |     - |    20M |   0 | 145 |1043 |1046 |   3 |  1 |   0 |   0 |-4.044520e+02 |-4.299062e+02 |   6.29%| unknown
  0.1s|     1 |     0 |   327 |     - |    20M |   0 | 145 |1043 |1049 |   6 |  2 |   0 |   0 |-4.045715e+02 |-4.299062e+02 |   6.26%| unknown
  0.1s|     1 |     0 |   333 |     - |    20M |   0 | 145 |1043 |1053 |  10 |  3 |   0 |   0 |-4.045861e+02 |-4.299062e+02 |   6.26%| unknown
  0.1s|     1 |     0 |   340 |     - |    20M |   0 | 145 |1043 |1055 |  12 |  4 |   0 |   0 |-4.046088e+02 |-4.299062e+02 |   6.25%| unknown
  0.2s|     1 |     0 |   355 |     - |    20M |   0 | 145 |1043 |1057 |  14 |  5 |   0 |   0 |-4.046356e+02 |-4.299062e+02 |   6.25%| unknown
  0.2s|     1 |     0 |   371 |     - |    20M |   0 | 145 |1043 |1060 |  17 |  6 |   0 |   0 |-4.046448e+02 |-4.299062e+02 |   6.24%| unknown
  0.2s|     1 |     0 |   383 |     - |    20M |   0 | 145 |1043 |1063 |  20 |  7 |   0 |   0 |-4.046604e+02 |-4.299062e+02 |   6.24%| unknown
  0.3s|     1 |     0 |   398 |     - |    20M |   0 | 145 |1043 |1065 |  22 |  8 |   0 |   0 |-4.046830e+02 |-4.299062e+02 |   6.23%| unknown
  0.3s|     1 |     0 |   406 |     - |    21M |   0 | 145 |1043 |1067 |  24 |  9 |   0 |   0 |-4.046936e+02 |-4.299062e+02 |   6.23%| unknown
  0.3s|     1 |     0 |   414 |     - |    21M |   0 | 145 |1043 |1071 |  28 | 10 |   0 |   0 |-4.046979e+02 |-4.299062e+02 |   6.23%| unknown
  0.4s|     1 |     0 |   424 |     - |    21M |   0 | 145 |1043 |1073 |  30 | 11 |   0 |   0 |-4.047116e+02 |-4.299062e+02 |   6.23%| unknown
 time | node  | left  |LP iter|LP it/n|mem/heur|mdpt |vars |cons |rows |cuts |sepa|confs|strbr|  dualbound   | primalbound  |  gap   | compl. 
  0.4s|     1 |     0 |   427 |     - |    22M |   0 | 145 |1043 |1075 |  32 | 12 |   0 |   0 |-4.047141e+02 |-4.299062e+02 |   6.22%| unknown
r 0.4s|     1 |     0 |   467 |     - |intshift|   0 | 145 |1043 |1075 |  32 | 12 |   0 |   0 |-4.047141e+02 |-4.129714e+02 |   2.04%| unknown
d 0.4s|     1 |     0 |   569 |     - |farkasdi|   0 | 145 |1043 |1075 |   0 | 12 |   0 |   0 |-4.047141e+02 |-4.059238e+02 |   0.30%| unknown
L 0.4s|     1 |     0 |   569 |     - |    rens|   0 | 145 |1043 |1075 |  32 | 12 |   0 |   0 |-4.047141e+02 |-4.052857e+02 |   0.14%| unknown
  0.4s|     1 |     0 |   569 |     - |    22M |   0 | 145 |1043 |1075 |  32 | 12 |   0 |   0 |-4.047141e+02 |-4.052857e+02 |   0.14%| unknown
  0.4s|     1 |     0 |   569 |     - |    22M |   0 | 145 |1043 | 381 |  32 | 12 |   0 |   0 |-4.047141e+02 |-4.052857e+02 |   0.14%| unknown
  0.4s|     1 |     0 |   577 |     - |    22M |   0 | 145 |1043 | 383 |  34 | 13 |   0 |   0 |-4.047186e+02 |-4.052857e+02 |   0.14%| unknown
  0.5s|     1 |     0 |   581 |     - |    22M |   0 | 145 |1043 | 384 |  35 | 14 |   0 |   0 |-4.047273e+02 |-4.052857e+02 |   0.14%| unknown
  0.5s|     1 |     0 |   581 |     - |    22M |   0 | 145 | 278 | 384 |  35 | 14 |   0 |   0 |-4.047273e+02 |-4.052857e+02 |   0.14%| unknown
  0.5s|     1 |     0 |   585 |     - |    22M |   0 | 145 | 278 | 386 |  37 | 15 |   0 |   0 |-4.047300e+02 |-4.052857e+02 |   0.14%| unknown
  0.5s|     1 |     0 |   590 |     - |    22M |   0 | 145 | 278 | 381 |  38 | 16 |   0 |   0 |-4.047336e+02 |-4.052857e+02 |   0.14%| unknown
(run 1, node 1) restarting after 69 global fixings of integer variables

(restart) converted 32 cuts from the global cut pool into linear constraints

presolving:
presolving (0 rounds: 0 fast, 0 medium, 0 exhaustive):
 0 deleted vars, 0 deleted constraints, 0 added constraints, 0 tightened bounds, 0 added holes, 0 changed sides, 0 changed coefficients
 0 implications, 0 cliques, 0 implied integral variables (0 bin, 0 int, 0 cont)
presolved problem has 145 variables (105 bin, 0 int, 40 cont) and 310 constraints
    310 constraints of type <linear>
Presolving Time: 0.01
transformed 21/24 original solutions to the transformed problem space

 time | node  | left  |LP iter|LP it/n|mem/heur|mdpt |vars |cons |rows |cuts |sepa|confs|strbr|  dualbound   | primalbound  |  gap   | compl. 
  0.5s|     1 |     0 |   875 |     - |    22M |   0 | 145 | 310 | 310 |   0 |  0 |   0 |   0 |-4.047336e+02 |-4.052857e+02 |   0.14%| unknown
  0.5s|     1 |     0 |   875 |     - |    22M |   0 | 145 | 310 | 285 |   0 |  0 |   0 |   0 |-4.047336e+02 |-4.052857e+02 |   0.14%| unknown
  0.5s|     1 |     0 |   880 |     - |    22M |   0 | 145 | 310 | 287 |   2 |  1 |   0 |   0 |-4.047346e+02 |-4.052857e+02 |   0.14%| unknown
  0.5s|     1 |     0 |   888 |     - |    22M |   0 | 145 | 310 | 288 |   3 |  2 |   0 |   0 |-4.047399e+02 |-4.052857e+02 |   0.13%| unknown
  0.6s|     1 |     0 |   895 |     - |    22M |   0 | 145 | 310 | 289 |   4 |  3 |   0 |   0 |-4.047439e+02 |-4.052857e+02 |   0.13%| unknown
  0.6s|     1 |     0 |   906 |     - |    22M |   0 | 145 | 310 | 291 |   6 |  4 |   0 |   0 |-4.047548e+02 |-4.052857e+02 |   0.13%| unknown
  0.6s|     1 |     0 |   913 |     - |    22M |   0 | 145 | 310 | 293 |   8 |  5 |   0 |   0 |-4.047662e+02 |-4.052857e+02 |   0.13%| unknown
  0.6s|     1 |     0 |   913 |     - |    22M |   0 | 145 | 310 | 285 |   8 |  5 |   0 |   0 |-4.047662e+02 |-4.052857e+02 |   0.13%| unknown
  0.7s|     1 |     0 |   920 |     - |    22M |   0 | 145 | 310 | 287 |  10 |  6 |   0 |   0 |-4.047687e+02 |-4.052857e+02 |   0.13%| unknown
  0.7s|     1 |     0 |   942 |     - |    22M |   0 | 145 | 310 | 288 |  11 |  7 |   0 |   0 |-4.047782e+02 |-4.052857e+02 |   0.13%| unknown
  0.8s|     1 |     0 |   951 |     - |    22M |   0 | 145 | 310 | 290 |  13 |  8 |   0 |   0 |-4.047809e+02 |-4.052857e+02 |   0.12%| unknown
  0.8s|     1 |     0 |   967 |     - |    22M |   0 | 145 | 310 | 292 |  15 |  9 |   0 |   0 |-4.047887e+02 |-4.052857e+02 |   0.12%| unknown
  0.8s|     1 |     0 |   968 |     - |    22M |   0 | 145 | 310 | 294 |  17 | 10 |   0 |   0 |-4.047901e+02 |-4.052857e+02 |   0.12%| unknown
  0.9s|     1 |     0 |   970 |     - |    22M |   0 | 145 | 310 | 281 |  19 | 11 |   0 |   0 |-4.047903e+02 |-4.052857e+02 |   0.12%| unknown
  0.9s|     1 |     0 |   970 |     - |    22M |   0 | 145 | 243 | 281 |  19 | 11 |   0 |   0 |-4.047903e+02 |-4.052857e+02 |   0.12%| unknown
 time | node  | left  |LP iter|LP it/n|mem/heur|mdpt |vars |cons |rows |cuts |sepa|confs|strbr|  dualbound   | primalbound  |  gap   | compl. 
  0.9s|     1 |     0 |   982 |     - |    22M |   0 | 145 | 243 | 283 |  21 | 12 |   0 |   0 |-4.047924e+02 |-4.052857e+02 |   0.12%| unknown
  0.9s|     1 |     0 |   987 |     - |    22M |   0 | 145 | 243 | 285 |  23 | 13 |   0 |   0 |-4.047932e+02 |-4.052857e+02 |   0.12%| unknown
  1.0s|     1 |     0 |  1164 |     - |    22M |   0 | 145 | 249 | 285 |  23 | 14 |   6 |   1 |-4.048014e+02 |-4.052857e+02 |   0.12%| unknown
  1.0s|     1 |     0 |  1172 |     - |    22M |   0 | 145 | 249 | 286 |  24 | 15 |   6 |   1 |-4.048014e+02 |-4.052857e+02 |   0.12%| unknown
  1.0s|     1 |     0 |  1227 |     - |    22M |   0 | 145 | 234 | 286 |  24 | 16 |   8 |   3 |-4.050852e+02 |-4.052857e+02 |   0.05%| unknown
  1.0s|     1 |     0 |  1234 |     - |    22M |   0 | 145 | 234 | 229 |  24 | 16 |   9 |   3 |-4.052857e+02 |-4.052857e+02 |   0.00%| unknown
  1.0s|     1 |     0 |  1234 |     - |    22M |   0 | 145 | 234 | 229 |  24 | 16 |   9 |   3 |-4.052857e+02 |-4.052857e+02 |   0.00%| unknown

SCIP Status        : problem is solved [optimal solution found]
Solving Time (sec) : 1.03
Solving Nodes      : 1 (total of 2 nodes in 2 runs)
Primal Bound       : -4.05285714285714e+02 (41 solutions)
Dual Bound         : -4.05285714285714e+02
Gap                : 0.00 %
  [linear] <c1044>: <x107>[C] (+18.247619) -0.585714286<x1>[B] (+0) +0.585714286<x2>[B] (+0) -0.585714286<x3>[B] (+0) +0.585714286<x4>[B] (+0) -0.585714286<x5>[B] (+0) +0.585714286<x6>[B] (+0) +0.585714286<x7>[B] (+0) -0.585714286<x8>[B] (+0) +0.585714286<x9>[B] (+0) +0.585714286<x10>[B] (+0) -0.585714286<x11>[B] (+0) -0.585714286<x12>[B] (+0) -0.585714286<x13>[B] (+0) -0.585714286<x14>[B] (+0) +0.585714286<x15>[B] (+1) -0.585714286<x16>[B] (+0) +0.585714286<x17>[B] (+0) -0.585714286<x18>[B] (+0) +0.585714286<x19>[B] (+0) +0.585714286<x20>[B] (+1) -0.585714286<x21>[B] (+1) +0.585714286<x22>[B] (+0) +0.585714286<x23>[B] (+1) -0.585714286<x24>[B] (+1) +0.585714286<x25>[B] (+0) -0.585714286<x26>[B] (+1) +0.585714286<x27>[B] (+0) -0.585714286<x28>[B] (+0) +0.585714286<x29>[B] (+0) -0.585714286<x30>[B] (+0) +0.585714286<x31>[B] (+0) +0.585714286<x32>[B] (+1) -0.585714286<x33>[B] (+1) +0.585714286<x34>[B] (+0) -0.585714286<x35>[B] (+1) -0.585714286<x36>[B] (+1) -0.585714286<x37>[B] (+0) -0.585714286<x38>[B] (+1) -0.585714286<x39>[B] (+0) +0.585714286<x40>[B] (+1) -0.585714286<x41>[B] (+1) +0.585714286<x42>[B] (+1) +0.585714286<x43>[B] (+1) -0.585714286<x44>[B] (+1) +0.585714286<x45>[B] (+1) +0.585714286<x46>[B] (+1) -0.585714286<x47>[B] (+1) +0.585714286<x48>[B] (+1) -0.585714286<x49>[B] (+1) +0.585714286<x50>[B] (+1) -0.585714286<x51>[B] (+1) -0.585714286<x52>[B] (+1) -0.585714286<x53>[B] (+1) -0.585714286<x54>[B] (+1) -0.585714286<x55>[B] (+1) -0.585714286<x56>[B] (+1) -0.585714286<x57>[B] (+1) -0.585714286<x58>[B] (+1) -0.585714286<x59>[B] (+1) -0.585714286<x60>[B] (+1) +0.585714286<x61>[B] (+1) +0.585714286<x62>[B] (+1) +0.585714286<x63>[B] (+1) +0.585714286<x64>[B] (+0) +0.585714286<x65>[B] (+1) +0.585714286<x66>[B] (+1) +0.585714286<x67>[B] (+0) -0.585714286<x68>[B] (+1) +0.585714286<x69>[B] (+0) -0.585714286<x70>[B] (+1) -0.585714286<x71>[B] (+1) -0.585714286<x72>[B] (+0) -0.585714286<x73>[B] (+1) -0.585714286<x74>[B] (+1) -0.585714286<x75>[B] (+0) -0.585714286<x76>[B] (+1) -0.585714286<x77>[B] (+0) -0.585714286<x78>[B] (+0) +0.585714286<x79>[B] (+0) -0.585714286<x80>[B] (+0) -0.585714286<x81>[B] (+1) -0.585714286<x82>[B] (+0) -0.585714286<x83>[B] (+0) -0.585714286<x84>[B] (+0) +0.585714286<x85>[B] (+0) +0.585714286<x86>[B] (+1) -0.585714286<x87>[B] (+1) +0.585714286<x88>[B] (+0) -0.585714286<x89>[B] (+1) +0.585714286<x90>[B] (+0) -0.585714286<x91>[B] (+1) -0.585714286<x92>[B] (+1) -0.585714286<x93>[B] (+1) -0.585714286<x94>[B] (+1) -0.585714286<x95>[B] (+1) -0.585714286<x96>[B] (+1) -0.585714286<x97>[B] (+0) -0.585714286<x98>[B] (+1) -0.585714286<x99>[B] (+0) +0.585714286<x100>[B] (+0) -0.585714286<x101>[B] (+0) +0.585714286<x102>[B] (+0) -0.585714286<x103>[B] (+1) -0.585714286<x104>[B] (+0) +0.585714286<x105>[B] (+0) >= 6.00476190476191;
;
violation: left hand side is violated by 0.0571428571428534
  [linear] <c1055>: <x127>[C] (+20.7142857) +0.623809524<x1>[B] (+0) +0.623809524<x2>[B] (+0) +0.623809524<x3>[B] (+0) +0.623809524<x4>[B] (+0) +0.623809524<x5>[B] (+0) +0.623809524<x6>[B] (+0) +0.623809524<x7>[B] (+0) +0.623809524<x8>[B] (+0) +0.623809524<x9>[B] (+0) +0.623809524<x10>[B] (+0) +0.623809524<x11>[B] (+0) +0.623809524<x12>[B] (+0) +0.623809524<x13>[B] (+0) +0.623809524<x14>[B] (+0) -0.623809524<x15>[B] (+1) +0.623809524<x16>[B] (+0) -0.623809524<x17>[B] (+0) +0.623809524<x18>[B] (+0) -0.623809524<x19>[B] (+0) +0.623809524<x20>[B] (+1) -0.623809524<x21>[B] (+0) -0.623809524<x22>[B] (+0) -0.623809524<x23>[B] (+1) +0.623809524<x24>[B] (+1) +0.623809524<x25>[B] (+0) -0.623809524<x26>[B] (+1) +0.623809524<x27>[B] (+0) +0.623809524<x28>[B] (+0) +0.623809524<x29>[B] (+0) +0.623809524<x30>[B] (+0) -0.623809524<x31>[B] (+0) +0.623809524<x32>[B] (+1) +0.623809524<x33>[B] (+0) +0.623809524<x34>[B] (+0) -0.623809524<x35>[B] (+1) +0.623809524<x36>[B] (+1) +0.623809524<x37>[B] (+0) -0.623809524<x38>[B] (+1) +0.623809524<x39>[B] (+0) -0.623809524<x40>[B] (+1) -0.623809524<x41>[B] (+1) -0.623809524<x42>[B] (+1) -0.623809524<x43>[B] (+1) -0.623809524<x44>[B] (+1) -0.623809524<x45>[B] (+1) -0.623809524<x46>[B] (+1) -0.623809524<x47>[B] (+1) +0.623809524<x48>[B] (+1) -0.623809524<x49>[B] (+1) -0.623809524<x50>[B] (+1) +0.623809524<x51>[B] (+1) -0.623809524<x52>[B] (+1) +0.623809524<x53>[B] (+1) +0.623809524<x54>[B] (+1) +0.623809524<x55>[B] (+1) -0.623809524<x56>[B] (+1) +0.623809524<x57>[B] (+1) +0.623809524<x58>[B] (+1) -0.623809524<x59>[B] (+1) +0.623809524<x60>[B] (+1) -0.623809524<x61>[B] (+1) +0.623809524<x62>[B] (+1) -0.623809524<x63>[B] (+0) -0.623809524<x64>[B] (+0) -0.623809524<x65>[B] (+1) +0.623809524<x66>[B] (+1) +0.623809524<x67>[B] (+0) -0.623809524<x68>[B] (+1) +0.623809524<x69>[B] (+0) +0.623809524<x70>[B] (+1) +0.623809524<x71>[B] (+0) +0.623809524<x72>[B] (+0) +0.623809524<x73>[B] (+1) +0.623809524<x74>[B] (+1) +0.623809524<x75>[B] (+0) -0.623809524<x76>[B] (+1) +0.623809524<x77>[B] (+0) -0.623809524<x78>[B] (+0) -0.623809524<x79>[B] (+0) -0.623809524<x80>[B] (+0) +0.623809524<x81>[B] (+1) +0.623809524<x82>[B] (+0) -0.623809524<x83>[B] (+0) -0.623809524<x84>[B] (+0) -0.623809524<x85>[B] (+0) -0.623809524<x86>[B] (+1) +0.623809524<x87>[B] (+1) +0.623809524<x88>[B] (+0) -0.623809524<x89>[B] (+1) +0.623809524<x90>[B] (+0) -0.623809524<x91>[B] (+1) +0.623809524<x92>[B] (+1) +0.623809524<x93>[B] (+1) -0.623809524<x94>[B] (+1) +0.623809524<x95>[B] (+1) +0.623809524<x96>[B] (+1) +0.623809524<x97>[B] (+0) -0.623809524<x98>[B] (+1) +0.623809524<x99>[B] (+0) +0.623809524<x100>[B] (+0) -0.623809524<x101>[B] (+0) -0.623809524<x102>[B] (+0) -0.623809524<x103>[B] (+1) -0.623809524<x104>[B] (+0) +0.623809524<x105>[B] (+0) >= 17.6238095238095;
;
violation: left hand side is violated by 0.0285714285714214
  [linear] <c1057>: <x130>[C] (+21.9904762) +0.642857143<x1>[B] (+0) +0.642857143<x2>[B] (+0) +0.642857143<x3>[B] (+0) +0.642857143<x4>[B] (+0) +0.642857143<x5>[B] (+0) +0.642857143<x6>[B] (+0) +0.642857143<x7>[B] (+0) +0.642857143<x8>[B] (+0) +0.642857143<x9>[B] (+0) +0.642857143<x10>[B] (+0) +0.642857143<x11>[B] (+0) +0.642857143<x12>[B] (+0) +0.642857143<x13>[B] (+0) +0.642857143<x14>[B] (+0) -0.642857143<x15>[B] (+1) +0.642857143<x16>[B] (+0) -0.642857143<x17>[B] (+0) +0.642857143<x18>[B] (+1) +0.642857143<x19>[B] (+1) -0.642857143<x20>[B] (+1) +0.642857143<x21>[B] (+1) -0.642857143<x22>[B] (+0) -0.642857143<x23>[B] (+1) +0.642857143<x24>[B] (+1) +0.642857143<x25>[B] (+0) -0.642857143<x26>[B] (+1) +0.642857143<x27>[B] (+0) +0.642857143<x28>[B] (+0) -0.642857143<x29>[B] (+0) +0.642857143<x30>[B] (+0) +0.642857143<x31>[B] (+0) -0.642857143<x32>[B] (+1) +0.642857143<x33>[B] (+0) -0.642857143<x34>[B] (+0) +0.642857143<x35>[B] (+1) +0.642857143<x36>[B] (+1) +0.642857143<x37>[B] (+0) -0.642857143<x38>[B] (+1) +0.642857143<x39>[B] (+0) -0.642857143<x40>[B] (+1) -0.642857143<x41>[B] (+1) -0.642857143<x42>[B] (+1) -0.642857143<x43>[B] (+1) -0.642857143<x44>[B] (+1) -0.642857143<x45>[B] (+1) -0.642857143<x46>[B] (+1) -0.642857143<x47>[B] (+1) -0.642857143<x48>[B] (+1) -0.642857143<x49>[B] (+1) +0.642857143<x50>[B] (+1) +0.642857143<x51>[B] (+1) +0.642857143<x52>[B] (+1) +0.642857143<x53>[B] (+1) +0.642857143<x54>[B] (+1) +0.642857143<x55>[B] (+1) +0.642857143<x56>[B] (+1) +0.642857143<x57>[B] (+1) +0.642857143<x58>[B] (+1) +0.642857143<x59>[B] (+1) +0.642857143<x60>[B] (+1) +0.642857143<x61>[B] (+1) -0.642857143<x62>[B] (+1) +0.642857143<x63>[B] (+1) -0.642857143<x64>[B] (+0) -0.642857143<x65>[B] (+1) -0.642857143<x66>[B] (+1) -0.642857143<x67>[B] (+0) -0.642857143<x68>[B] (+1) +0.642857143<x69>[B] (+0) -0.642857143<x70>[B] (+1) -0.642857143<x71>[B] (+1) -0.642857143<x72>[B] (+0) -0.642857143<x73>[B] (+1) -0.642857143<x74>[B] (+1) -0.642857143<x75>[B] (+0) -0.642857143<x76>[B] (+1) +0.642857143<x77>[B] (+0) +0.642857143<x78>[B] (+0) +0.642857143<x79>[B] (+0) +0.642857143<x80>[B] (+0) +0.642857143<x81>[B] (+1) +0.642857143<x82>[B] (+0) +0.642857143<x83>[B] (+0) +0.642857143<x84>[B] (+0) -0.642857143<x85>[B] (+0) -0.642857143<x86>[B] (+1) -0.642857143<x87>[B] (+1) -0.642857143<x88>[B] (+0) -0.642857143<x89>[B] (+1) +0.642857143<x90>[B] (+0) +0.642857143<x91>[B] (+1) +0.642857143<x92>[B] (+1) +0.642857143<x93>[B] (+0) +0.642857143<x94>[B] (+1) +0.642857143<x95>[B] (+0) +0.642857143<x96>[B] (+1) +0.642857143<x97>[B] (+0) -0.642857143<x98>[B] (+1) +0.642857143<x99>[B] (+0) -0.642857143<x100>[B] (+0) -0.642857143<x101>[B] (+0) +0.642857143<x102>[B] (+0) -0.642857143<x103>[B] (+1) +0.642857143<x104>[B] (+1) +0.642857143<x105>[B] (+0) >= 18.8047619047619;
;
violation: left hand side is violated by 0.028571428571432
  [linear] <c1046>: <x109>[C] (+13.3190476) -0.5<x1>[B] (+0) +0.5<x2>[B] (+0) +0.5<x3>[B] (+0) -0.5<x4>[B] (+0) +0.5<x5>[B] (+0) +0.5<x6>[B] (+0) +0.5<x7>[B] (+0) -0.5<x8>[B] (+0) -0.5<x9>[B] (+0) -0.5<x10>[B] (+0) +0.5<x11>[B] (+0) +0.5<x12>[B] (+0) +0.5<x13>[B] (+0) +0.5<x14>[B] (+0) +0.5<x15>[B] (+1) +0.5<x16>[B] (+0) -0.5<x17>[B] (+0) +0.5<x18>[B] (+1) +0.5<x19>[B] (+1) +0.5<x20>[B] (+1) -0.5<x21>[B] (+1) -0.5<x22>[B] (+1) -0.5<x23>[B] (+1) +0.5<x24>[B] (+1) +0.5<x25>[B] (+0) +0.5<x26>[B] (+1) +0.5<x27>[B] (+0) -0.5<x28>[B] (+0) -0.5<x29>[B] (+0) +0.5<x30>[B] (+0) +0.5<x31>[B] (+0) -0.5<x32>[B] (+1) -0.5<x33>[B] (+0) -0.5<x34>[B] (+0) -0.5<x35>[B] (+1) -0.5<x36>[B] (+1) -0.5<x37>[B] (+0) -0.5<x38>[B] (+1) -0.5<x39>[B] (+0) -0.5<x40>[B] (+1) +0.5<x41>[B] (+1) +0.5<x42>[B] (+1) +0.5<x43>[B] (+1) -0.5<x44>[B] (+1) -0.5<x45>[B] (+1) -0.5<x46>[B] (+1) -0.5<x47>[B] (+1) +0.5<x48>[B] (+1) +0.5<x49>[B] (+1) +0.5<x50>[B] (+1) +0.5<x51>[B] (+1) +0.5<x52>[B] (+1) +0.5<x53>[B] (+1) -0.5<x54>[B] (+1) +0.5<x55>[B] (+1) +0.5<x56>[B] (+1) +0.5<x57>[B] (+1) +0.5<x58>[B] (+1) +0.5<x59>[B] (+1) +0.5<x60>[B] (+1) -0.5<x61>[B] (+1) -0.5<x62>[B] (+1) -0.5<x63>[B] (+1) -0.5<x64>[B] (+1) -0.5<x65>[B] (+1) -0.5<x66>[B] (+1) -0.5<x67>[B] (+0) -0.5<x68>[B] (+1) -0.5<x69>[B] (+0) -0.5<x70>[B] (+1) -0.5<x71>[B] (+1) -0.5<x72>[B] (+0) -0.5<x73>[B] (+1) -0.5<x74>[B] (+1) -0.5<x75>[B] (+0) -0.5<x76>[B] (+1) -0.5<x77>[B] (+0) -0.5<x78>[B] (+0) -0.5<x79>[B] (+0) -0.5<x80>[B] (+0) -0.5<x81>[B] (+1) -0.5<x82>[B] (+0) -0.5<x83>[B] (+0) +0.5<x84>[B] (+0) +0.5<x85>[B] (+0) +0.5<x86>[B] (+1) +0.5<x87>[B] (+1) +0.5<x88>[B] (+0) +0.5<x89>[B] (+1) +0.5<x90>[B] (+0) -0.5<x91>[B] (+1) +0.5<x92>[B] (+1) +0.5<x93>[B] (+0) +0.5<x94>[B] (+1) +0.5<x95>[B] (+0) +0.5<x96>[B] (+1) +0.5<x97>[B] (+0) +0.5<x98>[B] (+1) +0.5<x99>[B] (+0) +0.5<x100>[B] (+0) +0.5<x101>[B] (+0) +0.5<x102>[B] (+0) +0.5<x103>[B] (+1) +0.5<x104>[B] (+1) +0.5<x105>[B] (+0) >= 14.8761904761905;
;
violation: left hand side is violated by 0.0571428571428534
  [linear] <c1049>: <x114>[C] (+12.3571429) -0.480952381<x1>[B] (+0) -0.480952381<x2>[B] (+0) -0.480952381<x3>[B] (+0) +0.480952381<x4>[B] (+0) -0.480952381<x5>[B] (+0) +0.480952381<x6>[B] (+0) +0.480952381<x7>[B] (+0) -0.480952381<x8>[B] (+0) -0.480952381<x9>[B] (+0) -0.480952381<x10>[B] (+0) -0.480952381<x11>[B] (+0) -0.480952381<x12>[B] (+0) -0.480952381<x13>[B] (+0) -0.480952381<x14>[B] (+0) -0.480952381<x15>[B] (+1) +0.480952381<x16>[B] (+0) +0.480952381<x17>[B] (+0) +0.480952381<x18>[B] (+1) +0.480952381<x19>[B] (+1) +0.480952381<x20>[B] (+1) -0.480952381<x21>[B] (+1) -0.480952381<x22>[B] (+0) +0.480952381<x23>[B] (+1) -0.480952381<x24>[B] (+1) -0.480952381<x25>[B] (+0) -0.480952381<x26>[B] (+1) -0.480952381<x27>[B] (+1) +0.480952381<x28>[B] (+0) +0.480952381<x29>[B] (+0) +0.480952381<x30>[B] (+0) +0.480952381<x31>[B] (+0) +0.480952381<x32>[B] (+1) -0.480952381<x33>[B] (+0) +0.480952381<x34>[B] (+0) +0.480952381<x35>[B] (+1) +0.480952381<x36>[B] (+1) +0.480952381<x37>[B] (+0) +0.480952381<x38>[B] (+1) -0.480952381<x39>[B] (+0) +0.480952381<x40>[B] (+1) -0.480952381<x41>[B] (+1) +0.480952381<x42>[B] (+1) +0.480952381<x43>[B] (+1) -0.480952381<x44>[B] (+1) -0.480952381<x45>[B] (+1) -0.480952381<x46>[B] (+1) -0.480952381<x47>[B] (+1) -0.480952381<x48>[B] (+1) -0.480952381<x49>[B] (+1) -0.480952381<x50>[B] (+1) -0.480952381<x51>[B] (+1) -0.480952381<x52>[B] (+1) +0.480952381<x53>[B] (+1) -0.480952381<x54>[B] (+1) -0.480952381<x55>[B] (+1) -0.480952381<x56>[B] (+1) -0.480952381<x57>[B] (+1) -0.480952381<x58>[B] (+1) -0.480952381<x59>[B] (+1) -0.480952381<x60>[B] (+1) +0.480952381<x61>[B] (+1) +0.480952381<x62>[B] (+1) -0.480952381<x63>[B] (+1) -0.480952381<x64>[B] (+0) +0.480952381<x65>[B] (+1) -0.480952381<x66>[B] (+1) -0.480952381<x67>[B] (+0) -0.480952381<x68>[B] (+1) -0.480952381<x69>[B] (+0) +0.480952381<x70>[B] (+1) -0.480952381<x71>[B] (+1) -0.480952381<x72>[B] (+0) -0.480952381<x73>[B] (+1) -0.480952381<x74>[B] (+1) -0.480952381<x75>[B] (+0) -0.480952381<x76>[B] (+1) -0.480952381<x77>[B] (+0) -0.480952381<x78>[B] (+0) -0.480952381<x79>[B] (+0) -0.480952381<x80>[B] (+0) -0.480952381<x81>[B] (+1) -0.480952381<x82>[B] (+0) -0.480952381<x83>[B] (+0) -0.480952381<x84>[B] (+0) +0.480952381<x85>[B] (+0) +0.480952381<x86>[B] (+1) +0.480952381<x87>[B] (+1) +0.480952381<x88>[B] (+0) +0.480952381<x89>[B] (+1) +0.480952381<x90>[B] (+0) +0.480952381<x91>[B] (+1) +0.480952381<x92>[B] (+1) +0.480952381<x93>[B] (+0) -0.480952381<x94>[B] (+1) -0.480952381<x95>[B] (+1) -0.480952381<x96>[B] (+1) -0.480952381<x97>[B] (+0) -0.480952381<x98>[B] (+1) -0.480952381<x99>[B] (+0) -0.480952381<x100>[B] (+0) -0.480952381<x101>[B] (+0) -0.480952381<x102>[B] (+0) -0.480952381<x103>[B] (+1) -0.480952381<x104>[B] (+1) -0.480952381<x105>[B] (+0) >= 5.17142857142857;
;
violation: left hand side is violated by 0.0285714285714302
  [linear] <c1046>: <x109>[C] (+13.3190476) -0.5<x1>[B] (+0) +0.5<x2>[B] (+0) +0.5<x3>[B] (+0) -0.5<x4>[B] (+0) +0.5<x5>[B] (+0) +0.5<x6>[B] (+0) +0.5<x7>[B] (+0) -0.5<x8>[B] (+0) -0.5<x9>[B] (+0) -0.5<x10>[B] (+0) +0.5<x11>[B] (+0) +0.5<x12>[B] (+0) +0.5<x13>[B] (+0) +0.5<x14>[B] (+0) +0.5<x15>[B] (+1) +0.5<x16>[B] (+0) -0.5<x17>[B] (+0) +0.5<x18>[B] (+1) +0.5<x19>[B] (+1) +0.5<x20>[B] (+1) -0.5<x21>[B] (+1) -0.5<x22>[B] (+1) -0.5<x23>[B] (+1) +0.5<x24>[B] (+1) +0.5<x25>[B] (+0) +0.5<x26>[B] (+1) +0.5<x27>[B] (+0) -0.5<x28>[B] (+0) -0.5<x29>[B] (+0) +0.5<x30>[B] (+0) +0.5<x31>[B] (+0) -0.5<x32>[B] (+1) -0.5<x33>[B] (+0) -0.5<x34>[B] (+0) -0.5<x35>[B] (+1) -0.5<x36>[B] (+1) -0.5<x37>[B] (+0) -0.5<x38>[B] (+1) -0.5<x39>[B] (+0) -0.5<x40>[B] (+1) +0.5<x41>[B] (+1) +0.5<x42>[B] (+1) +0.5<x43>[B] (+1) -0.5<x44>[B] (+1) -0.5<x45>[B] (+1) -0.5<x46>[B] (+1) -0.5<x47>[B] (+1) +0.5<x48>[B] (+1) +0.5<x49>[B] (+1) +0.5<x50>[B] (+1) +0.5<x51>[B] (+1) +0.5<x52>[B] (+1) +0.5<x53>[B] (+1) -0.5<x54>[B] (+1) +0.5<x55>[B] (+1) +0.5<x56>[B] (+1) +0.5<x57>[B] (+1) +0.5<x58>[B] (+1) +0.5<x59>[B] (+1) +0.5<x60>[B] (+1) -0.5<x61>[B] (+1) -0.5<x62>[B] (+1) -0.5<x63>[B] (+1) -0.5<x64>[B] (+1) -0.5<x65>[B] (+1) -0.5<x66>[B] (+1) -0.5<x67>[B] (+0) -0.5<x68>[B] (+1) -0.5<x69>[B] (+0) -0.5<x70>[B] (+1) -0.5<x71>[B] (+1) -0.5<x72>[B] (+0) -0.5<x73>[B] (+1) -0.5<x74>[B] (+1) -0.5<x75>[B] (+0) -0.5<x76>[B] (+1) -0.5<x77>[B] (+0) -0.5<x78>[B] (+0) -0.5<x79>[B] (+0) -0.5<x80>[B] (+0) -0.5<x81>[B] (+1) -0.5<x82>[B] (+0) -0.5<x83>[B] (+0) +0.5<x84>[B] (+0) +0.5<x85>[B] (+0) +0.5<x86>[B] (+1) +0.5<x87>[B] (+1) +0.5<x88>[B] (+0) +0.5<x89>[B] (+1) +0.5<x90>[B] (+0) -0.5<x91>[B] (+1) +0.5<x92>[B] (+1) +0.5<x93>[B] (+0) +0.5<x94>[B] (+1) +0.5<x95>[B] (+0) +0.5<x96>[B] (+1) +0.5<x97>[B] (+0) +0.5<x98>[B] (+1) +0.5<x99>[B] (+0) +0.5<x100>[B] (+0) +0.5<x101>[B] (+0) +0.5<x102>[B] (+0) +0.5<x103>[B] (+1) +0.5<x104>[B] (+1) +0.5<x105>[B] (+0) >= 14.8761904761905;
;
violation: left hand side is violated by 0.0571428571428534
  [linear] <c1049>: <x114>[C] (+12.3571429) -0.480952381<x1>[B] (+0) -0.480952381<x2>[B] (+0) -0.480952381<x3>[B] (+0) +0.480952381<x4>[B] (+0) -0.480952381<x5>[B] (+0) +0.480952381<x6>[B] (+0) +0.480952381<x7>[B] (+0) -0.480952381<x8>[B] (+0) -0.480952381<x9>[B] (+0) -0.480952381<x10>[B] (+0) -0.480952381<x11>[B] (+0) -0.480952381<x12>[B] (+0) -0.480952381<x13>[B] (+0) -0.480952381<x14>[B] (+0) -0.480952381<x15>[B] (+1) +0.480952381<x16>[B] (+0) +0.480952381<x17>[B] (+0) +0.480952381<x18>[B] (+1) +0.480952381<x19>[B] (+1) +0.480952381<x20>[B] (+1) -0.480952381<x21>[B] (+1) -0.480952381<x22>[B] (+0) +0.480952381<x23>[B] (+1) -0.480952381<x24>[B] (+1) -0.480952381<x25>[B] (+0) -0.480952381<x26>[B] (+1) -0.480952381<x27>[B] (+1) +0.480952381<x28>[B] (+0) +0.480952381<x29>[B] (+0) +0.480952381<x30>[B] (+0) +0.480952381<x31>[B] (+0) +0.480952381<x32>[B] (+1) -0.480952381<x33>[B] (+0) +0.480952381<x34>[B] (+0) +0.480952381<x35>[B] (+1) +0.480952381<x36>[B] (+1) +0.480952381<x37>[B] (+0) +0.480952381<x38>[B] (+1) -0.480952381<x39>[B] (+0) +0.480952381<x40>[B] (+1) -0.480952381<x41>[B] (+1) +0.480952381<x42>[B] (+1) +0.480952381<x43>[B] (+1) -0.480952381<x44>[B] (+1) -0.480952381<x45>[B] (+1) -0.480952381<x46>[B] (+1) -0.480952381<x47>[B] (+1) -0.480952381<x48>[B] (+1) -0.480952381<x49>[B] (+1) -0.480952381<x50>[B] (+1) -0.480952381<x51>[B] (+1) -0.480952381<x52>[B] (+1) +0.480952381<x53>[B] (+1) -0.480952381<x54>[B] (+1) -0.480952381<x55>[B] (+1) -0.480952381<x56>[B] (+1) -0.480952381<x57>[B] (+1) -0.480952381<x58>[B] (+1) -0.480952381<x59>[B] (+1) -0.480952381<x60>[B] (+1) +0.480952381<x61>[B] (+1) +0.480952381<x62>[B] (+1) -0.480952381<x63>[B] (+1) -0.480952381<x64>[B] (+0) +0.480952381<x65>[B] (+1) -0.480952381<x66>[B] (+1) -0.480952381<x67>[B] (+0) -0.480952381<x68>[B] (+1) -0.480952381<x69>[B] (+0) +0.480952381<x70>[B] (+1) -0.480952381<x71>[B] (+1) -0.480952381<x72>[B] (+0) -0.480952381<x73>[B] (+1) -0.480952381<x74>[B] (+1) -0.480952381<x75>[B] (+0) -0.480952381<x76>[B] (+1) -0.480952381<x77>[B] (+0) -0.480952381<x78>[B] (+0) -0.480952381<x79>[B] (+0) -0.480952381<x80>[B] (+0) -0.480952381<x81>[B] (+1) -0.480952381<x82>[B] (+0) -0.480952381<x83>[B] (+0) -0.480952381<x84>[B] (+0) +0.480952381<x85>[B] (+0) +0.480952381<x86>[B] (+1) +0.480952381<x87>[B] (+1) +0.480952381<x88>[B] (+0) +0.480952381<x89>[B] (+1) +0.480952381<x90>[B] (+0) +0.480952381<x91>[B] (+1) +0.480952381<x92>[B] (+1) +0.480952381<x93>[B] (+0) -0.480952381<x94>[B] (+1) -0.480952381<x95>[B] (+1) -0.480952381<x96>[B] (+1) -0.480952381<x97>[B] (+0) -0.480952381<x98>[B] (+1) -0.480952381<x99>[B] (+0) -0.480952381<x100>[B] (+0) -0.480952381<x101>[B] (+0) -0.480952381<x102>[B] (+0) -0.480952381<x103>[B] (+1) -0.480952381<x104>[B] (+1) -0.480952381<x105>[B] (+0) >= 5.17142857142857;
;
violation: left hand side is violated by 0.0285714285714302
  [linear] <c1046>: <x109>[C] (+13.3190476) -0.5<x1>[B] (+0) +0.5<x2>[B] (+0) +0.5<x3>[B] (+0) -0.5<x4>[B] (+0) +0.5<x5>[B] (+0) +0.5<x6>[B] (+0) +0.5<x7>[B] (+0) -0.5<x8>[B] (+0) -0.5<x9>[B] (+0) -0.5<x10>[B] (+0) +0.5<x11>[B] (+0) +0.5<x12>[B] (+0) +0.5<x13>[B] (+0) +0.5<x14>[B] (+0) +0.5<x15>[B] (+1) +0.5<x16>[B] (+0) -0.5<x17>[B] (+0) +0.5<x18>[B] (+1) +0.5<x19>[B] (+1) +0.5<x20>[B] (+1) -0.5<x21>[B] (+1) -0.5<x22>[B] (+1) -0.5<x23>[B] (+1) +0.5<x24>[B] (+1) +0.5<x25>[B] (+0) +0.5<x26>[B] (+1) +0.5<x27>[B] (+0) -0.5<x28>[B] (+0) -0.5<x29>[B] (+0) +0.5<x30>[B] (+0) +0.5<x31>[B] (+0) -0.5<x32>[B] (+1) -0.5<x33>[B] (+0) -0.5<x34>[B] (+0) -0.5<x35>[B] (+1) -0.5<x36>[B] (+1) -0.5<x37>[B] (+0) -0.5<x38>[B] (+1) -0.5<x39>[B] (+0) -0.5<x40>[B] (+1) +0.5<x41>[B] (+1) +0.5<x42>[B] (+1) +0.5<x43>[B] (+1) -0.5<x44>[B] (+1) -0.5<x45>[B] (+1) -0.5<x46>[B] (+1) -0.5<x47>[B] (+1) +0.5<x48>[B] (+1) +0.5<x49>[B] (+1) +0.5<x50>[B] (+1) +0.5<x51>[B] (+1) +0.5<x52>[B] (+1) +0.5<x53>[B] (+1) -0.5<x54>[B] (+1) +0.5<x55>[B] (+1) +0.5<x56>[B] (+1) +0.5<x57>[B] (+1) +0.5<x58>[B] (+1) +0.5<x59>[B] (+1) +0.5<x60>[B] (+1) -0.5<x61>[B] (+1) -0.5<x62>[B] (+1) -0.5<x63>[B] (+1) -0.5<x64>[B] (+1) -0.5<x65>[B] (+1) -0.5<x66>[B] (+1) -0.5<x67>[B] (+0) -0.5<x68>[B] (+1) -0.5<x69>[B] (+0) -0.5<x70>[B] (+1) -0.5<x71>[B] (+1) -0.5<x72>[B] (+0) -0.5<x73>[B] (+1) -0.5<x74>[B] (+1) -0.5<x75>[B] (+0) -0.5<x76>[B] (+1) -0.5<x77>[B] (+0) -0.5<x78>[B] (+0) -0.5<x79>[B] (+0) -0.5<x80>[B] (+0) -0.5<x81>[B] (+1) -0.5<x82>[B] (+0) -0.5<x83>[B] (+0) +0.5<x84>[B] (+0) +0.5<x85>[B] (+0) +0.5<x86>[B] (+1) +0.5<x87>[B] (+1) +0.5<x88>[B] (+0) +0.5<x89>[B] (+1) +0.5<x90>[B] (+0) -0.5<x91>[B] (+1) +0.5<x92>[B] (+1) +0.5<x93>[B] (+0) +0.5<x94>[B] (+1) +0.5<x95>[B] (+0) +0.5<x96>[B] (+1) +0.5<x97>[B] (+0) +0.5<x98>[B] (+1) +0.5<x99>[B] (+0) +0.5<x100>[B] (+0) +0.5<x101>[B] (+0) +0.5<x102>[B] (+0) +0.5<x103>[B] (+1) +0.5<x104>[B] (+1) +0.5<x105>[B] (+0) >= 14.8761904761905;
;
violation: left hand side is violated by 0.057142857142864
  [linear] <c1046>: <x109>[C] (+12.847619) -0.5<x1>[B] (+0) +0.5<x2>[B] (+0) +0.5<x3>[B] (+0) -0.5<x4>[B] (+0) +0.5<x5>[B] (+0) +0.5<x6>[B] (+0) +0.5<x7>[B] (+0) -0.5<x8>[B] (+0) -0.5<x9>[B] (+0) -0.5<x10>[B] (+0) +0.5<x11>[B] (+0) +0.5<x12>[B] (+0) +0.5<x13>[B] (+0) +0.5<x14>[B] (+0) +0.5<x15>[B] (+1) +0.5<x16>[B] (+0) -0.5<x17>[B] (+0) +0.5<x18>[B] (+1) +0.5<x19>[B] (+1) +0.5<x20>[B] (+1) -0.5<x21>[B] (+1) -0.5<x22>[B] (+1) -0.5<x23>[B] (+1) +0.5<x24>[B] (+1) +0.5<x25>[B] (+0) +0.5<x26>[B] (+1) +0.5<x27>[B] (+0) -0.5<x28>[B] (+0) -0.5<x29>[B] (+0) +0.5<x30>[B] (+0) +0.5<x31>[B] (+0) -0.5<x32>[B] (+1) -0.5<x33>[B] (+0) -0.5<x34>[B] (+0) -0.5<x35>[B] (+1) -0.5<x36>[B] (+1) -0.5<x37>[B] (+0) -0.5<x38>[B] (+1) -0.5<x39>[B] (+0) -0.5<x40>[B] (+1) +0.5<x41>[B] (+1) +0.5<x42>[B] (+1) +0.5<x43>[B] (+1) -0.5<x44>[B] (+1) -0.5<x45>[B] (+1) -0.5<x46>[B] (+1) -0.5<x47>[B] (+1) +0.5<x48>[B] (+1) +0.5<x49>[B] (+1) +0.5<x50>[B] (+1) +0.5<x51>[B] (+1) +0.5<x52>[B] (+1) +0.5<x53>[B] (+1) -0.5<x54>[B] (+1) +0.5<x55>[B] (+1) +0.5<x56>[B] (+1) +0.5<x57>[B] (+1) +0.5<x58>[B] (+1) +0.5<x59>[B] (+1) +0.5<x60>[B] (+1) -0.5<x61>[B] (+1) -0.5<x62>[B] (+1) -0.5<x63>[B] (+1) -0.5<x64>[B] (+0) -0.5<x65>[B] (+1) -0.5<x66>[B] (+1) -0.5<x67>[B] (+0) -0.5<x68>[B] (+1) -0.5<x69>[B] (+0) -0.5<x70>[B] (+1) -0.5<x71>[B] (+1) -0.5<x72>[B] (+0) -0.5<x73>[B] (+1) -0.5<x74>[B] (+1) -0.5<x75>[B] (+0) -0.5<x76>[B] (+1) -0.5<x77>[B] (+0) -0.5<x78>[B] (+0) -0.5<x79>[B] (+0) -0.5<x80>[B] (+0) -0.5<x81>[B] (+1) -0.5<x82>[B] (+0) -0.5<x83>[B] (+0) +0.5<x84>[B] (+0) +0.5<x85>[B] (+0) +0.5<x86>[B] (+1) +0.5<x87>[B] (+1) +0.5<x88>[B] (+0) +0.5<x89>[B] (+1) +0.5<x90>[B] (+0) -0.5<x91>[B] (+1) +0.5<x92>[B] (+1) +0.5<x93>[B] (+0) +0.5<x94>[B] (+1) +0.5<x95>[B] (+0) +0.5<x96>[B] (+1) +0.5<x97>[B] (+0) +0.5<x98>[B] (+1) +0.5<x99>[B] (+0) +0.5<x100>[B] (+0) +0.5<x101>[B] (+0) +0.5<x102>[B] (+0) +0.5<x103>[B] (+1) +0.5<x104>[B] (+1) +0.5<x105>[B] (+0) >= 14.8761904761905;
;
violation: left hand side is violated by 0.0285714285714285
1/10 feasible solution given by solution candidate storage, new primal bound -4.059238e+02

presolving:
   (0.0s) symmetry computation started: requiring (bin +, int +, cont +), (fixed: bin -, int -, cont -)
   (0.0s) no symmetry present (symcode time: 0.00)
presolving (0 rounds: 0 fast, 0 medium, 0 exhaustive):
 0 deleted vars, 0 deleted constraints, 0 added constraints, 0 tightened bounds, 0 added holes, 0 changed sides, 0 changed coefficients
 0 implications, 0 cliques, 0 implied integral variables (0 bin, 0 int, 0 cont)
presolved problem has 145 variables (105 bin, 0 int, 40 cont) and 1069 constraints
   1069 constraints of type <linear>
Presolving Time: 0.01
transformed 2/2 original solutions to the transformed problem space

 time | node  | left  |LP iter|LP it/n|mem/heur|mdpt |vars |cons |rows |cuts |sepa|confs|strbr|  dualbound   | primalbound  |  gap   | compl. 
  0.0s|     1 |     0 |   319 |     - |    24M |   0 | 145 |1069 |1069 |   0 |  0 |   0 |   0 |-4.045946e+02 |-4.059238e+02 |   0.33%| unknown
  0.0s|     1 |     0 |   319 |     - |    24M |   0 | 145 |1069 | 443 |   0 |  0 |   0 |   0 |-4.045946e+02 |-4.059238e+02 |   0.33%| unknown
  0.1s|     1 |     0 |   336 |     - |    24M |   0 | 145 |1069 | 453 |  10 |  1 |   0 |   0 |-4.046870e+02 |-4.059238e+02 |   0.31%| unknown
  0.1s|     1 |     0 |   344 |     - |    24M |   0 | 145 |1069 | 456 |  13 |  2 |   0 |   0 |-4.047006e+02 |-4.059238e+02 |   0.30%| unknown
  0.1s|     1 |     0 |   358 |     - |    24M |   0 | 145 |1069 | 459 |  16 |  3 |   0 |   0 |-4.047284e+02 |-4.059238e+02 |   0.30%| unknown
  0.1s|     1 |     0 |   370 |     - |    24M |   0 | 145 |1069 | 462 |  19 |  4 |   0 |   0 |-4.047638e+02 |-4.059238e+02 |   0.29%| unknown
  0.2s|     1 |     0 |   383 |     - |    24M |   0 | 145 |1069 | 464 |  21 |  5 |   0 |   0 |-4.047730e+02 |-4.059238e+02 |   0.28%| unknown
  0.2s|     1 |     0 |   390 |     - |    24M |   0 | 145 |1069 | 467 |  24 |  6 |   0 |   0 |-4.047752e+02 |-4.059238e+02 |   0.28%| unknown
  0.3s|     1 |     0 |   400 |     - |    24M |   0 | 145 |1069 | 470 |  27 |  7 |   0 |   0 |-4.047903e+02 |-4.059238e+02 |   0.28%| unknown
  0.3s|     1 |     0 |   412 |     - |    25M |   0 | 145 |1069 | 474 |  31 |  8 |   0 |   0 |-4.047990e+02 |-4.059238e+02 |   0.28%| unknown
  0.3s|     1 |     0 |   418 |     - |    25M |   0 | 145 |1069 | 478 |  35 |  9 |   0 |   0 |-4.048061e+02 |-4.059238e+02 |   0.28%| unknown
  0.4s|     1 |     0 |   430 |     - |    25M |   0 | 145 |1069 | 480 |  37 | 10 |   0 |   0 |-4.048193e+02 |-4.059238e+02 |   0.27%| unknown
  0.4s|     1 |     0 |   435 |     - |    25M |   0 | 145 |1069 | 482 |  40 | 11 |   0 |   0 |-4.048198e+02 |-4.059238e+02 |   0.27%| unknown
  0.4s|     1 |     0 |   435 |     - |    25M |   0 | 145 | 397 | 482 |  40 | 11 |   1 |   0 |-4.048198e+02 |-4.059238e+02 |   0.27%| unknown
  0.5s|     1 |     0 |   441 |     - |    25M |   0 | 145 | 397 | 485 |  43 | 12 |   1 |   0 |-4.048240e+02 |-4.059238e+02 |   0.27%| unknown
 time | node  | left  |LP iter|LP it/n|mem/heur|mdpt |vars |cons |rows |cuts |sepa|confs|strbr|  dualbound   | primalbound  |  gap   | compl. 
L 0.5s|     1 |     0 |   655 |     - |    rens|   0 | 145 | 399 | 485 |  43 | 13 |   3 |   0 |-4.048240e+02 |-4.055333e+02 |   0.18%| unknown
(run 1, node 1) restarting after 57 global fixings of integer variables

(restart) converted 42 cuts from the global cut pool into linear constraints

presolving:
presolving (0 rounds: 0 fast, 0 medium, 0 exhaustive):
 0 deleted vars, 0 deleted constraints, 0 added constraints, 0 tightened bounds, 0 added holes, 0 changed sides, 0 changed coefficients
 0 implications, 0 cliques, 0 implied integral variables (0 bin, 0 int, 0 cont)
presolved problem has 145 variables (105 bin, 0 int, 40 cont) and 441 constraints
    438 constraints of type <linear>
      3 constraints of type <logicor>
Presolving Time: 0.01
transformed 15/17 original solutions to the transformed problem space

 time | node  | left  |LP iter|LP it/n|mem/heur|mdpt |vars |cons |rows |cuts |sepa|confs|strbr|  dualbound   | primalbound  |  gap   | compl. 
  0.6s|     1 |     0 |   931 |     - |    25M |   0 | 145 | 441 | 438 |   0 |  0 |   3 |   0 |-4.048240e+02 |-4.055333e+02 |   0.18%| unknown
  0.6s|     1 |     0 |   931 |     - |    25M |   0 | 145 | 441 | 378 |   0 |  0 |   3 |   0 |-4.048240e+02 |-4.055333e+02 |   0.18%| unknown
  0.6s|     1 |     0 |   935 |     - |    25M |   0 | 145 | 441 | 380 |   2 |  1 |   3 |   0 |-4.048261e+02 |-4.055333e+02 |   0.17%| unknown
  0.6s|     1 |     0 |   955 |     - |    25M |   0 | 145 | 441 | 381 |   3 |  2 |   3 |   0 |-4.048331e+02 |-4.055333e+02 |   0.17%| unknown
  0.7s|     1 |     0 |   976 |     - |    25M |   0 | 145 | 441 | 383 |   5 |  3 |   3 |   0 |-4.048492e+02 |-4.055333e+02 |   0.17%| unknown
  0.7s|     1 |     0 |   977 |     - |    25M |   0 | 145 | 441 | 384 |   6 |  4 |   3 |   0 |-4.048524e+02 |-4.055333e+02 |   0.17%| unknown
  0.8s|     1 |     0 |   983 |     - |    25M |   0 | 145 | 441 | 385 |   7 |  5 |   3 |   0 |-4.048548e+02 |-4.055333e+02 |   0.17%| unknown
  0.8s|     1 |     0 |   989 |     - |    26M |   0 | 145 | 441 | 386 |   8 |  6 |   3 |   0 |-4.048584e+02 |-4.055333e+02 |   0.17%| unknown
  0.9s|     1 |     0 |  1009 |     - |    26M |   0 | 145 | 441 | 388 |  10 |  7 |   3 |   0 |-4.048664e+02 |-4.055333e+02 |   0.16%| unknown
  0.9s|     1 |     0 |  1033 |     - |    26M |   0 | 145 | 441 | 390 |  12 |  8 |   3 |   0 |-4.048746e+02 |-4.055333e+02 |   0.16%| unknown
  1.0s|     1 |     0 |  1056 |     - |    26M |   0 | 145 | 441 | 393 |  15 |  9 |   3 |   0 |-4.048940e+02 |-4.055333e+02 |   0.16%| unknown
  1.0s|     1 |     0 |  1085 |     - |    26M |   0 | 145 | 441 | 396 |  18 | 10 |   3 |   0 |-4.049200e+02 |-4.055333e+02 |   0.15%| unknown
  1.1s|     1 |     0 |  1088 |     - |    26M |   0 | 145 | 441 | 398 |  20 | 11 |   3 |   0 |-4.049214e+02 |-4.055333e+02 |   0.15%| unknown
  1.1s|     1 |     0 |  1088 |     - |    26M |   0 | 145 | 358 | 398 |  20 | 11 |   3 |   0 |-4.049214e+02 |-4.055333e+02 |   0.15%| unknown
  1.1s|     1 |     0 |  1095 |     - |    26M |   0 | 145 | 358 | 400 |  22 | 12 |   3 |   0 |-4.049217e+02 |-4.055333e+02 |   0.15%| unknown
 time | node  | left  |LP iter|LP it/n|mem/heur|mdpt |vars |cons |rows |cuts |sepa|confs|strbr|  dualbound   | primalbound  |  gap   | compl. 
  1.2s|     1 |     0 |  1099 |     - |    26M |   0 | 145 | 358 | 383 |  23 | 13 |   3 |   0 |-4.049224e+02 |-4.055333e+02 |   0.15%| unknown
  1.2s|     1 |     0 |  1100 |     - |    26M |   0 | 145 | 358 | 384 |  24 | 14 |   3 |   0 |-4.049224e+02 |-4.055333e+02 |   0.15%| unknown
  1.3s|     1 |     0 |  1356 |     - |    26M |   0 | 145 | 331 | 384 |  24 | 15 |  10 |   2 |-4.053495e+02 |-4.055333e+02 |   0.05%| unknown
  1.3s|     1 |     0 |  1370 |     - |    26M |   0 | 145 | 331 | 300 |  24 | 15 |  11 |   2 |-4.055333e+02 |-4.055333e+02 |   0.00%| unknown
  1.3s|     1 |     0 |  1370 |     - |    26M |   0 | 145 | 331 | 300 |  24 | 15 |  11 |   2 |-4.055333e+02 |-4.055333e+02 |   0.00%| unknown

SCIP Status        : problem is solved [optimal solution found]
Solving Time (sec) : 1.30
Solving Nodes      : 1 (total of 2 nodes in 2 runs)
Primal Bound       : -4.05533333333333e+02 (33 solutions)
Dual Bound         : -4.05533333333333e+02
Gap                : 0.00 %
  [linear] <c1070>: <x107>[C] (+17.1333333) -0.566666667<x1>[B] (+0) +0.566666667<x2>[B] (+0) -0.566666667<x3>[B] (+0) +0.566666667<x4>[B] (+0) -0.566666667<x5>[B] (+0) +0.566666667<x6>[B] (+0) +0.566666667<x7>[B] (+0) -0.566666667<x8>[B] (+0) +0.566666667<x9>[B] (+0) +0.566666667<x10>[B] (+0) -0.566666667<x11>[B] (+0) -0.566666667<x12>[B] (+0) -0.566666667<x13>[B] (+0) -0.566666667<x14>[B] (+0) +0.566666667<x15>[B] (+1) -0.566666667<x16>[B] (+0) +0.566666667<x17>[B] (+0) -0.566666667<x18>[B] (+0) +0.566666667<x19>[B] (+0) +0.566666667<x20>[B] (+1) -0.566666667<x21>[B] (+0) +0.566666667<x22>[B] (+0) +0.566666667<x23>[B] (+1) -0.566666667<x24>[B] (+1) +0.566666667<x25>[B] (+0) -0.566666667<x26>[B] (+1) +0.566666667<x27>[B] (+0) -0.566666667<x28>[B] (+0) +0.566666667<x29>[B] (+0) -0.566666667<x30>[B] (+0) +0.566666667<x31>[B] (+0) +0.566666667<x32>[B] (+1) -0.566666667<x33>[B] (+0) +0.566666667<x34>[B] (+0) -0.566666667<x35>[B] (+1) -0.566666667<x36>[B] (+1) -0.566666667<x37>[B] (+0) -0.566666667<x38>[B] (+1) -0.566666667<x39>[B] (+0) +0.566666667<x40>[B] (+1) -0.566666667<x41>[B] (+1) +0.566666667<x42>[B] (+1) +0.566666667<x43>[B] (+1) -0.566666667<x44>[B] (+1) +0.566666667<x45>[B] (+1) +0.566666667<x46>[B] (+1) -0.566666667<x47>[B] (+1) +0.566666667<x48>[B] (+1) -0.566666667<x49>[B] (+1) +0.566666667<x50>[B] (+1) -0.566666667<x51>[B] (+1) -0.566666667<x52>[B] (+1) -0.566666667<x53>[B] (+1) -0.566666667<x54>[B] (+1) -0.566666667<x55>[B] (+1) -0.566666667<x56>[B] (+1) -0.566666667<x57>[B] (+1) -0.566666667<x58>[B] (+1) -0.566666667<x59>[B] (+1) -0.566666667<x60>[B] (+1) +0.566666667<x61>[B] (+1) +0.566666667<x62>[B] (+1) +0.566666667<x63>[B] (+0) +0.566666667<x64>[B] (+0) +0.566666667<x65>[B] (+1) +0.566666667<x66>[B] (+1) +0.566666667<x67>[B] (+0) -0.566666667<x68>[B] (+1) +0.566666667<x69>[B] (+0) -0.566666667<x70>[B] (+1) -0.566666667<x71>[B] (+0) -0.566666667<x72>[B] (+0) -0.566666667<x73>[B] (+1) -0.566666667<x74>[B] (+1) -0.566666667<x75>[B] (+0) -0.566666667<x76>[B] (+1) -0.566666667<x77>[B] (+0) -0.566666667<x78>[B] (+0) +0.566666667<x79>[B] (+0) -0.566666667<x80>[B] (+0) -0.566666667<x81>[B] (+1) -0.566666667<x82>[B] (+0) -0.566666667<x83>[B] (+0) -0.566666667<x84>[B] (+0) +0.566666667<x85>[B] (+0) +0.566666667<x86>[B] (+1) -0.566666667<x87>[B] (+1) +0.566666667<x88>[B] (+0) -0.566666667<x89>[B] (+1) +0.566666667<x90>[B] (+0) -0.566666667<x91>[B] (+1) -0.566666667<x92>[B] (+1) -0.566666667<x93>[B] (+1) -0.566666667<x94>[B] (+1) -0.566666667<x95>[B] (+1) -0.566666667<x96>[B] (+1) -0.566666667<x97>[B] (+0) -0.566666667<x98>[B] (+1) -0.566666667<x99>[B] (+0) +0.566666667<x100>[B] (+0) -0.566666667<x101>[B] (+0) +0.566666667<x102>[B] (+0) -0.566666667<x103>[B] (+1) -0.566666667<x104>[B] (+0) +0.566666667<x105>[B] (+0) >= 6.37619047619048;
;
violation: left hand side is violated by 0.00952380952380594
  [linear] <c1071>: <x110>[C] (+20.7142857) +0.614285714<x1>[B] (+0) +0.614285714<x2>[B] (+0) +0.614285714<x3>[B] (+0) +0.614285714<x4>[B] (+0) +0.614285714<x5>[B] (+0) +0.614285714<x6>[B] (+0) -0.614285714<x7>[B] (+0) +0.614285714<x8>[B] (+0) +0.614285714<x9>[B] (+0) +0.614285714<x10>[B] (+0) +0.614285714<x11>[B] (+0) +0.614285714<x12>[B] (+0) +0.614285714<x13>[B] (+0) +0.614285714<x14>[B] (+0) -0.614285714<x15>[B] (+1) -0.614285714<x16>[B] (+0) +0.614285714<x17>[B] (+0) -0.614285714<x18>[B] (+1) +0.614285714<x19>[B] (+1) -0.614285714<x20>[B] (+1) +0.614285714<x21>[B] (+1) -0.614285714<x22>[B] (+1) -0.614285714<x23>[B] (+1) +0.614285714<x24>[B] (+1) +0.614285714<x25>[B] (+0) +0.614285714<x26>[B] (+1) -0.614285714<x27>[B] (+1) +0.614285714<x28>[B] (+0) +0.614285714<x29>[B] (+0) +0.614285714<x30>[B] (+0) +0.614285714<x31>[B] (+0) -0.614285714<x32>[B] (+1) +0.614285714<x33>[B] (+0) +0.614285714<x34>[B] (+0) -0.614285714<x35>[B] (+1) +0.614285714<x36>[B] (+1) +0.614285714<x37>[B] (+0) +0.614285714<x38>[B] (+1) +0.614285714<x39>[B] (+0) +0.614285714<x40>[B] (+1) +0.614285714<x41>[B] (+1) +0.614285714<x42>[B] (+1) -0.614285714<x43>[B] (+1) +0.614285714<x44>[B] (+1) +0.614285714<x45>[B] (+1) -0.614285714<x46>[B] (+1) +0.614285714<x47>[B] (+1) +0.614285714<x48>[B] (+1) +0.614285714<x49>[B] (+1) -0.614285714<x50>[B] (+1) -0.614285714<x51>[B] (+1) -0.614285714<x52>[B] (+1) -0.614285714<x53>[B] (+1) -0.614285714<x54>[B] (+1) -0.614285714<x55>[B] (+1) -0.614285714<x56>[B] (+1) -0.614285714<x57>[B] (+1) +0.614285714<x58>[B] (+1) +0.614285714<x59>[B] (+1) -0.614285714<x60>[B] (+1) +0.614285714<x61>[B] (+1) -0.614285714<x62>[B] (+1) +0.614285714<x63>[B] (+1) -0.614285714<x64>[B] (+1) -0.614285714<x65>[B] (+1) +0.614285714<x66>[B] (+1) +0.614285714<x67>[B] (+0) +0.614285714<x68>[B] (+1) -0.614285714<x69>[B] (+0) -0.614285714<x70>[B] (+1) +0.614285714<x71>[B] (+1) -0.614285714<x72>[B] (+0) -0.614285714<x73>[B] (+1) -0.614285714<x74>[B] (+1) +0.614285714<x75>[B] (+0) +0.614285714<x76>[B] (+1) -0.614285714<x77>[B] (+0) +0.614285714<x78>[B] (+0) +0.614285714<x79>[B] (+0) +0.614285714<x80>[B] (+0) +0.614285714<x81>[B] (+1) +0.614285714<x82>[B] (+0) +0.614285714<x83>[B] (+0) +0.614285714<x84>[B] (+0) -0.614285714<x85>[B] (+0) -0.614285714<x86>[B] (+1) -0.614285714<x87>[B] (+1) +0.614285714<x88>[B] (+0) +0.614285714<x89>[B] (+1) -0.614285714<x90>[B] (+0) -0.614285714<x91>[B] (+1) +0.614285714<x92>[B] (+1) +0.614285714<x93>[B] (+0) +0.614285714<x94>[B] (+1) -0.614285714<x95>[B] (+0) +0.614285714<x96>[B] (+1) +0.614285714<x97>[B] (+0) +0.614285714<x98>[B] (+1) +0.614285714<x99>[B] (+0) +0.614285714<x100>[B] (+0) +0.614285714<x101>[B] (+0) -0.614285714<x102>[B] (+0) +0.614285714<x103>[B] (+1) -0.614285714<x104>[B] (+1) -0.614285714<x105>[B] (+0) >= 20.7333333333333;
;
violation: left hand side is violated by 0.0190476190476794
  [linear] <c1081>: <x137>[C] (+10.5095238) +0.452380952<x1>[B] (+0) +0.452380952<x2>[B] (+0) -0.452380952<x3>[B] (+0) +0.452380952<x4>[B] (+0) +0.452380952<x5>[B] (+0) +0.452380952<x6>[B] (+0) +0.452380952<x7>[B] (+0) +0.452380952<x8>[B] (+0) -0.452380952<x9>[B] (+0) +0.452380952<x10>[B] (+0) +0.452380952<x11>[B] (+0) +0.452380952<x12>[B] (+0) +0.452380952<x13>[B] (+0) +0.452380952<x14>[B] (+0) +0.452380952<x15>[B] (+1) -0.452380952<x16>[B] (+0) -0.452380952<x17>[B] (+0) +0.452380952<x18>[B] (+1) -0.452380952<x19>[B] (+1) +0.452380952<x20>[B] (+1) +0.452380952<x21>[B] (+1) -0.452380952<x22>[B] (+0) +0.452380952<x23>[B] (+1) -0.452380952<x24>[B] (+1) -0.452380952<x25>[B] (+0) +0.452380952<x26>[B] (+1) +0.452380952<x27>[B] (+0) -0.452380952<x28>[B] (+0) -0.452380952<x29>[B] (+0) -0.452380952<x30>[B] (+0) -0.452380952<x31>[B] (+0) -0.452380952<x32>[B] (+1) -0.452380952<x33>[B] (+0) -0.452380952<x34>[B] (+0) +0.452380952<x35>[B] (+1) -0.452380952<x36>[B] (+1) -0.452380952<x37>[B] (+0) -0.452380952<x38>[B] (+1) +0.452380952<x39>[B] (+0) +0.452380952<x40>[B] (+1) +0.452380952<x41>[B] (+1) +0.452380952<x42>[B] (+1) +0.452380952<x43>[B] (+1) +0.452380952<x44>[B] (+1) -0.452380952<x45>[B] (+1) +0.452380952<x46>[B] (+1) +0.452380952<x47>[B] (+1) +0.452380952<x48>[B] (+1) +0.452380952<x49>[B] (+1) +0.452380952<x50>[B] (+1) +0.452380952<x51>[B] (+1) -0.452380952<x52>[B] (+1) +0.452380952<x53>[B] (+1) +0.452380952<x54>[B] (+1) -0.452380952<x55>[B] (+1) +0.452380952<x56>[B] (+1) -0.452380952<x57>[B] (+1) -0.452380952<x58>[B] (+1) +0.452380952<x59>[B] (+1) +0.452380952<x60>[B] (+1) -0.452380952<x61>[B] (+1) +0.452380952<x62>[B] (+1) +0.452380952<x63>[B] (+1) -0.452380952<x64>[B] (+0) +0.452380952<x65>[B] (+1) -0.452380952<x66>[B] (+1) -0.452380952<x67>[B] (+0) +0.452380952<x68>[B] (+1) +0.452380952<x69>[B] (+0) +0.452380952<x70>[B] (+1) +0.452380952<x71>[B] (+0) -0.452380952<x72>[B] (+0) +0.452380952<x73>[B] (+1) -0.452380952<x74>[B] (+1) +0.452380952<x75>[B] (+0) +0.452380952<x76>[B] (+1) +0.452380952<x77>[B] (+0) +0.452380952<x78>[B] (+0) -0.452380952<x79>[B] (+0) +0.452380952<x80>[B] (+0) -0.452380952<x81>[B] (+1) -0.452380952<x82>[B] (+0) +0.452380952<x83>[B] (+0) +0.452380952<x84>[B] (+0) -0.452380952<x85>[B] (+0) +0.452380952<x86>[B] (+1) -0.452380952<x87>[B] (+1) -0.452380952<x88>[B] (+0) -0.452380952<x89>[B] (+1) +0.452380952<x90>[B] (+0) +0.452380952<x91>[B] (+1) +0.452380952<x92>[B] (+1) +0.452380952<x93>[B] (+0) +0.452380952<x94>[B] (+1) +0.452380952<x95>[B] (+0) -0.452380952<x96>[B] (+1) -0.452380952<x97>[B] (+0) -0.452380952<x98>[B] (+1) -0.452380952<x99>[B] (+0) +0.452380952<x100>[B] (+0) +0.452380952<x101>[B] (+0) +0.452380952<x102>[B] (+0) +0.452380952<x103>[B] (+1) +0.452380952<x104>[B] (+1) +0.452380952<x105>[B] (+0) >= 18.6619047619048;
;
violation: left hand side is violated by 0.00952380952380949
7/10 feasible solutions given by solution candidate storage, new primal bound -4.059238e+02

presolving:
   (0.0s) symmetry computation started: requiring (bin +, int +, cont +), (fixed: bin -, int -, cont -)
   (0.0s) no symmetry present (symcode time: 0.00)
presolving (0 rounds: 0 fast, 0 medium, 0 exhaustive):
 0 deleted vars, 0 deleted constraints, 0 added constraints, 0 tightened bounds, 0 added holes, 0 changed sides, 0 changed coefficients
 0 implications, 0 cliques, 0 implied integral variables (0 bin, 0 int, 0 cont)
presolved problem has 145 variables (105 bin, 0 int, 40 cont) and 1082 constraints
   1082 constraints of type <linear>
Presolving Time: 0.01
transformed 8/8 original solutions to the transformed problem space

 time | node  | left  |LP iter|LP it/n|mem/heur|mdpt |vars |cons |rows |cuts |sepa|confs|strbr|  dualbound   | primalbound  |  gap   | compl. 
  0.0s|     1 |     0 |   300 |     - |    26M |   0 | 145 |1082 |1082 |   0 |  0 |   0 |   0 |-4.046589e+02 |-4.059238e+02 |   0.31%| unknown
  0.0s|     1 |     0 |   300 |     - |    26M |   0 | 145 |1082 | 441 |   0 |  0 |   0 |   0 |-4.046589e+02 |-4.059238e+02 |   0.31%| unknown
  0.1s|     1 |     0 |   321 |     - |    26M |   0 | 145 |1082 | 451 |  10 |  1 |   0 |   0 |-4.047225e+02 |-4.059238e+02 |   0.30%| unknown
  0.1s|     1 |     0 |   321 |     - |    26M |   0 | 145 |1082 | 443 |  10 |  1 |   0 |   0 |-4.047225e+02 |-4.059238e+02 |   0.30%| unknown
  0.1s|     1 |     0 |   334 |     - |    26M |   0 | 145 |1082 | 444 |  11 |  2 |   0 |   0 |-4.047332e+02 |-4.059238e+02 |   0.29%| unknown
  0.1s|     1 |     0 |   349 |     - |    26M |   0 | 145 |1082 | 447 |  14 |  3 |   0 |   0 |-4.047516e+02 |-4.059238e+02 |   0.29%| unknown
  0.1s|     1 |     0 |   358 |     - |    26M |   0 | 145 |1082 | 451 |  18 |  4 |   0 |   0 |-4.047582e+02 |-4.059238e+02 |   0.29%| unknown
  0.2s|     1 |     0 |   369 |     - |    26M |   0 | 145 |1082 | 453 |  20 |  5 |   0 |   0 |-4.047715e+02 |-4.059238e+02 |   0.28%| unknown
  0.2s|     1 |     0 |   389 |     - |    26M |   0 | 145 |1082 | 455 |  22 |  6 |   0 |   0 |-4.047962e+02 |-4.059238e+02 |   0.28%| unknown
  0.3s|     1 |     0 |   409 |     - |    26M |   0 | 145 |1082 | 457 |  24 |  7 |   0 |   0 |-4.048173e+02 |-4.059238e+02 |   0.27%| unknown
  0.3s|     1 |     0 |   409 |     - |    26M |   0 | 145 |1082 | 451 |  24 |  7 |   0 |   0 |-4.048173e+02 |-4.059238e+02 |   0.27%| unknown
  0.3s|     1 |     0 |   427 |     - |    26M |   0 | 145 |1082 | 456 |  29 |  8 |   0 |   0 |-4.048324e+02 |-4.059238e+02 |   0.27%| unknown
  0.3s|     1 |     0 |   427 |     - |    26M |   0 | 145 |1082 | 448 |  29 |  8 |   0 |   0 |-4.048324e+02 |-4.059238e+02 |   0.27%| unknown
  0.3s|     1 |     0 |   447 |     - |    26M |   0 | 145 |1082 | 450 |  31 |  9 |   0 |   0 |-4.048396e+02 |-4.059238e+02 |   0.27%| unknown
  0.4s|     1 |     0 |   464 |     - |    26M |   0 | 145 |1082 | 455 |  36 | 10 |   0 |   0 |-4.048646e+02 |-4.059238e+02 |   0.26%| unknown
 time | node  | left  |LP iter|LP it/n|mem/heur|mdpt |vars |cons |rows |cuts |sepa|confs|strbr|  dualbound   | primalbound  |  gap   | compl. 
  0.4s|     1 |     0 |   468 |     - |    26M |   0 | 145 |1082 | 457 |  38 | 11 |   0 |   0 |-4.048649e+02 |-4.059238e+02 |   0.26%| unknown
  0.4s|     1 |     0 |   468 |     - |    26M |   0 | 145 | 342 | 457 |  38 | 11 |   0 |   0 |-4.048649e+02 |-4.059238e+02 |   0.26%| unknown
d 0.5s|     1 |     0 |   755 |     - |conflict|   0 | 145 | 347 | 457 |   0 | 12 |   5 |   0 |-4.048649e+02 |-4.057905e+02 |   0.23%| unknown
(run 1, node 1) restarting after 65 global fixings of integer variables

(restart) converted 38 cuts from the global cut pool into linear constraints

presolving:
presolving (0 rounds: 0 fast, 0 medium, 0 exhaustive):
 0 deleted vars, 0 deleted constraints, 0 added constraints, 0 tightened bounds, 0 added holes, 0 changed sides, 0 changed coefficients
 0 implications, 0 cliques, 0 implied integral variables (0 bin, 0 int, 0 cont)
presolved problem has 145 variables (105 bin, 0 int, 40 cont) and 385 constraints
    382 constraints of type <linear>
      3 constraints of type <logicor>
Presolving Time: 0.01
transformed 21/23 original solutions to the transformed problem space

 time | node  | left  |LP iter|LP it/n|mem/heur|mdpt |vars |cons |rows |cuts |sepa|confs|strbr|  dualbound   | primalbound  |  gap   | compl. 
  0.5s|     1 |     0 |   987 |     - |    26M |   0 | 145 | 385 | 380 |   0 |  0 |   5 |   0 |-4.048649e+02 |-4.057905e+02 |   0.23%| unknown
  0.5s|     1 |     0 |   987 |     - |    26M |   0 | 145 | 385 | 354 |   0 |  0 |   5 |   0 |-4.048649e+02 |-4.057905e+02 |   0.23%| unknown
  0.6s|     1 |     0 |   999 |     - |    26M |   0 | 145 | 385 | 355 |   1 |  1 |   5 |   0 |-4.048764e+02 |-4.057905e+02 |   0.23%| unknown
  0.6s|     1 |     0 |  1017 |     - |    27M |   0 | 145 | 385 | 357 |   3 |  2 |   5 |   0 |-4.049052e+02 |-4.057905e+02 |   0.22%| unknown
  0.6s|     1 |     0 |  1026 |     - |    27M |   0 | 145 | 388 | 358 |   4 |  3 |   8 |   0 |-4.049174e+02 |-4.057905e+02 |   0.22%| unknown
  0.7s|     1 |     0 |  1047 |     - |    27M |   0 | 145 | 390 | 360 |   6 |  4 |  10 |   0 |-4.049217e+02 |-4.057905e+02 |   0.21%| unknown
  0.7s|     1 |     0 |  1065 |     - |    27M |   0 | 145 | 390 | 362 |   8 |  5 |  10 |   0 |-4.049542e+02 |-4.057905e+02 |   0.21%| unknown
  0.8s|     1 |     0 |  1092 |     - |    27M |   0 | 145 | 390 | 365 |  11 |  6 |  10 |   0 |-4.049650e+02 |-4.057905e+02 |   0.20%| unknown
  0.8s|     1 |     0 |  1094 |     - |    27M |   0 | 145 | 391 | 366 |  12 |  7 |  11 |   0 |-4.049652e+02 |-4.057905e+02 |   0.20%| unknown
  0.9s|     1 |     0 |  1111 |     - |    27M |   0 | 145 | 394 | 368 |  14 |  8 |  14 |   0 |-4.049696e+02 |-4.057905e+02 |   0.20%| unknown
  0.9s|     1 |     0 |  1121 |     - |    27M |   0 | 145 | 394 | 371 |  17 |  9 |  14 |   0 |-4.049719e+02 |-4.057905e+02 |   0.20%| unknown
  1.0s|     1 |     0 |  1141 |     - |    27M |   0 | 145 | 394 | 373 |  19 | 10 |  14 |   0 |-4.049790e+02 |-4.057905e+02 |   0.20%| unknown
  1.0s|     1 |     0 |  1150 |     - |    27M |   0 | 145 | 395 | 374 |  20 | 11 |  15 |   0 |-4.049794e+02 |-4.057905e+02 |   0.20%| unknown
  1.0s|     1 |     0 |  1150 |     - |    27M |   0 | 145 | 342 | 374 |  20 | 11 |  15 |   0 |-4.049794e+02 |-4.057905e+02 |   0.20%| unknown
  1.1s|     1 |     0 |  1165 |     - |    27M |   0 | 145 | 342 | 376 |  22 | 12 |  15 |   0 |-4.049846e+02 |-4.057905e+02 |   0.20%| unknown
 time | node  | left  |LP iter|LP it/n|mem/heur|mdpt |vars |cons |rows |cuts |sepa|confs|strbr|  dualbound   | primalbound  |  gap   | compl. 
  1.2s|     1 |     0 |  1483 |     - |    27M |   0 | 145 | 236 | 376 |  22 | 13 |  26 |   3 |-4.057905e+02 |-4.057905e+02 |   0.00%| unknown
  1.2s|     1 |     0 |  1483 |     - |    27M |   0 | 145 | 236 | 376 |  22 | 13 |  26 |   3 |-4.057905e+02 |-4.057905e+02 |   0.00%| unknown

SCIP Status        : problem is solved [optimal solution found]
Solving Time (sec) : 1.18
Solving Nodes      : 1 (total of 2 nodes in 2 runs)
Primal Bound       : -4.05790476190476e+02 (37 solutions)
Dual Bound         : -4.05790476190476e+02
Gap                : 0.00 %
