Loading instance...
Median ranking: [8, 2, 11, 12, 1, 15, 3, 14, 5, 6, 16, 4, 7, 13, 9, 10]
Mean ranking: [8, 2, 11, 15, 12, 1, 3, 14, 5, 6, 4, 7, 13, 9, 16, 10]
Actual error: 0.0007877035866250548
Weighted Kendall distance: 46.5
Normalized distance: 0.03419117647058824
 add conss, 0 chg bounds, 0 chg sides, 0 chg coeffs, 0 upgd conss, 0 impls, 0 clqs, 0 implints
   (0.0s) symmetry computation started: requiring (bin +, int +, cont +), (fixed: bin -, int -, cont -)
   (0.0s) no symmetry present (symcode time: 0.00)
presolving (2 rounds: 2 fast, 2 medium, 1 exhaustive):
 0 deleted vars, 1120 deleted constraints, 560 added constraints, 0 tightened bounds, 0 added holes, 0 changed sides, 0 changed coefficients
 0 implications, 0 cliques, 0 implied integral variables (0 bin, 0 int, 0 cont)
presolved problem has 120 variables (0 bin, 0 int, 120 cont) and 560 constraints
    560 constraints of type <linear>
Presolving Time: 0.01
transformed 3/3 original solutions to the transformed problem space

 time | node  | left  |LP iter|LP it/n|mem/heur|mdpt |vars |cons |rows |cuts |sepa|confs|strbr|  dualbound   | primalbound  |  gap   | compl. 
* 0.0s|     1 |     0 |    39 |     - |    LP  |   0 | 120 | 560 | 560 |   0 |  0 |   0 |   0 | 3.520000e+02 | 3.520000e+02 |   0.00%| unknown
  0.0s|     1 |     0 |    39 |     - |  4088k |   0 | 120 | 560 | 560 |   0 |  0 |   0 |   0 | 3.520000e+02 | 3.520000e+02 |   0.00%| unknown

SCIP Status        : problem is solved [optimal solution found]
Solving Time (sec) : 0.01
Solving Nodes      : 1
Primal Bound       : +3.52000000000000e+02 (4 solutions)
Dual Bound         : +3.52000000000000e+02
Gap                : 0.00 %
feasible solution found by trivial heuristic after 0.0 seconds, objective value 2.160000e+02
presolving:
   (0.0s) running MILP presolver
   (0.0s) MILP presolver (2 rounds): 0 aggregations, 0 fixings, 0 bound changes
(round 1, medium)     0 del vars, 1120 del conss, 560 add conss, 0 chg bounds, 0 chg sides, 0 chg coeffs, 0 upgd conss, 0 impls, 0 clqs, 0 implints
   (0.0s) probing: 51/120 (42.5%) - 0 fixings, 0 aggregations, 0 implications, 0 bound changes
   (0.0s) probing aborted: 50/50 successive totally useless probings
   (0.0s) symmetry computation started: requiring (bin +, int +, cont +), (fixed: bin -, int -, cont -)
   (0.0s) no symmetry present (symcode time: 0.00)
presolving (2 rounds: 2 fast, 2 medium, 1 exhaustive):
 0 deleted vars, 1120 deleted constraints, 560 added constraints, 0 tightened bounds, 0 added holes, 0 changed sides, 0 changed coefficients
 0 implications, 0 cliques, 0 implied integral variables (0 bin, 0 int, 0 cont)
presolved problem has 120 variables (120 bin, 0 int, 0 cont) and 560 constraints
    560 constraints of type <linear>
transformed objective value is always integral (scale: 2)
Presolving Time: 0.01
transformed 2/2 original solutions to the transformed problem space

 time | node  | left  |LP iter|LP it/n|mem/heur|mdpt |vars |cons |rows |cuts |sepa|confs|strbr|  dualbound   | primalbound  |  gap   | compl. 
p 0.0s|     1 |     0 |     0 |     - |   locks|   0 | 120 | 560 | 560 |   0 |  0 |   0 |   0 | 3.960000e+02 | 2.520000e+02 |  57.14%| unknown
i 0.0s|     1 |     0 |     0 |     - |  oneopt|   0 | 120 | 560 | 560 |   0 |  0 |   0 |   0 | 3.960000e+02 | 2.840000e+02 |  39.44%| unknown
* 0.0s|     1 |     0 |    37 |     - |    LP  |   0 | 120 | 560 | 560 |   0 |  0 |   0 |   0 | 3.520000e+02 | 3.520000e+02 |   0.00%| unknown
  0.0s|     1 |     0 |    37 |     - |  4196k |   0 | 120 | 560 | 560 |   0 |  0 |   0 |   0 | 3.520000e+02 | 3.520000e+02 |   0.00%| unknown

SCIP Status        : problem is solved [optimal solution found]
Solving Time (sec) : 0.01
Solving Nodes      : 1
Primal Bound       : +3.52000000000000e+02 (5 solutions)
Dual Bound         : +3.52000000000000e+02
Gap                : 0.00 %
feasible solution found by trivial heuristic after 0.1 seconds, objective value -6.999784e+06
presolving:
(round 1, fast)       0 del vars, 0 del conss, 0 add conss, 140 chg bounds, 0 chg sides, 0 chg coeffs, 0 upgd conss, 0 impls, 0 clqs, 0 implints
   (0.8s) running MILP presolver
   (0.9s) MILP presolver (2 rounds): 0 aggregations, 0 fixings, 0 bound changes
(round 2, exhaustive) 0 del vars, 560 del conss, 0 add conss, 140 chg bounds, 0 chg sides, 0 chg coeffs, 0 upgd conss, 0 impls, 0 clqs, 0 implints
   (1.5s) symmetry computation started: requiring (bin +, int +, cont +), (fixed: bin -, int -, cont -)
   (1.8s) no symmetry present (symcode time: 0.01)
presolving (3 rounds: 3 fast, 2 medium, 2 exhaustive):
 0 deleted vars, 560 deleted constraints, 0 added constraints, 140 tightened bounds, 0 added holes, 0 changed sides, 0 changed coefficients
 0 implications, 0 cliques, 0 implied integral variables (0 bin, 0 int, 0 cont)
presolved problem has 190 variables (0 bin, 0 int, 190 cont) and 8960 constraints
   8960 constraints of type <linear>
Presolving Time: 1.69

 time | node  | left  |LP iter|LP it/n|mem/heur|mdpt |vars |cons |rows |cuts |sepa|confs|strbr|  dualbound   | primalbound  |  gap   | compl. 
t 1.8s|     1 |     0 |     0 |     - | trivial|   0 | 190 |8960 |   0 |   0 |  0 |   0 |   0 | 3.960000e+02 |-3.984000e+03 |    Inf | unknown
* 2.9s|     1 |     0 |  1305 |     - |    LP  |   0 | 190 |8960 |8960 |   0 |  0 |   0 |   0 |-8.494428e+02 |-8.494428e+02 |   0.00%| unknown
  2.9s|     1 |     0 |  1305 |     - |   545M |   0 | 190 |8960 |8960 |   0 |  0 |   0 |   0 |-8.494428e+02 |-8.494428e+02 |   0.00%| unknown

SCIP Status        : problem is solved [optimal solution found]
Solving Time (sec) : 2.91
Solving Nodes      : 1
Primal Bound       : -8.49442836879137e+02 (3 solutions)
Dual Bound         : -8.49442836879137e+02
Gap                : 0.00 %
feasible solution found by trivial heuristic after 0.1 seconds, objective value -6.999784e+06
presolving:
(round 1, fast)       0 del vars, 0 del conss, 0 add conss, 140 chg bounds, 0 chg sides, 0 chg coeffs, 0 upgd conss, 0 impls, 0 clqs, 0 implints
   (0.5s) running MILP presolver
   (0.7s) MILP presolver (2 rounds): 0 aggregations, 0 fixings, 0 bound changes
(round 2, exhaustive) 0 del vars, 560 del conss, 0 add conss, 140 chg bounds, 0 chg sides, 0 chg coeffs, 0 upgd conss, 0 impls, 0 clqs, 0 implints
   (1.7s) probing: 51/120 (42.5%) - 0 fixings, 0 aggregations, 0 implications, 0 bound changes
   (1.7s) probing aborted: 50/50 successive totally useless probings
   (1.8s) symmetry computation started: requiring (bin +, int +, cont +), (fixed: bin -, int -, cont -)
   (2.0s) no symmetry present (symcode time: 0.01)
presolving (3 rounds: 3 fast, 2 medium, 2 exhaustive):
 0 deleted vars, 560 deleted constraints, 0 added constraints, 140 tightened bounds, 0 added holes, 0 changed sides, 0 changed coefficients
 0 implications, 0 cliques, 0 implied integral variables (0 bin, 0 int, 0 cont)
presolved problem has 190 variables (120 bin, 0 int, 70 cont) and 8960 constraints
   8960 constraints of type <linear>
Presolving Time: 1.96

 time | node  | left  |LP iter|LP it/n|mem/heur|mdpt |vars |cons |rows |cuts |sepa|confs|strbr|  dualbound   | primalbound  |  gap   | compl. 
t 2.0s|     1 |     0 |     0 |     - | trivial|   0 | 190 |8960 |   0 |   0 |  0 |   0 |   0 | 3.960000e+02 |-3.984000e+03 |    Inf | unknown
p 2.5s|     1 |     0 |    70 |     - |   locks|   0 | 190 |8960 |8960 |   0 |  0 |   0 |   0 | 3.960000e+02 |-1.079908e+03 |    Inf | unknown
  3.5s|     1 |     0 |  1375 |     - |   547M |   0 | 190 |8960 |8960 |   0 |  0 |   0 |   0 |-8.494428e+02 |-1.079908e+03 |  27.13%| unknown
  4.0s|     1 |     0 |  1399 |     - |   550M |   0 | 190 |8960 |8962 |   2 |  1 |   0 |   0 |-8.494761e+02 |-1.079908e+03 |  27.13%| unknown
  4.4s|     1 |     0 |  1445 |     - |   551M |   0 | 190 |8960 |8964 |   4 |  2 |   0 |   0 |-8.495032e+02 |-1.079908e+03 |  27.12%| unknown
  4.9s|     1 |     0 |  1478 |     - |   552M |   0 | 190 |8960 |8966 |   6 |  3 |   0 |   0 |-8.495175e+02 |-1.079908e+03 |  27.12%| unknown
  5.4s|     1 |     0 |  1508 |     - |   579M |   0 | 190 |8960 |8968 |   8 |  4 |   0 |   0 |-8.495286e+02 |-1.079908e+03 |  27.12%| unknown
r 5.7s|     1 |     0 |  1508 |     - |shifting|   0 | 190 |8960 |8968 |   8 |  4 |   0 |   0 |-8.495286e+02 |-1.064381e+03 |  25.29%| unknown
  5.9s|     1 |     0 |  1609 |     - |   582M |   0 | 190 |8960 |8972 |  12 |  5 |   0 |   0 |-8.495753e+02 |-1.064381e+03 |  25.28%| unknown
  6.4s|     1 |     0 |  1660 |     - |   583M |   0 | 190 |8960 |8977 |  17 |  6 |   0 |   0 |-8.495914e+02 |-1.064381e+03 |  25.28%| unknown
r 6.7s|     1 |     0 |  1660 |     - |shifting|   0 | 190 |8960 |8977 |  17 |  6 |   0 |   0 |-8.495914e+02 |-1.027850e+03 |  20.98%| unknown
  6.9s|     1 |     0 |  1692 |     - |   584M |   0 | 190 |8960 |8980 |  20 |  7 |   0 |   0 |-8.496030e+02 |-1.027850e+03 |  20.98%| unknown
  7.4s|     1 |     0 |  1743 |     - |   585M |   0 | 190 |8960 |8982 |  22 |  8 |   0 |   0 |-8.496102e+02 |-1.027850e+03 |  20.98%| unknown
r 7.7s|     1 |     0 |  1743 |     - |shifting|   0 | 190 |8960 |8982 |  22 |  8 |   0 |   0 |-8.496102e+02 |-9.924680e+02 |  16.81%| unknown
  7.9s|     1 |     0 |  1804 |     - |   587M |   0 | 190 |8960 |8986 |  26 |  9 |   0 |   0 |-8.496136e+02 |-9.924680e+02 |  16.81%| unknown
 time | node  | left  |LP iter|LP it/n|mem/heur|mdpt |vars |cons |rows |cuts |sepa|confs|strbr|  dualbound   | primalbound  |  gap   | compl. 
  8.4s|     1 |     0 |  1847 |     - |   588M |   0 | 190 |8960 |8988 |  28 | 10 |   0 |   0 |-8.496152e+02 |-9.924680e+02 |  16.81%| unknown
  8.8s|     1 |     0 |  1934 |     - |   589M |   0 | 190 |8960 |8991 |  31 | 11 |   0 |   0 |-8.496388e+02 |-9.924680e+02 |  16.81%| unknown
r 9.4s|     1 |     0 |  2152 |     - |intshift|   0 | 190 |8960 |8991 |  31 | 11 |   0 |   0 |-8.496388e+02 |-9.077417e+02 |   6.84%| unknown
d10.6s|     1 |     0 |  3621 |     - |farkasdi|   0 | 190 |8960 |8991 |   0 | 11 |   0 |   0 |-8.496388e+02 |-8.551917e+02 |   0.65%| unknown
 10.8s|     1 |     0 |  3621 |     - |   589M |   0 | 190 |8960 |8991 |  31 | 11 |   0 |   0 |-8.496388e+02 |-8.551917e+02 |   0.65%| unknown
 11.3s|     1 |     0 |  3704 |     - |   590M |   0 | 190 |8960 |8993 |  34 | 12 |   0 |   0 |-8.496489e+02 |-8.551917e+02 |   0.65%| unknown
 11.7s|     1 |     0 |  3729 |     - |   590M |   0 | 190 |8960 |8996 |  37 | 13 |   0 |   0 |-8.496496e+02 |-8.551917e+02 |   0.65%| unknown
 26.8s|     1 |     2 |  3729 |     - |   590M |   0 | 190 |8960 |8996 |  37 | 13 |   0 |  29 |-8.506796e+02 |-8.551917e+02 |   0.53%| unknown
*68.0s|    14 |     3 |  7008 | 387.4 |strongbr|   7 | 190 |8973 |8976 |  37 |  2 | 103 | 172 |-8.524445e+02 |-8.547417e+02 |   0.27%|  71.01%

SCIP Status        : problem is solved [optimal solution found]
Solving Time (sec) : 71.55
Solving Nodes      : 19
Primal Bound       : -8.54741666666667e+02 (30 solutions)
Dual Bound         : -8.54741666666667e+02
Gap                : 0.00 %
feasible solution found by trivial heuristic after 0.0 seconds, objective value 0.000000e+00
presolving:
   (0.0s) symmetry computation started: requiring (bin +, int +, cont +), (fixed: bin -, int -, cont -)
   (0.0s) symmetry computation finished: 69 generators found (max: 1500, log10 of symmetry group size: 100.08) (symcode time: 0.00)
dynamic symmetry handling statistics:
   orbitopal reduction:       no components
   orbital reduction:         no components
   lexicographic reduction:   no permutations
handled 1 out of 1 symmetry components
presolving (0 rounds: 0 fast, 0 medium, 0 exhaustive):
 0 deleted vars, 0 deleted constraints, 0 added constraints, 0 tightened bounds, 0 added holes, 0 changed sides, 0 changed coefficients
 0 implications, 0 cliques, 0 implied integral variables (0 bin, 0 int, 0 cont)
presolved problem has 190 variables (120 bin, 0 int, 70 cont) and 1189 constraints
   1189 constraints of type <linear>
Presolving Time: 0.00
transformed 2/2 original solutions to the transformed problem space

 time | node  | left  |LP iter|LP it/n|mem/heur|mdpt |vars |cons |rows |cuts |sepa|confs|strbr|  dualbound   | primalbound  |  gap   | compl. 
t 0.0s|     1 |     0 |     0 |     - | trivial|   0 | 190 |1120 |   0 |   0 |  0 |   0 |   0 | 3.960000e+02 | 2.160000e+02 |  83.33%| unknown
i 0.0s|     1 |     0 |     0 |     - |  oneopt|   0 | 190 |1120 |1120 |   0 |  0 |   0 |   0 | 3.960000e+02 | 2.960000e+02 |  33.78%| unknown
* 0.0s|     1 |     0 |    37 |     - |    LP  |   0 | 190 |1120 |1120 |   0 |  0 |   0 |   0 | 3.520000e+02 | 3.520000e+02 |   0.00%| unknown
  0.0s|     1 |     0 |    37 |     - |  7366k |   0 | 190 |1120 |1120 |   0 |  0 |   0 |   0 | 3.520000e+02 | 3.520000e+02 |   0.00%| unknown

SCIP Status        : problem is solved [optimal solution found]
Solving Time (sec) : 0.01
Solving Nodes      : 1
Primal Bound       : +3.52000000000000e+02 (5 solutions)
Dual Bound         : +3.52000000000000e+02
Gap                : 0.00 %
  [linear] <c1121>: <x121>[C] (+0) +0.479166667<x1>[B] (+0) +0.479166667<x2>[B] (+1) +0.479166667<x3>[B] (+1) +0.479166667<x4>[B] (+1) +0.479166667<x5>[B] (+1) +0.479166667<x6>[B] (+1) +0.479166667<x7>[B] (+0) +0.479166667<x8>[B] (+1) +0.479166667<x9>[B] (+1) +0.479166667<x10>[B] (+0) +0.479166667<x11>[B] (+0) +0.479166667<x12>[B] (+1) +0.479166667<x13>[B] (+1) +0.479166667<x14>[B] (+1) +0.479166667<x15>[B] (+1) +0.479166667<x16>[B] (+1) +0.479166667<x17>[B] (+1) +0.479166667<x18>[B] (+1) +0.479166667<x19>[B] (+1) +0.479166667<x20>[B] (+1) +0.479166667<x21>[B] (+0) +0.479166667<x22>[B] (+1) +0.479166667<x23>[B] (+1) -0.479166667<x24>[B] (+1) +0.479166667<x25>[B] (+1) +0.479166667<x26>[B] (+1) +0.479166667<x27>[B] (+1) +0.479166667<x28>[B] (+1) -0.479166667<x29>[B] (+1) +0.479166667<x30>[B] (+1) -0.479166667<x31>[B] (+1) -0.479166667<x32>[B] (+1) -0.479166667<x33>[B] (+1) -0.479166667<x34>[B] (+0) -0.479166667<x35>[B] (+1) -0.479166667<x36>[B] (+1) -0.479166667<x37>[B] (+0) +0.479166667<x38>[B] (+0) +0.479166667<x39>[B] (+1) +0.479166667<x40>[B] (+1) +0.479166667<x41>[B] (+0) -0.479166667<x42>[B] (+1) -0.479166667<x43>[B] (+0) -0.479166667<x44>[B] (+0) -0.479166667<x45>[B] (+1) -0.479166667<x46>[B] (+0) -0.479166667<x47>[B] (+1) -0.479166667<x48>[B] (+1) -0.479166667<x49>[B] (+0) -0.479166667<x50>[B] (+0) -0.479166667<x51>[B] (+1) +0.479166667<x52>[B] (+0) +0.479166667<x53>[B] (+0) -0.479166667<x54>[B] (+0) -0.479166667<x55>[B] (+1) -0.479166667<x56>[B] (+1) -0.479166667<x57>[B] (+0) -0.479166667<x58>[B] (+1) -0.479166667<x59>[B] (+1) -0.479166667<x60>[B] (+0) +0.479166667<x61>[B] (+0) +0.479166667<x62>[B] (+1) +0.479166667<x63>[B] (+0) +0.479166667<x64>[B] (+0) -0.479166667<x65>[B] (+1) -0.479166667<x66>[B] (+1) -0.479166667<x67>[B] (+0) -0.479166667<x68>[B] (+1) -0.479166667<x69>[B] (+1) -0.479166667<x70>[B] (+0) +0.479166667<x71>[B] (+0) +0.479166667<x72>[B] (+1) +0.479166667<x73>[B] (+0) +0.479166667<x74>[B] (+0) -0.479166667<x75>[B] (+1) -0.479166667<x76>[B] (+0) +0.479166667<x77>[B] (+1) -0.479166667<x78>[B] (+1) -0.479166667<x79>[B] (+0) +0.479166667<x80>[B] (+0) +0.479166667<x81>[B] (+1) +0.479166667<x82>[B] (+0) +0.479166667<x83>[B] (+0) -0.479166667<x84>[B] (+0) +0.479166667<x85>[B] (+1) -0.479166667<x86>[B] (+1) -0.479166667<x87>[B] (+1) +0.479166667<x88>[B] (+1) +0.479166667<x89>[B] (+1) +0.479166667<x90>[B] (+1) +0.479166667<x91>[B] (+1) -0.479166667<x92>[B] (+1) -0.479166667<x93>[B] (+1) -0.479166667<x94>[B] (+0) +0.479166667<x95>[B] (+0) +0.479166667<x96>[B] (+0) +0.479166667<x97>[B] (+0) +0.479166667<x98>[B] (+0) -0.479166667<x99>[B] (+0) -0.479166667<x100>[B] (+0) +0.479166667<x101>[B] (+0) +0.479166667<x102>[B] (+0) +0.479166667<x103>[B] (+0) +0.479166667<x104>[B] (+0) -0.479166667<x105>[B] (+0) +0.479166667<x106>[B] (+1) +0.479166667<x107>[B] (+1) +0.479166667<x108>[B] (+1) +0.479166667<x109>[B] (+1) +0.479166667<x110>[B] (+1) -0.479166667<x111>[B] (+1) +0.479166667<x112>[B] (+1) +0.479166667<x113>[B] (+1) -0.479166667<x114>[B] (+1) +0.479166667<x115>[B] (+0) +0.479166667<x116>[B] (+0) -0.479166667<x117>[B] (+0) -0.479166667<x118>[B] (+0) -0.479166667<x119>[B] (+1) -0.479166667<x120>[B] (+1) >= 19.2875;
;
violation: left hand side is violated by 14.0166666666667
  [linear] <c1121>: <x121>[C] (+0) +0.479166667<x1>[B] (+0) +0.479166667<x2>[B] (+1) +0.479166667<x3>[B] (+1) +0.479166667<x4>[B] (+1) +0.479166667<x5>[B] (+1) +0.479166667<x6>[B] (+1) +0.479166667<x7>[B] (+1) +0.479166667<x8>[B] (+1) +0.479166667<x9>[B] (+1) +0.479166667<x10>[B] (+1) +0.479166667<x11>[B] (+1) +0.479166667<x12>[B] (+1) +0.479166667<x13>[B] (+1) +0.479166667<x14>[B] (+1) +0.479166667<x15>[B] (+1) +0.479166667<x16>[B] (+1) +0.479166667<x17>[B] (+1) +0.479166667<x18>[B] (+1) +0.479166667<x19>[B] (+1) +0.479166667<x20>[B] (+1) +0.479166667<x21>[B] (+1) +0.479166667<x22>[B] (+1) +0.479166667<x23>[B] (+1) -0.479166667<x24>[B] (+1) +0.479166667<x25>[B] (+1) +0.479166667<x26>[B] (+1) +0.479166667<x27>[B] (+1) +0.479166667<x28>[B] (+1) -0.479166667<x29>[B] (+1) +0.479166667<x30>[B] (+1) -0.479166667<x31>[B] (+1) -0.479166667<x32>[B] (+1) -0.479166667<x33>[B] (+1) -0.479166667<x34>[B] (+1) -0.479166667<x35>[B] (+1) -0.479166667<x36>[B] (+1) -0.479166667<x37>[B] (+1) +0.479166667<x38>[B] (+1) +0.479166667<x39>[B] (+1) +0.479166667<x40>[B] (+1) +0.479166667<x41>[B] (+1) -0.479166667<x42>[B] (+1) -0.479166667<x43>[B] (+0) -0.479166667<x44>[B] (+0) -0.479166667<x45>[B] (+1) -0.479166667<x46>[B] (+0) -0.479166667<x47>[B] (+1) -0.479166667<x48>[B] (+1) -0.479166667<x49>[B] (+0) -0.479166667<x50>[B] (+1) -0.479166667<x51>[B] (+1) +0.479166667<x52>[B] (+1) +0.479166667<x53>[B] (+1) -0.479166667<x54>[B] (+1) -0.479166667<x55>[B] (+1) -0.479166667<x56>[B] (+1) -0.479166667<x57>[B] (+0) -0.479166667<x58>[B] (+1) -0.479166667<x59>[B] (+1) -0.479166667<x60>[B] (+1) +0.479166667<x61>[B] (+1) +0.479166667<x62>[B] (+1) +0.479166667<x63>[B] (+1) +0.479166667<x64>[B] (+1) -0.479166667<x65>[B] (+1) -0.479166667<x66>[B] (+1) -0.479166667<x67>[B] (+0) -0.479166667<x68>[B] (+1) -0.479166667<x69>[B] (+1) -0.479166667<x70>[B] (+0) +0.479166667<x71>[B] (+1) +0.479166667<x72>[B] (+1) +0.479166667<x73>[B] (+1) +0.479166667<x74>[B] (+1) -0.479166667<x75>[B] (+1) -0.479166667<x76>[B] (+0) +0.479166667<x77>[B] (+1) -0.479166667<x78>[B] (+1) -0.479166667<x79>[B] (+0) +0.479166667<x80>[B] (+1) +0.479166667<x81>[B] (+1) +0.479166667<x82>[B] (+1) +0.479166667<x83>[B] (+1) -0.479166667<x84>[B] (+1) +0.479166667<x85>[B] (+1) -0.479166667<x86>[B] (+1) -0.479166667<x87>[B] (+1) +0.479166667<x88>[B] (+1) +0.479166667<x89>[B] (+1) +0.479166667<x90>[B] (+1) +0.479166667<x91>[B] (+1) -0.479166667<x92>[B] (+1) -0.479166667<x93>[B] (+1) -0.479166667<x94>[B] (+0) +0.479166667<x95>[B] (+0) +0.479166667<x96>[B] (+1) +0.479166667<x97>[B] (+1) +0.479166667<x98>[B] (+1) -0.479166667<x99>[B] (+1) -0.479166667<x100>[B] (+0) +0.479166667<x101>[B] (+0) +0.479166667<x102>[B] (+0) +0.479166667<x103>[B] (+0) +0.479166667<x104>[B] (+1) -0.479166667<x105>[B] (+1) +0.479166667<x106>[B] (+1) +0.479166667<x107>[B] (+1) +0.479166667<x108>[B] (+1) +0.479166667<x109>[B] (+1) +0.479166667<x110>[B] (+1) -0.479166667<x111>[B] (+1) +0.479166667<x112>[B] (+1) +0.479166667<x113>[B] (+1) -0.479166667<x114>[B] (+1) +0.479166667<x115>[B] (+0) +0.479166667<x116>[B] (+1) -0.479166667<x117>[B] (+1) -0.479166667<x118>[B] (+1) -0.479166667<x119>[B] (+1) -0.479166667<x120>[B] (+1) >= 19.2875;
;
violation: left hand side is violated by 8.26666666666667
  [linear] <c1121>: <x121>[C] (+0) +0.479166667<x1>[B] (+1) +0.479166667<x2>[B] (+1) +0.479166667<x3>[B] (+1) +0.479166667<x4>[B] (+1) +0.479166667<x5>[B] (+1) +0.479166667<x6>[B] (+1) +0.479166667<x7>[B] (+1) +0.479166667<x8>[B] (+1) +0.479166667<x9>[B] (+1) +0.479166667<x10>[B] (+1) +0.479166667<x11>[B] (+1) +0.479166667<x12>[B] (+1) +0.479166667<x13>[B] (+1) +0.479166667<x14>[B] (+1) +0.479166667<x15>[B] (+1) +0.479166667<x16>[B] (+1) +0.479166667<x17>[B] (+1) +0.479166667<x18>[B] (+1) +0.479166667<x19>[B] (+1) +0.479166667<x20>[B] (+1) +0.479166667<x21>[B] (+1) +0.479166667<x22>[B] (+1) +0.479166667<x23>[B] (+1) -0.479166667<x24>[B] (+1) +0.479166667<x25>[B] (+1) +0.479166667<x26>[B] (+1) +0.479166667<x27>[B] (+1) +0.479166667<x28>[B] (+1) -0.479166667<x29>[B] (+1) +0.479166667<x30>[B] (+1) -0.479166667<x31>[B] (+1) -0.479166667<x32>[B] (+1) -0.479166667<x33>[B] (+1) -0.479166667<x34>[B] (+1) -0.479166667<x35>[B] (+1) -0.479166667<x36>[B] (+1) -0.479166667<x37>[B] (+1) +0.479166667<x38>[B] (+1) +0.479166667<x39>[B] (+1) +0.479166667<x40>[B] (+1) +0.479166667<x41>[B] (+1) -0.479166667<x42>[B] (+1) -0.479166667<x43>[B] (+1) -0.479166667<x44>[B] (+1) -0.479166667<x45>[B] (+1) -0.479166667<x46>[B] (+1) -0.479166667<x47>[B] (+1) -0.479166667<x48>[B] (+1) -0.479166667<x49>[B] (+1) -0.479166667<x50>[B] (+1) -0.479166667<x51>[B] (+1) +0.479166667<x52>[B] (+1) +0.479166667<x53>[B] (+1) -0.479166667<x54>[B] (+1) -0.479166667<x55>[B] (+1) -0.479166667<x56>[B] (+1) -0.479166667<x57>[B] (+1) -0.479166667<x58>[B] (+1) -0.479166667<x59>[B] (+1) -0.479166667<x60>[B] (+1) +0.479166667<x61>[B] (+1) +0.479166667<x62>[B] (+1) +0.479166667<x63>[B] (+1) +0.479166667<x64>[B] (+1) -0.479166667<x65>[B] (+1) -0.479166667<x66>[B] (+1) -0.479166667<x67>[B] (+1) -0.479166667<x68>[B] (+1) -0.479166667<x69>[B] (+1) -0.479166667<x70>[B] (+1) +0.479166667<x71>[B] (+1) +0.479166667<x72>[B] (+1) +0.479166667<x73>[B] (+1) +0.479166667<x74>[B] (+1) -0.479166667<x75>[B] (+1) -0.479166667<x76>[B] (+1) +0.479166667<x77>[B] (+1) -0.479166667<x78>[B] (+1) -0.479166667<x79>[B] (+1) +0.479166667<x80>[B] (+1) +0.479166667<x81>[B] (+1) +0.479166667<x82>[B] (+1) +0.479166667<x83>[B] (+1) -0.479166667<x84>[B] (+1) +0.479166667<x85>[B] (+1) -0.479166667<x86>[B] (+1) -0.479166667<x87>[B] (+1) +0.479166667<x88>[B] (+1) +0.479166667<x89>[B] (+1) +0.479166667<x90>[B] (+1) +0.479166667<x91>[B] (+1) -0.479166667<x92>[B] (+1) -0.479166667<x93>[B] (+1) -0.479166667<x94>[B] (+1) +0.479166667<x95>[B] (+1) +0.479166667<x96>[B] (+1) +0.479166667<x97>[B] (+1) +0.479166667<x98>[B] (+1) -0.479166667<x99>[B] (+1) -0.479166667<x100>[B] (+1) +0.479166667<x101>[B] (+1) +0.479166667<x102>[B] (+1) +0.479166667<x103>[B] (+1) +0.479166667<x104>[B] (+1) -0.479166667<x105>[B] (+1) +0.479166667<x106>[B] (+1) +0.479166667<x107>[B] (+1) +0.479166667<x108>[B] (+1) +0.479166667<x109>[B] (+1) +0.479166667<x110>[B] (+1) -0.479166667<x111>[B] (+1) +0.479166667<x112>[B] (+1) +0.479166667<x113>[B] (+1) -0.479166667<x114>[B] (+1) +0.479166667<x115>[B] (+1) +0.479166667<x116>[B] (+1) -0.479166667<x117>[B] (+1) -0.479166667<x118>[B] (+1) -0.479166667<x119>[B] (+1) -0.479166667<x120>[B] (+1) >= 19.2875;
;
violation: left hand side is violated by 10.6625
  [linear] <c1121>: <x121>[C] (+0) +0.479166667<x1>[B] (+0) +0.479166667<x2>[B] (+0) +0.479166667<x3>[B] (+0) +0.479166667<x4>[B] (+0) +0.479166667<x5>[B] (+0) +0.479166667<x6>[B] (+0) +0.479166667<x7>[B] (+0) +0.479166667<x8>[B] (+0) +0.479166667<x9>[B] (+0) +0.479166667<x10>[B] (+0) +0.479166667<x11>[B] (+0) +0.479166667<x12>[B] (+0) +0.479166667<x13>[B] (+0) +0.479166667<x14>[B] (+0) +0.479166667<x15>[B] (+0) +0.479166667<x16>[B] (+0) +0.479166667<x17>[B] (+0) +0.479166667<x18>[B] (+0) +0.479166667<x19>[B] (+0) +0.479166667<x20>[B] (+0) +0.479166667<x21>[B] (+0) +0.479166667<x22>[B] (+0) +0.479166667<x23>[B] (+0) -0.479166667<x24>[B] (+0) +0.479166667<x25>[B] (+0) +0.479166667<x26>[B] (+0) +0.479166667<x27>[B] (+0) +0.479166667<x28>[B] (+0) -0.479166667<x29>[B] (+0) +0.479166667<x30>[B] (+0) -0.479166667<x31>[B] (+0) -0.479166667<x32>[B] (+0) -0.479166667<x33>[B] (+0) -0.479166667<x34>[B] (+0) -0.479166667<x35>[B] (+0) -0.479166667<x36>[B] (+0) -0.479166667<x37>[B] (+0) +0.479166667<x38>[B] (+0) +0.479166667<x39>[B] (+0) +0.479166667<x40>[B] (+0) +0.479166667<x41>[B] (+0) -0.479166667<x42>[B] (+0) -0.479166667<x43>[B] (+0) -0.479166667<x44>[B] (+0) -0.479166667<x45>[B] (+0) -0.479166667<x46>[B] (+0) -0.479166667<x47>[B] (+0) -0.479166667<x48>[B] (+0) -0.479166667<x49>[B] (+0) -0.479166667<x50>[B] (+0) -0.479166667<x51>[B] (+0) +0.479166667<x52>[B] (+0) +0.479166667<x53>[B] (+0) -0.479166667<x54>[B] (+0) -0.479166667<x55>[B] (+0) -0.479166667<x56>[B] (+0) -0.479166667<x57>[B] (+0) -0.479166667<x58>[B] (+0) -0.479166667<x59>[B] (+0) -0.479166667<x60>[B] (+0) +0.479166667<x61>[B] (+0) +0.479166667<x62>[B] (+0) +0.479166667<x63>[B] (+0) +0.479166667<x64>[B] (+0) -0.479166667<x65>[B] (+0) -0.479166667<x66>[B] (+0) -0.479166667<x67>[B] (+0) -0.479166667<x68>[B] (+0) -0.479166667<x69>[B] (+0) -0.479166667<x70>[B] (+0) +0.479166667<x71>[B] (+0) +0.479166667<x72>[B] (+0) +0.479166667<x73>[B] (+0) +0.479166667<x74>[B] (+0) -0.479166667<x75>[B] (+0) -0.479166667<x76>[B] (+0) +0.479166667<x77>[B] (+0) -0.479166667<x78>[B] (+0) -0.479166667<x79>[B] (+0) +0.479166667<x80>[B] (+0) +0.479166667<x81>[B] (+0) +0.479166667<x82>[B] (+0) +0.479166667<x83>[B] (+0) -0.479166667<x84>[B] (+0) +0.479166667<x85>[B] (+0) -0.479166667<x86>[B] (+0) -0.479166667<x87>[B] (+0) +0.479166667<x88>[B] (+0) +0.479166667<x89>[B] (+0) +0.479166667<x90>[B] (+0) +0.479166667<x91>[B] (+0) -0.479166667<x92>[B] (+0) -0.479166667<x93>[B] (+0) -0.479166667<x94>[B] (+0) +0.479166667<x95>[B] (+0) +0.479166667<x96>[B] (+0) +0.479166667<x97>[B] (+0) +0.479166667<x98>[B] (+0) -0.479166667<x99>[B] (+0) -0.479166667<x100>[B] (+0) +0.479166667<x101>[B] (+0) +0.479166667<x102>[B] (+0) +0.479166667<x103>[B] (+0) +0.479166667<x104>[B] (+0) -0.479166667<x105>[B] (+0) +0.479166667<x106>[B] (+0) +0.479166667<x107>[B] (+0) +0.479166667<x108>[B] (+0) +0.479166667<x109>[B] (+0) +0.479166667<x110>[B] (+0) -0.479166667<x111>[B] (+0) +0.479166667<x112>[B] (+0) +0.479166667<x113>[B] (+0) -0.479166667<x114>[B] (+0) +0.479166667<x115>[B] (+0) +0.479166667<x116>[B] (+0) -0.479166667<x117>[B] (+0) -0.479166667<x118>[B] (+0) -0.479166667<x119>[B] (+0) -0.479166667<x120>[B] (+0) >= 19.2875;
;
violation: left hand side is violated by 19.2875
1/5 feasible solution given by solution candidate storage, new primal bound -6.999784e+06

presolving:
   (0.0s) symmetry computation started: requiring (bin +, int +, cont +), (fixed: bin -, int -, cont -)
   (0.0s) no symmetry present (symcode time: 0.00)
presolving (0 rounds: 0 fast, 0 medium, 0 exhaustive):
 0 deleted vars, 0 deleted constraints, 0 added constraints, 0 tightened bounds, 0 added holes, 0 changed sides, 0 changed coefficients
 0 implications, 0 cliques, 0 implied integral variables (0 bin, 0 int, 0 cont)
presolved problem has 190 variables (120 bin, 0 int, 70 cont) and 1190 constraints
   1190 constraints of type <linear>
Presolving Time: 0.00
transformed 1/1 original solutions to the transformed problem space

 time | node  | left  |LP iter|LP it/n|mem/heur|mdpt |vars |cons |rows |cuts |sepa|confs|strbr|  dualbound   | primalbound  |  gap   | compl. 
p 0.0s|     1 |     0 |    27 |     - |   locks|   0 | 190 |1190 |1190 |   0 |  0 |   0 |   0 | 3.960000e+02 |-9.508000e+02 |    Inf | unknown
* 0.0s|     1 |     0 |   518 |     - |    LP  |   0 | 190 |1190 |1190 |   0 |  0 |   0 |   0 |-8.257000e+02 |-8.257000e+02 |   0.00%| unknown
  0.0s|     1 |     0 |   518 |     - |    11M |   0 | 190 |1190 |1190 |   0 |  0 |   0 |   0 |-8.257000e+02 |-8.257000e+02 |   0.00%| unknown

SCIP Status        : problem is solved [optimal solution found]
Solving Time (sec) : 0.04
Solving Nodes      : 1
Primal Bound       : -8.25700000000000e+02 (4 solutions)
Dual Bound         : -8.25700000000000e+02
Gap                : 0.00 %
  [linear] <c1191>: <x121>[C] (+15.4541667) +0.504166667<x1>[B] (+0) +0.504166667<x2>[B] (+1) +0.504166667<x3>[B] (+0) +0.504166667<x4>[B] (+0) +0.504166667<x5>[B] (+0) +0.504166667<x6>[B] (+0) +0.504166667<x7>[B] (+0) +0.504166667<x8>[B] (+1) +0.504166667<x9>[B] (+1) +0.504166667<x10>[B] (+0) +0.504166667<x11>[B] (+0) +0.504166667<x12>[B] (+0) +0.504166667<x13>[B] (+1) +0.504166667<x14>[B] (+0) +0.504166667<x15>[B] (+1) +0.504166667<x16>[B] (+1) +0.504166667<x17>[B] (+0) +0.504166667<x18>[B] (+0) +0.504166667<x19>[B] (+0) +0.504166667<x20>[B] (+0) +0.504166667<x21>[B] (+0) +0.504166667<x22>[B] (+1) +0.504166667<x23>[B] (+1) -0.504166667<x24>[B] (+1) +0.504166667<x25>[B] (+1) +0.504166667<x26>[B] (+1) +0.504166667<x27>[B] (+1) +0.504166667<x28>[B] (+1) -0.504166667<x29>[B] (+1) +0.504166667<x30>[B] (+0) -0.504166667<x31>[B] (+0) -0.504166667<x32>[B] (+0) -0.504166667<x33>[B] (+0) -0.504166667<x34>[B] (+0) -0.504166667<x35>[B] (+0) -0.504166667<x36>[B] (+1) -0.504166667<x37>[B] (+0) +0.504166667<x38>[B] (+0) +0.504166667<x39>[B] (+0) +0.504166667<x40>[B] (+1) +0.504166667<x41>[B] (+0) -0.504166667<x42>[B] (+1) -0.504166667<x43>[B] (+0) -0.504166667<x44>[B] (+0) -0.504166667<x45>[B] (+1) -0.504166667<x46>[B] (+0) -0.504166667<x47>[B] (+1) -0.504166667<x48>[B] (+1) -0.504166667<x49>[B] (+1) -0.504166667<x50>[B] (+1) -0.504166667<x51>[B] (+1) +0.504166667<x52>[B] (+1) +0.504166667<x53>[B] (+1) -0.504166667<x54>[B] (+1) -0.504166667<x55>[B] (+1) -0.504166667<x56>[B] (+1) -0.504166667<x57>[B] (+0) -0.504166667<x58>[B] (+1) -0.504166667<x59>[B] (+1) -0.504166667<x60>[B] (+1) +0.504166667<x61>[B] (+1) +0.504166667<x62>[B] (+1) +0.504166667<x63>[B] (+1) +0.504166667<x64>[B] (+1) -0.504166667<x65>[B] (+1) -0.504166667<x66>[B] (+1) -0.504166667<x67>[B] (+0) -0.504166667<x68>[B] (+1) -0.504166667<x69>[B] (+1) -0.504166667<x70>[B] (+1) +0.504166667<x71>[B] (+1) +0.504166667<x72>[B] (+1) +0.504166667<x73>[B] (+1) +0.504166667<x74>[B] (+1) -0.504166667<x75>[B] (+1) -0.504166667<x76>[B] (+0) +0.504166667<x77>[B] (+1) -0.504166667<x78>[B] (+1) -0.504166667<x79>[B] (+1) +0.504166667<x80>[B] (+1) +0.504166667<x81>[B] (+1) +0.504166667<x82>[B] (+1) +0.504166667<x83>[B] (+1) -0.504166667<x84>[B] (+1) +0.504166667<x85>[B] (+1) -0.504166667<x86>[B] (+1) -0.504166667<x87>[B] (+1) +0.504166667<x88>[B] (+1) +0.504166667<x89>[B] (+1) +0.504166667<x90>[B] (+1) +0.504166667<x91>[B] (+1) -0.504166667<x92>[B] (+1) -0.504166667<x93>[B] (+1) -0.504166667<x94>[B] (+0) +0.504166667<x95>[B] (+0) +0.504166667<x96>[B] (+0) +0.504166667<x97>[B] (+1) +0.504166667<x98>[B] (+0) -0.504166667<x99>[B] (+1) -0.504166667<x100>[B] (+0) +0.504166667<x101>[B] (+0) +0.504166667<x102>[B] (+0) +0.504166667<x103>[B] (+1) +0.504166667<x104>[B] (+0) -0.504166667<x105>[B] (+1) +0.504166667<x106>[B] (+1) +0.504166667<x107>[B] (+1) +0.504166667<x108>[B] (+1) +0.504166667<x109>[B] (+1) +0.504166667<x110>[B] (+1) -0.504166667<x111>[B] (+1) +0.504166667<x112>[B] (+1) +0.504166667<x113>[B] (+1) -0.504166667<x114>[B] (+1) +0.504166667<x115>[B] (+1) +0.504166667<x116>[B] (+1) -0.504166667<x117>[B] (+1) -0.504166667<x118>[B] (+0) -0.504166667<x119>[B] (+1) -0.504166667<x120>[B] (+1) >= 19.5375;
;
violation: left hand side is violated by 0.0500000000000078
  [linear] <c1191>: <x121>[C] (+14.975) +0.504166667<x1>[B] (+1) +0.504166667<x2>[B] (+1) +0.504166667<x3>[B] (+0) +0.504166667<x4>[B] (+0) +0.504166667<x5>[B] (+0) +0.504166667<x6>[B] (+0) +0.504166667<x7>[B] (+1) +0.504166667<x8>[B] (+0) +0.504166667<x9>[B] (+0) +0.504166667<x10>[B] (+1) +0.504166667<x11>[B] (+1) +0.504166667<x12>[B] (+0) +0.504166667<x13>[B] (+0) +0.504166667<x14>[B] (+1) +0.504166667<x15>[B] (+0) +0.504166667<x16>[B] (+1) +0.504166667<x17>[B] (+0) +0.504166667<x18>[B] (+0) +0.504166667<x19>[B] (+0) +0.504166667<x20>[B] (+0) +0.504166667<x21>[B] (+1) +0.504166667<x22>[B] (+0) +0.504166667<x23>[B] (+0) -0.504166667<x24>[B] (+0) +0.504166667<x25>[B] (+0) +0.504166667<x26>[B] (+0) +0.504166667<x27>[B] (+0) +0.504166667<x28>[B] (+0) -0.504166667<x29>[B] (+0) +0.504166667<x30>[B] (+0) -0.504166667<x31>[B] (+0) -0.504166667<x32>[B] (+0) -0.504166667<x33>[B] (+0) -0.504166667<x34>[B] (+0) -0.504166667<x35>[B] (+0) -0.504166667<x36>[B] (+0) -0.504166667<x37>[B] (+0) +0.504166667<x38>[B] (+0) +0.504166667<x39>[B] (+0) +0.504166667<x40>[B] (+0) +0.504166667<x41>[B] (+0) -0.504166667<x42>[B] (+0) -0.504166667<x43>[B] (+1) -0.504166667<x44>[B] (+1) -0.504166667<x45>[B] (+1) -0.504166667<x46>[B] (+1) -0.504166667<x47>[B] (+1) -0.504166667<x48>[B] (+0) -0.504166667<x49>[B] (+1) -0.504166667<x50>[B] (+1) -0.504166667<x51>[B] (+1) +0.504166667<x52>[B] (+1) +0.504166667<x53>[B] (+1) -0.504166667<x54>[B] (+1) -0.504166667<x55>[B] (+0) -0.504166667<x56>[B] (+0) -0.504166667<x57>[B] (+1) -0.504166667<x58>[B] (+0) -0.504166667<x59>[B] (+0) -0.504166667<x60>[B] (+1) +0.504166667<x61>[B] (+1) +0.504166667<x62>[B] (+1) +0.504166667<x63>[B] (+1) +0.504166667<x64>[B] (+1) -0.504166667<x65>[B] (+1) -0.504166667<x66>[B] (+0) -0.504166667<x67>[B] (+1) -0.504166667<x68>[B] (+0) -0.504166667<x69>[B] (+0) -0.504166667<x70>[B] (+1) +0.504166667<x71>[B] (+1) +0.504166667<x72>[B] (+1) +0.504166667<x73>[B] (+1) +0.504166667<x74>[B] (+1) -0.504166667<x75>[B] (+1) -0.504166667<x76>[B] (+1) +0.504166667<x77>[B] (+0) -0.504166667<x78>[B] (+0) -0.504166667<x79>[B] (+1) +0.504166667<x80>[B] (+1) +0.504166667<x81>[B] (+1) +0.504166667<x82>[B] (+1) +0.504166667<x83>[B] (+1) -0.504166667<x84>[B] (+1) +0.504166667<x85>[B] (+0) -0.504166667<x86>[B] (+0) -0.504166667<x87>[B] (+0) +0.504166667<x88>[B] (+0) +0.504166667<x89>[B] (+0) +0.504166667<x90>[B] (+0) +0.504166667<x91>[B] (+0) -0.504166667<x92>[B] (+0) -0.504166667<x93>[B] (+0) -0.504166667<x94>[B] (+1) +0.504166667<x95>[B] (+1) +0.504166667<x96>[B] (+1) +0.504166667<x97>[B] (+1) +0.504166667<x98>[B] (+1) -0.504166667<x99>[B] (+1) -0.504166667<x100>[B] (+1) +0.504166667<x101>[B] (+1) +0.504166667<x102>[B] (+1) +0.504166667<x103>[B] (+1) +0.504166667<x104>[B] (+1) -0.504166667<x105>[B] (+1) +0.504166667<x106>[B] (+0) +0.504166667<x107>[B] (+0) +0.504166667<x108>[B] (+0) +0.504166667<x109>[B] (+0) +0.504166667<x110>[B] (+0) -0.504166667<x111>[B] (+0) +0.504166667<x112>[B] (+0) +0.504166667<x113>[B] (+1) -0.504166667<x114>[B] (+0) +0.504166667<x115>[B] (+1) +0.504166667<x116>[B] (+1) -0.504166667<x117>[B] (+1) -0.504166667<x118>[B] (+1) -0.504166667<x119>[B] (+0) -0.504166667<x120>[B] (+0) >= 19.5375;
;
violation: left hand side is violated by 0.0250000000000057
2/4 feasible solutions given by solution candidate storage, new primal bound -6.999784e+06

presolving:
   (0.0s) symmetry computation started: requiring (bin +, int +, cont +), (fixed: bin -, int -, cont -)
   (0.0s) no symmetry present (symcode time: 0.00)
presolving (0 rounds: 0 fast, 0 medium, 0 exhaustive):
 0 deleted vars, 0 deleted constraints, 0 added constraints, 0 tightened bounds, 0 added holes, 0 changed sides, 0 changed coefficients
 0 implications, 0 cliques, 0 implied integral variables (0 bin, 0 int, 0 cont)
presolved problem has 190 variables (120 bin, 0 int, 70 cont) and 1257 constraints
   1257 constraints of type <linear>
Presolving Time: 0.01
transformed 2/2 original solutions to the transformed problem space

 time | node  | left  |LP iter|LP it/n|mem/heur|mdpt |vars |cons |rows |cuts |sepa|confs|strbr|  dualbound   | primalbound  |  gap   | compl. 
p 0.0s|     1 |     0 |    29 |     - |   locks|   0 | 190 |1257 |1257 |   0 |  0 |   0 |   0 | 3.960000e+02 |-1.015017e+03 |    Inf | unknown
  0.1s|     1 |     0 |   780 |     - |    15M |   0 | 190 |1257 |1257 |   0 |  0 |   0 |   0 |-8.408897e+02 |-1.015017e+03 |  20.71%| unknown
r 0.1s|     1 |     0 |   780 |     - |shifting|   0 | 190 |1257 |1257 |   0 |  0 |   0 |   0 |-8.408897e+02 |-9.976987e+02 |  18.65%| unknown
  0.2s|     1 |     0 |   848 |     - |    18M |   0 | 190 |1257 |1260 |   3 |  1 |   0 |   0 |-8.415023e+02 |-9.976987e+02 |  18.56%| unknown
r 0.2s|     1 |     0 |   848 |     - |shifting|   0 | 190 |1257 |1260 |   3 |  1 |   0 |   0 |-8.415023e+02 |-9.898377e+02 |  17.63%| unknown
  0.3s|     1 |     0 |   920 |     - |    20M |   0 | 190 |1257 |1263 |   6 |  2 |   0 |   0 |-8.417216e+02 |-9.898377e+02 |  17.60%| unknown
  0.4s|     1 |     0 |   963 |     - |    25M |   0 | 190 |1257 |1266 |   9 |  3 |   0 |   0 |-8.418062e+02 |-9.898377e+02 |  17.58%| unknown
  0.5s|     1 |     0 |  1014 |     - |    28M |   0 | 190 |1257 |1268 |  11 |  4 |   0 |   0 |-8.418780e+02 |-9.898377e+02 |  17.57%| unknown
  0.6s|     1 |     0 |  1050 |     - |    30M |   0 | 190 |1257 |1269 |  12 |  5 |   0 |   0 |-8.418953e+02 |-9.898377e+02 |  17.57%| unknown
  0.7s|     1 |     0 |  1109 |     - |    36M |   0 | 190 |1257 |1270 |  13 |  6 |   0 |   0 |-8.419286e+02 |-9.898377e+02 |  17.57%| unknown
  0.8s|     1 |     0 |  1122 |     - |    41M |   0 | 190 |1257 |1272 |  15 |  7 |   0 |   0 |-8.419319e+02 |-9.898377e+02 |  17.57%| unknown
  1.0s|     1 |     0 |  1133 |     - |    48M |   0 | 190 |1257 |1273 |  16 |  8 |   0 |   0 |-8.419325e+02 |-9.898377e+02 |  17.57%| unknown
  1.1s|     1 |     0 |  1165 |     - |    55M |   0 | 190 |1257 |1274 |  17 |  9 |   0 |   0 |-8.419407e+02 |-9.898377e+02 |  17.57%| unknown
r 1.1s|     1 |     0 |  1165 |     - |shifting|   0 | 190 |1257 |1274 |  17 |  9 |   0 |   0 |-8.419407e+02 |-9.866847e+02 |  17.19%| unknown
  1.2s|     1 |     0 |  1209 |     - |    58M |   0 | 190 |1257 |1276 |  19 | 10 |   0 |   0 |-8.419465e+02 |-9.866847e+02 |  17.19%| unknown
 time | node  | left  |LP iter|LP it/n|mem/heur|mdpt |vars |cons |rows |cuts |sepa|confs|strbr|  dualbound   | primalbound  |  gap   | compl. 
  1.3s|     1 |     0 |  1243 |     - |    59M |   0 | 190 |1257 |1277 |  20 | 11 |   0 |   0 |-8.419568e+02 |-9.866847e+02 |  17.19%| unknown
  1.3s|     1 |     0 |  1284 |     - |    59M |   0 | 190 |1257 |1279 |  22 | 12 |   0 |   0 |-8.419635e+02 |-9.866847e+02 |  17.19%| unknown
  1.4s|     1 |     0 |  1318 |     - |    59M |   0 | 190 |1257 |1282 |  25 | 13 |   0 |   0 |-8.419676e+02 |-9.866847e+02 |  17.19%| unknown
r 1.4s|     1 |     0 |  1318 |     - |shifting|   0 | 190 |1257 |1282 |  25 | 13 |   0 |   0 |-8.419676e+02 |-9.756882e+02 |  15.88%| unknown
r 1.4s|     1 |     0 |  1464 |     - |intshift|   0 | 190 |1257 |1282 |  25 | 13 |   0 |   0 |-8.419676e+02 |-9.054750e+02 |   7.54%| unknown
d 1.4s|     1 |     0 |  1967 |     - |farkasdi|   0 | 190 |1257 |1282 |   0 | 13 |   0 |   0 |-8.419676e+02 |-8.507833e+02 |   1.05%| unknown
  1.4s|     1 |     0 |  1967 |     - |    59M |   0 | 190 |1257 |1282 |  25 | 13 |   0 |   0 |-8.419676e+02 |-8.507833e+02 |   1.05%| unknown
  1.5s|     1 |     0 |  2021 |     - |    59M |   0 | 190 |1257 |1283 |  26 | 14 |   0 |   0 |-8.419793e+02 |-8.507833e+02 |   1.05%| unknown
  1.5s|     1 |     0 |  2038 |     - |    59M |   0 | 190 |1257 |1284 |  27 | 15 |   0 |   0 |-8.419800e+02 |-8.507833e+02 |   1.05%| unknown
  1.8s|     1 |     2 |  2038 |     - |    59M |   0 | 190 |1257 |1284 |  27 | 15 |   0 |  19 |-8.429901e+02 |-8.507833e+02 |   0.92%| unknown
* 2.4s|     5 |     4 |  2506 | 286.5 |strongbr|   4 | 190 |1262 |1270 |  27 |  2 |   5 |  78 |-8.433572e+02 |-8.487750e+02 |   0.64%| unknown
* 2.4s|     6 |     3 |  2544 | 236.8 |strongbr|   4 | 190 |1269 |1270 |  27 |  2 |  12 |  83 |-8.433572e+02 |-8.485333e+02 |   0.61%|   8.17%
* 2.9s|    13 |     3 |  3115 | 146.2 |strongbr|   6 | 190 |1285 |1270 |  27 | 11 |  33 | 156 |-8.433572e+02 |-8.479333e+02 |   0.54%|  25.93%
* 3.0s|    14 |     2 |  3153 | 137.9 |strongbr|   6 | 190 |1285 |1270 |  27 |  2 |  33 | 157 |-8.433572e+02 |-8.475667e+02 |   0.50%|  28.83%
* 3.3s|    20 |     4 |  3691 | 122.7 |strongbr|   6 | 190 | 961 |1270 |  27 |  2 |  61 | 216 |-8.450447e+02 |-8.473750e+02 |   0.28%|  62.86%
 time | node  | left  |LP iter|LP it/n|mem/heur|mdpt |vars |cons |rows |cuts |sepa|confs|strbr|  dualbound   | primalbound  |  gap   | compl. 
* 3.3s|    24 |     2 |  3758 | 104.3 |    LP  |   6 | 190 | 961 |1270 |  27 |  2 |  61 | 217 |-8.450447e+02 |-8.473167e+02 |   0.27%|  73.58%
* 3.3s|    26 |     2 |  3788 |  97.1 |strongbr|   6 | 190 | 966 |1270 |  27 |  2 |  66 | 219 |-8.450447e+02 |-8.468500e+02 |   0.21%|  76.14%
* 3.4s|    30 |     2 |  3908 |  87.9 |    LP  |   6 | 190 | 703 |1270 |  27 |  1 |  71 | 226 |-8.455924e+02 |-8.467917e+02 |   0.14%|  84.50%

SCIP Status        : problem is solved [optimal solution found]
Solving Time (sec) : 3.39
Solving Nodes      : 34
Primal Bound       : -8.46791666666667e+02 (36 solutions)
Dual Bound         : -8.46791666666667e+02
Gap                : 0.00 %
  [linear] <c1258>: <x121>[C] (+17.5208333) +0.5375<x1>[B] (+0) +0.5375<x2>[B] (+0) +0.5375<x3>[B] (+0) +0.5375<x4>[B] (+0) +0.5375<x5>[B] (+0) +0.5375<x6>[B] (+0) +0.5375<x7>[B] (+0) +0.5375<x8>[B] (+1) +0.5375<x9>[B] (+1) +0.5375<x10>[B] (+0) +0.5375<x11>[B] (+0) +0.5375<x12>[B] (+0) +0.5375<x13>[B] (+0) +0.5375<x14>[B] (+0) +0.5375<x15>[B] (+1) +0.5375<x16>[B] (+1) +0.5375<x17>[B] (+1) +0.5375<x18>[B] (+1) +0.5375<x19>[B] (+1) +0.5375<x20>[B] (+1) +0.5375<x21>[B] (+0) +0.5375<x22>[B] (+1) +0.5375<x23>[B] (+1) -0.5375<x24>[B] (+1) +0.5375<x25>[B] (+1) +0.5375<x26>[B] (+1) +0.5375<x27>[B] (+1) +0.5375<x28>[B] (+1) -0.5375<x29>[B] (+1) +0.5375<x30>[B] (+1) -0.5375<x31>[B] (+0) -0.5375<x32>[B] (+0) -0.5375<x33>[B] (+0) -0.5375<x34>[B] (+0) -0.5375<x35>[B] (+1) -0.5375<x36>[B] (+1) -0.5375<x37>[B] (+0) +0.5375<x38>[B] (+0) +0.5375<x39>[B] (+1) +0.5375<x40>[B] (+0) +0.5375<x41>[B] (+0) -0.5375<x42>[B] (+1) -0.5375<x43>[B] (+0) -0.5375<x44>[B] (+0) -0.5375<x45>[B] (+0) -0.5375<x46>[B] (+0) -0.5375<x47>[B] (+1) -0.5375<x48>[B] (+1) -0.5375<x49>[B] (+0) -0.5375<x50>[B] (+0) -0.5375<x51>[B] (+1) +0.5375<x52>[B] (+0) +0.5375<x53>[B] (+0) -0.5375<x54>[B] (+1) -0.5375<x55>[B] (+1) -0.5375<x56>[B] (+1) -0.5375<x57>[B] (+0) -0.5375<x58>[B] (+1) -0.5375<x59>[B] (+1) -0.5375<x60>[B] (+1) +0.5375<x61>[B] (+1) +0.5375<x62>[B] (+1) +0.5375<x63>[B] (+1) +0.5375<x64>[B] (+1) -0.5375<x65>[B] (+1) -0.5375<x66>[B] (+1) -0.5375<x67>[B] (+0) -0.5375<x68>[B] (+1) -0.5375<x69>[B] (+1) -0.5375<x70>[B] (+0) +0.5375<x71>[B] (+1) +0.5375<x72>[B] (+1) +0.5375<x73>[B] (+0) +0.5375<x74>[B] (+1) -0.5375<x75>[B] (+1) -0.5375<x76>[B] (+0) +0.5375<x77>[B] (+1) -0.5375<x78>[B] (+1) -0.5375<x79>[B] (+0) +0.5375<x80>[B] (+1) +0.5375<x81>[B] (+1) +0.5375<x82>[B] (+0) +0.5375<x83>[B] (+0) -0.5375<x84>[B] (+1) +0.5375<x85>[B] (+1) -0.5375<x86>[B] (+1) -0.5375<x87>[B] (+1) +0.5375<x88>[B] (+1) +0.5375<x89>[B] (+1) +0.5375<x90>[B] (+1) +0.5375<x91>[B] (+1) -0.5375<x92>[B] (+1) -0.5375<x93>[B] (+1) -0.5375<x94>[B] (+0) +0.5375<x95>[B] (+0) +0.5375<x96>[B] (+0) +0.5375<x97>[B] (+0) +0.5375<x98>[B] (+0) -0.5375<x99>[B] (+1) -0.5375<x100>[B] (+0) +0.5375<x101>[B] (+0) +0.5375<x102>[B] (+0) +0.5375<x103>[B] (+0) +0.5375<x104>[B] (+0) -0.5375<x105>[B] (+0) +0.5375<x106>[B] (+1) +0.5375<x107>[B] (+1) +0.5375<x108>[B] (+1) +0.5375<x109>[B] (+1) +0.5375<x110>[B] (+1) -0.5375<x111>[B] (+1) +0.5375<x112>[B] (+0) +0.5375<x113>[B] (+0) -0.5375<x114>[B] (+1) +0.5375<x115>[B] (+0) +0.5375<x116>[B] (+0) -0.5375<x117>[B] (+1) -0.5375<x118>[B] (+1) -0.5375<x119>[B] (+1) -0.5375<x120>[B] (+1) >= 19.7541666666667;
;
violation: left hand side is violated by 0.083333333333325
  [linear] <c1258>: <x121>[C] (+17.5208333) +0.5375<x1>[B] (+0) +0.5375<x2>[B] (+0) +0.5375<x3>[B] (+0) +0.5375<x4>[B] (+0) +0.5375<x5>[B] (+0) +0.5375<x6>[B] (+0) +0.5375<x7>[B] (+0) +0.5375<x8>[B] (+1) +0.5375<x9>[B] (+1) +0.5375<x10>[B] (+0) +0.5375<x11>[B] (+0) +0.5375<x12>[B] (+0) +0.5375<x13>[B] (+0) +0.5375<x14>[B] (+0) +0.5375<x15>[B] (+1) +0.5375<x16>[B] (+1) +0.5375<x17>[B] (+1) +0.5375<x18>[B] (+1) +0.5375<x19>[B] (+1) +0.5375<x20>[B] (+1) +0.5375<x21>[B] (+0) +0.5375<x22>[B] (+1) +0.5375<x23>[B] (+1) -0.5375<x24>[B] (+1) +0.5375<x25>[B] (+1) +0.5375<x26>[B] (+1) +0.5375<x27>[B] (+1) +0.5375<x28>[B] (+1) -0.5375<x29>[B] (+1) +0.5375<x30>[B] (+1) -0.5375<x31>[B] (+0) -0.5375<x32>[B] (+0) -0.5375<x33>[B] (+0) -0.5375<x34>[B] (+0) -0.5375<x35>[B] (+1) -0.5375<x36>[B] (+1) -0.5375<x37>[B] (+0) +0.5375<x38>[B] (+0) +0.5375<x39>[B] (+1) +0.5375<x40>[B] (+0) +0.5375<x41>[B] (+0) -0.5375<x42>[B] (+1) -0.5375<x43>[B] (+0) -0.5375<x44>[B] (+0) -0.5375<x45>[B] (+0) -0.5375<x46>[B] (+0) -0.5375<x47>[B] (+1) -0.5375<x48>[B] (+1) -0.5375<x49>[B] (+0) -0.5375<x50>[B] (+0) -0.5375<x51>[B] (+1) +0.5375<x52>[B] (+0) +0.5375<x53>[B] (+0) -0.5375<x54>[B] (+1) -0.5375<x55>[B] (+1) -0.5375<x56>[B] (+1) -0.5375<x57>[B] (+0) -0.5375<x58>[B] (+1) -0.5375<x59>[B] (+1) -0.5375<x60>[B] (+0) +0.5375<x61>[B] (+1) +0.5375<x62>[B] (+1) +0.5375<x63>[B] (+0) +0.5375<x64>[B] (+1) -0.5375<x65>[B] (+1) -0.5375<x66>[B] (+1) -0.5375<x67>[B] (+0) -0.5375<x68>[B] (+1) -0.5375<x69>[B] (+1) -0.5375<x70>[B] (+0) +0.5375<x71>[B] (+1) +0.5375<x72>[B] (+1) +0.5375<x73>[B] (+0) +0.5375<x74>[B] (+1) -0.5375<x75>[B] (+1) -0.5375<x76>[B] (+0) +0.5375<x77>[B] (+1) -0.5375<x78>[B] (+1) -0.5375<x79>[B] (+0) +0.5375<x80>[B] (+1) +0.5375<x81>[B] (+1) +0.5375<x82>[B] (+0) +0.5375<x83>[B] (+0) -0.5375<x84>[B] (+1) +0.5375<x85>[B] (+1) -0.5375<x86>[B] (+1) -0.5375<x87>[B] (+1) +0.5375<x88>[B] (+1) +0.5375<x89>[B] (+1) +0.5375<x90>[B] (+1) +0.5375<x91>[B] (+1) -0.5375<x92>[B] (+1) -0.5375<x93>[B] (+1) -0.5375<x94>[B] (+0) +0.5375<x95>[B] (+0) +0.5375<x96>[B] (+0) +0.5375<x97>[B] (+0) +0.5375<x98>[B] (+0) -0.5375<x99>[B] (+1) -0.5375<x100>[B] (+0) +0.5375<x101>[B] (+0) +0.5375<x102>[B] (+0) +0.5375<x103>[B] (+0) +0.5375<x104>[B] (+0) -0.5375<x105>[B] (+0) +0.5375<x106>[B] (+1) +0.5375<x107>[B] (+1) +0.5375<x108>[B] (+1) +0.5375<x109>[B] (+1) +0.5375<x110>[B] (+1) -0.5375<x111>[B] (+1) +0.5375<x112>[B] (+0) +0.5375<x113>[B] (+0) -0.5375<x114>[B] (+1) +0.5375<x115>[B] (+0) +0.5375<x116>[B] (+0) -0.5375<x117>[B] (+1) -0.5375<x118>[B] (+1) -0.5375<x119>[B] (+1) -0.5375<x120>[B] (+1) >= 19.7541666666667;
;
violation: left hand side is violated by 0.083333333333325
  [linear] <c1258>: <x121>[C] (+19.0333333) +0.5375<x1>[B] (+0) +0.5375<x2>[B] (-2.35367281e-14) +0.5375<x3>[B] (-2.35367281e-14) +0.5375<x4>[B] (+0) +0.5375<x5>[B] (-2.35367281e-14) +0.5375<x6>[B] (+0) +0.5375<x7>[B] (+0) +0.5375<x8>[B] (+1) +0.5375<x9>[B] (+1) +0.5375<x10>[B] (+0) +0.5375<x11>[B] (+0) +0.5375<x12>[B] (-2.35367281e-14) +0.5375<x13>[B] (+0) +0.5375<x14>[B] (+0) +0.5375<x15>[B] (+1) +0.5375<x16>[B] (+1) +0.5375<x17>[B] (+1) +0.5375<x18>[B] (+1) +0.5375<x19>[B] (+1) +0.5375<x20>[B] (+1) +0.5375<x21>[B] (+0) +0.5375<x22>[B] (+1) +0.5375<x23>[B] (+1) -0.5375<x24>[B] (+1) +0.5375<x25>[B] (+1) +0.5375<x26>[B] (+1) +0.5375<x27>[B] (+1) +0.5375<x28>[B] (+1) -0.5375<x29>[B] (+1) +0.5375<x30>[B] (+1) -0.5375<x31>[B] (+0) -0.5375<x32>[B] (+0) -0.5375<x33>[B] (+0) -0.5375<x34>[B] (+0) -0.5375<x35>[B] (+1) -0.5375<x36>[B] (+1) -0.5375<x37>[B] (+0) +0.5375<x38>[B] (+0) +0.5375<x39>[B] (+1) +0.5375<x40>[B] (+0) +0.5375<x41>[B] (+0) -0.5375<x42>[B] (+1) -0.5375<x43>[B] (+0) -0.5375<x44>[B] (+0) -0.5375<x45>[B] (+0) -0.5375<x46>[B] (+0) -0.5375<x47>[B] (+1) -0.5375<x48>[B] (+1) -0.5375<x49>[B] (+0) -0.5375<x50>[B] (+0) -0.5375<x51>[B] (+1) +0.5375<x52>[B] (+0) +0.5375<x53>[B] (+0) -0.5375<x54>[B] (+1) -0.5375<x55>[B] (+1) -0.5375<x56>[B] (+1) -0.5375<x57>[B] (+0) -0.5375<x58>[B] (+1) -0.5375<x59>[B] (+1) -0.5375<x60>[B] (+0) +0.5375<x61>[B] (+1) +0.5375<x62>[B] (+1) +0.5375<x63>[B] (+0) +0.5375<x64>[B] (+0) -0.5375<x65>[B] (+1) -0.5375<x66>[B] (+0) -0.5375<x67>[B] (+0) -0.5375<x68>[B] (+1) -0.5375<x69>[B] (+1) -0.5375<x70>[B] (+0) +0.5375<x71>[B] (+0) +0.5375<x72>[B] (+1) +0.5375<x73>[B] (+0) +0.5375<x74>[B] (+0) -0.5375<x75>[B] (+1) -0.5375<x76>[B] (+0) +0.5375<x77>[B] (+1) -0.5375<x78>[B] (+1) -0.5375<x79>[B] (+0) +0.5375<x80>[B] (+1) +0.5375<x81>[B] (+1) +0.5375<x82>[B] (+0) +0.5375<x83>[B] (+0) -0.5375<x84>[B] (+1) +0.5375<x85>[B] (+1) -0.5375<x86>[B] (+1) -0.5375<x87>[B] (+1) +0.5375<x88>[B] (+1) +0.5375<x89>[B] (+1) +0.5375<x90>[B] (+1) +0.5375<x91>[B] (+1) -0.5375<x92>[B] (+1) -0.5375<x93>[B] (+1) -0.5375<x94>[B] (+0) +0.5375<x95>[B] (+0) +0.5375<x96>[B] (-2.35367281e-14) +0.5375<x97>[B] (+0) +0.5375<x98>[B] (+0) -0.5375<x99>[B] (+1) -0.5375<x100>[B] (+0) +0.5375<x101>[B] (+0) +0.5375<x102>[B] (+0) +0.5375<x103>[B] (+0) +0.5375<x104>[B] (+0) -0.5375<x105>[B] (+1) +0.5375<x106>[B] (+1) +0.5375<x107>[B] (+1) +0.5375<x108>[B] (+1) +0.5375<x109>[B] (+1) +0.5375<x110>[B] (+1) -0.5375<x111>[B] (+1) +0.5375<x112>[B] (+0) +0.5375<x113>[B] (+0) -0.5375<x114>[B] (+1) +0.5375<x115>[B] (+0) +0.5375<x116>[B] (+0) -0.5375<x117>[B] (+1) -0.5375<x118>[B] (+1) -0.5375<x119>[B] (+1) -0.5375<x120>[B] (+1) >= 19.7541666666667;
;
violation: left hand side is violated by 0.183333333333348
  [linear] <c1258>: <x121>[C] (+20.5458333) +0.5375<x1>[B] (+0) +0.5375<x2>[B] (+0) +0.5375<x3>[B] (+0) +0.5375<x4>[B] (+0) +0.5375<x5>[B] (+0) +0.5375<x6>[B] (+0) +0.5375<x7>[B] (+0) +0.5375<x8>[B] (+1) +0.5375<x9>[B] (+1) +0.5375<x10>[B] (+0) +0.5375<x11>[B] (+0) +0.5375<x12>[B] (+0) +0.5375<x13>[B] (+0) +0.5375<x14>[B] (+0) +0.5375<x15>[B] (+1) +0.5375<x16>[B] (+1) +0.5375<x17>[B] (+1) +0.5375<x18>[B] (+1) +0.5375<x19>[B] (+1) +0.5375<x20>[B] (+1) +0.5375<x21>[B] (+0) +0.5375<x22>[B] (+1) +0.5375<x23>[B] (+1) -0.5375<x24>[B] (+1) +0.5375<x25>[B] (+1) +0.5375<x26>[B] (+1) +0.5375<x27>[B] (+1) +0.5375<x28>[B] (+1) -0.5375<x29>[B] (+1) +0.5375<x30>[B] (+1) -0.5375<x31>[B] (+0) -0.5375<x32>[B] (-3.70717949e-14) -0.5375<x33>[B] (+1) -0.5375<x34>[B] (+0) -0.5375<x35>[B] (+1) -0.5375<x36>[B] (+1) -0.5375<x37>[B] (+0) +0.5375<x38>[B] (+0) +0.5375<x39>[B] (+1) +0.5375<x40>[B] (+0) +0.5375<x41>[B] (+0) -0.5375<x42>[B] (+1) -0.5375<x43>[B] (+0) -0.5375<x44>[B] (+0) -0.5375<x45>[B] (+1) -0.5375<x46>[B] (+0) -0.5375<x47>[B] (+1) -0.5375<x48>[B] (+1) -0.5375<x49>[B] (+0) -0.5375<x50>[B] (+0) -0.5375<x51>[B] (+1) +0.5375<x52>[B] (+0) +0.5375<x53>[B] (+0) -0.5375<x54>[B] (+1) -0.5375<x55>[B] (+1) -0.5375<x56>[B] (+1) -0.5375<x57>[B] (+0) -0.5375<x58>[B] (+1) -0.5375<x59>[B] (+1) -0.5375<x60>[B] (+0) +0.5375<x61>[B] (+1) +0.5375<x62>[B] (+1) +0.5375<x63>[B] (+0) +0.5375<x64>[B] (+0) -0.5375<x65>[B] (+1) -0.5375<x66>[B] (+1) -0.5375<x67>[B] (+0) -0.5375<x68>[B] (+1) -0.5375<x69>[B] (+1) -0.5375<x70>[B] (+0) +0.5375<x71>[B] (+0) +0.5375<x72>[B] (+1) +0.5375<x73>[B] (+0) +0.5375<x74>[B] (+0) -0.5375<x75>[B] (+1) -0.5375<x76>[B] (+0) +0.5375<x77>[B] (+1) -0.5375<x78>[B] (+1) -0.5375<x79>[B] (+0) +0.5375<x80>[B] (+0) +0.5375<x81>[B] (+1) +0.5375<x82>[B] (+0) +0.5375<x83>[B] (+0) -0.5375<x84>[B] (+1) +0.5375<x85>[B] (+1) -0.5375<x86>[B] (+1) -0.5375<x87>[B] (+1) +0.5375<x88>[B] (+1) +0.5375<x89>[B] (+1) +0.5375<x90>[B] (+1) +0.5375<x91>[B] (+1) -0.5375<x92>[B] (+1) -0.5375<x93>[B] (+1) -0.5375<x94>[B] (+0) +0.5375<x95>[B] (+0) +0.5375<x96>[B] (+0) +0.5375<x97>[B] (+0) +0.5375<x98>[B] (+0) -0.5375<x99>[B] (+1) -0.5375<x100>[B] (+0) +0.5375<x101>[B] (+0) +0.5375<x102>[B] (+0) +0.5375<x103>[B] (+0) +0.5375<x104>[B] (+0) -0.5375<x105>[B] (+0) +0.5375<x106>[B] (+1) +0.5375<x107>[B] (+1) +0.5375<x108>[B] (+1) +0.5375<x109>[B] (+1) +0.5375<x110>[B] (+1) -0.5375<x111>[B] (+1) +0.5375<x112>[B] (+0) +0.5375<x113>[B] (+0) -0.5375<x114>[B] (+1) +0.5375<x115>[B] (+0) +0.5375<x116>[B] (+0) -0.5375<x117>[B] (+1) -0.5375<x118>[B] (+1) -0.5375<x119>[B] (+1) -0.5375<x120>[B] (+1) >= 19.7541666666667;
;
violation: left hand side is violated by 0.283333333333331
  [linear] <c1259>: <x122>[C] (+16.3041667) +0.5375<x1>[B] (+0) +0.5375<x2>[B] (+1) +0.5375<x3>[B] (+1) +0.5375<x4>[B] (+0) -0.5375<x5>[B] (+1) +0.5375<x6>[B] (+1) +0.5375<x7>[B] (+0) +0.5375<x8>[B] (+1) -0.5375<x9>[B] (+1) +0.5375<x10>[B] (+0) -0.5375<x11>[B] (+0) -0.5375<x12>[B] (+1) +0.5375<x13>[B] (+1) -0.5375<x14>[B] (+1) -0.5375<x15>[B] (+1) +0.5375<x16>[B] (+1) +0.5375<x17>[B] (+1) +0.5375<x18>[B] (+1) -0.5375<x19>[B] (+1) +0.5375<x20>[B] (+1) -0.5375<x21>[B] (+0) +0.5375<x22>[B] (+1) -0.5375<x23>[B] (+1) -0.5375<x24>[B] (+1) -0.5375<x25>[B] (+1) -0.5375<x26>[B] (+1) +0.5375<x27>[B] (+1) -0.5375<x28>[B] (+1) -0.5375<x29>[B] (+1) +0.5375<x30>[B] (+1) -0.5375<x31>[B] (+0) -0.5375<x32>[B] (-1.24344979e-14) +0.5375<x33>[B] (+1) -0.5375<x34>[B] (+0) +0.5375<x35>[B] (+1) -0.5375<x36>[B] (+1) -0.5375<x37>[B] (+0) -0.5375<x38>[B] (+0) -0.5375<x39>[B] (+1) -0.5375<x40>[B] (+1) -0.5375<x41>[B] (+0) -0.5375<x42>[B] (+1) -0.5375<x43>[B] (+0) -0.5375<x44>[B] (+0) -0.5375<x45>[B] (+1) -0.5375<x46>[B] (+0) -0.5375<x47>[B] (+0) -0.5375<x48>[B] (+1) -0.5375<x49>[B] (+0) -0.5375<x50>[B] (+0) -0.5375<x51>[B] (+1) -0.5375<x52>[B] (+1) -0.5375<x53>[B] (+0) -0.5375<x54>[B] (+1) -0.5375<x55>[B] (+1) +0.5375<x56>[B] (+1) -0.5375<x57>[B] (+0) +0.5375<x58>[B] (+1) -0.5375<x59>[B] (+1) -0.5375<x60>[B] (+1) -0.5375<x61>[B] (+1) -0.5375<x62>[B] (+1) -0.5375<x63>[B] (+1) -0.5375<x64>[B] (+1) -0.5375<x65>[B] (+1) +0.5375<x66>[B] (+1) +0.5375<x67>[B] (+0) +0.5375<x68>[B] (+1) +0.5375<x69>[B] (+1) +0.5375<x70>[B] (+0) +0.5375<x71>[B] (+0) +0.5375<x72>[B] (+1) +0.5375<x73>[B] (+1) -0.5375<x74>[B] (+1) +0.5375<x75>[B] (+1) -0.5375<x76>[B] (+0) -0.5375<x77>[B] (+0) -0.5375<x78>[B] (+1) -0.5375<x79>[B] (+0) -0.5375<x80>[B] (+0) -0.5375<x81>[B] (+1) -0.5375<x82>[B] (+0) -0.5375<x83>[B] (+0) -0.5375<x84>[B] (+1) +0.5375<x85>[B] (+1) -0.5375<x86>[B] (+1) +0.5375<x87>[B] (+1) -0.5375<x88>[B] (+1) -0.5375<x89>[B] (+1) +0.5375<x90>[B] (+1) -0.5375<x91>[B] (+1) -0.5375<x92>[B] (+1) -0.5375<x93>[B] (+1) -0.5375<x94>[B] (+0) -0.5375<x95>[B] (+0) -0.5375<x96>[B] (+1) -0.5375<x97>[B] (+1) -0.5375<x98>[B] (+0) -0.5375<x99>[B] (+1) +0.5375<x100>[B] (+0) +0.5375<x101>[B] (+0) +0.5375<x102>[B] (+0) +0.5375<x103>[B] (+0) -0.5375<x104>[B] (+0) +0.5375<x105>[B] (+2.22044605e-15) -0.5375<x106>[B] (+1) -0.5375<x107>[B] (+1) +0.5375<x108>[B] (+1) -0.5375<x109>[B] (+1) -0.5375<x110>[B] (+1) -0.5375<x111>[B] (+1) +0.5375<x112>[B] (+1) -0.5375<x113>[B] (+1) -0.5375<x114>[B] (+1) +0.5375<x115>[B] (+0) -0.5375<x116>[B] (+0) -0.5375<x117>[B] (+2.22044605e-15) -0.5375<x118>[B] (+0) -0.5375<x119>[B] (+1) +0.5375<x120>[B] (+1) >= 4.70416666666667;
;
violation: left hand side is violated by 0.224999999999984
  [linear] <c1259>: <x122>[C] (+16.8916667) +0.5375<x1>[B] (+0) +0.5375<x2>[B] (+1) +0.5375<x3>[B] (+1) +0.5375<x4>[B] (-4.91614546e-14) -0.5375<x5>[B] (+0) +0.5375<x6>[B] (+0) +0.5375<x7>[B] (+0) +0.5375<x8>[B] (+1) -0.5375<x9>[B] (+1) +0.5375<x10>[B] (+0) -0.5375<x11>[B] (+0) -0.5375<x12>[B] (+1) +0.5375<x13>[B] (+1) -0.5375<x14>[B] (+0) -0.5375<x15>[B] (+1) +0.5375<x16>[B] (+1) +0.5375<x17>[B] (+1) +0.5375<x18>[B] (+1) -0.5375<x19>[B] (+1) +0.5375<x20>[B] (+1) -0.5375<x21>[B] (+0) +0.5375<x22>[B] (+1) -0.5375<x23>[B] (+1) -0.5375<x24>[B] (+1) -0.5375<x25>[B] (+1) -0.5375<x26>[B] (+1) +0.5375<x27>[B] (+1) -0.5375<x28>[B] (+1) -0.5375<x29>[B] (+1) +0.5375<x30>[B] (+1) -0.5375<x31>[B] (-4.90718577e-14) -0.5375<x32>[B] (+0) +0.5375<x33>[B] (-7.32747196e-14) -0.5375<x34>[B] (+0) +0.5375<x35>[B] (+1) -0.5375<x36>[B] (+1) -0.5375<x37>[B] (+0) -0.5375<x38>[B] (+0) -0.5375<x39>[B] (+1) -0.5375<x40>[B] (+1) -0.5375<x41>[B] (+0) -0.5375<x42>[B] (+1) -0.5375<x43>[B] (+0) -0.5375<x44>[B] (+0) -0.5375<x45>[B] (+0) -0.5375<x46>[B] (+0) -0.5375<x47>[B] (+0) -0.5375<x48>[B] (+1) -0.5375<x49>[B] (+0) -0.5375<x50>[B] (+0) -0.5375<x51>[B] (+1) -0.5375<x52>[B] (+1) -0.5375<x53>[B] (+0) -0.5375<x54>[B] (+1) -0.5375<x55>[B] (+1) +0.5375<x56>[B] (+1) -0.5375<x57>[B] (+0) +0.5375<x58>[B] (+1) -0.5375<x59>[B] (+1) -0.5375<x60>[B] (+1) -0.5375<x61>[B] (+1) -0.5375<x62>[B] (+1) -0.5375<x63>[B] (+1) -0.5375<x64>[B] (+1) -0.5375<x65>[B] (+1) +0.5375<x66>[B] (+1) +0.5375<x67>[B] (+0) +0.5375<x68>[B] (+1) +0.5375<x69>[B] (+1) +0.5375<x70>[B] (+0) +0.5375<x71>[B] (+0) +0.5375<x72>[B] (+1) +0.5375<x73>[B] (+1) -0.5375<x74>[B] (+1) +0.5375<x75>[B] (+1) -0.5375<x76>[B] (+0) -0.5375<x77>[B] (+1) -0.5375<x78>[B] (+1) -0.5375<x79>[B] (+0) -0.5375<x80>[B] (+0) -0.5375<x81>[B] (+1) -0.5375<x82>[B] (+1) -0.5375<x83>[B] (+0) -0.5375<x84>[B] (+1) +0.5375<x85>[B] (+1) -0.5375<x86>[B] (+1) +0.5375<x87>[B] (+1) -0.5375<x88>[B] (+1) -0.5375<x89>[B] (+1) +0.5375<x90>[B] (+1) -0.5375<x91>[B] (+1) -0.5375<x92>[B] (+1) -0.5375<x93>[B] (+1) -0.5375<x94>[B] (+0) -0.5375<x95>[B] (+0) -0.5375<x96>[B] (+1) -0.5375<x97>[B] (+1) -0.5375<x98>[B] (+0) -0.5375<x99>[B] (+1) +0.5375<x100>[B] (+0) +0.5375<x101>[B] (+0) +0.5375<x102>[B] (+0) +0.5375<x103>[B] (+0) -0.5375<x104>[B] (+0) +0.5375<x105>[B] (+0) -0.5375<x106>[B] (+1) -0.5375<x107>[B] (+1) +0.5375<x108>[B] (+1) -0.5375<x109>[B] (+1) -0.5375<x110>[B] (+1) -0.5375<x111>[B] (+1) +0.5375<x112>[B] (+1) -0.5375<x113>[B] (+1) -0.5375<x114>[B] (+1) +0.5375<x115>[B] (+0) -0.5375<x116>[B] (+0) -0.5375<x117>[B] (+0) -0.5375<x118>[B] (+0) -0.5375<x119>[B] (+1) +0.5375<x120>[B] (+1) >= 4.70416666666667;
;
violation: left hand side is violated by 0.174999999999968
  [linear] <c1260>: <x123>[C] (+6.11666667) -0.370833333<x1>[B] (+0) -0.370833333<x2>[B] (+1) -0.370833333<x3>[B] (+1) -0.370833333<x4>[B] (+0) -0.370833333<x5>[B] (+1) -0.370833333<x6>[B] (+0) -0.370833333<x7>[B] (+0) -0.370833333<x8>[B] (+1) -0.370833333<x9>[B] (+1) -0.370833333<x10>[B] (+0) -0.370833333<x11>[B] (+0) -0.370833333<x12>[B] (+1) -0.370833333<x13>[B] (+1) -0.370833333<x14>[B] (+1) -0.370833333<x15>[B] (+1) +0.370833333<x16>[B] (+1) +0.370833333<x17>[B] (+1) +0.370833333<x18>[B] (+1) +0.370833333<x19>[B] (+1) +0.370833333<x20>[B] (+0) +0.370833333<x21>[B] (+0) +0.370833333<x22>[B] (+1) +0.370833333<x23>[B] (+1) +0.370833333<x24>[B] (+1) +0.370833333<x25>[B] (+1) +0.370833333<x26>[B] (+1) +0.370833333<x27>[B] (+1) +0.370833333<x28>[B] (+1) +0.370833333<x29>[B] (+1) +0.370833333<x30>[B] (+1) +0.370833333<x31>[B] (+0) +0.370833333<x32>[B] (+0) +0.370833333<x33>[B] (+0) +0.370833333<x34>[B] (+0) +0.370833333<x35>[B] (+1) +0.370833333<x36>[B] (+1) -0.370833333<x37>[B] (+0) -0.370833333<x38>[B] (+0) +0.370833333<x39>[B] (+1) +0.370833333<x40>[B] (+1) +0.370833333<x41>[B] (+0) +0.370833333<x42>[B] (+1) -0.370833333<x43>[B] (+0) +0.370833333<x44>[B] (+0) -0.370833333<x45>[B] (+0) +0.370833333<x46>[B] (+0) -0.370833333<x47>[B] (+0) +0.370833333<x48>[B] (+1) -0.370833333<x49>[B] (+0) -0.370833333<x50>[B] (+0) -0.370833333<x51>[B] (+0) +0.370833333<x52>[B] (+1) +0.370833333<x53>[B] (+0) +0.370833333<x54>[B] (+7.28306304e-14) +0.370833333<x55>[B] (+1) -0.370833333<x56>[B] (+0) +0.370833333<x57>[B] (+0) -0.370833333<x58>[B] (+1) +0.370833333<x59>[B] (+1) -0.370833333<x60>[B] (+1) -0.370833333<x61>[B] (+1) -0.370833333<x62>[B] (+1) +0.370833333<x63>[B] (+1) +0.370833333<x64>[B] (+1) +0.370833333<x65>[B] (+1) -0.370833333<x66>[B] (+0) +0.370833333<x67>[B] (+0) -0.370833333<x68>[B] (+1) +0.370833333<x69>[B] (+1) -0.370833333<x70>[B] (+0) -0.370833333<x71>[B] (+0) -0.370833333<x72>[B] (+1) +0.370833333<x73>[B] (+1) +0.370833333<x74>[B] (+1) +0.370833333<x75>[B] (+1) +0.370833333<x76>[B] (+0) +0.370833333<x77>[B] (+1) +0.370833333<x78>[B] (+1) -0.370833333<x79>[B] (+1) -0.370833333<x80>[B] (+1) +0.370833333<x81>[B] (+1) +0.370833333<x82>[B] (+1) +0.370833333<x83>[B] (+1) +0.370833333<x84>[B] (+1) -0.370833333<x85>[B] (+1) +0.370833333<x86>[B] (+1) -0.370833333<x87>[B] (+1) -0.370833333<x88>[B] (+1) -0.370833333<x89>[B] (+1) +0.370833333<x90>[B] (+1) +0.370833333<x91>[B] (+1) -0.370833333<x92>[B] (+1) +0.370833333<x93>[B] (+1) -0.370833333<x94>[B] (+0) -0.370833333<x95>[B] (+0) -0.370833333<x96>[B] (+0) +0.370833333<x97>[B] (+1) +0.370833333<x98>[B] (+0) +0.370833333<x99>[B] (+1) -0.370833333<x100>[B] (+0) -0.370833333<x101>[B] (+0) -0.370833333<x102>[B] (+0) -0.370833333<x103>[B] (+0) -0.370833333<x104>[B] (+0) -0.370833333<x105>[B] (+7.28306304e-14) +0.370833333<x106>[B] (+1) +0.370833333<x107>[B] (+1) +0.370833333<x108>[B] (+1) +0.370833333<x109>[B] (+1) +0.370833333<x110>[B] (+1) +0.370833333<x111>[B] (+1) +0.370833333<x112>[B] (+1) +0.370833333<x113>[B] (+1) +0.370833333<x114>[B] (+1) +0.370833333<x115>[B] (+1) +0.370833333<x116>[B] (+0) +0.370833333<x117>[B] (+1) +0.370833333<x118>[B] (+0) -0.370833333<x119>[B] (+7.28306304e-14) -0.370833333<x120>[B] (+1) >= 17.3375;
;
violation: left hand side is violated by 0.466666666666669
  [linear] <c1260>: <x123>[C] (+6.11666667) -0.370833333<x1>[B] (+0) -0.370833333<x2>[B] (+1) -0.370833333<x3>[B] (+1) -0.370833333<x4>[B] (+0) -0.370833333<x5>[B] (+1) -0.370833333<x6>[B] (+0) -0.370833333<x7>[B] (+0) -0.370833333<x8>[B] (+1) -0.370833333<x9>[B] (+1) -0.370833333<x10>[B] (+0) -0.370833333<x11>[B] (+0) -0.370833333<x12>[B] (+1) -0.370833333<x13>[B] (+1) -0.370833333<x14>[B] (+1) -0.370833333<x15>[B] (+1) +0.370833333<x16>[B] (+1) +0.370833333<x17>[B] (+1) +0.370833333<x18>[B] (+1) +0.370833333<x19>[B] (+1) +0.370833333<x20>[B] (+0) +0.370833333<x21>[B] (+0) +0.370833333<x22>[B] (+1) +0.370833333<x23>[B] (+1) +0.370833333<x24>[B] (+1) +0.370833333<x25>[B] (+1) +0.370833333<x26>[B] (+1) +0.370833333<x27>[B] (+1) +0.370833333<x28>[B] (+1) +0.370833333<x29>[B] (+1) +0.370833333<x30>[B] (+1) +0.370833333<x31>[B] (+0) +0.370833333<x32>[B] (+0) +0.370833333<x33>[B] (+0) +0.370833333<x34>[B] (+0) +0.370833333<x35>[B] (+1) +0.370833333<x36>[B] (+1) -0.370833333<x37>[B] (+0) -0.370833333<x38>[B] (+0) +0.370833333<x39>[B] (+0) +0.370833333<x40>[B] (+1) +0.370833333<x41>[B] (+0) +0.370833333<x42>[B] (+1) -0.370833333<x43>[B] (+0) +0.370833333<x44>[B] (+0) -0.370833333<x45>[B] (+0) +0.370833333<x46>[B] (+0) -0.370833333<x47>[B] (+0) +0.370833333<x48>[B] (+1) -0.370833333<x49>[B] (+0) -0.370833333<x50>[B] (+0) -0.370833333<x51>[B] (+0) +0.370833333<x52>[B] (+1) +0.370833333<x53>[B] (+0) +0.370833333<x54>[B] (+1) +0.370833333<x55>[B] (+1) -0.370833333<x56>[B] (+0) +0.370833333<x57>[B] (+0) -0.370833333<x58>[B] (+1) +0.370833333<x59>[B] (+1) -0.370833333<x60>[B] (+1) -0.370833333<x61>[B] (+1) -0.370833333<x62>[B] (+1) +0.370833333<x63>[B] (+1) +0.370833333<x64>[B] (+1) +0.370833333<x65>[B] (+1) -0.370833333<x66>[B] (+0) +0.370833333<x67>[B] (+0) -0.370833333<x68>[B] (+1) +0.370833333<x69>[B] (+1) -0.370833333<x70>[B] (+0) -0.370833333<x71>[B] (+0) -0.370833333<x72>[B] (+1) +0.370833333<x73>[B] (+1) +0.370833333<x74>[B] (+1) +0.370833333<x75>[B] (+1) +0.370833333<x76>[B] (+0) +0.370833333<x77>[B] (+1) +0.370833333<x78>[B] (+1) -0.370833333<x79>[B] (+1) -0.370833333<x80>[B] (+1) +0.370833333<x81>[B] (+1) +0.370833333<x82>[B] (+1) +0.370833333<x83>[B] (+1) +0.370833333<x84>[B] (+1) -0.370833333<x85>[B] (+1) +0.370833333<x86>[B] (+1) -0.370833333<x87>[B] (+1) -0.370833333<x88>[B] (+1) -0.370833333<x89>[B] (+1) +0.370833333<x90>[B] (+1) +0.370833333<x91>[B] (+1) -0.370833333<x92>[B] (+1) +0.370833333<x93>[B] (+1) -0.370833333<x94>[B] (+0) -0.370833333<x95>[B] (+0) -0.370833333<x96>[B] (+0) +0.370833333<x97>[B] (+1) +0.370833333<x98>[B] (+0) +0.370833333<x99>[B] (+1) -0.370833333<x100>[B] (+0) -0.370833333<x101>[B] (+0) -0.370833333<x102>[B] (+0) -0.370833333<x103>[B] (+0) -0.370833333<x104>[B] (+0) -0.370833333<x105>[B] (+0) +0.370833333<x106>[B] (+1) +0.370833333<x107>[B] (+1) +0.370833333<x108>[B] (+1) +0.370833333<x109>[B] (+1) +0.370833333<x110>[B] (+1) +0.370833333<x111>[B] (+1) +0.370833333<x112>[B] (+1) +0.370833333<x113>[B] (+1) +0.370833333<x114>[B] (+1) +0.370833333<x115>[B] (+1) +0.370833333<x116>[B] (+1) +0.370833333<x117>[B] (+1) +0.370833333<x118>[B] (+0) -0.370833333<x119>[B] (+1) -0.370833333<x120>[B] (+1) >= 17.3375;
;
violation: left hand side is violated by 0.466666666666676
  [linear] <c1260>: <x123>[C] (+8.2625) -0.370833333<x1>[B] (+0) -0.370833333<x2>[B] (+1) -0.370833333<x3>[B] (+1) -0.370833333<x4>[B] (+0) -0.370833333<x5>[B] (+1) -0.370833333<x6>[B] (+1) -0.370833333<x7>[B] (+0) -0.370833333<x8>[B] (+1) -0.370833333<x9>[B] (+1) -0.370833333<x10>[B] (+0) -0.370833333<x11>[B] (+0) -0.370833333<x12>[B] (+1) -0.370833333<x13>[B] (+1) -0.370833333<x14>[B] (+0) -0.370833333<x15>[B] (+1) +0.370833333<x16>[B] (+1) +0.370833333<x17>[B] (+1) +0.370833333<x18>[B] (+1) +0.370833333<x19>[B] (+1) +0.370833333<x20>[B] (+1) +0.370833333<x21>[B] (+0) +0.370833333<x22>[B] (+1) +0.370833333<x23>[B] (+1) +0.370833333<x24>[B] (+1) +0.370833333<x25>[B] (+1) +0.370833333<x26>[B] (+1) +0.370833333<x27>[B] (+1) +0.370833333<x28>[B] (+1) +0.370833333<x29>[B] (+1) +0.370833333<x30>[B] (+1) +0.370833333<x31>[B] (+0) +0.370833333<x32>[B] (+1) +0.370833333<x33>[B] (+1) +0.370833333<x34>[B] (+0) +0.370833333<x35>[B] (+1) +0.370833333<x36>[B] (+1) -0.370833333<x37>[B] (+0) -0.370833333<x38>[B] (+0) +0.370833333<x39>[B] (+1) +0.370833333<x40>[B] (+1) +0.370833333<x41>[B] (+0) +0.370833333<x42>[B] (+1) -0.370833333<x43>[B] (+0) +0.370833333<x44>[B] (+0) -0.370833333<x45>[B] (+0) +0.370833333<x46>[B] (+0) -0.370833333<x47>[B] (+0) +0.370833333<x48>[B] (+1) -0.370833333<x49>[B] (+0) -0.370833333<x50>[B] (+0) -0.370833333<x51>[B] (+0) +0.370833333<x52>[B] (+0) +0.370833333<x53>[B] (+0) +0.370833333<x54>[B] (+1) +0.370833333<x55>[B] (+1) -0.370833333<x56>[B] (+1) +0.370833333<x57>[B] (+0) -0.370833333<x58>[B] (+1) +0.370833333<x59>[B] (+1) -0.370833333<x60>[B] (+0) -0.370833333<x61>[B] (+1) -0.370833333<x62>[B] (+1) +0.370833333<x63>[B] (+1) +0.370833333<x64>[B] (+0) +0.370833333<x65>[B] (+1) -0.370833333<x66>[B] (+1) +0.370833333<x67>[B] (+0) -0.370833333<x68>[B] (+1) +0.370833333<x69>[B] (+1) -0.370833333<x70>[B] (+0) -0.370833333<x71>[B] (+0) -0.370833333<x72>[B] (+1) +0.370833333<x73>[B] (+0) +0.370833333<x74>[B] (+0) +0.370833333<x75>[B] (+1) +0.370833333<x76>[B] (+0) +0.370833333<x77>[B] (+1) +0.370833333<x78>[B] (+1) -0.370833333<x79>[B] (+0) -0.370833333<x80>[B] (+0) +0.370833333<x81>[B] (+1) +0.370833333<x82>[B] (+0) +0.370833333<x83>[B] (+0) +0.370833333<x84>[B] (+1) -0.370833333<x85>[B] (+1) +0.370833333<x86>[B] (+1) -0.370833333<x87>[B] (+1) -0.370833333<x88>[B] (+1) -0.370833333<x89>[B] (+1) +0.370833333<x90>[B] (+1) +0.370833333<x91>[B] (+1) -0.370833333<x92>[B] (+1) +0.370833333<x93>[B] (+1) -0.370833333<x94>[B] (+0) -0.370833333<x95>[B] (+0) -0.370833333<x96>[B] (+0) +0.370833333<x97>[B] (+0) +0.370833333<x98>[B] (+0) +0.370833333<x99>[B] (+1) -0.370833333<x100>[B] (+0) -0.370833333<x101>[B] (+0) -0.370833333<x102>[B] (+0) -0.370833333<x103>[B] (+0) -0.370833333<x104>[B] (+0) -0.370833333<x105>[B] (+0) +0.370833333<x106>[B] (+1) +0.370833333<x107>[B] (+1) +0.370833333<x108>[B] (+1) +0.370833333<x109>[B] (+1) +0.370833333<x110>[B] (+1) +0.370833333<x111>[B] (+1) +0.370833333<x112>[B] (+1) +0.370833333<x113>[B] (+0) +0.370833333<x114>[B] (+1) +0.370833333<x115>[B] (+0) +0.370833333<x116>[B] (+0) +0.370833333<x117>[B] (+1) +0.370833333<x118>[B] (+0) -0.370833333<x119>[B] (+1) -0.370833333<x120>[B] (+1) >= 17.3375;
;
violation: left hand side is violated by 0.175000000000011
  [linear] <c1259>: <x122>[C] (+16.3041667) +0.5375<x1>[B] (+0) +0.5375<x2>[B] (+0) +0.5375<x3>[B] (+0) +0.5375<x4>[B] (+0) -0.5375<x5>[B] (+0) +0.5375<x6>[B] (+0) +0.5375<x7>[B] (+0) +0.5375<x8>[B] (+1) -0.5375<x9>[B] (+1) +0.5375<x10>[B] (+0) -0.5375<x11>[B] (+0) -0.5375<x12>[B] (+0) +0.5375<x13>[B] (+0) -0.5375<x14>[B] (+0) -0.5375<x15>[B] (+1) +0.5375<x16>[B] (+1) +0.5375<x17>[B] (+1) +0.5375<x18>[B] (+1) -0.5375<x19>[B] (+1) +0.5375<x20>[B] (+1) -0.5375<x21>[B] (+0) +0.5375<x22>[B] (+1) -0.5375<x23>[B] (+1) -0.5375<x24>[B] (+1) -0.5375<x25>[B] (+1) -0.5375<x26>[B] (+1) +0.5375<x27>[B] (+1) -0.5375<x28>[B] (+1) -0.5375<x29>[B] (+1) +0.5375<x30>[B] (+1) -0.5375<x31>[B] (+0) -0.5375<x32>[B] (+0) +0.5375<x33>[B] (+1) -0.5375<x34>[B] (+0) +0.5375<x35>[B] (+1) -0.5375<x36>[B] (+1) -0.5375<x37>[B] (+0) -0.5375<x38>[B] (+0) -0.5375<x39>[B] (+1) -0.5375<x40>[B] (+0) -0.5375<x41>[B] (+0) -0.5375<x42>[B] (+1) -0.5375<x43>[B] (+0) -0.5375<x44>[B] (+0) -0.5375<x45>[B] (+1) -0.5375<x46>[B] (+0) -0.5375<x47>[B] (+1) -0.5375<x48>[B] (+1) -0.5375<x49>[B] (+0) -0.5375<x50>[B] (+0) -0.5375<x51>[B] (+1) -0.5375<x52>[B] (+0) -0.5375<x53>[B] (+0) -0.5375<x54>[B] (+1) -0.5375<x55>[B] (+1) +0.5375<x56>[B] (+1) -0.5375<x57>[B] (+0) +0.5375<x58>[B] (+1) -0.5375<x59>[B] (+1) -0.5375<x60>[B] (+0) -0.5375<x61>[B] (+1) -0.5375<x62>[B] (+1) -0.5375<x63>[B] (+0) -0.5375<x64>[B] (+1) -0.5375<x65>[B] (+1) +0.5375<x66>[B] (+1) +0.5375<x67>[B] (+0) +0.5375<x68>[B] (+1) +0.5375<x69>[B] (+1) +0.5375<x70>[B] (+0) +0.5375<x71>[B] (+0) +0.5375<x72>[B] (+1) +0.5375<x73>[B] (+0) -0.5375<x74>[B] (+0) +0.5375<x75>[B] (+1) -0.5375<x76>[B] (+0) -0.5375<x77>[B] (+1) -0.5375<x78>[B] (+1) -0.5375<x79>[B] (+0) -0.5375<x80>[B] (+0) -0.5375<x81>[B] (+1) -0.5375<x82>[B] (+0) -0.5375<x83>[B] (+0) -0.5375<x84>[B] (+1) +0.5375<x85>[B] (+1) -0.5375<x86>[B] (+1) +0.5375<x87>[B] (+1) -0.5375<x88>[B] (+1) -0.5375<x89>[B] (+1) +0.5375<x90>[B] (+1) -0.5375<x91>[B] (+1) -0.5375<x92>[B] (+1) -0.5375<x93>[B] (+1) -0.5375<x94>[B] (+0) -0.5375<x95>[B] (+0) -0.5375<x96>[B] (+0) -0.5375<x97>[B] (+0) -0.5375<x98>[B] (+0) -0.5375<x99>[B] (+1) +0.5375<x100>[B] (+0) +0.5375<x101>[B] (+0) +0.5375<x102>[B] (+0) +0.5375<x103>[B] (+0) -0.5375<x104>[B] (+0) +0.5375<x105>[B] (+0) -0.5375<x106>[B] (+1) -0.5375<x107>[B] (+1) +0.5375<x108>[B] (+1) -0.5375<x109>[B] (+1) -0.5375<x110>[B] (+1) -0.5375<x111>[B] (+1) +0.5375<x112>[B] (+0) -0.5375<x113>[B] (+1) -0.5375<x114>[B] (+1) +0.5375<x115>[B] (+0) -0.5375<x116>[B] (+0) -0.5375<x117>[B] (+1) -0.5375<x118>[B] (+1) -0.5375<x119>[B] (+1) +0.5375<x120>[B] (+1) >= 4.70416666666667;
;
violation: left hand side is violated by 0.225000000000009
all 10 solutions given by solution candidate storage are infeasible

feasible solution found by trivial heuristic after 0.0 seconds, objective value -6.999784e+06
presolving:
   (0.0s) symmetry computation started: requiring (bin +, int +, cont +), (fixed: bin -, int -, cont -)
   (0.0s) no symmetry present (symcode time: 0.00)
presolving (0 rounds: 0 fast, 0 medium, 0 exhaustive):
 0 deleted vars, 0 deleted constraints, 0 added constraints, 0 tightened bounds, 0 added holes, 0 changed sides, 0 changed coefficients
 0 implications, 0 cliques, 0 implied integral variables (0 bin, 0 int, 0 cont)
presolved problem has 190 variables (120 bin, 0 int, 70 cont) and 1324 constraints
   1324 constraints of type <linear>
Presolving Time: 0.01
transformed 1/1 original solutions to the transformed problem space

 time | node  | left  |LP iter|LP it/n|mem/heur|mdpt |vars |cons |rows |cuts |sepa|confs|strbr|  dualbound   | primalbound  |  gap   | compl. 
p 0.0s|     1 |     0 |    22 |     - |   locks|   0 | 190 |1324 |1324 |   0 |  0 |   0 |   0 | 3.960000e+02 |-1.031492e+03 |    Inf | unknown
  0.1s|     1 |     0 |   708 |     - |    59M |   0 | 190 |1324 |1324 |   0 |  0 |   0 |   0 |-8.467009e+02 |-1.031492e+03 |  21.82%| unknown
  0.2s|     1 |     0 |   745 |     - |    59M |   0 | 190 |1324 |1326 |   2 |  1 |   0 |   0 |-8.468930e+02 |-1.031492e+03 |  21.80%| unknown
r 0.2s|     1 |     0 |   745 |     - |shifting|   0 | 190 |1325 |1326 |   2 |  1 |   1 |   0 |-8.468930e+02 |-1.025844e+03 |  21.13%| unknown
  0.2s|     1 |     0 |   801 |     - |    60M |   0 | 190 |1325 |1328 |   4 |  2 |   1 |   0 |-8.471667e+02 |-1.025844e+03 |  21.09%| unknown
  0.3s|     1 |     0 |   837 |     - |    60M |   0 | 190 |1325 |1329 |   5 |  3 |   1 |   0 |-8.472187e+02 |-1.025844e+03 |  21.08%| unknown
r 0.3s|     1 |     0 |   837 |     - |shifting|   0 | 190 |1325 |1329 |   5 |  3 |   1 |   0 |-8.472187e+02 |-1.007430e+03 |  18.91%| unknown
  0.4s|     1 |     0 |   876 |     - |    60M |   0 | 190 |1325 |1333 |   9 |  4 |   1 |   0 |-8.472654e+02 |-1.007430e+03 |  18.90%| unknown
  0.6s|     1 |     0 |   930 |     - |    60M |   0 | 190 |1325 |1335 |  11 |  5 |   1 |   0 |-8.473110e+02 |-1.007430e+03 |  18.90%| unknown
r 0.6s|     1 |     0 |   930 |     - |shifting|   0 | 190 |1325 |1335 |  11 |  5 |   1 |   0 |-8.473110e+02 |-9.939914e+02 |  17.31%| unknown
  0.7s|     1 |     0 |   957 |     - |    60M |   0 | 190 |1325 |1337 |  13 |  6 |   1 |   0 |-8.473210e+02 |-9.939914e+02 |  17.31%| unknown
  0.8s|     1 |     0 |   994 |     - |    60M |   0 | 190 |1325 |1341 |  17 |  7 |   1 |   0 |-8.473303e+02 |-9.939914e+02 |  17.31%| unknown
r 0.8s|     1 |     0 |   994 |     - |shifting|   0 | 190 |1325 |1341 |  17 |  7 |   1 |   0 |-8.473303e+02 |-9.629899e+02 |  13.65%| unknown
  0.9s|     1 |     0 |  1034 |     - |    61M |   0 | 190 |1325 |1343 |  19 |  8 |   1 |   0 |-8.473551e+02 |-9.629899e+02 |  13.65%| unknown
  1.0s|     1 |     0 |  1065 |     - |    62M |   0 | 190 |1325 |1344 |  20 |  9 |   1 |   0 |-8.473704e+02 |-9.629899e+02 |  13.64%| unknown
 time | node  | left  |LP iter|LP it/n|mem/heur|mdpt |vars |cons |rows |cuts |sepa|confs|strbr|  dualbound   | primalbound  |  gap   | compl. 
  1.1s|     1 |     0 |  1093 |     - |    62M |   0 | 190 |1325 |1345 |  21 | 10 |   1 |   0 |-8.473743e+02 |-9.629899e+02 |  13.64%| unknown
  1.2s|     1 |     0 |  1097 |     - |    62M |   0 | 190 |1326 |1346 |  22 | 11 |   2 |   0 |-8.473743e+02 |-9.629899e+02 |  13.64%| unknown
  1.2s|     1 |     0 |  1101 |     - |    62M |   0 | 190 |1327 |1347 |  23 | 12 |   3 |   0 |-8.473744e+02 |-9.629899e+02 |  13.64%| unknown
r 1.2s|     1 |     0 |  1219 |     - |intshift|   0 | 190 |1328 |1347 |  23 | 12 |   4 |   0 |-8.473744e+02 |-8.850667e+02 |   4.45%| unknown
d 1.2s|     1 |     0 |  1738 |     - |farkasdi|   0 | 190 |1328 |1347 |   0 | 12 |   4 |   0 |-8.473744e+02 |-8.548667e+02 |   0.88%| unknown
  1.3s|     1 |     0 |  2173 |     - |    62M |   0 | 190 |1344 |1347 |  23 | 12 |  20 |   0 |-8.473744e+02 |-8.548667e+02 |   0.88%| unknown
  1.3s|     1 |     0 |  2208 |     - |    62M |   0 | 190 |1344 |1348 |  25 | 13 |  20 |   0 |-8.473787e+02 |-8.548667e+02 |   0.88%| unknown
  1.3s|     1 |     0 |  2212 |     - |    62M |   0 | 190 |1344 |1349 |  26 | 14 |  20 |   0 |-8.473789e+02 |-8.548667e+02 |   0.88%| unknown
  1.8s|     1 |     2 |  2212 |     - |    62M |   0 | 190 |1344 |1349 |  26 | 14 |  20 |  26 |-8.483306e+02 |-8.548667e+02 |   0.77%| unknown
* 2.9s|     9 |     4 |  3457 | 292.4 |strongbr|   6 | 190 |1364 |1337 |  26 |  1 |  40 | 141 |-8.483538e+02 |-8.539333e+02 |   0.66%|  20.54%
* 3.0s|     9 |     4 |  3507 | 298.6 |strongbr|   6 | 190 |1364 |1337 |  26 |  5 |  41 | 143 |-8.483538e+02 |-8.536167e+02 |   0.62%|  20.54%
* 3.6s|    22 |     5 |  4502 | 161.1 |strongbr|   8 | 190 |1392 |1337 |  26 |  2 |  70 | 221 |-8.497011e+02 |-8.519000e+02 |   0.26%|  44.64%

SCIP Status        : problem is solved [optimal solution found]
Solving Time (sec) : 3.72
Solving Nodes      : 29
Primal Bound       : -8.51900000000000e+02 (28 solutions)
Dual Bound         : -8.51900000000000e+02
Gap                : 0.00 %
  [linear] <c1325>: <x121>[C] (+13.0583333) +0.4625<x1>[B] (+0) +0.4625<x2>[B] (+1) +0.4625<x3>[B] (+1) +0.4625<x4>[B] (+0) +0.4625<x5>[B] (+1) +0.4625<x6>[B] (+1) +0.4625<x7>[B] (+0) +0.4625<x8>[B] (+1) +0.4625<x9>[B] (+1) +0.4625<x10>[B] (+0) +0.4625<x11>[B] (+0) +0.4625<x12>[B] (+1) +0.4625<x13>[B] (+1) +0.4625<x14>[B] (+1) +0.4625<x15>[B] (+1) +0.4625<x16>[B] (+1) +0.4625<x17>[B] (+1) +0.4625<x18>[B] (+1) +0.4625<x19>[B] (+1) +0.4625<x20>[B] (+1) +0.4625<x21>[B] (+0) +0.4625<x22>[B] (+1) +0.4625<x23>[B] (+1) -0.4625<x24>[B] (+1) +0.4625<x25>[B] (+1) +0.4625<x26>[B] (+1) +0.4625<x27>[B] (+1) +0.4625<x28>[B] (+1) -0.4625<x29>[B] (+1) +0.4625<x30>[B] (+1) -0.4625<x31>[B] (+0) -0.4625<x32>[B] (+0) -0.4625<x33>[B] (+1) -0.4625<x34>[B] (+0) -0.4625<x35>[B] (+1) -0.4625<x36>[B] (+1) -0.4625<x37>[B] (+0) +0.4625<x38>[B] (+0) +0.4625<x39>[B] (+1) +0.4625<x40>[B] (+0) +0.4625<x41>[B] (+0) -0.4625<x42>[B] (+1) -0.4625<x43>[B] (+0) -0.4625<x44>[B] (+0) -0.4625<x45>[B] (+0) -0.4625<x46>[B] (+0) -0.4625<x47>[B] (+0) -0.4625<x48>[B] (+1) -0.4625<x49>[B] (+0) -0.4625<x50>[B] (+0) -0.4625<x51>[B] (+1) +0.4625<x52>[B] (+0) +0.4625<x53>[B] (+0) -0.4625<x54>[B] (+1) -0.4625<x55>[B] (+1) -0.4625<x56>[B] (+1) -0.4625<x57>[B] (+0) -0.4625<x58>[B] (+1) -0.4625<x59>[B] (+1) -0.4625<x60>[B] (+1) +0.4625<x61>[B] (+1) +0.4625<x62>[B] (+1) +0.4625<x63>[B] (+1) +0.4625<x64>[B] (+1) -0.4625<x65>[B] (+1) -0.4625<x66>[B] (+1) -0.4625<x67>[B] (+0) -0.4625<x68>[B] (+1) -0.4625<x69>[B] (+1) -0.4625<x70>[B] (+0) +0.4625<x71>[B] (+0) +0.4625<x72>[B] (+1) +0.4625<x73>[B] (+0) +0.4625<x74>[B] (+1) -0.4625<x75>[B] (+1) -0.4625<x76>[B] (+0) +0.4625<x77>[B] (+1) -0.4625<x78>[B] (+1) -0.4625<x79>[B] (+0) +0.4625<x80>[B] (+0) +0.4625<x81>[B] (+1) +0.4625<x82>[B] (+0) +0.4625<x83>[B] (+0) -0.4625<x84>[B] (+1) +0.4625<x85>[B] (+1) -0.4625<x86>[B] (+1) -0.4625<x87>[B] (+1) +0.4625<x88>[B] (+1) +0.4625<x89>[B] (+1) +0.4625<x90>[B] (+1) +0.4625<x91>[B] (+1) -0.4625<x92>[B] (+1) -0.4625<x93>[B] (+1) -0.4625<x94>[B] (+0) +0.4625<x95>[B] (+0) +0.4625<x96>[B] (+1) +0.4625<x97>[B] (+0) +0.4625<x98>[B] (+0) -0.4625<x99>[B] (+1) -0.4625<x100>[B] (+0) +0.4625<x101>[B] (+0) +0.4625<x102>[B] (+0) +0.4625<x103>[B] (+0) +0.4625<x104>[B] (+0) -0.4625<x105>[B] (-6.32827124e-14) +0.4625<x106>[B] (+1) +0.4625<x107>[B] (+1) +0.4625<x108>[B] (+1) +0.4625<x109>[B] (+1) +0.4625<x110>[B] (+1) -0.4625<x111>[B] (+1) +0.4625<x112>[B] (+1) +0.4625<x113>[B] (+1) -0.4625<x114>[B] (+1) +0.4625<x115>[B] (+0) +0.4625<x116>[B] (+0) -0.4625<x117>[B] (-6.32827124e-14) -0.4625<x118>[B] (+1) -0.4625<x119>[B] (+1) -0.4625<x120>[B] (+1) >= 19.0791666666667;
;
violation: left hand side is violated by 0.00833333333334352
  [linear] <c1325>: <x121>[C] (+10.1833333) +0.4625<x1>[B] (+0) +0.4625<x2>[B] (+1) +0.4625<x3>[B] (+1) +0.4625<x4>[B] (+0) +0.4625<x5>[B] (+1) +0.4625<x6>[B] (+1) +0.4625<x7>[B] (+0) +0.4625<x8>[B] (+1) +0.4625<x9>[B] (+1) +0.4625<x10>[B] (+0) +0.4625<x11>[B] (+0) +0.4625<x12>[B] (+1) +0.4625<x13>[B] (+1) +0.4625<x14>[B] (+1) +0.4625<x15>[B] (+1) +0.4625<x16>[B] (+1) +0.4625<x17>[B] (+1) +0.4625<x18>[B] (+1) +0.4625<x19>[B] (+1) +0.4625<x20>[B] (+1) +0.4625<x21>[B] (+0) +0.4625<x22>[B] (+1) +0.4625<x23>[B] (+1) -0.4625<x24>[B] (+1) +0.4625<x25>[B] (+1) +0.4625<x26>[B] (+1) +0.4625<x27>[B] (+1) +0.4625<x28>[B] (+1) -0.4625<x29>[B] (+1) +0.4625<x30>[B] (+1) -0.4625<x31>[B] (+0) -0.4625<x32>[B] (+0) -0.4625<x33>[B] (+1) -0.4625<x34>[B] (+0) -0.4625<x35>[B] (+1) -0.4625<x36>[B] (+1) -0.4625<x37>[B] (+0) +0.4625<x38>[B] (+0) +0.4625<x39>[B] (+1) +0.4625<x40>[B] (+1) +0.4625<x41>[B] (+0) -0.4625<x42>[B] (+1) -0.4625<x43>[B] (+0) -0.4625<x44>[B] (+0) -0.4625<x45>[B] (+0) -0.4625<x46>[B] (+0) -0.4625<x47>[B] (+0) -0.4625<x48>[B] (+1) -0.4625<x49>[B] (+0) -0.4625<x50>[B] (+0) -0.4625<x51>[B] (+1) +0.4625<x52>[B] (+1) +0.4625<x53>[B] (+0) -0.4625<x54>[B] (+1) -0.4625<x55>[B] (+1) -0.4625<x56>[B] (+1) -0.4625<x57>[B] (+0) -0.4625<x58>[B] (+1) -0.4625<x59>[B] (+1) -0.4625<x60>[B] (+1) +0.4625<x61>[B] (+1) +0.4625<x62>[B] (+1) +0.4625<x63>[B] (+1) +0.4625<x64>[B] (+1) -0.4625<x65>[B] (+1) -0.4625<x66>[B] (+1) -0.4625<x67>[B] (+0) -0.4625<x68>[B] (+1) -0.4625<x69>[B] (+1) -0.4625<x70>[B] (+0) +0.4625<x71>[B] (+0) +0.4625<x72>[B] (+1) +0.4625<x73>[B] (+1) +0.4625<x74>[B] (+1) -0.4625<x75>[B] (+1) -0.4625<x76>[B] (+0) +0.4625<x77>[B] (+1) -0.4625<x78>[B] (+1) -0.4625<x79>[B] (+0) +0.4625<x80>[B] (+0) +0.4625<x81>[B] (+1) +0.4625<x82>[B] (+1) +0.4625<x83>[B] (+0) -0.4625<x84>[B] (+1) +0.4625<x85>[B] (+1) -0.4625<x86>[B] (+1) -0.4625<x87>[B] (+1) +0.4625<x88>[B] (+1) +0.4625<x89>[B] (+1) +0.4625<x90>[B] (+1) +0.4625<x91>[B] (+1) -0.4625<x92>[B] (+1) -0.4625<x93>[B] (+1) -0.4625<x94>[B] (+0) +0.4625<x95>[B] (+0) +0.4625<x96>[B] (+1) +0.4625<x97>[B] (+1) +0.4625<x98>[B] (+0) -0.4625<x99>[B] (+1) -0.4625<x100>[B] (+0) +0.4625<x101>[B] (+0) +0.4625<x102>[B] (+0) +0.4625<x103>[B] (+0) +0.4625<x104>[B] (+0) -0.4625<x105>[B] (+0) +0.4625<x106>[B] (+1) +0.4625<x107>[B] (+1) +0.4625<x108>[B] (+1) +0.4625<x109>[B] (+1) +0.4625<x110>[B] (+1) -0.4625<x111>[B] (+1) +0.4625<x112>[B] (+1) +0.4625<x113>[B] (+1) -0.4625<x114>[B] (+1) +0.4625<x115>[B] (+0) +0.4625<x116>[B] (+0) -0.4625<x117>[B] (+0) -0.4625<x118>[B] (+0) -0.4625<x119>[B] (+1) -0.4625<x120>[B] (+1) >= 19.0791666666667;
;
violation: left hand side is violated by 0.108333333333334
  [linear] <c1325>: <x121>[C] (+13.0583333) +0.4625<x1>[B] (+0) +0.4625<x2>[B] (+1) +0.4625<x3>[B] (+1) +0.4625<x4>[B] (+1.89848137e-13) +0.4625<x5>[B] (+1) +0.4625<x6>[B] (+1) +0.4625<x7>[B] (+0) +0.4625<x8>[B] (+1) +0.4625<x9>[B] (+1) +0.4625<x10>[B] (+1.89848137e-13) +0.4625<x11>[B] (+1.89848137e-13) +0.4625<x12>[B] (+1) +0.4625<x13>[B] (+1) +0.4625<x14>[B] (+1) +0.4625<x15>[B] (+1) +0.4625<x16>[B] (+1) +0.4625<x17>[B] (+1) +0.4625<x18>[B] (+1) +0.4625<x19>[B] (+1) +0.4625<x20>[B] (+1) +0.4625<x21>[B] (+0) +0.4625<x22>[B] (+1) +0.4625<x23>[B] (+1) -0.4625<x24>[B] (+1) +0.4625<x25>[B] (+1) +0.4625<x26>[B] (+1) +0.4625<x27>[B] (+1) +0.4625<x28>[B] (+1) -0.4625<x29>[B] (+1) +0.4625<x30>[B] (+1) -0.4625<x31>[B] (+0) -0.4625<x32>[B] (+1.89848137e-13) -0.4625<x33>[B] (+1) -0.4625<x34>[B] (+0) -0.4625<x35>[B] (+1) -0.4625<x36>[B] (+1) -0.4625<x37>[B] (+0) +0.4625<x38>[B] (+0) +0.4625<x39>[B] (+1) +0.4625<x40>[B] (+1) +0.4625<x41>[B] (+0) -0.4625<x42>[B] (+1) -0.4625<x43>[B] (+0) -0.4625<x44>[B] (+0) -0.4625<x45>[B] (+1) -0.4625<x46>[B] (+0) -0.4625<x47>[B] (+1) -0.4625<x48>[B] (+1) -0.4625<x49>[B] (+0) -0.4625<x50>[B] (+0) -0.4625<x51>[B] (+1) +0.4625<x52>[B] (+1) +0.4625<x53>[B] (+0) -0.4625<x54>[B] (+1) -0.4625<x55>[B] (+1) -0.4625<x56>[B] (+1) -0.4625<x57>[B] (+0) -0.4625<x58>[B] (+1) -0.4625<x59>[B] (+1) -0.4625<x60>[B] (+1) +0.4625<x61>[B] (+1) +0.4625<x62>[B] (+1) +0.4625<x63>[B] (+1) +0.4625<x64>[B] (+1) -0.4625<x65>[B] (+1) -0.4625<x66>[B] (+1) -0.4625<x67>[B] (+0) -0.4625<x68>[B] (+1) -0.4625<x69>[B] (+1) -0.4625<x70>[B] (+0) +0.4625<x71>[B] (+0) +0.4625<x72>[B] (+1) +0.4625<x73>[B] (+1) +0.4625<x74>[B] (+1) -0.4625<x75>[B] (+1) -0.4625<x76>[B] (+0) +0.4625<x77>[B] (+1) -0.4625<x78>[B] (+1) -0.4625<x79>[B] (+0) +0.4625<x80>[B] (+0) +0.4625<x81>[B] (+1) +0.4625<x82>[B] (+0) +0.4625<x83>[B] (+0) -0.4625<x84>[B] (+1) +0.4625<x85>[B] (+1) -0.4625<x86>[B] (+1) -0.4625<x87>[B] (+1) +0.4625<x88>[B] (+1) +0.4625<x89>[B] (+1) +0.4625<x90>[B] (+1) +0.4625<x91>[B] (+1) -0.4625<x92>[B] (+1) -0.4625<x93>[B] (+1) -0.4625<x94>[B] (+0) +0.4625<x95>[B] (+0) +0.4625<x96>[B] (+0) +0.4625<x97>[B] (+0) +0.4625<x98>[B] (+0) -0.4625<x99>[B] (+1) -0.4625<x100>[B] (+0) +0.4625<x101>[B] (+0) +0.4625<x102>[B] (+0) +0.4625<x103>[B] (+0) +0.4625<x104>[B] (+0) -0.4625<x105>[B] (+0) +0.4625<x106>[B] (+1) +0.4625<x107>[B] (+1) +0.4625<x108>[B] (+1) +0.4625<x109>[B] (+1) +0.4625<x110>[B] (+1) -0.4625<x111>[B] (+1) +0.4625<x112>[B] (+1) +0.4625<x113>[B] (+1) -0.4625<x114>[B] (+1) +0.4625<x115>[B] (+0) +0.4625<x116>[B] (+0) -0.4625<x117>[B] (+1) -0.4625<x118>[B] (+0) -0.4625<x119>[B] (+1) -0.4625<x120>[B] (+1) >= 19.0791666666667;
;
violation: left hand side is violated by 0.00833333333334707
  [linear] <c1326>: <x122>[C] (+14.9166667) +0.5125<x1>[B] (+0) +0.5125<x2>[B] (+1) +0.5125<x3>[B] (+1) +0.5125<x4>[B] (+1) -0.5125<x5>[B] (+1) +0.5125<x6>[B] (+6.66133815e-15) +0.5125<x7>[B] (+0) +0.5125<x8>[B] (+1) -0.5125<x9>[B] (+1) +0.5125<x10>[B] (+6.66133815e-15) -0.5125<x11>[B] (+0) -0.5125<x12>[B] (+1) +0.5125<x13>[B] (+1) -0.5125<x14>[B] (+0) -0.5125<x15>[B] (+1) +0.5125<x16>[B] (+1) +0.5125<x17>[B] (+1) +0.5125<x18>[B] (+1) -0.5125<x19>[B] (+1) +0.5125<x20>[B] (+1) -0.5125<x21>[B] (+0) +0.5125<x22>[B] (+1) -0.5125<x23>[B] (+1) -0.5125<x24>[B] (+1) -0.5125<x25>[B] (+1) -0.5125<x26>[B] (+1) +0.5125<x27>[B] (+1) -0.5125<x28>[B] (+1) -0.5125<x29>[B] (+1) +0.5125<x30>[B] (+1) -0.5125<x31>[B] (+1) -0.5125<x32>[B] (+1) +0.5125<x33>[B] (+0) -0.5125<x34>[B] (-6.66133815e-15) +0.5125<x35>[B] (+1) -0.5125<x36>[B] (+1) -0.5125<x37>[B] (+0) -0.5125<x38>[B] (+0) -0.5125<x39>[B] (+1) -0.5125<x40>[B] (+1) -0.5125<x41>[B] (+0) -0.5125<x42>[B] (+1) -0.5125<x43>[B] (+0) -0.5125<x44>[B] (+0) -0.5125<x45>[B] (+0) -0.5125<x46>[B] (+0) -0.5125<x47>[B] (+0) -0.5125<x48>[B] (+1) -0.5125<x49>[B] (+0) -0.5125<x50>[B] (+0) -0.5125<x51>[B] (+0) -0.5125<x52>[B] (+0) -0.5125<x53>[B] (+0) -0.5125<x54>[B] (+0) -0.5125<x55>[B] (+1) +0.5125<x56>[B] (+0) -0.5125<x57>[B] (+0) +0.5125<x58>[B] (+1) -0.5125<x59>[B] (+1) -0.5125<x60>[B] (+0) -0.5125<x61>[B] (+0) -0.5125<x62>[B] (+0) -0.5125<x63>[B] (+0) -0.5125<x64>[B] (+0) -0.5125<x65>[B] (+1) +0.5125<x66>[B] (+0) +0.5125<x67>[B] (+0) +0.5125<x68>[B] (+1) +0.5125<x69>[B] (+1) +0.5125<x70>[B] (+0) +0.5125<x71>[B] (+0) +0.5125<x72>[B] (+0) +0.5125<x73>[B] (+0) -0.5125<x74>[B] (+0) +0.5125<x75>[B] (+1) -0.5125<x76>[B] (+0) -0.5125<x77>[B] (+1) -0.5125<x78>[B] (+1) -0.5125<x79>[B] (+0) -0.5125<x80>[B] (+1) -0.5125<x81>[B] (+1) -0.5125<x82>[B] (+1) -0.5125<x83>[B] (+0) -0.5125<x84>[B] (+1) +0.5125<x85>[B] (+1) -0.5125<x86>[B] (+1) +0.5125<x87>[B] (+1) -0.5125<x88>[B] (+1) -0.5125<x89>[B] (+1) +0.5125<x90>[B] (+1) -0.5125<x91>[B] (+1) -0.5125<x92>[B] (+1) -0.5125<x93>[B] (+1) -0.5125<x94>[B] (+0) -0.5125<x95>[B] (+0) -0.5125<x96>[B] (+0) -0.5125<x97>[B] (+0) -0.5125<x98>[B] (+0) -0.5125<x99>[B] (+1) +0.5125<x100>[B] (+0) +0.5125<x101>[B] (+0) +0.5125<x102>[B] (+0) +0.5125<x103>[B] (+0) -0.5125<x104>[B] (+0) +0.5125<x105>[B] (+0) -0.5125<x106>[B] (+1) -0.5125<x107>[B] (+1) +0.5125<x108>[B] (+1) -0.5125<x109>[B] (+1) -0.5125<x110>[B] (+1) -0.5125<x111>[B] (+1) +0.5125<x112>[B] (+1) -0.5125<x113>[B] (+0) -0.5125<x114>[B] (+1) +0.5125<x115>[B] (-7.99360578e-14) -0.5125<x116>[B] (+0) -0.5125<x117>[B] (+1) -0.5125<x118>[B] (+0) -0.5125<x119>[B] (+1) +0.5125<x120>[B] (+1) >= 5.25416666666667;
;
violation: left hand side is violated by 0.0749999999999851
  [linear] <c1325>: <x121>[C] (+12.5791667) +0.4625<x1>[B] (+0) +0.4625<x2>[B] (+0) +0.4625<x3>[B] (+1) +0.4625<x4>[B] (+0) +0.4625<x5>[B] (+0) +0.4625<x6>[B] (+0) +0.4625<x7>[B] (+0) +0.4625<x8>[B] (+1) +0.4625<x9>[B] (+1) +0.4625<x10>[B] (+0) +0.4625<x11>[B] (+1) +0.4625<x12>[B] (+1) +0.4625<x13>[B] (+0) +0.4625<x14>[B] (+0) +0.4625<x15>[B] (+1) +0.4625<x16>[B] (+1) +0.4625<x17>[B] (+1) +0.4625<x18>[B] (+0) +0.4625<x19>[B] (+1) +0.4625<x20>[B] (+1) +0.4625<x21>[B] (+0) +0.4625<x22>[B] (+1) +0.4625<x23>[B] (+1) -0.4625<x24>[B] (+1) +0.4625<x25>[B] (+1) +0.4625<x26>[B] (+1) +0.4625<x27>[B] (+1) +0.4625<x28>[B] (+1) -0.4625<x29>[B] (+1) +0.4625<x30>[B] (+1) -0.4625<x31>[B] (+0) -0.4625<x32>[B] (+1) -0.4625<x33>[B] (+0) -0.4625<x34>[B] (+0) -0.4625<x35>[B] (+1) -0.4625<x36>[B] (+1) -0.4625<x37>[B] (+0) +0.4625<x38>[B] (+1) +0.4625<x39>[B] (+1) +0.4625<x40>[B] (+0) +0.4625<x41>[B] (+1) -0.4625<x42>[B] (+1) -0.4625<x43>[B] (+0) -0.4625<x44>[B] (+0) -0.4625<x45>[B] (+0) -0.4625<x46>[B] (+0) -0.4625<x47>[B] (+0) -0.4625<x48>[B] (+1) -0.4625<x49>[B] (+0) -0.4625<x50>[B] (+0) -0.4625<x51>[B] (+0) +0.4625<x52>[B] (+0) +0.4625<x53>[B] (+0) -0.4625<x54>[B] (+0) -0.4625<x55>[B] (+1) -0.4625<x56>[B] (+1) -0.4625<x57>[B] (+0) -0.4625<x58>[B] (+1) -0.4625<x59>[B] (+1) -0.4625<x60>[B] (+1) +0.4625<x61>[B] (+1) +0.4625<x62>[B] (+1) +0.4625<x63>[B] (+1) +0.4625<x64>[B] (+1) -0.4625<x65>[B] (+1) -0.4625<x66>[B] (+0) -0.4625<x67>[B] (+0) -0.4625<x68>[B] (+1) -0.4625<x69>[B] (+1) -0.4625<x70>[B] (+0) +0.4625<x71>[B] (+1) +0.4625<x72>[B] (+1) +0.4625<x73>[B] (+0) +0.4625<x74>[B] (+0) -0.4625<x75>[B] (+1) -0.4625<x76>[B] (+0) +0.4625<x77>[B] (+1) -0.4625<x78>[B] (+1) -0.4625<x79>[B] (+1) +0.4625<x80>[B] (+1) +0.4625<x81>[B] (+1) +0.4625<x82>[B] (+1) +0.4625<x83>[B] (+1) -0.4625<x84>[B] (+1) +0.4625<x85>[B] (+1) -0.4625<x86>[B] (+1) -0.4625<x87>[B] (+1) +0.4625<x88>[B] (+1) +0.4625<x89>[B] (+1) +0.4625<x90>[B] (+1) +0.4625<x91>[B] (+1) -0.4625<x92>[B] (+1) -0.4625<x93>[B] (+1) -0.4625<x94>[B] (+0) +0.4625<x95>[B] (+0) +0.4625<x96>[B] (+1) +0.4625<x97>[B] (+0) +0.4625<x98>[B] (+0) -0.4625<x99>[B] (+0) -0.4625<x100>[B] (+0) +0.4625<x101>[B] (+0) +0.4625<x102>[B] (+0) +0.4625<x103>[B] (+0) +0.4625<x104>[B] (+0) -0.4625<x105>[B] (+0) +0.4625<x106>[B] (+1) +0.4625<x107>[B] (+1) +0.4625<x108>[B] (+1) +0.4625<x109>[B] (+1) +0.4625<x110>[B] (+1) -0.4625<x111>[B] (+1) +0.4625<x112>[B] (+0) +0.4625<x113>[B] (+0) -0.4625<x114>[B] (+1) +0.4625<x115>[B] (+0) +0.4625<x116>[B] (+0) -0.4625<x117>[B] (+0) -0.4625<x118>[B] (+1) -0.4625<x119>[B] (+1) -0.4625<x120>[B] (+1) >= 19.0791666666667;
;
violation: left hand side is violated by 0.0250000000000057
  [linear] <c1365>: <x173>[C] (+24.0166667) +0.6125<x1>[B] (+0) +0.6125<x2>[B] (+1) -0.6125<x3>[B] (+1) -0.6125<x4>[B] (+0) -0.6125<x5>[B] (+1) -0.6125<x6>[B] (+1) -0.6125<x7>[B] (+0) -0.6125<x8>[B] (+1) -0.6125<x9>[B] (+1) -0.6125<x10>[B] (+0) +0.6125<x11>[B] (+0) -0.6125<x12>[B] (+1) +0.6125<x13>[B] (+1) -0.6125<x14>[B] (+0) -0.6125<x15>[B] (+1) +0.6125<x16>[B] (+1) -0.6125<x17>[B] (+1) -0.6125<x18>[B] (+1) -0.6125<x19>[B] (+1) -0.6125<x20>[B] (+1) -0.6125<x21>[B] (+0) -0.6125<x22>[B] (+1) -0.6125<x23>[B] (+1) -0.6125<x24>[B] (+1) +0.6125<x25>[B] (+1) -0.6125<x26>[B] (+1) +0.6125<x27>[B] (+1) -0.6125<x28>[B] (+1) -0.6125<x29>[B] (+1) -0.6125<x30>[B] (+1) -0.6125<x31>[B] (+0) -0.6125<x32>[B] (+1) -0.6125<x33>[B] (+1) -0.6125<x34>[B] (+0) -0.6125<x35>[B] (+1) -0.6125<x36>[B] (+1) -0.6125<x37>[B] (+0) -0.6125<x38>[B] (+0) -0.6125<x39>[B] (+1) -0.6125<x40>[B] (+0) -0.6125<x41>[B] (+0) -0.6125<x42>[B] (+1) +0.6125<x43>[B] (+0) +0.6125<x44>[B] (+0) +0.6125<x45>[B] (+0) -0.6125<x46>[B] (+0) -0.6125<x47>[B] (+1) -0.6125<x48>[B] (+1) +0.6125<x49>[B] (+0) +0.6125<x50>[B] (+0) +0.6125<x51>[B] (+0) +0.6125<x52>[B] (+0) -0.6125<x53>[B] (+0) +0.6125<x54>[B] (+0) -0.6125<x55>[B] (+1) -0.6125<x56>[B] (+1) -0.6125<x57>[B] (+0) -0.6125<x58>[B] (+1) -0.6125<x59>[B] (+1) -0.6125<x60>[B] (+0) +0.6125<x61>[B] (+1) -0.6125<x62>[B] (+1) +0.6125<x63>[B] (+1) -0.6125<x64>[B] (+1) -0.6125<x65>[B] (+1) +0.6125<x66>[B] (+1) -0.6125<x67>[B] (+0) -0.6125<x68>[B] (+1) -0.6125<x69>[B] (+1) +0.6125<x70>[B] (+0) +0.6125<x71>[B] (+0) +0.6125<x72>[B] (+1) +0.6125<x73>[B] (+0) -0.6125<x74>[B] (+0) +0.6125<x75>[B] (+1) -0.6125<x76>[B] (+0) -0.6125<x77>[B] (+1) -0.6125<x78>[B] (+1) -0.6125<x79>[B] (+0) +0.6125<x80>[B] (+0) -0.6125<x81>[B] (+1) +0.6125<x82>[B] (+0) -0.6125<x83>[B] (+0) +0.6125<x84>[B] (+0) -0.6125<x85>[B] (+1) -0.6125<x86>[B] (+1) +0.6125<x87>[B] (+1) +0.6125<x88>[B] (+1) +0.6125<x89>[B] (+1) +0.6125<x90>[B] (+1) -0.6125<x91>[B] (+1) +0.6125<x92>[B] (+1) +0.6125<x93>[B] (+1) +0.6125<x94>[B] (+0) +0.6125<x95>[B] (+0) +0.6125<x96>[B] (+0) +0.6125<x97>[B] (+0) +0.6125<x98>[B] (+0) +0.6125<x99>[B] (+0) +0.6125<x100>[B] (+0) +0.6125<x101>[B] (+0) +0.6125<x102>[B] (+0) +0.6125<x103>[B] (+0) +0.6125<x104>[B] (+0) +0.6125<x105>[B] (+0) +0.6125<x106>[B] (+1) +0.6125<x107>[B] (+1) +0.6125<x108>[B] (+1) -0.6125<x109>[B] (+1) +0.6125<x110>[B] (+1) -0.6125<x111>[B] (+1) -0.6125<x112>[B] (+1) -0.6125<x113>[B] (+0) -0.6125<x114>[B] (+1) +0.6125<x115>[B] (+0) -0.6125<x116>[B] (+0) +0.6125<x117>[B] (+0) -0.6125<x118>[B] (+0) -0.6125<x119>[B] (+1) +0.6125<x120>[B] (+1) >= 8.72916666666667;
;
violation: left hand side is violated by 0.0250000000000199
  [linear] <c1346>: <x151>[C] (+11.5791667) +0.4125<x1>[B] (+0) -0.4125<x2>[B] (+1) +0.4125<x3>[B] (+1) +0.4125<x4>[B] (+0) +0.4125<x5>[B] (+1) +0.4125<x6>[B] (+1) +0.4125<x7>[B] (+0) +0.4125<x8>[B] (+1) +0.4125<x9>[B] (+1) -0.4125<x10>[B] (+0) -0.4125<x11>[B] (+0) +0.4125<x12>[B] (+1) +0.4125<x13>[B] (+1) +0.4125<x14>[B] (+0) +0.4125<x15>[B] (+1) -0.4125<x16>[B] (+1) +0.4125<x17>[B] (+1) +0.4125<x18>[B] (+1) +0.4125<x19>[B] (+1) +0.4125<x20>[B] (+1) +0.4125<x21>[B] (+0) +0.4125<x22>[B] (+1) +0.4125<x23>[B] (+1) -0.4125<x24>[B] (+1) -0.4125<x25>[B] (+1) +0.4125<x26>[B] (+1) -0.4125<x27>[B] (+1) -0.4125<x28>[B] (+1) +0.4125<x29>[B] (+1) +0.4125<x30>[B] (+1) +0.4125<x31>[B] (+0) +0.4125<x32>[B] (+1) +0.4125<x33>[B] (+1) +0.4125<x34>[B] (+0) +0.4125<x35>[B] (+1) +0.4125<x36>[B] (+1) +0.4125<x37>[B] (+0) +0.4125<x38>[B] (+0) +0.4125<x39>[B] (+1) +0.4125<x40>[B] (+1) +0.4125<x41>[B] (+0) +0.4125<x42>[B] (+1) +0.4125<x43>[B] (+0) -0.4125<x44>[B] (+0) -0.4125<x45>[B] (+0) -0.4125<x46>[B] (+0) -0.4125<x47>[B] (+0) -0.4125<x48>[B] (+1) -0.4125<x49>[B] (+0) -0.4125<x50>[B] (+0) -0.4125<x51>[B] (+1) -0.4125<x52>[B] (+1) -0.4125<x53>[B] (+0) -0.4125<x54>[B] (+0) -0.4125<x55>[B] (+1) -0.4125<x56>[B] (+1) -0.4125<x57>[B] (+0) -0.4125<x58>[B] (+1) -0.4125<x59>[B] (+1) -0.4125<x60>[B] (+1) -0.4125<x61>[B] (+1) -0.4125<x62>[B] (+1) -0.4125<x63>[B] (+1) -0.4125<x64>[B] (+1) -0.4125<x65>[B] (+1) -0.4125<x66>[B] (+1) +0.4125<x67>[B] (+0) -0.4125<x68>[B] (+1) +0.4125<x69>[B] (+1) -0.4125<x70>[B] (+0) -0.4125<x71>[B] (+0) -0.4125<x72>[B] (+1) -0.4125<x73>[B] (+1) -0.4125<x74>[B] (+0) +0.4125<x75>[B] (+1) +0.4125<x76>[B] (+0) -0.4125<x77>[B] (+1) +0.4125<x78>[B] (+1) -0.4125<x79>[B] (+0) -0.4125<x80>[B] (+0) -0.4125<x81>[B] (+1) -0.4125<x82>[B] (+1) -0.4125<x83>[B] (+0) +0.4125<x84>[B] (+1) -0.4125<x85>[B] (+1) +0.4125<x86>[B] (+1) -0.4125<x87>[B] (+1) -0.4125<x88>[B] (+1) -0.4125<x89>[B] (+1) -0.4125<x90>[B] (+1) -0.4125<x91>[B] (+1) -0.4125<x92>[B] (+1) +0.4125<x93>[B] (+1) -0.4125<x94>[B] (+0) -0.4125<x95>[B] (+0) -0.4125<x96>[B] (+1) -0.4125<x97>[B] (+1) -0.4125<x98>[B] (+0) +0.4125<x99>[B] (+0) -0.4125<x100>[B] (+0) -0.4125<x101>[B] (+0) -0.4125<x102>[B] (+0) -0.4125<x103>[B] (+0) -0.4125<x104>[B] (+0) -0.4125<x105>[B] (+0) -0.4125<x106>[B] (+1) +0.4125<x107>[B] (+1) +0.4125<x108>[B] (+1) +0.4125<x109>[B] (+1) +0.4125<x110>[B] (+1) +0.4125<x111>[B] (+1) +0.4125<x112>[B] (+1) +0.4125<x113>[B] (+1) +0.4125<x114>[B] (+1) -0.4125<x115>[B] (+1) -0.4125<x116>[B] (+0) +0.4125<x117>[B] (+0) -0.4125<x118>[B] (+0) +0.4125<x119>[B] (+0) +0.4125<x120>[B] (+1) >= 12.4791666666667;
;
violation: left hand side is violated by 0.0749999999999922
  [linear] <c1329>: <x126>[C] (+13.0583333) -0.4625<x1>[B] (+0) -0.4625<x2>[B] (+1) +0.4625<x3>[B] (+1) -0.4625<x4>[B] (+0) -0.4625<x5>[B] (+1) -0.4625<x6>[B] (+1) -0.4625<x7>[B] (+0) -0.4625<x8>[B] (+1) -0.4625<x9>[B] (+1) -0.4625<x10>[B] (+0) +0.4625<x11>[B] (+0) -0.4625<x12>[B] (+1) +0.4625<x13>[B] (+0) -0.4625<x14>[B] (+0) +0.4625<x15>[B] (+1) -0.4625<x16>[B] (+1) +0.4625<x17>[B] (+1) +0.4625<x18>[B] (+1) -0.4625<x19>[B] (+1) +0.4625<x20>[B] (+1) -0.4625<x21>[B] (+0) -0.4625<x22>[B] (+1) +0.4625<x23>[B] (+1) +0.4625<x24>[B] (+1) +0.4625<x25>[B] (+1) -0.4625<x26>[B] (+1) +0.4625<x27>[B] (+1) +0.4625<x28>[B] (+1) +0.4625<x29>[B] (+1) +0.4625<x30>[B] (+1) +0.4625<x31>[B] (+0) -0.4625<x32>[B] (+1) +0.4625<x33>[B] (+1) -0.4625<x34>[B] (+0) +0.4625<x35>[B] (+1) +0.4625<x36>[B] (+1) +0.4625<x37>[B] (+0) +0.4625<x38>[B] (+0) -0.4625<x39>[B] (+1) +0.4625<x40>[B] (+0) +0.4625<x41>[B] (+0) +0.4625<x42>[B] (+1) -0.4625<x43>[B] (+0) -0.4625<x44>[B] (+0) -0.4625<x45>[B] (+1) -0.4625<x46>[B] (+0) -0.4625<x47>[B] (+1) -0.4625<x48>[B] (+1) -0.4625<x49>[B] (+0) +0.4625<x50>[B] (+0) -0.4625<x51>[B] (+1) +0.4625<x52>[B] (+0) -0.4625<x53>[B] (+0) -0.4625<x54>[B] (+1) -0.4625<x55>[B] (+1) -0.4625<x56>[B] (+1) -0.4625<x57>[B] (+0) -0.4625<x58>[B] (+1) +0.4625<x59>[B] (+1) -0.4625<x60>[B] (+0) +0.4625<x61>[B] (+1) -0.4625<x62>[B] (+1) +0.4625<x63>[B] (+1) -0.4625<x64>[B] (+0) +0.4625<x65>[B] (+1) +0.4625<x66>[B] (+1) -0.4625<x67>[B] (+0) +0.4625<x68>[B] (+1) +0.4625<x69>[B] (+1) +0.4625<x70>[B] (+0) +0.4625<x71>[B] (+0) +0.4625<x72>[B] (+1) +0.4625<x73>[B] (+0) +0.4625<x74>[B] (+0) +0.4625<x75>[B] (+1) -0.4625<x76>[B] (+0) -0.4625<x77>[B] (+1) +0.4625<x78>[B] (+1) +0.4625<x79>[B] (+0) +0.4625<x80>[B] (+0) -0.4625<x81>[B] (+1) +0.4625<x82>[B] (+0) +0.4625<x83>[B] (+0) +0.4625<x84>[B] (+1) +0.4625<x85>[B] (+1) +0.4625<x86>[B] (+1) +0.4625<x87>[B] (+1) +0.4625<x88>[B] (+1) +0.4625<x89>[B] (+1) +0.4625<x90>[B] (+1) +0.4625<x91>[B] (+1) +0.4625<x92>[B] (+1) +0.4625<x93>[B] (+1) +0.4625<x94>[B] (+0) +0.4625<x95>[B] (+0) -0.4625<x96>[B] (+1) +0.4625<x97>[B] (+0) +0.4625<x98>[B] (+0) +0.4625<x99>[B] (+1) -0.4625<x100>[B] (+0) +0.4625<x101>[B] (+0) -0.4625<x102>[B] (+0) +0.4625<x103>[B] (+0) -0.4625<x104>[B] (+0) +0.4625<x105>[B] (+0) +0.4625<x106>[B] (+1) -0.4625<x107>[B] (+1) +0.4625<x108>[B] (+1) -0.4625<x109>[B] (+1) +0.4625<x110>[B] (+1) -0.4625<x111>[B] (+1) +0.4625<x112>[B] (+1) -0.4625<x113>[B] (+0) -0.4625<x114>[B] (+1) +0.4625<x115>[B] (+0) +0.4625<x116>[B] (+0) +0.4625<x117>[B] (+0) -0.4625<x118>[B] (+0) -0.4625<x119>[B] (+1) +0.4625<x120>[B] (+1) >= 19.0791666666667;
;
violation: left hand side is violated by 0.00833333333334352
  [linear] <c1337>: <x138>[C] (+20.9541667) -0.5875<x1>[B] (+0) -0.5875<x2>[B] (+0) -0.5875<x3>[B] (+1) -0.5875<x4>[B] (+0) -0.5875<x5>[B] (+1) -0.5875<x6>[B] (+1) -0.5875<x7>[B] (+0) -0.5875<x8>[B] (+1) -0.5875<x9>[B] (+1) -0.5875<x10>[B] (+0) -0.5875<x11>[B] (+0) -0.5875<x12>[B] (+1) -0.5875<x13>[B] (+1) -0.5875<x14>[B] (+0) -0.5875<x15>[B] (+1) +0.5875<x16>[B] (+0) +0.5875<x17>[B] (+1) +0.5875<x18>[B] (+1) -0.5875<x19>[B] (+1) +0.5875<x20>[B] (+1) +0.5875<x21>[B] (+0) -0.5875<x22>[B] (+1) +0.5875<x23>[B] (+1) -0.5875<x24>[B] (+1) +0.5875<x25>[B] (+1) -0.5875<x26>[B] (+1) +0.5875<x27>[B] (+1) +0.5875<x28>[B] (+1) +0.5875<x29>[B] (+1) -0.5875<x30>[B] (+1) +0.5875<x31>[B] (+1) -0.5875<x32>[B] (+1) +0.5875<x33>[B] (+1) +0.5875<x34>[B] (+0) -0.5875<x35>[B] (+1) +0.5875<x36>[B] (+1) -0.5875<x37>[B] (+1) +0.5875<x38>[B] (+1) -0.5875<x39>[B] (+1) +0.5875<x40>[B] (+1) +0.5875<x41>[B] (+1) +0.5875<x42>[B] (+1) +0.5875<x43>[B] (+0) -0.5875<x44>[B] (+0) +0.5875<x45>[B] (+0) +0.5875<x46>[B] (+0) -0.5875<x47>[B] (+1) +0.5875<x48>[B] (+1) -0.5875<x49>[B] (+0) +0.5875<x50>[B] (+0) -0.5875<x51>[B] (+0) +0.5875<x52>[B] (+0) +0.5875<x53>[B] (+0) +0.5875<x54>[B] (+0) -0.5875<x55>[B] (+1) -0.5875<x56>[B] (+1) +0.5875<x57>[B] (+0) -0.5875<x58>[B] (+1) -0.5875<x59>[B] (+1) -0.5875<x60>[B] (+0) -0.5875<x61>[B] (+0) -0.5875<x62>[B] (+1) -0.5875<x63>[B] (+1) +0.5875<x64>[B] (+1) -0.5875<x65>[B] (+1) +0.5875<x66>[B] (+1) +0.5875<x67>[B] (+0) +0.5875<x68>[B] (+1) +0.5875<x69>[B] (+1) +0.5875<x70>[B] (+0) +0.5875<x71>[B] (+0) +0.5875<x72>[B] (+1) +0.5875<x73>[B] (+0) +0.5875<x74>[B] (+0) +0.5875<x75>[B] (+1) +0.5875<x76>[B] (+0) -0.5875<x77>[B] (+1) +0.5875<x78>[B] (+1) -0.5875<x79>[B] (+0) +0.5875<x80>[B] (+0) -0.5875<x81>[B] (+1) +0.5875<x82>[B] (+0) +0.5875<x83>[B] (+0) +0.5875<x84>[B] (+1) -0.5875<x85>[B] (+1) -0.5875<x86>[B] (+1) -0.5875<x87>[B] (+1) -0.5875<x88>[B] (+1) -0.5875<x89>[B] (+1) -0.5875<x90>[B] (+1) -0.5875<x91>[B] (+1) -0.5875<x92>[B] (+1) +0.5875<x93>[B] (+1) +0.5875<x94>[B] (+0) +0.5875<x95>[B] (+0) +0.5875<x96>[B] (+0) +0.5875<x97>[B] (+0) +0.5875<x98>[B] (+0) +0.5875<x99>[B] (+0) -0.5875<x100>[B] (+0) +0.5875<x101>[B] (+0) -0.5875<x102>[B] (+0) -0.5875<x103>[B] (+0) +0.5875<x104>[B] (+0) +0.5875<x105>[B] (+0) +0.5875<x106>[B] (+1) +0.5875<x107>[B] (+1) +0.5875<x108>[B] (+1) +0.5875<x109>[B] (+1) +0.5875<x110>[B] (+1) -0.5875<x111>[B] (+1) -0.5875<x112>[B] (+1) +0.5875<x113>[B] (+1) +0.5875<x114>[B] (+1) +0.5875<x115>[B] (+0) +0.5875<x116>[B] (+0) +0.5875<x117>[B] (+0) +0.5875<x118>[B] (+0) +0.5875<x119>[B] (+1) -0.5875<x120>[B] (+1) >= 18.0666666666667;
;
violation: left hand side is violated by 0.0499999999999936
1/10 feasible solution given by solution candidate storage, new primal bound -9.560030e+02

presolving:
   (0.0s) symmetry computation started: requiring (bin +, int +, cont +), (fixed: bin -, int -, cont -)
   (0.0s) no symmetry present (symcode time: 0.00)
presolving (0 rounds: 0 fast, 0 medium, 0 exhaustive):
 0 deleted vars, 0 deleted constraints, 0 added constraints, 0 tightened bounds, 0 added holes, 0 changed sides, 0 changed coefficients
 0 implications, 0 cliques, 0 implied integral variables (0 bin, 0 int, 0 cont)
presolved problem has 190 variables (120 bin, 0 int, 70 cont) and 1376 constraints
   1376 constraints of type <linear>
Presolving Time: 0.01
transformed 2/2 original solutions to the transformed problem space

 time | node  | left  |LP iter|LP it/n|mem/heur|mdpt |vars |cons |rows |cuts |sepa|confs|strbr|  dualbound   | primalbound  |  gap   | compl. 
  0.1s|     1 |     0 |   815 |     - |    67M |   0 | 190 |1376 |1376 |   0 |  0 |   0 |   0 |-8.482880e+02 |-9.560030e+02 |  12.70%| unknown
  0.2s|     1 |     0 |   880 |     - |    67M |   0 | 190 |1376 |1379 |   3 |  1 |   0 |   0 |-8.486622e+02 |-9.560030e+02 |  12.65%| unknown
  0.3s|     1 |     0 |   894 |     - |    67M |   0 | 190 |1376 |1382 |   6 |  2 |   0 |   0 |-8.486834e+02 |-9.560030e+02 |  12.65%| unknown
  0.4s|     1 |     0 |   965 |     - |    67M |   0 | 190 |1376 |1386 |  10 |  3 |   0 |   0 |-8.488295e+02 |-9.560030e+02 |  12.63%| unknown
  0.5s|     1 |     0 |   976 |     - |    67M |   0 | 190 |1376 |1388 |  12 |  4 |   0 |   0 |-8.488317e+02 |-9.560030e+02 |  12.63%| unknown
  0.6s|     1 |     0 |  1004 |     - |    67M |   0 | 190 |1376 |1389 |  13 |  5 |   0 |   0 |-8.488458e+02 |-9.560030e+02 |  12.62%| unknown
  0.7s|     1 |     0 |  1015 |     - |    67M |   0 | 190 |1377 |1391 |  15 |  6 |   1 |   0 |-8.488523e+02 |-9.560030e+02 |  12.62%| unknown
  0.8s|     1 |     0 |  1035 |     - |    68M |   0 | 190 |1377 |1393 |  17 |  7 |   1 |   0 |-8.488543e+02 |-9.560030e+02 |  12.62%| unknown
  1.0s|     1 |     0 |  1090 |     - |    68M |   0 | 190 |1377 |1395 |  19 |  8 |   1 |   0 |-8.488918e+02 |-9.560030e+02 |  12.62%| unknown
  1.1s|     1 |     0 |  1113 |     - |    68M |   0 | 190 |1378 |1399 |  23 |  9 |   2 |   0 |-8.488966e+02 |-9.560030e+02 |  12.62%| unknown
  1.2s|     1 |     0 |  1173 |     - |    68M |   0 | 190 |1378 |1401 |  25 | 10 |   2 |   0 |-8.489326e+02 |-9.560030e+02 |  12.61%| unknown
  1.2s|     1 |     0 |  1189 |     - |    68M |   0 | 190 |1378 |1403 |  27 | 11 |   2 |   0 |-8.489349e+02 |-9.560030e+02 |  12.61%| unknown
  1.3s|     1 |     0 |  1196 |     - |    68M |   0 | 190 |1378 |1404 |  28 | 12 |   2 |   0 |-8.489353e+02 |-9.560030e+02 |  12.61%| unknown
  1.3s|     1 |     0 |  1209 |     - |    68M |   0 | 190 |1379 |1407 |  31 | 13 |   3 |   0 |-8.489359e+02 |-9.560030e+02 |  12.61%| unknown
r 1.3s|     1 |     0 |  1339 |     - |intshift|   0 | 190 |1379 |1407 |  31 | 13 |   3 |   0 |-8.489359e+02 |-8.868167e+02 |   4.46%| unknown
 time | node  | left  |LP iter|LP it/n|mem/heur|mdpt |vars |cons |rows |cuts |sepa|confs|strbr|  dualbound   | primalbound  |  gap   | compl. 
d 1.3s|     1 |     0 |  1981 |     - |farkasdi|   0 | 190 |1379 |1407 |   0 | 13 |   3 |   0 |-8.489359e+02 |-8.540333e+02 |   0.60%| unknown
  1.4s|     1 |     0 |  2096 |     - |    69M |   0 | 190 |1382 |1407 |  31 | 13 |   6 |   0 |-8.489359e+02 |-8.540333e+02 |   0.60%| unknown
  1.4s|     1 |     0 |  2117 |     - |    69M |   0 | 190 |1382 |1409 |  33 | 14 |   6 |   0 |-8.489413e+02 |-8.540333e+02 |   0.60%| unknown
  1.4s|     1 |     0 |  2132 |     - |    69M |   0 | 190 |1382 |1405 |  35 | 15 |   6 |   0 |-8.489430e+02 |-8.540333e+02 |   0.60%| unknown
  2.0s|     1 |     2 |  2132 |     - |    69M |   0 | 190 |1382 |1405 |  35 | 15 |   6 |  24 |-8.495677e+02 |-8.540333e+02 |   0.53%| unknown
* 2.7s|     8 |     5 |  2936 | 241.6 |strongbr|   6 | 190 |1396 |1391 |  35 |  2 |  25 |  91 |-8.500772e+02 |-8.539750e+02 |   0.46%|   9.60%
* 2.7s|     8 |     5 |  2938 | 241.9 |    LP  |   6 | 190 |1396 |1391 |  35 |  3 |  25 |  92 |-8.500772e+02 |-8.538167e+02 |   0.44%|   9.60%
* 3.4s|    16 |     1 |  3882 | 175.8 |    LP  |   6 | 190 |1378 |1391 |  35 |  4 |  61 | 165 |-8.502354e+02 |-8.538000e+02 |   0.42%|  59.73%

SCIP Status        : problem is solved [optimal solution found]
Solving Time (sec) : 3.82
Solving Nodes      : 27
Primal Bound       : -8.53800000000000e+02 (32 solutions)
Dual Bound         : -8.53800000000000e+02
Gap                : 0.00 %
  [linear] <c1377>: <x121>[C] (+14.4958333) +0.4875<x1>[B] (+0) +0.4875<x2>[B] (+1) +0.4875<x3>[B] (+1) +0.4875<x4>[B] (+1) +0.4875<x5>[B] (+1) +0.4875<x6>[B] (+1) +0.4875<x7>[B] (+0) +0.4875<x8>[B] (+1) +0.4875<x9>[B] (+1) +0.4875<x10>[B] (+0) +0.4875<x11>[B] (+0) +0.4875<x12>[B] (+1) +0.4875<x13>[B] (+1) +0.4875<x14>[B] (+0) +0.4875<x15>[B] (+1) +0.4875<x16>[B] (+1) +0.4875<x17>[B] (+1) +0.4875<x18>[B] (+1) +0.4875<x19>[B] (+1) +0.4875<x20>[B] (+1) +0.4875<x21>[B] (+0) +0.4875<x22>[B] (+1) +0.4875<x23>[B] (+1) -0.4875<x24>[B] (+1) +0.4875<x25>[B] (+1) +0.4875<x26>[B] (+1) +0.4875<x27>[B] (+1) +0.4875<x28>[B] (+1) -0.4875<x29>[B] (+1) +0.4875<x30>[B] (+1) -0.4875<x31>[B] (+1) -0.4875<x32>[B] (+1) -0.4875<x33>[B] (+1) -0.4875<x34>[B] (+0) -0.4875<x35>[B] (+1) -0.4875<x36>[B] (+1) -0.4875<x37>[B] (+0) +0.4875<x38>[B] (+0) +0.4875<x39>[B] (+1) +0.4875<x40>[B] (+1) +0.4875<x41>[B] (+0) -0.4875<x42>[B] (+1) -0.4875<x43>[B] (+0) -0.4875<x44>[B] (+0) -0.4875<x45>[B] (+0) -0.4875<x46>[B] (+0) -0.4875<x47>[B] (+0) -0.4875<x48>[B] (+1) -0.4875<x49>[B] (+0) -0.4875<x50>[B] (+0) -0.4875<x51>[B] (+1) +0.4875<x52>[B] (+0) +0.4875<x53>[B] (+0) -0.4875<x54>[B] (+0) -0.4875<x55>[B] (+1) -0.4875<x56>[B] (+1) -0.4875<x57>[B] (+0) -0.4875<x58>[B] (+1) -0.4875<x59>[B] (+1) -0.4875<x60>[B] (+0) +0.4875<x61>[B] (+0) +0.4875<x62>[B] (+1) +0.4875<x63>[B] (+0) +0.4875<x64>[B] (+0) -0.4875<x65>[B] (+1) -0.4875<x66>[B] (+1) -0.4875<x67>[B] (+0) -0.4875<x68>[B] (+1) -0.4875<x69>[B] (+1) -0.4875<x70>[B] (+0) +0.4875<x71>[B] (+0) +0.4875<x72>[B] (+1) +0.4875<x73>[B] (+0) +0.4875<x74>[B] (+0) -0.4875<x75>[B] (+1) -0.4875<x76>[B] (+0) +0.4875<x77>[B] (+1) -0.4875<x78>[B] (+1) -0.4875<x79>[B] (+0) +0.4875<x80>[B] (+0) +0.4875<x81>[B] (+1) +0.4875<x82>[B] (+0) +0.4875<x83>[B] (+0) -0.4875<x84>[B] (+1) +0.4875<x85>[B] (+1) -0.4875<x86>[B] (+1) -0.4875<x87>[B] (+1) +0.4875<x88>[B] (+1) +0.4875<x89>[B] (+1) +0.4875<x90>[B] (+1) +0.4875<x91>[B] (+1) -0.4875<x92>[B] (+1) -0.4875<x93>[B] (+1) -0.4875<x94>[B] (+0) +0.4875<x95>[B] (+0) +0.4875<x96>[B] (+1) +0.4875<x97>[B] (+0) +0.4875<x98>[B] (+0) -0.4875<x99>[B] (+1) -0.4875<x100>[B] (+0) +0.4875<x101>[B] (+0) +0.4875<x102>[B] (+0) +0.4875<x103>[B] (+0) +0.4875<x104>[B] (+0) -0.4875<x105>[B] (+0) +0.4875<x106>[B] (+1) +0.4875<x107>[B] (+1) +0.4875<x108>[B] (+1) +0.4875<x109>[B] (+1) +0.4875<x110>[B] (+1) -0.4875<x111>[B] (+1) +0.4875<x112>[B] (+1) +0.4875<x113>[B] (+0) -0.4875<x114>[B] (+1) +0.4875<x115>[B] (+0) +0.4875<x116>[B] (+0) -0.4875<x117>[B] (+0) -0.4875<x118>[B] (+0) -0.4875<x119>[B] (+1) -0.4875<x120>[B] (+1) >= 19.3791666666667;
;
violation: left hand side is violated by 0.00833333333332575
  [linear] <c1379>: <x125>[C] (+9.425) -0.404166667<x1>[B] (+0) -0.404166667<x2>[B] (+1) -0.404166667<x3>[B] (+1) +0.404166667<x4>[B] (+1) +0.404166667<x5>[B] (+1) +0.404166667<x6>[B] (+1) -0.404166667<x7>[B] (+0) +0.404166667<x8>[B] (+1) -0.404166667<x9>[B] (+1) -0.404166667<x10>[B] (+0) -0.404166667<x11>[B] (+0) -0.404166667<x12>[B] (+1) -0.404166667<x13>[B] (+1) +0.404166667<x14>[B] (+0) -0.404166667<x15>[B] (+1) -0.404166667<x16>[B] (+1) +0.404166667<x17>[B] (+1) +0.404166667<x18>[B] (+1) +0.404166667<x19>[B] (+1) +0.404166667<x20>[B] (+1) -0.404166667<x21>[B] (+0) +0.404166667<x22>[B] (+1) +0.404166667<x23>[B] (+1) +0.404166667<x24>[B] (+1) -0.404166667<x25>[B] (+1) +0.404166667<x26>[B] (+1) +0.404166667<x27>[B] (+1) +0.404166667<x28>[B] (+1) +0.404166667<x29>[B] (+1) +0.404166667<x30>[B] (+1) +0.404166667<x31>[B] (+1) +0.404166667<x32>[B] (+1) +0.404166667<x33>[B] (+1) +0.404166667<x34>[B] (+0) +0.404166667<x35>[B] (+1) +0.404166667<x36>[B] (+1) +0.404166667<x37>[B] (+0) +0.404166667<x38>[B] (+0) +0.404166667<x39>[B] (+1) +0.404166667<x40>[B] (+1) +0.404166667<x41>[B] (+0) +0.404166667<x42>[B] (+1) +0.404166667<x43>[B] (+0) +0.404166667<x44>[B] (+0) +0.404166667<x45>[B] (+0) -0.404166667<x46>[B] (+0) +0.404166667<x47>[B] (+0) +0.404166667<x48>[B] (+1) +0.404166667<x49>[B] (+0) -0.404166667<x50>[B] (+0) -0.404166667<x51>[B] (+1) -0.404166667<x52>[B] (+0) +0.404166667<x53>[B] (+0) +0.404166667<x54>[B] (+1) -0.404166667<x55>[B] (+1) -0.404166667<x56>[B] (+1) -0.404166667<x57>[B] (+0) -0.404166667<x58>[B] (+1) -0.404166667<x59>[B] (+1) -0.404166667<x60>[B] (+0) -0.404166667<x61>[B] (+0) -0.404166667<x62>[B] (+1) -0.404166667<x63>[B] (+0) -0.404166667<x64>[B] (+0) -0.404166667<x65>[B] (+1) +0.404166667<x66>[B] (+1) -0.404166667<x67>[B] (+0) -0.404166667<x68>[B] (+1) -0.404166667<x69>[B] (+1) -0.404166667<x70>[B] (+0) -0.404166667<x71>[B] (+0) -0.404166667<x72>[B] (+1) -0.404166667<x73>[B] (+0) -0.404166667<x74>[B] (+0) -0.404166667<x75>[B] (+1) -0.404166667<x76>[B] (+0) -0.404166667<x77>[B] (+1) -0.404166667<x78>[B] (+1) -0.404166667<x79>[B] (+0) -0.404166667<x80>[B] (+0) -0.404166667<x81>[B] (+1) -0.404166667<x82>[B] (+0) -0.404166667<x83>[B] (+0) -0.404166667<x84>[B] (+1) +0.404166667<x85>[B] (+1) +0.404166667<x86>[B] (+1) +0.404166667<x87>[B] (+1) +0.404166667<x88>[B] (+1) +0.404166667<x89>[B] (+1) +0.404166667<x90>[B] (+1) +0.404166667<x91>[B] (+1) +0.404166667<x92>[B] (+1) -0.404166667<x93>[B] (+1) -0.404166667<x94>[B] (+0) -0.404166667<x95>[B] (+0) -0.404166667<x96>[B] (+1) -0.404166667<x97>[B] (+0) -0.404166667<x98>[B] (+0) -0.404166667<x99>[B] (+1) -0.404166667<x100>[B] (+0) -0.404166667<x101>[B] (+0) -0.404166667<x102>[B] (+0) -0.404166667<x103>[B] (+0) +0.404166667<x104>[B] (+0) -0.404166667<x105>[B] (+0) -0.404166667<x106>[B] (+1) -0.404166667<x107>[B] (+1) -0.404166667<x108>[B] (+1) +0.404166667<x109>[B] (+1) -0.404166667<x110>[B] (+1) +0.404166667<x111>[B] (+1) +0.404166667<x112>[B] (+1) +0.404166667<x113>[B] (+0) +0.404166667<x114>[B] (+1) +0.404166667<x115>[B] (+0) +0.404166667<x116>[B] (+0) +0.404166667<x117>[B] (+0) +0.404166667<x118>[B] (+0) +0.404166667<x119>[B] (+1) -0.404166667<x120>[B] (+1) >= 13.2375;
;
violation: left hand side is violated by 0.175000000000001
  [linear] <c1379>: <x125>[C] (+8.73333333) -0.404166667<x1>[B] (+0) -0.404166667<x2>[B] (+1) -0.404166667<x3>[B] (+1) +0.404166667<x4>[B] (+1) +0.404166667<x5>[B] (+1) +0.404166667<x6>[B] (+1) -0.404166667<x7>[B] (+0) +0.404166667<x8>[B] (+1) -0.404166667<x9>[B] (+1) -0.404166667<x10>[B] (+0) -0.404166667<x11>[B] (+0) -0.404166667<x12>[B] (+1) -0.404166667<x13>[B] (+1) +0.404166667<x14>[B] (+0) -0.404166667<x15>[B] (+1) -0.404166667<x16>[B] (+1) +0.404166667<x17>[B] (+1) +0.404166667<x18>[B] (+1) +0.404166667<x19>[B] (+1) +0.404166667<x20>[B] (+1) -0.404166667<x21>[B] (+0) +0.404166667<x22>[B] (+1) +0.404166667<x23>[B] (+1) +0.404166667<x24>[B] (+1) -0.404166667<x25>[B] (+1) +0.404166667<x26>[B] (+1) +0.404166667<x27>[B] (+1) +0.404166667<x28>[B] (+1) +0.404166667<x29>[B] (+1) +0.404166667<x30>[B] (+1) +0.404166667<x31>[B] (+1) +0.404166667<x32>[B] (+1) +0.404166667<x33>[B] (+1) +0.404166667<x34>[B] (+0) +0.404166667<x35>[B] (+1) +0.404166667<x36>[B] (+1) +0.404166667<x37>[B] (+0) +0.404166667<x38>[B] (+0) +0.404166667<x39>[B] (+1) +0.404166667<x40>[B] (+1) +0.404166667<x41>[B] (+0) +0.404166667<x42>[B] (+1) +0.404166667<x43>[B] (+0) +0.404166667<x44>[B] (+0) +0.404166667<x45>[B] (+1) -0.404166667<x46>[B] (+0) +0.404166667<x47>[B] (+1) +0.404166667<x48>[B] (+1) +0.404166667<x49>[B] (+0) -0.404166667<x50>[B] (+0) -0.404166667<x51>[B] (+1) -0.404166667<x52>[B] (+0) +0.404166667<x53>[B] (+0) +0.404166667<x54>[B] (+1) -0.404166667<x55>[B] (+1) -0.404166667<x56>[B] (+1) -0.404166667<x57>[B] (+0) -0.404166667<x58>[B] (+1) -0.404166667<x59>[B] (+1) -0.404166667<x60>[B] (+0) -0.404166667<x61>[B] (+0) -0.404166667<x62>[B] (+1) -0.404166667<x63>[B] (+0) -0.404166667<x64>[B] (+0) -0.404166667<x65>[B] (+1) +0.404166667<x66>[B] (+1) -0.404166667<x67>[B] (+0) -0.404166667<x68>[B] (+1) -0.404166667<x69>[B] (+1) -0.404166667<x70>[B] (+0) -0.404166667<x71>[B] (+0) -0.404166667<x72>[B] (+1) -0.404166667<x73>[B] (+0) -0.404166667<x74>[B] (+0) -0.404166667<x75>[B] (+1) -0.404166667<x76>[B] (+0) -0.404166667<x77>[B] (+1) -0.404166667<x78>[B] (+1) -0.404166667<x79>[B] (+0) -0.404166667<x80>[B] (+0) -0.404166667<x81>[B] (+1) -0.404166667<x82>[B] (+0) -0.404166667<x83>[B] (+0) -0.404166667<x84>[B] (+1) +0.404166667<x85>[B] (+1) +0.404166667<x86>[B] (+1) +0.404166667<x87>[B] (+1) +0.404166667<x88>[B] (+1) +0.404166667<x89>[B] (+1) +0.404166667<x90>[B] (+1) +0.404166667<x91>[B] (+1) +0.404166667<x92>[B] (+1) -0.404166667<x93>[B] (+1) -0.404166667<x94>[B] (+0) -0.404166667<x95>[B] (+0) -0.404166667<x96>[B] (+1) -0.404166667<x97>[B] (+0) -0.404166667<x98>[B] (+0) -0.404166667<x99>[B] (+1) -0.404166667<x100>[B] (+0) -0.404166667<x101>[B] (+0) -0.404166667<x102>[B] (+0) -0.404166667<x103>[B] (+0) +0.404166667<x104>[B] (+0) -0.404166667<x105>[B] (+0) -0.404166667<x106>[B] (+1) -0.404166667<x107>[B] (+1) -0.404166667<x108>[B] (+1) +0.404166667<x109>[B] (+1) -0.404166667<x110>[B] (+1) +0.404166667<x111>[B] (+1) +0.404166667<x112>[B] (+1) +0.404166667<x113>[B] (+0) +0.404166667<x114>[B] (+1) +0.404166667<x115>[B] (+0) +0.404166667<x116>[B] (+0) +0.404166667<x117>[B] (+0) +0.404166667<x118>[B] (+0) +0.404166667<x119>[B] (+1) -0.404166667<x120>[B] (+1) >= 13.2375;
;
violation: left hand side is violated by 0.0583333333333353
  [linear] <c1379>: <x125>[C] (+9.425) -0.404166667<x1>[B] (+0) -0.404166667<x2>[B] (+1) -0.404166667<x3>[B] (+1) +0.404166667<x4>[B] (+0) +0.404166667<x5>[B] (+1) +0.404166667<x6>[B] (+1) -0.404166667<x7>[B] (+0) +0.404166667<x8>[B] (+1) -0.404166667<x9>[B] (+1) -0.404166667<x10>[B] (+0) -0.404166667<x11>[B] (+0) -0.404166667<x12>[B] (+1) -0.404166667<x13>[B] (+1) +0.404166667<x14>[B] (+0) -0.404166667<x15>[B] (+1) -0.404166667<x16>[B] (+1) +0.404166667<x17>[B] (+1) +0.404166667<x18>[B] (+1) +0.404166667<x19>[B] (+1) +0.404166667<x20>[B] (+1) -0.404166667<x21>[B] (+0) +0.404166667<x22>[B] (+1) +0.404166667<x23>[B] (+1) +0.404166667<x24>[B] (+1) -0.404166667<x25>[B] (+1) +0.404166667<x26>[B] (+1) +0.404166667<x27>[B] (+1) +0.404166667<x28>[B] (+1) +0.404166667<x29>[B] (+1) +0.404166667<x30>[B] (+1) +0.404166667<x31>[B] (+0) +0.404166667<x32>[B] (+1) +0.404166667<x33>[B] (+1) +0.404166667<x34>[B] (+0) +0.404166667<x35>[B] (+1) +0.404166667<x36>[B] (+1) +0.404166667<x37>[B] (+0) +0.404166667<x38>[B] (+0) +0.404166667<x39>[B] (+1) +0.404166667<x40>[B] (+1) +0.404166667<x41>[B] (+0) +0.404166667<x42>[B] (+1) +0.404166667<x43>[B] (+0) +0.404166667<x44>[B] (+0) +0.404166667<x45>[B] (+1) -0.404166667<x46>[B] (+0) +0.404166667<x47>[B] (+1) +0.404166667<x48>[B] (+1) +0.404166667<x49>[B] (+0) -0.404166667<x50>[B] (+0) -0.404166667<x51>[B] (+1) -0.404166667<x52>[B] (+0) +0.404166667<x53>[B] (+0) +0.404166667<x54>[B] (+1) -0.404166667<x55>[B] (+1) -0.404166667<x56>[B] (+1) -0.404166667<x57>[B] (+0) -0.404166667<x58>[B] (+1) -0.404166667<x59>[B] (+1) -0.404166667<x60>[B] (+0) -0.404166667<x61>[B] (+1) -0.404166667<x62>[B] (+1) -0.404166667<x63>[B] (+1) -0.404166667<x64>[B] (+0) -0.404166667<x65>[B] (+1) +0.404166667<x66>[B] (+1) -0.404166667<x67>[B] (+0) -0.404166667<x68>[B] (+1) -0.404166667<x69>[B] (+1) -0.404166667<x70>[B] (+0) -0.404166667<x71>[B] (+0) -0.404166667<x72>[B] (+1) -0.404166667<x73>[B] (+0) -0.404166667<x74>[B] (+0) -0.404166667<x75>[B] (+1) -0.404166667<x76>[B] (+0) -0.404166667<x77>[B] (+1) -0.404166667<x78>[B] (+1) -0.404166667<x79>[B] (+0) -0.404166667<x80>[B] (+0) -0.404166667<x81>[B] (+1) -0.404166667<x82>[B] (+0) -0.404166667<x83>[B] (+0) -0.404166667<x84>[B] (+1) +0.404166667<x85>[B] (+1) +0.404166667<x86>[B] (+1) +0.404166667<x87>[B] (+1) +0.404166667<x88>[B] (+1) +0.404166667<x89>[B] (+1) +0.404166667<x90>[B] (+1) +0.404166667<x91>[B] (+1) +0.404166667<x92>[B] (+1) -0.404166667<x93>[B] (+1) -0.404166667<x94>[B] (+0) -0.404166667<x95>[B] (+0) -0.404166667<x96>[B] (+0) -0.404166667<x97>[B] (+0) -0.404166667<x98>[B] (+0) -0.404166667<x99>[B] (+1) -0.404166667<x100>[B] (+0) -0.404166667<x101>[B] (+0) -0.404166667<x102>[B] (+0) -0.404166667<x103>[B] (+0) +0.404166667<x104>[B] (+0) -0.404166667<x105>[B] (+0) -0.404166667<x106>[B] (+1) -0.404166667<x107>[B] (+1) -0.404166667<x108>[B] (+1) +0.404166667<x109>[B] (+1) -0.404166667<x110>[B] (+1) +0.404166667<x111>[B] (+1) +0.404166667<x112>[B] (+1) +0.404166667<x113>[B] (+0) +0.404166667<x114>[B] (+1) +0.404166667<x115>[B] (+0) +0.404166667<x116>[B] (+0) +0.404166667<x117>[B] (+1) +0.404166667<x118>[B] (+0) +0.404166667<x119>[B] (+1) -0.404166667<x120>[B] (+1) >= 13.2375;
;
violation: left hand side is violated by 0.175000000000008
  [linear] <c1384>: <x133>[C] (+20.9958333) +0.595833333<x1>[B] (+0) -0.595833333<x2>[B] (+1) -0.595833333<x3>[B] (+1) +0.595833333<x4>[B] (+1) +0.595833333<x5>[B] (+1) -0.595833333<x6>[B] (+1) +0.595833333<x7>[B] (+0) +0.595833333<x8>[B] (+1) +0.595833333<x9>[B] (+1) +0.595833333<x10>[B] (+0) +0.595833333<x11>[B] (+0) -0.595833333<x12>[B] (+1) +0.595833333<x13>[B] (+1) -0.595833333<x14>[B] (+1) +0.595833333<x15>[B] (+1) -0.595833333<x16>[B] (+1) -0.595833333<x17>[B] (+1) -0.595833333<x18>[B] (+1) +0.595833333<x19>[B] (+1) -0.595833333<x20>[B] (+1) -0.595833333<x21>[B] (+0) -0.595833333<x22>[B] (+1) -0.595833333<x23>[B] (+1) -0.595833333<x24>[B] (+1) -0.595833333<x25>[B] (+1) -0.595833333<x26>[B] (+1) -0.595833333<x27>[B] (+1) -0.595833333<x28>[B] (+1) -0.595833333<x29>[B] (+1) -0.595833333<x30>[B] (+1) +0.595833333<x31>[B] (+1) +0.595833333<x32>[B] (+1) -0.595833333<x33>[B] (+1) +0.595833333<x34>[B] (+0) +0.595833333<x35>[B] (+1) +0.595833333<x36>[B] (+1) +0.595833333<x37>[B] (+0) +0.595833333<x38>[B] (+0) -0.595833333<x39>[B] (+1) +0.595833333<x40>[B] (+1) -0.595833333<x41>[B] (+0) +0.595833333<x42>[B] (+1) +0.595833333<x43>[B] (+0) +0.595833333<x44>[B] (+0) -0.595833333<x45>[B] (+1) +0.595833333<x46>[B] (+0) +0.595833333<x47>[B] (+1) +0.595833333<x48>[B] (+1) +0.595833333<x49>[B] (+0) +0.595833333<x50>[B] (+0) +0.595833333<x51>[B] (+1) +0.595833333<x52>[B] (+0) +0.595833333<x53>[B] (+0) +0.595833333<x54>[B] (+1) +0.595833333<x55>[B] (+1) -0.595833333<x56>[B] (+1) -0.595833333<x57>[B] (+0) -0.595833333<x58>[B] (+1) +0.595833333<x59>[B] (+1) +0.595833333<x60>[B] (+0) +0.595833333<x61>[B] (+0) -0.595833333<x62>[B] (+1) +0.595833333<x63>[B] (+0) -0.595833333<x64>[B] (+0) +0.595833333<x65>[B] (+1) -0.595833333<x66>[B] (+1) -0.595833333<x67>[B] (+0) -0.595833333<x68>[B] (+1) -0.595833333<x69>[B] (+1) -0.595833333<x70>[B] (+0) -0.595833333<x71>[B] (+0) -0.595833333<x72>[B] (+1) -0.595833333<x73>[B] (+0) -0.595833333<x74>[B] (+0) -0.595833333<x75>[B] (+1) +0.595833333<x76>[B] (+0) +0.595833333<x77>[B] (+1) +0.595833333<x78>[B] (+1) +0.595833333<x79>[B] (+0) +0.595833333<x80>[B] (+0) +0.595833333<x81>[B] (+1) +0.595833333<x82>[B] (+0) +0.595833333<x83>[B] (+0) +0.595833333<x84>[B] (+1) -0.595833333<x85>[B] (+1) +0.595833333<x86>[B] (+1) +0.595833333<x87>[B] (+1) +0.595833333<x88>[B] (+1) -0.595833333<x89>[B] (+1) +0.595833333<x90>[B] (+1) -0.595833333<x91>[B] (+1) +0.595833333<x92>[B] (+1) +0.595833333<x93>[B] (+1) +0.595833333<x94>[B] (+0) +0.595833333<x95>[B] (+0) -0.595833333<x96>[B] (+0) +0.595833333<x97>[B] (+0) -0.595833333<x98>[B] (+0) +0.595833333<x99>[B] (+1) +0.595833333<x100>[B] (+0) +0.595833333<x101>[B] (+0) -0.595833333<x102>[B] (+0) +0.595833333<x103>[B] (+0) -0.595833333<x104>[B] (+0) -0.595833333<x105>[B] (+0) -0.595833333<x106>[B] (+1) -0.595833333<x107>[B] (+1) -0.595833333<x108>[B] (+1) -0.595833333<x109>[B] (+1) -0.595833333<x110>[B] (+1) -0.595833333<x111>[B] (+1) +0.595833333<x112>[B] (+1) -0.595833333<x113>[B] (+1) -0.595833333<x114>[B] (+1) +0.595833333<x115>[B] (+0) +0.595833333<x116>[B] (+0) +0.595833333<x117>[B] (+1) -0.595833333<x118>[B] (+0) -0.595833333<x119>[B] (+1) +0.595833333<x120>[B] (+1) >= 16.8333333333333;
;
violation: left hand side is violated by 0.00833333333333997
  [linear] <c1385>: <x135>[C] (+9.95416667) -0.395833333<x1>[B] (+0) +0.395833333<x2>[B] (+1) +0.395833333<x3>[B] (+1) -0.395833333<x4>[B] (+1) -0.395833333<x5>[B] (+1) +0.395833333<x6>[B] (+1) +0.395833333<x7>[B] (+0) -0.395833333<x8>[B] (+1) +0.395833333<x9>[B] (+1) +0.395833333<x10>[B] (+0) -0.395833333<x11>[B] (+0) +0.395833333<x12>[B] (+1) -0.395833333<x13>[B] (+1) -0.395833333<x14>[B] (+1) +0.395833333<x15>[B] (+1) +0.395833333<x16>[B] (+1) +0.395833333<x17>[B] (+1) +0.395833333<x18>[B] (+1) +0.395833333<x19>[B] (+1) +0.395833333<x20>[B] (+1) +0.395833333<x21>[B] (+0) +0.395833333<x22>[B] (+1) +0.395833333<x23>[B] (+1) +0.395833333<x24>[B] (+1) +0.395833333<x25>[B] (+1) +0.395833333<x26>[B] (+1) +0.395833333<x27>[B] (+1) +0.395833333<x28>[B] (+1) +0.395833333<x29>[B] (+1) -0.395833333<x30>[B] (+1) -0.395833333<x31>[B] (+1) -0.395833333<x32>[B] (+1) +0.395833333<x33>[B] (+1) -0.395833333<x34>[B] (+0) -0.395833333<x35>[B] (+1) +0.395833333<x36>[B] (+1) +0.395833333<x37>[B] (+0) -0.395833333<x38>[B] (+0) +0.395833333<x39>[B] (+1) -0.395833333<x40>[B] (+1) -0.395833333<x41>[B] (+0) +0.395833333<x42>[B] (+1) -0.395833333<x43>[B] (+0) -0.395833333<x44>[B] (+0) +0.395833333<x45>[B] (+0) +0.395833333<x46>[B] (+0) -0.395833333<x47>[B] (+0) +0.395833333<x48>[B] (+1) +0.395833333<x49>[B] (+0) -0.395833333<x50>[B] (+0) +0.395833333<x51>[B] (+1) -0.395833333<x52>[B] (+0) -0.395833333<x53>[B] (+0) +0.395833333<x54>[B] (+1) -0.395833333<x55>[B] (+1) +0.395833333<x56>[B] (+1) +0.395833333<x57>[B] (+0) -0.395833333<x58>[B] (+1) +0.395833333<x59>[B] (+1) +0.395833333<x60>[B] (+0) +0.395833333<x61>[B] (+0) +0.395833333<x62>[B] (+1) +0.395833333<x63>[B] (+0) -0.395833333<x64>[B] (+0) +0.395833333<x65>[B] (+1) +0.395833333<x66>[B] (+1) +0.395833333<x67>[B] (+0) +0.395833333<x68>[B] (+1) +0.395833333<x69>[B] (+1) +0.395833333<x70>[B] (+0) +0.395833333<x71>[B] (+0) +0.395833333<x72>[B] (+1) +0.395833333<x73>[B] (+0) +0.395833333<x74>[B] (+0) +0.395833333<x75>[B] (+1) -0.395833333<x76>[B] (+0) -0.395833333<x77>[B] (+1) -0.395833333<x78>[B] (+1) -0.395833333<x79>[B] (+0) -0.395833333<x80>[B] (+0) -0.395833333<x81>[B] (+1) -0.395833333<x82>[B] (+0) -0.395833333<x83>[B] (+0) +0.395833333<x84>[B] (+1) -0.395833333<x85>[B] (+1) +0.395833333<x86>[B] (+1) +0.395833333<x87>[B] (+1) -0.395833333<x88>[B] (+1) +0.395833333<x89>[B] (+1) -0.395833333<x90>[B] (+1) -0.395833333<x91>[B] (+1) +0.395833333<x92>[B] (+1) +0.395833333<x93>[B] (+1) +0.395833333<x94>[B] (+0) +0.395833333<x95>[B] (+0) +0.395833333<x96>[B] (+1) +0.395833333<x97>[B] (+0) +0.395833333<x98>[B] (+0) +0.395833333<x99>[B] (+1) +0.395833333<x100>[B] (+0) -0.395833333<x101>[B] (+0) +0.395833333<x102>[B] (+0) -0.395833333<x103>[B] (+0) -0.395833333<x104>[B] (+0) +0.395833333<x105>[B] (+0) -0.395833333<x106>[B] (+1) -0.395833333<x107>[B] (+1) -0.395833333<x108>[B] (+1) -0.395833333<x109>[B] (+1) +0.395833333<x110>[B] (+1) +0.395833333<x111>[B] (+1) -0.395833333<x112>[B] (+1) -0.395833333<x113>[B] (+1) +0.395833333<x114>[B] (+1) -0.395833333<x115>[B] (+0) -0.395833333<x116>[B] (+0) +0.395833333<x117>[B] (+0) -0.395833333<x118>[B] (+0) +0.395833333<x119>[B] (+1) +0.395833333<x120>[B] (+1) >= 19.1;
;
violation: left hand side is violated by 0.0416666666666679
  [linear] <c1377>: <x121>[C] (+14.4958333) +0.4875<x1>[B] (+0) +0.4875<x2>[B] (+0) +0.4875<x3>[B] (+0) +0.4875<x4>[B] (+0) +0.4875<x5>[B] (+0) +0.4875<x6>[B] (+0) +0.4875<x7>[B] (+0) +0.4875<x8>[B] (+1) +0.4875<x9>[B] (+1) +0.4875<x10>[B] (+0) +0.4875<x11>[B] (+0) +0.4875<x12>[B] (+0) +0.4875<x13>[B] (+1) +0.4875<x14>[B] (+0) +0.4875<x15>[B] (+1) +0.4875<x16>[B] (+1) +0.4875<x17>[B] (+1) +0.4875<x18>[B] (+1) +0.4875<x19>[B] (+1) +0.4875<x20>[B] (+1) +0.4875<x21>[B] (+0) +0.4875<x22>[B] (+1) +0.4875<x23>[B] (+1) -0.4875<x24>[B] (+1) +0.4875<x25>[B] (+1) +0.4875<x26>[B] (+1) +0.4875<x27>[B] (+1) +0.4875<x28>[B] (+1) -0.4875<x29>[B] (+1) +0.4875<x30>[B] (+0) -0.4875<x31>[B] (+1) -0.4875<x32>[B] (+1) -0.4875<x33>[B] (+0) -0.4875<x34>[B] (+0) -0.4875<x35>[B] (+1) -0.4875<x36>[B] (+1) -0.4875<x37>[B] (+1) +0.4875<x38>[B] (+1) +0.4875<x39>[B] (+1) +0.4875<x40>[B] (+1) +0.4875<x41>[B] (+1) -0.4875<x42>[B] (+1) -0.4875<x43>[B] (+1) -0.4875<x44>[B] (+1) -0.4875<x45>[B] (+0) -0.4875<x46>[B] (+0) -0.4875<x47>[B] (+1) -0.4875<x48>[B] (+1) -0.4875<x49>[B] (+1) -0.4875<x50>[B] (+1) -0.4875<x51>[B] (+1) +0.4875<x52>[B] (+1) +0.4875<x53>[B] (+1) -0.4875<x54>[B] (+1) -0.4875<x55>[B] (+1) -0.4875<x56>[B] (+0) -0.4875<x57>[B] (+0) -0.4875<x58>[B] (+1) -0.4875<x59>[B] (+1) -0.4875<x60>[B] (+0) +0.4875<x61>[B] (+0) +0.4875<x62>[B] (+1) +0.4875<x63>[B] (+1) +0.4875<x64>[B] (+1) -0.4875<x65>[B] (+1) -0.4875<x66>[B] (+0) -0.4875<x67>[B] (+0) -0.4875<x68>[B] (+1) -0.4875<x69>[B] (+1) -0.4875<x70>[B] (+0) +0.4875<x71>[B] (+0) +0.4875<x72>[B] (+0) +0.4875<x73>[B] (+1) +0.4875<x74>[B] (+0) -0.4875<x75>[B] (+1) -0.4875<x76>[B] (+0) +0.4875<x77>[B] (+1) -0.4875<x78>[B] (+1) -0.4875<x79>[B] (+1) +0.4875<x80>[B] (+1) +0.4875<x81>[B] (+1) +0.4875<x82>[B] (+1) +0.4875<x83>[B] (+1) -0.4875<x84>[B] (+1) +0.4875<x85>[B] (+1) -0.4875<x86>[B] (+1) -0.4875<x87>[B] (+1) +0.4875<x88>[B] (+1) +0.4875<x89>[B] (+1) +0.4875<x90>[B] (+1) +0.4875<x91>[B] (+1) -0.4875<x92>[B] (+1) -0.4875<x93>[B] (+1) -0.4875<x94>[B] (+0) +0.4875<x95>[B] (+0) +0.4875<x96>[B] (+0) +0.4875<x97>[B] (+1) +0.4875<x98>[B] (+0) -0.4875<x99>[B] (+1) -0.4875<x100>[B] (+0) +0.4875<x101>[B] (+0) +0.4875<x102>[B] (+0) +0.4875<x103>[B] (+0) +0.4875<x104>[B] (+0) -0.4875<x105>[B] (+0) +0.4875<x106>[B] (+1) +0.4875<x107>[B] (+1) +0.4875<x108>[B] (+1) +0.4875<x109>[B] (+1) +0.4875<x110>[B] (+1) -0.4875<x111>[B] (+1) +0.4875<x112>[B] (+1) +0.4875<x113>[B] (+1) -0.4875<x114>[B] (+1) +0.4875<x115>[B] (+1) +0.4875<x116>[B] (+1) -0.4875<x117>[B] (+1) -0.4875<x118>[B] (+0) -0.4875<x119>[B] (+0) -0.4875<x120>[B] (+1) >= 19.3791666666667;
;
violation: left hand side is violated by 0.00833333333332575
  [linear] <c1384>: <x133>[C] (+20.9958333) +0.595833333<x1>[B] (+0) -0.595833333<x2>[B] (+1) -0.595833333<x3>[B] (+1) +0.595833333<x4>[B] (+1) +0.595833333<x5>[B] (+1) -0.595833333<x6>[B] (+1) +0.595833333<x7>[B] (+0) +0.595833333<x8>[B] (+1) +0.595833333<x9>[B] (+1) +0.595833333<x10>[B] (+0) +0.595833333<x11>[B] (+0) -0.595833333<x12>[B] (+1) +0.595833333<x13>[B] (+1) -0.595833333<x14>[B] (+0) +0.595833333<x15>[B] (+1) -0.595833333<x16>[B] (+1) -0.595833333<x17>[B] (+1) -0.595833333<x18>[B] (+1) +0.595833333<x19>[B] (+1) -0.595833333<x20>[B] (+1) -0.595833333<x21>[B] (+0) -0.595833333<x22>[B] (+1) -0.595833333<x23>[B] (+1) -0.595833333<x24>[B] (+1) -0.595833333<x25>[B] (+1) -0.595833333<x26>[B] (+1) -0.595833333<x27>[B] (+1) -0.595833333<x28>[B] (+1) -0.595833333<x29>[B] (+1) -0.595833333<x30>[B] (+1) +0.595833333<x31>[B] (+1) +0.595833333<x32>[B] (+1) -0.595833333<x33>[B] (+1) +0.595833333<x34>[B] (+0) +0.595833333<x35>[B] (+1) +0.595833333<x36>[B] (+1) +0.595833333<x37>[B] (+0) +0.595833333<x38>[B] (+0) -0.595833333<x39>[B] (+1) +0.595833333<x40>[B] (+1) -0.595833333<x41>[B] (+0) +0.595833333<x42>[B] (+1) +0.595833333<x43>[B] (+0) +0.595833333<x44>[B] (+0) -0.595833333<x45>[B] (+0) +0.595833333<x46>[B] (+0) +0.595833333<x47>[B] (+0) +0.595833333<x48>[B] (+1) +0.595833333<x49>[B] (+0) +0.595833333<x50>[B] (+0) +0.595833333<x51>[B] (+0) +0.595833333<x52>[B] (+0) +0.595833333<x53>[B] (+0) +0.595833333<x54>[B] (+1) +0.595833333<x55>[B] (+1) -0.595833333<x56>[B] (+1) -0.595833333<x57>[B] (+0) -0.595833333<x58>[B] (+1) +0.595833333<x59>[B] (+1) +0.595833333<x60>[B] (+0) +0.595833333<x61>[B] (+0) -0.595833333<x62>[B] (+1) +0.595833333<x63>[B] (+0) -0.595833333<x64>[B] (+0) +0.595833333<x65>[B] (+1) -0.595833333<x66>[B] (+1) -0.595833333<x67>[B] (+0) -0.595833333<x68>[B] (+1) -0.595833333<x69>[B] (+1) -0.595833333<x70>[B] (+0) -0.595833333<x71>[B] (+0) -0.595833333<x72>[B] (+1) -0.595833333<x73>[B] (+0) -0.595833333<x74>[B] (+0) -0.595833333<x75>[B] (+1) +0.595833333<x76>[B] (+0) +0.595833333<x77>[B] (+1) +0.595833333<x78>[B] (+1) +0.595833333<x79>[B] (+0) +0.595833333<x80>[B] (+0) +0.595833333<x81>[B] (+1) +0.595833333<x82>[B] (+0) +0.595833333<x83>[B] (+0) +0.595833333<x84>[B] (+1) -0.595833333<x85>[B] (+1) +0.595833333<x86>[B] (+1) +0.595833333<x87>[B] (+1) +0.595833333<x88>[B] (+1) -0.595833333<x89>[B] (+1) +0.595833333<x90>[B] (+1) -0.595833333<x91>[B] (+1) +0.595833333<x92>[B] (+1) +0.595833333<x93>[B] (+1) +0.595833333<x94>[B] (+0) +0.595833333<x95>[B] (+0) -0.595833333<x96>[B] (+0) +0.595833333<x97>[B] (+0) -0.595833333<x98>[B] (+0) +0.595833333<x99>[B] (+1) +0.595833333<x100>[B] (+0) +0.595833333<x101>[B] (+0) -0.595833333<x102>[B] (+0) +0.595833333<x103>[B] (+0) -0.595833333<x104>[B] (+0) -0.595833333<x105>[B] (+0) -0.595833333<x106>[B] (+1) -0.595833333<x107>[B] (+1) -0.595833333<x108>[B] (+1) -0.595833333<x109>[B] (+1) -0.595833333<x110>[B] (+1) -0.595833333<x111>[B] (+1) +0.595833333<x112>[B] (+1) -0.595833333<x113>[B] (+1) -0.595833333<x114>[B] (+1) +0.595833333<x115>[B] (+0) +0.595833333<x116>[B] (+0) +0.595833333<x117>[B] (+1) -0.595833333<x118>[B] (+0) -0.595833333<x119>[B] (+1) +0.595833333<x120>[B] (+1) >= 16.8333333333333;
;
violation: left hand side is violated by 0.00833333333333641
  [linear] <c1392>: <x143>[C] (+23.2625) +0.579166667<x1>[B] (+0) -0.579166667<x2>[B] (+0) -0.579166667<x3>[B] (+1) -0.579166667<x4>[B] (+0) -0.579166667<x5>[B] (+0) +0.579166667<x6>[B] (+0) -0.579166667<x7>[B] (+0) -0.579166667<x8>[B] (+1) -0.579166667<x9>[B] (+1) +0.579166667<x10>[B] (+0) +0.579166667<x11>[B] (+0) -0.579166667<x12>[B] (+1) -0.579166667<x13>[B] (+1) -0.579166667<x14>[B] (+0) -0.579166667<x15>[B] (+1) -0.579166667<x16>[B] (+1) -0.579166667<x17>[B] (+1) -0.579166667<x18>[B] (+1) -0.579166667<x19>[B] (+1) +0.579166667<x20>[B] (+1) -0.579166667<x21>[B] (+0) -0.579166667<x22>[B] (+1) -0.579166667<x23>[B] (+1) +0.579166667<x24>[B] (+1) +0.579166667<x25>[B] (+1) -0.579166667<x26>[B] (+1) -0.579166667<x27>[B] (+1) -0.579166667<x28>[B] (+1) -0.579166667<x29>[B] (+1) -0.579166667<x30>[B] (+1) -0.579166667<x31>[B] (+0) -0.579166667<x32>[B] (+1) +0.579166667<x33>[B] (+1) -0.579166667<x34>[B] (+0) -0.579166667<x35>[B] (+1) -0.579166667<x36>[B] (+1) +0.579166667<x37>[B] (+0) +0.579166667<x38>[B] (+0) -0.579166667<x39>[B] (+1) -0.579166667<x40>[B] (+1) -0.579166667<x41>[B] (+0) -0.579166667<x42>[B] (+1) -0.579166667<x43>[B] (+0) -0.579166667<x44>[B] (+0) +0.579166667<x45>[B] (+0) -0.579166667<x46>[B] (+0) +0.579166667<x47>[B] (+0) -0.579166667<x48>[B] (+1) +0.579166667<x49>[B] (+0) +0.579166667<x50>[B] (+0) +0.579166667<x51>[B] (+0) -0.579166667<x52>[B] (+1) -0.579166667<x53>[B] (+0) -0.579166667<x54>[B] (+0) -0.579166667<x55>[B] (+1) +0.579166667<x56>[B] (+1) -0.579166667<x57>[B] (+0) +0.579166667<x58>[B] (+1) +0.579166667<x59>[B] (+1) +0.579166667<x60>[B] (+0) +0.579166667<x61>[B] (+0) +0.579166667<x62>[B] (+1) -0.579166667<x63>[B] (+1) +0.579166667<x64>[B] (+1) -0.579166667<x65>[B] (+1) +0.579166667<x66>[B] (+1) +0.579166667<x67>[B] (+0) +0.579166667<x68>[B] (+1) +0.579166667<x69>[B] (+1) +0.579166667<x70>[B] (+0) +0.579166667<x71>[B] (+0) +0.579166667<x72>[B] (+1) +0.579166667<x73>[B] (+1) +0.579166667<x74>[B] (+0) +0.579166667<x75>[B] (+1) -0.579166667<x76>[B] (+0) -0.579166667<x77>[B] (+1) -0.579166667<x78>[B] (+1) -0.579166667<x79>[B] (+0) -0.579166667<x80>[B] (+0) -0.579166667<x81>[B] (+1) -0.579166667<x82>[B] (+1) -0.579166667<x83>[B] (+0) -0.579166667<x84>[B] (+1) +0.579166667<x85>[B] (+1) +0.579166667<x86>[B] (+1) +0.579166667<x87>[B] (+1) +0.579166667<x88>[B] (+1) +0.579166667<x89>[B] (+1) -0.579166667<x90>[B] (+1) +0.579166667<x91>[B] (+1) -0.579166667<x92>[B] (+1) -0.579166667<x93>[B] (+1) +0.579166667<x94>[B] (+0) +0.579166667<x95>[B] (+0) +0.579166667<x96>[B] (+0) -0.579166667<x97>[B] (+1) -0.579166667<x98>[B] (+0) -0.579166667<x99>[B] (+1) +0.579166667<x100>[B] (+0) +0.579166667<x101>[B] (+0) +0.579166667<x102>[B] (+0) -0.579166667<x103>[B] (+0) -0.579166667<x104>[B] (+0) -0.579166667<x105>[B] (+0) -0.579166667<x106>[B] (+1) -0.579166667<x107>[B] (+1) -0.579166667<x108>[B] (+1) -0.579166667<x109>[B] (+1) -0.579166667<x110>[B] (+1) -0.579166667<x111>[B] (+1) -0.579166667<x112>[B] (+1) -0.579166667<x113>[B] (+1) -0.579166667<x114>[B] (+1) -0.579166667<x115>[B] (+1) -0.579166667<x116>[B] (+0) -0.579166667<x117>[B] (+1) +0.579166667<x118>[B] (+0) +0.579166667<x119>[B] (+0) -0.579166667<x120>[B] (+1) >= 6.51666666666667;
;
violation: left hand side is violated by 0.0500000000000069
  [linear] <c1382>: <x130>[C] (+24.0416667) +0.629166667<x1>[B] (+0) +0.629166667<x2>[B] (+1) +0.629166667<x3>[B] (+1) -0.629166667<x4>[B] (+1) +0.629166667<x5>[B] (+1) -0.629166667<x6>[B] (+0) -0.629166667<x7>[B] (+0) -0.629166667<x8>[B] (+1) -0.629166667<x9>[B] (+1) +0.629166667<x10>[B] (+0) -0.629166667<x11>[B] (+0) -0.629166667<x12>[B] (+1) -0.629166667<x13>[B] (+1) +0.629166667<x14>[B] (+0) +0.629166667<x15>[B] (+1) +0.629166667<x16>[B] (+1) -0.629166667<x17>[B] (+1) -0.629166667<x18>[B] (+1) -0.629166667<x19>[B] (+1) -0.629166667<x20>[B] (+1) -0.629166667<x21>[B] (+0) -0.629166667<x22>[B] (+1) -0.629166667<x23>[B] (+1) +0.629166667<x24>[B] (+1) -0.629166667<x25>[B] (+1) -0.629166667<x26>[B] (+1) -0.629166667<x27>[B] (+1) -0.629166667<x28>[B] (+1) -0.629166667<x29>[B] (+1) -0.629166667<x30>[B] (+1) -0.629166667<x31>[B] (+1) -0.629166667<x32>[B] (+1) -0.629166667<x33>[B] (+0) -0.629166667<x34>[B] (+0) -0.629166667<x35>[B] (+1) -0.629166667<x36>[B] (+1) +0.629166667<x37>[B] (+0) -0.629166667<x38>[B] (+0) -0.629166667<x39>[B] (+1) -0.629166667<x40>[B] (+1) -0.629166667<x41>[B] (+0) -0.629166667<x42>[B] (+1) -0.629166667<x43>[B] (+0) +0.629166667<x44>[B] (+0) -0.629166667<x45>[B] (+0) -0.629166667<x46>[B] (+0) -0.629166667<x47>[B] (+0) -0.629166667<x48>[B] (+1) +0.629166667<x49>[B] (+0) -0.629166667<x50>[B] (+0) -0.629166667<x51>[B] (+0) -0.629166667<x52>[B] (+0) +0.629166667<x53>[B] (+0) +0.629166667<x54>[B] (+0) +0.629166667<x55>[B] (+1) +0.629166667<x56>[B] (+0) +0.629166667<x57>[B] (+0) +0.629166667<x58>[B] (+0) -0.629166667<x59>[B] (+1) +0.629166667<x60>[B] (+0) +0.629166667<x61>[B] (+0) +0.629166667<x62>[B] (+1) +0.629166667<x63>[B] (+1) +0.629166667<x64>[B] (+0) +0.629166667<x65>[B] (+1) -0.629166667<x66>[B] (+0) -0.629166667<x67>[B] (+0) -0.629166667<x68>[B] (+0) -0.629166667<x69>[B] (+1) +0.629166667<x70>[B] (+0) -0.629166667<x71>[B] (+0) -0.629166667<x72>[B] (+0) -0.629166667<x73>[B] (+1) -0.629166667<x74>[B] (+0) +0.629166667<x75>[B] (+1) -0.629166667<x76>[B] (+0) -0.629166667<x77>[B] (+1) -0.629166667<x78>[B] (+1) +0.629166667<x79>[B] (+0) -0.629166667<x80>[B] (+1) -0.629166667<x81>[B] (+1) -0.629166667<x82>[B] (+1) +0.629166667<x83>[B] (+0) +0.629166667<x84>[B] (+1) -0.629166667<x85>[B] (+1) -0.629166667<x86>[B] (+1) +0.629166667<x87>[B] (+1) -0.629166667<x88>[B] (+1) -0.629166667<x89>[B] (+1) -0.629166667<x90>[B] (+1) +0.629166667<x91>[B] (+1) +0.629166667<x92>[B] (+1) -0.629166667<x93>[B] (+1) +0.629166667<x94>[B] (+0) -0.629166667<x95>[B] (+0) +0.629166667<x96>[B] (+1) -0.629166667<x97>[B] (+1) +0.629166667<x98>[B] (+0) +0.629166667<x99>[B] (+1) +0.629166667<x100>[B] (+0) +0.629166667<x101>[B] (+0) +0.629166667<x102>[B] (+0) +0.629166667<x103>[B] (+0) +0.629166667<x104>[B] (+0) +0.629166667<x105>[B] (+0) -0.629166667<x106>[B] (+1) -0.629166667<x107>[B] (+1) -0.629166667<x108>[B] (+1) -0.629166667<x109>[B] (+1) -0.629166667<x110>[B] (+1) +0.629166667<x111>[B] (+1) -0.629166667<x112>[B] (+1) +0.629166667<x113>[B] (+0) +0.629166667<x114>[B] (+1) -0.629166667<x115>[B] (+1) +0.629166667<x116>[B] (+0) +0.629166667<x117>[B] (+1) +0.629166667<x118>[B] (+0) +0.629166667<x119>[B] (+0) +0.629166667<x120>[B] (+1) >= 7.70833333333333;
;
violation: left hand side is violated by 0.0249999999999915
all 10 solutions given by solution candidate storage are infeasible

feasible solution found by trivial heuristic after 0.0 seconds, objective value -6.999784e+06
presolving:
   (0.0s) symmetry computation started: requiring (bin +, int +, cont +), (fixed: bin -, int -, cont -)
   (0.0s) no symmetry present (symcode time: 0.00)
presolving (0 rounds: 0 fast, 0 medium, 0 exhaustive):
 0 deleted vars, 0 deleted constraints, 0 added constraints, 0 tightened bounds, 0 added holes, 0 changed sides, 0 changed coefficients
 0 implications, 0 cliques, 0 implied integral variables (0 bin, 0 int, 0 cont)
presolved problem has 190 variables (120 bin, 0 int, 70 cont) and 1419 constraints
   1419 constraints of type <linear>
Presolving Time: 0.01
transformed 1/1 original solutions to the transformed problem space

 time | node  | left  |LP iter|LP it/n|mem/heur|mdpt |vars |cons |rows |cuts |sepa|confs|strbr|  dualbound   | primalbound  |  gap   | compl. 
p 0.0s|     1 |     0 |    29 |     - |   locks|   0 | 190 |1419 |1419 |   0 |  0 |   0 |   0 | 3.960000e+02 |-1.037792e+03 |    Inf | unknown
  0.1s|     1 |     0 |   867 |     - |    72M |   0 | 190 |1419 |1419 |   0 |  0 |   0 |   0 |-8.485094e+02 |-1.037792e+03 |  22.31%| unknown
r 0.1s|     1 |     0 |   867 |     - |shifting|   0 | 190 |1419 |1419 |   0 |  0 |   0 |   0 |-8.485094e+02 |-1.006562e+03 |  18.63%| unknown
  0.2s|     1 |     0 |   887 |     - |    72M |   0 | 190 |1419 |1421 |   2 |  1 |   0 |   0 |-8.487485e+02 |-1.006562e+03 |  18.59%| unknown
r 0.2s|     1 |     0 |   887 |     - |shifting|   0 | 190 |1419 |1421 |   2 |  1 |   0 |   0 |-8.487485e+02 |-9.962995e+02 |  17.38%| unknown
  0.3s|     1 |     0 |   969 |     - |    73M |   0 | 190 |1419 |1425 |   6 |  2 |   0 |   0 |-8.489463e+02 |-9.962995e+02 |  17.36%| unknown
  0.4s|     1 |     0 |  1009 |     - |    73M |   0 | 190 |1419 |1428 |   9 |  3 |   0 |   0 |-8.489685e+02 |-9.962995e+02 |  17.35%| unknown
  0.5s|     1 |     0 |  1079 |     - |    74M |   0 | 190 |1419 |1431 |  12 |  4 |   0 |   0 |-8.490381e+02 |-9.962995e+02 |  17.34%| unknown
  0.6s|     1 |     0 |  1119 |     - |    75M |   0 | 190 |1419 |1434 |  15 |  5 |   0 |   0 |-8.490597e+02 |-9.962995e+02 |  17.34%| unknown
  0.7s|     1 |     0 |  1172 |     - |    75M |   0 | 190 |1420 |1439 |  20 |  6 |   1 |   0 |-8.491053e+02 |-9.962995e+02 |  17.34%| unknown
  0.9s|     1 |     0 |  1225 |     - |    75M |   0 | 190 |1420 |1442 |  23 |  7 |   1 |   0 |-8.491201e+02 |-9.962995e+02 |  17.33%| unknown
  1.0s|     1 |     0 |  1274 |     - |    76M |   0 | 190 |1420 |1444 |  25 |  8 |   1 |   0 |-8.491295e+02 |-9.962995e+02 |  17.33%| unknown
  1.1s|     1 |     0 |  1338 |     - |    76M |   0 | 190 |1420 |1446 |  27 |  9 |   1 |   0 |-8.491372e+02 |-9.962995e+02 |  17.33%| unknown
r 1.1s|     1 |     0 |  1338 |     - |shifting|   0 | 190 |1421 |1446 |  27 |  9 |   2 |   0 |-8.491372e+02 |-9.941837e+02 |  17.08%| unknown
  1.3s|     1 |     0 |  1354 |     - |    76M |   0 | 190 |1421 |1449 |  30 | 10 |   2 |   0 |-8.491377e+02 |-9.941837e+02 |  17.08%| unknown
 time | node  | left  |LP iter|LP it/n|mem/heur|mdpt |vars |cons |rows |cuts |sepa|confs|strbr|  dualbound   | primalbound  |  gap   | compl. 
r 1.3s|     1 |     0 |  1354 |     - |shifting|   0 | 190 |1421 |1449 |  30 | 10 |   2 |   0 |-8.491377e+02 |-9.715933e+02 |  14.42%| unknown
  1.3s|     1 |     0 |  1376 |     - |    76M |   0 | 190 |1421 |1451 |  32 | 11 |   2 |   0 |-8.491399e+02 |-9.715933e+02 |  14.42%| unknown
  1.4s|     1 |     0 |  1393 |     - |    76M |   0 | 190 |1421 |1452 |  33 | 12 |   2 |   0 |-8.491405e+02 |-9.715933e+02 |  14.42%| unknown
r 1.4s|     1 |     0 |  1541 |     - |intshift|   0 | 190 |1421 |1452 |  33 | 12 |   2 |   0 |-8.491405e+02 |-8.772750e+02 |   3.31%| unknown
d 1.5s|     1 |     0 |  2369 |     - |farkasdi|   0 | 190 |1421 |1452 |   0 | 12 |   2 |   0 |-8.491405e+02 |-8.554583e+02 |   0.74%| unknown
  1.5s|     1 |     0 |  2492 |     - |    76M |   0 | 190 |1421 |1452 |  33 | 12 |   2 |   0 |-8.491405e+02 |-8.554583e+02 |   0.74%| unknown
  1.5s|     1 |     0 |  2508 |     - |    76M |   0 | 190 |1421 |1453 |  34 | 13 |   2 |   0 |-8.491423e+02 |-8.554583e+02 |   0.74%| unknown
  1.5s|     1 |     0 |  2535 |     - |    76M |   0 | 190 |1422 |1452 |  35 | 14 |   3 |   0 |-8.491439e+02 |-8.554583e+02 |   0.74%| unknown
  2.1s|     1 |     2 |  2535 |     - |    76M |   0 | 190 |1422 |1452 |  35 | 14 |   3 |  19 |-8.498519e+02 |-8.554583e+02 |   0.66%| unknown
* 3.4s|     9 |     7 |  3267 | 232.5 |strongbr|   8 | 190 |1431 |1437 |  35 |  1 |  12 | 116 |-8.500301e+02 |-8.541917e+02 |   0.49%|  18.16%

SCIP Status        : problem is solved [optimal solution found]
Solving Time (sec) : 4.44
Solving Nodes      : 32
Primal Bound       : -8.54191666666667e+02 (27 solutions)
Dual Bound         : -8.54191666666667e+02
Gap                : 0.00 %
  [linear] <c1420>: <x122>[C] (+13.9916667) +0.479166667<x1>[B] (+0) +0.479166667<x2>[B] (+1) +0.479166667<x3>[B] (+1) +0.479166667<x4>[B] (+1) -0.479166667<x5>[B] (+1) +0.479166667<x6>[B] (+1) +0.479166667<x7>[B] (+0) +0.479166667<x8>[B] (+1) -0.479166667<x9>[B] (+1) +0.479166667<x10>[B] (+0) -0.479166667<x11>[B] (+0) -0.479166667<x12>[B] (+1) +0.479166667<x13>[B] (+1) -0.479166667<x14>[B] (+0) -0.479166667<x15>[B] (+1) +0.479166667<x16>[B] (+1) +0.479166667<x17>[B] (+1) +0.479166667<x18>[B] (+1) -0.479166667<x19>[B] (+1) +0.479166667<x20>[B] (+1) -0.479166667<x21>[B] (+0) +0.479166667<x22>[B] (+1) -0.479166667<x23>[B] (+1) -0.479166667<x24>[B] (+1) -0.479166667<x25>[B] (+1) -0.479166667<x26>[B] (+1) +0.479166667<x27>[B] (+1) -0.479166667<x28>[B] (+1) -0.479166667<x29>[B] (+1) +0.479166667<x30>[B] (+1) -0.479166667<x31>[B] (+1) -0.479166667<x32>[B] (+1) +0.479166667<x33>[B] (+1) -0.479166667<x34>[B] (+0) +0.479166667<x35>[B] (+1) -0.479166667<x36>[B] (+1) -0.479166667<x37>[B] (+0) -0.479166667<x38>[B] (+0) -0.479166667<x39>[B] (+1) -0.479166667<x40>[B] (+1) -0.479166667<x41>[B] (+0) -0.479166667<x42>[B] (+1) -0.479166667<x43>[B] (+0) -0.479166667<x44>[B] (+0) -0.479166667<x45>[B] (+1) -0.479166667<x46>[B] (+0) -0.479166667<x47>[B] (+1) -0.479166667<x48>[B] (+1) -0.479166667<x49>[B] (+0) -0.479166667<x50>[B] (+0) -0.479166667<x51>[B] (+1) -0.479166667<x52>[B] (+0) -0.479166667<x53>[B] (+0) -0.479166667<x54>[B] (+1) -0.479166667<x55>[B] (+1) +0.479166667<x56>[B] (+1) -0.479166667<x57>[B] (+0) +0.479166667<x58>[B] (+1) -0.479166667<x59>[B] (+1) -0.479166667<x60>[B] (+0) -0.479166667<x61>[B] (+0) -0.479166667<x62>[B] (+1) -0.479166667<x63>[B] (+0) -0.479166667<x64>[B] (+0) -0.479166667<x65>[B] (+1) +0.479166667<x66>[B] (+1) +0.479166667<x67>[B] (+0) +0.479166667<x68>[B] (+1) +0.479166667<x69>[B] (+1) +0.479166667<x70>[B] (+0) +0.479166667<x71>[B] (+0) +0.479166667<x72>[B] (+1) +0.479166667<x73>[B] (+0) -0.479166667<x74>[B] (+0) +0.479166667<x75>[B] (+1) -0.479166667<x76>[B] (+0) -0.479166667<x77>[B] (+1) -0.479166667<x78>[B] (+1) -0.479166667<x79>[B] (+0) -0.479166667<x80>[B] (+0) -0.479166667<x81>[B] (+1) -0.479166667<x82>[B] (+0) -0.479166667<x83>[B] (+0) -0.479166667<x84>[B] (+1) +0.479166667<x85>[B] (+1) -0.479166667<x86>[B] (+1) +0.479166667<x87>[B] (+1) -0.479166667<x88>[B] (+1) -0.479166667<x89>[B] (+1) +0.479166667<x90>[B] (+1) -0.479166667<x91>[B] (+1) -0.479166667<x92>[B] (+1) -0.479166667<x93>[B] (+1) -0.479166667<x94>[B] (+0) -0.479166667<x95>[B] (+0) -0.479166667<x96>[B] (+0) -0.479166667<x97>[B] (+0) -0.479166667<x98>[B] (+0) -0.479166667<x99>[B] (+1) +0.479166667<x100>[B] (+0) +0.479166667<x101>[B] (+0) +0.479166667<x102>[B] (+0) +0.479166667<x103>[B] (+0) -0.479166667<x104>[B] (+0) +0.479166667<x105>[B] (+0) -0.479166667<x106>[B] (+1) -0.479166667<x107>[B] (+1) +0.479166667<x108>[B] (+1) -0.479166667<x109>[B] (+1) -0.479166667<x110>[B] (+1) -0.479166667<x111>[B] (+1) +0.479166667<x112>[B] (+1) -0.479166667<x113>[B] (+0) -0.479166667<x114>[B] (+1) +0.479166667<x115>[B] (+0) -0.479166667<x116>[B] (+0) -0.479166667<x117>[B] (+1) -0.479166667<x118>[B] (+0) -0.479166667<x119>[B] (+1) +0.479166667<x120>[B] (+1) >= 5.87083333333334;
;
violation: left hand side is violated by 0.024999999999979
  [linear] <c1429>: <x143>[C] (+23.8916667) +0.5875<x1>[B] (+0) -0.5875<x2>[B] (+1) -0.5875<x3>[B] (+1) -0.5875<x4>[B] (+0) -0.5875<x5>[B] (+1) +0.5875<x6>[B] (+0) -0.5875<x7>[B] (+0) -0.5875<x8>[B] (+1) -0.5875<x9>[B] (+1) +0.5875<x10>[B] (+0) +0.5875<x11>[B] (+0) -0.5875<x12>[B] (+1) -0.5875<x13>[B] (+1) -0.5875<x14>[B] (+0) -0.5875<x15>[B] (+1) -0.5875<x16>[B] (+1) -0.5875<x17>[B] (+1) -0.5875<x18>[B] (+1) -0.5875<x19>[B] (+1) +0.5875<x20>[B] (+1) -0.5875<x21>[B] (+0) -0.5875<x22>[B] (+1) -0.5875<x23>[B] (+1) +0.5875<x24>[B] (+1) +0.5875<x25>[B] (+1) -0.5875<x26>[B] (+1) -0.5875<x27>[B] (+1) -0.5875<x28>[B] (+1) -0.5875<x29>[B] (+1) -0.5875<x30>[B] (+1) -0.5875<x31>[B] (+0) -0.5875<x32>[B] (+1) +0.5875<x33>[B] (+0) -0.5875<x34>[B] (+0) -0.5875<x35>[B] (+1) -0.5875<x36>[B] (+1) +0.5875<x37>[B] (+0) +0.5875<x38>[B] (+0) -0.5875<x39>[B] (+1) -0.5875<x40>[B] (+1) -0.5875<x41>[B] (+0) -0.5875<x42>[B] (+1) -0.5875<x43>[B] (+0) -0.5875<x44>[B] (+0) +0.5875<x45>[B] (+0) -0.5875<x46>[B] (+0) +0.5875<x47>[B] (+0) -0.5875<x48>[B] (+1) +0.5875<x49>[B] (+0) +0.5875<x50>[B] (+0) +0.5875<x51>[B] (+0) -0.5875<x52>[B] (+0) -0.5875<x53>[B] (+0) -0.5875<x54>[B] (+0) -0.5875<x55>[B] (+1) +0.5875<x56>[B] (+1) -0.5875<x57>[B] (+0) +0.5875<x58>[B] (+1) +0.5875<x59>[B] (+1) +0.5875<x60>[B] (+0) +0.5875<x61>[B] (+1) +0.5875<x62>[B] (+1) -0.5875<x63>[B] (+1) +0.5875<x64>[B] (+0) -0.5875<x65>[B] (+1) +0.5875<x66>[B] (+0) +0.5875<x67>[B] (+0) +0.5875<x68>[B] (+1) +0.5875<x69>[B] (+1) +0.5875<x70>[B] (+0) +0.5875<x71>[B] (+0) +0.5875<x72>[B] (+1) +0.5875<x73>[B] (+0) +0.5875<x74>[B] (+0) +0.5875<x75>[B] (+1) -0.5875<x76>[B] (+0) -0.5875<x77>[B] (+1) -0.5875<x78>[B] (+1) -0.5875<x79>[B] (+0) -0.5875<x80>[B] (+1) -0.5875<x81>[B] (+1) -0.5875<x82>[B] (+1) -0.5875<x83>[B] (+0) -0.5875<x84>[B] (+1) +0.5875<x85>[B] (+1) +0.5875<x86>[B] (+1) +0.5875<x87>[B] (+1) +0.5875<x88>[B] (+1) +0.5875<x89>[B] (+1) -0.5875<x90>[B] (+1) +0.5875<x91>[B] (+1) -0.5875<x92>[B] (+1) -0.5875<x93>[B] (+1) +0.5875<x94>[B] (+0) +0.5875<x95>[B] (+0) +0.5875<x96>[B] (+0) -0.5875<x97>[B] (+0) -0.5875<x98>[B] (+0) -0.5875<x99>[B] (+1) +0.5875<x100>[B] (+0) +0.5875<x101>[B] (+0) +0.5875<x102>[B] (+0) -0.5875<x103>[B] (+0) -0.5875<x104>[B] (+0) -0.5875<x105>[B] (+0) -0.5875<x106>[B] (+1) -0.5875<x107>[B] (+1) -0.5875<x108>[B] (+1) -0.5875<x109>[B] (+1) -0.5875<x110>[B] (+1) -0.5875<x111>[B] (+1) -0.5875<x112>[B] (+1) -0.5875<x113>[B] (+0) -0.5875<x114>[B] (+1) -0.5875<x115>[B] (+2.8643754e-14) -0.5875<x116>[B] (+0) -0.5875<x117>[B] (+1) +0.5875<x118>[B] (+0) +0.5875<x119>[B] (+1) -0.5875<x120>[B] (+1) >= 6.31666666666667;
;
violation: left hand side is violated by 0.0499999999999874
  [linear] <c1426>: <x136>[C] (+25.3) +0.6375<x1>[B] (+0) -0.6375<x2>[B] (+0) +0.6375<x3>[B] (+0) +0.6375<x4>[B] (+0) +0.6375<x5>[B] (+0) -0.6375<x6>[B] (+0) +0.6375<x7>[B] (+0) +0.6375<x8>[B] (+1) +0.6375<x9>[B] (+1) +0.6375<x10>[B] (+0) +0.6375<x11>[B] (+0) +0.6375<x12>[B] (+0) +0.6375<x13>[B] (+0) +0.6375<x14>[B] (+0) -0.6375<x15>[B] (+1) -0.6375<x16>[B] (+1) -0.6375<x17>[B] (+1) -0.6375<x18>[B] (+1) -0.6375<x19>[B] (+1) -0.6375<x20>[B] (+0) +0.6375<x21>[B] (+0) -0.6375<x22>[B] (+1) -0.6375<x23>[B] (+1) -0.6375<x24>[B] (+0) -0.6375<x25>[B] (+1) -0.6375<x26>[B] (+1) -0.6375<x27>[B] (+1) -0.6375<x28>[B] (+1) -0.6375<x29>[B] (+1) +0.6375<x30>[B] (+1) +0.6375<x31>[B] (+0) +0.6375<x32>[B] (+1) +0.6375<x33>[B] (+0) +0.6375<x34>[B] (+0) +0.6375<x35>[B] (+1) +0.6375<x36>[B] (+1) +0.6375<x37>[B] (+0) +0.6375<x38>[B] (+0) +0.6375<x39>[B] (+0) +0.6375<x40>[B] (+1) +0.6375<x41>[B] (+0) +0.6375<x42>[B] (+1) +0.6375<x43>[B] (+0) -0.6375<x44>[B] (+0) -0.6375<x45>[B] (+0) +0.6375<x46>[B] (+0) -0.6375<x47>[B] (+1) -0.6375<x48>[B] (+1) -0.6375<x49>[B] (+0) -0.6375<x50>[B] (+0) -0.6375<x51>[B] (+0) -0.6375<x52>[B] (+0) -0.6375<x53>[B] (+0) -0.6375<x54>[B] (+1) -0.6375<x55>[B] (+1) -0.6375<x56>[B] (+0) +0.6375<x57>[B] (+0) -0.6375<x58>[B] (+1) -0.6375<x59>[B] (+1) -0.6375<x60>[B] (+0) -0.6375<x61>[B] (+1) -0.6375<x62>[B] (+1) -0.6375<x63>[B] (+1) -0.6375<x64>[B] (+1) -0.6375<x65>[B] (+1) -0.6375<x66>[B] (+0) +0.6375<x67>[B] (+0) +0.6375<x68>[B] (+1) -0.6375<x69>[B] (+1) -0.6375<x70>[B] (+0) +0.6375<x71>[B] (+0) +0.6375<x72>[B] (+0) -0.6375<x73>[B] (+1) +0.6375<x74>[B] (+0) -0.6375<x75>[B] (+1) +0.6375<x76>[B] (+0) +0.6375<x77>[B] (+1) +0.6375<x78>[B] (+1) +0.6375<x79>[B] (+1) +0.6375<x80>[B] (+1) +0.6375<x81>[B] (+1) +0.6375<x82>[B] (+1) +0.6375<x83>[B] (+1) -0.6375<x84>[B] (+1) -0.6375<x85>[B] (+1) -0.6375<x86>[B] (+1) -0.6375<x87>[B] (+1) -0.6375<x88>[B] (+1) -0.6375<x89>[B] (+1) -0.6375<x90>[B] (+1) -0.6375<x91>[B] (+1) -0.6375<x92>[B] (+1) -0.6375<x93>[B] (+1) -0.6375<x94>[B] (+0) -0.6375<x95>[B] (+0) -0.6375<x96>[B] (+0) -0.6375<x97>[B] (+0) -0.6375<x98>[B] (+0) -0.6375<x99>[B] (+0) +0.6375<x100>[B] (+0) +0.6375<x101>[B] (+0) +0.6375<x102>[B] (+0) +0.6375<x103>[B] (+0) +0.6375<x104>[B] (+0) -0.6375<x105>[B] (+0) +0.6375<x106>[B] (+1) +0.6375<x107>[B] (+1) -0.6375<x108>[B] (+1) +0.6375<x109>[B] (+1) -0.6375<x110>[B] (+1) -0.6375<x111>[B] (+1) -0.6375<x112>[B] (+1) -0.6375<x113>[B] (+0) -0.6375<x114>[B] (+1) -0.6375<x115>[B] (+1) +0.6375<x116>[B] (+0) -0.6375<x117>[B] (+1) +0.6375<x118>[B] (+0) -0.6375<x119>[B] (+1) -0.6375<x120>[B] (+1) >= 8.76666666666667;
;
violation: left hand side is violated by 0.0416666666666323
  [linear] <c1436>: <x155>[C] (+17.5541667) -0.545833333<x1>[B] (+0) -0.545833333<x2>[B] (+1) -0.545833333<x3>[B] (+1) -0.545833333<x4>[B] (+0) -0.545833333<x5>[B] (+1) -0.545833333<x6>[B] (+1) -0.545833333<x7>[B] (+0) -0.545833333<x8>[B] (+1) -0.545833333<x9>[B] (+1) -0.545833333<x10>[B] (+0) -0.545833333<x11>[B] (+0) -0.545833333<x12>[B] (+1) -0.545833333<x13>[B] (+1) -0.545833333<x14>[B] (+0) -0.545833333<x15>[B] (+1) +0.545833333<x16>[B] (+1) -0.545833333<x17>[B] (+1) -0.545833333<x18>[B] (+1) -0.545833333<x19>[B] (+1) -0.545833333<x20>[B] (+1) +0.545833333<x21>[B] (+0) +0.545833333<x22>[B] (+1) +0.545833333<x23>[B] (+1) +0.545833333<x24>[B] (+1) -0.545833333<x25>[B] (+1) +0.545833333<x26>[B] (+1) -0.545833333<x27>[B] (+1) +0.545833333<x28>[B] (+1) +0.545833333<x29>[B] (+1) -0.545833333<x30>[B] (+1) -0.545833333<x31>[B] (+0) -0.545833333<x32>[B] (+0) -0.545833333<x33>[B] (+1) +0.545833333<x34>[B] (+0) -0.545833333<x35>[B] (+1) -0.545833333<x36>[B] (+1) -0.545833333<x37>[B] (+0) -0.545833333<x38>[B] (+0) -0.545833333<x39>[B] (+1) -0.545833333<x40>[B] (+0) +0.545833333<x41>[B] (+0) -0.545833333<x42>[B] (+1) +0.545833333<x43>[B] (+0) -0.545833333<x44>[B] (+0) +0.545833333<x45>[B] (+0) +0.545833333<x46>[B] (+0) +0.545833333<x47>[B] (+0) +0.545833333<x48>[B] (+1) +0.545833333<x49>[B] (+0) -0.545833333<x50>[B] (+0) +0.545833333<x51>[B] (+0) +0.545833333<x52>[B] (+0) +0.545833333<x53>[B] (+0) +0.545833333<x54>[B] (+0) -0.545833333<x55>[B] (+1) -0.545833333<x56>[B] (+1) +0.545833333<x57>[B] (+0) +0.545833333<x58>[B] (+1) +0.545833333<x59>[B] (+1) +0.545833333<x60>[B] (+1) -0.545833333<x61>[B] (+1) +0.545833333<x62>[B] (+1) -0.545833333<x63>[B] (+1) +0.545833333<x64>[B] (+1) +0.545833333<x65>[B] (+1) +0.545833333<x66>[B] (+1) +0.545833333<x67>[B] (+0) +0.545833333<x68>[B] (+1) +0.545833333<x69>[B] (+1) +0.545833333<x70>[B] (+0) +0.545833333<x71>[B] (+0) +0.545833333<x72>[B] (+1) +0.545833333<x73>[B] (+0) +0.545833333<x74>[B] (+0) +0.545833333<x75>[B] (+1) +0.545833333<x76>[B] (+0) +0.545833333<x77>[B] (+1) +0.545833333<x78>[B] (+1) +0.545833333<x79>[B] (+0) -0.545833333<x80>[B] (+0) +0.545833333<x81>[B] (+1) +0.545833333<x82>[B] (+0) +0.545833333<x83>[B] (+0) +0.545833333<x84>[B] (+1) -0.545833333<x85>[B] (+1) -0.545833333<x86>[B] (+1) -0.545833333<x87>[B] (+1) -0.545833333<x88>[B] (+1) -0.545833333<x89>[B] (+1) -0.545833333<x90>[B] (+1) +0.545833333<x91>[B] (+1) -0.545833333<x92>[B] (+1) +0.545833333<x93>[B] (+1) +0.545833333<x94>[B] (+0) -0.545833333<x95>[B] (+0) +0.545833333<x96>[B] (+0) -0.545833333<x97>[B] (+0) +0.545833333<x98>[B] (+0) +0.545833333<x99>[B] (+1) -0.545833333<x100>[B] (+0) -0.545833333<x101>[B] (+0) +0.545833333<x102>[B] (+0) -0.545833333<x103>[B] (+0) +0.545833333<x104>[B] (+0) +0.545833333<x105>[B] (+0) -0.545833333<x106>[B] (+1) +0.545833333<x107>[B] (+1) -0.545833333<x108>[B] (+1) +0.545833333<x109>[B] (+1) +0.545833333<x110>[B] (+1) +0.545833333<x111>[B] (+1) +0.545833333<x112>[B] (+1) +0.545833333<x113>[B] (+1) +0.545833333<x114>[B] (+1) -0.545833333<x115>[B] (+0) +0.545833333<x116>[B] (+0) +0.545833333<x117>[B] (+1) +0.545833333<x118>[B] (+0) +0.545833333<x119>[B] (+1) -0.545833333<x120>[B] (+1) >= 17.6041666666667;
;
violation: left hand side is violated by 0.0499999999999972
  [linear] <c1430>: <x146>[C] (+17.5958333) -0.5375<x1>[B] (+0) -0.5375<x2>[B] (+1) -0.5375<x3>[B] (+1) -0.5375<x4>[B] (+0) +0.5375<x5>[B] (+0) -0.5375<x6>[B] (+0) -0.5375<x7>[B] (+0) -0.5375<x8>[B] (+1) +0.5375<x9>[B] (+1) +0.5375<x10>[B] (+0) -0.5375<x11>[B] (+0) -0.5375<x12>[B] (+1) -0.5375<x13>[B] (+1) -0.5375<x14>[B] (+0) -0.5375<x15>[B] (+1) -0.5375<x16>[B] (+1) -0.5375<x17>[B] (+1) -0.5375<x18>[B] (+1) +0.5375<x19>[B] (+1) -0.5375<x20>[B] (+1) -0.5375<x21>[B] (+0) -0.5375<x22>[B] (+1) +0.5375<x23>[B] (+1) +0.5375<x24>[B] (+1) -0.5375<x25>[B] (+1) +0.5375<x26>[B] (+1) -0.5375<x27>[B] (+1) -0.5375<x28>[B] (+1) -0.5375<x29>[B] (+1) -0.5375<x30>[B] (+1) -0.5375<x31>[B] (+0) +0.5375<x32>[B] (+0) -0.5375<x33>[B] (+0) -0.5375<x34>[B] (+0) -0.5375<x35>[B] (+1) +0.5375<x36>[B] (+1) +0.5375<x37>[B] (+0) +0.5375<x38>[B] (+0) +0.5375<x39>[B] (+1) -0.5375<x40>[B] (+1) -0.5375<x41>[B] (+0) -0.5375<x42>[B] (+1) -0.5375<x43>[B] (+0) +0.5375<x44>[B] (+0) -0.5375<x45>[B] (+0) -0.5375<x46>[B] (+0) -0.5375<x47>[B] (+1) +0.5375<x48>[B] (+1) +0.5375<x49>[B] (+0) +0.5375<x50>[B] (+0) +0.5375<x51>[B] (+0) -0.5375<x52>[B] (+1) -0.5375<x53>[B] (+0) -0.5375<x54>[B] (+1) +0.5375<x55>[B] (+1) +0.5375<x56>[B] (+1) +0.5375<x57>[B] (+0) -0.5375<x58>[B] (+1) +0.5375<x59>[B] (+1) +0.5375<x60>[B] (+1) +0.5375<x61>[B] (+1) +0.5375<x62>[B] (+1) -0.5375<x63>[B] (+1) +0.5375<x64>[B] (+1) +0.5375<x65>[B] (+1) -0.5375<x66>[B] (+0) -0.5375<x67>[B] (+0) -0.5375<x68>[B] (+1) +0.5375<x69>[B] (+1) +0.5375<x70>[B] (+0) -0.5375<x71>[B] (+1) -0.5375<x72>[B] (+1) -0.5375<x73>[B] (+1) -0.5375<x74>[B] (+0) -0.5375<x75>[B] (+1) +0.5375<x76>[B] (+0) -0.5375<x77>[B] (+1) +0.5375<x78>[B] (+1) +0.5375<x79>[B] (+0) +0.5375<x80>[B] (+1) +0.5375<x81>[B] (+1) -0.5375<x82>[B] (+1) +0.5375<x83>[B] (+0) +0.5375<x84>[B] (+1) -0.5375<x85>[B] (+1) +0.5375<x86>[B] (+1) +0.5375<x87>[B] (+1) +0.5375<x88>[B] (+1) +0.5375<x89>[B] (+1) -0.5375<x90>[B] (+1) -0.5375<x91>[B] (+1) -0.5375<x92>[B] (+1) +0.5375<x93>[B] (+1) +0.5375<x94>[B] (+0) +0.5375<x95>[B] (+0) +0.5375<x96>[B] (+0) -0.5375<x97>[B] (+0) +0.5375<x98>[B] (+0) +0.5375<x99>[B] (+1) -0.5375<x100>[B] (+0) -0.5375<x101>[B] (+0) -0.5375<x102>[B] (+0) -0.5375<x103>[B] (+0) -0.5375<x104>[B] (+0) -0.5375<x105>[B] (+1) -0.5375<x106>[B] (+1) -0.5375<x107>[B] (+1) -0.5375<x108>[B] (+1) -0.5375<x109>[B] (+1) -0.5375<x110>[B] (+1) +0.5375<x111>[B] (+1) -0.5375<x112>[B] (+1) -0.5375<x113>[B] (+0) -0.5375<x114>[B] (+1) -0.5375<x115>[B] (+1) -0.5375<x116>[B] (+0) -0.5375<x117>[B] (+1) +0.5375<x118>[B] (+0) +0.5375<x119>[B] (+1) -0.5375<x120>[B] (+1) >= 8.46666666666667;
;
violation: left hand side is violated by 0.00833333333332398
  [linear] <c1427>: <x139>[C] (+19.2583333) +0.5625<x1>[B] (+0) +0.5625<x2>[B] (+1) -0.5625<x3>[B] (+1) -0.5625<x4>[B] (+0) +0.5625<x5>[B] (+0) -0.5625<x6>[B] (+1) +0.5625<x7>[B] (+0) -0.5625<x8>[B] (+1) +0.5625<x9>[B] (+1) -0.5625<x10>[B] (+0) -0.5625<x11>[B] (+0) +0.5625<x12>[B] (+0) -0.5625<x13>[B] (+0) +0.5625<x14>[B] (+0) -0.5625<x15>[B] (+1) -0.5625<x16>[B] (+1) -0.5625<x17>[B] (+1) -0.5625<x18>[B] (+1) -0.5625<x19>[B] (+1) -0.5625<x20>[B] (+1) +0.5625<x21>[B] (+0) -0.5625<x22>[B] (+1) -0.5625<x23>[B] (+1) -0.5625<x24>[B] (+1) -0.5625<x25>[B] (+1) -0.5625<x26>[B] (+1) -0.5625<x27>[B] (+1) -0.5625<x28>[B] (+1) -0.5625<x29>[B] (+1) -0.5625<x30>[B] (+1) -0.5625<x31>[B] (+0) +0.5625<x32>[B] (+0) -0.5625<x33>[B] (+0) +0.5625<x34>[B] (+0) -0.5625<x35>[B] (+1) -0.5625<x36>[B] (+1) -0.5625<x37>[B] (+0) -0.5625<x38>[B] (+0) +0.5625<x39>[B] (+0) -0.5625<x40>[B] (+0) +0.5625<x41>[B] (+0) -0.5625<x42>[B] (+1) -0.5625<x43>[B] (+0) +0.5625<x44>[B] (+0) +0.5625<x45>[B] (+0) +0.5625<x46>[B] (+0) +0.5625<x47>[B] (+1) +0.5625<x48>[B] (+1) -0.5625<x49>[B] (+0) -0.5625<x50>[B] (+0) +0.5625<x51>[B] (+0) -0.5625<x52>[B] (+0) +0.5625<x53>[B] (+0) -0.5625<x54>[B] (+0) +0.5625<x55>[B] (+1) +0.5625<x56>[B] (+1) +0.5625<x57>[B] (+0) +0.5625<x58>[B] (+1) +0.5625<x59>[B] (+1) -0.5625<x60>[B] (+0) -0.5625<x61>[B] (+0) +0.5625<x62>[B] (+0) -0.5625<x63>[B] (+0) +0.5625<x64>[B] (+0) -0.5625<x65>[B] (+1) -0.5625<x66>[B] (+1) +0.5625<x67>[B] (+0) -0.5625<x68>[B] (+1) -0.5625<x69>[B] (+1) -0.5625<x70>[B] (+0) -0.5625<x71>[B] (+0) -0.5625<x72>[B] (+0) -0.5625<x73>[B] (+0) -0.5625<x74>[B] (+0) -0.5625<x75>[B] (+1) +0.5625<x76>[B] (+0) -0.5625<x77>[B] (+1) +0.5625<x78>[B] (+1) -0.5625<x79>[B] (+0) -0.5625<x80>[B] (+0) +0.5625<x81>[B] (+0) -0.5625<x82>[B] (+0) +0.5625<x83>[B] (+0) -0.5625<x84>[B] (+1) -0.5625<x85>[B] (+1) -0.5625<x86>[B] (+1) -0.5625<x87>[B] (+1) -0.5625<x88>[B] (+1) -0.5625<x89>[B] (+1) -0.5625<x90>[B] (+1) -0.5625<x91>[B] (+1) -0.5625<x92>[B] (+1) +0.5625<x93>[B] (+1) -0.5625<x94>[B] (+0) -0.5625<x95>[B] (+0) +0.5625<x96>[B] (+0) -0.5625<x97>[B] (+0) +0.5625<x98>[B] (+0) -0.5625<x99>[B] (+0) -0.5625<x100>[B] (+0) -0.5625<x101>[B] (+0) +0.5625<x102>[B] (+0) -0.5625<x103>[B] (+0) +0.5625<x104>[B] (+0) -0.5625<x105>[B] (+0) -0.5625<x106>[B] (+1) +0.5625<x107>[B] (+1) +0.5625<x108>[B] (+1) +0.5625<x109>[B] (+1) +0.5625<x110>[B] (+1) +0.5625<x111>[B] (+1) +0.5625<x112>[B] (+1) +0.5625<x113>[B] (+1) +0.5625<x114>[B] (+1) -0.5625<x115>[B] (+1) -0.5625<x116>[B] (+0) -0.5625<x117>[B] (+1) +0.5625<x118>[B] (+0) -0.5625<x119>[B] (+1) -0.5625<x120>[B] (+1) >= 6.32916666666667;
;
violation: left hand side is violated by 0.0083333333333222
  [linear] <c1432>: <x148>[C] (+20.9958333) +0.5875<x1>[B] (+0) -0.5875<x2>[B] (+1) -0.5875<x3>[B] (+1) -0.5875<x4>[B] (+0) -0.5875<x5>[B] (+1) -0.5875<x6>[B] (+1) +0.5875<x7>[B] (+0) -0.5875<x8>[B] (+1) +0.5875<x9>[B] (+1) -0.5875<x10>[B] (+0) +0.5875<x11>[B] (+0) -0.5875<x12>[B] (+1) +0.5875<x13>[B] (+1) -0.5875<x14>[B] (+0) -0.5875<x15>[B] (+1) -0.5875<x16>[B] (+1) -0.5875<x17>[B] (+1) -0.5875<x18>[B] (+1) -0.5875<x19>[B] (+1) -0.5875<x20>[B] (+1) -0.5875<x21>[B] (+0) -0.5875<x22>[B] (+1) -0.5875<x23>[B] (+1) -0.5875<x24>[B] (+1) -0.5875<x25>[B] (+1) -0.5875<x26>[B] (+1) -0.5875<x27>[B] (+1) -0.5875<x28>[B] (+1) -0.5875<x29>[B] (+1) +0.5875<x30>[B] (+1) +0.5875<x31>[B] (+0) +0.5875<x32>[B] (+1) +0.5875<x33>[B] (+1) +0.5875<x34>[B] (+0) +0.5875<x35>[B] (+1) +0.5875<x36>[B] (+1) +0.5875<x37>[B] (+0) +0.5875<x38>[B] (+0) +0.5875<x39>[B] (+1) +0.5875<x40>[B] (+1) +0.5875<x41>[B] (+0) +0.5875<x42>[B] (+1) -0.5875<x43>[B] (+0) +0.5875<x44>[B] (+0) +0.5875<x45>[B] (+1) +0.5875<x46>[B] (+0) +0.5875<x47>[B] (+1) +0.5875<x48>[B] (+1) +0.5875<x49>[B] (+0) +0.5875<x50>[B] (+0) +0.5875<x51>[B] (+1) +0.5875<x52>[B] (+0) +0.5875<x53>[B] (+0) +0.5875<x54>[B] (+1) +0.5875<x55>[B] (+1) +0.5875<x56>[B] (+1) +0.5875<x57>[B] (+0) +0.5875<x58>[B] (+1) +0.5875<x59>[B] (+1) +0.5875<x60>[B] (+0) +0.5875<x61>[B] (+0) +0.5875<x62>[B] (+1) +0.5875<x63>[B] (+1) +0.5875<x64>[B] (+0) +0.5875<x65>[B] (+1) -0.5875<x66>[B] (+1) +0.5875<x67>[B] (+0) -0.5875<x68>[B] (+1) +0.5875<x69>[B] (+1) -0.5875<x70>[B] (+0) +0.5875<x71>[B] (+0) +0.5875<x72>[B] (+1) +0.5875<x73>[B] (+0) -0.5875<x74>[B] (+0) -0.5875<x75>[B] (+1) +0.5875<x76>[B] (+0) +0.5875<x77>[B] (+1) +0.5875<x78>[B] (+1) +0.5875<x79>[B] (+0) +0.5875<x80>[B] (+0) +0.5875<x81>[B] (+1) +0.5875<x82>[B] (+0) +0.5875<x83>[B] (+0) +0.5875<x84>[B] (+1) -0.5875<x85>[B] (+1) -0.5875<x86>[B] (+1) -0.5875<x87>[B] (+1) +0.5875<x88>[B] (+1) -0.5875<x89>[B] (+1) -0.5875<x90>[B] (+1) -0.5875<x91>[B] (+1) -0.5875<x92>[B] (+1) +0.5875<x93>[B] (+1) -0.5875<x94>[B] (+0) +0.5875<x95>[B] (+0) +0.5875<x96>[B] (+0) +0.5875<x97>[B] (+0) -0.5875<x98>[B] (+0) -0.5875<x99>[B] (+0) -0.5875<x100>[B] (+0) +0.5875<x101>[B] (+0) -0.5875<x102>[B] (+0) -0.5875<x103>[B] (+0) -0.5875<x104>[B] (+0) -0.5875<x105>[B] (+0) +0.5875<x106>[B] (+0) +0.5875<x107>[B] (+1) +0.5875<x108>[B] (+1) -0.5875<x109>[B] (+1) -0.5875<x110>[B] (+1) -0.5875<x111>[B] (+1) -0.5875<x112>[B] (+1) -0.5875<x113>[B] (+1) -0.5875<x114>[B] (+1) +0.5875<x115>[B] (+0) -0.5875<x116>[B] (+0) -0.5875<x117>[B] (+1) -0.5875<x118>[B] (+0) -0.5875<x119>[B] (+1) -0.5875<x120>[B] (+1) >= 16.8916666666667;
;
violation: left hand side is violated by 0.0083333333333222
  [linear] <c1435>: <x152>[C] (+19.8291667) +0.570833333<x1>[B] (+0) -0.570833333<x2>[B] (+0) -0.570833333<x3>[B] (+1) -0.570833333<x4>[B] (+0) -0.570833333<x5>[B] (+0) -0.570833333<x6>[B] (+0) -0.570833333<x7>[B] (+0) -0.570833333<x8>[B] (+1) -0.570833333<x9>[B] (+1) -0.570833333<x10>[B] (+0) -0.570833333<x11>[B] (+0) -0.570833333<x12>[B] (+0) -0.570833333<x13>[B] (+0) -0.570833333<x14>[B] (+0) -0.570833333<x15>[B] (+1) -0.570833333<x16>[B] (+1) -0.570833333<x17>[B] (+1) -0.570833333<x18>[B] (+1) -0.570833333<x19>[B] (+1) -0.570833333<x20>[B] (+1) -0.570833333<x21>[B] (+0) -0.570833333<x22>[B] (+1) -0.570833333<x23>[B] (+1) -0.570833333<x24>[B] (+1) -0.570833333<x25>[B] (+1) -0.570833333<x26>[B] (+1) -0.570833333<x27>[B] (+1) -0.570833333<x28>[B] (+1) -0.570833333<x29>[B] (+1) -0.570833333<x30>[B] (+1) -0.570833333<x31>[B] (+0) +0.570833333<x32>[B] (+1) -0.570833333<x33>[B] (+1) -0.570833333<x34>[B] (+0) +0.570833333<x35>[B] (+1) -0.570833333<x36>[B] (+1) +0.570833333<x37>[B] (+1) +0.570833333<x38>[B] (+0) +0.570833333<x39>[B] (+1) -0.570833333<x40>[B] (+1) -0.570833333<x41>[B] (+1) +0.570833333<x42>[B] (+1) -0.570833333<x43>[B] (+0) +0.570833333<x44>[B] (+0) -0.570833333<x45>[B] (+0) +0.570833333<x46>[B] (+0) +0.570833333<x47>[B] (+1) +0.570833333<x48>[B] (+1) +0.570833333<x49>[B] (+0) +0.570833333<x50>[B] (+0) +0.570833333<x51>[B] (+0) +0.570833333<x52>[B] (+0) -0.570833333<x53>[B] (+0) +0.570833333<x54>[B] (+0) +0.570833333<x55>[B] (+1) -0.570833333<x56>[B] (+1) +0.570833333<x57>[B] (+0) +0.570833333<x58>[B] (+1) +0.570833333<x59>[B] (+1) +0.570833333<x60>[B] (+1) +0.570833333<x61>[B] (+0) +0.570833333<x62>[B] (+1) +0.570833333<x63>[B] (+1) -0.570833333<x64>[B] (+1) +0.570833333<x65>[B] (+1) -0.570833333<x66>[B] (+1) -0.570833333<x67>[B] (+0) -0.570833333<x68>[B] (+1) -0.570833333<x69>[B] (+1) -0.570833333<x70>[B] (+0) -0.570833333<x71>[B] (+0) -0.570833333<x72>[B] (+1) -0.570833333<x73>[B] (+0) -0.570833333<x74>[B] (+1) -0.570833333<x75>[B] (+1) +0.570833333<x76>[B] (+0) +0.570833333<x77>[B] (+1) +0.570833333<x78>[B] (+1) +0.570833333<x79>[B] (+0) +0.570833333<x80>[B] (+0) +0.570833333<x81>[B] (+0) +0.570833333<x82>[B] (+0) +0.570833333<x83>[B] (+0) +0.570833333<x84>[B] (+1) +0.570833333<x85>[B] (+1) -0.570833333<x86>[B] (+1) +0.570833333<x87>[B] (+1) +0.570833333<x88>[B] (+1) +0.570833333<x89>[B] (+1) +0.570833333<x90>[B] (+1) -0.570833333<x91>[B] (+1) +0.570833333<x92>[B] (+1) -0.570833333<x93>[B] (+1) +0.570833333<x94>[B] (+0) +0.570833333<x95>[B] (+0) +0.570833333<x96>[B] (+0) -0.570833333<x97>[B] (+0) -0.570833333<x98>[B] (+0) +0.570833333<x99>[B] (+0) +0.570833333<x100>[B] (+0) +0.570833333<x101>[B] (+0) +0.570833333<x102>[B] (+0) +0.570833333<x103>[B] (+0) -0.570833333<x104>[B] (+0) +0.570833333<x105>[B] (+0) +0.570833333<x106>[B] (+0) +0.570833333<x107>[B] (+1) -0.570833333<x108>[B] (+1) -0.570833333<x109>[B] (+1) -0.570833333<x110>[B] (+1) +0.570833333<x111>[B] (+1) -0.570833333<x112>[B] (+1) -0.570833333<x113>[B] (+1) -0.570833333<x114>[B] (+1) -0.570833333<x115>[B] (+0) -0.570833333<x116>[B] (+1) -0.570833333<x117>[B] (+1) -0.570833333<x118>[B] (+1) +0.570833333<x119>[B] (+1) +0.570833333<x120>[B] (+1) >= 11.275;
;
violation: left hand side is violated by 0.00833333333332575
  [linear] <c1424>: <x128>[C] (+17.5541667) -0.5375<x1>[B] (+0) +0.5375<x2>[B] (+1) -0.5375<x3>[B] (+1) +0.5375<x4>[B] (+0) +0.5375<x5>[B] (+0) +0.5375<x6>[B] (+0) +0.5375<x7>[B] (+0) +0.5375<x8>[B] (+1) +0.5375<x9>[B] (+1) -0.5375<x10>[B] (+0) +0.5375<x11>[B] (+0) +0.5375<x12>[B] (+0) +0.5375<x13>[B] (+1) +0.5375<x14>[B] (+0) -0.5375<x15>[B] (+1) +0.5375<x16>[B] (+1) -0.5375<x17>[B] (+1) +0.5375<x18>[B] (+1) +0.5375<x19>[B] (+1) +0.5375<x20>[B] (+1) +0.5375<x21>[B] (+0) +0.5375<x22>[B] (+1) +0.5375<x23>[B] (+1) -0.5375<x24>[B] (+1) +0.5375<x25>[B] (+1) +0.5375<x26>[B] (+1) +0.5375<x27>[B] (+1) +0.5375<x28>[B] (+1) -0.5375<x29>[B] (+1) -0.5375<x30>[B] (+1) +0.5375<x31>[B] (+0) +0.5375<x32>[B] (+0) -0.5375<x33>[B] (+0) +0.5375<x34>[B] (+0) -0.5375<x35>[B] (+1) +0.5375<x36>[B] (+1) -0.5375<x37>[B] (+0) +0.5375<x38>[B] (+0) -0.5375<x39>[B] (+0) +0.5375<x40>[B] (+1) +0.5375<x41>[B] (+0) -0.5375<x42>[B] (+1) +0.5375<x43>[B] (+0) +0.5375<x44>[B] (+0) +0.5375<x45>[B] (+0) +0.5375<x46>[B] (+0) +0.5375<x47>[B] (+1) +0.5375<x48>[B] (+1) -0.5375<x49>[B] (+0) +0.5375<x50>[B] (+0) +0.5375<x51>[B] (+0) +0.5375<x52>[B] (+0) +0.5375<x53>[B] (+0) +0.5375<x54>[B] (+0) -0.5375<x55>[B] (+1) -0.5375<x56>[B] (+1) -0.5375<x57>[B] (+0) -0.5375<x58>[B] (+1) -0.5375<x59>[B] (+1) -0.5375<x60>[B] (+1) -0.5375<x61>[B] (+0) -0.5375<x62>[B] (+1) +0.5375<x63>[B] (+1) +0.5375<x64>[B] (+1) -0.5375<x65>[B] (+1) -0.5375<x66>[B] (+1) +0.5375<x67>[B] (+0) -0.5375<x68>[B] (+1) -0.5375<x69>[B] (+1) -0.5375<x70>[B] (+0) -0.5375<x71>[B] (+0) -0.5375<x72>[B] (+0) +0.5375<x73>[B] (+1) +0.5375<x74>[B] (+0) -0.5375<x75>[B] (+1) +0.5375<x76>[B] (+0) +0.5375<x77>[B] (+1) +0.5375<x78>[B] (+1) -0.5375<x79>[B] (+0) +0.5375<x80>[B] (+0) +0.5375<x81>[B] (+0) +0.5375<x82>[B] (+1) +0.5375<x83>[B] (+0) -0.5375<x84>[B] (+1) -0.5375<x85>[B] (+1) -0.5375<x86>[B] (+1) -0.5375<x87>[B] (+1) -0.5375<x88>[B] (+1) -0.5375<x89>[B] (+1) +0.5375<x90>[B] (+1) +0.5375<x91>[B] (+1) -0.5375<x92>[B] (+1) +0.5375<x93>[B] (+1) -0.5375<x94>[B] (+0) +0.5375<x95>[B] (+0) -0.5375<x96>[B] (+0) +0.5375<x97>[B] (+0) +0.5375<x98>[B] (+0) -0.5375<x99>[B] (+0) -0.5375<x100>[B] (+0) +0.5375<x101>[B] (+0) -0.5375<x102>[B] (+0) +0.5375<x103>[B] (+0) +0.5375<x104>[B] (+0) -0.5375<x105>[B] (+0) +0.5375<x106>[B] (+0) +0.5375<x107>[B] (+1) +0.5375<x108>[B] (+1) +0.5375<x109>[B] (+1) +0.5375<x110>[B] (+1) -0.5375<x111>[B] (+1) +0.5375<x112>[B] (+1) +0.5375<x113>[B] (+1) -0.5375<x114>[B] (+1) +0.5375<x115>[B] (+1) +0.5375<x116>[B] (+1) -0.5375<x117>[B] (+1) -0.5375<x118>[B] (+0) -0.5375<x119>[B] (+0) -0.5375<x120>[B] (+1) >= 20.2916666666667;
;
violation: left hand side is violated by 0.0499999999999901
1/10 feasible solution given by solution candidate storage, new primal bound -9.962995e+02

presolving:
   (0.0s) symmetry computation started: requiring (bin +, int +, cont +), (fixed: bin -, int -, cont -)
   (0.0s) no symmetry present (symcode time: 0.00)
presolving (0 rounds: 0 fast, 0 medium, 0 exhaustive):
 0 deleted vars, 0 deleted constraints, 0 added constraints, 0 tightened bounds, 0 added holes, 0 changed sides, 0 changed coefficients
 0 implications, 0 cliques, 0 implied integral variables (0 bin, 0 int, 0 cont)
presolved problem has 190 variables (120 bin, 0 int, 70 cont) and 1455 constraints
   1455 constraints of type <linear>
Presolving Time: 0.02
transformed 2/2 original solutions to the transformed problem space

 time | node  | left  |LP iter|LP it/n|mem/heur|mdpt |vars |cons |rows |cuts |sepa|confs|strbr|  dualbound   | primalbound  |  gap   | compl. 
  0.1s|     1 |     0 |   907 |     - |    77M |   0 | 190 |1455 |1455 |   0 |  0 |   0 |   0 |-8.488833e+02 |-9.962995e+02 |  17.37%| unknown
r 0.1s|     1 |     0 |   907 |     - |shifting|   0 | 190 |1455 |1455 |   0 |  0 |   0 |   0 |-8.488833e+02 |-9.929899e+02 |  16.98%| unknown
  0.2s|     1 |     0 |   937 |     - |    77M |   0 | 190 |1455 |1458 |   3 |  1 |   0 |   0 |-8.489828e+02 |-9.929899e+02 |  16.96%| unknown
  0.3s|     1 |     0 |   973 |     - |    78M |   0 | 190 |1455 |1463 |   8 |  2 |   0 |   0 |-8.490396e+02 |-9.929899e+02 |  16.95%| unknown
  0.4s|     1 |     0 |  1037 |     - |    78M |   0 | 190 |1455 |1466 |  11 |  3 |   0 |   0 |-8.491539e+02 |-9.929899e+02 |  16.94%| unknown
  0.5s|     1 |     0 |  1084 |     - |    78M |   0 | 190 |1455 |1469 |  14 |  4 |   0 |   0 |-8.491859e+02 |-9.929899e+02 |  16.93%| unknown
  0.6s|     1 |     0 |  1127 |     - |    78M |   0 | 190 |1455 |1472 |  17 |  5 |   0 |   0 |-8.492565e+02 |-9.929899e+02 |  16.92%| unknown
r 0.6s|     1 |     0 |  1127 |     - |shifting|   0 | 190 |1455 |1472 |  17 |  5 |   0 |   0 |-8.492565e+02 |-9.858755e+02 |  16.09%| unknown
  0.7s|     1 |     0 |  1162 |     - |    78M |   0 | 190 |1455 |1475 |  20 |  6 |   0 |   0 |-8.492832e+02 |-9.858755e+02 |  16.08%| unknown
  0.8s|     1 |     0 |  1215 |     - |    78M |   0 | 190 |1455 |1478 |  23 |  7 |   0 |   0 |-8.493041e+02 |-9.858755e+02 |  16.08%| unknown
  0.9s|     1 |     0 |  1256 |     - |    78M |   0 | 190 |1455 |1481 |  26 |  8 |   0 |   0 |-8.493126e+02 |-9.858755e+02 |  16.08%| unknown
  1.0s|     1 |     0 |  1274 |     - |    79M |   0 | 190 |1455 |1482 |  27 |  9 |   0 |   0 |-8.493156e+02 |-9.858755e+02 |  16.08%| unknown
  1.2s|     1 |     0 |  1299 |     - |    79M |   0 | 190 |1456 |1483 |  28 | 10 |   1 |   0 |-8.493205e+02 |-9.858755e+02 |  16.08%| unknown
  1.2s|     1 |     0 |  1322 |     - |    79M |   0 | 190 |1456 |1485 |  30 | 11 |   1 |   0 |-8.493230e+02 |-9.858755e+02 |  16.08%| unknown
  1.2s|     1 |     0 |  1339 |     - |    79M |   0 | 190 |1456 |1487 |  32 | 12 |   1 |   0 |-8.493249e+02 |-9.858755e+02 |  16.08%| unknown
 time | node  | left  |LP iter|LP it/n|mem/heur|mdpt |vars |cons |rows |cuts |sepa|confs|strbr|  dualbound   | primalbound  |  gap   | compl. 
r 1.2s|     1 |     0 |  1339 |     - |shifting|   0 | 190 |1456 |1487 |  32 | 12 |   1 |   0 |-8.493249e+02 |-9.777222e+02 |  15.12%| unknown
  1.3s|     1 |     0 |  1350 |     - |    79M |   0 | 190 |1456 |1489 |  34 | 13 |   1 |   0 |-8.493253e+02 |-9.777222e+02 |  15.12%| unknown
r 1.3s|     1 |     0 |  1507 |     - |intshift|   0 | 190 |1456 |1489 |  34 | 13 |   1 |   0 |-8.493253e+02 |-8.885167e+02 |   4.61%| unknown
d 1.3s|     1 |     0 |  2354 |     - |farkasdi|   0 | 190 |1456 |1489 |   0 | 13 |   1 |   0 |-8.493253e+02 |-8.561750e+02 |   0.81%| unknown
  1.4s|     1 |     0 |  2579 |     - |    79M |   0 | 190 |1457 |1489 |  34 | 13 |   2 |   0 |-8.493253e+02 |-8.561750e+02 |   0.81%| unknown
  1.4s|     1 |     0 |  2589 |     - |    79M |   0 | 190 |1457 |1490 |  35 | 14 |   2 |   0 |-8.493256e+02 |-8.561750e+02 |   0.81%| unknown
  1.4s|     1 |     0 |  2591 |     - |    79M |   0 | 190 |1457 |1491 |  36 | 15 |   2 |   0 |-8.493259e+02 |-8.561750e+02 |   0.81%| unknown
  2.1s|     1 |     2 |  2591 |     - |    79M |   0 | 190 |1457 |1491 |  36 | 15 |   2 |  24 |-8.501433e+02 |-8.561750e+02 |   0.71%| unknown
* 3.1s|     8 |     4 |  3488 | 303.7 |strongbr|   6 | 190 |1484 |1473 |  36 |  2 |  29 | 108 |-8.501433e+02 |-8.553333e+02 |   0.61%|  19.66%
* 3.2s|    12 |     4 |  3688 | 211.5 |strongbr|   7 | 190 |1488 |1473 |  36 |  4 |  33 | 125 |-8.501433e+02 |-8.548667e+02 |   0.56%|  25.00%
* 4.3s|    24 |     4 |  4822 | 150.4 |strongbr|   7 | 190 |1345 |1473 |  36 |  4 |  86 | 219 |-8.513006e+02 |-8.544250e+02 |   0.37%|  61.10%

SCIP Status        : problem is solved [optimal solution found]
Solving Time (sec) : 4.72
Solving Nodes      : 42
Primal Bound       : -8.54425000000000e+02 (38 solutions)
Dual Bound         : -8.54425000000000e+02
Gap                : 0.00 %
  [linear] <c1456>: <x124>[C] (+25.325) +0.645833333<x1>[B] (+0) +0.645833333<x2>[B] (+1) +0.645833333<x3>[B] (+1) +0.645833333<x4>[B] (+0) +0.645833333<x5>[B] (+1) +0.645833333<x6>[B] (+1) +0.645833333<x7>[B] (+0) -0.645833333<x8>[B] (+1) +0.645833333<x9>[B] (+1) +0.645833333<x10>[B] (+0) +0.645833333<x11>[B] (+0) +0.645833333<x12>[B] (+1) +0.645833333<x13>[B] (+1) +0.645833333<x14>[B] (+1) +0.645833333<x15>[B] (+1) -0.645833333<x16>[B] (+1) -0.645833333<x17>[B] (+1) -0.645833333<x18>[B] (+1) -0.645833333<x19>[B] (+1) -0.645833333<x20>[B] (+1) -0.645833333<x21>[B] (+0) -0.645833333<x22>[B] (+1) -0.645833333<x23>[B] (+1) -0.645833333<x24>[B] (+1) -0.645833333<x25>[B] (+1) -0.645833333<x26>[B] (+1) -0.645833333<x27>[B] (+1) -0.645833333<x28>[B] (+1) -0.645833333<x29>[B] (+1) +0.645833333<x30>[B] (+1) -0.645833333<x31>[B] (+0) -0.645833333<x32>[B] (+0) +0.645833333<x33>[B] (+1) -0.645833333<x34>[B] (+0) -0.645833333<x35>[B] (+1) -0.645833333<x36>[B] (+1) +0.645833333<x37>[B] (+0) -0.645833333<x38>[B] (+0) -0.645833333<x39>[B] (+1) -0.645833333<x40>[B] (+0) +0.645833333<x41>[B] (+0) -0.645833333<x42>[B] (+1) -0.645833333<x43>[B] (+0) -0.645833333<x44>[B] (+0) -0.645833333<x45>[B] (+1) -0.645833333<x46>[B] (+0) -0.645833333<x47>[B] (+1) -0.645833333<x48>[B] (+1) -0.645833333<x49>[B] (+0) -0.645833333<x50>[B] (+0) -0.645833333<x51>[B] (+1) -0.645833333<x52>[B] (+0) +0.645833333<x53>[B] (+0) -0.645833333<x54>[B] (+1) -0.645833333<x55>[B] (+1) +0.645833333<x56>[B] (+1) -0.645833333<x57>[B] (+0) -0.645833333<x58>[B] (+1) -0.645833333<x59>[B] (+1) +0.645833333<x60>[B] (+1) -0.645833333<x61>[B] (+1) -0.645833333<x62>[B] (+1) -0.645833333<x63>[B] (+1) +0.645833333<x64>[B] (+1) -0.645833333<x65>[B] (+1) +0.645833333<x66>[B] (+1) +0.645833333<x67>[B] (+0) -0.645833333<x68>[B] (+1) -0.645833333<x69>[B] (+1) +0.645833333<x70>[B] (+0) +0.645833333<x71>[B] (+0) -0.645833333<x72>[B] (+1) +0.645833333<x73>[B] (+0) +0.645833333<x74>[B] (+1) +0.645833333<x75>[B] (+1) -0.645833333<x76>[B] (+0) -0.645833333<x77>[B] (+1) -0.645833333<x78>[B] (+1) +0.645833333<x79>[B] (+0) -0.645833333<x80>[B] (+0) -0.645833333<x81>[B] (+1) -0.645833333<x82>[B] (+0) +0.645833333<x83>[B] (+0) -0.645833333<x84>[B] (+1) -0.645833333<x85>[B] (+1) -0.645833333<x86>[B] (+1) +0.645833333<x87>[B] (+1) +0.645833333<x88>[B] (+1) -0.645833333<x89>[B] (+1) -0.645833333<x90>[B] (+1) +0.645833333<x91>[B] (+1) -0.645833333<x92>[B] (+1) +0.645833333<x93>[B] (+1) +0.645833333<x94>[B] (+0) +0.645833333<x95>[B] (+0) +0.645833333<x96>[B] (+0) +0.645833333<x97>[B] (+0) +0.645833333<x98>[B] (+0) +0.645833333<x99>[B] (+1) +0.645833333<x100>[B] (+0) +0.645833333<x101>[B] (+0) +0.645833333<x102>[B] (+0) +0.645833333<x103>[B] (+0) +0.645833333<x104>[B] (+0) +0.645833333<x105>[B] (+0) -0.645833333<x106>[B] (+1) -0.645833333<x107>[B] (+1) -0.645833333<x108>[B] (+1) +0.645833333<x109>[B] (+1) -0.645833333<x110>[B] (+1) -0.645833333<x111>[B] (+1) -0.645833333<x112>[B] (+1) +0.645833333<x113>[B] (+1) -0.645833333<x114>[B] (+1) +0.645833333<x115>[B] (+0) +0.645833333<x116>[B] (+0) +0.645833333<x117>[B] (+1) +0.645833333<x118>[B] (+1) -0.645833333<x119>[B] (+1) -0.645833333<x120>[B] (+1) >= 9.20416666666667;
;
violation: left hand side is violated by 0.0250000000000039
  [linear] <c1480>: <x178>[C] (+12.5541667) +0.470833333<x1>[B] (+0) +0.470833333<x2>[B] (+1) +0.470833333<x3>[B] (+1) -0.470833333<x4>[B] (+0) -0.470833333<x5>[B] (+1) -0.470833333<x6>[B] (+0) +0.470833333<x7>[B] (+0) +0.470833333<x8>[B] (+1) +0.470833333<x9>[B] (+1) +0.470833333<x10>[B] (+0) +0.470833333<x11>[B] (+0) -0.470833333<x12>[B] (+1) +0.470833333<x13>[B] (+1) +0.470833333<x14>[B] (+0) +0.470833333<x15>[B] (+1) +0.470833333<x16>[B] (+1) +0.470833333<x17>[B] (+1) -0.470833333<x18>[B] (+1) -0.470833333<x19>[B] (+1) -0.470833333<x20>[B] (+1) -0.470833333<x21>[B] (+0) +0.470833333<x22>[B] (+1) +0.470833333<x23>[B] (+1) -0.470833333<x24>[B] (+1) +0.470833333<x25>[B] (+1) -0.470833333<x26>[B] (+1) -0.470833333<x27>[B] (+1) +0.470833333<x28>[B] (+1) +0.470833333<x29>[B] (+1) -0.470833333<x30>[B] (+1) -0.470833333<x31>[B] (+0) -0.470833333<x32>[B] (+1) -0.470833333<x33>[B] (+0) -0.470833333<x34>[B] (+0) +0.470833333<x35>[B] (+1) -0.470833333<x36>[B] (+1) -0.470833333<x37>[B] (+0) +0.470833333<x38>[B] (+0) -0.470833333<x39>[B] (+1) -0.470833333<x40>[B] (+1) +0.470833333<x41>[B] (+0) -0.470833333<x42>[B] (+1) -0.470833333<x43>[B] (+0) -0.470833333<x44>[B] (+0) -0.470833333<x45>[B] (+0) -0.470833333<x46>[B] (+0) +0.470833333<x47>[B] (+0) +0.470833333<x48>[B] (+1) -0.470833333<x49>[B] (+0) +0.470833333<x50>[B] (+0) -0.470833333<x51>[B] (+0) -0.470833333<x52>[B] (+1) +0.470833333<x53>[B] (+0) -0.470833333<x54>[B] (+1) -0.470833333<x55>[B] (+1) -0.470833333<x56>[B] (+1) +0.470833333<x57>[B] (+0) +0.470833333<x58>[B] (+1) +0.470833333<x59>[B] (+1) +0.470833333<x60>[B] (+1) +0.470833333<x61>[B] (+1) -0.470833333<x62>[B] (+1) +0.470833333<x63>[B] (+1) +0.470833333<x64>[B] (+1) +0.470833333<x65>[B] (+1) -0.470833333<x66>[B] (+0) +0.470833333<x67>[B] (+0) +0.470833333<x68>[B] (+1) +0.470833333<x69>[B] (+1) +0.470833333<x70>[B] (+0) +0.470833333<x71>[B] (+0) -0.470833333<x72>[B] (+1) +0.470833333<x73>[B] (+1) +0.470833333<x74>[B] (+0) +0.470833333<x75>[B] (+1) +0.470833333<x76>[B] (+0) +0.470833333<x77>[B] (+1) +0.470833333<x78>[B] (+1) +0.470833333<x79>[B] (+0) +0.470833333<x80>[B] (+1) -0.470833333<x81>[B] (+1) +0.470833333<x82>[B] (+1) +0.470833333<x83>[B] (+0) +0.470833333<x84>[B] (+1) +0.470833333<x85>[B] (+1) +0.470833333<x86>[B] (+1) -0.470833333<x87>[B] (+1) +0.470833333<x88>[B] (+1) -0.470833333<x89>[B] (+1) -0.470833333<x90>[B] (+1) +0.470833333<x91>[B] (+1) +0.470833333<x92>[B] (+1) -0.470833333<x93>[B] (+1) -0.470833333<x94>[B] (+0) -0.470833333<x95>[B] (+0) -0.470833333<x96>[B] (+0) -0.470833333<x97>[B] (+1) -0.470833333<x98>[B] (+0) -0.470833333<x99>[B] (+1) -0.470833333<x100>[B] (+0) +0.470833333<x101>[B] (+0) -0.470833333<x102>[B] (+0) -0.470833333<x103>[B] (+0) +0.470833333<x104>[B] (+0) -0.470833333<x105>[B] (+6.09036631e-14) +0.470833333<x106>[B] (+1) -0.470833333<x107>[B] (+1) -0.470833333<x108>[B] (+1) +0.470833333<x109>[B] (+1) +0.470833333<x110>[B] (+1) -0.470833333<x111>[B] (+1) -0.470833333<x112>[B] (+1) -0.470833333<x113>[B] (+0) -0.470833333<x114>[B] (+1) +0.470833333<x115>[B] (+1) +0.470833333<x116>[B] (+0) +0.470833333<x117>[B] (+1) +0.470833333<x118>[B] (+0) +0.470833333<x119>[B] (+1) -0.470833333<x120>[B] (+1) >= 16.8333333333333;
;
violation: left hand side is violated by 0.0416666666666679
  [linear] <c1461>: <x134>[C] (+22.1958333) +0.6125<x1>[B] (+0) +0.6125<x2>[B] (+1) -0.6125<x3>[B] (+1) +0.6125<x4>[B] (+0) +0.6125<x5>[B] (+1) -0.6125<x6>[B] (+0) +0.6125<x7>[B] (+0) +0.6125<x8>[B] (+1) +0.6125<x9>[B] (+1) +0.6125<x10>[B] (+0) +0.6125<x11>[B] (+0) +0.6125<x12>[B] (+1) +0.6125<x13>[B] (+1) +0.6125<x14>[B] (+0) +0.6125<x15>[B] (+1) -0.6125<x16>[B] (+1) -0.6125<x17>[B] (+1) +0.6125<x18>[B] (+1) -0.6125<x19>[B] (+1) -0.6125<x20>[B] (+1) +0.6125<x21>[B] (+0) -0.6125<x22>[B] (+1) +0.6125<x23>[B] (+1) +0.6125<x24>[B] (+1) +0.6125<x25>[B] (+1) +0.6125<x26>[B] (+1) +0.6125<x27>[B] (+1) +0.6125<x28>[B] (+1) -0.6125<x29>[B] (+1) -0.6125<x30>[B] (+1) +0.6125<x31>[B] (+0) -0.6125<x32>[B] (+1) -0.6125<x33>[B] (+0) +0.6125<x34>[B] (+0) +0.6125<x35>[B] (+1) +0.6125<x36>[B] (+1) +0.6125<x37>[B] (+0) +0.6125<x38>[B] (+0) +0.6125<x39>[B] (+1) +0.6125<x40>[B] (+1) +0.6125<x41>[B] (+0) -0.6125<x42>[B] (+1) +0.6125<x43>[B] (+0) +0.6125<x44>[B] (+0) -0.6125<x45>[B] (+0) +0.6125<x46>[B] (+0) +0.6125<x47>[B] (-2.84217094e-14) +0.6125<x48>[B] (+1) +0.6125<x49>[B] (+0) +0.6125<x50>[B] (+0) +0.6125<x51>[B] (+0) +0.6125<x52>[B] (+0) +0.6125<x53>[B] (+0) +0.6125<x54>[B] (-2.84217094e-14) -0.6125<x55>[B] (+1) -0.6125<x56>[B] (+1) +0.6125<x57>[B] (+0) -0.6125<x58>[B] (+1) -0.6125<x59>[B] (+1) +0.6125<x60>[B] (+1) +0.6125<x61>[B] (+1) +0.6125<x62>[B] (+1) -0.6125<x63>[B] (+1) +0.6125<x64>[B] (+1) -0.6125<x65>[B] (+1) -0.6125<x66>[B] (+0) +0.6125<x67>[B] (+0) +0.6125<x68>[B] (+1) +0.6125<x69>[B] (+1) +0.6125<x70>[B] (+0) +0.6125<x71>[B] (+0) +0.6125<x72>[B] (+1) +0.6125<x73>[B] (+0) +0.6125<x74>[B] (+0) -0.6125<x75>[B] (+1) +0.6125<x76>[B] (+0) +0.6125<x77>[B] (+1) +0.6125<x78>[B] (+1) +0.6125<x79>[B] (+0) +0.6125<x80>[B] (+1) +0.6125<x81>[B] (+1) +0.6125<x82>[B] (+1) +0.6125<x83>[B] (+0) +0.6125<x84>[B] (+1) -0.6125<x85>[B] (+1) -0.6125<x86>[B] (+1) -0.6125<x87>[B] (+1) +0.6125<x88>[B] (+1) +0.6125<x89>[B] (+1) -0.6125<x90>[B] (+1) -0.6125<x91>[B] (+1) -0.6125<x92>[B] (+1) +0.6125<x93>[B] (+1) +0.6125<x94>[B] (+0) +0.6125<x95>[B] (+0) +0.6125<x96>[B] (+2.84217094e-14) +0.6125<x97>[B] (+0) +0.6125<x98>[B] (+0) -0.6125<x99>[B] (+1) +0.6125<x100>[B] (+0) +0.6125<x101>[B] (+0) +0.6125<x102>[B] (+0) -0.6125<x103>[B] (+0) +0.6125<x104>[B] (+0) -0.6125<x105>[B] (-2.84217094e-14) +0.6125<x106>[B] (+1) +0.6125<x107>[B] (+1) -0.6125<x108>[B] (+1) -0.6125<x109>[B] (+1) -0.6125<x110>[B] (+1) +0.6125<x111>[B] (+1) -0.6125<x112>[B] (+1) -0.6125<x113>[B] (+0) -0.6125<x114>[B] (+1) -0.6125<x115>[B] (+0) -0.6125<x116>[B] (+0) -0.6125<x117>[B] (+1) +0.6125<x118>[B] (+0) -0.6125<x119>[B] (+1) -0.6125<x120>[B] (+1) >= 25.8791666666667;
;
violation: left hand side is violated by 0.00833333333334352
  [linear] <c1461>: <x134>[C] (+22.8083333) +0.6125<x1>[B] (+0) +0.6125<x2>[B] (+1) -0.6125<x3>[B] (+1) +0.6125<x4>[B] (+1) +0.6125<x5>[B] (+1) -0.6125<x6>[B] (+1) +0.6125<x7>[B] (+0) +0.6125<x8>[B] (+1) +0.6125<x9>[B] (+1) +0.6125<x10>[B] (+0) +0.6125<x11>[B] (+0) +0.6125<x12>[B] (+1) +0.6125<x13>[B] (+1) +0.6125<x14>[B] (+1) +0.6125<x15>[B] (+1) -0.6125<x16>[B] (+1) -0.6125<x17>[B] (+1) +0.6125<x18>[B] (+1) -0.6125<x19>[B] (+1) -0.6125<x20>[B] (+1) +0.6125<x21>[B] (+0) -0.6125<x22>[B] (+1) +0.6125<x23>[B] (+1) +0.6125<x24>[B] (+1) +0.6125<x25>[B] (+1) +0.6125<x26>[B] (+1) +0.6125<x27>[B] (+1) +0.6125<x28>[B] (+1) -0.6125<x29>[B] (+1) -0.6125<x30>[B] (+1) +0.6125<x31>[B] (+1) -0.6125<x32>[B] (+1) -0.6125<x33>[B] (+1) +0.6125<x34>[B] (+0) +0.6125<x35>[B] (+1) +0.6125<x36>[B] (+1) +0.6125<x37>[B] (+0) +0.6125<x38>[B] (+0) +0.6125<x39>[B] (+1) +0.6125<x40>[B] (+1) +0.6125<x41>[B] (+0) -0.6125<x42>[B] (+1) +0.6125<x43>[B] (+0) +0.6125<x44>[B] (+0) -0.6125<x45>[B] (+1) +0.6125<x46>[B] (+0) +0.6125<x47>[B] (+1) +0.6125<x48>[B] (+1) +0.6125<x49>[B] (+0) +0.6125<x50>[B] (+0) +0.6125<x51>[B] (+1) +0.6125<x52>[B] (+0) +0.6125<x53>[B] (+0) +0.6125<x54>[B] (+1) -0.6125<x55>[B] (+1) -0.6125<x56>[B] (+1) +0.6125<x57>[B] (+0) -0.6125<x58>[B] (+1) -0.6125<x59>[B] (+1) +0.6125<x60>[B] (+0) +0.6125<x61>[B] (+0) +0.6125<x62>[B] (+1) -0.6125<x63>[B] (+0) +0.6125<x64>[B] (+0) -0.6125<x65>[B] (+1) -0.6125<x66>[B] (+1) +0.6125<x67>[B] (+0) +0.6125<x68>[B] (+1) +0.6125<x69>[B] (+1) +0.6125<x70>[B] (+0) +0.6125<x71>[B] (+0) +0.6125<x72>[B] (+1) +0.6125<x73>[B] (+0) +0.6125<x74>[B] (+0) -0.6125<x75>[B] (+1) +0.6125<x76>[B] (+0) +0.6125<x77>[B] (+1) +0.6125<x78>[B] (+1) +0.6125<x79>[B] (+0) +0.6125<x80>[B] (+0) +0.6125<x81>[B] (+1) +0.6125<x82>[B] (+0) +0.6125<x83>[B] (+0) +0.6125<x84>[B] (+1) -0.6125<x85>[B] (+1) -0.6125<x86>[B] (+1) -0.6125<x87>[B] (+1) +0.6125<x88>[B] (+1) +0.6125<x89>[B] (+1) -0.6125<x90>[B] (+1) -0.6125<x91>[B] (+1) -0.6125<x92>[B] (+1) +0.6125<x93>[B] (+1) +0.6125<x94>[B] (+0) +0.6125<x95>[B] (+0) +0.6125<x96>[B] (+0) +0.6125<x97>[B] (+0) +0.6125<x98>[B] (+0) -0.6125<x99>[B] (+0) +0.6125<x100>[B] (+0) +0.6125<x101>[B] (+0) +0.6125<x102>[B] (+0) -0.6125<x103>[B] (+0) +0.6125<x104>[B] (+0) -0.6125<x105>[B] (+0) +0.6125<x106>[B] (+1) +0.6125<x107>[B] (+1) -0.6125<x108>[B] (+1) -0.6125<x109>[B] (+1) -0.6125<x110>[B] (+1) +0.6125<x111>[B] (+1) -0.6125<x112>[B] (+1) -0.6125<x113>[B] (+1) -0.6125<x114>[B] (+1) -0.6125<x115>[B] (+0) -0.6125<x116>[B] (+0) -0.6125<x117>[B] (+0) +0.6125<x118>[B] (+0) -0.6125<x119>[B] (+1) -0.6125<x120>[B] (+1) >= 25.8791666666667;
;
violation: left hand side is violated by 0.00833333333333286
  [linear] <c1464>: <x141>[C] (+18.125) -0.5625<x1>[B] (+0) -0.5625<x2>[B] (+1) -0.5625<x3>[B] (+1) +0.5625<x4>[B] (+0) -0.5625<x5>[B] (+1) -0.5625<x6>[B] (+1) -0.5625<x7>[B] (+0) -0.5625<x8>[B] (+1) -0.5625<x9>[B] (+1) -0.5625<x10>[B] (+0) +0.5625<x11>[B] (+0) +0.5625<x12>[B] (+1) -0.5625<x13>[B] (+1) -0.5625<x14>[B] (+0) -0.5625<x15>[B] (+1) +0.5625<x16>[B] (+1) +0.5625<x17>[B] (+1) +0.5625<x18>[B] (+1) +0.5625<x19>[B] (+1) +0.5625<x20>[B] (+1) +0.5625<x21>[B] (+0) +0.5625<x22>[B] (+1) +0.5625<x23>[B] (+1) +0.5625<x24>[B] (+1) +0.5625<x25>[B] (+1) +0.5625<x26>[B] (+1) +0.5625<x27>[B] (+1) +0.5625<x28>[B] (+1) -0.5625<x29>[B] (+1) +0.5625<x30>[B] (+1) +0.5625<x31>[B] (+0) -0.5625<x32>[B] (+1) -0.5625<x33>[B] (+1) -0.5625<x34>[B] (+0) -0.5625<x35>[B] (+1) -0.5625<x36>[B] (+1) -0.5625<x37>[B] (+0) +0.5625<x38>[B] (+0) +0.5625<x39>[B] (+1) +0.5625<x40>[B] (+1) -0.5625<x41>[B] (+0) -0.5625<x42>[B] (+1) +0.5625<x43>[B] (+0) -0.5625<x44>[B] (+0) -0.5625<x45>[B] (+0) -0.5625<x46>[B] (+0) -0.5625<x47>[B] (+1) -0.5625<x48>[B] (+1) -0.5625<x49>[B] (+0) +0.5625<x50>[B] (+0) +0.5625<x51>[B] (+0) -0.5625<x52>[B] (+0) -0.5625<x53>[B] (+0) -0.5625<x54>[B] (+1) -0.5625<x55>[B] (+1) -0.5625<x56>[B] (+1) -0.5625<x57>[B] (+0) -0.5625<x58>[B] (+1) -0.5625<x59>[B] (+1) -0.5625<x60>[B] (+1) +0.5625<x61>[B] (+1) +0.5625<x62>[B] (+1) -0.5625<x63>[B] (+1) -0.5625<x64>[B] (+1) -0.5625<x65>[B] (+1) -0.5625<x66>[B] (+1) -0.5625<x67>[B] (+0) -0.5625<x68>[B] (+1) +0.5625<x69>[B] (+1) +0.5625<x70>[B] (+0) +0.5625<x71>[B] (+0) +0.5625<x72>[B] (+1) +0.5625<x73>[B] (+0) +0.5625<x74>[B] (+0) -0.5625<x75>[B] (+1) +0.5625<x76>[B] (+0) -0.5625<x77>[B] (+1) +0.5625<x78>[B] (+1) +0.5625<x79>[B] (+0) +0.5625<x80>[B] (+0) +0.5625<x81>[B] (+1) +0.5625<x82>[B] (+0) +0.5625<x83>[B] (+0) -0.5625<x84>[B] (+1) -0.5625<x85>[B] (+1) +0.5625<x86>[B] (+1) +0.5625<x87>[B] (+1) +0.5625<x88>[B] (+1) +0.5625<x89>[B] (+1) +0.5625<x90>[B] (+1) +0.5625<x91>[B] (+1) -0.5625<x92>[B] (+1) +0.5625<x93>[B] (+1) +0.5625<x94>[B] (+0) +0.5625<x95>[B] (+0) +0.5625<x96>[B] (+0) +0.5625<x97>[B] (+0) +0.5625<x98>[B] (+0) -0.5625<x99>[B] (+1) -0.5625<x100>[B] (+0) +0.5625<x101>[B] (+0) +0.5625<x102>[B] (+0) +0.5625<x103>[B] (+0) +0.5625<x104>[B] (+0) -0.5625<x105>[B] (+0) +0.5625<x106>[B] (+1) +0.5625<x107>[B] (+1) +0.5625<x108>[B] (+1) +0.5625<x109>[B] (+1) -0.5625<x110>[B] (+1) -0.5625<x111>[B] (+1) -0.5625<x112>[B] (+1) -0.5625<x113>[B] (+0) -0.5625<x114>[B] (+1) -0.5625<x115>[B] (+0) -0.5625<x116>[B] (+0) -0.5625<x117>[B] (+1) -0.5625<x118>[B] (+0) -0.5625<x119>[B] (+1) -0.5625<x120>[B] (+1) >= 14.2041666666667;
;
violation: left hand side is violated by 0.0166666666666657
  [linear] <c1456>: <x124>[C] (+24.6958333) +0.645833333<x1>[B] (+0) +0.645833333<x2>[B] (+1) +0.645833333<x3>[B] (+1) +0.645833333<x4>[B] (+0) +0.645833333<x5>[B] (+1) +0.645833333<x6>[B] (+1) +0.645833333<x7>[B] (+0) -0.645833333<x8>[B] (+1) +0.645833333<x9>[B] (+1) +0.645833333<x10>[B] (+0) +0.645833333<x11>[B] (+0) +0.645833333<x12>[B] (+1) +0.645833333<x13>[B] (+1) +0.645833333<x14>[B] (+1) +0.645833333<x15>[B] (+1) -0.645833333<x16>[B] (+1) -0.645833333<x17>[B] (+1) -0.645833333<x18>[B] (+1) -0.645833333<x19>[B] (+1) -0.645833333<x20>[B] (+1) -0.645833333<x21>[B] (+0) -0.645833333<x22>[B] (+1) -0.645833333<x23>[B] (+1) -0.645833333<x24>[B] (+1) -0.645833333<x25>[B] (+1) -0.645833333<x26>[B] (+1) -0.645833333<x27>[B] (+1) -0.645833333<x28>[B] (+1) -0.645833333<x29>[B] (+1) +0.645833333<x30>[B] (+1) -0.645833333<x31>[B] (+0) -0.645833333<x32>[B] (+0) +0.645833333<x33>[B] (+1) -0.645833333<x34>[B] (+0) -0.645833333<x35>[B] (+1) -0.645833333<x36>[B] (+1) +0.645833333<x37>[B] (+0) -0.645833333<x38>[B] (+0) -0.645833333<x39>[B] (+1) -0.645833333<x40>[B] (+0) +0.645833333<x41>[B] (+0) -0.645833333<x42>[B] (+1) -0.645833333<x43>[B] (+0) -0.645833333<x44>[B] (+0) -0.645833333<x45>[B] (+1) -0.645833333<x46>[B] (+0) -0.645833333<x47>[B] (+1) -0.645833333<x48>[B] (+1) -0.645833333<x49>[B] (+0) -0.645833333<x50>[B] (+0) -0.645833333<x51>[B] (+1) -0.645833333<x52>[B] (+0) +0.645833333<x53>[B] (+0) -0.645833333<x54>[B] (+1) -0.645833333<x55>[B] (+1) +0.645833333<x56>[B] (+1) -0.645833333<x57>[B] (+0) -0.645833333<x58>[B] (+1) -0.645833333<x59>[B] (+1) +0.645833333<x60>[B] (+1) -0.645833333<x61>[B] (+1) -0.645833333<x62>[B] (+1) -0.645833333<x63>[B] (+1) +0.645833333<x64>[B] (+1) -0.645833333<x65>[B] (+1) +0.645833333<x66>[B] (+1) +0.645833333<x67>[B] (+0) -0.645833333<x68>[B] (+1) -0.645833333<x69>[B] (+1) +0.645833333<x70>[B] (+0) +0.645833333<x71>[B] (+0) -0.645833333<x72>[B] (+1) +0.645833333<x73>[B] (+0) +0.645833333<x74>[B] (+1) +0.645833333<x75>[B] (+1) -0.645833333<x76>[B] (+0) -0.645833333<x77>[B] (+1) -0.645833333<x78>[B] (+1) +0.645833333<x79>[B] (+0) -0.645833333<x80>[B] (+0) -0.645833333<x81>[B] (+1) -0.645833333<x82>[B] (+0) +0.645833333<x83>[B] (+0) -0.645833333<x84>[B] (+1) -0.645833333<x85>[B] (+1) -0.645833333<x86>[B] (+1) +0.645833333<x87>[B] (+1) +0.645833333<x88>[B] (+1) -0.645833333<x89>[B] (+1) -0.645833333<x90>[B] (+1) +0.645833333<x91>[B] (+1) -0.645833333<x92>[B] (+1) +0.645833333<x93>[B] (+1) +0.645833333<x94>[B] (+0) +0.645833333<x95>[B] (+0) +0.645833333<x96>[B] (+1) +0.645833333<x97>[B] (+0) +0.645833333<x98>[B] (+0) +0.645833333<x99>[B] (+1) +0.645833333<x100>[B] (+0) +0.645833333<x101>[B] (+0) +0.645833333<x102>[B] (+0) +0.645833333<x103>[B] (+0) +0.645833333<x104>[B] (+0) +0.645833333<x105>[B] (+0) -0.645833333<x106>[B] (+1) -0.645833333<x107>[B] (+1) -0.645833333<x108>[B] (+1) +0.645833333<x109>[B] (+1) -0.645833333<x110>[B] (+1) -0.645833333<x111>[B] (+1) -0.645833333<x112>[B] (+1) +0.645833333<x113>[B] (+1) -0.645833333<x114>[B] (+1) +0.645833333<x115>[B] (+0) +0.645833333<x116>[B] (+0) +0.645833333<x117>[B] (+1) +0.645833333<x118>[B] (+1) -0.645833333<x119>[B] (+1) -0.645833333<x120>[B] (+1) >= 9.20416666666667;
;
violation: left hand side is violated by 0.00833333333333819
  [linear] <c1459>: <x129>[C] (+25.3416667) -0.645833333<x1>[B] (+0) -0.645833333<x2>[B] (+1) -0.645833333<x3>[B] (+1) -0.645833333<x4>[B] (+0) -0.645833333<x5>[B] (+1) -0.645833333<x6>[B] (+0) -0.645833333<x7>[B] (+0) -0.645833333<x8>[B] (+1) -0.645833333<x9>[B] (+1) -0.645833333<x10>[B] (+0) -0.645833333<x11>[B] (+0) -0.645833333<x12>[B] (+1) -0.645833333<x13>[B] (+1) -0.645833333<x14>[B] (+0) -0.645833333<x15>[B] (+1) -0.645833333<x16>[B] (+1) +0.645833333<x17>[B] (+1) -0.645833333<x18>[B] (+1) -0.645833333<x19>[B] (+1) -0.645833333<x20>[B] (+1) +0.645833333<x21>[B] (+0) -0.645833333<x22>[B] (+1) -0.645833333<x23>[B] (+1) +0.645833333<x24>[B] (+1) -0.645833333<x25>[B] (+1) -0.645833333<x26>[B] (+1) -0.645833333<x27>[B] (+1) -0.645833333<x28>[B] (+1) -0.645833333<x29>[B] (+1) +0.645833333<x30>[B] (+1) +0.645833333<x31>[B] (+0) -0.645833333<x32>[B] (+1) +0.645833333<x33>[B] (+0) +0.645833333<x34>[B] (+0) -0.645833333<x35>[B] (+1) +0.645833333<x36>[B] (+1) +0.645833333<x37>[B] (+0) -0.645833333<x38>[B] (+0) -0.645833333<x39>[B] (+1) +0.645833333<x40>[B] (+1) +0.645833333<x41>[B] (+0) +0.645833333<x42>[B] (+1) -0.645833333<x43>[B] (+0) -0.645833333<x44>[B] (+0) -0.645833333<x45>[B] (+0) +0.645833333<x46>[B] (+0) -0.645833333<x47>[B] (+1) -0.645833333<x48>[B] (+1) +0.645833333<x49>[B] (+0) -0.645833333<x50>[B] (+0) -0.645833333<x51>[B] (+0) -0.645833333<x52>[B] (+0) -0.645833333<x53>[B] (+0) -0.645833333<x54>[B] (+1) -0.645833333<x55>[B] (+1) +0.645833333<x56>[B] (+1) +0.645833333<x57>[B] (+0) -0.645833333<x58>[B] (+1) +0.645833333<x59>[B] (+1) +0.645833333<x60>[B] (+0) -0.645833333<x61>[B] (+1) -0.645833333<x62>[B] (+1) +0.645833333<x63>[B] (+1) +0.645833333<x64>[B] (+1) +0.645833333<x65>[B] (+1) +0.645833333<x66>[B] (+0) +0.645833333<x67>[B] (+0) +0.645833333<x68>[B] (+1) +0.645833333<x69>[B] (+1) +0.645833333<x70>[B] (+0) +0.645833333<x71>[B] (+0) +0.645833333<x72>[B] (+1) +0.645833333<x73>[B] (+0) +0.645833333<x74>[B] (+0) +0.645833333<x75>[B] (+1) +0.645833333<x76>[B] (+0) -0.645833333<x77>[B] (+1) -0.645833333<x78>[B] (+1) +0.645833333<x79>[B] (+0) -0.645833333<x80>[B] (+1) -0.645833333<x81>[B] (+1) +0.645833333<x82>[B] (+1) -0.645833333<x83>[B] (+0) -0.645833333<x84>[B] (+1) -0.645833333<x85>[B] (+1) -0.645833333<x86>[B] (+1) -0.645833333<x87>[B] (+1) -0.645833333<x88>[B] (+1) -0.645833333<x89>[B] (+1) -0.645833333<x90>[B] (+1) -0.645833333<x91>[B] (+1) -0.645833333<x92>[B] (+1) +0.645833333<x93>[B] (+1) +0.645833333<x94>[B] (+0) +0.645833333<x95>[B] (+0) +0.645833333<x96>[B] (+0) +0.645833333<x97>[B] (+0) +0.645833333<x98>[B] (+0) +0.645833333<x99>[B] (+1) +0.645833333<x100>[B] (+0) -0.645833333<x101>[B] (+0) -0.645833333<x102>[B] (+0) +0.645833333<x103>[B] (+0) -0.645833333<x104>[B] (+0) -0.645833333<x105>[B] (+0) -0.645833333<x106>[B] (+1) -0.645833333<x107>[B] (+1) -0.645833333<x108>[B] (+1) -0.645833333<x109>[B] (+1) -0.645833333<x110>[B] (+1) -0.645833333<x111>[B] (+1) +0.645833333<x112>[B] (+1) +0.645833333<x113>[B] (+0) +0.645833333<x114>[B] (+1) +0.645833333<x115>[B] (+0) +0.645833333<x116>[B] (+0) +0.645833333<x117>[B] (+1) -0.645833333<x118>[B] (+0) -0.645833333<x119>[B] (+1) -0.645833333<x120>[B] (+1) >= 6.62083333333334;
;
violation: left hand side is violated by 0.00833333333332487
  [linear] <c1472>: <x156>[C] (+15.4791667) +0.495833333<x1>[B] (+0) +0.495833333<x2>[B] (+0) +0.495833333<x3>[B] (+1) +0.495833333<x4>[B] (+0) +0.495833333<x5>[B] (+0) +0.495833333<x6>[B] (+0) +0.495833333<x7>[B] (+0) +0.495833333<x8>[B] (+1) +0.495833333<x9>[B] (+1) +0.495833333<x10>[B] (+0) +0.495833333<x11>[B] (+0) +0.495833333<x12>[B] (+1) +0.495833333<x13>[B] (+0) +0.495833333<x14>[B] (+0) +0.495833333<x15>[B] (+1) -0.495833333<x16>[B] (+0) -0.495833333<x17>[B] (+1) -0.495833333<x18>[B] (+1) -0.495833333<x19>[B] (+1) -0.495833333<x20>[B] (+0) -0.495833333<x21>[B] (+0) -0.495833333<x22>[B] (+1) -0.495833333<x23>[B] (+1) -0.495833333<x24>[B] (+0) -0.495833333<x25>[B] (+1) -0.495833333<x26>[B] (+1) -0.495833333<x27>[B] (+1) -0.495833333<x28>[B] (+1) -0.495833333<x29>[B] (+1) -0.495833333<x30>[B] (+1) -0.495833333<x31>[B] (+1) +0.495833333<x32>[B] (+1) -0.495833333<x33>[B] (+0) -0.495833333<x34>[B] (+0) -0.495833333<x35>[B] (+1) -0.495833333<x36>[B] (+1) +0.495833333<x37>[B] (+1) -0.495833333<x38>[B] (+1) +0.495833333<x39>[B] (+1) -0.495833333<x40>[B] (+1) +0.495833333<x41>[B] (+1) +0.495833333<x42>[B] (+1) -0.495833333<x43>[B] (+0) +0.495833333<x44>[B] (+0) -0.495833333<x45>[B] (+0) -0.495833333<x46>[B] (+0) +0.495833333<x47>[B] (+0) -0.495833333<x48>[B] (+1) +0.495833333<x49>[B] (+0) -0.495833333<x50>[B] (+0) +0.495833333<x51>[B] (+0) +0.495833333<x52>[B] (+0) +0.495833333<x53>[B] (+0) +0.495833333<x54>[B] (+1) +0.495833333<x55>[B] (+1) -0.495833333<x56>[B] (+0) -0.495833333<x57>[B] (+0) +0.495833333<x58>[B] (+1) -0.495833333<x59>[B] (+1) +0.495833333<x60>[B] (+0) -0.495833333<x61>[B] (+1) +0.495833333<x62>[B] (+1) +0.495833333<x63>[B] (+1) +0.495833333<x64>[B] (+1) +0.495833333<x65>[B] (+1) -0.495833333<x66>[B] (+0) -0.495833333<x67>[B] (+0) -0.495833333<x68>[B] (+1) -0.495833333<x69>[B] (+1) -0.495833333<x70>[B] (+0) -0.495833333<x71>[B] (+1) +0.495833333<x72>[B] (+1) -0.495833333<x73>[B] (+1) -0.495833333<x74>[B] (+0) -0.495833333<x75>[B] (+1) -0.495833333<x76>[B] (+0) +0.495833333<x77>[B] (+1) -0.495833333<x78>[B] (+1) +0.495833333<x79>[B] (+1) -0.495833333<x80>[B] (+1) +0.495833333<x81>[B] (+1) +0.495833333<x82>[B] (+1) +0.495833333<x83>[B] (+1) +0.495833333<x84>[B] (+1) +0.495833333<x85>[B] (+1) -0.495833333<x86>[B] (+1) +0.495833333<x87>[B] (+1) -0.495833333<x88>[B] (+1) +0.495833333<x89>[B] (+1) +0.495833333<x90>[B] (+1) +0.495833333<x91>[B] (+1) +0.495833333<x92>[B] (+1) -0.495833333<x93>[B] (+1) +0.495833333<x94>[B] (+0) -0.495833333<x95>[B] (+0) +0.495833333<x96>[B] (+1) +0.495833333<x97>[B] (+0) +0.495833333<x98>[B] (+0) +0.495833333<x99>[B] (+1) +0.495833333<x100>[B] (+0) -0.495833333<x101>[B] (+0) +0.495833333<x102>[B] (+0) +0.495833333<x103>[B] (+0) +0.495833333<x104>[B] (+0) +0.495833333<x105>[B] (+1) -0.495833333<x106>[B] (+1) +0.495833333<x107>[B] (+1) -0.495833333<x108>[B] (+1) -0.495833333<x109>[B] (+1) -0.495833333<x110>[B] (+1) +0.495833333<x111>[B] (+1) +0.495833333<x112>[B] (+0) +0.495833333<x113>[B] (+0) +0.495833333<x114>[B] (+1) -0.495833333<x115>[B] (+0) -0.495833333<x116>[B] (+0) -0.495833333<x117>[B] (+1) +0.495833333<x118>[B] (+0) +0.495833333<x119>[B] (+1) +0.495833333<x120>[B] (+1) >= 17.4791666666667;
;
violation: left hand side is violated by 0.0166666666666586
2/10 feasible solutions given by solution candidate storage, new primal bound -9.176198e+02

presolving:
   (0.0s) symmetry computation started: requiring (bin +, int +, cont +), (fixed: bin -, int -, cont -)
   (0.0s) no symmetry present (symcode time: 0.00)
presolving (0 rounds: 0 fast, 0 medium, 0 exhaustive):
 0 deleted vars, 0 deleted constraints, 0 added constraints, 0 tightened bounds, 0 added holes, 0 changed sides, 0 changed coefficients
 0 implications, 0 cliques, 0 implied integral variables (0 bin, 0 int, 0 cont)
presolved problem has 190 variables (120 bin, 0 int, 70 cont) and 1484 constraints
   1484 constraints of type <linear>
Presolving Time: 0.02
transformed 3/3 original solutions to the transformed problem space

 time | node  | left  |LP iter|LP it/n|mem/heur|mdpt |vars |cons |rows |cuts |sepa|confs|strbr|  dualbound   | primalbound  |  gap   | compl. 
  0.1s|     1 |     0 |   957 |     - |    84M |   0 | 190 |1484 |1484 |   0 |  0 |   0 |   0 |-8.489275e+02 |-9.176198e+02 |   8.09%| unknown
  0.2s|     1 |     0 |  1033 |     - |    84M |   0 | 190 |1484 |1488 |   4 |  1 |   0 |   0 |-8.490559e+02 |-9.176198e+02 |   8.08%| unknown
  0.4s|     1 |     0 |  1100 |     - |    84M |   0 | 190 |1484 |1493 |   9 |  2 |   0 |   0 |-8.491406e+02 |-9.176198e+02 |   8.06%| unknown
  0.4s|     1 |     0 |  1159 |     - |    84M |   0 | 190 |1484 |1496 |  12 |  3 |   0 |   0 |-8.492428e+02 |-9.176198e+02 |   8.05%| unknown
  0.6s|     1 |     0 |  1184 |     - |    84M |   0 | 190 |1484 |1498 |  14 |  4 |   0 |   0 |-8.492571e+02 |-9.176198e+02 |   8.05%| unknown
  0.7s|     1 |     0 |  1203 |     - |    84M |   0 | 190 |1484 |1500 |  16 |  5 |   0 |   0 |-8.492662e+02 |-9.176198e+02 |   8.05%| unknown
  0.7s|     1 |     0 |  1268 |     - |    85M |   0 | 190 |1484 |1504 |  20 |  6 |   0 |   0 |-8.492895e+02 |-9.176198e+02 |   8.05%| unknown
  0.9s|     1 |     0 |  1319 |     - |    85M |   0 | 190 |1484 |1507 |  23 |  7 |   0 |   0 |-8.493093e+02 |-9.176198e+02 |   8.04%| unknown
  1.0s|     1 |     0 |  1372 |     - |    85M |   0 | 190 |1485 |1512 |  28 |  8 |   1 |   0 |-8.493246e+02 |-9.176198e+02 |   8.04%| unknown
  1.1s|     1 |     0 |  1398 |     - |    85M |   0 | 190 |1485 |1516 |  32 |  9 |   1 |   0 |-8.493379e+02 |-9.176198e+02 |   8.04%| unknown
  1.2s|     1 |     0 |  1433 |     - |    85M |   0 | 190 |1485 |1518 |  34 | 10 |   1 |   0 |-8.493521e+02 |-9.176198e+02 |   8.04%| unknown
  1.3s|     1 |     0 |  1466 |     - |    85M |   0 | 190 |1485 |1521 |  37 | 11 |   1 |   0 |-8.493593e+02 |-9.176198e+02 |   8.04%| unknown
  1.3s|     1 |     0 |  1476 |     - |    86M |   0 | 190 |1485 |1524 |  40 | 12 |   1 |   0 |-8.493620e+02 |-9.176198e+02 |   8.04%| unknown
  1.3s|     1 |     0 |  1506 |     - |    86M |   0 | 190 |1485 |1526 |  42 | 13 |   1 |   0 |-8.493712e+02 |-9.176198e+02 |   8.04%| unknown
r 1.4s|     1 |     0 |  1666 |     - |intshift|   0 | 190 |1486 |1526 |  42 | 13 |   2 |   0 |-8.493712e+02 |-8.817417e+02 |   3.81%| unknown
 time | node  | left  |LP iter|LP it/n|mem/heur|mdpt |vars |cons |rows |cuts |sepa|confs|strbr|  dualbound   | primalbound  |  gap   | compl. 
d 1.4s|     1 |     0 |  2464 |     - |farkasdi|   0 | 190 |1486 |1526 |   0 | 13 |   2 |   0 |-8.493712e+02 |-8.546833e+02 |   0.63%| unknown
  1.5s|     1 |     0 |  2890 |     - |    86M |   0 | 190 |1492 |1526 |  42 | 13 |   8 |   0 |-8.493712e+02 |-8.546833e+02 |   0.63%| unknown
  1.5s|     1 |     0 |  2906 |     - |    86M |   0 | 190 |1492 |1529 |  45 | 14 |   8 |   0 |-8.493742e+02 |-8.546833e+02 |   0.63%| unknown
  1.5s|     1 |     0 |  2942 |     - |    86M |   0 | 190 |1492 |1533 |  49 | 15 |   8 |   0 |-8.493795e+02 |-8.546833e+02 |   0.62%| unknown
  2.1s|     1 |     2 |  2942 |     - |    86M |   0 | 190 |1492 |1533 |  49 | 15 |   8 |  19 |-8.501664e+02 |-8.546833e+02 |   0.53%| unknown

SCIP Status        : problem is solved [optimal solution found]
Solving Time (sec) : 4.63
Solving Nodes      : 33
Primal Bound       : -8.54683333333333e+02 (30 solutions)
Dual Bound         : -8.54683333333333e+02
Gap                : 0.00 %
  [linear] <c1485>: <x121>[C] (+16.0083333) +0.5125<x1>[B] (+0) +0.5125<x2>[B] (+1) +0.5125<x3>[B] (+1) +0.5125<x4>[B] (+0) +0.5125<x5>[B] (+1) +0.5125<x6>[B] (+1) +0.5125<x7>[B] (+0) +0.5125<x8>[B] (+1) +0.5125<x9>[B] (+1) +0.5125<x10>[B] (+0) +0.5125<x11>[B] (+0) +0.5125<x12>[B] (+1) +0.5125<x13>[B] (+1) +0.5125<x14>[B] (+0) +0.5125<x15>[B] (+1) +0.5125<x16>[B] (+1) +0.5125<x17>[B] (+1) +0.5125<x18>[B] (+1) +0.5125<x19>[B] (+1) +0.5125<x20>[B] (+1) +0.5125<x21>[B] (+0) +0.5125<x22>[B] (+1) +0.5125<x23>[B] (+1) -0.5125<x24>[B] (+1) +0.5125<x25>[B] (+1) +0.5125<x26>[B] (+1) +0.5125<x27>[B] (+1) +0.5125<x28>[B] (+1) -0.5125<x29>[B] (+1) +0.5125<x30>[B] (+1) -0.5125<x31>[B] (+0) -0.5125<x32>[B] (+1) -0.5125<x33>[B] (+1) -0.5125<x34>[B] (+0) -0.5125<x35>[B] (+1) -0.5125<x36>[B] (+1) -0.5125<x37>[B] (+0) +0.5125<x38>[B] (+0) +0.5125<x39>[B] (+1) +0.5125<x40>[B] (+1) +0.5125<x41>[B] (+0) -0.5125<x42>[B] (+1) -0.5125<x43>[B] (+0) -0.5125<x44>[B] (+0) -0.5125<x45>[B] (+1) -0.5125<x46>[B] (+0) -0.5125<x47>[B] (+1) -0.5125<x48>[B] (+1) -0.5125<x49>[B] (+0) -0.5125<x50>[B] (+0) -0.5125<x51>[B] (+1) +0.5125<x52>[B] (+0) +0.5125<x53>[B] (+0) -0.5125<x54>[B] (+1) -0.5125<x55>[B] (+1) -0.5125<x56>[B] (+1) -0.5125<x57>[B] (+0) -0.5125<x58>[B] (+1) -0.5125<x59>[B] (+1) -0.5125<x60>[B] (+0) +0.5125<x61>[B] (+1) +0.5125<x62>[B] (+1) +0.5125<x63>[B] (+1) +0.5125<x64>[B] (+0) -0.5125<x65>[B] (+1) -0.5125<x66>[B] (+1) -0.5125<x67>[B] (+0) -0.5125<x68>[B] (+1) -0.5125<x69>[B] (+1) -0.5125<x70>[B] (+0) +0.5125<x71>[B] (+0) +0.5125<x72>[B] (+1) +0.5125<x73>[B] (+0) +0.5125<x74>[B] (+0) -0.5125<x75>[B] (+1) -0.5125<x76>[B] (+0) +0.5125<x77>[B] (+1) -0.5125<x78>[B] (+1) -0.5125<x79>[B] (+0) +0.5125<x80>[B] (+0) +0.5125<x81>[B] (+1) +0.5125<x82>[B] (+0) +0.5125<x83>[B] (+0) -0.5125<x84>[B] (+1) +0.5125<x85>[B] (+1) -0.5125<x86>[B] (+1) -0.5125<x87>[B] (+1) +0.5125<x88>[B] (+1) +0.5125<x89>[B] (+1) +0.5125<x90>[B] (+1) +0.5125<x91>[B] (+1) -0.5125<x92>[B] (+1) -0.5125<x93>[B] (+1) -0.5125<x94>[B] (+0) +0.5125<x95>[B] (+0) +0.5125<x96>[B] (+0) +0.5125<x97>[B] (+0) +0.5125<x98>[B] (+0) -0.5125<x99>[B] (+1) -0.5125<x100>[B] (+0) +0.5125<x101>[B] (+0) +0.5125<x102>[B] (+0) +0.5125<x103>[B] (+0) +0.5125<x104>[B] (+0) -0.5125<x105>[B] (+0) +0.5125<x106>[B] (+1) +0.5125<x107>[B] (+1) +0.5125<x108>[B] (+1) +0.5125<x109>[B] (+1) +0.5125<x110>[B] (+1) -0.5125<x111>[B] (+1) +0.5125<x112>[B] (+1) +0.5125<x113>[B] (+0) -0.5125<x114>[B] (+1) +0.5125<x115>[B] (+0) +0.5125<x116>[B] (+0) -0.5125<x117>[B] (+1) -0.5125<x118>[B] (+0) -0.5125<x119>[B] (+1) -0.5125<x120>[B] (+1) >= 19.6041666666667;
;
violation: left hand side is violated by 0.00833333333329733
  [linear] <c1502>: <x167>[C] (+19.2416667) +0.5625<x1>[B] (+0) +0.5625<x2>[B] (+0) +0.5625<x3>[B] (+0) +0.5625<x4>[B] (+0) +0.5625<x5>[B] (+0) +0.5625<x6>[B] (+0) +0.5625<x7>[B] (+0) +0.5625<x8>[B] (+1) +0.5625<x9>[B] (+1) +0.5625<x10>[B] (+0) +0.5625<x11>[B] (+0) +0.5625<x12>[B] (+0) +0.5625<x13>[B] (+0) +0.5625<x14>[B] (+0) -0.5625<x15>[B] (+1) +0.5625<x16>[B] (+1) +0.5625<x17>[B] (+1) +0.5625<x18>[B] (+1) +0.5625<x19>[B] (+1) -0.5625<x20>[B] (+0) -0.5625<x21>[B] (+0) -0.5625<x22>[B] (+1) -0.5625<x23>[B] (+1) -0.5625<x24>[B] (+0) +0.5625<x25>[B] (+1) -0.5625<x26>[B] (+1) -0.5625<x27>[B] (+0) -0.5625<x28>[B] (+1) -0.5625<x29>[B] (+1) +0.5625<x30>[B] (+1) +0.5625<x31>[B] (+0) +0.5625<x32>[B] (+0) -0.5625<x33>[B] (+0) -0.5625<x34>[B] (+0) -0.5625<x35>[B] (+1) -0.5625<x36>[B] (+1) -0.5625<x37>[B] (+0) +0.5625<x38>[B] (+1) -0.5625<x39>[B] (+1) -0.5625<x40>[B] (+0) -0.5625<x41>[B] (+1) -0.5625<x42>[B] (+1) +0.5625<x43>[B] (+0) +0.5625<x44>[B] (+0) -0.5625<x45>[B] (+0) -0.5625<x46>[B] (+0) -0.5625<x47>[B] (+1) -0.5625<x48>[B] (+1) -0.5625<x49>[B] (+0) +0.5625<x50>[B] (+0) -0.5625<x51>[B] (+0) -0.5625<x52>[B] (+0) -0.5625<x53>[B] (+1) -0.5625<x54>[B] (+1) -0.5625<x55>[B] (+1) -0.5625<x56>[B] (+0) -0.5625<x57>[B] (+0) -0.5625<x58>[B] (+1) -0.5625<x59>[B] (+1) -0.5625<x60>[B] (+0) -0.5625<x61>[B] (+1) -0.5625<x62>[B] (+1) -0.5625<x63>[B] (+0) -0.5625<x64>[B] (+1) -0.5625<x65>[B] (+1) -0.5625<x66>[B] (+0) -0.5625<x67>[B] (+0) -0.5625<x68>[B] (+1) -0.5625<x69>[B] (+1) -0.5625<x70>[B] (+0) +0.5625<x71>[B] (+1) -0.5625<x72>[B] (+1) -0.5625<x73>[B] (+0) -0.5625<x74>[B] (+1) -0.5625<x75>[B] (+1) -0.5625<x76>[B] (+0) -0.5625<x77>[B] (+1) +0.5625<x78>[B] (+1) +0.5625<x79>[B] (+1) +0.5625<x80>[B] (+1) +0.5625<x81>[B] (+1) -0.5625<x82>[B] (+1) -0.5625<x83>[B] (+1) -0.5625<x84>[B] (+1) +0.5625<x85>[B] (+1) +0.5625<x86>[B] (+1) +0.5625<x87>[B] (+1) +0.5625<x88>[B] (+1) +0.5625<x89>[B] (+1) +0.5625<x90>[B] (+1) +0.5625<x91>[B] (+1) -0.5625<x92>[B] (+1) +0.5625<x93>[B] (+0) +0.5625<x94>[B] (+0) +0.5625<x95>[B] (+0) +0.5625<x96>[B] (+0) +0.5625<x97>[B] (+0) +0.5625<x98>[B] (+0) -0.5625<x99>[B] (+0) -0.5625<x100>[B] (+0) +0.5625<x101>[B] (+0) -0.5625<x102>[B] (+0) -0.5625<x103>[B] (+0) -0.5625<x104>[B] (+0) -0.5625<x105>[B] (+1) +0.5625<x106>[B] (+1) -0.5625<x107>[B] (+1) -0.5625<x108>[B] (+1) -0.5625<x109>[B] (+1) -0.5625<x110>[B] (+1) -0.5625<x111>[B] (+1) -0.5625<x112>[B] (+0) -0.5625<x113>[B] (+1) -0.5625<x114>[B] (+1) -0.5625<x115>[B] (+0) -0.5625<x116>[B] (+1) -0.5625<x117>[B] (+1) +0.5625<x118>[B] (+1) -0.5625<x119>[B] (+1) -0.5625<x120>[B] (+1) >= 7.45416666666667;
;
violation: left hand side is violated by 0.0250000000000092
  [linear] <c1490>: <x134>[C] (+25.325) +0.645833333<x1>[B] (+0) +0.645833333<x2>[B] (+1) -0.645833333<x3>[B] (+1) +0.645833333<x4>[B] (+0) +0.645833333<x5>[B] (+1) -0.645833333<x6>[B] (+1) +0.645833333<x7>[B] (+0) +0.645833333<x8>[B] (+1) +0.645833333<x9>[B] (+1) +0.645833333<x10>[B] (+0) +0.645833333<x11>[B] (+0) +0.645833333<x12>[B] (+1) +0.645833333<x13>[B] (+1) +0.645833333<x14>[B] (+0) +0.645833333<x15>[B] (+1) -0.645833333<x16>[B] (+1) -0.645833333<x17>[B] (+1) +0.645833333<x18>[B] (+1) -0.645833333<x19>[B] (+1) -0.645833333<x20>[B] (+1) +0.645833333<x21>[B] (+0) -0.645833333<x22>[B] (+1) +0.645833333<x23>[B] (+1) +0.645833333<x24>[B] (+1) +0.645833333<x25>[B] (+1) +0.645833333<x26>[B] (+1) +0.645833333<x27>[B] (+1) +0.645833333<x28>[B] (+1) -0.645833333<x29>[B] (+1) -0.645833333<x30>[B] (+1) +0.645833333<x31>[B] (+0) -0.645833333<x32>[B] (+1) -0.645833333<x33>[B] (+1) +0.645833333<x34>[B] (+0) +0.645833333<x35>[B] (+1) +0.645833333<x36>[B] (+1) +0.645833333<x37>[B] (+0) +0.645833333<x38>[B] (+0) +0.645833333<x39>[B] (+1) +0.645833333<x40>[B] (+1) +0.645833333<x41>[B] (+0) -0.645833333<x42>[B] (+1) +0.645833333<x43>[B] (+0) +0.645833333<x44>[B] (+0) -0.645833333<x45>[B] (+0) +0.645833333<x46>[B] (+0) +0.645833333<x47>[B] (+0) +0.645833333<x48>[B] (+1) +0.645833333<x49>[B] (+0) +0.645833333<x50>[B] (+0) +0.645833333<x51>[B] (+1) +0.645833333<x52>[B] (+0) +0.645833333<x53>[B] (+0) +0.645833333<x54>[B] (+0) -0.645833333<x55>[B] (+1) -0.645833333<x56>[B] (+1) +0.645833333<x57>[B] (+0) -0.645833333<x58>[B] (+1) -0.645833333<x59>[B] (+1) +0.645833333<x60>[B] (+0) +0.645833333<x61>[B] (+0) +0.645833333<x62>[B] (+1) -0.645833333<x63>[B] (+1) +0.645833333<x64>[B] (+0) -0.645833333<x65>[B] (+1) -0.645833333<x66>[B] (+1) +0.645833333<x67>[B] (+0) +0.645833333<x68>[B] (+1) +0.645833333<x69>[B] (+1) +0.645833333<x70>[B] (+0) +0.645833333<x71>[B] (+0) +0.645833333<x72>[B] (+1) +0.645833333<x73>[B] (+0) +0.645833333<x74>[B] (+0) -0.645833333<x75>[B] (+1) +0.645833333<x76>[B] (+0) +0.645833333<x77>[B] (+1) +0.645833333<x78>[B] (+1) +0.645833333<x79>[B] (+0) +0.645833333<x80>[B] (+0) +0.645833333<x81>[B] (+1) +0.645833333<x82>[B] (+0) +0.645833333<x83>[B] (+0) +0.645833333<x84>[B] (+1) -0.645833333<x85>[B] (+1) -0.645833333<x86>[B] (+1) -0.645833333<x87>[B] (+1) +0.645833333<x88>[B] (+1) +0.645833333<x89>[B] (+1) -0.645833333<x90>[B] (+1) -0.645833333<x91>[B] (+1) -0.645833333<x92>[B] (+1) +0.645833333<x93>[B] (+1) +0.645833333<x94>[B] (+0) +0.645833333<x95>[B] (+0) +0.645833333<x96>[B] (+1) +0.645833333<x97>[B] (+0) +0.645833333<x98>[B] (+0) -0.645833333<x99>[B] (+1) +0.645833333<x100>[B] (+0) +0.645833333<x101>[B] (+0) +0.645833333<x102>[B] (+0) -0.645833333<x103>[B] (+0) +0.645833333<x104>[B] (+0) -0.645833333<x105>[B] (+0) +0.645833333<x106>[B] (+1) +0.645833333<x107>[B] (+1) -0.645833333<x108>[B] (+1) -0.645833333<x109>[B] (+1) -0.645833333<x110>[B] (+1) +0.645833333<x111>[B] (+1) -0.645833333<x112>[B] (+1) -0.645833333<x113>[B] (+0) -0.645833333<x114>[B] (+1) -0.645833333<x115>[B] (+0) -0.645833333<x116>[B] (+0) -0.645833333<x117>[B] (+0) +0.645833333<x118>[B] (+0) -0.645833333<x119>[B] (+1) -0.645833333<x120>[B] (+1) >= 25.9958333333333;
;
violation: left hand side is violated by 0.0250000000000057
  [linear] <c1487>: <x124>[C] (+30.8083333) +0.7125<x1>[B] (+0) +0.7125<x2>[B] (+1) +0.7125<x3>[B] (+1) +0.7125<x4>[B] (+0) +0.7125<x5>[B] (+1) +0.7125<x6>[B] (+0) +0.7125<x7>[B] (+0) -0.7125<x8>[B] (+1) +0.7125<x9>[B] (+1) +0.7125<x10>[B] (+0) +0.7125<x11>[B] (+0) +0.7125<x12>[B] (+1) +0.7125<x13>[B] (+0) +0.7125<x14>[B] (+0) +0.7125<x15>[B] (+1) -0.7125<x16>[B] (+1) -0.7125<x17>[B] (+1) -0.7125<x18>[B] (+1) -0.7125<x19>[B] (+1) -0.7125<x20>[B] (+1) -0.7125<x21>[B] (+0) -0.7125<x22>[B] (+1) -0.7125<x23>[B] (+1) -0.7125<x24>[B] (+1) -0.7125<x25>[B] (+1) -0.7125<x26>[B] (+1) -0.7125<x27>[B] (+1) -0.7125<x28>[B] (+1) -0.7125<x29>[B] (+1) +0.7125<x30>[B] (+1) -0.7125<x31>[B] (+0) -0.7125<x32>[B] (+1) +0.7125<x33>[B] (+0) -0.7125<x34>[B] (+0) -0.7125<x35>[B] (+1) -0.7125<x36>[B] (+1) +0.7125<x37>[B] (+0) -0.7125<x38>[B] (+0) -0.7125<x39>[B] (+1) -0.7125<x40>[B] (+0) +0.7125<x41>[B] (+0) -0.7125<x42>[B] (+1) -0.7125<x43>[B] (+0) -0.7125<x44>[B] (+0) -0.7125<x45>[B] (+0) -0.7125<x46>[B] (+0) -0.7125<x47>[B] (+0) -0.7125<x48>[B] (+1) -0.7125<x49>[B] (+0) -0.7125<x50>[B] (+0) -0.7125<x51>[B] (+0) -0.7125<x52>[B] (+0) +0.7125<x53>[B] (+0) -0.7125<x54>[B] (+0) -0.7125<x55>[B] (+1) +0.7125<x56>[B] (+1) -0.7125<x57>[B] (+0) -0.7125<x58>[B] (+1) -0.7125<x59>[B] (+1) +0.7125<x60>[B] (+0) -0.7125<x61>[B] (+1) -0.7125<x62>[B] (+1) -0.7125<x63>[B] (+1) +0.7125<x64>[B] (+0) -0.7125<x65>[B] (+1) +0.7125<x66>[B] (+0) +0.7125<x67>[B] (+0) -0.7125<x68>[B] (+1) -0.7125<x69>[B] (+1) +0.7125<x70>[B] (+0) +0.7125<x71>[B] (+0) -0.7125<x72>[B] (+1) +0.7125<x73>[B] (+0) +0.7125<x74>[B] (+0) +0.7125<x75>[B] (+1) -0.7125<x76>[B] (+0) -0.7125<x77>[B] (+1) -0.7125<x78>[B] (+1) +0.7125<x79>[B] (+0) -0.7125<x80>[B] (+1) -0.7125<x81>[B] (+1) -0.7125<x82>[B] (+1) +0.7125<x83>[B] (+0) -0.7125<x84>[B] (+1) -0.7125<x85>[B] (+1) -0.7125<x86>[B] (+1) +0.7125<x87>[B] (+1) +0.7125<x88>[B] (+1) -0.7125<x89>[B] (+1) -0.7125<x90>[B] (+1) +0.7125<x91>[B] (+1) -0.7125<x92>[B] (+1) +0.7125<x93>[B] (+1) +0.7125<x94>[B] (+0) +0.7125<x95>[B] (+0) +0.7125<x96>[B] (+0) +0.7125<x97>[B] (+0) +0.7125<x98>[B] (+0) +0.7125<x99>[B] (+1) +0.7125<x100>[B] (+0) +0.7125<x101>[B] (+0) +0.7125<x102>[B] (+0) +0.7125<x103>[B] (+0) +0.7125<x104>[B] (+0) +0.7125<x105>[B] (+0) -0.7125<x106>[B] (+1) -0.7125<x107>[B] (+1) -0.7125<x108>[B] (+1) +0.7125<x109>[B] (+1) -0.7125<x110>[B] (+1) -0.7125<x111>[B] (+1) -0.7125<x112>[B] (+0) +0.7125<x113>[B] (+0) -0.7125<x114>[B] (+1) +0.7125<x115>[B] (+0) +0.7125<x116>[B] (+0) +0.7125<x117>[B] (+1) +0.7125<x118>[B] (+0) -0.7125<x119>[B] (+1) -0.7125<x120>[B] (+1) >= 7.30416666666667;
;
violation: left hand side is violated by 0.00833333333330977
  [linear] <c1490>: <x134>[C] (+26.5833333) +0.645833333<x1>[B] (+0) +0.645833333<x2>[B] (+1) -0.645833333<x3>[B] (+1) +0.645833333<x4>[B] (+0) +0.645833333<x5>[B] (+0) -0.645833333<x6>[B] (+1) +0.645833333<x7>[B] (+0) +0.645833333<x8>[B] (+1) +0.645833333<x9>[B] (+1) +0.645833333<x10>[B] (+0) +0.645833333<x11>[B] (+0) +0.645833333<x12>[B] (+1) +0.645833333<x13>[B] (+0) +0.645833333<x14>[B] (+0) +0.645833333<x15>[B] (+1) -0.645833333<x16>[B] (+1) -0.645833333<x17>[B] (+1) +0.645833333<x18>[B] (+1) -0.645833333<x19>[B] (+1) -0.645833333<x20>[B] (+1) +0.645833333<x21>[B] (+0) -0.645833333<x22>[B] (+1) +0.645833333<x23>[B] (+1) +0.645833333<x24>[B] (+1) +0.645833333<x25>[B] (+1) +0.645833333<x26>[B] (+1) +0.645833333<x27>[B] (+1) +0.645833333<x28>[B] (+1) -0.645833333<x29>[B] (+1) -0.645833333<x30>[B] (+1) +0.645833333<x31>[B] (+0) -0.645833333<x32>[B] (+0) -0.645833333<x33>[B] (+0) +0.645833333<x34>[B] (+0) +0.645833333<x35>[B] (+1) +0.645833333<x36>[B] (+1) +0.645833333<x37>[B] (+0) +0.645833333<x38>[B] (+0) +0.645833333<x39>[B] (+1) +0.645833333<x40>[B] (+0) +0.645833333<x41>[B] (+0) -0.645833333<x42>[B] (+1) +0.645833333<x43>[B] (+0) +0.645833333<x44>[B] (+0) -0.645833333<x45>[B] (+0) +0.645833333<x46>[B] (+0) +0.645833333<x47>[B] (+0) +0.645833333<x48>[B] (+1) +0.645833333<x49>[B] (+0) +0.645833333<x50>[B] (+0) +0.645833333<x51>[B] (+0) +0.645833333<x52>[B] (+0) +0.645833333<x53>[B] (+0) +0.645833333<x54>[B] (+0) -0.645833333<x55>[B] (+1) -0.645833333<x56>[B] (+1) +0.645833333<x57>[B] (+0) -0.645833333<x58>[B] (+1) -0.645833333<x59>[B] (+1) +0.645833333<x60>[B] (+0) +0.645833333<x61>[B] (+1) +0.645833333<x62>[B] (+1) -0.645833333<x63>[B] (+1) +0.645833333<x64>[B] (+1) -0.645833333<x65>[B] (+1) -0.645833333<x66>[B] (+1) +0.645833333<x67>[B] (+0) +0.645833333<x68>[B] (+1) +0.645833333<x69>[B] (+1) +0.645833333<x70>[B] (+0) +0.645833333<x71>[B] (+0) +0.645833333<x72>[B] (+1) +0.645833333<x73>[B] (+0) +0.645833333<x74>[B] (+0) -0.645833333<x75>[B] (+1) +0.645833333<x76>[B] (+0) +0.645833333<x77>[B] (+1) +0.645833333<x78>[B] (+1) +0.645833333<x79>[B] (+0) +0.645833333<x80>[B] (+0) +0.645833333<x81>[B] (+1) +0.645833333<x82>[B] (+0) +0.645833333<x83>[B] (+0) +0.645833333<x84>[B] (+1) -0.645833333<x85>[B] (+1) -0.645833333<x86>[B] (+1) -0.645833333<x87>[B] (+1) +0.645833333<x88>[B] (+1) +0.645833333<x89>[B] (+1) -0.645833333<x90>[B] (+1) -0.645833333<x91>[B] (+1) -0.645833333<x92>[B] (+1) +0.645833333<x93>[B] (+1) +0.645833333<x94>[B] (+0) +0.645833333<x95>[B] (+0) +0.645833333<x96>[B] (+1) +0.645833333<x97>[B] (+0) +0.645833333<x98>[B] (+0) -0.645833333<x99>[B] (+1) +0.645833333<x100>[B] (+0) +0.645833333<x101>[B] (+0) +0.645833333<x102>[B] (+0) -0.645833333<x103>[B] (+0) +0.645833333<x104>[B] (+0) -0.645833333<x105>[B] (+0) +0.645833333<x106>[B] (+1) +0.645833333<x107>[B] (+1) -0.645833333<x108>[B] (+1) -0.645833333<x109>[B] (+1) -0.645833333<x110>[B] (+1) +0.645833333<x111>[B] (+1) -0.645833333<x112>[B] (+1) -0.645833333<x113>[B] (+1) -0.645833333<x114>[B] (+1) -0.645833333<x115>[B] (+0) -0.645833333<x116>[B] (+0) -0.645833333<x117>[B] (+1) +0.645833333<x118>[B] (+0) -0.645833333<x119>[B] (+1) -0.645833333<x120>[B] (+1) >= 25.9958333333333;
;
violation: left hand side is violated by 0.05833333333333
  [linear] <c1490>: <x134>[C] (+24.6958333) +0.645833333<x1>[B] (+0) +0.645833333<x2>[B] (+0) -0.645833333<x3>[B] (+1) +0.645833333<x4>[B] (+0) +0.645833333<x5>[B] (+0) -0.645833333<x6>[B] (+0) +0.645833333<x7>[B] (+0) +0.645833333<x8>[B] (+1) +0.645833333<x9>[B] (+1) +0.645833333<x10>[B] (+0) +0.645833333<x11>[B] (+0) +0.645833333<x12>[B] (+0) +0.645833333<x13>[B] (+0) +0.645833333<x14>[B] (+0) +0.645833333<x15>[B] (+1) -0.645833333<x16>[B] (+1) -0.645833333<x17>[B] (+1) +0.645833333<x18>[B] (+1) -0.645833333<x19>[B] (+1) -0.645833333<x20>[B] (+1) +0.645833333<x21>[B] (+0) -0.645833333<x22>[B] (+1) +0.645833333<x23>[B] (+1) +0.645833333<x24>[B] (+1) +0.645833333<x25>[B] (+1) +0.645833333<x26>[B] (+1) +0.645833333<x27>[B] (+1) +0.645833333<x28>[B] (+1) -0.645833333<x29>[B] (+1) -0.645833333<x30>[B] (+1) +0.645833333<x31>[B] (+0) -0.645833333<x32>[B] (+0) -0.645833333<x33>[B] (+0) +0.645833333<x34>[B] (+0) +0.645833333<x35>[B] (+1) +0.645833333<x36>[B] (+1) +0.645833333<x37>[B] (+0) +0.645833333<x38>[B] (+0) +0.645833333<x39>[B] (+1) +0.645833333<x40>[B] (+0) +0.645833333<x41>[B] (+0) -0.645833333<x42>[B] (+1) +0.645833333<x43>[B] (+0) +0.645833333<x44>[B] (+0) -0.645833333<x45>[B] (+0) +0.645833333<x46>[B] (+0) +0.645833333<x47>[B] (+0) +0.645833333<x48>[B] (+1) +0.645833333<x49>[B] (+0) +0.645833333<x50>[B] (+0) +0.645833333<x51>[B] (+0) +0.645833333<x52>[B] (+0) +0.645833333<x53>[B] (+0) +0.645833333<x54>[B] (+0) -0.645833333<x55>[B] (+1) -0.645833333<x56>[B] (+1) +0.645833333<x57>[B] (+0) -0.645833333<x58>[B] (+1) -0.645833333<x59>[B] (+1) +0.645833333<x60>[B] (+1) +0.645833333<x61>[B] (+1) +0.645833333<x62>[B] (+1) -0.645833333<x63>[B] (+1) +0.645833333<x64>[B] (+1) -0.645833333<x65>[B] (+1) -0.645833333<x66>[B] (+0) +0.645833333<x67>[B] (+0) +0.645833333<x68>[B] (+1) +0.645833333<x69>[B] (+1) +0.645833333<x70>[B] (+0) +0.645833333<x71>[B] (+0) +0.645833333<x72>[B] (+1) +0.645833333<x73>[B] (+0) +0.645833333<x74>[B] (+0) -0.645833333<x75>[B] (+1) +0.645833333<x76>[B] (+0) +0.645833333<x77>[B] (+1) +0.645833333<x78>[B] (+1) +0.645833333<x79>[B] (+0) +0.645833333<x80>[B] (+1) +0.645833333<x81>[B] (+1) +0.645833333<x82>[B] (+1) +0.645833333<x83>[B] (+0) +0.645833333<x84>[B] (+1) -0.645833333<x85>[B] (+1) -0.645833333<x86>[B] (+1) -0.645833333<x87>[B] (+1) +0.645833333<x88>[B] (+1) +0.645833333<x89>[B] (+1) -0.645833333<x90>[B] (+1) -0.645833333<x91>[B] (+1) -0.645833333<x92>[B] (+1) +0.645833333<x93>[B] (+1) +0.645833333<x94>[B] (+0) +0.645833333<x95>[B] (+0) +0.645833333<x96>[B] (+0) +0.645833333<x97>[B] (+0) +0.645833333<x98>[B] (+0) -0.645833333<x99>[B] (+1) +0.645833333<x100>[B] (+0) +0.645833333<x101>[B] (+0) +0.645833333<x102>[B] (+0) -0.645833333<x103>[B] (+0) +0.645833333<x104>[B] (+0) -0.645833333<x105>[B] (+0) +0.645833333<x106>[B] (+1) +0.645833333<x107>[B] (+1) -0.645833333<x108>[B] (+1) -0.645833333<x109>[B] (+1) -0.645833333<x110>[B] (+1) +0.645833333<x111>[B] (+1) -0.645833333<x112>[B] (+1) -0.645833333<x113>[B] (+0) -0.645833333<x114>[B] (+1) -0.645833333<x115>[B] (+0) -0.645833333<x116>[B] (+0) -0.645833333<x117>[B] (+1) +0.645833333<x118>[B] (+0) -0.645833333<x119>[B] (+1) -0.645833333<x120>[B] (+1) >= 25.9958333333333;
;
violation: left hand side is violated by 0.00833333333334352
  [linear] <c1488>: <x130>[C] (+20.9541667) +0.604166667<x1>[B] (+0) +0.604166667<x2>[B] (+1) +0.604166667<x3>[B] (+1) -0.604166667<x4>[B] (+0) +0.604166667<x5>[B] (+1) -0.604166667<x6>[B] (+1) -0.604166667<x7>[B] (+0) -0.604166667<x8>[B] (+1) -0.604166667<x9>[B] (+1) +0.604166667<x10>[B] (+0) -0.604166667<x11>[B] (+1) -0.604166667<x12>[B] (+1) -0.604166667<x13>[B] (+1) +0.604166667<x14>[B] (+0) +0.604166667<x15>[B] (+1) +0.604166667<x16>[B] (+1) -0.604166667<x17>[B] (+1) -0.604166667<x18>[B] (+1) -0.604166667<x19>[B] (+1) -0.604166667<x20>[B] (+1) -0.604166667<x21>[B] (+0) -0.604166667<x22>[B] (+1) -0.604166667<x23>[B] (+1) +0.604166667<x24>[B] (+1) -0.604166667<x25>[B] (+1) -0.604166667<x26>[B] (+1) -0.604166667<x27>[B] (+1) -0.604166667<x28>[B] (+1) -0.604166667<x29>[B] (+1) -0.604166667<x30>[B] (+1) -0.604166667<x31>[B] (+0) -0.604166667<x32>[B] (+0) -0.604166667<x33>[B] (+1) -0.604166667<x34>[B] (+0) -0.604166667<x35>[B] (+1) -0.604166667<x36>[B] (+1) +0.604166667<x37>[B] (+0) -0.604166667<x38>[B] (+0) -0.604166667<x39>[B] (+1) -0.604166667<x40>[B] (+0) -0.604166667<x41>[B] (+0) -0.604166667<x42>[B] (+1) -0.604166667<x43>[B] (+0) +0.604166667<x44>[B] (+0) -0.604166667<x45>[B] (+0) -0.604166667<x46>[B] (+0) -0.604166667<x47>[B] (+1) -0.604166667<x48>[B] (+1) +0.604166667<x49>[B] (+0) -0.604166667<x50>[B] (+0) -0.604166667<x51>[B] (+0) -0.604166667<x52>[B] (+0) +0.604166667<x53>[B] (+0) +0.604166667<x54>[B] (+0) +0.604166667<x55>[B] (+1) +0.604166667<x56>[B] (+1) +0.604166667<x57>[B] (+0) +0.604166667<x58>[B] (+1) -0.604166667<x59>[B] (+1) +0.604166667<x60>[B] (+1) +0.604166667<x61>[B] (+1) +0.604166667<x62>[B] (+1) +0.604166667<x63>[B] (+1) +0.604166667<x64>[B] (+1) +0.604166667<x65>[B] (+1) -0.604166667<x66>[B] (+1) -0.604166667<x67>[B] (+0) -0.604166667<x68>[B] (+1) -0.604166667<x69>[B] (+1) +0.604166667<x70>[B] (+0) -0.604166667<x71>[B] (+0) -0.604166667<x72>[B] (+1) -0.604166667<x73>[B] (+0) -0.604166667<x74>[B] (+0) +0.604166667<x75>[B] (+1) -0.604166667<x76>[B] (+0) -0.604166667<x77>[B] (+1) -0.604166667<x78>[B] (+1) +0.604166667<x79>[B] (+0) -0.604166667<x80>[B] (+0) -0.604166667<x81>[B] (+1) -0.604166667<x82>[B] (+0) +0.604166667<x83>[B] (+0) +0.604166667<x84>[B] (+0) -0.604166667<x85>[B] (+1) -0.604166667<x86>[B] (+1) +0.604166667<x87>[B] (+1) -0.604166667<x88>[B] (+1) -0.604166667<x89>[B] (+1) -0.604166667<x90>[B] (+1) +0.604166667<x91>[B] (+1) +0.604166667<x92>[B] (+1) -0.604166667<x93>[B] (+1) +0.604166667<x94>[B] (+0) -0.604166667<x95>[B] (+0) +0.604166667<x96>[B] (+0) -0.604166667<x97>[B] (+0) +0.604166667<x98>[B] (+0) +0.604166667<x99>[B] (+0) +0.604166667<x100>[B] (+0) +0.604166667<x101>[B] (+0) +0.604166667<x102>[B] (+0) +0.604166667<x103>[B] (+0) +0.604166667<x104>[B] (+0) +0.604166667<x105>[B] (+0) -0.604166667<x106>[B] (+1) -0.604166667<x107>[B] (+1) -0.604166667<x108>[B] (+1) -0.604166667<x109>[B] (+1) -0.604166667<x110>[B] (+1) +0.604166667<x111>[B] (+1) -0.604166667<x112>[B] (+0) +0.604166667<x113>[B] (+0) +0.604166667<x114>[B] (+1) -0.604166667<x115>[B] (+0) +0.604166667<x116>[B] (+0) +0.604166667<x117>[B] (+0) +0.604166667<x118>[B] (+0) +0.604166667<x119>[B] (+1) +0.604166667<x120>[B] (+1) >= 8.30833333333333;
;
violation: left hand side is violated by 0.0416666666666696
3/10 feasible solutions given by solution candidate storage, new primal bound -9.225202e+02

presolving:
   (0.0s) symmetry computation started: requiring (bin +, int +, cont +), (fixed: bin -, int -, cont -)
   (0.0s) no symmetry present (symcode time: 0.00)
presolving (0 rounds: 0 fast, 0 medium, 0 exhaustive):
 0 deleted vars, 0 deleted constraints, 0 added constraints, 0 tightened bounds, 0 added holes, 0 changed sides, 0 changed coefficients
 0 implications, 0 cliques, 0 implied integral variables (0 bin, 0 int, 0 cont)
presolved problem has 190 variables (120 bin, 0 int, 70 cont) and 1511 constraints
   1511 constraints of type <linear>
Presolving Time: 0.02
transformed 4/4 original solutions to the transformed problem space

 time | node  | left  |LP iter|LP it/n|mem/heur|mdpt |vars |cons |rows |cuts |sepa|confs|strbr|  dualbound   | primalbound  |  gap   | compl. 
  0.1s|     1 |     0 |   906 |     - |    87M |   0 | 190 |1511 |1511 |   0 |  0 |   0 |   0 |-8.490884e+02 |-9.225202e+02 |   8.65%| unknown
  0.2s|     1 |     0 |   929 |     - |    87M |   0 | 190 |1511 |1515 |   4 |  1 |   0 |   0 |-8.491361e+02 |-9.225202e+02 |   8.64%| unknown
  0.3s|     1 |     0 |   963 |     - |    87M |   0 | 190 |1511 |1518 |   7 |  2 |   0 |   0 |-8.491990e+02 |-9.225202e+02 |   8.63%| unknown
  0.4s|     1 |     0 |   982 |     - |    87M |   0 | 190 |1511 |1520 |   9 |  3 |   0 |   0 |-8.492519e+02 |-9.225202e+02 |   8.63%| unknown
  0.5s|     1 |     0 |  1011 |     - |    87M |   0 | 190 |1511 |1525 |  14 |  4 |   0 |   0 |-8.492768e+02 |-9.225202e+02 |   8.62%| unknown
  0.6s|     1 |     0 |  1038 |     - |    87M |   0 | 190 |1511 |1530 |  19 |  5 |   0 |   0 |-8.492894e+02 |-9.225202e+02 |   8.62%| unknown
  0.7s|     1 |     0 |  1084 |     - |    88M |   0 | 190 |1511 |1533 |  22 |  6 |   0 |   0 |-8.493078e+02 |-9.225202e+02 |   8.62%| unknown
  0.8s|     1 |     0 |  1180 |     - |    88M |   0 | 190 |1511 |1537 |  26 |  7 |   0 |   0 |-8.493575e+02 |-9.225202e+02 |   8.61%| unknown
  0.9s|     1 |     0 |  1252 |     - |    88M |   0 | 190 |1511 |1541 |  30 |  8 |   0 |   0 |-8.493814e+02 |-9.225202e+02 |   8.61%| unknown
  1.1s|     1 |     0 |  1303 |     - |    88M |   0 | 190 |1511 |1544 |  33 |  9 |   0 |   0 |-8.493941e+02 |-9.225202e+02 |   8.61%| unknown
  1.2s|     1 |     0 |  1385 |     - |    88M |   0 | 190 |1511 |1547 |  36 | 10 |   0 |   0 |-8.494271e+02 |-9.225202e+02 |   8.60%| unknown
  1.2s|     1 |     0 |  1404 |     - |    88M |   0 | 190 |1511 |1550 |  39 | 11 |   0 |   0 |-8.494286e+02 |-9.225202e+02 |   8.60%| unknown
r 1.3s|     1 |     0 |  1549 |     - |intshift|   0 | 190 |1511 |1550 |  39 | 11 |   0 |   0 |-8.494286e+02 |-8.790917e+02 |   3.49%| unknown
d 1.3s|     1 |     0 |  2459 |     - |farkasdi|   0 | 190 |1511 |1550 |   0 | 11 |   0 |   0 |-8.494286e+02 |-8.582333e+02 |   1.04%| unknown
L 1.9s|     1 |     0 |  2459 |     - |    rens|   0 | 190 |1511 |1550 |  39 | 11 |   0 |   0 |-8.494286e+02 |-8.547417e+02 |   0.63%| unknown
 time | node  | left  |LP iter|LP it/n|mem/heur|mdpt |vars |cons |rows |cuts |sepa|confs|strbr|  dualbound   | primalbound  |  gap   | compl. 
  1.9s|     1 |     0 |  2459 |     - |    88M |   0 | 190 |1511 |1550 |  39 | 11 |   0 |   0 |-8.494286e+02 |-8.547417e+02 |   0.63%| unknown
  1.9s|     1 |     0 |  2459 |     - |    88M |   0 | 190 |1511 |1537 |  39 | 11 |   0 |   0 |-8.494286e+02 |-8.547417e+02 |   0.63%| unknown
  1.9s|     1 |     0 |  2505 |     - |    88M |   0 | 190 |1511 |1540 |  42 | 12 |   0 |   0 |-8.494381e+02 |-8.547417e+02 |   0.62%| unknown
  2.0s|     1 |     0 |  2544 |     - |    88M |   0 | 190 |1511 |1541 |  44 | 13 |   0 |   0 |-8.494449e+02 |-8.547417e+02 |   0.62%| unknown
  2.8s|     1 |     2 |  2544 |     - |    88M |   0 | 190 |1497 |1541 |  44 | 13 |   0 |  25 |-8.503544e+02 |-8.547417e+02 |   0.52%| unknown

SCIP Status        : problem is solved [optimal solution found]
Solving Time (sec) : 5.49
Solving Nodes      : 27
Primal Bound       : -8.54741666666667e+02 (34 solutions)
Dual Bound         : -8.54741666666667e+02
Gap                : 0.00 %
