Loading instance...
Median ranking: [15, 12, 7, 3, 10, 1, 11, 5, 14, 2, 13, 16, 9, 17, 4, 6, 8]
Mean ranking: [15, 12, 7, 3, 10, 1, 11, 5, 14, 2, 13, 16, 9, 17, 4, 8, 6]
Actual error: 6.971356786400484e-06
Weighted Kendall distance: 2.0
Normalized distance: 0.0012254901960784314
s, 0 chg bounds, 0 chg sides, 0 chg coeffs, 0 upgd conss, 0 impls, 0 clqs, 0 implints
   (0.0s) symmetry computation started: requiring (bin +, int +, cont +), (fixed: bin -, int -, cont -)
   (0.0s) no symmetry present (symcode time: 0.00)
presolving (2 rounds: 2 fast, 2 medium, 1 exhaustive):
 0 deleted vars, 1360 deleted constraints, 680 added constraints, 0 tightened bounds, 0 added holes, 0 changed sides, 0 changed coefficients
 0 implications, 0 cliques, 0 implied integral variables (0 bin, 0 int, 0 cont)
presolved problem has 136 variables (0 bin, 0 int, 136 cont) and 680 constraints
    680 constraints of type <linear>
Presolving Time: 0.01
transformed 3/3 original solutions to the transformed problem space

 time | node  | left  |LP iter|LP it/n|mem/heur|mdpt |vars |cons |rows |cuts |sepa|confs|strbr|  dualbound   | primalbound  |  gap   | compl. 
* 0.0s|     1 |     0 |    22 |     - |    LP  |   0 | 136 | 680 | 680 |   0 |  0 |   0 |   0 | 4.620000e+02 | 4.620000e+02 |   0.00%| unknown
  0.0s|     1 |     0 |    22 |     - |  5556k |   0 | 136 | 680 | 680 |   0 |  0 |   0 |   0 | 4.620000e+02 | 4.620000e+02 |   0.00%| unknown

SCIP Status        : problem is solved [optimal solution found]
Solving Time (sec) : 0.01
Solving Nodes      : 1
Primal Bound       : +4.62000000000000e+02 (4 solutions)
Dual Bound         : +4.62000000000000e+02
Gap                : 0.00 %
feasible solution found by trivial heuristic after 0.0 seconds, objective value 1.400000e+01
presolving:
   (0.0s) running MILP presolver
   (0.0s) MILP presolver (2 rounds): 0 aggregations, 0 fixings, 0 bound changes
(round 1, medium)     0 del vars, 1360 del conss, 680 add conss, 0 chg bounds, 0 chg sides, 0 chg coeffs, 0 upgd conss, 0 impls, 0 clqs, 0 implints
   (0.0s) probing: 51/136 (37.5%) - 0 fixings, 0 aggregations, 0 implications, 0 bound changes
   (0.0s) probing aborted: 50/50 successive totally useless probings
   (0.0s) symmetry computation started: requiring (bin +, int +, cont +), (fixed: bin -, int -, cont -)
   (0.0s) no symmetry present (symcode time: 0.00)
presolving (2 rounds: 2 fast, 2 medium, 1 exhaustive):
 0 deleted vars, 1360 deleted constraints, 680 added constraints, 0 tightened bounds, 0 added holes, 0 changed sides, 0 changed coefficients
 0 implications, 0 cliques, 0 implied integral variables (0 bin, 0 int, 0 cont)
presolved problem has 136 variables (136 bin, 0 int, 0 cont) and 680 constraints
    680 constraints of type <linear>
transformed objective value is always integral (scale: 2)
Presolving Time: 0.01
transformed 2/2 original solutions to the transformed problem space

 time | node  | left  |LP iter|LP it/n|mem/heur|mdpt |vars |cons |rows |cuts |sepa|confs|strbr|  dualbound   | primalbound  |  gap   | compl. 
p 0.0s|     1 |     0 |     0 |     - |   locks|   0 | 136 | 680 | 680 |   0 |  0 |   0 |   0 | 5.040000e+02 | 2.520000e+02 | 100.00%| unknown
i 0.0s|     1 |     0 |     0 |     - |  oneopt|   0 | 136 | 680 | 680 |   0 |  0 |   0 |   0 | 5.040000e+02 | 3.860000e+02 |  30.57%| unknown
* 0.0s|     1 |     0 |    21 |     - |    LP  |   0 | 136 | 680 | 680 |   0 |  0 |   0 |   0 | 4.620000e+02 | 4.620000e+02 |   0.00%| unknown
  0.0s|     1 |     0 |    21 |     - |  5737k |   0 | 136 | 680 | 680 |   0 |  0 |   0 |   0 | 4.620000e+02 | 4.620000e+02 |   0.00%| unknown

SCIP Status        : problem is solved [optimal solution found]
Solving Time (sec) : 0.01
Solving Nodes      : 1
Primal Bound       : +4.62000000000000e+02 (5 solutions)
Dual Bound         : +4.62000000000000e+02
Gap                : 0.00 %
feasible solution found by trivial heuristic after 0.2 seconds, objective value -9.999986e+06
presolving:
(round 1, fast)       0 del vars, 0 del conss, 0 add conss, 200 chg bounds, 0 chg sides, 0 chg coeffs, 0 upgd conss, 0 impls, 0 clqs, 0 implints
   (1.5s) running MILP presolver
   (1.6s) MILP presolver (2 rounds): 0 aggregations, 0 fixings, 0 bound changes
(round 2, exhaustive) 0 del vars, 680 del conss, 0 add conss, 200 chg bounds, 0 chg sides, 0 chg coeffs, 0 upgd conss, 0 impls, 0 clqs, 0 implints
   (3.0s) symmetry computation started: requiring (bin +, int +, cont +), (fixed: bin -, int -, cont -)
   (3.5s) no symmetry present (symcode time: 0.02)
presolving (3 rounds: 3 fast, 2 medium, 2 exhaustive):
 0 deleted vars, 680 deleted constraints, 0 added constraints, 200 tightened bounds, 0 added holes, 0 changed sides, 0 changed coefficients
 0 implications, 0 cliques, 0 implied integral variables (0 bin, 0 int, 0 cont)
presolved problem has 236 variables (0 bin, 0 int, 236 cont) and 14280 constraints
  14280 constraints of type <linear>
Presolving Time: 3.38

 time | node  | left  |LP iter|LP it/n|mem/heur|mdpt |vars |cons |rows |cuts |sepa|confs|strbr|  dualbound   | primalbound  |  gap   | compl. 
t 3.6s|     1 |     0 |     0 |     - | trivial|   0 | 236 |  14k|   0 |   0 |  0 |   0 |   0 | 5.040000e+02 |-6.786000e+03 |    Inf | unknown
* 5.4s|     1 |     0 |  1415 |     - |    LP  |   0 | 236 |  14k|  14k|   0 |  0 |   0 |   0 |-1.516521e+03 |-1.516521e+03 |   0.00%| unknown
  5.4s|     1 |     0 |  1415 |     - |   912M |   0 | 236 |  14k|  14k|   0 |  0 |   0 |   0 |-1.516521e+03 |-1.516521e+03 |   0.00%| unknown

SCIP Status        : problem is solved [optimal solution found]
Solving Time (sec) : 5.44
Solving Nodes      : 1
Primal Bound       : -1.51652053795422e+03 (3 solutions)
Dual Bound         : -1.51652053795422e+03
Gap                : 0.00 %
feasible solution found by trivial heuristic after 0.1 seconds, objective value -9.999986e+06
presolving:
(round 1, fast)       0 del vars, 0 del conss, 0 add conss, 200 chg bounds, 0 chg sides, 0 chg coeffs, 0 upgd conss, 0 impls, 0 clqs, 0 implints
   (1.0s) running MILP presolver
   (1.4s) MILP presolver (2 rounds): 0 aggregations, 0 fixings, 0 bound changes
(round 2, exhaustive) 0 del vars, 680 del conss, 0 add conss, 200 chg bounds, 0 chg sides, 0 chg coeffs, 0 upgd conss, 0 impls, 0 clqs, 0 implints
   (3.4s) probing: 51/136 (37.5%) - 0 fixings, 0 aggregations, 0 implications, 0 bound changes
   (3.4s) probing aborted: 50/50 successive totally useless probings
   (3.5s) symmetry computation started: requiring (bin +, int +, cont +), (fixed: bin -, int -, cont -)
   (4.0s) no symmetry present (symcode time: 0.02)
presolving (3 rounds: 3 fast, 2 medium, 2 exhaustive):
 0 deleted vars, 680 deleted constraints, 0 added constraints, 200 tightened bounds, 0 added holes, 0 changed sides, 0 changed coefficients
 0 implications, 0 cliques, 0 implied integral variables (0 bin, 0 int, 0 cont)
presolved problem has 236 variables (136 bin, 0 int, 100 cont) and 14280 constraints
  14280 constraints of type <linear>
Presolving Time: 3.96

 time | node  | left  |LP iter|LP it/n|mem/heur|mdpt |vars |cons |rows |cuts |sepa|confs|strbr|  dualbound   | primalbound  |  gap   | compl. 
t 4.1s|     1 |     0 |     0 |     - | trivial|   0 | 236 |  14k|   0 |   0 |  0 |   0 |   0 | 5.040000e+02 |-6.786000e+03 |    Inf | unknown
p 5.0s|     1 |     0 |   100 |     - |   locks|   0 | 236 |  14k|  14k|   0 |  0 |   0 |   0 | 5.040000e+02 |-1.915430e+03 |    Inf | unknown
  6.8s|     1 |     0 |  1515 |     - |   915M |   0 | 236 |  14k|  14k|   0 |  0 |   0 |   0 |-1.516521e+03 |-1.915430e+03 |  26.30%| unknown
r 7.3s|     1 |     0 |  1515 |     - |shifting|   0 | 236 |  14k|  14k|   0 |  0 |   0 |   0 |-1.516521e+03 |-1.692233e+03 |  11.59%| unknown
  7.5s|     1 |     0 |  1544 |     - |   917M |   0 | 236 |  14k|  14k|   1 |  1 |   0 |   0 |-1.516533e+03 |-1.692233e+03 |  11.59%| unknown
  8.2s|     1 |     0 |  1597 |     - |   919M |   0 | 236 |  14k|  14k|   5 |  2 |   0 |   0 |-1.516564e+03 |-1.692233e+03 |  11.58%| unknown
  9.0s|     1 |     0 |  1605 |     - |   920M |   0 | 236 |  14k|  14k|  10 |  3 |   0 |   0 |-1.516582e+03 |-1.692233e+03 |  11.58%| unknown
  9.8s|     1 |     0 |  1643 |     - |   922M |   0 | 236 |  14k|  14k|  13 |  4 |   0 |   0 |-1.516597e+03 |-1.692233e+03 |  11.58%| unknown
 10.5s|     1 |     0 |  1664 |     - |   924M |   0 | 236 |  14k|  14k|  15 |  5 |   0 |   0 |-1.516605e+03 |-1.692233e+03 |  11.58%| unknown
 11.3s|     1 |     0 |  1688 |     - |   925M |   0 | 236 |  14k|  14k|  18 |  6 |   0 |   0 |-1.516615e+03 |-1.692233e+03 |  11.58%| unknown
 12.1s|     1 |     0 |  1713 |     - |   927M |   0 | 236 |  14k|  14k|  20 |  7 |   0 |   0 |-1.516636e+03 |-1.692233e+03 |  11.58%| unknown
 13.0s|     1 |     0 |  1730 |     - |   928M |   0 | 236 |  14k|  14k|  22 |  8 |   0 |   0 |-1.516639e+03 |-1.692233e+03 |  11.58%| unknown
 13.7s|     1 |     0 |  1743 |     - |   931M |   0 | 236 |  14k|  14k|  24 |  9 |   0 |   0 |-1.516643e+03 |-1.692233e+03 |  11.58%| unknown
 14.5s|     1 |     0 |  1758 |     - |   932M |   0 | 236 |  14k|  14k|  27 | 10 |   0 |   0 |-1.516645e+03 |-1.692233e+03 |  11.58%| unknown
 15.2s|     1 |     0 |  1781 |     - |   934M |   0 | 236 |  14k|  14k|  30 | 11 |   0 |   0 |-1.516654e+03 |-1.692233e+03 |  11.58%| unknown
 time | node  | left  |LP iter|LP it/n|mem/heur|mdpt |vars |cons |rows |cuts |sepa|confs|strbr|  dualbound   | primalbound  |  gap   | compl. 
r16.0s|     1 |     0 |  2015 |     - |intshift|   0 | 236 |  14k|  14k|  30 | 11 |   0 |   0 |-1.516654e+03 |-1.560143e+03 |   2.87%| unknown
d17.1s|     1 |     0 |  2843 |     - |farkasdi|   0 | 236 |  14k|  14k|   0 | 11 |   0 |   0 |-1.516654e+03 |-1.519320e+03 |   0.18%| unknown
 21.6s|     1 |     0 |  2843 |     - |   934M |   0 | 236 |  14k|  14k|  30 | 11 |   0 |   0 |-1.516654e+03 |-1.519320e+03 |   0.18%| unknown
 22.2s|     1 |     0 |  2843 |     - |   935M |   0 | 236 |  14k|  14k|  30 | 11 |   0 |   0 |-1.516654e+03 |-1.519320e+03 |   0.18%| unknown
 22.3s|     1 |     0 |  2873 |     - |   936M |   0 | 236 |  14k|  14k|  32 | 12 |   0 |   0 |-1.516658e+03 |-1.519320e+03 |   0.18%| unknown
 22.9s|     1 |     0 |  2895 |     - |   936M |   0 | 236 |  14k|  14k|  35 | 13 |   0 |   0 |-1.516660e+03 |-1.519320e+03 |   0.18%| unknown
 23.5s|     1 |     0 |  2895 |     - |   937M |   0 | 236 |  13k|  14k|  35 | 13 |   0 |   0 |-1.516660e+03 |-1.519320e+03 |   0.18%| unknown
 23.6s|     1 |     0 |  2913 |     - |   938M |   0 | 236 |  13k|  14k|  37 | 14 |   0 |   0 |-1.516666e+03 |-1.519320e+03 |   0.17%| unknown
 24.1s|     1 |     0 |  2955 |     - |   938M |   0 | 236 |  13k|  14k|  39 | 15 |   0 |   0 |-1.516670e+03 |-1.519320e+03 |   0.17%| unknown
(run 1, node 1) restarting after 43 global fixings of integer variables

(restart) converted 33 cuts from the global cut pool into linear constraints

presolving:
(round 1, fast)       43 del vars, 0 del conss, 0 add conss, 0 chg bounds, 384 chg sides, 186 chg coeffs, 0 upgd conss, 0 impls, 292 clqs, 0 implints
(round 2, fast)       43 del vars, 0 del conss, 0 add conss, 100 chg bounds, 384 chg sides, 186 chg coeffs, 0 upgd conss, 0 impls, 292 clqs, 0 implints
   (25.2s) running MILP presolver
   (25.7s) MILP presolver (3 rounds): 0 aggregations, 0 fixings, 96 bound changes
(round 3, medium)     43 del vars, 0 del conss, 0 add conss, 196 chg bounds, 384 chg sides, 186 chg coeffs, 0 upgd conss, 0 impls, 292 clqs, 0 implints
(round 4, fast)       43 del vars, 0 del conss, 0 add conss, 196 chg bounds, 884 chg sides, 1209 chg coeffs, 0 upgd conss, 0 impls, 292 clqs, 0 implints
(round 5, exhaustive) 43 del vars, 0 del conss, 0 add conss, 196 chg bounds, 884 chg sides, 1209 chg coeffs, 292 upgd conss, 0 impls, 292 clqs, 0 implints
presolving (6 rounds: 6 fast, 3 medium, 2 exhaustive):
 43 deleted vars, 0 deleted constraints, 0 added constraints, 196 tightened bounds, 0 added holes, 884 changed sides, 1209 changed coefficients
 0 implications, 292 cliques, 0 implied integral variables (0 bin, 0 int, 0 cont)
presolved problem has 193 variables (93 bin, 0 int, 100 cont) and 13893 constraints
    292 constraints of type <setppc>
  13601 constraints of type <linear>
Presolving Time: 5.85
transformed 16/23 original solutions to the transformed problem space

 time | node  | left  |LP iter|LP it/n|mem/heur|mdpt |vars |cons |rows |cuts |sepa|confs|strbr|  dualbound   | primalbound  |  gap   | compl. 
 30.9s|     1 |     0 |  4372 |     - |  1094M |   0 | 193 |  13k|  13k|   0 |  0 |   3 |   0 |-1.516670e+03 |-1.519320e+03 |   0.17%| unknown
 31.4s|     1 |     0 |  4372 |     - |  1094M |   0 | 193 |  13k|  13k|   0 |  0 |   3 |   0 |-1.516670e+03 |-1.519320e+03 |   0.17%| unknown
 31.6s|     1 |     0 |  4406 |     - |  1096M |   0 | 193 |  13k|  13k|   2 |  1 |   3 |   0 |-1.516680e+03 |-1.519320e+03 |   0.17%| unknown
 32.2s|     1 |     0 |  4446 |     - |  1097M |   0 | 193 |  13k|  13k|   4 |  2 |   3 |   0 |-1.516691e+03 |-1.519320e+03 |   0.17%| unknown
 32.8s|     1 |     0 |  4484 |     - |  1099M |   0 | 193 |  13k|  13k|   6 |  3 |   3 |   0 |-1.516698e+03 |-1.519320e+03 |   0.17%| unknown
 33.4s|     1 |     0 |  4517 |     - |  1100M |   0 | 193 |  13k|  13k|   9 |  4 |   3 |   0 |-1.516702e+03 |-1.519320e+03 |   0.17%| unknown
 34.0s|     1 |     0 |  4537 |     - |  1102M |   0 | 193 |  13k|  13k|  11 |  5 |   3 |   0 |-1.516705e+03 |-1.519320e+03 |   0.17%| unknown
 34.6s|     1 |     0 |  4587 |     - |  1103M |   0 | 193 |  13k|  13k|  14 |  6 |   3 |   0 |-1.516719e+03 |-1.519320e+03 |   0.17%| unknown
 35.2s|     1 |     0 |  4610 |     - |  1104M |   0 | 193 |  13k|  13k|  17 |  7 |   3 |   0 |-1.516722e+03 |-1.519320e+03 |   0.17%| unknown
 35.9s|     1 |     0 |  4670 |     - |  1106M |   0 | 193 |  13k|  13k|  23 |  8 |   3 |   0 |-1.516734e+03 |-1.519320e+03 |   0.17%| unknown
 36.5s|     1 |     0 |  4720 |     - |  1107M |   0 | 193 |  13k|  13k|  25 |  9 |   3 |   0 |-1.516738e+03 |-1.519320e+03 |   0.17%| unknown
 37.2s|     1 |     0 |  4778 |     - |  1109M |   0 | 193 |  13k|  13k|  27 | 10 |   3 |   0 |-1.516750e+03 |-1.519320e+03 |   0.17%| unknown
 37.9s|     1 |     0 |  4840 |     - |  1110M |   0 | 193 |  13k|  13k|  29 | 11 |   3 |   0 |-1.516763e+03 |-1.519320e+03 |   0.17%| unknown
 38.4s|     1 |     0 |  4840 |     - |  1110M |   0 | 193 |  13k|  13k|  29 | 11 |   3 |   0 |-1.516763e+03 |-1.519320e+03 |   0.17%| unknown
 38.5s|     1 |     0 |  4860 |     - |  1112M |   0 | 193 |  13k|  13k|  32 | 12 |   3 |   0 |-1.516765e+03 |-1.519320e+03 |   0.17%| unknown
 time | node  | left  |LP iter|LP it/n|mem/heur|mdpt |vars |cons |rows |cuts |sepa|confs|strbr|  dualbound   | primalbound  |  gap   | compl. 
 39.1s|     1 |     0 |  4864 |     - |  1113M |   0 | 193 |  13k|  13k|  33 | 13 |   3 |   0 |-1.516766e+03 |-1.519320e+03 |   0.17%| unknown
 39.7s|     1 |     0 |  4882 |     - |  1114M |   0 | 193 |  13k|  13k|  35 | 14 |   3 |   0 |-1.516767e+03 |-1.519320e+03 |   0.17%| unknown
 40.3s|     1 |     0 |  4897 |     - |  1116M |   0 | 193 |  13k|  13k|  37 | 15 |   3 |   0 |-1.516768e+03 |-1.519320e+03 |   0.17%| unknown
 40.8s|     1 |     0 |  4900 |     - |  1117M |   0 | 193 |  13k|  13k|  38 | 16 |   3 |   0 |-1.516768e+03 |-1.519320e+03 |   0.17%| unknown
 41.4s|     1 |     0 |  4905 |     - |  1119M |   0 | 193 |  13k|  13k|  39 | 17 |   3 |   0 |-1.516768e+03 |-1.519320e+03 |   0.17%| unknown
 42.0s|     1 |     0 |  4916 |     - |  1120M |   0 | 193 |  13k|  13k|  40 | 18 |   3 |   0 |-1.516769e+03 |-1.519320e+03 |   0.17%| unknown
 42.6s|     1 |     0 |  4935 |     - |  1122M |   0 | 193 |  13k|  13k|  41 | 19 |   4 |   0 |-1.516771e+03 |-1.519320e+03 |   0.17%| unknown
 43.1s|     1 |     0 |  4962 |     - |  1123M |   0 | 193 |  13k|  13k|  43 | 20 |   4 |   0 |-1.516773e+03 |-1.519320e+03 |   0.17%| unknown
 43.7s|     1 |     0 |  4973 |     - |  1123M |   0 | 193 |  13k|  13k|  44 | 21 |   4 |   0 |-1.516773e+03 |-1.519320e+03 |   0.17%| unknown
 44.3s|     1 |     0 |  4976 |     - |  1123M |   0 | 193 |  13k|  13k|  45 | 22 |   4 |   0 |-1.516773e+03 |-1.519320e+03 |   0.17%| unknown
(run 2, node 1) restarting after 8 global fixings of integer variables

(restart) converted 30 cuts from the global cut pool into linear constraints

presolving:
(round 1, fast)       8 del vars, 0 del conss, 0 add conss, 0 chg bounds, 32 chg sides, 0 chg coeffs, 0 upgd conss, 0 impls, 251 clqs, 0 implints
(round 2, fast)       8 del vars, 0 del conss, 0 add conss, 82 chg bounds, 32 chg sides, 0 chg coeffs, 0 upgd conss, 0 impls, 251 clqs, 0 implints
(round 3, exhaustive) 8 del vars, 0 del conss, 0 add conss, 82 chg bounds, 32 chg sides, 0 chg coeffs, 32 upgd conss, 0 impls, 251 clqs, 0 implints
presolving (4 rounds: 4 fast, 2 medium, 2 exhaustive):
 8 deleted vars, 0 deleted constraints, 0 added constraints, 82 tightened bounds, 0 added holes, 32 changed sides, 1 changed coefficients
 0 implications, 251 cliques, 0 implied integral variables (0 bin, 0 int, 0 cont)
presolved problem has 185 variables (85 bin, 0 int, 100 cont) and 13745 constraints
    251 constraints of type <setppc>
  13490 constraints of type <linear>
      4 constraints of type <logicor>
Presolving Time: 6.74
transformed 39/46 original solutions to the transformed problem space

 time | node  | left  |LP iter|LP it/n|mem/heur|mdpt |vars |cons |rows |cuts |sepa|confs|strbr|  dualbound   | primalbound  |  gap   | compl. 
 49.8s|     1 |     0 |  8310 |     - |  1231M |   0 | 185 |  13k|  13k|   0 |  0 |   9 |   0 |-1.516773e+03 |-1.519320e+03 |   0.17%| unknown
 50.5s|     1 |     0 |  8343 |     - |  1232M |   0 | 185 |  13k|  13k|   1 |  1 |   9 |   0 |-1.516777e+03 |-1.519320e+03 |   0.17%| unknown
 51.0s|     1 |     0 |  8356 |     - |  1234M |   0 | 185 |  13k|  13k|   2 |  2 |   9 |   0 |-1.516778e+03 |-1.519320e+03 |   0.17%| unknown
 51.7s|     1 |     0 |  8394 |     - |  1235M |   0 | 185 |  13k|  13k|   4 |  3 |   9 |   0 |-1.516779e+03 |-1.519320e+03 |   0.17%| unknown
 52.3s|     1 |     0 |  8415 |     - |  1237M |   0 | 185 |  13k|  13k|   6 |  4 |   9 |   0 |-1.516780e+03 |-1.519320e+03 |   0.17%| unknown
 53.0s|     1 |     0 |  8456 |     - |  1238M |   0 | 185 |  13k|  13k|   8 |  5 |   9 |   0 |-1.516782e+03 |-1.519320e+03 |   0.17%| unknown
 53.6s|     1 |     0 |  8480 |     - |  1239M |   0 | 185 |  13k|  13k|   9 |  6 |  10 |   0 |-1.516784e+03 |-1.519320e+03 |   0.17%| unknown
 54.3s|     1 |     0 |  8512 |     - |  1241M |   0 | 185 |  13k|  13k|  12 |  7 |  10 |   0 |-1.516785e+03 |-1.519320e+03 |   0.17%| unknown
 55.0s|     1 |     0 |  8520 |     - |  1242M |   0 | 185 |  13k|  13k|  13 |  8 |  10 |   0 |-1.516785e+03 |-1.519320e+03 |   0.17%| unknown
 55.7s|     1 |     0 |  8601 |     - |  1244M |   0 | 185 |  13k|  13k|  16 |  9 |  10 |   0 |-1.516792e+03 |-1.519320e+03 |   0.17%| unknown
 56.4s|     1 |     0 |  8645 |     - |  1245M |   0 | 185 |  13k|  13k|  18 | 10 |  10 |   0 |-1.516801e+03 |-1.519320e+03 |   0.17%| unknown
 56.9s|     1 |     0 |  8667 |     - |  1247M |   0 | 185 |  13k|  13k|  20 | 11 |  10 |   0 |-1.516801e+03 |-1.519320e+03 |   0.17%| unknown
 60.5s|     1 |     0 | 10366 |     - |  1247M |   0 | 185 |  13k|  13k|  20 | 11 |  15 |   1 |-1.517649e+03 |-1.519320e+03 |   0.11%| unknown
 61.1s|     1 |     0 | 10431 |     - |  1248M |   0 | 185 |  13k|  13k|  23 | 12 |  15 |   1 |-1.517649e+03 |-1.519320e+03 |   0.11%| unknown
 61.6s|     1 |     0 | 10467 |     - |  1248M |   0 | 185 |  13k|  13k|  26 | 13 |  15 |   1 |-1.517649e+03 |-1.519320e+03 |   0.11%| unknown
 time | node  | left  |LP iter|LP it/n|mem/heur|mdpt |vars |cons |rows |cuts |sepa|confs|strbr|  dualbound   | primalbound  |  gap   | compl. 
 62.9s|     1 |     0 | 10467 |     - |  1248M |   0 | 185 |  13k|  13k|  26 | 13 |  15 |   2 |-1.517649e+03 |-1.519320e+03 |   0.11%| unknown
 63.1s|     1 |     0 | 10496 |     - |  1250M |   0 | 185 |  13k|  13k|  28 | 14 |  15 |   2 |-1.517649e+03 |-1.519320e+03 |   0.11%| unknown
 63.6s|     1 |     0 | 10510 |     - |  1250M |   0 | 185 |  13k|  13k|  30 | 15 |  15 |   2 |-1.517649e+03 |-1.519320e+03 |   0.11%| unknown
 64.8s|     1 |     0 | 10510 |     - |  1250M |   0 | 185 |  13k|  13k|  30 | 15 |  15 |   3 |-1.517649e+03 |-1.519320e+03 |   0.11%| unknown
 64.9s|     1 |     0 | 10545 |     - |  1250M |   0 | 185 |  13k|  13k|  31 | 16 |  15 |   3 |-1.517649e+03 |-1.519320e+03 |   0.11%| unknown
 65.4s|     1 |     0 | 10560 |     - |  1250M |   0 | 185 |  13k|  13k|  33 | 17 |  15 |   3 |-1.517649e+03 |-1.519320e+03 |   0.11%| unknown
 66.7s|     1 |     0 | 10560 |     - |  1250M |   0 | 185 |  13k|  13k|  33 | 17 |  15 |   4 |-1.518080e+03 |-1.519320e+03 |   0.08%| unknown
 66.8s|     1 |     0 | 10572 |     - |  1250M |   0 | 185 |  13k|  13k|  38 | 18 |  15 |   4 |-1.518080e+03 |-1.519320e+03 |   0.08%| unknown
 67.3s|     1 |     0 | 10600 |     - |  1250M |   0 | 185 |  13k|  13k|  39 | 19 |  15 |   4 |-1.518080e+03 |-1.519320e+03 |   0.08%| unknown
 68.7s|     1 |     0 | 10600 |     - |  1250M |   0 | 185 |  13k|  13k|  39 | 19 |  15 |   5 |-1.518080e+03 |-1.519320e+03 |   0.08%| unknown
 68.8s|     1 |     0 | 10609 |     - |  1250M |   0 | 185 |  13k|  13k|  40 | 20 |  15 |   5 |-1.518080e+03 |-1.519320e+03 |   0.08%| unknown
 69.3s|     1 |     0 | 10613 |     - |  1250M |   0 | 185 |  13k|  13k|  41 | 21 |  15 |   5 |-1.518080e+03 |-1.519320e+03 |   0.08%| unknown
 71.1s|     1 |     0 | 10829 |     - |  1250M |   0 | 185 |  13k|  13k|  41 | 21 |  19 |   8 |-1.518149e+03 |-1.519320e+03 |   0.08%| unknown
 71.4s|     1 |     0 | 10829 |     - |  1250M |   0 | 185 |  13k|  13k|  41 | 21 |  21 |   8 |-1.518149e+03 |-1.519320e+03 |   0.08%| unknown
 71.6s|     1 |     0 | 10836 |     - |  1252M |   0 | 185 |  13k|  13k|  42 | 22 |  21 |   8 |-1.518149e+03 |-1.519320e+03 |   0.08%| unknown
 time | node  | left  |LP iter|LP it/n|mem/heur|mdpt |vars |cons |rows |cuts |sepa|confs|strbr|  dualbound   | primalbound  |  gap   | compl. 
 71.9s|     1 |     0 | 10836 |     - |  1252M |   0 | 185 |  13k|  13k|  42 | 23 |  21 |   8 |-1.518149e+03 |-1.519320e+03 |   0.08%| unknown
 72.0s|     1 |     0 | 10837 |     - |  1253M |   0 | 185 |  13k|  13k|  43 | 24 |  21 |   8 |-1.518149e+03 |-1.519320e+03 |   0.08%| unknown
 72.9s|     1 |     0 | 10837 |     - |  1253M |   0 | 185 |  13k|  13k|  43 | 25 |  21 |   9 |-1.518149e+03 |-1.519320e+03 |   0.08%| unknown
 73.6s|     1 |     0 | 10997 |     - |  1254M |   0 | 185 |  13k|  13k|  43 | 26 |  25 |  11 |-1.518149e+03 |-1.519320e+03 |   0.08%| unknown
 74.0s|     1 |     0 | 10997 |     - |  1255M |   0 | 185 |  13k|  13k|  43 | 26 |  25 |  11 |-1.518149e+03 |-1.519320e+03 |   0.08%| unknown
 74.0s|     1 |     0 | 10997 |     - |  1256M |   0 | 185 |  13k|  13k|  43 | 27 |  25 |  11 |-1.518149e+03 |-1.519320e+03 |   0.08%| unknown
 74.1s|     1 |     0 | 10997 |     - |  1256M |   0 | 185 |  12k|  13k|  43 | 27 |  25 |  11 |-1.518149e+03 |-1.519320e+03 |   0.08%| unknown
 74.4s|     1 |     0 | 11069 |     - |  1256M |   0 | 185 |  12k|  13k|  43 | 28 |  26 |  12 |-1.518149e+03 |-1.519320e+03 |   0.08%| unknown
 74.6s|     1 |     0 | 11069 |     - |  1256M |   0 | 185 |  12k|  12k|  43 | 28 |  26 |  12 |-1.518149e+03 |-1.519320e+03 |   0.08%| unknown
 74.7s|     1 |     0 | 11069 |     - |  1256M |   0 | 185 |  12k|  12k|  43 | 29 |  26 |  12 |-1.518149e+03 |-1.519320e+03 |   0.08%| unknown
 75.1s|     1 |     0 | 11220 |     - |  1256M |   0 | 185 |  12k|  12k|  43 | 30 |  28 |  13 |-1.518344e+03 |-1.519320e+03 |   0.06%| unknown
 75.6s|     1 |     0 | 11220 |     - |  1256M |   0 | 185 |  12k|  12k|  43 | 31 |  28 |  14 |-1.518503e+03 |-1.519320e+03 |   0.05%| unknown
 75.8s|     1 |     0 | 11316 |     - |  1256M |   0 | 185 |  12k|  12k|  43 | 32 |  30 |  15 |-1.518503e+03 |-1.519320e+03 |   0.05%| unknown
 76.0s|     1 |     0 | 11316 |     - |  1256M |   0 | 185 |  12k|  12k|  43 | 32 |  30 |  15 |-1.518503e+03 |-1.519320e+03 |   0.05%| unknown
 76.0s|     1 |     0 | 11316 |     - |  1256M |   0 | 185 |  12k|  12k|  43 | 33 |  30 |  15 |-1.518503e+03 |-1.519320e+03 |   0.05%| unknown
 time | node  | left  |LP iter|LP it/n|mem/heur|mdpt |vars |cons |rows |cuts |sepa|confs|strbr|  dualbound   | primalbound  |  gap   | compl. 
 76.2s|     1 |     0 | 11316 |     - |  1256M |   0 | 185 |  12k|  12k|  43 | 34 |  30 |  16 |-1.518514e+03 |-1.519320e+03 |   0.05%| unknown
 76.5s|     1 |     0 | 11407 |     - |  1256M |   0 | 185 |  12k|  12k|  43 | 35 |  32 |  17 |-1.518650e+03 |-1.519320e+03 |   0.04%| unknown
 76.6s|     1 |     0 | 11420 |     - |  1256M |   0 | 185 |  12k|  12k|  44 | 36 |  32 |  17 |-1.518652e+03 |-1.519320e+03 |   0.04%| unknown
 77.0s|     1 |     0 | 11451 |     - |  1256M |   0 | 185 |  12k|  12k|  44 | 37 |  34 |  18 |-1.518688e+03 |-1.519320e+03 |   0.04%| unknown
 77.3s|     1 |     0 | 11561 |     - |  1257M |   0 | 185 |  12k|  12k|  44 | 38 |  36 |  19 |-1.518988e+03 |-1.519320e+03 |   0.02%| unknown
 77.5s|     1 |     0 | 11561 |     - |  1257M |   0 | 185 |  12k|  11k|  44 | 38 |  36 |  19 |-1.518988e+03 |-1.519320e+03 |   0.02%| unknown
 77.5s|     1 |     0 | 11566 |     - |  1257M |   0 | 185 |  12k|  11k|  45 | 39 |  36 |  19 |-1.518992e+03 |-1.519320e+03 |   0.02%| unknown
 77.6s|     1 |     0 | 11566 |     - |  1257M |   0 | 185 |  12k|  11k|  45 | 39 |  36 |  19 |-1.518992e+03 |-1.519320e+03 |   0.02%| unknown
 77.6s|     1 |     0 | 11566 |     - |  1257M |   0 | 185 |  11k|  11k|  45 | 40 |  36 |  19 |-1.518992e+03 |-1.519320e+03 |   0.02%| unknown
 77.6s|     1 |     2 | 11566 |     - |  1257M |   0 | 185 |  11k|  11k|  45 | 41 |  36 |  19 |-1.518992e+03 |-1.519320e+03 |   0.02%| unknown

SCIP Status        : problem is solved [optimal solution found]
Solving Time (sec) : 77.72
Solving Nodes      : 3 (total of 5 nodes in 3 runs)
Primal Bound       : -1.51931985294118e+03 (81 solutions)
Dual Bound         : -1.51931985294118e+03
Gap                : 0.00 %
feasible solution found by trivial heuristic after 0.0 seconds, objective value 0.000000e+00
presolving:
   (0.0s) symmetry computation started: requiring (bin +, int +, cont +), (fixed: bin -, int -, cont -)
   (0.0s) symmetry computation finished: 99 generators found (max: 1500, log10 of symmetry group size: 157.97) (symcode time: 0.00)
dynamic symmetry handling statistics:
   orbitopal reduction:       no components
   orbital reduction:         no components
   lexicographic reduction:   no permutations
handled 1 out of 1 symmetry components
presolving (0 rounds: 0 fast, 0 medium, 0 exhaustive):
 0 deleted vars, 0 deleted constraints, 0 added constraints, 0 tightened bounds, 0 added holes, 0 changed sides, 0 changed coefficients
 0 implications, 0 cliques, 0 implied integral variables (0 bin, 0 int, 0 cont)
presolved problem has 236 variables (136 bin, 0 int, 100 cont) and 1459 constraints
   1459 constraints of type <linear>
Presolving Time: 0.00
transformed 2/2 original solutions to the transformed problem space

 time | node  | left  |LP iter|LP it/n|mem/heur|mdpt |vars |cons |rows |cuts |sepa|confs|strbr|  dualbound   | primalbound  |  gap   | compl. 
t 0.0s|     1 |     0 |     0 |     - | trivial|   0 | 236 |1360 |   0 |   0 |  0 |   0 |   0 | 5.040000e+02 | 1.400000e+01 |3500.00%| unknown
p 0.0s|     1 |     0 |     0 |     - |   locks|   0 | 236 |1360 |1360 |   0 |  0 |   0 |   0 | 5.040000e+02 | 1.900000e+02 | 165.26%| unknown
i 0.0s|     1 |     0 |     0 |     - |  oneopt|   0 | 236 |1360 |1360 |   0 |  0 |   0 |   0 | 5.040000e+02 | 3.700000e+02 |  36.22%| unknown
* 0.0s|     1 |     0 |    21 |     - |    LP  |   0 | 236 |1360 |1360 |   0 |  0 |   0 |   0 | 4.620000e+02 | 4.620000e+02 |   0.00%| unknown
  0.0s|     1 |     0 |    21 |     - |  7461k |   0 | 236 |1360 |1360 |   0 |  0 |   0 |   0 | 4.620000e+02 | 4.620000e+02 |   0.00%| unknown

SCIP Status        : problem is solved [optimal solution found]
Solving Time (sec) : 0.01
Solving Nodes      : 1
Primal Bound       : +4.62000000000000e+02 (6 solutions)
Dual Bound         : +4.62000000000000e+02
Gap                : 0.00 %
  [linear] <c1361>: <x137>[C] (+0) +0.569852941<x1>[B] (+1) +0.569852941<x2>[B] (+0) +0.569852941<x3>[B] (+1) +0.569852941<x4>[B] (+1) +0.569852941<x5>[B] (+1) +0.569852941<x6>[B] (+0) +0.569852941<x7>[B] (+1) +0.569852941<x8>[B] (+1) +0.569852941<x9>[B] (+0) +0.569852941<x10>[B] (+1) +0.569852941<x11>[B] (+0) +0.569852941<x12>[B] (+1) +0.569852941<x13>[B] (+1) +0.569852941<x14>[B] (+0) -0.569852941<x15>[B] (+1) +0.569852941<x16>[B] (+1) -0.569852941<x17>[B] (+0) -0.569852941<x18>[B] (+1) +0.569852941<x19>[B] (+0) -0.569852941<x20>[B] (+1) +0.569852941<x21>[B] (+0) -0.569852941<x22>[B] (+1) -0.569852941<x23>[B] (+1) +0.569852941<x24>[B] (+0) +0.569852941<x25>[B] (+0) -0.569852941<x26>[B] (+0) -0.569852941<x27>[B] (+1) +0.569852941<x28>[B] (+0) +0.569852941<x29>[B] (+0) -0.569852941<x30>[B] (+1) +0.569852941<x31>[B] (+1) +0.569852941<x32>[B] (+1) +0.569852941<x33>[B] (+1) +0.569852941<x34>[B] (+1) +0.569852941<x35>[B] (+0) +0.569852941<x36>[B] (+1) +0.569852941<x37>[B] (+1) +0.569852941<x38>[B] (+1) +0.569852941<x39>[B] (+1) -0.569852941<x40>[B] (+0) +0.569852941<x41>[B] (+1) +0.569852941<x42>[B] (+1) +0.569852941<x43>[B] (+0) -0.569852941<x44>[B] (+1) +0.569852941<x45>[B] (+1) +0.569852941<x46>[B] (+0) +0.569852941<x47>[B] (+1) +0.569852941<x48>[B] (+0) +0.569852941<x49>[B] (+1) +0.569852941<x50>[B] (+0) +0.569852941<x51>[B] (+0) +0.569852941<x52>[B] (+0) -0.569852941<x53>[B] (+0) +0.569852941<x54>[B] (+0) +0.569852941<x55>[B] (+0) +0.569852941<x56>[B] (+0) -0.569852941<x57>[B] (+0) +0.569852941<x58>[B] (+0) -0.569852941<x59>[B] (+1) -0.569852941<x60>[B] (+0) -0.569852941<x61>[B] (+1) -0.569852941<x62>[B] (+1) -0.569852941<x63>[B] (+0) +0.569852941<x64>[B] (+0) -0.569852941<x65>[B] (+0) -0.569852941<x66>[B] (+1) -0.569852941<x67>[B] (+1) -0.569852941<x68>[B] (+0) -0.569852941<x69>[B] (+1) -0.569852941<x70>[B] (+1) +0.569852941<x71>[B] (+0) +0.569852941<x72>[B] (+1) +0.569852941<x73>[B] (+0) +0.569852941<x74>[B] (+0) +0.569852941<x75>[B] (+0) -0.569852941<x76>[B] (+0) -0.569852941<x77>[B] (+0) +0.569852941<x78>[B] (+0) +0.569852941<x79>[B] (+0) -0.569852941<x80>[B] (+0) +0.569852941<x81>[B] (+0) -0.569852941<x82>[B] (+1) -0.569852941<x83>[B] (+1) -0.569852941<x84>[B] (+1) +0.569852941<x85>[B] (+1) -0.569852941<x86>[B] (+0) -0.569852941<x87>[B] (+1) -0.569852941<x88>[B] (+1) +0.569852941<x89>[B] (+0) -0.569852941<x90>[B] (+1) +0.569852941<x91>[B] (+1) +0.569852941<x92>[B] (+0) +0.569852941<x93>[B] (+0) +0.569852941<x94>[B] (+0) -0.569852941<x95>[B] (+0) -0.569852941<x96>[B] (+0) +0.569852941<x97>[B] (+0) +0.569852941<x98>[B] (+0) -0.569852941<x99>[B] (+0) +0.569852941<x100>[B] (+0) +0.569852941<x101>[B] (+0) +0.569852941<x102>[B] (+0) -0.569852941<x103>[B] (+0) -0.569852941<x104>[B] (+0) +0.569852941<x105>[B] (+0) +0.569852941<x106>[B] (+0) -0.569852941<x107>[B] (+0) +0.569852941<x108>[B] (+1) +0.569852941<x109>[B] (+1) -0.569852941<x110>[B] (+0) -0.569852941<x111>[B] (+1) -0.569852941<x112>[B] (+1) +0.569852941<x113>[B] (+0) -0.569852941<x114>[B] (+1) +0.569852941<x115>[B] (+1) -0.569852941<x116>[B] (+0) -0.569852941<x117>[B] (+1) -0.569852941<x118>[B] (+1) -0.569852941<x119>[B] (+0) -0.569852941<x120>[B] (+1) -0.569852941<x121>[B] (+1) +0.569852941<x122>[B] (+1) +0.569852941<x123>[B] (+1) +0.569852941<x124>[B] (+0) -0.569852941<x125>[B] (+1) +0.569852941<x126>[B] (+1) +0.569852941<x127>[B] (+0) +0.569852941<x128>[B] (+0) -0.569852941<x129>[B] (+1) +0.569852941<x130>[B] (+1) +0.569852941<x131>[B] (+0) -0.569852941<x132>[B] (+1) +0.569852941<x133>[B] (+1) -0.569852941<x134>[B] (+1) +0.569852941<x135>[B] (+1) +0.569852941<x136>[B] (+1) >= 24.6470588235294;
;
violation: left hand side is violated by 22.3676470588235
  [linear] <c1361>: <x137>[C] (+0) +0.569852941<x1>[B] (+1) +0.569852941<x2>[B] (+1) +0.569852941<x3>[B] (+1) +0.569852941<x4>[B] (+1) +0.569852941<x5>[B] (+1) +0.569852941<x6>[B] (+0) +0.569852941<x7>[B] (+1) +0.569852941<x8>[B] (+1) +0.569852941<x9>[B] (+1) +0.569852941<x10>[B] (+1) +0.569852941<x11>[B] (+1) +0.569852941<x12>[B] (+1) +0.569852941<x13>[B] (+1) +0.569852941<x14>[B] (+1) -0.569852941<x15>[B] (+1) +0.569852941<x16>[B] (+1) -0.569852941<x17>[B] (+0) -0.569852941<x18>[B] (+1) +0.569852941<x19>[B] (+0) -0.569852941<x20>[B] (+1) +0.569852941<x21>[B] (+0) -0.569852941<x22>[B] (+1) -0.569852941<x23>[B] (+1) +0.569852941<x24>[B] (+0) +0.569852941<x25>[B] (+0) -0.569852941<x26>[B] (+0) -0.569852941<x27>[B] (+1) +0.569852941<x28>[B] (+1) +0.569852941<x29>[B] (+0) -0.569852941<x30>[B] (+1) +0.569852941<x31>[B] (+1) +0.569852941<x32>[B] (+1) +0.569852941<x33>[B] (+0) +0.569852941<x34>[B] (+1) +0.569852941<x35>[B] (+0) +0.569852941<x36>[B] (+1) +0.569852941<x37>[B] (+1) +0.569852941<x38>[B] (+0) +0.569852941<x39>[B] (+1) -0.569852941<x40>[B] (+1) +0.569852941<x41>[B] (+1) +0.569852941<x42>[B] (+1) +0.569852941<x43>[B] (+0) -0.569852941<x44>[B] (+1) +0.569852941<x45>[B] (+1) +0.569852941<x46>[B] (+0) +0.569852941<x47>[B] (+1) +0.569852941<x48>[B] (+0) +0.569852941<x49>[B] (+1) +0.569852941<x50>[B] (+0) +0.569852941<x51>[B] (+0) +0.569852941<x52>[B] (+0) -0.569852941<x53>[B] (+0) +0.569852941<x54>[B] (+0) +0.569852941<x55>[B] (+1) +0.569852941<x56>[B] (+0) -0.569852941<x57>[B] (+0) +0.569852941<x58>[B] (+0) -0.569852941<x59>[B] (+1) -0.569852941<x60>[B] (+0) -0.569852941<x61>[B] (+1) -0.569852941<x62>[B] (+1) -0.569852941<x63>[B] (+1) +0.569852941<x64>[B] (+1) -0.569852941<x65>[B] (+1) -0.569852941<x66>[B] (+1) -0.569852941<x67>[B] (+1) -0.569852941<x68>[B] (+1) -0.569852941<x69>[B] (+1) -0.569852941<x70>[B] (+1) +0.569852941<x71>[B] (+0) +0.569852941<x72>[B] (+1) +0.569852941<x73>[B] (+0) +0.569852941<x74>[B] (+0) +0.569852941<x75>[B] (+0) -0.569852941<x76>[B] (+0) -0.569852941<x77>[B] (+0) +0.569852941<x78>[B] (+0) +0.569852941<x79>[B] (+0) -0.569852941<x80>[B] (+0) +0.569852941<x81>[B] (+0) -0.569852941<x82>[B] (+1) -0.569852941<x83>[B] (+1) -0.569852941<x84>[B] (+1) +0.569852941<x85>[B] (+1) -0.569852941<x86>[B] (+1) -0.569852941<x87>[B] (+1) -0.569852941<x88>[B] (+1) +0.569852941<x89>[B] (+1) -0.569852941<x90>[B] (+1) +0.569852941<x91>[B] (+1) +0.569852941<x92>[B] (+0) +0.569852941<x93>[B] (+0) +0.569852941<x94>[B] (+0) -0.569852941<x95>[B] (+0) -0.569852941<x96>[B] (+0) +0.569852941<x97>[B] (+0) +0.569852941<x98>[B] (+0) -0.569852941<x99>[B] (+0) +0.569852941<x100>[B] (+0) +0.569852941<x101>[B] (+0) +0.569852941<x102>[B] (+0) -0.569852941<x103>[B] (+0) -0.569852941<x104>[B] (+0) +0.569852941<x105>[B] (+1) +0.569852941<x106>[B] (+0) -0.569852941<x107>[B] (+0) +0.569852941<x108>[B] (+1) +0.569852941<x109>[B] (+1) -0.569852941<x110>[B] (+1) -0.569852941<x111>[B] (+1) -0.569852941<x112>[B] (+1) +0.569852941<x113>[B] (+1) -0.569852941<x114>[B] (+1) +0.569852941<x115>[B] (+1) -0.569852941<x116>[B] (+0) -0.569852941<x117>[B] (+1) -0.569852941<x118>[B] (+1) -0.569852941<x119>[B] (+0) -0.569852941<x120>[B] (+1) -0.569852941<x121>[B] (+1) +0.569852941<x122>[B] (+1) +0.569852941<x123>[B] (+1) +0.569852941<x124>[B] (+0) -0.569852941<x125>[B] (+1) +0.569852941<x126>[B] (+1) +0.569852941<x127>[B] (+1) +0.569852941<x128>[B] (+0) -0.569852941<x129>[B] (+1) +0.569852941<x130>[B] (+1) +0.569852941<x131>[B] (+0) -0.569852941<x132>[B] (+0) +0.569852941<x133>[B] (+0) -0.569852941<x134>[B] (+1) +0.569852941<x135>[B] (+1) +0.569852941<x136>[B] (+1) >= 24.6470588235294;
;
violation: left hand side is violated by 20.6580882352941
  [linear] <c1361>: <x137>[C] (+0) +0.569852941<x1>[B] (+1) +0.569852941<x2>[B] (+1) +0.569852941<x3>[B] (+1) +0.569852941<x4>[B] (+0) +0.569852941<x5>[B] (+1) +0.569852941<x6>[B] (+0) +0.569852941<x7>[B] (+1) +0.569852941<x8>[B] (+0) +0.569852941<x9>[B] (+1) +0.569852941<x10>[B] (+1) +0.569852941<x11>[B] (+1) +0.569852941<x12>[B] (+1) +0.569852941<x13>[B] (+1) +0.569852941<x14>[B] (+1) -0.569852941<x15>[B] (+1) +0.569852941<x16>[B] (+1) -0.569852941<x17>[B] (+0) -0.569852941<x18>[B] (+1) +0.569852941<x19>[B] (+0) -0.569852941<x20>[B] (+1) +0.569852941<x21>[B] (+0) -0.569852941<x22>[B] (+1) -0.569852941<x23>[B] (+0) +0.569852941<x24>[B] (+0) +0.569852941<x25>[B] (+0) -0.569852941<x26>[B] (+0) -0.569852941<x27>[B] (+1) +0.569852941<x28>[B] (+1) +0.569852941<x29>[B] (+0) -0.569852941<x30>[B] (+0) +0.569852941<x31>[B] (+1) +0.569852941<x32>[B] (+1) +0.569852941<x33>[B] (+0) +0.569852941<x34>[B] (+1) +0.569852941<x35>[B] (+0) +0.569852941<x36>[B] (+1) +0.569852941<x37>[B] (+0) +0.569852941<x38>[B] (+0) +0.569852941<x39>[B] (+1) -0.569852941<x40>[B] (+1) +0.569852941<x41>[B] (+1) +0.569852941<x42>[B] (+1) +0.569852941<x43>[B] (+0) -0.569852941<x44>[B] (+0) +0.569852941<x45>[B] (+1) +0.569852941<x46>[B] (+0) +0.569852941<x47>[B] (+0) +0.569852941<x48>[B] (+0) +0.569852941<x49>[B] (+0) +0.569852941<x50>[B] (+0) +0.569852941<x51>[B] (+0) +0.569852941<x52>[B] (+0) -0.569852941<x53>[B] (+0) +0.569852941<x54>[B] (+0) +0.569852941<x55>[B] (+1) +0.569852941<x56>[B] (+0) -0.569852941<x57>[B] (+0) +0.569852941<x58>[B] (+0) -0.569852941<x59>[B] (+1) -0.569852941<x60>[B] (+1) -0.569852941<x61>[B] (+1) -0.569852941<x62>[B] (+1) -0.569852941<x63>[B] (+1) +0.569852941<x64>[B] (+1) -0.569852941<x65>[B] (+1) -0.569852941<x66>[B] (+1) -0.569852941<x67>[B] (+1) -0.569852941<x68>[B] (+1) -0.569852941<x69>[B] (+1) -0.569852941<x70>[B] (+1) +0.569852941<x71>[B] (+0) +0.569852941<x72>[B] (+1) +0.569852941<x73>[B] (+0) +0.569852941<x74>[B] (+0) +0.569852941<x75>[B] (+0) -0.569852941<x76>[B] (+0) -0.569852941<x77>[B] (+1) +0.569852941<x78>[B] (+1) +0.569852941<x79>[B] (+0) -0.569852941<x80>[B] (+0) +0.569852941<x81>[B] (+1) -0.569852941<x82>[B] (+1) -0.569852941<x83>[B] (+1) -0.569852941<x84>[B] (+1) +0.569852941<x85>[B] (+1) -0.569852941<x86>[B] (+1) -0.569852941<x87>[B] (+1) -0.569852941<x88>[B] (+1) +0.569852941<x89>[B] (+1) -0.569852941<x90>[B] (+1) +0.569852941<x91>[B] (+1) +0.569852941<x92>[B] (+0) +0.569852941<x93>[B] (+0) +0.569852941<x94>[B] (+0) -0.569852941<x95>[B] (+0) -0.569852941<x96>[B] (+0) +0.569852941<x97>[B] (+1) +0.569852941<x98>[B] (+0) -0.569852941<x99>[B] (+0) +0.569852941<x100>[B] (+1) +0.569852941<x101>[B] (+1) +0.569852941<x102>[B] (+1) -0.569852941<x103>[B] (+1) -0.569852941<x104>[B] (+1) +0.569852941<x105>[B] (+1) +0.569852941<x106>[B] (+1) -0.569852941<x107>[B] (+1) +0.569852941<x108>[B] (+1) +0.569852941<x109>[B] (+1) -0.569852941<x110>[B] (+1) -0.569852941<x111>[B] (+1) -0.569852941<x112>[B] (+1) +0.569852941<x113>[B] (+1) -0.569852941<x114>[B] (+1) +0.569852941<x115>[B] (+1) -0.569852941<x116>[B] (+0) -0.569852941<x117>[B] (+1) -0.569852941<x118>[B] (+1) -0.569852941<x119>[B] (+0) -0.569852941<x120>[B] (+0) -0.569852941<x121>[B] (+1) +0.569852941<x122>[B] (+1) +0.569852941<x123>[B] (+1) +0.569852941<x124>[B] (+0) -0.569852941<x125>[B] (+0) +0.569852941<x126>[B] (+1) +0.569852941<x127>[B] (+1) +0.569852941<x128>[B] (+0) -0.569852941<x129>[B] (+0) +0.569852941<x130>[B] (+1) +0.569852941<x131>[B] (+0) -0.569852941<x132>[B] (+0) +0.569852941<x133>[B] (+0) -0.569852941<x134>[B] (+1) +0.569852941<x135>[B] (+1) +0.569852941<x136>[B] (+1) >= 24.6470588235294;
;
violation: left hand side is violated by 18.9485294117647
  [linear] <c1361>: <x137>[C] (+0) +0.569852941<x1>[B] (+1) +0.569852941<x2>[B] (+1) +0.569852941<x3>[B] (+1) +0.569852941<x4>[B] (+1) +0.569852941<x5>[B] (+1) +0.569852941<x6>[B] (+1) +0.569852941<x7>[B] (+1) +0.569852941<x8>[B] (+1) +0.569852941<x9>[B] (+1) +0.569852941<x10>[B] (+1) +0.569852941<x11>[B] (+1) +0.569852941<x12>[B] (+1) +0.569852941<x13>[B] (+1) +0.569852941<x14>[B] (+1) -0.569852941<x15>[B] (+1) +0.569852941<x16>[B] (+1) -0.569852941<x17>[B] (+1) -0.569852941<x18>[B] (+1) +0.569852941<x19>[B] (+1) -0.569852941<x20>[B] (+1) +0.569852941<x21>[B] (+1) -0.569852941<x22>[B] (+1) -0.569852941<x23>[B] (+1) +0.569852941<x24>[B] (+1) +0.569852941<x25>[B] (+1) -0.569852941<x26>[B] (+1) -0.569852941<x27>[B] (+1) +0.569852941<x28>[B] (+1) +0.569852941<x29>[B] (+1) -0.569852941<x30>[B] (+1) +0.569852941<x31>[B] (+1) +0.569852941<x32>[B] (+1) +0.569852941<x33>[B] (+1) +0.569852941<x34>[B] (+1) +0.569852941<x35>[B] (+1) +0.569852941<x36>[B] (+1) +0.569852941<x37>[B] (+1) +0.569852941<x38>[B] (+1) +0.569852941<x39>[B] (+1) -0.569852941<x40>[B] (+1) +0.569852941<x41>[B] (+1) +0.569852941<x42>[B] (+1) +0.569852941<x43>[B] (+1) -0.569852941<x44>[B] (+1) +0.569852941<x45>[B] (+1) +0.569852941<x46>[B] (+1) +0.569852941<x47>[B] (+1) +0.569852941<x48>[B] (+1) +0.569852941<x49>[B] (+1) +0.569852941<x50>[B] (+1) +0.569852941<x51>[B] (+1) +0.569852941<x52>[B] (+1) -0.569852941<x53>[B] (+1) +0.569852941<x54>[B] (+1) +0.569852941<x55>[B] (+1) +0.569852941<x56>[B] (+1) -0.569852941<x57>[B] (+1) +0.569852941<x58>[B] (+1) -0.569852941<x59>[B] (+1) -0.569852941<x60>[B] (+1) -0.569852941<x61>[B] (+1) -0.569852941<x62>[B] (+1) -0.569852941<x63>[B] (+1) +0.569852941<x64>[B] (+1) -0.569852941<x65>[B] (+1) -0.569852941<x66>[B] (+1) -0.569852941<x67>[B] (+1) -0.569852941<x68>[B] (+1) -0.569852941<x69>[B] (+1) -0.569852941<x70>[B] (+1) +0.569852941<x71>[B] (+1) +0.569852941<x72>[B] (+1) +0.569852941<x73>[B] (+1) +0.569852941<x74>[B] (+1) +0.569852941<x75>[B] (+1) -0.569852941<x76>[B] (+1) -0.569852941<x77>[B] (+1) +0.569852941<x78>[B] (+1) +0.569852941<x79>[B] (+1) -0.569852941<x80>[B] (+1) +0.569852941<x81>[B] (+1) -0.569852941<x82>[B] (+1) -0.569852941<x83>[B] (+1) -0.569852941<x84>[B] (+1) +0.569852941<x85>[B] (+1) -0.569852941<x86>[B] (+1) -0.569852941<x87>[B] (+1) -0.569852941<x88>[B] (+1) +0.569852941<x89>[B] (+1) -0.569852941<x90>[B] (+1) +0.569852941<x91>[B] (+1) +0.569852941<x92>[B] (+1) +0.569852941<x93>[B] (+1) +0.569852941<x94>[B] (+1) -0.569852941<x95>[B] (+1) -0.569852941<x96>[B] (+1) +0.569852941<x97>[B] (+1) +0.569852941<x98>[B] (+1) -0.569852941<x99>[B] (+1) +0.569852941<x100>[B] (+1) +0.569852941<x101>[B] (+1) +0.569852941<x102>[B] (+1) -0.569852941<x103>[B] (+1) -0.569852941<x104>[B] (+1) +0.569852941<x105>[B] (+1) +0.569852941<x106>[B] (+1) -0.569852941<x107>[B] (+1) +0.569852941<x108>[B] (+1) +0.569852941<x109>[B] (+1) -0.569852941<x110>[B] (+1) -0.569852941<x111>[B] (+1) -0.569852941<x112>[B] (+1) +0.569852941<x113>[B] (+1) -0.569852941<x114>[B] (+1) +0.569852941<x115>[B] (+1) -0.569852941<x116>[B] (+1) -0.569852941<x117>[B] (+1) -0.569852941<x118>[B] (+1) -0.569852941<x119>[B] (+1) -0.569852941<x120>[B] (+1) -0.569852941<x121>[B] (+1) +0.569852941<x122>[B] (+1) +0.569852941<x123>[B] (+1) +0.569852941<x124>[B] (+1) -0.569852941<x125>[B] (+1) +0.569852941<x126>[B] (+1) +0.569852941<x127>[B] (+1) +0.569852941<x128>[B] (+1) -0.569852941<x129>[B] (+1) +0.569852941<x130>[B] (+1) +0.569852941<x131>[B] (+1) -0.569852941<x132>[B] (+1) +0.569852941<x133>[B] (+1) -0.569852941<x134>[B] (+1) +0.569852941<x135>[B] (+1) +0.569852941<x136>[B] (+1) >= 24.6470588235294;
;
violation: left hand side is violated by 8.69117647058822
  [linear] <c1361>: <x137>[C] (+0) +0.569852941<x1>[B] (+0) +0.569852941<x2>[B] (+0) +0.569852941<x3>[B] (+0) +0.569852941<x4>[B] (+0) +0.569852941<x5>[B] (+0) +0.569852941<x6>[B] (+0) +0.569852941<x7>[B] (+0) +0.569852941<x8>[B] (+0) +0.569852941<x9>[B] (+0) +0.569852941<x10>[B] (+0) +0.569852941<x11>[B] (+0) +0.569852941<x12>[B] (+0) +0.569852941<x13>[B] (+0) +0.569852941<x14>[B] (+0) -0.569852941<x15>[B] (+0) +0.569852941<x16>[B] (+0) -0.569852941<x17>[B] (+0) -0.569852941<x18>[B] (+0) +0.569852941<x19>[B] (+0) -0.569852941<x20>[B] (+0) +0.569852941<x21>[B] (+0) -0.569852941<x22>[B] (+0) -0.569852941<x23>[B] (+0) +0.569852941<x24>[B] (+0) +0.569852941<x25>[B] (+0) -0.569852941<x26>[B] (+0) -0.569852941<x27>[B] (+0) +0.569852941<x28>[B] (+0) +0.569852941<x29>[B] (+0) -0.569852941<x30>[B] (+0) +0.569852941<x31>[B] (+0) +0.569852941<x32>[B] (+0) +0.569852941<x33>[B] (+0) +0.569852941<x34>[B] (+0) +0.569852941<x35>[B] (+0) +0.569852941<x36>[B] (+0) +0.569852941<x37>[B] (+0) +0.569852941<x38>[B] (+0) +0.569852941<x39>[B] (+0) -0.569852941<x40>[B] (+0) +0.569852941<x41>[B] (+0) +0.569852941<x42>[B] (+0) +0.569852941<x43>[B] (+0) -0.569852941<x44>[B] (+0) +0.569852941<x45>[B] (+0) +0.569852941<x46>[B] (+0) +0.569852941<x47>[B] (+0) +0.569852941<x48>[B] (+0) +0.569852941<x49>[B] (+0) +0.569852941<x50>[B] (+0) +0.569852941<x51>[B] (+0) +0.569852941<x52>[B] (+0) -0.569852941<x53>[B] (+0) +0.569852941<x54>[B] (+0) +0.569852941<x55>[B] (+0) +0.569852941<x56>[B] (+0) -0.569852941<x57>[B] (+0) +0.569852941<x58>[B] (+0) -0.569852941<x59>[B] (+0) -0.569852941<x60>[B] (+0) -0.569852941<x61>[B] (+0) -0.569852941<x62>[B] (+0) -0.569852941<x63>[B] (+0) +0.569852941<x64>[B] (+0) -0.569852941<x65>[B] (+0) -0.569852941<x66>[B] (+0) -0.569852941<x67>[B] (+0) -0.569852941<x68>[B] (+0) -0.569852941<x69>[B] (+0) -0.569852941<x70>[B] (+0) +0.569852941<x71>[B] (+0) +0.569852941<x72>[B] (+0) +0.569852941<x73>[B] (+0) +0.569852941<x74>[B] (+0) +0.569852941<x75>[B] (+0) -0.569852941<x76>[B] (+0) -0.569852941<x77>[B] (+0) +0.569852941<x78>[B] (+0) +0.569852941<x79>[B] (+0) -0.569852941<x80>[B] (+0) +0.569852941<x81>[B] (+0) -0.569852941<x82>[B] (+0) -0.569852941<x83>[B] (+0) -0.569852941<x84>[B] (+0) +0.569852941<x85>[B] (+0) -0.569852941<x86>[B] (+0) -0.569852941<x87>[B] (+0) -0.569852941<x88>[B] (+0) +0.569852941<x89>[B] (+0) -0.569852941<x90>[B] (+0) +0.569852941<x91>[B] (+0) +0.569852941<x92>[B] (+0) +0.569852941<x93>[B] (+0) +0.569852941<x94>[B] (+0) -0.569852941<x95>[B] (+0) -0.569852941<x96>[B] (+0) +0.569852941<x97>[B] (+0) +0.569852941<x98>[B] (+0) -0.569852941<x99>[B] (+0) +0.569852941<x100>[B] (+0) +0.569852941<x101>[B] (+0) +0.569852941<x102>[B] (+0) -0.569852941<x103>[B] (+0) -0.569852941<x104>[B] (+0) +0.569852941<x105>[B] (+0) +0.569852941<x106>[B] (+0) -0.569852941<x107>[B] (+0) +0.569852941<x108>[B] (+0) +0.569852941<x109>[B] (+0) -0.569852941<x110>[B] (+0) -0.569852941<x111>[B] (+0) -0.569852941<x112>[B] (+0) +0.569852941<x113>[B] (+0) -0.569852941<x114>[B] (+0) +0.569852941<x115>[B] (+0) -0.569852941<x116>[B] (+0) -0.569852941<x117>[B] (+0) -0.569852941<x118>[B] (+0) -0.569852941<x119>[B] (+0) -0.569852941<x120>[B] (+0) -0.569852941<x121>[B] (+0) +0.569852941<x122>[B] (+0) +0.569852941<x123>[B] (+0) +0.569852941<x124>[B] (+0) -0.569852941<x125>[B] (+0) +0.569852941<x126>[B] (+0) +0.569852941<x127>[B] (+0) +0.569852941<x128>[B] (+0) -0.569852941<x129>[B] (+0) +0.569852941<x130>[B] (+0) +0.569852941<x131>[B] (+0) -0.569852941<x132>[B] (+0) +0.569852941<x133>[B] (+0) -0.569852941<x134>[B] (+0) +0.569852941<x135>[B] (+0) +0.569852941<x136>[B] (+0) >= 24.6470588235294;
;
violation: left hand side is violated by 24.6470588235294
1/6 feasible solution given by solution candidate storage, new primal bound -9.999986e+06

presolving:
   (0.0s) symmetry computation started: requiring (bin +, int +, cont +), (fixed: bin -, int -, cont -)
   (0.0s) no symmetry present (symcode time: 0.00)
presolving (0 rounds: 0 fast, 0 medium, 0 exhaustive):
 0 deleted vars, 0 deleted constraints, 0 added constraints, 0 tightened bounds, 0 added holes, 0 changed sides, 0 changed coefficients
 0 implications, 0 cliques, 0 implied integral variables (0 bin, 0 int, 0 cont)
presolved problem has 236 variables (136 bin, 0 int, 100 cont) and 1460 constraints
   1460 constraints of type <linear>
Presolving Time: 0.01
transformed 1/1 original solutions to the transformed problem space

 time | node  | left  |LP iter|LP it/n|mem/heur|mdpt |vars |cons |rows |cuts |sepa|confs|strbr|  dualbound   | primalbound  |  gap   | compl. 
p 0.0s|     1 |     0 |    41 |     - |   locks|   0 | 236 |1460 |1460 |   0 |  0 |   0 |   0 | 5.040000e+02 |-1.723151e+03 |    Inf | unknown
* 0.0s|     1 |     0 |   515 |     - |    LP  |   0 | 236 |1460 |1460 |   0 |  0 |   0 |   0 |-1.501393e+03 |-1.501393e+03 |   0.00%| unknown
  0.0s|     1 |     0 |   515 |     - |    12M |   0 | 236 |1460 |1460 |   0 |  0 |   0 |   0 |-1.501393e+03 |-1.501393e+03 |   0.00%| unknown

SCIP Status        : problem is solved [optimal solution found]
Solving Time (sec) : 0.04
Solving Nodes      : 1
Primal Bound       : -1.50139338235294e+03 (4 solutions)
Dual Bound         : -1.50139338235294e+03
Gap                : 0.00 %
  [linear] <c1461>: <x137>[C] (+20.6580882) +0.547794118<x1>[B] (+1) +0.547794118<x2>[B] (+1) +0.547794118<x3>[B] (+1) +0.547794118<x4>[B] (+1) +0.547794118<x5>[B] (+1) +0.547794118<x6>[B] (+0) +0.547794118<x7>[B] (+1) +0.547794118<x8>[B] (+1) +0.547794118<x9>[B] (+0) +0.547794118<x10>[B] (+1) +0.547794118<x11>[B] (+0) +0.547794118<x12>[B] (+1) +0.547794118<x13>[B] (+1) +0.547794118<x14>[B] (+1) -0.547794118<x15>[B] (+1) +0.547794118<x16>[B] (+1) -0.547794118<x17>[B] (+1) -0.547794118<x18>[B] (+1) +0.547794118<x19>[B] (+1) -0.547794118<x20>[B] (+1) +0.547794118<x21>[B] (+0) -0.547794118<x22>[B] (+1) -0.547794118<x23>[B] (+1) +0.547794118<x24>[B] (+0) +0.547794118<x25>[B] (+0) -0.547794118<x26>[B] (+0) -0.547794118<x27>[B] (+1) +0.547794118<x28>[B] (+1) +0.547794118<x29>[B] (+1) -0.547794118<x30>[B] (+1) +0.547794118<x31>[B] (+1) +0.547794118<x32>[B] (+1) +0.547794118<x33>[B] (+1) +0.547794118<x34>[B] (+1) +0.547794118<x35>[B] (+0) +0.547794118<x36>[B] (+1) +0.547794118<x37>[B] (+1) +0.547794118<x38>[B] (+0) +0.547794118<x39>[B] (+0) -0.547794118<x40>[B] (+0) +0.547794118<x41>[B] (+0) +0.547794118<x42>[B] (+1) +0.547794118<x43>[B] (+1) -0.547794118<x44>[B] (+1) +0.547794118<x45>[B] (+0) +0.547794118<x46>[B] (+0) +0.547794118<x47>[B] (+1) +0.547794118<x48>[B] (+0) +0.547794118<x49>[B] (+1) +0.547794118<x50>[B] (+1) +0.547794118<x51>[B] (+0) +0.547794118<x52>[B] (+0) -0.547794118<x53>[B] (+0) +0.547794118<x54>[B] (+0) +0.547794118<x55>[B] (+0) +0.547794118<x56>[B] (+0) -0.547794118<x57>[B] (+0) +0.547794118<x58>[B] (+0) -0.547794118<x59>[B] (+1) -0.547794118<x60>[B] (+0) -0.547794118<x61>[B] (+1) -0.547794118<x62>[B] (+1) -0.547794118<x63>[B] (+0) +0.547794118<x64>[B] (+0) -0.547794118<x65>[B] (+0) -0.547794118<x66>[B] (+0) -0.547794118<x67>[B] (+1) -0.547794118<x68>[B] (+1) -0.547794118<x69>[B] (+1) -0.547794118<x70>[B] (+0) +0.547794118<x71>[B] (+0) +0.547794118<x72>[B] (+0) +0.547794118<x73>[B] (+0) +0.547794118<x74>[B] (+0) +0.547794118<x75>[B] (+0) -0.547794118<x76>[B] (+0) -0.547794118<x77>[B] (+0) +0.547794118<x78>[B] (+0) +0.547794118<x79>[B] (+0) -0.547794118<x80>[B] (+0) +0.547794118<x81>[B] (+0) -0.547794118<x82>[B] (+1) -0.547794118<x83>[B] (+1) -0.547794118<x84>[B] (+1) +0.547794118<x85>[B] (+1) -0.547794118<x86>[B] (+0) -0.547794118<x87>[B] (+1) -0.547794118<x88>[B] (+1) +0.547794118<x89>[B] (+1) -0.547794118<x90>[B] (+1) +0.547794118<x91>[B] (+1) +0.547794118<x92>[B] (+0) +0.547794118<x93>[B] (+0) +0.547794118<x94>[B] (+0) -0.547794118<x95>[B] (+0) -0.547794118<x96>[B] (+0) +0.547794118<x97>[B] (+0) +0.547794118<x98>[B] (+0) -0.547794118<x99>[B] (+0) +0.547794118<x100>[B] (+0) +0.547794118<x101>[B] (+0) +0.547794118<x102>[B] (+0) -0.547794118<x103>[B] (+0) -0.547794118<x104>[B] (+0) +0.547794118<x105>[B] (+0) +0.547794118<x106>[B] (+0) -0.547794118<x107>[B] (+0) +0.547794118<x108>[B] (+0) +0.547794118<x109>[B] (+1) -0.547794118<x110>[B] (+0) -0.547794118<x111>[B] (+1) -0.547794118<x112>[B] (+1) +0.547794118<x113>[B] (+1) -0.547794118<x114>[B] (+1) +0.547794118<x115>[B] (+1) -0.547794118<x116>[B] (+0) -0.547794118<x117>[B] (+1) -0.547794118<x118>[B] (+1) -0.547794118<x119>[B] (+1) -0.547794118<x120>[B] (+1) -0.547794118<x121>[B] (+1) +0.547794118<x122>[B] (+1) +0.547794118<x123>[B] (+1) +0.547794118<x124>[B] (+1) -0.547794118<x125>[B] (+1) +0.547794118<x126>[B] (+1) +0.547794118<x127>[B] (+1) +0.547794118<x128>[B] (+1) -0.547794118<x129>[B] (+1) +0.547794118<x130>[B] (+1) +0.547794118<x131>[B] (+1) -0.547794118<x132>[B] (+1) +0.547794118<x133>[B] (+0) -0.547794118<x134>[B] (+1) +0.547794118<x135>[B] (+0) +0.547794118<x136>[B] (+0) >= 24.5147058823529;
;
violation: left hand side is violated by 0.0220588235294237
  [linear] <c1461>: <x137>[C] (+15.5294118) +0.547794118<x1>[B] (+0) +0.547794118<x2>[B] (+0) +0.547794118<x3>[B] (+0) +0.547794118<x4>[B] (+0) +0.547794118<x5>[B] (+0) +0.547794118<x6>[B] (+1) +0.547794118<x7>[B] (+0) +0.547794118<x8>[B] (+1) +0.547794118<x9>[B] (+1) +0.547794118<x10>[B] (+0) +0.547794118<x11>[B] (+1) +0.547794118<x12>[B] (+0) +0.547794118<x13>[B] (+1) +0.547794118<x14>[B] (+1) -0.547794118<x15>[B] (+1) +0.547794118<x16>[B] (+1) -0.547794118<x17>[B] (+0) -0.547794118<x18>[B] (+0) +0.547794118<x19>[B] (+0) -0.547794118<x20>[B] (+0) +0.547794118<x21>[B] (+1) -0.547794118<x22>[B] (+0) -0.547794118<x23>[B] (+1) +0.547794118<x24>[B] (+1) +0.547794118<x25>[B] (+1) -0.547794118<x26>[B] (+1) -0.547794118<x27>[B] (+0) +0.547794118<x28>[B] (+1) +0.547794118<x29>[B] (+1) -0.547794118<x30>[B] (+1) +0.547794118<x31>[B] (+1) +0.547794118<x32>[B] (+0) +0.547794118<x33>[B] (+0) +0.547794118<x34>[B] (+0) +0.547794118<x35>[B] (+1) +0.547794118<x36>[B] (+0) +0.547794118<x37>[B] (+1) +0.547794118<x38>[B] (+1) +0.547794118<x39>[B] (+1) -0.547794118<x40>[B] (+1) +0.547794118<x41>[B] (+0) +0.547794118<x42>[B] (+1) +0.547794118<x43>[B] (+1) -0.547794118<x44>[B] (+1) +0.547794118<x45>[B] (+1) +0.547794118<x46>[B] (+1) +0.547794118<x47>[B] (+0) +0.547794118<x48>[B] (+1) +0.547794118<x49>[B] (+0) +0.547794118<x50>[B] (+1) +0.547794118<x51>[B] (+1) +0.547794118<x52>[B] (+1) -0.547794118<x53>[B] (+1) +0.547794118<x54>[B] (+1) +0.547794118<x55>[B] (+1) +0.547794118<x56>[B] (+1) -0.547794118<x57>[B] (+1) +0.547794118<x58>[B] (+1) -0.547794118<x59>[B] (+0) -0.547794118<x60>[B] (+1) -0.547794118<x61>[B] (+0) -0.547794118<x62>[B] (+1) -0.547794118<x63>[B] (+1) +0.547794118<x64>[B] (+1) -0.547794118<x65>[B] (+1) -0.547794118<x66>[B] (+1) -0.547794118<x67>[B] (+1) -0.547794118<x68>[B] (+1) -0.547794118<x69>[B] (+1) -0.547794118<x70>[B] (+1) +0.547794118<x71>[B] (+1) +0.547794118<x72>[B] (+0) +0.547794118<x73>[B] (+1) +0.547794118<x74>[B] (+1) +0.547794118<x75>[B] (+1) -0.547794118<x76>[B] (+1) -0.547794118<x77>[B] (+1) +0.547794118<x78>[B] (+1) +0.547794118<x79>[B] (+1) -0.547794118<x80>[B] (+1) +0.547794118<x81>[B] (+1) -0.547794118<x82>[B] (+0) -0.547794118<x83>[B] (+0) -0.547794118<x84>[B] (+0) +0.547794118<x85>[B] (+0) -0.547794118<x86>[B] (+1) -0.547794118<x87>[B] (+0) -0.547794118<x88>[B] (+0) +0.547794118<x89>[B] (+0) -0.547794118<x90>[B] (+0) +0.547794118<x91>[B] (+0) +0.547794118<x92>[B] (+1) +0.547794118<x93>[B] (+1) +0.547794118<x94>[B] (+1) -0.547794118<x95>[B] (+1) -0.547794118<x96>[B] (+1) +0.547794118<x97>[B] (+1) +0.547794118<x98>[B] (+1) -0.547794118<x99>[B] (+1) +0.547794118<x100>[B] (+1) +0.547794118<x101>[B] (+1) +0.547794118<x102>[B] (+0) -0.547794118<x103>[B] (+1) -0.547794118<x104>[B] (+0) +0.547794118<x105>[B] (+1) +0.547794118<x106>[B] (+1) -0.547794118<x107>[B] (+1) +0.547794118<x108>[B] (+0) +0.547794118<x109>[B] (+0) -0.547794118<x110>[B] (+1) -0.547794118<x111>[B] (+0) -0.547794118<x112>[B] (+0) +0.547794118<x113>[B] (+0) -0.547794118<x114>[B] (+0) +0.547794118<x115>[B] (+0) -0.547794118<x116>[B] (+1) -0.547794118<x117>[B] (+0) -0.547794118<x118>[B] (+1) -0.547794118<x119>[B] (+1) -0.547794118<x120>[B] (+1) -0.547794118<x121>[B] (+1) +0.547794118<x122>[B] (+0) +0.547794118<x123>[B] (+0) +0.547794118<x124>[B] (+0) -0.547794118<x125>[B] (+0) +0.547794118<x126>[B] (+0) +0.547794118<x127>[B] (+1) +0.547794118<x128>[B] (+1) -0.547794118<x129>[B] (+1) +0.547794118<x130>[B] (+1) +0.547794118<x131>[B] (+0) -0.547794118<x132>[B] (+0) +0.547794118<x133>[B] (+0) -0.547794118<x134>[B] (+0) +0.547794118<x135>[B] (+0) +0.547794118<x136>[B] (+0) >= 24.5147058823529;
;
violation: left hand side is violated by 0.220588235294137
2/4 feasible solutions given by solution candidate storage, new primal bound -9.999986e+06

presolving:
   (0.0s) symmetry computation started: requiring (bin +, int +, cont +), (fixed: bin -, int -, cont -)
   (0.0s) no symmetry present (symcode time: 0.00)
presolving (0 rounds: 0 fast, 0 medium, 0 exhaustive):
 0 deleted vars, 0 deleted constraints, 0 added constraints, 0 tightened bounds, 0 added holes, 0 changed sides, 0 changed coefficients
 0 implications, 0 cliques, 0 implied integral variables (0 bin, 0 int, 0 cont)
presolved problem has 236 variables (136 bin, 0 int, 100 cont) and 1554 constraints
   1554 constraints of type <linear>
Presolving Time: 0.01
transformed 2/2 original solutions to the transformed problem space

 time | node  | left  |LP iter|LP it/n|mem/heur|mdpt |vars |cons |rows |cuts |sepa|confs|strbr|  dualbound   | primalbound  |  gap   | compl. 
p 0.0s|     1 |     0 |    43 |     - |   locks|   0 | 236 |1554 |1554 |   0 |  0 |   0 |   0 | 5.040000e+02 |-1.789680e+03 |    Inf | unknown
  0.1s|     1 |     0 |   791 |     - |    21M |   0 | 236 |1554 |1554 |   0 |  0 |   0 |   0 |-1.510752e+03 |-1.789680e+03 |  18.46%| unknown
r 0.1s|     1 |     0 |   791 |     - |shifting|   0 | 236 |1554 |1554 |   0 |  0 |   0 |   0 |-1.510752e+03 |-1.728753e+03 |  14.43%| unknown
  0.2s|     1 |     0 |   819 |     - |    23M |   0 | 236 |1554 |1555 |   1 |  1 |   0 |   0 |-1.511059e+03 |-1.728753e+03 |  14.41%| unknown
r 0.2s|     1 |     0 |   819 |     - |shifting|   0 | 236 |1554 |1555 |   1 |  1 |   0 |   0 |-1.511059e+03 |-1.707162e+03 |  12.98%| unknown
  0.2s|     1 |     0 |   881 |     - |    23M |   0 | 236 |1554 |1556 |   2 |  2 |   0 |   0 |-1.511328e+03 |-1.707162e+03 |  12.96%| unknown
  0.4s|     1 |     0 |   934 |     - |    25M |   0 | 236 |1554 |1558 |   4 |  3 |   0 |   0 |-1.511477e+03 |-1.707162e+03 |  12.95%| unknown
  0.5s|     1 |     0 |   980 |     - |    28M |   0 | 236 |1554 |1560 |   6 |  4 |   0 |   0 |-1.511613e+03 |-1.707162e+03 |  12.94%| unknown
r 0.5s|     1 |     0 |   980 |     - |shifting|   0 | 236 |1554 |1560 |   6 |  4 |   0 |   0 |-1.511613e+03 |-1.698187e+03 |  12.34%| unknown
  0.6s|     1 |     0 |  1026 |     - |    32M |   0 | 236 |1554 |1562 |   8 |  5 |   0 |   0 |-1.511860e+03 |-1.698187e+03 |  12.32%| unknown
  0.7s|     1 |     0 |  1068 |     - |    35M |   0 | 236 |1554 |1565 |  11 |  6 |   0 |   0 |-1.511881e+03 |-1.698187e+03 |  12.32%| unknown
  0.8s|     1 |     0 |  1097 |     - |    35M |   0 | 236 |1555 |1568 |  14 |  7 |   1 |   0 |-1.511923e+03 |-1.698187e+03 |  12.32%| unknown
r 0.8s|     1 |     0 |  1097 |     - |shifting|   0 | 236 |1555 |1568 |  14 |  7 |   1 |   0 |-1.511923e+03 |-1.682821e+03 |  11.30%| unknown
  1.0s|     1 |     0 |  1152 |     - |    39M |   0 | 236 |1555 |1569 |  15 |  8 |   1 |   0 |-1.511985e+03 |-1.682821e+03 |  11.30%| unknown
  1.1s|     1 |     0 |  1191 |     - |    39M |   0 | 236 |1555 |1570 |  16 |  9 |   1 |   0 |-1.512000e+03 |-1.682821e+03 |  11.30%| unknown
 time | node  | left  |LP iter|LP it/n|mem/heur|mdpt |vars |cons |rows |cuts |sepa|confs|strbr|  dualbound   | primalbound  |  gap   | compl. 
  1.3s|     1 |     0 |  1236 |     - |    45M |   0 | 236 |1555 |1571 |  17 | 10 |   1 |   0 |-1.512034e+03 |-1.682821e+03 |  11.30%| unknown
  1.3s|     1 |     0 |  1253 |     - |    45M |   0 | 236 |1555 |1573 |  19 | 11 |   1 |   0 |-1.512037e+03 |-1.682821e+03 |  11.29%| unknown
  1.3s|     1 |     0 |  1258 |     - |    45M |   0 | 236 |1556 |1574 |  20 | 12 |   2 |   0 |-1.512037e+03 |-1.682821e+03 |  11.29%| unknown
  1.4s|     1 |     0 |  1262 |     - |    45M |   0 | 236 |1556 |1576 |  22 | 13 |   2 |   0 |-1.512038e+03 |-1.682821e+03 |  11.29%| unknown
  1.4s|     1 |     0 |  1263 |     - |    46M |   0 | 236 |1557 |1577 |  23 | 14 |   3 |   0 |-1.512038e+03 |-1.682821e+03 |  11.29%| unknown
  1.4s|     1 |     0 |  1281 |     - |    46M |   0 | 236 |1557 |1579 |  25 | 15 |   3 |   0 |-1.512042e+03 |-1.682821e+03 |  11.29%| unknown
r 1.5s|     1 |     0 |  1410 |     - |intshift|   0 | 236 |1557 |1579 |  25 | 15 |   3 |   0 |-1.512042e+03 |-1.565607e+03 |   3.54%| unknown
d 1.5s|     1 |     0 |  1824 |     - |farkasdi|   0 | 236 |1557 |1579 |   0 | 15 |   3 |   0 |-1.512042e+03 |-1.517555e+03 |   0.36%| unknown
d 1.5s|     1 |     0 |  2151 |     - |conflict|   0 | 236 |1564 |1579 |   0 | 15 |  10 |   0 |-1.512042e+03 |-1.517548e+03 |   0.36%| unknown
L 1.7s|     1 |     0 |  2151 |     - |    rens|   0 | 236 |1564 |1579 |  25 | 15 |  10 |   0 |-1.512042e+03 |-1.515695e+03 |   0.24%| unknown
  1.7s|     1 |     0 |  2151 |     - |    46M |   0 | 236 |1564 |1579 |  25 | 15 |  10 |   0 |-1.512042e+03 |-1.515695e+03 |   0.24%| unknown
  1.7s|     1 |     0 |  2151 |     - |    46M |   0 | 236 |1564 |1287 |  25 | 15 |  10 |   0 |-1.512042e+03 |-1.515695e+03 |   0.24%| unknown
  1.7s|     1 |     0 |  2155 |     - |    46M |   0 | 236 |1564 |1289 |  27 | 16 |  10 |   0 |-1.512043e+03 |-1.515695e+03 |   0.24%| unknown
  1.7s|     1 |     0 |  2166 |     - |    46M |   0 | 236 |1564 |1290 |  28 | 17 |  10 |   0 |-1.512044e+03 |-1.515695e+03 |   0.24%| unknown
  1.7s|     1 |     0 |  2166 |     - |    46M |   0 | 236 |1167 |1290 |  28 | 17 |  10 |   0 |-1.512044e+03 |-1.515695e+03 |   0.24%| unknown
 time | node  | left  |LP iter|LP it/n|mem/heur|mdpt |vars |cons |rows |cuts |sepa|confs|strbr|  dualbound   | primalbound  |  gap   | compl. 
  1.8s|     1 |     0 |  2193 |     - |    46M |   0 | 236 |1167 |1291 |  29 | 18 |  10 |   0 |-1.512048e+03 |-1.515695e+03 |   0.24%| unknown
  1.8s|     1 |     0 |  2195 |     - |    46M |   0 | 236 |1167 |1292 |  30 | 19 |  10 |   0 |-1.512048e+03 |-1.515695e+03 |   0.24%| unknown
(run 1, node 1) restarting after 27 global fixings of integer variables

(restart) converted 30 cuts from the global cut pool into linear constraints

presolving:
presolving (0 rounds: 0 fast, 0 medium, 0 exhaustive):
 0 deleted vars, 0 deleted constraints, 0 added constraints, 0 tightened bounds, 0 added holes, 0 changed sides, 0 changed coefficients
 0 implications, 0 cliques, 0 implied integral variables (0 bin, 0 int, 0 cont)
presolved problem has 236 variables (136 bin, 0 int, 100 cont) and 1197 constraints
   1187 constraints of type <linear>
     10 constraints of type <logicor>
Presolving Time: 0.01
transformed 23/28 original solutions to the transformed problem space

 time | node  | left  |LP iter|LP it/n|mem/heur|mdpt |vars |cons |rows |cuts |sepa|confs|strbr|  dualbound   | primalbound  |  gap   | compl. 
  1.9s|     1 |     0 |  3085 |     - |    47M |   0 | 236 |1197 |1187 |   0 |  0 |  10 |   0 |-1.512048e+03 |-1.515695e+03 |   0.24%| unknown
  2.0s|     1 |     0 |  3160 |     - |    47M |   0 | 236 |1197 |1188 |   1 |  1 |  10 |   0 |-1.512077e+03 |-1.515695e+03 |   0.24%| unknown
  2.1s|     1 |     0 |  3199 |     - |    47M |   0 | 236 |1197 |1189 |   2 |  2 |  10 |   0 |-1.512083e+03 |-1.515695e+03 |   0.24%| unknown
  2.2s|     1 |     0 |  3226 |     - |    47M |   0 | 236 |1197 |1190 |   3 |  3 |  10 |   0 |-1.512091e+03 |-1.515695e+03 |   0.24%| unknown
  2.3s|     1 |     0 |  3296 |     - |    47M |   0 | 236 |1197 |1192 |   5 |  4 |  10 |   0 |-1.512109e+03 |-1.515695e+03 |   0.24%| unknown
  2.5s|     1 |     0 |  3304 |     - |    47M |   0 | 236 |1197 |1193 |   6 |  5 |  10 |   0 |-1.512110e+03 |-1.515695e+03 |   0.24%| unknown
  2.6s|     1 |     0 |  3358 |     - |    49M |   0 | 236 |1197 |1194 |   7 |  6 |  10 |   0 |-1.512131e+03 |-1.515695e+03 |   0.24%| unknown
  2.6s|     1 |     0 |  3358 |     - |    49M |   0 | 236 |1197 |1182 |   7 |  6 |  10 |   0 |-1.512131e+03 |-1.515695e+03 |   0.24%| unknown
  2.7s|     1 |     0 |  3378 |     - |    49M |   0 | 236 |1197 |1183 |   8 |  7 |  10 |   0 |-1.512134e+03 |-1.515695e+03 |   0.24%| unknown
  2.8s|     1 |     0 |  3387 |     - |    52M |   0 | 236 |1197 |1184 |   9 |  8 |  10 |   0 |-1.512134e+03 |-1.515695e+03 |   0.24%| unknown
  3.0s|     1 |     0 |  3399 |     - |    52M |   0 | 236 |1197 |1185 |  10 |  9 |  10 |   0 |-1.512134e+03 |-1.515695e+03 |   0.24%| unknown
  3.1s|     1 |     0 |  3438 |     - |    57M |   0 | 236 |1197 |1186 |  11 | 10 |  10 |   0 |-1.512139e+03 |-1.515695e+03 |   0.24%| unknown
  3.1s|     1 |     0 |  3442 |     - |    57M |   0 | 236 |1197 |1187 |  12 | 11 |  10 |   0 |-1.512140e+03 |-1.515695e+03 |   0.24%| unknown
  3.1s|     1 |     0 |  3442 |     - |    57M |   0 | 236 |1171 |1187 |  12 | 11 |  10 |   0 |-1.512140e+03 |-1.515695e+03 |   0.24%| unknown
  3.2s|     1 |     0 |  3452 |     - |    57M |   0 | 236 |1171 |1175 |  13 | 12 |  10 |   0 |-1.512140e+03 |-1.515695e+03 |   0.24%| unknown
 time | node  | left  |LP iter|LP it/n|mem/heur|mdpt |vars |cons |rows |cuts |sepa|confs|strbr|  dualbound   | primalbound  |  gap   | compl. 
  3.2s|     1 |     0 |  3467 |     - |    57M |   0 | 236 |1171 |1176 |  14 | 13 |  10 |   0 |-1.512140e+03 |-1.515695e+03 |   0.24%| unknown
  3.2s|     1 |     0 |  3475 |     - |    57M |   0 | 236 |1171 |1177 |  15 | 14 |  10 |   0 |-1.512140e+03 |-1.515695e+03 |   0.24%| unknown
  3.3s|     1 |     0 |  3489 |     - |    57M |   0 | 236 |1171 |1178 |  16 | 15 |  10 |   0 |-1.512141e+03 |-1.515695e+03 |   0.24%| unknown
  3.3s|     1 |     0 |  3495 |     - |    57M |   0 | 236 |1171 |1179 |  17 | 16 |  10 |   0 |-1.512142e+03 |-1.515695e+03 |   0.23%| unknown
  3.3s|     1 |     0 |  3503 |     - |    58M |   0 | 236 |1171 |1180 |  18 | 17 |  10 |   0 |-1.512142e+03 |-1.515695e+03 |   0.23%| unknown
  3.4s|     1 |     0 |  3511 |     - |    58M |   0 | 236 |1171 |1176 |  20 | 18 |  10 |   0 |-1.512142e+03 |-1.515695e+03 |   0.23%| unknown
  3.4s|     1 |     0 |  3521 |     - |    58M |   0 | 236 |1171 |1177 |  21 | 19 |  10 |   0 |-1.512142e+03 |-1.515695e+03 |   0.23%| unknown
  3.4s|     1 |     0 |  3558 |     - |    58M |   0 | 236 |1171 |1178 |  22 | 20 |  10 |   0 |-1.512145e+03 |-1.515695e+03 |   0.23%| unknown
  3.5s|     1 |     0 |  3578 |     - |    58M |   0 | 236 |1171 |1179 |  23 | 21 |  10 |   0 |-1.512146e+03 |-1.515695e+03 |   0.23%| unknown
  3.5s|     1 |     0 |  3589 |     - |    58M |   0 | 236 |1171 |1180 |  24 | 22 |  10 |   0 |-1.512146e+03 |-1.515695e+03 |   0.23%| unknown
  4.1s|     1 |     0 |  4245 |     - |    58M |   0 | 236 |1146 |1180 |  24 | 22 |  20 |  15 |-1.512839e+03 |-1.515695e+03 |   0.19%| unknown
  4.1s|     1 |     0 |  4245 |     - |    58M |   0 | 236 |1146 |1003 |  24 | 22 |  20 |  15 |-1.512839e+03 |-1.515695e+03 |   0.19%| unknown
  4.1s|     1 |     0 |  4269 |     - |    58M |   0 | 236 |1146 |1004 |  25 | 23 |  20 |  15 |-1.512895e+03 |-1.515695e+03 |   0.19%| unknown
  4.1s|     1 |     0 |  4269 |     - |    58M |   0 | 236 |1146 | 965 |  25 | 23 |  20 |  15 |-1.512895e+03 |-1.515695e+03 |   0.19%| unknown
  4.1s|     1 |     0 |  4269 |     - |    58M |   0 | 236 | 958 | 965 |  25 | 24 |  20 |  15 |-1.512895e+03 |-1.515695e+03 |   0.19%| unknown
 time | node  | left  |LP iter|LP it/n|mem/heur|mdpt |vars |cons |rows |cuts |sepa|confs|strbr|  dualbound   | primalbound  |  gap   | compl. 
  4.1s|     1 |     0 |  4327 |     - |    58M |   0 | 236 | 922 | 965 |  25 | 25 |  22 |  16 |-1.513600e+03 |-1.515695e+03 |   0.14%| unknown
  4.2s|     1 |     0 |  4327 |     - |    58M |   0 | 236 | 922 | 788 |  25 | 25 |  22 |  16 |-1.513600e+03 |-1.515695e+03 |   0.14%| unknown
  4.2s|     1 |     0 |  4327 |     - |    58M |   0 | 236 | 806 | 788 |  25 | 26 |  22 |  16 |-1.513600e+03 |-1.515695e+03 |   0.14%| unknown
  4.2s|     1 |     0 |  4355 |     - |    58M |   0 | 236 | 767 | 788 |  25 | 27 |  24 |  17 |-1.513791e+03 |-1.515695e+03 |   0.13%| unknown
  4.2s|     1 |     0 |  4355 |     - |    58M |   0 | 236 | 767 | 788 |  25 | 28 |  24 |  18 |-1.513928e+03 |-1.515695e+03 |   0.12%| unknown
  4.3s|     1 |     0 |  4374 |     - |    58M |   0 | 236 | 720 | 788 |  25 | 29 |  26 |  19 |-1.513928e+03 |-1.515695e+03 |   0.12%| unknown
  4.3s|     1 |     0 |  4386 |     - |    58M |   0 | 236 | 667 | 788 |  25 | 30 |  28 |  20 |-1.513965e+03 |-1.515695e+03 |   0.11%| unknown
  4.3s|     1 |     0 |  4428 |     - |    58M |   0 | 236 | 651 | 788 |  25 | 31 |  35 |  23 |-1.514506e+03 |-1.515695e+03 |   0.08%| unknown
  4.3s|     1 |     0 |  4428 |     - |    58M |   0 | 236 | 651 | 564 |  25 | 31 |  35 |  23 |-1.514506e+03 |-1.515695e+03 |   0.08%| unknown
  4.3s|     1 |     0 |  4428 |     - |    58M |   0 | 236 | 568 | 564 |  25 | 32 |  35 |  23 |-1.514506e+03 |-1.515695e+03 |   0.08%| unknown
  4.3s|     1 |     0 |  4428 |     - |    58M |   0 | 236 | 568 | 564 |  25 | 33 |  35 |  24 |-1.514700e+03 |-1.515695e+03 |   0.07%| unknown
  4.4s|     1 |     0 |  4451 |     - |    58M |   0 | 236 | 561 | 564 |  25 | 34 |  37 |  25 |-1.514785e+03 |-1.515695e+03 |   0.06%| unknown
  4.4s|     1 |     0 |  4451 |     - |    58M |   0 | 236 | 561 | 489 |  25 | 34 |  37 |  25 |-1.514785e+03 |-1.515695e+03 |   0.06%| unknown
  4.4s|     1 |     0 |  4451 |     - |    58M |   0 | 236 | 491 | 489 |  25 | 35 |  37 |  25 |-1.514785e+03 |-1.515695e+03 |   0.06%| unknown
  4.4s|     1 |     0 |  4458 |     - |    58M |   0 | 236 | 472 | 489 |  25 | 36 |  38 |  26 |-1.514797e+03 |-1.515695e+03 |   0.06%| unknown
 time | node  | left  |LP iter|LP it/n|mem/heur|mdpt |vars |cons |rows |cuts |sepa|confs|strbr|  dualbound   | primalbound  |  gap   | compl. 
  4.4s|     1 |     0 |  4458 |     - |    58M |   0 | 236 | 472 | 437 |  25 | 36 |  38 |  26 |-1.514797e+03 |-1.515695e+03 |   0.06%| unknown
  4.4s|     1 |     0 |  4458 |     - |    58M |   0 | 236 | 447 | 437 |  25 | 37 |  38 |  26 |-1.514797e+03 |-1.515695e+03 |   0.06%| unknown
  4.4s|     1 |     0 |  4458 |     - |    58M |   0 | 236 | 447 | 437 |  25 | 38 |  38 |  27 |-1.515176e+03 |-1.515695e+03 |   0.03%| unknown
  4.5s|     1 |     0 |  4473 |     - |    58M |   0 | 236 | 399 | 437 |  25 | 39 |  40 |  28 |-1.515176e+03 |-1.515695e+03 |   0.03%| unknown
  4.5s|     1 |     0 |  4473 |     - |    58M |   0 | 236 | 399 | 382 |  25 | 39 |  40 |  28 |-1.515176e+03 |-1.515695e+03 |   0.03%| unknown
  4.5s|     1 |     0 |  4473 |     - |    58M |   0 | 236 | 387 | 382 |  25 | 40 |  40 |  28 |-1.515176e+03 |-1.515695e+03 |   0.03%| unknown
  4.5s|     1 |     0 |  4486 |     - |    58M |   0 | 236 | 382 | 382 |  25 | 41 |  42 |  29 |-1.515176e+03 |-1.515695e+03 |   0.03%| unknown
  4.5s|     1 |     0 |  4486 |     - |    58M |   0 | 236 | 382 | 360 |  25 | 41 |  42 |  29 |-1.515176e+03 |-1.515695e+03 |   0.03%| unknown
  4.5s|     1 |     0 |  4486 |     - |    58M |   0 | 236 | 364 | 360 |  25 | 42 |  42 |  29 |-1.515176e+03 |-1.515695e+03 |   0.03%| unknown
  4.5s|     1 |     0 |  4488 |     - |    58M |   0 | 236 | 352 | 360 |  25 | 43 |  44 |  30 |-1.515176e+03 |-1.515695e+03 |   0.03%| unknown
  4.6s|     1 |     0 |  4495 |     - |    58M |   0 | 236 | 348 | 360 |  25 | 44 |  49 |  33 |-1.515404e+03 |-1.515695e+03 |   0.02%| unknown
  4.6s|     1 |     0 |  4495 |     - |    58M |   0 | 236 | 348 | 338 |  25 | 44 |  49 |  33 |-1.515404e+03 |-1.515695e+03 |   0.02%| unknown
  4.6s|     1 |     0 |  4495 |     - |    58M |   0 | 236 | 343 | 338 |  25 | 45 |  49 |  33 |-1.515404e+03 |-1.515695e+03 |   0.02%| unknown
  4.6s|     1 |     2 |  4495 |     - |    58M |   0 | 236 | 343 | 338 |  25 | 46 |  49 |  33 |-1.515404e+03 |-1.515695e+03 |   0.02%| unknown

SCIP Status        : problem is solved [optimal solution found]
Solving Time (sec) : 4.58
Solving Nodes      : 3 (total of 4 nodes in 2 runs)
Primal Bound       : -1.51569485294118e+03 (65 solutions)
Dual Bound         : -1.51569485294118e+03
Gap                : 0.00 %
  [linear] <c1555>: <x137>[C] (+18.4889706) +0.518382353<x1>[B] (+1) +0.518382353<x2>[B] (+1) +0.518382353<x3>[B] (+1) +0.518382353<x4>[B] (+1) +0.518382353<x5>[B] (+1) +0.518382353<x6>[B] (+0) +0.518382353<x7>[B] (+1) +0.518382353<x8>[B] (+1) +0.518382353<x9>[B] (+0) +0.518382353<x10>[B] (+1) +0.518382353<x11>[B] (+0) +0.518382353<x12>[B] (+1) +0.518382353<x13>[B] (+1) +0.518382353<x14>[B] (+0) -0.518382353<x15>[B] (+1) +0.518382353<x16>[B] (+1) -0.518382353<x17>[B] (+1) -0.518382353<x18>[B] (+1) +0.518382353<x19>[B] (+1) -0.518382353<x20>[B] (+1) +0.518382353<x21>[B] (+0) -0.518382353<x22>[B] (+1) -0.518382353<x23>[B] (+1) +0.518382353<x24>[B] (+0) +0.518382353<x25>[B] (+1) -0.518382353<x26>[B] (+0) -0.518382353<x27>[B] (+1) +0.518382353<x28>[B] (+1) +0.518382353<x29>[B] (+0) -0.518382353<x30>[B] (+1) +0.518382353<x31>[B] (+1) +0.518382353<x32>[B] (+1) +0.518382353<x33>[B] (+1) +0.518382353<x34>[B] (+1) +0.518382353<x35>[B] (+0) +0.518382353<x36>[B] (+1) +0.518382353<x37>[B] (+1) +0.518382353<x38>[B] (+0) +0.518382353<x39>[B] (+1) -0.518382353<x40>[B] (+0) +0.518382353<x41>[B] (+1) +0.518382353<x42>[B] (+1) +0.518382353<x43>[B] (+0) -0.518382353<x44>[B] (+1) +0.518382353<x45>[B] (+1) +0.518382353<x46>[B] (+0) +0.518382353<x47>[B] (+1) +0.518382353<x48>[B] (+0) +0.518382353<x49>[B] (+1) +0.518382353<x50>[B] (+0) +0.518382353<x51>[B] (+0) +0.518382353<x52>[B] (+0) -0.518382353<x53>[B] (+0) +0.518382353<x54>[B] (+0) +0.518382353<x55>[B] (+0) +0.518382353<x56>[B] (+0) -0.518382353<x57>[B] (+0) +0.518382353<x58>[B] (+0) -0.518382353<x59>[B] (+1) -0.518382353<x60>[B] (+0) -0.518382353<x61>[B] (+1) -0.518382353<x62>[B] (+1) -0.518382353<x63>[B] (+0) +0.518382353<x64>[B] (+0) -0.518382353<x65>[B] (+0) -0.518382353<x66>[B] (+0) -0.518382353<x67>[B] (+1) -0.518382353<x68>[B] (+0) -0.518382353<x69>[B] (+1) -0.518382353<x70>[B] (+1) +0.518382353<x71>[B] (+0) +0.518382353<x72>[B] (+1) +0.518382353<x73>[B] (+0) +0.518382353<x74>[B] (+0) +0.518382353<x75>[B] (+0) -0.518382353<x76>[B] (+0) -0.518382353<x77>[B] (+0) +0.518382353<x78>[B] (+0) +0.518382353<x79>[B] (+0) -0.518382353<x80>[B] (+0) +0.518382353<x81>[B] (+0) -0.518382353<x82>[B] (+1) -0.518382353<x83>[B] (+1) -0.518382353<x84>[B] (+1) +0.518382353<x85>[B] (+1) -0.518382353<x86>[B] (+0) -0.518382353<x87>[B] (+1) -0.518382353<x88>[B] (+1) +0.518382353<x89>[B] (+1) -0.518382353<x90>[B] (+1) +0.518382353<x91>[B] (+1) +0.518382353<x92>[B] (+0) +0.518382353<x93>[B] (+0) +0.518382353<x94>[B] (+0) -0.518382353<x95>[B] (+0) -0.518382353<x96>[B] (+0) +0.518382353<x97>[B] (+0) +0.518382353<x98>[B] (+0) -0.518382353<x99>[B] (+0) +0.518382353<x100>[B] (+0) +0.518382353<x101>[B] (+0) +0.518382353<x102>[B] (+0) -0.518382353<x103>[B] (+0) -0.518382353<x104>[B] (+0) +0.518382353<x105>[B] (+0) +0.518382353<x106>[B] (+0) -0.518382353<x107>[B] (+0) +0.518382353<x108>[B] (+1) +0.518382353<x109>[B] (+1) -0.518382353<x110>[B] (+0) -0.518382353<x111>[B] (+1) -0.518382353<x112>[B] (+1) +0.518382353<x113>[B] (+1) -0.518382353<x114>[B] (+1) +0.518382353<x115>[B] (+1) -0.518382353<x116>[B] (+0) -0.518382353<x117>[B] (+1) -0.518382353<x118>[B] (+1) -0.518382353<x119>[B] (+0) -0.518382353<x120>[B] (+1) -0.518382353<x121>[B] (+1) +0.518382353<x122>[B] (+1) +0.518382353<x123>[B] (+1) +0.518382353<x124>[B] (+1) -0.518382353<x125>[B] (+1) +0.518382353<x126>[B] (+1) +0.518382353<x127>[B] (+1) +0.518382353<x128>[B] (+0) -0.518382353<x129>[B] (+1) +0.518382353<x130>[B] (+1) +0.518382353<x131>[B] (+0) -0.518382353<x132>[B] (+1) +0.518382353<x133>[B] (+1) -0.518382353<x134>[B] (+1) +0.518382353<x135>[B] (+1) +0.518382353<x136>[B] (+1) >= 24.2352941176471;
;
violation: left hand side is violated by 0.0441176470588012
  [linear] <c1555>: <x137>[C] (+17.9411765) +0.518382353<x1>[B] (+1) +0.518382353<x2>[B] (+0) +0.518382353<x3>[B] (+1) +0.518382353<x4>[B] (+1) +0.518382353<x5>[B] (+1) +0.518382353<x6>[B] (+0) +0.518382353<x7>[B] (+1) +0.518382353<x8>[B] (+1) +0.518382353<x9>[B] (+0) +0.518382353<x10>[B] (+1) +0.518382353<x11>[B] (+0) +0.518382353<x12>[B] (+1) +0.518382353<x13>[B] (+1) +0.518382353<x14>[B] (+0) -0.518382353<x15>[B] (+1) +0.518382353<x16>[B] (+1) -0.518382353<x17>[B] (+0) -0.518382353<x18>[B] (+1) +0.518382353<x19>[B] (+1) -0.518382353<x20>[B] (+1) +0.518382353<x21>[B] (+0) -0.518382353<x22>[B] (+1) -0.518382353<x23>[B] (+1) +0.518382353<x24>[B] (+0) +0.518382353<x25>[B] (+0) -0.518382353<x26>[B] (+0) -0.518382353<x27>[B] (+1) +0.518382353<x28>[B] (+1) +0.518382353<x29>[B] (+0) -0.518382353<x30>[B] (+1) +0.518382353<x31>[B] (+1) +0.518382353<x32>[B] (+1) +0.518382353<x33>[B] (+1) +0.518382353<x34>[B] (+1) +0.518382353<x35>[B] (+0) +0.518382353<x36>[B] (+1) +0.518382353<x37>[B] (+1) +0.518382353<x38>[B] (+1) +0.518382353<x39>[B] (+1) -0.518382353<x40>[B] (+0) +0.518382353<x41>[B] (+1) +0.518382353<x42>[B] (+1) +0.518382353<x43>[B] (+1) -0.518382353<x44>[B] (+1) +0.518382353<x45>[B] (+1) +0.518382353<x46>[B] (+0) +0.518382353<x47>[B] (+1) +0.518382353<x48>[B] (+0) +0.518382353<x49>[B] (+1) +0.518382353<x50>[B] (+0) +0.518382353<x51>[B] (+0) +0.518382353<x52>[B] (+0) -0.518382353<x53>[B] (+0) +0.518382353<x54>[B] (+0) +0.518382353<x55>[B] (+0) +0.518382353<x56>[B] (+0) -0.518382353<x57>[B] (+0) +0.518382353<x58>[B] (+0) -0.518382353<x59>[B] (+1) -0.518382353<x60>[B] (+0) -0.518382353<x61>[B] (+1) -0.518382353<x62>[B] (+1) -0.518382353<x63>[B] (+0) +0.518382353<x64>[B] (+0) -0.518382353<x65>[B] (+0) -0.518382353<x66>[B] (+0) -0.518382353<x67>[B] (+1) -0.518382353<x68>[B] (+0) -0.518382353<x69>[B] (+1) -0.518382353<x70>[B] (+1) +0.518382353<x71>[B] (+0) +0.518382353<x72>[B] (+1) +0.518382353<x73>[B] (+0) +0.518382353<x74>[B] (+0) +0.518382353<x75>[B] (+0) -0.518382353<x76>[B] (+0) -0.518382353<x77>[B] (+0) +0.518382353<x78>[B] (+0) +0.518382353<x79>[B] (+0) -0.518382353<x80>[B] (+0) +0.518382353<x81>[B] (+0) -0.518382353<x82>[B] (+1) -0.518382353<x83>[B] (+1) -0.518382353<x84>[B] (+1) +0.518382353<x85>[B] (+1) -0.518382353<x86>[B] (+0) -0.518382353<x87>[B] (+1) -0.518382353<x88>[B] (+1) +0.518382353<x89>[B] (+1) -0.518382353<x90>[B] (+1) +0.518382353<x91>[B] (+1) +0.518382353<x92>[B] (+0) +0.518382353<x93>[B] (+0) +0.518382353<x94>[B] (+0) -0.518382353<x95>[B] (+0) -0.518382353<x96>[B] (+0) +0.518382353<x97>[B] (+0) +0.518382353<x98>[B] (+0) -0.518382353<x99>[B] (+0) +0.518382353<x100>[B] (+0) +0.518382353<x101>[B] (+0) +0.518382353<x102>[B] (+0) -0.518382353<x103>[B] (+0) -0.518382353<x104>[B] (+0) +0.518382353<x105>[B] (+0) +0.518382353<x106>[B] (+0) -0.518382353<x107>[B] (+0) +0.518382353<x108>[B] (+1) +0.518382353<x109>[B] (+1) -0.518382353<x110>[B] (+0) -0.518382353<x111>[B] (+1) -0.518382353<x112>[B] (+1) +0.518382353<x113>[B] (+1) -0.518382353<x114>[B] (+1) +0.518382353<x115>[B] (+1) -0.518382353<x116>[B] (+0) -0.518382353<x117>[B] (+1) -0.518382353<x118>[B] (+1) -0.518382353<x119>[B] (+0) -0.518382353<x120>[B] (+1) -0.518382353<x121>[B] (+1) +0.518382353<x122>[B] (+1) +0.518382353<x123>[B] (+1) +0.518382353<x124>[B] (+1) -0.518382353<x125>[B] (+1) +0.518382353<x126>[B] (+1) +0.518382353<x127>[B] (+1) +0.518382353<x128>[B] (+0) -0.518382353<x129>[B] (+1) +0.518382353<x130>[B] (+1) +0.518382353<x131>[B] (+0) -0.518382353<x132>[B] (+1) +0.518382353<x133>[B] (+1) -0.518382353<x134>[B] (+1) +0.518382353<x135>[B] (+1) +0.518382353<x136>[B] (+1) >= 24.2352941176471;
;
violation: left hand side is violated by 0.0735294117646781
  [linear] <c1556>: <x138>[C] (+19.5183824) +0.525735294<x1>[B] (+1) +0.525735294<x2>[B] (+1) +0.525735294<x3>[B] (+1) -0.525735294<x4>[B] (+1) +0.525735294<x5>[B] (+1) -0.525735294<x6>[B] (+0) -0.525735294<x7>[B] (+1) -0.525735294<x8>[B] (+1) +0.525735294<x9>[B] (+0) -0.525735294<x10>[B] (+1) +0.525735294<x11>[B] (+0) +0.525735294<x12>[B] (+1) +0.525735294<x13>[B] (+1) +0.525735294<x14>[B] (+0) -0.525735294<x15>[B] (+1) +0.525735294<x16>[B] (+1) -0.525735294<x17>[B] (+1) -0.525735294<x18>[B] (+1) -0.525735294<x19>[B] (+1) -0.525735294<x20>[B] (+1) -0.525735294<x21>[B] (+0) -0.525735294<x22>[B] (+1) -0.525735294<x23>[B] (+1) -0.525735294<x24>[B] (+0) -0.525735294<x25>[B] (+1) -0.525735294<x26>[B] (+0) -0.525735294<x27>[B] (+1) -0.525735294<x28>[B] (+1) -0.525735294<x29>[B] (+0) -0.525735294<x30>[B] (+1) -0.525735294<x31>[B] (+1) -0.525735294<x32>[B] (+1) -0.525735294<x33>[B] (+1) -0.525735294<x34>[B] (+1) -0.525735294<x35>[B] (+0) -0.525735294<x36>[B] (+1) -0.525735294<x37>[B] (+1) -0.525735294<x38>[B] (+0) -0.525735294<x39>[B] (+1) -0.525735294<x40>[B] (+0) +0.525735294<x41>[B] (+1) -0.525735294<x42>[B] (+1) -0.525735294<x43>[B] (+0) -0.525735294<x44>[B] (+1) +0.525735294<x45>[B] (+1) -0.525735294<x46>[B] (+0) +0.525735294<x47>[B] (+1) -0.525735294<x48>[B] (+0) -0.525735294<x49>[B] (+1) -0.525735294<x50>[B] (+1) +0.525735294<x51>[B] (+0) -0.525735294<x52>[B] (+0) +0.525735294<x53>[B] (+0) +0.525735294<x54>[B] (+0) +0.525735294<x55>[B] (+0) +0.525735294<x56>[B] (+0) -0.525735294<x57>[B] (+0) +0.525735294<x58>[B] (+0) +0.525735294<x59>[B] (+1) -0.525735294<x60>[B] (+0) -0.525735294<x61>[B] (+1) -0.525735294<x62>[B] (+1) +0.525735294<x63>[B] (+0) -0.525735294<x64>[B] (+0) +0.525735294<x65>[B] (+0) +0.525735294<x66>[B] (+0) +0.525735294<x67>[B] (+1) +0.525735294<x68>[B] (+0) +0.525735294<x69>[B] (+1) +0.525735294<x70>[B] (+1) -0.525735294<x71>[B] (+0) -0.525735294<x72>[B] (+1) -0.525735294<x73>[B] (+0) -0.525735294<x74>[B] (+0) -0.525735294<x75>[B] (+0) -0.525735294<x76>[B] (+0) +0.525735294<x77>[B] (+0) +0.525735294<x78>[B] (+0) -0.525735294<x79>[B] (+0) -0.525735294<x80>[B] (+0) +0.525735294<x81>[B] (+0) +0.525735294<x82>[B] (+1) +0.525735294<x83>[B] (+1) +0.525735294<x84>[B] (+1) +0.525735294<x85>[B] (+1) +0.525735294<x86>[B] (+0) +0.525735294<x87>[B] (+1) +0.525735294<x88>[B] (+1) +0.525735294<x89>[B] (+0) +0.525735294<x90>[B] (+1) +0.525735294<x91>[B] (+1) +0.525735294<x92>[B] (+0) +0.525735294<x93>[B] (+0) +0.525735294<x94>[B] (+0) +0.525735294<x95>[B] (+0) +0.525735294<x96>[B] (+0) +0.525735294<x97>[B] (+0) +0.525735294<x98>[B] (+0) +0.525735294<x99>[B] (+0) +0.525735294<x100>[B] (+0) +0.525735294<x101>[B] (+0) -0.525735294<x102>[B] (+0) +0.525735294<x103>[B] (+0) +0.525735294<x104>[B] (+0) +0.525735294<x105>[B] (+0) +0.525735294<x106>[B] (+0) +0.525735294<x107>[B] (+0) +0.525735294<x108>[B] (+0) -0.525735294<x109>[B] (+1) +0.525735294<x110>[B] (+0) +0.525735294<x111>[B] (+1) +0.525735294<x112>[B] (+1) -0.525735294<x113>[B] (+0) -0.525735294<x114>[B] (+1) +0.525735294<x115>[B] (+1) +0.525735294<x116>[B] (+0) +0.525735294<x117>[B] (+1) +0.525735294<x118>[B] (+1) +0.525735294<x119>[B] (+0) +0.525735294<x120>[B] (+1) +0.525735294<x121>[B] (+1) +0.525735294<x122>[B] (+1) +0.525735294<x123>[B] (+1) -0.525735294<x124>[B] (+0) -0.525735294<x125>[B] (+1) +0.525735294<x126>[B] (+1) -0.525735294<x127>[B] (+1) -0.525735294<x128>[B] (+0) -0.525735294<x129>[B] (+1) +0.525735294<x130>[B] (+1) -0.525735294<x131>[B] (+0) -0.525735294<x132>[B] (+1) +0.525735294<x133>[B] (+1) -0.525735294<x134>[B] (+1) +0.525735294<x135>[B] (+1) +0.525735294<x136>[B] (+1) >= 19.5845588235294;
;
violation: left hand side is violated by 0.0661764705882462
  [linear] <c1559>: <x141>[C] (+18.4227941) +0.488970588<x1>[B] (+1) +0.488970588<x2>[B] (+0) +0.488970588<x3>[B] (+1) -0.488970588<x4>[B] (+1) +0.488970588<x5>[B] (+1) +0.488970588<x6>[B] (+0) +0.488970588<x7>[B] (+1) -0.488970588<x8>[B] (+1) +0.488970588<x9>[B] (-1.75415238e-14) -0.488970588<x10>[B] (+1) +0.488970588<x11>[B] (+0) +0.488970588<x12>[B] (+1) +0.488970588<x13>[B] (+1) -0.488970588<x14>[B] (+0) +0.488970588<x15>[B] (+1) +0.488970588<x16>[B] (+1) +0.488970588<x17>[B] (+0) -0.488970588<x18>[B] (+1) -0.488970588<x19>[B] (+0) -0.488970588<x20>[B] (+1) +0.488970588<x21>[B] (+0) +0.488970588<x22>[B] (+1) -0.488970588<x23>[B] (+1) -0.488970588<x24>[B] (+0) -0.488970588<x25>[B] (+0) -0.488970588<x26>[B] (+0) +0.488970588<x27>[B] (+1) +0.488970588<x28>[B] (+0) -0.488970588<x29>[B] (+9.32587341e-15) -0.488970588<x30>[B] (+1) +0.488970588<x31>[B] (+1) -0.488970588<x32>[B] (+1) -0.488970588<x33>[B] (+1) -0.488970588<x34>[B] (+1) +0.488970588<x35>[B] (+0) +0.488970588<x36>[B] (+1) -0.488970588<x37>[B] (+1) -0.488970588<x38>[B] (+1) -0.488970588<x39>[B] (+1) -0.488970588<x40>[B] (+0) +0.488970588<x41>[B] (+1) +0.488970588<x42>[B] (+1) -0.488970588<x43>[B] (+1) -0.488970588<x44>[B] (+1) +0.488970588<x45>[B] (+1) -0.488970588<x46>[B] (+0) -0.488970588<x47>[B] (+1) +0.488970588<x48>[B] (+0) +0.488970588<x49>[B] (+1) -0.488970588<x50>[B] (+0) +0.488970588<x51>[B] (+0) -0.488970588<x52>[B] (+0) +0.488970588<x53>[B] (+0) +0.488970588<x54>[B] (+0) +0.488970588<x55>[B] (+0) -0.488970588<x56>[B] (+0) +0.488970588<x57>[B] (+0) +0.488970588<x58>[B] (+0) +0.488970588<x59>[B] (+1) +0.488970588<x60>[B] (+0) +0.488970588<x61>[B] (+1) -0.488970588<x62>[B] (+1) +0.488970588<x63>[B] (-8.21565038e-15) -0.488970588<x64>[B] (+0) +0.488970588<x65>[B] (+0) +0.488970588<x66>[B] (+1) +0.488970588<x67>[B] (+1) +0.488970588<x68>[B] (+9.32587341e-15) +0.488970588<x69>[B] (+1) +0.488970588<x70>[B] (+1) +0.488970588<x71>[B] (+0) +0.488970588<x72>[B] (+0) -0.488970588<x73>[B] (+0) +0.488970588<x74>[B] (+0) -0.488970588<x75>[B] (+0) +0.488970588<x76>[B] (+0) +0.488970588<x77>[B] (+0) +0.488970588<x78>[B] (+0) -0.488970588<x79>[B] (+0) +0.488970588<x80>[B] (+0) +0.488970588<x81>[B] (+0) -0.488970588<x82>[B] (+1) -0.488970588<x83>[B] (+1) -0.488970588<x84>[B] (+1) -0.488970588<x85>[B] (+1) -0.488970588<x86>[B] (+0) -0.488970588<x87>[B] (+1) -0.488970588<x88>[B] (+1) -0.488970588<x89>[B] (+1) -0.488970588<x90>[B] (+1) -0.488970588<x91>[B] (+1) -0.488970588<x92>[B] (+0) -0.488970588<x93>[B] (+0) -0.488970588<x94>[B] (+0) -0.488970588<x95>[B] (+0) -0.488970588<x96>[B] (+0) -0.488970588<x97>[B] (+0) -0.488970588<x98>[B] (+0) -0.488970588<x99>[B] (+0) -0.488970588<x100>[B] (+0) +0.488970588<x101>[B] (+0) +0.488970588<x102>[B] (+0) +0.488970588<x103>[B] (+0) +0.488970588<x104>[B] (+0) +0.488970588<x105>[B] (+0) +0.488970588<x106>[B] (+0) +0.488970588<x107>[B] (+0) +0.488970588<x108>[B] (+1) -0.488970588<x109>[B] (+1) +0.488970588<x110>[B] (+0) +0.488970588<x111>[B] (+1) +0.488970588<x112>[B] (+1) -0.488970588<x113>[B] (+1) -0.488970588<x114>[B] (+1) +0.488970588<x115>[B] (+1) +0.488970588<x116>[B] (+0) +0.488970588<x117>[B] (+1) +0.488970588<x118>[B] (+1) +0.488970588<x119>[B] (+9.32587341e-15) +0.488970588<x120>[B] (+1) +0.488970588<x121>[B] (+1) +0.488970588<x122>[B] (+1) +0.488970588<x123>[B] (+1) -0.488970588<x124>[B] (+1) -0.488970588<x125>[B] (+1) +0.488970588<x126>[B] (+1) +0.488970588<x127>[B] (+0) -0.488970588<x128>[B] (+9.32587341e-15) -0.488970588<x129>[B] (+1) +0.488970588<x130>[B] (+1) -0.488970588<x131>[B] (+9.32587341e-15) -0.488970588<x132>[B] (+1) +0.488970588<x133>[B] (+1) +0.488970588<x134>[B] (+1) +0.488970588<x135>[B] (+1) +0.488970588<x136>[B] (+1) >= 20.9044117647059;
;
violation: left hand side is violated by 0.036764705882355
  [linear] <c1556>: <x138>[C] (+19.5183824) +0.525735294<x1>[B] (+1) +0.525735294<x2>[B] (+0) +0.525735294<x3>[B] (+1) -0.525735294<x4>[B] (+1) +0.525735294<x5>[B] (+1) -0.525735294<x6>[B] (+2.46469511e-14) -0.525735294<x7>[B] (+1) -0.525735294<x8>[B] (+1) +0.525735294<x9>[B] (+0) -0.525735294<x10>[B] (+1) +0.525735294<x11>[B] (+0) +0.525735294<x12>[B] (+1) +0.525735294<x13>[B] (+1) +0.525735294<x14>[B] (+0) -0.525735294<x15>[B] (+1) +0.525735294<x16>[B] (+1) -0.525735294<x17>[B] (+0) -0.525735294<x18>[B] (+1) -0.525735294<x19>[B] (+1) -0.525735294<x20>[B] (+1) -0.525735294<x21>[B] (+0) -0.525735294<x22>[B] (+1) -0.525735294<x23>[B] (+1) -0.525735294<x24>[B] (+0) -0.525735294<x25>[B] (+1) -0.525735294<x26>[B] (+0) -0.525735294<x27>[B] (+1) -0.525735294<x28>[B] (+1) -0.525735294<x29>[B] (+0) -0.525735294<x30>[B] (+1) -0.525735294<x31>[B] (+1) -0.525735294<x32>[B] (+1) -0.525735294<x33>[B] (+1) -0.525735294<x34>[B] (+1) -0.525735294<x35>[B] (+0) -0.525735294<x36>[B] (+1) -0.525735294<x37>[B] (+1) -0.525735294<x38>[B] (+0) -0.525735294<x39>[B] (+1) -0.525735294<x40>[B] (+0) +0.525735294<x41>[B] (+1) -0.525735294<x42>[B] (+1) -0.525735294<x43>[B] (+1) -0.525735294<x44>[B] (+1) +0.525735294<x45>[B] (+1) -0.525735294<x46>[B] (+0) +0.525735294<x47>[B] (+1) -0.525735294<x48>[B] (+0) -0.525735294<x49>[B] (+1) -0.525735294<x50>[B] (+0) +0.525735294<x51>[B] (+0) -0.525735294<x52>[B] (+0) +0.525735294<x53>[B] (+0) +0.525735294<x54>[B] (+0) +0.525735294<x55>[B] (+0) +0.525735294<x56>[B] (+0) -0.525735294<x57>[B] (+0) +0.525735294<x58>[B] (+0) +0.525735294<x59>[B] (+1) -0.525735294<x60>[B] (+0) -0.525735294<x61>[B] (+1) -0.525735294<x62>[B] (+1) +0.525735294<x63>[B] (+0) -0.525735294<x64>[B] (+0) +0.525735294<x65>[B] (+0) +0.525735294<x66>[B] (+0) +0.525735294<x67>[B] (+1) +0.525735294<x68>[B] (+0) +0.525735294<x69>[B] (+1) +0.525735294<x70>[B] (+1) -0.525735294<x71>[B] (+0) -0.525735294<x72>[B] (+1) -0.525735294<x73>[B] (+0) -0.525735294<x74>[B] (+0) -0.525735294<x75>[B] (+0) -0.525735294<x76>[B] (+0) +0.525735294<x77>[B] (+0) +0.525735294<x78>[B] (+0) -0.525735294<x79>[B] (+0) -0.525735294<x80>[B] (+0) +0.525735294<x81>[B] (+0) +0.525735294<x82>[B] (+1) +0.525735294<x83>[B] (+1) +0.525735294<x84>[B] (+1) +0.525735294<x85>[B] (+1) +0.525735294<x86>[B] (+0) +0.525735294<x87>[B] (+1) +0.525735294<x88>[B] (+1) +0.525735294<x89>[B] (+1) +0.525735294<x90>[B] (+1) +0.525735294<x91>[B] (+1) +0.525735294<x92>[B] (+0) +0.525735294<x93>[B] (+0) +0.525735294<x94>[B] (+0) +0.525735294<x95>[B] (+0) +0.525735294<x96>[B] (+0) +0.525735294<x97>[B] (+0) +0.525735294<x98>[B] (+0) +0.525735294<x99>[B] (+0) +0.525735294<x100>[B] (+0) +0.525735294<x101>[B] (+0) -0.525735294<x102>[B] (+0) +0.525735294<x103>[B] (+0) +0.525735294<x104>[B] (+0) +0.525735294<x105>[B] (+0) +0.525735294<x106>[B] (+0) +0.525735294<x107>[B] (+0) +0.525735294<x108>[B] (+1) -0.525735294<x109>[B] (+1) +0.525735294<x110>[B] (+0) +0.525735294<x111>[B] (+1) +0.525735294<x112>[B] (+1) -0.525735294<x113>[B] (+1) -0.525735294<x114>[B] (+1) +0.525735294<x115>[B] (+1) +0.525735294<x116>[B] (+0) +0.525735294<x117>[B] (+1) +0.525735294<x118>[B] (+1) +0.525735294<x119>[B] (+0) +0.525735294<x120>[B] (+1) +0.525735294<x121>[B] (+1) +0.525735294<x122>[B] (+1) +0.525735294<x123>[B] (+1) -0.525735294<x124>[B] (+1) -0.525735294<x125>[B] (+1) +0.525735294<x126>[B] (+1) -0.525735294<x127>[B] (+1) -0.525735294<x128>[B] (+0) -0.525735294<x129>[B] (+1) +0.525735294<x130>[B] (+1) -0.525735294<x131>[B] (+0) -0.525735294<x132>[B] (+1) +0.525735294<x133>[B] (+1) -0.525735294<x134>[B] (+1) +0.525735294<x135>[B] (+1) +0.525735294<x136>[B] (+1) >= 19.5845588235294;
;
violation: left hand side is violated by 0.0661764705882462
  [linear] <c1556>: <x138>[C] (+19.5183824) +0.525735294<x1>[B] (+1) +0.525735294<x2>[B] (+0) +0.525735294<x3>[B] (+1) -0.525735294<x4>[B] (+1) +0.525735294<x5>[B] (+1) -0.525735294<x6>[B] (+0) -0.525735294<x7>[B] (+1) -0.525735294<x8>[B] (+1) +0.525735294<x9>[B] (+0) -0.525735294<x10>[B] (+1) +0.525735294<x11>[B] (+0) +0.525735294<x12>[B] (+1) +0.525735294<x13>[B] (+1) +0.525735294<x14>[B] (+0) -0.525735294<x15>[B] (+1) +0.525735294<x16>[B] (+1) -0.525735294<x17>[B] (+0) -0.525735294<x18>[B] (+1) -0.525735294<x19>[B] (+1) -0.525735294<x20>[B] (+1) -0.525735294<x21>[B] (+0) -0.525735294<x22>[B] (+1) -0.525735294<x23>[B] (+1) -0.525735294<x24>[B] (+0) -0.525735294<x25>[B] (+1) -0.525735294<x26>[B] (+0) -0.525735294<x27>[B] (+1) -0.525735294<x28>[B] (+1) -0.525735294<x29>[B] (+0) -0.525735294<x30>[B] (+1) -0.525735294<x31>[B] (+1) -0.525735294<x32>[B] (+1) -0.525735294<x33>[B] (+1) -0.525735294<x34>[B] (+1) -0.525735294<x35>[B] (+0) -0.525735294<x36>[B] (+1) -0.525735294<x37>[B] (+1) -0.525735294<x38>[B] (+1) -0.525735294<x39>[B] (+1) -0.525735294<x40>[B] (+0) +0.525735294<x41>[B] (+1) -0.525735294<x42>[B] (+1) -0.525735294<x43>[B] (+1) -0.525735294<x44>[B] (+1) +0.525735294<x45>[B] (+1) -0.525735294<x46>[B] (+0) +0.525735294<x47>[B] (+1) -0.525735294<x48>[B] (+0) -0.525735294<x49>[B] (+1) -0.525735294<x50>[B] (+0) +0.525735294<x51>[B] (+0) -0.525735294<x52>[B] (+0) +0.525735294<x53>[B] (+0) +0.525735294<x54>[B] (+0) +0.525735294<x55>[B] (+0) +0.525735294<x56>[B] (+0) -0.525735294<x57>[B] (+0) +0.525735294<x58>[B] (+0) +0.525735294<x59>[B] (+1) -0.525735294<x60>[B] (+0) -0.525735294<x61>[B] (+1) -0.525735294<x62>[B] (+1) +0.525735294<x63>[B] (+0) -0.525735294<x64>[B] (+0) +0.525735294<x65>[B] (+0) +0.525735294<x66>[B] (+0) +0.525735294<x67>[B] (+1) +0.525735294<x68>[B] (+0) +0.525735294<x69>[B] (+1) +0.525735294<x70>[B] (+1) -0.525735294<x71>[B] (+0) -0.525735294<x72>[B] (+1) -0.525735294<x73>[B] (+0) -0.525735294<x74>[B] (+0) -0.525735294<x75>[B] (+0) -0.525735294<x76>[B] (+0) +0.525735294<x77>[B] (+0) +0.525735294<x78>[B] (+0) -0.525735294<x79>[B] (+0) -0.525735294<x80>[B] (+0) +0.525735294<x81>[B] (+0) +0.525735294<x82>[B] (+1) +0.525735294<x83>[B] (+1) +0.525735294<x84>[B] (+1) +0.525735294<x85>[B] (+1) +0.525735294<x86>[B] (+0) +0.525735294<x87>[B] (+1) +0.525735294<x88>[B] (+1) +0.525735294<x89>[B] (+1) +0.525735294<x90>[B] (+1) +0.525735294<x91>[B] (+1) +0.525735294<x92>[B] (+0) +0.525735294<x93>[B] (+0) +0.525735294<x94>[B] (+0) +0.525735294<x95>[B] (+0) +0.525735294<x96>[B] (+0) +0.525735294<x97>[B] (+0) +0.525735294<x98>[B] (+0) +0.525735294<x99>[B] (+0) +0.525735294<x100>[B] (+0) +0.525735294<x101>[B] (+0) -0.525735294<x102>[B] (+0) +0.525735294<x103>[B] (+0) +0.525735294<x104>[B] (+0) +0.525735294<x105>[B] (+0) +0.525735294<x106>[B] (+0) +0.525735294<x107>[B] (+0) +0.525735294<x108>[B] (+1) -0.525735294<x109>[B] (+1) +0.525735294<x110>[B] (+0) +0.525735294<x111>[B] (+1) +0.525735294<x112>[B] (+1) -0.525735294<x113>[B] (+0) -0.525735294<x114>[B] (+1) +0.525735294<x115>[B] (+1) +0.525735294<x116>[B] (+0) +0.525735294<x117>[B] (+1) +0.525735294<x118>[B] (+1) +0.525735294<x119>[B] (+0) +0.525735294<x120>[B] (+1) +0.525735294<x121>[B] (+1) +0.525735294<x122>[B] (+1) +0.525735294<x123>[B] (+1) -0.525735294<x124>[B] (+1) -0.525735294<x125>[B] (+1) +0.525735294<x126>[B] (+1) -0.525735294<x127>[B] (+1) -0.525735294<x128>[B] (+0) -0.525735294<x129>[B] (+1) +0.525735294<x130>[B] (+1) -0.525735294<x131>[B] (+0) -0.525735294<x132>[B] (+1) +0.525735294<x133>[B] (+1) -0.525735294<x134>[B] (+1) +0.525735294<x135>[B] (+1) +0.525735294<x136>[B] (+1) >= 19.5845588235294;
;
violation: left hand side is violated by 0.0661764705882462
  [linear] <c1557>: <x139>[C] (+22.9007353) +0.569852941<x1>[B] (+0) +0.569852941<x2>[B] (+1) +0.569852941<x3>[B] (+1) +0.569852941<x4>[B] (+1) -0.569852941<x5>[B] (+1) +0.569852941<x6>[B] (+0) +0.569852941<x7>[B] (+1) +0.569852941<x8>[B] (+1) -0.569852941<x9>[B] (+1) -0.569852941<x10>[B] (+0) +0.569852941<x11>[B] (+0) -0.569852941<x12>[B] (+1) -0.569852941<x13>[B] (+1) +0.569852941<x14>[B] (+1) -0.569852941<x15>[B] (+1) -0.569852941<x16>[B] (+1) +0.569852941<x17>[B] (+1) -0.569852941<x18>[B] (+1) -0.569852941<x19>[B] (+1) -0.569852941<x20>[B] (+1) +0.569852941<x21>[B] (+0) +0.569852941<x22>[B] (+1) -0.569852941<x23>[B] (+1) -0.569852941<x24>[B] (+1) -0.569852941<x25>[B] (+1) +0.569852941<x26>[B] (+0) -0.569852941<x27>[B] (+1) -0.569852941<x28>[B] (+1) +0.569852941<x29>[B] (+1) -0.569852941<x30>[B] (+1) -0.569852941<x31>[B] (+1) -0.569852941<x32>[B] (+1) -0.569852941<x33>[B] (+1) -0.569852941<x34>[B] (+1) -0.569852941<x35>[B] (+0) -0.569852941<x36>[B] (+1) -0.569852941<x37>[B] (+1) -0.569852941<x38>[B] (+0) -0.569852941<x39>[B] (+0) -0.569852941<x40>[B] (+0) -0.569852941<x41>[B] (+1) -0.569852941<x42>[B] (+0) -0.569852941<x43>[B] (+1) -0.569852941<x44>[B] (+1) -0.569852941<x45>[B] (+1) +0.569852941<x46>[B] (+0) -0.569852941<x47>[B] (+1) +0.569852941<x48>[B] (+0) +0.569852941<x49>[B] (+1) -0.569852941<x50>[B] (+1) -0.569852941<x51>[B] (+0) -0.569852941<x52>[B] (+0) +0.569852941<x53>[B] (+0) -0.569852941<x54>[B] (+0) -0.569852941<x55>[B] (+0) +0.569852941<x56>[B] (+0) -0.569852941<x57>[B] (+1) -0.569852941<x58>[B] (+1) -0.569852941<x59>[B] (+1) +0.569852941<x60>[B] (+0) +0.569852941<x61>[B] (+1) -0.569852941<x62>[B] (+1) -0.569852941<x63>[B] (+0) -0.569852941<x64>[B] (+0) +0.569852941<x65>[B] (+0) -0.569852941<x66>[B] (+1) -0.569852941<x67>[B] (+0) +0.569852941<x68>[B] (+1) -0.569852941<x69>[B] (+1) -0.569852941<x70>[B] (+1) +0.569852941<x71>[B] (+0) +0.569852941<x72>[B] (+0) +0.569852941<x73>[B] (+0) +0.569852941<x74>[B] (+0) +0.569852941<x75>[B] (+0) +0.569852941<x76>[B] (+0) +0.569852941<x77>[B] (+0) +0.569852941<x78>[B] (+0) +0.569852941<x79>[B] (+0) +0.569852941<x80>[B] (+1) +0.569852941<x81>[B] (+0) +0.569852941<x82>[B] (+1) -0.569852941<x83>[B] (+1) -0.569852941<x84>[B] (+1) -0.569852941<x85>[B] (+1) -0.569852941<x86>[B] (+0) -0.569852941<x87>[B] (+1) -0.569852941<x88>[B] (+1) +0.569852941<x89>[B] (+1) -0.569852941<x90>[B] (+1) -0.569852941<x91>[B] (+1) -0.569852941<x92>[B] (+1) -0.569852941<x93>[B] (+0) -0.569852941<x94>[B] (+0) -0.569852941<x95>[B] (+0) -0.569852941<x96>[B] (+0) -0.569852941<x97>[B] (+0) +0.569852941<x98>[B] (+0) -0.569852941<x99>[B] (+1) -0.569852941<x100>[B] (+0) -0.569852941<x101>[B] (+0) -0.569852941<x102>[B] (+0) +0.569852941<x103>[B] (+0) -0.569852941<x104>[B] (+0) -0.569852941<x105>[B] (+0) +0.569852941<x106>[B] (+0) -0.569852941<x107>[B] (+1) -0.569852941<x108>[B] (+0) -0.569852941<x109>[B] (+0) +0.569852941<x110>[B] (+0) -0.569852941<x111>[B] (+1) +0.569852941<x112>[B] (+1) +0.569852941<x113>[B] (+1) +0.569852941<x114>[B] (+1) +0.569852941<x115>[B] (+1) +0.569852941<x116>[B] (+0) +0.569852941<x117>[B] (+1) +0.569852941<x118>[B] (+1) +0.569852941<x119>[B] (+1) +0.569852941<x120>[B] (+1) +0.569852941<x121>[B] (+1) -0.569852941<x122>[B] (+1) -0.569852941<x123>[B] (+1) +0.569852941<x124>[B] (+1) -0.569852941<x125>[B] (+1) -0.569852941<x126>[B] (+1) +0.569852941<x127>[B] (+0) +0.569852941<x128>[B] (+1) +0.569852941<x129>[B] (+1) +0.569852941<x130>[B] (+1) +0.569852941<x131>[B] (+1) +0.569852941<x132>[B] (+1) +0.569852941<x133>[B] (+1) -0.569852941<x134>[B] (+1) -0.569852941<x135>[B] (+1) +0.569852941<x136>[B] (+0) >= 11.5404411764706;
;
violation: left hand side is violated by 0.0367647058823657
  [linear] <c1565>: <x148>[C] (+17.3933824) -0.474264706<x1>[B] (+1) +0.474264706<x2>[B] (+1) +0.474264706<x3>[B] (+1) +0.474264706<x4>[B] (+1) +0.474264706<x5>[B] (+1) +0.474264706<x6>[B] (+0) +0.474264706<x7>[B] (+1) +0.474264706<x8>[B] (+1) +0.474264706<x9>[B] (+0) +0.474264706<x10>[B] (+1) -0.474264706<x11>[B] (+0) +0.474264706<x12>[B] (+1) -0.474264706<x13>[B] (+1) +0.474264706<x14>[B] (+0) -0.474264706<x15>[B] (+1) +0.474264706<x16>[B] (+1) +0.474264706<x17>[B] (+0) +0.474264706<x18>[B] (+1) +0.474264706<x19>[B] (+1) +0.474264706<x20>[B] (+1) +0.474264706<x21>[B] (+0) +0.474264706<x22>[B] (+1) +0.474264706<x23>[B] (+1) +0.474264706<x24>[B] (+0) +0.474264706<x25>[B] (+1) -0.474264706<x26>[B] (+0) +0.474264706<x27>[B] (+1) -0.474264706<x28>[B] (+1) +0.474264706<x29>[B] (+0) +0.474264706<x30>[B] (+1) +0.474264706<x31>[B] (+1) -0.474264706<x32>[B] (+1) -0.474264706<x33>[B] (+1) -0.474264706<x34>[B] (+1) +0.474264706<x35>[B] (+0) +0.474264706<x36>[B] (+1) -0.474264706<x37>[B] (+1) +0.474264706<x38>[B] (+0) -0.474264706<x39>[B] (+1) -0.474264706<x40>[B] (+0) -0.474264706<x41>[B] (+1) -0.474264706<x42>[B] (+1) -0.474264706<x43>[B] (+0) -0.474264706<x44>[B] (+1) -0.474264706<x45>[B] (+1) -0.474264706<x46>[B] (+0) -0.474264706<x47>[B] (+1) +0.474264706<x48>[B] (+0) +0.474264706<x49>[B] (+1) -0.474264706<x50>[B] (+0) +0.474264706<x51>[B] (+0) -0.474264706<x52>[B] (+0) -0.474264706<x53>[B] (+0) +0.474264706<x54>[B] (+0) -0.474264706<x55>[B] (+0) -0.474264706<x56>[B] (+0) -0.474264706<x57>[B] (+0) -0.474264706<x58>[B] (+0) +0.474264706<x59>[B] (+1) +0.474264706<x60>[B] (+0) +0.474264706<x61>[B] (+1) +0.474264706<x62>[B] (+1) +0.474264706<x63>[B] (+0) +0.474264706<x64>[B] (+0) -0.474264706<x65>[B] (+0) +0.474264706<x66>[B] (+0) -0.474264706<x67>[B] (+1) +0.474264706<x68>[B] (+0) -0.474264706<x69>[B] (+1) -0.474264706<x70>[B] (+1) +0.474264706<x71>[B] (+0) +0.474264706<x72>[B] (+0) +0.474264706<x73>[B] (+0) +0.474264706<x74>[B] (+0) -0.474264706<x75>[B] (+0) -0.474264706<x76>[B] (+0) +0.474264706<x77>[B] (+0) -0.474264706<x78>[B] (+0) -0.474264706<x79>[B] (+0) -0.474264706<x80>[B] (+0) -0.474264706<x81>[B] (+0) -0.474264706<x82>[B] (+1) -0.474264706<x83>[B] (+1) +0.474264706<x84>[B] (+1) -0.474264706<x85>[B] (+1) -0.474264706<x86>[B] (+0) -0.474264706<x87>[B] (+1) -0.474264706<x88>[B] (+1) -0.474264706<x89>[B] (+1) -0.474264706<x90>[B] (+1) -0.474264706<x91>[B] (+1) -0.474264706<x92>[B] (+0) +0.474264706<x93>[B] (+0) -0.474264706<x94>[B] (+0) -0.474264706<x95>[B] (+0) -0.474264706<x96>[B] (+0) -0.474264706<x97>[B] (+0) -0.474264706<x98>[B] (+0) -0.474264706<x99>[B] (+0) -0.474264706<x100>[B] (+0) +0.474264706<x101>[B] (+0) -0.474264706<x102>[B] (+0) -0.474264706<x103>[B] (+0) +0.474264706<x104>[B] (+0) -0.474264706<x105>[B] (+1) -0.474264706<x106>[B] (+0) -0.474264706<x107>[B] (+0) -0.474264706<x108>[B] (+1) -0.474264706<x109>[B] (+1) -0.474264706<x110>[B] (+0) -0.474264706<x111>[B] (+1) -0.474264706<x112>[B] (+1) -0.474264706<x113>[B] (+1) -0.474264706<x114>[B] (+1) -0.474264706<x115>[B] (+1) -0.474264706<x116>[B] (+0) +0.474264706<x117>[B] (+1) -0.474264706<x118>[B] (+1) -0.474264706<x119>[B] (+0) -0.474264706<x120>[B] (+1) -0.474264706<x121>[B] (+1) +0.474264706<x122>[B] (+1) -0.474264706<x123>[B] (+1) +0.474264706<x124>[B] (+1) +0.474264706<x125>[B] (+1) +0.474264706<x126>[B] (+1) -0.474264706<x127>[B] (+1) -0.474264706<x128>[B] (+0) -0.474264706<x129>[B] (+1) -0.474264706<x130>[B] (+1) +0.474264706<x131>[B] (+0) +0.474264706<x132>[B] (+0) +0.474264706<x133>[B] (+1) -0.474264706<x134>[B] (+1) -0.474264706<x135>[B] (+1) +0.474264706<x136>[B] (+1) >= 12.2132352941176;
;
violation: left hand side is violated by 0.0367647058823515
  [linear] <c1556>: <x138>[C] (+18.9485294) +0.525735294<x1>[B] (+1) +0.525735294<x2>[B] (+1) +0.525735294<x3>[B] (+1) -0.525735294<x4>[B] (+1) +0.525735294<x5>[B] (+1) -0.525735294<x6>[B] (+0) -0.525735294<x7>[B] (+1) -0.525735294<x8>[B] (+1) +0.525735294<x9>[B] (+0) -0.525735294<x10>[B] (+1) +0.525735294<x11>[B] (+0) +0.525735294<x12>[B] (+1) +0.525735294<x13>[B] (+1) +0.525735294<x14>[B] (+0) -0.525735294<x15>[B] (+1) +0.525735294<x16>[B] (+1) -0.525735294<x17>[B] (+0) -0.525735294<x18>[B] (+1) -0.525735294<x19>[B] (+1) -0.525735294<x20>[B] (+1) -0.525735294<x21>[B] (+0) -0.525735294<x22>[B] (+1) -0.525735294<x23>[B] (+1) -0.525735294<x24>[B] (+0) -0.525735294<x25>[B] (+1) -0.525735294<x26>[B] (+0) -0.525735294<x27>[B] (+1) -0.525735294<x28>[B] (+1) -0.525735294<x29>[B] (+0) -0.525735294<x30>[B] (+1) -0.525735294<x31>[B] (+1) -0.525735294<x32>[B] (+1) -0.525735294<x33>[B] (+1) -0.525735294<x34>[B] (+1) -0.525735294<x35>[B] (+0) -0.525735294<x36>[B] (+1) -0.525735294<x37>[B] (+1) -0.525735294<x38>[B] (+0) -0.525735294<x39>[B] (+1) -0.525735294<x40>[B] (+0) +0.525735294<x41>[B] (+1) -0.525735294<x42>[B] (+1) -0.525735294<x43>[B] (+0) -0.525735294<x44>[B] (+1) +0.525735294<x45>[B] (+1) -0.525735294<x46>[B] (+0) +0.525735294<x47>[B] (+1) -0.525735294<x48>[B] (+0) -0.525735294<x49>[B] (+1) -0.525735294<x50>[B] (+0) +0.525735294<x51>[B] (+0) -0.525735294<x52>[B] (+0) +0.525735294<x53>[B] (+0) +0.525735294<x54>[B] (+0) +0.525735294<x55>[B] (+0) +0.525735294<x56>[B] (+0) -0.525735294<x57>[B] (+0) +0.525735294<x58>[B] (+0) +0.525735294<x59>[B] (+1) -0.525735294<x60>[B] (+0) -0.525735294<x61>[B] (+1) -0.525735294<x62>[B] (+1) +0.525735294<x63>[B] (+0) -0.525735294<x64>[B] (+0) +0.525735294<x65>[B] (+0) +0.525735294<x66>[B] (+0) +0.525735294<x67>[B] (+1) +0.525735294<x68>[B] (+0) +0.525735294<x69>[B] (+1) +0.525735294<x70>[B] (+1) -0.525735294<x71>[B] (+0) -0.525735294<x72>[B] (+0) -0.525735294<x73>[B] (+0) -0.525735294<x74>[B] (+0) -0.525735294<x75>[B] (+0) -0.525735294<x76>[B] (+0) +0.525735294<x77>[B] (+0) +0.525735294<x78>[B] (+0) -0.525735294<x79>[B] (+0) -0.525735294<x80>[B] (+0) +0.525735294<x81>[B] (+0) +0.525735294<x82>[B] (+1) +0.525735294<x83>[B] (+1) +0.525735294<x84>[B] (+1) +0.525735294<x85>[B] (+1) +0.525735294<x86>[B] (+0) +0.525735294<x87>[B] (+1) +0.525735294<x88>[B] (+1) +0.525735294<x89>[B] (+1) +0.525735294<x90>[B] (+1) +0.525735294<x91>[B] (+1) +0.525735294<x92>[B] (+0) +0.525735294<x93>[B] (+0) +0.525735294<x94>[B] (+0) +0.525735294<x95>[B] (+0) +0.525735294<x96>[B] (+0) +0.525735294<x97>[B] (+0) +0.525735294<x98>[B] (+0) +0.525735294<x99>[B] (+0) +0.525735294<x100>[B] (+0) +0.525735294<x101>[B] (+0) -0.525735294<x102>[B] (+0) +0.525735294<x103>[B] (+0) +0.525735294<x104>[B] (+0) +0.525735294<x105>[B] (+0) +0.525735294<x106>[B] (+0) +0.525735294<x107>[B] (+0) +0.525735294<x108>[B] (+0) -0.525735294<x109>[B] (+1) +0.525735294<x110>[B] (+0) +0.525735294<x111>[B] (+1) +0.525735294<x112>[B] (+1) -0.525735294<x113>[B] (+1) -0.525735294<x114>[B] (+1) +0.525735294<x115>[B] (+1) +0.525735294<x116>[B] (+0) +0.525735294<x117>[B] (+1) +0.525735294<x118>[B] (+1) +0.525735294<x119>[B] (+0) +0.525735294<x120>[B] (+1) +0.525735294<x121>[B] (+1) +0.525735294<x122>[B] (+1) +0.525735294<x123>[B] (+1) -0.525735294<x124>[B] (+1) -0.525735294<x125>[B] (+1) +0.525735294<x126>[B] (+1) -0.525735294<x127>[B] (+1) -0.525735294<x128>[B] (+0) -0.525735294<x129>[B] (+1) +0.525735294<x130>[B] (+1) -0.525735294<x131>[B] (+0) -0.525735294<x132>[B] (+0) +0.525735294<x133>[B] (+0) -0.525735294<x134>[B] (+1) +0.525735294<x135>[B] (+1) +0.525735294<x136>[B] (+0) >= 19.5845588235294;
;
violation: left hand side is violated by 0.110294117647019
  [linear] <c1556>: <x138>[C] (+18.9485294) +0.525735294<x1>[B] (+0) +0.525735294<x2>[B] (+0) +0.525735294<x3>[B] (+1) -0.525735294<x4>[B] (+1) +0.525735294<x5>[B] (+1) -0.525735294<x6>[B] (+0) -0.525735294<x7>[B] (+1) -0.525735294<x8>[B] (+1) +0.525735294<x9>[B] (+0) -0.525735294<x10>[B] (+1) +0.525735294<x11>[B] (+0) +0.525735294<x12>[B] (+1) +0.525735294<x13>[B] (+1) +0.525735294<x14>[B] (+0) -0.525735294<x15>[B] (+1) +0.525735294<x16>[B] (+1) -0.525735294<x17>[B] (+0) -0.525735294<x18>[B] (+1) -0.525735294<x19>[B] (+1) -0.525735294<x20>[B] (+1) -0.525735294<x21>[B] (+0) -0.525735294<x22>[B] (+1) -0.525735294<x23>[B] (+1) -0.525735294<x24>[B] (+0) -0.525735294<x25>[B] (+1) -0.525735294<x26>[B] (+0) -0.525735294<x27>[B] (+1) -0.525735294<x28>[B] (+1) -0.525735294<x29>[B] (+0) -0.525735294<x30>[B] (+1) -0.525735294<x31>[B] (+1) -0.525735294<x32>[B] (+1) -0.525735294<x33>[B] (+1) -0.525735294<x34>[B] (+1) -0.525735294<x35>[B] (+0) -0.525735294<x36>[B] (+1) -0.525735294<x37>[B] (+1) -0.525735294<x38>[B] (+0) -0.525735294<x39>[B] (+1) -0.525735294<x40>[B] (+0) +0.525735294<x41>[B] (+1) -0.525735294<x42>[B] (+1) -0.525735294<x43>[B] (+1) -0.525735294<x44>[B] (+1) +0.525735294<x45>[B] (+1) -0.525735294<x46>[B] (+0) +0.525735294<x47>[B] (+1) -0.525735294<x48>[B] (+0) -0.525735294<x49>[B] (+0) -0.525735294<x50>[B] (+0) +0.525735294<x51>[B] (+0) -0.525735294<x52>[B] (+0) +0.525735294<x53>[B] (+0) +0.525735294<x54>[B] (+0) +0.525735294<x55>[B] (+0) +0.525735294<x56>[B] (+0) -0.525735294<x57>[B] (+0) +0.525735294<x58>[B] (+0) +0.525735294<x59>[B] (+1) -0.525735294<x60>[B] (+0) -0.525735294<x61>[B] (+1) -0.525735294<x62>[B] (+1) +0.525735294<x63>[B] (+0) -0.525735294<x64>[B] (+0) +0.525735294<x65>[B] (+0) +0.525735294<x66>[B] (+0) +0.525735294<x67>[B] (+1) +0.525735294<x68>[B] (+0) +0.525735294<x69>[B] (+1) +0.525735294<x70>[B] (+1) -0.525735294<x71>[B] (+0) -0.525735294<x72>[B] (+0) -0.525735294<x73>[B] (+0) -0.525735294<x74>[B] (+0) -0.525735294<x75>[B] (+0) -0.525735294<x76>[B] (+0) +0.525735294<x77>[B] (+0) +0.525735294<x78>[B] (+0) -0.525735294<x79>[B] (+0) -0.525735294<x80>[B] (+0) +0.525735294<x81>[B] (+0) +0.525735294<x82>[B] (+1) +0.525735294<x83>[B] (+1) +0.525735294<x84>[B] (+1) +0.525735294<x85>[B] (+1) +0.525735294<x86>[B] (+0) +0.525735294<x87>[B] (+1) +0.525735294<x88>[B] (+1) +0.525735294<x89>[B] (+1) +0.525735294<x90>[B] (+1) +0.525735294<x91>[B] (+1) +0.525735294<x92>[B] (+0) +0.525735294<x93>[B] (+0) +0.525735294<x94>[B] (+0) +0.525735294<x95>[B] (+0) +0.525735294<x96>[B] (+0) +0.525735294<x97>[B] (+0) +0.525735294<x98>[B] (+0) +0.525735294<x99>[B] (+0) +0.525735294<x100>[B] (+0) +0.525735294<x101>[B] (+0) -0.525735294<x102>[B] (+0) +0.525735294<x103>[B] (+0) +0.525735294<x104>[B] (+0) +0.525735294<x105>[B] (+0) +0.525735294<x106>[B] (+0) +0.525735294<x107>[B] (+0) +0.525735294<x108>[B] (+0) -0.525735294<x109>[B] (+1) +0.525735294<x110>[B] (+0) +0.525735294<x111>[B] (+1) +0.525735294<x112>[B] (+1) -0.525735294<x113>[B] (+1) -0.525735294<x114>[B] (+1) +0.525735294<x115>[B] (+1) +0.525735294<x116>[B] (+0) +0.525735294<x117>[B] (+1) +0.525735294<x118>[B] (+1) +0.525735294<x119>[B] (+0) +0.525735294<x120>[B] (+1) +0.525735294<x121>[B] (+1) +0.525735294<x122>[B] (+1) +0.525735294<x123>[B] (+1) -0.525735294<x124>[B] (+1) -0.525735294<x125>[B] (+1) +0.525735294<x126>[B] (+1) -0.525735294<x127>[B] (+1) -0.525735294<x128>[B] (+0) -0.525735294<x129>[B] (+1) +0.525735294<x130>[B] (+1) -0.525735294<x131>[B] (+0) -0.525735294<x132>[B] (+0) +0.525735294<x133>[B] (+1) -0.525735294<x134>[B] (+1) +0.525735294<x135>[B] (+1) +0.525735294<x136>[B] (+1) >= 19.5845588235294;
;
violation: left hand side is violated by 0.110294117647026
all 10 solutions given by solution candidate storage are infeasible

feasible solution found by trivial heuristic after 0.0 seconds, objective value -9.999986e+06
presolving:
   (0.0s) symmetry computation started: requiring (bin +, int +, cont +), (fixed: bin -, int -, cont -)
   (0.0s) no symmetry present (symcode time: 0.00)
presolving (0 rounds: 0 fast, 0 medium, 0 exhaustive):
 0 deleted vars, 0 deleted constraints, 0 added constraints, 0 tightened bounds, 0 added holes, 0 changed sides, 0 changed coefficients
 0 implications, 0 cliques, 0 implied integral variables (0 bin, 0 int, 0 cont)
presolved problem has 236 variables (136 bin, 0 int, 100 cont) and 1638 constraints
   1638 constraints of type <linear>
Presolving Time: 0.02
transformed 1/1 original solutions to the transformed problem space

 time | node  | left  |LP iter|LP it/n|mem/heur|mdpt |vars |cons |rows |cuts |sepa|confs|strbr|  dualbound   | primalbound  |  gap   | compl. 
p 0.0s|     1 |     0 |    46 |     - |   locks|   0 | 236 |1638 |1638 |   0 |  0 |   0 |   0 | 5.040000e+02 |-1.777452e+03 |    Inf | unknown
  0.1s|     1 |     0 |   853 |     - |    61M |   0 | 236 |1638 |1638 |   0 |  0 |   0 |   0 |-1.515260e+03 |-1.777452e+03 |  17.30%| unknown
r 0.1s|     1 |     0 |   853 |     - |shifting|   0 | 236 |1638 |1638 |   0 |  0 |   0 |   0 |-1.515260e+03 |-1.759390e+03 |  16.11%| unknown
  0.2s|     1 |     0 |   874 |     - |    62M |   0 | 236 |1638 |1639 |   1 |  1 |   0 |   0 |-1.515407e+03 |-1.759390e+03 |  16.10%| unknown
r 0.2s|     1 |     0 |   874 |     - |shifting|   0 | 236 |1638 |1639 |   1 |  1 |   0 |   0 |-1.515407e+03 |-1.754981e+03 |  15.81%| unknown
  0.3s|     1 |     0 |   896 |     - |    62M |   0 | 236 |1638 |1641 |   3 |  2 |   0 |   0 |-1.515568e+03 |-1.754981e+03 |  15.80%| unknown
r 0.3s|     1 |     0 |   896 |     - |shifting|   0 | 236 |1638 |1641 |   3 |  2 |   0 |   0 |-1.515568e+03 |-1.701624e+03 |  12.28%| unknown
  0.4s|     1 |     0 |   927 |     - |    62M |   0 | 236 |1638 |1645 |   7 |  3 |   0 |   0 |-1.515637e+03 |-1.701624e+03 |  12.27%| unknown
  0.4s|     1 |     0 |   969 |     - |    62M |   0 | 236 |1638 |1647 |   9 |  4 |   0 |   0 |-1.515741e+03 |-1.701624e+03 |  12.26%| unknown
  0.6s|     1 |     0 |  1012 |     - |    62M |   0 | 236 |1638 |1648 |  10 |  5 |   0 |   0 |-1.515804e+03 |-1.701624e+03 |  12.26%| unknown
r 0.6s|     1 |     0 |  1012 |     - |shifting|   0 | 236 |1638 |1648 |  10 |  5 |   0 |   0 |-1.515804e+03 |-1.692926e+03 |  11.68%| unknown
  0.7s|     1 |     0 |  1030 |     - |    62M |   0 | 236 |1638 |1649 |  11 |  6 |   0 |   0 |-1.515823e+03 |-1.692926e+03 |  11.68%| unknown
  0.7s|     1 |     0 |  1043 |     - |    63M |   0 | 236 |1638 |1650 |  12 |  7 |   0 |   0 |-1.515835e+03 |-1.692926e+03 |  11.68%| unknown
  0.8s|     1 |     0 |  1075 |     - |    63M |   0 | 236 |1638 |1652 |  14 |  8 |   0 |   0 |-1.515862e+03 |-1.692926e+03 |  11.68%| unknown
  0.9s|     1 |     0 |  1086 |     - |    63M |   0 | 236 |1638 |1654 |  16 |  9 |   0 |   0 |-1.515869e+03 |-1.692926e+03 |  11.68%| unknown
 time | node  | left  |LP iter|LP it/n|mem/heur|mdpt |vars |cons |rows |cuts |sepa|confs|strbr|  dualbound   | primalbound  |  gap   | compl. 
  1.0s|     1 |     0 |  1130 |     - |    63M |   0 | 236 |1638 |1656 |  18 | 10 |   0 |   0 |-1.515890e+03 |-1.692926e+03 |  11.68%| unknown
  1.0s|     1 |     0 |  1144 |     - |    63M |   0 | 236 |1638 |1658 |  20 | 11 |   0 |   0 |-1.515894e+03 |-1.692926e+03 |  11.68%| unknown
  1.1s|     1 |     0 |  1161 |     - |    63M |   0 | 236 |1638 |1661 |  23 | 12 |   0 |   0 |-1.515897e+03 |-1.692926e+03 |  11.68%| unknown
  1.1s|     1 |     0 |  1165 |     - |    64M |   0 | 236 |1638 |1664 |  26 | 13 |   0 |   0 |-1.515899e+03 |-1.692926e+03 |  11.68%| unknown
r 1.1s|     1 |     0 |  1306 |     - |intshift|   0 | 236 |1638 |1664 |  26 | 13 |   0 |   0 |-1.515899e+03 |-1.554812e+03 |   2.57%| unknown
d 1.2s|     1 |     0 |  1689 |     - |farkasdi|   0 | 236 |1638 |1664 |   0 | 13 |   0 |   0 |-1.515899e+03 |-1.519018e+03 |   0.21%| unknown
L 1.3s|     1 |     0 |  1689 |     - |    rens|   0 | 236 |1638 |1664 |  26 | 13 |   0 |   0 |-1.515899e+03 |-1.518607e+03 |   0.18%| unknown
  1.3s|     1 |     0 |  1689 |     - |    64M |   0 | 236 |1638 |1664 |  26 | 13 |   0 |   0 |-1.515899e+03 |-1.518607e+03 |   0.18%| unknown
  1.3s|     1 |     0 |  1689 |     - |    64M |   0 | 236 |1638 |1132 |  26 | 13 |   0 |   0 |-1.515899e+03 |-1.518607e+03 |   0.18%| unknown
  1.3s|     1 |     0 |  1689 |     - |    64M |   0 | 236 |1017 |1132 |  26 | 14 |   0 |   0 |-1.515899e+03 |-1.518607e+03 |   0.18%| unknown
(run 1, node 1) restarting after 43 global fixings of integer variables

(restart) converted 26 cuts from the global cut pool into linear constraints

presolving:
presolving (0 rounds: 0 fast, 0 medium, 0 exhaustive):
 0 deleted vars, 0 deleted constraints, 0 added constraints, 0 tightened bounds, 0 added holes, 0 changed sides, 0 changed coefficients
 0 implications, 0 cliques, 0 implied integral variables (0 bin, 0 int, 0 cont)
presolved problem has 236 variables (136 bin, 0 int, 100 cont) and 1043 constraints
   1043 constraints of type <linear>
Presolving Time: 0.02
transformed 17/21 original solutions to the transformed problem space

 time | node  | left  |LP iter|LP it/n|mem/heur|mdpt |vars |cons |rows |cuts |sepa|confs|strbr|  dualbound   | primalbound  |  gap   | compl. 
  1.4s|     1 |     0 |  2609 |     - |    65M |   0 | 236 |1043 |1043 |   0 |  0 |   0 |   0 |-1.515899e+03 |-1.518607e+03 |   0.18%| unknown
  1.5s|     1 |     0 |  2660 |     - |    65M |   0 | 236 |1043 |1044 |   1 |  1 |   0 |   0 |-1.515958e+03 |-1.518607e+03 |   0.17%| unknown
  1.6s|     1 |     0 |  2662 |     - |    65M |   0 | 236 |1043 |1045 |   2 |  2 |   0 |   0 |-1.515958e+03 |-1.518607e+03 |   0.17%| unknown
  2.0s|     1 |     0 |  3425 |     - |    65M |   0 | 236 |1028 |1045 |   2 |  3 |  18 |   2 |-1.516135e+03 |-1.518607e+03 |   0.16%| unknown
  2.0s|     1 |     0 |  3425 |     - |    65M |   0 | 236 |1028 | 980 |   2 |  3 |  18 |   2 |-1.516135e+03 |-1.518607e+03 |   0.16%| unknown
  2.1s|     1 |     0 |  3477 |     - |    66M |   0 | 236 |1028 | 981 |   3 |  4 |  18 |   2 |-1.516286e+03 |-1.518607e+03 |   0.15%| unknown
  2.1s|     1 |     0 |  3477 |     - |    66M |   0 | 236 |1028 | 968 |   3 |  4 |  18 |   2 |-1.516286e+03 |-1.518607e+03 |   0.15%| unknown
  2.1s|     1 |     0 |  3497 |     - |    66M |   0 | 236 |1028 | 969 |   4 |  5 |  18 |   2 |-1.516297e+03 |-1.518607e+03 |   0.15%| unknown
  2.1s|     1 |     0 |  3497 |     - |    66M |   0 | 236 |1001 | 969 |   4 |  5 |  18 |   2 |-1.516297e+03 |-1.518607e+03 |   0.15%| unknown
  2.1s|     1 |     0 |  3522 |     - |    66M |   0 | 236 |1001 | 970 |   5 |  6 |  18 |   2 |-1.516382e+03 |-1.518607e+03 |   0.15%| unknown
  2.1s|     1 |     0 |  3522 |     - |    66M |   0 | 236 |1001 | 956 |   5 |  6 |  18 |   2 |-1.516382e+03 |-1.518607e+03 |   0.15%| unknown
  2.1s|     1 |     0 |  3530 |     - |    66M |   0 | 236 |1001 | 958 |   7 |  7 |  18 |   2 |-1.516383e+03 |-1.518607e+03 |   0.15%| unknown
  2.2s|     1 |     0 |  3530 |     - |    66M |   0 | 236 | 987 | 958 |   7 |  7 |  18 |   2 |-1.516383e+03 |-1.518607e+03 |   0.15%| unknown
  2.2s|     1 |     0 |  3593 |     - |    66M |   0 | 236 | 987 | 960 |   9 |  8 |  18 |   2 |-1.516414e+03 |-1.518607e+03 |   0.14%| unknown
  2.3s|     1 |     0 |  3597 |     - |    66M |   0 | 236 | 987 | 962 |  11 |  9 |  18 |   2 |-1.516414e+03 |-1.518607e+03 |   0.14%| unknown
 time | node  | left  |LP iter|LP it/n|mem/heur|mdpt |vars |cons |rows |cuts |sepa|confs|strbr|  dualbound   | primalbound  |  gap   | compl. 
  2.3s|     1 |     0 |  3597 |     - |    66M |   0 | 236 | 987 | 962 |  11 |  9 |  18 |   3 |-1.517203e+03 |-1.518607e+03 |   0.09%| unknown
  2.4s|     1 |     0 |  3625 |     - |    66M |   0 | 236 | 987 | 963 |  12 | 10 |  18 |   3 |-1.517203e+03 |-1.518607e+03 |   0.09%| unknown
  2.4s|     1 |     0 |  3638 |     - |    66M |   0 | 236 | 987 | 955 |  13 | 11 |  18 |   3 |-1.517203e+03 |-1.518607e+03 |   0.09%| unknown
  2.5s|     1 |     0 |  3638 |     - |    66M |   0 | 236 | 987 | 955 |  13 | 11 |  18 |   7 |-1.517386e+03 |-1.518607e+03 |   0.08%| unknown
  2.6s|     1 |     0 |  3647 |     - |    66M |   0 | 236 | 987 | 956 |  14 | 12 |  18 |   7 |-1.517386e+03 |-1.518607e+03 |   0.08%| unknown
  2.6s|     1 |     0 |  3689 |     - |    66M |   0 | 236 | 987 | 958 |  16 | 13 |  18 |   7 |-1.517386e+03 |-1.518607e+03 |   0.08%| unknown
  2.6s|     1 |     0 |  3689 |     - |    66M |   0 | 236 | 987 | 958 |  16 | 13 |  18 |   9 |-1.517386e+03 |-1.518607e+03 |   0.08%| unknown
  2.7s|     1 |     0 |  3696 |     - |    66M |   0 | 236 | 987 | 959 |  17 | 14 |  18 |   9 |-1.517386e+03 |-1.518607e+03 |   0.08%| unknown
  2.7s|     1 |     0 |  3696 |     - |    66M |   0 | 236 | 987 | 945 |  17 | 14 |  18 |   9 |-1.517386e+03 |-1.518607e+03 |   0.08%| unknown
  2.7s|     1 |     0 |  3714 |     - |    66M |   0 | 236 | 987 | 946 |  18 | 15 |  18 |   9 |-1.517386e+03 |-1.518607e+03 |   0.08%| unknown
  2.8s|     1 |     0 |  3752 |     - |    66M |   0 | 236 | 923 | 946 |  18 | 15 |  20 |  11 |-1.517386e+03 |-1.518607e+03 |   0.08%| unknown
  2.8s|     1 |     0 |  3752 |     - |    66M |   0 | 236 | 923 | 884 |  18 | 15 |  20 |  11 |-1.517386e+03 |-1.518607e+03 |   0.08%| unknown
  2.9s|     1 |     0 |  3784 |     - |    68M |   0 | 236 | 923 | 873 |  19 | 16 |  20 |  11 |-1.517386e+03 |-1.518607e+03 |   0.08%| unknown
  2.9s|     1 |     0 |  3807 |     - |    68M |   0 | 236 | 923 | 874 |  20 | 17 |  20 |  11 |-1.517386e+03 |-1.518607e+03 |   0.08%| unknown
  2.9s|     1 |     0 |  3807 |     - |    68M |   0 | 236 | 908 | 874 |  20 | 17 |  20 |  11 |-1.517386e+03 |-1.518607e+03 |   0.08%| unknown
 time | node  | left  |LP iter|LP it/n|mem/heur|mdpt |vars |cons |rows |cuts |sepa|confs|strbr|  dualbound   | primalbound  |  gap   | compl. 
  2.9s|     1 |     0 |  3811 |     - |    68M |   0 | 236 | 908 | 875 |  21 | 18 |  20 |  11 |-1.517386e+03 |-1.518607e+03 |   0.08%| unknown
  2.9s|     1 |     0 |  3839 |     - |    68M |   0 | 236 | 908 | 877 |  23 | 19 |  20 |  11 |-1.517386e+03 |-1.518607e+03 |   0.08%| unknown
  3.0s|     1 |     0 |  3839 |     - |    68M |   0 | 236 | 908 | 877 |  23 | 19 |  20 |  12 |-1.517386e+03 |-1.518607e+03 |   0.08%| unknown
  3.0s|     1 |     0 |  3854 |     - |    68M |   0 | 236 | 908 | 878 |  24 | 20 |  20 |  12 |-1.517386e+03 |-1.518607e+03 |   0.08%| unknown
  3.0s|     1 |     0 |  3858 |     - |    68M |   0 | 236 | 908 | 879 |  25 | 21 |  20 |  12 |-1.517386e+03 |-1.518607e+03 |   0.08%| unknown
  3.1s|     1 |     0 |  3898 |     - |    68M |   0 | 236 | 854 | 879 |  25 | 21 |  22 |  13 |-1.517386e+03 |-1.518607e+03 |   0.08%| unknown
  3.1s|     1 |     0 |  3898 |     - |    68M |   0 | 236 | 854 | 879 |  25 | 22 |  22 |  14 |-1.517386e+03 |-1.518607e+03 |   0.08%| unknown
  3.2s|     1 |     0 |  3993 |     - |    68M |   0 | 236 | 804 | 879 |  25 | 23 |  28 |  17 |-1.517386e+03 |-1.518607e+03 |   0.08%| unknown
  3.2s|     1 |     0 |  3993 |     - |    68M |   0 | 236 | 804 | 718 |  25 | 23 |  28 |  17 |-1.517386e+03 |-1.518607e+03 |   0.08%| unknown
  3.2s|     1 |     0 |  3999 |     - |    68M |   0 | 236 | 804 | 719 |  26 | 24 |  28 |  17 |-1.517386e+03 |-1.518607e+03 |   0.08%| unknown
  3.2s|     1 |     0 |  3999 |     - |    68M |   0 | 236 | 804 | 706 |  26 | 24 |  28 |  17 |-1.517386e+03 |-1.518607e+03 |   0.08%| unknown
  3.2s|     1 |     0 |  3999 |     - |    68M |   0 | 236 | 713 | 706 |  26 | 25 |  28 |  17 |-1.517386e+03 |-1.518607e+03 |   0.08%| unknown
  3.2s|     1 |     0 |  4000 |     - |    68M |   0 | 236 | 713 | 707 |  27 | 26 |  28 |  17 |-1.517386e+03 |-1.518607e+03 |   0.08%| unknown
  3.3s|     1 |     0 |  4000 |     - |    68M |   0 | 236 | 711 | 707 |  27 | 27 |  28 |  18 |-1.517386e+03 |-1.518607e+03 |   0.08%| unknown
  3.3s|     1 |     0 |  4000 |     - |    68M |   0 | 236 | 711 | 707 |  27 | 28 |  28 |  19 |-1.517386e+03 |-1.518607e+03 |   0.08%| unknown
 time | node  | left  |LP iter|LP it/n|mem/heur|mdpt |vars |cons |rows |cuts |sepa|confs|strbr|  dualbound   | primalbound  |  gap   | compl. 
  3.3s|     1 |     0 |  4008 |     - |    68M |   0 | 236 | 665 | 707 |  27 | 29 |  30 |  20 |-1.517386e+03 |-1.518607e+03 |   0.08%| unknown
  3.3s|     1 |     0 |  4009 |     - |    68M |   0 | 236 | 665 | 708 |  28 | 30 |  30 |  20 |-1.517386e+03 |-1.518607e+03 |   0.08%| unknown
  3.4s|     1 |     0 |  4009 |     - |    68M |   0 | 236 | 660 | 708 |  28 | 31 |  30 |  21 |-1.517386e+03 |-1.518607e+03 |   0.08%| unknown
  3.4s|     1 |     0 |  4009 |     - |    68M |   0 | 236 | 660 | 708 |  28 | 32 |  30 |  22 |-1.517386e+03 |-1.518607e+03 |   0.08%| unknown
  3.4s|     1 |     0 |  4009 |     - |    68M |   0 | 236 | 660 | 708 |  28 | 33 |  30 |  23 |-1.517386e+03 |-1.518607e+03 |   0.08%| unknown
  3.4s|     1 |     2 |  4009 |     - |    68M |   0 | 236 | 660 | 708 |  28 | 34 |  30 |  23 |-1.517386e+03 |-1.518607e+03 |   0.08%| unknown

SCIP Status        : problem is solved [optimal solution found]
Solving Time (sec) : 3.46
Solving Nodes      : 3 (total of 4 nodes in 2 runs)
Primal Bound       : -1.51860661764706e+03 (51 solutions)
Dual Bound         : -1.51860661764706e+03
Gap                : 0.00 %
  [linear] <c1639>: <x139>[C] (+23.5073529) +0.584558824<x1>[B] (+1) +0.584558824<x2>[B] (+0) +0.584558824<x3>[B] (+1) +0.584558824<x4>[B] (+1) -0.584558824<x5>[B] (+1) +0.584558824<x6>[B] (+0) +0.584558824<x7>[B] (+1) +0.584558824<x8>[B] (+1) -0.584558824<x9>[B] (+0) -0.584558824<x10>[B] (+1) +0.584558824<x11>[B] (+0) -0.584558824<x12>[B] (+1) -0.584558824<x13>[B] (+1) +0.584558824<x14>[B] (+0) -0.584558824<x15>[B] (+1) -0.584558824<x16>[B] (+1) +0.584558824<x17>[B] (+0) -0.584558824<x18>[B] (+1) -0.584558824<x19>[B] (+0) -0.584558824<x20>[B] (+1) +0.584558824<x21>[B] (+0) +0.584558824<x22>[B] (+1) -0.584558824<x23>[B] (+1) -0.584558824<x24>[B] (+0) -0.584558824<x25>[B] (+0) +0.584558824<x26>[B] (+0) -0.584558824<x27>[B] (+1) -0.584558824<x28>[B] (+0) +0.584558824<x29>[B] (+0) -0.584558824<x30>[B] (+1) -0.584558824<x31>[B] (+1) -0.584558824<x32>[B] (+1) -0.584558824<x33>[B] (+1) -0.584558824<x34>[B] (+1) -0.584558824<x35>[B] (+0) -0.584558824<x36>[B] (+1) -0.584558824<x37>[B] (+1) -0.584558824<x38>[B] (+0) -0.584558824<x39>[B] (+1) -0.584558824<x40>[B] (+0) -0.584558824<x41>[B] (+1) -0.584558824<x42>[B] (+1) -0.584558824<x43>[B] (+0) -0.584558824<x44>[B] (+1) -0.584558824<x45>[B] (+1) +0.584558824<x46>[B] (+0) -0.584558824<x47>[B] (+1) +0.584558824<x48>[B] (+0) +0.584558824<x49>[B] (+1) -0.584558824<x50>[B] (+0) -0.584558824<x51>[B] (+0) -0.584558824<x52>[B] (+0) +0.584558824<x53>[B] (+0) -0.584558824<x54>[B] (+0) -0.584558824<x55>[B] (+0) +0.584558824<x56>[B] (+0) -0.584558824<x57>[B] (+0) -0.584558824<x58>[B] (+0) -0.584558824<x59>[B] (+1) +0.584558824<x60>[B] (+0) +0.584558824<x61>[B] (+1) -0.584558824<x62>[B] (+1) -0.584558824<x63>[B] (+0) -0.584558824<x64>[B] (+0) +0.584558824<x65>[B] (+0) -0.584558824<x66>[B] (+1) -0.584558824<x67>[B] (+1) +0.584558824<x68>[B] (+0) -0.584558824<x69>[B] (+1) -0.584558824<x70>[B] (+1) +0.584558824<x71>[B] (+0) +0.584558824<x72>[B] (+0) +0.584558824<x73>[B] (+0) +0.584558824<x74>[B] (+0) +0.584558824<x75>[B] (+0) +0.584558824<x76>[B] (+0) +0.584558824<x77>[B] (+0) +0.584558824<x78>[B] (+0) +0.584558824<x79>[B] (+0) +0.584558824<x80>[B] (+0) +0.584558824<x81>[B] (+0) +0.584558824<x82>[B] (+1) -0.584558824<x83>[B] (+1) -0.584558824<x84>[B] (+1) -0.584558824<x85>[B] (+1) -0.584558824<x86>[B] (+0) -0.584558824<x87>[B] (+1) -0.584558824<x88>[B] (+1) +0.584558824<x89>[B] (+1) -0.584558824<x90>[B] (+1) -0.584558824<x91>[B] (+1) -0.584558824<x92>[B] (+0) -0.584558824<x93>[B] (+0) -0.584558824<x94>[B] (+0) -0.584558824<x95>[B] (+0) -0.584558824<x96>[B] (+0) -0.584558824<x97>[B] (+0) +0.584558824<x98>[B] (+0) -0.584558824<x99>[B] (+0) -0.584558824<x100>[B] (+0) -0.584558824<x101>[B] (+0) -0.584558824<x102>[B] (+0) +0.584558824<x103>[B] (+0) -0.584558824<x104>[B] (+0) -0.584558824<x105>[B] (+0) +0.584558824<x106>[B] (+0) -0.584558824<x107>[B] (+0) -0.584558824<x108>[B] (+1) -0.584558824<x109>[B] (+1) +0.584558824<x110>[B] (+0) -0.584558824<x111>[B] (+1) +0.584558824<x112>[B] (+1) +0.584558824<x113>[B] (+1) +0.584558824<x114>[B] (+1) +0.584558824<x115>[B] (+1) +0.584558824<x116>[B] (+0) +0.584558824<x117>[B] (+1) +0.584558824<x118>[B] (+1) +0.584558824<x119>[B] (+0) +0.584558824<x120>[B] (+1) +0.584558824<x121>[B] (+1) -0.584558824<x122>[B] (+1) -0.584558824<x123>[B] (+1) +0.584558824<x124>[B] (+1) -0.584558824<x125>[B] (+1) -0.584558824<x126>[B] (+1) +0.584558824<x127>[B] (+0) +0.584558824<x128>[B] (+0) +0.584558824<x129>[B] (+1) +0.584558824<x130>[B] (+1) +0.584558824<x131>[B] (+0) +0.584558824<x132>[B] (+1) +0.584558824<x133>[B] (+1) -0.584558824<x134>[B] (+1) -0.584558824<x135>[B] (+1) +0.584558824<x136>[B] (+1) >= 11.2536764705882;
;
violation: left hand side is violated by 0.022058823529429
  [linear] <c1649>: <x157>[C] (+20.6727941) -0.547794118<x1>[B] (+1) +0.547794118<x2>[B] (+0) -0.547794118<x3>[B] (+1) +0.547794118<x4>[B] (+1) +0.547794118<x5>[B] (+1) +0.547794118<x6>[B] (+0) +0.547794118<x7>[B] (+1) +0.547794118<x8>[B] (+1) -0.547794118<x9>[B] (+0) +0.547794118<x10>[B] (+1) +0.547794118<x11>[B] (+0) +0.547794118<x12>[B] (+1) +0.547794118<x13>[B] (+1) +0.547794118<x14>[B] (+0) -0.547794118<x15>[B] (+1) +0.547794118<x16>[B] (+1) +0.547794118<x17>[B] (+0) +0.547794118<x18>[B] (+1) +0.547794118<x19>[B] (+0) +0.547794118<x20>[B] (+1) +0.547794118<x21>[B] (+0) +0.547794118<x22>[B] (+1) +0.547794118<x23>[B] (+1) +0.547794118<x24>[B] (+0) +0.547794118<x25>[B] (+0) +0.547794118<x26>[B] (+0) +0.547794118<x27>[B] (+1) +0.547794118<x28>[B] (+0) +0.547794118<x29>[B] (+0) +0.547794118<x30>[B] (+1) +0.547794118<x31>[B] (+1) -0.547794118<x32>[B] (+1) +0.547794118<x33>[B] (+1) -0.547794118<x34>[B] (+1) +0.547794118<x35>[B] (+0) -0.547794118<x36>[B] (+1) +0.547794118<x37>[B] (+1) -0.547794118<x38>[B] (+1) -0.547794118<x39>[B] (+1) -0.547794118<x40>[B] (+0) -0.547794118<x41>[B] (+1) +0.547794118<x42>[B] (+1) -0.547794118<x43>[B] (+0) -0.547794118<x44>[B] (+1) -0.547794118<x45>[B] (+1) +0.547794118<x46>[B] (+0) +0.547794118<x47>[B] (+1) +0.547794118<x48>[B] (+0) +0.547794118<x49>[B] (+1) +0.547794118<x50>[B] (+0) -0.547794118<x51>[B] (+0) +0.547794118<x52>[B] (+0) +0.547794118<x53>[B] (+0) +0.547794118<x54>[B] (+0) +0.547794118<x55>[B] (+0) +0.547794118<x56>[B] (+0) +0.547794118<x57>[B] (+0) +0.547794118<x58>[B] (+0) -0.547794118<x59>[B] (+1) -0.547794118<x60>[B] (+0) -0.547794118<x61>[B] (+1) -0.547794118<x62>[B] (+1) -0.547794118<x63>[B] (+0) -0.547794118<x64>[B] (+0) -0.547794118<x65>[B] (+0) -0.547794118<x66>[B] (+1) +0.547794118<x67>[B] (+1) -0.547794118<x68>[B] (+0) -0.547794118<x69>[B] (+1) -0.547794118<x70>[B] (+1) +0.547794118<x71>[B] (+0) +0.547794118<x72>[B] (+0) +0.547794118<x73>[B] (+0) -0.547794118<x74>[B] (+0) +0.547794118<x75>[B] (+0) +0.547794118<x76>[B] (+0) -0.547794118<x77>[B] (+0) +0.547794118<x78>[B] (+0) +0.547794118<x79>[B] (+0) -0.547794118<x80>[B] (+0) +0.547794118<x81>[B] (+0) -0.547794118<x82>[B] (+1) -0.547794118<x83>[B] (+1) -0.547794118<x84>[B] (+1) -0.547794118<x85>[B] (+1) -0.547794118<x86>[B] (+0) -0.547794118<x87>[B] (+1) +0.547794118<x88>[B] (+1) -0.547794118<x89>[B] (+0) -0.547794118<x90>[B] (+1) -0.547794118<x91>[B] (+1) +0.547794118<x92>[B] (+0) -0.547794118<x93>[B] (+0) +0.547794118<x94>[B] (+0) +0.547794118<x95>[B] (+0) -0.547794118<x96>[B] (+0) +0.547794118<x97>[B] (+0) -0.547794118<x98>[B] (+0) -0.547794118<x99>[B] (+0) +0.547794118<x100>[B] (+0) -0.547794118<x101>[B] (+0) -0.547794118<x102>[B] (+0) -0.547794118<x103>[B] (+0) -0.547794118<x104>[B] (+0) +0.547794118<x105>[B] (+0) -0.547794118<x106>[B] (+0) -0.547794118<x107>[B] (+0) -0.547794118<x108>[B] (+1) +0.547794118<x109>[B] (+1) +0.547794118<x110>[B] (+0) +0.547794118<x111>[B] (+1) +0.547794118<x112>[B] (+1) +0.547794118<x113>[B] (+0) +0.547794118<x114>[B] (+1) +0.547794118<x115>[B] (+1) -0.547794118<x116>[B] (+0) -0.547794118<x117>[B] (+1) +0.547794118<x118>[B] (+1) -0.547794118<x119>[B] (+0) -0.547794118<x120>[B] (+1) -0.547794118<x121>[B] (+1) -0.547794118<x122>[B] (+1) +0.547794118<x123>[B] (+1) -0.547794118<x124>[B] (+0) -0.547794118<x125>[B] (+1) +0.547794118<x126>[B] (+1) +0.547794118<x127>[B] (+0) +0.547794118<x128>[B] (+0) -0.547794118<x129>[B] (+1) +0.547794118<x130>[B] (+1) -0.547794118<x131>[B] (+0) -0.547794118<x132>[B] (+1) -0.547794118<x133>[B] (+1) -0.547794118<x134>[B] (+1) +0.547794118<x135>[B] (+1) +0.547794118<x136>[B] (+1) >= 20.1323529411765;
;
violation: left hand side is violated by 0.00735294117647101
  [linear] <c1645>: <x148>[C] (+16.9558824) -0.488970588<x1>[B] (+1) +0.488970588<x2>[B] (+1) +0.488970588<x3>[B] (+1) +0.488970588<x4>[B] (+1) +0.488970588<x5>[B] (+1) +0.488970588<x6>[B] (+1) +0.488970588<x7>[B] (+1) +0.488970588<x8>[B] (+1) +0.488970588<x9>[B] (+1) +0.488970588<x10>[B] (+1) -0.488970588<x11>[B] (+0) +0.488970588<x12>[B] (+1) -0.488970588<x13>[B] (+1) +0.488970588<x14>[B] (+1) -0.488970588<x15>[B] (+1) +0.488970588<x16>[B] (+1) +0.488970588<x17>[B] (+1) +0.488970588<x18>[B] (+1) +0.488970588<x19>[B] (+1) +0.488970588<x20>[B] (+1) +0.488970588<x21>[B] (+0) +0.488970588<x22>[B] (+1) +0.488970588<x23>[B] (+1) +0.488970588<x24>[B] (+1) +0.488970588<x25>[B] (+1) -0.488970588<x26>[B] (+0) +0.488970588<x27>[B] (+1) -0.488970588<x28>[B] (+1) +0.488970588<x29>[B] (+1) +0.488970588<x30>[B] (+1) +0.488970588<x31>[B] (+1) -0.488970588<x32>[B] (+1) -0.488970588<x33>[B] (+1) -0.488970588<x34>[B] (+1) +0.488970588<x35>[B] (+0) +0.488970588<x36>[B] (+1) -0.488970588<x37>[B] (+1) +0.488970588<x38>[B] (+0) -0.488970588<x39>[B] (+0) -0.488970588<x40>[B] (+0) -0.488970588<x41>[B] (+1) -0.488970588<x42>[B] (+1) -0.488970588<x43>[B] (+1) -0.488970588<x44>[B] (+1) -0.488970588<x45>[B] (+1) -0.488970588<x46>[B] (+0) -0.488970588<x47>[B] (+1) +0.488970588<x48>[B] (+0) +0.488970588<x49>[B] (+1) -0.488970588<x50>[B] (+0) +0.488970588<x51>[B] (+0) -0.488970588<x52>[B] (+0) -0.488970588<x53>[B] (+0) +0.488970588<x54>[B] (+0) -0.488970588<x55>[B] (+1) -0.488970588<x56>[B] (+0) -0.488970588<x57>[B] (+1) -0.488970588<x58>[B] (+0) +0.488970588<x59>[B] (+1) +0.488970588<x60>[B] (+0) +0.488970588<x61>[B] (+1) +0.488970588<x62>[B] (+1) +0.488970588<x63>[B] (+0) +0.488970588<x64>[B] (+0) -0.488970588<x65>[B] (+0) +0.488970588<x66>[B] (+1) -0.488970588<x67>[B] (+1) +0.488970588<x68>[B] (+1) -0.488970588<x69>[B] (+1) -0.488970588<x70>[B] (+1) +0.488970588<x71>[B] (+0) +0.488970588<x72>[B] (+1) +0.488970588<x73>[B] (+0) +0.488970588<x74>[B] (+0) -0.488970588<x75>[B] (+0) -0.488970588<x76>[B] (+0) +0.488970588<x77>[B] (+0) -0.488970588<x78>[B] (+1) -0.488970588<x79>[B] (+0) -0.488970588<x80>[B] (+1) -0.488970588<x81>[B] (+0) -0.488970588<x82>[B] (+1) -0.488970588<x83>[B] (+1) +0.488970588<x84>[B] (+1) -0.488970588<x85>[B] (+1) -0.488970588<x86>[B] (+0) -0.488970588<x87>[B] (+1) -0.488970588<x88>[B] (+1) -0.488970588<x89>[B] (+1) -0.488970588<x90>[B] (+1) -0.488970588<x91>[B] (+1) -0.488970588<x92>[B] (+0) +0.488970588<x93>[B] (+0) -0.488970588<x94>[B] (+0) -0.488970588<x95>[B] (+0) -0.488970588<x96>[B] (+0) -0.488970588<x97>[B] (+0) -0.488970588<x98>[B] (+0) -0.488970588<x99>[B] (+0) -0.488970588<x100>[B] (+0) +0.488970588<x101>[B] (+0) -0.488970588<x102>[B] (+0) -0.488970588<x103>[B] (+0) +0.488970588<x104>[B] (+0) -0.488970588<x105>[B] (+1) -0.488970588<x106>[B] (+1) -0.488970588<x107>[B] (+1) -0.488970588<x108>[B] (+0) -0.488970588<x109>[B] (+1) -0.488970588<x110>[B] (+0) -0.488970588<x111>[B] (+1) -0.488970588<x112>[B] (+1) -0.488970588<x113>[B] (+1) -0.488970588<x114>[B] (+1) -0.488970588<x115>[B] (+1) -0.488970588<x116>[B] (+0) +0.488970588<x117>[B] (+1) -0.488970588<x118>[B] (+1) -0.488970588<x119>[B] (+1) -0.488970588<x120>[B] (+1) -0.488970588<x121>[B] (+1) +0.488970588<x122>[B] (+1) -0.488970588<x123>[B] (+1) +0.488970588<x124>[B] (+1) +0.488970588<x125>[B] (+1) +0.488970588<x126>[B] (+1) -0.488970588<x127>[B] (+1) -0.488970588<x128>[B] (+1) -0.488970588<x129>[B] (+1) -0.488970588<x130>[B] (+1) +0.488970588<x131>[B] (+0) +0.488970588<x132>[B] (+0) +0.488970588<x133>[B] (+0) -0.488970588<x134>[B] (+1) -0.488970588<x135>[B] (+0) +0.488970588<x136>[B] (+0) >= 12.1029411764706;
;
violation: left hand side is violated by 0.0367647058823479
  [linear] <c1640>: <x141>[C] (+17.9705882) +0.503676471<x1>[B] (+1) +0.503676471<x2>[B] (+0) +0.503676471<x3>[B] (+1) -0.503676471<x4>[B] (+1) +0.503676471<x5>[B] (+1) +0.503676471<x6>[B] (+0) +0.503676471<x7>[B] (+1) -0.503676471<x8>[B] (+1) +0.503676471<x9>[B] (+0) -0.503676471<x10>[B] (+1) +0.503676471<x11>[B] (+0) +0.503676471<x12>[B] (+1) +0.503676471<x13>[B] (+1) -0.503676471<x14>[B] (+0) +0.503676471<x15>[B] (+1) +0.503676471<x16>[B] (+1) +0.503676471<x17>[B] (+0) -0.503676471<x18>[B] (+1) -0.503676471<x19>[B] (+1) -0.503676471<x20>[B] (+1) +0.503676471<x21>[B] (+0) +0.503676471<x22>[B] (+1) -0.503676471<x23>[B] (+1) -0.503676471<x24>[B] (+0) -0.503676471<x25>[B] (+1) -0.503676471<x26>[B] (+0) +0.503676471<x27>[B] (+1) +0.503676471<x28>[B] (+1) -0.503676471<x29>[B] (+0) -0.503676471<x30>[B] (+1) +0.503676471<x31>[B] (+1) -0.503676471<x32>[B] (+1) -0.503676471<x33>[B] (+1) -0.503676471<x34>[B] (+1) +0.503676471<x35>[B] (+0) +0.503676471<x36>[B] (+1) -0.503676471<x37>[B] (+1) -0.503676471<x38>[B] (+0) -0.503676471<x39>[B] (+1) -0.503676471<x40>[B] (+0) +0.503676471<x41>[B] (+1) +0.503676471<x42>[B] (+1) -0.503676471<x43>[B] (+1) -0.503676471<x44>[B] (+1) +0.503676471<x45>[B] (+1) -0.503676471<x46>[B] (+0) -0.503676471<x47>[B] (+1) +0.503676471<x48>[B] (+0) +0.503676471<x49>[B] (+1) -0.503676471<x50>[B] (+1) +0.503676471<x51>[B] (+0) -0.503676471<x52>[B] (+0) +0.503676471<x53>[B] (+0) +0.503676471<x54>[B] (+0) +0.503676471<x55>[B] (+0) -0.503676471<x56>[B] (+0) +0.503676471<x57>[B] (+0) +0.503676471<x58>[B] (+1) +0.503676471<x59>[B] (+1) +0.503676471<x60>[B] (+0) +0.503676471<x61>[B] (+1) -0.503676471<x62>[B] (+1) +0.503676471<x63>[B] (+0) -0.503676471<x64>[B] (+0) +0.503676471<x65>[B] (+0) +0.503676471<x66>[B] (+1) +0.503676471<x67>[B] (+1) +0.503676471<x68>[B] (+0) +0.503676471<x69>[B] (+1) +0.503676471<x70>[B] (+1) +0.503676471<x71>[B] (+0) +0.503676471<x72>[B] (+0) -0.503676471<x73>[B] (+0) +0.503676471<x74>[B] (+0) -0.503676471<x75>[B] (+0) +0.503676471<x76>[B] (+0) +0.503676471<x77>[B] (+0) +0.503676471<x78>[B] (+0) -0.503676471<x79>[B] (+0) +0.503676471<x80>[B] (+0) +0.503676471<x81>[B] (+0) -0.503676471<x82>[B] (+1) -0.503676471<x83>[B] (+1) -0.503676471<x84>[B] (+1) -0.503676471<x85>[B] (+1) -0.503676471<x86>[B] (+0) -0.503676471<x87>[B] (+1) -0.503676471<x88>[B] (+1) -0.503676471<x89>[B] (+1) -0.503676471<x90>[B] (+1) -0.503676471<x91>[B] (+1) -0.503676471<x92>[B] (+0) -0.503676471<x93>[B] (+0) -0.503676471<x94>[B] (+0) -0.503676471<x95>[B] (+0) -0.503676471<x96>[B] (+0) -0.503676471<x97>[B] (+0) -0.503676471<x98>[B] (+0) -0.503676471<x99>[B] (+0) -0.503676471<x100>[B] (+0) +0.503676471<x101>[B] (+0) +0.503676471<x102>[B] (+0) +0.503676471<x103>[B] (+0) +0.503676471<x104>[B] (+0) +0.503676471<x105>[B] (+0) +0.503676471<x106>[B] (+0) +0.503676471<x107>[B] (+0) +0.503676471<x108>[B] (+1) -0.503676471<x109>[B] (+1) +0.503676471<x110>[B] (+0) +0.503676471<x111>[B] (+1) +0.503676471<x112>[B] (+1) -0.503676471<x113>[B] (+1) -0.503676471<x114>[B] (+1) +0.503676471<x115>[B] (+1) +0.503676471<x116>[B] (+0) +0.503676471<x117>[B] (+1) +0.503676471<x118>[B] (+1) +0.503676471<x119>[B] (+0) +0.503676471<x120>[B] (+1) +0.503676471<x121>[B] (+1) +0.503676471<x122>[B] (+1) +0.503676471<x123>[B] (+1) -0.503676471<x124>[B] (+1) -0.503676471<x125>[B] (+1) +0.503676471<x126>[B] (+1) +0.503676471<x127>[B] (+1) -0.503676471<x128>[B] (+0) -0.503676471<x129>[B] (+1) +0.503676471<x130>[B] (+1) -0.503676471<x131>[B] (+0) -0.503676471<x132>[B] (+1) +0.503676471<x133>[B] (+1) +0.503676471<x134>[B] (+1) +0.503676471<x135>[B] (+1) +0.503676471<x136>[B] (+1) >= 21.0294117647059;
;
violation: left hand side is violated by 0.0367647058823479
  [linear] <c1640>: <x141>[C] (+18.4595588) +0.503676471<x1>[B] (+1) +0.503676471<x2>[B] (+0) +0.503676471<x3>[B] (+1) -0.503676471<x4>[B] (+1) +0.503676471<x5>[B] (+1) +0.503676471<x6>[B] (+0) +0.503676471<x7>[B] (+1) -0.503676471<x8>[B] (+1) +0.503676471<x9>[B] (+0) -0.503676471<x10>[B] (+1) +0.503676471<x11>[B] (+0) +0.503676471<x12>[B] (+1) +0.503676471<x13>[B] (+1) -0.503676471<x14>[B] (+0) +0.503676471<x15>[B] (+1) +0.503676471<x16>[B] (+1) +0.503676471<x17>[B] (+0) -0.503676471<x18>[B] (+1) -0.503676471<x19>[B] (+1) -0.503676471<x20>[B] (+1) +0.503676471<x21>[B] (+0) +0.503676471<x22>[B] (+1) -0.503676471<x23>[B] (+1) -0.503676471<x24>[B] (+0) -0.503676471<x25>[B] (+1) -0.503676471<x26>[B] (+0) +0.503676471<x27>[B] (+1) +0.503676471<x28>[B] (+1) -0.503676471<x29>[B] (+0) -0.503676471<x30>[B] (+1) +0.503676471<x31>[B] (+1) -0.503676471<x32>[B] (+1) -0.503676471<x33>[B] (+1) -0.503676471<x34>[B] (+1) +0.503676471<x35>[B] (+0) +0.503676471<x36>[B] (+1) -0.503676471<x37>[B] (+1) -0.503676471<x38>[B] (+0) -0.503676471<x39>[B] (+1) -0.503676471<x40>[B] (+0) +0.503676471<x41>[B] (+1) +0.503676471<x42>[B] (+1) -0.503676471<x43>[B] (+1) -0.503676471<x44>[B] (+1) +0.503676471<x45>[B] (+1) -0.503676471<x46>[B] (+0) -0.503676471<x47>[B] (+1) +0.503676471<x48>[B] (+0) +0.503676471<x49>[B] (+1) -0.503676471<x50>[B] (+1) +0.503676471<x51>[B] (+0) -0.503676471<x52>[B] (+0) +0.503676471<x53>[B] (+0) +0.503676471<x54>[B] (+0) +0.503676471<x55>[B] (+0) -0.503676471<x56>[B] (+0) +0.503676471<x57>[B] (+0) +0.503676471<x58>[B] (+1) +0.503676471<x59>[B] (+1) +0.503676471<x60>[B] (+0) +0.503676471<x61>[B] (+1) -0.503676471<x62>[B] (+1) +0.503676471<x63>[B] (+0) -0.503676471<x64>[B] (+0) +0.503676471<x65>[B] (+0) +0.503676471<x66>[B] (+1) +0.503676471<x67>[B] (+1) +0.503676471<x68>[B] (+0) +0.503676471<x69>[B] (+1) +0.503676471<x70>[B] (+1) +0.503676471<x71>[B] (+0) +0.503676471<x72>[B] (+0) -0.503676471<x73>[B] (+0) +0.503676471<x74>[B] (+0) -0.503676471<x75>[B] (+0) +0.503676471<x76>[B] (+0) +0.503676471<x77>[B] (+0) +0.503676471<x78>[B] (+0) -0.503676471<x79>[B] (+0) +0.503676471<x80>[B] (+0) +0.503676471<x81>[B] (+0) -0.503676471<x82>[B] (+1) -0.503676471<x83>[B] (+1) -0.503676471<x84>[B] (+1) -0.503676471<x85>[B] (+1) -0.503676471<x86>[B] (+0) -0.503676471<x87>[B] (+1) -0.503676471<x88>[B] (+1) -0.503676471<x89>[B] (+1) -0.503676471<x90>[B] (+1) -0.503676471<x91>[B] (+1) -0.503676471<x92>[B] (+0) -0.503676471<x93>[B] (+0) -0.503676471<x94>[B] (+0) -0.503676471<x95>[B] (+0) -0.503676471<x96>[B] (+0) -0.503676471<x97>[B] (+0) -0.503676471<x98>[B] (+0) -0.503676471<x99>[B] (+0) -0.503676471<x100>[B] (+0) +0.503676471<x101>[B] (+0) +0.503676471<x102>[B] (+0) +0.503676471<x103>[B] (+0) +0.503676471<x104>[B] (+0) +0.503676471<x105>[B] (+0) +0.503676471<x106>[B] (+0) +0.503676471<x107>[B] (+0) +0.503676471<x108>[B] (+1) -0.503676471<x109>[B] (+1) +0.503676471<x110>[B] (+0) +0.503676471<x111>[B] (+1) +0.503676471<x112>[B] (+1) -0.503676471<x113>[B] (+1) -0.503676471<x114>[B] (+1) +0.503676471<x115>[B] (+1) +0.503676471<x116>[B] (+0) +0.503676471<x117>[B] (+1) +0.503676471<x118>[B] (+1) +0.503676471<x119>[B] (+0) +0.503676471<x120>[B] (+1) +0.503676471<x121>[B] (+1) +0.503676471<x122>[B] (+1) +0.503676471<x123>[B] (+1) -0.503676471<x124>[B] (+1) -0.503676471<x125>[B] (+1) +0.503676471<x126>[B] (+1) +0.503676471<x127>[B] (+0) -0.503676471<x128>[B] (+0) -0.503676471<x129>[B] (+1) +0.503676471<x130>[B] (+1) -0.503676471<x131>[B] (+0) -0.503676471<x132>[B] (+1) +0.503676471<x133>[B] (+1) +0.503676471<x134>[B] (+1) +0.503676471<x135>[B] (+1) +0.503676471<x136>[B] (+1) >= 21.0294117647059;
;
violation: left hand side is violated by 0.051470588235297
  [linear] <c1640>: <x141>[C] (+17.4816176) +0.503676471<x1>[B] (+1) +0.503676471<x2>[B] (+1) +0.503676471<x3>[B] (+1) -0.503676471<x4>[B] (+1) +0.503676471<x5>[B] (+1) +0.503676471<x6>[B] (+0) +0.503676471<x7>[B] (+1) -0.503676471<x8>[B] (+1) +0.503676471<x9>[B] (+0) -0.503676471<x10>[B] (+1) +0.503676471<x11>[B] (+0) +0.503676471<x12>[B] (+1) +0.503676471<x13>[B] (+1) -0.503676471<x14>[B] (+0) +0.503676471<x15>[B] (+1) +0.503676471<x16>[B] (+1) +0.503676471<x17>[B] (+0) -0.503676471<x18>[B] (+1) -0.503676471<x19>[B] (+1) -0.503676471<x20>[B] (+1) +0.503676471<x21>[B] (+0) +0.503676471<x22>[B] (+1) -0.503676471<x23>[B] (+1) -0.503676471<x24>[B] (+0) -0.503676471<x25>[B] (+1) -0.503676471<x26>[B] (+0) +0.503676471<x27>[B] (+1) +0.503676471<x28>[B] (+1) -0.503676471<x29>[B] (+0) -0.503676471<x30>[B] (+1) +0.503676471<x31>[B] (+1) -0.503676471<x32>[B] (+1) -0.503676471<x33>[B] (+1) -0.503676471<x34>[B] (+1) +0.503676471<x35>[B] (+0) +0.503676471<x36>[B] (+1) -0.503676471<x37>[B] (+1) -0.503676471<x38>[B] (+0) -0.503676471<x39>[B] (+1) -0.503676471<x40>[B] (+0) +0.503676471<x41>[B] (+1) +0.503676471<x42>[B] (+1) -0.503676471<x43>[B] (+0) -0.503676471<x44>[B] (+1) +0.503676471<x45>[B] (+1) -0.503676471<x46>[B] (+0) -0.503676471<x47>[B] (+1) +0.503676471<x48>[B] (+0) +0.503676471<x49>[B] (+1) -0.503676471<x50>[B] (+1) +0.503676471<x51>[B] (+0) -0.503676471<x52>[B] (+0) +0.503676471<x53>[B] (+0) +0.503676471<x54>[B] (+0) +0.503676471<x55>[B] (+0) -0.503676471<x56>[B] (+0) +0.503676471<x57>[B] (+1) +0.503676471<x58>[B] (+0) +0.503676471<x59>[B] (+1) +0.503676471<x60>[B] (+0) +0.503676471<x61>[B] (+1) -0.503676471<x62>[B] (+1) +0.503676471<x63>[B] (+0) -0.503676471<x64>[B] (+0) +0.503676471<x65>[B] (+0) +0.503676471<x66>[B] (+1) +0.503676471<x67>[B] (+1) +0.503676471<x68>[B] (+0) +0.503676471<x69>[B] (+1) +0.503676471<x70>[B] (+1) +0.503676471<x71>[B] (+0) +0.503676471<x72>[B] (+0) -0.503676471<x73>[B] (+0) +0.503676471<x74>[B] (+0) -0.503676471<x75>[B] (+0) +0.503676471<x76>[B] (+0) +0.503676471<x77>[B] (+0) +0.503676471<x78>[B] (+0) -0.503676471<x79>[B] (+0) +0.503676471<x80>[B] (+0) +0.503676471<x81>[B] (+0) -0.503676471<x82>[B] (+1) -0.503676471<x83>[B] (+1) -0.503676471<x84>[B] (+1) -0.503676471<x85>[B] (+1) -0.503676471<x86>[B] (+0) -0.503676471<x87>[B] (+1) -0.503676471<x88>[B] (+1) -0.503676471<x89>[B] (+1) -0.503676471<x90>[B] (+1) -0.503676471<x91>[B] (+1) -0.503676471<x92>[B] (+0) -0.503676471<x93>[B] (+0) -0.503676471<x94>[B] (+0) -0.503676471<x95>[B] (+0) -0.503676471<x96>[B] (+0) -0.503676471<x97>[B] (+0) -0.503676471<x98>[B] (+0) -0.503676471<x99>[B] (+0) -0.503676471<x100>[B] (+0) +0.503676471<x101>[B] (+0) +0.503676471<x102>[B] (+0) +0.503676471<x103>[B] (+0) +0.503676471<x104>[B] (+0) +0.503676471<x105>[B] (+0) +0.503676471<x106>[B] (+0) +0.503676471<x107>[B] (+1) +0.503676471<x108>[B] (+0) -0.503676471<x109>[B] (+1) +0.503676471<x110>[B] (+0) +0.503676471<x111>[B] (+1) +0.503676471<x112>[B] (+1) -0.503676471<x113>[B] (+1) -0.503676471<x114>[B] (+1) +0.503676471<x115>[B] (+1) +0.503676471<x116>[B] (+0) +0.503676471<x117>[B] (+1) +0.503676471<x118>[B] (+1) +0.503676471<x119>[B] (+0) +0.503676471<x120>[B] (+1) +0.503676471<x121>[B] (+1) +0.503676471<x122>[B] (+1) +0.503676471<x123>[B] (+1) -0.503676471<x124>[B] (+1) -0.503676471<x125>[B] (+1) +0.503676471<x126>[B] (+1) +0.503676471<x127>[B] (+1) -0.503676471<x128>[B] (+0) -0.503676471<x129>[B] (+1) +0.503676471<x130>[B] (+1) -0.503676471<x131>[B] (+0) -0.503676471<x132>[B] (+1) +0.503676471<x133>[B] (+1) +0.503676471<x134>[B] (+1) +0.503676471<x135>[B] (+1) +0.503676471<x136>[B] (+0) >= 21.0294117647059;
;
violation: left hand side is violated by 0.0220588235294166
  [linear] <c1640>: <x141>[C] (+18.4595588) +0.503676471<x1>[B] (+1) +0.503676471<x2>[B] (+0) +0.503676471<x3>[B] (+1) -0.503676471<x4>[B] (+1) +0.503676471<x5>[B] (+1) +0.503676471<x6>[B] (+0) +0.503676471<x7>[B] (+1) -0.503676471<x8>[B] (+1) +0.503676471<x9>[B] (+0) -0.503676471<x10>[B] (+1) +0.503676471<x11>[B] (+0) +0.503676471<x12>[B] (+1) +0.503676471<x13>[B] (+1) -0.503676471<x14>[B] (+0) +0.503676471<x15>[B] (+1) +0.503676471<x16>[B] (+1) +0.503676471<x17>[B] (+0) -0.503676471<x18>[B] (+1) -0.503676471<x19>[B] (+0) -0.503676471<x20>[B] (+1) +0.503676471<x21>[B] (+0) +0.503676471<x22>[B] (+1) -0.503676471<x23>[B] (+1) -0.503676471<x24>[B] (+0) -0.503676471<x25>[B] (+0) -0.503676471<x26>[B] (+0) +0.503676471<x27>[B] (+1) +0.503676471<x28>[B] (+0) -0.503676471<x29>[B] (+0) -0.503676471<x30>[B] (+1) +0.503676471<x31>[B] (+1) -0.503676471<x32>[B] (+1) -0.503676471<x33>[B] (+1) -0.503676471<x34>[B] (+1) +0.503676471<x35>[B] (+0) +0.503676471<x36>[B] (+1) -0.503676471<x37>[B] (+1) -0.503676471<x38>[B] (+0) -0.503676471<x39>[B] (+1) -0.503676471<x40>[B] (+0) +0.503676471<x41>[B] (+1) +0.503676471<x42>[B] (+1) -0.503676471<x43>[B] (+1) -0.503676471<x44>[B] (+1) +0.503676471<x45>[B] (+1) -0.503676471<x46>[B] (+0) -0.503676471<x47>[B] (+1) +0.503676471<x48>[B] (+0) +0.503676471<x49>[B] (+1) -0.503676471<x50>[B] (+1) +0.503676471<x51>[B] (+0) -0.503676471<x52>[B] (+0) +0.503676471<x53>[B] (+0) +0.503676471<x54>[B] (+0) +0.503676471<x55>[B] (+0) -0.503676471<x56>[B] (+0) +0.503676471<x57>[B] (+1) +0.503676471<x58>[B] (+0) +0.503676471<x59>[B] (+1) +0.503676471<x60>[B] (+0) +0.503676471<x61>[B] (+1) -0.503676471<x62>[B] (+1) +0.503676471<x63>[B] (+0) -0.503676471<x64>[B] (+0) +0.503676471<x65>[B] (+0) +0.503676471<x66>[B] (+1) +0.503676471<x67>[B] (+1) +0.503676471<x68>[B] (+0) +0.503676471<x69>[B] (+1) +0.503676471<x70>[B] (+1) +0.503676471<x71>[B] (+0) +0.503676471<x72>[B] (+0) -0.503676471<x73>[B] (+0) +0.503676471<x74>[B] (+0) -0.503676471<x75>[B] (+0) +0.503676471<x76>[B] (+0) +0.503676471<x77>[B] (+0) +0.503676471<x78>[B] (+0) -0.503676471<x79>[B] (+0) +0.503676471<x80>[B] (+0) +0.503676471<x81>[B] (+0) -0.503676471<x82>[B] (+1) -0.503676471<x83>[B] (+1) -0.503676471<x84>[B] (+1) -0.503676471<x85>[B] (+1) -0.503676471<x86>[B] (+0) -0.503676471<x87>[B] (+1) -0.503676471<x88>[B] (+1) -0.503676471<x89>[B] (+1) -0.503676471<x90>[B] (+1) -0.503676471<x91>[B] (+1) -0.503676471<x92>[B] (+0) -0.503676471<x93>[B] (+0) -0.503676471<x94>[B] (+0) -0.503676471<x95>[B] (+0) -0.503676471<x96>[B] (+0) -0.503676471<x97>[B] (+0) -0.503676471<x98>[B] (+0) -0.503676471<x99>[B] (+0) -0.503676471<x100>[B] (+0) +0.503676471<x101>[B] (+0) +0.503676471<x102>[B] (+0) +0.503676471<x103>[B] (+0) +0.503676471<x104>[B] (+0) +0.503676471<x105>[B] (+0) +0.503676471<x106>[B] (+0) +0.503676471<x107>[B] (+1) +0.503676471<x108>[B] (+0) -0.503676471<x109>[B] (+1) +0.503676471<x110>[B] (+0) +0.503676471<x111>[B] (+1) +0.503676471<x112>[B] (+1) -0.503676471<x113>[B] (+1) -0.503676471<x114>[B] (+1) +0.503676471<x115>[B] (+1) +0.503676471<x116>[B] (+0) +0.503676471<x117>[B] (+1) +0.503676471<x118>[B] (+1) +0.503676471<x119>[B] (+0) +0.503676471<x120>[B] (+1) +0.503676471<x121>[B] (+1) +0.503676471<x122>[B] (+1) +0.503676471<x123>[B] (+1) -0.503676471<x124>[B] (+1) -0.503676471<x125>[B] (+1) +0.503676471<x126>[B] (+1) +0.503676471<x127>[B] (+0) -0.503676471<x128>[B] (+0) -0.503676471<x129>[B] (+1) +0.503676471<x130>[B] (+1) -0.503676471<x131>[B] (+0) -0.503676471<x132>[B] (+1) +0.503676471<x133>[B] (+1) +0.503676471<x134>[B] (+1) +0.503676471<x135>[B] (+1) +0.503676471<x136>[B] (+0) >= 21.0294117647059;
;
violation: left hand side is violated by 0.0514705882352935
  [linear] <c1666>: <x185>[C] (+22.9375) -0.584558824<x1>[B] (+1) +0.584558824<x2>[B] (+1) +0.584558824<x3>[B] (+1) -0.584558824<x4>[B] (+1) +0.584558824<x5>[B] (+1) +0.584558824<x6>[B] (+0) +0.584558824<x7>[B] (+1) -0.584558824<x8>[B] (+1) +0.584558824<x9>[B] (+0) -0.584558824<x10>[B] (+1) +0.584558824<x11>[B] (+0) -0.584558824<x12>[B] (+1) -0.584558824<x13>[B] (+1) +0.584558824<x14>[B] (+0) +0.584558824<x15>[B] (+1) -0.584558824<x16>[B] (+1) +0.584558824<x17>[B] (+1) +0.584558824<x18>[B] (+1) -0.584558824<x19>[B] (+1) +0.584558824<x20>[B] (+1) +0.584558824<x21>[B] (+0) +0.584558824<x22>[B] (+1) +0.584558824<x23>[B] (+1) +0.584558824<x24>[B] (+0) +0.584558824<x25>[B] (+0) +0.584558824<x26>[B] (+0) +0.584558824<x27>[B] (+1) +0.584558824<x28>[B] (+1) +0.584558824<x29>[B] (+0) +0.584558824<x30>[B] (+1) +0.584558824<x31>[B] (+1) -0.584558824<x32>[B] (+1) -0.584558824<x33>[B] (+1) +0.584558824<x34>[B] (+1) +0.584558824<x35>[B] (+0) +0.584558824<x36>[B] (+1) -0.584558824<x37>[B] (+1) +0.584558824<x38>[B] (+0) -0.584558824<x39>[B] (+0) +0.584558824<x40>[B] (+0) -0.584558824<x41>[B] (+1) -0.584558824<x42>[B] (+1) +0.584558824<x43>[B] (+0) -0.584558824<x44>[B] (+1) -0.584558824<x45>[B] (+1) -0.584558824<x46>[B] (+0) +0.584558824<x47>[B] (+1) +0.584558824<x48>[B] (+0) +0.584558824<x49>[B] (+1) -0.584558824<x50>[B] (+1) +0.584558824<x51>[B] (+0) -0.584558824<x52>[B] (+0) +0.584558824<x53>[B] (+0) -0.584558824<x54>[B] (+0) -0.584558824<x55>[B] (+0) +0.584558824<x56>[B] (+0) +0.584558824<x57>[B] (+0) -0.584558824<x58>[B] (+0) +0.584558824<x59>[B] (+1) +0.584558824<x60>[B] (+0) +0.584558824<x61>[B] (+1) +0.584558824<x62>[B] (+1) +0.584558824<x63>[B] (+0) +0.584558824<x64>[B] (+0) +0.584558824<x65>[B] (+0) +0.584558824<x66>[B] (+1) +0.584558824<x67>[B] (+1) +0.584558824<x68>[B] (+0) +0.584558824<x69>[B] (+1) +0.584558824<x70>[B] (+1) -0.584558824<x71>[B] (+0) +0.584558824<x72>[B] (+0) -0.584558824<x73>[B] (+0) -0.584558824<x74>[B] (+0) -0.584558824<x75>[B] (+0) -0.584558824<x76>[B] (+0) -0.584558824<x77>[B] (+0) -0.584558824<x78>[B] (+0) -0.584558824<x79>[B] (+0) -0.584558824<x80>[B] (+0) -0.584558824<x81>[B] (+0) +0.584558824<x82>[B] (+1) -0.584558824<x83>[B] (+1) -0.584558824<x84>[B] (+1) -0.584558824<x85>[B] (+1) -0.584558824<x86>[B] (+0) -0.584558824<x87>[B] (+1) -0.584558824<x88>[B] (+1) -0.584558824<x89>[B] (+1) -0.584558824<x90>[B] (+1) -0.584558824<x91>[B] (+1) -0.584558824<x92>[B] (+0) -0.584558824<x93>[B] (+0) -0.584558824<x94>[B] (+0) -0.584558824<x95>[B] (+0) -0.584558824<x96>[B] (+0) -0.584558824<x97>[B] (+0) -0.584558824<x98>[B] (+0) -0.584558824<x99>[B] (+0) -0.584558824<x100>[B] (+0) +0.584558824<x101>[B] (+0) +0.584558824<x102>[B] (+0) +0.584558824<x103>[B] (+0) +0.584558824<x104>[B] (+0) +0.584558824<x105>[B] (+0) +0.584558824<x106>[B] (+0) +0.584558824<x107>[B] (+0) -0.584558824<x108>[B] (+0) -0.584558824<x109>[B] (+1) -0.584558824<x110>[B] (+0) -0.584558824<x111>[B] (+1) -0.584558824<x112>[B] (+1) -0.584558824<x113>[B] (+1) -0.584558824<x114>[B] (+1) -0.584558824<x115>[B] (+1) +0.584558824<x116>[B] (+0) -0.584558824<x117>[B] (+1) -0.584558824<x118>[B] (+1) +0.584558824<x119>[B] (+0) +0.584558824<x120>[B] (+1) -0.584558824<x121>[B] (+1) -0.584558824<x122>[B] (+1) -0.584558824<x123>[B] (+1) +0.584558824<x124>[B] (+1) -0.584558824<x125>[B] (+1) -0.584558824<x126>[B] (+1) -0.584558824<x127>[B] (+1) +0.584558824<x128>[B] (+0) +0.584558824<x129>[B] (+1) -0.584558824<x130>[B] (+1) +0.584558824<x131>[B] (+0) +0.584558824<x132>[B] (+0) -0.584558824<x133>[B] (+1) -0.584558824<x134>[B] (+1) -0.584558824<x135>[B] (+1) -0.584558824<x136>[B] (+1) >= 14.7610294117647;
;
violation: left hand side is violated by 0.00735294117649055
  [linear] <c1643>: <x145>[C] (+15.9411765) +0.474264706<x1>[B] (+1) -0.474264706<x2>[B] (+0) -0.474264706<x3>[B] (+1) -0.474264706<x4>[B] (+1) +0.474264706<x5>[B] (+1) -0.474264706<x6>[B] (+0) -0.474264706<x7>[B] (+1) -0.474264706<x8>[B] (+1) +0.474264706<x9>[B] (+0) -0.474264706<x10>[B] (+1) -0.474264706<x11>[B] (+0) -0.474264706<x12>[B] (+1) +0.474264706<x13>[B] (+1) -0.474264706<x14>[B] (+0) +0.474264706<x15>[B] (+1) -0.474264706<x16>[B] (+1) -0.474264706<x17>[B] (+0) -0.474264706<x18>[B] (+1) -0.474264706<x19>[B] (+1) +0.474264706<x20>[B] (+1) -0.474264706<x21>[B] (+0) -0.474264706<x22>[B] (+1) -0.474264706<x23>[B] (+1) -0.474264706<x24>[B] (+0) -0.474264706<x25>[B] (+1) -0.474264706<x26>[B] (+0) -0.474264706<x27>[B] (+1) -0.474264706<x28>[B] (+1) -0.474264706<x29>[B] (+0) +0.474264706<x30>[B] (+1) -0.474264706<x31>[B] (+1) +0.474264706<x32>[B] (+1) +0.474264706<x33>[B] (+1) +0.474264706<x34>[B] (+1) +0.474264706<x35>[B] (+0) +0.474264706<x36>[B] (+1) +0.474264706<x37>[B] (+1) +0.474264706<x38>[B] (+1) +0.474264706<x39>[B] (+1) +0.474264706<x40>[B] (+0) +0.474264706<x41>[B] (+1) +0.474264706<x42>[B] (+1) -0.474264706<x43>[B] (+1) +0.474264706<x44>[B] (+1) +0.474264706<x45>[B] (+1) +0.474264706<x46>[B] (+0) +0.474264706<x47>[B] (+1) +0.474264706<x48>[B] (+0) +0.474264706<x49>[B] (+1) +0.474264706<x50>[B] (+1) +0.474264706<x51>[B] (+0) +0.474264706<x52>[B] (+0) +0.474264706<x53>[B] (+0) +0.474264706<x54>[B] (+0) +0.474264706<x55>[B] (+0) -0.474264706<x56>[B] (+0) +0.474264706<x57>[B] (+0) +0.474264706<x58>[B] (+0) +0.474264706<x59>[B] (+1) +0.474264706<x60>[B] (+0) +0.474264706<x61>[B] (+1) -0.474264706<x62>[B] (+1) +0.474264706<x63>[B] (+0) +0.474264706<x64>[B] (+0) +0.474264706<x65>[B] (+0) +0.474264706<x66>[B] (+1) +0.474264706<x67>[B] (+1) -0.474264706<x68>[B] (+0) +0.474264706<x69>[B] (+1) -0.474264706<x70>[B] (+1) -0.474264706<x71>[B] (+0) -0.474264706<x72>[B] (+0) -0.474264706<x73>[B] (+0) -0.474264706<x74>[B] (+0) -0.474264706<x75>[B] (+0) -0.474264706<x76>[B] (+0) -0.474264706<x77>[B] (+0) -0.474264706<x78>[B] (+0) -0.474264706<x79>[B] (+0) -0.474264706<x80>[B] (+0) -0.474264706<x81>[B] (+0) -0.474264706<x82>[B] (+1) -0.474264706<x83>[B] (+1) +0.474264706<x84>[B] (+1) -0.474264706<x85>[B] (+1) -0.474264706<x86>[B] (+0) -0.474264706<x87>[B] (+1) +0.474264706<x88>[B] (+1) -0.474264706<x89>[B] (+1) +0.474264706<x90>[B] (+1) -0.474264706<x91>[B] (+1) -0.474264706<x92>[B] (+0) +0.474264706<x93>[B] (+0) +0.474264706<x94>[B] (+0) +0.474264706<x95>[B] (+0) +0.474264706<x96>[B] (+0) +0.474264706<x97>[B] (+0) -0.474264706<x98>[B] (+0) +0.474264706<x99>[B] (+0) -0.474264706<x100>[B] (+0) +0.474264706<x101>[B] (+0) +0.474264706<x102>[B] (+0) +0.474264706<x103>[B] (+0) +0.474264706<x104>[B] (+0) +0.474264706<x105>[B] (+0) -0.474264706<x106>[B] (+0) +0.474264706<x107>[B] (+0) -0.474264706<x108>[B] (+0) -0.474264706<x109>[B] (+1) -0.474264706<x110>[B] (+0) -0.474264706<x111>[B] (+1) -0.474264706<x112>[B] (+1) -0.474264706<x113>[B] (+1) +0.474264706<x114>[B] (+1) -0.474264706<x115>[B] (+1) +0.474264706<x116>[B] (+0) +0.474264706<x117>[B] (+1) +0.474264706<x118>[B] (+1) -0.474264706<x119>[B] (+0) +0.474264706<x120>[B] (+1) -0.474264706<x121>[B] (+1) -0.474264706<x122>[B] (+1) +0.474264706<x123>[B] (+1) -0.474264706<x124>[B] (+1) +0.474264706<x125>[B] (+1) -0.474264706<x126>[B] (+1) +0.474264706<x127>[B] (+1) -0.474264706<x128>[B] (+0) +0.474264706<x129>[B] (+1) -0.474264706<x130>[B] (+1) -0.474264706<x131>[B] (+0) +0.474264706<x132>[B] (+0) -0.474264706<x133>[B] (+1) +0.474264706<x134>[B] (+1) +0.474264706<x135>[B] (+1) -0.474264706<x136>[B] (+1) >= 16.9558823529412;
;
violation: left hand side is violated by 0.0661764705882391
1/10 feasible solution given by solution candidate storage, new primal bound -1.519357e+03

presolving:
   (0.0s) symmetry computation started: requiring (bin +, int +, cont +), (fixed: bin -, int -, cont -)
   (0.0s) no symmetry present (symcode time: 0.00)
presolving (0 rounds: 0 fast, 0 medium, 0 exhaustive):
 0 deleted vars, 0 deleted constraints, 0 added constraints, 0 tightened bounds, 0 added holes, 0 changed sides, 0 changed coefficients
 0 implications, 0 cliques, 0 implied integral variables (0 bin, 0 int, 0 cont)
presolved problem has 236 variables (136 bin, 0 int, 100 cont) and 1698 constraints
   1698 constraints of type <linear>
Presolving Time: 0.02
transformed 2/2 original solutions to the transformed problem space

 time | node  | left  |LP iter|LP it/n|mem/heur|mdpt |vars |cons |rows |cuts |sepa|confs|strbr|  dualbound   | primalbound  |  gap   | compl. 
  0.1s|     1 |     0 |   879 |     - |    70M |   0 | 236 |1698 |1698 |   0 |  0 |   0 |   0 |-1.515739e+03 |-1.519357e+03 |   0.24%| unknown
  0.1s|     1 |     0 |   879 |     - |    70M |   0 | 236 |1698 |1375 |   0 |  0 |   0 |   0 |-1.515739e+03 |-1.519357e+03 |   0.24%| unknown
  0.2s|     1 |     0 |   903 |     - |    71M |   0 | 236 |1698 |1376 |   1 |  1 |   0 |   0 |-1.515770e+03 |-1.519357e+03 |   0.24%| unknown
  0.3s|     1 |     0 |   951 |     - |    71M |   0 | 236 |1698 |1378 |   3 |  2 |   0 |   0 |-1.515911e+03 |-1.519357e+03 |   0.23%| unknown
  0.3s|     1 |     0 |   951 |     - |    71M |   0 | 236 |1698 |1366 |   3 |  2 |   0 |   0 |-1.515911e+03 |-1.519357e+03 |   0.23%| unknown
  0.3s|     1 |     0 |  1009 |     - |    71M |   0 | 236 |1698 |1368 |   5 |  3 |   0 |   0 |-1.516019e+03 |-1.519357e+03 |   0.22%| unknown
  0.4s|     1 |     0 |  1009 |     - |    71M |   0 | 236 |1698 |1353 |   5 |  3 |   0 |   0 |-1.516019e+03 |-1.519357e+03 |   0.22%| unknown
  0.4s|     1 |     0 |  1026 |     - |    71M |   0 | 236 |1698 |1355 |   7 |  4 |   0 |   0 |-1.516053e+03 |-1.519357e+03 |   0.22%| unknown
  0.5s|     1 |     0 |  1054 |     - |    71M |   0 | 236 |1698 |1357 |   9 |  5 |   0 |   0 |-1.516095e+03 |-1.519357e+03 |   0.22%| unknown
  0.6s|     1 |     0 |  1094 |     - |    71M |   0 | 236 |1698 |1360 |  12 |  6 |   0 |   0 |-1.516164e+03 |-1.519357e+03 |   0.21%| unknown
  0.6s|     1 |     0 |  1141 |     - |    71M |   0 | 236 |1698 |1365 |  17 |  7 |   0 |   0 |-1.516215e+03 |-1.519357e+03 |   0.21%| unknown
  0.6s|     1 |     0 |  1141 |     - |    71M |   0 | 236 |1698 |1351 |  17 |  7 |   0 |   0 |-1.516215e+03 |-1.519357e+03 |   0.21%| unknown
  0.7s|     1 |     0 |  1201 |     - |    72M |   0 | 236 |1698 |1354 |  20 |  8 |   0 |   0 |-1.516255e+03 |-1.519357e+03 |   0.20%| unknown
  0.7s|     1 |     0 |  1201 |     - |    72M |   0 | 236 |1698 |1340 |  20 |  8 |   0 |   0 |-1.516255e+03 |-1.519357e+03 |   0.20%| unknown
  0.8s|     1 |     0 |  1240 |     - |    72M |   0 | 236 |1698 |1342 |  22 |  9 |   0 |   0 |-1.516270e+03 |-1.519357e+03 |   0.20%| unknown
 time | node  | left  |LP iter|LP it/n|mem/heur|mdpt |vars |cons |rows |cuts |sepa|confs|strbr|  dualbound   | primalbound  |  gap   | compl. 
  0.9s|     1 |     0 |  1272 |     - |    72M |   0 | 236 |1698 |1344 |  24 | 10 |   0 |   0 |-1.516280e+03 |-1.519357e+03 |   0.20%| unknown
  0.9s|     1 |     0 |  1272 |     - |    72M |   0 | 236 |1698 |1330 |  24 | 10 |   0 |   0 |-1.516280e+03 |-1.519357e+03 |   0.20%| unknown
  0.9s|     1 |     0 |  1296 |     - |    72M |   0 | 236 |1698 |1332 |  26 | 11 |   0 |   0 |-1.516290e+03 |-1.519357e+03 |   0.20%| unknown
  0.9s|     1 |     0 |  1296 |     - |    72M |   0 | 236 |1200 |1332 |  26 | 11 |   0 |   0 |-1.516290e+03 |-1.519357e+03 |   0.20%| unknown
  0.9s|     1 |     0 |  1309 |     - |    72M |   0 | 236 |1200 |1333 |  27 | 12 |   0 |   0 |-1.516292e+03 |-1.519357e+03 |   0.20%| unknown
  1.0s|     1 |     0 |  1335 |     - |    72M |   0 | 236 |1200 |1334 |  28 | 13 |   0 |   0 |-1.516302e+03 |-1.519357e+03 |   0.20%| unknown
d 1.1s|     1 |     0 |  1759 |     - |farkasdi|   0 | 236 |1200 |1334 |   0 | 14 |   0 |   0 |-1.516302e+03 |-1.519099e+03 |   0.18%| unknown
(run 1, node 1) restarting after 34 global fixings of integer variables

(restart) converted 28 cuts from the global cut pool into linear constraints

presolving:
presolving (0 rounds: 0 fast, 0 medium, 0 exhaustive):
 0 deleted vars, 0 deleted constraints, 0 added constraints, 0 tightened bounds, 0 added holes, 0 changed sides, 0 changed coefficients
 0 implications, 0 cliques, 0 implied integral variables (0 bin, 0 int, 0 cont)
presolved problem has 236 variables (136 bin, 0 int, 100 cont) and 1228 constraints
   1228 constraints of type <linear>
Presolving Time: 0.02
transformed 17/19 original solutions to the transformed problem space

 time | node  | left  |LP iter|LP it/n|mem/heur|mdpt |vars |cons |rows |cuts |sepa|confs|strbr|  dualbound   | primalbound  |  gap   | compl. 
  1.3s|     1 |     0 |  2625 |     - |    73M |   0 | 236 |1228 |1228 |   0 |  0 |   0 |   0 |-1.516302e+03 |-1.519099e+03 |   0.18%| unknown
  1.3s|     1 |     0 |  2625 |     - |    73M |   0 | 236 |1228 |1134 |   0 |  0 |   0 |   0 |-1.516302e+03 |-1.519099e+03 |   0.18%| unknown
  1.5s|     1 |     0 |  2647 |     - |    73M |   0 | 236 |1228 |1139 |   5 |  1 |   0 |   0 |-1.516308e+03 |-1.519099e+03 |   0.18%| unknown
  1.5s|     1 |     0 |  2672 |     - |    73M |   0 | 236 |1228 |1140 |   6 |  2 |   0 |   0 |-1.516311e+03 |-1.519099e+03 |   0.18%| unknown
  1.6s|     1 |     0 |  2711 |     - |    73M |   0 | 236 |1228 |1141 |   7 |  3 |   0 |   0 |-1.516313e+03 |-1.519099e+03 |   0.18%| unknown
  1.8s|     1 |     0 |  2774 |     - |    73M |   0 | 236 |1228 |1144 |  10 |  4 |   0 |   0 |-1.516319e+03 |-1.519099e+03 |   0.18%| unknown
  1.9s|     1 |     0 |  2810 |     - |    73M |   0 | 236 |1228 |1146 |  12 |  5 |   0 |   0 |-1.516322e+03 |-1.519099e+03 |   0.18%| unknown
  2.0s|     1 |     0 |  2844 |     - |    73M |   0 | 236 |1228 |1148 |  14 |  6 |   0 |   0 |-1.516329e+03 |-1.519099e+03 |   0.18%| unknown
  2.2s|     1 |     0 |  2918 |     - |    73M |   0 | 236 |1228 |1149 |  15 |  7 |   0 |   0 |-1.516344e+03 |-1.519099e+03 |   0.18%| unknown
  2.4s|     1 |     0 |  2952 |     - |    74M |   0 | 236 |1228 |1154 |  20 |  8 |   0 |   0 |-1.516355e+03 |-1.519099e+03 |   0.18%| unknown
  2.5s|     1 |     0 |  2995 |     - |    74M |   0 | 236 |1228 |1156 |  22 |  9 |   0 |   0 |-1.516370e+03 |-1.519099e+03 |   0.18%| unknown
  2.6s|     1 |     0 |  3035 |     - |    74M |   0 | 236 |1228 |1157 |  23 | 10 |   0 |   0 |-1.516378e+03 |-1.519099e+03 |   0.18%| unknown
  2.7s|     1 |     0 |  3053 |     - |    74M |   0 | 236 |1228 |1159 |  25 | 11 |   0 |   0 |-1.516379e+03 |-1.519099e+03 |   0.18%| unknown
  2.7s|     1 |     0 |  3053 |     - |    74M |   0 | 236 |1105 |1159 |  25 | 11 |   0 |   0 |-1.516379e+03 |-1.519099e+03 |   0.18%| unknown
  2.7s|     1 |     0 |  3090 |     - |    74M |   0 | 236 |1105 |1160 |  26 | 12 |   0 |   0 |-1.516384e+03 |-1.519099e+03 |   0.18%| unknown
 time | node  | left  |LP iter|LP it/n|mem/heur|mdpt |vars |cons |rows |cuts |sepa|confs|strbr|  dualbound   | primalbound  |  gap   | compl. 
  2.8s|     1 |     0 |  3118 |     - |    74M |   0 | 236 |1105 |1163 |  29 | 13 |   0 |   0 |-1.516389e+03 |-1.519099e+03 |   0.18%| unknown
  2.9s|     1 |     0 |  3124 |     - |    74M |   0 | 236 |1105 |1164 |  30 | 14 |   0 |   0 |-1.516389e+03 |-1.519099e+03 |   0.18%| unknown
  3.0s|     1 |     0 |  3140 |     - |    74M |   0 | 236 |1105 |1148 |  31 | 15 |   0 |   0 |-1.516390e+03 |-1.519099e+03 |   0.18%| unknown
  3.0s|     1 |     0 |  3159 |     - |    74M |   0 | 236 |1105 |1150 |  33 | 16 |   0 |   0 |-1.516393e+03 |-1.519099e+03 |   0.18%| unknown
  3.1s|     1 |     0 |  3171 |     - |    75M |   0 | 236 |1105 |1152 |  35 | 17 |   0 |   0 |-1.516393e+03 |-1.519099e+03 |   0.18%| unknown
  3.2s|     1 |     0 |  3234 |     - |    75M |   0 | 236 |1105 |1153 |  36 | 18 |   0 |   0 |-1.516411e+03 |-1.519099e+03 |   0.18%| unknown
  3.3s|     1 |     0 |  3237 |     - |    75M |   0 | 236 |1106 |1154 |  37 | 19 |   1 |   0 |-1.516411e+03 |-1.519099e+03 |   0.18%| unknown
  3.3s|     1 |     0 |  3264 |     - |    75M |   0 | 236 |1106 |1156 |  39 | 20 |   1 |   0 |-1.516414e+03 |-1.519099e+03 |   0.18%| unknown
  3.4s|     1 |     0 |  3269 |     - |    75M |   0 | 236 |1106 |1145 |  40 | 21 |   1 |   0 |-1.516415e+03 |-1.519099e+03 |   0.18%| unknown
  4.1s|     1 |     0 |  4222 |     - |    75M |   0 | 236 |1089 |1145 |  40 | 22 |  17 |  14 |-1.517788e+03 |-1.519099e+03 |   0.09%| unknown
  4.1s|     1 |     0 |  4222 |     - |    75M |   0 | 236 |1089 | 989 |  40 | 22 |  17 |  14 |-1.517788e+03 |-1.519099e+03 |   0.09%| unknown
  4.1s|     1 |     0 |  4230 |     - |    75M |   0 | 236 |1089 | 991 |  42 | 23 |  17 |  14 |-1.517788e+03 |-1.519099e+03 |   0.09%| unknown
  4.1s|     1 |     0 |  4230 |     - |    75M |   0 | 236 |1033 | 991 |  42 | 24 |  17 |  14 |-1.517788e+03 |-1.519099e+03 |   0.09%| unknown
  4.2s|     1 |     0 |  4240 |     - |    75M |   0 | 236 |1033 | 994 |  45 | 25 |  17 |  14 |-1.517788e+03 |-1.519099e+03 |   0.09%| unknown
  4.2s|     1 |     0 |  4248 |     - |    75M |   0 | 236 |1033 | 990 |  46 | 26 |  17 |  14 |-1.517788e+03 |-1.519099e+03 |   0.09%| unknown
 time | node  | left  |LP iter|LP it/n|mem/heur|mdpt |vars |cons |rows |cuts |sepa|confs|strbr|  dualbound   | primalbound  |  gap   | compl. 
  4.3s|     1 |     0 |  4248 |     - |    75M |   0 | 236 |1032 | 990 |  46 | 26 |  17 |  15 |-1.517788e+03 |-1.519099e+03 |   0.09%| unknown
  4.3s|     1 |     0 |  4248 |     - |    75M |   0 | 236 |1032 | 990 |  46 | 27 |  17 |  16 |-1.517788e+03 |-1.519099e+03 |   0.09%| unknown
  4.4s|     1 |     0 |  4323 |     - |    75M |   0 | 236 | 976 | 990 |  46 | 28 |  19 |  17 |-1.517788e+03 |-1.519099e+03 |   0.09%| unknown
  4.4s|     1 |     0 |  4323 |     - |    75M |   0 | 236 | 976 | 925 |  46 | 28 |  19 |  17 |-1.517788e+03 |-1.519099e+03 |   0.09%| unknown
  4.4s|     1 |     0 |  4331 |     - |    75M |   0 | 236 | 976 | 928 |  49 | 29 |  19 |  17 |-1.517788e+03 |-1.519099e+03 |   0.09%| unknown
  4.4s|     1 |     0 |  4331 |     - |    75M |   0 | 236 | 961 | 928 |  49 | 30 |  19 |  17 |-1.517788e+03 |-1.519099e+03 |   0.09%| unknown
  4.5s|     1 |     0 |  4394 |     - |    75M |   0 | 236 | 962 | 928 |  49 | 31 |  21 |  19 |-1.517788e+03 |-1.519099e+03 |   0.09%| unknown
  4.5s|     1 |     0 |  4394 |     - |    75M |   0 | 236 | 962 | 851 |  49 | 31 |  21 |  19 |-1.517788e+03 |-1.519099e+03 |   0.09%| unknown
  4.5s|     1 |     0 |  4394 |     - |    75M |   0 | 236 | 848 | 851 |  49 | 32 |  21 |  19 |-1.517788e+03 |-1.519099e+03 |   0.09%| unknown
  4.6s|     1 |     0 |  4449 |     - |    75M |   0 | 236 | 788 | 851 |  49 | 33 |  23 |  20 |-1.518057e+03 |-1.519099e+03 |   0.07%| unknown
  4.6s|     1 |     0 |  4449 |     - |    75M |   0 | 236 | 788 | 704 |  49 | 33 |  23 |  20 |-1.518057e+03 |-1.519099e+03 |   0.07%| unknown
  4.6s|     1 |     0 |  4452 |     - |    75M |   0 | 236 | 787 | 705 |  50 | 34 |  23 |  20 |-1.518060e+03 |-1.519099e+03 |   0.07%| unknown
  4.6s|     1 |     0 |  4452 |     - |    75M |   0 | 236 | 687 | 705 |  50 | 35 |  23 |  20 |-1.518060e+03 |-1.519099e+03 |   0.07%| unknown
  4.7s|     1 |     0 |  4493 |     - |    75M |   0 | 236 | 606 | 700 |  50 | 36 |  23 |  21 |-1.518180e+03 |-1.519099e+03 |   0.06%| unknown
  4.7s|     1 |     0 |  4493 |     - |    75M |   0 | 236 | 605 | 700 |  50 | 37 |  23 |  22 |-1.518185e+03 |-1.519099e+03 |   0.06%| unknown
 time | node  | left  |LP iter|LP it/n|mem/heur|mdpt |vars |cons |rows |cuts |sepa|confs|strbr|  dualbound   | primalbound  |  gap   | compl. 
  4.7s|     1 |     0 |  4493 |     - |    75M |   0 | 236 | 605 | 700 |  50 | 38 |  23 |  23 |-1.518558e+03 |-1.519099e+03 |   0.04%| unknown
  4.8s|     1 |     0 |  4521 |     - |    75M |   0 | 236 | 578 | 700 |  50 | 39 |  25 |  24 |-1.518558e+03 |-1.519099e+03 |   0.04%| unknown
  4.8s|     1 |     0 |  4521 |     - |    75M |   0 | 236 | 578 | 568 |  50 | 39 |  25 |  24 |-1.518558e+03 |-1.519099e+03 |   0.04%| unknown
  4.8s|     1 |     0 |  4522 |     - |    75M |   0 | 236 | 578 | 569 |  51 | 40 |  25 |  24 |-1.518558e+03 |-1.519099e+03 |   0.04%| unknown
  4.8s|     1 |     0 |  4522 |     - |    75M |   0 | 236 | 572 | 569 |  51 | 41 |  25 |  24 |-1.518558e+03 |-1.519099e+03 |   0.04%| unknown
  4.8s|     1 |     2 |  4522 |     - |    75M |   0 | 236 | 572 | 569 |  51 | 42 |  25 |  24 |-1.518558e+03 |-1.519099e+03 |   0.04%| unknown

SCIP Status        : problem is solved [optimal solution found]
Solving Time (sec) : 4.83
Solving Nodes      : 3 (total of 4 nodes in 2 runs)
Primal Bound       : -1.51909926470588e+03 (54 solutions)
Dual Bound         : -1.51909926470588e+03
Gap                : 0.00 %
  [linear] <c1699>: <x137>[C] (+22.9375) +0.577205882<x1>[B] (+1) +0.577205882<x2>[B] (+0) +0.577205882<x3>[B] (+1) +0.577205882<x4>[B] (+1) +0.577205882<x5>[B] (+1) +0.577205882<x6>[B] (+0) +0.577205882<x7>[B] (+1) +0.577205882<x8>[B] (+1) +0.577205882<x9>[B] (+0) +0.577205882<x10>[B] (+1) +0.577205882<x11>[B] (+0) +0.577205882<x12>[B] (+1) +0.577205882<x13>[B] (+1) +0.577205882<x14>[B] (+0) -0.577205882<x15>[B] (+1) +0.577205882<x16>[B] (+1) -0.577205882<x17>[B] (+0) -0.577205882<x18>[B] (+1) +0.577205882<x19>[B] (+0) -0.577205882<x20>[B] (+1) +0.577205882<x21>[B] (+0) -0.577205882<x22>[B] (+1) -0.577205882<x23>[B] (+1) +0.577205882<x24>[B] (+0) +0.577205882<x25>[B] (+0) -0.577205882<x26>[B] (+0) -0.577205882<x27>[B] (+1) +0.577205882<x28>[B] (+0) +0.577205882<x29>[B] (+0) -0.577205882<x30>[B] (+1) +0.577205882<x31>[B] (+1) +0.577205882<x32>[B] (+1) +0.577205882<x33>[B] (+1) +0.577205882<x34>[B] (+1) +0.577205882<x35>[B] (+0) +0.577205882<x36>[B] (+1) +0.577205882<x37>[B] (+1) +0.577205882<x38>[B] (+1) +0.577205882<x39>[B] (+1) -0.577205882<x40>[B] (+0) +0.577205882<x41>[B] (+1) +0.577205882<x42>[B] (+1) +0.577205882<x43>[B] (+0) -0.577205882<x44>[B] (+1) +0.577205882<x45>[B] (+1) +0.577205882<x46>[B] (+0) +0.577205882<x47>[B] (+1) +0.577205882<x48>[B] (+0) +0.577205882<x49>[B] (+1) +0.577205882<x50>[B] (+0) +0.577205882<x51>[B] (+0) +0.577205882<x52>[B] (+0) -0.577205882<x53>[B] (+0) +0.577205882<x54>[B] (+0) +0.577205882<x55>[B] (+0) +0.577205882<x56>[B] (+0) -0.577205882<x57>[B] (+0) +0.577205882<x58>[B] (+0) -0.577205882<x59>[B] (+1) -0.577205882<x60>[B] (+0) -0.577205882<x61>[B] (+1) -0.577205882<x62>[B] (+1) -0.577205882<x63>[B] (+0) +0.577205882<x64>[B] (+0) -0.577205882<x65>[B] (+0) -0.577205882<x66>[B] (+1) -0.577205882<x67>[B] (+1) -0.577205882<x68>[B] (+0) -0.577205882<x69>[B] (+1) -0.577205882<x70>[B] (+1) +0.577205882<x71>[B] (+0) +0.577205882<x72>[B] (+4.8316906e-13) +0.577205882<x73>[B] (+0) +0.577205882<x74>[B] (+0) +0.577205882<x75>[B] (+0) -0.577205882<x76>[B] (+0) -0.577205882<x77>[B] (+0) +0.577205882<x78>[B] (+0) +0.577205882<x79>[B] (+0) -0.577205882<x80>[B] (+0) +0.577205882<x81>[B] (+0) -0.577205882<x82>[B] (+1) -0.577205882<x83>[B] (+1) -0.577205882<x84>[B] (+1) +0.577205882<x85>[B] (+1) -0.577205882<x86>[B] (+0) -0.577205882<x87>[B] (+1) -0.577205882<x88>[B] (+1) +0.577205882<x89>[B] (+0) -0.577205882<x90>[B] (+1) +0.577205882<x91>[B] (+1) +0.577205882<x92>[B] (+0) +0.577205882<x93>[B] (+0) +0.577205882<x94>[B] (+0) -0.577205882<x95>[B] (+0) -0.577205882<x96>[B] (+0) +0.577205882<x97>[B] (+0) +0.577205882<x98>[B] (+0) -0.577205882<x99>[B] (+0) +0.577205882<x100>[B] (+0) +0.577205882<x101>[B] (+0) +0.577205882<x102>[B] (+0) -0.577205882<x103>[B] (+0) -0.577205882<x104>[B] (+0) +0.577205882<x105>[B] (+0) +0.577205882<x106>[B] (+0) -0.577205882<x107>[B] (+0) +0.577205882<x108>[B] (+1) +0.577205882<x109>[B] (+1) -0.577205882<x110>[B] (+0) -0.577205882<x111>[B] (+1) -0.577205882<x112>[B] (+1) +0.577205882<x113>[B] (+0) -0.577205882<x114>[B] (+1) +0.577205882<x115>[B] (+1) -0.577205882<x116>[B] (+0) -0.577205882<x117>[B] (+1) -0.577205882<x118>[B] (+1) -0.577205882<x119>[B] (+0) -0.577205882<x120>[B] (+1) -0.577205882<x121>[B] (+1) +0.577205882<x122>[B] (+1) +0.577205882<x123>[B] (+1) +0.577205882<x124>[B] (+0) -0.577205882<x125>[B] (+1) +0.577205882<x126>[B] (+1) +0.577205882<x127>[B] (+0) +0.577205882<x128>[B] (+0) -0.577205882<x129>[B] (+1) +0.577205882<x130>[B] (+1) +0.577205882<x131>[B] (+0) -0.577205882<x132>[B] (+1) +0.577205882<x133>[B] (+1) -0.577205882<x134>[B] (+1) +0.577205882<x135>[B] (+1) +0.577205882<x136>[B] (+1) >= 24.6764705882353;
;
violation: left hand side is violated by 0.0073529411764639
  [linear] <c1699>: <x137>[C] (+22.9375) +0.577205882<x1>[B] (+1) +0.577205882<x2>[B] (+0) +0.577205882<x3>[B] (+1) +0.577205882<x4>[B] (+1) +0.577205882<x5>[B] (+1) +0.577205882<x6>[B] (+0) +0.577205882<x7>[B] (+1) +0.577205882<x8>[B] (+1) +0.577205882<x9>[B] (+0) +0.577205882<x10>[B] (+1) +0.577205882<x11>[B] (+0) +0.577205882<x12>[B] (+1) +0.577205882<x13>[B] (+1) +0.577205882<x14>[B] (+0) -0.577205882<x15>[B] (+1) +0.577205882<x16>[B] (+1) -0.577205882<x17>[B] (+0) -0.577205882<x18>[B] (+1) +0.577205882<x19>[B] (+0) -0.577205882<x20>[B] (+1) +0.577205882<x21>[B] (+0) -0.577205882<x22>[B] (+1) -0.577205882<x23>[B] (+1) +0.577205882<x24>[B] (+0) +0.577205882<x25>[B] (+0) -0.577205882<x26>[B] (+0) -0.577205882<x27>[B] (+1) +0.577205882<x28>[B] (+0) +0.577205882<x29>[B] (+0) -0.577205882<x30>[B] (+1) +0.577205882<x31>[B] (+1) +0.577205882<x32>[B] (+1) +0.577205882<x33>[B] (+1) +0.577205882<x34>[B] (+1) +0.577205882<x35>[B] (+0) +0.577205882<x36>[B] (+1) +0.577205882<x37>[B] (+1) +0.577205882<x38>[B] (+0) +0.577205882<x39>[B] (+1) -0.577205882<x40>[B] (+0) +0.577205882<x41>[B] (+1) +0.577205882<x42>[B] (+1) +0.577205882<x43>[B] (+0) -0.577205882<x44>[B] (+1) +0.577205882<x45>[B] (+1) +0.577205882<x46>[B] (+0) +0.577205882<x47>[B] (+1) +0.577205882<x48>[B] (+0) +0.577205882<x49>[B] (+1) +0.577205882<x50>[B] (+0) +0.577205882<x51>[B] (+0) +0.577205882<x52>[B] (+0) -0.577205882<x53>[B] (+0) +0.577205882<x54>[B] (+0) +0.577205882<x55>[B] (+0) +0.577205882<x56>[B] (+0) -0.577205882<x57>[B] (+0) +0.577205882<x58>[B] (+0) -0.577205882<x59>[B] (+1) -0.577205882<x60>[B] (+0) -0.577205882<x61>[B] (+1) -0.577205882<x62>[B] (+1) -0.577205882<x63>[B] (+0) +0.577205882<x64>[B] (+0) -0.577205882<x65>[B] (+0) -0.577205882<x66>[B] (+1) -0.577205882<x67>[B] (+1) -0.577205882<x68>[B] (+0) -0.577205882<x69>[B] (+1) -0.577205882<x70>[B] (+1) +0.577205882<x71>[B] (+0) +0.577205882<x72>[B] (+1) +0.577205882<x73>[B] (+0) +0.577205882<x74>[B] (+0) +0.577205882<x75>[B] (+0) -0.577205882<x76>[B] (+0) -0.577205882<x77>[B] (+0) +0.577205882<x78>[B] (+0) +0.577205882<x79>[B] (+0) -0.577205882<x80>[B] (+0) +0.577205882<x81>[B] (+0) -0.577205882<x82>[B] (+1) -0.577205882<x83>[B] (+1) -0.577205882<x84>[B] (+1) +0.577205882<x85>[B] (+1) -0.577205882<x86>[B] (+0) -0.577205882<x87>[B] (+1) -0.577205882<x88>[B] (+1) +0.577205882<x89>[B] (+0) -0.577205882<x90>[B] (+1) +0.577205882<x91>[B] (+1) +0.577205882<x92>[B] (+0) +0.577205882<x93>[B] (+0) +0.577205882<x94>[B] (+0) -0.577205882<x95>[B] (+0) -0.577205882<x96>[B] (+0) +0.577205882<x97>[B] (+0) +0.577205882<x98>[B] (+0) -0.577205882<x99>[B] (+0) +0.577205882<x100>[B] (+0) +0.577205882<x101>[B] (+0) +0.577205882<x102>[B] (+0) -0.577205882<x103>[B] (+0) -0.577205882<x104>[B] (+0) +0.577205882<x105>[B] (+0) +0.577205882<x106>[B] (+0) -0.577205882<x107>[B] (+0) +0.577205882<x108>[B] (+1) +0.577205882<x109>[B] (+1) -0.577205882<x110>[B] (+0) -0.577205882<x111>[B] (+1) -0.577205882<x112>[B] (+1) +0.577205882<x113>[B] (+0) -0.577205882<x114>[B] (+1) +0.577205882<x115>[B] (+1) -0.577205882<x116>[B] (+0) -0.577205882<x117>[B] (+1) -0.577205882<x118>[B] (+1) -0.577205882<x119>[B] (+0) -0.577205882<x120>[B] (+1) -0.577205882<x121>[B] (+1) +0.577205882<x122>[B] (+1) +0.577205882<x123>[B] (+1) +0.577205882<x124>[B] (+0) -0.577205882<x125>[B] (+1) +0.577205882<x126>[B] (+1) +0.577205882<x127>[B] (+0) +0.577205882<x128>[B] (+0) -0.577205882<x129>[B] (+1) +0.577205882<x130>[B] (+1) +0.577205882<x131>[B] (+0) -0.577205882<x132>[B] (+1) +0.577205882<x133>[B] (+1) -0.577205882<x134>[B] (+1) +0.577205882<x135>[B] (+1) +0.577205882<x136>[B] (+1) >= 24.6764705882353;
;
violation: left hand side is violated by 0.00735294117646745
  [linear] <c1701>: <x143>[C] (+18.5257353) -0.518382353<x1>[B] (+1) -0.518382353<x2>[B] (+0) +0.518382353<x3>[B] (+1) -0.518382353<x4>[B] (+1) +0.518382353<x5>[B] (+1) +0.518382353<x6>[B] (+0) +0.518382353<x7>[B] (+1) -0.518382353<x8>[B] (+1) +0.518382353<x9>[B] (+0) +0.518382353<x10>[B] (+1) -0.518382353<x11>[B] (+0) +0.518382353<x12>[B] (+1) +0.518382353<x13>[B] (+1) +0.518382353<x14>[B] (+0) -0.518382353<x15>[B] (+1) +0.518382353<x16>[B] (+1) -0.518382353<x17>[B] (+0) +0.518382353<x18>[B] (+1) +0.518382353<x19>[B] (+0) +0.518382353<x20>[B] (+1) +0.518382353<x21>[B] (+0) +0.518382353<x22>[B] (+1) -0.518382353<x23>[B] (+1) +0.518382353<x24>[B] (+0) +0.518382353<x25>[B] (+0) -0.518382353<x26>[B] (+0) +0.518382353<x27>[B] (+1) +0.518382353<x28>[B] (+1) +0.518382353<x29>[B] (+0) -0.518382353<x30>[B] (+1) +0.518382353<x31>[B] (+1) +0.518382353<x32>[B] (+1) +0.518382353<x33>[B] (+1) +0.518382353<x34>[B] (+1) +0.518382353<x35>[B] (+0) +0.518382353<x36>[B] (+1) -0.518382353<x37>[B] (+1) +0.518382353<x38>[B] (+0) +0.518382353<x39>[B] (+1) +0.518382353<x40>[B] (+0) +0.518382353<x41>[B] (+1) +0.518382353<x42>[B] (+1) +0.518382353<x43>[B] (+0) -0.518382353<x44>[B] (+1) +0.518382353<x45>[B] (+1) -0.518382353<x46>[B] (+0) -0.518382353<x47>[B] (+1) +0.518382353<x48>[B] (+0) +0.518382353<x49>[B] (+1) -0.518382353<x50>[B] (+0) +0.518382353<x51>[B] (+0) +0.518382353<x52>[B] (+0) -0.518382353<x53>[B] (+0) +0.518382353<x54>[B] (+0) +0.518382353<x55>[B] (+0) +0.518382353<x56>[B] (+0) -0.518382353<x57>[B] (+0) +0.518382353<x58>[B] (+0) +0.518382353<x59>[B] (+1) +0.518382353<x60>[B] (+0) +0.518382353<x61>[B] (+1) -0.518382353<x62>[B] (+1) +0.518382353<x63>[B] (+0) +0.518382353<x64>[B] (+0) -0.518382353<x65>[B] (+0) +0.518382353<x66>[B] (+1) +0.518382353<x67>[B] (+1) +0.518382353<x68>[B] (+0) -0.518382353<x69>[B] (+1) +0.518382353<x70>[B] (+1) +0.518382353<x71>[B] (+0) +0.518382353<x72>[B] (+1) -0.518382353<x73>[B] (+0) +0.518382353<x74>[B] (+0) +0.518382353<x75>[B] (+0) -0.518382353<x76>[B] (+0) +0.518382353<x77>[B] (+0) +0.518382353<x78>[B] (+0) +0.518382353<x79>[B] (+0) -0.518382353<x80>[B] (+0) +0.518382353<x81>[B] (+0) -0.518382353<x82>[B] (+1) -0.518382353<x83>[B] (+1) -0.518382353<x84>[B] (+1) -0.518382353<x85>[B] (+1) -0.518382353<x86>[B] (+0) -0.518382353<x87>[B] (+1) -0.518382353<x88>[B] (+1) -0.518382353<x89>[B] (+1) -0.518382353<x90>[B] (+1) -0.518382353<x91>[B] (+1) -0.518382353<x92>[B] (+0) +0.518382353<x93>[B] (+0) -0.518382353<x94>[B] (+0) -0.518382353<x95>[B] (+0) -0.518382353<x96>[B] (+0) -0.518382353<x97>[B] (+0) -0.518382353<x98>[B] (+0) -0.518382353<x99>[B] (+0) -0.518382353<x100>[B] (+0) +0.518382353<x101>[B] (+0) +0.518382353<x102>[B] (+0) +0.518382353<x103>[B] (+0) +0.518382353<x104>[B] (+0) +0.518382353<x105>[B] (+0) +0.518382353<x106>[B] (+0) -0.518382353<x107>[B] (+0) +0.518382353<x108>[B] (+1) -0.518382353<x109>[B] (+1) -0.518382353<x110>[B] (+0) -0.518382353<x111>[B] (+1) -0.518382353<x112>[B] (+1) -0.518382353<x113>[B] (+1) -0.518382353<x114>[B] (+1) -0.518382353<x115>[B] (+1) -0.518382353<x116>[B] (+0) +0.518382353<x117>[B] (+1) -0.518382353<x118>[B] (+1) -0.518382353<x119>[B] (+0) -0.518382353<x120>[B] (+1) -0.518382353<x121>[B] (+1) +0.518382353<x122>[B] (+1) +0.518382353<x123>[B] (+1) +0.518382353<x124>[B] (+1) -0.518382353<x125>[B] (+1) +0.518382353<x126>[B] (+1) -0.518382353<x127>[B] (+0) -0.518382353<x128>[B] (+0) -0.518382353<x129>[B] (+1) -0.518382353<x130>[B] (+1) -0.518382353<x131>[B] (+0) -0.518382353<x132>[B] (+1) +0.518382353<x133>[B] (+1) -0.518382353<x134>[B] (+1) +0.518382353<x135>[B] (+1) +0.518382353<x136>[B] (+1) >= 20.0882352941177;
;
violation: left hand side is violated by 0.00735294117647101
  [linear] <c1699>: <x137>[C] (+22.9375) +0.577205882<x1>[B] (+1) +0.577205882<x2>[B] (+1) +0.577205882<x3>[B] (+1) +0.577205882<x4>[B] (+1) +0.577205882<x5>[B] (+1) +0.577205882<x6>[B] (+0) +0.577205882<x7>[B] (+1) +0.577205882<x8>[B] (+1) +0.577205882<x9>[B] (+0) +0.577205882<x10>[B] (+1) +0.577205882<x11>[B] (+0) +0.577205882<x12>[B] (+1) +0.577205882<x13>[B] (+1) +0.577205882<x14>[B] (+0) -0.577205882<x15>[B] (+1) +0.577205882<x16>[B] (+1) -0.577205882<x17>[B] (+0) -0.577205882<x18>[B] (+1) +0.577205882<x19>[B] (+1) -0.577205882<x20>[B] (+1) +0.577205882<x21>[B] (+0) -0.577205882<x22>[B] (+1) -0.577205882<x23>[B] (+1) +0.577205882<x24>[B] (+0) +0.577205882<x25>[B] (+0) -0.577205882<x26>[B] (+0) -0.577205882<x27>[B] (+1) +0.577205882<x28>[B] (+1) +0.577205882<x29>[B] (+0) -0.577205882<x30>[B] (+1) +0.577205882<x31>[B] (+1) +0.577205882<x32>[B] (+1) +0.577205882<x33>[B] (+1) +0.577205882<x34>[B] (+1) +0.577205882<x35>[B] (+0) +0.577205882<x36>[B] (+1) +0.577205882<x37>[B] (+1) +0.577205882<x38>[B] (+0) +0.577205882<x39>[B] (+0) -0.577205882<x40>[B] (+0) +0.577205882<x41>[B] (+1) +0.577205882<x42>[B] (+1) +0.577205882<x43>[B] (+0) -0.577205882<x44>[B] (+1) +0.577205882<x45>[B] (+1) +0.577205882<x46>[B] (+0) +0.577205882<x47>[B] (+1) +0.577205882<x48>[B] (+0) +0.577205882<x49>[B] (+1) +0.577205882<x50>[B] (+1) +0.577205882<x51>[B] (+0) +0.577205882<x52>[B] (+0) -0.577205882<x53>[B] (+0) +0.577205882<x54>[B] (+0) +0.577205882<x55>[B] (+0) +0.577205882<x56>[B] (+0) -0.577205882<x57>[B] (+1) +0.577205882<x58>[B] (+0) -0.577205882<x59>[B] (+1) -0.577205882<x60>[B] (+0) -0.577205882<x61>[B] (+1) -0.577205882<x62>[B] (+1) -0.577205882<x63>[B] (+0) +0.577205882<x64>[B] (+0) -0.577205882<x65>[B] (+0) -0.577205882<x66>[B] (+0) -0.577205882<x67>[B] (+1) -0.577205882<x68>[B] (+0) -0.577205882<x69>[B] (+1) -0.577205882<x70>[B] (+1) +0.577205882<x71>[B] (+0) +0.577205882<x72>[B] (+1) +0.577205882<x73>[B] (+0) +0.577205882<x74>[B] (+0) +0.577205882<x75>[B] (+0) -0.577205882<x76>[B] (+0) -0.577205882<x77>[B] (+0) +0.577205882<x78>[B] (+0) +0.577205882<x79>[B] (+0) -0.577205882<x80>[B] (+1) +0.577205882<x81>[B] (+0) -0.577205882<x82>[B] (+1) -0.577205882<x83>[B] (+1) -0.577205882<x84>[B] (+1) +0.577205882<x85>[B] (+1) -0.577205882<x86>[B] (+0) -0.577205882<x87>[B] (+1) -0.577205882<x88>[B] (+1) +0.577205882<x89>[B] (+0) -0.577205882<x90>[B] (+1) +0.577205882<x91>[B] (+1) +0.577205882<x92>[B] (+0) +0.577205882<x93>[B] (+0) +0.577205882<x94>[B] (+0) -0.577205882<x95>[B] (+0) -0.577205882<x96>[B] (+0) +0.577205882<x97>[B] (+0) +0.577205882<x98>[B] (+0) -0.577205882<x99>[B] (+0) +0.577205882<x100>[B] (+0) +0.577205882<x101>[B] (+0) +0.577205882<x102>[B] (+0) -0.577205882<x103>[B] (+0) -0.577205882<x104>[B] (+0) +0.577205882<x105>[B] (+0) +0.577205882<x106>[B] (+0) -0.577205882<x107>[B] (+1) +0.577205882<x108>[B] (+0) +0.577205882<x109>[B] (+1) -0.577205882<x110>[B] (+0) -0.577205882<x111>[B] (+1) -0.577205882<x112>[B] (+1) +0.577205882<x113>[B] (+0) -0.577205882<x114>[B] (+1) +0.577205882<x115>[B] (+1) -0.577205882<x116>[B] (+0) -0.577205882<x117>[B] (+1) -0.577205882<x118>[B] (+1) -0.577205882<x119>[B] (+0) -0.577205882<x120>[B] (+1) -0.577205882<x121>[B] (+1) +0.577205882<x122>[B] (+1) +0.577205882<x123>[B] (+1) +0.577205882<x124>[B] (+0) -0.577205882<x125>[B] (+1) +0.577205882<x126>[B] (+1) +0.577205882<x127>[B] (+1) +0.577205882<x128>[B] (+0) -0.577205882<x129>[B] (+1) +0.577205882<x130>[B] (+1) +0.577205882<x131>[B] (+0) -0.577205882<x132>[B] (+1) +0.577205882<x133>[B] (+1) -0.577205882<x134>[B] (+1) +0.577205882<x135>[B] (+1) +0.577205882<x136>[B] (+0) >= 24.6764705882353;
;
violation: left hand side is violated by 0.00735294117647101
  [linear] <c1699>: <x137>[C] (+22.9375) +0.577205882<x1>[B] (+1) +0.577205882<x2>[B] (+1) +0.577205882<x3>[B] (+1) +0.577205882<x4>[B] (+1) +0.577205882<x5>[B] (+1) +0.577205882<x6>[B] (+0) +0.577205882<x7>[B] (+1) +0.577205882<x8>[B] (+1) +0.577205882<x9>[B] (+0) +0.577205882<x10>[B] (+1) +0.577205882<x11>[B] (+0) +0.577205882<x12>[B] (+1) +0.577205882<x13>[B] (+1) +0.577205882<x14>[B] (+0) -0.577205882<x15>[B] (+1) +0.577205882<x16>[B] (+1) -0.577205882<x17>[B] (+1) -0.577205882<x18>[B] (+1) +0.577205882<x19>[B] (+1) -0.577205882<x20>[B] (+1) +0.577205882<x21>[B] (+0) -0.577205882<x22>[B] (+1) -0.577205882<x23>[B] (+1) +0.577205882<x24>[B] (+0) +0.577205882<x25>[B] (+0) -0.577205882<x26>[B] (+0) -0.577205882<x27>[B] (+1) +0.577205882<x28>[B] (+1) +0.577205882<x29>[B] (+0) -0.577205882<x30>[B] (+1) +0.577205882<x31>[B] (+1) +0.577205882<x32>[B] (+1) +0.577205882<x33>[B] (+1) +0.577205882<x34>[B] (+1) +0.577205882<x35>[B] (+0) +0.577205882<x36>[B] (+1) +0.577205882<x37>[B] (+1) +0.577205882<x38>[B] (+0) +0.577205882<x39>[B] (+0) -0.577205882<x40>[B] (+0) +0.577205882<x41>[B] (+1) +0.577205882<x42>[B] (+1) +0.577205882<x43>[B] (+0) -0.577205882<x44>[B] (+1) +0.577205882<x45>[B] (+1) +0.577205882<x46>[B] (+0) +0.577205882<x47>[B] (+1) +0.577205882<x48>[B] (+0) +0.577205882<x49>[B] (+1) +0.577205882<x50>[B] (+1) +0.577205882<x51>[B] (+0) +0.577205882<x52>[B] (+0) -0.577205882<x53>[B] (+0) +0.577205882<x54>[B] (+0) +0.577205882<x55>[B] (+0) +0.577205882<x56>[B] (+0) -0.577205882<x57>[B] (+1) +0.577205882<x58>[B] (+0) -0.577205882<x59>[B] (+1) -0.577205882<x60>[B] (+0) -0.577205882<x61>[B] (+1) -0.577205882<x62>[B] (+1) -0.577205882<x63>[B] (+0) +0.577205882<x64>[B] (+0) -0.577205882<x65>[B] (+0) -0.577205882<x66>[B] (+1) -0.577205882<x67>[B] (+1) -0.577205882<x68>[B] (+0) -0.577205882<x69>[B] (+1) -0.577205882<x70>[B] (+1) +0.577205882<x71>[B] (+0) +0.577205882<x72>[B] (+1) +0.577205882<x73>[B] (+0) +0.577205882<x74>[B] (+0) +0.577205882<x75>[B] (+0) -0.577205882<x76>[B] (+0) -0.577205882<x77>[B] (+0) +0.577205882<x78>[B] (+0) +0.577205882<x79>[B] (+0) -0.577205882<x80>[B] (+1) +0.577205882<x81>[B] (+0) -0.577205882<x82>[B] (+1) -0.577205882<x83>[B] (+1) -0.577205882<x84>[B] (+1) +0.577205882<x85>[B] (+1) -0.577205882<x86>[B] (+0) -0.577205882<x87>[B] (+1) -0.577205882<x88>[B] (+1) +0.577205882<x89>[B] (+1) -0.577205882<x90>[B] (+1) +0.577205882<x91>[B] (+1) +0.577205882<x92>[B] (+0) +0.577205882<x93>[B] (+0) +0.577205882<x94>[B] (+0) -0.577205882<x95>[B] (+0) -0.577205882<x96>[B] (+0) +0.577205882<x97>[B] (+0) +0.577205882<x98>[B] (+0) -0.577205882<x99>[B] (+0) +0.577205882<x100>[B] (+0) +0.577205882<x101>[B] (+0) +0.577205882<x102>[B] (+0) -0.577205882<x103>[B] (+0) -0.577205882<x104>[B] (+0) +0.577205882<x105>[B] (+0) +0.577205882<x106>[B] (+0) -0.577205882<x107>[B] (+1) +0.577205882<x108>[B] (+0) +0.577205882<x109>[B] (+1) -0.577205882<x110>[B] (+0) -0.577205882<x111>[B] (+1) -0.577205882<x112>[B] (+1) +0.577205882<x113>[B] (+1) -0.577205882<x114>[B] (+1) +0.577205882<x115>[B] (+1) -0.577205882<x116>[B] (+0) -0.577205882<x117>[B] (+1) -0.577205882<x118>[B] (+1) -0.577205882<x119>[B] (+0) -0.577205882<x120>[B] (+1) -0.577205882<x121>[B] (+1) +0.577205882<x122>[B] (+1) +0.577205882<x123>[B] (+1) +0.577205882<x124>[B] (+1) -0.577205882<x125>[B] (+1) +0.577205882<x126>[B] (+1) +0.577205882<x127>[B] (+0) +0.577205882<x128>[B] (+0) -0.577205882<x129>[B] (+1) +0.577205882<x130>[B] (+1) +0.577205882<x131>[B] (+0) -0.577205882<x132>[B] (+1) +0.577205882<x133>[B] (+1) -0.577205882<x134>[B] (+1) +0.577205882<x135>[B] (+1) +0.577205882<x136>[B] (+0) >= 24.6764705882353;
;
violation: left hand side is violated by 0.0073529411764568
  [linear] <c1720>: <x206>[C] (+26.5183824) +0.606617647<x1>[B] (+1) +0.606617647<x2>[B] (+0) +0.606617647<x3>[B] (+1) -0.606617647<x4>[B] (+1) +0.606617647<x5>[B] (+1) +0.606617647<x6>[B] (+0) +0.606617647<x7>[B] (+1) +0.606617647<x8>[B] (+1) +0.606617647<x9>[B] (+0) +0.606617647<x10>[B] (+1) +0.606617647<x11>[B] (+0) +0.606617647<x12>[B] (+1) +0.606617647<x13>[B] (+1) +0.606617647<x14>[B] (+0) -0.606617647<x15>[B] (+1) +0.606617647<x16>[B] (+1) +0.606617647<x17>[B] (+0) -0.606617647<x18>[B] (+1) -0.606617647<x19>[B] (+1) -0.606617647<x20>[B] (+1) -0.606617647<x21>[B] (+0) -0.606617647<x22>[B] (+1) -0.606617647<x23>[B] (+1) +0.606617647<x24>[B] (+0) -0.606617647<x25>[B] (+0) -0.606617647<x26>[B] (+0) -0.606617647<x27>[B] (+1) +0.606617647<x28>[B] (+0) -0.606617647<x29>[B] (+0) -0.606617647<x30>[B] (+1) -0.606617647<x31>[B] (+1) -0.606617647<x32>[B] (+1) -0.606617647<x33>[B] (+1) -0.606617647<x34>[B] (+1) -0.606617647<x35>[B] (+0) -0.606617647<x36>[B] (+1) -0.606617647<x37>[B] (+1) -0.606617647<x38>[B] (+0) -0.606617647<x39>[B] (+1) -0.606617647<x40>[B] (+0) -0.606617647<x41>[B] (+1) +0.606617647<x42>[B] (+1) -0.606617647<x43>[B] (+0) -0.606617647<x44>[B] (+1) -0.606617647<x45>[B] (+1) -0.606617647<x46>[B] (+1) -0.606617647<x47>[B] (+1) -0.606617647<x48>[B] (+0) -0.606617647<x49>[B] (+1) -0.606617647<x50>[B] (+1) +0.606617647<x51>[B] (+0) -0.606617647<x52>[B] (+0) -0.606617647<x53>[B] (+0) -0.606617647<x54>[B] (+0) +0.606617647<x55>[B] (+0) +0.606617647<x56>[B] (+0) -0.606617647<x57>[B] (+0) -0.606617647<x58>[B] (+0) +0.606617647<x59>[B] (+1) +0.606617647<x60>[B] (+0) +0.606617647<x61>[B] (+1) +0.606617647<x62>[B] (+1) +0.606617647<x63>[B] (+0) +0.606617647<x64>[B] (+0) +0.606617647<x65>[B] (+0) +0.606617647<x66>[B] (+0) +0.606617647<x67>[B] (+0) +0.606617647<x68>[B] (+0) -0.606617647<x69>[B] (+0) +0.606617647<x70>[B] (+0) +0.606617647<x71>[B] (+0) +0.606617647<x72>[B] (+1) +0.606617647<x73>[B] (+0) +0.606617647<x74>[B] (+0) +0.606617647<x75>[B] (+0) +0.606617647<x76>[B] (+0) +0.606617647<x77>[B] (+0) +0.606617647<x78>[B] (+0) +0.606617647<x79>[B] (+0) -0.606617647<x80>[B] (+0) +0.606617647<x81>[B] (+0) -0.606617647<x82>[B] (+1) +0.606617647<x83>[B] (+1) +0.606617647<x84>[B] (+1) -0.606617647<x85>[B] (+1) -0.606617647<x86>[B] (+0) +0.606617647<x87>[B] (+1) +0.606617647<x88>[B] (+1) +0.606617647<x89>[B] (+1) -0.606617647<x90>[B] (+1) -0.606617647<x91>[B] (+1) +0.606617647<x92>[B] (+0) +0.606617647<x93>[B] (+0) +0.606617647<x94>[B] (+0) +0.606617647<x95>[B] (+0) +0.606617647<x96>[B] (+0) +0.606617647<x97>[B] (+0) +0.606617647<x98>[B] (+0) -0.606617647<x99>[B] (+0) +0.606617647<x100>[B] (+0) +0.606617647<x101>[B] (+0) -0.606617647<x102>[B] (+0) -0.606617647<x103>[B] (+0) -0.606617647<x104>[B] (+0) +0.606617647<x105>[B] (+0) +0.606617647<x106>[B] (+0) -0.606617647<x107>[B] (+0) -0.606617647<x108>[B] (+0) -0.606617647<x109>[B] (+1) -0.606617647<x110>[B] (+0) -0.606617647<x111>[B] (+1) +0.606617647<x112>[B] (+1) -0.606617647<x113>[B] (+1) -0.606617647<x114>[B] (+1) -0.606617647<x115>[B] (+1) -0.606617647<x116>[B] (+0) +0.606617647<x117>[B] (+1) +0.606617647<x118>[B] (+0) +0.606617647<x119>[B] (+0) -0.606617647<x120>[B] (+1) -0.606617647<x121>[B] (+1) +0.606617647<x122>[B] (+1) +0.606617647<x123>[B] (+1) +0.606617647<x124>[B] (+1) -0.606617647<x125>[B] (+1) -0.606617647<x126>[B] (+1) +0.606617647<x127>[B] (+0) +0.606617647<x128>[B] (+0) -0.606617647<x129>[B] (+1) -0.606617647<x130>[B] (+1) -0.606617647<x131>[B] (+0) -0.606617647<x132>[B] (+1) -0.606617647<x133>[B] (+1) -0.606617647<x134>[B] (+1) -0.606617647<x135>[B] (+1) +0.606617647<x136>[B] (+1) >= 16.2279411764706;
;
violation: left hand side is violated by 0.0220588235293953
4/10 feasible solutions given by solution candidate storage, new primal bound -1.519357e+03

presolving:
   (0.0s) symmetry computation started: requiring (bin +, int +, cont +), (fixed: bin -, int -, cont -)
   (0.0s) no symmetry present (symcode time: 0.00)
presolving (0 rounds: 0 fast, 0 medium, 0 exhaustive):
 0 deleted vars, 0 deleted constraints, 0 added constraints, 0 tightened bounds, 0 added holes, 0 changed sides, 0 changed coefficients
 0 implications, 0 cliques, 0 implied integral variables (0 bin, 0 int, 0 cont)
presolved problem has 236 variables (136 bin, 0 int, 100 cont) and 1728 constraints
   1728 constraints of type <linear>
Presolving Time: 0.02
transformed 5/5 original solutions to the transformed problem space

 time | node  | left  |LP iter|LP it/n|mem/heur|mdpt |vars |cons |rows |cuts |sepa|confs|strbr|  dualbound   | primalbound  |  gap   | compl. 
  0.1s|     1 |     0 |   936 |     - |    78M |   0 | 236 |1728 |1728 |   0 |  0 |   0 |   0 |-1.515764e+03 |-1.519357e+03 |   0.24%| unknown
  0.1s|     1 |     0 |   936 |     - |    78M |   0 | 236 |1728 |1392 |   0 |  0 |   0 |   0 |-1.515764e+03 |-1.519357e+03 |   0.24%| unknown
  0.2s|     1 |     0 |   972 |     - |    78M |   0 | 236 |1728 |1393 |   1 |  1 |   0 |   0 |-1.515899e+03 |-1.519357e+03 |   0.23%| unknown
  0.3s|     1 |     0 |  1012 |     - |    78M |   0 | 236 |1728 |1395 |   3 |  2 |   0 |   0 |-1.515988e+03 |-1.519357e+03 |   0.22%| unknown
  0.3s|     1 |     0 |  1012 |     - |    78M |   0 | 236 |1728 |1368 |   3 |  2 |   0 |   0 |-1.515988e+03 |-1.519357e+03 |   0.22%| unknown
  0.4s|     1 |     0 |  1043 |     - |    79M |   0 | 236 |1728 |1370 |   5 |  3 |   0 |   0 |-1.516031e+03 |-1.519357e+03 |   0.22%| unknown
  0.4s|     1 |     0 |  1053 |     - |    79M |   0 | 236 |1728 |1371 |   6 |  4 |   0 |   0 |-1.516033e+03 |-1.519357e+03 |   0.22%| unknown
  0.5s|     1 |     0 |  1074 |     - |    79M |   0 | 236 |1728 |1374 |   9 |  5 |   0 |   0 |-1.516063e+03 |-1.519357e+03 |   0.22%| unknown
  0.6s|     1 |     0 |  1091 |     - |    79M |   0 | 236 |1728 |1376 |  11 |  6 |   0 |   0 |-1.516070e+03 |-1.519357e+03 |   0.22%| unknown
  0.7s|     1 |     0 |  1122 |     - |    79M |   0 | 236 |1728 |1378 |  13 |  7 |   0 |   0 |-1.516081e+03 |-1.519357e+03 |   0.22%| unknown
  0.7s|     1 |     0 |  1164 |     - |    79M |   0 | 236 |1728 |1383 |  18 |  8 |   0 |   0 |-1.516107e+03 |-1.519357e+03 |   0.21%| unknown
  0.8s|     1 |     0 |  1186 |     - |    79M |   0 | 236 |1728 |1386 |  21 |  9 |   0 |   0 |-1.516128e+03 |-1.519357e+03 |   0.21%| unknown
  0.9s|     1 |     0 |  1262 |     - |    79M |   0 | 236 |1728 |1388 |  23 | 10 |   0 |   0 |-1.516214e+03 |-1.519357e+03 |   0.21%| unknown
  0.9s|     1 |     0 |  1319 |     - |    80M |   0 | 236 |1728 |1393 |  28 | 11 |   0 |   0 |-1.516250e+03 |-1.519357e+03 |   0.20%| unknown
  1.0s|     1 |     0 |  1319 |     - |    80M |   0 | 236 |1246 |1393 |  28 | 11 |   0 |   0 |-1.516250e+03 |-1.519357e+03 |   0.20%| unknown
 time | node  | left  |LP iter|LP it/n|mem/heur|mdpt |vars |cons |rows |cuts |sepa|confs|strbr|  dualbound   | primalbound  |  gap   | compl. 
  1.0s|     1 |     0 |  1350 |     - |    80M |   0 | 236 |1246 |1395 |  30 | 12 |   0 |   0 |-1.516260e+03 |-1.519357e+03 |   0.20%| unknown
  1.0s|     1 |     0 |  1350 |     - |    80M |   0 | 236 |1246 |1262 |  30 | 12 |   0 |   0 |-1.516260e+03 |-1.519357e+03 |   0.20%| unknown
  1.0s|     1 |     0 |  1373 |     - |    80M |   0 | 236 |1246 |1266 |  34 | 13 |   0 |   0 |-1.516267e+03 |-1.519357e+03 |   0.20%| unknown
d 1.1s|     1 |     0 |  1851 |     - |farkasdi|   0 | 236 |1231 |1266 |   0 | 14 |   0 |   0 |-1.516267e+03 |-1.519320e+03 |   0.20%| unknown
L 1.4s|     1 |     0 |  1851 |     - |    rens|   0 | 236 |1231 |1266 |  34 | 14 |   0 |   0 |-1.516267e+03 |-1.519261e+03 |   0.20%| unknown
(run 1, node 1) restarting after 34 global fixings of integer variables

(restart) converted 34 cuts from the global cut pool into linear constraints

presolving:
presolving (0 rounds: 0 fast, 0 medium, 0 exhaustive):
 0 deleted vars, 0 deleted constraints, 0 added constraints, 0 tightened bounds, 0 added holes, 0 changed sides, 0 changed coefficients
 0 implications, 0 cliques, 0 implied integral variables (0 bin, 0 int, 0 cont)
presolved problem has 236 variables (136 bin, 0 int, 100 cont) and 1265 constraints
   1265 constraints of type <linear>
Presolving Time: 0.02
transformed 20/22 original solutions to the transformed problem space

 time | node  | left  |LP iter|LP it/n|mem/heur|mdpt |vars |cons |rows |cuts |sepa|confs|strbr|  dualbound   | primalbound  |  gap   | compl. 
  1.5s|     1 |     0 |  2768 |     - |    80M |   0 | 236 |1265 |1265 |   0 |  0 |   0 |   0 |-1.516267e+03 |-1.519261e+03 |   0.20%| unknown
  1.6s|     1 |     0 |  2831 |     - |    80M |   0 | 236 |1265 |1269 |   4 |  1 |   0 |   0 |-1.516288e+03 |-1.519261e+03 |   0.20%| unknown
  1.7s|     1 |     0 |  2831 |     - |    80M |   0 | 236 |1265 |1255 |   4 |  1 |   0 |   0 |-1.516288e+03 |-1.519261e+03 |   0.20%| unknown
  1.8s|     1 |     0 |  2909 |     - |    80M |   0 | 236 |1265 |1258 |   7 |  2 |   0 |   0 |-1.516357e+03 |-1.519261e+03 |   0.19%| unknown
  1.8s|     1 |     0 |  2909 |     - |    80M |   0 | 236 |1265 |1229 |   7 |  2 |   0 |   0 |-1.516357e+03 |-1.519261e+03 |   0.19%| unknown
  1.9s|     1 |     0 |  2956 |     - |    80M |   0 | 236 |1265 |1231 |   9 |  3 |   0 |   0 |-1.516372e+03 |-1.519261e+03 |   0.19%| unknown
  2.0s|     1 |     0 |  2988 |     - |    80M |   0 | 236 |1266 |1234 |  12 |  4 |   1 |   0 |-1.516381e+03 |-1.519261e+03 |   0.19%| unknown
  2.1s|     1 |     0 |  3035 |     - |    81M |   0 | 236 |1266 |1236 |  14 |  5 |   1 |   0 |-1.516389e+03 |-1.519261e+03 |   0.19%| unknown
  2.2s|     1 |     0 |  3071 |     - |    81M |   0 | 236 |1266 |1239 |  17 |  6 |   1 |   0 |-1.516397e+03 |-1.519261e+03 |   0.19%| unknown
  2.2s|     1 |     0 |  3071 |     - |    81M |   0 | 236 |1267 |1224 |  17 |  6 |   2 |   0 |-1.516397e+03 |-1.519261e+03 |   0.19%| unknown
  2.3s|     1 |     0 |  3096 |     - |    81M |   0 | 236 |1267 |1228 |  21 |  7 |   2 |   0 |-1.516400e+03 |-1.519261e+03 |   0.19%| unknown
  2.4s|     1 |     0 |  3132 |     - |    81M |   0 | 236 |1267 |1230 |  23 |  8 |   2 |   0 |-1.516416e+03 |-1.519261e+03 |   0.19%| unknown
  2.4s|     1 |     0 |  3132 |     - |    81M |   0 | 236 |1267 |1217 |  23 |  8 |   2 |   0 |-1.516416e+03 |-1.519261e+03 |   0.19%| unknown
  2.6s|     1 |     0 |  3146 |     - |    81M |   0 | 236 |1267 |1219 |  25 |  9 |   2 |   0 |-1.516416e+03 |-1.519261e+03 |   0.19%| unknown
  2.7s|     1 |     0 |  3167 |     - |    81M |   0 | 236 |1268 |1221 |  27 | 10 |   3 |   0 |-1.516419e+03 |-1.519261e+03 |   0.19%| unknown
 time | node  | left  |LP iter|LP it/n|mem/heur|mdpt |vars |cons |rows |cuts |sepa|confs|strbr|  dualbound   | primalbound  |  gap   | compl. 
  2.7s|     1 |     0 |  3215 |     - |    81M |   0 | 236 |1268 |1224 |  30 | 11 |   3 |   0 |-1.516423e+03 |-1.519261e+03 |   0.19%| unknown
  2.8s|     1 |     0 |  3215 |     - |    81M |   0 | 236 |1182 |1224 |  30 | 11 |   3 |   0 |-1.516423e+03 |-1.519261e+03 |   0.19%| unknown
  2.8s|     1 |     0 |  3236 |     - |    81M |   0 | 236 |1182 |1225 |  31 | 12 |   3 |   0 |-1.516425e+03 |-1.519261e+03 |   0.19%| unknown
  2.9s|     1 |     0 |  3240 |     - |    81M |   0 | 236 |1182 |1226 |  32 | 13 |   3 |   0 |-1.516425e+03 |-1.519261e+03 |   0.19%| unknown
  3.0s|     1 |     0 |  3260 |     - |    82M |   0 | 236 |1182 |1210 |  33 | 14 |   3 |   0 |-1.516426e+03 |-1.519261e+03 |   0.19%| unknown
  3.0s|     1 |     0 |  3264 |     - |    82M |   0 | 236 |1182 |1211 |  34 | 15 |   3 |   0 |-1.516426e+03 |-1.519261e+03 |   0.19%| unknown
  3.9s|     1 |     0 |  4340 |     - |    82M |   0 | 236 |1128 |1211 |  34 | 16 |  15 |  16 |-1.517398e+03 |-1.519261e+03 |   0.12%| unknown
  3.9s|     1 |     0 |  4340 |     - |    82M |   0 | 236 |1128 |1013 |  34 | 16 |  15 |  16 |-1.517398e+03 |-1.519261e+03 |   0.12%| unknown
  3.9s|     1 |     0 |  4345 |     - |    82M |   0 | 236 |1128 |1014 |  35 | 17 |  15 |  16 |-1.517398e+03 |-1.519261e+03 |   0.12%| unknown
  3.9s|     1 |     0 |  4345 |     - |    82M |   0 | 236 |1128 |1001 |  35 | 17 |  15 |  16 |-1.517398e+03 |-1.519261e+03 |   0.12%| unknown
  3.9s|     1 |     0 |  4352 |     - |    82M |   0 | 236 |1128 |1002 |  36 | 18 |  15 |  16 |-1.517398e+03 |-1.519261e+03 |   0.12%| unknown
  3.9s|     1 |     0 |  4352 |     - |    82M |   0 | 236 | 965 |1002 |  36 | 18 |  15 |  16 |-1.517398e+03 |-1.519261e+03 |   0.12%| unknown
  4.0s|     1 |     0 |  4401 |     - |    82M |   0 | 236 | 927 |1002 |  36 | 19 |  17 |  17 |-1.517398e+03 |-1.519261e+03 |   0.12%| unknown
  4.0s|     1 |     0 |  4401 |     - |    82M |   0 | 236 | 924 |1002 |  36 | 20 |  17 |  18 |-1.517873e+03 |-1.519261e+03 |   0.09%| unknown
  4.1s|     1 |     0 |  4401 |     - |    82M |   0 | 236 | 924 |1002 |  36 | 21 |  17 |  19 |-1.517873e+03 |-1.519261e+03 |   0.09%| unknown
 time | node  | left  |LP iter|LP it/n|mem/heur|mdpt |vars |cons |rows |cuts |sepa|confs|strbr|  dualbound   | primalbound  |  gap   | compl. 
  4.1s|     1 |     0 |  4442 |     - |    82M |   0 | 236 | 900 |1002 |  36 | 22 |  19 |  20 |-1.517873e+03 |-1.519261e+03 |   0.09%| unknown
  4.1s|     1 |     0 |  4442 |     - |    82M |   0 | 236 | 900 | 875 |  36 | 22 |  19 |  20 |-1.517873e+03 |-1.519261e+03 |   0.09%| unknown
  4.2s|     1 |     0 |  4445 |     - |    82M |   0 | 236 | 900 | 876 |  37 | 23 |  19 |  20 |-1.517873e+03 |-1.519261e+03 |   0.09%| unknown
  4.2s|     1 |     0 |  4445 |     - |    82M |   0 | 236 | 900 | 864 |  37 | 23 |  19 |  20 |-1.517873e+03 |-1.519261e+03 |   0.09%| unknown
  4.2s|     1 |     0 |  4445 |     - |    82M |   0 | 236 | 866 | 864 |  37 | 24 |  19 |  20 |-1.517873e+03 |-1.519261e+03 |   0.09%| unknown
  4.3s|     1 |     0 |  4445 |     - |    82M |   0 | 236 | 866 | 864 |  37 | 25 |  19 |  21 |-1.517873e+03 |-1.519261e+03 |   0.09%| unknown
  4.3s|     1 |     0 |  4445 |     - |    82M |   0 | 236 | 866 | 864 |  37 | 26 |  19 |  22 |-1.517873e+03 |-1.519261e+03 |   0.09%| unknown
  4.4s|     1 |     0 |  4445 |     - |    82M |   0 | 236 | 866 | 864 |  37 | 27 |  19 |  23 |-1.517873e+03 |-1.519261e+03 |   0.09%| unknown
  4.4s|     1 |     0 |  4478 |     - |    82M |   0 | 236 | 838 | 864 |  37 | 28 |  21 |  24 |-1.517873e+03 |-1.519261e+03 |   0.09%| unknown
  4.4s|     1 |     0 |  4479 |     - |    82M |   0 | 236 | 838 | 865 |  38 | 29 |  21 |  24 |-1.517873e+03 |-1.519261e+03 |   0.09%| unknown
  4.4s|     1 |     0 |  4481 |     - |    82M |   0 | 236 | 811 | 865 |  38 | 30 |  23 |  25 |-1.517873e+03 |-1.519261e+03 |   0.09%| unknown
  4.5s|     1 |     2 |  4481 |     - |    82M |   0 | 236 | 811 | 865 |  38 | 31 |  23 |  25 |-1.517873e+03 |-1.519261e+03 |   0.09%| unknown

SCIP Status        : problem is solved [optimal solution found]
Solving Time (sec) : 4.56
Solving Nodes      : 3 (total of 4 nodes in 2 runs)
Primal Bound       : -1.51926102941176e+03 (48 solutions)
Dual Bound         : -1.51926102941176e+03
Gap                : 0.00 %
  [linear] <c1729>: <x142>[C] (+16.0073529) +0.481617647<x1>[B] (+1) +0.481617647<x2>[B] (+0) +0.481617647<x3>[B] (+1) +0.481617647<x4>[B] (+1) +0.481617647<x5>[B] (+1) +0.481617647<x6>[B] (+0) +0.481617647<x7>[B] (+1) +0.481617647<x8>[B] (+1) +0.481617647<x9>[B] (+0) +0.481617647<x10>[B] (+1) +0.481617647<x11>[B] (+0) +0.481617647<x12>[B] (+1) +0.481617647<x13>[B] (+1) +0.481617647<x14>[B] (+0) +0.481617647<x15>[B] (+1) +0.481617647<x16>[B] (+1) +0.481617647<x17>[B] (+0) +0.481617647<x18>[B] (+1) +0.481617647<x19>[B] (+1) +0.481617647<x20>[B] (+1) +0.481617647<x21>[B] (+0) +0.481617647<x22>[B] (+1) +0.481617647<x23>[B] (+1) -0.481617647<x24>[B] (+0) +0.481617647<x25>[B] (+0) +0.481617647<x26>[B] (+0) +0.481617647<x27>[B] (+1) +0.481617647<x28>[B] (+1) +0.481617647<x29>[B] (+0) -0.481617647<x30>[B] (+1) -0.481617647<x31>[B] (+1) +0.481617647<x32>[B] (+1) +0.481617647<x33>[B] (+1) +0.481617647<x34>[B] (+1) -0.481617647<x35>[B] (+0) -0.481617647<x36>[B] (+1) +0.481617647<x37>[B] (+1) -0.481617647<x38>[B] (+1) +0.481617647<x39>[B] (+1) +0.481617647<x40>[B] (+0) +0.481617647<x41>[B] (+1) +0.481617647<x42>[B] (+1) -0.481617647<x43>[B] (+0) -0.481617647<x44>[B] (+1) -0.481617647<x45>[B] (+1) +0.481617647<x46>[B] (+0) +0.481617647<x47>[B] (+1) -0.481617647<x48>[B] (+0) -0.481617647<x49>[B] (+1) +0.481617647<x50>[B] (+0) -0.481617647<x51>[B] (+0) +0.481617647<x52>[B] (+0) +0.481617647<x53>[B] (+0) +0.481617647<x54>[B] (+0) -0.481617647<x55>[B] (+0) -0.481617647<x56>[B] (+0) -0.481617647<x57>[B] (+0) -0.481617647<x58>[B] (+0) -0.481617647<x59>[B] (+1) -0.481617647<x60>[B] (+0) -0.481617647<x61>[B] (+1) -0.481617647<x62>[B] (+1) -0.481617647<x63>[B] (+0) -0.481617647<x64>[B] (+0) -0.481617647<x65>[B] (+0) -0.481617647<x66>[B] (+0) -0.481617647<x67>[B] (+1) -0.481617647<x68>[B] (+0) -0.481617647<x69>[B] (+1) -0.481617647<x70>[B] (+1) -0.481617647<x71>[B] (+0) -0.481617647<x72>[B] (+1) -0.481617647<x73>[B] (+0) -0.481617647<x74>[B] (+0) +0.481617647<x75>[B] (+0) +0.481617647<x76>[B] (+0) +0.481617647<x77>[B] (+0) -0.481617647<x78>[B] (+0) -0.481617647<x79>[B] (+0) -0.481617647<x80>[B] (+0) -0.481617647<x81>[B] (+0) +0.481617647<x82>[B] (+1) +0.481617647<x83>[B] (+1) -0.481617647<x84>[B] (+1) +0.481617647<x85>[B] (+1) +0.481617647<x86>[B] (+0) +0.481617647<x87>[B] (+1) +0.481617647<x88>[B] (+1) +0.481617647<x89>[B] (+0) -0.481617647<x90>[B] (+1) -0.481617647<x91>[B] (+1) +0.481617647<x92>[B] (+0) -0.481617647<x93>[B] (+0) +0.481617647<x94>[B] (+0) +0.481617647<x95>[B] (+0) +0.481617647<x96>[B] (+0) +0.481617647<x97>[B] (+0) -0.481617647<x98>[B] (+0) -0.481617647<x99>[B] (+0) -0.481617647<x100>[B] (+0) -0.481617647<x101>[B] (+0) +0.481617647<x102>[B] (+0) +0.481617647<x103>[B] (+0) +0.481617647<x104>[B] (+0) -0.481617647<x105>[B] (+0) -0.481617647<x106>[B] (+0) -0.481617647<x107>[B] (+0) -0.481617647<x108>[B] (+1) +0.481617647<x109>[B] (+1) +0.481617647<x110>[B] (+0) +0.481617647<x111>[B] (+1) +0.481617647<x112>[B] (+1) +0.481617647<x113>[B] (+0) +0.481617647<x114>[B] (+1) -0.481617647<x115>[B] (+1) -0.481617647<x116>[B] (+0) -0.481617647<x117>[B] (+1) -0.481617647<x118>[B] (+1) -0.481617647<x119>[B] (+0) -0.481617647<x120>[B] (+1) -0.481617647<x121>[B] (+1) -0.481617647<x122>[B] (+1) -0.481617647<x123>[B] (+1) -0.481617647<x124>[B] (+0) -0.481617647<x125>[B] (+1) -0.481617647<x126>[B] (+1) -0.481617647<x127>[B] (+1) -0.481617647<x128>[B] (+0) -0.481617647<x129>[B] (+1) -0.481617647<x130>[B] (+1) -0.481617647<x131>[B] (+0) -0.481617647<x132>[B] (+1) -0.481617647<x133>[B] (+1) -0.481617647<x134>[B] (+1) -0.481617647<x135>[B] (+1) -0.481617647<x136>[B] (+1) >= 16.0147058823529;
;
violation: left hand side is violated by 0.00735294117647811
  [linear] <c1740>: <x160>[C] (+19.0147059) -0.511029412<x1>[B] (+1) -0.511029412<x2>[B] (+1) +0.511029412<x3>[B] (+1) -0.511029412<x4>[B] (+1) -0.511029412<x5>[B] (+1) -0.511029412<x6>[B] (+0) -0.511029412<x7>[B] (+1) -0.511029412<x8>[B] (+1) -0.511029412<x9>[B] (+0) -0.511029412<x10>[B] (+1) -0.511029412<x11>[B] (+0) -0.511029412<x12>[B] (+1) -0.511029412<x13>[B] (+1) +0.511029412<x14>[B] (+0) -0.511029412<x15>[B] (+1) -0.511029412<x16>[B] (+1) -0.511029412<x17>[B] (+1) +0.511029412<x18>[B] (+1) -0.511029412<x19>[B] (+1) -0.511029412<x20>[B] (+1) +0.511029412<x21>[B] (+0) +0.511029412<x22>[B] (+1) -0.511029412<x23>[B] (+1) -0.511029412<x24>[B] (+0) -0.511029412<x25>[B] (+1) -0.511029412<x26>[B] (+0) -0.511029412<x27>[B] (+1) -0.511029412<x28>[B] (+1) +0.511029412<x29>[B] (+0) +0.511029412<x30>[B] (+1) -0.511029412<x31>[B] (+1) +0.511029412<x32>[B] (+1) -0.511029412<x33>[B] (+1) +0.511029412<x34>[B] (+1) +0.511029412<x35>[B] (+0) +0.511029412<x36>[B] (+1) -0.511029412<x37>[B] (+1) -0.511029412<x38>[B] (+0) +0.511029412<x39>[B] (+1) -0.511029412<x40>[B] (+0) -0.511029412<x41>[B] (+1) -0.511029412<x42>[B] (+1) +0.511029412<x43>[B] (+0) +0.511029412<x44>[B] (+1) -0.511029412<x45>[B] (+1) -0.511029412<x46>[B] (+0) -0.511029412<x47>[B] (+1) -0.511029412<x48>[B] (+0) -0.511029412<x49>[B] (+1) -0.511029412<x50>[B] (+0) -0.511029412<x51>[B] (+0) -0.511029412<x52>[B] (+0) -0.511029412<x53>[B] (+0) -0.511029412<x54>[B] (+0) -0.511029412<x55>[B] (+0) -0.511029412<x56>[B] (+0) -0.511029412<x57>[B] (+0) -0.511029412<x58>[B] (+0) +0.511029412<x59>[B] (+1) +0.511029412<x60>[B] (+0) +0.511029412<x61>[B] (+1) -0.511029412<x62>[B] (+1) -0.511029412<x63>[B] (+0) +0.511029412<x64>[B] (+0) -0.511029412<x65>[B] (+0) -0.511029412<x66>[B] (+0) -0.511029412<x67>[B] (+1) +0.511029412<x68>[B] (+0) +0.511029412<x69>[B] (+1) -0.511029412<x70>[B] (+1) +0.511029412<x71>[B] (+0) +0.511029412<x72>[B] (+1) -0.511029412<x73>[B] (+0) -0.511029412<x74>[B] (+0) -0.511029412<x75>[B] (+0) -0.511029412<x76>[B] (+0) -0.511029412<x77>[B] (+0) -0.511029412<x78>[B] (+0) +0.511029412<x79>[B] (+0) +0.511029412<x80>[B] (+0) -0.511029412<x81>[B] (+0) +0.511029412<x82>[B] (+1) -0.511029412<x83>[B] (+1) -0.511029412<x84>[B] (+1) -0.511029412<x85>[B] (+1) -0.511029412<x86>[B] (+0) -0.511029412<x87>[B] (+1) -0.511029412<x88>[B] (+1) +0.511029412<x89>[B] (+0) -0.511029412<x90>[B] (+1) -0.511029412<x91>[B] (+1) -0.511029412<x92>[B] (+0) -0.511029412<x93>[B] (+0) -0.511029412<x94>[B] (+0) -0.511029412<x95>[B] (+0) -0.511029412<x96>[B] (+0) -0.511029412<x97>[B] (+0) +0.511029412<x98>[B] (+0) -0.511029412<x99>[B] (+0) -0.511029412<x100>[B] (+0) +0.511029412<x101>[B] (+0) +0.511029412<x102>[B] (+0) -0.511029412<x103>[B] (+0) +0.511029412<x104>[B] (+0) -0.511029412<x105>[B] (+0) +0.511029412<x106>[B] (+0) +0.511029412<x107>[B] (+0) -0.511029412<x108>[B] (+1) +0.511029412<x109>[B] (+1) -0.511029412<x110>[B] (+0) +0.511029412<x111>[B] (+1) -0.511029412<x112>[B] (+1) +0.511029412<x113>[B] (+0) +0.511029412<x114>[B] (+1) -0.511029412<x115>[B] (+1) -0.511029412<x116>[B] (+0) -0.511029412<x117>[B] (+1) -0.511029412<x118>[B] (+1) +0.511029412<x119>[B] (+0) +0.511029412<x120>[B] (+1) -0.511029412<x121>[B] (+1) +0.511029412<x122>[B] (+1) -0.511029412<x123>[B] (+1) +0.511029412<x124>[B] (+0) +0.511029412<x125>[B] (+1) -0.511029412<x126>[B] (+1) -0.511029412<x127>[B] (+1) +0.511029412<x128>[B] (+0) +0.511029412<x129>[B] (+1) -0.511029412<x130>[B] (+1) +0.511029412<x131>[B] (+0) +0.511029412<x132>[B] (+1) +0.511029412<x133>[B] (+1) -0.511029412<x134>[B] (+1) -0.511029412<x135>[B] (+1) -0.511029412<x136>[B] (+1) >= 5.75;
;
violation: left hand side is violated by 0.022058823529421
  [linear] <c1729>: <x142>[C] (+16.0073529) +0.481617647<x1>[B] (+1) +0.481617647<x2>[B] (+0) +0.481617647<x3>[B] (+1) +0.481617647<x4>[B] (+1) +0.481617647<x5>[B] (+1) +0.481617647<x6>[B] (+0) +0.481617647<x7>[B] (+1) +0.481617647<x8>[B] (+1) +0.481617647<x9>[B] (+0) +0.481617647<x10>[B] (+1) +0.481617647<x11>[B] (+0) +0.481617647<x12>[B] (+1) +0.481617647<x13>[B] (+1) +0.481617647<x14>[B] (+0) +0.481617647<x15>[B] (+1) +0.481617647<x16>[B] (+1) +0.481617647<x17>[B] (+0) +0.481617647<x18>[B] (+1) +0.481617647<x19>[B] (+0) +0.481617647<x20>[B] (+1) +0.481617647<x21>[B] (+0) +0.481617647<x22>[B] (+1) +0.481617647<x23>[B] (+1) -0.481617647<x24>[B] (+0) +0.481617647<x25>[B] (+0) +0.481617647<x26>[B] (+0) +0.481617647<x27>[B] (+1) +0.481617647<x28>[B] (+1) +0.481617647<x29>[B] (+0) -0.481617647<x30>[B] (+1) -0.481617647<x31>[B] (+1) +0.481617647<x32>[B] (+1) +0.481617647<x33>[B] (+1) +0.481617647<x34>[B] (+1) -0.481617647<x35>[B] (+0) -0.481617647<x36>[B] (+1) +0.481617647<x37>[B] (+1) -0.481617647<x38>[B] (+0) +0.481617647<x39>[B] (+1) +0.481617647<x40>[B] (+0) +0.481617647<x41>[B] (+1) +0.481617647<x42>[B] (+1) -0.481617647<x43>[B] (+1) -0.481617647<x44>[B] (+1) -0.481617647<x45>[B] (+1) +0.481617647<x46>[B] (+0) +0.481617647<x47>[B] (+1) -0.481617647<x48>[B] (+0) -0.481617647<x49>[B] (+1) +0.481617647<x50>[B] (+0) -0.481617647<x51>[B] (+0) +0.481617647<x52>[B] (+0) +0.481617647<x53>[B] (+0) +0.481617647<x54>[B] (+0) -0.481617647<x55>[B] (+0) -0.481617647<x56>[B] (+0) -0.481617647<x57>[B] (+0) -0.481617647<x58>[B] (+0) -0.481617647<x59>[B] (+1) -0.481617647<x60>[B] (+0) -0.481617647<x61>[B] (+1) -0.481617647<x62>[B] (+1) -0.481617647<x63>[B] (+0) -0.481617647<x64>[B] (+0) -0.481617647<x65>[B] (+0) -0.481617647<x66>[B] (+1) -0.481617647<x67>[B] (+1) -0.481617647<x68>[B] (+0) -0.481617647<x69>[B] (+1) -0.481617647<x70>[B] (+1) -0.481617647<x71>[B] (+0) -0.481617647<x72>[B] (+1) -0.481617647<x73>[B] (+0) -0.481617647<x74>[B] (+0) +0.481617647<x75>[B] (+0) +0.481617647<x76>[B] (+0) +0.481617647<x77>[B] (+0) -0.481617647<x78>[B] (+0) -0.481617647<x79>[B] (+0) -0.481617647<x80>[B] (+0) -0.481617647<x81>[B] (+0) +0.481617647<x82>[B] (+1) +0.481617647<x83>[B] (+1) -0.481617647<x84>[B] (+1) +0.481617647<x85>[B] (+1) +0.481617647<x86>[B] (+0) +0.481617647<x87>[B] (+1) +0.481617647<x88>[B] (+1) +0.481617647<x89>[B] (+1) -0.481617647<x90>[B] (+1) -0.481617647<x91>[B] (+1) +0.481617647<x92>[B] (+0) -0.481617647<x93>[B] (+0) +0.481617647<x94>[B] (+0) +0.481617647<x95>[B] (+0) +0.481617647<x96>[B] (+0) +0.481617647<x97>[B] (+0) -0.481617647<x98>[B] (+0) -0.481617647<x99>[B] (+0) -0.481617647<x100>[B] (+0) -0.481617647<x101>[B] (+0) +0.481617647<x102>[B] (+0) +0.481617647<x103>[B] (+0) +0.481617647<x104>[B] (+0) -0.481617647<x105>[B] (+0) -0.481617647<x106>[B] (+0) -0.481617647<x107>[B] (+0) -0.481617647<x108>[B] (+1) +0.481617647<x109>[B] (+1) +0.481617647<x110>[B] (+0) +0.481617647<x111>[B] (+1) +0.481617647<x112>[B] (+1) +0.481617647<x113>[B] (+1) +0.481617647<x114>[B] (+1) -0.481617647<x115>[B] (+1) -0.481617647<x116>[B] (+0) -0.481617647<x117>[B] (+1) -0.481617647<x118>[B] (+1) -0.481617647<x119>[B] (+0) -0.481617647<x120>[B] (+1) -0.481617647<x121>[B] (+1) -0.481617647<x122>[B] (+1) -0.481617647<x123>[B] (+1) -0.481617647<x124>[B] (+1) -0.481617647<x125>[B] (+1) -0.481617647<x126>[B] (+1) -0.481617647<x127>[B] (+0) -0.481617647<x128>[B] (+0) -0.481617647<x129>[B] (+1) -0.481617647<x130>[B] (+1) -0.481617647<x131>[B] (+0) -0.481617647<x132>[B] (+1) -0.481617647<x133>[B] (+1) -0.481617647<x134>[B] (+1) -0.481617647<x135>[B] (+1) -0.481617647<x136>[B] (+1) >= 16.0147058823529;
;
violation: left hand side is violated by 0.00735294117648522
  [linear] <c1733>: <x150>[C] (+20.1102941) +0.540441176<x1>[B] (+1) +0.540441176<x2>[B] (+1) +0.540441176<x3>[B] (+1) +0.540441176<x4>[B] (+1) +0.540441176<x5>[B] (+1) +0.540441176<x6>[B] (+2.92099678e-13) -0.540441176<x7>[B] (+1) -0.540441176<x8>[B] (+1) +0.540441176<x9>[B] (+0) +0.540441176<x10>[B] (+1) -0.540441176<x11>[B] (+0) +0.540441176<x12>[B] (+1) +0.540441176<x13>[B] (+1) -0.540441176<x14>[B] (+0) -0.540441176<x15>[B] (+1) +0.540441176<x16>[B] (+1) -0.540441176<x17>[B] (+0) -0.540441176<x18>[B] (+1) -0.540441176<x19>[B] (+1) -0.540441176<x20>[B] (+1) -0.540441176<x21>[B] (+0) -0.540441176<x22>[B] (+1) -0.540441176<x23>[B] (+1) +0.540441176<x24>[B] (+0) -0.540441176<x25>[B] (+1) -0.540441176<x26>[B] (+0) -0.540441176<x27>[B] (+1) -0.540441176<x28>[B] (+1) -0.540441176<x29>[B] (+0) -0.540441176<x30>[B] (+1) -0.540441176<x31>[B] (+1) +0.540441176<x32>[B] (+1) +0.540441176<x33>[B] (+1) +0.540441176<x34>[B] (+1) +0.540441176<x35>[B] (+0) -0.540441176<x36>[B] (+1) -0.540441176<x37>[B] (+1) +0.540441176<x38>[B] (+0) +0.540441176<x39>[B] (+1) -0.540441176<x40>[B] (+0) +0.540441176<x41>[B] (+1) +0.540441176<x42>[B] (+1) -0.540441176<x43>[B] (+0) -0.540441176<x44>[B] (+1) +0.540441176<x45>[B] (+1) +0.540441176<x46>[B] (+0) -0.540441176<x47>[B] (+1) +0.540441176<x48>[B] (+0) -0.540441176<x49>[B] (+1) -0.540441176<x50>[B] (+0) +0.540441176<x51>[B] (+0) -0.540441176<x52>[B] (+0) -0.540441176<x53>[B] (+0) +0.540441176<x54>[B] (+0) +0.540441176<x55>[B] (+0) -0.540441176<x56>[B] (+0) -0.540441176<x57>[B] (+0) +0.540441176<x58>[B] (+0) -0.540441176<x59>[B] (+1) +0.540441176<x60>[B] (+0) -0.540441176<x61>[B] (+1) -0.540441176<x62>[B] (+1) +0.540441176<x63>[B] (+0) -0.540441176<x64>[B] (+0) -0.540441176<x65>[B] (+0) +0.540441176<x66>[B] (+1) -0.540441176<x67>[B] (+1) -0.540441176<x68>[B] (+0) -0.540441176<x69>[B] (+1) +0.540441176<x70>[B] (+1) +0.540441176<x71>[B] (+0) -0.540441176<x72>[B] (+1) -0.540441176<x73>[B] (+0) +0.540441176<x74>[B] (+0) -0.540441176<x75>[B] (+0) -0.540441176<x76>[B] (+0) +0.540441176<x77>[B] (+0) +0.540441176<x78>[B] (+0) -0.540441176<x79>[B] (+0) -0.540441176<x80>[B] (+0) +0.540441176<x81>[B] (+0) -0.540441176<x82>[B] (+1) -0.540441176<x83>[B] (+1) +0.540441176<x84>[B] (+1) -0.540441176<x85>[B] (+1) -0.540441176<x86>[B] (+0) +0.540441176<x87>[B] (+1) -0.540441176<x88>[B] (+1) -0.540441176<x89>[B] (+1) -0.540441176<x90>[B] (+1) +0.540441176<x91>[B] (+1) +0.540441176<x92>[B] (+0) +0.540441176<x93>[B] (+0) +0.540441176<x94>[B] (+0) +0.540441176<x95>[B] (+0) +0.540441176<x96>[B] (+0) +0.540441176<x97>[B] (+0) +0.540441176<x98>[B] (+0) +0.540441176<x99>[B] (+0) +0.540441176<x100>[B] (+0) +0.540441176<x101>[B] (+0) +0.540441176<x102>[B] (+0) +0.540441176<x103>[B] (+0) +0.540441176<x104>[B] (+0) +0.540441176<x105>[B] (+0) +0.540441176<x106>[B] (+0) +0.540441176<x107>[B] (+0) +0.540441176<x108>[B] (+1) -0.540441176<x109>[B] (+1) -0.540441176<x110>[B] (+0) -0.540441176<x111>[B] (+1) -0.540441176<x112>[B] (+1) -0.540441176<x113>[B] (+1) -0.540441176<x114>[B] (+1) -0.540441176<x115>[B] (+1) -0.540441176<x116>[B] (+0) +0.540441176<x117>[B] (+1) +0.540441176<x118>[B] (+1) -0.540441176<x119>[B] (+0) -0.540441176<x120>[B] (+1) +0.540441176<x121>[B] (+1) +0.540441176<x122>[B] (+1) +0.540441176<x123>[B] (+1) +0.540441176<x124>[B] (+1) +0.540441176<x125>[B] (+1) +0.540441176<x126>[B] (+1) -0.540441176<x127>[B] (+0) -0.540441176<x128>[B] (+0) -0.540441176<x129>[B] (+1) -0.540441176<x130>[B] (+1) -0.540441176<x131>[B] (+0) -0.540441176<x132>[B] (+1) +0.540441176<x133>[B] (+1) +0.540441176<x134>[B] (+1) +0.540441176<x135>[B] (+1) +0.540441176<x136>[B] (+1) >= 16.8897058823529;
;
violation: left hand side is violated by 0.022058823529413
  [linear] <c1733>: <x150>[C] (+20.1102941) +0.540441176<x1>[B] (+1) +0.540441176<x2>[B] (+1) +0.540441176<x3>[B] (+1) +0.540441176<x4>[B] (+1) +0.540441176<x5>[B] (+1) +0.540441176<x6>[B] (+0) -0.540441176<x7>[B] (+1) -0.540441176<x8>[B] (+1) +0.540441176<x9>[B] (+0) +0.540441176<x10>[B] (+1) -0.540441176<x11>[B] (+0) +0.540441176<x12>[B] (+1) +0.540441176<x13>[B] (+1) -0.540441176<x14>[B] (+0) -0.540441176<x15>[B] (+1) +0.540441176<x16>[B] (+1) -0.540441176<x17>[B] (+0) -0.540441176<x18>[B] (+1) -0.540441176<x19>[B] (+1) -0.540441176<x20>[B] (+1) -0.540441176<x21>[B] (+0) -0.540441176<x22>[B] (+1) -0.540441176<x23>[B] (+1) +0.540441176<x24>[B] (+0) -0.540441176<x25>[B] (+1) -0.540441176<x26>[B] (+0) -0.540441176<x27>[B] (+1) -0.540441176<x28>[B] (+1) -0.540441176<x29>[B] (+0) -0.540441176<x30>[B] (+1) -0.540441176<x31>[B] (+1) +0.540441176<x32>[B] (+1) +0.540441176<x33>[B] (+1) +0.540441176<x34>[B] (+1) +0.540441176<x35>[B] (+0) -0.540441176<x36>[B] (+1) -0.540441176<x37>[B] (+1) +0.540441176<x38>[B] (+0) +0.540441176<x39>[B] (+1) -0.540441176<x40>[B] (+0) +0.540441176<x41>[B] (+1) +0.540441176<x42>[B] (+1) -0.540441176<x43>[B] (+0) -0.540441176<x44>[B] (+1) +0.540441176<x45>[B] (+1) +0.540441176<x46>[B] (+0) -0.540441176<x47>[B] (+1) +0.540441176<x48>[B] (+0) -0.540441176<x49>[B] (+1) -0.540441176<x50>[B] (+0) +0.540441176<x51>[B] (+0) -0.540441176<x52>[B] (+0) -0.540441176<x53>[B] (+0) +0.540441176<x54>[B] (+0) +0.540441176<x55>[B] (+0) -0.540441176<x56>[B] (+0) -0.540441176<x57>[B] (+0) +0.540441176<x58>[B] (+0) -0.540441176<x59>[B] (+1) +0.540441176<x60>[B] (+0) -0.540441176<x61>[B] (+1) -0.540441176<x62>[B] (+1) +0.540441176<x63>[B] (+0) -0.540441176<x64>[B] (+0) -0.540441176<x65>[B] (+0) +0.540441176<x66>[B] (+1) -0.540441176<x67>[B] (+1) -0.540441176<x68>[B] (+0) -0.540441176<x69>[B] (+1) +0.540441176<x70>[B] (+1) +0.540441176<x71>[B] (+0) -0.540441176<x72>[B] (+1) -0.540441176<x73>[B] (+0) +0.540441176<x74>[B] (+0) -0.540441176<x75>[B] (+0) -0.540441176<x76>[B] (+0) +0.540441176<x77>[B] (+0) +0.540441176<x78>[B] (+0) -0.540441176<x79>[B] (+0) -0.540441176<x80>[B] (+0) +0.540441176<x81>[B] (+0) -0.540441176<x82>[B] (+1) -0.540441176<x83>[B] (+1) +0.540441176<x84>[B] (+1) -0.540441176<x85>[B] (+1) -0.540441176<x86>[B] (+0) +0.540441176<x87>[B] (+1) -0.540441176<x88>[B] (+1) -0.540441176<x89>[B] (+1) -0.540441176<x90>[B] (+1) +0.540441176<x91>[B] (+1) +0.540441176<x92>[B] (+0) +0.540441176<x93>[B] (+0) +0.540441176<x94>[B] (+0) +0.540441176<x95>[B] (+0) +0.540441176<x96>[B] (+0) +0.540441176<x97>[B] (+0) +0.540441176<x98>[B] (+0) +0.540441176<x99>[B] (+0) +0.540441176<x100>[B] (+0) +0.540441176<x101>[B] (+0) +0.540441176<x102>[B] (+0) +0.540441176<x103>[B] (+0) +0.540441176<x104>[B] (+0) +0.540441176<x105>[B] (+0) +0.540441176<x106>[B] (+0) +0.540441176<x107>[B] (+0) +0.540441176<x108>[B] (+1) -0.540441176<x109>[B] (+1) -0.540441176<x110>[B] (+0) -0.540441176<x111>[B] (+1) -0.540441176<x112>[B] (+1) -0.540441176<x113>[B] (+1) -0.540441176<x114>[B] (+1) -0.540441176<x115>[B] (+1) -0.540441176<x116>[B] (+0) +0.540441176<x117>[B] (+1) +0.540441176<x118>[B] (+1) -0.540441176<x119>[B] (+0) -0.540441176<x120>[B] (+1) +0.540441176<x121>[B] (+1) +0.540441176<x122>[B] (+1) +0.540441176<x123>[B] (+1) +0.540441176<x124>[B] (+1) +0.540441176<x125>[B] (+1) +0.540441176<x126>[B] (+1) -0.540441176<x127>[B] (+0) -0.540441176<x128>[B] (+0) -0.540441176<x129>[B] (+1) -0.540441176<x130>[B] (+1) -0.540441176<x131>[B] (+0) -0.540441176<x132>[B] (+1) +0.540441176<x133>[B] (+1) +0.540441176<x134>[B] (+1) +0.540441176<x135>[B] (+1) +0.540441176<x136>[B] (+1) >= 16.8897058823529;
;
violation: left hand side is violated by 0.022058823529413
  [linear] <c1737>: <x156>[C] (+22.9227941) +0.569852941<x1>[B] (+1) +0.569852941<x2>[B] (+0) -0.569852941<x3>[B] (+1) +0.569852941<x4>[B] (+1) -0.569852941<x5>[B] (+1) +0.569852941<x6>[B] (+0) +0.569852941<x7>[B] (+1) +0.569852941<x8>[B] (+1) +0.569852941<x9>[B] (+0) +0.569852941<x10>[B] (+1) +0.569852941<x11>[B] (+0) -0.569852941<x12>[B] (+1) +0.569852941<x13>[B] (+1) +0.569852941<x14>[B] (+0) +0.569852941<x15>[B] (+1) +0.569852941<x16>[B] (+1) +0.569852941<x17>[B] (+0) -0.569852941<x18>[B] (+1) +0.569852941<x19>[B] (+0) -0.569852941<x20>[B] (+1) -0.569852941<x21>[B] (+0) -0.569852941<x22>[B] (+1) +0.569852941<x23>[B] (+1) +0.569852941<x24>[B] (+0) +0.569852941<x25>[B] (+0) -0.569852941<x26>[B] (+0) -0.569852941<x27>[B] (+0) +0.569852941<x28>[B] (+0) +0.569852941<x29>[B] (+0) +0.569852941<x30>[B] (+1) +0.569852941<x31>[B] (+1) -0.569852941<x32>[B] (+1) -0.569852941<x33>[B] (+1) -0.569852941<x34>[B] (+1) -0.569852941<x35>[B] (+0) -0.569852941<x36>[B] (+1) -0.569852941<x37>[B] (+1) -0.569852941<x38>[B] (+0) -0.569852941<x39>[B] (+1) -0.569852941<x40>[B] (+0) -0.569852941<x41>[B] (+1) -0.569852941<x42>[B] (+1) -0.569852941<x43>[B] (+0) -0.569852941<x44>[B] (+1) -0.569852941<x45>[B] (+1) +0.569852941<x46>[B] (+0) +0.569852941<x47>[B] (+1) +0.569852941<x48>[B] (+0) +0.569852941<x49>[B] (+1) +0.569852941<x50>[B] (+0) +0.569852941<x51>[B] (+0) +0.569852941<x52>[B] (+0) +0.569852941<x53>[B] (+0) +0.569852941<x54>[B] (+0) +0.569852941<x55>[B] (+0) +0.569852941<x56>[B] (+0) +0.569852941<x57>[B] (+0) +0.569852941<x58>[B] (+0) -0.569852941<x59>[B] (+1) -0.569852941<x60>[B] (+0) -0.569852941<x61>[B] (+1) +0.569852941<x62>[B] (+1) -0.569852941<x63>[B] (+0) +0.569852941<x64>[B] (+0) -0.569852941<x65>[B] (+0) -0.569852941<x66>[B] (+1) -0.569852941<x67>[B] (+1) -0.569852941<x68>[B] (+0) -0.569852941<x69>[B] (+1) -0.569852941<x70>[B] (+1) +0.569852941<x71>[B] (+0) +0.569852941<x72>[B] (+1) +0.569852941<x73>[B] (+0) +0.569852941<x74>[B] (+0) +0.569852941<x75>[B] (+0) +0.569852941<x76>[B] (+0) +0.569852941<x77>[B] (+0) +0.569852941<x78>[B] (+0) +0.569852941<x79>[B] (+0) +0.569852941<x80>[B] (+0) +0.569852941<x81>[B] (+0) +0.569852941<x82>[B] (+1) +0.569852941<x83>[B] (+1) +0.569852941<x84>[B] (+1) +0.569852941<x85>[B] (+1) +0.569852941<x86>[B] (+0) -0.569852941<x87>[B] (+1) +0.569852941<x88>[B] (+1) +0.569852941<x89>[B] (+1) +0.569852941<x90>[B] (+1) +0.569852941<x91>[B] (+1) +0.569852941<x92>[B] (+0) +0.569852941<x93>[B] (+0) +0.569852941<x94>[B] (+0) -0.569852941<x95>[B] (+0) -0.569852941<x96>[B] (+0) +0.569852941<x97>[B] (+0) +0.569852941<x98>[B] (+0) +0.569852941<x99>[B] (+0) +0.569852941<x100>[B] (+0) -0.569852941<x101>[B] (+0) -0.569852941<x102>[B] (+0) -0.569852941<x103>[B] (+0) -0.569852941<x104>[B] (+0) -0.569852941<x105>[B] (+0) -0.569852941<x106>[B] (+0) -0.569852941<x107>[B] (+0) -0.569852941<x108>[B] (+1) +0.569852941<x109>[B] (+1) -0.569852941<x110>[B] (+0) -0.569852941<x111>[B] (+1) -0.569852941<x112>[B] (+1) -0.569852941<x113>[B] (+1) -0.569852941<x114>[B] (+1) -0.569852941<x115>[B] (+1) -0.569852941<x116>[B] (+0) -0.569852941<x117>[B] (+1) -0.569852941<x118>[B] (+1) -0.569852941<x119>[B] (+0) -0.569852941<x120>[B] (+1) -0.569852941<x121>[B] (+1) -0.569852941<x122>[B] (+1) +0.569852941<x123>[B] (+1) +0.569852941<x124>[B] (+1) +0.569852941<x125>[B] (+1) +0.569852941<x126>[B] (+1) +0.569852941<x127>[B] (+0) +0.569852941<x128>[B] (+0) +0.569852941<x129>[B] (+1) +0.569852941<x130>[B] (+1) +0.569852941<x131>[B] (+0) +0.569852941<x132>[B] (+1) +0.569852941<x133>[B] (+1) +0.569852941<x134>[B] (+1) +0.569852941<x135>[B] (+1) -0.569852941<x136>[B] (+1) >= 22.3676470588235;
;
violation: left hand side is violated by 0.0147058823514996
  [linear] <c1764>: <x215>[C] (+33.8602941) +0.694852941<x1>[B] (+1) +0.694852941<x2>[B] (+0) -0.694852941<x3>[B] (+1) +0.694852941<x4>[B] (+1) +0.694852941<x5>[B] (+1) +0.694852941<x6>[B] (+0) +0.694852941<x7>[B] (+1) -0.694852941<x8>[B] (+1) +0.694852941<x9>[B] (+0) +0.694852941<x10>[B] (+1) +0.694852941<x11>[B] (+0) +0.694852941<x12>[B] (+1) -0.694852941<x13>[B] (+1) +0.694852941<x14>[B] (+0) -0.694852941<x15>[B] (+1) -0.694852941<x16>[B] (+1) +0.694852941<x17>[B] (+0) -0.694852941<x18>[B] (+1) +0.694852941<x19>[B] (+0) +0.694852941<x20>[B] (+1) +0.694852941<x21>[B] (+0) -0.694852941<x22>[B] (+1) -0.694852941<x23>[B] (+1) +0.694852941<x24>[B] (+0) +0.694852941<x25>[B] (+0) +0.694852941<x26>[B] (+0) +0.694852941<x27>[B] (+0) -0.694852941<x28>[B] (+0) -0.694852941<x29>[B] (+0) -0.694852941<x30>[B] (+1) -0.694852941<x31>[B] (+1) -0.694852941<x32>[B] (+1) -0.694852941<x33>[B] (+1) -0.694852941<x34>[B] (+1) +0.694852941<x35>[B] (+0) -0.694852941<x36>[B] (+1) -0.694852941<x37>[B] (+1) -0.694852941<x38>[B] (+0) -0.694852941<x39>[B] (+1) +0.694852941<x40>[B] (+0) +0.694852941<x41>[B] (+1) -0.694852941<x42>[B] (+1) -0.694852941<x43>[B] (+0) -0.694852941<x44>[B] (+1) -0.694852941<x45>[B] (+1) +0.694852941<x46>[B] (+0) +0.694852941<x47>[B] (+1) +0.694852941<x48>[B] (+0) +0.694852941<x49>[B] (+1) +0.694852941<x50>[B] (+0) +0.694852941<x51>[B] (+0) +0.694852941<x52>[B] (+0) +0.694852941<x53>[B] (+0) +0.694852941<x54>[B] (+0) +0.694852941<x55>[B] (+0) +0.694852941<x56>[B] (+0) +0.694852941<x57>[B] (+0) +0.694852941<x58>[B] (+0) +0.694852941<x59>[B] (+1) +0.694852941<x60>[B] (+0) -0.694852941<x61>[B] (+1) -0.694852941<x62>[B] (+1) +0.694852941<x63>[B] (+0) +0.694852941<x64>[B] (+0) +0.694852941<x65>[B] (+0) +0.694852941<x66>[B] (+1) -0.694852941<x67>[B] (+1) -0.694852941<x68>[B] (+0) -0.694852941<x69>[B] (+1) -0.694852941<x70>[B] (+1) +0.694852941<x71>[B] (+0) -0.694852941<x72>[B] (+1) -0.694852941<x73>[B] (+0) -0.694852941<x74>[B] (+0) -0.694852941<x75>[B] (+0) +0.694852941<x76>[B] (+0) +0.694852941<x77>[B] (+0) -0.694852941<x78>[B] (+0) -0.694852941<x79>[B] (+0) -0.694852941<x80>[B] (+0) -0.694852941<x81>[B] (+0) -0.694852941<x82>[B] (+1) -0.694852941<x83>[B] (+1) -0.694852941<x84>[B] (+1) -0.694852941<x85>[B] (+1) -0.694852941<x86>[B] (+0) -0.694852941<x87>[B] (+1) -0.694852941<x88>[B] (+1) -0.694852941<x89>[B] (+1) -0.694852941<x90>[B] (+1) -0.694852941<x91>[B] (+1) -0.694852941<x92>[B] (+0) +0.694852941<x93>[B] (+0) +0.694852941<x94>[B] (+0) +0.694852941<x95>[B] (+0) +0.694852941<x96>[B] (+0) -0.694852941<x97>[B] (+0) -0.694852941<x98>[B] (+0) -0.694852941<x99>[B] (+0) -0.694852941<x100>[B] (+0) +0.694852941<x101>[B] (+0) +0.694852941<x102>[B] (+0) +0.694852941<x103>[B] (+0) +0.694852941<x104>[B] (+0) -0.694852941<x105>[B] (+0) +0.694852941<x106>[B] (+0) -0.694852941<x107>[B] (+0) -0.694852941<x108>[B] (+1) +0.694852941<x109>[B] (+1) +0.694852941<x110>[B] (+0) +0.694852941<x111>[B] (+1) -0.694852941<x112>[B] (+1) -0.694852941<x113>[B] (+1) -0.694852941<x114>[B] (+1) -0.694852941<x115>[B] (+1) +0.694852941<x116>[B] (+0) +0.694852941<x117>[B] (+1) -0.694852941<x118>[B] (+1) -0.694852941<x119>[B] (+0) -0.694852941<x120>[B] (+1) -0.694852941<x121>[B] (+1) -0.694852941<x122>[B] (+1) -0.694852941<x123>[B] (+1) -0.694852941<x124>[B] (+1) -0.694852941<x125>[B] (+1) -0.694852941<x126>[B] (+1) -0.694852941<x127>[B] (+0) -0.694852941<x128>[B] (+0) -0.694852941<x129>[B] (+1) -0.694852941<x130>[B] (+1) +0.694852941<x131>[B] (+0) +0.694852941<x132>[B] (+1) +0.694852941<x133>[B] (+1) -0.694852941<x134>[B] (+1) -0.694852941<x135>[B] (+1) -0.694852941<x136>[B] (+1) >= 9.55514705882353;
;
violation: left hand side is violated by 0.0147058823529562
  [linear] <c1740>: <x160>[C] (+19.5183824) -0.511029412<x1>[B] (+1) -0.511029412<x2>[B] (+1) +0.511029412<x3>[B] (+1) -0.511029412<x4>[B] (+1) -0.511029412<x5>[B] (+1) -0.511029412<x6>[B] (+0) -0.511029412<x7>[B] (+1) -0.511029412<x8>[B] (+1) -0.511029412<x9>[B] (+1) -0.511029412<x10>[B] (+1) -0.511029412<x11>[B] (+0) -0.511029412<x12>[B] (+1) -0.511029412<x13>[B] (+1) +0.511029412<x14>[B] (+0) -0.511029412<x15>[B] (+1) -0.511029412<x16>[B] (+1) -0.511029412<x17>[B] (+1) +0.511029412<x18>[B] (+1) -0.511029412<x19>[B] (+1) -0.511029412<x20>[B] (+1) +0.511029412<x21>[B] (+0) +0.511029412<x22>[B] (+1) -0.511029412<x23>[B] (+1) -0.511029412<x24>[B] (+0) -0.511029412<x25>[B] (+1) -0.511029412<x26>[B] (+0) -0.511029412<x27>[B] (+1) -0.511029412<x28>[B] (+1) +0.511029412<x29>[B] (+0) +0.511029412<x30>[B] (+1) -0.511029412<x31>[B] (+1) +0.511029412<x32>[B] (+1) -0.511029412<x33>[B] (+1) +0.511029412<x34>[B] (+1) +0.511029412<x35>[B] (+0) +0.511029412<x36>[B] (+1) -0.511029412<x37>[B] (+1) -0.511029412<x38>[B] (+0) +0.511029412<x39>[B] (+0) -0.511029412<x40>[B] (+0) -0.511029412<x41>[B] (+1) -0.511029412<x42>[B] (+1) +0.511029412<x43>[B] (+0) +0.511029412<x44>[B] (+1) -0.511029412<x45>[B] (+1) -0.511029412<x46>[B] (+0) -0.511029412<x47>[B] (+1) -0.511029412<x48>[B] (+0) -0.511029412<x49>[B] (+1) -0.511029412<x50>[B] (+0) -0.511029412<x51>[B] (+0) -0.511029412<x52>[B] (+0) -0.511029412<x53>[B] (+0) -0.511029412<x54>[B] (+0) -0.511029412<x55>[B] (+0) -0.511029412<x56>[B] (+0) -0.511029412<x57>[B] (+0) -0.511029412<x58>[B] (+0) +0.511029412<x59>[B] (+1) +0.511029412<x60>[B] (+0) +0.511029412<x61>[B] (+1) -0.511029412<x62>[B] (+1) -0.511029412<x63>[B] (+0) +0.511029412<x64>[B] (+0) -0.511029412<x65>[B] (+0) -0.511029412<x66>[B] (+1) -0.511029412<x67>[B] (+1) +0.511029412<x68>[B] (+0) +0.511029412<x69>[B] (+1) -0.511029412<x70>[B] (+1) +0.511029412<x71>[B] (+0) +0.511029412<x72>[B] (+1) -0.511029412<x73>[B] (+0) -0.511029412<x74>[B] (+0) -0.511029412<x75>[B] (+0) -0.511029412<x76>[B] (+0) -0.511029412<x77>[B] (+0) -0.511029412<x78>[B] (+0) +0.511029412<x79>[B] (+0) +0.511029412<x80>[B] (+0) -0.511029412<x81>[B] (+0) +0.511029412<x82>[B] (+1) -0.511029412<x83>[B] (+1) -0.511029412<x84>[B] (+1) -0.511029412<x85>[B] (+1) -0.511029412<x86>[B] (+0) -0.511029412<x87>[B] (+1) -0.511029412<x88>[B] (+1) +0.511029412<x89>[B] (+0) -0.511029412<x90>[B] (+1) -0.511029412<x91>[B] (+1) -0.511029412<x92>[B] (+0) -0.511029412<x93>[B] (+0) -0.511029412<x94>[B] (+0) -0.511029412<x95>[B] (+0) -0.511029412<x96>[B] (+0) -0.511029412<x97>[B] (+0) +0.511029412<x98>[B] (+0) -0.511029412<x99>[B] (+0) -0.511029412<x100>[B] (+0) +0.511029412<x101>[B] (+0) +0.511029412<x102>[B] (+0) -0.511029412<x103>[B] (+0) +0.511029412<x104>[B] (+0) -0.511029412<x105>[B] (+0) +0.511029412<x106>[B] (+0) +0.511029412<x107>[B] (+0) -0.511029412<x108>[B] (+1) +0.511029412<x109>[B] (+1) -0.511029412<x110>[B] (+0) +0.511029412<x111>[B] (+1) -0.511029412<x112>[B] (+1) +0.511029412<x113>[B] (+0) +0.511029412<x114>[B] (+1) -0.511029412<x115>[B] (+1) -0.511029412<x116>[B] (+0) -0.511029412<x117>[B] (+1) -0.511029412<x118>[B] (+1) +0.511029412<x119>[B] (+0) +0.511029412<x120>[B] (+1) -0.511029412<x121>[B] (+1) +0.511029412<x122>[B] (+1) -0.511029412<x123>[B] (+1) +0.511029412<x124>[B] (+1) +0.511029412<x125>[B] (+1) -0.511029412<x126>[B] (+1) -0.511029412<x127>[B] (+0) +0.511029412<x128>[B] (+0) +0.511029412<x129>[B] (+1) -0.511029412<x130>[B] (+1) +0.511029412<x131>[B] (+0) +0.511029412<x132>[B] (+1) +0.511029412<x133>[B] (+1) -0.511029412<x134>[B] (+1) -0.511029412<x135>[B] (+1) -0.511029412<x136>[B] (+1) >= 5.75;
;
violation: left hand side is violated by 0.0294117647058902
2/10 feasible solutions given by solution candidate storage, new primal bound -1.519320e+03

presolving:
   (0.0s) symmetry computation started: requiring (bin +, int +, cont +), (fixed: bin -, int -, cont -)
   (0.0s) no symmetry present (symcode time: 0.00)
presolving (0 rounds: 0 fast, 0 medium, 0 exhaustive):
 0 deleted vars, 0 deleted constraints, 0 added constraints, 0 tightened bounds, 0 added holes, 0 changed sides, 0 changed coefficients
 0 implications, 0 cliques, 0 implied integral variables (0 bin, 0 int, 0 cont)
presolved problem has 236 variables (136 bin, 0 int, 100 cont) and 1773 constraints
   1773 constraints of type <linear>
Presolving Time: 0.02
transformed 3/3 original solutions to the transformed problem space

 time | node  | left  |LP iter|LP it/n|mem/heur|mdpt |vars |cons |rows |cuts |sepa|confs|strbr|  dualbound   | primalbound  |  gap   | compl. 
  0.1s|     1 |     0 |   831 |     - |    84M |   0 | 236 |1773 |1773 |   0 |  0 |   0 |   0 |-1.516085e+03 |-1.519320e+03 |   0.21%| unknown
  0.1s|     1 |     0 |   831 |     - |    84M |   0 | 236 |1773 |1410 |   0 |  0 |   0 |   0 |-1.516085e+03 |-1.519320e+03 |   0.21%| unknown
  0.2s|     1 |     0 |   855 |     - |    84M |   0 | 236 |1773 |1414 |   4 |  1 |   0 |   0 |-1.516124e+03 |-1.519320e+03 |   0.21%| unknown
  0.2s|     1 |     0 |   855 |     - |    84M |   0 | 236 |1773 |1401 |   4 |  1 |   0 |   0 |-1.516124e+03 |-1.519320e+03 |   0.21%| unknown
  0.3s|     1 |     0 |   873 |     - |    84M |   0 | 236 |1773 |1403 |   6 |  2 |   0 |   0 |-1.516177e+03 |-1.519320e+03 |   0.21%| unknown
  0.3s|     1 |     0 |   873 |     - |    84M |   0 | 236 |1773 |1388 |   6 |  2 |   0 |   0 |-1.516177e+03 |-1.519320e+03 |   0.21%| unknown
  0.4s|     1 |     0 |   909 |     - |    84M |   0 | 236 |1773 |1391 |   9 |  3 |   0 |   0 |-1.516223e+03 |-1.519320e+03 |   0.20%| unknown
  0.6s|     1 |     0 |   934 |     - |    84M |   0 | 236 |1773 |1395 |  13 |  4 |   0 |   0 |-1.516248e+03 |-1.519320e+03 |   0.20%| unknown
  0.6s|     1 |     0 |   955 |     - |    84M |   0 | 236 |1773 |1396 |  14 |  5 |   0 |   0 |-1.516305e+03 |-1.519320e+03 |   0.20%| unknown
  0.6s|     1 |     0 |   955 |     - |    84M |   0 | 236 |1773 |1367 |  14 |  5 |   0 |   0 |-1.516305e+03 |-1.519320e+03 |   0.20%| unknown
  0.7s|     1 |     0 |   972 |     - |    85M |   0 | 236 |1773 |1370 |  17 |  6 |   0 |   0 |-1.516313e+03 |-1.519320e+03 |   0.20%| unknown
  0.8s|     1 |     0 |  1006 |     - |    85M |   0 | 236 |1773 |1372 |  19 |  7 |   0 |   0 |-1.516326e+03 |-1.519320e+03 |   0.20%| unknown
  0.9s|     1 |     0 |  1033 |     - |    85M |   0 | 236 |1773 |1374 |  21 |  8 |   0 |   0 |-1.516345e+03 |-1.519320e+03 |   0.20%| unknown
  0.9s|     1 |     0 |  1033 |     - |    85M |   0 | 236 |1773 |1359 |  21 |  8 |   0 |   0 |-1.516345e+03 |-1.519320e+03 |   0.20%| unknown
  1.0s|     1 |     0 |  1085 |     - |    85M |   0 | 236 |1773 |1361 |  23 |  9 |   0 |   0 |-1.516361e+03 |-1.519320e+03 |   0.20%| unknown
 time | node  | left  |LP iter|LP it/n|mem/heur|mdpt |vars |cons |rows |cuts |sepa|confs|strbr|  dualbound   | primalbound  |  gap   | compl. 
  1.0s|     1 |     0 |  1085 |     - |    85M |   0 | 236 |1773 |1346 |  23 |  9 |   0 |   0 |-1.516361e+03 |-1.519320e+03 |   0.20%| unknown
  1.1s|     1 |     0 |  1117 |     - |    85M |   0 | 236 |1773 |1350 |  27 | 10 |   0 |   0 |-1.516377e+03 |-1.519320e+03 |   0.19%| unknown
  1.1s|     1 |     0 |  1117 |     - |    85M |   0 | 236 |1773 |1335 |  27 | 10 |   0 |   0 |-1.516377e+03 |-1.519320e+03 |   0.19%| unknown
  1.1s|     1 |     0 |  1125 |     - |    85M |   0 | 236 |1773 |1337 |  29 | 11 |   0 |   0 |-1.516378e+03 |-1.519320e+03 |   0.19%| unknown
  1.1s|     1 |     0 |  1125 |     - |    85M |   0 | 236 |1204 |1337 |  29 | 11 |   0 |   0 |-1.516378e+03 |-1.519320e+03 |   0.19%| unknown
  1.2s|     1 |     0 |  1132 |     - |    85M |   0 | 236 |1204 |1338 |  30 | 12 |   0 |   0 |-1.516378e+03 |-1.519320e+03 |   0.19%| unknown
  1.3s|     1 |     0 |  1142 |     - |    85M |   0 | 236 |1204 |1339 |  31 | 13 |   0 |   0 |-1.516380e+03 |-1.519320e+03 |   0.19%| unknown
  1.3s|     1 |     0 |  1160 |     - |    86M |   0 | 236 |1204 |1340 |  32 | 14 |   0 |   0 |-1.516382e+03 |-1.519320e+03 |   0.19%| unknown
  1.4s|     1 |     0 |  1167 |     - |    86M |   0 | 236 |1204 |1341 |  33 | 15 |   0 |   0 |-1.516382e+03 |-1.519320e+03 |   0.19%| unknown
(run 1, node 1) restarting after 39 global fixings of integer variables

(restart) converted 33 cuts from the global cut pool into linear constraints

presolving:
presolving (0 rounds: 0 fast, 0 medium, 0 exhaustive):
 0 deleted vars, 0 deleted constraints, 0 added constraints, 0 tightened bounds, 0 added holes, 0 changed sides, 0 changed coefficients
 0 implications, 0 cliques, 0 implied integral variables (0 bin, 0 int, 0 cont)
presolved problem has 236 variables (136 bin, 0 int, 100 cont) and 1245 constraints
   1239 constraints of type <linear>
      6 constraints of type <logicor>
Presolving Time: 0.02
transformed 19/21 original solutions to the transformed problem space

 time | node  | left  |LP iter|LP it/n|mem/heur|mdpt |vars |cons |rows |cuts |sepa|confs|strbr|  dualbound   | primalbound  |  gap   | compl. 
  1.8s|     1 |     0 |  3111 |     - |    86M |   0 | 236 |1245 |1237 |   0 |  0 |   8 |   0 |-1.516382e+03 |-1.519320e+03 |   0.19%| unknown
  1.9s|     1 |     0 |  3146 |     - |    86M |   0 | 236 |1245 |1240 |   3 |  1 |   8 |   0 |-1.516398e+03 |-1.519320e+03 |   0.19%| unknown
  2.0s|     1 |     0 |  3146 |     - |    86M |   0 | 236 |1245 |1216 |   3 |  1 |   8 |   0 |-1.516398e+03 |-1.519320e+03 |   0.19%| unknown
  2.1s|     1 |     0 |  3176 |     - |    86M |   0 | 236 |1245 |1217 |   4 |  2 |   8 |   0 |-1.516414e+03 |-1.519320e+03 |   0.19%| unknown
  2.2s|     1 |     0 |  3191 |     - |    86M |   0 | 236 |1245 |1219 |   6 |  3 |   8 |   0 |-1.516415e+03 |-1.519320e+03 |   0.19%| unknown
  2.3s|     1 |     0 |  3201 |     - |    86M |   0 | 236 |1248 |1221 |   8 |  4 |  11 |   0 |-1.516416e+03 |-1.519320e+03 |   0.19%| unknown
  2.4s|     1 |     0 |  3226 |     - |    86M |   0 | 236 |1248 |1223 |  10 |  5 |  11 |   0 |-1.516436e+03 |-1.519320e+03 |   0.19%| unknown
  2.6s|     1 |     0 |  3241 |     - |    86M |   0 | 236 |1248 |1225 |  12 |  6 |  11 |   0 |-1.516444e+03 |-1.519320e+03 |   0.19%| unknown
  2.7s|     1 |     0 |  3286 |     - |    86M |   0 | 236 |1248 |1227 |  14 |  7 |  11 |   0 |-1.516462e+03 |-1.519320e+03 |   0.19%| unknown
  2.8s|     1 |     0 |  3312 |     - |    86M |   0 | 236 |1248 |1230 |  17 |  8 |  11 |   0 |-1.516481e+03 |-1.519320e+03 |   0.19%| unknown
  2.9s|     1 |     0 |  3343 |     - |    87M |   0 | 236 |1248 |1232 |  19 |  9 |  11 |   0 |-1.516503e+03 |-1.519320e+03 |   0.19%| unknown
  3.0s|     1 |     0 |  3370 |     - |    87M |   0 | 236 |1248 |1234 |  21 | 10 |  11 |   0 |-1.516527e+03 |-1.519320e+03 |   0.18%| unknown
  3.1s|     1 |     0 |  3408 |     - |    87M |   0 | 236 |1248 |1221 |  23 | 11 |  11 |   0 |-1.516534e+03 |-1.519320e+03 |   0.18%| unknown
  3.5s|     1 |     0 |  4451 |     - |    87M |   0 | 236 |1187 |1221 |  23 | 11 |  19 |   2 |-1.516866e+03 |-1.519320e+03 |   0.16%| unknown
  3.5s|     1 |     0 |  4451 |     - |    87M |   0 | 236 |1187 |1131 |  23 | 11 |  19 |   2 |-1.516866e+03 |-1.519320e+03 |   0.16%| unknown
 time | node  | left  |LP iter|LP it/n|mem/heur|mdpt |vars |cons |rows |cuts |sepa|confs|strbr|  dualbound   | primalbound  |  gap   | compl. 
  3.7s|     1 |     0 |  4468 |     - |    87M |   0 | 236 |1187 |1137 |  29 | 12 |  19 |   2 |-1.516897e+03 |-1.519320e+03 |   0.16%| unknown
  3.7s|     1 |     0 |  4475 |     - |    87M |   0 | 236 |1187 |1138 |  30 | 13 |  19 |   2 |-1.516898e+03 |-1.519320e+03 |   0.16%| unknown
  3.7s|     1 |     0 |  4475 |     - |    87M |   0 | 236 |1130 |1138 |  30 | 13 |  19 |   2 |-1.516898e+03 |-1.519320e+03 |   0.16%| unknown
  3.8s|     1 |     0 |  4480 |     - |    87M |   0 | 236 |1130 |1137 |  31 | 14 |  19 |   2 |-1.516899e+03 |-1.519320e+03 |   0.16%| unknown
  3.8s|     1 |     0 |  4486 |     - |    87M |   0 | 236 |1130 |1138 |  32 | 15 |  19 |   2 |-1.516901e+03 |-1.519320e+03 |   0.16%| unknown
  3.8s|     1 |     0 |  4486 |     - |    87M |   0 | 236 |1130 |1138 |  32 | 15 |  19 |   4 |-1.517892e+03 |-1.519320e+03 |   0.09%| unknown
  3.9s|     1 |     0 |  4486 |     - |    87M |   0 | 236 |1130 |1138 |  32 | 16 |  19 |   5 |-1.517892e+03 |-1.519320e+03 |   0.09%| unknown
  4.1s|     1 |     0 |  4588 |     - |    87M |   0 | 236 |1132 |1138 |  32 | 17 |  23 |  12 |-1.518208e+03 |-1.519320e+03 |   0.07%| unknown
  4.1s|     1 |     0 |  4588 |     - |    87M |   0 | 236 |1132 |1035 |  32 | 17 |  23 |  12 |-1.518208e+03 |-1.519320e+03 |   0.07%| unknown
  4.3s|     1 |     0 |  4609 |     - |    87M |   0 | 236 |1132 |1041 |  38 | 18 |  23 |  12 |-1.518208e+03 |-1.519320e+03 |   0.07%| unknown
  4.3s|     1 |     0 |  4609 |     - |    87M |   0 | 236 |1132 |1026 |  38 | 18 |  23 |  12 |-1.518208e+03 |-1.519320e+03 |   0.07%| unknown
  4.3s|     1 |     0 |  4609 |     - |    87M |   0 | 236 |1025 |1026 |  38 | 19 |  23 |  12 |-1.518208e+03 |-1.519320e+03 |   0.07%| unknown
  4.4s|     1 |     0 |  4609 |     - |    87M |   0 | 236 |1025 |1026 |  38 | 20 |  23 |  13 |-1.518208e+03 |-1.519320e+03 |   0.07%| unknown
  4.4s|     1 |     0 |  4609 |     - |    87M |   0 | 236 |1025 |1026 |  38 | 21 |  23 |  14 |-1.518208e+03 |-1.519320e+03 |   0.07%| unknown
  4.5s|     1 |     0 |  4663 |     - |    87M |   0 | 236 |1016 |1026 |  38 | 22 |  28 |  16 |-1.518208e+03 |-1.519320e+03 |   0.07%| unknown
 time | node  | left  |LP iter|LP it/n|mem/heur|mdpt |vars |cons |rows |cuts |sepa|confs|strbr|  dualbound   | primalbound  |  gap   | compl. 
  4.5s|     1 |     0 |  4663 |     - |    87M |   0 | 236 |1016 | 969 |  38 | 22 |  28 |  16 |-1.518208e+03 |-1.519320e+03 |   0.07%| unknown
  4.6s|     1 |     0 |  4668 |     - |    87M |   0 | 236 |1016 | 970 |  39 | 23 |  28 |  16 |-1.518208e+03 |-1.519320e+03 |   0.07%| unknown
  4.6s|     1 |     0 |  4668 |     - |    87M |   0 | 236 |1017 | 956 |  39 | 23 |  29 |  16 |-1.518208e+03 |-1.519320e+03 |   0.07%| unknown
  4.6s|     1 |     0 |  4668 |     - |    87M |   0 | 236 | 989 | 956 |  39 | 24 |  29 |  16 |-1.518208e+03 |-1.519320e+03 |   0.07%| unknown
  4.7s|     1 |     0 |  4668 |     - |    87M |   0 | 236 | 989 | 956 |  39 | 25 |  29 |  17 |-1.518208e+03 |-1.519320e+03 |   0.07%| unknown
  4.7s|     1 |     0 |  4668 |     - |    87M |   0 | 236 | 989 | 956 |  39 | 26 |  29 |  18 |-1.518208e+03 |-1.519320e+03 |   0.07%| unknown
  4.8s|     1 |     0 |  4718 |     - |    87M |   0 | 236 | 952 | 956 |  39 | 27 |  31 |  19 |-1.518208e+03 |-1.519320e+03 |   0.07%| unknown
  4.8s|     1 |     0 |  4718 |     - |    87M |   0 | 236 | 952 | 909 |  39 | 27 |  31 |  19 |-1.518208e+03 |-1.519320e+03 |   0.07%| unknown
  4.8s|     1 |     0 |  4718 |     - |    87M |   0 | 236 | 925 | 909 |  39 | 28 |  31 |  19 |-1.518208e+03 |-1.519320e+03 |   0.07%| unknown
  4.9s|     1 |     0 |  4799 |     - |    87M |   0 | 236 | 876 | 909 |  39 | 29 |  33 |  20 |-1.518208e+03 |-1.519320e+03 |   0.07%| unknown
  4.9s|     1 |     0 |  4799 |     - |    87M |   0 | 236 | 876 | 794 |  39 | 29 |  33 |  20 |-1.518208e+03 |-1.519320e+03 |   0.07%| unknown
  4.9s|     1 |     0 |  4799 |     - |    87M |   0 | 236 | 788 | 794 |  39 | 30 |  33 |  20 |-1.518208e+03 |-1.519320e+03 |   0.07%| unknown
  5.0s|     1 |     0 |  4860 |     - |    87M |   0 | 236 | 778 | 794 |  39 | 31 |  35 |  21 |-1.518208e+03 |-1.519320e+03 |   0.07%| unknown
  5.0s|     1 |     0 |  4911 |     - |    87M |   0 | 236 | 748 | 794 |  39 | 32 |  37 |  22 |-1.518323e+03 |-1.519320e+03 |   0.07%| unknown
  5.0s|     1 |     0 |  4911 |     - |    87M |   0 | 236 | 748 | 718 |  39 | 32 |  37 |  22 |-1.518323e+03 |-1.519320e+03 |   0.07%| unknown
 time | node  | left  |LP iter|LP it/n|mem/heur|mdpt |vars |cons |rows |cuts |sepa|confs|strbr|  dualbound   | primalbound  |  gap   | compl. 
  5.1s|     1 |     0 |  4911 |     - |    87M |   0 | 236 | 737 | 718 |  39 | 33 |  37 |  22 |-1.518323e+03 |-1.519320e+03 |   0.07%| unknown
  5.1s|     1 |     0 |  4911 |     - |    87M |   0 | 236 | 736 | 718 |  39 | 34 |  37 |  23 |-1.518725e+03 |-1.519320e+03 |   0.04%| unknown
  5.1s|     1 |     0 |  4945 |     - |    87M |   0 | 236 | 704 | 718 |  39 | 35 |  39 |  24 |-1.518725e+03 |-1.519320e+03 |   0.04%| unknown
  5.2s|     1 |     0 |  4945 |     - |    87M |   0 | 236 | 691 | 718 |  39 | 36 |  39 |  25 |-1.518725e+03 |-1.519320e+03 |   0.04%| unknown
  5.2s|     1 |     0 |  4945 |     - |    87M |   0 | 236 | 691 | 718 |  39 | 37 |  39 |  26 |-1.518725e+03 |-1.519320e+03 |   0.04%| unknown
  5.2s|     1 |     2 |  4945 |     - |    87M |   0 | 236 | 691 | 718 |  39 | 38 |  39 |  26 |-1.518725e+03 |-1.519320e+03 |   0.04%| unknown

SCIP Status        : problem is solved [optimal solution found]
Solving Time (sec) : 5.27
Solving Nodes      : 5 (total of 6 nodes in 2 runs)
Primal Bound       : -1.51931985294118e+03 (48 solutions)
Dual Bound         : -1.51931985294118e+03
Gap                : 0.00 %
