Loading instance...
Median ranking: [14, 8, 1, 12, 15, 5, 9, 7, 6, 16, 10, 11, 4, 18, 17, 2, 13, 3]
Mean ranking: [14, 1, 8, 12, 6, 4, 15, 18, 5, 9, 2, 10, 7, 16, 11, 17, 13, 3]
Actual error: 0.0023058807920688373
Weighted Kendall distance: 272.0
Normalized distance: 0.14035087719298245
 bounds, 0 chg sides, 0 chg coeffs, 0 upgd conss, 0 impls, 0 clqs, 0 implints
   (0.0s) symmetry computation started: requiring (bin +, int +, cont +), (fixed: bin -, int -, cont -)
   (0.0s) no symmetry present (symcode time: 0.00)
presolving (2 rounds: 2 fast, 2 medium, 1 exhaustive):
 0 deleted vars, 1632 deleted constraints, 816 added constraints, 0 tightened bounds, 0 added holes, 0 changed sides, 0 changed coefficients
 0 implications, 0 cliques, 0 implied integral variables (0 bin, 0 int, 0 cont)
presolved problem has 153 variables (0 bin, 0 int, 153 cont) and 816 constraints
    816 constraints of type <linear>
Presolving Time: 0.01
transformed 3/3 original solutions to the transformed problem space

 time | node  | left  |LP iter|LP it/n|mem/heur|mdpt |vars |cons |rows |cuts |sepa|confs|strbr|  dualbound   | primalbound  |  gap   | compl. 
* 0.0s|     1 |     0 |    43 |     - |    LP  |   0 | 153 | 816 | 816 |   0 |  0 |   0 |   0 | 4.340000e+02 | 4.340000e+02 |   0.00%| unknown
  0.0s|     1 |     0 |    43 |     - |  6057k |   0 | 153 | 816 | 816 |   0 |  0 |   0 |   0 | 4.340000e+02 | 4.340000e+02 |   0.00%| unknown

SCIP Status        : problem is solved [optimal solution found]
Solving Time (sec) : 0.01
Solving Nodes      : 1
Primal Bound       : +4.34000000000000e+02 (4 solutions)
Dual Bound         : +4.34000000000000e+02
Gap                : 0.00 %
feasible solution found by trivial heuristic after 0.0 seconds, objective value 5.800000e+01
presolving:
   (0.0s) running MILP presolver
   (0.0s) MILP presolver (2 rounds): 0 aggregations, 0 fixings, 0 bound changes
(round 1, medium)     0 del vars, 1632 del conss, 816 add conss, 0 chg bounds, 0 chg sides, 0 chg coeffs, 0 upgd conss, 0 impls, 0 clqs, 0 implints
   (0.0s) probing: 51/153 (33.3%) - 0 fixings, 0 aggregations, 0 implications, 0 bound changes
   (0.0s) probing aborted: 50/50 successive totally useless probings
   (0.0s) symmetry computation started: requiring (bin +, int +, cont +), (fixed: bin -, int -, cont -)
   (0.0s) no symmetry present (symcode time: 0.00)
presolving (2 rounds: 2 fast, 2 medium, 1 exhaustive):
 0 deleted vars, 1632 deleted constraints, 816 added constraints, 0 tightened bounds, 0 added holes, 0 changed sides, 0 changed coefficients
 0 implications, 0 cliques, 0 implied integral variables (0 bin, 0 int, 0 cont)
presolved problem has 153 variables (153 bin, 0 int, 0 cont) and 816 constraints
    816 constraints of type <linear>
transformed objective value is always integral (scale: 2)
Presolving Time: 0.01
transformed 2/2 original solutions to the transformed problem space

 time | node  | left  |LP iter|LP it/n|mem/heur|mdpt |vars |cons |rows |cuts |sepa|confs|strbr|  dualbound   | primalbound  |  gap   | compl. 
p 0.0s|     1 |     0 |     0 |     - |   locks|   0 | 153 | 816 | 816 |   0 |  0 |   0 |   0 | 4.680000e+02 | 1.440000e+02 | 225.00%| unknown
i 0.0s|     1 |     0 |     0 |     - |  oneopt|   0 | 153 | 816 | 816 |   0 |  0 |   0 |   0 | 4.680000e+02 | 3.280000e+02 |  42.68%| unknown
* 0.0s|     1 |     0 |    41 |     - |    LP  |   0 | 153 | 816 | 816 |   0 |  0 |   0 |   0 | 4.340000e+02 | 4.340000e+02 |   0.00%| unknown
  0.0s|     1 |     0 |    41 |     - |  6231k |   0 | 153 | 816 | 816 |   0 |  0 |   0 |   0 | 4.340000e+02 | 4.340000e+02 |   0.00%| unknown

SCIP Status        : problem is solved [optimal solution found]
Solving Time (sec) : 0.01
Solving Nodes      : 1
Primal Bound       : +4.34000000000000e+02 (5 solutions)
Dual Bound         : +4.34000000000000e+02
Gap                : 0.00 %
feasible solution found by trivial heuristic after 0.1 seconds, objective value -3.999942e+06
presolving:
(round 1, fast)       0 del vars, 0 del conss, 0 add conss, 80 chg bounds, 0 chg sides, 0 chg coeffs, 0 upgd conss, 0 impls, 0 clqs, 0 implints
   (0.8s) running MILP presolver
   (0.9s) MILP presolver (2 rounds): 0 aggregations, 0 fixings, 0 bound changes
(round 2, exhaustive) 0 del vars, 816 del conss, 0 add conss, 80 chg bounds, 0 chg sides, 0 chg coeffs, 0 upgd conss, 0 impls, 0 clqs, 0 implints
   (1.6s) symmetry computation started: requiring (bin +, int +, cont +), (fixed: bin -, int -, cont -)
   (1.8s) no symmetry present (symcode time: 0.02)
presolving (3 rounds: 3 fast, 2 medium, 2 exhaustive):
 0 deleted vars, 816 deleted constraints, 0 added constraints, 80 tightened bounds, 0 added holes, 0 changed sides, 0 changed coefficients
 0 implications, 0 cliques, 0 implied integral variables (0 bin, 0 int, 0 cont)
presolved problem has 193 variables (0 bin, 0 int, 193 cont) and 6936 constraints
   6936 constraints of type <linear>
Presolving Time: 1.75

 time | node  | left  |LP iter|LP it/n|mem/heur|mdpt |vars |cons |rows |cuts |sepa|confs|strbr|  dualbound   | primalbound  |  gap   | compl. 
t 1.9s|     1 |     0 |     0 |     - | trivial|   0 | 193 |6936 |   0 |   0 |  0 |   0 |   0 | 4.680000e+02 |-3.002000e+03 |    Inf | unknown
* 2.3s|     1 |     0 |   821 |     - |    LP  |   0 | 193 |6936 |6936 |   0 |  0 |   0 |   0 |-5.660479e+02 |-5.660479e+02 |   0.00%| unknown
  2.3s|     1 |     0 |   821 |     - |   513M |   0 | 193 |6936 |6936 |   0 |  0 |   0 |   0 |-5.660479e+02 |-5.660479e+02 |   0.00%| unknown

SCIP Status        : problem is solved [optimal solution found]
Solving Time (sec) : 2.33
Solving Nodes      : 1
Primal Bound       : -5.66047919667035e+02 (3 solutions)
Dual Bound         : -5.66047919667035e+02
Gap                : 0.00 %
feasible solution found by trivial heuristic after 0.1 seconds, objective value -3.999942e+06
presolving:
(round 1, fast)       0 del vars, 0 del conss, 0 add conss, 80 chg bounds, 0 chg sides, 0 chg coeffs, 0 upgd conss, 0 impls, 0 clqs, 0 implints
   (0.5s) running MILP presolver
   (0.7s) MILP presolver (2 rounds): 0 aggregations, 0 fixings, 0 bound changes
(round 2, exhaustive) 0 del vars, 816 del conss, 0 add conss, 80 chg bounds, 0 chg sides, 0 chg coeffs, 0 upgd conss, 0 impls, 0 clqs, 0 implints
   (1.7s) probing: 51/153 (33.3%) - 0 fixings, 0 aggregations, 0 implications, 0 bound changes
   (1.7s) probing aborted: 50/50 successive totally useless probings
   (1.7s) symmetry computation started: requiring (bin +, int +, cont +), (fixed: bin -, int -, cont -)
   (1.9s) no symmetry present (symcode time: 0.01)
presolving (3 rounds: 3 fast, 2 medium, 2 exhaustive):
 0 deleted vars, 816 deleted constraints, 0 added constraints, 80 tightened bounds, 0 added holes, 0 changed sides, 0 changed coefficients
 0 implications, 0 cliques, 0 implied integral variables (0 bin, 0 int, 0 cont)
presolved problem has 193 variables (153 bin, 0 int, 40 cont) and 6936 constraints
   6936 constraints of type <linear>
Presolving Time: 1.90

 time | node  | left  |LP iter|LP it/n|mem/heur|mdpt |vars |cons |rows |cuts |sepa|confs|strbr|  dualbound   | primalbound  |  gap   | compl. 
t 2.0s|     1 |     0 |     0 |     - | trivial|   0 | 193 |6936 |   0 |   0 |  0 |   0 |   0 | 4.680000e+02 |-3.002000e+03 |    Inf | unknown
p 2.4s|     1 |     0 |    40 |     - |   locks|   0 | 193 |6936 |6936 |   0 |  0 |   0 |   0 | 4.680000e+02 |-9.586634e+02 |    Inf | unknown
  2.8s|     1 |     0 |   861 |     - |   515M |   0 | 193 |6936 |6936 |   0 |  0 |   0 |   0 |-5.660479e+02 |-9.586634e+02 |  69.36%| unknown
r 3.0s|     1 |     0 |   861 |     - |shifting|   0 | 193 |6936 |6936 |   0 |  0 |   0 |   0 |-5.660479e+02 |-6.414521e+02 |  13.32%| unknown
  3.1s|     1 |     0 |   883 |     - |   517M |   0 | 193 |6936 |6938 |   2 |  1 |   0 |   0 |-5.660578e+02 |-6.414521e+02 |  13.32%| unknown
  3.4s|     1 |     0 |   889 |     - |   517M |   0 | 193 |6936 |6939 |   3 |  2 |   0 |   0 |-5.660587e+02 |-6.414521e+02 |  13.32%| unknown
  3.7s|     1 |     0 |   894 |     - |   518M |   0 | 193 |6936 |6940 |   4 |  3 |   0 |   0 |-5.660598e+02 |-6.414521e+02 |  13.32%| unknown
r 3.9s|     1 |     0 |   894 |     - |shifting|   0 | 193 |6936 |6940 |   4 |  3 |   0 |   0 |-5.660598e+02 |-6.350519e+02 |  12.19%| unknown
  4.0s|     1 |     0 |   912 |     - |   519M |   0 | 193 |6936 |6941 |   5 |  4 |   0 |   0 |-5.660664e+02 |-6.350519e+02 |  12.19%| unknown
  4.2s|     1 |     0 |   916 |     - |   520M |   0 | 193 |6936 |6942 |   6 |  5 |   0 |   0 |-5.660669e+02 |-6.350519e+02 |  12.19%| unknown
  4.5s|     1 |     0 |   952 |     - |   520M |   0 | 193 |6936 |6944 |   8 |  6 |   0 |   0 |-5.660842e+02 |-6.350519e+02 |  12.18%| unknown
r 4.6s|     1 |     0 |   952 |     - |shifting|   0 | 193 |6937 |6944 |   8 |  6 |   1 |   0 |-5.660842e+02 |-6.327580e+02 |  11.78%| unknown
  4.7s|     1 |     0 |   978 |     - |   521M |   0 | 193 |6937 |6945 |   9 |  7 |   1 |   0 |-5.660914e+02 |-6.327580e+02 |  11.78%| unknown
  5.0s|     1 |     0 |  1005 |     - |   522M |   0 | 193 |6937 |6948 |  12 |  8 |   1 |   0 |-5.660995e+02 |-6.327580e+02 |  11.78%| unknown
  5.2s|     1 |     0 |  1039 |     - |   523M |   0 | 193 |6937 |6950 |  14 |  9 |   1 |   0 |-5.661155e+02 |-6.327580e+02 |  11.77%| unknown
 time | node  | left  |LP iter|LP it/n|mem/heur|mdpt |vars |cons |rows |cuts |sepa|confs|strbr|  dualbound   | primalbound  |  gap   | compl. 
  5.5s|     1 |     0 |  1063 |     - |   523M |   0 | 193 |6937 |6953 |  17 | 10 |   1 |   0 |-5.661191e+02 |-6.327580e+02 |  11.77%| unknown
  5.7s|     1 |     0 |  1104 |     - |   524M |   0 | 193 |6937 |6959 |  23 | 11 |   1 |   0 |-5.661593e+02 |-6.327580e+02 |  11.76%| unknown
r 6.0s|     1 |     0 |  1210 |     - |intshift|   0 | 193 |6937 |6959 |  23 | 11 |   1 |   0 |-5.661593e+02 |-5.859444e+02 |   3.49%| unknown
d 6.3s|     1 |     0 |  1721 |     - |farkasdi|   0 | 193 |6937 |6959 |   0 | 11 |   1 |   0 |-5.661593e+02 |-5.684542e+02 |   0.41%| unknown
L 8.2s|     1 |     0 |  2261 |     - |    rens|   0 | 193 |6944 |6959 |  23 | 11 |   8 |   0 |-5.661593e+02 |-5.678464e+02 |   0.30%| unknown
  8.2s|     1 |     0 |  2261 |     - |   525M |   0 | 193 |6944 |6959 |  23 | 11 |   8 |   0 |-5.661593e+02 |-5.678464e+02 |   0.30%| unknown
  8.5s|     1 |     0 |  2261 |     - |   525M |   0 | 193 |6944 |6629 |  23 | 11 |   8 |   0 |-5.661593e+02 |-5.678464e+02 |   0.30%| unknown
  8.5s|     1 |     0 |  2271 |     - |   526M |   0 | 193 |6944 |6633 |  27 | 12 |   8 |   0 |-5.661608e+02 |-5.678464e+02 |   0.30%| unknown
  8.7s|     1 |     0 |  2292 |     - |   526M |   0 | 193 |6944 |6635 |  29 | 13 |   8 |   0 |-5.661663e+02 |-5.678464e+02 |   0.30%| unknown
  9.0s|     1 |     0 |  2292 |     - |   526M |   0 | 193 |6273 |6635 |  29 | 13 |   8 |   0 |-5.661663e+02 |-5.678464e+02 |   0.30%| unknown
  9.0s|     1 |     0 |  2302 |     - |   526M |   0 | 193 |6273 |6637 |  31 | 14 |   8 |   0 |-5.661693e+02 |-5.678464e+02 |   0.30%| unknown
  9.2s|     1 |     0 |  2323 |     - |   526M |   0 | 193 |6273 |6640 |  34 | 15 |   8 |   0 |-5.661756e+02 |-5.678464e+02 |   0.30%| unknown
(run 1, node 1) restarting after 67 global fixings of integer variables

(restart) converted 34 cuts from the global cut pool into linear constraints

presolving:
(round 1, fast)       67 del vars, 0 del conss, 0 add conss, 0 chg bounds, 203 chg sides, 0 chg coeffs, 0 upgd conss, 0 impls, 203 clqs, 0 implints
(round 2, fast)       67 del vars, 0 del conss, 0 add conss, 40 chg bounds, 203 chg sides, 0 chg coeffs, 0 upgd conss, 0 impls, 203 clqs, 0 implints
   (9.6s) running MILP presolver
   (9.8s) MILP presolver (2 rounds): 0 aggregations, 0 fixings, 40 bound changes
(round 3, medium)     67 del vars, 0 del conss, 0 add conss, 80 chg bounds, 203 chg sides, 0 chg coeffs, 0 upgd conss, 0 impls, 203 clqs, 0 implints
(round 4, fast)       67 del vars, 11 del conss, 0 add conss, 80 chg bounds, 203 chg sides, 0 chg coeffs, 0 upgd conss, 0 impls, 203 clqs, 0 implints
(round 5, exhaustive) 67 del vars, 11 del conss, 0 add conss, 80 chg bounds, 203 chg sides, 0 chg coeffs, 203 upgd conss, 0 impls, 203 clqs, 0 implints
presolving (6 rounds: 6 fast, 3 medium, 2 exhaustive):
 67 deleted vars, 11 deleted constraints, 0 added constraints, 80 tightened bounds, 0 added holes, 203 changed sides, 4 changed coefficients
 0 implications, 203 cliques, 0 implied integral variables (0 bin, 0 int, 0 cont)
presolved problem has 126 variables (86 bin, 0 int, 40 cont) and 6296 constraints
    203 constraints of type <setppc>
   6088 constraints of type <linear>
      5 constraints of type <logicor>
Presolving Time: 2.69
transformed 18/23 original solutions to the transformed problem space

 time | node  | left  |LP iter|LP it/n|mem/heur|mdpt |vars |cons |rows |cuts |sepa|confs|strbr|  dualbound   | primalbound  |  gap   | compl. 
 11.5s|     1 |     0 |  3057 |     - |   565M |   0 | 126 |6299 |6288 |   0 |  0 |  11 |   0 |-5.661756e+02 |-5.678464e+02 |   0.30%| unknown
 11.6s|     1 |     0 |  3057 |     - |   565M |   0 | 126 |6299 |6233 |   0 |  0 |  11 |   0 |-5.661756e+02 |-5.678464e+02 |   0.30%| unknown
 11.8s|     1 |     0 |  3070 |     - |   566M |   0 | 126 |6248 |6234 |   1 |  1 |  11 |   0 |-5.661824e+02 |-5.678464e+02 |   0.29%| unknown
 12.1s|     1 |     0 |  3083 |     - |   566M |   0 | 126 |6248 |6236 |   3 |  2 |  11 |   0 |-5.661882e+02 |-5.678464e+02 |   0.29%| unknown
 12.4s|     1 |     0 |  3134 |     - |   567M |   0 | 126 |6248 |6238 |   5 |  3 |  11 |   0 |-5.661967e+02 |-5.678464e+02 |   0.29%| unknown
 12.6s|     1 |     0 |  3172 |     - |   569M |   0 | 126 |6248 |6239 |   6 |  4 |  11 |   0 |-5.662028e+02 |-5.678464e+02 |   0.29%| unknown
 12.9s|     1 |     0 |  3203 |     - |   569M |   0 | 126 |6248 |6241 |   8 |  5 |  11 |   0 |-5.662054e+02 |-5.678464e+02 |   0.29%| unknown
 13.2s|     1 |     0 |  3252 |     - |   570M |   0 | 126 |6248 |6242 |   9 |  6 |  11 |   0 |-5.662090e+02 |-5.678464e+02 |   0.29%| unknown
 13.5s|     1 |     0 |  3262 |     - |   571M |   0 | 126 |6248 |6243 |  10 |  7 |  11 |   0 |-5.662099e+02 |-5.678464e+02 |   0.29%| unknown
 13.8s|     1 |     0 |  3294 |     - |   571M |   0 | 126 |6248 |6245 |  12 |  8 |  11 |   0 |-5.662123e+02 |-5.678464e+02 |   0.29%| unknown
 14.1s|     1 |     0 |  3326 |     - |   572M |   0 | 126 |6248 |6246 |  13 |  9 |  11 |   0 |-5.662150e+02 |-5.678464e+02 |   0.29%| unknown
 14.3s|     1 |     0 |  3334 |     - |   577M |   0 | 126 |6248 |6247 |  14 | 10 |  11 |   0 |-5.662151e+02 |-5.678464e+02 |   0.29%| unknown
 14.6s|     1 |     0 |  3345 |     - |   577M |   0 | 126 |6252 |6229 |  15 | 11 |  15 |   0 |-5.662151e+02 |-5.678464e+02 |   0.29%| unknown
 14.8s|     1 |     0 |  3345 |     - |   577M |   0 | 126 |6199 |6229 |  15 | 11 |  15 |   0 |-5.662151e+02 |-5.678464e+02 |   0.29%| unknown
 14.9s|     1 |     0 |  3365 |     - |   578M |   0 | 126 |6199 |6230 |  16 | 12 |  15 |   0 |-5.662155e+02 |-5.678464e+02 |   0.29%| unknown
 time | node  | left  |LP iter|LP it/n|mem/heur|mdpt |vars |cons |rows |cuts |sepa|confs|strbr|  dualbound   | primalbound  |  gap   | compl. 
 15.2s|     1 |     0 |  3396 |     - |   579M |   0 | 126 |6199 |6231 |  17 | 13 |  15 |   0 |-5.662158e+02 |-5.678464e+02 |   0.29%| unknown
 15.4s|     1 |     0 |  3418 |     - |   579M |   0 | 126 |6199 |6232 |  18 | 14 |  15 |   0 |-5.662165e+02 |-5.678464e+02 |   0.29%| unknown
 15.7s|     1 |     0 |  3423 |     - |   580M |   0 | 126 |6200 |6233 |  19 | 15 |  16 |   0 |-5.662167e+02 |-5.678464e+02 |   0.29%| unknown
 15.9s|     1 |     0 |  3425 |     - |   580M |   0 | 126 |6200 |6235 |  21 | 16 |  16 |   0 |-5.662167e+02 |-5.678464e+02 |   0.29%| unknown
 16.1s|     1 |     0 |  3436 |     - |   581M |   0 | 126 |6201 |6233 |  22 | 17 |  17 |   0 |-5.662190e+02 |-5.678464e+02 |   0.29%| unknown
 16.3s|     1 |     0 |  3464 |     - |   581M |   0 | 126 |6201 |6234 |  23 | 18 |  17 |   0 |-5.662247e+02 |-5.678464e+02 |   0.29%| unknown
 16.6s|     1 |     0 |  3466 |     - |   581M |   0 | 126 |6201 |6237 |  26 | 19 |  17 |   0 |-5.662248e+02 |-5.678464e+02 |   0.29%| unknown
 16.8s|     1 |     0 |  3504 |     - |   581M |   0 | 126 |6201 |6241 |  30 | 20 |  17 |   0 |-5.662308e+02 |-5.678464e+02 |   0.29%| unknown
 17.1s|     1 |     0 |  3536 |     - |   581M |   0 | 126 |6201 |6242 |  31 | 21 |  17 |   0 |-5.662363e+02 |-5.678464e+02 |   0.28%| unknown
(run 2, node 1) restarting after 7 global fixings of integer variables

(restart) converted 26 cuts from the global cut pool into linear constraints

presolving:
(round 1, fast)       7 del vars, 1 del conss, 0 add conss, 0 chg bounds, 80 chg sides, 79 chg coeffs, 0 upgd conss, 0 impls, 185 clqs, 0 implints
(round 2, fast)       7 del vars, 1 del conss, 0 add conss, 26 chg bounds, 80 chg sides, 79 chg coeffs, 0 upgd conss, 0 impls, 185 clqs, 0 implints
(round 3, exhaustive) 7 del vars, 1 del conss, 0 add conss, 26 chg bounds, 80 chg sides, 79 chg coeffs, 33 upgd conss, 0 impls, 185 clqs, 0 implints
(round 4, exhaustive) 7 del vars, 3 del conss, 0 add conss, 26 chg bounds, 80 chg sides, 85 chg coeffs, 33 upgd conss, 0 impls, 185 clqs, 0 implints
presolving (5 rounds: 5 fast, 3 medium, 3 exhaustive):
 7 deleted vars, 4 deleted constraints, 0 added constraints, 26 tightened bounds, 0 added holes, 80 changed sides, 85 changed coefficients
 0 implications, 185 cliques, 0 implied integral variables (0 bin, 0 int, 0 cont)
presolved problem has 119 variables (79 bin, 0 int, 40 cont) and 6234 constraints
    185 constraints of type <setppc>
   6034 constraints of type <linear>
     15 constraints of type <logicor>
Presolving Time: 3.21
transformed 40/45 original solutions to the transformed problem space

 time | node  | left  |LP iter|LP it/n|mem/heur|mdpt |vars |cons |rows |cuts |sepa|confs|strbr|  dualbound   | primalbound  |  gap   | compl. 
 18.8s|     1 |     0 |  4937 |     - |   629M |   0 | 119 |6234 |6210 |   0 |  0 |  29 |   0 |-5.662363e+02 |-5.678464e+02 |   0.28%| unknown
 18.9s|     1 |     0 |  4937 |     - |   629M |   0 | 119 |6234 |6205 |   0 |  0 |  29 |   0 |-5.662363e+02 |-5.678464e+02 |   0.28%| unknown
 19.1s|     1 |     0 |  5018 |     - |   629M |   0 | 119 |6229 |6207 |   2 |  1 |  29 |   0 |-5.662973e+02 |-5.678464e+02 |   0.27%| unknown
 19.3s|     1 |     0 |  5018 |     - |   629M |   0 | 119 |6229 |6194 |   2 |  1 |  29 |   0 |-5.662973e+02 |-5.678464e+02 |   0.27%| unknown
 19.4s|     1 |     0 |  5060 |     - |   630M |   0 | 119 |6220 |6195 |   3 |  2 |  29 |   0 |-5.663090e+02 |-5.678464e+02 |   0.27%| unknown
 19.6s|     1 |     0 |  5107 |     - |   631M |   0 | 119 |6220 |6198 |   6 |  3 |  29 |   0 |-5.663517e+02 |-5.678464e+02 |   0.26%| unknown
 19.8s|     1 |     0 |  5107 |     - |   631M |   0 | 119 |6220 |6191 |   6 |  3 |  29 |   0 |-5.663517e+02 |-5.678464e+02 |   0.26%| unknown
 19.9s|     1 |     0 |  5126 |     - |   631M |   0 | 119 |6215 |6185 |   8 |  4 |  29 |   0 |-5.663586e+02 |-5.678464e+02 |   0.26%| unknown
 20.1s|     1 |     0 |  5168 |     - |   632M |   0 | 119 |6207 |6187 |  10 |  5 |  29 |   0 |-5.663742e+02 |-5.678464e+02 |   0.26%| unknown
 20.3s|     1 |     0 |  5188 |     - |   632M |   0 | 119 |6207 |6190 |  13 |  6 |  29 |   0 |-5.663781e+02 |-5.678464e+02 |   0.26%| unknown
 20.6s|     1 |     0 |  5223 |     - |   633M |   0 | 119 |6207 |6196 |  19 |  7 |  29 |   0 |-5.663879e+02 |-5.678464e+02 |   0.26%| unknown
 20.8s|     1 |     0 |  5249 |     - |   634M |   0 | 119 |6207 |6197 |  20 |  8 |  29 |   0 |-5.663901e+02 |-5.678464e+02 |   0.26%| unknown
 21.1s|     1 |     0 |  5271 |     - |   634M |   0 | 119 |6207 |6200 |  23 |  9 |  29 |   0 |-5.663911e+02 |-5.678464e+02 |   0.26%| unknown
 21.3s|     1 |     0 |  5282 |     - |   635M |   0 | 119 |6207 |6201 |  24 | 10 |  29 |   0 |-5.663915e+02 |-5.678464e+02 |   0.26%| unknown
 21.5s|     1 |     0 |  5313 |     - |   636M |   0 | 119 |6207 |6202 |  25 | 11 |  29 |   0 |-5.663994e+02 |-5.678464e+02 |   0.26%| unknown
 time | node  | left  |LP iter|LP it/n|mem/heur|mdpt |vars |cons |rows |cuts |sepa|confs|strbr|  dualbound   | primalbound  |  gap   | compl. 
 21.7s|     1 |     0 |  5313 |     - |   636M |   0 | 119 |6153 |6202 |  25 | 11 |  29 |   0 |-5.663994e+02 |-5.678464e+02 |   0.26%| unknown
 21.8s|     1 |     0 |  5334 |     - |   636M |   0 | 119 |6153 |6154 |  26 | 12 |  29 |   0 |-5.664035e+02 |-5.678464e+02 |   0.25%| unknown
 22.0s|     1 |     0 |  5344 |     - |   637M |   0 | 119 |6155 |6155 |  27 | 13 |  31 |   0 |-5.664038e+02 |-5.678464e+02 |   0.25%| unknown
 22.2s|     1 |     0 |  5355 |     - |   638M |   0 | 119 |6155 |6157 |  29 | 14 |  31 |   0 |-5.664042e+02 |-5.678464e+02 |   0.25%| unknown
 22.4s|     1 |     0 |  5368 |     - |   638M |   0 | 119 |6155 |6158 |  30 | 15 |  31 |   0 |-5.664045e+02 |-5.678464e+02 |   0.25%| unknown
 22.7s|     1 |     0 |  5404 |     - |   639M |   0 | 119 |6155 |6160 |  32 | 16 |  31 |   0 |-5.664097e+02 |-5.678464e+02 |   0.25%| unknown
 22.8s|     1 |     0 |  5414 |     - |   640M |   0 | 119 |6156 |6161 |  33 | 17 |  32 |   0 |-5.664103e+02 |-5.678464e+02 |   0.25%| unknown
 23.0s|     1 |     0 |  5419 |     - |   640M |   0 | 119 |6156 |6154 |  34 | 18 |  32 |   0 |-5.664105e+02 |-5.678464e+02 |   0.25%| unknown
 23.3s|     1 |     0 |  5422 |     - |   640M |   0 | 119 |6155 |6155 |  35 | 19 |  32 |   0 |-5.664105e+02 |-5.678464e+02 |   0.25%| unknown
 23.5s|     1 |     0 |  5425 |     - |   640M |   0 | 119 |6154 |6156 |  36 | 20 |  32 |   0 |-5.664105e+02 |-5.678464e+02 |   0.25%| unknown
(run 3, node 1) restarting after 6 global fixings of integer variables

(restart) converted 29 cuts from the global cut pool into linear constraints

presolving:
(round 1, fast)       6 del vars, 19 del conss, 0 add conss, 9 chg bounds, 111 chg sides, 152 chg coeffs, 0 upgd conss, 0 impls, 186 clqs, 0 implints
(round 2, exhaustive) 6 del vars, 21 del conss, 0 add conss, 42 chg bounds, 111 chg sides, 152 chg coeffs, 0 upgd conss, 0 impls, 186 clqs, 0 implints
(round 3, exhaustive) 6 del vars, 21 del conss, 0 add conss, 42 chg bounds, 111 chg sides, 152 chg coeffs, 32 upgd conss, 0 impls, 186 clqs, 0 implints
presolving (4 rounds: 4 fast, 3 medium, 3 exhaustive):
 6 deleted vars, 21 deleted constraints, 0 added constraints, 42 tightened bounds, 0 added holes, 111 changed sides, 153 changed coefficients
 0 implications, 186 cliques, 0 implied integral variables (0 bin, 0 int, 0 cont)
presolved problem has 113 variables (73 bin, 0 int, 40 cont) and 6168 constraints
      1 constraints of type <knapsack>
    186 constraints of type <setppc>
   5971 constraints of type <linear>
     10 constraints of type <logicor>
Presolving Time: 3.70
transformed 57/67 original solutions to the transformed problem space

 time | node  | left  |LP iter|LP it/n|mem/heur|mdpt |vars |cons |rows |cuts |sepa|confs|strbr|  dualbound   | primalbound  |  gap   | compl. 
 26.2s|     1 |     0 |  6692 |     - |   696M |   0 | 113 |6168 |6148 |   0 |  0 |  39 |   0 |-5.668844e+02 |-5.678464e+02 |   0.17%| unknown
 26.4s|     1 |     0 |  6692 |     - |   696M |   0 | 113 |6168 |6063 |   0 |  0 |  39 |   0 |-5.668844e+02 |-5.678464e+02 |   0.17%| unknown
 26.4s|     1 |     0 |  6709 |     - |   696M |   0 | 113 |6104 |6064 |   1 |  1 |  39 |   0 |-5.669076e+02 |-5.678464e+02 |   0.17%| unknown
 26.6s|     1 |     0 |  6730 |     - |   697M |   0 | 113 |6103 |6065 |   2 |  2 |  39 |   0 |-5.669164e+02 |-5.678464e+02 |   0.16%| unknown
 26.8s|     1 |     0 |  6750 |     - |   698M |   0 | 113 |6103 |6067 |   4 |  3 |  39 |   0 |-5.669223e+02 |-5.678464e+02 |   0.16%| unknown
 27.0s|     1 |     0 |  6767 |     - |   698M |   0 | 113 |6103 |6070 |   7 |  4 |  39 |   0 |-5.669300e+02 |-5.678464e+02 |   0.16%| unknown
 27.2s|     1 |     0 |  6806 |     - |   699M |   0 | 113 |6103 |6074 |  11 |  5 |  39 |   0 |-5.669499e+02 |-5.678464e+02 |   0.16%| unknown
 27.3s|     1 |     0 |  6806 |     - |   699M |   0 | 113 |6103 |6067 |  11 |  5 |  39 |   0 |-5.669499e+02 |-5.678464e+02 |   0.16%| unknown
 27.4s|     1 |     0 |  6850 |     - |   699M |   0 | 113 |6099 |6071 |  15 |  6 |  39 |   0 |-5.669698e+02 |-5.678464e+02 |   0.15%| unknown
 27.7s|     1 |     0 |  6897 |     - |   700M |   0 | 113 |6099 |6074 |  18 |  7 |  39 |   0 |-5.669872e+02 |-5.678464e+02 |   0.15%| unknown
 27.8s|     1 |     0 |  6897 |     - |   700M |   0 | 113 |6099 |6070 |  18 |  7 |  39 |   0 |-5.669872e+02 |-5.678464e+02 |   0.15%| unknown
 27.9s|     1 |     0 |  6919 |     - |   700M |   0 | 113 |6095 |6073 |  21 |  8 |  39 |   0 |-5.669883e+02 |-5.678464e+02 |   0.15%| unknown
 28.1s|     1 |     0 |  6927 |     - |   700M |   0 | 113 |6095 |6075 |  23 |  9 |  39 |   0 |-5.669884e+02 |-5.678464e+02 |   0.15%| unknown
 28.4s|     1 |     0 |  6939 |     - |   701M |   0 | 113 |6095 |6077 |  25 | 10 |  39 |   0 |-5.669898e+02 |-5.678464e+02 |   0.15%| unknown
 28.6s|     1 |     0 |  6964 |     - |   702M |   0 | 113 |6095 |6080 |  28 | 11 |  39 |   0 |-5.669937e+02 |-5.678464e+02 |   0.15%| unknown
 time | node  | left  |LP iter|LP it/n|mem/heur|mdpt |vars |cons |rows |cuts |sepa|confs|strbr|  dualbound   | primalbound  |  gap   | compl. 
 28.7s|     1 |     0 |  6964 |     - |   702M |   0 | 113 |5933 |6080 |  28 | 11 |  39 |   0 |-5.669937e+02 |-5.678464e+02 |   0.15%| unknown
 28.8s|     1 |     0 |  6998 |     - |   702M |   0 | 113 |5933 |6083 |  31 | 12 |  39 |   0 |-5.669982e+02 |-5.678464e+02 |   0.15%| unknown
 29.1s|     1 |     0 |  7021 |     - |   703M |   0 | 113 |5933 |6084 |  32 | 13 |  39 |   0 |-5.670001e+02 |-5.678464e+02 |   0.15%| unknown
 29.3s|     1 |     0 |  7041 |     - |   703M |   0 | 113 |5933 |6086 |  34 | 14 |  39 |   0 |-5.670036e+02 |-5.678464e+02 |   0.15%| unknown
 29.5s|     1 |     0 |  7059 |     - |   704M |   0 | 113 |5933 |5996 |  35 | 15 |  39 |   0 |-5.670058e+02 |-5.678464e+02 |   0.15%| unknown
 29.7s|     1 |     0 |  7064 |     - |   705M |   0 | 113 |5933 |5997 |  36 | 16 |  39 |   0 |-5.670058e+02 |-5.678464e+02 |   0.15%| unknown
 29.9s|     1 |     0 |  7065 |     - |   705M |   0 | 113 |5933 |5998 |  37 | 17 |  39 |   0 |-5.670059e+02 |-5.678464e+02 |   0.15%| unknown
(run 4, node 1) restarting after 12 global fixings of integer variables

(restart) converted 34 cuts from the global cut pool into linear constraints

presolving:
(round 1, fast)       12 del vars, 0 del conss, 0 add conss, 0 chg bounds, 189 chg sides, 244 chg coeffs, 0 upgd conss, 0 impls, 160 clqs, 0 implints
(round 2, fast)       12 del vars, 0 del conss, 0 add conss, 40 chg bounds, 189 chg sides, 244 chg coeffs, 0 upgd conss, 0 impls, 160 clqs, 0 implints
   (30.7s) running MILP presolver
   (30.8s) MILP presolver (3 rounds): 0 aggregations, 0 fixings, 40 bound changes
(round 3, medium)     12 del vars, 0 del conss, 0 add conss, 80 chg bounds, 189 chg sides, 244 chg coeffs, 0 upgd conss, 0 impls, 160 clqs, 0 implints
(round 4, fast)       12 del vars, 15 del conss, 0 add conss, 80 chg bounds, 246 chg sides, 366 chg coeffs, 0 upgd conss, 0 impls, 160 clqs, 0 implints
(round 5, exhaustive) 12 del vars, 15 del conss, 0 add conss, 80 chg bounds, 246 chg sides, 366 chg coeffs, 45 upgd conss, 0 impls, 160 clqs, 0 implints
presolving (6 rounds: 6 fast, 3 medium, 2 exhaustive):
 12 deleted vars, 15 deleted constraints, 0 added constraints, 80 tightened bounds, 0 added holes, 246 changed sides, 369 changed coefficients
 0 implications, 160 cliques, 0 implied integral variables (0 bin, 0 int, 0 cont)
presolved problem has 101 variables (61 bin, 0 int, 40 cont) and 5957 constraints
      1 constraints of type <knapsack>
    160 constraints of type <setppc>
   5786 constraints of type <linear>
     10 constraints of type <logicor>
Presolving Time: 4.22
transformed 75/85 original solutions to the transformed problem space

 time | node  | left  |LP iter|LP it/n|mem/heur|mdpt |vars |cons |rows |cuts |sepa|confs|strbr|  dualbound   | primalbound  |  gap   | compl. 
 31.5s|     1 |     0 |  8030 |     - |   737M |   0 | 101 |5957 |5934 |   0 |  0 |  44 |   0 |-5.670059e+02 |-5.678464e+02 |   0.15%| unknown
 31.7s|     1 |     0 |  8064 |     - |   738M |   0 | 101 |5957 |5935 |   1 |  1 |  44 |   0 |-5.670075e+02 |-5.678464e+02 |   0.15%| unknown
 32.0s|     1 |     0 |  8079 |     - |   738M |   0 | 101 |5957 |5936 |   2 |  2 |  44 |   0 |-5.670087e+02 |-5.678464e+02 |   0.15%| unknown
 32.2s|     1 |     0 |  8088 |     - |   739M |   0 | 101 |5957 |5937 |   3 |  3 |  44 |   0 |-5.670090e+02 |-5.678464e+02 |   0.15%| unknown
 32.5s|     1 |     0 |  8120 |     - |   739M |   0 | 101 |5957 |5939 |   5 |  4 |  44 |   0 |-5.670124e+02 |-5.678464e+02 |   0.15%| unknown
 32.7s|     1 |     0 |  8150 |     - |   740M |   0 | 101 |5957 |5941 |   7 |  5 |  44 |   0 |-5.670154e+02 |-5.678464e+02 |   0.15%| unknown
 33.0s|     1 |     0 |  8171 |     - |   741M |   0 | 101 |5957 |5943 |   9 |  6 |  44 |   0 |-5.670177e+02 |-5.678464e+02 |   0.15%| unknown
 33.2s|     1 |     0 |  8202 |     - |   741M |   0 | 101 |5957 |5946 |  12 |  7 |  44 |   0 |-5.670191e+02 |-5.678464e+02 |   0.15%| unknown
 33.5s|     1 |     0 |  8230 |     - |   742M |   0 | 101 |5957 |5948 |  14 |  8 |  44 |   0 |-5.670220e+02 |-5.678464e+02 |   0.15%| unknown
 33.7s|     1 |     0 |  8246 |     - |   743M |   0 | 101 |5957 |5950 |  16 |  9 |  44 |   0 |-5.670225e+02 |-5.678464e+02 |   0.15%| unknown
 34.0s|     1 |     0 |  8270 |     - |   743M |   0 | 101 |5957 |5951 |  17 | 10 |  44 |   0 |-5.670229e+02 |-5.678464e+02 |   0.15%| unknown
 34.2s|     1 |     0 |  8297 |     - |   744M |   0 | 101 |5957 |5954 |  20 | 11 |  44 |   0 |-5.670254e+02 |-5.678464e+02 |   0.14%| unknown
 34.8s|     1 |     0 |  8674 |     - |   744M |   0 | 101 |5928 |5954 |  20 | 11 |  51 |   3 |-5.672899e+02 |-5.678464e+02 |   0.10%| unknown
 35.0s|     1 |     0 |  8717 |     - |   744M |   0 | 101 |5928 |5956 |  22 | 12 |  51 |   3 |-5.672899e+02 |-5.678464e+02 |   0.10%| unknown
 35.1s|     1 |     0 |  8723 |     - |   745M |   0 | 101 |5928 |5958 |  24 | 13 |  51 |   3 |-5.672899e+02 |-5.678464e+02 |   0.10%| unknown
 time | node  | left  |LP iter|LP it/n|mem/heur|mdpt |vars |cons |rows |cuts |sepa|confs|strbr|  dualbound   | primalbound  |  gap   | compl. 
 35.4s|     1 |     0 |  8723 |     - |   745M |   0 | 101 |5916 |5958 |  24 | 13 |  51 |   5 |-5.673271e+02 |-5.678464e+02 |   0.09%| unknown
 35.5s|     1 |     0 |  8729 |     - |   745M |   0 | 101 |5916 |5853 |  25 | 14 |  51 |   5 |-5.673271e+02 |-5.678464e+02 |   0.09%| unknown
 35.8s|     1 |     0 |  8868 |     - |   745M |   0 | 101 |5918 |5853 |  25 | 15 |  54 |   8 |-5.676571e+02 |-5.678464e+02 |   0.03%| unknown
(run 5, node 1) restarting after 8 global fixings of integer variables

(restart) converted 23 cuts from the global cut pool into linear constraints

presolving:
(round 1, fast)       8 del vars, 105 del conss, 0 add conss, 0 chg bounds, 262 chg sides, 425 chg coeffs, 0 upgd conss, 0 impls, 146 clqs, 0 implints
(round 2, fast)       8 del vars, 105 del conss, 0 add conss, 32 chg bounds, 262 chg sides, 425 chg coeffs, 0 upgd conss, 0 impls, 146 clqs, 0 implints
(round 3, medium)     9 del vars, 105 del conss, 0 add conss, 32 chg bounds, 262 chg sides, 425 chg coeffs, 0 upgd conss, 0 impls, 140 clqs, 0 implints
(round 4, fast)       9 del vars, 115 del conss, 0 add conss, 46 chg bounds, 373 chg sides, 636 chg coeffs, 0 upgd conss, 0 impls, 144 clqs, 0 implints
(round 5, fast)       9 del vars, 128 del conss, 0 add conss, 46 chg bounds, 410 chg sides, 688 chg coeffs, 0 upgd conss, 0 impls, 144 clqs, 0 implints
(round 6, fast)       9 del vars, 128 del conss, 0 add conss, 47 chg bounds, 410 chg sides, 688 chg coeffs, 0 upgd conss, 0 impls, 144 clqs, 0 implints
(round 7, exhaustive) 9 del vars, 128 del conss, 0 add conss, 47 chg bounds, 410 chg sides, 689 chg coeffs, 31 upgd conss, 0 impls, 144 clqs, 0 implints
presolving (8 rounds: 8 fast, 3 medium, 2 exhaustive):
 9 deleted vars, 129 deleted constraints, 0 added constraints, 47 tightened bounds, 0 added holes, 410 changed sides, 693 changed coefficients
 0 implications, 144 cliques, 0 implied integral variables (0 bin, 0 int, 0 cont)
presolved problem has 92 variables (52 bin, 0 int, 40 cont) and 5812 constraints
      1 constraints of type <knapsack>
    140 constraints of type <setppc>
   5660 constraints of type <linear>
     11 constraints of type <logicor>
Presolving Time: 4.52
transformed 3/100 original solutions to the transformed problem space

 time | node  | left  |LP iter|LP it/n|mem/heur|mdpt |vars |cons |rows |cuts |sepa|confs|strbr|  dualbound   | primalbound  |  gap   | compl. 
 36.3s|     1 |     0 |  9336 |     - |   781M |   0 |  92 |5812 |5784 |   0 |  0 |  54 |   8 |-5.676571e+02 |-5.678464e+02 |   0.03%| unknown
 36.4s|     1 |     0 |  9336 |     - |   781M |   0 |  92 |5812 |5663 |   0 |  0 |  54 |   8 |-5.676571e+02 |-5.678464e+02 |   0.03%| unknown
 36.4s|     1 |     0 |  9348 |     - |   782M |   0 |  92 |5750 |5628 |   2 |  1 |  54 |   8 |-5.676592e+02 |-5.678464e+02 |   0.03%| unknown
 36.5s|     1 |     0 |  9348 |     - |   782M |   0 |  92 |5750 |5621 |   2 |  1 |  54 |   8 |-5.676592e+02 |-5.678464e+02 |   0.03%| unknown
 36.5s|     1 |     0 |  9377 |     - |   783M |   0 |  92 |5729 |5609 |   5 |  2 |  54 |   8 |-5.676975e+02 |-5.678464e+02 |   0.03%| unknown
 36.6s|     1 |     0 |  9393 |     - |   783M |   0 |  92 |5723 |5612 |   8 |  3 |  54 |   8 |-5.677022e+02 |-5.678464e+02 |   0.03%| unknown
 36.7s|     1 |     0 |  9402 |     - |   784M |   0 |  92 |5723 |5614 |  10 |  4 |  54 |   8 |-5.677050e+02 |-5.678464e+02 |   0.02%| unknown
 36.8s|     1 |     0 |  9425 |     - |   784M |   0 |  92 |5723 |5617 |  13 |  5 |  54 |   8 |-5.677106e+02 |-5.678464e+02 |   0.02%| unknown
 37.0s|     1 |     0 |  9443 |     - |   785M |   0 |  92 |5723 |5619 |  15 |  6 |  54 |   8 |-5.677141e+02 |-5.678464e+02 |   0.02%| unknown
 37.1s|     1 |     0 |  9462 |     - |   786M |   0 |  92 |5725 |5623 |  19 |  7 |  56 |   8 |-5.677310e+02 |-5.678464e+02 |   0.02%| unknown
 37.2s|     1 |     0 |  9468 |     - |   786M |   0 |  92 |5725 |5625 |  21 |  8 |  56 |   8 |-5.677313e+02 |-5.678464e+02 |   0.02%| unknown
 37.3s|     1 |     0 |  9475 |     - |   787M |   0 |  92 |5725 |5628 |  24 |  9 |  56 |   8 |-5.677316e+02 |-5.678464e+02 |   0.02%| unknown
 37.4s|     1 |     0 |  9486 |     - |   787M |   0 |  92 |5725 |5486 |  26 | 10 |  56 |   8 |-5.677330e+02 |-5.678464e+02 |   0.02%| unknown
 37.5s|     1 |     0 |  9495 |     - |   788M |   0 |  92 |5725 |5487 |  27 | 11 |  56 |   8 |-5.677378e+02 |-5.678464e+02 |   0.02%| unknown
 37.6s|     1 |     0 |  9495 |     - |   788M |   0 |  92 |5245 |5487 |  27 | 11 |  56 |   8 |-5.677378e+02 |-5.678464e+02 |   0.02%| unknown
 time | node  | left  |LP iter|LP it/n|mem/heur|mdpt |vars |cons |rows |cuts |sepa|confs|strbr|  dualbound   | primalbound  |  gap   | compl. 
 37.7s|     1 |     0 |  9503 |     - |   788M |   0 |  92 |5245 |5488 |  28 | 12 |  56 |   8 |-5.677424e+02 |-5.678464e+02 |   0.02%| unknown
 37.7s|     1 |     0 |  9504 |     - |   789M |   0 |  92 |5245 |5489 |  29 | 13 |  56 |   8 |-5.677424e+02 |-5.678464e+02 |   0.02%| unknown
(run 6, node 1) restarting after 21 global fixings of integer variables

(restart) converted 26 cuts from the global cut pool into linear constraints

presolving:
(round 1, fast)       21 del vars, 0 del conss, 0 add conss, 0 chg bounds, 489 chg sides, 857 chg coeffs, 0 upgd conss, 0 impls, 81 clqs, 0 implints
(round 2, fast)       21 del vars, 0 del conss, 0 add conss, 40 chg bounds, 489 chg sides, 857 chg coeffs, 0 upgd conss, 0 impls, 81 clqs, 0 implints
   (38.4s) running MILP presolver
   (38.5s) MILP presolver (4 rounds): 0 aggregations, 0 fixings, 40 bound changes
(round 3, medium)     21 del vars, 2 del conss, 2 add conss, 80 chg bounds, 492 chg sides, 862 chg coeffs, 0 upgd conss, 0 impls, 81 clqs, 0 implints
(round 4, fast)       21 del vars, 32 del conss, 2 add conss, 80 chg bounds, 955 chg sides, 1730 chg coeffs, 0 upgd conss, 0 impls, 81 clqs, 0 implints
(round 5, exhaustive) 21 del vars, 40 del conss, 2 add conss, 80 chg bounds, 955 chg sides, 1730 chg coeffs, 0 upgd conss, 0 impls, 81 clqs, 0 implints
(round 6, exhaustive) 21 del vars, 40 del conss, 2 add conss, 80 chg bounds, 955 chg sides, 1730 chg coeffs, 29 upgd conss, 0 impls, 81 clqs, 0 implints
presolving (7 rounds: 7 fast, 4 medium, 3 exhaustive):
 21 deleted vars, 41 deleted constraints, 2 added constraints, 80 tightened bounds, 0 added holes, 955 changed sides, 1730 changed coefficients
 0 implications, 81 cliques, 0 implied integral variables (0 bin, 0 int, 0 cont)
presolved problem has 71 variables (31 bin, 0 int, 40 cont) and 5232 constraints
     78 constraints of type <setppc>
   5143 constraints of type <linear>
     11 constraints of type <logicor>
Presolving Time: 4.83
transformed 17/100 original solutions to the transformed problem space

 time | node  | left  |LP iter|LP it/n|mem/heur|mdpt |vars |cons |rows |cuts |sepa|confs|strbr|  dualbound   | primalbound  |  gap   | compl. 
 38.7s|     1 |     0 |  9885 |     - |   806M |   0 |  71 |5232 |5210 |   0 |  0 |  56 |   8 |-5.677424e+02 |-5.678464e+02 |   0.02%| unknown
 38.8s|     1 |     0 |  9885 |     - |   806M |   0 |  71 |5232 |5202 |   0 |  0 |  56 |   8 |-5.677424e+02 |-5.678464e+02 |   0.02%| unknown
 38.8s|     1 |     0 |  9894 |     - |   807M |   0 |  71 |5232 |5186 |   1 |  1 |  56 |   8 |-5.677424e+02 |-5.678464e+02 |   0.02%| unknown
 38.9s|     1 |     0 |  9939 |     - |   807M |   0 |  71 |5229 |5188 |   3 |  2 |  56 |   8 |-5.677425e+02 |-5.678464e+02 |   0.02%| unknown
 39.1s|     1 |     0 |  9944 |     - |   808M |   0 |  71 |5229 |5190 |   5 |  3 |  56 |   8 |-5.677427e+02 |-5.678464e+02 |   0.02%| unknown
 39.2s|     1 |     0 |  9959 |     - |   808M |   0 |  71 |5229 |5192 |   7 |  4 |  56 |   8 |-5.677472e+02 |-5.678464e+02 |   0.02%| unknown
 39.3s|     1 |     0 |  9979 |     - |   809M |   0 |  71 |5229 |5194 |   9 |  5 |  56 |   8 |-5.677494e+02 |-5.678464e+02 |   0.02%| unknown
 39.4s|     1 |     0 |  9998 |     - |   809M |   0 |  71 |5229 |5196 |  11 |  6 |  56 |   8 |-5.677528e+02 |-5.678464e+02 |   0.02%| unknown
 39.5s|     1 |     0 | 10017 |     - |   810M |   0 |  71 |5229 |5198 |  13 |  7 |  56 |   8 |-5.677549e+02 |-5.678464e+02 |   0.02%| unknown
 39.6s|     1 |     0 | 10032 |     - |   811M |   0 |  71 |5229 |5200 |  15 |  8 |  56 |   8 |-5.677611e+02 |-5.678464e+02 |   0.02%| unknown
 39.7s|     1 |     0 | 10056 |     - |   811M |   0 |  71 |5229 |5202 |  17 |  9 |  56 |   8 |-5.677632e+02 |-5.678464e+02 |   0.01%| unknown
 39.8s|     1 |     0 | 10072 |     - |   811M |   0 |  71 |5229 |5204 |  19 | 10 |  56 |   8 |-5.677646e+02 |-5.678464e+02 |   0.01%| unknown
 39.9s|     1 |     0 | 10077 |     - |   812M |   0 |  71 |5229 |5205 |  20 | 11 |  56 |   8 |-5.677650e+02 |-5.678464e+02 |   0.01%| unknown
 40.0s|     1 |     0 | 10077 |     - |   812M |   0 |  71 |5180 |5205 |  20 | 11 |  56 |   8 |-5.677650e+02 |-5.678464e+02 |   0.01%| unknown
 40.0s|     1 |     0 | 10089 |     - |   812M |   0 |  71 |5180 |5206 |  21 | 12 |  56 |   8 |-5.677654e+02 |-5.678464e+02 |   0.01%| unknown
 time | node  | left  |LP iter|LP it/n|mem/heur|mdpt |vars |cons |rows |cuts |sepa|confs|strbr|  dualbound   | primalbound  |  gap   | compl. 
 40.1s|     1 |     0 | 10111 |     - |   813M |   0 |  71 |5180 |5207 |  22 | 13 |  56 |   8 |-5.677666e+02 |-5.678464e+02 |   0.01%| unknown
(run 7, node 1) restarting after 2 global fixings of integer variables

(restart) converted 22 cuts from the global cut pool into linear constraints

presolving:
(round 1, fast)       2 del vars, 0 del conss, 0 add conss, 0 chg bounds, 347 chg sides, 699 chg coeffs, 0 upgd conss, 0 impls, 83 clqs, 0 implints
(round 2, fast)       2 del vars, 0 del conss, 0 add conss, 13 chg bounds, 347 chg sides, 699 chg coeffs, 0 upgd conss, 0 impls, 83 clqs, 0 implints
(round 3, exhaustive) 2 del vars, 6 del conss, 0 add conss, 13 chg bounds, 347 chg sides, 699 chg coeffs, 0 upgd conss, 0 impls, 83 clqs, 0 implints
(round 4, exhaustive) 2 del vars, 6 del conss, 0 add conss, 13 chg bounds, 347 chg sides, 699 chg coeffs, 8 upgd conss, 0 impls, 83 clqs, 0 implints
presolving (5 rounds: 5 fast, 3 medium, 3 exhaustive):
 2 deleted vars, 7 deleted constraints, 0 added constraints, 13 tightened bounds, 0 added holes, 347 changed sides, 699 changed coefficients
 0 implications, 83 cliques, 0 implied integral variables (0 bin, 0 int, 0 cont)
presolved problem has 69 variables (29 bin, 0 int, 40 cont) and 5195 constraints
     82 constraints of type <setppc>
   5102 constraints of type <linear>
     11 constraints of type <logicor>
Presolving Time: 5.00
transformed 31/100 original solutions to the transformed problem space

 time | node  | left  |LP iter|LP it/n|mem/heur|mdpt |vars |cons |rows |cuts |sepa|confs|strbr|  dualbound   | primalbound  |  gap   | compl. 
 40.5s|     1 |     0 | 10488 |     - |   826M |   0 |  69 |5195 |5175 |   0 |  0 |  56 |   8 |-5.677666e+02 |-5.678464e+02 |   0.01%| unknown
 40.7s|     1 |     0 | 10503 |     - |   827M |   0 |  69 |5195 |5176 |   1 |  1 |  56 |   8 |-5.677671e+02 |-5.678464e+02 |   0.01%| unknown
 40.8s|     1 |     0 | 10529 |     - |   827M |   0 |  69 |5195 |5177 |   2 |  2 |  56 |   8 |-5.677704e+02 |-5.678464e+02 |   0.01%| unknown
 40.9s|     1 |     0 | 10560 |     - |   828M |   0 |  69 |5195 |5180 |   5 |  3 |  56 |   8 |-5.677793e+02 |-5.678464e+02 |   0.01%| unknown
 41.0s|     1 |     0 | 10576 |     - |   828M |   0 |  69 |5195 |5182 |   7 |  4 |  56 |   8 |-5.677811e+02 |-5.678464e+02 |   0.01%| unknown
 41.1s|     1 |     0 | 10589 |     - |   829M |   0 |  69 |5195 |5184 |   9 |  5 |  56 |   8 |-5.677822e+02 |-5.678464e+02 |   0.01%| unknown
 41.3s|     1 |     0 | 10609 |     - |   829M |   0 |  69 |5195 |5185 |  10 |  6 |  56 |   8 |-5.677845e+02 |-5.678464e+02 |   0.01%| unknown
 41.4s|     1 |     0 | 10633 |     - |   830M |   0 |  69 |5195 |5187 |  12 |  7 |  56 |   8 |-5.677859e+02 |-5.678464e+02 |   0.01%| unknown
 41.5s|     1 |     0 | 10660 |     - |   830M |   0 |  69 |5195 |5189 |  14 |  8 |  56 |   8 |-5.677865e+02 |-5.678464e+02 |   0.01%| unknown
 41.6s|     1 |     0 | 10672 |     - |   831M |   0 |  69 |5195 |5191 |  16 |  9 |  56 |   8 |-5.677870e+02 |-5.678464e+02 |   0.01%| unknown
 41.7s|     1 |     0 | 10695 |     - |   831M |   0 |  69 |5195 |5193 |  18 | 10 |  56 |   8 |-5.677876e+02 |-5.678464e+02 |   0.01%| unknown
 41.8s|     1 |     0 | 10703 |     - |   832M |   0 |  69 |5195 |5194 |  19 | 11 |  56 |   8 |-5.677879e+02 |-5.678464e+02 |   0.01%| unknown
 42.0s|     1 |     0 | 10765 |     - |   832M |   0 |  69 |4732 |5194 |  19 | 11 |  60 |  11 |-5.678464e+02 |-5.678464e+02 |   0.00%| unknown
 42.0s|     1 |     0 | 10765 |     - |   832M |   0 |  69 |4732 |5194 |  19 | 11 |  60 |  11 |-5.678464e+02 |-5.678464e+02 |   0.00%| unknown

SCIP Status        : problem is solved [optimal solution found]
Solving Time (sec) : 41.97
Solving Nodes      : 1 (total of 8 nodes in 8 runs)
Primal Bound       : -5.67846405228758e+02 (142 solutions)
Dual Bound         : -5.67846405228758e+02
Gap                : 0.00 %
feasible solution found by trivial heuristic after 0.0 seconds, objective value 0.000000e+00
presolving:
   (0.0s) symmetry computation started: requiring (bin +, int +, cont +), (fixed: bin -, int -, cont -)
   (0.0s) symmetry computation finished: 39 generators found (max: 1500, log10 of symmetry group size: 47.91) (symcode time: 0.00)
dynamic symmetry handling statistics:
   orbitopal reduction:       no components
   orbital reduction:         no components
   lexicographic reduction:   no permutations
handled 1 out of 1 symmetry components
presolving (0 rounds: 0 fast, 0 medium, 0 exhaustive):
 0 deleted vars, 0 deleted constraints, 0 added constraints, 0 tightened bounds, 0 added holes, 0 changed sides, 0 changed coefficients
 0 implications, 0 cliques, 0 implied integral variables (0 bin, 0 int, 0 cont)
presolved problem has 193 variables (153 bin, 0 int, 40 cont) and 1671 constraints
   1671 constraints of type <linear>
Presolving Time: 0.00
transformed 2/2 original solutions to the transformed problem space

 time | node  | left  |LP iter|LP it/n|mem/heur|mdpt |vars |cons |rows |cuts |sepa|confs|strbr|  dualbound   | primalbound  |  gap   | compl. 
t 0.0s|     1 |     0 |     0 |     - | trivial|   0 | 193 |1632 |   0 |   0 |  0 |   0 |   0 | 4.680000e+02 | 5.800000e+01 | 706.90%| unknown
i 0.0s|     1 |     0 |     0 |     - |  oneopt|   0 | 193 |1632 |1632 |   0 |  0 |   0 |   0 | 4.680000e+02 | 3.360000e+02 |  39.29%| unknown
* 0.0s|     1 |     0 |    41 |     - |    LP  |   0 | 193 |1632 |1632 |   0 |  0 |   0 |   0 | 4.340000e+02 | 4.340000e+02 |   0.00%| unknown
  0.0s|     1 |     0 |    41 |     - |  8253k |   0 | 193 |1632 |1632 |   0 |  0 |   0 |   0 | 4.340000e+02 | 4.340000e+02 |   0.00%| unknown

SCIP Status        : problem is solved [optimal solution found]
Solving Time (sec) : 0.01
Solving Nodes      : 1
Primal Bound       : +4.34000000000000e+02 (5 solutions)
Dual Bound         : +4.34000000000000e+02
Gap                : 0.00 %
  [linear] <c1633>: <x154>[C] (+0) +0.598039216<x1>[B] (+1) -0.598039216<x2>[B] (+1) -0.598039216<x3>[B] (+1) +0.598039216<x4>[B] (+1) -0.598039216<x5>[B] (+1) +0.598039216<x6>[B] (+1) +0.598039216<x7>[B] (+0) -0.598039216<x8>[B] (+1) +0.598039216<x9>[B] (+1) -0.598039216<x10>[B] (+1) -0.598039216<x11>[B] (+1) -0.598039216<x12>[B] (+1) +0.598039216<x13>[B] (+0) -0.598039216<x14>[B] (+1) -0.598039216<x15>[B] (+1) -0.598039216<x16>[B] (+1) -0.598039216<x17>[B] (+1) -0.598039216<x18>[B] (+1) -0.598039216<x19>[B] (+0) +0.598039216<x20>[B] (+0) -0.598039216<x21>[B] (+0) -0.598039216<x22>[B] (+0) +0.598039216<x23>[B] (+0) -0.598039216<x24>[B] (+0) -0.598039216<x25>[B] (+0) -0.598039216<x26>[B] (+0) -0.598039216<x27>[B] (+0) -0.598039216<x28>[B] (+1) +0.598039216<x29>[B] (+0) -0.598039216<x30>[B] (+0) -0.598039216<x31>[B] (+0) -0.598039216<x32>[B] (+0) -0.598039216<x33>[B] (+0) -0.598039216<x34>[B] (+0) +0.598039216<x35>[B] (+0) -0.598039216<x36>[B] (+0) +0.598039216<x37>[B] (+0) +0.598039216<x38>[B] (+0) -0.598039216<x39>[B] (+0) +0.598039216<x40>[B] (+0) -0.598039216<x41>[B] (+0) -0.598039216<x42>[B] (+0) +0.598039216<x43>[B] (+0) +0.598039216<x44>[B] (+0) +0.598039216<x45>[B] (+0) +0.598039216<x46>[B] (+0) -0.598039216<x47>[B] (+0) -0.598039216<x48>[B] (+0) +0.598039216<x49>[B] (+0) -0.598039216<x50>[B] (+0) +0.598039216<x51>[B] (+0) +0.598039216<x52>[B] (+0) -0.598039216<x53>[B] (+0) +0.598039216<x54>[B] (+0) +0.598039216<x55>[B] (+0) -0.598039216<x56>[B] (+0) +0.598039216<x57>[B] (+1) +0.598039216<x58>[B] (+0) +0.598039216<x59>[B] (+0) +0.598039216<x60>[B] (+0) +0.598039216<x61>[B] (+1) -0.598039216<x62>[B] (+1) -0.598039216<x63>[B] (+1) -0.598039216<x64>[B] (+1) -0.598039216<x65>[B] (+0) -0.598039216<x66>[B] (+1) -0.598039216<x67>[B] (+1) -0.598039216<x68>[B] (+1) -0.598039216<x69>[B] (+0) -0.598039216<x70>[B] (+1) +0.598039216<x71>[B] (+0) -0.598039216<x72>[B] (+0) -0.598039216<x73>[B] (+1) -0.598039216<x74>[B] (+1) -0.598039216<x75>[B] (+1) +0.598039216<x76>[B] (+0) +0.598039216<x77>[B] (+0) -0.598039216<x78>[B] (+0) +0.598039216<x79>[B] (+1) +0.598039216<x80>[B] (+1) -0.598039216<x81>[B] (+0) +0.598039216<x82>[B] (+1) +0.598039216<x83>[B] (+0) +0.598039216<x84>[B] (+0) +0.598039216<x85>[B] (+1) +0.598039216<x86>[B] (+1) -0.598039216<x87>[B] (+1) +0.598039216<x88>[B] (+0) -0.598039216<x89>[B] (+0) -0.598039216<x90>[B] (+1) -0.598039216<x91>[B] (+1) -0.598039216<x92>[B] (+0) -0.598039216<x93>[B] (+1) +0.598039216<x94>[B] (+0) -0.598039216<x95>[B] (+0) -0.598039216<x96>[B] (+1) -0.598039216<x97>[B] (+1) -0.598039216<x98>[B] (+1) -0.598039216<x99>[B] (+1) -0.598039216<x100>[B] (+1) -0.598039216<x101>[B] (+1) -0.598039216<x102>[B] (+1) -0.598039216<x103>[B] (+1) +0.598039216<x104>[B] (+0) -0.598039216<x105>[B] (+1) -0.598039216<x106>[B] (+1) -0.598039216<x107>[B] (+1) -0.598039216<x108>[B] (+1) +0.598039216<x109>[B] (+1) +0.598039216<x110>[B] (+1) +0.598039216<x111>[B] (+0) +0.598039216<x112>[B] (+1) +0.598039216<x113>[B] (+0) +0.598039216<x114>[B] (+0) +0.598039216<x115>[B] (+1) +0.598039216<x116>[B] (+1) +0.598039216<x117>[B] (+1) -0.598039216<x118>[B] (+1) -0.598039216<x119>[B] (+0) -0.598039216<x120>[B] (+1) +0.598039216<x121>[B] (+0) -0.598039216<x122>[B] (+0) -0.598039216<x123>[B] (+0) -0.598039216<x124>[B] (+1) -0.598039216<x125>[B] (+1) -0.598039216<x126>[B] (+0) +0.598039216<x127>[B] (+1) +0.598039216<x128>[B] (+0) +0.598039216<x129>[B] (+0) +0.598039216<x130>[B] (+0) -0.598039216<x131>[B] (+1) -0.598039216<x132>[B] (+1) +0.598039216<x133>[B] (+1) +0.598039216<x134>[B] (+0) +0.598039216<x135>[B] (+1) +0.598039216<x136>[B] (+1) +0.598039216<x137>[B] (+1) -0.598039216<x138>[B] (+1) +0.598039216<x139>[B] (+0) -0.598039216<x140>[B] (+0) -0.598039216<x141>[B] (+0) -0.598039216<x142>[B] (+0) -0.598039216<x143>[B] (+0) -0.598039216<x144>[B] (+1) -0.598039216<x145>[B] (+1) -0.598039216<x146>[B] (+1) -0.598039216<x147>[B] (+1) +0.598039216<x148>[B] (+1) -0.598039216<x149>[B] (+1) -0.598039216<x150>[B] (+1) -0.598039216<x151>[B] (+1) -0.598039216<x152>[B] (+1) -0.598039216<x153>[B] (+0) >= 9.12091503267974;
;
violation: left hand side is violated by 27.6601307189542
  [linear] <c1633>: <x154>[C] (+0) +0.598039216<x1>[B] (+1) -0.598039216<x2>[B] (+1) -0.598039216<x3>[B] (+1) +0.598039216<x4>[B] (+1) -0.598039216<x5>[B] (+1) +0.598039216<x6>[B] (+1) +0.598039216<x7>[B] (+1) -0.598039216<x8>[B] (+1) +0.598039216<x9>[B] (+1) -0.598039216<x10>[B] (+1) -0.598039216<x11>[B] (+1) -0.598039216<x12>[B] (+1) +0.598039216<x13>[B] (+0) -0.598039216<x14>[B] (+1) -0.598039216<x15>[B] (+1) -0.598039216<x16>[B] (+1) -0.598039216<x17>[B] (+1) -0.598039216<x18>[B] (+1) -0.598039216<x19>[B] (+1) +0.598039216<x20>[B] (+1) -0.598039216<x21>[B] (+1) -0.598039216<x22>[B] (+1) +0.598039216<x23>[B] (+0) -0.598039216<x24>[B] (+1) -0.598039216<x25>[B] (+1) -0.598039216<x26>[B] (+1) -0.598039216<x27>[B] (+1) -0.598039216<x28>[B] (+1) +0.598039216<x29>[B] (+0) -0.598039216<x30>[B] (+1) -0.598039216<x31>[B] (+1) -0.598039216<x32>[B] (+1) -0.598039216<x33>[B] (+1) -0.598039216<x34>[B] (+0) +0.598039216<x35>[B] (+1) -0.598039216<x36>[B] (+1) +0.598039216<x37>[B] (+1) +0.598039216<x38>[B] (+0) -0.598039216<x39>[B] (+1) +0.598039216<x40>[B] (+1) -0.598039216<x41>[B] (+1) -0.598039216<x42>[B] (+0) +0.598039216<x43>[B] (+1) +0.598039216<x44>[B] (+0) +0.598039216<x45>[B] (+1) +0.598039216<x46>[B] (+1) -0.598039216<x47>[B] (+1) -0.598039216<x48>[B] (+1) +0.598039216<x49>[B] (+1) -0.598039216<x50>[B] (+1) +0.598039216<x51>[B] (+1) +0.598039216<x52>[B] (+0) -0.598039216<x53>[B] (+1) +0.598039216<x54>[B] (+1) +0.598039216<x55>[B] (+1) -0.598039216<x56>[B] (+0) +0.598039216<x57>[B] (+1) +0.598039216<x58>[B] (+0) +0.598039216<x59>[B] (+1) +0.598039216<x60>[B] (+1) +0.598039216<x61>[B] (+1) -0.598039216<x62>[B] (+1) -0.598039216<x63>[B] (+0) -0.598039216<x64>[B] (+1) -0.598039216<x65>[B] (+0) -0.598039216<x66>[B] (+1) -0.598039216<x67>[B] (+1) -0.598039216<x68>[B] (+1) -0.598039216<x69>[B] (+0) -0.598039216<x70>[B] (+1) +0.598039216<x71>[B] (+0) -0.598039216<x72>[B] (+1) -0.598039216<x73>[B] (+1) -0.598039216<x74>[B] (+1) -0.598039216<x75>[B] (+1) +0.598039216<x76>[B] (+1) +0.598039216<x77>[B] (+0) -0.598039216<x78>[B] (+1) +0.598039216<x79>[B] (+1) +0.598039216<x80>[B] (+1) -0.598039216<x81>[B] (+0) +0.598039216<x82>[B] (+1) +0.598039216<x83>[B] (+0) +0.598039216<x84>[B] (+1) +0.598039216<x85>[B] (+1) +0.598039216<x86>[B] (+1) -0.598039216<x87>[B] (+1) +0.598039216<x88>[B] (+0) -0.598039216<x89>[B] (+0) -0.598039216<x90>[B] (+1) -0.598039216<x91>[B] (+1) -0.598039216<x92>[B] (+0) -0.598039216<x93>[B] (+1) +0.598039216<x94>[B] (+0) -0.598039216<x95>[B] (+0) -0.598039216<x96>[B] (+1) -0.598039216<x97>[B] (+1) -0.598039216<x98>[B] (+1) -0.598039216<x99>[B] (+1) -0.598039216<x100>[B] (+1) -0.598039216<x101>[B] (+1) -0.598039216<x102>[B] (+1) -0.598039216<x103>[B] (+1) +0.598039216<x104>[B] (+0) -0.598039216<x105>[B] (+1) -0.598039216<x106>[B] (+1) -0.598039216<x107>[B] (+1) -0.598039216<x108>[B] (+1) +0.598039216<x109>[B] (+1) +0.598039216<x110>[B] (+1) +0.598039216<x111>[B] (+0) +0.598039216<x112>[B] (+1) +0.598039216<x113>[B] (+0) +0.598039216<x114>[B] (+1) +0.598039216<x115>[B] (+1) +0.598039216<x116>[B] (+1) +0.598039216<x117>[B] (+1) -0.598039216<x118>[B] (+1) -0.598039216<x119>[B] (+0) -0.598039216<x120>[B] (+1) +0.598039216<x121>[B] (+0) -0.598039216<x122>[B] (+0) -0.598039216<x123>[B] (+1) -0.598039216<x124>[B] (+1) -0.598039216<x125>[B] (+1) -0.598039216<x126>[B] (+0) +0.598039216<x127>[B] (+1) +0.598039216<x128>[B] (+0) +0.598039216<x129>[B] (+0) +0.598039216<x130>[B] (+1) -0.598039216<x131>[B] (+1) -0.598039216<x132>[B] (+1) +0.598039216<x133>[B] (+1) +0.598039216<x134>[B] (+0) +0.598039216<x135>[B] (+1) +0.598039216<x136>[B] (+1) +0.598039216<x137>[B] (+1) -0.598039216<x138>[B] (+1) +0.598039216<x139>[B] (+0) -0.598039216<x140>[B] (+0) -0.598039216<x141>[B] (+0) -0.598039216<x142>[B] (+0) -0.598039216<x143>[B] (+0) -0.598039216<x144>[B] (+1) -0.598039216<x145>[B] (+1) -0.598039216<x146>[B] (+1) -0.598039216<x147>[B] (+1) +0.598039216<x148>[B] (+1) -0.598039216<x149>[B] (+1) -0.598039216<x150>[B] (+1) -0.598039216<x151>[B] (+1) -0.598039216<x152>[B] (+1) -0.598039216<x153>[B] (+0) >= 9.12091503267974;
;
violation: left hand side is violated by 28.8562091503268
  [linear] <c1633>: <x154>[C] (+0) +0.598039216<x1>[B] (+1) -0.598039216<x2>[B] (+1) -0.598039216<x3>[B] (+1) +0.598039216<x4>[B] (+1) -0.598039216<x5>[B] (+1) +0.598039216<x6>[B] (+1) +0.598039216<x7>[B] (+1) -0.598039216<x8>[B] (+1) +0.598039216<x9>[B] (+1) -0.598039216<x10>[B] (+1) -0.598039216<x11>[B] (+1) -0.598039216<x12>[B] (+1) +0.598039216<x13>[B] (+1) -0.598039216<x14>[B] (+1) -0.598039216<x15>[B] (+1) -0.598039216<x16>[B] (+1) -0.598039216<x17>[B] (+1) -0.598039216<x18>[B] (+1) -0.598039216<x19>[B] (+1) +0.598039216<x20>[B] (+1) -0.598039216<x21>[B] (+1) -0.598039216<x22>[B] (+1) +0.598039216<x23>[B] (+1) -0.598039216<x24>[B] (+1) -0.598039216<x25>[B] (+1) -0.598039216<x26>[B] (+1) -0.598039216<x27>[B] (+1) -0.598039216<x28>[B] (+1) +0.598039216<x29>[B] (+1) -0.598039216<x30>[B] (+1) -0.598039216<x31>[B] (+1) -0.598039216<x32>[B] (+1) -0.598039216<x33>[B] (+1) -0.598039216<x34>[B] (+1) +0.598039216<x35>[B] (+1) -0.598039216<x36>[B] (+1) +0.598039216<x37>[B] (+1) +0.598039216<x38>[B] (+1) -0.598039216<x39>[B] (+1) +0.598039216<x40>[B] (+1) -0.598039216<x41>[B] (+1) -0.598039216<x42>[B] (+1) +0.598039216<x43>[B] (+1) +0.598039216<x44>[B] (+1) +0.598039216<x45>[B] (+1) +0.598039216<x46>[B] (+1) -0.598039216<x47>[B] (+1) -0.598039216<x48>[B] (+1) +0.598039216<x49>[B] (+1) -0.598039216<x50>[B] (+1) +0.598039216<x51>[B] (+1) +0.598039216<x52>[B] (+1) -0.598039216<x53>[B] (+1) +0.598039216<x54>[B] (+1) +0.598039216<x55>[B] (+1) -0.598039216<x56>[B] (+1) +0.598039216<x57>[B] (+1) +0.598039216<x58>[B] (+1) +0.598039216<x59>[B] (+1) +0.598039216<x60>[B] (+1) +0.598039216<x61>[B] (+1) -0.598039216<x62>[B] (+1) -0.598039216<x63>[B] (+1) -0.598039216<x64>[B] (+1) -0.598039216<x65>[B] (+1) -0.598039216<x66>[B] (+1) -0.598039216<x67>[B] (+1) -0.598039216<x68>[B] (+1) -0.598039216<x69>[B] (+1) -0.598039216<x70>[B] (+1) +0.598039216<x71>[B] (+1) -0.598039216<x72>[B] (+1) -0.598039216<x73>[B] (+1) -0.598039216<x74>[B] (+1) -0.598039216<x75>[B] (+1) +0.598039216<x76>[B] (+1) +0.598039216<x77>[B] (+1) -0.598039216<x78>[B] (+1) +0.598039216<x79>[B] (+1) +0.598039216<x80>[B] (+1) -0.598039216<x81>[B] (+1) +0.598039216<x82>[B] (+1) +0.598039216<x83>[B] (+1) +0.598039216<x84>[B] (+1) +0.598039216<x85>[B] (+1) +0.598039216<x86>[B] (+1) -0.598039216<x87>[B] (+1) +0.598039216<x88>[B] (+1) -0.598039216<x89>[B] (+1) -0.598039216<x90>[B] (+1) -0.598039216<x91>[B] (+1) -0.598039216<x92>[B] (+1) -0.598039216<x93>[B] (+1) +0.598039216<x94>[B] (+1) -0.598039216<x95>[B] (+1) -0.598039216<x96>[B] (+1) -0.598039216<x97>[B] (+1) -0.598039216<x98>[B] (+1) -0.598039216<x99>[B] (+1) -0.598039216<x100>[B] (+1) -0.598039216<x101>[B] (+1) -0.598039216<x102>[B] (+1) -0.598039216<x103>[B] (+1) +0.598039216<x104>[B] (+1) -0.598039216<x105>[B] (+1) -0.598039216<x106>[B] (+1) -0.598039216<x107>[B] (+1) -0.598039216<x108>[B] (+1) +0.598039216<x109>[B] (+1) +0.598039216<x110>[B] (+1) +0.598039216<x111>[B] (+1) +0.598039216<x112>[B] (+1) +0.598039216<x113>[B] (+1) +0.598039216<x114>[B] (+1) +0.598039216<x115>[B] (+1) +0.598039216<x116>[B] (+1) +0.598039216<x117>[B] (+1) -0.598039216<x118>[B] (+1) -0.598039216<x119>[B] (+1) -0.598039216<x120>[B] (+1) +0.598039216<x121>[B] (+1) -0.598039216<x122>[B] (+1) -0.598039216<x123>[B] (+1) -0.598039216<x124>[B] (+1) -0.598039216<x125>[B] (+1) -0.598039216<x126>[B] (+1) +0.598039216<x127>[B] (+1) +0.598039216<x128>[B] (+1) +0.598039216<x129>[B] (+1) +0.598039216<x130>[B] (+1) -0.598039216<x131>[B] (+1) -0.598039216<x132>[B] (+1) +0.598039216<x133>[B] (+1) +0.598039216<x134>[B] (+1) +0.598039216<x135>[B] (+1) +0.598039216<x136>[B] (+1) +0.598039216<x137>[B] (+1) -0.598039216<x138>[B] (+1) +0.598039216<x139>[B] (+1) -0.598039216<x140>[B] (+1) -0.598039216<x141>[B] (+1) -0.598039216<x142>[B] (+1) -0.598039216<x143>[B] (+1) -0.598039216<x144>[B] (+1) -0.598039216<x145>[B] (+1) -0.598039216<x146>[B] (+1) -0.598039216<x147>[B] (+1) +0.598039216<x148>[B] (+1) -0.598039216<x149>[B] (+1) -0.598039216<x150>[B] (+1) -0.598039216<x151>[B] (+1) -0.598039216<x152>[B] (+1) -0.598039216<x153>[B] (+1) >= 9.12091503267974;
;
violation: left hand side is violated by 27.6601307189542
  [linear] <c1633>: <x154>[C] (+0) +0.598039216<x1>[B] (+0) -0.598039216<x2>[B] (+0) -0.598039216<x3>[B] (+0) +0.598039216<x4>[B] (+0) -0.598039216<x5>[B] (+0) +0.598039216<x6>[B] (+0) +0.598039216<x7>[B] (+0) -0.598039216<x8>[B] (+0) +0.598039216<x9>[B] (+0) -0.598039216<x10>[B] (+0) -0.598039216<x11>[B] (+0) -0.598039216<x12>[B] (+0) +0.598039216<x13>[B] (+0) -0.598039216<x14>[B] (+0) -0.598039216<x15>[B] (+0) -0.598039216<x16>[B] (+0) -0.598039216<x17>[B] (+0) -0.598039216<x18>[B] (+0) -0.598039216<x19>[B] (+0) +0.598039216<x20>[B] (+0) -0.598039216<x21>[B] (+0) -0.598039216<x22>[B] (+0) +0.598039216<x23>[B] (+0) -0.598039216<x24>[B] (+0) -0.598039216<x25>[B] (+0) -0.598039216<x26>[B] (+0) -0.598039216<x27>[B] (+0) -0.598039216<x28>[B] (+0) +0.598039216<x29>[B] (+0) -0.598039216<x30>[B] (+0) -0.598039216<x31>[B] (+0) -0.598039216<x32>[B] (+0) -0.598039216<x33>[B] (+0) -0.598039216<x34>[B] (+0) +0.598039216<x35>[B] (+0) -0.598039216<x36>[B] (+0) +0.598039216<x37>[B] (+0) +0.598039216<x38>[B] (+0) -0.598039216<x39>[B] (+0) +0.598039216<x40>[B] (+0) -0.598039216<x41>[B] (+0) -0.598039216<x42>[B] (+0) +0.598039216<x43>[B] (+0) +0.598039216<x44>[B] (+0) +0.598039216<x45>[B] (+0) +0.598039216<x46>[B] (+0) -0.598039216<x47>[B] (+0) -0.598039216<x48>[B] (+0) +0.598039216<x49>[B] (+0) -0.598039216<x50>[B] (+0) +0.598039216<x51>[B] (+0) +0.598039216<x52>[B] (+0) -0.598039216<x53>[B] (+0) +0.598039216<x54>[B] (+0) +0.598039216<x55>[B] (+0) -0.598039216<x56>[B] (+0) +0.598039216<x57>[B] (+0) +0.598039216<x58>[B] (+0) +0.598039216<x59>[B] (+0) +0.598039216<x60>[B] (+0) +0.598039216<x61>[B] (+0) -0.598039216<x62>[B] (+0) -0.598039216<x63>[B] (+0) -0.598039216<x64>[B] (+0) -0.598039216<x65>[B] (+0) -0.598039216<x66>[B] (+0) -0.598039216<x67>[B] (+0) -0.598039216<x68>[B] (+0) -0.598039216<x69>[B] (+0) -0.598039216<x70>[B] (+0) +0.598039216<x71>[B] (+0) -0.598039216<x72>[B] (+0) -0.598039216<x73>[B] (+0) -0.598039216<x74>[B] (+0) -0.598039216<x75>[B] (+0) +0.598039216<x76>[B] (+0) +0.598039216<x77>[B] (+0) -0.598039216<x78>[B] (+0) +0.598039216<x79>[B] (+0) +0.598039216<x80>[B] (+0) -0.598039216<x81>[B] (+0) +0.598039216<x82>[B] (+0) +0.598039216<x83>[B] (+0) +0.598039216<x84>[B] (+0) +0.598039216<x85>[B] (+0) +0.598039216<x86>[B] (+0) -0.598039216<x87>[B] (+0) +0.598039216<x88>[B] (+0) -0.598039216<x89>[B] (+0) -0.598039216<x90>[B] (+0) -0.598039216<x91>[B] (+0) -0.598039216<x92>[B] (+0) -0.598039216<x93>[B] (+0) +0.598039216<x94>[B] (+0) -0.598039216<x95>[B] (+0) -0.598039216<x96>[B] (+0) -0.598039216<x97>[B] (+0) -0.598039216<x98>[B] (+0) -0.598039216<x99>[B] (+0) -0.598039216<x100>[B] (+0) -0.598039216<x101>[B] (+0) -0.598039216<x102>[B] (+0) -0.598039216<x103>[B] (+0) +0.598039216<x104>[B] (+0) -0.598039216<x105>[B] (+0) -0.598039216<x106>[B] (+0) -0.598039216<x107>[B] (+0) -0.598039216<x108>[B] (+0) +0.598039216<x109>[B] (+0) +0.598039216<x110>[B] (+0) +0.598039216<x111>[B] (+0) +0.598039216<x112>[B] (+0) +0.598039216<x113>[B] (+0) +0.598039216<x114>[B] (+0) +0.598039216<x115>[B] (+0) +0.598039216<x116>[B] (+0) +0.598039216<x117>[B] (+0) -0.598039216<x118>[B] (+0) -0.598039216<x119>[B] (+0) -0.598039216<x120>[B] (+0) +0.598039216<x121>[B] (+0) -0.598039216<x122>[B] (+0) -0.598039216<x123>[B] (+0) -0.598039216<x124>[B] (+0) -0.598039216<x125>[B] (+0) -0.598039216<x126>[B] (+0) +0.598039216<x127>[B] (+0) +0.598039216<x128>[B] (+0) +0.598039216<x129>[B] (+0) +0.598039216<x130>[B] (+0) -0.598039216<x131>[B] (+0) -0.598039216<x132>[B] (+0) +0.598039216<x133>[B] (+0) +0.598039216<x134>[B] (+0) +0.598039216<x135>[B] (+0) +0.598039216<x136>[B] (+0) +0.598039216<x137>[B] (+0) -0.598039216<x138>[B] (+0) +0.598039216<x139>[B] (+0) -0.598039216<x140>[B] (+0) -0.598039216<x141>[B] (+0) -0.598039216<x142>[B] (+0) -0.598039216<x143>[B] (+0) -0.598039216<x144>[B] (+0) -0.598039216<x145>[B] (+0) -0.598039216<x146>[B] (+0) -0.598039216<x147>[B] (+0) +0.598039216<x148>[B] (+0) -0.598039216<x149>[B] (+0) -0.598039216<x150>[B] (+0) -0.598039216<x151>[B] (+0) -0.598039216<x152>[B] (+0) -0.598039216<x153>[B] (+0) >= 9.12091503267974;
;
violation: left hand side is violated by 9.12091503267974
1/5 feasible solution given by solution candidate storage, new primal bound -3.999942e+06

presolving:
   (0.0s) symmetry computation started: requiring (bin +, int +, cont +), (fixed: bin -, int -, cont -)
   (0.0s) no symmetry present (symcode time: 0.00)
presolving (0 rounds: 0 fast, 0 medium, 0 exhaustive):
 0 deleted vars, 0 deleted constraints, 0 added constraints, 0 tightened bounds, 0 added holes, 0 changed sides, 0 changed coefficients
 0 implications, 0 cliques, 0 implied integral variables (0 bin, 0 int, 0 cont)
presolved problem has 193 variables (153 bin, 0 int, 40 cont) and 1672 constraints
   1672 constraints of type <linear>
Presolving Time: 0.00
transformed 1/1 original solutions to the transformed problem space

 time | node  | left  |LP iter|LP it/n|mem/heur|mdpt |vars |cons |rows |cuts |sepa|confs|strbr|  dualbound   | primalbound  |  gap   | compl. 
p 0.0s|     1 |     0 |    14 |     - |   locks|   0 | 193 |1672 |1672 |   0 |  0 |   0 |   0 | 4.680000e+02 |-8.639739e+02 |    Inf | unknown
* 0.0s|     1 |     0 |   252 |     - |    LP  |   0 | 193 |1672 |1672 |   0 |  0 |   0 |   0 |-5.522516e+02 |-5.522516e+02 |   0.00%| unknown
  0.0s|     1 |     0 |   252 |     - |    10M |   0 | 193 |1672 |1672 |   0 |  0 |   0 |   0 |-5.522516e+02 |-5.522516e+02 |   0.00%| unknown

SCIP Status        : problem is solved [optimal solution found]
Solving Time (sec) : 0.02
Solving Nodes      : 1
Primal Bound       : -5.52251633986928e+02 (4 solutions)
Dual Bound         : -5.52251633986928e+02
Gap                : 0.00 %
  [linear] <c1673>: <x154>[C] (+25.8660131) +0.578431373<x1>[B] (+1) -0.578431373<x2>[B] (+1) -0.578431373<x3>[B] (+1) +0.578431373<x4>[B] (+1) -0.578431373<x5>[B] (+1) +0.578431373<x6>[B] (+1) +0.578431373<x7>[B] (+0) -0.578431373<x8>[B] (+1) +0.578431373<x9>[B] (+1) -0.578431373<x10>[B] (+1) -0.578431373<x11>[B] (+1) -0.578431373<x12>[B] (+1) +0.578431373<x13>[B] (+0) -0.578431373<x14>[B] (+1) -0.578431373<x15>[B] (+1) -0.578431373<x16>[B] (+1) -0.578431373<x17>[B] (+1) -0.578431373<x18>[B] (+1) -0.578431373<x19>[B] (+0) +0.578431373<x20>[B] (+0) -0.578431373<x21>[B] (+1) -0.578431373<x22>[B] (+1) +0.578431373<x23>[B] (+0) -0.578431373<x24>[B] (+1) -0.578431373<x25>[B] (+1) -0.578431373<x26>[B] (+1) -0.578431373<x27>[B] (+0) -0.578431373<x28>[B] (+1) +0.578431373<x29>[B] (+0) -0.578431373<x30>[B] (+0) -0.578431373<x31>[B] (+1) -0.578431373<x32>[B] (+1) -0.578431373<x33>[B] (+0) -0.578431373<x34>[B] (+0) +0.578431373<x35>[B] (+0) -0.578431373<x36>[B] (+1) +0.578431373<x37>[B] (+1) +0.578431373<x38>[B] (+0) -0.578431373<x39>[B] (+0) +0.578431373<x40>[B] (+0) -0.578431373<x41>[B] (+1) -0.578431373<x42>[B] (+0) +0.578431373<x43>[B] (+1) +0.578431373<x44>[B] (+0) +0.578431373<x45>[B] (+0) +0.578431373<x46>[B] (+0) -0.578431373<x47>[B] (+0) -0.578431373<x48>[B] (+0) +0.578431373<x49>[B] (+1) -0.578431373<x50>[B] (+1) +0.578431373<x51>[B] (+1) +0.578431373<x52>[B] (+0) -0.578431373<x53>[B] (+1) +0.578431373<x54>[B] (+1) +0.578431373<x55>[B] (+1) -0.578431373<x56>[B] (+0) +0.578431373<x57>[B] (+1) +0.578431373<x58>[B] (+0) +0.578431373<x59>[B] (+1) +0.578431373<x60>[B] (+1) +0.578431373<x61>[B] (+1) -0.578431373<x62>[B] (+1) -0.578431373<x63>[B] (+1) -0.578431373<x64>[B] (+1) -0.578431373<x65>[B] (+0) -0.578431373<x66>[B] (+1) -0.578431373<x67>[B] (+1) -0.578431373<x68>[B] (+1) -0.578431373<x69>[B] (+0) -0.578431373<x70>[B] (+1) +0.578431373<x71>[B] (+0) -0.578431373<x72>[B] (+0) -0.578431373<x73>[B] (+1) -0.578431373<x74>[B] (+1) -0.578431373<x75>[B] (+0) +0.578431373<x76>[B] (+1) +0.578431373<x77>[B] (+0) -0.578431373<x78>[B] (+0) +0.578431373<x79>[B] (+0) +0.578431373<x80>[B] (+0) -0.578431373<x81>[B] (+0) +0.578431373<x82>[B] (+1) +0.578431373<x83>[B] (+0) +0.578431373<x84>[B] (+0) +0.578431373<x85>[B] (+0) +0.578431373<x86>[B] (+0) -0.578431373<x87>[B] (+0) +0.578431373<x88>[B] (+0) -0.578431373<x89>[B] (+0) -0.578431373<x90>[B] (+0) -0.578431373<x91>[B] (+0) -0.578431373<x92>[B] (+0) -0.578431373<x93>[B] (+1) +0.578431373<x94>[B] (+0) -0.578431373<x95>[B] (+0) -0.578431373<x96>[B] (+0) -0.578431373<x97>[B] (+0) -0.578431373<x98>[B] (+0) -0.578431373<x99>[B] (+1) -0.578431373<x100>[B] (+1) -0.578431373<x101>[B] (+1) -0.578431373<x102>[B] (+1) -0.578431373<x103>[B] (+1) +0.578431373<x104>[B] (+0) -0.578431373<x105>[B] (+1) -0.578431373<x106>[B] (+1) -0.578431373<x107>[B] (+1) -0.578431373<x108>[B] (+1) +0.578431373<x109>[B] (+1) +0.578431373<x110>[B] (+1) +0.578431373<x111>[B] (+0) +0.578431373<x112>[B] (+1) +0.578431373<x113>[B] (+0) +0.578431373<x114>[B] (+0) +0.578431373<x115>[B] (+1) +0.578431373<x116>[B] (+1) +0.578431373<x117>[B] (+0) -0.578431373<x118>[B] (+1) -0.578431373<x119>[B] (+0) -0.578431373<x120>[B] (+1) +0.578431373<x121>[B] (+0) -0.578431373<x122>[B] (+0) -0.578431373<x123>[B] (+1) -0.578431373<x124>[B] (+1) -0.578431373<x125>[B] (+0) -0.578431373<x126>[B] (+0) +0.578431373<x127>[B] (+1) +0.578431373<x128>[B] (+0) +0.578431373<x129>[B] (+0) +0.578431373<x130>[B] (+0) -0.578431373<x131>[B] (+0) -0.578431373<x132>[B] (+0) +0.578431373<x133>[B] (+1) +0.578431373<x134>[B] (+0) +0.578431373<x135>[B] (+1) +0.578431373<x136>[B] (+1) +0.578431373<x137>[B] (+1) -0.578431373<x138>[B] (+1) +0.578431373<x139>[B] (+0) -0.578431373<x140>[B] (+0) -0.578431373<x141>[B] (+0) -0.578431373<x142>[B] (+0) -0.578431373<x143>[B] (+0) -0.578431373<x144>[B] (+1) -0.578431373<x145>[B] (+1) -0.578431373<x146>[B] (+1) -0.578431373<x147>[B] (+1) +0.578431373<x148>[B] (+1) -0.578431373<x149>[B] (+1) -0.578431373<x150>[B] (+1) -0.578431373<x151>[B] (+1) -0.578431373<x152>[B] (+0) -0.578431373<x153>[B] (+0) >= 9.68954248366013;
;
violation: left hand side is violated by 0.0196078431372619
  [linear] <c1673>: <x154>[C] (+13.9052288) +0.578431373<x1>[B] (+0) -0.578431373<x2>[B] (+0) -0.578431373<x3>[B] (+0) +0.578431373<x4>[B] (+0) -0.578431373<x5>[B] (+0) +0.578431373<x6>[B] (+0) +0.578431373<x7>[B] (+0) -0.578431373<x8>[B] (+0) +0.578431373<x9>[B] (+0) -0.578431373<x10>[B] (+0) -0.578431373<x11>[B] (+0) -0.578431373<x12>[B] (+0) +0.578431373<x13>[B] (+1) -0.578431373<x14>[B] (+0) -0.578431373<x15>[B] (+0) -0.578431373<x16>[B] (+0) -0.578431373<x17>[B] (+0) -0.578431373<x18>[B] (+0) -0.578431373<x19>[B] (+1) +0.578431373<x20>[B] (+1) -0.578431373<x21>[B] (+1) -0.578431373<x22>[B] (+1) +0.578431373<x23>[B] (+1) -0.578431373<x24>[B] (+1) -0.578431373<x25>[B] (+1) -0.578431373<x26>[B] (+0) -0.578431373<x27>[B] (+1) -0.578431373<x28>[B] (+0) +0.578431373<x29>[B] (+1) -0.578431373<x30>[B] (+1) -0.578431373<x31>[B] (+0) -0.578431373<x32>[B] (+0) -0.578431373<x33>[B] (+1) -0.578431373<x34>[B] (+1) +0.578431373<x35>[B] (+1) -0.578431373<x36>[B] (+1) +0.578431373<x37>[B] (+1) +0.578431373<x38>[B] (+1) -0.578431373<x39>[B] (+1) +0.578431373<x40>[B] (+1) -0.578431373<x41>[B] (+1) -0.578431373<x42>[B] (+1) +0.578431373<x43>[B] (+1) +0.578431373<x44>[B] (+1) +0.578431373<x45>[B] (+1) +0.578431373<x46>[B] (+1) -0.578431373<x47>[B] (+1) -0.578431373<x48>[B] (+1) +0.578431373<x49>[B] (+0) -0.578431373<x50>[B] (+1) +0.578431373<x51>[B] (+1) +0.578431373<x52>[B] (+1) -0.578431373<x53>[B] (+0) +0.578431373<x54>[B] (+0) +0.578431373<x55>[B] (+0) -0.578431373<x56>[B] (+1) +0.578431373<x57>[B] (+0) +0.578431373<x58>[B] (+1) +0.578431373<x59>[B] (+1) +0.578431373<x60>[B] (+0) +0.578431373<x61>[B] (+0) -0.578431373<x62>[B] (+1) -0.578431373<x63>[B] (+1) -0.578431373<x64>[B] (+1) -0.578431373<x65>[B] (+1) -0.578431373<x66>[B] (+0) -0.578431373<x67>[B] (+0) -0.578431373<x68>[B] (+0) -0.578431373<x69>[B] (+1) -0.578431373<x70>[B] (+0) +0.578431373<x71>[B] (+1) -0.578431373<x72>[B] (+1) -0.578431373<x73>[B] (+0) -0.578431373<x74>[B] (+0) -0.578431373<x75>[B] (+1) +0.578431373<x76>[B] (+1) +0.578431373<x77>[B] (+1) -0.578431373<x78>[B] (+0) +0.578431373<x79>[B] (+0) +0.578431373<x80>[B] (+0) -0.578431373<x81>[B] (+1) +0.578431373<x82>[B] (+0) +0.578431373<x83>[B] (+1) +0.578431373<x84>[B] (+1) +0.578431373<x85>[B] (+0) +0.578431373<x86>[B] (+0) -0.578431373<x87>[B] (+1) +0.578431373<x88>[B] (+1) -0.578431373<x89>[B] (+0) -0.578431373<x90>[B] (+0) -0.578431373<x91>[B] (+0) -0.578431373<x92>[B] (+1) -0.578431373<x93>[B] (+0) +0.578431373<x94>[B] (+1) -0.578431373<x95>[B] (+1) -0.578431373<x96>[B] (+0) -0.578431373<x97>[B] (+0) -0.578431373<x98>[B] (+1) -0.578431373<x99>[B] (+0) -0.578431373<x100>[B] (+0) -0.578431373<x101>[B] (+0) -0.578431373<x102>[B] (+1) -0.578431373<x103>[B] (+0) +0.578431373<x104>[B] (+1) -0.578431373<x105>[B] (+1) -0.578431373<x106>[B] (+0) -0.578431373<x107>[B] (+0) -0.578431373<x108>[B] (+0) +0.578431373<x109>[B] (+0) +0.578431373<x110>[B] (+0) +0.578431373<x111>[B] (+1) +0.578431373<x112>[B] (+0) +0.578431373<x113>[B] (+1) +0.578431373<x114>[B] (+1) +0.578431373<x115>[B] (+0) +0.578431373<x116>[B] (+0) +0.578431373<x117>[B] (+1) -0.578431373<x118>[B] (+0) -0.578431373<x119>[B] (+1) -0.578431373<x120>[B] (+0) +0.578431373<x121>[B] (+1) -0.578431373<x122>[B] (+1) -0.578431373<x123>[B] (+0) -0.578431373<x124>[B] (+0) -0.578431373<x125>[B] (+1) -0.578431373<x126>[B] (+1) +0.578431373<x127>[B] (+1) +0.578431373<x128>[B] (+1) +0.578431373<x129>[B] (+1) +0.578431373<x130>[B] (+0) -0.578431373<x131>[B] (+1) -0.578431373<x132>[B] (+1) +0.578431373<x133>[B] (+0) +0.578431373<x134>[B] (+1) +0.578431373<x135>[B] (+1) +0.578431373<x136>[B] (+0) +0.578431373<x137>[B] (+0) -0.578431373<x138>[B] (+0) +0.578431373<x139>[B] (+1) -0.578431373<x140>[B] (+1) -0.578431373<x141>[B] (+0) -0.578431373<x142>[B] (+1) -0.578431373<x143>[B] (+1) -0.578431373<x144>[B] (+0) -0.578431373<x145>[B] (+0) -0.578431373<x146>[B] (+0) -0.578431373<x147>[B] (+0) +0.578431373<x148>[B] (+0) -0.578431373<x149>[B] (+0) -0.578431373<x150>[B] (+0) -0.578431373<x151>[B] (+1) -0.578431373<x152>[B] (+1) -0.578431373<x153>[B] (+1) >= 9.68954248366013;
;
violation: left hand side is violated by 0.411764705882359
2/4 feasible solutions given by solution candidate storage, new primal bound -3.999942e+06

presolving:
   (0.0s) symmetry computation started: requiring (bin +, int +, cont +), (fixed: bin -, int -, cont -)
   (0.0s) no symmetry present (symcode time: 0.00)
presolving (0 rounds: 0 fast, 0 medium, 0 exhaustive):
 0 deleted vars, 0 deleted constraints, 0 added constraints, 0 tightened bounds, 0 added holes, 0 changed sides, 0 changed coefficients
 0 implications, 0 cliques, 0 implied integral variables (0 bin, 0 int, 0 cont)
presolved problem has 193 variables (153 bin, 0 int, 40 cont) and 1708 constraints
   1708 constraints of type <linear>
Presolving Time: 0.01
transformed 2/2 original solutions to the transformed problem space

 time | node  | left  |LP iter|LP it/n|mem/heur|mdpt |vars |cons |rows |cuts |sepa|confs|strbr|  dualbound   | primalbound  |  gap   | compl. 
p 0.0s|     1 |     0 |    18 |     - |   locks|   0 | 193 |1708 |1708 |   0 |  0 |   0 |   0 | 4.680000e+02 |-8.854673e+02 |    Inf | unknown
  0.0s|     1 |     0 |   369 |     - |    13M |   0 | 193 |1708 |1708 |   0 |  0 |   0 |   0 |-5.613708e+02 |-8.854673e+02 |  57.73%| unknown
r 0.0s|     1 |     0 |   369 |     - |shifting|   0 | 193 |1708 |1708 |   0 |  0 |   0 |   0 |-5.613708e+02 |-6.269364e+02 |  11.68%| unknown
  0.1s|     1 |     0 |   387 |     - |    16M |   0 | 193 |1708 |1709 |   1 |  1 |   0 |   0 |-5.616061e+02 |-6.269364e+02 |  11.63%| unknown
  0.1s|     1 |     0 |   387 |     - |    16M |   0 | 193 |1708 |1709 |   1 |  1 |   0 |   0 |-5.616061e+02 |-6.269364e+02 |  11.63%| unknown
  0.2s|     1 |     0 |   407 |     - |    17M |   0 | 193 |1708 |1710 |   2 |  2 |   0 |   0 |-5.616643e+02 |-6.269364e+02 |  11.62%| unknown
  0.2s|     1 |     0 |   428 |     - |    17M |   0 | 193 |1709 |1711 |   3 |  3 |   1 |   0 |-5.617099e+02 |-6.269364e+02 |  11.61%| unknown
r 0.2s|     1 |     0 |   428 |     - |shifting|   0 | 193 |1709 |1711 |   3 |  3 |   1 |   0 |-5.617099e+02 |-6.223374e+02 |  10.79%| unknown
  0.3s|     1 |     0 |   445 |     - |    19M |   0 | 193 |1709 |1712 |   4 |  4 |   1 |   0 |-5.617304e+02 |-6.223374e+02 |  10.79%| unknown
  0.4s|     1 |     0 |   471 |     - |    19M |   0 | 193 |1709 |1713 |   5 |  5 |   1 |   0 |-5.617648e+02 |-6.223374e+02 |  10.78%| unknown
  0.5s|     1 |     0 |   500 |     - |    21M |   0 | 193 |1709 |1714 |   6 |  6 |   1 |   0 |-5.617790e+02 |-6.223374e+02 |  10.78%| unknown
  0.5s|     1 |     0 |   524 |     - |    23M |   0 | 193 |1709 |1715 |   7 |  7 |   1 |   0 |-5.618080e+02 |-6.223374e+02 |  10.77%| unknown
r 0.5s|     1 |     0 |   524 |     - |shifting|   0 | 193 |1709 |1715 |   7 |  7 |   1 |   0 |-5.618080e+02 |-6.150771e+02 |   9.48%| unknown
  0.6s|     1 |     0 |   528 |     - |    23M |   0 | 193 |1709 |1716 |   8 |  8 |   1 |   0 |-5.618098e+02 |-6.150771e+02 |   9.48%| unknown
  0.7s|     1 |     0 |   546 |     - |    26M |   0 | 193 |1710 |1717 |   9 |  9 |   2 |   0 |-5.618219e+02 |-6.150771e+02 |   9.48%| unknown
 time | node  | left  |LP iter|LP it/n|mem/heur|mdpt |vars |cons |rows |cuts |sepa|confs|strbr|  dualbound   | primalbound  |  gap   | compl. 
  0.8s|     1 |     0 |   556 |     - |    26M |   0 | 193 |1710 |1718 |  10 | 10 |   2 |   0 |-5.618226e+02 |-6.150771e+02 |   9.48%| unknown
  0.8s|     1 |     0 |   563 |     - |    26M |   0 | 193 |1710 |1719 |  11 | 11 |   2 |   0 |-5.618231e+02 |-6.150771e+02 |   9.48%| unknown
  0.8s|     1 |     0 |   567 |     - |    26M |   0 | 193 |1710 |1720 |  12 | 12 |   2 |   0 |-5.618234e+02 |-6.150771e+02 |   9.48%| unknown
r 0.8s|     1 |     0 |   640 |     - |intshift|   0 | 193 |1710 |1720 |  12 | 12 |   2 |   0 |-5.618234e+02 |-5.810359e+02 |   3.42%| unknown
d 0.8s|     1 |     0 |   727 |     - |farkasdi|   0 | 193 |1710 |1720 |   0 | 12 |   2 |   0 |-5.618234e+02 |-5.626699e+02 |   0.15%| unknown
(run 1, node 1) restarting after 78 global fixings of integer variables

(restart) converted 12 cuts from the global cut pool into linear constraints

presolving:
presolving (0 rounds: 0 fast, 0 medium, 0 exhaustive):
 0 deleted vars, 0 deleted constraints, 0 added constraints, 0 tightened bounds, 0 added holes, 0 changed sides, 0 changed coefficients
 0 implications, 0 cliques, 0 implied integral variables (0 bin, 0 int, 0 cont)
presolved problem has 193 variables (153 bin, 0 int, 40 cont) and 1722 constraints
   1720 constraints of type <linear>
      2 constraints of type <logicor>
Presolving Time: 0.01
transformed 16/19 original solutions to the transformed problem space

 time | node  | left  |LP iter|LP it/n|mem/heur|mdpt |vars |cons |rows |cuts |sepa|confs|strbr|  dualbound   | primalbound  |  gap   | compl. 
  0.9s|     1 |     0 |  1132 |     - |    27M |   0 | 193 | 684 | 540 |   0 |  0 |  80 |   0 |-5.618234e+02 |-5.626699e+02 |   0.15%| unknown
  0.9s|     1 |     0 |  1132 |     - |    27M |   0 | 193 | 684 | 528 |   0 |  0 |  80 |   0 |-5.618234e+02 |-5.626699e+02 |   0.15%| unknown
  0.9s|     1 |     0 |  1154 |     - |    27M |   0 | 193 | 684 | 529 |   1 |  1 |  80 |   0 |-5.618421e+02 |-5.626699e+02 |   0.15%| unknown
  1.0s|     1 |     0 |  1192 |     - |    27M |   0 | 193 | 684 | 530 |   2 |  2 |  80 |   0 |-5.618601e+02 |-5.626699e+02 |   0.14%| unknown
  1.1s|     1 |     0 |  1207 |     - |    27M |   0 | 193 | 684 | 531 |   3 |  3 |  80 |   0 |-5.618661e+02 |-5.626699e+02 |   0.14%| unknown
  1.1s|     1 |     0 |  1228 |     - |    28M |   0 | 193 | 684 | 532 |   4 |  4 |  80 |   0 |-5.618753e+02 |-5.626699e+02 |   0.14%| unknown
  1.2s|     1 |     0 |  1246 |     - |    28M |   0 | 193 | 684 | 533 |   5 |  5 |  80 |   0 |-5.618784e+02 |-5.626699e+02 |   0.14%| unknown
  1.3s|     1 |     0 |  1257 |     - |    28M |   0 | 193 | 684 | 534 |   6 |  6 |  80 |   0 |-5.618815e+02 |-5.626699e+02 |   0.14%| unknown
  1.3s|     1 |     0 |  1266 |     - |    28M |   0 | 193 | 684 | 535 |   7 |  7 |  80 |   0 |-5.618822e+02 |-5.626699e+02 |   0.14%| unknown
  1.4s|     1 |     0 |  1282 |     - |    28M |   0 | 193 | 684 | 536 |   8 |  8 |  80 |   0 |-5.618837e+02 |-5.626699e+02 |   0.14%| unknown
  1.4s|     1 |     0 |  1294 |     - |    28M |   0 | 193 | 685 | 537 |   9 |  9 |  81 |   0 |-5.618853e+02 |-5.626699e+02 |   0.14%| unknown
  1.5s|     1 |     0 |  1302 |     - |    28M |   0 | 193 | 685 | 538 |  10 | 10 |  81 |   0 |-5.618880e+02 |-5.626699e+02 |   0.14%| unknown
  1.6s|     1 |     0 |  1303 |     - |    29M |   0 | 193 | 685 | 539 |  11 | 11 |  81 |   0 |-5.618881e+02 |-5.626699e+02 |   0.14%| unknown
  1.6s|     1 |     0 |  1303 |     - |    29M |   0 | 193 | 673 | 539 |  11 | 11 |  81 |   0 |-5.618881e+02 |-5.626699e+02 |   0.14%| unknown
  1.6s|     1 |     0 |  1323 |     - |    29M |   0 | 193 | 673 | 540 |  12 | 12 |  81 |   0 |-5.618915e+02 |-5.626699e+02 |   0.14%| unknown
 time | node  | left  |LP iter|LP it/n|mem/heur|mdpt |vars |cons |rows |cuts |sepa|confs|strbr|  dualbound   | primalbound  |  gap   | compl. 
  1.7s|     1 |     0 |  1324 |     - |    29M |   0 | 193 | 673 | 541 |  13 | 13 |  81 |   0 |-5.618915e+02 |-5.626699e+02 |   0.14%| unknown
  1.8s|     1 |     0 |  1495 |     - |    29M |   0 | 193 | 675 | 541 |  13 | 14 |  83 |   1 |-5.619232e+02 |-5.626699e+02 |   0.13%| unknown
  1.8s|     1 |     0 |  1502 |     - |    29M |   0 | 193 | 675 | 542 |  14 | 15 |  83 |   1 |-5.619232e+02 |-5.626699e+02 |   0.13%| unknown
  1.8s|     1 |     0 |  1502 |     - |    29M |   0 | 193 | 670 | 542 |  14 | 16 |  83 |   4 |-5.620048e+02 |-5.626699e+02 |   0.12%| unknown
  1.9s|     1 |     0 |  1513 |     - |    29M |   0 | 193 | 670 | 543 |  15 | 17 |  83 |   4 |-5.620048e+02 |-5.626699e+02 |   0.12%| unknown
  1.9s|     1 |     0 |  1559 |     - |    29M |   0 | 193 | 582 | 543 |  15 | 18 |  85 |   5 |-5.621147e+02 |-5.626699e+02 |   0.10%| unknown
  1.9s|     1 |     0 |  1559 |     - |    29M |   0 | 193 | 582 | 368 |  15 | 18 |  85 |   5 |-5.621147e+02 |-5.626699e+02 |   0.10%| unknown
  1.9s|     1 |     0 |  1559 |     - |    29M |   0 | 193 | 426 | 368 |  15 | 19 |  85 |   5 |-5.621147e+02 |-5.626699e+02 |   0.10%| unknown
  1.9s|     1 |     0 |  1559 |     - |    29M |   0 | 193 | 426 | 368 |  15 | 20 |  85 |   7 |-5.625258e+02 |-5.626699e+02 |   0.03%| unknown
  2.0s|     1 |     0 |  1559 |     - |    29M |   0 | 193 | 426 | 368 |  15 | 21 |  85 |   9 |-5.625258e+02 |-5.626699e+02 |   0.03%| unknown
  2.0s|     1 |     0 |  1559 |     - |    29M |   0 | 193 | 426 | 368 |  15 | 22 |  85 |  12 |-5.625258e+02 |-5.626699e+02 |   0.03%| unknown
  2.1s|     1 |     0 |  1564 |     - |    29M |   0 | 193 | 396 | 368 |  15 | 23 |  87 |  13 |-5.625258e+02 |-5.626699e+02 |   0.03%| unknown
  2.1s|     1 |     0 |  1578 |     - |    29M |   0 | 193 | 397 | 368 |  15 | 24 |  89 |  14 |-5.625258e+02 |-5.626699e+02 |   0.03%| unknown
  2.1s|     1 |     0 |  1578 |     - |    29M |   0 | 193 | 397 | 291 |  15 | 24 |  89 |  14 |-5.625258e+02 |-5.626699e+02 |   0.03%| unknown
  2.1s|     1 |     0 |  1578 |     - |    29M |   0 | 193 | 365 | 291 |  15 | 25 |  89 |  14 |-5.625258e+02 |-5.626699e+02 |   0.03%| unknown
 time | node  | left  |LP iter|LP it/n|mem/heur|mdpt |vars |cons |rows |cuts |sepa|confs|strbr|  dualbound   | primalbound  |  gap   | compl. 
  2.2s|     1 |     0 |  1580 |     - |    29M |   0 | 193 | 203 | 291 |  15 | 26 |  91 |  16 |-5.625258e+02 |-5.626699e+02 |   0.03%| unknown
  2.2s|     1 |     0 |  1581 |     - |    29M |   0 | 193 | 204 | 291 |  15 | 27 |  93 |  17 |-5.625258e+02 |-5.626699e+02 |   0.03%| unknown
  2.2s|     1 |     2 |  1581 |     - |    29M |   0 | 193 | 204 | 291 |  15 | 28 |  93 |  17 |-5.625258e+02 |-5.626699e+02 |   0.03%| unknown

SCIP Status        : problem is solved [optimal solution found]
Solving Time (sec) : 2.20
Solving Nodes      : 3 (total of 4 nodes in 2 runs)
Primal Bound       : -5.62669934640523e+02 (42 solutions)
Dual Bound         : -5.62669934640523e+02
Gap                : 0.00 %
  [linear] <c1709>: <x154>[C] (+17.7875817) +0.486928105<x1>[B] (+1) -0.486928105<x2>[B] (+1) -0.486928105<x3>[B] (+1) +0.486928105<x4>[B] (+1) -0.486928105<x5>[B] (+1) +0.486928105<x6>[B] (+1) +0.486928105<x7>[B] (+1) -0.486928105<x8>[B] (+1) +0.486928105<x9>[B] (+1) -0.486928105<x10>[B] (+1) -0.486928105<x11>[B] (+1) -0.486928105<x12>[B] (+1) +0.486928105<x13>[B] (+0) -0.486928105<x14>[B] (+1) -0.486928105<x15>[B] (+1) -0.486928105<x16>[B] (+1) -0.486928105<x17>[B] (+1) -0.486928105<x18>[B] (+1) -0.486928105<x19>[B] (+0) +0.486928105<x20>[B] (+0) -0.486928105<x21>[B] (+0) -0.486928105<x22>[B] (+1) +0.486928105<x23>[B] (+0) -0.486928105<x24>[B] (+0) -0.486928105<x25>[B] (+0) -0.486928105<x26>[B] (+0) -0.486928105<x27>[B] (+0) -0.486928105<x28>[B] (+1) +0.486928105<x29>[B] (+0) -0.486928105<x30>[B] (+0) -0.486928105<x31>[B] (+0) -0.486928105<x32>[B] (+0) -0.486928105<x33>[B] (+0) -0.486928105<x34>[B] (+0) +0.486928105<x35>[B] (+0) -0.486928105<x36>[B] (+0) +0.486928105<x37>[B] (+1) +0.486928105<x38>[B] (+0) -0.486928105<x39>[B] (+0) +0.486928105<x40>[B] (+0) -0.486928105<x41>[B] (+0) -0.486928105<x42>[B] (+0) +0.486928105<x43>[B] (+1) +0.486928105<x44>[B] (+0) +0.486928105<x45>[B] (+0) +0.486928105<x46>[B] (+0) -0.486928105<x47>[B] (+0) -0.486928105<x48>[B] (+0) +0.486928105<x49>[B] (+1) -0.486928105<x50>[B] (+0) +0.486928105<x51>[B] (+1) +0.486928105<x52>[B] (+0) -0.486928105<x53>[B] (+1) +0.486928105<x54>[B] (+1) +0.486928105<x55>[B] (+1) -0.486928105<x56>[B] (+0) +0.486928105<x57>[B] (+1) +0.486928105<x58>[B] (+0) +0.486928105<x59>[B] (+1) +0.486928105<x60>[B] (+1) +0.486928105<x61>[B] (+1) -0.486928105<x62>[B] (+1) -0.486928105<x63>[B] (+0) -0.486928105<x64>[B] (+1) -0.486928105<x65>[B] (+0) -0.486928105<x66>[B] (+1) -0.486928105<x67>[B] (+1) -0.486928105<x68>[B] (+1) -0.486928105<x69>[B] (+0) -0.486928105<x70>[B] (+1) +0.486928105<x71>[B] (+0) -0.486928105<x72>[B] (+0) -0.486928105<x73>[B] (+1) -0.486928105<x74>[B] (+1) -0.486928105<x75>[B] (+0) +0.486928105<x76>[B] (+1) +0.486928105<x77>[B] (+0) -0.486928105<x78>[B] (+1) +0.486928105<x79>[B] (+1) +0.486928105<x80>[B] (+1) -0.486928105<x81>[B] (+0) +0.486928105<x82>[B] (+1) +0.486928105<x83>[B] (+0) +0.486928105<x84>[B] (+1) +0.486928105<x85>[B] (+1) +0.486928105<x86>[B] (+1) -0.486928105<x87>[B] (+1) +0.486928105<x88>[B] (+0) -0.486928105<x89>[B] (+0) -0.486928105<x90>[B] (+0) -0.486928105<x91>[B] (+0) -0.486928105<x92>[B] (+0) -0.486928105<x93>[B] (+1) +0.486928105<x94>[B] (+0) -0.486928105<x95>[B] (+0) -0.486928105<x96>[B] (+0) -0.486928105<x97>[B] (+0) -0.486928105<x98>[B] (+0) -0.486928105<x99>[B] (+1) -0.486928105<x100>[B] (+1) -0.486928105<x101>[B] (+1) -0.486928105<x102>[B] (+1) -0.486928105<x103>[B] (+1) +0.486928105<x104>[B] (+0) -0.486928105<x105>[B] (+1) -0.486928105<x106>[B] (+1) -0.486928105<x107>[B] (+1) -0.486928105<x108>[B] (+1) +0.486928105<x109>[B] (+1) +0.486928105<x110>[B] (+1) +0.486928105<x111>[B] (+0) +0.486928105<x112>[B] (+1) +0.486928105<x113>[B] (+0) +0.486928105<x114>[B] (+0) +0.486928105<x115>[B] (+1) +0.486928105<x116>[B] (+1) +0.486928105<x117>[B] (+0) -0.486928105<x118>[B] (+1) -0.486928105<x119>[B] (+0) -0.486928105<x120>[B] (+1) +0.486928105<x121>[B] (+0) -0.486928105<x122>[B] (+0) -0.486928105<x123>[B] (+1) -0.486928105<x124>[B] (+1) -0.486928105<x125>[B] (+0) -0.486928105<x126>[B] (+0) +0.486928105<x127>[B] (+1) +0.486928105<x128>[B] (+0) +0.486928105<x129>[B] (+0) +0.486928105<x130>[B] (+1) -0.486928105<x131>[B] (+1) -0.486928105<x132>[B] (+0) +0.486928105<x133>[B] (+1) +0.486928105<x134>[B] (+0) +0.486928105<x135>[B] (+1) +0.486928105<x136>[B] (+1) +0.486928105<x137>[B] (+1) -0.486928105<x138>[B] (+1) +0.486928105<x139>[B] (+0) -0.486928105<x140>[B] (+0) -0.486928105<x141>[B] (+0) -0.486928105<x142>[B] (+0) -0.486928105<x143>[B] (+0) -0.486928105<x144>[B] (+1) -0.486928105<x145>[B] (+1) -0.486928105<x146>[B] (+1) -0.486928105<x147>[B] (+1) +0.486928105<x148>[B] (+1) -0.486928105<x149>[B] (+1) -0.486928105<x150>[B] (+1) -0.486928105<x151>[B] (+1) -0.486928105<x152>[B] (+0) -0.486928105<x153>[B] (+0) >= 11.5653594771242;
;
violation: left hand side is violated by 0.594771241830067
  [linear] <c1709>: <x154>[C] (+19.5228758) +0.486928105<x1>[B] (+1) -0.486928105<x2>[B] (+1) -0.486928105<x3>[B] (+1) +0.486928105<x4>[B] (+1) -0.486928105<x5>[B] (+1) +0.486928105<x6>[B] (+1) +0.486928105<x7>[B] (+1) -0.486928105<x8>[B] (+1) +0.486928105<x9>[B] (+1) -0.486928105<x10>[B] (+1) -0.486928105<x11>[B] (+1) -0.486928105<x12>[B] (+1) +0.486928105<x13>[B] (+0) -0.486928105<x14>[B] (+1) -0.486928105<x15>[B] (+1) -0.486928105<x16>[B] (+1) -0.486928105<x17>[B] (+1) -0.486928105<x18>[B] (+1) -0.486928105<x19>[B] (+0) +0.486928105<x20>[B] (+0) -0.486928105<x21>[B] (+0) -0.486928105<x22>[B] (+1) +0.486928105<x23>[B] (+0) -0.486928105<x24>[B] (+0) -0.486928105<x25>[B] (+0) -0.486928105<x26>[B] (+1) -0.486928105<x27>[B] (+0) -0.486928105<x28>[B] (+1) +0.486928105<x29>[B] (+0) -0.486928105<x30>[B] (+0) -0.486928105<x31>[B] (+0) -0.486928105<x32>[B] (+0) -0.486928105<x33>[B] (+0) -0.486928105<x34>[B] (+0) +0.486928105<x35>[B] (+0) -0.486928105<x36>[B] (+0) +0.486928105<x37>[B] (+1) +0.486928105<x38>[B] (+0) -0.486928105<x39>[B] (+0) +0.486928105<x40>[B] (+0) -0.486928105<x41>[B] (+1) -0.486928105<x42>[B] (+0) +0.486928105<x43>[B] (+1) +0.486928105<x44>[B] (+0) +0.486928105<x45>[B] (+0) +0.486928105<x46>[B] (+0) -0.486928105<x47>[B] (+0) -0.486928105<x48>[B] (+0) +0.486928105<x49>[B] (+1) -0.486928105<x50>[B] (+0) +0.486928105<x51>[B] (+1) +0.486928105<x52>[B] (+0) -0.486928105<x53>[B] (+1) +0.486928105<x54>[B] (+1) +0.486928105<x55>[B] (+1) -0.486928105<x56>[B] (+0) +0.486928105<x57>[B] (+1) +0.486928105<x58>[B] (+0) +0.486928105<x59>[B] (+1) +0.486928105<x60>[B] (+1) +0.486928105<x61>[B] (+1) -0.486928105<x62>[B] (+1) -0.486928105<x63>[B] (+0) -0.486928105<x64>[B] (+1) -0.486928105<x65>[B] (+0) -0.486928105<x66>[B] (+1) -0.486928105<x67>[B] (+1) -0.486928105<x68>[B] (+1) -0.486928105<x69>[B] (+0) -0.486928105<x70>[B] (+1) +0.486928105<x71>[B] (+0) -0.486928105<x72>[B] (+0) -0.486928105<x73>[B] (+1) -0.486928105<x74>[B] (+1) -0.486928105<x75>[B] (+0) +0.486928105<x76>[B] (+1) +0.486928105<x77>[B] (+0) -0.486928105<x78>[B] (+1) +0.486928105<x79>[B] (+1) +0.486928105<x80>[B] (+1) -0.486928105<x81>[B] (+0) +0.486928105<x82>[B] (+1) +0.486928105<x83>[B] (+0) +0.486928105<x84>[B] (+1) +0.486928105<x85>[B] (+1) +0.486928105<x86>[B] (+1) -0.486928105<x87>[B] (+1) +0.486928105<x88>[B] (+0) -0.486928105<x89>[B] (+0) -0.486928105<x90>[B] (+0) -0.486928105<x91>[B] (+1) -0.486928105<x92>[B] (+0) -0.486928105<x93>[B] (+1) +0.486928105<x94>[B] (+0) -0.486928105<x95>[B] (+0) -0.486928105<x96>[B] (+0) -0.486928105<x97>[B] (+0) -0.486928105<x98>[B] (+0) -0.486928105<x99>[B] (+1) -0.486928105<x100>[B] (+1) -0.486928105<x101>[B] (+1) -0.486928105<x102>[B] (+1) -0.486928105<x103>[B] (+1) +0.486928105<x104>[B] (+0) -0.486928105<x105>[B] (+1) -0.486928105<x106>[B] (+1) -0.486928105<x107>[B] (+1) -0.486928105<x108>[B] (+1) +0.486928105<x109>[B] (+1) +0.486928105<x110>[B] (+1) +0.486928105<x111>[B] (+0) +0.486928105<x112>[B] (+1) +0.486928105<x113>[B] (+0) +0.486928105<x114>[B] (+0) +0.486928105<x115>[B] (+1) +0.486928105<x116>[B] (+1) +0.486928105<x117>[B] (+0) -0.486928105<x118>[B] (+1) -0.486928105<x119>[B] (+0) -0.486928105<x120>[B] (+1) +0.486928105<x121>[B] (+0) -0.486928105<x122>[B] (+0) -0.486928105<x123>[B] (+1) -0.486928105<x124>[B] (+1) -0.486928105<x125>[B] (+0) -0.486928105<x126>[B] (+0) +0.486928105<x127>[B] (+1) +0.486928105<x128>[B] (+0) +0.486928105<x129>[B] (+0) +0.486928105<x130>[B] (+0) -0.486928105<x131>[B] (+0) -0.486928105<x132>[B] (+0) +0.486928105<x133>[B] (+1) +0.486928105<x134>[B] (+0) +0.486928105<x135>[B] (+1) +0.486928105<x136>[B] (+1) +0.486928105<x137>[B] (+1) -0.486928105<x138>[B] (+1) +0.486928105<x139>[B] (+0) -0.486928105<x140>[B] (+0) -0.486928105<x141>[B] (+0) -0.486928105<x142>[B] (+0) -0.486928105<x143>[B] (+0) -0.486928105<x144>[B] (+1) -0.486928105<x145>[B] (+1) -0.486928105<x146>[B] (+1) -0.486928105<x147>[B] (+1) +0.486928105<x148>[B] (+1) -0.486928105<x149>[B] (+1) -0.486928105<x150>[B] (+1) -0.486928105<x151>[B] (+1) -0.486928105<x152>[B] (+0) -0.486928105<x153>[B] (+0) >= 11.5653594771242;
;
violation: left hand side is violated by 0.320261437908496
  [linear] <c1709>: <x154>[C] (+21.2581699) +0.486928105<x1>[B] (+1) -0.486928105<x2>[B] (+1) -0.486928105<x3>[B] (+1) +0.486928105<x4>[B] (+1) -0.486928105<x5>[B] (+1) +0.486928105<x6>[B] (+1) +0.486928105<x7>[B] (+1) -0.486928105<x8>[B] (+1) +0.486928105<x9>[B] (+1) -0.486928105<x10>[B] (+1) -0.486928105<x11>[B] (+1) -0.486928105<x12>[B] (+1) +0.486928105<x13>[B] (+0) -0.486928105<x14>[B] (+1) -0.486928105<x15>[B] (+1) -0.486928105<x16>[B] (+1) -0.486928105<x17>[B] (+1) -0.486928105<x18>[B] (+1) -0.486928105<x19>[B] (+0) +0.486928105<x20>[B] (+0) -0.486928105<x21>[B] (+0) -0.486928105<x22>[B] (+1) +0.486928105<x23>[B] (+0) -0.486928105<x24>[B] (+0) -0.486928105<x25>[B] (+1) -0.486928105<x26>[B] (+1) -0.486928105<x27>[B] (+0) -0.486928105<x28>[B] (+1) +0.486928105<x29>[B] (+0) -0.486928105<x30>[B] (+0) -0.486928105<x31>[B] (+1) -0.486928105<x32>[B] (+1) -0.486928105<x33>[B] (+0) -0.486928105<x34>[B] (+0) +0.486928105<x35>[B] (+0) -0.486928105<x36>[B] (+0) +0.486928105<x37>[B] (+1) +0.486928105<x38>[B] (+0) -0.486928105<x39>[B] (+0) +0.486928105<x40>[B] (+0) -0.486928105<x41>[B] (+1) -0.486928105<x42>[B] (+0) +0.486928105<x43>[B] (+1) +0.486928105<x44>[B] (+0) +0.486928105<x45>[B] (+0) +0.486928105<x46>[B] (+0) -0.486928105<x47>[B] (+0) -0.486928105<x48>[B] (+0) +0.486928105<x49>[B] (+1) -0.486928105<x50>[B] (+0) +0.486928105<x51>[B] (+1) +0.486928105<x52>[B] (+0) -0.486928105<x53>[B] (+1) +0.486928105<x54>[B] (+1) +0.486928105<x55>[B] (+1) -0.486928105<x56>[B] (+0) +0.486928105<x57>[B] (+1) +0.486928105<x58>[B] (+0) +0.486928105<x59>[B] (+1) +0.486928105<x60>[B] (+1) +0.486928105<x61>[B] (+1) -0.486928105<x62>[B] (+1) -0.486928105<x63>[B] (+0) -0.486928105<x64>[B] (+1) -0.486928105<x65>[B] (+0) -0.486928105<x66>[B] (+1) -0.486928105<x67>[B] (+1) -0.486928105<x68>[B] (+1) -0.486928105<x69>[B] (+0) -0.486928105<x70>[B] (+1) +0.486928105<x71>[B] (+0) -0.486928105<x72>[B] (+0) -0.486928105<x73>[B] (+1) -0.486928105<x74>[B] (+1) -0.486928105<x75>[B] (+0) +0.486928105<x76>[B] (+1) +0.486928105<x77>[B] (+0) -0.486928105<x78>[B] (+1) +0.486928105<x79>[B] (+1) +0.486928105<x80>[B] (+1) -0.486928105<x81>[B] (+0) +0.486928105<x82>[B] (+1) +0.486928105<x83>[B] (+0) +0.486928105<x84>[B] (+1) +0.486928105<x85>[B] (+1) +0.486928105<x86>[B] (+1) -0.486928105<x87>[B] (+1) +0.486928105<x88>[B] (+0) -0.486928105<x89>[B] (+0) -0.486928105<x90>[B] (+0) -0.486928105<x91>[B] (+1) -0.486928105<x92>[B] (+0) -0.486928105<x93>[B] (+1) +0.486928105<x94>[B] (+0) -0.486928105<x95>[B] (+0) -0.486928105<x96>[B] (+0) -0.486928105<x97>[B] (+0) -0.486928105<x98>[B] (+0) -0.486928105<x99>[B] (+1) -0.486928105<x100>[B] (+1) -0.486928105<x101>[B] (+1) -0.486928105<x102>[B] (+1) -0.486928105<x103>[B] (+1) +0.486928105<x104>[B] (+0) -0.486928105<x105>[B] (+1) -0.486928105<x106>[B] (+1) -0.486928105<x107>[B] (+1) -0.486928105<x108>[B] (+1) +0.486928105<x109>[B] (+1) +0.486928105<x110>[B] (+1) +0.486928105<x111>[B] (+0) +0.486928105<x112>[B] (+1) +0.486928105<x113>[B] (+0) +0.486928105<x114>[B] (+0) +0.486928105<x115>[B] (+1) +0.486928105<x116>[B] (+1) +0.486928105<x117>[B] (+0) -0.486928105<x118>[B] (+1) -0.486928105<x119>[B] (+0) -0.486928105<x120>[B] (+1) +0.486928105<x121>[B] (+0) -0.486928105<x122>[B] (+0) -0.486928105<x123>[B] (+1) -0.486928105<x124>[B] (+1) -0.486928105<x125>[B] (+0) -0.486928105<x126>[B] (+0) +0.486928105<x127>[B] (+1) +0.486928105<x128>[B] (+0) +0.486928105<x129>[B] (+0) +0.486928105<x130>[B] (+0) -0.486928105<x131>[B] (+0) -0.486928105<x132>[B] (+0) +0.486928105<x133>[B] (+1) +0.486928105<x134>[B] (+0) +0.486928105<x135>[B] (+1) +0.486928105<x136>[B] (+1) +0.486928105<x137>[B] (+1) -0.486928105<x138>[B] (+1) +0.486928105<x139>[B] (+0) -0.486928105<x140>[B] (+0) -0.486928105<x141>[B] (+0) -0.486928105<x142>[B] (+0) -0.486928105<x143>[B] (+0) -0.486928105<x144>[B] (+1) -0.486928105<x145>[B] (+1) -0.486928105<x146>[B] (+1) -0.486928105<x147>[B] (+1) +0.486928105<x148>[B] (+1) -0.486928105<x149>[B] (+1) -0.486928105<x150>[B] (+1) -0.486928105<x151>[B] (+1) -0.486928105<x152>[B] (+0) -0.486928105<x153>[B] (+0) >= 11.5653594771242;
;
violation: left hand side is violated by 0.0457516339869279
  [linear] <c1709>: <x154>[C] (+19.5228758) +0.486928105<x1>[B] (+1) -0.486928105<x2>[B] (+1) -0.486928105<x3>[B] (+1) +0.486928105<x4>[B] (+1) -0.486928105<x5>[B] (+1) +0.486928105<x6>[B] (+1) +0.486928105<x7>[B] (+1) -0.486928105<x8>[B] (+1) +0.486928105<x9>[B] (+1) -0.486928105<x10>[B] (+1) -0.486928105<x11>[B] (+1) -0.486928105<x12>[B] (+1) +0.486928105<x13>[B] (+0) -0.486928105<x14>[B] (+1) -0.486928105<x15>[B] (+1) -0.486928105<x16>[B] (+1) -0.486928105<x17>[B] (+1) -0.486928105<x18>[B] (+1) -0.486928105<x19>[B] (+0) +0.486928105<x20>[B] (+0) -0.486928105<x21>[B] (+0) -0.486928105<x22>[B] (+1) +0.486928105<x23>[B] (+0) -0.486928105<x24>[B] (+0) -0.486928105<x25>[B] (+0) -0.486928105<x26>[B] (+0) -0.486928105<x27>[B] (+0) -0.486928105<x28>[B] (+1) +0.486928105<x29>[B] (+0) -0.486928105<x30>[B] (+0) -0.486928105<x31>[B] (+0) -0.486928105<x32>[B] (+1) -0.486928105<x33>[B] (+0) -0.486928105<x34>[B] (+0) +0.486928105<x35>[B] (+0) -0.486928105<x36>[B] (+0) +0.486928105<x37>[B] (+1) +0.486928105<x38>[B] (+0) -0.486928105<x39>[B] (+0) +0.486928105<x40>[B] (+0) -0.486928105<x41>[B] (+0) -0.486928105<x42>[B] (+0) +0.486928105<x43>[B] (+1) +0.486928105<x44>[B] (+0) +0.486928105<x45>[B] (+0) +0.486928105<x46>[B] (+0) -0.486928105<x47>[B] (+0) -0.486928105<x48>[B] (+0) +0.486928105<x49>[B] (+1) -0.486928105<x50>[B] (+0) +0.486928105<x51>[B] (+1) +0.486928105<x52>[B] (+0) -0.486928105<x53>[B] (+1) +0.486928105<x54>[B] (+1) +0.486928105<x55>[B] (+1) -0.486928105<x56>[B] (+0) +0.486928105<x57>[B] (+1) +0.486928105<x58>[B] (+0) +0.486928105<x59>[B] (+1) +0.486928105<x60>[B] (+1) +0.486928105<x61>[B] (+1) -0.486928105<x62>[B] (+1) -0.486928105<x63>[B] (+0) -0.486928105<x64>[B] (+1) -0.486928105<x65>[B] (+0) -0.486928105<x66>[B] (+1) -0.486928105<x67>[B] (+1) -0.486928105<x68>[B] (+1) -0.486928105<x69>[B] (+0) -0.486928105<x70>[B] (+1) +0.486928105<x71>[B] (+0) -0.486928105<x72>[B] (+0) -0.486928105<x73>[B] (+1) -0.486928105<x74>[B] (+1) -0.486928105<x75>[B] (+1) +0.486928105<x76>[B] (+1) +0.486928105<x77>[B] (+0) -0.486928105<x78>[B] (+1) +0.486928105<x79>[B] (+1) +0.486928105<x80>[B] (+1) -0.486928105<x81>[B] (+0) +0.486928105<x82>[B] (+1) +0.486928105<x83>[B] (+0) +0.486928105<x84>[B] (+1) +0.486928105<x85>[B] (+1) +0.486928105<x86>[B] (+1) -0.486928105<x87>[B] (+1) +0.486928105<x88>[B] (+0) -0.486928105<x89>[B] (+0) -0.486928105<x90>[B] (+0) -0.486928105<x91>[B] (+0) -0.486928105<x92>[B] (+0) -0.486928105<x93>[B] (+1) +0.486928105<x94>[B] (+0) -0.486928105<x95>[B] (+0) -0.486928105<x96>[B] (+0) -0.486928105<x97>[B] (+0) -0.486928105<x98>[B] (+0) -0.486928105<x99>[B] (+1) -0.486928105<x100>[B] (+1) -0.486928105<x101>[B] (+1) -0.486928105<x102>[B] (+1) -0.486928105<x103>[B] (+1) +0.486928105<x104>[B] (+0) -0.486928105<x105>[B] (+1) -0.486928105<x106>[B] (+1) -0.486928105<x107>[B] (+1) -0.486928105<x108>[B] (+1) +0.486928105<x109>[B] (+1) +0.486928105<x110>[B] (+1) +0.486928105<x111>[B] (+0) +0.486928105<x112>[B] (+1) +0.486928105<x113>[B] (+0) +0.486928105<x114>[B] (+0) +0.486928105<x115>[B] (+1) +0.486928105<x116>[B] (+1) +0.486928105<x117>[B] (+0) -0.486928105<x118>[B] (+1) -0.486928105<x119>[B] (+0) -0.486928105<x120>[B] (+1) +0.486928105<x121>[B] (+0) -0.486928105<x122>[B] (+0) -0.486928105<x123>[B] (+1) -0.486928105<x124>[B] (+1) -0.486928105<x125>[B] (+0) -0.486928105<x126>[B] (+0) +0.486928105<x127>[B] (+1) +0.486928105<x128>[B] (+0) +0.486928105<x129>[B] (+0) +0.486928105<x130>[B] (+0) -0.486928105<x131>[B] (+1) -0.486928105<x132>[B] (+0) +0.486928105<x133>[B] (+1) +0.486928105<x134>[B] (+0) +0.486928105<x135>[B] (+1) +0.486928105<x136>[B] (+1) +0.486928105<x137>[B] (+1) -0.486928105<x138>[B] (+1) +0.486928105<x139>[B] (+0) -0.486928105<x140>[B] (+0) -0.486928105<x141>[B] (+0) -0.486928105<x142>[B] (+0) -0.486928105<x143>[B] (+0) -0.486928105<x144>[B] (+1) -0.486928105<x145>[B] (+1) -0.486928105<x146>[B] (+1) -0.486928105<x147>[B] (+1) +0.486928105<x148>[B] (+1) -0.486928105<x149>[B] (+1) -0.486928105<x150>[B] (+1) -0.486928105<x151>[B] (+1) -0.486928105<x152>[B] (+0) -0.486928105<x153>[B] (+0) >= 11.5653594771242;
;
violation: left hand side is violated by 0.320261437908492
  [linear] <c1709>: <x154>[C] (+18.9444444) +0.486928105<x1>[B] (+1) -0.486928105<x2>[B] (+1) -0.486928105<x3>[B] (+1) +0.486928105<x4>[B] (+1) -0.486928105<x5>[B] (+1) +0.486928105<x6>[B] (+1) +0.486928105<x7>[B] (+1) -0.486928105<x8>[B] (+1) +0.486928105<x9>[B] (+1) -0.486928105<x10>[B] (+1) -0.486928105<x11>[B] (+1) -0.486928105<x12>[B] (+1) +0.486928105<x13>[B] (+0) -0.486928105<x14>[B] (+1) -0.486928105<x15>[B] (+1) -0.486928105<x16>[B] (+1) -0.486928105<x17>[B] (+1) -0.486928105<x18>[B] (+1) -0.486928105<x19>[B] (+0) +0.486928105<x20>[B] (+0) -0.486928105<x21>[B] (+0) -0.486928105<x22>[B] (+1) +0.486928105<x23>[B] (+0) -0.486928105<x24>[B] (+0) -0.486928105<x25>[B] (+0) -0.486928105<x26>[B] (+0) -0.486928105<x27>[B] (+0) -0.486928105<x28>[B] (+1) +0.486928105<x29>[B] (+0) -0.486928105<x30>[B] (+0) -0.486928105<x31>[B] (+0) -0.486928105<x32>[B] (+1) -0.486928105<x33>[B] (+0) -0.486928105<x34>[B] (+0) +0.486928105<x35>[B] (+0) -0.486928105<x36>[B] (+0) +0.486928105<x37>[B] (+1) +0.486928105<x38>[B] (+0) -0.486928105<x39>[B] (+0) +0.486928105<x40>[B] (+0) -0.486928105<x41>[B] (+0) -0.486928105<x42>[B] (+0) +0.486928105<x43>[B] (+1) +0.486928105<x44>[B] (+0) +0.486928105<x45>[B] (+0) +0.486928105<x46>[B] (+0) -0.486928105<x47>[B] (+0) -0.486928105<x48>[B] (+0) +0.486928105<x49>[B] (+1) -0.486928105<x50>[B] (+0) +0.486928105<x51>[B] (+1) +0.486928105<x52>[B] (+0) -0.486928105<x53>[B] (+1) +0.486928105<x54>[B] (+1) +0.486928105<x55>[B] (+1) -0.486928105<x56>[B] (+0) +0.486928105<x57>[B] (+1) +0.486928105<x58>[B] (+0) +0.486928105<x59>[B] (+1) +0.486928105<x60>[B] (+1) +0.486928105<x61>[B] (+1) -0.486928105<x62>[B] (+1) -0.486928105<x63>[B] (+0) -0.486928105<x64>[B] (+1) -0.486928105<x65>[B] (+0) -0.486928105<x66>[B] (+1) -0.486928105<x67>[B] (+1) -0.486928105<x68>[B] (+1) -0.486928105<x69>[B] (+0) -0.486928105<x70>[B] (+1) +0.486928105<x71>[B] (+0) -0.486928105<x72>[B] (+0) -0.486928105<x73>[B] (+1) -0.486928105<x74>[B] (+1) -0.486928105<x75>[B] (+1) +0.486928105<x76>[B] (+1) +0.486928105<x77>[B] (+0) -0.486928105<x78>[B] (+1) +0.486928105<x79>[B] (+1) +0.486928105<x80>[B] (+1) -0.486928105<x81>[B] (+0) +0.486928105<x82>[B] (+1) +0.486928105<x83>[B] (+0) +0.486928105<x84>[B] (+1) +0.486928105<x85>[B] (+1) +0.486928105<x86>[B] (+1) -0.486928105<x87>[B] (+1) +0.486928105<x88>[B] (+0) -0.486928105<x89>[B] (+0) -0.486928105<x90>[B] (+0) -0.486928105<x91>[B] (+0) -0.486928105<x92>[B] (+0) -0.486928105<x93>[B] (+1) +0.486928105<x94>[B] (+0) -0.486928105<x95>[B] (+0) -0.486928105<x96>[B] (+0) -0.486928105<x97>[B] (+0) -0.486928105<x98>[B] (+0) -0.486928105<x99>[B] (+1) -0.486928105<x100>[B] (+1) -0.486928105<x101>[B] (+1) -0.486928105<x102>[B] (+1) -0.486928105<x103>[B] (+1) +0.486928105<x104>[B] (+0) -0.486928105<x105>[B] (+1) -0.486928105<x106>[B] (+1) -0.486928105<x107>[B] (+1) -0.486928105<x108>[B] (+1) +0.486928105<x109>[B] (+1) +0.486928105<x110>[B] (+1) +0.486928105<x111>[B] (+0) +0.486928105<x112>[B] (+1) +0.486928105<x113>[B] (+0) +0.486928105<x114>[B] (+0) +0.486928105<x115>[B] (+1) +0.486928105<x116>[B] (+1) +0.486928105<x117>[B] (+0) -0.486928105<x118>[B] (+1) -0.486928105<x119>[B] (+0) -0.486928105<x120>[B] (+1) +0.486928105<x121>[B] (+0) -0.486928105<x122>[B] (+0) -0.486928105<x123>[B] (+1) -0.486928105<x124>[B] (+1) -0.486928105<x125>[B] (+0) -0.486928105<x126>[B] (+0) +0.486928105<x127>[B] (+1) +0.486928105<x128>[B] (+0) +0.486928105<x129>[B] (+0) +0.486928105<x130>[B] (+1) -0.486928105<x131>[B] (+1) -0.486928105<x132>[B] (+0) +0.486928105<x133>[B] (+1) +0.486928105<x134>[B] (+0) +0.486928105<x135>[B] (+1) +0.486928105<x136>[B] (+1) +0.486928105<x137>[B] (+1) -0.486928105<x138>[B] (+1) +0.486928105<x139>[B] (+0) -0.486928105<x140>[B] (+0) -0.486928105<x141>[B] (+0) -0.486928105<x142>[B] (+0) -0.486928105<x143>[B] (+0) -0.486928105<x144>[B] (+1) -0.486928105<x145>[B] (+1) -0.486928105<x146>[B] (+1) -0.486928105<x147>[B] (+1) +0.486928105<x148>[B] (+1) -0.486928105<x149>[B] (+1) -0.486928105<x150>[B] (+1) -0.486928105<x151>[B] (+1) -0.486928105<x152>[B] (+0) -0.486928105<x153>[B] (+0) >= 11.5653594771242;
;
violation: left hand side is violated by 0.411764705882351
  [linear] <c1710>: <x155>[C] (+18.3169935) +0.467320261<x1>[B] (+1) +0.467320261<x2>[B] (+1) +0.467320261<x3>[B] (+1) -0.467320261<x4>[B] (+1) +0.467320261<x5>[B] (+1) +0.467320261<x6>[B] (+1) +0.467320261<x7>[B] (+0) +0.467320261<x8>[B] (+1) +0.467320261<x9>[B] (+1) +0.467320261<x10>[B] (+1) +0.467320261<x11>[B] (+1) +0.467320261<x12>[B] (+1) +0.467320261<x13>[B] (+0) +0.467320261<x14>[B] (+1) +0.467320261<x15>[B] (+1) +0.467320261<x16>[B] (+1) +0.467320261<x17>[B] (+1) +0.467320261<x18>[B] (+1) -0.467320261<x19>[B] (+1) -0.467320261<x20>[B] (+0) +0.467320261<x21>[B] (+1) -0.467320261<x22>[B] (+1) +0.467320261<x23>[B] (+0) +0.467320261<x24>[B] (+0) -0.467320261<x25>[B] (+1) -0.467320261<x26>[B] (+1) -0.467320261<x27>[B] (+0) -0.467320261<x28>[B] (+1) +0.467320261<x29>[B] (+0) +0.467320261<x30>[B] (+0) -0.467320261<x31>[B] (+1) +0.467320261<x32>[B] (+1) -0.467320261<x33>[B] (+0) -0.467320261<x34>[B] (+0) -0.467320261<x35>[B] (+0) -0.467320261<x36>[B] (+1) -0.467320261<x37>[B] (+0) +0.467320261<x38>[B] (+0) -0.467320261<x39>[B] (+0) -0.467320261<x40>[B] (+0) -0.467320261<x41>[B] (+1) -0.467320261<x42>[B] (+0) -0.467320261<x43>[B] (+1) -0.467320261<x44>[B] (+0) -0.467320261<x45>[B] (+0) -0.467320261<x46>[B] (+0) -0.467320261<x47>[B] (+0) -0.467320261<x48>[B] (+0) -0.467320261<x49>[B] (+0) +0.467320261<x50>[B] (+1) +0.467320261<x51>[B] (+1) +0.467320261<x52>[B] (+0) +0.467320261<x53>[B] (+0) +0.467320261<x54>[B] (+1) +0.467320261<x55>[B] (+1) +0.467320261<x56>[B] (+0) +0.467320261<x57>[B] (+1) +0.467320261<x58>[B] (+0) +0.467320261<x59>[B] (+0) +0.467320261<x60>[B] (+0) +0.467320261<x61>[B] (+1) +0.467320261<x62>[B] (+0) +0.467320261<x63>[B] (+1) +0.467320261<x64>[B] (+1) +0.467320261<x65>[B] (+0) +0.467320261<x66>[B] (+1) +0.467320261<x67>[B] (+1) +0.467320261<x68>[B] (+1) +0.467320261<x69>[B] (+0) +0.467320261<x70>[B] (+1) +0.467320261<x71>[B] (+0) +0.467320261<x72>[B] (+0) +0.467320261<x73>[B] (+1) +0.467320261<x74>[B] (+1) +0.467320261<x75>[B] (+1) -0.467320261<x76>[B] (+0) +0.467320261<x77>[B] (+0) -0.467320261<x78>[B] (+0) -0.467320261<x79>[B] (+0) -0.467320261<x80>[B] (+1) -0.467320261<x81>[B] (+0) -0.467320261<x82>[B] (+1) -0.467320261<x83>[B] (+0) -0.467320261<x84>[B] (+0) -0.467320261<x85>[B] (+0) +0.467320261<x86>[B] (+0) -0.467320261<x87>[B] (+0) +0.467320261<x88>[B] (+0) +0.467320261<x89>[B] (+0) -0.467320261<x90>[B] (+1) -0.467320261<x91>[B] (+1) -0.467320261<x92>[B] (+0) +0.467320261<x93>[B] (+1) +0.467320261<x94>[B] (+0) +0.467320261<x95>[B] (+0) -0.467320261<x96>[B] (+0) +0.467320261<x97>[B] (+1) +0.467320261<x98>[B] (+0) -0.467320261<x99>[B] (+1) -0.467320261<x100>[B] (+1) -0.467320261<x101>[B] (+1) -0.467320261<x102>[B] (+1) -0.467320261<x103>[B] (+1) -0.467320261<x104>[B] (+0) -0.467320261<x105>[B] (+1) -0.467320261<x106>[B] (+1) -0.467320261<x107>[B] (+1) -0.467320261<x108>[B] (+1) -0.467320261<x109>[B] (+1) -0.467320261<x110>[B] (+1) -0.467320261<x111>[B] (+0) -0.467320261<x112>[B] (+1) +0.467320261<x113>[B] (+0) -0.467320261<x114>[B] (+0) -0.467320261<x115>[B] (+1) +0.467320261<x116>[B] (+1) -0.467320261<x117>[B] (+0) -0.467320261<x118>[B] (+1) -0.467320261<x119>[B] (+0) +0.467320261<x120>[B] (+1) +0.467320261<x121>[B] (+0) +0.467320261<x122>[B] (+0) +0.467320261<x123>[B] (+0) +0.467320261<x124>[B] (+1) +0.467320261<x125>[B] (+0) +0.467320261<x126>[B] (+0) +0.467320261<x127>[B] (+1) +0.467320261<x128>[B] (+0) +0.467320261<x129>[B] (+0) +0.467320261<x130>[B] (+0) +0.467320261<x131>[B] (+0) +0.467320261<x132>[B] (+0) +0.467320261<x133>[B] (+1) +0.467320261<x134>[B] (+0) +0.467320261<x135>[B] (+1) +0.467320261<x136>[B] (+1) +0.467320261<x137>[B] (+1) +0.467320261<x138>[B] (+1) +0.467320261<x139>[B] (+0) +0.467320261<x140>[B] (+0) -0.467320261<x141>[B] (+0) +0.467320261<x142>[B] (+0) +0.467320261<x143>[B] (+0) -0.467320261<x144>[B] (+1) -0.467320261<x145>[B] (+1) +0.467320261<x146>[B] (+1) -0.467320261<x147>[B] (+1) -0.467320261<x148>[B] (+1) +0.467320261<x149>[B] (+1) -0.467320261<x150>[B] (+1) +0.467320261<x151>[B] (+1) +0.467320261<x152>[B] (+0) -0.467320261<x153>[B] (+0) >= 24.4183006535948;
;
violation: left hand side is violated by 0.0261437908496767
  [linear] <c1710>: <x155>[C] (+18.7777778) +0.467320261<x1>[B] (+1) +0.467320261<x2>[B] (+1) +0.467320261<x3>[B] (+1) -0.467320261<x4>[B] (+1) +0.467320261<x5>[B] (+1) +0.467320261<x6>[B] (+1) +0.467320261<x7>[B] (+1) +0.467320261<x8>[B] (+1) +0.467320261<x9>[B] (+1) +0.467320261<x10>[B] (+1) +0.467320261<x11>[B] (+1) +0.467320261<x12>[B] (+1) +0.467320261<x13>[B] (+0) +0.467320261<x14>[B] (+1) +0.467320261<x15>[B] (+1) +0.467320261<x16>[B] (+1) +0.467320261<x17>[B] (+1) +0.467320261<x18>[B] (+1) -0.467320261<x19>[B] (+1) -0.467320261<x20>[B] (+0) +0.467320261<x21>[B] (+0) -0.467320261<x22>[B] (+1) +0.467320261<x23>[B] (+0) +0.467320261<x24>[B] (+0) -0.467320261<x25>[B] (+1) -0.467320261<x26>[B] (+1) -0.467320261<x27>[B] (+0) -0.467320261<x28>[B] (+1) +0.467320261<x29>[B] (+0) +0.467320261<x30>[B] (+0) -0.467320261<x31>[B] (+1) +0.467320261<x32>[B] (+1) -0.467320261<x33>[B] (+1) -0.467320261<x34>[B] (+0) -0.467320261<x35>[B] (+0) -0.467320261<x36>[B] (+0) -0.467320261<x37>[B] (+0) +0.467320261<x38>[B] (+0) -0.467320261<x39>[B] (+0) -0.467320261<x40>[B] (+0) -0.467320261<x41>[B] (+1) -0.467320261<x42>[B] (+0) -0.467320261<x43>[B] (+1) -0.467320261<x44>[B] (+0) -0.467320261<x45>[B] (+0) -0.467320261<x46>[B] (+0) -0.467320261<x47>[B] (+0) -0.467320261<x48>[B] (+0) -0.467320261<x49>[B] (+0) +0.467320261<x50>[B] (+0) +0.467320261<x51>[B] (+1) +0.467320261<x52>[B] (+0) +0.467320261<x53>[B] (+0) +0.467320261<x54>[B] (+1) +0.467320261<x55>[B] (+1) +0.467320261<x56>[B] (+0) +0.467320261<x57>[B] (+1) +0.467320261<x58>[B] (+0) +0.467320261<x59>[B] (+0) +0.467320261<x60>[B] (+1) +0.467320261<x61>[B] (+1) +0.467320261<x62>[B] (+1) +0.467320261<x63>[B] (+1) +0.467320261<x64>[B] (+1) +0.467320261<x65>[B] (+0) +0.467320261<x66>[B] (+1) +0.467320261<x67>[B] (+1) +0.467320261<x68>[B] (+1) +0.467320261<x69>[B] (+0) +0.467320261<x70>[B] (+1) +0.467320261<x71>[B] (+0) +0.467320261<x72>[B] (+0) +0.467320261<x73>[B] (+1) +0.467320261<x74>[B] (+1) +0.467320261<x75>[B] (+1) -0.467320261<x76>[B] (+1) +0.467320261<x77>[B] (+0) -0.467320261<x78>[B] (+1) -0.467320261<x79>[B] (+1) -0.467320261<x80>[B] (+1) -0.467320261<x81>[B] (+0) -0.467320261<x82>[B] (+1) -0.467320261<x83>[B] (+0) -0.467320261<x84>[B] (+0) -0.467320261<x85>[B] (+1) +0.467320261<x86>[B] (+1) -0.467320261<x87>[B] (+1) +0.467320261<x88>[B] (+0) +0.467320261<x89>[B] (+0) -0.467320261<x90>[B] (+0) -0.467320261<x91>[B] (+1) -0.467320261<x92>[B] (+0) +0.467320261<x93>[B] (+1) +0.467320261<x94>[B] (+0) +0.467320261<x95>[B] (+0) -0.467320261<x96>[B] (+1) +0.467320261<x97>[B] (+1) +0.467320261<x98>[B] (+1) -0.467320261<x99>[B] (+1) -0.467320261<x100>[B] (+1) -0.467320261<x101>[B] (+1) -0.467320261<x102>[B] (+1) -0.467320261<x103>[B] (+1) -0.467320261<x104>[B] (+0) -0.467320261<x105>[B] (+1) -0.467320261<x106>[B] (+1) -0.467320261<x107>[B] (+1) -0.467320261<x108>[B] (+1) -0.467320261<x109>[B] (+1) -0.467320261<x110>[B] (+1) -0.467320261<x111>[B] (+0) -0.467320261<x112>[B] (+1) +0.467320261<x113>[B] (+0) -0.467320261<x114>[B] (+0) -0.467320261<x115>[B] (+1) +0.467320261<x116>[B] (+1) -0.467320261<x117>[B] (+1) -0.467320261<x118>[B] (+1) -0.467320261<x119>[B] (+0) +0.467320261<x120>[B] (+1) +0.467320261<x121>[B] (+0) +0.467320261<x122>[B] (+0) +0.467320261<x123>[B] (+1) +0.467320261<x124>[B] (+1) +0.467320261<x125>[B] (+1) +0.467320261<x126>[B] (+0) +0.467320261<x127>[B] (+1) +0.467320261<x128>[B] (+0) +0.467320261<x129>[B] (+0) +0.467320261<x130>[B] (+0) +0.467320261<x131>[B] (+0) +0.467320261<x132>[B] (+0) +0.467320261<x133>[B] (+1) +0.467320261<x134>[B] (+0) +0.467320261<x135>[B] (+1) +0.467320261<x136>[B] (+1) +0.467320261<x137>[B] (+1) +0.467320261<x138>[B] (+1) +0.467320261<x139>[B] (+0) +0.467320261<x140>[B] (+0) -0.467320261<x141>[B] (+0) +0.467320261<x142>[B] (+0) +0.467320261<x143>[B] (+0) -0.467320261<x144>[B] (+1) -0.467320261<x145>[B] (+1) +0.467320261<x146>[B] (+1) -0.467320261<x147>[B] (+1) -0.467320261<x148>[B] (+1) +0.467320261<x149>[B] (+1) -0.467320261<x150>[B] (+1) +0.467320261<x151>[B] (+1) +0.467320261<x152>[B] (+0) -0.467320261<x153>[B] (+0) >= 24.4183006535948;
;
violation: left hand side is violated by 0.0326797385620878
  [linear] <c1711>: <x156>[C] (+17.6601307) +0.480392157<x1>[B] (+1) +0.480392157<x2>[B] (+1) +0.480392157<x3>[B] (+1) +0.480392157<x4>[B] (+1) +0.480392157<x5>[B] (+1) +0.480392157<x6>[B] (+1) -0.480392157<x7>[B] (+1) -0.480392157<x8>[B] (+1) +0.480392157<x9>[B] (+1) -0.480392157<x10>[B] (+1) +0.480392157<x11>[B] (+1) +0.480392157<x12>[B] (+1) +0.480392157<x13>[B] (+0) +0.480392157<x14>[B] (+1) -0.480392157<x15>[B] (+1) +0.480392157<x16>[B] (+1) -0.480392157<x17>[B] (+1) +0.480392157<x18>[B] (+1) +0.480392157<x19>[B] (+0) +0.480392157<x20>[B] (+0) +0.480392157<x21>[B] (+0) +0.480392157<x22>[B] (+1) -0.480392157<x23>[B] (+0) -0.480392157<x24>[B] (+0) +0.480392157<x25>[B] (+1) -0.480392157<x26>[B] (+1) +0.480392157<x27>[B] (+0) +0.480392157<x28>[B] (+1) +0.480392157<x29>[B] (+0) -0.480392157<x30>[B] (+0) -0.480392157<x31>[B] (+1) +0.480392157<x32>[B] (+1) -0.480392157<x33>[B] (+0) -0.480392157<x34>[B] (+0) -0.480392157<x35>[B] (+0) +0.480392157<x36>[B] (+0) -0.480392157<x37>[B] (+0) -0.480392157<x38>[B] (+0) -0.480392157<x39>[B] (+0) -0.480392157<x40>[B] (+0) -0.480392157<x41>[B] (+1) +0.480392157<x42>[B] (+0) -0.480392157<x43>[B] (+1) -0.480392157<x44>[B] (+0) -0.480392157<x45>[B] (+0) -0.480392157<x46>[B] (+0) +0.480392157<x47>[B] (+0) -0.480392157<x48>[B] (+0) +0.480392157<x49>[B] (+1) +0.480392157<x50>[B] (+0) +0.480392157<x51>[B] (+1) -0.480392157<x52>[B] (+0) -0.480392157<x53>[B] (+1) -0.480392157<x54>[B] (+1) -0.480392157<x55>[B] (+1) +0.480392157<x56>[B] (+0) +0.480392157<x57>[B] (+1) +0.480392157<x58>[B] (+0) -0.480392157<x59>[B] (+0) -0.480392157<x60>[B] (+1) +0.480392157<x61>[B] (+1) -0.480392157<x62>[B] (+1) +0.480392157<x63>[B] (+0) +0.480392157<x64>[B] (+1) -0.480392157<x65>[B] (+0) -0.480392157<x66>[B] (+1) -0.480392157<x67>[B] (+1) -0.480392157<x68>[B] (+1) +0.480392157<x69>[B] (+0) +0.480392157<x70>[B] (+1) -0.480392157<x71>[B] (+0) -0.480392157<x72>[B] (+0) -0.480392157<x73>[B] (+1) +0.480392157<x74>[B] (+1) -0.480392157<x75>[B] (+1) -0.480392157<x76>[B] (+1) -0.480392157<x77>[B] (+0) -0.480392157<x78>[B] (+1) -0.480392157<x79>[B] (+1) -0.480392157<x80>[B] (+1) +0.480392157<x81>[B] (+0) -0.480392157<x82>[B] (+1) -0.480392157<x83>[B] (+0) -0.480392157<x84>[B] (+0) -0.480392157<x85>[B] (+1) +0.480392157<x86>[B] (+1) -0.480392157<x87>[B] (+1) -0.480392157<x88>[B] (+0) -0.480392157<x89>[B] (+0) -0.480392157<x90>[B] (+0) -0.480392157<x91>[B] (+1) +0.480392157<x92>[B] (+0) -0.480392157<x93>[B] (+1) -0.480392157<x94>[B] (+0) -0.480392157<x95>[B] (+0) -0.480392157<x96>[B] (+0) +0.480392157<x97>[B] (+0) -0.480392157<x98>[B] (+0) -0.480392157<x99>[B] (+1) +0.480392157<x100>[B] (+1) -0.480392157<x101>[B] (+1) +0.480392157<x102>[B] (+1) +0.480392157<x103>[B] (+1) +0.480392157<x104>[B] (+0) +0.480392157<x105>[B] (+1) -0.480392157<x106>[B] (+1) +0.480392157<x107>[B] (+1) +0.480392157<x108>[B] (+1) +0.480392157<x109>[B] (+1) +0.480392157<x110>[B] (+1) +0.480392157<x111>[B] (+0) +0.480392157<x112>[B] (+1) +0.480392157<x113>[B] (+0) +0.480392157<x114>[B] (+0) -0.480392157<x115>[B] (+1) +0.480392157<x116>[B] (+1) +0.480392157<x117>[B] (+0) -0.480392157<x118>[B] (+1) +0.480392157<x119>[B] (+0) +0.480392157<x120>[B] (+1) +0.480392157<x121>[B] (+0) -0.480392157<x122>[B] (+0) -0.480392157<x123>[B] (+1) +0.480392157<x124>[B] (+1) -0.480392157<x125>[B] (+0) +0.480392157<x126>[B] (+0) +0.480392157<x127>[B] (+1) +0.480392157<x128>[B] (+0) +0.480392157<x129>[B] (+0) -0.480392157<x130>[B] (+0) +0.480392157<x131>[B] (+0) +0.480392157<x132>[B] (+0) -0.480392157<x133>[B] (+1) -0.480392157<x134>[B] (+0) -0.480392157<x135>[B] (+1) -0.480392157<x136>[B] (+1) +0.480392157<x137>[B] (+1) -0.480392157<x138>[B] (+1) -0.480392157<x139>[B] (+0) -0.480392157<x140>[B] (+0) -0.480392157<x141>[B] (+0) +0.480392157<x142>[B] (+0) -0.480392157<x143>[B] (+0) -0.480392157<x144>[B] (+1) -0.480392157<x145>[B] (+1) +0.480392157<x146>[B] (+1) -0.480392157<x147>[B] (+1) -0.480392157<x148>[B] (+1) +0.480392157<x149>[B] (+1) -0.480392157<x150>[B] (+1) +0.480392157<x151>[B] (+1) +0.480392157<x152>[B] (+0) -0.480392157<x153>[B] (+0) >= 16.9346405228758;
;
violation: left hand side is violated by 0.235294117647047
  [linear] <c1711>: <x156>[C] (+18.0882353) +0.480392157<x1>[B] (+1) +0.480392157<x2>[B] (+1) +0.480392157<x3>[B] (+1) +0.480392157<x4>[B] (+1) +0.480392157<x5>[B] (+1) +0.480392157<x6>[B] (+1) -0.480392157<x7>[B] (+1) -0.480392157<x8>[B] (+1) +0.480392157<x9>[B] (+1) -0.480392157<x10>[B] (+1) +0.480392157<x11>[B] (+1) +0.480392157<x12>[B] (+1) +0.480392157<x13>[B] (+0) +0.480392157<x14>[B] (+1) -0.480392157<x15>[B] (+1) +0.480392157<x16>[B] (+1) -0.480392157<x17>[B] (+1) +0.480392157<x18>[B] (+1) +0.480392157<x19>[B] (+0) +0.480392157<x20>[B] (+0) +0.480392157<x21>[B] (+0) +0.480392157<x22>[B] (+1) -0.480392157<x23>[B] (+0) -0.480392157<x24>[B] (+0) +0.480392157<x25>[B] (+1) -0.480392157<x26>[B] (+1) +0.480392157<x27>[B] (+0) +0.480392157<x28>[B] (+1) +0.480392157<x29>[B] (+0) -0.480392157<x30>[B] (+0) -0.480392157<x31>[B] (+1) +0.480392157<x32>[B] (+1) -0.480392157<x33>[B] (+1) -0.480392157<x34>[B] (+0) -0.480392157<x35>[B] (+0) +0.480392157<x36>[B] (+0) -0.480392157<x37>[B] (+0) -0.480392157<x38>[B] (+0) -0.480392157<x39>[B] (+0) -0.480392157<x40>[B] (+0) -0.480392157<x41>[B] (+0) +0.480392157<x42>[B] (+0) -0.480392157<x43>[B] (+1) -0.480392157<x44>[B] (+0) -0.480392157<x45>[B] (+0) -0.480392157<x46>[B] (+0) +0.480392157<x47>[B] (+0) -0.480392157<x48>[B] (+0) +0.480392157<x49>[B] (+1) +0.480392157<x50>[B] (+0) +0.480392157<x51>[B] (+1) -0.480392157<x52>[B] (+0) -0.480392157<x53>[B] (+1) -0.480392157<x54>[B] (+1) -0.480392157<x55>[B] (+1) +0.480392157<x56>[B] (+0) +0.480392157<x57>[B] (+1) +0.480392157<x58>[B] (+0) -0.480392157<x59>[B] (+0) -0.480392157<x60>[B] (+1) +0.480392157<x61>[B] (+1) -0.480392157<x62>[B] (+1) +0.480392157<x63>[B] (+0) +0.480392157<x64>[B] (+1) -0.480392157<x65>[B] (+0) -0.480392157<x66>[B] (+1) -0.480392157<x67>[B] (+1) -0.480392157<x68>[B] (+1) +0.480392157<x69>[B] (+0) +0.480392157<x70>[B] (+1) -0.480392157<x71>[B] (+0) -0.480392157<x72>[B] (+0) -0.480392157<x73>[B] (+1) +0.480392157<x74>[B] (+1) -0.480392157<x75>[B] (+1) -0.480392157<x76>[B] (+1) -0.480392157<x77>[B] (+0) -0.480392157<x78>[B] (+1) -0.480392157<x79>[B] (+1) -0.480392157<x80>[B] (+1) +0.480392157<x81>[B] (+0) -0.480392157<x82>[B] (+1) -0.480392157<x83>[B] (+0) -0.480392157<x84>[B] (+0) -0.480392157<x85>[B] (+1) +0.480392157<x86>[B] (+1) -0.480392157<x87>[B] (+1) -0.480392157<x88>[B] (+0) -0.480392157<x89>[B] (+0) -0.480392157<x90>[B] (+0) -0.480392157<x91>[B] (+1) +0.480392157<x92>[B] (+0) -0.480392157<x93>[B] (+1) -0.480392157<x94>[B] (+0) -0.480392157<x95>[B] (+0) -0.480392157<x96>[B] (+1) +0.480392157<x97>[B] (+1) -0.480392157<x98>[B] (+1) -0.480392157<x99>[B] (+1) +0.480392157<x100>[B] (+1) -0.480392157<x101>[B] (+1) +0.480392157<x102>[B] (+1) +0.480392157<x103>[B] (+1) +0.480392157<x104>[B] (+0) +0.480392157<x105>[B] (+1) -0.480392157<x106>[B] (+1) +0.480392157<x107>[B] (+1) +0.480392157<x108>[B] (+1) +0.480392157<x109>[B] (+1) +0.480392157<x110>[B] (+1) +0.480392157<x111>[B] (+0) +0.480392157<x112>[B] (+1) +0.480392157<x113>[B] (+0) +0.480392157<x114>[B] (+0) -0.480392157<x115>[B] (+1) +0.480392157<x116>[B] (+1) +0.480392157<x117>[B] (+1) -0.480392157<x118>[B] (+1) +0.480392157<x119>[B] (+0) +0.480392157<x120>[B] (+1) +0.480392157<x121>[B] (+0) -0.480392157<x122>[B] (+0) -0.480392157<x123>[B] (+1) +0.480392157<x124>[B] (+1) -0.480392157<x125>[B] (+1) +0.480392157<x126>[B] (+0) +0.480392157<x127>[B] (+1) +0.480392157<x128>[B] (+0) +0.480392157<x129>[B] (+0) -0.480392157<x130>[B] (+0) +0.480392157<x131>[B] (+0) +0.480392157<x132>[B] (+0) -0.480392157<x133>[B] (+1) -0.480392157<x134>[B] (+0) -0.480392157<x135>[B] (+1) -0.480392157<x136>[B] (+1) +0.480392157<x137>[B] (+1) -0.480392157<x138>[B] (+1) -0.480392157<x139>[B] (+0) -0.480392157<x140>[B] (+0) -0.480392157<x141>[B] (+0) +0.480392157<x142>[B] (+0) -0.480392157<x143>[B] (+0) -0.480392157<x144>[B] (+1) -0.480392157<x145>[B] (+1) +0.480392157<x146>[B] (+1) -0.480392157<x147>[B] (+1) -0.480392157<x148>[B] (+1) +0.480392157<x149>[B] (+1) -0.480392157<x150>[B] (+1) +0.480392157<x151>[B] (+1) +0.480392157<x152>[B] (+0) -0.480392157<x153>[B] (+0) >= 16.9346405228758;
;
violation: left hand side is violated by 0.287581699346397
  [linear] <c1710>: <x155>[C] (+18.7777778) +0.467320261<x1>[B] (+1) +0.467320261<x2>[B] (+1) +0.467320261<x3>[B] (+1) -0.467320261<x4>[B] (+1) +0.467320261<x5>[B] (+1) +0.467320261<x6>[B] (+1) +0.467320261<x7>[B] (+1) +0.467320261<x8>[B] (+1) +0.467320261<x9>[B] (+1) +0.467320261<x10>[B] (+1) +0.467320261<x11>[B] (+1) +0.467320261<x12>[B] (+1) +0.467320261<x13>[B] (+0) +0.467320261<x14>[B] (+1) +0.467320261<x15>[B] (+1) +0.467320261<x16>[B] (+1) +0.467320261<x17>[B] (+1) +0.467320261<x18>[B] (+1) -0.467320261<x19>[B] (+1) -0.467320261<x20>[B] (+0) +0.467320261<x21>[B] (+0) -0.467320261<x22>[B] (+1) +0.467320261<x23>[B] (+0) +0.467320261<x24>[B] (+0) -0.467320261<x25>[B] (+1) -0.467320261<x26>[B] (+1) -0.467320261<x27>[B] (+0) -0.467320261<x28>[B] (+1) +0.467320261<x29>[B] (+0) +0.467320261<x30>[B] (+0) -0.467320261<x31>[B] (+1) +0.467320261<x32>[B] (+1) -0.467320261<x33>[B] (+1) -0.467320261<x34>[B] (+0) -0.467320261<x35>[B] (+0) -0.467320261<x36>[B] (+0) -0.467320261<x37>[B] (+1) +0.467320261<x38>[B] (+0) -0.467320261<x39>[B] (+0) -0.467320261<x40>[B] (+0) -0.467320261<x41>[B] (+0) -0.467320261<x42>[B] (+0) -0.467320261<x43>[B] (+1) -0.467320261<x44>[B] (+0) -0.467320261<x45>[B] (+0) -0.467320261<x46>[B] (+0) -0.467320261<x47>[B] (+0) -0.467320261<x48>[B] (+0) -0.467320261<x49>[B] (+0) +0.467320261<x50>[B] (+0) +0.467320261<x51>[B] (+1) +0.467320261<x52>[B] (+0) +0.467320261<x53>[B] (+0) +0.467320261<x54>[B] (+1) +0.467320261<x55>[B] (+1) +0.467320261<x56>[B] (+0) +0.467320261<x57>[B] (+1) +0.467320261<x58>[B] (+0) +0.467320261<x59>[B] (+0) +0.467320261<x60>[B] (+1) +0.467320261<x61>[B] (+1) +0.467320261<x62>[B] (+1) +0.467320261<x63>[B] (+1) +0.467320261<x64>[B] (+1) +0.467320261<x65>[B] (+0) +0.467320261<x66>[B] (+1) +0.467320261<x67>[B] (+1) +0.467320261<x68>[B] (+1) +0.467320261<x69>[B] (+0) +0.467320261<x70>[B] (+1) +0.467320261<x71>[B] (+0) +0.467320261<x72>[B] (+0) +0.467320261<x73>[B] (+1) +0.467320261<x74>[B] (+1) +0.467320261<x75>[B] (+1) -0.467320261<x76>[B] (+1) +0.467320261<x77>[B] (+0) -0.467320261<x78>[B] (+1) -0.467320261<x79>[B] (+1) -0.467320261<x80>[B] (+1) -0.467320261<x81>[B] (+0) -0.467320261<x82>[B] (+1) -0.467320261<x83>[B] (+0) -0.467320261<x84>[B] (+0) -0.467320261<x85>[B] (+1) +0.467320261<x86>[B] (+1) -0.467320261<x87>[B] (+1) +0.467320261<x88>[B] (+0) +0.467320261<x89>[B] (+0) -0.467320261<x90>[B] (+0) -0.467320261<x91>[B] (+0) -0.467320261<x92>[B] (+0) +0.467320261<x93>[B] (+1) +0.467320261<x94>[B] (+0) +0.467320261<x95>[B] (+0) -0.467320261<x96>[B] (+0) +0.467320261<x97>[B] (+0) +0.467320261<x98>[B] (+0) -0.467320261<x99>[B] (+1) -0.467320261<x100>[B] (+1) -0.467320261<x101>[B] (+1) -0.467320261<x102>[B] (+1) -0.467320261<x103>[B] (+1) -0.467320261<x104>[B] (+0) -0.467320261<x105>[B] (+1) -0.467320261<x106>[B] (+1) -0.467320261<x107>[B] (+1) -0.467320261<x108>[B] (+1) -0.467320261<x109>[B] (+1) -0.467320261<x110>[B] (+1) -0.467320261<x111>[B] (+0) -0.467320261<x112>[B] (+1) +0.467320261<x113>[B] (+0) -0.467320261<x114>[B] (+0) -0.467320261<x115>[B] (+1) +0.467320261<x116>[B] (+1) -0.467320261<x117>[B] (+1) -0.467320261<x118>[B] (+1) -0.467320261<x119>[B] (+0) +0.467320261<x120>[B] (+1) +0.467320261<x121>[B] (+0) +0.467320261<x122>[B] (+0) +0.467320261<x123>[B] (+0) +0.467320261<x124>[B] (+1) +0.467320261<x125>[B] (+1) +0.467320261<x126>[B] (+0) +0.467320261<x127>[B] (+1) +0.467320261<x128>[B] (+0) +0.467320261<x129>[B] (+0) +0.467320261<x130>[B] (+0) +0.467320261<x131>[B] (+0) +0.467320261<x132>[B] (+0) +0.467320261<x133>[B] (+1) +0.467320261<x134>[B] (+0) +0.467320261<x135>[B] (+1) +0.467320261<x136>[B] (+1) +0.467320261<x137>[B] (+1) +0.467320261<x138>[B] (+1) +0.467320261<x139>[B] (+0) +0.467320261<x140>[B] (+0) -0.467320261<x141>[B] (+0) +0.467320261<x142>[B] (+0) +0.467320261<x143>[B] (+0) -0.467320261<x144>[B] (+1) -0.467320261<x145>[B] (+1) +0.467320261<x146>[B] (+1) -0.467320261<x147>[B] (+1) -0.467320261<x148>[B] (+1) +0.467320261<x149>[B] (+1) -0.467320261<x150>[B] (+1) +0.467320261<x151>[B] (+1) +0.467320261<x152>[B] (+1) -0.467320261<x153>[B] (+0) >= 24.4183006535948;
;
violation: left hand side is violated by 0.0326797385620736
all 10 solutions given by solution candidate storage are infeasible

feasible solution found by trivial heuristic after 0.0 seconds, objective value -3.999942e+06
presolving:
   (0.0s) symmetry computation started: requiring (bin +, int +, cont +), (fixed: bin -, int -, cont -)
   (0.0s) no symmetry present (symcode time: 0.00)
presolving (0 rounds: 0 fast, 0 medium, 0 exhaustive):
 0 deleted vars, 0 deleted constraints, 0 added constraints, 0 tightened bounds, 0 added holes, 0 changed sides, 0 changed coefficients
 0 implications, 0 cliques, 0 implied integral variables (0 bin, 0 int, 0 cont)
presolved problem has 193 variables (153 bin, 0 int, 40 cont) and 1743 constraints
   1743 constraints of type <linear>
Presolving Time: 0.01
transformed 1/1 original solutions to the transformed problem space

 time | node  | left  |LP iter|LP it/n|mem/heur|mdpt |vars |cons |rows |cuts |sepa|confs|strbr|  dualbound   | primalbound  |  gap   | compl. 
p 0.0s|     1 |     0 |    18 |     - |   locks|   0 | 193 |1743 |1743 |   0 |  0 |   0 |   0 | 4.680000e+02 |-8.923954e+02 |    Inf | unknown
  0.0s|     1 |     0 |   518 |     - |    31M |   0 | 193 |1743 |1743 |   0 |  0 |   0 |   0 |-5.651203e+02 |-8.923954e+02 |  57.91%| unknown
r 0.1s|     1 |     0 |   518 |     - |shifting|   0 | 193 |1743 |1743 |   0 |  0 |   0 |   0 |-5.651203e+02 |-6.268219e+02 |  10.92%| unknown
  0.1s|     1 |     0 |   532 |     - |    31M |   0 | 193 |1743 |1745 |   2 |  1 |   0 |   0 |-5.651752e+02 |-6.268219e+02 |  10.91%| unknown
r 0.1s|     1 |     0 |   532 |     - |shifting|   0 | 193 |1743 |1745 |   2 |  1 |   0 |   0 |-5.651752e+02 |-6.234077e+02 |  10.30%| unknown
  0.1s|     1 |     0 |   532 |     - |    31M |   0 | 193 |1743 |1745 |   2 |  1 |   0 |   0 |-5.651752e+02 |-6.234077e+02 |  10.30%| unknown
  0.2s|     1 |     0 |   565 |     - |    32M |   0 | 193 |1743 |1749 |   6 |  2 |   0 |   0 |-5.652408e+02 |-6.234077e+02 |  10.29%| unknown
  0.3s|     1 |     0 |   586 |     - |    33M |   0 | 193 |1743 |1750 |   7 |  3 |   0 |   0 |-5.653060e+02 |-6.234077e+02 |  10.28%| unknown
  0.3s|     1 |     0 |   604 |     - |    33M |   0 | 193 |1743 |1751 |   8 |  4 |   0 |   0 |-5.653139e+02 |-6.234077e+02 |  10.28%| unknown
  0.4s|     1 |     0 |   607 |     - |    33M |   0 | 193 |1743 |1752 |   9 |  5 |   0 |   0 |-5.653144e+02 |-6.234077e+02 |  10.28%| unknown
  0.5s|     1 |     0 |   614 |     - |    33M |   0 | 193 |1743 |1753 |  10 |  6 |   0 |   0 |-5.653152e+02 |-6.234077e+02 |  10.28%| unknown
  0.6s|     1 |     0 |   617 |     - |    33M |   0 | 193 |1743 |1754 |  11 |  7 |   0 |   0 |-5.653153e+02 |-6.234077e+02 |  10.28%| unknown
  0.6s|     1 |     0 |   618 |     - |    33M |   0 | 193 |1743 |1755 |  12 |  8 |   0 |   0 |-5.653154e+02 |-6.234077e+02 |  10.28%| unknown
r 0.6s|     1 |     0 |   618 |     - |shifting|   0 | 193 |1744 |1755 |  12 |  8 |   1 |   0 |-5.653154e+02 |-6.184014e+02 |   9.39%| unknown
  0.7s|     1 |     0 |   619 |     - |    34M |   0 | 193 |1744 |1756 |  13 |  9 |   1 |   0 |-5.653157e+02 |-6.184014e+02 |   9.39%| unknown
 time | node  | left  |LP iter|LP it/n|mem/heur|mdpt |vars |cons |rows |cuts |sepa|confs|strbr|  dualbound   | primalbound  |  gap   | compl. 
  0.8s|     1 |     0 |   635 |     - |    34M |   0 | 193 |1744 |1757 |  14 | 10 |   1 |   0 |-5.653187e+02 |-6.184014e+02 |   9.39%| unknown
r 0.8s|     1 |     0 |   635 |     - |shifting|   0 | 193 |1744 |1757 |  14 | 10 |   1 |   0 |-5.653187e+02 |-6.161882e+02 |   9.00%| unknown
  0.8s|     1 |     0 |   643 |     - |    34M |   0 | 193 |1744 |1758 |  15 | 11 |   1 |   0 |-5.653198e+02 |-6.161882e+02 |   9.00%| unknown
r 0.8s|     1 |     0 |   643 |     - |shifting|   0 | 193 |1744 |1758 |  15 | 11 |   1 |   0 |-5.653198e+02 |-6.106886e+02 |   8.03%| unknown
  0.8s|     1 |     0 |   650 |     - |    34M |   0 | 193 |1744 |1759 |  16 | 12 |   1 |   0 |-5.653201e+02 |-6.106886e+02 |   8.03%| unknown
  0.8s|     1 |     0 |   654 |     - |    34M |   0 | 193 |1744 |1760 |  17 | 13 |   1 |   0 |-5.653203e+02 |-6.106886e+02 |   8.03%| unknown
r 0.9s|     1 |     0 |   724 |     - |intshift|   0 | 193 |1744 |1760 |  17 | 13 |   1 |   0 |-5.653203e+02 |-5.858333e+02 |   3.63%| unknown
d 0.9s|     1 |     0 |   930 |     - |farkasdi|   0 | 193 |1744 |1760 |   0 | 13 |   1 |   0 |-5.653203e+02 |-5.675915e+02 |   0.40%| unknown
L 0.9s|     1 |     0 |   930 |     - |    rens|   0 | 193 |1744 |1760 |  17 | 13 |  50 |   0 |-5.653203e+02 |-5.664673e+02 |   0.20%| unknown
(run 1, node 1) restarting after 49 global fixings of integer variables

(restart) converted 17 cuts from the global cut pool into linear constraints

presolving:
presolving (0 rounds: 0 fast, 0 medium, 0 exhaustive):
 0 deleted vars, 0 deleted constraints, 0 added constraints, 0 tightened bounds, 0 added holes, 0 changed sides, 0 changed coefficients
 0 implications, 0 cliques, 0 implied integral variables (0 bin, 0 int, 0 cont)
presolved problem has 193 variables (153 bin, 0 int, 40 cont) and 1761 constraints
   1760 constraints of type <linear>
      1 constraints of type <logicor>
Presolving Time: 0.01
transformed 16/20 original solutions to the transformed problem space

 time | node  | left  |LP iter|LP it/n|mem/heur|mdpt |vars |cons |rows |cuts |sepa|confs|strbr|  dualbound   | primalbound  |  gap   | compl. 
  1.0s|     1 |     0 |  1407 |     - |    35M |   0 | 193 |1761 |1013 |   0 |  0 |  50 |   0 |-5.653203e+02 |-5.664673e+02 |   0.20%| unknown
  1.0s|     1 |     0 |  1407 |     - |    35M |   0 | 193 |1761 | 715 |   0 |  0 |  50 |   0 |-5.653203e+02 |-5.664673e+02 |   0.20%| unknown
  1.0s|     1 |     0 |  1434 |     - |    35M |   0 | 193 |1761 | 716 |   1 |  1 |  50 |   0 |-5.653218e+02 |-5.664673e+02 |   0.20%| unknown
  1.1s|     1 |     0 |  1457 |     - |    35M |   0 | 193 |1761 | 717 |   2 |  2 |  50 |   0 |-5.653267e+02 |-5.664673e+02 |   0.20%| unknown
  1.2s|     1 |     0 |  1475 |     - |    35M |   0 | 193 |1761 | 718 |   3 |  3 |  50 |   0 |-5.653313e+02 |-5.664673e+02 |   0.20%| unknown
  1.3s|     1 |     0 |  1506 |     - |    35M |   0 | 193 |1761 | 719 |   4 |  4 |  50 |   0 |-5.653409e+02 |-5.664673e+02 |   0.20%| unknown
  1.4s|     1 |     0 |  1525 |     - |    35M |   0 | 193 |1761 | 720 |   5 |  5 |  50 |   0 |-5.653586e+02 |-5.664673e+02 |   0.20%| unknown
  1.5s|     1 |     0 |  1542 |     - |    35M |   0 | 193 |1761 | 721 |   6 |  6 |  50 |   0 |-5.653650e+02 |-5.664673e+02 |   0.19%| unknown
  1.6s|     1 |     0 |  1562 |     - |    35M |   0 | 193 |1761 | 722 |   7 |  7 |  50 |   0 |-5.653745e+02 |-5.664673e+02 |   0.19%| unknown
  1.7s|     1 |     0 |  1573 |     - |    35M |   0 | 193 |1761 | 723 |   8 |  8 |  50 |   0 |-5.653766e+02 |-5.664673e+02 |   0.19%| unknown
  1.9s|     1 |     0 |  1609 |     - |    36M |   0 | 193 |1761 | 725 |  10 |  9 |  50 |   0 |-5.653909e+02 |-5.664673e+02 |   0.19%| unknown
  2.0s|     1 |     0 |  1632 |     - |    37M |   0 | 193 |1761 | 726 |  11 | 10 |  50 |   0 |-5.654025e+02 |-5.664673e+02 |   0.19%| unknown
  2.1s|     1 |     0 |  1637 |     - |    37M |   0 | 193 |1761 | 727 |  12 | 11 |  50 |   0 |-5.654031e+02 |-5.664673e+02 |   0.19%| unknown
  2.1s|     1 |     0 |  1637 |     - |    37M |   0 | 193 |1171 | 727 |  12 | 11 |  50 |   0 |-5.654031e+02 |-5.664673e+02 |   0.19%| unknown
  2.2s|     1 |     0 |  1639 |     - |    37M |   0 | 193 |1171 | 728 |  13 | 12 |  50 |   0 |-5.654033e+02 |-5.664673e+02 |   0.19%| unknown
 time | node  | left  |LP iter|LP it/n|mem/heur|mdpt |vars |cons |rows |cuts |sepa|confs|strbr|  dualbound   | primalbound  |  gap   | compl. 
  2.3s|     1 |     0 |  1883 |     - |    37M |   0 | 193 |1157 | 728 |  13 | 13 |  54 |   1 |-5.658053e+02 |-5.664673e+02 |   0.12%| unknown
  2.4s|     1 |     0 |  1883 |     - |    37M |   0 | 193 |1157 | 728 |  13 | 14 |  54 |   2 |-5.658053e+02 |-5.664673e+02 |   0.12%| unknown
  2.5s|     1 |     0 |  1883 |     - |    37M |   0 | 193 |1157 | 728 |  13 | 15 |  54 |   4 |-5.658053e+02 |-5.664673e+02 |   0.12%| unknown
  2.6s|     1 |     0 |  1883 |     - |    37M |   0 | 193 |1157 | 728 |  13 | 16 |  54 |   7 |-5.658053e+02 |-5.664673e+02 |   0.12%| unknown
  2.7s|     1 |     0 |  1949 |     - |    37M |   0 | 193 |1064 | 728 |  13 | 17 |  58 |   9 |-5.658053e+02 |-5.664673e+02 |   0.12%| unknown
  2.7s|     1 |     0 |  1949 |     - |    37M |   0 | 193 |1064 | 502 |  13 | 17 |  58 |   9 |-5.658053e+02 |-5.664673e+02 |   0.12%| unknown
  2.8s|     1 |     0 |  1966 |     - |    37M |   0 | 193 |1064 | 493 |  14 | 18 |  58 |   9 |-5.658247e+02 |-5.664673e+02 |   0.11%| unknown
  2.8s|     1 |     0 |  1966 |     - |    37M |   0 | 193 |1064 | 481 |  14 | 18 |  58 |   9 |-5.658247e+02 |-5.664673e+02 |   0.11%| unknown
  2.8s|     1 |     0 |  1966 |     - |    37M |   0 | 193 | 831 | 481 |  14 | 19 |  58 |   9 |-5.658247e+02 |-5.664673e+02 |   0.11%| unknown
  2.8s|     1 |     0 |  1966 |     - |    37M |   0 | 193 | 831 | 481 |  14 | 20 |  58 |  10 |-5.661409e+02 |-5.664673e+02 |   0.06%| unknown
  2.9s|     1 |     0 |  1966 |     - |    37M |   0 | 193 | 831 | 481 |  14 | 21 |  58 |  11 |-5.661409e+02 |-5.664673e+02 |   0.06%| unknown
  2.9s|     1 |     0 |  2019 |     - |    37M |   0 | 193 | 758 | 481 |  14 | 22 |  62 |  13 |-5.662809e+02 |-5.664673e+02 |   0.03%| unknown
  2.9s|     1 |     0 |  2019 |     - |    37M |   0 | 193 | 758 | 337 |  14 | 22 |  62 |  13 |-5.662809e+02 |-5.664673e+02 |   0.03%| unknown
  3.0s|     1 |     0 |  2028 |     - |    37M |   0 | 193 | 757 | 338 |  15 | 23 |  62 |  13 |-5.663453e+02 |-5.664673e+02 |   0.02%| unknown
  3.0s|     1 |     0 |  2028 |     - |    37M |   0 | 193 | 757 | 329 |  15 | 23 |  62 |  13 |-5.663453e+02 |-5.664673e+02 |   0.02%| unknown
 time | node  | left  |LP iter|LP it/n|mem/heur|mdpt |vars |cons |rows |cuts |sepa|confs|strbr|  dualbound   | primalbound  |  gap   | compl. 
  3.0s|     1 |     0 |  2028 |     - |    37M |   0 | 193 | 570 | 329 |  15 | 24 |  62 |  13 |-5.663453e+02 |-5.664673e+02 |   0.02%| unknown
  3.0s|     1 |     0 |  2032 |     - |    37M |   0 | 193 | 570 | 330 |  16 | 25 |  62 |  13 |-5.663468e+02 |-5.664673e+02 |   0.02%| unknown
  3.0s|     1 |     0 |  2038 |     - |    37M |   0 | 193 | 517 | 330 |  16 | 26 |  64 |  15 |-5.664175e+02 |-5.664673e+02 |   0.01%| unknown
  3.0s|     1 |     0 |  2038 |     - |    37M |   0 | 193 | 517 | 269 |  16 | 26 |  64 |  15 |-5.664175e+02 |-5.664673e+02 |   0.01%| unknown
  3.1s|     1 |     0 |  2038 |     - |    37M |   0 | 193 | 467 | 269 |  16 | 27 |  64 |  15 |-5.664175e+02 |-5.664673e+02 |   0.01%| unknown
  3.1s|     1 |     0 |  2042 |     - |    37M |   0 | 193 | 350 | 269 |  16 | 28 |  68 |  18 |-5.664297e+02 |-5.664673e+02 |   0.01%| unknown
  3.1s|     1 |     0 |  2047 |     - |    37M |   0 | 193 | 332 | 269 |  16 | 29 |  68 |  20 |-5.664673e+02 |-5.664673e+02 |   0.00%| unknown
  3.1s|     1 |     0 |  2047 |     - |    37M |   0 | 193 | 332 | 269 |  16 | 29 |  68 |  20 |-5.664673e+02 |-5.664673e+02 |   0.00%| unknown

SCIP Status        : problem is solved [optimal solution found]
Solving Time (sec) : 3.11
Solving Nodes      : 1 (total of 2 nodes in 2 runs)
Primal Bound       : -5.66467320261438e+02 (42 solutions)
Dual Bound         : -5.66467320261438e+02
Gap                : 0.00 %
  [linear] <c1744>: <x154>[C] (+23.5718954) +0.552287582<x1>[B] (+1) -0.552287582<x2>[B] (+1) -0.552287582<x3>[B] (+1) +0.552287582<x4>[B] (+1) -0.552287582<x5>[B] (+1) +0.552287582<x6>[B] (+1) +0.552287582<x7>[B] (+1) -0.552287582<x8>[B] (+1) +0.552287582<x9>[B] (+1) -0.552287582<x10>[B] (+1) -0.552287582<x11>[B] (+1) -0.552287582<x12>[B] (+1) +0.552287582<x13>[B] (+0) -0.552287582<x14>[B] (+1) -0.552287582<x15>[B] (+1) -0.552287582<x16>[B] (+1) -0.552287582<x17>[B] (+1) -0.552287582<x18>[B] (+1) -0.552287582<x19>[B] (+0) +0.552287582<x20>[B] (+0) -0.552287582<x21>[B] (+0) -0.552287582<x22>[B] (+1) +0.552287582<x23>[B] (+0) -0.552287582<x24>[B] (+1) -0.552287582<x25>[B] (+1) -0.552287582<x26>[B] (+1) -0.552287582<x27>[B] (+0) -0.552287582<x28>[B] (+1) +0.552287582<x29>[B] (+0) -0.552287582<x30>[B] (+0) -0.552287582<x31>[B] (+1) -0.552287582<x32>[B] (+1) -0.552287582<x33>[B] (+0) -0.552287582<x34>[B] (+0) +0.552287582<x35>[B] (+0) -0.552287582<x36>[B] (+0) +0.552287582<x37>[B] (+0) +0.552287582<x38>[B] (+0) -0.552287582<x39>[B] (+0) +0.552287582<x40>[B] (+0) -0.552287582<x41>[B] (+0) -0.552287582<x42>[B] (+0) +0.552287582<x43>[B] (+0) +0.552287582<x44>[B] (+0) +0.552287582<x45>[B] (+0) +0.552287582<x46>[B] (+0) -0.552287582<x47>[B] (+0) -0.552287582<x48>[B] (+0) +0.552287582<x49>[B] (+1) -0.552287582<x50>[B] (+0) +0.552287582<x51>[B] (+1) +0.552287582<x52>[B] (+0) -0.552287582<x53>[B] (+1) +0.552287582<x54>[B] (+1) +0.552287582<x55>[B] (+1) -0.552287582<x56>[B] (+0) +0.552287582<x57>[B] (+1) +0.552287582<x58>[B] (+0) +0.552287582<x59>[B] (+1) +0.552287582<x60>[B] (+1) +0.552287582<x61>[B] (+1) -0.552287582<x62>[B] (+1) -0.552287582<x63>[B] (+0) -0.552287582<x64>[B] (+1) -0.552287582<x65>[B] (+0) -0.552287582<x66>[B] (+1) -0.552287582<x67>[B] (+1) -0.552287582<x68>[B] (+1) -0.552287582<x69>[B] (+0) -0.552287582<x70>[B] (+1) +0.552287582<x71>[B] (+0) -0.552287582<x72>[B] (+0) -0.552287582<x73>[B] (+1) -0.552287582<x74>[B] (+1) -0.552287582<x75>[B] (+0) +0.552287582<x76>[B] (+1) +0.552287582<x77>[B] (+0) -0.552287582<x78>[B] (+1) +0.552287582<x79>[B] (+1) +0.552287582<x80>[B] (+1) -0.552287582<x81>[B] (+0) +0.552287582<x82>[B] (+1) +0.552287582<x83>[B] (+0) +0.552287582<x84>[B] (+1) +0.552287582<x85>[B] (+1) +0.552287582<x86>[B] (+1) -0.552287582<x87>[B] (+1) +0.552287582<x88>[B] (+0) -0.552287582<x89>[B] (+0) -0.552287582<x90>[B] (+0) -0.552287582<x91>[B] (+1) -0.552287582<x92>[B] (+0) -0.552287582<x93>[B] (+1) +0.552287582<x94>[B] (+0) -0.552287582<x95>[B] (+0) -0.552287582<x96>[B] (+1) -0.552287582<x97>[B] (+1) -0.552287582<x98>[B] (+0) -0.552287582<x99>[B] (+1) -0.552287582<x100>[B] (+1) -0.552287582<x101>[B] (+1) -0.552287582<x102>[B] (+1) -0.552287582<x103>[B] (+1) +0.552287582<x104>[B] (+0) -0.552287582<x105>[B] (+1) -0.552287582<x106>[B] (+1) -0.552287582<x107>[B] (+1) -0.552287582<x108>[B] (+1) +0.552287582<x109>[B] (+1) +0.552287582<x110>[B] (+1) +0.552287582<x111>[B] (+0) +0.552287582<x112>[B] (+1) +0.552287582<x113>[B] (+0) +0.552287582<x114>[B] (+0) +0.552287582<x115>[B] (+1) +0.552287582<x116>[B] (+1) +0.552287582<x117>[B] (+0) -0.552287582<x118>[B] (+1) -0.552287582<x119>[B] (+0) -0.552287582<x120>[B] (+1) +0.552287582<x121>[B] (+0) -0.552287582<x122>[B] (+0) -0.552287582<x123>[B] (+1) -0.552287582<x124>[B] (+1) -0.552287582<x125>[B] (+0) -0.552287582<x126>[B] (+0) +0.552287582<x127>[B] (+1) +0.552287582<x128>[B] (+0) +0.552287582<x129>[B] (+0) +0.552287582<x130>[B] (+1) -0.552287582<x131>[B] (+1) -0.552287582<x132>[B] (+0) +0.552287582<x133>[B] (+1) +0.552287582<x134>[B] (+0) +0.552287582<x135>[B] (+1) +0.552287582<x136>[B] (+1) +0.552287582<x137>[B] (+1) -0.552287582<x138>[B] (+1) +0.552287582<x139>[B] (+0) -0.552287582<x140>[B] (+0) -0.552287582<x141>[B] (+0) -0.552287582<x142>[B] (+0) -0.552287582<x143>[B] (+0) -0.552287582<x144>[B] (+1) -0.552287582<x145>[B] (+1) -0.552287582<x146>[B] (+1) -0.552287582<x147>[B] (+1) +0.552287582<x148>[B] (+1) -0.552287582<x149>[B] (+1) -0.552287582<x150>[B] (+1) -0.552287582<x151>[B] (+1) -0.552287582<x152>[B] (+0) -0.552287582<x153>[B] (+0) >= 10.3562091503268;
;
violation: left hand side is violated by 0.039215686274499
  [linear] <c1744>: <x154>[C] (+21.3039216) +0.552287582<x1>[B] (+1) -0.552287582<x2>[B] (+1) -0.552287582<x3>[B] (+1) +0.552287582<x4>[B] (+1) -0.552287582<x5>[B] (+1) +0.552287582<x6>[B] (+1) +0.552287582<x7>[B] (+1) -0.552287582<x8>[B] (+1) +0.552287582<x9>[B] (+1) -0.552287582<x10>[B] (+1) -0.552287582<x11>[B] (+1) -0.552287582<x12>[B] (+1) +0.552287582<x13>[B] (+0) -0.552287582<x14>[B] (+1) -0.552287582<x15>[B] (+1) -0.552287582<x16>[B] (+1) -0.552287582<x17>[B] (+1) -0.552287582<x18>[B] (+1) -0.552287582<x19>[B] (+0) +0.552287582<x20>[B] (+0) -0.552287582<x21>[B] (+0) -0.552287582<x22>[B] (+1) +0.552287582<x23>[B] (+0) -0.552287582<x24>[B] (+1) -0.552287582<x25>[B] (+1) -0.552287582<x26>[B] (+1) -0.552287582<x27>[B] (+0) -0.552287582<x28>[B] (+1) +0.552287582<x29>[B] (+0) -0.552287582<x30>[B] (+0) -0.552287582<x31>[B] (+1) -0.552287582<x32>[B] (+1) -0.552287582<x33>[B] (+0) -0.552287582<x34>[B] (+0) +0.552287582<x35>[B] (+0) -0.552287582<x36>[B] (+0) +0.552287582<x37>[B] (+1) +0.552287582<x38>[B] (+0) -0.552287582<x39>[B] (+0) +0.552287582<x40>[B] (+0) -0.552287582<x41>[B] (+0) -0.552287582<x42>[B] (+0) +0.552287582<x43>[B] (+1) +0.552287582<x44>[B] (+0) +0.552287582<x45>[B] (+0) +0.552287582<x46>[B] (+0) -0.552287582<x47>[B] (+0) -0.552287582<x48>[B] (+0) +0.552287582<x49>[B] (+1) -0.552287582<x50>[B] (+0) +0.552287582<x51>[B] (+1) +0.552287582<x52>[B] (+0) -0.552287582<x53>[B] (+1) +0.552287582<x54>[B] (+1) +0.552287582<x55>[B] (+1) -0.552287582<x56>[B] (+0) +0.552287582<x57>[B] (+1) +0.552287582<x58>[B] (+0) +0.552287582<x59>[B] (+1) +0.552287582<x60>[B] (+1) +0.552287582<x61>[B] (+1) -0.552287582<x62>[B] (+1) -0.552287582<x63>[B] (+0) -0.552287582<x64>[B] (+1) -0.552287582<x65>[B] (+0) -0.552287582<x66>[B] (+1) -0.552287582<x67>[B] (+1) -0.552287582<x68>[B] (+1) -0.552287582<x69>[B] (+0) -0.552287582<x70>[B] (+1) +0.552287582<x71>[B] (+0) -0.552287582<x72>[B] (+0) -0.552287582<x73>[B] (+1) -0.552287582<x74>[B] (+1) -0.552287582<x75>[B] (+0) +0.552287582<x76>[B] (+1) +0.552287582<x77>[B] (+0) -0.552287582<x78>[B] (+1) +0.552287582<x79>[B] (+1) +0.552287582<x80>[B] (+1) -0.552287582<x81>[B] (+0) +0.552287582<x82>[B] (+1) +0.552287582<x83>[B] (+0) +0.552287582<x84>[B] (+1) +0.552287582<x85>[B] (+1) +0.552287582<x86>[B] (+1) -0.552287582<x87>[B] (+1) +0.552287582<x88>[B] (+0) -0.552287582<x89>[B] (+0) -0.552287582<x90>[B] (+0) -0.552287582<x91>[B] (+0) -0.552287582<x92>[B] (+0) -0.552287582<x93>[B] (+1) +0.552287582<x94>[B] (+0) -0.552287582<x95>[B] (+0) -0.552287582<x96>[B] (+0) -0.552287582<x97>[B] (+0) -0.552287582<x98>[B] (+0) -0.552287582<x99>[B] (+1) -0.552287582<x100>[B] (+1) -0.552287582<x101>[B] (+1) -0.552287582<x102>[B] (+1) -0.552287582<x103>[B] (+1) +0.552287582<x104>[B] (+0) -0.552287582<x105>[B] (+1) -0.552287582<x106>[B] (+1) -0.552287582<x107>[B] (+1) -0.552287582<x108>[B] (+1) +0.552287582<x109>[B] (+1) +0.552287582<x110>[B] (+1) +0.552287582<x111>[B] (+0) +0.552287582<x112>[B] (+1) +0.552287582<x113>[B] (+0) +0.552287582<x114>[B] (+0) +0.552287582<x115>[B] (+1) +0.552287582<x116>[B] (+1) +0.552287582<x117>[B] (+0) -0.552287582<x118>[B] (+1) -0.552287582<x119>[B] (+0) -0.552287582<x120>[B] (+1) +0.552287582<x121>[B] (+0) -0.552287582<x122>[B] (+0) -0.552287582<x123>[B] (+1) -0.552287582<x124>[B] (+1) -0.552287582<x125>[B] (+0) -0.552287582<x126>[B] (+0) +0.552287582<x127>[B] (+1) +0.552287582<x128>[B] (+0) +0.552287582<x129>[B] (+0) +0.552287582<x130>[B] (+0) -0.552287582<x131>[B] (+1) -0.552287582<x132>[B] (+0) +0.552287582<x133>[B] (+1) +0.552287582<x134>[B] (+0) +0.552287582<x135>[B] (+1) +0.552287582<x136>[B] (+1) +0.552287582<x137>[B] (+1) -0.552287582<x138>[B] (+1) +0.552287582<x139>[B] (+0) -0.552287582<x140>[B] (+0) -0.552287582<x141>[B] (+0) -0.552287582<x142>[B] (+0) -0.552287582<x143>[B] (+0) -0.552287582<x144>[B] (+1) -0.552287582<x145>[B] (+1) -0.552287582<x146>[B] (+1) -0.552287582<x147>[B] (+1) +0.552287582<x148>[B] (+1) -0.552287582<x149>[B] (+1) -0.552287582<x150>[B] (+1) -0.552287582<x151>[B] (+1) -0.552287582<x152>[B] (+0) -0.552287582<x153>[B] (+0) >= 10.3562091503268;
;
violation: left hand side is violated by 0.0980392156862742
  [linear] <c1744>: <x154>[C] (+22.9934641) +0.552287582<x1>[B] (+1) -0.552287582<x2>[B] (+1) -0.552287582<x3>[B] (+1) +0.552287582<x4>[B] (+1) -0.552287582<x5>[B] (+1) +0.552287582<x6>[B] (+1) +0.552287582<x7>[B] (+1) -0.552287582<x8>[B] (+1) +0.552287582<x9>[B] (+1) -0.552287582<x10>[B] (+1) -0.552287582<x11>[B] (+1) -0.552287582<x12>[B] (+1) +0.552287582<x13>[B] (+0) -0.552287582<x14>[B] (+1) -0.552287582<x15>[B] (+1) -0.552287582<x16>[B] (+1) -0.552287582<x17>[B] (+1) -0.552287582<x18>[B] (+1) -0.552287582<x19>[B] (+0) +0.552287582<x20>[B] (+0) -0.552287582<x21>[B] (+0) -0.552287582<x22>[B] (+0) +0.552287582<x23>[B] (+0) -0.552287582<x24>[B] (+0) -0.552287582<x25>[B] (+0) -0.552287582<x26>[B] (+0) -0.552287582<x27>[B] (+0) -0.552287582<x28>[B] (+1) +0.552287582<x29>[B] (+0) -0.552287582<x30>[B] (+0) -0.552287582<x31>[B] (+0) -0.552287582<x32>[B] (+0) -0.552287582<x33>[B] (+0) -0.552287582<x34>[B] (+0) +0.552287582<x35>[B] (+0) -0.552287582<x36>[B] (+0) +0.552287582<x37>[B] (+0) +0.552287582<x38>[B] (+0) -0.552287582<x39>[B] (+0) +0.552287582<x40>[B] (+0) -0.552287582<x41>[B] (+0) -0.552287582<x42>[B] (+0) +0.552287582<x43>[B] (+0) +0.552287582<x44>[B] (+0) +0.552287582<x45>[B] (+0) +0.552287582<x46>[B] (+0) -0.552287582<x47>[B] (+0) -0.552287582<x48>[B] (+0) +0.552287582<x49>[B] (+0) -0.552287582<x50>[B] (+0) +0.552287582<x51>[B] (+0) +0.552287582<x52>[B] (+0) -0.552287582<x53>[B] (+0) +0.552287582<x54>[B] (+0) +0.552287582<x55>[B] (+0) -0.552287582<x56>[B] (+0) +0.552287582<x57>[B] (+1) +0.552287582<x58>[B] (+0) +0.552287582<x59>[B] (+0) +0.552287582<x60>[B] (+0) +0.552287582<x61>[B] (+1) -0.552287582<x62>[B] (+0) -0.552287582<x63>[B] (+0) -0.552287582<x64>[B] (+1) -0.552287582<x65>[B] (+0) -0.552287582<x66>[B] (+1) -0.552287582<x67>[B] (+1) -0.552287582<x68>[B] (+1) -0.552287582<x69>[B] (+0) -0.552287582<x70>[B] (+1) +0.552287582<x71>[B] (+0) -0.552287582<x72>[B] (+0) -0.552287582<x73>[B] (+1) -0.552287582<x74>[B] (+1) -0.552287582<x75>[B] (+0) +0.552287582<x76>[B] (+1) +0.552287582<x77>[B] (+0) -0.552287582<x78>[B] (+1) +0.552287582<x79>[B] (+1) +0.552287582<x80>[B] (+1) -0.552287582<x81>[B] (+0) +0.552287582<x82>[B] (+1) +0.552287582<x83>[B] (+0) +0.552287582<x84>[B] (+0) +0.552287582<x85>[B] (+1) +0.552287582<x86>[B] (+1) -0.552287582<x87>[B] (+1) +0.552287582<x88>[B] (+0) -0.552287582<x89>[B] (+0) -0.552287582<x90>[B] (+0) -0.552287582<x91>[B] (+1) -0.552287582<x92>[B] (+0) -0.552287582<x93>[B] (+1) +0.552287582<x94>[B] (+0) -0.552287582<x95>[B] (+0) -0.552287582<x96>[B] (+1) -0.552287582<x97>[B] (+1) -0.552287582<x98>[B] (+0) -0.552287582<x99>[B] (+1) -0.552287582<x100>[B] (+1) -0.552287582<x101>[B] (+1) -0.552287582<x102>[B] (+1) -0.552287582<x103>[B] (+1) +0.552287582<x104>[B] (+0) -0.552287582<x105>[B] (+1) -0.552287582<x106>[B] (+1) -0.552287582<x107>[B] (+1) -0.552287582<x108>[B] (+1) +0.552287582<x109>[B] (+1) +0.552287582<x110>[B] (+1) +0.552287582<x111>[B] (+0) +0.552287582<x112>[B] (+1) +0.552287582<x113>[B] (+0) +0.552287582<x114>[B] (+0) +0.552287582<x115>[B] (+1) +0.552287582<x116>[B] (+1) +0.552287582<x117>[B] (+0) -0.552287582<x118>[B] (+1) -0.552287582<x119>[B] (+0) -0.552287582<x120>[B] (+1) +0.552287582<x121>[B] (+0) -0.552287582<x122>[B] (+0) -0.552287582<x123>[B] (+1) -0.552287582<x124>[B] (+1) -0.552287582<x125>[B] (+0) -0.552287582<x126>[B] (+0) +0.552287582<x127>[B] (+1) +0.552287582<x128>[B] (+0) +0.552287582<x129>[B] (+0) +0.552287582<x130>[B] (+1) -0.552287582<x131>[B] (+1) -0.552287582<x132>[B] (+0) +0.552287582<x133>[B] (+1) +0.552287582<x134>[B] (+0) +0.552287582<x135>[B] (+1) +0.552287582<x136>[B] (+1) +0.552287582<x137>[B] (+1) -0.552287582<x138>[B] (+1) +0.552287582<x139>[B] (+0) -0.552287582<x140>[B] (+0) -0.552287582<x141>[B] (+0) -0.552287582<x142>[B] (+0) -0.552287582<x143>[B] (+0) -0.552287582<x144>[B] (+1) -0.552287582<x145>[B] (+1) -0.552287582<x146>[B] (+1) -0.552287582<x147>[B] (+1) +0.552287582<x148>[B] (+1) -0.552287582<x149>[B] (+1) -0.552287582<x150>[B] (+1) -0.552287582<x151>[B] (+1) -0.552287582<x152>[B] (+0) -0.552287582<x153>[B] (+0) >= 10.3562091503268;
;
violation: left hand side is violated by 0.0653594771241828
  [linear] <c1744>: <x154>[C] (+23.5718954) +0.552287582<x1>[B] (+1) -0.552287582<x2>[B] (+1) -0.552287582<x3>[B] (+1) +0.552287582<x4>[B] (+1) -0.552287582<x5>[B] (+1) +0.552287582<x6>[B] (+1) +0.552287582<x7>[B] (+1) -0.552287582<x8>[B] (+1) +0.552287582<x9>[B] (+1) -0.552287582<x10>[B] (+1) -0.552287582<x11>[B] (+1) -0.552287582<x12>[B] (+1) +0.552287582<x13>[B] (+0) -0.552287582<x14>[B] (+1) -0.552287582<x15>[B] (+1) -0.552287582<x16>[B] (+1) -0.552287582<x17>[B] (+1) -0.552287582<x18>[B] (+1) -0.552287582<x19>[B] (+0) +0.552287582<x20>[B] (+0) -0.552287582<x21>[B] (+0) -0.552287582<x22>[B] (+1) +0.552287582<x23>[B] (+0) -0.552287582<x24>[B] (+0) -0.552287582<x25>[B] (+1) -0.552287582<x26>[B] (+1) -0.552287582<x27>[B] (+0) -0.552287582<x28>[B] (+1) +0.552287582<x29>[B] (+0) -0.552287582<x30>[B] (+0) -0.552287582<x31>[B] (+1) -0.552287582<x32>[B] (+1) -0.552287582<x33>[B] (+0) -0.552287582<x34>[B] (+0) +0.552287582<x35>[B] (+0) -0.552287582<x36>[B] (+0) +0.552287582<x37>[B] (+0) +0.552287582<x38>[B] (+0) -0.552287582<x39>[B] (+0) +0.552287582<x40>[B] (+0) -0.552287582<x41>[B] (+0) -0.552287582<x42>[B] (+0) +0.552287582<x43>[B] (+0) +0.552287582<x44>[B] (+0) +0.552287582<x45>[B] (+0) +0.552287582<x46>[B] (+0) -0.552287582<x47>[B] (+0) -0.552287582<x48>[B] (+0) +0.552287582<x49>[B] (+1) -0.552287582<x50>[B] (+0) +0.552287582<x51>[B] (+1) +0.552287582<x52>[B] (+0) -0.552287582<x53>[B] (+1) +0.552287582<x54>[B] (+1) +0.552287582<x55>[B] (+1) -0.552287582<x56>[B] (+0) +0.552287582<x57>[B] (+1) +0.552287582<x58>[B] (+0) +0.552287582<x59>[B] (+1) +0.552287582<x60>[B] (+1) +0.552287582<x61>[B] (+1) -0.552287582<x62>[B] (+1) -0.552287582<x63>[B] (+0) -0.552287582<x64>[B] (+1) -0.552287582<x65>[B] (+0) -0.552287582<x66>[B] (+1) -0.552287582<x67>[B] (+1) -0.552287582<x68>[B] (+1) -0.552287582<x69>[B] (+0) -0.552287582<x70>[B] (+1) +0.552287582<x71>[B] (+0) -0.552287582<x72>[B] (+0) -0.552287582<x73>[B] (+1) -0.552287582<x74>[B] (+1) -0.552287582<x75>[B] (+0) +0.552287582<x76>[B] (+1) +0.552287582<x77>[B] (+0) -0.552287582<x78>[B] (+1) +0.552287582<x79>[B] (+1) +0.552287582<x80>[B] (+1) -0.552287582<x81>[B] (+0) +0.552287582<x82>[B] (+1) +0.552287582<x83>[B] (+0) +0.552287582<x84>[B] (+1) +0.552287582<x85>[B] (+1) +0.552287582<x86>[B] (+1) -0.552287582<x87>[B] (+1) +0.552287582<x88>[B] (+0) -0.552287582<x89>[B] (+0) -0.552287582<x90>[B] (+0) -0.552287582<x91>[B] (+1) -0.552287582<x92>[B] (+0) -0.552287582<x93>[B] (+1) +0.552287582<x94>[B] (+0) -0.552287582<x95>[B] (+0) -0.552287582<x96>[B] (+1) -0.552287582<x97>[B] (+1) -0.552287582<x98>[B] (+0) -0.552287582<x99>[B] (+1) -0.552287582<x100>[B] (+1) -0.552287582<x101>[B] (+1) -0.552287582<x102>[B] (+1) -0.552287582<x103>[B] (+1) +0.552287582<x104>[B] (+0) -0.552287582<x105>[B] (+1) -0.552287582<x106>[B] (+1) -0.552287582<x107>[B] (+1) -0.552287582<x108>[B] (+1) +0.552287582<x109>[B] (+1) +0.552287582<x110>[B] (+1) +0.552287582<x111>[B] (+0) +0.552287582<x112>[B] (+1) +0.552287582<x113>[B] (+0) +0.552287582<x114>[B] (+0) +0.552287582<x115>[B] (+1) +0.552287582<x116>[B] (+1) +0.552287582<x117>[B] (+0) -0.552287582<x118>[B] (+1) -0.552287582<x119>[B] (+0) -0.552287582<x120>[B] (+1) +0.552287582<x121>[B] (+0) -0.552287582<x122>[B] (+0) -0.552287582<x123>[B] (+1) -0.552287582<x124>[B] (+1) -0.552287582<x125>[B] (+0) -0.552287582<x126>[B] (+0) +0.552287582<x127>[B] (+1) +0.552287582<x128>[B] (+0) +0.552287582<x129>[B] (+0) +0.552287582<x130>[B] (+0) -0.552287582<x131>[B] (+1) -0.552287582<x132>[B] (+0) +0.552287582<x133>[B] (+1) +0.552287582<x134>[B] (+0) +0.552287582<x135>[B] (+1) +0.552287582<x136>[B] (+1) +0.552287582<x137>[B] (+1) -0.552287582<x138>[B] (+1) +0.552287582<x139>[B] (+0) -0.552287582<x140>[B] (+0) -0.552287582<x141>[B] (+0) -0.552287582<x142>[B] (+0) -0.552287582<x143>[B] (+0) -0.552287582<x144>[B] (+1) -0.552287582<x145>[B] (+1) -0.552287582<x146>[B] (+1) -0.552287582<x147>[B] (+1) +0.552287582<x148>[B] (+1) -0.552287582<x149>[B] (+1) -0.552287582<x150>[B] (+1) -0.552287582<x151>[B] (+1) -0.552287582<x152>[B] (+0) -0.552287582<x153>[B] (+0) >= 10.3562091503268;
;
violation: left hand side is violated by 0.0392156862745132
  [linear] <c1745>: <x157>[C] (+15.0718954) +0.447712418<x1>[B] (+1) +0.447712418<x2>[B] (+1) -0.447712418<x3>[B] (+1) -0.447712418<x4>[B] (+1) +0.447712418<x5>[B] (+1) +0.447712418<x6>[B] (+1) -0.447712418<x7>[B] (+1) -0.447712418<x8>[B] (+1) +0.447712418<x9>[B] (+1) +0.447712418<x10>[B] (+1) +0.447712418<x11>[B] (+1) +0.447712418<x12>[B] (+1) +0.447712418<x13>[B] (+0) +0.447712418<x14>[B] (+1) +0.447712418<x15>[B] (+1) +0.447712418<x16>[B] (+1) +0.447712418<x17>[B] (+1) +0.447712418<x18>[B] (+1) -0.447712418<x19>[B] (+0) -0.447712418<x20>[B] (+0) +0.447712418<x21>[B] (+0) -0.447712418<x22>[B] (+1) -0.447712418<x23>[B] (+0) -0.447712418<x24>[B] (+0) -0.447712418<x25>[B] (+1) +0.447712418<x26>[B] (+1) +0.447712418<x27>[B] (+0) -0.447712418<x28>[B] (+1) +0.447712418<x29>[B] (+0) -0.447712418<x30>[B] (+0) -0.447712418<x31>[B] (+1) +0.447712418<x32>[B] (+1) -0.447712418<x33>[B] (+0) -0.447712418<x34>[B] (+0) -0.447712418<x35>[B] (+0) +0.447712418<x36>[B] (+0) -0.447712418<x37>[B] (+0) -0.447712418<x38>[B] (+0) -0.447712418<x39>[B] (+0) -0.447712418<x40>[B] (+0) -0.447712418<x41>[B] (+0) +0.447712418<x42>[B] (+0) -0.447712418<x43>[B] (+0) +0.447712418<x44>[B] (+0) -0.447712418<x45>[B] (+0) -0.447712418<x46>[B] (+0) +0.447712418<x47>[B] (+0) -0.447712418<x48>[B] (+0) -0.447712418<x49>[B] (+1) +0.447712418<x50>[B] (+0) +0.447712418<x51>[B] (+1) -0.447712418<x52>[B] (+0) -0.447712418<x53>[B] (+1) +0.447712418<x54>[B] (+1) +0.447712418<x55>[B] (+1) +0.447712418<x56>[B] (+0) +0.447712418<x57>[B] (+1) +0.447712418<x58>[B] (+0) +0.447712418<x59>[B] (+1) +0.447712418<x60>[B] (+1) +0.447712418<x61>[B] (+1) +0.447712418<x62>[B] (+1) +0.447712418<x63>[B] (+0) +0.447712418<x64>[B] (+1) +0.447712418<x65>[B] (+0) +0.447712418<x66>[B] (+1) +0.447712418<x67>[B] (+1) +0.447712418<x68>[B] (+1) +0.447712418<x69>[B] (+0) +0.447712418<x70>[B] (+1) +0.447712418<x71>[B] (+0) +0.447712418<x72>[B] (+0) +0.447712418<x73>[B] (+1) +0.447712418<x74>[B] (+1) +0.447712418<x75>[B] (+0) -0.447712418<x76>[B] (+1) -0.447712418<x77>[B] (+0) -0.447712418<x78>[B] (+1) -0.447712418<x79>[B] (+1) -0.447712418<x80>[B] (+1) -0.447712418<x81>[B] (+0) -0.447712418<x82>[B] (+1) -0.447712418<x83>[B] (+0) -0.447712418<x84>[B] (+1) -0.447712418<x85>[B] (+1) +0.447712418<x86>[B] (+1) -0.447712418<x87>[B] (+1) -0.447712418<x88>[B] (+0) -0.447712418<x89>[B] (+0) +0.447712418<x90>[B] (+0) +0.447712418<x91>[B] (+1) +0.447712418<x92>[B] (+0) -0.447712418<x93>[B] (+1) +0.447712418<x94>[B] (+0) +0.447712418<x95>[B] (+0) +0.447712418<x96>[B] (+1) +0.447712418<x97>[B] (+1) +0.447712418<x98>[B] (+0) +0.447712418<x99>[B] (+1) +0.447712418<x100>[B] (+1) +0.447712418<x101>[B] (+1) +0.447712418<x102>[B] (+0) +0.447712418<x103>[B] (+1) +0.447712418<x104>[B] (+0) +0.447712418<x105>[B] (+1) +0.447712418<x106>[B] (+1) +0.447712418<x107>[B] (+1) +0.447712418<x108>[B] (+1) +0.447712418<x109>[B] (+1) +0.447712418<x110>[B] (+1) +0.447712418<x111>[B] (+0) +0.447712418<x112>[B] (+1) +0.447712418<x113>[B] (+0) +0.447712418<x114>[B] (+0) +0.447712418<x115>[B] (+1) +0.447712418<x116>[B] (+1) +0.447712418<x117>[B] (+0) +0.447712418<x118>[B] (+1) +0.447712418<x119>[B] (+0) -0.447712418<x120>[B] (+1) +0.447712418<x121>[B] (+0) +0.447712418<x122>[B] (+0) +0.447712418<x123>[B] (+1) +0.447712418<x124>[B] (+1) +0.447712418<x125>[B] (+0) +0.447712418<x126>[B] (+0) -0.447712418<x127>[B] (+1) +0.447712418<x128>[B] (+0) -0.447712418<x129>[B] (+0) -0.447712418<x130>[B] (+0) +0.447712418<x131>[B] (+1) -0.447712418<x132>[B] (+0) -0.447712418<x133>[B] (+1) -0.447712418<x134>[B] (+0) -0.447712418<x135>[B] (+1) -0.447712418<x136>[B] (+1) +0.447712418<x137>[B] (+1) -0.447712418<x138>[B] (+1) +0.447712418<x139>[B] (+0) +0.447712418<x140>[B] (+0) +0.447712418<x141>[B] (+0) +0.447712418<x142>[B] (+0) +0.447712418<x143>[B] (+0) -0.447712418<x144>[B] (+1) -0.447712418<x145>[B] (+1) +0.447712418<x146>[B] (+1) -0.447712418<x147>[B] (+1) +0.447712418<x148>[B] (+1) +0.447712418<x149>[B] (+1) -0.447712418<x150>[B] (+1) +0.447712418<x151>[B] (+1) -0.447712418<x152>[B] (+0) -0.447712418<x153>[B] (+0) >= 27.1993464052288;
;
violation: left hand side is violated by 0.0392156862745097
  [linear] <c1744>: <x154>[C] (+24.1503268) +0.552287582<x1>[B] (+1) -0.552287582<x2>[B] (+1) -0.552287582<x3>[B] (+1) +0.552287582<x4>[B] (+1) -0.552287582<x5>[B] (+1) +0.552287582<x6>[B] (+1) +0.552287582<x7>[B] (+1) -0.552287582<x8>[B] (+1) +0.552287582<x9>[B] (+1) -0.552287582<x10>[B] (+1) -0.552287582<x11>[B] (+1) -0.552287582<x12>[B] (+1) +0.552287582<x13>[B] (+0) -0.552287582<x14>[B] (+1) -0.552287582<x15>[B] (+1) -0.552287582<x16>[B] (+1) -0.552287582<x17>[B] (+1) -0.552287582<x18>[B] (+1) -0.552287582<x19>[B] (+1) +0.552287582<x20>[B] (+0) -0.552287582<x21>[B] (+1) -0.552287582<x22>[B] (+1) +0.552287582<x23>[B] (+0) -0.552287582<x24>[B] (+0) -0.552287582<x25>[B] (+0) -0.552287582<x26>[B] (+1) -0.552287582<x27>[B] (+0) -0.552287582<x28>[B] (+1) +0.552287582<x29>[B] (+0) -0.552287582<x30>[B] (+0) -0.552287582<x31>[B] (+1) -0.552287582<x32>[B] (+1) -0.552287582<x33>[B] (+0) -0.552287582<x34>[B] (+0) +0.552287582<x35>[B] (+0) -0.552287582<x36>[B] (+0) +0.552287582<x37>[B] (+0) +0.552287582<x38>[B] (+0) -0.552287582<x39>[B] (+0) +0.552287582<x40>[B] (+0) -0.552287582<x41>[B] (+0) -0.552287582<x42>[B] (+0) +0.552287582<x43>[B] (+1) +0.552287582<x44>[B] (+0) +0.552287582<x45>[B] (+0) +0.552287582<x46>[B] (+0) -0.552287582<x47>[B] (+0) -0.552287582<x48>[B] (+0) +0.552287582<x49>[B] (+0) -0.552287582<x50>[B] (+1) +0.552287582<x51>[B] (+1) +0.552287582<x52>[B] (+0) -0.552287582<x53>[B] (+0) +0.552287582<x54>[B] (+0) +0.552287582<x55>[B] (+1) -0.552287582<x56>[B] (+0) +0.552287582<x57>[B] (+1) +0.552287582<x58>[B] (+0) +0.552287582<x59>[B] (+0) +0.552287582<x60>[B] (+1) +0.552287582<x61>[B] (+1) -0.552287582<x62>[B] (+0) -0.552287582<x63>[B] (+1) -0.552287582<x64>[B] (+1) -0.552287582<x65>[B] (+0) -0.552287582<x66>[B] (+1) -0.552287582<x67>[B] (+1) -0.552287582<x68>[B] (+1) -0.552287582<x69>[B] (+0) -0.552287582<x70>[B] (+1) +0.552287582<x71>[B] (+0) -0.552287582<x72>[B] (+0) -0.552287582<x73>[B] (+1) -0.552287582<x74>[B] (+1) -0.552287582<x75>[B] (+1) +0.552287582<x76>[B] (+1) +0.552287582<x77>[B] (+0) -0.552287582<x78>[B] (+0) +0.552287582<x79>[B] (+0) +0.552287582<x80>[B] (+1) -0.552287582<x81>[B] (+0) +0.552287582<x82>[B] (+1) +0.552287582<x83>[B] (+0) +0.552287582<x84>[B] (+0) +0.552287582<x85>[B] (+0) +0.552287582<x86>[B] (+1) -0.552287582<x87>[B] (+0) +0.552287582<x88>[B] (+0) -0.552287582<x89>[B] (+0) -0.552287582<x90>[B] (+0) -0.552287582<x91>[B] (+0) -0.552287582<x92>[B] (+0) -0.552287582<x93>[B] (+1) +0.552287582<x94>[B] (+0) -0.552287582<x95>[B] (+0) -0.552287582<x96>[B] (+0) -0.552287582<x97>[B] (+0) -0.552287582<x98>[B] (+0) -0.552287582<x99>[B] (+1) -0.552287582<x100>[B] (+1) -0.552287582<x101>[B] (+1) -0.552287582<x102>[B] (+1) -0.552287582<x103>[B] (+1) +0.552287582<x104>[B] (+0) -0.552287582<x105>[B] (+1) -0.552287582<x106>[B] (+1) -0.552287582<x107>[B] (+1) -0.552287582<x108>[B] (+1) +0.552287582<x109>[B] (+1) +0.552287582<x110>[B] (+1) +0.552287582<x111>[B] (+0) +0.552287582<x112>[B] (+1) +0.552287582<x113>[B] (+0) +0.552287582<x114>[B] (+0) +0.552287582<x115>[B] (+1) +0.552287582<x116>[B] (+1) +0.552287582<x117>[B] (+0) -0.552287582<x118>[B] (+1) -0.552287582<x119>[B] (+0) -0.552287582<x120>[B] (+1) +0.552287582<x121>[B] (+0) -0.552287582<x122>[B] (+0) -0.552287582<x123>[B] (+1) -0.552287582<x124>[B] (+1) -0.552287582<x125>[B] (+0) -0.552287582<x126>[B] (+0) +0.552287582<x127>[B] (+1) +0.552287582<x128>[B] (+0) +0.552287582<x129>[B] (+0) +0.552287582<x130>[B] (+0) -0.552287582<x131>[B] (+0) -0.552287582<x132>[B] (+0) +0.552287582<x133>[B] (+1) +0.552287582<x134>[B] (+0) +0.552287582<x135>[B] (+1) +0.552287582<x136>[B] (+1) +0.552287582<x137>[B] (+1) -0.552287582<x138>[B] (+1) +0.552287582<x139>[B] (+0) -0.552287582<x140>[B] (+0) -0.552287582<x141>[B] (+0) -0.552287582<x142>[B] (+0) -0.552287582<x143>[B] (+0) -0.552287582<x144>[B] (+1) -0.552287582<x145>[B] (+1) -0.552287582<x146>[B] (+1) -0.552287582<x147>[B] (+1) +0.552287582<x148>[B] (+1) -0.552287582<x149>[B] (+1) -0.552287582<x150>[B] (+1) -0.552287582<x151>[B] (+1) -0.552287582<x152>[B] (+0) -0.552287582<x153>[B] (+0) >= 10.3562091503268;
;
violation: left hand side is violated by 0.0130718954248401
  [linear] <c1748>: <x161>[C] (+36.5359477) -0.683006536<x1>[B] (+1) -0.683006536<x2>[B] (+1) -0.683006536<x3>[B] (+1) -0.683006536<x4>[B] (+1) -0.683006536<x5>[B] (+1) -0.683006536<x6>[B] (+1) +0.683006536<x7>[B] (+1) +0.683006536<x8>[B] (+1) -0.683006536<x9>[B] (+1) -0.683006536<x10>[B] (+1) -0.683006536<x11>[B] (+1) -0.683006536<x12>[B] (+1) +0.683006536<x13>[B] (+0) -0.683006536<x14>[B] (+1) -0.683006536<x15>[B] (+1) -0.683006536<x16>[B] (+1) -0.683006536<x17>[B] (+1) -0.683006536<x18>[B] (+1) -0.683006536<x19>[B] (+0) -0.683006536<x20>[B] (+0) -0.683006536<x21>[B] (+0) +0.683006536<x22>[B] (+0) +0.683006536<x23>[B] (+0) +0.683006536<x24>[B] (+0) -0.683006536<x25>[B] (+0) -0.683006536<x26>[B] (+1) -0.683006536<x27>[B] (+0) -0.683006536<x28>[B] (+1) +0.683006536<x29>[B] (+0) -0.683006536<x30>[B] (+0) -0.683006536<x31>[B] (+1) -0.683006536<x32>[B] (+1) -0.683006536<x33>[B] (+0) +0.683006536<x34>[B] (+0) +0.683006536<x35>[B] (+0) +0.683006536<x36>[B] (+0) +0.683006536<x37>[B] (+0) +0.683006536<x38>[B] (+0) +0.683006536<x39>[B] (+0) +0.683006536<x40>[B] (+0) +0.683006536<x41>[B] (+0) +0.683006536<x42>[B] (+0) +0.683006536<x43>[B] (+1) +0.683006536<x44>[B] (+0) +0.683006536<x45>[B] (+0) +0.683006536<x46>[B] (+0) +0.683006536<x47>[B] (+0) +0.683006536<x48>[B] (+0) +0.683006536<x49>[B] (+0) +0.683006536<x50>[B] (+0) +0.683006536<x51>[B] (+1) +0.683006536<x52>[B] (+0) +0.683006536<x53>[B] (+0) -0.683006536<x54>[B] (+0) +0.683006536<x55>[B] (+1) +0.683006536<x56>[B] (+0) -0.683006536<x57>[B] (+1) +0.683006536<x58>[B] (+0) -0.683006536<x59>[B] (+0) +0.683006536<x60>[B] (+1) -0.683006536<x61>[B] (+1) -0.683006536<x62>[B] (+1) +0.683006536<x63>[B] (+1) +0.683006536<x64>[B] (+1) +0.683006536<x65>[B] (+0) +0.683006536<x66>[B] (+1) -0.683006536<x67>[B] (+1) +0.683006536<x68>[B] (+1) +0.683006536<x69>[B] (+0) -0.683006536<x70>[B] (+1) +0.683006536<x71>[B] (+0) -0.683006536<x72>[B] (+0) +0.683006536<x73>[B] (+1) -0.683006536<x74>[B] (+1) -0.683006536<x75>[B] (+1) +0.683006536<x76>[B] (+1) +0.683006536<x77>[B] (+0) +0.683006536<x78>[B] (+1) -0.683006536<x79>[B] (+1) -0.683006536<x80>[B] (+1) -0.683006536<x81>[B] (+0) -0.683006536<x82>[B] (+1) +0.683006536<x83>[B] (+0) -0.683006536<x84>[B] (+0) -0.683006536<x85>[B] (+1) -0.683006536<x86>[B] (+1) -0.683006536<x87>[B] (+1) +0.683006536<x88>[B] (+0) +0.683006536<x89>[B] (+0) -0.683006536<x90>[B] (+0) -0.683006536<x91>[B] (+1) -0.683006536<x92>[B] (+0) -0.683006536<x93>[B] (+1) +0.683006536<x94>[B] (+0) -0.683006536<x95>[B] (+0) -0.683006536<x96>[B] (+1) -0.683006536<x97>[B] (+1) -0.683006536<x98>[B] (+0) -0.683006536<x99>[B] (+1) -0.683006536<x100>[B] (+1) -0.683006536<x101>[B] (+1) -0.683006536<x102>[B] (+1) -0.683006536<x103>[B] (+1) -0.683006536<x104>[B] (+0) -0.683006536<x105>[B] (+1) -0.683006536<x106>[B] (+1) -0.683006536<x107>[B] (+1) -0.683006536<x108>[B] (+1) -0.683006536<x109>[B] (+1) -0.683006536<x110>[B] (+1) -0.683006536<x111>[B] (+0) -0.683006536<x112>[B] (+1) +0.683006536<x113>[B] (+0) -0.683006536<x114>[B] (+0) -0.683006536<x115>[B] (+1) -0.683006536<x116>[B] (+1) -0.683006536<x117>[B] (+1) +0.683006536<x118>[B] (+1) +0.683006536<x119>[B] (+0) +0.683006536<x120>[B] (+1) +0.683006536<x121>[B] (+0) +0.683006536<x122>[B] (+0) +0.683006536<x123>[B] (+1) +0.683006536<x124>[B] (+1) -0.683006536<x125>[B] (+1) -0.683006536<x126>[B] (+0) -0.683006536<x127>[B] (+1) +0.683006536<x128>[B] (+0) -0.683006536<x129>[B] (+0) -0.683006536<x130>[B] (+1) -0.683006536<x131>[B] (+1) -0.683006536<x132>[B] (+0) -0.683006536<x133>[B] (+1) +0.683006536<x134>[B] (+0) -0.683006536<x135>[B] (+1) +0.683006536<x136>[B] (+1) -0.683006536<x137>[B] (+1) -0.683006536<x138>[B] (+1) +0.683006536<x139>[B] (+0) -0.683006536<x140>[B] (+0) +0.683006536<x141>[B] (+0) -0.683006536<x142>[B] (+0) -0.683006536<x143>[B] (+0) -0.683006536<x144>[B] (+1) -0.683006536<x145>[B] (+1) -0.683006536<x146>[B] (+1) -0.683006536<x147>[B] (+1) +0.683006536<x148>[B] (+1) +0.683006536<x149>[B] (+1) -0.683006536<x150>[B] (+1) -0.683006536<x151>[B] (+1) -0.683006536<x152>[B] (+0) -0.683006536<x153>[B] (+0) >= 5.97712418300654;
;
violation: left hand side is violated by 0.176470588235286
  [linear] <c1762>: <x180>[C] (+20.3300654) -0.506535948<x1>[B] (+1) -0.506535948<x2>[B] (+1) +0.506535948<x3>[B] (+1) -0.506535948<x4>[B] (+1) -0.506535948<x5>[B] (+1) -0.506535948<x6>[B] (+1) -0.506535948<x7>[B] (+1) -0.506535948<x8>[B] (+1) -0.506535948<x9>[B] (+1) -0.506535948<x10>[B] (+1) -0.506535948<x11>[B] (+1) -0.506535948<x12>[B] (+1) -0.506535948<x13>[B] (+0) -0.506535948<x14>[B] (+1) -0.506535948<x15>[B] (+1) +0.506535948<x16>[B] (+1) -0.506535948<x17>[B] (+1) +0.506535948<x18>[B] (+1) +0.506535948<x19>[B] (+0) +0.506535948<x20>[B] (+0) +0.506535948<x21>[B] (+0) +0.506535948<x22>[B] (+0) +0.506535948<x23>[B] (+0) +0.506535948<x24>[B] (+0) +0.506535948<x25>[B] (+0) +0.506535948<x26>[B] (+0) +0.506535948<x27>[B] (+0) +0.506535948<x28>[B] (+1) +0.506535948<x29>[B] (+0) +0.506535948<x30>[B] (+0) +0.506535948<x31>[B] (+0) +0.506535948<x32>[B] (+1) +0.506535948<x33>[B] (+0) +0.506535948<x34>[B] (+0) +0.506535948<x35>[B] (+0) -0.506535948<x36>[B] (+0) -0.506535948<x37>[B] (+0) -0.506535948<x38>[B] (+0) +0.506535948<x39>[B] (+0) -0.506535948<x40>[B] (+0) -0.506535948<x41>[B] (+0) -0.506535948<x42>[B] (+0) +0.506535948<x43>[B] (+1) -0.506535948<x44>[B] (+0) +0.506535948<x45>[B] (+0) -0.506535948<x46>[B] (+0) +0.506535948<x47>[B] (+0) +0.506535948<x48>[B] (+0) -0.506535948<x49>[B] (+0) -0.506535948<x50>[B] (+0) -0.506535948<x51>[B] (+1) -0.506535948<x52>[B] (+0) -0.506535948<x53>[B] (+0) -0.506535948<x54>[B] (+0) -0.506535948<x55>[B] (+1) -0.506535948<x56>[B] (+0) -0.506535948<x57>[B] (+1) -0.506535948<x58>[B] (+0) -0.506535948<x59>[B] (+0) -0.506535948<x60>[B] (+1) +0.506535948<x61>[B] (+1) -0.506535948<x62>[B] (+1) -0.506535948<x63>[B] (+1) -0.506535948<x64>[B] (+1) -0.506535948<x65>[B] (+0) -0.506535948<x66>[B] (+1) -0.506535948<x67>[B] (+1) -0.506535948<x68>[B] (+1) -0.506535948<x69>[B] (+0) -0.506535948<x70>[B] (+1) -0.506535948<x71>[B] (+0) -0.506535948<x72>[B] (+0) -0.506535948<x73>[B] (+1) +0.506535948<x74>[B] (+1) +0.506535948<x75>[B] (+1) +0.506535948<x76>[B] (+1) +0.506535948<x77>[B] (+0) +0.506535948<x78>[B] (+1) +0.506535948<x79>[B] (+1) -0.506535948<x80>[B] (+1) +0.506535948<x81>[B] (+0) +0.506535948<x82>[B] (+1) +0.506535948<x83>[B] (+0) +0.506535948<x84>[B] (+0) +0.506535948<x85>[B] (+1) +0.506535948<x86>[B] (+1) +0.506535948<x87>[B] (+1) -0.506535948<x88>[B] (+0) +0.506535948<x89>[B] (+0) +0.506535948<x90>[B] (+0) -0.506535948<x91>[B] (+1) -0.506535948<x92>[B] (+0) +0.506535948<x93>[B] (+1) +0.506535948<x94>[B] (+0) +0.506535948<x95>[B] (+0) +0.506535948<x96>[B] (+0) +0.506535948<x97>[B] (+1) +0.506535948<x98>[B] (+0) +0.506535948<x99>[B] (+1) +0.506535948<x100>[B] (+1) -0.506535948<x101>[B] (+1) -0.506535948<x102>[B] (+1) +0.506535948<x103>[B] (+1) +0.506535948<x104>[B] (+0) +0.506535948<x105>[B] (+1) +0.506535948<x106>[B] (+1) +0.506535948<x107>[B] (+1) +0.506535948<x108>[B] (+1) -0.506535948<x109>[B] (+1) -0.506535948<x110>[B] (+1) -0.506535948<x111>[B] (+0) +0.506535948<x112>[B] (+1) -0.506535948<x113>[B] (+0) +0.506535948<x114>[B] (+0) -0.506535948<x115>[B] (+1) +0.506535948<x116>[B] (+1) +0.506535948<x117>[B] (+1) -0.506535948<x118>[B] (+1) -0.506535948<x119>[B] (+0) +0.506535948<x120>[B] (+1) +0.506535948<x121>[B] (+0) +0.506535948<x122>[B] (+0) +0.506535948<x123>[B] (+1) +0.506535948<x124>[B] (+1) +0.506535948<x125>[B] (+1) +0.506535948<x126>[B] (+0) +0.506535948<x127>[B] (+1) +0.506535948<x128>[B] (+0) +0.506535948<x129>[B] (+0) +0.506535948<x130>[B] (+0) +0.506535948<x131>[B] (+1) +0.506535948<x132>[B] (+0) +0.506535948<x133>[B] (+1) +0.506535948<x134>[B] (+0) +0.506535948<x135>[B] (+1) +0.506535948<x136>[B] (+1) +0.506535948<x137>[B] (+1) +0.506535948<x138>[B] (+1) -0.506535948<x139>[B] (+0) +0.506535948<x140>[B] (+0) -0.506535948<x141>[B] (+0) +0.506535948<x142>[B] (+0) +0.506535948<x143>[B] (+0) +0.506535948<x144>[B] (+1) -0.506535948<x145>[B] (+1) +0.506535948<x146>[B] (+1) +0.506535948<x147>[B] (+1) -0.506535948<x148>[B] (+1) +0.506535948<x149>[B] (+1) +0.506535948<x150>[B] (+1) +0.506535948<x151>[B] (+1) +0.506535948<x152>[B] (+0) -0.506535948<x153>[B] (+0) >= 24.9477124183007;
;
violation: left hand side is violated by 0.0588235294117396
  [linear] <c1744>: <x154>[C] (+24.1503268) +0.552287582<x1>[B] (+1) -0.552287582<x2>[B] (+1) -0.552287582<x3>[B] (+1) +0.552287582<x4>[B] (+1) -0.552287582<x5>[B] (+1) +0.552287582<x6>[B] (+1) +0.552287582<x7>[B] (+1) -0.552287582<x8>[B] (+1) +0.552287582<x9>[B] (+1) -0.552287582<x10>[B] (+1) -0.552287582<x11>[B] (+1) -0.552287582<x12>[B] (+1) +0.552287582<x13>[B] (+0) -0.552287582<x14>[B] (+1) -0.552287582<x15>[B] (+1) -0.552287582<x16>[B] (+1) -0.552287582<x17>[B] (+1) -0.552287582<x18>[B] (+1) -0.552287582<x19>[B] (+0) +0.552287582<x20>[B] (+0) -0.552287582<x21>[B] (+1) -0.552287582<x22>[B] (+1) +0.552287582<x23>[B] (+0) -0.552287582<x24>[B] (+0) -0.552287582<x25>[B] (+1) -0.552287582<x26>[B] (+1) -0.552287582<x27>[B] (+0) -0.552287582<x28>[B] (+1) +0.552287582<x29>[B] (+0) -0.552287582<x30>[B] (+0) -0.552287582<x31>[B] (+1) -0.552287582<x32>[B] (+1) -0.552287582<x33>[B] (+0) -0.552287582<x34>[B] (+0) +0.552287582<x35>[B] (+0) -0.552287582<x36>[B] (+0) +0.552287582<x37>[B] (+0) +0.552287582<x38>[B] (+0) -0.552287582<x39>[B] (+0) +0.552287582<x40>[B] (+0) -0.552287582<x41>[B] (+0) -0.552287582<x42>[B] (+0) +0.552287582<x43>[B] (+1) +0.552287582<x44>[B] (+0) +0.552287582<x45>[B] (+0) +0.552287582<x46>[B] (+0) -0.552287582<x47>[B] (+0) -0.552287582<x48>[B] (+0) +0.552287582<x49>[B] (+1) -0.552287582<x50>[B] (+1) +0.552287582<x51>[B] (+1) +0.552287582<x52>[B] (+0) -0.552287582<x53>[B] (+1) +0.552287582<x54>[B] (+1) +0.552287582<x55>[B] (+1) -0.552287582<x56>[B] (+0) +0.552287582<x57>[B] (+1) +0.552287582<x58>[B] (+0) +0.552287582<x59>[B] (+1) +0.552287582<x60>[B] (+1) +0.552287582<x61>[B] (+1) -0.552287582<x62>[B] (+1) -0.552287582<x63>[B] (+1) -0.552287582<x64>[B] (+1) -0.552287582<x65>[B] (+0) -0.552287582<x66>[B] (+1) -0.552287582<x67>[B] (+1) -0.552287582<x68>[B] (+1) -0.552287582<x69>[B] (+0) -0.552287582<x70>[B] (+1) +0.552287582<x71>[B] (+0) -0.552287582<x72>[B] (+0) -0.552287582<x73>[B] (+1) -0.552287582<x74>[B] (+1) -0.552287582<x75>[B] (+1) +0.552287582<x76>[B] (+1) +0.552287582<x77>[B] (+0) -0.552287582<x78>[B] (+0) +0.552287582<x79>[B] (+0) +0.552287582<x80>[B] (+1) -0.552287582<x81>[B] (+0) +0.552287582<x82>[B] (+1) +0.552287582<x83>[B] (+0) +0.552287582<x84>[B] (+0) +0.552287582<x85>[B] (+1) +0.552287582<x86>[B] (+1) -0.552287582<x87>[B] (+0) +0.552287582<x88>[B] (+0) -0.552287582<x89>[B] (+0) -0.552287582<x90>[B] (+0) -0.552287582<x91>[B] (+1) -0.552287582<x92>[B] (+0) -0.552287582<x93>[B] (+1) +0.552287582<x94>[B] (+0) -0.552287582<x95>[B] (+0) -0.552287582<x96>[B] (+1) -0.552287582<x97>[B] (+1) -0.552287582<x98>[B] (+0) -0.552287582<x99>[B] (+1) -0.552287582<x100>[B] (+1) -0.552287582<x101>[B] (+1) -0.552287582<x102>[B] (+0) -0.552287582<x103>[B] (+1) +0.552287582<x104>[B] (+0) -0.552287582<x105>[B] (+1) -0.552287582<x106>[B] (+1) -0.552287582<x107>[B] (+1) -0.552287582<x108>[B] (+1) +0.552287582<x109>[B] (+1) +0.552287582<x110>[B] (+1) +0.552287582<x111>[B] (+0) +0.552287582<x112>[B] (+1) +0.552287582<x113>[B] (+0) +0.552287582<x114>[B] (+0) +0.552287582<x115>[B] (+1) +0.552287582<x116>[B] (+1) +0.552287582<x117>[B] (+1) -0.552287582<x118>[B] (+1) -0.552287582<x119>[B] (+0) -0.552287582<x120>[B] (+1) +0.552287582<x121>[B] (+0) -0.552287582<x122>[B] (+0) -0.552287582<x123>[B] (+1) -0.552287582<x124>[B] (+1) -0.552287582<x125>[B] (+0) -0.552287582<x126>[B] (+0) +0.552287582<x127>[B] (+1) +0.552287582<x128>[B] (+0) +0.552287582<x129>[B] (+0) +0.552287582<x130>[B] (+0) -0.552287582<x131>[B] (+1) -0.552287582<x132>[B] (+0) +0.552287582<x133>[B] (+1) +0.552287582<x134>[B] (+0) +0.552287582<x135>[B] (+1) +0.552287582<x136>[B] (+1) +0.552287582<x137>[B] (+1) -0.552287582<x138>[B] (+1) +0.552287582<x139>[B] (+0) -0.552287582<x140>[B] (+0) -0.552287582<x141>[B] (+0) -0.552287582<x142>[B] (+0) -0.552287582<x143>[B] (+0) -0.552287582<x144>[B] (+1) -0.552287582<x145>[B] (+1) -0.552287582<x146>[B] (+1) -0.552287582<x147>[B] (+1) +0.552287582<x148>[B] (+1) -0.552287582<x149>[B] (+1) -0.552287582<x150>[B] (+1) -0.552287582<x151>[B] (+1) -0.552287582<x152>[B] (+0) -0.552287582<x153>[B] (+0) >= 10.3562091503268;
;
violation: left hand side is violated by 0.0130718954248366
1/10 feasible solution given by solution candidate storage, new primal bound -6.161882e+02

presolving:
   (0.0s) symmetry computation started: requiring (bin +, int +, cont +), (fixed: bin -, int -, cont -)
   (0.0s) no symmetry present (symcode time: 0.00)
presolving (0 rounds: 0 fast, 0 medium, 0 exhaustive):
 0 deleted vars, 0 deleted constraints, 0 added constraints, 0 tightened bounds, 0 added holes, 0 changed sides, 0 changed coefficients
 0 implications, 0 cliques, 0 implied integral variables (0 bin, 0 int, 0 cont)
presolved problem has 193 variables (153 bin, 0 int, 40 cont) and 1771 constraints
   1771 constraints of type <linear>
Presolving Time: 0.01
transformed 2/2 original solutions to the transformed problem space

 time | node  | left  |LP iter|LP it/n|mem/heur|mdpt |vars |cons |rows |cuts |sepa|confs|strbr|  dualbound   | primalbound  |  gap   | compl. 
  0.1s|     1 |     0 |   528 |     - |    38M |   0 | 193 |1771 |1771 |   0 |  0 |   0 |   0 |-5.655476e+02 |-6.161882e+02 |   8.95%| unknown
  0.1s|     1 |     0 |   549 |     - |    39M |   0 | 193 |1772 |1772 |   1 |  1 |   1 |   0 |-5.656978e+02 |-6.161882e+02 |   8.93%| unknown
  0.2s|     1 |     0 |   567 |     - |    39M |   0 | 193 |1772 |1773 |   2 |  2 |   1 |   0 |-5.657172e+02 |-6.161882e+02 |   8.92%| unknown
  0.3s|     1 |     0 |   595 |     - |    39M |   0 | 193 |1772 |1776 |   5 |  3 |   1 |   0 |-5.657458e+02 |-6.161882e+02 |   8.92%| unknown
  0.3s|     1 |     0 |   616 |     - |    39M |   0 | 193 |1772 |1778 |   7 |  4 |   1 |   0 |-5.657662e+02 |-6.161882e+02 |   8.91%| unknown
  0.4s|     1 |     0 |   629 |     - |    40M |   0 | 193 |1772 |1780 |   9 |  5 |   1 |   0 |-5.657735e+02 |-6.161882e+02 |   8.91%| unknown
  0.5s|     1 |     0 |   638 |     - |    40M |   0 | 193 |1772 |1781 |  10 |  6 |   1 |   0 |-5.657788e+02 |-6.161882e+02 |   8.91%| unknown
  0.5s|     1 |     0 |   662 |     - |    40M |   0 | 193 |1773 |1783 |  12 |  7 |   2 |   0 |-5.658171e+02 |-6.161882e+02 |   8.90%| unknown
  0.6s|     1 |     0 |   677 |     - |    40M |   0 | 193 |1773 |1786 |  15 |  8 |   2 |   0 |-5.658306e+02 |-6.161882e+02 |   8.90%| unknown
  0.7s|     1 |     0 |   713 |     - |    40M |   0 | 193 |1774 |1788 |  17 |  9 |   3 |   0 |-5.658750e+02 |-6.161882e+02 |   8.89%| unknown
  0.8s|     1 |     0 |   717 |     - |    41M |   0 | 193 |1774 |1789 |  18 | 10 |   3 |   0 |-5.658757e+02 |-6.161882e+02 |   8.89%| unknown
  0.8s|     1 |     0 |   726 |     - |    41M |   0 | 193 |1774 |1790 |  19 | 11 |   3 |   0 |-5.658769e+02 |-6.161882e+02 |   8.89%| unknown
r 0.8s|     1 |     0 |   797 |     - |intshift|   0 | 193 |1774 |1790 |  19 | 11 |   3 |   0 |-5.658769e+02 |-5.857026e+02 |   3.50%| unknown
d 0.8s|     1 |     0 |   977 |     - |farkasdi|   0 | 193 |1774 |1790 |   0 | 11 |   3 |   0 |-5.658769e+02 |-5.672974e+02 |   0.25%| unknown
L 0.9s|     1 |     0 |   977 |     - |    rens|   0 | 193 |1774 |1790 |  19 | 11 |  66 |   0 |-5.658769e+02 |-5.671732e+02 |   0.23%| unknown
(run 1, node 1) restarting after 63 global fixings of integer variables

(restart) converted 19 cuts from the global cut pool into linear constraints

presolving:
presolving (0 rounds: 0 fast, 0 medium, 0 exhaustive):
 0 deleted vars, 0 deleted constraints, 0 added constraints, 0 tightened bounds, 0 added holes, 0 changed sides, 0 changed coefficients
 0 implications, 0 cliques, 0 implied integral variables (0 bin, 0 int, 0 cont)
presolved problem has 193 variables (153 bin, 0 int, 40 cont) and 1792 constraints
   1790 constraints of type <linear>
      2 constraints of type <logicor>
Presolving Time: 0.01
transformed 11/18 original solutions to the transformed problem space

 time | node  | left  |LP iter|LP it/n|mem/heur|mdpt |vars |cons |rows |cuts |sepa|confs|strbr|  dualbound   | primalbound  |  gap   | compl. 
  0.9s|     1 |     0 |  1478 |     - |    41M |   0 | 193 |1673 | 847 |   0 |  0 |  66 |   0 |-5.658769e+02 |-5.671732e+02 |   0.23%| unknown
  0.9s|     1 |     0 |  1478 |     - |    41M |   0 | 193 |1673 | 794 |   0 |  0 |  66 |   0 |-5.658769e+02 |-5.671732e+02 |   0.23%| unknown
  1.0s|     1 |     0 |  1508 |     - |    41M |   0 | 193 |1673 | 799 |   5 |  1 |  66 |   0 |-5.658953e+02 |-5.671732e+02 |   0.23%| unknown
  1.0s|     1 |     0 |  1508 |     - |    41M |   0 | 193 |1673 | 790 |   5 |  1 |  66 |   0 |-5.658953e+02 |-5.671732e+02 |   0.23%| unknown
  1.1s|     1 |     0 |  1537 |     - |    41M |   0 | 193 |1673 | 792 |   7 |  2 |  66 |   0 |-5.659096e+02 |-5.671732e+02 |   0.22%| unknown
  1.2s|     1 |     0 |  1537 |     - |    41M |   0 | 193 |1673 | 778 |   7 |  2 |  66 |   0 |-5.659096e+02 |-5.671732e+02 |   0.22%| unknown
  1.3s|     1 |     0 |  1571 |     - |    41M |   0 | 193 |1673 | 779 |   8 |  3 |  66 |   0 |-5.659263e+02 |-5.671732e+02 |   0.22%| unknown
  1.4s|     1 |     0 |  1592 |     - |    41M |   0 | 193 |1673 | 782 |  11 |  4 |  66 |   0 |-5.659338e+02 |-5.671732e+02 |   0.22%| unknown
  1.6s|     1 |     0 |  1613 |     - |    41M |   0 | 193 |1673 | 784 |  13 |  5 |  66 |   0 |-5.659366e+02 |-5.671732e+02 |   0.22%| unknown
  1.7s|     1 |     0 |  1646 |     - |    41M |   0 | 193 |1673 | 785 |  14 |  6 |  66 |   0 |-5.659425e+02 |-5.671732e+02 |   0.22%| unknown
  1.9s|     1 |     0 |  1669 |     - |    42M |   0 | 193 |1673 | 786 |  15 |  7 |  66 |   0 |-5.659502e+02 |-5.671732e+02 |   0.22%| unknown
  2.0s|     1 |     0 |  1693 |     - |    42M |   0 | 193 |1673 | 787 |  16 |  8 |  66 |   0 |-5.659560e+02 |-5.671732e+02 |   0.22%| unknown
  2.2s|     1 |     0 |  1732 |     - |    42M |   0 | 193 |1673 | 788 |  17 |  9 |  66 |   0 |-5.659638e+02 |-5.671732e+02 |   0.21%| unknown
  2.3s|     1 |     0 |  1755 |     - |    42M |   0 | 193 |1674 | 790 |  19 | 10 |  67 |   0 |-5.659744e+02 |-5.671732e+02 |   0.21%| unknown
  2.3s|     1 |     0 |  1755 |     - |    42M |   0 | 193 |1674 | 777 |  19 | 10 |  67 |   0 |-5.659744e+02 |-5.671732e+02 |   0.21%| unknown
 time | node  | left  |LP iter|LP it/n|mem/heur|mdpt |vars |cons |rows |cuts |sepa|confs|strbr|  dualbound   | primalbound  |  gap   | compl. 
  2.4s|     1 |     0 |  1767 |     - |    42M |   0 | 193 |1674 | 778 |  20 | 11 |  67 |   0 |-5.659756e+02 |-5.671732e+02 |   0.21%| unknown
  2.4s|     1 |     0 |  1767 |     - |    42M |   0 | 193 |1674 | 766 |  20 | 11 |  67 |   0 |-5.659756e+02 |-5.671732e+02 |   0.21%| unknown
  2.4s|     1 |     0 |  1767 |     - |    42M |   0 | 193 |1492 | 766 |  20 | 11 |  67 |   0 |-5.659756e+02 |-5.671732e+02 |   0.21%| unknown
  2.6s|     1 |     0 |  1776 |     - |    42M |   0 | 193 |1492 | 767 |  21 | 12 |  67 |   0 |-5.659760e+02 |-5.671732e+02 |   0.21%| unknown
  2.7s|     1 |     0 |  1781 |     - |    42M |   0 | 193 |1492 | 769 |  23 | 13 |  67 |   0 |-5.659761e+02 |-5.671732e+02 |   0.21%| unknown
  2.8s|     1 |     0 |  1784 |     - |    42M |   0 | 193 |1492 | 770 |  24 | 14 |  67 |   0 |-5.659762e+02 |-5.671732e+02 |   0.21%| unknown
  2.9s|     1 |     0 |  1812 |     - |    42M |   0 | 193 |1493 | 755 |  26 | 15 |  68 |   0 |-5.659769e+02 |-5.671732e+02 |   0.21%| unknown
  3.1s|     1 |     0 |  1829 |     - |    42M |   0 | 193 |1493 | 757 |  28 | 16 |  68 |   0 |-5.659794e+02 |-5.671732e+02 |   0.21%| unknown
  3.2s|     1 |     0 |  1845 |     - |    42M |   0 | 193 |1494 | 759 |  30 | 17 |  69 |   0 |-5.659857e+02 |-5.671732e+02 |   0.21%| unknown
  3.4s|     1 |     0 |  2125 |     - |    42M |   0 | 193 |1489 | 759 |  30 | 18 |  70 |   1 |-5.660788e+02 |-5.671732e+02 |   0.19%| unknown
  3.5s|     1 |     0 |  2125 |     - |    42M |   0 | 193 |1440 | 759 |  30 | 19 |  70 |   2 |-5.664872e+02 |-5.671732e+02 |   0.12%| unknown
  3.6s|     1 |     0 |  2125 |     - |    42M |   0 | 193 |1440 | 759 |  30 | 20 |  70 |   3 |-5.664872e+02 |-5.671732e+02 |   0.12%| unknown
  3.7s|     1 |     0 |  2125 |     - |    42M |   0 | 193 |1440 | 759 |  30 | 21 |  70 |   5 |-5.664872e+02 |-5.671732e+02 |   0.12%| unknown
  3.9s|     1 |     0 |  2125 |     - |    42M |   0 | 193 |1440 | 759 |  30 | 22 |  70 |   6 |-5.664872e+02 |-5.671732e+02 |   0.12%| unknown
  4.0s|     1 |     0 |  2125 |     - |    42M |   0 | 193 |1440 | 759 |  30 | 23 |  70 |  10 |-5.664872e+02 |-5.671732e+02 |   0.12%| unknown
 time | node  | left  |LP iter|LP it/n|mem/heur|mdpt |vars |cons |rows |cuts |sepa|confs|strbr|  dualbound   | primalbound  |  gap   | compl. 
  4.1s|     1 |     0 |  2206 |     - |    42M |   0 | 193 |1420 | 759 |  30 | 24 |  72 |  15 |-5.664872e+02 |-5.671732e+02 |   0.12%| unknown
  4.2s|     1 |     0 |  2206 |     - |    42M |   0 | 193 |1420 | 594 |  30 | 24 |  72 |  15 |-5.664872e+02 |-5.671732e+02 |   0.12%| unknown
  4.2s|     1 |     0 |  2214 |     - |    42M |   0 | 193 |1420 | 597 |  33 | 25 |  72 |  15 |-5.664872e+02 |-5.671732e+02 |   0.12%| unknown
  4.3s|     1 |     0 |  2214 |     - |    42M |   0 | 193 |1202 | 597 |  33 | 26 |  72 |  15 |-5.664872e+02 |-5.671732e+02 |   0.12%| unknown
  4.3s|     1 |     0 |  2214 |     - |    42M |   0 | 193 |1202 | 597 |  33 | 27 |  72 |  16 |-5.664904e+02 |-5.671732e+02 |   0.12%| unknown
  4.4s|     1 |     0 |  2214 |     - |    42M |   0 | 193 |1202 | 597 |  33 | 28 |  72 |  17 |-5.667183e+02 |-5.671732e+02 |   0.08%| unknown
  4.5s|     1 |     0 |  2214 |     - |    42M |   0 | 193 |1202 | 597 |  33 | 29 |  72 |  18 |-5.667183e+02 |-5.671732e+02 |   0.08%| unknown
  4.6s|     1 |     0 |  2214 |     - |    42M |   0 | 193 |1202 | 597 |  33 | 30 |  72 |  21 |-5.667183e+02 |-5.671732e+02 |   0.08%| unknown
  4.7s|     1 |     0 |  2214 |     - |    42M |   0 | 193 |1202 | 597 |  33 | 31 |  72 |  23 |-5.667183e+02 |-5.671732e+02 |   0.08%| unknown
  4.8s|     1 |     0 |  2214 |     - |    42M |   0 | 193 |1202 | 597 |  33 | 32 |  72 |  25 |-5.667183e+02 |-5.671732e+02 |   0.08%| unknown
  4.9s|     1 |     0 |  2241 |     - |    42M |   0 | 193 |1155 | 597 |  33 | 33 |  77 |  29 |-5.667183e+02 |-5.671732e+02 |   0.08%| unknown
  4.9s|     1 |     0 |  2241 |     - |    42M |   0 | 193 |1155 | 537 |  33 | 33 |  77 |  29 |-5.667183e+02 |-5.671732e+02 |   0.08%| unknown
  5.0s|     1 |     0 |  2241 |     - |    42M |   0 | 193 |1081 | 537 |  33 | 34 |  77 |  29 |-5.667183e+02 |-5.671732e+02 |   0.08%| unknown
  5.0s|     1 |     0 |  2269 |     - |    42M |   0 | 193 |1022 | 537 |  33 | 35 |  81 |  31 |-5.667183e+02 |-5.671732e+02 |   0.08%| unknown
  5.0s|     1 |     0 |  2269 |     - |    42M |   0 | 193 |1022 | 433 |  33 | 35 |  81 |  31 |-5.667183e+02 |-5.671732e+02 |   0.08%| unknown
 time | node  | left  |LP iter|LP it/n|mem/heur|mdpt |vars |cons |rows |cuts |sepa|confs|strbr|  dualbound   | primalbound  |  gap   | compl. 
  5.1s|     1 |     0 |  2269 |     - |    42M |   0 | 193 | 922 | 433 |  33 | 36 |  81 |  31 |-5.667183e+02 |-5.671732e+02 |   0.08%| unknown
  5.1s|     1 |     0 |  2302 |     - |    42M |   0 | 193 | 850 | 433 |  33 | 37 |  83 |  32 |-5.667201e+02 |-5.671732e+02 |   0.08%| unknown
  5.1s|     1 |     0 |  2302 |     - |    42M |   0 | 193 | 850 | 373 |  33 | 37 |  83 |  32 |-5.667201e+02 |-5.671732e+02 |   0.08%| unknown
  5.2s|     1 |     0 |  2314 |     - |    42M |   0 | 193 | 849 | 375 |  35 | 38 |  83 |  32 |-5.667354e+02 |-5.671732e+02 |   0.08%| unknown
  5.2s|     1 |     0 |  2320 |     - |    43M |   0 | 193 | 849 | 376 |  36 | 39 |  83 |  32 |-5.667467e+02 |-5.671732e+02 |   0.08%| unknown
  5.2s|     1 |     0 |  2320 |     - |    43M |   0 | 193 | 830 | 376 |  36 | 39 |  83 |  32 |-5.667467e+02 |-5.671732e+02 |   0.08%| unknown
  5.2s|     1 |     0 |  2325 |     - |    43M |   0 | 193 | 745 | 376 |  36 | 40 |  85 |  33 |-5.667549e+02 |-5.671732e+02 |   0.07%| unknown
  5.2s|     1 |     2 |  2325 |     - |    43M |   0 | 193 | 745 | 376 |  36 | 41 |  85 |  33 |-5.667549e+02 |-5.671732e+02 |   0.07%| unknown

SCIP Status        : problem is solved [optimal solution found]
Solving Time (sec) : 5.26
Solving Nodes      : 3 (total of 4 nodes in 2 runs)
Primal Bound       : -5.67173202614379e+02 (46 solutions)
Dual Bound         : -5.67173202614379e+02
Gap                : 0.00 %
  [linear] <c1772>: <x154>[C] (+21.9542484) +0.532679739<x1>[B] (+1) -0.532679739<x2>[B] (+1) -0.532679739<x3>[B] (+1) +0.532679739<x4>[B] (+1) -0.532679739<x5>[B] (+1) +0.532679739<x6>[B] (+1) +0.532679739<x7>[B] (+1) -0.532679739<x8>[B] (+1) +0.532679739<x9>[B] (+1) -0.532679739<x10>[B] (+1) -0.532679739<x11>[B] (+1) -0.532679739<x12>[B] (+1) +0.532679739<x13>[B] (+0) -0.532679739<x14>[B] (+1) -0.532679739<x15>[B] (+1) -0.532679739<x16>[B] (+1) -0.532679739<x17>[B] (+1) -0.532679739<x18>[B] (+1) -0.532679739<x19>[B] (+0) +0.532679739<x20>[B] (+0) -0.532679739<x21>[B] (+0) -0.532679739<x22>[B] (+1) +0.532679739<x23>[B] (+0) -0.532679739<x24>[B] (+1) -0.532679739<x25>[B] (+1) -0.532679739<x26>[B] (+1) -0.532679739<x27>[B] (+0) -0.532679739<x28>[B] (+1) +0.532679739<x29>[B] (+0) -0.532679739<x30>[B] (+0) -0.532679739<x31>[B] (+1) -0.532679739<x32>[B] (+1) -0.532679739<x33>[B] (+0) -0.532679739<x34>[B] (+0) +0.532679739<x35>[B] (+0) -0.532679739<x36>[B] (+0) +0.532679739<x37>[B] (+1) +0.532679739<x38>[B] (+0) -0.532679739<x39>[B] (+0) +0.532679739<x40>[B] (+0) -0.532679739<x41>[B] (+1) -0.532679739<x42>[B] (+0) +0.532679739<x43>[B] (+1) +0.532679739<x44>[B] (+0) +0.532679739<x45>[B] (+0) +0.532679739<x46>[B] (+0) -0.532679739<x47>[B] (+0) -0.532679739<x48>[B] (+0) +0.532679739<x49>[B] (+1) -0.532679739<x50>[B] (+0) +0.532679739<x51>[B] (+1) +0.532679739<x52>[B] (+0) -0.532679739<x53>[B] (+1) +0.532679739<x54>[B] (+1) +0.532679739<x55>[B] (+1) -0.532679739<x56>[B] (+0) +0.532679739<x57>[B] (+1) +0.532679739<x58>[B] (+0) +0.532679739<x59>[B] (+1) +0.532679739<x60>[B] (+1) +0.532679739<x61>[B] (+1) -0.532679739<x62>[B] (+1) -0.532679739<x63>[B] (+0) -0.532679739<x64>[B] (+1) -0.532679739<x65>[B] (+0) -0.532679739<x66>[B] (+1) -0.532679739<x67>[B] (+1) -0.532679739<x68>[B] (+1) -0.532679739<x69>[B] (+0) -0.532679739<x70>[B] (+1) +0.532679739<x71>[B] (+0) -0.532679739<x72>[B] (+0) -0.532679739<x73>[B] (+1) -0.532679739<x74>[B] (+1) -0.532679739<x75>[B] (+0) +0.532679739<x76>[B] (+1) +0.532679739<x77>[B] (+0) -0.532679739<x78>[B] (+1) +0.532679739<x79>[B] (+1) +0.532679739<x80>[B] (+1) -0.532679739<x81>[B] (+0) +0.532679739<x82>[B] (+1) +0.532679739<x83>[B] (+0) +0.532679739<x84>[B] (+1) +0.532679739<x85>[B] (+1) +0.532679739<x86>[B] (+1) -0.532679739<x87>[B] (+1) +0.532679739<x88>[B] (+0) -0.532679739<x89>[B] (+0) -0.532679739<x90>[B] (+0) -0.532679739<x91>[B] (+1) -0.532679739<x92>[B] (+0) -0.532679739<x93>[B] (+1) +0.532679739<x94>[B] (+0) -0.532679739<x95>[B] (+0) -0.532679739<x96>[B] (+0) -0.532679739<x97>[B] (+0) -0.532679739<x98>[B] (+0) -0.532679739<x99>[B] (+1) -0.532679739<x100>[B] (+1) -0.532679739<x101>[B] (+1) -0.532679739<x102>[B] (+1) -0.532679739<x103>[B] (+1) +0.532679739<x104>[B] (+0) -0.532679739<x105>[B] (+1) -0.532679739<x106>[B] (+1) -0.532679739<x107>[B] (+1) -0.532679739<x108>[B] (+1) +0.532679739<x109>[B] (+1) +0.532679739<x110>[B] (+1) +0.532679739<x111>[B] (+0) +0.532679739<x112>[B] (+1) +0.532679739<x113>[B] (+0) +0.532679739<x114>[B] (+0) +0.532679739<x115>[B] (+1) +0.532679739<x116>[B] (+1) +0.532679739<x117>[B] (+0) -0.532679739<x118>[B] (+1) -0.532679739<x119>[B] (+0) -0.532679739<x120>[B] (+1) +0.532679739<x121>[B] (+0) -0.532679739<x122>[B] (+0) -0.532679739<x123>[B] (+1) -0.532679739<x124>[B] (+1) -0.532679739<x125>[B] (+0) -0.532679739<x126>[B] (+0) +0.532679739<x127>[B] (+1) +0.532679739<x128>[B] (+0) +0.532679739<x129>[B] (+0) +0.532679739<x130>[B] (+0) -0.532679739<x131>[B] (+0) -0.532679739<x132>[B] (+0) +0.532679739<x133>[B] (+1) +0.532679739<x134>[B] (+0) +0.532679739<x135>[B] (+1) +0.532679739<x136>[B] (+1) +0.532679739<x137>[B] (+1) -0.532679739<x138>[B] (+1) +0.532679739<x139>[B] (+0) -0.532679739<x140>[B] (+0) -0.532679739<x141>[B] (+0) -0.532679739<x142>[B] (+0) -0.532679739<x143>[B] (+0) -0.532679739<x144>[B] (+1) -0.532679739<x145>[B] (+1) -0.532679739<x146>[B] (+1) -0.532679739<x147>[B] (+1) +0.532679739<x148>[B] (+1) -0.532679739<x149>[B] (+1) -0.532679739<x150>[B] (+1) -0.532679739<x151>[B] (+1) -0.532679739<x152>[B] (+0) -0.532679739<x153>[B] (+0) >= 10.7875816993464;
;
violation: left hand side is violated by 0.0196078431372442
  [linear] <c1772>: <x154>[C] (+21.4019608) +0.532679739<x1>[B] (+1) -0.532679739<x2>[B] (+1) -0.532679739<x3>[B] (+1) +0.532679739<x4>[B] (+1) -0.532679739<x5>[B] (+1) +0.532679739<x6>[B] (+1) +0.532679739<x7>[B] (+1) -0.532679739<x8>[B] (+1) +0.532679739<x9>[B] (+1) -0.532679739<x10>[B] (+1) -0.532679739<x11>[B] (+1) -0.532679739<x12>[B] (+1) +0.532679739<x13>[B] (+0) -0.532679739<x14>[B] (+1) -0.532679739<x15>[B] (+1) -0.532679739<x16>[B] (+1) -0.532679739<x17>[B] (+1) -0.532679739<x18>[B] (+1) -0.532679739<x19>[B] (+0) +0.532679739<x20>[B] (+0) -0.532679739<x21>[B] (+0) -0.532679739<x22>[B] (+1) +0.532679739<x23>[B] (+0) -0.532679739<x24>[B] (+0) -0.532679739<x25>[B] (+1) -0.532679739<x26>[B] (+1) -0.532679739<x27>[B] (+0) -0.532679739<x28>[B] (+1) +0.532679739<x29>[B] (+0) -0.532679739<x30>[B] (+0) -0.532679739<x31>[B] (+1) -0.532679739<x32>[B] (+1) -0.532679739<x33>[B] (+0) -0.532679739<x34>[B] (+0) +0.532679739<x35>[B] (+0) -0.532679739<x36>[B] (+0) +0.532679739<x37>[B] (+1) +0.532679739<x38>[B] (+0) -0.532679739<x39>[B] (+0) +0.532679739<x40>[B] (+0) -0.532679739<x41>[B] (+1) -0.532679739<x42>[B] (+0) +0.532679739<x43>[B] (+1) +0.532679739<x44>[B] (+0) +0.532679739<x45>[B] (+0) +0.532679739<x46>[B] (+0) -0.532679739<x47>[B] (+0) -0.532679739<x48>[B] (+0) +0.532679739<x49>[B] (+1) -0.532679739<x50>[B] (+0) +0.532679739<x51>[B] (+1) +0.532679739<x52>[B] (+0) -0.532679739<x53>[B] (+1) +0.532679739<x54>[B] (+1) +0.532679739<x55>[B] (+1) -0.532679739<x56>[B] (+0) +0.532679739<x57>[B] (+1) +0.532679739<x58>[B] (+0) +0.532679739<x59>[B] (+1) +0.532679739<x60>[B] (+1) +0.532679739<x61>[B] (+1) -0.532679739<x62>[B] (+1) -0.532679739<x63>[B] (+0) -0.532679739<x64>[B] (+1) -0.532679739<x65>[B] (+0) -0.532679739<x66>[B] (+1) -0.532679739<x67>[B] (+1) -0.532679739<x68>[B] (+1) -0.532679739<x69>[B] (+0) -0.532679739<x70>[B] (+1) +0.532679739<x71>[B] (+0) -0.532679739<x72>[B] (+0) -0.532679739<x73>[B] (+1) -0.532679739<x74>[B] (+1) -0.532679739<x75>[B] (+0) +0.532679739<x76>[B] (+1) +0.532679739<x77>[B] (+0) -0.532679739<x78>[B] (+1) +0.532679739<x79>[B] (+1) +0.532679739<x80>[B] (+1) -0.532679739<x81>[B] (+0) +0.532679739<x82>[B] (+1) +0.532679739<x83>[B] (+0) +0.532679739<x84>[B] (+1) +0.532679739<x85>[B] (+1) +0.532679739<x86>[B] (+1) -0.532679739<x87>[B] (+1) +0.532679739<x88>[B] (+0) -0.532679739<x89>[B] (+0) -0.532679739<x90>[B] (+0) -0.532679739<x91>[B] (+1) -0.532679739<x92>[B] (+0) -0.532679739<x93>[B] (+1) +0.532679739<x94>[B] (+0) -0.532679739<x95>[B] (+0) -0.532679739<x96>[B] (+0) -0.532679739<x97>[B] (+0) -0.532679739<x98>[B] (+0) -0.532679739<x99>[B] (+1) -0.532679739<x100>[B] (+1) -0.532679739<x101>[B] (+1) -0.532679739<x102>[B] (+1) -0.532679739<x103>[B] (+1) +0.532679739<x104>[B] (+0) -0.532679739<x105>[B] (+1) -0.532679739<x106>[B] (+1) -0.532679739<x107>[B] (+1) -0.532679739<x108>[B] (+1) +0.532679739<x109>[B] (+1) +0.532679739<x110>[B] (+1) +0.532679739<x111>[B] (+0) +0.532679739<x112>[B] (+1) +0.532679739<x113>[B] (+0) +0.532679739<x114>[B] (+0) +0.532679739<x115>[B] (+1) +0.532679739<x116>[B] (+1) +0.532679739<x117>[B] (+0) -0.532679739<x118>[B] (+1) -0.532679739<x119>[B] (+0) -0.532679739<x120>[B] (+1) +0.532679739<x121>[B] (+0) -0.532679739<x122>[B] (+0) -0.532679739<x123>[B] (+1) -0.532679739<x124>[B] (+1) -0.532679739<x125>[B] (+0) -0.532679739<x126>[B] (+0) +0.532679739<x127>[B] (+1) +0.532679739<x128>[B] (+0) +0.532679739<x129>[B] (+0) +0.532679739<x130>[B] (+1.88737914e-13) -0.532679739<x131>[B] (+1.88737914e-13) -0.532679739<x132>[B] (+0) +0.532679739<x133>[B] (+1) +0.532679739<x134>[B] (+0) +0.532679739<x135>[B] (+1) +0.532679739<x136>[B] (+1) +0.532679739<x137>[B] (+1) -0.532679739<x138>[B] (+1) +0.532679739<x139>[B] (+0) -0.532679739<x140>[B] (+0) -0.532679739<x141>[B] (+0) -0.532679739<x142>[B] (+0) -0.532679739<x143>[B] (+0) -0.532679739<x144>[B] (+1) -0.532679739<x145>[B] (+1) -0.532679739<x146>[B] (+1) -0.532679739<x147>[B] (+1) +0.532679739<x148>[B] (+1) -0.532679739<x149>[B] (+1) -0.532679739<x150>[B] (+1) -0.532679739<x151>[B] (+1) -0.532679739<x152>[B] (+0) -0.532679739<x153>[B] (+0) >= 10.7875816993464;
;
violation: left hand side is violated by 0.0392156862745097
  [linear] <c1772>: <x154>[C] (+20.8496732) +0.532679739<x1>[B] (+1) -0.532679739<x2>[B] (+1) -0.532679739<x3>[B] (+1) +0.532679739<x4>[B] (+1) -0.532679739<x5>[B] (+1) +0.532679739<x6>[B] (+1) +0.532679739<x7>[B] (+0) -0.532679739<x8>[B] (+1) +0.532679739<x9>[B] (+1) -0.532679739<x10>[B] (+1) -0.532679739<x11>[B] (+1) -0.532679739<x12>[B] (+1) +0.532679739<x13>[B] (+0) -0.532679739<x14>[B] (+1) -0.532679739<x15>[B] (+1) -0.532679739<x16>[B] (+1) -0.532679739<x17>[B] (+1) -0.532679739<x18>[B] (+1) -0.532679739<x19>[B] (+0) +0.532679739<x20>[B] (+0) -0.532679739<x21>[B] (+0) -0.532679739<x22>[B] (+1) +0.532679739<x23>[B] (+0) -0.532679739<x24>[B] (+0) -0.532679739<x25>[B] (+1) -0.532679739<x26>[B] (+1) -0.532679739<x27>[B] (+0) -0.532679739<x28>[B] (+1) +0.532679739<x29>[B] (+0) -0.532679739<x30>[B] (+0) -0.532679739<x31>[B] (+0) -0.532679739<x32>[B] (+1) -0.532679739<x33>[B] (+0) -0.532679739<x34>[B] (+0) +0.532679739<x35>[B] (+0) -0.532679739<x36>[B] (+0) +0.532679739<x37>[B] (+1) +0.532679739<x38>[B] (+0) -0.532679739<x39>[B] (+0) +0.532679739<x40>[B] (+0) -0.532679739<x41>[B] (+1) -0.532679739<x42>[B] (+0) +0.532679739<x43>[B] (+1) +0.532679739<x44>[B] (+0) +0.532679739<x45>[B] (+0) +0.532679739<x46>[B] (+0) -0.532679739<x47>[B] (+0) -0.532679739<x48>[B] (+0) +0.532679739<x49>[B] (+1) -0.532679739<x50>[B] (+0) +0.532679739<x51>[B] (+1) +0.532679739<x52>[B] (+0) -0.532679739<x53>[B] (+1) +0.532679739<x54>[B] (+1) +0.532679739<x55>[B] (+1) -0.532679739<x56>[B] (+0) +0.532679739<x57>[B] (+1) +0.532679739<x58>[B] (+0) +0.532679739<x59>[B] (+1) +0.532679739<x60>[B] (+1) +0.532679739<x61>[B] (+1) -0.532679739<x62>[B] (+1) -0.532679739<x63>[B] (+0) -0.532679739<x64>[B] (+1) -0.532679739<x65>[B] (+0) -0.532679739<x66>[B] (+1) -0.532679739<x67>[B] (+1) -0.532679739<x68>[B] (+1) -0.532679739<x69>[B] (+0) -0.532679739<x70>[B] (+1) +0.532679739<x71>[B] (+0) -0.532679739<x72>[B] (+0) -0.532679739<x73>[B] (+1) -0.532679739<x74>[B] (+1) -0.532679739<x75>[B] (+0) +0.532679739<x76>[B] (+1) +0.532679739<x77>[B] (+0) -0.532679739<x78>[B] (+1) +0.532679739<x79>[B] (+1) +0.532679739<x80>[B] (+1) -0.532679739<x81>[B] (+0) +0.532679739<x82>[B] (+1) +0.532679739<x83>[B] (+0) +0.532679739<x84>[B] (+1) +0.532679739<x85>[B] (+1) +0.532679739<x86>[B] (+1) -0.532679739<x87>[B] (+1) +0.532679739<x88>[B] (+0) -0.532679739<x89>[B] (+0) -0.532679739<x90>[B] (+0) -0.532679739<x91>[B] (+1) -0.532679739<x92>[B] (+0) -0.532679739<x93>[B] (+1) +0.532679739<x94>[B] (+0) -0.532679739<x95>[B] (+0) -0.532679739<x96>[B] (+0) -0.532679739<x97>[B] (+0) -0.532679739<x98>[B] (+0) -0.532679739<x99>[B] (+1) -0.532679739<x100>[B] (+1) -0.532679739<x101>[B] (+1) -0.532679739<x102>[B] (+1) -0.532679739<x103>[B] (+1) +0.532679739<x104>[B] (+0) -0.532679739<x105>[B] (+1) -0.532679739<x106>[B] (+1) -0.532679739<x107>[B] (+1) -0.532679739<x108>[B] (+1) +0.532679739<x109>[B] (+1) +0.532679739<x110>[B] (+1) +0.532679739<x111>[B] (+0) +0.532679739<x112>[B] (+1) +0.532679739<x113>[B] (+0) +0.532679739<x114>[B] (+0) +0.532679739<x115>[B] (+1) +0.532679739<x116>[B] (+1) +0.532679739<x117>[B] (+0) -0.532679739<x118>[B] (+1) -0.532679739<x119>[B] (+0) -0.532679739<x120>[B] (+1) +0.532679739<x121>[B] (+0) -0.532679739<x122>[B] (+0) -0.532679739<x123>[B] (+0) -0.532679739<x124>[B] (+1) -0.532679739<x125>[B] (+0) -0.532679739<x126>[B] (+0) +0.532679739<x127>[B] (+1) +0.532679739<x128>[B] (+0) +0.532679739<x129>[B] (+0) +0.532679739<x130>[B] (+0) -0.532679739<x131>[B] (+0) -0.532679739<x132>[B] (+0) +0.532679739<x133>[B] (+1) +0.532679739<x134>[B] (+0) +0.532679739<x135>[B] (+1) +0.532679739<x136>[B] (+1) +0.532679739<x137>[B] (+1) -0.532679739<x138>[B] (+1) +0.532679739<x139>[B] (+0) -0.532679739<x140>[B] (+0) -0.532679739<x141>[B] (+0) -0.532679739<x142>[B] (+0) -0.532679739<x143>[B] (+0) -0.532679739<x144>[B] (+1) -0.532679739<x145>[B] (+1) -0.532679739<x146>[B] (+1) -0.532679739<x147>[B] (+1) +0.532679739<x148>[B] (+1) -0.532679739<x149>[B] (+1) -0.532679739<x150>[B] (+1) -0.532679739<x151>[B] (+1) -0.532679739<x152>[B] (+0) -0.532679739<x153>[B] (+0) >= 10.7875816993464;
;
violation: left hand side is violated by 0.0588235294117538
  [linear] <c1772>: <x154>[C] (+21.9542484) +0.532679739<x1>[B] (+1) -0.532679739<x2>[B] (+1) -0.532679739<x3>[B] (+1) +0.532679739<x4>[B] (+1) -0.532679739<x5>[B] (+1) +0.532679739<x6>[B] (+1) +0.532679739<x7>[B] (+0) -0.532679739<x8>[B] (+1) +0.532679739<x9>[B] (+1) -0.532679739<x10>[B] (+1) -0.532679739<x11>[B] (+1) -0.532679739<x12>[B] (+1) +0.532679739<x13>[B] (+0) -0.532679739<x14>[B] (+1) -0.532679739<x15>[B] (+1) -0.532679739<x16>[B] (+1) -0.532679739<x17>[B] (+1) -0.532679739<x18>[B] (+1) -0.532679739<x19>[B] (+0) +0.532679739<x20>[B] (+0) -0.532679739<x21>[B] (+0) -0.532679739<x22>[B] (+0) +0.532679739<x23>[B] (+0) -0.532679739<x24>[B] (+0) -0.532679739<x25>[B] (+0) -0.532679739<x26>[B] (+0) -0.532679739<x27>[B] (+0) -0.532679739<x28>[B] (+1) +0.532679739<x29>[B] (+0) -0.532679739<x30>[B] (+0) -0.532679739<x31>[B] (+0) -0.532679739<x32>[B] (+0) -0.532679739<x33>[B] (+0) -0.532679739<x34>[B] (+0) +0.532679739<x35>[B] (+0) -0.532679739<x36>[B] (+0) +0.532679739<x37>[B] (+0) +0.532679739<x38>[B] (+0) -0.532679739<x39>[B] (+0) +0.532679739<x40>[B] (+0) -0.532679739<x41>[B] (+0) -0.532679739<x42>[B] (+0) +0.532679739<x43>[B] (+1) +0.532679739<x44>[B] (+0) +0.532679739<x45>[B] (+0) +0.532679739<x46>[B] (+0) -0.532679739<x47>[B] (+0) -0.532679739<x48>[B] (+0) +0.532679739<x49>[B] (+0) -0.532679739<x50>[B] (+1) +0.532679739<x51>[B] (+1) +0.532679739<x52>[B] (+0) -0.532679739<x53>[B] (+0) +0.532679739<x54>[B] (+0) +0.532679739<x55>[B] (+1) -0.532679739<x56>[B] (+0) +0.532679739<x57>[B] (+1) +0.532679739<x58>[B] (+0) +0.532679739<x59>[B] (+0) +0.532679739<x60>[B] (+1) +0.532679739<x61>[B] (+1) -0.532679739<x62>[B] (+0) -0.532679739<x63>[B] (+1) -0.532679739<x64>[B] (+1) -0.532679739<x65>[B] (+0) -0.532679739<x66>[B] (+1) -0.532679739<x67>[B] (+1) -0.532679739<x68>[B] (+1) -0.532679739<x69>[B] (+0) -0.532679739<x70>[B] (+1) +0.532679739<x71>[B] (+0) -0.532679739<x72>[B] (+0) -0.532679739<x73>[B] (+1) -0.532679739<x74>[B] (+1) -0.532679739<x75>[B] (+1) +0.532679739<x76>[B] (+1) +0.532679739<x77>[B] (+0) -0.532679739<x78>[B] (+0) +0.532679739<x79>[B] (+0) +0.532679739<x80>[B] (+1) -0.532679739<x81>[B] (+0) +0.532679739<x82>[B] (+1) +0.532679739<x83>[B] (+0) +0.532679739<x84>[B] (+0) +0.532679739<x85>[B] (+0) +0.532679739<x86>[B] (+1) -0.532679739<x87>[B] (+0) +0.532679739<x88>[B] (+0) -0.532679739<x89>[B] (+0) -0.532679739<x90>[B] (+0) -0.532679739<x91>[B] (+1) -0.532679739<x92>[B] (+0) -0.532679739<x93>[B] (+1) +0.532679739<x94>[B] (+0) -0.532679739<x95>[B] (+0) -0.532679739<x96>[B] (+0) -0.532679739<x97>[B] (+0) -0.532679739<x98>[B] (+0) -0.532679739<x99>[B] (+1) -0.532679739<x100>[B] (+1) -0.532679739<x101>[B] (+1) -0.532679739<x102>[B] (+1) -0.532679739<x103>[B] (+1) +0.532679739<x104>[B] (+0) -0.532679739<x105>[B] (+1) -0.532679739<x106>[B] (+1) -0.532679739<x107>[B] (+1) -0.532679739<x108>[B] (+1) +0.532679739<x109>[B] (+1) +0.532679739<x110>[B] (+1) +0.532679739<x111>[B] (+0) +0.532679739<x112>[B] (+1) +0.532679739<x113>[B] (+0) +0.532679739<x114>[B] (+0) +0.532679739<x115>[B] (+1) +0.532679739<x116>[B] (+1) +0.532679739<x117>[B] (+0) -0.532679739<x118>[B] (+1) -0.532679739<x119>[B] (+0) -0.532679739<x120>[B] (+1) +0.532679739<x121>[B] (+0) -0.532679739<x122>[B] (+0) -0.532679739<x123>[B] (+1) -0.532679739<x124>[B] (+1) -0.532679739<x125>[B] (+0) -0.532679739<x126>[B] (+0) +0.532679739<x127>[B] (+1) +0.532679739<x128>[B] (+0) +0.532679739<x129>[B] (+0) +0.532679739<x130>[B] (+0) -0.532679739<x131>[B] (+0) -0.532679739<x132>[B] (+0) +0.532679739<x133>[B] (+1) +0.532679739<x134>[B] (+0) +0.532679739<x135>[B] (+1) +0.532679739<x136>[B] (+1) +0.532679739<x137>[B] (+1) -0.532679739<x138>[B] (+1) +0.532679739<x139>[B] (+0) -0.532679739<x140>[B] (+0) -0.532679739<x141>[B] (+0) -0.532679739<x142>[B] (+0) -0.532679739<x143>[B] (+0) -0.532679739<x144>[B] (+1) -0.532679739<x145>[B] (+1) -0.532679739<x146>[B] (+1) -0.532679739<x147>[B] (+1) +0.532679739<x148>[B] (+1) -0.532679739<x149>[B] (+1) -0.532679739<x150>[B] (+1) -0.532679739<x151>[B] (+1) -0.532679739<x152>[B] (+0) -0.532679739<x153>[B] (+0) >= 10.7875816993464;
;
violation: left hand side is violated by 0.0196078431372477
  [linear] <c1773>: <x155>[C] (+19.745098) +0.5<x1>[B] (+1) +0.5<x2>[B] (+1) +0.5<x3>[B] (+1) -0.5<x4>[B] (+1) +0.5<x5>[B] (+1) +0.5<x6>[B] (+1) +0.5<x7>[B] (+0) +0.5<x8>[B] (+1) +0.5<x9>[B] (+1) +0.5<x10>[B] (+1) +0.5<x11>[B] (+1) +0.5<x12>[B] (+1) +0.5<x13>[B] (+0) +0.5<x14>[B] (+1) +0.5<x15>[B] (+1) +0.5<x16>[B] (+1) +0.5<x17>[B] (+1) +0.5<x18>[B] (+1) -0.5<x19>[B] (+0) -0.5<x20>[B] (+0) +0.5<x21>[B] (+0) -0.5<x22>[B] (+1) +0.5<x23>[B] (+0) +0.5<x24>[B] (+1) -0.5<x25>[B] (+1) -0.5<x26>[B] (+1) -0.5<x27>[B] (+0) -0.5<x28>[B] (+1) +0.5<x29>[B] (+0) +0.5<x30>[B] (+0) -0.5<x31>[B] (+1) +0.5<x32>[B] (+1) -0.5<x33>[B] (+0) -0.5<x34>[B] (+0) -0.5<x35>[B] (+0) -0.5<x36>[B] (+0) -0.5<x37>[B] (+0) +0.5<x38>[B] (+0) -0.5<x39>[B] (+0) -0.5<x40>[B] (+0) -0.5<x41>[B] (+0) -0.5<x42>[B] (+0) -0.5<x43>[B] (+1) -0.5<x44>[B] (+0) -0.5<x45>[B] (+0) -0.5<x46>[B] (+0) -0.5<x47>[B] (+0) -0.5<x48>[B] (+0) -0.5<x49>[B] (+1) +0.5<x50>[B] (+0) +0.5<x51>[B] (+1) +0.5<x52>[B] (+0) +0.5<x53>[B] (+1) +0.5<x54>[B] (+1) +0.5<x55>[B] (+1) +0.5<x56>[B] (+0) +0.5<x57>[B] (+1) +0.5<x58>[B] (+0) +0.5<x59>[B] (+0) +0.5<x60>[B] (+1) +0.5<x61>[B] (+1) +0.5<x62>[B] (+1) +0.5<x63>[B] (+0) +0.5<x64>[B] (+1) +0.5<x65>[B] (+0) +0.5<x66>[B] (+1) +0.5<x67>[B] (+1) +0.5<x68>[B] (+1) +0.5<x69>[B] (+0) +0.5<x70>[B] (+1) +0.5<x71>[B] (+0) +0.5<x72>[B] (+0) +0.5<x73>[B] (+1) +0.5<x74>[B] (+1) +0.5<x75>[B] (+0) -0.5<x76>[B] (+1) +0.5<x77>[B] (+0) -0.5<x78>[B] (+1) -0.5<x79>[B] (+1) -0.5<x80>[B] (+1) -0.5<x81>[B] (+0) -0.5<x82>[B] (+1) -0.5<x83>[B] (+0) -0.5<x84>[B] (+1) -0.5<x85>[B] (+1) +0.5<x86>[B] (+1) -0.5<x87>[B] (+1) +0.5<x88>[B] (+0) +0.5<x89>[B] (+0) -0.5<x90>[B] (+0) -0.5<x91>[B] (+1) -0.5<x92>[B] (+0) +0.5<x93>[B] (+1) +0.5<x94>[B] (+0) +0.5<x95>[B] (+0) -0.5<x96>[B] (+0) +0.5<x97>[B] (+0) +0.5<x98>[B] (+0) -0.5<x99>[B] (+1) -0.5<x100>[B] (+1) -0.5<x101>[B] (+1) -0.5<x102>[B] (+1) -0.5<x103>[B] (+1) -0.5<x104>[B] (+0) -0.5<x105>[B] (+1) -0.5<x106>[B] (+1) -0.5<x107>[B] (+1) -0.5<x108>[B] (+1) -0.5<x109>[B] (+1) -0.5<x110>[B] (+1) -0.5<x111>[B] (+0) -0.5<x112>[B] (+1) +0.5<x113>[B] (+0) -0.5<x114>[B] (+0) -0.5<x115>[B] (+1) +0.5<x116>[B] (+1) -0.5<x117>[B] (+0) -0.5<x118>[B] (+1) -0.5<x119>[B] (+0) +0.5<x120>[B] (+1) +0.5<x121>[B] (+0) +0.5<x122>[B] (+0) +0.5<x123>[B] (+0) +0.5<x124>[B] (+1) +0.5<x125>[B] (+0) +0.5<x126>[B] (+0) +0.5<x127>[B] (+1) +0.5<x128>[B] (+0) +0.5<x129>[B] (+0) +0.5<x130>[B] (+0) +0.5<x131>[B] (+0) +0.5<x132>[B] (+0) +0.5<x133>[B] (+1) +0.5<x134>[B] (+0) +0.5<x135>[B] (+1) +0.5<x136>[B] (+1) +0.5<x137>[B] (+1) +0.5<x138>[B] (+1) +0.5<x139>[B] (+0) +0.5<x140>[B] (+0) -0.5<x141>[B] (+0) +0.5<x142>[B] (+0) +0.5<x143>[B] (+0) -0.5<x144>[B] (+1) -0.5<x145>[B] (+1) +0.5<x146>[B] (+1) -0.5<x147>[B] (+1) -0.5<x148>[B] (+1) +0.5<x149>[B] (+1) -0.5<x150>[B] (+1) +0.5<x151>[B] (+1) +0.5<x152>[B] (+0) -0.5<x153>[B] (+0) >= 24.8758169934641;
;
violation: left hand side is violated by 0.130718954248358
  [linear] <c1773>: <x155>[C] (+20.2124183) +0.5<x1>[B] (+1) +0.5<x2>[B] (+1) +0.5<x3>[B] (+1) -0.5<x4>[B] (+1) +0.5<x5>[B] (+1) +0.5<x6>[B] (+1) +0.5<x7>[B] (+0) +0.5<x8>[B] (+1) +0.5<x9>[B] (+1) +0.5<x10>[B] (+1) +0.5<x11>[B] (+1) +0.5<x12>[B] (+1) +0.5<x13>[B] (+0) +0.5<x14>[B] (+1) +0.5<x15>[B] (+1) +0.5<x16>[B] (+1) +0.5<x17>[B] (+1) +0.5<x18>[B] (+1) -0.5<x19>[B] (+0) -0.5<x20>[B] (+0) +0.5<x21>[B] (+0) -0.5<x22>[B] (+1) +0.5<x23>[B] (+0) +0.5<x24>[B] (+0) -0.5<x25>[B] (+1) -0.5<x26>[B] (+1) -0.5<x27>[B] (+0) -0.5<x28>[B] (+1) +0.5<x29>[B] (+0) +0.5<x30>[B] (+0) -0.5<x31>[B] (+1) +0.5<x32>[B] (+1) -0.5<x33>[B] (+0) -0.5<x34>[B] (+0) -0.5<x35>[B] (+0) -0.5<x36>[B] (+0) -0.5<x37>[B] (+0) +0.5<x38>[B] (+0) -0.5<x39>[B] (+0) -0.5<x40>[B] (+0) -0.5<x41>[B] (+0) -0.5<x42>[B] (+0) -0.5<x43>[B] (+1) -0.5<x44>[B] (+0) -0.5<x45>[B] (+0) -0.5<x46>[B] (+0) -0.5<x47>[B] (+0) -0.5<x48>[B] (+0) -0.5<x49>[B] (+1) +0.5<x50>[B] (+0) +0.5<x51>[B] (+1) +0.5<x52>[B] (+0) +0.5<x53>[B] (+1) +0.5<x54>[B] (+1) +0.5<x55>[B] (+1) +0.5<x56>[B] (+0) +0.5<x57>[B] (+1) +0.5<x58>[B] (+0) +0.5<x59>[B] (+0) +0.5<x60>[B] (+1) +0.5<x61>[B] (+1) +0.5<x62>[B] (+1) +0.5<x63>[B] (+0) +0.5<x64>[B] (+1) +0.5<x65>[B] (+0) +0.5<x66>[B] (+1) +0.5<x67>[B] (+1) +0.5<x68>[B] (+1) +0.5<x69>[B] (+0) +0.5<x70>[B] (+1) +0.5<x71>[B] (+0) +0.5<x72>[B] (+0) +0.5<x73>[B] (+1) +0.5<x74>[B] (+1) +0.5<x75>[B] (+0) -0.5<x76>[B] (+1) +0.5<x77>[B] (+0) -0.5<x78>[B] (+1) -0.5<x79>[B] (+1) -0.5<x80>[B] (+1) -0.5<x81>[B] (+0) -0.5<x82>[B] (+1) -0.5<x83>[B] (+0) -0.5<x84>[B] (+1) -0.5<x85>[B] (+1) +0.5<x86>[B] (+1) -0.5<x87>[B] (+1) +0.5<x88>[B] (+0) +0.5<x89>[B] (+0) -0.5<x90>[B] (+0) -0.5<x91>[B] (+1) -0.5<x92>[B] (+0) +0.5<x93>[B] (+1) +0.5<x94>[B] (+0) +0.5<x95>[B] (+0) -0.5<x96>[B] (+0) +0.5<x97>[B] (+0) +0.5<x98>[B] (+0) -0.5<x99>[B] (+1) -0.5<x100>[B] (+1) -0.5<x101>[B] (+1) -0.5<x102>[B] (+1) -0.5<x103>[B] (+1) -0.5<x104>[B] (+0) -0.5<x105>[B] (+1) -0.5<x106>[B] (+1) -0.5<x107>[B] (+1) -0.5<x108>[B] (+1) -0.5<x109>[B] (+1) -0.5<x110>[B] (+1) -0.5<x111>[B] (+0) -0.5<x112>[B] (+1) +0.5<x113>[B] (+0) -0.5<x114>[B] (+0) -0.5<x115>[B] (+1) +0.5<x116>[B] (+1) -0.5<x117>[B] (+0) -0.5<x118>[B] (+1) -0.5<x119>[B] (+0) +0.5<x120>[B] (+1) +0.5<x121>[B] (+0) +0.5<x122>[B] (+0) +0.5<x123>[B] (+0) +0.5<x124>[B] (+1) +0.5<x125>[B] (+0) +0.5<x126>[B] (+0) +0.5<x127>[B] (+1) +0.5<x128>[B] (+0) +0.5<x129>[B] (+0) +0.5<x130>[B] (+0) +0.5<x131>[B] (+0) +0.5<x132>[B] (+0) +0.5<x133>[B] (+1) +0.5<x134>[B] (+0) +0.5<x135>[B] (+1) +0.5<x136>[B] (+1) +0.5<x137>[B] (+1) +0.5<x138>[B] (+1) +0.5<x139>[B] (+0) +0.5<x140>[B] (+0) -0.5<x141>[B] (+0) +0.5<x142>[B] (+0) +0.5<x143>[B] (+0) -0.5<x144>[B] (+1) -0.5<x145>[B] (+1) +0.5<x146>[B] (+1) -0.5<x147>[B] (+1) -0.5<x148>[B] (+1) +0.5<x149>[B] (+1) -0.5<x150>[B] (+1) +0.5<x151>[B] (+1) +0.5<x152>[B] (+0) -0.5<x153>[B] (+0) >= 24.8758169934641;
;
violation: left hand side is violated by 0.16339869281045
  [linear] <c1773>: <x155>[C] (+19.745098) +0.5<x1>[B] (+1) +0.5<x2>[B] (+1) +0.5<x3>[B] (+1) -0.5<x4>[B] (+1) +0.5<x5>[B] (+1) +0.5<x6>[B] (+1) +0.5<x7>[B] (+1) +0.5<x8>[B] (+1) +0.5<x9>[B] (+1) +0.5<x10>[B] (+1) +0.5<x11>[B] (+1) +0.5<x12>[B] (+1) +0.5<x13>[B] (+0) +0.5<x14>[B] (+1) +0.5<x15>[B] (+1) +0.5<x16>[B] (+1) +0.5<x17>[B] (+1) +0.5<x18>[B] (+1) -0.5<x19>[B] (+0) -0.5<x20>[B] (+0) +0.5<x21>[B] (+0) -0.5<x22>[B] (+1) +0.5<x23>[B] (+0) +0.5<x24>[B] (+0) -0.5<x25>[B] (+1) -0.5<x26>[B] (+1) -0.5<x27>[B] (+0) -0.5<x28>[B] (+1) +0.5<x29>[B] (+0) +0.5<x30>[B] (+0) -0.5<x31>[B] (+1) +0.5<x32>[B] (+1) -0.5<x33>[B] (+0) -0.5<x34>[B] (+0) -0.5<x35>[B] (+0) -0.5<x36>[B] (+0) -0.5<x37>[B] (+0) +0.5<x38>[B] (+0) -0.5<x39>[B] (+0) -0.5<x40>[B] (+0) -0.5<x41>[B] (+0) -0.5<x42>[B] (+0) -0.5<x43>[B] (+1) -0.5<x44>[B] (+0) -0.5<x45>[B] (+0) -0.5<x46>[B] (+0) -0.5<x47>[B] (+0) -0.5<x48>[B] (+0) -0.5<x49>[B] (+1) +0.5<x50>[B] (+0) +0.5<x51>[B] (+1) +0.5<x52>[B] (+0) +0.5<x53>[B] (+1) +0.5<x54>[B] (+1) +0.5<x55>[B] (+1) +0.5<x56>[B] (+0) +0.5<x57>[B] (+1) +0.5<x58>[B] (+0) +0.5<x59>[B] (+0) +0.5<x60>[B] (+1) +0.5<x61>[B] (+1) +0.5<x62>[B] (+1) +0.5<x63>[B] (+0) +0.5<x64>[B] (+1) +0.5<x65>[B] (+0) +0.5<x66>[B] (+1) +0.5<x67>[B] (+1) +0.5<x68>[B] (+1) +0.5<x69>[B] (+0) +0.5<x70>[B] (+1) +0.5<x71>[B] (+0) +0.5<x72>[B] (+0) +0.5<x73>[B] (+1) +0.5<x74>[B] (+1) +0.5<x75>[B] (+0) -0.5<x76>[B] (+1) +0.5<x77>[B] (+0) -0.5<x78>[B] (+1) -0.5<x79>[B] (+1) -0.5<x80>[B] (+1) -0.5<x81>[B] (+0) -0.5<x82>[B] (+1) -0.5<x83>[B] (+0) -0.5<x84>[B] (+1) -0.5<x85>[B] (+1) +0.5<x86>[B] (+1) -0.5<x87>[B] (+1) +0.5<x88>[B] (+0) +0.5<x89>[B] (+0) -0.5<x90>[B] (+0) -0.5<x91>[B] (+1) -0.5<x92>[B] (+0) +0.5<x93>[B] (+1) +0.5<x94>[B] (+0) +0.5<x95>[B] (+0) -0.5<x96>[B] (+0) +0.5<x97>[B] (+0) +0.5<x98>[B] (+0) -0.5<x99>[B] (+1) -0.5<x100>[B] (+1) -0.5<x101>[B] (+1) -0.5<x102>[B] (+1) -0.5<x103>[B] (+1) -0.5<x104>[B] (+0) -0.5<x105>[B] (+1) -0.5<x106>[B] (+1) -0.5<x107>[B] (+1) -0.5<x108>[B] (+1) -0.5<x109>[B] (+1) -0.5<x110>[B] (+1) -0.5<x111>[B] (+0) -0.5<x112>[B] (+1) +0.5<x113>[B] (+0) -0.5<x114>[B] (+0) -0.5<x115>[B] (+1) +0.5<x116>[B] (+1) -0.5<x117>[B] (+0) -0.5<x118>[B] (+1) -0.5<x119>[B] (+0) +0.5<x120>[B] (+1) +0.5<x121>[B] (+0) +0.5<x122>[B] (+0) +0.5<x123>[B] (+0) +0.5<x124>[B] (+1) +0.5<x125>[B] (+0) +0.5<x126>[B] (+0) +0.5<x127>[B] (+1) +0.5<x128>[B] (+0) +0.5<x129>[B] (+0) +0.5<x130>[B] (+0) +0.5<x131>[B] (+0) +0.5<x132>[B] (+0) +0.5<x133>[B] (+1) +0.5<x134>[B] (+0) +0.5<x135>[B] (+1) +0.5<x136>[B] (+1) +0.5<x137>[B] (+1) +0.5<x138>[B] (+1) +0.5<x139>[B] (+0) +0.5<x140>[B] (+0) -0.5<x141>[B] (+0) +0.5<x142>[B] (+0) +0.5<x143>[B] (+0) -0.5<x144>[B] (+1) -0.5<x145>[B] (+1) +0.5<x146>[B] (+1) -0.5<x147>[B] (+1) -0.5<x148>[B] (+1) +0.5<x149>[B] (+1) -0.5<x150>[B] (+1) +0.5<x151>[B] (+1) +0.5<x152>[B] (+0) -0.5<x153>[B] (+0) >= 24.8758169934641;
;
violation: left hand side is violated by 0.130718954248358
  [linear] <c1786>: <x172>[C] (+26.4640523) -0.58496732<x1>[B] (+1) -0.58496732<x2>[B] (+1) -0.58496732<x3>[B] (+1) -0.58496732<x4>[B] (+1) -0.58496732<x5>[B] (+1) -0.58496732<x6>[B] (+1) -0.58496732<x7>[B] (+0) -0.58496732<x8>[B] (+1) -0.58496732<x9>[B] (+1) -0.58496732<x10>[B] (+1) -0.58496732<x11>[B] (+1) -0.58496732<x12>[B] (+1) -0.58496732<x13>[B] (+0) -0.58496732<x14>[B] (+1) -0.58496732<x15>[B] (+1) -0.58496732<x16>[B] (+1) -0.58496732<x17>[B] (+1) -0.58496732<x18>[B] (+1) -0.58496732<x19>[B] (+0) +0.58496732<x20>[B] (+0) -0.58496732<x21>[B] (+0) -0.58496732<x22>[B] (+1) -0.58496732<x23>[B] (+0) +0.58496732<x24>[B] (+1) +0.58496732<x25>[B] (+1) -0.58496732<x26>[B] (+1) -0.58496732<x27>[B] (+0) -0.58496732<x28>[B] (+1) -0.58496732<x29>[B] (+0) +0.58496732<x30>[B] (+0) +0.58496732<x31>[B] (+1) -0.58496732<x32>[B] (+1) +0.58496732<x33>[B] (+0) -0.58496732<x34>[B] (+0) +0.58496732<x35>[B] (+0) -0.58496732<x36>[B] (+0) -0.58496732<x37>[B] (+0) -0.58496732<x38>[B] (+0) +0.58496732<x39>[B] (+0) +0.58496732<x40>[B] (+0) -0.58496732<x41>[B] (+0) +0.58496732<x42>[B] (+0) -0.58496732<x43>[B] (+1) +0.58496732<x44>[B] (+0) +0.58496732<x45>[B] (+0) +0.58496732<x46>[B] (+0) +0.58496732<x47>[B] (+0) +0.58496732<x48>[B] (+0) +0.58496732<x49>[B] (+1) +0.58496732<x50>[B] (+1) +0.58496732<x51>[B] (+1) +0.58496732<x52>[B] (+0) +0.58496732<x53>[B] (+1) +0.58496732<x54>[B] (+1) +0.58496732<x55>[B] (+1) +0.58496732<x56>[B] (+0) -0.58496732<x57>[B] (+1) +0.58496732<x58>[B] (+0) +0.58496732<x59>[B] (+0) +0.58496732<x60>[B] (+1) +0.58496732<x61>[B] (+1) +0.58496732<x62>[B] (+1) -0.58496732<x63>[B] (+1) -0.58496732<x64>[B] (+1) -0.58496732<x65>[B] (+0) +0.58496732<x66>[B] (+1) +0.58496732<x67>[B] (+1) -0.58496732<x68>[B] (+1) -0.58496732<x69>[B] (+0) -0.58496732<x70>[B] (+1) -0.58496732<x71>[B] (+0) +0.58496732<x72>[B] (+0) +0.58496732<x73>[B] (+1) -0.58496732<x74>[B] (+1) +0.58496732<x75>[B] (+0) +0.58496732<x76>[B] (+1) +0.58496732<x77>[B] (+0) +0.58496732<x78>[B] (+1) +0.58496732<x79>[B] (+1) +0.58496732<x80>[B] (+1) +0.58496732<x81>[B] (+0) -0.58496732<x82>[B] (+1) +0.58496732<x83>[B] (+0) +0.58496732<x84>[B] (+0) +0.58496732<x85>[B] (+1) +0.58496732<x86>[B] (+1) +0.58496732<x87>[B] (+0) -0.58496732<x88>[B] (+0) +0.58496732<x89>[B] (+0) +0.58496732<x90>[B] (+0) +0.58496732<x91>[B] (+1) +0.58496732<x92>[B] (+0) -0.58496732<x93>[B] (+1) +0.58496732<x94>[B] (+0) +0.58496732<x95>[B] (+0) +0.58496732<x96>[B] (+0) +0.58496732<x97>[B] (+0) +0.58496732<x98>[B] (+0) +0.58496732<x99>[B] (+1) +0.58496732<x100>[B] (+1) +0.58496732<x101>[B] (+1) +0.58496732<x102>[B] (+1) -0.58496732<x103>[B] (+1) +0.58496732<x104>[B] (+0) +0.58496732<x105>[B] (+1) +0.58496732<x106>[B] (+1) +0.58496732<x107>[B] (+1) +0.58496732<x108>[B] (+1) +0.58496732<x109>[B] (+1) -0.58496732<x110>[B] (+1) -0.58496732<x111>[B] (+0) -0.58496732<x112>[B] (+1) -0.58496732<x113>[B] (+0) -0.58496732<x114>[B] (+0) -0.58496732<x115>[B] (+1) -0.58496732<x116>[B] (+1) +0.58496732<x117>[B] (+0) -0.58496732<x118>[B] (+1) -0.58496732<x119>[B] (+0) -0.58496732<x120>[B] (+1) -0.58496732<x121>[B] (+0) -0.58496732<x122>[B] (+0) -0.58496732<x123>[B] (+1) -0.58496732<x124>[B] (+1) +0.58496732<x125>[B] (+0) +0.58496732<x126>[B] (+0) -0.58496732<x127>[B] (+1) +0.58496732<x128>[B] (+0) +0.58496732<x129>[B] (+0) +0.58496732<x130>[B] (+0) +0.58496732<x131>[B] (+0) +0.58496732<x132>[B] (+0) -0.58496732<x133>[B] (+1) -0.58496732<x134>[B] (+0) +0.58496732<x135>[B] (+1) +0.58496732<x136>[B] (+1) +0.58496732<x137>[B] (+1) +0.58496732<x138>[B] (+1) +0.58496732<x139>[B] (+0) +0.58496732<x140>[B] (+0) +0.58496732<x141>[B] (+0) +0.58496732<x142>[B] (+0) +0.58496732<x143>[B] (+0) +0.58496732<x144>[B] (+1) +0.58496732<x145>[B] (+1) +0.58496732<x146>[B] (+1) +0.58496732<x147>[B] (+1) -0.58496732<x148>[B] (+1) -0.58496732<x149>[B] (+1) +0.58496732<x150>[B] (+1) -0.58496732<x151>[B] (+1) +0.58496732<x152>[B] (+0) +0.58496732<x153>[B] (+0) >= 24.7156862745098;
;
violation: left hand side is violated by 0.00653594771242894
  [linear] <c1780>: <x163>[C] (+20.3562092) -0.5<x1>[B] (+1) +0.5<x2>[B] (+1) +0.5<x3>[B] (+1) +0.5<x4>[B] (+1) +0.5<x5>[B] (+1) +0.5<x6>[B] (+1) +0.5<x7>[B] (+1) +0.5<x8>[B] (+1) +0.5<x9>[B] (+1) +0.5<x10>[B] (+1) +0.5<x11>[B] (+1) +0.5<x12>[B] (+1) +0.5<x13>[B] (+0) +0.5<x14>[B] (+1) +0.5<x15>[B] (+1) +0.5<x16>[B] (+1) +0.5<x17>[B] (+1) +0.5<x18>[B] (+1) +0.5<x19>[B] (+0) +0.5<x20>[B] (+0) +0.5<x21>[B] (+0) +0.5<x22>[B] (+0) +0.5<x23>[B] (+0) +0.5<x24>[B] (+0) +0.5<x25>[B] (+0) +0.5<x26>[B] (+1) +0.5<x27>[B] (+0) +0.5<x28>[B] (+1) +0.5<x29>[B] (+0) +0.5<x30>[B] (+0) +0.5<x31>[B] (+1) +0.5<x32>[B] (+1) +0.5<x33>[B] (+0) +0.5<x34>[B] (+0) +0.5<x35>[B] (+0) +0.5<x36>[B] (+0) +0.5<x37>[B] (+0) +0.5<x38>[B] (+0) +0.5<x39>[B] (+0) +0.5<x40>[B] (+0) +0.5<x41>[B] (+0) +0.5<x42>[B] (+0) +0.5<x43>[B] (+1) +0.5<x44>[B] (+0) +0.5<x45>[B] (+0) +0.5<x46>[B] (+0) +0.5<x47>[B] (+0) +0.5<x48>[B] (+0) -0.5<x49>[B] (+0) -0.5<x50>[B] (+0) +0.5<x51>[B] (+1) -0.5<x52>[B] (+0) -0.5<x53>[B] (+0) -0.5<x54>[B] (+0) -0.5<x55>[B] (+1) -0.5<x56>[B] (+0) -0.5<x57>[B] (+1) -0.5<x58>[B] (+0) -0.5<x59>[B] (+0) -0.5<x60>[B] (+1) -0.5<x61>[B] (+1) -0.5<x62>[B] (+0) +0.5<x63>[B] (+1) +0.5<x64>[B] (+1) -0.5<x65>[B] (+0) +0.5<x66>[B] (+1) +0.5<x67>[B] (+1) -0.5<x68>[B] (+1) +0.5<x69>[B] (+0) +0.5<x70>[B] (+1) -0.5<x71>[B] (+0) +0.5<x72>[B] (+0) -0.5<x73>[B] (+1) -0.5<x74>[B] (+1) +0.5<x75>[B] (+1) +0.5<x76>[B] (+1) -0.5<x77>[B] (+0) +0.5<x78>[B] (+1) -0.5<x79>[B] (+1) -0.5<x80>[B] (+1) +0.5<x81>[B] (+0) +0.5<x82>[B] (+1) -0.5<x83>[B] (+0) +0.5<x84>[B] (+0) -0.5<x85>[B] (+1) -0.5<x86>[B] (+1) +0.5<x87>[B] (+1) -0.5<x88>[B] (+0) -0.5<x89>[B] (+0) -0.5<x90>[B] (+0) -0.5<x91>[B] (+1) -0.5<x92>[B] (+0) -0.5<x93>[B] (+1) -0.5<x94>[B] (+0) -0.5<x95>[B] (+0) -0.5<x96>[B] (+1) -0.5<x97>[B] (+1) -0.5<x98>[B] (+0) +0.5<x99>[B] (+1) +0.5<x100>[B] (+1) -0.5<x101>[B] (+1) +0.5<x102>[B] (+1) +0.5<x103>[B] (+1) -0.5<x104>[B] (+0) +0.5<x105>[B] (+1) -0.5<x106>[B] (+1) -0.5<x107>[B] (+1) +0.5<x108>[B] (+1) -0.5<x109>[B] (+1) -0.5<x110>[B] (+1) +0.5<x111>[B] (+0) -0.5<x112>[B] (+1) -0.5<x113>[B] (+0) -0.5<x114>[B] (+0) -0.5<x115>[B] (+1) -0.5<x116>[B] (+1) -0.5<x117>[B] (+1) -0.5<x118>[B] (+1) +0.5<x119>[B] (+0) +0.5<x120>[B] (+1) -0.5<x121>[B] (+0) +0.5<x122>[B] (+0) -0.5<x123>[B] (+1) -0.5<x124>[B] (+1) +0.5<x125>[B] (+0) +0.5<x126>[B] (+0) +0.5<x127>[B] (+1) -0.5<x128>[B] (+0) +0.5<x129>[B] (+0) -0.5<x130>[B] (+1) +0.5<x131>[B] (+1) +0.5<x132>[B] (+0) -0.5<x133>[B] (+1) -0.5<x134>[B] (+0) -0.5<x135>[B] (+1) -0.5<x136>[B] (+1) -0.5<x137>[B] (+1) -0.5<x138>[B] (+1) -0.5<x139>[B] (+0) +0.5<x140>[B] (+0) -0.5<x141>[B] (+0) -0.5<x142>[B] (+0) +0.5<x143>[B] (+0) +0.5<x144>[B] (+1) -0.5<x145>[B] (+1) +0.5<x146>[B] (+1) +0.5<x147>[B] (+1) -0.5<x148>[B] (+1) -0.5<x149>[B] (+1) -0.5<x150>[B] (+1) +0.5<x151>[B] (+1) +0.5<x152>[B] (+0) +0.5<x153>[B] (+0) >= 23.8758169934641;
;
violation: left hand side is violated by 0.0196078431372548
1/10 feasible solution given by solution candidate storage, new primal bound -6.161882e+02

presolving:
   (0.0s) symmetry computation started: requiring (bin +, int +, cont +), (fixed: bin -, int -, cont -)
   (0.0s) no symmetry present (symcode time: 0.00)
presolving (0 rounds: 0 fast, 0 medium, 0 exhaustive):
 0 deleted vars, 0 deleted constraints, 0 added constraints, 0 tightened bounds, 0 added holes, 0 changed sides, 0 changed coefficients
 0 implications, 0 cliques, 0 implied integral variables (0 bin, 0 int, 0 cont)
presolved problem has 193 variables (153 bin, 0 int, 40 cont) and 1798 constraints
   1798 constraints of type <linear>
Presolving Time: 0.01
transformed 2/2 original solutions to the transformed problem space

 time | node  | left  |LP iter|LP it/n|mem/heur|mdpt |vars |cons |rows |cuts |sepa|confs|strbr|  dualbound   | primalbound  |  gap   | compl. 
  0.1s|     1 |     0 |   418 |     - |    43M |   0 | 193 |1798 |1798 |   0 |  0 |   0 |   0 |-5.656937e+02 |-6.161882e+02 |   8.93%| unknown
  0.1s|     1 |     0 |   456 |     - |    43M |   0 | 193 |1798 |1799 |   1 |  1 |   0 |   0 |-5.658725e+02 |-6.161882e+02 |   8.89%| unknown
  0.2s|     1 |     0 |   497 |     - |    43M |   0 | 193 |1798 |1801 |   3 |  2 |   0 |   0 |-5.659213e+02 |-6.161882e+02 |   8.88%| unknown
  0.3s|     1 |     0 |   520 |     - |    43M |   0 | 193 |1798 |1804 |   6 |  3 |   0 |   0 |-5.659321e+02 |-6.161882e+02 |   8.88%| unknown
  0.3s|     1 |     0 |   531 |     - |    44M |   0 | 193 |1798 |1805 |   7 |  4 |   0 |   0 |-5.659404e+02 |-6.161882e+02 |   8.88%| unknown
  0.4s|     1 |     0 |   542 |     - |    44M |   0 | 193 |1798 |1806 |   8 |  5 |   0 |   0 |-5.659440e+02 |-6.161882e+02 |   8.88%| unknown
  0.5s|     1 |     0 |   553 |     - |    44M |   0 | 193 |1798 |1807 |   9 |  6 |   0 |   0 |-5.659479e+02 |-6.161882e+02 |   8.88%| unknown
  0.6s|     1 |     0 |   584 |     - |    44M |   0 | 193 |1798 |1808 |  10 |  7 |   0 |   0 |-5.659558e+02 |-6.161882e+02 |   8.88%| unknown
  0.7s|     1 |     0 |   594 |     - |    44M |   0 | 193 |1798 |1809 |  11 |  8 |   0 |   0 |-5.659570e+02 |-6.161882e+02 |   8.88%| unknown
  0.8s|     1 |     0 |   610 |     - |    45M |   0 | 193 |1798 |1810 |  12 |  9 |   0 |   0 |-5.659579e+02 |-6.161882e+02 |   8.88%| unknown
  0.9s|     1 |     0 |   651 |     - |    45M |   0 | 193 |1798 |1811 |  13 | 10 |   0 |   0 |-5.659763e+02 |-6.161882e+02 |   8.87%| unknown
  0.9s|     1 |     0 |   656 |     - |    45M |   0 | 193 |1798 |1812 |  14 | 11 |   0 |   0 |-5.659785e+02 |-6.161882e+02 |   8.87%| unknown
r 0.9s|     1 |     0 |   737 |     - |intshift|   0 | 193 |1798 |1812 |  14 | 11 |   0 |   0 |-5.659785e+02 |-5.861797e+02 |   3.57%| unknown
d 0.9s|     1 |     0 |   963 |     - |farkasdi|   0 | 193 |1798 |1812 |   0 | 11 |   0 |   0 |-5.659785e+02 |-5.679379e+02 |   0.35%| unknown
L 1.0s|     1 |     0 |   963 |     - |    rens|   0 | 193 |1798 |1812 |  14 | 11 |   0 |   0 |-5.659785e+02 |-5.675980e+02 |   0.29%| unknown
 time | node  | left  |LP iter|LP it/n|mem/heur|mdpt |vars |cons |rows |cuts |sepa|confs|strbr|  dualbound   | primalbound  |  gap   | compl. 
  1.0s|     1 |     0 |   963 |     - |    45M |   0 | 193 |1798 |1812 |  14 | 11 |   0 |   0 |-5.659785e+02 |-5.675980e+02 |   0.29%| unknown
  1.0s|     1 |     0 |   963 |     - |    45M |   0 | 193 |1798 | 910 |  14 | 11 |   0 |   0 |-5.659785e+02 |-5.675980e+02 |   0.29%| unknown
  1.0s|     1 |     0 |   987 |     - |    45M |   0 | 193 |1798 | 911 |  15 | 12 |   0 |   0 |-5.659857e+02 |-5.675980e+02 |   0.28%| unknown
  1.0s|     1 |     0 |  1018 |     - |    45M |   0 | 193 |1798 | 913 |  17 | 13 |   0 |   0 |-5.660075e+02 |-5.675980e+02 |   0.28%| unknown
  1.0s|     1 |     0 |  1018 |     - |    45M |   0 | 193 | 781 | 913 |  17 | 13 |   0 |   0 |-5.660075e+02 |-5.675980e+02 |   0.28%| unknown
  1.1s|     1 |     0 |  1027 |     - |    45M |   0 | 193 | 781 | 914 |  18 | 14 |   0 |   0 |-5.660084e+02 |-5.675980e+02 |   0.28%| unknown
  1.1s|     1 |     0 |  1028 |     - |    45M |   0 | 193 | 781 | 913 |  19 | 15 |   0 |   0 |-5.660086e+02 |-5.675980e+02 |   0.28%| unknown
(run 1, node 1) restarting after 69 global fixings of integer variables

(restart) converted 17 cuts from the global cut pool into linear constraints

presolving:
presolving (0 rounds: 0 fast, 0 medium, 0 exhaustive):
 0 deleted vars, 0 deleted constraints, 0 added constraints, 0 tightened bounds, 0 added holes, 0 changed sides, 0 changed coefficients
 0 implications, 0 cliques, 0 implied integral variables (0 bin, 0 int, 0 cont)
presolved problem has 193 variables (153 bin, 0 int, 40 cont) and 798 constraints
    798 constraints of type <linear>
Presolving Time: 0.01
transformed 18/23 original solutions to the transformed problem space

 time | node  | left  |LP iter|LP it/n|mem/heur|mdpt |vars |cons |rows |cuts |sepa|confs|strbr|  dualbound   | primalbound  |  gap   | compl. 
  1.1s|     1 |     0 |  1548 |     - |    45M |   0 | 193 | 798 | 798 |   0 |  0 |   0 |   0 |-5.660086e+02 |-5.675980e+02 |   0.28%| unknown
  1.2s|     1 |     0 |  1562 |     - |    45M |   0 | 193 | 799 | 800 |   2 |  1 |   1 |   0 |-5.660210e+02 |-5.675980e+02 |   0.28%| unknown
  1.3s|     1 |     0 |  1574 |     - |    45M |   0 | 193 | 799 | 801 |   3 |  2 |   1 |   0 |-5.660265e+02 |-5.675980e+02 |   0.28%| unknown
  1.5s|     1 |     0 |  1608 |     - |    45M |   0 | 193 | 799 | 803 |   5 |  3 |   1 |   0 |-5.660396e+02 |-5.675980e+02 |   0.28%| unknown
  1.6s|     1 |     0 |  1639 |     - |    45M |   0 | 193 | 799 | 804 |   6 |  4 |   1 |   0 |-5.660634e+02 |-5.675980e+02 |   0.27%| unknown
  1.6s|     1 |     0 |  1639 |     - |    45M |   0 | 193 | 799 | 790 |   6 |  4 |   1 |   0 |-5.660634e+02 |-5.675980e+02 |   0.27%| unknown
  1.8s|     1 |     0 |  1673 |     - |    45M |   0 | 193 | 799 | 792 |   8 |  5 |   1 |   0 |-5.661108e+02 |-5.675980e+02 |   0.26%| unknown
  1.8s|     1 |     0 |  1673 |     - |    45M |   0 | 193 | 799 | 767 |   8 |  5 |   1 |   0 |-5.661108e+02 |-5.675980e+02 |   0.26%| unknown
  2.0s|     1 |     0 |  1696 |     - |    45M |   0 | 193 | 799 | 768 |   9 |  6 |   1 |   0 |-5.661248e+02 |-5.675980e+02 |   0.26%| unknown
  2.1s|     1 |     0 |  1719 |     - |    46M |   0 | 193 | 799 | 770 |  11 |  7 |   1 |   0 |-5.661324e+02 |-5.675980e+02 |   0.26%| unknown
  2.3s|     1 |     0 |  1740 |     - |    46M |   0 | 193 | 799 | 772 |  13 |  8 |   1 |   0 |-5.661354e+02 |-5.675980e+02 |   0.26%| unknown
  2.4s|     1 |     0 |  1757 |     - |    46M |   0 | 193 | 799 | 774 |  15 |  9 |   1 |   0 |-5.661367e+02 |-5.675980e+02 |   0.26%| unknown
  2.6s|     1 |     0 |  1762 |     - |    47M |   0 | 193 | 799 | 775 |  16 | 10 |   1 |   0 |-5.661369e+02 |-5.675980e+02 |   0.26%| unknown
  2.7s|     1 |     0 |  1777 |     - |    48M |   0 | 193 | 799 | 763 |  17 | 11 |   1 |   0 |-5.661381e+02 |-5.675980e+02 |   0.26%| unknown
  2.7s|     1 |     0 |  1777 |     - |    48M |   0 | 193 | 748 | 763 |  17 | 11 |   1 |   0 |-5.661381e+02 |-5.675980e+02 |   0.26%| unknown
 time | node  | left  |LP iter|LP it/n|mem/heur|mdpt |vars |cons |rows |cuts |sepa|confs|strbr|  dualbound   | primalbound  |  gap   | compl. 
  2.8s|     1 |     0 |  1779 |     - |    48M |   0 | 193 | 748 | 764 |  18 | 12 |   1 |   0 |-5.661382e+02 |-5.675980e+02 |   0.26%| unknown
  3.0s|     1 |     0 |  1783 |     - |    48M |   0 | 193 | 748 | 765 |  19 | 13 |   1 |   0 |-5.661382e+02 |-5.675980e+02 |   0.26%| unknown
  3.1s|     1 |     0 |  1791 |     - |    48M |   0 | 193 | 748 | 766 |  20 | 14 |   1 |   0 |-5.661384e+02 |-5.675980e+02 |   0.26%| unknown
  3.2s|     1 |     0 |  1794 |     - |    48M |   0 | 193 | 748 | 767 |  21 | 15 |   1 |   0 |-5.661384e+02 |-5.675980e+02 |   0.26%| unknown
  3.3s|     1 |     0 |  1798 |     - |    48M |   0 | 193 | 748 | 768 |  22 | 16 |   1 |   0 |-5.661384e+02 |-5.675980e+02 |   0.26%| unknown
  3.4s|     1 |     0 |  1800 |     - |    48M |   0 | 193 | 748 | 765 |  23 | 17 |   1 |   0 |-5.661384e+02 |-5.675980e+02 |   0.26%| unknown
  3.6s|     1 |     0 |  1816 |     - |    48M |   0 | 193 | 749 | 766 |  24 | 18 |   2 |   0 |-5.661386e+02 |-5.675980e+02 |   0.26%| unknown
  3.8s|     1 |     0 |  2258 |     - |    48M |   0 | 193 | 755 | 766 |  24 | 19 |   8 |   1 |-5.665184e+02 |-5.675980e+02 |   0.19%| unknown
  3.9s|     1 |     0 |  2258 |     - |    48M |   0 | 193 | 755 | 766 |  24 | 20 |   8 |   2 |-5.665184e+02 |-5.675980e+02 |   0.19%| unknown
  4.1s|     1 |     0 |  2258 |     - |    48M |   0 | 193 | 755 | 766 |  24 | 21 |   8 |   5 |-5.665184e+02 |-5.675980e+02 |   0.19%| unknown
  4.2s|     1 |     0 |  2258 |     - |    48M |   0 | 193 | 755 | 766 |  24 | 22 |   8 |   6 |-5.665184e+02 |-5.675980e+02 |   0.19%| unknown
  4.3s|     1 |     0 |  2258 |     - |    48M |   0 | 193 | 755 | 766 |  24 | 23 |   8 |   7 |-5.665184e+02 |-5.675980e+02 |   0.19%| unknown
  4.5s|     1 |     0 |  2258 |     - |    48M |   0 | 193 | 755 | 766 |  24 | 24 |   8 |  15 |-5.665184e+02 |-5.675980e+02 |   0.19%| unknown
  4.8s|     1 |     0 |  2258 |     - |    48M |   0 | 193 | 755 | 766 |  24 | 25 |   8 |  35 |-5.665184e+02 |-5.675980e+02 |   0.19%| unknown
  4.9s|     1 |     0 |  2258 |     - |    48M |   0 | 193 | 755 | 766 |  24 | 26 |   8 |  39 |-5.665184e+02 |-5.675980e+02 |   0.19%| unknown
 time | node  | left  |LP iter|LP it/n|mem/heur|mdpt |vars |cons |rows |cuts |sepa|confs|strbr|  dualbound   | primalbound  |  gap   | compl. 
  5.0s|     1 |     0 |  2285 |     - |    48M |   0 | 193 | 755 | 766 |  24 | 27 |  11 |  43 |-5.665184e+02 |-5.675980e+02 |   0.19%| unknown
  5.1s|     1 |     0 |  2290 |     - |    48M |   0 | 193 | 755 | 767 |  25 | 28 |  11 |  43 |-5.665184e+02 |-5.675980e+02 |   0.19%| unknown
  5.1s|     1 |     0 |  2293 |     - |    48M |   0 | 193 | 756 | 768 |  26 | 29 |  12 |  43 |-5.665184e+02 |-5.675980e+02 |   0.19%| unknown
  5.1s|     1 |     2 |  2293 |     - |    48M |   0 | 193 | 756 | 768 |  26 | 29 |  12 |  43 |-5.665184e+02 |-5.675980e+02 |   0.19%| unknown

SCIP Status        : problem is solved [optimal solution found]
Solving Time (sec) : 5.30
Solving Nodes      : 5 (total of 6 nodes in 2 runs)
Primal Bound       : -5.67598039215686e+02 (47 solutions)
Dual Bound         : -5.67598039215686e+02
Gap                : 0.00 %
  [linear] <c1799>: <x154>[C] (+24.7287582) +0.565359477<x1>[B] (+1) -0.565359477<x2>[B] (+1) -0.565359477<x3>[B] (+1) +0.565359477<x4>[B] (+1) -0.565359477<x5>[B] (+1) +0.565359477<x6>[B] (+1) +0.565359477<x7>[B] (+1) -0.565359477<x8>[B] (+1) +0.565359477<x9>[B] (+1) -0.565359477<x10>[B] (+1) -0.565359477<x11>[B] (+1) -0.565359477<x12>[B] (+1) +0.565359477<x13>[B] (+0) -0.565359477<x14>[B] (+1) -0.565359477<x15>[B] (+1) -0.565359477<x16>[B] (+1) -0.565359477<x17>[B] (+1) -0.565359477<x18>[B] (+1) -0.565359477<x19>[B] (+0) +0.565359477<x20>[B] (+0) -0.565359477<x21>[B] (+0) -0.565359477<x22>[B] (+1) +0.565359477<x23>[B] (+0) -0.565359477<x24>[B] (+0) -0.565359477<x25>[B] (+1) -0.565359477<x26>[B] (+1) -0.565359477<x27>[B] (+0) -0.565359477<x28>[B] (+1) +0.565359477<x29>[B] (+0) -0.565359477<x30>[B] (+0) -0.565359477<x31>[B] (+1) -0.565359477<x32>[B] (+1) -0.565359477<x33>[B] (+0) -0.565359477<x34>[B] (+0) +0.565359477<x35>[B] (+0) -0.565359477<x36>[B] (+0) +0.565359477<x37>[B] (+0) +0.565359477<x38>[B] (+0) -0.565359477<x39>[B] (+0) +0.565359477<x40>[B] (+0) -0.565359477<x41>[B] (+0) -0.565359477<x42>[B] (+0) +0.565359477<x43>[B] (+0) +0.565359477<x44>[B] (+0) +0.565359477<x45>[B] (+0) +0.565359477<x46>[B] (+0) -0.565359477<x47>[B] (+0) -0.565359477<x48>[B] (+0) +0.565359477<x49>[B] (+1) -0.565359477<x50>[B] (+0) +0.565359477<x51>[B] (+1) +0.565359477<x52>[B] (+0) -0.565359477<x53>[B] (+1) +0.565359477<x54>[B] (+1) +0.565359477<x55>[B] (+1) -0.565359477<x56>[B] (+0) +0.565359477<x57>[B] (+1) +0.565359477<x58>[B] (+0) +0.565359477<x59>[B] (+0) +0.565359477<x60>[B] (+1) +0.565359477<x61>[B] (+1) -0.565359477<x62>[B] (+1) -0.565359477<x63>[B] (+0) -0.565359477<x64>[B] (+1) -0.565359477<x65>[B] (+0) -0.565359477<x66>[B] (+1) -0.565359477<x67>[B] (+1) -0.565359477<x68>[B] (+1) -0.565359477<x69>[B] (+0) -0.565359477<x70>[B] (+1) +0.565359477<x71>[B] (+0) -0.565359477<x72>[B] (+0) -0.565359477<x73>[B] (+1) -0.565359477<x74>[B] (+1) -0.565359477<x75>[B] (+0) +0.565359477<x76>[B] (+1) +0.565359477<x77>[B] (+0) -0.565359477<x78>[B] (+1) +0.565359477<x79>[B] (+1) +0.565359477<x80>[B] (+1) -0.565359477<x81>[B] (+0) +0.565359477<x82>[B] (+1) +0.565359477<x83>[B] (+0) +0.565359477<x84>[B] (+0) +0.565359477<x85>[B] (+1) +0.565359477<x86>[B] (+1) -0.565359477<x87>[B] (+1) +0.565359477<x88>[B] (+0) -0.565359477<x89>[B] (+0) -0.565359477<x90>[B] (+0) -0.565359477<x91>[B] (+1) -0.565359477<x92>[B] (+0) -0.565359477<x93>[B] (+1) +0.565359477<x94>[B] (+0) -0.565359477<x95>[B] (+0) -0.565359477<x96>[B] (+1) -0.565359477<x97>[B] (+1) -0.565359477<x98>[B] (+0) -0.565359477<x99>[B] (+1) -0.565359477<x100>[B] (+1) -0.565359477<x101>[B] (+1) -0.565359477<x102>[B] (+1) -0.565359477<x103>[B] (+1) +0.565359477<x104>[B] (+0) -0.565359477<x105>[B] (+1) -0.565359477<x106>[B] (+1) -0.565359477<x107>[B] (+1) -0.565359477<x108>[B] (+1) +0.565359477<x109>[B] (+1) +0.565359477<x110>[B] (+1) +0.565359477<x111>[B] (+0) +0.565359477<x112>[B] (+1) +0.565359477<x113>[B] (+0) +0.565359477<x114>[B] (+0) +0.565359477<x115>[B] (+1) +0.565359477<x116>[B] (+1) +0.565359477<x117>[B] (+0) -0.565359477<x118>[B] (+1) -0.565359477<x119>[B] (+0) -0.565359477<x120>[B] (+1) +0.565359477<x121>[B] (+0) -0.565359477<x122>[B] (+0) -0.565359477<x123>[B] (+1) -0.565359477<x124>[B] (+1) -0.565359477<x125>[B] (+0) -0.565359477<x126>[B] (+0) +0.565359477<x127>[B] (+1) +0.565359477<x128>[B] (+0) +0.565359477<x129>[B] (+0) +0.565359477<x130>[B] (+0) -0.565359477<x131>[B] (+1) -0.565359477<x132>[B] (+0) +0.565359477<x133>[B] (+1) +0.565359477<x134>[B] (+0) +0.565359477<x135>[B] (+1) +0.565359477<x136>[B] (+1) +0.565359477<x137>[B] (+1) -0.565359477<x138>[B] (+1) +0.565359477<x139>[B] (+0) -0.565359477<x140>[B] (+0) -0.565359477<x141>[B] (+0) -0.565359477<x142>[B] (+0) -0.565359477<x143>[B] (+0) -0.565359477<x144>[B] (+1) -0.565359477<x145>[B] (+1) -0.565359477<x146>[B] (+1) -0.565359477<x147>[B] (+1) +0.565359477<x148>[B] (+1) -0.565359477<x149>[B] (+1) -0.565359477<x150>[B] (+1) -0.565359477<x151>[B] (+1) -0.565359477<x152>[B] (+0) -0.565359477<x153>[B] (+0) >= 10.0359477124183;
;
violation: left hand side is violated by 0.00653594771241472
  [linear] <c1812>: <x174>[C] (+24.1633987) -0.565359477<x1>[B] (+1) +0.565359477<x2>[B] (+1) -0.565359477<x3>[B] (+1) +0.565359477<x4>[B] (+1) -0.565359477<x5>[B] (+1) +0.565359477<x6>[B] (+1) +0.565359477<x7>[B] (+1) +0.565359477<x8>[B] (+1) -0.565359477<x9>[B] (+1) +0.565359477<x10>[B] (+1) +0.565359477<x11>[B] (+1) -0.565359477<x12>[B] (+1) +0.565359477<x13>[B] (+0) +0.565359477<x14>[B] (+1) -0.565359477<x15>[B] (+1) +0.565359477<x16>[B] (+1) -0.565359477<x17>[B] (+1) +0.565359477<x18>[B] (+1) +0.565359477<x19>[B] (+0) +0.565359477<x20>[B] (+0) +0.565359477<x21>[B] (+0) +0.565359477<x22>[B] (+1) +0.565359477<x23>[B] (+0) +0.565359477<x24>[B] (+0) +0.565359477<x25>[B] (+1) +0.565359477<x26>[B] (+1) +0.565359477<x27>[B] (+0) -0.565359477<x28>[B] (+1) +0.565359477<x29>[B] (+0) +0.565359477<x30>[B] (+0) +0.565359477<x31>[B] (+1) +0.565359477<x32>[B] (+1) +0.565359477<x33>[B] (+0) -0.565359477<x34>[B] (+0) -0.565359477<x35>[B] (+0) -0.565359477<x36>[B] (+0) -0.565359477<x37>[B] (+1) -0.565359477<x38>[B] (+0) -0.565359477<x39>[B] (+0) -0.565359477<x40>[B] (+0) -0.565359477<x41>[B] (+1) -0.565359477<x42>[B] (+0) -0.565359477<x43>[B] (+1) +0.565359477<x44>[B] (+0) -0.565359477<x45>[B] (+0) -0.565359477<x46>[B] (+0) -0.565359477<x47>[B] (+0) -0.565359477<x48>[B] (+0) +0.565359477<x49>[B] (+1) +0.565359477<x50>[B] (+0) +0.565359477<x51>[B] (+1) +0.565359477<x52>[B] (+0) +0.565359477<x53>[B] (+1) -0.565359477<x54>[B] (+1) +0.565359477<x55>[B] (+1) +0.565359477<x56>[B] (+0) -0.565359477<x57>[B] (+1) +0.565359477<x58>[B] (+0) +0.565359477<x59>[B] (+3.26139116e-13) +0.565359477<x60>[B] (+1) +0.565359477<x61>[B] (+1) -0.565359477<x62>[B] (+1) -0.565359477<x63>[B] (+0) +0.565359477<x64>[B] (+1) +0.565359477<x65>[B] (+0) +0.565359477<x66>[B] (+1) -0.565359477<x67>[B] (+1) +0.565359477<x68>[B] (+1) +0.565359477<x69>[B] (+0) -0.565359477<x70>[B] (+1) +0.565359477<x71>[B] (+0) +0.565359477<x72>[B] (+0) -0.565359477<x73>[B] (+1) +0.565359477<x74>[B] (+1) -0.565359477<x75>[B] (+0) +0.565359477<x76>[B] (+1) +0.565359477<x77>[B] (+0) +0.565359477<x78>[B] (+1) -0.565359477<x79>[B] (+1) +0.565359477<x80>[B] (+1) +0.565359477<x81>[B] (+0) -0.565359477<x82>[B] (+1) +0.565359477<x83>[B] (+0) +0.565359477<x84>[B] (+1) +0.565359477<x85>[B] (+1) +0.565359477<x86>[B] (+1) -0.565359477<x87>[B] (+1) -0.565359477<x88>[B] (+0) -0.565359477<x89>[B] (+0) -0.565359477<x90>[B] (+0) +0.565359477<x91>[B] (+1) +0.565359477<x92>[B] (+0) -0.565359477<x93>[B] (+1) +0.565359477<x94>[B] (+0) +0.565359477<x95>[B] (+0) -0.565359477<x96>[B] (+0) -0.565359477<x97>[B] (+0) -0.565359477<x98>[B] (+0) -0.565359477<x99>[B] (+1) -0.565359477<x100>[B] (+1) +0.565359477<x101>[B] (+1) +0.565359477<x102>[B] (+1) -0.565359477<x103>[B] (+1) +0.565359477<x104>[B] (+0) +0.565359477<x105>[B] (+1) -0.565359477<x106>[B] (+1) -0.565359477<x107>[B] (+1) -0.565359477<x108>[B] (+1) -0.565359477<x109>[B] (+1) +0.565359477<x110>[B] (+1) +0.565359477<x111>[B] (+0) -0.565359477<x112>[B] (+1) +0.565359477<x113>[B] (+0) +0.565359477<x114>[B] (+0) -0.565359477<x115>[B] (+1) -0.565359477<x116>[B] (+1) -0.565359477<x117>[B] (+0) +0.565359477<x118>[B] (+1) +0.565359477<x119>[B] (+0) -0.565359477<x120>[B] (+1) +0.565359477<x121>[B] (+0) +0.565359477<x122>[B] (+0) +0.565359477<x123>[B] (+1) +0.565359477<x124>[B] (+1) +0.565359477<x125>[B] (+0) -0.565359477<x126>[B] (+0) -0.565359477<x127>[B] (+1) +0.565359477<x128>[B] (+0) -0.565359477<x129>[B] (+0) -0.565359477<x130>[B] (+0) -0.565359477<x131>[B] (+0) -0.565359477<x132>[B] (+0) -0.565359477<x133>[B] (+1) +0.565359477<x134>[B] (+0) -0.565359477<x135>[B] (+1) -0.565359477<x136>[B] (+1) -0.565359477<x137>[B] (+1) -0.565359477<x138>[B] (+1) +0.565359477<x139>[B] (+0) +0.565359477<x140>[B] (+0) +0.565359477<x141>[B] (+0) +0.565359477<x142>[B] (+0) +0.565359477<x143>[B] (+0) -0.565359477<x144>[B] (+1) -0.565359477<x145>[B] (+1) -0.565359477<x146>[B] (+1) -0.565359477<x147>[B] (+1) -0.565359477<x148>[B] (+1) -0.565359477<x149>[B] (+1) -0.565359477<x150>[B] (+1) +0.565359477<x151>[B] (+1) -0.565359477<x152>[B] (+0) -0.565359477<x153>[B] (+0) >= 21.343137254902;
;
violation: left hand side is violated by 0.00653594771240407
  [linear] <c1803>: <x158>[C] (+30.0784314) -0.637254902<x1>[B] (+1) -0.637254902<x2>[B] (+1) -0.637254902<x3>[B] (+1) +0.637254902<x4>[B] (+1) -0.637254902<x5>[B] (+1) +0.637254902<x6>[B] (+1) -0.637254902<x7>[B] (+1) -0.637254902<x8>[B] (+1) -0.637254902<x9>[B] (+1) -0.637254902<x10>[B] (+1) +0.637254902<x11>[B] (+1) -0.637254902<x12>[B] (+1) +0.637254902<x13>[B] (+0) -0.637254902<x14>[B] (+1) -0.637254902<x15>[B] (+1) -0.637254902<x16>[B] (+1) -0.637254902<x17>[B] (+1) +0.637254902<x18>[B] (+1) +0.637254902<x19>[B] (+0) +0.637254902<x20>[B] (+0) +0.637254902<x21>[B] (+0) +0.637254902<x22>[B] (+0) +0.637254902<x23>[B] (+0) +0.637254902<x24>[B] (+0) +0.637254902<x25>[B] (+0) +0.637254902<x26>[B] (+0) +0.637254902<x27>[B] (+0) +0.637254902<x28>[B] (+1) +0.637254902<x29>[B] (+0) +0.637254902<x30>[B] (+0) +0.637254902<x31>[B] (+0) +0.637254902<x32>[B] (+0) +0.637254902<x33>[B] (+0) +0.637254902<x34>[B] (+0) +0.637254902<x35>[B] (+0) +0.637254902<x36>[B] (+0) +0.637254902<x37>[B] (+0) +0.637254902<x38>[B] (+0) +0.637254902<x39>[B] (+0) +0.637254902<x40>[B] (+0) +0.637254902<x41>[B] (+0) +0.637254902<x42>[B] (+0) +0.637254902<x43>[B] (+1) +0.637254902<x44>[B] (+0) +0.637254902<x45>[B] (+0) +0.637254902<x46>[B] (+0) +0.637254902<x47>[B] (+0) +0.637254902<x48>[B] (+0) +0.637254902<x49>[B] (+0) +0.637254902<x50>[B] (+1) +0.637254902<x51>[B] (+1) +0.637254902<x52>[B] (+0) +0.637254902<x53>[B] (+0) -0.637254902<x54>[B] (+0) +0.637254902<x55>[B] (+1) +0.637254902<x56>[B] (+0) +0.637254902<x57>[B] (+1) +0.637254902<x58>[B] (+0) -0.637254902<x59>[B] (+0) -0.637254902<x60>[B] (+0) -0.637254902<x61>[B] (+1) -0.637254902<x62>[B] (+0) -0.637254902<x63>[B] (+1) +0.637254902<x64>[B] (+1) -0.637254902<x65>[B] (+0) -0.637254902<x66>[B] (+1) -0.637254902<x67>[B] (+1) -0.637254902<x68>[B] (+1) -0.637254902<x69>[B] (+0) -0.637254902<x70>[B] (+1) -0.637254902<x71>[B] (+0) -0.637254902<x72>[B] (+0) -0.637254902<x73>[B] (+1) -0.637254902<x74>[B] (+1) -0.637254902<x75>[B] (+1) +0.637254902<x76>[B] (+1) +0.637254902<x77>[B] (+0) +0.637254902<x78>[B] (+0) -0.637254902<x79>[B] (+0) +0.637254902<x80>[B] (+1) +0.637254902<x81>[B] (+0) +0.637254902<x82>[B] (+1) +0.637254902<x83>[B] (+0) -0.637254902<x84>[B] (+0) -0.637254902<x85>[B] (+0) -0.637254902<x86>[B] (+1) -0.637254902<x87>[B] (+0) -0.637254902<x88>[B] (+0) -0.637254902<x89>[B] (+0) -0.637254902<x90>[B] (+0) -0.637254902<x91>[B] (+1) -0.637254902<x92>[B] (+0) -0.637254902<x93>[B] (+1) -0.637254902<x94>[B] (+0) -0.637254902<x95>[B] (+0) -0.637254902<x96>[B] (+0) -0.637254902<x97>[B] (+0) -0.637254902<x98>[B] (+0) -0.637254902<x99>[B] (+1) -0.637254902<x100>[B] (+1) -0.637254902<x101>[B] (+1) +0.637254902<x102>[B] (+1) -0.637254902<x103>[B] (+1) +0.637254902<x104>[B] (+0) -0.637254902<x105>[B] (+1) -0.637254902<x106>[B] (+1) -0.637254902<x107>[B] (+1) -0.637254902<x108>[B] (+1) -0.637254902<x109>[B] (+1) -0.637254902<x110>[B] (+1) +0.637254902<x111>[B] (+0) -0.637254902<x112>[B] (+1) +0.637254902<x113>[B] (+0) -0.637254902<x114>[B] (+0) -0.637254902<x115>[B] (+1) -0.637254902<x116>[B] (+1) -0.637254902<x117>[B] (+0) +0.637254902<x118>[B] (+1) +0.637254902<x119>[B] (+0) +0.637254902<x120>[B] (+1) +0.637254902<x121>[B] (+0) -0.637254902<x122>[B] (+0) -0.637254902<x123>[B] (+0) +0.637254902<x124>[B] (+1) -0.637254902<x125>[B] (+0) +0.637254902<x126>[B] (+0) -0.637254902<x127>[B] (+1) +0.637254902<x128>[B] (+0) -0.637254902<x129>[B] (+0) -0.637254902<x130>[B] (+0) -0.637254902<x131>[B] (+0) -0.637254902<x132>[B] (+0) -0.637254902<x133>[B] (+1) +0.637254902<x134>[B] (+0) -0.637254902<x135>[B] (+1) -0.637254902<x136>[B] (+1) -0.637254902<x137>[B] (+1) -0.637254902<x138>[B] (+1) +0.637254902<x139>[B] (+0) -0.637254902<x140>[B] (+0) -0.637254902<x141>[B] (+0) -0.637254902<x142>[B] (+0) -0.637254902<x143>[B] (+0) -0.637254902<x144>[B] (+1) -0.637254902<x145>[B] (+1) -0.637254902<x146>[B] (+1) -0.637254902<x147>[B] (+1) +0.637254902<x148>[B] (+1) +0.637254902<x149>[B] (+1) -0.637254902<x150>[B] (+1) +0.637254902<x151>[B] (+1) -0.637254902<x152>[B] (+0) -0.637254902<x153>[B] (+0) >= 12.2679738562091;
;
violation: left hand side is violated by 0.0326797385620878
  [linear] <c1808>: <x169>[C] (+35.8921569) -0.669934641<x1>[B] (+1) -0.669934641<x2>[B] (+1) -0.669934641<x3>[B] (+1) -0.669934641<x4>[B] (+1) -0.669934641<x5>[B] (+1) -0.669934641<x6>[B] (+1) -0.669934641<x7>[B] (+1) -0.669934641<x8>[B] (+1) -0.669934641<x9>[B] (+1) -0.669934641<x10>[B] (+1) -0.669934641<x11>[B] (+1) -0.669934641<x12>[B] (+1) -0.669934641<x13>[B] (+0) -0.669934641<x14>[B] (+1) -0.669934641<x15>[B] (+1) -0.669934641<x16>[B] (+1) -0.669934641<x17>[B] (+1) -0.669934641<x18>[B] (+1) +0.669934641<x19>[B] (+0) +0.669934641<x20>[B] (+0) +0.669934641<x21>[B] (+0) +0.669934641<x22>[B] (+1) +0.669934641<x23>[B] (+0) +0.669934641<x24>[B] (+0) +0.669934641<x25>[B] (+0) +0.669934641<x26>[B] (+1) +0.669934641<x27>[B] (+0) +0.669934641<x28>[B] (+1) +0.669934641<x29>[B] (+0) +0.669934641<x30>[B] (+0) +0.669934641<x31>[B] (+0) +0.669934641<x32>[B] (+1) +0.669934641<x33>[B] (+0) +0.669934641<x34>[B] (+0) +0.669934641<x35>[B] (+0) +0.669934641<x36>[B] (+0) +0.669934641<x37>[B] (+0) +0.669934641<x38>[B] (+0) +0.669934641<x39>[B] (+0) +0.669934641<x40>[B] (+0) +0.669934641<x41>[B] (+0) +0.669934641<x42>[B] (+0) +0.669934641<x43>[B] (+1) +0.669934641<x44>[B] (+0) +0.669934641<x45>[B] (+0) +0.669934641<x46>[B] (+0) +0.669934641<x47>[B] (+0) +0.669934641<x48>[B] (+0) +0.669934641<x49>[B] (+1) +0.669934641<x50>[B] (+0) +0.669934641<x51>[B] (+1) +0.669934641<x52>[B] (+0) +0.669934641<x53>[B] (+1) +0.669934641<x54>[B] (+1) +0.669934641<x55>[B] (+1) +0.669934641<x56>[B] (+0) +0.669934641<x57>[B] (+1) +0.669934641<x58>[B] (+0) +0.669934641<x59>[B] (+0) +0.669934641<x60>[B] (+1) +0.669934641<x61>[B] (+1) -0.669934641<x62>[B] (+1) +0.669934641<x63>[B] (+0) +0.669934641<x64>[B] (+1) +0.669934641<x65>[B] (+0) -0.669934641<x66>[B] (+1) -0.669934641<x67>[B] (+1) -0.669934641<x68>[B] (+1) +0.669934641<x69>[B] (+0) +0.669934641<x70>[B] (+1) +0.669934641<x71>[B] (+0) +0.669934641<x72>[B] (+0) +0.669934641<x73>[B] (+1) -0.669934641<x74>[B] (+1) -0.669934641<x75>[B] (+1) +0.669934641<x76>[B] (+1) +0.669934641<x77>[B] (+0) -0.669934641<x78>[B] (+1) -0.669934641<x79>[B] (+1) -0.669934641<x80>[B] (+1) +0.669934641<x81>[B] (+0) +0.669934641<x82>[B] (+1) +0.669934641<x83>[B] (+0) +0.669934641<x84>[B] (+0) +0.669934641<x85>[B] (+1) -0.669934641<x86>[B] (+1) -0.669934641<x87>[B] (+1) -0.669934641<x88>[B] (+0) -0.669934641<x89>[B] (+0) -0.669934641<x90>[B] (+0) -0.669934641<x91>[B] (+1) -0.669934641<x92>[B] (+0) -0.669934641<x93>[B] (+1) -0.669934641<x94>[B] (+0) -0.669934641<x95>[B] (+0) -0.669934641<x96>[B] (+0) -0.669934641<x97>[B] (+1) -0.669934641<x98>[B] (+0) -0.669934641<x99>[B] (+1) -0.669934641<x100>[B] (+1) -0.669934641<x101>[B] (+1) -0.669934641<x102>[B] (+1) -0.669934641<x103>[B] (+1) -0.669934641<x104>[B] (+0) -0.669934641<x105>[B] (+1) -0.669934641<x106>[B] (+1) -0.669934641<x107>[B] (+1) -0.669934641<x108>[B] (+1) +0.669934641<x109>[B] (+1) +0.669934641<x110>[B] (+1) +0.669934641<x111>[B] (+0) +0.669934641<x112>[B] (+1) +0.669934641<x113>[B] (+0) +0.669934641<x114>[B] (+0) +0.669934641<x115>[B] (+1) +0.669934641<x116>[B] (+1) -0.669934641<x117>[B] (+0) +0.669934641<x118>[B] (+1) +0.669934641<x119>[B] (+0) +0.669934641<x120>[B] (+1) +0.669934641<x121>[B] (+0) +0.669934641<x122>[B] (+0) +0.669934641<x123>[B] (+0) +0.669934641<x124>[B] (+1) -0.669934641<x125>[B] (+0) +0.669934641<x126>[B] (+0) +0.669934641<x127>[B] (+1) +0.669934641<x128>[B] (+0) +0.669934641<x129>[B] (+0) +0.669934641<x130>[B] (+0) -0.669934641<x131>[B] (+1) -0.669934641<x132>[B] (+0) -0.669934641<x133>[B] (+1) -0.669934641<x134>[B] (+0) +0.669934641<x135>[B] (+1) -0.669934641<x136>[B] (+1) -0.669934641<x137>[B] (+1) -0.669934641<x138>[B] (+1) +0.669934641<x139>[B] (+0) +0.669934641<x140>[B] (+0) +0.669934641<x141>[B] (+0) -0.669934641<x142>[B] (+0) -0.669934641<x143>[B] (+0) +0.669934641<x144>[B] (+1) -0.669934641<x145>[B] (+1) -0.669934641<x146>[B] (+1) -0.669934641<x147>[B] (+1) -0.669934641<x148>[B] (+1) -0.669934641<x149>[B] (+1) -0.669934641<x150>[B] (+1) -0.669934641<x151>[B] (+1) -0.669934641<x152>[B] (+0) -0.669934641<x153>[B] (+0) >= 21.2712418300653;
;
violation: left hand side is violated by 0.117647058823522
  [linear] <c1799>: <x154>[C] (+24.1633987) +0.565359477<x1>[B] (+1) -0.565359477<x2>[B] (+1) -0.565359477<x3>[B] (+1) +0.565359477<x4>[B] (+1) -0.565359477<x5>[B] (+1) +0.565359477<x6>[B] (+1) +0.565359477<x7>[B] (+0) -0.565359477<x8>[B] (+1) +0.565359477<x9>[B] (+1) -0.565359477<x10>[B] (+1) -0.565359477<x11>[B] (+1) -0.565359477<x12>[B] (+1) +0.565359477<x13>[B] (+0) -0.565359477<x14>[B] (+1) -0.565359477<x15>[B] (+1) -0.565359477<x16>[B] (+1) -0.565359477<x17>[B] (+1) -0.565359477<x18>[B] (+1) -0.565359477<x19>[B] (+0) +0.565359477<x20>[B] (+0) -0.565359477<x21>[B] (+0) -0.565359477<x22>[B] (+0) +0.565359477<x23>[B] (+0) -0.565359477<x24>[B] (+0) -0.565359477<x25>[B] (+0) -0.565359477<x26>[B] (+0) -0.565359477<x27>[B] (+0) -0.565359477<x28>[B] (+1) +0.565359477<x29>[B] (+0) -0.565359477<x30>[B] (+0) -0.565359477<x31>[B] (+1) -0.565359477<x32>[B] (+1) -0.565359477<x33>[B] (+0) -0.565359477<x34>[B] (+0) +0.565359477<x35>[B] (+0) -0.565359477<x36>[B] (+0) +0.565359477<x37>[B] (+0) +0.565359477<x38>[B] (+0) -0.565359477<x39>[B] (+0) +0.565359477<x40>[B] (+0) -0.565359477<x41>[B] (+0) -0.565359477<x42>[B] (+0) +0.565359477<x43>[B] (+1) +0.565359477<x44>[B] (+0) +0.565359477<x45>[B] (+0) +0.565359477<x46>[B] (+0) -0.565359477<x47>[B] (+0) -0.565359477<x48>[B] (+0) +0.565359477<x49>[B] (+0) -0.565359477<x50>[B] (+0) +0.565359477<x51>[B] (+1) +0.565359477<x52>[B] (+0) -0.565359477<x53>[B] (+0) +0.565359477<x54>[B] (+0) +0.565359477<x55>[B] (+1) -0.565359477<x56>[B] (+0) +0.565359477<x57>[B] (+1) +0.565359477<x58>[B] (+0) +0.565359477<x59>[B] (+0) +0.565359477<x60>[B] (+1) +0.565359477<x61>[B] (+1) -0.565359477<x62>[B] (+1) -0.565359477<x63>[B] (+1) -0.565359477<x64>[B] (+1) -0.565359477<x65>[B] (+0) -0.565359477<x66>[B] (+1) -0.565359477<x67>[B] (+1) -0.565359477<x68>[B] (+1) -0.565359477<x69>[B] (+0) -0.565359477<x70>[B] (+1) +0.565359477<x71>[B] (+0) -0.565359477<x72>[B] (+0) -0.565359477<x73>[B] (+1) -0.565359477<x74>[B] (+1) -0.565359477<x75>[B] (+1) +0.565359477<x76>[B] (+1) +0.565359477<x77>[B] (+0) -0.565359477<x78>[B] (+0) +0.565359477<x79>[B] (+0) +0.565359477<x80>[B] (+1) -0.565359477<x81>[B] (+0) +0.565359477<x82>[B] (+1) +0.565359477<x83>[B] (+0) +0.565359477<x84>[B] (+0) +0.565359477<x85>[B] (+1) +0.565359477<x86>[B] (+1) -0.565359477<x87>[B] (+1) +0.565359477<x88>[B] (+0) -0.565359477<x89>[B] (+0) -0.565359477<x90>[B] (+0) -0.565359477<x91>[B] (+1) -0.565359477<x92>[B] (+0) -0.565359477<x93>[B] (+1) +0.565359477<x94>[B] (+0) -0.565359477<x95>[B] (+0) -0.565359477<x96>[B] (+1) -0.565359477<x97>[B] (+1) -0.565359477<x98>[B] (+0) -0.565359477<x99>[B] (+1) -0.565359477<x100>[B] (+1) -0.565359477<x101>[B] (+1) -0.565359477<x102>[B] (+1) -0.565359477<x103>[B] (+1) +0.565359477<x104>[B] (+0) -0.565359477<x105>[B] (+1) -0.565359477<x106>[B] (+1) -0.565359477<x107>[B] (+1) -0.565359477<x108>[B] (+1) +0.565359477<x109>[B] (+1) +0.565359477<x110>[B] (+1) +0.565359477<x111>[B] (+0) +0.565359477<x112>[B] (+1) +0.565359477<x113>[B] (+0) +0.565359477<x114>[B] (+0) +0.565359477<x115>[B] (+1) +0.565359477<x116>[B] (+1) +0.565359477<x117>[B] (+1) -0.565359477<x118>[B] (+1) -0.565359477<x119>[B] (+0) -0.565359477<x120>[B] (+1) +0.565359477<x121>[B] (+0) -0.565359477<x122>[B] (+0) -0.565359477<x123>[B] (+1) -0.565359477<x124>[B] (+1) -0.565359477<x125>[B] (+1) -0.565359477<x126>[B] (+0) +0.565359477<x127>[B] (+1) +0.565359477<x128>[B] (+0) +0.565359477<x129>[B] (+0) +0.565359477<x130>[B] (+1) -0.565359477<x131>[B] (+1) -0.565359477<x132>[B] (+0) +0.565359477<x133>[B] (+1) +0.565359477<x134>[B] (+0) +0.565359477<x135>[B] (+1) +0.565359477<x136>[B] (+1) +0.565359477<x137>[B] (+1) -0.565359477<x138>[B] (+1) +0.565359477<x139>[B] (+0) -0.565359477<x140>[B] (+0) -0.565359477<x141>[B] (+0) -0.565359477<x142>[B] (+0) -0.565359477<x143>[B] (+0) -0.565359477<x144>[B] (+1) -0.565359477<x145>[B] (+1) -0.565359477<x146>[B] (+1) -0.565359477<x147>[B] (+1) +0.565359477<x148>[B] (+1) -0.565359477<x149>[B] (+1) -0.565359477<x150>[B] (+1) -0.565359477<x151>[B] (+1) -0.565359477<x152>[B] (+0) -0.565359477<x153>[B] (+0) >= 10.0359477124183;
;
violation: left hand side is violated by 0.00653594771241117
  [linear] <c1816>: <x180>[C] (+20.3888889) -0.519607843<x1>[B] (+1) -0.519607843<x2>[B] (+1) +0.519607843<x3>[B] (+1) -0.519607843<x4>[B] (+1) -0.519607843<x5>[B] (+1) -0.519607843<x6>[B] (+1) -0.519607843<x7>[B] (+0) -0.519607843<x8>[B] (+1) -0.519607843<x9>[B] (+1) -0.519607843<x10>[B] (+1) -0.519607843<x11>[B] (+1) -0.519607843<x12>[B] (+1) -0.519607843<x13>[B] (+0) -0.519607843<x14>[B] (+1) -0.519607843<x15>[B] (+1) +0.519607843<x16>[B] (+1) -0.519607843<x17>[B] (+1) +0.519607843<x18>[B] (+1) +0.519607843<x19>[B] (+0) +0.519607843<x20>[B] (+0) +0.519607843<x21>[B] (+0) +0.519607843<x22>[B] (+0) +0.519607843<x23>[B] (+0) +0.519607843<x24>[B] (+0) +0.519607843<x25>[B] (+0) +0.519607843<x26>[B] (+0) +0.519607843<x27>[B] (+0) +0.519607843<x28>[B] (+1) +0.519607843<x29>[B] (+0) +0.519607843<x30>[B] (+0) +0.519607843<x31>[B] (+1) +0.519607843<x32>[B] (+1) +0.519607843<x33>[B] (+0) +0.519607843<x34>[B] (+0) +0.519607843<x35>[B] (+0) -0.519607843<x36>[B] (+0) -0.519607843<x37>[B] (+0) -0.519607843<x38>[B] (+0) +0.519607843<x39>[B] (+0) -0.519607843<x40>[B] (+0) -0.519607843<x41>[B] (+0) -0.519607843<x42>[B] (+0) +0.519607843<x43>[B] (+1) -0.519607843<x44>[B] (+0) +0.519607843<x45>[B] (+0) -0.519607843<x46>[B] (+0) +0.519607843<x47>[B] (+0) +0.519607843<x48>[B] (+0) -0.519607843<x49>[B] (+0) -0.519607843<x50>[B] (+0) -0.519607843<x51>[B] (+1) -0.519607843<x52>[B] (+0) -0.519607843<x53>[B] (+0) -0.519607843<x54>[B] (+0) -0.519607843<x55>[B] (+1) -0.519607843<x56>[B] (+0) -0.519607843<x57>[B] (+1) -0.519607843<x58>[B] (+0) -0.519607843<x59>[B] (+0) -0.519607843<x60>[B] (+1) +0.519607843<x61>[B] (+1) -0.519607843<x62>[B] (+0) -0.519607843<x63>[B] (+1) -0.519607843<x64>[B] (+1) -0.519607843<x65>[B] (+0) -0.519607843<x66>[B] (+1) -0.519607843<x67>[B] (+1) -0.519607843<x68>[B] (+1) -0.519607843<x69>[B] (+0) -0.519607843<x70>[B] (+1) -0.519607843<x71>[B] (+0) -0.519607843<x72>[B] (+0) -0.519607843<x73>[B] (+1) +0.519607843<x74>[B] (+1) +0.519607843<x75>[B] (+1) +0.519607843<x76>[B] (+1) +0.519607843<x77>[B] (+0) +0.519607843<x78>[B] (+0) +0.519607843<x79>[B] (+0) -0.519607843<x80>[B] (+1) +0.519607843<x81>[B] (+0) +0.519607843<x82>[B] (+1) +0.519607843<x83>[B] (+0) +0.519607843<x84>[B] (+0) +0.519607843<x85>[B] (+1) +0.519607843<x86>[B] (+1) +0.519607843<x87>[B] (+0) -0.519607843<x88>[B] (+0) +0.519607843<x89>[B] (+0) +0.519607843<x90>[B] (+0) -0.519607843<x91>[B] (+1) -0.519607843<x92>[B] (+0) +0.519607843<x93>[B] (+1) +0.519607843<x94>[B] (+0) +0.519607843<x95>[B] (+0) +0.519607843<x96>[B] (+1) +0.519607843<x97>[B] (+1) +0.519607843<x98>[B] (+0) +0.519607843<x99>[B] (+1) +0.519607843<x100>[B] (+1) -0.519607843<x101>[B] (+1) -0.519607843<x102>[B] (+1) +0.519607843<x103>[B] (+1) +0.519607843<x104>[B] (+0) +0.519607843<x105>[B] (+1) +0.519607843<x106>[B] (+1) +0.519607843<x107>[B] (+1) +0.519607843<x108>[B] (+1) -0.519607843<x109>[B] (+1) -0.519607843<x110>[B] (+1) -0.519607843<x111>[B] (+0) +0.519607843<x112>[B] (+1) -0.519607843<x113>[B] (+0) +0.519607843<x114>[B] (+0) -0.519607843<x115>[B] (+1) +0.519607843<x116>[B] (+1) +0.519607843<x117>[B] (+0) -0.519607843<x118>[B] (+1) -0.519607843<x119>[B] (+0) +0.519607843<x120>[B] (+1) +0.519607843<x121>[B] (+0) +0.519607843<x122>[B] (+0) +0.519607843<x123>[B] (+1) +0.519607843<x124>[B] (+1) +0.519607843<x125>[B] (+0) +0.519607843<x126>[B] (+0) +0.519607843<x127>[B] (+1) +0.519607843<x128>[B] (+0) +0.519607843<x129>[B] (+0) +0.519607843<x130>[B] (+1) +0.519607843<x131>[B] (+1) +0.519607843<x132>[B] (+0) +0.519607843<x133>[B] (+1) +0.519607843<x134>[B] (+0) +0.519607843<x135>[B] (+1) +0.519607843<x136>[B] (+1) +0.519607843<x137>[B] (+1) +0.519607843<x138>[B] (+1) -0.519607843<x139>[B] (+0) +0.519607843<x140>[B] (+0) -0.519607843<x141>[B] (+0) +0.519607843<x142>[B] (+0) +0.519607843<x143>[B] (+0) +0.519607843<x144>[B] (+1) -0.519607843<x145>[B] (+1) +0.519607843<x146>[B] (+1) +0.519607843<x147>[B] (+1) -0.519607843<x148>[B] (+1) +0.519607843<x149>[B] (+1) +0.519607843<x150>[B] (+1) +0.519607843<x151>[B] (+1) +0.519607843<x152>[B] (+0) -0.519607843<x153>[B] (+0) >= 25.0718954248366;
;
violation: left hand side is violated by 0.00653594771242894
  [linear] <c1808>: <x169>[C] (+36.5359477) -0.669934641<x1>[B] (+1) -0.669934641<x2>[B] (+1) -0.669934641<x3>[B] (+1) -0.669934641<x4>[B] (+1) -0.669934641<x5>[B] (+1) -0.669934641<x6>[B] (+1) -0.669934641<x7>[B] (+0) -0.669934641<x8>[B] (+1) -0.669934641<x9>[B] (+1) -0.669934641<x10>[B] (+1) -0.669934641<x11>[B] (+1) -0.669934641<x12>[B] (+1) -0.669934641<x13>[B] (+0) -0.669934641<x14>[B] (+1) -0.669934641<x15>[B] (+1) -0.669934641<x16>[B] (+1) -0.669934641<x17>[B] (+1) -0.669934641<x18>[B] (+1) +0.669934641<x19>[B] (+0) +0.669934641<x20>[B] (+0) +0.669934641<x21>[B] (+0) +0.669934641<x22>[B] (+0) +0.669934641<x23>[B] (+0) +0.669934641<x24>[B] (+0) +0.669934641<x25>[B] (+0) +0.669934641<x26>[B] (+0) +0.669934641<x27>[B] (+0) +0.669934641<x28>[B] (+1) +0.669934641<x29>[B] (+0) +0.669934641<x30>[B] (+0) +0.669934641<x31>[B] (+0) +0.669934641<x32>[B] (+1) +0.669934641<x33>[B] (+0) +0.669934641<x34>[B] (+0) +0.669934641<x35>[B] (+0) +0.669934641<x36>[B] (+0) +0.669934641<x37>[B] (+0) +0.669934641<x38>[B] (+0) +0.669934641<x39>[B] (+0) +0.669934641<x40>[B] (+0) +0.669934641<x41>[B] (+0) +0.669934641<x42>[B] (+0) +0.669934641<x43>[B] (+1) +0.669934641<x44>[B] (+0) +0.669934641<x45>[B] (+0) +0.669934641<x46>[B] (+0) +0.669934641<x47>[B] (+0) +0.669934641<x48>[B] (+0) +0.669934641<x49>[B] (+0) +0.669934641<x50>[B] (+0) +0.669934641<x51>[B] (+1) +0.669934641<x52>[B] (+0) +0.669934641<x53>[B] (+0) +0.669934641<x54>[B] (+0) +0.669934641<x55>[B] (+1) +0.669934641<x56>[B] (+0) +0.669934641<x57>[B] (+1) +0.669934641<x58>[B] (+0) +0.669934641<x59>[B] (+0) +0.669934641<x60>[B] (+1) +0.669934641<x61>[B] (+1) -0.669934641<x62>[B] (+0) +0.669934641<x63>[B] (+1) +0.669934641<x64>[B] (+1) +0.669934641<x65>[B] (+0) -0.669934641<x66>[B] (+1) -0.669934641<x67>[B] (+1) -0.669934641<x68>[B] (+1) +0.669934641<x69>[B] (+0) +0.669934641<x70>[B] (+1) +0.669934641<x71>[B] (+0) +0.669934641<x72>[B] (+0) +0.669934641<x73>[B] (+1) -0.669934641<x74>[B] (+1) -0.669934641<x75>[B] (+1) +0.669934641<x76>[B] (+1) +0.669934641<x77>[B] (+0) -0.669934641<x78>[B] (+0) -0.669934641<x79>[B] (+0) -0.669934641<x80>[B] (+1) +0.669934641<x81>[B] (+0) +0.669934641<x82>[B] (+1) +0.669934641<x83>[B] (+0) +0.669934641<x84>[B] (+0) +0.669934641<x85>[B] (+1) -0.669934641<x86>[B] (+1) -0.669934641<x87>[B] (+1) -0.669934641<x88>[B] (+0) -0.669934641<x89>[B] (+0) -0.669934641<x90>[B] (+0) -0.669934641<x91>[B] (+1) -0.669934641<x92>[B] (+0) -0.669934641<x93>[B] (+1) -0.669934641<x94>[B] (+0) -0.669934641<x95>[B] (+0) -0.669934641<x96>[B] (+1) -0.669934641<x97>[B] (+1) -0.669934641<x98>[B] (+0) -0.669934641<x99>[B] (+1) -0.669934641<x100>[B] (+1) -0.669934641<x101>[B] (+1) -0.669934641<x102>[B] (+1) -0.669934641<x103>[B] (+1) -0.669934641<x104>[B] (+0) -0.669934641<x105>[B] (+1) -0.669934641<x106>[B] (+1) -0.669934641<x107>[B] (+1) -0.669934641<x108>[B] (+1) +0.669934641<x109>[B] (+1) +0.669934641<x110>[B] (+1) +0.669934641<x111>[B] (+0) +0.669934641<x112>[B] (+1) +0.669934641<x113>[B] (+0) +0.669934641<x114>[B] (+0) +0.669934641<x115>[B] (+1) +0.669934641<x116>[B] (+1) -0.669934641<x117>[B] (+1) +0.669934641<x118>[B] (+1) +0.669934641<x119>[B] (+0) +0.669934641<x120>[B] (+1) +0.669934641<x121>[B] (+0) +0.669934641<x122>[B] (+0) +0.669934641<x123>[B] (+1) +0.669934641<x124>[B] (+1) -0.669934641<x125>[B] (+1) +0.669934641<x126>[B] (+0) +0.669934641<x127>[B] (+1) +0.669934641<x128>[B] (+0) +0.669934641<x129>[B] (+0) +0.669934641<x130>[B] (+1) -0.669934641<x131>[B] (+1) -0.669934641<x132>[B] (+0) -0.669934641<x133>[B] (+1) -0.669934641<x134>[B] (+0) +0.669934641<x135>[B] (+1) -0.669934641<x136>[B] (+1) -0.669934641<x137>[B] (+1) -0.669934641<x138>[B] (+1) +0.669934641<x139>[B] (+0) +0.669934641<x140>[B] (+0) +0.669934641<x141>[B] (+0) -0.669934641<x142>[B] (+0) -0.669934641<x143>[B] (+0) +0.669934641<x144>[B] (+1) -0.669934641<x145>[B] (+1) -0.669934641<x146>[B] (+1) -0.669934641<x147>[B] (+1) -0.669934641<x148>[B] (+1) -0.669934641<x149>[B] (+1) -0.669934641<x150>[B] (+1) -0.669934641<x151>[B] (+1) -0.669934641<x152>[B] (+0) -0.669934641<x153>[B] (+0) >= 21.2712418300653;
;
violation: left hand side is violated by 0.143790849673174
  [linear] <c1805>: <x164>[C] (+38.7614379) -0.689542484<x1>[B] (+1) -0.689542484<x2>[B] (+1) -0.689542484<x3>[B] (+1) -0.689542484<x4>[B] (+1) -0.689542484<x5>[B] (+1) -0.689542484<x6>[B] (+1) -0.689542484<x7>[B] (+0) -0.689542484<x8>[B] (+1) -0.689542484<x9>[B] (+1) -0.689542484<x10>[B] (+1) -0.689542484<x11>[B] (+1) -0.689542484<x12>[B] (+1) -0.689542484<x13>[B] (+0) +0.689542484<x14>[B] (+1) -0.689542484<x15>[B] (+1) -0.689542484<x16>[B] (+1) +0.689542484<x17>[B] (+1) -0.689542484<x18>[B] (+1) -0.689542484<x19>[B] (+1) +0.689542484<x20>[B] (+0) -0.689542484<x21>[B] (+1) +0.689542484<x22>[B] (+1) +0.689542484<x23>[B] (+0) -0.689542484<x24>[B] (+0) -0.689542484<x25>[B] (+0) -0.689542484<x26>[B] (+1) +0.689542484<x27>[B] (+0) -0.689542484<x28>[B] (+1) -0.689542484<x29>[B] (+0) +0.689542484<x30>[B] (+0) +0.689542484<x31>[B] (+1) -0.689542484<x32>[B] (+1) +0.689542484<x33>[B] (+0) -0.689542484<x34>[B] (+0) +0.689542484<x35>[B] (+0) +0.689542484<x36>[B] (+0) +0.689542484<x37>[B] (+0) +0.689542484<x38>[B] (+0) -0.689542484<x39>[B] (+0) +0.689542484<x40>[B] (+0) +0.689542484<x41>[B] (+0) +0.689542484<x42>[B] (+0) +0.689542484<x43>[B] (+1) +0.689542484<x44>[B] (+0) +0.689542484<x45>[B] (+0) +0.689542484<x46>[B] (+0) +0.689542484<x47>[B] (+0) +0.689542484<x48>[B] (+0) +0.689542484<x49>[B] (+0) +0.689542484<x50>[B] (+0) +0.689542484<x51>[B] (+0) +0.689542484<x52>[B] (+0) -0.689542484<x53>[B] (+0) +0.689542484<x54>[B] (+0) +0.689542484<x55>[B] (+0) +0.689542484<x56>[B] (+0) +0.689542484<x57>[B] (+1) +0.689542484<x58>[B] (+0) +0.689542484<x59>[B] (+0) +0.689542484<x60>[B] (+1) +0.689542484<x61>[B] (+1) +0.689542484<x62>[B] (+0) -0.689542484<x63>[B] (+1) -0.689542484<x64>[B] (+1) +0.689542484<x65>[B] (+0) -0.689542484<x66>[B] (+1) -0.689542484<x67>[B] (+1) -0.689542484<x68>[B] (+1) +0.689542484<x69>[B] (+0) -0.689542484<x70>[B] (+1) -0.689542484<x71>[B] (+0) +0.689542484<x72>[B] (+0) -0.689542484<x73>[B] (+1) -0.689542484<x74>[B] (+1) +0.689542484<x75>[B] (+1) +0.689542484<x76>[B] (+0) +0.689542484<x77>[B] (+0) -0.689542484<x78>[B] (+0) +0.689542484<x79>[B] (+0) -0.689542484<x80>[B] (+0) +0.689542484<x81>[B] (+0) -0.689542484<x82>[B] (+1) -0.689542484<x83>[B] (+0) +0.689542484<x84>[B] (+0) +0.689542484<x85>[B] (+1) -0.689542484<x86>[B] (+1) +0.689542484<x87>[B] (+0) +0.689542484<x88>[B] (+0) -0.689542484<x89>[B] (+0) -0.689542484<x90>[B] (+0) -0.689542484<x91>[B] (+1) +0.689542484<x92>[B] (+0) -0.689542484<x93>[B] (+1) -0.689542484<x94>[B] (+0) +0.689542484<x95>[B] (+0) -0.689542484<x96>[B] (+1) -0.689542484<x97>[B] (+1) +0.689542484<x98>[B] (+0) -0.689542484<x99>[B] (+1) -0.689542484<x100>[B] (+1) -0.689542484<x101>[B] (+1) -0.689542484<x102>[B] (+1) -0.689542484<x103>[B] (+1) -0.689542484<x104>[B] (+0) +0.689542484<x105>[B] (+1) -0.689542484<x106>[B] (+1) -0.689542484<x107>[B] (+1) +0.689542484<x108>[B] (+1) +0.689542484<x109>[B] (+1) +0.689542484<x110>[B] (+1) +0.689542484<x111>[B] (+0) +0.689542484<x112>[B] (+1) +0.689542484<x113>[B] (+0) +0.689542484<x114>[B] (+0) +0.689542484<x115>[B] (+1) +0.689542484<x116>[B] (+1) +0.689542484<x117>[B] (+0) -0.689542484<x118>[B] (+1) +0.689542484<x119>[B] (+0) -0.689542484<x120>[B] (+1) -0.689542484<x121>[B] (+0) +0.689542484<x122>[B] (+0) +0.689542484<x123>[B] (+1) -0.689542484<x124>[B] (+1) +0.689542484<x125>[B] (+0) +0.689542484<x126>[B] (+0) -0.689542484<x127>[B] (+1) -0.689542484<x128>[B] (+0) +0.689542484<x129>[B] (+0) +0.689542484<x130>[B] (+1) -0.689542484<x131>[B] (+1) +0.689542484<x132>[B] (+0) -0.689542484<x133>[B] (+1) -0.689542484<x134>[B] (+0) +0.689542484<x135>[B] (+1) -0.689542484<x136>[B] (+1) -0.689542484<x137>[B] (+1) +0.689542484<x138>[B] (+1) +0.689542484<x139>[B] (+0) +0.689542484<x140>[B] (+0) +0.689542484<x141>[B] (+0) +0.689542484<x142>[B] (+0) +0.689542484<x143>[B] (+0) +0.689542484<x144>[B] (+1) +0.689542484<x145>[B] (+1) -0.689542484<x146>[B] (+1) +0.689542484<x147>[B] (+1) -0.689542484<x148>[B] (+1) -0.689542484<x149>[B] (+1) +0.689542484<x150>[B] (+1) -0.689542484<x151>[B] (+1) +0.689542484<x152>[B] (+0) +0.689542484<x153>[B] (+0) >= 20.1699346405229;
;
violation: left hand side is violated by 0.0261437908497086
  [linear] <c1805>: <x164>[C] (+36.7124183) -0.689542484<x1>[B] (+1) -0.689542484<x2>[B] (+1) -0.689542484<x3>[B] (+1) -0.689542484<x4>[B] (+1) -0.689542484<x5>[B] (+1) -0.689542484<x6>[B] (+1) -0.689542484<x7>[B] (+0) -0.689542484<x8>[B] (+1) -0.689542484<x9>[B] (+1) -0.689542484<x10>[B] (+1) -0.689542484<x11>[B] (+1) -0.689542484<x12>[B] (+1) -0.689542484<x13>[B] (+0) +0.689542484<x14>[B] (+1) -0.689542484<x15>[B] (+1) -0.689542484<x16>[B] (+1) +0.689542484<x17>[B] (+1) -0.689542484<x18>[B] (+1) -0.689542484<x19>[B] (+0) +0.689542484<x20>[B] (+0) -0.689542484<x21>[B] (+0) +0.689542484<x22>[B] (+0) +0.689542484<x23>[B] (+0) -0.689542484<x24>[B] (+0) -0.689542484<x25>[B] (+0) -0.689542484<x26>[B] (+0) +0.689542484<x27>[B] (+0) -0.689542484<x28>[B] (+1) -0.689542484<x29>[B] (+0) +0.689542484<x30>[B] (+0) +0.689542484<x31>[B] (+0) -0.689542484<x32>[B] (+1) +0.689542484<x33>[B] (+0) -0.689542484<x34>[B] (+0) +0.689542484<x35>[B] (+0) +0.689542484<x36>[B] (+0) +0.689542484<x37>[B] (+0) +0.689542484<x38>[B] (+0) -0.689542484<x39>[B] (+0) +0.689542484<x40>[B] (+0) +0.689542484<x41>[B] (+0) +0.689542484<x42>[B] (+0) +0.689542484<x43>[B] (+1) +0.689542484<x44>[B] (+0) +0.689542484<x45>[B] (+0) +0.689542484<x46>[B] (+0) +0.689542484<x47>[B] (+0) +0.689542484<x48>[B] (+0) +0.689542484<x49>[B] (+0) +0.689542484<x50>[B] (+0) +0.689542484<x51>[B] (+1) +0.689542484<x52>[B] (+0) -0.689542484<x53>[B] (+0) +0.689542484<x54>[B] (+0) +0.689542484<x55>[B] (+1) +0.689542484<x56>[B] (+0) +0.689542484<x57>[B] (+1) +0.689542484<x58>[B] (+0) +0.689542484<x59>[B] (+0) +0.689542484<x60>[B] (+1) +0.689542484<x61>[B] (+1) +0.689542484<x62>[B] (+0) -0.689542484<x63>[B] (+1) -0.689542484<x64>[B] (+1) +0.689542484<x65>[B] (+0) -0.689542484<x66>[B] (+1) -0.689542484<x67>[B] (+1) -0.689542484<x68>[B] (+1) +0.689542484<x69>[B] (+0) -0.689542484<x70>[B] (+1) -0.689542484<x71>[B] (+0) +0.689542484<x72>[B] (+0) -0.689542484<x73>[B] (+1) -0.689542484<x74>[B] (+1) +0.689542484<x75>[B] (+1) +0.689542484<x76>[B] (+1) +0.689542484<x77>[B] (+0) -0.689542484<x78>[B] (+0) +0.689542484<x79>[B] (+0) -0.689542484<x80>[B] (+1) +0.689542484<x81>[B] (+0) -0.689542484<x82>[B] (+1) -0.689542484<x83>[B] (+0) +0.689542484<x84>[B] (+0) +0.689542484<x85>[B] (+1) -0.689542484<x86>[B] (+1) +0.689542484<x87>[B] (+0) +0.689542484<x88>[B] (+0) -0.689542484<x89>[B] (+0) -0.689542484<x90>[B] (+0) -0.689542484<x91>[B] (+1) +0.689542484<x92>[B] (+0) -0.689542484<x93>[B] (+1) -0.689542484<x94>[B] (+0) +0.689542484<x95>[B] (+0) -0.689542484<x96>[B] (+0) -0.689542484<x97>[B] (+1) +0.689542484<x98>[B] (+0) -0.689542484<x99>[B] (+1) -0.689542484<x100>[B] (+1) -0.689542484<x101>[B] (+1) -0.689542484<x102>[B] (+1) -0.689542484<x103>[B] (+1) -0.689542484<x104>[B] (+0) +0.689542484<x105>[B] (+1) -0.689542484<x106>[B] (+1) -0.689542484<x107>[B] (+1) +0.689542484<x108>[B] (+1) +0.689542484<x109>[B] (+1) +0.689542484<x110>[B] (+1) +0.689542484<x111>[B] (+0) +0.689542484<x112>[B] (+1) +0.689542484<x113>[B] (+0) +0.689542484<x114>[B] (+0) +0.689542484<x115>[B] (+1) +0.689542484<x116>[B] (+1) +0.689542484<x117>[B] (+0) -0.689542484<x118>[B] (+1) +0.689542484<x119>[B] (+0) -0.689542484<x120>[B] (+1) -0.689542484<x121>[B] (+0) +0.689542484<x122>[B] (+0) +0.689542484<x123>[B] (+1) -0.689542484<x124>[B] (+1) +0.689542484<x125>[B] (+0) +0.689542484<x126>[B] (+0) -0.689542484<x127>[B] (+1) -0.689542484<x128>[B] (+0) +0.689542484<x129>[B] (+0) +0.689542484<x130>[B] (+0) -0.689542484<x131>[B] (+1) +0.689542484<x132>[B] (+0) -0.689542484<x133>[B] (+1) -0.689542484<x134>[B] (+0) +0.689542484<x135>[B] (+1) -0.689542484<x136>[B] (+1) -0.689542484<x137>[B] (+1) +0.689542484<x138>[B] (+1) +0.689542484<x139>[B] (+0) +0.689542484<x140>[B] (+0) +0.689542484<x141>[B] (+0) +0.689542484<x142>[B] (+0) +0.689542484<x143>[B] (+0) +0.689542484<x144>[B] (+1) +0.689542484<x145>[B] (+1) -0.689542484<x146>[B] (+1) +0.689542484<x147>[B] (+1) -0.689542484<x148>[B] (+1) -0.689542484<x149>[B] (+1) +0.689542484<x150>[B] (+1) -0.689542484<x151>[B] (+1) +0.689542484<x152>[B] (+0) +0.689542484<x153>[B] (+0) >= 20.1699346405229;
;
violation: left hand side is violated by 0.00653594771242894
1/10 feasible solution given by solution candidate storage, new primal bound -5.679379e+02

presolving:
   (0.0s) symmetry computation started: requiring (bin +, int +, cont +), (fixed: bin -, int -, cont -)
   (0.0s) no symmetry present (symcode time: 0.00)
presolving (0 rounds: 0 fast, 0 medium, 0 exhaustive):
 0 deleted vars, 0 deleted constraints, 0 added constraints, 0 tightened bounds, 0 added holes, 0 changed sides, 0 changed coefficients
 0 implications, 0 cliques, 0 implied integral variables (0 bin, 0 int, 0 cont)
presolved problem has 193 variables (153 bin, 0 int, 40 cont) and 1820 constraints
   1820 constraints of type <linear>
Presolving Time: 0.01
transformed 2/2 original solutions to the transformed problem space

 time | node  | left  |LP iter|LP it/n|mem/heur|mdpt |vars |cons |rows |cuts |sepa|confs|strbr|  dualbound   | primalbound  |  gap   | compl. 
  0.1s|     1 |     0 |   534 |     - |    50M |   0 | 193 |1820 |1820 |   0 |  0 |   0 |   0 |-5.658127e+02 |-5.679379e+02 |   0.38%| unknown
  0.1s|     1 |     0 |   534 |     - |    50M |   0 | 193 |1820 | 976 |   0 |  0 |   0 |   0 |-5.658127e+02 |-5.679379e+02 |   0.38%| unknown
  0.1s|     1 |     0 |   545 |     - |    50M |   0 | 193 |1820 | 978 |   2 |  1 |   0 |   0 |-5.658733e+02 |-5.679379e+02 |   0.36%| unknown
  0.2s|     1 |     0 |   580 |     - |    50M |   0 | 193 |1820 | 979 |   3 |  2 |   0 |   0 |-5.659847e+02 |-5.679379e+02 |   0.35%| unknown
  0.2s|     1 |     0 |   580 |     - |    50M |   0 | 193 |1820 | 935 |   3 |  2 |   0 |   0 |-5.659847e+02 |-5.679379e+02 |   0.35%| unknown
  0.3s|     1 |     0 |   596 |     - |    51M |   0 | 193 |1820 | 937 |   5 |  3 |   0 |   0 |-5.659975e+02 |-5.679379e+02 |   0.34%| unknown
  0.4s|     1 |     0 |   644 |     - |    51M |   0 | 193 |1820 | 941 |   9 |  4 |   0 |   0 |-5.660256e+02 |-5.679379e+02 |   0.34%| unknown
  0.5s|     1 |     0 |   664 |     - |    51M |   0 | 193 |1820 | 944 |  12 |  5 |   0 |   0 |-5.660405e+02 |-5.679379e+02 |   0.34%| unknown
  0.5s|     1 |     0 |   664 |     - |    51M |   0 | 193 |1820 | 930 |  12 |  5 |   0 |   0 |-5.660405e+02 |-5.679379e+02 |   0.34%| unknown
  0.6s|     1 |     0 |   697 |     - |    51M |   0 | 193 |1820 | 935 |  17 |  6 |   0 |   0 |-5.660702e+02 |-5.679379e+02 |   0.33%| unknown
  0.7s|     1 |     0 |   727 |     - |    51M |   0 | 193 |1820 | 936 |  18 |  7 |   0 |   0 |-5.661087e+02 |-5.679379e+02 |   0.32%| unknown
  0.9s|     1 |     0 |   759 |     - |    51M |   0 | 193 |1820 | 940 |  22 |  8 |   0 |   0 |-5.661161e+02 |-5.679379e+02 |   0.32%| unknown
  1.0s|     1 |     0 |   789 |     - |    51M |   0 | 193 |1820 | 943 |  25 |  9 |   0 |   0 |-5.661301e+02 |-5.679379e+02 |   0.32%| unknown
  1.1s|     1 |     0 |   833 |     - |    51M |   0 | 193 |1820 | 945 |  27 | 10 |   0 |   0 |-5.661544e+02 |-5.679379e+02 |   0.32%| unknown
  1.2s|     1 |     0 |   841 |     - |    51M |   0 | 193 |1820 | 947 |  29 | 11 |   0 |   0 |-5.661569e+02 |-5.679379e+02 |   0.31%| unknown
 time | node  | left  |LP iter|LP it/n|mem/heur|mdpt |vars |cons |rows |cuts |sepa|confs|strbr|  dualbound   | primalbound  |  gap   | compl. 
  1.3s|     1 |     0 |   841 |     - |    51M |   0 | 193 | 803 | 947 |  29 | 12 |   0 |   0 |-5.661569e+02 |-5.679379e+02 |   0.31%| unknown
L 1.5s|     1 |     0 |  1298 |     - |    rens|   0 | 193 | 806 | 947 |  29 | 13 |   3 |   0 |-5.661569e+02 |-5.677745e+02 |   0.29%| unknown
(run 1, node 1) restarting after 69 global fixings of integer variables

(restart) converted 29 cuts from the global cut pool into linear constraints

presolving:
presolving (0 rounds: 0 fast, 0 medium, 0 exhaustive):
 0 deleted vars, 0 deleted constraints, 0 added constraints, 0 tightened bounds, 0 added holes, 0 changed sides, 0 changed coefficients
 0 implications, 0 cliques, 0 implied integral variables (0 bin, 0 int, 0 cont)
presolved problem has 193 variables (153 bin, 0 int, 40 cont) and 835 constraints
    832 constraints of type <linear>
      3 constraints of type <logicor>
Presolving Time: 0.01
transformed 14/16 original solutions to the transformed problem space

 time | node  | left  |LP iter|LP it/n|mem/heur|mdpt |vars |cons |rows |cuts |sepa|confs|strbr|  dualbound   | primalbound  |  gap   | compl. 
  1.6s|     1 |     0 |  1744 |     - |    51M |   0 | 193 | 835 | 832 |   0 |  0 |   3 |   0 |-5.661569e+02 |-5.677745e+02 |   0.29%| unknown
  1.7s|     1 |     0 |  1778 |     - |    52M |   0 | 193 | 835 | 834 |   2 |  1 |   3 |   0 |-5.661730e+02 |-5.677745e+02 |   0.28%| unknown
  1.9s|     1 |     0 |  1826 |     - |    52M |   0 | 193 | 835 | 836 |   4 |  2 |   3 |   0 |-5.661947e+02 |-5.677745e+02 |   0.28%| unknown
  2.1s|     1 |     0 |  1851 |     - |    52M |   0 | 193 | 835 | 839 |   7 |  3 |   3 |   0 |-5.661996e+02 |-5.677745e+02 |   0.28%| unknown
  2.3s|     1 |     0 |  1885 |     - |    52M |   0 | 193 | 835 | 840 |   8 |  4 |   3 |   0 |-5.662059e+02 |-5.677745e+02 |   0.28%| unknown
  2.4s|     1 |     0 |  1904 |     - |    52M |   0 | 193 | 835 | 841 |   9 |  5 |   3 |   0 |-5.662077e+02 |-5.677745e+02 |   0.28%| unknown
  2.6s|     1 |     0 |  1947 |     - |    52M |   0 | 193 | 835 | 842 |  10 |  6 |   3 |   0 |-5.662113e+02 |-5.677745e+02 |   0.28%| unknown
  2.8s|     1 |     0 |  1961 |     - |    52M |   0 | 193 | 835 | 843 |  11 |  7 |   3 |   0 |-5.662119e+02 |-5.677745e+02 |   0.28%| unknown
  3.0s|     1 |     0 |  1991 |     - |    52M |   0 | 193 | 835 | 845 |  13 |  8 |   3 |   0 |-5.662168e+02 |-5.677745e+02 |   0.28%| unknown
  3.2s|     1 |     0 |  2005 |     - |    52M |   0 | 193 | 835 | 847 |  15 |  9 |   3 |   0 |-5.662177e+02 |-5.677745e+02 |   0.27%| unknown
  3.3s|     1 |     0 |  2043 |     - |    52M |   0 | 193 | 835 | 848 |  16 | 10 |   3 |   0 |-5.662195e+02 |-5.677745e+02 |   0.27%| unknown
  3.5s|     1 |     0 |  2045 |     - |    53M |   0 | 193 | 835 | 849 |  17 | 11 |   3 |   0 |-5.662196e+02 |-5.677745e+02 |   0.27%| unknown
  3.6s|     1 |     0 |  2518 |     - |    53M |   0 | 193 | 845 | 849 |  17 | 11 |  13 |   1 |-5.667288e+02 |-5.677745e+02 |   0.18%| unknown
  3.7s|     1 |     0 |  2529 |     - |    53M |   0 | 193 | 845 | 850 |  18 | 12 |  13 |   1 |-5.667288e+02 |-5.677745e+02 |   0.18%| unknown
  3.8s|     1 |     0 |  2544 |     - |    53M |   0 | 193 | 845 | 851 |  19 | 13 |  13 |   1 |-5.667288e+02 |-5.677745e+02 |   0.18%| unknown
 time | node  | left  |LP iter|LP it/n|mem/heur|mdpt |vars |cons |rows |cuts |sepa|confs|strbr|  dualbound   | primalbound  |  gap   | compl. 
  3.8s|     1 |     0 |  2544 |     - |    53M |   0 | 193 | 845 | 851 |  19 | 13 |  13 |   2 |-5.667288e+02 |-5.677745e+02 |   0.18%| unknown
  3.9s|     1 |     0 |  2550 |     - |    53M |   0 | 193 | 845 | 852 |  20 | 14 |  13 |   2 |-5.667288e+02 |-5.677745e+02 |   0.18%| unknown
  3.9s|     1 |     0 |  2558 |     - |    53M |   0 | 193 | 845 | 854 |  22 | 15 |  13 |   2 |-5.667288e+02 |-5.677745e+02 |   0.18%| unknown
  3.9s|     1 |     0 |  2558 |     - |    53M |   0 | 193 | 845 | 854 |  22 | 15 |  13 |   5 |-5.667288e+02 |-5.677745e+02 |   0.18%| unknown
  4.1s|     1 |     0 |  2565 |     - |    53M |   0 | 193 | 845 | 844 |  24 | 16 |  13 |   5 |-5.667288e+02 |-5.677745e+02 |   0.18%| unknown
  4.1s|     1 |     0 |  2578 |     - |    53M |   0 | 193 | 845 | 846 |  26 | 17 |  13 |   5 |-5.667288e+02 |-5.677745e+02 |   0.18%| unknown
  4.1s|     1 |     0 |  2578 |     - |    53M |   0 | 193 | 845 | 846 |  26 | 17 |  13 |   7 |-5.667288e+02 |-5.677745e+02 |   0.18%| unknown
  4.2s|     1 |     0 |  2586 |     - |    53M |   0 | 193 | 845 | 847 |  27 | 18 |  13 |   7 |-5.667288e+02 |-5.677745e+02 |   0.18%| unknown
  4.2s|     1 |     0 |  2590 |     - |    53M |   0 | 193 | 845 | 848 |  28 | 19 |  13 |   7 |-5.667288e+02 |-5.677745e+02 |   0.18%| unknown
  4.2s|     1 |     0 |  2590 |     - |    53M |   0 | 193 | 845 | 848 |  28 | 19 |  13 |   8 |-5.667288e+02 |-5.677745e+02 |   0.18%| unknown
  4.4s|     1 |     0 |  2603 |     - |    53M |   0 | 193 | 845 | 849 |  29 | 20 |  13 |   8 |-5.667288e+02 |-5.677745e+02 |   0.18%| unknown
  4.4s|     1 |     0 |  2603 |     - |    53M |   0 | 193 | 845 | 849 |  29 | 21 |  13 |  10 |-5.667288e+02 |-5.677745e+02 |   0.18%| unknown
  4.7s|     1 |     0 |  2603 |     - |    53M |   0 | 193 | 845 | 849 |  29 | 22 |  13 |  29 |-5.667288e+02 |-5.677745e+02 |   0.18%| unknown
  4.9s|     1 |     0 |  2639 |     - |    53M |   0 | 193 | 846 | 849 |  29 | 23 |  17 |  41 |-5.667288e+02 |-5.677745e+02 |   0.18%| unknown
  5.0s|     1 |     0 |  2662 |     - |    53M |   0 | 193 | 831 | 849 |  29 | 24 |  19 |  43 |-5.667288e+02 |-5.677745e+02 |   0.18%| unknown
 time | node  | left  |LP iter|LP it/n|mem/heur|mdpt |vars |cons |rows |cuts |sepa|confs|strbr|  dualbound   | primalbound  |  gap   | compl. 
  5.1s|     1 |     2 |  2662 |     - |    53M |   0 | 193 | 831 | 849 |  29 | 25 |  19 |  43 |-5.667288e+02 |-5.677745e+02 |   0.18%| unknown

SCIP Status        : problem is solved [optimal solution found]
Solving Time (sec) : 5.26
Solving Nodes      : 7 (total of 8 nodes in 2 runs)
Primal Bound       : -5.67774509803921e+02 (41 solutions)
Dual Bound         : -5.67774509803921e+02
Gap                : 0.00 %
  [linear] <c1821>: <x156>[C] (+16.9346405) +0.467320261<x1>[B] (+1) +0.467320261<x2>[B] (+1) +0.467320261<x3>[B] (+1) +0.467320261<x4>[B] (+1) +0.467320261<x5>[B] (+1) +0.467320261<x6>[B] (+1) -0.467320261<x7>[B] (+1) -0.467320261<x8>[B] (+1) +0.467320261<x9>[B] (+1) -0.467320261<x10>[B] (+1) +0.467320261<x11>[B] (+1) +0.467320261<x12>[B] (+1) +0.467320261<x13>[B] (+0) +0.467320261<x14>[B] (+1) -0.467320261<x15>[B] (+1) +0.467320261<x16>[B] (+1) -0.467320261<x17>[B] (+1) +0.467320261<x18>[B] (+1) +0.467320261<x19>[B] (+0) +0.467320261<x20>[B] (+0) +0.467320261<x21>[B] (+0) +0.467320261<x22>[B] (+1) -0.467320261<x23>[B] (+0) -0.467320261<x24>[B] (+0) +0.467320261<x25>[B] (+1) -0.467320261<x26>[B] (+1) +0.467320261<x27>[B] (+0) +0.467320261<x28>[B] (+1) +0.467320261<x29>[B] (+0) -0.467320261<x30>[B] (+0) -0.467320261<x31>[B] (+1) +0.467320261<x32>[B] (+1) -0.467320261<x33>[B] (+0) -0.467320261<x34>[B] (+0) -0.467320261<x35>[B] (+0) +0.467320261<x36>[B] (+0) -0.467320261<x37>[B] (+0) -0.467320261<x38>[B] (+0) -0.467320261<x39>[B] (+0) -0.467320261<x40>[B] (+0) -0.467320261<x41>[B] (+0) +0.467320261<x42>[B] (+0) -0.467320261<x43>[B] (+0) -0.467320261<x44>[B] (+0) -0.467320261<x45>[B] (+0) -0.467320261<x46>[B] (+0) +0.467320261<x47>[B] (+0) -0.467320261<x48>[B] (+0) +0.467320261<x49>[B] (+1) +0.467320261<x50>[B] (+0) +0.467320261<x51>[B] (+1) -0.467320261<x52>[B] (+0) -0.467320261<x53>[B] (+1) -0.467320261<x54>[B] (+1) -0.467320261<x55>[B] (+1) +0.467320261<x56>[B] (+0) +0.467320261<x57>[B] (+1) +0.467320261<x58>[B] (+0) -0.467320261<x59>[B] (+1) -0.467320261<x60>[B] (+1) +0.467320261<x61>[B] (+1) -0.467320261<x62>[B] (+1) +0.467320261<x63>[B] (+0) +0.467320261<x64>[B] (+1) -0.467320261<x65>[B] (+0) -0.467320261<x66>[B] (+1) -0.467320261<x67>[B] (+1) -0.467320261<x68>[B] (+1) +0.467320261<x69>[B] (+0) +0.467320261<x70>[B] (+1) -0.467320261<x71>[B] (+0) -0.467320261<x72>[B] (+0) -0.467320261<x73>[B] (+1) +0.467320261<x74>[B] (+1) -0.467320261<x75>[B] (+0) -0.467320261<x76>[B] (+1) -0.467320261<x77>[B] (+0) -0.467320261<x78>[B] (+1) -0.467320261<x79>[B] (+1) -0.467320261<x80>[B] (+1) +0.467320261<x81>[B] (+0) -0.467320261<x82>[B] (+1) -0.467320261<x83>[B] (+0) -0.467320261<x84>[B] (+1) -0.467320261<x85>[B] (+1) +0.467320261<x86>[B] (+1) -0.467320261<x87>[B] (+1) -0.467320261<x88>[B] (+0) -0.467320261<x89>[B] (+0) -0.467320261<x90>[B] (+0) -0.467320261<x91>[B] (+1) +0.467320261<x92>[B] (+0) -0.467320261<x93>[B] (+1) -0.467320261<x94>[B] (+0) -0.467320261<x95>[B] (+0) -0.467320261<x96>[B] (+1) +0.467320261<x97>[B] (+1) -0.467320261<x98>[B] (+0) -0.467320261<x99>[B] (+1) +0.467320261<x100>[B] (+1) -0.467320261<x101>[B] (+1) +0.467320261<x102>[B] (+1) +0.467320261<x103>[B] (+1) +0.467320261<x104>[B] (+0) +0.467320261<x105>[B] (+1) -0.467320261<x106>[B] (+1) +0.467320261<x107>[B] (+1) +0.467320261<x108>[B] (+1) +0.467320261<x109>[B] (+1) +0.467320261<x110>[B] (+1) +0.467320261<x111>[B] (+0) +0.467320261<x112>[B] (+1) +0.467320261<x113>[B] (+0) +0.467320261<x114>[B] (+0) -0.467320261<x115>[B] (+1) +0.467320261<x116>[B] (+1) +0.467320261<x117>[B] (+0) -0.467320261<x118>[B] (+1) +0.467320261<x119>[B] (+0) +0.467320261<x120>[B] (+1) +0.467320261<x121>[B] (+0) -0.467320261<x122>[B] (+0) -0.467320261<x123>[B] (+1) +0.467320261<x124>[B] (+1) -0.467320261<x125>[B] (+0) +0.467320261<x126>[B] (+0) +0.467320261<x127>[B] (+1) +0.467320261<x128>[B] (+0) +0.467320261<x129>[B] (+0) -0.467320261<x130>[B] (+0) +0.467320261<x131>[B] (+1) +0.467320261<x132>[B] (+0) -0.467320261<x133>[B] (+1) -0.467320261<x134>[B] (+0) -0.467320261<x135>[B] (+1) -0.467320261<x136>[B] (+1) +0.467320261<x137>[B] (+1) -0.467320261<x138>[B] (+1) -0.467320261<x139>[B] (+0) -0.467320261<x140>[B] (+0) -0.467320261<x141>[B] (+0) +0.467320261<x142>[B] (+0) -0.467320261<x143>[B] (+0) -0.467320261<x144>[B] (+1) -0.467320261<x145>[B] (+1) +0.467320261<x146>[B] (+1) -0.467320261<x147>[B] (+1) -0.467320261<x148>[B] (+1) +0.467320261<x149>[B] (+1) -0.467320261<x150>[B] (+1) +0.467320261<x151>[B] (+1) +0.467320261<x152>[B] (+0) -0.467320261<x153>[B] (+0) >= 16.9411764705882;
;
violation: left hand side is violated by 0.00653594771242183
  [linear] <c1824>: <x173>[C] (+28.2581699) +0.604575163<x1>[B] (+1) +0.604575163<x2>[B] (+1) +0.604575163<x3>[B] (+1) -0.604575163<x4>[B] (+1) +0.604575163<x5>[B] (+1) +0.604575163<x6>[B] (+1) +0.604575163<x7>[B] (-9.34252675e-14) +0.604575163<x8>[B] (+1) +0.604575163<x9>[B] (+1) +0.604575163<x10>[B] (+1) +0.604575163<x11>[B] (+1) -0.604575163<x12>[B] (+1) +0.604575163<x13>[B] (+0) +0.604575163<x14>[B] (+1) -0.604575163<x15>[B] (+1) +0.604575163<x16>[B] (+1) +0.604575163<x17>[B] (+1) -0.604575163<x18>[B] (+1) -0.604575163<x19>[B] (+0) -0.604575163<x20>[B] (+0) -0.604575163<x21>[B] (+0) -0.604575163<x22>[B] (+1) +0.604575163<x23>[B] (+0) -0.604575163<x24>[B] (+1) +0.604575163<x25>[B] (+1) +0.604575163<x26>[B] (+1) -0.604575163<x27>[B] (+0) -0.604575163<x28>[B] (+1) +0.604575163<x29>[B] (+0) -0.604575163<x30>[B] (+0) -0.604575163<x31>[B] (+1) -0.604575163<x32>[B] (+1) -0.604575163<x33>[B] (+0) -0.604575163<x34>[B] (+0) -0.604575163<x35>[B] (+0) -0.604575163<x36>[B] (+0) -0.604575163<x37>[B] (+1) +0.604575163<x38>[B] (+0) -0.604575163<x39>[B] (+0) +0.604575163<x40>[B] (+0) +0.604575163<x41>[B] (+1) +0.604575163<x42>[B] (+0) -0.604575163<x43>[B] (+1) +0.604575163<x44>[B] (+0) -0.604575163<x45>[B] (+0) -0.604575163<x46>[B] (+0) -0.604575163<x47>[B] (+0) -0.604575163<x48>[B] (+0) -0.604575163<x49>[B] (+1) +0.604575163<x50>[B] (+0) -0.604575163<x51>[B] (+1) +0.604575163<x52>[B] (+0) +0.604575163<x53>[B] (+1) +0.604575163<x54>[B] (+1) +0.604575163<x55>[B] (+1) +0.604575163<x56>[B] (+0) -0.604575163<x57>[B] (+1) +0.604575163<x58>[B] (+0) -0.604575163<x59>[B] (+1) -0.604575163<x60>[B] (+1) -0.604575163<x61>[B] (+1) -0.604575163<x62>[B] (+1) +0.604575163<x63>[B] (+0) +0.604575163<x64>[B] (+1) +0.604575163<x65>[B] (+0) +0.604575163<x66>[B] (+1) +0.604575163<x67>[B] (+1) +0.604575163<x68>[B] (+1) +0.604575163<x69>[B] (+0) -0.604575163<x70>[B] (+1) +0.604575163<x71>[B] (+0) +0.604575163<x72>[B] (+0) -0.604575163<x73>[B] (+1) +0.604575163<x74>[B] (+1) +0.604575163<x75>[B] (+0) -0.604575163<x76>[B] (+1) +0.604575163<x77>[B] (+0) -0.604575163<x78>[B] (+1) +0.604575163<x79>[B] (+1) +0.604575163<x80>[B] (+1) +0.604575163<x81>[B] (+0) -0.604575163<x82>[B] (+1) +0.604575163<x83>[B] (+0) -0.604575163<x84>[B] (+1) -0.604575163<x85>[B] (+1) -0.604575163<x86>[B] (+1) -0.604575163<x87>[B] (+1) +0.604575163<x88>[B] (+0) +0.604575163<x89>[B] (+0) +0.604575163<x90>[B] (+0) +0.604575163<x91>[B] (+1) +0.604575163<x92>[B] (+0) -0.604575163<x93>[B] (+1) +0.604575163<x94>[B] (+0) -0.604575163<x95>[B] (+0) -0.604575163<x96>[B] (+0) -0.604575163<x97>[B] (+0) +0.604575163<x98>[B] (+0) -0.604575163<x99>[B] (+1) -0.604575163<x100>[B] (+1) +0.604575163<x101>[B] (+1) -0.604575163<x102>[B] (+1) -0.604575163<x103>[B] (+1) +0.604575163<x104>[B] (+0) -0.604575163<x105>[B] (+1) -0.604575163<x106>[B] (+1) -0.604575163<x107>[B] (+1) -0.604575163<x108>[B] (+1) +0.604575163<x109>[B] (+1) +0.604575163<x110>[B] (+1) +0.604575163<x111>[B] (+0) -0.604575163<x112>[B] (+1) +0.604575163<x113>[B] (+0) -0.604575163<x114>[B] (+0) -0.604575163<x115>[B] (+1) -0.604575163<x116>[B] (+1) -0.604575163<x117>[B] (+0) +0.604575163<x118>[B] (+1) -0.604575163<x119>[B] (+0) -0.604575163<x120>[B] (+1) +0.604575163<x121>[B] (+0) -0.604575163<x122>[B] (+0) -0.604575163<x123>[B] (+1) -0.604575163<x124>[B] (+1) -0.604575163<x125>[B] (+0) -0.604575163<x126>[B] (+0) -0.604575163<x127>[B] (+1) +0.604575163<x128>[B] (+0) -0.604575163<x129>[B] (+0) -0.604575163<x130>[B] (+0) -0.604575163<x131>[B] (+0) -0.604575163<x132>[B] (+0) -0.604575163<x133>[B] (+1) +0.604575163<x134>[B] (+0) -0.604575163<x135>[B] (+1) -0.604575163<x136>[B] (+1) -0.604575163<x137>[B] (+1) -0.604575163<x138>[B] (+1) +0.604575163<x139>[B] (+0) +0.604575163<x140>[B] (+0) -0.604575163<x141>[B] (+0) +0.604575163<x142>[B] (+0) +0.604575163<x143>[B] (+0) -0.604575163<x144>[B] (+1) -0.604575163<x145>[B] (+1) -0.604575163<x146>[B] (+1) -0.604575163<x147>[B] (+1) -0.604575163<x148>[B] (+1) -0.604575163<x149>[B] (+1) +0.604575163<x150>[B] (+1) +0.604575163<x151>[B] (+1) +0.604575163<x152>[B] (+0) +0.604575163<x153>[B] (+0) >= 14.9640522875817;
;
violation: left hand side is violated by 0.00653594771240762
  [linear] <c1825>: <x175>[C] (+18.3627451) +0.493464052<x1>[B] (+1) +0.493464052<x2>[B] (+1) -0.493464052<x3>[B] (+1) +0.493464052<x4>[B] (+1) +0.493464052<x5>[B] (+1) -0.493464052<x6>[B] (+1) -0.493464052<x7>[B] (+1) +0.493464052<x8>[B] (+1) -0.493464052<x9>[B] (+1) +0.493464052<x10>[B] (+1) -0.493464052<x11>[B] (+1) +0.493464052<x12>[B] (+1) +0.493464052<x13>[B] (+0) +0.493464052<x14>[B] (+1) +0.493464052<x15>[B] (+1) +0.493464052<x16>[B] (+1) +0.493464052<x17>[B] (+1) -0.493464052<x18>[B] (+1) -0.493464052<x19>[B] (+0) +0.493464052<x20>[B] (+0) +0.493464052<x21>[B] (+0) -0.493464052<x22>[B] (+1) -0.493464052<x23>[B] (+0) -0.493464052<x24>[B] (+0) -0.493464052<x25>[B] (+0) +0.493464052<x26>[B] (+1) -0.493464052<x27>[B] (+0) +0.493464052<x28>[B] (+1) +0.493464052<x29>[B] (+0) +0.493464052<x30>[B] (+0) -0.493464052<x31>[B] (+0) +0.493464052<x32>[B] (+0) +0.493464052<x33>[B] (+0) -0.493464052<x34>[B] (+0) +0.493464052<x35>[B] (+0) +0.493464052<x36>[B] (+0) -0.493464052<x37>[B] (+1) -0.493464052<x38>[B] (+0) -0.493464052<x39>[B] (+0) -0.493464052<x40>[B] (+0) +0.493464052<x41>[B] (+1) -0.493464052<x42>[B] (+0) +0.493464052<x43>[B] (+1) +0.493464052<x44>[B] (+0) +0.493464052<x45>[B] (+0) -0.493464052<x46>[B] (+0) +0.493464052<x47>[B] (+0) +0.493464052<x48>[B] (+0) +0.493464052<x49>[B] (+1) +0.493464052<x50>[B] (+0) -0.493464052<x51>[B] (+1) +0.493464052<x52>[B] (+0) +0.493464052<x53>[B] (+1) -0.493464052<x54>[B] (+1) +0.493464052<x55>[B] (+1) +0.493464052<x56>[B] (+0) +0.493464052<x57>[B] (+1) +0.493464052<x58>[B] (+0) +0.493464052<x59>[B] (+0) +0.493464052<x60>[B] (+1) +0.493464052<x61>[B] (+1) +0.493464052<x62>[B] (+1) +0.493464052<x63>[B] (+0) -0.493464052<x64>[B] (+1) -0.493464052<x65>[B] (+0) -0.493464052<x66>[B] (+1) -0.493464052<x67>[B] (+1) +0.493464052<x68>[B] (+1) -0.493464052<x69>[B] (+0) +0.493464052<x70>[B] (+1) +0.493464052<x71>[B] (+0) +0.493464052<x72>[B] (+0) -0.493464052<x73>[B] (+1) +0.493464052<x74>[B] (+1) +0.493464052<x75>[B] (+1) -0.493464052<x76>[B] (+1) -0.493464052<x77>[B] (+0) -0.493464052<x78>[B] (+1) -0.493464052<x79>[B] (+1) -0.493464052<x80>[B] (+1) -0.493464052<x81>[B] (+0) -0.493464052<x82>[B] (+1) -0.493464052<x83>[B] (+0) +0.493464052<x84>[B] (+0) -0.493464052<x85>[B] (+1) -0.493464052<x86>[B] (+1) +0.493464052<x87>[B] (+1) +0.493464052<x88>[B] (+0) +0.493464052<x89>[B] (+0) -0.493464052<x90>[B] (+0) +0.493464052<x91>[B] (+1) +0.493464052<x92>[B] (+0) +0.493464052<x93>[B] (+1) +0.493464052<x94>[B] (+0) +0.493464052<x95>[B] (+0) +0.493464052<x96>[B] (+0) +0.493464052<x97>[B] (+0) +0.493464052<x98>[B] (+0) +0.493464052<x99>[B] (+1) -0.493464052<x100>[B] (+1) +0.493464052<x101>[B] (+1) +0.493464052<x102>[B] (+1) +0.493464052<x103>[B] (+1) +0.493464052<x104>[B] (+0) +0.493464052<x105>[B] (+1) +0.493464052<x106>[B] (+1) +0.493464052<x107>[B] (+1) +0.493464052<x108>[B] (+1) -0.493464052<x109>[B] (+1) +0.493464052<x110>[B] (+1) -0.493464052<x111>[B] (+0) +0.493464052<x112>[B] (+1) +0.493464052<x113>[B] (+0) +0.493464052<x114>[B] (+0) -0.493464052<x115>[B] (+1) +0.493464052<x116>[B] (+1) +0.493464052<x117>[B] (+1) +0.493464052<x118>[B] (+1) +0.493464052<x119>[B] (+0) +0.493464052<x120>[B] (+1) +0.493464052<x121>[B] (+0) +0.493464052<x122>[B] (+0) +0.493464052<x123>[B] (+1) +0.493464052<x124>[B] (+1) +0.493464052<x125>[B] (+1) -0.493464052<x126>[B] (+0) -0.493464052<x127>[B] (+1) +0.493464052<x128>[B] (+0) +0.493464052<x129>[B] (+0) -0.493464052<x130>[B] (+0) +0.493464052<x131>[B] (+0) +0.493464052<x132>[B] (+0) +0.493464052<x133>[B] (+1) +0.493464052<x134>[B] (+0) +0.493464052<x135>[B] (+1) +0.493464052<x136>[B] (+1) +0.493464052<x137>[B] (+1) +0.493464052<x138>[B] (+1) +0.493464052<x139>[B] (+0) +0.493464052<x140>[B] (+0) -0.493464052<x141>[B] (+0) +0.493464052<x142>[B] (+0) +0.493464052<x143>[B] (+0) +0.493464052<x144>[B] (+1) -0.493464052<x145>[B] (+1) -0.493464052<x146>[B] (+1) +0.493464052<x147>[B] (+1) -0.493464052<x148>[B] (+1) -0.493464052<x149>[B] (+1) +0.493464052<x150>[B] (+1) +0.493464052<x151>[B] (+1) +0.493464052<x152>[B] (+1) +0.493464052<x153>[B] (+0) >= 31.7058823529412;
;
violation: left hand side is violated by 0.0196078431372584
  [linear] <c1824>: <x173>[C] (+28.2581699) +0.604575163<x1>[B] (+1) +0.604575163<x2>[B] (+1) +0.604575163<x3>[B] (+1) -0.604575163<x4>[B] (+1) +0.604575163<x5>[B] (+1) +0.604575163<x6>[B] (+1) +0.604575163<x7>[B] (+0) +0.604575163<x8>[B] (+1) +0.604575163<x9>[B] (+1) +0.604575163<x10>[B] (+1) +0.604575163<x11>[B] (+1) -0.604575163<x12>[B] (+1) +0.604575163<x13>[B] (+0) +0.604575163<x14>[B] (+1) -0.604575163<x15>[B] (+1) +0.604575163<x16>[B] (+1) +0.604575163<x17>[B] (+1) -0.604575163<x18>[B] (+1) -0.604575163<x19>[B] (+0) -0.604575163<x20>[B] (+0) -0.604575163<x21>[B] (+0) -0.604575163<x22>[B] (+0) +0.604575163<x23>[B] (+0) -0.604575163<x24>[B] (+0) +0.604575163<x25>[B] (+0) +0.604575163<x26>[B] (+0) -0.604575163<x27>[B] (+0) -0.604575163<x28>[B] (+1) +0.604575163<x29>[B] (+0) -0.604575163<x30>[B] (+0) -0.604575163<x31>[B] (+1) -0.604575163<x32>[B] (+1) -0.604575163<x33>[B] (+0) -0.604575163<x34>[B] (+0) -0.604575163<x35>[B] (+0) -0.604575163<x36>[B] (+0) -0.604575163<x37>[B] (+0) +0.604575163<x38>[B] (+0) -0.604575163<x39>[B] (+0) +0.604575163<x40>[B] (+0) +0.604575163<x41>[B] (+0) +0.604575163<x42>[B] (+0) -0.604575163<x43>[B] (+1) +0.604575163<x44>[B] (+0) -0.604575163<x45>[B] (+0) -0.604575163<x46>[B] (+0) -0.604575163<x47>[B] (+0) -0.604575163<x48>[B] (+0) -0.604575163<x49>[B] (+0) +0.604575163<x50>[B] (+0) -0.604575163<x51>[B] (+1) +0.604575163<x52>[B] (+0) +0.604575163<x53>[B] (+0) +0.604575163<x54>[B] (+0) +0.604575163<x55>[B] (+1) +0.604575163<x56>[B] (+0) -0.604575163<x57>[B] (+1) +0.604575163<x58>[B] (+0) -0.604575163<x59>[B] (+0) -0.604575163<x60>[B] (+1) -0.604575163<x61>[B] (+1) -0.604575163<x62>[B] (+0) +0.604575163<x63>[B] (+1) +0.604575163<x64>[B] (+1) +0.604575163<x65>[B] (+0) +0.604575163<x66>[B] (+1) +0.604575163<x67>[B] (+1) +0.604575163<x68>[B] (+1) +0.604575163<x69>[B] (+0) -0.604575163<x70>[B] (+1) +0.604575163<x71>[B] (+0) +0.604575163<x72>[B] (+0) -0.604575163<x73>[B] (+1) +0.604575163<x74>[B] (+1) +0.604575163<x75>[B] (+1) -0.604575163<x76>[B] (+1) +0.604575163<x77>[B] (+0) -0.604575163<x78>[B] (+0) +0.604575163<x79>[B] (+1) +0.604575163<x80>[B] (+1) +0.604575163<x81>[B] (+0) -0.604575163<x82>[B] (+1) +0.604575163<x83>[B] (+0) -0.604575163<x84>[B] (+0) -0.604575163<x85>[B] (+1) -0.604575163<x86>[B] (+1) -0.604575163<x87>[B] (+1) +0.604575163<x88>[B] (+0) +0.604575163<x89>[B] (+0) +0.604575163<x90>[B] (+0) +0.604575163<x91>[B] (+1) +0.604575163<x92>[B] (+0) -0.604575163<x93>[B] (+1) +0.604575163<x94>[B] (+0) -0.604575163<x95>[B] (+0) -0.604575163<x96>[B] (+1) -0.604575163<x97>[B] (+1) +0.604575163<x98>[B] (+0) -0.604575163<x99>[B] (+1) -0.604575163<x100>[B] (+1) +0.604575163<x101>[B] (+1) -0.604575163<x102>[B] (+1) -0.604575163<x103>[B] (+1) +0.604575163<x104>[B] (+0) -0.604575163<x105>[B] (+1) -0.604575163<x106>[B] (+1) -0.604575163<x107>[B] (+1) -0.604575163<x108>[B] (+1) +0.604575163<x109>[B] (+1) +0.604575163<x110>[B] (+1) +0.604575163<x111>[B] (+0) -0.604575163<x112>[B] (+1) +0.604575163<x113>[B] (+0) -0.604575163<x114>[B] (+0) -0.604575163<x115>[B] (+1) -0.604575163<x116>[B] (+1) -0.604575163<x117>[B] (+1) +0.604575163<x118>[B] (+1) -0.604575163<x119>[B] (+0) -0.604575163<x120>[B] (+1) +0.604575163<x121>[B] (+0) -0.604575163<x122>[B] (+0) -0.604575163<x123>[B] (+1) -0.604575163<x124>[B] (+1) -0.604575163<x125>[B] (+0) -0.604575163<x126>[B] (+0) -0.604575163<x127>[B] (+1) +0.604575163<x128>[B] (+0) -0.604575163<x129>[B] (+0) -0.604575163<x130>[B] (+1) -0.604575163<x131>[B] (+1) -0.604575163<x132>[B] (+0) -0.604575163<x133>[B] (+1) +0.604575163<x134>[B] (+0) -0.604575163<x135>[B] (+1) -0.604575163<x136>[B] (+1) -0.604575163<x137>[B] (+1) -0.604575163<x138>[B] (+1) +0.604575163<x139>[B] (+0) +0.604575163<x140>[B] (+0) -0.604575163<x141>[B] (+0) +0.604575163<x142>[B] (+0) +0.604575163<x143>[B] (+0) -0.604575163<x144>[B] (+1) -0.604575163<x145>[B] (+1) -0.604575163<x146>[B] (+1) -0.604575163<x147>[B] (+1) -0.604575163<x148>[B] (+1) -0.604575163<x149>[B] (+1) +0.604575163<x150>[B] (+1) +0.604575163<x151>[B] (+1) +0.604575163<x152>[B] (+0) +0.604575163<x153>[B] (+0) >= 14.9640522875817;
;
violation: left hand side is violated by 0.00653594771241472
  [linear] <c1829>: <x184>[C] (+23.0522876) -0.545751634<x1>[B] (+1) -0.545751634<x2>[B] (+1) -0.545751634<x3>[B] (+1) -0.545751634<x4>[B] (+1) -0.545751634<x5>[B] (+1) -0.545751634<x6>[B] (+1) -0.545751634<x7>[B] (+1) +0.545751634<x8>[B] (+1) -0.545751634<x9>[B] (+1) -0.545751634<x10>[B] (+1) -0.545751634<x11>[B] (+1) -0.545751634<x12>[B] (+1) -0.545751634<x13>[B] (+0) -0.545751634<x14>[B] (+1) -0.545751634<x15>[B] (+1) -0.545751634<x16>[B] (+1) -0.545751634<x17>[B] (+1) +0.545751634<x18>[B] (+1) +0.545751634<x19>[B] (+0) +0.545751634<x20>[B] (+0) +0.545751634<x21>[B] (+0) +0.545751634<x22>[B] (+0) +0.545751634<x23>[B] (+0) +0.545751634<x24>[B] (+0) +0.545751634<x25>[B] (+0) +0.545751634<x26>[B] (+0) +0.545751634<x27>[B] (+0) +0.545751634<x28>[B] (+1) +0.545751634<x29>[B] (+0) +0.545751634<x30>[B] (+0) +0.545751634<x31>[B] (+1) +0.545751634<x32>[B] (+1) +0.545751634<x33>[B] (+0) -0.545751634<x34>[B] (+0) -0.545751634<x35>[B] (+0) -0.545751634<x36>[B] (+0) -0.545751634<x37>[B] (+0) -0.545751634<x38>[B] (+0) +0.545751634<x39>[B] (+0) -0.545751634<x40>[B] (+0) -0.545751634<x41>[B] (+0) -0.545751634<x42>[B] (+0) -0.545751634<x43>[B] (+1) -0.545751634<x44>[B] (+0) -0.545751634<x45>[B] (+0) -0.545751634<x46>[B] (+0) -0.545751634<x47>[B] (+0) -0.545751634<x48>[B] (+0) -0.545751634<x49>[B] (+1) +0.545751634<x50>[B] (+1) +0.545751634<x51>[B] (+1) -0.545751634<x52>[B] (+0) +0.545751634<x53>[B] (+1) -0.545751634<x54>[B] (+1) -0.545751634<x55>[B] (+1) -0.545751634<x56>[B] (+0) -0.545751634<x57>[B] (+1) -0.545751634<x58>[B] (+0) -0.545751634<x59>[B] (+0) -0.545751634<x60>[B] (+1) -0.545751634<x61>[B] (+1) -0.545751634<x62>[B] (+1) +0.545751634<x63>[B] (+1) +0.545751634<x64>[B] (+1) +0.545751634<x65>[B] (+0) +0.545751634<x66>[B] (+1) +0.545751634<x67>[B] (+1) -0.545751634<x68>[B] (+1) -0.545751634<x69>[B] (+0) -0.545751634<x70>[B] (+1) -0.545751634<x71>[B] (+0) -0.545751634<x72>[B] (+0) +0.545751634<x73>[B] (+1) -0.545751634<x74>[B] (+1) -0.545751634<x75>[B] (+1) +0.545751634<x76>[B] (+1) -0.545751634<x77>[B] (+0) +0.545751634<x78>[B] (+0) -0.545751634<x79>[B] (+0) -0.545751634<x80>[B] (+1) -0.545751634<x81>[B] (+0) -0.545751634<x82>[B] (+1) -0.545751634<x83>[B] (+0) -0.545751634<x84>[B] (+0) -0.545751634<x85>[B] (+1) -0.545751634<x86>[B] (+1) -0.545751634<x87>[B] (+0) -0.545751634<x88>[B] (+0) +0.545751634<x89>[B] (+0) -0.545751634<x90>[B] (+0) -0.545751634<x91>[B] (+1) -0.545751634<x92>[B] (+0) -0.545751634<x93>[B] (+1) -0.545751634<x94>[B] (+0) -0.545751634<x95>[B] (+0) -0.545751634<x96>[B] (+1) -0.545751634<x97>[B] (+1) -0.545751634<x98>[B] (+0) +0.545751634<x99>[B] (+1) +0.545751634<x100>[B] (+1) -0.545751634<x101>[B] (+1) -0.545751634<x102>[B] (+1) -0.545751634<x103>[B] (+1) -0.545751634<x104>[B] (+0) -0.545751634<x105>[B] (+1) +0.545751634<x106>[B] (+1) -0.545751634<x107>[B] (+1) -0.545751634<x108>[B] (+1) -0.545751634<x109>[B] (+1) -0.545751634<x110>[B] (+1) -0.545751634<x111>[B] (+0) -0.545751634<x112>[B] (+1) -0.545751634<x113>[B] (+0) -0.545751634<x114>[B] (+0) -0.545751634<x115>[B] (+1) -0.545751634<x116>[B] (+1) -0.545751634<x117>[B] (+1) -0.545751634<x118>[B] (+1) -0.545751634<x119>[B] (+0) -0.545751634<x120>[B] (+1) -0.545751634<x121>[B] (+0) -0.545751634<x122>[B] (+0) -0.545751634<x123>[B] (+1) -0.545751634<x124>[B] (+1) -0.545751634<x125>[B] (+0) +0.545751634<x126>[B] (+0) -0.545751634<x127>[B] (+1) -0.545751634<x128>[B] (+0) +0.545751634<x129>[B] (+0) +0.545751634<x130>[B] (+1) -0.545751634<x131>[B] (+1) -0.545751634<x132>[B] (+0) -0.545751634<x133>[B] (+1) -0.545751634<x134>[B] (+0) -0.545751634<x135>[B] (+1) +0.545751634<x136>[B] (+1) -0.545751634<x137>[B] (+1) -0.545751634<x138>[B] (+1) +0.545751634<x139>[B] (+0) +0.545751634<x140>[B] (+0) +0.545751634<x141>[B] (+0) +0.545751634<x142>[B] (+0) +0.545751634<x143>[B] (+0) +0.545751634<x144>[B] (+1) +0.545751634<x145>[B] (+1) +0.545751634<x146>[B] (+1) -0.545751634<x147>[B] (+1) +0.545751634<x148>[B] (+1) -0.545751634<x149>[B] (+1) -0.545751634<x150>[B] (+1) -0.545751634<x151>[B] (+1) -0.545751634<x152>[B] (+0) -0.545751634<x153>[B] (+0) >= 2.32026143790849;
;
violation: left hand side is violated by 0.00653594771241472
  [linear] <c1827>: <x181>[C] (+21.4346405) +0.526143791<x1>[B] (+1) -0.526143791<x2>[B] (+1) -0.526143791<x3>[B] (+1) +0.526143791<x4>[B] (+1) -0.526143791<x5>[B] (+1) -0.526143791<x6>[B] (+1) -0.526143791<x7>[B] (+0) -0.526143791<x8>[B] (+1) -0.526143791<x9>[B] (+1) +0.526143791<x10>[B] (+1) -0.526143791<x11>[B] (+1) -0.526143791<x12>[B] (+1) +0.526143791<x13>[B] (+0) -0.526143791<x14>[B] (+1) -0.526143791<x15>[B] (+1) -0.526143791<x16>[B] (+1) -0.526143791<x17>[B] (+1) -0.526143791<x18>[B] (+1) -0.526143791<x19>[B] (+0) -0.526143791<x20>[B] (+0) -0.526143791<x21>[B] (+0) -0.526143791<x22>[B] (+1) -0.526143791<x23>[B] (+0) -0.526143791<x24>[B] (+0) -0.526143791<x25>[B] (+0) -0.526143791<x26>[B] (+0) -0.526143791<x27>[B] (+0) -0.526143791<x28>[B] (+1) -0.526143791<x29>[B] (+0) -0.526143791<x30>[B] (+0) -0.526143791<x31>[B] (+1) -0.526143791<x32>[B] (+1) -0.526143791<x33>[B] (+0) -0.526143791<x34>[B] (+0) +0.526143791<x35>[B] (+0) -0.526143791<x36>[B] (+0) -0.526143791<x37>[B] (+0) -0.526143791<x38>[B] (+0) -0.526143791<x39>[B] (+0) -0.526143791<x40>[B] (+0) +0.526143791<x41>[B] (+0) -0.526143791<x42>[B] (+0) -0.526143791<x43>[B] (+1) +0.526143791<x44>[B] (+0) -0.526143791<x45>[B] (+0) -0.526143791<x46>[B] (+0) -0.526143791<x47>[B] (+0) -0.526143791<x48>[B] (+0) +0.526143791<x49>[B] (+0) +0.526143791<x50>[B] (+0) +0.526143791<x51>[B] (+1) +0.526143791<x52>[B] (+0) +0.526143791<x53>[B] (+0) +0.526143791<x54>[B] (+0) +0.526143791<x55>[B] (+1) +0.526143791<x56>[B] (+0) +0.526143791<x57>[B] (+1) +0.526143791<x58>[B] (+0) -0.526143791<x59>[B] (+0) -0.526143791<x60>[B] (+1) +0.526143791<x61>[B] (+1) -0.526143791<x62>[B] (+0) -0.526143791<x63>[B] (+1) -0.526143791<x64>[B] (+1) -0.526143791<x65>[B] (+0) -0.526143791<x66>[B] (+1) -0.526143791<x67>[B] (+1) +0.526143791<x68>[B] (+1) -0.526143791<x69>[B] (+0) -0.526143791<x70>[B] (+1) +0.526143791<x71>[B] (+0) -0.526143791<x72>[B] (+0) -0.526143791<x73>[B] (+1) -0.526143791<x74>[B] (+1) -0.526143791<x75>[B] (+1) -0.526143791<x76>[B] (+1) -0.526143791<x77>[B] (+0) -0.526143791<x78>[B] (+0) -0.526143791<x79>[B] (+0) +0.526143791<x80>[B] (+1) -0.526143791<x81>[B] (+0) -0.526143791<x82>[B] (+1) +0.526143791<x83>[B] (+0) -0.526143791<x84>[B] (+0) -0.526143791<x85>[B] (+1) -0.526143791<x86>[B] (+1) -0.526143791<x87>[B] (+1) -0.526143791<x88>[B] (+0) +0.526143791<x89>[B] (+0) +0.526143791<x90>[B] (+0) +0.526143791<x91>[B] (+0) +0.526143791<x92>[B] (+0) +0.526143791<x93>[B] (+1) +0.526143791<x94>[B] (+0) -0.526143791<x95>[B] (+0) -0.526143791<x96>[B] (+0) -0.526143791<x97>[B] (+0) -0.526143791<x98>[B] (+0) +0.526143791<x99>[B] (+1) +0.526143791<x100>[B] (+1) +0.526143791<x101>[B] (+1) +0.526143791<x102>[B] (+1) +0.526143791<x103>[B] (+1) +0.526143791<x104>[B] (+0) -0.526143791<x105>[B] (+1) -0.526143791<x106>[B] (+1) -0.526143791<x107>[B] (+1) -0.526143791<x108>[B] (+1) +0.526143791<x109>[B] (+1) +0.526143791<x110>[B] (+1) +0.526143791<x111>[B] (+0) +0.526143791<x112>[B] (+1) +0.526143791<x113>[B] (+0) -0.526143791<x114>[B] (+0) -0.526143791<x115>[B] (+1) -0.526143791<x116>[B] (+1) -0.526143791<x117>[B] (+1) +0.526143791<x118>[B] (+1) -0.526143791<x119>[B] (+0) -0.526143791<x120>[B] (+1) +0.526143791<x121>[B] (+0) -0.526143791<x122>[B] (+0) -0.526143791<x123>[B] (+1) -0.526143791<x124>[B] (+1) -0.526143791<x125>[B] (+1) -0.526143791<x126>[B] (+0) -0.526143791<x127>[B] (+1) -0.526143791<x128>[B] (+0) -0.526143791<x129>[B] (+0) -0.526143791<x130>[B] (+1) -0.526143791<x131>[B] (+1) -0.526143791<x132>[B] (+0) +0.526143791<x133>[B] (+1) +0.526143791<x134>[B] (+0) -0.526143791<x135>[B] (+1) -0.526143791<x136>[B] (+1) -0.526143791<x137>[B] (+1) -0.526143791<x138>[B] (+1) +0.526143791<x139>[B] (+0) -0.526143791<x140>[B] (+0) -0.526143791<x141>[B] (+0) -0.526143791<x142>[B] (+0) -0.526143791<x143>[B] (+0) -0.526143791<x144>[B] (+1) -0.526143791<x145>[B] (+1) -0.526143791<x146>[B] (+1) -0.526143791<x147>[B] (+1) -0.526143791<x148>[B] (+1) +0.526143791<x149>[B] (+1) -0.526143791<x150>[B] (+1) +0.526143791<x151>[B] (+1) +0.526143791<x152>[B] (+0) -0.526143791<x153>[B] (+0) >= 3.55228758169935;
;
violation: left hand side is violated by 0.00653594771242183
4/10 feasible solutions given by solution candidate storage, new primal bound -6.205305e+02

presolving:
   (0.0s) symmetry computation started: requiring (bin +, int +, cont +), (fixed: bin -, int -, cont -)
   (0.0s) no symmetry present (symcode time: 0.00)
presolving (0 rounds: 0 fast, 0 medium, 0 exhaustive):
 0 deleted vars, 0 deleted constraints, 0 added constraints, 0 tightened bounds, 0 added holes, 0 changed sides, 0 changed coefficients
 0 implications, 0 cliques, 0 implied integral variables (0 bin, 0 int, 0 cont)
presolved problem has 193 variables (153 bin, 0 int, 40 cont) and 1831 constraints
   1831 constraints of type <linear>
Presolving Time: 0.01
transformed 5/5 original solutions to the transformed problem space

 time | node  | left  |LP iter|LP it/n|mem/heur|mdpt |vars |cons |rows |cuts |sepa|confs|strbr|  dualbound   | primalbound  |  gap   | compl. 
  0.1s|     1 |     0 |   470 |     - |    53M |   0 | 193 |1831 |1831 |   0 |  0 |   0 |   0 |-5.658621e+02 |-6.205305e+02 |   9.66%| unknown
  0.1s|     1 |     0 |   496 |     - |    53M |   0 | 193 |1831 |1832 |   1 |  1 |   0 |   0 |-5.659629e+02 |-6.205305e+02 |   9.64%| unknown
  0.2s|     1 |     0 |   507 |     - |    54M |   0 | 193 |1832 |1834 |   3 |  2 |   1 |   0 |-5.659788e+02 |-6.205305e+02 |   9.64%| unknown
  0.3s|     1 |     0 |   535 |     - |    54M |   0 | 193 |1832 |1836 |   5 |  3 |   1 |   0 |-5.660308e+02 |-6.205305e+02 |   9.63%| unknown
  0.3s|     1 |     0 |   580 |     - |    54M |   0 | 193 |1832 |1838 |   7 |  4 |   1 |   0 |-5.661027e+02 |-6.205305e+02 |   9.61%| unknown
  0.4s|     1 |     0 |   597 |     - |    54M |   0 | 193 |1832 |1840 |   9 |  5 |   1 |   0 |-5.661284e+02 |-6.205305e+02 |   9.61%| unknown
  0.5s|     1 |     0 |   626 |     - |    54M |   0 | 193 |1832 |1841 |  10 |  6 |   1 |   0 |-5.661377e+02 |-6.205305e+02 |   9.61%| unknown
  0.6s|     1 |     0 |   656 |     - |    55M |   0 | 193 |1832 |1843 |  12 |  7 |   1 |   0 |-5.661488e+02 |-6.205305e+02 |   9.61%| unknown
  0.7s|     1 |     0 |   692 |     - |    55M |   0 | 193 |1832 |1845 |  14 |  8 |   1 |   0 |-5.661596e+02 |-6.205305e+02 |   9.60%| unknown
  0.8s|     1 |     0 |   709 |     - |    55M |   0 | 193 |1832 |1847 |  16 |  9 |   1 |   0 |-5.661654e+02 |-6.205305e+02 |   9.60%| unknown
  0.9s|     1 |     0 |   751 |     - |    55M |   0 | 193 |1832 |1849 |  18 | 10 |   1 |   0 |-5.661797e+02 |-6.205305e+02 |   9.60%| unknown
  0.9s|     1 |     0 |   768 |     - |    55M |   0 | 193 |1832 |1851 |  20 | 11 |   1 |   0 |-5.661816e+02 |-6.205305e+02 |   9.60%| unknown
  0.9s|     1 |     0 |   777 |     - |    55M |   0 | 193 |1832 |1852 |  21 | 12 |   1 |   0 |-5.661819e+02 |-6.205305e+02 |   9.60%| unknown
  0.9s|     1 |     0 |   786 |     - |    56M |   0 | 193 |1832 |1853 |  22 | 13 |   1 |   0 |-5.661855e+02 |-6.205305e+02 |   9.60%| unknown
  1.0s|     1 |     0 |   801 |     - |    56M |   0 | 193 |1832 |1855 |  24 | 14 |   1 |   0 |-5.661874e+02 |-6.205305e+02 |   9.60%| unknown
 time | node  | left  |LP iter|LP it/n|mem/heur|mdpt |vars |cons |rows |cuts |sepa|confs|strbr|  dualbound   | primalbound  |  gap   | compl. 
r 1.0s|     1 |     0 |   872 |     - |intshift|   0 | 193 |1832 |1855 |  24 | 14 |   1 |   0 |-5.661874e+02 |-5.773170e+02 |   1.97%| unknown
d 1.0s|     1 |     0 |  1233 |     - |farkasdi|   0 | 193 |1832 |1855 |   0 | 14 |   1 |   0 |-5.661874e+02 |-5.687941e+02 |   0.46%| unknown
L 1.1s|     1 |     0 |  1233 |     - |    rens|   0 | 193 |1832 |1855 |  24 | 14 |  44 |   0 |-5.661874e+02 |-5.678464e+02 |   0.29%| unknown
(run 1, node 1) restarting after 43 global fixings of integer variables

(restart) converted 24 cuts from the global cut pool into linear constraints

presolving:
presolving (0 rounds: 0 fast, 0 medium, 0 exhaustive):
 0 deleted vars, 0 deleted constraints, 0 added constraints, 0 tightened bounds, 0 added holes, 0 changed sides, 0 changed coefficients
 0 implications, 0 cliques, 0 implied integral variables (0 bin, 0 int, 0 cont)
presolved problem has 193 variables (153 bin, 0 int, 40 cont) and 1856 constraints
   1855 constraints of type <linear>
      1 constraints of type <logicor>
Presolving Time: 0.01
transformed 22/24 original solutions to the transformed problem space

 time | node  | left  |LP iter|LP it/n|mem/heur|mdpt |vars |cons |rows |cuts |sepa|confs|strbr|  dualbound   | primalbound  |  gap   | compl. 
  1.2s|     1 |     0 |  1790 |     - |    56M |   0 | 193 |1856 |1199 |   0 |  0 |  44 |   0 |-5.661874e+02 |-5.678464e+02 |   0.29%| unknown
  1.2s|     1 |     0 |  1790 |     - |    56M |   0 | 193 |1856 | 939 |   0 |  0 |  44 |   0 |-5.661874e+02 |-5.678464e+02 |   0.29%| unknown
  1.3s|     1 |     0 |  1810 |     - |    56M |   0 | 193 |1856 | 941 |   2 |  1 |  44 |   0 |-5.661954e+02 |-5.678464e+02 |   0.29%| unknown
  1.3s|     1 |     0 |  1877 |     - |    56M |   0 | 193 |1856 | 942 |   3 |  2 |  44 |   0 |-5.662213e+02 |-5.678464e+02 |   0.29%| unknown
  1.4s|     1 |     0 |  1904 |     - |    56M |   0 | 193 |1856 | 945 |   6 |  3 |  44 |   0 |-5.662319e+02 |-5.678464e+02 |   0.29%| unknown
  1.5s|     1 |     0 |  1933 |     - |    56M |   0 | 193 |1857 | 947 |   8 |  4 |  45 |   0 |-5.662380e+02 |-5.678464e+02 |   0.28%| unknown
  1.6s|     1 |     0 |  1955 |     - |    56M |   0 | 193 |1857 | 948 |   9 |  5 |  45 |   0 |-5.662391e+02 |-5.678464e+02 |   0.28%| unknown
  1.6s|     1 |     0 |  1976 |     - |    57M |   0 | 193 |1857 | 949 |  10 |  6 |  45 |   0 |-5.662416e+02 |-5.678464e+02 |   0.28%| unknown
  1.7s|     1 |     0 |  1994 |     - |    57M |   0 | 193 |1857 | 950 |  11 |  7 |  45 |   0 |-5.662448e+02 |-5.678464e+02 |   0.28%| unknown
  1.8s|     1 |     0 |  2024 |     - |    57M |   0 | 193 |1857 | 951 |  12 |  8 |  45 |   0 |-5.662482e+02 |-5.678464e+02 |   0.28%| unknown
  1.9s|     1 |     0 |  2052 |     - |    57M |   0 | 193 |1858 | 952 |  13 |  9 |  46 |   0 |-5.662535e+02 |-5.678464e+02 |   0.28%| unknown
  1.9s|     1 |     0 |  2065 |     - |    57M |   0 | 193 |1858 | 944 |  16 | 10 |  46 |   0 |-5.662542e+02 |-5.678464e+02 |   0.28%| unknown
  2.0s|     1 |     0 |  2076 |     - |    57M |   0 | 193 |1858 | 945 |  17 | 11 |  46 |   0 |-5.662550e+02 |-5.678464e+02 |   0.28%| unknown
  2.0s|     1 |     0 |  2076 |     - |    57M |   0 | 193 |1340 | 945 |  17 | 11 |  46 |   0 |-5.662550e+02 |-5.678464e+02 |   0.28%| unknown
  2.0s|     1 |     0 |  2088 |     - |    57M |   0 | 193 |1340 | 947 |  19 | 12 |  46 |   0 |-5.662553e+02 |-5.678464e+02 |   0.28%| unknown
 time | node  | left  |LP iter|LP it/n|mem/heur|mdpt |vars |cons |rows |cuts |sepa|confs|strbr|  dualbound   | primalbound  |  gap   | compl. 
  2.0s|     1 |     0 |  2112 |     - |    57M |   0 | 193 |1340 | 949 |  21 | 13 |  46 |   0 |-5.662571e+02 |-5.678464e+02 |   0.28%| unknown
  2.1s|     1 |     0 |  2120 |     - |    57M |   0 | 193 |1340 | 950 |  22 | 14 |  46 |   0 |-5.662572e+02 |-5.678464e+02 |   0.28%| unknown
  2.1s|     1 |     0 |  2124 |     - |    57M |   0 | 193 |1340 | 951 |  23 | 15 |  46 |   0 |-5.662573e+02 |-5.678464e+02 |   0.28%| unknown
  2.1s|     1 |     0 |  2143 |     - |    57M |   0 | 193 |1340 | 943 |  25 | 16 |  46 |   0 |-5.662588e+02 |-5.678464e+02 |   0.28%| unknown
  2.3s|     1 |     0 |  2603 |     - |    57M |   0 | 193 |1347 | 943 |  25 | 17 |  53 |   1 |-5.663243e+02 |-5.678464e+02 |   0.27%| unknown
  2.4s|     1 |     0 |  2603 |     - |    57M |   0 | 193 |1347 | 943 |  25 | 18 |  53 |   2 |-5.667592e+02 |-5.678464e+02 |   0.19%| unknown
  2.4s|     1 |     0 |  2603 |     - |    57M |   0 | 193 |1347 | 943 |  25 | 19 |  53 |   3 |-5.667592e+02 |-5.678464e+02 |   0.19%| unknown
  2.5s|     1 |     0 |  2603 |     - |    57M |   0 | 193 |1347 | 943 |  25 | 20 |  53 |   4 |-5.667592e+02 |-5.678464e+02 |   0.19%| unknown
  2.5s|     1 |     0 |  2603 |     - |    57M |   0 | 193 |1347 | 943 |  25 | 21 |  53 |   8 |-5.667592e+02 |-5.678464e+02 |   0.19%| unknown
  2.6s|     1 |     0 |  2603 |     - |    57M |   0 | 193 |1347 | 943 |  25 | 22 |  53 |  12 |-5.667592e+02 |-5.678464e+02 |   0.19%| unknown
  2.7s|     1 |     0 |  2603 |     - |    57M |   0 | 193 |1347 | 943 |  25 | 23 |  53 |  17 |-5.667592e+02 |-5.678464e+02 |   0.19%| unknown
  2.8s|     1 |     0 |  2603 |     - |    57M |   0 | 193 |1347 | 943 |  25 | 24 |  53 |  22 |-5.667592e+02 |-5.678464e+02 |   0.19%| unknown
  3.0s|     1 |     0 |  2613 |     - |    57M |   0 | 193 |1323 | 943 |  25 | 25 |  55 |  38 |-5.667592e+02 |-5.678464e+02 |   0.19%| unknown
  3.0s|     1 |     0 |  2625 |     - |    57M |   0 | 193 |1323 | 943 |  26 | 26 |  55 |  38 |-5.667592e+02 |-5.678464e+02 |   0.19%| unknown
  3.0s|     1 |     0 |  2628 |     - |    57M |   0 | 193 |1323 | 944 |  27 | 27 |  55 |  38 |-5.667592e+02 |-5.678464e+02 |   0.19%| unknown
 time | node  | left  |LP iter|LP it/n|mem/heur|mdpt |vars |cons |rows |cuts |sepa|confs|strbr|  dualbound   | primalbound  |  gap   | compl. 
  3.0s|     1 |     0 |  2639 |     - |    57M |   0 | 193 |1297 | 944 |  27 | 27 |  57 |  41 |-5.667592e+02 |-5.678464e+02 |   0.19%| unknown
  3.1s|     1 |     0 |  2646 |     - |    57M |   0 | 193 |1297 | 945 |  28 | 28 |  57 |  41 |-5.667592e+02 |-5.678464e+02 |   0.19%| unknown
  3.1s|     1 |     0 |  2646 |     - |    57M |   0 | 193 |1296 | 945 |  28 | 29 |  57 |  42 |-5.667592e+02 |-5.678464e+02 |   0.19%| unknown
  3.1s|     1 |     0 |  2646 |     - |    57M |   0 | 193 |1296 | 945 |  28 | 30 |  57 |  43 |-5.667592e+02 |-5.678464e+02 |   0.19%| unknown
  3.1s|     1 |     2 |  2646 |     - |    57M |   0 | 193 |1296 | 945 |  28 | 31 |  57 |  43 |-5.667592e+02 |-5.678464e+02 |   0.19%| unknown

SCIP Status        : problem is solved [optimal solution found]
Solving Time (sec) : 3.28
Solving Nodes      : 7 (total of 8 nodes in 2 runs)
Primal Bound       : -5.67846405228758e+02 (48 solutions)
Dual Bound         : -5.67846405228758e+02
Gap                : 0.00 %
  [linear] <c1832>: <x155>[C] (+18.375817) +0.486928105<x1>[B] (+1) +0.486928105<x2>[B] (+1) +0.486928105<x3>[B] (+1) -0.486928105<x4>[B] (+1) +0.486928105<x5>[B] (+1) +0.486928105<x6>[B] (+1) +0.486928105<x7>[B] (+0) +0.486928105<x8>[B] (+1) +0.486928105<x9>[B] (+1) +0.486928105<x10>[B] (+1) +0.486928105<x11>[B] (+1) +0.486928105<x12>[B] (+1) +0.486928105<x13>[B] (+0) +0.486928105<x14>[B] (+1) +0.486928105<x15>[B] (+1) +0.486928105<x16>[B] (+1) +0.486928105<x17>[B] (+1) +0.486928105<x18>[B] (+1) -0.486928105<x19>[B] (+0) -0.486928105<x20>[B] (+0) +0.486928105<x21>[B] (+0) -0.486928105<x22>[B] (+1) +0.486928105<x23>[B] (+0) +0.486928105<x24>[B] (+0) -0.486928105<x25>[B] (+1) -0.486928105<x26>[B] (+1) -0.486928105<x27>[B] (+0) -0.486928105<x28>[B] (+1) +0.486928105<x29>[B] (+0) +0.486928105<x30>[B] (+0) -0.486928105<x31>[B] (+1) +0.486928105<x32>[B] (+1) -0.486928105<x33>[B] (+0) -0.486928105<x34>[B] (+0) -0.486928105<x35>[B] (+0) -0.486928105<x36>[B] (+0) -0.486928105<x37>[B] (+0) +0.486928105<x38>[B] (+0) -0.486928105<x39>[B] (+0) -0.486928105<x40>[B] (+0) -0.486928105<x41>[B] (+0) -0.486928105<x42>[B] (+0) -0.486928105<x43>[B] (+0) -0.486928105<x44>[B] (+0) -0.486928105<x45>[B] (+0) -0.486928105<x46>[B] (+0) -0.486928105<x47>[B] (+0) -0.486928105<x48>[B] (+0) -0.486928105<x49>[B] (+1) +0.486928105<x50>[B] (+0) +0.486928105<x51>[B] (+1) +0.486928105<x52>[B] (+0) +0.486928105<x53>[B] (+1) +0.486928105<x54>[B] (+1) +0.486928105<x55>[B] (+1) +0.486928105<x56>[B] (+0) +0.486928105<x57>[B] (+1) +0.486928105<x58>[B] (+0) +0.486928105<x59>[B] (+1) +0.486928105<x60>[B] (+1) +0.486928105<x61>[B] (+1) +0.486928105<x62>[B] (+1) +0.486928105<x63>[B] (+0) +0.486928105<x64>[B] (+1) +0.486928105<x65>[B] (+0) +0.486928105<x66>[B] (+1) +0.486928105<x67>[B] (+1) +0.486928105<x68>[B] (+1) +0.486928105<x69>[B] (+0) +0.486928105<x70>[B] (+1) +0.486928105<x71>[B] (+0) +0.486928105<x72>[B] (+0) +0.486928105<x73>[B] (+1) +0.486928105<x74>[B] (+1) +0.486928105<x75>[B] (+0) -0.486928105<x76>[B] (+1) +0.486928105<x77>[B] (+0) -0.486928105<x78>[B] (+1) -0.486928105<x79>[B] (+1) -0.486928105<x80>[B] (+1) -0.486928105<x81>[B] (+0) -0.486928105<x82>[B] (+1) -0.486928105<x83>[B] (+0) -0.486928105<x84>[B] (+1) -0.486928105<x85>[B] (+1) +0.486928105<x86>[B] (+1) -0.486928105<x87>[B] (+1) +0.486928105<x88>[B] (+0) +0.486928105<x89>[B] (+0) -0.486928105<x90>[B] (+0) -0.486928105<x91>[B] (+1) -0.486928105<x92>[B] (+0) +0.486928105<x93>[B] (+1) +0.486928105<x94>[B] (+0) +0.486928105<x95>[B] (+0) -0.486928105<x96>[B] (+1) +0.486928105<x97>[B] (+1) +0.486928105<x98>[B] (+0) -0.486928105<x99>[B] (+1) -0.486928105<x100>[B] (+1) -0.486928105<x101>[B] (+1) -0.486928105<x102>[B] (+1) -0.486928105<x103>[B] (+1) -0.486928105<x104>[B] (+0) -0.486928105<x105>[B] (+1) -0.486928105<x106>[B] (+1) -0.486928105<x107>[B] (+1) -0.486928105<x108>[B] (+1) -0.486928105<x109>[B] (+1) -0.486928105<x110>[B] (+1) -0.486928105<x111>[B] (+0) -0.486928105<x112>[B] (+1) +0.486928105<x113>[B] (+0) -0.486928105<x114>[B] (+0) -0.486928105<x115>[B] (+1) +0.486928105<x116>[B] (+1) -0.486928105<x117>[B] (+0) -0.486928105<x118>[B] (+1) -0.486928105<x119>[B] (+0) +0.486928105<x120>[B] (+1) +0.486928105<x121>[B] (+0) +0.486928105<x122>[B] (+0) +0.486928105<x123>[B] (+1) +0.486928105<x124>[B] (+1) +0.486928105<x125>[B] (+0) +0.486928105<x126>[B] (+0) +0.486928105<x127>[B] (+1) +0.486928105<x128>[B] (+0) +0.486928105<x129>[B] (+0) +0.486928105<x130>[B] (+0) +0.486928105<x131>[B] (+1) +0.486928105<x132>[B] (+0) +0.486928105<x133>[B] (+1) +0.486928105<x134>[B] (+0) +0.486928105<x135>[B] (+1) +0.486928105<x136>[B] (+1) +0.486928105<x137>[B] (+1) +0.486928105<x138>[B] (+1) +0.486928105<x139>[B] (+0) +0.486928105<x140>[B] (+0) -0.486928105<x141>[B] (+0) +0.486928105<x142>[B] (+0) +0.486928105<x143>[B] (+0) -0.486928105<x144>[B] (+1) -0.486928105<x145>[B] (+1) +0.486928105<x146>[B] (+1) -0.486928105<x147>[B] (+1) -0.486928105<x148>[B] (+1) +0.486928105<x149>[B] (+1) -0.486928105<x150>[B] (+1) +0.486928105<x151>[B] (+1) +0.486928105<x152>[B] (+0) -0.486928105<x153>[B] (+0) >= 24.7124183006536;
;
violation: left hand side is violated by 0.00653594771237209
  [linear] <c1832>: <x155>[C] (+18.375817) +0.486928105<x1>[B] (+1) +0.486928105<x2>[B] (+1) +0.486928105<x3>[B] (+1) -0.486928105<x4>[B] (+1) +0.486928105<x5>[B] (+1) +0.486928105<x6>[B] (+1) +0.486928105<x7>[B] (+1) +0.486928105<x8>[B] (+1) +0.486928105<x9>[B] (+1) +0.486928105<x10>[B] (+1) +0.486928105<x11>[B] (+1) +0.486928105<x12>[B] (+1) +0.486928105<x13>[B] (+0) +0.486928105<x14>[B] (+1) +0.486928105<x15>[B] (+1) +0.486928105<x16>[B] (+1) +0.486928105<x17>[B] (+1) +0.486928105<x18>[B] (+1) -0.486928105<x19>[B] (+0) -0.486928105<x20>[B] (+0) +0.486928105<x21>[B] (+0) -0.486928105<x22>[B] (+1) +0.486928105<x23>[B] (+0) +0.486928105<x24>[B] (+0) -0.486928105<x25>[B] (+1) -0.486928105<x26>[B] (+1) -0.486928105<x27>[B] (+0) -0.486928105<x28>[B] (+1) +0.486928105<x29>[B] (+0) +0.486928105<x30>[B] (+0) -0.486928105<x31>[B] (+0) +0.486928105<x32>[B] (+1) -0.486928105<x33>[B] (+0) -0.486928105<x34>[B] (+0) -0.486928105<x35>[B] (+0) -0.486928105<x36>[B] (+0) -0.486928105<x37>[B] (+1) +0.486928105<x38>[B] (+0) -0.486928105<x39>[B] (+0) -0.486928105<x40>[B] (+0) -0.486928105<x41>[B] (+0) -0.486928105<x42>[B] (+0) -0.486928105<x43>[B] (+1) -0.486928105<x44>[B] (+0) -0.486928105<x45>[B] (+0) -0.486928105<x46>[B] (+0) -0.486928105<x47>[B] (+0) -0.486928105<x48>[B] (+0) -0.486928105<x49>[B] (+1) +0.486928105<x50>[B] (+0) +0.486928105<x51>[B] (+1) +0.486928105<x52>[B] (+0) +0.486928105<x53>[B] (+1) +0.486928105<x54>[B] (+1) +0.486928105<x55>[B] (+1) +0.486928105<x56>[B] (+0) +0.486928105<x57>[B] (+1) +0.486928105<x58>[B] (+0) +0.486928105<x59>[B] (+1) +0.486928105<x60>[B] (+1) +0.486928105<x61>[B] (+1) +0.486928105<x62>[B] (+1) +0.486928105<x63>[B] (+0) +0.486928105<x64>[B] (+1) +0.486928105<x65>[B] (+0) +0.486928105<x66>[B] (+1) +0.486928105<x67>[B] (+1) +0.486928105<x68>[B] (+1) +0.486928105<x69>[B] (+0) +0.486928105<x70>[B] (+1) +0.486928105<x71>[B] (+0) +0.486928105<x72>[B] (+0) +0.486928105<x73>[B] (+1) +0.486928105<x74>[B] (+1) +0.486928105<x75>[B] (+0) -0.486928105<x76>[B] (+1) +0.486928105<x77>[B] (+0) -0.486928105<x78>[B] (+1) -0.486928105<x79>[B] (+1) -0.486928105<x80>[B] (+1) -0.486928105<x81>[B] (+0) -0.486928105<x82>[B] (+1) -0.486928105<x83>[B] (+0) -0.486928105<x84>[B] (+1) -0.486928105<x85>[B] (+1) +0.486928105<x86>[B] (+1) -0.486928105<x87>[B] (+1) +0.486928105<x88>[B] (+0) +0.486928105<x89>[B] (+0) -0.486928105<x90>[B] (+0) -0.486928105<x91>[B] (+0) -0.486928105<x92>[B] (+0) +0.486928105<x93>[B] (+1) +0.486928105<x94>[B] (+0) +0.486928105<x95>[B] (+0) -0.486928105<x96>[B] (+0) +0.486928105<x97>[B] (+0) +0.486928105<x98>[B] (+0) -0.486928105<x99>[B] (+1) -0.486928105<x100>[B] (+1) -0.486928105<x101>[B] (+1) -0.486928105<x102>[B] (+1) -0.486928105<x103>[B] (+1) -0.486928105<x104>[B] (+0) -0.486928105<x105>[B] (+1) -0.486928105<x106>[B] (+1) -0.486928105<x107>[B] (+1) -0.486928105<x108>[B] (+1) -0.486928105<x109>[B] (+1) -0.486928105<x110>[B] (+1) -0.486928105<x111>[B] (+0) -0.486928105<x112>[B] (+1) +0.486928105<x113>[B] (+0) -0.486928105<x114>[B] (+0) -0.486928105<x115>[B] (+1) +0.486928105<x116>[B] (+1) -0.486928105<x117>[B] (+0) -0.486928105<x118>[B] (+1) -0.486928105<x119>[B] (+0) +0.486928105<x120>[B] (+1) +0.486928105<x121>[B] (+0) +0.486928105<x122>[B] (+0) +0.486928105<x123>[B] (+0) +0.486928105<x124>[B] (+1) +0.486928105<x125>[B] (+0) +0.486928105<x126>[B] (+0) +0.486928105<x127>[B] (+1) +0.486928105<x128>[B] (+0) +0.486928105<x129>[B] (+0) +0.486928105<x130>[B] (+0) +0.486928105<x131>[B] (+1) +0.486928105<x132>[B] (+0) +0.486928105<x133>[B] (+1) +0.486928105<x134>[B] (+0) +0.486928105<x135>[B] (+1) +0.486928105<x136>[B] (+1) +0.486928105<x137>[B] (+1) +0.486928105<x138>[B] (+1) +0.486928105<x139>[B] (+0) +0.486928105<x140>[B] (+0) -0.486928105<x141>[B] (+0) +0.486928105<x142>[B] (+0) +0.486928105<x143>[B] (+0) -0.486928105<x144>[B] (+1) -0.486928105<x145>[B] (+1) +0.486928105<x146>[B] (+1) -0.486928105<x147>[B] (+1) -0.486928105<x148>[B] (+1) +0.486928105<x149>[B] (+1) -0.486928105<x150>[B] (+1) +0.486928105<x151>[B] (+1) +0.486928105<x152>[B] (+0) -0.486928105<x153>[B] (+0) >= 24.7124183006536;
;
violation: left hand side is violated by 0.00653594771241828
  [linear] <c1836>: <x166>[C] (+24.1633987) -0.558823529<x1>[B] (+1) -0.558823529<x2>[B] (+1) +0.558823529<x3>[B] (+1) -0.558823529<x4>[B] (+1) -0.558823529<x5>[B] (+1) -0.558823529<x6>[B] (+1) -0.558823529<x7>[B] (+0) -0.558823529<x8>[B] (+1) -0.558823529<x9>[B] (+1) -0.558823529<x10>[B] (+1) -0.558823529<x11>[B] (+1) -0.558823529<x12>[B] (+1) -0.558823529<x13>[B] (+0) -0.558823529<x14>[B] (+1) +0.558823529<x15>[B] (+1) -0.558823529<x16>[B] (+1) -0.558823529<x17>[B] (+1) +0.558823529<x18>[B] (+1) +0.558823529<x19>[B] (+0) -0.558823529<x20>[B] (+0) -0.558823529<x21>[B] (+0) +0.558823529<x22>[B] (+0) +0.558823529<x23>[B] (+0) +0.558823529<x24>[B] (+0) -0.558823529<x25>[B] (+0) +0.558823529<x26>[B] (+0) -0.558823529<x27>[B] (+0) -0.558823529<x28>[B] (+1) +0.558823529<x29>[B] (+0) +0.558823529<x30>[B] (+0) +0.558823529<x31>[B] (+0) -0.558823529<x32>[B] (+0) -0.558823529<x33>[B] (+0) +0.558823529<x34>[B] (+0) -0.558823529<x35>[B] (+0) -0.558823529<x36>[B] (+0) -0.558823529<x37>[B] (+0) +0.558823529<x38>[B] (+0) -0.558823529<x39>[B] (+0) -0.558823529<x40>[B] (+0) -0.558823529<x41>[B] (+0) -0.558823529<x42>[B] (+0) -0.558823529<x43>[B] (+1) -0.558823529<x44>[B] (+0) +0.558823529<x45>[B] (+0) +0.558823529<x46>[B] (+0) -0.558823529<x47>[B] (+0) -0.558823529<x48>[B] (+0) -0.558823529<x49>[B] (+0) -0.558823529<x50>[B] (+1) -0.558823529<x51>[B] (+0) -0.558823529<x52>[B] (+0) -0.558823529<x53>[B] (+0) -0.558823529<x54>[B] (+0) -0.558823529<x55>[B] (+0) -0.558823529<x56>[B] (+0) -0.558823529<x57>[B] (+1) -0.558823529<x58>[B] (+0) -0.558823529<x59>[B] (+0) +0.558823529<x60>[B] (+0) -0.558823529<x61>[B] (+1) -0.558823529<x62>[B] (+0) +0.558823529<x63>[B] (+1) +0.558823529<x64>[B] (+1) +0.558823529<x65>[B] (+0) +0.558823529<x66>[B] (+1) +0.558823529<x67>[B] (+1) +0.558823529<x68>[B] (+1) +0.558823529<x69>[B] (+0) +0.558823529<x70>[B] (+1) +0.558823529<x71>[B] (+0) +0.558823529<x72>[B] (+0) +0.558823529<x73>[B] (+1) -0.558823529<x74>[B] (+1) +0.558823529<x75>[B] (+1) +0.558823529<x76>[B] (+0) +0.558823529<x77>[B] (+0) +0.558823529<x78>[B] (+0) -0.558823529<x79>[B] (+0) +0.558823529<x80>[B] (+0) -0.558823529<x81>[B] (+0) -0.558823529<x82>[B] (+1) +0.558823529<x83>[B] (+0) +0.558823529<x84>[B] (+0) +0.558823529<x85>[B] (+0) -0.558823529<x86>[B] (+1) +0.558823529<x87>[B] (+0) +0.558823529<x88>[B] (+0) +0.558823529<x89>[B] (+0) -0.558823529<x90>[B] (+0) -0.558823529<x91>[B] (+1) -0.558823529<x92>[B] (+0) -0.558823529<x93>[B] (+1) -0.558823529<x94>[B] (+0) +0.558823529<x95>[B] (+0) +0.558823529<x96>[B] (+1) -0.558823529<x97>[B] (+1) -0.558823529<x98>[B] (+0) -0.558823529<x99>[B] (+1) -0.558823529<x100>[B] (+1) -0.558823529<x101>[B] (+1) -0.558823529<x102>[B] (+1) -0.558823529<x103>[B] (+1) -0.558823529<x104>[B] (+0) -0.558823529<x105>[B] (+1) +0.558823529<x106>[B] (+1) -0.558823529<x107>[B] (+1) -0.558823529<x108>[B] (+1) -0.558823529<x109>[B] (+1) -0.558823529<x110>[B] (+1) -0.558823529<x111>[B] (+0) -0.558823529<x112>[B] (+1) -0.558823529<x113>[B] (+0) +0.558823529<x114>[B] (+0) +0.558823529<x115>[B] (+1) -0.558823529<x116>[B] (+1) -0.558823529<x117>[B] (+1) +0.558823529<x118>[B] (+1) +0.558823529<x119>[B] (+0) +0.558823529<x120>[B] (+1) +0.558823529<x121>[B] (+0) +0.558823529<x122>[B] (+0) +0.558823529<x123>[B] (+1) -0.558823529<x124>[B] (+1) +0.558823529<x125>[B] (+0) -0.558823529<x126>[B] (+0) -0.558823529<x127>[B] (+1) -0.558823529<x128>[B] (+0) +0.558823529<x129>[B] (+0) +0.558823529<x130>[B] (+1) -0.558823529<x131>[B] (+1) -0.558823529<x132>[B] (+0) +0.558823529<x133>[B] (+1) +0.558823529<x134>[B] (+0) +0.558823529<x135>[B] (+1) +0.558823529<x136>[B] (+1) -0.558823529<x137>[B] (+1) +0.558823529<x138>[B] (+1) +0.558823529<x139>[B] (+0) +0.558823529<x140>[B] (+0) +0.558823529<x141>[B] (+0) -0.558823529<x142>[B] (+0) +0.558823529<x143>[B] (+0) +0.558823529<x144>[B] (+1) +0.558823529<x145>[B] (+1) -0.558823529<x146>[B] (+1) -0.558823529<x147>[B] (+1) +0.558823529<x148>[B] (+1) -0.558823529<x149>[B] (+1) -0.558823529<x150>[B] (+1) -0.558823529<x151>[B] (+1) -0.558823529<x152>[B] (+0) +0.558823529<x153>[B] (+0) >= 12.4346405228758;
;
violation: left hand side is violated by 0.00653594771242183
  [linear] <c1840>: <x191>[C] (+28.8562092) -0.604575163<x1>[B] (+1) -0.604575163<x2>[B] (+1) -0.604575163<x3>[B] (+1) -0.604575163<x4>[B] (+1) -0.604575163<x5>[B] (+1) -0.604575163<x6>[B] (+1) +0.604575163<x7>[B] (+0) -0.604575163<x8>[B] (+1) +0.604575163<x9>[B] (+1) -0.604575163<x10>[B] (+1) -0.604575163<x11>[B] (+1) -0.604575163<x12>[B] (+1) -0.604575163<x13>[B] (+0) -0.604575163<x14>[B] (+1) -0.604575163<x15>[B] (+1) -0.604575163<x16>[B] (+1) -0.604575163<x17>[B] (+1) -0.604575163<x18>[B] (+1) +0.604575163<x19>[B] (+0) -0.604575163<x20>[B] (+0) +0.604575163<x21>[B] (+0) +0.604575163<x22>[B] (+0) +0.604575163<x23>[B] (+0) -0.604575163<x24>[B] (+0) +0.604575163<x25>[B] (+0) +0.604575163<x26>[B] (+0) +0.604575163<x27>[B] (+0) -0.604575163<x28>[B] (+1) +0.604575163<x29>[B] (+0) +0.604575163<x30>[B] (+0) +0.604575163<x31>[B] (+0) +0.604575163<x32>[B] (+1) +0.604575163<x33>[B] (+0) +0.604575163<x34>[B] (+0) +0.604575163<x35>[B] (+0) +0.604575163<x36>[B] (+0) +0.604575163<x37>[B] (+0) +0.604575163<x38>[B] (+0) -0.604575163<x39>[B] (+0) +0.604575163<x40>[B] (+0) +0.604575163<x41>[B] (+0) +0.604575163<x42>[B] (+0) +0.604575163<x43>[B] (+1) +0.604575163<x44>[B] (+0) +0.604575163<x45>[B] (+0) +0.604575163<x46>[B] (+0) +0.604575163<x47>[B] (+0) +0.604575163<x48>[B] (+0) -0.604575163<x49>[B] (+1) -0.604575163<x50>[B] (+1) +0.604575163<x51>[B] (+1) +0.604575163<x52>[B] (+0) -0.604575163<x53>[B] (+1) +0.604575163<x54>[B] (+1) +0.604575163<x55>[B] (+1) +0.604575163<x56>[B] (+0) -0.604575163<x57>[B] (+1) -0.604575163<x58>[B] (+0) -0.604575163<x59>[B] (+0) +0.604575163<x60>[B] (+1) -0.604575163<x61>[B] (+1) +0.604575163<x62>[B] (+1) +0.604575163<x63>[B] (+1) +0.604575163<x64>[B] (+1) +0.604575163<x65>[B] (+0) -0.604575163<x66>[B] (+1) +0.604575163<x67>[B] (+1) +0.604575163<x68>[B] (+1) +0.604575163<x69>[B] (+0) -0.604575163<x70>[B] (+1) +0.604575163<x71>[B] (+0) +0.604575163<x72>[B] (+0) +0.604575163<x73>[B] (+1) +0.604575163<x74>[B] (+1) +0.604575163<x75>[B] (+1) +0.604575163<x76>[B] (+1) +0.604575163<x77>[B] (+0) -0.604575163<x78>[B] (+0) +0.604575163<x79>[B] (+0) +0.604575163<x80>[B] (+1) +0.604575163<x81>[B] (+0) -0.604575163<x82>[B] (+1) -0.604575163<x83>[B] (+0) -0.604575163<x84>[B] (+0) +0.604575163<x85>[B] (+0) +0.604575163<x86>[B] (+1) +0.604575163<x87>[B] (+0) +0.604575163<x88>[B] (+0) -0.604575163<x89>[B] (+0) +0.604575163<x90>[B] (+0) -0.604575163<x91>[B] (+1) -0.604575163<x92>[B] (+0) -0.604575163<x93>[B] (+1) -0.604575163<x94>[B] (+0) -0.604575163<x95>[B] (+0) -0.604575163<x96>[B] (+0) -0.604575163<x97>[B] (+1) -0.604575163<x98>[B] (+0) -0.604575163<x99>[B] (+1) +0.604575163<x100>[B] (+1) -0.604575163<x101>[B] (+1) -0.604575163<x102>[B] (+1) -0.604575163<x103>[B] (+1) -0.604575163<x104>[B] (+0) -0.604575163<x105>[B] (+1) -0.604575163<x106>[B] (+1) -0.604575163<x107>[B] (+1) -0.604575163<x108>[B] (+1) +0.604575163<x109>[B] (+1) +0.604575163<x110>[B] (+1) +0.604575163<x111>[B] (+0) +0.604575163<x112>[B] (+1) +0.604575163<x113>[B] (+0) +0.604575163<x114>[B] (+0) +0.604575163<x115>[B] (+1) +0.604575163<x116>[B] (+1) +0.604575163<x117>[B] (+1) -0.604575163<x118>[B] (+1) -0.604575163<x119>[B] (+0) -0.604575163<x120>[B] (+1) -0.604575163<x121>[B] (+0) -0.604575163<x122>[B] (+0) -0.604575163<x123>[B] (+0) -0.604575163<x124>[B] (+1) -0.604575163<x125>[B] (+1) -0.604575163<x126>[B] (+0) -0.604575163<x127>[B] (+1) -0.604575163<x128>[B] (+0) -0.604575163<x129>[B] (+0) +0.604575163<x130>[B] (+0) -0.604575163<x131>[B] (+1) -0.604575163<x132>[B] (+0) -0.604575163<x133>[B] (+1) -0.604575163<x134>[B] (+0) -0.604575163<x135>[B] (+1) +0.604575163<x136>[B] (+1) -0.604575163<x137>[B] (+1) +0.604575163<x138>[B] (+1) +0.604575163<x139>[B] (+0) +0.604575163<x140>[B] (+0) +0.604575163<x141>[B] (+0) +0.604575163<x142>[B] (+0) +0.604575163<x143>[B] (+0) +0.604575163<x144>[B] (+1) +0.604575163<x145>[B] (+1) +0.604575163<x146>[B] (+1) +0.604575163<x147>[B] (+1) +0.604575163<x148>[B] (+1) +0.604575163<x149>[B] (+1) +0.604575163<x150>[B] (+1) -0.604575163<x151>[B] (+1) -0.604575163<x152>[B] (+1) +0.604575163<x153>[B] (+0) >= 21.6143790849673;
;
violation: left hand side is violated by 0.0130718954248223
6/10 feasible solutions given by solution candidate storage, new primal bound -5.699183e+02

presolving:
   (0.0s) symmetry computation started: requiring (bin +, int +, cont +), (fixed: bin -, int -, cont -)
   (0.0s) no symmetry present (symcode time: 0.00)
presolving (0 rounds: 0 fast, 0 medium, 0 exhaustive):
 0 deleted vars, 0 deleted constraints, 0 added constraints, 0 tightened bounds, 0 added holes, 0 changed sides, 0 changed coefficients
 0 implications, 0 cliques, 0 implied integral variables (0 bin, 0 int, 0 cont)
presolved problem has 193 variables (153 bin, 0 int, 40 cont) and 1840 constraints
   1840 constraints of type <linear>
Presolving Time: 0.01
transformed 7/7 original solutions to the transformed problem space

 time | node  | left  |LP iter|LP it/n|mem/heur|mdpt |vars |cons |rows |cuts |sepa|confs|strbr|  dualbound   | primalbound  |  gap   | compl. 
  0.1s|     1 |     0 |   441 |     - |    59M |   0 | 193 |1840 |1840 |   0 |  0 |   0 |   0 |-5.658978e+02 |-5.699183e+02 |   0.71%| unknown
  0.1s|     1 |     0 |   441 |     - |    59M |   0 | 193 |1840 |1459 |   0 |  0 |   0 |   0 |-5.658978e+02 |-5.699183e+02 |   0.71%| unknown
  0.1s|     1 |     0 |   462 |     - |    59M |   0 | 193 |1840 |1460 |   1 |  1 |   0 |   0 |-5.659942e+02 |-5.699183e+02 |   0.69%| unknown
  0.2s|     1 |     0 |   478 |     - |    59M |   0 | 193 |1840 |1462 |   3 |  2 |   0 |   0 |-5.660220e+02 |-5.699183e+02 |   0.69%| unknown
  0.3s|     1 |     0 |   492 |     - |    59M |   0 | 193 |1840 |1465 |   6 |  3 |   0 |   0 |-5.660316e+02 |-5.699183e+02 |   0.69%| unknown
  0.3s|     1 |     0 |   520 |     - |    60M |   0 | 193 |1840 |1468 |   9 |  4 |   0 |   0 |-5.660529e+02 |-5.699183e+02 |   0.68%| unknown
  0.4s|     1 |     0 |   557 |     - |    60M |   0 | 193 |1840 |1470 |  11 |  5 |   0 |   0 |-5.660815e+02 |-5.699183e+02 |   0.68%| unknown
  0.5s|     1 |     0 |   578 |     - |    60M |   0 | 193 |1840 |1473 |  14 |  6 |   0 |   0 |-5.660961e+02 |-5.699183e+02 |   0.68%| unknown
  0.6s|     1 |     0 |   606 |     - |    60M |   0 | 193 |1840 |1476 |  17 |  7 |   0 |   0 |-5.661046e+02 |-5.699183e+02 |   0.67%| unknown
  0.6s|     1 |     0 |   653 |     - |    60M |   0 | 193 |1840 |1477 |  18 |  8 |   0 |   0 |-5.661291e+02 |-5.699183e+02 |   0.67%| unknown
  0.7s|     1 |     0 |   709 |     - |    60M |   0 | 193 |1840 |1479 |  20 |  9 |   0 |   0 |-5.661585e+02 |-5.699183e+02 |   0.66%| unknown
  0.8s|     1 |     0 |   715 |     - |    60M |   0 | 193 |1840 |1481 |  22 | 10 |   0 |   0 |-5.661590e+02 |-5.699183e+02 |   0.66%| unknown
  0.9s|     1 |     0 |   741 |     - |    61M |   0 | 193 |1840 |1485 |  26 | 11 |   0 |   0 |-5.661654e+02 |-5.699183e+02 |   0.66%| unknown
d 0.9s|     1 |     0 |  1025 |     - |farkasdi|   0 | 193 |1459 |1485 |   0 | 11 |   1 |   0 |-5.661654e+02 |-5.682320e+02 |   0.37%| unknown
L 1.0s|     1 |     0 |  1120 |     - |    rens|   0 | 193 |1462 |1485 |  26 | 11 |   4 |   0 |-5.661654e+02 |-5.678464e+02 |   0.30%| unknown
(run 1, node 1) restarting after 24 global fixings of integer variables

(restart) converted 26 cuts from the global cut pool into linear constraints

presolving:
presolving (0 rounds: 0 fast, 0 medium, 0 exhaustive):
 0 deleted vars, 0 deleted constraints, 0 added constraints, 0 tightened bounds, 0 added holes, 0 changed sides, 0 changed coefficients
 0 implications, 0 cliques, 0 implied integral variables (0 bin, 0 int, 0 cont)
presolved problem has 193 variables (153 bin, 0 int, 40 cont) and 1488 constraints
   1484 constraints of type <linear>
      4 constraints of type <logicor>
Presolving Time: 0.02
transformed 20/22 original solutions to the transformed problem space

 time | node  | left  |LP iter|LP it/n|mem/heur|mdpt |vars |cons |rows |cuts |sepa|confs|strbr|  dualbound   | primalbound  |  gap   | compl. 
  1.0s|     1 |     0 |  1616 |     - |    62M |   0 | 193 |1488 |1484 |   0 |  0 |   4 |   0 |-5.661654e+02 |-5.678464e+02 |   0.30%| unknown
  1.0s|     1 |     0 |  1616 |     - |    62M |   0 | 193 |1488 | 950 |   0 |  0 |   4 |   0 |-5.661654e+02 |-5.678464e+02 |   0.30%| unknown
  1.1s|     1 |     0 |  1632 |     - |    62M |   0 | 193 |1488 | 952 |   2 |  1 |   4 |   0 |-5.661665e+02 |-5.678464e+02 |   0.30%| unknown
  1.2s|     1 |     0 |  1669 |     - |    62M |   0 | 193 |1488 | 955 |   5 |  2 |   4 |   0 |-5.661738e+02 |-5.678464e+02 |   0.30%| unknown
  1.3s|     1 |     0 |  1683 |     - |    62M |   0 | 193 |1488 | 958 |   8 |  3 |   4 |   0 |-5.661745e+02 |-5.678464e+02 |   0.30%| unknown
  1.4s|     1 |     0 |  1716 |     - |    62M |   0 | 193 |1488 | 961 |  11 |  4 |   4 |   0 |-5.661785e+02 |-5.678464e+02 |   0.29%| unknown
  1.6s|     1 |     0 |  1743 |     - |    62M |   0 | 193 |1488 | 964 |  14 |  5 |   4 |   0 |-5.661852e+02 |-5.678464e+02 |   0.29%| unknown
  1.7s|     1 |     0 |  1773 |     - |    62M |   0 | 193 |1488 | 966 |  16 |  6 |   4 |   0 |-5.661902e+02 |-5.678464e+02 |   0.29%| unknown
  1.8s|     1 |     0 |  1816 |     - |    62M |   0 | 193 |1488 | 968 |  18 |  7 |   4 |   0 |-5.661979e+02 |-5.678464e+02 |   0.29%| unknown
  1.9s|     1 |     0 |  1837 |     - |    62M |   0 | 193 |1488 | 969 |  19 |  8 |   4 |   0 |-5.661997e+02 |-5.678464e+02 |   0.29%| unknown
  2.0s|     1 |     0 |  1875 |     - |    63M |   0 | 193 |1488 | 970 |  20 |  9 |   4 |   0 |-5.662010e+02 |-5.678464e+02 |   0.29%| unknown
  2.1s|     1 |     0 |  1898 |     - |    63M |   0 | 193 |1488 | 972 |  22 | 10 |   4 |   0 |-5.662015e+02 |-5.678464e+02 |   0.29%| unknown
  2.2s|     1 |     0 |  1906 |     - |    63M |   0 | 193 |1488 | 974 |  24 | 11 |   4 |   0 |-5.662015e+02 |-5.678464e+02 |   0.29%| unknown
  2.2s|     1 |     0 |  1906 |     - |    63M |   0 | 193 | 853 | 974 |  24 | 11 |   4 |   0 |-5.662015e+02 |-5.678464e+02 |   0.29%| unknown
  2.3s|     1 |     0 |  1931 |     - |    63M |   0 | 193 | 853 | 962 |  27 | 12 |   4 |   0 |-5.662019e+02 |-5.678464e+02 |   0.29%| unknown
 time | node  | left  |LP iter|LP it/n|mem/heur|mdpt |vars |cons |rows |cuts |sepa|confs|strbr|  dualbound   | primalbound  |  gap   | compl. 
  2.3s|     1 |     0 |  1945 |     - |    63M |   0 | 193 | 854 | 963 |  28 | 13 |   5 |   0 |-5.662026e+02 |-5.678464e+02 |   0.29%| unknown
  2.4s|     1 |     0 |  1955 |     - |    63M |   0 | 193 | 854 | 965 |  30 | 14 |   5 |   0 |-5.662038e+02 |-5.678464e+02 |   0.29%| unknown
  2.5s|     1 |     0 |  1962 |     - |    63M |   0 | 193 | 854 | 966 |  31 | 15 |   5 |   0 |-5.662040e+02 |-5.678464e+02 |   0.29%| unknown
  2.5s|     1 |     0 |  1973 |     - |    63M |   0 | 193 | 854 | 967 |  32 | 16 |   5 |   0 |-5.662053e+02 |-5.678464e+02 |   0.29%| unknown
  2.6s|     1 |     0 |  1975 |     - |    63M |   0 | 193 | 854 | 968 |  33 | 17 |   5 |   0 |-5.662054e+02 |-5.678464e+02 |   0.29%| unknown
  2.6s|     1 |     0 |  1987 |     - |    63M |   0 | 193 | 854 | 960 |  34 | 18 |   5 |   0 |-5.662058e+02 |-5.678464e+02 |   0.29%| unknown
  2.7s|     1 |     0 |  1992 |     - |    63M |   0 | 193 | 854 | 961 |  35 | 19 |   5 |   0 |-5.662060e+02 |-5.678464e+02 |   0.29%| unknown
  2.7s|     1 |     0 |  2000 |     - |    63M |   0 | 193 | 854 | 962 |  36 | 20 |   5 |   0 |-5.662061e+02 |-5.678464e+02 |   0.29%| unknown
  2.8s|     1 |     0 |  2010 |     - |    63M |   0 | 193 | 854 | 963 |  37 | 21 |   5 |   0 |-5.662066e+02 |-5.678464e+02 |   0.29%| unknown
  3.0s|     1 |     0 |  2530 |     - |    63M |   0 | 193 | 858 | 963 |  37 | 22 |   9 |   1 |-5.667913e+02 |-5.678464e+02 |   0.19%| unknown
  3.0s|     1 |     0 |  2530 |     - |    63M |   0 | 193 | 858 | 963 |  37 | 23 |   9 |   2 |-5.667913e+02 |-5.678464e+02 |   0.19%| unknown
  3.1s|     1 |     0 |  2530 |     - |    63M |   0 | 193 | 858 | 963 |  37 | 24 |   9 |   6 |-5.667913e+02 |-5.678464e+02 |   0.19%| unknown
  3.2s|     1 |     0 |  2530 |     - |    63M |   0 | 193 | 858 | 963 |  37 | 25 |   9 |  10 |-5.667913e+02 |-5.678464e+02 |   0.19%| unknown
  3.3s|     1 |     0 |  2530 |     - |    63M |   0 | 193 | 858 | 963 |  37 | 26 |   9 |  13 |-5.667913e+02 |-5.678464e+02 |   0.19%| unknown
  3.4s|     1 |     0 |  2530 |     - |    63M |   0 | 193 | 858 | 963 |  37 | 27 |   9 |  18 |-5.667913e+02 |-5.678464e+02 |   0.19%| unknown
 time | node  | left  |LP iter|LP it/n|mem/heur|mdpt |vars |cons |rows |cuts |sepa|confs|strbr|  dualbound   | primalbound  |  gap   | compl. 
  3.6s|     1 |     0 |  2530 |     - |    63M |   0 | 193 | 858 | 963 |  37 | 28 |   9 |  35 |-5.667913e+02 |-5.678464e+02 |   0.19%| unknown
  3.7s|     1 |     0 |  2541 |     - |    63M |   0 | 193 | 844 | 963 |  37 | 29 |  13 |  40 |-5.667913e+02 |-5.678464e+02 |   0.19%| unknown
  3.8s|     1 |     0 |  2541 |     - |    63M |   0 | 193 | 841 | 963 |  37 | 30 |  13 |  42 |-5.667913e+02 |-5.678464e+02 |   0.19%| unknown
  3.8s|     1 |     0 |  2541 |     - |    63M |   0 | 193 | 841 | 963 |  37 | 31 |  13 |  43 |-5.667913e+02 |-5.678464e+02 |   0.19%| unknown
  3.9s|     1 |     0 |  2541 |     - |    63M |   0 | 193 | 841 | 963 |  37 | 32 |  13 |  44 |-5.667913e+02 |-5.678464e+02 |   0.19%| unknown
  3.9s|     1 |     2 |  2541 |     - |    63M |   0 | 193 | 841 | 963 |  37 | 33 |  13 |  44 |-5.667913e+02 |-5.678464e+02 |   0.19%| unknown

SCIP Status        : problem is solved [optimal solution found]
Solving Time (sec) : 4.14
Solving Nodes      : 9 (total of 10 nodes in 2 runs)
Primal Bound       : -5.67846405228758e+02 (47 solutions)
Dual Bound         : -5.67846405228758e+02
Gap                : 0.00 %
