Loading instance...
Median ranking: [1, 2, 14, 8, 6, 5, 12, 3, 15, 18, 10, 9, 11, 13, 17, 16, 4, 7]
Mean ranking: [1, 2, 14, 8, 6, 5, 12, 15, 18, 10, 9, 11, 16, 3, 13, 4, 17, 7]
Actual error: 4.2656240666683054e-05
Weighted Kendall distance: 72.5
Normalized distance: 0.03740970072239422
 bounds, 0 chg sides, 0 chg coeffs, 0 upgd conss, 0 impls, 0 clqs, 0 implints
   (0.0s) symmetry computation started: requiring (bin +, int +, cont +), (fixed: bin -, int -, cont -)
   (0.0s) no symmetry present (symcode time: 0.00)
presolving (2 rounds: 2 fast, 2 medium, 1 exhaustive):
 0 deleted vars, 1632 deleted constraints, 816 added constraints, 0 tightened bounds, 0 added holes, 0 changed sides, 0 changed coefficients
 0 implications, 0 cliques, 0 implied integral variables (0 bin, 0 int, 0 cont)
presolved problem has 153 variables (0 bin, 0 int, 153 cont) and 816 constraints
    816 constraints of type <linear>
Presolving Time: 0.01
transformed 3/3 original solutions to the transformed problem space

 time | node  | left  |LP iter|LP it/n|mem/heur|mdpt |vars |cons |rows |cuts |sepa|confs|strbr|  dualbound   | primalbound  |  gap   | compl. 
* 0.0s|     1 |     0 |    58 |     - |    LP  |   0 | 153 | 816 | 816 |   0 |  0 |   0 |   0 | 7.560000e+02 | 7.560000e+02 |   0.00%| unknown
  0.0s|     1 |     0 |    58 |     - |  6057k |   0 | 153 | 816 | 816 |   0 |  0 |   0 |   0 | 7.560000e+02 | 7.560000e+02 |   0.00%| unknown

SCIP Status        : problem is solved [optimal solution found]
Solving Time (sec) : 0.01
Solving Nodes      : 1
Primal Bound       : +7.56000000000000e+02 (4 solutions)
Dual Bound         : +7.56000000000000e+02
Gap                : 0.00 %
feasible solution found by trivial heuristic after 0.0 seconds, objective value 4.900000e+02
presolving:
   (0.0s) running MILP presolver
   (0.0s) MILP presolver (2 rounds): 0 aggregations, 0 fixings, 0 bound changes
(round 1, medium)     0 del vars, 1632 del conss, 816 add conss, 0 chg bounds, 0 chg sides, 0 chg coeffs, 0 upgd conss, 0 impls, 0 clqs, 0 implints
   (0.0s) probing: 51/153 (33.3%) - 0 fixings, 0 aggregations, 0 implications, 0 bound changes
   (0.0s) probing aborted: 50/50 successive totally useless probings
   (0.0s) symmetry computation started: requiring (bin +, int +, cont +), (fixed: bin -, int -, cont -)
   (0.0s) no symmetry present (symcode time: 0.00)
presolving (2 rounds: 2 fast, 2 medium, 1 exhaustive):
 0 deleted vars, 1632 deleted constraints, 816 added constraints, 0 tightened bounds, 0 added holes, 0 changed sides, 0 changed coefficients
 0 implications, 0 cliques, 0 implied integral variables (0 bin, 0 int, 0 cont)
presolved problem has 153 variables (153 bin, 0 int, 0 cont) and 816 constraints
    816 constraints of type <linear>
transformed objective value is always integral (scale: 2)
Presolving Time: 0.01
transformed 2/2 original solutions to the transformed problem space

 time | node  | left  |LP iter|LP it/n|mem/heur|mdpt |vars |cons |rows |cuts |sepa|confs|strbr|  dualbound   | primalbound  |  gap   | compl. 
p 0.0s|     1 |     0 |     0 |     - |   locks|   0 | 153 | 816 | 816 |   0 |  0 |   0 |   0 | 8.200000e+02 | 6.100000e+02 |  34.43%| unknown
i 0.0s|     1 |     0 |     0 |     - |  oneopt|   0 | 153 | 816 | 816 |   0 |  0 |   0 |   0 | 8.200000e+02 | 6.440000e+02 |  27.33%| unknown
* 0.0s|     1 |     0 |    55 |     - |    LP  |   0 | 153 | 816 | 816 |   0 |  0 |   0 |   0 | 7.560000e+02 | 7.560000e+02 |   0.00%| unknown
  0.0s|     1 |     0 |    55 |     - |  6230k |   0 | 153 | 816 | 816 |   0 |  0 |   0 |   0 | 7.560000e+02 | 7.560000e+02 |   0.00%| unknown

SCIP Status        : problem is solved [optimal solution found]
Solving Time (sec) : 0.02
Solving Nodes      : 1
Primal Bound       : +7.56000000000000e+02 (5 solutions)
Dual Bound         : +7.56000000000000e+02
Gap                : 0.00 %
feasible solution found by trivial heuristic after 0.3 seconds, objective value -8.999510e+06
presolving:
(round 1, fast)       0 del vars, 0 del conss, 0 add conss, 180 chg bounds, 0 chg sides, 0 chg coeffs, 0 upgd conss, 0 impls, 0 clqs, 0 implints
   (1.7s) running MILP presolver
   (1.9s) MILP presolver (2 rounds): 0 aggregations, 0 fixings, 0 bound changes
(round 2, exhaustive) 0 del vars, 816 del conss, 0 add conss, 180 chg bounds, 0 chg sides, 0 chg coeffs, 0 upgd conss, 0 impls, 0 clqs, 0 implints
   (3.7s) symmetry computation started: requiring (bin +, int +, cont +), (fixed: bin -, int -, cont -)
   (4.2s) no symmetry present (symcode time: 0.03)
presolving (3 rounds: 3 fast, 2 medium, 2 exhaustive):
 0 deleted vars, 816 deleted constraints, 0 added constraints, 180 tightened bounds, 0 added holes, 0 changed sides, 0 changed coefficients
 0 implications, 0 cliques, 0 implied integral variables (0 bin, 0 int, 0 cont)
presolved problem has 243 variables (0 bin, 0 int, 243 cont) and 14586 constraints
  14586 constraints of type <linear>
Presolving Time: 4.08

 time | node  | left  |LP iter|LP it/n|mem/heur|mdpt |vars |cons |rows |cuts |sepa|confs|strbr|  dualbound   | primalbound  |  gap   | compl. 
t 4.3s|     1 |     0 |     0 |     - | trivial|   0 | 243 |  14k|   0 |   0 |  0 |   0 |   0 | 8.200000e+02 |-6.395000e+03 |    Inf | unknown
* 6.8s|     1 |     0 |  1512 |     - |    LP  |   0 | 243 |  14k|  14k|   0 |  0 |   0 |   0 |-1.269370e+03 |-1.269370e+03 |   0.00%| unknown
  6.8s|     1 |     0 |  1512 |     - |  1036M |   0 | 243 |  14k|  14k|   0 |  0 |   0 |   0 |-1.269370e+03 |-1.269370e+03 |   0.00%| unknown

SCIP Status        : problem is solved [optimal solution found]
Solving Time (sec) : 6.78
Solving Nodes      : 1
Primal Bound       : -1.26937046804860e+03 (3 solutions)
Dual Bound         : -1.26937046804860e+03
Gap                : 0.00 %
feasible solution found by trivial heuristic after 0.2 seconds, objective value -8.999510e+06
presolving:
(round 1, fast)       0 del vars, 0 del conss, 0 add conss, 180 chg bounds, 0 chg sides, 0 chg coeffs, 0 upgd conss, 0 impls, 0 clqs, 0 implints
   (1.3s) running MILP presolver
   (1.8s) MILP presolver (2 rounds): 0 aggregations, 0 fixings, 0 bound changes
(round 2, exhaustive) 0 del vars, 816 del conss, 0 add conss, 180 chg bounds, 0 chg sides, 0 chg coeffs, 0 upgd conss, 0 impls, 0 clqs, 0 implints
   (4.2s) probing: 51/153 (33.3%) - 0 fixings, 0 aggregations, 0 implications, 0 bound changes
   (4.2s) probing aborted: 50/50 successive totally useless probings
   (4.3s) symmetry computation started: requiring (bin +, int +, cont +), (fixed: bin -, int -, cont -)
   (4.9s) no symmetry present (symcode time: 0.03)
presolving (3 rounds: 3 fast, 2 medium, 2 exhaustive):
 0 deleted vars, 816 deleted constraints, 0 added constraints, 180 tightened bounds, 0 added holes, 0 changed sides, 0 changed coefficients
 0 implications, 0 cliques, 0 implied integral variables (0 bin, 0 int, 0 cont)
presolved problem has 243 variables (153 bin, 0 int, 90 cont) and 14586 constraints
  14586 constraints of type <linear>
Presolving Time: 4.81

 time | node  | left  |LP iter|LP it/n|mem/heur|mdpt |vars |cons |rows |cuts |sepa|confs|strbr|  dualbound   | primalbound  |  gap   | compl. 
t 5.0s|     1 |     0 |     0 |     - | trivial|   0 | 243 |  14k|   0 |   0 |  0 |   0 |   0 | 8.200000e+02 |-6.395000e+03 |    Inf | unknown
p 6.1s|     1 |     0 |    88 |     - |   locks|   0 | 243 |  14k|  14k|   0 |  0 |   0 |   0 | 8.200000e+02 |-1.734438e+03 |    Inf | unknown
  8.4s|     1 |     0 |  1600 |     - |  1038M |   0 | 243 |  14k|  14k|   0 |  0 |   0 |   0 |-1.269370e+03 |-1.734438e+03 |  36.64%| unknown
r 8.6s|     1 |     0 |  1600 |     - |shifting|   0 | 243 |  14k|  14k|   0 |  0 |   1 |   0 |-1.269370e+03 |-1.633277e+03 |  28.67%| unknown
  8.9s|     1 |     0 |  1671 |     - |  1041M |   0 | 243 |  14k|  14k|   2 |  1 |   1 |   0 |-1.269423e+03 |-1.633277e+03 |  28.66%| unknown
r 9.6s|     1 |     0 |  1671 |     - |shifting|   0 | 243 |  14k|  14k|   2 |  1 |   1 |   0 |-1.269423e+03 |-1.476243e+03 |  16.29%| unknown
 10.0s|     1 |     0 |  1834 |     - |  1043M |   0 | 243 |  14k|  14k|   5 |  2 |   1 |   0 |-1.269697e+03 |-1.476243e+03 |  16.27%| unknown
 10.7s|     1 |     0 |  1861 |     - |  1045M |   0 | 243 |  14k|  14k|   8 |  3 |   2 |   0 |-1.269710e+03 |-1.476243e+03 |  16.27%| unknown
 11.7s|     1 |     0 |  1933 |     - |  1047M |   0 | 243 |  14k|  14k|  11 |  4 |   2 |   0 |-1.269745e+03 |-1.476243e+03 |  16.26%| unknown
 12.3s|     1 |     0 |  2044 |     - |  1049M |   0 | 243 |  14k|  14k|  15 |  5 |   3 |   0 |-1.269809e+03 |-1.476243e+03 |  16.26%| unknown
 13.3s|     1 |     0 |  2089 |     - |  1051M |   0 | 243 |  14k|  14k|  18 |  6 |   3 |   0 |-1.269826e+03 |-1.476243e+03 |  16.26%| unknown
 14.2s|     1 |     0 |  2142 |     - |  1052M |   0 | 243 |  14k|  14k|  23 |  7 |   3 |   0 |-1.269855e+03 |-1.476243e+03 |  16.25%| unknown
r14.9s|     1 |     0 |  2142 |     - |shifting|   0 | 243 |  14k|  14k|  23 |  7 |   3 |   0 |-1.269855e+03 |-1.462196e+03 |  15.15%| unknown
 15.2s|     1 |     0 |  2195 |     - |  1054M |   0 | 243 |  14k|  14k|  26 |  8 |   3 |   0 |-1.269870e+03 |-1.462196e+03 |  15.15%| unknown
 16.2s|     1 |     0 |  2276 |     - |  1057M |   0 | 243 |  14k|  14k|  30 |  9 |   3 |   0 |-1.269885e+03 |-1.462196e+03 |  15.14%| unknown
 time | node  | left  |LP iter|LP it/n|mem/heur|mdpt |vars |cons |rows |cuts |sepa|confs|strbr|  dualbound   | primalbound  |  gap   | compl. 
 16.7s|     1 |     0 |  2337 |     - |  1058M |   0 | 243 |  14k|  14k|  34 | 10 |   4 |   0 |-1.269902e+03 |-1.462196e+03 |  15.14%| unknown
 17.7s|     1 |     0 |  2405 |     - |  1060M |   0 | 243 |  14k|  14k|  39 | 11 |   4 |   0 |-1.269914e+03 |-1.462196e+03 |  15.14%| unknown
 18.5s|     1 |     0 |  2463 |     - |  1061M |   0 | 243 |  14k|  14k|  43 | 12 |   4 |   0 |-1.269927e+03 |-1.462196e+03 |  15.14%| unknown
r19.5s|     1 |     0 |  2672 |     - |intshift|   0 | 243 |  14k|  14k|  43 | 12 |   4 |   0 |-1.269927e+03 |-1.315144e+03 |   3.56%| unknown
d22.7s|     1 |     0 |  5032 |     - |farkasdi|   0 | 243 |  14k|  14k|   0 | 12 |   4 |   0 |-1.269927e+03 |-1.280327e+03 |   0.82%| unknown
d25.7s|     1 |     0 |  6844 |     - |conflict|   0 | 243 |  14k|  14k|   0 | 12 |   4 |   0 |-1.269927e+03 |-1.279503e+03 |   0.75%| unknown
L48.7s|     1 |     0 |  6844 |     - |    rens|   0 | 243 |  14k|  14k|  43 | 12 |   4 |   0 |-1.269927e+03 |-1.277170e+03 |   0.57%| unknown
 49.0s|     1 |     0 |  6844 |     - |  1116M |   0 | 243 |  14k|  14k|  43 | 12 |   4 |   0 |-1.269927e+03 |-1.277170e+03 |   0.57%| unknown
 49.8s|     1 |     0 |  6844 |     - |  1117M |   0 | 243 |  14k|  14k|  43 | 12 |   4 |   0 |-1.269927e+03 |-1.277170e+03 |   0.57%| unknown
 49.9s|     1 |     0 |  6871 |     - |  1118M |   0 | 243 |  14k|  14k|  46 | 13 |   4 |   0 |-1.269931e+03 |-1.277170e+03 |   0.57%| unknown
 50.8s|     1 |     0 |  6938 |     - |  1118M |   0 | 243 |  14k|  14k|  49 | 14 |   4 |   0 |-1.269939e+03 |-1.277170e+03 |   0.57%| unknown
 51.6s|     1 |     0 |  6938 |     - |  1118M |   0 | 243 |  14k|  14k|  49 | 14 |   4 |   0 |-1.269939e+03 |-1.277170e+03 |   0.57%| unknown
 51.9s|     1 |     0 |  7071 |     - |  1120M |   0 | 243 |  14k|  14k|  53 | 15 |   4 |   0 |-1.269973e+03 |-1.277170e+03 |   0.57%| unknown
 52.8s|     1 |     0 |  7122 |     - |  1120M |   0 | 243 |  14k|  14k|  57 | 16 |   4 |   0 |-1.269980e+03 |-1.277170e+03 |   0.57%| unknown
(run 1, node 1) restarting after 8 global fixings of integer variables

(restart) converted 52 cuts from the global cut pool into linear constraints

presolving:
(round 1, fast)       8 del vars, 0 del conss, 0 add conss, 0 chg bounds, 84 chg sides, 0 chg coeffs, 0 upgd conss, 0 impls, 84 clqs, 0 implints
(round 2, fast)       8 del vars, 0 del conss, 0 add conss, 35 chg bounds, 84 chg sides, 0 chg coeffs, 0 upgd conss, 0 impls, 84 clqs, 0 implints
(round 3, exhaustive) 8 del vars, 0 del conss, 0 add conss, 35 chg bounds, 84 chg sides, 0 chg coeffs, 89 upgd conss, 0 impls, 84 clqs, 0 implints
presolving (4 rounds: 4 fast, 2 medium, 2 exhaustive):
 8 deleted vars, 0 deleted constraints, 0 added constraints, 35 tightened bounds, 0 added holes, 84 changed sides, 0 changed coefficients
 0 implications, 84 cliques, 0 implied integral variables (0 bin, 0 int, 0 cont)
presolved problem has 235 variables (145 bin, 0 int, 90 cont) and 14620 constraints
      5 constraints of type <knapsack>
     84 constraints of type <setppc>
  14527 constraints of type <linear>
      4 constraints of type <logicor>
Presolving Time: 6.48
transformed 22/25 original solutions to the transformed problem space

 time | node  | left  |LP iter|LP it/n|mem/heur|mdpt |vars |cons |rows |cuts |sepa|confs|strbr|  dualbound   | primalbound  |  gap   | compl. 
 58.9s|     1 |     0 |  9000 |     - |  1213M |   0 | 235 |  14k|  14k|   0 |  0 |   4 |   0 |-1.269980e+03 |-1.277170e+03 |   0.57%| unknown
 59.7s|     1 |     0 |  9000 |     - |  1213M |   0 | 235 |  14k|  14k|   0 |  0 |   4 |   0 |-1.269980e+03 |-1.277170e+03 |   0.57%| unknown
 59.9s|     1 |     0 |  9064 |     - |  1214M |   0 | 235 |  14k|  14k|   1 |  1 |   4 |   0 |-1.269991e+03 |-1.277170e+03 |   0.57%| unknown
 60.6s|     1 |     0 |  9152 |     - |  1216M |   0 | 235 |  14k|  14k|   3 |  2 |   5 |   0 |-1.269999e+03 |-1.277170e+03 |   0.56%| unknown
 61.5s|     1 |     0 |  9190 |     - |  1217M |   0 | 235 |  14k|  14k|   6 |  3 |   6 |   0 |-1.270003e+03 |-1.277170e+03 |   0.56%| unknown
 62.5s|     1 |     0 |  9241 |     - |  1217M |   0 | 235 |  14k|  14k|   9 |  4 |   6 |   0 |-1.270013e+03 |-1.277170e+03 |   0.56%| unknown
 63.5s|     1 |     0 |  9316 |     - |  1219M |   0 | 235 |  14k|  14k|  12 |  5 |   6 |   0 |-1.270025e+03 |-1.277170e+03 |   0.56%| unknown
 64.5s|     1 |     0 |  9411 |     - |  1219M |   0 | 235 |  14k|  14k|  15 |  6 |   6 |   0 |-1.270043e+03 |-1.277170e+03 |   0.56%| unknown
 65.3s|     1 |     0 |  9411 |     - |  1219M |   0 | 235 |  14k|  14k|  15 |  6 |   6 |   0 |-1.270043e+03 |-1.277170e+03 |   0.56%| unknown
 65.5s|     1 |     0 |  9441 |     - |  1219M |   0 | 235 |  14k|  14k|  19 |  7 |   6 |   0 |-1.270044e+03 |-1.277170e+03 |   0.56%| unknown
 66.6s|     1 |     0 |  9540 |     - |  1222M |   0 | 235 |  14k|  14k|  24 |  8 |   6 |   0 |-1.270058e+03 |-1.277170e+03 |   0.56%| unknown
 67.6s|     1 |     0 |  9619 |     - |  1224M |   0 | 235 |  14k|  14k|  28 |  9 |   6 |   0 |-1.270061e+03 |-1.277170e+03 |   0.56%| unknown
 68.7s|     1 |     0 |  9688 |     - |  1227M |   0 | 235 |  14k|  14k|  31 | 10 |   6 |   0 |-1.270072e+03 |-1.277170e+03 |   0.56%| unknown
 69.6s|     1 |     0 |  9775 |     - |  1227M |   0 | 235 |  14k|  14k|  34 | 11 |   6 |   0 |-1.270079e+03 |-1.277170e+03 |   0.56%| unknown
 70.3s|     1 |     0 |  9775 |     - |  1227M |   0 | 235 |  14k|  14k|  34 | 11 |   6 |   0 |-1.270079e+03 |-1.277170e+03 |   0.56%| unknown
 time | node  | left  |LP iter|LP it/n|mem/heur|mdpt |vars |cons |rows |cuts |sepa|confs|strbr|  dualbound   | primalbound  |  gap   | compl. 
 70.5s|     1 |     0 |  9829 |     - |  1227M |   0 | 235 |  14k|  14k|  38 | 12 |   6 |   0 |-1.270082e+03 |-1.277170e+03 |   0.56%| unknown
 71.3s|     1 |     0 |  9904 |     - |  1229M |   0 | 235 |  14k|  14k|  41 | 13 |   6 |   0 |-1.270085e+03 |-1.277170e+03 |   0.56%| unknown
 72.3s|     1 |     0 | 10028 |     - |  1229M |   0 | 235 |  14k|  14k|  47 | 14 |   6 |   0 |-1.270095e+03 |-1.277170e+03 |   0.56%| unknown
 73.2s|     1 |     0 | 10121 |     - |  1229M |   0 | 235 |  14k|  14k|  53 | 15 |   6 |   0 |-1.270099e+03 |-1.277170e+03 |   0.56%| unknown
 74.2s|     1 |     0 | 10156 |     - |  1229M |   0 | 235 |  14k|  14k|  57 | 16 |   6 |   0 |-1.270099e+03 |-1.277170e+03 |   0.56%| unknown
 75.1s|     1 |     0 | 10195 |     - |  1230M |   0 | 235 |  14k|  14k|  60 | 17 |   6 |   0 |-1.270100e+03 |-1.277170e+03 |   0.56%| unknown
 76.0s|     1 |     0 | 10244 |     - |  1232M |   0 | 235 |  14k|  14k|  64 | 18 |   6 |   0 |-1.270101e+03 |-1.277170e+03 |   0.56%| unknown
 76.8s|     1 |     0 | 10255 |     - |  1233M |   0 | 235 |  14k|  14k|  65 | 19 |   6 |   0 |-1.270101e+03 |-1.277170e+03 |   0.56%| unknown
 77.6s|     1 |     0 | 10256 |     - |  1235M |   0 | 235 |  14k|  14k|  66 | 20 |   6 |   0 |-1.270101e+03 |-1.277170e+03 |   0.56%| unknown
 78.5s|     1 |     0 | 10279 |     - |  1235M |   0 | 235 |  14k|  14k|  67 | 21 |   6 |   0 |-1.270102e+03 |-1.277170e+03 |   0.56%| unknown
 79.2s|     1 |     0 | 10310 |     - |  1235M |   0 | 235 |  14k|  14k|  68 | 22 |   7 |   0 |-1.270104e+03 |-1.277170e+03 |   0.56%| unknown
  120s|     1 |     0 | 14130 |     - |  1236M |   0 | 235 |  14k|  14k|  68 | 22 |  24 |   4 |-1.271038e+03 |-1.277170e+03 |   0.48%| unknown
  124s|     1 |     0 | 14130 |     - |  1236M |   0 | 235 |  14k|  14k|  68 | 23 |  24 |   7 |-1.271038e+03 |-1.277170e+03 |   0.48%| unknown
  126s|     1 |     0 | 14130 |     - |  1236M |   0 | 235 |  14k|  14k|  68 | 24 |  24 |   8 |-1.271038e+03 |-1.277170e+03 |   0.48%| unknown
  127s|     1 |     0 | 14130 |     - |  1236M |   0 | 235 |  14k|  14k|  68 | 25 |  24 |   9 |-1.271038e+03 |-1.277170e+03 |   0.48%| unknown
 time | node  | left  |LP iter|LP it/n|mem/heur|mdpt |vars |cons |rows |cuts |sepa|confs|strbr|  dualbound   | primalbound  |  gap   | compl. 
  129s|     1 |     0 | 14130 |     - |  1236M |   0 | 235 |  14k|  14k|  68 | 26 |  24 |  11 |-1.271038e+03 |-1.277170e+03 |   0.48%| unknown
  133s|     1 |     0 | 14130 |     - |  1236M |   0 | 235 |  14k|  14k|  68 | 27 |  24 |  14 |-1.271038e+03 |-1.277170e+03 |   0.48%| unknown
  143s|     1 |     0 | 14130 |     - |  1236M |   0 | 235 |  14k|  14k|  68 | 28 |  24 |  23 |-1.271327e+03 |-1.277170e+03 |   0.46%| unknown
  147s|     1 |     0 | 14130 |     - |  1236M |   0 | 235 |  14k|  14k|  68 | 29 |  24 |  26 |-1.271327e+03 |-1.277170e+03 |   0.46%| unknown
  161s|     1 |     0 | 14130 |     - |  1236M |   0 | 235 |  14k|  14k|  68 | 30 |  24 |  39 |-1.271327e+03 |-1.277170e+03 |   0.46%| unknown
  167s|     1 |     0 | 14228 |     - |  1236M |   0 | 235 |  14k|  14k|  68 | 31 |  26 |  45 |-1.271327e+03 |-1.277170e+03 |   0.46%| unknown
  168s|     1 |     0 | 14228 |     - |  1236M |   0 | 235 |  14k|  14k|  68 | 31 |  26 |  45 |-1.271327e+03 |-1.277170e+03 |   0.46%| unknown
  168s|     1 |     0 | 14244 |     - |  1236M |   0 | 235 |  14k|  14k|  69 | 32 |  26 |  45 |-1.271327e+03 |-1.277170e+03 |   0.46%| unknown
  169s|     1 |     0 | 14265 |     - |  1236M |   0 | 235 |  14k|  14k|  72 | 33 |  26 |  45 |-1.271327e+03 |-1.277170e+03 |   0.46%| unknown
  170s|     1 |     0 | 14265 |     - |  1237M |   0 | 235 |  14k|  14k|  72 | 33 |  26 |  45 |-1.271327e+03 |-1.277170e+03 |   0.46%| unknown
  170s|     1 |     0 | 14316 |     - |  1237M |   0 | 235 |  14k|  14k|  75 | 34 |  26 |  45 |-1.271327e+03 |-1.277170e+03 |   0.46%| unknown
  171s|     1 |     0 | 14321 |     - |  1237M |   0 | 235 |  14k|  14k|  76 | 35 |  32 |  45 |-1.271327e+03 |-1.277170e+03 |   0.46%| unknown
  175s|     1 |     0 | 14321 |     - |  1237M |   0 | 235 |  14k|  14k|  76 | 35 |  32 |  49 |-1.271327e+03 |-1.277170e+03 |   0.46%| unknown
  175s|     1 |     0 | 14327 |     - |  1237M |   0 | 235 |  14k|  14k|  77 | 36 |  32 |  49 |-1.271327e+03 |-1.277170e+03 |   0.46%| unknown
  177s|     1 |     0 | 14327 |     - |  1237M |   0 | 235 |  14k|  14k|  77 | 37 |  32 |  51 |-1.271327e+03 |-1.277170e+03 |   0.46%| unknown
 time | node  | left  |LP iter|LP it/n|mem/heur|mdpt |vars |cons |rows |cuts |sepa|confs|strbr|  dualbound   | primalbound  |  gap   | compl. 
  178s|     1 |     0 | 14327 |     - |  1237M |   0 | 235 |  14k|  14k|  77 | 38 |  32 |  52 |-1.271327e+03 |-1.277170e+03 |   0.46%| unknown
  184s|     1 |     0 | 14327 |     - |  1237M |   0 | 235 |  14k|  14k|  77 | 39 |  32 |  58 |-1.271327e+03 |-1.277170e+03 |   0.46%| unknown
  186s|     1 |     0 | 14327 |     - |  1237M |   0 | 235 |  14k|  14k|  77 | 40 |  32 |  60 |-1.271327e+03 |-1.277170e+03 |   0.46%| unknown
  188s|     1 |     0 | 14373 |     - |  1237M |   0 | 235 |  14k|  14k|  77 | 41 |  34 |  63 |-1.271327e+03 |-1.277170e+03 |   0.46%| unknown
  189s|     1 |     0 | 14391 |     - |  1237M |   0 | 235 |  14k|  14k|  78 | 42 |  34 |  63 |-1.271327e+03 |-1.277170e+03 |   0.46%| unknown
  191s|     1 |     0 | 14391 |     - |  1237M |   0 | 235 |  14k|  14k|  78 | 43 |  34 |  64 |-1.271327e+03 |-1.277170e+03 |   0.46%| unknown
  192s|     1 |     2 | 14391 |     - |  1237M |   0 | 235 |  14k|  14k|  78 | 44 |  34 |  65 |-1.271327e+03 |-1.277170e+03 |   0.46%| unknown

SCIP Status        : problem is solved [optimal solution found]
Solving Time (sec) : 256.79
Solving Nodes      : 15 (total of 16 nodes in 2 runs)
Primal Bound       : -1.27716993464052e+03 (62 solutions)
Dual Bound         : -1.27716993464052e+03
Gap                : 0.00 %
feasible solution found by trivial heuristic after 0.0 seconds, objective value 0.000000e+00
presolving:
   (0.0s) symmetry computation started: requiring (bin +, int +, cont +), (fixed: bin -, int -, cont -)
   (0.0s) symmetry computation finished: 89 generators found (max: 1500, log10 of symmetry group size: 138.17) (symcode time: 0.00)
dynamic symmetry handling statistics:
   orbitopal reduction:       no components
   orbital reduction:         no components
   lexicographic reduction:   no permutations
handled 1 out of 1 symmetry components
presolving (0 rounds: 0 fast, 0 medium, 0 exhaustive):
 0 deleted vars, 0 deleted constraints, 0 added constraints, 0 tightened bounds, 0 added holes, 0 changed sides, 0 changed coefficients
 0 implications, 0 cliques, 0 implied integral variables (0 bin, 0 int, 0 cont)
presolved problem has 243 variables (153 bin, 0 int, 90 cont) and 1721 constraints
   1721 constraints of type <linear>
Presolving Time: 0.00
transformed 2/2 original solutions to the transformed problem space

 time | node  | left  |LP iter|LP it/n|mem/heur|mdpt |vars |cons |rows |cuts |sepa|confs|strbr|  dualbound   | primalbound  |  gap   | compl. 
t 0.0s|     1 |     0 |     0 |     - | trivial|   0 | 243 |1632 |   0 |   0 |  0 |   0 |   0 | 8.200000e+02 | 4.900000e+02 |  67.35%| unknown
i 0.0s|     1 |     0 |     0 |     - |  oneopt|   0 | 243 |1632 |1632 |   0 |  0 |   0 |   0 | 8.200000e+02 | 6.740000e+02 |  21.66%| unknown
* 0.0s|     1 |     0 |    55 |     - |    LP  |   0 | 243 |1632 |1632 |   0 |  0 |   0 |   0 | 7.560000e+02 | 7.560000e+02 |   0.00%| unknown
  0.0s|     1 |     0 |    55 |     - |  8543k |   0 | 243 |1632 |1632 |   0 |  0 |   0 |   0 | 7.560000e+02 | 7.560000e+02 |   0.00%| unknown

SCIP Status        : problem is solved [optimal solution found]
Solving Time (sec) : 0.01
Solving Nodes      : 1
Primal Bound       : +7.56000000000000e+02 (5 solutions)
Dual Bound         : +7.56000000000000e+02
Gap                : 0.00 %
  [linear] <c1633>: <x154>[C] (+0) +0.454248366<x1>[B] (+1) -0.454248366<x2>[B] (+1) +0.454248366<x3>[B] (+1) -0.454248366<x4>[B] (+1) -0.454248366<x5>[B] (+1) +0.454248366<x6>[B] (+1) -0.454248366<x7>[B] (+1) -0.454248366<x8>[B] (+1) +0.454248366<x9>[B] (+1) +0.454248366<x10>[B] (+1) +0.454248366<x11>[B] (+1) -0.454248366<x12>[B] (+1) +0.454248366<x13>[B] (+1) +0.454248366<x14>[B] (+1) +0.454248366<x15>[B] (+1) -0.454248366<x16>[B] (+1) +0.454248366<x17>[B] (+1) -0.454248366<x18>[B] (+1) +0.454248366<x19>[B] (+1) -0.454248366<x20>[B] (+1) -0.454248366<x21>[B] (+1) -0.454248366<x22>[B] (+1) -0.454248366<x23>[B] (+1) -0.454248366<x24>[B] (+1) +0.454248366<x25>[B] (+1) +0.454248366<x26>[B] (+1) -0.454248366<x27>[B] (+1) -0.454248366<x28>[B] (+1) +0.454248366<x29>[B] (+1) -0.454248366<x30>[B] (+1) +0.454248366<x31>[B] (+1) -0.454248366<x32>[B] (+1) -0.454248366<x33>[B] (+1) +0.454248366<x34>[B] (+1) +0.454248366<x35>[B] (+0) +0.454248366<x36>[B] (+0) +0.454248366<x37>[B] (+1) +0.454248366<x38>[B] (+0) +0.454248366<x39>[B] (+1) +0.454248366<x40>[B] (+1) +0.454248366<x41>[B] (+1) +0.454248366<x42>[B] (+0) -0.454248366<x43>[B] (+1) +0.454248366<x44>[B] (+0) +0.454248366<x45>[B] (+1) +0.454248366<x46>[B] (+1) +0.454248366<x47>[B] (+1) +0.454248366<x48>[B] (+1) -0.454248366<x49>[B] (+0) -0.454248366<x50>[B] (+0) -0.454248366<x51>[B] (+1) -0.454248366<x52>[B] (+0) -0.454248366<x53>[B] (+0) +0.454248366<x54>[B] (+0) +0.454248366<x55>[B] (+0) -0.454248366<x56>[B] (+0) -0.454248366<x57>[B] (+0) +0.454248366<x58>[B] (+0) -0.454248366<x59>[B] (+0) +0.454248366<x60>[B] (+0) -0.454248366<x61>[B] (+0) -0.454248366<x62>[B] (+0) +0.454248366<x63>[B] (+0) +0.454248366<x64>[B] (+1) +0.454248366<x65>[B] (+0) +0.454248366<x66>[B] (+1) +0.454248366<x67>[B] (+1) +0.454248366<x68>[B] (+1) +0.454248366<x69>[B] (+1) -0.454248366<x70>[B] (+1) +0.454248366<x71>[B] (+0) +0.454248366<x72>[B] (+1) +0.454248366<x73>[B] (+1) +0.454248366<x74>[B] (+1) +0.454248366<x75>[B] (+1) +0.454248366<x76>[B] (+1) -0.454248366<x77>[B] (+0) -0.454248366<x78>[B] (+1) +0.454248366<x79>[B] (+1) +0.454248366<x80>[B] (+1) +0.454248366<x81>[B] (+1) -0.454248366<x82>[B] (+1) +0.454248366<x83>[B] (+0) +0.454248366<x84>[B] (+1) +0.454248366<x85>[B] (+1) -0.454248366<x86>[B] (+1) +0.454248366<x87>[B] (+1) -0.454248366<x88>[B] (+0) -0.454248366<x89>[B] (+0) +0.454248366<x90>[B] (+0) +0.454248366<x91>[B] (+0) +0.454248366<x92>[B] (+0) -0.454248366<x93>[B] (+0) +0.454248366<x94>[B] (+0) +0.454248366<x95>[B] (+0) +0.454248366<x96>[B] (+0) -0.454248366<x97>[B] (+0) -0.454248366<x98>[B] (+0) +0.454248366<x99>[B] (+1) +0.454248366<x100>[B] (+1) +0.454248366<x101>[B] (+1) +0.454248366<x102>[B] (+1) -0.454248366<x103>[B] (+1) +0.454248366<x104>[B] (+0) +0.454248366<x105>[B] (+1) +0.454248366<x106>[B] (+1) +0.454248366<x107>[B] (+1) +0.454248366<x108>[B] (+1) +0.454248366<x109>[B] (+0) +0.454248366<x110>[B] (+1) +0.454248366<x111>[B] (+0) -0.454248366<x112>[B] (+1) +0.454248366<x113>[B] (+0) +0.454248366<x114>[B] (+0) +0.454248366<x115>[B] (+1) +0.454248366<x116>[B] (+1) +0.454248366<x117>[B] (+0) -0.454248366<x118>[B] (+1) -0.454248366<x119>[B] (+0) -0.454248366<x120>[B] (+1) -0.454248366<x121>[B] (+0) -0.454248366<x122>[B] (+0) -0.454248366<x123>[B] (+1) -0.454248366<x124>[B] (+1) -0.454248366<x125>[B] (+0) -0.454248366<x126>[B] (+0) -0.454248366<x127>[B] (+1) -0.454248366<x128>[B] (+0) -0.454248366<x129>[B] (+0) +0.454248366<x130>[B] (+1) -0.454248366<x131>[B] (+1) -0.454248366<x132>[B] (+0) -0.454248366<x133>[B] (+1) +0.454248366<x134>[B] (+0) +0.454248366<x135>[B] (+1) +0.454248366<x136>[B] (+1) -0.454248366<x137>[B] (+1) -0.454248366<x138>[B] (+1) +0.454248366<x139>[B] (+0) +0.454248366<x140>[B] (+0) +0.454248366<x141>[B] (+1) +0.454248366<x142>[B] (+1) +0.454248366<x143>[B] (+0) -0.454248366<x144>[B] (+1) +0.454248366<x145>[B] (+1) -0.454248366<x146>[B] (+1) -0.454248366<x147>[B] (+1) +0.454248366<x148>[B] (+1) -0.454248366<x149>[B] (+1) -0.454248366<x150>[B] (+1) -0.454248366<x151>[B] (+0) -0.454248366<x152>[B] (+0) +0.454248366<x153>[B] (+0) >= 24.1895424836601;
;
violation: left hand side is violated by 16.0130718954248
  [linear] <c1633>: <x154>[C] (+0) +0.454248366<x1>[B] (+1) -0.454248366<x2>[B] (+1) +0.454248366<x3>[B] (+1) -0.454248366<x4>[B] (+1) -0.454248366<x5>[B] (+1) +0.454248366<x6>[B] (+1) -0.454248366<x7>[B] (+1) -0.454248366<x8>[B] (+1) +0.454248366<x9>[B] (+1) +0.454248366<x10>[B] (+1) +0.454248366<x11>[B] (+1) -0.454248366<x12>[B] (+1) +0.454248366<x13>[B] (+1) +0.454248366<x14>[B] (+1) +0.454248366<x15>[B] (+1) -0.454248366<x16>[B] (+1) +0.454248366<x17>[B] (+1) -0.454248366<x18>[B] (+1) +0.454248366<x19>[B] (+1) -0.454248366<x20>[B] (+1) -0.454248366<x21>[B] (+1) -0.454248366<x22>[B] (+1) -0.454248366<x23>[B] (+1) -0.454248366<x24>[B] (+1) +0.454248366<x25>[B] (+1) +0.454248366<x26>[B] (+1) -0.454248366<x27>[B] (+1) -0.454248366<x28>[B] (+1) +0.454248366<x29>[B] (+1) -0.454248366<x30>[B] (+1) +0.454248366<x31>[B] (+1) -0.454248366<x32>[B] (+1) -0.454248366<x33>[B] (+1) +0.454248366<x34>[B] (+1) +0.454248366<x35>[B] (+1) +0.454248366<x36>[B] (+1) +0.454248366<x37>[B] (+1) +0.454248366<x38>[B] (+1) +0.454248366<x39>[B] (+1) +0.454248366<x40>[B] (+1) +0.454248366<x41>[B] (+1) +0.454248366<x42>[B] (+1) -0.454248366<x43>[B] (+1) +0.454248366<x44>[B] (+0) +0.454248366<x45>[B] (+1) +0.454248366<x46>[B] (+1) +0.454248366<x47>[B] (+1) +0.454248366<x48>[B] (+1) -0.454248366<x49>[B] (+0) -0.454248366<x50>[B] (+0) -0.454248366<x51>[B] (+1) -0.454248366<x52>[B] (+1) -0.454248366<x53>[B] (+1) +0.454248366<x54>[B] (+1) +0.454248366<x55>[B] (+1) -0.454248366<x56>[B] (+1) -0.454248366<x57>[B] (+1) +0.454248366<x58>[B] (+0) -0.454248366<x59>[B] (+1) +0.454248366<x60>[B] (+1) -0.454248366<x61>[B] (+1) -0.454248366<x62>[B] (+1) +0.454248366<x63>[B] (+0) +0.454248366<x64>[B] (+1) +0.454248366<x65>[B] (+1) +0.454248366<x66>[B] (+1) +0.454248366<x67>[B] (+1) +0.454248366<x68>[B] (+1) +0.454248366<x69>[B] (+1) -0.454248366<x70>[B] (+1) +0.454248366<x71>[B] (+0) +0.454248366<x72>[B] (+1) +0.454248366<x73>[B] (+1) +0.454248366<x74>[B] (+1) +0.454248366<x75>[B] (+1) +0.454248366<x76>[B] (+1) -0.454248366<x77>[B] (+1) -0.454248366<x78>[B] (+1) +0.454248366<x79>[B] (+1) +0.454248366<x80>[B] (+1) +0.454248366<x81>[B] (+1) -0.454248366<x82>[B] (+1) +0.454248366<x83>[B] (+0) +0.454248366<x84>[B] (+1) +0.454248366<x85>[B] (+1) -0.454248366<x86>[B] (+1) +0.454248366<x87>[B] (+1) -0.454248366<x88>[B] (+1) -0.454248366<x89>[B] (+1) +0.454248366<x90>[B] (+1) +0.454248366<x91>[B] (+1) +0.454248366<x92>[B] (+1) -0.454248366<x93>[B] (+1) +0.454248366<x94>[B] (+0) +0.454248366<x95>[B] (+1) +0.454248366<x96>[B] (+1) -0.454248366<x97>[B] (+1) -0.454248366<x98>[B] (+1) +0.454248366<x99>[B] (+1) +0.454248366<x100>[B] (+1) +0.454248366<x101>[B] (+1) +0.454248366<x102>[B] (+1) -0.454248366<x103>[B] (+1) +0.454248366<x104>[B] (+0) +0.454248366<x105>[B] (+1) +0.454248366<x106>[B] (+1) +0.454248366<x107>[B] (+1) +0.454248366<x108>[B] (+1) +0.454248366<x109>[B] (+0) +0.454248366<x110>[B] (+1) +0.454248366<x111>[B] (+0) -0.454248366<x112>[B] (+1) +0.454248366<x113>[B] (+0) +0.454248366<x114>[B] (+1) +0.454248366<x115>[B] (+1) +0.454248366<x116>[B] (+1) +0.454248366<x117>[B] (+1) -0.454248366<x118>[B] (+1) -0.454248366<x119>[B] (+0) -0.454248366<x120>[B] (+1) -0.454248366<x121>[B] (+0) -0.454248366<x122>[B] (+1) -0.454248366<x123>[B] (+1) -0.454248366<x124>[B] (+1) -0.454248366<x125>[B] (+1) -0.454248366<x126>[B] (+0) -0.454248366<x127>[B] (+1) -0.454248366<x128>[B] (+0) -0.454248366<x129>[B] (+1) +0.454248366<x130>[B] (+1) -0.454248366<x131>[B] (+1) -0.454248366<x132>[B] (+1) -0.454248366<x133>[B] (+1) +0.454248366<x134>[B] (+0) +0.454248366<x135>[B] (+1) +0.454248366<x136>[B] (+1) -0.454248366<x137>[B] (+1) -0.454248366<x138>[B] (+1) +0.454248366<x139>[B] (+0) +0.454248366<x140>[B] (+0) +0.454248366<x141>[B] (+1) +0.454248366<x142>[B] (+1) +0.454248366<x143>[B] (+1) -0.454248366<x144>[B] (+1) +0.454248366<x145>[B] (+1) -0.454248366<x146>[B] (+1) -0.454248366<x147>[B] (+1) +0.454248366<x148>[B] (+1) -0.454248366<x149>[B] (+1) -0.454248366<x150>[B] (+1) -0.454248366<x151>[B] (+0) -0.454248366<x152>[B] (+0) +0.454248366<x153>[B] (+0) >= 24.1895424836601;
;
violation: left hand side is violated by 16.4673202614379
  [linear] <c1633>: <x154>[C] (+0) +0.454248366<x1>[B] (+1) -0.454248366<x2>[B] (+1) +0.454248366<x3>[B] (+1) -0.454248366<x4>[B] (+1) -0.454248366<x5>[B] (+1) +0.454248366<x6>[B] (+1) -0.454248366<x7>[B] (+1) -0.454248366<x8>[B] (+1) +0.454248366<x9>[B] (+1) +0.454248366<x10>[B] (+1) +0.454248366<x11>[B] (+1) -0.454248366<x12>[B] (+1) +0.454248366<x13>[B] (+1) +0.454248366<x14>[B] (+1) +0.454248366<x15>[B] (+1) -0.454248366<x16>[B] (+1) +0.454248366<x17>[B] (+1) -0.454248366<x18>[B] (+1) +0.454248366<x19>[B] (+1) -0.454248366<x20>[B] (+1) -0.454248366<x21>[B] (+1) -0.454248366<x22>[B] (+1) -0.454248366<x23>[B] (+1) -0.454248366<x24>[B] (+1) +0.454248366<x25>[B] (+1) +0.454248366<x26>[B] (+1) -0.454248366<x27>[B] (+1) -0.454248366<x28>[B] (+1) +0.454248366<x29>[B] (+1) -0.454248366<x30>[B] (+1) +0.454248366<x31>[B] (+1) -0.454248366<x32>[B] (+1) -0.454248366<x33>[B] (+1) +0.454248366<x34>[B] (+1) +0.454248366<x35>[B] (+1) +0.454248366<x36>[B] (+1) +0.454248366<x37>[B] (+1) +0.454248366<x38>[B] (+1) +0.454248366<x39>[B] (+1) +0.454248366<x40>[B] (+1) +0.454248366<x41>[B] (+1) +0.454248366<x42>[B] (+1) -0.454248366<x43>[B] (+1) +0.454248366<x44>[B] (+1) +0.454248366<x45>[B] (+1) +0.454248366<x46>[B] (+1) +0.454248366<x47>[B] (+1) +0.454248366<x48>[B] (+1) -0.454248366<x49>[B] (+1) -0.454248366<x50>[B] (+1) -0.454248366<x51>[B] (+1) -0.454248366<x52>[B] (+1) -0.454248366<x53>[B] (+1) +0.454248366<x54>[B] (+1) +0.454248366<x55>[B] (+1) -0.454248366<x56>[B] (+1) -0.454248366<x57>[B] (+1) +0.454248366<x58>[B] (+1) -0.454248366<x59>[B] (+1) +0.454248366<x60>[B] (+1) -0.454248366<x61>[B] (+1) -0.454248366<x62>[B] (+1) +0.454248366<x63>[B] (+1) +0.454248366<x64>[B] (+1) +0.454248366<x65>[B] (+1) +0.454248366<x66>[B] (+1) +0.454248366<x67>[B] (+1) +0.454248366<x68>[B] (+1) +0.454248366<x69>[B] (+1) -0.454248366<x70>[B] (+1) +0.454248366<x71>[B] (+1) +0.454248366<x72>[B] (+1) +0.454248366<x73>[B] (+1) +0.454248366<x74>[B] (+1) +0.454248366<x75>[B] (+1) +0.454248366<x76>[B] (+1) -0.454248366<x77>[B] (+1) -0.454248366<x78>[B] (+1) +0.454248366<x79>[B] (+1) +0.454248366<x80>[B] (+1) +0.454248366<x81>[B] (+1) -0.454248366<x82>[B] (+1) +0.454248366<x83>[B] (+1) +0.454248366<x84>[B] (+1) +0.454248366<x85>[B] (+1) -0.454248366<x86>[B] (+1) +0.454248366<x87>[B] (+1) -0.454248366<x88>[B] (+1) -0.454248366<x89>[B] (+1) +0.454248366<x90>[B] (+1) +0.454248366<x91>[B] (+1) +0.454248366<x92>[B] (+1) -0.454248366<x93>[B] (+1) +0.454248366<x94>[B] (+1) +0.454248366<x95>[B] (+1) +0.454248366<x96>[B] (+1) -0.454248366<x97>[B] (+1) -0.454248366<x98>[B] (+1) +0.454248366<x99>[B] (+1) +0.454248366<x100>[B] (+1) +0.454248366<x101>[B] (+1) +0.454248366<x102>[B] (+1) -0.454248366<x103>[B] (+1) +0.454248366<x104>[B] (+1) +0.454248366<x105>[B] (+1) +0.454248366<x106>[B] (+1) +0.454248366<x107>[B] (+1) +0.454248366<x108>[B] (+1) +0.454248366<x109>[B] (+1) +0.454248366<x110>[B] (+1) +0.454248366<x111>[B] (+1) -0.454248366<x112>[B] (+1) +0.454248366<x113>[B] (+1) +0.454248366<x114>[B] (+1) +0.454248366<x115>[B] (+1) +0.454248366<x116>[B] (+1) +0.454248366<x117>[B] (+1) -0.454248366<x118>[B] (+1) -0.454248366<x119>[B] (+1) -0.454248366<x120>[B] (+1) -0.454248366<x121>[B] (+1) -0.454248366<x122>[B] (+1) -0.454248366<x123>[B] (+1) -0.454248366<x124>[B] (+1) -0.454248366<x125>[B] (+1) -0.454248366<x126>[B] (+1) -0.454248366<x127>[B] (+1) -0.454248366<x128>[B] (+1) -0.454248366<x129>[B] (+1) +0.454248366<x130>[B] (+1) -0.454248366<x131>[B] (+1) -0.454248366<x132>[B] (+1) -0.454248366<x133>[B] (+1) +0.454248366<x134>[B] (+1) +0.454248366<x135>[B] (+1) +0.454248366<x136>[B] (+1) -0.454248366<x137>[B] (+1) -0.454248366<x138>[B] (+1) +0.454248366<x139>[B] (+1) +0.454248366<x140>[B] (+1) +0.454248366<x141>[B] (+1) +0.454248366<x142>[B] (+1) +0.454248366<x143>[B] (+1) -0.454248366<x144>[B] (+1) +0.454248366<x145>[B] (+1) -0.454248366<x146>[B] (+1) -0.454248366<x147>[B] (+1) +0.454248366<x148>[B] (+1) -0.454248366<x149>[B] (+1) -0.454248366<x150>[B] (+1) -0.454248366<x151>[B] (+1) -0.454248366<x152>[B] (+1) +0.454248366<x153>[B] (+1) >= 24.1895424836601;
;
violation: left hand side is violated by 13.7418300653595
  [linear] <c1633>: <x154>[C] (+0) +0.454248366<x1>[B] (+0) -0.454248366<x2>[B] (+0) +0.454248366<x3>[B] (+0) -0.454248366<x4>[B] (+0) -0.454248366<x5>[B] (+0) +0.454248366<x6>[B] (+0) -0.454248366<x7>[B] (+0) -0.454248366<x8>[B] (+0) +0.454248366<x9>[B] (+0) +0.454248366<x10>[B] (+0) +0.454248366<x11>[B] (+0) -0.454248366<x12>[B] (+0) +0.454248366<x13>[B] (+0) +0.454248366<x14>[B] (+0) +0.454248366<x15>[B] (+0) -0.454248366<x16>[B] (+0) +0.454248366<x17>[B] (+0) -0.454248366<x18>[B] (+0) +0.454248366<x19>[B] (+0) -0.454248366<x20>[B] (+0) -0.454248366<x21>[B] (+0) -0.454248366<x22>[B] (+0) -0.454248366<x23>[B] (+0) -0.454248366<x24>[B] (+0) +0.454248366<x25>[B] (+0) +0.454248366<x26>[B] (+0) -0.454248366<x27>[B] (+0) -0.454248366<x28>[B] (+0) +0.454248366<x29>[B] (+0) -0.454248366<x30>[B] (+0) +0.454248366<x31>[B] (+0) -0.454248366<x32>[B] (+0) -0.454248366<x33>[B] (+0) +0.454248366<x34>[B] (+0) +0.454248366<x35>[B] (+0) +0.454248366<x36>[B] (+0) +0.454248366<x37>[B] (+0) +0.454248366<x38>[B] (+0) +0.454248366<x39>[B] (+0) +0.454248366<x40>[B] (+0) +0.454248366<x41>[B] (+0) +0.454248366<x42>[B] (+0) -0.454248366<x43>[B] (+0) +0.454248366<x44>[B] (+0) +0.454248366<x45>[B] (+0) +0.454248366<x46>[B] (+0) +0.454248366<x47>[B] (+0) +0.454248366<x48>[B] (+0) -0.454248366<x49>[B] (+0) -0.454248366<x50>[B] (+0) -0.454248366<x51>[B] (+0) -0.454248366<x52>[B] (+0) -0.454248366<x53>[B] (+0) +0.454248366<x54>[B] (+0) +0.454248366<x55>[B] (+0) -0.454248366<x56>[B] (+0) -0.454248366<x57>[B] (+0) +0.454248366<x58>[B] (+0) -0.454248366<x59>[B] (+0) +0.454248366<x60>[B] (+0) -0.454248366<x61>[B] (+0) -0.454248366<x62>[B] (+0) +0.454248366<x63>[B] (+0) +0.454248366<x64>[B] (+0) +0.454248366<x65>[B] (+0) +0.454248366<x66>[B] (+0) +0.454248366<x67>[B] (+0) +0.454248366<x68>[B] (+0) +0.454248366<x69>[B] (+0) -0.454248366<x70>[B] (+0) +0.454248366<x71>[B] (+0) +0.454248366<x72>[B] (+0) +0.454248366<x73>[B] (+0) +0.454248366<x74>[B] (+0) +0.454248366<x75>[B] (+0) +0.454248366<x76>[B] (+0) -0.454248366<x77>[B] (+0) -0.454248366<x78>[B] (+0) +0.454248366<x79>[B] (+0) +0.454248366<x80>[B] (+0) +0.454248366<x81>[B] (+0) -0.454248366<x82>[B] (+0) +0.454248366<x83>[B] (+0) +0.454248366<x84>[B] (+0) +0.454248366<x85>[B] (+0) -0.454248366<x86>[B] (+0) +0.454248366<x87>[B] (+0) -0.454248366<x88>[B] (+0) -0.454248366<x89>[B] (+0) +0.454248366<x90>[B] (+0) +0.454248366<x91>[B] (+0) +0.454248366<x92>[B] (+0) -0.454248366<x93>[B] (+0) +0.454248366<x94>[B] (+0) +0.454248366<x95>[B] (+0) +0.454248366<x96>[B] (+0) -0.454248366<x97>[B] (+0) -0.454248366<x98>[B] (+0) +0.454248366<x99>[B] (+0) +0.454248366<x100>[B] (+0) +0.454248366<x101>[B] (+0) +0.454248366<x102>[B] (+0) -0.454248366<x103>[B] (+0) +0.454248366<x104>[B] (+0) +0.454248366<x105>[B] (+0) +0.454248366<x106>[B] (+0) +0.454248366<x107>[B] (+0) +0.454248366<x108>[B] (+0) +0.454248366<x109>[B] (+0) +0.454248366<x110>[B] (+0) +0.454248366<x111>[B] (+0) -0.454248366<x112>[B] (+0) +0.454248366<x113>[B] (+0) +0.454248366<x114>[B] (+0) +0.454248366<x115>[B] (+0) +0.454248366<x116>[B] (+0) +0.454248366<x117>[B] (+0) -0.454248366<x118>[B] (+0) -0.454248366<x119>[B] (+0) -0.454248366<x120>[B] (+0) -0.454248366<x121>[B] (+0) -0.454248366<x122>[B] (+0) -0.454248366<x123>[B] (+0) -0.454248366<x124>[B] (+0) -0.454248366<x125>[B] (+0) -0.454248366<x126>[B] (+0) -0.454248366<x127>[B] (+0) -0.454248366<x128>[B] (+0) -0.454248366<x129>[B] (+0) +0.454248366<x130>[B] (+0) -0.454248366<x131>[B] (+0) -0.454248366<x132>[B] (+0) -0.454248366<x133>[B] (+0) +0.454248366<x134>[B] (+0) +0.454248366<x135>[B] (+0) +0.454248366<x136>[B] (+0) -0.454248366<x137>[B] (+0) -0.454248366<x138>[B] (+0) +0.454248366<x139>[B] (+0) +0.454248366<x140>[B] (+0) +0.454248366<x141>[B] (+0) +0.454248366<x142>[B] (+0) +0.454248366<x143>[B] (+0) -0.454248366<x144>[B] (+0) +0.454248366<x145>[B] (+0) -0.454248366<x146>[B] (+0) -0.454248366<x147>[B] (+0) +0.454248366<x148>[B] (+0) -0.454248366<x149>[B] (+0) -0.454248366<x150>[B] (+0) -0.454248366<x151>[B] (+0) -0.454248366<x152>[B] (+0) +0.454248366<x153>[B] (+0) >= 24.1895424836601;
;
violation: left hand side is violated by 24.1895424836601
1/5 feasible solution given by solution candidate storage, new primal bound -8.999510e+06

presolving:
   (0.0s) symmetry computation started: requiring (bin +, int +, cont +), (fixed: bin -, int -, cont -)
   (0.0s) no symmetry present (symcode time: 0.00)
presolving (0 rounds: 0 fast, 0 medium, 0 exhaustive):
 0 deleted vars, 0 deleted constraints, 0 added constraints, 0 tightened bounds, 0 added holes, 0 changed sides, 0 changed coefficients
 0 implications, 0 cliques, 0 implied integral variables (0 bin, 0 int, 0 cont)
presolved problem has 243 variables (153 bin, 0 int, 90 cont) and 1722 constraints
   1722 constraints of type <linear>
Presolving Time: 0.01
transformed 1/1 original solutions to the transformed problem space

 time | node  | left  |LP iter|LP it/n|mem/heur|mdpt |vars |cons |rows |cuts |sepa|confs|strbr|  dualbound   | primalbound  |  gap   | compl. 
p 0.0s|     1 |     0 |    38 |     - |   locks|   0 | 243 |1722 |1722 |   0 |  0 |   0 |   0 | 8.200000e+02 |-1.565526e+03 |    Inf | unknown
* 0.1s|     1 |     0 |   593 |     - |    LP  |   0 | 243 |1722 |1722 |   0 |  0 |   0 |   0 |-1.247647e+03 |-1.247647e+03 |   0.00%| unknown
  0.1s|     1 |     0 |   593 |     - |    14M |   0 | 243 |1722 |1722 |   0 |  0 |   0 |   0 |-1.247647e+03 |-1.247647e+03 |   0.00%| unknown

SCIP Status        : problem is solved [optimal solution found]
Solving Time (sec) : 0.05
Solving Nodes      : 1
Primal Bound       : -1.24764705882353e+03 (4 solutions)
Dual Bound         : -1.24764705882353e+03
Gap                : 0.00 %
  [linear] <c1723>: <x154>[C] (+21.4640523) +0.532679739<x1>[B] (+1) -0.532679739<x2>[B] (+1) +0.532679739<x3>[B] (+1) -0.532679739<x4>[B] (+1) -0.532679739<x5>[B] (+1) +0.532679739<x6>[B] (+1) -0.532679739<x7>[B] (+1) -0.532679739<x8>[B] (+1) +0.532679739<x9>[B] (+1) +0.532679739<x10>[B] (+1) +0.532679739<x11>[B] (+1) -0.532679739<x12>[B] (+1) +0.532679739<x13>[B] (+0) +0.532679739<x14>[B] (+1) +0.532679739<x15>[B] (+1) -0.532679739<x16>[B] (+1) +0.532679739<x17>[B] (+1) -0.532679739<x18>[B] (+1) +0.532679739<x19>[B] (+1) -0.532679739<x20>[B] (+0) -0.532679739<x21>[B] (+1) -0.532679739<x22>[B] (+1) -0.532679739<x23>[B] (+1) -0.532679739<x24>[B] (+1) +0.532679739<x25>[B] (+1) +0.532679739<x26>[B] (+1) -0.532679739<x27>[B] (+1) -0.532679739<x28>[B] (+1) +0.532679739<x29>[B] (+0) -0.532679739<x30>[B] (+1) +0.532679739<x31>[B] (+1) -0.532679739<x32>[B] (+1) -0.532679739<x33>[B] (+1) +0.532679739<x34>[B] (+1) +0.532679739<x35>[B] (+0) +0.532679739<x36>[B] (+1) +0.532679739<x37>[B] (+0) +0.532679739<x38>[B] (+1) +0.532679739<x39>[B] (+1) +0.532679739<x40>[B] (+1) +0.532679739<x41>[B] (+1) +0.532679739<x42>[B] (+0) -0.532679739<x43>[B] (+1) +0.532679739<x44>[B] (+0) +0.532679739<x45>[B] (+1) +0.532679739<x46>[B] (+0) +0.532679739<x47>[B] (+1) +0.532679739<x48>[B] (+1) -0.532679739<x49>[B] (+0) -0.532679739<x50>[B] (+0) -0.532679739<x51>[B] (+0) -0.532679739<x52>[B] (+0) -0.532679739<x53>[B] (+1) +0.532679739<x54>[B] (+1) +0.532679739<x55>[B] (+0) -0.532679739<x56>[B] (+0) -0.532679739<x57>[B] (+0) +0.532679739<x58>[B] (+0) -0.532679739<x59>[B] (+1) +0.532679739<x60>[B] (+0) -0.532679739<x61>[B] (+1) -0.532679739<x62>[B] (+1) +0.532679739<x63>[B] (+1) +0.532679739<x64>[B] (+1) +0.532679739<x65>[B] (+1) +0.532679739<x66>[B] (+1) +0.532679739<x67>[B] (+1) +0.532679739<x68>[B] (+1) +0.532679739<x69>[B] (+1) -0.532679739<x70>[B] (+1) +0.532679739<x71>[B] (+0) +0.532679739<x72>[B] (+1) +0.532679739<x73>[B] (+1) +0.532679739<x74>[B] (+1) +0.532679739<x75>[B] (+1) +0.532679739<x76>[B] (+0) -0.532679739<x77>[B] (+0) -0.532679739<x78>[B] (+1) +0.532679739<x79>[B] (+1) +0.532679739<x80>[B] (+0) +0.532679739<x81>[B] (+0) -0.532679739<x82>[B] (+1) +0.532679739<x83>[B] (+0) +0.532679739<x84>[B] (+1) +0.532679739<x85>[B] (+0) -0.532679739<x86>[B] (+1) +0.532679739<x87>[B] (+1) -0.532679739<x88>[B] (+1) -0.532679739<x89>[B] (+1) +0.532679739<x90>[B] (+1) +0.532679739<x91>[B] (+1) +0.532679739<x92>[B] (+0) -0.532679739<x93>[B] (+1) +0.532679739<x94>[B] (+0) +0.532679739<x95>[B] (+1) +0.532679739<x96>[B] (+0) -0.532679739<x97>[B] (+1) -0.532679739<x98>[B] (+1) +0.532679739<x99>[B] (+1) +0.532679739<x100>[B] (+1) +0.532679739<x101>[B] (+1) +0.532679739<x102>[B] (+0) -0.532679739<x103>[B] (+1) +0.532679739<x104>[B] (+0) +0.532679739<x105>[B] (+1) +0.532679739<x106>[B] (+0) +0.532679739<x107>[B] (+1) +0.532679739<x108>[B] (+1) +0.532679739<x109>[B] (+0) +0.532679739<x110>[B] (+0) +0.532679739<x111>[B] (+0) -0.532679739<x112>[B] (+0) +0.532679739<x113>[B] (+0) +0.532679739<x114>[B] (+0) +0.532679739<x115>[B] (+0) +0.532679739<x116>[B] (+1) +0.532679739<x117>[B] (+0) -0.532679739<x118>[B] (+0) -0.532679739<x119>[B] (+0) -0.532679739<x120>[B] (+0) -0.532679739<x121>[B] (+0) -0.532679739<x122>[B] (+0) -0.532679739<x123>[B] (+0) -0.532679739<x124>[B] (+1) -0.532679739<x125>[B] (+0) -0.532679739<x126>[B] (+0) -0.532679739<x127>[B] (+1) -0.532679739<x128>[B] (+0) -0.532679739<x129>[B] (+1) +0.532679739<x130>[B] (+0) -0.532679739<x131>[B] (+1) -0.532679739<x132>[B] (+1) -0.532679739<x133>[B] (+1) +0.532679739<x134>[B] (+0) +0.532679739<x135>[B] (+1) +0.532679739<x136>[B] (+1) -0.532679739<x137>[B] (+1) -0.532679739<x138>[B] (+1) +0.532679739<x139>[B] (+0) +0.532679739<x140>[B] (+1) +0.532679739<x141>[B] (+0) +0.532679739<x142>[B] (+1) +0.532679739<x143>[B] (+1) -0.532679739<x144>[B] (+1) +0.532679739<x145>[B] (+1) -0.532679739<x146>[B] (+1) -0.532679739<x147>[B] (+1) +0.532679739<x148>[B] (+0) -0.532679739<x149>[B] (+1) -0.532679739<x150>[B] (+1) -0.532679739<x151>[B] (+1) -0.532679739<x152>[B] (+1) +0.532679739<x153>[B] (+0) >= 25.1699346405229;
;
violation: left hand side is violated by 0.509803921568626
  [linear] <c1725>: <x157>[C] (+14.6503268) -0.434640523<x1>[B] (+0) -0.434640523<x2>[B] (+0) +0.434640523<x3>[B] (+0) -0.434640523<x4>[B] (+0) +0.434640523<x5>[B] (+0) +0.434640523<x6>[B] (+0) -0.434640523<x7>[B] (+0) +0.434640523<x8>[B] (+0) +0.434640523<x9>[B] (+0) -0.434640523<x10>[B] (+0) +0.434640523<x11>[B] (+0) +0.434640523<x12>[B] (+0) +0.434640523<x13>[B] (+0) +0.434640523<x14>[B] (+0) -0.434640523<x15>[B] (+0) -0.434640523<x16>[B] (+0) -0.434640523<x17>[B] (+0) -0.434640523<x18>[B] (+1) +0.434640523<x19>[B] (+0) +0.434640523<x20>[B] (+1) +0.434640523<x21>[B] (+1) +0.434640523<x22>[B] (+1) +0.434640523<x23>[B] (+1) +0.434640523<x24>[B] (+1) +0.434640523<x25>[B] (+1) +0.434640523<x26>[B] (+0) +0.434640523<x27>[B] (+1) +0.434640523<x28>[B] (+0) +0.434640523<x29>[B] (+1) +0.434640523<x30>[B] (+0) +0.434640523<x31>[B] (+1) +0.434640523<x32>[B] (+0) +0.434640523<x33>[B] (+1) +0.434640523<x34>[B] (+0) +0.434640523<x35>[B] (+1) +0.434640523<x36>[B] (+1) +0.434640523<x37>[B] (+1) +0.434640523<x38>[B] (+1) +0.434640523<x39>[B] (+1) +0.434640523<x40>[B] (+1) +0.434640523<x41>[B] (+0) +0.434640523<x42>[B] (+1) +0.434640523<x43>[B] (+0) +0.434640523<x44>[B] (+1) +0.434640523<x45>[B] (+0) +0.434640523<x46>[B] (+1) +0.434640523<x47>[B] (+0) +0.434640523<x48>[B] (+1) -0.434640523<x49>[B] (+1) +0.434640523<x50>[B] (+1) +0.434640523<x51>[B] (+1) -0.434640523<x52>[B] (+1) +0.434640523<x53>[B] (+1) -0.434640523<x54>[B] (+1) -0.434640523<x55>[B] (+1) +0.434640523<x56>[B] (+1) +0.434640523<x57>[B] (+1) -0.434640523<x58>[B] (+1) -0.434640523<x59>[B] (+1) -0.434640523<x60>[B] (+1) -0.434640523<x61>[B] (+0) -0.434640523<x62>[B] (+1) +0.434640523<x63>[B] (+1) +0.434640523<x64>[B] (+1) +0.434640523<x65>[B] (+1) +0.434640523<x66>[B] (+1) +0.434640523<x67>[B] (+1) +0.434640523<x68>[B] (+0) +0.434640523<x69>[B] (+1) +0.434640523<x70>[B] (+0) +0.434640523<x71>[B] (+1) +0.434640523<x72>[B] (+0) -0.434640523<x73>[B] (+1) +0.434640523<x74>[B] (+0) +0.434640523<x75>[B] (+1) +0.434640523<x76>[B] (+1) -0.434640523<x77>[B] (+1) +0.434640523<x78>[B] (+0) -0.434640523<x79>[B] (+0) -0.434640523<x80>[B] (+0) +0.434640523<x81>[B] (+1) -0.434640523<x82>[B] (+0) -0.434640523<x83>[B] (+1) -0.434640523<x84>[B] (+0) -0.434640523<x85>[B] (+0) -0.434640523<x86>[B] (+0) -0.434640523<x87>[B] (+1) -0.434640523<x88>[B] (+0) +0.434640523<x89>[B] (+0) -0.434640523<x90>[B] (+0) -0.434640523<x91>[B] (+0) -0.434640523<x92>[B] (+1) -0.434640523<x93>[B] (+0) -0.434640523<x94>[B] (+1) -0.434640523<x95>[B] (+0) -0.434640523<x96>[B] (+0) -0.434640523<x97>[B] (+0) -0.434640523<x98>[B] (+1) +0.434640523<x99>[B] (+0) +0.434640523<x100>[B] (+0) -0.434640523<x101>[B] (+0) +0.434640523<x102>[B] (+1) +0.434640523<x103>[B] (+0) +0.434640523<x104>[B] (+1) +0.434640523<x105>[B] (+0) -0.434640523<x106>[B] (+0) -0.434640523<x107>[B] (+0) -0.434640523<x108>[B] (+1) -0.434640523<x109>[B] (+1) -0.434640523<x110>[B] (+0) -0.434640523<x111>[B] (+1) -0.434640523<x112>[B] (+0) -0.434640523<x113>[B] (+1) -0.434640523<x114>[B] (+0) -0.434640523<x115>[B] (+1) -0.434640523<x116>[B] (+0) -0.434640523<x117>[B] (+1) -0.434640523<x118>[B] (+0) +0.434640523<x119>[B] (+1) +0.434640523<x120>[B] (+0) +0.434640523<x121>[B] (+1) +0.434640523<x122>[B] (+0) -0.434640523<x123>[B] (+1) -0.434640523<x124>[B] (+0) -0.434640523<x125>[B] (+1) +0.434640523<x126>[B] (+1) +0.434640523<x127>[B] (+1) +0.434640523<x128>[B] (+1) +0.434640523<x129>[B] (+1) -0.434640523<x130>[B] (+1) +0.434640523<x131>[B] (+0) +0.434640523<x132>[B] (+1) -0.434640523<x133>[B] (+0) -0.434640523<x134>[B] (+1) -0.434640523<x135>[B] (+0) -0.434640523<x136>[B] (+0) -0.434640523<x137>[B] (+0) -0.434640523<x138>[B] (+0) -0.434640523<x139>[B] (+1) -0.434640523<x140>[B] (+1) -0.434640523<x141>[B] (+1) -0.434640523<x142>[B] (+0) -0.434640523<x143>[B] (+1) +0.434640523<x144>[B] (+0) -0.434640523<x145>[B] (+0) -0.434640523<x146>[B] (+0) -0.434640523<x147>[B] (+0) -0.434640523<x148>[B] (+1) -0.434640523<x149>[B] (+0) -0.434640523<x150>[B] (+1) +0.434640523<x151>[B] (+0) +0.434640523<x152>[B] (+1) -0.434640523<x153>[B] (+1) >= 19.8856209150327;
;
violation: left hand side is violated by 0.0196078431372584
2/4 feasible solutions given by solution candidate storage, new primal bound -8.999510e+06

presolving:
   (0.0s) symmetry computation started: requiring (bin +, int +, cont +), (fixed: bin -, int -, cont -)
   (0.0s) no symmetry present (symcode time: 0.00)
presolving (0 rounds: 0 fast, 0 medium, 0 exhaustive):
 0 deleted vars, 0 deleted constraints, 0 added constraints, 0 tightened bounds, 0 added holes, 0 changed sides, 0 changed coefficients
 0 implications, 0 cliques, 0 implied integral variables (0 bin, 0 int, 0 cont)
presolved problem has 243 variables (153 bin, 0 int, 90 cont) and 1803 constraints
   1803 constraints of type <linear>
Presolving Time: 0.01
transformed 2/2 original solutions to the transformed problem space

 time | node  | left  |LP iter|LP it/n|mem/heur|mdpt |vars |cons |rows |cuts |sepa|confs|strbr|  dualbound   | primalbound  |  gap   | compl. 
p 0.0s|     1 |     0 |    43 |     - |   locks|   0 | 243 |1803 |1803 |   0 |  0 |   0 |   0 | 8.200000e+02 |-1.648605e+03 |    Inf | unknown
  0.1s|     1 |     0 |   884 |     - |    20M |   0 | 243 |1803 |1803 |   0 |  0 |   0 |   0 |-1.261627e+03 |-1.648605e+03 |  30.67%| unknown
r 0.1s|     1 |     0 |   884 |     - |shifting|   0 | 243 |1803 |1803 |   0 |  0 |   0 |   0 |-1.261627e+03 |-1.453078e+03 |  15.17%| unknown
  0.2s|     1 |     0 |   961 |     - |    23M |   0 | 243 |1803 |1804 |   1 |  1 |   0 |   0 |-1.261981e+03 |-1.453078e+03 |  15.14%| unknown
  0.2s|     1 |     0 |   961 |     - |    23M |   0 | 243 |1803 |1804 |   1 |  1 |   0 |   0 |-1.261981e+03 |-1.453078e+03 |  15.14%| unknown
  0.3s|     1 |     0 |   994 |     - |    26M |   0 | 243 |1803 |1807 |   4 |  2 |   0 |   0 |-1.262044e+03 |-1.453078e+03 |  15.14%| unknown
  0.4s|     1 |     0 |  1045 |     - |    31M |   0 | 243 |1803 |1810 |   7 |  3 |   0 |   0 |-1.262188e+03 |-1.453078e+03 |  15.12%| unknown
  0.6s|     1 |     0 |  1076 |     - |    34M |   0 | 243 |1803 |1813 |  10 |  4 |   0 |   0 |-1.262298e+03 |-1.453078e+03 |  15.11%| unknown
  0.7s|     1 |     0 |  1114 |     - |    40M |   0 | 243 |1804 |1815 |  12 |  5 |   1 |   0 |-1.262328e+03 |-1.453078e+03 |  15.11%| unknown
  0.9s|     1 |     0 |  1143 |     - |    44M |   0 | 243 |1804 |1818 |  15 |  6 |   1 |   0 |-1.262358e+03 |-1.453078e+03 |  15.11%| unknown
  1.0s|     1 |     0 |  1186 |     - |    45M |   0 | 243 |1804 |1819 |  16 |  7 |   1 |   0 |-1.262465e+03 |-1.453078e+03 |  15.10%| unknown
  1.2s|     1 |     0 |  1206 |     - |    51M |   0 | 243 |1804 |1821 |  18 |  8 |   1 |   0 |-1.262488e+03 |-1.453078e+03 |  15.10%| unknown
  1.4s|     1 |     0 |  1278 |     - |    57M |   0 | 243 |1804 |1823 |  20 |  9 |   1 |   0 |-1.262576e+03 |-1.453078e+03 |  15.09%| unknown
  1.6s|     1 |     0 |  1344 |     - |    58M |   0 | 243 |1805 |1826 |  23 | 10 |   2 |   0 |-1.262640e+03 |-1.453078e+03 |  15.08%| unknown
r 1.6s|     1 |     0 |  1344 |     - |shifting|   0 | 243 |1805 |1826 |  23 | 10 |   2 |   0 |-1.262640e+03 |-1.430041e+03 |  13.26%| unknown
 time | node  | left  |LP iter|LP it/n|mem/heur|mdpt |vars |cons |rows |cuts |sepa|confs|strbr|  dualbound   | primalbound  |  gap   | compl. 
  1.6s|     1 |     0 |  1360 |     - |    58M |   0 | 243 |1805 |1830 |  27 | 11 |   2 |   0 |-1.262641e+03 |-1.430041e+03 |  13.26%| unknown
  1.7s|     1 |     0 |  1387 |     - |    58M |   0 | 243 |1805 |1833 |  30 | 12 |   2 |   0 |-1.262649e+03 |-1.430041e+03 |  13.26%| unknown
  1.7s|     1 |     0 |  1446 |     - |    58M |   0 | 243 |1805 |1836 |  33 | 13 |   2 |   0 |-1.262715e+03 |-1.430041e+03 |  13.25%| unknown
r 1.7s|     1 |     0 |  1584 |     - |intshift|   0 | 243 |1805 |1836 |  33 | 13 |   2 |   0 |-1.262715e+03 |-1.304281e+03 |   3.29%| unknown
d 1.8s|     1 |     0 |  2308 |     - |farkasdi|   0 | 243 |1805 |1836 |   0 | 13 |   2 |   0 |-1.262715e+03 |-1.276784e+03 |   1.11%| unknown
L 2.3s|     1 |     0 |  2528 |     - |    rens|   0 | 243 |1805 |1836 |  33 | 13 |   2 |   0 |-1.262715e+03 |-1.271039e+03 |   0.66%| unknown
  2.3s|     1 |     0 |  2528 |     - |    59M |   0 | 243 |1805 |1836 |  33 | 13 |   2 |   0 |-1.262715e+03 |-1.271039e+03 |   0.66%| unknown
  2.3s|     1 |     0 |  2528 |     - |    59M |   0 | 243 |1805 |1756 |  33 | 13 |   2 |   0 |-1.262715e+03 |-1.271039e+03 |   0.66%| unknown
  2.3s|     1 |     0 |  2571 |     - |    59M |   0 | 243 |1805 |1762 |  39 | 14 |   2 |   0 |-1.262759e+03 |-1.271039e+03 |   0.66%| unknown
  2.3s|     1 |     0 |  2587 |     - |    59M |   0 | 243 |1805 |1764 |  44 | 15 |   2 |   0 |-1.262772e+03 |-1.271039e+03 |   0.65%| unknown
  3.0s|     1 |     2 |  2587 |     - |    59M |   0 | 243 |1725 |1764 |  44 | 15 |   2 |  24 |-1.264748e+03 |-1.271039e+03 |   0.50%| unknown
(run 1, node 1) restarting after 5 global fixings of integer variables

(restart) converted 41 cuts from the global cut pool into linear constraints

presolving:
presolving (0 rounds: 0 fast, 0 medium, 0 exhaustive):
 0 deleted vars, 0 deleted constraints, 0 added constraints, 0 tightened bounds, 0 added holes, 0 changed sides, 0 changed coefficients
 0 implications, 0 cliques, 0 implied integral variables (0 bin, 0 int, 0 cont)
presolved problem has 243 variables (153 bin, 0 int, 90 cont) and 1766 constraints
   1764 constraints of type <linear>
      2 constraints of type <logicor>
Presolving Time: 0.01
transformed 21/24 original solutions to the transformed problem space

 time | node  | left  |LP iter|LP it/n|mem/heur|mdpt |vars |cons |rows |cuts |sepa|confs|strbr|  dualbound   | primalbound  |  gap   | compl. 
  3.0s|     1 |     0 |  3519 |     - |    55M |   0 | 243 |1766 |1764 |   0 |  0 |   2 |  24 |-1.264748e+03 |-1.271039e+03 |   0.50%| unknown
  3.2s|     1 |     0 |  3587 |     - |    55M |   0 | 243 |1766 |1768 |   4 |  1 |   2 |  24 |-1.264748e+03 |-1.271039e+03 |   0.50%| unknown
  3.3s|     1 |     0 |  3587 |     - |    55M |   0 | 243 |1766 |1752 |   4 |  1 |   2 |  24 |-1.264748e+03 |-1.271039e+03 |   0.50%| unknown
  3.5s|     1 |     0 |  3638 |     - |    57M |   0 | 243 |1766 |1755 |   7 |  2 |   2 |  24 |-1.264748e+03 |-1.271039e+03 |   0.50%| unknown
  3.7s|     1 |     0 |  3679 |     - |    57M |   0 | 243 |1766 |1758 |  10 |  3 |   2 |  24 |-1.264748e+03 |-1.271039e+03 |   0.50%| unknown
  3.9s|     1 |     0 |  3704 |     - |    57M |   0 | 243 |1766 |1763 |  15 |  4 |   2 |  24 |-1.264748e+03 |-1.271039e+03 |   0.50%| unknown
  4.1s|     1 |     0 |  3774 |     - |    59M |   0 | 243 |1766 |1765 |  17 |  5 |   2 |  24 |-1.264748e+03 |-1.271039e+03 |   0.50%| unknown
  4.3s|     1 |     0 |  3812 |     - |    59M |   0 | 243 |1766 |1768 |  20 |  6 |   2 |  24 |-1.264748e+03 |-1.271039e+03 |   0.50%| unknown
  4.6s|     1 |     0 |  3870 |     - |    61M |   0 | 243 |1766 |1773 |  25 |  7 |   2 |  24 |-1.264748e+03 |-1.271039e+03 |   0.50%| unknown
  4.8s|     1 |     0 |  3905 |     - |    67M |   0 | 243 |1767 |1775 |  27 |  8 |   3 |  24 |-1.264748e+03 |-1.271039e+03 |   0.50%| unknown
  5.0s|     1 |     0 |  3975 |     - |    71M |   0 | 243 |1767 |1777 |  29 |  9 |   3 |  24 |-1.264748e+03 |-1.271039e+03 |   0.50%| unknown
  5.2s|     1 |     0 |  4017 |     - |    78M |   0 | 243 |1767 |1779 |  31 | 10 |   3 |  24 |-1.264748e+03 |-1.271039e+03 |   0.50%| unknown
  5.3s|     1 |     0 |  4062 |     - |    78M |   0 | 243 |1767 |1759 |  33 | 11 |   3 |  24 |-1.264748e+03 |-1.271039e+03 |   0.50%| unknown
  6.5s|     1 |     2 |  4897 |     - |    78M |   0 | 243 |1758 |1759 |  33 | 11 |  10 |  43 |-1.264815e+03 |-1.271039e+03 |   0.49%| unknown

SCIP Status        : problem is solved [optimal solution found]
Solving Time (sec) : 8.55
Solving Nodes      : 17 (total of 18 nodes in 2 runs)
Primal Bound       : -1.27103921568627e+03 (40 solutions)
Dual Bound         : -1.27103921568627e+03
Gap                : 0.00 %
  [linear] <c1804>: <x155>[C] (+21.375817) +0.526143791<x1>[B] (+1) -0.526143791<x2>[B] (+1) -0.526143791<x3>[B] (+1) -0.526143791<x4>[B] (+1) +0.526143791<x5>[B] (+1) -0.526143791<x6>[B] (+1) +0.526143791<x7>[B] (+1) -0.526143791<x8>[B] (+1) -0.526143791<x9>[B] (+1) -0.526143791<x10>[B] (+1) -0.526143791<x11>[B] (+1) -0.526143791<x12>[B] (+1) -0.526143791<x13>[B] (+0) -0.526143791<x14>[B] (+1) -0.526143791<x15>[B] (+1) +0.526143791<x16>[B] (+1) -0.526143791<x17>[B] (+1) -0.526143791<x18>[B] (+1) -0.526143791<x19>[B] (+1) -0.526143791<x20>[B] (+1) -0.526143791<x21>[B] (+0) -0.526143791<x22>[B] (+1) +0.526143791<x23>[B] (+1) -0.526143791<x24>[B] (+1) -0.526143791<x25>[B] (+1) -0.526143791<x26>[B] (+1) -0.526143791<x27>[B] (+1) -0.526143791<x28>[B] (+1) -0.526143791<x29>[B] (+0) -0.526143791<x30>[B] (+1) -0.526143791<x31>[B] (+1) -0.526143791<x32>[B] (+1) -0.526143791<x33>[B] (+1) +0.526143791<x34>[B] (+1) +0.526143791<x35>[B] (+0) +0.526143791<x36>[B] (+0) +0.526143791<x37>[B] (+1) +0.526143791<x38>[B] (+0) +0.526143791<x39>[B] (+1) +0.526143791<x40>[B] (+1) +0.526143791<x41>[B] (+0) -0.526143791<x42>[B] (+0) +0.526143791<x43>[B] (+1) +0.526143791<x44>[B] (+0) +0.526143791<x45>[B] (+1) +0.526143791<x46>[B] (+0) +0.526143791<x47>[B] (+1) +0.526143791<x48>[B] (+1) -0.526143791<x49>[B] (+0) +0.526143791<x50>[B] (+0) -0.526143791<x51>[B] (+1) +0.526143791<x52>[B] (+0) -0.526143791<x53>[B] (+1) -0.526143791<x54>[B] (+1) -0.526143791<x55>[B] (+0) -0.526143791<x56>[B] (+0) -0.526143791<x57>[B] (+0) -0.526143791<x58>[B] (+0) -0.526143791<x59>[B] (+0) -0.526143791<x60>[B] (+0) +0.526143791<x61>[B] (+1) -0.526143791<x62>[B] (+1) +0.526143791<x63>[B] (+0) +0.526143791<x64>[B] (+1) +0.526143791<x65>[B] (+0) +0.526143791<x66>[B] (+1) +0.526143791<x67>[B] (+1) +0.526143791<x68>[B] (+1) -0.526143791<x69>[B] (+1) -0.526143791<x70>[B] (+1) +0.526143791<x71>[B] (+0) +0.526143791<x72>[B] (+1) -0.526143791<x73>[B] (+1) +0.526143791<x74>[B] (+1) +0.526143791<x75>[B] (+1) -0.526143791<x76>[B] (+1) +0.526143791<x77>[B] (+1) -0.526143791<x78>[B] (+1) -0.526143791<x79>[B] (+1) -0.526143791<x80>[B] (+1) -0.526143791<x81>[B] (+1) -0.526143791<x82>[B] (+1) -0.526143791<x83>[B] (+0) -0.526143791<x84>[B] (+1) -0.526143791<x85>[B] (+1) -0.526143791<x86>[B] (+1) -0.526143791<x87>[B] (+1) +0.526143791<x88>[B] (+0) +0.526143791<x89>[B] (+1) -0.526143791<x90>[B] (+0) +0.526143791<x91>[B] (+0) -0.526143791<x92>[B] (+0) -0.526143791<x93>[B] (+0) -0.526143791<x94>[B] (+0) +0.526143791<x95>[B] (+0) -0.526143791<x96>[B] (+0) +0.526143791<x97>[B] (+1) -0.526143791<x98>[B] (+0) -0.526143791<x99>[B] (+1) -0.526143791<x100>[B] (+1) -0.526143791<x101>[B] (+1) -0.526143791<x102>[B] (+1) -0.526143791<x103>[B] (+1) -0.526143791<x104>[B] (+0) -0.526143791<x105>[B] (+1) -0.526143791<x106>[B] (+1) -0.526143791<x107>[B] (+1) -0.526143791<x108>[B] (+1) -0.526143791<x109>[B] (+0) +0.526143791<x110>[B] (+0) -0.526143791<x111>[B] (+0) -0.526143791<x112>[B] (+0) -0.526143791<x113>[B] (+0) +0.526143791<x114>[B] (+0) -0.526143791<x115>[B] (+0) +0.526143791<x116>[B] (+1) -0.526143791<x117>[B] (+0) +0.526143791<x118>[B] (+0) -0.526143791<x119>[B] (+0) -0.526143791<x120>[B] (+0) +0.526143791<x121>[B] (+0) +0.526143791<x122>[B] (+0) -0.526143791<x123>[B] (+0) +0.526143791<x124>[B] (+1) -0.526143791<x125>[B] (+0) -0.526143791<x126>[B] (+0) -0.526143791<x127>[B] (+1) -0.526143791<x128>[B] (+0) -0.526143791<x129>[B] (+1) -0.526143791<x130>[B] (+1) +0.526143791<x131>[B] (+1) -0.526143791<x132>[B] (+1) +0.526143791<x133>[B] (+1) +0.526143791<x134>[B] (+0) +0.526143791<x135>[B] (+1) +0.526143791<x136>[B] (+1) +0.526143791<x137>[B] (+1) +0.526143791<x138>[B] (+1) +0.526143791<x139>[B] (+0) +0.526143791<x140>[B] (+0) +0.526143791<x141>[B] (+0) +0.526143791<x142>[B] (+1) +0.526143791<x143>[B] (+1) +0.526143791<x144>[B] (+1) -0.526143791<x145>[B] (+1) +0.526143791<x146>[B] (+1) -0.526143791<x147>[B] (+1) -0.526143791<x148>[B] (+0) +0.526143791<x149>[B] (+1) -0.526143791<x150>[B] (+1) +0.526143791<x151>[B] (+1) +0.526143791<x152>[B] (+1) -0.526143791<x153>[B] (+0) >= 11.4444444444444;
;
violation: left hand side is violated by 0.0653594771241828
  [linear] <c1804>: <x155>[C] (+20.8169935) +0.526143791<x1>[B] (+1) -0.526143791<x2>[B] (+1) -0.526143791<x3>[B] (+1) -0.526143791<x4>[B] (+1) +0.526143791<x5>[B] (+1) -0.526143791<x6>[B] (+1) +0.526143791<x7>[B] (+1) -0.526143791<x8>[B] (+1) -0.526143791<x9>[B] (+1) -0.526143791<x10>[B] (+1) -0.526143791<x11>[B] (+1) -0.526143791<x12>[B] (+1) -0.526143791<x13>[B] (+1) -0.526143791<x14>[B] (+1) -0.526143791<x15>[B] (+1) +0.526143791<x16>[B] (+1) -0.526143791<x17>[B] (+1) -0.526143791<x18>[B] (+1) -0.526143791<x19>[B] (+1) -0.526143791<x20>[B] (+1) -0.526143791<x21>[B] (+1) -0.526143791<x22>[B] (+1) +0.526143791<x23>[B] (+1) -0.526143791<x24>[B] (+1) -0.526143791<x25>[B] (+1) -0.526143791<x26>[B] (+1) -0.526143791<x27>[B] (+1) -0.526143791<x28>[B] (+1) -0.526143791<x29>[B] (+1) -0.526143791<x30>[B] (+1) -0.526143791<x31>[B] (+1) -0.526143791<x32>[B] (+1) -0.526143791<x33>[B] (+1) +0.526143791<x34>[B] (+1) +0.526143791<x35>[B] (+0) +0.526143791<x36>[B] (+0) +0.526143791<x37>[B] (+1) +0.526143791<x38>[B] (+0) +0.526143791<x39>[B] (+1) +0.526143791<x40>[B] (+1) +0.526143791<x41>[B] (+1) -0.526143791<x42>[B] (+0) +0.526143791<x43>[B] (+1) +0.526143791<x44>[B] (+0) +0.526143791<x45>[B] (+1) +0.526143791<x46>[B] (+0) +0.526143791<x47>[B] (+1) +0.526143791<x48>[B] (+1) -0.526143791<x49>[B] (+0) +0.526143791<x50>[B] (+0) -0.526143791<x51>[B] (+1) +0.526143791<x52>[B] (+0) -0.526143791<x53>[B] (+0) -0.526143791<x54>[B] (+0) -0.526143791<x55>[B] (+0) -0.526143791<x56>[B] (+0) -0.526143791<x57>[B] (+0) -0.526143791<x58>[B] (+0) -0.526143791<x59>[B] (+0) -0.526143791<x60>[B] (+0) +0.526143791<x61>[B] (+1) -0.526143791<x62>[B] (+0) +0.526143791<x63>[B] (+0) +0.526143791<x64>[B] (+1) +0.526143791<x65>[B] (+0) +0.526143791<x66>[B] (+1) +0.526143791<x67>[B] (+1) +0.526143791<x68>[B] (+1) -0.526143791<x69>[B] (+1) -0.526143791<x70>[B] (+1) +0.526143791<x71>[B] (+0) +0.526143791<x72>[B] (+1) -0.526143791<x73>[B] (+1) +0.526143791<x74>[B] (+1) +0.526143791<x75>[B] (+1) -0.526143791<x76>[B] (+1) +0.526143791<x77>[B] (+0) -0.526143791<x78>[B] (+1) -0.526143791<x79>[B] (+1) -0.526143791<x80>[B] (+1) -0.526143791<x81>[B] (+1) -0.526143791<x82>[B] (+1) -0.526143791<x83>[B] (+0) -0.526143791<x84>[B] (+1) -0.526143791<x85>[B] (+1) -0.526143791<x86>[B] (+1) -0.526143791<x87>[B] (+1) +0.526143791<x88>[B] (+0) +0.526143791<x89>[B] (+0) -0.526143791<x90>[B] (+0) +0.526143791<x91>[B] (+0) -0.526143791<x92>[B] (+0) -0.526143791<x93>[B] (+0) -0.526143791<x94>[B] (+0) +0.526143791<x95>[B] (+0) -0.526143791<x96>[B] (+0) +0.526143791<x97>[B] (+1) -0.526143791<x98>[B] (+0) -0.526143791<x99>[B] (+1) -0.526143791<x100>[B] (+1) -0.526143791<x101>[B] (+1) -0.526143791<x102>[B] (+1) -0.526143791<x103>[B] (+1) -0.526143791<x104>[B] (+0) -0.526143791<x105>[B] (+1) -0.526143791<x106>[B] (+1) -0.526143791<x107>[B] (+1) -0.526143791<x108>[B] (+1) -0.526143791<x109>[B] (+0) +0.526143791<x110>[B] (+1) -0.526143791<x111>[B] (+0) -0.526143791<x112>[B] (+1) -0.526143791<x113>[B] (+0) +0.526143791<x114>[B] (+0) -0.526143791<x115>[B] (+0) +0.526143791<x116>[B] (+1) -0.526143791<x117>[B] (+0) +0.526143791<x118>[B] (+1) -0.526143791<x119>[B] (+0) -0.526143791<x120>[B] (+1) +0.526143791<x121>[B] (+0) +0.526143791<x122>[B] (+0) -0.526143791<x123>[B] (+0) +0.526143791<x124>[B] (+1) -0.526143791<x125>[B] (+0) -0.526143791<x126>[B] (+0) -0.526143791<x127>[B] (+1) -0.526143791<x128>[B] (+0) -0.526143791<x129>[B] (+0) -0.526143791<x130>[B] (+0) +0.526143791<x131>[B] (+1) -0.526143791<x132>[B] (+0) +0.526143791<x133>[B] (+1) +0.526143791<x134>[B] (+0) +0.526143791<x135>[B] (+1) +0.526143791<x136>[B] (+1) +0.526143791<x137>[B] (+1) +0.526143791<x138>[B] (+1) +0.526143791<x139>[B] (+0) +0.526143791<x140>[B] (+0) +0.526143791<x141>[B] (+0) +0.526143791<x142>[B] (+1) +0.526143791<x143>[B] (+0) +0.526143791<x144>[B] (+1) -0.526143791<x145>[B] (+1) +0.526143791<x146>[B] (+1) -0.526143791<x147>[B] (+1) -0.526143791<x148>[B] (+0) +0.526143791<x149>[B] (+1) -0.526143791<x150>[B] (+1) +0.526143791<x151>[B] (+1) +0.526143791<x152>[B] (+1) -0.526143791<x153>[B] (+0) >= 11.4444444444444;
;
violation: left hand side is violated by 0.0980392156862777
  [linear] <c1804>: <x155>[C] (+20.8169935) +0.526143791<x1>[B] (+1) -0.526143791<x2>[B] (+1) -0.526143791<x3>[B] (+1) -0.526143791<x4>[B] (+1) +0.526143791<x5>[B] (+1) -0.526143791<x6>[B] (+1) +0.526143791<x7>[B] (+1) -0.526143791<x8>[B] (+1) -0.526143791<x9>[B] (+1) -0.526143791<x10>[B] (+1) -0.526143791<x11>[B] (+1) -0.526143791<x12>[B] (+1) -0.526143791<x13>[B] (+1) -0.526143791<x14>[B] (+1) -0.526143791<x15>[B] (+1) +0.526143791<x16>[B] (+1) -0.526143791<x17>[B] (+1) -0.526143791<x18>[B] (+1) -0.526143791<x19>[B] (+1) -0.526143791<x20>[B] (+1) -0.526143791<x21>[B] (+0) -0.526143791<x22>[B] (+1) +0.526143791<x23>[B] (+1) -0.526143791<x24>[B] (+1) -0.526143791<x25>[B] (+1) -0.526143791<x26>[B] (+1) -0.526143791<x27>[B] (+1) -0.526143791<x28>[B] (+1) -0.526143791<x29>[B] (+0) -0.526143791<x30>[B] (+1) -0.526143791<x31>[B] (+1) -0.526143791<x32>[B] (+1) -0.526143791<x33>[B] (+1) +0.526143791<x34>[B] (+1) +0.526143791<x35>[B] (+0) +0.526143791<x36>[B] (+0) +0.526143791<x37>[B] (+1) +0.526143791<x38>[B] (+1) +0.526143791<x39>[B] (+1) +0.526143791<x40>[B] (+1) +0.526143791<x41>[B] (+1) -0.526143791<x42>[B] (+1) +0.526143791<x43>[B] (+1) +0.526143791<x44>[B] (+0) +0.526143791<x45>[B] (+1) +0.526143791<x46>[B] (+1) +0.526143791<x47>[B] (+1) +0.526143791<x48>[B] (+1) -0.526143791<x49>[B] (+0) +0.526143791<x50>[B] (+0) -0.526143791<x51>[B] (+1) +0.526143791<x52>[B] (+0) -0.526143791<x53>[B] (+0) -0.526143791<x54>[B] (+0) -0.526143791<x55>[B] (+0) -0.526143791<x56>[B] (+0) -0.526143791<x57>[B] (+0) -0.526143791<x58>[B] (+0) -0.526143791<x59>[B] (+0) -0.526143791<x60>[B] (+0) +0.526143791<x61>[B] (+1) -0.526143791<x62>[B] (+0) +0.526143791<x63>[B] (+0) +0.526143791<x64>[B] (+1) +0.526143791<x65>[B] (+1) +0.526143791<x66>[B] (+1) +0.526143791<x67>[B] (+1) +0.526143791<x68>[B] (+1) -0.526143791<x69>[B] (+1) -0.526143791<x70>[B] (+1) +0.526143791<x71>[B] (+0) +0.526143791<x72>[B] (+1) -0.526143791<x73>[B] (+1) +0.526143791<x74>[B] (+1) +0.526143791<x75>[B] (+1) -0.526143791<x76>[B] (+1) +0.526143791<x77>[B] (+1) -0.526143791<x78>[B] (+1) -0.526143791<x79>[B] (+1) -0.526143791<x80>[B] (+1) -0.526143791<x81>[B] (+1) -0.526143791<x82>[B] (+1) -0.526143791<x83>[B] (+0) -0.526143791<x84>[B] (+1) -0.526143791<x85>[B] (+1) -0.526143791<x86>[B] (+1) -0.526143791<x87>[B] (+1) +0.526143791<x88>[B] (+0) +0.526143791<x89>[B] (+0) -0.526143791<x90>[B] (+0) +0.526143791<x91>[B] (+0) -0.526143791<x92>[B] (+0) -0.526143791<x93>[B] (+0) -0.526143791<x94>[B] (+0) +0.526143791<x95>[B] (+0) -0.526143791<x96>[B] (+0) +0.526143791<x97>[B] (+1) -0.526143791<x98>[B] (+0) -0.526143791<x99>[B] (+1) -0.526143791<x100>[B] (+1) -0.526143791<x101>[B] (+1) -0.526143791<x102>[B] (+1) -0.526143791<x103>[B] (+1) -0.526143791<x104>[B] (+0) -0.526143791<x105>[B] (+0) -0.526143791<x106>[B] (+1) -0.526143791<x107>[B] (+1) -0.526143791<x108>[B] (+1) -0.526143791<x109>[B] (+0) +0.526143791<x110>[B] (+1) -0.526143791<x111>[B] (+0) -0.526143791<x112>[B] (+1) -0.526143791<x113>[B] (+0) +0.526143791<x114>[B] (+0) -0.526143791<x115>[B] (+1) +0.526143791<x116>[B] (+1) -0.526143791<x117>[B] (+0) +0.526143791<x118>[B] (+1) -0.526143791<x119>[B] (+0) -0.526143791<x120>[B] (+1) +0.526143791<x121>[B] (+0) +0.526143791<x122>[B] (+0) -0.526143791<x123>[B] (+1) +0.526143791<x124>[B] (+1) -0.526143791<x125>[B] (+0) -0.526143791<x126>[B] (+0) -0.526143791<x127>[B] (+1) -0.526143791<x128>[B] (+0) -0.526143791<x129>[B] (+0) -0.526143791<x130>[B] (+1) +0.526143791<x131>[B] (+1) -0.526143791<x132>[B] (+0) +0.526143791<x133>[B] (+1) +0.526143791<x134>[B] (+0) +0.526143791<x135>[B] (+0) +0.526143791<x136>[B] (+1) +0.526143791<x137>[B] (+1) +0.526143791<x138>[B] (+1) +0.526143791<x139>[B] (+0) +0.526143791<x140>[B] (+0) +0.526143791<x141>[B] (+0) +0.526143791<x142>[B] (+1) +0.526143791<x143>[B] (+0) +0.526143791<x144>[B] (+1) -0.526143791<x145>[B] (+1) +0.526143791<x146>[B] (+1) -0.526143791<x147>[B] (+1) -0.526143791<x148>[B] (+1) +0.526143791<x149>[B] (+1) -0.526143791<x150>[B] (+1) +0.526143791<x151>[B] (+1) +0.526143791<x152>[B] (+0) -0.526143791<x153>[B] (+0) >= 11.4444444444444;
;
violation: left hand side is violated by 0.0980392156862777
  [linear] <c1814>: <x167>[C] (+17.2957516) -0.441176471<x1>[B] (+1) +0.441176471<x2>[B] (+1) +0.441176471<x3>[B] (+1) +0.441176471<x4>[B] (+1) -0.441176471<x5>[B] (+1) +0.441176471<x6>[B] (+1) +0.441176471<x7>[B] (+1) +0.441176471<x8>[B] (+1) +0.441176471<x9>[B] (+1) +0.441176471<x10>[B] (+1) -0.441176471<x11>[B] (+1) -0.441176471<x12>[B] (+1) +0.441176471<x13>[B] (+1) +0.441176471<x14>[B] (+1) +0.441176471<x15>[B] (+1) -0.441176471<x16>[B] (+1) -0.441176471<x17>[B] (+1) +0.441176471<x18>[B] (+1) +0.441176471<x19>[B] (+1) +0.441176471<x20>[B] (+1) +0.441176471<x21>[B] (+1) +0.441176471<x22>[B] (+1) +0.441176471<x23>[B] (+1) +0.441176471<x24>[B] (+1) +0.441176471<x25>[B] (+1) +0.441176471<x26>[B] (+1) +0.441176471<x27>[B] (+1) -0.441176471<x28>[B] (+1) +0.441176471<x29>[B] (+0) +0.441176471<x30>[B] (+1) +0.441176471<x31>[B] (+1) -0.441176471<x32>[B] (+1) -0.441176471<x33>[B] (+1) -0.441176471<x34>[B] (+1) +0.441176471<x35>[B] (+0) -0.441176471<x36>[B] (+0) +0.441176471<x37>[B] (+1) -0.441176471<x38>[B] (+0) +0.441176471<x39>[B] (+0) +0.441176471<x40>[B] (+1) -0.441176471<x41>[B] (+0) -0.441176471<x42>[B] (+0) -0.441176471<x43>[B] (+1) -0.441176471<x44>[B] (+0) -0.441176471<x45>[B] (+1) +0.441176471<x46>[B] (+0) -0.441176471<x47>[B] (+1) -0.441176471<x48>[B] (+1) +0.441176471<x49>[B] (+0) -0.441176471<x50>[B] (+0) +0.441176471<x51>[B] (+1) -0.441176471<x52>[B] (+0) +0.441176471<x53>[B] (+0) +0.441176471<x54>[B] (+1) -0.441176471<x55>[B] (+0) -0.441176471<x56>[B] (+0) -0.441176471<x57>[B] (+0) -0.441176471<x58>[B] (+0) -0.441176471<x59>[B] (+0) +0.441176471<x60>[B] (+0) -0.441176471<x61>[B] (+1) -0.441176471<x62>[B] (+1) -0.441176471<x63>[B] (+1) -0.441176471<x64>[B] (+1) -0.441176471<x65>[B] (+0) -0.441176471<x66>[B] (+1) -0.441176471<x67>[B] (+1) -0.441176471<x68>[B] (+1) -0.441176471<x69>[B] (+1) -0.441176471<x70>[B] (+1) -0.441176471<x71>[B] (+0) -0.441176471<x72>[B] (+1) -0.441176471<x73>[B] (+1) -0.441176471<x74>[B] (+1) -0.441176471<x75>[B] (+1) +0.441176471<x76>[B] (+1) +0.441176471<x77>[B] (+0) +0.441176471<x78>[B] (+0) +0.441176471<x79>[B] (+1) +0.441176471<x80>[B] (+0) -0.441176471<x81>[B] (+0) -0.441176471<x82>[B] (+1) +0.441176471<x83>[B] (+0) +0.441176471<x84>[B] (+1) +0.441176471<x85>[B] (+1) -0.441176471<x86>[B] (+1) -0.441176471<x87>[B] (+1) -0.441176471<x88>[B] (+0) -0.441176471<x89>[B] (+0) -0.441176471<x90>[B] (+0) -0.441176471<x91>[B] (+0) -0.441176471<x92>[B] (+0) -0.441176471<x93>[B] (+0) -0.441176471<x94>[B] (+0) -0.441176471<x95>[B] (+0) -0.441176471<x96>[B] (+0) -0.441176471<x97>[B] (+0) -0.441176471<x98>[B] (+0) +0.441176471<x99>[B] (+1) +0.441176471<x100>[B] (+1) -0.441176471<x101>[B] (+1) -0.441176471<x102>[B] (+1) -0.441176471<x103>[B] (+1) +0.441176471<x104>[B] (+0) +0.441176471<x105>[B] (+1) +0.441176471<x106>[B] (+1) -0.441176471<x107>[B] (+1) -0.441176471<x108>[B] (+1) -0.441176471<x109>[B] (+1) -0.441176471<x110>[B] (+1) -0.441176471<x111>[B] (+0) -0.441176471<x112>[B] (+1) -0.441176471<x113>[B] (+0) -0.441176471<x114>[B] (+1) +0.441176471<x115>[B] (+1) -0.441176471<x116>[B] (+1) -0.441176471<x117>[B] (+1) -0.441176471<x118>[B] (+0) -0.441176471<x119>[B] (+0) -0.441176471<x120>[B] (+0) -0.441176471<x121>[B] (+0) -0.441176471<x122>[B] (+0) +0.441176471<x123>[B] (+0) -0.441176471<x124>[B] (+1) -0.441176471<x125>[B] (+0) -0.441176471<x126>[B] (+0) -0.441176471<x127>[B] (+1) +0.441176471<x128>[B] (+0) +0.441176471<x129>[B] (+1) +0.441176471<x130>[B] (+1) -0.441176471<x131>[B] (+1) -0.441176471<x132>[B] (+1) -0.441176471<x133>[B] (+1) +0.441176471<x134>[B] (+0) +0.441176471<x135>[B] (+1) +0.441176471<x136>[B] (+1) -0.441176471<x137>[B] (+1) -0.441176471<x138>[B] (+1) +0.441176471<x139>[B] (+0) +0.441176471<x140>[B] (+0) +0.441176471<x141>[B] (+0) +0.441176471<x142>[B] (+1) +0.441176471<x143>[B] (+1) +0.441176471<x144>[B] (+1) +0.441176471<x145>[B] (+1) -0.441176471<x146>[B] (+1) -0.441176471<x147>[B] (+1) +0.441176471<x148>[B] (+0) -0.441176471<x149>[B] (+1) -0.441176471<x150>[B] (+1) -0.441176471<x151>[B] (+1) -0.441176471<x152>[B] (+1) -0.441176471<x153>[B] (+0) >= 12.9052287581699;
;
violation: left hand side is violated by 0.0212418300654349
  [linear] <c1805>: <x156>[C] (+27.4248366) -0.552287582<x1>[B] (+1) -0.552287582<x2>[B] (+1) -0.552287582<x3>[B] (+1) -0.552287582<x4>[B] (+1) -0.552287582<x5>[B] (+1) +0.552287582<x6>[B] (+1) -0.552287582<x7>[B] (+1) -0.552287582<x8>[B] (+1) -0.552287582<x9>[B] (+1) -0.552287582<x10>[B] (+1) -0.552287582<x11>[B] (+1) +0.552287582<x12>[B] (+1) +0.552287582<x13>[B] (+0) -0.552287582<x14>[B] (+1) -0.552287582<x15>[B] (+1) -0.552287582<x16>[B] (+1) +0.552287582<x17>[B] (+1) +0.552287582<x18>[B] (+0) -0.552287582<x19>[B] (+1) -0.552287582<x20>[B] (+1) +0.552287582<x21>[B] (+1) +0.552287582<x22>[B] (+1) -0.552287582<x23>[B] (+1) -0.552287582<x24>[B] (+1) +0.552287582<x25>[B] (+1) +0.552287582<x26>[B] (+1) -0.552287582<x27>[B] (+1) +0.552287582<x28>[B] (+1) +0.552287582<x29>[B] (+0) -0.552287582<x30>[B] (+1) -0.552287582<x31>[B] (+1) -0.552287582<x32>[B] (+1) +0.552287582<x33>[B] (+1) -0.552287582<x34>[B] (+1) -0.552287582<x35>[B] (+1) +0.552287582<x36>[B] (+1) +0.552287582<x37>[B] (+1) -0.552287582<x38>[B] (+1) -0.552287582<x39>[B] (+1) +0.552287582<x40>[B] (+1) +0.552287582<x41>[B] (+1) -0.552287582<x42>[B] (+1) +0.552287582<x43>[B] (+1) +0.552287582<x44>[B] (+0) -0.552287582<x45>[B] (+1) -0.552287582<x46>[B] (+1) -0.552287582<x47>[B] (+1) +0.552287582<x48>[B] (+1) +0.552287582<x49>[B] (+0) +0.552287582<x50>[B] (+0) +0.552287582<x51>[B] (+0) +0.552287582<x52>[B] (+0) +0.552287582<x53>[B] (+0) +0.552287582<x54>[B] (+1) +0.552287582<x55>[B] (+0) +0.552287582<x56>[B] (+0) +0.552287582<x57>[B] (+0) +0.552287582<x58>[B] (+0) +0.552287582<x59>[B] (+0) -0.552287582<x60>[B] (+0) +0.552287582<x61>[B] (+1) +0.552287582<x62>[B] (+0) +0.552287582<x63>[B] (+1) +0.552287582<x64>[B] (+0) +0.552287582<x65>[B] (+1) +0.552287582<x66>[B] (+1) +0.552287582<x67>[B] (+1) +0.552287582<x68>[B] (+1) +0.552287582<x69>[B] (+0) +0.552287582<x70>[B] (+1) +0.552287582<x71>[B] (+0) +0.552287582<x72>[B] (+1) -0.552287582<x73>[B] (+1) -0.552287582<x74>[B] (+1) +0.552287582<x75>[B] (+1) +0.552287582<x76>[B] (+0) -0.552287582<x77>[B] (+1) -0.552287582<x78>[B] (+1) -0.552287582<x79>[B] (+1) -0.552287582<x80>[B] (+1) -0.552287582<x81>[B] (+0) +0.552287582<x82>[B] (+1) +0.552287582<x83>[B] (+0) -0.552287582<x84>[B] (+1) -0.552287582<x85>[B] (+0) -0.552287582<x86>[B] (+1) +0.552287582<x87>[B] (+1) -0.552287582<x88>[B] (+1) -0.552287582<x89>[B] (+1) -0.552287582<x90>[B] (+1) -0.552287582<x91>[B] (+1) -0.552287582<x92>[B] (+0) -0.552287582<x93>[B] (+1) -0.552287582<x94>[B] (+0) -0.552287582<x95>[B] (+1) -0.552287582<x96>[B] (+1) -0.552287582<x97>[B] (+1) -0.552287582<x98>[B] (+1) +0.552287582<x99>[B] (+1) +0.552287582<x100>[B] (+1) +0.552287582<x101>[B] (+1) +0.552287582<x102>[B] (+0) +0.552287582<x103>[B] (+1) +0.552287582<x104>[B] (+0) +0.552287582<x105>[B] (+1) -0.552287582<x106>[B] (+0) -0.552287582<x107>[B] (+1) +0.552287582<x108>[B] (+1) +0.552287582<x109>[B] (+1) +0.552287582<x110>[B] (+0) -0.552287582<x111>[B] (+0) +0.552287582<x112>[B] (+1) +0.552287582<x113>[B] (+0) -0.552287582<x114>[B] (+1) -0.552287582<x115>[B] (+0) -0.552287582<x116>[B] (+1) +0.552287582<x117>[B] (+1) +0.552287582<x118>[B] (+0) -0.552287582<x119>[B] (+0) +0.552287582<x120>[B] (+0) +0.552287582<x121>[B] (+0) -0.552287582<x122>[B] (+0) -0.552287582<x123>[B] (+0) -0.552287582<x124>[B] (+1) +0.552287582<x125>[B] (+0) -0.552287582<x126>[B] (+0) +0.552287582<x127>[B] (+1) +0.552287582<x128>[B] (+0) -0.552287582<x129>[B] (+1) -0.552287582<x130>[B] (+0) -0.552287582<x131>[B] (+1) +0.552287582<x132>[B] (+1) +0.552287582<x133>[B] (+1) +0.552287582<x134>[B] (+0) +0.552287582<x135>[B] (+1) -0.552287582<x136>[B] (+1) -0.552287582<x137>[B] (+1) +0.552287582<x138>[B] (+1) +0.552287582<x139>[B] (+0) -0.552287582<x140>[B] (+0) -0.552287582<x141>[B] (+0) -0.552287582<x142>[B] (+1) -0.552287582<x143>[B] (+0) -0.552287582<x144>[B] (+1) -0.552287582<x145>[B] (+1) -0.552287582<x146>[B] (+1) -0.552287582<x147>[B] (+1) -0.552287582<x148>[B] (+0) -0.552287582<x149>[B] (+1) +0.552287582<x150>[B] (+1) +0.552287582<x151>[B] (+1) +0.552287582<x152>[B] (+1) +0.552287582<x153>[B] (+0) >= 18.640522875817;
;
violation: left hand side is violated by 0.0522875816993533
  [linear] <c1811>: <x164>[C] (+25.748366) +0.552287582<x1>[B] (+1) -0.552287582<x2>[B] (+1) -0.552287582<x3>[B] (+1) -0.552287582<x4>[B] (+1) +0.552287582<x5>[B] (+1) -0.552287582<x6>[B] (+1) -0.552287582<x7>[B] (+1) +0.552287582<x8>[B] (+1) +0.552287582<x9>[B] (+1) -0.552287582<x10>[B] (+1) +0.552287582<x11>[B] (+1) -0.552287582<x12>[B] (+1) +0.552287582<x13>[B] (+1) +0.552287582<x14>[B] (+1) -0.552287582<x15>[B] (+1) -0.552287582<x16>[B] (+1) -0.552287582<x17>[B] (+1) -0.552287582<x18>[B] (+1) -0.552287582<x19>[B] (+1) -0.552287582<x20>[B] (+1) -0.552287582<x21>[B] (+1) -0.552287582<x22>[B] (+1) -0.552287582<x23>[B] (+1) +0.552287582<x24>[B] (+1) +0.552287582<x25>[B] (+1) -0.552287582<x26>[B] (+1) +0.552287582<x27>[B] (+1) -0.552287582<x28>[B] (+1) -0.552287582<x29>[B] (+0) +0.552287582<x30>[B] (+1) -0.552287582<x31>[B] (+1) -0.552287582<x32>[B] (+1) -0.552287582<x33>[B] (+1) +0.552287582<x34>[B] (+1) +0.552287582<x35>[B] (+0) +0.552287582<x36>[B] (+0) -0.552287582<x37>[B] (+1) -0.552287582<x38>[B] (+0) +0.552287582<x39>[B] (+0) +0.552287582<x40>[B] (+1) +0.552287582<x41>[B] (+0) +0.552287582<x42>[B] (+0) +0.552287582<x43>[B] (+1) +0.552287582<x44>[B] (+0) +0.552287582<x45>[B] (+1) -0.552287582<x46>[B] (+1) -0.552287582<x47>[B] (+1) +0.552287582<x48>[B] (+1) +0.552287582<x49>[B] (+0) +0.552287582<x50>[B] (+0) -0.552287582<x51>[B] (+1) -0.552287582<x52>[B] (+0) +0.552287582<x53>[B] (+0) +0.552287582<x54>[B] (+0) -0.552287582<x55>[B] (+0) +0.552287582<x56>[B] (+0) +0.552287582<x57>[B] (+0) +0.552287582<x58>[B] (+0) +0.552287582<x59>[B] (+0) -0.552287582<x60>[B] (+0) -0.552287582<x61>[B] (+1) +0.552287582<x62>[B] (+0) +0.552287582<x63>[B] (+1) -0.552287582<x64>[B] (+1) -0.552287582<x65>[B] (+1) +0.552287582<x66>[B] (+1) +0.552287582<x67>[B] (+1) -0.552287582<x68>[B] (+1) +0.552287582<x69>[B] (+1) +0.552287582<x70>[B] (+1) +0.552287582<x71>[B] (+0) +0.552287582<x72>[B] (+1) -0.552287582<x73>[B] (+1) -0.552287582<x74>[B] (+1) +0.552287582<x75>[B] (+1) -0.552287582<x76>[B] (+1) -0.552287582<x77>[B] (+0) +0.552287582<x78>[B] (+1) +0.552287582<x79>[B] (+1) -0.552287582<x80>[B] (+1) +0.552287582<x81>[B] (+1) -0.552287582<x82>[B] (+1) -0.552287582<x83>[B] (+0) +0.552287582<x84>[B] (+1) -0.552287582<x85>[B] (+1) -0.552287582<x86>[B] (+1) -0.552287582<x87>[B] (+1) -0.552287582<x88>[B] (+0) +0.552287582<x89>[B] (+0) +0.552287582<x90>[B] (+0) +0.552287582<x91>[B] (+0) +0.552287582<x92>[B] (+0) +0.552287582<x93>[B] (+0) +0.552287582<x94>[B] (+0) +0.552287582<x95>[B] (+0) -0.552287582<x96>[B] (+0) -0.552287582<x97>[B] (+1) +0.552287582<x98>[B] (+0) +0.552287582<x99>[B] (+1) +0.552287582<x100>[B] (+1) +0.552287582<x101>[B] (+1) +0.552287582<x102>[B] (+1) +0.552287582<x103>[B] (+1) +0.552287582<x104>[B] (+0) +0.552287582<x105>[B] (+1) +0.552287582<x106>[B] (+1) -0.552287582<x107>[B] (+1) +0.552287582<x108>[B] (+1) +0.552287582<x109>[B] (+1) -0.552287582<x110>[B] (+1) +0.552287582<x111>[B] (+0) -0.552287582<x112>[B] (+1) -0.552287582<x113>[B] (+0) +0.552287582<x114>[B] (+1) -0.552287582<x115>[B] (+1) -0.552287582<x116>[B] (+1) -0.552287582<x117>[B] (+1) -0.552287582<x118>[B] (+0) +0.552287582<x119>[B] (+0) -0.552287582<x120>[B] (+0) -0.552287582<x121>[B] (+0) -0.552287582<x122>[B] (+0) -0.552287582<x123>[B] (+0) -0.552287582<x124>[B] (+1) -0.552287582<x125>[B] (+0) +0.552287582<x126>[B] (+0) +0.552287582<x127>[B] (+1) +0.552287582<x128>[B] (+0) +0.552287582<x129>[B] (+1) -0.552287582<x130>[B] (+1) -0.552287582<x131>[B] (+1) +0.552287582<x132>[B] (+1) -0.552287582<x133>[B] (+1) -0.552287582<x134>[B] (+0) -0.552287582<x135>[B] (+1) -0.552287582<x136>[B] (+1) -0.552287582<x137>[B] (+1) -0.552287582<x138>[B] (+1) +0.552287582<x139>[B] (+0) +0.552287582<x140>[B] (+1) -0.552287582<x141>[B] (+0) -0.552287582<x142>[B] (+1) -0.552287582<x143>[B] (+0) +0.552287582<x144>[B] (+1) -0.552287582<x145>[B] (+1) -0.552287582<x146>[B] (+1) -0.552287582<x147>[B] (+1) -0.552287582<x148>[B] (+0) -0.552287582<x149>[B] (+1) -0.552287582<x150>[B] (+0) -0.552287582<x151>[B] (+1) +0.552287582<x152>[B] (+1) +0.552287582<x153>[B] (+0) >= 17.5359477124183;
;
violation: left hand side is violated by 0.0718954248366046
  [linear] <c1813>: <x166>[C] (+22.4150327) -0.545751634<x1>[B] (+1) -0.545751634<x2>[B] (+1) -0.545751634<x3>[B] (+1) +0.545751634<x4>[B] (+1) -0.545751634<x5>[B] (+1) +0.545751634<x6>[B] (+1) -0.545751634<x7>[B] (+1) -0.545751634<x8>[B] (+1) -0.545751634<x9>[B] (+1) +0.545751634<x10>[B] (+1) +0.545751634<x11>[B] (+1) +0.545751634<x12>[B] (+1) +0.545751634<x13>[B] (+1) +0.545751634<x14>[B] (+1) -0.545751634<x15>[B] (+1) +0.545751634<x16>[B] (+1) +0.545751634<x17>[B] (+1) +0.545751634<x18>[B] (+1) +0.545751634<x19>[B] (+1) +0.545751634<x20>[B] (+1) +0.545751634<x21>[B] (+1) +0.545751634<x22>[B] (+1) +0.545751634<x23>[B] (+1) +0.545751634<x24>[B] (+1) +0.545751634<x25>[B] (+1) +0.545751634<x26>[B] (+1) +0.545751634<x27>[B] (+1) +0.545751634<x28>[B] (+1) +0.545751634<x29>[B] (+0) +0.545751634<x30>[B] (+1) +0.545751634<x31>[B] (+1) +0.545751634<x32>[B] (+1) +0.545751634<x33>[B] (+1) +0.545751634<x34>[B] (+1) +0.545751634<x35>[B] (+0) +0.545751634<x36>[B] (+1) +0.545751634<x37>[B] (+1) +0.545751634<x38>[B] (+0) +0.545751634<x39>[B] (+1) +0.545751634<x40>[B] (+1) +0.545751634<x41>[B] (+0) +0.545751634<x42>[B] (+0) +0.545751634<x43>[B] (+1) +0.545751634<x44>[B] (+0) +0.545751634<x45>[B] (+1) +0.545751634<x46>[B] (+1) +0.545751634<x47>[B] (+1) +0.545751634<x48>[B] (+1) +0.545751634<x49>[B] (+0) +0.545751634<x50>[B] (+0) +0.545751634<x51>[B] (+1) +0.545751634<x52>[B] (+0) +0.545751634<x53>[B] (+0) -0.545751634<x54>[B] (+0) +0.545751634<x55>[B] (+0) +0.545751634<x56>[B] (+0) +0.545751634<x57>[B] (+0) +0.545751634<x58>[B] (+0) +0.545751634<x59>[B] (+0) +0.545751634<x60>[B] (+0) +0.545751634<x61>[B] (+1) +0.545751634<x62>[B] (+0) -0.545751634<x63>[B] (+1) -0.545751634<x64>[B] (+1) -0.545751634<x65>[B] (+0) -0.545751634<x66>[B] (+1) -0.545751634<x67>[B] (+1) +0.545751634<x68>[B] (+0) -0.545751634<x69>[B] (+1) +0.545751634<x70>[B] (+1) +0.545751634<x71>[B] (+0) -0.545751634<x72>[B] (+1) -0.545751634<x73>[B] (+1) -0.545751634<x74>[B] (+1) -0.545751634<x75>[B] (+1) +0.545751634<x76>[B] (+1) +0.545751634<x77>[B] (+0) -0.545751634<x78>[B] (+1) -0.545751634<x79>[B] (+1) +0.545751634<x80>[B] (+0) +0.545751634<x81>[B] (+0) +0.545751634<x82>[B] (+1) +0.545751634<x83>[B] (+0) +0.545751634<x84>[B] (+1) -0.545751634<x85>[B] (+1) +0.545751634<x86>[B] (+1) +0.545751634<x87>[B] (+1) -0.545751634<x88>[B] (+0) -0.545751634<x89>[B] (+0) -0.545751634<x90>[B] (+0) +0.545751634<x91>[B] (+0) -0.545751634<x92>[B] (+0) +0.545751634<x93>[B] (+0) +0.545751634<x94>[B] (+0) -0.545751634<x95>[B] (+0) -0.545751634<x96>[B] (+0) -0.545751634<x97>[B] (+1) -0.545751634<x98>[B] (+0) -0.545751634<x99>[B] (+1) -0.545751634<x100>[B] (+1) +0.545751634<x101>[B] (+1) +0.545751634<x102>[B] (+1) +0.545751634<x103>[B] (+1) +0.545751634<x104>[B] (+0) +0.545751634<x105>[B] (+1) -0.545751634<x106>[B] (+1) +0.545751634<x107>[B] (+1) +0.545751634<x108>[B] (+1) -0.545751634<x109>[B] (+1) +0.545751634<x110>[B] (+0) +0.545751634<x111>[B] (+0) +0.545751634<x112>[B] (+1) +0.545751634<x113>[B] (+0) +0.545751634<x114>[B] (+1) +0.545751634<x115>[B] (+0) +0.545751634<x116>[B] (+1) +0.545751634<x117>[B] (+1) +0.545751634<x118>[B] (+0) +0.545751634<x119>[B] (+0) +0.545751634<x120>[B] (+0) +0.545751634<x121>[B] (+0) +0.545751634<x122>[B] (+0) +0.545751634<x123>[B] (+0) +0.545751634<x124>[B] (+1) +0.545751634<x125>[B] (+0) -0.545751634<x126>[B] (+1) -0.545751634<x127>[B] (+1) -0.545751634<x128>[B] (+0) -0.545751634<x129>[B] (+1) -0.545751634<x130>[B] (+1) -0.545751634<x131>[B] (+1) -0.545751634<x132>[B] (+1) +0.545751634<x133>[B] (+1) +0.545751634<x134>[B] (+0) -0.545751634<x135>[B] (+1) -0.545751634<x136>[B] (+1) -0.545751634<x137>[B] (+1) -0.545751634<x138>[B] (+1) +0.545751634<x139>[B] (+0) -0.545751634<x140>[B] (+1) -0.545751634<x141>[B] (+0) -0.545751634<x142>[B] (+1) -0.545751634<x143>[B] (+0) -0.545751634<x144>[B] (+1) -0.545751634<x145>[B] (+1) -0.545751634<x146>[B] (+1) -0.545751634<x147>[B] (+1) -0.545751634<x148>[B] (+0) -0.545751634<x149>[B] (+1) -0.545751634<x150>[B] (+0) +0.545751634<x151>[B] (+1) +0.545751634<x152>[B] (+1) +0.545751634<x153>[B] (+0) >= 30.1535947712418;
;
violation: left hand side is violated by 0.0980392156862742
  [linear] <c1806>: <x158>[C] (+18.2843137) +0.506535948<x1>[B] (+1) -0.506535948<x2>[B] (+1) -0.506535948<x3>[B] (+1) -0.506535948<x4>[B] (+1) +0.506535948<x5>[B] (+1) -0.506535948<x6>[B] (+1) -0.506535948<x7>[B] (+1) +0.506535948<x8>[B] (+1) +0.506535948<x9>[B] (+1) +0.506535948<x10>[B] (+1) +0.506535948<x11>[B] (+1) -0.506535948<x12>[B] (+1) +0.506535948<x13>[B] (+0) +0.506535948<x14>[B] (+1) +0.506535948<x15>[B] (+1) +0.506535948<x16>[B] (+1) +0.506535948<x17>[B] (+1) -0.506535948<x18>[B] (+1) -0.506535948<x19>[B] (+1) -0.506535948<x20>[B] (+1) -0.506535948<x21>[B] (+1) -0.506535948<x22>[B] (+1) -0.506535948<x23>[B] (+1) -0.506535948<x24>[B] (+1) +0.506535948<x25>[B] (+1) +0.506535948<x26>[B] (+1) -0.506535948<x27>[B] (+1) -0.506535948<x28>[B] (+1) +0.506535948<x29>[B] (+0) +0.506535948<x30>[B] (+1) -0.506535948<x31>[B] (+1) -0.506535948<x32>[B] (+1) +0.506535948<x33>[B] (+1) +0.506535948<x34>[B] (+1) -0.506535948<x35>[B] (+0) +0.506535948<x36>[B] (+0) -0.506535948<x37>[B] (+1) -0.506535948<x38>[B] (+1) +0.506535948<x39>[B] (+1) +0.506535948<x40>[B] (+1) +0.506535948<x41>[B] (+1) +0.506535948<x42>[B] (+0) +0.506535948<x43>[B] (+1) +0.506535948<x44>[B] (+0) +0.506535948<x45>[B] (+1) +0.506535948<x46>[B] (+1) +0.506535948<x47>[B] (+1) +0.506535948<x48>[B] (+1) -0.506535948<x49>[B] (+0) +0.506535948<x50>[B] (+0) -0.506535948<x51>[B] (+0) -0.506535948<x52>[B] (+0) +0.506535948<x53>[B] (+0) +0.506535948<x54>[B] (+0) +0.506535948<x55>[B] (+0) +0.506535948<x56>[B] (+0) -0.506535948<x57>[B] (+0) +0.506535948<x58>[B] (+0) +0.506535948<x59>[B] (+0) +0.506535948<x60>[B] (+0) +0.506535948<x61>[B] (+0) +0.506535948<x62>[B] (+0) +0.506535948<x63>[B] (+1) -0.506535948<x64>[B] (+1) +0.506535948<x65>[B] (+1) +0.506535948<x66>[B] (+1) +0.506535948<x67>[B] (+1) +0.506535948<x68>[B] (+1) +0.506535948<x69>[B] (+1) +0.506535948<x70>[B] (+1) +0.506535948<x71>[B] (+0) +0.506535948<x72>[B] (+1) +0.506535948<x73>[B] (+1) +0.506535948<x74>[B] (+1) +0.506535948<x75>[B] (+1) -0.506535948<x76>[B] (+1) -0.506535948<x77>[B] (+1) -0.506535948<x78>[B] (+1) +0.506535948<x79>[B] (+1) +0.506535948<x80>[B] (+1) +0.506535948<x81>[B] (+1) -0.506535948<x82>[B] (+1) +0.506535948<x83>[B] (+0) +0.506535948<x84>[B] (+1) -0.506535948<x85>[B] (+1) +0.506535948<x86>[B] (+1) +0.506535948<x87>[B] (+1) +0.506535948<x88>[B] (+0) +0.506535948<x89>[B] (+1) +0.506535948<x90>[B] (+1) +0.506535948<x91>[B] (+1) +0.506535948<x92>[B] (+0) +0.506535948<x93>[B] (+0) +0.506535948<x94>[B] (+0) +0.506535948<x95>[B] (+1) +0.506535948<x96>[B] (+0) +0.506535948<x97>[B] (+1) +0.506535948<x98>[B] (+0) +0.506535948<x99>[B] (+1) +0.506535948<x100>[B] (+1) +0.506535948<x101>[B] (+1) +0.506535948<x102>[B] (+0) +0.506535948<x103>[B] (+1) +0.506535948<x104>[B] (+0) +0.506535948<x105>[B] (+1) +0.506535948<x106>[B] (+0) +0.506535948<x107>[B] (+1) +0.506535948<x108>[B] (+0) +0.506535948<x109>[B] (+0) +0.506535948<x110>[B] (+0) +0.506535948<x111>[B] (+0) -0.506535948<x112>[B] (+0) +0.506535948<x113>[B] (+0) +0.506535948<x114>[B] (+0) +0.506535948<x115>[B] (+0) +0.506535948<x116>[B] (+1) +0.506535948<x117>[B] (+0) +0.506535948<x118>[B] (+0) -0.506535948<x119>[B] (+0) -0.506535948<x120>[B] (+0) -0.506535948<x121>[B] (+0) +0.506535948<x122>[B] (+0) -0.506535948<x123>[B] (+0) -0.506535948<x124>[B] (+1) +0.506535948<x125>[B] (+0) -0.506535948<x126>[B] (+0) -0.506535948<x127>[B] (+0) -0.506535948<x128>[B] (+0) -0.506535948<x129>[B] (+0) -0.506535948<x130>[B] (+0) -0.506535948<x131>[B] (+1) -0.506535948<x132>[B] (+0) -0.506535948<x133>[B] (+1) +0.506535948<x134>[B] (+0) +0.506535948<x135>[B] (+1) -0.506535948<x136>[B] (+1) +0.506535948<x137>[B] (+1) +0.506535948<x138>[B] (+1) +0.506535948<x139>[B] (+0) +0.506535948<x140>[B] (+1) +0.506535948<x141>[B] (+0) +0.506535948<x142>[B] (+1) +0.506535948<x143>[B] (+0) +0.506535948<x144>[B] (+1) -0.506535948<x145>[B] (+1) -0.506535948<x146>[B] (+1) +0.506535948<x147>[B] (+1) -0.506535948<x148>[B] (+0) -0.506535948<x149>[B] (+1) -0.506535948<x150>[B] (+0) +0.506535948<x151>[B] (+1) +0.506535948<x152>[B] (+0) +0.506535948<x153>[B] (+0) >= 32.5457516339869;
;
violation: left hand side is violated by 0.0784313725490193
  [linear] <c1827>: <x180>[C] (+34.2385621) -0.676470588<x1>[B] (+1) -0.676470588<x2>[B] (+1) -0.676470588<x3>[B] (+1) -0.676470588<x4>[B] (+1) -0.676470588<x5>[B] (+1) -0.676470588<x6>[B] (+1) -0.676470588<x7>[B] (+1) -0.676470588<x8>[B] (+1) -0.676470588<x9>[B] (+1) -0.676470588<x10>[B] (+1) -0.676470588<x11>[B] (+1) -0.676470588<x12>[B] (+1) -0.676470588<x13>[B] (+1) -0.676470588<x14>[B] (+1) -0.676470588<x15>[B] (+1) -0.676470588<x16>[B] (+1) -0.676470588<x17>[B] (+1) +0.676470588<x18>[B] (+1) +0.676470588<x19>[B] (+1) +0.676470588<x20>[B] (+1) +0.676470588<x21>[B] (+1) +0.676470588<x22>[B] (+1) +0.676470588<x23>[B] (+1) +0.676470588<x24>[B] (+1) +0.676470588<x25>[B] (+1) +0.676470588<x26>[B] (+1) +0.676470588<x27>[B] (+1) +0.676470588<x28>[B] (+1) +0.676470588<x29>[B] (+0) +0.676470588<x30>[B] (+1) -0.676470588<x31>[B] (+1) +0.676470588<x32>[B] (+1) +0.676470588<x33>[B] (+1) -0.676470588<x34>[B] (+1) -0.676470588<x35>[B] (+1) +0.676470588<x36>[B] (+1) -0.676470588<x37>[B] (+1) +0.676470588<x38>[B] (+1) -0.676470588<x39>[B] (+1) -0.676470588<x40>[B] (+1) -0.676470588<x41>[B] (+1) -0.676470588<x42>[B] (+1) -0.676470588<x43>[B] (+1) +0.676470588<x44>[B] (+0) -0.676470588<x45>[B] (+1) -0.676470588<x46>[B] (+1) -0.676470588<x47>[B] (+1) -0.676470588<x48>[B] (+1) -0.676470588<x49>[B] (+0) +0.676470588<x50>[B] (+0) -0.676470588<x51>[B] (+0) +0.676470588<x52>[B] (+0) +0.676470588<x53>[B] (+0) -0.676470588<x54>[B] (+0) +0.676470588<x55>[B] (+0) +0.676470588<x56>[B] (+0) -0.676470588<x57>[B] (+0) +0.676470588<x58>[B] (+0) +0.676470588<x59>[B] (+0) -0.676470588<x60>[B] (+0) +0.676470588<x61>[B] (+0) +0.676470588<x62>[B] (+0) +0.676470588<x63>[B] (+0) -0.676470588<x64>[B] (+1) +0.676470588<x65>[B] (+1) +0.676470588<x66>[B] (+1) +0.676470588<x67>[B] (+1) +0.676470588<x68>[B] (+1) +0.676470588<x69>[B] (+1) +0.676470588<x70>[B] (+1) +0.676470588<x71>[B] (+0) +0.676470588<x72>[B] (+1) -0.676470588<x73>[B] (+1) +0.676470588<x74>[B] (+1) +0.676470588<x75>[B] (+1) -0.676470588<x76>[B] (+1) +0.676470588<x77>[B] (+1) -0.676470588<x78>[B] (+1) -0.676470588<x79>[B] (+1) -0.676470588<x80>[B] (+1) -0.676470588<x81>[B] (+1) -0.676470588<x82>[B] (+1) +0.676470588<x83>[B] (+0) -0.676470588<x84>[B] (+1) -0.676470588<x85>[B] (+1) -0.676470588<x86>[B] (+1) -0.676470588<x87>[B] (+1) +0.676470588<x88>[B] (+0) +0.676470588<x89>[B] (+0) +0.676470588<x90>[B] (+0) +0.676470588<x91>[B] (+1) +0.676470588<x92>[B] (+0) +0.676470588<x93>[B] (+0) +0.676470588<x94>[B] (+0) +0.676470588<x95>[B] (+0) -0.676470588<x96>[B] (+0) +0.676470588<x97>[B] (+1) +0.676470588<x98>[B] (+0) -0.676470588<x99>[B] (+1) -0.676470588<x100>[B] (+1) -0.676470588<x101>[B] (+1) -0.676470588<x102>[B] (+0) -0.676470588<x103>[B] (+1) +0.676470588<x104>[B] (+0) -0.676470588<x105>[B] (+1) -0.676470588<x106>[B] (+1) -0.676470588<x107>[B] (+1) -0.676470588<x108>[B] (+1) -0.676470588<x109>[B] (+0) +0.676470588<x110>[B] (+1) +0.676470588<x111>[B] (+0) -0.676470588<x112>[B] (+0) +0.676470588<x113>[B] (+0) +0.676470588<x114>[B] (+0) -0.676470588<x115>[B] (+0) -0.676470588<x116>[B] (+1) +0.676470588<x117>[B] (+0) +0.676470588<x118>[B] (+1) +0.676470588<x119>[B] (+0) +0.676470588<x120>[B] (+0) +0.676470588<x121>[B] (+0) +0.676470588<x122>[B] (+0) -0.676470588<x123>[B] (+0) +0.676470588<x124>[B] (+1) +0.676470588<x125>[B] (+0) +0.676470588<x126>[B] (+0) -0.676470588<x127>[B] (+0) +0.676470588<x128>[B] (+0) -0.676470588<x129>[B] (+0) -0.676470588<x130>[B] (+0) -0.676470588<x131>[B] (+1) +0.676470588<x132>[B] (+0) -0.676470588<x133>[B] (+1) +0.676470588<x134>[B] (+0) -0.676470588<x135>[B] (+1) -0.676470588<x136>[B] (+1) -0.676470588<x137>[B] (+1) -0.676470588<x138>[B] (+1) +0.676470588<x139>[B] (+0) +0.676470588<x140>[B] (+0) -0.676470588<x141>[B] (+1) +0.676470588<x142>[B] (+1) +0.676470588<x143>[B] (+1) -0.676470588<x144>[B] (+1) -0.676470588<x145>[B] (+1) -0.676470588<x146>[B] (+1) -0.676470588<x147>[B] (+1) -0.676470588<x148>[B] (+1) -0.676470588<x149>[B] (+1) +0.676470588<x150>[B] (+1) +0.676470588<x151>[B] (+1) +0.676470588<x152>[B] (+1) +0.676470588<x153>[B] (+0) >= 15.7287581699346;
;
violation: left hand side is violated by 0.431372549019617
  [linear] <c1806>: <x158>[C] (+18.8660131) +0.506535948<x1>[B] (+1) -0.506535948<x2>[B] (+1) -0.506535948<x3>[B] (+1) -0.506535948<x4>[B] (+1) +0.506535948<x5>[B] (+1) -0.506535948<x6>[B] (+1) -0.506535948<x7>[B] (+1) +0.506535948<x8>[B] (+1) +0.506535948<x9>[B] (+1) +0.506535948<x10>[B] (+1) +0.506535948<x11>[B] (+1) -0.506535948<x12>[B] (+1) +0.506535948<x13>[B] (+1) +0.506535948<x14>[B] (+1) +0.506535948<x15>[B] (+1) +0.506535948<x16>[B] (+1) +0.506535948<x17>[B] (+1) -0.506535948<x18>[B] (+1) -0.506535948<x19>[B] (+1) -0.506535948<x20>[B] (+1) -0.506535948<x21>[B] (+1) -0.506535948<x22>[B] (+1) -0.506535948<x23>[B] (+1) -0.506535948<x24>[B] (+1) +0.506535948<x25>[B] (+1) +0.506535948<x26>[B] (+1) -0.506535948<x27>[B] (+1) -0.506535948<x28>[B] (+1) +0.506535948<x29>[B] (+0) +0.506535948<x30>[B] (+1) -0.506535948<x31>[B] (+1) -0.506535948<x32>[B] (+1) +0.506535948<x33>[B] (+1) +0.506535948<x34>[B] (+1) -0.506535948<x35>[B] (+0) +0.506535948<x36>[B] (+1) -0.506535948<x37>[B] (+1) -0.506535948<x38>[B] (+1) +0.506535948<x39>[B] (+1) +0.506535948<x40>[B] (+1) +0.506535948<x41>[B] (+1) +0.506535948<x42>[B] (+0) +0.506535948<x43>[B] (+1) +0.506535948<x44>[B] (+0) +0.506535948<x45>[B] (+1) +0.506535948<x46>[B] (+1) +0.506535948<x47>[B] (+1) +0.506535948<x48>[B] (+1) -0.506535948<x49>[B] (+0) +0.506535948<x50>[B] (+0) -0.506535948<x51>[B] (+0) -0.506535948<x52>[B] (+0) +0.506535948<x53>[B] (+0) +0.506535948<x54>[B] (+0) +0.506535948<x55>[B] (+0) +0.506535948<x56>[B] (+0) -0.506535948<x57>[B] (+0) +0.506535948<x58>[B] (+0) +0.506535948<x59>[B] (+0) +0.506535948<x60>[B] (+0) +0.506535948<x61>[B] (+0) +0.506535948<x62>[B] (+0) +0.506535948<x63>[B] (+1) -0.506535948<x64>[B] (+1) +0.506535948<x65>[B] (+1) +0.506535948<x66>[B] (+1) +0.506535948<x67>[B] (+1) +0.506535948<x68>[B] (+1) +0.506535948<x69>[B] (+1) +0.506535948<x70>[B] (+1) +0.506535948<x71>[B] (+0) +0.506535948<x72>[B] (+1) +0.506535948<x73>[B] (+1) +0.506535948<x74>[B] (+1) +0.506535948<x75>[B] (+1) -0.506535948<x76>[B] (+1) -0.506535948<x77>[B] (+1) -0.506535948<x78>[B] (+1) +0.506535948<x79>[B] (+1) +0.506535948<x80>[B] (+1) +0.506535948<x81>[B] (+0) -0.506535948<x82>[B] (+1) +0.506535948<x83>[B] (+0) +0.506535948<x84>[B] (+1) -0.506535948<x85>[B] (+1) +0.506535948<x86>[B] (+1) +0.506535948<x87>[B] (+1) +0.506535948<x88>[B] (+0) +0.506535948<x89>[B] (+1) +0.506535948<x90>[B] (+0) +0.506535948<x91>[B] (+1) +0.506535948<x92>[B] (+0) +0.506535948<x93>[B] (+1) +0.506535948<x94>[B] (+0) +0.506535948<x95>[B] (+0) +0.506535948<x96>[B] (+0) +0.506535948<x97>[B] (+1) +0.506535948<x98>[B] (+0) +0.506535948<x99>[B] (+1) +0.506535948<x100>[B] (+1) +0.506535948<x101>[B] (+1) +0.506535948<x102>[B] (+0) +0.506535948<x103>[B] (+1) +0.506535948<x104>[B] (+0) +0.506535948<x105>[B] (+0) +0.506535948<x106>[B] (+0) +0.506535948<x107>[B] (+1) +0.506535948<x108>[B] (+1) +0.506535948<x109>[B] (+0) +0.506535948<x110>[B] (+1) +0.506535948<x111>[B] (+0) -0.506535948<x112>[B] (+1) +0.506535948<x113>[B] (+0) +0.506535948<x114>[B] (+0) +0.506535948<x115>[B] (+0) +0.506535948<x116>[B] (+1) +0.506535948<x117>[B] (+0) +0.506535948<x118>[B] (+1) -0.506535948<x119>[B] (+0) -0.506535948<x120>[B] (+1) -0.506535948<x121>[B] (+0) +0.506535948<x122>[B] (+0) -0.506535948<x123>[B] (+0) -0.506535948<x124>[B] (+1) +0.506535948<x125>[B] (+0) -0.506535948<x126>[B] (+0) -0.506535948<x127>[B] (+0) -0.506535948<x128>[B] (+0) -0.506535948<x129>[B] (+0) -0.506535948<x130>[B] (+0) -0.506535948<x131>[B] (+1) -0.506535948<x132>[B] (+0) -0.506535948<x133>[B] (+1) +0.506535948<x134>[B] (+0) +0.506535948<x135>[B] (+1) -0.506535948<x136>[B] (+1) +0.506535948<x137>[B] (+1) +0.506535948<x138>[B] (+1) +0.506535948<x139>[B] (+0) +0.506535948<x140>[B] (+0) +0.506535948<x141>[B] (+0) +0.506535948<x142>[B] (+1) +0.506535948<x143>[B] (+0) +0.506535948<x144>[B] (+1) -0.506535948<x145>[B] (+1) -0.506535948<x146>[B] (+1) +0.506535948<x147>[B] (+1) -0.506535948<x148>[B] (+0) -0.506535948<x149>[B] (+1) -0.506535948<x150>[B] (+1) +0.506535948<x151>[B] (+1) +0.506535948<x152>[B] (+1) +0.506535948<x153>[B] (+0) >= 32.5457516339869;
;
violation: left hand side is violated by 0.0032679738561967
all 10 solutions given by solution candidate storage are infeasible

feasible solution found by trivial heuristic after 0.0 seconds, objective value -8.999510e+06
presolving:
   (0.0s) symmetry computation started: requiring (bin +, int +, cont +), (fixed: bin -, int -, cont -)
   (0.0s) no symmetry present (symcode time: 0.00)
presolving (0 rounds: 0 fast, 0 medium, 0 exhaustive):
 0 deleted vars, 0 deleted constraints, 0 added constraints, 0 tightened bounds, 0 added holes, 0 changed sides, 0 changed coefficients
 0 implications, 0 cliques, 0 implied integral variables (0 bin, 0 int, 0 cont)
presolved problem has 243 variables (153 bin, 0 int, 90 cont) and 1882 constraints
   1882 constraints of type <linear>
Presolving Time: 0.02
transformed 1/1 original solutions to the transformed problem space

 time | node  | left  |LP iter|LP it/n|mem/heur|mdpt |vars |cons |rows |cuts |sepa|confs|strbr|  dualbound   | primalbound  |  gap   | compl. 
p 0.0s|     1 |     0 |    48 |     - |   locks|   0 | 243 |1882 |1882 |   0 |  0 |   0 |   0 | 8.200000e+02 |-1.645529e+03 |    Inf | unknown
  0.1s|     1 |     0 |   973 |     - |    80M |   0 | 243 |1882 |1882 |   0 |  0 |   0 |   0 |-1.266926e+03 |-1.645529e+03 |  29.88%| unknown
r 0.1s|     1 |     0 |   973 |     - |shifting|   0 | 243 |1882 |1882 |   0 |  0 |   0 |   0 |-1.266926e+03 |-1.424848e+03 |  12.46%| unknown
  0.2s|     1 |     0 |  1016 |     - |    80M |   0 | 243 |1882 |1884 |   2 |  1 |   0 |   0 |-1.267212e+03 |-1.424848e+03 |  12.44%| unknown
  0.2s|     1 |     0 |  1016 |     - |    80M |   0 | 243 |1882 |1884 |   2 |  1 |   0 |   0 |-1.267212e+03 |-1.424848e+03 |  12.44%| unknown
  0.3s|     1 |     0 |  1055 |     - |    81M |   0 | 243 |1882 |1886 |   4 |  2 |   0 |   0 |-1.267359e+03 |-1.424848e+03 |  12.43%| unknown
  0.5s|     1 |     0 |  1087 |     - |    81M |   0 | 243 |1882 |1888 |   6 |  3 |   0 |   0 |-1.267416e+03 |-1.424848e+03 |  12.42%| unknown
  0.6s|     1 |     0 |  1108 |     - |    82M |   0 | 243 |1882 |1891 |   9 |  4 |   0 |   0 |-1.267443e+03 |-1.424848e+03 |  12.42%| unknown
  0.7s|     1 |     0 |  1184 |     - |    82M |   0 | 243 |1882 |1894 |  12 |  5 |   0 |   0 |-1.267650e+03 |-1.424848e+03 |  12.40%| unknown
  0.8s|     1 |     0 |  1204 |     - |    82M |   0 | 243 |1882 |1897 |  15 |  6 |   0 |   0 |-1.267663e+03 |-1.424848e+03 |  12.40%| unknown
  1.0s|     1 |     0 |  1235 |     - |    83M |   0 | 243 |1882 |1899 |  17 |  7 |   0 |   0 |-1.267687e+03 |-1.424848e+03 |  12.40%| unknown
  1.1s|     1 |     0 |  1307 |     - |    83M |   0 | 243 |1882 |1901 |  19 |  8 |   0 |   0 |-1.267727e+03 |-1.424848e+03 |  12.39%| unknown
  1.3s|     1 |     0 |  1322 |     - |    83M |   0 | 243 |1882 |1903 |  21 |  9 |   0 |   0 |-1.267732e+03 |-1.424848e+03 |  12.39%| unknown
  1.4s|     1 |     0 |  1341 |     - |    83M |   0 | 243 |1882 |1906 |  24 | 10 |   0 |   0 |-1.267741e+03 |-1.424848e+03 |  12.39%| unknown
  1.5s|     1 |     0 |  1371 |     - |    83M |   0 | 243 |1882 |1909 |  27 | 11 |   0 |   0 |-1.267765e+03 |-1.424848e+03 |  12.39%| unknown
 time | node  | left  |LP iter|LP it/n|mem/heur|mdpt |vars |cons |rows |cuts |sepa|confs|strbr|  dualbound   | primalbound  |  gap   | compl. 
  1.5s|     1 |     0 |  1384 |     - |    84M |   0 | 243 |1882 |1911 |  29 | 12 |   0 |   0 |-1.267767e+03 |-1.424848e+03 |  12.39%| unknown
  1.5s|     1 |     0 |  1410 |     - |    84M |   0 | 243 |1882 |1914 |  32 | 13 |   0 |   0 |-1.267778e+03 |-1.424848e+03 |  12.39%| unknown
  1.6s|     1 |     0 |  1445 |     - |    84M |   0 | 243 |1882 |1916 |  34 | 14 |   0 |   0 |-1.267790e+03 |-1.424848e+03 |  12.39%| unknown
  1.6s|     1 |     0 |  1459 |     - |    84M |   0 | 243 |1882 |1918 |  36 | 15 |   0 |   0 |-1.267795e+03 |-1.424848e+03 |  12.39%| unknown
r 1.6s|     1 |     0 |  1589 |     - |intshift|   0 | 243 |1882 |1918 |  36 | 15 |   0 |   0 |-1.267795e+03 |-1.306765e+03 |   3.07%| unknown
d 1.7s|     1 |     0 |  2300 |     - |farkasdi|   0 | 243 |1882 |1918 |   0 | 15 |   0 |   0 |-1.267795e+03 |-1.278830e+03 |   0.87%| unknown
L 2.2s|     1 |     0 |  2300 |     - |    rens|   0 | 243 |1882 |1918 |  36 | 15 |   0 |   0 |-1.267795e+03 |-1.273941e+03 |   0.48%| unknown
  2.2s|     1 |     0 |  2300 |     - |    85M |   0 | 243 |1882 |1918 |  36 | 15 |   0 |   0 |-1.267795e+03 |-1.273941e+03 |   0.48%| unknown
  2.2s|     1 |     0 |  2300 |     - |    85M |   0 | 243 |1882 |1727 |  36 | 15 |   0 |   0 |-1.267795e+03 |-1.273941e+03 |   0.48%| unknown
  2.3s|     1 |     0 |  2316 |     - |    86M |   0 | 243 |1882 |1729 |  42 | 16 |   0 |   0 |-1.267800e+03 |-1.273941e+03 |   0.48%| unknown
  2.3s|     1 |     0 |  2335 |     - |    86M |   0 | 243 |1882 |1731 |  44 | 17 |   0 |   0 |-1.267804e+03 |-1.273941e+03 |   0.48%| unknown
(run 1, node 1) restarting after 12 global fixings of integer variables

(restart) converted 40 cuts from the global cut pool into linear constraints

presolving:
presolving (0 rounds: 0 fast, 0 medium, 0 exhaustive):
 0 deleted vars, 0 deleted constraints, 0 added constraints, 0 tightened bounds, 0 added holes, 0 changed sides, 0 changed coefficients
 0 implications, 0 cliques, 0 implied integral variables (0 bin, 0 int, 0 cont)
presolved problem has 243 variables (153 bin, 0 int, 90 cont) and 1731 constraints
   1731 constraints of type <linear>
Presolving Time: 0.02
transformed 22/26 original solutions to the transformed problem space

 time | node  | left  |LP iter|LP it/n|mem/heur|mdpt |vars |cons |rows |cuts |sepa|confs|strbr|  dualbound   | primalbound  |  gap   | compl. 
  2.4s|     1 |     0 |  3563 |     - |    87M |   0 | 243 |1731 |1731 |   0 |  0 |   0 |   0 |-1.267804e+03 |-1.273941e+03 |   0.48%| unknown
  2.6s|     1 |     0 |  3601 |     - |    87M |   0 | 243 |1731 |1734 |   3 |  1 |   0 |   0 |-1.267824e+03 |-1.273941e+03 |   0.48%| unknown
  2.8s|     1 |     0 |  3612 |     - |    87M |   0 | 243 |1731 |1736 |   5 |  2 |   0 |   0 |-1.267824e+03 |-1.273941e+03 |   0.48%| unknown
  3.0s|     1 |     0 |  3672 |     - |    88M |   0 | 243 |1731 |1738 |   7 |  3 |   0 |   0 |-1.267852e+03 |-1.273941e+03 |   0.48%| unknown
  3.2s|     1 |     0 |  3739 |     - |    88M |   0 | 243 |1731 |1741 |  10 |  4 |   0 |   0 |-1.267866e+03 |-1.273941e+03 |   0.48%| unknown
  3.4s|     1 |     0 |  3774 |     - |    88M |   0 | 243 |1731 |1744 |  13 |  5 |   0 |   0 |-1.267869e+03 |-1.273941e+03 |   0.48%| unknown
  3.6s|     1 |     0 |  3801 |     - |    88M |   0 | 243 |1731 |1745 |  14 |  6 |   0 |   0 |-1.267873e+03 |-1.273941e+03 |   0.48%| unknown
  3.8s|     1 |     0 |  3840 |     - |    88M |   0 | 243 |1731 |1747 |  16 |  7 |   0 |   0 |-1.267876e+03 |-1.273941e+03 |   0.48%| unknown
  4.0s|     1 |     0 |  3867 |     - |    89M |   0 | 243 |1731 |1750 |  19 |  8 |   0 |   0 |-1.267876e+03 |-1.273941e+03 |   0.48%| unknown
  4.2s|     1 |     0 |  3898 |     - |    89M |   0 | 243 |1731 |1751 |  20 |  9 |   0 |   0 |-1.267878e+03 |-1.273941e+03 |   0.48%| unknown
  4.4s|     1 |     0 |  3916 |     - |    91M |   0 | 243 |1731 |1743 |  21 | 10 |   0 |   0 |-1.267879e+03 |-1.273941e+03 |   0.48%| unknown
  4.4s|     1 |     0 |  3933 |     - |    91M |   0 | 243 |1731 |1744 |  22 | 11 |   0 |   0 |-1.267881e+03 |-1.273941e+03 |   0.48%| unknown
  6.1s|     1 |     2 |  4963 |     - |    91M |   0 | 243 |1738 |1744 |  22 | 11 |   7 |  32 |-1.269168e+03 |-1.273941e+03 |   0.38%| unknown

SCIP Status        : problem is solved [optimal solution found]
Solving Time (sec) : 7.60
Solving Nodes      : 7 (total of 8 nodes in 2 runs)
Primal Bound       : -1.27394117647059e+03 (39 solutions)
Dual Bound         : -1.27394117647059e+03
Gap                : 0.00 %
  [linear] <c1883>: <x154>[C] (+20.375817) +0.513071895<x1>[B] (+1) -0.513071895<x2>[B] (+1) +0.513071895<x3>[B] (+1) -0.513071895<x4>[B] (+1) -0.513071895<x5>[B] (+1) +0.513071895<x6>[B] (+1) -0.513071895<x7>[B] (+1) -0.513071895<x8>[B] (+1) +0.513071895<x9>[B] (+1) +0.513071895<x10>[B] (+1) +0.513071895<x11>[B] (+1) -0.513071895<x12>[B] (+1) +0.513071895<x13>[B] (+1) +0.513071895<x14>[B] (+1) +0.513071895<x15>[B] (+1) -0.513071895<x16>[B] (+1) +0.513071895<x17>[B] (+1) -0.513071895<x18>[B] (+1) +0.513071895<x19>[B] (+1) -0.513071895<x20>[B] (+1) -0.513071895<x21>[B] (+1) -0.513071895<x22>[B] (+1) -0.513071895<x23>[B] (+1) -0.513071895<x24>[B] (+1) +0.513071895<x25>[B] (+1) +0.513071895<x26>[B] (+1) -0.513071895<x27>[B] (+1) -0.513071895<x28>[B] (+1) +0.513071895<x29>[B] (+1) -0.513071895<x30>[B] (+1) +0.513071895<x31>[B] (+1) -0.513071895<x32>[B] (+1) -0.513071895<x33>[B] (+1) +0.513071895<x34>[B] (+1) +0.513071895<x35>[B] (+0) +0.513071895<x36>[B] (+0) +0.513071895<x37>[B] (+1) +0.513071895<x38>[B] (+0) +0.513071895<x39>[B] (+0) +0.513071895<x40>[B] (+0) +0.513071895<x41>[B] (+0) +0.513071895<x42>[B] (+0) -0.513071895<x43>[B] (+1) +0.513071895<x44>[B] (+0) +0.513071895<x45>[B] (+0) +0.513071895<x46>[B] (+0) +0.513071895<x47>[B] (+1) +0.513071895<x48>[B] (+0) -0.513071895<x49>[B] (+0) -0.513071895<x50>[B] (+0) -0.513071895<x51>[B] (+1) -0.513071895<x52>[B] (+0) -0.513071895<x53>[B] (+0) +0.513071895<x54>[B] (+0) +0.513071895<x55>[B] (+0) -0.513071895<x56>[B] (+0) -0.513071895<x57>[B] (+0) +0.513071895<x58>[B] (+0) -0.513071895<x59>[B] (+0) +0.513071895<x60>[B] (+0) -0.513071895<x61>[B] (+1) -0.513071895<x62>[B] (+0) +0.513071895<x63>[B] (+0) +0.513071895<x64>[B] (+1) +0.513071895<x65>[B] (+0) +0.513071895<x66>[B] (+1) +0.513071895<x67>[B] (+1) +0.513071895<x68>[B] (+1) +0.513071895<x69>[B] (+1) -0.513071895<x70>[B] (+1) +0.513071895<x71>[B] (+0) +0.513071895<x72>[B] (+1) +0.513071895<x73>[B] (+1) +0.513071895<x74>[B] (+1) +0.513071895<x75>[B] (+1) +0.513071895<x76>[B] (+1) -0.513071895<x77>[B] (+0) -0.513071895<x78>[B] (+1) +0.513071895<x79>[B] (+1) +0.513071895<x80>[B] (+1) +0.513071895<x81>[B] (+1) -0.513071895<x82>[B] (+1) +0.513071895<x83>[B] (+0) +0.513071895<x84>[B] (+1) +0.513071895<x85>[B] (+1) -0.513071895<x86>[B] (+1) +0.513071895<x87>[B] (+1) -0.513071895<x88>[B] (+0) -0.513071895<x89>[B] (+0) +0.513071895<x90>[B] (+0) +0.513071895<x91>[B] (+0) +0.513071895<x92>[B] (+0) -0.513071895<x93>[B] (+0) +0.513071895<x94>[B] (+0) +0.513071895<x95>[B] (+0) +0.513071895<x96>[B] (+0) -0.513071895<x97>[B] (+0) -0.513071895<x98>[B] (+0) +0.513071895<x99>[B] (+1) +0.513071895<x100>[B] (+1) +0.513071895<x101>[B] (+1) +0.513071895<x102>[B] (+1) -0.513071895<x103>[B] (+1) +0.513071895<x104>[B] (+0) +0.513071895<x105>[B] (+1) +0.513071895<x106>[B] (+1) +0.513071895<x107>[B] (+1) +0.513071895<x108>[B] (+1) +0.513071895<x109>[B] (+0) +0.513071895<x110>[B] (+1) +0.513071895<x111>[B] (+0) -0.513071895<x112>[B] (+1) +0.513071895<x113>[B] (+0) +0.513071895<x114>[B] (+0) +0.513071895<x115>[B] (+1) +0.513071895<x116>[B] (+1) +0.513071895<x117>[B] (+0) -0.513071895<x118>[B] (+1) -0.513071895<x119>[B] (+0) -0.513071895<x120>[B] (+1) -0.513071895<x121>[B] (+0) -0.513071895<x122>[B] (+0) -0.513071895<x123>[B] (+1) -0.513071895<x124>[B] (+1) -0.513071895<x125>[B] (+0) -0.513071895<x126>[B] (+0) -0.513071895<x127>[B] (+1) -0.513071895<x128>[B] (+0) -0.513071895<x129>[B] (+0) +0.513071895<x130>[B] (+1) -0.513071895<x131>[B] (+1) -0.513071895<x132>[B] (+0) -0.513071895<x133>[B] (+1) +0.513071895<x134>[B] (+0) +0.513071895<x135>[B] (+1) +0.513071895<x136>[B] (+1) -0.513071895<x137>[B] (+1) -0.513071895<x138>[B] (+1) +0.513071895<x139>[B] (+0) +0.513071895<x140>[B] (+0) +0.513071895<x141>[B] (+0) +0.513071895<x142>[B] (+1) +0.513071895<x143>[B] (+0) -0.513071895<x144>[B] (+1) +0.513071895<x145>[B] (+1) -0.513071895<x146>[B] (+1) -0.513071895<x147>[B] (+1) +0.513071895<x148>[B] (+1) -0.513071895<x149>[B] (+1) -0.513071895<x150>[B] (+1) -0.513071895<x151>[B] (+1) -0.513071895<x152>[B] (+0) +0.513071895<x153>[B] (+0) >= 25.0130718954248;
;
violation: left hand side is violated by 0.0196078431372548
  [linear] <c1883>: <x154>[C] (+18.7777778) +0.513071895<x1>[B] (+1) -0.513071895<x2>[B] (+1) +0.513071895<x3>[B] (+1) -0.513071895<x4>[B] (+1) -0.513071895<x5>[B] (+1) +0.513071895<x6>[B] (+1) -0.513071895<x7>[B] (+1) -0.513071895<x8>[B] (+1) +0.513071895<x9>[B] (+1) +0.513071895<x10>[B] (+1) +0.513071895<x11>[B] (+1) -0.513071895<x12>[B] (+1) +0.513071895<x13>[B] (+1) +0.513071895<x14>[B] (+1) +0.513071895<x15>[B] (+1) -0.513071895<x16>[B] (+1) +0.513071895<x17>[B] (+1) -0.513071895<x18>[B] (+1) +0.513071895<x19>[B] (+1) -0.513071895<x20>[B] (+1) -0.513071895<x21>[B] (+1) -0.513071895<x22>[B] (+1) -0.513071895<x23>[B] (+1) -0.513071895<x24>[B] (+1) +0.513071895<x25>[B] (+1) +0.513071895<x26>[B] (+1) -0.513071895<x27>[B] (+1) -0.513071895<x28>[B] (+1) +0.513071895<x29>[B] (+1) -0.513071895<x30>[B] (+1) +0.513071895<x31>[B] (+1) -0.513071895<x32>[B] (+1) -0.513071895<x33>[B] (+1) +0.513071895<x34>[B] (+1) +0.513071895<x35>[B] (+0) +0.513071895<x36>[B] (+0) +0.513071895<x37>[B] (+1) +0.513071895<x38>[B] (+0) +0.513071895<x39>[B] (+1) +0.513071895<x40>[B] (+1) +0.513071895<x41>[B] (+1) +0.513071895<x42>[B] (+0) -0.513071895<x43>[B] (+1) +0.513071895<x44>[B] (+0) +0.513071895<x45>[B] (+1) +0.513071895<x46>[B] (+1) +0.513071895<x47>[B] (+1) +0.513071895<x48>[B] (+1) -0.513071895<x49>[B] (+0) -0.513071895<x50>[B] (+0) -0.513071895<x51>[B] (+1) -0.513071895<x52>[B] (+0) -0.513071895<x53>[B] (+0) +0.513071895<x54>[B] (+0) +0.513071895<x55>[B] (+0) -0.513071895<x56>[B] (+0) -0.513071895<x57>[B] (+0) +0.513071895<x58>[B] (+0) -0.513071895<x59>[B] (+0) +0.513071895<x60>[B] (+0) -0.513071895<x61>[B] (+1) -0.513071895<x62>[B] (+0) +0.513071895<x63>[B] (+0) +0.513071895<x64>[B] (+1) +0.513071895<x65>[B] (+0) +0.513071895<x66>[B] (+1) +0.513071895<x67>[B] (+1) +0.513071895<x68>[B] (+1) +0.513071895<x69>[B] (+1) -0.513071895<x70>[B] (+1) +0.513071895<x71>[B] (+0) +0.513071895<x72>[B] (+1) +0.513071895<x73>[B] (+1) +0.513071895<x74>[B] (+1) +0.513071895<x75>[B] (+1) +0.513071895<x76>[B] (+1) -0.513071895<x77>[B] (+0) -0.513071895<x78>[B] (+1) +0.513071895<x79>[B] (+1) +0.513071895<x80>[B] (+1) +0.513071895<x81>[B] (+1) -0.513071895<x82>[B] (+1) +0.513071895<x83>[B] (+0) +0.513071895<x84>[B] (+1) +0.513071895<x85>[B] (+1) -0.513071895<x86>[B] (+1) +0.513071895<x87>[B] (+1) -0.513071895<x88>[B] (+0) -0.513071895<x89>[B] (+0) +0.513071895<x90>[B] (+0) +0.513071895<x91>[B] (+0) +0.513071895<x92>[B] (+0) -0.513071895<x93>[B] (+0) +0.513071895<x94>[B] (+0) +0.513071895<x95>[B] (+0) +0.513071895<x96>[B] (+0) -0.513071895<x97>[B] (+1) -0.513071895<x98>[B] (+0) +0.513071895<x99>[B] (+1) +0.513071895<x100>[B] (+1) +0.513071895<x101>[B] (+1) +0.513071895<x102>[B] (+1) -0.513071895<x103>[B] (+1) +0.513071895<x104>[B] (+0) +0.513071895<x105>[B] (+1) +0.513071895<x106>[B] (+1) +0.513071895<x107>[B] (+1) +0.513071895<x108>[B] (+1) +0.513071895<x109>[B] (+0) +0.513071895<x110>[B] (+1) +0.513071895<x111>[B] (+0) -0.513071895<x112>[B] (+1) +0.513071895<x113>[B] (+0) +0.513071895<x114>[B] (+0) +0.513071895<x115>[B] (+0) +0.513071895<x116>[B] (+1) +0.513071895<x117>[B] (+0) -0.513071895<x118>[B] (+1) -0.513071895<x119>[B] (+0) -0.513071895<x120>[B] (+1) -0.513071895<x121>[B] (+0) -0.513071895<x122>[B] (+0) -0.513071895<x123>[B] (+0) -0.513071895<x124>[B] (+1) -0.513071895<x125>[B] (+0) -0.513071895<x126>[B] (+0) -0.513071895<x127>[B] (+1) -0.513071895<x128>[B] (+0) -0.513071895<x129>[B] (+0) +0.513071895<x130>[B] (+0) -0.513071895<x131>[B] (+1) -0.513071895<x132>[B] (+0) -0.513071895<x133>[B] (+1) +0.513071895<x134>[B] (+0) +0.513071895<x135>[B] (+1) +0.513071895<x136>[B] (+1) -0.513071895<x137>[B] (+1) -0.513071895<x138>[B] (+1) +0.513071895<x139>[B] (+0) +0.513071895<x140>[B] (+0) +0.513071895<x141>[B] (+0) +0.513071895<x142>[B] (+1) +0.513071895<x143>[B] (+0) -0.513071895<x144>[B] (+1) +0.513071895<x145>[B] (+1) -0.513071895<x146>[B] (+1) -0.513071895<x147>[B] (+1) +0.513071895<x148>[B] (+1) -0.513071895<x149>[B] (+1) -0.513071895<x150>[B] (+1) -0.513071895<x151>[B] (+1) -0.513071895<x152>[B] (+1) +0.513071895<x153>[B] (+0) >= 25.0130718954248;
;
violation: left hand side is violated by 0.0784313725490193
  [linear] <c1890>: <x161>[C] (+34.5326797) -0.663398693<x1>[B] (+1) +0.663398693<x2>[B] (+1) -0.663398693<x3>[B] (+1) +0.663398693<x4>[B] (+1) +0.663398693<x5>[B] (+1) -0.663398693<x6>[B] (+1) -0.663398693<x7>[B] (+1) +0.663398693<x8>[B] (+1) +0.663398693<x9>[B] (+1) -0.663398693<x10>[B] (+1) +0.663398693<x11>[B] (+1) +0.663398693<x12>[B] (+1) +0.663398693<x13>[B] (+1) +0.663398693<x14>[B] (+1) +0.663398693<x15>[B] (+1) +0.663398693<x16>[B] (+1) +0.663398693<x17>[B] (+1) +0.663398693<x18>[B] (+1) +0.663398693<x19>[B] (+1) +0.663398693<x20>[B] (+1) +0.663398693<x21>[B] (+0) -0.663398693<x22>[B] (+1) -0.663398693<x23>[B] (+1) +0.663398693<x24>[B] (+1) +0.663398693<x25>[B] (+1) -0.663398693<x26>[B] (+1) +0.663398693<x27>[B] (+1) +0.663398693<x28>[B] (+1) +0.663398693<x29>[B] (+0) +0.663398693<x30>[B] (+1) +0.663398693<x31>[B] (+1) +0.663398693<x32>[B] (+1) +0.663398693<x33>[B] (+1) -0.663398693<x34>[B] (+1) +0.663398693<x35>[B] (+0) +0.663398693<x36>[B] (+0) -0.663398693<x37>[B] (+1) -0.663398693<x38>[B] (+1) +0.663398693<x39>[B] (+1) +0.663398693<x40>[B] (+1) -0.663398693<x41>[B] (+1) +0.663398693<x42>[B] (+1) +0.663398693<x43>[B] (+1) +0.663398693<x44>[B] (+0) +0.663398693<x45>[B] (+1) +0.663398693<x46>[B] (+1) -0.663398693<x47>[B] (+1) +0.663398693<x48>[B] (+1) +0.663398693<x49>[B] (+0) +0.663398693<x50>[B] (+0) -0.663398693<x51>[B] (+1) -0.663398693<x52>[B] (+0) +0.663398693<x53>[B] (+0) +0.663398693<x54>[B] (+0) -0.663398693<x55>[B] (+0) +0.663398693<x56>[B] (+0) +0.663398693<x57>[B] (+0) +0.663398693<x58>[B] (+0) +0.663398693<x59>[B] (+0) +0.663398693<x60>[B] (+0) +0.663398693<x61>[B] (+0) +0.663398693<x62>[B] (+0) -0.663398693<x63>[B] (+0) -0.663398693<x64>[B] (+1) -0.663398693<x65>[B] (+1) -0.663398693<x66>[B] (+1) -0.663398693<x67>[B] (+1) -0.663398693<x68>[B] (+1) -0.663398693<x69>[B] (+1) -0.663398693<x70>[B] (+1) -0.663398693<x71>[B] (+0) -0.663398693<x72>[B] (+1) -0.663398693<x73>[B] (+1) -0.663398693<x74>[B] (+1) -0.663398693<x75>[B] (+1) -0.663398693<x76>[B] (+1) -0.663398693<x77>[B] (+1) -0.663398693<x78>[B] (+1) -0.663398693<x79>[B] (+1) -0.663398693<x80>[B] (+1) -0.663398693<x81>[B] (+1) -0.663398693<x82>[B] (+1) +0.663398693<x83>[B] (+0) -0.663398693<x84>[B] (+1) -0.663398693<x85>[B] (+1) -0.663398693<x86>[B] (+1) -0.663398693<x87>[B] (+1) +0.663398693<x88>[B] (+0) +0.663398693<x89>[B] (+0) +0.663398693<x90>[B] (+0) -0.663398693<x91>[B] (+0) +0.663398693<x92>[B] (+0) +0.663398693<x93>[B] (+0) +0.663398693<x94>[B] (+0) +0.663398693<x95>[B] (+0) +0.663398693<x96>[B] (+0) +0.663398693<x97>[B] (+0) +0.663398693<x98>[B] (+0) +0.663398693<x99>[B] (+1) +0.663398693<x100>[B] (+1) -0.663398693<x101>[B] (+1) +0.663398693<x102>[B] (+1) +0.663398693<x103>[B] (+1) +0.663398693<x104>[B] (+0) +0.663398693<x105>[B] (+0) +0.663398693<x106>[B] (+1) +0.663398693<x107>[B] (+1) +0.663398693<x108>[B] (+1) -0.663398693<x109>[B] (+0) -0.663398693<x110>[B] (+1) +0.663398693<x111>[B] (+0) -0.663398693<x112>[B] (+1) +0.663398693<x113>[B] (+0) +0.663398693<x114>[B] (+0) -0.663398693<x115>[B] (+1) -0.663398693<x116>[B] (+1) -0.663398693<x117>[B] (+0) -0.663398693<x118>[B] (+1) +0.663398693<x119>[B] (+0) -0.663398693<x120>[B] (+1) +0.663398693<x121>[B] (+0) +0.663398693<x122>[B] (+0) +0.663398693<x123>[B] (+1) -0.663398693<x124>[B] (+1) +0.663398693<x125>[B] (+0) +0.663398693<x126>[B] (+0) +0.663398693<x127>[B] (+1) +0.663398693<x128>[B] (+0) +0.663398693<x129>[B] (+0) +0.663398693<x130>[B] (+1) +0.663398693<x131>[B] (+1) +0.663398693<x132>[B] (+0) -0.663398693<x133>[B] (+1) +0.663398693<x134>[B] (+0) +0.663398693<x135>[B] (+0) -0.663398693<x136>[B] (+1) -0.663398693<x137>[B] (+1) -0.663398693<x138>[B] (+1) +0.663398693<x139>[B] (+0) +0.663398693<x140>[B] (+0) +0.663398693<x141>[B] (+1) -0.663398693<x142>[B] (+1) +0.663398693<x143>[B] (+0) -0.663398693<x144>[B] (+1) -0.663398693<x145>[B] (+1) -0.663398693<x146>[B] (+1) -0.663398693<x147>[B] (+1) -0.663398693<x148>[B] (+1) -0.663398693<x149>[B] (+1) -0.663398693<x150>[B] (+1) -0.663398693<x151>[B] (+0) +0.663398693<x152>[B] (+0) +0.663398693<x153>[B] (+0) >= 25.375816993464;
;
violation: left hand side is violated by 0.130718954248369
  [linear] <c1883>: <x154>[C] (+18.2843137) +0.513071895<x1>[B] (+1) -0.513071895<x2>[B] (+1) +0.513071895<x3>[B] (+1) -0.513071895<x4>[B] (+1) -0.513071895<x5>[B] (+1) +0.513071895<x6>[B] (+1) -0.513071895<x7>[B] (+1) -0.513071895<x8>[B] (+1) +0.513071895<x9>[B] (+1) +0.513071895<x10>[B] (+1) +0.513071895<x11>[B] (+1) -0.513071895<x12>[B] (+1) +0.513071895<x13>[B] (+0) +0.513071895<x14>[B] (+1) +0.513071895<x15>[B] (+1) -0.513071895<x16>[B] (+1) +0.513071895<x17>[B] (+1) -0.513071895<x18>[B] (+1) +0.513071895<x19>[B] (+1) -0.513071895<x20>[B] (+0) -0.513071895<x21>[B] (+0) -0.513071895<x22>[B] (+1) -0.513071895<x23>[B] (+1) -0.513071895<x24>[B] (+1) +0.513071895<x25>[B] (+1) +0.513071895<x26>[B] (+1) -0.513071895<x27>[B] (+1) -0.513071895<x28>[B] (+1) +0.513071895<x29>[B] (+0) -0.513071895<x30>[B] (+1) +0.513071895<x31>[B] (+1) -0.513071895<x32>[B] (+1) -0.513071895<x33>[B] (+1) +0.513071895<x34>[B] (+1) +0.513071895<x35>[B] (+0) +0.513071895<x36>[B] (+0) +0.513071895<x37>[B] (+0) +0.513071895<x38>[B] (+0) +0.513071895<x39>[B] (+1) +0.513071895<x40>[B] (+1) +0.513071895<x41>[B] (+1) +0.513071895<x42>[B] (+0) -0.513071895<x43>[B] (+1) +0.513071895<x44>[B] (+0) +0.513071895<x45>[B] (+1) +0.513071895<x46>[B] (+0) +0.513071895<x47>[B] (+1) +0.513071895<x48>[B] (+0) -0.513071895<x49>[B] (+0) -0.513071895<x50>[B] (+0) -0.513071895<x51>[B] (+0) -0.513071895<x52>[B] (+0) -0.513071895<x53>[B] (+0) +0.513071895<x54>[B] (+1) +0.513071895<x55>[B] (+0) -0.513071895<x56>[B] (+0) -0.513071895<x57>[B] (+0) +0.513071895<x58>[B] (+0) -0.513071895<x59>[B] (+1) +0.513071895<x60>[B] (+0) -0.513071895<x61>[B] (+1) -0.513071895<x62>[B] (+0) +0.513071895<x63>[B] (+1) +0.513071895<x64>[B] (+1) +0.513071895<x65>[B] (+1) +0.513071895<x66>[B] (+1) +0.513071895<x67>[B] (+1) +0.513071895<x68>[B] (+1) +0.513071895<x69>[B] (+1) -0.513071895<x70>[B] (+1) +0.513071895<x71>[B] (+0) +0.513071895<x72>[B] (+1) +0.513071895<x73>[B] (+1) +0.513071895<x74>[B] (+1) +0.513071895<x75>[B] (+1) +0.513071895<x76>[B] (+1) -0.513071895<x77>[B] (+1) -0.513071895<x78>[B] (+1) +0.513071895<x79>[B] (+1) +0.513071895<x80>[B] (+1) +0.513071895<x81>[B] (+1) -0.513071895<x82>[B] (+1) +0.513071895<x83>[B] (+0) +0.513071895<x84>[B] (+1) +0.513071895<x85>[B] (+1) -0.513071895<x86>[B] (+1) +0.513071895<x87>[B] (+1) -0.513071895<x88>[B] (+1) -0.513071895<x89>[B] (+1) +0.513071895<x90>[B] (+1) +0.513071895<x91>[B] (+1) +0.513071895<x92>[B] (+0) -0.513071895<x93>[B] (+1) +0.513071895<x94>[B] (+0) +0.513071895<x95>[B] (+1) +0.513071895<x96>[B] (+1) -0.513071895<x97>[B] (+1) -0.513071895<x98>[B] (+1) +0.513071895<x99>[B] (+1) +0.513071895<x100>[B] (+1) +0.513071895<x101>[B] (+1) +0.513071895<x102>[B] (+0) -0.513071895<x103>[B] (+1) +0.513071895<x104>[B] (+0) +0.513071895<x105>[B] (+1) +0.513071895<x106>[B] (+0) +0.513071895<x107>[B] (+1) +0.513071895<x108>[B] (+0) +0.513071895<x109>[B] (+1) +0.513071895<x110>[B] (+0) +0.513071895<x111>[B] (+0) -0.513071895<x112>[B] (+0) +0.513071895<x113>[B] (+0) +0.513071895<x114>[B] (+1) +0.513071895<x115>[B] (+0) +0.513071895<x116>[B] (+1) +0.513071895<x117>[B] (+0) -0.513071895<x118>[B] (+0) -0.513071895<x119>[B] (+0) -0.513071895<x120>[B] (+0) -0.513071895<x121>[B] (+0) -0.513071895<x122>[B] (+0) -0.513071895<x123>[B] (+0) -0.513071895<x124>[B] (+1) -0.513071895<x125>[B] (+0) -0.513071895<x126>[B] (+0) -0.513071895<x127>[B] (+0) -0.513071895<x128>[B] (+0) -0.513071895<x129>[B] (+1) +0.513071895<x130>[B] (+0) -0.513071895<x131>[B] (+1) -0.513071895<x132>[B] (+0) -0.513071895<x133>[B] (+1) +0.513071895<x134>[B] (+0) +0.513071895<x135>[B] (+1) +0.513071895<x136>[B] (+1) -0.513071895<x137>[B] (+1) -0.513071895<x138>[B] (+1) +0.513071895<x139>[B] (+0) +0.513071895<x140>[B] (+1) +0.513071895<x141>[B] (+0) +0.513071895<x142>[B] (+1) +0.513071895<x143>[B] (+0) -0.513071895<x144>[B] (+1) +0.513071895<x145>[B] (+1) -0.513071895<x146>[B] (+1) -0.513071895<x147>[B] (+1) +0.513071895<x148>[B] (+0) -0.513071895<x149>[B] (+1) -0.513071895<x150>[B] (+0) -0.513071895<x151>[B] (+1) -0.513071895<x152>[B] (+1) +0.513071895<x153>[B] (+0) >= 25.0130718954248;
;
violation: left hand side is violated by 0.0588235294117645
  [linear] <c1891>: <x163>[C] (+33.9346405) -0.656862745<x1>[B] (+1) -0.656862745<x2>[B] (+1) -0.656862745<x3>[B] (+1) -0.656862745<x4>[B] (+1) -0.656862745<x5>[B] (+1) -0.656862745<x6>[B] (+1) +0.656862745<x7>[B] (+1) +0.656862745<x8>[B] (+1) -0.656862745<x9>[B] (+1) +0.656862745<x10>[B] (+1) -0.656862745<x11>[B] (+1) -0.656862745<x12>[B] (+1) -0.656862745<x13>[B] (+1) -0.656862745<x14>[B] (+1) -0.656862745<x15>[B] (+1) -0.656862745<x16>[B] (+1) +0.656862745<x17>[B] (+1) -0.656862745<x18>[B] (+1) -0.656862745<x19>[B] (+1) -0.656862745<x20>[B] (+1) -0.656862745<x21>[B] (+1) -0.656862745<x22>[B] (+1) +0.656862745<x23>[B] (+1) +0.656862745<x24>[B] (+1) +0.656862745<x25>[B] (+1) +0.656862745<x26>[B] (+1) -0.656862745<x27>[B] (+1) -0.656862745<x28>[B] (+1) -0.656862745<x29>[B] (+0) -0.656862745<x30>[B] (+1) -0.656862745<x31>[B] (+1) -0.656862745<x32>[B] (+1) +0.656862745<x33>[B] (+1) -0.656862745<x34>[B] (+1) -0.656862745<x35>[B] (+0) -0.656862745<x36>[B] (+1) -0.656862745<x37>[B] (+1) +0.656862745<x38>[B] (+1) +0.656862745<x39>[B] (+1) +0.656862745<x40>[B] (+1) +0.656862745<x41>[B] (+1) -0.656862745<x42>[B] (+1) -0.656862745<x43>[B] (+1) -0.656862745<x44>[B] (+0) -0.656862745<x45>[B] (+1) -0.656862745<x46>[B] (+1) -0.656862745<x47>[B] (+1) +0.656862745<x48>[B] (+1) +0.656862745<x49>[B] (+0) +0.656862745<x50>[B] (+0) -0.656862745<x51>[B] (+0) +0.656862745<x52>[B] (+0) +0.656862745<x53>[B] (+0) +0.656862745<x54>[B] (+0) +0.656862745<x55>[B] (+0) +0.656862745<x56>[B] (+0) +0.656862745<x57>[B] (+0) +0.656862745<x58>[B] (+0) -0.656862745<x59>[B] (+0) +0.656862745<x60>[B] (+0) -0.656862745<x61>[B] (+0) +0.656862745<x62>[B] (+0) -0.656862745<x63>[B] (+1) -0.656862745<x64>[B] (+1) +0.656862745<x65>[B] (+1) +0.656862745<x66>[B] (+1) +0.656862745<x67>[B] (+1) +0.656862745<x68>[B] (+1) -0.656862745<x69>[B] (+1) -0.656862745<x70>[B] (+1) -0.656862745<x71>[B] (+0) -0.656862745<x72>[B] (+1) -0.656862745<x73>[B] (+1) -0.656862745<x74>[B] (+1) +0.656862745<x75>[B] (+1) -0.656862745<x76>[B] (+1) +0.656862745<x77>[B] (+0) +0.656862745<x78>[B] (+1) +0.656862745<x79>[B] (+1) +0.656862745<x80>[B] (+1) -0.656862745<x81>[B] (+1) -0.656862745<x82>[B] (+1) +0.656862745<x83>[B] (+0) -0.656862745<x84>[B] (+1) -0.656862745<x85>[B] (+1) -0.656862745<x86>[B] (+1) +0.656862745<x87>[B] (+1) +0.656862745<x88>[B] (+0) +0.656862745<x89>[B] (+0) +0.656862745<x90>[B] (+1) +0.656862745<x91>[B] (+0) +0.656862745<x92>[B] (+0) +0.656862745<x93>[B] (+0) +0.656862745<x94>[B] (+0) -0.656862745<x95>[B] (+0) +0.656862745<x96>[B] (+0) -0.656862745<x97>[B] (+1) +0.656862745<x98>[B] (+0) +0.656862745<x99>[B] (+1) -0.656862745<x100>[B] (+1) +0.656862745<x101>[B] (+1) -0.656862745<x102>[B] (+1) -0.656862745<x103>[B] (+1) -0.656862745<x104>[B] (+0) -0.656862745<x105>[B] (+1) -0.656862745<x106>[B] (+1) -0.656862745<x107>[B] (+1) +0.656862745<x108>[B] (+1) -0.656862745<x109>[B] (+1) -0.656862745<x110>[B] (+1) -0.656862745<x111>[B] (+0) -0.656862745<x112>[B] (+1) -0.656862745<x113>[B] (+0) -0.656862745<x114>[B] (+1) -0.656862745<x115>[B] (+1) -0.656862745<x116>[B] (+1) -0.656862745<x117>[B] (+1) +0.656862745<x118>[B] (+0) -0.656862745<x119>[B] (+0) -0.656862745<x120>[B] (+0) -0.656862745<x121>[B] (+0) -0.656862745<x122>[B] (+0) -0.656862745<x123>[B] (+0) -0.656862745<x124>[B] (+1) +0.656862745<x125>[B] (+0) -0.656862745<x126>[B] (+0) -0.656862745<x127>[B] (+1) -0.656862745<x128>[B] (+0) -0.656862745<x129>[B] (+1) -0.656862745<x130>[B] (+1) -0.656862745<x131>[B] (+1) -0.656862745<x132>[B] (+0) -0.656862745<x133>[B] (+1) +0.656862745<x134>[B] (+0) -0.656862745<x135>[B] (+1) -0.656862745<x136>[B] (+1) -0.656862745<x137>[B] (+1) +0.656862745<x138>[B] (+1) +0.656862745<x139>[B] (+0) -0.656862745<x140>[B] (+0) -0.656862745<x141>[B] (+1) -0.656862745<x142>[B] (+1) +0.656862745<x143>[B] (+0) -0.656862745<x144>[B] (+1) -0.656862745<x145>[B] (+1) -0.656862745<x146>[B] (+1) +0.656862745<x147>[B] (+1) +0.656862745<x148>[B] (+1) +0.656862745<x149>[B] (+1) +0.656862745<x150>[B] (+0) -0.656862745<x151>[B] (+1) +0.656862745<x152>[B] (+0) +0.656862745<x153>[B] (+0) >= 6.40522875816993;
;
violation: left hand side is violated by 0.0588235294117565
  [linear] <c1884>: <x155>[C] (+26.9640523) +0.591503268<x1>[B] (+1) -0.591503268<x2>[B] (+1) -0.591503268<x3>[B] (+1) -0.591503268<x4>[B] (+1) +0.591503268<x5>[B] (+1) -0.591503268<x6>[B] (+1) +0.591503268<x7>[B] (+1) -0.591503268<x8>[B] (+1) -0.591503268<x9>[B] (+1) -0.591503268<x10>[B] (+1) -0.591503268<x11>[B] (+1) -0.591503268<x12>[B] (+1) -0.591503268<x13>[B] (+0) -0.591503268<x14>[B] (+1) -0.591503268<x15>[B] (+1) +0.591503268<x16>[B] (+1) -0.591503268<x17>[B] (+1) -0.591503268<x18>[B] (+1) -0.591503268<x19>[B] (+1) -0.591503268<x20>[B] (+1) -0.591503268<x21>[B] (+0) -0.591503268<x22>[B] (+1) +0.591503268<x23>[B] (+1) -0.591503268<x24>[B] (+1) -0.591503268<x25>[B] (+1) -0.591503268<x26>[B] (+1) -0.591503268<x27>[B] (+1) -0.591503268<x28>[B] (+1) -0.591503268<x29>[B] (+0) -0.591503268<x30>[B] (+1) -0.591503268<x31>[B] (+1) -0.591503268<x32>[B] (+1) -0.591503268<x33>[B] (+1) +0.591503268<x34>[B] (+1) +0.591503268<x35>[B] (+0) +0.591503268<x36>[B] (+0) +0.591503268<x37>[B] (+0) +0.591503268<x38>[B] (+0) +0.591503268<x39>[B] (+1) +0.591503268<x40>[B] (+0) +0.591503268<x41>[B] (+0) -0.591503268<x42>[B] (+0) +0.591503268<x43>[B] (+1) +0.591503268<x44>[B] (+0) +0.591503268<x45>[B] (+0) +0.591503268<x46>[B] (+1) +0.591503268<x47>[B] (+1) +0.591503268<x48>[B] (+0) -0.591503268<x49>[B] (+0) +0.591503268<x50>[B] (+0) -0.591503268<x51>[B] (+0) +0.591503268<x52>[B] (+0) -0.591503268<x53>[B] (+0) -0.591503268<x54>[B] (+0) -0.591503268<x55>[B] (+0) -0.591503268<x56>[B] (+0) -0.591503268<x57>[B] (+0) -0.591503268<x58>[B] (+0) -0.591503268<x59>[B] (+0) -0.591503268<x60>[B] (+0) +0.591503268<x61>[B] (+0) -0.591503268<x62>[B] (+0) +0.591503268<x63>[B] (+0) +0.591503268<x64>[B] (+1) +0.591503268<x65>[B] (+0) +0.591503268<x66>[B] (+1) +0.591503268<x67>[B] (+1) +0.591503268<x68>[B] (+1) -0.591503268<x69>[B] (+1) -0.591503268<x70>[B] (+1) +0.591503268<x71>[B] (+0) +0.591503268<x72>[B] (+1) -0.591503268<x73>[B] (+1) +0.591503268<x74>[B] (+1) +0.591503268<x75>[B] (+1) -0.591503268<x76>[B] (+1) +0.591503268<x77>[B] (+1) -0.591503268<x78>[B] (+1) -0.591503268<x79>[B] (+1) -0.591503268<x80>[B] (+1) -0.591503268<x81>[B] (+1) -0.591503268<x82>[B] (+1) -0.591503268<x83>[B] (+0) -0.591503268<x84>[B] (+1) -0.591503268<x85>[B] (+1) -0.591503268<x86>[B] (+1) -0.591503268<x87>[B] (+1) +0.591503268<x88>[B] (+0) +0.591503268<x89>[B] (+1) -0.591503268<x90>[B] (+1) +0.591503268<x91>[B] (+0) -0.591503268<x92>[B] (+0) -0.591503268<x93>[B] (+1) -0.591503268<x94>[B] (+0) +0.591503268<x95>[B] (+0) -0.591503268<x96>[B] (+1) +0.591503268<x97>[B] (+1) -0.591503268<x98>[B] (+1) -0.591503268<x99>[B] (+1) -0.591503268<x100>[B] (+1) -0.591503268<x101>[B] (+1) -0.591503268<x102>[B] (+1) -0.591503268<x103>[B] (+1) -0.591503268<x104>[B] (+0) -0.591503268<x105>[B] (+1) -0.591503268<x106>[B] (+1) -0.591503268<x107>[B] (+1) -0.591503268<x108>[B] (+1) -0.591503268<x109>[B] (+0) +0.591503268<x110>[B] (+0) -0.591503268<x111>[B] (+0) -0.591503268<x112>[B] (+1) -0.591503268<x113>[B] (+0) +0.591503268<x114>[B] (+0) -0.591503268<x115>[B] (+1) +0.591503268<x116>[B] (+1) -0.591503268<x117>[B] (+0) +0.591503268<x118>[B] (+0) -0.591503268<x119>[B] (+0) -0.591503268<x120>[B] (+1) +0.591503268<x121>[B] (+0) +0.591503268<x122>[B] (+0) -0.591503268<x123>[B] (+1) +0.591503268<x124>[B] (+1) -0.591503268<x125>[B] (+0) -0.591503268<x126>[B] (+0) -0.591503268<x127>[B] (+1) -0.591503268<x128>[B] (+0) -0.591503268<x129>[B] (+0) -0.591503268<x130>[B] (+1) +0.591503268<x131>[B] (+1) -0.591503268<x132>[B] (+1) +0.591503268<x133>[B] (+1) +0.591503268<x134>[B] (+0) +0.591503268<x135>[B] (+1) +0.591503268<x136>[B] (+1) +0.591503268<x137>[B] (+1) +0.591503268<x138>[B] (+1) +0.591503268<x139>[B] (+0) +0.591503268<x140>[B] (+0) +0.591503268<x141>[B] (+0) +0.591503268<x142>[B] (+1) +0.591503268<x143>[B] (+0) +0.591503268<x144>[B] (+1) -0.591503268<x145>[B] (+1) +0.591503268<x146>[B] (+1) -0.591503268<x147>[B] (+1) -0.591503268<x148>[B] (+1) +0.591503268<x149>[B] (+1) -0.591503268<x150>[B] (+1) +0.591503268<x151>[B] (+1) +0.591503268<x152>[B] (+0) -0.591503268<x153>[B] (+0) >= 9.90849673202614;
;
violation: left hand side is violated by 0.0980392156862635
  [linear] <c1890>: <x161>[C] (+35.7941176) -0.663398693<x1>[B] (+1) +0.663398693<x2>[B] (+1) -0.663398693<x3>[B] (+1) +0.663398693<x4>[B] (+1) +0.663398693<x5>[B] (+1) -0.663398693<x6>[B] (+1) -0.663398693<x7>[B] (+1) +0.663398693<x8>[B] (+1) +0.663398693<x9>[B] (+1) -0.663398693<x10>[B] (+1) +0.663398693<x11>[B] (+1) +0.663398693<x12>[B] (+1) +0.663398693<x13>[B] (+1) +0.663398693<x14>[B] (+1) +0.663398693<x15>[B] (+1) +0.663398693<x16>[B] (+1) +0.663398693<x17>[B] (+1) +0.663398693<x18>[B] (+1) +0.663398693<x19>[B] (+1) +0.663398693<x20>[B] (+0) +0.663398693<x21>[B] (+0) -0.663398693<x22>[B] (+1) -0.663398693<x23>[B] (+1) +0.663398693<x24>[B] (+1) +0.663398693<x25>[B] (+1) -0.663398693<x26>[B] (+1) +0.663398693<x27>[B] (+1) +0.663398693<x28>[B] (+1) +0.663398693<x29>[B] (+0) +0.663398693<x30>[B] (+1) +0.663398693<x31>[B] (+1) +0.663398693<x32>[B] (+1) +0.663398693<x33>[B] (+1) -0.663398693<x34>[B] (+1) +0.663398693<x35>[B] (+0) +0.663398693<x36>[B] (+0) -0.663398693<x37>[B] (+1) -0.663398693<x38>[B] (+0) +0.663398693<x39>[B] (+1) +0.663398693<x40>[B] (+1) -0.663398693<x41>[B] (+1) +0.663398693<x42>[B] (+0) +0.663398693<x43>[B] (+1) +0.663398693<x44>[B] (+0) +0.663398693<x45>[B] (+0) +0.663398693<x46>[B] (+1) -0.663398693<x47>[B] (+1) +0.663398693<x48>[B] (+0) +0.663398693<x49>[B] (+0) +0.663398693<x50>[B] (+0) -0.663398693<x51>[B] (+0) -0.663398693<x52>[B] (+0) +0.663398693<x53>[B] (+0) +0.663398693<x54>[B] (+0) -0.663398693<x55>[B] (+0) +0.663398693<x56>[B] (+0) +0.663398693<x57>[B] (+0) +0.663398693<x58>[B] (+0) +0.663398693<x59>[B] (+0) +0.663398693<x60>[B] (+0) +0.663398693<x61>[B] (+0) +0.663398693<x62>[B] (+0) -0.663398693<x63>[B] (+0) -0.663398693<x64>[B] (+1) -0.663398693<x65>[B] (+1) -0.663398693<x66>[B] (+1) -0.663398693<x67>[B] (+1) -0.663398693<x68>[B] (+1) -0.663398693<x69>[B] (+1) -0.663398693<x70>[B] (+1) -0.663398693<x71>[B] (+0) -0.663398693<x72>[B] (+1) -0.663398693<x73>[B] (+1) -0.663398693<x74>[B] (+1) -0.663398693<x75>[B] (+1) -0.663398693<x76>[B] (+1) -0.663398693<x77>[B] (+1) -0.663398693<x78>[B] (+1) -0.663398693<x79>[B] (+1) -0.663398693<x80>[B] (+1) -0.663398693<x81>[B] (+1) -0.663398693<x82>[B] (+1) +0.663398693<x83>[B] (+0) -0.663398693<x84>[B] (+1) -0.663398693<x85>[B] (+1) -0.663398693<x86>[B] (+1) -0.663398693<x87>[B] (+1) +0.663398693<x88>[B] (+0) +0.663398693<x89>[B] (+0) +0.663398693<x90>[B] (+0) -0.663398693<x91>[B] (+0) +0.663398693<x92>[B] (+0) +0.663398693<x93>[B] (+0) +0.663398693<x94>[B] (+0) +0.663398693<x95>[B] (+0) +0.663398693<x96>[B] (+0) +0.663398693<x97>[B] (+1) +0.663398693<x98>[B] (+0) +0.663398693<x99>[B] (+1) +0.663398693<x100>[B] (+1) -0.663398693<x101>[B] (+1) +0.663398693<x102>[B] (+0) +0.663398693<x103>[B] (+1) +0.663398693<x104>[B] (+0) +0.663398693<x105>[B] (+1) +0.663398693<x106>[B] (+1) +0.663398693<x107>[B] (+1) +0.663398693<x108>[B] (+1) -0.663398693<x109>[B] (+1) -0.663398693<x110>[B] (+1) +0.663398693<x111>[B] (+0) -0.663398693<x112>[B] (+1) +0.663398693<x113>[B] (+0) +0.663398693<x114>[B] (+0) -0.663398693<x115>[B] (+1) -0.663398693<x116>[B] (+1) -0.663398693<x117>[B] (+0) -0.663398693<x118>[B] (+0) +0.663398693<x119>[B] (+0) -0.663398693<x120>[B] (+0) +0.663398693<x121>[B] (+0) +0.663398693<x122>[B] (+0) +0.663398693<x123>[B] (+0) -0.663398693<x124>[B] (+1) +0.663398693<x125>[B] (+0) +0.663398693<x126>[B] (+0) +0.663398693<x127>[B] (+1) +0.663398693<x128>[B] (+0) +0.663398693<x129>[B] (+0) +0.663398693<x130>[B] (+1) +0.663398693<x131>[B] (+1) +0.663398693<x132>[B] (+0) -0.663398693<x133>[B] (+1) +0.663398693<x134>[B] (+0) +0.663398693<x135>[B] (+1) -0.663398693<x136>[B] (+1) -0.663398693<x137>[B] (+1) -0.663398693<x138>[B] (+1) +0.663398693<x139>[B] (+0) +0.663398693<x140>[B] (+0) +0.663398693<x141>[B] (+0) -0.663398693<x142>[B] (+1) +0.663398693<x143>[B] (+0) -0.663398693<x144>[B] (+1) -0.663398693<x145>[B] (+1) -0.663398693<x146>[B] (+1) -0.663398693<x147>[B] (+1) -0.663398693<x148>[B] (+1) -0.663398693<x149>[B] (+1) -0.663398693<x150>[B] (+1) -0.663398693<x151>[B] (+1) +0.663398693<x152>[B] (+0) +0.663398693<x153>[B] (+0) >= 25.375816993464;
;
violation: left hand side is violated by 0.196078431372552
  [linear] <c1905>: <x180>[C] (+36.6993464) -0.689542484<x1>[B] (+1) -0.689542484<x2>[B] (+1) -0.689542484<x3>[B] (+1) -0.689542484<x4>[B] (+1) -0.689542484<x5>[B] (+1) -0.689542484<x6>[B] (+1) -0.689542484<x7>[B] (+1) -0.689542484<x8>[B] (+1) -0.689542484<x9>[B] (+1) -0.689542484<x10>[B] (+1) -0.689542484<x11>[B] (+1) -0.689542484<x12>[B] (+1) -0.689542484<x13>[B] (+1) -0.689542484<x14>[B] (+1) -0.689542484<x15>[B] (+1) -0.689542484<x16>[B] (+1) -0.689542484<x17>[B] (+1) +0.689542484<x18>[B] (+1) +0.689542484<x19>[B] (+1) +0.689542484<x20>[B] (+1) +0.689542484<x21>[B] (+1) +0.689542484<x22>[B] (+1) +0.689542484<x23>[B] (+1) +0.689542484<x24>[B] (+1) +0.689542484<x25>[B] (+1) +0.689542484<x26>[B] (+1) +0.689542484<x27>[B] (+1) +0.689542484<x28>[B] (+1) +0.689542484<x29>[B] (+0) +0.689542484<x30>[B] (+1) -0.689542484<x31>[B] (+1) +0.689542484<x32>[B] (+1) +0.689542484<x33>[B] (+1) -0.689542484<x34>[B] (+1) -0.689542484<x35>[B] (+0) +0.689542484<x36>[B] (+0) -0.689542484<x37>[B] (+1) +0.689542484<x38>[B] (+1) -0.689542484<x39>[B] (+1) -0.689542484<x40>[B] (+1) -0.689542484<x41>[B] (+1) -0.689542484<x42>[B] (+0) -0.689542484<x43>[B] (+1) +0.689542484<x44>[B] (+0) -0.689542484<x45>[B] (+1) -0.689542484<x46>[B] (+1) -0.689542484<x47>[B] (+1) -0.689542484<x48>[B] (+1) -0.689542484<x49>[B] (+0) +0.689542484<x50>[B] (+0) -0.689542484<x51>[B] (+0) +0.689542484<x52>[B] (+0) +0.689542484<x53>[B] (+0) -0.689542484<x54>[B] (+0) +0.689542484<x55>[B] (+0) +0.689542484<x56>[B] (+0) -0.689542484<x57>[B] (+0) +0.689542484<x58>[B] (+0) +0.689542484<x59>[B] (+0) -0.689542484<x60>[B] (+0) +0.689542484<x61>[B] (+0) +0.689542484<x62>[B] (+0) +0.689542484<x63>[B] (+0) -0.689542484<x64>[B] (+1) +0.689542484<x65>[B] (+1) +0.689542484<x66>[B] (+1) +0.689542484<x67>[B] (+1) +0.689542484<x68>[B] (+1) +0.689542484<x69>[B] (+1) +0.689542484<x70>[B] (+1) +0.689542484<x71>[B] (+0) +0.689542484<x72>[B] (+1) -0.689542484<x73>[B] (+1) +0.689542484<x74>[B] (+1) +0.689542484<x75>[B] (+1) -0.689542484<x76>[B] (+1) +0.689542484<x77>[B] (+1) -0.689542484<x78>[B] (+1) -0.689542484<x79>[B] (+1) -0.689542484<x80>[B] (+1) -0.689542484<x81>[B] (+1) -0.689542484<x82>[B] (+1) +0.689542484<x83>[B] (+0) -0.689542484<x84>[B] (+1) -0.689542484<x85>[B] (+1) -0.689542484<x86>[B] (+1) -0.689542484<x87>[B] (+1) +0.689542484<x88>[B] (+0) +0.689542484<x89>[B] (+1) +0.689542484<x90>[B] (+1) +0.689542484<x91>[B] (+0) +0.689542484<x92>[B] (+0) +0.689542484<x93>[B] (+1) +0.689542484<x94>[B] (+0) +0.689542484<x95>[B] (+1) -0.689542484<x96>[B] (+1) +0.689542484<x97>[B] (+1) +0.689542484<x98>[B] (+1) -0.689542484<x99>[B] (+1) -0.689542484<x100>[B] (+1) -0.689542484<x101>[B] (+1) -0.689542484<x102>[B] (+0) -0.689542484<x103>[B] (+1) +0.689542484<x104>[B] (+0) -0.689542484<x105>[B] (+1) -0.689542484<x106>[B] (+1) -0.689542484<x107>[B] (+1) -0.689542484<x108>[B] (+1) -0.689542484<x109>[B] (+1) +0.689542484<x110>[B] (+0) +0.689542484<x111>[B] (+0) -0.689542484<x112>[B] (+1) +0.689542484<x113>[B] (+0) +0.689542484<x114>[B] (+0) -0.689542484<x115>[B] (+0) -0.689542484<x116>[B] (+1) +0.689542484<x117>[B] (+0) +0.689542484<x118>[B] (+0) +0.689542484<x119>[B] (+0) +0.689542484<x120>[B] (+0) +0.689542484<x121>[B] (+0) +0.689542484<x122>[B] (+0) -0.689542484<x123>[B] (+0) +0.689542484<x124>[B] (+1) +0.689542484<x125>[B] (+0) +0.689542484<x126>[B] (+0) -0.689542484<x127>[B] (+1) +0.689542484<x128>[B] (+0) -0.689542484<x129>[B] (+1) -0.689542484<x130>[B] (+1) -0.689542484<x131>[B] (+1) +0.689542484<x132>[B] (+1) -0.689542484<x133>[B] (+1) +0.689542484<x134>[B] (+0) -0.689542484<x135>[B] (+1) -0.689542484<x136>[B] (+1) -0.689542484<x137>[B] (+1) -0.689542484<x138>[B] (+1) +0.689542484<x139>[B] (+0) +0.689542484<x140>[B] (+0) -0.689542484<x141>[B] (+0) +0.689542484<x142>[B] (+1) +0.689542484<x143>[B] (+0) -0.689542484<x144>[B] (+1) -0.689542484<x145>[B] (+1) -0.689542484<x146>[B] (+1) -0.689542484<x147>[B] (+1) -0.689542484<x148>[B] (+1) -0.689542484<x149>[B] (+1) +0.689542484<x150>[B] (+1) +0.689542484<x151>[B] (+1) +0.689542484<x152>[B] (+0) +0.689542484<x153>[B] (+0) >= 15.343137254902;
;
violation: left hand side is violated by 0.0196078431372619
  [linear] <c1886>: <x157>[C] (+15.9738562) -0.454248366<x1>[B] (+1) -0.454248366<x2>[B] (+1) +0.454248366<x3>[B] (+1) -0.454248366<x4>[B] (+1) +0.454248366<x5>[B] (+1) +0.454248366<x6>[B] (+1) -0.454248366<x7>[B] (+1) +0.454248366<x8>[B] (+1) +0.454248366<x9>[B] (+1) -0.454248366<x10>[B] (+1) +0.454248366<x11>[B] (+1) +0.454248366<x12>[B] (+1) +0.454248366<x13>[B] (+0) +0.454248366<x14>[B] (+1) -0.454248366<x15>[B] (+1) -0.454248366<x16>[B] (+1) -0.454248366<x17>[B] (+1) -0.454248366<x18>[B] (+1) +0.454248366<x19>[B] (+1) +0.454248366<x20>[B] (+0) +0.454248366<x21>[B] (+1) +0.454248366<x22>[B] (+1) +0.454248366<x23>[B] (+1) +0.454248366<x24>[B] (+1) +0.454248366<x25>[B] (+1) +0.454248366<x26>[B] (+1) +0.454248366<x27>[B] (+1) +0.454248366<x28>[B] (+1) +0.454248366<x29>[B] (+0) +0.454248366<x30>[B] (+1) +0.454248366<x31>[B] (+1) +0.454248366<x32>[B] (+1) +0.454248366<x33>[B] (+1) +0.454248366<x34>[B] (+1) +0.454248366<x35>[B] (+0) +0.454248366<x36>[B] (+0) +0.454248366<x37>[B] (+1) +0.454248366<x38>[B] (+1) +0.454248366<x39>[B] (+1) +0.454248366<x40>[B] (+1) +0.454248366<x41>[B] (+1) +0.454248366<x42>[B] (+0) +0.454248366<x43>[B] (+1) +0.454248366<x44>[B] (+0) +0.454248366<x45>[B] (+1) +0.454248366<x46>[B] (+1) +0.454248366<x47>[B] (+1) +0.454248366<x48>[B] (+1) -0.454248366<x49>[B] (+0) +0.454248366<x50>[B] (+0) +0.454248366<x51>[B] (+0) -0.454248366<x52>[B] (+0) +0.454248366<x53>[B] (+0) -0.454248366<x54>[B] (+0) -0.454248366<x55>[B] (+0) +0.454248366<x56>[B] (+0) +0.454248366<x57>[B] (+0) -0.454248366<x58>[B] (+0) -0.454248366<x59>[B] (+0) -0.454248366<x60>[B] (+0) -0.454248366<x61>[B] (+0) -0.454248366<x62>[B] (+0) +0.454248366<x63>[B] (+1) +0.454248366<x64>[B] (+1) +0.454248366<x65>[B] (+1) +0.454248366<x66>[B] (+1) +0.454248366<x67>[B] (+1) +0.454248366<x68>[B] (+1) +0.454248366<x69>[B] (+1) +0.454248366<x70>[B] (+1) +0.454248366<x71>[B] (+0) +0.454248366<x72>[B] (+1) -0.454248366<x73>[B] (+1) +0.454248366<x74>[B] (+1) +0.454248366<x75>[B] (+1) +0.454248366<x76>[B] (+1) -0.454248366<x77>[B] (+1) +0.454248366<x78>[B] (+1) -0.454248366<x79>[B] (+1) -0.454248366<x80>[B] (+1) +0.454248366<x81>[B] (+0) -0.454248366<x82>[B] (+1) -0.454248366<x83>[B] (+0) -0.454248366<x84>[B] (+1) -0.454248366<x85>[B] (+1) -0.454248366<x86>[B] (+1) -0.454248366<x87>[B] (+1) -0.454248366<x88>[B] (+0) +0.454248366<x89>[B] (+1) -0.454248366<x90>[B] (+1) -0.454248366<x91>[B] (+1) -0.454248366<x92>[B] (+0) -0.454248366<x93>[B] (+1) -0.454248366<x94>[B] (+0) -0.454248366<x95>[B] (+1) -0.454248366<x96>[B] (+1) -0.454248366<x97>[B] (+1) -0.454248366<x98>[B] (+1) +0.454248366<x99>[B] (+1) +0.454248366<x100>[B] (+1) -0.454248366<x101>[B] (+1) +0.454248366<x102>[B] (+0) +0.454248366<x103>[B] (+1) +0.454248366<x104>[B] (+0) +0.454248366<x105>[B] (+1) -0.454248366<x106>[B] (+1) -0.454248366<x107>[B] (+1) -0.454248366<x108>[B] (+1) -0.454248366<x109>[B] (+1) -0.454248366<x110>[B] (+0) -0.454248366<x111>[B] (+0) -0.454248366<x112>[B] (+1) -0.454248366<x113>[B] (+0) -0.454248366<x114>[B] (+1) -0.454248366<x115>[B] (+1) -0.454248366<x116>[B] (+1) -0.454248366<x117>[B] (+1) -0.454248366<x118>[B] (+0) +0.454248366<x119>[B] (+0) +0.454248366<x120>[B] (+0) +0.454248366<x121>[B] (+0) +0.454248366<x122>[B] (+0) -0.454248366<x123>[B] (+0) -0.454248366<x124>[B] (+1) -0.454248366<x125>[B] (+0) +0.454248366<x126>[B] (+0) +0.454248366<x127>[B] (+1) +0.454248366<x128>[B] (+0) +0.454248366<x129>[B] (+1) -0.454248366<x130>[B] (+1) +0.454248366<x131>[B] (+1) +0.454248366<x132>[B] (+1) -0.454248366<x133>[B] (+1) -0.454248366<x134>[B] (+0) -0.454248366<x135>[B] (+1) -0.454248366<x136>[B] (+1) -0.454248366<x137>[B] (+1) -0.454248366<x138>[B] (+1) -0.454248366<x139>[B] (+0) -0.454248366<x140>[B] (+0) -0.454248366<x141>[B] (+0) -0.454248366<x142>[B] (+1) -0.454248366<x143>[B] (+0) +0.454248366<x144>[B] (+1) -0.454248366<x145>[B] (+1) -0.454248366<x146>[B] (+1) -0.454248366<x147>[B] (+1) -0.454248366<x148>[B] (+0) -0.454248366<x149>[B] (+1) -0.454248366<x150>[B] (+0) +0.454248366<x151>[B] (+1) +0.454248366<x152>[B] (+0) -0.454248366<x153>[B] (+0) >= 20.1013071895425;
;
violation: left hand side is violated by 0.0392156862744919
  [linear] <c1886>: <x157>[C] (+16.8431373) -0.454248366<x1>[B] (+1) -0.454248366<x2>[B] (+1) +0.454248366<x3>[B] (+1) -0.454248366<x4>[B] (+1) +0.454248366<x5>[B] (+1) +0.454248366<x6>[B] (+1) -0.454248366<x7>[B] (+1) +0.454248366<x8>[B] (+1) +0.454248366<x9>[B] (+1) -0.454248366<x10>[B] (+1) +0.454248366<x11>[B] (+1) +0.454248366<x12>[B] (+1) +0.454248366<x13>[B] (+1) +0.454248366<x14>[B] (+1) -0.454248366<x15>[B] (+1) -0.454248366<x16>[B] (+1) -0.454248366<x17>[B] (+1) -0.454248366<x18>[B] (+1) +0.454248366<x19>[B] (+1) +0.454248366<x20>[B] (+1) +0.454248366<x21>[B] (+1) +0.454248366<x22>[B] (+1) +0.454248366<x23>[B] (+1) +0.454248366<x24>[B] (+1) +0.454248366<x25>[B] (+1) +0.454248366<x26>[B] (+1) +0.454248366<x27>[B] (+1) +0.454248366<x28>[B] (+1) +0.454248366<x29>[B] (+0) +0.454248366<x30>[B] (+1) +0.454248366<x31>[B] (+1) +0.454248366<x32>[B] (+1) +0.454248366<x33>[B] (+1) +0.454248366<x34>[B] (+1) +0.454248366<x35>[B] (+0) +0.454248366<x36>[B] (+0) +0.454248366<x37>[B] (+0) +0.454248366<x38>[B] (+1) +0.454248366<x39>[B] (+1) +0.454248366<x40>[B] (+1) +0.454248366<x41>[B] (+1) +0.454248366<x42>[B] (+0) +0.454248366<x43>[B] (+1) +0.454248366<x44>[B] (+0) +0.454248366<x45>[B] (+1) +0.454248366<x46>[B] (+1) +0.454248366<x47>[B] (+1) +0.454248366<x48>[B] (+1) -0.454248366<x49>[B] (+0) +0.454248366<x50>[B] (+0) +0.454248366<x51>[B] (+0) -0.454248366<x52>[B] (+0) +0.454248366<x53>[B] (+0) -0.454248366<x54>[B] (+0) -0.454248366<x55>[B] (+0) +0.454248366<x56>[B] (+0) +0.454248366<x57>[B] (+0) -0.454248366<x58>[B] (+0) -0.454248366<x59>[B] (+0) -0.454248366<x60>[B] (+0) -0.454248366<x61>[B] (+1) -0.454248366<x62>[B] (+0) +0.454248366<x63>[B] (+1) +0.454248366<x64>[B] (+1) +0.454248366<x65>[B] (+1) +0.454248366<x66>[B] (+1) +0.454248366<x67>[B] (+1) +0.454248366<x68>[B] (+1) +0.454248366<x69>[B] (+0) +0.454248366<x70>[B] (+1) +0.454248366<x71>[B] (+0) +0.454248366<x72>[B] (+1) -0.454248366<x73>[B] (+1) +0.454248366<x74>[B] (+1) +0.454248366<x75>[B] (+1) +0.454248366<x76>[B] (+1) -0.454248366<x77>[B] (+1) +0.454248366<x78>[B] (+1) -0.454248366<x79>[B] (+1) -0.454248366<x80>[B] (+1) +0.454248366<x81>[B] (+0) -0.454248366<x82>[B] (+1) -0.454248366<x83>[B] (+0) -0.454248366<x84>[B] (+1) -0.454248366<x85>[B] (+1) -0.454248366<x86>[B] (+1) -0.454248366<x87>[B] (+1) -0.454248366<x88>[B] (+1) +0.454248366<x89>[B] (+1) -0.454248366<x90>[B] (+1) -0.454248366<x91>[B] (+1) -0.454248366<x92>[B] (+0) -0.454248366<x93>[B] (+1) -0.454248366<x94>[B] (+0) -0.454248366<x95>[B] (+1) -0.454248366<x96>[B] (+1) -0.454248366<x97>[B] (+1) -0.454248366<x98>[B] (+1) +0.454248366<x99>[B] (+1) +0.454248366<x100>[B] (+1) -0.454248366<x101>[B] (+1) +0.454248366<x102>[B] (+0) +0.454248366<x103>[B] (+1) +0.454248366<x104>[B] (+0) +0.454248366<x105>[B] (+1) -0.454248366<x106>[B] (+1) -0.454248366<x107>[B] (+1) -0.454248366<x108>[B] (+1) -0.454248366<x109>[B] (+1) -0.454248366<x110>[B] (+0) -0.454248366<x111>[B] (+0) -0.454248366<x112>[B] (+1) -0.454248366<x113>[B] (+0) -0.454248366<x114>[B] (+0) -0.454248366<x115>[B] (+1) -0.454248366<x116>[B] (+1) -0.454248366<x117>[B] (+0) -0.454248366<x118>[B] (+0) +0.454248366<x119>[B] (+0) +0.454248366<x120>[B] (+1) +0.454248366<x121>[B] (+0) +0.454248366<x122>[B] (+0) -0.454248366<x123>[B] (+1) -0.454248366<x124>[B] (+1) -0.454248366<x125>[B] (+0) +0.454248366<x126>[B] (+0) +0.454248366<x127>[B] (+1) +0.454248366<x128>[B] (+0) +0.454248366<x129>[B] (+1) -0.454248366<x130>[B] (+1) +0.454248366<x131>[B] (+1) +0.454248366<x132>[B] (+1) -0.454248366<x133>[B] (+1) -0.454248366<x134>[B] (+0) -0.454248366<x135>[B] (+1) -0.454248366<x136>[B] (+1) -0.454248366<x137>[B] (+1) -0.454248366<x138>[B] (+1) -0.454248366<x139>[B] (+0) -0.454248366<x140>[B] (+0) -0.454248366<x141>[B] (+0) -0.454248366<x142>[B] (+1) -0.454248366<x143>[B] (+0) +0.454248366<x144>[B] (+1) -0.454248366<x145>[B] (+1) -0.454248366<x146>[B] (+1) -0.454248366<x147>[B] (+1) -0.454248366<x148>[B] (+1) -0.454248366<x149>[B] (+1) -0.454248366<x150>[B] (+1) +0.454248366<x151>[B] (+1) +0.454248366<x152>[B] (+0) -0.454248366<x153>[B] (+0) >= 20.1013071895425;
;
violation: left hand side is violated by 0.0784313725490406
all 10 solutions given by solution candidate storage are infeasible

feasible solution found by trivial heuristic after 0.0 seconds, objective value -8.999510e+06
presolving:
   (0.0s) symmetry computation started: requiring (bin +, int +, cont +), (fixed: bin -, int -, cont -)
   (0.0s) no symmetry present (symcode time: 0.00)
presolving (0 rounds: 0 fast, 0 medium, 0 exhaustive):
 0 deleted vars, 0 deleted constraints, 0 added constraints, 0 tightened bounds, 0 added holes, 0 changed sides, 0 changed coefficients
 0 implications, 0 cliques, 0 implied integral variables (0 bin, 0 int, 0 cont)
presolved problem has 243 variables (153 bin, 0 int, 90 cont) and 1951 constraints
   1951 constraints of type <linear>
Presolving Time: 0.02
transformed 1/1 original solutions to the transformed problem space

 time | node  | left  |LP iter|LP it/n|mem/heur|mdpt |vars |cons |rows |cuts |sepa|confs|strbr|  dualbound   | primalbound  |  gap   | compl. 
p 0.1s|     1 |     0 |    46 |     - |   locks|   0 | 243 |1951 |1951 |   0 |  0 |   0 |   0 | 8.200000e+02 |-1.651471e+03 |    Inf | unknown
  0.1s|     1 |     0 |   981 |     - |    93M |   0 | 243 |1951 |1951 |   0 |  0 |   0 |   0 |-1.267806e+03 |-1.651471e+03 |  30.26%| unknown
r 0.1s|     1 |     0 |   981 |     - |shifting|   0 | 243 |1951 |1951 |   0 |  0 |   0 |   0 |-1.267806e+03 |-1.460486e+03 |  15.20%| unknown
  0.2s|     1 |     0 |   997 |     - |    93M |   0 | 243 |1951 |1953 |   2 |  1 |   0 |   0 |-1.267966e+03 |-1.460486e+03 |  15.18%| unknown
  0.3s|     1 |     0 |   997 |     - |    93M |   0 | 243 |1951 |1953 |   2 |  1 |   0 |   0 |-1.267966e+03 |-1.460486e+03 |  15.18%| unknown
  0.4s|     1 |     0 |  1032 |     - |    94M |   0 | 243 |1951 |1956 |   5 |  2 |   0 |   0 |-1.268077e+03 |-1.460486e+03 |  15.17%| unknown
  0.5s|     1 |     0 |  1070 |     - |    94M |   0 | 243 |1951 |1959 |   8 |  3 |   0 |   0 |-1.268319e+03 |-1.460486e+03 |  15.15%| unknown
r 0.5s|     1 |     0 |  1070 |     - |shifting|   0 | 243 |1951 |1959 |   8 |  3 |   0 |   0 |-1.268319e+03 |-1.443320e+03 |  13.80%| unknown
  0.6s|     1 |     0 |  1138 |     - |    94M |   0 | 243 |1951 |1962 |  11 |  4 |   0 |   0 |-1.268421e+03 |-1.443320e+03 |  13.79%| unknown
  0.8s|     1 |     0 |  1176 |     - |    94M |   0 | 243 |1951 |1966 |  15 |  5 |   0 |   0 |-1.268445e+03 |-1.443320e+03 |  13.79%| unknown
  0.9s|     1 |     0 |  1214 |     - |    94M |   0 | 243 |1951 |1969 |  18 |  6 |   0 |   0 |-1.268479e+03 |-1.443320e+03 |  13.78%| unknown
r 0.9s|     1 |     0 |  1214 |     - |shifting|   0 | 243 |1951 |1969 |  18 |  6 |   0 |   0 |-1.268479e+03 |-1.426258e+03 |  12.44%| unknown
  1.1s|     1 |     0 |  1259 |     - |    95M |   0 | 243 |1951 |1971 |  20 |  7 |   0 |   0 |-1.268509e+03 |-1.426258e+03 |  12.44%| unknown
  1.2s|     1 |     0 |  1317 |     - |    95M |   0 | 243 |1951 |1973 |  22 |  8 |   0 |   0 |-1.268515e+03 |-1.426258e+03 |  12.44%| unknown
  1.4s|     1 |     0 |  1374 |     - |    95M |   0 | 243 |1951 |1975 |  24 |  9 |   0 |   0 |-1.268536e+03 |-1.426258e+03 |  12.43%| unknown
 time | node  | left  |LP iter|LP it/n|mem/heur|mdpt |vars |cons |rows |cuts |sepa|confs|strbr|  dualbound   | primalbound  |  gap   | compl. 
  1.5s|     1 |     0 |  1433 |     - |    95M |   0 | 243 |1951 |1978 |  27 | 10 |   0 |   0 |-1.268561e+03 |-1.426258e+03 |  12.43%| unknown
  1.6s|     1 |     0 |  1449 |     - |    96M |   0 | 243 |1951 |1981 |  30 | 11 |   0 |   0 |-1.268566e+03 |-1.426258e+03 |  12.43%| unknown
  1.6s|     1 |     0 |  1470 |     - |    96M |   0 | 243 |1951 |1984 |  33 | 12 |   0 |   0 |-1.268573e+03 |-1.426258e+03 |  12.43%| unknown
  1.6s|     1 |     0 |  1477 |     - |    96M |   0 | 243 |1951 |1986 |  35 | 13 |   0 |   0 |-1.268574e+03 |-1.426258e+03 |  12.43%| unknown
r 1.7s|     1 |     0 |  1623 |     - |intshift|   0 | 243 |1952 |1986 |  35 | 13 |   1 |   0 |-1.268574e+03 |-1.309046e+03 |   3.19%| unknown
d 1.8s|     1 |     0 |  2499 |     - |farkasdi|   0 | 243 |1952 |1986 |   0 | 13 |   1 |   0 |-1.268574e+03 |-1.279183e+03 |   0.84%| unknown
L 2.5s|     1 |     0 |  2609 |     - |    rens|   0 | 243 |1957 |1986 |  35 | 13 |   6 |   0 |-1.268574e+03 |-1.275993e+03 |   0.58%| unknown
  2.5s|     1 |     0 |  2609 |     - |    96M |   0 | 243 |1957 |1986 |  35 | 13 |   6 |   0 |-1.268574e+03 |-1.275993e+03 |   0.58%| unknown
  2.5s|     1 |     0 |  2609 |     - |    96M |   0 | 243 |1957 |1858 |  35 | 13 |   6 |   0 |-1.268574e+03 |-1.275993e+03 |   0.58%| unknown
  2.6s|     1 |     0 |  2619 |     - |    96M |   0 | 243 |1957 |1859 |  36 | 14 |   6 |   0 |-1.268577e+03 |-1.275993e+03 |   0.58%| unknown
  2.6s|     1 |     0 |  2627 |     - |    96M |   0 | 243 |1958 |1861 |  38 | 15 |   7 |   0 |-1.268578e+03 |-1.275993e+03 |   0.58%| unknown
(run 1, node 1) restarting after 8 global fixings of integer variables

(restart) converted 38 cuts from the global cut pool into linear constraints

presolving:
presolving (0 rounds: 0 fast, 0 medium, 0 exhaustive):
 0 deleted vars, 0 deleted constraints, 0 added constraints, 0 tightened bounds, 0 added holes, 0 changed sides, 0 changed coefficients
 0 implications, 0 cliques, 0 implied integral variables (0 bin, 0 int, 0 cont)
presolved problem has 243 variables (153 bin, 0 int, 90 cont) and 1869 constraints
   1861 constraints of type <linear>
      8 constraints of type <logicor>
Presolving Time: 0.02
transformed 21/24 original solutions to the transformed problem space

 time | node  | left  |LP iter|LP it/n|mem/heur|mdpt |vars |cons |rows |cuts |sepa|confs|strbr|  dualbound   | primalbound  |  gap   | compl. 
  2.7s|     1 |     0 |  3695 |     - |    98M |   0 | 243 |1869 |1861 |   0 |  0 |   8 |   0 |-1.268578e+03 |-1.275993e+03 |   0.58%| unknown
  2.9s|     1 |     0 |  3760 |     - |    98M |   0 | 243 |1869 |1865 |   4 |  1 |   8 |   0 |-1.268599e+03 |-1.275993e+03 |   0.58%| unknown
  3.1s|     1 |     0 |  3773 |     - |    99M |   0 | 243 |1869 |1867 |   6 |  2 |   8 |   0 |-1.268602e+03 |-1.275993e+03 |   0.58%| unknown
  3.3s|     1 |     0 |  3787 |     - |    99M |   0 | 243 |1869 |1868 |   7 |  3 |   8 |   0 |-1.268609e+03 |-1.275993e+03 |   0.58%| unknown
  3.5s|     1 |     0 |  3818 |     - |    99M |   0 | 243 |1869 |1869 |   8 |  4 |   8 |   0 |-1.268618e+03 |-1.275993e+03 |   0.58%| unknown
  3.7s|     1 |     0 |  3860 |     - |    99M |   0 | 243 |1869 |1870 |   9 |  5 |   8 |   0 |-1.268626e+03 |-1.275993e+03 |   0.58%| unknown
  3.9s|     1 |     0 |  3879 |     - |    99M |   0 | 243 |1869 |1871 |  10 |  6 |   8 |   0 |-1.268626e+03 |-1.275993e+03 |   0.58%| unknown
  4.1s|     1 |     0 |  3955 |     - |   100M |   0 | 243 |1869 |1872 |  11 |  7 |   8 |   0 |-1.268653e+03 |-1.275993e+03 |   0.58%| unknown
  4.3s|     1 |     0 |  4020 |     - |   100M |   0 | 243 |1869 |1875 |  14 |  8 |   8 |   0 |-1.268666e+03 |-1.275993e+03 |   0.58%| unknown
  4.5s|     1 |     0 |  4090 |     - |   101M |   0 | 243 |1869 |1877 |  16 |  9 |   8 |   0 |-1.268673e+03 |-1.275993e+03 |   0.58%| unknown
  4.7s|     1 |     0 |  4123 |     - |   101M |   0 | 243 |1869 |1879 |  18 | 10 |   8 |   0 |-1.268675e+03 |-1.275993e+03 |   0.58%| unknown
  4.7s|     1 |     0 |  4148 |     - |   101M |   0 | 243 |1871 |1881 |  20 | 11 |  10 |   0 |-1.268677e+03 |-1.275993e+03 |   0.58%| unknown
  6.4s|     1 |     2 |  5215 |     - |   101M |   0 | 243 |1877 |1881 |  20 | 11 |  16 |  26 |-1.270022e+03 |-1.275993e+03 |   0.47%| unknown

SCIP Status        : problem is solved [optimal solution found]
Solving Time (sec) : 9.15
Solving Nodes      : 13 (total of 14 nodes in 2 runs)
Primal Bound       : -1.27599346405229e+03 (38 solutions)
Dual Bound         : -1.27599346405229e+03
Gap                : 0.00 %
  [linear] <c1952>: <x154>[C] (+17.375817) +0.473856209<x1>[B] (+1) -0.473856209<x2>[B] (+1) +0.473856209<x3>[B] (+1) -0.473856209<x4>[B] (+1) -0.473856209<x5>[B] (+1) +0.473856209<x6>[B] (+1) -0.473856209<x7>[B] (+1) -0.473856209<x8>[B] (+1) +0.473856209<x9>[B] (+1) +0.473856209<x10>[B] (+1) +0.473856209<x11>[B] (+1) -0.473856209<x12>[B] (+1) +0.473856209<x13>[B] (+1) +0.473856209<x14>[B] (+1) +0.473856209<x15>[B] (+1) -0.473856209<x16>[B] (+1) +0.473856209<x17>[B] (+1) -0.473856209<x18>[B] (+1) +0.473856209<x19>[B] (+1) -0.473856209<x20>[B] (+1) -0.473856209<x21>[B] (+1) -0.473856209<x22>[B] (+1) -0.473856209<x23>[B] (+1) -0.473856209<x24>[B] (+1) +0.473856209<x25>[B] (+1) +0.473856209<x26>[B] (+1) -0.473856209<x27>[B] (+1) -0.473856209<x28>[B] (+1) +0.473856209<x29>[B] (+1) -0.473856209<x30>[B] (+1) +0.473856209<x31>[B] (+1) -0.473856209<x32>[B] (+1) -0.473856209<x33>[B] (+1) +0.473856209<x34>[B] (+1) +0.473856209<x35>[B] (+0) +0.473856209<x36>[B] (+0) +0.473856209<x37>[B] (+1) +0.473856209<x38>[B] (+0) +0.473856209<x39>[B] (+0) +0.473856209<x40>[B] (+1) +0.473856209<x41>[B] (+0) +0.473856209<x42>[B] (+0) -0.473856209<x43>[B] (+1) +0.473856209<x44>[B] (+0) +0.473856209<x45>[B] (+1) +0.473856209<x46>[B] (+0) +0.473856209<x47>[B] (+1) +0.473856209<x48>[B] (+0) -0.473856209<x49>[B] (+0) -0.473856209<x50>[B] (+0) -0.473856209<x51>[B] (+1) -0.473856209<x52>[B] (+0) -0.473856209<x53>[B] (+0) +0.473856209<x54>[B] (+0) +0.473856209<x55>[B] (+0) -0.473856209<x56>[B] (+0) -0.473856209<x57>[B] (+0) +0.473856209<x58>[B] (+0) -0.473856209<x59>[B] (+0) +0.473856209<x60>[B] (+0) -0.473856209<x61>[B] (+1) -0.473856209<x62>[B] (+0) +0.473856209<x63>[B] (+0) +0.473856209<x64>[B] (+1) +0.473856209<x65>[B] (+0) +0.473856209<x66>[B] (+1) +0.473856209<x67>[B] (+1) +0.473856209<x68>[B] (+1) +0.473856209<x69>[B] (+1) -0.473856209<x70>[B] (+1) +0.473856209<x71>[B] (+0) +0.473856209<x72>[B] (+1) +0.473856209<x73>[B] (+1) +0.473856209<x74>[B] (+1) +0.473856209<x75>[B] (+1) +0.473856209<x76>[B] (+1) -0.473856209<x77>[B] (+0) -0.473856209<x78>[B] (+1) +0.473856209<x79>[B] (+1) +0.473856209<x80>[B] (+1) +0.473856209<x81>[B] (+1) -0.473856209<x82>[B] (+1) +0.473856209<x83>[B] (+0) +0.473856209<x84>[B] (+1) +0.473856209<x85>[B] (+1) -0.473856209<x86>[B] (+1) +0.473856209<x87>[B] (+1) -0.473856209<x88>[B] (+0) -0.473856209<x89>[B] (+0) +0.473856209<x90>[B] (+0) +0.473856209<x91>[B] (+0) +0.473856209<x92>[B] (+0) -0.473856209<x93>[B] (+0) +0.473856209<x94>[B] (+0) +0.473856209<x95>[B] (+0) +0.473856209<x96>[B] (+0) -0.473856209<x97>[B] (+0) -0.473856209<x98>[B] (+0) +0.473856209<x99>[B] (+1) +0.473856209<x100>[B] (+1) +0.473856209<x101>[B] (+1) +0.473856209<x102>[B] (+1) -0.473856209<x103>[B] (+1) +0.473856209<x104>[B] (+0) +0.473856209<x105>[B] (+1) +0.473856209<x106>[B] (+1) +0.473856209<x107>[B] (+1) +0.473856209<x108>[B] (+1) +0.473856209<x109>[B] (+1) +0.473856209<x110>[B] (+1) +0.473856209<x111>[B] (+0) -0.473856209<x112>[B] (+1) +0.473856209<x113>[B] (+0) +0.473856209<x114>[B] (+1) +0.473856209<x115>[B] (+1) +0.473856209<x116>[B] (+1) +0.473856209<x117>[B] (+0) -0.473856209<x118>[B] (+0) -0.473856209<x119>[B] (+0) -0.473856209<x120>[B] (+0) -0.473856209<x121>[B] (+0) -0.473856209<x122>[B] (+0) -0.473856209<x123>[B] (+0) -0.473856209<x124>[B] (+1) -0.473856209<x125>[B] (+0) -0.473856209<x126>[B] (+0) -0.473856209<x127>[B] (+1) -0.473856209<x128>[B] (+0) -0.473856209<x129>[B] (+1) +0.473856209<x130>[B] (+1) -0.473856209<x131>[B] (+1) -0.473856209<x132>[B] (+0) -0.473856209<x133>[B] (+1) +0.473856209<x134>[B] (+0) +0.473856209<x135>[B] (+1) +0.473856209<x136>[B] (+1) -0.473856209<x137>[B] (+1) -0.473856209<x138>[B] (+1) +0.473856209<x139>[B] (+0) +0.473856209<x140>[B] (+0) +0.473856209<x141>[B] (+0) +0.473856209<x142>[B] (+1) +0.473856209<x143>[B] (+0) -0.473856209<x144>[B] (+1) +0.473856209<x145>[B] (+1) -0.473856209<x146>[B] (+1) -0.473856209<x147>[B] (+1) +0.473856209<x148>[B] (+0) -0.473856209<x149>[B] (+1) -0.473856209<x150>[B] (+0) -0.473856209<x151>[B] (+1) -0.473856209<x152>[B] (+0) +0.473856209<x153>[B] (+0) >= 24.5228758169935;
;
violation: left hand side is violated by 0.0392156862745132
  [linear] <c1952>: <x154>[C] (+17.375817) +0.473856209<x1>[B] (+1) -0.473856209<x2>[B] (+1) +0.473856209<x3>[B] (+1) -0.473856209<x4>[B] (+1) -0.473856209<x5>[B] (+1) +0.473856209<x6>[B] (+1) -0.473856209<x7>[B] (+1) -0.473856209<x8>[B] (+1) +0.473856209<x9>[B] (+1) +0.473856209<x10>[B] (+1) +0.473856209<x11>[B] (+1) -0.473856209<x12>[B] (+1) +0.473856209<x13>[B] (+1) +0.473856209<x14>[B] (+1) +0.473856209<x15>[B] (+1) -0.473856209<x16>[B] (+1) +0.473856209<x17>[B] (+1) -0.473856209<x18>[B] (+1) +0.473856209<x19>[B] (+1) -0.473856209<x20>[B] (+1) -0.473856209<x21>[B] (+1) -0.473856209<x22>[B] (+1) -0.473856209<x23>[B] (+1) -0.473856209<x24>[B] (+1) +0.473856209<x25>[B] (+1) +0.473856209<x26>[B] (+1) -0.473856209<x27>[B] (+1) -0.473856209<x28>[B] (+1) +0.473856209<x29>[B] (+1) -0.473856209<x30>[B] (+1) +0.473856209<x31>[B] (+1) -0.473856209<x32>[B] (+1) -0.473856209<x33>[B] (+1) +0.473856209<x34>[B] (+1) +0.473856209<x35>[B] (+0) +0.473856209<x36>[B] (+0) +0.473856209<x37>[B] (+1) +0.473856209<x38>[B] (+0) +0.473856209<x39>[B] (+1) +0.473856209<x40>[B] (+1) +0.473856209<x41>[B] (+1) +0.473856209<x42>[B] (+0) -0.473856209<x43>[B] (+1) +0.473856209<x44>[B] (+0) +0.473856209<x45>[B] (+1) +0.473856209<x46>[B] (+1) +0.473856209<x47>[B] (+1) +0.473856209<x48>[B] (+1) -0.473856209<x49>[B] (+0) -0.473856209<x50>[B] (+0) -0.473856209<x51>[B] (+1) -0.473856209<x52>[B] (+0) -0.473856209<x53>[B] (+0) +0.473856209<x54>[B] (+0) +0.473856209<x55>[B] (+0) -0.473856209<x56>[B] (+0) -0.473856209<x57>[B] (+0) +0.473856209<x58>[B] (+0) -0.473856209<x59>[B] (+0) +0.473856209<x60>[B] (+0) -0.473856209<x61>[B] (+1) -0.473856209<x62>[B] (+0) +0.473856209<x63>[B] (+0) +0.473856209<x64>[B] (+1) +0.473856209<x65>[B] (+0) +0.473856209<x66>[B] (+1) +0.473856209<x67>[B] (+1) +0.473856209<x68>[B] (+1) +0.473856209<x69>[B] (+1) -0.473856209<x70>[B] (+1) +0.473856209<x71>[B] (+0) +0.473856209<x72>[B] (+1) +0.473856209<x73>[B] (+1) +0.473856209<x74>[B] (+1) +0.473856209<x75>[B] (+1) +0.473856209<x76>[B] (+1) -0.473856209<x77>[B] (+0) -0.473856209<x78>[B] (+1) +0.473856209<x79>[B] (+1) +0.473856209<x80>[B] (+1) +0.473856209<x81>[B] (+1) -0.473856209<x82>[B] (+1) +0.473856209<x83>[B] (+0) +0.473856209<x84>[B] (+1) +0.473856209<x85>[B] (+1) -0.473856209<x86>[B] (+1) +0.473856209<x87>[B] (+1) -0.473856209<x88>[B] (+0) -0.473856209<x89>[B] (+0) +0.473856209<x90>[B] (+0) +0.473856209<x91>[B] (+0) +0.473856209<x92>[B] (+0) -0.473856209<x93>[B] (+0) +0.473856209<x94>[B] (+0) +0.473856209<x95>[B] (+0) +0.473856209<x96>[B] (+0) -0.473856209<x97>[B] (+1) -0.473856209<x98>[B] (+0) +0.473856209<x99>[B] (+1) +0.473856209<x100>[B] (+1) +0.473856209<x101>[B] (+1) +0.473856209<x102>[B] (+1) -0.473856209<x103>[B] (+1) +0.473856209<x104>[B] (+0) +0.473856209<x105>[B] (+1) +0.473856209<x106>[B] (+1) +0.473856209<x107>[B] (+1) +0.473856209<x108>[B] (+1) +0.473856209<x109>[B] (+0) +0.473856209<x110>[B] (+1) +0.473856209<x111>[B] (+0) -0.473856209<x112>[B] (+1) +0.473856209<x113>[B] (+0) +0.473856209<x114>[B] (+0) +0.473856209<x115>[B] (+1) +0.473856209<x116>[B] (+1) +0.473856209<x117>[B] (+0) -0.473856209<x118>[B] (+1) -0.473856209<x119>[B] (+0) -0.473856209<x120>[B] (+1) -0.473856209<x121>[B] (+0) -0.473856209<x122>[B] (+0) -0.473856209<x123>[B] (+1) -0.473856209<x124>[B] (+1) -0.473856209<x125>[B] (+0) -0.473856209<x126>[B] (+0) -0.473856209<x127>[B] (+1) -0.473856209<x128>[B] (+0) -0.473856209<x129>[B] (+0) +0.473856209<x130>[B] (+1) -0.473856209<x131>[B] (+1) -0.473856209<x132>[B] (+0) -0.473856209<x133>[B] (+1) +0.473856209<x134>[B] (+0) +0.473856209<x135>[B] (+1) +0.473856209<x136>[B] (+1) -0.473856209<x137>[B] (+1) -0.473856209<x138>[B] (+1) +0.473856209<x139>[B] (+0) +0.473856209<x140>[B] (+0) +0.473856209<x141>[B] (+1) +0.473856209<x142>[B] (+1) +0.473856209<x143>[B] (+0) -0.473856209<x144>[B] (+1) +0.473856209<x145>[B] (+1) -0.473856209<x146>[B] (+1) -0.473856209<x147>[B] (+1) +0.473856209<x148>[B] (+1) -0.473856209<x149>[B] (+1) -0.473856209<x150>[B] (+1) -0.473856209<x151>[B] (+1) -0.473856209<x152>[B] (+0) +0.473856209<x153>[B] (+0) >= 24.5228758169935;
;
violation: left hand side is violated by 0.0392156862745132
  [linear] <c1965>: <x178>[C] (+23.5915033) -0.558823529<x1>[B] (+1) -0.558823529<x2>[B] (+1) -0.558823529<x3>[B] (+1) -0.558823529<x4>[B] (+1) -0.558823529<x5>[B] (+1) +0.558823529<x6>[B] (+1) -0.558823529<x7>[B] (+1) -0.558823529<x8>[B] (+1) -0.558823529<x9>[B] (+1) -0.558823529<x10>[B] (+1) -0.558823529<x11>[B] (+1) -0.558823529<x12>[B] (+1) -0.558823529<x13>[B] (+1) -0.558823529<x14>[B] (+1) -0.558823529<x15>[B] (+1) -0.558823529<x16>[B] (+1) +0.558823529<x17>[B] (+1) -0.558823529<x18>[B] (+1) -0.558823529<x19>[B] (+1) +0.558823529<x20>[B] (+1) +0.558823529<x21>[B] (+0) +0.558823529<x22>[B] (+1) -0.558823529<x23>[B] (+1) +0.558823529<x24>[B] (+1) +0.558823529<x25>[B] (+1) -0.558823529<x26>[B] (+1) -0.558823529<x27>[B] (+1) -0.558823529<x28>[B] (+1) -0.558823529<x29>[B] (+0) -0.558823529<x30>[B] (+1) -0.558823529<x31>[B] (+1) +0.558823529<x32>[B] (+1) +0.558823529<x33>[B] (+1) -0.558823529<x34>[B] (+1) +0.558823529<x35>[B] (+0) +0.558823529<x36>[B] (+0) +0.558823529<x37>[B] (+1) +0.558823529<x38>[B] (+1) +0.558823529<x39>[B] (+1) +0.558823529<x40>[B] (+1) +0.558823529<x41>[B] (+1) +0.558823529<x42>[B] (+1) -0.558823529<x43>[B] (+1) +0.558823529<x44>[B] (+0) +0.558823529<x45>[B] (+1) +0.558823529<x46>[B] (+1) +0.558823529<x47>[B] (+1) +0.558823529<x48>[B] (+1) +0.558823529<x49>[B] (+0) +0.558823529<x50>[B] (+0) +0.558823529<x51>[B] (+1) +0.558823529<x52>[B] (+0) +0.558823529<x53>[B] (+0) +0.558823529<x54>[B] (+0) +0.558823529<x55>[B] (+0) +0.558823529<x56>[B] (+0) +0.558823529<x57>[B] (+0) +0.558823529<x58>[B] (+0) +0.558823529<x59>[B] (+0) +0.558823529<x60>[B] (+0) +0.558823529<x61>[B] (+0) +0.558823529<x62>[B] (+0) +0.558823529<x63>[B] (+0) +0.558823529<x64>[B] (+1) -0.558823529<x65>[B] (+1) +0.558823529<x66>[B] (+1) +0.558823529<x67>[B] (+1) -0.558823529<x68>[B] (+1) -0.558823529<x69>[B] (+1) -0.558823529<x70>[B] (+1) -0.558823529<x71>[B] (+0) -0.558823529<x72>[B] (+1) -0.558823529<x73>[B] (+1) +0.558823529<x74>[B] (+1) +0.558823529<x75>[B] (+1) +0.558823529<x76>[B] (+1) -0.558823529<x77>[B] (+1) +0.558823529<x78>[B] (+1) -0.558823529<x79>[B] (+1) -0.558823529<x80>[B] (+1) -0.558823529<x81>[B] (+1) -0.558823529<x82>[B] (+1) -0.558823529<x83>[B] (+0) -0.558823529<x84>[B] (+1) -0.558823529<x85>[B] (+1) +0.558823529<x86>[B] (+1) +0.558823529<x87>[B] (+1) -0.558823529<x88>[B] (+0) -0.558823529<x89>[B] (+0) -0.558823529<x90>[B] (+0) -0.558823529<x91>[B] (+0) -0.558823529<x92>[B] (+0) -0.558823529<x93>[B] (+0) -0.558823529<x94>[B] (+0) -0.558823529<x95>[B] (+0) -0.558823529<x96>[B] (+0) -0.558823529<x97>[B] (+0) -0.558823529<x98>[B] (+0) +0.558823529<x99>[B] (+1) +0.558823529<x100>[B] (+1) -0.558823529<x101>[B] (+1) +0.558823529<x102>[B] (+1) -0.558823529<x103>[B] (+1) +0.558823529<x104>[B] (+0) +0.558823529<x105>[B] (+0) +0.558823529<x106>[B] (+1) +0.558823529<x107>[B] (+1) +0.558823529<x108>[B] (+1) -0.558823529<x109>[B] (+0) -0.558823529<x110>[B] (+1) -0.558823529<x111>[B] (+0) -0.558823529<x112>[B] (+1) -0.558823529<x113>[B] (+0) -0.558823529<x114>[B] (+0) -0.558823529<x115>[B] (+1) -0.558823529<x116>[B] (+1) +0.558823529<x117>[B] (+0) -0.558823529<x118>[B] (+1) -0.558823529<x119>[B] (+0) -0.558823529<x120>[B] (+1) -0.558823529<x121>[B] (+0) -0.558823529<x122>[B] (+0) -0.558823529<x123>[B] (+1) +0.558823529<x124>[B] (+1) +0.558823529<x125>[B] (+0) +0.558823529<x126>[B] (+0) -0.558823529<x127>[B] (+1) +0.558823529<x128>[B] (+0) +0.558823529<x129>[B] (+0) +0.558823529<x130>[B] (+1) +0.558823529<x131>[B] (+1) +0.558823529<x132>[B] (+0) -0.558823529<x133>[B] (+1) +0.558823529<x134>[B] (+0) +0.558823529<x135>[B] (+0) +0.558823529<x136>[B] (+1) +0.558823529<x137>[B] (+1) +0.558823529<x138>[B] (+1) +0.558823529<x139>[B] (+0) +0.558823529<x140>[B] (+0) +0.558823529<x141>[B] (+1) +0.558823529<x142>[B] (+1) +0.558823529<x143>[B] (+0) -0.558823529<x144>[B] (+1) -0.558823529<x145>[B] (+1) +0.558823529<x146>[B] (+1) +0.558823529<x147>[B] (+1) +0.558823529<x148>[B] (+1) +0.558823529<x149>[B] (+1) +0.558823529<x150>[B] (+1) +0.558823529<x151>[B] (+0) +0.558823529<x152>[B] (+0) +0.558823529<x153>[B] (+0) >= 21.3758169934641;
;
violation: left hand side is violated by 0.0196078431372584
  [linear] <c1952>: <x154>[C] (+17.8300654) +0.473856209<x1>[B] (+1) -0.473856209<x2>[B] (+1) +0.473856209<x3>[B] (+1) -0.473856209<x4>[B] (+1) -0.473856209<x5>[B] (+1) +0.473856209<x6>[B] (+1) -0.473856209<x7>[B] (+1) -0.473856209<x8>[B] (+1) +0.473856209<x9>[B] (+1) +0.473856209<x10>[B] (+1) +0.473856209<x11>[B] (+1) -0.473856209<x12>[B] (+1) +0.473856209<x13>[B] (+0) +0.473856209<x14>[B] (+1) +0.473856209<x15>[B] (+1) -0.473856209<x16>[B] (+1) +0.473856209<x17>[B] (+1) -0.473856209<x18>[B] (+1) +0.473856209<x19>[B] (+1) -0.473856209<x20>[B] (+0) -0.473856209<x21>[B] (+0) -0.473856209<x22>[B] (+1) -0.473856209<x23>[B] (+1) -0.473856209<x24>[B] (+1) +0.473856209<x25>[B] (+1) +0.473856209<x26>[B] (+1) -0.473856209<x27>[B] (+1) -0.473856209<x28>[B] (+1) +0.473856209<x29>[B] (+0) -0.473856209<x30>[B] (+1) +0.473856209<x31>[B] (+1) -0.473856209<x32>[B] (+1) -0.473856209<x33>[B] (+1) +0.473856209<x34>[B] (+1) +0.473856209<x35>[B] (+0) +0.473856209<x36>[B] (+0) +0.473856209<x37>[B] (+0) +0.473856209<x38>[B] (+0) +0.473856209<x39>[B] (+1) +0.473856209<x40>[B] (+1) +0.473856209<x41>[B] (+0) +0.473856209<x42>[B] (+0) -0.473856209<x43>[B] (+1) +0.473856209<x44>[B] (+0) +0.473856209<x45>[B] (+1) +0.473856209<x46>[B] (+1) +0.473856209<x47>[B] (+1) +0.473856209<x48>[B] (+1) -0.473856209<x49>[B] (+0) -0.473856209<x50>[B] (+0) -0.473856209<x51>[B] (+0) -0.473856209<x52>[B] (+0) -0.473856209<x53>[B] (+1) +0.473856209<x54>[B] (+1) +0.473856209<x55>[B] (+0) -0.473856209<x56>[B] (+0) -0.473856209<x57>[B] (+0) +0.473856209<x58>[B] (+0) -0.473856209<x59>[B] (+1) +0.473856209<x60>[B] (+0) -0.473856209<x61>[B] (+1) -0.473856209<x62>[B] (+0) +0.473856209<x63>[B] (+1) +0.473856209<x64>[B] (+1) +0.473856209<x65>[B] (+1) +0.473856209<x66>[B] (+1) +0.473856209<x67>[B] (+1) +0.473856209<x68>[B] (+1) +0.473856209<x69>[B] (+1) -0.473856209<x70>[B] (+1) +0.473856209<x71>[B] (+0) +0.473856209<x72>[B] (+1) +0.473856209<x73>[B] (+1) +0.473856209<x74>[B] (+1) +0.473856209<x75>[B] (+1) +0.473856209<x76>[B] (+1) -0.473856209<x77>[B] (+1) -0.473856209<x78>[B] (+1) +0.473856209<x79>[B] (+1) +0.473856209<x80>[B] (+1) +0.473856209<x81>[B] (+1) -0.473856209<x82>[B] (+1) +0.473856209<x83>[B] (+0) +0.473856209<x84>[B] (+1) +0.473856209<x85>[B] (+1) -0.473856209<x86>[B] (+1) +0.473856209<x87>[B] (+1) -0.473856209<x88>[B] (+0) -0.473856209<x89>[B] (+1) +0.473856209<x90>[B] (+1) +0.473856209<x91>[B] (+0) +0.473856209<x92>[B] (+0) -0.473856209<x93>[B] (+1) +0.473856209<x94>[B] (+0) +0.473856209<x95>[B] (+1) +0.473856209<x96>[B] (+1) -0.473856209<x97>[B] (+1) -0.473856209<x98>[B] (+1) +0.473856209<x99>[B] (+1) +0.473856209<x100>[B] (+1) +0.473856209<x101>[B] (+1) +0.473856209<x102>[B] (+0) -0.473856209<x103>[B] (+1) +0.473856209<x104>[B] (+0) +0.473856209<x105>[B] (+1) +0.473856209<x106>[B] (+1) +0.473856209<x107>[B] (+1) +0.473856209<x108>[B] (+1) +0.473856209<x109>[B] (+1) +0.473856209<x110>[B] (+0) +0.473856209<x111>[B] (+0) -0.473856209<x112>[B] (+0) +0.473856209<x113>[B] (+0) +0.473856209<x114>[B] (+1) +0.473856209<x115>[B] (+0) +0.473856209<x116>[B] (+1) +0.473856209<x117>[B] (+0) -0.473856209<x118>[B] (+0) -0.473856209<x119>[B] (+0) -0.473856209<x120>[B] (+0) -0.473856209<x121>[B] (+0) -0.473856209<x122>[B] (+0) -0.473856209<x123>[B] (+0) -0.473856209<x124>[B] (+1) -0.473856209<x125>[B] (+0) -0.473856209<x126>[B] (+0) -0.473856209<x127>[B] (+1) -0.473856209<x128>[B] (+0) -0.473856209<x129>[B] (+1) +0.473856209<x130>[B] (+1) -0.473856209<x131>[B] (+1) -0.473856209<x132>[B] (+1) -0.473856209<x133>[B] (+1) +0.473856209<x134>[B] (+0) +0.473856209<x135>[B] (+1) +0.473856209<x136>[B] (+1) -0.473856209<x137>[B] (+1) -0.473856209<x138>[B] (+1) +0.473856209<x139>[B] (+0) +0.473856209<x140>[B] (+1) +0.473856209<x141>[B] (+0) +0.473856209<x142>[B] (+1) +0.473856209<x143>[B] (+0) -0.473856209<x144>[B] (+1) +0.473856209<x145>[B] (+1) -0.473856209<x146>[B] (+1) -0.473856209<x147>[B] (+1) +0.473856209<x148>[B] (+0) -0.473856209<x149>[B] (+1) -0.473856209<x150>[B] (+0) -0.473856209<x151>[B] (+1) -0.473856209<x152>[B] (+1) +0.473856209<x153>[B] (+0) >= 24.5228758169935;
;
violation: left hand side is violated by 0.058823529411768
  [linear] <c1986>: <x219>[C] (+19.3366013) -0.493464052<x1>[B] (+1) -0.493464052<x2>[B] (+1) +0.493464052<x3>[B] (+1) +0.493464052<x4>[B] (+1) +0.493464052<x5>[B] (+1) +0.493464052<x6>[B] (+1) +0.493464052<x7>[B] (+1) +0.493464052<x8>[B] (+1) -0.493464052<x9>[B] (+1) +0.493464052<x10>[B] (+1) +0.493464052<x11>[B] (+1) -0.493464052<x12>[B] (+1) +0.493464052<x13>[B] (+1) +0.493464052<x14>[B] (+1) -0.493464052<x15>[B] (+1) +0.493464052<x16>[B] (+1) +0.493464052<x17>[B] (+1) -0.493464052<x18>[B] (+1) +0.493464052<x19>[B] (+1) +0.493464052<x20>[B] (+0) +0.493464052<x21>[B] (+1) +0.493464052<x22>[B] (+1) +0.493464052<x23>[B] (+1) +0.493464052<x24>[B] (+1) -0.493464052<x25>[B] (+1) +0.493464052<x26>[B] (+1) +0.493464052<x27>[B] (+1) -0.493464052<x28>[B] (+1) +0.493464052<x29>[B] (+0) +0.493464052<x30>[B] (+1) +0.493464052<x31>[B] (+1) +0.493464052<x32>[B] (+1) +0.493464052<x33>[B] (+1) +0.493464052<x34>[B] (+1) +0.493464052<x35>[B] (+0) +0.493464052<x36>[B] (+0) +0.493464052<x37>[B] (+1) +0.493464052<x38>[B] (+0) +0.493464052<x39>[B] (+1) -0.493464052<x40>[B] (+1) +0.493464052<x41>[B] (+0) +0.493464052<x42>[B] (+0) -0.493464052<x43>[B] (+1) +0.493464052<x44>[B] (+0) +0.493464052<x45>[B] (+1) +0.493464052<x46>[B] (+1) +0.493464052<x47>[B] (+1) +0.493464052<x48>[B] (+1) -0.493464052<x49>[B] (+0) -0.493464052<x50>[B] (+0) +0.493464052<x51>[B] (+1) +0.493464052<x52>[B] (+0) -0.493464052<x53>[B] (+0) -0.493464052<x54>[B] (+1) +0.493464052<x55>[B] (+0) -0.493464052<x56>[B] (+0) -0.493464052<x57>[B] (+0) -0.493464052<x58>[B] (+0) -0.493464052<x59>[B] (+0) -0.493464052<x60>[B] (+0) -0.493464052<x61>[B] (+1) -0.493464052<x62>[B] (+0) -0.493464052<x63>[B] (+1) +0.493464052<x64>[B] (+1) +0.493464052<x65>[B] (+1) -0.493464052<x66>[B] (+1) -0.493464052<x67>[B] (+1) +0.493464052<x68>[B] (+1) -0.493464052<x69>[B] (+1) -0.493464052<x70>[B] (+1) +0.493464052<x71>[B] (+0) +0.493464052<x72>[B] (+1) -0.493464052<x73>[B] (+1) -0.493464052<x74>[B] (+1) +0.493464052<x75>[B] (+1) +0.493464052<x76>[B] (+1) +0.493464052<x77>[B] (+0) -0.493464052<x78>[B] (+1) -0.493464052<x79>[B] (+1) +0.493464052<x80>[B] (+1) +0.493464052<x81>[B] (+0) -0.493464052<x82>[B] (+1) +0.493464052<x83>[B] (+0) +0.493464052<x84>[B] (+1) -0.493464052<x85>[B] (+1) +0.493464052<x86>[B] (+1) +0.493464052<x87>[B] (+1) +0.493464052<x88>[B] (+0) -0.493464052<x89>[B] (+0) -0.493464052<x90>[B] (+0) +0.493464052<x91>[B] (+0) -0.493464052<x92>[B] (+0) -0.493464052<x93>[B] (+0) -0.493464052<x94>[B] (+0) -0.493464052<x95>[B] (+0) -0.493464052<x96>[B] (+0) -0.493464052<x97>[B] (+0) -0.493464052<x98>[B] (+0) -0.493464052<x99>[B] (+1) -0.493464052<x100>[B] (+1) -0.493464052<x101>[B] (+1) -0.493464052<x102>[B] (+1) -0.493464052<x103>[B] (+1) -0.493464052<x104>[B] (+0) -0.493464052<x105>[B] (+1) -0.493464052<x106>[B] (+1) -0.493464052<x107>[B] (+1) -0.493464052<x108>[B] (+1) -0.493464052<x109>[B] (+1) +0.493464052<x110>[B] (+0) +0.493464052<x111>[B] (+0) -0.493464052<x112>[B] (+1) +0.493464052<x113>[B] (+0) +0.493464052<x114>[B] (+0) -0.493464052<x115>[B] (+0) +0.493464052<x116>[B] (+1) +0.493464052<x117>[B] (+1) +0.493464052<x118>[B] (+0) +0.493464052<x119>[B] (+0) +0.493464052<x120>[B] (+0) +0.493464052<x121>[B] (+0) +0.493464052<x122>[B] (+0) +0.493464052<x123>[B] (+0) +0.493464052<x124>[B] (+1) +0.493464052<x125>[B] (+0) -0.493464052<x126>[B] (+0) -0.493464052<x127>[B] (+1) -0.493464052<x128>[B] (+0) -0.493464052<x129>[B] (+1) -0.493464052<x130>[B] (+1) -0.493464052<x131>[B] (+1) -0.493464052<x132>[B] (+1) -0.493464052<x133>[B] (+1) +0.493464052<x134>[B] (+0) +0.493464052<x135>[B] (+1) -0.493464052<x136>[B] (+1) +0.493464052<x137>[B] (+1) +0.493464052<x138>[B] (+1) +0.493464052<x139>[B] (+0) +0.493464052<x140>[B] (+0) +0.493464052<x141>[B] (+0) +0.493464052<x142>[B] (+1) +0.493464052<x143>[B] (+1) +0.493464052<x144>[B] (+1) -0.493464052<x145>[B] (+1) -0.493464052<x146>[B] (+1) +0.493464052<x147>[B] (+1) -0.493464052<x148>[B] (+0) -0.493464052<x149>[B] (+1) -0.493464052<x150>[B] (+1) +0.493464052<x151>[B] (+1) +0.493464052<x152>[B] (+1) +0.493464052<x153>[B] (+0) >= 23.3169934640523;
;
violation: left hand side is violated by 0.0326797385620772
  [linear] <c1957>: <x164>[C] (+27.620915) +0.591503268<x1>[B] (+1) -0.591503268<x2>[B] (+1) -0.591503268<x3>[B] (+1) -0.591503268<x4>[B] (+1) +0.591503268<x5>[B] (+1) -0.591503268<x6>[B] (+1) -0.591503268<x7>[B] (+1) +0.591503268<x8>[B] (+1) +0.591503268<x9>[B] (+1) -0.591503268<x10>[B] (+1) +0.591503268<x11>[B] (+1) -0.591503268<x12>[B] (+1) +0.591503268<x13>[B] (+0) +0.591503268<x14>[B] (+1) -0.591503268<x15>[B] (+1) -0.591503268<x16>[B] (+1) -0.591503268<x17>[B] (+1) -0.591503268<x18>[B] (+1) -0.591503268<x19>[B] (+1) -0.591503268<x20>[B] (+0) -0.591503268<x21>[B] (+0) -0.591503268<x22>[B] (+1) -0.591503268<x23>[B] (+1) +0.591503268<x24>[B] (+1) +0.591503268<x25>[B] (+1) -0.591503268<x26>[B] (+1) +0.591503268<x27>[B] (+1) -0.591503268<x28>[B] (+1) -0.591503268<x29>[B] (+0) +0.591503268<x30>[B] (+1) -0.591503268<x31>[B] (+1) -0.591503268<x32>[B] (+1) -0.591503268<x33>[B] (+1) +0.591503268<x34>[B] (+1) +0.591503268<x35>[B] (+0) +0.591503268<x36>[B] (+0) -0.591503268<x37>[B] (+1) -0.591503268<x38>[B] (+1) +0.591503268<x39>[B] (+1) +0.591503268<x40>[B] (+1) +0.591503268<x41>[B] (+1) +0.591503268<x42>[B] (+1) +0.591503268<x43>[B] (+1) +0.591503268<x44>[B] (+0) +0.591503268<x45>[B] (+1) -0.591503268<x46>[B] (+1) -0.591503268<x47>[B] (+1) +0.591503268<x48>[B] (+1) +0.591503268<x49>[B] (+0) +0.591503268<x50>[B] (+0) -0.591503268<x51>[B] (+0) -0.591503268<x52>[B] (+0) +0.591503268<x53>[B] (+0) +0.591503268<x54>[B] (+0) -0.591503268<x55>[B] (+0) +0.591503268<x56>[B] (+0) +0.591503268<x57>[B] (+0) +0.591503268<x58>[B] (+0) +0.591503268<x59>[B] (+0) -0.591503268<x60>[B] (+0) -0.591503268<x61>[B] (+1) +0.591503268<x62>[B] (+0) +0.591503268<x63>[B] (+1) -0.591503268<x64>[B] (+1) -0.591503268<x65>[B] (+1) +0.591503268<x66>[B] (+1) +0.591503268<x67>[B] (+1) -0.591503268<x68>[B] (+1) +0.591503268<x69>[B] (+1) +0.591503268<x70>[B] (+1) +0.591503268<x71>[B] (+0) +0.591503268<x72>[B] (+1) -0.591503268<x73>[B] (+1) -0.591503268<x74>[B] (+1) +0.591503268<x75>[B] (+1) -0.591503268<x76>[B] (+1) -0.591503268<x77>[B] (+1) +0.591503268<x78>[B] (+1) +0.591503268<x79>[B] (+1) -0.591503268<x80>[B] (+1) +0.591503268<x81>[B] (+1) -0.591503268<x82>[B] (+1) -0.591503268<x83>[B] (+0) +0.591503268<x84>[B] (+1) -0.591503268<x85>[B] (+1) -0.591503268<x86>[B] (+1) -0.591503268<x87>[B] (+1) -0.591503268<x88>[B] (+0) +0.591503268<x89>[B] (+0) +0.591503268<x90>[B] (+0) +0.591503268<x91>[B] (+0) +0.591503268<x92>[B] (+0) +0.591503268<x93>[B] (+1) +0.591503268<x94>[B] (+0) +0.591503268<x95>[B] (+0) -0.591503268<x96>[B] (+1) -0.591503268<x97>[B] (+1) +0.591503268<x98>[B] (+0) +0.591503268<x99>[B] (+1) +0.591503268<x100>[B] (+1) +0.591503268<x101>[B] (+1) +0.591503268<x102>[B] (+0) +0.591503268<x103>[B] (+1) +0.591503268<x104>[B] (+0) +0.591503268<x105>[B] (+1) +0.591503268<x106>[B] (+1) -0.591503268<x107>[B] (+1) +0.591503268<x108>[B] (+1) +0.591503268<x109>[B] (+0) -0.591503268<x110>[B] (+0) +0.591503268<x111>[B] (+0) -0.591503268<x112>[B] (+1) -0.591503268<x113>[B] (+0) +0.591503268<x114>[B] (+0) -0.591503268<x115>[B] (+1) -0.591503268<x116>[B] (+1) -0.591503268<x117>[B] (+0) -0.591503268<x118>[B] (+0) +0.591503268<x119>[B] (+0) -0.591503268<x120>[B] (+1) -0.591503268<x121>[B] (+0) -0.591503268<x122>[B] (+0) -0.591503268<x123>[B] (+1) -0.591503268<x124>[B] (+1) -0.591503268<x125>[B] (+0) +0.591503268<x126>[B] (+0) +0.591503268<x127>[B] (+1) +0.591503268<x128>[B] (+0) +0.591503268<x129>[B] (+1) -0.591503268<x130>[B] (+1) -0.591503268<x131>[B] (+1) +0.591503268<x132>[B] (+1) -0.591503268<x133>[B] (+1) -0.591503268<x134>[B] (+0) -0.591503268<x135>[B] (+1) -0.591503268<x136>[B] (+1) -0.591503268<x137>[B] (+1) -0.591503268<x138>[B] (+1) +0.591503268<x139>[B] (+0) +0.591503268<x140>[B] (+0) -0.591503268<x141>[B] (+0) -0.591503268<x142>[B] (+1) -0.591503268<x143>[B] (+0) +0.591503268<x144>[B] (+1) -0.591503268<x145>[B] (+1) -0.591503268<x146>[B] (+1) -0.591503268<x147>[B] (+1) -0.591503268<x148>[B] (+1) -0.591503268<x149>[B] (+1) -0.591503268<x150>[B] (+0) -0.591503268<x151>[B] (+1) +0.591503268<x152>[B] (+0) +0.591503268<x153>[B] (+0) >= 17.0065359477124;
;
violation: left hand side is violated by 0.0326797385620878
  [linear] <c1962>: <x173>[C] (+31.3464052) -0.637254902<x1>[B] (+1) -0.637254902<x2>[B] (+1) -0.637254902<x3>[B] (+1) -0.637254902<x4>[B] (+1) -0.637254902<x5>[B] (+1) -0.637254902<x6>[B] (+1) -0.637254902<x7>[B] (+1) +0.637254902<x8>[B] (+1) -0.637254902<x9>[B] (+1) -0.637254902<x10>[B] (+1) -0.637254902<x11>[B] (+1) -0.637254902<x12>[B] (+1) -0.637254902<x13>[B] (+1) -0.637254902<x14>[B] (+1) -0.637254902<x15>[B] (+1) -0.637254902<x16>[B] (+1) -0.637254902<x17>[B] (+1) -0.637254902<x18>[B] (+0) -0.637254902<x19>[B] (+1) +0.637254902<x20>[B] (+0) +0.637254902<x21>[B] (+0) +0.637254902<x22>[B] (+1) +0.637254902<x23>[B] (+1) +0.637254902<x24>[B] (+1) -0.637254902<x25>[B] (+1) +0.637254902<x26>[B] (+1) +0.637254902<x27>[B] (+1) +0.637254902<x28>[B] (+1) +0.637254902<x29>[B] (+0) -0.637254902<x30>[B] (+1) -0.637254902<x31>[B] (+1) -0.637254902<x32>[B] (+1) +0.637254902<x33>[B] (+1) -0.637254902<x34>[B] (+1) +0.637254902<x35>[B] (+0) +0.637254902<x36>[B] (+0) +0.637254902<x37>[B] (+1) +0.637254902<x38>[B] (+1) +0.637254902<x39>[B] (+1) -0.637254902<x40>[B] (+1) +0.637254902<x41>[B] (+1) +0.637254902<x42>[B] (+1) +0.637254902<x43>[B] (+1) +0.637254902<x44>[B] (+0) -0.637254902<x45>[B] (+1) +0.637254902<x46>[B] (+1) +0.637254902<x47>[B] (+1) +0.637254902<x48>[B] (+1) +0.637254902<x49>[B] (+0) +0.637254902<x50>[B] (+0) +0.637254902<x51>[B] (+0) +0.637254902<x52>[B] (+0) +0.637254902<x53>[B] (+0) -0.637254902<x54>[B] (+1) +0.637254902<x55>[B] (+0) +0.637254902<x56>[B] (+0) +0.637254902<x57>[B] (+0) +0.637254902<x58>[B] (+0) -0.637254902<x59>[B] (+0) +0.637254902<x60>[B] (+0) +0.637254902<x61>[B] (+1) +0.637254902<x62>[B] (+0) -0.637254902<x63>[B] (+1) +0.637254902<x64>[B] (+1) +0.637254902<x65>[B] (+1) +0.637254902<x66>[B] (+1) -0.637254902<x67>[B] (+1) +0.637254902<x68>[B] (+1) +0.637254902<x69>[B] (+1) +0.637254902<x70>[B] (+1) +0.637254902<x71>[B] (+0) -0.637254902<x72>[B] (+1) -0.637254902<x73>[B] (+1) -0.637254902<x74>[B] (+1) +0.637254902<x75>[B] (+1) +0.637254902<x76>[B] (+1) +0.637254902<x77>[B] (+1) +0.637254902<x78>[B] (+1) -0.637254902<x79>[B] (+1) +0.637254902<x80>[B] (+1) +0.637254902<x81>[B] (+1) +0.637254902<x82>[B] (+1) +0.637254902<x83>[B] (+0) -0.637254902<x84>[B] (+1) -0.637254902<x85>[B] (+1) -0.637254902<x86>[B] (+1) +0.637254902<x87>[B] (+1) +0.637254902<x88>[B] (+0) +0.637254902<x89>[B] (+0) -0.637254902<x90>[B] (+1) -0.637254902<x91>[B] (+1) +0.637254902<x92>[B] (+0) -0.637254902<x93>[B] (+0) -0.637254902<x94>[B] (+0) -0.637254902<x95>[B] (+1) -0.637254902<x96>[B] (+1) -0.637254902<x97>[B] (+1) -0.637254902<x98>[B] (+0) +0.637254902<x99>[B] (+1) -0.637254902<x100>[B] (+1) -0.637254902<x101>[B] (+1) -0.637254902<x102>[B] (+0) -0.637254902<x103>[B] (+1) -0.637254902<x104>[B] (+0) -0.637254902<x105>[B] (+1) -0.637254902<x106>[B] (+1) -0.637254902<x107>[B] (+1) -0.637254902<x108>[B] (+1) -0.637254902<x109>[B] (+1) -0.637254902<x110>[B] (+1) -0.637254902<x111>[B] (+0) -0.637254902<x112>[B] (+1) -0.637254902<x113>[B] (+0) -0.637254902<x114>[B] (+1) -0.637254902<x115>[B] (+1) -0.637254902<x116>[B] (+1) -0.637254902<x117>[B] (+0) +0.637254902<x118>[B] (+0) +0.637254902<x119>[B] (+0) +0.637254902<x120>[B] (+0) +0.637254902<x121>[B] (+0) -0.637254902<x122>[B] (+0) +0.637254902<x123>[B] (+0) +0.637254902<x124>[B] (+1) +0.637254902<x125>[B] (+0) +0.637254902<x126>[B] (+0) -0.637254902<x127>[B] (+0) -0.637254902<x128>[B] (+0) -0.637254902<x129>[B] (+0) -0.637254902<x130>[B] (+0) -0.637254902<x131>[B] (+1) -0.637254902<x132>[B] (+0) -0.637254902<x133>[B] (+1) -0.637254902<x134>[B] (+0) -0.637254902<x135>[B] (+1) -0.637254902<x136>[B] (+1) -0.637254902<x137>[B] (+1) -0.637254902<x138>[B] (+1) -0.637254902<x139>[B] (+0) -0.637254902<x140>[B] (+1) -0.637254902<x141>[B] (+1) -0.637254902<x142>[B] (+1) -0.637254902<x143>[B] (+0) -0.637254902<x144>[B] (+1) -0.637254902<x145>[B] (+1) -0.637254902<x146>[B] (+1) -0.637254902<x147>[B] (+1) +0.637254902<x148>[B] (+0) +0.637254902<x149>[B] (+1) +0.637254902<x150>[B] (+0) +0.637254902<x151>[B] (+1) +0.637254902<x152>[B] (+0) +0.637254902<x153>[B] (+0) >= 12.9052287581699;
;
violation: left hand side is violated by 0.039215686274499
  [linear] <c1969>: <x186>[C] (+20.8954248) -0.519607843<x1>[B] (+1) -0.519607843<x2>[B] (+1) -0.519607843<x3>[B] (+1) -0.519607843<x4>[B] (+1) -0.519607843<x5>[B] (+1) -0.519607843<x6>[B] (+1) -0.519607843<x7>[B] (+1) +0.519607843<x8>[B] (+1) -0.519607843<x9>[B] (+1) -0.519607843<x10>[B] (+1) +0.519607843<x11>[B] (+1) +0.519607843<x12>[B] (+1) -0.519607843<x13>[B] (+1) -0.519607843<x14>[B] (+1) -0.519607843<x15>[B] (+1) -0.519607843<x16>[B] (+1) -0.519607843<x17>[B] (+1) +0.519607843<x18>[B] (+1) -0.519607843<x19>[B] (+1) -0.519607843<x20>[B] (+0) -0.519607843<x21>[B] (+1) -0.519607843<x22>[B] (+1) +0.519607843<x23>[B] (+1) +0.519607843<x24>[B] (+1) +0.519607843<x25>[B] (+1) -0.519607843<x26>[B] (+1) +0.519607843<x27>[B] (+1) +0.519607843<x28>[B] (+1) -0.519607843<x29>[B] (+0) -0.519607843<x30>[B] (+1) -0.519607843<x31>[B] (+1) +0.519607843<x32>[B] (+1) -0.519607843<x33>[B] (+1) -0.519607843<x34>[B] (+1) -0.519607843<x35>[B] (+0) -0.519607843<x36>[B] (+0) -0.519607843<x37>[B] (+1) -0.519607843<x38>[B] (+1) +0.519607843<x39>[B] (+1) -0.519607843<x40>[B] (+1) -0.519607843<x41>[B] (+1) +0.519607843<x42>[B] (+0) +0.519607843<x43>[B] (+1) -0.519607843<x44>[B] (+0) -0.519607843<x45>[B] (+1) -0.519607843<x46>[B] (+1) +0.519607843<x47>[B] (+1) -0.519607843<x48>[B] (+1) -0.519607843<x49>[B] (+0) +0.519607843<x50>[B] (+0) +0.519607843<x51>[B] (+1) +0.519607843<x52>[B] (+0) +0.519607843<x53>[B] (+0) +0.519607843<x54>[B] (+1) +0.519607843<x55>[B] (+1) +0.519607843<x56>[B] (+0) +0.519607843<x57>[B] (+0) +0.519607843<x58>[B] (+0) +0.519607843<x59>[B] (+0) +0.519607843<x60>[B] (+0) +0.519607843<x61>[B] (+1) +0.519607843<x62>[B] (+0) +0.519607843<x63>[B] (+1) +0.519607843<x64>[B] (+1) +0.519607843<x65>[B] (+1) +0.519607843<x66>[B] (+1) +0.519607843<x67>[B] (+1) +0.519607843<x68>[B] (+1) +0.519607843<x69>[B] (+1) +0.519607843<x70>[B] (+1) +0.519607843<x71>[B] (+0) +0.519607843<x72>[B] (+1) +0.519607843<x73>[B] (+1) +0.519607843<x74>[B] (+1) +0.519607843<x75>[B] (+1) -0.519607843<x76>[B] (+1) +0.519607843<x77>[B] (+1) +0.519607843<x78>[B] (+1) +0.519607843<x79>[B] (+1) -0.519607843<x80>[B] (+1) +0.519607843<x81>[B] (+0) +0.519607843<x82>[B] (+1) -0.519607843<x83>[B] (+0) -0.519607843<x84>[B] (+1) -0.519607843<x85>[B] (+1) +0.519607843<x86>[B] (+1) -0.519607843<x87>[B] (+1) +0.519607843<x88>[B] (+0) +0.519607843<x89>[B] (+0) +0.519607843<x90>[B] (+1) -0.519607843<x91>[B] (+1) +0.519607843<x92>[B] (+0) +0.519607843<x93>[B] (+0) +0.519607843<x94>[B] (+0) +0.519607843<x95>[B] (+0) +0.519607843<x96>[B] (+0) +0.519607843<x97>[B] (+1) +0.519607843<x98>[B] (+0) +0.519607843<x99>[B] (+1) +0.519607843<x100>[B] (+1) -0.519607843<x101>[B] (+1) +0.519607843<x102>[B] (+0) +0.519607843<x103>[B] (+1) -0.519607843<x104>[B] (+0) -0.519607843<x105>[B] (+1) -0.519607843<x106>[B] (+1) +0.519607843<x107>[B] (+1) -0.519607843<x108>[B] (+1) -0.519607843<x109>[B] (+1) -0.519607843<x110>[B] (+1) -0.519607843<x111>[B] (+0) +0.519607843<x112>[B] (+1) -0.519607843<x113>[B] (+0) -0.519607843<x114>[B] (+0) -0.519607843<x115>[B] (+1) -0.519607843<x116>[B] (+1) -0.519607843<x117>[B] (+0) -0.519607843<x118>[B] (+0) +0.519607843<x119>[B] (+0) +0.519607843<x120>[B] (+0) -0.519607843<x121>[B] (+0) -0.519607843<x122>[B] (+0) -0.519607843<x123>[B] (+0) +0.519607843<x124>[B] (+1) -0.519607843<x125>[B] (+0) +0.519607843<x126>[B] (+0) +0.519607843<x127>[B] (+0) +0.519607843<x128>[B] (+0) +0.519607843<x129>[B] (+0) +0.519607843<x130>[B] (+0) +0.519607843<x131>[B] (+1) +0.519607843<x132>[B] (+0) +0.519607843<x133>[B] (+1) -0.519607843<x134>[B] (+0) -0.519607843<x135>[B] (+1) -0.519607843<x136>[B] (+1) -0.519607843<x137>[B] (+1) -0.519607843<x138>[B] (+1) -0.519607843<x139>[B] (+0) -0.519607843<x140>[B] (+0) -0.519607843<x141>[B] (+1) -0.519607843<x142>[B] (+1) -0.519607843<x143>[B] (+0) +0.519607843<x144>[B] (+1) +0.519607843<x145>[B] (+1) +0.519607843<x146>[B] (+1) -0.519607843<x147>[B] (+1) +0.519607843<x148>[B] (+1) +0.519607843<x149>[B] (+1) -0.519607843<x150>[B] (+1) +0.519607843<x151>[B] (+1) -0.519607843<x152>[B] (+0) -0.519607843<x153>[B] (+0) >= 20.3954248366013;
;
violation: left hand side is violated by 0.0196078431372548
  [linear] <c1955>: <x160>[C] (+16.875817) +0.454248366<x1>[B] (+1) +0.454248366<x2>[B] (+1) +0.454248366<x3>[B] (+1) +0.454248366<x4>[B] (+1) +0.454248366<x5>[B] (+1) +0.454248366<x6>[B] (+1) +0.454248366<x7>[B] (+1) +0.454248366<x8>[B] (+1) +0.454248366<x9>[B] (+1) +0.454248366<x10>[B] (+1) +0.454248366<x11>[B] (+1) +0.454248366<x12>[B] (+1) +0.454248366<x13>[B] (+0) +0.454248366<x14>[B] (+1) +0.454248366<x15>[B] (+1) +0.454248366<x16>[B] (+1) +0.454248366<x17>[B] (+1) -0.454248366<x18>[B] (+1) +0.454248366<x19>[B] (+1) +0.454248366<x20>[B] (+0) +0.454248366<x21>[B] (+0) +0.454248366<x22>[B] (+1) -0.454248366<x23>[B] (+1) -0.454248366<x24>[B] (+1) +0.454248366<x25>[B] (+1) +0.454248366<x26>[B] (+1) +0.454248366<x27>[B] (+1) -0.454248366<x28>[B] (+1) +0.454248366<x29>[B] (+0) -0.454248366<x30>[B] (+1) +0.454248366<x31>[B] (+1) +0.454248366<x32>[B] (+1) +0.454248366<x33>[B] (+1) +0.454248366<x34>[B] (+1) +0.454248366<x35>[B] (+0) +0.454248366<x36>[B] (+0) +0.454248366<x37>[B] (+0) -0.454248366<x38>[B] (+1) +0.454248366<x39>[B] (+1) +0.454248366<x40>[B] (+1) +0.454248366<x41>[B] (+1) +0.454248366<x42>[B] (+0) -0.454248366<x43>[B] (+1) +0.454248366<x44>[B] (+0) -0.454248366<x45>[B] (+1) +0.454248366<x46>[B] (+1) +0.454248366<x47>[B] (+1) +0.454248366<x48>[B] (+1) +0.454248366<x49>[B] (+0) +0.454248366<x50>[B] (+0) -0.454248366<x51>[B] (+0) -0.454248366<x52>[B] (+0) -0.454248366<x53>[B] (+0) +0.454248366<x54>[B] (+1) +0.454248366<x55>[B] (+0) -0.454248366<x56>[B] (+0) -0.454248366<x57>[B] (+0) +0.454248366<x58>[B] (+0) -0.454248366<x59>[B] (+0) +0.454248366<x60>[B] (+0) -0.454248366<x61>[B] (+1) -0.454248366<x62>[B] (+0) +0.454248366<x63>[B] (+1) -0.454248366<x64>[B] (+1) -0.454248366<x65>[B] (+1) -0.454248366<x66>[B] (+1) +0.454248366<x67>[B] (+1) +0.454248366<x68>[B] (+1) -0.454248366<x69>[B] (+1) -0.454248366<x70>[B] (+1) -0.454248366<x71>[B] (+0) -0.454248366<x72>[B] (+1) +0.454248366<x73>[B] (+1) -0.454248366<x74>[B] (+1) -0.454248366<x75>[B] (+1) -0.454248366<x76>[B] (+1) -0.454248366<x77>[B] (+1) -0.454248366<x78>[B] (+1) +0.454248366<x79>[B] (+1) +0.454248366<x80>[B] (+1) -0.454248366<x81>[B] (+1) -0.454248366<x82>[B] (+1) -0.454248366<x83>[B] (+0) -0.454248366<x84>[B] (+1) +0.454248366<x85>[B] (+1) -0.454248366<x86>[B] (+1) -0.454248366<x87>[B] (+1) -0.454248366<x88>[B] (+1) -0.454248366<x89>[B] (+1) +0.454248366<x90>[B] (+1) +0.454248366<x91>[B] (+1) -0.454248366<x92>[B] (+0) -0.454248366<x93>[B] (+1) +0.454248366<x94>[B] (+0) -0.454248366<x95>[B] (+1) +0.454248366<x96>[B] (+1) -0.454248366<x97>[B] (+1) -0.454248366<x98>[B] (+1) +0.454248366<x99>[B] (+1) +0.454248366<x100>[B] (+1) +0.454248366<x101>[B] (+1) +0.454248366<x102>[B] (+0) -0.454248366<x103>[B] (+1) +0.454248366<x104>[B] (+0) -0.454248366<x105>[B] (+1) +0.454248366<x106>[B] (+1) +0.454248366<x107>[B] (+1) +0.454248366<x108>[B] (+1) +0.454248366<x109>[B] (+1) +0.454248366<x110>[B] (+1) +0.454248366<x111>[B] (+0) -0.454248366<x112>[B] (+1) +0.454248366<x113>[B] (+0) -0.454248366<x114>[B] (+1) +0.454248366<x115>[B] (+1) +0.454248366<x116>[B] (+1) +0.454248366<x117>[B] (+1) +0.454248366<x118>[B] (+0) -0.454248366<x119>[B] (+0) -0.454248366<x120>[B] (+0) -0.454248366<x121>[B] (+0) -0.454248366<x122>[B] (+0) -0.454248366<x123>[B] (+0) -0.454248366<x124>[B] (+1) -0.454248366<x125>[B] (+0) -0.454248366<x126>[B] (+0) -0.454248366<x127>[B] (+1) -0.454248366<x128>[B] (+0) -0.454248366<x129>[B] (+0) -0.454248366<x130>[B] (+1) -0.454248366<x131>[B] (+1) -0.454248366<x132>[B] (+1) -0.454248366<x133>[B] (+1) +0.454248366<x134>[B] (+0) -0.454248366<x135>[B] (+1) +0.454248366<x136>[B] (+1) +0.454248366<x137>[B] (+1) -0.454248366<x138>[B] (+1) +0.454248366<x139>[B] (+0) +0.454248366<x140>[B] (+0) +0.454248366<x141>[B] (+0) +0.454248366<x142>[B] (+1) +0.454248366<x143>[B] (+0) -0.454248366<x144>[B] (+1) +0.454248366<x145>[B] (+1) -0.454248366<x146>[B] (+1) -0.454248366<x147>[B] (+1) +0.454248366<x148>[B] (+1) +0.454248366<x149>[B] (+1) +0.454248366<x150>[B] (+1) -0.454248366<x151>[B] (+1) -0.454248366<x152>[B] (+0) -0.454248366<x153>[B] (+0) >= 22.8267973856209;
;
violation: left hand side is violated by 0.0457516339869102
  [linear] <c1959>: <x170>[C] (+19.369281) -0.5<x1>[B] (+1) -0.5<x2>[B] (+1) -0.5<x3>[B] (+1) -0.5<x4>[B] (+1) -0.5<x5>[B] (+1) -0.5<x6>[B] (+1) -0.5<x7>[B] (+1) -0.5<x8>[B] (+1) -0.5<x9>[B] (+1) -0.5<x10>[B] (+1) -0.5<x11>[B] (+1) -0.5<x12>[B] (+1) -0.5<x13>[B] (+0) -0.5<x14>[B] (+1) -0.5<x15>[B] (+1) -0.5<x16>[B] (+1) -0.5<x17>[B] (+1) +0.5<x18>[B] (+1) +0.5<x19>[B] (+1) -0.5<x20>[B] (+1) +0.5<x21>[B] (+0) +0.5<x22>[B] (+1) +0.5<x23>[B] (+1) +0.5<x24>[B] (+1) +0.5<x25>[B] (+1) +0.5<x26>[B] (+1) -0.5<x27>[B] (+1) +0.5<x28>[B] (+1) +0.5<x29>[B] (+0) -0.5<x30>[B] (+1) +0.5<x31>[B] (+1) +0.5<x32>[B] (+1) -0.5<x33>[B] (+1) +0.5<x34>[B] (+1) -0.5<x35>[B] (+0) -0.5<x36>[B] (+0) -0.5<x37>[B] (+1) +0.5<x38>[B] (+0) +0.5<x39>[B] (+1) +0.5<x40>[B] (+1) +0.5<x41>[B] (+0) -0.5<x42>[B] (+0) +0.5<x43>[B] (+1) -0.5<x44>[B] (+0) -0.5<x45>[B] (+1) +0.5<x46>[B] (+1) -0.5<x47>[B] (+1) -0.5<x48>[B] (+1) -0.5<x49>[B] (+0) -0.5<x50>[B] (+0) -0.5<x51>[B] (+1) +0.5<x52>[B] (+0) +0.5<x53>[B] (+1) +0.5<x54>[B] (+1) +0.5<x55>[B] (+0) -0.5<x56>[B] (+0) +0.5<x57>[B] (+0) -0.5<x58>[B] (+0) -0.5<x59>[B] (+0) +0.5<x60>[B] (+0) -0.5<x61>[B] (+1) -0.5<x62>[B] (+0) +0.5<x63>[B] (+0) +0.5<x64>[B] (+1) +0.5<x65>[B] (+0) +0.5<x66>[B] (+1) +0.5<x67>[B] (+1) +0.5<x68>[B] (+1) +0.5<x69>[B] (+1) +0.5<x70>[B] (+1) +0.5<x71>[B] (+0) +0.5<x72>[B] (+1) +0.5<x73>[B] (+1) +0.5<x74>[B] (+1) +0.5<x75>[B] (+1) -0.5<x76>[B] (+1) +0.5<x77>[B] (+1) +0.5<x78>[B] (+1) +0.5<x79>[B] (+1) +0.5<x80>[B] (+1) -0.5<x81>[B] (+1) +0.5<x82>[B] (+1) -0.5<x83>[B] (+0) -0.5<x84>[B] (+1) +0.5<x85>[B] (+1) -0.5<x86>[B] (+1) -0.5<x87>[B] (+1) +0.5<x88>[B] (+0) +0.5<x89>[B] (+0) +0.5<x90>[B] (+1) +0.5<x91>[B] (+0) -0.5<x92>[B] (+0) +0.5<x93>[B] (+0) +0.5<x94>[B] (+0) -0.5<x95>[B] (+0) +0.5<x96>[B] (+0) -0.5<x97>[B] (+1) -0.5<x98>[B] (+0) -0.5<x99>[B] (+1) +0.5<x100>[B] (+1) -0.5<x101>[B] (+1) -0.5<x102>[B] (+1) +0.5<x103>[B] (+1) -0.5<x104>[B] (+0) -0.5<x105>[B] (+1) +0.5<x106>[B] (+1) -0.5<x107>[B] (+1) -0.5<x108>[B] (+1) +0.5<x109>[B] (+1) -0.5<x110>[B] (+0) -0.5<x111>[B] (+0) +0.5<x112>[B] (+0) -0.5<x113>[B] (+0) -0.5<x114>[B] (+0) +0.5<x115>[B] (+0) -0.5<x116>[B] (+1) -0.5<x117>[B] (+0) -0.5<x118>[B] (+0) -0.5<x119>[B] (+0) +0.5<x120>[B] (+0) -0.5<x121>[B] (+0) -0.5<x122>[B] (+0) +0.5<x123>[B] (+0) -0.5<x124>[B] (+1) -0.5<x125>[B] (+0) -0.5<x126>[B] (+0) +0.5<x127>[B] (+1) -0.5<x128>[B] (+0) -0.5<x129>[B] (+1) +0.5<x130>[B] (+1) -0.5<x131>[B] (+1) -0.5<x132>[B] (+1) +0.5<x133>[B] (+1) +0.5<x134>[B] (+0) -0.5<x135>[B] (+1) +0.5<x136>[B] (+1) +0.5<x137>[B] (+1) -0.5<x138>[B] (+1) -0.5<x139>[B] (+0) -0.5<x140>[B] (+1) +0.5<x141>[B] (+0) -0.5<x142>[B] (+1) -0.5<x143>[B] (+0) -0.5<x144>[B] (+1) +0.5<x145>[B] (+1) -0.5<x146>[B] (+1) -0.5<x147>[B] (+1) +0.5<x148>[B] (+0) +0.5<x149>[B] (+1) +0.5<x150>[B] (+0) -0.5<x151>[B] (+1) -0.5<x152>[B] (+1) -0.5<x153>[B] (+0) >= 15.8758169934641;
;
violation: left hand side is violated by 0.00653594771241828
all 10 solutions given by solution candidate storage are infeasible

feasible solution found by trivial heuristic after 0.0 seconds, objective value -8.999510e+06
presolving:
   (0.0s) symmetry computation started: requiring (bin +, int +, cont +), (fixed: bin -, int -, cont -)
   (0.0s) no symmetry present (symcode time: 0.00)
presolving (0 rounds: 0 fast, 0 medium, 0 exhaustive):
 0 deleted vars, 0 deleted constraints, 0 added constraints, 0 tightened bounds, 0 added holes, 0 changed sides, 0 changed coefficients
 0 implications, 0 cliques, 0 implied integral variables (0 bin, 0 int, 0 cont)
presolved problem has 243 variables (153 bin, 0 int, 90 cont) and 2000 constraints
   2000 constraints of type <linear>
Presolving Time: 0.02
transformed 1/1 original solutions to the transformed problem space

 time | node  | left  |LP iter|LP it/n|mem/heur|mdpt |vars |cons |rows |cuts |sepa|confs|strbr|  dualbound   | primalbound  |  gap   | compl. 
p 0.1s|     1 |     0 |    56 |     - |   locks|   0 | 243 |2000 |2000 |   0 |  0 |   0 |   0 | 8.200000e+02 |-1.654941e+03 |    Inf | unknown
  0.2s|     1 |     0 |  1097 |     - |   103M |   0 | 243 |2000 |2000 |   0 |  0 |   0 |   0 |-1.268333e+03 |-1.654941e+03 |  30.48%| unknown
r 0.2s|     1 |     0 |  1097 |     - |shifting|   0 | 243 |2000 |2000 |   0 |  0 |   0 |   0 |-1.268333e+03 |-1.452325e+03 |  14.51%| unknown
  0.3s|     1 |     0 |  1156 |     - |   104M |   0 | 243 |2000 |2002 |   2 |  1 |   0 |   0 |-1.268646e+03 |-1.452325e+03 |  14.48%| unknown
  0.3s|     1 |     0 |  1156 |     - |   104M |   0 | 243 |2000 |2002 |   2 |  1 |   0 |   0 |-1.268646e+03 |-1.452325e+03 |  14.48%| unknown
  0.4s|     1 |     0 |  1202 |     - |   104M |   0 | 243 |2000 |2004 |   4 |  2 |   0 |   0 |-1.268727e+03 |-1.452325e+03 |  14.47%| unknown
  0.5s|     1 |     0 |  1236 |     - |   104M |   0 | 243 |2000 |2006 |   6 |  3 |   0 |   0 |-1.268811e+03 |-1.452325e+03 |  14.46%| unknown
  0.6s|     1 |     0 |  1266 |     - |   104M |   0 | 243 |2000 |2008 |   8 |  4 |   0 |   0 |-1.268849e+03 |-1.452325e+03 |  14.46%| unknown
  0.8s|     1 |     0 |  1312 |     - |   104M |   0 | 243 |2000 |2011 |  11 |  5 |   0 |   0 |-1.268903e+03 |-1.452325e+03 |  14.46%| unknown
r 0.8s|     1 |     0 |  1312 |     - |shifting|   0 | 243 |2001 |2011 |  11 |  5 |   1 |   0 |-1.268903e+03 |-1.448249e+03 |  14.13%| unknown
  0.9s|     1 |     0 |  1357 |     - |   105M |   0 | 243 |2001 |2015 |  15 |  6 |   1 |   0 |-1.268981e+03 |-1.448249e+03 |  14.13%| unknown
  1.1s|     1 |     0 |  1389 |     - |   105M |   0 | 243 |2001 |2017 |  17 |  7 |   1 |   0 |-1.268999e+03 |-1.448249e+03 |  14.13%| unknown
  1.2s|     1 |     0 |  1455 |     - |   105M |   0 | 243 |2001 |2019 |  19 |  8 |   1 |   0 |-1.269073e+03 |-1.448249e+03 |  14.12%| unknown
  1.4s|     1 |     0 |  1477 |     - |   105M |   0 | 243 |2001 |2021 |  21 |  9 |   1 |   0 |-1.269081e+03 |-1.448249e+03 |  14.12%| unknown
  1.5s|     1 |     0 |  1501 |     - |   105M |   0 | 243 |2002 |2025 |  25 | 10 |   2 |   0 |-1.269090e+03 |-1.448249e+03 |  14.12%| unknown
 time | node  | left  |LP iter|LP it/n|mem/heur|mdpt |vars |cons |rows |cuts |sepa|confs|strbr|  dualbound   | primalbound  |  gap   | compl. 
  1.6s|     1 |     0 |  1533 |     - |   105M |   0 | 243 |2002 |2030 |  30 | 11 |   2 |   0 |-1.269110e+03 |-1.448249e+03 |  14.12%| unknown
r 1.6s|     1 |     0 |  1715 |     - |intshift|   0 | 243 |2002 |2030 |  30 | 11 |   2 |   0 |-1.269110e+03 |-1.308353e+03 |   3.09%| unknown
d 1.7s|     1 |     0 |  2591 |     - |farkasdi|   0 | 243 |2002 |2030 |   0 | 11 |   2 |   0 |-1.269110e+03 |-1.279248e+03 |   0.80%| unknown
L 2.7s|     1 |     0 |  2591 |     - |    rens|   0 | 243 |2002 |2030 |  30 | 11 |   2 |   0 |-1.269110e+03 |-1.276745e+03 |   0.60%| unknown
  2.7s|     1 |     0 |  2591 |     - |   106M |   0 | 243 |2002 |2030 |  30 | 11 |   2 |   0 |-1.269110e+03 |-1.276745e+03 |   0.60%| unknown
  2.7s|     1 |     0 |  2591 |     - |   106M |   0 | 243 |2002 |1902 |  30 | 11 |   2 |   0 |-1.269110e+03 |-1.276745e+03 |   0.60%| unknown
  2.8s|     1 |     0 |  2631 |     - |   106M |   0 | 243 |2002 |1907 |  35 | 12 |   2 |   0 |-1.269144e+03 |-1.276745e+03 |   0.60%| unknown
  2.8s|     1 |     0 |  2688 |     - |   106M |   0 | 243 |2002 |1910 |  38 | 13 |   2 |   0 |-1.269160e+03 |-1.276745e+03 |   0.60%| unknown
(run 1, node 1) restarting after 8 global fixings of integer variables

(restart) converted 38 cuts from the global cut pool into linear constraints

presolving:
presolving (0 rounds: 0 fast, 0 medium, 0 exhaustive):
 0 deleted vars, 0 deleted constraints, 0 added constraints, 0 tightened bounds, 0 added holes, 0 changed sides, 0 changed coefficients
 0 implications, 0 cliques, 0 implied integral variables (0 bin, 0 int, 0 cont)
presolved problem has 243 variables (153 bin, 0 int, 90 cont) and 1912 constraints
   1910 constraints of type <linear>
      2 constraints of type <logicor>
Presolving Time: 0.03
transformed 19/22 original solutions to the transformed problem space

 time | node  | left  |LP iter|LP it/n|mem/heur|mdpt |vars |cons |rows |cuts |sepa|confs|strbr|  dualbound   | primalbound  |  gap   | compl. 
  2.9s|     1 |     0 |  3908 |     - |   106M |   0 | 243 |1912 |1910 |   0 |  0 |   2 |   0 |-1.269160e+03 |-1.276745e+03 |   0.60%| unknown
  3.2s|     1 |     0 |  3954 |     - |   106M |   0 | 243 |1912 |1914 |   4 |  1 |   2 |   0 |-1.269186e+03 |-1.276745e+03 |   0.60%| unknown
  3.4s|     1 |     0 |  4032 |     - |   106M |   0 | 243 |1912 |1916 |   6 |  2 |   2 |   0 |-1.269240e+03 |-1.276745e+03 |   0.59%| unknown
  3.6s|     1 |     0 |  4041 |     - |   106M |   0 | 243 |1912 |1919 |   9 |  3 |   2 |   0 |-1.269241e+03 |-1.276745e+03 |   0.59%| unknown
  3.8s|     1 |     0 |  4121 |     - |   106M |   0 | 243 |1912 |1921 |  11 |  4 |   2 |   0 |-1.269267e+03 |-1.276745e+03 |   0.59%| unknown
  4.1s|     1 |     0 |  4145 |     - |   107M |   0 | 243 |1912 |1923 |  13 |  5 |   2 |   0 |-1.269272e+03 |-1.276745e+03 |   0.59%| unknown
  4.3s|     1 |     0 |  4185 |     - |   107M |   0 | 243 |1912 |1926 |  16 |  6 |   2 |   0 |-1.269277e+03 |-1.276745e+03 |   0.59%| unknown
  4.5s|     1 |     0 |  4218 |     - |   107M |   0 | 243 |1913 |1928 |  18 |  7 |   3 |   0 |-1.269278e+03 |-1.276745e+03 |   0.59%| unknown
  4.7s|     1 |     0 |  4235 |     - |   107M |   0 | 243 |1913 |1930 |  20 |  8 |   3 |   0 |-1.269279e+03 |-1.276745e+03 |   0.59%| unknown
  5.0s|     1 |     0 |  4267 |     - |   107M |   0 | 243 |1913 |1932 |  22 |  9 |   3 |   0 |-1.269281e+03 |-1.276745e+03 |   0.59%| unknown
  5.2s|     1 |     0 |  4278 |     - |   108M |   0 | 243 |1913 |1934 |  24 | 10 |   3 |   0 |-1.269282e+03 |-1.276745e+03 |   0.59%| unknown
  5.2s|     1 |     0 |  4297 |     - |   108M |   0 | 243 |1913 |1935 |  25 | 11 |   3 |   0 |-1.269282e+03 |-1.276745e+03 |   0.59%| unknown
  7.1s|     1 |     2 |  5022 |     - |   108M |   0 | 243 |1913 |1935 |  25 | 11 |   3 |  22 |-1.270455e+03 |-1.276745e+03 |   0.50%| unknown

SCIP Status        : problem is solved [optimal solution found]
Solving Time (sec) : 10.72
Solving Nodes      : 33 (total of 34 nodes in 2 runs)
Primal Bound       : -1.27674509803922e+03 (41 solutions)
Dual Bound         : -1.27674509803922e+03
Gap                : 0.00 %
  [linear] <c2001>: <x154>[C] (+17.8888889) +0.480392157<x1>[B] (+1) -0.480392157<x2>[B] (+1) +0.480392157<x3>[B] (+1) -0.480392157<x4>[B] (+1) -0.480392157<x5>[B] (+1) +0.480392157<x6>[B] (+1) -0.480392157<x7>[B] (+1) -0.480392157<x8>[B] (+1) +0.480392157<x9>[B] (+1) +0.480392157<x10>[B] (+1) +0.480392157<x11>[B] (+1) -0.480392157<x12>[B] (+1) +0.480392157<x13>[B] (+1) +0.480392157<x14>[B] (+1) +0.480392157<x15>[B] (+1) -0.480392157<x16>[B] (+1) +0.480392157<x17>[B] (+1) -0.480392157<x18>[B] (+1) +0.480392157<x19>[B] (+1) -0.480392157<x20>[B] (+1) -0.480392157<x21>[B] (+1) -0.480392157<x22>[B] (+1) -0.480392157<x23>[B] (+1) -0.480392157<x24>[B] (+1) +0.480392157<x25>[B] (+1) +0.480392157<x26>[B] (+1) -0.480392157<x27>[B] (+1) -0.480392157<x28>[B] (+1) +0.480392157<x29>[B] (+1) -0.480392157<x30>[B] (+1) +0.480392157<x31>[B] (+1) -0.480392157<x32>[B] (+1) -0.480392157<x33>[B] (+1) +0.480392157<x34>[B] (+1) +0.480392157<x35>[B] (+0) +0.480392157<x36>[B] (+0) +0.480392157<x37>[B] (+1) +0.480392157<x38>[B] (+0) +0.480392157<x39>[B] (+0) +0.480392157<x40>[B] (+1) +0.480392157<x41>[B] (+0) +0.480392157<x42>[B] (+0) -0.480392157<x43>[B] (+1) +0.480392157<x44>[B] (+0) +0.480392157<x45>[B] (+0) +0.480392157<x46>[B] (+0) +0.480392157<x47>[B] (+1) +0.480392157<x48>[B] (+0) -0.480392157<x49>[B] (+0) -0.480392157<x50>[B] (+0) -0.480392157<x51>[B] (+1) -0.480392157<x52>[B] (+0) -0.480392157<x53>[B] (+0) +0.480392157<x54>[B] (+0) +0.480392157<x55>[B] (+0) -0.480392157<x56>[B] (+0) -0.480392157<x57>[B] (+0) +0.480392157<x58>[B] (+0) -0.480392157<x59>[B] (+0) +0.480392157<x60>[B] (+0) -0.480392157<x61>[B] (+1) -0.480392157<x62>[B] (+0) +0.480392157<x63>[B] (+0) +0.480392157<x64>[B] (+1) +0.480392157<x65>[B] (+0) +0.480392157<x66>[B] (+1) +0.480392157<x67>[B] (+1) +0.480392157<x68>[B] (+1) +0.480392157<x69>[B] (+1) -0.480392157<x70>[B] (+1) +0.480392157<x71>[B] (+0) +0.480392157<x72>[B] (+1) +0.480392157<x73>[B] (+1) +0.480392157<x74>[B] (+1) +0.480392157<x75>[B] (+1) +0.480392157<x76>[B] (+1) -0.480392157<x77>[B] (+3.44169138e-15) -0.480392157<x78>[B] (+1) +0.480392157<x79>[B] (+1) +0.480392157<x80>[B] (+1) +0.480392157<x81>[B] (+1) -0.480392157<x82>[B] (+1) +0.480392157<x83>[B] (+0) +0.480392157<x84>[B] (+1) +0.480392157<x85>[B] (+1) -0.480392157<x86>[B] (+1) +0.480392157<x87>[B] (+1) -0.480392157<x88>[B] (+0) -0.480392157<x89>[B] (+0) +0.480392157<x90>[B] (+0) +0.480392157<x91>[B] (+0) +0.480392157<x92>[B] (+0) -0.480392157<x93>[B] (+0) +0.480392157<x94>[B] (+0) +0.480392157<x95>[B] (+0) +0.480392157<x96>[B] (+0) -0.480392157<x97>[B] (+0) -0.480392157<x98>[B] (+0) +0.480392157<x99>[B] (+1) +0.480392157<x100>[B] (+1) +0.480392157<x101>[B] (+1) +0.480392157<x102>[B] (+1) -0.480392157<x103>[B] (+1) +0.480392157<x104>[B] (+0) +0.480392157<x105>[B] (+1) +0.480392157<x106>[B] (+1) +0.480392157<x107>[B] (+1) +0.480392157<x108>[B] (+1) +0.480392157<x109>[B] (+1) +0.480392157<x110>[B] (+1) +0.480392157<x111>[B] (+0) -0.480392157<x112>[B] (+1) +0.480392157<x113>[B] (+0) +0.480392157<x114>[B] (+0) +0.480392157<x115>[B] (+1) +0.480392157<x116>[B] (+1) +0.480392157<x117>[B] (+0) -0.480392157<x118>[B] (+0) -0.480392157<x119>[B] (+0) -0.480392157<x120>[B] (+0) -0.480392157<x121>[B] (+0) -0.480392157<x122>[B] (+0) -0.480392157<x123>[B] (+0) -0.480392157<x124>[B] (+1) -0.480392157<x125>[B] (+0) -0.480392157<x126>[B] (+0) -0.480392157<x127>[B] (+1) -0.480392157<x128>[B] (+0) -0.480392157<x129>[B] (+0) +0.480392157<x130>[B] (+1) -0.480392157<x131>[B] (+1) -0.480392157<x132>[B] (+0) -0.480392157<x133>[B] (+1) +0.480392157<x134>[B] (+0) +0.480392157<x135>[B] (+1) +0.480392157<x136>[B] (+1) -0.480392157<x137>[B] (+1) -0.480392157<x138>[B] (+1) +0.480392157<x139>[B] (+0) +0.480392157<x140>[B] (+0) +0.480392157<x141>[B] (+0) +0.480392157<x142>[B] (+1) +0.480392157<x143>[B] (+0) -0.480392157<x144>[B] (+1) +0.480392157<x145>[B] (+1) -0.480392157<x146>[B] (+1) -0.480392157<x147>[B] (+1) +0.480392157<x148>[B] (+1) -0.480392157<x149>[B] (+1) -0.480392157<x150>[B] (+1) -0.480392157<x151>[B] (+1) -0.480392157<x152>[B] (+0) +0.480392157<x153>[B] (+0) >= 24.6209150326797;
;
violation: left hand side is violated by 0.00653594771241472
  [linear] <c2019>: <x196>[C] (+32.0098039) +0.637254902<x1>[B] (+1) -0.637254902<x2>[B] (+1) +0.637254902<x3>[B] (+1) +0.637254902<x4>[B] (+1) -0.637254902<x5>[B] (+1) +0.637254902<x6>[B] (+1) -0.637254902<x7>[B] (+1) -0.637254902<x8>[B] (+1) -0.637254902<x9>[B] (+1) -0.637254902<x10>[B] (+1) -0.637254902<x11>[B] (+1) -0.637254902<x12>[B] (+1) +0.637254902<x13>[B] (+1) +0.637254902<x14>[B] (+1) -0.637254902<x15>[B] (+1) -0.637254902<x16>[B] (+1) +0.637254902<x17>[B] (+1) -0.637254902<x18>[B] (+1) -0.637254902<x19>[B] (+1) -0.637254902<x20>[B] (+1) -0.637254902<x21>[B] (+1) -0.637254902<x22>[B] (+1) -0.637254902<x23>[B] (+1) -0.637254902<x24>[B] (+1) -0.637254902<x25>[B] (+1) -0.637254902<x26>[B] (+1) -0.637254902<x27>[B] (+1) -0.637254902<x28>[B] (+1) -0.637254902<x29>[B] (+1) -0.637254902<x30>[B] (+1) -0.637254902<x31>[B] (+1) -0.637254902<x32>[B] (+1) +0.637254902<x33>[B] (+1) +0.637254902<x34>[B] (+1) +0.637254902<x35>[B] (+2.88657986e-15) +0.637254902<x36>[B] (+1) +0.637254902<x37>[B] (+1) +0.637254902<x38>[B] (+1) -0.637254902<x39>[B] (+1) -0.637254902<x40>[B] (+1) +0.637254902<x41>[B] (+1) +0.637254902<x42>[B] (+2.88657986e-15) +0.637254902<x43>[B] (+1) +0.637254902<x44>[B] (+0) +0.637254902<x45>[B] (+1) +0.637254902<x46>[B] (+1) -0.637254902<x47>[B] (+1) +0.637254902<x48>[B] (+1) +0.637254902<x49>[B] (+0) -0.637254902<x50>[B] (+0) +0.637254902<x51>[B] (+0) -0.637254902<x52>[B] (+0) -0.637254902<x53>[B] (+0) -0.637254902<x54>[B] (+0) -0.637254902<x55>[B] (+0) -0.637254902<x56>[B] (+0) -0.637254902<x57>[B] (+0) -0.637254902<x58>[B] (+0) +0.637254902<x59>[B] (+0) -0.637254902<x60>[B] (+0) -0.637254902<x61>[B] (+0) +0.637254902<x62>[B] (+0) -0.637254902<x63>[B] (+1) +0.637254902<x64>[B] (+1) -0.637254902<x65>[B] (+1) -0.637254902<x66>[B] (+1) -0.637254902<x67>[B] (+1) -0.637254902<x68>[B] (+1) -0.637254902<x69>[B] (+1) -0.637254902<x70>[B] (+1) -0.637254902<x71>[B] (+0) +0.637254902<x72>[B] (+1) -0.637254902<x73>[B] (+1) -0.637254902<x74>[B] (+1) +0.637254902<x75>[B] (+1) +0.637254902<x76>[B] (+2.88657986e-15) -0.637254902<x77>[B] (+0) -0.637254902<x78>[B] (+1) -0.637254902<x79>[B] (+1) -0.637254902<x80>[B] (+1) +0.637254902<x81>[B] (+0) -0.637254902<x82>[B] (+1) +0.637254902<x83>[B] (+0) +0.637254902<x84>[B] (+1) -0.637254902<x85>[B] (+1) -0.637254902<x86>[B] (+1) +0.637254902<x87>[B] (+1) -0.637254902<x88>[B] (+1) -0.637254902<x89>[B] (+1) -0.637254902<x90>[B] (+1) -0.637254902<x91>[B] (+1) -0.637254902<x92>[B] (+0) -0.637254902<x93>[B] (+1) -0.637254902<x94>[B] (+0) +0.637254902<x95>[B] (+1) -0.637254902<x96>[B] (+1) -0.637254902<x97>[B] (+1) +0.637254902<x98>[B] (+1) -0.637254902<x99>[B] (+1) -0.637254902<x100>[B] (+1) +0.637254902<x101>[B] (+1) +0.637254902<x102>[B] (+2.88657986e-15) -0.637254902<x103>[B] (+1) +0.637254902<x104>[B] (+0) +0.637254902<x105>[B] (+1) -0.637254902<x106>[B] (+1) -0.637254902<x107>[B] (+1) +0.637254902<x108>[B] (+1) -0.637254902<x109>[B] (+0) +0.637254902<x110>[B] (+1) +0.637254902<x111>[B] (+0) +0.637254902<x112>[B] (+1) +0.637254902<x113>[B] (+0) +0.637254902<x114>[B] (+0) +0.637254902<x115>[B] (+1) -0.637254902<x116>[B] (+1) +0.637254902<x117>[B] (+0) +0.637254902<x118>[B] (+1) +0.637254902<x119>[B] (+0) +0.637254902<x120>[B] (+1) +0.637254902<x121>[B] (+0) +0.637254902<x122>[B] (+0) +0.637254902<x123>[B] (+1) -0.637254902<x124>[B] (+1) +0.637254902<x125>[B] (+0) +0.637254902<x126>[B] (+0) -0.637254902<x127>[B] (+1) +0.637254902<x128>[B] (+0) +0.637254902<x129>[B] (+0) -0.637254902<x130>[B] (+1) -0.637254902<x131>[B] (+1) +0.637254902<x132>[B] (+0) -0.637254902<x133>[B] (+1) +0.637254902<x134>[B] (+0) +0.637254902<x135>[B] (+1) -0.637254902<x136>[B] (+1) -0.637254902<x137>[B] (+1) +0.637254902<x138>[B] (+1) +0.637254902<x139>[B] (+0) +0.637254902<x140>[B] (+0) -0.637254902<x141>[B] (+1) -0.637254902<x142>[B] (+1) +0.637254902<x143>[B] (+0) +0.637254902<x144>[B] (+1) -0.637254902<x145>[B] (+1) -0.637254902<x146>[B] (+1) +0.637254902<x147>[B] (+1) -0.637254902<x148>[B] (+1) -0.637254902<x149>[B] (+1) +0.637254902<x150>[B] (+1) -0.637254902<x151>[B] (+0) +0.637254902<x152>[B] (-2.88657986e-15) +0.637254902<x153>[B] (+0) >= 12.2679738562091;
;
violation: left hand side is violated by 0.013071895424833
  [linear] <c2002>: <x158>[C] (+22.4934641) +0.539215686<x1>[B] (+1) -0.539215686<x2>[B] (+1) -0.539215686<x3>[B] (+1) -0.539215686<x4>[B] (+1) +0.539215686<x5>[B] (+1) -0.539215686<x6>[B] (+1) -0.539215686<x7>[B] (+1) +0.539215686<x8>[B] (+1) +0.539215686<x9>[B] (+1) +0.539215686<x10>[B] (+1) +0.539215686<x11>[B] (+1) -0.539215686<x12>[B] (+1) +0.539215686<x13>[B] (+1) +0.539215686<x14>[B] (+1) +0.539215686<x15>[B] (+1) +0.539215686<x16>[B] (+1) +0.539215686<x17>[B] (+1) -0.539215686<x18>[B] (+1) -0.539215686<x19>[B] (+1) -0.539215686<x20>[B] (+1) -0.539215686<x21>[B] (+0) -0.539215686<x22>[B] (+1) -0.539215686<x23>[B] (+1) -0.539215686<x24>[B] (+1) +0.539215686<x25>[B] (+1) +0.539215686<x26>[B] (+1) -0.539215686<x27>[B] (+1) -0.539215686<x28>[B] (+1) +0.539215686<x29>[B] (+0) +0.539215686<x30>[B] (+1) -0.539215686<x31>[B] (+1) -0.539215686<x32>[B] (+1) +0.539215686<x33>[B] (+1) +0.539215686<x34>[B] (+1) -0.539215686<x35>[B] (+0) +0.539215686<x36>[B] (+0) -0.539215686<x37>[B] (+1) -0.539215686<x38>[B] (+1) +0.539215686<x39>[B] (+1) +0.539215686<x40>[B] (+1) +0.539215686<x41>[B] (+1) +0.539215686<x42>[B] (+1) +0.539215686<x43>[B] (+1) +0.539215686<x44>[B] (+0) +0.539215686<x45>[B] (+1) +0.539215686<x46>[B] (+1) +0.539215686<x47>[B] (+1) +0.539215686<x48>[B] (+1) -0.539215686<x49>[B] (+0) +0.539215686<x50>[B] (+0) -0.539215686<x51>[B] (+1) -0.539215686<x52>[B] (+0) +0.539215686<x53>[B] (+0) +0.539215686<x54>[B] (+0) +0.539215686<x55>[B] (+0) +0.539215686<x56>[B] (+0) -0.539215686<x57>[B] (+0) +0.539215686<x58>[B] (+0) +0.539215686<x59>[B] (+0) +0.539215686<x60>[B] (+0) +0.539215686<x61>[B] (+0) +0.539215686<x62>[B] (+0) +0.539215686<x63>[B] (+0) -0.539215686<x64>[B] (+1) +0.539215686<x65>[B] (+1) +0.539215686<x66>[B] (+1) +0.539215686<x67>[B] (+1) +0.539215686<x68>[B] (+1) +0.539215686<x69>[B] (+1) +0.539215686<x70>[B] (+1) +0.539215686<x71>[B] (+0) +0.539215686<x72>[B] (+1) +0.539215686<x73>[B] (+1) +0.539215686<x74>[B] (+1) +0.539215686<x75>[B] (+1) -0.539215686<x76>[B] (+1) -0.539215686<x77>[B] (+1) -0.539215686<x78>[B] (+1) +0.539215686<x79>[B] (+1) +0.539215686<x80>[B] (+1) +0.539215686<x81>[B] (+1) -0.539215686<x82>[B] (+1) +0.539215686<x83>[B] (+0) +0.539215686<x84>[B] (+1) -0.539215686<x85>[B] (+1) +0.539215686<x86>[B] (+1) +0.539215686<x87>[B] (+1) +0.539215686<x88>[B] (+0) +0.539215686<x89>[B] (+0) +0.539215686<x90>[B] (+0) +0.539215686<x91>[B] (+0) +0.539215686<x92>[B] (+0) +0.539215686<x93>[B] (+0) +0.539215686<x94>[B] (+0) +0.539215686<x95>[B] (+0) +0.539215686<x96>[B] (+0) +0.539215686<x97>[B] (+0) +0.539215686<x98>[B] (+0) +0.539215686<x99>[B] (+1) +0.539215686<x100>[B] (+1) +0.539215686<x101>[B] (+1) +0.539215686<x102>[B] (+1) +0.539215686<x103>[B] (+1) +0.539215686<x104>[B] (+0) +0.539215686<x105>[B] (+0) +0.539215686<x106>[B] (+1) +0.539215686<x107>[B] (+1) +0.539215686<x108>[B] (+1) +0.539215686<x109>[B] (+0) +0.539215686<x110>[B] (+1) +0.539215686<x111>[B] (+0) -0.539215686<x112>[B] (+1) +0.539215686<x113>[B] (+0) +0.539215686<x114>[B] (+0) +0.539215686<x115>[B] (+1) +0.539215686<x116>[B] (+1) +0.539215686<x117>[B] (+0) +0.539215686<x118>[B] (+1) -0.539215686<x119>[B] (+0) -0.539215686<x120>[B] (+1) -0.539215686<x121>[B] (+0) +0.539215686<x122>[B] (+0) -0.539215686<x123>[B] (+1) -0.539215686<x124>[B] (+1) +0.539215686<x125>[B] (+0) -0.539215686<x126>[B] (+0) -0.539215686<x127>[B] (+1) -0.539215686<x128>[B] (+0) -0.539215686<x129>[B] (+0) -0.539215686<x130>[B] (+1) -0.539215686<x131>[B] (+1) -0.539215686<x132>[B] (+0) -0.539215686<x133>[B] (+1) +0.539215686<x134>[B] (+0) +0.539215686<x135>[B] (+0) -0.539215686<x136>[B] (+1) +0.539215686<x137>[B] (+1) +0.539215686<x138>[B] (+1) +0.539215686<x139>[B] (+0) +0.539215686<x140>[B] (+0) +0.539215686<x141>[B] (+1) +0.539215686<x142>[B] (+1) +0.539215686<x143>[B] (+0) +0.539215686<x144>[B] (+1) -0.539215686<x145>[B] (+1) -0.539215686<x146>[B] (+1) +0.539215686<x147>[B] (+1) -0.539215686<x148>[B] (+1) -0.539215686<x149>[B] (+1) -0.539215686<x150>[B] (+1) +0.539215686<x151>[B] (+0) +0.539215686<x152>[B] (+0) +0.539215686<x153>[B] (+0) >= 33.297385620915;
;
violation: left hand side is violated by 0.0196078431372513
  [linear] <c2001>: <x154>[C] (+18.3627451) +0.480392157<x1>[B] (+1) -0.480392157<x2>[B] (+1) +0.480392157<x3>[B] (+1) -0.480392157<x4>[B] (+1) -0.480392157<x5>[B] (+1) +0.480392157<x6>[B] (+1) -0.480392157<x7>[B] (+1) -0.480392157<x8>[B] (+1) +0.480392157<x9>[B] (+1) +0.480392157<x10>[B] (+1) +0.480392157<x11>[B] (+1) -0.480392157<x12>[B] (+1) +0.480392157<x13>[B] (+0) +0.480392157<x14>[B] (+1) +0.480392157<x15>[B] (+1) -0.480392157<x16>[B] (+1) +0.480392157<x17>[B] (+1) -0.480392157<x18>[B] (+1) +0.480392157<x19>[B] (+1) -0.480392157<x20>[B] (+0) -0.480392157<x21>[B] (+0) -0.480392157<x22>[B] (+1) -0.480392157<x23>[B] (+1) -0.480392157<x24>[B] (+1) +0.480392157<x25>[B] (+1) +0.480392157<x26>[B] (+1) -0.480392157<x27>[B] (+1) -0.480392157<x28>[B] (+1) +0.480392157<x29>[B] (+0) -0.480392157<x30>[B] (+1) +0.480392157<x31>[B] (+1) -0.480392157<x32>[B] (+1) -0.480392157<x33>[B] (+1) +0.480392157<x34>[B] (+1) +0.480392157<x35>[B] (+0) +0.480392157<x36>[B] (+0) +0.480392157<x37>[B] (+0) +0.480392157<x38>[B] (+0) +0.480392157<x39>[B] (+1) +0.480392157<x40>[B] (+1) +0.480392157<x41>[B] (+1) +0.480392157<x42>[B] (+0) -0.480392157<x43>[B] (+1) +0.480392157<x44>[B] (+0) +0.480392157<x45>[B] (+1) +0.480392157<x46>[B] (+0) +0.480392157<x47>[B] (+1) +0.480392157<x48>[B] (+0) -0.480392157<x49>[B] (+0) -0.480392157<x50>[B] (+0) -0.480392157<x51>[B] (+0) -0.480392157<x52>[B] (+0) -0.480392157<x53>[B] (+1) +0.480392157<x54>[B] (+1) +0.480392157<x55>[B] (+0) -0.480392157<x56>[B] (+0) -0.480392157<x57>[B] (+0) +0.480392157<x58>[B] (+0) -0.480392157<x59>[B] (+0) +0.480392157<x60>[B] (+0) -0.480392157<x61>[B] (+1) -0.480392157<x62>[B] (+0) +0.480392157<x63>[B] (+1) +0.480392157<x64>[B] (+1) +0.480392157<x65>[B] (+1) +0.480392157<x66>[B] (+1) +0.480392157<x67>[B] (+1) +0.480392157<x68>[B] (+1) +0.480392157<x69>[B] (+1) -0.480392157<x70>[B] (+1) +0.480392157<x71>[B] (+0) +0.480392157<x72>[B] (+1) +0.480392157<x73>[B] (+1) +0.480392157<x74>[B] (+1) +0.480392157<x75>[B] (+1) +0.480392157<x76>[B] (+1) -0.480392157<x77>[B] (+1) -0.480392157<x78>[B] (+1) +0.480392157<x79>[B] (+1) +0.480392157<x80>[B] (+1) +0.480392157<x81>[B] (+1) -0.480392157<x82>[B] (+1) +0.480392157<x83>[B] (+0) +0.480392157<x84>[B] (+1) +0.480392157<x85>[B] (+1) -0.480392157<x86>[B] (+1) +0.480392157<x87>[B] (+1) -0.480392157<x88>[B] (+1) -0.480392157<x89>[B] (+1) +0.480392157<x90>[B] (+1) +0.480392157<x91>[B] (+1) +0.480392157<x92>[B] (+0) -0.480392157<x93>[B] (+1) +0.480392157<x94>[B] (+0) +0.480392157<x95>[B] (+1) +0.480392157<x96>[B] (+1) -0.480392157<x97>[B] (+1) -0.480392157<x98>[B] (+1) +0.480392157<x99>[B] (+1) +0.480392157<x100>[B] (+1) +0.480392157<x101>[B] (+1) +0.480392157<x102>[B] (+0) -0.480392157<x103>[B] (+1) +0.480392157<x104>[B] (+0) +0.480392157<x105>[B] (+1) +0.480392157<x106>[B] (+0) +0.480392157<x107>[B] (+1) +0.480392157<x108>[B] (+0) +0.480392157<x109>[B] (+1) +0.480392157<x110>[B] (+0) +0.480392157<x111>[B] (+0) -0.480392157<x112>[B] (+0) +0.480392157<x113>[B] (+0) +0.480392157<x114>[B] (+0) +0.480392157<x115>[B] (+0) +0.480392157<x116>[B] (+1) +0.480392157<x117>[B] (+0) -0.480392157<x118>[B] (+0) -0.480392157<x119>[B] (+0) -0.480392157<x120>[B] (+0) -0.480392157<x121>[B] (+0) -0.480392157<x122>[B] (+0) -0.480392157<x123>[B] (+0) -0.480392157<x124>[B] (+1) -0.480392157<x125>[B] (+0) -0.480392157<x126>[B] (+0) -0.480392157<x127>[B] (+0) -0.480392157<x128>[B] (+0) -0.480392157<x129>[B] (+0) +0.480392157<x130>[B] (+0) -0.480392157<x131>[B] (+1) -0.480392157<x132>[B] (+0) -0.480392157<x133>[B] (+1) +0.480392157<x134>[B] (+0) +0.480392157<x135>[B] (+1) +0.480392157<x136>[B] (+1) -0.480392157<x137>[B] (+1) -0.480392157<x138>[B] (+1) +0.480392157<x139>[B] (+0) +0.480392157<x140>[B] (+1) +0.480392157<x141>[B] (+0) +0.480392157<x142>[B] (+1) +0.480392157<x143>[B] (+0) -0.480392157<x144>[B] (+1) +0.480392157<x145>[B] (+1) -0.480392157<x146>[B] (+1) -0.480392157<x147>[B] (+1) +0.480392157<x148>[B] (+0) -0.480392157<x149>[B] (+1) -0.480392157<x150>[B] (+0) -0.480392157<x151>[B] (+1) -0.480392157<x152>[B] (+1) +0.480392157<x153>[B] (+0) >= 24.6209150326797;
;
violation: left hand side is violated by 0.013071895424833
  [linear] <c2002>: <x158>[C] (+21.9673203) +0.539215686<x1>[B] (+1) -0.539215686<x2>[B] (+1) -0.539215686<x3>[B] (+1) -0.539215686<x4>[B] (+1) +0.539215686<x5>[B] (+1) -0.539215686<x6>[B] (+1) -0.539215686<x7>[B] (+1) +0.539215686<x8>[B] (+1) +0.539215686<x9>[B] (+1) +0.539215686<x10>[B] (+1) +0.539215686<x11>[B] (+1) -0.539215686<x12>[B] (+1) +0.539215686<x13>[B] (+1) +0.539215686<x14>[B] (+1) +0.539215686<x15>[B] (+1) +0.539215686<x16>[B] (+1) +0.539215686<x17>[B] (+1) -0.539215686<x18>[B] (+1) -0.539215686<x19>[B] (+1) -0.539215686<x20>[B] (+1) -0.539215686<x21>[B] (+0) -0.539215686<x22>[B] (+1) -0.539215686<x23>[B] (+1) -0.539215686<x24>[B] (+1) +0.539215686<x25>[B] (+1) +0.539215686<x26>[B] (+1) -0.539215686<x27>[B] (+1) -0.539215686<x28>[B] (+1) +0.539215686<x29>[B] (+0) +0.539215686<x30>[B] (+1) -0.539215686<x31>[B] (+1) -0.539215686<x32>[B] (+1) +0.539215686<x33>[B] (+1) +0.539215686<x34>[B] (+1) -0.539215686<x35>[B] (+0) +0.539215686<x36>[B] (+0) -0.539215686<x37>[B] (+1) -0.539215686<x38>[B] (+0) +0.539215686<x39>[B] (+1) +0.539215686<x40>[B] (+1) +0.539215686<x41>[B] (+1) +0.539215686<x42>[B] (+0) +0.539215686<x43>[B] (+1) +0.539215686<x44>[B] (+0) +0.539215686<x45>[B] (+0) +0.539215686<x46>[B] (+0) +0.539215686<x47>[B] (+1) +0.539215686<x48>[B] (+0) -0.539215686<x49>[B] (+0) +0.539215686<x50>[B] (+0) -0.539215686<x51>[B] (+1) -0.539215686<x52>[B] (+0) +0.539215686<x53>[B] (+0) +0.539215686<x54>[B] (+0) +0.539215686<x55>[B] (+0) +0.539215686<x56>[B] (+0) -0.539215686<x57>[B] (+0) +0.539215686<x58>[B] (+0) +0.539215686<x59>[B] (+0) +0.539215686<x60>[B] (+0) +0.539215686<x61>[B] (+1) +0.539215686<x62>[B] (+0) +0.539215686<x63>[B] (+0) -0.539215686<x64>[B] (+1) +0.539215686<x65>[B] (+0) +0.539215686<x66>[B] (+1) +0.539215686<x67>[B] (+1) +0.539215686<x68>[B] (+1) +0.539215686<x69>[B] (+1) +0.539215686<x70>[B] (+1) +0.539215686<x71>[B] (+0) +0.539215686<x72>[B] (+1) +0.539215686<x73>[B] (+1) +0.539215686<x74>[B] (+1) +0.539215686<x75>[B] (+1) -0.539215686<x76>[B] (+1) -0.539215686<x77>[B] (+1) -0.539215686<x78>[B] (+1) +0.539215686<x79>[B] (+1) +0.539215686<x80>[B] (+1) +0.539215686<x81>[B] (+1) -0.539215686<x82>[B] (+1) +0.539215686<x83>[B] (+0) +0.539215686<x84>[B] (+1) -0.539215686<x85>[B] (+1) +0.539215686<x86>[B] (+1) +0.539215686<x87>[B] (+1) +0.539215686<x88>[B] (+0) +0.539215686<x89>[B] (+0) +0.539215686<x90>[B] (+0) +0.539215686<x91>[B] (+0) +0.539215686<x92>[B] (+0) +0.539215686<x93>[B] (+0) +0.539215686<x94>[B] (+0) +0.539215686<x95>[B] (+0) +0.539215686<x96>[B] (+0) +0.539215686<x97>[B] (+0) +0.539215686<x98>[B] (+0) +0.539215686<x99>[B] (+1) +0.539215686<x100>[B] (+1) +0.539215686<x101>[B] (+1) +0.539215686<x102>[B] (+1) +0.539215686<x103>[B] (+1) +0.539215686<x104>[B] (+0) +0.539215686<x105>[B] (+1) +0.539215686<x106>[B] (+1) +0.539215686<x107>[B] (+1) +0.539215686<x108>[B] (+1) +0.539215686<x109>[B] (+1) +0.539215686<x110>[B] (+1) +0.539215686<x111>[B] (+0) -0.539215686<x112>[B] (+1) +0.539215686<x113>[B] (+0) +0.539215686<x114>[B] (+0) +0.539215686<x115>[B] (+0) +0.539215686<x116>[B] (+1) +0.539215686<x117>[B] (+0) +0.539215686<x118>[B] (+0) -0.539215686<x119>[B] (+0) -0.539215686<x120>[B] (+1) -0.539215686<x121>[B] (+0) +0.539215686<x122>[B] (+0) -0.539215686<x123>[B] (+0) -0.539215686<x124>[B] (+1) +0.539215686<x125>[B] (+0) -0.539215686<x126>[B] (+0) -0.539215686<x127>[B] (+1) -0.539215686<x128>[B] (+0) -0.539215686<x129>[B] (+0) -0.539215686<x130>[B] (+0) -0.539215686<x131>[B] (+1) -0.539215686<x132>[B] (+0) -0.539215686<x133>[B] (+1) +0.539215686<x134>[B] (+0) +0.539215686<x135>[B] (+1) -0.539215686<x136>[B] (+1) +0.539215686<x137>[B] (+1) +0.539215686<x138>[B] (+1) +0.539215686<x139>[B] (+0) +0.539215686<x140>[B] (+0) +0.539215686<x141>[B] (+0) +0.539215686<x142>[B] (+1) +0.539215686<x143>[B] (+0) +0.539215686<x144>[B] (+1) -0.539215686<x145>[B] (+1) -0.539215686<x146>[B] (+1) +0.539215686<x147>[B] (+1) -0.539215686<x148>[B] (+1) -0.539215686<x149>[B] (+1) -0.539215686<x150>[B] (+1) +0.539215686<x151>[B] (+1) +0.539215686<x152>[B] (+1) +0.539215686<x153>[B] (+0) >= 33.297385620915;
;
violation: left hand side is violated by 0.00653594771240051
  [linear] <c2026>: <x211>[C] (+25.3006536) +0.578431373<x1>[B] (+1) -0.578431373<x2>[B] (+1) -0.578431373<x3>[B] (+1) +0.578431373<x4>[B] (+1) +0.578431373<x5>[B] (+1) +0.578431373<x6>[B] (+1) +0.578431373<x7>[B] (+1) -0.578431373<x8>[B] (+1) -0.578431373<x9>[B] (+1) -0.578431373<x10>[B] (+1) -0.578431373<x11>[B] (+1) -0.578431373<x12>[B] (+1) -0.578431373<x13>[B] (+1) -0.578431373<x14>[B] (+1) -0.578431373<x15>[B] (+1) +0.578431373<x16>[B] (+1) -0.578431373<x17>[B] (+1) -0.578431373<x18>[B] (+1) -0.578431373<x19>[B] (+1) -0.578431373<x20>[B] (+1) +0.578431373<x21>[B] (+0) +0.578431373<x22>[B] (+1) -0.578431373<x23>[B] (+1) -0.578431373<x24>[B] (+1) -0.578431373<x25>[B] (+1) -0.578431373<x26>[B] (+1) -0.578431373<x27>[B] (+1) -0.578431373<x28>[B] (+1) -0.578431373<x29>[B] (+0) -0.578431373<x30>[B] (+1) -0.578431373<x31>[B] (+1) -0.578431373<x32>[B] (+1) -0.578431373<x33>[B] (+1) +0.578431373<x34>[B] (+1) +0.578431373<x35>[B] (+0) +0.578431373<x36>[B] (+0) +0.578431373<x37>[B] (+1) +0.578431373<x38>[B] (+0) -0.578431373<x39>[B] (+1) -0.578431373<x40>[B] (+1) +0.578431373<x41>[B] (+1) +0.578431373<x42>[B] (+0) -0.578431373<x43>[B] (+1) -0.578431373<x44>[B] (+0) +0.578431373<x45>[B] (+1) -0.578431373<x46>[B] (+1) +0.578431373<x47>[B] (+1) +0.578431373<x48>[B] (+1) +0.578431373<x49>[B] (+0) +0.578431373<x50>[B] (+0) +0.578431373<x51>[B] (+1) +0.578431373<x52>[B] (+0) -0.578431373<x53>[B] (+0) -0.578431373<x54>[B] (+1) -0.578431373<x55>[B] (+0) -0.578431373<x56>[B] (+0) -0.578431373<x57>[B] (+0) -0.578431373<x58>[B] (+0) -0.578431373<x59>[B] (+0) -0.578431373<x60>[B] (+0) +0.578431373<x61>[B] (+1) -0.578431373<x62>[B] (+0) +0.578431373<x63>[B] (+0) +0.578431373<x64>[B] (+1) +0.578431373<x65>[B] (+0) -0.578431373<x66>[B] (+1) -0.578431373<x67>[B] (+1) -0.578431373<x68>[B] (+1) -0.578431373<x69>[B] (+1) -0.578431373<x70>[B] (+1) -0.578431373<x71>[B] (+0) -0.578431373<x72>[B] (+1) -0.578431373<x73>[B] (+1) -0.578431373<x74>[B] (+1) -0.578431373<x75>[B] (+1) -0.578431373<x76>[B] (+1) -0.578431373<x77>[B] (+1) -0.578431373<x78>[B] (+1) -0.578431373<x79>[B] (+1) -0.578431373<x80>[B] (+1) -0.578431373<x81>[B] (+1) -0.578431373<x82>[B] (+1) -0.578431373<x83>[B] (+0) -0.578431373<x84>[B] (+1) -0.578431373<x85>[B] (+1) -0.578431373<x86>[B] (+1) -0.578431373<x87>[B] (+1) -0.578431373<x88>[B] (+0) -0.578431373<x89>[B] (+0) -0.578431373<x90>[B] (+0) -0.578431373<x91>[B] (+0) -0.578431373<x92>[B] (+0) -0.578431373<x93>[B] (+0) -0.578431373<x94>[B] (+0) -0.578431373<x95>[B] (+0) -0.578431373<x96>[B] (+0) -0.578431373<x97>[B] (+1) -0.578431373<x98>[B] (+0) -0.578431373<x99>[B] (+1) -0.578431373<x100>[B] (+1) -0.578431373<x101>[B] (+1) -0.578431373<x102>[B] (+1) -0.578431373<x103>[B] (+1) -0.578431373<x104>[B] (+0) -0.578431373<x105>[B] (+1) -0.578431373<x106>[B] (+1) -0.578431373<x107>[B] (+1) -0.578431373<x108>[B] (+1) +0.578431373<x109>[B] (+1) +0.578431373<x110>[B] (+1) +0.578431373<x111>[B] (+0) +0.578431373<x112>[B] (+1) -0.578431373<x113>[B] (+0) +0.578431373<x114>[B] (+0) +0.578431373<x115>[B] (+0) +0.578431373<x116>[B] (+1) +0.578431373<x117>[B] (+0) +0.578431373<x118>[B] (+0) +0.578431373<x119>[B] (+0) +0.578431373<x120>[B] (+0) -0.578431373<x121>[B] (+0) +0.578431373<x122>[B] (+0) +0.578431373<x123>[B] (+0) +0.578431373<x124>[B] (+1) +0.578431373<x125>[B] (+0) +0.578431373<x126>[B] (+0) -0.578431373<x127>[B] (+0) -0.578431373<x128>[B] (+0) +0.578431373<x129>[B] (+0) -0.578431373<x130>[B] (+0) +0.578431373<x131>[B] (+1) -0.578431373<x132>[B] (+0) -0.578431373<x133>[B] (+1) -0.578431373<x134>[B] (+0) +0.578431373<x135>[B] (+1) -0.578431373<x136>[B] (+1) +0.578431373<x137>[B] (+1) -0.578431373<x138>[B] (+1) -0.578431373<x139>[B] (+0) +0.578431373<x140>[B] (+0) +0.578431373<x141>[B] (+0) +0.578431373<x142>[B] (+1) +0.578431373<x143>[B] (+0) +0.578431373<x144>[B] (+1) +0.578431373<x145>[B] (+1) +0.578431373<x146>[B] (+1) +0.578431373<x147>[B] (+1) -0.578431373<x148>[B] (+0) +0.578431373<x149>[B] (+1) -0.578431373<x150>[B] (+1) +0.578431373<x151>[B] (+1) +0.578431373<x152>[B] (+1) -0.578431373<x153>[B] (+0) >= 7.37581699346406;
;
violation: left hand side is violated by 0.00653594771241472
  [linear] <c2007>: <x170>[C] (+16.4542484) -0.467320261<x1>[B] (+1) -0.467320261<x2>[B] (+1) -0.467320261<x3>[B] (+1) -0.467320261<x4>[B] (+1) -0.467320261<x5>[B] (+1) -0.467320261<x6>[B] (+1) -0.467320261<x7>[B] (+1) -0.467320261<x8>[B] (+1) -0.467320261<x9>[B] (+1) -0.467320261<x10>[B] (+1) -0.467320261<x11>[B] (+1) -0.467320261<x12>[B] (+1) -0.467320261<x13>[B] (+0) -0.467320261<x14>[B] (+1) -0.467320261<x15>[B] (+1) -0.467320261<x16>[B] (+1) -0.467320261<x17>[B] (+1) +0.467320261<x18>[B] (+1) +0.467320261<x19>[B] (+1) -0.467320261<x20>[B] (+1) +0.467320261<x21>[B] (+0) +0.467320261<x22>[B] (+1) +0.467320261<x23>[B] (+1) +0.467320261<x24>[B] (+1) +0.467320261<x25>[B] (+1) +0.467320261<x26>[B] (+1) -0.467320261<x27>[B] (+1) +0.467320261<x28>[B] (+1) +0.467320261<x29>[B] (+0) -0.467320261<x30>[B] (+1) +0.467320261<x31>[B] (+1) +0.467320261<x32>[B] (+1) -0.467320261<x33>[B] (+1) +0.467320261<x34>[B] (+1) -0.467320261<x35>[B] (+0) -0.467320261<x36>[B] (+0) -0.467320261<x37>[B] (+1) +0.467320261<x38>[B] (+0) +0.467320261<x39>[B] (+1) +0.467320261<x40>[B] (+1) +0.467320261<x41>[B] (+1) -0.467320261<x42>[B] (+0) +0.467320261<x43>[B] (+1) -0.467320261<x44>[B] (+0) -0.467320261<x45>[B] (+0) +0.467320261<x46>[B] (+1) -0.467320261<x47>[B] (+1) -0.467320261<x48>[B] (+1) -0.467320261<x49>[B] (+0) -0.467320261<x50>[B] (+0) -0.467320261<x51>[B] (+1) +0.467320261<x52>[B] (+0) +0.467320261<x53>[B] (+0) +0.467320261<x54>[B] (+1) +0.467320261<x55>[B] (+0) -0.467320261<x56>[B] (+0) +0.467320261<x57>[B] (+0) -0.467320261<x58>[B] (+0) -0.467320261<x59>[B] (+0) +0.467320261<x60>[B] (+0) -0.467320261<x61>[B] (+1) -0.467320261<x62>[B] (+0) +0.467320261<x63>[B] (+0) +0.467320261<x64>[B] (+1) +0.467320261<x65>[B] (+0) +0.467320261<x66>[B] (+1) +0.467320261<x67>[B] (+1) +0.467320261<x68>[B] (+1) +0.467320261<x69>[B] (+1) +0.467320261<x70>[B] (+1) +0.467320261<x71>[B] (+0) +0.467320261<x72>[B] (+1) +0.467320261<x73>[B] (+1) +0.467320261<x74>[B] (+1) +0.467320261<x75>[B] (+1) -0.467320261<x76>[B] (+1) +0.467320261<x77>[B] (+1) +0.467320261<x78>[B] (+1) +0.467320261<x79>[B] (+1) +0.467320261<x80>[B] (+1) -0.467320261<x81>[B] (+1) +0.467320261<x82>[B] (+1) -0.467320261<x83>[B] (+0) -0.467320261<x84>[B] (+1) +0.467320261<x85>[B] (+1) -0.467320261<x86>[B] (+1) -0.467320261<x87>[B] (+1) +0.467320261<x88>[B] (+0) +0.467320261<x89>[B] (+0) +0.467320261<x90>[B] (+0) +0.467320261<x91>[B] (+0) -0.467320261<x92>[B] (+0) +0.467320261<x93>[B] (+0) +0.467320261<x94>[B] (+0) -0.467320261<x95>[B] (+0) +0.467320261<x96>[B] (+0) -0.467320261<x97>[B] (+1) -0.467320261<x98>[B] (+0) -0.467320261<x99>[B] (+1) +0.467320261<x100>[B] (+1) -0.467320261<x101>[B] (+1) -0.467320261<x102>[B] (+1) +0.467320261<x103>[B] (+1) -0.467320261<x104>[B] (+0) -0.467320261<x105>[B] (+1) +0.467320261<x106>[B] (+1) -0.467320261<x107>[B] (+1) -0.467320261<x108>[B] (+1) +0.467320261<x109>[B] (+1) -0.467320261<x110>[B] (+0) -0.467320261<x111>[B] (+0) +0.467320261<x112>[B] (+0) -0.467320261<x113>[B] (+0) -0.467320261<x114>[B] (+0) +0.467320261<x115>[B] (+0) -0.467320261<x116>[B] (+1) -0.467320261<x117>[B] (+0) -0.467320261<x118>[B] (+0) -0.467320261<x119>[B] (+0) +0.467320261<x120>[B] (+0) -0.467320261<x121>[B] (+0) -0.467320261<x122>[B] (+0) +0.467320261<x123>[B] (+0) -0.467320261<x124>[B] (+1) -0.467320261<x125>[B] (+0) -0.467320261<x126>[B] (+0) +0.467320261<x127>[B] (+1) -0.467320261<x128>[B] (+0) -0.467320261<x129>[B] (+0) +0.467320261<x130>[B] (+1) -0.467320261<x131>[B] (+1) -0.467320261<x132>[B] (+0) +0.467320261<x133>[B] (+1) +0.467320261<x134>[B] (+0) -0.467320261<x135>[B] (+1) +0.467320261<x136>[B] (+1) +0.467320261<x137>[B] (+1) -0.467320261<x138>[B] (+1) -0.467320261<x139>[B] (+0) -0.467320261<x140>[B] (+0) +0.467320261<x141>[B] (+0) -0.467320261<x142>[B] (+1) -0.467320261<x143>[B] (+0) -0.467320261<x144>[B] (+1) +0.467320261<x145>[B] (+1) -0.467320261<x146>[B] (+1) -0.467320261<x147>[B] (+1) +0.467320261<x148>[B] (+1) +0.467320261<x149>[B] (+1) +0.467320261<x150>[B] (+1) -0.467320261<x151>[B] (+1) -0.467320261<x152>[B] (+0) -0.467320261<x153>[B] (+0) >= 16.0065359477124;
;
violation: left hand side is violated by 0.0196078431372584
  [linear] <c2007>: <x170>[C] (+16.4542484) -0.467320261<x1>[B] (+1) -0.467320261<x2>[B] (+1) -0.467320261<x3>[B] (+1) -0.467320261<x4>[B] (+1) -0.467320261<x5>[B] (+1) -0.467320261<x6>[B] (+1) -0.467320261<x7>[B] (+1) -0.467320261<x8>[B] (+1) -0.467320261<x9>[B] (+1) -0.467320261<x10>[B] (+1) -0.467320261<x11>[B] (+1) -0.467320261<x12>[B] (+1) -0.467320261<x13>[B] (+1) -0.467320261<x14>[B] (+1) -0.467320261<x15>[B] (+1) -0.467320261<x16>[B] (+1) -0.467320261<x17>[B] (+1) +0.467320261<x18>[B] (+1) +0.467320261<x19>[B] (+1) -0.467320261<x20>[B] (+1) +0.467320261<x21>[B] (+0) +0.467320261<x22>[B] (+1) +0.467320261<x23>[B] (+1) +0.467320261<x24>[B] (+1) +0.467320261<x25>[B] (+1) +0.467320261<x26>[B] (+1) -0.467320261<x27>[B] (+1) +0.467320261<x28>[B] (+1) +0.467320261<x29>[B] (+0) -0.467320261<x30>[B] (+1) +0.467320261<x31>[B] (+1) +0.467320261<x32>[B] (+1) -0.467320261<x33>[B] (+1) +0.467320261<x34>[B] (+1) -0.467320261<x35>[B] (+0) -0.467320261<x36>[B] (+0) -0.467320261<x37>[B] (+1) +0.467320261<x38>[B] (+0) +0.467320261<x39>[B] (+1) +0.467320261<x40>[B] (+1) +0.467320261<x41>[B] (+1) -0.467320261<x42>[B] (+0) +0.467320261<x43>[B] (+1) -0.467320261<x44>[B] (+0) -0.467320261<x45>[B] (+0) +0.467320261<x46>[B] (+1) -0.467320261<x47>[B] (+1) -0.467320261<x48>[B] (+1) -0.467320261<x49>[B] (+0) -0.467320261<x50>[B] (+0) -0.467320261<x51>[B] (+1) +0.467320261<x52>[B] (+0) +0.467320261<x53>[B] (+1) +0.467320261<x54>[B] (+1) +0.467320261<x55>[B] (+0) -0.467320261<x56>[B] (+0) +0.467320261<x57>[B] (+0) -0.467320261<x58>[B] (+0) -0.467320261<x59>[B] (+0) +0.467320261<x60>[B] (+0) -0.467320261<x61>[B] (+1) -0.467320261<x62>[B] (+0) +0.467320261<x63>[B] (+0) +0.467320261<x64>[B] (+1) +0.467320261<x65>[B] (+0) +0.467320261<x66>[B] (+1) +0.467320261<x67>[B] (+1) +0.467320261<x68>[B] (+1) +0.467320261<x69>[B] (+1) +0.467320261<x70>[B] (+1) +0.467320261<x71>[B] (+0) +0.467320261<x72>[B] (+1) +0.467320261<x73>[B] (+1) +0.467320261<x74>[B] (+1) +0.467320261<x75>[B] (+1) -0.467320261<x76>[B] (+1) +0.467320261<x77>[B] (+1) +0.467320261<x78>[B] (+1) +0.467320261<x79>[B] (+1) +0.467320261<x80>[B] (+1) -0.467320261<x81>[B] (+1) +0.467320261<x82>[B] (+1) -0.467320261<x83>[B] (+0) -0.467320261<x84>[B] (+1) +0.467320261<x85>[B] (+1) -0.467320261<x86>[B] (+1) -0.467320261<x87>[B] (+1) +0.467320261<x88>[B] (+0) +0.467320261<x89>[B] (+1) +0.467320261<x90>[B] (+0) +0.467320261<x91>[B] (+0) -0.467320261<x92>[B] (+0) +0.467320261<x93>[B] (+0) +0.467320261<x94>[B] (+0) -0.467320261<x95>[B] (+0) +0.467320261<x96>[B] (+0) -0.467320261<x97>[B] (+1) -0.467320261<x98>[B] (+0) -0.467320261<x99>[B] (+1) +0.467320261<x100>[B] (+1) -0.467320261<x101>[B] (+1) -0.467320261<x102>[B] (+1) +0.467320261<x103>[B] (+1) -0.467320261<x104>[B] (+0) -0.467320261<x105>[B] (+1) +0.467320261<x106>[B] (+1) -0.467320261<x107>[B] (+1) -0.467320261<x108>[B] (+1) +0.467320261<x109>[B] (+0) -0.467320261<x110>[B] (+0) -0.467320261<x111>[B] (+0) +0.467320261<x112>[B] (+0) -0.467320261<x113>[B] (+0) -0.467320261<x114>[B] (+0) +0.467320261<x115>[B] (+0) -0.467320261<x116>[B] (+1) -0.467320261<x117>[B] (+0) -0.467320261<x118>[B] (+0) -0.467320261<x119>[B] (+0) +0.467320261<x120>[B] (+0) -0.467320261<x121>[B] (+0) -0.467320261<x122>[B] (+0) +0.467320261<x123>[B] (+0) -0.467320261<x124>[B] (+1) -0.467320261<x125>[B] (+0) -0.467320261<x126>[B] (+0) +0.467320261<x127>[B] (+0) -0.467320261<x128>[B] (+0) -0.467320261<x129>[B] (+0) +0.467320261<x130>[B] (+1) -0.467320261<x131>[B] (+1) -0.467320261<x132>[B] (+0) +0.467320261<x133>[B] (+1) +0.467320261<x134>[B] (+0) -0.467320261<x135>[B] (+1) +0.467320261<x136>[B] (+1) +0.467320261<x137>[B] (+1) -0.467320261<x138>[B] (+1) -0.467320261<x139>[B] (+0) -0.467320261<x140>[B] (+0) +0.467320261<x141>[B] (+1) -0.467320261<x142>[B] (+1) -0.467320261<x143>[B] (+0) -0.467320261<x144>[B] (+1) +0.467320261<x145>[B] (+1) -0.467320261<x146>[B] (+1) -0.467320261<x147>[B] (+1) +0.467320261<x148>[B] (+1) +0.467320261<x149>[B] (+1) +0.467320261<x150>[B] (+1) -0.467320261<x151>[B] (+1) -0.467320261<x152>[B] (+0) -0.467320261<x153>[B] (+0) >= 16.0065359477124;
;
violation: left hand side is violated by 0.0196078431372584
  [linear] <c2019>: <x196>[C] (+32.0098039) +0.637254902<x1>[B] (+1) -0.637254902<x2>[B] (+1) +0.637254902<x3>[B] (+1) +0.637254902<x4>[B] (+1) -0.637254902<x5>[B] (+1) +0.637254902<x6>[B] (+1) -0.637254902<x7>[B] (+1) -0.637254902<x8>[B] (+1) -0.637254902<x9>[B] (+1) -0.637254902<x10>[B] (+1) -0.637254902<x11>[B] (+1) -0.637254902<x12>[B] (+1) +0.637254902<x13>[B] (+0) +0.637254902<x14>[B] (+1) -0.637254902<x15>[B] (+1) -0.637254902<x16>[B] (+1) +0.637254902<x17>[B] (+1) -0.637254902<x18>[B] (+1) -0.637254902<x19>[B] (+1) -0.637254902<x20>[B] (+1) -0.637254902<x21>[B] (+0) -0.637254902<x22>[B] (+1) -0.637254902<x23>[B] (+1) -0.637254902<x24>[B] (+1) -0.637254902<x25>[B] (+1) -0.637254902<x26>[B] (+1) -0.637254902<x27>[B] (+1) -0.637254902<x28>[B] (+1) -0.637254902<x29>[B] (+0) -0.637254902<x30>[B] (+1) -0.637254902<x31>[B] (+1) -0.637254902<x32>[B] (+1) +0.637254902<x33>[B] (+1) +0.637254902<x34>[B] (+1) +0.637254902<x35>[B] (+0) +0.637254902<x36>[B] (+0) +0.637254902<x37>[B] (+1) +0.637254902<x38>[B] (+1) -0.637254902<x39>[B] (+1) -0.637254902<x40>[B] (+1) +0.637254902<x41>[B] (+1) +0.637254902<x42>[B] (+1) +0.637254902<x43>[B] (+1) +0.637254902<x44>[B] (+0) +0.637254902<x45>[B] (+1) +0.637254902<x46>[B] (+1) -0.637254902<x47>[B] (+1) +0.637254902<x48>[B] (+1) +0.637254902<x49>[B] (+0) -0.637254902<x50>[B] (+0) +0.637254902<x51>[B] (+0) -0.637254902<x52>[B] (+0) -0.637254902<x53>[B] (+0) -0.637254902<x54>[B] (+0) -0.637254902<x55>[B] (+0) -0.637254902<x56>[B] (+0) -0.637254902<x57>[B] (+0) -0.637254902<x58>[B] (+0) +0.637254902<x59>[B] (+0) -0.637254902<x60>[B] (+0) -0.637254902<x61>[B] (+0) +0.637254902<x62>[B] (+0) -0.637254902<x63>[B] (+0) +0.637254902<x64>[B] (+1) -0.637254902<x65>[B] (+1) -0.637254902<x66>[B] (+1) -0.637254902<x67>[B] (+1) -0.637254902<x68>[B] (+1) -0.637254902<x69>[B] (+1) -0.637254902<x70>[B] (+1) -0.637254902<x71>[B] (+0) +0.637254902<x72>[B] (+1) -0.637254902<x73>[B] (+1) -0.637254902<x74>[B] (+1) +0.637254902<x75>[B] (+1) +0.637254902<x76>[B] (+1) -0.637254902<x77>[B] (+1) -0.637254902<x78>[B] (+1) -0.637254902<x79>[B] (+1) -0.637254902<x80>[B] (+1) +0.637254902<x81>[B] (+1) -0.637254902<x82>[B] (+1) +0.637254902<x83>[B] (+0) +0.637254902<x84>[B] (+1) -0.637254902<x85>[B] (+1) -0.637254902<x86>[B] (+1) +0.637254902<x87>[B] (+1) -0.637254902<x88>[B] (+0) -0.637254902<x89>[B] (+0) -0.637254902<x90>[B] (+1) -0.637254902<x91>[B] (+1) -0.637254902<x92>[B] (+0) -0.637254902<x93>[B] (+0) -0.637254902<x94>[B] (+0) +0.637254902<x95>[B] (+0) -0.637254902<x96>[B] (+1) -0.637254902<x97>[B] (+1) +0.637254902<x98>[B] (+0) -0.637254902<x99>[B] (+1) -0.637254902<x100>[B] (+1) +0.637254902<x101>[B] (+1) +0.637254902<x102>[B] (+0) -0.637254902<x103>[B] (+1) +0.637254902<x104>[B] (+0) +0.637254902<x105>[B] (+1) -0.637254902<x106>[B] (+1) -0.637254902<x107>[B] (+1) +0.637254902<x108>[B] (+1) -0.637254902<x109>[B] (+1) +0.637254902<x110>[B] (+1) +0.637254902<x111>[B] (+0) +0.637254902<x112>[B] (+1) +0.637254902<x113>[B] (+0) +0.637254902<x114>[B] (+0) +0.637254902<x115>[B] (+1) -0.637254902<x116>[B] (+1) +0.637254902<x117>[B] (+0) +0.637254902<x118>[B] (+0) +0.637254902<x119>[B] (+0) +0.637254902<x120>[B] (+0) +0.637254902<x121>[B] (+0) +0.637254902<x122>[B] (+0) +0.637254902<x123>[B] (+0) -0.637254902<x124>[B] (+1) +0.637254902<x125>[B] (+0) +0.637254902<x126>[B] (+0) -0.637254902<x127>[B] (+0) +0.637254902<x128>[B] (+0) +0.637254902<x129>[B] (+0) -0.637254902<x130>[B] (+1) -0.637254902<x131>[B] (+1) +0.637254902<x132>[B] (+0) -0.637254902<x133>[B] (+1) +0.637254902<x134>[B] (+0) +0.637254902<x135>[B] (+1) -0.637254902<x136>[B] (+1) -0.637254902<x137>[B] (+1) +0.637254902<x138>[B] (+1) +0.637254902<x139>[B] (+0) +0.637254902<x140>[B] (+0) -0.637254902<x141>[B] (+1) -0.637254902<x142>[B] (+1) +0.637254902<x143>[B] (+0) +0.637254902<x144>[B] (+1) -0.637254902<x145>[B] (+1) -0.637254902<x146>[B] (+1) +0.637254902<x147>[B] (+1) -0.637254902<x148>[B] (+1) -0.637254902<x149>[B] (+1) +0.637254902<x150>[B] (+1) -0.637254902<x151>[B] (+1) +0.637254902<x152>[B] (+0) +0.637254902<x153>[B] (+0) >= 12.2679738562091;
;
violation: left hand side is violated by 0.013071895424833
1/10 feasible solution given by solution candidate storage, new primal bound -1.406658e+03

presolving:
   (0.0s) symmetry computation started: requiring (bin +, int +, cont +), (fixed: bin -, int -, cont -)
   (0.0s) no symmetry present (symcode time: 0.00)
presolving (0 rounds: 0 fast, 0 medium, 0 exhaustive):
 0 deleted vars, 0 deleted constraints, 0 added constraints, 0 tightened bounds, 0 added holes, 0 changed sides, 0 changed coefficients
 0 implications, 0 cliques, 0 implied integral variables (0 bin, 0 int, 0 cont)
presolved problem has 243 variables (153 bin, 0 int, 90 cont) and 2044 constraints
   2044 constraints of type <linear>
Presolving Time: 0.03
transformed 2/2 original solutions to the transformed problem space

 time | node  | left  |LP iter|LP it/n|mem/heur|mdpt |vars |cons |rows |cuts |sepa|confs|strbr|  dualbound   | primalbound  |  gap   | compl. 
  0.2s|     1 |     0 |   945 |     - |   112M |   0 | 243 |2044 |2044 |   0 |  0 |   0 |   0 |-1.268571e+03 |-1.406658e+03 |  10.89%| unknown
  0.3s|     1 |     0 |   965 |     - |   112M |   0 | 243 |2044 |2046 |   2 |  1 |   0 |   0 |-1.268659e+03 |-1.406658e+03 |  10.88%| unknown
  0.4s|     1 |     0 |  1008 |     - |   112M |   0 | 243 |2044 |2049 |   5 |  2 |   0 |   0 |-1.268724e+03 |-1.406658e+03 |  10.87%| unknown
  0.5s|     1 |     0 |  1063 |     - |   113M |   0 | 243 |2044 |2051 |   7 |  3 |   0 |   0 |-1.268785e+03 |-1.406658e+03 |  10.87%| unknown
  0.6s|     1 |     0 |  1109 |     - |   113M |   0 | 243 |2044 |2054 |  10 |  4 |   0 |   0 |-1.268830e+03 |-1.406658e+03 |  10.86%| unknown
  0.7s|     1 |     0 |  1178 |     - |   113M |   0 | 243 |2044 |2056 |  12 |  5 |   0 |   0 |-1.269048e+03 |-1.406658e+03 |  10.84%| unknown
  0.9s|     1 |     0 |  1207 |     - |   113M |   0 | 243 |2044 |2061 |  17 |  6 |   0 |   0 |-1.269075e+03 |-1.406658e+03 |  10.84%| unknown
  1.0s|     1 |     0 |  1251 |     - |   113M |   0 | 243 |2044 |2066 |  22 |  7 |   0 |   0 |-1.269108e+03 |-1.406658e+03 |  10.84%| unknown
  1.2s|     1 |     0 |  1289 |     - |   114M |   0 | 243 |2044 |2069 |  25 |  8 |   0 |   0 |-1.269142e+03 |-1.406658e+03 |  10.84%| unknown
  1.3s|     1 |     0 |  1350 |     - |   114M |   0 | 243 |2044 |2071 |  27 |  9 |   0 |   0 |-1.269176e+03 |-1.406658e+03 |  10.83%| unknown
  1.5s|     1 |     0 |  1393 |     - |   114M |   0 | 243 |2044 |2075 |  31 | 10 |   0 |   0 |-1.269213e+03 |-1.406658e+03 |  10.83%| unknown
  1.5s|     1 |     0 |  1413 |     - |   114M |   0 | 243 |2044 |2078 |  34 | 11 |   0 |   0 |-1.269218e+03 |-1.406658e+03 |  10.83%| unknown
  1.6s|     1 |     0 |  1462 |     - |   114M |   0 | 243 |2044 |2081 |  37 | 12 |   0 |   0 |-1.269234e+03 |-1.406658e+03 |  10.83%| unknown
  1.6s|     1 |     0 |  1487 |     - |   115M |   0 | 243 |2044 |2086 |  42 | 13 |   0 |   0 |-1.269237e+03 |-1.406658e+03 |  10.83%| unknown
  1.6s|     1 |     0 |  1539 |     - |   115M |   0 | 243 |2044 |2093 |  49 | 14 |   0 |   0 |-1.269248e+03 |-1.406658e+03 |  10.83%| unknown
 time | node  | left  |LP iter|LP it/n|mem/heur|mdpt |vars |cons |rows |cuts |sepa|confs|strbr|  dualbound   | primalbound  |  gap   | compl. 
  1.7s|     1 |     0 |  1570 |     - |   115M |   0 | 243 |2044 |2096 |  52 | 15 |   0 |   0 |-1.269263e+03 |-1.406658e+03 |  10.82%| unknown
r 1.7s|     1 |     0 |  1728 |     - |intshift|   0 | 243 |2044 |2096 |  52 | 15 |   0 |   0 |-1.269263e+03 |-1.308340e+03 |   3.08%| unknown
d 1.8s|     1 |     0 |  2673 |     - |farkasdi|   0 | 243 |2044 |2096 |   0 | 15 |   0 |   0 |-1.269263e+03 |-1.279373e+03 |   0.80%| unknown
L 2.5s|     1 |     0 |  2673 |     - |    rens|   0 | 243 |2044 |2096 |  52 | 15 |   0 |   0 |-1.269263e+03 |-1.277131e+03 |   0.62%| unknown
  2.5s|     1 |     0 |  2673 |     - |   115M |   0 | 243 |2044 |2096 |  52 | 15 |   0 |   0 |-1.269263e+03 |-1.277131e+03 |   0.62%| unknown
  2.5s|     1 |     0 |  2673 |     - |   115M |   0 | 243 |2044 |1969 |  52 | 15 |   0 |   0 |-1.269263e+03 |-1.277131e+03 |   0.62%| unknown
  2.6s|     1 |     0 |  2682 |     - |   115M |   0 | 243 |2044 |1972 |  55 | 16 |   0 |   0 |-1.269264e+03 |-1.277131e+03 |   0.62%| unknown
  2.6s|     1 |     0 |  2694 |     - |   115M |   0 | 243 |2044 |1970 |  58 | 17 |   0 |   0 |-1.269265e+03 |-1.277131e+03 |   0.62%| unknown
(run 1, node 1) restarting after 8 global fixings of integer variables

(restart) converted 53 cuts from the global cut pool into linear constraints

presolving:
presolving (0 rounds: 0 fast, 0 medium, 0 exhaustive):
 0 deleted vars, 0 deleted constraints, 0 added constraints, 0 tightened bounds, 0 added holes, 0 changed sides, 0 changed coefficients
 0 implications, 0 cliques, 0 implied integral variables (0 bin, 0 int, 0 cont)
presolved problem has 243 variables (153 bin, 0 int, 90 cont) and 1970 constraints
   1969 constraints of type <linear>
      1 constraints of type <logicor>
Presolving Time: 0.03
transformed 24/26 original solutions to the transformed problem space

 time | node  | left  |LP iter|LP it/n|mem/heur|mdpt |vars |cons |rows |cuts |sepa|confs|strbr|  dualbound   | primalbound  |  gap   | compl. 
  2.7s|     1 |     0 |  3904 |     - |   118M |   0 | 243 |1970 |1969 |   0 |  0 |   1 |   0 |-1.269265e+03 |-1.277131e+03 |   0.62%| unknown
  3.0s|     1 |     0 |  3943 |     - |   118M |   0 | 243 |1970 |1971 |   2 |  1 |   1 |   0 |-1.269276e+03 |-1.277131e+03 |   0.62%| unknown
  3.2s|     1 |     0 |  3980 |     - |   118M |   0 | 243 |1970 |1972 |   3 |  2 |   1 |   0 |-1.269280e+03 |-1.277131e+03 |   0.62%| unknown
  3.4s|     1 |     0 |  4053 |     - |   119M |   0 | 243 |1970 |1973 |   4 |  3 |   1 |   0 |-1.269292e+03 |-1.277131e+03 |   0.62%| unknown
  3.6s|     1 |     0 |  4092 |     - |   119M |   0 | 243 |1970 |1975 |   6 |  4 |   1 |   0 |-1.269300e+03 |-1.277131e+03 |   0.62%| unknown
  3.9s|     1 |     0 |  4121 |     - |   119M |   0 | 243 |1970 |1978 |   9 |  5 |   1 |   0 |-1.269302e+03 |-1.277131e+03 |   0.62%| unknown
  4.2s|     1 |     0 |  4165 |     - |   119M |   0 | 243 |1970 |1981 |  12 |  6 |   1 |   0 |-1.269303e+03 |-1.277131e+03 |   0.62%| unknown
  4.4s|     1 |     0 |  4190 |     - |   119M |   0 | 243 |1970 |1982 |  13 |  7 |   1 |   0 |-1.269304e+03 |-1.277131e+03 |   0.62%| unknown
  4.7s|     1 |     0 |  4234 |     - |   119M |   0 | 243 |1970 |1983 |  14 |  8 |   1 |   0 |-1.269309e+03 |-1.277131e+03 |   0.62%| unknown
  4.9s|     1 |     0 |  4270 |     - |   119M |   0 | 243 |1970 |1984 |  15 |  9 |   1 |   0 |-1.269311e+03 |-1.277131e+03 |   0.62%| unknown
  5.1s|     1 |     0 |  4287 |     - |   119M |   0 | 243 |1970 |1986 |  17 | 10 |   1 |   0 |-1.269311e+03 |-1.277131e+03 |   0.62%| unknown
  5.1s|     1 |     0 |  4305 |     - |   119M |   0 | 243 |1970 |1968 |  19 | 11 |   1 |   0 |-1.269311e+03 |-1.277131e+03 |   0.62%| unknown
  7.9s|     1 |     2 |  5220 |     - |   119M |   0 | 243 |1982 |1968 |  19 | 11 |  13 |  39 |-1.270567e+03 |-1.277131e+03 |   0.52%| unknown

SCIP Status        : problem is solved [optimal solution found]
Solving Time (sec) : 11.76
Solving Nodes      : 23 (total of 24 nodes in 2 runs)
Primal Bound       : -1.27713071895425e+03 (44 solutions)
Dual Bound         : -1.27713071895425e+03
Gap                : 0.00 %
  [linear] <c2045>: <x159>[C] (+16.9346405) +0.467320261<x1>[B] (+1) +0.467320261<x2>[B] (+1) +0.467320261<x3>[B] (+1) +0.467320261<x4>[B] (+1) +0.467320261<x5>[B] (+1) -0.467320261<x6>[B] (+1) +0.467320261<x7>[B] (+1) +0.467320261<x8>[B] (+1) +0.467320261<x9>[B] (+1) +0.467320261<x10>[B] (+1) +0.467320261<x11>[B] (+1) +0.467320261<x12>[B] (+1) +0.467320261<x13>[B] (+1) +0.467320261<x14>[B] (+1) +0.467320261<x15>[B] (+1) +0.467320261<x16>[B] (+1) +0.467320261<x17>[B] (+1) -0.467320261<x18>[B] (+1) +0.467320261<x19>[B] (+1) +0.467320261<x20>[B] (+1) +0.467320261<x21>[B] (+1) -0.467320261<x22>[B] (+1) +0.467320261<x23>[B] (+1) +0.467320261<x24>[B] (+1) +0.467320261<x25>[B] (+1) +0.467320261<x26>[B] (+1) -0.467320261<x27>[B] (+1) +0.467320261<x28>[B] (+1) +0.467320261<x29>[B] (+1) +0.467320261<x30>[B] (+1) +0.467320261<x31>[B] (+1) +0.467320261<x32>[B] (+1) +0.467320261<x33>[B] (+1) +0.467320261<x34>[B] (+1) +0.467320261<x35>[B] (+0) +0.467320261<x36>[B] (+0) -0.467320261<x37>[B] (+1) +0.467320261<x38>[B] (+0) +0.467320261<x39>[B] (+1) +0.467320261<x40>[B] (+1) +0.467320261<x41>[B] (+1) +0.467320261<x42>[B] (+0) +0.467320261<x43>[B] (+1) +0.467320261<x44>[B] (+0) +0.467320261<x45>[B] (+1) +0.467320261<x46>[B] (+1) +0.467320261<x47>[B] (+1) +0.467320261<x48>[B] (+1) -0.467320261<x49>[B] (+0) -0.467320261<x50>[B] (+0) -0.467320261<x51>[B] (+1) -0.467320261<x52>[B] (+0) -0.467320261<x53>[B] (+0) -0.467320261<x54>[B] (+0) -0.467320261<x55>[B] (+0) -0.467320261<x56>[B] (+0) -0.467320261<x57>[B] (+0) -0.467320261<x58>[B] (+0) -0.467320261<x59>[B] (+0) -0.467320261<x60>[B] (+0) -0.467320261<x61>[B] (+1) +0.467320261<x62>[B] (+0) +0.467320261<x63>[B] (+0) -0.467320261<x64>[B] (+1) +0.467320261<x65>[B] (+0) +0.467320261<x66>[B] (+1) +0.467320261<x67>[B] (+1) -0.467320261<x68>[B] (+1) -0.467320261<x69>[B] (+1) +0.467320261<x70>[B] (+1) +0.467320261<x71>[B] (+0) -0.467320261<x72>[B] (+1) -0.467320261<x73>[B] (+1) -0.467320261<x74>[B] (+1) +0.467320261<x75>[B] (+1) -0.467320261<x76>[B] (+1) -0.467320261<x77>[B] (+0) -0.467320261<x78>[B] (+1) -0.467320261<x79>[B] (+1) -0.467320261<x80>[B] (+1) -0.467320261<x81>[B] (+1) +0.467320261<x82>[B] (+1) -0.467320261<x83>[B] (+0) -0.467320261<x84>[B] (+1) -0.467320261<x85>[B] (+1) -0.467320261<x86>[B] (+1) +0.467320261<x87>[B] (+1) +0.467320261<x88>[B] (+0) +0.467320261<x89>[B] (+0) +0.467320261<x90>[B] (+0) +0.467320261<x91>[B] (+0) +0.467320261<x92>[B] (+0) +0.467320261<x93>[B] (+0) +0.467320261<x94>[B] (+0) +0.467320261<x95>[B] (+0) +0.467320261<x96>[B] (+0) +0.467320261<x97>[B] (+0) +0.467320261<x98>[B] (+0) -0.467320261<x99>[B] (+1) -0.467320261<x100>[B] (+1) -0.467320261<x101>[B] (+1) -0.467320261<x102>[B] (+1) +0.467320261<x103>[B] (+1) +0.467320261<x104>[B] (+0) -0.467320261<x105>[B] (+1) -0.467320261<x106>[B] (+1) -0.467320261<x107>[B] (+1) +0.467320261<x108>[B] (+1) -0.467320261<x109>[B] (+0) -0.467320261<x110>[B] (+1) -0.467320261<x111>[B] (+0) +0.467320261<x112>[B] (+1) +0.467320261<x113>[B] (+0) -0.467320261<x114>[B] (+0) -0.467320261<x115>[B] (+1) -0.467320261<x116>[B] (+1) +0.467320261<x117>[B] (+0) -0.467320261<x118>[B] (+1) -0.467320261<x119>[B] (+0) +0.467320261<x120>[B] (+1) +0.467320261<x121>[B] (+0) -0.467320261<x122>[B] (+0) -0.467320261<x123>[B] (+1) -0.467320261<x124>[B] (+1) +0.467320261<x125>[B] (+0) -0.467320261<x126>[B] (+0) +0.467320261<x127>[B] (+1) +0.467320261<x128>[B] (+0) -0.467320261<x129>[B] (+0) +0.467320261<x130>[B] (+1) -0.467320261<x131>[B] (+1) +0.467320261<x132>[B] (+0) +0.467320261<x133>[B] (+1) +0.467320261<x134>[B] (+0) +0.467320261<x135>[B] (+1) +0.467320261<x136>[B] (+1) +0.467320261<x137>[B] (+1) +0.467320261<x138>[B] (+1) -0.467320261<x139>[B] (+0) -0.467320261<x140>[B] (+0) -0.467320261<x141>[B] (+7.76521704e-14) -0.467320261<x142>[B] (+1) +0.467320261<x143>[B] (+0) -0.467320261<x144>[B] (+1) -0.467320261<x145>[B] (+1) -0.467320261<x146>[B] (+1) +0.467320261<x147>[B] (+1) +0.467320261<x148>[B] (+1) -0.467320261<x149>[B] (+1) +0.467320261<x150>[B] (+1) -0.467320261<x151>[B] (+1) +0.467320261<x152>[B] (+0) +0.467320261<x153>[B] (+0) >= 24.8856209150327;
;
violation: left hand side is violated by 0.00653594771241828
  [linear] <c2047>: <x162>[C] (+21.4215686) +0.519607843<x1>[B] (+1) +0.519607843<x2>[B] (+1) +0.519607843<x3>[B] (+1) -0.519607843<x4>[B] (+1) +0.519607843<x5>[B] (+1) +0.519607843<x6>[B] (+1) -0.519607843<x7>[B] (+1) +0.519607843<x8>[B] (+1) +0.519607843<x9>[B] (+1) -0.519607843<x10>[B] (+1) +0.519607843<x11>[B] (+1) -0.519607843<x12>[B] (+1) +0.519607843<x13>[B] (+1) +0.519607843<x14>[B] (+1) -0.519607843<x15>[B] (+1) +0.519607843<x16>[B] (+1) +0.519607843<x17>[B] (+1) +0.519607843<x18>[B] (+1) +0.519607843<x19>[B] (+1) -0.519607843<x20>[B] (+1) +0.519607843<x21>[B] (+0) -0.519607843<x22>[B] (+1) -0.519607843<x23>[B] (+1) +0.519607843<x24>[B] (+1) +0.519607843<x25>[B] (+1) -0.519607843<x26>[B] (+1) +0.519607843<x27>[B] (+1) -0.519607843<x28>[B] (+1) +0.519607843<x29>[B] (+0) +0.519607843<x30>[B] (+1) -0.519607843<x31>[B] (+1) +0.519607843<x32>[B] (+1) +0.519607843<x33>[B] (+1) -0.519607843<x34>[B] (+1) -0.519607843<x35>[B] (+0) -0.519607843<x36>[B] (+0) -0.519607843<x37>[B] (+1) -0.519607843<x38>[B] (+1) +0.519607843<x39>[B] (+1) -0.519607843<x40>[B] (+1) -0.519607843<x41>[B] (+1) +0.519607843<x42>[B] (+1) -0.519607843<x43>[B] (+1) -0.519607843<x44>[B] (+0) -0.519607843<x45>[B] (+1) -0.519607843<x46>[B] (+1) -0.519607843<x47>[B] (+1) +0.519607843<x48>[B] (+1) -0.519607843<x49>[B] (+0) -0.519607843<x50>[B] (+0) -0.519607843<x51>[B] (+1) -0.519607843<x52>[B] (+0) +0.519607843<x53>[B] (+0) -0.519607843<x54>[B] (+0) -0.519607843<x55>[B] (+0) +0.519607843<x56>[B] (+0) -0.519607843<x57>[B] (+0) -0.519607843<x58>[B] (+0) -0.519607843<x59>[B] (+0) -0.519607843<x60>[B] (+0) -0.519607843<x61>[B] (+0) +0.519607843<x62>[B] (+0) +0.519607843<x63>[B] (+0) +0.519607843<x64>[B] (+1) +0.519607843<x65>[B] (+1) +0.519607843<x66>[B] (+1) +0.519607843<x67>[B] (+1) +0.519607843<x68>[B] (+1) +0.519607843<x69>[B] (+1) -0.519607843<x70>[B] (+1) +0.519607843<x71>[B] (+0) +0.519607843<x72>[B] (+1) +0.519607843<x73>[B] (+1) +0.519607843<x74>[B] (+1) +0.519607843<x75>[B] (+1) -0.519607843<x76>[B] (+1) -0.519607843<x77>[B] (+1) +0.519607843<x78>[B] (+1) -0.519607843<x79>[B] (+1) -0.519607843<x80>[B] (+1) +0.519607843<x81>[B] (+1) -0.519607843<x82>[B] (+1) +0.519607843<x83>[B] (+0) +0.519607843<x84>[B] (+1) -0.519607843<x85>[B] (+1) -0.519607843<x86>[B] (+1) +0.519607843<x87>[B] (+1) -0.519607843<x88>[B] (+0) +0.519607843<x89>[B] (+0) +0.519607843<x90>[B] (+0) -0.519607843<x91>[B] (+0) +0.519607843<x92>[B] (+0) -0.519607843<x93>[B] (+0) +0.519607843<x94>[B] (+0) +0.519607843<x95>[B] (+0) -0.519607843<x96>[B] (+0) +0.519607843<x97>[B] (+0) +0.519607843<x98>[B] (+0) +0.519607843<x99>[B] (+1) +0.519607843<x100>[B] (+1) +0.519607843<x101>[B] (+1) +0.519607843<x102>[B] (+1) -0.519607843<x103>[B] (+1) +0.519607843<x104>[B] (+0) +0.519607843<x105>[B] (+0) -0.519607843<x106>[B] (+1) +0.519607843<x107>[B] (+1) +0.519607843<x108>[B] (+1) -0.519607843<x109>[B] (+0) -0.519607843<x110>[B] (+1) +0.519607843<x111>[B] (+0) -0.519607843<x112>[B] (+1) -0.519607843<x113>[B] (+0) -0.519607843<x114>[B] (+0) -0.519607843<x115>[B] (+1) -0.519607843<x116>[B] (+1) +0.519607843<x117>[B] (+0) -0.519607843<x118>[B] (+1) +0.519607843<x119>[B] (+0) -0.519607843<x120>[B] (+1) +0.519607843<x121>[B] (+0) +0.519607843<x122>[B] (+0) -0.519607843<x123>[B] (+1) +0.519607843<x124>[B] (+1) +0.519607843<x125>[B] (+0) +0.519607843<x126>[B] (+0) -0.519607843<x127>[B] (+1) +0.519607843<x128>[B] (+0) +0.519607843<x129>[B] (+0) -0.519607843<x130>[B] (+1) +0.519607843<x131>[B] (+1) +0.519607843<x132>[B] (+0) -0.519607843<x133>[B] (+1) -0.519607843<x134>[B] (+0) -0.519607843<x135>[B] (+0) -0.519607843<x136>[B] (+1) -0.519607843<x137>[B] (+1) -0.519607843<x138>[B] (+1) +0.519607843<x139>[B] (+0) +0.519607843<x140>[B] (+0) +0.519607843<x141>[B] (+1) +0.519607843<x142>[B] (+1) +0.519607843<x143>[B] (+0) +0.519607843<x144>[B] (+1) -0.519607843<x145>[B] (+1) -0.519607843<x146>[B] (+1) +0.519607843<x147>[B] (+1) -0.519607843<x148>[B] (+1) -0.519607843<x149>[B] (+1) +0.519607843<x150>[B] (+1) +0.519607843<x151>[B] (+0) +0.519607843<x152>[B] (+0) +0.519607843<x153>[B] (+0) >= 22.4738562091503;
;
violation: left hand side is violated by 0.0130718954248437
  [linear] <c2053>: <x173>[C] (+23.5718954) -0.558823529<x1>[B] (+1) -0.558823529<x2>[B] (+1) -0.558823529<x3>[B] (+1) -0.558823529<x4>[B] (+1) -0.558823529<x5>[B] (+1) -0.558823529<x6>[B] (+1) -0.558823529<x7>[B] (+1) +0.558823529<x8>[B] (+1) -0.558823529<x9>[B] (+1) -0.558823529<x10>[B] (+1) -0.558823529<x11>[B] (+1) -0.558823529<x12>[B] (+1) -0.558823529<x13>[B] (+1) -0.558823529<x14>[B] (+1) -0.558823529<x15>[B] (+1) -0.558823529<x16>[B] (+1) -0.558823529<x17>[B] (+1) -0.558823529<x18>[B] (+1) -0.558823529<x19>[B] (+1) +0.558823529<x20>[B] (+1) +0.558823529<x21>[B] (+1) +0.558823529<x22>[B] (+1) +0.558823529<x23>[B] (+1) +0.558823529<x24>[B] (+1) -0.558823529<x25>[B] (+1) +0.558823529<x26>[B] (+1) +0.558823529<x27>[B] (+1) +0.558823529<x28>[B] (+1) +0.558823529<x29>[B] (+1) -0.558823529<x30>[B] (+1) -0.558823529<x31>[B] (+1) -0.558823529<x32>[B] (+1) +0.558823529<x33>[B] (+1) -0.558823529<x34>[B] (+1) +0.558823529<x35>[B] (+0) +0.558823529<x36>[B] (+0) +0.558823529<x37>[B] (+1) +0.558823529<x38>[B] (+0) +0.558823529<x39>[B] (+1) -0.558823529<x40>[B] (+1) +0.558823529<x41>[B] (+1) +0.558823529<x42>[B] (+0) +0.558823529<x43>[B] (+1) +0.558823529<x44>[B] (+0) -0.558823529<x45>[B] (+1) +0.558823529<x46>[B] (+1) +0.558823529<x47>[B] (+1) +0.558823529<x48>[B] (+1) +0.558823529<x49>[B] (+0) +0.558823529<x50>[B] (+0) +0.558823529<x51>[B] (+1) +0.558823529<x52>[B] (+0) +0.558823529<x53>[B] (+0) -0.558823529<x54>[B] (+0) +0.558823529<x55>[B] (+0) +0.558823529<x56>[B] (+0) +0.558823529<x57>[B] (+0) +0.558823529<x58>[B] (+0) -0.558823529<x59>[B] (+0) +0.558823529<x60>[B] (+0) +0.558823529<x61>[B] (+1) +0.558823529<x62>[B] (+0) -0.558823529<x63>[B] (+0) +0.558823529<x64>[B] (+1) +0.558823529<x65>[B] (+0) +0.558823529<x66>[B] (+1) -0.558823529<x67>[B] (+1) +0.558823529<x68>[B] (+1) +0.558823529<x69>[B] (+1) +0.558823529<x70>[B] (+1) +0.558823529<x71>[B] (+0) -0.558823529<x72>[B] (+1) -0.558823529<x73>[B] (+1) -0.558823529<x74>[B] (+1) +0.558823529<x75>[B] (+1) +0.558823529<x76>[B] (+1) +0.558823529<x77>[B] (+0) +0.558823529<x78>[B] (+1) -0.558823529<x79>[B] (+1) +0.558823529<x80>[B] (+1) +0.558823529<x81>[B] (+1) +0.558823529<x82>[B] (+1) +0.558823529<x83>[B] (+0) -0.558823529<x84>[B] (+1) -0.558823529<x85>[B] (+1) -0.558823529<x86>[B] (+1) +0.558823529<x87>[B] (+1) +0.558823529<x88>[B] (+0) +0.558823529<x89>[B] (+0) -0.558823529<x90>[B] (+0) -0.558823529<x91>[B] (+0) +0.558823529<x92>[B] (+0) -0.558823529<x93>[B] (+0) -0.558823529<x94>[B] (+0) -0.558823529<x95>[B] (+0) -0.558823529<x96>[B] (+0) -0.558823529<x97>[B] (+1) -0.558823529<x98>[B] (+0) +0.558823529<x99>[B] (+1) -0.558823529<x100>[B] (+1) -0.558823529<x101>[B] (+1) -0.558823529<x102>[B] (+1) -0.558823529<x103>[B] (+1) -0.558823529<x104>[B] (+0) -0.558823529<x105>[B] (+1) -0.558823529<x106>[B] (+1) -0.558823529<x107>[B] (+1) -0.558823529<x108>[B] (+1) -0.558823529<x109>[B] (+0) -0.558823529<x110>[B] (+1) -0.558823529<x111>[B] (+0) -0.558823529<x112>[B] (+1) -0.558823529<x113>[B] (+0) -0.558823529<x114>[B] (+0) -0.558823529<x115>[B] (+0) -0.558823529<x116>[B] (+1) -0.558823529<x117>[B] (+0) +0.558823529<x118>[B] (+1) +0.558823529<x119>[B] (+0) +0.558823529<x120>[B] (+1) +0.558823529<x121>[B] (+0) -0.558823529<x122>[B] (+0) +0.558823529<x123>[B] (+0) +0.558823529<x124>[B] (+1) +0.558823529<x125>[B] (+0) +0.558823529<x126>[B] (+0) -0.558823529<x127>[B] (+1) -0.558823529<x128>[B] (+0) -0.558823529<x129>[B] (+0) -0.558823529<x130>[B] (+0) -0.558823529<x131>[B] (+1) -0.558823529<x132>[B] (+0) -0.558823529<x133>[B] (+1) -0.558823529<x134>[B] (+0) -0.558823529<x135>[B] (+1) -0.558823529<x136>[B] (+1) -0.558823529<x137>[B] (+1) -0.558823529<x138>[B] (+1) -0.558823529<x139>[B] (+0) -0.558823529<x140>[B] (+0) -0.558823529<x141>[B] (+0) -0.558823529<x142>[B] (+1) -0.558823529<x143>[B] (+0) -0.558823529<x144>[B] (+1) -0.558823529<x145>[B] (+1) -0.558823529<x146>[B] (+1) -0.558823529<x147>[B] (+1) +0.558823529<x148>[B] (+1) +0.558823529<x149>[B] (+1) +0.558823529<x150>[B] (+1) +0.558823529<x151>[B] (+1) +0.558823529<x152>[B] (+1) +0.558823529<x153>[B] (+0) >= 14.6699346405229;
;
violation: left hand side is violated by 0.0392156862745097
  [linear] <c2045>: <x159>[C] (+16.9346405) +0.467320261<x1>[B] (+1) +0.467320261<x2>[B] (+1) +0.467320261<x3>[B] (+1) +0.467320261<x4>[B] (+1) +0.467320261<x5>[B] (+1) -0.467320261<x6>[B] (+1) +0.467320261<x7>[B] (+1) +0.467320261<x8>[B] (+1) +0.467320261<x9>[B] (+1) +0.467320261<x10>[B] (+1) +0.467320261<x11>[B] (+1) +0.467320261<x12>[B] (+1) +0.467320261<x13>[B] (+0) +0.467320261<x14>[B] (+1) +0.467320261<x15>[B] (+1) +0.467320261<x16>[B] (+1) +0.467320261<x17>[B] (+1) -0.467320261<x18>[B] (+1) +0.467320261<x19>[B] (+1) +0.467320261<x20>[B] (+1) +0.467320261<x21>[B] (+0) -0.467320261<x22>[B] (+1) +0.467320261<x23>[B] (+1) +0.467320261<x24>[B] (+1) +0.467320261<x25>[B] (+1) +0.467320261<x26>[B] (+1) -0.467320261<x27>[B] (+1) +0.467320261<x28>[B] (+1) +0.467320261<x29>[B] (+0) +0.467320261<x30>[B] (+1) +0.467320261<x31>[B] (+1) +0.467320261<x32>[B] (+1) +0.467320261<x33>[B] (+1) +0.467320261<x34>[B] (+1) +0.467320261<x35>[B] (+1) +0.467320261<x36>[B] (+0) -0.467320261<x37>[B] (+1) +0.467320261<x38>[B] (+0) +0.467320261<x39>[B] (+1) +0.467320261<x40>[B] (+1) +0.467320261<x41>[B] (+1) +0.467320261<x42>[B] (+1) +0.467320261<x43>[B] (+1) +0.467320261<x44>[B] (+0) +0.467320261<x45>[B] (+1) +0.467320261<x46>[B] (+1) +0.467320261<x47>[B] (+1) +0.467320261<x48>[B] (+1) -0.467320261<x49>[B] (+0) -0.467320261<x50>[B] (+0) -0.467320261<x51>[B] (+0) -0.467320261<x52>[B] (+0) -0.467320261<x53>[B] (+0) -0.467320261<x54>[B] (+1) -0.467320261<x55>[B] (+0) -0.467320261<x56>[B] (+0) -0.467320261<x57>[B] (+0) -0.467320261<x58>[B] (+0) -0.467320261<x59>[B] (+1) -0.467320261<x60>[B] (+0) -0.467320261<x61>[B] (+1) +0.467320261<x62>[B] (+0) +0.467320261<x63>[B] (+0) -0.467320261<x64>[B] (+1) +0.467320261<x65>[B] (+0) +0.467320261<x66>[B] (+1) +0.467320261<x67>[B] (+1) -0.467320261<x68>[B] (+1) -0.467320261<x69>[B] (+1) +0.467320261<x70>[B] (+1) +0.467320261<x71>[B] (+0) -0.467320261<x72>[B] (+1) -0.467320261<x73>[B] (+1) -0.467320261<x74>[B] (+1) +0.467320261<x75>[B] (+1) -0.467320261<x76>[B] (+1) -0.467320261<x77>[B] (+1) -0.467320261<x78>[B] (+1) -0.467320261<x79>[B] (+1) -0.467320261<x80>[B] (+1) -0.467320261<x81>[B] (+1) +0.467320261<x82>[B] (+1) -0.467320261<x83>[B] (+0) -0.467320261<x84>[B] (+1) -0.467320261<x85>[B] (+1) -0.467320261<x86>[B] (+1) +0.467320261<x87>[B] (+1) +0.467320261<x88>[B] (+0) +0.467320261<x89>[B] (+1) +0.467320261<x90>[B] (+1) +0.467320261<x91>[B] (+1) +0.467320261<x92>[B] (+0) +0.467320261<x93>[B] (+1) +0.467320261<x94>[B] (+0) +0.467320261<x95>[B] (+1) +0.467320261<x96>[B] (+1) +0.467320261<x97>[B] (+1) +0.467320261<x98>[B] (+1) -0.467320261<x99>[B] (+1) -0.467320261<x100>[B] (+1) -0.467320261<x101>[B] (+1) -0.467320261<x102>[B] (+1) +0.467320261<x103>[B] (+1) +0.467320261<x104>[B] (+0) -0.467320261<x105>[B] (+1) -0.467320261<x106>[B] (+1) -0.467320261<x107>[B] (+1) +0.467320261<x108>[B] (+1) -0.467320261<x109>[B] (+1) -0.467320261<x110>[B] (+0) -0.467320261<x111>[B] (+0) +0.467320261<x112>[B] (+0) +0.467320261<x113>[B] (+0) -0.467320261<x114>[B] (+1) -0.467320261<x115>[B] (+0) -0.467320261<x116>[B] (+1) +0.467320261<x117>[B] (+0) -0.467320261<x118>[B] (+0) -0.467320261<x119>[B] (+0) +0.467320261<x120>[B] (+0) +0.467320261<x121>[B] (+0) -0.467320261<x122>[B] (+0) -0.467320261<x123>[B] (+0) -0.467320261<x124>[B] (+1) +0.467320261<x125>[B] (+0) -0.467320261<x126>[B] (+0) +0.467320261<x127>[B] (+0) +0.467320261<x128>[B] (+0) -0.467320261<x129>[B] (+1) +0.467320261<x130>[B] (+0) -0.467320261<x131>[B] (+1) +0.467320261<x132>[B] (+0) +0.467320261<x133>[B] (+1) +0.467320261<x134>[B] (+0) +0.467320261<x135>[B] (+1) +0.467320261<x136>[B] (+1) +0.467320261<x137>[B] (+1) +0.467320261<x138>[B] (+1) -0.467320261<x139>[B] (+0) -0.467320261<x140>[B] (+1) -0.467320261<x141>[B] (+0) -0.467320261<x142>[B] (+1) +0.467320261<x143>[B] (+0) -0.467320261<x144>[B] (+1) -0.467320261<x145>[B] (+1) -0.467320261<x146>[B] (+1) +0.467320261<x147>[B] (+1) +0.467320261<x148>[B] (+0) -0.467320261<x149>[B] (+1) +0.467320261<x150>[B] (+0) -0.467320261<x151>[B] (+1) +0.467320261<x152>[B] (+1) +0.467320261<x153>[B] (+0) >= 24.8856209150327;
;
violation: left hand side is violated by 0.00653594771241828
  [linear] <c2073>: <x214>[C] (+24.7156863) -0.565359477<x1>[B] (+1) -0.565359477<x2>[B] (+1) -0.565359477<x3>[B] (+1) -0.565359477<x4>[B] (+1) -0.565359477<x5>[B] (+1) -0.565359477<x6>[B] (+1) -0.565359477<x7>[B] (+1) -0.565359477<x8>[B] (+1) -0.565359477<x9>[B] (+1) -0.565359477<x10>[B] (+1) -0.565359477<x11>[B] (+1) -0.565359477<x12>[B] (+1) +0.565359477<x13>[B] (+1) -0.565359477<x14>[B] (+1) -0.565359477<x15>[B] (+1) -0.565359477<x16>[B] (+1) -0.565359477<x17>[B] (+1) +0.565359477<x18>[B] (+1) -0.565359477<x19>[B] (+1) +0.565359477<x20>[B] (+0) -0.565359477<x21>[B] (+1) -0.565359477<x22>[B] (+1) -0.565359477<x23>[B] (+1) +0.565359477<x24>[B] (+1) +0.565359477<x25>[B] (+1) +0.565359477<x26>[B] (+1) -0.565359477<x27>[B] (+1) +0.565359477<x28>[B] (+1) +0.565359477<x29>[B] (+0) +0.565359477<x30>[B] (+1) +0.565359477<x31>[B] (+1) +0.565359477<x32>[B] (+1) +0.565359477<x33>[B] (+1) -0.565359477<x34>[B] (+1) -0.565359477<x35>[B] (+0) -0.565359477<x36>[B] (+1) -0.565359477<x37>[B] (+1) -0.565359477<x38>[B] (+0) +0.565359477<x39>[B] (+1) +0.565359477<x40>[B] (+1) -0.565359477<x41>[B] (+1) -0.565359477<x42>[B] (+0) -0.565359477<x43>[B] (+1) +0.565359477<x44>[B] (+0) -0.565359477<x45>[B] (+1) -0.565359477<x46>[B] (+1) -0.565359477<x47>[B] (+1) -0.565359477<x48>[B] (+1) +0.565359477<x49>[B] (+0) -0.565359477<x50>[B] (+0) -0.565359477<x51>[B] (+1) -0.565359477<x52>[B] (+0) +0.565359477<x53>[B] (+0) +0.565359477<x54>[B] (+1) +0.565359477<x55>[B] (+0) -0.565359477<x56>[B] (+0) +0.565359477<x57>[B] (+0) +0.565359477<x58>[B] (+0) +0.565359477<x59>[B] (+0) +0.565359477<x60>[B] (+0) +0.565359477<x61>[B] (+1) +0.565359477<x62>[B] (+1) -0.565359477<x63>[B] (+1) -0.565359477<x64>[B] (+1) -0.565359477<x65>[B] (+1) +0.565359477<x66>[B] (+1) +0.565359477<x67>[B] (+1) +0.565359477<x68>[B] (+1) -0.565359477<x69>[B] (+1) -0.565359477<x70>[B] (+1) +0.565359477<x71>[B] (+0) -0.565359477<x72>[B] (+1) -0.565359477<x73>[B] (+1) -0.565359477<x74>[B] (+1) +0.565359477<x75>[B] (+1) +0.565359477<x76>[B] (+1) -0.565359477<x77>[B] (+0) +0.565359477<x78>[B] (+0) +0.565359477<x79>[B] (+1) +0.565359477<x80>[B] (+0) -0.565359477<x81>[B] (+0) +0.565359477<x82>[B] (+1) +0.565359477<x83>[B] (+0) +0.565359477<x84>[B] (+1) +0.565359477<x85>[B] (+1) +0.565359477<x86>[B] (+1) +0.565359477<x87>[B] (+1) -0.565359477<x88>[B] (+0) +0.565359477<x89>[B] (+0) +0.565359477<x90>[B] (+0) +0.565359477<x91>[B] (+0) -0.565359477<x92>[B] (+0) +0.565359477<x93>[B] (+0) +0.565359477<x94>[B] (+0) +0.565359477<x95>[B] (+0) +0.565359477<x96>[B] (+0) +0.565359477<x97>[B] (+0) +0.565359477<x98>[B] (+0) +0.565359477<x99>[B] (+1) +0.565359477<x100>[B] (+1) +0.565359477<x101>[B] (+1) +0.565359477<x102>[B] (+0) +0.565359477<x103>[B] (+1) +0.565359477<x104>[B] (+0) +0.565359477<x105>[B] (+1) +0.565359477<x106>[B] (+1) +0.565359477<x107>[B] (+1) +0.565359477<x108>[B] (+1) +0.565359477<x109>[B] (+1) -0.565359477<x110>[B] (+1) -0.565359477<x111>[B] (+0) -0.565359477<x112>[B] (+1) +0.565359477<x113>[B] (+0) -0.565359477<x114>[B] (+1) -0.565359477<x115>[B] (+1) -0.565359477<x116>[B] (+1) -0.565359477<x117>[B] (+1) -0.565359477<x118>[B] (+0) -0.565359477<x119>[B] (+0) -0.565359477<x120>[B] (+0) +0.565359477<x121>[B] (+0) -0.565359477<x122>[B] (+0) -0.565359477<x123>[B] (+0) -0.565359477<x124>[B] (+1) -0.565359477<x125>[B] (+0) -0.565359477<x126>[B] (+0) -0.565359477<x127>[B] (+1) +0.565359477<x128>[B] (+0) -0.565359477<x129>[B] (+1) -0.565359477<x130>[B] (+1) -0.565359477<x131>[B] (+1) +0.565359477<x132>[B] (+1) +0.565359477<x133>[B] (+1) +0.565359477<x134>[B] (+0) +0.565359477<x135>[B] (+1) +0.565359477<x136>[B] (+1) +0.565359477<x137>[B] (+1) +0.565359477<x138>[B] (+1) +0.565359477<x139>[B] (+0) -0.565359477<x140>[B] (+0) -0.565359477<x141>[B] (+0) -0.565359477<x142>[B] (+1) +0.565359477<x143>[B] (+1) -0.565359477<x144>[B] (+1) -0.565359477<x145>[B] (+1) -0.565359477<x146>[B] (+1) -0.565359477<x147>[B] (+1) -0.565359477<x148>[B] (+0) -0.565359477<x149>[B] (+1) +0.565359477<x150>[B] (+1) +0.565359477<x151>[B] (+1) +0.565359477<x152>[B] (+1) +0.565359477<x153>[B] (+0) >= 18.516339869281;
;
violation: left hand side is violated by 0.0196078431372406
  [linear] <c2070>: <x206>[C] (+28.2581699) -0.604575163<x1>[B] (+1) -0.604575163<x2>[B] (+1) -0.604575163<x3>[B] (+1) -0.604575163<x4>[B] (+1) -0.604575163<x5>[B] (+1) -0.604575163<x6>[B] (+1) -0.604575163<x7>[B] (+1) -0.604575163<x8>[B] (+1) -0.604575163<x9>[B] (+1) -0.604575163<x10>[B] (+1) -0.604575163<x11>[B] (+1) -0.604575163<x12>[B] (+1) -0.604575163<x13>[B] (+0) -0.604575163<x14>[B] (+1) +0.604575163<x15>[B] (+1) -0.604575163<x16>[B] (+1) -0.604575163<x17>[B] (+1) -0.604575163<x18>[B] (+1) +0.604575163<x19>[B] (+1) +0.604575163<x20>[B] (+0) +0.604575163<x21>[B] (+1) -0.604575163<x22>[B] (+1) +0.604575163<x23>[B] (+1) -0.604575163<x24>[B] (+1) +0.604575163<x25>[B] (+1) -0.604575163<x26>[B] (+1) +0.604575163<x27>[B] (+1) -0.604575163<x28>[B] (+1) -0.604575163<x29>[B] (+0) -0.604575163<x30>[B] (+1) +0.604575163<x31>[B] (+1) -0.604575163<x32>[B] (+1) +0.604575163<x33>[B] (+1) +0.604575163<x34>[B] (+1) +0.604575163<x35>[B] (+0) +0.604575163<x36>[B] (+0) -0.604575163<x37>[B] (+1) +0.604575163<x38>[B] (+0) +0.604575163<x39>[B] (+1) +0.604575163<x40>[B] (+1) -0.604575163<x41>[B] (+1) +0.604575163<x42>[B] (+0) -0.604575163<x43>[B] (+1) -0.604575163<x44>[B] (+0) -0.604575163<x45>[B] (+1) +0.604575163<x46>[B] (+1) -0.604575163<x47>[B] (+1) +0.604575163<x48>[B] (+1) +0.604575163<x49>[B] (+0) -0.604575163<x50>[B] (+0) -0.604575163<x51>[B] (+1) +0.604575163<x52>[B] (+0) -0.604575163<x53>[B] (+0) -0.604575163<x54>[B] (+1) -0.604575163<x55>[B] (+0) -0.604575163<x56>[B] (+0) -0.604575163<x57>[B] (+0) -0.604575163<x58>[B] (+0) -0.604575163<x59>[B] (+1) +0.604575163<x60>[B] (+0) -0.604575163<x61>[B] (+1) +0.604575163<x62>[B] (+0) -0.604575163<x63>[B] (+1) -0.604575163<x64>[B] (+1) -0.604575163<x65>[B] (+1) -0.604575163<x66>[B] (+1) -0.604575163<x67>[B] (+1) -0.604575163<x68>[B] (+1) -0.604575163<x69>[B] (+1) -0.604575163<x70>[B] (+1) -0.604575163<x71>[B] (+0) -0.604575163<x72>[B] (+1) +0.604575163<x73>[B] (+1) -0.604575163<x74>[B] (+1) -0.604575163<x75>[B] (+1) -0.604575163<x76>[B] (+1) +0.604575163<x77>[B] (+1) -0.604575163<x78>[B] (+1) -0.604575163<x79>[B] (+1) -0.604575163<x80>[B] (+1) +0.604575163<x81>[B] (+0) -0.604575163<x82>[B] (+1) -0.604575163<x83>[B] (+0) -0.604575163<x84>[B] (+1) +0.604575163<x85>[B] (+1) -0.604575163<x86>[B] (+1) +0.604575163<x87>[B] (+1) +0.604575163<x88>[B] (+0) +0.604575163<x89>[B] (+0) +0.604575163<x90>[B] (+0) -0.604575163<x91>[B] (+0) +0.604575163<x92>[B] (+0) -0.604575163<x93>[B] (+0) -0.604575163<x94>[B] (+0) -0.604575163<x95>[B] (+0) +0.604575163<x96>[B] (+0) -0.604575163<x97>[B] (+0) +0.604575163<x98>[B] (+0) -0.604575163<x99>[B] (+1) -0.604575163<x100>[B] (+1) -0.604575163<x101>[B] (+1) -0.604575163<x102>[B] (+0) -0.604575163<x103>[B] (+1) -0.604575163<x104>[B] (+0) -0.604575163<x105>[B] (+1) +0.604575163<x106>[B] (+1) -0.604575163<x107>[B] (+1) -0.604575163<x108>[B] (+1) +0.604575163<x109>[B] (+1) -0.604575163<x110>[B] (+0) +0.604575163<x111>[B] (+0) -0.604575163<x112>[B] (+1) -0.604575163<x113>[B] (+0) -0.604575163<x114>[B] (+1) +0.604575163<x115>[B] (+1) -0.604575163<x116>[B] (+1) +0.604575163<x117>[B] (+1) -0.604575163<x118>[B] (+0) +0.604575163<x119>[B] (+0) -0.604575163<x120>[B] (+0) -0.604575163<x121>[B] (+0) -0.604575163<x122>[B] (+0) +0.604575163<x123>[B] (+0) -0.604575163<x124>[B] (+1) +0.604575163<x125>[B] (+0) +0.604575163<x126>[B] (+0) +0.604575163<x127>[B] (+1) +0.604575163<x128>[B] (+0) +0.604575163<x129>[B] (+1) +0.604575163<x130>[B] (+1) +0.604575163<x131>[B] (+1) +0.604575163<x132>[B] (+1) -0.604575163<x133>[B] (+1) -0.604575163<x134>[B] (+0) -0.604575163<x135>[B] (+1) +0.604575163<x136>[B] (+1) -0.604575163<x137>[B] (+1) +0.604575163<x138>[B] (+1) -0.604575163<x139>[B] (+0) -0.604575163<x140>[B] (+1) +0.604575163<x141>[B] (+0) -0.604575163<x142>[B] (+1) +0.604575163<x143>[B] (+0) +0.604575163<x144>[B] (+1) +0.604575163<x145>[B] (+1) +0.604575163<x146>[B] (+1) +0.604575163<x147>[B] (+1) +0.604575163<x148>[B] (+0) +0.604575163<x149>[B] (+1) +0.604575163<x150>[B] (+0) -0.604575163<x151>[B] (+1) -0.604575163<x152>[B] (+0) +0.604575163<x153>[B] (+0) >= 8.31372549019608;
;
violation: left hand side is violated by 0.00653594771240051
  [linear] <c2057>: <x180>[C] (+40.9738562) -0.72875817<x1>[B] (+1) -0.72875817<x2>[B] (+1) -0.72875817<x3>[B] (+1) -0.72875817<x4>[B] (+1) -0.72875817<x5>[B] (+1) -0.72875817<x6>[B] (+1) -0.72875817<x7>[B] (+1) -0.72875817<x8>[B] (+1) -0.72875817<x9>[B] (+1) -0.72875817<x10>[B] (+1) -0.72875817<x11>[B] (+1) -0.72875817<x12>[B] (+1) -0.72875817<x13>[B] (+1) -0.72875817<x14>[B] (+1) -0.72875817<x15>[B] (+1) -0.72875817<x16>[B] (+1) -0.72875817<x17>[B] (+1) +0.72875817<x18>[B] (+1) +0.72875817<x19>[B] (+1) +0.72875817<x20>[B] (+1) +0.72875817<x21>[B] (+1) +0.72875817<x22>[B] (+1) +0.72875817<x23>[B] (+1) +0.72875817<x24>[B] (+1) +0.72875817<x25>[B] (+1) +0.72875817<x26>[B] (+1) +0.72875817<x27>[B] (+1) +0.72875817<x28>[B] (+1) +0.72875817<x29>[B] (+0) +0.72875817<x30>[B] (+1) -0.72875817<x31>[B] (+1) +0.72875817<x32>[B] (+1) +0.72875817<x33>[B] (+1) -0.72875817<x34>[B] (+1) -0.72875817<x35>[B] (+0) +0.72875817<x36>[B] (+0) -0.72875817<x37>[B] (+1) +0.72875817<x38>[B] (+0) -0.72875817<x39>[B] (+1) -0.72875817<x40>[B] (+1) -0.72875817<x41>[B] (+0) -0.72875817<x42>[B] (+0) -0.72875817<x43>[B] (+1) +0.72875817<x44>[B] (+0) -0.72875817<x45>[B] (+1) -0.72875817<x46>[B] (+1) -0.72875817<x47>[B] (+1) -0.72875817<x48>[B] (+0) -0.72875817<x49>[B] (+0) +0.72875817<x50>[B] (+0) -0.72875817<x51>[B] (+0) +0.72875817<x52>[B] (+0) +0.72875817<x53>[B] (+0) -0.72875817<x54>[B] (+0) +0.72875817<x55>[B] (+0) +0.72875817<x56>[B] (+0) -0.72875817<x57>[B] (+0) +0.72875817<x58>[B] (+0) +0.72875817<x59>[B] (+0) -0.72875817<x60>[B] (+0) +0.72875817<x61>[B] (+0) +0.72875817<x62>[B] (+0) +0.72875817<x63>[B] (+0) -0.72875817<x64>[B] (+1) +0.72875817<x65>[B] (+0) +0.72875817<x66>[B] (+1) +0.72875817<x67>[B] (+1) +0.72875817<x68>[B] (+1) +0.72875817<x69>[B] (+1) +0.72875817<x70>[B] (+1) +0.72875817<x71>[B] (+0) +0.72875817<x72>[B] (+1) -0.72875817<x73>[B] (+1) +0.72875817<x74>[B] (+1) +0.72875817<x75>[B] (+1) -0.72875817<x76>[B] (+1) +0.72875817<x77>[B] (+1) -0.72875817<x78>[B] (+1) -0.72875817<x79>[B] (+1) -0.72875817<x80>[B] (+1) -0.72875817<x81>[B] (+1) -0.72875817<x82>[B] (+1) +0.72875817<x83>[B] (+0) -0.72875817<x84>[B] (+1) -0.72875817<x85>[B] (+1) -0.72875817<x86>[B] (+1) -0.72875817<x87>[B] (+1) +0.72875817<x88>[B] (+0) +0.72875817<x89>[B] (+0) +0.72875817<x90>[B] (+0) +0.72875817<x91>[B] (+0) +0.72875817<x92>[B] (+0) +0.72875817<x93>[B] (+1) +0.72875817<x94>[B] (+0) +0.72875817<x95>[B] (+0) -0.72875817<x96>[B] (+1) +0.72875817<x97>[B] (+1) +0.72875817<x98>[B] (+0) -0.72875817<x99>[B] (+1) -0.72875817<x100>[B] (+1) -0.72875817<x101>[B] (+1) -0.72875817<x102>[B] (+1) -0.72875817<x103>[B] (+1) +0.72875817<x104>[B] (+0) -0.72875817<x105>[B] (+1) -0.72875817<x106>[B] (+1) -0.72875817<x107>[B] (+1) -0.72875817<x108>[B] (+1) -0.72875817<x109>[B] (+0) +0.72875817<x110>[B] (+0) +0.72875817<x111>[B] (+0) -0.72875817<x112>[B] (+1) +0.72875817<x113>[B] (+0) +0.72875817<x114>[B] (+0) -0.72875817<x115>[B] (+1) -0.72875817<x116>[B] (+1) +0.72875817<x117>[B] (+0) +0.72875817<x118>[B] (+0) +0.72875817<x119>[B] (+0) +0.72875817<x120>[B] (+1) +0.72875817<x121>[B] (+0) +0.72875817<x122>[B] (+0) -0.72875817<x123>[B] (+1) +0.72875817<x124>[B] (+1) +0.72875817<x125>[B] (+0) +0.72875817<x126>[B] (+0) -0.72875817<x127>[B] (+1) +0.72875817<x128>[B] (+0) -0.72875817<x129>[B] (+1) -0.72875817<x130>[B] (+1) -0.72875817<x131>[B] (+1) +0.72875817<x132>[B] (+1) -0.72875817<x133>[B] (+1) +0.72875817<x134>[B] (+0) -0.72875817<x135>[B] (+1) -0.72875817<x136>[B] (+1) -0.72875817<x137>[B] (+1) -0.72875817<x138>[B] (+1) +0.72875817<x139>[B] (+0) +0.72875817<x140>[B] (+0) -0.72875817<x141>[B] (+0) +0.72875817<x142>[B] (+1) +0.72875817<x143>[B] (+0) -0.72875817<x144>[B] (+1) -0.72875817<x145>[B] (+1) -0.72875817<x146>[B] (+1) -0.72875817<x147>[B] (+1) -0.72875817<x148>[B] (+1) -0.72875817<x149>[B] (+1) +0.72875817<x150>[B] (+0) +0.72875817<x151>[B] (+1) +0.72875817<x152>[B] (+0) +0.72875817<x153>[B] (+0) >= 14.0294117647059;
;
violation: left hand side is violated by 0.0196078431372975
  [linear] <c2082>: <x228>[C] (+32.6405229) +0.637254902<x1>[B] (+1) +0.637254902<x2>[B] (+1) +0.637254902<x3>[B] (+1) +0.637254902<x4>[B] (+1) +0.637254902<x5>[B] (+1) +0.637254902<x6>[B] (+1) +0.637254902<x7>[B] (+1) +0.637254902<x8>[B] (+1) +0.637254902<x9>[B] (+1) +0.637254902<x10>[B] (+1) +0.637254902<x11>[B] (+1) +0.637254902<x12>[B] (+1) +0.637254902<x13>[B] (+0) +0.637254902<x14>[B] (+1) +0.637254902<x15>[B] (+1) +0.637254902<x16>[B] (+1) +0.637254902<x17>[B] (+1) -0.637254902<x18>[B] (+1) -0.637254902<x19>[B] (+1) -0.637254902<x20>[B] (+0) -0.637254902<x21>[B] (+1) -0.637254902<x22>[B] (+1) -0.637254902<x23>[B] (+1) -0.637254902<x24>[B] (+1) -0.637254902<x25>[B] (+1) -0.637254902<x26>[B] (+1) -0.637254902<x27>[B] (+1) -0.637254902<x28>[B] (+1) -0.637254902<x29>[B] (+0) -0.637254902<x30>[B] (+1) -0.637254902<x31>[B] (+1) -0.637254902<x32>[B] (+1) -0.637254902<x33>[B] (+1) -0.637254902<x34>[B] (+1) -0.637254902<x35>[B] (+0) -0.637254902<x36>[B] (+0) -0.637254902<x37>[B] (+1) -0.637254902<x38>[B] (+1) -0.637254902<x39>[B] (+1) -0.637254902<x40>[B] (+1) -0.637254902<x41>[B] (+1) -0.637254902<x42>[B] (+0) -0.637254902<x43>[B] (+1) -0.637254902<x44>[B] (+0) -0.637254902<x45>[B] (+1) -0.637254902<x46>[B] (+1) -0.637254902<x47>[B] (+1) -0.637254902<x48>[B] (+1) +0.637254902<x49>[B] (+0) +0.637254902<x50>[B] (+0) +0.637254902<x51>[B] (+0) +0.637254902<x52>[B] (+0) +0.637254902<x53>[B] (+0) +0.637254902<x54>[B] (+0) +0.637254902<x55>[B] (+0) +0.637254902<x56>[B] (+0) +0.637254902<x57>[B] (+0) +0.637254902<x58>[B] (+0) +0.637254902<x59>[B] (+0) +0.637254902<x60>[B] (+0) -0.637254902<x61>[B] (+0) -0.637254902<x62>[B] (+0) +0.637254902<x63>[B] (+1) +0.637254902<x64>[B] (+1) +0.637254902<x65>[B] (+1) +0.637254902<x66>[B] (+1) +0.637254902<x67>[B] (+1) -0.637254902<x68>[B] (+1) +0.637254902<x69>[B] (+1) -0.637254902<x70>[B] (+1) +0.637254902<x71>[B] (+0) -0.637254902<x72>[B] (+1) -0.637254902<x73>[B] (+1) -0.637254902<x74>[B] (+1) -0.637254902<x75>[B] (+1) +0.637254902<x76>[B] (+1) +0.637254902<x77>[B] (+1) +0.637254902<x78>[B] (+1) +0.637254902<x79>[B] (+1) -0.637254902<x80>[B] (+1) +0.637254902<x81>[B] (+0) -0.637254902<x82>[B] (+1) +0.637254902<x83>[B] (+0) -0.637254902<x84>[B] (+1) -0.637254902<x85>[B] (+1) -0.637254902<x86>[B] (+1) -0.637254902<x87>[B] (+1) +0.637254902<x88>[B] (+0) -0.637254902<x89>[B] (+1) +0.637254902<x90>[B] (+1) -0.637254902<x91>[B] (+1) +0.637254902<x92>[B] (+0) -0.637254902<x93>[B] (+1) -0.637254902<x94>[B] (+0) -0.637254902<x95>[B] (+1) -0.637254902<x96>[B] (+1) -0.637254902<x97>[B] (+1) -0.637254902<x98>[B] (+1) -0.637254902<x99>[B] (+1) +0.637254902<x100>[B] (+1) -0.637254902<x101>[B] (+1) -0.637254902<x102>[B] (+0) -0.637254902<x103>[B] (+1) -0.637254902<x104>[B] (+0) -0.637254902<x105>[B] (+1) -0.637254902<x106>[B] (+1) -0.637254902<x107>[B] (+1) -0.637254902<x108>[B] (+1) +0.637254902<x109>[B] (+0) -0.637254902<x110>[B] (+0) +0.637254902<x111>[B] (+0) -0.637254902<x112>[B] (+1) -0.637254902<x113>[B] (+0) -0.637254902<x114>[B] (+0) -0.637254902<x115>[B] (+1) -0.637254902<x116>[B] (+1) -0.637254902<x117>[B] (+0) -0.637254902<x118>[B] (+0) -0.637254902<x119>[B] (+0) -0.637254902<x120>[B] (+1) -0.637254902<x121>[B] (+0) -0.637254902<x122>[B] (+0) -0.637254902<x123>[B] (+1) -0.637254902<x124>[B] (+1) -0.637254902<x125>[B] (+0) +0.637254902<x126>[B] (+0) -0.637254902<x127>[B] (+1) +0.637254902<x128>[B] (+0) +0.637254902<x129>[B] (+0) -0.637254902<x130>[B] (+1) -0.637254902<x131>[B] (+1) -0.637254902<x132>[B] (+1) -0.637254902<x133>[B] (+1) -0.637254902<x134>[B] (+0) -0.637254902<x135>[B] (+1) -0.637254902<x136>[B] (+1) -0.637254902<x137>[B] (+1) -0.637254902<x138>[B] (+1) +0.637254902<x139>[B] (+0) +0.637254902<x140>[B] (+0) -0.637254902<x141>[B] (+0) -0.637254902<x142>[B] (+1) -0.637254902<x143>[B] (+0) -0.637254902<x144>[B] (+1) -0.637254902<x145>[B] (+1) -0.637254902<x146>[B] (+1) -0.637254902<x147>[B] (+1) -0.637254902<x148>[B] (+1) -0.637254902<x149>[B] (+1) -0.637254902<x150>[B] (+1) -0.637254902<x151>[B] (+1) -0.637254902<x152>[B] (+0) -0.637254902<x153>[B] (+0) >= 2.70915032679738;
;
violation: left hand side is violated by 0.0196078431372455
2/10 feasible solutions given by solution candidate storage, new primal bound -1.397347e+03

presolving:
   (0.0s) symmetry computation started: requiring (bin +, int +, cont +), (fixed: bin -, int -, cont -)
   (0.0s) no symmetry present (symcode time: 0.00)
presolving (0 rounds: 0 fast, 0 medium, 0 exhaustive):
 0 deleted vars, 0 deleted constraints, 0 added constraints, 0 tightened bounds, 0 added holes, 0 changed sides, 0 changed coefficients
 0 implications, 0 cliques, 0 implied integral variables (0 bin, 0 int, 0 cont)
presolved problem has 243 variables (153 bin, 0 int, 90 cont) and 2084 constraints
   2084 constraints of type <linear>
Presolving Time: 0.03
transformed 3/3 original solutions to the transformed problem space

 time | node  | left  |LP iter|LP it/n|mem/heur|mdpt |vars |cons |rows |cuts |sepa|confs|strbr|  dualbound   | primalbound  |  gap   | compl. 
  0.2s|     1 |     0 |  1076 |     - |   120M |   0 | 243 |2084 |2084 |   0 |  0 |   0 |   0 |-1.268637e+03 |-1.397347e+03 |  10.15%| unknown
  0.3s|     1 |     0 |  1102 |     - |   120M |   0 | 243 |2084 |2086 |   2 |  1 |   0 |   0 |-1.268846e+03 |-1.397347e+03 |  10.13%| unknown
  0.4s|     1 |     0 |  1156 |     - |   120M |   0 | 243 |2084 |2088 |   4 |  2 |   0 |   0 |-1.268986e+03 |-1.397347e+03 |  10.12%| unknown
  0.6s|     1 |     0 |  1183 |     - |   120M |   0 | 243 |2084 |2090 |   6 |  3 |   0 |   0 |-1.269027e+03 |-1.397347e+03 |  10.11%| unknown
  0.7s|     1 |     0 |  1227 |     - |   121M |   0 | 243 |2084 |2095 |  11 |  4 |   0 |   0 |-1.269120e+03 |-1.397347e+03 |  10.10%| unknown
  0.8s|     1 |     0 |  1239 |     - |   121M |   0 | 243 |2085 |2099 |  15 |  5 |   1 |   0 |-1.269127e+03 |-1.397347e+03 |  10.10%| unknown
  1.0s|     1 |     0 |  1292 |     - |   121M |   0 | 243 |2085 |2104 |  20 |  6 |   1 |   0 |-1.269185e+03 |-1.397347e+03 |  10.10%| unknown
  1.2s|     1 |     0 |  1316 |     - |   121M |   0 | 243 |2086 |2107 |  23 |  7 |   2 |   0 |-1.269199e+03 |-1.397347e+03 |  10.10%| unknown
  1.3s|     1 |     0 |  1364 |     - |   122M |   0 | 243 |2086 |2110 |  26 |  8 |   2 |   0 |-1.269212e+03 |-1.397347e+03 |  10.10%| unknown
  1.5s|     1 |     0 |  1428 |     - |   122M |   0 | 243 |2086 |2114 |  30 |  9 |   2 |   0 |-1.269287e+03 |-1.397347e+03 |  10.09%| unknown
  1.6s|     1 |     0 |  1460 |     - |   122M |   0 | 243 |2086 |2116 |  32 | 10 |   2 |   0 |-1.269340e+03 |-1.397347e+03 |  10.08%| unknown
  1.6s|     1 |     0 |  1498 |     - |   122M |   0 | 243 |2086 |2119 |  35 | 11 |   2 |   0 |-1.269366e+03 |-1.397347e+03 |  10.08%| unknown
  1.7s|     1 |     0 |  1523 |     - |   122M |   0 | 243 |2086 |2121 |  37 | 12 |   2 |   0 |-1.269407e+03 |-1.397347e+03 |  10.08%| unknown
r 1.7s|     1 |     0 |  1686 |     - |intshift|   0 | 243 |2086 |2121 |  37 | 12 |   2 |   0 |-1.269407e+03 |-1.307804e+03 |   3.02%| unknown
d 1.8s|     1 |     0 |  2880 |     - |farkasdi|   0 | 243 |2086 |2121 |   0 | 12 |   2 |   0 |-1.269407e+03 |-1.279542e+03 |   0.80%| unknown
 time | node  | left  |LP iter|LP it/n|mem/heur|mdpt |vars |cons |rows |cuts |sepa|confs|strbr|  dualbound   | primalbound  |  gap   | compl. 
L 3.0s|     1 |     0 |  3016 |     - |    rens|   0 | 243 |2089 |2121 |  37 | 12 |   5 |   0 |-1.269407e+03 |-1.277170e+03 |   0.61%| unknown
  3.1s|     1 |     0 |  3016 |     - |   122M |   0 | 243 |2089 |2121 |  37 | 12 |   5 |   0 |-1.269407e+03 |-1.277170e+03 |   0.61%| unknown
  3.1s|     1 |     0 |  3016 |     - |   122M |   0 | 243 |2090 |1993 |  37 | 12 |   6 |   0 |-1.269407e+03 |-1.277170e+03 |   0.61%| unknown
  3.2s|     1 |     0 |  3034 |     - |   123M |   0 | 243 |2090 |1996 |  40 | 13 |   6 |   0 |-1.269440e+03 |-1.277170e+03 |   0.61%| unknown
  3.2s|     1 |     0 |  3060 |     - |   123M |   0 | 243 |2090 |2000 |  44 | 14 |   6 |   0 |-1.269461e+03 |-1.277170e+03 |   0.61%| unknown
(run 1, node 1) restarting after 8 global fixings of integer variables

(restart) converted 44 cuts from the global cut pool into linear constraints

presolving:
presolving (0 rounds: 0 fast, 0 medium, 0 exhaustive):
 0 deleted vars, 0 deleted constraints, 0 added constraints, 0 tightened bounds, 0 added holes, 0 changed sides, 0 changed coefficients
 0 implications, 0 cliques, 0 implied integral variables (0 bin, 0 int, 0 cont)
presolved problem has 243 variables (153 bin, 0 int, 90 cont) and 2006 constraints
   2000 constraints of type <linear>
      6 constraints of type <logicor>
Presolving Time: 0.03
transformed 22/24 original solutions to the transformed problem space

 time | node  | left  |LP iter|LP it/n|mem/heur|mdpt |vars |cons |rows |cuts |sepa|confs|strbr|  dualbound   | primalbound  |  gap   | compl. 
  3.4s|     1 |     0 |  4178 |     - |   123M |   0 | 243 |2006 |2000 |   0 |  0 |   6 |   0 |-1.269461e+03 |-1.277170e+03 |   0.61%| unknown
  3.6s|     1 |     0 |  4228 |     - |   123M |   0 | 243 |2006 |2004 |   4 |  1 |   6 |   0 |-1.269482e+03 |-1.277170e+03 |   0.61%| unknown
  3.8s|     1 |     0 |  4289 |     - |   123M |   0 | 243 |2006 |2007 |   7 |  2 |   6 |   0 |-1.269531e+03 |-1.277170e+03 |   0.60%| unknown
  4.1s|     1 |     0 |  4324 |     - |   123M |   0 | 243 |2007 |2010 |  10 |  3 |   7 |   0 |-1.269541e+03 |-1.277170e+03 |   0.60%| unknown
  4.3s|     1 |     0 |  4396 |     - |   123M |   0 | 243 |2007 |2012 |  12 |  4 |   7 |   0 |-1.269561e+03 |-1.277170e+03 |   0.60%| unknown
  4.5s|     1 |     0 |  4423 |     - |   123M |   0 | 243 |2008 |2014 |  14 |  5 |   8 |   0 |-1.269566e+03 |-1.277170e+03 |   0.60%| unknown
  4.7s|     1 |     0 |  4431 |     - |   124M |   0 | 243 |2008 |2015 |  15 |  6 |   8 |   0 |-1.269566e+03 |-1.277170e+03 |   0.60%| unknown
  4.9s|     1 |     0 |  4468 |     - |   124M |   0 | 243 |2008 |2017 |  17 |  7 |   8 |   0 |-1.269572e+03 |-1.277170e+03 |   0.60%| unknown
  5.1s|     1 |     0 |  4508 |     - |   124M |   0 | 243 |2008 |2018 |  18 |  8 |   8 |   0 |-1.269577e+03 |-1.277170e+03 |   0.60%| unknown
  5.4s|     1 |     0 |  4574 |     - |   124M |   0 | 243 |2008 |2019 |  19 |  9 |   8 |   0 |-1.269583e+03 |-1.277170e+03 |   0.60%| unknown
  5.6s|     1 |     0 |  4624 |     - |   126M |   0 | 243 |2008 |2022 |  22 | 10 |   8 |   0 |-1.269585e+03 |-1.277170e+03 |   0.60%| unknown
  5.7s|     1 |     0 |  4674 |     - |   126M |   0 | 243 |2008 |2024 |  24 | 11 |   8 |   0 |-1.269590e+03 |-1.277170e+03 |   0.60%| unknown
  8.7s|     1 |     2 |  5767 |     - |   126M |   0 | 243 |2019 |2024 |  24 | 11 |  19 |  31 |-1.270744e+03 |-1.277170e+03 |   0.51%| unknown

SCIP Status        : problem is solved [optimal solution found]
Solving Time (sec) : 13.15
Solving Nodes      : 25 (total of 26 nodes in 2 runs)
Primal Bound       : -1.27716993464052e+03 (45 solutions)
Dual Bound         : -1.27716993464052e+03
Gap                : 0.00 %
