Loading instance...
Median ranking: [8, 5, 15, 11, 7, 14, 18, 9, 2, 1, 16, 3, 6, 4, 13, 12, 10, 17]
Mean ranking: [8, 11, 5, 7, 14, 18, 9, 15, 12, 1, 2, 16, 3, 6, 4, 13, 10, 17]
Actual error: 0.0005927947270673029
Weighted Kendall distance: 161.5
Normalized distance: 0.08333333333333333
 bounds, 0 chg sides, 0 chg coeffs, 0 upgd conss, 0 impls, 0 clqs, 0 implints
   (0.0s) symmetry computation started: requiring (bin +, int +, cont +), (fixed: bin -, int -, cont -)
   (0.0s) no symmetry present (symcode time: 0.00)
presolving (2 rounds: 2 fast, 2 medium, 1 exhaustive):
 0 deleted vars, 1632 deleted constraints, 816 added constraints, 0 tightened bounds, 0 added holes, 0 changed sides, 0 changed coefficients
 0 implications, 0 cliques, 0 implied integral variables (0 bin, 0 int, 0 cont)
presolved problem has 153 variables (0 bin, 0 int, 153 cont) and 816 constraints
    816 constraints of type <linear>
Presolving Time: 0.01
transformed 3/3 original solutions to the transformed problem space

 time | node  | left  |LP iter|LP it/n|mem/heur|mdpt |vars |cons |rows |cuts |sepa|confs|strbr|  dualbound   | primalbound  |  gap   | compl. 
* 0.0s|     1 |     0 |    37 |     - |    LP  |   0 | 153 | 816 | 816 |   0 |  0 |   0 |   0 | 4.600000e+02 | 4.600000e+02 |   0.00%| unknown
  0.0s|     1 |     0 |    37 |     - |  6057k |   0 | 153 | 816 | 816 |   0 |  0 |   0 |   0 | 4.600000e+02 | 4.600000e+02 |   0.00%| unknown

SCIP Status        : problem is solved [optimal solution found]
Solving Time (sec) : 0.01
Solving Nodes      : 1
Primal Bound       : +4.60000000000000e+02 (4 solutions)
Dual Bound         : +4.60000000000000e+02
Gap                : 0.00 %
feasible solution found by trivial heuristic after 0.0 seconds, objective value 0.000000e+00
presolving:
   (0.0s) running MILP presolver
   (0.0s) MILP presolver (2 rounds): 0 aggregations, 0 fixings, 0 bound changes
(round 1, medium)     0 del vars, 1632 del conss, 816 add conss, 0 chg bounds, 0 chg sides, 0 chg coeffs, 0 upgd conss, 0 impls, 0 clqs, 0 implints
   (0.0s) probing: 51/153 (33.3%) - 0 fixings, 0 aggregations, 0 implications, 0 bound changes
   (0.0s) probing aborted: 50/50 successive totally useless probings
   (0.0s) symmetry computation started: requiring (bin +, int +, cont +), (fixed: bin -, int -, cont -)
   (0.0s) no symmetry present (symcode time: 0.00)
presolving (2 rounds: 2 fast, 2 medium, 1 exhaustive):
 0 deleted vars, 1632 deleted constraints, 816 added constraints, 0 tightened bounds, 0 added holes, 0 changed sides, 0 changed coefficients
 0 implications, 0 cliques, 0 implied integral variables (0 bin, 0 int, 0 cont)
presolved problem has 153 variables (153 bin, 0 int, 0 cont) and 816 constraints
    816 constraints of type <linear>
transformed objective value is always integral (scale: 2)
Presolving Time: 0.01
transformed 2/2 original solutions to the transformed problem space

 time | node  | left  |LP iter|LP it/n|mem/heur|mdpt |vars |cons |rows |cuts |sepa|confs|strbr|  dualbound   | primalbound  |  gap   | compl. 
p 0.0s|     1 |     0 |     0 |     - |   locks|   0 | 153 | 816 | 816 |   0 |  0 |   0 |   0 | 5.000000e+02 | 2.760000e+02 |  81.16%| unknown
i 0.0s|     1 |     0 |     0 |     - |  oneopt|   0 | 153 | 816 | 816 |   0 |  0 |   0 |   0 | 5.000000e+02 | 3.180000e+02 |  57.23%| unknown
* 0.0s|     1 |     0 |    37 |     - |    LP  |   0 | 153 | 816 | 816 |   0 |  0 |   0 |   0 | 4.600000e+02 | 4.600000e+02 |   0.00%| unknown
  0.0s|     1 |     0 |    37 |     - |  6229k |   0 | 153 | 816 | 816 |   0 |  0 |   0 |   0 | 4.600000e+02 | 4.600000e+02 |   0.00%| unknown

SCIP Status        : problem is solved [optimal solution found]
Solving Time (sec) : 0.01
Solving Nodes      : 1
Primal Bound       : +4.60000000000000e+02 (5 solutions)
Dual Bound         : +4.60000000000000e+02
Gap                : 0.00 %
feasible solution found by trivial heuristic after 0.3 seconds, objective value -9.000008e+06
presolving:
(round 1, fast)       0 del vars, 0 del conss, 0 add conss, 180 chg bounds, 0 chg sides, 0 chg coeffs, 0 upgd conss, 0 impls, 0 clqs, 0 implints
   (1.7s) running MILP presolver
   (1.9s) MILP presolver (2 rounds): 0 aggregations, 0 fixings, 0 bound changes
(round 2, exhaustive) 0 del vars, 816 del conss, 0 add conss, 180 chg bounds, 0 chg sides, 0 chg coeffs, 0 upgd conss, 0 impls, 0 clqs, 0 implints
   (3.7s) symmetry computation started: requiring (bin +, int +, cont +), (fixed: bin -, int -, cont -)
   (4.2s) no symmetry present (symcode time: 0.03)
presolving (3 rounds: 3 fast, 2 medium, 2 exhaustive):
 0 deleted vars, 816 deleted constraints, 0 added constraints, 180 tightened bounds, 0 added holes, 0 changed sides, 0 changed coefficients
 0 implications, 0 cliques, 0 implied integral variables (0 bin, 0 int, 0 cont)
presolved problem has 243 variables (0 bin, 0 int, 243 cont) and 14586 constraints
  14586 constraints of type <linear>
Presolving Time: 4.08

 time | node  | left  |LP iter|LP it/n|mem/heur|mdpt |vars |cons |rows |cuts |sepa|confs|strbr|  dualbound   | primalbound  |  gap   | compl. 
t 4.3s|     1 |     0 |     0 |     - | trivial|   0 | 243 |  14k|   0 |   0 |  0 |   0 |   0 | 5.000000e+02 |-6.893000e+03 |    Inf | unknown
* 6.4s|     1 |     0 |  1465 |     - |    LP  |   0 | 243 |  14k|  14k|   0 |  0 |   0 |   0 |-1.545409e+03 |-1.545409e+03 |   0.00%| unknown
  6.4s|     1 |     0 |  1465 |     - |  1036M |   0 | 243 |  14k|  14k|   0 |  0 |   0 |   0 |-1.545409e+03 |-1.545409e+03 |   0.00%| unknown

SCIP Status        : problem is solved [optimal solution found]
Solving Time (sec) : 6.45
Solving Nodes      : 1
Primal Bound       : -1.54540932247550e+03 (3 solutions)
Dual Bound         : -1.54540932247550e+03
Gap                : 0.00 %
feasible solution found by trivial heuristic after 0.1 seconds, objective value -9.000008e+06
presolving:
(round 1, fast)       0 del vars, 0 del conss, 0 add conss, 180 chg bounds, 0 chg sides, 0 chg coeffs, 0 upgd conss, 0 impls, 0 clqs, 0 implints
   (1.1s) running MILP presolver
   (1.6s) MILP presolver (2 rounds): 0 aggregations, 0 fixings, 0 bound changes
(round 2, exhaustive) 0 del vars, 816 del conss, 0 add conss, 180 chg bounds, 0 chg sides, 0 chg coeffs, 0 upgd conss, 0 impls, 0 clqs, 0 implints
   (4.0s) probing: 51/153 (33.3%) - 0 fixings, 0 aggregations, 0 implications, 0 bound changes
   (4.0s) probing aborted: 50/50 successive totally useless probings
   (4.1s) symmetry computation started: requiring (bin +, int +, cont +), (fixed: bin -, int -, cont -)
   (4.5s) no symmetry present (symcode time: 0.02)
presolving (3 rounds: 3 fast, 2 medium, 2 exhaustive):
 0 deleted vars, 816 deleted constraints, 0 added constraints, 180 tightened bounds, 0 added holes, 0 changed sides, 0 changed coefficients
 0 implications, 0 cliques, 0 implied integral variables (0 bin, 0 int, 0 cont)
presolved problem has 243 variables (153 bin, 0 int, 90 cont) and 14586 constraints
  14586 constraints of type <linear>
Presolving Time: 4.53

 time | node  | left  |LP iter|LP it/n|mem/heur|mdpt |vars |cons |rows |cuts |sepa|confs|strbr|  dualbound   | primalbound  |  gap   | compl. 
t 4.7s|     1 |     0 |     0 |     - | trivial|   0 | 243 |  14k|   0 |   0 |  0 |   0 |   0 | 5.000000e+02 |-6.893000e+03 |    Inf | unknown
p 5.7s|     1 |     0 |    88 |     - |   locks|   0 | 243 |  14k|  14k|   0 |  0 |   0 |   0 | 5.000000e+02 |-1.979552e+03 |    Inf | unknown
  7.7s|     1 |     0 |  1553 |     - |  1039M |   0 | 243 |  14k|  14k|   0 |  0 |   0 |   0 |-1.545409e+03 |-1.979552e+03 |  28.09%| unknown
r 8.5s|     1 |     0 |  1553 |     - |shifting|   0 | 243 |  14k|  14k|   0 |  0 |   0 |   0 |-1.545409e+03 |-1.852472e+03 |  19.87%| unknown
  8.8s|     1 |     0 |  1606 |     - |  1041M |   0 | 243 |  14k|  14k|   2 |  1 |   0 |   0 |-1.545439e+03 |-1.852472e+03 |  19.87%| unknown
  9.9s|     1 |     0 |  1665 |     - |  1044M |   0 | 243 |  14k|  14k|   4 |  2 |   0 |   0 |-1.545472e+03 |-1.852472e+03 |  19.86%| unknown
r10.7s|     1 |     0 |  1665 |     - |shifting|   0 | 243 |  14k|  14k|   4 |  2 |   0 |   0 |-1.545472e+03 |-1.819738e+03 |  17.75%| unknown
 10.9s|     1 |     0 |  1696 |     - |  1046M |   0 | 243 |  14k|  14k|   7 |  3 |   0 |   0 |-1.545491e+03 |-1.819738e+03 |  17.74%| unknown
 11.9s|     1 |     0 |  1720 |     - |  1047M |   0 | 243 |  14k|  14k|  10 |  4 |   0 |   0 |-1.545495e+03 |-1.819738e+03 |  17.74%| unknown
r12.8s|     1 |     0 |  1720 |     - |shifting|   0 | 243 |  14k|  14k|  10 |  4 |   0 |   0 |-1.545495e+03 |-1.775387e+03 |  14.87%| unknown
 13.0s|     1 |     0 |  1743 |     - |  1050M |   0 | 243 |  14k|  14k|  12 |  5 |   0 |   0 |-1.545499e+03 |-1.775387e+03 |  14.87%| unknown
 13.6s|     1 |     0 |  1807 |     - |  1052M |   0 | 243 |  14k|  14k|  14 |  6 |   1 |   0 |-1.545518e+03 |-1.775387e+03 |  14.87%| unknown
 14.7s|     1 |     0 |  1854 |     - |  1053M |   0 | 243 |  14k|  14k|  17 |  7 |   1 |   0 |-1.545531e+03 |-1.775387e+03 |  14.87%| unknown
 15.6s|     1 |     0 |  1911 |     - |  1055M |   0 | 243 |  14k|  14k|  19 |  8 |   2 |   0 |-1.545545e+03 |-1.775387e+03 |  14.87%| unknown
 16.6s|     1 |     0 |  1938 |     - |  1056M |   0 | 243 |  14k|  14k|  22 |  9 |   2 |   0 |-1.545562e+03 |-1.775387e+03 |  14.87%| unknown
 time | node  | left  |LP iter|LP it/n|mem/heur|mdpt |vars |cons |rows |cuts |sepa|confs|strbr|  dualbound   | primalbound  |  gap   | compl. 
 17.7s|     1 |     0 |  2008 |     - |  1058M |   0 | 243 |  14k|  14k|  29 | 10 |   2 |   0 |-1.545586e+03 |-1.775387e+03 |  14.87%| unknown
 18.7s|     1 |     0 |  2083 |     - |  1059M |   0 | 243 |  14k|  14k|  33 | 11 |   2 |   0 |-1.545606e+03 |-1.775387e+03 |  14.87%| unknown
r19.8s|     1 |     0 |  2317 |     - |intshift|   0 | 243 |  14k|  14k|  33 | 11 |   2 |   0 |-1.545606e+03 |-1.590846e+03 |   2.93%| unknown
d22.7s|     1 |     0 |  4328 |     - |farkasdi|   0 | 243 |  14k|  14k|   0 | 11 |   2 |   0 |-1.545606e+03 |-1.560310e+03 |   0.95%| unknown
L52.2s|     1 |     0 |  6313 |     - |    rens|   0 | 243 |  14k|  14k|  33 | 11 |   9 |   0 |-1.545606e+03 |-1.552585e+03 |   0.45%| unknown
 52.6s|     1 |     0 |  6313 |     - |  1116M |   0 | 243 |  14k|  14k|  33 | 11 |   9 |   0 |-1.545606e+03 |-1.552585e+03 |   0.45%| unknown
 53.5s|     1 |     0 |  6313 |     - |  1116M |   0 | 243 |  14k|  14k|  33 | 11 |   9 |   0 |-1.545606e+03 |-1.552585e+03 |   0.45%| unknown
 53.7s|     1 |     0 |  6344 |     - |  1117M |   0 | 243 |  14k|  14k|  36 | 12 |   9 |   0 |-1.545608e+03 |-1.552585e+03 |   0.45%| unknown
 54.7s|     1 |     0 |  6407 |     - |  1117M |   0 | 243 |  14k|  14k|  41 | 13 |   9 |   0 |-1.545620e+03 |-1.552585e+03 |   0.45%| unknown
 55.5s|     1 |     0 |  6407 |     - |  1117M |   0 | 243 |  14k|  14k|  41 | 13 |   9 |   0 |-1.545620e+03 |-1.552585e+03 |   0.45%| unknown
 55.7s|     1 |     0 |  6430 |     - |  1119M |   0 | 243 |  14k|  14k|  43 | 14 |   9 |   0 |-1.545621e+03 |-1.552585e+03 |   0.45%| unknown
 56.5s|     1 |     0 |  6443 |     - |  1119M |   0 | 243 |  14k|  14k|  45 | 15 |   9 |   0 |-1.545621e+03 |-1.552585e+03 |   0.45%| unknown
 58.9s|     1 |     0 |  6443 |     - |  1119M |   0 | 243 |  14k|  14k|  45 | 15 |   9 |   1 |-1.547387e+03 |-1.552585e+03 |   0.34%| unknown
 59.0s|     1 |     0 |  6488 |     - |  1121M |   0 | 243 |  14k|  14k|  47 | 16 |   9 |   1 |-1.547387e+03 |-1.552585e+03 |   0.34%| unknown
 59.9s|     1 |     0 |  6491 |     - |  1121M |   0 | 243 |  14k|  14k|  48 | 17 |   9 |   1 |-1.547387e+03 |-1.552585e+03 |   0.34%| unknown
 time | node  | left  |LP iter|LP it/n|mem/heur|mdpt |vars |cons |rows |cuts |sepa|confs|strbr|  dualbound   | primalbound  |  gap   | compl. 
 62.8s|     1 |     0 |  6491 |     - |  1121M |   0 | 243 |  14k|  14k|  48 | 17 |  10 |   3 |-1.547387e+03 |-1.552585e+03 |   0.34%| unknown
 62.9s|     1 |     0 |  6493 |     - |  1122M |   0 | 243 |  14k|  14k|  49 | 18 |  10 |   3 |-1.547387e+03 |-1.552585e+03 |   0.34%| unknown
 64.6s|     1 |     0 |  6493 |     - |  1122M |   0 | 243 |  14k|  14k|  49 | 19 |  10 |   4 |-1.547387e+03 |-1.552585e+03 |   0.34%| unknown
 65.9s|     1 |     0 |  6493 |     - |  1124M |   0 | 243 |  14k|  14k|  49 | 20 |  10 |   5 |-1.547387e+03 |-1.552585e+03 |   0.34%| unknown
 69.0s|     1 |     0 |  6493 |     - |  1124M |   0 | 243 |  14k|  14k|  49 | 21 |  10 |   8 |-1.547387e+03 |-1.552585e+03 |   0.34%| unknown
 71.4s|     1 |     0 |  6493 |     - |  1124M |   0 | 243 |  14k|  14k|  49 | 22 |  10 |  10 |-1.547387e+03 |-1.552585e+03 |   0.34%| unknown
 93.2s|     1 |     0 |  6493 |     - |  1124M |   0 | 243 |  14k|  14k|  49 | 23 |  10 |  30 |-1.547519e+03 |-1.552585e+03 |   0.33%| unknown
 96.5s|     1 |     0 |  6493 |     - |  1124M |   0 | 243 |  14k|  14k|  49 | 24 |  10 |  33 |-1.547519e+03 |-1.552585e+03 |   0.33%| unknown
 98.8s|     1 |     0 |  6620 |     - |  1124M |   0 | 243 |  14k|  14k|  49 | 25 |  12 |  35 |-1.547519e+03 |-1.552585e+03 |   0.33%| unknown
 99.4s|     1 |     0 |  6626 |     - |  1124M |   0 | 243 |  14k|  14k|  51 | 26 |  12 |  35 |-1.547519e+03 |-1.552585e+03 |   0.33%| unknown
  100s|     1 |     0 |  6631 |     - |  1124M |   0 | 243 |  14k|  14k|  52 | 27 |  12 |  35 |-1.547519e+03 |-1.552585e+03 |   0.33%| unknown
  102s|     1 |     0 |  6631 |     - |  1124M |   0 | 243 |  14k|  14k|  52 | 27 |  12 |  36 |-1.547519e+03 |-1.552585e+03 |   0.33%| unknown
  103s|     1 |     0 |  6631 |     - |  1124M |   0 | 243 |  14k|  14k|  52 | 28 |  12 |  37 |-1.547519e+03 |-1.552585e+03 |   0.33%| unknown
  107s|     1 |     0 |  6631 |     - |  1124M |   0 | 243 |  14k|  14k|  52 | 29 |  12 |  41 |-1.547519e+03 |-1.552585e+03 |   0.33%| unknown
  110s|     1 |     0 |  6695 |     - |  1124M |   0 | 243 |  14k|  14k|  52 | 30 |  14 |  45 |-1.547519e+03 |-1.552585e+03 |   0.33%| unknown
 time | node  | left  |LP iter|LP it/n|mem/heur|mdpt |vars |cons |rows |cuts |sepa|confs|strbr|  dualbound   | primalbound  |  gap   | compl. 
  112s|     1 |     0 |  6695 |     - |  1124M |   0 | 243 |  14k|  14k|  52 | 31 |  14 |  46 |-1.547519e+03 |-1.552585e+03 |   0.33%| unknown
  113s|     1 |     0 |  6695 |     - |  1124M |   0 | 243 |  14k|  14k|  52 | 32 |  14 |  47 |-1.547519e+03 |-1.552585e+03 |   0.33%| unknown
  116s|     1 |     0 |  6695 |     - |  1124M |   0 | 243 |  14k|  14k|  52 | 33 |  14 |  49 |-1.547519e+03 |-1.552585e+03 |   0.33%| unknown
  119s|     1 |     0 |  6755 |     - |  1124M |   0 | 243 |  14k|  14k|  52 | 34 |  16 |  53 |-1.547519e+03 |-1.552585e+03 |   0.33%| unknown
(run 1, node 1) restarting after 8 global fixings of integer variables

(restart) converted 45 cuts from the global cut pool into linear constraints

presolving:
(round 1, fast)       8 del vars, 2 del conss, 0 add conss, 0 chg bounds, 119 chg sides, 0 chg coeffs, 0 upgd conss, 0 impls, 119 clqs, 0 implints
(round 2, fast)       8 del vars, 2 del conss, 0 add conss, 42 chg bounds, 119 chg sides, 0 chg coeffs, 0 upgd conss, 0 impls, 119 clqs, 0 implints
(round 3, exhaustive) 8 del vars, 2 del conss, 0 add conss, 42 chg bounds, 119 chg sides, 0 chg coeffs, 120 upgd conss, 0 impls, 119 clqs, 0 implints
presolving (4 rounds: 4 fast, 2 medium, 2 exhaustive):
 8 deleted vars, 2 deleted constraints, 0 added constraints, 42 tightened bounds, 0 added holes, 119 changed sides, 8 changed coefficients
 0 implications, 119 cliques, 0 implied integral variables (0 bin, 0 int, 0 cont)
presolved problem has 235 variables (145 bin, 0 int, 90 cont) and 14640 constraints
      1 constraints of type <knapsack>
    119 constraints of type <setppc>
  14512 constraints of type <linear>
      8 constraints of type <logicor>
Presolving Time: 6.21
transformed 26/30 original solutions to the transformed problem space

 time | node  | left  |LP iter|LP it/n|mem/heur|mdpt |vars |cons |rows |cuts |sepa|confs|strbr|  dualbound   | primalbound  |  gap   | compl. 
  128s|     1 |     0 |  8501 |     - |  1227M |   0 | 235 |  14k|  14k|   0 |  0 |  25 |  53 |-1.547519e+03 |-1.552585e+03 |   0.33%| unknown
  129s|     1 |     0 |  8501 |     - |  1227M |   0 | 235 |  14k|  14k|   0 |  0 |  25 |  53 |-1.547519e+03 |-1.552585e+03 |   0.33%| unknown
  129s|     1 |     0 |  8538 |     - |  1229M |   0 | 235 |  14k|  14k|   1 |  1 |  25 |  53 |-1.547519e+03 |-1.552585e+03 |   0.33%| unknown
  130s|     1 |     0 |  8607 |     - |  1230M |   0 | 235 |  14k|  14k|   3 |  2 |  27 |  53 |-1.547519e+03 |-1.552585e+03 |   0.33%| unknown
  131s|     1 |     0 |  8607 |     - |  1230M |   0 | 235 |  14k|  14k|   3 |  2 |  27 |  53 |-1.547519e+03 |-1.552585e+03 |   0.33%| unknown
  131s|     1 |     0 |  8664 |     - |  1230M |   0 | 235 |  14k|  14k|   6 |  3 |  27 |  53 |-1.547519e+03 |-1.552585e+03 |   0.33%| unknown
  132s|     1 |     0 |  8691 |     - |  1232M |   0 | 235 |  14k|  14k|   9 |  4 |  28 |  53 |-1.547519e+03 |-1.552585e+03 |   0.33%| unknown
  133s|     1 |     0 |  8772 |     - |  1232M |   0 | 235 |  14k|  14k|  13 |  5 |  28 |  53 |-1.547519e+03 |-1.552585e+03 |   0.33%| unknown
  134s|     1 |     0 |  8859 |     - |  1234M |   0 | 235 |  14k|  14k|  17 |  6 |  28 |  53 |-1.547519e+03 |-1.552585e+03 |   0.33%| unknown
  135s|     1 |     0 |  8925 |     - |  1236M |   0 | 235 |  14k|  14k|  20 |  7 |  31 |  53 |-1.547519e+03 |-1.552585e+03 |   0.33%| unknown
  136s|     1 |     0 |  9002 |     - |  1239M |   0 | 235 |  14k|  14k|  23 |  8 |  31 |  53 |-1.547519e+03 |-1.552585e+03 |   0.33%| unknown
  137s|     1 |     0 |  9069 |     - |  1240M |   0 | 235 |  14k|  14k|  25 |  9 |  31 |  53 |-1.547519e+03 |-1.552585e+03 |   0.33%| unknown
  138s|     1 |     0 |  9123 |     - |  1242M |   0 | 235 |  14k|  14k|  28 | 10 |  32 |  53 |-1.547519e+03 |-1.552585e+03 |   0.33%| unknown
  138s|     1 |     0 |  9186 |     - |  1244M |   0 | 235 |  14k|  14k|  31 | 11 |  33 |  53 |-1.547519e+03 |-1.552585e+03 |   0.33%| unknown
  139s|     1 |     0 |  9186 |     - |  1244M |   0 | 235 |  14k|  14k|  31 | 11 |  33 |  53 |-1.547519e+03 |-1.552585e+03 |   0.33%| unknown
 time | node  | left  |LP iter|LP it/n|mem/heur|mdpt |vars |cons |rows |cuts |sepa|confs|strbr|  dualbound   | primalbound  |  gap   | compl. 
  139s|     1 |     0 |  9302 |     - |  1245M |   0 | 235 |  14k|  14k|  35 | 12 |  33 |  53 |-1.547519e+03 |-1.552585e+03 |   0.33%| unknown
  140s|     1 |     0 |  9344 |     - |  1247M |   0 | 235 |  14k|  14k|  38 | 13 |  33 |  53 |-1.547519e+03 |-1.552585e+03 |   0.33%| unknown
  141s|     1 |     0 |  9414 |     - |  1248M |   0 | 235 |  14k|  14k|  42 | 14 |  35 |  53 |-1.547519e+03 |-1.552585e+03 |   0.33%| unknown
  142s|     1 |     0 |  9487 |     - |  1250M |   0 | 235 |  14k|  14k|  46 | 15 |  35 |  53 |-1.547519e+03 |-1.552585e+03 |   0.33%| unknown
  143s|     1 |     0 |  9528 |     - |  1251M |   0 | 235 |  14k|  14k|  50 | 16 |  35 |  53 |-1.547519e+03 |-1.552585e+03 |   0.33%| unknown
  144s|     1 |     0 |  9551 |     - |  1251M |   0 | 235 |  14k|  14k|  52 | 17 |  36 |  53 |-1.547519e+03 |-1.552585e+03 |   0.33%| unknown
  145s|     1 |     0 |  9585 |     - |  1253M |   0 | 235 |  14k|  14k|  55 | 18 |  38 |  53 |-1.547519e+03 |-1.552585e+03 |   0.33%| unknown
  145s|     1 |     0 |  9607 |     - |  1254M |   0 | 235 |  14k|  14k|  57 | 19 |  38 |  53 |-1.547519e+03 |-1.552585e+03 |   0.33%| unknown
  146s|     1 |     0 |  9628 |     - |  1256M |   0 | 235 |  14k|  14k|  60 | 20 |  38 |  53 |-1.547519e+03 |-1.552585e+03 |   0.33%| unknown
  147s|     1 |     0 |  9639 |     - |  1256M |   0 | 235 |  14k|  14k|  61 | 21 |  38 |  53 |-1.547519e+03 |-1.552585e+03 |   0.33%| unknown
  174s|     1 |     0 | 11353 |     - |  1256M |   0 | 235 |  14k|  14k|  61 | 22 |  50 |  54 |-1.547558e+03 |-1.552585e+03 |   0.32%| unknown
  176s|     1 |     0 | 11353 |     - |  1256M |   0 | 235 |  14k|  14k|  61 | 23 |  50 |  55 |-1.547675e+03 |-1.552585e+03 |   0.32%| unknown
  178s|     1 |     0 | 11353 |     - |  1256M |   0 | 235 |  14k|  14k|  61 | 24 |  50 |  56 |-1.547675e+03 |-1.552585e+03 |   0.32%| unknown
  179s|     1 |     0 | 11353 |     - |  1256M |   0 | 235 |  14k|  14k|  61 | 25 |  50 |  57 |-1.547675e+03 |-1.552585e+03 |   0.32%| unknown
  180s|     1 |     0 | 11353 |     - |  1256M |   0 | 235 |  14k|  14k|  61 | 26 |  50 |  58 |-1.547675e+03 |-1.552585e+03 |   0.32%| unknown
 time | node  | left  |LP iter|LP it/n|mem/heur|mdpt |vars |cons |rows |cuts |sepa|confs|strbr|  dualbound   | primalbound  |  gap   | compl. 
  182s|     1 |     0 | 11353 |     - |  1256M |   0 | 235 |  14k|  14k|  61 | 27 |  50 |  59 |-1.547675e+03 |-1.552585e+03 |   0.32%| unknown
  183s|     1 |     0 | 11353 |     - |  1256M |   0 | 235 |  14k|  14k|  61 | 28 |  50 |  60 |-1.547675e+03 |-1.552585e+03 |   0.32%| unknown
  186s|     1 |     0 | 11353 |     - |  1256M |   0 | 235 |  14k|  14k|  61 | 29 |  50 |  62 |-1.547675e+03 |-1.552585e+03 |   0.32%| unknown
  190s|     1 |     0 | 11353 |     - |  1256M |   0 | 235 |  14k|  14k|  61 | 30 |  50 |  66 |-1.547675e+03 |-1.552585e+03 |   0.32%| unknown
  210s|     1 |     0 | 11353 |     - |  1256M |   0 | 235 |  14k|  14k|  61 | 31 |  50 |  84 |-1.547675e+03 |-1.552585e+03 |   0.32%| unknown
  212s|     1 |     0 | 11353 |     - |  1256M |   0 | 235 |  14k|  14k|  61 | 32 |  50 |  86 |-1.547675e+03 |-1.552585e+03 |   0.32%| unknown
  213s|     1 |     0 | 11401 |     - |  1256M |   0 | 235 |  14k|  14k|  61 | 33 |  52 |  88 |-1.547675e+03 |-1.552585e+03 |   0.32%| unknown
  214s|     1 |     0 | 11424 |     - |  1256M |   0 | 235 |  14k|  14k|  64 | 34 |  54 |  88 |-1.547675e+03 |-1.552585e+03 |   0.32%| unknown
  215s|     1 |     0 | 11443 |     - |  1256M |   0 | 235 |  14k|  14k|  66 | 35 |  56 |  88 |-1.547675e+03 |-1.552585e+03 |   0.32%| unknown
  219s|     1 |     0 | 11443 |     - |  1256M |   0 | 235 |  14k|  14k|  66 | 35 |  56 |  91 |-1.547675e+03 |-1.552585e+03 |   0.32%| unknown
  220s|     1 |     0 | 11443 |     - |  1256M |   0 | 235 |  14k|  14k|  66 | 36 |  56 |  93 |-1.547675e+03 |-1.552585e+03 |   0.32%| unknown
  222s|     1 |     0 | 11443 |     - |  1256M |   0 | 235 |  14k|  14k|  66 | 37 |  56 |  94 |-1.547675e+03 |-1.552585e+03 |   0.32%| unknown
  223s|     1 |     0 | 11443 |     - |  1256M |   0 | 235 |  14k|  14k|  66 | 38 |  56 |  95 |-1.547675e+03 |-1.552585e+03 |   0.32%| unknown
  224s|     1 |     0 | 11443 |     - |  1256M |   0 | 235 |  14k|  14k|  66 | 39 |  56 |  97 |-1.547675e+03 |-1.552585e+03 |   0.32%| unknown
  226s|     1 |     0 | 11497 |     - |  1256M |   0 | 235 |  14k|  14k|  66 | 40 |  60 | 100 |-1.547675e+03 |-1.552585e+03 |   0.32%| unknown
 time | node  | left  |LP iter|LP it/n|mem/heur|mdpt |vars |cons |rows |cuts |sepa|confs|strbr|  dualbound   | primalbound  |  gap   | compl. 
  227s|     1 |     0 | 11503 |     - |  1256M |   0 | 235 |  14k|  14k|  67 | 41 |  61 | 100 |-1.547675e+03 |-1.552585e+03 |   0.32%| unknown
  229s|     1 |     0 | 11503 |     - |  1256M |   0 | 235 |  14k|  14k|  67 | 42 |  62 | 101 |-1.547675e+03 |-1.552585e+03 |   0.32%| unknown
  229s|     1 |     0 | 11503 |     - |  1256M |   0 | 235 |  14k|  14k|  67 | 43 |  62 | 102 |-1.547675e+03 |-1.552585e+03 |   0.32%| unknown
  230s|     1 |     0 | 11503 |     - |  1256M |   0 | 235 |  14k|  14k|  67 | 44 |  62 | 103 |-1.547675e+03 |-1.552585e+03 |   0.32%| unknown
  231s|     1 |     0 | 11503 |     - |  1256M |   0 | 235 |  14k|  14k|  67 | 45 |  62 | 104 |-1.547675e+03 |-1.552585e+03 |   0.32%| unknown
  233s|     1 |     0 | 11503 |     - |  1256M |   0 | 235 |  14k|  14k|  67 | 46 |  62 | 106 |-1.547675e+03 |-1.552585e+03 |   0.32%| unknown
  233s|     1 |     2 | 11503 |     - |  1256M |   0 | 235 |  14k|  14k|  67 | 47 |  62 | 106 |-1.547675e+03 |-1.552585e+03 |   0.32%| unknown

SCIP Status        : problem is solved [optimal solution found]
Solving Time (sec) : 290.05
Solving Nodes      : 19 (total of 20 nodes in 2 runs)
Primal Bound       : -1.55258496732026e+03 (60 solutions)
Dual Bound         : -1.55258496732026e+03
Gap                : 0.00 %
feasible solution found by trivial heuristic after 0.0 seconds, objective value 0.000000e+00
presolving:
   (0.0s) symmetry computation started: requiring (bin +, int +, cont +), (fixed: bin -, int -, cont -)
   (0.0s) symmetry computation finished: 89 generators found (max: 1500, log10 of symmetry group size: 138.17) (symcode time: 0.00)
dynamic symmetry handling statistics:
   orbitopal reduction:       no components
   orbital reduction:         no components
   lexicographic reduction:   no permutations
handled 1 out of 1 symmetry components
presolving (0 rounds: 0 fast, 0 medium, 0 exhaustive):
 0 deleted vars, 0 deleted constraints, 0 added constraints, 0 tightened bounds, 0 added holes, 0 changed sides, 0 changed coefficients
 0 implications, 0 cliques, 0 implied integral variables (0 bin, 0 int, 0 cont)
presolved problem has 243 variables (153 bin, 0 int, 90 cont) and 1721 constraints
   1721 constraints of type <linear>
Presolving Time: 0.00
transformed 2/2 original solutions to the transformed problem space

 time | node  | left  |LP iter|LP it/n|mem/heur|mdpt |vars |cons |rows |cuts |sepa|confs|strbr|  dualbound   | primalbound  |  gap   | compl. 
p 0.0s|     1 |     0 |     0 |     - |   locks|   0 | 243 |1632 |1632 |   0 |  0 |   0 |   0 | 5.000000e+02 | 1.480000e+02 | 237.84%| unknown
i 0.0s|     1 |     0 |     0 |     - |  oneopt|   0 | 243 |1632 |1632 |   0 |  0 |   0 |   0 | 5.000000e+02 | 3.720000e+02 |  34.41%| unknown
* 0.0s|     1 |     0 |    37 |     - |    LP  |   0 | 243 |1632 |1632 |   0 |  0 |   0 |   0 | 4.600000e+02 | 4.600000e+02 |   0.00%| unknown
  0.0s|     1 |     0 |    37 |     - |  8417k |   0 | 243 |1632 |1632 |   0 |  0 |   0 |   0 | 4.600000e+02 | 4.600000e+02 |   0.00%| unknown

SCIP Status        : problem is solved [optimal solution found]
Solving Time (sec) : 0.01
Solving Nodes      : 1
Primal Bound       : +4.60000000000000e+02 (6 solutions)
Dual Bound         : +4.60000000000000e+02
Gap                : 0.00 %
  [linear] <c1633>: <x154>[C] (+0) -0.656862745<x1>[B] (+0) -0.656862745<x2>[B] (+1) -0.656862745<x3>[B] (+1) -0.656862745<x4>[B] (+0) -0.656862745<x5>[B] (+1) +0.656862745<x6>[B] (+0) -0.656862745<x7>[B] (+0) -0.656862745<x8>[B] (+0) -0.656862745<x9>[B] (+1) -0.656862745<x10>[B] (+0) -0.656862745<x11>[B] (+1) +0.656862745<x12>[B] (+1) +0.656862745<x13>[B] (+0) +0.656862745<x14>[B] (+0) +0.656862745<x15>[B] (+1) -0.656862745<x16>[B] (+1) -0.656862745<x17>[B] (+0) -0.656862745<x18>[B] (+1) +0.656862745<x19>[B] (+1) +0.656862745<x20>[B] (+0) +0.656862745<x21>[B] (+1) +0.656862745<x22>[B] (+0) +0.656862745<x23>[B] (+0) +0.656862745<x24>[B] (+0) +0.656862745<x25>[B] (+1) +0.656862745<x26>[B] (+0) -0.656862745<x27>[B] (+1) +0.656862745<x28>[B] (+1) +0.656862745<x29>[B] (+0) +0.656862745<x30>[B] (+0) +0.656862745<x31>[B] (+1) -0.656862745<x32>[B] (+1) -0.656862745<x33>[B] (+0) +0.656862745<x34>[B] (+1) +0.656862745<x35>[B] (+0) +0.656862745<x36>[B] (+1) +0.656862745<x37>[B] (+0) +0.656862745<x38>[B] (+0) +0.656862745<x39>[B] (+0) +0.656862745<x40>[B] (+1) +0.656862745<x41>[B] (+0) -0.656862745<x42>[B] (+1) +0.656862745<x43>[B] (+1) +0.656862745<x44>[B] (+0) +0.656862745<x45>[B] (+0) +0.656862745<x46>[B] (+0) +0.656862745<x47>[B] (+1) +0.656862745<x48>[B] (+0) +0.656862745<x49>[B] (+0) -0.656862745<x50>[B] (+0) +0.656862745<x51>[B] (+0) +0.656862745<x52>[B] (+0) -0.656862745<x53>[B] (+0) -0.656862745<x54>[B] (+1) -0.656862745<x55>[B] (+0) -0.656862745<x56>[B] (+1) +0.656862745<x57>[B] (+1) +0.656862745<x58>[B] (+0) +0.656862745<x59>[B] (+0) +0.656862745<x60>[B] (+0) -0.656862745<x61>[B] (+1) -0.656862745<x62>[B] (+0) -0.656862745<x63>[B] (+1) +0.656862745<x64>[B] (+1) -0.656862745<x65>[B] (+0) -0.656862745<x66>[B] (+1) -0.656862745<x67>[B] (+1) -0.656862745<x68>[B] (+1) -0.656862745<x69>[B] (+1) +0.656862745<x70>[B] (+1) +0.656862745<x71>[B] (+1) +0.656862745<x72>[B] (+1) +0.656862745<x73>[B] (+1) -0.656862745<x74>[B] (+1) -0.656862745<x75>[B] (+1) +0.656862745<x76>[B] (+0) +0.656862745<x77>[B] (+0) -0.656862745<x78>[B] (+0) -0.656862745<x79>[B] (+1) +0.656862745<x80>[B] (+0) -0.656862745<x81>[B] (+1) +0.656862745<x82>[B] (+1) +0.656862745<x83>[B] (+0) +0.656862745<x84>[B] (+0) +0.656862745<x85>[B] (+0) -0.656862745<x86>[B] (+1) -0.656862745<x87>[B] (+0) -0.656862745<x88>[B] (+0) -0.656862745<x89>[B] (+1) -0.656862745<x90>[B] (+1) -0.656862745<x91>[B] (+0) -0.656862745<x92>[B] (+1) -0.656862745<x93>[B] (+1) +0.656862745<x94>[B] (+1) +0.656862745<x95>[B] (+0) -0.656862745<x96>[B] (+1) -0.656862745<x97>[B] (+1) -0.656862745<x98>[B] (+1) -0.656862745<x99>[B] (+1) -0.656862745<x100>[B] (+1) -0.656862745<x101>[B] (+1) -0.656862745<x102>[B] (+1) +0.656862745<x103>[B] (+1) +0.656862745<x104>[B] (+1) +0.656862745<x105>[B] (+1) +0.656862745<x106>[B] (+1) -0.656862745<x107>[B] (+1) -0.656862745<x108>[B] (+1) +0.656862745<x109>[B] (+1) +0.656862745<x110>[B] (+0) -0.656862745<x111>[B] (+1) +0.656862745<x112>[B] (+1) +0.656862745<x113>[B] (+0) +0.656862745<x114>[B] (+0) +0.656862745<x115>[B] (+1) -0.656862745<x116>[B] (+1) -0.656862745<x117>[B] (+0) +0.656862745<x118>[B] (+0) -0.656862745<x119>[B] (+0) +0.656862745<x120>[B] (+0) +0.656862745<x121>[B] (+0) +0.656862745<x122>[B] (+0) +0.656862745<x123>[B] (+0) -0.656862745<x124>[B] (+1) -0.656862745<x125>[B] (+0) -0.656862745<x126>[B] (+1) +0.656862745<x127>[B] (+1) +0.656862745<x128>[B] (+1) +0.656862745<x129>[B] (+0) +0.656862745<x130>[B] (+1) -0.656862745<x131>[B] (+1) -0.656862745<x132>[B] (+1) +0.656862745<x133>[B] (+0) +0.656862745<x134>[B] (+0) +0.656862745<x135>[B] (+0) +0.656862745<x136>[B] (+0) +0.656862745<x137>[B] (+1) +0.656862745<x138>[B] (+0) +0.656862745<x139>[B] (+0) +0.656862745<x140>[B] (+0) +0.656862745<x141>[B] (+0) -0.656862745<x142>[B] (+1) -0.656862745<x143>[B] (+0) +0.656862745<x144>[B] (+0) -0.656862745<x145>[B] (+1) -0.656862745<x146>[B] (+1) -0.656862745<x147>[B] (+1) -0.656862745<x148>[B] (+1) -0.656862745<x149>[B] (+1) -0.656862745<x150>[B] (+1) -0.656862745<x151>[B] (+1) -0.656862745<x152>[B] (+0) +0.656862745<x153>[B] (+0) >= 20.8562091503268;
;
violation: left hand side is violated by 33.3366013071895
  [linear] <c1633>: <x154>[C] (+0) -0.656862745<x1>[B] (+1) -0.656862745<x2>[B] (+0) -0.656862745<x3>[B] (+1) -0.656862745<x4>[B] (+0) -0.656862745<x5>[B] (+1) +0.656862745<x6>[B] (+0) -0.656862745<x7>[B] (+1) -0.656862745<x8>[B] (+0) -0.656862745<x9>[B] (+1) -0.656862745<x10>[B] (+0) -0.656862745<x11>[B] (+1) +0.656862745<x12>[B] (+1) +0.656862745<x13>[B] (+1) +0.656862745<x14>[B] (+0) +0.656862745<x15>[B] (+1) -0.656862745<x16>[B] (+1) -0.656862745<x17>[B] (+1) -0.656862745<x18>[B] (+0) +0.656862745<x19>[B] (+1) +0.656862745<x20>[B] (+0) +0.656862745<x21>[B] (+1) +0.656862745<x22>[B] (+0) +0.656862745<x23>[B] (+0) +0.656862745<x24>[B] (+0) +0.656862745<x25>[B] (+1) +0.656862745<x26>[B] (+0) -0.656862745<x27>[B] (+1) +0.656862745<x28>[B] (+1) +0.656862745<x29>[B] (+0) +0.656862745<x30>[B] (+0) +0.656862745<x31>[B] (+1) -0.656862745<x32>[B] (+0) -0.656862745<x33>[B] (+0) +0.656862745<x34>[B] (+1) +0.656862745<x35>[B] (+0) +0.656862745<x36>[B] (+1) +0.656862745<x37>[B] (+1) +0.656862745<x38>[B] (+1) +0.656862745<x39>[B] (+1) +0.656862745<x40>[B] (+1) +0.656862745<x41>[B] (+0) -0.656862745<x42>[B] (+1) +0.656862745<x43>[B] (+1) +0.656862745<x44>[B] (+1) +0.656862745<x45>[B] (+0) +0.656862745<x46>[B] (+1) +0.656862745<x47>[B] (+1) +0.656862745<x48>[B] (+1) +0.656862745<x49>[B] (+0) -0.656862745<x50>[B] (+1) +0.656862745<x51>[B] (+0) +0.656862745<x52>[B] (+0) -0.656862745<x53>[B] (+0) -0.656862745<x54>[B] (+1) -0.656862745<x55>[B] (+0) -0.656862745<x56>[B] (+1) +0.656862745<x57>[B] (+1) +0.656862745<x58>[B] (+0) +0.656862745<x59>[B] (+0) +0.656862745<x60>[B] (+1) -0.656862745<x61>[B] (+0) -0.656862745<x62>[B] (+0) -0.656862745<x63>[B] (+1) +0.656862745<x64>[B] (+1) -0.656862745<x65>[B] (+1) -0.656862745<x66>[B] (+1) -0.656862745<x67>[B] (+1) -0.656862745<x68>[B] (+1) -0.656862745<x69>[B] (+1) +0.656862745<x70>[B] (+1) +0.656862745<x71>[B] (+1) +0.656862745<x72>[B] (+1) +0.656862745<x73>[B] (+1) -0.656862745<x74>[B] (+1) -0.656862745<x75>[B] (+1) +0.656862745<x76>[B] (+0) +0.656862745<x77>[B] (+0) -0.656862745<x78>[B] (+0) -0.656862745<x79>[B] (+1) +0.656862745<x80>[B] (+0) -0.656862745<x81>[B] (+1) +0.656862745<x82>[B] (+1) +0.656862745<x83>[B] (+0) +0.656862745<x84>[B] (+0) +0.656862745<x85>[B] (+0) -0.656862745<x86>[B] (+0) -0.656862745<x87>[B] (+0) -0.656862745<x88>[B] (+1) -0.656862745<x89>[B] (+1) -0.656862745<x90>[B] (+1) -0.656862745<x91>[B] (+0) -0.656862745<x92>[B] (+1) -0.656862745<x93>[B] (+1) +0.656862745<x94>[B] (+1) +0.656862745<x95>[B] (+0) -0.656862745<x96>[B] (+1) -0.656862745<x97>[B] (+1) -0.656862745<x98>[B] (+1) -0.656862745<x99>[B] (+0) -0.656862745<x100>[B] (+1) -0.656862745<x101>[B] (+0) -0.656862745<x102>[B] (+1) +0.656862745<x103>[B] (+1) +0.656862745<x104>[B] (+0) +0.656862745<x105>[B] (+0) +0.656862745<x106>[B] (+1) -0.656862745<x107>[B] (+1) -0.656862745<x108>[B] (+0) +0.656862745<x109>[B] (+1) +0.656862745<x110>[B] (+0) -0.656862745<x111>[B] (+1) +0.656862745<x112>[B] (+1) +0.656862745<x113>[B] (+1) +0.656862745<x114>[B] (+0) +0.656862745<x115>[B] (+1) -0.656862745<x116>[B] (+1) -0.656862745<x117>[B] (+1) +0.656862745<x118>[B] (+0) -0.656862745<x119>[B] (+1) +0.656862745<x120>[B] (+0) +0.656862745<x121>[B] (+0) +0.656862745<x122>[B] (+0) +0.656862745<x123>[B] (+0) -0.656862745<x124>[B] (+0) -0.656862745<x125>[B] (+0) -0.656862745<x126>[B] (+1) +0.656862745<x127>[B] (+1) +0.656862745<x128>[B] (+1) +0.656862745<x129>[B] (+0) +0.656862745<x130>[B] (+1) -0.656862745<x131>[B] (+1) -0.656862745<x132>[B] (+1) +0.656862745<x133>[B] (+0) +0.656862745<x134>[B] (+0) +0.656862745<x135>[B] (+0) +0.656862745<x136>[B] (+0) +0.656862745<x137>[B] (+0) +0.656862745<x138>[B] (+0) +0.656862745<x139>[B] (+0) +0.656862745<x140>[B] (+0) +0.656862745<x141>[B] (+0) -0.656862745<x142>[B] (+0) -0.656862745<x143>[B] (+0) +0.656862745<x144>[B] (+0) -0.656862745<x145>[B] (+1) -0.656862745<x146>[B] (+1) -0.656862745<x147>[B] (+1) -0.656862745<x148>[B] (+1) -0.656862745<x149>[B] (+1) -0.656862745<x150>[B] (+1) -0.656862745<x151>[B] (+0) -0.656862745<x152>[B] (+0) +0.656862745<x153>[B] (+0) >= 20.8562091503268;
;
violation: left hand side is violated by 27.4248366013072
  [linear] <c1633>: <x154>[C] (+0) -0.656862745<x1>[B] (+1) -0.656862745<x2>[B] (+0) -0.656862745<x3>[B] (+1) -0.656862745<x4>[B] (+0) -0.656862745<x5>[B] (+1) +0.656862745<x6>[B] (+0) -0.656862745<x7>[B] (+1) -0.656862745<x8>[B] (+1) -0.656862745<x9>[B] (+1) -0.656862745<x10>[B] (+1) -0.656862745<x11>[B] (+1) +0.656862745<x12>[B] (+1) +0.656862745<x13>[B] (+1) +0.656862745<x14>[B] (+1) +0.656862745<x15>[B] (+1) -0.656862745<x16>[B] (+1) -0.656862745<x17>[B] (+1) -0.656862745<x18>[B] (+0) +0.656862745<x19>[B] (+1) +0.656862745<x20>[B] (+0) +0.656862745<x21>[B] (+1) +0.656862745<x22>[B] (+0) +0.656862745<x23>[B] (+1) +0.656862745<x24>[B] (+0) +0.656862745<x25>[B] (+0) +0.656862745<x26>[B] (+1) -0.656862745<x27>[B] (+1) +0.656862745<x28>[B] (+1) +0.656862745<x29>[B] (+0) +0.656862745<x30>[B] (+0) +0.656862745<x31>[B] (+1) -0.656862745<x32>[B] (+0) -0.656862745<x33>[B] (+1) +0.656862745<x34>[B] (+1) +0.656862745<x35>[B] (+1) +0.656862745<x36>[B] (+1) +0.656862745<x37>[B] (+1) +0.656862745<x38>[B] (+1) +0.656862745<x39>[B] (+1) +0.656862745<x40>[B] (+1) +0.656862745<x41>[B] (+1) -0.656862745<x42>[B] (+1) +0.656862745<x43>[B] (+1) +0.656862745<x44>[B] (+1) +0.656862745<x45>[B] (+1) +0.656862745<x46>[B] (+1) +0.656862745<x47>[B] (+1) +0.656862745<x48>[B] (+1) +0.656862745<x49>[B] (+0) -0.656862745<x50>[B] (+1) +0.656862745<x51>[B] (+0) +0.656862745<x52>[B] (+1) -0.656862745<x53>[B] (+0) -0.656862745<x54>[B] (+0) -0.656862745<x55>[B] (+0) -0.656862745<x56>[B] (+1) +0.656862745<x57>[B] (+1) +0.656862745<x58>[B] (+0) +0.656862745<x59>[B] (+0) +0.656862745<x60>[B] (+0) -0.656862745<x61>[B] (+0) -0.656862745<x62>[B] (+0) -0.656862745<x63>[B] (+1) +0.656862745<x64>[B] (+1) -0.656862745<x65>[B] (+1) -0.656862745<x66>[B] (+1) -0.656862745<x67>[B] (+1) -0.656862745<x68>[B] (+1) -0.656862745<x69>[B] (+1) +0.656862745<x70>[B] (+1) +0.656862745<x71>[B] (+1) +0.656862745<x72>[B] (+1) +0.656862745<x73>[B] (+1) -0.656862745<x74>[B] (+1) -0.656862745<x75>[B] (+1) +0.656862745<x76>[B] (+0) +0.656862745<x77>[B] (+0) -0.656862745<x78>[B] (+0) -0.656862745<x79>[B] (+0) +0.656862745<x80>[B] (+0) -0.656862745<x81>[B] (+1) +0.656862745<x82>[B] (+1) +0.656862745<x83>[B] (+0) +0.656862745<x84>[B] (+0) +0.656862745<x85>[B] (+0) -0.656862745<x86>[B] (+0) -0.656862745<x87>[B] (+0) -0.656862745<x88>[B] (+1) -0.656862745<x89>[B] (+1) -0.656862745<x90>[B] (+1) -0.656862745<x91>[B] (+1) -0.656862745<x92>[B] (+1) -0.656862745<x93>[B] (+1) +0.656862745<x94>[B] (+1) +0.656862745<x95>[B] (+1) -0.656862745<x96>[B] (+1) -0.656862745<x97>[B] (+1) -0.656862745<x98>[B] (+1) -0.656862745<x99>[B] (+0) -0.656862745<x100>[B] (+0) -0.656862745<x101>[B] (+0) -0.656862745<x102>[B] (+1) +0.656862745<x103>[B] (+1) +0.656862745<x104>[B] (+0) +0.656862745<x105>[B] (+0) +0.656862745<x106>[B] (+0) -0.656862745<x107>[B] (+0) -0.656862745<x108>[B] (+0) +0.656862745<x109>[B] (+1) +0.656862745<x110>[B] (+1) -0.656862745<x111>[B] (+1) +0.656862745<x112>[B] (+1) +0.656862745<x113>[B] (+1) +0.656862745<x114>[B] (+0) +0.656862745<x115>[B] (+1) -0.656862745<x116>[B] (+0) -0.656862745<x117>[B] (+1) +0.656862745<x118>[B] (+1) -0.656862745<x119>[B] (+1) +0.656862745<x120>[B] (+1) +0.656862745<x121>[B] (+1) +0.656862745<x122>[B] (+0) +0.656862745<x123>[B] (+1) -0.656862745<x124>[B] (+0) -0.656862745<x125>[B] (+1) -0.656862745<x126>[B] (+1) +0.656862745<x127>[B] (+1) +0.656862745<x128>[B] (+0) +0.656862745<x129>[B] (+0) +0.656862745<x130>[B] (+1) -0.656862745<x131>[B] (+0) -0.656862745<x132>[B] (+1) +0.656862745<x133>[B] (+1) +0.656862745<x134>[B] (+0) +0.656862745<x135>[B] (+0) +0.656862745<x136>[B] (+0) +0.656862745<x137>[B] (+0) +0.656862745<x138>[B] (+0) +0.656862745<x139>[B] (+0) +0.656862745<x140>[B] (+0) +0.656862745<x141>[B] (+0) -0.656862745<x142>[B] (+0) -0.656862745<x143>[B] (+0) +0.656862745<x144>[B] (+0) -0.656862745<x145>[B] (+1) -0.656862745<x146>[B] (+0) -0.656862745<x147>[B] (+1) -0.656862745<x148>[B] (+1) -0.656862745<x149>[B] (+1) -0.656862745<x150>[B] (+1) -0.656862745<x151>[B] (+0) -0.656862745<x152>[B] (+1) +0.656862745<x153>[B] (+1) >= 20.8562091503268;
;
violation: left hand side is violated by 19.5424836601307
  [linear] <c1633>: <x154>[C] (+0) -0.656862745<x1>[B] (+0) -0.656862745<x2>[B] (+0) -0.656862745<x3>[B] (+0) -0.656862745<x4>[B] (+0) -0.656862745<x5>[B] (+0) +0.656862745<x6>[B] (+0) -0.656862745<x7>[B] (+0) -0.656862745<x8>[B] (+0) -0.656862745<x9>[B] (+0) -0.656862745<x10>[B] (+0) -0.656862745<x11>[B] (+0) +0.656862745<x12>[B] (+0) +0.656862745<x13>[B] (+0) +0.656862745<x14>[B] (+0) +0.656862745<x15>[B] (+0) -0.656862745<x16>[B] (+0) -0.656862745<x17>[B] (+0) -0.656862745<x18>[B] (+0) +0.656862745<x19>[B] (+0) +0.656862745<x20>[B] (+0) +0.656862745<x21>[B] (+0) +0.656862745<x22>[B] (+0) +0.656862745<x23>[B] (+0) +0.656862745<x24>[B] (+0) +0.656862745<x25>[B] (+0) +0.656862745<x26>[B] (+0) -0.656862745<x27>[B] (+0) +0.656862745<x28>[B] (+0) +0.656862745<x29>[B] (+0) +0.656862745<x30>[B] (+0) +0.656862745<x31>[B] (+0) -0.656862745<x32>[B] (+0) -0.656862745<x33>[B] (+0) +0.656862745<x34>[B] (+0) +0.656862745<x35>[B] (+0) +0.656862745<x36>[B] (+0) +0.656862745<x37>[B] (+0) +0.656862745<x38>[B] (+0) +0.656862745<x39>[B] (+0) +0.656862745<x40>[B] (+0) +0.656862745<x41>[B] (+0) -0.656862745<x42>[B] (+0) +0.656862745<x43>[B] (+0) +0.656862745<x44>[B] (+0) +0.656862745<x45>[B] (+0) +0.656862745<x46>[B] (+0) +0.656862745<x47>[B] (+0) +0.656862745<x48>[B] (+0) +0.656862745<x49>[B] (+0) -0.656862745<x50>[B] (+0) +0.656862745<x51>[B] (+0) +0.656862745<x52>[B] (+0) -0.656862745<x53>[B] (+0) -0.656862745<x54>[B] (+0) -0.656862745<x55>[B] (+0) -0.656862745<x56>[B] (+0) +0.656862745<x57>[B] (+0) +0.656862745<x58>[B] (+0) +0.656862745<x59>[B] (+0) +0.656862745<x60>[B] (+0) -0.656862745<x61>[B] (+0) -0.656862745<x62>[B] (+0) -0.656862745<x63>[B] (+0) +0.656862745<x64>[B] (+0) -0.656862745<x65>[B] (+0) -0.656862745<x66>[B] (+0) -0.656862745<x67>[B] (+0) -0.656862745<x68>[B] (+0) -0.656862745<x69>[B] (+0) +0.656862745<x70>[B] (+0) +0.656862745<x71>[B] (+0) +0.656862745<x72>[B] (+0) +0.656862745<x73>[B] (+0) -0.656862745<x74>[B] (+0) -0.656862745<x75>[B] (+0) +0.656862745<x76>[B] (+0) +0.656862745<x77>[B] (+0) -0.656862745<x78>[B] (+0) -0.656862745<x79>[B] (+0) +0.656862745<x80>[B] (+0) -0.656862745<x81>[B] (+0) +0.656862745<x82>[B] (+0) +0.656862745<x83>[B] (+0) +0.656862745<x84>[B] (+0) +0.656862745<x85>[B] (+0) -0.656862745<x86>[B] (+0) -0.656862745<x87>[B] (+0) -0.656862745<x88>[B] (+0) -0.656862745<x89>[B] (+0) -0.656862745<x90>[B] (+0) -0.656862745<x91>[B] (+0) -0.656862745<x92>[B] (+0) -0.656862745<x93>[B] (+0) +0.656862745<x94>[B] (+0) +0.656862745<x95>[B] (+0) -0.656862745<x96>[B] (+0) -0.656862745<x97>[B] (+0) -0.656862745<x98>[B] (+0) -0.656862745<x99>[B] (+0) -0.656862745<x100>[B] (+0) -0.656862745<x101>[B] (+0) -0.656862745<x102>[B] (+0) +0.656862745<x103>[B] (+0) +0.656862745<x104>[B] (+0) +0.656862745<x105>[B] (+0) +0.656862745<x106>[B] (+0) -0.656862745<x107>[B] (+0) -0.656862745<x108>[B] (+0) +0.656862745<x109>[B] (+0) +0.656862745<x110>[B] (+0) -0.656862745<x111>[B] (+0) +0.656862745<x112>[B] (+0) +0.656862745<x113>[B] (+0) +0.656862745<x114>[B] (+0) +0.656862745<x115>[B] (+0) -0.656862745<x116>[B] (+0) -0.656862745<x117>[B] (+0) +0.656862745<x118>[B] (+0) -0.656862745<x119>[B] (+0) +0.656862745<x120>[B] (+0) +0.656862745<x121>[B] (+0) +0.656862745<x122>[B] (+0) +0.656862745<x123>[B] (+0) -0.656862745<x124>[B] (+0) -0.656862745<x125>[B] (+0) -0.656862745<x126>[B] (+0) +0.656862745<x127>[B] (+0) +0.656862745<x128>[B] (+0) +0.656862745<x129>[B] (+0) +0.656862745<x130>[B] (+0) -0.656862745<x131>[B] (+0) -0.656862745<x132>[B] (+0) +0.656862745<x133>[B] (+0) +0.656862745<x134>[B] (+0) +0.656862745<x135>[B] (+0) +0.656862745<x136>[B] (+0) +0.656862745<x137>[B] (+0) +0.656862745<x138>[B] (+0) +0.656862745<x139>[B] (+0) +0.656862745<x140>[B] (+0) +0.656862745<x141>[B] (+0) -0.656862745<x142>[B] (+0) -0.656862745<x143>[B] (+0) +0.656862745<x144>[B] (+0) -0.656862745<x145>[B] (+0) -0.656862745<x146>[B] (+0) -0.656862745<x147>[B] (+0) -0.656862745<x148>[B] (+0) -0.656862745<x149>[B] (+0) -0.656862745<x150>[B] (+0) -0.656862745<x151>[B] (+0) -0.656862745<x152>[B] (+0) +0.656862745<x153>[B] (+0) >= 20.8562091503268;
;
violation: left hand side is violated by 20.8562091503268
  [linear] <c1633>: <x154>[C] (+0) -0.656862745<x1>[B] (+1) -0.656862745<x2>[B] (+1) -0.656862745<x3>[B] (+1) -0.656862745<x4>[B] (+1) -0.656862745<x5>[B] (+1) +0.656862745<x6>[B] (+1) -0.656862745<x7>[B] (+1) -0.656862745<x8>[B] (+1) -0.656862745<x9>[B] (+1) -0.656862745<x10>[B] (+1) -0.656862745<x11>[B] (+1) +0.656862745<x12>[B] (+1) +0.656862745<x13>[B] (+1) +0.656862745<x14>[B] (+1) +0.656862745<x15>[B] (+1) -0.656862745<x16>[B] (+1) -0.656862745<x17>[B] (+1) -0.656862745<x18>[B] (+1) +0.656862745<x19>[B] (+1) +0.656862745<x20>[B] (+1) +0.656862745<x21>[B] (+1) +0.656862745<x22>[B] (+1) +0.656862745<x23>[B] (+1) +0.656862745<x24>[B] (+1) +0.656862745<x25>[B] (+1) +0.656862745<x26>[B] (+1) -0.656862745<x27>[B] (+1) +0.656862745<x28>[B] (+1) +0.656862745<x29>[B] (+1) +0.656862745<x30>[B] (+1) +0.656862745<x31>[B] (+1) -0.656862745<x32>[B] (+1) -0.656862745<x33>[B] (+1) +0.656862745<x34>[B] (+1) +0.656862745<x35>[B] (+1) +0.656862745<x36>[B] (+1) +0.656862745<x37>[B] (+1) +0.656862745<x38>[B] (+1) +0.656862745<x39>[B] (+1) +0.656862745<x40>[B] (+1) +0.656862745<x41>[B] (+1) -0.656862745<x42>[B] (+1) +0.656862745<x43>[B] (+1) +0.656862745<x44>[B] (+1) +0.656862745<x45>[B] (+1) +0.656862745<x46>[B] (+1) +0.656862745<x47>[B] (+1) +0.656862745<x48>[B] (+1) +0.656862745<x49>[B] (+1) -0.656862745<x50>[B] (+1) +0.656862745<x51>[B] (+1) +0.656862745<x52>[B] (+1) -0.656862745<x53>[B] (+1) -0.656862745<x54>[B] (+1) -0.656862745<x55>[B] (+1) -0.656862745<x56>[B] (+1) +0.656862745<x57>[B] (+1) +0.656862745<x58>[B] (+1) +0.656862745<x59>[B] (+1) +0.656862745<x60>[B] (+1) -0.656862745<x61>[B] (+1) -0.656862745<x62>[B] (+1) -0.656862745<x63>[B] (+1) +0.656862745<x64>[B] (+1) -0.656862745<x65>[B] (+1) -0.656862745<x66>[B] (+1) -0.656862745<x67>[B] (+1) -0.656862745<x68>[B] (+1) -0.656862745<x69>[B] (+1) +0.656862745<x70>[B] (+1) +0.656862745<x71>[B] (+1) +0.656862745<x72>[B] (+1) +0.656862745<x73>[B] (+1) -0.656862745<x74>[B] (+1) -0.656862745<x75>[B] (+1) +0.656862745<x76>[B] (+1) +0.656862745<x77>[B] (+1) -0.656862745<x78>[B] (+1) -0.656862745<x79>[B] (+1) +0.656862745<x80>[B] (+1) -0.656862745<x81>[B] (+1) +0.656862745<x82>[B] (+1) +0.656862745<x83>[B] (+1) +0.656862745<x84>[B] (+1) +0.656862745<x85>[B] (+1) -0.656862745<x86>[B] (+1) -0.656862745<x87>[B] (+1) -0.656862745<x88>[B] (+1) -0.656862745<x89>[B] (+1) -0.656862745<x90>[B] (+1) -0.656862745<x91>[B] (+1) -0.656862745<x92>[B] (+1) -0.656862745<x93>[B] (+1) +0.656862745<x94>[B] (+1) +0.656862745<x95>[B] (+1) -0.656862745<x96>[B] (+1) -0.656862745<x97>[B] (+1) -0.656862745<x98>[B] (+1) -0.656862745<x99>[B] (+1) -0.656862745<x100>[B] (+1) -0.656862745<x101>[B] (+1) -0.656862745<x102>[B] (+1) +0.656862745<x103>[B] (+1) +0.656862745<x104>[B] (+1) +0.656862745<x105>[B] (+1) +0.656862745<x106>[B] (+1) -0.656862745<x107>[B] (+1) -0.656862745<x108>[B] (+1) +0.656862745<x109>[B] (+1) +0.656862745<x110>[B] (+1) -0.656862745<x111>[B] (+1) +0.656862745<x112>[B] (+1) +0.656862745<x113>[B] (+1) +0.656862745<x114>[B] (+1) +0.656862745<x115>[B] (+1) -0.656862745<x116>[B] (+1) -0.656862745<x117>[B] (+1) +0.656862745<x118>[B] (+1) -0.656862745<x119>[B] (+1) +0.656862745<x120>[B] (+1) +0.656862745<x121>[B] (+1) +0.656862745<x122>[B] (+1) +0.656862745<x123>[B] (+1) -0.656862745<x124>[B] (+1) -0.656862745<x125>[B] (+1) -0.656862745<x126>[B] (+1) +0.656862745<x127>[B] (+1) +0.656862745<x128>[B] (+1) +0.656862745<x129>[B] (+1) +0.656862745<x130>[B] (+1) -0.656862745<x131>[B] (+1) -0.656862745<x132>[B] (+1) +0.656862745<x133>[B] (+1) +0.656862745<x134>[B] (+1) +0.656862745<x135>[B] (+1) +0.656862745<x136>[B] (+1) +0.656862745<x137>[B] (+1) +0.656862745<x138>[B] (+1) +0.656862745<x139>[B] (+1) +0.656862745<x140>[B] (+1) +0.656862745<x141>[B] (+1) -0.656862745<x142>[B] (+1) -0.656862745<x143>[B] (+1) +0.656862745<x144>[B] (+1) -0.656862745<x145>[B] (+1) -0.656862745<x146>[B] (+1) -0.656862745<x147>[B] (+1) -0.656862745<x148>[B] (+1) -0.656862745<x149>[B] (+1) -0.656862745<x150>[B] (+1) -0.656862745<x151>[B] (+1) -0.656862745<x152>[B] (+1) +0.656862745<x153>[B] (+1) >= 20.8562091503268;
;
violation: left hand side is violated by 13.6307189542484
1/6 feasible solution given by solution candidate storage, new primal bound -9.000008e+06

presolving:
   (0.0s) symmetry computation started: requiring (bin +, int +, cont +), (fixed: bin -, int -, cont -)
   (0.0s) no symmetry present (symcode time: 0.00)
presolving (0 rounds: 0 fast, 0 medium, 0 exhaustive):
 0 deleted vars, 0 deleted constraints, 0 added constraints, 0 tightened bounds, 0 added holes, 0 changed sides, 0 changed coefficients
 0 implications, 0 cliques, 0 implied integral variables (0 bin, 0 int, 0 cont)
presolved problem has 243 variables (153 bin, 0 int, 90 cont) and 1722 constraints
   1722 constraints of type <linear>
Presolving Time: 0.01
transformed 1/1 original solutions to the transformed problem space

 time | node  | left  |LP iter|LP it/n|mem/heur|mdpt |vars |cons |rows |cuts |sepa|confs|strbr|  dualbound   | primalbound  |  gap   | compl. 
p 0.0s|     1 |     0 |    40 |     - |   locks|   0 | 243 |1722 |1722 |   0 |  0 |   0 |   0 | 5.000000e+02 |-1.767958e+03 |    Inf | unknown
* 0.0s|     1 |     0 |   581 |     - |    LP  |   0 | 243 |1722 |1722 |   0 |  0 |   0 |   0 |-1.514997e+03 |-1.514997e+03 |   0.00%| unknown
  0.0s|     1 |     0 |   581 |     - |    14M |   0 | 243 |1722 |1722 |   0 |  0 |   0 |   0 |-1.514997e+03 |-1.514997e+03 |   0.00%| unknown

SCIP Status        : problem is solved [optimal solution found]
Solving Time (sec) : 0.05
Solving Nodes      : 1
Primal Bound       : -1.51499673202614e+03 (4 solutions)
Dual Bound         : -1.51499673202614e+03
Gap                : 0.00 %
  [linear] <c1723>: <x154>[C] (+9.68954248) -0.421568627<x1>[B] (+1) -0.421568627<x2>[B] (+0) -0.421568627<x3>[B] (+1) -0.421568627<x4>[B] (+1) -0.421568627<x5>[B] (+1) +0.421568627<x6>[B] (+1) -0.421568627<x7>[B] (+0) -0.421568627<x8>[B] (+0) -0.421568627<x9>[B] (+1) -0.421568627<x10>[B] (+0) -0.421568627<x11>[B] (+1) +0.421568627<x12>[B] (+1) +0.421568627<x13>[B] (+1) +0.421568627<x14>[B] (+1) +0.421568627<x15>[B] (+1) -0.421568627<x16>[B] (+1) -0.421568627<x17>[B] (+0) -0.421568627<x18>[B] (+0) +0.421568627<x19>[B] (+1) +0.421568627<x20>[B] (+0) +0.421568627<x21>[B] (+1) +0.421568627<x22>[B] (+0) +0.421568627<x23>[B] (+0) +0.421568627<x24>[B] (+0) +0.421568627<x25>[B] (+1) +0.421568627<x26>[B] (+0) -0.421568627<x27>[B] (+0) +0.421568627<x28>[B] (+1) +0.421568627<x29>[B] (+0) +0.421568627<x30>[B] (+1) +0.421568627<x31>[B] (+1) -0.421568627<x32>[B] (+1) -0.421568627<x33>[B] (+0) +0.421568627<x34>[B] (+1) +0.421568627<x35>[B] (+1) +0.421568627<x36>[B] (+1) +0.421568627<x37>[B] (+1) +0.421568627<x38>[B] (+1) +0.421568627<x39>[B] (+0) +0.421568627<x40>[B] (+1) +0.421568627<x41>[B] (+1) -0.421568627<x42>[B] (+1) +0.421568627<x43>[B] (+1) +0.421568627<x44>[B] (+1) +0.421568627<x45>[B] (+1) +0.421568627<x46>[B] (+1) +0.421568627<x47>[B] (+1) +0.421568627<x48>[B] (+1) +0.421568627<x49>[B] (+0) -0.421568627<x50>[B] (+1) +0.421568627<x51>[B] (+0) +0.421568627<x52>[B] (+0) -0.421568627<x53>[B] (+0) -0.421568627<x54>[B] (+1) -0.421568627<x55>[B] (+0) -0.421568627<x56>[B] (+0) +0.421568627<x57>[B] (+1) +0.421568627<x58>[B] (+0) +0.421568627<x59>[B] (+0) +0.421568627<x60>[B] (+1) -0.421568627<x61>[B] (+1) -0.421568627<x62>[B] (+0) -0.421568627<x63>[B] (+1) +0.421568627<x64>[B] (+0) -0.421568627<x65>[B] (+0) -0.421568627<x66>[B] (+0) -0.421568627<x67>[B] (+1) -0.421568627<x68>[B] (+0) -0.421568627<x69>[B] (+0) +0.421568627<x70>[B] (+1) +0.421568627<x71>[B] (+0) +0.421568627<x72>[B] (+1) +0.421568627<x73>[B] (+1) -0.421568627<x74>[B] (+1) -0.421568627<x75>[B] (+0) +0.421568627<x76>[B] (+0) +0.421568627<x77>[B] (+0) -0.421568627<x78>[B] (+0) -0.421568627<x79>[B] (+1) +0.421568627<x80>[B] (+0) -0.421568627<x81>[B] (+0) +0.421568627<x82>[B] (+1) +0.421568627<x83>[B] (+0) +0.421568627<x84>[B] (+0) +0.421568627<x85>[B] (+0) -0.421568627<x86>[B] (+0) -0.421568627<x87>[B] (+0) -0.421568627<x88>[B] (+0) -0.421568627<x89>[B] (+0) -0.421568627<x90>[B] (+1) -0.421568627<x91>[B] (+0) -0.421568627<x92>[B] (+1) -0.421568627<x93>[B] (+1) +0.421568627<x94>[B] (+1) +0.421568627<x95>[B] (+1) -0.421568627<x96>[B] (+1) -0.421568627<x97>[B] (+1) -0.421568627<x98>[B] (+0) -0.421568627<x99>[B] (+0) -0.421568627<x100>[B] (+1) -0.421568627<x101>[B] (+0) -0.421568627<x102>[B] (+1) +0.421568627<x103>[B] (+1) +0.421568627<x104>[B] (+1) +0.421568627<x105>[B] (+1) +0.421568627<x106>[B] (+1) -0.421568627<x107>[B] (+1) -0.421568627<x108>[B] (+0) +0.421568627<x109>[B] (+1) +0.421568627<x110>[B] (+1) -0.421568627<x111>[B] (+1) +0.421568627<x112>[B] (+1) +0.421568627<x113>[B] (+1) +0.421568627<x114>[B] (+1) +0.421568627<x115>[B] (+1) -0.421568627<x116>[B] (+1) -0.421568627<x117>[B] (+1) +0.421568627<x118>[B] (+0) -0.421568627<x119>[B] (+0) +0.421568627<x120>[B] (+0) +0.421568627<x121>[B] (+0) +0.421568627<x122>[B] (+0) +0.421568627<x123>[B] (+0) -0.421568627<x124>[B] (+0) -0.421568627<x125>[B] (+0) -0.421568627<x126>[B] (+1) +0.421568627<x127>[B] (+1) +0.421568627<x128>[B] (+1) +0.421568627<x129>[B] (+1) +0.421568627<x130>[B] (+1) -0.421568627<x131>[B] (+1) -0.421568627<x132>[B] (+1) +0.421568627<x133>[B] (+1) +0.421568627<x134>[B] (+0) +0.421568627<x135>[B] (+1) +0.421568627<x136>[B] (+1) +0.421568627<x137>[B] (+1) +0.421568627<x138>[B] (+0) +0.421568627<x139>[B] (+0) +0.421568627<x140>[B] (+0) +0.421568627<x141>[B] (+0) -0.421568627<x142>[B] (+0) -0.421568627<x143>[B] (+0) +0.421568627<x144>[B] (+1) -0.421568627<x145>[B] (+1) -0.421568627<x146>[B] (+1) -0.421568627<x147>[B] (+0) -0.421568627<x148>[B] (+1) -0.421568627<x149>[B] (+1) -0.421568627<x150>[B] (+0) -0.421568627<x151>[B] (+0) -0.421568627<x152>[B] (+0) +0.421568627<x153>[B] (+0) >= 20.9738562091503;
;
violation: left hand side is violated by 4.11764705882352
  [linear] <c1723>: <x154>[C] (+13.630719) -0.421568627<x1>[B] (+1) -0.421568627<x2>[B] (+1) -0.421568627<x3>[B] (+1) -0.421568627<x4>[B] (+1) -0.421568627<x5>[B] (+1) +0.421568627<x6>[B] (+1) -0.421568627<x7>[B] (+1) -0.421568627<x8>[B] (+1) -0.421568627<x9>[B] (+0) -0.421568627<x10>[B] (+1) -0.421568627<x11>[B] (+1) +0.421568627<x12>[B] (+1) +0.421568627<x13>[B] (+1) +0.421568627<x14>[B] (+1) +0.421568627<x15>[B] (+0) -0.421568627<x16>[B] (+0) -0.421568627<x17>[B] (+1) -0.421568627<x18>[B] (+0) +0.421568627<x19>[B] (+0) +0.421568627<x20>[B] (+1) +0.421568627<x21>[B] (+0) +0.421568627<x22>[B] (+0) +0.421568627<x23>[B] (+1) +0.421568627<x24>[B] (+1) +0.421568627<x25>[B] (+0) +0.421568627<x26>[B] (+1) -0.421568627<x27>[B] (+0) +0.421568627<x28>[B] (+0) +0.421568627<x29>[B] (+0) +0.421568627<x30>[B] (+1) +0.421568627<x31>[B] (+0) -0.421568627<x32>[B] (+0) -0.421568627<x33>[B] (+0) +0.421568627<x34>[B] (+0) +0.421568627<x35>[B] (+1) +0.421568627<x36>[B] (+0) +0.421568627<x37>[B] (+0) +0.421568627<x38>[B] (+1) +0.421568627<x39>[B] (+1) +0.421568627<x40>[B] (+0) +0.421568627<x41>[B] (+1) -0.421568627<x42>[B] (+0) +0.421568627<x43>[B] (+0) +0.421568627<x44>[B] (+0) +0.421568627<x45>[B] (+1) +0.421568627<x46>[B] (+0) +0.421568627<x47>[B] (+0) +0.421568627<x48>[B] (+0) +0.421568627<x49>[B] (+1) -0.421568627<x50>[B] (+1) +0.421568627<x51>[B] (+1) +0.421568627<x52>[B] (+1) -0.421568627<x53>[B] (+1) -0.421568627<x54>[B] (+0) -0.421568627<x55>[B] (+1) -0.421568627<x56>[B] (+0) +0.421568627<x57>[B] (+0) +0.421568627<x58>[B] (+0) +0.421568627<x59>[B] (+1) +0.421568627<x60>[B] (+0) -0.421568627<x61>[B] (+0) -0.421568627<x62>[B] (+1) -0.421568627<x63>[B] (+0) +0.421568627<x64>[B] (+0) -0.421568627<x65>[B] (+1) -0.421568627<x66>[B] (+1) -0.421568627<x67>[B] (+0) -0.421568627<x68>[B] (+1) -0.421568627<x69>[B] (+0) +0.421568627<x70>[B] (+0) +0.421568627<x71>[B] (+0) +0.421568627<x72>[B] (+1) +0.421568627<x73>[B] (+0) -0.421568627<x74>[B] (+0) -0.421568627<x75>[B] (+0) +0.421568627<x76>[B] (+1) +0.421568627<x77>[B] (+1) -0.421568627<x78>[B] (+1) -0.421568627<x79>[B] (+0) +0.421568627<x80>[B] (+1) -0.421568627<x81>[B] (+0) +0.421568627<x82>[B] (+0) +0.421568627<x83>[B] (+0) +0.421568627<x84>[B] (+1) +0.421568627<x85>[B] (+0) -0.421568627<x86>[B] (+0) -0.421568627<x87>[B] (+1) -0.421568627<x88>[B] (+1) -0.421568627<x89>[B] (+1) -0.421568627<x90>[B] (+0) -0.421568627<x91>[B] (+1) -0.421568627<x92>[B] (+0) -0.421568627<x93>[B] (+0) +0.421568627<x94>[B] (+0) +0.421568627<x95>[B] (+1) -0.421568627<x96>[B] (+0) -0.421568627<x97>[B] (+0) -0.421568627<x98>[B] (+1) -0.421568627<x99>[B] (+1) -0.421568627<x100>[B] (+0) -0.421568627<x101>[B] (+1) -0.421568627<x102>[B] (+0) +0.421568627<x103>[B] (+0) +0.421568627<x104>[B] (+0) +0.421568627<x105>[B] (+1) +0.421568627<x106>[B] (+0) -0.421568627<x107>[B] (+0) -0.421568627<x108>[B] (+0) +0.421568627<x109>[B] (+0) +0.421568627<x110>[B] (+1) -0.421568627<x111>[B] (+0) +0.421568627<x112>[B] (+0) +0.421568627<x113>[B] (+0) +0.421568627<x114>[B] (+1) +0.421568627<x115>[B] (+0) -0.421568627<x116>[B] (+0) -0.421568627<x117>[B] (+0) +0.421568627<x118>[B] (+1) -0.421568627<x119>[B] (+1) +0.421568627<x120>[B] (+1) +0.421568627<x121>[B] (+1) +0.421568627<x122>[B] (+1) +0.421568627<x123>[B] (+1) -0.421568627<x124>[B] (+0) -0.421568627<x125>[B] (+1) -0.421568627<x126>[B] (+0) +0.421568627<x127>[B] (+0) +0.421568627<x128>[B] (+0) +0.421568627<x129>[B] (+1) +0.421568627<x130>[B] (+0) -0.421568627<x131>[B] (+0) -0.421568627<x132>[B] (+0) +0.421568627<x133>[B] (+1) +0.421568627<x134>[B] (+1) +0.421568627<x135>[B] (+1) +0.421568627<x136>[B] (+0) +0.421568627<x137>[B] (+0) +0.421568627<x138>[B] (+1) +0.421568627<x139>[B] (+1) +0.421568627<x140>[B] (+1) +0.421568627<x141>[B] (+0) -0.421568627<x142>[B] (+0) -0.421568627<x143>[B] (+1) +0.421568627<x144>[B] (+1) -0.421568627<x145>[B] (+0) -0.421568627<x146>[B] (+0) -0.421568627<x147>[B] (+1) -0.421568627<x148>[B] (+0) -0.421568627<x149>[B] (+0) -0.421568627<x150>[B] (+0) -0.421568627<x151>[B] (+0) -0.421568627<x152>[B] (+1) +0.421568627<x153>[B] (+1) >= 20.9738562091503;
;
violation: left hand side is violated by 2.70588235294118
2/4 feasible solutions given by solution candidate storage, new primal bound -9.000008e+06

presolving:
   (0.0s) symmetry computation started: requiring (bin +, int +, cont +), (fixed: bin -, int -, cont -)
   (0.0s) no symmetry present (symcode time: 0.00)
presolving (0 rounds: 0 fast, 0 medium, 0 exhaustive):
 0 deleted vars, 0 deleted constraints, 0 added constraints, 0 tightened bounds, 0 added holes, 0 changed sides, 0 changed coefficients
 0 implications, 0 cliques, 0 implied integral variables (0 bin, 0 int, 0 cont)
presolved problem has 243 variables (153 bin, 0 int, 90 cont) and 1810 constraints
   1810 constraints of type <linear>
Presolving Time: 0.01
transformed 2/2 original solutions to the transformed problem space

 time | node  | left  |LP iter|LP it/n|mem/heur|mdpt |vars |cons |rows |cuts |sepa|confs|strbr|  dualbound   | primalbound  |  gap   | compl. 
p 0.0s|     1 |     0 |    43 |     - |   locks|   0 | 243 |1810 |1810 |   0 |  0 |   0 |   0 | 5.000000e+02 |-1.867709e+03 |    Inf | unknown
  0.1s|     1 |     0 |   924 |     - |    21M |   0 | 243 |1810 |1810 |   0 |  0 |   0 |   0 |-1.534528e+03 |-1.867709e+03 |  21.71%| unknown
r 0.1s|     1 |     0 |   924 |     - |shifting|   0 | 243 |1810 |1810 |   0 |  0 |   0 |   0 |-1.534528e+03 |-1.712818e+03 |  11.62%| unknown
  0.2s|     1 |     0 |  1020 |     - |    25M |   0 | 243 |1810 |1812 |   2 |  1 |   0 |   0 |-1.535108e+03 |-1.712818e+03 |  11.58%| unknown
  0.2s|     1 |     0 |  1020 |     - |    25M |   0 | 243 |1810 |1812 |   2 |  1 |   0 |   0 |-1.535108e+03 |-1.712818e+03 |  11.58%| unknown
  0.4s|     1 |     0 |  1075 |     - |    29M |   0 | 243 |1810 |1814 |   4 |  2 |   0 |   0 |-1.535246e+03 |-1.712818e+03 |  11.57%| unknown
r 0.4s|     1 |     0 |  1075 |     - |shifting|   0 | 243 |1810 |1814 |   4 |  2 |   0 |   0 |-1.535246e+03 |-1.679589e+03 |   9.40%| unknown
  0.5s|     1 |     0 |  1100 |     - |    32M |   0 | 243 |1810 |1815 |   5 |  3 |   0 |   0 |-1.535264e+03 |-1.679589e+03 |   9.40%| unknown
  0.7s|     1 |     0 |  1114 |     - |    36M |   0 | 243 |1810 |1817 |   7 |  4 |   0 |   0 |-1.535271e+03 |-1.679589e+03 |   9.40%| unknown
  0.9s|     1 |     0 |  1164 |     - |    41M |   0 | 243 |1811 |1818 |   8 |  5 |   1 |   0 |-1.535316e+03 |-1.679589e+03 |   9.40%| unknown
  1.0s|     1 |     0 |  1210 |     - |    45M |   0 | 243 |1811 |1820 |  10 |  6 |   1 |   0 |-1.535353e+03 |-1.679589e+03 |   9.39%| unknown
r 1.0s|     1 |     0 |  1210 |     - |shifting|   0 | 243 |1812 |1820 |  10 |  6 |   2 |   0 |-1.535353e+03 |-1.679083e+03 |   9.36%| unknown
  1.2s|     1 |     0 |  1276 |     - |    52M |   0 | 243 |1812 |1822 |  12 |  7 |   2 |   0 |-1.535451e+03 |-1.679083e+03 |   9.35%| unknown
  1.4s|     1 |     0 |  1346 |     - |    52M |   0 | 243 |1812 |1823 |  13 |  8 |   2 |   0 |-1.535524e+03 |-1.679083e+03 |   9.35%| unknown
  1.6s|     1 |     0 |  1446 |     - |    58M |   0 | 243 |1812 |1825 |  15 |  9 |   2 |   0 |-1.535599e+03 |-1.679083e+03 |   9.34%| unknown
 time | node  | left  |LP iter|LP it/n|mem/heur|mdpt |vars |cons |rows |cuts |sepa|confs|strbr|  dualbound   | primalbound  |  gap   | compl. 
r 1.6s|     1 |     0 |  1446 |     - |shifting|   0 | 243 |1813 |1825 |  15 |  9 |   3 |   0 |-1.535599e+03 |-1.675676e+03 |   9.12%| unknown
  1.8s|     1 |     0 |  1483 |     - |    58M |   0 | 243 |1813 |1827 |  17 | 10 |   3 |   0 |-1.535618e+03 |-1.675676e+03 |   9.12%| unknown
  1.8s|     1 |     0 |  1532 |     - |    58M |   0 | 243 |1813 |1829 |  19 | 11 |   3 |   0 |-1.535637e+03 |-1.675676e+03 |   9.12%| unknown
r 1.9s|     1 |     0 |  1663 |     - |intshift|   0 | 243 |1813 |1829 |  19 | 11 |   3 |   0 |-1.535637e+03 |-1.572265e+03 |   2.39%| unknown
d 1.9s|     1 |     0 |  2353 |     - |farkasdi|   0 | 243 |1813 |1829 |   0 | 11 |   3 |   0 |-1.535637e+03 |-1.549428e+03 |   0.90%| unknown
L 2.2s|     1 |     0 |  2447 |     - |    rens|   0 | 243 |1818 |1829 |  19 | 11 |   8 |   0 |-1.535637e+03 |-1.542644e+03 |   0.46%| unknown
  2.2s|     1 |     0 |  2447 |     - |    59M |   0 | 243 |1818 |1829 |  19 | 11 |   8 |   0 |-1.535637e+03 |-1.542644e+03 |   0.46%| unknown
  2.2s|     1 |     0 |  2447 |     - |    59M |   0 | 243 |1818 |1797 |  19 | 11 |   8 |   0 |-1.535637e+03 |-1.542644e+03 |   0.46%| unknown
  2.2s|     1 |     0 |  2469 |     - |    59M |   0 | 243 |1818 |1798 |  20 | 12 |   8 |   0 |-1.535647e+03 |-1.542644e+03 |   0.46%| unknown
  2.2s|     1 |     0 |  2513 |     - |    59M |   0 | 243 |1819 |1800 |  22 | 13 |   9 |   0 |-1.535658e+03 |-1.542644e+03 |   0.45%| unknown
  3.8s|     1 |     2 |  2513 |     - |    59M |   0 | 243 |1787 |1800 |  22 | 13 |   9 |  49 |-1.537618e+03 |-1.542644e+03 |   0.33%| unknown

SCIP Status        : problem is solved [optimal solution found]
Solving Time (sec) : 5.00
Solving Nodes      : 9
Primal Bound       : -1.54264379084967e+03 (21 solutions)
Dual Bound         : -1.54264379084967e+03
Gap                : 0.00 %
  [linear] <c1811>: <x154>[C] (+22.8267974) -0.552287582<x1>[B] (+0) -0.552287582<x2>[B] (+1) -0.552287582<x3>[B] (+1) -0.552287582<x4>[B] (+0) -0.552287582<x5>[B] (+1) +0.552287582<x6>[B] (+0) -0.552287582<x7>[B] (+0) -0.552287582<x8>[B] (+0) -0.552287582<x9>[B] (+1) -0.552287582<x10>[B] (+0) -0.552287582<x11>[B] (+0) +0.552287582<x12>[B] (+1) +0.552287582<x13>[B] (+0) +0.552287582<x14>[B] (+1) +0.552287582<x15>[B] (+1) -0.552287582<x16>[B] (+1) -0.552287582<x17>[B] (+0) -0.552287582<x18>[B] (+1) +0.552287582<x19>[B] (+1) +0.552287582<x20>[B] (+0) +0.552287582<x21>[B] (+1) +0.552287582<x22>[B] (+0) +0.552287582<x23>[B] (+0) +0.552287582<x24>[B] (+0) +0.552287582<x25>[B] (+1) +0.552287582<x26>[B] (+0) -0.552287582<x27>[B] (+0) +0.552287582<x28>[B] (+1) +0.552287582<x29>[B] (+0) +0.552287582<x30>[B] (+1) +0.552287582<x31>[B] (+1) -0.552287582<x32>[B] (+1) -0.552287582<x33>[B] (+0) +0.552287582<x34>[B] (+1) +0.552287582<x35>[B] (+0) +0.552287582<x36>[B] (+1) +0.552287582<x37>[B] (+0) +0.552287582<x38>[B] (+0) +0.552287582<x39>[B] (+0) +0.552287582<x40>[B] (+1) +0.552287582<x41>[B] (+0) -0.552287582<x42>[B] (+0) +0.552287582<x43>[B] (+1) +0.552287582<x44>[B] (+0) +0.552287582<x45>[B] (+0) +0.552287582<x46>[B] (+0) +0.552287582<x47>[B] (+1) +0.552287582<x48>[B] (+0) +0.552287582<x49>[B] (+0) -0.552287582<x50>[B] (+0) +0.552287582<x51>[B] (+0) +0.552287582<x52>[B] (+0) -0.552287582<x53>[B] (+0) -0.552287582<x54>[B] (+1) -0.552287582<x55>[B] (+0) -0.552287582<x56>[B] (+0) +0.552287582<x57>[B] (+1) +0.552287582<x58>[B] (+0) +0.552287582<x59>[B] (+0) +0.552287582<x60>[B] (+0) -0.552287582<x61>[B] (+1) -0.552287582<x62>[B] (+0) -0.552287582<x63>[B] (+1) +0.552287582<x64>[B] (+1) -0.552287582<x65>[B] (+0) -0.552287582<x66>[B] (+1) -0.552287582<x67>[B] (+1) -0.552287582<x68>[B] (+0) -0.552287582<x69>[B] (+1) +0.552287582<x70>[B] (+1) +0.552287582<x71>[B] (+1) +0.552287582<x72>[B] (+1) +0.552287582<x73>[B] (+1) -0.552287582<x74>[B] (+1) -0.552287582<x75>[B] (+1) +0.552287582<x76>[B] (+0) +0.552287582<x77>[B] (+0) -0.552287582<x78>[B] (+0) -0.552287582<x79>[B] (+1) +0.552287582<x80>[B] (+0) -0.552287582<x81>[B] (+0) +0.552287582<x82>[B] (+1) +0.552287582<x83>[B] (+0) +0.552287582<x84>[B] (+0) +0.552287582<x85>[B] (+0) -0.552287582<x86>[B] (+1) -0.552287582<x87>[B] (+0) -0.552287582<x88>[B] (+0) -0.552287582<x89>[B] (+1) -0.552287582<x90>[B] (+1) -0.552287582<x91>[B] (+0) -0.552287582<x92>[B] (+1) -0.552287582<x93>[B] (+1) +0.552287582<x94>[B] (+1) +0.552287582<x95>[B] (+1) -0.552287582<x96>[B] (+1) -0.552287582<x97>[B] (+1) -0.552287582<x98>[B] (+1) -0.552287582<x99>[B] (+1) -0.552287582<x100>[B] (+1) -0.552287582<x101>[B] (+1) -0.552287582<x102>[B] (+1) +0.552287582<x103>[B] (+1) +0.552287582<x104>[B] (+1) +0.552287582<x105>[B] (+1) +0.552287582<x106>[B] (+1) -0.552287582<x107>[B] (+1) -0.552287582<x108>[B] (+1) +0.552287582<x109>[B] (+1) +0.552287582<x110>[B] (+0) -0.552287582<x111>[B] (+1) +0.552287582<x112>[B] (+1) +0.552287582<x113>[B] (+0) +0.552287582<x114>[B] (+1) +0.552287582<x115>[B] (+1) -0.552287582<x116>[B] (+1) -0.552287582<x117>[B] (+0) +0.552287582<x118>[B] (+0) -0.552287582<x119>[B] (+0) +0.552287582<x120>[B] (+0) +0.552287582<x121>[B] (+0) +0.552287582<x122>[B] (+0) +0.552287582<x123>[B] (+0) -0.552287582<x124>[B] (+1) -0.552287582<x125>[B] (+0) -0.552287582<x126>[B] (+1) +0.552287582<x127>[B] (+1) +0.552287582<x128>[B] (+1) +0.552287582<x129>[B] (+1) +0.552287582<x130>[B] (+1) -0.552287582<x131>[B] (+1) -0.552287582<x132>[B] (+1) +0.552287582<x133>[B] (+1) +0.552287582<x134>[B] (+0) +0.552287582<x135>[B] (+1) +0.552287582<x136>[B] (+1) +0.552287582<x137>[B] (+1) +0.552287582<x138>[B] (+0) +0.552287582<x139>[B] (+0) +0.552287582<x140>[B] (+0) +0.552287582<x141>[B] (+0) -0.552287582<x142>[B] (+1) -0.552287582<x143>[B] (+0) +0.552287582<x144>[B] (+1) -0.552287582<x145>[B] (+1) -0.552287582<x146>[B] (+1) -0.552287582<x147>[B] (+1) -0.552287582<x148>[B] (+1) -0.552287582<x149>[B] (+1) -0.552287582<x150>[B] (+0) -0.552287582<x151>[B] (+1) -0.552287582<x152>[B] (+0) +0.552287582<x153>[B] (+0) >= 21.9542483660131;
;
violation: left hand side is violated by 0.784313725490211
  [linear] <c1816>: <x159>[C] (+9.46405229) +0.375816993<x1>[B] (+1) +0.375816993<x2>[B] (+1) +0.375816993<x3>[B] (+1) -0.375816993<x4>[B] (+0) +0.375816993<x5>[B] (+1) +0.375816993<x6>[B] (+0) +0.375816993<x7>[B] (+0) +0.375816993<x8>[B] (+0) +0.375816993<x9>[B] (+1) +0.375816993<x10>[B] (+0) +0.375816993<x11>[B] (+1) +0.375816993<x12>[B] (+1) +0.375816993<x13>[B] (+0) +0.375816993<x14>[B] (+0) +0.375816993<x15>[B] (+1) +0.375816993<x16>[B] (+1) +0.375816993<x17>[B] (+0) -0.375816993<x18>[B] (+1) -0.375816993<x19>[B] (+1) -0.375816993<x20>[B] (+0) -0.375816993<x21>[B] (+1) -0.375816993<x22>[B] (+0) -0.375816993<x23>[B] (+0) +0.375816993<x24>[B] (+0) -0.375816993<x25>[B] (+1) -0.375816993<x26>[B] (+0) +0.375816993<x27>[B] (+1) -0.375816993<x28>[B] (+1) -0.375816993<x29>[B] (+0) -0.375816993<x30>[B] (+0) -0.375816993<x31>[B] (+1) -0.375816993<x32>[B] (+1) -0.375816993<x33>[B] (+0) +0.375816993<x34>[B] (+1) -0.375816993<x35>[B] (+0) -0.375816993<x36>[B] (+1) -0.375816993<x37>[B] (+0) -0.375816993<x38>[B] (+0) +0.375816993<x39>[B] (+0) -0.375816993<x40>[B] (+1) -0.375816993<x41>[B] (+0) +0.375816993<x42>[B] (+1) +0.375816993<x43>[B] (+1) -0.375816993<x44>[B] (+0) -0.375816993<x45>[B] (+0) -0.375816993<x46>[B] (+0) +0.375816993<x47>[B] (+1) -0.375816993<x48>[B] (+0) -0.375816993<x49>[B] (+0) -0.375816993<x50>[B] (+0) -0.375816993<x51>[B] (+0) -0.375816993<x52>[B] (+0) +0.375816993<x53>[B] (+0) -0.375816993<x54>[B] (+1) -0.375816993<x55>[B] (+0) +0.375816993<x56>[B] (+1) -0.375816993<x57>[B] (+1) -0.375816993<x58>[B] (+0) -0.375816993<x59>[B] (+0) -0.375816993<x60>[B] (+0) -0.375816993<x61>[B] (+1) -0.375816993<x62>[B] (+0) +0.375816993<x63>[B] (+1) +0.375816993<x64>[B] (+1) +0.375816993<x65>[B] (+0) +0.375816993<x66>[B] (+1) +0.375816993<x67>[B] (+1) +0.375816993<x68>[B] (+0) +0.375816993<x69>[B] (+1) +0.375816993<x70>[B] (+1) +0.375816993<x71>[B] (+1) +0.375816993<x72>[B] (+1) +0.375816993<x73>[B] (+1) +0.375816993<x74>[B] (+1) +0.375816993<x75>[B] (+0) +0.375816993<x76>[B] (+0) +0.375816993<x77>[B] (+0) +0.375816993<x78>[B] (+0) +0.375816993<x79>[B] (+1) +0.375816993<x80>[B] (+0) +0.375816993<x81>[B] (+1) +0.375816993<x82>[B] (+1) +0.375816993<x83>[B] (+0) +0.375816993<x84>[B] (+0) +0.375816993<x85>[B] (+0) +0.375816993<x86>[B] (+1) +0.375816993<x87>[B] (+0) +0.375816993<x88>[B] (+0) +0.375816993<x89>[B] (+1) +0.375816993<x90>[B] (+1) +0.375816993<x91>[B] (+0) +0.375816993<x92>[B] (+1) +0.375816993<x93>[B] (+1) +0.375816993<x94>[B] (+1) +0.375816993<x95>[B] (+0) +0.375816993<x96>[B] (+1) +0.375816993<x97>[B] (+1) +0.375816993<x98>[B] (+0) +0.375816993<x99>[B] (+1) +0.375816993<x100>[B] (+1) +0.375816993<x101>[B] (+0) +0.375816993<x102>[B] (+1) +0.375816993<x103>[B] (+1) +0.375816993<x104>[B] (+1) +0.375816993<x105>[B] (+1) +0.375816993<x106>[B] (+1) +0.375816993<x107>[B] (+1) +0.375816993<x108>[B] (+0) -0.375816993<x109>[B] (+1) -0.375816993<x110>[B] (+0) +0.375816993<x111>[B] (+1) -0.375816993<x112>[B] (+1) -0.375816993<x113>[B] (+0) -0.375816993<x114>[B] (+0) -0.375816993<x115>[B] (+1) -0.375816993<x116>[B] (+1) -0.375816993<x117>[B] (+0) +0.375816993<x118>[B] (+0) +0.375816993<x119>[B] (+1) +0.375816993<x120>[B] (+0) +0.375816993<x121>[B] (+0) +0.375816993<x122>[B] (+0) +0.375816993<x123>[B] (+0) +0.375816993<x124>[B] (+1) +0.375816993<x125>[B] (+0) +0.375816993<x126>[B] (+1) +0.375816993<x127>[B] (+1) +0.375816993<x128>[B] (+1) +0.375816993<x129>[B] (+1) +0.375816993<x130>[B] (+1) +0.375816993<x131>[B] (+1) +0.375816993<x132>[B] (+1) -0.375816993<x133>[B] (+0) -0.375816993<x134>[B] (+0) -0.375816993<x135>[B] (+0) -0.375816993<x136>[B] (+0) -0.375816993<x137>[B] (+1) -0.375816993<x138>[B] (+0) -0.375816993<x139>[B] (+0) -0.375816993<x140>[B] (+0) -0.375816993<x141>[B] (+0) -0.375816993<x142>[B] (+1) -0.375816993<x143>[B] (+0) +0.375816993<x144>[B] (+0) +0.375816993<x145>[B] (+1) +0.375816993<x146>[B] (+1) +0.375816993<x147>[B] (+0) +0.375816993<x148>[B] (+1) +0.375816993<x149>[B] (+1) +0.375816993<x150>[B] (+0) +0.375816993<x151>[B] (+1) -0.375816993<x152>[B] (+0) -0.375816993<x153>[B] (+0) >= 24.8986928104575;
;
violation: left hand side is violated by 0.0261437908496802
  [linear] <c1811>: <x154>[C] (+22.8267974) -0.552287582<x1>[B] (+1) -0.552287582<x2>[B] (+1) -0.552287582<x3>[B] (+1) -0.552287582<x4>[B] (+0) -0.552287582<x5>[B] (+1) +0.552287582<x6>[B] (+1) -0.552287582<x7>[B] (+0) -0.552287582<x8>[B] (+1) -0.552287582<x9>[B] (+1) -0.552287582<x10>[B] (+0) -0.552287582<x11>[B] (+1) +0.552287582<x12>[B] (+1) +0.552287582<x13>[B] (+1) +0.552287582<x14>[B] (+1) +0.552287582<x15>[B] (+1) -0.552287582<x16>[B] (+1) -0.552287582<x17>[B] (+1) -0.552287582<x18>[B] (+0) +0.552287582<x19>[B] (+0) +0.552287582<x20>[B] (+0) +0.552287582<x21>[B] (+0) +0.552287582<x22>[B] (+0) +0.552287582<x23>[B] (+0) +0.552287582<x24>[B] (+0) +0.552287582<x25>[B] (+1) +0.552287582<x26>[B] (+0) -0.552287582<x27>[B] (+0) +0.552287582<x28>[B] (+1) +0.552287582<x29>[B] (+0) +0.552287582<x30>[B] (+0) +0.552287582<x31>[B] (+1) -0.552287582<x32>[B] (+1) -0.552287582<x33>[B] (+0) +0.552287582<x34>[B] (+1) +0.552287582<x35>[B] (+0) +0.552287582<x36>[B] (+1) +0.552287582<x37>[B] (+0) +0.552287582<x38>[B] (+0) +0.552287582<x39>[B] (+0) +0.552287582<x40>[B] (+1) +0.552287582<x41>[B] (+0) -0.552287582<x42>[B] (+0) +0.552287582<x43>[B] (+1) +0.552287582<x44>[B] (+0) +0.552287582<x45>[B] (+0) +0.552287582<x46>[B] (+1) +0.552287582<x47>[B] (+1) +0.552287582<x48>[B] (+0) +0.552287582<x49>[B] (+0) -0.552287582<x50>[B] (+1) +0.552287582<x51>[B] (+0) +0.552287582<x52>[B] (+0) -0.552287582<x53>[B] (+0) -0.552287582<x54>[B] (+1) -0.552287582<x55>[B] (+0) -0.552287582<x56>[B] (+0) +0.552287582<x57>[B] (+1) +0.552287582<x58>[B] (+0) +0.552287582<x59>[B] (+0) +0.552287582<x60>[B] (+1) -0.552287582<x61>[B] (+1) -0.552287582<x62>[B] (+0) -0.552287582<x63>[B] (+1) +0.552287582<x64>[B] (+1) -0.552287582<x65>[B] (+0) -0.552287582<x66>[B] (+1) -0.552287582<x67>[B] (+1) -0.552287582<x68>[B] (+0) -0.552287582<x69>[B] (+1) +0.552287582<x70>[B] (+1) +0.552287582<x71>[B] (+1) +0.552287582<x72>[B] (+1) +0.552287582<x73>[B] (+1) -0.552287582<x74>[B] (+1) -0.552287582<x75>[B] (+1) +0.552287582<x76>[B] (+0) +0.552287582<x77>[B] (+0) -0.552287582<x78>[B] (+0) -0.552287582<x79>[B] (+1) +0.552287582<x80>[B] (+0) -0.552287582<x81>[B] (+0) +0.552287582<x82>[B] (+1) +0.552287582<x83>[B] (+0) +0.552287582<x84>[B] (+0) +0.552287582<x85>[B] (+1) -0.552287582<x86>[B] (+1) -0.552287582<x87>[B] (+0) -0.552287582<x88>[B] (+0) -0.552287582<x89>[B] (+1) -0.552287582<x90>[B] (+1) -0.552287582<x91>[B] (+0) -0.552287582<x92>[B] (+1) -0.552287582<x93>[B] (+1) +0.552287582<x94>[B] (+1) +0.552287582<x95>[B] (+1) -0.552287582<x96>[B] (+1) -0.552287582<x97>[B] (+1) -0.552287582<x98>[B] (+1) -0.552287582<x99>[B] (+1) -0.552287582<x100>[B] (+1) -0.552287582<x101>[B] (+0) -0.552287582<x102>[B] (+1) +0.552287582<x103>[B] (+1) +0.552287582<x104>[B] (+1) +0.552287582<x105>[B] (+1) +0.552287582<x106>[B] (+1) -0.552287582<x107>[B] (+1) -0.552287582<x108>[B] (+1) +0.552287582<x109>[B] (+1) +0.552287582<x110>[B] (+0) -0.552287582<x111>[B] (+1) +0.552287582<x112>[B] (+1) +0.552287582<x113>[B] (+0) +0.552287582<x114>[B] (+1) +0.552287582<x115>[B] (+1) -0.552287582<x116>[B] (+1) -0.552287582<x117>[B] (+1) +0.552287582<x118>[B] (+0) -0.552287582<x119>[B] (+0) +0.552287582<x120>[B] (+0) +0.552287582<x121>[B] (+0) +0.552287582<x122>[B] (+0) +0.552287582<x123>[B] (+1) -0.552287582<x124>[B] (+0) -0.552287582<x125>[B] (+0) -0.552287582<x126>[B] (+1) +0.552287582<x127>[B] (+1) +0.552287582<x128>[B] (+1) +0.552287582<x129>[B] (+1) +0.552287582<x130>[B] (+1) -0.552287582<x131>[B] (+1) -0.552287582<x132>[B] (+1) +0.552287582<x133>[B] (+1) +0.552287582<x134>[B] (+0) +0.552287582<x135>[B] (+0) +0.552287582<x136>[B] (+1) +0.552287582<x137>[B] (+1) +0.552287582<x138>[B] (+0) +0.552287582<x139>[B] (+0) +0.552287582<x140>[B] (+0) +0.552287582<x141>[B] (+1) -0.552287582<x142>[B] (+1) -0.552287582<x143>[B] (+0) +0.552287582<x144>[B] (+1) -0.552287582<x145>[B] (+1) -0.552287582<x146>[B] (+1) -0.552287582<x147>[B] (+1) -0.552287582<x148>[B] (+1) -0.552287582<x149>[B] (+1) -0.552287582<x150>[B] (+1) -0.552287582<x151>[B] (+0) -0.552287582<x152>[B] (+0) +0.552287582<x153>[B] (+0) >= 21.9542483660131;
;
violation: left hand side is violated by 0.784313725490211
  [linear] <c1811>: <x154>[C] (+21.5130719) -0.552287582<x1>[B] (+0) -0.552287582<x2>[B] (+0) -0.552287582<x3>[B] (+1) -0.552287582<x4>[B] (+0) -0.552287582<x5>[B] (+1) +0.552287582<x6>[B] (+0) -0.552287582<x7>[B] (+0) -0.552287582<x8>[B] (+0) -0.552287582<x9>[B] (+1) -0.552287582<x10>[B] (+0) -0.552287582<x11>[B] (+1) +0.552287582<x12>[B] (+1) +0.552287582<x13>[B] (+0) +0.552287582<x14>[B] (+1) +0.552287582<x15>[B] (+1) -0.552287582<x16>[B] (+1) -0.552287582<x17>[B] (+0) -0.552287582<x18>[B] (+0) +0.552287582<x19>[B] (+1) +0.552287582<x20>[B] (+0) +0.552287582<x21>[B] (+1) +0.552287582<x22>[B] (+0) +0.552287582<x23>[B] (+0) +0.552287582<x24>[B] (+0) +0.552287582<x25>[B] (+1) +0.552287582<x26>[B] (+0) -0.552287582<x27>[B] (+1) +0.552287582<x28>[B] (+1) +0.552287582<x29>[B] (+0) +0.552287582<x30>[B] (+1) +0.552287582<x31>[B] (+1) -0.552287582<x32>[B] (+1) -0.552287582<x33>[B] (+0) +0.552287582<x34>[B] (+1) +0.552287582<x35>[B] (+0) +0.552287582<x36>[B] (+1) +0.552287582<x37>[B] (+0) +0.552287582<x38>[B] (+0) +0.552287582<x39>[B] (+0) +0.552287582<x40>[B] (+1) +0.552287582<x41>[B] (+0) -0.552287582<x42>[B] (+1) +0.552287582<x43>[B] (+1) +0.552287582<x44>[B] (+1) +0.552287582<x45>[B] (+1) +0.552287582<x46>[B] (+1) +0.552287582<x47>[B] (+1) +0.552287582<x48>[B] (+1) +0.552287582<x49>[B] (+0) -0.552287582<x50>[B] (+1) +0.552287582<x51>[B] (+0) +0.552287582<x52>[B] (+0) -0.552287582<x53>[B] (+0) -0.552287582<x54>[B] (+1) -0.552287582<x55>[B] (+0) -0.552287582<x56>[B] (+1) +0.552287582<x57>[B] (+1) +0.552287582<x58>[B] (+0) +0.552287582<x59>[B] (+0) +0.552287582<x60>[B] (+1) -0.552287582<x61>[B] (+1) -0.552287582<x62>[B] (+0) -0.552287582<x63>[B] (+1) +0.552287582<x64>[B] (+1) -0.552287582<x65>[B] (+0) -0.552287582<x66>[B] (+1) -0.552287582<x67>[B] (+1) -0.552287582<x68>[B] (+1) -0.552287582<x69>[B] (+1) +0.552287582<x70>[B] (+1) +0.552287582<x71>[B] (+1) +0.552287582<x72>[B] (+1) +0.552287582<x73>[B] (+1) -0.552287582<x74>[B] (+1) -0.552287582<x75>[B] (+1) +0.552287582<x76>[B] (+0) +0.552287582<x77>[B] (+0) -0.552287582<x78>[B] (+0) -0.552287582<x79>[B] (+1) +0.552287582<x80>[B] (+0) -0.552287582<x81>[B] (+0) +0.552287582<x82>[B] (+1) +0.552287582<x83>[B] (+0) +0.552287582<x84>[B] (+0) +0.552287582<x85>[B] (+0) -0.552287582<x86>[B] (+1) -0.552287582<x87>[B] (+0) -0.552287582<x88>[B] (+0) -0.552287582<x89>[B] (+0) -0.552287582<x90>[B] (+1) -0.552287582<x91>[B] (+0) -0.552287582<x92>[B] (+1) -0.552287582<x93>[B] (+1) +0.552287582<x94>[B] (+1) +0.552287582<x95>[B] (+1) -0.552287582<x96>[B] (+1) -0.552287582<x97>[B] (+1) -0.552287582<x98>[B] (+1) -0.552287582<x99>[B] (+1) -0.552287582<x100>[B] (+1) -0.552287582<x101>[B] (+1) -0.552287582<x102>[B] (+1) +0.552287582<x103>[B] (+1) +0.552287582<x104>[B] (+1) +0.552287582<x105>[B] (+1) +0.552287582<x106>[B] (+1) -0.552287582<x107>[B] (+1) -0.552287582<x108>[B] (+1) +0.552287582<x109>[B] (+1) +0.552287582<x110>[B] (+1) -0.552287582<x111>[B] (+1) +0.552287582<x112>[B] (+1) +0.552287582<x113>[B] (+1) +0.552287582<x114>[B] (+1) +0.552287582<x115>[B] (+1) -0.552287582<x116>[B] (+1) -0.552287582<x117>[B] (+1) +0.552287582<x118>[B] (+0) -0.552287582<x119>[B] (+0) +0.552287582<x120>[B] (+0) +0.552287582<x121>[B] (+0) +0.552287582<x122>[B] (+0) +0.552287582<x123>[B] (+0) -0.552287582<x124>[B] (+0) -0.552287582<x125>[B] (+0) -0.552287582<x126>[B] (+1) +0.552287582<x127>[B] (+1) +0.552287582<x128>[B] (+1) +0.552287582<x129>[B] (+1) +0.552287582<x130>[B] (+1) -0.552287582<x131>[B] (+1) -0.552287582<x132>[B] (+1) +0.552287582<x133>[B] (+1) +0.552287582<x134>[B] (+0) +0.552287582<x135>[B] (+0) +0.552287582<x136>[B] (+1) +0.552287582<x137>[B] (+1) +0.552287582<x138>[B] (+0) +0.552287582<x139>[B] (+0) +0.552287582<x140>[B] (+0) +0.552287582<x141>[B] (+0) -0.552287582<x142>[B] (+1) -0.552287582<x143>[B] (+0) +0.552287582<x144>[B] (+1) -0.552287582<x145>[B] (+1) -0.552287582<x146>[B] (+1) -0.552287582<x147>[B] (+1) -0.552287582<x148>[B] (+1) -0.552287582<x149>[B] (+1) -0.552287582<x150>[B] (+0) -0.552287582<x151>[B] (+1) -0.552287582<x152>[B] (+0) +0.552287582<x153>[B] (+0) >= 21.9542483660131;
;
violation: left hand side is violated by 0.441176470588218
  [linear] <c1823>: <x169>[C] (+20.4052288) -0.486928105<x1>[B] (+0) -0.486928105<x2>[B] (+1) -0.486928105<x3>[B] (+1) -0.486928105<x4>[B] (+0) -0.486928105<x5>[B] (+1) -0.486928105<x6>[B] (+0) -0.486928105<x7>[B] (+0) +0.486928105<x8>[B] (+0) -0.486928105<x9>[B] (+1) +0.486928105<x10>[B] (+0) -0.486928105<x11>[B] (+1) -0.486928105<x12>[B] (+1) -0.486928105<x13>[B] (+1) -0.486928105<x14>[B] (+0) -0.486928105<x15>[B] (+1) -0.486928105<x16>[B] (+1) -0.486928105<x17>[B] (+0) +0.486928105<x18>[B] (+1) +0.486928105<x19>[B] (+1) +0.486928105<x20>[B] (+0) +0.486928105<x21>[B] (+1) -0.486928105<x22>[B] (+0) +0.486928105<x23>[B] (+0) +0.486928105<x24>[B] (+0) +0.486928105<x25>[B] (+1) +0.486928105<x26>[B] (+0) +0.486928105<x27>[B] (+1) +0.486928105<x28>[B] (+1) -0.486928105<x29>[B] (+1) -0.486928105<x30>[B] (+1) +0.486928105<x31>[B] (+1) +0.486928105<x32>[B] (+1) +0.486928105<x33>[B] (+0) -0.486928105<x34>[B] (+1) -0.486928105<x35>[B] (+0) -0.486928105<x36>[B] (+1) -0.486928105<x37>[B] (+0) -0.486928105<x38>[B] (+0) +0.486928105<x39>[B] (+0) +0.486928105<x40>[B] (+1) +0.486928105<x41>[B] (+0) -0.486928105<x42>[B] (+0) -0.486928105<x43>[B] (+1) -0.486928105<x44>[B] (+0) -0.486928105<x45>[B] (+0) +0.486928105<x46>[B] (+0) -0.486928105<x47>[B] (+1) -0.486928105<x48>[B] (+0) -0.486928105<x49>[B] (+0) -0.486928105<x50>[B] (+0) -0.486928105<x51>[B] (+0) +0.486928105<x52>[B] (+0) +0.486928105<x53>[B] (+0) +0.486928105<x54>[B] (+1) +0.486928105<x55>[B] (+0) +0.486928105<x56>[B] (+0) -0.486928105<x57>[B] (+1) -0.486928105<x58>[B] (+0) -0.486928105<x59>[B] (+0) +0.486928105<x60>[B] (+0) +0.486928105<x61>[B] (+1) +0.486928105<x62>[B] (+0) +0.486928105<x63>[B] (+1) -0.486928105<x64>[B] (+0) +0.486928105<x65>[B] (+0) +0.486928105<x66>[B] (+0) +0.486928105<x67>[B] (+1) +0.486928105<x68>[B] (+0) +0.486928105<x69>[B] (+1) -0.486928105<x70>[B] (+1) -0.486928105<x71>[B] (+1) -0.486928105<x72>[B] (+1) +0.486928105<x73>[B] (+1) +0.486928105<x74>[B] (+1) +0.486928105<x75>[B] (+0) -0.486928105<x76>[B] (+0) +0.486928105<x77>[B] (+0) +0.486928105<x78>[B] (+0) +0.486928105<x79>[B] (+1) +0.486928105<x80>[B] (+0) +0.486928105<x81>[B] (+0) -0.486928105<x82>[B] (+1) -0.486928105<x83>[B] (+0) -0.486928105<x84>[B] (+0) +0.486928105<x85>[B] (+0) +0.486928105<x86>[B] (+1) +0.486928105<x87>[B] (+0) +0.486928105<x88>[B] (+0) +0.486928105<x89>[B] (+1) +0.486928105<x90>[B] (+1) +0.486928105<x91>[B] (+0) +0.486928105<x92>[B] (+1) +0.486928105<x93>[B] (+1) -0.486928105<x94>[B] (+1) -0.486928105<x95>[B] (+1) +0.486928105<x96>[B] (+1) +0.486928105<x97>[B] (+1) +0.486928105<x98>[B] (+0) +0.486928105<x99>[B] (+1) +0.486928105<x100>[B] (+1) +0.486928105<x101>[B] (+1) +0.486928105<x102>[B] (+1) -0.486928105<x103>[B] (+1) -0.486928105<x104>[B] (+1) -0.486928105<x105>[B] (+1) +0.486928105<x106>[B] (+1) +0.486928105<x107>[B] (+1) +0.486928105<x108>[B] (+0) -0.486928105<x109>[B] (+1) +0.486928105<x110>[B] (+0) -0.486928105<x111>[B] (+1) -0.486928105<x112>[B] (+1) -0.486928105<x113>[B] (+1) -0.486928105<x114>[B] (+1) -0.486928105<x115>[B] (+1) -0.486928105<x116>[B] (+1) -0.486928105<x117>[B] (+0) +0.486928105<x118>[B] (+0) -0.486928105<x119>[B] (+0) -0.486928105<x120>[B] (+0) -0.486928105<x121>[B] (+0) -0.486928105<x122>[B] (+0) -0.486928105<x123>[B] (+0) -0.486928105<x124>[B] (+0) -0.486928105<x125>[B] (+0) -0.486928105<x126>[B] (+1) -0.486928105<x127>[B] (+1) -0.486928105<x128>[B] (+1) -0.486928105<x129>[B] (+1) -0.486928105<x130>[B] (+1) -0.486928105<x131>[B] (+1) -0.486928105<x132>[B] (+0) -0.486928105<x133>[B] (+1) -0.486928105<x134>[B] (+0) -0.486928105<x135>[B] (+0) +0.486928105<x136>[B] (+0) -0.486928105<x137>[B] (+1) -0.486928105<x138>[B] (+0) -0.486928105<x139>[B] (+0) -0.486928105<x140>[B] (+0) +0.486928105<x141>[B] (+0) +0.486928105<x142>[B] (+1) +0.486928105<x143>[B] (+0) +0.486928105<x144>[B] (+0) +0.486928105<x145>[B] (+1) +0.486928105<x146>[B] (+1) +0.486928105<x147>[B] (+0) +0.486928105<x148>[B] (+1) +0.486928105<x149>[B] (+1) +0.486928105<x150>[B] (+0) -0.486928105<x151>[B] (+1) -0.486928105<x152>[B] (+0) +0.486928105<x153>[B] (+0) >= 17.8954248366013;
;
violation: left hand side is violated by 0.411764705882348
  [linear] <c1811>: <x154>[C] (+21.8504393) -0.552287582<x1>[B] (+1) -0.552287582<x2>[B] (+1) -0.552287582<x3>[B] (+1) -0.552287582<x4>[B] (+0) -0.552287582<x5>[B] (+1) +0.552287582<x6>[B] (+0) -0.552287582<x7>[B] (+0) -0.552287582<x8>[B] (+0) -0.552287582<x9>[B] (+1) -0.552287582<x10>[B] (+0) -0.552287582<x11>[B] (+1) +0.552287582<x12>[B] (+1) +0.552287582<x13>[B] (+1) +0.552287582<x14>[B] (+1) +0.552287582<x15>[B] (+1) -0.552287582<x16>[B] (+1) -0.552287582<x17>[B] (+1) -0.552287582<x18>[B] (+0) +0.552287582<x19>[B] (+0) +0.552287582<x20>[B] (+0) +0.552287582<x21>[B] (+1) +0.552287582<x22>[B] (+0) +0.552287582<x23>[B] (+0) +0.552287582<x24>[B] (+0) +0.552287582<x25>[B] (+1) +0.552287582<x26>[B] (+0) -0.552287582<x27>[B] (+0) +0.552287582<x28>[B] (+1) +0.552287582<x29>[B] (+0) +0.552287582<x30>[B] (+0) +0.552287582<x31>[B] (+1) -0.552287582<x32>[B] (+1) -0.552287582<x33>[B] (+0) +0.552287582<x34>[B] (+1) +0.552287582<x35>[B] (+0) +0.552287582<x36>[B] (+1) +0.552287582<x37>[B] (+0) +0.552287582<x38>[B] (+0) +0.552287582<x39>[B] (+0) +0.552287582<x40>[B] (+1) +0.552287582<x41>[B] (+0) -0.552287582<x42>[B] (+1) +0.552287582<x43>[B] (+1) +0.552287582<x44>[B] (+1) +0.552287582<x45>[B] (+1) +0.552287582<x46>[B] (+1) +0.552287582<x47>[B] (+1) +0.552287582<x48>[B] (+1) +0.552287582<x49>[B] (+0) -0.552287582<x50>[B] (+1) +0.552287582<x51>[B] (+0) +0.552287582<x52>[B] (+0) -0.552287582<x53>[B] (+0) -0.552287582<x54>[B] (+1) -0.552287582<x55>[B] (+0) -0.552287582<x56>[B] (+0) +0.552287582<x57>[B] (+1) +0.552287582<x58>[B] (+0) +0.552287582<x59>[B] (+0) +0.552287582<x60>[B] (+1) -0.552287582<x61>[B] (+1) -0.552287582<x62>[B] (+0) -0.552287582<x63>[B] (+1) +0.552287582<x64>[B] (+0) -0.552287582<x65>[B] (+0) -0.552287582<x66>[B] (+0) -0.552287582<x67>[B] (+1) -0.552287582<x68>[B] (+0) -0.552287582<x69>[B] (+1) +0.552287582<x70>[B] (+1) +0.552287582<x71>[B] (+1) +0.552287582<x72>[B] (+1) +0.552287582<x73>[B] (+1) -0.552287582<x74>[B] (+1) -0.552287582<x75>[B] (+1) +0.552287582<x76>[B] (+0) +0.552287582<x77>[B] (+0) -0.552287582<x78>[B] (+0) -0.552287582<x79>[B] (+1) +0.552287582<x80>[B] (+0) -0.552287582<x81>[B] (+0) +0.552287582<x82>[B] (+1) +0.552287582<x83>[B] (+0) +0.552287582<x84>[B] (+0) +0.552287582<x85>[B] (+0) -0.552287582<x86>[B] (+0) -0.552287582<x87>[B] (+0) -0.552287582<x88>[B] (+0) -0.552287582<x89>[B] (+1) -0.552287582<x90>[B] (+1) -0.552287582<x91>[B] (+0) -0.552287582<x92>[B] (+1) -0.552287582<x93>[B] (+1) +0.552287582<x94>[B] (+1) +0.552287582<x95>[B] (+1) -0.552287582<x96>[B] (+1) -0.552287582<x97>[B] (+1) -0.552287582<x98>[B] (+1) -0.552287582<x99>[B] (+1) -0.552287582<x100>[B] (+1) -0.552287582<x101>[B] (+0) -0.552287582<x102>[B] (+1) +0.552287582<x103>[B] (+1) +0.552287582<x104>[B] (+1) +0.552287582<x105>[B] (+1) +0.552287582<x106>[B] (+1) -0.552287582<x107>[B] (+1) -0.552287582<x108>[B] (+1) +0.552287582<x109>[B] (+1) +0.552287582<x110>[B] (+0) -0.552287582<x111>[B] (+1) +0.552287582<x112>[B] (+1) +0.552287582<x113>[B] (+1) +0.552287582<x114>[B] (+1) +0.552287582<x115>[B] (+1) -0.552287582<x116>[B] (+1) -0.552287582<x117>[B] (+1) +0.552287582<x118>[B] (+0) -0.552287582<x119>[B] (+0) +0.552287582<x120>[B] (+0) +0.552287582<x121>[B] (+0) +0.552287582<x122>[B] (+0) +0.552287582<x123>[B] (+0) -0.552287582<x124>[B] (+0) -0.552287582<x125>[B] (+0) -0.552287582<x126>[B] (+1) +0.552287582<x127>[B] (+1) +0.552287582<x128>[B] (+1) +0.552287582<x129>[B] (+1) +0.552287582<x130>[B] (+1) -0.552287582<x131>[B] (+1) -0.552287582<x132>[B] (+1) +0.552287582<x133>[B] (+1) +0.552287582<x134>[B] (+0) +0.552287582<x135>[B] (+0) +0.552287582<x136>[B] (+1) +0.552287582<x137>[B] (+1) +0.552287582<x138>[B] (+0) +0.552287582<x139>[B] (+0) +0.552287582<x140>[B] (+0) +0.552287582<x141>[B] (+0) -0.552287582<x142>[B] (+0) -0.552287582<x143>[B] (+0) +0.552287582<x144>[B] (+0) -0.552287582<x145>[B] (+1) -0.552287582<x146>[B] (+1) -0.552287582<x147>[B] (+0) -0.552287582<x148>[B] (+1) -0.552287582<x149>[B] (+1) -0.552287582<x150>[B] (+0) -0.552287582<x151>[B] (+1) -0.552287582<x152>[B] (+0) +0.552287582<x153>[B] (+0) >= 21.9542483660131;
;
violation: left hand side is violated by 0.103809092705475
  [linear] <c1819>: <x165>[C] (+16.7058824) +0.473856209<x1>[B] (+0) -0.473856209<x2>[B] (+0) -0.473856209<x3>[B] (+1) -0.473856209<x4>[B] (+0) +0.473856209<x5>[B] (+1) -0.473856209<x6>[B] (+0) +0.473856209<x7>[B] (+0) +0.473856209<x8>[B] (+0) +0.473856209<x9>[B] (+1) +0.473856209<x10>[B] (+0) +0.473856209<x11>[B] (+1) -0.473856209<x12>[B] (+1) -0.473856209<x13>[B] (+1) +0.473856209<x14>[B] (+1) -0.473856209<x15>[B] (+1) +0.473856209<x16>[B] (+1) +0.473856209<x17>[B] (+0) -0.473856209<x18>[B] (+0) -0.473856209<x19>[B] (+1) -0.473856209<x20>[B] (+0) -0.473856209<x21>[B] (+1) -0.473856209<x22>[B] (+0) -0.473856209<x23>[B] (+0) +0.473856209<x24>[B] (+0) +0.473856209<x25>[B] (+1) -0.473856209<x26>[B] (+0) +0.473856209<x27>[B] (+1) -0.473856209<x28>[B] (+1) -0.473856209<x29>[B] (+1) -0.473856209<x30>[B] (+1) -0.473856209<x31>[B] (+1) +0.473856209<x32>[B] (+1) -0.473856209<x33>[B] (+0) -0.473856209<x34>[B] (+1) -0.473856209<x35>[B] (+0) +0.473856209<x36>[B] (+1) -0.473856209<x37>[B] (+0) +0.473856209<x38>[B] (+0) +0.473856209<x39>[B] (+0) +0.473856209<x40>[B] (+1) +0.473856209<x41>[B] (+0) +0.473856209<x42>[B] (+1) -0.473856209<x43>[B] (+1) -0.473856209<x44>[B] (+1) +0.473856209<x45>[B] (+1) +0.473856209<x46>[B] (+1) +0.473856209<x47>[B] (+1) +0.473856209<x48>[B] (+0) +0.473856209<x49>[B] (+0) +0.473856209<x50>[B] (+0) +0.473856209<x51>[B] (+0) +0.473856209<x52>[B] (+0) +0.473856209<x53>[B] (+0) +0.473856209<x54>[B] (+1) +0.473856209<x55>[B] (+0) +0.473856209<x56>[B] (+0) +0.473856209<x57>[B] (+1) +0.473856209<x58>[B] (+0) +0.473856209<x59>[B] (+0) +0.473856209<x60>[B] (+0) +0.473856209<x61>[B] (+1) +0.473856209<x62>[B] (+0) +0.473856209<x63>[B] (+1) +0.473856209<x64>[B] (+1) +0.473856209<x65>[B] (+0) +0.473856209<x66>[B] (+1) +0.473856209<x67>[B] (+1) +0.473856209<x68>[B] (+0) +0.473856209<x69>[B] (+1) -0.473856209<x70>[B] (+1) -0.473856209<x71>[B] (+1) +0.473856209<x72>[B] (+1) +0.473856209<x73>[B] (+1) +0.473856209<x74>[B] (+1) +0.473856209<x75>[B] (+1) -0.473856209<x76>[B] (+0) -0.473856209<x77>[B] (+0) +0.473856209<x78>[B] (+0) +0.473856209<x79>[B] (+1) -0.473856209<x80>[B] (+0) +0.473856209<x81>[B] (+0) -0.473856209<x82>[B] (+1) -0.473856209<x83>[B] (+0) -0.473856209<x84>[B] (+0) -0.473856209<x85>[B] (+1) +0.473856209<x86>[B] (+1) -0.473856209<x87>[B] (+0) +0.473856209<x88>[B] (+0) +0.473856209<x89>[B] (+1) +0.473856209<x90>[B] (+1) +0.473856209<x91>[B] (+0) +0.473856209<x92>[B] (+1) -0.473856209<x93>[B] (+1) -0.473856209<x94>[B] (+1) +0.473856209<x95>[B] (+1) +0.473856209<x96>[B] (+1) +0.473856209<x97>[B] (+1) +0.473856209<x98>[B] (+1) +0.473856209<x99>[B] (+1) +0.473856209<x100>[B] (+1) +0.473856209<x101>[B] (+1) +0.473856209<x102>[B] (+1) -0.473856209<x103>[B] (+1) -0.473856209<x104>[B] (+1) +0.473856209<x105>[B] (+1) -0.473856209<x106>[B] (+1) +0.473856209<x107>[B] (+1) +0.473856209<x108>[B] (+1) +0.473856209<x109>[B] (+1) -0.473856209<x110>[B] (+0) -0.473856209<x111>[B] (+1) -0.473856209<x112>[B] (+1) -0.473856209<x113>[B] (+1) -0.473856209<x114>[B] (+1) -0.473856209<x115>[B] (+1) -0.473856209<x116>[B] (+1) -0.473856209<x117>[B] (+1) -0.473856209<x118>[B] (+0) -0.473856209<x119>[B] (+0) -0.473856209<x120>[B] (+0) -0.473856209<x121>[B] (+0) -0.473856209<x122>[B] (+0) -0.473856209<x123>[B] (+0) -0.473856209<x124>[B] (+0) -0.473856209<x125>[B] (+0) +0.473856209<x126>[B] (+1) -0.473856209<x127>[B] (+1) -0.473856209<x128>[B] (+1) -0.473856209<x129>[B] (+1) -0.473856209<x130>[B] (+1) +0.473856209<x131>[B] (+1) -0.473856209<x132>[B] (+1) -0.473856209<x133>[B] (+1) -0.473856209<x134>[B] (+0) -0.473856209<x135>[B] (+0) -0.473856209<x136>[B] (+1) -0.473856209<x137>[B] (+1) -0.473856209<x138>[B] (+0) -0.473856209<x139>[B] (+0) +0.473856209<x140>[B] (+0) +0.473856209<x141>[B] (+0) +0.473856209<x142>[B] (+1) +0.473856209<x143>[B] (+0) +0.473856209<x144>[B] (+0) +0.473856209<x145>[B] (+1) +0.473856209<x146>[B] (+1) +0.473856209<x147>[B] (+0) -0.473856209<x148>[B] (+1) +0.473856209<x149>[B] (+1) +0.473856209<x150>[B] (+0) +0.473856209<x151>[B] (+1) +0.473856209<x152>[B] (+0) -0.473856209<x153>[B] (+0) >= 22.6274509803922;
;
violation: left hand side is violated by 0.235294117647062
  [linear] <c1820>: <x166>[C] (+30.4542484) +0.58496732<x1>[B] (+0) +0.58496732<x2>[B] (+0) +0.58496732<x3>[B] (+1) +0.58496732<x4>[B] (+0) +0.58496732<x5>[B] (+1) +0.58496732<x6>[B] (+0) +0.58496732<x7>[B] (+0) +0.58496732<x8>[B] (+0) +0.58496732<x9>[B] (+1) +0.58496732<x10>[B] (+0) +0.58496732<x11>[B] (+1) +0.58496732<x12>[B] (+1) +0.58496732<x13>[B] (+1) +0.58496732<x14>[B] (+0) +0.58496732<x15>[B] (+1) +0.58496732<x16>[B] (+1) +0.58496732<x17>[B] (+0) +0.58496732<x18>[B] (+0) +0.58496732<x19>[B] (+1) +0.58496732<x20>[B] (+0) +0.58496732<x21>[B] (+1) +0.58496732<x22>[B] (+0) +0.58496732<x23>[B] (+0) +0.58496732<x24>[B] (+0) +0.58496732<x25>[B] (+1) +0.58496732<x26>[B] (+0) +0.58496732<x27>[B] (+1) +0.58496732<x28>[B] (+1) +0.58496732<x29>[B] (+1) +0.58496732<x30>[B] (+0) +0.58496732<x31>[B] (+1) -0.58496732<x32>[B] (+1) +0.58496732<x33>[B] (+0) -0.58496732<x34>[B] (+1) +0.58496732<x35>[B] (+0) +0.58496732<x36>[B] (+1) -0.58496732<x37>[B] (+0) -0.58496732<x38>[B] (+0) +0.58496732<x39>[B] (+0) +0.58496732<x40>[B] (+1) -0.58496732<x41>[B] (+0) -0.58496732<x42>[B] (+1) -0.58496732<x43>[B] (+1) -0.58496732<x44>[B] (+1) -0.58496732<x45>[B] (+1) -0.58496732<x46>[B] (+1) -0.58496732<x47>[B] (+1) -0.58496732<x48>[B] (+1) +0.58496732<x49>[B] (+0) +0.58496732<x50>[B] (+0) -0.58496732<x51>[B] (+0) +0.58496732<x52>[B] (+0) +0.58496732<x53>[B] (+0) +0.58496732<x54>[B] (+1) +0.58496732<x55>[B] (+0) +0.58496732<x56>[B] (+0) -0.58496732<x57>[B] (+1) +0.58496732<x58>[B] (+0) -0.58496732<x59>[B] (+0) +0.58496732<x60>[B] (+0) -0.58496732<x61>[B] (+1) +0.58496732<x62>[B] (+0) -0.58496732<x63>[B] (+1) -0.58496732<x64>[B] (+1) -0.58496732<x65>[B] (+0) -0.58496732<x66>[B] (+0) -0.58496732<x67>[B] (+1) -0.58496732<x68>[B] (+1) -0.58496732<x69>[B] (+1) -0.58496732<x70>[B] (+1) -0.58496732<x71>[B] (+1) -0.58496732<x72>[B] (+1) -0.58496732<x73>[B] (+1) -0.58496732<x74>[B] (+1) -0.58496732<x75>[B] (+1) -0.58496732<x76>[B] (+0) -0.58496732<x77>[B] (+0) -0.58496732<x78>[B] (+0) -0.58496732<x79>[B] (+1) -0.58496732<x80>[B] (+0) -0.58496732<x81>[B] (+0) -0.58496732<x82>[B] (+1) -0.58496732<x83>[B] (+0) -0.58496732<x84>[B] (+0) -0.58496732<x85>[B] (+1) -0.58496732<x86>[B] (+1) -0.58496732<x87>[B] (+0) +0.58496732<x88>[B] (+0) +0.58496732<x89>[B] (+0) +0.58496732<x90>[B] (+1) +0.58496732<x91>[B] (+1) +0.58496732<x92>[B] (+1) -0.58496732<x93>[B] (+1) +0.58496732<x94>[B] (+1) +0.58496732<x95>[B] (+1) +0.58496732<x96>[B] (+1) -0.58496732<x97>[B] (+1) +0.58496732<x98>[B] (+1) +0.58496732<x99>[B] (+1) +0.58496732<x100>[B] (+1) -0.58496732<x101>[B] (+1) -0.58496732<x102>[B] (+1) -0.58496732<x103>[B] (+1) -0.58496732<x104>[B] (+1) -0.58496732<x105>[B] (+1) -0.58496732<x106>[B] (+1) -0.58496732<x107>[B] (+1) -0.58496732<x108>[B] (+1) -0.58496732<x109>[B] (+1) -0.58496732<x110>[B] (+1) -0.58496732<x111>[B] (+1) -0.58496732<x112>[B] (+1) -0.58496732<x113>[B] (+1) -0.58496732<x114>[B] (+1) -0.58496732<x115>[B] (+1) -0.58496732<x116>[B] (+1) -0.58496732<x117>[B] (+1) -0.58496732<x118>[B] (+0) -0.58496732<x119>[B] (+0) -0.58496732<x120>[B] (+0) -0.58496732<x121>[B] (+0) -0.58496732<x122>[B] (+0) -0.58496732<x123>[B] (+0) -0.58496732<x124>[B] (+0) -0.58496732<x125>[B] (+0) -0.58496732<x126>[B] (+1) -0.58496732<x127>[B] (+1) -0.58496732<x128>[B] (+1) -0.58496732<x129>[B] (+1) -0.58496732<x130>[B] (+1) -0.58496732<x131>[B] (+1) +0.58496732<x132>[B] (+1) -0.58496732<x133>[B] (+1) -0.58496732<x134>[B] (+0) -0.58496732<x135>[B] (+0) -0.58496732<x136>[B] (+1) -0.58496732<x137>[B] (+1) +0.58496732<x138>[B] (+0) +0.58496732<x139>[B] (+0) +0.58496732<x140>[B] (+0) +0.58496732<x141>[B] (+0) -0.58496732<x142>[B] (+1) +0.58496732<x143>[B] (+0) -0.58496732<x144>[B] (+0) +0.58496732<x145>[B] (+1) -0.58496732<x146>[B] (+1) +0.58496732<x147>[B] (+0) +0.58496732<x148>[B] (+1) -0.58496732<x149>[B] (+1) +0.58496732<x150>[B] (+0) -0.58496732<x151>[B] (+1) +0.58496732<x152>[B] (+0) +0.58496732<x153>[B] (+0) >= 14.1862745098039;
;
violation: left hand side is violated by 0.111111111111114
  [linear] <c1811>: <x154>[C] (+21.6098458) -0.552287582<x1>[B] (+1) -0.552287582<x2>[B] (+0) -0.552287582<x3>[B] (+1) -0.552287582<x4>[B] (+0) -0.552287582<x5>[B] (+1) +0.552287582<x6>[B] (+0) -0.552287582<x7>[B] (+0) -0.552287582<x8>[B] (+0) -0.552287582<x9>[B] (+1) -0.552287582<x10>[B] (+0) -0.552287582<x11>[B] (+1) +0.552287582<x12>[B] (+1) +0.552287582<x13>[B] (+1) +0.552287582<x14>[B] (+0) +0.552287582<x15>[B] (+1) -0.552287582<x16>[B] (+1) -0.552287582<x17>[B] (+0) -0.552287582<x18>[B] (+0) +0.552287582<x19>[B] (+1) +0.552287582<x20>[B] (+0) +0.552287582<x21>[B] (+1) +0.552287582<x22>[B] (+0) +0.552287582<x23>[B] (+0) +0.552287582<x24>[B] (+0) +0.552287582<x25>[B] (+1) +0.552287582<x26>[B] (+0) -0.552287582<x27>[B] (+1) +0.552287582<x28>[B] (+1) +0.552287582<x29>[B] (+0) +0.552287582<x30>[B] (+0) +0.552287582<x31>[B] (+1) -0.552287582<x32>[B] (+1) -0.552287582<x33>[B] (+0) +0.552287582<x34>[B] (+1) +0.552287582<x35>[B] (+0) +0.552287582<x36>[B] (+1) +0.552287582<x37>[B] (+1) +0.552287582<x38>[B] (+0) +0.552287582<x39>[B] (+1) +0.552287582<x40>[B] (+1) +0.552287582<x41>[B] (+0) -0.552287582<x42>[B] (+1) +0.552287582<x43>[B] (+1) +0.552287582<x44>[B] (+1) +0.552287582<x45>[B] (+1) +0.552287582<x46>[B] (+1) +0.552287582<x47>[B] (+1) +0.552287582<x48>[B] (+0) +0.552287582<x49>[B] (+0) -0.552287582<x50>[B] (+1) +0.552287582<x51>[B] (+0) +0.552287582<x52>[B] (+0) -0.552287582<x53>[B] (+0) -0.552287582<x54>[B] (+1) -0.552287582<x55>[B] (+0) -0.552287582<x56>[B] (+1) +0.552287582<x57>[B] (+1) +0.552287582<x58>[B] (+0) +0.552287582<x59>[B] (+0) +0.552287582<x60>[B] (+1) -0.552287582<x61>[B] (+1) -0.552287582<x62>[B] (+0) -0.552287582<x63>[B] (+1) +0.552287582<x64>[B] (+1) -0.552287582<x65>[B] (+0) -0.552287582<x66>[B] (+1) -0.552287582<x67>[B] (+1) -0.552287582<x68>[B] (+1) -0.552287582<x69>[B] (+1) +0.552287582<x70>[B] (+1) +0.552287582<x71>[B] (+1) +0.552287582<x72>[B] (+1) +0.552287582<x73>[B] (+1) -0.552287582<x74>[B] (+1) -0.552287582<x75>[B] (+0) +0.552287582<x76>[B] (+0) +0.552287582<x77>[B] (+0) -0.552287582<x78>[B] (+0) -0.552287582<x79>[B] (+1) +0.552287582<x80>[B] (+0) -0.552287582<x81>[B] (+0) +0.552287582<x82>[B] (+1) +0.552287582<x83>[B] (+0) +0.552287582<x84>[B] (+0) +0.552287582<x85>[B] (+0) -0.552287582<x86>[B] (+1) -0.552287582<x87>[B] (+0) -0.552287582<x88>[B] (+0) -0.552287582<x89>[B] (+1) -0.552287582<x90>[B] (+1) -0.552287582<x91>[B] (+0) -0.552287582<x92>[B] (+1) -0.552287582<x93>[B] (+1) +0.552287582<x94>[B] (+1) +0.552287582<x95>[B] (+0) -0.552287582<x96>[B] (+1) -0.552287582<x97>[B] (+1) -0.552287582<x98>[B] (+0) -0.552287582<x99>[B] (+1) -0.552287582<x100>[B] (+1) -0.552287582<x101>[B] (+1) -0.552287582<x102>[B] (+1) +0.552287582<x103>[B] (+1) +0.552287582<x104>[B] (+1) +0.552287582<x105>[B] (+1) +0.552287582<x106>[B] (+1) -0.552287582<x107>[B] (+1) -0.552287582<x108>[B] (+1) +0.552287582<x109>[B] (+1) +0.552287582<x110>[B] (+0) -0.552287582<x111>[B] (+1) +0.552287582<x112>[B] (+1) +0.552287582<x113>[B] (+1) +0.552287582<x114>[B] (+0) +0.552287582<x115>[B] (+1) -0.552287582<x116>[B] (+1) -0.552287582<x117>[B] (+0) +0.552287582<x118>[B] (+0) -0.552287582<x119>[B] (+0) +0.552287582<x120>[B] (+0) +0.552287582<x121>[B] (+0) +0.552287582<x122>[B] (+0) +0.552287582<x123>[B] (+0) -0.552287582<x124>[B] (+0) -0.552287582<x125>[B] (+0) -0.552287582<x126>[B] (+1) +0.552287582<x127>[B] (+1) +0.552287582<x128>[B] (+1) +0.552287582<x129>[B] (+1) +0.552287582<x130>[B] (+1) -0.552287582<x131>[B] (+1) -0.552287582<x132>[B] (+0) +0.552287582<x133>[B] (+1) +0.552287582<x134>[B] (+0) +0.552287582<x135>[B] (+0) +0.552287582<x136>[B] (+1) +0.552287582<x137>[B] (+1) +0.552287582<x138>[B] (+0) +0.552287582<x139>[B] (+0) +0.552287582<x140>[B] (+0) +0.552287582<x141>[B] (+0) -0.552287582<x142>[B] (+1) -0.552287582<x143>[B] (+0) +0.552287582<x144>[B] (+0) -0.552287582<x145>[B] (+1) -0.552287582<x146>[B] (+1) -0.552287582<x147>[B] (+0) -0.552287582<x148>[B] (+1) -0.552287582<x149>[B] (+1) -0.552287582<x150>[B] (+0) -0.552287582<x151>[B] (+1) -0.552287582<x152>[B] (+0) +0.552287582<x153>[B] (+0) >= 21.9542483660131;
;
violation: left hand side is violated by 0.896690183445028
  [linear] <c1830>: <x178>[C] (+19.9691419) -0.545751634<x1>[B] (+1) -0.545751634<x2>[B] (+1) +0.545751634<x3>[B] (+1) +0.545751634<x4>[B] (+0) +0.545751634<x5>[B] (+1) +0.545751634<x6>[B] (+1) +0.545751634<x7>[B] (+0) +0.545751634<x8>[B] (+0) -0.545751634<x9>[B] (+1) +0.545751634<x10>[B] (+0) +0.545751634<x11>[B] (+1) +0.545751634<x12>[B] (+1) +0.545751634<x13>[B] (+1) +0.545751634<x14>[B] (+1) +0.545751634<x15>[B] (+1) +0.545751634<x16>[B] (+1) -0.545751634<x17>[B] (+1) -0.545751634<x18>[B] (+0) +0.545751634<x19>[B] (+1) +0.545751634<x20>[B] (+0) +0.545751634<x21>[B] (+1) +0.545751634<x22>[B] (+0) +0.545751634<x23>[B] (+0) +0.545751634<x24>[B] (+0) -0.545751634<x25>[B] (+1) +0.545751634<x26>[B] (+0) +0.545751634<x27>[B] (+1) +0.545751634<x28>[B] (+1) +0.545751634<x29>[B] (+1) +0.545751634<x30>[B] (+0) +0.545751634<x31>[B] (+1) +0.545751634<x32>[B] (+1) -0.545751634<x33>[B] (+0) +0.545751634<x34>[B] (+1) +0.545751634<x35>[B] (+0) +0.545751634<x36>[B] (+1) +0.545751634<x37>[B] (+0) +0.545751634<x38>[B] (+0) +0.545751634<x39>[B] (+0) -0.545751634<x40>[B] (+1) +0.545751634<x41>[B] (+0) +0.545751634<x42>[B] (+1) +0.545751634<x43>[B] (+1) +0.545751634<x44>[B] (+1) +0.545751634<x45>[B] (+0) +0.545751634<x46>[B] (+1) +0.545751634<x47>[B] (+1) +0.545751634<x48>[B] (+1) +0.545751634<x49>[B] (+0) -0.545751634<x50>[B] (+1) -0.545751634<x51>[B] (+0) -0.545751634<x52>[B] (+0) -0.545751634<x53>[B] (+0) -0.545751634<x54>[B] (+1) -0.545751634<x55>[B] (+0) -0.545751634<x56>[B] (+0) -0.545751634<x57>[B] (+1) -0.545751634<x58>[B] (+0) +0.545751634<x59>[B] (+0) +0.545751634<x60>[B] (+1) -0.545751634<x61>[B] (+1) -0.545751634<x62>[B] (+0) -0.545751634<x63>[B] (+1) -0.545751634<x64>[B] (+1) -0.545751634<x65>[B] (+0) -0.545751634<x66>[B] (+0) -0.545751634<x67>[B] (+1) -0.545751634<x68>[B] (+1) -0.545751634<x69>[B] (+1) -0.545751634<x70>[B] (+1) -0.545751634<x71>[B] (+1) +0.545751634<x72>[B] (+1) +0.545751634<x73>[B] (+1) -0.545751634<x74>[B] (+1) -0.545751634<x75>[B] (+1) -0.545751634<x76>[B] (+0) -0.545751634<x77>[B] (+0) +0.545751634<x78>[B] (+0) -0.545751634<x79>[B] (+1) +0.545751634<x80>[B] (+0) -0.545751634<x81>[B] (+0) +0.545751634<x82>[B] (+1) +0.545751634<x83>[B] (+0) +0.545751634<x84>[B] (+0) +0.545751634<x85>[B] (+0) -0.545751634<x86>[B] (+0) -0.545751634<x87>[B] (+0) -0.545751634<x88>[B] (+0) +0.545751634<x89>[B] (+0) -0.545751634<x90>[B] (+1) +0.545751634<x91>[B] (+0) -0.545751634<x92>[B] (+1) +0.545751634<x93>[B] (+1) +0.545751634<x94>[B] (+1) +0.545751634<x95>[B] (+0) +0.545751634<x96>[B] (+1) -0.545751634<x97>[B] (+1) -0.545751634<x98>[B] (+1) +0.545751634<x99>[B] (+0) -0.545751634<x100>[B] (+1) +0.545751634<x101>[B] (+1) -0.545751634<x102>[B] (+1) +0.545751634<x103>[B] (+1) +0.545751634<x104>[B] (+1) +0.545751634<x105>[B] (+1) +0.545751634<x106>[B] (+1) +0.545751634<x107>[B] (+1) -0.545751634<x108>[B] (+1) -0.545751634<x109>[B] (+1) +0.545751634<x110>[B] (+1) -0.545751634<x111>[B] (+1) +0.545751634<x112>[B] (+1) +0.545751634<x113>[B] (+1) +0.545751634<x114>[B] (+1) +0.545751634<x115>[B] (+1) -0.545751634<x116>[B] (+1) -0.545751634<x117>[B] (+1) +0.545751634<x118>[B] (+0) +0.545751634<x119>[B] (+0) +0.545751634<x120>[B] (+0) +0.545751634<x121>[B] (+0) +0.545751634<x122>[B] (+0) +0.545751634<x123>[B] (+0) +0.545751634<x124>[B] (+0) +0.545751634<x125>[B] (+0) -0.545751634<x126>[B] (+1) -0.545751634<x127>[B] (+1) -0.545751634<x128>[B] (+1) +0.545751634<x129>[B] (+1) +0.545751634<x130>[B] (+1) -0.545751634<x131>[B] (+1) -0.545751634<x132>[B] (+1) +0.545751634<x133>[B] (+1) +0.545751634<x134>[B] (+0) +0.545751634<x135>[B] (+0) +0.545751634<x136>[B] (+1) +0.545751634<x137>[B] (+1) -0.545751634<x138>[B] (+0) -0.545751634<x139>[B] (+0) +0.545751634<x140>[B] (+0) +0.545751634<x141>[B] (+0) -0.545751634<x142>[B] (+0) -0.545751634<x143>[B] (+0) +0.545751634<x144>[B] (+0) +0.545751634<x145>[B] (+1) -0.545751634<x146>[B] (+1) -0.545751634<x147>[B] (+0) +0.545751634<x148>[B] (+1) -0.545751634<x149>[B] (+1) -0.545751634<x150>[B] (+1) -0.545751634<x151>[B] (+0) -0.545751634<x152>[B] (+0) -0.545751634<x153>[B] (+0) >= 25.7875816993464;
;
violation: left hand side is violated by 0.360923463385859
all 10 solutions given by solution candidate storage are infeasible

feasible solution found by trivial heuristic after 0.0 seconds, objective value -9.000008e+06
presolving:
   (0.0s) symmetry computation started: requiring (bin +, int +, cont +), (fixed: bin -, int -, cont -)
   (0.0s) no symmetry present (symcode time: 0.00)
presolving (0 rounds: 0 fast, 0 medium, 0 exhaustive):
 0 deleted vars, 0 deleted constraints, 0 added constraints, 0 tightened bounds, 0 added holes, 0 changed sides, 0 changed coefficients
 0 implications, 0 cliques, 0 implied integral variables (0 bin, 0 int, 0 cont)
presolved problem has 243 variables (153 bin, 0 int, 90 cont) and 1885 constraints
   1885 constraints of type <linear>
Presolving Time: 0.02
transformed 1/1 original solutions to the transformed problem space

 time | node  | left  |LP iter|LP it/n|mem/heur|mdpt |vars |cons |rows |cuts |sepa|confs|strbr|  dualbound   | primalbound  |  gap   | compl. 
p 0.0s|     1 |     0 |    42 |     - |   locks|   0 | 243 |1885 |1885 |   0 |  0 |   0 |   0 | 5.000000e+02 |-1.862536e+03 |    Inf | unknown
  0.1s|     1 |     0 |   927 |     - |    62M |   0 | 243 |1885 |1885 |   0 |  0 |   0 |   0 |-1.543483e+03 |-1.862536e+03 |  20.67%| unknown
r 0.1s|     1 |     0 |   927 |     - |shifting|   0 | 243 |1885 |1885 |   0 |  0 |   0 |   0 |-1.543483e+03 |-1.752770e+03 |  13.56%| unknown
  0.2s|     1 |     0 |   970 |     - |    62M |   0 | 243 |1885 |1887 |   2 |  1 |   0 |   0 |-1.543767e+03 |-1.752770e+03 |  13.54%| unknown
r 0.2s|     1 |     0 |   970 |     - |shifting|   0 | 243 |1885 |1887 |   2 |  1 |   0 |   0 |-1.543767e+03 |-1.749305e+03 |  13.31%| unknown
  0.4s|     1 |     0 |  1021 |     - |    62M |   0 | 243 |1885 |1890 |   5 |  2 |   0 |   0 |-1.543840e+03 |-1.749305e+03 |  13.31%| unknown
r 0.4s|     1 |     0 |  1021 |     - |shifting|   0 | 243 |1886 |1890 |   5 |  2 |   1 |   0 |-1.543840e+03 |-1.701218e+03 |  10.19%| unknown
  0.5s|     1 |     0 |  1044 |     - |    62M |   0 | 243 |1886 |1892 |   7 |  3 |   1 |   0 |-1.543861e+03 |-1.701218e+03 |  10.19%| unknown
  0.5s|     1 |     0 |  1044 |     - |    62M |   0 | 243 |1886 |1892 |   7 |  3 |   1 |   0 |-1.543861e+03 |-1.701218e+03 |  10.19%| unknown
  0.7s|     1 |     0 |  1106 |     - |    64M |   0 | 243 |1886 |1894 |   9 |  4 |   1 |   0 |-1.544028e+03 |-1.701218e+03 |  10.18%| unknown
  0.8s|     1 |     0 |  1147 |     - |    64M |   0 | 243 |1886 |1897 |  12 |  5 |   1 |   0 |-1.544066e+03 |-1.701218e+03 |  10.18%| unknown
  1.0s|     1 |     0 |  1169 |     - |    65M |   0 | 243 |1886 |1899 |  14 |  6 |   1 |   0 |-1.544084e+03 |-1.701218e+03 |  10.18%| unknown
  1.2s|     1 |     0 |  1256 |     - |    66M |   0 | 243 |1886 |1902 |  17 |  7 |   1 |   0 |-1.544183e+03 |-1.701218e+03 |  10.17%| unknown
  1.3s|     1 |     0 |  1292 |     - |    66M |   0 | 243 |1886 |1906 |  21 |  8 |   1 |   0 |-1.544197e+03 |-1.701218e+03 |  10.17%| unknown
  1.5s|     1 |     0 |  1359 |     - |    66M |   0 | 243 |1886 |1908 |  23 |  9 |   1 |   0 |-1.544225e+03 |-1.701218e+03 |  10.17%| unknown
 time | node  | left  |LP iter|LP it/n|mem/heur|mdpt |vars |cons |rows |cuts |sepa|confs|strbr|  dualbound   | primalbound  |  gap   | compl. 
  1.7s|     1 |     0 |  1390 |     - |    73M |   0 | 243 |1887 |1910 |  25 | 10 |   2 |   0 |-1.544249e+03 |-1.701218e+03 |  10.16%| unknown
  1.7s|     1 |     0 |  1419 |     - |    73M |   0 | 243 |1887 |1913 |  28 | 11 |   2 |   0 |-1.544255e+03 |-1.701218e+03 |  10.16%| unknown
  1.8s|     1 |     0 |  1453 |     - |    74M |   0 | 243 |1887 |1914 |  29 | 12 |   2 |   0 |-1.544261e+03 |-1.701218e+03 |  10.16%| unknown
  1.8s|     1 |     0 |  1472 |     - |    74M |   0 | 243 |1888 |1917 |  32 | 13 |   3 |   0 |-1.544263e+03 |-1.701218e+03 |  10.16%| unknown
  1.8s|     1 |     0 |  1510 |     - |    74M |   0 | 243 |1888 |1919 |  34 | 14 |   3 |   0 |-1.544272e+03 |-1.701218e+03 |  10.16%| unknown
r 1.9s|     1 |     0 |  1639 |     - |intshift|   0 | 243 |1888 |1919 |  34 | 14 |   3 |   0 |-1.544272e+03 |-1.577304e+03 |   2.14%| unknown
d 1.9s|     1 |     0 |  2323 |     - |farkasdi|   0 | 243 |1888 |1919 |   0 | 14 |   3 |   0 |-1.544272e+03 |-1.556598e+03 |   0.80%| unknown
L 2.5s|     1 |     0 |  2489 |     - |    rens|   0 | 243 |1901 |1919 |  34 | 14 |  16 |   0 |-1.544272e+03 |-1.549931e+03 |   0.37%| unknown
  2.5s|     1 |     0 |  2489 |     - |    74M |   0 | 243 |1901 |1919 |  34 | 14 |  16 |   0 |-1.544272e+03 |-1.549931e+03 |   0.37%| unknown
  2.5s|     1 |     0 |  2489 |     - |    74M |   0 | 243 |1901 |1791 |  34 | 14 |  16 |   0 |-1.544272e+03 |-1.549931e+03 |   0.37%| unknown
  2.6s|     1 |     0 |  2525 |     - |    74M |   0 | 243 |1901 |1801 |  44 | 15 |  16 |   0 |-1.544284e+03 |-1.549931e+03 |   0.37%| unknown
  2.6s|     1 |     0 |  2537 |     - |    74M |   0 | 243 |1901 |1805 |  48 | 16 |  16 |   0 |-1.544287e+03 |-1.549931e+03 |   0.37%| unknown
(run 1, node 1) restarting after 8 global fixings of integer variables

(restart) converted 48 cuts from the global cut pool into linear constraints

presolving:
presolving (0 rounds: 0 fast, 0 medium, 0 exhaustive):
 0 deleted vars, 0 deleted constraints, 0 added constraints, 0 tightened bounds, 0 added holes, 0 changed sides, 0 changed coefficients
 0 implications, 0 cliques, 0 implied integral variables (0 bin, 0 int, 0 cont)
presolved problem has 243 variables (153 bin, 0 int, 90 cont) and 1821 constraints
   1805 constraints of type <linear>
     16 constraints of type <logicor>
Presolving Time: 0.02
transformed 21/24 original solutions to the transformed problem space

 time | node  | left  |LP iter|LP it/n|mem/heur|mdpt |vars |cons |rows |cuts |sepa|confs|strbr|  dualbound   | primalbound  |  gap   | compl. 
  2.7s|     1 |     0 |  3778 |     - |    75M |   0 | 243 |1821 |1805 |   0 |  0 |  16 |   0 |-1.544287e+03 |-1.549931e+03 |   0.37%| unknown
  2.9s|     1 |     0 |  3820 |     - |    75M |   0 | 243 |1821 |1808 |   3 |  1 |  16 |   0 |-1.544297e+03 |-1.549931e+03 |   0.36%| unknown
  3.1s|     1 |     0 |  3860 |     - |    75M |   0 | 243 |1821 |1809 |   4 |  2 |  16 |   0 |-1.544304e+03 |-1.549931e+03 |   0.36%| unknown
  3.3s|     1 |     0 |  3897 |     - |    75M |   0 | 243 |1821 |1811 |   6 |  3 |  16 |   0 |-1.544314e+03 |-1.549931e+03 |   0.36%| unknown
  3.6s|     1 |     0 |  3936 |     - |    77M |   0 | 243 |1821 |1814 |   9 |  4 |  16 |   0 |-1.544325e+03 |-1.549931e+03 |   0.36%| unknown
  3.7s|     1 |     0 |  3946 |     - |    78M |   0 | 243 |1821 |1816 |  11 |  5 |  16 |   0 |-1.544325e+03 |-1.549931e+03 |   0.36%| unknown
  4.0s|     1 |     0 |  3961 |     - |    79M |   0 | 243 |1821 |1818 |  13 |  6 |  16 |   0 |-1.544326e+03 |-1.549931e+03 |   0.36%| unknown
  4.2s|     1 |     0 |  4004 |     - |    79M |   0 | 243 |1821 |1819 |  14 |  7 |  16 |   0 |-1.544331e+03 |-1.549931e+03 |   0.36%| unknown
  4.4s|     1 |     0 |  4021 |     - |    79M |   0 | 243 |1821 |1821 |  16 |  8 |  16 |   0 |-1.544332e+03 |-1.549931e+03 |   0.36%| unknown
  4.6s|     1 |     0 |  4054 |     - |    82M |   0 | 243 |1821 |1822 |  17 |  9 |  16 |   0 |-1.544337e+03 |-1.549931e+03 |   0.36%| unknown
  4.8s|     1 |     0 |  4076 |     - |    90M |   0 | 243 |1821 |1823 |  18 | 10 |  16 |   0 |-1.544338e+03 |-1.549931e+03 |   0.36%| unknown
  4.8s|     1 |     0 |  4089 |     - |    90M |   0 | 243 |1821 |1826 |  21 | 11 |  16 |   0 |-1.544339e+03 |-1.549931e+03 |   0.36%| unknown
  6.4s|     1 |     2 |  4974 |     - |    90M |   0 | 243 |1827 |1826 |  21 | 11 |  22 |  24 |-1.545655e+03 |-1.549931e+03 |   0.28%| unknown

SCIP Status        : problem is solved [optimal solution found]
Solving Time (sec) : 8.16
Solving Nodes      : 13 (total of 14 nodes in 2 runs)
Primal Bound       : -1.54993137254902e+03 (37 solutions)
Dual Bound         : -1.54993137254902e+03
Gap                : 0.00 %
  [linear] <c1886>: <x154>[C] (+30.0522876) -0.624183007<x1>[B] (+1) -0.624183007<x2>[B] (+1) -0.624183007<x3>[B] (+1) -0.624183007<x4>[B] (+0) -0.624183007<x5>[B] (+1) +0.624183007<x6>[B] (+1) -0.624183007<x7>[B] (+0) -0.624183007<x8>[B] (+1) -0.624183007<x9>[B] (+1) -0.624183007<x10>[B] (+0) -0.624183007<x11>[B] (+1) +0.624183007<x12>[B] (+1) +0.624183007<x13>[B] (+1) +0.624183007<x14>[B] (+0) +0.624183007<x15>[B] (+1) -0.624183007<x16>[B] (+1) -0.624183007<x17>[B] (+0) -0.624183007<x18>[B] (+1) +0.624183007<x19>[B] (+1) +0.624183007<x20>[B] (+0) +0.624183007<x21>[B] (+1) +0.624183007<x22>[B] (+0) +0.624183007<x23>[B] (+0) +0.624183007<x24>[B] (+0) +0.624183007<x25>[B] (+1) +0.624183007<x26>[B] (+0) -0.624183007<x27>[B] (+1) +0.624183007<x28>[B] (+1) +0.624183007<x29>[B] (+0) +0.624183007<x30>[B] (+0) +0.624183007<x31>[B] (+1) -0.624183007<x32>[B] (+1) -0.624183007<x33>[B] (+0) +0.624183007<x34>[B] (+1) +0.624183007<x35>[B] (+0) +0.624183007<x36>[B] (+1) +0.624183007<x37>[B] (+0) +0.624183007<x38>[B] (+0) +0.624183007<x39>[B] (+0) +0.624183007<x40>[B] (+1) +0.624183007<x41>[B] (+0) -0.624183007<x42>[B] (+1) +0.624183007<x43>[B] (+1) +0.624183007<x44>[B] (+0) +0.624183007<x45>[B] (+0) +0.624183007<x46>[B] (+0) +0.624183007<x47>[B] (+1) +0.624183007<x48>[B] (+0) +0.624183007<x49>[B] (+0) -0.624183007<x50>[B] (+0) +0.624183007<x51>[B] (+0) +0.624183007<x52>[B] (+0) -0.624183007<x53>[B] (+0) -0.624183007<x54>[B] (+1) -0.624183007<x55>[B] (+0) -0.624183007<x56>[B] (+1) +0.624183007<x57>[B] (+1) +0.624183007<x58>[B] (+0) +0.624183007<x59>[B] (+0) +0.624183007<x60>[B] (+0) -0.624183007<x61>[B] (+1) -0.624183007<x62>[B] (+0) -0.624183007<x63>[B] (+1) +0.624183007<x64>[B] (+1) -0.624183007<x65>[B] (+0) -0.624183007<x66>[B] (+1) -0.624183007<x67>[B] (+1) -0.624183007<x68>[B] (+1) -0.624183007<x69>[B] (+1) +0.624183007<x70>[B] (+1) +0.624183007<x71>[B] (+1) +0.624183007<x72>[B] (+1) +0.624183007<x73>[B] (+1) -0.624183007<x74>[B] (+1) -0.624183007<x75>[B] (+0) +0.624183007<x76>[B] (+0) +0.624183007<x77>[B] (+0) -0.624183007<x78>[B] (+0) -0.624183007<x79>[B] (+1) +0.624183007<x80>[B] (+0) -0.624183007<x81>[B] (+1) +0.624183007<x82>[B] (+1) +0.624183007<x83>[B] (+0) +0.624183007<x84>[B] (+0) +0.624183007<x85>[B] (+0) -0.624183007<x86>[B] (+1) -0.624183007<x87>[B] (+0) -0.624183007<x88>[B] (+0) -0.624183007<x89>[B] (+1) -0.624183007<x90>[B] (+1) -0.624183007<x91>[B] (+0) -0.624183007<x92>[B] (+1) -0.624183007<x93>[B] (+1) +0.624183007<x94>[B] (+1) +0.624183007<x95>[B] (+0) -0.624183007<x96>[B] (+1) -0.624183007<x97>[B] (+1) -0.624183007<x98>[B] (+0) -0.624183007<x99>[B] (+1) -0.624183007<x100>[B] (+1) -0.624183007<x101>[B] (+1) -0.624183007<x102>[B] (+1) +0.624183007<x103>[B] (+1) +0.624183007<x104>[B] (+1) +0.624183007<x105>[B] (+1) +0.624183007<x106>[B] (+1) -0.624183007<x107>[B] (+1) -0.624183007<x108>[B] (+0) +0.624183007<x109>[B] (+1) +0.624183007<x110>[B] (+0) -0.624183007<x111>[B] (+1) +0.624183007<x112>[B] (+1) +0.624183007<x113>[B] (+0) +0.624183007<x114>[B] (+0) +0.624183007<x115>[B] (+1) -0.624183007<x116>[B] (+1) -0.624183007<x117>[B] (+0) +0.624183007<x118>[B] (+0) -0.624183007<x119>[B] (+1) +0.624183007<x120>[B] (+0) +0.624183007<x121>[B] (+0) +0.624183007<x122>[B] (+0) +0.624183007<x123>[B] (+0) -0.624183007<x124>[B] (+1) -0.624183007<x125>[B] (+0) -0.624183007<x126>[B] (+1) +0.624183007<x127>[B] (+1) +0.624183007<x128>[B] (+1) +0.624183007<x129>[B] (+0) +0.624183007<x130>[B] (+1) -0.624183007<x131>[B] (+1) -0.624183007<x132>[B] (+0) +0.624183007<x133>[B] (+0) +0.624183007<x134>[B] (+0) +0.624183007<x135>[B] (+0) +0.624183007<x136>[B] (+0) +0.624183007<x137>[B] (+1) +0.624183007<x138>[B] (+0) +0.624183007<x139>[B] (+0) +0.624183007<x140>[B] (+0) +0.624183007<x141>[B] (+0) -0.624183007<x142>[B] (+1) -0.624183007<x143>[B] (+0) +0.624183007<x144>[B] (+0) -0.624183007<x145>[B] (+1) -0.624183007<x146>[B] (+1) -0.624183007<x147>[B] (+0) -0.624183007<x148>[B] (+1) -0.624183007<x149>[B] (+1) -0.624183007<x150>[B] (+0) -0.624183007<x151>[B] (+1) -0.624183007<x152>[B] (+0) +0.624183007<x153>[B] (+0) >= 21.3790849673203;
;
violation: left hand side is violated by 0.0653594771241899
  [linear] <c1886>: <x154>[C] (+30.7091503) -0.624183007<x1>[B] (+0) -0.624183007<x2>[B] (+1) -0.624183007<x3>[B] (+1) -0.624183007<x4>[B] (+0) -0.624183007<x5>[B] (+1) +0.624183007<x6>[B] (+0) -0.624183007<x7>[B] (+0) -0.624183007<x8>[B] (+0) -0.624183007<x9>[B] (+1) -0.624183007<x10>[B] (+0) -0.624183007<x11>[B] (+1) +0.624183007<x12>[B] (+1) +0.624183007<x13>[B] (+0) +0.624183007<x14>[B] (+0) +0.624183007<x15>[B] (+1) -0.624183007<x16>[B] (+1) -0.624183007<x17>[B] (+0) -0.624183007<x18>[B] (+1) +0.624183007<x19>[B] (+1) +0.624183007<x20>[B] (+0) +0.624183007<x21>[B] (+1) +0.624183007<x22>[B] (+0) +0.624183007<x23>[B] (+0) +0.624183007<x24>[B] (+0) +0.624183007<x25>[B] (+1) +0.624183007<x26>[B] (+0) -0.624183007<x27>[B] (+1) +0.624183007<x28>[B] (+1) +0.624183007<x29>[B] (+0) +0.624183007<x30>[B] (+0) +0.624183007<x31>[B] (+1) -0.624183007<x32>[B] (+1) -0.624183007<x33>[B] (+0) +0.624183007<x34>[B] (+1) +0.624183007<x35>[B] (+0) +0.624183007<x36>[B] (+1) +0.624183007<x37>[B] (+0) +0.624183007<x38>[B] (+0) +0.624183007<x39>[B] (+0) +0.624183007<x40>[B] (+1) +0.624183007<x41>[B] (+0) -0.624183007<x42>[B] (+1) +0.624183007<x43>[B] (+1) +0.624183007<x44>[B] (+0) +0.624183007<x45>[B] (+0) +0.624183007<x46>[B] (+0) +0.624183007<x47>[B] (+1) +0.624183007<x48>[B] (+0) +0.624183007<x49>[B] (+0) -0.624183007<x50>[B] (+0) +0.624183007<x51>[B] (+0) +0.624183007<x52>[B] (+0) -0.624183007<x53>[B] (+0) -0.624183007<x54>[B] (+1) -0.624183007<x55>[B] (+0) -0.624183007<x56>[B] (+1) +0.624183007<x57>[B] (+1) +0.624183007<x58>[B] (+0) +0.624183007<x59>[B] (+0) +0.624183007<x60>[B] (+0) -0.624183007<x61>[B] (+1) -0.624183007<x62>[B] (+0) -0.624183007<x63>[B] (+1) +0.624183007<x64>[B] (+1) -0.624183007<x65>[B] (+0) -0.624183007<x66>[B] (+1) -0.624183007<x67>[B] (+1) -0.624183007<x68>[B] (+0) -0.624183007<x69>[B] (+1) +0.624183007<x70>[B] (+1) +0.624183007<x71>[B] (+1) +0.624183007<x72>[B] (+1) +0.624183007<x73>[B] (+1) -0.624183007<x74>[B] (+1) -0.624183007<x75>[B] (+1) +0.624183007<x76>[B] (+0) +0.624183007<x77>[B] (+0) -0.624183007<x78>[B] (+0) -0.624183007<x79>[B] (+1) +0.624183007<x80>[B] (+0) -0.624183007<x81>[B] (+1) +0.624183007<x82>[B] (+1) +0.624183007<x83>[B] (+0) +0.624183007<x84>[B] (+0) +0.624183007<x85>[B] (+0) -0.624183007<x86>[B] (+1) -0.624183007<x87>[B] (+0) -0.624183007<x88>[B] (+0) -0.624183007<x89>[B] (+1) -0.624183007<x90>[B] (+1) -0.624183007<x91>[B] (+0) -0.624183007<x92>[B] (+1) -0.624183007<x93>[B] (+1) +0.624183007<x94>[B] (+1) +0.624183007<x95>[B] (+1) -0.624183007<x96>[B] (+1) -0.624183007<x97>[B] (+1) -0.624183007<x98>[B] (+1) -0.624183007<x99>[B] (+1) -0.624183007<x100>[B] (+1) -0.624183007<x101>[B] (+1) -0.624183007<x102>[B] (+1) +0.624183007<x103>[B] (+1) +0.624183007<x104>[B] (+1) +0.624183007<x105>[B] (+1) +0.624183007<x106>[B] (+1) -0.624183007<x107>[B] (+1) -0.624183007<x108>[B] (+1) +0.624183007<x109>[B] (+1) +0.624183007<x110>[B] (+0) -0.624183007<x111>[B] (+1) +0.624183007<x112>[B] (+1) +0.624183007<x113>[B] (+0) +0.624183007<x114>[B] (+1) +0.624183007<x115>[B] (+1) -0.624183007<x116>[B] (+1) -0.624183007<x117>[B] (+1) +0.624183007<x118>[B] (+0) -0.624183007<x119>[B] (+1) +0.624183007<x120>[B] (+0) +0.624183007<x121>[B] (+0) +0.624183007<x122>[B] (+0) +0.624183007<x123>[B] (+0) -0.624183007<x124>[B] (+1) -0.624183007<x125>[B] (+0) -0.624183007<x126>[B] (+1) +0.624183007<x127>[B] (+1) +0.624183007<x128>[B] (+1) +0.624183007<x129>[B] (+1) +0.624183007<x130>[B] (+1) -0.624183007<x131>[B] (+1) -0.624183007<x132>[B] (+1) +0.624183007<x133>[B] (+0) +0.624183007<x134>[B] (+0) +0.624183007<x135>[B] (+0) +0.624183007<x136>[B] (+0) +0.624183007<x137>[B] (+1) +0.624183007<x138>[B] (+0) +0.624183007<x139>[B] (+0) +0.624183007<x140>[B] (+0) +0.624183007<x141>[B] (+0) -0.624183007<x142>[B] (+1) -0.624183007<x143>[B] (+0) +0.624183007<x144>[B] (+1) -0.624183007<x145>[B] (+1) -0.624183007<x146>[B] (+1) -0.624183007<x147>[B] (+1) -0.624183007<x148>[B] (+1) -0.624183007<x149>[B] (+1) -0.624183007<x150>[B] (+0) -0.624183007<x151>[B] (+1) -0.624183007<x152>[B] (+0) +0.624183007<x153>[B] (+0) >= 21.3790849673203;
;
violation: left hand side is violated by 0.0326797385620985
  [linear] <c1892>: <x161>[C] (+24.6699346) -0.558823529<x1>[B] (+1) -0.558823529<x2>[B] (+1) -0.558823529<x3>[B] (+1) -0.558823529<x4>[B] (+0) -0.558823529<x5>[B] (+1) -0.558823529<x6>[B] (+0) -0.558823529<x7>[B] (+0) -0.558823529<x8>[B] (+0) -0.558823529<x9>[B] (+1) -0.558823529<x10>[B] (+0) -0.558823529<x11>[B] (+1) -0.558823529<x12>[B] (+1) -0.558823529<x13>[B] (+1) -0.558823529<x14>[B] (+0) +0.558823529<x15>[B] (+1) -0.558823529<x16>[B] (+1) -0.558823529<x17>[B] (+1) +0.558823529<x18>[B] (+0) -0.558823529<x19>[B] (+1) +0.558823529<x20>[B] (+0) +0.558823529<x21>[B] (+1) -0.558823529<x22>[B] (+0) +0.558823529<x23>[B] (+0) +0.558823529<x24>[B] (+0) +0.558823529<x25>[B] (+1) +0.558823529<x26>[B] (+0) -0.558823529<x27>[B] (+1) +0.558823529<x28>[B] (+1) -0.558823529<x29>[B] (+0) +0.558823529<x30>[B] (+0) +0.558823529<x31>[B] (+0) +0.558823529<x32>[B] (+1) +0.558823529<x33>[B] (+0) -0.558823529<x34>[B] (+1) -0.558823529<x35>[B] (+0) -0.558823529<x36>[B] (+1) -0.558823529<x37>[B] (+0) +0.558823529<x38>[B] (+0) +0.558823529<x39>[B] (+0) -0.558823529<x40>[B] (+1) -0.558823529<x41>[B] (+0) -0.558823529<x42>[B] (+1) -0.558823529<x43>[B] (+1) -0.558823529<x44>[B] (+0) -0.558823529<x45>[B] (+0) +0.558823529<x46>[B] (+0) -0.558823529<x47>[B] (+1) -0.558823529<x48>[B] (+1) +0.558823529<x49>[B] (+0) +0.558823529<x50>[B] (+0) +0.558823529<x51>[B] (+0) +0.558823529<x52>[B] (+0) +0.558823529<x53>[B] (+0) +0.558823529<x54>[B] (+1) +0.558823529<x55>[B] (+0) +0.558823529<x56>[B] (+1) +0.558823529<x57>[B] (+1) +0.558823529<x58>[B] (+0) +0.558823529<x59>[B] (+0) +0.558823529<x60>[B] (+0) +0.558823529<x61>[B] (+1) +0.558823529<x62>[B] (+0) -0.558823529<x63>[B] (+1) -0.558823529<x64>[B] (+1) +0.558823529<x65>[B] (+0) +0.558823529<x66>[B] (+1) +0.558823529<x67>[B] (+1) -0.558823529<x68>[B] (+1) -0.558823529<x69>[B] (+1) +0.558823529<x70>[B] (+1) -0.558823529<x71>[B] (+1) -0.558823529<x72>[B] (+1) +0.558823529<x73>[B] (+1) +0.558823529<x74>[B] (+1) +0.558823529<x75>[B] (+1) -0.558823529<x76>[B] (+0) +0.558823529<x77>[B] (+0) +0.558823529<x78>[B] (+0) +0.558823529<x79>[B] (+1) +0.558823529<x80>[B] (+0) -0.558823529<x81>[B] (+1) +0.558823529<x82>[B] (+1) -0.558823529<x83>[B] (+0) -0.558823529<x84>[B] (+0) +0.558823529<x85>[B] (+0) +0.558823529<x86>[B] (+1) +0.558823529<x87>[B] (+0) +0.558823529<x88>[B] (+0) +0.558823529<x89>[B] (+1) +0.558823529<x90>[B] (+1) +0.558823529<x91>[B] (+0) +0.558823529<x92>[B] (+1) +0.558823529<x93>[B] (+1) +0.558823529<x94>[B] (+1) +0.558823529<x95>[B] (+0) +0.558823529<x96>[B] (+1) +0.558823529<x97>[B] (+1) +0.558823529<x98>[B] (+1) -0.558823529<x99>[B] (+1) -0.558823529<x100>[B] (+1) -0.558823529<x101>[B] (+1) -0.558823529<x102>[B] (+1) -0.558823529<x103>[B] (+1) -0.558823529<x104>[B] (+1) -0.558823529<x105>[B] (+1) +0.558823529<x106>[B] (+1) -0.558823529<x107>[B] (+1) -0.558823529<x108>[B] (+1) -0.558823529<x109>[B] (+1) -0.558823529<x110>[B] (+0) -0.558823529<x111>[B] (+1) -0.558823529<x112>[B] (+1) -0.558823529<x113>[B] (+1) -0.558823529<x114>[B] (+0) +0.558823529<x115>[B] (+1) -0.558823529<x116>[B] (+1) -0.558823529<x117>[B] (+1) -0.558823529<x118>[B] (+0) -0.558823529<x119>[B] (+1) +0.558823529<x120>[B] (+0) -0.558823529<x121>[B] (+0) -0.558823529<x122>[B] (+0) +0.558823529<x123>[B] (+0) +0.558823529<x124>[B] (+1) +0.558823529<x125>[B] (+0) -0.558823529<x126>[B] (+1) +0.558823529<x127>[B] (+1) -0.558823529<x128>[B] (+1) -0.558823529<x129>[B] (+0) +0.558823529<x130>[B] (+1) +0.558823529<x131>[B] (+1) +0.558823529<x132>[B] (+1) +0.558823529<x133>[B] (+0) -0.558823529<x134>[B] (+0) +0.558823529<x135>[B] (+0) +0.558823529<x136>[B] (+0) +0.558823529<x137>[B] (+1) +0.558823529<x138>[B] (+0) -0.558823529<x139>[B] (+0) -0.558823529<x140>[B] (+0) +0.558823529<x141>[B] (+0) +0.558823529<x142>[B] (+1) +0.558823529<x143>[B] (+0) +0.558823529<x144>[B] (+0) +0.558823529<x145>[B] (+1) +0.558823529<x146>[B] (+1) +0.558823529<x147>[B] (+1) +0.558823529<x148>[B] (+1) +0.558823529<x149>[B] (+1) +0.558823529<x150>[B] (+1) -0.558823529<x151>[B] (+1) -0.558823529<x152>[B] (+1) +0.558823529<x153>[B] (+0) >= 21.9346405228758;
;
violation: left hand side is violated by 0.0588235294117716
  [linear] <c1893>: <x162>[C] (+19.3104575) +0.5<x1>[B] (+0) +0.5<x2>[B] (+0) +0.5<x3>[B] (+1) +0.5<x4>[B] (+0) +0.5<x5>[B] (+1) +0.5<x6>[B] (+0) -0.5<x7>[B] (+0) -0.5<x8>[B] (+0) -0.5<x9>[B] (+1) +0.5<x10>[B] (+0) -0.5<x11>[B] (+1) -0.5<x12>[B] (+1) +0.5<x13>[B] (+1) -0.5<x14>[B] (+1) +0.5<x15>[B] (+1) -0.5<x16>[B] (+1) -0.5<x17>[B] (+0) -0.5<x18>[B] (+1) -0.5<x19>[B] (+1) +0.5<x20>[B] (+0) -0.5<x21>[B] (+1) -0.5<x22>[B] (+0) -0.5<x23>[B] (+0) -0.5<x24>[B] (+0) -0.5<x25>[B] (+1) -0.5<x26>[B] (+1) -0.5<x27>[B] (+1) -0.5<x28>[B] (+1) +0.5<x29>[B] (+1) -0.5<x30>[B] (+1) -0.5<x31>[B] (+1) -0.5<x32>[B] (+1) -0.5<x33>[B] (+0) -0.5<x34>[B] (+1) +0.5<x35>[B] (+0) +0.5<x36>[B] (+1) -0.5<x37>[B] (+0) -0.5<x38>[B] (+0) -0.5<x39>[B] (+0) -0.5<x40>[B] (+1) -0.5<x41>[B] (+1) -0.5<x42>[B] (+1) -0.5<x43>[B] (+1) +0.5<x44>[B] (+1) -0.5<x45>[B] (+1) +0.5<x46>[B] (+1) -0.5<x47>[B] (+1) -0.5<x48>[B] (+0) +0.5<x49>[B] (+0) +0.5<x50>[B] (+1) -0.5<x51>[B] (+0) -0.5<x52>[B] (+0) -0.5<x53>[B] (+0) -0.5<x54>[B] (+1) -0.5<x55>[B] (+0) -0.5<x56>[B] (+0) -0.5<x57>[B] (+1) +0.5<x58>[B] (+0) -0.5<x59>[B] (+0) +0.5<x60>[B] (+0) -0.5<x61>[B] (+1) -0.5<x62>[B] (+0) -0.5<x63>[B] (+1) -0.5<x64>[B] (+0) -0.5<x65>[B] (+0) -0.5<x66>[B] (+1) -0.5<x67>[B] (+1) -0.5<x68>[B] (+1) -0.5<x69>[B] (+1) -0.5<x70>[B] (+1) -0.5<x71>[B] (+1) -0.5<x72>[B] (+1) -0.5<x73>[B] (+1) -0.5<x74>[B] (+1) -0.5<x75>[B] (+1) -0.5<x76>[B] (+0) -0.5<x77>[B] (+0) -0.5<x78>[B] (+0) -0.5<x79>[B] (+1) -0.5<x80>[B] (+0) -0.5<x81>[B] (+0) -0.5<x82>[B] (+1) +0.5<x83>[B] (+0) -0.5<x84>[B] (+0) -0.5<x85>[B] (+0) -0.5<x86>[B] (+1) -0.5<x87>[B] (+0) -0.5<x88>[B] (+1) -0.5<x89>[B] (+1) -0.5<x90>[B] (+1) +0.5<x91>[B] (+1) -0.5<x92>[B] (+1) -0.5<x93>[B] (+1) +0.5<x94>[B] (+1) -0.5<x95>[B] (+1) +0.5<x96>[B] (+1) -0.5<x97>[B] (+1) -0.5<x98>[B] (+1) +0.5<x99>[B] (+1) +0.5<x100>[B] (+1) +0.5<x101>[B] (+1) +0.5<x102>[B] (+1) +0.5<x103>[B] (+1) +0.5<x104>[B] (+1) -0.5<x105>[B] (+1) +0.5<x106>[B] (+1) +0.5<x107>[B] (+1) -0.5<x108>[B] (+1) +0.5<x109>[B] (+1) +0.5<x110>[B] (+1) -0.5<x111>[B] (+1) +0.5<x112>[B] (+1) +0.5<x113>[B] (+1) -0.5<x114>[B] (+1) +0.5<x115>[B] (+1) -0.5<x116>[B] (+1) -0.5<x117>[B] (+0) +0.5<x118>[B] (+0) -0.5<x119>[B] (+0) -0.5<x120>[B] (+0) +0.5<x121>[B] (+0) -0.5<x122>[B] (+0) +0.5<x123>[B] (+0) -0.5<x124>[B] (+0) -0.5<x125>[B] (+0) -0.5<x126>[B] (+1) -0.5<x127>[B] (+1) +0.5<x128>[B] (+1) -0.5<x129>[B] (+1) +0.5<x130>[B] (+1) -0.5<x131>[B] (+1) -0.5<x132>[B] (+0) +0.5<x133>[B] (+1) +0.5<x134>[B] (+0) -0.5<x135>[B] (+0) +0.5<x136>[B] (+0) +0.5<x137>[B] (+1) -0.5<x138>[B] (+0) +0.5<x139>[B] (+0) -0.5<x140>[B] (+0) +0.5<x141>[B] (+0) -0.5<x142>[B] (+1) -0.5<x143>[B] (+0) -0.5<x144>[B] (+0) -0.5<x145>[B] (+0) -0.5<x146>[B] (+1) -0.5<x147>[B] (+0) +0.5<x148>[B] (+1) +0.5<x149>[B] (+1) -0.5<x150>[B] (+0) -0.5<x151>[B] (+1) -0.5<x152>[B] (+0) -0.5<x153>[B] (+0) >= 5.37581699346405;
;
violation: left hand side is violated by 0.0653594771241863
  [linear] <c1905>: <x178>[C] (+25.2418301) -0.552287582<x1>[B] (+1) -0.552287582<x2>[B] (+1) +0.552287582<x3>[B] (+1) +0.552287582<x4>[B] (+0) +0.552287582<x5>[B] (+1) +0.552287582<x6>[B] (+1) +0.552287582<x7>[B] (+0) +0.552287582<x8>[B] (+0) -0.552287582<x9>[B] (+1) +0.552287582<x10>[B] (+0) +0.552287582<x11>[B] (+1) +0.552287582<x12>[B] (+1) +0.552287582<x13>[B] (+1) +0.552287582<x14>[B] (+0) +0.552287582<x15>[B] (+1) +0.552287582<x16>[B] (+1) -0.552287582<x17>[B] (+1) -0.552287582<x18>[B] (+0) +0.552287582<x19>[B] (+1) +0.552287582<x20>[B] (+0) +0.552287582<x21>[B] (+1) +0.552287582<x22>[B] (+0) +0.552287582<x23>[B] (+0) +0.552287582<x24>[B] (+0) -0.552287582<x25>[B] (+1) +0.552287582<x26>[B] (+0) +0.552287582<x27>[B] (+0) +0.552287582<x28>[B] (+1) +0.552287582<x29>[B] (+0) +0.552287582<x30>[B] (+0) +0.552287582<x31>[B] (+1) +0.552287582<x32>[B] (+1) -0.552287582<x33>[B] (+0) +0.552287582<x34>[B] (+1) +0.552287582<x35>[B] (+0) +0.552287582<x36>[B] (+1) +0.552287582<x37>[B] (+0) +0.552287582<x38>[B] (+0) +0.552287582<x39>[B] (+0) -0.552287582<x40>[B] (+1) +0.552287582<x41>[B] (+0) +0.552287582<x42>[B] (+1) +0.552287582<x43>[B] (+1) +0.552287582<x44>[B] (+1) +0.552287582<x45>[B] (+0) +0.552287582<x46>[B] (+1) +0.552287582<x47>[B] (+1) +0.552287582<x48>[B] (+1) +0.552287582<x49>[B] (+0) -0.552287582<x50>[B] (+1) -0.552287582<x51>[B] (+0) -0.552287582<x52>[B] (+0) -0.552287582<x53>[B] (+0) -0.552287582<x54>[B] (+1) -0.552287582<x55>[B] (+0) -0.552287582<x56>[B] (+0) -0.552287582<x57>[B] (+1) -0.552287582<x58>[B] (+0) +0.552287582<x59>[B] (+0) +0.552287582<x60>[B] (+0) -0.552287582<x61>[B] (+1) -0.552287582<x62>[B] (+0) -0.552287582<x63>[B] (+1) -0.552287582<x64>[B] (+1) -0.552287582<x65>[B] (+0) -0.552287582<x66>[B] (+0) -0.552287582<x67>[B] (+1) -0.552287582<x68>[B] (+0) -0.552287582<x69>[B] (+1) -0.552287582<x70>[B] (+1) -0.552287582<x71>[B] (+1) +0.552287582<x72>[B] (+0) +0.552287582<x73>[B] (+1) -0.552287582<x74>[B] (+1) -0.552287582<x75>[B] (+1) -0.552287582<x76>[B] (+0) -0.552287582<x77>[B] (+0) +0.552287582<x78>[B] (+0) -0.552287582<x79>[B] (+1) +0.552287582<x80>[B] (+0) -0.552287582<x81>[B] (+0) +0.552287582<x82>[B] (+1) +0.552287582<x83>[B] (+0) +0.552287582<x84>[B] (+0) +0.552287582<x85>[B] (+0) -0.552287582<x86>[B] (+0) -0.552287582<x87>[B] (+0) -0.552287582<x88>[B] (+0) +0.552287582<x89>[B] (+0) -0.552287582<x90>[B] (+1) +0.552287582<x91>[B] (+0) -0.552287582<x92>[B] (+1) +0.552287582<x93>[B] (+1) +0.552287582<x94>[B] (+1) +0.552287582<x95>[B] (+0) +0.552287582<x96>[B] (+1) -0.552287582<x97>[B] (+1) -0.552287582<x98>[B] (+1) +0.552287582<x99>[B] (+0) -0.552287582<x100>[B] (+1) +0.552287582<x101>[B] (+0) -0.552287582<x102>[B] (+1) +0.552287582<x103>[B] (+1) +0.552287582<x104>[B] (+1) +0.552287582<x105>[B] (+0) +0.552287582<x106>[B] (+1) +0.552287582<x107>[B] (+1) -0.552287582<x108>[B] (+1) -0.552287582<x109>[B] (+1) +0.552287582<x110>[B] (+0) -0.552287582<x111>[B] (+1) +0.552287582<x112>[B] (+1) +0.552287582<x113>[B] (+1) +0.552287582<x114>[B] (+0) +0.552287582<x115>[B] (+1) -0.552287582<x116>[B] (+1) -0.552287582<x117>[B] (+1) +0.552287582<x118>[B] (+0) +0.552287582<x119>[B] (+0) +0.552287582<x120>[B] (+0) +0.552287582<x121>[B] (+0) +0.552287582<x122>[B] (+0) +0.552287582<x123>[B] (+0) +0.552287582<x124>[B] (+0) +0.552287582<x125>[B] (+0) -0.552287582<x126>[B] (+1) -0.552287582<x127>[B] (+1) -0.552287582<x128>[B] (+1) +0.552287582<x129>[B] (+1) +0.552287582<x130>[B] (+1) -0.552287582<x131>[B] (+1) -0.552287582<x132>[B] (+1) +0.552287582<x133>[B] (+1) +0.552287582<x134>[B] (+0) +0.552287582<x135>[B] (+0) +0.552287582<x136>[B] (+1) +0.552287582<x137>[B] (+1) -0.552287582<x138>[B] (+0) -0.552287582<x139>[B] (+0) +0.552287582<x140>[B] (+0) +0.552287582<x141>[B] (+0) -0.552287582<x142>[B] (+0) -0.552287582<x143>[B] (+0) +0.552287582<x144>[B] (+0) +0.552287582<x145>[B] (+1) -0.552287582<x146>[B] (+1) -0.552287582<x147>[B] (+0) +0.552287582<x148>[B] (+1) -0.552287582<x149>[B] (+1) -0.552287582<x150>[B] (+1) -0.552287582<x151>[B] (+1) -0.552287582<x152>[B] (+0) -0.552287582<x153>[B] (+0) >= 25.8202614379085;
;
violation: left hand side is violated by 0.0261437908497051
  [linear] <c1909>: <x185>[C] (+27.4771242) -0.558823529<x1>[B] (+0) -0.558823529<x2>[B] (+0) -0.558823529<x3>[B] (+1) -0.558823529<x4>[B] (+0) -0.558823529<x5>[B] (+1) -0.558823529<x6>[B] (+0) -0.558823529<x7>[B] (+0) -0.558823529<x8>[B] (+0) -0.558823529<x9>[B] (+1) -0.558823529<x10>[B] (+0) -0.558823529<x11>[B] (+1) -0.558823529<x12>[B] (+1) -0.558823529<x13>[B] (+1) -0.558823529<x14>[B] (+0) -0.558823529<x15>[B] (+1) -0.558823529<x16>[B] (+1) -0.558823529<x17>[B] (+0) +0.558823529<x18>[B] (+0) -0.558823529<x19>[B] (+1) +0.558823529<x20>[B] (+0) +0.558823529<x21>[B] (+1) +0.558823529<x22>[B] (+0) +0.558823529<x23>[B] (+0) +0.558823529<x24>[B] (+0) +0.558823529<x25>[B] (+1) +0.558823529<x26>[B] (+0) -0.558823529<x27>[B] (+1) -0.558823529<x28>[B] (+1) -0.558823529<x29>[B] (+1) +0.558823529<x30>[B] (+0) +0.558823529<x31>[B] (+1) +0.558823529<x32>[B] (+1) -0.558823529<x33>[B] (+0) -0.558823529<x34>[B] (+1) -0.558823529<x35>[B] (+0) +0.558823529<x36>[B] (+1) +0.558823529<x37>[B] (+0) -0.558823529<x38>[B] (+0) -0.558823529<x39>[B] (+0) -0.558823529<x40>[B] (+1) +0.558823529<x41>[B] (+0) -0.558823529<x42>[B] (+1) -0.558823529<x43>[B] (+1) -0.558823529<x44>[B] (+1) +0.558823529<x45>[B] (+0) +0.558823529<x46>[B] (+1) +0.558823529<x47>[B] (+1) -0.558823529<x48>[B] (+1) +0.558823529<x49>[B] (+0) +0.558823529<x50>[B] (+1) +0.558823529<x51>[B] (+0) +0.558823529<x52>[B] (+0) +0.558823529<x53>[B] (+0) +0.558823529<x54>[B] (+1) +0.558823529<x55>[B] (+0) -0.558823529<x56>[B] (+0) +0.558823529<x57>[B] (+1) +0.558823529<x58>[B] (+0) +0.558823529<x59>[B] (+0) +0.558823529<x60>[B] (+0) +0.558823529<x61>[B] (+1) +0.558823529<x62>[B] (+0) +0.558823529<x63>[B] (+1) +0.558823529<x64>[B] (+0) -0.558823529<x65>[B] (+0) -0.558823529<x66>[B] (+0) -0.558823529<x67>[B] (+1) +0.558823529<x68>[B] (+0) -0.558823529<x69>[B] (+1) -0.558823529<x70>[B] (+1) -0.558823529<x71>[B] (+1) +0.558823529<x72>[B] (+0) +0.558823529<x73>[B] (+1) +0.558823529<x74>[B] (+1) -0.558823529<x75>[B] (+1) -0.558823529<x76>[B] (+0) -0.558823529<x77>[B] (+0) -0.558823529<x78>[B] (+0) -0.558823529<x79>[B] (+1) -0.558823529<x80>[B] (+0) -0.558823529<x81>[B] (+0) -0.558823529<x82>[B] (+1) -0.558823529<x83>[B] (+0) +0.558823529<x84>[B] (+0) -0.558823529<x85>[B] (+0) +0.558823529<x86>[B] (+0) -0.558823529<x87>[B] (+0) -0.558823529<x88>[B] (+0) -0.558823529<x89>[B] (+1) -0.558823529<x90>[B] (+1) +0.558823529<x91>[B] (+0) -0.558823529<x92>[B] (+1) -0.558823529<x93>[B] (+1) -0.558823529<x94>[B] (+1) +0.558823529<x95>[B] (+0) +0.558823529<x96>[B] (+1) +0.558823529<x97>[B] (+1) -0.558823529<x98>[B] (+1) -0.558823529<x99>[B] (+1) +0.558823529<x100>[B] (+1) +0.558823529<x101>[B] (+1) -0.558823529<x102>[B] (+1) -0.558823529<x103>[B] (+1) -0.558823529<x104>[B] (+1) +0.558823529<x105>[B] (+0) +0.558823529<x106>[B] (+1) +0.558823529<x107>[B] (+1) -0.558823529<x108>[B] (+1) +0.558823529<x109>[B] (+1) +0.558823529<x110>[B] (+0) -0.558823529<x111>[B] (+1) -0.558823529<x112>[B] (+1) -0.558823529<x113>[B] (+1) +0.558823529<x114>[B] (+0) +0.558823529<x115>[B] (+1) +0.558823529<x116>[B] (+1) -0.558823529<x117>[B] (+1) +0.558823529<x118>[B] (+0) -0.558823529<x119>[B] (+0) -0.558823529<x120>[B] (+0) -0.558823529<x121>[B] (+0) +0.558823529<x122>[B] (+0) +0.558823529<x123>[B] (+0) +0.558823529<x124>[B] (+0) -0.558823529<x125>[B] (+0) -0.558823529<x126>[B] (+1) -0.558823529<x127>[B] (+1) -0.558823529<x128>[B] (+1) +0.558823529<x129>[B] (+0) -0.558823529<x130>[B] (+1) +0.558823529<x131>[B] (+1) -0.558823529<x132>[B] (+1) +0.558823529<x133>[B] (+1) +0.558823529<x134>[B] (+0) +0.558823529<x135>[B] (+0) +0.558823529<x136>[B] (+1) +0.558823529<x137>[B] (+1) +0.558823529<x138>[B] (+0) +0.558823529<x139>[B] (+0) +0.558823529<x140>[B] (+0) +0.558823529<x141>[B] (+0) +0.558823529<x142>[B] (+0) +0.558823529<x143>[B] (+0) +0.558823529<x144>[B] (+0) +0.558823529<x145>[B] (+1) +0.558823529<x146>[B] (+1) +0.558823529<x147>[B] (+0) -0.558823529<x148>[B] (+1) -0.558823529<x149>[B] (+1) -0.558823529<x150>[B] (+1) +0.558823529<x151>[B] (+1) -0.558823529<x152>[B] (+0) -0.558823529<x153>[B] (+0) >= 17.4640522875817;
;
violation: left hand side is violated by 0.0457516339869528
  [linear] <c1911>: <x188>[C] (+28.2581699) -0.604575163<x1>[B] (+0) +0.604575163<x2>[B] (+0) +0.604575163<x3>[B] (+0) +0.604575163<x4>[B] (+0) -0.604575163<x5>[B] (+1) -0.604575163<x6>[B] (+0) +0.604575163<x7>[B] (+0) +0.604575163<x8>[B] (+0) +0.604575163<x9>[B] (+1) +0.604575163<x10>[B] (+0) -0.604575163<x11>[B] (+0) +0.604575163<x12>[B] (+1) +0.604575163<x13>[B] (+0) +0.604575163<x14>[B] (+0) -0.604575163<x15>[B] (+1) +0.604575163<x16>[B] (+1) +0.604575163<x17>[B] (+0) +0.604575163<x18>[B] (+0) +0.604575163<x19>[B] (+1) +0.604575163<x20>[B] (+0) +0.604575163<x21>[B] (+1) +0.604575163<x22>[B] (+0) +0.604575163<x23>[B] (+0) +0.604575163<x24>[B] (+0) +0.604575163<x25>[B] (+1) +0.604575163<x26>[B] (+0) +0.604575163<x27>[B] (+1) +0.604575163<x28>[B] (+1) +0.604575163<x29>[B] (+0) +0.604575163<x30>[B] (+0) +0.604575163<x31>[B] (+1) +0.604575163<x32>[B] (+1) +0.604575163<x33>[B] (+0) -0.604575163<x34>[B] (+1) -0.604575163<x35>[B] (+0) -0.604575163<x36>[B] (+1) -0.604575163<x37>[B] (+1) +0.604575163<x38>[B] (+0) +0.604575163<x39>[B] (+0) +0.604575163<x40>[B] (+1) +0.604575163<x41>[B] (+0) -0.604575163<x42>[B] (+1) -0.604575163<x43>[B] (+1) -0.604575163<x44>[B] (+1) -0.604575163<x45>[B] (+1) -0.604575163<x46>[B] (+1) -0.604575163<x47>[B] (+1) +0.604575163<x48>[B] (+1) +0.604575163<x49>[B] (+0) -0.604575163<x50>[B] (+1) -0.604575163<x51>[B] (+0) +0.604575163<x52>[B] (+0) +0.604575163<x53>[B] (+0) +0.604575163<x54>[B] (+1) +0.604575163<x55>[B] (+0) -0.604575163<x56>[B] (+0) +0.604575163<x57>[B] (+1) -0.604575163<x58>[B] (+0) -0.604575163<x59>[B] (+0) -0.604575163<x60>[B] (+1) +0.604575163<x61>[B] (+1) +0.604575163<x62>[B] (+0) -0.604575163<x63>[B] (+1) -0.604575163<x64>[B] (+1) +0.604575163<x65>[B] (+0) +0.604575163<x66>[B] (+0) +0.604575163<x67>[B] (+1) +0.604575163<x68>[B] (+0) -0.604575163<x69>[B] (+1) -0.604575163<x70>[B] (+1) -0.604575163<x71>[B] (+1) -0.604575163<x72>[B] (+1) -0.604575163<x73>[B] (+1) -0.604575163<x74>[B] (+1) +0.604575163<x75>[B] (+1) +0.604575163<x76>[B] (+0) +0.604575163<x77>[B] (+0) +0.604575163<x78>[B] (+0) +0.604575163<x79>[B] (+1) +0.604575163<x80>[B] (+0) -0.604575163<x81>[B] (+0) +0.604575163<x82>[B] (+1) +0.604575163<x83>[B] (+0) +0.604575163<x84>[B] (+0) +0.604575163<x85>[B] (+0) +0.604575163<x86>[B] (+0) +0.604575163<x87>[B] (+0) +0.604575163<x88>[B] (+0) +0.604575163<x89>[B] (+0) +0.604575163<x90>[B] (+1) +0.604575163<x91>[B] (+0) -0.604575163<x92>[B] (+1) +0.604575163<x93>[B] (+1) +0.604575163<x94>[B] (+1) +0.604575163<x95>[B] (+1) -0.604575163<x96>[B] (+1) +0.604575163<x97>[B] (+1) +0.604575163<x98>[B] (+1) -0.604575163<x99>[B] (+0) +0.604575163<x100>[B] (+1) -0.604575163<x101>[B] (+0) -0.604575163<x102>[B] (+1) -0.604575163<x103>[B] (+1) -0.604575163<x104>[B] (+1) -0.604575163<x105>[B] (+1) -0.604575163<x106>[B] (+1) -0.604575163<x107>[B] (+1) +0.604575163<x108>[B] (+1) +0.604575163<x109>[B] (+1) -0.604575163<x110>[B] (+1) -0.604575163<x111>[B] (+1) -0.604575163<x112>[B] (+1) -0.604575163<x113>[B] (+1) -0.604575163<x114>[B] (+1) -0.604575163<x115>[B] (+1) -0.604575163<x116>[B] (+1) +0.604575163<x117>[B] (+1) -0.604575163<x118>[B] (+0) -0.604575163<x119>[B] (+0) -0.604575163<x120>[B] (+0) -0.604575163<x121>[B] (+0) -0.604575163<x122>[B] (+0) -0.604575163<x123>[B] (+0) -0.604575163<x124>[B] (+0) -0.604575163<x125>[B] (+0) -0.604575163<x126>[B] (+1) -0.604575163<x127>[B] (+1) -0.604575163<x128>[B] (+1) -0.604575163<x129>[B] (+1) -0.604575163<x130>[B] (+1) -0.604575163<x131>[B] (+1) +0.604575163<x132>[B] (+1) +0.604575163<x133>[B] (+1) +0.604575163<x134>[B] (+0) +0.604575163<x135>[B] (+0) +0.604575163<x136>[B] (+1) +0.604575163<x137>[B] (+1) +0.604575163<x138>[B] (+0) -0.604575163<x139>[B] (+0) -0.604575163<x140>[B] (+0) -0.604575163<x141>[B] (+0) +0.604575163<x142>[B] (+0) +0.604575163<x143>[B] (+0) +0.604575163<x144>[B] (+1) -0.604575163<x145>[B] (+1) +0.604575163<x146>[B] (+1) +0.604575163<x147>[B] (+1) -0.604575163<x148>[B] (+1) +0.604575163<x149>[B] (+1) +0.604575163<x150>[B] (+1) +0.604575163<x151>[B] (+0) +0.604575163<x152>[B] (+0) +0.604575163<x153>[B] (+0) >= 24.6372549019608;
;
violation: left hand side is violated by 0.00653594771242183
  [linear] <c1911>: <x188>[C] (+28.8562092) -0.604575163<x1>[B] (+0) +0.604575163<x2>[B] (+0) +0.604575163<x3>[B] (+0) +0.604575163<x4>[B] (+0) -0.604575163<x5>[B] (+1) -0.604575163<x6>[B] (+0) +0.604575163<x7>[B] (+0) +0.604575163<x8>[B] (+0) +0.604575163<x9>[B] (+1) +0.604575163<x10>[B] (+0) -0.604575163<x11>[B] (+0) +0.604575163<x12>[B] (+1) +0.604575163<x13>[B] (+0) +0.604575163<x14>[B] (+0) -0.604575163<x15>[B] (+1) +0.604575163<x16>[B] (+1) +0.604575163<x17>[B] (+0) +0.604575163<x18>[B] (+0) +0.604575163<x19>[B] (+1) +0.604575163<x20>[B] (+0) +0.604575163<x21>[B] (+1) +0.604575163<x22>[B] (+0) +0.604575163<x23>[B] (+0) +0.604575163<x24>[B] (+0) +0.604575163<x25>[B] (+1) +0.604575163<x26>[B] (+0) +0.604575163<x27>[B] (+1) +0.604575163<x28>[B] (+1) +0.604575163<x29>[B] (+1) +0.604575163<x30>[B] (+0) +0.604575163<x31>[B] (+1) +0.604575163<x32>[B] (+1) +0.604575163<x33>[B] (+0) -0.604575163<x34>[B] (+1) -0.604575163<x35>[B] (+0) -0.604575163<x36>[B] (+1) -0.604575163<x37>[B] (+1) +0.604575163<x38>[B] (+0) +0.604575163<x39>[B] (+0) +0.604575163<x40>[B] (+1) +0.604575163<x41>[B] (+0) -0.604575163<x42>[B] (+1) -0.604575163<x43>[B] (+1) -0.604575163<x44>[B] (+1) -0.604575163<x45>[B] (+0) -0.604575163<x46>[B] (+1) -0.604575163<x47>[B] (+1) +0.604575163<x48>[B] (+1) +0.604575163<x49>[B] (+0) -0.604575163<x50>[B] (+1) -0.604575163<x51>[B] (+0) +0.604575163<x52>[B] (+0) +0.604575163<x53>[B] (+0) +0.604575163<x54>[B] (+1) +0.604575163<x55>[B] (+0) -0.604575163<x56>[B] (+0) +0.604575163<x57>[B] (+1) -0.604575163<x58>[B] (+0) -0.604575163<x59>[B] (+0) -0.604575163<x60>[B] (+1) +0.604575163<x61>[B] (+1) +0.604575163<x62>[B] (+0) -0.604575163<x63>[B] (+1) -0.604575163<x64>[B] (+1) +0.604575163<x65>[B] (+0) +0.604575163<x66>[B] (+0) +0.604575163<x67>[B] (+1) +0.604575163<x68>[B] (+1) -0.604575163<x69>[B] (+1) -0.604575163<x70>[B] (+1) -0.604575163<x71>[B] (+1) -0.604575163<x72>[B] (+1) -0.604575163<x73>[B] (+1) -0.604575163<x74>[B] (+1) +0.604575163<x75>[B] (+1) +0.604575163<x76>[B] (+0) +0.604575163<x77>[B] (+0) +0.604575163<x78>[B] (+0) +0.604575163<x79>[B] (+1) +0.604575163<x80>[B] (+0) -0.604575163<x81>[B] (+0) +0.604575163<x82>[B] (+1) +0.604575163<x83>[B] (+0) +0.604575163<x84>[B] (+0) +0.604575163<x85>[B] (+0) +0.604575163<x86>[B] (+0) +0.604575163<x87>[B] (+0) +0.604575163<x88>[B] (+0) +0.604575163<x89>[B] (+0) +0.604575163<x90>[B] (+1) +0.604575163<x91>[B] (+0) -0.604575163<x92>[B] (+1) +0.604575163<x93>[B] (+1) +0.604575163<x94>[B] (+1) +0.604575163<x95>[B] (+0) -0.604575163<x96>[B] (+1) +0.604575163<x97>[B] (+1) +0.604575163<x98>[B] (+0) -0.604575163<x99>[B] (+0) +0.604575163<x100>[B] (+1) -0.604575163<x101>[B] (+1) -0.604575163<x102>[B] (+1) -0.604575163<x103>[B] (+1) -0.604575163<x104>[B] (+1) -0.604575163<x105>[B] (+1) -0.604575163<x106>[B] (+1) -0.604575163<x107>[B] (+1) +0.604575163<x108>[B] (+1) +0.604575163<x109>[B] (+1) -0.604575163<x110>[B] (+1) -0.604575163<x111>[B] (+1) -0.604575163<x112>[B] (+1) -0.604575163<x113>[B] (+1) -0.604575163<x114>[B] (+1) -0.604575163<x115>[B] (+1) -0.604575163<x116>[B] (+1) +0.604575163<x117>[B] (+1) -0.604575163<x118>[B] (+0) -0.604575163<x119>[B] (+0) -0.604575163<x120>[B] (+0) -0.604575163<x121>[B] (+0) -0.604575163<x122>[B] (+0) -0.604575163<x123>[B] (+0) -0.604575163<x124>[B] (+0) -0.604575163<x125>[B] (+0) -0.604575163<x126>[B] (+1) -0.604575163<x127>[B] (+1) -0.604575163<x128>[B] (+1) -0.604575163<x129>[B] (+0) -0.604575163<x130>[B] (+1) -0.604575163<x131>[B] (+1) +0.604575163<x132>[B] (+1) +0.604575163<x133>[B] (+1) +0.604575163<x134>[B] (+0) +0.604575163<x135>[B] (+0) +0.604575163<x136>[B] (+1) +0.604575163<x137>[B] (+1) +0.604575163<x138>[B] (+0) -0.604575163<x139>[B] (+0) -0.604575163<x140>[B] (+0) -0.604575163<x141>[B] (+0) +0.604575163<x142>[B] (+0) +0.604575163<x143>[B] (+0) +0.604575163<x144>[B] (+0) -0.604575163<x145>[B] (+1) +0.604575163<x146>[B] (+1) +0.604575163<x147>[B] (+0) -0.604575163<x148>[B] (+1) +0.604575163<x149>[B] (+1) +0.604575163<x150>[B] (+1) +0.604575163<x151>[B] (+0) +0.604575163<x152>[B] (+0) +0.604575163<x153>[B] (+0) >= 24.6372549019608;
;
violation: left hand side is violated by 0.0130718954248081
  [linear] <c1923>: <x206>[C] (+33.9934641) +0.663398693<x1>[B] (+0) -0.663398693<x2>[B] (+0) -0.663398693<x3>[B] (+1) -0.663398693<x4>[B] (+0) -0.663398693<x5>[B] (+1) -0.663398693<x6>[B] (+0) -0.663398693<x7>[B] (+0) -0.663398693<x8>[B] (+0) -0.663398693<x9>[B] (+1) +0.663398693<x10>[B] (+0) -0.663398693<x11>[B] (+0) -0.663398693<x12>[B] (+1) -0.663398693<x13>[B] (+0) -0.663398693<x14>[B] (+0) -0.663398693<x15>[B] (+1) -0.663398693<x16>[B] (+1) +0.663398693<x17>[B] (+0) -0.663398693<x18>[B] (+1) -0.663398693<x19>[B] (+1) -0.663398693<x20>[B] (+0) -0.663398693<x21>[B] (+1) -0.663398693<x22>[B] (+0) -0.663398693<x23>[B] (+0) -0.663398693<x24>[B] (+0) -0.663398693<x25>[B] (+1) -0.663398693<x26>[B] (+0) -0.663398693<x27>[B] (+1) -0.663398693<x28>[B] (+1) -0.663398693<x29>[B] (+0) -0.663398693<x30>[B] (+0) -0.663398693<x31>[B] (+1) -0.663398693<x32>[B] (+1) -0.663398693<x33>[B] (+0) -0.663398693<x34>[B] (+1) +0.663398693<x35>[B] (+0) -0.663398693<x36>[B] (+1) -0.663398693<x37>[B] (+0) +0.663398693<x38>[B] (+0) +0.663398693<x39>[B] (+0) -0.663398693<x40>[B] (+1) +0.663398693<x41>[B] (+0) +0.663398693<x42>[B] (+1) +0.663398693<x43>[B] (+1) +0.663398693<x44>[B] (+0) +0.663398693<x45>[B] (+0) +0.663398693<x46>[B] (+1) +0.663398693<x47>[B] (+1) +0.663398693<x48>[B] (+0) +0.663398693<x49>[B] (+0) +0.663398693<x50>[B] (+1) +0.663398693<x51>[B] (+0) +0.663398693<x52>[B] (+0) +0.663398693<x53>[B] (+0) -0.663398693<x54>[B] (+1) +0.663398693<x55>[B] (+0) +0.663398693<x56>[B] (+0) +0.663398693<x57>[B] (+1) +0.663398693<x58>[B] (+0) +0.663398693<x59>[B] (+0) +0.663398693<x60>[B] (+1) +0.663398693<x61>[B] (+1) +0.663398693<x62>[B] (+0) -0.663398693<x63>[B] (+1) -0.663398693<x64>[B] (+0) +0.663398693<x65>[B] (+0) +0.663398693<x66>[B] (+0) -0.663398693<x67>[B] (+1) +0.663398693<x68>[B] (+0) +0.663398693<x69>[B] (+1) +0.663398693<x70>[B] (+1) +0.663398693<x71>[B] (+0) +0.663398693<x72>[B] (+1) +0.663398693<x73>[B] (+1) +0.663398693<x74>[B] (+1) +0.663398693<x75>[B] (+0) +0.663398693<x76>[B] (+0) +0.663398693<x77>[B] (+0) +0.663398693<x78>[B] (+0) -0.663398693<x79>[B] (+1) +0.663398693<x80>[B] (+0) +0.663398693<x81>[B] (+0) +0.663398693<x82>[B] (+1) +0.663398693<x83>[B] (+0) +0.663398693<x84>[B] (+0) +0.663398693<x85>[B] (+0) +0.663398693<x86>[B] (+0) +0.663398693<x87>[B] (+0) +0.663398693<x88>[B] (+0) +0.663398693<x89>[B] (+1) -0.663398693<x90>[B] (+1) +0.663398693<x91>[B] (+0) +0.663398693<x92>[B] (+1) +0.663398693<x93>[B] (+1) +0.663398693<x94>[B] (+1) +0.663398693<x95>[B] (+1) +0.663398693<x96>[B] (+1) +0.663398693<x97>[B] (+1) +0.663398693<x98>[B] (+1) -0.663398693<x99>[B] (+1) -0.663398693<x100>[B] (+1) +0.663398693<x101>[B] (+1) -0.663398693<x102>[B] (+1) -0.663398693<x103>[B] (+1) -0.663398693<x104>[B] (+1) -0.663398693<x105>[B] (+1) -0.663398693<x106>[B] (+1) -0.663398693<x107>[B] (+1) +0.663398693<x108>[B] (+1) -0.663398693<x109>[B] (+1) +0.663398693<x110>[B] (+0) +0.663398693<x111>[B] (+1) +0.663398693<x112>[B] (+1) +0.663398693<x113>[B] (+0) +0.663398693<x114>[B] (+1) -0.663398693<x115>[B] (+1) +0.663398693<x116>[B] (+1) +0.663398693<x117>[B] (+0) +0.663398693<x118>[B] (+0) +0.663398693<x119>[B] (+0) +0.663398693<x120>[B] (+0) +0.663398693<x121>[B] (+0) +0.663398693<x122>[B] (+0) +0.663398693<x123>[B] (+0) +0.663398693<x124>[B] (+0) +0.663398693<x125>[B] (+0) -0.663398693<x126>[B] (+1) -0.663398693<x127>[B] (+1) -0.663398693<x128>[B] (+1) -0.663398693<x129>[B] (+1) -0.663398693<x130>[B] (+1) -0.663398693<x131>[B] (+1) -0.663398693<x132>[B] (+1) +0.663398693<x133>[B] (+1) +0.663398693<x134>[B] (+0) +0.663398693<x135>[B] (+0) -0.663398693<x136>[B] (+1) +0.663398693<x137>[B] (+1) +0.663398693<x138>[B] (+0) +0.663398693<x139>[B] (+0) +0.663398693<x140>[B] (+0) -0.663398693<x141>[B] (+0) +0.663398693<x142>[B] (+0) +0.663398693<x143>[B] (+0) -0.663398693<x144>[B] (+1) -0.663398693<x145>[B] (+1) -0.663398693<x146>[B] (+1) +0.663398693<x147>[B] (+1) -0.663398693<x148>[B] (+1) +0.663398693<x149>[B] (+1) +0.663398693<x150>[B] (+0) +0.663398693<x151>[B] (+0) +0.663398693<x152>[B] (+0) +0.663398693<x153>[B] (+0) >= 26.0392156862745;
;
violation: left hand side is violated by 0.00653594771242538
  [linear] <c1910>: <x186>[C] (+31.248366) +0.663398693<x1>[B] (+0) -0.663398693<x2>[B] (+1) -0.663398693<x3>[B] (+1) +0.663398693<x4>[B] (+0) -0.663398693<x5>[B] (+1) -0.663398693<x6>[B] (+0) +0.663398693<x7>[B] (+0) -0.663398693<x8>[B] (+0) +0.663398693<x9>[B] (+1) +0.663398693<x10>[B] (+0) -0.663398693<x11>[B] (+0) -0.663398693<x12>[B] (+1) +0.663398693<x13>[B] (+0) +0.663398693<x14>[B] (+0) +0.663398693<x15>[B] (+1) +0.663398693<x16>[B] (+1) +0.663398693<x17>[B] (+0) -0.663398693<x18>[B] (+1) -0.663398693<x19>[B] (+1) +0.663398693<x20>[B] (+0) -0.663398693<x21>[B] (+1) -0.663398693<x22>[B] (+0) +0.663398693<x23>[B] (+0) -0.663398693<x24>[B] (+0) +0.663398693<x25>[B] (+1) +0.663398693<x26>[B] (+0) -0.663398693<x27>[B] (+1) -0.663398693<x28>[B] (+1) +0.663398693<x29>[B] (+0) +0.663398693<x30>[B] (+0) +0.663398693<x31>[B] (+1) +0.663398693<x32>[B] (+1) -0.663398693<x33>[B] (+0) +0.663398693<x34>[B] (+1) +0.663398693<x35>[B] (+0) -0.663398693<x36>[B] (+1) +0.663398693<x37>[B] (+0) +0.663398693<x38>[B] (+0) -0.663398693<x39>[B] (+0) +0.663398693<x40>[B] (+1) +0.663398693<x41>[B] (+0) -0.663398693<x42>[B] (+0) +0.663398693<x43>[B] (+1) +0.663398693<x44>[B] (+0) +0.663398693<x45>[B] (+0) +0.663398693<x46>[B] (+0) +0.663398693<x47>[B] (+1) +0.663398693<x48>[B] (+0) +0.663398693<x49>[B] (+0) -0.663398693<x50>[B] (+1) -0.663398693<x51>[B] (+0) +0.663398693<x52>[B] (+0) -0.663398693<x53>[B] (+0) +0.663398693<x54>[B] (+1) +0.663398693<x55>[B] (+0) -0.663398693<x56>[B] (+0) -0.663398693<x57>[B] (+1) +0.663398693<x58>[B] (+0) +0.663398693<x59>[B] (+0) +0.663398693<x60>[B] (+0) +0.663398693<x61>[B] (+1) +0.663398693<x62>[B] (+0) -0.663398693<x63>[B] (+1) -0.663398693<x64>[B] (+1) -0.663398693<x65>[B] (+0) -0.663398693<x66>[B] (+1) -0.663398693<x67>[B] (+1) -0.663398693<x68>[B] (+1) -0.663398693<x69>[B] (+1) -0.663398693<x70>[B] (+1) -0.663398693<x71>[B] (+1) -0.663398693<x72>[B] (+1) -0.663398693<x73>[B] (+1) -0.663398693<x74>[B] (+1) -0.663398693<x75>[B] (+1) +0.663398693<x76>[B] (+0) +0.663398693<x77>[B] (+0) +0.663398693<x78>[B] (+0) +0.663398693<x79>[B] (+1) +0.663398693<x80>[B] (+0) -0.663398693<x81>[B] (+0) +0.663398693<x82>[B] (+1) +0.663398693<x83>[B] (+0) +0.663398693<x84>[B] (+0) +0.663398693<x85>[B] (+0) +0.663398693<x86>[B] (+1) +0.663398693<x87>[B] (+0) +0.663398693<x88>[B] (+0) -0.663398693<x89>[B] (+1) +0.663398693<x90>[B] (+1) +0.663398693<x91>[B] (+0) -0.663398693<x92>[B] (+1) +0.663398693<x93>[B] (+1) +0.663398693<x94>[B] (+1) +0.663398693<x95>[B] (+1) +0.663398693<x96>[B] (+1) +0.663398693<x97>[B] (+1) +0.663398693<x98>[B] (+1) -0.663398693<x99>[B] (+1) -0.663398693<x100>[B] (+1) -0.663398693<x101>[B] (+1) -0.663398693<x102>[B] (+1) -0.663398693<x103>[B] (+1) -0.663398693<x104>[B] (+1) -0.663398693<x105>[B] (+1) -0.663398693<x106>[B] (+1) -0.663398693<x107>[B] (+1) -0.663398693<x108>[B] (+1) +0.663398693<x109>[B] (+1) +0.663398693<x110>[B] (+0) -0.663398693<x111>[B] (+1) +0.663398693<x112>[B] (+1) +0.663398693<x113>[B] (+0) +0.663398693<x114>[B] (+0) +0.663398693<x115>[B] (+1) +0.663398693<x116>[B] (+1) +0.663398693<x117>[B] (+0) -0.663398693<x118>[B] (+0) -0.663398693<x119>[B] (+0) -0.663398693<x120>[B] (+0) -0.663398693<x121>[B] (+0) -0.663398693<x122>[B] (+0) -0.663398693<x123>[B] (+0) -0.663398693<x124>[B] (+0) -0.663398693<x125>[B] (+0) -0.663398693<x126>[B] (+1) -0.663398693<x127>[B] (+1) -0.663398693<x128>[B] (+1) -0.663398693<x129>[B] (+1) -0.663398693<x130>[B] (+1) -0.663398693<x131>[B] (+1) -0.663398693<x132>[B] (+1) +0.663398693<x133>[B] (+1) +0.663398693<x134>[B] (+0) +0.663398693<x135>[B] (+0) +0.663398693<x136>[B] (+1) +0.663398693<x137>[B] (+1) +0.663398693<x138>[B] (+0) +0.663398693<x139>[B] (+0) +0.663398693<x140>[B] (+0) +0.663398693<x141>[B] (+0) +0.663398693<x142>[B] (+0) +0.663398693<x143>[B] (+0) +0.663398693<x144>[B] (+0) -0.663398693<x145>[B] (+1) -0.663398693<x146>[B] (+1) -0.663398693<x147>[B] (+0) -0.663398693<x148>[B] (+1) -0.663398693<x149>[B] (+1) -0.663398693<x150>[B] (+0) +0.663398693<x151>[B] (+1) -0.663398693<x152>[B] (+0) -0.663398693<x153>[B] (+0) >= 19.4052287581699;
;
violation: left hand side is violated by 0.0980392156862671
all 10 solutions given by solution candidate storage are infeasible

feasible solution found by trivial heuristic after 0.0 seconds, objective value -9.000008e+06
presolving:
   (0.0s) symmetry computation started: requiring (bin +, int +, cont +), (fixed: bin -, int -, cont -)
   (0.0s) no symmetry present (symcode time: 0.00)
presolving (0 rounds: 0 fast, 0 medium, 0 exhaustive):
 0 deleted vars, 0 deleted constraints, 0 added constraints, 0 tightened bounds, 0 added holes, 0 changed sides, 0 changed coefficients
 0 implications, 0 cliques, 0 implied integral variables (0 bin, 0 int, 0 cont)
presolved problem has 243 variables (153 bin, 0 int, 90 cont) and 1950 constraints
   1950 constraints of type <linear>
Presolving Time: 0.02
transformed 1/1 original solutions to the transformed problem space

 time | node  | left  |LP iter|LP it/n|mem/heur|mdpt |vars |cons |rows |cuts |sepa|confs|strbr|  dualbound   | primalbound  |  gap   | compl. 
p 0.1s|     1 |     0 |    42 |     - |   locks|   0 | 243 |1950 |1950 |   0 |  0 |   0 |   0 | 5.000000e+02 |-1.869193e+03 |    Inf | unknown
  0.1s|     1 |     0 |  1046 |     - |    88M |   0 | 243 |1950 |1950 |   0 |  0 |   0 |   0 |-1.544193e+03 |-1.869193e+03 |  21.05%| unknown
r 0.1s|     1 |     0 |  1046 |     - |shifting|   0 | 243 |1950 |1950 |   0 |  0 |   0 |   0 |-1.544193e+03 |-1.802235e+03 |  16.71%| unknown
  0.3s|     1 |     0 |  1082 |     - |    88M |   0 | 243 |1950 |1951 |   1 |  1 |   0 |   0 |-1.544391e+03 |-1.802235e+03 |  16.70%| unknown
r 0.3s|     1 |     0 |  1082 |     - |shifting|   0 | 243 |1950 |1951 |   1 |  1 |   0 |   0 |-1.544391e+03 |-1.710255e+03 |  10.74%| unknown
  0.4s|     1 |     0 |  1123 |     - |    88M |   0 | 243 |1950 |1952 |   2 |  2 |   0 |   0 |-1.544605e+03 |-1.710255e+03 |  10.72%| unknown
r 0.4s|     1 |     0 |  1123 |     - |shifting|   0 | 243 |1950 |1952 |   2 |  2 |   0 |   0 |-1.544605e+03 |-1.706122e+03 |  10.46%| unknown
  0.4s|     1 |     0 |  1123 |     - |    88M |   0 | 243 |1950 |1952 |   2 |  2 |   0 |   0 |-1.544605e+03 |-1.706122e+03 |  10.46%| unknown
  0.5s|     1 |     0 |  1167 |     - |    88M |   0 | 243 |1950 |1955 |   5 |  3 |   0 |   0 |-1.544662e+03 |-1.706122e+03 |  10.45%| unknown
  0.7s|     1 |     0 |  1200 |     - |    90M |   0 | 243 |1950 |1958 |   8 |  4 |   0 |   0 |-1.544683e+03 |-1.706122e+03 |  10.45%| unknown
  0.9s|     1 |     0 |  1232 |     - |    90M |   0 | 243 |1951 |1960 |  10 |  5 |   1 |   0 |-1.544719e+03 |-1.706122e+03 |  10.45%| unknown
  1.0s|     1 |     0 |  1278 |     - |    90M |   0 | 243 |1951 |1962 |  12 |  6 |   1 |   0 |-1.544741e+03 |-1.706122e+03 |  10.45%| unknown
  1.2s|     1 |     0 |  1346 |     - |    90M |   0 | 243 |1951 |1963 |  13 |  7 |   1 |   0 |-1.544783e+03 |-1.706122e+03 |  10.44%| unknown
  1.4s|     1 |     0 |  1386 |     - |    92M |   0 | 243 |1951 |1966 |  16 |  8 |   1 |   0 |-1.544799e+03 |-1.706122e+03 |  10.44%| unknown
  1.6s|     1 |     0 |  1407 |     - |    92M |   0 | 243 |1951 |1967 |  17 |  9 |   1 |   0 |-1.544812e+03 |-1.706122e+03 |  10.44%| unknown
 time | node  | left  |LP iter|LP it/n|mem/heur|mdpt |vars |cons |rows |cuts |sepa|confs|strbr|  dualbound   | primalbound  |  gap   | compl. 
  1.8s|     1 |     0 |  1422 |     - |    93M |   0 | 243 |1951 |1968 |  18 | 10 |   1 |   0 |-1.544813e+03 |-1.706122e+03 |  10.44%| unknown
  1.8s|     1 |     0 |  1426 |     - |    93M |   0 | 243 |1951 |1969 |  19 | 11 |   1 |   0 |-1.544814e+03 |-1.706122e+03 |  10.44%| unknown
  1.9s|     1 |     0 |  1455 |     - |    93M |   0 | 243 |1951 |1970 |  20 | 12 |   1 |   0 |-1.544828e+03 |-1.706122e+03 |  10.44%| unknown
r 1.9s|     1 |     0 |  1615 |     - |intshift|   0 | 243 |1951 |1970 |  20 | 12 |   1 |   0 |-1.544828e+03 |-1.583820e+03 |   2.52%| unknown
d 2.0s|     1 |     0 |  2518 |     - |farkasdi|   0 | 243 |1951 |1970 |   0 | 12 |   1 |   0 |-1.544828e+03 |-1.558337e+03 |   0.87%| unknown
d 2.0s|     1 |     0 |  2800 |     - |conflict|   0 | 243 |1951 |1970 |   0 | 12 |   1 |   0 |-1.544828e+03 |-1.553650e+03 |   0.57%| unknown
  2.0s|     1 |     0 |  2800 |     - |    93M |   0 | 243 |1951 |1970 |  20 | 12 |   1 |   0 |-1.544828e+03 |-1.553650e+03 |   0.57%| unknown
  2.1s|     1 |     0 |  2804 |     - |    94M |   0 | 243 |1951 |1971 |  21 | 13 |   1 |   0 |-1.544829e+03 |-1.553650e+03 |   0.57%| unknown
  2.1s|     1 |     0 |  2819 |     - |    94M |   0 | 243 |1951 |1972 |  22 | 14 |   1 |   0 |-1.544832e+03 |-1.553650e+03 |   0.57%| unknown
  2.8s|     1 |     2 |  2819 |     - |    94M |   0 | 243 |1951 |1972 |  22 | 14 |   1 |  24 |-1.546240e+03 |-1.553650e+03 |   0.48%| unknown
* 4.6s|    12 |     3 |  4005 | 233.9 |strongbr|   6 | 243 |1992 |1958 |  22 | 11 |  46 | 178 |-1.546240e+03 |-1.553592e+03 |   0.48%|  14.92%
* 5.5s|    23 |     6 |  4776 | 152.0 |    LP  |   7 | 243 |2038 |1958 |  22 |  2 |  93 | 254 |-1.546240e+03 |-1.551415e+03 |   0.33%|  28.67%

SCIP Status        : problem is solved [optimal solution found]
Solving Time (sec) : 6.58
Solving Nodes      : 45
Primal Bound       : -1.55141503267974e+03 (42 solutions)
Dual Bound         : -1.55141503267974e+03
Gap                : 0.00 %
  [linear] <c1951>: <x154>[C] (+28.869281) -0.611111111<x1>[B] (+0) -0.611111111<x2>[B] (+1) -0.611111111<x3>[B] (+1) -0.611111111<x4>[B] (+0) -0.611111111<x5>[B] (+1) +0.611111111<x6>[B] (+0) -0.611111111<x7>[B] (+0) -0.611111111<x8>[B] (+0) -0.611111111<x9>[B] (+1) -0.611111111<x10>[B] (+0) -0.611111111<x11>[B] (+1) +0.611111111<x12>[B] (+1) +0.611111111<x13>[B] (+0) +0.611111111<x14>[B] (+1) +0.611111111<x15>[B] (+1) -0.611111111<x16>[B] (+1) -0.611111111<x17>[B] (+0) -0.611111111<x18>[B] (+1) +0.611111111<x19>[B] (+1) +0.611111111<x20>[B] (+0) +0.611111111<x21>[B] (+1) +0.611111111<x22>[B] (+0) +0.611111111<x23>[B] (+0) +0.611111111<x24>[B] (+0) +0.611111111<x25>[B] (+1) +0.611111111<x26>[B] (+0) -0.611111111<x27>[B] (+1) +0.611111111<x28>[B] (+1) +0.611111111<x29>[B] (+0) +0.611111111<x30>[B] (+1) +0.611111111<x31>[B] (+1) -0.611111111<x32>[B] (+1) -0.611111111<x33>[B] (+0) +0.611111111<x34>[B] (+1) +0.611111111<x35>[B] (+0) +0.611111111<x36>[B] (+1) +0.611111111<x37>[B] (+0) +0.611111111<x38>[B] (+0) +0.611111111<x39>[B] (+0) +0.611111111<x40>[B] (+1) +0.611111111<x41>[B] (+0) -0.611111111<x42>[B] (+1) +0.611111111<x43>[B] (+1) +0.611111111<x44>[B] (+0) +0.611111111<x45>[B] (+0) +0.611111111<x46>[B] (+0) +0.611111111<x47>[B] (+1) +0.611111111<x48>[B] (+0) +0.611111111<x49>[B] (+0) -0.611111111<x50>[B] (+0) +0.611111111<x51>[B] (+0) +0.611111111<x52>[B] (+0) -0.611111111<x53>[B] (+0) -0.611111111<x54>[B] (+1) -0.611111111<x55>[B] (+0) -0.611111111<x56>[B] (+1) +0.611111111<x57>[B] (+1) +0.611111111<x58>[B] (+0) +0.611111111<x59>[B] (+0) +0.611111111<x60>[B] (+0) -0.611111111<x61>[B] (+1) -0.611111111<x62>[B] (+0) -0.611111111<x63>[B] (+1) +0.611111111<x64>[B] (+1) -0.611111111<x65>[B] (+0) -0.611111111<x66>[B] (+1) -0.611111111<x67>[B] (+1) -0.611111111<x68>[B] (+0) -0.611111111<x69>[B] (+1) +0.611111111<x70>[B] (+1) +0.611111111<x71>[B] (+1) +0.611111111<x72>[B] (+1) +0.611111111<x73>[B] (+1) -0.611111111<x74>[B] (+1) -0.611111111<x75>[B] (+1) +0.611111111<x76>[B] (+0) +0.611111111<x77>[B] (+0) -0.611111111<x78>[B] (+0) -0.611111111<x79>[B] (+1) +0.611111111<x80>[B] (+0) -0.611111111<x81>[B] (+1) +0.611111111<x82>[B] (+1) +0.611111111<x83>[B] (+0) +0.611111111<x84>[B] (+0) +0.611111111<x85>[B] (+0) -0.611111111<x86>[B] (+1) -0.611111111<x87>[B] (+0) -0.611111111<x88>[B] (+0) -0.611111111<x89>[B] (+1) -0.611111111<x90>[B] (+1) -0.611111111<x91>[B] (+0) -0.611111111<x92>[B] (+1) -0.611111111<x93>[B] (+1) +0.611111111<x94>[B] (+1) +0.611111111<x95>[B] (+1) -0.611111111<x96>[B] (+1) -0.611111111<x97>[B] (+1) -0.611111111<x98>[B] (+1) -0.611111111<x99>[B] (+1) -0.611111111<x100>[B] (+1) -0.611111111<x101>[B] (+1) -0.611111111<x102>[B] (+1) +0.611111111<x103>[B] (+1) +0.611111111<x104>[B] (+1) +0.611111111<x105>[B] (+1) +0.611111111<x106>[B] (+1) -0.611111111<x107>[B] (+1) -0.611111111<x108>[B] (+1) +0.611111111<x109>[B] (+1) +0.611111111<x110>[B] (+0) -0.611111111<x111>[B] (+1) +0.611111111<x112>[B] (+1) +0.611111111<x113>[B] (+0) +0.611111111<x114>[B] (+1) +0.611111111<x115>[B] (+1) -0.611111111<x116>[B] (+1) -0.611111111<x117>[B] (+0) +0.611111111<x118>[B] (+0) -0.611111111<x119>[B] (+1) +0.611111111<x120>[B] (+0) +0.611111111<x121>[B] (+0) +0.611111111<x122>[B] (+0) +0.611111111<x123>[B] (+0) -0.611111111<x124>[B] (+1) -0.611111111<x125>[B] (+0) -0.611111111<x126>[B] (+1) +0.611111111<x127>[B] (+1) +0.611111111<x128>[B] (+1) +0.611111111<x129>[B] (+1) +0.611111111<x130>[B] (+1) -0.611111111<x131>[B] (+1) -0.611111111<x132>[B] (+1) +0.611111111<x133>[B] (+0) +0.611111111<x134>[B] (+0) +0.611111111<x135>[B] (+0) +0.611111111<x136>[B] (+0) +0.611111111<x137>[B] (+1) +0.611111111<x138>[B] (+0) +0.611111111<x139>[B] (+0) +0.611111111<x140>[B] (+0) +0.611111111<x141>[B] (+0) -0.611111111<x142>[B] (+1) -0.611111111<x143>[B] (+0) +0.611111111<x144>[B] (+1) -0.611111111<x145>[B] (+1) -0.611111111<x146>[B] (+1) -0.611111111<x147>[B] (+1) -0.611111111<x148>[B] (+1) -0.611111111<x149>[B] (+1) -0.611111111<x150>[B] (+0) -0.611111111<x151>[B] (+1) -0.611111111<x152>[B] (+0) +0.611111111<x153>[B] (+0) >= 21.5424836601307;
;
violation: left hand side is violated by 0.00653594771242183
  [linear] <c1969>: <x185>[C] (+21.4019608) -0.532679739<x1>[B] (+0) -0.532679739<x2>[B] (+0) -0.532679739<x3>[B] (+7.76521704e-14) -0.532679739<x4>[B] (+0) -0.532679739<x5>[B] (+1) -0.532679739<x6>[B] (+0) -0.532679739<x7>[B] (+0) -0.532679739<x8>[B] (+0) -0.532679739<x9>[B] (+1) -0.532679739<x10>[B] (+0) -0.532679739<x11>[B] (+1) -0.532679739<x12>[B] (+1) -0.532679739<x13>[B] (+1) -0.532679739<x14>[B] (+0) -0.532679739<x15>[B] (+1) -0.532679739<x16>[B] (+1) -0.532679739<x17>[B] (+0) +0.532679739<x18>[B] (+0) -0.532679739<x19>[B] (+1) +0.532679739<x20>[B] (+0) +0.532679739<x21>[B] (+1) +0.532679739<x22>[B] (+0) +0.532679739<x23>[B] (+0) +0.532679739<x24>[B] (+0) +0.532679739<x25>[B] (+1) +0.532679739<x26>[B] (+0) -0.532679739<x27>[B] (+1) -0.532679739<x28>[B] (+1) -0.532679739<x29>[B] (+1) +0.532679739<x30>[B] (+0) +0.532679739<x31>[B] (+1) +0.532679739<x32>[B] (+1) -0.532679739<x33>[B] (+0) -0.532679739<x34>[B] (+1) -0.532679739<x35>[B] (+0) +0.532679739<x36>[B] (+1) +0.532679739<x37>[B] (+1) -0.532679739<x38>[B] (+0) -0.532679739<x39>[B] (+0) -0.532679739<x40>[B] (+1) +0.532679739<x41>[B] (+1) -0.532679739<x42>[B] (+1) -0.532679739<x43>[B] (+1) -0.532679739<x44>[B] (+1) +0.532679739<x45>[B] (+0) +0.532679739<x46>[B] (+1) +0.532679739<x47>[B] (+1) -0.532679739<x48>[B] (+1) +0.532679739<x49>[B] (+0) +0.532679739<x50>[B] (+1) +0.532679739<x51>[B] (+0) +0.532679739<x52>[B] (+0) +0.532679739<x53>[B] (+0) +0.532679739<x54>[B] (+1) +0.532679739<x55>[B] (+0) -0.532679739<x56>[B] (+1) +0.532679739<x57>[B] (+1) +0.532679739<x58>[B] (+1) +0.532679739<x59>[B] (+0) +0.532679739<x60>[B] (+1) +0.532679739<x61>[B] (+1) +0.532679739<x62>[B] (+0) +0.532679739<x63>[B] (+1) +0.532679739<x64>[B] (+1) -0.532679739<x65>[B] (+0) -0.532679739<x66>[B] (+0) -0.532679739<x67>[B] (+1) +0.532679739<x68>[B] (+1) -0.532679739<x69>[B] (+1) -0.532679739<x70>[B] (+1) -0.532679739<x71>[B] (+1) +0.532679739<x72>[B] (+1) +0.532679739<x73>[B] (+1) +0.532679739<x74>[B] (+1) -0.532679739<x75>[B] (+1) -0.532679739<x76>[B] (+0) -0.532679739<x77>[B] (+0) -0.532679739<x78>[B] (+0) -0.532679739<x79>[B] (+1) -0.532679739<x80>[B] (+0) -0.532679739<x81>[B] (+1) -0.532679739<x82>[B] (+1) -0.532679739<x83>[B] (+0) +0.532679739<x84>[B] (+0) -0.532679739<x85>[B] (+0) +0.532679739<x86>[B] (+1) -0.532679739<x87>[B] (+0) -0.532679739<x88>[B] (+0) -0.532679739<x89>[B] (+0) -0.532679739<x90>[B] (+1) +0.532679739<x91>[B] (+0) -0.532679739<x92>[B] (+1) -0.532679739<x93>[B] (+1) -0.532679739<x94>[B] (+1) +0.532679739<x95>[B] (+0) +0.532679739<x96>[B] (+1) +0.532679739<x97>[B] (+1) -0.532679739<x98>[B] (+1) -0.532679739<x99>[B] (+0) +0.532679739<x100>[B] (+1) +0.532679739<x101>[B] (+1) -0.532679739<x102>[B] (+1) -0.532679739<x103>[B] (+1) -0.532679739<x104>[B] (+1) +0.532679739<x105>[B] (+1) +0.532679739<x106>[B] (+1) +0.532679739<x107>[B] (+1) -0.532679739<x108>[B] (+1) +0.532679739<x109>[B] (+1) +0.532679739<x110>[B] (+1) -0.532679739<x111>[B] (+1) -0.532679739<x112>[B] (+1) -0.532679739<x113>[B] (+1) +0.532679739<x114>[B] (+1) +0.532679739<x115>[B] (+1) +0.532679739<x116>[B] (+1) -0.532679739<x117>[B] (+1) +0.532679739<x118>[B] (+0) -0.532679739<x119>[B] (+1) -0.532679739<x120>[B] (+0) -0.532679739<x121>[B] (+0) +0.532679739<x122>[B] (+0) +0.532679739<x123>[B] (+0) +0.532679739<x124>[B] (+1) -0.532679739<x125>[B] (+0) -0.532679739<x126>[B] (+1) -0.532679739<x127>[B] (+1) -0.532679739<x128>[B] (+1) +0.532679739<x129>[B] (+0) -0.532679739<x130>[B] (+1) +0.532679739<x131>[B] (+1) -0.532679739<x132>[B] (+1) +0.532679739<x133>[B] (+0) +0.532679739<x134>[B] (+0) +0.532679739<x135>[B] (+0) +0.532679739<x136>[B] (+0) +0.532679739<x137>[B] (+1) +0.532679739<x138>[B] (+0) +0.532679739<x139>[B] (+0) +0.532679739<x140>[B] (+0) +0.532679739<x141>[B] (+0) +0.532679739<x142>[B] (+1) +0.532679739<x143>[B] (+0) +0.532679739<x144>[B] (+0) +0.532679739<x145>[B] (+1) +0.532679739<x146>[B] (+1) +0.532679739<x147>[B] (+0) -0.532679739<x148>[B] (+1) -0.532679739<x149>[B] (+1) -0.532679739<x150>[B] (+1) +0.532679739<x151>[B] (+1) -0.532679739<x152>[B] (+0) -0.532679739<x153>[B] (+0) >= 17.7124183006536;
;
violation: left hand side is violated by 0.0392156862745061
  [linear] <c1957>: <x165>[C] (+14.2287582) +0.428104575<x1>[B] (+1) -0.428104575<x2>[B] (+1) -0.428104575<x3>[B] (+1) -0.428104575<x4>[B] (+0) +0.428104575<x5>[B] (+1) -0.428104575<x6>[B] (+0) +0.428104575<x7>[B] (+0) +0.428104575<x8>[B] (+0) +0.428104575<x9>[B] (+1) +0.428104575<x10>[B] (+0) +0.428104575<x11>[B] (+1) -0.428104575<x12>[B] (+1) -0.428104575<x13>[B] (+1) +0.428104575<x14>[B] (+0) -0.428104575<x15>[B] (+1) +0.428104575<x16>[B] (+1) +0.428104575<x17>[B] (+0) -0.428104575<x18>[B] (+1) -0.428104575<x19>[B] (+1) -0.428104575<x20>[B] (+0) -0.428104575<x21>[B] (+1) -0.428104575<x22>[B] (+0) -0.428104575<x23>[B] (+0) +0.428104575<x24>[B] (+0) +0.428104575<x25>[B] (+1) -0.428104575<x26>[B] (+0) +0.428104575<x27>[B] (+1) -0.428104575<x28>[B] (+1) -0.428104575<x29>[B] (+0) -0.428104575<x30>[B] (+0) -0.428104575<x31>[B] (+1) +0.428104575<x32>[B] (+1) -0.428104575<x33>[B] (+0) -0.428104575<x34>[B] (+1) -0.428104575<x35>[B] (+0) +0.428104575<x36>[B] (+1) -0.428104575<x37>[B] (+0) +0.428104575<x38>[B] (+0) +0.428104575<x39>[B] (+0) +0.428104575<x40>[B] (+1) +0.428104575<x41>[B] (+0) +0.428104575<x42>[B] (+1) -0.428104575<x43>[B] (+1) -0.428104575<x44>[B] (+0) +0.428104575<x45>[B] (+0) +0.428104575<x46>[B] (+0) +0.428104575<x47>[B] (+1) +0.428104575<x48>[B] (+0) +0.428104575<x49>[B] (+0) +0.428104575<x50>[B] (+0) +0.428104575<x51>[B] (+0) +0.428104575<x52>[B] (+0) +0.428104575<x53>[B] (+0) +0.428104575<x54>[B] (+1) +0.428104575<x55>[B] (+0) +0.428104575<x56>[B] (+1) +0.428104575<x57>[B] (+1) +0.428104575<x58>[B] (+0) +0.428104575<x59>[B] (+0) +0.428104575<x60>[B] (+0) +0.428104575<x61>[B] (+1) +0.428104575<x62>[B] (+0) +0.428104575<x63>[B] (+1) +0.428104575<x64>[B] (+1) +0.428104575<x65>[B] (+0) +0.428104575<x66>[B] (+1) +0.428104575<x67>[B] (+1) +0.428104575<x68>[B] (+1) +0.428104575<x69>[B] (+1) -0.428104575<x70>[B] (+1) -0.428104575<x71>[B] (+1) +0.428104575<x72>[B] (+1) +0.428104575<x73>[B] (+1) +0.428104575<x74>[B] (+1) +0.428104575<x75>[B] (+1) -0.428104575<x76>[B] (+0) -0.428104575<x77>[B] (+0) +0.428104575<x78>[B] (+0) +0.428104575<x79>[B] (+1) -0.428104575<x80>[B] (+0) +0.428104575<x81>[B] (+1) -0.428104575<x82>[B] (+1) -0.428104575<x83>[B] (+0) -0.428104575<x84>[B] (+0) -0.428104575<x85>[B] (+0) +0.428104575<x86>[B] (+1) -0.428104575<x87>[B] (+0) +0.428104575<x88>[B] (+0) +0.428104575<x89>[B] (+1) +0.428104575<x90>[B] (+1) +0.428104575<x91>[B] (+0) +0.428104575<x92>[B] (+1) -0.428104575<x93>[B] (+1) -0.428104575<x94>[B] (+1) +0.428104575<x95>[B] (+0) +0.428104575<x96>[B] (+1) +0.428104575<x97>[B] (+1) +0.428104575<x98>[B] (+1) +0.428104575<x99>[B] (+1) +0.428104575<x100>[B] (+1) +0.428104575<x101>[B] (+1) +0.428104575<x102>[B] (+1) -0.428104575<x103>[B] (+1) -0.428104575<x104>[B] (+1) +0.428104575<x105>[B] (+1) -0.428104575<x106>[B] (+1) +0.428104575<x107>[B] (+1) +0.428104575<x108>[B] (+1) +0.428104575<x109>[B] (+1) -0.428104575<x110>[B] (+0) -0.428104575<x111>[B] (+1) -0.428104575<x112>[B] (+1) -0.428104575<x113>[B] (+1) -0.428104575<x114>[B] (+0) -0.428104575<x115>[B] (+1) -0.428104575<x116>[B] (+1) -0.428104575<x117>[B] (+0) -0.428104575<x118>[B] (+0) -0.428104575<x119>[B] (+1) -0.428104575<x120>[B] (+0) -0.428104575<x121>[B] (+0) -0.428104575<x122>[B] (+0) -0.428104575<x123>[B] (+0) -0.428104575<x124>[B] (+1) -0.428104575<x125>[B] (+0) +0.428104575<x126>[B] (+1) -0.428104575<x127>[B] (+1) -0.428104575<x128>[B] (+1) -0.428104575<x129>[B] (+0) -0.428104575<x130>[B] (+1) +0.428104575<x131>[B] (+1) -0.428104575<x132>[B] (+1) -0.428104575<x133>[B] (+0) -0.428104575<x134>[B] (+0) -0.428104575<x135>[B] (+0) -0.428104575<x136>[B] (+0) -0.428104575<x137>[B] (+1) -0.428104575<x138>[B] (+0) -0.428104575<x139>[B] (+0) +0.428104575<x140>[B] (+0) +0.428104575<x141>[B] (+0) +0.428104575<x142>[B] (+1) +0.428104575<x143>[B] (+0) +0.428104575<x144>[B] (+0) +0.428104575<x145>[B] (+1) +0.428104575<x146>[B] (+1) +0.428104575<x147>[B] (+0) -0.428104575<x148>[B] (+1) +0.428104575<x149>[B] (+1) +0.428104575<x150>[B] (+1) +0.428104575<x151>[B] (+1) +0.428104575<x152>[B] (+0) -0.428104575<x153>[B] (+0) >= 21.9411764705882;
;
violation: left hand side is violated by 0.00653594771242183
  [linear] <c1956>: <x164>[C] (+28.8366013) -0.604575163<x1>[B] (+1) -0.604575163<x2>[B] (+1) -0.604575163<x3>[B] (+1) -0.604575163<x4>[B] (+0) -0.604575163<x5>[B] (+1) -0.604575163<x6>[B] (+0) -0.604575163<x7>[B] (+0) -0.604575163<x8>[B] (+0) -0.604575163<x9>[B] (+1) -0.604575163<x10>[B] (+0) -0.604575163<x11>[B] (+1) -0.604575163<x12>[B] (+1) -0.604575163<x13>[B] (+0) -0.604575163<x14>[B] (+0) -0.604575163<x15>[B] (+1) -0.604575163<x16>[B] (+1) -0.604575163<x17>[B] (+1) +0.604575163<x18>[B] (+0) +0.604575163<x19>[B] (+1) +0.604575163<x20>[B] (+0) -0.604575163<x21>[B] (+1) +0.604575163<x22>[B] (+0) -0.604575163<x23>[B] (+0) -0.604575163<x24>[B] (+0) -0.604575163<x25>[B] (+1) +0.604575163<x26>[B] (+0) -0.604575163<x27>[B] (+1) +0.604575163<x28>[B] (+1) +0.604575163<x29>[B] (+0) -0.604575163<x30>[B] (+0) +0.604575163<x31>[B] (+0) -0.604575163<x32>[B] (+1) +0.604575163<x33>[B] (+0) -0.604575163<x34>[B] (+1) +0.604575163<x35>[B] (+0) -0.604575163<x36>[B] (+1) +0.604575163<x37>[B] (+0) -0.604575163<x38>[B] (+0) -0.604575163<x39>[B] (+0) -0.604575163<x40>[B] (+1) +0.604575163<x41>[B] (+0) -0.604575163<x42>[B] (+1) -0.604575163<x43>[B] (+1) -0.604575163<x44>[B] (+0) -0.604575163<x45>[B] (+0) -0.604575163<x46>[B] (+0) -0.604575163<x47>[B] (+1) -0.604575163<x48>[B] (+1) +0.604575163<x49>[B] (+0) -0.604575163<x50>[B] (+0) +0.604575163<x51>[B] (+0) -0.604575163<x52>[B] (+0) -0.604575163<x53>[B] (+0) -0.604575163<x54>[B] (+1) +0.604575163<x55>[B] (+0) -0.604575163<x56>[B] (+1) -0.604575163<x57>[B] (+1) -0.604575163<x58>[B] (+0) -0.604575163<x59>[B] (+0) -0.604575163<x60>[B] (+0) -0.604575163<x61>[B] (+1) -0.604575163<x62>[B] (+0) -0.604575163<x63>[B] (+1) +0.604575163<x64>[B] (+1) -0.604575163<x65>[B] (+0) -0.604575163<x66>[B] (+1) -0.604575163<x67>[B] (+1) -0.604575163<x68>[B] (+1) -0.604575163<x69>[B] (+1) -0.604575163<x70>[B] (+1) -0.604575163<x71>[B] (+1) -0.604575163<x72>[B] (+1) -0.604575163<x73>[B] (+1) -0.604575163<x74>[B] (+1) -0.604575163<x75>[B] (+1) +0.604575163<x76>[B] (+0) -0.604575163<x77>[B] (+0) -0.604575163<x78>[B] (+0) +0.604575163<x79>[B] (+1) +0.604575163<x80>[B] (+0) -0.604575163<x81>[B] (+1) +0.604575163<x82>[B] (+1) +0.604575163<x83>[B] (+0) -0.604575163<x84>[B] (+0) +0.604575163<x85>[B] (+0) -0.604575163<x86>[B] (+1) +0.604575163<x87>[B] (+0) -0.604575163<x88>[B] (+0) -0.604575163<x89>[B] (+1) -0.604575163<x90>[B] (+1) -0.604575163<x91>[B] (+0) -0.604575163<x92>[B] (+1) -0.604575163<x93>[B] (+1) -0.604575163<x94>[B] (+1) -0.604575163<x95>[B] (+0) -0.604575163<x96>[B] (+1) -0.604575163<x97>[B] (+1) -0.604575163<x98>[B] (+1) +0.604575163<x99>[B] (+1) +0.604575163<x100>[B] (+1) +0.604575163<x101>[B] (+1) +0.604575163<x102>[B] (+1) +0.604575163<x103>[B] (+1) +0.604575163<x104>[B] (+1) +0.604575163<x105>[B] (+1) +0.604575163<x106>[B] (+1) +0.604575163<x107>[B] (+1) +0.604575163<x108>[B] (+1) +0.604575163<x109>[B] (+1) +0.604575163<x110>[B] (+0) +0.604575163<x111>[B] (+1) +0.604575163<x112>[B] (+1) +0.604575163<x113>[B] (+0) +0.604575163<x114>[B] (+0) +0.604575163<x115>[B] (+1) +0.604575163<x116>[B] (+1) +0.604575163<x117>[B] (+1) +0.604575163<x118>[B] (+0) -0.604575163<x119>[B] (+1) +0.604575163<x120>[B] (+0) +0.604575163<x121>[B] (+0) -0.604575163<x122>[B] (+0) +0.604575163<x123>[B] (+0) -0.604575163<x124>[B] (+1) +0.604575163<x125>[B] (+0) -0.604575163<x126>[B] (+1) -0.604575163<x127>[B] (+1) -0.604575163<x128>[B] (+1) -0.604575163<x129>[B] (+0) -0.604575163<x130>[B] (+1) -0.604575163<x131>[B] (+1) -0.604575163<x132>[B] (+1) +0.604575163<x133>[B] (+0) +0.604575163<x134>[B] (+0) -0.604575163<x135>[B] (+0) +0.604575163<x136>[B] (+0) -0.604575163<x137>[B] (+1) +0.604575163<x138>[B] (+0) +0.604575163<x139>[B] (+0) -0.604575163<x140>[B] (+0) -0.604575163<x141>[B] (+0) -0.604575163<x142>[B] (+1) -0.604575163<x143>[B] (+0) -0.604575163<x144>[B] (+0) -0.604575163<x145>[B] (+1) -0.604575163<x146>[B] (+1) -0.604575163<x147>[B] (+1) +0.604575163<x148>[B] (+1) -0.604575163<x149>[B] (+1) +0.604575163<x150>[B] (+1) -0.604575163<x151>[B] (+1) -0.604575163<x152>[B] (+1) +0.604575163<x153>[B] (+0) >= 5.29084967320262;
;
violation: left hand side is violated by 0.0326797385620878
  [linear] <c1965>: <x181>[C] (+23.6045752) +0.552287582<x1>[B] (+0) -0.552287582<x2>[B] (+0) +0.552287582<x3>[B] (+0) +0.552287582<x4>[B] (+0) +0.552287582<x5>[B] (+1) -0.552287582<x6>[B] (+0) +0.552287582<x7>[B] (+0) +0.552287582<x8>[B] (+0) -0.552287582<x9>[B] (+1) -0.552287582<x10>[B] (+0) +0.552287582<x11>[B] (+0) +0.552287582<x12>[B] (+1) +0.552287582<x13>[B] (+0) +0.552287582<x14>[B] (+0) -0.552287582<x15>[B] (+1) -0.552287582<x16>[B] (+0) -0.552287582<x17>[B] (+0) -0.552287582<x18>[B] (+1) +0.552287582<x19>[B] (+1) +0.552287582<x20>[B] (+0) -0.552287582<x21>[B] (+1) -0.552287582<x22>[B] (+0) +0.552287582<x23>[B] (+0) +0.552287582<x24>[B] (+0) -0.552287582<x25>[B] (+1) -0.552287582<x26>[B] (+0) -0.552287582<x27>[B] (+1) +0.552287582<x28>[B] (+1) +0.552287582<x29>[B] (+0) -0.552287582<x30>[B] (+0) -0.552287582<x31>[B] (+1) -0.552287582<x32>[B] (+1) -0.552287582<x33>[B] (+0) +0.552287582<x34>[B] (+1) +0.552287582<x35>[B] (+0) +0.552287582<x36>[B] (+1) +0.552287582<x37>[B] (+0) +0.552287582<x38>[B] (+0) +0.552287582<x39>[B] (+0) +0.552287582<x40>[B] (+1) -0.552287582<x41>[B] (+0) +0.552287582<x42>[B] (+0) +0.552287582<x43>[B] (+1) +0.552287582<x44>[B] (+0) +0.552287582<x45>[B] (+0) +0.552287582<x46>[B] (+1) +0.552287582<x47>[B] (+1) -0.552287582<x48>[B] (+0) -0.552287582<x49>[B] (+0) -0.552287582<x50>[B] (+1) -0.552287582<x51>[B] (+0) -0.552287582<x52>[B] (+0) -0.552287582<x53>[B] (+0) -0.552287582<x54>[B] (+1) -0.552287582<x55>[B] (+0) -0.552287582<x56>[B] (+0) -0.552287582<x57>[B] (+1) -0.552287582<x58>[B] (+0) -0.552287582<x59>[B] (+0) -0.552287582<x60>[B] (+1) -0.552287582<x61>[B] (+1) -0.552287582<x62>[B] (+0) -0.552287582<x63>[B] (+1) -0.552287582<x64>[B] (+0) +0.552287582<x65>[B] (+0) -0.552287582<x66>[B] (+0) -0.552287582<x67>[B] (+1) -0.552287582<x68>[B] (+1) -0.552287582<x69>[B] (+1) -0.552287582<x70>[B] (+1) -0.552287582<x71>[B] (+1) -0.552287582<x72>[B] (+0) -0.552287582<x73>[B] (+1) -0.552287582<x74>[B] (+1) -0.552287582<x75>[B] (+0) -0.552287582<x76>[B] (+0) +0.552287582<x77>[B] (+0) +0.552287582<x78>[B] (+0) -0.552287582<x79>[B] (+1) -0.552287582<x80>[B] (+0) -0.552287582<x81>[B] (+0) +0.552287582<x82>[B] (+1) +0.552287582<x83>[B] (+0) +0.552287582<x84>[B] (+0) -0.552287582<x85>[B] (+1) -0.552287582<x86>[B] (+0) -0.552287582<x87>[B] (+0) +0.552287582<x88>[B] (+0) +0.552287582<x89>[B] (+0) +0.552287582<x90>[B] (+1) -0.552287582<x91>[B] (+1) +0.552287582<x92>[B] (+1) +0.552287582<x93>[B] (+1) +0.552287582<x94>[B] (+1) +0.552287582<x95>[B] (+1) -0.552287582<x96>[B] (+1) +0.552287582<x97>[B] (+1) -0.552287582<x98>[B] (+0) -0.552287582<x99>[B] (+0) -0.552287582<x100>[B] (+1) -0.552287582<x101>[B] (+1) -0.552287582<x102>[B] (+1) -0.552287582<x103>[B] (+1) -0.552287582<x104>[B] (+1) -0.552287582<x105>[B] (+1) -0.552287582<x106>[B] (+1) -0.552287582<x107>[B] (+1) -0.552287582<x108>[B] (+1) -0.552287582<x109>[B] (+1) -0.552287582<x110>[B] (+1) -0.552287582<x111>[B] (+1) +0.552287582<x112>[B] (+1) +0.552287582<x113>[B] (+1) -0.552287582<x114>[B] (+1) -0.552287582<x115>[B] (+1) -0.552287582<x116>[B] (+1) -0.552287582<x117>[B] (+1) -0.552287582<x118>[B] (+0) +0.552287582<x119>[B] (+0) +0.552287582<x120>[B] (+0) +0.552287582<x121>[B] (+0) +0.552287582<x122>[B] (+0) -0.552287582<x123>[B] (+1) +0.552287582<x124>[B] (+0) -0.552287582<x125>[B] (+0) +0.552287582<x126>[B] (+1) +0.552287582<x127>[B] (+1) +0.552287582<x128>[B] (+1) +0.552287582<x129>[B] (+0) +0.552287582<x130>[B] (+1) +0.552287582<x131>[B] (+1) -0.552287582<x132>[B] (+0) +0.552287582<x133>[B] (+1) +0.552287582<x134>[B] (+0) +0.552287582<x135>[B] (+0) -0.552287582<x136>[B] (+1) -0.552287582<x137>[B] (+1) -0.552287582<x138>[B] (+0) +0.552287582<x139>[B] (+0) -0.552287582<x140>[B] (+0) -0.552287582<x141>[B] (+1) -0.552287582<x142>[B] (+0) -0.552287582<x143>[B] (+0) -0.552287582<x144>[B] (+0) -0.552287582<x145>[B] (+1) -0.552287582<x146>[B] (+1) -0.552287582<x147>[B] (+0) -0.552287582<x148>[B] (+1) -0.552287582<x149>[B] (+1) -0.552287582<x150>[B] (+0) +0.552287582<x151>[B] (+0) -0.552287582<x152>[B] (+0) -0.552287582<x153>[B] (+0) >= 10.3562091503268;
;
violation: left hand side is violated by 0.00653594771242894
  [linear] <c1959>: <x168>[C] (+27.620915) +0.611111111<x1>[B] (+1) +0.611111111<x2>[B] (+1) +0.611111111<x3>[B] (+1) +0.611111111<x4>[B] (+0) +0.611111111<x5>[B] (+1) +0.611111111<x6>[B] (+0) +0.611111111<x7>[B] (+0) +0.611111111<x8>[B] (+0) +0.611111111<x9>[B] (+1) +0.611111111<x10>[B] (+0) +0.611111111<x11>[B] (+0) +0.611111111<x12>[B] (+1) +0.611111111<x13>[B] (+0) +0.611111111<x14>[B] (+0) +0.611111111<x15>[B] (+1) +0.611111111<x16>[B] (+1) +0.611111111<x17>[B] (+0) +0.611111111<x18>[B] (+1) -0.611111111<x19>[B] (+1) +0.611111111<x20>[B] (+0) +0.611111111<x21>[B] (+1) +0.611111111<x22>[B] (+0) +0.611111111<x23>[B] (+0) -0.611111111<x24>[B] (+0) -0.611111111<x25>[B] (+1) -0.611111111<x26>[B] (+0) -0.611111111<x27>[B] (+0) -0.611111111<x28>[B] (+1) -0.611111111<x29>[B] (+0) +0.611111111<x30>[B] (+0) +0.611111111<x31>[B] (+1) -0.611111111<x32>[B] (+1) -0.611111111<x33>[B] (+0) -0.611111111<x34>[B] (+1) -0.611111111<x35>[B] (+0) -0.611111111<x36>[B] (+1) +0.611111111<x37>[B] (+0) +0.611111111<x38>[B] (+0) -0.611111111<x39>[B] (+0) -0.611111111<x40>[B] (+1) -0.611111111<x41>[B] (+0) -0.611111111<x42>[B] (+0) -0.611111111<x43>[B] (+1) -0.611111111<x44>[B] (+0) +0.611111111<x45>[B] (+0) +0.611111111<x46>[B] (+0) -0.611111111<x47>[B] (+1) -0.611111111<x48>[B] (+0) +0.611111111<x49>[B] (+0) +0.611111111<x50>[B] (+0) +0.611111111<x51>[B] (+0) +0.611111111<x52>[B] (+0) -0.611111111<x53>[B] (+0) -0.611111111<x54>[B] (+1) -0.611111111<x55>[B] (+0) -0.611111111<x56>[B] (+0) -0.611111111<x57>[B] (+1) -0.611111111<x58>[B] (+0) +0.611111111<x59>[B] (+0) +0.611111111<x60>[B] (+0) -0.611111111<x61>[B] (+1) -0.611111111<x62>[B] (+0) -0.611111111<x63>[B] (+1) +0.611111111<x64>[B] (+1) +0.611111111<x65>[B] (+0) -0.611111111<x66>[B] (+1) -0.611111111<x67>[B] (+1) -0.611111111<x68>[B] (+1) -0.611111111<x69>[B] (+1) -0.611111111<x70>[B] (+1) -0.611111111<x71>[B] (+1) +0.611111111<x72>[B] (+1) +0.611111111<x73>[B] (+1) -0.611111111<x74>[B] (+1) -0.611111111<x75>[B] (+1) +0.611111111<x76>[B] (+0) +0.611111111<x77>[B] (+0) -0.611111111<x78>[B] (+0) -0.611111111<x79>[B] (+1) -0.611111111<x80>[B] (+0) -0.611111111<x81>[B] (+0) -0.611111111<x82>[B] (+1) -0.611111111<x83>[B] (+0) +0.611111111<x84>[B] (+0) +0.611111111<x85>[B] (+0) -0.611111111<x86>[B] (+1) -0.611111111<x87>[B] (+0) +0.611111111<x88>[B] (+0) -0.611111111<x89>[B] (+1) -0.611111111<x90>[B] (+1) -0.611111111<x91>[B] (+0) -0.611111111<x92>[B] (+1) -0.611111111<x93>[B] (+1) -0.611111111<x94>[B] (+1) +0.611111111<x95>[B] (+1) +0.611111111<x96>[B] (+1) -0.611111111<x97>[B] (+1) -0.611111111<x98>[B] (+1) -0.611111111<x99>[B] (+1) -0.611111111<x100>[B] (+1) -0.611111111<x101>[B] (+1) -0.611111111<x102>[B] (+1) -0.611111111<x103>[B] (+1) -0.611111111<x104>[B] (+1) +0.611111111<x105>[B] (+1) +0.611111111<x106>[B] (+1) -0.611111111<x107>[B] (+1) -0.611111111<x108>[B] (+1) -0.611111111<x109>[B] (+1) +0.611111111<x110>[B] (+0) +0.611111111<x111>[B] (+1) +0.611111111<x112>[B] (+1) +0.611111111<x113>[B] (+1) +0.611111111<x114>[B] (+1) +0.611111111<x115>[B] (+1) +0.611111111<x116>[B] (+1) +0.611111111<x117>[B] (+0) +0.611111111<x118>[B] (+0) +0.611111111<x119>[B] (+0) +0.611111111<x120>[B] (+0) +0.611111111<x121>[B] (+0) +0.611111111<x122>[B] (+0) +0.611111111<x123>[B] (+0) +0.611111111<x124>[B] (+1) +0.611111111<x125>[B] (+0) -0.611111111<x126>[B] (+1) -0.611111111<x127>[B] (+1) -0.611111111<x128>[B] (+1) +0.611111111<x129>[B] (+1) +0.611111111<x130>[B] (+1) -0.611111111<x131>[B] (+1) +0.611111111<x132>[B] (+1) +0.611111111<x133>[B] (+1) -0.611111111<x134>[B] (+0) +0.611111111<x135>[B] (+0) +0.611111111<x136>[B] (+1) +0.611111111<x137>[B] (+1) +0.611111111<x138>[B] (+0) -0.611111111<x139>[B] (+0) +0.611111111<x140>[B] (+0) +0.611111111<x141>[B] (+0) +0.611111111<x142>[B] (+1) +0.611111111<x143>[B] (+0) +0.611111111<x144>[B] (+1) +0.611111111<x145>[B] (+1) +0.611111111<x146>[B] (+1) +0.611111111<x147>[B] (+0) -0.611111111<x148>[B] (+1) -0.611111111<x149>[B] (+1) -0.611111111<x150>[B] (+0) -0.611111111<x151>[B] (+1) -0.611111111<x152>[B] (+0) +0.611111111<x153>[B] (+0) >= 20.3202614379085;
;
violation: left hand side is violated by 0.0326797385620878
  [linear] <c1963>: <x176>[C] (+12.1405229) +0.388888889<x1>[B] (+1) +0.388888889<x2>[B] (+1) +0.388888889<x3>[B] (+1) +0.388888889<x4>[B] (+0) +0.388888889<x5>[B] (+1) -0.388888889<x6>[B] (+0) +0.388888889<x7>[B] (+0) +0.388888889<x8>[B] (+0) +0.388888889<x9>[B] (+1) +0.388888889<x10>[B] (+0) +0.388888889<x11>[B] (+0) +0.388888889<x12>[B] (+1) +0.388888889<x13>[B] (+0) +0.388888889<x14>[B] (+1) +0.388888889<x15>[B] (+1) +0.388888889<x16>[B] (+1) +0.388888889<x17>[B] (+0) -0.388888889<x18>[B] (+1) -0.388888889<x19>[B] (+1) -0.388888889<x20>[B] (+0) +0.388888889<x21>[B] (+1) -0.388888889<x22>[B] (+0) -0.388888889<x23>[B] (+0) -0.388888889<x24>[B] (+0) +0.388888889<x25>[B] (+1) -0.388888889<x26>[B] (+0) -0.388888889<x27>[B] (+0) -0.388888889<x28>[B] (+1) -0.388888889<x29>[B] (+0) -0.388888889<x30>[B] (+0) -0.388888889<x31>[B] (+1) -0.388888889<x32>[B] (+1) -0.388888889<x33>[B] (+0) +0.388888889<x34>[B] (+1) +0.388888889<x35>[B] (+0) +0.388888889<x36>[B] (+1) -0.388888889<x37>[B] (+0) +0.388888889<x38>[B] (+0) +0.388888889<x39>[B] (+0) +0.388888889<x40>[B] (+1) +0.388888889<x41>[B] (+0) +0.388888889<x42>[B] (+0) +0.388888889<x43>[B] (+1) +0.388888889<x44>[B] (+0) +0.388888889<x45>[B] (+0) +0.388888889<x46>[B] (+0) +0.388888889<x47>[B] (+1) +0.388888889<x48>[B] (+0) -0.388888889<x49>[B] (+0) +0.388888889<x50>[B] (+0) -0.388888889<x51>[B] (+0) -0.388888889<x52>[B] (+0) -0.388888889<x53>[B] (+0) +0.388888889<x54>[B] (+1) -0.388888889<x55>[B] (+0) -0.388888889<x56>[B] (+0) -0.388888889<x57>[B] (+1) -0.388888889<x58>[B] (+0) -0.388888889<x59>[B] (+0) +0.388888889<x60>[B] (+0) +0.388888889<x61>[B] (+1) -0.388888889<x62>[B] (+0) +0.388888889<x63>[B] (+1) -0.388888889<x64>[B] (+1) +0.388888889<x65>[B] (+0) +0.388888889<x66>[B] (+1) +0.388888889<x67>[B] (+1) +0.388888889<x68>[B] (+0) +0.388888889<x69>[B] (+1) -0.388888889<x70>[B] (+1) +0.388888889<x71>[B] (+1) -0.388888889<x72>[B] (+1) +0.388888889<x73>[B] (+1) +0.388888889<x74>[B] (+1) +0.388888889<x75>[B] (+1) -0.388888889<x76>[B] (+0) -0.388888889<x77>[B] (+0) -0.388888889<x78>[B] (+0) +0.388888889<x79>[B] (+1) -0.388888889<x80>[B] (+0) -0.388888889<x81>[B] (+0) -0.388888889<x82>[B] (+1) -0.388888889<x83>[B] (+0) -0.388888889<x84>[B] (+0) -0.388888889<x85>[B] (+0) -0.388888889<x86>[B] (+1) -0.388888889<x87>[B] (+0) +0.388888889<x88>[B] (+0) +0.388888889<x89>[B] (+1) +0.388888889<x90>[B] (+1) +0.388888889<x91>[B] (+0) +0.388888889<x92>[B] (+1) +0.388888889<x93>[B] (+1) +0.388888889<x94>[B] (+1) +0.388888889<x95>[B] (+1) +0.388888889<x96>[B] (+1) +0.388888889<x97>[B] (+1) +0.388888889<x98>[B] (+0) -0.388888889<x99>[B] (+1) +0.388888889<x100>[B] (+1) +0.388888889<x101>[B] (+0) -0.388888889<x102>[B] (+1) -0.388888889<x103>[B] (+1) -0.388888889<x104>[B] (+1) -0.388888889<x105>[B] (+1) +0.388888889<x106>[B] (+1) +0.388888889<x107>[B] (+1) +0.388888889<x108>[B] (+1) +0.388888889<x109>[B] (+1) +0.388888889<x110>[B] (+0) -0.388888889<x111>[B] (+1) -0.388888889<x112>[B] (+1) -0.388888889<x113>[B] (+1) -0.388888889<x114>[B] (+1) +0.388888889<x115>[B] (+1) +0.388888889<x116>[B] (+1) +0.388888889<x117>[B] (+0) -0.388888889<x118>[B] (+0) -0.388888889<x119>[B] (+0) -0.388888889<x120>[B] (+0) -0.388888889<x121>[B] (+0) -0.388888889<x122>[B] (+0) -0.388888889<x123>[B] (+0) -0.388888889<x124>[B] (+1) -0.388888889<x125>[B] (+0) -0.388888889<x126>[B] (+1) -0.388888889<x127>[B] (+1) -0.388888889<x128>[B] (+1) -0.388888889<x129>[B] (+1) +0.388888889<x130>[B] (+1) +0.388888889<x131>[B] (+1) -0.388888889<x132>[B] (+1) -0.388888889<x133>[B] (+1) -0.388888889<x134>[B] (+0) -0.388888889<x135>[B] (+1) +0.388888889<x136>[B] (+1) +0.388888889<x137>[B] (+1) +0.388888889<x138>[B] (+0) +0.388888889<x139>[B] (+0) -0.388888889<x140>[B] (+0) +0.388888889<x141>[B] (+0) +0.388888889<x142>[B] (+1) +0.388888889<x143>[B] (+0) -0.388888889<x144>[B] (+1) +0.388888889<x145>[B] (+1) +0.388888889<x146>[B] (+1) +0.388888889<x147>[B] (+0) +0.388888889<x148>[B] (+1) +0.388888889<x149>[B] (+1) +0.388888889<x150>[B] (+0) +0.388888889<x151>[B] (+1) -0.388888889<x152>[B] (+0) -0.388888889<x153>[B] (+0) >= 21.0980392156863;
;
violation: left hand side is violated by 0.0130718954248259
  [linear] <c1962>: <x175>[C] (+30.6830065) -0.64379085<x1>[B] (+1) -0.64379085<x2>[B] (+1) +0.64379085<x3>[B] (+1) +0.64379085<x4>[B] (+0) -0.64379085<x5>[B] (+1) +0.64379085<x6>[B] (+0) +0.64379085<x7>[B] (+0) +0.64379085<x8>[B] (+0) +0.64379085<x9>[B] (+1) +0.64379085<x10>[B] (+0) -0.64379085<x11>[B] (+0) +0.64379085<x12>[B] (+1) +0.64379085<x13>[B] (+0) +0.64379085<x14>[B] (+0) +0.64379085<x15>[B] (+1) +0.64379085<x16>[B] (+1) +0.64379085<x17>[B] (+0) -0.64379085<x18>[B] (+1) +0.64379085<x19>[B] (+1) +0.64379085<x20>[B] (+0) +0.64379085<x21>[B] (+1) +0.64379085<x22>[B] (+0) +0.64379085<x23>[B] (+0) +0.64379085<x24>[B] (+0) +0.64379085<x25>[B] (+1) +0.64379085<x26>[B] (+0) -0.64379085<x27>[B] (+0) +0.64379085<x28>[B] (+1) +0.64379085<x29>[B] (+0) +0.64379085<x30>[B] (+0) +0.64379085<x31>[B] (+1) +0.64379085<x32>[B] (+1) +0.64379085<x33>[B] (+0) +0.64379085<x34>[B] (+1) +0.64379085<x35>[B] (+0) +0.64379085<x36>[B] (+1) +0.64379085<x37>[B] (+0) +0.64379085<x38>[B] (+0) +0.64379085<x39>[B] (+0) +0.64379085<x40>[B] (+1) +0.64379085<x41>[B] (+0) +0.64379085<x42>[B] (+0) +0.64379085<x43>[B] (+1) +0.64379085<x44>[B] (+0) +0.64379085<x45>[B] (+0) +0.64379085<x46>[B] (+0) +0.64379085<x47>[B] (+1) +0.64379085<x48>[B] (+0) -0.64379085<x49>[B] (+0) -0.64379085<x50>[B] (+0) -0.64379085<x51>[B] (+0) +0.64379085<x52>[B] (+0) -0.64379085<x53>[B] (+0) -0.64379085<x54>[B] (+1) -0.64379085<x55>[B] (+0) -0.64379085<x56>[B] (+0) -0.64379085<x57>[B] (+1) +0.64379085<x58>[B] (+0) +0.64379085<x59>[B] (+0) -0.64379085<x60>[B] (+0) -0.64379085<x61>[B] (+1) +0.64379085<x62>[B] (+0) -0.64379085<x63>[B] (+1) +0.64379085<x64>[B] (+1) +0.64379085<x65>[B] (+0) +0.64379085<x66>[B] (+1) -0.64379085<x67>[B] (+1) +0.64379085<x68>[B] (+1) -0.64379085<x69>[B] (+1) +0.64379085<x70>[B] (+1) +0.64379085<x71>[B] (+1) +0.64379085<x72>[B] (+1) -0.64379085<x73>[B] (+1) +0.64379085<x74>[B] (+1) +0.64379085<x75>[B] (+1) +0.64379085<x76>[B] (+0) +0.64379085<x77>[B] (+0) +0.64379085<x78>[B] (+0) +0.64379085<x79>[B] (+1) +0.64379085<x80>[B] (+0) -0.64379085<x81>[B] (+0) +0.64379085<x82>[B] (+1) +0.64379085<x83>[B] (+0) +0.64379085<x84>[B] (+0) +0.64379085<x85>[B] (+0) +0.64379085<x86>[B] (+1) +0.64379085<x87>[B] (+0) +0.64379085<x88>[B] (+0) +0.64379085<x89>[B] (+1) -0.64379085<x90>[B] (+1) +0.64379085<x91>[B] (+0) -0.64379085<x92>[B] (+1) +0.64379085<x93>[B] (+1) +0.64379085<x94>[B] (+1) +0.64379085<x95>[B] (+0) -0.64379085<x96>[B] (+1) +0.64379085<x97>[B] (+1) +0.64379085<x98>[B] (+1) -0.64379085<x99>[B] (+1) -0.64379085<x100>[B] (+1) -0.64379085<x101>[B] (+1) -0.64379085<x102>[B] (+1) -0.64379085<x103>[B] (+1) +0.64379085<x104>[B] (+1) +0.64379085<x105>[B] (+1) -0.64379085<x106>[B] (+1) -0.64379085<x107>[B] (+1) -0.64379085<x108>[B] (+1) -0.64379085<x109>[B] (+1) +0.64379085<x110>[B] (+0) -0.64379085<x111>[B] (+1) -0.64379085<x112>[B] (+1) +0.64379085<x113>[B] (+0) +0.64379085<x114>[B] (+0) -0.64379085<x115>[B] (+1) -0.64379085<x116>[B] (+1) +0.64379085<x117>[B] (+0) +0.64379085<x118>[B] (+0) -0.64379085<x119>[B] (+0) +0.64379085<x120>[B] (+0) +0.64379085<x121>[B] (+0) +0.64379085<x122>[B] (+0) -0.64379085<x123>[B] (+0) +0.64379085<x124>[B] (+1) +0.64379085<x125>[B] (+0) -0.64379085<x126>[B] (+1) -0.64379085<x127>[B] (+1) +0.64379085<x128>[B] (+1) +0.64379085<x129>[B] (+1) -0.64379085<x130>[B] (+1) -0.64379085<x131>[B] (+1) +0.64379085<x132>[B] (+1) +0.64379085<x133>[B] (+1) +0.64379085<x134>[B] (+0) +0.64379085<x135>[B] (+0) +0.64379085<x136>[B] (+1) +0.64379085<x137>[B] (+1) +0.64379085<x138>[B] (+0) +0.64379085<x139>[B] (+0) +0.64379085<x140>[B] (+0) -0.64379085<x141>[B] (+0) -0.64379085<x142>[B] (+1) +0.64379085<x143>[B] (+0) -0.64379085<x144>[B] (+0) -0.64379085<x145>[B] (+1) -0.64379085<x146>[B] (+1) -0.64379085<x147>[B] (+1) -0.64379085<x148>[B] (+1) -0.64379085<x149>[B] (+1) -0.64379085<x150>[B] (+1) +0.64379085<x151>[B] (+1) +0.64379085<x152>[B] (+0) +0.64379085<x153>[B] (+0) >= 33.3169934640523;
;
violation: left hand side is violated by 0.0588235294117325
  [linear] <c1966>: <x182>[C] (+18.869281) +0.493464052<x1>[B] (+1) +0.493464052<x2>[B] (+1) -0.493464052<x3>[B] (+1) +0.493464052<x4>[B] (+0) +0.493464052<x5>[B] (+1) +0.493464052<x6>[B] (+0) +0.493464052<x7>[B] (+0) -0.493464052<x8>[B] (+0) +0.493464052<x9>[B] (+1) -0.493464052<x10>[B] (+0) +0.493464052<x11>[B] (+0) +0.493464052<x12>[B] (+1) +0.493464052<x13>[B] (+0) +0.493464052<x14>[B] (+0) -0.493464052<x15>[B] (+1) -0.493464052<x16>[B] (+1) -0.493464052<x17>[B] (+0) -0.493464052<x18>[B] (+1) -0.493464052<x19>[B] (+1) -0.493464052<x20>[B] (+0) +0.493464052<x21>[B] (+1) -0.493464052<x22>[B] (+0) -0.493464052<x23>[B] (+0) -0.493464052<x24>[B] (+0) -0.493464052<x25>[B] (+1) -0.493464052<x26>[B] (+0) -0.493464052<x27>[B] (+0) +0.493464052<x28>[B] (+1) +0.493464052<x29>[B] (+0) +0.493464052<x30>[B] (+0) -0.493464052<x31>[B] (+1) -0.493464052<x32>[B] (+1) -0.493464052<x33>[B] (+0) -0.493464052<x34>[B] (+1) +0.493464052<x35>[B] (+0) +0.493464052<x36>[B] (+1) -0.493464052<x37>[B] (+0) -0.493464052<x38>[B] (+0) -0.493464052<x39>[B] (+0) -0.493464052<x40>[B] (+1) -0.493464052<x41>[B] (+0) -0.493464052<x42>[B] (+0) +0.493464052<x43>[B] (+1) +0.493464052<x44>[B] (+0) +0.493464052<x45>[B] (+0) -0.493464052<x46>[B] (+0) -0.493464052<x47>[B] (+1) -0.493464052<x48>[B] (+0) +0.493464052<x49>[B] (+0) +0.493464052<x50>[B] (+0) +0.493464052<x51>[B] (+0) +0.493464052<x52>[B] (+0) -0.493464052<x53>[B] (+0) +0.493464052<x54>[B] (+1) +0.493464052<x55>[B] (+0) +0.493464052<x56>[B] (+0) +0.493464052<x57>[B] (+1) +0.493464052<x58>[B] (+0) +0.493464052<x59>[B] (+0) -0.493464052<x60>[B] (+0) +0.493464052<x61>[B] (+1) -0.493464052<x62>[B] (+0) +0.493464052<x63>[B] (+1) -0.493464052<x64>[B] (+1) -0.493464052<x65>[B] (+0) -0.493464052<x66>[B] (+1) -0.493464052<x67>[B] (+1) -0.493464052<x68>[B] (+0) -0.493464052<x69>[B] (+1) +0.493464052<x70>[B] (+1) +0.493464052<x71>[B] (+1) +0.493464052<x72>[B] (+1) -0.493464052<x73>[B] (+1) -0.493464052<x74>[B] (+1) -0.493464052<x75>[B] (+1) -0.493464052<x76>[B] (+0) -0.493464052<x77>[B] (+0) -0.493464052<x78>[B] (+0) -0.493464052<x79>[B] (+1) -0.493464052<x80>[B] (+0) -0.493464052<x81>[B] (+0) -0.493464052<x82>[B] (+1) -0.493464052<x83>[B] (+0) -0.493464052<x84>[B] (+0) -0.493464052<x85>[B] (+0) -0.493464052<x86>[B] (+1) -0.493464052<x87>[B] (+0) +0.493464052<x88>[B] (+0) -0.493464052<x89>[B] (+1) -0.493464052<x90>[B] (+1) -0.493464052<x91>[B] (+0) -0.493464052<x92>[B] (+1) +0.493464052<x93>[B] (+1) +0.493464052<x94>[B] (+1) +0.493464052<x95>[B] (+1) -0.493464052<x96>[B] (+1) -0.493464052<x97>[B] (+1) -0.493464052<x98>[B] (+1) -0.493464052<x99>[B] (+1) -0.493464052<x100>[B] (+1) -0.493464052<x101>[B] (+0) -0.493464052<x102>[B] (+1) +0.493464052<x103>[B] (+1) +0.493464052<x104>[B] (+1) +0.493464052<x105>[B] (+1) -0.493464052<x106>[B] (+1) -0.493464052<x107>[B] (+1) -0.493464052<x108>[B] (+1) +0.493464052<x109>[B] (+1) +0.493464052<x110>[B] (+0) +0.493464052<x111>[B] (+1) +0.493464052<x112>[B] (+1) +0.493464052<x113>[B] (+0) +0.493464052<x114>[B] (+1) +0.493464052<x115>[B] (+1) +0.493464052<x116>[B] (+1) +0.493464052<x117>[B] (+0) -0.493464052<x118>[B] (+0) +0.493464052<x119>[B] (+0) +0.493464052<x120>[B] (+0) +0.493464052<x121>[B] (+0) +0.493464052<x122>[B] (+0) -0.493464052<x123>[B] (+0) -0.493464052<x124>[B] (+1) -0.493464052<x125>[B] (+0) +0.493464052<x126>[B] (+1) +0.493464052<x127>[B] (+1) +0.493464052<x128>[B] (+1) +0.493464052<x129>[B] (+1) -0.493464052<x130>[B] (+1) -0.493464052<x131>[B] (+1) -0.493464052<x132>[B] (+1) +0.493464052<x133>[B] (+1) +0.493464052<x134>[B] (+0) +0.493464052<x135>[B] (+0) -0.493464052<x136>[B] (+1) -0.493464052<x137>[B] (+1) -0.493464052<x138>[B] (+0) -0.493464052<x139>[B] (+0) -0.493464052<x140>[B] (+0) -0.493464052<x141>[B] (+0) -0.493464052<x142>[B] (+1) -0.493464052<x143>[B] (+0) -0.493464052<x144>[B] (+1) -0.493464052<x145>[B] (+1) -0.493464052<x146>[B] (+1) -0.493464052<x147>[B] (+1) -0.493464052<x148>[B] (+1) -0.493464052<x149>[B] (+1) -0.493464052<x150>[B] (+0) +0.493464052<x151>[B] (+1) +0.493464052<x152>[B] (+0) -0.493464052<x153>[B] (+0) >= 12.9542483660131;
;
violation: left hand side is violated by 0.00653594771241472
  [linear] <c1959>: <x168>[C] (+28.245098) +0.611111111<x1>[B] (+0) +0.611111111<x2>[B] (+1) +0.611111111<x3>[B] (+1) +0.611111111<x4>[B] (+0) +0.611111111<x5>[B] (+1) +0.611111111<x6>[B] (+0) +0.611111111<x7>[B] (+0) +0.611111111<x8>[B] (+0) +0.611111111<x9>[B] (+1) +0.611111111<x10>[B] (+0) +0.611111111<x11>[B] (+0) +0.611111111<x12>[B] (+1) +0.611111111<x13>[B] (+0) +0.611111111<x14>[B] (+0) +0.611111111<x15>[B] (+1) +0.611111111<x16>[B] (+1) +0.611111111<x17>[B] (+0) +0.611111111<x18>[B] (+1) -0.611111111<x19>[B] (+1) +0.611111111<x20>[B] (+0) +0.611111111<x21>[B] (+1) +0.611111111<x22>[B] (+0) +0.611111111<x23>[B] (+0) -0.611111111<x24>[B] (+0) -0.611111111<x25>[B] (+1) -0.611111111<x26>[B] (+0) -0.611111111<x27>[B] (+1) -0.611111111<x28>[B] (+1) -0.611111111<x29>[B] (+0) +0.611111111<x30>[B] (+0) +0.611111111<x31>[B] (+1) -0.611111111<x32>[B] (+1) -0.611111111<x33>[B] (+0) -0.611111111<x34>[B] (+1) -0.611111111<x35>[B] (+0) -0.611111111<x36>[B] (+1) +0.611111111<x37>[B] (+0) +0.611111111<x38>[B] (+0) -0.611111111<x39>[B] (+0) -0.611111111<x40>[B] (+1) -0.611111111<x41>[B] (+0) -0.611111111<x42>[B] (+0) -0.611111111<x43>[B] (+1) -0.611111111<x44>[B] (+0) +0.611111111<x45>[B] (+0) +0.611111111<x46>[B] (+0) -0.611111111<x47>[B] (+1) -0.611111111<x48>[B] (+0) +0.611111111<x49>[B] (+0) +0.611111111<x50>[B] (+0) +0.611111111<x51>[B] (+0) +0.611111111<x52>[B] (+0) -0.611111111<x53>[B] (+0) -0.611111111<x54>[B] (+1) -0.611111111<x55>[B] (+0) -0.611111111<x56>[B] (+0) -0.611111111<x57>[B] (+1) -0.611111111<x58>[B] (+0) +0.611111111<x59>[B] (+0) +0.611111111<x60>[B] (+0) -0.611111111<x61>[B] (+1) -0.611111111<x62>[B] (+0) -0.611111111<x63>[B] (+1) +0.611111111<x64>[B] (+1) +0.611111111<x65>[B] (+0) -0.611111111<x66>[B] (+1) -0.611111111<x67>[B] (+1) -0.611111111<x68>[B] (+1) -0.611111111<x69>[B] (+1) -0.611111111<x70>[B] (+1) -0.611111111<x71>[B] (+1) +0.611111111<x72>[B] (+1) +0.611111111<x73>[B] (+1) -0.611111111<x74>[B] (+1) -0.611111111<x75>[B] (+1) +0.611111111<x76>[B] (+0) +0.611111111<x77>[B] (+0) -0.611111111<x78>[B] (+0) -0.611111111<x79>[B] (+1) -0.611111111<x80>[B] (+0) -0.611111111<x81>[B] (+0) -0.611111111<x82>[B] (+1) -0.611111111<x83>[B] (+0) +0.611111111<x84>[B] (+0) +0.611111111<x85>[B] (+0) -0.611111111<x86>[B] (+1) -0.611111111<x87>[B] (+0) +0.611111111<x88>[B] (+0) -0.611111111<x89>[B] (+1) -0.611111111<x90>[B] (+1) -0.611111111<x91>[B] (+0) -0.611111111<x92>[B] (+1) -0.611111111<x93>[B] (+1) -0.611111111<x94>[B] (+0) +0.611111111<x95>[B] (+1) +0.611111111<x96>[B] (+1) -0.611111111<x97>[B] (+1) -0.611111111<x98>[B] (+0) -0.611111111<x99>[B] (+1) -0.611111111<x100>[B] (+1) -0.611111111<x101>[B] (+1) -0.611111111<x102>[B] (+1) -0.611111111<x103>[B] (+1) -0.611111111<x104>[B] (+1) +0.611111111<x105>[B] (+1) +0.611111111<x106>[B] (+1) -0.611111111<x107>[B] (+1) -0.611111111<x108>[B] (+1) -0.611111111<x109>[B] (+1) +0.611111111<x110>[B] (+0) +0.611111111<x111>[B] (+1) +0.611111111<x112>[B] (+1) +0.611111111<x113>[B] (+0) +0.611111111<x114>[B] (+0) +0.611111111<x115>[B] (+1) +0.611111111<x116>[B] (+1) +0.611111111<x117>[B] (+0) +0.611111111<x118>[B] (+0) +0.611111111<x119>[B] (+0) +0.611111111<x120>[B] (+0) +0.611111111<x121>[B] (+0) +0.611111111<x122>[B] (+0) +0.611111111<x123>[B] (+0) +0.611111111<x124>[B] (+1) +0.611111111<x125>[B] (+0) -0.611111111<x126>[B] (+1) -0.611111111<x127>[B] (+1) -0.611111111<x128>[B] (+1) +0.611111111<x129>[B] (+1) +0.611111111<x130>[B] (+1) -0.611111111<x131>[B] (+1) +0.611111111<x132>[B] (+1) +0.611111111<x133>[B] (+1) -0.611111111<x134>[B] (+0) +0.611111111<x135>[B] (+0) +0.611111111<x136>[B] (+1) +0.611111111<x137>[B] (+1) +0.611111111<x138>[B] (+0) -0.611111111<x139>[B] (+0) +0.611111111<x140>[B] (+0) +0.611111111<x141>[B] (+0) +0.611111111<x142>[B] (+1) +0.611111111<x143>[B] (+0) +0.611111111<x144>[B] (+1) +0.611111111<x145>[B] (+1) +0.611111111<x146>[B] (+1) +0.611111111<x147>[B] (+1) -0.611111111<x148>[B] (+1) -0.611111111<x149>[B] (+1) -0.611111111<x150>[B] (+0) -0.611111111<x151>[B] (+1) -0.611111111<x152>[B] (+0) +0.611111111<x153>[B] (+0) >= 20.3202614379085;
;
violation: left hand side is violated by 0.0196078431372513
all 10 solutions given by solution candidate storage are infeasible

feasible solution found by trivial heuristic after 0.0 seconds, objective value -9.000008e+06
presolving:
   (0.0s) symmetry computation started: requiring (bin +, int +, cont +), (fixed: bin -, int -, cont -)
   (0.0s) no symmetry present (symcode time: 0.00)
presolving (0 rounds: 0 fast, 0 medium, 0 exhaustive):
 0 deleted vars, 0 deleted constraints, 0 added constraints, 0 tightened bounds, 0 added holes, 0 changed sides, 0 changed coefficients
 0 implications, 0 cliques, 0 implied integral variables (0 bin, 0 int, 0 cont)
presolved problem has 243 variables (153 bin, 0 int, 90 cont) and 2012 constraints
   2012 constraints of type <linear>
Presolving Time: 0.02
transformed 1/1 original solutions to the transformed problem space

 time | node  | left  |LP iter|LP it/n|mem/heur|mdpt |vars |cons |rows |cuts |sepa|confs|strbr|  dualbound   | primalbound  |  gap   | compl. 
p 0.1s|     1 |     0 |    45 |     - |   locks|   0 | 243 |2012 |2012 |   0 |  0 |   0 |   0 | 5.000000e+02 |-1.863160e+03 |    Inf | unknown
  0.2s|     1 |     0 |  1088 |     - |    99M |   0 | 243 |2012 |2012 |   0 |  0 |   0 |   0 |-1.544525e+03 |-1.863160e+03 |  20.63%| unknown
r 0.2s|     1 |     0 |  1088 |     - |shifting|   0 | 243 |2012 |2012 |   0 |  0 |   0 |   0 |-1.544525e+03 |-1.778587e+03 |  15.15%| unknown
  0.3s|     1 |     0 |  1121 |     - |   100M |   0 | 243 |2012 |2013 |   1 |  1 |   0 |   0 |-1.544592e+03 |-1.778587e+03 |  15.15%| unknown
  0.4s|     1 |     0 |  1176 |     - |   100M |   0 | 243 |2012 |2015 |   3 |  2 |   0 |   0 |-1.544683e+03 |-1.778587e+03 |  15.14%| unknown
  0.6s|     1 |     0 |  1251 |     - |   100M |   0 | 243 |2012 |2018 |   6 |  3 |   0 |   0 |-1.544818e+03 |-1.778587e+03 |  15.13%| unknown
r 0.6s|     1 |     0 |  1251 |     - |shifting|   0 | 243 |2013 |2018 |   6 |  3 |   1 |   0 |-1.544818e+03 |-1.706996e+03 |  10.50%| unknown
  0.7s|     1 |     0 |  1306 |     - |   100M |   0 | 243 |2013 |2022 |  10 |  4 |   1 |   0 |-1.544852e+03 |-1.706996e+03 |  10.50%| unknown
  0.7s|     1 |     0 |  1306 |     - |   100M |   0 | 243 |2013 |2022 |  10 |  4 |   1 |   0 |-1.544852e+03 |-1.706996e+03 |  10.50%| unknown
  0.9s|     1 |     0 |  1340 |     - |   101M |   0 | 243 |2013 |2023 |  11 |  5 |   1 |   0 |-1.544867e+03 |-1.706996e+03 |  10.49%| unknown
  1.1s|     1 |     0 |  1406 |     - |   101M |   0 | 243 |2013 |2024 |  12 |  6 |   1 |   0 |-1.544911e+03 |-1.706996e+03 |  10.49%| unknown
  1.3s|     1 |     0 |  1430 |     - |   101M |   0 | 243 |2013 |2027 |  15 |  7 |   1 |   0 |-1.544925e+03 |-1.706996e+03 |  10.49%| unknown
  1.5s|     1 |     0 |  1480 |     - |   101M |   0 | 243 |2013 |2029 |  17 |  8 |   1 |   0 |-1.544996e+03 |-1.706996e+03 |  10.49%| unknown
  1.7s|     1 |     0 |  1546 |     - |   101M |   0 | 243 |2013 |2031 |  19 |  9 |   1 |   0 |-1.545061e+03 |-1.706996e+03 |  10.48%| unknown
  1.8s|     1 |     0 |  1573 |     - |   102M |   0 | 243 |2013 |2033 |  21 | 10 |   1 |   0 |-1.545070e+03 |-1.706996e+03 |  10.48%| unknown
 time | node  | left  |LP iter|LP it/n|mem/heur|mdpt |vars |cons |rows |cuts |sepa|confs|strbr|  dualbound   | primalbound  |  gap   | compl. 
  1.9s|     1 |     0 |  1586 |     - |   102M |   0 | 243 |2013 |2036 |  24 | 11 |   1 |   0 |-1.545074e+03 |-1.706996e+03 |  10.48%| unknown
r 1.9s|     1 |     0 |  1586 |     - |shifting|   0 | 243 |2013 |2036 |  24 | 11 |   1 |   0 |-1.545074e+03 |-1.702004e+03 |  10.16%| unknown
r 1.9s|     1 |     0 |  1739 |     - |intshift|   0 | 243 |2013 |2036 |  24 | 11 |   1 |   0 |-1.545074e+03 |-1.578539e+03 |   2.17%| unknown
d 2.0s|     1 |     0 |  2778 |     - |farkasdi|   0 | 243 |2013 |2036 |   0 | 11 |   1 |   0 |-1.545074e+03 |-1.558624e+03 |   0.88%| unknown
L 2.8s|     1 |     0 |  3055 |     - |    rens|   0 | 243 |2015 |2036 |  24 | 11 |   3 |   0 |-1.545074e+03 |-1.551761e+03 |   0.43%| unknown
  2.8s|     1 |     0 |  3055 |     - |   102M |   0 | 243 |2015 |2036 |  24 | 11 |   3 |   0 |-1.545074e+03 |-1.551761e+03 |   0.43%| unknown
  2.8s|     1 |     0 |  3055 |     - |   102M |   0 | 243 |2015 |1972 |  24 | 11 |   3 |   0 |-1.545074e+03 |-1.551761e+03 |   0.43%| unknown
  2.8s|     1 |     0 |  3092 |     - |   102M |   0 | 243 |2015 |1974 |  26 | 12 |   3 |   0 |-1.545087e+03 |-1.551761e+03 |   0.43%| unknown
  2.8s|     1 |     0 |  3123 |     - |   102M |   0 | 243 |2016 |1976 |  28 | 13 |   4 |   0 |-1.545097e+03 |-1.551761e+03 |   0.43%| unknown
  3.9s|     1 |     2 |  3123 |     - |   102M |   0 | 243 |1952 |1976 |  28 | 13 |   4 |  30 |-1.546624e+03 |-1.551761e+03 |   0.33%| unknown
(run 1, node 1) restarting after 4 global fixings of integer variables

(restart) converted 28 cuts from the global cut pool into linear constraints

presolving:
presolving (0 rounds: 0 fast, 0 medium, 0 exhaustive):
 0 deleted vars, 0 deleted constraints, 0 added constraints, 0 tightened bounds, 0 added holes, 0 changed sides, 0 changed coefficients
 0 implications, 0 cliques, 0 implied integral variables (0 bin, 0 int, 0 cont)
presolved problem has 243 variables (153 bin, 0 int, 90 cont) and 1980 constraints
   1976 constraints of type <linear>
      4 constraints of type <logicor>
Presolving Time: 0.03
transformed 17/21 original solutions to the transformed problem space

 time | node  | left  |LP iter|LP it/n|mem/heur|mdpt |vars |cons |rows |cuts |sepa|confs|strbr|  dualbound   | primalbound  |  gap   | compl. 
  4.0s|     1 |     0 |  4323 |     - |   102M |   0 | 243 |1980 |1976 |   0 |  0 |   4 |  30 |-1.546624e+03 |-1.551761e+03 |   0.33%| unknown
  4.2s|     1 |     0 |  4373 |     - |   103M |   0 | 243 |1981 |1977 |   1 |  1 |   5 |  30 |-1.546624e+03 |-1.551761e+03 |   0.33%| unknown
  4.4s|     1 |     0 |  4414 |     - |   103M |   0 | 243 |1982 |1980 |   4 |  2 |   6 |  30 |-1.546624e+03 |-1.551761e+03 |   0.33%| unknown
  4.6s|     1 |     0 |  4452 |     - |   103M |   0 | 243 |1982 |1983 |   7 |  3 |   6 |  30 |-1.546624e+03 |-1.551761e+03 |   0.33%| unknown
  4.8s|     1 |     0 |  4488 |     - |   103M |   0 | 243 |1982 |1985 |   9 |  4 |   6 |  30 |-1.546624e+03 |-1.551761e+03 |   0.33%| unknown
  5.0s|     1 |     0 |  4539 |     - |   103M |   0 | 243 |1983 |1986 |  10 |  5 |   7 |  30 |-1.546624e+03 |-1.551761e+03 |   0.33%| unknown
  5.2s|     1 |     0 |  4562 |     - |   104M |   0 | 243 |1983 |1988 |  12 |  6 |   7 |  30 |-1.546624e+03 |-1.551761e+03 |   0.33%| unknown
  5.4s|     1 |     0 |  4595 |     - |   104M |   0 | 243 |1983 |1989 |  13 |  7 |   7 |  30 |-1.546624e+03 |-1.551761e+03 |   0.33%| unknown
  5.6s|     1 |     0 |  4647 |     - |   104M |   0 | 243 |1983 |1990 |  14 |  8 |   7 |  30 |-1.546624e+03 |-1.551761e+03 |   0.33%| unknown
  5.8s|     1 |     0 |  4673 |     - |   104M |   0 | 243 |1983 |1991 |  15 |  9 |   7 |  30 |-1.546624e+03 |-1.551761e+03 |   0.33%| unknown
  6.0s|     1 |     0 |  4717 |     - |   105M |   0 | 243 |1983 |1979 |  17 | 10 |   7 |  30 |-1.546624e+03 |-1.551761e+03 |   0.33%| unknown
  6.0s|     1 |     0 |  4795 |     - |   105M |   0 | 243 |1983 |1980 |  18 | 11 |   7 |  30 |-1.546624e+03 |-1.551761e+03 |   0.33%| unknown
  7.8s|     1 |     2 |  5748 |     - |   105M |   0 | 243 |1990 |1980 |  18 | 11 |  14 |  49 |-1.546624e+03 |-1.551761e+03 |   0.33%| unknown

SCIP Status        : problem is solved [optimal solution found]
Solving Time (sec) : 10.70
Solving Nodes      : 33 (total of 34 nodes in 2 runs)
Primal Bound       : -1.55176143790850e+03 (42 solutions)
Dual Bound         : -1.55176143790850e+03
Gap                : 0.00 %
  [linear] <c2013>: <x154>[C] (+25.8202614) -0.578431373<x1>[B] (+1) -0.578431373<x2>[B] (+1) -0.578431373<x3>[B] (+1) -0.578431373<x4>[B] (+0) -0.578431373<x5>[B] (+1) +0.578431373<x6>[B] (+0) -0.578431373<x7>[B] (+0) -0.578431373<x8>[B] (+0) -0.578431373<x9>[B] (+1) -0.578431373<x10>[B] (+0) -0.578431373<x11>[B] (+0) +0.578431373<x12>[B] (+1) +0.578431373<x13>[B] (+0) +0.578431373<x14>[B] (+0) +0.578431373<x15>[B] (+1) -0.578431373<x16>[B] (+1) -0.578431373<x17>[B] (+0) -0.578431373<x18>[B] (+1) +0.578431373<x19>[B] (+1) +0.578431373<x20>[B] (+0) +0.578431373<x21>[B] (+1) +0.578431373<x22>[B] (+0) +0.578431373<x23>[B] (+0) +0.578431373<x24>[B] (+0) +0.578431373<x25>[B] (+1) +0.578431373<x26>[B] (+0) -0.578431373<x27>[B] (+0) +0.578431373<x28>[B] (+1) +0.578431373<x29>[B] (+0) +0.578431373<x30>[B] (+0) +0.578431373<x31>[B] (+1) -0.578431373<x32>[B] (+1) -0.578431373<x33>[B] (+0) +0.578431373<x34>[B] (+1) +0.578431373<x35>[B] (+0) +0.578431373<x36>[B] (+1) +0.578431373<x37>[B] (+0) +0.578431373<x38>[B] (+0) +0.578431373<x39>[B] (+0) +0.578431373<x40>[B] (+1) +0.578431373<x41>[B] (+0) -0.578431373<x42>[B] (+0) +0.578431373<x43>[B] (+1) +0.578431373<x44>[B] (+0) +0.578431373<x45>[B] (+0) +0.578431373<x46>[B] (+0) +0.578431373<x47>[B] (+1) +0.578431373<x48>[B] (+0) +0.578431373<x49>[B] (+0) -0.578431373<x50>[B] (+0) +0.578431373<x51>[B] (+0) +0.578431373<x52>[B] (+0) -0.578431373<x53>[B] (+0) -0.578431373<x54>[B] (+1) -0.578431373<x55>[B] (+0) -0.578431373<x56>[B] (+0) +0.578431373<x57>[B] (+1) +0.578431373<x58>[B] (+0) +0.578431373<x59>[B] (+0) +0.578431373<x60>[B] (+0) -0.578431373<x61>[B] (+1) -0.578431373<x62>[B] (+0) -0.578431373<x63>[B] (+1) +0.578431373<x64>[B] (+1) -0.578431373<x65>[B] (+0) -0.578431373<x66>[B] (+1) -0.578431373<x67>[B] (+1) -0.578431373<x68>[B] (+0) -0.578431373<x69>[B] (+1) +0.578431373<x70>[B] (+1) +0.578431373<x71>[B] (+1) +0.578431373<x72>[B] (+1) +0.578431373<x73>[B] (+1) -0.578431373<x74>[B] (+1) -0.578431373<x75>[B] (+1) +0.578431373<x76>[B] (+0) +0.578431373<x77>[B] (+0) -0.578431373<x78>[B] (+0) -0.578431373<x79>[B] (+1) +0.578431373<x80>[B] (+0) -0.578431373<x81>[B] (+0) +0.578431373<x82>[B] (+1) +0.578431373<x83>[B] (+0) +0.578431373<x84>[B] (+0) +0.578431373<x85>[B] (+0) -0.578431373<x86>[B] (+1) -0.578431373<x87>[B] (+0) -0.578431373<x88>[B] (+0) -0.578431373<x89>[B] (+1) -0.578431373<x90>[B] (+1) -0.578431373<x91>[B] (+0) -0.578431373<x92>[B] (+1) -0.578431373<x93>[B] (+1) +0.578431373<x94>[B] (+1) +0.578431373<x95>[B] (+1) -0.578431373<x96>[B] (+1) -0.578431373<x97>[B] (+1) -0.578431373<x98>[B] (+1) -0.578431373<x99>[B] (+1) -0.578431373<x100>[B] (+1) -0.578431373<x101>[B] (+1) -0.578431373<x102>[B] (+1) +0.578431373<x103>[B] (+1) +0.578431373<x104>[B] (+1) +0.578431373<x105>[B] (+1) +0.578431373<x106>[B] (+1) -0.578431373<x107>[B] (+1) -0.578431373<x108>[B] (+1) +0.578431373<x109>[B] (+1) +0.578431373<x110>[B] (+0) -0.578431373<x111>[B] (+1) +0.578431373<x112>[B] (+1) +0.578431373<x113>[B] (+0) +0.578431373<x114>[B] (+1) +0.578431373<x115>[B] (+1) -0.578431373<x116>[B] (+1) -0.578431373<x117>[B] (+0) +0.578431373<x118>[B] (+0) -0.578431373<x119>[B] (+0) +0.578431373<x120>[B] (+0) +0.578431373<x121>[B] (+0) +0.578431373<x122>[B] (+0) +0.578431373<x123>[B] (+0) -0.578431373<x124>[B] (+1) -0.578431373<x125>[B] (+0) -0.578431373<x126>[B] (+1) +0.578431373<x127>[B] (+1) +0.578431373<x128>[B] (+1) +0.578431373<x129>[B] (+1) +0.578431373<x130>[B] (+1) -0.578431373<x131>[B] (+1) -0.578431373<x132>[B] (+1) +0.578431373<x133>[B] (+1) +0.578431373<x134>[B] (+0) +0.578431373<x135>[B] (+0) +0.578431373<x136>[B] (+1) +0.578431373<x137>[B] (+1) +0.578431373<x138>[B] (+0) +0.578431373<x139>[B] (+0) +0.578431373<x140>[B] (+0) +0.578431373<x141>[B] (+0) -0.578431373<x142>[B] (+1) -0.578431373<x143>[B] (+0) +0.578431373<x144>[B] (+1) -0.578431373<x145>[B] (+1) -0.578431373<x146>[B] (+1) -0.578431373<x147>[B] (+1) -0.578431373<x148>[B] (+1) -0.578431373<x149>[B] (+1) -0.578431373<x150>[B] (+0) -0.578431373<x151>[B] (+1) -0.578431373<x152>[B] (+0) +0.578431373<x153>[B] (+0) >= 21.8366013071895;
;
violation: left hand side is violated by 0.0653594771241863
  [linear] <c2015>: <x158>[C] (+21.9542484) +0.539215686<x1>[B] (+1) +0.539215686<x2>[B] (+1) -0.539215686<x3>[B] (+1) +0.539215686<x4>[B] (+0) -0.539215686<x5>[B] (+1) -0.539215686<x6>[B] (+0) +0.539215686<x7>[B] (+0) -0.539215686<x8>[B] (+0) -0.539215686<x9>[B] (+1) +0.539215686<x10>[B] (+0) -0.539215686<x11>[B] (+1) +0.539215686<x12>[B] (+1) -0.539215686<x13>[B] (+0) -0.539215686<x14>[B] (+0) -0.539215686<x15>[B] (+1) +0.539215686<x16>[B] (+1) -0.539215686<x17>[B] (+0) -0.539215686<x18>[B] (+1) -0.539215686<x19>[B] (+1) -0.539215686<x20>[B] (+0) -0.539215686<x21>[B] (+1) -0.539215686<x22>[B] (+0) -0.539215686<x23>[B] (+0) -0.539215686<x24>[B] (+0) -0.539215686<x25>[B] (+1) +0.539215686<x26>[B] (+0) -0.539215686<x27>[B] (+0) -0.539215686<x28>[B] (+1) -0.539215686<x29>[B] (+0) -0.539215686<x30>[B] (+0) -0.539215686<x31>[B] (+1) -0.539215686<x32>[B] (+1) -0.539215686<x33>[B] (+0) -0.539215686<x34>[B] (+1) -0.539215686<x35>[B] (+0) -0.539215686<x36>[B] (+1) -0.539215686<x37>[B] (+0) -0.539215686<x38>[B] (+0) -0.539215686<x39>[B] (+0) -0.539215686<x40>[B] (+1) +0.539215686<x41>[B] (+0) -0.539215686<x42>[B] (+0) +0.539215686<x43>[B] (+1) -0.539215686<x44>[B] (+0) -0.539215686<x45>[B] (+0) -0.539215686<x46>[B] (+0) -0.539215686<x47>[B] (+1) -0.539215686<x48>[B] (+0) +0.539215686<x49>[B] (+0) -0.539215686<x50>[B] (+0) -0.539215686<x51>[B] (+0) +0.539215686<x52>[B] (+0) +0.539215686<x53>[B] (+0) -0.539215686<x54>[B] (+1) +0.539215686<x55>[B] (+0) -0.539215686<x56>[B] (+0) +0.539215686<x57>[B] (+1) +0.539215686<x58>[B] (+0) +0.539215686<x59>[B] (+0) +0.539215686<x60>[B] (+0) +0.539215686<x61>[B] (+1) +0.539215686<x62>[B] (+0) -0.539215686<x63>[B] (+1) -0.539215686<x64>[B] (+1) +0.539215686<x65>[B] (+0) -0.539215686<x66>[B] (+1) -0.539215686<x67>[B] (+1) +0.539215686<x68>[B] (+1) -0.539215686<x69>[B] (+1) +0.539215686<x70>[B] (+1) -0.539215686<x71>[B] (+1) -0.539215686<x72>[B] (+1) -0.539215686<x73>[B] (+1) +0.539215686<x74>[B] (+1) -0.539215686<x75>[B] (+1) -0.539215686<x76>[B] (+0) +0.539215686<x77>[B] (+0) +0.539215686<x78>[B] (+0) -0.539215686<x79>[B] (+1) +0.539215686<x80>[B] (+0) -0.539215686<x81>[B] (+0) +0.539215686<x82>[B] (+1) +0.539215686<x83>[B] (+0) +0.539215686<x84>[B] (+0) +0.539215686<x85>[B] (+0) +0.539215686<x86>[B] (+1) +0.539215686<x87>[B] (+0) +0.539215686<x88>[B] (+0) +0.539215686<x89>[B] (+1) +0.539215686<x90>[B] (+1) +0.539215686<x91>[B] (+0) +0.539215686<x92>[B] (+1) +0.539215686<x93>[B] (+1) +0.539215686<x94>[B] (+1) +0.539215686<x95>[B] (+0) +0.539215686<x96>[B] (+1) +0.539215686<x97>[B] (+1) +0.539215686<x98>[B] (+1) -0.539215686<x99>[B] (+1) -0.539215686<x100>[B] (+1) +0.539215686<x101>[B] (+1) -0.539215686<x102>[B] (+1) +0.539215686<x103>[B] (+1) -0.539215686<x104>[B] (+1) -0.539215686<x105>[B] (+1) -0.539215686<x106>[B] (+1) -0.539215686<x107>[B] (+1) -0.539215686<x108>[B] (+1) -0.539215686<x109>[B] (+1) +0.539215686<x110>[B] (+0) -0.539215686<x111>[B] (+1) +0.539215686<x112>[B] (+1) +0.539215686<x113>[B] (+0) -0.539215686<x114>[B] (+0) +0.539215686<x115>[B] (+1) +0.539215686<x116>[B] (+1) -0.539215686<x117>[B] (+0) +0.539215686<x118>[B] (+0) +0.539215686<x119>[B] (+0) +0.539215686<x120>[B] (+0) +0.539215686<x121>[B] (+0) +0.539215686<x122>[B] (+0) +0.539215686<x123>[B] (+0) +0.539215686<x124>[B] (+1) +0.539215686<x125>[B] (+0) -0.539215686<x126>[B] (+1) -0.539215686<x127>[B] (+1) -0.539215686<x128>[B] (+1) -0.539215686<x129>[B] (+0) -0.539215686<x130>[B] (+1) -0.539215686<x131>[B] (+1) -0.539215686<x132>[B] (+1) +0.539215686<x133>[B] (+1) +0.539215686<x134>[B] (+0) +0.539215686<x135>[B] (+0) +0.539215686<x136>[B] (+1) +0.539215686<x137>[B] (+1) +0.539215686<x138>[B] (+0) -0.539215686<x139>[B] (+0) -0.539215686<x140>[B] (+0) -0.539215686<x141>[B] (+0) -0.539215686<x142>[B] (+1) -0.539215686<x143>[B] (+0) -0.539215686<x144>[B] (+0) +0.539215686<x145>[B] (+1) +0.539215686<x146>[B] (+1) -0.539215686<x147>[B] (+1) +0.539215686<x148>[B] (+1) +0.539215686<x149>[B] (+1) -0.539215686<x150>[B] (+1) +0.539215686<x151>[B] (+1) -0.539215686<x152>[B] (+0) -0.539215686<x153>[B] (+0) >= 15.5032679738562;
;
violation: left hand side is violated by 0.0196078431372513
  [linear] <c2014>: <x156>[C] (+16.9346405) +0.467320261<x1>[B] (+1) +0.467320261<x2>[B] (+1) -0.467320261<x3>[B] (+1) +0.467320261<x4>[B] (+0) +0.467320261<x5>[B] (+1) +0.467320261<x6>[B] (+0) -0.467320261<x7>[B] (+0) -0.467320261<x8>[B] (+0) -0.467320261<x9>[B] (+1) -0.467320261<x10>[B] (+0) +0.467320261<x11>[B] (+1) -0.467320261<x12>[B] (+1) -0.467320261<x13>[B] (+0) -0.467320261<x14>[B] (+0) -0.467320261<x15>[B] (+1) +0.467320261<x16>[B] (+1) -0.467320261<x17>[B] (+1) +0.467320261<x18>[B] (+0) -0.467320261<x19>[B] (+1) +0.467320261<x20>[B] (+0) +0.467320261<x21>[B] (+1) +0.467320261<x22>[B] (+0) -0.467320261<x23>[B] (+0) -0.467320261<x24>[B] (+0) -0.467320261<x25>[B] (+1) -0.467320261<x26>[B] (+0) +0.467320261<x27>[B] (+1) -0.467320261<x28>[B] (+1) -0.467320261<x29>[B] (+0) -0.467320261<x30>[B] (+0) -0.467320261<x31>[B] (+0) +0.467320261<x32>[B] (+1) -0.467320261<x33>[B] (+0) -0.467320261<x34>[B] (+1) +0.467320261<x35>[B] (+0) -0.467320261<x36>[B] (+1) -0.467320261<x37>[B] (+0) -0.467320261<x38>[B] (+0) -0.467320261<x39>[B] (+0) -0.467320261<x40>[B] (+1) -0.467320261<x41>[B] (+0) -0.467320261<x42>[B] (+1) -0.467320261<x43>[B] (+1) -0.467320261<x44>[B] (+0) -0.467320261<x45>[B] (+0) -0.467320261<x46>[B] (+0) +0.467320261<x47>[B] (+1) -0.467320261<x48>[B] (+1) +0.467320261<x49>[B] (+0) +0.467320261<x50>[B] (+0) +0.467320261<x51>[B] (+0) -0.467320261<x52>[B] (+0) -0.467320261<x53>[B] (+0) -0.467320261<x54>[B] (+1) -0.467320261<x55>[B] (+0) +0.467320261<x56>[B] (+1) -0.467320261<x57>[B] (+1) -0.467320261<x58>[B] (+0) +0.467320261<x59>[B] (+0) -0.467320261<x60>[B] (+0) +0.467320261<x61>[B] (+1) +0.467320261<x62>[B] (+0) -0.467320261<x63>[B] (+1) -0.467320261<x64>[B] (+1) -0.467320261<x65>[B] (+0) -0.467320261<x66>[B] (+1) -0.467320261<x67>[B] (+1) -0.467320261<x68>[B] (+1) -0.467320261<x69>[B] (+1) -0.467320261<x70>[B] (+1) -0.467320261<x71>[B] (+1) -0.467320261<x72>[B] (+1) -0.467320261<x73>[B] (+1) -0.467320261<x74>[B] (+1) -0.467320261<x75>[B] (+1) +0.467320261<x76>[B] (+0) -0.467320261<x77>[B] (+0) -0.467320261<x78>[B] (+0) -0.467320261<x79>[B] (+1) -0.467320261<x80>[B] (+0) -0.467320261<x81>[B] (+1) -0.467320261<x82>[B] (+1) -0.467320261<x83>[B] (+0) -0.467320261<x84>[B] (+0) -0.467320261<x85>[B] (+0) +0.467320261<x86>[B] (+1) -0.467320261<x87>[B] (+0) -0.467320261<x88>[B] (+0) -0.467320261<x89>[B] (+1) -0.467320261<x90>[B] (+1) -0.467320261<x91>[B] (+0) -0.467320261<x92>[B] (+1) -0.467320261<x93>[B] (+1) -0.467320261<x94>[B] (+1) -0.467320261<x95>[B] (+0) -0.467320261<x96>[B] (+1) +0.467320261<x97>[B] (+1) -0.467320261<x98>[B] (+1) +0.467320261<x99>[B] (+1) -0.467320261<x100>[B] (+1) +0.467320261<x101>[B] (+1) +0.467320261<x102>[B] (+1) +0.467320261<x103>[B] (+1) +0.467320261<x104>[B] (+1) +0.467320261<x105>[B] (+1) -0.467320261<x106>[B] (+1) +0.467320261<x107>[B] (+1) +0.467320261<x108>[B] (+1) -0.467320261<x109>[B] (+1) -0.467320261<x110>[B] (+0) +0.467320261<x111>[B] (+1) -0.467320261<x112>[B] (+1) -0.467320261<x113>[B] (+0) +0.467320261<x114>[B] (+0) -0.467320261<x115>[B] (+1) +0.467320261<x116>[B] (+1) +0.467320261<x117>[B] (+1) +0.467320261<x118>[B] (+0) +0.467320261<x119>[B] (+1) +0.467320261<x120>[B] (+0) +0.467320261<x121>[B] (+0) +0.467320261<x122>[B] (+0) -0.467320261<x123>[B] (+0) +0.467320261<x124>[B] (+1) +0.467320261<x125>[B] (+2.33146835e-15) +0.467320261<x126>[B] (+1) -0.467320261<x127>[B] (+1) -0.467320261<x128>[B] (+1) +0.467320261<x129>[B] (+0) -0.467320261<x130>[B] (+1) +0.467320261<x131>[B] (+1) +0.467320261<x132>[B] (+1) -0.467320261<x133>[B] (+0) -0.467320261<x134>[B] (+0) -0.467320261<x135>[B] (+0) -0.467320261<x136>[B] (+0) +0.467320261<x137>[B] (+1) -0.467320261<x138>[B] (+0) +0.467320261<x139>[B] (+0) +0.467320261<x140>[B] (+0) -0.467320261<x141>[B] (+0) +0.467320261<x142>[B] (+1) +0.467320261<x143>[B] (+0) +0.467320261<x144>[B] (+0) -0.467320261<x145>[B] (+1) +0.467320261<x146>[B] (+1) +0.467320261<x147>[B] (+1) -0.467320261<x148>[B] (+1) +0.467320261<x149>[B] (+1) -0.467320261<x150>[B] (+1) +0.467320261<x151>[B] (+1) +0.467320261<x152>[B] (+1) -0.467320261<x153>[B] (+0) >= 10.8660130718954;
;
violation: left hand side is violated by 0.00653594771241117
  [linear] <c2017>: <x160>[C] (+20.2973856) -0.493464052<x1>[B] (+0) +0.493464052<x2>[B] (+0) -0.493464052<x3>[B] (+1) +0.493464052<x4>[B] (+0) +0.493464052<x5>[B] (+1) +0.493464052<x6>[B] (+0) -0.493464052<x7>[B] (+0) +0.493464052<x8>[B] (+0) +0.493464052<x9>[B] (+1) -0.493464052<x10>[B] (+0) +0.493464052<x11>[B] (+1) +0.493464052<x12>[B] (+1) +0.493464052<x13>[B] (+0) +0.493464052<x14>[B] (+0) -0.493464052<x15>[B] (+1) -0.493464052<x16>[B] (+1) -0.493464052<x17>[B] (+1) +0.493464052<x18>[B] (+0) -0.493464052<x19>[B] (+1) +0.493464052<x20>[B] (+0) +0.493464052<x21>[B] (+1) +0.493464052<x22>[B] (+0) +0.493464052<x23>[B] (+0) +0.493464052<x24>[B] (+0) +0.493464052<x25>[B] (+1) -0.493464052<x26>[B] (+1) +0.493464052<x27>[B] (+1) +0.493464052<x28>[B] (+1) +0.493464052<x29>[B] (+1) +0.493464052<x30>[B] (+1) -0.493464052<x31>[B] (+1) -0.493464052<x32>[B] (+1) +0.493464052<x33>[B] (+1) -0.493464052<x34>[B] (+1) +0.493464052<x35>[B] (+1) +0.493464052<x36>[B] (+1) +0.493464052<x37>[B] (+1) -0.493464052<x38>[B] (+1) +0.493464052<x39>[B] (+0) +0.493464052<x40>[B] (+1) -0.493464052<x41>[B] (+1) -0.493464052<x42>[B] (+1) +0.493464052<x43>[B] (+1) +0.493464052<x44>[B] (+1) -0.493464052<x45>[B] (+1) -0.493464052<x46>[B] (+1) -0.493464052<x47>[B] (+1) -0.493464052<x48>[B] (+1) +0.493464052<x49>[B] (+0) +0.493464052<x50>[B] (+0) +0.493464052<x51>[B] (+0) +0.493464052<x52>[B] (+0) +0.493464052<x53>[B] (+0) +0.493464052<x54>[B] (+1) -0.493464052<x55>[B] (+0) +0.493464052<x56>[B] (+0) +0.493464052<x57>[B] (+1) +0.493464052<x58>[B] (+0) +0.493464052<x59>[B] (+0) -0.493464052<x60>[B] (+0) -0.493464052<x61>[B] (+1) +0.493464052<x62>[B] (+0) +0.493464052<x63>[B] (+1) +0.493464052<x64>[B] (+0) -0.493464052<x65>[B] (+0) -0.493464052<x66>[B] (+0) +0.493464052<x67>[B] (+1) -0.493464052<x68>[B] (+1) -0.493464052<x69>[B] (+1) +0.493464052<x70>[B] (+1) +0.493464052<x71>[B] (+1) -0.493464052<x72>[B] (+1) -0.493464052<x73>[B] (+1) -0.493464052<x74>[B] (+1) -0.493464052<x75>[B] (+1) -0.493464052<x76>[B] (+0) -0.493464052<x77>[B] (+0) -0.493464052<x78>[B] (+0) +0.493464052<x79>[B] (+1) -0.493464052<x80>[B] (+0) -0.493464052<x81>[B] (+0) -0.493464052<x82>[B] (+1) -0.493464052<x83>[B] (+0) -0.493464052<x84>[B] (+0) -0.493464052<x85>[B] (+0) -0.493464052<x86>[B] (+1) -0.493464052<x87>[B] (+0) -0.493464052<x88>[B] (+1) -0.493464052<x89>[B] (+0) +0.493464052<x90>[B] (+1) -0.493464052<x91>[B] (+1) -0.493464052<x92>[B] (+1) -0.493464052<x93>[B] (+1) -0.493464052<x94>[B] (+1) -0.493464052<x95>[B] (+1) -0.493464052<x96>[B] (+1) -0.493464052<x97>[B] (+1) -0.493464052<x98>[B] (+1) +0.493464052<x99>[B] (+0) +0.493464052<x100>[B] (+1) -0.493464052<x101>[B] (+1) +0.493464052<x102>[B] (+1) +0.493464052<x103>[B] (+1) +0.493464052<x104>[B] (+1) +0.493464052<x105>[B] (+1) -0.493464052<x106>[B] (+1) -0.493464052<x107>[B] (+1) +0.493464052<x108>[B] (+1) +0.493464052<x109>[B] (+1) -0.493464052<x110>[B] (+1) -0.493464052<x111>[B] (+1) +0.493464052<x112>[B] (+1) +0.493464052<x113>[B] (+1) -0.493464052<x114>[B] (+1) -0.493464052<x115>[B] (+1) -0.493464052<x116>[B] (+1) -0.493464052<x117>[B] (+1) -0.493464052<x118>[B] (+0) -0.493464052<x119>[B] (+0) -0.493464052<x120>[B] (+0) -0.493464052<x121>[B] (+0) -0.493464052<x122>[B] (+0) -0.493464052<x123>[B] (+0) -0.493464052<x124>[B] (+0) -0.493464052<x125>[B] (+0) +0.493464052<x126>[B] (+1) +0.493464052<x127>[B] (+1) +0.493464052<x128>[B] (+1) +0.493464052<x129>[B] (+0) +0.493464052<x130>[B] (+1) +0.493464052<x131>[B] (+1) +0.493464052<x132>[B] (+1) +0.493464052<x133>[B] (+1) +0.493464052<x134>[B] (+0) -0.493464052<x135>[B] (+0) -0.493464052<x136>[B] (+0) -0.493464052<x137>[B] (+1) -0.493464052<x138>[B] (+0) +0.493464052<x139>[B] (+0) -0.493464052<x140>[B] (+0) -0.493464052<x141>[B] (+0) -0.493464052<x142>[B] (+1) -0.493464052<x143>[B] (+0) -0.493464052<x144>[B] (+0) -0.493464052<x145>[B] (+1) -0.493464052<x146>[B] (+1) -0.493464052<x147>[B] (+1) -0.493464052<x148>[B] (+1) -0.493464052<x149>[B] (+1) -0.493464052<x150>[B] (+1) -0.493464052<x151>[B] (+1) +0.493464052<x152>[B] (+1) +0.493464052<x153>[B] (+0) >= 15.421568627451;
;
violation: left hand side is violated by 0.0588235294117609
  [linear] <c2030>: <x179>[C] (+32.6732026) -0.650326797<x1>[B] (+1) +0.650326797<x2>[B] (+1) -0.650326797<x3>[B] (+1) +0.650326797<x4>[B] (+0) +0.650326797<x5>[B] (+1) -0.650326797<x6>[B] (+0) +0.650326797<x7>[B] (+0) +0.650326797<x8>[B] (+0) -0.650326797<x9>[B] (+1) +0.650326797<x10>[B] (+0) +0.650326797<x11>[B] (+0) -0.650326797<x12>[B] (+1) -0.650326797<x13>[B] (+0) +0.650326797<x14>[B] (+1) +0.650326797<x15>[B] (+1) -0.650326797<x16>[B] (+1) +0.650326797<x17>[B] (+0) +0.650326797<x18>[B] (+1) +0.650326797<x19>[B] (+1) +0.650326797<x20>[B] (+0) +0.650326797<x21>[B] (+1) +0.650326797<x22>[B] (+0) +0.650326797<x23>[B] (+0) +0.650326797<x24>[B] (+0) +0.650326797<x25>[B] (+1) +0.650326797<x26>[B] (+0) +0.650326797<x27>[B] (+0) +0.650326797<x28>[B] (+1) +0.650326797<x29>[B] (+0) +0.650326797<x30>[B] (+1) +0.650326797<x31>[B] (+1) +0.650326797<x32>[B] (+1) +0.650326797<x33>[B] (+0) -0.650326797<x34>[B] (+1) -0.650326797<x35>[B] (+0) +0.650326797<x36>[B] (+1) -0.650326797<x37>[B] (+0) +0.650326797<x38>[B] (+0) +0.650326797<x39>[B] (+0) -0.650326797<x40>[B] (+1) +0.650326797<x41>[B] (+0) +0.650326797<x42>[B] (+0) -0.650326797<x43>[B] (+1) -0.650326797<x44>[B] (+0) +0.650326797<x45>[B] (+0) +0.650326797<x46>[B] (+0) -0.650326797<x47>[B] (+1) +0.650326797<x48>[B] (+0) +0.650326797<x49>[B] (+0) +0.650326797<x50>[B] (+0) +0.650326797<x51>[B] (+0) +0.650326797<x52>[B] (+0) +0.650326797<x53>[B] (+0) -0.650326797<x54>[B] (+1) +0.650326797<x55>[B] (+0) +0.650326797<x56>[B] (+0) +0.650326797<x57>[B] (+1) -0.650326797<x58>[B] (+0) +0.650326797<x59>[B] (+0) +0.650326797<x60>[B] (+0) -0.650326797<x61>[B] (+1) +0.650326797<x62>[B] (+0) +0.650326797<x63>[B] (+1) -0.650326797<x64>[B] (+1) +0.650326797<x65>[B] (+0) +0.650326797<x66>[B] (+1) -0.650326797<x67>[B] (+1) +0.650326797<x68>[B] (+1) +0.650326797<x69>[B] (+1) -0.650326797<x70>[B] (+1) -0.650326797<x71>[B] (+1) +0.650326797<x72>[B] (+1) +0.650326797<x73>[B] (+1) -0.650326797<x74>[B] (+1) +0.650326797<x75>[B] (+1) -0.650326797<x76>[B] (+0) +0.650326797<x77>[B] (+0) +0.650326797<x78>[B] (+0) -0.650326797<x79>[B] (+1) -0.650326797<x80>[B] (+0) +0.650326797<x81>[B] (+0) -0.650326797<x82>[B] (+1) -0.650326797<x83>[B] (+0) -0.650326797<x84>[B] (+0) -0.650326797<x85>[B] (+0) -0.650326797<x86>[B] (+1) +0.650326797<x87>[B] (+0) +0.650326797<x88>[B] (+0) +0.650326797<x89>[B] (+1) -0.650326797<x90>[B] (+1) +0.650326797<x91>[B] (+0) +0.650326797<x92>[B] (+1) +0.650326797<x93>[B] (+1) -0.650326797<x94>[B] (+1) +0.650326797<x95>[B] (+1) +0.650326797<x96>[B] (+1) -0.650326797<x97>[B] (+1) +0.650326797<x98>[B] (+0) +0.650326797<x99>[B] (+1) -0.650326797<x100>[B] (+1) -0.650326797<x101>[B] (+1) +0.650326797<x102>[B] (+1) -0.650326797<x103>[B] (+1) -0.650326797<x104>[B] (+1) -0.650326797<x105>[B] (+1) -0.650326797<x106>[B] (+1) -0.650326797<x107>[B] (+1) +0.650326797<x108>[B] (+1) -0.650326797<x109>[B] (+1) -0.650326797<x110>[B] (+0) +0.650326797<x111>[B] (+1) -0.650326797<x112>[B] (+1) -0.650326797<x113>[B] (+0) -0.650326797<x114>[B] (+1) -0.650326797<x115>[B] (+1) -0.650326797<x116>[B] (+1) -0.650326797<x117>[B] (+0) +0.650326797<x118>[B] (+0) +0.650326797<x119>[B] (+0) +0.650326797<x120>[B] (+0) +0.650326797<x121>[B] (+0) +0.650326797<x122>[B] (+0) +0.650326797<x123>[B] (+0) +0.650326797<x124>[B] (+1) +0.650326797<x125>[B] (+0) +0.650326797<x126>[B] (+1) -0.650326797<x127>[B] (+1) -0.650326797<x128>[B] (+1) -0.650326797<x129>[B] (+1) -0.650326797<x130>[B] (+1) -0.650326797<x131>[B] (+1) +0.650326797<x132>[B] (+1) -0.650326797<x133>[B] (+1) -0.650326797<x134>[B] (+0) -0.650326797<x135>[B] (+1) -0.650326797<x136>[B] (+1) -0.650326797<x137>[B] (+1) -0.650326797<x138>[B] (+0) -0.650326797<x139>[B] (+0) +0.650326797<x140>[B] (+0) +0.650326797<x141>[B] (+0) -0.650326797<x142>[B] (+1) +0.650326797<x143>[B] (+0) +0.650326797<x144>[B] (+1) +0.650326797<x145>[B] (+1) +0.650326797<x146>[B] (+1) +0.650326797<x147>[B] (+0) -0.650326797<x148>[B] (+1) -0.650326797<x149>[B] (+1) +0.650326797<x150>[B] (+0) -0.650326797<x151>[B] (+1) +0.650326797<x152>[B] (+0) +0.650326797<x153>[B] (+0) >= 25.5261437908497;
;
violation: left hand side is violated by 0.00653594771242183
  [linear] <c2015>: <x158>[C] (+21.9542484) +0.539215686<x1>[B] (+1) +0.539215686<x2>[B] (+1) -0.539215686<x3>[B] (+1) +0.539215686<x4>[B] (+0) -0.539215686<x5>[B] (+1) -0.539215686<x6>[B] (+0) +0.539215686<x7>[B] (+0) -0.539215686<x8>[B] (+0) -0.539215686<x9>[B] (+1) +0.539215686<x10>[B] (+0) -0.539215686<x11>[B] (+0) +0.539215686<x12>[B] (+1) -0.539215686<x13>[B] (+0) -0.539215686<x14>[B] (+0) -0.539215686<x15>[B] (+1) +0.539215686<x16>[B] (+1) -0.539215686<x17>[B] (+0) -0.539215686<x18>[B] (+1) -0.539215686<x19>[B] (+1) -0.539215686<x20>[B] (+0) -0.539215686<x21>[B] (+1) -0.539215686<x22>[B] (+0) -0.539215686<x23>[B] (+0) -0.539215686<x24>[B] (+0) -0.539215686<x25>[B] (+1) +0.539215686<x26>[B] (+0) -0.539215686<x27>[B] (+0) -0.539215686<x28>[B] (+1) -0.539215686<x29>[B] (+0) -0.539215686<x30>[B] (+0) -0.539215686<x31>[B] (+1) -0.539215686<x32>[B] (+1) -0.539215686<x33>[B] (+0) -0.539215686<x34>[B] (+1) -0.539215686<x35>[B] (+0) -0.539215686<x36>[B] (+1) -0.539215686<x37>[B] (+0) -0.539215686<x38>[B] (+0) -0.539215686<x39>[B] (+0) -0.539215686<x40>[B] (+1) +0.539215686<x41>[B] (+0) -0.539215686<x42>[B] (+0) +0.539215686<x43>[B] (+1) -0.539215686<x44>[B] (+0) -0.539215686<x45>[B] (+0) -0.539215686<x46>[B] (+0) -0.539215686<x47>[B] (+1) -0.539215686<x48>[B] (+0) +0.539215686<x49>[B] (+0) -0.539215686<x50>[B] (+0) -0.539215686<x51>[B] (+0) +0.539215686<x52>[B] (+0) +0.539215686<x53>[B] (+0) -0.539215686<x54>[B] (+1) +0.539215686<x55>[B] (+0) -0.539215686<x56>[B] (+0) +0.539215686<x57>[B] (+1) +0.539215686<x58>[B] (+0) +0.539215686<x59>[B] (+0) +0.539215686<x60>[B] (+0) +0.539215686<x61>[B] (+1) +0.539215686<x62>[B] (+0) -0.539215686<x63>[B] (+1) -0.539215686<x64>[B] (+1) +0.539215686<x65>[B] (+0) -0.539215686<x66>[B] (+1) -0.539215686<x67>[B] (+1) +0.539215686<x68>[B] (+1) -0.539215686<x69>[B] (+1) +0.539215686<x70>[B] (+1) -0.539215686<x71>[B] (+1) -0.539215686<x72>[B] (+1) -0.539215686<x73>[B] (+1) +0.539215686<x74>[B] (+1) -0.539215686<x75>[B] (+1) -0.539215686<x76>[B] (+0) +0.539215686<x77>[B] (+0) +0.539215686<x78>[B] (+0) -0.539215686<x79>[B] (+1) +0.539215686<x80>[B] (+0) -0.539215686<x81>[B] (+0) +0.539215686<x82>[B] (+1) +0.539215686<x83>[B] (+0) +0.539215686<x84>[B] (+0) +0.539215686<x85>[B] (+0) +0.539215686<x86>[B] (+1) +0.539215686<x87>[B] (+0) +0.539215686<x88>[B] (+0) +0.539215686<x89>[B] (+1) +0.539215686<x90>[B] (+1) +0.539215686<x91>[B] (+0) +0.539215686<x92>[B] (+1) +0.539215686<x93>[B] (+1) +0.539215686<x94>[B] (+1) +0.539215686<x95>[B] (+0) +0.539215686<x96>[B] (+1) +0.539215686<x97>[B] (+1) +0.539215686<x98>[B] (+0) -0.539215686<x99>[B] (+1) -0.539215686<x100>[B] (+1) +0.539215686<x101>[B] (+1) -0.539215686<x102>[B] (+1) +0.539215686<x103>[B] (+1) -0.539215686<x104>[B] (+1) -0.539215686<x105>[B] (+1) -0.539215686<x106>[B] (+1) -0.539215686<x107>[B] (+1) -0.539215686<x108>[B] (+1) -0.539215686<x109>[B] (+1) +0.539215686<x110>[B] (+0) -0.539215686<x111>[B] (+1) +0.539215686<x112>[B] (+1) +0.539215686<x113>[B] (+0) -0.539215686<x114>[B] (+0) +0.539215686<x115>[B] (+1) +0.539215686<x116>[B] (+1) -0.539215686<x117>[B] (+0) +0.539215686<x118>[B] (+0) +0.539215686<x119>[B] (+0) +0.539215686<x120>[B] (+0) +0.539215686<x121>[B] (+0) +0.539215686<x122>[B] (+0) +0.539215686<x123>[B] (+0) +0.539215686<x124>[B] (+1) +0.539215686<x125>[B] (+0) -0.539215686<x126>[B] (+1) -0.539215686<x127>[B] (+1) -0.539215686<x128>[B] (+1) -0.539215686<x129>[B] (+1) -0.539215686<x130>[B] (+1) -0.539215686<x131>[B] (+1) -0.539215686<x132>[B] (+1) +0.539215686<x133>[B] (+1) +0.539215686<x134>[B] (+0) +0.539215686<x135>[B] (+0) +0.539215686<x136>[B] (+1) +0.539215686<x137>[B] (+1) +0.539215686<x138>[B] (+0) -0.539215686<x139>[B] (+0) -0.539215686<x140>[B] (+0) -0.539215686<x141>[B] (+0) -0.539215686<x142>[B] (+1) -0.539215686<x143>[B] (+0) -0.539215686<x144>[B] (+0) +0.539215686<x145>[B] (+1) +0.539215686<x146>[B] (+1) -0.539215686<x147>[B] (+0) +0.539215686<x148>[B] (+1) +0.539215686<x149>[B] (+1) -0.539215686<x150>[B] (+1) +0.539215686<x151>[B] (+1) -0.539215686<x152>[B] (+0) -0.539215686<x153>[B] (+0) >= 15.5032679738562;
;
violation: left hand side is violated by 0.0196078431372513
  [linear] <c2045>: <x205>[C] (+15.5196078) +0.447712418<x1>[B] (+1) +0.447712418<x2>[B] (+1) +0.447712418<x3>[B] (+1) +0.447712418<x4>[B] (+0) +0.447712418<x5>[B] (+1) -0.447712418<x6>[B] (+0) +0.447712418<x7>[B] (+0) -0.447712418<x8>[B] (+0) -0.447712418<x9>[B] (+1) -0.447712418<x10>[B] (+0) +0.447712418<x11>[B] (+0) +0.447712418<x12>[B] (+1) +0.447712418<x13>[B] (+0) -0.447712418<x14>[B] (+1) -0.447712418<x15>[B] (+1) +0.447712418<x16>[B] (+1) +0.447712418<x17>[B] (+0) +0.447712418<x18>[B] (+1) +0.447712418<x19>[B] (+1) +0.447712418<x20>[B] (+0) -0.447712418<x21>[B] (+1) -0.447712418<x22>[B] (+0) +0.447712418<x23>[B] (+0) -0.447712418<x24>[B] (+0) -0.447712418<x25>[B] (+1) -0.447712418<x26>[B] (+0) -0.447712418<x27>[B] (+0) -0.447712418<x28>[B] (+1) -0.447712418<x29>[B] (+0) -0.447712418<x30>[B] (+1) -0.447712418<x31>[B] (+1) -0.447712418<x32>[B] (+1) -0.447712418<x33>[B] (+0) -0.447712418<x34>[B] (+1) -0.447712418<x35>[B] (+0) -0.447712418<x36>[B] (+1) -0.447712418<x37>[B] (+0) -0.447712418<x38>[B] (+0) -0.447712418<x39>[B] (+0) -0.447712418<x40>[B] (+1) -0.447712418<x41>[B] (+0) -0.447712418<x42>[B] (+0) -0.447712418<x43>[B] (+1) -0.447712418<x44>[B] (+0) -0.447712418<x45>[B] (+0) -0.447712418<x46>[B] (+0) -0.447712418<x47>[B] (+1) -0.447712418<x48>[B] (+0) +0.447712418<x49>[B] (+0) -0.447712418<x50>[B] (+0) -0.447712418<x51>[B] (+0) -0.447712418<x52>[B] (+0) -0.447712418<x53>[B] (+0) -0.447712418<x54>[B] (+1) -0.447712418<x55>[B] (+0) -0.447712418<x56>[B] (+0) -0.447712418<x57>[B] (+1) -0.447712418<x58>[B] (+0) -0.447712418<x59>[B] (+0) -0.447712418<x60>[B] (+0) -0.447712418<x61>[B] (+1) -0.447712418<x62>[B] (+0) -0.447712418<x63>[B] (+1) -0.447712418<x64>[B] (+1) -0.447712418<x65>[B] (+0) -0.447712418<x66>[B] (+0) -0.447712418<x67>[B] (+1) -0.447712418<x68>[B] (+1) -0.447712418<x69>[B] (+1) -0.447712418<x70>[B] (+1) -0.447712418<x71>[B] (+1) -0.447712418<x72>[B] (+1) -0.447712418<x73>[B] (+1) -0.447712418<x74>[B] (+1) -0.447712418<x75>[B] (+1) -0.447712418<x76>[B] (+0) +0.447712418<x77>[B] (+0) -0.447712418<x78>[B] (+0) -0.447712418<x79>[B] (+1) -0.447712418<x80>[B] (+0) -0.447712418<x81>[B] (+0) +0.447712418<x82>[B] (+1) -0.447712418<x83>[B] (+0) -0.447712418<x84>[B] (+0) -0.447712418<x85>[B] (+0) +0.447712418<x86>[B] (+1) -0.447712418<x87>[B] (+0) +0.447712418<x88>[B] (+0) +0.447712418<x89>[B] (+0) +0.447712418<x90>[B] (+1) +0.447712418<x91>[B] (+0) +0.447712418<x92>[B] (+1) +0.447712418<x93>[B] (+1) +0.447712418<x94>[B] (+1) +0.447712418<x95>[B] (+1) -0.447712418<x96>[B] (+1) +0.447712418<x97>[B] (+1) +0.447712418<x98>[B] (+1) -0.447712418<x99>[B] (+0) -0.447712418<x100>[B] (+1) -0.447712418<x101>[B] (+1) -0.447712418<x102>[B] (+1) -0.447712418<x103>[B] (+1) -0.447712418<x104>[B] (+1) -0.447712418<x105>[B] (+1) -0.447712418<x106>[B] (+1) -0.447712418<x107>[B] (+1) -0.447712418<x108>[B] (+1) +0.447712418<x109>[B] (+1) +0.447712418<x110>[B] (+1) +0.447712418<x111>[B] (+1) +0.447712418<x112>[B] (+1) +0.447712418<x113>[B] (+1) +0.447712418<x114>[B] (+1) -0.447712418<x115>[B] (+1) +0.447712418<x116>[B] (+1) +0.447712418<x117>[B] (+1) +0.447712418<x118>[B] (+0) +0.447712418<x119>[B] (+0) +0.447712418<x120>[B] (+0) +0.447712418<x121>[B] (+0) +0.447712418<x122>[B] (+0) -0.447712418<x123>[B] (+0) +0.447712418<x124>[B] (+1) +0.447712418<x125>[B] (+0) +0.447712418<x126>[B] (+1) +0.447712418<x127>[B] (+1) +0.447712418<x128>[B] (+1) -0.447712418<x129>[B] (+1) -0.447712418<x130>[B] (+1) +0.447712418<x131>[B] (+1) +0.447712418<x132>[B] (+1) +0.447712418<x133>[B] (+1) +0.447712418<x134>[B] (+0) -0.447712418<x135>[B] (+1) -0.447712418<x136>[B] (+1) +0.447712418<x137>[B] (+1) -0.447712418<x138>[B] (+0) -0.447712418<x139>[B] (+0) -0.447712418<x140>[B] (+0) -0.447712418<x141>[B] (+0) +0.447712418<x142>[B] (+1) -0.447712418<x143>[B] (+0) -0.447712418<x144>[B] (+1) -0.447712418<x145>[B] (+1) +0.447712418<x146>[B] (+1) -0.447712418<x147>[B] (+1) -0.447712418<x148>[B] (+1) +0.447712418<x149>[B] (+1) +0.447712418<x150>[B] (+0) +0.447712418<x151>[B] (+1) +0.447712418<x152>[B] (+0) -0.447712418<x153>[B] (+0) >= 10.6339869281046;
;
violation: left hand side is violated by 0.0392156862745114
  [linear] <c2017>: <x160>[C] (+20.2973856) -0.493464052<x1>[B] (+1) +0.493464052<x2>[B] (+0) -0.493464052<x3>[B] (+1) +0.493464052<x4>[B] (+0) +0.493464052<x5>[B] (+1) +0.493464052<x6>[B] (+0) -0.493464052<x7>[B] (+0) +0.493464052<x8>[B] (+0) +0.493464052<x9>[B] (+1) -0.493464052<x10>[B] (+0) +0.493464052<x11>[B] (+0) +0.493464052<x12>[B] (+1) +0.493464052<x13>[B] (+0) +0.493464052<x14>[B] (+0) -0.493464052<x15>[B] (+1) -0.493464052<x16>[B] (+1) -0.493464052<x17>[B] (+0) +0.493464052<x18>[B] (+0) -0.493464052<x19>[B] (+1) +0.493464052<x20>[B] (+0) +0.493464052<x21>[B] (+1) +0.493464052<x22>[B] (+0) +0.493464052<x23>[B] (+0) +0.493464052<x24>[B] (+0) +0.493464052<x25>[B] (+1) -0.493464052<x26>[B] (+0) +0.493464052<x27>[B] (+0) +0.493464052<x28>[B] (+1) +0.493464052<x29>[B] (+0) +0.493464052<x30>[B] (+0) -0.493464052<x31>[B] (+1) -0.493464052<x32>[B] (+1) +0.493464052<x33>[B] (+0) -0.493464052<x34>[B] (+1) +0.493464052<x35>[B] (+0) +0.493464052<x36>[B] (+1) +0.493464052<x37>[B] (+0) -0.493464052<x38>[B] (+0) +0.493464052<x39>[B] (+0) +0.493464052<x40>[B] (+1) -0.493464052<x41>[B] (+0) -0.493464052<x42>[B] (+1) +0.493464052<x43>[B] (+1) +0.493464052<x44>[B] (+1) -0.493464052<x45>[B] (+0) -0.493464052<x46>[B] (+1) -0.493464052<x47>[B] (+1) -0.493464052<x48>[B] (+1) +0.493464052<x49>[B] (+0) +0.493464052<x50>[B] (+1) +0.493464052<x51>[B] (+0) +0.493464052<x52>[B] (+0) +0.493464052<x53>[B] (+0) +0.493464052<x54>[B] (+1) -0.493464052<x55>[B] (+0) +0.493464052<x56>[B] (+0) +0.493464052<x57>[B] (+1) +0.493464052<x58>[B] (+0) +0.493464052<x59>[B] (+0) -0.493464052<x60>[B] (+1) -0.493464052<x61>[B] (+1) +0.493464052<x62>[B] (+0) +0.493464052<x63>[B] (+1) +0.493464052<x64>[B] (+1) -0.493464052<x65>[B] (+0) -0.493464052<x66>[B] (+0) +0.493464052<x67>[B] (+1) -0.493464052<x68>[B] (+1) -0.493464052<x69>[B] (+1) +0.493464052<x70>[B] (+1) +0.493464052<x71>[B] (+1) -0.493464052<x72>[B] (+1) -0.493464052<x73>[B] (+1) -0.493464052<x74>[B] (+1) -0.493464052<x75>[B] (+1) -0.493464052<x76>[B] (+0) -0.493464052<x77>[B] (+0) -0.493464052<x78>[B] (+0) +0.493464052<x79>[B] (+1) -0.493464052<x80>[B] (+0) -0.493464052<x81>[B] (+0) -0.493464052<x82>[B] (+1) -0.493464052<x83>[B] (+0) -0.493464052<x84>[B] (+0) -0.493464052<x85>[B] (+0) -0.493464052<x86>[B] (+1) -0.493464052<x87>[B] (+0) -0.493464052<x88>[B] (+0) -0.493464052<x89>[B] (+0) +0.493464052<x90>[B] (+1) -0.493464052<x91>[B] (+0) -0.493464052<x92>[B] (+1) -0.493464052<x93>[B] (+1) -0.493464052<x94>[B] (+1) -0.493464052<x95>[B] (+0) -0.493464052<x96>[B] (+1) -0.493464052<x97>[B] (+1) -0.493464052<x98>[B] (+1) +0.493464052<x99>[B] (+0) +0.493464052<x100>[B] (+1) -0.493464052<x101>[B] (+1) +0.493464052<x102>[B] (+1) +0.493464052<x103>[B] (+1) +0.493464052<x104>[B] (+1) +0.493464052<x105>[B] (+1) -0.493464052<x106>[B] (+1) -0.493464052<x107>[B] (+1) +0.493464052<x108>[B] (+1) +0.493464052<x109>[B] (+1) -0.493464052<x110>[B] (+1) -0.493464052<x111>[B] (+1) +0.493464052<x112>[B] (+1) +0.493464052<x113>[B] (+1) -0.493464052<x114>[B] (+1) -0.493464052<x115>[B] (+1) -0.493464052<x116>[B] (+1) -0.493464052<x117>[B] (+1) -0.493464052<x118>[B] (+0) -0.493464052<x119>[B] (+0) -0.493464052<x120>[B] (+0) -0.493464052<x121>[B] (+0) -0.493464052<x122>[B] (+0) -0.493464052<x123>[B] (+0) -0.493464052<x124>[B] (+1) -0.493464052<x125>[B] (+0) +0.493464052<x126>[B] (+1) +0.493464052<x127>[B] (+1) +0.493464052<x128>[B] (+1) +0.493464052<x129>[B] (+1) +0.493464052<x130>[B] (+1) +0.493464052<x131>[B] (+1) +0.493464052<x132>[B] (+1) +0.493464052<x133>[B] (+1) +0.493464052<x134>[B] (+0) -0.493464052<x135>[B] (+0) -0.493464052<x136>[B] (+1) -0.493464052<x137>[B] (+1) -0.493464052<x138>[B] (+0) +0.493464052<x139>[B] (+0) -0.493464052<x140>[B] (+0) -0.493464052<x141>[B] (+0) -0.493464052<x142>[B] (+1) -0.493464052<x143>[B] (+0) -0.493464052<x144>[B] (+0) -0.493464052<x145>[B] (+1) -0.493464052<x146>[B] (+1) -0.493464052<x147>[B] (+0) -0.493464052<x148>[B] (+1) -0.493464052<x149>[B] (+1) -0.493464052<x150>[B] (+1) -0.493464052<x151>[B] (+1) +0.493464052<x152>[B] (+0) +0.493464052<x153>[B] (+0) >= 15.421568627451;
;
violation: left hand side is violated by 0.0588235294117574
  [linear] <c2015>: <x158>[C] (+22.5065359) +0.539215686<x1>[B] (+1) +0.539215686<x2>[B] (+1) -0.539215686<x3>[B] (+1) +0.539215686<x4>[B] (+0) -0.539215686<x5>[B] (+1) -0.539215686<x6>[B] (+0) +0.539215686<x7>[B] (+0) -0.539215686<x8>[B] (+0) -0.539215686<x9>[B] (+1) +0.539215686<x10>[B] (+0) -0.539215686<x11>[B] (+0) +0.539215686<x12>[B] (+1) -0.539215686<x13>[B] (+0) -0.539215686<x14>[B] (+0) -0.539215686<x15>[B] (+1) +0.539215686<x16>[B] (+1) -0.539215686<x17>[B] (+0) -0.539215686<x18>[B] (+1) -0.539215686<x19>[B] (+1) -0.539215686<x20>[B] (+0) -0.539215686<x21>[B] (+1) -0.539215686<x22>[B] (+0) -0.539215686<x23>[B] (+0) -0.539215686<x24>[B] (+0) -0.539215686<x25>[B] (+1) +0.539215686<x26>[B] (+0) -0.539215686<x27>[B] (+0) -0.539215686<x28>[B] (+1) -0.539215686<x29>[B] (+0) -0.539215686<x30>[B] (+0) -0.539215686<x31>[B] (+1) -0.539215686<x32>[B] (+1) -0.539215686<x33>[B] (+0) -0.539215686<x34>[B] (+1) -0.539215686<x35>[B] (+0) -0.539215686<x36>[B] (+1) -0.539215686<x37>[B] (+0) -0.539215686<x38>[B] (+0) -0.539215686<x39>[B] (+0) -0.539215686<x40>[B] (+1) +0.539215686<x41>[B] (+0) -0.539215686<x42>[B] (+0) +0.539215686<x43>[B] (+1) -0.539215686<x44>[B] (+0) -0.539215686<x45>[B] (+0) -0.539215686<x46>[B] (+0) -0.539215686<x47>[B] (+1) -0.539215686<x48>[B] (+0) +0.539215686<x49>[B] (+0) -0.539215686<x50>[B] (+1) -0.539215686<x51>[B] (+0) +0.539215686<x52>[B] (+0) +0.539215686<x53>[B] (+0) -0.539215686<x54>[B] (+1) +0.539215686<x55>[B] (+0) -0.539215686<x56>[B] (+0) +0.539215686<x57>[B] (+1) +0.539215686<x58>[B] (+0) +0.539215686<x59>[B] (+0) +0.539215686<x60>[B] (+0) +0.539215686<x61>[B] (+1) +0.539215686<x62>[B] (+0) -0.539215686<x63>[B] (+1) -0.539215686<x64>[B] (+1) +0.539215686<x65>[B] (+0) -0.539215686<x66>[B] (+1) -0.539215686<x67>[B] (+1) +0.539215686<x68>[B] (+1) -0.539215686<x69>[B] (+1) +0.539215686<x70>[B] (+1) -0.539215686<x71>[B] (+1) -0.539215686<x72>[B] (+0) -0.539215686<x73>[B] (+1) +0.539215686<x74>[B] (+1) -0.539215686<x75>[B] (+1) -0.539215686<x76>[B] (+0) +0.539215686<x77>[B] (+0) +0.539215686<x78>[B] (+0) -0.539215686<x79>[B] (+1) +0.539215686<x80>[B] (+0) -0.539215686<x81>[B] (+0) +0.539215686<x82>[B] (+1) +0.539215686<x83>[B] (+0) +0.539215686<x84>[B] (+0) +0.539215686<x85>[B] (+0) +0.539215686<x86>[B] (+1) +0.539215686<x87>[B] (+0) +0.539215686<x88>[B] (+0) +0.539215686<x89>[B] (+1) +0.539215686<x90>[B] (+1) +0.539215686<x91>[B] (+0) +0.539215686<x92>[B] (+1) +0.539215686<x93>[B] (+1) +0.539215686<x94>[B] (+1) +0.539215686<x95>[B] (+0) +0.539215686<x96>[B] (+1) +0.539215686<x97>[B] (+1) +0.539215686<x98>[B] (+1) -0.539215686<x99>[B] (+1) -0.539215686<x100>[B] (+1) +0.539215686<x101>[B] (+1) -0.539215686<x102>[B] (+1) +0.539215686<x103>[B] (+1) -0.539215686<x104>[B] (+1) -0.539215686<x105>[B] (+1) -0.539215686<x106>[B] (+1) -0.539215686<x107>[B] (+1) -0.539215686<x108>[B] (+1) -0.539215686<x109>[B] (+1) +0.539215686<x110>[B] (+0) -0.539215686<x111>[B] (+1) +0.539215686<x112>[B] (+1) +0.539215686<x113>[B] (+0) -0.539215686<x114>[B] (+0) +0.539215686<x115>[B] (+1) +0.539215686<x116>[B] (+1) -0.539215686<x117>[B] (+1) +0.539215686<x118>[B] (+0) +0.539215686<x119>[B] (+0) +0.539215686<x120>[B] (+0) +0.539215686<x121>[B] (+0) +0.539215686<x122>[B] (+0) +0.539215686<x123>[B] (+0) +0.539215686<x124>[B] (+0) +0.539215686<x125>[B] (+0) -0.539215686<x126>[B] (+1) -0.539215686<x127>[B] (+1) -0.539215686<x128>[B] (+1) -0.539215686<x129>[B] (+0) -0.539215686<x130>[B] (+1) -0.539215686<x131>[B] (+1) -0.539215686<x132>[B] (+1) +0.539215686<x133>[B] (+1) +0.539215686<x134>[B] (+0) +0.539215686<x135>[B] (+0) +0.539215686<x136>[B] (+1) +0.539215686<x137>[B] (+1) +0.539215686<x138>[B] (+0) -0.539215686<x139>[B] (+0) -0.539215686<x140>[B] (+0) -0.539215686<x141>[B] (+0) -0.539215686<x142>[B] (+1) -0.539215686<x143>[B] (+0) -0.539215686<x144>[B] (+0) +0.539215686<x145>[B] (+1) +0.539215686<x146>[B] (+1) -0.539215686<x147>[B] (+1) +0.539215686<x148>[B] (+1) +0.539215686<x149>[B] (+1) -0.539215686<x150>[B] (+1) +0.539215686<x151>[B] (+1) -0.539215686<x152>[B] (+0) -0.539215686<x153>[B] (+0) >= 15.5032679738562;
;
violation: left hand side is violated by 0.00653594771240407
  [linear] <c2057>: <x225>[C] (+36.6993464) -0.689542484<x1>[B] (+1) -0.689542484<x2>[B] (+0) -0.689542484<x3>[B] (+1) -0.689542484<x4>[B] (+0) -0.689542484<x5>[B] (+1) +0.689542484<x6>[B] (+0) -0.689542484<x7>[B] (+0) +0.689542484<x8>[B] (+0) +0.689542484<x9>[B] (+1) +0.689542484<x10>[B] (+0) +0.689542484<x11>[B] (+1) -0.689542484<x12>[B] (+1) +0.689542484<x13>[B] (+0) +0.689542484<x14>[B] (+0) +0.689542484<x15>[B] (+1) -0.689542484<x16>[B] (+1) +0.689542484<x17>[B] (+0) +0.689542484<x18>[B] (+0) -0.689542484<x19>[B] (+1) -0.689542484<x20>[B] (+0) -0.689542484<x21>[B] (+1) +0.689542484<x22>[B] (+0) -0.689542484<x23>[B] (+0) +0.689542484<x24>[B] (+0) +0.689542484<x25>[B] (+1) +0.689542484<x26>[B] (+0) +0.689542484<x27>[B] (+0) -0.689542484<x28>[B] (+1) +0.689542484<x29>[B] (+0) +0.689542484<x30>[B] (+0) +0.689542484<x31>[B] (+1) -0.689542484<x32>[B] (+1) +0.689542484<x33>[B] (+0) -0.689542484<x34>[B] (+1) -0.689542484<x35>[B] (+1) -0.689542484<x36>[B] (+1) +0.689542484<x37>[B] (+0) -0.689542484<x38>[B] (+0) +0.689542484<x39>[B] (+0) +0.689542484<x40>[B] (+1) +0.689542484<x41>[B] (+0) +0.689542484<x42>[B] (+1) -0.689542484<x43>[B] (+1) +0.689542484<x44>[B] (+1) +0.689542484<x45>[B] (+1) +0.689542484<x46>[B] (+1) -0.689542484<x47>[B] (+1) +0.689542484<x48>[B] (+1) +0.689542484<x49>[B] (+0) -0.689542484<x50>[B] (+1) +0.689542484<x51>[B] (+0) +0.689542484<x52>[B] (+0) +0.689542484<x53>[B] (+0) +0.689542484<x54>[B] (+1) +0.689542484<x55>[B] (+0) +0.689542484<x56>[B] (+0) -0.689542484<x57>[B] (+1) +0.689542484<x58>[B] (+0) +0.689542484<x59>[B] (+0) +0.689542484<x60>[B] (+1) -0.689542484<x61>[B] (+1) +0.689542484<x62>[B] (+0) -0.689542484<x63>[B] (+1) +0.689542484<x64>[B] (+0) +0.689542484<x65>[B] (+0) +0.689542484<x66>[B] (+0) +0.689542484<x67>[B] (+1) +0.689542484<x68>[B] (+0) +0.689542484<x69>[B] (+1) -0.689542484<x70>[B] (+1) +0.689542484<x71>[B] (+1) +0.689542484<x72>[B] (+1) +0.689542484<x73>[B] (+1) -0.689542484<x74>[B] (+1) +0.689542484<x75>[B] (+1) +0.689542484<x76>[B] (+0) +0.689542484<x77>[B] (+0) +0.689542484<x78>[B] (+0) +0.689542484<x79>[B] (+1) +0.689542484<x80>[B] (+0) +0.689542484<x81>[B] (+0) -0.689542484<x82>[B] (+1) +0.689542484<x83>[B] (+0) +0.689542484<x84>[B] (+0) +0.689542484<x85>[B] (+0) +0.689542484<x86>[B] (+1) +0.689542484<x87>[B] (+0) -0.689542484<x88>[B] (+0) +0.689542484<x89>[B] (+1) -0.689542484<x90>[B] (+1) -0.689542484<x91>[B] (+0) -0.689542484<x92>[B] (+1) -0.689542484<x93>[B] (+1) -0.689542484<x94>[B] (+1) -0.689542484<x95>[B] (+1) -0.689542484<x96>[B] (+1) -0.689542484<x97>[B] (+1) +0.689542484<x98>[B] (+1) +0.689542484<x99>[B] (+1) +0.689542484<x100>[B] (+1) +0.689542484<x101>[B] (+0) +0.689542484<x102>[B] (+1) -0.689542484<x103>[B] (+1) +0.689542484<x104>[B] (+1) +0.689542484<x105>[B] (+1) +0.689542484<x106>[B] (+1) -0.689542484<x107>[B] (+1) +0.689542484<x108>[B] (+1) -0.689542484<x109>[B] (+1) -0.689542484<x110>[B] (+0) -0.689542484<x111>[B] (+1) -0.689542484<x112>[B] (+1) -0.689542484<x113>[B] (+1) -0.689542484<x114>[B] (+1) -0.689542484<x115>[B] (+1) -0.689542484<x116>[B] (+1) -0.689542484<x117>[B] (+1) +0.689542484<x118>[B] (+0) +0.689542484<x119>[B] (+0) -0.689542484<x120>[B] (+0) +0.689542484<x121>[B] (+0) +0.689542484<x122>[B] (+0) +0.689542484<x123>[B] (+0) -0.689542484<x124>[B] (+0) +0.689542484<x125>[B] (+0) +0.689542484<x126>[B] (+1) -0.689542484<x127>[B] (+1) +0.689542484<x128>[B] (+1) +0.689542484<x129>[B] (+1) -0.689542484<x130>[B] (+1) -0.689542484<x131>[B] (+1) +0.689542484<x132>[B] (+1) -0.689542484<x133>[B] (+1) +0.689542484<x134>[B] (+0) -0.689542484<x135>[B] (+0) -0.689542484<x136>[B] (+1) -0.689542484<x137>[B] (+1) +0.689542484<x138>[B] (+0) +0.689542484<x139>[B] (+0) +0.689542484<x140>[B] (+0) +0.689542484<x141>[B] (+0) +0.689542484<x142>[B] (+1) +0.689542484<x143>[B] (+0) -0.689542484<x144>[B] (+1) -0.689542484<x145>[B] (+1) -0.689542484<x146>[B] (+1) +0.689542484<x147>[B] (+0) -0.689542484<x148>[B] (+1) -0.689542484<x149>[B] (+1) +0.689542484<x150>[B] (+0) -0.689542484<x151>[B] (+1) +0.689542484<x152>[B] (+0) +0.689542484<x153>[B] (+0) >= 26.375816993464;
;
violation: left hand side is violated by 0.0196078431372619
all 10 solutions given by solution candidate storage are infeasible

feasible solution found by trivial heuristic after 0.0 seconds, objective value -9.000008e+06
presolving:
   (0.0s) symmetry computation started: requiring (bin +, int +, cont +), (fixed: bin -, int -, cont -)
   (0.0s) no symmetry present (symcode time: 0.00)
presolving (0 rounds: 0 fast, 0 medium, 0 exhaustive):
 0 deleted vars, 0 deleted constraints, 0 added constraints, 0 tightened bounds, 0 added holes, 0 changed sides, 0 changed coefficients
 0 implications, 0 cliques, 0 implied integral variables (0 bin, 0 int, 0 cont)
presolved problem has 243 variables (153 bin, 0 int, 90 cont) and 2066 constraints
   2066 constraints of type <linear>
Presolving Time: 0.03
transformed 1/1 original solutions to the transformed problem space

 time | node  | left  |LP iter|LP it/n|mem/heur|mdpt |vars |cons |rows |cuts |sepa|confs|strbr|  dualbound   | primalbound  |  gap   | compl. 
p 0.1s|     1 |     0 |    39 |     - |   locks|   0 | 243 |2066 |2066 |   0 |  0 |   0 |   0 | 5.000000e+02 |-1.883621e+03 |    Inf | unknown
  0.2s|     1 |     0 |  1292 |     - |   110M |   0 | 243 |2066 |2066 |   0 |  0 |   0 |   0 |-1.544602e+03 |-1.883621e+03 |  21.95%| unknown
  0.3s|     1 |     0 |  1338 |     - |   111M |   0 | 243 |2066 |2067 |   1 |  1 |   0 |   0 |-1.544662e+03 |-1.883621e+03 |  21.94%| unknown
r 0.4s|     1 |     0 |  1338 |     - |shifting|   0 | 243 |2066 |2067 |   1 |  1 |   0 |   0 |-1.544662e+03 |-1.751457e+03 |  13.39%| unknown
  0.5s|     1 |     0 |  1392 |     - |   111M |   0 | 243 |2066 |2070 |   4 |  2 |   0 |   0 |-1.544790e+03 |-1.751457e+03 |  13.38%| unknown
  0.5s|     1 |     0 |  1392 |     - |   111M |   0 | 243 |2066 |2070 |   4 |  2 |   0 |   0 |-1.544790e+03 |-1.751457e+03 |  13.38%| unknown
  0.6s|     1 |     0 |  1433 |     - |   111M |   0 | 243 |2066 |2072 |   6 |  3 |   0 |   0 |-1.544850e+03 |-1.751457e+03 |  13.37%| unknown
  0.8s|     1 |     0 |  1498 |     - |   111M |   0 | 243 |2066 |2074 |   8 |  4 |   0 |   0 |-1.544959e+03 |-1.751457e+03 |  13.37%| unknown
  0.9s|     1 |     0 |  1561 |     - |   112M |   0 | 243 |2066 |2077 |  11 |  5 |   0 |   0 |-1.545000e+03 |-1.751457e+03 |  13.36%| unknown
  1.1s|     1 |     0 |  1630 |     - |   112M |   0 | 243 |2066 |2078 |  12 |  6 |   0 |   0 |-1.545050e+03 |-1.751457e+03 |  13.36%| unknown
r 1.1s|     1 |     0 |  1630 |     - |shifting|   0 | 243 |2066 |2078 |  12 |  6 |   0 |   0 |-1.545050e+03 |-1.751225e+03 |  13.34%| unknown
  1.3s|     1 |     0 |  1679 |     - |   112M |   0 | 243 |2066 |2081 |  15 |  7 |   0 |   0 |-1.545082e+03 |-1.751225e+03 |  13.34%| unknown
  1.5s|     1 |     0 |  1770 |     - |   112M |   0 | 243 |2067 |2085 |  19 |  8 |   1 |   0 |-1.545114e+03 |-1.751225e+03 |  13.34%| unknown
  1.7s|     1 |     0 |  1852 |     - |   112M |   0 | 243 |2068 |2087 |  21 |  9 |   2 |   0 |-1.545138e+03 |-1.751225e+03 |  13.34%| unknown
  1.9s|     1 |     0 |  1881 |     - |   113M |   0 | 243 |2068 |2089 |  23 | 10 |   2 |   0 |-1.545142e+03 |-1.751225e+03 |  13.34%| unknown
 time | node  | left  |LP iter|LP it/n|mem/heur|mdpt |vars |cons |rows |cuts |sepa|confs|strbr|  dualbound   | primalbound  |  gap   | compl. 
  1.9s|     1 |     0 |  1909 |     - |   113M |   0 | 243 |2068 |2092 |  26 | 11 |   2 |   0 |-1.545146e+03 |-1.751225e+03 |  13.34%| unknown
r 2.0s|     1 |     0 |  2081 |     - |intshift|   0 | 243 |2068 |2092 |  26 | 11 |   2 |   0 |-1.545146e+03 |-1.582016e+03 |   2.39%| unknown
d 2.1s|     1 |     0 |  3244 |     - |farkasdi|   0 | 243 |2068 |2092 |   0 | 11 |   2 |   0 |-1.545146e+03 |-1.558781e+03 |   0.88%| unknown
d 2.1s|     1 |     0 |  3603 |     - |conflict|   0 | 243 |2068 |2092 |   0 | 11 |   2 |   0 |-1.545146e+03 |-1.557036e+03 |   0.77%| unknown
L 3.0s|     1 |     0 |  3603 |     - |    rens|   0 | 243 |2068 |2092 |  26 | 11 |   2 |   0 |-1.545146e+03 |-1.552134e+03 |   0.45%| unknown
  3.1s|     1 |     0 |  3603 |     - |   113M |   0 | 243 |2068 |2092 |  26 | 11 |   2 |   0 |-1.545146e+03 |-1.552134e+03 |   0.45%| unknown
  3.1s|     1 |     0 |  3603 |     - |   113M |   0 | 243 |2068 |2029 |  26 | 11 |   2 |   0 |-1.545146e+03 |-1.552134e+03 |   0.45%| unknown
  3.1s|     1 |     0 |  3614 |     - |   113M |   0 | 243 |2068 |2031 |  28 | 12 |   2 |   0 |-1.545146e+03 |-1.552134e+03 |   0.45%| unknown
  3.1s|     1 |     0 |  3705 |     - |   113M |   0 | 243 |2068 |2034 |  31 | 13 |   2 |   0 |-1.545173e+03 |-1.552134e+03 |   0.45%| unknown
  4.1s|     1 |     2 |  3705 |     - |   113M |   0 | 243 |2004 |2034 |  31 | 13 |   2 |  23 |-1.546453e+03 |-1.552134e+03 |   0.37%| unknown
(run 1, node 1) restarting after 4 global fixings of integer variables

(restart) converted 31 cuts from the global cut pool into linear constraints

presolving:
presolving (0 rounds: 0 fast, 0 medium, 0 exhaustive):
 0 deleted vars, 0 deleted constraints, 0 added constraints, 0 tightened bounds, 0 added holes, 0 changed sides, 0 changed coefficients
 0 implications, 0 cliques, 0 implied integral variables (0 bin, 0 int, 0 cont)
presolved problem has 243 variables (153 bin, 0 int, 90 cont) and 2035 constraints
   2033 constraints of type <linear>
      2 constraints of type <logicor>
Presolving Time: 0.03
transformed 19/22 original solutions to the transformed problem space

 time | node  | left  |LP iter|LP it/n|mem/heur|mdpt |vars |cons |rows |cuts |sepa|confs|strbr|  dualbound   | primalbound  |  gap   | compl. 
  4.3s|     1 |     0 |  4939 |     - |   113M |   0 | 243 |2035 |2033 |   0 |  0 |   2 |  23 |-1.546453e+03 |-1.552134e+03 |   0.37%| unknown
  4.5s|     1 |     0 |  4963 |     - |   113M |   0 | 243 |2035 |2034 |   1 |  1 |   2 |  23 |-1.546453e+03 |-1.552134e+03 |   0.37%| unknown
  4.6s|     1 |     0 |  5035 |     - |   113M |   0 | 243 |2035 |2036 |   3 |  2 |   2 |  23 |-1.546453e+03 |-1.552134e+03 |   0.37%| unknown
  4.9s|     1 |     0 |  5087 |     - |   114M |   0 | 243 |2036 |2038 |   5 |  3 |   3 |  23 |-1.546453e+03 |-1.552134e+03 |   0.37%| unknown
  5.1s|     1 |     0 |  5144 |     - |   114M |   0 | 243 |2036 |2040 |   7 |  4 |   3 |  23 |-1.546453e+03 |-1.552134e+03 |   0.37%| unknown
  5.3s|     1 |     0 |  5191 |     - |   114M |   0 | 243 |2036 |2041 |   8 |  5 |   3 |  23 |-1.546453e+03 |-1.552134e+03 |   0.37%| unknown
  5.5s|     1 |     0 |  5269 |     - |   114M |   0 | 243 |2036 |2042 |   9 |  6 |   3 |  23 |-1.546453e+03 |-1.552134e+03 |   0.37%| unknown
  5.7s|     1 |     0 |  5314 |     - |   115M |   0 | 243 |2036 |2044 |  11 |  7 |   3 |  23 |-1.546453e+03 |-1.552134e+03 |   0.37%| unknown
  6.0s|     1 |     0 |  5356 |     - |   115M |   0 | 243 |2036 |2045 |  12 |  8 |   3 |  23 |-1.546453e+03 |-1.552134e+03 |   0.37%| unknown
  6.2s|     1 |     0 |  5399 |     - |   115M |   0 | 243 |2036 |2046 |  13 |  9 |   3 |  23 |-1.546453e+03 |-1.552134e+03 |   0.37%| unknown
  6.4s|     1 |     0 |  5419 |     - |   116M |   0 | 243 |2036 |2047 |  14 | 10 |   3 |  23 |-1.546453e+03 |-1.552134e+03 |   0.37%| unknown
  6.5s|     1 |     0 |  5450 |     - |   117M |   0 | 243 |2036 |2048 |  15 | 11 |   3 |  23 |-1.546453e+03 |-1.552134e+03 |   0.37%| unknown
  8.6s|     1 |     2 |  6673 |     - |   117M |   0 | 243 |2050 |2048 |  15 | 11 |  17 |  42 |-1.546658e+03 |-1.552134e+03 |   0.35%| unknown

SCIP Status        : problem is solved [optimal solution found]
Solving Time (sec) : 12.04
Solving Nodes      : 17 (total of 18 nodes in 2 runs)
Primal Bound       : -1.55213398692811e+03 (53 solutions)
Dual Bound         : -1.55213398692811e+03
Gap                : 0.00 %
  [linear] <c2067>: <x157>[C] (+26.4052288) +0.58496732<x1>[B] (+0) +0.58496732<x2>[B] (+1) +0.58496732<x3>[B] (+1) +0.58496732<x4>[B] (+0) +0.58496732<x5>[B] (+1) +0.58496732<x6>[B] (+0) +0.58496732<x7>[B] (+0) +0.58496732<x8>[B] (+0) +0.58496732<x9>[B] (+1) +0.58496732<x10>[B] (+0) +0.58496732<x11>[B] (+1) +0.58496732<x12>[B] (+1) +0.58496732<x13>[B] (+0) +0.58496732<x14>[B] (+0) +0.58496732<x15>[B] (+1) +0.58496732<x16>[B] (+1) +0.58496732<x17>[B] (+0) +0.58496732<x18>[B] (+1) +0.58496732<x19>[B] (+1) +0.58496732<x20>[B] (+0) -0.58496732<x21>[B] (+1) +0.58496732<x22>[B] (+0) +0.58496732<x23>[B] (+0) -0.58496732<x24>[B] (+0) -0.58496732<x25>[B] (+1) +0.58496732<x26>[B] (+0) +0.58496732<x27>[B] (+1) +0.58496732<x28>[B] (+1) +0.58496732<x29>[B] (+0) +0.58496732<x30>[B] (+0) +0.58496732<x31>[B] (+1) -0.58496732<x32>[B] (+1) +0.58496732<x33>[B] (+0) -0.58496732<x34>[B] (+1) -0.58496732<x35>[B] (+0) -0.58496732<x36>[B] (+1) +0.58496732<x37>[B] (+0) +0.58496732<x38>[B] (+0) -0.58496732<x39>[B] (+0) -0.58496732<x40>[B] (+1) -0.58496732<x41>[B] (+0) -0.58496732<x42>[B] (+1) +0.58496732<x43>[B] (+1) +0.58496732<x44>[B] (+0) -0.58496732<x45>[B] (+0) +0.58496732<x46>[B] (+0) -0.58496732<x47>[B] (+1) -0.58496732<x48>[B] (+0) +0.58496732<x49>[B] (+0) -0.58496732<x50>[B] (+0) +0.58496732<x51>[B] (+0) +0.58496732<x52>[B] (+0) -0.58496732<x53>[B] (+0) -0.58496732<x54>[B] (+1) +0.58496732<x55>[B] (+0) -0.58496732<x56>[B] (+1) +0.58496732<x57>[B] (+1) +0.58496732<x58>[B] (+0) -0.58496732<x59>[B] (+0) +0.58496732<x60>[B] (+0) -0.58496732<x61>[B] (+1) -0.58496732<x62>[B] (+0) -0.58496732<x63>[B] (+1) +0.58496732<x64>[B] (+1) +0.58496732<x65>[B] (+0) -0.58496732<x66>[B] (+1) -0.58496732<x67>[B] (+1) +0.58496732<x68>[B] (+1) -0.58496732<x69>[B] (+1) +0.58496732<x70>[B] (+1) +0.58496732<x71>[B] (+1) -0.58496732<x72>[B] (+1) +0.58496732<x73>[B] (+1) -0.58496732<x74>[B] (+1) -0.58496732<x75>[B] (+0) +0.58496732<x76>[B] (+0) +0.58496732<x77>[B] (+0) +0.58496732<x78>[B] (+0) -0.58496732<x79>[B] (+1) +0.58496732<x80>[B] (+0) +0.58496732<x81>[B] (+1) +0.58496732<x82>[B] (+1) +0.58496732<x83>[B] (+0) +0.58496732<x84>[B] (+0) +0.58496732<x85>[B] (+0) -0.58496732<x86>[B] (+1) +0.58496732<x87>[B] (+0) -0.58496732<x88>[B] (+0) -0.58496732<x89>[B] (+1) -0.58496732<x90>[B] (+1) -0.58496732<x91>[B] (+0) -0.58496732<x92>[B] (+1) +0.58496732<x93>[B] (+1) +0.58496732<x94>[B] (+1) -0.58496732<x95>[B] (+0) +0.58496732<x96>[B] (+1) -0.58496732<x97>[B] (+1) -0.58496732<x98>[B] (+0) -0.58496732<x99>[B] (+1) -0.58496732<x100>[B] (+1) -0.58496732<x101>[B] (+1) -0.58496732<x102>[B] (+1) +0.58496732<x103>[B] (+1) +0.58496732<x104>[B] (+1) -0.58496732<x105>[B] (+1) +0.58496732<x106>[B] (+1) -0.58496732<x107>[B] (+1) -0.58496732<x108>[B] (+0) -0.58496732<x109>[B] (+1) +0.58496732<x110>[B] (+0) +0.58496732<x111>[B] (+1) +0.58496732<x112>[B] (+1) +0.58496732<x113>[B] (+0) +0.58496732<x114>[B] (+0) +0.58496732<x115>[B] (+1) -0.58496732<x116>[B] (+1) +0.58496732<x117>[B] (+0) +0.58496732<x118>[B] (+0) +0.58496732<x119>[B] (+1) +0.58496732<x120>[B] (+0) +0.58496732<x121>[B] (+0) +0.58496732<x122>[B] (+0) +0.58496732<x123>[B] (+0) +0.58496732<x124>[B] (+1) +0.58496732<x125>[B] (+0) -0.58496732<x126>[B] (+1) +0.58496732<x127>[B] (+1) +0.58496732<x128>[B] (+1) -0.58496732<x129>[B] (+3.77475828e-15) +0.58496732<x130>[B] (+1) -0.58496732<x131>[B] (+1) -0.58496732<x132>[B] (+3.77475828e-15) +0.58496732<x133>[B] (+0) +0.58496732<x134>[B] (+0) -0.58496732<x135>[B] (+0) +0.58496732<x136>[B] (+0) -0.58496732<x137>[B] (+1) -0.58496732<x138>[B] (+0) +0.58496732<x139>[B] (+0) -0.58496732<x140>[B] (+0) +0.58496732<x141>[B] (+0) -0.58496732<x142>[B] (+1) -0.58496732<x143>[B] (+0) -0.58496732<x144>[B] (+0) +0.58496732<x145>[B] (+1) -0.58496732<x146>[B] (+1) -0.58496732<x147>[B] (+0) +0.58496732<x148>[B] (+1) -0.58496732<x149>[B] (+1) +0.58496732<x150>[B] (+0) -0.58496732<x151>[B] (+1) -0.58496732<x152>[B] (+0) +0.58496732<x153>[B] (+0) >= 26.4705882352941;
;
violation: left hand side is violated by 0.0653594771241828
  [linear] <c2071>: <x173>[C] (+31.9901961) +0.637254902<x1>[B] (+0) +0.637254902<x2>[B] (+0) +0.637254902<x3>[B] (+9.88300351e-14) +0.637254902<x4>[B] (+0) +0.637254902<x5>[B] (+1) +0.637254902<x6>[B] (+0) +0.637254902<x7>[B] (+0) +0.637254902<x8>[B] (+0) +0.637254902<x9>[B] (+1) +0.637254902<x10>[B] (+0) +0.637254902<x11>[B] (+1) +0.637254902<x12>[B] (+1) -0.637254902<x13>[B] (+1) +0.637254902<x14>[B] (+0) +0.637254902<x15>[B] (+1) +0.637254902<x16>[B] (+1) +0.637254902<x17>[B] (+0) +0.637254902<x18>[B] (+0) -0.637254902<x19>[B] (+1) +0.637254902<x20>[B] (+0) -0.637254902<x21>[B] (+1) +0.637254902<x22>[B] (+0) +0.637254902<x23>[B] (+0) -0.637254902<x24>[B] (+0) +0.637254902<x25>[B] (+1) +0.637254902<x26>[B] (+0) -0.637254902<x27>[B] (+1) +0.637254902<x28>[B] (+1) -0.637254902<x29>[B] (+1) +0.637254902<x30>[B] (+0) +0.637254902<x31>[B] (+1) -0.637254902<x32>[B] (+1) +0.637254902<x33>[B] (+0) -0.637254902<x34>[B] (+1) -0.637254902<x35>[B] (+1) -0.637254902<x36>[B] (+1) +0.637254902<x37>[B] (+1) -0.637254902<x38>[B] (+1) -0.637254902<x39>[B] (+0) -0.637254902<x40>[B] (+1) -0.637254902<x41>[B] (+1) -0.637254902<x42>[B] (+1) -0.637254902<x43>[B] (+1) -0.637254902<x44>[B] (+1) +0.637254902<x45>[B] (+1) -0.637254902<x46>[B] (+1) -0.637254902<x47>[B] (+1) +0.637254902<x48>[B] (+1) +0.637254902<x49>[B] (+0) +0.637254902<x50>[B] (+1) +0.637254902<x51>[B] (+0) +0.637254902<x52>[B] (+0) -0.637254902<x53>[B] (+0) +0.637254902<x54>[B] (+1) +0.637254902<x55>[B] (+0) -0.637254902<x56>[B] (+1) +0.637254902<x57>[B] (+1) -0.637254902<x58>[B] (+1) +0.637254902<x59>[B] (+0) +0.637254902<x60>[B] (+1) -0.637254902<x61>[B] (+1) +0.637254902<x62>[B] (+0) -0.637254902<x63>[B] (+1) +0.637254902<x64>[B] (+1) -0.637254902<x65>[B] (+0) -0.637254902<x66>[B] (+0) -0.637254902<x67>[B] (+1) +0.637254902<x68>[B] (+1) -0.637254902<x69>[B] (+1) +0.637254902<x70>[B] (+1) -0.637254902<x71>[B] (+1) +0.637254902<x72>[B] (+1) +0.637254902<x73>[B] (+1) -0.637254902<x74>[B] (+1) +0.637254902<x75>[B] (+0) +0.637254902<x76>[B] (+0) +0.637254902<x77>[B] (+0) -0.637254902<x78>[B] (+0) +0.637254902<x79>[B] (+1) +0.637254902<x80>[B] (+0) -0.637254902<x81>[B] (+1) +0.637254902<x82>[B] (+1) -0.637254902<x83>[B] (+0) +0.637254902<x84>[B] (+0) +0.637254902<x85>[B] (+0) -0.637254902<x86>[B] (+1) +0.637254902<x87>[B] (+0) -0.637254902<x88>[B] (+0) -0.637254902<x89>[B] (+0) -0.637254902<x90>[B] (+1) -0.637254902<x91>[B] (+0) -0.637254902<x92>[B] (+1) -0.637254902<x93>[B] (+1) -0.637254902<x94>[B] (+1) -0.637254902<x95>[B] (+0) -0.637254902<x96>[B] (+1) -0.637254902<x97>[B] (+1) -0.637254902<x98>[B] (+0) -0.637254902<x99>[B] (+0) +0.637254902<x100>[B] (+1) +0.637254902<x101>[B] (+1) -0.637254902<x102>[B] (+1) +0.637254902<x103>[B] (+1) -0.637254902<x104>[B] (+1) +0.637254902<x105>[B] (+1) +0.637254902<x106>[B] (+1) -0.637254902<x107>[B] (+1) +0.637254902<x108>[B] (+0) +0.637254902<x109>[B] (+1) +0.637254902<x110>[B] (+1) +0.637254902<x111>[B] (+1) +0.637254902<x112>[B] (+1) -0.637254902<x113>[B] (+1) +0.637254902<x114>[B] (+1) +0.637254902<x115>[B] (+1) -0.637254902<x116>[B] (+1) +0.637254902<x117>[B] (+1) +0.637254902<x118>[B] (+0) -0.637254902<x119>[B] (+1) +0.637254902<x120>[B] (+0) -0.637254902<x121>[B] (+0) +0.637254902<x122>[B] (+0) +0.637254902<x123>[B] (+0) -0.637254902<x124>[B] (+1) +0.637254902<x125>[B] (+0) -0.637254902<x126>[B] (+1) -0.637254902<x127>[B] (+1) -0.637254902<x128>[B] (+1) +0.637254902<x129>[B] (+0) -0.637254902<x130>[B] (+1) -0.637254902<x131>[B] (+1) +0.637254902<x132>[B] (+0) +0.637254902<x133>[B] (+0) -0.637254902<x134>[B] (+0) +0.637254902<x135>[B] (+0) +0.637254902<x136>[B] (+0) -0.637254902<x137>[B] (+1) +0.637254902<x138>[B] (+0) -0.637254902<x139>[B] (+0) +0.637254902<x140>[B] (+0) +0.637254902<x141>[B] (+0) -0.637254902<x142>[B] (+1) +0.637254902<x143>[B] (+0) +0.637254902<x144>[B] (+0) +0.637254902<x145>[B] (+1) +0.637254902<x146>[B] (+1) +0.637254902<x147>[B] (+0) -0.637254902<x148>[B] (+1) -0.637254902<x149>[B] (+1) -0.637254902<x150>[B] (+0) -0.637254902<x151>[B] (+1) +0.637254902<x152>[B] (+0) +0.637254902<x153>[B] (+0) >= 23.7385620915033;
;
violation: left hand side is violated by 0.0326797385620736
  [linear] <c2067>: <x157>[C] (+25.8464052) +0.58496732<x1>[B] (+1) +0.58496732<x2>[B] (+1) +0.58496732<x3>[B] (+1) +0.58496732<x4>[B] (+0) +0.58496732<x5>[B] (+1) +0.58496732<x6>[B] (+0) +0.58496732<x7>[B] (+0) +0.58496732<x8>[B] (+0) +0.58496732<x9>[B] (+1) +0.58496732<x10>[B] (+0) +0.58496732<x11>[B] (+1) +0.58496732<x12>[B] (+1) +0.58496732<x13>[B] (+1) +0.58496732<x14>[B] (+0) +0.58496732<x15>[B] (+1) +0.58496732<x16>[B] (+1) +0.58496732<x17>[B] (+1) +0.58496732<x18>[B] (+1) +0.58496732<x19>[B] (+1) +0.58496732<x20>[B] (+0) -0.58496732<x21>[B] (+1) +0.58496732<x22>[B] (+0) +0.58496732<x23>[B] (+0) -0.58496732<x24>[B] (+0) -0.58496732<x25>[B] (+1) +0.58496732<x26>[B] (+0) +0.58496732<x27>[B] (+1) +0.58496732<x28>[B] (+1) +0.58496732<x29>[B] (+0) +0.58496732<x30>[B] (+0) +0.58496732<x31>[B] (+1) -0.58496732<x32>[B] (+1) +0.58496732<x33>[B] (+0) -0.58496732<x34>[B] (+1) -0.58496732<x35>[B] (+0) -0.58496732<x36>[B] (+1) +0.58496732<x37>[B] (+0) +0.58496732<x38>[B] (+0) -0.58496732<x39>[B] (+0) -0.58496732<x40>[B] (+1) -0.58496732<x41>[B] (+0) -0.58496732<x42>[B] (+1) +0.58496732<x43>[B] (+1) +0.58496732<x44>[B] (+0) -0.58496732<x45>[B] (+0) +0.58496732<x46>[B] (+0) -0.58496732<x47>[B] (+1) -0.58496732<x48>[B] (+0) +0.58496732<x49>[B] (+0) -0.58496732<x50>[B] (+0) +0.58496732<x51>[B] (+0) +0.58496732<x52>[B] (+0) -0.58496732<x53>[B] (+0) -0.58496732<x54>[B] (+1) +0.58496732<x55>[B] (+0) -0.58496732<x56>[B] (+1) +0.58496732<x57>[B] (+1) +0.58496732<x58>[B] (+0) -0.58496732<x59>[B] (+0) +0.58496732<x60>[B] (+0) -0.58496732<x61>[B] (+1) -0.58496732<x62>[B] (+0) -0.58496732<x63>[B] (+1) +0.58496732<x64>[B] (+1) +0.58496732<x65>[B] (+0) -0.58496732<x66>[B] (+1) -0.58496732<x67>[B] (+1) +0.58496732<x68>[B] (+1) -0.58496732<x69>[B] (+1) +0.58496732<x70>[B] (+1) +0.58496732<x71>[B] (+1) -0.58496732<x72>[B] (+1) +0.58496732<x73>[B] (+1) -0.58496732<x74>[B] (+1) -0.58496732<x75>[B] (+1) +0.58496732<x76>[B] (+0) +0.58496732<x77>[B] (+0) +0.58496732<x78>[B] (+0) -0.58496732<x79>[B] (+1) +0.58496732<x80>[B] (+0) +0.58496732<x81>[B] (+1) +0.58496732<x82>[B] (+1) +0.58496732<x83>[B] (+0) +0.58496732<x84>[B] (+0) +0.58496732<x85>[B] (+0) -0.58496732<x86>[B] (+1) +0.58496732<x87>[B] (+0) -0.58496732<x88>[B] (+0) -0.58496732<x89>[B] (+1) -0.58496732<x90>[B] (+1) -0.58496732<x91>[B] (+0) -0.58496732<x92>[B] (+1) +0.58496732<x93>[B] (+1) +0.58496732<x94>[B] (+1) -0.58496732<x95>[B] (+0) +0.58496732<x96>[B] (+1) -0.58496732<x97>[B] (+1) -0.58496732<x98>[B] (+1) -0.58496732<x99>[B] (+1) -0.58496732<x100>[B] (+1) -0.58496732<x101>[B] (+1) -0.58496732<x102>[B] (+1) +0.58496732<x103>[B] (+1) +0.58496732<x104>[B] (+1) -0.58496732<x105>[B] (+1) +0.58496732<x106>[B] (+1) -0.58496732<x107>[B] (+1) -0.58496732<x108>[B] (+1) -0.58496732<x109>[B] (+1) +0.58496732<x110>[B] (+0) +0.58496732<x111>[B] (+1) +0.58496732<x112>[B] (+1) +0.58496732<x113>[B] (+1) +0.58496732<x114>[B] (+0) +0.58496732<x115>[B] (+1) -0.58496732<x116>[B] (+1) +0.58496732<x117>[B] (+1) +0.58496732<x118>[B] (+0) +0.58496732<x119>[B] (+1) +0.58496732<x120>[B] (+0) +0.58496732<x121>[B] (+0) +0.58496732<x122>[B] (+0) +0.58496732<x123>[B] (+0) +0.58496732<x124>[B] (+1) +0.58496732<x125>[B] (+0) -0.58496732<x126>[B] (+1) +0.58496732<x127>[B] (+1) +0.58496732<x128>[B] (+1) -0.58496732<x129>[B] (+0) +0.58496732<x130>[B] (+1) -0.58496732<x131>[B] (+1) -0.58496732<x132>[B] (+1) +0.58496732<x133>[B] (+0) +0.58496732<x134>[B] (+0) -0.58496732<x135>[B] (+0) +0.58496732<x136>[B] (+0) -0.58496732<x137>[B] (+1) -0.58496732<x138>[B] (+0) +0.58496732<x139>[B] (+0) -0.58496732<x140>[B] (+0) +0.58496732<x141>[B] (+0) -0.58496732<x142>[B] (+1) -0.58496732<x143>[B] (+0) -0.58496732<x144>[B] (+0) +0.58496732<x145>[B] (+1) -0.58496732<x146>[B] (+1) -0.58496732<x147>[B] (+1) +0.58496732<x148>[B] (+1) -0.58496732<x149>[B] (+1) +0.58496732<x150>[B] (+1) -0.58496732<x151>[B] (+1) -0.58496732<x152>[B] (+0) +0.58496732<x153>[B] (+0) >= 26.4705882352941;
;
violation: left hand side is violated by 0.0392156862745061
  [linear] <c2072>: <x174>[C] (+14.6633987) +0.441176471<x1>[B] (+1) +0.441176471<x2>[B] (+1) +0.441176471<x3>[B] (+1) +0.441176471<x4>[B] (+0) +0.441176471<x5>[B] (+1) +0.441176471<x6>[B] (+0) -0.441176471<x7>[B] (+0) -0.441176471<x8>[B] (+0) +0.441176471<x9>[B] (+1) +0.441176471<x10>[B] (+0) +0.441176471<x11>[B] (+1) +0.441176471<x12>[B] (+1) +0.441176471<x13>[B] (+0) +0.441176471<x14>[B] (+0) +0.441176471<x15>[B] (+1) +0.441176471<x16>[B] (+1) +0.441176471<x17>[B] (+1) +0.441176471<x18>[B] (+0) -0.441176471<x19>[B] (+1) -0.441176471<x20>[B] (+0) -0.441176471<x21>[B] (+1) +0.441176471<x22>[B] (+0) -0.441176471<x23>[B] (+0) -0.441176471<x24>[B] (+0) -0.441176471<x25>[B] (+1) -0.441176471<x26>[B] (+0) +0.441176471<x27>[B] (+1) -0.441176471<x28>[B] (+1) -0.441176471<x29>[B] (+0) -0.441176471<x30>[B] (+0) -0.441176471<x31>[B] (+0) -0.441176471<x32>[B] (+1) -0.441176471<x33>[B] (+0) -0.441176471<x34>[B] (+1) -0.441176471<x35>[B] (+0) -0.441176471<x36>[B] (+1) -0.441176471<x37>[B] (+0) -0.441176471<x38>[B] (+0) -0.441176471<x39>[B] (+0) -0.441176471<x40>[B] (+1) -0.441176471<x41>[B] (+0) -0.441176471<x42>[B] (+1) -0.441176471<x43>[B] (+1) -0.441176471<x44>[B] (+0) -0.441176471<x45>[B] (+0) -0.441176471<x46>[B] (+0) -0.441176471<x47>[B] (+1) -0.441176471<x48>[B] (+1) +0.441176471<x49>[B] (+0) +0.441176471<x50>[B] (+0) +0.441176471<x51>[B] (+0) -0.441176471<x52>[B] (+0) -0.441176471<x53>[B] (+0) +0.441176471<x54>[B] (+1) +0.441176471<x55>[B] (+0) +0.441176471<x56>[B] (+1) +0.441176471<x57>[B] (+1) -0.441176471<x58>[B] (+0) +0.441176471<x59>[B] (+0) -0.441176471<x60>[B] (+0) -0.441176471<x61>[B] (+1) -0.441176471<x62>[B] (+0) -0.441176471<x63>[B] (+1) +0.441176471<x64>[B] (+1) -0.441176471<x65>[B] (+0) -0.441176471<x66>[B] (+1) -0.441176471<x67>[B] (+1) -0.441176471<x68>[B] (+1) +0.441176471<x69>[B] (+1) -0.441176471<x70>[B] (+1) -0.441176471<x71>[B] (+1) -0.441176471<x72>[B] (+1) -0.441176471<x73>[B] (+1) -0.441176471<x74>[B] (+1) -0.441176471<x75>[B] (+1) +0.441176471<x76>[B] (+0) -0.441176471<x77>[B] (+0) -0.441176471<x78>[B] (+0) -0.441176471<x79>[B] (+1) -0.441176471<x80>[B] (+0) +0.441176471<x81>[B] (+1) +0.441176471<x82>[B] (+1) -0.441176471<x83>[B] (+0) +0.441176471<x84>[B] (+0) -0.441176471<x85>[B] (+0) -0.441176471<x86>[B] (+1) -0.441176471<x87>[B] (+0) -0.441176471<x88>[B] (+0) -0.441176471<x89>[B] (+1) -0.441176471<x90>[B] (+1) -0.441176471<x91>[B] (+0) +0.441176471<x92>[B] (+1) -0.441176471<x93>[B] (+1) -0.441176471<x94>[B] (+1) -0.441176471<x95>[B] (+0) -0.441176471<x96>[B] (+1) -0.441176471<x97>[B] (+1) -0.441176471<x98>[B] (+1) +0.441176471<x99>[B] (+1) +0.441176471<x100>[B] (+1) +0.441176471<x101>[B] (+1) +0.441176471<x102>[B] (+1) +0.441176471<x103>[B] (+1) +0.441176471<x104>[B] (+1) +0.441176471<x105>[B] (+1) +0.441176471<x106>[B] (+1) +0.441176471<x107>[B] (+1) +0.441176471<x108>[B] (+1) +0.441176471<x109>[B] (+1) +0.441176471<x110>[B] (+0) +0.441176471<x111>[B] (+1) +0.441176471<x112>[B] (+1) +0.441176471<x113>[B] (+0) +0.441176471<x114>[B] (+0) +0.441176471<x115>[B] (+1) +0.441176471<x116>[B] (+1) +0.441176471<x117>[B] (+1) -0.441176471<x118>[B] (+0) +0.441176471<x119>[B] (+1) +0.441176471<x120>[B] (+0) -0.441176471<x121>[B] (+0) +0.441176471<x122>[B] (+0) -0.441176471<x123>[B] (+0) -0.441176471<x124>[B] (+1) -0.441176471<x125>[B] (+0) +0.441176471<x126>[B] (+1) +0.441176471<x127>[B] (+1) -0.441176471<x128>[B] (+1) +0.441176471<x129>[B] (+0) -0.441176471<x130>[B] (+1) -0.441176471<x131>[B] (+1) -0.441176471<x132>[B] (+1) -0.441176471<x133>[B] (+0) -0.441176471<x134>[B] (+0) -0.441176471<x135>[B] (+0) -0.441176471<x136>[B] (+0) -0.441176471<x137>[B] (+1) -0.441176471<x138>[B] (+0) -0.441176471<x139>[B] (+0) +0.441176471<x140>[B] (+0) -0.441176471<x141>[B] (+0) -0.441176471<x142>[B] (+1) -0.441176471<x143>[B] (+0) +0.441176471<x144>[B] (+0) +0.441176471<x145>[B] (+1) -0.441176471<x146>[B] (+1) +0.441176471<x147>[B] (+1) -0.441176471<x148>[B] (+1) -0.441176471<x149>[B] (+1) -0.441176471<x150>[B] (+1) -0.441176471<x151>[B] (+1) +0.441176471<x152>[B] (+1) +0.441176471<x153>[B] (+0) >= 13.3464052287582;
;
violation: left hand side is violated by 0.00653594771241828
  [linear] <c2068>: <x162>[C] (+20.3888889) +0.513071895<x1>[B] (+1) +0.513071895<x2>[B] (+0) +0.513071895<x3>[B] (+1) +0.513071895<x4>[B] (+1) +0.513071895<x5>[B] (+1) +0.513071895<x6>[B] (+1) -0.513071895<x7>[B] (+0) -0.513071895<x8>[B] (+0) -0.513071895<x9>[B] (+1) +0.513071895<x10>[B] (+0) -0.513071895<x11>[B] (+1) -0.513071895<x12>[B] (+1) +0.513071895<x13>[B] (+1) -0.513071895<x14>[B] (+1) +0.513071895<x15>[B] (+1) -0.513071895<x16>[B] (+1) -0.513071895<x17>[B] (+1) -0.513071895<x18>[B] (+0) -0.513071895<x19>[B] (+1) +0.513071895<x20>[B] (+0) -0.513071895<x21>[B] (+1) -0.513071895<x22>[B] (+0) -0.513071895<x23>[B] (+0) -0.513071895<x24>[B] (+0) -0.513071895<x25>[B] (+1) -0.513071895<x26>[B] (+0) -0.513071895<x27>[B] (+1) -0.513071895<x28>[B] (+1) +0.513071895<x29>[B] (+1) -0.513071895<x30>[B] (+0) -0.513071895<x31>[B] (+1) -0.513071895<x32>[B] (+1) -0.513071895<x33>[B] (+1) -0.513071895<x34>[B] (+1) +0.513071895<x35>[B] (+1) +0.513071895<x36>[B] (+1) -0.513071895<x37>[B] (+1) -0.513071895<x38>[B] (+1) -0.513071895<x39>[B] (+0) -0.513071895<x40>[B] (+1) -0.513071895<x41>[B] (+1) -0.513071895<x42>[B] (+1) -0.513071895<x43>[B] (+1) +0.513071895<x44>[B] (+1) -0.513071895<x45>[B] (+1) +0.513071895<x46>[B] (+1) -0.513071895<x47>[B] (+1) -0.513071895<x48>[B] (+1) +0.513071895<x49>[B] (+0) +0.513071895<x50>[B] (+0) -0.513071895<x51>[B] (+0) -0.513071895<x52>[B] (+0) -0.513071895<x53>[B] (+0) -0.513071895<x54>[B] (+1) -0.513071895<x55>[B] (+0) -0.513071895<x56>[B] (+0) -0.513071895<x57>[B] (+1) +0.513071895<x58>[B] (+0) -0.513071895<x59>[B] (+0) +0.513071895<x60>[B] (+0) -0.513071895<x61>[B] (+1) -0.513071895<x62>[B] (+0) -0.513071895<x63>[B] (+1) -0.513071895<x64>[B] (+1) -0.513071895<x65>[B] (+0) -0.513071895<x66>[B] (+0) -0.513071895<x67>[B] (+1) -0.513071895<x68>[B] (+0) -0.513071895<x69>[B] (+1) -0.513071895<x70>[B] (+1) -0.513071895<x71>[B] (+1) -0.513071895<x72>[B] (+0) -0.513071895<x73>[B] (+1) -0.513071895<x74>[B] (+1) -0.513071895<x75>[B] (+1) -0.513071895<x76>[B] (+0) -0.513071895<x77>[B] (+0) -0.513071895<x78>[B] (+0) -0.513071895<x79>[B] (+1) -0.513071895<x80>[B] (+0) -0.513071895<x81>[B] (+0) -0.513071895<x82>[B] (+1) +0.513071895<x83>[B] (+0) -0.513071895<x84>[B] (+0) -0.513071895<x85>[B] (+0) -0.513071895<x86>[B] (+1) -0.513071895<x87>[B] (+0) -0.513071895<x88>[B] (+0) -0.513071895<x89>[B] (+0) -0.513071895<x90>[B] (+1) +0.513071895<x91>[B] (+0) -0.513071895<x92>[B] (+1) -0.513071895<x93>[B] (+1) +0.513071895<x94>[B] (+1) -0.513071895<x95>[B] (+0) +0.513071895<x96>[B] (+1) -0.513071895<x97>[B] (+1) -0.513071895<x98>[B] (+1) +0.513071895<x99>[B] (+0) +0.513071895<x100>[B] (+1) +0.513071895<x101>[B] (+0) +0.513071895<x102>[B] (+1) +0.513071895<x103>[B] (+1) +0.513071895<x104>[B] (+1) -0.513071895<x105>[B] (+1) +0.513071895<x106>[B] (+1) +0.513071895<x107>[B] (+1) -0.513071895<x108>[B] (+1) +0.513071895<x109>[B] (+1) +0.513071895<x110>[B] (+1) -0.513071895<x111>[B] (+1) +0.513071895<x112>[B] (+1) +0.513071895<x113>[B] (+1) -0.513071895<x114>[B] (+1) +0.513071895<x115>[B] (+1) -0.513071895<x116>[B] (+1) -0.513071895<x117>[B] (+1) +0.513071895<x118>[B] (+0) -0.513071895<x119>[B] (+0) -0.513071895<x120>[B] (+0) +0.513071895<x121>[B] (+0) -0.513071895<x122>[B] (+0) +0.513071895<x123>[B] (+0) -0.513071895<x124>[B] (+0) -0.513071895<x125>[B] (+0) -0.513071895<x126>[B] (+1) -0.513071895<x127>[B] (+1) +0.513071895<x128>[B] (+1) -0.513071895<x129>[B] (+1) +0.513071895<x130>[B] (+1) -0.513071895<x131>[B] (+1) -0.513071895<x132>[B] (+1) +0.513071895<x133>[B] (+1) +0.513071895<x134>[B] (+0) -0.513071895<x135>[B] (+0) +0.513071895<x136>[B] (+0) +0.513071895<x137>[B] (+1) -0.513071895<x138>[B] (+0) +0.513071895<x139>[B] (+0) -0.513071895<x140>[B] (+0) +0.513071895<x141>[B] (+0) -0.513071895<x142>[B] (+1) -0.513071895<x143>[B] (+0) -0.513071895<x144>[B] (+0) -0.513071895<x145>[B] (+0) -0.513071895<x146>[B] (+1) -0.513071895<x147>[B] (+1) +0.513071895<x148>[B] (+1) +0.513071895<x149>[B] (+1) -0.513071895<x150>[B] (+1) -0.513071895<x151>[B] (+1) -0.513071895<x152>[B] (+1) -0.513071895<x153>[B] (+0) >= 5.00326797385621;
;
violation: left hand side is violated by 0.00653594771241828
  [linear] <c2088>: <x216>[C] (+15.9934641) -0.460784314<x1>[B] (+1) -0.460784314<x2>[B] (+1) +0.460784314<x3>[B] (+1) -0.460784314<x4>[B] (+0) -0.460784314<x5>[B] (+1) -0.460784314<x6>[B] (+0) -0.460784314<x7>[B] (+0) -0.460784314<x8>[B] (+0) -0.460784314<x9>[B] (+1) -0.460784314<x10>[B] (+0) -0.460784314<x11>[B] (+1) -0.460784314<x12>[B] (+1) -0.460784314<x13>[B] (+0) -0.460784314<x14>[B] (+1) +0.460784314<x15>[B] (+1) -0.460784314<x16>[B] (+1) -0.460784314<x17>[B] (+0) -0.460784314<x18>[B] (+1) +0.460784314<x19>[B] (+1) -0.460784314<x20>[B] (+0) -0.460784314<x21>[B] (+1) -0.460784314<x22>[B] (+0) -0.460784314<x23>[B] (+0) +0.460784314<x24>[B] (+0) -0.460784314<x25>[B] (+1) -0.460784314<x26>[B] (+0) -0.460784314<x27>[B] (+1) -0.460784314<x28>[B] (+1) -0.460784314<x29>[B] (+0) -0.460784314<x30>[B] (+1) +0.460784314<x31>[B] (+1) -0.460784314<x32>[B] (+1) -0.460784314<x33>[B] (+0) +0.460784314<x34>[B] (+1) +0.460784314<x35>[B] (+0) +0.460784314<x36>[B] (+1) +0.460784314<x37>[B] (+0) +0.460784314<x38>[B] (+0) +0.460784314<x39>[B] (+0) -0.460784314<x40>[B] (+1) +0.460784314<x41>[B] (+0) -0.460784314<x42>[B] (+0) +0.460784314<x43>[B] (+1) +0.460784314<x44>[B] (+0) +0.460784314<x45>[B] (+0) +0.460784314<x46>[B] (+0) +0.460784314<x47>[B] (+1) -0.460784314<x48>[B] (+0) -0.460784314<x49>[B] (+0) -0.460784314<x50>[B] (+0) -0.460784314<x51>[B] (+0) -0.460784314<x52>[B] (+0) -0.460784314<x53>[B] (+0) -0.460784314<x54>[B] (+1) -0.460784314<x55>[B] (+0) -0.460784314<x56>[B] (+0) -0.460784314<x57>[B] (+1) -0.460784314<x58>[B] (+0) -0.460784314<x59>[B] (+0) +0.460784314<x60>[B] (+0) -0.460784314<x61>[B] (+1) -0.460784314<x62>[B] (+0) +0.460784314<x63>[B] (+1) -0.460784314<x64>[B] (+1) +0.460784314<x65>[B] (+0) +0.460784314<x66>[B] (+1) -0.460784314<x67>[B] (+1) +0.460784314<x68>[B] (+1) -0.460784314<x69>[B] (+1) +0.460784314<x70>[B] (+1) +0.460784314<x71>[B] (+1) +0.460784314<x72>[B] (+1) +0.460784314<x73>[B] (+1) +0.460784314<x74>[B] (+1) -0.460784314<x75>[B] (+1) -0.460784314<x76>[B] (+0) -0.460784314<x77>[B] (+0) +0.460784314<x78>[B] (+0) -0.460784314<x79>[B] (+1) -0.460784314<x80>[B] (+0) -0.460784314<x81>[B] (+0) -0.460784314<x82>[B] (+1) -0.460784314<x83>[B] (+0) -0.460784314<x84>[B] (+0) +0.460784314<x85>[B] (+0) -0.460784314<x86>[B] (+1) -0.460784314<x87>[B] (+0) +0.460784314<x88>[B] (+0) +0.460784314<x89>[B] (+1) -0.460784314<x90>[B] (+1) +0.460784314<x91>[B] (+0) -0.460784314<x92>[B] (+1) +0.460784314<x93>[B] (+1) +0.460784314<x94>[B] (+1) +0.460784314<x95>[B] (+1) +0.460784314<x96>[B] (+1) +0.460784314<x97>[B] (+1) -0.460784314<x98>[B] (+1) +0.460784314<x99>[B] (+1) -0.460784314<x100>[B] (+1) +0.460784314<x101>[B] (+1) -0.460784314<x102>[B] (+1) +0.460784314<x103>[B] (+1) -0.460784314<x104>[B] (+1) +0.460784314<x105>[B] (+1) +0.460784314<x106>[B] (+1) -0.460784314<x107>[B] (+1) -0.460784314<x108>[B] (+1) -0.460784314<x109>[B] (+1) -0.460784314<x110>[B] (+0) -0.460784314<x111>[B] (+1) -0.460784314<x112>[B] (+1) -0.460784314<x113>[B] (+0) -0.460784314<x114>[B] (+1) +0.460784314<x115>[B] (+1) -0.460784314<x116>[B] (+1) -0.460784314<x117>[B] (+0) +0.460784314<x118>[B] (+0) -0.460784314<x119>[B] (+0) +0.460784314<x120>[B] (+0) +0.460784314<x121>[B] (+0) +0.460784314<x122>[B] (+0) +0.460784314<x123>[B] (+0) +0.460784314<x124>[B] (+1) -0.460784314<x125>[B] (+0) -0.460784314<x126>[B] (+1) +0.460784314<x127>[B] (+1) -0.460784314<x128>[B] (+1) +0.460784314<x129>[B] (+1) +0.460784314<x130>[B] (+1) -0.460784314<x131>[B] (+1) -0.460784314<x132>[B] (+1) +0.460784314<x133>[B] (+1) +0.460784314<x134>[B] (+0) +0.460784314<x135>[B] (+1) +0.460784314<x136>[B] (+1) +0.460784314<x137>[B] (+1) -0.460784314<x138>[B] (+0) -0.460784314<x139>[B] (+0) +0.460784314<x140>[B] (+0) +0.460784314<x141>[B] (+0) -0.460784314<x142>[B] (+1) -0.460784314<x143>[B] (+0) +0.460784314<x144>[B] (+1) +0.460784314<x145>[B] (+1) +0.460784314<x146>[B] (+1) -0.460784314<x147>[B] (+1) +0.460784314<x148>[B] (+1) -0.460784314<x149>[B] (+1) -0.460784314<x150>[B] (+0) -0.460784314<x151>[B] (+1) -0.460784314<x152>[B] (+0) -0.460784314<x153>[B] (+0) >= 12.7875816993464;
;
violation: left hand side is violated by 0.0196078431372584
  [linear] <c2091>: <x221>[C] (+33.9934641) -0.663398693<x1>[B] (+1) -0.663398693<x2>[B] (+1) +0.663398693<x3>[B] (+1) +0.663398693<x4>[B] (+0) -0.663398693<x5>[B] (+1) -0.663398693<x6>[B] (+0) +0.663398693<x7>[B] (+0) -0.663398693<x8>[B] (+0) -0.663398693<x9>[B] (+1) +0.663398693<x10>[B] (+0) -0.663398693<x11>[B] (+0) -0.663398693<x12>[B] (+1) +0.663398693<x13>[B] (+0) -0.663398693<x14>[B] (+0) -0.663398693<x15>[B] (+1) +0.663398693<x16>[B] (+1) -0.663398693<x17>[B] (+0) -0.663398693<x18>[B] (+1) +0.663398693<x19>[B] (+1) +0.663398693<x20>[B] (+0) +0.663398693<x21>[B] (+1) +0.663398693<x22>[B] (+0) +0.663398693<x23>[B] (+0) +0.663398693<x24>[B] (+0) -0.663398693<x25>[B] (+1) +0.663398693<x26>[B] (+0) -0.663398693<x27>[B] (+0) -0.663398693<x28>[B] (+1) +0.663398693<x29>[B] (+0) +0.663398693<x30>[B] (+0) +0.663398693<x31>[B] (+1) +0.663398693<x32>[B] (+1) +0.663398693<x33>[B] (+0) +0.663398693<x34>[B] (+1) +0.663398693<x35>[B] (+0) +0.663398693<x36>[B] (+1) +0.663398693<x37>[B] (+0) +0.663398693<x38>[B] (+0) +0.663398693<x39>[B] (+0) -0.663398693<x40>[B] (+1) +0.663398693<x41>[B] (+0) -0.663398693<x42>[B] (+0) -0.663398693<x43>[B] (+1) +0.663398693<x44>[B] (+0) +0.663398693<x45>[B] (+0) +0.663398693<x46>[B] (+0) +0.663398693<x47>[B] (+1) +0.663398693<x48>[B] (+0) -0.663398693<x49>[B] (+0) -0.663398693<x50>[B] (+1) -0.663398693<x51>[B] (+0) +0.663398693<x52>[B] (+0) -0.663398693<x53>[B] (+0) -0.663398693<x54>[B] (+1) -0.663398693<x55>[B] (+0) -0.663398693<x56>[B] (+0) -0.663398693<x57>[B] (+1) -0.663398693<x58>[B] (+0) -0.663398693<x59>[B] (+0) -0.663398693<x60>[B] (+0) -0.663398693<x61>[B] (+1) -0.663398693<x62>[B] (+0) -0.663398693<x63>[B] (+1) -0.663398693<x64>[B] (+1) +0.663398693<x65>[B] (+0) -0.663398693<x66>[B] (+1) -0.663398693<x67>[B] (+1) -0.663398693<x68>[B] (+0) -0.663398693<x69>[B] (+1) -0.663398693<x70>[B] (+1) -0.663398693<x71>[B] (+1) -0.663398693<x72>[B] (+1) -0.663398693<x73>[B] (+1) -0.663398693<x74>[B] (+1) -0.663398693<x75>[B] (+1) -0.663398693<x76>[B] (+0) +0.663398693<x77>[B] (+0) -0.663398693<x78>[B] (+0) -0.663398693<x79>[B] (+1) +0.663398693<x80>[B] (+0) -0.663398693<x81>[B] (+0) -0.663398693<x82>[B] (+1) +0.663398693<x83>[B] (+0) -0.663398693<x84>[B] (+0) -0.663398693<x85>[B] (+0) +0.663398693<x86>[B] (+1) -0.663398693<x87>[B] (+0) +0.663398693<x88>[B] (+0) -0.663398693<x89>[B] (+1) -0.663398693<x90>[B] (+1) +0.663398693<x91>[B] (+0) -0.663398693<x92>[B] (+1) -0.663398693<x93>[B] (+1) +0.663398693<x94>[B] (+1) +0.663398693<x95>[B] (+1) +0.663398693<x96>[B] (+1) +0.663398693<x97>[B] (+1) +0.663398693<x98>[B] (+1) -0.663398693<x99>[B] (+1) -0.663398693<x100>[B] (+1) -0.663398693<x101>[B] (+1) -0.663398693<x102>[B] (+1) -0.663398693<x103>[B] (+1) -0.663398693<x104>[B] (+1) -0.663398693<x105>[B] (+1) -0.663398693<x106>[B] (+1) -0.663398693<x107>[B] (+1) -0.663398693<x108>[B] (+1) -0.663398693<x109>[B] (+1) +0.663398693<x110>[B] (+0) -0.663398693<x111>[B] (+1) -0.663398693<x112>[B] (+1) +0.663398693<x113>[B] (+0) +0.663398693<x114>[B] (+1) +0.663398693<x115>[B] (+1) +0.663398693<x116>[B] (+1) +0.663398693<x117>[B] (+0) +0.663398693<x118>[B] (+0) +0.663398693<x119>[B] (+0) -0.663398693<x120>[B] (+0) +0.663398693<x121>[B] (+0) +0.663398693<x122>[B] (+0) +0.663398693<x123>[B] (+0) +0.663398693<x124>[B] (+0) +0.663398693<x125>[B] (+0) -0.663398693<x126>[B] (+1) -0.663398693<x127>[B] (+1) +0.663398693<x128>[B] (+1) -0.663398693<x129>[B] (+1) -0.663398693<x130>[B] (+1) +0.663398693<x131>[B] (+1) -0.663398693<x132>[B] (+1) -0.663398693<x133>[B] (+1) +0.663398693<x134>[B] (+0) +0.663398693<x135>[B] (+1) +0.663398693<x136>[B] (+1) +0.663398693<x137>[B] (+1) +0.663398693<x138>[B] (+0) +0.663398693<x139>[B] (+0) +0.663398693<x140>[B] (+0) +0.663398693<x141>[B] (+0) +0.663398693<x142>[B] (+1) +0.663398693<x143>[B] (+0) -0.663398693<x144>[B] (+1) -0.663398693<x145>[B] (+1) -0.663398693<x146>[B] (+1) -0.663398693<x147>[B] (+1) -0.663398693<x148>[B] (+1) +0.663398693<x149>[B] (+1) +0.663398693<x150>[B] (+0) +0.663398693<x151>[B] (+1) +0.663398693<x152>[B] (+0) -0.663398693<x153>[B] (+0) >= 14.0980392156863;
;
violation: left hand side is violated by 0.00653594771241828
  [linear] <c2069>: <x163>[C] (+21.9346405) +0.526143791<x1>[B] (+1) +0.526143791<x2>[B] (+1) +0.526143791<x3>[B] (+1) +0.526143791<x4>[B] (+0) -0.526143791<x5>[B] (+1) +0.526143791<x6>[B] (+0) +0.526143791<x7>[B] (+0) +0.526143791<x8>[B] (+0) +0.526143791<x9>[B] (+1) +0.526143791<x10>[B] (+0) +0.526143791<x11>[B] (+0) +0.526143791<x12>[B] (+1) +0.526143791<x13>[B] (+0) +0.526143791<x14>[B] (+0) +0.526143791<x15>[B] (+1) +0.526143791<x16>[B] (+1) +0.526143791<x17>[B] (+0) -0.526143791<x18>[B] (+1) -0.526143791<x19>[B] (+1) -0.526143791<x20>[B] (+0) -0.526143791<x21>[B] (+1) -0.526143791<x22>[B] (+0) -0.526143791<x23>[B] (+0) +0.526143791<x24>[B] (+0) -0.526143791<x25>[B] (+1) +0.526143791<x26>[B] (+0) -0.526143791<x27>[B] (+0) -0.526143791<x28>[B] (+1) -0.526143791<x29>[B] (+0) -0.526143791<x30>[B] (+0) -0.526143791<x31>[B] (+1) +0.526143791<x32>[B] (+1) -0.526143791<x33>[B] (+0) +0.526143791<x34>[B] (+1) -0.526143791<x35>[B] (+0) -0.526143791<x36>[B] (+1) -0.526143791<x37>[B] (+0) -0.526143791<x38>[B] (+0) +0.526143791<x39>[B] (+0) -0.526143791<x40>[B] (+1) +0.526143791<x41>[B] (+0) -0.526143791<x42>[B] (+0) -0.526143791<x43>[B] (+1) -0.526143791<x44>[B] (+0) -0.526143791<x45>[B] (+0) +0.526143791<x46>[B] (+0) +0.526143791<x47>[B] (+1) -0.526143791<x48>[B] (+0) -0.526143791<x49>[B] (+0) -0.526143791<x50>[B] (+0) -0.526143791<x51>[B] (+0) -0.526143791<x52>[B] (+0) +0.526143791<x53>[B] (+0) -0.526143791<x54>[B] (+1) +0.526143791<x55>[B] (+0) -0.526143791<x56>[B] (+0) -0.526143791<x57>[B] (+1) -0.526143791<x58>[B] (+0) -0.526143791<x59>[B] (+0) +0.526143791<x60>[B] (+0) +0.526143791<x61>[B] (+1) -0.526143791<x62>[B] (+0) -0.526143791<x63>[B] (+1) +0.526143791<x64>[B] (+1) +0.526143791<x65>[B] (+0) +0.526143791<x66>[B] (+1) -0.526143791<x67>[B] (+1) +0.526143791<x68>[B] (+1) -0.526143791<x69>[B] (+1) -0.526143791<x70>[B] (+1) +0.526143791<x71>[B] (+1) -0.526143791<x72>[B] (+1) +0.526143791<x73>[B] (+1) +0.526143791<x74>[B] (+1) -0.526143791<x75>[B] (+1) +0.526143791<x76>[B] (+0) +0.526143791<x77>[B] (+0) +0.526143791<x78>[B] (+0) +0.526143791<x79>[B] (+1) +0.526143791<x80>[B] (+0) +0.526143791<x81>[B] (+0) +0.526143791<x82>[B] (+1) +0.526143791<x83>[B] (+0) +0.526143791<x84>[B] (+0) +0.526143791<x85>[B] (+0) +0.526143791<x86>[B] (+1) +0.526143791<x87>[B] (+0) +0.526143791<x88>[B] (+0) +0.526143791<x89>[B] (+1) -0.526143791<x90>[B] (+1) +0.526143791<x91>[B] (+0) -0.526143791<x92>[B] (+1) -0.526143791<x93>[B] (+1) -0.526143791<x94>[B] (+1) -0.526143791<x95>[B] (+0) +0.526143791<x96>[B] (+1) +0.526143791<x97>[B] (+1) -0.526143791<x98>[B] (+0) +0.526143791<x99>[B] (+1) -0.526143791<x100>[B] (+1) +0.526143791<x101>[B] (+1) -0.526143791<x102>[B] (+1) -0.526143791<x103>[B] (+1) -0.526143791<x104>[B] (+1) -0.526143791<x105>[B] (+1) +0.526143791<x106>[B] (+1) +0.526143791<x107>[B] (+1) -0.526143791<x108>[B] (+1) -0.526143791<x109>[B] (+1) +0.526143791<x110>[B] (+0) -0.526143791<x111>[B] (+1) -0.526143791<x112>[B] (+1) -0.526143791<x113>[B] (+0) -0.526143791<x114>[B] (+0) -0.526143791<x115>[B] (+1) +0.526143791<x116>[B] (+1) -0.526143791<x117>[B] (+0) +0.526143791<x118>[B] (+0) -0.526143791<x119>[B] (+0) +0.526143791<x120>[B] (+0) +0.526143791<x121>[B] (+0) +0.526143791<x122>[B] (+0) +0.526143791<x123>[B] (+0) +0.526143791<x124>[B] (+0) +0.526143791<x125>[B] (+0) -0.526143791<x126>[B] (+1) -0.526143791<x127>[B] (+1) -0.526143791<x128>[B] (+1) -0.526143791<x129>[B] (+1) -0.526143791<x130>[B] (+1) +0.526143791<x131>[B] (+1) -0.526143791<x132>[B] (+1) +0.526143791<x133>[B] (+1) +0.526143791<x134>[B] (+0) +0.526143791<x135>[B] (+0) +0.526143791<x136>[B] (+1) +0.526143791<x137>[B] (+1) +0.526143791<x138>[B] (+0) +0.526143791<x139>[B] (+0) +0.526143791<x140>[B] (+0) +0.526143791<x141>[B] (+0) +0.526143791<x142>[B] (+1) -0.526143791<x143>[B] (+0) -0.526143791<x144>[B] (+0) +0.526143791<x145>[B] (+1) +0.526143791<x146>[B] (+1) -0.526143791<x147>[B] (+0) +0.526143791<x148>[B] (+1) +0.526143791<x149>[B] (+1) -0.526143791<x150>[B] (+1) +0.526143791<x151>[B] (+1) -0.526143791<x152>[B] (+0) -0.526143791<x153>[B] (+0) >= 21.4411764705882;
;
violation: left hand side is violated by 0.0326797385620878
  [linear] <c2088>: <x216>[C] (+15.9934641) -0.460784314<x1>[B] (+1) -0.460784314<x2>[B] (+1) +0.460784314<x3>[B] (+1) -0.460784314<x4>[B] (+0) -0.460784314<x5>[B] (+1) -0.460784314<x6>[B] (+0) -0.460784314<x7>[B] (+0) -0.460784314<x8>[B] (+0) -0.460784314<x9>[B] (+1) -0.460784314<x10>[B] (+0) -0.460784314<x11>[B] (+0) -0.460784314<x12>[B] (+1) -0.460784314<x13>[B] (+0) -0.460784314<x14>[B] (+0) +0.460784314<x15>[B] (+1) -0.460784314<x16>[B] (+1) -0.460784314<x17>[B] (+0) -0.460784314<x18>[B] (+1) +0.460784314<x19>[B] (+1) -0.460784314<x20>[B] (+0) -0.460784314<x21>[B] (+1) -0.460784314<x22>[B] (+0) -0.460784314<x23>[B] (+0) +0.460784314<x24>[B] (+0) -0.460784314<x25>[B] (+1) -0.460784314<x26>[B] (+0) -0.460784314<x27>[B] (+0) -0.460784314<x28>[B] (+1) -0.460784314<x29>[B] (+0) -0.460784314<x30>[B] (+0) +0.460784314<x31>[B] (+1) -0.460784314<x32>[B] (+1) -0.460784314<x33>[B] (+0) +0.460784314<x34>[B] (+1) +0.460784314<x35>[B] (+0) +0.460784314<x36>[B] (+1) +0.460784314<x37>[B] (+0) +0.460784314<x38>[B] (+0) +0.460784314<x39>[B] (+0) -0.460784314<x40>[B] (+1) +0.460784314<x41>[B] (+0) -0.460784314<x42>[B] (+0) +0.460784314<x43>[B] (+1) +0.460784314<x44>[B] (+0) +0.460784314<x45>[B] (+0) +0.460784314<x46>[B] (+0) +0.460784314<x47>[B] (+1) -0.460784314<x48>[B] (+0) -0.460784314<x49>[B] (+0) -0.460784314<x50>[B] (+1) -0.460784314<x51>[B] (+0) -0.460784314<x52>[B] (+0) -0.460784314<x53>[B] (+0) -0.460784314<x54>[B] (+1) -0.460784314<x55>[B] (+0) -0.460784314<x56>[B] (+0) -0.460784314<x57>[B] (+1) -0.460784314<x58>[B] (+0) -0.460784314<x59>[B] (+0) +0.460784314<x60>[B] (+0) -0.460784314<x61>[B] (+1) -0.460784314<x62>[B] (+0) +0.460784314<x63>[B] (+1) -0.460784314<x64>[B] (+1) +0.460784314<x65>[B] (+0) +0.460784314<x66>[B] (+1) -0.460784314<x67>[B] (+1) +0.460784314<x68>[B] (+1) -0.460784314<x69>[B] (+1) +0.460784314<x70>[B] (+1) +0.460784314<x71>[B] (+1) +0.460784314<x72>[B] (+0) +0.460784314<x73>[B] (+1) +0.460784314<x74>[B] (+1) -0.460784314<x75>[B] (+1) -0.460784314<x76>[B] (+0) -0.460784314<x77>[B] (+0) +0.460784314<x78>[B] (+0) -0.460784314<x79>[B] (+1) -0.460784314<x80>[B] (+0) -0.460784314<x81>[B] (+0) -0.460784314<x82>[B] (+1) -0.460784314<x83>[B] (+0) -0.460784314<x84>[B] (+0) +0.460784314<x85>[B] (+0) -0.460784314<x86>[B] (+1) -0.460784314<x87>[B] (+0) +0.460784314<x88>[B] (+0) +0.460784314<x89>[B] (+1) -0.460784314<x90>[B] (+1) +0.460784314<x91>[B] (+0) -0.460784314<x92>[B] (+1) +0.460784314<x93>[B] (+1) +0.460784314<x94>[B] (+1) +0.460784314<x95>[B] (+0) +0.460784314<x96>[B] (+1) +0.460784314<x97>[B] (+1) -0.460784314<x98>[B] (+0) +0.460784314<x99>[B] (+1) -0.460784314<x100>[B] (+1) +0.460784314<x101>[B] (+1) -0.460784314<x102>[B] (+1) +0.460784314<x103>[B] (+1) -0.460784314<x104>[B] (+1) +0.460784314<x105>[B] (+1) +0.460784314<x106>[B] (+1) -0.460784314<x107>[B] (+1) -0.460784314<x108>[B] (+1) -0.460784314<x109>[B] (+1) -0.460784314<x110>[B] (+0) -0.460784314<x111>[B] (+1) -0.460784314<x112>[B] (+1) -0.460784314<x113>[B] (+0) -0.460784314<x114>[B] (+0) +0.460784314<x115>[B] (+1) -0.460784314<x116>[B] (+1) -0.460784314<x117>[B] (+0) +0.460784314<x118>[B] (+0) -0.460784314<x119>[B] (+0) +0.460784314<x120>[B] (+0) +0.460784314<x121>[B] (+0) +0.460784314<x122>[B] (+0) +0.460784314<x123>[B] (+0) +0.460784314<x124>[B] (+0) -0.460784314<x125>[B] (+0) -0.460784314<x126>[B] (+1) +0.460784314<x127>[B] (+1) -0.460784314<x128>[B] (+1) +0.460784314<x129>[B] (+0) +0.460784314<x130>[B] (+1) -0.460784314<x131>[B] (+1) -0.460784314<x132>[B] (+0) +0.460784314<x133>[B] (+1) +0.460784314<x134>[B] (+0) +0.460784314<x135>[B] (+0) +0.460784314<x136>[B] (+1) +0.460784314<x137>[B] (+1) -0.460784314<x138>[B] (+0) -0.460784314<x139>[B] (+0) +0.460784314<x140>[B] (+0) +0.460784314<x141>[B] (+0) -0.460784314<x142>[B] (+1) -0.460784314<x143>[B] (+0) +0.460784314<x144>[B] (+0) +0.460784314<x145>[B] (+1) +0.460784314<x146>[B] (+1) -0.460784314<x147>[B] (+0) +0.460784314<x148>[B] (+1) -0.460784314<x149>[B] (+1) -0.460784314<x150>[B] (+1) -0.460784314<x151>[B] (+1) -0.460784314<x152>[B] (+0) -0.460784314<x153>[B] (+0) >= 12.7875816993464;
;
violation: left hand side is violated by 0.0196078431372513
1/10 feasible solution given by solution candidate storage, new primal bound -1.598202e+03

presolving:
   (0.0s) symmetry computation started: requiring (bin +, int +, cont +), (fixed: bin -, int -, cont -)
   (0.0s) no symmetry present (symcode time: 0.00)
presolving (0 rounds: 0 fast, 0 medium, 0 exhaustive):
 0 deleted vars, 0 deleted constraints, 0 added constraints, 0 tightened bounds, 0 added holes, 0 changed sides, 0 changed coefficients
 0 implications, 0 cliques, 0 implied integral variables (0 bin, 0 int, 0 cont)
presolved problem has 243 variables (153 bin, 0 int, 90 cont) and 2101 constraints
   2101 constraints of type <linear>
Presolving Time: 0.03
transformed 2/2 original solutions to the transformed problem space

 time | node  | left  |LP iter|LP it/n|mem/heur|mdpt |vars |cons |rows |cuts |sepa|confs|strbr|  dualbound   | primalbound  |  gap   | compl. 
  0.2s|     1 |     0 |  1088 |     - |   117M |   0 | 243 |2101 |2101 |   0 |  0 |   0 |   0 |-1.544748e+03 |-1.598202e+03 |   3.46%| unknown
  0.3s|     1 |     0 |  1116 |     - |   117M |   0 | 243 |2101 |2102 |   1 |  1 |   0 |   0 |-1.544794e+03 |-1.598202e+03 |   3.46%| unknown
  0.5s|     1 |     0 |  1161 |     - |   118M |   0 | 243 |2101 |2104 |   3 |  2 |   0 |   0 |-1.544839e+03 |-1.598202e+03 |   3.45%| unknown
  0.6s|     1 |     0 |  1207 |     - |   118M |   0 | 243 |2101 |2106 |   5 |  3 |   0 |   0 |-1.544907e+03 |-1.598202e+03 |   3.45%| unknown
  0.8s|     1 |     0 |  1255 |     - |   118M |   0 | 243 |2101 |2109 |   8 |  4 |   0 |   0 |-1.544929e+03 |-1.598202e+03 |   3.45%| unknown
  0.9s|     1 |     0 |  1284 |     - |   118M |   0 | 243 |2101 |2111 |  10 |  5 |   0 |   0 |-1.544969e+03 |-1.598202e+03 |   3.45%| unknown
  1.1s|     1 |     0 |  1340 |     - |   118M |   0 | 243 |2101 |2113 |  12 |  6 |   0 |   0 |-1.545024e+03 |-1.598202e+03 |   3.44%| unknown
  1.2s|     1 |     0 |  1390 |     - |   119M |   0 | 243 |2101 |2116 |  15 |  7 |   0 |   0 |-1.545071e+03 |-1.598202e+03 |   3.44%| unknown
  1.4s|     1 |     0 |  1482 |     - |   119M |   0 | 243 |2101 |2118 |  17 |  8 |   0 |   0 |-1.545143e+03 |-1.598202e+03 |   3.43%| unknown
  1.6s|     1 |     0 |  1515 |     - |   119M |   0 | 243 |2101 |2121 |  20 |  9 |   0 |   0 |-1.545155e+03 |-1.598202e+03 |   3.43%| unknown
  1.8s|     1 |     0 |  1578 |     - |   119M |   0 | 243 |2101 |2124 |  23 | 10 |   0 |   0 |-1.545200e+03 |-1.598202e+03 |   3.43%| unknown
  1.8s|     1 |     0 |  1632 |     - |   120M |   0 | 243 |2101 |2128 |  27 | 11 |   0 |   0 |-1.545226e+03 |-1.598202e+03 |   3.43%| unknown
r 1.8s|     1 |     0 |  1794 |     - |intshift|   0 | 243 |2101 |2128 |  27 | 11 |   0 |   0 |-1.545226e+03 |-1.572369e+03 |   1.76%| unknown
d 1.9s|     1 |     0 |  2854 |     - |farkasdi|   0 | 243 |2101 |2128 |   0 | 11 |   0 |   0 |-1.545226e+03 |-1.558801e+03 |   0.88%| unknown
L 3.0s|     1 |     0 |  2854 |     - |    rens|   0 | 243 |2101 |2128 |  27 | 11 |   0 |   0 |-1.545226e+03 |-1.552422e+03 |   0.47%| unknown
 time | node  | left  |LP iter|LP it/n|mem/heur|mdpt |vars |cons |rows |cuts |sepa|confs|strbr|  dualbound   | primalbound  |  gap   | compl. 
  3.0s|     1 |     0 |  2854 |     - |   120M |   0 | 243 |2101 |2128 |  27 | 11 |   0 |   0 |-1.545226e+03 |-1.552422e+03 |   0.47%| unknown
  3.1s|     1 |     0 |  2854 |     - |   120M |   0 | 243 |2101 |2064 |  27 | 11 |   0 |   0 |-1.545226e+03 |-1.552422e+03 |   0.47%| unknown
  3.1s|     1 |     0 |  2875 |     - |   120M |   0 | 243 |2101 |2067 |  30 | 12 |   0 |   0 |-1.545232e+03 |-1.552422e+03 |   0.47%| unknown
  3.1s|     1 |     0 |  2903 |     - |   120M |   0 | 243 |2101 |2069 |  32 | 13 |   0 |   0 |-1.545239e+03 |-1.552422e+03 |   0.46%| unknown
  4.3s|     1 |     2 |  2903 |     - |   120M |   0 | 243 |2037 |2069 |  32 | 13 |   0 |  25 |-1.546820e+03 |-1.552422e+03 |   0.36%| unknown
(run 1, node 1) restarting after 4 global fixings of integer variables

(restart) converted 32 cuts from the global cut pool into linear constraints

presolving:
presolving (0 rounds: 0 fast, 0 medium, 0 exhaustive):
 0 deleted vars, 0 deleted constraints, 0 added constraints, 0 tightened bounds, 0 added holes, 0 changed sides, 0 changed coefficients
 0 implications, 0 cliques, 0 implied integral variables (0 bin, 0 int, 0 cont)
presolved problem has 243 variables (153 bin, 0 int, 90 cont) and 2069 constraints
   2069 constraints of type <linear>
Presolving Time: 0.03
transformed 19/21 original solutions to the transformed problem space

 time | node  | left  |LP iter|LP it/n|mem/heur|mdpt |vars |cons |rows |cuts |sepa|confs|strbr|  dualbound   | primalbound  |  gap   | compl. 
  4.4s|     1 |     0 |  4113 |     - |   120M |   0 | 243 |2069 |2069 |   0 |  0 |   0 |  25 |-1.546820e+03 |-1.552422e+03 |   0.36%| unknown
  4.6s|     1 |     0 |  4145 |     - |   120M |   0 | 243 |2069 |2070 |   1 |  1 |   0 |  25 |-1.546820e+03 |-1.552422e+03 |   0.36%| unknown
  4.8s|     1 |     0 |  4201 |     - |   120M |   0 | 243 |2069 |2072 |   3 |  2 |   0 |  25 |-1.546820e+03 |-1.552422e+03 |   0.36%| unknown
  5.0s|     1 |     0 |  4222 |     - |   120M |   0 | 243 |2069 |2073 |   4 |  3 |   0 |  25 |-1.546820e+03 |-1.552422e+03 |   0.36%| unknown
  5.2s|     1 |     0 |  4263 |     - |   120M |   0 | 243 |2069 |2074 |   5 |  4 |   0 |  25 |-1.546820e+03 |-1.552422e+03 |   0.36%| unknown
  5.5s|     1 |     0 |  4329 |     - |   120M |   0 | 243 |2069 |2076 |   7 |  5 |   0 |  25 |-1.546820e+03 |-1.552422e+03 |   0.36%| unknown
  5.7s|     1 |     0 |  4380 |     - |   121M |   0 | 243 |2069 |2077 |   8 |  6 |   0 |  25 |-1.546820e+03 |-1.552422e+03 |   0.36%| unknown
  5.9s|     1 |     0 |  4437 |     - |   121M |   0 | 243 |2069 |2079 |  10 |  7 |   0 |  25 |-1.546820e+03 |-1.552422e+03 |   0.36%| unknown
  6.1s|     1 |     0 |  4455 |     - |   121M |   0 | 243 |2069 |2080 |  11 |  8 |   0 |  25 |-1.546820e+03 |-1.552422e+03 |   0.36%| unknown
  6.3s|     1 |     0 |  4504 |     - |   121M |   0 | 243 |2069 |2081 |  12 |  9 |   0 |  25 |-1.546820e+03 |-1.552422e+03 |   0.36%| unknown
  6.6s|     1 |     0 |  4533 |     - |   121M |   0 | 243 |2070 |2082 |  13 | 10 |   1 |  25 |-1.546820e+03 |-1.552422e+03 |   0.36%| unknown
  6.6s|     1 |     0 |  4558 |     - |   121M |   0 | 243 |2070 |2083 |  14 | 11 |   1 |  25 |-1.546820e+03 |-1.552422e+03 |   0.36%| unknown
  9.2s|     1 |     2 |  5706 |     - |   121M |   0 | 243 |2081 |2083 |  14 | 11 |  12 |  45 |-1.546840e+03 |-1.552422e+03 |   0.36%| unknown

SCIP Status        : problem is solved [optimal solution found]
Solving Time (sec) : 13.37
Solving Nodes      : 33 (total of 34 nodes in 2 runs)
Primal Bound       : -1.55242156862745e+03 (43 solutions)
Dual Bound         : -1.55242156862745e+03
Gap                : 0.00 %
  [linear] <c2102>: <x154>[C] (+24.7287582) -0.565359477<x1>[B] (+1) -0.565359477<x2>[B] (+1) -0.565359477<x3>[B] (+1) -0.565359477<x4>[B] (+0) -0.565359477<x5>[B] (+1) +0.565359477<x6>[B] (+0) -0.565359477<x7>[B] (+0) -0.565359477<x8>[B] (+0) -0.565359477<x9>[B] (+1) -0.565359477<x10>[B] (+0) -0.565359477<x11>[B] (+1) +0.565359477<x12>[B] (+1) +0.565359477<x13>[B] (+0) +0.565359477<x14>[B] (+1) +0.565359477<x15>[B] (+1) -0.565359477<x16>[B] (+1) -0.565359477<x17>[B] (+0) -0.565359477<x18>[B] (+1) +0.565359477<x19>[B] (+1) +0.565359477<x20>[B] (+0) +0.565359477<x21>[B] (+1) +0.565359477<x22>[B] (+0) +0.565359477<x23>[B] (+0) +0.565359477<x24>[B] (+0) +0.565359477<x25>[B] (+1) +0.565359477<x26>[B] (+0) -0.565359477<x27>[B] (+0) +0.565359477<x28>[B] (+1) +0.565359477<x29>[B] (+0) +0.565359477<x30>[B] (+1) +0.565359477<x31>[B] (+1) -0.565359477<x32>[B] (+1) -0.565359477<x33>[B] (+0) +0.565359477<x34>[B] (+1) +0.565359477<x35>[B] (+0) +0.565359477<x36>[B] (+1) +0.565359477<x37>[B] (+0) +0.565359477<x38>[B] (+0) +0.565359477<x39>[B] (+0) +0.565359477<x40>[B] (+1) +0.565359477<x41>[B] (+0) -0.565359477<x42>[B] (+0) +0.565359477<x43>[B] (+1) +0.565359477<x44>[B] (+0) +0.565359477<x45>[B] (+0) +0.565359477<x46>[B] (+0) +0.565359477<x47>[B] (+1) +0.565359477<x48>[B] (+0) +0.565359477<x49>[B] (+0) -0.565359477<x50>[B] (+0) +0.565359477<x51>[B] (+0) +0.565359477<x52>[B] (+0) -0.565359477<x53>[B] (+0) -0.565359477<x54>[B] (+1) -0.565359477<x55>[B] (+0) -0.565359477<x56>[B] (+0) +0.565359477<x57>[B] (+1) +0.565359477<x58>[B] (+0) +0.565359477<x59>[B] (+0) +0.565359477<x60>[B] (+0) -0.565359477<x61>[B] (+1) -0.565359477<x62>[B] (+0) -0.565359477<x63>[B] (+1) +0.565359477<x64>[B] (+1) -0.565359477<x65>[B] (+0) -0.565359477<x66>[B] (+1) -0.565359477<x67>[B] (+1) -0.565359477<x68>[B] (+0) -0.565359477<x69>[B] (+1) +0.565359477<x70>[B] (+1) +0.565359477<x71>[B] (+1) +0.565359477<x72>[B] (+1) +0.565359477<x73>[B] (+1) -0.565359477<x74>[B] (+1) -0.565359477<x75>[B] (+1) +0.565359477<x76>[B] (+0) +0.565359477<x77>[B] (+0) -0.565359477<x78>[B] (+0) -0.565359477<x79>[B] (+1) +0.565359477<x80>[B] (+0) -0.565359477<x81>[B] (+0) +0.565359477<x82>[B] (+1) +0.565359477<x83>[B] (+0) +0.565359477<x84>[B] (+0) +0.565359477<x85>[B] (+0) -0.565359477<x86>[B] (+1) -0.565359477<x87>[B] (+0) -0.565359477<x88>[B] (+0) -0.565359477<x89>[B] (+1) -0.565359477<x90>[B] (+1) -0.565359477<x91>[B] (+0) -0.565359477<x92>[B] (+1) -0.565359477<x93>[B] (+1) +0.565359477<x94>[B] (+1) +0.565359477<x95>[B] (+1) -0.565359477<x96>[B] (+1) -0.565359477<x97>[B] (+1) -0.565359477<x98>[B] (+1) -0.565359477<x99>[B] (+1) -0.565359477<x100>[B] (+1) -0.565359477<x101>[B] (+1) -0.565359477<x102>[B] (+1) +0.565359477<x103>[B] (+1) +0.565359477<x104>[B] (+1) +0.565359477<x105>[B] (+1) +0.565359477<x106>[B] (+1) -0.565359477<x107>[B] (+1) -0.565359477<x108>[B] (+1) +0.565359477<x109>[B] (+1) +0.565359477<x110>[B] (+0) -0.565359477<x111>[B] (+1) +0.565359477<x112>[B] (+1) +0.565359477<x113>[B] (+0) +0.565359477<x114>[B] (+1) +0.565359477<x115>[B] (+1) -0.565359477<x116>[B] (+1) -0.565359477<x117>[B] (+0) +0.565359477<x118>[B] (+0) -0.565359477<x119>[B] (+0) +0.565359477<x120>[B] (+0) +0.565359477<x121>[B] (+0) +0.565359477<x122>[B] (+0) +0.565359477<x123>[B] (+0) -0.565359477<x124>[B] (+1) -0.565359477<x125>[B] (+0) -0.565359477<x126>[B] (+1) +0.565359477<x127>[B] (+1) +0.565359477<x128>[B] (+1) +0.565359477<x129>[B] (+1) +0.565359477<x130>[B] (+1) -0.565359477<x131>[B] (+1) -0.565359477<x132>[B] (+1) +0.565359477<x133>[B] (+1) +0.565359477<x134>[B] (+0) +0.565359477<x135>[B] (+1) +0.565359477<x136>[B] (+1) +0.565359477<x137>[B] (+1) +0.565359477<x138>[B] (+0) +0.565359477<x139>[B] (+0) +0.565359477<x140>[B] (+0) +0.565359477<x141>[B] (+0) -0.565359477<x142>[B] (+1) -0.565359477<x143>[B] (+0) +0.565359477<x144>[B] (+1) -0.565359477<x145>[B] (+1) -0.565359477<x146>[B] (+1) -0.565359477<x147>[B] (+1) -0.565359477<x148>[B] (+1) -0.565359477<x149>[B] (+1) -0.565359477<x150>[B] (+0) -0.565359477<x151>[B] (+1) -0.565359477<x152>[B] (+0) +0.565359477<x153>[B] (+0) >= 21.9084967320261;
;
violation: left hand side is violated by 0.00653594771241828
  [linear] <c2116>: <x189>[C] (+31.379085) +0.64379085<x1>[B] (+0) -0.64379085<x2>[B] (+1) +0.64379085<x3>[B] (+1) -0.64379085<x4>[B] (+0) -0.64379085<x5>[B] (+1) +0.64379085<x6>[B] (+0) +0.64379085<x7>[B] (+0) -0.64379085<x8>[B] (+0) -0.64379085<x9>[B] (+1) -0.64379085<x10>[B] (+0) +0.64379085<x11>[B] (+0) -0.64379085<x12>[B] (+1) -0.64379085<x13>[B] (+0) -0.64379085<x14>[B] (+0) -0.64379085<x15>[B] (+1) -0.64379085<x16>[B] (+1) +0.64379085<x17>[B] (+0) -0.64379085<x18>[B] (+1) -0.64379085<x19>[B] (+1) -0.64379085<x20>[B] (+0) -0.64379085<x21>[B] (+1) -0.64379085<x22>[B] (+0) +0.64379085<x23>[B] (+0) -0.64379085<x24>[B] (+0) -0.64379085<x25>[B] (+1) -0.64379085<x26>[B] (+0) -0.64379085<x27>[B] (+0) -0.64379085<x28>[B] (+1) -0.64379085<x29>[B] (+0) -0.64379085<x30>[B] (+0) -0.64379085<x31>[B] (+1) -0.64379085<x32>[B] (+1) -0.64379085<x33>[B] (+0) +0.64379085<x34>[B] (+1) -0.64379085<x35>[B] (+0) -0.64379085<x36>[B] (+1) +0.64379085<x37>[B] (+0) +0.64379085<x38>[B] (+0) +0.64379085<x39>[B] (+0) +0.64379085<x40>[B] (+1) +0.64379085<x41>[B] (+0) +0.64379085<x42>[B] (+0) -0.64379085<x43>[B] (+1) +0.64379085<x44>[B] (+0) +0.64379085<x45>[B] (+0) +0.64379085<x46>[B] (+0) -0.64379085<x47>[B] (+1) +0.64379085<x48>[B] (+0) -0.64379085<x49>[B] (+0) -0.64379085<x50>[B] (+0) -0.64379085<x51>[B] (+0) +0.64379085<x52>[B] (+0) -0.64379085<x53>[B] (+0) -0.64379085<x54>[B] (+1) -0.64379085<x55>[B] (+0) +0.64379085<x56>[B] (+0) -0.64379085<x57>[B] (+1) -0.64379085<x58>[B] (+0) -0.64379085<x59>[B] (+0) -0.64379085<x60>[B] (+0) -0.64379085<x61>[B] (+1) +0.64379085<x62>[B] (+0) -0.64379085<x63>[B] (+1) +0.64379085<x64>[B] (+1) +0.64379085<x65>[B] (+0) +0.64379085<x66>[B] (+1) +0.64379085<x67>[B] (+1) +0.64379085<x68>[B] (+0) +0.64379085<x69>[B] (+1) +0.64379085<x70>[B] (+1) +0.64379085<x71>[B] (+1) +0.64379085<x72>[B] (+1) +0.64379085<x73>[B] (+1) +0.64379085<x74>[B] (+1) +0.64379085<x75>[B] (+1) +0.64379085<x76>[B] (+0) +0.64379085<x77>[B] (+0) +0.64379085<x78>[B] (+0) +0.64379085<x79>[B] (+1) +0.64379085<x80>[B] (+0) +0.64379085<x81>[B] (+0) +0.64379085<x82>[B] (+1) +0.64379085<x83>[B] (+0) +0.64379085<x84>[B] (+0) +0.64379085<x85>[B] (+0) +0.64379085<x86>[B] (+1) +0.64379085<x87>[B] (+0) +0.64379085<x88>[B] (+0) -0.64379085<x89>[B] (+1) -0.64379085<x90>[B] (+1) -0.64379085<x91>[B] (+0) +0.64379085<x92>[B] (+1) -0.64379085<x93>[B] (+1) -0.64379085<x94>[B] (+1) -0.64379085<x95>[B] (+1) -0.64379085<x96>[B] (+1) -0.64379085<x97>[B] (+1) +0.64379085<x98>[B] (+1) -0.64379085<x99>[B] (+1) -0.64379085<x100>[B] (+1) -0.64379085<x101>[B] (+1) -0.64379085<x102>[B] (+1) -0.64379085<x103>[B] (+1) -0.64379085<x104>[B] (+1) -0.64379085<x105>[B] (+1) -0.64379085<x106>[B] (+1) -0.64379085<x107>[B] (+1) -0.64379085<x108>[B] (+1) +0.64379085<x109>[B] (+1) +0.64379085<x110>[B] (+0) +0.64379085<x111>[B] (+1) -0.64379085<x112>[B] (+1) +0.64379085<x113>[B] (+0) -0.64379085<x114>[B] (+1) +0.64379085<x115>[B] (+1) -0.64379085<x116>[B] (+1) +0.64379085<x117>[B] (+0) +0.64379085<x118>[B] (+0) +0.64379085<x119>[B] (+0) -0.64379085<x120>[B] (+0) -0.64379085<x121>[B] (+0) -0.64379085<x122>[B] (+0) -0.64379085<x123>[B] (+0) -0.64379085<x124>[B] (+1) +0.64379085<x125>[B] (+0) +0.64379085<x126>[B] (+1) -0.64379085<x127>[B] (+1) -0.64379085<x128>[B] (+1) -0.64379085<x129>[B] (+1) -0.64379085<x130>[B] (+1) -0.64379085<x131>[B] (+1) +0.64379085<x132>[B] (+1) -0.64379085<x133>[B] (+1) -0.64379085<x134>[B] (+0) -0.64379085<x135>[B] (+0) -0.64379085<x136>[B] (+1) -0.64379085<x137>[B] (+1) +0.64379085<x138>[B] (+0) +0.64379085<x139>[B] (+0) +0.64379085<x140>[B] (+0) +0.64379085<x141>[B] (+0) -0.64379085<x142>[B] (+1) +0.64379085<x143>[B] (+0) -0.64379085<x144>[B] (+1) +0.64379085<x145>[B] (+1) -0.64379085<x146>[B] (+1) +0.64379085<x147>[B] (+1) +0.64379085<x148>[B] (+1) -0.64379085<x149>[B] (+1) +0.64379085<x150>[B] (+0) -0.64379085<x151>[B] (+1) +0.64379085<x152>[B] (+0) +0.64379085<x153>[B] (+0) >= 13.359477124183;
;
violation: left hand side is violated by 0.00653594771241117
  [linear] <c2121>: <x200>[C] (+29.4869281) +0.617647059<x1>[B] (+1) +0.617647059<x2>[B] (+1) +0.617647059<x3>[B] (+1) +0.617647059<x4>[B] (+0) +0.617647059<x5>[B] (+1) +0.617647059<x6>[B] (+0) +0.617647059<x7>[B] (+0) +0.617647059<x8>[B] (+0) +0.617647059<x9>[B] (+1) +0.617647059<x10>[B] (+0) +0.617647059<x11>[B] (+1) +0.617647059<x12>[B] (+1) +0.617647059<x13>[B] (+0) +0.617647059<x14>[B] (+0) +0.617647059<x15>[B] (+1) +0.617647059<x16>[B] (+1) +0.617647059<x17>[B] (+1) +0.617647059<x18>[B] (+0) -0.617647059<x19>[B] (+1) +0.617647059<x20>[B] (+0) +0.617647059<x21>[B] (+1) +0.617647059<x22>[B] (+0) +0.617647059<x23>[B] (+0) -0.617647059<x24>[B] (+0) -0.617647059<x25>[B] (+1) -0.617647059<x26>[B] (+0) +0.617647059<x27>[B] (+1) +0.617647059<x28>[B] (+1) +0.617647059<x29>[B] (+0) +0.617647059<x30>[B] (+0) +0.617647059<x31>[B] (+0) -0.617647059<x32>[B] (+1) +0.617647059<x33>[B] (+0) -0.617647059<x34>[B] (+1) +0.617647059<x35>[B] (+0) +0.617647059<x36>[B] (+1) +0.617647059<x37>[B] (+0) +0.617647059<x38>[B] (+0) -0.617647059<x39>[B] (+0) -0.617647059<x40>[B] (+1) -0.617647059<x41>[B] (+0) +0.617647059<x42>[B] (+1) -0.617647059<x43>[B] (+1) -0.617647059<x44>[B] (+0) -0.617647059<x45>[B] (+0) +0.617647059<x46>[B] (+0) -0.617647059<x47>[B] (+1) +0.617647059<x48>[B] (+1) +0.617647059<x49>[B] (+0) +0.617647059<x50>[B] (+0) +0.617647059<x51>[B] (+0) +0.617647059<x52>[B] (+0) -0.617647059<x53>[B] (+0) -0.617647059<x54>[B] (+1) +0.617647059<x55>[B] (+0) +0.617647059<x56>[B] (+1) +0.617647059<x57>[B] (+1) +0.617647059<x58>[B] (+0) +0.617647059<x59>[B] (+0) +0.617647059<x60>[B] (+0) -0.617647059<x61>[B] (+1) +0.617647059<x62>[B] (+0) -0.617647059<x63>[B] (+1) -0.617647059<x64>[B] (+1) -0.617647059<x65>[B] (+0) -0.617647059<x66>[B] (+1) -0.617647059<x67>[B] (+1) -0.617647059<x68>[B] (+1) -0.617647059<x69>[B] (+1) -0.617647059<x70>[B] (+1) -0.617647059<x71>[B] (+1) -0.617647059<x72>[B] (+1) -0.617647059<x73>[B] (+1) -0.617647059<x74>[B] (+1) -0.617647059<x75>[B] (+1) -0.617647059<x76>[B] (+0) -0.617647059<x77>[B] (+0) -0.617647059<x78>[B] (+0) -0.617647059<x79>[B] (+1) -0.617647059<x80>[B] (+0) -0.617647059<x81>[B] (+1) -0.617647059<x82>[B] (+1) -0.617647059<x83>[B] (+0) -0.617647059<x84>[B] (+0) +0.617647059<x85>[B] (+0) -0.617647059<x86>[B] (+1) -0.617647059<x87>[B] (+0) -0.617647059<x88>[B] (+0) -0.617647059<x89>[B] (+1) -0.617647059<x90>[B] (+1) -0.617647059<x91>[B] (+0) -0.617647059<x92>[B] (+1) -0.617647059<x93>[B] (+1) -0.617647059<x94>[B] (+1) -0.617647059<x95>[B] (+0) +0.617647059<x96>[B] (+1) -0.617647059<x97>[B] (+1) -0.617647059<x98>[B] (+1) -0.617647059<x99>[B] (+1) -0.617647059<x100>[B] (+1) -0.617647059<x101>[B] (+1) +0.617647059<x102>[B] (+1) -0.617647059<x103>[B] (+1) -0.617647059<x104>[B] (+1) -0.617647059<x105>[B] (+1) +0.617647059<x106>[B] (+1) -0.617647059<x107>[B] (+1) -0.617647059<x108>[B] (+1) -0.617647059<x109>[B] (+1) +0.617647059<x110>[B] (+0) +0.617647059<x111>[B] (+1) +0.617647059<x112>[B] (+1) +0.617647059<x113>[B] (+0) +0.617647059<x114>[B] (+0) +0.617647059<x115>[B] (+1) -0.617647059<x116>[B] (+1) +0.617647059<x117>[B] (+1) +0.617647059<x118>[B] (+0) +0.617647059<x119>[B] (+1) +0.617647059<x120>[B] (+0) +0.617647059<x121>[B] (+0) +0.617647059<x122>[B] (+0) +0.617647059<x123>[B] (+0) -0.617647059<x124>[B] (+1) +0.617647059<x125>[B] (-2.90212299e-13) +0.617647059<x126>[B] (+1) +0.617647059<x127>[B] (+1) +0.617647059<x128>[B] (+1) +0.617647059<x129>[B] (+0) +0.617647059<x130>[B] (+1) -0.617647059<x131>[B] (+1) +0.617647059<x132>[B] (+1) -0.617647059<x133>[B] (+0) -0.617647059<x134>[B] (+0) -0.617647059<x135>[B] (+0) +0.617647059<x136>[B] (+0) -0.617647059<x137>[B] (+1) -0.617647059<x138>[B] (+0) -0.617647059<x139>[B] (+0) +0.617647059<x140>[B] (+0) +0.617647059<x141>[B] (+0) -0.617647059<x142>[B] (+1) +0.617647059<x143>[B] (+0) +0.617647059<x144>[B] (+0) +0.617647059<x145>[B] (+1) -0.617647059<x146>[B] (+1) +0.617647059<x147>[B] (+1) +0.617647059<x148>[B] (+1) -0.617647059<x149>[B] (+1) +0.617647059<x150>[B] (+1) -0.617647059<x151>[B] (+1) -0.617647059<x152>[B] (+1) +0.617647059<x153>[B] (+0) >= 20.2287581699346;
;
violation: left hand side is violated by 0.00653594771241472
  [linear] <c2104>: <x168>[C] (+22.9934641) +0.565359477<x1>[B] (+0) +0.565359477<x2>[B] (+0) +0.565359477<x3>[B] (+0) +0.565359477<x4>[B] (+0) +0.565359477<x5>[B] (+1) +0.565359477<x6>[B] (+0) +0.565359477<x7>[B] (+0) +0.565359477<x8>[B] (+0) +0.565359477<x9>[B] (+1) +0.565359477<x10>[B] (+0) +0.565359477<x11>[B] (+0) +0.565359477<x12>[B] (+1) +0.565359477<x13>[B] (+0) +0.565359477<x14>[B] (+0) +0.565359477<x15>[B] (+1) +0.565359477<x16>[B] (+0) +0.565359477<x17>[B] (+0) +0.565359477<x18>[B] (+1) -0.565359477<x19>[B] (+1) +0.565359477<x20>[B] (+0) +0.565359477<x21>[B] (+1) +0.565359477<x22>[B] (+0) +0.565359477<x23>[B] (+0) -0.565359477<x24>[B] (+0) -0.565359477<x25>[B] (+1) -0.565359477<x26>[B] (+0) -0.565359477<x27>[B] (+1) -0.565359477<x28>[B] (+1) -0.565359477<x29>[B] (+1) +0.565359477<x30>[B] (+1) +0.565359477<x31>[B] (+1) -0.565359477<x32>[B] (+1) -0.565359477<x33>[B] (+0) -0.565359477<x34>[B] (+1) -0.565359477<x35>[B] (+0) -0.565359477<x36>[B] (+1) +0.565359477<x37>[B] (+0) +0.565359477<x38>[B] (+0) -0.565359477<x39>[B] (+0) -0.565359477<x40>[B] (+1) -0.565359477<x41>[B] (+0) -0.565359477<x42>[B] (+1) -0.565359477<x43>[B] (+1) -0.565359477<x44>[B] (+1) +0.565359477<x45>[B] (+1) +0.565359477<x46>[B] (+1) -0.565359477<x47>[B] (+1) -0.565359477<x48>[B] (+0) +0.565359477<x49>[B] (+0) +0.565359477<x50>[B] (+1) +0.565359477<x51>[B] (+0) +0.565359477<x52>[B] (+0) -0.565359477<x53>[B] (+0) -0.565359477<x54>[B] (+1) -0.565359477<x55>[B] (+0) -0.565359477<x56>[B] (+0) -0.565359477<x57>[B] (+1) -0.565359477<x58>[B] (+0) +0.565359477<x59>[B] (+0) +0.565359477<x60>[B] (+1) -0.565359477<x61>[B] (+1) -0.565359477<x62>[B] (+0) -0.565359477<x63>[B] (+1) +0.565359477<x64>[B] (+0) +0.565359477<x65>[B] (+0) -0.565359477<x66>[B] (+0) -0.565359477<x67>[B] (+1) -0.565359477<x68>[B] (+0) -0.565359477<x69>[B] (+1) -0.565359477<x70>[B] (+1) -0.565359477<x71>[B] (+1) +0.565359477<x72>[B] (+1) +0.565359477<x73>[B] (+1) -0.565359477<x74>[B] (+1) -0.565359477<x75>[B] (+0) +0.565359477<x76>[B] (+0) +0.565359477<x77>[B] (+0) -0.565359477<x78>[B] (+0) -0.565359477<x79>[B] (+1) -0.565359477<x80>[B] (+0) -0.565359477<x81>[B] (+0) -0.565359477<x82>[B] (+1) -0.565359477<x83>[B] (+0) +0.565359477<x84>[B] (+0) +0.565359477<x85>[B] (+0) -0.565359477<x86>[B] (+0) -0.565359477<x87>[B] (+0) +0.565359477<x88>[B] (+1) -0.565359477<x89>[B] (+0) -0.565359477<x90>[B] (+1) -0.565359477<x91>[B] (+0) -0.565359477<x92>[B] (+1) -0.565359477<x93>[B] (+1) -0.565359477<x94>[B] (+1) +0.565359477<x95>[B] (+1) +0.565359477<x96>[B] (+1) -0.565359477<x97>[B] (+1) -0.565359477<x98>[B] (+0) -0.565359477<x99>[B] (+0) -0.565359477<x100>[B] (+1) -0.565359477<x101>[B] (+0) -0.565359477<x102>[B] (+1) -0.565359477<x103>[B] (+1) -0.565359477<x104>[B] (+1) +0.565359477<x105>[B] (+1) +0.565359477<x106>[B] (+1) -0.565359477<x107>[B] (+1) -0.565359477<x108>[B] (+0) -0.565359477<x109>[B] (+1) +0.565359477<x110>[B] (+1) +0.565359477<x111>[B] (+1) +0.565359477<x112>[B] (+1) +0.565359477<x113>[B] (+1) +0.565359477<x114>[B] (+1) +0.565359477<x115>[B] (+1) +0.565359477<x116>[B] (+1) +0.565359477<x117>[B] (+1) +0.565359477<x118>[B] (+0) +0.565359477<x119>[B] (+0) +0.565359477<x120>[B] (+0) +0.565359477<x121>[B] (+0) +0.565359477<x122>[B] (+0) +0.565359477<x123>[B] (+0) +0.565359477<x124>[B] (+0) +0.565359477<x125>[B] (+0) -0.565359477<x126>[B] (+1) -0.565359477<x127>[B] (+1) -0.565359477<x128>[B] (+1) +0.565359477<x129>[B] (+1) +0.565359477<x130>[B] (+1) -0.565359477<x131>[B] (+1) +0.565359477<x132>[B] (+1) +0.565359477<x133>[B] (+1) -0.565359477<x134>[B] (+0) +0.565359477<x135>[B] (+1) +0.565359477<x136>[B] (+1) +0.565359477<x137>[B] (+1) +0.565359477<x138>[B] (+0) -0.565359477<x139>[B] (+0) +0.565359477<x140>[B] (+0) +0.565359477<x141>[B] (+0) +0.565359477<x142>[B] (+0) +0.565359477<x143>[B] (+0) +0.565359477<x144>[B] (+1) +0.565359477<x145>[B] (+1) +0.565359477<x146>[B] (+1) +0.565359477<x147>[B] (+0) -0.565359477<x148>[B] (+1) -0.565359477<x149>[B] (+1) -0.565359477<x150>[B] (+0) -0.565359477<x151>[B] (+0) -0.565359477<x152>[B] (+0) +0.565359477<x153>[B] (+0) >= 20.7777777777778;
;
violation: left hand side is violated by 0.0457516339869208
  [linear] <c2135>: <x227>[C] (+24.7287582) -0.571895425<x1>[B] (+1) -0.571895425<x2>[B] (+1) -0.571895425<x3>[B] (+1) +0.571895425<x4>[B] (+0) -0.571895425<x5>[B] (+1) -0.571895425<x6>[B] (+0) -0.571895425<x7>[B] (+0) +0.571895425<x8>[B] (+0) -0.571895425<x9>[B] (+1) -0.571895425<x10>[B] (+0) -0.571895425<x11>[B] (+0) -0.571895425<x12>[B] (+1) -0.571895425<x13>[B] (+0) -0.571895425<x14>[B] (+0) -0.571895425<x15>[B] (+1) -0.571895425<x16>[B] (+1) -0.571895425<x17>[B] (+0) +0.571895425<x18>[B] (+1) +0.571895425<x19>[B] (+1) +0.571895425<x20>[B] (+0) -0.571895425<x21>[B] (+1) +0.571895425<x22>[B] (+0) +0.571895425<x23>[B] (+0) +0.571895425<x24>[B] (+0) +0.571895425<x25>[B] (+1) +0.571895425<x26>[B] (+0) +0.571895425<x27>[B] (+0) +0.571895425<x28>[B] (+1) +0.571895425<x29>[B] (+0) +0.571895425<x30>[B] (+0) +0.571895425<x31>[B] (+1) +0.571895425<x32>[B] (+1) +0.571895425<x33>[B] (+0) +0.571895425<x34>[B] (+1) +0.571895425<x35>[B] (+0) -0.571895425<x36>[B] (+1) -0.571895425<x37>[B] (+0) -0.571895425<x38>[B] (+0) +0.571895425<x39>[B] (+0) -0.571895425<x40>[B] (+1) -0.571895425<x41>[B] (+0) +0.571895425<x42>[B] (+0) -0.571895425<x43>[B] (+1) -0.571895425<x44>[B] (+0) -0.571895425<x45>[B] (+0) -0.571895425<x46>[B] (+0) -0.571895425<x47>[B] (+1) -0.571895425<x48>[B] (+0) +0.571895425<x49>[B] (+0) -0.571895425<x50>[B] (+0) -0.571895425<x51>[B] (+0) -0.571895425<x52>[B] (+0) +0.571895425<x53>[B] (+0) -0.571895425<x54>[B] (+1) -0.571895425<x55>[B] (+0) +0.571895425<x56>[B] (+0) -0.571895425<x57>[B] (+1) -0.571895425<x58>[B] (+0) -0.571895425<x59>[B] (+0) -0.571895425<x60>[B] (+0) -0.571895425<x61>[B] (+1) -0.571895425<x62>[B] (+0) -0.571895425<x63>[B] (+1) -0.571895425<x64>[B] (+1) -0.571895425<x65>[B] (+0) -0.571895425<x66>[B] (+1) -0.571895425<x67>[B] (+1) -0.571895425<x68>[B] (+0) -0.571895425<x69>[B] (+1) -0.571895425<x70>[B] (+1) -0.571895425<x71>[B] (+1) -0.571895425<x72>[B] (+1) -0.571895425<x73>[B] (+1) -0.571895425<x74>[B] (+1) -0.571895425<x75>[B] (+1) +0.571895425<x76>[B] (+0) +0.571895425<x77>[B] (+0) +0.571895425<x78>[B] (+0) +0.571895425<x79>[B] (+1) +0.571895425<x80>[B] (+0) +0.571895425<x81>[B] (+0) +0.571895425<x82>[B] (+1) +0.571895425<x83>[B] (+0) +0.571895425<x84>[B] (+0) +0.571895425<x85>[B] (+0) +0.571895425<x86>[B] (+1) +0.571895425<x87>[B] (+0) +0.571895425<x88>[B] (+0) +0.571895425<x89>[B] (+1) -0.571895425<x90>[B] (+1) -0.571895425<x91>[B] (+0) +0.571895425<x92>[B] (+1) +0.571895425<x93>[B] (+1) -0.571895425<x94>[B] (+1) +0.571895425<x95>[B] (+1) +0.571895425<x96>[B] (+1) +0.571895425<x97>[B] (+1) +0.571895425<x98>[B] (+1) +0.571895425<x99>[B] (+1) -0.571895425<x100>[B] (+1) -0.571895425<x101>[B] (+1) +0.571895425<x102>[B] (+1) -0.571895425<x103>[B] (+1) -0.571895425<x104>[B] (+1) -0.571895425<x105>[B] (+1) -0.571895425<x106>[B] (+1) -0.571895425<x107>[B] (+1) -0.571895425<x108>[B] (+1) -0.571895425<x109>[B] (+1) -0.571895425<x110>[B] (+0) -0.571895425<x111>[B] (+1) -0.571895425<x112>[B] (+1) -0.571895425<x113>[B] (+0) -0.571895425<x114>[B] (+1) -0.571895425<x115>[B] (+1) -0.571895425<x116>[B] (+1) -0.571895425<x117>[B] (+0) +0.571895425<x118>[B] (+0) +0.571895425<x119>[B] (+0) +0.571895425<x120>[B] (+0) +0.571895425<x121>[B] (+0) +0.571895425<x122>[B] (+0) +0.571895425<x123>[B] (+0) +0.571895425<x124>[B] (+1) +0.571895425<x125>[B] (+0) +0.571895425<x126>[B] (+1) +0.571895425<x127>[B] (+1) +0.571895425<x128>[B] (+1) +0.571895425<x129>[B] (+1) +0.571895425<x130>[B] (+1) +0.571895425<x131>[B] (+1) +0.571895425<x132>[B] (+1) -0.571895425<x133>[B] (+1) -0.571895425<x134>[B] (+0) -0.571895425<x135>[B] (+1) -0.571895425<x136>[B] (+1) -0.571895425<x137>[B] (+1) -0.571895425<x138>[B] (+0) -0.571895425<x139>[B] (+0) +0.571895425<x140>[B] (+0) -0.571895425<x141>[B] (+0) +0.571895425<x142>[B] (+1) +0.571895425<x143>[B] (+0) +0.571895425<x144>[B] (+1) +0.571895425<x145>[B] (+1) +0.571895425<x146>[B] (+1) +0.571895425<x147>[B] (+1) -0.571895425<x148>[B] (+1) -0.571895425<x149>[B] (+1) -0.571895425<x150>[B] (+0) +0.571895425<x151>[B] (+1) +0.571895425<x152>[B] (+0) +0.571895425<x153>[B] (+0) >= 15.5849673202614;
;
violation: left hand side is violated by 0.00653594771241117
  [linear] <c2108>: <x172>[C] (+32.6732026) -0.650326797<x1>[B] (+1) -0.650326797<x2>[B] (+1) +0.650326797<x3>[B] (+1) +0.650326797<x4>[B] (+0) +0.650326797<x5>[B] (+1) -0.650326797<x6>[B] (+0) +0.650326797<x7>[B] (+0) +0.650326797<x8>[B] (+0) -0.650326797<x9>[B] (+1) +0.650326797<x10>[B] (+0) -0.650326797<x11>[B] (+0) +0.650326797<x12>[B] (+1) -0.650326797<x13>[B] (+0) +0.650326797<x14>[B] (+0) -0.650326797<x15>[B] (+1) -0.650326797<x16>[B] (+1) +0.650326797<x17>[B] (+0) -0.650326797<x18>[B] (+1) +0.650326797<x19>[B] (+1) +0.650326797<x20>[B] (+0) +0.650326797<x21>[B] (+1) +0.650326797<x22>[B] (+0) +0.650326797<x23>[B] (+0) +0.650326797<x24>[B] (+0) +0.650326797<x25>[B] (+1) +0.650326797<x26>[B] (+0) +0.650326797<x27>[B] (+0) +0.650326797<x28>[B] (+1) +0.650326797<x29>[B] (+0) +0.650326797<x30>[B] (+0) +0.650326797<x31>[B] (+1) +0.650326797<x32>[B] (+1) +0.650326797<x33>[B] (+0) +0.650326797<x34>[B] (+1) +0.650326797<x35>[B] (+0) +0.650326797<x36>[B] (+1) +0.650326797<x37>[B] (+0) +0.650326797<x38>[B] (+0) +0.650326797<x39>[B] (+0) +0.650326797<x40>[B] (+1) +0.650326797<x41>[B] (+0) +0.650326797<x42>[B] (+0) +0.650326797<x43>[B] (+1) +0.650326797<x44>[B] (+0) +0.650326797<x45>[B] (+0) +0.650326797<x46>[B] (+0) +0.650326797<x47>[B] (+1) +0.650326797<x48>[B] (+0) +0.650326797<x49>[B] (+0) -0.650326797<x50>[B] (+0) -0.650326797<x51>[B] (+0) +0.650326797<x52>[B] (+0) +0.650326797<x53>[B] (+0) -0.650326797<x54>[B] (+1) +0.650326797<x55>[B] (+0) -0.650326797<x56>[B] (+0) -0.650326797<x57>[B] (+1) -0.650326797<x58>[B] (+0) +0.650326797<x59>[B] (+0) -0.650326797<x60>[B] (+0) -0.650326797<x61>[B] (+1) -0.650326797<x62>[B] (+0) -0.650326797<x63>[B] (+1) -0.650326797<x64>[B] (+1) +0.650326797<x65>[B] (+0) -0.650326797<x66>[B] (+1) -0.650326797<x67>[B] (+1) +0.650326797<x68>[B] (+1) -0.650326797<x69>[B] (+1) -0.650326797<x70>[B] (+1) -0.650326797<x71>[B] (+1) -0.650326797<x72>[B] (+1) -0.650326797<x73>[B] (+1) -0.650326797<x74>[B] (+1) -0.650326797<x75>[B] (+1) -0.650326797<x76>[B] (+0) +0.650326797<x77>[B] (+0) +0.650326797<x78>[B] (+0) -0.650326797<x79>[B] (+1) +0.650326797<x80>[B] (+0) -0.650326797<x81>[B] (+0) +0.650326797<x82>[B] (+1) -0.650326797<x83>[B] (+0) +0.650326797<x84>[B] (+0) -0.650326797<x85>[B] (+0) -0.650326797<x86>[B] (+1) +0.650326797<x87>[B] (+0) +0.650326797<x88>[B] (+0) +0.650326797<x89>[B] (+1) +0.650326797<x90>[B] (+1) +0.650326797<x91>[B] (+0) +0.650326797<x92>[B] (+1) +0.650326797<x93>[B] (+1) +0.650326797<x94>[B] (+1) +0.650326797<x95>[B] (+1) +0.650326797<x96>[B] (+1) +0.650326797<x97>[B] (+1) +0.650326797<x98>[B] (+1) -0.650326797<x99>[B] (+1) -0.650326797<x100>[B] (+1) +0.650326797<x101>[B] (+1) -0.650326797<x102>[B] (+1) -0.650326797<x103>[B] (+1) -0.650326797<x104>[B] (+1) -0.650326797<x105>[B] (+1) -0.650326797<x106>[B] (+1) -0.650326797<x107>[B] (+1) -0.650326797<x108>[B] (+1) -0.650326797<x109>[B] (+1) +0.650326797<x110>[B] (+0) -0.650326797<x111>[B] (+1) -0.650326797<x112>[B] (+1) -0.650326797<x113>[B] (+0) -0.650326797<x114>[B] (+1) -0.650326797<x115>[B] (+1) -0.650326797<x116>[B] (+1) -0.650326797<x117>[B] (+0) +0.650326797<x118>[B] (+0) -0.650326797<x119>[B] (+0) +0.650326797<x120>[B] (+0) -0.650326797<x121>[B] (+0) +0.650326797<x122>[B] (+0) -0.650326797<x123>[B] (+0) -0.650326797<x124>[B] (+1) +0.650326797<x125>[B] (+0) -0.650326797<x126>[B] (+1) -0.650326797<x127>[B] (+1) -0.650326797<x128>[B] (+1) -0.650326797<x129>[B] (+1) -0.650326797<x130>[B] (+1) -0.650326797<x131>[B] (+1) -0.650326797<x132>[B] (+1) +0.650326797<x133>[B] (+1) -0.650326797<x134>[B] (+0) +0.650326797<x135>[B] (+1) -0.650326797<x136>[B] (+1) -0.650326797<x137>[B] (+1) +0.650326797<x138>[B] (+0) -0.650326797<x139>[B] (+0) +0.650326797<x140>[B] (+0) -0.650326797<x141>[B] (+0) -0.650326797<x142>[B] (+1) -0.650326797<x143>[B] (+0) +0.650326797<x144>[B] (+1) -0.650326797<x145>[B] (+1) -0.650326797<x146>[B] (+1) +0.650326797<x147>[B] (+1) -0.650326797<x148>[B] (+1) -0.650326797<x149>[B] (+1) -0.650326797<x150>[B] (+2.73225886e-13) -0.650326797<x151>[B] (+1) +0.650326797<x152>[B] (+0) +0.650326797<x153>[B] (+0) >= 17.7222222222222;
;
violation: left hand side is violated by 0.00653594771240051
  [linear] <c2105>: <x169>[C] (+19.3562092) -0.5<x1>[B] (+1) -0.5<x2>[B] (+1) -0.5<x3>[B] (+1) -0.5<x4>[B] (+0) -0.5<x5>[B] (+1) -0.5<x6>[B] (+0) -0.5<x7>[B] (+0) +0.5<x8>[B] (+0) -0.5<x9>[B] (+1) +0.5<x10>[B] (+0) -0.5<x11>[B] (+0) -0.5<x12>[B] (+1) -0.5<x13>[B] (+0) -0.5<x14>[B] (+1) -0.5<x15>[B] (+1) -0.5<x16>[B] (+1) -0.5<x17>[B] (+0) +0.5<x18>[B] (+1) +0.5<x19>[B] (+1) +0.5<x20>[B] (+0) +0.5<x21>[B] (+1) -0.5<x22>[B] (+0) +0.5<x23>[B] (+0) +0.5<x24>[B] (+0) +0.5<x25>[B] (+1) +0.5<x26>[B] (+0) +0.5<x27>[B] (+0) +0.5<x28>[B] (+1) -0.5<x29>[B] (+0) -0.5<x30>[B] (+1) +0.5<x31>[B] (+1) +0.5<x32>[B] (+1) +0.5<x33>[B] (+0) -0.5<x34>[B] (+1) -0.5<x35>[B] (+0) -0.5<x36>[B] (+1) -0.5<x37>[B] (+0) -0.5<x38>[B] (+0) +0.5<x39>[B] (+0) +0.5<x40>[B] (+1) +0.5<x41>[B] (+0) -0.5<x42>[B] (+0) -0.5<x43>[B] (+1) -0.5<x44>[B] (+0) -0.5<x45>[B] (+0) +0.5<x46>[B] (+0) -0.5<x47>[B] (+1) -0.5<x48>[B] (+0) -0.5<x49>[B] (+0) -0.5<x50>[B] (+0) -0.5<x51>[B] (+0) +0.5<x52>[B] (+0) +0.5<x53>[B] (+0) +0.5<x54>[B] (+1) +0.5<x55>[B] (+0) +0.5<x56>[B] (+0) -0.5<x57>[B] (+1) -0.5<x58>[B] (+0) -0.5<x59>[B] (+0) +0.5<x60>[B] (+0) +0.5<x61>[B] (+1) +0.5<x62>[B] (+0) +0.5<x63>[B] (+1) -0.5<x64>[B] (+1) +0.5<x65>[B] (+0) +0.5<x66>[B] (+1) +0.5<x67>[B] (+1) +0.5<x68>[B] (+1) +0.5<x69>[B] (+1) -0.5<x70>[B] (+1) -0.5<x71>[B] (+1) -0.5<x72>[B] (+1) +0.5<x73>[B] (+1) +0.5<x74>[B] (+1) +0.5<x75>[B] (+1) -0.5<x76>[B] (+0) +0.5<x77>[B] (+0) +0.5<x78>[B] (+0) +0.5<x79>[B] (+1) +0.5<x80>[B] (+0) +0.5<x81>[B] (+0) -0.5<x82>[B] (+1) -0.5<x83>[B] (+0) -0.5<x84>[B] (+0) +0.5<x85>[B] (+0) +0.5<x86>[B] (+1) +0.5<x87>[B] (+0) +0.5<x88>[B] (+0) +0.5<x89>[B] (+1) +0.5<x90>[B] (+1) +0.5<x91>[B] (+0) +0.5<x92>[B] (+1) +0.5<x93>[B] (+1) -0.5<x94>[B] (+1) -0.5<x95>[B] (+1) +0.5<x96>[B] (+1) +0.5<x97>[B] (+1) +0.5<x98>[B] (+0) +0.5<x99>[B] (+1) +0.5<x100>[B] (+1) +0.5<x101>[B] (+1) +0.5<x102>[B] (+1) -0.5<x103>[B] (+1) -0.5<x104>[B] (+1) -0.5<x105>[B] (+1) +0.5<x106>[B] (+1) +0.5<x107>[B] (+1) +0.5<x108>[B] (+1) -0.5<x109>[B] (+1) +0.5<x110>[B] (+0) -0.5<x111>[B] (+1) -0.5<x112>[B] (+1) -0.5<x113>[B] (+0) -0.5<x114>[B] (+1) -0.5<x115>[B] (+1) -0.5<x116>[B] (+1) -0.5<x117>[B] (+0) +0.5<x118>[B] (+0) -0.5<x119>[B] (+0) -0.5<x120>[B] (+0) -0.5<x121>[B] (+0) -0.5<x122>[B] (+0) -0.5<x123>[B] (+0) -0.5<x124>[B] (+1) -0.5<x125>[B] (+0) -0.5<x126>[B] (+1) -0.5<x127>[B] (+1) -0.5<x128>[B] (+1) -0.5<x129>[B] (+1) -0.5<x130>[B] (+1) -0.5<x131>[B] (+1) -0.5<x132>[B] (+1) -0.5<x133>[B] (+1) -0.5<x134>[B] (+0) -0.5<x135>[B] (+1) +0.5<x136>[B] (+1) -0.5<x137>[B] (+1) -0.5<x138>[B] (+0) -0.5<x139>[B] (+0) -0.5<x140>[B] (+0) +0.5<x141>[B] (+0) +0.5<x142>[B] (+1) +0.5<x143>[B] (+0) +0.5<x144>[B] (+1) +0.5<x145>[B] (+1) +0.5<x146>[B] (+1) +0.5<x147>[B] (+0) +0.5<x148>[B] (+1) +0.5<x149>[B] (+1) +0.5<x150>[B] (+0) -0.5<x151>[B] (+1) -0.5<x152>[B] (+0) +0.5<x153>[B] (+0) >= 17.8758169934641;
;
violation: left hand side is violated by 0.0196078431372548
  [linear] <c2105>: <x169>[C] (+18.869281) -0.5<x1>[B] (+1) -0.5<x2>[B] (+1) -0.5<x3>[B] (+1) -0.5<x4>[B] (+0) -0.5<x5>[B] (+1) -0.5<x6>[B] (+0) -0.5<x7>[B] (+0) +0.5<x8>[B] (+0) -0.5<x9>[B] (+1) +0.5<x10>[B] (+0) -0.5<x11>[B] (+0) -0.5<x12>[B] (+1) -0.5<x13>[B] (+0) -0.5<x14>[B] (+1) -0.5<x15>[B] (+1) -0.5<x16>[B] (+1) -0.5<x17>[B] (+0) +0.5<x18>[B] (+1) +0.5<x19>[B] (+1) +0.5<x20>[B] (+0) +0.5<x21>[B] (+1) -0.5<x22>[B] (+0) +0.5<x23>[B] (+0) +0.5<x24>[B] (+0) +0.5<x25>[B] (+1) +0.5<x26>[B] (+0) +0.5<x27>[B] (+0) +0.5<x28>[B] (+1) -0.5<x29>[B] (+0) -0.5<x30>[B] (+1) +0.5<x31>[B] (+1) +0.5<x32>[B] (+1) +0.5<x33>[B] (+0) -0.5<x34>[B] (+1) -0.5<x35>[B] (+0) -0.5<x36>[B] (+1) -0.5<x37>[B] (+0) -0.5<x38>[B] (+0) +0.5<x39>[B] (+0) +0.5<x40>[B] (+1) +0.5<x41>[B] (+0) -0.5<x42>[B] (+0) -0.5<x43>[B] (+1) -0.5<x44>[B] (+0) -0.5<x45>[B] (+0) +0.5<x46>[B] (+0) -0.5<x47>[B] (+1) -0.5<x48>[B] (+0) -0.5<x49>[B] (+0) -0.5<x50>[B] (+0) -0.5<x51>[B] (+0) +0.5<x52>[B] (+0) +0.5<x53>[B] (+0) +0.5<x54>[B] (+1) +0.5<x55>[B] (+0) +0.5<x56>[B] (+0) -0.5<x57>[B] (+1) -0.5<x58>[B] (+0) -0.5<x59>[B] (+0) +0.5<x60>[B] (+0) +0.5<x61>[B] (+1) +0.5<x62>[B] (+0) +0.5<x63>[B] (+1) -0.5<x64>[B] (+1) +0.5<x65>[B] (+0) +0.5<x66>[B] (+1) +0.5<x67>[B] (+1) +0.5<x68>[B] (+1) +0.5<x69>[B] (+1) -0.5<x70>[B] (+1) -0.5<x71>[B] (+1) -0.5<x72>[B] (+1) +0.5<x73>[B] (+1) +0.5<x74>[B] (+1) +0.5<x75>[B] (+1) -0.5<x76>[B] (+0) +0.5<x77>[B] (+0) +0.5<x78>[B] (+0) +0.5<x79>[B] (+1) +0.5<x80>[B] (+0) +0.5<x81>[B] (+0) -0.5<x82>[B] (+1) -0.5<x83>[B] (+0) -0.5<x84>[B] (+0) +0.5<x85>[B] (+0) +0.5<x86>[B] (+1) +0.5<x87>[B] (+0) +0.5<x88>[B] (+0) +0.5<x89>[B] (+1) +0.5<x90>[B] (+1) +0.5<x91>[B] (+0) +0.5<x92>[B] (+1) +0.5<x93>[B] (+1) -0.5<x94>[B] (+1) -0.5<x95>[B] (+1) +0.5<x96>[B] (+1) +0.5<x97>[B] (+1) +0.5<x98>[B] (+1) +0.5<x99>[B] (+1) +0.5<x100>[B] (+1) +0.5<x101>[B] (+1) +0.5<x102>[B] (+1) -0.5<x103>[B] (+1) -0.5<x104>[B] (+1) -0.5<x105>[B] (+1) +0.5<x106>[B] (+1) +0.5<x107>[B] (+1) +0.5<x108>[B] (+1) -0.5<x109>[B] (+1) +0.5<x110>[B] (+0) -0.5<x111>[B] (+1) -0.5<x112>[B] (+1) -0.5<x113>[B] (+1) -0.5<x114>[B] (+1) -0.5<x115>[B] (+1) -0.5<x116>[B] (+1) -0.5<x117>[B] (+0) +0.5<x118>[B] (+0) -0.5<x119>[B] (+0) -0.5<x120>[B] (+0) -0.5<x121>[B] (+0) -0.5<x122>[B] (+0) -0.5<x123>[B] (+0) -0.5<x124>[B] (+0) -0.5<x125>[B] (+0) -0.5<x126>[B] (+1) -0.5<x127>[B] (+1) -0.5<x128>[B] (+1) -0.5<x129>[B] (+1) -0.5<x130>[B] (+1) -0.5<x131>[B] (+1) -0.5<x132>[B] (+1) -0.5<x133>[B] (+1) -0.5<x134>[B] (+0) -0.5<x135>[B] (+1) +0.5<x136>[B] (+1) -0.5<x137>[B] (+1) -0.5<x138>[B] (+0) -0.5<x139>[B] (+0) -0.5<x140>[B] (+0) +0.5<x141>[B] (+0) +0.5<x142>[B] (+1) +0.5<x143>[B] (+0) +0.5<x144>[B] (+1) +0.5<x145>[B] (+1) +0.5<x146>[B] (+1) +0.5<x147>[B] (+0) +0.5<x148>[B] (+1) +0.5<x149>[B] (+1) +0.5<x150>[B] (+0) -0.5<x151>[B] (+1) -0.5<x152>[B] (+0) +0.5<x153>[B] (+0) >= 17.8758169934641;
;
violation: left hand side is violated by 0.00653594771241472
  [linear] <c2139>: <x235>[C] (+28.2581699) +0.611111111<x1>[B] (+1) +0.611111111<x2>[B] (+1) -0.611111111<x3>[B] (+1) +0.611111111<x4>[B] (+0) +0.611111111<x5>[B] (+1) +0.611111111<x6>[B] (+0) -0.611111111<x7>[B] (+0) +0.611111111<x8>[B] (+0) +0.611111111<x9>[B] (+1) +0.611111111<x10>[B] (+0) +0.611111111<x11>[B] (+1) -0.611111111<x12>[B] (+1) +0.611111111<x13>[B] (+0) +0.611111111<x14>[B] (+0) +0.611111111<x15>[B] (+1) -0.611111111<x16>[B] (+1) -0.611111111<x17>[B] (+0) -0.611111111<x18>[B] (+1) -0.611111111<x19>[B] (+1) -0.611111111<x20>[B] (+0) +0.611111111<x21>[B] (+1) +0.611111111<x22>[B] (+0) -0.611111111<x23>[B] (+0) +0.611111111<x24>[B] (+0) -0.611111111<x25>[B] (+1) +0.611111111<x26>[B] (+0) +0.611111111<x27>[B] (+0) -0.611111111<x28>[B] (+1) +0.611111111<x29>[B] (+0) +0.611111111<x30>[B] (+0) -0.611111111<x31>[B] (+1) -0.611111111<x32>[B] (+1) -0.611111111<x33>[B] (+0) -0.611111111<x34>[B] (+1) -0.611111111<x35>[B] (+0) +0.611111111<x36>[B] (+1) +0.611111111<x37>[B] (+0) -0.611111111<x38>[B] (+0) +0.611111111<x39>[B] (+0) -0.611111111<x40>[B] (+1) +0.611111111<x41>[B] (+0) +0.611111111<x42>[B] (+0) -0.611111111<x43>[B] (+1) +0.611111111<x44>[B] (+0) +0.611111111<x45>[B] (+0) -0.611111111<x46>[B] (+0) -0.611111111<x47>[B] (+1) -0.611111111<x48>[B] (+0) +0.611111111<x49>[B] (+0) +0.611111111<x50>[B] (+0) +0.611111111<x51>[B] (+0) -0.611111111<x52>[B] (+0) +0.611111111<x53>[B] (+0) +0.611111111<x54>[B] (+1) +0.611111111<x55>[B] (+0) +0.611111111<x56>[B] (+0) -0.611111111<x57>[B] (+1) +0.611111111<x58>[B] (+0) +0.611111111<x59>[B] (+0) +0.611111111<x60>[B] (+0) -0.611111111<x61>[B] (+1) -0.611111111<x62>[B] (+0) +0.611111111<x63>[B] (+1) +0.611111111<x64>[B] (+1) -0.611111111<x65>[B] (+0) +0.611111111<x66>[B] (+1) +0.611111111<x67>[B] (+1) +0.611111111<x68>[B] (+1) +0.611111111<x69>[B] (+1) -0.611111111<x70>[B] (+1) +0.611111111<x71>[B] (+1) +0.611111111<x72>[B] (+1) +0.611111111<x73>[B] (+1) -0.611111111<x74>[B] (+1) -0.611111111<x75>[B] (+1) +0.611111111<x76>[B] (+0) -0.611111111<x77>[B] (+0) -0.611111111<x78>[B] (+0) -0.611111111<x79>[B] (+1) +0.611111111<x80>[B] (+0) -0.611111111<x81>[B] (+0) -0.611111111<x82>[B] (+1) +0.611111111<x83>[B] (+0) +0.611111111<x84>[B] (+0) -0.611111111<x85>[B] (+0) -0.611111111<x86>[B] (+1) -0.611111111<x87>[B] (+0) -0.611111111<x88>[B] (+0) -0.611111111<x89>[B] (+1) -0.611111111<x90>[B] (+1) -0.611111111<x91>[B] (+0) -0.611111111<x92>[B] (+1) -0.611111111<x93>[B] (+1) -0.611111111<x94>[B] (+1) -0.611111111<x95>[B] (+0) -0.611111111<x96>[B] (+1) -0.611111111<x97>[B] (+1) -0.611111111<x98>[B] (+0) +0.611111111<x99>[B] (+1) +0.611111111<x100>[B] (+1) +0.611111111<x101>[B] (+1) +0.611111111<x102>[B] (+1) +0.611111111<x103>[B] (+1) +0.611111111<x104>[B] (+1) +0.611111111<x105>[B] (+1) +0.611111111<x106>[B] (+1) +0.611111111<x107>[B] (+1) -0.611111111<x108>[B] (+1) -0.611111111<x109>[B] (+1) +0.611111111<x110>[B] (+0) -0.611111111<x111>[B] (+1) -0.611111111<x112>[B] (+1) +0.611111111<x113>[B] (+1) +0.611111111<x114>[B] (+0) -0.611111111<x115>[B] (+1) -0.611111111<x116>[B] (+1) -0.611111111<x117>[B] (+0) +0.611111111<x118>[B] (+0) +0.611111111<x119>[B] (+0) -0.611111111<x120>[B] (+0) +0.611111111<x121>[B] (+0) +0.611111111<x122>[B] (+0) -0.611111111<x123>[B] (+0) -0.611111111<x124>[B] (+1) -0.611111111<x125>[B] (+0) -0.611111111<x126>[B] (+1) -0.611111111<x127>[B] (+1) -0.611111111<x128>[B] (+1) -0.611111111<x129>[B] (+1) -0.611111111<x130>[B] (+1) -0.611111111<x131>[B] (+1) -0.611111111<x132>[B] (+1) -0.611111111<x133>[B] (+1) +0.611111111<x134>[B] (+0) +0.611111111<x135>[B] (+0) -0.611111111<x136>[B] (+1) -0.611111111<x137>[B] (+1) -0.611111111<x138>[B] (+0) +0.611111111<x139>[B] (+0) +0.611111111<x140>[B] (+0) +0.611111111<x141>[B] (+0) +0.611111111<x142>[B] (+1) -0.611111111<x143>[B] (+0) -0.611111111<x144>[B] (+0) -0.611111111<x145>[B] (+1) -0.611111111<x146>[B] (+1) -0.611111111<x147>[B] (+0) -0.611111111<x148>[B] (+1) -0.611111111<x149>[B] (+1) -0.611111111<x150>[B] (+1) -0.611111111<x151>[B] (+1) -0.611111111<x152>[B] (+0) -0.611111111<x153>[B] (+0) >= 14.8202614379085;
;
violation: left hand side is violated by 0.00653594771241472
  [linear] <c2110>: <x175>[C] (+28.869281) -0.611111111<x1>[B] (+1) -0.611111111<x2>[B] (+1) +0.611111111<x3>[B] (+1) +0.611111111<x4>[B] (+0) -0.611111111<x5>[B] (+1) +0.611111111<x6>[B] (+0) +0.611111111<x7>[B] (+0) +0.611111111<x8>[B] (+0) +0.611111111<x9>[B] (+1) +0.611111111<x10>[B] (+0) -0.611111111<x11>[B] (+1) +0.611111111<x12>[B] (+1) +0.611111111<x13>[B] (+0) +0.611111111<x14>[B] (+1) +0.611111111<x15>[B] (+1) +0.611111111<x16>[B] (+1) +0.611111111<x17>[B] (+0) -0.611111111<x18>[B] (+1) +0.611111111<x19>[B] (+1) +0.611111111<x20>[B] (+0) +0.611111111<x21>[B] (+1) +0.611111111<x22>[B] (+0) +0.611111111<x23>[B] (+0) +0.611111111<x24>[B] (+0) +0.611111111<x25>[B] (+1) +0.611111111<x26>[B] (+0) -0.611111111<x27>[B] (+0) +0.611111111<x28>[B] (+1) +0.611111111<x29>[B] (+0) +0.611111111<x30>[B] (+1) +0.611111111<x31>[B] (+1) +0.611111111<x32>[B] (+1) +0.611111111<x33>[B] (+0) +0.611111111<x34>[B] (+1) +0.611111111<x35>[B] (+0) +0.611111111<x36>[B] (+1) +0.611111111<x37>[B] (+0) +0.611111111<x38>[B] (+0) +0.611111111<x39>[B] (+0) +0.611111111<x40>[B] (+1) +0.611111111<x41>[B] (+0) +0.611111111<x42>[B] (+0) +0.611111111<x43>[B] (+1) +0.611111111<x44>[B] (+0) +0.611111111<x45>[B] (+0) +0.611111111<x46>[B] (+0) +0.611111111<x47>[B] (+1) +0.611111111<x48>[B] (+0) -0.611111111<x49>[B] (+0) -0.611111111<x50>[B] (+0) -0.611111111<x51>[B] (+0) +0.611111111<x52>[B] (+0) -0.611111111<x53>[B] (+0) -0.611111111<x54>[B] (+1) -0.611111111<x55>[B] (+0) -0.611111111<x56>[B] (+0) -0.611111111<x57>[B] (+1) +0.611111111<x58>[B] (+0) +0.611111111<x59>[B] (+0) -0.611111111<x60>[B] (+0) -0.611111111<x61>[B] (+1) +0.611111111<x62>[B] (+0) -0.611111111<x63>[B] (+1) +0.611111111<x64>[B] (+1) +0.611111111<x65>[B] (+0) +0.611111111<x66>[B] (+1) -0.611111111<x67>[B] (+1) +0.611111111<x68>[B] (+1) -0.611111111<x69>[B] (+1) +0.611111111<x70>[B] (+1) +0.611111111<x71>[B] (+1) +0.611111111<x72>[B] (+1) -0.611111111<x73>[B] (+1) +0.611111111<x74>[B] (+1) +0.611111111<x75>[B] (+1) +0.611111111<x76>[B] (+0) +0.611111111<x77>[B] (+0) +0.611111111<x78>[B] (+0) +0.611111111<x79>[B] (+1) +0.611111111<x80>[B] (+0) -0.611111111<x81>[B] (+0) +0.611111111<x82>[B] (+1) +0.611111111<x83>[B] (+0) +0.611111111<x84>[B] (+0) +0.611111111<x85>[B] (+0) +0.611111111<x86>[B] (+1) +0.611111111<x87>[B] (+0) +0.611111111<x88>[B] (+0) +0.611111111<x89>[B] (+0) -0.611111111<x90>[B] (+1) +0.611111111<x91>[B] (+0) -0.611111111<x92>[B] (+1) +0.611111111<x93>[B] (+1) +0.611111111<x94>[B] (+0) +0.611111111<x95>[B] (+1) -0.611111111<x96>[B] (+1) +0.611111111<x97>[B] (+1) +0.611111111<x98>[B] (+0) -0.611111111<x99>[B] (+1) -0.611111111<x100>[B] (+1) -0.611111111<x101>[B] (+1) -0.611111111<x102>[B] (+1) -0.611111111<x103>[B] (+1) +0.611111111<x104>[B] (+1) +0.611111111<x105>[B] (+1) -0.611111111<x106>[B] (+1) -0.611111111<x107>[B] (+1) -0.611111111<x108>[B] (+1) -0.611111111<x109>[B] (+1) +0.611111111<x110>[B] (+0) -0.611111111<x111>[B] (+1) -0.611111111<x112>[B] (+1) +0.611111111<x113>[B] (+1) +0.611111111<x114>[B] (+1) -0.611111111<x115>[B] (+1) -0.611111111<x116>[B] (+1) +0.611111111<x117>[B] (+0) +0.611111111<x118>[B] (+0) -0.611111111<x119>[B] (+0) +0.611111111<x120>[B] (+0) +0.611111111<x121>[B] (+0) +0.611111111<x122>[B] (+0) -0.611111111<x123>[B] (+0) +0.611111111<x124>[B] (+1) +0.611111111<x125>[B] (+0) -0.611111111<x126>[B] (+1) -0.611111111<x127>[B] (+1) +0.611111111<x128>[B] (+1) +0.611111111<x129>[B] (+1) -0.611111111<x130>[B] (+1) -0.611111111<x131>[B] (+1) +0.611111111<x132>[B] (+1) +0.611111111<x133>[B] (+1) +0.611111111<x134>[B] (+0) +0.611111111<x135>[B] (+1) +0.611111111<x136>[B] (+1) +0.611111111<x137>[B] (+1) +0.611111111<x138>[B] (+0) +0.611111111<x139>[B] (+0) +0.611111111<x140>[B] (+0) -0.611111111<x141>[B] (+0) -0.611111111<x142>[B] (+1) +0.611111111<x143>[B] (+0) -0.611111111<x144>[B] (+1) -0.611111111<x145>[B] (+1) -0.611111111<x146>[B] (+1) -0.611111111<x147>[B] (+0) -0.611111111<x148>[B] (+1) -0.611111111<x149>[B] (+1) -0.611111111<x150>[B] (+0) +0.611111111<x151>[B] (+1) +0.611111111<x152>[B] (+0) +0.611111111<x153>[B] (+0) >= 33.1535947712418;
;
violation: left hand side is violated by 0.00653594771239341
all 10 solutions given by solution candidate storage are infeasible

feasible solution found by trivial heuristic after 0.0 seconds, objective value -9.000008e+06
presolving:
   (0.0s) symmetry computation started: requiring (bin +, int +, cont +), (fixed: bin -, int -, cont -)
   (0.0s) no symmetry present (symcode time: 0.00)
presolving (0 rounds: 0 fast, 0 medium, 0 exhaustive):
 0 deleted vars, 0 deleted constraints, 0 added constraints, 0 tightened bounds, 0 added holes, 0 changed sides, 0 changed coefficients
 0 implications, 0 cliques, 0 implied integral variables (0 bin, 0 int, 0 cont)
presolved problem has 243 variables (153 bin, 0 int, 90 cont) and 2142 constraints
   2142 constraints of type <linear>
Presolving Time: 0.03
transformed 1/1 original solutions to the transformed problem space

 time | node  | left  |LP iter|LP it/n|mem/heur|mdpt |vars |cons |rows |cuts |sepa|confs|strbr|  dualbound   | primalbound  |  gap   | compl. 
p 0.1s|     1 |     0 |    54 |     - |   locks|   0 | 243 |2142 |2142 |   0 |  0 |   0 |   0 | 5.000000e+02 |-1.894944e+03 |    Inf | unknown
  0.2s|     1 |     0 |  1351 |     - |   124M |   0 | 243 |2142 |2142 |   0 |  0 |   0 |   0 |-1.544920e+03 |-1.894944e+03 |  22.66%| unknown
r 0.2s|     1 |     0 |  1351 |     - |shifting|   0 | 243 |2142 |2142 |   0 |  0 |   0 |   0 |-1.544920e+03 |-1.796575e+03 |  16.29%| unknown
  0.4s|     1 |     0 |  1390 |     - |   124M |   0 | 243 |2142 |2143 |   1 |  1 |   0 |   0 |-1.545033e+03 |-1.796575e+03 |  16.28%| unknown
  0.5s|     1 |     0 |  1432 |     - |   124M |   0 | 243 |2142 |2146 |   4 |  2 |   0 |   0 |-1.545107e+03 |-1.796575e+03 |  16.28%| unknown
r 0.5s|     1 |     0 |  1432 |     - |shifting|   0 | 243 |2142 |2146 |   4 |  2 |   0 |   0 |-1.545107e+03 |-1.753498e+03 |  13.49%| unknown
  0.7s|     1 |     0 |  1453 |     - |   125M |   0 | 243 |2142 |2148 |   6 |  3 |   0 |   0 |-1.545114e+03 |-1.753498e+03 |  13.49%| unknown
  0.7s|     1 |     0 |  1453 |     - |   125M |   0 | 243 |2142 |2148 |   6 |  3 |   0 |   0 |-1.545114e+03 |-1.753498e+03 |  13.49%| unknown
  0.8s|     1 |     0 |  1480 |     - |   125M |   0 | 243 |2142 |2150 |   8 |  4 |   0 |   0 |-1.545142e+03 |-1.753498e+03 |  13.48%| unknown
  1.0s|     1 |     0 |  1525 |     - |   125M |   0 | 243 |2142 |2152 |  10 |  5 |   0 |   0 |-1.545184e+03 |-1.753498e+03 |  13.48%| unknown
  1.1s|     1 |     0 |  1581 |     - |   125M |   0 | 243 |2142 |2155 |  13 |  6 |   0 |   0 |-1.545217e+03 |-1.753498e+03 |  13.48%| unknown
  1.3s|     1 |     0 |  1629 |     - |   126M |   0 | 243 |2142 |2159 |  17 |  7 |   0 |   0 |-1.545250e+03 |-1.753498e+03 |  13.48%| unknown
  1.4s|     1 |     0 |  1678 |     - |   126M |   0 | 243 |2142 |2165 |  23 |  8 |   0 |   0 |-1.545278e+03 |-1.753498e+03 |  13.47%| unknown
  1.6s|     1 |     0 |  1781 |     - |   126M |   0 | 243 |2142 |2168 |  26 |  9 |   0 |   0 |-1.545329e+03 |-1.753498e+03 |  13.47%| unknown
  1.8s|     1 |     0 |  1798 |     - |   126M |   0 | 243 |2142 |2172 |  30 | 10 |   0 |   0 |-1.545333e+03 |-1.753498e+03 |  13.47%| unknown
 time | node  | left  |LP iter|LP it/n|mem/heur|mdpt |vars |cons |rows |cuts |sepa|confs|strbr|  dualbound   | primalbound  |  gap   | compl. 
  1.9s|     1 |     0 |  1812 |     - |   126M |   0 | 243 |2142 |2174 |  32 | 11 |   0 |   0 |-1.545334e+03 |-1.753498e+03 |  13.47%| unknown
r 1.9s|     1 |     0 |  1812 |     - |shifting|   0 | 243 |2142 |2174 |  32 | 11 |   0 |   0 |-1.545334e+03 |-1.728651e+03 |  11.86%| unknown
r 1.9s|     1 |     0 |  1989 |     - |intshift|   0 | 243 |2142 |2174 |  32 | 11 |   0 |   0 |-1.545334e+03 |-1.582154e+03 |   2.38%| unknown
d 2.0s|     1 |     0 |  3124 |     - |farkasdi|   0 | 243 |2142 |2174 |   0 | 11 |   0 |   0 |-1.545334e+03 |-1.558239e+03 |   0.84%| unknown
L 3.4s|     1 |     0 |  3124 |     - |    rens|   0 | 243 |2142 |2174 |  32 | 11 |   0 |   0 |-1.545334e+03 |-1.552552e+03 |   0.47%| unknown
  3.4s|     1 |     0 |  3124 |     - |   128M |   0 | 243 |2142 |2174 |  32 | 11 |   0 |   0 |-1.545334e+03 |-1.552552e+03 |   0.47%| unknown
  3.5s|     1 |     0 |  3124 |     - |   128M |   0 | 243 |2142 |2126 |  32 | 11 |   0 |   0 |-1.545334e+03 |-1.552552e+03 |   0.47%| unknown
  3.5s|     1 |     0 |  3150 |     - |   128M |   0 | 243 |2142 |2128 |  34 | 12 |   0 |   0 |-1.545336e+03 |-1.552552e+03 |   0.47%| unknown
  3.5s|     1 |     0 |  3150 |     - |   128M |   0 | 243 |2143 |2112 |  34 | 12 |   1 |   0 |-1.545336e+03 |-1.552552e+03 |   0.47%| unknown
  3.5s|     1 |     0 |  3192 |     - |   128M |   0 | 243 |2143 |2115 |  37 | 13 |   1 |   0 |-1.545367e+03 |-1.552552e+03 |   0.46%| unknown
  4.9s|     1 |     2 |  3192 |     - |   128M |   0 | 243 |2079 |2115 |  37 | 13 |   1 |  26 |-1.546998e+03 |-1.552552e+03 |   0.36%| unknown
(run 1, node 1) restarting after 4 global fixings of integer variables

(restart) converted 37 cuts from the global cut pool into linear constraints

presolving:
presolving (0 rounds: 0 fast, 0 medium, 0 exhaustive):
 0 deleted vars, 0 deleted constraints, 0 added constraints, 0 tightened bounds, 0 added holes, 0 changed sides, 0 changed coefficients
 0 implications, 0 cliques, 0 implied integral variables (0 bin, 0 int, 0 cont)
presolved problem has 243 variables (153 bin, 0 int, 90 cont) and 2116 constraints
   2115 constraints of type <linear>
      1 constraints of type <logicor>
Presolving Time: 0.03
transformed 18/21 original solutions to the transformed problem space

 time | node  | left  |LP iter|LP it/n|mem/heur|mdpt |vars |cons |rows |cuts |sepa|confs|strbr|  dualbound   | primalbound  |  gap   | compl. 
  5.0s|     1 |     0 |  4434 |     - |   131M |   0 | 243 |2116 |2115 |   0 |  0 |   1 |  26 |-1.546998e+03 |-1.552552e+03 |   0.36%| unknown
  5.2s|     1 |     0 |  4466 |     - |   131M |   0 | 243 |2116 |2116 |   1 |  1 |   1 |  26 |-1.546998e+03 |-1.552552e+03 |   0.36%| unknown
  5.4s|     1 |     0 |  4501 |     - |   131M |   0 | 243 |2116 |2117 |   2 |  2 |   1 |  26 |-1.546998e+03 |-1.552552e+03 |   0.36%| unknown
  5.5s|     1 |     0 |  4539 |     - |   131M |   0 | 243 |2116 |2118 |   3 |  3 |   1 |  26 |-1.546998e+03 |-1.552552e+03 |   0.36%| unknown
  5.7s|     1 |     0 |  4586 |     - |   131M |   0 | 243 |2116 |2120 |   5 |  4 |   1 |  26 |-1.546998e+03 |-1.552552e+03 |   0.36%| unknown
  5.9s|     1 |     0 |  4659 |     - |   132M |   0 | 243 |2116 |2122 |   7 |  5 |   1 |  26 |-1.546998e+03 |-1.552552e+03 |   0.36%| unknown
  6.1s|     1 |     0 |  4695 |     - |   132M |   0 | 243 |2116 |2124 |   9 |  6 |   1 |  26 |-1.546998e+03 |-1.552552e+03 |   0.36%| unknown
  6.3s|     1 |     0 |  4711 |     - |   132M |   0 | 243 |2116 |2125 |  10 |  7 |   1 |  26 |-1.546998e+03 |-1.552552e+03 |   0.36%| unknown
  6.6s|     1 |     0 |  4794 |     - |   132M |   0 | 243 |2116 |2127 |  12 |  8 |   1 |  26 |-1.546998e+03 |-1.552552e+03 |   0.36%| unknown
  6.7s|     1 |     0 |  4852 |     - |   132M |   0 | 243 |2116 |2129 |  14 |  9 |   1 |  26 |-1.546998e+03 |-1.552552e+03 |   0.36%| unknown
  6.9s|     1 |     0 |  4944 |     - |   133M |   0 | 243 |2117 |2131 |  16 | 10 |   2 |  26 |-1.546998e+03 |-1.552552e+03 |   0.36%| unknown
  6.9s|     1 |     0 |  4959 |     - |   133M |   0 | 243 |2117 |2132 |  17 | 11 |   2 |  26 |-1.546998e+03 |-1.552552e+03 |   0.36%| unknown
  9.5s|     1 |     2 |  6489 |     - |   133M |   0 | 243 |2135 |2132 |  17 | 11 |  20 |  46 |-1.546998e+03 |-1.552552e+03 |   0.36%| unknown

SCIP Status        : problem is solved [optimal solution found]
Solving Time (sec) : 14.22
Solving Nodes      : 49 (total of 50 nodes in 2 runs)
Primal Bound       : -1.55255228758170e+03 (39 solutions)
Dual Bound         : -1.55255228758170e+03
Gap                : 0.00 %
  [linear] <c2143>: <x167>[C] (+22.5065359) -0.539215686<x1>[B] (+1) +0.539215686<x2>[B] (+1) -0.539215686<x3>[B] (+1) -0.539215686<x4>[B] (+0) -0.539215686<x5>[B] (+1) -0.539215686<x6>[B] (+0) +0.539215686<x7>[B] (+0) -0.539215686<x8>[B] (+0) -0.539215686<x9>[B] (+1) -0.539215686<x10>[B] (+0) -0.539215686<x11>[B] (+0) +0.539215686<x12>[B] (+1) -0.539215686<x13>[B] (+0) -0.539215686<x14>[B] (+1) -0.539215686<x15>[B] (+1) -0.539215686<x16>[B] (+1) +0.539215686<x17>[B] (+0) +0.539215686<x18>[B] (+1) +0.539215686<x19>[B] (+1) +0.539215686<x20>[B] (+0) +0.539215686<x21>[B] (+1) +0.539215686<x22>[B] (+0) +0.539215686<x23>[B] (+0) +0.539215686<x24>[B] (+0) -0.539215686<x25>[B] (+1) +0.539215686<x26>[B] (+0) +0.539215686<x27>[B] (+0) +0.539215686<x28>[B] (+1) -0.539215686<x29>[B] (+0) +0.539215686<x30>[B] (+1) +0.539215686<x31>[B] (+1) +0.539215686<x32>[B] (+1) +0.539215686<x33>[B] (+0) -0.539215686<x34>[B] (+1) -0.539215686<x35>[B] (+0) -0.539215686<x36>[B] (+1) -0.539215686<x37>[B] (+0) +0.539215686<x38>[B] (+0) -0.539215686<x39>[B] (+0) -0.539215686<x40>[B] (+1) -0.539215686<x41>[B] (+0) -0.539215686<x42>[B] (+0) -0.539215686<x43>[B] (+1) -0.539215686<x44>[B] (+0) -0.539215686<x45>[B] (+0) -0.539215686<x46>[B] (+0) -0.539215686<x47>[B] (+1) -0.539215686<x48>[B] (+0) +0.539215686<x49>[B] (+0) -0.539215686<x50>[B] (+0) -0.539215686<x51>[B] (+0) +0.539215686<x52>[B] (+0) -0.539215686<x53>[B] (+0) -0.539215686<x54>[B] (+1) -0.539215686<x55>[B] (+0) +0.539215686<x56>[B] (+0) +0.539215686<x57>[B] (+1) -0.539215686<x58>[B] (+0) -0.539215686<x59>[B] (+0) -0.539215686<x60>[B] (+0) +0.539215686<x61>[B] (+1) +0.539215686<x62>[B] (+0) -0.539215686<x63>[B] (+1) -0.539215686<x64>[B] (+1) +0.539215686<x65>[B] (+0) -0.539215686<x66>[B] (+1) -0.539215686<x67>[B] (+1) -0.539215686<x68>[B] (+0) +0.539215686<x69>[B] (+1) +0.539215686<x70>[B] (+1) -0.539215686<x71>[B] (+1) -0.539215686<x72>[B] (+1) -0.539215686<x73>[B] (+1) -0.539215686<x74>[B] (+1) +0.539215686<x75>[B] (+1) +0.539215686<x76>[B] (+0) +0.539215686<x77>[B] (+0) +0.539215686<x78>[B] (+0) -0.539215686<x79>[B] (+1) +0.539215686<x80>[B] (+0) +0.539215686<x81>[B] (+0) +0.539215686<x82>[B] (+1) -0.539215686<x83>[B] (+0) -0.539215686<x84>[B] (+0) +0.539215686<x85>[B] (+0) +0.539215686<x86>[B] (+1) +0.539215686<x87>[B] (+0) +0.539215686<x88>[B] (+0) -0.539215686<x89>[B] (+1) -0.539215686<x90>[B] (+1) +0.539215686<x91>[B] (+0) +0.539215686<x92>[B] (+1) +0.539215686<x93>[B] (+1) -0.539215686<x94>[B] (+1) -0.539215686<x95>[B] (+1) +0.539215686<x96>[B] (+1) +0.539215686<x97>[B] (+1) +0.539215686<x98>[B] (+1) -0.539215686<x99>[B] (+1) -0.539215686<x100>[B] (+1) -0.539215686<x101>[B] (+1) -0.539215686<x102>[B] (+1) -0.539215686<x103>[B] (+1) -0.539215686<x104>[B] (+1) -0.539215686<x105>[B] (+1) -0.539215686<x106>[B] (+1) -0.539215686<x107>[B] (+1) -0.539215686<x108>[B] (+1) -0.539215686<x109>[B] (+1) +0.539215686<x110>[B] (+0) +0.539215686<x111>[B] (+1) +0.539215686<x112>[B] (+1) -0.539215686<x113>[B] (+0) -0.539215686<x114>[B] (+1) +0.539215686<x115>[B] (+1) +0.539215686<x116>[B] (+1) +0.539215686<x117>[B] (+0) +0.539215686<x118>[B] (+0) +0.539215686<x119>[B] (+0) +0.539215686<x120>[B] (+0) +0.539215686<x121>[B] (+0) +0.539215686<x122>[B] (+0) +0.539215686<x123>[B] (+0) +0.539215686<x124>[B] (+1) +0.539215686<x125>[B] (+0) +0.539215686<x126>[B] (+1) +0.539215686<x127>[B] (+1) -0.539215686<x128>[B] (+1) -0.539215686<x129>[B] (+1) +0.539215686<x130>[B] (+1) +0.539215686<x131>[B] (+1) +0.539215686<x132>[B] (+1) +0.539215686<x133>[B] (+1) -0.539215686<x134>[B] (+0) -0.539215686<x135>[B] (+1) -0.539215686<x136>[B] (+1) -0.539215686<x137>[B] (+1) +0.539215686<x138>[B] (+0) -0.539215686<x139>[B] (+0) -0.539215686<x140>[B] (+0) -0.539215686<x141>[B] (+0) -0.539215686<x142>[B] (+1) +0.539215686<x143>[B] (+0) +0.539215686<x144>[B] (+1) +0.539215686<x145>[B] (+1) +0.539215686<x146>[B] (+1) +0.539215686<x147>[B] (+1) +0.539215686<x148>[B] (+1) +0.539215686<x149>[B] (+1) +0.539215686<x150>[B] (+0) +0.539215686<x151>[B] (+1) +0.539215686<x152>[B] (+0) +0.539215686<x153>[B] (+0) >= 19.2777777777778;
;
violation: left hand side is violated by 0.00653594771241472
  [linear] <c2149>: <x243>[C] (+19.369281) -0.5<x1>[B] (+1) -0.5<x2>[B] (+1) -0.5<x3>[B] (+1) -0.5<x4>[B] (+0) -0.5<x5>[B] (+1) -0.5<x6>[B] (+0) -0.5<x7>[B] (+0) -0.5<x8>[B] (+0) -0.5<x9>[B] (+1) -0.5<x10>[B] (+0) +0.5<x11>[B] (+0) -0.5<x12>[B] (+1) -0.5<x13>[B] (+0) -0.5<x14>[B] (+0) -0.5<x15>[B] (+1) -0.5<x16>[B] (+1) +0.5<x17>[B] (+0) +0.5<x18>[B] (+1) +0.5<x19>[B] (+1) +0.5<x20>[B] (+0) +0.5<x21>[B] (+1) +0.5<x22>[B] (+0) +0.5<x23>[B] (+0) +0.5<x24>[B] (+0) +0.5<x25>[B] (+1) +0.5<x26>[B] (+0) +0.5<x27>[B] (+0) +0.5<x28>[B] (+1) +0.5<x29>[B] (+0) +0.5<x30>[B] (+0) -0.5<x31>[B] (+1) +0.5<x32>[B] (+1) +0.5<x33>[B] (+0) +0.5<x34>[B] (+1) +0.5<x35>[B] (+0) +0.5<x36>[B] (+1) +0.5<x37>[B] (+0) +0.5<x38>[B] (+0) +0.5<x39>[B] (+0) +0.5<x40>[B] (+1) -0.5<x41>[B] (+0) +0.5<x42>[B] (+0) +0.5<x43>[B] (+1) +0.5<x44>[B] (+0) -0.5<x45>[B] (+0) -0.5<x46>[B] (+0) +0.5<x47>[B] (+1) +0.5<x48>[B] (+0) -0.5<x49>[B] (+0) -0.5<x50>[B] (+0) -0.5<x51>[B] (+0) -0.5<x52>[B] (+0) -0.5<x53>[B] (+0) -0.5<x54>[B] (+1) -0.5<x55>[B] (+0) +0.5<x56>[B] (+0) -0.5<x57>[B] (+1) +0.5<x58>[B] (+0) -0.5<x59>[B] (+0) -0.5<x60>[B] (+0) +0.5<x61>[B] (+1) +0.5<x62>[B] (+0) -0.5<x63>[B] (+1) -0.5<x64>[B] (+1) +0.5<x65>[B] (+0) -0.5<x66>[B] (+1) +0.5<x67>[B] (+1) -0.5<x68>[B] (+1) +0.5<x69>[B] (+1) -0.5<x70>[B] (+1) +0.5<x71>[B] (+1) -0.5<x72>[B] (+1) -0.5<x73>[B] (+1) +0.5<x74>[B] (+1) +0.5<x75>[B] (+1) +0.5<x76>[B] (+0) +0.5<x77>[B] (+0) -0.5<x78>[B] (+0) +0.5<x79>[B] (+1) -0.5<x80>[B] (+0) +0.5<x81>[B] (+0) +0.5<x82>[B] (+1) +0.5<x83>[B] (+0) -0.5<x84>[B] (+0) -0.5<x85>[B] (+0) +0.5<x86>[B] (+1) +0.5<x87>[B] (+0) +0.5<x88>[B] (+0) -0.5<x89>[B] (+0) +0.5<x90>[B] (+1) -0.5<x91>[B] (+0) +0.5<x92>[B] (+1) -0.5<x93>[B] (+1) +0.5<x94>[B] (+0) -0.5<x95>[B] (+0) -0.5<x96>[B] (+1) +0.5<x97>[B] (+1) +0.5<x98>[B] (+0) -0.5<x99>[B] (+1) -0.5<x100>[B] (+1) -0.5<x101>[B] (+1) +0.5<x102>[B] (+1) -0.5<x103>[B] (+1) +0.5<x104>[B] (+1) -0.5<x105>[B] (+1) -0.5<x106>[B] (+1) +0.5<x107>[B] (+1) +0.5<x108>[B] (+1) +0.5<x109>[B] (+1) -0.5<x110>[B] (+0) +0.5<x111>[B] (+1) +0.5<x112>[B] (+1) +0.5<x113>[B] (+0) -0.5<x114>[B] (+1) -0.5<x115>[B] (+1) +0.5<x116>[B] (+1) +0.5<x117>[B] (+0) -0.5<x118>[B] (+0) +0.5<x119>[B] (+0) -0.5<x120>[B] (+0) +0.5<x121>[B] (+0) -0.5<x122>[B] (+0) -0.5<x123>[B] (+0) +0.5<x124>[B] (+1) +0.5<x125>[B] (+0) +0.5<x126>[B] (+1) +0.5<x127>[B] (+1) +0.5<x128>[B] (+1) +0.5<x129>[B] (+1) -0.5<x130>[B] (+1) +0.5<x131>[B] (+1) +0.5<x132>[B] (+1) -0.5<x133>[B] (+1) -0.5<x134>[B] (+0) -0.5<x135>[B] (+0) -0.5<x136>[B] (+1) -0.5<x137>[B] (+1) +0.5<x138>[B] (+0) +0.5<x139>[B] (+0) -0.5<x140>[B] (+0) -0.5<x141>[B] (+0) +0.5<x142>[B] (+1) +0.5<x143>[B] (+0) -0.5<x144>[B] (+1) -0.5<x145>[B] (+1) -0.5<x146>[B] (+1) +0.5<x147>[B] (+1) -0.5<x148>[B] (+1) +0.5<x149>[B] (+1) +0.5<x150>[B] (+0) +0.5<x151>[B] (+1) +0.5<x152>[B] (+0) +0.5<x153>[B] (+0) >= 22.3758169934641;
;
violation: left hand side is violated by 0.00653594771240762
  [linear] <c2144>: <x183>[C] (+25.2875817) -0.565359477<x1>[B] (+1) -0.565359477<x2>[B] (+1) -0.565359477<x3>[B] (+1) -0.565359477<x4>[B] (+0) -0.565359477<x5>[B] (+1) +0.565359477<x6>[B] (+0) -0.565359477<x7>[B] (+0) -0.565359477<x8>[B] (+0) -0.565359477<x9>[B] (+1) -0.565359477<x10>[B] (+0) +0.565359477<x11>[B] (+0) -0.565359477<x12>[B] (+1) -0.565359477<x13>[B] (+0) -0.565359477<x14>[B] (+1) -0.565359477<x15>[B] (+1) +0.565359477<x16>[B] (+1) -0.565359477<x17>[B] (+0) +0.565359477<x18>[B] (+1) +0.565359477<x19>[B] (+1) +0.565359477<x20>[B] (+0) +0.565359477<x21>[B] (+1) +0.565359477<x22>[B] (+0) +0.565359477<x23>[B] (+0) +0.565359477<x24>[B] (+0) +0.565359477<x25>[B] (+1) +0.565359477<x26>[B] (+0) +0.565359477<x27>[B] (+0) +0.565359477<x28>[B] (+1) +0.565359477<x29>[B] (+0) +0.565359477<x30>[B] (+1) +0.565359477<x31>[B] (+1) +0.565359477<x32>[B] (+1) +0.565359477<x33>[B] (+0) -0.565359477<x34>[B] (+1) -0.565359477<x35>[B] (+0) -0.565359477<x36>[B] (+1) +0.565359477<x37>[B] (+0) +0.565359477<x38>[B] (+0) -0.565359477<x39>[B] (+0) +0.565359477<x40>[B] (+1) -0.565359477<x41>[B] (+0) +0.565359477<x42>[B] (+0) -0.565359477<x43>[B] (+1) +0.565359477<x44>[B] (+0) +0.565359477<x45>[B] (+0) +0.565359477<x46>[B] (+0) +0.565359477<x47>[B] (+1) +0.565359477<x48>[B] (+0) +0.565359477<x49>[B] (+0) +0.565359477<x50>[B] (+0) +0.565359477<x51>[B] (+0) +0.565359477<x52>[B] (+0) +0.565359477<x53>[B] (+0) +0.565359477<x54>[B] (+1) +0.565359477<x55>[B] (+0) +0.565359477<x56>[B] (+0) +0.565359477<x57>[B] (+1) +0.565359477<x58>[B] (+0) +0.565359477<x59>[B] (+0) +0.565359477<x60>[B] (+0) +0.565359477<x61>[B] (+1) +0.565359477<x62>[B] (+0) -0.565359477<x63>[B] (+1) +0.565359477<x64>[B] (+0) +0.565359477<x65>[B] (+0) -0.565359477<x66>[B] (+0) +0.565359477<x67>[B] (+1) +0.565359477<x68>[B] (+0) +0.565359477<x69>[B] (+1) -0.565359477<x70>[B] (+1) +0.565359477<x71>[B] (+1) +0.565359477<x72>[B] (+1) +0.565359477<x73>[B] (+1) +0.565359477<x74>[B] (+1) +0.565359477<x75>[B] (+0) +0.565359477<x76>[B] (+0) +0.565359477<x77>[B] (+0) -0.565359477<x78>[B] (+0) +0.565359477<x79>[B] (+1) +0.565359477<x80>[B] (+0) +0.565359477<x81>[B] (+0) -0.565359477<x82>[B] (+1) +0.565359477<x83>[B] (+0) +0.565359477<x84>[B] (+0) +0.565359477<x85>[B] (+0) +0.565359477<x86>[B] (+1) +0.565359477<x87>[B] (+0) -0.565359477<x88>[B] (+0) -0.565359477<x89>[B] (+1) -0.565359477<x90>[B] (+1) -0.565359477<x91>[B] (+0) -0.565359477<x92>[B] (+1) -0.565359477<x93>[B] (+1) -0.565359477<x94>[B] (+1) -0.565359477<x95>[B] (+1) -0.565359477<x96>[B] (+1) +0.565359477<x97>[B] (+1) -0.565359477<x98>[B] (+1) -0.565359477<x99>[B] (+1) -0.565359477<x100>[B] (+1) -0.565359477<x101>[B] (+1) +0.565359477<x102>[B] (+1) -0.565359477<x103>[B] (+1) -0.565359477<x104>[B] (+1) -0.565359477<x105>[B] (+1) -0.565359477<x106>[B] (+1) +0.565359477<x107>[B] (+1) -0.565359477<x108>[B] (+1) +0.565359477<x109>[B] (+1) +0.565359477<x110>[B] (+0) +0.565359477<x111>[B] (+1) +0.565359477<x112>[B] (+1) +0.565359477<x113>[B] (+1) +0.565359477<x114>[B] (+1) +0.565359477<x115>[B] (+1) +0.565359477<x116>[B] (+1) +0.565359477<x117>[B] (+0) -0.565359477<x118>[B] (+0) +0.565359477<x119>[B] (+0) -0.565359477<x120>[B] (+0) -0.565359477<x121>[B] (+0) -0.565359477<x122>[B] (+0) -0.565359477<x123>[B] (+0) +0.565359477<x124>[B] (+1) +0.565359477<x125>[B] (+0) +0.565359477<x126>[B] (+1) -0.565359477<x127>[B] (+1) +0.565359477<x128>[B] (+1) +0.565359477<x129>[B] (+1) +0.565359477<x130>[B] (+1) +0.565359477<x131>[B] (+1) +0.565359477<x132>[B] (+1) -0.565359477<x133>[B] (+1) -0.565359477<x134>[B] (+0) -0.565359477<x135>[B] (+1) -0.565359477<x136>[B] (+1) +0.565359477<x137>[B] (+1) -0.565359477<x138>[B] (+0) +0.565359477<x139>[B] (+0) +0.565359477<x140>[B] (+0) +0.565359477<x141>[B] (+0) +0.565359477<x142>[B] (+1) +0.565359477<x143>[B] (+0) -0.565359477<x144>[B] (+1) -0.565359477<x145>[B] (+1) +0.565359477<x146>[B] (+1) +0.565359477<x147>[B] (+0) -0.565359477<x148>[B] (+1) +0.565359477<x149>[B] (+1) +0.565359477<x150>[B] (+0) +0.565359477<x151>[B] (+1) +0.565359477<x152>[B] (+0) -0.565359477<x153>[B] (+0) >= 29.2581699346405;
;
violation: left hand side is violated by 0.0130718954248437
7/10 feasible solutions given by solution candidate storage, new primal bound -1.555546e+03

presolving:
   (0.0s) symmetry computation started: requiring (bin +, int +, cont +), (fixed: bin -, int -, cont -)
   (0.0s) no symmetry present (symcode time: 0.00)
presolving (0 rounds: 0 fast, 0 medium, 0 exhaustive):
 0 deleted vars, 0 deleted constraints, 0 added constraints, 0 tightened bounds, 0 added holes, 0 changed sides, 0 changed coefficients
 0 implications, 0 cliques, 0 implied integral variables (0 bin, 0 int, 0 cont)
presolved problem has 243 variables (153 bin, 0 int, 90 cont) and 2149 constraints
   2149 constraints of type <linear>
Presolving Time: 0.03
transformed 8/8 original solutions to the transformed problem space

 time | node  | left  |LP iter|LP it/n|mem/heur|mdpt |vars |cons |rows |cuts |sepa|confs|strbr|  dualbound   | primalbound  |  gap   | compl. 
  0.2s|     1 |     0 |  1208 |     - |   133M |   0 | 243 |2149 |2149 |   0 |  0 |   0 |   0 |-1.544927e+03 |-1.555546e+03 |   0.69%| unknown
  0.3s|     1 |     0 |  1259 |     - |   133M |   0 | 243 |2150 |2152 |   3 |  1 |   1 |   0 |-1.545046e+03 |-1.555546e+03 |   0.68%| unknown
  0.5s|     1 |     0 |  1300 |     - |   133M |   0 | 243 |2150 |2155 |   6 |  2 |   1 |   0 |-1.545114e+03 |-1.555546e+03 |   0.68%| unknown
  0.6s|     1 |     0 |  1380 |     - |   133M |   0 | 243 |2151 |2158 |   9 |  3 |   2 |   0 |-1.545261e+03 |-1.555546e+03 |   0.67%| unknown
  0.8s|     1 |     0 |  1416 |     - |   133M |   0 | 243 |2151 |2161 |  12 |  4 |   2 |   0 |-1.545292e+03 |-1.555546e+03 |   0.66%| unknown
  0.9s|     1 |     0 |  1451 |     - |   134M |   0 | 243 |2151 |2163 |  14 |  5 |   2 |   0 |-1.545335e+03 |-1.555546e+03 |   0.66%| unknown
  1.1s|     1 |     0 |  1498 |     - |   134M |   0 | 243 |2151 |2165 |  16 |  6 |   2 |   0 |-1.545354e+03 |-1.555546e+03 |   0.66%| unknown
  1.3s|     1 |     0 |  1559 |     - |   134M |   0 | 243 |2151 |2170 |  21 |  7 |   2 |   0 |-1.545368e+03 |-1.555546e+03 |   0.66%| unknown
  1.5s|     1 |     0 |  1602 |     - |   134M |   0 | 243 |2151 |2173 |  24 |  8 |   2 |   0 |-1.545377e+03 |-1.555546e+03 |   0.66%| unknown
  1.7s|     1 |     0 |  1626 |     - |   134M |   0 | 243 |2152 |2176 |  27 |  9 |   3 |   0 |-1.545382e+03 |-1.555546e+03 |   0.66%| unknown
  1.9s|     1 |     0 |  1659 |     - |   134M |   0 | 243 |2152 |2178 |  29 | 10 |   3 |   0 |-1.545393e+03 |-1.555546e+03 |   0.66%| unknown
  1.9s|     1 |     0 |  1700 |     - |   135M |   0 | 243 |2152 |2179 |  31 | 11 |   3 |   0 |-1.545403e+03 |-1.555546e+03 |   0.66%| unknown
L 3.3s|     1 |     0 |  2864 |     - |    rens|   0 | 243 |2161 |2179 |  31 | 11 |  12 |   0 |-1.545403e+03 |-1.552578e+03 |   0.46%| unknown
  3.4s|     1 |     0 |  2864 |     - |   135M |   0 | 243 |2161 |2179 |  31 | 11 |  12 |   0 |-1.545403e+03 |-1.552578e+03 |   0.46%| unknown
  3.4s|     1 |     0 |  2864 |     - |   135M |   0 | 243 |2162 |2115 |  31 | 11 |  13 |   0 |-1.545403e+03 |-1.552578e+03 |   0.46%| unknown
 time | node  | left  |LP iter|LP it/n|mem/heur|mdpt |vars |cons |rows |cuts |sepa|confs|strbr|  dualbound   | primalbound  |  gap   | compl. 
  3.4s|     1 |     0 |  2883 |     - |   135M |   0 | 243 |2162 |2118 |  34 | 12 |  13 |   0 |-1.545407e+03 |-1.552578e+03 |   0.46%| unknown
  3.4s|     1 |     0 |  2909 |     - |   135M |   0 | 243 |2163 |2121 |  37 | 13 |  14 |   0 |-1.545409e+03 |-1.552578e+03 |   0.46%| unknown
  4.8s|     1 |     2 |  2909 |     - |   135M |   0 | 243 |2099 |2121 |  37 | 13 |  14 |  25 |-1.547006e+03 |-1.552578e+03 |   0.36%| unknown
(run 1, node 1) restarting after 4 global fixings of integer variables

(restart) converted 36 cuts from the global cut pool into linear constraints

presolving:
presolving (0 rounds: 0 fast, 0 medium, 0 exhaustive):
 0 deleted vars, 0 deleted constraints, 0 added constraints, 0 tightened bounds, 0 added holes, 0 changed sides, 0 changed coefficients
 0 implications, 0 cliques, 0 implied integral variables (0 bin, 0 int, 0 cont)
presolved problem has 243 variables (153 bin, 0 int, 90 cont) and 2135 constraints
   2121 constraints of type <linear>
     14 constraints of type <logicor>
Presolving Time: 0.03
transformed 22/25 original solutions to the transformed problem space

 time | node  | left  |LP iter|LP it/n|mem/heur|mdpt |vars |cons |rows |cuts |sepa|confs|strbr|  dualbound   | primalbound  |  gap   | compl. 
  4.9s|     1 |     0 |  4239 |     - |   136M |   0 | 243 |2135 |2121 |   0 |  0 |  14 |  25 |-1.547006e+03 |-1.552578e+03 |   0.36%| unknown
  5.1s|     1 |     0 |  4267 |     - |   136M |   0 | 243 |2135 |2122 |   1 |  1 |  14 |  25 |-1.547006e+03 |-1.552578e+03 |   0.36%| unknown
  5.4s|     1 |     0 |  4310 |     - |   136M |   0 | 243 |2135 |2124 |   3 |  2 |  14 |  25 |-1.547006e+03 |-1.552578e+03 |   0.36%| unknown
  5.6s|     1 |     0 |  4383 |     - |   136M |   0 | 243 |2135 |2125 |   4 |  3 |  14 |  25 |-1.547006e+03 |-1.552578e+03 |   0.36%| unknown
  5.8s|     1 |     0 |  4441 |     - |   136M |   0 | 243 |2135 |2127 |   6 |  4 |  14 |  25 |-1.547006e+03 |-1.552578e+03 |   0.36%| unknown
  6.0s|     1 |     0 |  4510 |     - |   136M |   0 | 243 |2136 |2128 |   7 |  5 |  15 |  25 |-1.547006e+03 |-1.552578e+03 |   0.36%| unknown
  6.2s|     1 |     0 |  4571 |     - |   136M |   0 | 243 |2136 |2131 |  10 |  6 |  15 |  25 |-1.547006e+03 |-1.552578e+03 |   0.36%| unknown
  6.5s|     1 |     0 |  4602 |     - |   136M |   0 | 243 |2136 |2134 |  13 |  7 |  15 |  25 |-1.547006e+03 |-1.552578e+03 |   0.36%| unknown
  6.7s|     1 |     0 |  4626 |     - |   136M |   0 | 243 |2136 |2135 |  14 |  8 |  15 |  25 |-1.547006e+03 |-1.552578e+03 |   0.36%| unknown
  6.9s|     1 |     0 |  4720 |     - |   137M |   0 | 243 |2136 |2136 |  15 |  9 |  15 |  25 |-1.547006e+03 |-1.552578e+03 |   0.36%| unknown
  7.2s|     1 |     0 |  4762 |     - |   137M |   0 | 243 |2136 |2137 |  16 | 10 |  15 |  25 |-1.547006e+03 |-1.552578e+03 |   0.36%| unknown
  7.2s|     1 |     0 |  4777 |     - |   137M |   0 | 243 |2136 |2138 |  17 | 11 |  15 |  25 |-1.547006e+03 |-1.552578e+03 |   0.36%| unknown
  9.9s|     1 |     2 |  6124 |     - |   137M |   0 | 243 |2151 |2138 |  17 | 11 |  30 |  44 |-1.547006e+03 |-1.552578e+03 |   0.36%| unknown

SCIP Status        : problem is solved [optimal solution found]
Solving Time (sec) : 14.36
Solving Nodes      : 45 (total of 46 nodes in 2 runs)
Primal Bound       : -1.55257843137255e+03 (51 solutions)
Dual Bound         : -1.55257843137255e+03
Gap                : 0.00 %
  [linear] <c2150>: <x154>[C] (+26.4640523) -0.58496732<x1>[B] (+1) -0.58496732<x2>[B] (+1) -0.58496732<x3>[B] (+1) -0.58496732<x4>[B] (+0) -0.58496732<x5>[B] (+1) +0.58496732<x6>[B] (+0) -0.58496732<x7>[B] (+0) -0.58496732<x8>[B] (+0) -0.58496732<x9>[B] (+1) -0.58496732<x10>[B] (+0) -0.58496732<x11>[B] (+1) +0.58496732<x12>[B] (+1) +0.58496732<x13>[B] (+0) +0.58496732<x14>[B] (+0) +0.58496732<x15>[B] (+1) -0.58496732<x16>[B] (+1) -0.58496732<x17>[B] (+0) -0.58496732<x18>[B] (+1) +0.58496732<x19>[B] (+1) +0.58496732<x20>[B] (+0) +0.58496732<x21>[B] (+1) +0.58496732<x22>[B] (+0) +0.58496732<x23>[B] (+0) +0.58496732<x24>[B] (+0) +0.58496732<x25>[B] (+1) +0.58496732<x26>[B] (+0) -0.58496732<x27>[B] (+0) +0.58496732<x28>[B] (+1) +0.58496732<x29>[B] (+0) +0.58496732<x30>[B] (+0) +0.58496732<x31>[B] (+1) -0.58496732<x32>[B] (+1) -0.58496732<x33>[B] (+0) +0.58496732<x34>[B] (+1) +0.58496732<x35>[B] (+0) +0.58496732<x36>[B] (+1) +0.58496732<x37>[B] (+0) +0.58496732<x38>[B] (+0) +0.58496732<x39>[B] (+0) +0.58496732<x40>[B] (+1) +0.58496732<x41>[B] (+0) -0.58496732<x42>[B] (+0) +0.58496732<x43>[B] (+1) +0.58496732<x44>[B] (+0) +0.58496732<x45>[B] (+0) +0.58496732<x46>[B] (+0) +0.58496732<x47>[B] (+1) +0.58496732<x48>[B] (+0) +0.58496732<x49>[B] (+0) -0.58496732<x50>[B] (+0) +0.58496732<x51>[B] (+0) +0.58496732<x52>[B] (+0) -0.58496732<x53>[B] (+0) -0.58496732<x54>[B] (+1) -0.58496732<x55>[B] (+0) -0.58496732<x56>[B] (+0) +0.58496732<x57>[B] (+1) +0.58496732<x58>[B] (+0) +0.58496732<x59>[B] (+0) +0.58496732<x60>[B] (+0) -0.58496732<x61>[B] (+1) -0.58496732<x62>[B] (+0) -0.58496732<x63>[B] (+1) +0.58496732<x64>[B] (+1) -0.58496732<x65>[B] (+0) -0.58496732<x66>[B] (+1) -0.58496732<x67>[B] (+1) -0.58496732<x68>[B] (+0) -0.58496732<x69>[B] (+1) +0.58496732<x70>[B] (+1) +0.58496732<x71>[B] (+1) +0.58496732<x72>[B] (+1) +0.58496732<x73>[B] (+1) -0.58496732<x74>[B] (+1) -0.58496732<x75>[B] (+1) +0.58496732<x76>[B] (+0) +0.58496732<x77>[B] (+0) -0.58496732<x78>[B] (+0) -0.58496732<x79>[B] (+1) +0.58496732<x80>[B] (+0) -0.58496732<x81>[B] (+0) +0.58496732<x82>[B] (+1) +0.58496732<x83>[B] (+0) +0.58496732<x84>[B] (+0) +0.58496732<x85>[B] (+0) -0.58496732<x86>[B] (+1) -0.58496732<x87>[B] (+0) -0.58496732<x88>[B] (+0) -0.58496732<x89>[B] (+1) -0.58496732<x90>[B] (+1) -0.58496732<x91>[B] (+0) -0.58496732<x92>[B] (+1) -0.58496732<x93>[B] (+1) +0.58496732<x94>[B] (+1) +0.58496732<x95>[B] (+1) -0.58496732<x96>[B] (+1) -0.58496732<x97>[B] (+1) -0.58496732<x98>[B] (+1) -0.58496732<x99>[B] (+1) -0.58496732<x100>[B] (+1) -0.58496732<x101>[B] (+1) -0.58496732<x102>[B] (+1) +0.58496732<x103>[B] (+1) +0.58496732<x104>[B] (+1) +0.58496732<x105>[B] (+1) +0.58496732<x106>[B] (+1) -0.58496732<x107>[B] (+1) -0.58496732<x108>[B] (+1) +0.58496732<x109>[B] (+1) +0.58496732<x110>[B] (+0) -0.58496732<x111>[B] (+1) +0.58496732<x112>[B] (+1) +0.58496732<x113>[B] (+0) +0.58496732<x114>[B] (+1) +0.58496732<x115>[B] (+1) -0.58496732<x116>[B] (+1) -0.58496732<x117>[B] (+0) +0.58496732<x118>[B] (+0) -0.58496732<x119>[B] (+0) +0.58496732<x120>[B] (+0) +0.58496732<x121>[B] (+0) +0.58496732<x122>[B] (+0) +0.58496732<x123>[B] (+0) -0.58496732<x124>[B] (+1) -0.58496732<x125>[B] (+0) -0.58496732<x126>[B] (+1) +0.58496732<x127>[B] (+1) +0.58496732<x128>[B] (+1) +0.58496732<x129>[B] (+1) +0.58496732<x130>[B] (+1) -0.58496732<x131>[B] (+1) -0.58496732<x132>[B] (+1) +0.58496732<x133>[B] (+1) +0.58496732<x134>[B] (+0) +0.58496732<x135>[B] (+0) +0.58496732<x136>[B] (+1) +0.58496732<x137>[B] (+1) +0.58496732<x138>[B] (+0) +0.58496732<x139>[B] (+0) +0.58496732<x140>[B] (+0) +0.58496732<x141>[B] (+0) -0.58496732<x142>[B] (+1) -0.58496732<x143>[B] (+0) +0.58496732<x144>[B] (+1) -0.58496732<x145>[B] (+1) -0.58496732<x146>[B] (+1) -0.58496732<x147>[B] (+1) -0.58496732<x148>[B] (+1) -0.58496732<x149>[B] (+1) -0.58496732<x150>[B] (+0) -0.58496732<x151>[B] (+1) -0.58496732<x152>[B] (+0) +0.58496732<x153>[B] (+0) >= 21.7908496732026;
;
violation: left hand side is violated by 0.00653594771241828
  [linear] <c2151>: <x155>[C] (+25.8202614) +0.558823529<x1>[B] (+0) +0.558823529<x2>[B] (+1) +0.558823529<x3>[B] (+1) +0.558823529<x4>[B] (+0) -0.558823529<x5>[B] (+1) -0.558823529<x6>[B] (+0) +0.558823529<x7>[B] (+0) +0.558823529<x8>[B] (+0) +0.558823529<x9>[B] (+1) +0.558823529<x10>[B] (+0) -0.558823529<x11>[B] (+1) -0.558823529<x12>[B] (+1) +0.558823529<x13>[B] (+0) +0.558823529<x14>[B] (+0) -0.558823529<x15>[B] (+1) +0.558823529<x16>[B] (+1) +0.558823529<x17>[B] (+0) +0.558823529<x18>[B] (+1) -0.558823529<x19>[B] (+1) +0.558823529<x20>[B] (+0) -0.558823529<x21>[B] (+1) -0.558823529<x22>[B] (+0) -0.558823529<x23>[B] (+0) -0.558823529<x24>[B] (+0) -0.558823529<x25>[B] (+1) +0.558823529<x26>[B] (+0) -0.558823529<x27>[B] (+1) -0.558823529<x28>[B] (+1) -0.558823529<x29>[B] (+0) -0.558823529<x30>[B] (+1) -0.558823529<x31>[B] (+1) +0.558823529<x32>[B] (+1) +0.558823529<x33>[B] (+0) -0.558823529<x34>[B] (+1) +0.558823529<x35>[B] (+0) -0.558823529<x36>[B] (+1) -0.558823529<x37>[B] (+0) -0.558823529<x38>[B] (+0) -0.558823529<x39>[B] (+0) -0.558823529<x40>[B] (+1) -0.558823529<x41>[B] (+0) -0.558823529<x42>[B] (+0) -0.558823529<x43>[B] (+1) -0.558823529<x44>[B] (+0) -0.558823529<x45>[B] (+0) -0.558823529<x46>[B] (+0) +0.558823529<x47>[B] (+1) -0.558823529<x48>[B] (+0) +0.558823529<x49>[B] (+0) -0.558823529<x50>[B] (+0) -0.558823529<x51>[B] (+0) -0.558823529<x52>[B] (+0) -0.558823529<x53>[B] (+0) -0.558823529<x54>[B] (+1) +0.558823529<x55>[B] (+0) -0.558823529<x56>[B] (+0) -0.558823529<x57>[B] (+1) -0.558823529<x58>[B] (+0) -0.558823529<x59>[B] (+0) -0.558823529<x60>[B] (+0) +0.558823529<x61>[B] (+1) +0.558823529<x62>[B] (+0) -0.558823529<x63>[B] (+1) -0.558823529<x64>[B] (+1) -0.558823529<x65>[B] (+0) -0.558823529<x66>[B] (+1) -0.558823529<x67>[B] (+1) -0.558823529<x68>[B] (+0) -0.558823529<x69>[B] (+1) -0.558823529<x70>[B] (+1) -0.558823529<x71>[B] (+1) -0.558823529<x72>[B] (+1) -0.558823529<x73>[B] (+1) -0.558823529<x74>[B] (+1) -0.558823529<x75>[B] (+1) +0.558823529<x76>[B] (+0) +0.558823529<x77>[B] (+0) +0.558823529<x78>[B] (+0) +0.558823529<x79>[B] (+1) +0.558823529<x80>[B] (+0) -0.558823529<x81>[B] (+0) -0.558823529<x82>[B] (+1) +0.558823529<x83>[B] (+0) +0.558823529<x84>[B] (+0) +0.558823529<x85>[B] (+0) +0.558823529<x86>[B] (+1) +0.558823529<x87>[B] (+0) +0.558823529<x88>[B] (+0) +0.558823529<x89>[B] (+1) +0.558823529<x90>[B] (+1) +0.558823529<x91>[B] (+0) -0.558823529<x92>[B] (+1) -0.558823529<x93>[B] (+1) +0.558823529<x94>[B] (+1) +0.558823529<x95>[B] (+1) -0.558823529<x96>[B] (+1) +0.558823529<x97>[B] (+1) +0.558823529<x98>[B] (+1) +0.558823529<x99>[B] (+1) -0.558823529<x100>[B] (+1) +0.558823529<x101>[B] (+1) -0.558823529<x102>[B] (+1) -0.558823529<x103>[B] (+1) -0.558823529<x104>[B] (+1) +0.558823529<x105>[B] (+1) -0.558823529<x106>[B] (+1) +0.558823529<x107>[B] (+1) +0.558823529<x108>[B] (+1) -0.558823529<x109>[B] (+1) +0.558823529<x110>[B] (+0) -0.558823529<x111>[B] (+1) -0.558823529<x112>[B] (+1) -0.558823529<x113>[B] (+0) +0.558823529<x114>[B] (+1) -0.558823529<x115>[B] (+1) +0.558823529<x116>[B] (+1) +0.558823529<x117>[B] (+0) +0.558823529<x118>[B] (+0) -0.558823529<x119>[B] (+0) -0.558823529<x120>[B] (+0) +0.558823529<x121>[B] (+0) +0.558823529<x122>[B] (+0) -0.558823529<x123>[B] (+0) +0.558823529<x124>[B] (+1) +0.558823529<x125>[B] (+0) -0.558823529<x126>[B] (+1) -0.558823529<x127>[B] (+1) -0.558823529<x128>[B] (+1) -0.558823529<x129>[B] (+1) -0.558823529<x130>[B] (+1) +0.558823529<x131>[B] (+1) -0.558823529<x132>[B] (+1) +0.558823529<x133>[B] (+1) +0.558823529<x134>[B] (+0) +0.558823529<x135>[B] (+0) +0.558823529<x136>[B] (+1) +0.558823529<x137>[B] (+1) +0.558823529<x138>[B] (+0) +0.558823529<x139>[B] (+0) +0.558823529<x140>[B] (+0) +0.558823529<x141>[B] (+0) +0.558823529<x142>[B] (+1) +0.558823529<x143>[B] (+0) +0.558823529<x144>[B] (+1) -0.558823529<x145>[B] (+1) +0.558823529<x146>[B] (+1) +0.558823529<x147>[B] (+1) -0.558823529<x148>[B] (+1) +0.558823529<x149>[B] (+1) +0.558823529<x150>[B] (+0) +0.558823529<x151>[B] (+1) +0.558823529<x152>[B] (+0) -0.558823529<x153>[B] (+0) >= 17.4640522875817;
;
violation: left hand side is violated by 0.026143790849666
  [linear] <c2159>: <x199>[C] (+21.9542484) +0.526143791<x1>[B] (+1) +0.526143791<x2>[B] (+1) -0.526143791<x3>[B] (+1) +0.526143791<x4>[B] (+0) +0.526143791<x5>[B] (+1) +0.526143791<x6>[B] (+0) +0.526143791<x7>[B] (+0) +0.526143791<x8>[B] (+0) +0.526143791<x9>[B] (+1) +0.526143791<x10>[B] (+0) -0.526143791<x11>[B] (+1) +0.526143791<x12>[B] (+1) +0.526143791<x13>[B] (+0) +0.526143791<x14>[B] (+1) -0.526143791<x15>[B] (+1) +0.526143791<x16>[B] (+1) +0.526143791<x17>[B] (+0) -0.526143791<x18>[B] (+1) -0.526143791<x19>[B] (+1) +0.526143791<x20>[B] (+0) +0.526143791<x21>[B] (+1) +0.526143791<x22>[B] (+0) -0.526143791<x23>[B] (+0) -0.526143791<x24>[B] (+0) +0.526143791<x25>[B] (+1) -0.526143791<x26>[B] (+0) -0.526143791<x27>[B] (+1) -0.526143791<x28>[B] (+1) +0.526143791<x29>[B] (+0) -0.526143791<x30>[B] (+1) -0.526143791<x31>[B] (+1) -0.526143791<x32>[B] (+1) +0.526143791<x33>[B] (+0) -0.526143791<x34>[B] (+1) +0.526143791<x35>[B] (+0) +0.526143791<x36>[B] (+1) +0.526143791<x37>[B] (+0) -0.526143791<x38>[B] (+0) -0.526143791<x39>[B] (+0) +0.526143791<x40>[B] (+1) -0.526143791<x41>[B] (+0) -0.526143791<x42>[B] (+0) -0.526143791<x43>[B] (+1) +0.526143791<x44>[B] (+0) -0.526143791<x45>[B] (+0) -0.526143791<x46>[B] (+0) +0.526143791<x47>[B] (+1) +0.526143791<x48>[B] (+0) +0.526143791<x49>[B] (+0) +0.526143791<x50>[B] (-1.28785871e-13) +0.526143791<x51>[B] (+0) +0.526143791<x52>[B] (+0) +0.526143791<x53>[B] (+0) +0.526143791<x54>[B] (+1) +0.526143791<x55>[B] (+0) -0.526143791<x56>[B] (+0) +0.526143791<x57>[B] (+1) +0.526143791<x58>[B] (+0) +0.526143791<x59>[B] (+0) -0.526143791<x60>[B] (+0) +0.526143791<x61>[B] (+1) +0.526143791<x62>[B] (+0) +0.526143791<x63>[B] (+1) +0.526143791<x64>[B] (+1) -0.526143791<x65>[B] (+0) -0.526143791<x66>[B] (+1) +0.526143791<x67>[B] (+1) -0.526143791<x68>[B] (+0) -0.526143791<x69>[B] (+1) -0.526143791<x70>[B] (+1) -0.526143791<x71>[B] (+1) -0.526143791<x72>[B] (+1) -0.526143791<x73>[B] (+1) -0.526143791<x74>[B] (+1) +0.526143791<x75>[B] (+1) +0.526143791<x76>[B] (+0) -0.526143791<x77>[B] (+0) -0.526143791<x78>[B] (+0) -0.526143791<x79>[B] (+1) -0.526143791<x80>[B] (+0) -0.526143791<x81>[B] (+0) -0.526143791<x82>[B] (+1) -0.526143791<x83>[B] (+0) -0.526143791<x84>[B] (+0) -0.526143791<x85>[B] (+0) -0.526143791<x86>[B] (+1) +0.526143791<x87>[B] (+0) -0.526143791<x88>[B] (+0) -0.526143791<x89>[B] (+1) -0.526143791<x90>[B] (+1) -0.526143791<x91>[B] (+0) -0.526143791<x92>[B] (+1) -0.526143791<x93>[B] (+1) -0.526143791<x94>[B] (+1) -0.526143791<x95>[B] (+1) -0.526143791<x96>[B] (+1) -0.526143791<x97>[B] (+1) -0.526143791<x98>[B] (+1) +0.526143791<x99>[B] (+1) +0.526143791<x100>[B] (+1) +0.526143791<x101>[B] (+0) -0.526143791<x102>[B] (+1) +0.526143791<x103>[B] (+1) +0.526143791<x104>[B] (+1) +0.526143791<x105>[B] (+1) -0.526143791<x106>[B] (+1) +0.526143791<x107>[B] (+1) +0.526143791<x108>[B] (+1) +0.526143791<x109>[B] (+1) -0.526143791<x110>[B] (+0) -0.526143791<x111>[B] (+1) -0.526143791<x112>[B] (+1) +0.526143791<x113>[B] (+0) -0.526143791<x114>[B] (+1) -0.526143791<x115>[B] (+1) +0.526143791<x116>[B] (+1) +0.526143791<x117>[B] (+0) -0.526143791<x118>[B] (+0) -0.526143791<x119>[B] (+0) -0.526143791<x120>[B] (+0) -0.526143791<x121>[B] (+0) -0.526143791<x122>[B] (+0) -0.526143791<x123>[B] (+0) -0.526143791<x124>[B] (+1) +0.526143791<x125>[B] (+0) -0.526143791<x126>[B] (+1) +0.526143791<x127>[B] (+1) +0.526143791<x128>[B] (+1) +0.526143791<x129>[B] (+1) -0.526143791<x130>[B] (+1) +0.526143791<x131>[B] (+1) +0.526143791<x132>[B] (+1) +0.526143791<x133>[B] (+1) +0.526143791<x134>[B] (+0) +0.526143791<x135>[B] (+1) +0.526143791<x136>[B] (+1) +0.526143791<x137>[B] (+1) +0.526143791<x138>[B] (+0) +0.526143791<x139>[B] (+0) +0.526143791<x140>[B] (+0) -0.526143791<x141>[B] (+0) +0.526143791<x142>[B] (+1) +0.526143791<x143>[B] (+0) -0.526143791<x144>[B] (+1) -0.526143791<x145>[B] (+1) -0.526143791<x146>[B] (+1) +0.526143791<x147>[B] (+1) -0.526143791<x148>[B] (+1) +0.526143791<x149>[B] (+1) +0.526143791<x150>[B] (+0) +0.526143791<x151>[B] (+1) +0.526143791<x152>[B] (+0) +0.526143791<x153>[B] (+0) >= 20.3888888888889;
;
violation: left hand side is violated by 0.0130718954248401
  [linear] <c2152>: <x161>[C] (+17.8888889) -0.480392157<x1>[B] (+0) -0.480392157<x2>[B] (+1) -0.480392157<x3>[B] (+1) -0.480392157<x4>[B] (+0) -0.480392157<x5>[B] (+1) -0.480392157<x6>[B] (+0) -0.480392157<x7>[B] (+0) -0.480392157<x8>[B] (+0) -0.480392157<x9>[B] (+1) -0.480392157<x10>[B] (+0) -0.480392157<x11>[B] (+0) -0.480392157<x12>[B] (+1) -0.480392157<x13>[B] (+0) -0.480392157<x14>[B] (+0) +0.480392157<x15>[B] (+1) -0.480392157<x16>[B] (+1) -0.480392157<x17>[B] (+0) +0.480392157<x18>[B] (+1) -0.480392157<x19>[B] (+1) +0.480392157<x20>[B] (+0) +0.480392157<x21>[B] (+1) -0.480392157<x22>[B] (+0) +0.480392157<x23>[B] (+0) +0.480392157<x24>[B] (+0) +0.480392157<x25>[B] (+1) +0.480392157<x26>[B] (+0) -0.480392157<x27>[B] (+0) +0.480392157<x28>[B] (+1) -0.480392157<x29>[B] (+0) +0.480392157<x30>[B] (+0) +0.480392157<x31>[B] (+1) +0.480392157<x32>[B] (+1) +0.480392157<x33>[B] (+0) -0.480392157<x34>[B] (+1) -0.480392157<x35>[B] (+0) -0.480392157<x36>[B] (+1) -0.480392157<x37>[B] (+0) +0.480392157<x38>[B] (+0) +0.480392157<x39>[B] (+0) -0.480392157<x40>[B] (+1) -0.480392157<x41>[B] (+0) -0.480392157<x42>[B] (+0) -0.480392157<x43>[B] (+1) -0.480392157<x44>[B] (+0) -0.480392157<x45>[B] (+0) +0.480392157<x46>[B] (+0) -0.480392157<x47>[B] (+1) -0.480392157<x48>[B] (+0) +0.480392157<x49>[B] (+0) +0.480392157<x50>[B] (+0) +0.480392157<x51>[B] (+0) +0.480392157<x52>[B] (+0) +0.480392157<x53>[B] (+0) +0.480392157<x54>[B] (+1) +0.480392157<x55>[B] (+0) +0.480392157<x56>[B] (+0) +0.480392157<x57>[B] (+1) +0.480392157<x58>[B] (+0) +0.480392157<x59>[B] (+0) +0.480392157<x60>[B] (+0) +0.480392157<x61>[B] (+1) +0.480392157<x62>[B] (+0) -0.480392157<x63>[B] (+1) -0.480392157<x64>[B] (+1) +0.480392157<x65>[B] (+0) +0.480392157<x66>[B] (+1) +0.480392157<x67>[B] (+1) -0.480392157<x68>[B] (+1) -0.480392157<x69>[B] (+1) +0.480392157<x70>[B] (+1) -0.480392157<x71>[B] (+1) -0.480392157<x72>[B] (+1) +0.480392157<x73>[B] (+1) +0.480392157<x74>[B] (+1) +0.480392157<x75>[B] (+1) -0.480392157<x76>[B] (+0) +0.480392157<x77>[B] (+0) +0.480392157<x78>[B] (+0) +0.480392157<x79>[B] (+1) +0.480392157<x80>[B] (+0) -0.480392157<x81>[B] (+0) +0.480392157<x82>[B] (+1) -0.480392157<x83>[B] (+0) -0.480392157<x84>[B] (+0) +0.480392157<x85>[B] (+0) +0.480392157<x86>[B] (+1) +0.480392157<x87>[B] (+0) +0.480392157<x88>[B] (+0) +0.480392157<x89>[B] (+1) +0.480392157<x90>[B] (+1) +0.480392157<x91>[B] (+0) +0.480392157<x92>[B] (+1) +0.480392157<x93>[B] (+1) +0.480392157<x94>[B] (+1) +0.480392157<x95>[B] (+0) +0.480392157<x96>[B] (+1) +0.480392157<x97>[B] (+1) +0.480392157<x98>[B] (+1) -0.480392157<x99>[B] (+1) -0.480392157<x100>[B] (+1) -0.480392157<x101>[B] (+1) -0.480392157<x102>[B] (+1) -0.480392157<x103>[B] (+1) -0.480392157<x104>[B] (+1) -0.480392157<x105>[B] (+1) +0.480392157<x106>[B] (+1) -0.480392157<x107>[B] (+1) -0.480392157<x108>[B] (+1) -0.480392157<x109>[B] (+1) -0.480392157<x110>[B] (+0) -0.480392157<x111>[B] (+1) -0.480392157<x112>[B] (+1) -0.480392157<x113>[B] (+0) -0.480392157<x114>[B] (+0) +0.480392157<x115>[B] (+1) -0.480392157<x116>[B] (+1) -0.480392157<x117>[B] (+0) -0.480392157<x118>[B] (+0) -0.480392157<x119>[B] (+0) +0.480392157<x120>[B] (+0) -0.480392157<x121>[B] (+0) -0.480392157<x122>[B] (+0) +0.480392157<x123>[B] (+0) +0.480392157<x124>[B] (+0) +0.480392157<x125>[B] (+0) -0.480392157<x126>[B] (+1) +0.480392157<x127>[B] (+1) -0.480392157<x128>[B] (+1) -0.480392157<x129>[B] (+1) +0.480392157<x130>[B] (+1) +0.480392157<x131>[B] (+1) +0.480392157<x132>[B] (+1) +0.480392157<x133>[B] (+1) -0.480392157<x134>[B] (+0) +0.480392157<x135>[B] (+0) +0.480392157<x136>[B] (+1) +0.480392157<x137>[B] (+1) +0.480392157<x138>[B] (+0) -0.480392157<x139>[B] (+0) -0.480392157<x140>[B] (+0) +0.480392157<x141>[B] (+0) +0.480392157<x142>[B] (+1) +0.480392157<x143>[B] (+0) +0.480392157<x144>[B] (+0) +0.480392157<x145>[B] (+1) +0.480392157<x146>[B] (+1) +0.480392157<x147>[B] (+1) +0.480392157<x148>[B] (+1) +0.480392157<x149>[B] (+1) +0.480392157<x150>[B] (+1) -0.480392157<x151>[B] (+1) -0.480392157<x152>[B] (+0) +0.480392157<x153>[B] (+0) >= 21.7385620915033;
;
violation: left hand side is violated by 0.00653594771241117
6/10 feasible solutions given by solution candidate storage, new primal bound -1.555546e+03

presolving:
   (0.0s) symmetry computation started: requiring (bin +, int +, cont +), (fixed: bin -, int -, cont -)
   (0.0s) no symmetry present (symcode time: 0.00)
presolving (0 rounds: 0 fast, 0 medium, 0 exhaustive):
 0 deleted vars, 0 deleted constraints, 0 added constraints, 0 tightened bounds, 0 added holes, 0 changed sides, 0 changed coefficients
 0 implications, 0 cliques, 0 implied integral variables (0 bin, 0 int, 0 cont)
presolved problem has 243 variables (153 bin, 0 int, 90 cont) and 2164 constraints
   2164 constraints of type <linear>
Presolving Time: 0.03
transformed 7/7 original solutions to the transformed problem space

 time | node  | left  |LP iter|LP it/n|mem/heur|mdpt |vars |cons |rows |cuts |sepa|confs|strbr|  dualbound   | primalbound  |  gap   | compl. 
  0.2s|     1 |     0 |  1239 |     - |   138M |   0 | 243 |2164 |2164 |   0 |  0 |   0 |   0 |-1.544941e+03 |-1.555546e+03 |   0.69%| unknown
  0.4s|     1 |     0 |  1284 |     - |   138M |   0 | 243 |2165 |2165 |   1 |  1 |   1 |   0 |-1.545027e+03 |-1.555546e+03 |   0.68%| unknown
  0.5s|     1 |     0 |  1342 |     - |   138M |   0 | 243 |2165 |2167 |   3 |  2 |   1 |   0 |-1.545104e+03 |-1.555546e+03 |   0.68%| unknown
  0.6s|     1 |     0 |  1381 |     - |   138M |   0 | 243 |2166 |2171 |   7 |  3 |   2 |   0 |-1.545165e+03 |-1.555546e+03 |   0.67%| unknown
  0.8s|     1 |     0 |  1435 |     - |   139M |   0 | 243 |2166 |2175 |  11 |  4 |   2 |   0 |-1.545222e+03 |-1.555546e+03 |   0.67%| unknown
  1.0s|     1 |     0 |  1510 |     - |   139M |   0 | 243 |2166 |2180 |  16 |  5 |   2 |   0 |-1.545343e+03 |-1.555546e+03 |   0.66%| unknown
  1.1s|     1 |     0 |  1541 |     - |   139M |   0 | 243 |2167 |2183 |  19 |  6 |   3 |   0 |-1.545355e+03 |-1.555546e+03 |   0.66%| unknown
  1.3s|     1 |     0 |  1596 |     - |   139M |   0 | 243 |2167 |2185 |  21 |  7 |   3 |   0 |-1.545403e+03 |-1.555546e+03 |   0.66%| unknown
  1.5s|     1 |     0 |  1631 |     - |   140M |   0 | 243 |2167 |2188 |  24 |  8 |   3 |   0 |-1.545411e+03 |-1.555546e+03 |   0.66%| unknown
  1.7s|     1 |     0 |  1679 |     - |   140M |   0 | 243 |2167 |2190 |  26 |  9 |   3 |   0 |-1.545420e+03 |-1.555546e+03 |   0.66%| unknown
  1.9s|     1 |     0 |  1752 |     - |   140M |   0 | 243 |2167 |2193 |  29 | 10 |   3 |   0 |-1.545442e+03 |-1.555546e+03 |   0.65%| unknown
  1.9s|     1 |     0 |  1796 |     - |   140M |   0 | 243 |2168 |2196 |  32 | 11 |   4 |   0 |-1.545447e+03 |-1.555546e+03 |   0.65%| unknown
d 2.1s|     1 |     0 |  3245 |     - |conflict|   0 | 243 |2171 |2196 |   0 | 11 |   7 |   0 |-1.545447e+03 |-1.554173e+03 |   0.56%| unknown
L 3.7s|     1 |     0 |  3245 |     - |    rens|   0 | 243 |2171 |2196 |  32 | 11 |   7 |   0 |-1.545447e+03 |-1.552585e+03 |   0.46%| unknown
  3.7s|     1 |     0 |  3245 |     - |   140M |   0 | 243 |2171 |2196 |  32 | 11 |   7 |   0 |-1.545447e+03 |-1.552585e+03 |   0.46%| unknown
 time | node  | left  |LP iter|LP it/n|mem/heur|mdpt |vars |cons |rows |cuts |sepa|confs|strbr|  dualbound   | primalbound  |  gap   | compl. 
  3.8s|     1 |     0 |  3245 |     - |   140M |   0 | 243 |2171 |2132 |  32 | 11 |   7 |   0 |-1.545447e+03 |-1.552585e+03 |   0.46%| unknown
  3.8s|     1 |     0 |  3268 |     - |   140M |   0 | 243 |2171 |2134 |  34 | 12 |   7 |   0 |-1.545449e+03 |-1.552585e+03 |   0.46%| unknown
  3.8s|     1 |     0 |  3297 |     - |   140M |   0 | 243 |2171 |2137 |  37 | 13 |   7 |   0 |-1.545450e+03 |-1.552585e+03 |   0.46%| unknown
  5.0s|     1 |     2 |  3297 |     - |   140M |   0 | 243 |2107 |2137 |  37 | 13 |   7 |  23 |-1.546746e+03 |-1.552585e+03 |   0.38%| unknown
(run 1, node 1) restarting after 4 global fixings of integer variables

(restart) converted 37 cuts from the global cut pool into linear constraints

presolving:
presolving (0 rounds: 0 fast, 0 medium, 0 exhaustive):
 0 deleted vars, 0 deleted constraints, 0 added constraints, 0 tightened bounds, 0 added holes, 0 changed sides, 0 changed coefficients
 0 implications, 0 cliques, 0 implied integral variables (0 bin, 0 int, 0 cont)
presolved problem has 243 variables (153 bin, 0 int, 90 cont) and 2144 constraints
   2137 constraints of type <linear>
      7 constraints of type <logicor>
Presolving Time: 0.04
transformed 23/25 original solutions to the transformed problem space

 time | node  | left  |LP iter|LP it/n|mem/heur|mdpt |vars |cons |rows |cuts |sepa|confs|strbr|  dualbound   | primalbound  |  gap   | compl. 
  5.2s|     1 |     0 |  4651 |     - |   141M |   0 | 243 |2144 |2137 |   0 |  0 |   7 |  23 |-1.546746e+03 |-1.552585e+03 |   0.38%| unknown
  5.4s|     1 |     0 |  4667 |     - |   141M |   0 | 243 |2144 |2138 |   1 |  1 |   7 |  23 |-1.546746e+03 |-1.552585e+03 |   0.38%| unknown
  5.6s|     1 |     0 |  4694 |     - |   141M |   0 | 243 |2144 |2139 |   2 |  2 |   7 |  23 |-1.546746e+03 |-1.552585e+03 |   0.38%| unknown
  5.9s|     1 |     0 |  4707 |     - |   141M |   0 | 243 |2144 |2140 |   3 |  3 |   7 |  23 |-1.546746e+03 |-1.552585e+03 |   0.38%| unknown
  6.1s|     1 |     0 |  4757 |     - |   141M |   0 | 243 |2144 |2141 |   4 |  4 |   7 |  23 |-1.546746e+03 |-1.552585e+03 |   0.38%| unknown
  6.3s|     1 |     0 |  4774 |     - |   141M |   0 | 243 |2144 |2142 |   5 |  5 |   7 |  23 |-1.546746e+03 |-1.552585e+03 |   0.38%| unknown
  6.5s|     1 |     0 |  4800 |     - |   141M |   0 | 243 |2144 |2143 |   6 |  6 |   7 |  23 |-1.546746e+03 |-1.552585e+03 |   0.38%| unknown
  6.8s|     1 |     0 |  4849 |     - |   141M |   0 | 243 |2144 |2144 |   7 |  7 |   7 |  23 |-1.546746e+03 |-1.552585e+03 |   0.38%| unknown
  7.0s|     1 |     0 |  4912 |     - |   142M |   0 | 243 |2144 |2145 |   8 |  8 |   7 |  23 |-1.546746e+03 |-1.552585e+03 |   0.38%| unknown
  7.2s|     1 |     0 |  4969 |     - |   142M |   0 | 243 |2144 |2147 |  10 |  9 |   7 |  23 |-1.546746e+03 |-1.552585e+03 |   0.38%| unknown
  7.5s|     1 |     0 |  4986 |     - |   142M |   0 | 243 |2144 |2148 |  11 | 10 |   7 |  23 |-1.546746e+03 |-1.552585e+03 |   0.38%| unknown
  7.5s|     1 |     0 |  5009 |     - |   142M |   0 | 243 |2144 |2149 |  12 | 11 |   7 |  23 |-1.546746e+03 |-1.552585e+03 |   0.38%| unknown
  9.9s|     1 |     2 |  6343 |     - |   142M |   0 | 243 |2155 |2149 |  12 | 11 |  18 |  42 |-1.546746e+03 |-1.552585e+03 |   0.38%| unknown

SCIP Status        : problem is solved [optimal solution found]
Solving Time (sec) : 14.34
Solving Nodes      : 41 (total of 42 nodes in 2 runs)
Primal Bound       : -1.55258496732026e+03 (48 solutions)
Dual Bound         : -1.55258496732026e+03
Gap                : 0.00 %
