Loading instance...
Median ranking: [6, 11, 20, 18, 5, 17, 16, 19, 9, 4, 2, 10, 8, 7, 3, 14, 1, 15, 12, 13]
Mean ranking: [6, 18, 11, 20, 5, 19, 10, 17, 16, 4, 8, 14, 9, 1, 12, 2, 15, 7, 3, 13]
Actual error: 0.0038393502782939626
Weighted Kendall distance: 258.5
Normalized distance: 0.09718045112781955
sides, 0 chg coeffs, 0 upgd conss, 0 impls, 0 clqs, 0 implints
   (0.0s) symmetry computation started: requiring (bin +, int +, cont +), (fixed: bin -, int -, cont -)
   (0.0s) no symmetry present (symcode time: 0.00)
presolving (2 rounds: 2 fast, 2 medium, 1 exhaustive):
 0 deleted vars, 2280 deleted constraints, 1140 added constraints, 0 tightened bounds, 0 added holes, 0 changed sides, 0 changed coefficients
 0 implications, 0 cliques, 0 implied integral variables (0 bin, 0 int, 0 cont)
presolved problem has 190 variables (0 bin, 0 int, 190 cont) and 1140 constraints
   1140 constraints of type <linear>
Presolving Time: 0.01
transformed 3/3 original solutions to the transformed problem space

 time | node  | left  |LP iter|LP it/n|mem/heur|mdpt |vars |cons |rows |cuts |sepa|confs|strbr|  dualbound   | primalbound  |  gap   | compl. 
* 0.0s|     1 |     0 |    50 |     - |    LP  |   0 | 190 |1140 |1140 |   0 |  0 |   0 |   0 | 3.660000e+02 | 3.660000e+02 |   0.00%| unknown
  0.0s|     1 |     0 |    50 |     - |  7668k |   0 | 190 |1140 |1140 |   0 |  0 |   0 |   0 | 3.660000e+02 | 3.660000e+02 |   0.00%| unknown

SCIP Status        : problem is solved [optimal solution found]
Solving Time (sec) : 0.02
Solving Nodes      : 1
Primal Bound       : +3.66000000000000e+02 (4 solutions)
Dual Bound         : +3.66000000000000e+02
Gap                : 0.00 %
feasible solution found by trivial heuristic after 0.0 seconds, objective value 0.000000e+00
presolving:
   (0.0s) running MILP presolver
   (0.0s) MILP presolver (2 rounds): 0 aggregations, 0 fixings, 0 bound changes
(round 1, medium)     0 del vars, 2280 del conss, 1140 add conss, 0 chg bounds, 0 chg sides, 0 chg coeffs, 0 upgd conss, 0 impls, 0 clqs, 0 implints
   (0.0s) probing: 51/190 (26.8%) - 0 fixings, 0 aggregations, 0 implications, 0 bound changes
   (0.0s) probing aborted: 50/50 successive totally useless probings
   (0.0s) symmetry computation started: requiring (bin +, int +, cont +), (fixed: bin -, int -, cont -)
   (0.0s) no symmetry present (symcode time: 0.00)
presolving (2 rounds: 2 fast, 2 medium, 1 exhaustive):
 0 deleted vars, 2280 deleted constraints, 1140 added constraints, 0 tightened bounds, 0 added holes, 0 changed sides, 0 changed coefficients
 0 implications, 0 cliques, 0 implied integral variables (0 bin, 0 int, 0 cont)
presolved problem has 190 variables (190 bin, 0 int, 0 cont) and 1140 constraints
   1140 constraints of type <linear>
transformed objective value is always integral (scale: 2)
Presolving Time: 0.01
transformed 2/2 original solutions to the transformed problem space

 time | node  | left  |LP iter|LP it/n|mem/heur|mdpt |vars |cons |rows |cuts |sepa|confs|strbr|  dualbound   | primalbound  |  gap   | compl. 
p 0.0s|     1 |     0 |     0 |     - |   locks|   0 | 190 |1140 |1140 |   0 |  0 |   0 |   0 | 4.320000e+02 | 6.000000e+01 | 620.00%| unknown
i 0.0s|     1 |     0 |     0 |     - |  oneopt|   0 | 190 |1140 |1140 |   0 |  0 |   0 |   0 | 4.320000e+02 | 2.600000e+02 |  66.15%| unknown
* 0.0s|     1 |     0 |    45 |     - |    LP  |   0 | 190 |1140 |1140 |   0 |  0 |   0 |   0 | 3.660000e+02 | 3.660000e+02 |   0.00%| unknown
  0.0s|     1 |     0 |    45 |     - |  7835k |   0 | 190 |1140 |1140 |   0 |  0 |   0 |   0 | 3.660000e+02 | 3.660000e+02 |   0.00%| unknown

SCIP Status        : problem is solved [optimal solution found]
Solving Time (sec) : 0.02
Solving Nodes      : 1
Primal Bound       : +3.66000000000000e+02 (5 solutions)
Dual Bound         : +3.66000000000000e+02
Gap                : 0.00 %
feasible solution found by trivial heuristic after 0.2 seconds, objective value -6.000232e+06
presolving:
(round 1, fast)       0 del vars, 0 del conss, 0 add conss, 120 chg bounds, 0 chg sides, 0 chg coeffs, 0 upgd conss, 0 impls, 0 clqs, 0 implints
   (1.9s) running MILP presolver
   (2.1s) MILP presolver (2 rounds): 0 aggregations, 0 fixings, 0 bound changes
(round 2, exhaustive) 0 del vars, 1140 del conss, 0 add conss, 120 chg bounds, 0 chg sides, 0 chg coeffs, 0 upgd conss, 0 impls, 0 clqs, 0 implints
   (4.0s) symmetry computation started: requiring (bin +, int +, cont +), (fixed: bin -, int -, cont -)
   (4.6s) no symmetry present (symcode time: 0.03)
presolving (3 rounds: 3 fast, 2 medium, 2 exhaustive):
 0 deleted vars, 1140 deleted constraints, 0 added constraints, 120 tightened bounds, 0 added holes, 0 changed sides, 0 changed coefficients
 0 implications, 0 cliques, 0 implied integral variables (0 bin, 0 int, 0 cont)
presolved problem has 250 variables (0 bin, 0 int, 250 cont) and 12540 constraints
  12540 constraints of type <linear>
Presolving Time: 4.49

 time | node  | left  |LP iter|LP it/n|mem/heur|mdpt |vars |cons |rows |cuts |sepa|confs|strbr|  dualbound   | primalbound  |  gap   | compl. 
t 4.7s|     1 |     0 |     0 |     - | trivial|   0 | 250 |  12k|   0 |   0 |  0 |   0 |   0 | 4.320000e+02 |-5.932000e+03 |    Inf | unknown
* 6.5s|     1 |     0 |  1216 |     - |    LP  |   0 | 250 |  12k|  12k|   0 |  0 |   0 |   0 |-1.345123e+03 |-1.345123e+03 |   0.00%| unknown
  6.5s|     1 |     0 |  1216 |     - |  1043M |   0 | 250 |  12k|  12k|   0 |  0 |   0 |   0 |-1.345123e+03 |-1.345123e+03 |   0.00%| unknown

SCIP Status        : problem is solved [optimal solution found]
Solving Time (sec) : 6.50
Solving Nodes      : 1
Primal Bound       : -1.34512262167435e+03 (3 solutions)
Dual Bound         : -1.34512262167435e+03
Gap                : 0.00 %
feasible solution found by trivial heuristic after 0.1 seconds, objective value -6.000232e+06
presolving:
(round 1, fast)       0 del vars, 0 del conss, 0 add conss, 120 chg bounds, 0 chg sides, 0 chg coeffs, 0 upgd conss, 0 impls, 0 clqs, 0 implints
   (1.2s) running MILP presolver
   (1.7s) MILP presolver (2 rounds): 0 aggregations, 0 fixings, 0 bound changes
(round 2, exhaustive) 0 del vars, 1140 del conss, 0 add conss, 120 chg bounds, 0 chg sides, 0 chg coeffs, 0 upgd conss, 0 impls, 0 clqs, 0 implints
   (4.2s) probing: 51/190 (26.8%) - 0 fixings, 0 aggregations, 0 implications, 0 bound changes
   (4.2s) probing aborted: 50/50 successive totally useless probings
   (4.3s) symmetry computation started: requiring (bin +, int +, cont +), (fixed: bin -, int -, cont -)
   (4.8s) no symmetry present (symcode time: 0.02)
presolving (3 rounds: 3 fast, 2 medium, 2 exhaustive):
 0 deleted vars, 1140 deleted constraints, 0 added constraints, 120 tightened bounds, 0 added holes, 0 changed sides, 0 changed coefficients
 0 implications, 0 cliques, 0 implied integral variables (0 bin, 0 int, 0 cont)
presolved problem has 250 variables (190 bin, 0 int, 60 cont) and 12540 constraints
  12540 constraints of type <linear>
Presolving Time: 4.79

 time | node  | left  |LP iter|LP it/n|mem/heur|mdpt |vars |cons |rows |cuts |sepa|confs|strbr|  dualbound   | primalbound  |  gap   | compl. 
t 4.9s|     1 |     0 |     0 |     - | trivial|   0 | 250 |  12k|   0 |   0 |  0 |   0 |   0 | 4.320000e+02 |-5.932000e+03 |    Inf | unknown
p 6.1s|     1 |     0 |    59 |     - |   locks|   0 | 250 |  12k|  12k|   0 |  0 |   0 |   0 | 4.320000e+02 |-1.834832e+03 |    Inf | unknown
  7.7s|     1 |     0 |  1275 |     - |  1045M |   0 | 250 |  12k|  12k|   0 |  0 |   0 |   0 |-1.345123e+03 |-1.834832e+03 |  36.41%| unknown
r 8.5s|     1 |     0 |  1275 |     - |shifting|   0 | 250 |  12k|  12k|   0 |  0 |   0 |   0 |-1.345123e+03 |-1.485826e+03 |  10.46%| unknown
  8.8s|     1 |     0 |  1310 |     - |  1047M |   0 | 250 |  12k|  12k|   1 |  1 |   0 |   0 |-1.345133e+03 |-1.485826e+03 |  10.46%| unknown
  9.7s|     1 |     0 |  1345 |     - |  1048M |   0 | 250 |  12k|  12k|   3 |  2 |   0 |   0 |-1.345148e+03 |-1.485826e+03 |  10.46%| unknown
 10.8s|     1 |     0 |  1432 |     - |  1051M |   0 | 250 |  12k|  12k|   6 |  3 |   0 |   0 |-1.345184e+03 |-1.485826e+03 |  10.46%| unknown
 11.8s|     1 |     0 |  1450 |     - |  1054M |   0 | 250 |  12k|  12k|   9 |  4 |   0 |   0 |-1.345188e+03 |-1.485826e+03 |  10.45%| unknown
r12.5s|     1 |     0 |  1450 |     - |shifting|   0 | 250 |  12k|  12k|   9 |  4 |   1 |   0 |-1.345188e+03 |-1.475414e+03 |   9.68%| unknown
 12.8s|     1 |     0 |  1541 |     - |  1056M |   0 | 250 |  12k|  12k|  13 |  5 |   1 |   0 |-1.345204e+03 |-1.475414e+03 |   9.68%| unknown
 13.8s|     1 |     0 |  1618 |     - |  1057M |   0 | 250 |  12k|  12k|  17 |  6 |   1 |   0 |-1.345214e+03 |-1.475414e+03 |   9.68%| unknown
 14.8s|     1 |     0 |  1679 |     - |  1059M |   0 | 250 |  12k|  12k|  21 |  7 |   1 |   0 |-1.345223e+03 |-1.475414e+03 |   9.68%| unknown
 15.8s|     1 |     0 |  1727 |     - |  1060M |   0 | 250 |  12k|  12k|  23 |  8 |   1 |   0 |-1.345228e+03 |-1.475414e+03 |   9.68%| unknown
 16.7s|     1 |     0 |  1741 |     - |  1061M |   0 | 250 |  12k|  12k|  24 |  9 |   1 |   0 |-1.345229e+03 |-1.475414e+03 |   9.68%| unknown
r17.5s|     1 |     0 |  1741 |     - |shifting|   0 | 250 |  12k|  12k|  24 |  9 |   1 |   0 |-1.345229e+03 |-1.467427e+03 |   9.08%| unknown
 time | node  | left  |LP iter|LP it/n|mem/heur|mdpt |vars |cons |rows |cuts |sepa|confs|strbr|  dualbound   | primalbound  |  gap   | compl. 
 17.7s|     1 |     0 |  1815 |     - |  1063M |   0 | 250 |  12k|  12k|  26 | 10 |   1 |   0 |-1.345232e+03 |-1.467427e+03 |   9.08%| unknown
 18.2s|     1 |     0 |  1874 |     - |  1064M |   0 | 250 |  12k|  12k|  29 | 11 |   2 |   0 |-1.345234e+03 |-1.467427e+03 |   9.08%| unknown
r19.2s|     1 |     0 |  2046 |     - |intshift|   0 | 250 |  12k|  12k|  29 | 11 |   2 |   0 |-1.345234e+03 |-1.382789e+03 |   2.79%| unknown
d20.9s|     1 |     0 |  3344 |     - |farkasdi|   0 | 250 |  12k|  12k|   0 | 11 |   2 |   0 |-1.345234e+03 |-1.353326e+03 |   0.60%| unknown
L29.6s|     1 |     0 |  4389 |     - |    rens|   0 | 250 |  12k|  12k|  29 | 11 |  15 |   0 |-1.345234e+03 |-1.347042e+03 |   0.13%| unknown
 29.8s|     1 |     0 |  4389 |     - |  1065M |   0 | 250 |  12k|  12k|  29 | 11 |  15 |   0 |-1.345234e+03 |-1.347042e+03 |   0.13%| unknown
 30.5s|     1 |     0 |  4389 |     - |  1065M |   0 | 250 |  12k|  12k|  29 | 11 |  15 |   0 |-1.345234e+03 |-1.347042e+03 |   0.13%| unknown
 30.6s|     1 |     0 |  4403 |     - |  1066M |   0 | 250 |  12k|  12k|  31 | 12 |  15 |   0 |-1.345235e+03 |-1.347042e+03 |   0.13%| unknown
 31.1s|     1 |     0 |  4457 |     - |  1067M |   0 | 250 |  12k|  12k|  36 | 13 |  16 |   0 |-1.345245e+03 |-1.347042e+03 |   0.13%| unknown
 31.8s|     1 |     0 |  4457 |     - |  1067M |   0 | 250 |  11k|  12k|  36 | 13 |  16 |   0 |-1.345245e+03 |-1.347042e+03 |   0.13%| unknown
 31.9s|     1 |     0 |  4480 |     - |  1068M |   0 | 250 |  11k|  12k|  41 | 14 |  16 |   0 |-1.345256e+03 |-1.347042e+03 |   0.13%| unknown
 32.5s|     1 |     0 |  4522 |     - |  1068M |   0 | 250 |  11k|  12k|  47 | 15 |  16 |   0 |-1.345268e+03 |-1.347042e+03 |   0.13%| unknown
(run 1, node 1) restarting after 69 global fixings of integer variables

(restart) converted 47 cuts from the global cut pool into linear constraints

presolving:
(round 1, fast)       69 del vars, 5 del conss, 0 add conss, 0 chg bounds, 476 chg sides, 123 chg coeffs, 0 upgd conss, 0 impls, 428 clqs, 0 implints
(round 2, fast)       69 del vars, 5 del conss, 0 add conss, 60 chg bounds, 476 chg sides, 123 chg coeffs, 0 upgd conss, 0 impls, 428 clqs, 0 implints
   (33.7s) running MILP presolver
   (34.2s) MILP presolver (3 rounds): 0 aggregations, 0 fixings, 59 bound changes
(round 3, medium)     69 del vars, 5 del conss, 0 add conss, 119 chg bounds, 476 chg sides, 123 chg coeffs, 0 upgd conss, 0 impls, 428 clqs, 0 implints
(round 4, fast)       69 del vars, 12 del conss, 0 add conss, 119 chg bounds, 543 chg sides, 244 chg coeffs, 0 upgd conss, 0 impls, 428 clqs, 0 implints
(round 5, exhaustive) 69 del vars, 12 del conss, 0 add conss, 119 chg bounds, 543 chg sides, 244 chg coeffs, 429 upgd conss, 0 impls, 428 clqs, 0 implints
presolving (6 rounds: 6 fast, 3 medium, 2 exhaustive):
 69 deleted vars, 12 deleted constraints, 0 added constraints, 119 tightened bounds, 0 added holes, 543 changed sides, 245 changed coefficients
 0 implications, 428 cliques, 0 implied integral variables (0 bin, 0 int, 0 cont)
presolved problem has 181 variables (121 bin, 0 int, 60 cont) and 11901 constraints
      1 constraints of type <knapsack>
    428 constraints of type <setppc>
  11467 constraints of type <linear>
      5 constraints of type <logicor>
Presolving Time: 7.04
transformed 16/23 original solutions to the transformed problem space

 time | node  | left  |LP iter|LP it/n|mem/heur|mdpt |vars |cons |rows |cuts |sepa|confs|strbr|  dualbound   | primalbound  |  gap   | compl. 
 39.2s|     1 |     0 |  5770 |     - |  1189M |   0 | 181 |  11k|  11k|   0 |  0 |  17 |   0 |-1.345268e+03 |-1.347042e+03 |   0.13%| unknown
 39.7s|     1 |     0 |  5770 |     - |  1189M |   0 | 181 |  11k|  11k|   0 |  0 |  17 |   0 |-1.345268e+03 |-1.347042e+03 |   0.13%| unknown
 39.9s|     1 |     0 |  5800 |     - |  1190M |   0 | 181 |  11k|  11k|   1 |  1 |  17 |   0 |-1.345270e+03 |-1.347042e+03 |   0.13%| unknown
 40.6s|     1 |     0 |  5829 |     - |  1191M |   0 | 181 |  11k|  11k|   3 |  2 |  17 |   0 |-1.345277e+03 |-1.347042e+03 |   0.13%| unknown
 41.2s|     1 |     0 |  5872 |     - |  1192M |   0 | 181 |  11k|  11k|   6 |  3 |  17 |   0 |-1.345284e+03 |-1.347042e+03 |   0.13%| unknown
 41.8s|     1 |     0 |  5908 |     - |  1196M |   0 | 181 |  11k|  11k|   9 |  4 |  17 |   0 |-1.345287e+03 |-1.347042e+03 |   0.13%| unknown
 42.4s|     1 |     0 |  5925 |     - |  1197M |   0 | 181 |  11k|  11k|  11 |  5 |  17 |   0 |-1.345289e+03 |-1.347042e+03 |   0.13%| unknown
 43.1s|     1 |     0 |  5970 |     - |  1198M |   0 | 181 |  11k|  11k|  14 |  6 |  17 |   0 |-1.345292e+03 |-1.347042e+03 |   0.13%| unknown
 43.8s|     1 |     0 |  6050 |     - |  1200M |   0 | 181 |  11k|  11k|  17 |  7 |  17 |   0 |-1.345300e+03 |-1.347042e+03 |   0.13%| unknown
 44.5s|     1 |     0 |  6077 |     - |  1201M |   0 | 181 |  11k|  11k|  21 |  8 |  17 |   0 |-1.345303e+03 |-1.347042e+03 |   0.13%| unknown
 45.1s|     1 |     0 |  6137 |     - |  1202M |   0 | 181 |  11k|  11k|  24 |  9 |  17 |   0 |-1.345309e+03 |-1.347042e+03 |   0.13%| unknown
 45.7s|     1 |     0 |  6170 |     - |  1204M |   0 | 181 |  11k|  11k|  26 | 10 |  18 |   0 |-1.345311e+03 |-1.347042e+03 |   0.13%| unknown
 46.2s|     1 |     0 |  6196 |     - |  1205M |   0 | 181 |  11k|  11k|  28 | 11 |  18 |   0 |-1.345315e+03 |-1.347042e+03 |   0.13%| unknown
 46.7s|     1 |     0 |  6196 |     - |  1205M |   0 | 181 |  11k|  11k|  28 | 11 |  18 |   0 |-1.345315e+03 |-1.347042e+03 |   0.13%| unknown
 46.8s|     1 |     0 |  6216 |     - |  1206M |   0 | 181 |  11k|  11k|  33 | 12 |  18 |   0 |-1.345316e+03 |-1.347042e+03 |   0.13%| unknown
 time | node  | left  |LP iter|LP it/n|mem/heur|mdpt |vars |cons |rows |cuts |sepa|confs|strbr|  dualbound   | primalbound  |  gap   | compl. 
 47.4s|     1 |     0 |  6230 |     - |  1206M |   0 | 181 |  11k|  11k|  35 | 13 |  18 |   0 |-1.345316e+03 |-1.347042e+03 |   0.13%| unknown
 47.9s|     1 |     0 |  6265 |     - |  1207M |   0 | 181 |  11k|  11k|  37 | 14 |  18 |   0 |-1.345317e+03 |-1.347042e+03 |   0.13%| unknown
 48.5s|     1 |     0 |  6278 |     - |  1208M |   0 | 181 |  11k|  11k|  40 | 15 |  18 |   0 |-1.345318e+03 |-1.347042e+03 |   0.13%| unknown
 49.1s|     1 |     0 |  6337 |     - |  1210M |   0 | 181 |  11k|  11k|  43 | 16 |  18 |   0 |-1.345322e+03 |-1.347042e+03 |   0.13%| unknown
 49.7s|     1 |     0 |  6358 |     - |  1210M |   0 | 181 |  11k|  11k|  45 | 17 |  18 |   0 |-1.345323e+03 |-1.347042e+03 |   0.13%| unknown
 50.2s|     1 |     0 |  6366 |     - |  1210M |   0 | 181 |  11k|  11k|  49 | 18 |  18 |   0 |-1.345323e+03 |-1.347042e+03 |   0.13%| unknown
 50.8s|     1 |     0 |  6381 |     - |  1211M |   0 | 181 |  11k|  11k|  51 | 19 |  18 |   0 |-1.345323e+03 |-1.347042e+03 |   0.13%| unknown
 51.3s|     1 |     0 |  6396 |     - |  1212M |   0 | 181 |  11k|  11k|  54 | 20 |  18 |   0 |-1.345323e+03 |-1.347042e+03 |   0.13%| unknown
 51.8s|     1 |     0 |  6404 |     - |  1212M |   0 | 181 |  11k|  11k|  55 | 21 |  18 |   0 |-1.345323e+03 |-1.347042e+03 |   0.13%| unknown
(run 2, node 1) restarting after 7 global fixings of integer variables

(restart) converted 45 cuts from the global cut pool into linear constraints

presolving:
(round 1, fast)       7 del vars, 0 del conss, 0 add conss, 0 chg bounds, 29 chg sides, 0 chg coeffs, 0 upgd conss, 0 impls, 378 clqs, 0 implints
(round 2, fast)       7 del vars, 0 del conss, 0 add conss, 26 chg bounds, 29 chg sides, 0 chg coeffs, 0 upgd conss, 0 impls, 378 clqs, 0 implints
(round 3, exhaustive) 7 del vars, 0 del conss, 0 add conss, 26 chg bounds, 29 chg sides, 0 chg coeffs, 31 upgd conss, 0 impls, 378 clqs, 0 implints
presolving (4 rounds: 4 fast, 2 medium, 2 exhaustive):
 7 deleted vars, 0 deleted constraints, 0 added constraints, 26 tightened bounds, 0 added holes, 29 changed sides, 6 changed coefficients
 0 implications, 378 cliques, 0 implied integral variables (0 bin, 0 int, 0 cont)
presolved problem has 174 variables (114 bin, 0 int, 60 cont) and 11807 constraints
      3 constraints of type <knapsack>
    378 constraints of type <setppc>
  11415 constraints of type <linear>
     11 constraints of type <logicor>
Presolving Time: 8.23
transformed 38/45 original solutions to the transformed problem space

 time | node  | left  |LP iter|LP it/n|mem/heur|mdpt |vars |cons |rows |cuts |sepa|confs|strbr|  dualbound   | primalbound  |  gap   | compl. 
 57.7s|     1 |     0 |  9161 |     - |  1313M |   0 | 174 |  11k|  11k|   0 |  0 |  29 |   0 |-1.345323e+03 |-1.347042e+03 |   0.13%| unknown
 58.2s|     1 |     0 |  9161 |     - |  1313M |   0 | 174 |  11k|  11k|   0 |  0 |  30 |   0 |-1.345323e+03 |-1.347042e+03 |   0.13%| unknown
 58.3s|     1 |     0 |  9188 |     - |  1314M |   0 | 174 |  11k|  11k|   1 |  1 |  30 |   0 |-1.345324e+03 |-1.347042e+03 |   0.13%| unknown
 58.9s|     1 |     0 |  9216 |     - |  1315M |   0 | 174 |  11k|  11k|   2 |  2 |  31 |   0 |-1.345325e+03 |-1.347042e+03 |   0.13%| unknown
 59.6s|     1 |     0 |  9236 |     - |  1316M |   0 | 174 |  11k|  11k|   3 |  3 |  31 |   0 |-1.345325e+03 |-1.347042e+03 |   0.13%| unknown
 60.2s|     1 |     0 |  9346 |     - |  1318M |   0 | 174 |  11k|  11k|   5 |  4 |  31 |   0 |-1.345329e+03 |-1.347042e+03 |   0.13%| unknown
 60.9s|     1 |     0 |  9373 |     - |  1319M |   0 | 174 |  11k|  11k|   7 |  5 |  31 |   0 |-1.345330e+03 |-1.347042e+03 |   0.13%| unknown
 61.5s|     1 |     0 |  9398 |     - |  1320M |   0 | 174 |  11k|  11k|   9 |  6 |  31 |   0 |-1.345330e+03 |-1.347042e+03 |   0.13%| unknown
 62.1s|     1 |     0 |  9431 |     - |  1321M |   0 | 174 |  11k|  11k|  11 |  7 |  31 |   0 |-1.345331e+03 |-1.347042e+03 |   0.13%| unknown
 62.8s|     1 |     0 |  9468 |     - |  1323M |   0 | 174 |  11k|  11k|  12 |  8 |  31 |   0 |-1.345331e+03 |-1.347042e+03 |   0.13%| unknown
 63.4s|     1 |     0 |  9514 |     - |  1324M |   0 | 174 |  11k|  11k|  14 |  9 |  31 |   0 |-1.345333e+03 |-1.347042e+03 |   0.13%| unknown
 64.0s|     1 |     0 |  9528 |     - |  1327M |   0 | 174 |  11k|  11k|  16 | 10 |  32 |   0 |-1.345333e+03 |-1.347042e+03 |   0.13%| unknown
 64.6s|     1 |     0 |  9569 |     - |  1327M |   0 | 174 |  11k|  11k|  17 | 11 |  32 |   0 |-1.345334e+03 |-1.347042e+03 |   0.13%| unknown
 65.1s|     1 |     0 |  9569 |     - |  1327M |   0 | 174 |  11k|  11k|  17 | 11 |  32 |   0 |-1.345334e+03 |-1.347042e+03 |   0.13%| unknown
 65.2s|     1 |     0 |  9585 |     - |  1328M |   0 | 174 |  11k|  11k|  18 | 12 |  32 |   0 |-1.345334e+03 |-1.347042e+03 |   0.13%| unknown
 time | node  | left  |LP iter|LP it/n|mem/heur|mdpt |vars |cons |rows |cuts |sepa|confs|strbr|  dualbound   | primalbound  |  gap   | compl. 
 65.8s|     1 |     0 |  9613 |     - |  1329M |   0 | 174 |  11k|  11k|  19 | 13 |  32 |   0 |-1.345334e+03 |-1.347042e+03 |   0.13%| unknown
 66.4s|     1 |     0 |  9685 |     - |  1330M |   0 | 174 |  11k|  11k|  20 | 14 |  32 |   0 |-1.345336e+03 |-1.347042e+03 |   0.13%| unknown
 66.9s|     1 |     0 |  9706 |     - |  1332M |   0 | 174 |  11k|  11k|  22 | 15 |  32 |   0 |-1.345336e+03 |-1.347042e+03 |   0.13%| unknown
 67.4s|     1 |     0 |  9721 |     - |  1333M |   0 | 174 |  11k|  11k|  25 | 16 |  32 |   0 |-1.345336e+03 |-1.347042e+03 |   0.13%| unknown
 67.9s|     1 |     0 |  9754 |     - |  1334M |   0 | 174 |  11k|  11k|  26 | 17 |  32 |   0 |-1.345337e+03 |-1.347042e+03 |   0.13%| unknown
 68.5s|     1 |     0 |  9781 |     - |  1335M |   0 | 174 |  11k|  11k|  27 | 18 |  32 |   0 |-1.345337e+03 |-1.347042e+03 |   0.13%| unknown
 69.1s|     1 |     0 |  9814 |     - |  1336M |   0 | 174 |  11k|  11k|  29 | 19 |  32 |   0 |-1.345338e+03 |-1.347042e+03 |   0.13%| unknown
 69.6s|     1 |     0 |  9865 |     - |  1336M |   0 | 174 |  11k|  11k|  30 | 20 |  32 |   0 |-1.345338e+03 |-1.347042e+03 |   0.13%| unknown
 70.2s|     1 |     0 |  9887 |     - |  1336M |   0 | 174 |  11k|  11k|  31 | 21 |  32 |   0 |-1.345338e+03 |-1.347042e+03 |   0.13%| unknown
 70.8s|     1 |     0 |  9954 |     - |  1337M |   0 | 174 |  11k|  11k|  33 | 22 |  32 |   0 |-1.345340e+03 |-1.347042e+03 |   0.13%| unknown
 71.9s|     1 |     0 |  9954 |     - |  1337M |   0 | 174 |  11k|  11k|  33 | 22 |  34 |   1 |-1.345351e+03 |-1.347042e+03 |   0.13%| unknown
 72.0s|     1 |     0 |  9974 |     - |  1337M |   0 | 174 |  11k|  11k|  35 | 23 |  34 |   1 |-1.345351e+03 |-1.347042e+03 |   0.13%| unknown
 72.5s|     1 |     0 |  9989 |     - |  1337M |   0 | 174 |  11k|  11k|  36 | 24 |  34 |   1 |-1.345351e+03 |-1.347042e+03 |   0.13%| unknown
 73.8s|     1 |     0 | 10182 |     - |  1337M |   0 | 174 |  11k|  11k|  36 | 24 |  36 |   2 |-1.345572e+03 |-1.347042e+03 |   0.11%| unknown
 74.2s|     1 |     0 | 10182 |     - |  1337M |   0 | 174 |  11k|  11k|  36 | 24 |  36 |   2 |-1.345572e+03 |-1.347042e+03 |   0.11%| unknown
 time | node  | left  |LP iter|LP it/n|mem/heur|mdpt |vars |cons |rows |cuts |sepa|confs|strbr|  dualbound   | primalbound  |  gap   | compl. 
 74.3s|     1 |     0 | 10196 |     - |  1337M |   0 | 174 |  11k|  11k|  37 | 25 |  36 |   2 |-1.345575e+03 |-1.347042e+03 |   0.11%| unknown
 74.7s|     1 |     0 | 10196 |     - |  1337M |   0 | 174 |  11k|  11k|  37 | 25 |  36 |   2 |-1.345575e+03 |-1.347042e+03 |   0.11%| unknown
 74.7s|     1 |     0 | 10196 |     - |  1337M |   0 | 174 |  11k|  11k|  37 | 26 |  36 |   2 |-1.345575e+03 |-1.347042e+03 |   0.11%| unknown
 75.2s|     1 |     0 | 10196 |     - |  1337M |   0 | 174 |  11k|  11k|  37 | 27 |  36 |   3 |-1.346067e+03 |-1.347042e+03 |   0.07%| unknown
 75.7s|     1 |     0 | 10196 |     - |  1337M |   0 | 174 |  11k|  11k|  37 | 28 |  36 |   4 |-1.346067e+03 |-1.347042e+03 |   0.07%| unknown
 76.1s|     1 |     0 | 10196 |     - |  1337M |   0 | 174 |  11k|  11k|  37 | 29 |  36 |   5 |-1.346067e+03 |-1.347042e+03 |   0.07%| unknown
 77.3s|     1 |     0 | 10328 |     - |  1337M |   0 | 174 |  11k|  11k|  37 | 30 |  38 |   8 |-1.346278e+03 |-1.347042e+03 |   0.06%| unknown
 77.7s|     1 |     0 | 10328 |     - |  1337M |   0 | 174 |  11k|  11k|  37 | 30 |  39 |   8 |-1.346278e+03 |-1.347042e+03 |   0.06%| unknown
 77.7s|     1 |     0 | 10328 |     - |  1337M |   0 | 174 |  11k|  11k|  37 | 31 |  39 |   8 |-1.346278e+03 |-1.347042e+03 |   0.06%| unknown
 77.8s|     1 |     0 | 10328 |     - |  1337M |   0 | 174 |  11k|  11k|  37 | 31 |  39 |   8 |-1.346278e+03 |-1.347042e+03 |   0.06%| unknown
 78.1s|     1 |     0 | 10328 |     - |  1337M |   0 | 174 |  11k|  11k|  37 | 32 |  39 |   9 |-1.346278e+03 |-1.347042e+03 |   0.06%| unknown
 78.8s|     1 |     0 | 10466 |     - |  1337M |   0 | 174 |  11k|  11k|  37 | 33 |  45 |  12 |-1.346413e+03 |-1.347042e+03 |   0.05%| unknown
 79.0s|     1 |     0 | 10466 |     - |  1338M |   0 | 174 |  11k|  10k|  37 | 33 |  45 |  12 |-1.346413e+03 |-1.347042e+03 |   0.05%| unknown
 79.1s|     1 |     0 | 10466 |     - |  1338M |   0 | 174 |  11k|  10k|  37 | 34 |  45 |  12 |-1.346413e+03 |-1.347042e+03 |   0.05%| unknown
 79.1s|     1 |     0 | 10466 |     - |  1338M |   0 | 174 |  10k|  10k|  37 | 34 |  45 |  12 |-1.346413e+03 |-1.347042e+03 |   0.05%| unknown
 time | node  | left  |LP iter|LP it/n|mem/heur|mdpt |vars |cons |rows |cuts |sepa|confs|strbr|  dualbound   | primalbound  |  gap   | compl. 
 79.4s|     1 |     0 | 10563 |     - |  1338M |   0 | 174 |  10k|  10k|  37 | 35 |  47 |  13 |-1.346818e+03 |-1.347042e+03 |   0.02%| unknown
 79.6s|     1 |     0 | 10563 |     - |  1338M |   0 | 174 |  10k|  10k|  37 | 35 |  47 |  13 |-1.346818e+03 |-1.347042e+03 |   0.02%| unknown
 79.6s|     1 |     0 | 10563 |     - |  1338M |   0 | 174 |  10k|  10k|  37 | 36 |  47 |  13 |-1.346818e+03 |-1.347042e+03 |   0.02%| unknown
 79.7s|     1 |     0 | 10563 |     - |  1338M |   0 | 174 |  10k|  10k|  37 | 36 |  47 |  13 |-1.346818e+03 |-1.347042e+03 |   0.02%| unknown
 79.8s|     1 |     0 | 10568 |     - |  1338M |   0 | 174 |9890 |  10k|  37 | 37 |  49 |  14 |-1.346829e+03 |-1.347042e+03 |   0.02%| unknown
 79.9s|     1 |     0 | 10606 |     - |  1338M |   0 | 174 |9744 |  10k|  37 | 38 |  51 |  15 |-1.346945e+03 |-1.347042e+03 |   0.01%| unknown
 80.0s|     1 |     0 | 10633 |     - |  1338M |   0 | 174 |9744 |  10k|  38 | 39 |  51 |  15 |-1.347042e+03 |-1.347042e+03 |   0.00%| unknown
 80.0s|     1 |     0 | 10633 |     - |  1338M |   0 | 174 |9744 |  10k|  38 | 39 |  51 |  15 |-1.347042e+03 |-1.347042e+03 |   0.00%| unknown

SCIP Status        : problem is solved [optimal solution found]
Solving Time (sec) : 80.00
Solving Nodes      : 1 (total of 3 nodes in 3 runs)
Primal Bound       : -1.34704210526316e+03 (77 solutions)
Dual Bound         : -1.34704210526316e+03
Gap                : 0.00 %
feasible solution found by trivial heuristic after 0.0 seconds, objective value 0.000000e+00
presolving:
   (0.0s) symmetry computation started: requiring (bin +, int +, cont +), (fixed: bin -, int -, cont -)
   (0.0s) symmetry computation finished: 59 generators found (max: 1500, log10 of symmetry group size: 81.92) (symcode time: 0.00)
dynamic symmetry handling statistics:
   orbitopal reduction:       no components
   orbital reduction:         no components
   lexicographic reduction:   no permutations
handled 1 out of 1 symmetry components
presolving (0 rounds: 0 fast, 0 medium, 0 exhaustive):
 0 deleted vars, 0 deleted constraints, 0 added constraints, 0 tightened bounds, 0 added holes, 0 changed sides, 0 changed coefficients
 0 implications, 0 cliques, 0 implied integral variables (0 bin, 0 int, 0 cont)
presolved problem has 250 variables (190 bin, 0 int, 60 cont) and 2339 constraints
   2339 constraints of type <linear>
Presolving Time: 0.00
transformed 2/2 original solutions to the transformed problem space

 time | node  | left  |LP iter|LP it/n|mem/heur|mdpt |vars |cons |rows |cuts |sepa|confs|strbr|  dualbound   | primalbound  |  gap   | compl. 
i 0.0s|     1 |     0 |     0 |     - |  oneopt|   0 | 250 |2280 |2280 |   0 |  0 |   0 |   0 | 4.320000e+02 | 2.580000e+02 |  67.44%| unknown
* 0.0s|     1 |     0 |    45 |     - |    LP  |   0 | 250 |2280 |2280 |   0 |  0 |   0 |   0 | 3.660000e+02 | 3.660000e+02 |   0.00%| unknown
  0.0s|     1 |     0 |    45 |     - |    10M |   0 | 250 |2280 |2280 |   0 |  0 |   0 |   0 | 3.660000e+02 | 3.660000e+02 |   0.00%| unknown

SCIP Status        : problem is solved [optimal solution found]
Solving Time (sec) : 0.01
Solving Nodes      : 1
Primal Bound       : +3.66000000000000e+02 (5 solutions)
Dual Bound         : +3.66000000000000e+02
Gap                : 0.00 %
  [linear] <c2281>: <x191>[C] (+0) -0.455263158<x1>[B] (+0) -0.455263158<x2>[B] (+0) -0.455263158<x3>[B] (+0) +0.455263158<x4>[B] (+0) -0.455263158<x5>[B] (+0) -0.455263158<x6>[B] (+0) -0.455263158<x7>[B] (+0) +0.455263158<x8>[B] (+0) -0.455263158<x9>[B] (+0) -0.455263158<x10>[B] (+0) -0.455263158<x11>[B] (+1) -0.455263158<x12>[B] (+1) +0.455263158<x13>[B] (+0) +0.455263158<x14>[B] (+1) -0.455263158<x15>[B] (+0) +0.455263158<x16>[B] (+0) +0.455263158<x17>[B] (+0) -0.455263158<x18>[B] (+0) -0.455263158<x19>[B] (+0) +0.455263158<x20>[B] (+1) +0.455263158<x21>[B] (+0) +0.455263158<x22>[B] (+0) -0.455263158<x23>[B] (+0) -0.455263158<x24>[B] (+1) +0.455263158<x25>[B] (+1) +0.455263158<x26>[B] (+0) +0.455263158<x27>[B] (+1) +0.455263158<x28>[B] (+0) +0.455263158<x29>[B] (+1) +0.455263158<x30>[B] (+1) +0.455263158<x31>[B] (+1) +0.455263158<x32>[B] (+1) +0.455263158<x33>[B] (+0) +0.455263158<x34>[B] (+0) +0.455263158<x35>[B] (+0) +0.455263158<x36>[B] (+0) +0.455263158<x37>[B] (+0) -0.455263158<x38>[B] (+0) +0.455263158<x39>[B] (+0) -0.455263158<x40>[B] (+0) -0.455263158<x41>[B] (+0) -0.455263158<x42>[B] (+0) +0.455263158<x43>[B] (+0) -0.455263158<x44>[B] (+0) +0.455263158<x45>[B] (+0) +0.455263158<x46>[B] (+1) +0.455263158<x47>[B] (+1) +0.455263158<x48>[B] (+1) +0.455263158<x49>[B] (+1) -0.455263158<x50>[B] (+0) +0.455263158<x51>[B] (+0) +0.455263158<x52>[B] (+0) +0.455263158<x53>[B] (+0) -0.455263158<x54>[B] (+0) +0.455263158<x55>[B] (+0) -0.455263158<x56>[B] (+0) -0.455263158<x57>[B] (+1) -0.455263158<x58>[B] (+1) +0.455263158<x59>[B] (+0) +0.455263158<x60>[B] (+1) +0.455263158<x61>[B] (+0) +0.455263158<x62>[B] (+1) +0.455263158<x63>[B] (+1) +0.455263158<x64>[B] (+1) +0.455263158<x65>[B] (+1) -0.455263158<x66>[B] (+0) +0.455263158<x67>[B] (+0) +0.455263158<x68>[B] (+0) +0.455263158<x69>[B] (+0) -0.455263158<x70>[B] (+0) -0.455263158<x71>[B] (+0) -0.455263158<x72>[B] (+1) -0.455263158<x73>[B] (+1) -0.455263158<x74>[B] (+1) -0.455263158<x75>[B] (+1) -0.455263158<x76>[B] (+0) -0.455263158<x77>[B] (+1) -0.455263158<x78>[B] (+1) -0.455263158<x79>[B] (+1) -0.455263158<x80>[B] (+1) -0.455263158<x81>[B] (+1) +0.455263158<x82>[B] (+1) -0.455263158<x83>[B] (+0) -0.455263158<x84>[B] (+1) -0.455263158<x85>[B] (+0) -0.455263158<x86>[B] (+1) +0.455263158<x87>[B] (+1) +0.455263158<x88>[B] (+1) +0.455263158<x89>[B] (+1) +0.455263158<x90>[B] (+1) +0.455263158<x91>[B] (+1) +0.455263158<x92>[B] (+1) +0.455263158<x93>[B] (+1) +0.455263158<x94>[B] (+1) +0.455263158<x95>[B] (+1) +0.455263158<x96>[B] (+1) +0.455263158<x97>[B] (+1) +0.455263158<x98>[B] (+1) +0.455263158<x99>[B] (+1) +0.455263158<x100>[B] (+0) +0.455263158<x101>[B] (+0) +0.455263158<x102>[B] (+0) +0.455263158<x103>[B] (+0) +0.455263158<x104>[B] (+1) +0.455263158<x105>[B] (+1) +0.455263158<x106>[B] (+1) +0.455263158<x107>[B] (+1) +0.455263158<x108>[B] (+0) +0.455263158<x109>[B] (+0) +0.455263158<x110>[B] (+0) +0.455263158<x111>[B] (+0) +0.455263158<x112>[B] (+0) +0.455263158<x113>[B] (+0) +0.455263158<x114>[B] (+0) +0.455263158<x115>[B] (+0) +0.455263158<x116>[B] (+1) +0.455263158<x117>[B] (+1) +0.455263158<x118>[B] (+1) +0.455263158<x119>[B] (+1) -0.455263158<x120>[B] (+0) +0.455263158<x121>[B] (+0) +0.455263158<x122>[B] (+0) +0.455263158<x123>[B] (+0) -0.455263158<x124>[B] (+0) -0.455263158<x125>[B] (+1) -0.455263158<x126>[B] (+0) -0.455263158<x127>[B] (+1) -0.455263158<x128>[B] (+1) +0.455263158<x129>[B] (+1) +0.455263158<x130>[B] (+1) -0.455263158<x131>[B] (+0) +0.455263158<x132>[B] (+0) +0.455263158<x133>[B] (+0) -0.455263158<x134>[B] (+0) -0.455263158<x135>[B] (+0) +0.455263158<x136>[B] (+0) +0.455263158<x137>[B] (+1) +0.455263158<x138>[B] (+1) +0.455263158<x139>[B] (+1) +0.455263158<x140>[B] (+1) -0.455263158<x141>[B] (+0) +0.455263158<x142>[B] (+0) +0.455263158<x143>[B] (+0) +0.455263158<x144>[B] (+0) -0.455263158<x145>[B] (+0) -0.455263158<x146>[B] (+1) +0.455263158<x147>[B] (+1) +0.455263158<x148>[B] (+1) +0.455263158<x149>[B] (+1) -0.455263158<x150>[B] (+1) +0.455263158<x151>[B] (+1) +0.455263158<x152>[B] (+1) -0.455263158<x153>[B] (+1) -0.455263158<x154>[B] (+1) +0.455263158<x155>[B] (+1) +0.455263158<x156>[B] (+0) +0.455263158<x157>[B] (+0) -0.455263158<x158>[B] (+0) +0.455263158<x159>[B] (+0) +0.455263158<x160>[B] (+0) +0.455263158<x161>[B] (+0) -0.455263158<x162>[B] (+0) +0.455263158<x163>[B] (+0) +0.455263158<x164>[B] (+0) -0.455263158<x165>[B] (+0) +0.455263158<x166>[B] (+0) +0.455263158<x167>[B] (+0) -0.455263158<x168>[B] (+0) -0.455263158<x169>[B] (+0) -0.455263158<x170>[B] (+1) -0.455263158<x171>[B] (+0) +0.455263158<x172>[B] (+0) -0.455263158<x173>[B] (+0) -0.455263158<x174>[B] (+0) -0.455263158<x175>[B] (+0) -0.455263158<x176>[B] (+0) +0.455263158<x177>[B] (+0) +0.455263158<x178>[B] (+0) -0.455263158<x179>[B] (+0) -0.455263158<x180>[B] (+0) +0.455263158<x181>[B] (+0) +0.455263158<x182>[B] (+0) +0.455263158<x183>[B] (+1) -0.455263158<x184>[B] (+0) -0.455263158<x185>[B] (+0) -0.455263158<x186>[B] (+1) -0.455263158<x187>[B] (+0) -0.455263158<x188>[B] (+1) -0.455263158<x189>[B] (+0) -0.455263158<x190>[B] (+0) >= 31.7552631578947;
;
violation: left hand side is violated by 19.9184210526316
  [linear] <c2281>: <x191>[C] (+0) -0.455263158<x1>[B] (+0) -0.455263158<x2>[B] (+0) -0.455263158<x3>[B] (+0) +0.455263158<x4>[B] (+0) -0.455263158<x5>[B] (+0) -0.455263158<x6>[B] (+0) -0.455263158<x7>[B] (+0) +0.455263158<x8>[B] (+0) -0.455263158<x9>[B] (+0) -0.455263158<x10>[B] (+0) -0.455263158<x11>[B] (+0) -0.455263158<x12>[B] (+0) +0.455263158<x13>[B] (+0) +0.455263158<x14>[B] (+0) -0.455263158<x15>[B] (+0) +0.455263158<x16>[B] (+0) +0.455263158<x17>[B] (+0) -0.455263158<x18>[B] (+0) -0.455263158<x19>[B] (+0) +0.455263158<x20>[B] (+1) +0.455263158<x21>[B] (+0) +0.455263158<x22>[B] (+0) -0.455263158<x23>[B] (+0) -0.455263158<x24>[B] (+0) +0.455263158<x25>[B] (+0) +0.455263158<x26>[B] (+0) +0.455263158<x27>[B] (+0) +0.455263158<x28>[B] (+0) +0.455263158<x29>[B] (+0) +0.455263158<x30>[B] (+1) +0.455263158<x31>[B] (+0) +0.455263158<x32>[B] (+0) +0.455263158<x33>[B] (+0) +0.455263158<x34>[B] (+0) +0.455263158<x35>[B] (+0) +0.455263158<x36>[B] (+0) +0.455263158<x37>[B] (+0) -0.455263158<x38>[B] (+0) +0.455263158<x39>[B] (+0) -0.455263158<x40>[B] (+0) -0.455263158<x41>[B] (+0) -0.455263158<x42>[B] (+0) +0.455263158<x43>[B] (+0) -0.455263158<x44>[B] (+0) +0.455263158<x45>[B] (+0) +0.455263158<x46>[B] (+0) +0.455263158<x47>[B] (+1) +0.455263158<x48>[B] (+0) +0.455263158<x49>[B] (+0) -0.455263158<x50>[B] (+0) +0.455263158<x51>[B] (+0) +0.455263158<x52>[B] (+0) +0.455263158<x53>[B] (+0) -0.455263158<x54>[B] (+0) +0.455263158<x55>[B] (+0) -0.455263158<x56>[B] (+0) -0.455263158<x57>[B] (+0) -0.455263158<x58>[B] (+0) +0.455263158<x59>[B] (+0) +0.455263158<x60>[B] (+0) +0.455263158<x61>[B] (+0) +0.455263158<x62>[B] (+0) +0.455263158<x63>[B] (+1) +0.455263158<x64>[B] (+0) +0.455263158<x65>[B] (+0) -0.455263158<x66>[B] (+0) +0.455263158<x67>[B] (+0) +0.455263158<x68>[B] (+0) +0.455263158<x69>[B] (+0) -0.455263158<x70>[B] (+0) -0.455263158<x71>[B] (+0) -0.455263158<x72>[B] (+1) -0.455263158<x73>[B] (+1) -0.455263158<x74>[B] (+0) -0.455263158<x75>[B] (+1) -0.455263158<x76>[B] (+0) -0.455263158<x77>[B] (+1) -0.455263158<x78>[B] (+1) -0.455263158<x79>[B] (+0) -0.455263158<x80>[B] (+0) -0.455263158<x81>[B] (+0) +0.455263158<x82>[B] (+0) -0.455263158<x83>[B] (+0) -0.455263158<x84>[B] (+0) -0.455263158<x85>[B] (+0) -0.455263158<x86>[B] (+1) +0.455263158<x87>[B] (+1) +0.455263158<x88>[B] (+1) +0.455263158<x89>[B] (+1) +0.455263158<x90>[B] (+0) +0.455263158<x91>[B] (+1) +0.455263158<x92>[B] (+1) +0.455263158<x93>[B] (+1) +0.455263158<x94>[B] (+1) +0.455263158<x95>[B] (+0) +0.455263158<x96>[B] (+0) +0.455263158<x97>[B] (+0) +0.455263158<x98>[B] (+0) +0.455263158<x99>[B] (+0) +0.455263158<x100>[B] (+0) +0.455263158<x101>[B] (+0) +0.455263158<x102>[B] (+0) +0.455263158<x103>[B] (+0) +0.455263158<x104>[B] (+0) +0.455263158<x105>[B] (+1) +0.455263158<x106>[B] (+0) +0.455263158<x107>[B] (+0) +0.455263158<x108>[B] (+0) +0.455263158<x109>[B] (+0) +0.455263158<x110>[B] (+0) +0.455263158<x111>[B] (+0) +0.455263158<x112>[B] (+0) +0.455263158<x113>[B] (+0) +0.455263158<x114>[B] (+0) +0.455263158<x115>[B] (+0) +0.455263158<x116>[B] (+0) +0.455263158<x117>[B] (+1) +0.455263158<x118>[B] (+0) +0.455263158<x119>[B] (+0) -0.455263158<x120>[B] (+0) +0.455263158<x121>[B] (+0) +0.455263158<x122>[B] (+0) +0.455263158<x123>[B] (+0) -0.455263158<x124>[B] (+0) -0.455263158<x125>[B] (+1) -0.455263158<x126>[B] (+0) -0.455263158<x127>[B] (+1) -0.455263158<x128>[B] (+1) +0.455263158<x129>[B] (+0) +0.455263158<x130>[B] (+0) -0.455263158<x131>[B] (+0) +0.455263158<x132>[B] (+0) +0.455263158<x133>[B] (+0) -0.455263158<x134>[B] (+0) -0.455263158<x135>[B] (+0) +0.455263158<x136>[B] (+0) +0.455263158<x137>[B] (+1) +0.455263158<x138>[B] (+1) +0.455263158<x139>[B] (+0) +0.455263158<x140>[B] (+0) -0.455263158<x141>[B] (+0) +0.455263158<x142>[B] (+0) +0.455263158<x143>[B] (+0) +0.455263158<x144>[B] (+0) -0.455263158<x145>[B] (+0) -0.455263158<x146>[B] (+1) +0.455263158<x147>[B] (+1) +0.455263158<x148>[B] (+1) +0.455263158<x149>[B] (+1) -0.455263158<x150>[B] (+1) +0.455263158<x151>[B] (+1) +0.455263158<x152>[B] (+0) -0.455263158<x153>[B] (+1) -0.455263158<x154>[B] (+0) +0.455263158<x155>[B] (+1) +0.455263158<x156>[B] (+0) +0.455263158<x157>[B] (+0) -0.455263158<x158>[B] (+0) +0.455263158<x159>[B] (+0) +0.455263158<x160>[B] (+0) +0.455263158<x161>[B] (+0) -0.455263158<x162>[B] (+0) +0.455263158<x163>[B] (+0) +0.455263158<x164>[B] (+0) -0.455263158<x165>[B] (+0) +0.455263158<x166>[B] (+0) +0.455263158<x167>[B] (+0) -0.455263158<x168>[B] (+0) -0.455263158<x169>[B] (+0) -0.455263158<x170>[B] (+1) -0.455263158<x171>[B] (+0) +0.455263158<x172>[B] (+0) -0.455263158<x173>[B] (+0) -0.455263158<x174>[B] (+0) -0.455263158<x175>[B] (+0) -0.455263158<x176>[B] (+0) +0.455263158<x177>[B] (+0) +0.455263158<x178>[B] (+0) -0.455263158<x179>[B] (+0) -0.455263158<x180>[B] (+0) +0.455263158<x181>[B] (+0) +0.455263158<x182>[B] (+0) +0.455263158<x183>[B] (+0) -0.455263158<x184>[B] (+0) -0.455263158<x185>[B] (+0) -0.455263158<x186>[B] (+0) -0.455263158<x187>[B] (+0) -0.455263158<x188>[B] (+1) -0.455263158<x189>[B] (+0) -0.455263158<x190>[B] (+0) >= 31.7552631578947;
;
violation: left hand side is violated by 29.0236842105263
  [linear] <c2281>: <x191>[C] (+0) -0.455263158<x1>[B] (+0) -0.455263158<x2>[B] (+0) -0.455263158<x3>[B] (+0) +0.455263158<x4>[B] (+0) -0.455263158<x5>[B] (+0) -0.455263158<x6>[B] (+0) -0.455263158<x7>[B] (+0) +0.455263158<x8>[B] (+0) -0.455263158<x9>[B] (+0) -0.455263158<x10>[B] (+0) -0.455263158<x11>[B] (+0) -0.455263158<x12>[B] (+0) +0.455263158<x13>[B] (+0) +0.455263158<x14>[B] (+0) -0.455263158<x15>[B] (+0) +0.455263158<x16>[B] (+0) +0.455263158<x17>[B] (+0) -0.455263158<x18>[B] (+0) -0.455263158<x19>[B] (+0) +0.455263158<x20>[B] (+0) +0.455263158<x21>[B] (+0) +0.455263158<x22>[B] (+0) -0.455263158<x23>[B] (+0) -0.455263158<x24>[B] (+0) +0.455263158<x25>[B] (+0) +0.455263158<x26>[B] (+0) +0.455263158<x27>[B] (+0) +0.455263158<x28>[B] (+0) +0.455263158<x29>[B] (+0) +0.455263158<x30>[B] (+0) +0.455263158<x31>[B] (+0) +0.455263158<x32>[B] (+0) +0.455263158<x33>[B] (+0) +0.455263158<x34>[B] (+0) +0.455263158<x35>[B] (+0) +0.455263158<x36>[B] (+0) +0.455263158<x37>[B] (+0) -0.455263158<x38>[B] (+0) +0.455263158<x39>[B] (+0) -0.455263158<x40>[B] (+0) -0.455263158<x41>[B] (+0) -0.455263158<x42>[B] (+0) +0.455263158<x43>[B] (+0) -0.455263158<x44>[B] (+0) +0.455263158<x45>[B] (+0) +0.455263158<x46>[B] (+0) +0.455263158<x47>[B] (+0) +0.455263158<x48>[B] (+0) +0.455263158<x49>[B] (+0) -0.455263158<x50>[B] (+0) +0.455263158<x51>[B] (+0) +0.455263158<x52>[B] (+0) +0.455263158<x53>[B] (+0) -0.455263158<x54>[B] (+0) +0.455263158<x55>[B] (+0) -0.455263158<x56>[B] (+0) -0.455263158<x57>[B] (+0) -0.455263158<x58>[B] (+0) +0.455263158<x59>[B] (+0) +0.455263158<x60>[B] (+0) +0.455263158<x61>[B] (+0) +0.455263158<x62>[B] (+0) +0.455263158<x63>[B] (+0) +0.455263158<x64>[B] (+0) +0.455263158<x65>[B] (+0) -0.455263158<x66>[B] (+0) +0.455263158<x67>[B] (+0) +0.455263158<x68>[B] (+0) +0.455263158<x69>[B] (+0) -0.455263158<x70>[B] (+0) -0.455263158<x71>[B] (+0) -0.455263158<x72>[B] (+0) -0.455263158<x73>[B] (+0) -0.455263158<x74>[B] (+0) -0.455263158<x75>[B] (+0) -0.455263158<x76>[B] (+0) -0.455263158<x77>[B] (+0) -0.455263158<x78>[B] (+0) -0.455263158<x79>[B] (+0) -0.455263158<x80>[B] (+0) -0.455263158<x81>[B] (+0) +0.455263158<x82>[B] (+0) -0.455263158<x83>[B] (+0) -0.455263158<x84>[B] (+0) -0.455263158<x85>[B] (+0) -0.455263158<x86>[B] (+0) +0.455263158<x87>[B] (+0) +0.455263158<x88>[B] (+0) +0.455263158<x89>[B] (+0) +0.455263158<x90>[B] (+0) +0.455263158<x91>[B] (+0) +0.455263158<x92>[B] (+0) +0.455263158<x93>[B] (+0) +0.455263158<x94>[B] (+0) +0.455263158<x95>[B] (+0) +0.455263158<x96>[B] (+0) +0.455263158<x97>[B] (+0) +0.455263158<x98>[B] (+0) +0.455263158<x99>[B] (+0) +0.455263158<x100>[B] (+0) +0.455263158<x101>[B] (+0) +0.455263158<x102>[B] (+0) +0.455263158<x103>[B] (+0) +0.455263158<x104>[B] (+0) +0.455263158<x105>[B] (+0) +0.455263158<x106>[B] (+0) +0.455263158<x107>[B] (+0) +0.455263158<x108>[B] (+0) +0.455263158<x109>[B] (+0) +0.455263158<x110>[B] (+0) +0.455263158<x111>[B] (+0) +0.455263158<x112>[B] (+0) +0.455263158<x113>[B] (+0) +0.455263158<x114>[B] (+0) +0.455263158<x115>[B] (+0) +0.455263158<x116>[B] (+0) +0.455263158<x117>[B] (+0) +0.455263158<x118>[B] (+0) +0.455263158<x119>[B] (+0) -0.455263158<x120>[B] (+0) +0.455263158<x121>[B] (+0) +0.455263158<x122>[B] (+0) +0.455263158<x123>[B] (+0) -0.455263158<x124>[B] (+0) -0.455263158<x125>[B] (+0) -0.455263158<x126>[B] (+0) -0.455263158<x127>[B] (+0) -0.455263158<x128>[B] (+0) +0.455263158<x129>[B] (+0) +0.455263158<x130>[B] (+0) -0.455263158<x131>[B] (+0) +0.455263158<x132>[B] (+0) +0.455263158<x133>[B] (+0) -0.455263158<x134>[B] (+0) -0.455263158<x135>[B] (+0) +0.455263158<x136>[B] (+0) +0.455263158<x137>[B] (+0) +0.455263158<x138>[B] (+0) +0.455263158<x139>[B] (+0) +0.455263158<x140>[B] (+0) -0.455263158<x141>[B] (+0) +0.455263158<x142>[B] (+0) +0.455263158<x143>[B] (+0) +0.455263158<x144>[B] (+0) -0.455263158<x145>[B] (+0) -0.455263158<x146>[B] (+0) +0.455263158<x147>[B] (+0) +0.455263158<x148>[B] (+0) +0.455263158<x149>[B] (+0) -0.455263158<x150>[B] (+0) +0.455263158<x151>[B] (+0) +0.455263158<x152>[B] (+0) -0.455263158<x153>[B] (+0) -0.455263158<x154>[B] (+0) +0.455263158<x155>[B] (+0) +0.455263158<x156>[B] (+0) +0.455263158<x157>[B] (+0) -0.455263158<x158>[B] (+0) +0.455263158<x159>[B] (+0) +0.455263158<x160>[B] (+0) +0.455263158<x161>[B] (+0) -0.455263158<x162>[B] (+0) +0.455263158<x163>[B] (+0) +0.455263158<x164>[B] (+0) -0.455263158<x165>[B] (+0) +0.455263158<x166>[B] (+0) +0.455263158<x167>[B] (+0) -0.455263158<x168>[B] (+0) -0.455263158<x169>[B] (+0) -0.455263158<x170>[B] (+0) -0.455263158<x171>[B] (+0) +0.455263158<x172>[B] (+0) -0.455263158<x173>[B] (+0) -0.455263158<x174>[B] (+0) -0.455263158<x175>[B] (+0) -0.455263158<x176>[B] (+0) +0.455263158<x177>[B] (+0) +0.455263158<x178>[B] (+0) -0.455263158<x179>[B] (+0) -0.455263158<x180>[B] (+0) +0.455263158<x181>[B] (+0) +0.455263158<x182>[B] (+0) +0.455263158<x183>[B] (+0) -0.455263158<x184>[B] (+0) -0.455263158<x185>[B] (+0) -0.455263158<x186>[B] (+0) -0.455263158<x187>[B] (+0) -0.455263158<x188>[B] (+0) -0.455263158<x189>[B] (+0) -0.455263158<x190>[B] (+0) >= 31.7552631578947;
;
violation: left hand side is violated by 31.7552631578947
  [linear] <c2281>: <x191>[C] (+0) -0.455263158<x1>[B] (+1) -0.455263158<x2>[B] (+1) -0.455263158<x3>[B] (+1) +0.455263158<x4>[B] (+1) -0.455263158<x5>[B] (+1) -0.455263158<x6>[B] (+1) -0.455263158<x7>[B] (+1) +0.455263158<x8>[B] (+1) -0.455263158<x9>[B] (+1) -0.455263158<x10>[B] (+1) -0.455263158<x11>[B] (+1) -0.455263158<x12>[B] (+1) +0.455263158<x13>[B] (+1) +0.455263158<x14>[B] (+1) -0.455263158<x15>[B] (+1) +0.455263158<x16>[B] (+1) +0.455263158<x17>[B] (+1) -0.455263158<x18>[B] (+1) -0.455263158<x19>[B] (+1) +0.455263158<x20>[B] (+1) +0.455263158<x21>[B] (+1) +0.455263158<x22>[B] (+1) -0.455263158<x23>[B] (+1) -0.455263158<x24>[B] (+1) +0.455263158<x25>[B] (+1) +0.455263158<x26>[B] (+1) +0.455263158<x27>[B] (+1) +0.455263158<x28>[B] (+1) +0.455263158<x29>[B] (+1) +0.455263158<x30>[B] (+1) +0.455263158<x31>[B] (+1) +0.455263158<x32>[B] (+1) +0.455263158<x33>[B] (+1) +0.455263158<x34>[B] (+1) +0.455263158<x35>[B] (+1) +0.455263158<x36>[B] (+1) +0.455263158<x37>[B] (+1) -0.455263158<x38>[B] (+1) +0.455263158<x39>[B] (+1) -0.455263158<x40>[B] (+1) -0.455263158<x41>[B] (+1) -0.455263158<x42>[B] (+1) +0.455263158<x43>[B] (+1) -0.455263158<x44>[B] (+1) +0.455263158<x45>[B] (+1) +0.455263158<x46>[B] (+1) +0.455263158<x47>[B] (+1) +0.455263158<x48>[B] (+1) +0.455263158<x49>[B] (+1) -0.455263158<x50>[B] (+1) +0.455263158<x51>[B] (+1) +0.455263158<x52>[B] (+1) +0.455263158<x53>[B] (+1) -0.455263158<x54>[B] (+1) +0.455263158<x55>[B] (+1) -0.455263158<x56>[B] (+1) -0.455263158<x57>[B] (+1) -0.455263158<x58>[B] (+1) +0.455263158<x59>[B] (+1) +0.455263158<x60>[B] (+1) +0.455263158<x61>[B] (+1) +0.455263158<x62>[B] (+1) +0.455263158<x63>[B] (+1) +0.455263158<x64>[B] (+1) +0.455263158<x65>[B] (+1) -0.455263158<x66>[B] (+1) +0.455263158<x67>[B] (+1) +0.455263158<x68>[B] (+1) +0.455263158<x69>[B] (+1) -0.455263158<x70>[B] (+1) -0.455263158<x71>[B] (+1) -0.455263158<x72>[B] (+1) -0.455263158<x73>[B] (+1) -0.455263158<x74>[B] (+1) -0.455263158<x75>[B] (+1) -0.455263158<x76>[B] (+1) -0.455263158<x77>[B] (+1) -0.455263158<x78>[B] (+1) -0.455263158<x79>[B] (+1) -0.455263158<x80>[B] (+1) -0.455263158<x81>[B] (+1) +0.455263158<x82>[B] (+1) -0.455263158<x83>[B] (+1) -0.455263158<x84>[B] (+1) -0.455263158<x85>[B] (+1) -0.455263158<x86>[B] (+1) +0.455263158<x87>[B] (+1) +0.455263158<x88>[B] (+1) +0.455263158<x89>[B] (+1) +0.455263158<x90>[B] (+1) +0.455263158<x91>[B] (+1) +0.455263158<x92>[B] (+1) +0.455263158<x93>[B] (+1) +0.455263158<x94>[B] (+1) +0.455263158<x95>[B] (+1) +0.455263158<x96>[B] (+1) +0.455263158<x97>[B] (+1) +0.455263158<x98>[B] (+1) +0.455263158<x99>[B] (+1) +0.455263158<x100>[B] (+1) +0.455263158<x101>[B] (+1) +0.455263158<x102>[B] (+1) +0.455263158<x103>[B] (+1) +0.455263158<x104>[B] (+1) +0.455263158<x105>[B] (+1) +0.455263158<x106>[B] (+1) +0.455263158<x107>[B] (+1) +0.455263158<x108>[B] (+1) +0.455263158<x109>[B] (+1) +0.455263158<x110>[B] (+1) +0.455263158<x111>[B] (+1) +0.455263158<x112>[B] (+1) +0.455263158<x113>[B] (+1) +0.455263158<x114>[B] (+1) +0.455263158<x115>[B] (+1) +0.455263158<x116>[B] (+1) +0.455263158<x117>[B] (+1) +0.455263158<x118>[B] (+1) +0.455263158<x119>[B] (+1) -0.455263158<x120>[B] (+1) +0.455263158<x121>[B] (+1) +0.455263158<x122>[B] (+1) +0.455263158<x123>[B] (+1) -0.455263158<x124>[B] (+1) -0.455263158<x125>[B] (+1) -0.455263158<x126>[B] (+1) -0.455263158<x127>[B] (+1) -0.455263158<x128>[B] (+1) +0.455263158<x129>[B] (+1) +0.455263158<x130>[B] (+1) -0.455263158<x131>[B] (+1) +0.455263158<x132>[B] (+1) +0.455263158<x133>[B] (+1) -0.455263158<x134>[B] (+1) -0.455263158<x135>[B] (+1) +0.455263158<x136>[B] (+1) +0.455263158<x137>[B] (+1) +0.455263158<x138>[B] (+1) +0.455263158<x139>[B] (+1) +0.455263158<x140>[B] (+1) -0.455263158<x141>[B] (+1) +0.455263158<x142>[B] (+1) +0.455263158<x143>[B] (+1) +0.455263158<x144>[B] (+1) -0.455263158<x145>[B] (+1) -0.455263158<x146>[B] (+1) +0.455263158<x147>[B] (+1) +0.455263158<x148>[B] (+1) +0.455263158<x149>[B] (+1) -0.455263158<x150>[B] (+1) +0.455263158<x151>[B] (+1) +0.455263158<x152>[B] (+1) -0.455263158<x153>[B] (+1) -0.455263158<x154>[B] (+1) +0.455263158<x155>[B] (+1) +0.455263158<x156>[B] (+1) +0.455263158<x157>[B] (+1) -0.455263158<x158>[B] (+1) +0.455263158<x159>[B] (+1) +0.455263158<x160>[B] (+1) +0.455263158<x161>[B] (+1) -0.455263158<x162>[B] (+1) +0.455263158<x163>[B] (+1) +0.455263158<x164>[B] (+1) -0.455263158<x165>[B] (+1) +0.455263158<x166>[B] (+1) +0.455263158<x167>[B] (+1) -0.455263158<x168>[B] (+1) -0.455263158<x169>[B] (+1) -0.455263158<x170>[B] (+1) -0.455263158<x171>[B] (+1) +0.455263158<x172>[B] (+1) -0.455263158<x173>[B] (+1) -0.455263158<x174>[B] (+1) -0.455263158<x175>[B] (+1) -0.455263158<x176>[B] (+1) +0.455263158<x177>[B] (+1) +0.455263158<x178>[B] (+1) -0.455263158<x179>[B] (+1) -0.455263158<x180>[B] (+1) +0.455263158<x181>[B] (+1) +0.455263158<x182>[B] (+1) +0.455263158<x183>[B] (+1) -0.455263158<x184>[B] (+1) -0.455263158<x185>[B] (+1) -0.455263158<x186>[B] (+1) -0.455263158<x187>[B] (+1) -0.455263158<x188>[B] (+1) -0.455263158<x189>[B] (+1) -0.455263158<x190>[B] (+1) >= 31.7552631578947;
;
violation: left hand side is violated by 15.3657894736842
1/5 feasible solution given by solution candidate storage, new primal bound -6.000232e+06

presolving:
   (0.0s) symmetry computation started: requiring (bin +, int +, cont +), (fixed: bin -, int -, cont -)
   (0.0s) no symmetry present (symcode time: 0.00)
presolving (0 rounds: 0 fast, 0 medium, 0 exhaustive):
 0 deleted vars, 0 deleted constraints, 0 added constraints, 0 tightened bounds, 0 added holes, 0 changed sides, 0 changed coefficients
 0 implications, 0 cliques, 0 implied integral variables (0 bin, 0 int, 0 cont)
presolved problem has 250 variables (190 bin, 0 int, 60 cont) and 2340 constraints
   2340 constraints of type <linear>
Presolving Time: 0.01
transformed 1/1 original solutions to the transformed problem space

 time | node  | left  |LP iter|LP it/n|mem/heur|mdpt |vars |cons |rows |cuts |sepa|confs|strbr|  dualbound   | primalbound  |  gap   | compl. 
p 0.0s|     1 |     0 |    23 |     - |   locks|   0 | 250 |2340 |2340 |   0 |  0 |   0 |   0 | 4.320000e+02 |-1.606521e+03 |    Inf | unknown
* 0.0s|     1 |     0 |   490 |     - |    LP  |   0 | 250 |2340 |2340 |   0 |  0 |   0 |   0 |-1.319321e+03 |-1.319321e+03 |   0.00%| unknown
  0.0s|     1 |     0 |   490 |     - |    15M |   0 | 250 |2340 |2340 |   0 |  0 |   0 |   0 |-1.319321e+03 |-1.319321e+03 |   0.00%| unknown

SCIP Status        : problem is solved [optimal solution found]
Solving Time (sec) : 0.04
Solving Nodes      : 1
Primal Bound       : -1.31932105263158e+03 (4 solutions)
Dual Bound         : -1.31932105263158e+03
Gap                : 0.00 %
  [linear] <c2341>: <x191>[C] (+34.0315789) -0.618421053<x1>[B] (+1) -0.618421053<x2>[B] (+1) -0.618421053<x3>[B] (+0) +0.618421053<x4>[B] (+0) -0.618421053<x5>[B] (+0) -0.618421053<x6>[B] (+1) -0.618421053<x7>[B] (+1) +0.618421053<x8>[B] (+1) -0.618421053<x9>[B] (+0) -0.618421053<x10>[B] (+0) -0.618421053<x11>[B] (+1) -0.618421053<x12>[B] (+1) +0.618421053<x13>[B] (+0) +0.618421053<x14>[B] (+0) -0.618421053<x15>[B] (+1) +0.618421053<x16>[B] (+0) +0.618421053<x17>[B] (+0) -0.618421053<x18>[B] (+0) -0.618421053<x19>[B] (+0) +0.618421053<x20>[B] (+1) +0.618421053<x21>[B] (+0) +0.618421053<x22>[B] (+0) -0.618421053<x23>[B] (+0) -0.618421053<x24>[B] (+1) +0.618421053<x25>[B] (+0) +0.618421053<x26>[B] (+0) +0.618421053<x27>[B] (+0) +0.618421053<x28>[B] (+0) +0.618421053<x29>[B] (+0) +0.618421053<x30>[B] (+1) +0.618421053<x31>[B] (+0) +0.618421053<x32>[B] (+0) +0.618421053<x33>[B] (+0) +0.618421053<x34>[B] (+0) +0.618421053<x35>[B] (+0) +0.618421053<x36>[B] (+0) +0.618421053<x37>[B] (+0) -0.618421053<x38>[B] (+0) +0.618421053<x39>[B] (+0) -0.618421053<x40>[B] (+0) -0.618421053<x41>[B] (+0) -0.618421053<x42>[B] (+0) +0.618421053<x43>[B] (+0) -0.618421053<x44>[B] (+0) +0.618421053<x45>[B] (+0) +0.618421053<x46>[B] (+0) +0.618421053<x47>[B] (+0) +0.618421053<x48>[B] (+0) +0.618421053<x49>[B] (+0) -0.618421053<x50>[B] (+0) +0.618421053<x51>[B] (+0) +0.618421053<x52>[B] (+0) +0.618421053<x53>[B] (+0) -0.618421053<x54>[B] (+0) +0.618421053<x55>[B] (+0) -0.618421053<x56>[B] (+0) -0.618421053<x57>[B] (+1) -0.618421053<x58>[B] (+1) +0.618421053<x59>[B] (+1) +0.618421053<x60>[B] (+0) +0.618421053<x61>[B] (+0) +0.618421053<x62>[B] (+1) +0.618421053<x63>[B] (+1) +0.618421053<x64>[B] (+0) +0.618421053<x65>[B] (+0) -0.618421053<x66>[B] (+1) +0.618421053<x67>[B] (+0) +0.618421053<x68>[B] (+0) +0.618421053<x69>[B] (+0) -0.618421053<x70>[B] (+1) -0.618421053<x71>[B] (+0) -0.618421053<x72>[B] (+1) -0.618421053<x73>[B] (+1) -0.618421053<x74>[B] (+1) -0.618421053<x75>[B] (+1) -0.618421053<x76>[B] (+1) -0.618421053<x77>[B] (+1) -0.618421053<x78>[B] (+1) -0.618421053<x79>[B] (+1) -0.618421053<x80>[B] (+1) -0.618421053<x81>[B] (+1) +0.618421053<x82>[B] (+1) -0.618421053<x83>[B] (+0) -0.618421053<x84>[B] (+1) -0.618421053<x85>[B] (+1) -0.618421053<x86>[B] (+1) +0.618421053<x87>[B] (+1) +0.618421053<x88>[B] (+1) +0.618421053<x89>[B] (+1) +0.618421053<x90>[B] (+1) +0.618421053<x91>[B] (+1) +0.618421053<x92>[B] (+1) +0.618421053<x93>[B] (+1) +0.618421053<x94>[B] (+1) +0.618421053<x95>[B] (+1) +0.618421053<x96>[B] (+1) +0.618421053<x97>[B] (+1) +0.618421053<x98>[B] (+1) +0.618421053<x99>[B] (+1) +0.618421053<x100>[B] (+0) +0.618421053<x101>[B] (+0) +0.618421053<x102>[B] (+0) +0.618421053<x103>[B] (+0) +0.618421053<x104>[B] (+0) +0.618421053<x105>[B] (+1) +0.618421053<x106>[B] (+0) +0.618421053<x107>[B] (+0) +0.618421053<x108>[B] (+0) +0.618421053<x109>[B] (+0) +0.618421053<x110>[B] (+0) +0.618421053<x111>[B] (+0) +0.618421053<x112>[B] (+0) +0.618421053<x113>[B] (+1) +0.618421053<x114>[B] (+0) +0.618421053<x115>[B] (+0) +0.618421053<x116>[B] (+0) +0.618421053<x117>[B] (+1) +0.618421053<x118>[B] (+0) +0.618421053<x119>[B] (+0) -0.618421053<x120>[B] (+0) +0.618421053<x121>[B] (+0) +0.618421053<x122>[B] (+0) +0.618421053<x123>[B] (+0) -0.618421053<x124>[B] (+0) -0.618421053<x125>[B] (+0) -0.618421053<x126>[B] (+0) -0.618421053<x127>[B] (+0) -0.618421053<x128>[B] (+1) +0.618421053<x129>[B] (+0) +0.618421053<x130>[B] (+0) -0.618421053<x131>[B] (+0) +0.618421053<x132>[B] (+0) +0.618421053<x133>[B] (+0) -0.618421053<x134>[B] (+0) -0.618421053<x135>[B] (+0) +0.618421053<x136>[B] (+1) +0.618421053<x137>[B] (+1) +0.618421053<x138>[B] (+1) +0.618421053<x139>[B] (+1) +0.618421053<x140>[B] (+1) -0.618421053<x141>[B] (+1) +0.618421053<x142>[B] (+1) +0.618421053<x143>[B] (+0) +0.618421053<x144>[B] (+1) -0.618421053<x145>[B] (+1) -0.618421053<x146>[B] (+1) +0.618421053<x147>[B] (+1) +0.618421053<x148>[B] (+1) +0.618421053<x149>[B] (+1) -0.618421053<x150>[B] (+1) +0.618421053<x151>[B] (+1) +0.618421053<x152>[B] (+0) -0.618421053<x153>[B] (+1) -0.618421053<x154>[B] (+1) +0.618421053<x155>[B] (+1) +0.618421053<x156>[B] (+0) +0.618421053<x157>[B] (+0) -0.618421053<x158>[B] (+0) +0.618421053<x159>[B] (+0) +0.618421053<x160>[B] (+0) +0.618421053<x161>[B] (+0) -0.618421053<x162>[B] (+0) +0.618421053<x163>[B] (+0) +0.618421053<x164>[B] (+0) -0.618421053<x165>[B] (+0) +0.618421053<x166>[B] (+0) +0.618421053<x167>[B] (+0) -0.618421053<x168>[B] (+0) -0.618421053<x169>[B] (+0) -0.618421053<x170>[B] (+1) -0.618421053<x171>[B] (+1) +0.618421053<x172>[B] (+1) -0.618421053<x173>[B] (+0) -0.618421053<x174>[B] (+0) -0.618421053<x175>[B] (+1) -0.618421053<x176>[B] (+1) +0.618421053<x177>[B] (+0) +0.618421053<x178>[B] (+0) -0.618421053<x179>[B] (+0) -0.618421053<x180>[B] (+1) +0.618421053<x181>[B] (+0) +0.618421053<x182>[B] (+0) +0.618421053<x183>[B] (+0) -0.618421053<x184>[B] (+0) -0.618421053<x185>[B] (+0) -0.618421053<x186>[B] (+0) -0.618421053<x187>[B] (+1) -0.618421053<x188>[B] (+1) -0.618421053<x189>[B] (+1) -0.618421053<x190>[B] (+1) >= 33.55;
;
violation: left hand side is violated by 2.6105263157895
  [linear] <c2343>: <x193>[C] (+0.760526316) +0.560526316<x1>[B] (+1) +0.560526316<x2>[B] (+1) +0.560526316<x3>[B] (+0) +0.560526316<x4>[B] (+1) +0.560526316<x5>[B] (+1) -0.560526316<x6>[B] (+0) +0.560526316<x7>[B] (+1) +0.560526316<x8>[B] (+1) +0.560526316<x9>[B] (+1) +0.560526316<x10>[B] (+1) +0.560526316<x11>[B] (+0) +0.560526316<x12>[B] (+1) +0.560526316<x13>[B] (+1) +0.560526316<x14>[B] (+1) +0.560526316<x15>[B] (+1) -0.560526316<x16>[B] (+1) +0.560526316<x17>[B] (+1) +0.560526316<x18>[B] (+1) +0.560526316<x19>[B] (+1) +0.560526316<x20>[B] (+0) +0.560526316<x21>[B] (+0) +0.560526316<x22>[B] (+1) +0.560526316<x23>[B] (+1) -0.560526316<x24>[B] (+0) +0.560526316<x25>[B] (+0) -0.560526316<x26>[B] (+0) +0.560526316<x27>[B] (+0) +0.560526316<x28>[B] (+1) +0.560526316<x29>[B] (+0) +0.560526316<x30>[B] (+0) -0.560526316<x31>[B] (+0) -0.560526316<x32>[B] (+0) +0.560526316<x33>[B] (+1) -0.560526316<x34>[B] (+0) +0.560526316<x35>[B] (+1) +0.560526316<x36>[B] (+0) +0.560526316<x37>[B] (+1) -0.560526316<x38>[B] (+0) +0.560526316<x39>[B] (+1) +0.560526316<x40>[B] (+1) -0.560526316<x41>[B] (+0) +0.560526316<x42>[B] (+1) -0.560526316<x43>[B] (+1) -0.560526316<x44>[B] (+1) -0.560526316<x45>[B] (+1) -0.560526316<x46>[B] (+0) +0.560526316<x47>[B] (+0) -0.560526316<x48>[B] (+0) -0.560526316<x49>[B] (+0) +0.560526316<x50>[B] (+1) -0.560526316<x51>[B] (+1) +0.560526316<x52>[B] (+1) +0.560526316<x53>[B] (+1) +0.560526316<x54>[B] (+1) +0.560526316<x55>[B] (+1) +0.560526316<x56>[B] (+1) -0.560526316<x57>[B] (+1) +0.560526316<x58>[B] (+1) -0.560526316<x59>[B] (+1) -0.560526316<x60>[B] (+1) -0.560526316<x61>[B] (+1) -0.560526316<x62>[B] (+1) +0.560526316<x63>[B] (+1) -0.560526316<x64>[B] (+1) -0.560526316<x65>[B] (+1) +0.560526316<x66>[B] (+1) -0.560526316<x67>[B] (+1) +0.560526316<x68>[B] (+1) +0.560526316<x69>[B] (+1) +0.560526316<x70>[B] (+1) -0.560526316<x71>[B] (+1) -0.560526316<x72>[B] (+0) +0.560526316<x73>[B] (+0) -0.560526316<x74>[B] (+0) -0.560526316<x75>[B] (+0) -0.560526316<x76>[B] (+1) -0.560526316<x77>[B] (+0) +0.560526316<x78>[B] (+0) -0.560526316<x79>[B] (+0) -0.560526316<x80>[B] (+0) +0.560526316<x81>[B] (+1) -0.560526316<x82>[B] (+0) +0.560526316<x83>[B] (+1) +0.560526316<x84>[B] (+0) +0.560526316<x85>[B] (+1) -0.560526316<x86>[B] (+0) +0.560526316<x87>[B] (+0) -0.560526316<x88>[B] (+0) -0.560526316<x89>[B] (+0) -0.560526316<x90>[B] (+0) -0.560526316<x91>[B] (+0) +0.560526316<x92>[B] (+0) -0.560526316<x93>[B] (+0) -0.560526316<x94>[B] (+0) +0.560526316<x95>[B] (+0) -0.560526316<x96>[B] (+0) +0.560526316<x97>[B] (+0) +0.560526316<x98>[B] (+0) +0.560526316<x99>[B] (+1) +0.560526316<x100>[B] (+1) +0.560526316<x101>[B] (+1) +0.560526316<x102>[B] (+1) +0.560526316<x103>[B] (+1) +0.560526316<x104>[B] (+1) +0.560526316<x105>[B] (+1) +0.560526316<x106>[B] (+1) +0.560526316<x107>[B] (+1) +0.560526316<x108>[B] (+1) +0.560526316<x109>[B] (+1) +0.560526316<x110>[B] (+1) +0.560526316<x111>[B] (+1) +0.560526316<x112>[B] (+1) -0.560526316<x113>[B] (+0) -0.560526316<x114>[B] (+0) -0.560526316<x115>[B] (+1) -0.560526316<x116>[B] (+0) +0.560526316<x117>[B] (+0) -0.560526316<x118>[B] (+0) -0.560526316<x119>[B] (+0) +0.560526316<x120>[B] (+1) -0.560526316<x121>[B] (+0) +0.560526316<x122>[B] (+1) +0.560526316<x123>[B] (+1) +0.560526316<x124>[B] (+1) +0.560526316<x125>[B] (+0) +0.560526316<x126>[B] (+1) +0.560526316<x127>[B] (+0) +0.560526316<x128>[B] (+0) +0.560526316<x129>[B] (+0) +0.560526316<x130>[B] (+0) +0.560526316<x131>[B] (+1) -0.560526316<x132>[B] (+1) +0.560526316<x133>[B] (+1) +0.560526316<x134>[B] (+1) +0.560526316<x135>[B] (+1) -0.560526316<x136>[B] (+1) +0.560526316<x137>[B] (+0) +0.560526316<x138>[B] (+0) -0.560526316<x139>[B] (+0) -0.560526316<x140>[B] (+0) +0.560526316<x141>[B] (+1) -0.560526316<x142>[B] (+1) +0.560526316<x143>[B] (+1) +0.560526316<x144>[B] (+1) +0.560526316<x145>[B] (+1) +0.560526316<x146>[B] (+0) +0.560526316<x147>[B] (+0) -0.560526316<x148>[B] (+0) -0.560526316<x149>[B] (+0) +0.560526316<x150>[B] (+0) -0.560526316<x151>[B] (+0) +0.560526316<x152>[B] (+1) +0.560526316<x153>[B] (+0) +0.560526316<x154>[B] (+1) +0.560526316<x155>[B] (+1) -0.560526316<x156>[B] (+1) -0.560526316<x157>[B] (+1) +0.560526316<x158>[B] (+1) -0.560526316<x159>[B] (+1) +0.560526316<x160>[B] (+1) +0.560526316<x161>[B] (+1) +0.560526316<x162>[B] (+1) -0.560526316<x163>[B] (+0) -0.560526316<x164>[B] (+1) +0.560526316<x165>[B] (+1) -0.560526316<x166>[B] (+1) +0.560526316<x167>[B] (+1) +0.560526316<x168>[B] (+1) +0.560526316<x169>[B] (+1) -0.560526316<x170>[B] (+1) +0.560526316<x171>[B] (+1) -0.560526316<x172>[B] (+1) +0.560526316<x173>[B] (+1) +0.560526316<x174>[B] (+1) +0.560526316<x175>[B] (+1) +0.560526316<x176>[B] (+1) -0.560526316<x177>[B] (+1) +0.560526316<x178>[B] (+1) +0.560526316<x179>[B] (+1) +0.560526316<x180>[B] (+1) -0.560526316<x181>[B] (+0) -0.560526316<x182>[B] (+1) -0.560526316<x183>[B] (+0) -0.560526316<x184>[B] (+1) +0.560526316<x185>[B] (+1) +0.560526316<x186>[B] (+1) +0.560526316<x187>[B] (+1) -0.560526316<x188>[B] (+0) +0.560526316<x189>[B] (+1) +0.560526316<x190>[B] (+1) >= 37.4157894736842;
;
violation: left hand side is violated by 2.46315789473682
2/4 feasible solutions given by solution candidate storage, new primal bound -6.000232e+06

presolving:
   (0.0s) symmetry computation started: requiring (bin +, int +, cont +), (fixed: bin -, int -, cont -)
   (0.0s) no symmetry present (symcode time: 0.00)
presolving (0 rounds: 0 fast, 0 medium, 0 exhaustive):
 0 deleted vars, 0 deleted constraints, 0 added constraints, 0 tightened bounds, 0 added holes, 0 changed sides, 0 changed coefficients
 0 implications, 0 cliques, 0 implied integral variables (0 bin, 0 int, 0 cont)
presolved problem has 250 variables (190 bin, 0 int, 60 cont) and 2396 constraints
   2396 constraints of type <linear>
Presolving Time: 0.01
transformed 2/2 original solutions to the transformed problem space

 time | node  | left  |LP iter|LP it/n|mem/heur|mdpt |vars |cons |rows |cuts |sepa|confs|strbr|  dualbound   | primalbound  |  gap   | compl. 
p 0.0s|     1 |     0 |    27 |     - |   locks|   0 | 250 |2396 |2396 |   0 |  0 |   0 |   0 | 4.320000e+02 |-1.691561e+03 |    Inf | unknown
  0.1s|     1 |     0 |   745 |     - |    21M |   0 | 250 |2396 |2396 |   0 |  0 |   0 |   0 |-1.335321e+03 |-1.691561e+03 |  26.68%| unknown
r 0.1s|     1 |     0 |   745 |     - |shifting|   0 | 250 |2396 |2396 |   0 |  0 |   0 |   0 |-1.335321e+03 |-1.460031e+03 |   9.34%| unknown
  0.3s|     1 |     0 |   769 |     - |    27M |   0 | 250 |2396 |2397 |   1 |  1 |   0 |   0 |-1.335431e+03 |-1.460031e+03 |   9.33%| unknown
  0.3s|     1 |     0 |   769 |     - |    27M |   0 | 250 |2396 |2397 |   1 |  1 |   0 |   0 |-1.335431e+03 |-1.460031e+03 |   9.33%| unknown
  0.5s|     1 |     0 |   817 |     - |    29M |   0 | 250 |2396 |2398 |   2 |  2 |   0 |   0 |-1.335591e+03 |-1.460031e+03 |   9.32%| unknown
r 0.5s|     1 |     0 |   817 |     - |shifting|   0 | 250 |2396 |2398 |   2 |  2 |   0 |   0 |-1.335591e+03 |-1.444456e+03 |   8.15%| unknown
  0.7s|     1 |     0 |   841 |     - |    32M |   0 | 250 |2396 |2399 |   3 |  3 |   0 |   0 |-1.335642e+03 |-1.444456e+03 |   8.15%| unknown
  0.9s|     1 |     0 |   871 |     - |    35M |   0 | 250 |2396 |2400 |   4 |  4 |   0 |   0 |-1.335715e+03 |-1.444456e+03 |   8.14%| unknown
  1.0s|     1 |     0 |   905 |     - |    38M |   0 | 250 |2396 |2401 |   5 |  5 |   0 |   0 |-1.335751e+03 |-1.444456e+03 |   8.14%| unknown
  1.3s|     1 |     0 |   925 |     - |    38M |   0 | 250 |2396 |2403 |   7 |  6 |   0 |   0 |-1.335766e+03 |-1.444456e+03 |   8.14%| unknown
  1.5s|     1 |     0 |   954 |     - |    39M |   0 | 250 |2396 |2405 |   9 |  7 |   0 |   0 |-1.335777e+03 |-1.444456e+03 |   8.14%| unknown
  1.7s|     1 |     0 |   976 |     - |    42M |   0 | 250 |2396 |2406 |  10 |  8 |   0 |   0 |-1.335789e+03 |-1.444456e+03 |   8.14%| unknown
  1.8s|     1 |     0 |   989 |     - |    44M |   0 | 250 |2396 |2407 |  11 |  9 |   0 |   0 |-1.335791e+03 |-1.444456e+03 |   8.13%| unknown
r 1.8s|     1 |     0 |   989 |     - |shifting|   0 | 250 |2396 |2407 |  11 |  9 |   0 |   0 |-1.335791e+03 |-1.441700e+03 |   7.93%| unknown
 time | node  | left  |LP iter|LP it/n|mem/heur|mdpt |vars |cons |rows |cuts |sepa|confs|strbr|  dualbound   | primalbound  |  gap   | compl. 
  2.0s|     1 |     0 |  1023 |     - |    49M |   0 | 250 |2396 |2408 |  12 | 10 |   0 |   0 |-1.335801e+03 |-1.441700e+03 |   7.93%| unknown
  2.0s|     1 |     0 |  1053 |     - |    49M |   0 | 250 |2396 |2409 |  13 | 11 |   0 |   0 |-1.335804e+03 |-1.441700e+03 |   7.93%| unknown
r 2.0s|     1 |     0 |  1053 |     - |shifting|   0 | 250 |2396 |2409 |  13 | 11 |   0 |   0 |-1.335804e+03 |-1.439780e+03 |   7.78%| unknown
  2.1s|     1 |     0 |  1059 |     - |    49M |   0 | 250 |2396 |2411 |  15 | 12 |   0 |   0 |-1.335805e+03 |-1.439780e+03 |   7.78%| unknown
r 2.1s|     1 |     0 |  1154 |     - |intshift|   0 | 250 |2396 |2411 |  15 | 12 |   0 |   0 |-1.335805e+03 |-1.375142e+03 |   2.94%| unknown
d 2.1s|     1 |     0 |  1453 |     - |farkasdi|   0 | 250 |2396 |2411 |   0 | 12 |   0 |   0 |-1.335805e+03 |-1.339984e+03 |   0.31%| unknown
L 2.2s|     1 |     0 |  1453 |     - |    rens|   0 | 250 |2396 |2411 |  15 | 12 |   0 |   0 |-1.335805e+03 |-1.337905e+03 |   0.16%| unknown
  2.2s|     1 |     0 |  1453 |     - |    49M |   0 | 250 |2396 |2411 |  15 | 12 |   0 |   0 |-1.335805e+03 |-1.337905e+03 |   0.16%| unknown
  2.2s|     1 |     0 |  1453 |     - |    49M |   0 | 250 |2396 |1451 |  15 | 12 |   0 |   0 |-1.335805e+03 |-1.337905e+03 |   0.16%| unknown
  2.2s|     1 |     0 |  1460 |     - |    49M |   0 | 250 |2396 |1452 |  16 | 13 |   0 |   0 |-1.335807e+03 |-1.337905e+03 |   0.16%| unknown
  2.2s|     1 |     0 |  1484 |     - |    50M |   0 | 250 |2397 |1453 |  17 | 14 |   1 |   0 |-1.335810e+03 |-1.337905e+03 |   0.16%| unknown
  2.2s|     1 |     0 |  1484 |     - |    50M |   0 | 250 |1315 |1453 |  17 | 14 |   1 |   0 |-1.335810e+03 |-1.337905e+03 |   0.16%| unknown
  2.3s|     1 |     0 |  1489 |     - |    50M |   0 | 250 |1315 |1454 |  18 | 15 |   1 |   0 |-1.335810e+03 |-1.337905e+03 |   0.16%| unknown
  2.3s|     1 |     0 |  1513 |     - |    50M |   0 | 250 |1316 |1455 |  19 | 16 |   2 |   0 |-1.335816e+03 |-1.337905e+03 |   0.16%| unknown
(run 1, node 1) restarting after 62 global fixings of integer variables

(restart) converted 19 cuts from the global cut pool into linear constraints

presolving:
presolving (0 rounds: 0 fast, 0 medium, 0 exhaustive):
 0 deleted vars, 0 deleted constraints, 0 added constraints, 0 tightened bounds, 0 added holes, 0 changed sides, 0 changed coefficients
 0 implications, 0 cliques, 0 implied integral variables (0 bin, 0 int, 0 cont)
presolved problem has 250 variables (190 bin, 0 int, 60 cont) and 1335 constraints
   1333 constraints of type <linear>
      2 constraints of type <logicor>
Presolving Time: 0.01
transformed 19/24 original solutions to the transformed problem space

 time | node  | left  |LP iter|LP it/n|mem/heur|mdpt |vars |cons |rows |cuts |sepa|confs|strbr|  dualbound   | primalbound  |  gap   | compl. 
  2.4s|     1 |     0 |  2390 |     - |    50M |   0 | 250 |1335 |1333 |   0 |  0 |   2 |   0 |-1.335816e+03 |-1.337905e+03 |   0.16%| unknown
  2.5s|     1 |     0 |  2411 |     - |    50M |   0 | 250 |1335 |1334 |   1 |  1 |   2 |   0 |-1.335823e+03 |-1.337905e+03 |   0.16%| unknown
  2.7s|     1 |     0 |  2415 |     - |    51M |   0 | 250 |1335 |1335 |   2 |  2 |   2 |   0 |-1.335824e+03 |-1.337905e+03 |   0.16%| unknown
  2.8s|     1 |     0 |  2482 |     - |    51M |   0 | 250 |1335 |1336 |   3 |  3 |   2 |   0 |-1.335857e+03 |-1.337905e+03 |   0.15%| unknown
  3.0s|     1 |     0 |  2509 |     - |    52M |   0 | 250 |1335 |1337 |   4 |  4 |   2 |   0 |-1.335864e+03 |-1.337905e+03 |   0.15%| unknown
  3.2s|     1 |     0 |  2532 |     - |    52M |   0 | 250 |1335 |1338 |   5 |  5 |   2 |   0 |-1.335866e+03 |-1.337905e+03 |   0.15%| unknown
  3.3s|     1 |     0 |  2561 |     - |    53M |   0 | 250 |1335 |1339 |   6 |  6 |   2 |   0 |-1.335869e+03 |-1.337905e+03 |   0.15%| unknown
  3.5s|     1 |     0 |  2598 |     - |    53M |   0 | 250 |1335 |1340 |   7 |  7 |   2 |   0 |-1.335872e+03 |-1.337905e+03 |   0.15%| unknown
  3.7s|     1 |     0 |  2640 |     - |    54M |   0 | 250 |1335 |1341 |   8 |  8 |   2 |   0 |-1.335875e+03 |-1.337905e+03 |   0.15%| unknown
  3.8s|     1 |     0 |  2661 |     - |    55M |   0 | 250 |1335 |1342 |   9 |  9 |   2 |   0 |-1.335876e+03 |-1.337905e+03 |   0.15%| unknown
  4.0s|     1 |     0 |  2680 |     - |    55M |   0 | 250 |1335 |1343 |  10 | 10 |   2 |   0 |-1.335877e+03 |-1.337905e+03 |   0.15%| unknown
  4.1s|     1 |     0 |  2689 |     - |    55M |   0 | 250 |1335 |1344 |  11 | 11 |   2 |   0 |-1.335877e+03 |-1.337905e+03 |   0.15%| unknown
  4.4s|     1 |     0 |  3333 |     - |    55M |   0 | 250 |1342 |1344 |  11 | 11 |   9 |   7 |-1.336015e+03 |-1.337905e+03 |   0.14%| unknown
  4.4s|     1 |     0 |  3341 |     - |    55M |   0 | 250 |1343 |1345 |  12 | 12 |  10 |   7 |-1.336015e+03 |-1.337905e+03 |   0.14%| unknown
  4.4s|     1 |     0 |  3364 |     - |    55M |   0 | 250 |1343 |1346 |  13 | 13 |  10 |   7 |-1.336015e+03 |-1.337905e+03 |   0.14%| unknown
 time | node  | left  |LP iter|LP it/n|mem/heur|mdpt |vars |cons |rows |cuts |sepa|confs|strbr|  dualbound   | primalbound  |  gap   | compl. 
  4.7s|     1 |     0 |  3508 |     - |    55M |   0 | 250 |1199 |1346 |  13 | 13 |  15 |  23 |-1.336419e+03 |-1.337905e+03 |   0.11%| unknown
  4.7s|     1 |     0 |  3508 |     - |    55M |   0 | 250 |1199 | 970 |  13 | 13 |  15 |  23 |-1.336419e+03 |-1.337905e+03 |   0.11%| unknown
  4.8s|     1 |     0 |  3508 |     - |    55M |   0 | 250 | 901 | 970 |  13 | 14 |  15 |  23 |-1.336419e+03 |-1.337905e+03 |   0.11%| unknown
  4.8s|     1 |     0 |  3538 |     - |    55M |   0 | 250 | 886 | 970 |  13 | 15 |  17 |  27 |-1.336881e+03 |-1.337905e+03 |   0.08%| unknown
  4.8s|     1 |     0 |  3538 |     - |    55M |   0 | 250 | 886 | 707 |  13 | 15 |  17 |  27 |-1.336881e+03 |-1.337905e+03 |   0.08%| unknown
  4.8s|     1 |     0 |  3538 |     - |    55M |   0 | 250 | 722 | 707 |  13 | 16 |  17 |  27 |-1.336881e+03 |-1.337905e+03 |   0.08%| unknown
  4.8s|     1 |     0 |  3538 |     - |    55M |   0 | 250 | 722 | 707 |  13 | 17 |  17 |  28 |-1.337222e+03 |-1.337905e+03 |   0.05%| unknown
  4.9s|     1 |     0 |  3538 |     - |    55M |   0 | 250 | 722 | 707 |  13 | 18 |  17 |  29 |-1.337222e+03 |-1.337905e+03 |   0.05%| unknown
  4.9s|     1 |     0 |  3538 |     - |    55M |   0 | 250 | 722 | 707 |  13 | 19 |  17 |  30 |-1.337222e+03 |-1.337905e+03 |   0.05%| unknown
  4.9s|     1 |     0 |  3564 |     - |    55M |   0 | 250 | 713 | 707 |  13 | 20 |  19 |  31 |-1.337222e+03 |-1.337905e+03 |   0.05%| unknown
  4.9s|     1 |     0 |  3564 |     - |    55M |   0 | 250 | 713 | 654 |  13 | 20 |  19 |  31 |-1.337222e+03 |-1.337905e+03 |   0.05%| unknown
  4.9s|     1 |     0 |  3564 |     - |    56M |   0 | 250 | 624 | 654 |  13 | 21 |  19 |  31 |-1.337222e+03 |-1.337905e+03 |   0.05%| unknown
  5.0s|     1 |     0 |  3573 |     - |    56M |   0 | 250 | 566 | 654 |  13 | 22 |  23 |  34 |-1.337222e+03 |-1.337905e+03 |   0.05%| unknown
  5.0s|     1 |     0 |  3579 |     - |    56M |   0 | 250 | 484 | 654 |  13 | 23 |  28 |  37 |-1.337222e+03 |-1.337905e+03 |   0.05%| unknown
  5.0s|     1 |     0 |  3579 |     - |    56M |   0 | 250 | 484 | 451 |  13 | 23 |  28 |  37 |-1.337222e+03 |-1.337905e+03 |   0.05%| unknown
 time | node  | left  |LP iter|LP it/n|mem/heur|mdpt |vars |cons |rows |cuts |sepa|confs|strbr|  dualbound   | primalbound  |  gap   | compl. 
  5.0s|     1 |     0 |  3579 |     - |    56M |   0 | 250 | 476 | 451 |  13 | 24 |  28 |  37 |-1.337222e+03 |-1.337905e+03 |   0.05%| unknown
  5.0s|     1 |     2 |  3579 |     - |    56M |   0 | 250 | 476 | 451 |  13 | 25 |  28 |  37 |-1.337222e+03 |-1.337905e+03 |   0.05%| unknown

SCIP Status        : problem is solved [optimal solution found]
Solving Time (sec) : 5.04
Solving Nodes      : 3 (total of 4 nodes in 2 runs)
Primal Bound       : -1.33790526315789e+03 (45 solutions)
Dual Bound         : -1.33790526315789e+03
Gap                : 0.00 %
  [linear] <c2397>: <x191>[C] (+25.8368421) -0.523684211<x1>[B] (+1) -0.523684211<x2>[B] (+1) -0.523684211<x3>[B] (+0) +0.523684211<x4>[B] (+0) -0.523684211<x5>[B] (+0) -0.523684211<x6>[B] (+1) -0.523684211<x7>[B] (+0) +0.523684211<x8>[B] (+0) -0.523684211<x9>[B] (+0) -0.523684211<x10>[B] (+0) -0.523684211<x11>[B] (+1) -0.523684211<x12>[B] (+1) +0.523684211<x13>[B] (+0) +0.523684211<x14>[B] (+1) -0.523684211<x15>[B] (+0) +0.523684211<x16>[B] (+0) +0.523684211<x17>[B] (+0) -0.523684211<x18>[B] (+0) -0.523684211<x19>[B] (+0) +0.523684211<x20>[B] (+1) +0.523684211<x21>[B] (+0) +0.523684211<x22>[B] (+0) -0.523684211<x23>[B] (+0) -0.523684211<x24>[B] (+1) +0.523684211<x25>[B] (+0) +0.523684211<x26>[B] (+0) +0.523684211<x27>[B] (+0) +0.523684211<x28>[B] (+0) +0.523684211<x29>[B] (+0) +0.523684211<x30>[B] (+1) +0.523684211<x31>[B] (+4.4408921e-15) +0.523684211<x32>[B] (+1) +0.523684211<x33>[B] (+0) +0.523684211<x34>[B] (+0) +0.523684211<x35>[B] (+0) +0.523684211<x36>[B] (+0) +0.523684211<x37>[B] (+0) -0.523684211<x38>[B] (+0) +0.523684211<x39>[B] (+0) -0.523684211<x40>[B] (+0) -0.523684211<x41>[B] (+0) -0.523684211<x42>[B] (+0) +0.523684211<x43>[B] (+0) -0.523684211<x44>[B] (+0) +0.523684211<x45>[B] (+0) +0.523684211<x46>[B] (+0) +0.523684211<x47>[B] (+1) +0.523684211<x48>[B] (+0) +0.523684211<x49>[B] (+0) -0.523684211<x50>[B] (+0) +0.523684211<x51>[B] (+0) +0.523684211<x52>[B] (+0) +0.523684211<x53>[B] (+0) -0.523684211<x54>[B] (+0) +0.523684211<x55>[B] (+0) -0.523684211<x56>[B] (+0) -0.523684211<x57>[B] (+1) -0.523684211<x58>[B] (+1) +0.523684211<x59>[B] (+1) +0.523684211<x60>[B] (+0) +0.523684211<x61>[B] (+0) +0.523684211<x62>[B] (+1) +0.523684211<x63>[B] (+1) +0.523684211<x64>[B] (+1) +0.523684211<x65>[B] (+1) -0.523684211<x66>[B] (+0) +0.523684211<x67>[B] (+0) +0.523684211<x68>[B] (+0) +0.523684211<x69>[B] (+0) -0.523684211<x70>[B] (+0) -0.523684211<x71>[B] (+0) -0.523684211<x72>[B] (+1) -0.523684211<x73>[B] (+1) -0.523684211<x74>[B] (+1) -0.523684211<x75>[B] (+1) -0.523684211<x76>[B] (+0) -0.523684211<x77>[B] (+1) -0.523684211<x78>[B] (+1) -0.523684211<x79>[B] (+1) -0.523684211<x80>[B] (+1) -0.523684211<x81>[B] (+1) +0.523684211<x82>[B] (+1) -0.523684211<x83>[B] (+0) -0.523684211<x84>[B] (+1) -0.523684211<x85>[B] (+0) -0.523684211<x86>[B] (+1) +0.523684211<x87>[B] (+1) +0.523684211<x88>[B] (+1) +0.523684211<x89>[B] (+1) +0.523684211<x90>[B] (+1) +0.523684211<x91>[B] (+1) +0.523684211<x92>[B] (+1) +0.523684211<x93>[B] (+1) +0.523684211<x94>[B] (+1) +0.523684211<x95>[B] (+1) +0.523684211<x96>[B] (+1) +0.523684211<x97>[B] (+1) +0.523684211<x98>[B] (+1) +0.523684211<x99>[B] (+1) +0.523684211<x100>[B] (-4.36799867e-15) +0.523684211<x101>[B] (+0) +0.523684211<x102>[B] (+0) +0.523684211<x103>[B] (+0) +0.523684211<x104>[B] (+0) +0.523684211<x105>[B] (+1) +0.523684211<x106>[B] (+0) +0.523684211<x107>[B] (+0) +0.523684211<x108>[B] (+0) +0.523684211<x109>[B] (+0) +0.523684211<x110>[B] (+0) +0.523684211<x111>[B] (+0) +0.523684211<x112>[B] (+0) +0.523684211<x113>[B] (+1) +0.523684211<x114>[B] (+0) +0.523684211<x115>[B] (+0) +0.523684211<x116>[B] (+1) +0.523684211<x117>[B] (+1) +0.523684211<x118>[B] (+1) +0.523684211<x119>[B] (+1) -0.523684211<x120>[B] (+0) +0.523684211<x121>[B] (+4.36799867e-15) +0.523684211<x122>[B] (+0) +0.523684211<x123>[B] (+0) -0.523684211<x124>[B] (+0) -0.523684211<x125>[B] (+0) -0.523684211<x126>[B] (+0) -0.523684211<x127>[B] (+1) -0.523684211<x128>[B] (+1) +0.523684211<x129>[B] (+0) +0.523684211<x130>[B] (+1) -0.523684211<x131>[B] (+0) +0.523684211<x132>[B] (+0) +0.523684211<x133>[B] (+0) -0.523684211<x134>[B] (+0) -0.523684211<x135>[B] (+0) +0.523684211<x136>[B] (+0) +0.523684211<x137>[B] (+1) +0.523684211<x138>[B] (+1) +0.523684211<x139>[B] (+1) +0.523684211<x140>[B] (+1) -0.523684211<x141>[B] (+1) +0.523684211<x142>[B] (+1) +0.523684211<x143>[B] (+0) +0.523684211<x144>[B] (+0) -0.523684211<x145>[B] (+0) -0.523684211<x146>[B] (+1) +0.523684211<x147>[B] (+1) +0.523684211<x148>[B] (+1) +0.523684211<x149>[B] (+1) -0.523684211<x150>[B] (+1) +0.523684211<x151>[B] (+1) +0.523684211<x152>[B] (+0) -0.523684211<x153>[B] (+1) -0.523684211<x154>[B] (+1) +0.523684211<x155>[B] (+1) +0.523684211<x156>[B] (+0) +0.523684211<x157>[B] (+1) -0.523684211<x158>[B] (+0) +0.523684211<x159>[B] (+0) +0.523684211<x160>[B] (+0) +0.523684211<x161>[B] (+0) -0.523684211<x162>[B] (+0) +0.523684211<x163>[B] (+0) +0.523684211<x164>[B] (+0) -0.523684211<x165>[B] (+0) +0.523684211<x166>[B] (+0) +0.523684211<x167>[B] (+0) -0.523684211<x168>[B] (+0) -0.523684211<x169>[B] (+0) -0.523684211<x170>[B] (+1) -0.523684211<x171>[B] (+0) +0.523684211<x172>[B] (+0) -0.523684211<x173>[B] (+0) -0.523684211<x174>[B] (+0) -0.523684211<x175>[B] (+0) -0.523684211<x176>[B] (+0) +0.523684211<x177>[B] (+0) +0.523684211<x178>[B] (+0) -0.523684211<x179>[B] (+0) -0.523684211<x180>[B] (+0) +0.523684211<x181>[B] (+0) +0.523684211<x182>[B] (+0) +0.523684211<x183>[B] (+0) -0.523684211<x184>[B] (+0) -0.523684211<x185>[B] (+0) -0.523684211<x186>[B] (+0) -0.523684211<x187>[B] (+0) -0.523684211<x188>[B] (+1) -0.523684211<x189>[B] (+1) -0.523684211<x190>[B] (+0) >= 33.1236842105263;
;
violation: left hand side is violated by 0.478947368421032
  [linear] <c2397>: <x191>[C] (+25.8368421) -0.523684211<x1>[B] (+1) -0.523684211<x2>[B] (+1) -0.523684211<x3>[B] (+0) +0.523684211<x4>[B] (+0) -0.523684211<x5>[B] (+0) -0.523684211<x6>[B] (+1) -0.523684211<x7>[B] (+0) +0.523684211<x8>[B] (+0) -0.523684211<x9>[B] (+0) -0.523684211<x10>[B] (+0) -0.523684211<x11>[B] (+1) -0.523684211<x12>[B] (+1) +0.523684211<x13>[B] (+0) +0.523684211<x14>[B] (+1) -0.523684211<x15>[B] (+0) +0.523684211<x16>[B] (+0) +0.523684211<x17>[B] (+0) -0.523684211<x18>[B] (+0) -0.523684211<x19>[B] (+0) +0.523684211<x20>[B] (+1) +0.523684211<x21>[B] (+0) +0.523684211<x22>[B] (+0) -0.523684211<x23>[B] (+0) -0.523684211<x24>[B] (+1) +0.523684211<x25>[B] (+0) +0.523684211<x26>[B] (+0) +0.523684211<x27>[B] (+0) +0.523684211<x28>[B] (+0) +0.523684211<x29>[B] (+0) +0.523684211<x30>[B] (+1) +0.523684211<x31>[B] (+0) +0.523684211<x32>[B] (+1) +0.523684211<x33>[B] (+0) +0.523684211<x34>[B] (+0) +0.523684211<x35>[B] (+0) +0.523684211<x36>[B] (+0) +0.523684211<x37>[B] (+0) -0.523684211<x38>[B] (+0) +0.523684211<x39>[B] (+0) -0.523684211<x40>[B] (+0) -0.523684211<x41>[B] (+0) -0.523684211<x42>[B] (+0) +0.523684211<x43>[B] (+0) -0.523684211<x44>[B] (+0) +0.523684211<x45>[B] (+0) +0.523684211<x46>[B] (+0) +0.523684211<x47>[B] (+1) +0.523684211<x48>[B] (+0) +0.523684211<x49>[B] (+0) -0.523684211<x50>[B] (+0) +0.523684211<x51>[B] (+0) +0.523684211<x52>[B] (+0) +0.523684211<x53>[B] (+0) -0.523684211<x54>[B] (+0) +0.523684211<x55>[B] (+0) -0.523684211<x56>[B] (+0) -0.523684211<x57>[B] (+1) -0.523684211<x58>[B] (+1) +0.523684211<x59>[B] (+1) +0.523684211<x60>[B] (+0) +0.523684211<x61>[B] (+0) +0.523684211<x62>[B] (+1) +0.523684211<x63>[B] (+1) +0.523684211<x64>[B] (+1) +0.523684211<x65>[B] (+1) -0.523684211<x66>[B] (+0) +0.523684211<x67>[B] (+0) +0.523684211<x68>[B] (+0) +0.523684211<x69>[B] (+0) -0.523684211<x70>[B] (+0) -0.523684211<x71>[B] (+0) -0.523684211<x72>[B] (+1) -0.523684211<x73>[B] (+1) -0.523684211<x74>[B] (+1) -0.523684211<x75>[B] (+1) -0.523684211<x76>[B] (+0) -0.523684211<x77>[B] (+1) -0.523684211<x78>[B] (+1) -0.523684211<x79>[B] (+1) -0.523684211<x80>[B] (+1) -0.523684211<x81>[B] (+0) +0.523684211<x82>[B] (+1) -0.523684211<x83>[B] (+0) -0.523684211<x84>[B] (+1) -0.523684211<x85>[B] (+0) -0.523684211<x86>[B] (+1) +0.523684211<x87>[B] (+1) +0.523684211<x88>[B] (+1) +0.523684211<x89>[B] (+1) +0.523684211<x90>[B] (+0) +0.523684211<x91>[B] (+1) +0.523684211<x92>[B] (+1) +0.523684211<x93>[B] (+1) +0.523684211<x94>[B] (+1) +0.523684211<x95>[B] (+0) +0.523684211<x96>[B] (+1) +0.523684211<x97>[B] (+0) +0.523684211<x98>[B] (+1) +0.523684211<x99>[B] (+0) +0.523684211<x100>[B] (+0) +0.523684211<x101>[B] (+0) +0.523684211<x102>[B] (+0) +0.523684211<x103>[B] (+0) +0.523684211<x104>[B] (+0) +0.523684211<x105>[B] (+1) +0.523684211<x106>[B] (+0) +0.523684211<x107>[B] (+0) +0.523684211<x108>[B] (+0) +0.523684211<x109>[B] (+0) +0.523684211<x110>[B] (+0) +0.523684211<x111>[B] (+0) +0.523684211<x112>[B] (+0) +0.523684211<x113>[B] (+1) +0.523684211<x114>[B] (+0) +0.523684211<x115>[B] (+0) +0.523684211<x116>[B] (+1) +0.523684211<x117>[B] (+1) +0.523684211<x118>[B] (+1) +0.523684211<x119>[B] (+1) -0.523684211<x120>[B] (+0) +0.523684211<x121>[B] (+0) +0.523684211<x122>[B] (+0) +0.523684211<x123>[B] (+0) -0.523684211<x124>[B] (+0) -0.523684211<x125>[B] (+0) -0.523684211<x126>[B] (+0) -0.523684211<x127>[B] (+1) -0.523684211<x128>[B] (+1) +0.523684211<x129>[B] (+0) +0.523684211<x130>[B] (+1) -0.523684211<x131>[B] (+0) +0.523684211<x132>[B] (+0) +0.523684211<x133>[B] (+0) -0.523684211<x134>[B] (+0) -0.523684211<x135>[B] (+0) +0.523684211<x136>[B] (+0) +0.523684211<x137>[B] (+1) +0.523684211<x138>[B] (+1) +0.523684211<x139>[B] (+1) +0.523684211<x140>[B] (+1) -0.523684211<x141>[B] (+0) +0.523684211<x142>[B] (+1) +0.523684211<x143>[B] (+0) +0.523684211<x144>[B] (+0) -0.523684211<x145>[B] (+0) -0.523684211<x146>[B] (+1) +0.523684211<x147>[B] (+1) +0.523684211<x148>[B] (+1) +0.523684211<x149>[B] (+1) -0.523684211<x150>[B] (+1) +0.523684211<x151>[B] (+1) +0.523684211<x152>[B] (+0) -0.523684211<x153>[B] (+1) -0.523684211<x154>[B] (+1) +0.523684211<x155>[B] (+1) +0.523684211<x156>[B] (+0) +0.523684211<x157>[B] (+1) -0.523684211<x158>[B] (+0) +0.523684211<x159>[B] (+0) +0.523684211<x160>[B] (+0) +0.523684211<x161>[B] (+0) -0.523684211<x162>[B] (+0) +0.523684211<x163>[B] (+0) +0.523684211<x164>[B] (+0) -0.523684211<x165>[B] (+0) +0.523684211<x166>[B] (+0) +0.523684211<x167>[B] (+0) -0.523684211<x168>[B] (+0) -0.523684211<x169>[B] (+0) -0.523684211<x170>[B] (+1) -0.523684211<x171>[B] (+0) +0.523684211<x172>[B] (+0) -0.523684211<x173>[B] (+0) -0.523684211<x174>[B] (+0) -0.523684211<x175>[B] (+0) -0.523684211<x176>[B] (+0) +0.523684211<x177>[B] (+0) +0.523684211<x178>[B] (+0) -0.523684211<x179>[B] (+0) -0.523684211<x180>[B] (+0) +0.523684211<x181>[B] (+1) +0.523684211<x182>[B] (+0) +0.523684211<x183>[B] (+1) -0.523684211<x184>[B] (+0) -0.523684211<x185>[B] (+0) -0.523684211<x186>[B] (+0) -0.523684211<x187>[B] (+0) -0.523684211<x188>[B] (+1) -0.523684211<x189>[B] (+1) -0.523684211<x190>[B] (+0) >= 33.1236842105263;
;
violation: left hand side is violated by 0.478947368421061
  [linear] <c2397>: <x191>[C] (+26.7473684) -0.523684211<x1>[B] (+1) -0.523684211<x2>[B] (+1) -0.523684211<x3>[B] (+0) +0.523684211<x4>[B] (+0) -0.523684211<x5>[B] (+0) -0.523684211<x6>[B] (+1) -0.523684211<x7>[B] (+0) +0.523684211<x8>[B] (+0) -0.523684211<x9>[B] (+0) -0.523684211<x10>[B] (+0) -0.523684211<x11>[B] (+1) -0.523684211<x12>[B] (+1) +0.523684211<x13>[B] (+0) +0.523684211<x14>[B] (+1) -0.523684211<x15>[B] (+0) +0.523684211<x16>[B] (+0) +0.523684211<x17>[B] (+0) -0.523684211<x18>[B] (+0) -0.523684211<x19>[B] (+0) +0.523684211<x20>[B] (+1) +0.523684211<x21>[B] (+0) +0.523684211<x22>[B] (+0) -0.523684211<x23>[B] (+0) -0.523684211<x24>[B] (+1) +0.523684211<x25>[B] (+0) +0.523684211<x26>[B] (+0) +0.523684211<x27>[B] (+0) +0.523684211<x28>[B] (+0) +0.523684211<x29>[B] (+0) +0.523684211<x30>[B] (+1) +0.523684211<x31>[B] (+0) +0.523684211<x32>[B] (+1) +0.523684211<x33>[B] (+0) +0.523684211<x34>[B] (+0) +0.523684211<x35>[B] (+0) +0.523684211<x36>[B] (+0) +0.523684211<x37>[B] (+0) -0.523684211<x38>[B] (+0) +0.523684211<x39>[B] (+0) -0.523684211<x40>[B] (+0) -0.523684211<x41>[B] (+0) -0.523684211<x42>[B] (+0) +0.523684211<x43>[B] (+0) -0.523684211<x44>[B] (+0) +0.523684211<x45>[B] (+0) +0.523684211<x46>[B] (+0) +0.523684211<x47>[B] (+1) +0.523684211<x48>[B] (+0) +0.523684211<x49>[B] (+0) -0.523684211<x50>[B] (+0) +0.523684211<x51>[B] (+0) +0.523684211<x52>[B] (+0) +0.523684211<x53>[B] (+0) -0.523684211<x54>[B] (+0) +0.523684211<x55>[B] (+0) -0.523684211<x56>[B] (+0) -0.523684211<x57>[B] (+1) -0.523684211<x58>[B] (+1) +0.523684211<x59>[B] (+1) +0.523684211<x60>[B] (+0) +0.523684211<x61>[B] (+0) +0.523684211<x62>[B] (+1) +0.523684211<x63>[B] (+1) +0.523684211<x64>[B] (+1) +0.523684211<x65>[B] (+1) -0.523684211<x66>[B] (+0) +0.523684211<x67>[B] (+0) +0.523684211<x68>[B] (+0) +0.523684211<x69>[B] (+0) -0.523684211<x70>[B] (+0) -0.523684211<x71>[B] (+0) -0.523684211<x72>[B] (+1) -0.523684211<x73>[B] (+1) -0.523684211<x74>[B] (+1) -0.523684211<x75>[B] (+1) -0.523684211<x76>[B] (+0) -0.523684211<x77>[B] (+1) -0.523684211<x78>[B] (+1) -0.523684211<x79>[B] (+1) -0.523684211<x80>[B] (+1) -0.523684211<x81>[B] (+1) +0.523684211<x82>[B] (+1) -0.523684211<x83>[B] (+0) -0.523684211<x84>[B] (+1) -0.523684211<x85>[B] (+1) -0.523684211<x86>[B] (+1) +0.523684211<x87>[B] (+1) +0.523684211<x88>[B] (+1) +0.523684211<x89>[B] (+1) +0.523684211<x90>[B] (+1) +0.523684211<x91>[B] (+1) +0.523684211<x92>[B] (+1) +0.523684211<x93>[B] (+1) +0.523684211<x94>[B] (+1) +0.523684211<x95>[B] (+1) +0.523684211<x96>[B] (+1) +0.523684211<x97>[B] (+1) +0.523684211<x98>[B] (+1) +0.523684211<x99>[B] (+1) +0.523684211<x100>[B] (+0) +0.523684211<x101>[B] (+0) +0.523684211<x102>[B] (+0) +0.523684211<x103>[B] (+0) +0.523684211<x104>[B] (+0) +0.523684211<x105>[B] (+1) +0.523684211<x106>[B] (+0) +0.523684211<x107>[B] (+0) +0.523684211<x108>[B] (+0) +0.523684211<x109>[B] (+0) +0.523684211<x110>[B] (+0) +0.523684211<x111>[B] (+0) +0.523684211<x112>[B] (+0) +0.523684211<x113>[B] (+1) +0.523684211<x114>[B] (+0) +0.523684211<x115>[B] (+0) +0.523684211<x116>[B] (+1) +0.523684211<x117>[B] (+1) +0.523684211<x118>[B] (+1) +0.523684211<x119>[B] (+1) -0.523684211<x120>[B] (+0) +0.523684211<x121>[B] (+0) +0.523684211<x122>[B] (+0) +0.523684211<x123>[B] (+0) -0.523684211<x124>[B] (+0) -0.523684211<x125>[B] (+0) -0.523684211<x126>[B] (+0) -0.523684211<x127>[B] (+1) -0.523684211<x128>[B] (+1) +0.523684211<x129>[B] (+0) +0.523684211<x130>[B] (+1) -0.523684211<x131>[B] (+0) +0.523684211<x132>[B] (+0) +0.523684211<x133>[B] (+0) -0.523684211<x134>[B] (+0) -0.523684211<x135>[B] (+0) +0.523684211<x136>[B] (+0) +0.523684211<x137>[B] (+1) +0.523684211<x138>[B] (+1) +0.523684211<x139>[B] (+1) +0.523684211<x140>[B] (+1) -0.523684211<x141>[B] (+0) +0.523684211<x142>[B] (+0) +0.523684211<x143>[B] (+0) +0.523684211<x144>[B] (+0) -0.523684211<x145>[B] (+0) -0.523684211<x146>[B] (+1) +0.523684211<x147>[B] (+1) +0.523684211<x148>[B] (+1) +0.523684211<x149>[B] (+1) -0.523684211<x150>[B] (+1) +0.523684211<x151>[B] (+1) +0.523684211<x152>[B] (+0) -0.523684211<x153>[B] (+1) -0.523684211<x154>[B] (+1) +0.523684211<x155>[B] (+1) +0.523684211<x156>[B] (+0) +0.523684211<x157>[B] (+1) -0.523684211<x158>[B] (+0) +0.523684211<x159>[B] (+0) +0.523684211<x160>[B] (+0) +0.523684211<x161>[B] (+0) -0.523684211<x162>[B] (+0) +0.523684211<x163>[B] (+0) +0.523684211<x164>[B] (+0) -0.523684211<x165>[B] (+0) +0.523684211<x166>[B] (+0) +0.523684211<x167>[B] (+0) -0.523684211<x168>[B] (+0) -0.523684211<x169>[B] (+0) -0.523684211<x170>[B] (+1) -0.523684211<x171>[B] (+0) +0.523684211<x172>[B] (+0) -0.523684211<x173>[B] (+0) -0.523684211<x174>[B] (+0) -0.523684211<x175>[B] (+0) -0.523684211<x176>[B] (+0) +0.523684211<x177>[B] (+0) +0.523684211<x178>[B] (+0) -0.523684211<x179>[B] (+0) -0.523684211<x180>[B] (+0) +0.523684211<x181>[B] (+0) +0.523684211<x182>[B] (+0) +0.523684211<x183>[B] (+0) -0.523684211<x184>[B] (+0) -0.523684211<x185>[B] (+0) -0.523684211<x186>[B] (+0) -0.523684211<x187>[B] (+0) -0.523684211<x188>[B] (+1) -0.523684211<x189>[B] (+1) -0.523684211<x190>[B] (+0) >= 33.1236842105263;
;
violation: left hand side is violated by 0.0921052631579187
  [linear] <c2397>: <x191>[C] (+27.9842105) -0.523684211<x1>[B] (+1) -0.523684211<x2>[B] (+1) -0.523684211<x3>[B] (+0) +0.523684211<x4>[B] (+0) -0.523684211<x5>[B] (+0) -0.523684211<x6>[B] (+1) -0.523684211<x7>[B] (+1) +0.523684211<x8>[B] (+0) -0.523684211<x9>[B] (+0) -0.523684211<x10>[B] (+0) -0.523684211<x11>[B] (+1) -0.523684211<x12>[B] (+1) +0.523684211<x13>[B] (+0) +0.523684211<x14>[B] (+1) -0.523684211<x15>[B] (+0) +0.523684211<x16>[B] (+0) +0.523684211<x17>[B] (+0) -0.523684211<x18>[B] (+0) -0.523684211<x19>[B] (+0) +0.523684211<x20>[B] (+1) +0.523684211<x21>[B] (+0) +0.523684211<x22>[B] (+0) -0.523684211<x23>[B] (+0) -0.523684211<x24>[B] (+1) +0.523684211<x25>[B] (+0) +0.523684211<x26>[B] (+0) +0.523684211<x27>[B] (+0) +0.523684211<x28>[B] (+0) +0.523684211<x29>[B] (+0) +0.523684211<x30>[B] (+1) +0.523684211<x31>[B] (+0) +0.523684211<x32>[B] (+1) +0.523684211<x33>[B] (+0) +0.523684211<x34>[B] (+0) +0.523684211<x35>[B] (+0) +0.523684211<x36>[B] (+0) +0.523684211<x37>[B] (+0) -0.523684211<x38>[B] (-1.49063768e-14) +0.523684211<x39>[B] (+0) -0.523684211<x40>[B] (+0) -0.523684211<x41>[B] (-1.49063768e-14) -0.523684211<x42>[B] (-1.49063768e-14) +0.523684211<x43>[B] (-1.49063768e-14) -0.523684211<x44>[B] (+0) +0.523684211<x45>[B] (+0) +0.523684211<x46>[B] (-1.49063768e-14) +0.523684211<x47>[B] (+1) +0.523684211<x48>[B] (-1.48769885e-14) +0.523684211<x49>[B] (-1.49063768e-14) -0.523684211<x50>[B] (+0) +0.523684211<x51>[B] (+0) +0.523684211<x52>[B] (+0) +0.523684211<x53>[B] (+0) -0.523684211<x54>[B] (+0) +0.523684211<x55>[B] (+0) -0.523684211<x56>[B] (+0) -0.523684211<x57>[B] (+1) -0.523684211<x58>[B] (+1) +0.523684211<x59>[B] (+1) +0.523684211<x60>[B] (+0) +0.523684211<x61>[B] (+0) +0.523684211<x62>[B] (+1) +0.523684211<x63>[B] (+1) +0.523684211<x64>[B] (+1) +0.523684211<x65>[B] (+1) -0.523684211<x66>[B] (+0) +0.523684211<x67>[B] (+0) +0.523684211<x68>[B] (+0) +0.523684211<x69>[B] (+0) -0.523684211<x70>[B] (+0) -0.523684211<x71>[B] (+0) -0.523684211<x72>[B] (+1) -0.523684211<x73>[B] (+1) -0.523684211<x74>[B] (+1) -0.523684211<x75>[B] (+1) -0.523684211<x76>[B] (+0) -0.523684211<x77>[B] (+1) -0.523684211<x78>[B] (+1) -0.523684211<x79>[B] (+1) -0.523684211<x80>[B] (+1) -0.523684211<x81>[B] (+1) +0.523684211<x82>[B] (+1) -0.523684211<x83>[B] (+0) -0.523684211<x84>[B] (+1) -0.523684211<x85>[B] (+1) -0.523684211<x86>[B] (+1) +0.523684211<x87>[B] (+1) +0.523684211<x88>[B] (+1) +0.523684211<x89>[B] (+1) +0.523684211<x90>[B] (+1) +0.523684211<x91>[B] (+1) +0.523684211<x92>[B] (+1) +0.523684211<x93>[B] (+1) +0.523684211<x94>[B] (+1) +0.523684211<x95>[B] (+1) +0.523684211<x96>[B] (+1) +0.523684211<x97>[B] (+1) +0.523684211<x98>[B] (+1) +0.523684211<x99>[B] (+1) +0.523684211<x100>[B] (+0) +0.523684211<x101>[B] (+0) +0.523684211<x102>[B] (+0) +0.523684211<x103>[B] (+0) +0.523684211<x104>[B] (+0) +0.523684211<x105>[B] (+1) +0.523684211<x106>[B] (+0) +0.523684211<x107>[B] (+0) +0.523684211<x108>[B] (+0) +0.523684211<x109>[B] (+0) +0.523684211<x110>[B] (+0) +0.523684211<x111>[B] (+0) +0.523684211<x112>[B] (+0) +0.523684211<x113>[B] (+0) +0.523684211<x114>[B] (+0) +0.523684211<x115>[B] (+0) +0.523684211<x116>[B] (+1) +0.523684211<x117>[B] (+1) +0.523684211<x118>[B] (+0) +0.523684211<x119>[B] (+1) -0.523684211<x120>[B] (+0) +0.523684211<x121>[B] (+0) +0.523684211<x122>[B] (+0) +0.523684211<x123>[B] (+0) -0.523684211<x124>[B] (+0) -0.523684211<x125>[B] (+0) -0.523684211<x126>[B] (+0) -0.523684211<x127>[B] (+1) -0.523684211<x128>[B] (+1) +0.523684211<x129>[B] (+0) +0.523684211<x130>[B] (+1) -0.523684211<x131>[B] (+0) +0.523684211<x132>[B] (+0) +0.523684211<x133>[B] (+0) -0.523684211<x134>[B] (+0) -0.523684211<x135>[B] (+0) +0.523684211<x136>[B] (+0) +0.523684211<x137>[B] (+1) +0.523684211<x138>[B] (+1) +0.523684211<x139>[B] (+1) +0.523684211<x140>[B] (+1) -0.523684211<x141>[B] (+1) +0.523684211<x142>[B] (+1) +0.523684211<x143>[B] (+0) +0.523684211<x144>[B] (+0) -0.523684211<x145>[B] (+0) -0.523684211<x146>[B] (+1) +0.523684211<x147>[B] (+1) +0.523684211<x148>[B] (+1) +0.523684211<x149>[B] (+1) -0.523684211<x150>[B] (+1) +0.523684211<x151>[B] (+1) +0.523684211<x152>[B] (+0) -0.523684211<x153>[B] (+1) -0.523684211<x154>[B] (+1) +0.523684211<x155>[B] (+1) +0.523684211<x156>[B] (+0) +0.523684211<x157>[B] (+1) -0.523684211<x158>[B] (+0) +0.523684211<x159>[B] (+0) +0.523684211<x160>[B] (+0) +0.523684211<x161>[B] (+0) -0.523684211<x162>[B] (+0) +0.523684211<x163>[B] (+0) +0.523684211<x164>[B] (+0) -0.523684211<x165>[B] (+0) +0.523684211<x166>[B] (+0) +0.523684211<x167>[B] (+0) -0.523684211<x168>[B] (+0) -0.523684211<x169>[B] (+0) -0.523684211<x170>[B] (+1) -0.523684211<x171>[B] (+0) +0.523684211<x172>[B] (+0) -0.523684211<x173>[B] (+0) -0.523684211<x174>[B] (+0) -0.523684211<x175>[B] (+0) -0.523684211<x176>[B] (+0) +0.523684211<x177>[B] (+0) +0.523684211<x178>[B] (+0) -0.523684211<x179>[B] (+0) -0.523684211<x180>[B] (+0) +0.523684211<x181>[B] (+1) +0.523684211<x182>[B] (+0) +0.523684211<x183>[B] (+0) -0.523684211<x184>[B] (+0) -0.523684211<x185>[B] (+0) -0.523684211<x186>[B] (+0) -0.523684211<x187>[B] (+0) -0.523684211<x188>[B] (+1) -0.523684211<x189>[B] (+1) -0.523684211<x190>[B] (+1) >= 33.1236842105263;
;
violation: left hand side is violated by 0.426315789473676
  [linear] <c2399>: <x193>[C] (+37.2342105) +0.634210526<x1>[B] (+0) +0.634210526<x2>[B] (+1) +0.634210526<x3>[B] (+0) +0.634210526<x4>[B] (+0) +0.634210526<x5>[B] (+0) -0.634210526<x6>[B] (+0) +0.634210526<x7>[B] (+0) +0.634210526<x8>[B] (+0) +0.634210526<x9>[B] (+0) +0.634210526<x10>[B] (+0) +0.634210526<x11>[B] (+0) +0.634210526<x12>[B] (+1) +0.634210526<x13>[B] (+0) +0.634210526<x14>[B] (+0) +0.634210526<x15>[B] (+0) -0.634210526<x16>[B] (+0) +0.634210526<x17>[B] (+0) +0.634210526<x18>[B] (+0) +0.634210526<x19>[B] (+0) +0.634210526<x20>[B] (+1) +0.634210526<x21>[B] (+0) +0.634210526<x22>[B] (+0) +0.634210526<x23>[B] (+0) -0.634210526<x24>[B] (+0) +0.634210526<x25>[B] (+0) -0.634210526<x26>[B] (+1) +0.634210526<x27>[B] (+0) +0.634210526<x28>[B] (+0) +0.634210526<x29>[B] (+0) +0.634210526<x30>[B] (+1) -0.634210526<x31>[B] (+1) -0.634210526<x32>[B] (+1) +0.634210526<x33>[B] (+0) -0.634210526<x34>[B] (+0) +0.634210526<x35>[B] (+0) +0.634210526<x36>[B] (+0) +0.634210526<x37>[B] (+0) -0.634210526<x38>[B] (+0) +0.634210526<x39>[B] (+0) +0.634210526<x40>[B] (+0) -0.634210526<x41>[B] (+0) +0.634210526<x42>[B] (+0) -0.634210526<x43>[B] (+0) -0.634210526<x44>[B] (+0) -0.634210526<x45>[B] (+0) -0.634210526<x46>[B] (+0) +0.634210526<x47>[B] (+1) -0.634210526<x48>[B] (+0) -0.634210526<x49>[B] (+0) +0.634210526<x50>[B] (+0) -0.634210526<x51>[B] (+0) +0.634210526<x52>[B] (+0) +0.634210526<x53>[B] (+0) +0.634210526<x54>[B] (+0) +0.634210526<x55>[B] (+0) +0.634210526<x56>[B] (+0) -0.634210526<x57>[B] (+1) +0.634210526<x58>[B] (+0) -0.634210526<x59>[B] (+1) -0.634210526<x60>[B] (+0) -0.634210526<x61>[B] (+0) -0.634210526<x62>[B] (+1) +0.634210526<x63>[B] (+1) -0.634210526<x64>[B] (+1) -0.634210526<x65>[B] (+1) +0.634210526<x66>[B] (+0) -0.634210526<x67>[B] (+0) +0.634210526<x68>[B] (+0) +0.634210526<x69>[B] (+0) +0.634210526<x70>[B] (+0) -0.634210526<x71>[B] (+0) -0.634210526<x72>[B] (+1) +0.634210526<x73>[B] (+1) -0.634210526<x74>[B] (+1) -0.634210526<x75>[B] (+1) -0.634210526<x76>[B] (+0) -0.634210526<x77>[B] (+1) +0.634210526<x78>[B] (+1) -0.634210526<x79>[B] (+1) -0.634210526<x80>[B] (+1) +0.634210526<x81>[B] (+1) -0.634210526<x82>[B] (+1) +0.634210526<x83>[B] (+0) +0.634210526<x84>[B] (+1) +0.634210526<x85>[B] (+1) -0.634210526<x86>[B] (+1) +0.634210526<x87>[B] (+1) -0.634210526<x88>[B] (+1) -0.634210526<x89>[B] (+1) -0.634210526<x90>[B] (+0) -0.634210526<x91>[B] (+1) +0.634210526<x92>[B] (+1) -0.634210526<x93>[B] (+1) -0.634210526<x94>[B] (+1) +0.634210526<x95>[B] (+1) -0.634210526<x96>[B] (+1) +0.634210526<x97>[B] (+0) +0.634210526<x98>[B] (+1) +0.634210526<x99>[B] (+1) +0.634210526<x100>[B] (+0) +0.634210526<x101>[B] (+1) +0.634210526<x102>[B] (+0) +0.634210526<x103>[B] (+0) +0.634210526<x104>[B] (+1) +0.634210526<x105>[B] (+1) +0.634210526<x106>[B] (+1) +0.634210526<x107>[B] (+1) +0.634210526<x108>[B] (+0) +0.634210526<x109>[B] (+0) +0.634210526<x110>[B] (+0) +0.634210526<x111>[B] (+0) +0.634210526<x112>[B] (+0) -0.634210526<x113>[B] (+1) -0.634210526<x114>[B] (+0) -0.634210526<x115>[B] (+0) -0.634210526<x116>[B] (+1) +0.634210526<x117>[B] (+1) -0.634210526<x118>[B] (+1) -0.634210526<x119>[B] (+1) +0.634210526<x120>[B] (+0) -0.634210526<x121>[B] (+0) +0.634210526<x122>[B] (+0) +0.634210526<x123>[B] (+0) +0.634210526<x124>[B] (+0) +0.634210526<x125>[B] (+0) +0.634210526<x126>[B] (+0) +0.634210526<x127>[B] (+0) +0.634210526<x128>[B] (+1) +0.634210526<x129>[B] (+1) +0.634210526<x130>[B] (+1) +0.634210526<x131>[B] (+0) -0.634210526<x132>[B] (+0) +0.634210526<x133>[B] (+0) +0.634210526<x134>[B] (+0) +0.634210526<x135>[B] (+0) -0.634210526<x136>[B] (+0) +0.634210526<x137>[B] (+1) +0.634210526<x138>[B] (+1) -0.634210526<x139>[B] (+1) -0.634210526<x140>[B] (+1) +0.634210526<x141>[B] (+1) -0.634210526<x142>[B] (+1) +0.634210526<x143>[B] (+0) +0.634210526<x144>[B] (+1) +0.634210526<x145>[B] (+1) +0.634210526<x146>[B] (+1) +0.634210526<x147>[B] (+1) -0.634210526<x148>[B] (+1) -0.634210526<x149>[B] (+1) +0.634210526<x150>[B] (+1) -0.634210526<x151>[B] (+1) +0.634210526<x152>[B] (+0) +0.634210526<x153>[B] (+1) +0.634210526<x154>[B] (+1) +0.634210526<x155>[B] (+1) -0.634210526<x156>[B] (+1) -0.634210526<x157>[B] (+1) +0.634210526<x158>[B] (+0) -0.634210526<x159>[B] (+0) +0.634210526<x160>[B] (+0) +0.634210526<x161>[B] (+0) +0.634210526<x162>[B] (+0) -0.634210526<x163>[B] (+0) -0.634210526<x164>[B] (+0) +0.634210526<x165>[B] (+0) -0.634210526<x166>[B] (+0) +0.634210526<x167>[B] (+0) +0.634210526<x168>[B] (+0) +0.634210526<x169>[B] (+0) -0.634210526<x170>[B] (+0) +0.634210526<x171>[B] (+0) -0.634210526<x172>[B] (+0) +0.634210526<x173>[B] (+0) +0.634210526<x174>[B] (+0) +0.634210526<x175>[B] (+0) +0.634210526<x176>[B] (+0) -0.634210526<x177>[B] (+0) +0.634210526<x178>[B] (+0) +0.634210526<x179>[B] (+0) +0.634210526<x180>[B] (+0) -0.634210526<x181>[B] (+1) -0.634210526<x182>[B] (+0) -0.634210526<x183>[B] (+1) -0.634210526<x184>[B] (+0) +0.634210526<x185>[B] (+0) +0.634210526<x186>[B] (+1) +0.634210526<x187>[B] (+0) -0.634210526<x188>[B] (+1) +0.634210526<x189>[B] (+1) +0.634210526<x190>[B] (+0) >= 37.8947368421053;
;
violation: left hand side is violated by 0.0263157894736921
  [linear] <c2400>: <x194>[C] (+32.6) -0.586842105<x1>[B] (+1) +0.586842105<x2>[B] (+1) -0.586842105<x3>[B] (+0) -0.586842105<x4>[B] (+0) -0.586842105<x5>[B] (+0) -0.586842105<x6>[B] (+1) -0.586842105<x7>[B] (+1) -0.586842105<x8>[B] (+0) -0.586842105<x9>[B] (+0) -0.586842105<x10>[B] (+0) -0.586842105<x11>[B] (+1) -0.586842105<x12>[B] (+1) -0.586842105<x13>[B] (+0) -0.586842105<x14>[B] (+1) -0.586842105<x15>[B] (+0) -0.586842105<x16>[B] (+0) -0.586842105<x17>[B] (+0) -0.586842105<x18>[B] (+0) +0.586842105<x19>[B] (+0) +0.586842105<x20>[B] (+1) +0.586842105<x21>[B] (+0) +0.586842105<x22>[B] (+0) +0.586842105<x23>[B] (+0) +0.586842105<x24>[B] (+1) -0.586842105<x25>[B] (+0) +0.586842105<x26>[B] (+0) -0.586842105<x27>[B] (+0) +0.586842105<x28>[B] (+0) +0.586842105<x29>[B] (+0) +0.586842105<x30>[B] (+1) -0.586842105<x31>[B] (+4.19109192e-15) +0.586842105<x32>[B] (+1) +0.586842105<x33>[B] (+0) +0.586842105<x34>[B] (+0) +0.586842105<x35>[B] (+0) +0.586842105<x36>[B] (+0) +0.586842105<x37>[B] (+0) -0.586842105<x38>[B] (+0) -0.586842105<x39>[B] (+0) -0.586842105<x40>[B] (+0) -0.586842105<x41>[B] (+0) -0.586842105<x42>[B] (+0) -0.586842105<x43>[B] (+4.21884749e-15) -0.586842105<x44>[B] (+0) -0.586842105<x45>[B] (+0) -0.586842105<x46>[B] (+0) -0.586842105<x47>[B] (+1) -0.586842105<x48>[B] (+0) -0.586842105<x49>[B] (+0) -0.586842105<x50>[B] (+0) -0.586842105<x51>[B] (+0) -0.586842105<x52>[B] (+0) -0.586842105<x53>[B] (+0) +0.586842105<x54>[B] (+0) +0.586842105<x55>[B] (+0) +0.586842105<x56>[B] (+0) +0.586842105<x57>[B] (+1) -0.586842105<x58>[B] (+1) +0.586842105<x59>[B] (+1) -0.586842105<x60>[B] (+0) +0.586842105<x61>[B] (+0) -0.586842105<x62>[B] (+1) +0.586842105<x63>[B] (+1) -0.586842105<x64>[B] (+0) +0.586842105<x65>[B] (+1) +0.586842105<x66>[B] (+0) +0.586842105<x67>[B] (+0) +0.586842105<x68>[B] (+0) +0.586842105<x69>[B] (+4.19109192e-15) +0.586842105<x70>[B] (+0) +0.586842105<x71>[B] (+0) -0.586842105<x72>[B] (+1) -0.586842105<x73>[B] (+1) -0.586842105<x74>[B] (+1) -0.586842105<x75>[B] (+1) +0.586842105<x76>[B] (+0) -0.586842105<x77>[B] (+1) +0.586842105<x78>[B] (+1) -0.586842105<x79>[B] (+1) -0.586842105<x80>[B] (+1) -0.586842105<x81>[B] (+1) -0.586842105<x82>[B] (+1) +0.586842105<x83>[B] (+0) +0.586842105<x84>[B] (+1) +0.586842105<x85>[B] (+1) -0.586842105<x86>[B] (+1) -0.586842105<x87>[B] (+1) -0.586842105<x88>[B] (+1) -0.586842105<x89>[B] (+1) -0.586842105<x90>[B] (+1) -0.586842105<x91>[B] (+1) -0.586842105<x92>[B] (+1) -0.586842105<x93>[B] (+1) -0.586842105<x94>[B] (+1) -0.586842105<x95>[B] (+1) -0.586842105<x96>[B] (+1) -0.586842105<x97>[B] (+1) -0.586842105<x98>[B] (+1) +0.586842105<x99>[B] (+1) -0.586842105<x100>[B] (+0) -0.586842105<x101>[B] (+4.21884749e-15) -0.586842105<x102>[B] (+0) +0.586842105<x103>[B] (+0) -0.586842105<x104>[B] (+0) +0.586842105<x105>[B] (+1) -0.586842105<x106>[B] (+0) -0.586842105<x107>[B] (+0) -0.586842105<x108>[B] (+0) -0.586842105<x109>[B] (+0) +0.586842105<x110>[B] (+0) +0.586842105<x111>[B] (+0) +0.586842105<x112>[B] (+4.21884749e-15) +0.586842105<x113>[B] (+0) +0.586842105<x114>[B] (+0) +0.586842105<x115>[B] (+0) +0.586842105<x116>[B] (+0) +0.586842105<x117>[B] (+1) -0.586842105<x118>[B] (+0) +0.586842105<x119>[B] (+1) +0.586842105<x120>[B] (+0) +0.586842105<x121>[B] (+0) +0.586842105<x122>[B] (+0) +0.586842105<x123>[B] (+0) +0.586842105<x124>[B] (+0) -0.586842105<x125>[B] (+0) +0.586842105<x126>[B] (+0) -0.586842105<x127>[B] (+1) +0.586842105<x128>[B] (+1) -0.586842105<x129>[B] (+0) -0.586842105<x130>[B] (+1) +0.586842105<x131>[B] (+0) -0.586842105<x132>[B] (+0) +0.586842105<x133>[B] (+0) +0.586842105<x134>[B] (+0) +0.586842105<x135>[B] (+0) +0.586842105<x136>[B] (+0) +0.586842105<x137>[B] (+1) +0.586842105<x138>[B] (+1) -0.586842105<x139>[B] (+1) +0.586842105<x140>[B] (+1) +0.586842105<x141>[B] (+1) +0.586842105<x142>[B] (+1) +0.586842105<x143>[B] (+0) +0.586842105<x144>[B] (+0) +0.586842105<x145>[B] (+0) -0.586842105<x146>[B] (+1) +0.586842105<x147>[B] (+1) -0.586842105<x148>[B] (+1) -0.586842105<x149>[B] (+1) -0.586842105<x150>[B] (+1) -0.586842105<x151>[B] (+1) +0.586842105<x152>[B] (+0) +0.586842105<x153>[B] (+1) +0.586842105<x154>[B] (+1) +0.586842105<x155>[B] (+1) -0.586842105<x156>[B] (+4.19109192e-15) +0.586842105<x157>[B] (+1) +0.586842105<x158>[B] (+0) +0.586842105<x159>[B] (+0) +0.586842105<x160>[B] (+0) +0.586842105<x161>[B] (+4.19109192e-15) +0.586842105<x162>[B] (+0) -0.586842105<x163>[B] (+4.19109192e-15) -0.586842105<x164>[B] (+0) -0.586842105<x165>[B] (+0) -0.586842105<x166>[B] (+0) +0.586842105<x167>[B] (+0) +0.586842105<x168>[B] (+0) +0.586842105<x169>[B] (+0) +0.586842105<x170>[B] (+1) +0.586842105<x171>[B] (+0) +0.586842105<x172>[B] (+0) +0.586842105<x173>[B] (+0) +0.586842105<x174>[B] (+0) +0.586842105<x175>[B] (+0) +0.586842105<x176>[B] (+0) +0.586842105<x177>[B] (+0) +0.586842105<x178>[B] (+0) +0.586842105<x179>[B] (+0) +0.586842105<x180>[B] (+0) -0.586842105<x181>[B] (+1) +0.586842105<x182>[B] (+0) +0.586842105<x183>[B] (+0) +0.586842105<x184>[B] (+0) +0.586842105<x185>[B] (+0) +0.586842105<x186>[B] (+0) +0.586842105<x187>[B] (+0) -0.586842105<x188>[B] (+1) +0.586842105<x189>[B] (+1) +0.586842105<x190>[B] (+1) >= 26.5552631578947;
;
violation: left hand side is violated by 0.410526315789529
  [linear] <c2397>: <x191>[C] (+29.8394737) -0.523684211<x1>[B] (+1) -0.523684211<x2>[B] (+1) -0.523684211<x3>[B] (+0) +0.523684211<x4>[B] (+0) -0.523684211<x5>[B] (+0) -0.523684211<x6>[B] (+1) -0.523684211<x7>[B] (+1) +0.523684211<x8>[B] (+0) -0.523684211<x9>[B] (+0) -0.523684211<x10>[B] (+0) -0.523684211<x11>[B] (+1) -0.523684211<x12>[B] (+1) +0.523684211<x13>[B] (+0) +0.523684211<x14>[B] (+1) -0.523684211<x15>[B] (+0) +0.523684211<x16>[B] (+0) +0.523684211<x17>[B] (+0) -0.523684211<x18>[B] (+0) -0.523684211<x19>[B] (+0) +0.523684211<x20>[B] (+1) +0.523684211<x21>[B] (+0) +0.523684211<x22>[B] (+0) -0.523684211<x23>[B] (+0) -0.523684211<x24>[B] (+1) +0.523684211<x25>[B] (+0) +0.523684211<x26>[B] (+0) +0.523684211<x27>[B] (+0) +0.523684211<x28>[B] (+0) +0.523684211<x29>[B] (+0) +0.523684211<x30>[B] (+1) +0.523684211<x31>[B] (+0) +0.523684211<x32>[B] (+1) +0.523684211<x33>[B] (+0) +0.523684211<x34>[B] (+0) +0.523684211<x35>[B] (+0) +0.523684211<x36>[B] (+0) +0.523684211<x37>[B] (+0) -0.523684211<x38>[B] (+0) +0.523684211<x39>[B] (+0) -0.523684211<x40>[B] (+0) -0.523684211<x41>[B] (+0) -0.523684211<x42>[B] (+0) +0.523684211<x43>[B] (+0) -0.523684211<x44>[B] (+0) +0.523684211<x45>[B] (+0) +0.523684211<x46>[B] (+0) +0.523684211<x47>[B] (+1) +0.523684211<x48>[B] (+0) +0.523684211<x49>[B] (+0) -0.523684211<x50>[B] (+0) +0.523684211<x51>[B] (+0) +0.523684211<x52>[B] (+0) +0.523684211<x53>[B] (+0) -0.523684211<x54>[B] (+0) +0.523684211<x55>[B] (+0) -0.523684211<x56>[B] (+0) -0.523684211<x57>[B] (+1) -0.523684211<x58>[B] (+1) +0.523684211<x59>[B] (+1) +0.523684211<x60>[B] (+0) +0.523684211<x61>[B] (+0) +0.523684211<x62>[B] (+1) +0.523684211<x63>[B] (+1) +0.523684211<x64>[B] (+1) +0.523684211<x65>[B] (+1) -0.523684211<x66>[B] (+1) +0.523684211<x67>[B] (+0) +0.523684211<x68>[B] (+0) +0.523684211<x69>[B] (+0) -0.523684211<x70>[B] (+0) -0.523684211<x71>[B] (+0) -0.523684211<x72>[B] (+1) -0.523684211<x73>[B] (+1) -0.523684211<x74>[B] (+1) -0.523684211<x75>[B] (+1) -0.523684211<x76>[B] (+0) -0.523684211<x77>[B] (+1) -0.523684211<x78>[B] (+1) -0.523684211<x79>[B] (+1) -0.523684211<x80>[B] (+1) -0.523684211<x81>[B] (+1) +0.523684211<x82>[B] (+1) -0.523684211<x83>[B] (+0) -0.523684211<x84>[B] (+1) -0.523684211<x85>[B] (+1) -0.523684211<x86>[B] (+1) +0.523684211<x87>[B] (+1) +0.523684211<x88>[B] (+1) +0.523684211<x89>[B] (+1) +0.523684211<x90>[B] (+1) +0.523684211<x91>[B] (+1) +0.523684211<x92>[B] (+1) +0.523684211<x93>[B] (+1) +0.523684211<x94>[B] (+1) +0.523684211<x95>[B] (+1) +0.523684211<x96>[B] (+1) +0.523684211<x97>[B] (+1) +0.523684211<x98>[B] (+1) +0.523684211<x99>[B] (+1) +0.523684211<x100>[B] (+0) +0.523684211<x101>[B] (+0) +0.523684211<x102>[B] (+0) +0.523684211<x103>[B] (+0) +0.523684211<x104>[B] (+0) +0.523684211<x105>[B] (+1) +0.523684211<x106>[B] (+0) +0.523684211<x107>[B] (+0) +0.523684211<x108>[B] (+0) +0.523684211<x109>[B] (+0) +0.523684211<x110>[B] (+0) +0.523684211<x111>[B] (+0) +0.523684211<x112>[B] (+0) +0.523684211<x113>[B] (+0) +0.523684211<x114>[B] (+0) +0.523684211<x115>[B] (+0) +0.523684211<x116>[B] (+0) +0.523684211<x117>[B] (+1) +0.523684211<x118>[B] (+0) +0.523684211<x119>[B] (+1) -0.523684211<x120>[B] (+0) +0.523684211<x121>[B] (+0) +0.523684211<x122>[B] (+0) +0.523684211<x123>[B] (+0) -0.523684211<x124>[B] (+0) -0.523684211<x125>[B] (+0) -0.523684211<x126>[B] (+0) -0.523684211<x127>[B] (+1) -0.523684211<x128>[B] (+1) +0.523684211<x129>[B] (+0) +0.523684211<x130>[B] (+1) -0.523684211<x131>[B] (+0) +0.523684211<x132>[B] (+0) +0.523684211<x133>[B] (+0) -0.523684211<x134>[B] (+0) -0.523684211<x135>[B] (+0) +0.523684211<x136>[B] (+0) +0.523684211<x137>[B] (+1) +0.523684211<x138>[B] (+1) +0.523684211<x139>[B] (+1) +0.523684211<x140>[B] (+1) -0.523684211<x141>[B] (+1) +0.523684211<x142>[B] (+1) +0.523684211<x143>[B] (+0) +0.523684211<x144>[B] (+0) -0.523684211<x145>[B] (+0) -0.523684211<x146>[B] (+1) +0.523684211<x147>[B] (+1) +0.523684211<x148>[B] (+1) +0.523684211<x149>[B] (+1) -0.523684211<x150>[B] (+1) +0.523684211<x151>[B] (+1) +0.523684211<x152>[B] (+0) -0.523684211<x153>[B] (+1) -0.523684211<x154>[B] (+1) +0.523684211<x155>[B] (+1) +0.523684211<x156>[B] (+0) +0.523684211<x157>[B] (+1) -0.523684211<x158>[B] (+0) +0.523684211<x159>[B] (+0) +0.523684211<x160>[B] (+0) +0.523684211<x161>[B] (+0) -0.523684211<x162>[B] (+0) +0.523684211<x163>[B] (+0) +0.523684211<x164>[B] (+0) -0.523684211<x165>[B] (+0) +0.523684211<x166>[B] (+0) +0.523684211<x167>[B] (+0) -0.523684211<x168>[B] (+0) -0.523684211<x169>[B] (+0) -0.523684211<x170>[B] (+1) -0.523684211<x171>[B] (+0) +0.523684211<x172>[B] (+0) -0.523684211<x173>[B] (+0) -0.523684211<x174>[B] (+0) -0.523684211<x175>[B] (+0) -0.523684211<x176>[B] (+0) +0.523684211<x177>[B] (+0) +0.523684211<x178>[B] (+0) -0.523684211<x179>[B] (+0) -0.523684211<x180>[B] (+0) +0.523684211<x181>[B] (+0) +0.523684211<x182>[B] (+0) +0.523684211<x183>[B] (+0) -0.523684211<x184>[B] (+0) -0.523684211<x185>[B] (+0) -0.523684211<x186>[B] (+0) -0.523684211<x187>[B] (+0) -0.523684211<x188>[B] (+1) -0.523684211<x189>[B] (+1) -0.523684211<x190>[B] (+1) >= 33.1236842105263;
;
violation: left hand side is violated by 0.142105263157887
  [linear] <c2397>: <x191>[C] (+26.7473684) -0.523684211<x1>[B] (+0) -0.523684211<x2>[B] (+0) -0.523684211<x3>[B] (+0) +0.523684211<x4>[B] (+0) -0.523684211<x5>[B] (+0) -0.523684211<x6>[B] (+1) -0.523684211<x7>[B] (+0) +0.523684211<x8>[B] (+0) -0.523684211<x9>[B] (+0) -0.523684211<x10>[B] (+0) -0.523684211<x11>[B] (+0) -0.523684211<x12>[B] (+1) +0.523684211<x13>[B] (+0) +0.523684211<x14>[B] (+0) -0.523684211<x15>[B] (+0) +0.523684211<x16>[B] (+0) +0.523684211<x17>[B] (+0) -0.523684211<x18>[B] (+0) -0.523684211<x19>[B] (+0) +0.523684211<x20>[B] (+1) +0.523684211<x21>[B] (+0) +0.523684211<x22>[B] (+0) -0.523684211<x23>[B] (+0) -0.523684211<x24>[B] (+1) +0.523684211<x25>[B] (+1) +0.523684211<x26>[B] (+1) +0.523684211<x27>[B] (+0) +0.523684211<x28>[B] (+0) +0.523684211<x29>[B] (+0) +0.523684211<x30>[B] (+1) +0.523684211<x31>[B] (+0) +0.523684211<x32>[B] (+1) +0.523684211<x33>[B] (+0) +0.523684211<x34>[B] (+0) +0.523684211<x35>[B] (+0) +0.523684211<x36>[B] (+0) +0.523684211<x37>[B] (+0) -0.523684211<x38>[B] (+0) +0.523684211<x39>[B] (+0) -0.523684211<x40>[B] (+0) -0.523684211<x41>[B] (+1) -0.523684211<x42>[B] (+0) +0.523684211<x43>[B] (+1) -0.523684211<x44>[B] (+0) +0.523684211<x45>[B] (+0) +0.523684211<x46>[B] (+0) +0.523684211<x47>[B] (+1) +0.523684211<x48>[B] (+0) +0.523684211<x49>[B] (+0) -0.523684211<x50>[B] (+0) +0.523684211<x51>[B] (+0) +0.523684211<x52>[B] (+0) +0.523684211<x53>[B] (+0) -0.523684211<x54>[B] (+0) +0.523684211<x55>[B] (+0) -0.523684211<x56>[B] (+0) -0.523684211<x57>[B] (+1) -0.523684211<x58>[B] (+1) +0.523684211<x59>[B] (+1) +0.523684211<x60>[B] (+0) +0.523684211<x61>[B] (+0) +0.523684211<x62>[B] (+1) +0.523684211<x63>[B] (+1) +0.523684211<x64>[B] (+1) +0.523684211<x65>[B] (+1) -0.523684211<x66>[B] (+0) +0.523684211<x67>[B] (+0) +0.523684211<x68>[B] (+0) +0.523684211<x69>[B] (+0) -0.523684211<x70>[B] (+0) -0.523684211<x71>[B] (+0) -0.523684211<x72>[B] (+1) -0.523684211<x73>[B] (+1) -0.523684211<x74>[B] (+1) -0.523684211<x75>[B] (+1) -0.523684211<x76>[B] (+0) -0.523684211<x77>[B] (+1) -0.523684211<x78>[B] (+1) -0.523684211<x79>[B] (+1) -0.523684211<x80>[B] (+1) -0.523684211<x81>[B] (+1) +0.523684211<x82>[B] (+1) -0.523684211<x83>[B] (+0) -0.523684211<x84>[B] (+1) -0.523684211<x85>[B] (+1) -0.523684211<x86>[B] (+1) +0.523684211<x87>[B] (+1) +0.523684211<x88>[B] (+1) +0.523684211<x89>[B] (+1) +0.523684211<x90>[B] (+0) +0.523684211<x91>[B] (+1) +0.523684211<x92>[B] (+1) +0.523684211<x93>[B] (+1) +0.523684211<x94>[B] (+1) +0.523684211<x95>[B] (+1) +0.523684211<x96>[B] (+1) +0.523684211<x97>[B] (+0) +0.523684211<x98>[B] (+1) +0.523684211<x99>[B] (+1) +0.523684211<x100>[B] (+0) +0.523684211<x101>[B] (+0) +0.523684211<x102>[B] (+0) +0.523684211<x103>[B] (+0) +0.523684211<x104>[B] (+0) +0.523684211<x105>[B] (+1) +0.523684211<x106>[B] (+0) +0.523684211<x107>[B] (+0) +0.523684211<x108>[B] (+0) +0.523684211<x109>[B] (+0) +0.523684211<x110>[B] (+0) +0.523684211<x111>[B] (+0) +0.523684211<x112>[B] (+0) +0.523684211<x113>[B] (+1) +0.523684211<x114>[B] (+0) +0.523684211<x115>[B] (+0) +0.523684211<x116>[B] (+0) +0.523684211<x117>[B] (+1) +0.523684211<x118>[B] (+0) +0.523684211<x119>[B] (+0) -0.523684211<x120>[B] (+0) +0.523684211<x121>[B] (+0) +0.523684211<x122>[B] (+0) +0.523684211<x123>[B] (+0) -0.523684211<x124>[B] (+0) -0.523684211<x125>[B] (+0) -0.523684211<x126>[B] (+0) -0.523684211<x127>[B] (+0) -0.523684211<x128>[B] (+1) +0.523684211<x129>[B] (+0) +0.523684211<x130>[B] (+0) -0.523684211<x131>[B] (+0) +0.523684211<x132>[B] (+0) +0.523684211<x133>[B] (+0) -0.523684211<x134>[B] (+0) -0.523684211<x135>[B] (+0) +0.523684211<x136>[B] (+0) +0.523684211<x137>[B] (+1) +0.523684211<x138>[B] (+1) +0.523684211<x139>[B] (+1) +0.523684211<x140>[B] (+1) -0.523684211<x141>[B] (+1) +0.523684211<x142>[B] (+1) +0.523684211<x143>[B] (+0) +0.523684211<x144>[B] (+0) -0.523684211<x145>[B] (+0) -0.523684211<x146>[B] (+1) +0.523684211<x147>[B] (+1) +0.523684211<x148>[B] (+1) +0.523684211<x149>[B] (+1) -0.523684211<x150>[B] (+1) +0.523684211<x151>[B] (+1) +0.523684211<x152>[B] (+0) -0.523684211<x153>[B] (+1) -0.523684211<x154>[B] (+1) +0.523684211<x155>[B] (+1) +0.523684211<x156>[B] (+0) +0.523684211<x157>[B] (+1) -0.523684211<x158>[B] (+0) +0.523684211<x159>[B] (+0) +0.523684211<x160>[B] (+0) +0.523684211<x161>[B] (+0) -0.523684211<x162>[B] (+0) +0.523684211<x163>[B] (+0) +0.523684211<x164>[B] (+0) -0.523684211<x165>[B] (+0) +0.523684211<x166>[B] (+0) +0.523684211<x167>[B] (+0) -0.523684211<x168>[B] (+0) -0.523684211<x169>[B] (+0) -0.523684211<x170>[B] (+1) -0.523684211<x171>[B] (+0) +0.523684211<x172>[B] (+0) -0.523684211<x173>[B] (+0) -0.523684211<x174>[B] (+0) -0.523684211<x175>[B] (+0) -0.523684211<x176>[B] (+0) +0.523684211<x177>[B] (+0) +0.523684211<x178>[B] (+0) -0.523684211<x179>[B] (+0) -0.523684211<x180>[B] (+0) +0.523684211<x181>[B] (+1) +0.523684211<x182>[B] (+0) +0.523684211<x183>[B] (+0) -0.523684211<x184>[B] (+0) -0.523684211<x185>[B] (+0) -0.523684211<x186>[B] (+0) -0.523684211<x187>[B] (+0) -0.523684211<x188>[B] (+1) -0.523684211<x189>[B] (+1) -0.523684211<x190>[B] (+1) >= 33.1236842105263;
;
violation: left hand side is violated by 0.615789473684217
  [linear] <c2397>: <x191>[C] (+29.8394737) -0.523684211<x1>[B] (+0) -0.523684211<x2>[B] (+1) -0.523684211<x3>[B] (+0) +0.523684211<x4>[B] (+0) -0.523684211<x5>[B] (+0) -0.523684211<x6>[B] (+1) -0.523684211<x7>[B] (+0) +0.523684211<x8>[B] (+0) -0.523684211<x9>[B] (+0) -0.523684211<x10>[B] (+0) -0.523684211<x11>[B] (+0) -0.523684211<x12>[B] (+1) +0.523684211<x13>[B] (+0) +0.523684211<x14>[B] (+0) -0.523684211<x15>[B] (+0) +0.523684211<x16>[B] (+0) +0.523684211<x17>[B] (+0) -0.523684211<x18>[B] (+0) -0.523684211<x19>[B] (+0) +0.523684211<x20>[B] (+1) +0.523684211<x21>[B] (+0) +0.523684211<x22>[B] (+0) -0.523684211<x23>[B] (+0) -0.523684211<x24>[B] (+1) +0.523684211<x25>[B] (+0) +0.523684211<x26>[B] (+0) +0.523684211<x27>[B] (+0) +0.523684211<x28>[B] (+0) +0.523684211<x29>[B] (+0) +0.523684211<x30>[B] (+1) +0.523684211<x31>[B] (+0) +0.523684211<x32>[B] (+1) +0.523684211<x33>[B] (+0) +0.523684211<x34>[B] (+0) +0.523684211<x35>[B] (+0) +0.523684211<x36>[B] (+0) +0.523684211<x37>[B] (+0) -0.523684211<x38>[B] (+0) +0.523684211<x39>[B] (+0) -0.523684211<x40>[B] (+0) -0.523684211<x41>[B] (+0) -0.523684211<x42>[B] (+0) +0.523684211<x43>[B] (+0) -0.523684211<x44>[B] (+0) +0.523684211<x45>[B] (+0) +0.523684211<x46>[B] (+0) +0.523684211<x47>[B] (+1) +0.523684211<x48>[B] (+0) +0.523684211<x49>[B] (+0) -0.523684211<x50>[B] (+0) +0.523684211<x51>[B] (+0) +0.523684211<x52>[B] (+0) +0.523684211<x53>[B] (+0) -0.523684211<x54>[B] (+0) +0.523684211<x55>[B] (+0) -0.523684211<x56>[B] (+0) -0.523684211<x57>[B] (+1) -0.523684211<x58>[B] (+1) +0.523684211<x59>[B] (+1) +0.523684211<x60>[B] (+0) +0.523684211<x61>[B] (+0) +0.523684211<x62>[B] (+1) +0.523684211<x63>[B] (+1) +0.523684211<x64>[B] (+1) +0.523684211<x65>[B] (+1) -0.523684211<x66>[B] (+1) +0.523684211<x67>[B] (+0) +0.523684211<x68>[B] (+0) +0.523684211<x69>[B] (+0) -0.523684211<x70>[B] (+1) -0.523684211<x71>[B] (+0) -0.523684211<x72>[B] (+1) -0.523684211<x73>[B] (+1) -0.523684211<x74>[B] (+1) -0.523684211<x75>[B] (+1) -0.523684211<x76>[B] (+0) -0.523684211<x77>[B] (+1) -0.523684211<x78>[B] (+1) -0.523684211<x79>[B] (+1) -0.523684211<x80>[B] (+1) -0.523684211<x81>[B] (+1) +0.523684211<x82>[B] (+1) -0.523684211<x83>[B] (+0) -0.523684211<x84>[B] (+1) -0.523684211<x85>[B] (+1) -0.523684211<x86>[B] (+1) +0.523684211<x87>[B] (+1) +0.523684211<x88>[B] (+1) +0.523684211<x89>[B] (+1) +0.523684211<x90>[B] (+0) +0.523684211<x91>[B] (+1) +0.523684211<x92>[B] (+1) +0.523684211<x93>[B] (+1) +0.523684211<x94>[B] (+1) +0.523684211<x95>[B] (+1) +0.523684211<x96>[B] (+1) +0.523684211<x97>[B] (+0) +0.523684211<x98>[B] (+1) +0.523684211<x99>[B] (+1) +0.523684211<x100>[B] (+0) +0.523684211<x101>[B] (+0) +0.523684211<x102>[B] (+0) +0.523684211<x103>[B] (+0) +0.523684211<x104>[B] (+0) +0.523684211<x105>[B] (+1) +0.523684211<x106>[B] (+0) +0.523684211<x107>[B] (+0) +0.523684211<x108>[B] (+0) +0.523684211<x109>[B] (+0) +0.523684211<x110>[B] (+0) +0.523684211<x111>[B] (+0) +0.523684211<x112>[B] (+0) +0.523684211<x113>[B] (+0) +0.523684211<x114>[B] (+0) +0.523684211<x115>[B] (+0) +0.523684211<x116>[B] (+0) +0.523684211<x117>[B] (+1) +0.523684211<x118>[B] (+0) +0.523684211<x119>[B] (+1) -0.523684211<x120>[B] (+0) +0.523684211<x121>[B] (+0) +0.523684211<x122>[B] (+0) +0.523684211<x123>[B] (+0) -0.523684211<x124>[B] (+0) -0.523684211<x125>[B] (+0) -0.523684211<x126>[B] (+0) -0.523684211<x127>[B] (+0) -0.523684211<x128>[B] (+1) +0.523684211<x129>[B] (+0) +0.523684211<x130>[B] (+1) -0.523684211<x131>[B] (+0) +0.523684211<x132>[B] (+0) +0.523684211<x133>[B] (+0) -0.523684211<x134>[B] (+0) -0.523684211<x135>[B] (+0) +0.523684211<x136>[B] (+0) +0.523684211<x137>[B] (+1) +0.523684211<x138>[B] (+1) +0.523684211<x139>[B] (+1) +0.523684211<x140>[B] (+1) -0.523684211<x141>[B] (+1) +0.523684211<x142>[B] (+1) +0.523684211<x143>[B] (+0) +0.523684211<x144>[B] (+1) -0.523684211<x145>[B] (+1) -0.523684211<x146>[B] (+1) +0.523684211<x147>[B] (+1) +0.523684211<x148>[B] (+1) +0.523684211<x149>[B] (+1) -0.523684211<x150>[B] (+1) +0.523684211<x151>[B] (+1) +0.523684211<x152>[B] (+0) -0.523684211<x153>[B] (+1) -0.523684211<x154>[B] (+1) +0.523684211<x155>[B] (+1) +0.523684211<x156>[B] (+1) +0.523684211<x157>[B] (+1) -0.523684211<x158>[B] (+0) +0.523684211<x159>[B] (+0) +0.523684211<x160>[B] (+0) +0.523684211<x161>[B] (+0) -0.523684211<x162>[B] (+0) +0.523684211<x163>[B] (+0) +0.523684211<x164>[B] (+0) -0.523684211<x165>[B] (+0) +0.523684211<x166>[B] (+0) +0.523684211<x167>[B] (+0) -0.523684211<x168>[B] (+0) -0.523684211<x169>[B] (+0) -0.523684211<x170>[B] (+1) -0.523684211<x171>[B] (+0) +0.523684211<x172>[B] (+0) -0.523684211<x173>[B] (+0) -0.523684211<x174>[B] (+0) -0.523684211<x175>[B] (+0) -0.523684211<x176>[B] (+0) +0.523684211<x177>[B] (+0) +0.523684211<x178>[B] (+0) -0.523684211<x179>[B] (+0) -0.523684211<x180>[B] (+0) +0.523684211<x181>[B] (+0) +0.523684211<x182>[B] (+0) +0.523684211<x183>[B] (+0) -0.523684211<x184>[B] (+0) -0.523684211<x185>[B] (+0) -0.523684211<x186>[B] (+0) -0.523684211<x187>[B] (+1) -0.523684211<x188>[B] (+1) -0.523684211<x189>[B] (+1) -0.523684211<x190>[B] (+1) >= 33.1236842105263;
;
violation: left hand side is violated by 0.142105263157873
  [linear] <c2397>: <x191>[C] (+29.2210526) -0.523684211<x1>[B] (+1) -0.523684211<x2>[B] (+1) -0.523684211<x3>[B] (+0) +0.523684211<x4>[B] (+0) -0.523684211<x5>[B] (+0) -0.523684211<x6>[B] (+1) -0.523684211<x7>[B] (+1) +0.523684211<x8>[B] (+0) -0.523684211<x9>[B] (+0) -0.523684211<x10>[B] (+0) -0.523684211<x11>[B] (+1) -0.523684211<x12>[B] (+1) +0.523684211<x13>[B] (+0) +0.523684211<x14>[B] (+1) -0.523684211<x15>[B] (+0) +0.523684211<x16>[B] (+0) +0.523684211<x17>[B] (+0) -0.523684211<x18>[B] (+0) -0.523684211<x19>[B] (+0) +0.523684211<x20>[B] (+1) +0.523684211<x21>[B] (+0) +0.523684211<x22>[B] (+0) -0.523684211<x23>[B] (+0) -0.523684211<x24>[B] (+1) +0.523684211<x25>[B] (+1) +0.523684211<x26>[B] (+0) +0.523684211<x27>[B] (+0) +0.523684211<x28>[B] (+0) +0.523684211<x29>[B] (+0) +0.523684211<x30>[B] (+1) +0.523684211<x31>[B] (+0) +0.523684211<x32>[B] (+1) +0.523684211<x33>[B] (+0) +0.523684211<x34>[B] (+0) +0.523684211<x35>[B] (+0) +0.523684211<x36>[B] (+0) +0.523684211<x37>[B] (+0) -0.523684211<x38>[B] (+0) +0.523684211<x39>[B] (+0) -0.523684211<x40>[B] (+0) -0.523684211<x41>[B] (+0) -0.523684211<x42>[B] (+0) +0.523684211<x43>[B] (+0) -0.523684211<x44>[B] (+0) +0.523684211<x45>[B] (+0) +0.523684211<x46>[B] (+0) +0.523684211<x47>[B] (+1) +0.523684211<x48>[B] (+0) +0.523684211<x49>[B] (+0) -0.523684211<x50>[B] (+0) +0.523684211<x51>[B] (+0) +0.523684211<x52>[B] (+0) +0.523684211<x53>[B] (+0) -0.523684211<x54>[B] (+0) +0.523684211<x55>[B] (+0) -0.523684211<x56>[B] (+0) -0.523684211<x57>[B] (+1) -0.523684211<x58>[B] (+1) +0.523684211<x59>[B] (+1) +0.523684211<x60>[B] (+0) +0.523684211<x61>[B] (+0) +0.523684211<x62>[B] (+1) +0.523684211<x63>[B] (+1) +0.523684211<x64>[B] (+1) +0.523684211<x65>[B] (+1) -0.523684211<x66>[B] (+0) +0.523684211<x67>[B] (+0) +0.523684211<x68>[B] (+0) +0.523684211<x69>[B] (+0) -0.523684211<x70>[B] (+0) -0.523684211<x71>[B] (+0) -0.523684211<x72>[B] (+1) -0.523684211<x73>[B] (+1) -0.523684211<x74>[B] (+1) -0.523684211<x75>[B] (+1) -0.523684211<x76>[B] (+0) -0.523684211<x77>[B] (+1) -0.523684211<x78>[B] (+1) -0.523684211<x79>[B] (+1) -0.523684211<x80>[B] (+1) -0.523684211<x81>[B] (+1) +0.523684211<x82>[B] (+1) -0.523684211<x83>[B] (+0) -0.523684211<x84>[B] (+1) -0.523684211<x85>[B] (+1) -0.523684211<x86>[B] (+1) +0.523684211<x87>[B] (+1) +0.523684211<x88>[B] (+1) +0.523684211<x89>[B] (+1) +0.523684211<x90>[B] (+0) +0.523684211<x91>[B] (+1) +0.523684211<x92>[B] (+1) +0.523684211<x93>[B] (+1) +0.523684211<x94>[B] (+1) +0.523684211<x95>[B] (+1) +0.523684211<x96>[B] (+1) +0.523684211<x97>[B] (+0) +0.523684211<x98>[B] (+1) +0.523684211<x99>[B] (+1) +0.523684211<x100>[B] (+0) +0.523684211<x101>[B] (+0) +0.523684211<x102>[B] (+0) +0.523684211<x103>[B] (+0) +0.523684211<x104>[B] (+0) +0.523684211<x105>[B] (+1) +0.523684211<x106>[B] (+0) +0.523684211<x107>[B] (+0) +0.523684211<x108>[B] (+0) +0.523684211<x109>[B] (+0) +0.523684211<x110>[B] (+0) +0.523684211<x111>[B] (+0) +0.523684211<x112>[B] (+0) +0.523684211<x113>[B] (+0) +0.523684211<x114>[B] (+0) +0.523684211<x115>[B] (+0) +0.523684211<x116>[B] (+0) +0.523684211<x117>[B] (+1) +0.523684211<x118>[B] (+0) +0.523684211<x119>[B] (+0) -0.523684211<x120>[B] (+0) +0.523684211<x121>[B] (+0) +0.523684211<x122>[B] (+0) +0.523684211<x123>[B] (+0) -0.523684211<x124>[B] (+0) -0.523684211<x125>[B] (+0) -0.523684211<x126>[B] (+0) -0.523684211<x127>[B] (+1) -0.523684211<x128>[B] (+1) +0.523684211<x129>[B] (+1) +0.523684211<x130>[B] (+1) -0.523684211<x131>[B] (+0) +0.523684211<x132>[B] (+0) +0.523684211<x133>[B] (+0) -0.523684211<x134>[B] (+0) -0.523684211<x135>[B] (+0) +0.523684211<x136>[B] (+0) +0.523684211<x137>[B] (+1) +0.523684211<x138>[B] (+1) +0.523684211<x139>[B] (+1) +0.523684211<x140>[B] (+1) -0.523684211<x141>[B] (+1) +0.523684211<x142>[B] (+1) +0.523684211<x143>[B] (+0) +0.523684211<x144>[B] (+1) -0.523684211<x145>[B] (+1) -0.523684211<x146>[B] (+1) +0.523684211<x147>[B] (+1) +0.523684211<x148>[B] (+1) +0.523684211<x149>[B] (+1) -0.523684211<x150>[B] (+1) +0.523684211<x151>[B] (+1) +0.523684211<x152>[B] (+0) -0.523684211<x153>[B] (+1) -0.523684211<x154>[B] (+1) +0.523684211<x155>[B] (+1) +0.523684211<x156>[B] (+0) +0.523684211<x157>[B] (+1) -0.523684211<x158>[B] (+0) +0.523684211<x159>[B] (+0) +0.523684211<x160>[B] (+0) +0.523684211<x161>[B] (+0) -0.523684211<x162>[B] (+0) +0.523684211<x163>[B] (+0) +0.523684211<x164>[B] (+0) -0.523684211<x165>[B] (+0) +0.523684211<x166>[B] (+0) +0.523684211<x167>[B] (+0) -0.523684211<x168>[B] (+0) -0.523684211<x169>[B] (+0) -0.523684211<x170>[B] (+1) -0.523684211<x171>[B] (+0) +0.523684211<x172>[B] (+0) -0.523684211<x173>[B] (+0) -0.523684211<x174>[B] (+0) -0.523684211<x175>[B] (+0) -0.523684211<x176>[B] (+0) +0.523684211<x177>[B] (+0) +0.523684211<x178>[B] (+0) -0.523684211<x179>[B] (+0) -0.523684211<x180>[B] (+0) +0.523684211<x181>[B] (+1) +0.523684211<x182>[B] (+0) +0.523684211<x183>[B] (+0) -0.523684211<x184>[B] (+0) -0.523684211<x185>[B] (+0) -0.523684211<x186>[B] (+0) -0.523684211<x187>[B] (+0) -0.523684211<x188>[B] (+1) -0.523684211<x189>[B] (+1) -0.523684211<x190>[B] (+1) >= 33.1236842105263;
;
violation: left hand side is violated by 0.236842105263122
all 10 solutions given by solution candidate storage are infeasible

feasible solution found by trivial heuristic after 0.0 seconds, objective value -6.000232e+06
presolving:
   (0.0s) symmetry computation started: requiring (bin +, int +, cont +), (fixed: bin -, int -, cont -)
   (0.0s) no symmetry present (symcode time: 0.00)
presolving (0 rounds: 0 fast, 0 medium, 0 exhaustive):
 0 deleted vars, 0 deleted constraints, 0 added constraints, 0 tightened bounds, 0 added holes, 0 changed sides, 0 changed coefficients
 0 implications, 0 cliques, 0 implied integral variables (0 bin, 0 int, 0 cont)
presolved problem has 250 variables (190 bin, 0 int, 60 cont) and 2446 constraints
   2446 constraints of type <linear>
Presolving Time: 0.02
transformed 1/1 original solutions to the transformed problem space

 time | node  | left  |LP iter|LP it/n|mem/heur|mdpt |vars |cons |rows |cuts |sepa|confs|strbr|  dualbound   | primalbound  |  gap   | compl. 
p 0.0s|     1 |     0 |    31 |     - |   locks|   0 | 250 |2446 |2446 |   0 |  0 |   0 |   0 | 4.320000e+02 |-1.693539e+03 |    Inf | unknown
  0.1s|     1 |     0 |   763 |     - |    56M |   0 | 250 |2446 |2446 |   0 |  0 |   0 |   0 |-1.343746e+03 |-1.693539e+03 |  26.03%| unknown
r 0.1s|     1 |     0 |   763 |     - |shifting|   0 | 250 |2446 |2446 |   0 |  0 |   0 |   0 |-1.343746e+03 |-1.545283e+03 |  15.00%| unknown
  0.3s|     1 |     0 |   798 |     - |    56M |   0 | 250 |2446 |2447 |   1 |  1 |   0 |   0 |-1.343901e+03 |-1.545283e+03 |  14.98%| unknown
  0.3s|     1 |     0 |   798 |     - |    56M |   0 | 250 |2446 |2447 |   1 |  1 |   0 |   0 |-1.343901e+03 |-1.545283e+03 |  14.98%| unknown
  0.4s|     1 |     0 |   822 |     - |    57M |   0 | 250 |2446 |2448 |   2 |  2 |   0 |   0 |-1.343937e+03 |-1.545283e+03 |  14.98%| unknown
r 0.4s|     1 |     0 |   822 |     - |shifting|   0 | 250 |2446 |2448 |   2 |  2 |   0 |   0 |-1.343937e+03 |-1.512131e+03 |  12.52%| unknown
  0.6s|     1 |     0 |   850 |     - |    57M |   0 | 250 |2446 |2450 |   4 |  3 |   0 |   0 |-1.343986e+03 |-1.512131e+03 |  12.51%| unknown
r 0.6s|     1 |     0 |   850 |     - |shifting|   0 | 250 |2446 |2450 |   4 |  3 |   0 |   0 |-1.343986e+03 |-1.459528e+03 |   8.60%| unknown
  0.8s|     1 |     0 |   868 |     - |    57M |   0 | 250 |2446 |2451 |   5 |  4 |   0 |   0 |-1.344004e+03 |-1.459528e+03 |   8.60%| unknown
  1.0s|     1 |     0 |   877 |     - |    57M |   0 | 250 |2446 |2452 |   6 |  5 |   0 |   0 |-1.344009e+03 |-1.459528e+03 |   8.60%| unknown
  1.2s|     1 |     0 |   914 |     - |    59M |   0 | 250 |2446 |2453 |   7 |  6 |   0 |   0 |-1.344033e+03 |-1.459528e+03 |   8.59%| unknown
  1.4s|     1 |     0 |   939 |     - |    59M |   0 | 250 |2446 |2454 |   8 |  7 |   0 |   0 |-1.344041e+03 |-1.459528e+03 |   8.59%| unknown
  1.6s|     1 |     0 |   984 |     - |    60M |   0 | 250 |2446 |2456 |  10 |  8 |   0 |   0 |-1.344055e+03 |-1.459528e+03 |   8.59%| unknown
  1.7s|     1 |     0 |   999 |     - |    60M |   0 | 250 |2447 |2457 |  11 |  9 |   1 |   0 |-1.344056e+03 |-1.459528e+03 |   8.59%| unknown
 time | node  | left  |LP iter|LP it/n|mem/heur|mdpt |vars |cons |rows |cuts |sepa|confs|strbr|  dualbound   | primalbound  |  gap   | compl. 
  1.9s|     1 |     0 |  1004 |     - |    61M |   0 | 250 |2447 |2458 |  12 | 10 |   1 |   0 |-1.344056e+03 |-1.459528e+03 |   8.59%| unknown
  2.0s|     1 |     0 |  1067 |     - |    61M |   0 | 250 |2447 |2459 |  13 | 11 |   1 |   0 |-1.344081e+03 |-1.459528e+03 |   8.59%| unknown
  2.0s|     1 |     0 |  1087 |     - |    61M |   0 | 250 |2447 |2461 |  15 | 12 |   1 |   0 |-1.344085e+03 |-1.459528e+03 |   8.59%| unknown
r 2.0s|     1 |     0 |  1205 |     - |intshift|   0 | 250 |2447 |2461 |  15 | 12 |   1 |   0 |-1.344085e+03 |-1.380647e+03 |   2.72%| unknown
d 2.1s|     1 |     0 |  1535 |     - |farkasdi|   0 | 250 |2447 |2461 |   0 | 12 |   1 |   0 |-1.344085e+03 |-1.346753e+03 |   0.20%| unknown
L 2.2s|     1 |     0 |  1535 |     - |    rens|   0 | 250 |2447 |2461 |  15 | 12 |  44 |   0 |-1.344085e+03 |-1.345589e+03 |   0.11%| unknown
(run 1, node 1) restarting after 43 global fixings of integer variables

(restart) converted 15 cuts from the global cut pool into linear constraints

presolving:
presolving (0 rounds: 0 fast, 0 medium, 0 exhaustive):
 0 deleted vars, 0 deleted constraints, 0 added constraints, 0 tightened bounds, 0 added holes, 0 changed sides, 0 changed coefficients
 0 implications, 0 cliques, 0 implied integral variables (0 bin, 0 int, 0 cont)
presolved problem has 250 variables (190 bin, 0 int, 60 cont) and 2462 constraints
   2461 constraints of type <linear>
      1 constraints of type <logicor>
Presolving Time: 0.02
transformed 13/19 original solutions to the transformed problem space

 time | node  | left  |LP iter|LP it/n|mem/heur|mdpt |vars |cons |rows |cuts |sepa|confs|strbr|  dualbound   | primalbound  |  gap   | compl. 
  2.3s|     1 |     0 |  2327 |     - |    61M |   0 | 250 |1724 |1599 |   0 |  0 |  44 |   0 |-1.344085e+03 |-1.345589e+03 |   0.11%| unknown
  2.3s|     1 |     0 |  2327 |     - |    61M |   0 | 250 |1724 |1258 |   0 |  0 |  44 |   0 |-1.344085e+03 |-1.345589e+03 |   0.11%| unknown
  2.4s|     1 |     0 |  2341 |     - |    61M |   0 | 250 |1724 |1260 |   2 |  1 |  44 |   0 |-1.344091e+03 |-1.345589e+03 |   0.11%| unknown
  2.6s|     1 |     0 |  2383 |     - |    61M |   0 | 250 |1724 |1261 |   3 |  2 |  44 |   0 |-1.344112e+03 |-1.345589e+03 |   0.11%| unknown
  2.7s|     1 |     0 |  2441 |     - |    61M |   0 | 250 |1724 |1265 |   7 |  3 |  44 |   0 |-1.344137e+03 |-1.345589e+03 |   0.11%| unknown
  2.7s|     1 |     0 |  2441 |     - |    61M |   0 | 250 |1724 |1247 |   7 |  3 |  44 |   0 |-1.344137e+03 |-1.345589e+03 |   0.11%| unknown
  2.9s|     1 |     0 |  2480 |     - |    61M |   0 | 250 |1724 |1248 |   8 |  4 |  44 |   0 |-1.344152e+03 |-1.345589e+03 |   0.11%| unknown
  2.9s|     1 |     0 |  2480 |     - |    61M |   0 | 250 |1724 |1235 |   8 |  4 |  44 |   0 |-1.344152e+03 |-1.345589e+03 |   0.11%| unknown
  3.0s|     1 |     0 |  2525 |     - |    62M |   0 | 250 |1724 |1236 |   9 |  5 |  44 |   0 |-1.344162e+03 |-1.345589e+03 |   0.11%| unknown
  3.2s|     1 |     0 |  2530 |     - |    62M |   0 | 250 |1724 |1238 |  11 |  6 |  44 |   0 |-1.344162e+03 |-1.345589e+03 |   0.11%| unknown
  3.3s|     1 |     0 |  2560 |     - |    62M |   0 | 250 |1724 |1240 |  13 |  7 |  44 |   0 |-1.344166e+03 |-1.345589e+03 |   0.11%| unknown
  3.5s|     1 |     0 |  2604 |     - |    62M |   0 | 250 |1724 |1242 |  15 |  8 |  44 |   0 |-1.344171e+03 |-1.345589e+03 |   0.11%| unknown
  3.6s|     1 |     0 |  2648 |     - |    62M |   0 | 250 |1724 |1243 |  16 |  9 |  44 |   0 |-1.344176e+03 |-1.345589e+03 |   0.11%| unknown
  3.8s|     1 |     0 |  2695 |     - |    63M |   0 | 250 |1724 |1244 |  17 | 10 |  44 |   0 |-1.344188e+03 |-1.345589e+03 |   0.10%| unknown
  3.8s|     1 |     0 |  2695 |     - |    63M |   0 | 250 |1724 |1228 |  17 | 10 |  44 |   0 |-1.344188e+03 |-1.345589e+03 |   0.10%| unknown
 time | node  | left  |LP iter|LP it/n|mem/heur|mdpt |vars |cons |rows |cuts |sepa|confs|strbr|  dualbound   | primalbound  |  gap   | compl. 
  3.8s|     1 |     0 |  2718 |     - |    64M |   0 | 250 |1724 |1229 |  18 | 11 |  44 |   0 |-1.344190e+03 |-1.345589e+03 |   0.10%| unknown
  3.8s|     1 |     0 |  2718 |     - |    64M |   0 | 250 |1249 |1229 |  18 | 11 |  44 |   0 |-1.344190e+03 |-1.345589e+03 |   0.10%| unknown
  3.9s|     1 |     0 |  2725 |     - |    64M |   0 | 250 |1249 |1224 |  19 | 12 |  44 |   0 |-1.344190e+03 |-1.345589e+03 |   0.10%| unknown
  3.9s|     1 |     0 |  2730 |     - |    64M |   0 | 250 |1249 |1225 |  20 | 13 |  44 |   0 |-1.344190e+03 |-1.345589e+03 |   0.10%| unknown
  4.0s|     1 |     0 |  2735 |     - |    64M |   0 | 250 |1250 |1226 |  21 | 14 |  45 |   0 |-1.344190e+03 |-1.345589e+03 |   0.10%| unknown
  4.1s|     1 |     0 |  2742 |     - |    64M |   0 | 250 |1250 |1227 |  22 | 15 |  45 |   0 |-1.344191e+03 |-1.345589e+03 |   0.10%| unknown
  4.1s|     1 |     0 |  2744 |     - |    64M |   0 | 250 |1250 |1229 |  24 | 16 |  45 |   0 |-1.344191e+03 |-1.345589e+03 |   0.10%| unknown
  4.2s|     1 |     0 |  2759 |     - |    64M |   0 | 250 |1250 |1230 |  25 | 17 |  45 |   0 |-1.344191e+03 |-1.345589e+03 |   0.10%| unknown
  4.2s|     1 |     0 |  2794 |     - |    64M |   0 | 250 |1250 |1223 |  27 | 18 |  45 |   0 |-1.344196e+03 |-1.345589e+03 |   0.10%| unknown
  4.3s|     1 |     0 |  2796 |     - |    64M |   0 | 250 |1250 |1224 |  28 | 19 |  45 |   0 |-1.344196e+03 |-1.345589e+03 |   0.10%| unknown
  4.6s|     1 |     0 |  3318 |     - |    64M |   0 | 250 |1255 |1224 |  28 | 20 |  50 |   1 |-1.344318e+03 |-1.345589e+03 |   0.09%| unknown
  4.6s|     1 |     0 |  3318 |     - |    64M |   0 | 250 |1254 |1224 |  28 | 21 |  50 |   2 |-1.344318e+03 |-1.345589e+03 |   0.09%| unknown
  4.7s|     1 |     0 |  3318 |     - |    64M |   0 | 250 |1254 |1224 |  28 | 22 |  50 |   4 |-1.344339e+03 |-1.345589e+03 |   0.09%| unknown
  4.8s|     1 |     0 |  3381 |     - |    64M |   0 | 250 |1138 |1224 |  28 | 23 |  51 |   5 |-1.344339e+03 |-1.345589e+03 |   0.09%| unknown
  4.8s|     1 |     0 |  3381 |     - |    64M |   0 | 250 |1138 |1029 |  28 | 23 |  51 |   5 |-1.344339e+03 |-1.345589e+03 |   0.09%| unknown
 time | node  | left  |LP iter|LP it/n|mem/heur|mdpt |vars |cons |rows |cuts |sepa|confs|strbr|  dualbound   | primalbound  |  gap   | compl. 
  4.8s|     1 |     0 |  3384 |     - |    64M |   0 | 250 |1138 |1030 |  29 | 24 |  51 |   5 |-1.344339e+03 |-1.345589e+03 |   0.09%| unknown
  4.8s|     1 |     0 |  3384 |     - |    64M |   0 | 250 |1077 |1030 |  29 | 25 |  51 |   5 |-1.344339e+03 |-1.345589e+03 |   0.09%| unknown
  4.9s|     1 |     0 |  3384 |     - |    64M |   0 | 250 |1077 |1030 |  29 | 26 |  51 |   6 |-1.344589e+03 |-1.345589e+03 |   0.07%| unknown
  4.9s|     1 |     0 |  3384 |     - |    64M |   0 | 250 |1077 |1030 |  29 | 27 |  51 |   7 |-1.344744e+03 |-1.345589e+03 |   0.06%| unknown
  5.0s|     1 |     0 |  3384 |     - |    64M |   0 | 250 |1077 |1030 |  29 | 28 |  51 |   8 |-1.344744e+03 |-1.345589e+03 |   0.06%| unknown
  5.0s|     1 |     0 |  3384 |     - |    64M |   0 | 250 |1077 |1030 |  29 | 29 |  51 |  10 |-1.344824e+03 |-1.345589e+03 |   0.06%| unknown
  5.1s|     1 |     0 |  3384 |     - |    64M |   0 | 250 |1077 |1030 |  29 | 30 |  51 |  12 |-1.344824e+03 |-1.345589e+03 |   0.06%| unknown
  5.1s|     1 |     0 |  3384 |     - |    64M |   0 | 250 |1077 |1030 |  29 | 31 |  51 |  16 |-1.344824e+03 |-1.345589e+03 |   0.06%| unknown
  5.2s|     1 |     0 |  3384 |     - |    64M |   0 | 250 |1077 |1030 |  29 | 32 |  51 |  18 |-1.344824e+03 |-1.345589e+03 |   0.06%| unknown
  5.3s|     1 |     0 |  3416 |     - |    64M |   0 | 250 |1047 |1030 |  29 | 33 |  57 |  26 |-1.344824e+03 |-1.345589e+03 |   0.06%| unknown
  5.3s|     1 |     0 |  3416 |     - |    64M |   0 | 250 |1047 | 798 |  29 | 33 |  57 |  26 |-1.344824e+03 |-1.345589e+03 |   0.06%| unknown
  5.3s|     1 |     0 |  3417 |     - |    64M |   0 | 250 |1047 | 799 |  30 | 34 |  57 |  26 |-1.344824e+03 |-1.345589e+03 |   0.06%| unknown
  5.3s|     1 |     0 |  3418 |     - |    64M |   0 | 250 |1047 | 800 |  31 | 35 |  57 |  26 |-1.344824e+03 |-1.345589e+03 |   0.06%| unknown
  5.3s|     1 |     0 |  3418 |     - |    64M |   0 | 250 | 857 | 800 |  31 | 35 |  58 |  26 |-1.344824e+03 |-1.345589e+03 |   0.06%| unknown
  5.4s|     1 |     0 |  3418 |     - |    64M |   0 | 250 | 844 | 800 |  31 | 36 |  58 |  27 |-1.344866e+03 |-1.345589e+03 |   0.05%| unknown
 time | node  | left  |LP iter|LP it/n|mem/heur|mdpt |vars |cons |rows |cuts |sepa|confs|strbr|  dualbound   | primalbound  |  gap   | compl. 
  5.4s|     1 |     0 |  3454 |     - |    64M |   0 | 250 | 786 | 800 |  31 | 37 |  66 |  31 |-1.344958e+03 |-1.345589e+03 |   0.05%| unknown
  5.4s|     1 |     0 |  3454 |     - |    64M |   0 | 250 | 786 | 595 |  31 | 37 |  66 |  31 |-1.344958e+03 |-1.345589e+03 |   0.05%| unknown
  5.4s|     1 |     0 |  3454 |     - |    64M |   0 | 250 | 611 | 595 |  31 | 38 |  66 |  31 |-1.344958e+03 |-1.345589e+03 |   0.05%| unknown
  5.5s|     1 |     0 |  3454 |     - |    64M |   0 | 250 | 611 | 595 |  31 | 39 |  66 |  32 |-1.344986e+03 |-1.345589e+03 |   0.04%| unknown
  5.5s|     1 |     0 |  3475 |     - |    64M |   0 | 250 | 598 | 595 |  31 | 40 |  70 |  34 |-1.345146e+03 |-1.345589e+03 |   0.03%| unknown
  5.5s|     1 |     0 |  3475 |     - |    64M |   0 | 250 | 598 | 506 |  31 | 40 |  70 |  34 |-1.345146e+03 |-1.345589e+03 |   0.03%| unknown
  5.5s|     1 |     0 |  3475 |     - |    64M |   0 | 250 | 570 | 506 |  31 | 41 |  70 |  34 |-1.345146e+03 |-1.345589e+03 |   0.03%| unknown
  5.5s|     1 |     0 |  3477 |     - |    64M |   0 | 250 | 548 | 506 |  31 | 42 |  72 |  35 |-1.345147e+03 |-1.345589e+03 |   0.03%| unknown
  5.5s|     1 |     2 |  3477 |     - |    64M |   0 | 250 | 548 | 506 |  31 | 43 |  72 |  35 |-1.345147e+03 |-1.345589e+03 |   0.03%| unknown

SCIP Status        : problem is solved [optimal solution found]
Solving Time (sec) : 5.54
Solving Nodes      : 3 (total of 4 nodes in 2 runs)
Primal Bound       : -1.34558947368421e+03 (49 solutions)
Dual Bound         : -1.34558947368421e+03
Gap                : 0.00 %
  [linear] <c2447>: <x191>[C] (+26.8394737) -0.528947368<x1>[B] (+1) -0.528947368<x2>[B] (+1) -0.528947368<x3>[B] (+0) +0.528947368<x4>[B] (+0) -0.528947368<x5>[B] (+0) -0.528947368<x6>[B] (+1) -0.528947368<x7>[B] (+1) +0.528947368<x8>[B] (+0) -0.528947368<x9>[B] (+0) -0.528947368<x10>[B] (+0) -0.528947368<x11>[B] (+1) -0.528947368<x12>[B] (+1) +0.528947368<x13>[B] (+0) +0.528947368<x14>[B] (+1) -0.528947368<x15>[B] (+0) +0.528947368<x16>[B] (+0) +0.528947368<x17>[B] (+0) -0.528947368<x18>[B] (+0) -0.528947368<x19>[B] (+0) +0.528947368<x20>[B] (+1) +0.528947368<x21>[B] (+0) +0.528947368<x22>[B] (+0) -0.528947368<x23>[B] (+0) -0.528947368<x24>[B] (+1) +0.528947368<x25>[B] (+1) +0.528947368<x26>[B] (+0) +0.528947368<x27>[B] (+0) +0.528947368<x28>[B] (+0) +0.528947368<x29>[B] (+0) +0.528947368<x30>[B] (+1) +0.528947368<x31>[B] (+0) +0.528947368<x32>[B] (+1) +0.528947368<x33>[B] (+0) +0.528947368<x34>[B] (+0) +0.528947368<x35>[B] (+0) +0.528947368<x36>[B] (+0) +0.528947368<x37>[B] (+0) -0.528947368<x38>[B] (+0) +0.528947368<x39>[B] (+0) -0.528947368<x40>[B] (+0) -0.528947368<x41>[B] (+0) -0.528947368<x42>[B] (+0) +0.528947368<x43>[B] (+0) -0.528947368<x44>[B] (+0) +0.528947368<x45>[B] (+0) +0.528947368<x46>[B] (+0) +0.528947368<x47>[B] (+1) +0.528947368<x48>[B] (+0) +0.528947368<x49>[B] (+0) -0.528947368<x50>[B] (+0) +0.528947368<x51>[B] (+0) +0.528947368<x52>[B] (+0) +0.528947368<x53>[B] (+0) -0.528947368<x54>[B] (+0) +0.528947368<x55>[B] (+0) -0.528947368<x56>[B] (+0) -0.528947368<x57>[B] (+1) -0.528947368<x58>[B] (+1) +0.528947368<x59>[B] (+0) +0.528947368<x60>[B] (+0) +0.528947368<x61>[B] (+0) +0.528947368<x62>[B] (+1) +0.528947368<x63>[B] (+1) +0.528947368<x64>[B] (+0) +0.528947368<x65>[B] (+1) -0.528947368<x66>[B] (+0) +0.528947368<x67>[B] (+0) +0.528947368<x68>[B] (+0) +0.528947368<x69>[B] (+0) -0.528947368<x70>[B] (+0) -0.528947368<x71>[B] (+0) -0.528947368<x72>[B] (+1) -0.528947368<x73>[B] (+1) -0.528947368<x74>[B] (+1) -0.528947368<x75>[B] (+1) -0.528947368<x76>[B] (+0) -0.528947368<x77>[B] (+1) -0.528947368<x78>[B] (+1) -0.528947368<x79>[B] (+1) -0.528947368<x80>[B] (+1) -0.528947368<x81>[B] (+0) +0.528947368<x82>[B] (+1) -0.528947368<x83>[B] (+0) -0.528947368<x84>[B] (+1) -0.528947368<x85>[B] (+0) -0.528947368<x86>[B] (+1) +0.528947368<x87>[B] (+1) +0.528947368<x88>[B] (+1) +0.528947368<x89>[B] (+1) +0.528947368<x90>[B] (+1) +0.528947368<x91>[B] (+1) +0.528947368<x92>[B] (+1) +0.528947368<x93>[B] (+1) +0.528947368<x94>[B] (+1) +0.528947368<x95>[B] (+1) +0.528947368<x96>[B] (+1) +0.528947368<x97>[B] (+1) +0.528947368<x98>[B] (+1) +0.528947368<x99>[B] (+1) +0.528947368<x100>[B] (+1) +0.528947368<x101>[B] (+0) +0.528947368<x102>[B] (+0) +0.528947368<x103>[B] (+0) +0.528947368<x104>[B] (+0) +0.528947368<x105>[B] (+1) +0.528947368<x106>[B] (+0) +0.528947368<x107>[B] (+0) +0.528947368<x108>[B] (+0) +0.528947368<x109>[B] (+0) +0.528947368<x110>[B] (+0) +0.528947368<x111>[B] (+0) +0.528947368<x112>[B] (+0) +0.528947368<x113>[B] (+0) +0.528947368<x114>[B] (+0) +0.528947368<x115>[B] (+0) +0.528947368<x116>[B] (+0) +0.528947368<x117>[B] (+1) +0.528947368<x118>[B] (+0) +0.528947368<x119>[B] (+0) -0.528947368<x120>[B] (+0) +0.528947368<x121>[B] (+0) +0.528947368<x122>[B] (+0) +0.528947368<x123>[B] (+0) -0.528947368<x124>[B] (+0) -0.528947368<x125>[B] (+0) -0.528947368<x126>[B] (+0) -0.528947368<x127>[B] (+1) -0.528947368<x128>[B] (+1) +0.528947368<x129>[B] (+0) +0.528947368<x130>[B] (+1) -0.528947368<x131>[B] (+0) +0.528947368<x132>[B] (+0) +0.528947368<x133>[B] (+0) -0.528947368<x134>[B] (+0) -0.528947368<x135>[B] (+0) +0.528947368<x136>[B] (+0) +0.528947368<x137>[B] (+1) +0.528947368<x138>[B] (+1) +0.528947368<x139>[B] (+1) +0.528947368<x140>[B] (+1) -0.528947368<x141>[B] (+0) +0.528947368<x142>[B] (+1) +0.528947368<x143>[B] (+0) +0.528947368<x144>[B] (+0) -0.528947368<x145>[B] (+0) -0.528947368<x146>[B] (+1) +0.528947368<x147>[B] (+1) +0.528947368<x148>[B] (+1) +0.528947368<x149>[B] (+1) -0.528947368<x150>[B] (+1) +0.528947368<x151>[B] (+1) +0.528947368<x152>[B] (+0) -0.528947368<x153>[B] (+1) -0.528947368<x154>[B] (+1) +0.528947368<x155>[B] (+1) +0.528947368<x156>[B] (+0) +0.528947368<x157>[B] (+1) -0.528947368<x158>[B] (+0) +0.528947368<x159>[B] (+0) +0.528947368<x160>[B] (+0) +0.528947368<x161>[B] (+0) -0.528947368<x162>[B] (+0) +0.528947368<x163>[B] (+0) +0.528947368<x164>[B] (+0) -0.528947368<x165>[B] (+0) +0.528947368<x166>[B] (+0) +0.528947368<x167>[B] (+0) -0.528947368<x168>[B] (+0) -0.528947368<x169>[B] (+0) -0.528947368<x170>[B] (+1) -0.528947368<x171>[B] (+0) +0.528947368<x172>[B] (+0) -0.528947368<x173>[B] (+0) -0.528947368<x174>[B] (+0) -0.528947368<x175>[B] (+0) -0.528947368<x176>[B] (+0) +0.528947368<x177>[B] (+0) +0.528947368<x178>[B] (+0) -0.528947368<x179>[B] (+0) -0.528947368<x180>[B] (+0) +0.528947368<x181>[B] (+1) +0.528947368<x182>[B] (+0) +0.528947368<x183>[B] (+1) -0.528947368<x184>[B] (+0) -0.528947368<x185>[B] (+0) -0.528947368<x186>[B] (+0) -0.528947368<x187>[B] (+0) -0.528947368<x188>[B] (+1) -0.528947368<x189>[B] (+1) -0.528947368<x190>[B] (+0) >= 33.1921052631579;
;
violation: left hand side is violated by 0.00526315789473841
  [linear] <c2448>: <x192>[C] (+25.2578947) -0.507894737<x1>[B] (+1) +0.507894737<x2>[B] (+1) -0.507894737<x3>[B] (+0) -0.507894737<x4>[B] (+0) +0.507894737<x5>[B] (+0) -0.507894737<x6>[B] (+1) -0.507894737<x7>[B] (+0) -0.507894737<x8>[B] (+0) +0.507894737<x9>[B] (+0) +0.507894737<x10>[B] (+0) -0.507894737<x11>[B] (+1) +0.507894737<x12>[B] (+1) +0.507894737<x13>[B] (+0) +0.507894737<x14>[B] (+1) +0.507894737<x15>[B] (+0) -0.507894737<x16>[B] (+0) +0.507894737<x17>[B] (+0) +0.507894737<x18>[B] (+0) -0.507894737<x19>[B] (+0) +0.507894737<x20>[B] (+1) +0.507894737<x21>[B] (+0) +0.507894737<x22>[B] (+0) +0.507894737<x23>[B] (+0) +0.507894737<x24>[B] (+1) +0.507894737<x25>[B] (+0) +0.507894737<x26>[B] (+0) +0.507894737<x27>[B] (+0) +0.507894737<x28>[B] (+0) +0.507894737<x29>[B] (+0) +0.507894737<x30>[B] (+1) +0.507894737<x31>[B] (+0) +0.507894737<x32>[B] (+1) +0.507894737<x33>[B] (+0) -0.507894737<x34>[B] (+0) +0.507894737<x35>[B] (+0) +0.507894737<x36>[B] (+0) +0.507894737<x37>[B] (+0) -0.507894737<x38>[B] (+0) -0.507894737<x39>[B] (+0) -0.507894737<x40>[B] (+0) -0.507894737<x41>[B] (+0) -0.507894737<x42>[B] (+0) -0.507894737<x43>[B] (+0) -0.507894737<x44>[B] (+0) -0.507894737<x45>[B] (+0) -0.507894737<x46>[B] (+0) -0.507894737<x47>[B] (+1) -0.507894737<x48>[B] (+0) -0.507894737<x49>[B] (+0) -0.507894737<x50>[B] (+0) -0.507894737<x51>[B] (+0) -0.507894737<x52>[B] (+0) -0.507894737<x53>[B] (+0) -0.507894737<x54>[B] (+0) -0.507894737<x55>[B] (+0) +0.507894737<x56>[B] (+0) +0.507894737<x57>[B] (+1) -0.507894737<x58>[B] (+1) -0.507894737<x59>[B] (+1) +0.507894737<x60>[B] (+0) +0.507894737<x61>[B] (+0) -0.507894737<x62>[B] (+1) +0.507894737<x63>[B] (+1) +0.507894737<x64>[B] (+1) +0.507894737<x65>[B] (+1) +0.507894737<x66>[B] (+0) -0.507894737<x67>[B] (+0) +0.507894737<x68>[B] (+0) +0.507894737<x69>[B] (+0) -0.507894737<x70>[B] (+0) +0.507894737<x71>[B] (+0) +0.507894737<x72>[B] (+1) +0.507894737<x73>[B] (+1) +0.507894737<x74>[B] (+1) +0.507894737<x75>[B] (+1) +0.507894737<x76>[B] (+0) +0.507894737<x77>[B] (+1) +0.507894737<x78>[B] (+1) +0.507894737<x79>[B] (+1) +0.507894737<x80>[B] (+1) +0.507894737<x81>[B] (+0) -0.507894737<x82>[B] (+1) +0.507894737<x83>[B] (+0) +0.507894737<x84>[B] (+1) +0.507894737<x85>[B] (+0) -0.507894737<x86>[B] (+1) -0.507894737<x87>[B] (+1) -0.507894737<x88>[B] (+1) +0.507894737<x89>[B] (+1) +0.507894737<x90>[B] (+0) -0.507894737<x91>[B] (+1) +0.507894737<x92>[B] (+1) +0.507894737<x93>[B] (+1) +0.507894737<x94>[B] (+1) +0.507894737<x95>[B] (+0) -0.507894737<x96>[B] (+1) +0.507894737<x97>[B] (+0) +0.507894737<x98>[B] (+1) -0.507894737<x99>[B] (+0) -0.507894737<x100>[B] (+0) -0.507894737<x101>[B] (+0) +0.507894737<x102>[B] (+0) +0.507894737<x103>[B] (+0) -0.507894737<x104>[B] (+0) +0.507894737<x105>[B] (+1) +0.507894737<x106>[B] (+0) +0.507894737<x107>[B] (+0) +0.507894737<x108>[B] (+0) -0.507894737<x109>[B] (+0) +0.507894737<x110>[B] (+0) +0.507894737<x111>[B] (+0) -0.507894737<x112>[B] (+0) -0.507894737<x113>[B] (+1) +0.507894737<x114>[B] (+0) +0.507894737<x115>[B] (+0) -0.507894737<x116>[B] (+1) +0.507894737<x117>[B] (+1) +0.507894737<x118>[B] (+1) +0.507894737<x119>[B] (+1) +0.507894737<x120>[B] (+0) -0.507894737<x121>[B] (+0) +0.507894737<x122>[B] (+0) +0.507894737<x123>[B] (+0) -0.507894737<x124>[B] (+0) +0.507894737<x125>[B] (+0) +0.507894737<x126>[B] (+0) -0.507894737<x127>[B] (+1) +0.507894737<x128>[B] (+1) +0.507894737<x129>[B] (+0) +0.507894737<x130>[B] (+1) +0.507894737<x131>[B] (+0) -0.507894737<x132>[B] (+0) +0.507894737<x133>[B] (+0) +0.507894737<x134>[B] (+0) -0.507894737<x135>[B] (+0) -0.507894737<x136>[B] (+0) -0.507894737<x137>[B] (+1) -0.507894737<x138>[B] (+1) -0.507894737<x139>[B] (+1) -0.507894737<x140>[B] (+1) -0.507894737<x141>[B] (+0) -0.507894737<x142>[B] (+1) -0.507894737<x143>[B] (+0) -0.507894737<x144>[B] (+0) -0.507894737<x145>[B] (+0) -0.507894737<x146>[B] (+1) -0.507894737<x147>[B] (+1) -0.507894737<x148>[B] (+1) -0.507894737<x149>[B] (+1) -0.507894737<x150>[B] (+1) -0.507894737<x151>[B] (+1) -0.507894737<x152>[B] (+0) -0.507894737<x153>[B] (+1) -0.507894737<x154>[B] (+1) +0.507894737<x155>[B] (+1) +0.507894737<x156>[B] (+0) +0.507894737<x157>[B] (+1) +0.507894737<x158>[B] (+0) -0.507894737<x159>[B] (+0) +0.507894737<x160>[B] (+0) +0.507894737<x161>[B] (+0) +0.507894737<x162>[B] (+0) -0.507894737<x163>[B] (+0) -0.507894737<x164>[B] (+0) -0.507894737<x165>[B] (+0) -0.507894737<x166>[B] (+0) -0.507894737<x167>[B] (+0) -0.507894737<x168>[B] (+0) -0.507894737<x169>[B] (+0) -0.507894737<x170>[B] (+1) -0.507894737<x171>[B] (+0) -0.507894737<x172>[B] (+0) +0.507894737<x173>[B] (+0) +0.507894737<x174>[B] (+0) -0.507894737<x175>[B] (+0) +0.507894737<x176>[B] (+0) -0.507894737<x177>[B] (+0) +0.507894737<x178>[B] (+0) +0.507894737<x179>[B] (+0) -0.507894737<x180>[B] (+0) -0.507894737<x181>[B] (+1) +0.507894737<x182>[B] (+0) +0.507894737<x183>[B] (+1) -0.507894737<x184>[B] (+0) +0.507894737<x185>[B] (+0) +0.507894737<x186>[B] (+0) +0.507894737<x187>[B] (+0) +0.507894737<x188>[B] (+1) -0.507894737<x189>[B] (+1) -0.507894737<x190>[B] (+0) >= 26.7921052631579;
;
violation: left hand side is violated by 0.0105263157894768
  [linear] <c2457>: <x202>[C] (+40.4315789) +0.65<x1>[B] (+1) +0.65<x2>[B] (+1) +0.65<x3>[B] (+0) +0.65<x4>[B] (+0) +0.65<x5>[B] (+0) +0.65<x6>[B] (+1) +0.65<x7>[B] (+0) +0.65<x8>[B] (+0) +0.65<x9>[B] (+0) +0.65<x10>[B] (+0) +0.65<x11>[B] (+1) +0.65<x12>[B] (+1) +0.65<x13>[B] (+0) +0.65<x14>[B] (+1) +0.65<x15>[B] (+0) +0.65<x16>[B] (+0) +0.65<x17>[B] (+0) +0.65<x18>[B] (+0) +0.65<x19>[B] (+0) +0.65<x20>[B] (+1) +0.65<x21>[B] (+0) +0.65<x22>[B] (+0) -0.65<x23>[B] (+0) -0.65<x24>[B] (+1) -0.65<x25>[B] (+0) +0.65<x26>[B] (+0) -0.65<x27>[B] (+0) +0.65<x28>[B] (+0) -0.65<x29>[B] (+0) -0.65<x30>[B] (+1) +0.65<x31>[B] (+0) -0.65<x32>[B] (+1) +0.65<x33>[B] (+0) +0.65<x34>[B] (+0) +0.65<x35>[B] (+0) -0.65<x36>[B] (+0) -0.65<x37>[B] (+0) -0.65<x38>[B] (+0) +0.65<x39>[B] (+0) -0.65<x40>[B] (+0) -0.65<x41>[B] (+0) -0.65<x42>[B] (+0) +0.65<x43>[B] (+0) -0.65<x44>[B] (+0) +0.65<x45>[B] (+0) -0.65<x46>[B] (+0) -0.65<x47>[B] (+1) +0.65<x48>[B] (+0) -0.65<x49>[B] (+0) -0.65<x50>[B] (+0) +0.65<x51>[B] (+0) +0.65<x52>[B] (+0) -0.65<x53>[B] (+0) -0.65<x54>[B] (+0) +0.65<x55>[B] (+0) -0.65<x56>[B] (+0) -0.65<x57>[B] (+1) -0.65<x58>[B] (+1) +0.65<x59>[B] (+1) -0.65<x60>[B] (+0) +0.65<x61>[B] (+0) -0.65<x62>[B] (+1) -0.65<x63>[B] (+1) +0.65<x64>[B] (+0) -0.65<x65>[B] (+1) +0.65<x66>[B] (+0) +0.65<x67>[B] (+0) +0.65<x68>[B] (+0) -0.65<x69>[B] (+0) -0.65<x70>[B] (+0) -0.65<x71>[B] (+0) -0.65<x72>[B] (+1) -0.65<x73>[B] (+1) +0.65<x74>[B] (+1) -0.65<x75>[B] (+1) -0.65<x76>[B] (+0) -0.65<x77>[B] (+1) -0.65<x78>[B] (+1) -0.65<x79>[B] (+1) -0.65<x80>[B] (+1) -0.65<x81>[B] (+0) -0.65<x82>[B] (+1) +0.65<x83>[B] (+0) -0.65<x84>[B] (+1) -0.65<x85>[B] (+0) +0.65<x86>[B] (+1) +0.65<x87>[B] (+1) +0.65<x88>[B] (+1) +0.65<x89>[B] (+1) +0.65<x90>[B] (+1) +0.65<x91>[B] (+1) -0.65<x92>[B] (+1) +0.65<x93>[B] (+1) -0.65<x94>[B] (+1) +0.65<x95>[B] (+1) +0.65<x96>[B] (+1) +0.65<x97>[B] (+1) +0.65<x98>[B] (+1) +0.65<x99>[B] (+1) +0.65<x100>[B] (+0) +0.65<x101>[B] (+0) +0.65<x102>[B] (+0) +0.65<x103>[B] (+0) +0.65<x104>[B] (+0) -0.65<x105>[B] (+1) +0.65<x106>[B] (+0) -0.65<x107>[B] (+0) +0.65<x108>[B] (+0) +0.65<x109>[B] (+0) +0.65<x110>[B] (+0) +0.65<x111>[B] (+0) +0.65<x112>[B] (+0) +0.65<x113>[B] (+0) -0.65<x114>[B] (+0) +0.65<x115>[B] (+0) +0.65<x116>[B] (+1) -0.65<x117>[B] (+1) +0.65<x118>[B] (+0) -0.65<x119>[B] (+1) +0.65<x120>[B] (+0) +0.65<x121>[B] (+0) +0.65<x122>[B] (+0) +0.65<x123>[B] (+0) +0.65<x124>[B] (+0) -0.65<x125>[B] (+0) -0.65<x126>[B] (+0) -0.65<x127>[B] (+1) -0.65<x128>[B] (+1) -0.65<x129>[B] (+0) -0.65<x130>[B] (+1) -0.65<x131>[B] (+0) -0.65<x132>[B] (+0) +0.65<x133>[B] (+0) -0.65<x134>[B] (+0) -0.65<x135>[B] (+0) +0.65<x136>[B] (+0) +0.65<x137>[B] (+1) -0.65<x138>[B] (+1) +0.65<x139>[B] (+1) -0.65<x140>[B] (+1) +0.65<x141>[B] (+0) +0.65<x142>[B] (+1) +0.65<x143>[B] (+0) +0.65<x144>[B] (+0) +0.65<x145>[B] (+0) -0.65<x146>[B] (+1) -0.65<x147>[B] (+1) -0.65<x148>[B] (+1) -0.65<x149>[B] (+1) -0.65<x150>[B] (+1) -0.65<x151>[B] (+1) +0.65<x152>[B] (+0) -0.65<x153>[B] (+1) -0.65<x154>[B] (+1) -0.65<x155>[B] (+1) +0.65<x156>[B] (+0) -0.65<x157>[B] (+1) +0.65<x158>[B] (+0) +0.65<x159>[B] (+0) +0.65<x160>[B] (+0) +0.65<x161>[B] (+0) +0.65<x162>[B] (+0) +0.65<x163>[B] (+0) -0.65<x164>[B] (+0) +0.65<x165>[B] (+0) +0.65<x166>[B] (+0) +0.65<x167>[B] (+0) +0.65<x168>[B] (+0) +0.65<x169>[B] (+0) -0.65<x170>[B] (+1) -0.65<x171>[B] (+0) +0.65<x172>[B] (+0) +0.65<x173>[B] (+0) -0.65<x174>[B] (+0) -0.65<x175>[B] (+0) +0.65<x176>[B] (+0) +0.65<x177>[B] (+0) +0.65<x178>[B] (+0) +0.65<x179>[B] (+0) +0.65<x180>[B] (+0) +0.65<x181>[B] (+1) +0.65<x182>[B] (+0) -0.65<x183>[B] (+1) -0.65<x184>[B] (+0) +0.65<x185>[B] (+0) -0.65<x186>[B] (+0) -0.65<x187>[B] (+0) -0.65<x188>[B] (+1) -0.65<x189>[B] (+1) +0.65<x190>[B] (+0) >= 30.0631578947368;
;
violation: left hand side is violated by 0.0315789473684163
  [linear] <c2450>: <x195>[C] (+29.4894737) +0.571052632<x1>[B] (+0) +0.571052632<x2>[B] (+1) -0.571052632<x3>[B] (+0) +0.571052632<x4>[B] (+0) +0.571052632<x5>[B] (+0) +0.571052632<x6>[B] (+0) +0.571052632<x7>[B] (+0) +0.571052632<x8>[B] (+1) -0.571052632<x9>[B] (+0) +0.571052632<x10>[B] (+0) -0.571052632<x11>[B] (+0) -0.571052632<x12>[B] (+1) -0.571052632<x13>[B] (+0) -0.571052632<x14>[B] (+0) +0.571052632<x15>[B] (+0) +0.571052632<x16>[B] (+0) +0.571052632<x17>[B] (+0) +0.571052632<x18>[B] (+0) +0.571052632<x19>[B] (+0) +0.571052632<x20>[B] (+1) -0.571052632<x21>[B] (+1) +0.571052632<x22>[B] (+0) +0.571052632<x23>[B] (+0) +0.571052632<x24>[B] (+0) +0.571052632<x25>[B] (+1) +0.571052632<x26>[B] (+1) -0.571052632<x27>[B] (+0) +0.571052632<x28>[B] (+0) -0.571052632<x29>[B] (+0) -0.571052632<x30>[B] (+1) -0.571052632<x31>[B] (+0) -0.571052632<x32>[B] (+1) +0.571052632<x33>[B] (+0) +0.571052632<x34>[B] (+0) -0.571052632<x35>[B] (+0) +0.571052632<x36>[B] (+0) -0.571052632<x37>[B] (+0) -0.571052632<x38>[B] (+0) -0.571052632<x39>[B] (+0) +0.571052632<x40>[B] (+0) -0.571052632<x41>[B] (+0) +0.571052632<x42>[B] (+0) +0.571052632<x43>[B] (+1) -0.571052632<x44>[B] (+0) -0.571052632<x45>[B] (+0) -0.571052632<x46>[B] (+0) -0.571052632<x47>[B] (+1) -0.571052632<x48>[B] (+0) -0.571052632<x49>[B] (+0) +0.571052632<x50>[B] (+0) -0.571052632<x51>[B] (+0) -0.571052632<x52>[B] (+0) +0.571052632<x53>[B] (+0) -0.571052632<x54>[B] (+0) +0.571052632<x55>[B] (+0) +0.571052632<x56>[B] (+0) +0.571052632<x57>[B] (+0) +0.571052632<x58>[B] (+0) +0.571052632<x59>[B] (+1) -0.571052632<x60>[B] (+0) +0.571052632<x61>[B] (+0) -0.571052632<x62>[B] (+0) -0.571052632<x63>[B] (+1) -0.571052632<x64>[B] (+0) +0.571052632<x65>[B] (+0) +0.571052632<x66>[B] (+0) +0.571052632<x67>[B] (+0) +0.571052632<x68>[B] (+0) +0.571052632<x69>[B] (+0) +0.571052632<x70>[B] (+0) +0.571052632<x71>[B] (+0) +0.571052632<x72>[B] (+1) +0.571052632<x73>[B] (+1) +0.571052632<x74>[B] (+1) -0.571052632<x75>[B] (+1) -0.571052632<x76>[B] (+0) -0.571052632<x77>[B] (+1) -0.571052632<x78>[B] (+1) -0.571052632<x79>[B] (+1) -0.571052632<x80>[B] (+1) +0.571052632<x81>[B] (+1) -0.571052632<x82>[B] (+1) -0.571052632<x83>[B] (+0) +0.571052632<x84>[B] (+1) -0.571052632<x85>[B] (+1) -0.571052632<x86>[B] (+1) -0.571052632<x87>[B] (+1) -0.571052632<x88>[B] (+1) -0.571052632<x89>[B] (+1) -0.571052632<x90>[B] (+0) -0.571052632<x91>[B] (+1) -0.571052632<x92>[B] (+1) -0.571052632<x93>[B] (+1) -0.571052632<x94>[B] (+1) +0.571052632<x95>[B] (+1) -0.571052632<x96>[B] (+1) -0.571052632<x97>[B] (+0) +0.571052632<x98>[B] (+1) -0.571052632<x99>[B] (+1) +0.571052632<x100>[B] (+1) +0.571052632<x101>[B] (+1) -0.571052632<x102>[B] (+0) -0.571052632<x103>[B] (+0) -0.571052632<x104>[B] (+1) -0.571052632<x105>[B] (+1) -0.571052632<x106>[B] (+1) -0.571052632<x107>[B] (+1) +0.571052632<x108>[B] (+0) -0.571052632<x109>[B] (+1) -0.571052632<x110>[B] (+0) +0.571052632<x111>[B] (+0) -0.571052632<x112>[B] (+0) -0.571052632<x113>[B] (+1) -0.571052632<x114>[B] (+0) -0.571052632<x115>[B] (+0) -0.571052632<x116>[B] (+0) -0.571052632<x117>[B] (+1) -0.571052632<x118>[B] (+0) -0.571052632<x119>[B] (+0) +0.571052632<x120>[B] (+0) -0.571052632<x121>[B] (+0) -0.571052632<x122>[B] (+0) +0.571052632<x123>[B] (+0) -0.571052632<x124>[B] (+0) -0.571052632<x125>[B] (+0) -0.571052632<x126>[B] (+0) -0.571052632<x127>[B] (+0) -0.571052632<x128>[B] (+1) -0.571052632<x129>[B] (+0) -0.571052632<x130>[B] (+0) +0.571052632<x131>[B] (+0) -0.571052632<x132>[B] (+0) -0.571052632<x133>[B] (+0) +0.571052632<x134>[B] (+0) -0.571052632<x135>[B] (+0) +0.571052632<x136>[B] (+0) -0.571052632<x137>[B] (+1) -0.571052632<x138>[B] (+1) -0.571052632<x139>[B] (+1) +0.571052632<x140>[B] (+1) +0.571052632<x141>[B] (+1) +0.571052632<x142>[B] (+1) +0.571052632<x143>[B] (+0) +0.571052632<x144>[B] (+1) +0.571052632<x145>[B] (+1) -0.571052632<x146>[B] (+1) -0.571052632<x147>[B] (+1) -0.571052632<x148>[B] (+1) -0.571052632<x149>[B] (+1) +0.571052632<x150>[B] (+1) +0.571052632<x151>[B] (+1) -0.571052632<x152>[B] (+0) +0.571052632<x153>[B] (+1) -0.571052632<x154>[B] (+1) -0.571052632<x155>[B] (+1) -0.571052632<x156>[B] (+1) +0.571052632<x157>[B] (+1) +0.571052632<x158>[B] (+0) +0.571052632<x159>[B] (+1) +0.571052632<x160>[B] (+0) +0.571052632<x161>[B] (+0) +0.571052632<x162>[B] (+0) -0.571052632<x163>[B] (+0) +0.571052632<x164>[B] (+0) +0.571052632<x165>[B] (+0) +0.571052632<x166>[B] (+0) +0.571052632<x167>[B] (+0) +0.571052632<x168>[B] (+0) +0.571052632<x169>[B] (+0) +0.571052632<x170>[B] (+1) +0.571052632<x171>[B] (+0) +0.571052632<x172>[B] (+1) +0.571052632<x173>[B] (+0) +0.571052632<x174>[B] (+0) +0.571052632<x175>[B] (+0) +0.571052632<x176>[B] (+0) +0.571052632<x177>[B] (+0) +0.571052632<x178>[B] (+0) +0.571052632<x179>[B] (+0) +0.571052632<x180>[B] (+0) -0.571052632<x181>[B] (+1) -0.571052632<x182>[B] (+0) -0.571052632<x183>[B] (+0) -0.571052632<x184>[B] (+0) -0.571052632<x185>[B] (+0) +0.571052632<x186>[B] (+0) -0.571052632<x187>[B] (+0) +0.571052632<x188>[B] (+1) -0.571052632<x189>[B] (+1) -0.571052632<x190>[B] (+1) >= 20.9868421052632;
;
violation: left hand side is violated by 0.0631578947368219
  [linear] <c2450>: <x195>[C] (+31.25) +0.571052632<x1>[B] (+0) +0.571052632<x2>[B] (+0) -0.571052632<x3>[B] (+0) +0.571052632<x4>[B] (+0) +0.571052632<x5>[B] (+0) +0.571052632<x6>[B] (+0) +0.571052632<x7>[B] (+0) +0.571052632<x8>[B] (+0) -0.571052632<x9>[B] (+0) +0.571052632<x10>[B] (+0) -0.571052632<x11>[B] (+0) -0.571052632<x12>[B] (+1) -0.571052632<x13>[B] (+0) -0.571052632<x14>[B] (+0) +0.571052632<x15>[B] (+0) +0.571052632<x16>[B] (+0) +0.571052632<x17>[B] (+0) +0.571052632<x18>[B] (+0) +0.571052632<x19>[B] (+0) +0.571052632<x20>[B] (+1) -0.571052632<x21>[B] (+0) +0.571052632<x22>[B] (+0) +0.571052632<x23>[B] (+0) +0.571052632<x24>[B] (+1) +0.571052632<x25>[B] (+0) +0.571052632<x26>[B] (+1) -0.571052632<x27>[B] (+0) +0.571052632<x28>[B] (+0) -0.571052632<x29>[B] (+0) -0.571052632<x30>[B] (+1) -0.571052632<x31>[B] (+0) -0.571052632<x32>[B] (+1) +0.571052632<x33>[B] (+0) +0.571052632<x34>[B] (+0) -0.571052632<x35>[B] (+0) +0.571052632<x36>[B] (+0) -0.571052632<x37>[B] (+0) -0.571052632<x38>[B] (+0) -0.571052632<x39>[B] (+0) +0.571052632<x40>[B] (+0) -0.571052632<x41>[B] (+0) +0.571052632<x42>[B] (+0) +0.571052632<x43>[B] (+0) -0.571052632<x44>[B] (+0) -0.571052632<x45>[B] (+0) -0.571052632<x46>[B] (+0) -0.571052632<x47>[B] (+1) -0.571052632<x48>[B] (+0) -0.571052632<x49>[B] (+0) +0.571052632<x50>[B] (+0) -0.571052632<x51>[B] (+0) -0.571052632<x52>[B] (+0) +0.571052632<x53>[B] (+0) -0.571052632<x54>[B] (+0) +0.571052632<x55>[B] (+0) +0.571052632<x56>[B] (+0) +0.571052632<x57>[B] (+1) +0.571052632<x58>[B] (+1) +0.571052632<x59>[B] (+1) -0.571052632<x60>[B] (+0) +0.571052632<x61>[B] (+0) -0.571052632<x62>[B] (+1) -0.571052632<x63>[B] (+1) -0.571052632<x64>[B] (+0) +0.571052632<x65>[B] (+1) +0.571052632<x66>[B] (+0) +0.571052632<x67>[B] (+0) +0.571052632<x68>[B] (+0) +0.571052632<x69>[B] (+0) +0.571052632<x70>[B] (+0) +0.571052632<x71>[B] (+0) +0.571052632<x72>[B] (+1) +0.571052632<x73>[B] (+1) +0.571052632<x74>[B] (+1) -0.571052632<x75>[B] (+1) -0.571052632<x76>[B] (+0) -0.571052632<x77>[B] (+1) -0.571052632<x78>[B] (+1) -0.571052632<x79>[B] (+1) -0.571052632<x80>[B] (+1) +0.571052632<x81>[B] (+1) -0.571052632<x82>[B] (+1) -0.571052632<x83>[B] (+0) +0.571052632<x84>[B] (+1) -0.571052632<x85>[B] (+1) -0.571052632<x86>[B] (+1) -0.571052632<x87>[B] (+1) -0.571052632<x88>[B] (+1) -0.571052632<x89>[B] (+1) -0.571052632<x90>[B] (+1) -0.571052632<x91>[B] (+1) -0.571052632<x92>[B] (+1) -0.571052632<x93>[B] (+1) -0.571052632<x94>[B] (+1) +0.571052632<x95>[B] (+1) -0.571052632<x96>[B] (+1) -0.571052632<x97>[B] (+1) +0.571052632<x98>[B] (+1) -0.571052632<x99>[B] (+1) +0.571052632<x100>[B] (+0) +0.571052632<x101>[B] (+0) -0.571052632<x102>[B] (+0) -0.571052632<x103>[B] (+0) -0.571052632<x104>[B] (+0) -0.571052632<x105>[B] (+1) -0.571052632<x106>[B] (+0) -0.571052632<x107>[B] (+0) +0.571052632<x108>[B] (+0) -0.571052632<x109>[B] (+0) -0.571052632<x110>[B] (+0) +0.571052632<x111>[B] (+0) -0.571052632<x112>[B] (+0) -0.571052632<x113>[B] (+1) -0.571052632<x114>[B] (+0) -0.571052632<x115>[B] (+0) -0.571052632<x116>[B] (+1) -0.571052632<x117>[B] (+1) -0.571052632<x118>[B] (+0) -0.571052632<x119>[B] (+1) +0.571052632<x120>[B] (+0) -0.571052632<x121>[B] (+0) -0.571052632<x122>[B] (+0) +0.571052632<x123>[B] (+0) -0.571052632<x124>[B] (+0) -0.571052632<x125>[B] (+0) -0.571052632<x126>[B] (+0) -0.571052632<x127>[B] (+0) -0.571052632<x128>[B] (+1) -0.571052632<x129>[B] (+0) -0.571052632<x130>[B] (+0) +0.571052632<x131>[B] (+0) -0.571052632<x132>[B] (+0) -0.571052632<x133>[B] (+0) +0.571052632<x134>[B] (+0) -0.571052632<x135>[B] (+0) +0.571052632<x136>[B] (+0) -0.571052632<x137>[B] (+1) -0.571052632<x138>[B] (+1) -0.571052632<x139>[B] (+1) +0.571052632<x140>[B] (+1) +0.571052632<x141>[B] (+1) +0.571052632<x142>[B] (+1) +0.571052632<x143>[B] (+0) +0.571052632<x144>[B] (+0) +0.571052632<x145>[B] (+0) -0.571052632<x146>[B] (+1) -0.571052632<x147>[B] (+1) -0.571052632<x148>[B] (+1) -0.571052632<x149>[B] (+1) +0.571052632<x150>[B] (+1) +0.571052632<x151>[B] (+1) -0.571052632<x152>[B] (+0) +0.571052632<x153>[B] (+1) -0.571052632<x154>[B] (+1) -0.571052632<x155>[B] (+1) -0.571052632<x156>[B] (+0) +0.571052632<x157>[B] (+1) +0.571052632<x158>[B] (+0) +0.571052632<x159>[B] (+0) +0.571052632<x160>[B] (+0) +0.571052632<x161>[B] (+0) +0.571052632<x162>[B] (+0) -0.571052632<x163>[B] (+0) +0.571052632<x164>[B] (+0) +0.571052632<x165>[B] (+0) +0.571052632<x166>[B] (+0) +0.571052632<x167>[B] (+0) +0.571052632<x168>[B] (+0) +0.571052632<x169>[B] (+0) +0.571052632<x170>[B] (+1) +0.571052632<x171>[B] (+0) +0.571052632<x172>[B] (+0) +0.571052632<x173>[B] (+0) +0.571052632<x174>[B] (+0) +0.571052632<x175>[B] (+0) +0.571052632<x176>[B] (+0) +0.571052632<x177>[B] (+0) +0.571052632<x178>[B] (+0) +0.571052632<x179>[B] (+0) +0.571052632<x180>[B] (+0) -0.571052632<x181>[B] (+0) -0.571052632<x182>[B] (+0) -0.571052632<x183>[B] (+0) -0.571052632<x184>[B] (+0) -0.571052632<x185>[B] (+0) +0.571052632<x186>[B] (+0) -0.571052632<x187>[B] (+0) +0.571052632<x188>[B] (+1) -0.571052632<x189>[B] (+1) -0.571052632<x190>[B] (+0) >= 20.9868421052632;
;
violation: left hand side is violated by 0.015789473684201
  [linear] <c2447>: <x191>[C] (+28.4105263) -0.528947368<x1>[B] (+0) -0.528947368<x2>[B] (+1) -0.528947368<x3>[B] (+0) +0.528947368<x4>[B] (+0) -0.528947368<x5>[B] (+0) -0.528947368<x6>[B] (+1) -0.528947368<x7>[B] (+0) +0.528947368<x8>[B] (+0) -0.528947368<x9>[B] (+0) -0.528947368<x10>[B] (+0) -0.528947368<x11>[B] (+0) -0.528947368<x12>[B] (+1) +0.528947368<x13>[B] (+0) +0.528947368<x14>[B] (+0) -0.528947368<x15>[B] (+0) +0.528947368<x16>[B] (+0) +0.528947368<x17>[B] (+0) -0.528947368<x18>[B] (+0) -0.528947368<x19>[B] (+0) +0.528947368<x20>[B] (+1) +0.528947368<x21>[B] (+0) +0.528947368<x22>[B] (+0) -0.528947368<x23>[B] (+0) -0.528947368<x24>[B] (+1) +0.528947368<x25>[B] (+1) +0.528947368<x26>[B] (+1) +0.528947368<x27>[B] (+0) +0.528947368<x28>[B] (+0) +0.528947368<x29>[B] (+0) +0.528947368<x30>[B] (+1) +0.528947368<x31>[B] (+0) +0.528947368<x32>[B] (+1) +0.528947368<x33>[B] (+0) +0.528947368<x34>[B] (+0) +0.528947368<x35>[B] (+0) +0.528947368<x36>[B] (+0) +0.528947368<x37>[B] (+0) -0.528947368<x38>[B] (+0) +0.528947368<x39>[B] (+0) -0.528947368<x40>[B] (+0) -0.528947368<x41>[B] (+0) -0.528947368<x42>[B] (+0) +0.528947368<x43>[B] (+0) -0.528947368<x44>[B] (+0) +0.528947368<x45>[B] (+0) +0.528947368<x46>[B] (+0) +0.528947368<x47>[B] (+1) +0.528947368<x48>[B] (+0) +0.528947368<x49>[B] (+0) -0.528947368<x50>[B] (+0) +0.528947368<x51>[B] (+0) +0.528947368<x52>[B] (+0) +0.528947368<x53>[B] (+0) -0.528947368<x54>[B] (+0) +0.528947368<x55>[B] (+0) -0.528947368<x56>[B] (+0) -0.528947368<x57>[B] (+1) -0.528947368<x58>[B] (+1) +0.528947368<x59>[B] (+1) +0.528947368<x60>[B] (+0) +0.528947368<x61>[B] (+0) +0.528947368<x62>[B] (+1) +0.528947368<x63>[B] (+1) +0.528947368<x64>[B] (+0) +0.528947368<x65>[B] (+1) -0.528947368<x66>[B] (+0) +0.528947368<x67>[B] (+0) +0.528947368<x68>[B] (+0) +0.528947368<x69>[B] (+0) -0.528947368<x70>[B] (+0) -0.528947368<x71>[B] (+0) -0.528947368<x72>[B] (+1) -0.528947368<x73>[B] (+1) -0.528947368<x74>[B] (+1) -0.528947368<x75>[B] (+1) -0.528947368<x76>[B] (+0) -0.528947368<x77>[B] (+1) -0.528947368<x78>[B] (+1) -0.528947368<x79>[B] (+1) -0.528947368<x80>[B] (+1) -0.528947368<x81>[B] (+1) +0.528947368<x82>[B] (+1) -0.528947368<x83>[B] (+0) -0.528947368<x84>[B] (+1) -0.528947368<x85>[B] (+1) -0.528947368<x86>[B] (+1) +0.528947368<x87>[B] (+1) +0.528947368<x88>[B] (+1) +0.528947368<x89>[B] (+1) +0.528947368<x90>[B] (+0) +0.528947368<x91>[B] (+1) +0.528947368<x92>[B] (+1) +0.528947368<x93>[B] (+1) +0.528947368<x94>[B] (+1) +0.528947368<x95>[B] (+1) +0.528947368<x96>[B] (+1) +0.528947368<x97>[B] (+0) +0.528947368<x98>[B] (+1) +0.528947368<x99>[B] (+1) +0.528947368<x100>[B] (+0) +0.528947368<x101>[B] (+0) +0.528947368<x102>[B] (+0) +0.528947368<x103>[B] (+0) +0.528947368<x104>[B] (+0) +0.528947368<x105>[B] (+1) +0.528947368<x106>[B] (+0) +0.528947368<x107>[B] (+0) +0.528947368<x108>[B] (+0) +0.528947368<x109>[B] (+0) +0.528947368<x110>[B] (+0) +0.528947368<x111>[B] (+0) +0.528947368<x112>[B] (+0) +0.528947368<x113>[B] (+1) +0.528947368<x114>[B] (+0) +0.528947368<x115>[B] (+0) +0.528947368<x116>[B] (+0) +0.528947368<x117>[B] (+1) +0.528947368<x118>[B] (+0) +0.528947368<x119>[B] (+0) -0.528947368<x120>[B] (+0) +0.528947368<x121>[B] (+0) +0.528947368<x122>[B] (+0) +0.528947368<x123>[B] (+0) -0.528947368<x124>[B] (+0) -0.528947368<x125>[B] (+0) -0.528947368<x126>[B] (+0) -0.528947368<x127>[B] (+0) -0.528947368<x128>[B] (+1) +0.528947368<x129>[B] (+0) +0.528947368<x130>[B] (+0) -0.528947368<x131>[B] (+0) +0.528947368<x132>[B] (+0) +0.528947368<x133>[B] (+0) -0.528947368<x134>[B] (+0) -0.528947368<x135>[B] (+0) +0.528947368<x136>[B] (+0) +0.528947368<x137>[B] (+1) +0.528947368<x138>[B] (+1) +0.528947368<x139>[B] (+1) +0.528947368<x140>[B] (+1) -0.528947368<x141>[B] (+1) +0.528947368<x142>[B] (+1) +0.528947368<x143>[B] (+0) +0.528947368<x144>[B] (+0) -0.528947368<x145>[B] (+0) -0.528947368<x146>[B] (+1) +0.528947368<x147>[B] (+1) +0.528947368<x148>[B] (+1) +0.528947368<x149>[B] (+1) -0.528947368<x150>[B] (+1) +0.528947368<x151>[B] (+1) +0.528947368<x152>[B] (+0) -0.528947368<x153>[B] (+1) -0.528947368<x154>[B] (+1) +0.528947368<x155>[B] (+1) +0.528947368<x156>[B] (+0) +0.528947368<x157>[B] (+1) -0.528947368<x158>[B] (+0) +0.528947368<x159>[B] (+0) +0.528947368<x160>[B] (+0) +0.528947368<x161>[B] (+0) -0.528947368<x162>[B] (+0) +0.528947368<x163>[B] (+0) +0.528947368<x164>[B] (+0) -0.528947368<x165>[B] (+0) +0.528947368<x166>[B] (+0) +0.528947368<x167>[B] (+0) -0.528947368<x168>[B] (+0) -0.528947368<x169>[B] (+0) -0.528947368<x170>[B] (+1) -0.528947368<x171>[B] (+0) +0.528947368<x172>[B] (+0) -0.528947368<x173>[B] (+0) -0.528947368<x174>[B] (+0) -0.528947368<x175>[B] (+0) -0.528947368<x176>[B] (+0) +0.528947368<x177>[B] (+0) +0.528947368<x178>[B] (+0) -0.528947368<x179>[B] (+0) -0.528947368<x180>[B] (+0) +0.528947368<x181>[B] (+1) +0.528947368<x182>[B] (+0) +0.528947368<x183>[B] (+0) -0.528947368<x184>[B] (+0) -0.528947368<x185>[B] (+0) -0.528947368<x186>[B] (+0) -0.528947368<x187>[B] (+0) -0.528947368<x188>[B] (+1) -0.528947368<x189>[B] (+1) -0.528947368<x190>[B] (+1) >= 33.1921052631579;
;
violation: left hand side is violated by 0.0210526315789892
  [linear] <c2458>: <x203>[C] (+37.8631579) +0.618421053<x1>[B] (+0) +0.618421053<x2>[B] (+1) +0.618421053<x3>[B] (+0) +0.618421053<x4>[B] (+0) +0.618421053<x5>[B] (+0) +0.618421053<x6>[B] (+1) -0.618421053<x7>[B] (+1) -0.618421053<x8>[B] (+0) +0.618421053<x9>[B] (+0) +0.618421053<x10>[B] (+0) +0.618421053<x11>[B] (+0) +0.618421053<x12>[B] (+1) +0.618421053<x13>[B] (+0) -0.618421053<x14>[B] (+0) +0.618421053<x15>[B] (+0) +0.618421053<x16>[B] (+0) +0.618421053<x17>[B] (+0) +0.618421053<x18>[B] (+0) +0.618421053<x19>[B] (+0) +0.618421053<x20>[B] (+1) -0.618421053<x21>[B] (+0) -0.618421053<x22>[B] (+0) -0.618421053<x23>[B] (+0) +0.618421053<x24>[B] (+1) -0.618421053<x25>[B] (+1) -0.618421053<x26>[B] (+1) -0.618421053<x27>[B] (+0) +0.618421053<x28>[B] (+0) -0.618421053<x29>[B] (+0) -0.618421053<x30>[B] (+1) -0.618421053<x31>[B] (+0) -0.618421053<x32>[B] (+1) +0.618421053<x33>[B] (+0) +0.618421053<x34>[B] (+0) -0.618421053<x35>[B] (+0) +0.618421053<x36>[B] (+0) -0.618421053<x37>[B] (+0) -0.618421053<x38>[B] (+0) -0.618421053<x39>[B] (+0) -0.618421053<x40>[B] (+0) +0.618421053<x41>[B] (+0) -0.618421053<x42>[B] (+0) -0.618421053<x43>[B] (+0) -0.618421053<x44>[B] (+0) +0.618421053<x45>[B] (+0) -0.618421053<x46>[B] (+0) -0.618421053<x47>[B] (+1) -0.618421053<x48>[B] (+0) -0.618421053<x49>[B] (+0) +0.618421053<x50>[B] (+0) +0.618421053<x51>[B] (+0) -0.618421053<x52>[B] (+0) +0.618421053<x53>[B] (+0) -0.618421053<x54>[B] (+0) -0.618421053<x55>[B] (+0) +0.618421053<x56>[B] (+0) +0.618421053<x57>[B] (+1) -0.618421053<x58>[B] (+1) -0.618421053<x59>[B] (+1) -0.618421053<x60>[B] (+0) +0.618421053<x61>[B] (+0) -0.618421053<x62>[B] (+1) -0.618421053<x63>[B] (+1) -0.618421053<x64>[B] (+0) -0.618421053<x65>[B] (+1) +0.618421053<x66>[B] (+0) +0.618421053<x67>[B] (+0) +0.618421053<x68>[B] (+0) +0.618421053<x69>[B] (+0) +0.618421053<x70>[B] (+0) +0.618421053<x71>[B] (+0) +0.618421053<x72>[B] (+1) -0.618421053<x73>[B] (+1) -0.618421053<x74>[B] (+1) -0.618421053<x75>[B] (+1) +0.618421053<x76>[B] (+0) +0.618421053<x77>[B] (+1) -0.618421053<x78>[B] (+1) -0.618421053<x79>[B] (+1) -0.618421053<x80>[B] (+1) +0.618421053<x81>[B] (+1) +0.618421053<x82>[B] (+1) +0.618421053<x83>[B] (+0) +0.618421053<x84>[B] (+1) +0.618421053<x85>[B] (+1) +0.618421053<x86>[B] (+1) -0.618421053<x87>[B] (+1) -0.618421053<x88>[B] (+1) -0.618421053<x89>[B] (+1) +0.618421053<x90>[B] (+0) -0.618421053<x91>[B] (+1) -0.618421053<x92>[B] (+1) -0.618421053<x93>[B] (+1) -0.618421053<x94>[B] (+1) +0.618421053<x95>[B] (+1) +0.618421053<x96>[B] (+1) -0.618421053<x97>[B] (+0) +0.618421053<x98>[B] (+1) -0.618421053<x99>[B] (+1) -0.618421053<x100>[B] (+0) -0.618421053<x101>[B] (+0) -0.618421053<x102>[B] (+0) -0.618421053<x103>[B] (+0) -0.618421053<x104>[B] (+0) -0.618421053<x105>[B] (+1) -0.618421053<x106>[B] (+0) -0.618421053<x107>[B] (+0) -0.618421053<x108>[B] (+0) -0.618421053<x109>[B] (+0) -0.618421053<x110>[B] (+0) -0.618421053<x111>[B] (+0) -0.618421053<x112>[B] (+0) -0.618421053<x113>[B] (+0) +0.618421053<x114>[B] (+0) +0.618421053<x115>[B] (+0) +0.618421053<x116>[B] (+0) +0.618421053<x117>[B] (+1) +0.618421053<x118>[B] (+0) +0.618421053<x119>[B] (+0) +0.618421053<x120>[B] (+0) +0.618421053<x121>[B] (+0) +0.618421053<x122>[B] (+0) +0.618421053<x123>[B] (+0) +0.618421053<x124>[B] (+0) +0.618421053<x125>[B] (+0) +0.618421053<x126>[B] (+0) +0.618421053<x127>[B] (+0) +0.618421053<x128>[B] (+1) +0.618421053<x129>[B] (+0) +0.618421053<x130>[B] (+0) +0.618421053<x131>[B] (+0) +0.618421053<x132>[B] (+0) +0.618421053<x133>[B] (+0) +0.618421053<x134>[B] (+0) +0.618421053<x135>[B] (+0) +0.618421053<x136>[B] (+0) +0.618421053<x137>[B] (+1) +0.618421053<x138>[B] (+1) -0.618421053<x139>[B] (+1) -0.618421053<x140>[B] (+1) +0.618421053<x141>[B] (+0) +0.618421053<x142>[B] (+1) +0.618421053<x143>[B] (+0) +0.618421053<x144>[B] (+0) +0.618421053<x145>[B] (+0) -0.618421053<x146>[B] (+1) -0.618421053<x147>[B] (+1) -0.618421053<x148>[B] (+1) -0.618421053<x149>[B] (+1) -0.618421053<x150>[B] (+1) -0.618421053<x151>[B] (+1) -0.618421053<x152>[B] (+0) -0.618421053<x153>[B] (+1) -0.618421053<x154>[B] (+1) -0.618421053<x155>[B] (+1) -0.618421053<x156>[B] (+0) -0.618421053<x157>[B] (+1) +0.618421053<x158>[B] (+0) +0.618421053<x159>[B] (+0) +0.618421053<x160>[B] (+0) +0.618421053<x161>[B] (+0) +0.618421053<x162>[B] (+0) -0.618421053<x163>[B] (+0) -0.618421053<x164>[B] (+0) +0.618421053<x165>[B] (+0) +0.618421053<x166>[B] (+0) +0.618421053<x167>[B] (+0) +0.618421053<x168>[B] (+0) +0.618421053<x169>[B] (+0) -0.618421053<x170>[B] (+1) +0.618421053<x171>[B] (+0) +0.618421053<x172>[B] (+0) +0.618421053<x173>[B] (+0) +0.618421053<x174>[B] (+0) +0.618421053<x175>[B] (+0) +0.618421053<x176>[B] (+0) +0.618421053<x177>[B] (+0) +0.618421053<x178>[B] (+0) +0.618421053<x179>[B] (+0) +0.618421053<x180>[B] (+0) -0.618421053<x181>[B] (+1) -0.618421053<x182>[B] (+0) -0.618421053<x183>[B] (+1) -0.618421053<x184>[B] (+0) -0.618421053<x185>[B] (+0) +0.618421053<x186>[B] (+0) -0.618421053<x187>[B] (+0) +0.618421053<x188>[B] (+1) +0.618421053<x189>[B] (+1) -0.618421053<x190>[B] (+0) >= 26.7473684210526;
;
violation: left hand side is violated by 0.0157894736842472
  [linear] <c2447>: <x191>[C] (+29.9815789) -0.528947368<x1>[B] (+1) -0.528947368<x2>[B] (+1) -0.528947368<x3>[B] (+0) +0.528947368<x4>[B] (+0) -0.528947368<x5>[B] (+0) -0.528947368<x6>[B] (+1) -0.528947368<x7>[B] (+1) +0.528947368<x8>[B] (+0) -0.528947368<x9>[B] (+0) -0.528947368<x10>[B] (+0) -0.528947368<x11>[B] (+1) -0.528947368<x12>[B] (+1) +0.528947368<x13>[B] (+0) +0.528947368<x14>[B] (+1) -0.528947368<x15>[B] (+0) +0.528947368<x16>[B] (+0) +0.528947368<x17>[B] (+0) -0.528947368<x18>[B] (+0) -0.528947368<x19>[B] (+0) +0.528947368<x20>[B] (+1) +0.528947368<x21>[B] (+0) +0.528947368<x22>[B] (+0) -0.528947368<x23>[B] (+0) -0.528947368<x24>[B] (+1) +0.528947368<x25>[B] (+1) +0.528947368<x26>[B] (+0) +0.528947368<x27>[B] (+0) +0.528947368<x28>[B] (+0) +0.528947368<x29>[B] (+0) +0.528947368<x30>[B] (+1) +0.528947368<x31>[B] (+0) +0.528947368<x32>[B] (+1) +0.528947368<x33>[B] (+0) +0.528947368<x34>[B] (+0) +0.528947368<x35>[B] (+0) +0.528947368<x36>[B] (+0) +0.528947368<x37>[B] (+0) -0.528947368<x38>[B] (+0) +0.528947368<x39>[B] (+0) -0.528947368<x40>[B] (+0) -0.528947368<x41>[B] (+0) -0.528947368<x42>[B] (+0) +0.528947368<x43>[B] (+0) -0.528947368<x44>[B] (+0) +0.528947368<x45>[B] (+0) +0.528947368<x46>[B] (+0) +0.528947368<x47>[B] (+1) +0.528947368<x48>[B] (+0) +0.528947368<x49>[B] (+0) -0.528947368<x50>[B] (+0) +0.528947368<x51>[B] (+0) +0.528947368<x52>[B] (+0) +0.528947368<x53>[B] (+0) -0.528947368<x54>[B] (+0) +0.528947368<x55>[B] (+0) -0.528947368<x56>[B] (+0) -0.528947368<x57>[B] (+1) -0.528947368<x58>[B] (+1) +0.528947368<x59>[B] (+1) +0.528947368<x60>[B] (+0) +0.528947368<x61>[B] (+0) +0.528947368<x62>[B] (+1) +0.528947368<x63>[B] (+1) +0.528947368<x64>[B] (+0) +0.528947368<x65>[B] (+1) -0.528947368<x66>[B] (+0) +0.528947368<x67>[B] (+0) +0.528947368<x68>[B] (+0) +0.528947368<x69>[B] (+0) -0.528947368<x70>[B] (+0) -0.528947368<x71>[B] (+0) -0.528947368<x72>[B] (+1) -0.528947368<x73>[B] (+1) -0.528947368<x74>[B] (+1) -0.528947368<x75>[B] (+1) -0.528947368<x76>[B] (+0) -0.528947368<x77>[B] (+1) -0.528947368<x78>[B] (+1) -0.528947368<x79>[B] (+1) -0.528947368<x80>[B] (+1) -0.528947368<x81>[B] (+1) +0.528947368<x82>[B] (+1) -0.528947368<x83>[B] (+0) -0.528947368<x84>[B] (+1) -0.528947368<x85>[B] (+1) -0.528947368<x86>[B] (+1) +0.528947368<x87>[B] (+1) +0.528947368<x88>[B] (+1) +0.528947368<x89>[B] (+1) +0.528947368<x90>[B] (+0) +0.528947368<x91>[B] (+1) +0.528947368<x92>[B] (+1) +0.528947368<x93>[B] (+1) +0.528947368<x94>[B] (+1) +0.528947368<x95>[B] (+1) +0.528947368<x96>[B] (+1) +0.528947368<x97>[B] (+0) +0.528947368<x98>[B] (+1) +0.528947368<x99>[B] (+1) +0.528947368<x100>[B] (+0) +0.528947368<x101>[B] (+0) +0.528947368<x102>[B] (+0) +0.528947368<x103>[B] (+0) +0.528947368<x104>[B] (+0) +0.528947368<x105>[B] (+1) +0.528947368<x106>[B] (+0) +0.528947368<x107>[B] (+0) +0.528947368<x108>[B] (+0) +0.528947368<x109>[B] (+0) +0.528947368<x110>[B] (+0) +0.528947368<x111>[B] (+0) +0.528947368<x112>[B] (+0) +0.528947368<x113>[B] (+0) +0.528947368<x114>[B] (+0) +0.528947368<x115>[B] (+0) +0.528947368<x116>[B] (+0) +0.528947368<x117>[B] (+1) +0.528947368<x118>[B] (+0) +0.528947368<x119>[B] (+0) -0.528947368<x120>[B] (+0) +0.528947368<x121>[B] (+0) +0.528947368<x122>[B] (+0) +0.528947368<x123>[B] (+0) -0.528947368<x124>[B] (+0) -0.528947368<x125>[B] (+0) -0.528947368<x126>[B] (+0) -0.528947368<x127>[B] (+1) -0.528947368<x128>[B] (+1) +0.528947368<x129>[B] (+0) +0.528947368<x130>[B] (+1) -0.528947368<x131>[B] (+0) +0.528947368<x132>[B] (+0) +0.528947368<x133>[B] (+0) -0.528947368<x134>[B] (+0) -0.528947368<x135>[B] (+0) +0.528947368<x136>[B] (+0) +0.528947368<x137>[B] (+1) +0.528947368<x138>[B] (+1) +0.528947368<x139>[B] (+1) +0.528947368<x140>[B] (+1) -0.528947368<x141>[B] (+0) +0.528947368<x142>[B] (+1) +0.528947368<x143>[B] (+0) +0.528947368<x144>[B] (+0) -0.528947368<x145>[B] (+0) -0.528947368<x146>[B] (+1) +0.528947368<x147>[B] (+1) +0.528947368<x148>[B] (+1) +0.528947368<x149>[B] (+1) -0.528947368<x150>[B] (+1) +0.528947368<x151>[B] (+1) +0.528947368<x152>[B] (+0) -0.528947368<x153>[B] (+1) -0.528947368<x154>[B] (+1) +0.528947368<x155>[B] (+1) +0.528947368<x156>[B] (+0) +0.528947368<x157>[B] (+1) -0.528947368<x158>[B] (+0) +0.528947368<x159>[B] (+0) +0.528947368<x160>[B] (+0) +0.528947368<x161>[B] (+0) -0.528947368<x162>[B] (+0) +0.528947368<x163>[B] (+0) +0.528947368<x164>[B] (+0) -0.528947368<x165>[B] (+0) +0.528947368<x166>[B] (+0) +0.528947368<x167>[B] (+0) -0.528947368<x168>[B] (+0) -0.528947368<x169>[B] (+0) -0.528947368<x170>[B] (+1) -0.528947368<x171>[B] (+0) +0.528947368<x172>[B] (+0) -0.528947368<x173>[B] (+0) -0.528947368<x174>[B] (+0) -0.528947368<x175>[B] (+0) -0.528947368<x176>[B] (+0) +0.528947368<x177>[B] (+0) +0.528947368<x178>[B] (+0) -0.528947368<x179>[B] (+0) -0.528947368<x180>[B] (+0) +0.528947368<x181>[B] (+1) +0.528947368<x182>[B] (+0) +0.528947368<x183>[B] (+0) -0.528947368<x184>[B] (+0) -0.528947368<x185>[B] (+0) -0.528947368<x186>[B] (+0) -0.528947368<x187>[B] (+0) -0.528947368<x188>[B] (+1) -0.528947368<x189>[B] (+1) -0.528947368<x190>[B] (+1) >= 33.1921052631579;
;
violation: left hand side is violated by 0.0368421052631973
  [linear] <c2457>: <x202>[C] (+42.3921053) +0.65<x1>[B] (+0) +0.65<x2>[B] (+1) +0.65<x3>[B] (+0) +0.65<x4>[B] (+0) +0.65<x5>[B] (+0) +0.65<x6>[B] (+0) +0.65<x7>[B] (+0) +0.65<x8>[B] (+0) +0.65<x9>[B] (+0) +0.65<x10>[B] (+0) +0.65<x11>[B] (+0) +0.65<x12>[B] (+1) +0.65<x13>[B] (+0) +0.65<x14>[B] (+0) +0.65<x15>[B] (+0) +0.65<x16>[B] (+0) +0.65<x17>[B] (+0) +0.65<x18>[B] (+0) +0.65<x19>[B] (+0) +0.65<x20>[B] (+1) +0.65<x21>[B] (+0) +0.65<x22>[B] (+0) -0.65<x23>[B] (+0) -0.65<x24>[B] (+1) -0.65<x25>[B] (+0) +0.65<x26>[B] (+1) -0.65<x27>[B] (+0) +0.65<x28>[B] (+0) -0.65<x29>[B] (+0) -0.65<x30>[B] (+1) +0.65<x31>[B] (+0) -0.65<x32>[B] (+1) +0.65<x33>[B] (+0) +0.65<x34>[B] (+0) +0.65<x35>[B] (+0) -0.65<x36>[B] (+0) -0.65<x37>[B] (+0) -0.65<x38>[B] (+0) +0.65<x39>[B] (+0) -0.65<x40>[B] (+0) -0.65<x41>[B] (+0) -0.65<x42>[B] (+0) +0.65<x43>[B] (+0) -0.65<x44>[B] (+0) +0.65<x45>[B] (+0) -0.65<x46>[B] (+0) -0.65<x47>[B] (+1) +0.65<x48>[B] (+0) -0.65<x49>[B] (+0) -0.65<x50>[B] (+0) +0.65<x51>[B] (+0) +0.65<x52>[B] (+0) -0.65<x53>[B] (+0) -0.65<x54>[B] (+0) +0.65<x55>[B] (+0) -0.65<x56>[B] (+0) -0.65<x57>[B] (+1) -0.65<x58>[B] (+1) +0.65<x59>[B] (+1) -0.65<x60>[B] (+0) +0.65<x61>[B] (+0) -0.65<x62>[B] (+1) -0.65<x63>[B] (+1) +0.65<x64>[B] (+0) -0.65<x65>[B] (+1) +0.65<x66>[B] (+0) +0.65<x67>[B] (+0) +0.65<x68>[B] (+0) -0.65<x69>[B] (+0) -0.65<x70>[B] (+0) -0.65<x71>[B] (+0) -0.65<x72>[B] (+1) -0.65<x73>[B] (+1) +0.65<x74>[B] (+1) -0.65<x75>[B] (+1) -0.65<x76>[B] (+0) -0.65<x77>[B] (+1) -0.65<x78>[B] (+1) -0.65<x79>[B] (+1) -0.65<x80>[B] (+1) -0.65<x81>[B] (+0) -0.65<x82>[B] (+1) +0.65<x83>[B] (+0) -0.65<x84>[B] (+1) -0.65<x85>[B] (+0) +0.65<x86>[B] (+1) +0.65<x87>[B] (+1) +0.65<x88>[B] (+1) +0.65<x89>[B] (+1) +0.65<x90>[B] (+0) +0.65<x91>[B] (+1) -0.65<x92>[B] (+1) +0.65<x93>[B] (+1) -0.65<x94>[B] (+1) +0.65<x95>[B] (+1) +0.65<x96>[B] (+1) +0.65<x97>[B] (+0) +0.65<x98>[B] (+1) +0.65<x99>[B] (+1) +0.65<x100>[B] (+0) +0.65<x101>[B] (+0) +0.65<x102>[B] (+0) +0.65<x103>[B] (+0) +0.65<x104>[B] (+0) -0.65<x105>[B] (+1) +0.65<x106>[B] (+0) -0.65<x107>[B] (+0) +0.65<x108>[B] (+0) +0.65<x109>[B] (+0) +0.65<x110>[B] (+0) +0.65<x111>[B] (+0) +0.65<x112>[B] (+0) +0.65<x113>[B] (+1) -0.65<x114>[B] (+0) +0.65<x115>[B] (+0) +0.65<x116>[B] (+1) -0.65<x117>[B] (+1) +0.65<x118>[B] (+0) -0.65<x119>[B] (+1) +0.65<x120>[B] (+0) +0.65<x121>[B] (+0) +0.65<x122>[B] (+0) +0.65<x123>[B] (+0) +0.65<x124>[B] (+0) -0.65<x125>[B] (+0) -0.65<x126>[B] (+0) -0.65<x127>[B] (+0) -0.65<x128>[B] (+1) -0.65<x129>[B] (+0) -0.65<x130>[B] (+1) -0.65<x131>[B] (+0) -0.65<x132>[B] (+0) +0.65<x133>[B] (+0) -0.65<x134>[B] (+0) -0.65<x135>[B] (+0) +0.65<x136>[B] (+0) +0.65<x137>[B] (+1) -0.65<x138>[B] (+1) +0.65<x139>[B] (+1) -0.65<x140>[B] (+1) +0.65<x141>[B] (+0) +0.65<x142>[B] (+1) +0.65<x143>[B] (+0) +0.65<x144>[B] (+0) +0.65<x145>[B] (+0) -0.65<x146>[B] (+1) -0.65<x147>[B] (+1) -0.65<x148>[B] (+1) -0.65<x149>[B] (+1) -0.65<x150>[B] (+1) -0.65<x151>[B] (+1) +0.65<x152>[B] (+0) -0.65<x153>[B] (+1) -0.65<x154>[B] (+1) -0.65<x155>[B] (+1) +0.65<x156>[B] (+0) -0.65<x157>[B] (+1) +0.65<x158>[B] (+0) +0.65<x159>[B] (+0) +0.65<x160>[B] (+0) +0.65<x161>[B] (+0) +0.65<x162>[B] (+0) +0.65<x163>[B] (+0) -0.65<x164>[B] (+0) +0.65<x165>[B] (+0) +0.65<x166>[B] (+0) +0.65<x167>[B] (+0) +0.65<x168>[B] (+0) +0.65<x169>[B] (+0) -0.65<x170>[B] (+1) -0.65<x171>[B] (+0) +0.65<x172>[B] (+0) +0.65<x173>[B] (+0) -0.65<x174>[B] (+0) -0.65<x175>[B] (+0) +0.65<x176>[B] (+0) +0.65<x177>[B] (+0) +0.65<x178>[B] (+0) +0.65<x179>[B] (+0) +0.65<x180>[B] (+0) +0.65<x181>[B] (+1) +0.65<x182>[B] (+0) -0.65<x183>[B] (+1) -0.65<x184>[B] (+0) +0.65<x185>[B] (+0) -0.65<x186>[B] (+0) -0.65<x187>[B] (+0) -0.65<x188>[B] (+1) -0.65<x189>[B] (+1) +0.65<x190>[B] (+0) >= 30.0631578947368;
;
violation: left hand side is violated by 0.021052631578911
  [linear] <c2460>: <x205>[C] (+42.4131579) +0.655263158<x1>[B] (+0) +0.655263158<x2>[B] (+1) +0.655263158<x3>[B] (+0) +0.655263158<x4>[B] (+0) +0.655263158<x5>[B] (+0) +0.655263158<x6>[B] (+0) +0.655263158<x7>[B] (+0) +0.655263158<x8>[B] (+0) +0.655263158<x9>[B] (+0) +0.655263158<x10>[B] (+0) +0.655263158<x11>[B] (+0) -0.655263158<x12>[B] (+1) +0.655263158<x13>[B] (+0) -0.655263158<x14>[B] (+0) +0.655263158<x15>[B] (+0) -0.655263158<x16>[B] (+0) +0.655263158<x17>[B] (+0) +0.655263158<x18>[B] (+0) +0.655263158<x19>[B] (+0) -0.655263158<x20>[B] (+1) -0.655263158<x21>[B] (+0) -0.655263158<x22>[B] (+0) -0.655263158<x23>[B] (+0) -0.655263158<x24>[B] (+1) -0.655263158<x25>[B] (+0) +0.655263158<x26>[B] (+0) +0.655263158<x27>[B] (+0) +0.655263158<x28>[B] (+0) -0.655263158<x29>[B] (+0) -0.655263158<x30>[B] (+1) -0.655263158<x31>[B] (+0) -0.655263158<x32>[B] (+1) +0.655263158<x33>[B] (+0) -0.655263158<x34>[B] (+0) +0.655263158<x35>[B] (+0) +0.655263158<x36>[B] (+0) -0.655263158<x37>[B] (+0) -0.655263158<x38>[B] (+0) -0.655263158<x39>[B] (+0) -0.655263158<x40>[B] (+0) +0.655263158<x41>[B] (+0) -0.655263158<x42>[B] (+0) +0.655263158<x43>[B] (+0) +0.655263158<x44>[B] (+0) +0.655263158<x45>[B] (+0) -0.655263158<x46>[B] (+0) -0.655263158<x47>[B] (+1) -0.655263158<x48>[B] (+0) -0.655263158<x49>[B] (+0) +0.655263158<x50>[B] (+0) -0.655263158<x51>[B] (+0) +0.655263158<x52>[B] (+0) +0.655263158<x53>[B] (+0) +0.655263158<x54>[B] (+0) +0.655263158<x55>[B] (+0) -0.655263158<x56>[B] (+0) +0.655263158<x57>[B] (+1) -0.655263158<x58>[B] (+0) +0.655263158<x59>[B] (+0) +0.655263158<x60>[B] (+0) +0.655263158<x61>[B] (+0) -0.655263158<x62>[B] (+1) -0.655263158<x63>[B] (+1) +0.655263158<x64>[B] (+0) -0.655263158<x65>[B] (+1) +0.655263158<x66>[B] (+0) -0.655263158<x67>[B] (+0) +0.655263158<x68>[B] (+0) +0.655263158<x69>[B] (+0) +0.655263158<x70>[B] (+0) -0.655263158<x71>[B] (+0) +0.655263158<x72>[B] (+1) -0.655263158<x73>[B] (+1) +0.655263158<x74>[B] (+1) +0.655263158<x75>[B] (+1) +0.655263158<x76>[B] (+0) -0.655263158<x77>[B] (+1) -0.655263158<x78>[B] (+1) -0.655263158<x79>[B] (+1) -0.655263158<x80>[B] (+1) +0.655263158<x81>[B] (+1) -0.655263158<x82>[B] (+1) +0.655263158<x83>[B] (+0) +0.655263158<x84>[B] (+1) +0.655263158<x85>[B] (+0) +0.655263158<x86>[B] (+1) +0.655263158<x87>[B] (+1) +0.655263158<x88>[B] (+1) +0.655263158<x89>[B] (+1) +0.655263158<x90>[B] (+0) +0.655263158<x91>[B] (+1) -0.655263158<x92>[B] (+1) +0.655263158<x93>[B] (+1) -0.655263158<x94>[B] (+1) +0.655263158<x95>[B] (+1) -0.655263158<x96>[B] (+1) +0.655263158<x97>[B] (+0) +0.655263158<x98>[B] (+1) +0.655263158<x99>[B] (+1) -0.655263158<x100>[B] (+0) +0.655263158<x101>[B] (+0) +0.655263158<x102>[B] (+0) +0.655263158<x103>[B] (+0) -0.655263158<x104>[B] (+0) -0.655263158<x105>[B] (+1) -0.655263158<x106>[B] (+0) -0.655263158<x107>[B] (+0) +0.655263158<x108>[B] (+0) -0.655263158<x109>[B] (+0) +0.655263158<x110>[B] (+0) +0.655263158<x111>[B] (+0) -0.655263158<x112>[B] (+0) +0.655263158<x113>[B] (+0) +0.655263158<x114>[B] (+0) +0.655263158<x115>[B] (+0) -0.655263158<x116>[B] (+1) -0.655263158<x117>[B] (+1) +0.655263158<x118>[B] (+0) -0.655263158<x119>[B] (+1) +0.655263158<x120>[B] (+0) -0.655263158<x121>[B] (+0) +0.655263158<x122>[B] (+0) +0.655263158<x123>[B] (+0) +0.655263158<x124>[B] (+0) -0.655263158<x125>[B] (+0) +0.655263158<x126>[B] (+0) -0.655263158<x127>[B] (+1) -0.655263158<x128>[B] (+1) -0.655263158<x129>[B] (+0) -0.655263158<x130>[B] (+1) +0.655263158<x131>[B] (+0) -0.655263158<x132>[B] (+0) -0.655263158<x133>[B] (+0) -0.655263158<x134>[B] (+0) -0.655263158<x135>[B] (+0) +0.655263158<x136>[B] (+0) -0.655263158<x137>[B] (+1) -0.655263158<x138>[B] (+1) -0.655263158<x139>[B] (+1) -0.655263158<x140>[B] (+1) +0.655263158<x141>[B] (+0) -0.655263158<x142>[B] (+1) -0.655263158<x143>[B] (+0) -0.655263158<x144>[B] (+0) -0.655263158<x145>[B] (+0) -0.655263158<x146>[B] (+1) -0.655263158<x147>[B] (+1) -0.655263158<x148>[B] (+1) -0.655263158<x149>[B] (+1) +0.655263158<x150>[B] (+1) -0.655263158<x151>[B] (+1) -0.655263158<x152>[B] (+0) -0.655263158<x153>[B] (+1) -0.655263158<x154>[B] (+1) -0.655263158<x155>[B] (+1) +0.655263158<x156>[B] (+0) -0.655263158<x157>[B] (+1) +0.655263158<x158>[B] (+0) -0.655263158<x159>[B] (+0) +0.655263158<x160>[B] (+0) +0.655263158<x161>[B] (+0) +0.655263158<x162>[B] (+0) +0.655263158<x163>[B] (+0) +0.655263158<x164>[B] (+0) +0.655263158<x165>[B] (+0) +0.655263158<x166>[B] (+0) +0.655263158<x167>[B] (+0) +0.655263158<x168>[B] (+0) +0.655263158<x169>[B] (+0) -0.655263158<x170>[B] (+1) +0.655263158<x171>[B] (+0) -0.655263158<x172>[B] (+0) +0.655263158<x173>[B] (+0) +0.655263158<x174>[B] (+0) +0.655263158<x175>[B] (+0) +0.655263158<x176>[B] (+0) +0.655263158<x177>[B] (+0) +0.655263158<x178>[B] (+0) +0.655263158<x179>[B] (+0) +0.655263158<x180>[B] (+0) -0.655263158<x181>[B] (+1) -0.655263158<x182>[B] (+0) -0.655263158<x183>[B] (+0) -0.655263158<x184>[B] (+0) +0.655263158<x185>[B] (+0) +0.655263158<x186>[B] (+0) +0.655263158<x187>[B] (+0) +0.655263158<x188>[B] (+1) -0.655263158<x189>[B] (+1) -0.655263158<x190>[B] (+0) >= 26.7026315789474;
;
violation: left hand side is violated by 0.0157894736842152
all 10 solutions given by solution candidate storage are infeasible

feasible solution found by trivial heuristic after 0.0 seconds, objective value -6.000232e+06
presolving:
   (0.0s) symmetry computation started: requiring (bin +, int +, cont +), (fixed: bin -, int -, cont -)
   (0.0s) no symmetry present (symcode time: 0.00)
presolving (0 rounds: 0 fast, 0 medium, 0 exhaustive):
 0 deleted vars, 0 deleted constraints, 0 added constraints, 0 tightened bounds, 0 added holes, 0 changed sides, 0 changed coefficients
 0 implications, 0 cliques, 0 implied integral variables (0 bin, 0 int, 0 cont)
presolved problem has 250 variables (190 bin, 0 int, 60 cont) and 2500 constraints
   2500 constraints of type <linear>
Presolving Time: 0.02
transformed 1/1 original solutions to the transformed problem space

 time | node  | left  |LP iter|LP it/n|mem/heur|mdpt |vars |cons |rows |cuts |sepa|confs|strbr|  dualbound   | primalbound  |  gap   | compl. 
p 0.1s|     1 |     0 |    30 |     - |   locks|   0 | 250 |2500 |2500 |   0 |  0 |   0 |   0 | 4.320000e+02 |-1.715126e+03 |    Inf | unknown
  0.1s|     1 |     0 |   912 |     - |    68M |   0 | 250 |2500 |2500 |   0 |  0 |   0 |   0 |-1.344616e+03 |-1.715126e+03 |  27.56%| unknown
r 0.1s|     1 |     0 |   912 |     - |shifting|   0 | 250 |2500 |2500 |   0 |  0 |   0 |   0 |-1.344616e+03 |-1.547773e+03 |  15.11%| unknown
  0.3s|     1 |     0 |   935 |     - |    69M |   0 | 250 |2500 |2501 |   1 |  1 |   0 |   0 |-1.344645e+03 |-1.547773e+03 |  15.11%| unknown
r 0.3s|     1 |     0 |   935 |     - |shifting|   0 | 250 |2500 |2501 |   1 |  1 |   0 |   0 |-1.344645e+03 |-1.509979e+03 |  12.30%| unknown
  0.3s|     1 |     0 |   935 |     - |    69M |   0 | 250 |2500 |2501 |   1 |  1 |   0 |   0 |-1.344645e+03 |-1.509979e+03 |  12.30%| unknown
  0.5s|     1 |     0 |   963 |     - |    69M |   0 | 250 |2500 |2504 |   4 |  2 |   0 |   0 |-1.344666e+03 |-1.509979e+03 |  12.29%| unknown
r 0.5s|     1 |     0 |   963 |     - |shifting|   0 | 250 |2500 |2504 |   4 |  2 |   0 |   0 |-1.344666e+03 |-1.484378e+03 |  10.39%| unknown
  0.7s|     1 |     0 |   983 |     - |    70M |   0 | 250 |2500 |2507 |   7 |  3 |   0 |   0 |-1.344707e+03 |-1.484378e+03 |  10.39%| unknown
r 0.7s|     1 |     0 |   983 |     - |shifting|   0 | 250 |2500 |2507 |   7 |  3 |   0 |   0 |-1.344707e+03 |-1.474277e+03 |   9.64%| unknown
  0.8s|     1 |     0 |  1024 |     - |    70M |   0 | 250 |2500 |2509 |   9 |  4 |   0 |   0 |-1.344743e+03 |-1.474277e+03 |   9.63%| unknown
  1.1s|     1 |     0 |  1040 |     - |    70M |   0 | 250 |2500 |2511 |  11 |  5 |   0 |   0 |-1.344757e+03 |-1.474277e+03 |   9.63%| unknown
  1.3s|     1 |     0 |  1061 |     - |    70M |   0 | 250 |2500 |2513 |  13 |  6 |   0 |   0 |-1.344766e+03 |-1.474277e+03 |   9.63%| unknown
  1.5s|     1 |     0 |  1105 |     - |    71M |   0 | 250 |2500 |2515 |  15 |  7 |   0 |   0 |-1.344785e+03 |-1.474277e+03 |   9.63%| unknown
  1.7s|     1 |     0 |  1138 |     - |    71M |   0 | 250 |2500 |2518 |  18 |  8 |   0 |   0 |-1.344800e+03 |-1.474277e+03 |   9.63%| unknown
 time | node  | left  |LP iter|LP it/n|mem/heur|mdpt |vars |cons |rows |cuts |sepa|confs|strbr|  dualbound   | primalbound  |  gap   | compl. 
r 1.7s|     1 |     0 |  1138 |     - |shifting|   0 | 250 |2500 |2518 |  18 |  8 |   0 |   0 |-1.344800e+03 |-1.469240e+03 |   9.25%| unknown
  1.9s|     1 |     0 |  1151 |     - |    71M |   0 | 250 |2500 |2520 |  20 |  9 |   0 |   0 |-1.344804e+03 |-1.469240e+03 |   9.25%| unknown
  2.2s|     1 |     0 |  1181 |     - |    71M |   0 | 250 |2500 |2521 |  21 | 10 |   0 |   0 |-1.344814e+03 |-1.469240e+03 |   9.25%| unknown
  2.2s|     1 |     0 |  1203 |     - |    72M |   0 | 250 |2500 |2523 |  23 | 11 |   0 |   0 |-1.344817e+03 |-1.469240e+03 |   9.25%| unknown
r 2.2s|     1 |     0 |  1313 |     - |intshift|   0 | 250 |2500 |2523 |  23 | 11 |   0 |   0 |-1.344817e+03 |-1.379689e+03 |   2.59%| unknown
d 2.3s|     1 |     0 |  1895 |     - |farkasdi|   0 | 250 |2500 |2523 |   0 | 11 |   0 |   0 |-1.344817e+03 |-1.356216e+03 |   0.85%| unknown
L 2.4s|     1 |     0 |  1895 |     - |    rens|   0 | 250 |2500 |2523 |  23 | 11 |   0 |   0 |-1.344817e+03 |-1.346547e+03 |   0.13%| unknown
  2.4s|     1 |     0 |  1895 |     - |    72M |   0 | 250 |2500 |2523 |  23 | 11 |   0 |   0 |-1.344817e+03 |-1.346547e+03 |   0.13%| unknown
  2.5s|     1 |     0 |  1895 |     - |    72M |   0 | 250 |2500 |1414 |  23 | 11 |   0 |   0 |-1.344817e+03 |-1.346547e+03 |   0.13%| unknown
  2.5s|     1 |     0 |  1915 |     - |    72M |   0 | 250 |2500 |1415 |  24 | 12 |   0 |   0 |-1.344822e+03 |-1.346547e+03 |   0.13%| unknown
  2.5s|     1 |     0 |  1933 |     - |    72M |   0 | 250 |2500 |1418 |  27 | 13 |   0 |   0 |-1.344825e+03 |-1.346547e+03 |   0.13%| unknown
  2.5s|     1 |     0 |  1933 |     - |    72M |   0 | 250 |1285 |1418 |  27 | 13 |   0 |   0 |-1.344825e+03 |-1.346547e+03 |   0.13%| unknown
  2.6s|     1 |     0 |  1945 |     - |    72M |   0 | 250 |1285 |1419 |  28 | 14 |   0 |   0 |-1.344827e+03 |-1.346547e+03 |   0.13%| unknown
  2.6s|     1 |     0 |  1961 |     - |    72M |   0 | 250 |1285 |1421 |  30 | 15 |   0 |   0 |-1.344829e+03 |-1.346547e+03 |   0.13%| unknown
(run 1, node 1) restarting after 70 global fixings of integer variables

(restart) converted 30 cuts from the global cut pool into linear constraints

presolving:
presolving (0 rounds: 0 fast, 0 medium, 0 exhaustive):
 0 deleted vars, 0 deleted constraints, 0 added constraints, 0 tightened bounds, 0 added holes, 0 changed sides, 0 changed coefficients
 0 implications, 0 cliques, 0 implied integral variables (0 bin, 0 int, 0 cont)
presolved problem has 250 variables (190 bin, 0 int, 60 cont) and 1315 constraints
   1315 constraints of type <linear>
Presolving Time: 0.02
transformed 17/23 original solutions to the transformed problem space

 time | node  | left  |LP iter|LP it/n|mem/heur|mdpt |vars |cons |rows |cuts |sepa|confs|strbr|  dualbound   | primalbound  |  gap   | compl. 
  2.7s|     1 |     0 |  2869 |     - |    72M |   0 | 250 |1315 |1315 |   0 |  0 |   0 |   0 |-1.344829e+03 |-1.346547e+03 |   0.13%| unknown
  2.7s|     1 |     0 |  2869 |     - |    72M |   0 | 250 |1315 |1299 |   0 |  0 |   0 |   0 |-1.344829e+03 |-1.346547e+03 |   0.13%| unknown
  2.8s|     1 |     0 |  2909 |     - |    72M |   0 | 250 |1315 |1300 |   1 |  1 |   0 |   0 |-1.344834e+03 |-1.346547e+03 |   0.13%| unknown
  2.9s|     1 |     0 |  2929 |     - |    73M |   0 | 250 |1315 |1301 |   2 |  2 |   0 |   0 |-1.344840e+03 |-1.346547e+03 |   0.13%| unknown
  3.1s|     1 |     0 |  2949 |     - |    73M |   0 | 250 |1315 |1302 |   3 |  3 |   0 |   0 |-1.344841e+03 |-1.346547e+03 |   0.13%| unknown
  3.2s|     1 |     0 |  2959 |     - |    73M |   0 | 250 |1315 |1303 |   4 |  4 |   0 |   0 |-1.344842e+03 |-1.346547e+03 |   0.13%| unknown
  3.4s|     1 |     0 |  2991 |     - |    73M |   0 | 250 |1315 |1304 |   5 |  5 |   0 |   0 |-1.344852e+03 |-1.346547e+03 |   0.13%| unknown
  3.4s|     1 |     0 |  2991 |     - |    73M |   0 | 250 |1315 |1291 |   5 |  5 |   0 |   0 |-1.344852e+03 |-1.346547e+03 |   0.13%| unknown
  3.5s|     1 |     0 |  3038 |     - |    73M |   0 | 250 |1315 |1292 |   6 |  6 |   0 |   0 |-1.344865e+03 |-1.346547e+03 |   0.13%| unknown
  3.6s|     1 |     0 |  3118 |     - |    73M |   0 | 250 |1315 |1293 |   7 |  7 |   0 |   0 |-1.344888e+03 |-1.346547e+03 |   0.12%| unknown
  3.8s|     1 |     0 |  3135 |     - |    73M |   0 | 250 |1315 |1296 |  10 |  8 |   0 |   0 |-1.344889e+03 |-1.346547e+03 |   0.12%| unknown
  4.0s|     1 |     0 |  3150 |     - |    74M |   0 | 250 |1315 |1298 |  12 |  9 |   0 |   0 |-1.344891e+03 |-1.346547e+03 |   0.12%| unknown
  4.2s|     1 |     0 |  3210 |     - |    78M |   0 | 250 |1315 |1300 |  14 | 10 |   0 |   0 |-1.344906e+03 |-1.346547e+03 |   0.12%| unknown
  4.3s|     1 |     0 |  3227 |     - |    78M |   0 | 250 |1315 |1302 |  16 | 11 |   0 |   0 |-1.344908e+03 |-1.346547e+03 |   0.12%| unknown
  4.3s|     1 |     0 |  3227 |     - |    78M |   0 | 250 |1285 |1302 |  16 | 11 |   0 |   0 |-1.344908e+03 |-1.346547e+03 |   0.12%| unknown
 time | node  | left  |LP iter|LP it/n|mem/heur|mdpt |vars |cons |rows |cuts |sepa|confs|strbr|  dualbound   | primalbound  |  gap   | compl. 
  4.3s|     1 |     0 |  3242 |     - |    78M |   0 | 250 |1285 |1303 |  17 | 12 |   0 |   0 |-1.344908e+03 |-1.346547e+03 |   0.12%| unknown
  4.4s|     1 |     0 |  3248 |     - |    78M |   0 | 250 |1285 |1304 |  18 | 13 |   0 |   0 |-1.344909e+03 |-1.346547e+03 |   0.12%| unknown
  4.4s|     1 |     0 |  3250 |     - |    78M |   0 | 250 |1285 |1288 |  19 | 14 |   0 |   0 |-1.344909e+03 |-1.346547e+03 |   0.12%| unknown
  4.5s|     1 |     0 |  3266 |     - |    78M |   0 | 250 |1285 |1289 |  20 | 15 |   0 |   0 |-1.344912e+03 |-1.346547e+03 |   0.12%| unknown
  4.5s|     1 |     0 |  3269 |     - |    78M |   0 | 250 |1285 |1290 |  21 | 16 |   0 |   0 |-1.344912e+03 |-1.346547e+03 |   0.12%| unknown
  4.6s|     1 |     0 |  3293 |     - |    78M |   0 | 250 |1285 |1291 |  22 | 17 |   0 |   0 |-1.344915e+03 |-1.346547e+03 |   0.12%| unknown
  4.6s|     1 |     0 |  3300 |     - |    78M |   0 | 250 |1285 |1292 |  23 | 18 |   0 |   0 |-1.344915e+03 |-1.346547e+03 |   0.12%| unknown
  4.9s|     1 |     0 |  3943 |     - |    78M |   0 | 250 |1292 |1292 |  23 | 19 |   7 |   1 |-1.344938e+03 |-1.346547e+03 |   0.12%| unknown
  5.0s|     1 |     0 |  4019 |     - |    78M |   0 | 250 |1199 |1292 |  23 | 20 |   8 |   2 |-1.345041e+03 |-1.346547e+03 |   0.11%| unknown
  5.0s|     1 |     0 |  4019 |     - |    78M |   0 | 250 |1199 |1096 |  23 | 20 |   8 |   2 |-1.345041e+03 |-1.346547e+03 |   0.11%| unknown
  5.0s|     1 |     0 |  4019 |     - |    78M |   0 | 250 |1103 |1096 |  23 | 21 |   8 |   2 |-1.345041e+03 |-1.346547e+03 |   0.11%| unknown
  5.1s|     1 |     0 |  4079 |     - |    78M |   0 | 250 |1087 |1096 |  23 | 22 |  10 |   4 |-1.345692e+03 |-1.346547e+03 |   0.06%| unknown
  5.1s|     1 |     0 |  4079 |     - |    78M |   0 | 250 |1087 | 972 |  23 | 22 |  10 |   4 |-1.345692e+03 |-1.346547e+03 |   0.06%| unknown
  5.1s|     1 |     0 |  4079 |     - |    78M |   0 | 250 | 988 | 972 |  23 | 23 |  10 |   4 |-1.345692e+03 |-1.346547e+03 |   0.06%| unknown
  5.2s|     1 |     0 |  4079 |     - |    78M |   0 | 250 | 988 | 972 |  23 | 24 |  10 |   5 |-1.345692e+03 |-1.346547e+03 |   0.06%| unknown
 time | node  | left  |LP iter|LP it/n|mem/heur|mdpt |vars |cons |rows |cuts |sepa|confs|strbr|  dualbound   | primalbound  |  gap   | compl. 
  5.2s|     1 |     0 |  4079 |     - |    78M |   0 | 250 | 988 | 972 |  23 | 25 |  10 |   6 |-1.345692e+03 |-1.346547e+03 |   0.06%| unknown
  5.2s|     1 |     0 |  4079 |     - |    78M |   0 | 250 | 988 | 972 |  23 | 26 |  10 |   7 |-1.345727e+03 |-1.346547e+03 |   0.06%| unknown
  5.3s|     1 |     0 |  4079 |     - |    78M |   0 | 250 | 988 | 972 |  23 | 27 |  10 |   8 |-1.345727e+03 |-1.346547e+03 |   0.06%| unknown
  5.3s|     1 |     0 |  4079 |     - |    78M |   0 | 250 | 988 | 972 |  23 | 28 |  10 |  10 |-1.345727e+03 |-1.346547e+03 |   0.06%| unknown
  5.4s|     1 |     0 |  4079 |     - |    78M |   0 | 250 | 988 | 972 |  23 | 29 |  10 |  11 |-1.345727e+03 |-1.346547e+03 |   0.06%| unknown
  5.4s|     1 |     0 |  4079 |     - |    78M |   0 | 250 | 988 | 972 |  23 | 30 |  10 |  12 |-1.345727e+03 |-1.346547e+03 |   0.06%| unknown
  5.5s|     1 |     0 |  4079 |     - |    78M |   0 | 250 | 988 | 972 |  23 | 31 |  10 |  18 |-1.345727e+03 |-1.346547e+03 |   0.06%| unknown
  5.5s|     1 |     0 |  4112 |     - |    78M |   0 | 250 | 919 | 972 |  23 | 32 |  12 |  19 |-1.345727e+03 |-1.346547e+03 |   0.06%| unknown
  5.5s|     1 |     0 |  4112 |     - |    78M |   0 | 250 | 919 | 838 |  23 | 32 |  12 |  19 |-1.345727e+03 |-1.346547e+03 |   0.06%| unknown
  5.5s|     1 |     0 |  4112 |     - |    78M |   0 | 250 | 800 | 838 |  23 | 33 |  12 |  19 |-1.345727e+03 |-1.346547e+03 |   0.06%| unknown
  5.6s|     1 |     0 |  4112 |     - |    78M |   0 | 250 | 800 | 838 |  23 | 34 |  12 |  20 |-1.345727e+03 |-1.346547e+03 |   0.06%| unknown
  5.6s|     1 |     0 |  4112 |     - |    78M |   0 | 250 | 800 | 838 |  23 | 35 |  12 |  21 |-1.345727e+03 |-1.346547e+03 |   0.06%| unknown
  5.6s|     1 |     0 |  4112 |     - |    78M |   0 | 250 | 800 | 838 |  23 | 36 |  12 |  22 |-1.345727e+03 |-1.346547e+03 |   0.06%| unknown
  5.7s|     1 |     0 |  4143 |     - |    78M |   0 | 250 | 765 | 838 |  23 | 37 |  16 |  24 |-1.345727e+03 |-1.346547e+03 |   0.06%| unknown
  5.7s|     1 |     0 |  4143 |     - |    78M |   0 | 250 | 765 | 733 |  23 | 37 |  16 |  24 |-1.345727e+03 |-1.346547e+03 |   0.06%| unknown
 time | node  | left  |LP iter|LP it/n|mem/heur|mdpt |vars |cons |rows |cuts |sepa|confs|strbr|  dualbound   | primalbound  |  gap   | compl. 
  5.7s|     1 |     0 |  4143 |     - |    78M |   0 | 250 | 752 | 733 |  23 | 38 |  16 |  24 |-1.345727e+03 |-1.346547e+03 |   0.06%| unknown
  5.7s|     1 |     0 |  4171 |     - |    78M |   0 | 250 | 741 | 733 |  23 | 39 |  18 |  25 |-1.345727e+03 |-1.346547e+03 |   0.06%| unknown
  5.7s|     1 |     0 |  4171 |     - |    78M |   0 | 250 | 741 | 697 |  23 | 39 |  18 |  25 |-1.345727e+03 |-1.346547e+03 |   0.06%| unknown
  5.7s|     1 |     0 |  4171 |     - |    78M |   0 | 250 | 701 | 697 |  23 | 40 |  18 |  25 |-1.345727e+03 |-1.346547e+03 |   0.06%| unknown
  5.8s|     1 |     0 |  4225 |     - |    78M |   0 | 250 | 684 | 697 |  23 | 41 |  21 |  26 |-1.346052e+03 |-1.346547e+03 |   0.04%| unknown
  5.8s|     1 |     0 |  4225 |     - |    78M |   0 | 250 | 684 | 618 |  23 | 41 |  21 |  26 |-1.346052e+03 |-1.346547e+03 |   0.04%| unknown
  5.8s|     1 |     0 |  4233 |     - |    78M |   0 | 250 | 684 | 611 |  26 | 42 |  21 |  26 |-1.346057e+03 |-1.346547e+03 |   0.04%| unknown
  5.8s|     1 |     0 |  4233 |     - |    78M |   0 | 250 | 606 | 611 |  26 | 43 |  21 |  26 |-1.346057e+03 |-1.346547e+03 |   0.04%| unknown
  5.8s|     1 |     0 |  4257 |     - |    78M |   0 | 250 | 588 | 611 |  26 | 44 |  23 |  27 |-1.346102e+03 |-1.346547e+03 |   0.03%| unknown
  5.9s|     1 |     0 |  4257 |     - |    78M |   0 | 250 | 588 | 537 |  26 | 44 |  23 |  27 |-1.346102e+03 |-1.346547e+03 |   0.03%| unknown
  5.9s|     1 |     0 |  4257 |     - |    78M |   0 | 250 | 561 | 537 |  26 | 45 |  23 |  27 |-1.346102e+03 |-1.346547e+03 |   0.03%| unknown
  5.9s|     1 |     0 |  4266 |     - |    78M |   0 | 250 | 553 | 537 |  26 | 46 |  26 |  28 |-1.346113e+03 |-1.346547e+03 |   0.03%| unknown
  5.9s|     1 |     2 |  4266 |     - |    78M |   0 | 250 | 553 | 537 |  26 | 47 |  26 |  28 |-1.346113e+03 |-1.346547e+03 |   0.03%| unknown

SCIP Status        : problem is solved [optimal solution found]
Solving Time (sec) : 5.92
Solving Nodes      : 3 (total of 4 nodes in 2 runs)
Primal Bound       : -1.34654736842105e+03 (53 solutions)
Dual Bound         : -1.34654736842105e+03
Gap                : 0.00 %
  [linear] <c2501>: <x191>[C] (+24.2210526) -0.502631579<x1>[B] (+1) -0.502631579<x2>[B] (+1) -0.502631579<x3>[B] (+0) +0.502631579<x4>[B] (+0) -0.502631579<x5>[B] (+0) -0.502631579<x6>[B] (+1) -0.502631579<x7>[B] (+0) +0.502631579<x8>[B] (+0) -0.502631579<x9>[B] (+0) -0.502631579<x10>[B] (+0) -0.502631579<x11>[B] (+1) -0.502631579<x12>[B] (+1) +0.502631579<x13>[B] (+0) +0.502631579<x14>[B] (+1) -0.502631579<x15>[B] (+0) +0.502631579<x16>[B] (+0) +0.502631579<x17>[B] (+0) -0.502631579<x18>[B] (+0) -0.502631579<x19>[B] (+0) +0.502631579<x20>[B] (+1) +0.502631579<x21>[B] (+0) +0.502631579<x22>[B] (+0) -0.502631579<x23>[B] (+0) -0.502631579<x24>[B] (+1) +0.502631579<x25>[B] (+0) +0.502631579<x26>[B] (+0) +0.502631579<x27>[B] (+0) +0.502631579<x28>[B] (+0) +0.502631579<x29>[B] (+0) +0.502631579<x30>[B] (+1) +0.502631579<x31>[B] (+0) +0.502631579<x32>[B] (+1) +0.502631579<x33>[B] (+0) +0.502631579<x34>[B] (+0) +0.502631579<x35>[B] (+0) +0.502631579<x36>[B] (+0) +0.502631579<x37>[B] (+0) -0.502631579<x38>[B] (+0) +0.502631579<x39>[B] (+0) -0.502631579<x40>[B] (+0) -0.502631579<x41>[B] (+0) -0.502631579<x42>[B] (+0) +0.502631579<x43>[B] (+0) -0.502631579<x44>[B] (+0) +0.502631579<x45>[B] (+0) +0.502631579<x46>[B] (+0) +0.502631579<x47>[B] (+1) +0.502631579<x48>[B] (+0) +0.502631579<x49>[B] (+0) -0.502631579<x50>[B] (+0) +0.502631579<x51>[B] (+0) +0.502631579<x52>[B] (+0) +0.502631579<x53>[B] (+0) -0.502631579<x54>[B] (+0) +0.502631579<x55>[B] (+0) -0.502631579<x56>[B] (+0) -0.502631579<x57>[B] (+1) -0.502631579<x58>[B] (+1) +0.502631579<x59>[B] (+1) +0.502631579<x60>[B] (+0) +0.502631579<x61>[B] (+0) +0.502631579<x62>[B] (+1) +0.502631579<x63>[B] (+1) +0.502631579<x64>[B] (+1) +0.502631579<x65>[B] (+1) -0.502631579<x66>[B] (+0) +0.502631579<x67>[B] (+0) +0.502631579<x68>[B] (+0) +0.502631579<x69>[B] (+0) -0.502631579<x70>[B] (+0) -0.502631579<x71>[B] (+0) -0.502631579<x72>[B] (+1) -0.502631579<x73>[B] (+1) -0.502631579<x74>[B] (+1) -0.502631579<x75>[B] (+1) -0.502631579<x76>[B] (+0) -0.502631579<x77>[B] (+1) -0.502631579<x78>[B] (+1) -0.502631579<x79>[B] (+1) -0.502631579<x80>[B] (+1) -0.502631579<x81>[B] (+0) +0.502631579<x82>[B] (+1) -0.502631579<x83>[B] (+0) -0.502631579<x84>[B] (+1) -0.502631579<x85>[B] (+0) -0.502631579<x86>[B] (+1) +0.502631579<x87>[B] (+1) +0.502631579<x88>[B] (+1) +0.502631579<x89>[B] (+1) +0.502631579<x90>[B] (+1) +0.502631579<x91>[B] (+1) +0.502631579<x92>[B] (+1) +0.502631579<x93>[B] (+1) +0.502631579<x94>[B] (+1) +0.502631579<x95>[B] (+1) +0.502631579<x96>[B] (+1) +0.502631579<x97>[B] (+1) +0.502631579<x98>[B] (+1) +0.502631579<x99>[B] (+1) +0.502631579<x100>[B] (+0) +0.502631579<x101>[B] (+0) +0.502631579<x102>[B] (+0) +0.502631579<x103>[B] (+0) +0.502631579<x104>[B] (+0) +0.502631579<x105>[B] (+1) +0.502631579<x106>[B] (+0) +0.502631579<x107>[B] (+0) +0.502631579<x108>[B] (+0) +0.502631579<x109>[B] (+0) +0.502631579<x110>[B] (+0) +0.502631579<x111>[B] (+0) +0.502631579<x112>[B] (+0) +0.502631579<x113>[B] (+1) +0.502631579<x114>[B] (+0) +0.502631579<x115>[B] (+0) +0.502631579<x116>[B] (+1) +0.502631579<x117>[B] (+1) +0.502631579<x118>[B] (+1) +0.502631579<x119>[B] (+1) -0.502631579<x120>[B] (+0) +0.502631579<x121>[B] (+0) +0.502631579<x122>[B] (+0) +0.502631579<x123>[B] (+0) -0.502631579<x124>[B] (+0) -0.502631579<x125>[B] (+0) -0.502631579<x126>[B] (+0) -0.502631579<x127>[B] (+1) -0.502631579<x128>[B] (+1) +0.502631579<x129>[B] (+0) +0.502631579<x130>[B] (+1) -0.502631579<x131>[B] (+0) +0.502631579<x132>[B] (+0) +0.502631579<x133>[B] (+0) -0.502631579<x134>[B] (+0) -0.502631579<x135>[B] (+0) +0.502631579<x136>[B] (+0) +0.502631579<x137>[B] (+1) +0.502631579<x138>[B] (+1) +0.502631579<x139>[B] (+1) +0.502631579<x140>[B] (+1) -0.502631579<x141>[B] (+0) +0.502631579<x142>[B] (+1) +0.502631579<x143>[B] (+0) +0.502631579<x144>[B] (+0) -0.502631579<x145>[B] (+0) -0.502631579<x146>[B] (+1) +0.502631579<x147>[B] (+1) +0.502631579<x148>[B] (+1) +0.502631579<x149>[B] (+1) -0.502631579<x150>[B] (+1) +0.502631579<x151>[B] (+1) +0.502631579<x152>[B] (+0) -0.502631579<x153>[B] (+1) -0.502631579<x154>[B] (+1) +0.502631579<x155>[B] (+1) +0.502631579<x156>[B] (+0) +0.502631579<x157>[B] (+1) -0.502631579<x158>[B] (+0) +0.502631579<x159>[B] (+0) +0.502631579<x160>[B] (+0) +0.502631579<x161>[B] (+0) -0.502631579<x162>[B] (+0) +0.502631579<x163>[B] (+0) +0.502631579<x164>[B] (+0) -0.502631579<x165>[B] (+0) +0.502631579<x166>[B] (+0) +0.502631579<x167>[B] (+0) -0.502631579<x168>[B] (+0) -0.502631579<x169>[B] (+0) -0.502631579<x170>[B] (+1) -0.502631579<x171>[B] (+0) +0.502631579<x172>[B] (+0) -0.502631579<x173>[B] (+0) -0.502631579<x174>[B] (+0) -0.502631579<x175>[B] (+0) -0.502631579<x176>[B] (+0) +0.502631579<x177>[B] (+0) +0.502631579<x178>[B] (+0) -0.502631579<x179>[B] (+0) -0.502631579<x180>[B] (+0) +0.502631579<x181>[B] (+1) +0.502631579<x182>[B] (+0) +0.502631579<x183>[B] (+1) -0.502631579<x184>[B] (+0) -0.502631579<x185>[B] (+0) -0.502631579<x186>[B] (+0) -0.502631579<x187>[B] (+0) -0.502631579<x188>[B] (+1) -0.502631579<x189>[B] (+1) -0.502631579<x190>[B] (+0) >= 32.7973684210526;
;
violation: left hand side is violated by 0.0315789473684234
  [linear] <c2506>: <x200>[C] (+27.8868421) +0.544736842<x1>[B] (+1) +0.544736842<x2>[B] (+1) +0.544736842<x3>[B] (+0) +0.544736842<x4>[B] (+0) +0.544736842<x5>[B] (+0) +0.544736842<x6>[B] (+1) +0.544736842<x7>[B] (+1) +0.544736842<x8>[B] (+0) +0.544736842<x9>[B] (+0) +0.544736842<x10>[B] (+0) -0.544736842<x11>[B] (+1) +0.544736842<x12>[B] (+1) +0.544736842<x13>[B] (+0) +0.544736842<x14>[B] (+1) +0.544736842<x15>[B] (+0) +0.544736842<x16>[B] (+0) +0.544736842<x17>[B] (+0) -0.544736842<x18>[B] (+0) +0.544736842<x19>[B] (+0) -0.544736842<x20>[B] (+1) -0.544736842<x21>[B] (+0) -0.544736842<x22>[B] (+0) +0.544736842<x23>[B] (+0) -0.544736842<x24>[B] (+1) -0.544736842<x25>[B] (+1) -0.544736842<x26>[B] (+0) -0.544736842<x27>[B] (+0) -0.544736842<x28>[B] (+0) -0.544736842<x29>[B] (+0) -0.544736842<x30>[B] (+1) -0.544736842<x31>[B] (+0) -0.544736842<x32>[B] (+1) +0.544736842<x33>[B] (+0) -0.544736842<x34>[B] (+0) +0.544736842<x35>[B] (+0) -0.544736842<x36>[B] (+0) -0.544736842<x37>[B] (+0) +0.544736842<x38>[B] (+0) +0.544736842<x39>[B] (+0) +0.544736842<x40>[B] (+0) +0.544736842<x41>[B] (+0) +0.544736842<x42>[B] (+0) +0.544736842<x43>[B] (+0) +0.544736842<x44>[B] (+0) +0.544736842<x45>[B] (+0) -0.544736842<x46>[B] (+0) +0.544736842<x47>[B] (+1) +0.544736842<x48>[B] (+0) +0.544736842<x49>[B] (+0) +0.544736842<x50>[B] (+0) +0.544736842<x51>[B] (+0) +0.544736842<x52>[B] (+0) -0.544736842<x53>[B] (+0) -0.544736842<x54>[B] (+0) +0.544736842<x55>[B] (+0) +0.544736842<x56>[B] (+0) +0.544736842<x57>[B] (+1) +0.544736842<x58>[B] (+1) +0.544736842<x59>[B] (+0) +0.544736842<x60>[B] (+0) +0.544736842<x61>[B] (+0) -0.544736842<x62>[B] (+1) +0.544736842<x63>[B] (+1) +0.544736842<x64>[B] (+0) +0.544736842<x65>[B] (+1) +0.544736842<x66>[B] (+0) +0.544736842<x67>[B] (+0) +0.544736842<x68>[B] (+0) -0.544736842<x69>[B] (+0) -0.544736842<x70>[B] (+0) +0.544736842<x71>[B] (+0) +0.544736842<x72>[B] (+1) +0.544736842<x73>[B] (+1) +0.544736842<x74>[B] (+1) -0.544736842<x75>[B] (+1) +0.544736842<x76>[B] (+0) -0.544736842<x77>[B] (+1) +0.544736842<x78>[B] (+1) -0.544736842<x79>[B] (+1) +0.544736842<x80>[B] (+1) +0.544736842<x81>[B] (+1) +0.544736842<x82>[B] (+1) +0.544736842<x83>[B] (+0) -0.544736842<x84>[B] (+1) -0.544736842<x85>[B] (+0) -0.544736842<x86>[B] (+1) -0.544736842<x87>[B] (+1) -0.544736842<x88>[B] (+1) -0.544736842<x89>[B] (+1) -0.544736842<x90>[B] (+1) -0.544736842<x91>[B] (+1) -0.544736842<x92>[B] (+1) -0.544736842<x93>[B] (+1) -0.544736842<x94>[B] (+1) -0.544736842<x95>[B] (+1) -0.544736842<x96>[B] (+1) -0.544736842<x97>[B] (+1) -0.544736842<x98>[B] (+1) -0.544736842<x99>[B] (+1) -0.544736842<x100>[B] (+1) +0.544736842<x101>[B] (+0) -0.544736842<x102>[B] (+0) -0.544736842<x103>[B] (+0) -0.544736842<x104>[B] (+0) +0.544736842<x105>[B] (+1) -0.544736842<x106>[B] (+0) +0.544736842<x107>[B] (+0) +0.544736842<x108>[B] (+0) -0.544736842<x109>[B] (+0) +0.544736842<x110>[B] (+0) -0.544736842<x111>[B] (+0) -0.544736842<x112>[B] (+0) +0.544736842<x113>[B] (+0) -0.544736842<x114>[B] (+0) -0.544736842<x115>[B] (+0) -0.544736842<x116>[B] (+0) +0.544736842<x117>[B] (+1) -0.544736842<x118>[B] (+0) +0.544736842<x119>[B] (+0) +0.544736842<x120>[B] (+0) -0.544736842<x121>[B] (+0) +0.544736842<x122>[B] (+0) -0.544736842<x123>[B] (+0) -0.544736842<x124>[B] (+0) -0.544736842<x125>[B] (+0) -0.544736842<x126>[B] (+0) -0.544736842<x127>[B] (+1) +0.544736842<x128>[B] (+1) -0.544736842<x129>[B] (+0) +0.544736842<x130>[B] (+1) +0.544736842<x131>[B] (+0) -0.544736842<x132>[B] (+0) +0.544736842<x133>[B] (+0) -0.544736842<x134>[B] (+0) -0.544736842<x135>[B] (+0) +0.544736842<x136>[B] (+0) -0.544736842<x137>[B] (+1) +0.544736842<x138>[B] (+1) -0.544736842<x139>[B] (+1) +0.544736842<x140>[B] (+1) +0.544736842<x141>[B] (+1) +0.544736842<x142>[B] (+1) +0.544736842<x143>[B] (+0) -0.544736842<x144>[B] (+0) -0.544736842<x145>[B] (+0) -0.544736842<x146>[B] (+1) +0.544736842<x147>[B] (+1) -0.544736842<x148>[B] (+1) +0.544736842<x149>[B] (+1) +0.544736842<x150>[B] (+1) +0.544736842<x151>[B] (+1) +0.544736842<x152>[B] (+0) -0.544736842<x153>[B] (+1) -0.544736842<x154>[B] (+1) +0.544736842<x155>[B] (+1) +0.544736842<x156>[B] (+0) +0.544736842<x157>[B] (+1) +0.544736842<x158>[B] (+0) +0.544736842<x159>[B] (+0) +0.544736842<x160>[B] (+0) -0.544736842<x161>[B] (+0) +0.544736842<x162>[B] (+0) -0.544736842<x163>[B] (+0) +0.544736842<x164>[B] (+0) +0.544736842<x165>[B] (+0) -0.544736842<x166>[B] (+0) +0.544736842<x167>[B] (+0) -0.544736842<x168>[B] (+0) -0.544736842<x169>[B] (+0) +0.544736842<x170>[B] (+1) +0.544736842<x171>[B] (+0) +0.544736842<x172>[B] (+0) +0.544736842<x173>[B] (+0) -0.544736842<x174>[B] (+0) -0.544736842<x175>[B] (+0) +0.544736842<x176>[B] (+0) -0.544736842<x177>[B] (+0) +0.544736842<x178>[B] (+0) -0.544736842<x179>[B] (+0) -0.544736842<x180>[B] (+0) -0.544736842<x181>[B] (+0) +0.544736842<x182>[B] (+0) -0.544736842<x183>[B] (+0) -0.544736842<x184>[B] (+0) +0.544736842<x185>[B] (+0) -0.544736842<x186>[B] (+0) -0.544736842<x187>[B] (+0) -0.544736842<x188>[B] (+1) -0.544736842<x189>[B] (+1) +0.544736842<x190>[B] (+0) >= 26.8289473684211;
;
violation: left hand side is violated by 0.0315789473684305
  [linear] <c2501>: <x191>[C] (+24.7447368) -0.502631579<x1>[B] (+1) -0.502631579<x2>[B] (+0) -0.502631579<x3>[B] (+0) +0.502631579<x4>[B] (+0) -0.502631579<x5>[B] (+0) -0.502631579<x6>[B] (+0) -0.502631579<x7>[B] (+1) +0.502631579<x8>[B] (+0) -0.502631579<x9>[B] (+0) -0.502631579<x10>[B] (+0) -0.502631579<x11>[B] (+1) -0.502631579<x12>[B] (+1) +0.502631579<x13>[B] (+0) +0.502631579<x14>[B] (+1) -0.502631579<x15>[B] (+0) +0.502631579<x16>[B] (+0) +0.502631579<x17>[B] (+0) -0.502631579<x18>[B] (+0) -0.502631579<x19>[B] (+0) +0.502631579<x20>[B] (+0) +0.502631579<x21>[B] (+0) +0.502631579<x22>[B] (+0) -0.502631579<x23>[B] (+0) -0.502631579<x24>[B] (+0) +0.502631579<x25>[B] (+0) +0.502631579<x26>[B] (+0) +0.502631579<x27>[B] (+0) +0.502631579<x28>[B] (+0) +0.502631579<x29>[B] (+0) +0.502631579<x30>[B] (+1) +0.502631579<x31>[B] (+0) +0.502631579<x32>[B] (+1) +0.502631579<x33>[B] (+0) +0.502631579<x34>[B] (+0) +0.502631579<x35>[B] (+0) +0.502631579<x36>[B] (+0) +0.502631579<x37>[B] (+0) -0.502631579<x38>[B] (+1) +0.502631579<x39>[B] (+0) -0.502631579<x40>[B] (+0) -0.502631579<x41>[B] (+0) -0.502631579<x42>[B] (+1) +0.502631579<x43>[B] (+0) -0.502631579<x44>[B] (+0) +0.502631579<x45>[B] (+0) +0.502631579<x46>[B] (+1) +0.502631579<x47>[B] (+1) +0.502631579<x48>[B] (+0) +0.502631579<x49>[B] (+1) -0.502631579<x50>[B] (+0) +0.502631579<x51>[B] (+0) +0.502631579<x52>[B] (+0) +0.502631579<x53>[B] (+0) -0.502631579<x54>[B] (+0) +0.502631579<x55>[B] (+0) -0.502631579<x56>[B] (+0) -0.502631579<x57>[B] (+0) -0.502631579<x58>[B] (+1) +0.502631579<x59>[B] (+0) +0.502631579<x60>[B] (+0) +0.502631579<x61>[B] (+0) +0.502631579<x62>[B] (+1) +0.502631579<x63>[B] (+1) +0.502631579<x64>[B] (+0) +0.502631579<x65>[B] (+1) -0.502631579<x66>[B] (+0) +0.502631579<x67>[B] (+0) +0.502631579<x68>[B] (+0) +0.502631579<x69>[B] (+0) -0.502631579<x70>[B] (+0) -0.502631579<x71>[B] (+0) -0.502631579<x72>[B] (+1) -0.502631579<x73>[B] (+1) -0.502631579<x74>[B] (+1) -0.502631579<x75>[B] (+1) -0.502631579<x76>[B] (+0) -0.502631579<x77>[B] (+1) -0.502631579<x78>[B] (+1) -0.502631579<x79>[B] (+1) -0.502631579<x80>[B] (+1) -0.502631579<x81>[B] (+0) +0.502631579<x82>[B] (+1) -0.502631579<x83>[B] (+0) -0.502631579<x84>[B] (+1) -0.502631579<x85>[B] (+0) -0.502631579<x86>[B] (+1) +0.502631579<x87>[B] (+1) +0.502631579<x88>[B] (+1) +0.502631579<x89>[B] (+1) +0.502631579<x90>[B] (+0) +0.502631579<x91>[B] (+1) +0.502631579<x92>[B] (+1) +0.502631579<x93>[B] (+1) +0.502631579<x94>[B] (+1) +0.502631579<x95>[B] (+0) +0.502631579<x96>[B] (+1) +0.502631579<x97>[B] (+0) +0.502631579<x98>[B] (+1) +0.502631579<x99>[B] (+0) +0.502631579<x100>[B] (+1) +0.502631579<x101>[B] (+0) +0.502631579<x102>[B] (+0) +0.502631579<x103>[B] (+0) +0.502631579<x104>[B] (+1) +0.502631579<x105>[B] (+1) +0.502631579<x106>[B] (+0) +0.502631579<x107>[B] (+1) +0.502631579<x108>[B] (+0) +0.502631579<x109>[B] (+1) +0.502631579<x110>[B] (+0) +0.502631579<x111>[B] (+0) +0.502631579<x112>[B] (+0) +0.502631579<x113>[B] (+0) +0.502631579<x114>[B] (+0) +0.502631579<x115>[B] (+0) +0.502631579<x116>[B] (+0) +0.502631579<x117>[B] (+1) +0.502631579<x118>[B] (+0) +0.502631579<x119>[B] (+1) -0.502631579<x120>[B] (+0) +0.502631579<x121>[B] (+0) +0.502631579<x122>[B] (+0) +0.502631579<x123>[B] (+0) -0.502631579<x124>[B] (+0) -0.502631579<x125>[B] (+0) -0.502631579<x126>[B] (+0) -0.502631579<x127>[B] (+1) -0.502631579<x128>[B] (+1) +0.502631579<x129>[B] (+0) +0.502631579<x130>[B] (+1) -0.502631579<x131>[B] (+0) +0.502631579<x132>[B] (+1) +0.502631579<x133>[B] (+0) -0.502631579<x134>[B] (+1.1812773e-13) -0.502631579<x135>[B] (+0) +0.502631579<x136>[B] (+0) +0.502631579<x137>[B] (+1) +0.502631579<x138>[B] (+1) +0.502631579<x139>[B] (+1) +0.502631579<x140>[B] (+1) -0.502631579<x141>[B] (+0) +0.502631579<x142>[B] (+1) +0.502631579<x143>[B] (+0) +0.502631579<x144>[B] (+0) -0.502631579<x145>[B] (+0) -0.502631579<x146>[B] (+1) +0.502631579<x147>[B] (+1) +0.502631579<x148>[B] (+1) +0.502631579<x149>[B] (+1) -0.502631579<x150>[B] (+1) +0.502631579<x151>[B] (+1) +0.502631579<x152>[B] (+0) -0.502631579<x153>[B] (+1) -0.502631579<x154>[B] (+1) +0.502631579<x155>[B] (+1) +0.502631579<x156>[B] (+0) +0.502631579<x157>[B] (+1) -0.502631579<x158>[B] (+0) +0.502631579<x159>[B] (+0) +0.502631579<x160>[B] (+0) +0.502631579<x161>[B] (+0) -0.502631579<x162>[B] (+0) +0.502631579<x163>[B] (+0) +0.502631579<x164>[B] (+0) -0.502631579<x165>[B] (+0) +0.502631579<x166>[B] (+0) +0.502631579<x167>[B] (+0) -0.502631579<x168>[B] (+0) -0.502631579<x169>[B] (+0) -0.502631579<x170>[B] (+1) -0.502631579<x171>[B] (+0) +0.502631579<x172>[B] (+1) -0.502631579<x173>[B] (+0) -0.502631579<x174>[B] (+0) -0.502631579<x175>[B] (+0) -0.502631579<x176>[B] (+0) +0.502631579<x177>[B] (+0) +0.502631579<x178>[B] (+0) -0.502631579<x179>[B] (+0) -0.502631579<x180>[B] (+0) +0.502631579<x181>[B] (+1) +0.502631579<x182>[B] (+0) +0.502631579<x183>[B] (+1) -0.502631579<x184>[B] (+0) -0.502631579<x185>[B] (+0) -0.502631579<x186>[B] (+0) -0.502631579<x187>[B] (+0) -0.502631579<x188>[B] (+1) -0.502631579<x189>[B] (+1) -0.502631579<x190>[B] (+0) >= 32.7973684210526;
;
violation: left hand side is violated by 0.0105263157894626
  [linear] <c2505>: <x199>[C] (+19.4789474) -0.544736842<x1>[B] (+0) +0.544736842<x2>[B] (+1) +0.544736842<x3>[B] (+0) +0.544736842<x4>[B] (+0) +0.544736842<x5>[B] (+0) +0.544736842<x6>[B] (+1) -0.544736842<x7>[B] (+0) -0.544736842<x8>[B] (+0) +0.544736842<x9>[B] (+0) +0.544736842<x10>[B] (+0) -0.544736842<x11>[B] (+0) +0.544736842<x12>[B] (+1) +0.544736842<x13>[B] (+0) -0.544736842<x14>[B] (+0) -0.544736842<x15>[B] (+0) +0.544736842<x16>[B] (+0) +0.544736842<x17>[B] (+0) +0.544736842<x18>[B] (+0) +0.544736842<x19>[B] (+0) +0.544736842<x20>[B] (+1) +0.544736842<x21>[B] (+1) +0.544736842<x22>[B] (+0) +0.544736842<x23>[B] (+0) +0.544736842<x24>[B] (+1) -0.544736842<x25>[B] (+1) +0.544736842<x26>[B] (+1) +0.544736842<x27>[B] (+0) +0.544736842<x28>[B] (+0) +0.544736842<x29>[B] (+0) +0.544736842<x30>[B] (+1) +0.544736842<x31>[B] (+1) -0.544736842<x32>[B] (+1) -0.544736842<x33>[B] (+0) +0.544736842<x34>[B] (+0) +0.544736842<x35>[B] (+0) +0.544736842<x36>[B] (+1) +0.544736842<x37>[B] (+0) -0.544736842<x38>[B] (+0) +0.544736842<x39>[B] (+0) -0.544736842<x40>[B] (+0) +0.544736842<x41>[B] (+1) -0.544736842<x42>[B] (+0) -0.544736842<x43>[B] (+0) +0.544736842<x44>[B] (+0) -0.544736842<x45>[B] (+0) -0.544736842<x46>[B] (+0) -0.544736842<x47>[B] (+1) +0.544736842<x48>[B] (+0) -0.544736842<x49>[B] (+0) -0.544736842<x50>[B] (+0) -0.544736842<x51>[B] (+0) -0.544736842<x52>[B] (+0) -0.544736842<x53>[B] (+0) -0.544736842<x54>[B] (+0) +0.544736842<x55>[B] (+0) +0.544736842<x56>[B] (+0) +0.544736842<x57>[B] (+1) -0.544736842<x58>[B] (+0) -0.544736842<x59>[B] (+0) +0.544736842<x60>[B] (+0) +0.544736842<x61>[B] (+0) -0.544736842<x62>[B] (+0) +0.544736842<x63>[B] (+1) +0.544736842<x64>[B] (+0) -0.544736842<x65>[B] (+0) -0.544736842<x66>[B] (+0) +0.544736842<x67>[B] (+0) -0.544736842<x68>[B] (+0) -0.544736842<x69>[B] (+0) -0.544736842<x70>[B] (+0) -0.544736842<x71>[B] (+0) +0.544736842<x72>[B] (+1) -0.544736842<x73>[B] (+1) -0.544736842<x74>[B] (+1) +0.544736842<x75>[B] (+1) -0.544736842<x76>[B] (+0) -0.544736842<x77>[B] (+1) -0.544736842<x78>[B] (+1) +0.544736842<x79>[B] (+1) -0.544736842<x80>[B] (+1) -0.544736842<x81>[B] (+1) -0.544736842<x82>[B] (+1) -0.544736842<x83>[B] (+0) -0.544736842<x84>[B] (+1) -0.544736842<x85>[B] (+0) +0.544736842<x86>[B] (+1) -0.544736842<x87>[B] (+1) -0.544736842<x88>[B] (+1) +0.544736842<x89>[B] (+1) -0.544736842<x90>[B] (+0) -0.544736842<x91>[B] (+1) +0.544736842<x92>[B] (+1) +0.544736842<x93>[B] (+1) -0.544736842<x94>[B] (+1) -0.544736842<x95>[B] (+1) -0.544736842<x96>[B] (+1) -0.544736842<x97>[B] (+0) -0.544736842<x98>[B] (+1) -0.544736842<x99>[B] (+1) -0.544736842<x100>[B] (+0) -0.544736842<x101>[B] (+0) +0.544736842<x102>[B] (+0) -0.544736842<x103>[B] (+0) -0.544736842<x104>[B] (+0) -0.544736842<x105>[B] (+1) -0.544736842<x106>[B] (+0) -0.544736842<x107>[B] (+0) -0.544736842<x108>[B] (+0) -0.544736842<x109>[B] (+0) -0.544736842<x110>[B] (+0) -0.544736842<x111>[B] (+0) -0.544736842<x112>[B] (+0) +0.544736842<x113>[B] (+0) +0.544736842<x114>[B] (+0) +0.544736842<x115>[B] (+0) +0.544736842<x116>[B] (+0) +0.544736842<x117>[B] (+1) +0.544736842<x118>[B] (+0) -0.544736842<x119>[B] (+0) +0.544736842<x120>[B] (+0) +0.544736842<x121>[B] (+0) +0.544736842<x122>[B] (+0) +0.544736842<x123>[B] (+0) +0.544736842<x124>[B] (+0) +0.544736842<x125>[B] (+0) +0.544736842<x126>[B] (+0) -0.544736842<x127>[B] (+0) +0.544736842<x128>[B] (+1) +0.544736842<x129>[B] (+1) -0.544736842<x130>[B] (+0) -0.544736842<x131>[B] (+0) +0.544736842<x132>[B] (+0) +0.544736842<x133>[B] (+0) +0.544736842<x134>[B] (+0) +0.544736842<x135>[B] (+0) -0.544736842<x136>[B] (+0) -0.544736842<x137>[B] (+0) -0.544736842<x138>[B] (+1) -0.544736842<x139>[B] (+1) -0.544736842<x140>[B] (+1) -0.544736842<x141>[B] (+0) -0.544736842<x142>[B] (+1) -0.544736842<x143>[B] (+0) -0.544736842<x144>[B] (+1) -0.544736842<x145>[B] (+0) -0.544736842<x146>[B] (+1) +0.544736842<x147>[B] (+1) +0.544736842<x148>[B] (+1) -0.544736842<x149>[B] (+1) -0.544736842<x150>[B] (+1) -0.544736842<x151>[B] (+1) -0.544736842<x152>[B] (+0) -0.544736842<x153>[B] (+1) -0.544736842<x154>[B] (+1) +0.544736842<x155>[B] (+1) +0.544736842<x156>[B] (+1) -0.544736842<x157>[B] (+1) -0.544736842<x158>[B] (+0) +0.544736842<x159>[B] (+1) +0.544736842<x160>[B] (+0) +0.544736842<x161>[B] (+1) +0.544736842<x162>[B] (+0) +0.544736842<x163>[B] (+0) -0.544736842<x164>[B] (+0) -0.544736842<x165>[B] (+0) -0.544736842<x166>[B] (+0) -0.544736842<x167>[B] (+0) -0.544736842<x168>[B] (+0) -0.544736842<x169>[B] (+0) -0.544736842<x170>[B] (+0) -0.544736842<x171>[B] (+0) -0.544736842<x172>[B] (+0) -0.544736842<x173>[B] (+0) -0.544736842<x174>[B] (+0) -0.544736842<x175>[B] (+0) +0.544736842<x176>[B] (+0) +0.544736842<x177>[B] (+0) +0.544736842<x178>[B] (+0) +0.544736842<x179>[B] (+1) +0.544736842<x180>[B] (+0) +0.544736842<x181>[B] (+1) +0.544736842<x182>[B] (+0) +0.544736842<x183>[B] (+1) +0.544736842<x184>[B] (+0) -0.544736842<x185>[B] (+0) -0.544736842<x186>[B] (+1) -0.544736842<x187>[B] (+0) -0.544736842<x188>[B] (+1) +0.544736842<x189>[B] (+1) +0.544736842<x190>[B] (+0) >= 19.2026315789474;
;
violation: left hand side is violated by 0.268421052631581
  [linear] <c2502>: <x193>[C] (+39.7973684) +0.655263158<x1>[B] (+1) +0.655263158<x2>[B] (+1) +0.655263158<x3>[B] (+0) +0.655263158<x4>[B] (+0) +0.655263158<x5>[B] (+0) -0.655263158<x6>[B] (+1) +0.655263158<x7>[B] (+0) +0.655263158<x8>[B] (+0) +0.655263158<x9>[B] (+0) +0.655263158<x10>[B] (+0) +0.655263158<x11>[B] (+1) +0.655263158<x12>[B] (+1) +0.655263158<x13>[B] (+0) +0.655263158<x14>[B] (+1) +0.655263158<x15>[B] (+0) -0.655263158<x16>[B] (+0) +0.655263158<x17>[B] (+0) +0.655263158<x18>[B] (+0) +0.655263158<x19>[B] (+0) +0.655263158<x20>[B] (+1) +0.655263158<x21>[B] (+0) +0.655263158<x22>[B] (+0) +0.655263158<x23>[B] (+0) -0.655263158<x24>[B] (+1) +0.655263158<x25>[B] (+0) -0.655263158<x26>[B] (+0) +0.655263158<x27>[B] (+0) +0.655263158<x28>[B] (+0) +0.655263158<x29>[B] (+0) +0.655263158<x30>[B] (+1) -0.655263158<x31>[B] (+0) -0.655263158<x32>[B] (+1) +0.655263158<x33>[B] (+0) -0.655263158<x34>[B] (+0) +0.655263158<x35>[B] (+0) +0.655263158<x36>[B] (+0) +0.655263158<x37>[B] (+0) -0.655263158<x38>[B] (+0) +0.655263158<x39>[B] (+0) +0.655263158<x40>[B] (+0) -0.655263158<x41>[B] (+0) +0.655263158<x42>[B] (+0) -0.655263158<x43>[B] (+0) -0.655263158<x44>[B] (+0) -0.655263158<x45>[B] (+0) -0.655263158<x46>[B] (+0) +0.655263158<x47>[B] (+1) -0.655263158<x48>[B] (+0) -0.655263158<x49>[B] (+0) +0.655263158<x50>[B] (+0) -0.655263158<x51>[B] (+0) +0.655263158<x52>[B] (+0) +0.655263158<x53>[B] (+0) +0.655263158<x54>[B] (+0) +0.655263158<x55>[B] (+0) +0.655263158<x56>[B] (+0) -0.655263158<x57>[B] (+1) +0.655263158<x58>[B] (+0) -0.655263158<x59>[B] (+1) -0.655263158<x60>[B] (+0) -0.655263158<x61>[B] (+0) -0.655263158<x62>[B] (+1) +0.655263158<x63>[B] (+1) -0.655263158<x64>[B] (+0) -0.655263158<x65>[B] (+1) +0.655263158<x66>[B] (+0) -0.655263158<x67>[B] (+0) +0.655263158<x68>[B] (+0) +0.655263158<x69>[B] (+0) +0.655263158<x70>[B] (+0) -0.655263158<x71>[B] (+0) -0.655263158<x72>[B] (+1) +0.655263158<x73>[B] (+1) -0.655263158<x74>[B] (+1) -0.655263158<x75>[B] (+1) -0.655263158<x76>[B] (+0) -0.655263158<x77>[B] (+1) +0.655263158<x78>[B] (+1) -0.655263158<x79>[B] (+1) -0.655263158<x80>[B] (+1) +0.655263158<x81>[B] (+1) -0.655263158<x82>[B] (+1) +0.655263158<x83>[B] (+0) +0.655263158<x84>[B] (+1) +0.655263158<x85>[B] (+0) -0.655263158<x86>[B] (+1) +0.655263158<x87>[B] (+1) -0.655263158<x88>[B] (+1) -0.655263158<x89>[B] (+1) -0.655263158<x90>[B] (+1) -0.655263158<x91>[B] (+1) +0.655263158<x92>[B] (+1) -0.655263158<x93>[B] (+1) -0.655263158<x94>[B] (+1) +0.655263158<x95>[B] (+1) -0.655263158<x96>[B] (+1) +0.655263158<x97>[B] (+1) +0.655263158<x98>[B] (+1) +0.655263158<x99>[B] (+1) +0.655263158<x100>[B] (+0) +0.655263158<x101>[B] (+0) +0.655263158<x102>[B] (+0) +0.655263158<x103>[B] (+0) +0.655263158<x104>[B] (+0) +0.655263158<x105>[B] (+1) +0.655263158<x106>[B] (+0) +0.655263158<x107>[B] (+0) +0.655263158<x108>[B] (+0) +0.655263158<x109>[B] (+0) +0.655263158<x110>[B] (+0) +0.655263158<x111>[B] (+0) +0.655263158<x112>[B] (+0) -0.655263158<x113>[B] (+1) -0.655263158<x114>[B] (+0) -0.655263158<x115>[B] (+0) -0.655263158<x116>[B] (+1) +0.655263158<x117>[B] (+1) -0.655263158<x118>[B] (+1) -0.655263158<x119>[B] (+1) +0.655263158<x120>[B] (+0) -0.655263158<x121>[B] (+0) +0.655263158<x122>[B] (+0) +0.655263158<x123>[B] (+0) +0.655263158<x124>[B] (+0) +0.655263158<x125>[B] (+0) +0.655263158<x126>[B] (+0) +0.655263158<x127>[B] (+1) +0.655263158<x128>[B] (+1) +0.655263158<x129>[B] (+0) +0.655263158<x130>[B] (+1) +0.655263158<x131>[B] (+0) -0.655263158<x132>[B] (+0) +0.655263158<x133>[B] (+0) +0.655263158<x134>[B] (+0) +0.655263158<x135>[B] (+0) -0.655263158<x136>[B] (+0) +0.655263158<x137>[B] (+1) +0.655263158<x138>[B] (+1) -0.655263158<x139>[B] (+1) -0.655263158<x140>[B] (+1) +0.655263158<x141>[B] (+0) -0.655263158<x142>[B] (+1) +0.655263158<x143>[B] (+0) +0.655263158<x144>[B] (+0) +0.655263158<x145>[B] (+0) +0.655263158<x146>[B] (+1) +0.655263158<x147>[B] (+1) -0.655263158<x148>[B] (+1) -0.655263158<x149>[B] (+1) +0.655263158<x150>[B] (+1) -0.655263158<x151>[B] (+1) +0.655263158<x152>[B] (+0) +0.655263158<x153>[B] (+1) +0.655263158<x154>[B] (+1) +0.655263158<x155>[B] (+1) -0.655263158<x156>[B] (+0) -0.655263158<x157>[B] (+1) +0.655263158<x158>[B] (+0) -0.655263158<x159>[B] (+0) +0.655263158<x160>[B] (+0) +0.655263158<x161>[B] (+0) +0.655263158<x162>[B] (+0) -0.655263158<x163>[B] (+0) -0.655263158<x164>[B] (+0) +0.655263158<x165>[B] (+0) -0.655263158<x166>[B] (+0) +0.655263158<x167>[B] (+0) +0.655263158<x168>[B] (+0) +0.655263158<x169>[B] (+0) -0.655263158<x170>[B] (+1) +0.655263158<x171>[B] (+0) -0.655263158<x172>[B] (+0) +0.655263158<x173>[B] (+0) +0.655263158<x174>[B] (+0) +0.655263158<x175>[B] (+0) +0.655263158<x176>[B] (+0) -0.655263158<x177>[B] (+0) +0.655263158<x178>[B] (+0) +0.655263158<x179>[B] (+0) +0.655263158<x180>[B] (+0) -0.655263158<x181>[B] (+1) -0.655263158<x182>[B] (+0) -0.655263158<x183>[B] (+0) -0.655263158<x184>[B] (+0) +0.655263158<x185>[B] (+0) +0.655263158<x186>[B] (+0) +0.655263158<x187>[B] (+0) -0.655263158<x188>[B] (+1) +0.655263158<x189>[B] (+1) +0.655263158<x190>[B] (+0) >= 37.8421052631579;
;
violation: left hand side is violated by 0.0105263157894697
  [linear] <c2511>: <x209>[C] (+27.9026316) +0.534210526<x1>[B] (+1) -0.534210526<x2>[B] (+1) +0.534210526<x3>[B] (+0) +0.534210526<x4>[B] (+0) +0.534210526<x5>[B] (+0) +0.534210526<x6>[B] (+1) -0.534210526<x7>[B] (+0) -0.534210526<x8>[B] (+0) -0.534210526<x9>[B] (+0) +0.534210526<x10>[B] (+0) -0.534210526<x11>[B] (+1) -0.534210526<x12>[B] (+1) -0.534210526<x13>[B] (+0) -0.534210526<x14>[B] (+1) -0.534210526<x15>[B] (+0) -0.534210526<x16>[B] (+0) -0.534210526<x17>[B] (+0) +0.534210526<x18>[B] (+0) -0.534210526<x19>[B] (+0) -0.534210526<x20>[B] (+1) -0.534210526<x21>[B] (+0) -0.534210526<x22>[B] (+0) +0.534210526<x23>[B] (+0) -0.534210526<x24>[B] (+1) -0.534210526<x25>[B] (+0) -0.534210526<x26>[B] (+0) -0.534210526<x27>[B] (+0) -0.534210526<x28>[B] (+0) -0.534210526<x29>[B] (+0) -0.534210526<x30>[B] (+1) -0.534210526<x31>[B] (+0) -0.534210526<x32>[B] (+1) -0.534210526<x33>[B] (+0) -0.534210526<x34>[B] (+0) -0.534210526<x35>[B] (+0) -0.534210526<x36>[B] (+0) -0.534210526<x37>[B] (+0) +0.534210526<x38>[B] (+0) +0.534210526<x39>[B] (+0) +0.534210526<x40>[B] (+0) +0.534210526<x41>[B] (+0) +0.534210526<x42>[B] (+0) -0.534210526<x43>[B] (+0) +0.534210526<x44>[B] (+0) +0.534210526<x45>[B] (+0) -0.534210526<x46>[B] (+0) -0.534210526<x47>[B] (+1) -0.534210526<x48>[B] (+0) -0.534210526<x49>[B] (+0) -0.534210526<x50>[B] (+0) -0.534210526<x51>[B] (+0) -0.534210526<x52>[B] (+0) +0.534210526<x53>[B] (+0) +0.534210526<x54>[B] (+0) +0.534210526<x55>[B] (+0) +0.534210526<x56>[B] (+0) +0.534210526<x57>[B] (+1) -0.534210526<x58>[B] (+1) -0.534210526<x59>[B] (+1) -0.534210526<x60>[B] (+0) -0.534210526<x61>[B] (+0) -0.534210526<x62>[B] (+1) -0.534210526<x63>[B] (+1) -0.534210526<x64>[B] (+1) -0.534210526<x65>[B] (+1) -0.534210526<x66>[B] (+0) -0.534210526<x67>[B] (+0) -0.534210526<x68>[B] (+0) +0.534210526<x69>[B] (+0) -0.534210526<x70>[B] (+0) +0.534210526<x71>[B] (+0) -0.534210526<x72>[B] (+1) -0.534210526<x73>[B] (+1) -0.534210526<x74>[B] (+1) -0.534210526<x75>[B] (+1) -0.534210526<x76>[B] (+0) -0.534210526<x77>[B] (+1) -0.534210526<x78>[B] (+1) -0.534210526<x79>[B] (+1) -0.534210526<x80>[B] (+1) -0.534210526<x81>[B] (+1) -0.534210526<x82>[B] (+1) -0.534210526<x83>[B] (+0) -0.534210526<x84>[B] (+1) -0.534210526<x85>[B] (-2.22044605e-16) -0.534210526<x86>[B] (+1) -0.534210526<x87>[B] (+1) -0.534210526<x88>[B] (+1) -0.534210526<x89>[B] (+1) -0.534210526<x90>[B] (+0) -0.534210526<x91>[B] (+1) -0.534210526<x92>[B] (+1) -0.534210526<x93>[B] (+1) -0.534210526<x94>[B] (+1) -0.534210526<x95>[B] (+1) -0.534210526<x96>[B] (+1) -0.534210526<x97>[B] (+0) -0.534210526<x98>[B] (+1) -0.534210526<x99>[B] (+1) -0.534210526<x100>[B] (+0) -0.534210526<x101>[B] (+0) -0.534210526<x102>[B] (+0) -0.534210526<x103>[B] (+0) -0.534210526<x104>[B] (+0) -0.534210526<x105>[B] (+1) -0.534210526<x106>[B] (+0) -0.534210526<x107>[B] (+0) -0.534210526<x108>[B] (+0) -0.534210526<x109>[B] (+0) -0.534210526<x110>[B] (+0) +0.534210526<x111>[B] (+0) -0.534210526<x112>[B] (+0) -0.534210526<x113>[B] (+1) -0.534210526<x114>[B] (+0) +0.534210526<x115>[B] (+0) -0.534210526<x116>[B] (+1) -0.534210526<x117>[B] (+1) -0.534210526<x118>[B] (+1) -0.534210526<x119>[B] (+1) -0.534210526<x120>[B] (+0) -0.534210526<x121>[B] (+0) -0.534210526<x122>[B] (+0) +0.534210526<x123>[B] (+0) -0.534210526<x124>[B] (+0) +0.534210526<x125>[B] (+0) +0.534210526<x126>[B] (+0) +0.534210526<x127>[B] (+1) +0.534210526<x128>[B] (+1) +0.534210526<x129>[B] (+0) +0.534210526<x130>[B] (+1) -0.534210526<x131>[B] (+0) -0.534210526<x132>[B] (+0) +0.534210526<x133>[B] (+0) +0.534210526<x134>[B] (+0) +0.534210526<x135>[B] (+0) +0.534210526<x136>[B] (+0) -0.534210526<x137>[B] (+1) -0.534210526<x138>[B] (+1) -0.534210526<x139>[B] (+1) -0.534210526<x140>[B] (+1) -0.534210526<x141>[B] (+1) -0.534210526<x142>[B] (+1) -0.534210526<x143>[B] (+0) +0.534210526<x144>[B] (+0) +0.534210526<x145>[B] (+0) -0.534210526<x146>[B] (+1) -0.534210526<x147>[B] (+1) -0.534210526<x148>[B] (+1) -0.534210526<x149>[B] (+1) -0.534210526<x150>[B] (+1) -0.534210526<x151>[B] (+1) -0.534210526<x152>[B] (+0) +0.534210526<x153>[B] (+1) -0.534210526<x154>[B] (+1) +0.534210526<x155>[B] (+1) +0.534210526<x156>[B] (+0) +0.534210526<x157>[B] (+1) -0.534210526<x158>[B] (+0) -0.534210526<x159>[B] (+0) -0.534210526<x160>[B] (+0) +0.534210526<x161>[B] (+0) +0.534210526<x162>[B] (+0) -0.534210526<x163>[B] (+0) -0.534210526<x164>[B] (+0) -0.534210526<x165>[B] (+0) -0.534210526<x166>[B] (+0) -0.534210526<x167>[B] (+0) +0.534210526<x168>[B] (+0) +0.534210526<x169>[B] (+0) +0.534210526<x170>[B] (+1) -0.534210526<x171>[B] (+0) -0.534210526<x172>[B] (+0) -0.534210526<x173>[B] (+0) +0.534210526<x174>[B] (+0) +0.534210526<x175>[B] (+0) -0.534210526<x176>[B] (+0) -0.534210526<x177>[B] (+0) -0.534210526<x178>[B] (+0) +0.534210526<x179>[B] (+0) +0.534210526<x180>[B] (+0) +0.534210526<x181>[B] (+1) +0.534210526<x182>[B] (+0) +0.534210526<x183>[B] (+0) +0.534210526<x184>[B] (+0) +0.534210526<x185>[B] (+0) +0.534210526<x186>[B] (+0) +0.534210526<x187>[B] (-2.22044605e-16) +0.534210526<x188>[B] (+1) +0.534210526<x189>[B] (+1) -0.534210526<x190>[B] (+0) >= 4.4078947368421;
;
violation: left hand side is violated by 0.0105263157894662
  [linear] <c2508>: <x205>[C] (+39.1526316) +0.639473684<x1>[B] (+1) +0.639473684<x2>[B] (+1) +0.639473684<x3>[B] (+0) +0.639473684<x4>[B] (+0) +0.639473684<x5>[B] (+0) +0.639473684<x6>[B] (+1) +0.639473684<x7>[B] (+0) +0.639473684<x8>[B] (+0) +0.639473684<x9>[B] (+0) +0.639473684<x10>[B] (+0) +0.639473684<x11>[B] (+1) -0.639473684<x12>[B] (+1) +0.639473684<x13>[B] (+0) -0.639473684<x14>[B] (+1) +0.639473684<x15>[B] (+0) -0.639473684<x16>[B] (+0) +0.639473684<x17>[B] (+0) +0.639473684<x18>[B] (+0) +0.639473684<x19>[B] (+0) -0.639473684<x20>[B] (+1) -0.639473684<x21>[B] (+0) -0.639473684<x22>[B] (+0) -0.639473684<x23>[B] (+0) -0.639473684<x24>[B] (+1) -0.639473684<x25>[B] (+0) +0.639473684<x26>[B] (+0) +0.639473684<x27>[B] (+0) +0.639473684<x28>[B] (+0) -0.639473684<x29>[B] (+0) -0.639473684<x30>[B] (+1) -0.639473684<x31>[B] (+0) -0.639473684<x32>[B] (+1) +0.639473684<x33>[B] (+0) -0.639473684<x34>[B] (+0) +0.639473684<x35>[B] (+0) +0.639473684<x36>[B] (+0) -0.639473684<x37>[B] (+0) -0.639473684<x38>[B] (+0) -0.639473684<x39>[B] (+0) -0.639473684<x40>[B] (+0) +0.639473684<x41>[B] (+0) -0.639473684<x42>[B] (+0) +0.639473684<x43>[B] (+0) +0.639473684<x44>[B] (+0) +0.639473684<x45>[B] (+0) -0.639473684<x46>[B] (+0) -0.639473684<x47>[B] (+1) -0.639473684<x48>[B] (+0) -0.639473684<x49>[B] (+0) +0.639473684<x50>[B] (+0) -0.639473684<x51>[B] (+0) +0.639473684<x52>[B] (+0) +0.639473684<x53>[B] (+0) +0.639473684<x54>[B] (+0) +0.639473684<x55>[B] (+0) -0.639473684<x56>[B] (+0) +0.639473684<x57>[B] (+1) -0.639473684<x58>[B] (+0) +0.639473684<x59>[B] (+1) +0.639473684<x60>[B] (+0) +0.639473684<x61>[B] (+0) -0.639473684<x62>[B] (+1) -0.639473684<x63>[B] (+1) +0.639473684<x64>[B] (+0) -0.639473684<x65>[B] (+1) +0.639473684<x66>[B] (+0) -0.639473684<x67>[B] (+0) +0.639473684<x68>[B] (+0) +0.639473684<x69>[B] (+0) +0.639473684<x70>[B] (+0) -0.639473684<x71>[B] (+0) +0.639473684<x72>[B] (+1) -0.639473684<x73>[B] (+1) +0.639473684<x74>[B] (+1) +0.639473684<x75>[B] (+1) +0.639473684<x76>[B] (+0) -0.639473684<x77>[B] (+1) -0.639473684<x78>[B] (+1) -0.639473684<x79>[B] (+1) -0.639473684<x80>[B] (+1) +0.639473684<x81>[B] (+1) -0.639473684<x82>[B] (+1) +0.639473684<x83>[B] (+0) +0.639473684<x84>[B] (+1) +0.639473684<x85>[B] (+0) +0.639473684<x86>[B] (+1) +0.639473684<x87>[B] (+1) +0.639473684<x88>[B] (+1) +0.639473684<x89>[B] (+1) +0.639473684<x90>[B] (+0) +0.639473684<x91>[B] (+1) -0.639473684<x92>[B] (+1) +0.639473684<x93>[B] (+1) -0.639473684<x94>[B] (+1) +0.639473684<x95>[B] (+1) -0.639473684<x96>[B] (+1) +0.639473684<x97>[B] (+0) +0.639473684<x98>[B] (+1) +0.639473684<x99>[B] (+1) -0.639473684<x100>[B] (+0) +0.639473684<x101>[B] (+0) +0.639473684<x102>[B] (+0) +0.639473684<x103>[B] (+0) -0.639473684<x104>[B] (+0) -0.639473684<x105>[B] (+1) -0.639473684<x106>[B] (+0) -0.639473684<x107>[B] (+0) +0.639473684<x108>[B] (+0) -0.639473684<x109>[B] (+0) +0.639473684<x110>[B] (+0) +0.639473684<x111>[B] (+0) -0.639473684<x112>[B] (+0) +0.639473684<x113>[B] (+1) +0.639473684<x114>[B] (+0) +0.639473684<x115>[B] (+0) -0.639473684<x116>[B] (+1) -0.639473684<x117>[B] (+1) +0.639473684<x118>[B] (+0) -0.639473684<x119>[B] (+1) +0.639473684<x120>[B] (+0) -0.639473684<x121>[B] (+0) +0.639473684<x122>[B] (+0) +0.639473684<x123>[B] (+0) +0.639473684<x124>[B] (+0) -0.639473684<x125>[B] (+0) +0.639473684<x126>[B] (+0) -0.639473684<x127>[B] (+1) -0.639473684<x128>[B] (+1) -0.639473684<x129>[B] (+0) -0.639473684<x130>[B] (+1) +0.639473684<x131>[B] (+0) -0.639473684<x132>[B] (+0) -0.639473684<x133>[B] (+0) -0.639473684<x134>[B] (+0) -0.639473684<x135>[B] (+0) +0.639473684<x136>[B] (+0) -0.639473684<x137>[B] (+1) -0.639473684<x138>[B] (+1) -0.639473684<x139>[B] (+1) -0.639473684<x140>[B] (+1) +0.639473684<x141>[B] (+1) -0.639473684<x142>[B] (+1) -0.639473684<x143>[B] (+0) -0.639473684<x144>[B] (+0) -0.639473684<x145>[B] (+0) -0.639473684<x146>[B] (+1) -0.639473684<x147>[B] (+1) -0.639473684<x148>[B] (+1) -0.639473684<x149>[B] (+1) +0.639473684<x150>[B] (+1) -0.639473684<x151>[B] (+1) -0.639473684<x152>[B] (+0) -0.639473684<x153>[B] (+1) -0.639473684<x154>[B] (+1) -0.639473684<x155>[B] (+1) +0.639473684<x156>[B] (+0) -0.639473684<x157>[B] (+1) +0.639473684<x158>[B] (+0) -0.639473684<x159>[B] (+0) +0.639473684<x160>[B] (+0) +0.639473684<x161>[B] (+0) +0.639473684<x162>[B] (+0) +0.639473684<x163>[B] (+0) +0.639473684<x164>[B] (+0) +0.639473684<x165>[B] (+0) +0.639473684<x166>[B] (+0) +0.639473684<x167>[B] (+0) +0.639473684<x168>[B] (+0) +0.639473684<x169>[B] (+0) -0.639473684<x170>[B] (+1) +0.639473684<x171>[B] (+0) -0.639473684<x172>[B] (+0) +0.639473684<x173>[B] (+0) +0.639473684<x174>[B] (+0) +0.639473684<x175>[B] (+0) +0.639473684<x176>[B] (+0) +0.639473684<x177>[B] (+0) +0.639473684<x178>[B] (+0) +0.639473684<x179>[B] (+0) +0.639473684<x180>[B] (+0) -0.639473684<x181>[B] (+1) -0.639473684<x182>[B] (+0) -0.639473684<x183>[B] (+0) -0.639473684<x184>[B] (+0) +0.639473684<x185>[B] (+0) +0.639473684<x186>[B] (+0) +0.639473684<x187>[B] (+0) +0.639473684<x188>[B] (+1) -0.639473684<x189>[B] (+1) -0.639473684<x190>[B] (+0) >= 27.0184210526316;
;
violation: left hand side is violated by 0.0157894736842366
  [linear] <c2508>: <x205>[C] (+39.1526316) +0.639473684<x1>[B] (+1) +0.639473684<x2>[B] (+1) +0.639473684<x3>[B] (+0) +0.639473684<x4>[B] (+0) +0.639473684<x5>[B] (+0) +0.639473684<x6>[B] (+1) +0.639473684<x7>[B] (+0) +0.639473684<x8>[B] (+0) +0.639473684<x9>[B] (+0) +0.639473684<x10>[B] (+0) +0.639473684<x11>[B] (+1) -0.639473684<x12>[B] (+1) +0.639473684<x13>[B] (+0) -0.639473684<x14>[B] (+1) +0.639473684<x15>[B] (+0) -0.639473684<x16>[B] (+0) +0.639473684<x17>[B] (+0) +0.639473684<x18>[B] (+0) +0.639473684<x19>[B] (+0) -0.639473684<x20>[B] (+1) -0.639473684<x21>[B] (+0) -0.639473684<x22>[B] (+0) -0.639473684<x23>[B] (+0) -0.639473684<x24>[B] (+1) -0.639473684<x25>[B] (+0) +0.639473684<x26>[B] (+0) +0.639473684<x27>[B] (+0) +0.639473684<x28>[B] (+0) -0.639473684<x29>[B] (+0) -0.639473684<x30>[B] (+1) -0.639473684<x31>[B] (+0) -0.639473684<x32>[B] (+1) +0.639473684<x33>[B] (+0) -0.639473684<x34>[B] (+0) +0.639473684<x35>[B] (+0) +0.639473684<x36>[B] (+0) -0.639473684<x37>[B] (+0) -0.639473684<x38>[B] (+0) -0.639473684<x39>[B] (+0) -0.639473684<x40>[B] (+0) +0.639473684<x41>[B] (+0) -0.639473684<x42>[B] (+0) +0.639473684<x43>[B] (+0) +0.639473684<x44>[B] (+0) +0.639473684<x45>[B] (+0) -0.639473684<x46>[B] (+0) -0.639473684<x47>[B] (+1) -0.639473684<x48>[B] (+0) -0.639473684<x49>[B] (+0) +0.639473684<x50>[B] (+0) -0.639473684<x51>[B] (+0) +0.639473684<x52>[B] (+0) +0.639473684<x53>[B] (+0) +0.639473684<x54>[B] (+0) +0.639473684<x55>[B] (+0) -0.639473684<x56>[B] (+0) +0.639473684<x57>[B] (+1) -0.639473684<x58>[B] (+0) +0.639473684<x59>[B] (+1) +0.639473684<x60>[B] (+0) +0.639473684<x61>[B] (+0) -0.639473684<x62>[B] (+1) -0.639473684<x63>[B] (+1) +0.639473684<x64>[B] (+0) -0.639473684<x65>[B] (+1) +0.639473684<x66>[B] (+0) -0.639473684<x67>[B] (+0) +0.639473684<x68>[B] (+0) +0.639473684<x69>[B] (+0) +0.639473684<x70>[B] (+0) -0.639473684<x71>[B] (+0) +0.639473684<x72>[B] (+1) -0.639473684<x73>[B] (+1) +0.639473684<x74>[B] (+1) +0.639473684<x75>[B] (+1) +0.639473684<x76>[B] (+0) -0.639473684<x77>[B] (+1) -0.639473684<x78>[B] (+1) -0.639473684<x79>[B] (+1) -0.639473684<x80>[B] (+1) +0.639473684<x81>[B] (+1) -0.639473684<x82>[B] (+1) +0.639473684<x83>[B] (+0) +0.639473684<x84>[B] (+1) +0.639473684<x85>[B] (+0) +0.639473684<x86>[B] (+1) +0.639473684<x87>[B] (+1) +0.639473684<x88>[B] (+1) +0.639473684<x89>[B] (+1) +0.639473684<x90>[B] (+0) +0.639473684<x91>[B] (+1) -0.639473684<x92>[B] (+1) +0.639473684<x93>[B] (+1) -0.639473684<x94>[B] (+1) +0.639473684<x95>[B] (+1) -0.639473684<x96>[B] (+1) +0.639473684<x97>[B] (+0) +0.639473684<x98>[B] (+1) +0.639473684<x99>[B] (+1) -0.639473684<x100>[B] (+0) +0.639473684<x101>[B] (+0) +0.639473684<x102>[B] (+0) +0.639473684<x103>[B] (+0) -0.639473684<x104>[B] (+0) -0.639473684<x105>[B] (+1) -0.639473684<x106>[B] (+0) -0.639473684<x107>[B] (+0) +0.639473684<x108>[B] (+0) -0.639473684<x109>[B] (+0) +0.639473684<x110>[B] (+0) +0.639473684<x111>[B] (+0) -0.639473684<x112>[B] (+0) +0.639473684<x113>[B] (+1) +0.639473684<x114>[B] (+0) +0.639473684<x115>[B] (+0) -0.639473684<x116>[B] (+1) -0.639473684<x117>[B] (+1) +0.639473684<x118>[B] (+0) -0.639473684<x119>[B] (+1) +0.639473684<x120>[B] (+0) -0.639473684<x121>[B] (+0) +0.639473684<x122>[B] (+0) +0.639473684<x123>[B] (+0) +0.639473684<x124>[B] (+0) -0.639473684<x125>[B] (+0) +0.639473684<x126>[B] (+0) -0.639473684<x127>[B] (+1) -0.639473684<x128>[B] (+1) -0.639473684<x129>[B] (+0) -0.639473684<x130>[B] (+1) +0.639473684<x131>[B] (+0) -0.639473684<x132>[B] (+0) -0.639473684<x133>[B] (+0) -0.639473684<x134>[B] (+0) -0.639473684<x135>[B] (+0) +0.639473684<x136>[B] (+0) -0.639473684<x137>[B] (+1) -0.639473684<x138>[B] (+1) -0.639473684<x139>[B] (+1) -0.639473684<x140>[B] (+1) +0.639473684<x141>[B] (+1) -0.639473684<x142>[B] (+1) -0.639473684<x143>[B] (+0) -0.639473684<x144>[B] (+0) -0.639473684<x145>[B] (+0) -0.639473684<x146>[B] (+1) -0.639473684<x147>[B] (+1) -0.639473684<x148>[B] (+1) -0.639473684<x149>[B] (+1) +0.639473684<x150>[B] (+1) -0.639473684<x151>[B] (+1) -0.639473684<x152>[B] (+0) -0.639473684<x153>[B] (+1) -0.639473684<x154>[B] (+1) -0.639473684<x155>[B] (+1) +0.639473684<x156>[B] (+0) -0.639473684<x157>[B] (+1) +0.639473684<x158>[B] (+0) -0.639473684<x159>[B] (+0) +0.639473684<x160>[B] (+0) +0.639473684<x161>[B] (+0) +0.639473684<x162>[B] (+0) +0.639473684<x163>[B] (+0) +0.639473684<x164>[B] (+0) +0.639473684<x165>[B] (+0) +0.639473684<x166>[B] (+0) +0.639473684<x167>[B] (+0) +0.639473684<x168>[B] (+0) +0.639473684<x169>[B] (+0) -0.639473684<x170>[B] (+1) +0.639473684<x171>[B] (+0) -0.639473684<x172>[B] (+0) +0.639473684<x173>[B] (+0) +0.639473684<x174>[B] (+0) +0.639473684<x175>[B] (+0) +0.639473684<x176>[B] (+0) +0.639473684<x177>[B] (+0) +0.639473684<x178>[B] (+0) +0.639473684<x179>[B] (+0) +0.639473684<x180>[B] (+0) -0.639473684<x181>[B] (+1) -0.639473684<x182>[B] (+0) -0.639473684<x183>[B] (+0) -0.639473684<x184>[B] (+0) +0.639473684<x185>[B] (+0) +0.639473684<x186>[B] (+0) +0.639473684<x187>[B] (+0) +0.639473684<x188>[B] (+1) -0.639473684<x189>[B] (+1) -0.639473684<x190>[B] (+0) >= 27.0184210526316;
;
violation: left hand side is violated by 0.0157894736842294
  [linear] <c2508>: <x205>[C] (+39.1526316) +0.639473684<x1>[B] (+1) +0.639473684<x2>[B] (+1) +0.639473684<x3>[B] (+0) +0.639473684<x4>[B] (+0) +0.639473684<x5>[B] (+0) +0.639473684<x6>[B] (+1) +0.639473684<x7>[B] (+0) +0.639473684<x8>[B] (+0) +0.639473684<x9>[B] (+0) +0.639473684<x10>[B] (+0) +0.639473684<x11>[B] (+1) -0.639473684<x12>[B] (+1) +0.639473684<x13>[B] (+0) -0.639473684<x14>[B] (+1) +0.639473684<x15>[B] (+0) -0.639473684<x16>[B] (+0) +0.639473684<x17>[B] (+0) +0.639473684<x18>[B] (+0) +0.639473684<x19>[B] (+0) -0.639473684<x20>[B] (+1) -0.639473684<x21>[B] (+0) -0.639473684<x22>[B] (+0) -0.639473684<x23>[B] (+0) -0.639473684<x24>[B] (+1) -0.639473684<x25>[B] (+0) +0.639473684<x26>[B] (+0) +0.639473684<x27>[B] (+0) +0.639473684<x28>[B] (+0) -0.639473684<x29>[B] (+0) -0.639473684<x30>[B] (+1) -0.639473684<x31>[B] (+0) -0.639473684<x32>[B] (+1) +0.639473684<x33>[B] (+0) -0.639473684<x34>[B] (+0) +0.639473684<x35>[B] (+0) +0.639473684<x36>[B] (+0) -0.639473684<x37>[B] (+0) -0.639473684<x38>[B] (+0) -0.639473684<x39>[B] (+0) -0.639473684<x40>[B] (+0) +0.639473684<x41>[B] (+0) -0.639473684<x42>[B] (+0) +0.639473684<x43>[B] (+0) +0.639473684<x44>[B] (+0) +0.639473684<x45>[B] (+0) -0.639473684<x46>[B] (+0) -0.639473684<x47>[B] (+1) -0.639473684<x48>[B] (+0) -0.639473684<x49>[B] (+0) +0.639473684<x50>[B] (+0) -0.639473684<x51>[B] (+0) +0.639473684<x52>[B] (+0) +0.639473684<x53>[B] (+0) +0.639473684<x54>[B] (+0) +0.639473684<x55>[B] (+0) -0.639473684<x56>[B] (+0) +0.639473684<x57>[B] (+1) -0.639473684<x58>[B] (+0) +0.639473684<x59>[B] (+1) +0.639473684<x60>[B] (+0) +0.639473684<x61>[B] (+0) -0.639473684<x62>[B] (+1) -0.639473684<x63>[B] (+1) +0.639473684<x64>[B] (+0) -0.639473684<x65>[B] (+1) +0.639473684<x66>[B] (+0) -0.639473684<x67>[B] (+0) +0.639473684<x68>[B] (+0) +0.639473684<x69>[B] (+0) +0.639473684<x70>[B] (+0) -0.639473684<x71>[B] (+0) +0.639473684<x72>[B] (+1) -0.639473684<x73>[B] (+1) +0.639473684<x74>[B] (+1) +0.639473684<x75>[B] (+1) +0.639473684<x76>[B] (+0) -0.639473684<x77>[B] (+1) -0.639473684<x78>[B] (+1) -0.639473684<x79>[B] (+1) -0.639473684<x80>[B] (+1) +0.639473684<x81>[B] (+1) -0.639473684<x82>[B] (+1) +0.639473684<x83>[B] (+0) +0.639473684<x84>[B] (+1) +0.639473684<x85>[B] (+0) +0.639473684<x86>[B] (+1) +0.639473684<x87>[B] (+1) +0.639473684<x88>[B] (+1) +0.639473684<x89>[B] (+1) +0.639473684<x90>[B] (+0) +0.639473684<x91>[B] (+1) -0.639473684<x92>[B] (+1) +0.639473684<x93>[B] (+1) -0.639473684<x94>[B] (+1) +0.639473684<x95>[B] (+1) -0.639473684<x96>[B] (+1) +0.639473684<x97>[B] (+0) +0.639473684<x98>[B] (+1) +0.639473684<x99>[B] (+1) -0.639473684<x100>[B] (+0) +0.639473684<x101>[B] (+0) +0.639473684<x102>[B] (+0) +0.639473684<x103>[B] (+0) -0.639473684<x104>[B] (+0) -0.639473684<x105>[B] (+1) -0.639473684<x106>[B] (+0) -0.639473684<x107>[B] (+0) +0.639473684<x108>[B] (+0) -0.639473684<x109>[B] (+0) +0.639473684<x110>[B] (+0) +0.639473684<x111>[B] (+0) -0.639473684<x112>[B] (+0) +0.639473684<x113>[B] (+1) +0.639473684<x114>[B] (+0) +0.639473684<x115>[B] (+0) -0.639473684<x116>[B] (+1) -0.639473684<x117>[B] (+1) +0.639473684<x118>[B] (+0) -0.639473684<x119>[B] (+1) +0.639473684<x120>[B] (+0) -0.639473684<x121>[B] (+0) +0.639473684<x122>[B] (+0) +0.639473684<x123>[B] (+0) +0.639473684<x124>[B] (+0) -0.639473684<x125>[B] (+0) +0.639473684<x126>[B] (+0) -0.639473684<x127>[B] (+1) -0.639473684<x128>[B] (+1) -0.639473684<x129>[B] (+0) -0.639473684<x130>[B] (+1) +0.639473684<x131>[B] (+0) -0.639473684<x132>[B] (+0) -0.639473684<x133>[B] (+0) -0.639473684<x134>[B] (+0) -0.639473684<x135>[B] (+0) +0.639473684<x136>[B] (+0) -0.639473684<x137>[B] (+1) -0.639473684<x138>[B] (+1) -0.639473684<x139>[B] (+1) -0.639473684<x140>[B] (+1) +0.639473684<x141>[B] (+1) -0.639473684<x142>[B] (+1) -0.639473684<x143>[B] (+0) -0.639473684<x144>[B] (+0) -0.639473684<x145>[B] (+0) -0.639473684<x146>[B] (+1) -0.639473684<x147>[B] (+1) -0.639473684<x148>[B] (+1) -0.639473684<x149>[B] (+1) +0.639473684<x150>[B] (+1) -0.639473684<x151>[B] (+1) -0.639473684<x152>[B] (+0) -0.639473684<x153>[B] (+1) -0.639473684<x154>[B] (+1) -0.639473684<x155>[B] (+1) +0.639473684<x156>[B] (+0) -0.639473684<x157>[B] (+1) +0.639473684<x158>[B] (+0) -0.639473684<x159>[B] (+0) +0.639473684<x160>[B] (+0) +0.639473684<x161>[B] (+0) +0.639473684<x162>[B] (+0) +0.639473684<x163>[B] (+0) +0.639473684<x164>[B] (+0) +0.639473684<x165>[B] (+0) +0.639473684<x166>[B] (+0) +0.639473684<x167>[B] (+0) +0.639473684<x168>[B] (+0) +0.639473684<x169>[B] (+0) -0.639473684<x170>[B] (+1) +0.639473684<x171>[B] (+0) -0.639473684<x172>[B] (+0) +0.639473684<x173>[B] (+0) +0.639473684<x174>[B] (+0) +0.639473684<x175>[B] (+0) +0.639473684<x176>[B] (+0) +0.639473684<x177>[B] (+0) +0.639473684<x178>[B] (+0) +0.639473684<x179>[B] (+0) +0.639473684<x180>[B] (+0) -0.639473684<x181>[B] (+1) -0.639473684<x182>[B] (+0) -0.639473684<x183>[B] (+0) -0.639473684<x184>[B] (+0) +0.639473684<x185>[B] (+0) +0.639473684<x186>[B] (+0) +0.639473684<x187>[B] (+0) +0.639473684<x188>[B] (+1) -0.639473684<x189>[B] (+1) -0.639473684<x190>[B] (+0) >= 27.0184210526316;
;
violation: left hand side is violated by 0.0157894736842152
  [linear] <c2502>: <x193>[C] (+41.0657895) +0.655263158<x1>[B] (+0) +0.655263158<x2>[B] (+1) +0.655263158<x3>[B] (+0) +0.655263158<x4>[B] (+0) +0.655263158<x5>[B] (+0) -0.655263158<x6>[B] (+1) +0.655263158<x7>[B] (+0) +0.655263158<x8>[B] (+0) +0.655263158<x9>[B] (+0) +0.655263158<x10>[B] (+0) +0.655263158<x11>[B] (+0) +0.655263158<x12>[B] (+1) +0.655263158<x13>[B] (+0) +0.655263158<x14>[B] (+0) +0.655263158<x15>[B] (+0) -0.655263158<x16>[B] (+0) +0.655263158<x17>[B] (+0) +0.655263158<x18>[B] (+0) +0.655263158<x19>[B] (+0) +0.655263158<x20>[B] (+1) +0.655263158<x21>[B] (+0) +0.655263158<x22>[B] (+0) +0.655263158<x23>[B] (+0) -0.655263158<x24>[B] (+1) +0.655263158<x25>[B] (+0) -0.655263158<x26>[B] (+1) +0.655263158<x27>[B] (+0) +0.655263158<x28>[B] (+0) +0.655263158<x29>[B] (+0) +0.655263158<x30>[B] (+1) -0.655263158<x31>[B] (+0) -0.655263158<x32>[B] (+1) +0.655263158<x33>[B] (+0) -0.655263158<x34>[B] (+0) +0.655263158<x35>[B] (+0) +0.655263158<x36>[B] (+0) +0.655263158<x37>[B] (+0) -0.655263158<x38>[B] (+0) +0.655263158<x39>[B] (+0) +0.655263158<x40>[B] (+0) -0.655263158<x41>[B] (+0) +0.655263158<x42>[B] (+0) -0.655263158<x43>[B] (+0) -0.655263158<x44>[B] (+0) -0.655263158<x45>[B] (+0) -0.655263158<x46>[B] (+0) +0.655263158<x47>[B] (+1) -0.655263158<x48>[B] (+0) -0.655263158<x49>[B] (+0) +0.655263158<x50>[B] (+0) -0.655263158<x51>[B] (+0) +0.655263158<x52>[B] (+0) +0.655263158<x53>[B] (+0) +0.655263158<x54>[B] (+0) +0.655263158<x55>[B] (+0) +0.655263158<x56>[B] (+0) -0.655263158<x57>[B] (+1) +0.655263158<x58>[B] (+1) -0.655263158<x59>[B] (+1) -0.655263158<x60>[B] (+0) -0.655263158<x61>[B] (+0) -0.655263158<x62>[B] (+1) +0.655263158<x63>[B] (+1) -0.655263158<x64>[B] (+0) -0.655263158<x65>[B] (+1) +0.655263158<x66>[B] (+0) -0.655263158<x67>[B] (+0) +0.655263158<x68>[B] (+0) +0.655263158<x69>[B] (+0) +0.655263158<x70>[B] (+0) -0.655263158<x71>[B] (+0) -0.655263158<x72>[B] (+1) +0.655263158<x73>[B] (+1) -0.655263158<x74>[B] (+1) -0.655263158<x75>[B] (+1) -0.655263158<x76>[B] (+0) -0.655263158<x77>[B] (+1) +0.655263158<x78>[B] (+1) -0.655263158<x79>[B] (+1) -0.655263158<x80>[B] (+1) +0.655263158<x81>[B] (+1) -0.655263158<x82>[B] (+1) +0.655263158<x83>[B] (+0) +0.655263158<x84>[B] (+1) +0.655263158<x85>[B] (+0) -0.655263158<x86>[B] (+1) +0.655263158<x87>[B] (+1) -0.655263158<x88>[B] (+1) -0.655263158<x89>[B] (+1) -0.655263158<x90>[B] (+0) -0.655263158<x91>[B] (+1) +0.655263158<x92>[B] (+1) -0.655263158<x93>[B] (+1) -0.655263158<x94>[B] (+1) +0.655263158<x95>[B] (+1) -0.655263158<x96>[B] (+1) +0.655263158<x97>[B] (+0) +0.655263158<x98>[B] (+1) +0.655263158<x99>[B] (+1) +0.655263158<x100>[B] (+0) +0.655263158<x101>[B] (+0) +0.655263158<x102>[B] (+0) +0.655263158<x103>[B] (+0) +0.655263158<x104>[B] (+0) +0.655263158<x105>[B] (+1) +0.655263158<x106>[B] (+0) +0.655263158<x107>[B] (+0) +0.655263158<x108>[B] (+0) +0.655263158<x109>[B] (+0) +0.655263158<x110>[B] (+0) +0.655263158<x111>[B] (+0) +0.655263158<x112>[B] (+0) -0.655263158<x113>[B] (+1) -0.655263158<x114>[B] (+0) -0.655263158<x115>[B] (+0) -0.655263158<x116>[B] (+0) +0.655263158<x117>[B] (+1) -0.655263158<x118>[B] (+0) -0.655263158<x119>[B] (+1) +0.655263158<x120>[B] (+0) -0.655263158<x121>[B] (+0) +0.655263158<x122>[B] (+0) +0.655263158<x123>[B] (+0) +0.655263158<x124>[B] (+0) +0.655263158<x125>[B] (+0) +0.655263158<x126>[B] (+0) +0.655263158<x127>[B] (+0) +0.655263158<x128>[B] (+1) +0.655263158<x129>[B] (+0) +0.655263158<x130>[B] (+0) +0.655263158<x131>[B] (+0) -0.655263158<x132>[B] (+0) +0.655263158<x133>[B] (+0) +0.655263158<x134>[B] (+0) +0.655263158<x135>[B] (+0) -0.655263158<x136>[B] (+0) +0.655263158<x137>[B] (+1) +0.655263158<x138>[B] (+1) -0.655263158<x139>[B] (+1) -0.655263158<x140>[B] (+1) +0.655263158<x141>[B] (+1) -0.655263158<x142>[B] (+1) +0.655263158<x143>[B] (+0) +0.655263158<x144>[B] (+0) +0.655263158<x145>[B] (+0) +0.655263158<x146>[B] (+1) +0.655263158<x147>[B] (+1) -0.655263158<x148>[B] (+1) -0.655263158<x149>[B] (+1) +0.655263158<x150>[B] (+1) -0.655263158<x151>[B] (+1) +0.655263158<x152>[B] (+0) +0.655263158<x153>[B] (+1) +0.655263158<x154>[B] (+1) +0.655263158<x155>[B] (+1) -0.655263158<x156>[B] (+0) -0.655263158<x157>[B] (+1) +0.655263158<x158>[B] (+0) -0.655263158<x159>[B] (+0) +0.655263158<x160>[B] (+0) +0.655263158<x161>[B] (+0) +0.655263158<x162>[B] (+0) -0.655263158<x163>[B] (+0) -0.655263158<x164>[B] (+0) +0.655263158<x165>[B] (+0) -0.655263158<x166>[B] (+0) +0.655263158<x167>[B] (+0) +0.655263158<x168>[B] (+0) +0.655263158<x169>[B] (+0) -0.655263158<x170>[B] (+1) +0.655263158<x171>[B] (+0) -0.655263158<x172>[B] (+0) +0.655263158<x173>[B] (+0) +0.655263158<x174>[B] (+0) +0.655263158<x175>[B] (+0) +0.655263158<x176>[B] (+0) -0.655263158<x177>[B] (+0) +0.655263158<x178>[B] (+0) +0.655263158<x179>[B] (+0) +0.655263158<x180>[B] (+0) -0.655263158<x181>[B] (+1) -0.655263158<x182>[B] (+0) -0.655263158<x183>[B] (+0) -0.655263158<x184>[B] (+0) +0.655263158<x185>[B] (+0) +0.655263158<x186>[B] (+0) +0.655263158<x187>[B] (+0) -0.655263158<x188>[B] (+1) +0.655263158<x189>[B] (+1) +0.655263158<x190>[B] (+0) >= 37.8421052631579;
;
violation: left hand side is violated by 0.0526315789473983
all 10 solutions given by solution candidate storage are infeasible

feasible solution found by trivial heuristic after 0.0 seconds, objective value -6.000232e+06
presolving:
   (0.0s) symmetry computation started: requiring (bin +, int +, cont +), (fixed: bin -, int -, cont -)
   (0.0s) no symmetry present (symcode time: 0.00)
presolving (0 rounds: 0 fast, 0 medium, 0 exhaustive):
 0 deleted vars, 0 deleted constraints, 0 added constraints, 0 tightened bounds, 0 added holes, 0 changed sides, 0 changed coefficients
 0 implications, 0 cliques, 0 implied integral variables (0 bin, 0 int, 0 cont)
presolved problem has 250 variables (190 bin, 0 int, 60 cont) and 2541 constraints
   2541 constraints of type <linear>
Presolving Time: 0.02
transformed 1/1 original solutions to the transformed problem space

 time | node  | left  |LP iter|LP it/n|mem/heur|mdpt |vars |cons |rows |cuts |sepa|confs|strbr|  dualbound   | primalbound  |  gap   | compl. 
p 0.1s|     1 |     0 |    24 |     - |   locks|   0 | 250 |2541 |2541 |   0 |  0 |   0 |   0 | 4.320000e+02 |-1.717379e+03 |    Inf | unknown
  0.1s|     1 |     0 |  1032 |     - |    81M |   0 | 250 |2541 |2541 |   0 |  0 |   0 |   0 |-1.344811e+03 |-1.717379e+03 |  27.70%| unknown
r 0.2s|     1 |     0 |  1032 |     - |shifting|   0 | 250 |2541 |2541 |   0 |  0 |   0 |   0 |-1.344811e+03 |-1.530564e+03 |  13.81%| unknown
  0.3s|     1 |     0 |  1059 |     - |    81M |   0 | 250 |2541 |2543 |   2 |  1 |   0 |   0 |-1.344977e+03 |-1.530564e+03 |  13.80%| unknown
r 0.3s|     1 |     0 |  1059 |     - |shifting|   0 | 250 |2541 |2543 |   2 |  1 |   0 |   0 |-1.344977e+03 |-1.518554e+03 |  12.91%| unknown
  0.3s|     1 |     0 |  1059 |     - |    81M |   0 | 250 |2541 |2543 |   2 |  1 |   0 |   0 |-1.344977e+03 |-1.518554e+03 |  12.91%| unknown
  0.5s|     1 |     0 |  1077 |     - |    81M |   0 | 250 |2541 |2545 |   4 |  2 |   0 |   0 |-1.344999e+03 |-1.518554e+03 |  12.90%| unknown
r 0.5s|     1 |     0 |  1077 |     - |shifting|   0 | 250 |2541 |2545 |   4 |  2 |   0 |   0 |-1.344999e+03 |-1.478793e+03 |   9.95%| unknown
  0.7s|     1 |     0 |  1112 |     - |    82M |   0 | 250 |2541 |2547 |   6 |  3 |   0 |   0 |-1.345040e+03 |-1.478793e+03 |   9.94%| unknown
  1.0s|     1 |     0 |  1151 |     - |    82M |   0 | 250 |2541 |2549 |   8 |  4 |   0 |   0 |-1.345072e+03 |-1.478793e+03 |   9.94%| unknown
r 1.0s|     1 |     0 |  1151 |     - |shifting|   0 | 250 |2541 |2549 |   8 |  4 |   0 |   0 |-1.345072e+03 |-1.453146e+03 |   8.03%| unknown
  1.2s|     1 |     0 |  1158 |     - |    82M |   0 | 250 |2541 |2550 |   9 |  5 |   0 |   0 |-1.345073e+03 |-1.453146e+03 |   8.03%| unknown
  1.4s|     1 |     0 |  1191 |     - |    82M |   0 | 250 |2541 |2551 |  10 |  6 |   0 |   0 |-1.345081e+03 |-1.453146e+03 |   8.03%| unknown
  1.6s|     1 |     0 |  1206 |     - |    83M |   0 | 250 |2541 |2552 |  11 |  7 |   0 |   0 |-1.345083e+03 |-1.453146e+03 |   8.03%| unknown
  1.8s|     1 |     0 |  1235 |     - |    83M |   0 | 250 |2541 |2553 |  12 |  8 |   0 |   0 |-1.345086e+03 |-1.453146e+03 |   8.03%| unknown
 time | node  | left  |LP iter|LP it/n|mem/heur|mdpt |vars |cons |rows |cuts |sepa|confs|strbr|  dualbound   | primalbound  |  gap   | compl. 
  2.1s|     1 |     0 |  1269 |     - |    83M |   0 | 250 |2541 |2554 |  13 |  9 |   0 |   0 |-1.345093e+03 |-1.453146e+03 |   8.03%| unknown
  2.3s|     1 |     0 |  1290 |     - |    85M |   0 | 250 |2541 |2556 |  15 | 10 |   0 |   0 |-1.345095e+03 |-1.453146e+03 |   8.03%| unknown
  2.4s|     1 |     0 |  1313 |     - |    85M |   0 | 250 |2541 |2557 |  16 | 11 |   0 |   0 |-1.345099e+03 |-1.453146e+03 |   8.03%| unknown
r 2.4s|     1 |     0 |  1446 |     - |intshift|   0 | 250 |2541 |2557 |  16 | 11 |   0 |   0 |-1.345099e+03 |-1.385911e+03 |   3.03%| unknown
d 2.4s|     1 |     0 |  1933 |     - |farkasdi|   0 | 250 |2541 |2557 |   0 | 11 |   0 |   0 |-1.345099e+03 |-1.348400e+03 |   0.25%| unknown
L 2.6s|     1 |     0 |  1933 |     - |    rens|   0 | 250 |2541 |2557 |  16 | 11 |   0 |   0 |-1.345099e+03 |-1.347042e+03 |   0.14%| unknown
  2.6s|     1 |     0 |  1933 |     - |    85M |   0 | 250 |2541 |2557 |  16 | 11 |   0 |   0 |-1.345099e+03 |-1.347042e+03 |   0.14%| unknown
  2.7s|     1 |     0 |  1933 |     - |    85M |   0 | 250 |2541 |1500 |  16 | 11 |   0 |   0 |-1.345099e+03 |-1.347042e+03 |   0.14%| unknown
  2.7s|     1 |     0 |  1949 |     - |    85M |   0 | 250 |2541 |1501 |  17 | 12 |   0 |   0 |-1.345100e+03 |-1.347042e+03 |   0.14%| unknown
  2.7s|     1 |     0 |  1951 |     - |    85M |   0 | 250 |2541 |1503 |  19 | 13 |   0 |   0 |-1.345100e+03 |-1.347042e+03 |   0.14%| unknown
  2.7s|     1 |     0 |  1951 |     - |    85M |   0 | 250 |1394 |1503 |  19 | 13 |   0 |   0 |-1.345100e+03 |-1.347042e+03 |   0.14%| unknown
  2.8s|     1 |     0 |  2009 |     - |    85M |   0 | 250 |1394 |1505 |  21 | 14 |   0 |   0 |-1.345124e+03 |-1.347042e+03 |   0.14%| unknown
  2.8s|     1 |     0 |  2031 |     - |    85M |   0 | 250 |1394 |1507 |  23 | 15 |   0 |   0 |-1.345133e+03 |-1.347042e+03 |   0.14%| unknown
(run 1, node 1) restarting after 66 global fixings of integer variables

(restart) converted 23 cuts from the global cut pool into linear constraints

presolving:
presolving (0 rounds: 0 fast, 0 medium, 0 exhaustive):
 0 deleted vars, 0 deleted constraints, 0 added constraints, 0 tightened bounds, 0 added holes, 0 changed sides, 0 changed coefficients
 0 implications, 0 cliques, 0 implied integral variables (0 bin, 0 int, 0 cont)
presolved problem has 250 variables (190 bin, 0 int, 60 cont) and 1417 constraints
   1417 constraints of type <linear>
Presolving Time: 0.03
transformed 20/23 original solutions to the transformed problem space

 time | node  | left  |LP iter|LP it/n|mem/heur|mdpt |vars |cons |rows |cuts |sepa|confs|strbr|  dualbound   | primalbound  |  gap   | compl. 
  2.9s|     1 |     0 |  3006 |     - |    85M |   0 | 250 |1417 |1417 |   0 |  0 |   0 |   0 |-1.345133e+03 |-1.347042e+03 |   0.14%| unknown
  2.9s|     1 |     0 |  3006 |     - |    85M |   0 | 250 |1417 |1401 |   0 |  0 |   0 |   0 |-1.345133e+03 |-1.347042e+03 |   0.14%| unknown
  3.1s|     1 |     0 |  3019 |     - |    85M |   0 | 250 |1417 |1403 |   2 |  1 |   0 |   0 |-1.345135e+03 |-1.347042e+03 |   0.14%| unknown
  3.2s|     1 |     0 |  3025 |     - |    86M |   0 | 250 |1418 |1405 |   4 |  2 |   1 |   0 |-1.345138e+03 |-1.347042e+03 |   0.14%| unknown
  3.3s|     1 |     0 |  3037 |     - |    86M |   0 | 250 |1418 |1406 |   5 |  3 |   1 |   0 |-1.345139e+03 |-1.347042e+03 |   0.14%| unknown
  3.4s|     1 |     0 |  3057 |     - |    86M |   0 | 250 |1418 |1407 |   6 |  4 |   1 |   0 |-1.345141e+03 |-1.347042e+03 |   0.14%| unknown
  3.6s|     1 |     0 |  3074 |     - |    86M |   0 | 250 |1418 |1409 |   8 |  5 |   1 |   0 |-1.345144e+03 |-1.347042e+03 |   0.14%| unknown
  3.8s|     1 |     0 |  3091 |     - |    86M |   0 | 250 |1418 |1410 |   9 |  6 |   1 |   0 |-1.345146e+03 |-1.347042e+03 |   0.14%| unknown
  3.9s|     1 |     0 |  3119 |     - |    86M |   0 | 250 |1418 |1411 |  10 |  7 |   1 |   0 |-1.345149e+03 |-1.347042e+03 |   0.14%| unknown
  4.0s|     1 |     0 |  3140 |     - |    86M |   0 | 250 |1418 |1412 |  11 |  8 |   1 |   0 |-1.345150e+03 |-1.347042e+03 |   0.14%| unknown
  4.2s|     1 |     0 |  3197 |     - |    87M |   0 | 250 |1418 |1414 |  13 |  9 |   1 |   0 |-1.345163e+03 |-1.347042e+03 |   0.14%| unknown
  4.3s|     1 |     0 |  3237 |     - |    87M |   0 | 250 |1418 |1416 |  15 | 10 |   1 |   0 |-1.345173e+03 |-1.347042e+03 |   0.14%| unknown
  4.5s|     1 |     0 |  3257 |     - |    87M |   0 | 250 |1418 |1408 |  19 | 11 |   1 |   0 |-1.345177e+03 |-1.347042e+03 |   0.14%| unknown
  4.5s|     1 |     0 |  3257 |     - |    87M |   0 | 250 |1402 |1408 |  19 | 11 |   1 |   0 |-1.345177e+03 |-1.347042e+03 |   0.14%| unknown
  4.6s|     1 |     0 |  3280 |     - |    87M |   0 | 250 |1402 |1411 |  22 | 12 |   1 |   0 |-1.345179e+03 |-1.347042e+03 |   0.14%| unknown
 time | node  | left  |LP iter|LP it/n|mem/heur|mdpt |vars |cons |rows |cuts |sepa|confs|strbr|  dualbound   | primalbound  |  gap   | compl. 
  4.7s|     1 |     0 |  3284 |     - |    87M |   0 | 250 |1402 |1412 |  23 | 13 |   1 |   0 |-1.345179e+03 |-1.347042e+03 |   0.14%| unknown
  4.7s|     1 |     0 |  3291 |     - |    87M |   0 | 250 |1402 |1414 |  25 | 14 |   1 |   0 |-1.345180e+03 |-1.347042e+03 |   0.14%| unknown
  4.8s|     1 |     0 |  3320 |     - |    87M |   0 | 250 |1402 |1416 |  27 | 15 |   1 |   0 |-1.345186e+03 |-1.347042e+03 |   0.14%| unknown
  5.1s|     1 |     0 |  3961 |     - |    87M |   0 | 250 |1405 |1416 |  27 | 16 |   4 |   2 |-1.345360e+03 |-1.347042e+03 |   0.13%| unknown
  5.3s|     1 |     0 |  3961 |     - |    87M |   0 | 250 |1405 |1416 |  27 | 17 |   4 |   9 |-1.345571e+03 |-1.347042e+03 |   0.11%| unknown
  5.7s|     1 |     0 |  3961 |     - |    87M |   0 | 250 |1405 |1416 |  27 | 18 |   4 |  26 |-1.345571e+03 |-1.347042e+03 |   0.11%| unknown
  5.8s|     1 |     0 |  4066 |     - |    87M |   0 | 250 |1307 |1416 |  27 | 19 |   5 |  27 |-1.345571e+03 |-1.347042e+03 |   0.11%| unknown
  5.8s|     1 |     0 |  4066 |     - |    87M |   0 | 250 |1307 |1304 |  27 | 19 |   5 |  27 |-1.345571e+03 |-1.347042e+03 |   0.11%| unknown
  5.9s|     1 |     0 |  4079 |     - |    87M |   0 | 250 |1307 |1306 |  29 | 20 |   5 |  27 |-1.345571e+03 |-1.347042e+03 |   0.11%| unknown
  5.9s|     1 |     0 |  4079 |     - |    87M |   0 | 250 |1290 |1306 |  29 | 21 |   5 |  27 |-1.345571e+03 |-1.347042e+03 |   0.11%| unknown
  6.0s|     1 |     0 |  4079 |     - |    87M |   0 | 250 |1290 |1306 |  29 | 22 |   5 |  28 |-1.345796e+03 |-1.347042e+03 |   0.09%| unknown
  6.1s|     1 |     0 |  4170 |     - |    87M |   0 | 250 |1229 |1306 |  29 | 23 |   7 |  30 |-1.345796e+03 |-1.347042e+03 |   0.09%| unknown
  6.1s|     1 |     0 |  4170 |     - |    87M |   0 | 250 |1229 |1134 |  29 | 23 |   7 |  30 |-1.345796e+03 |-1.347042e+03 |   0.09%| unknown
  6.1s|     1 |     0 |  4170 |     - |    87M |   0 | 250 |1091 |1134 |  29 | 24 |   7 |  30 |-1.345796e+03 |-1.347042e+03 |   0.09%| unknown
  6.2s|     1 |     0 |  4170 |     - |    87M |   0 | 250 |1091 |1134 |  29 | 25 |   7 |  31 |-1.345796e+03 |-1.347042e+03 |   0.09%| unknown
 time | node  | left  |LP iter|LP it/n|mem/heur|mdpt |vars |cons |rows |cuts |sepa|confs|strbr|  dualbound   | primalbound  |  gap   | compl. 
  6.2s|     1 |     0 |  4170 |     - |    87M |   0 | 250 |1091 |1134 |  29 | 26 |   7 |  32 |-1.345796e+03 |-1.347042e+03 |   0.09%| unknown
  6.3s|     1 |     0 |  4170 |     - |    87M |   0 | 250 |1091 |1134 |  29 | 27 |   7 |  34 |-1.345796e+03 |-1.347042e+03 |   0.09%| unknown
  6.3s|     1 |     0 |  4170 |     - |    87M |   0 | 250 |1091 |1134 |  29 | 28 |   7 |  35 |-1.345796e+03 |-1.347042e+03 |   0.09%| unknown
  6.4s|     1 |     0 |  4170 |     - |    87M |   0 | 250 |1091 |1134 |  29 | 29 |   7 |  36 |-1.345796e+03 |-1.347042e+03 |   0.09%| unknown
  6.4s|     1 |     0 |  4194 |     - |    87M |   0 | 250 |1047 |1134 |  29 | 30 |   9 |  37 |-1.345796e+03 |-1.347042e+03 |   0.09%| unknown
  6.4s|     1 |     0 |  4194 |     - |    87M |   0 | 250 |1047 |1041 |  29 | 30 |   9 |  37 |-1.345796e+03 |-1.347042e+03 |   0.09%| unknown
  6.4s|     1 |     0 |  4194 |     - |    87M |   0 | 250 |1031 |1041 |  29 | 31 |   9 |  37 |-1.345796e+03 |-1.347042e+03 |   0.09%| unknown
  6.5s|     1 |     0 |  4194 |     - |    87M |   0 | 250 |1031 |1041 |  29 | 32 |   9 |  38 |-1.345796e+03 |-1.347042e+03 |   0.09%| unknown
  6.5s|     1 |     0 |  4197 |     - |    87M |   0 | 250 |1003 |1041 |  29 | 33 |  11 |  39 |-1.345796e+03 |-1.347042e+03 |   0.09%| unknown
  6.5s|     1 |     0 |  4197 |     - |    87M |   0 | 250 |1003 | 999 |  29 | 33 |  11 |  39 |-1.345796e+03 |-1.347042e+03 |   0.09%| unknown
  6.6s|     1 |     0 |  4197 |     - |    87M |   0 | 250 | 975 | 999 |  29 | 34 |  11 |  39 |-1.345796e+03 |-1.347042e+03 |   0.09%| unknown
  6.6s|     1 |     2 |  4197 |     - |    87M |   0 | 250 | 975 | 999 |  29 | 35 |  11 |  39 |-1.345796e+03 |-1.347042e+03 |   0.09%| unknown

SCIP Status        : problem is solved [optimal solution found]
Solving Time (sec) : 6.72
Solving Nodes      : 3 (total of 4 nodes in 2 runs)
Primal Bound       : -1.34704210526316e+03 (46 solutions)
Dual Bound         : -1.34704210526316e+03
Gap                : 0.00 %
