Loading instance...
Median ranking: [1, 15, 16, 18, 10, 13, 11, 8, 6, 4, 3, 20, 2, 7, 21, 12, 9, 17, 14, 19, 5, 22]
Mean ranking: [1, 15, 16, 18, 10, 13, 11, 8, 6, 3, 20, 2, 4, 7, 21, 5, 12, 9, 17, 14, 19, 22]
Actual error: 0.0005076573255144989
Weighted Kendall distance: 67.5
Normalized distance: 0.019057029926595144
ffs, 0 upgd conss, 0 impls, 0 clqs, 0 implints
   (0.0s) symmetry computation started: requiring (bin +, int +, cont +), (fixed: bin -, int -, cont -)
   (0.0s) no symmetry present (symcode time: 0.00)
presolving (2 rounds: 2 fast, 2 medium, 1 exhaustive):
 0 deleted vars, 3080 deleted constraints, 1540 added constraints, 0 tightened bounds, 0 added holes, 0 changed sides, 0 changed coefficients
 0 implications, 0 cliques, 0 implied integral variables (0 bin, 0 int, 0 cont)
presolved problem has 231 variables (0 bin, 0 int, 231 cont) and 1540 constraints
   1540 constraints of type <linear>
Presolving Time: 0.02
transformed 3/3 original solutions to the transformed problem space

 time | node  | left  |LP iter|LP it/n|mem/heur|mdpt |vars |cons |rows |cuts |sepa|confs|strbr|  dualbound   | primalbound  |  gap   | compl. 
* 0.0s|     1 |     0 |    86 |     - |    LP  |   0 | 231 |1540 |1540 |   0 |  0 |   0 |   0 | 9.080000e+02 | 9.080000e+02 |   0.00%| unknown
  0.0s|     1 |     0 |    86 |     - |  9815k |   0 | 231 |1540 |1540 |   0 |  0 |   0 |   0 | 9.080000e+02 | 9.080000e+02 |   0.00%| unknown

SCIP Status        : problem is solved [optimal solution found]
Solving Time (sec) : 0.02
Solving Nodes      : 1
Primal Bound       : +9.08000000000000e+02 (4 solutions)
Dual Bound         : +9.08000000000000e+02
Gap                : 0.00 %
feasible solution found by trivial heuristic after 0.0 seconds, objective value 3.080000e+02
presolving:
   (0.0s) running MILP presolver
   (0.0s) MILP presolver (2 rounds): 0 aggregations, 0 fixings, 0 bound changes
(round 1, medium)     0 del vars, 3080 del conss, 1540 add conss, 0 chg bounds, 0 chg sides, 0 chg coeffs, 0 upgd conss, 0 impls, 0 clqs, 0 implints
   (0.0s) probing: 51/231 (22.1%) - 0 fixings, 0 aggregations, 0 implications, 0 bound changes
   (0.0s) probing aborted: 50/50 successive totally useless probings
   (0.0s) symmetry computation started: requiring (bin +, int +, cont +), (fixed: bin -, int -, cont -)
   (0.0s) no symmetry present (symcode time: 0.00)
presolving (2 rounds: 2 fast, 2 medium, 1 exhaustive):
 0 deleted vars, 3080 deleted constraints, 1540 added constraints, 0 tightened bounds, 0 added holes, 0 changed sides, 0 changed coefficients
 0 implications, 0 cliques, 0 implied integral variables (0 bin, 0 int, 0 cont)
presolved problem has 231 variables (231 bin, 0 int, 0 cont) and 1540 constraints
   1540 constraints of type <linear>
transformed objective value is always integral (scale: 2)
Presolving Time: 0.02
transformed 2/2 original solutions to the transformed problem space

 time | node  | left  |LP iter|LP it/n|mem/heur|mdpt |vars |cons |rows |cuts |sepa|confs|strbr|  dualbound   | primalbound  |  gap   | compl. 
p 0.0s|     1 |     0 |     0 |     - |   locks|   0 | 231 |1540 |1540 |   0 |  0 |   0 |   0 | 1.000000e+03 | 6.560000e+02 |  52.44%| unknown
i 0.0s|     1 |     0 |     0 |     - |  oneopt|   0 | 231 |1540 |1540 |   0 |  0 |   0 |   0 | 1.000000e+03 | 7.540000e+02 |  32.63%| unknown
* 0.0s|     1 |     0 |    74 |     - |    LP  |   0 | 231 |1540 |1540 |   0 |  0 |   0 |   0 | 9.080000e+02 | 9.080000e+02 |   0.00%| unknown
  0.0s|     1 |     0 |    74 |     - |  9985k |   0 | 231 |1540 |1540 |   0 |  0 |   0 |   0 | 9.080000e+02 | 9.080000e+02 |   0.00%| unknown

SCIP Status        : problem is solved [optimal solution found]
Solving Time (sec) : 0.02
Solving Nodes      : 1
Primal Bound       : +9.08000000000000e+02 (5 solutions)
Dual Bound         : +9.08000000000000e+02
Gap                : 0.00 %
feasible solution found by trivial heuristic after 0.6 seconds, objective value -9.999692e+06
presolving:
(round 1, fast)       0 del vars, 0 del conss, 0 add conss, 200 chg bounds, 0 chg sides, 0 chg coeffs, 0 upgd conss, 0 impls, 0 clqs, 0 implints
   (4.9s) running MILP presolver
   (5.4s) MILP presolver (2 rounds): 0 aggregations, 0 fixings, 0 bound changes
(round 2, exhaustive) 0 del vars, 1540 del conss, 0 add conss, 200 chg bounds, 0 chg sides, 0 chg coeffs, 0 upgd conss, 0 impls, 0 clqs, 0 implints
   (10.6s) symmetry computation started: requiring (bin +, int +, cont +), (fixed: bin -, int -, cont -)
   (12.0s) no symmetry present (symcode time: 0.06)
presolving (3 rounds: 3 fast, 2 medium, 2 exhaustive):
 0 deleted vars, 1540 deleted constraints, 0 added constraints, 200 tightened bounds, 0 added holes, 0 changed sides, 0 changed coefficients
 0 implications, 0 cliques, 0 implied integral variables (0 bin, 0 int, 0 cont)
presolved problem has 331 variables (0 bin, 0 int, 331 cont) and 24640 constraints
  24640 constraints of type <linear>
Presolving Time: 11.76

 time | node  | left  |LP iter|LP it/n|mem/heur|mdpt |vars |cons |rows |cuts |sepa|confs|strbr|  dualbound   | primalbound  |  gap   | compl. 
t12.3s|     1 |     0 |     0 |     - | trivial|   0 | 331 |  24k|   0 |   0 |  0 |   0 |   0 | 1.000000e+03 |-1.124200e+04 |    Inf | unknown
*19.6s|     1 |     0 |  2289 |     - |    LP  |   0 | 331 |  24k|  24k|   0 |  0 |   0 |   0 |-2.418722e+03 |-2.418722e+03 |   0.00%| unknown
 19.6s|     1 |     0 |  2289 |     - |  2453M |   0 | 331 |  24k|  24k|   0 |  0 |   0 |   0 |-2.418722e+03 |-2.418722e+03 |   0.00%| unknown

SCIP Status        : problem is solved [optimal solution found]
Solving Time (sec) : 19.58
Solving Nodes      : 1
Primal Bound       : -2.41872235206045e+03 (3 solutions)
Dual Bound         : -2.41872235206045e+03
Gap                : 0.00 %
feasible solution found by trivial heuristic after 0.3 seconds, objective value -9.999692e+06
presolving:
(round 1, fast)       0 del vars, 0 del conss, 0 add conss, 200 chg bounds, 0 chg sides, 0 chg coeffs, 0 upgd conss, 0 impls, 0 clqs, 0 implints
   (3.2s) running MILP presolver
   (4.4s) MILP presolver (2 rounds): 0 aggregations, 0 fixings, 0 bound changes
(round 2, exhaustive) 0 del vars, 1540 del conss, 0 add conss, 200 chg bounds, 0 chg sides, 0 chg coeffs, 0 upgd conss, 0 impls, 0 clqs, 0 implints
   (10.8s) probing: 51/231 (22.1%) - 0 fixings, 0 aggregations, 0 implications, 0 bound changes
   (10.8s) probing aborted: 50/50 successive totally useless probings
   (11.1s) symmetry computation started: requiring (bin +, int +, cont +), (fixed: bin -, int -, cont -)
   (12.2s) no symmetry present (symcode time: 0.06)
presolving (3 rounds: 3 fast, 2 medium, 2 exhaustive):
 0 deleted vars, 1540 deleted constraints, 0 added constraints, 200 tightened bounds, 0 added holes, 0 changed sides, 0 changed coefficients
 0 implications, 0 cliques, 0 implied integral variables (0 bin, 0 int, 0 cont)
presolved problem has 331 variables (231 bin, 0 int, 100 cont) and 24640 constraints
  24640 constraints of type <linear>
Presolving Time: 12.21

 time | node  | left  |LP iter|LP it/n|mem/heur|mdpt |vars |cons |rows |cuts |sepa|confs|strbr|  dualbound   | primalbound  |  gap   | compl. 
t12.5s|     1 |     0 |     0 |     - | trivial|   0 | 331 |  24k|   0 |   0 |  0 |   0 |   0 | 1.000000e+03 |-1.124200e+04 |    Inf | unknown
p15.5s|     1 |     0 |    99 |     - |   locks|   0 | 331 |  24k|  24k|   0 |  0 |   0 |   0 | 1.000000e+03 |-3.116563e+03 |    Inf | unknown
 22.2s|     1 |     0 |  2388 |     - |  2457M |   0 | 331 |  24k|  24k|   0 |  0 |   0 |   0 |-2.418722e+03 |-3.116563e+03 |  28.85%| unknown
r24.0s|     1 |     0 |  2388 |     - |shifting|   0 | 331 |  24k|  24k|   0 |  0 |   0 |   0 |-2.418722e+03 |-2.807584e+03 |  16.08%| unknown
 24.5s|     1 |     0 |  2404 |     - |  2461M |   0 | 331 |  24k|  24k|   1 |  1 |   0 |   0 |-2.418725e+03 |-2.807584e+03 |  16.08%| unknown
 26.5s|     1 |     0 |  2417 |     - |  2463M |   0 | 331 |  24k|  24k|   2 |  2 |   0 |   0 |-2.418726e+03 |-2.807584e+03 |  16.08%| unknown
 29.1s|     1 |     0 |  2502 |     - |  2467M |   0 | 331 |  24k|  24k|   5 |  3 |   0 |   0 |-2.418746e+03 |-2.807584e+03 |  16.08%| unknown
r31.0s|     1 |     0 |  2502 |     - |shifting|   0 | 331 |  24k|  24k|   5 |  3 |   0 |   0 |-2.418746e+03 |-2.716176e+03 |  12.30%| unknown
 31.4s|     1 |     0 |  2562 |     - |  2470M |   0 | 331 |  24k|  24k|   8 |  4 |   0 |   0 |-2.418759e+03 |-2.716176e+03 |  12.30%| unknown
 33.9s|     1 |     0 |  2593 |     - |  2473M |   0 | 331 |  24k|  24k|  11 |  5 |   0 |   0 |-2.418765e+03 |-2.716176e+03 |  12.30%| unknown
 36.0s|     1 |     0 |  2607 |     - |  2476M |   0 | 331 |  24k|  24k|  13 |  6 |   0 |   0 |-2.418770e+03 |-2.716176e+03 |  12.30%| unknown
 38.3s|     1 |     0 |  2646 |     - |  2480M |   0 | 331 |  24k|  24k|  14 |  7 |   0 |   0 |-2.418776e+03 |-2.716176e+03 |  12.30%| unknown
 40.7s|     1 |     0 |  2732 |     - |  2482M |   0 | 331 |  24k|  24k|  18 |  8 |   0 |   0 |-2.418781e+03 |-2.716176e+03 |  12.30%| unknown
 42.6s|     1 |     0 |  2769 |     - |  2485M |   0 | 331 |  24k|  24k|  19 |  9 |   1 |   0 |-2.418784e+03 |-2.716176e+03 |  12.30%| unknown
 44.8s|     1 |     0 |  2811 |     - |  2489M |   0 | 331 |  24k|  24k|  21 | 10 |   1 |   0 |-2.418786e+03 |-2.716176e+03 |  12.30%| unknown
 time | node  | left  |LP iter|LP it/n|mem/heur|mdpt |vars |cons |rows |cuts |sepa|confs|strbr|  dualbound   | primalbound  |  gap   | compl. 
 47.1s|     1 |     0 |  2891 |     - |  2491M |   0 | 331 |  24k|  24k|  24 | 11 |   1 |   0 |-2.418790e+03 |-2.716176e+03 |  12.29%| unknown
r49.7s|     1 |     0 |  3120 |     - |intshift|   0 | 331 |  24k|  24k|  24 | 11 |   1 |   0 |-2.418790e+03 |-2.476649e+03 |   2.39%| unknown
d58.9s|     1 |     0 |  5912 |     - |farkasdi|   0 | 331 |  24k|  24k|   0 | 11 |   1 |   0 |-2.418790e+03 |-2.431229e+03 |   0.51%| unknown
L 106s|     1 |     0 |  8487 |     - |    rens|   0 | 331 |  24k|  24k|  24 | 11 |   1 |   0 |-2.418790e+03 |-2.425160e+03 |   0.26%| unknown
  107s|     1 |     0 |  8487 |     - |  2564M |   0 | 331 |  24k|  24k|  24 | 11 |   1 |   0 |-2.418790e+03 |-2.425160e+03 |   0.26%| unknown
  109s|     1 |     0 |  8487 |     - |  2564M |   0 | 331 |  24k|  24k|  24 | 11 |   1 |   0 |-2.418790e+03 |-2.425160e+03 |   0.26%| unknown
  109s|     1 |     0 |  8570 |     - |  2567M |   0 | 331 |  24k|  24k|  26 | 12 |   1 |   0 |-2.418802e+03 |-2.425160e+03 |   0.26%| unknown
  111s|     1 |     0 |  8611 |     - |  2567M |   0 | 331 |  24k|  24k|  29 | 13 |   1 |   0 |-2.418806e+03 |-2.425160e+03 |   0.26%| unknown
  113s|     1 |     0 |  8611 |     - |  2567M |   0 | 331 |  24k|  24k|  29 | 13 |   1 |   0 |-2.418806e+03 |-2.425160e+03 |   0.26%| unknown
  114s|     1 |     0 |  8702 |     - |  2569M |   0 | 331 |  24k|  24k|  33 | 14 |   1 |   0 |-2.418819e+03 |-2.425160e+03 |   0.26%| unknown
  116s|     1 |     0 |  8754 |     - |  2569M |   0 | 331 |  24k|  24k|  36 | 15 |   1 |   0 |-2.418822e+03 |-2.425160e+03 |   0.26%| unknown
(run 1, node 1) restarting after 15 global fixings of integer variables

(restart) converted 36 cuts from the global cut pool into linear constraints

presolving:
(round 1, fast)       15 del vars, 0 del conss, 0 add conss, 0 chg bounds, 235 chg sides, 0 chg coeffs, 0 upgd conss, 0 impls, 235 clqs, 0 implints
(round 2, fast)       15 del vars, 0 del conss, 0 add conss, 52 chg bounds, 235 chg sides, 0 chg coeffs, 0 upgd conss, 0 impls, 235 clqs, 0 implints
(round 3, exhaustive) 15 del vars, 0 del conss, 0 add conss, 52 chg bounds, 235 chg sides, 0 chg coeffs, 235 upgd conss, 0 impls, 235 clqs, 0 implints
presolving (4 rounds: 4 fast, 2 medium, 2 exhaustive):
 15 deleted vars, 0 deleted constraints, 0 added constraints, 52 tightened bounds, 0 added holes, 235 changed sides, 0 changed coefficients
 0 implications, 235 cliques, 0 implied integral variables (0 bin, 0 int, 0 cont)
presolved problem has 316 variables (216 bin, 0 int, 100 cont) and 24645 constraints
    235 constraints of type <setppc>
  24409 constraints of type <linear>
      1 constraints of type <logicor>
Presolving Time: 17.42
transformed 17/23 original solutions to the transformed problem space

 time | node  | left  |LP iter|LP it/n|mem/heur|mdpt |vars |cons |rows |cuts |sepa|confs|strbr|  dualbound   | primalbound  |  gap   | compl. 
  143s|     1 |     0 | 11219 |     - |  2829M |   0 | 316 |  24k|  24k|   0 |  0 |   5 |   0 |-2.418822e+03 |-2.425160e+03 |   0.26%| unknown
  145s|     1 |     0 | 11219 |     - |  2829M |   0 | 316 |  24k|  24k|   0 |  0 |   5 |   0 |-2.418822e+03 |-2.425160e+03 |   0.26%| unknown
  145s|     1 |     0 | 11235 |     - |  2831M |   0 | 316 |  24k|  24k|   1 |  1 |   5 |   0 |-2.418822e+03 |-2.425160e+03 |   0.26%| unknown
  148s|     1 |     0 | 11342 |     - |  2834M |   0 | 316 |  24k|  24k|   3 |  2 |   5 |   0 |-2.418840e+03 |-2.425160e+03 |   0.26%| unknown
  149s|     1 |     0 | 11381 |     - |  2836M |   0 | 316 |  24k|  24k|   5 |  3 |   6 |   0 |-2.418844e+03 |-2.425160e+03 |   0.26%| unknown
  152s|     1 |     0 | 11431 |     - |  2839M |   0 | 316 |  24k|  24k|   8 |  4 |   6 |   0 |-2.418846e+03 |-2.425160e+03 |   0.26%| unknown
  154s|     1 |     0 | 11499 |     - |  2842M |   0 | 316 |  24k|  24k|  11 |  5 |   6 |   0 |-2.418849e+03 |-2.425160e+03 |   0.26%| unknown
  157s|     1 |     0 | 11597 |     - |  2844M |   0 | 316 |  24k|  24k|  13 |  6 |   6 |   0 |-2.418855e+03 |-2.425160e+03 |   0.26%| unknown
  159s|     1 |     0 | 11671 |     - |  2847M |   0 | 316 |  24k|  24k|  15 |  7 |   6 |   0 |-2.418863e+03 |-2.425160e+03 |   0.26%| unknown
  162s|     1 |     0 | 11762 |     - |  2850M |   0 | 316 |  24k|  24k|  18 |  8 |   6 |   0 |-2.418869e+03 |-2.425160e+03 |   0.26%| unknown
  164s|     1 |     0 | 11877 |     - |  2853M |   0 | 316 |  24k|  24k|  24 |  9 |   6 |   0 |-2.418881e+03 |-2.425160e+03 |   0.26%| unknown
  166s|     1 |     0 | 11917 |     - |  2853M |   0 | 316 |  24k|  24k|  27 | 10 |   6 |   0 |-2.418884e+03 |-2.425160e+03 |   0.26%| unknown
  169s|     1 |     0 | 11975 |     - |  2856M |   0 | 316 |  24k|  24k|  30 | 11 |   6 |   0 |-2.418889e+03 |-2.425160e+03 |   0.26%| unknown
  170s|     1 |     0 | 11975 |     - |  2856M |   0 | 316 |  24k|  24k|  30 | 11 |   7 |   0 |-2.418889e+03 |-2.425160e+03 |   0.26%| unknown
  171s|     1 |     0 | 12008 |     - |  2859M |   0 | 316 |  24k|  24k|  32 | 12 |   7 |   0 |-2.418890e+03 |-2.425160e+03 |   0.26%| unknown
 time | node  | left  |LP iter|LP it/n|mem/heur|mdpt |vars |cons |rows |cuts |sepa|confs|strbr|  dualbound   | primalbound  |  gap   | compl. 
  173s|     1 |     0 | 12036 |     - |  2859M |   0 | 316 |  24k|  24k|  34 | 13 |   7 |   0 |-2.418891e+03 |-2.425160e+03 |   0.26%| unknown
  175s|     1 |     0 | 12152 |     - |  2861M |   0 | 316 |  24k|  24k|  36 | 14 |   7 |   0 |-2.418899e+03 |-2.425160e+03 |   0.26%| unknown
  178s|     1 |     0 | 12266 |     - |  2864M |   0 | 316 |  24k|  24k|  40 | 15 |   7 |   0 |-2.418908e+03 |-2.425160e+03 |   0.26%| unknown
  180s|     1 |     0 | 12286 |     - |  2864M |   0 | 316 |  24k|  24k|  42 | 16 |   7 |   0 |-2.418909e+03 |-2.425160e+03 |   0.26%| unknown
  181s|     1 |     0 | 12299 |     - |  2864M |   0 | 316 |  24k|  24k|  43 | 17 |   8 |   0 |-2.418910e+03 |-2.425160e+03 |   0.26%| unknown
  183s|     1 |     0 | 12326 |     - |  2864M |   0 | 316 |  24k|  24k|  44 | 18 |   8 |   0 |-2.418911e+03 |-2.425160e+03 |   0.26%| unknown
  229s|     1 |     0 | 13822 |     - |  2867M |   0 | 316 |  24k|  24k|  44 | 19 |  10 |   1 |-2.420215e+03 |-2.425160e+03 |   0.20%| unknown
  234s|     1 |     0 | 13822 |     - |  2867M |   0 | 316 |  24k|  24k|  44 | 20 |  10 |   2 |-2.420215e+03 |-2.425160e+03 |   0.20%| unknown
  238s|     1 |     0 | 13822 |     - |  2867M |   0 | 316 |  24k|  24k|  44 | 21 |  10 |   3 |-2.420270e+03 |-2.425160e+03 |   0.20%| unknown
  245s|     1 |     0 | 13822 |     - |  2867M |   0 | 316 |  24k|  24k|  44 | 22 |  10 |   5 |-2.420419e+03 |-2.425160e+03 |   0.20%| unknown
  254s|     1 |     0 | 13822 |     - |  2867M |   0 | 316 |  24k|  24k|  44 | 23 |  10 |   8 |-2.420419e+03 |-2.425160e+03 |   0.20%| unknown
  271s|     1 |     0 | 13822 |     - |  2867M |   0 | 316 |  24k|  24k|  44 | 24 |  10 |  13 |-2.420605e+03 |-2.425160e+03 |   0.19%| unknown
  292s|     1 |     0 | 13822 |     - |  2867M |   0 | 316 |  24k|  24k|  44 | 25 |  10 |  19 |-2.420762e+03 |-2.425160e+03 |   0.18%| unknown
  343s|     1 |     0 | 13822 |     - |  2867M |   0 | 316 |  24k|  24k|  44 | 26 |  10 |  36 |-2.420762e+03 |-2.425160e+03 |   0.18%| unknown
  347s|     1 |     0 | 13822 |     - |  2867M |   0 | 316 |  24k|  24k|  44 | 27 |  10 |  37 |-2.420762e+03 |-2.425160e+03 |   0.18%| unknown
 time | node  | left  |LP iter|LP it/n|mem/heur|mdpt |vars |cons |rows |cuts |sepa|confs|strbr|  dualbound   | primalbound  |  gap   | compl. 
  376s|     1 |     0 | 14470 |     - |  2868M |   0 | 316 |  24k|  24k|  44 | 28 |  14 |  48 |-2.420762e+03 |-2.425160e+03 |   0.18%| unknown
  378s|     1 |     0 | 14470 |     - |  2868M |   0 | 316 |  24k|  24k|  44 | 28 |  15 |  48 |-2.420762e+03 |-2.425160e+03 |   0.18%| unknown
  378s|     1 |     0 | 14470 |     - |  2868M |   0 | 316 |  24k|  24k|  44 | 29 |  15 |  48 |-2.420762e+03 |-2.425160e+03 |   0.18%| unknown
  381s|     1 |     0 | 14470 |     - |  2868M |   0 | 316 |  24k|  24k|  44 | 30 |  15 |  49 |-2.421005e+03 |-2.425160e+03 |   0.17%| unknown
  385s|     1 |     0 | 14470 |     - |  2868M |   0 | 316 |  24k|  24k|  44 | 31 |  15 |  51 |-2.421005e+03 |-2.425160e+03 |   0.17%| unknown
  388s|     1 |     0 | 14470 |     - |  2868M |   0 | 316 |  24k|  24k|  44 | 32 |  15 |  52 |-2.421005e+03 |-2.425160e+03 |   0.17%| unknown
  390s|     1 |     0 | 14470 |     - |  2868M |   0 | 316 |  24k|  24k|  44 | 33 |  15 |  53 |-2.421005e+03 |-2.425160e+03 |   0.17%| unknown
  395s|     1 |     0 | 14689 |     - |  2868M |   0 | 316 |  24k|  24k|  44 | 34 |  19 |  56 |-2.421005e+03 |-2.425160e+03 |   0.17%| unknown
  396s|     1 |     0 | 14689 |     - |  2868M |   0 | 316 |  24k|  24k|  44 | 34 |  21 |  56 |-2.421005e+03 |-2.425160e+03 |   0.17%| unknown
  396s|     1 |     0 | 14689 |     - |  2868M |   0 | 316 |  24k|  24k|  44 | 35 |  21 |  56 |-2.421005e+03 |-2.425160e+03 |   0.17%| unknown
  398s|     1 |     0 | 14689 |     - |  2868M |   0 | 316 |  24k|  24k|  44 | 36 |  21 |  57 |-2.421005e+03 |-2.425160e+03 |   0.17%| unknown
  400s|     1 |     0 | 14689 |     - |  2868M |   0 | 316 |  24k|  24k|  44 | 37 |  21 |  58 |-2.421005e+03 |-2.425160e+03 |   0.17%| unknown
  402s|     1 |     0 | 14689 |     - |  2868M |   0 | 316 |  24k|  24k|  44 | 38 |  21 |  59 |-2.421005e+03 |-2.425160e+03 |   0.17%| unknown
  404s|     1 |     0 | 14689 |     - |  2868M |   0 | 316 |  24k|  24k|  44 | 39 |  21 |  60 |-2.421005e+03 |-2.425160e+03 |   0.17%| unknown
  405s|     1 |     0 | 14689 |     - |  2868M |   0 | 316 |  24k|  24k|  44 | 40 |  21 |  61 |-2.421005e+03 |-2.425160e+03 |   0.17%| unknown
 time | node  | left  |LP iter|LP it/n|mem/heur|mdpt |vars |cons |rows |cuts |sepa|confs|strbr|  dualbound   | primalbound  |  gap   | compl. 
  408s|     1 |     0 | 14689 |     - |  2868M |   0 | 316 |  24k|  24k|  44 | 41 |  21 |  62 |-2.421364e+03 |-2.425160e+03 |   0.16%| unknown
  410s|     1 |     0 | 14731 |     - |  2868M |   0 | 316 |  24k|  24k|  44 | 42 |  23 |  64 |-2.421364e+03 |-2.425160e+03 |   0.16%| unknown
  413s|     1 |     0 | 14767 |     - |  2868M |   0 | 316 |  24k|  24k|  44 | 43 |  25 |  65 |-2.421364e+03 |-2.425160e+03 |   0.16%| unknown
  415s|     1 |     0 | 14767 |     - |  2869M |   0 | 316 |  24k|  24k|  44 | 43 |  25 |  65 |-2.421364e+03 |-2.425160e+03 |   0.16%| unknown
  415s|     1 |     0 | 14767 |     - |  2869M |   0 | 316 |  24k|  24k|  44 | 44 |  25 |  65 |-2.421364e+03 |-2.425160e+03 |   0.16%| unknown
  417s|     1 |     0 | 14767 |     - |  2869M |   0 | 316 |  24k|  24k|  44 | 45 |  25 |  66 |-2.421364e+03 |-2.425160e+03 |   0.16%| unknown
  418s|     1 |     0 | 14767 |     - |  2869M |   0 | 316 |  24k|  24k|  44 | 46 |  25 |  67 |-2.421364e+03 |-2.425160e+03 |   0.16%| unknown
  420s|     1 |     0 | 14767 |     - |  2869M |   0 | 316 |  24k|  24k|  44 | 47 |  25 |  68 |-2.421364e+03 |-2.425160e+03 |   0.16%| unknown
  421s|     1 |     0 | 14767 |     - |  2869M |   0 | 316 |  24k|  24k|  44 | 48 |  25 |  69 |-2.421364e+03 |-2.425160e+03 |   0.16%| unknown
  423s|     1 |     0 | 14767 |     - |  2869M |   0 | 316 |  24k|  24k|  44 | 49 |  25 |  70 |-2.421364e+03 |-2.425160e+03 |   0.16%| unknown
  424s|     1 |     0 | 14798 |     - |  2869M |   0 | 316 |  24k|  24k|  44 | 50 |  27 |  71 |-2.421364e+03 |-2.425160e+03 |   0.16%| unknown
  425s|     1 |     2 | 14798 |     - |  2869M |   0 | 316 |  24k|  24k|  44 | 51 |  28 |  71 |-2.421364e+03 |-2.425160e+03 |   0.16%| unknown

SCIP Status        : problem is solved [optimal solution found]
Solving Time (sec) : 449.99
Solving Nodes      : 3 (total of 4 nodes in 2 runs)
Primal Bound       : -2.42516017316017e+03 (48 solutions)
Dual Bound         : -2.42516017316017e+03
Gap                : 0.00 %
feasible solution found by trivial heuristic after 0.0 seconds, objective value 0.000000e+00
presolving:
   (0.0s) symmetry computation started: requiring (bin +, int +, cont +), (fixed: bin -, int -, cont -)
   (0.0s) symmetry computation finished: 99 generators found (max: 1500, log10 of symmetry group size: 157.97) (symcode time: 0.00)
dynamic symmetry handling statistics:
   orbitopal reduction:       no components
   orbital reduction:         no components
   lexicographic reduction:   no permutations
handled 1 out of 1 symmetry components
presolving (0 rounds: 0 fast, 0 medium, 0 exhaustive):
 0 deleted vars, 0 deleted constraints, 0 added constraints, 0 tightened bounds, 0 added holes, 0 changed sides, 0 changed coefficients
 0 implications, 0 cliques, 0 implied integral variables (0 bin, 0 int, 0 cont)
presolved problem has 331 variables (231 bin, 0 int, 100 cont) and 3179 constraints
   3179 constraints of type <linear>
Presolving Time: 0.00
transformed 2/2 original solutions to the transformed problem space

 time | node  | left  |LP iter|LP it/n|mem/heur|mdpt |vars |cons |rows |cuts |sepa|confs|strbr|  dualbound   | primalbound  |  gap   | compl. 
t 0.0s|     1 |     0 |     0 |     - | trivial|   0 | 331 |3080 |   0 |   0 |  0 |   0 |   0 | 1.000000e+03 | 3.080000e+02 | 224.68%| unknown
p 0.0s|     1 |     0 |     0 |     - |   locks|   0 | 331 |3080 |3080 |   0 |  0 |   0 |   0 | 1.000000e+03 | 3.360000e+02 | 197.62%| unknown
i 0.0s|     1 |     0 |     0 |     - |  oneopt|   0 | 331 |3080 |3080 |   0 |  0 |   0 |   0 | 1.000000e+03 | 6.820000e+02 |  46.63%| unknown
* 0.0s|     1 |     0 |    74 |     - |    LP  |   0 | 331 |3080 |3080 |   0 |  0 |   0 |   0 | 9.080000e+02 | 9.080000e+02 |   0.00%| unknown
  0.0s|     1 |     0 |    74 |     - |    14M |   0 | 331 |3080 |3080 |   0 |  0 |   0 |   0 | 9.080000e+02 | 9.080000e+02 |   0.00%| unknown

SCIP Status        : problem is solved [optimal solution found]
Solving Time (sec) : 0.01
Solving Nodes      : 1
Primal Bound       : +9.08000000000000e+02 (6 solutions)
Dual Bound         : +9.08000000000000e+02
Gap                : 0.00 %
  [linear] <c3081>: <x232>[C] (+0) -0.543290043<x1>[B] (+1) +0.543290043<x2>[B] (+1) -0.543290043<x3>[B] (+1) +0.543290043<x4>[B] (+1) +0.543290043<x5>[B] (+1) +0.543290043<x6>[B] (+1) +0.543290043<x7>[B] (+1) -0.543290043<x8>[B] (+1) +0.543290043<x9>[B] (+1) +0.543290043<x10>[B] (+1) -0.543290043<x11>[B] (+1) -0.543290043<x12>[B] (+1) -0.543290043<x13>[B] (+1) +0.543290043<x14>[B] (+1) +0.543290043<x15>[B] (+1) -0.543290043<x16>[B] (+1) +0.543290043<x17>[B] (+1) -0.543290043<x18>[B] (+1) +0.543290043<x19>[B] (+1) +0.543290043<x20>[B] (+1) +0.543290043<x21>[B] (+1) +0.543290043<x22>[B] (+0) +0.543290043<x23>[B] (+0) +0.543290043<x24>[B] (+1) +0.543290043<x25>[B] (+0) +0.543290043<x26>[B] (+1) +0.543290043<x27>[B] (+0) +0.543290043<x28>[B] (+1) +0.543290043<x29>[B] (+0) +0.543290043<x30>[B] (+0) -0.543290043<x31>[B] (+1) +0.543290043<x32>[B] (+0) -0.543290043<x33>[B] (+1) +0.543290043<x34>[B] (+0) +0.543290043<x35>[B] (+0) +0.543290043<x36>[B] (+1) +0.543290043<x37>[B] (+0) -0.543290043<x38>[B] (+1) +0.543290043<x39>[B] (+0) +0.543290043<x40>[B] (+1) +0.543290043<x41>[B] (+1) -0.543290043<x42>[B] (+0) +0.543290043<x43>[B] (+1) -0.543290043<x44>[B] (+0) -0.543290043<x45>[B] (+1) -0.543290043<x46>[B] (+0) -0.543290043<x47>[B] (+1) +0.543290043<x48>[B] (+0) -0.543290043<x49>[B] (+0) -0.543290043<x50>[B] (+1) -0.543290043<x51>[B] (+0) -0.543290043<x52>[B] (+1) -0.543290043<x53>[B] (+0) -0.543290043<x54>[B] (+0) -0.543290043<x55>[B] (+1) -0.543290043<x56>[B] (+0) -0.543290043<x57>[B] (+1) -0.543290043<x58>[B] (+1) +0.543290043<x59>[B] (+1) -0.543290043<x60>[B] (+1) +0.543290043<x61>[B] (+1) +0.543290043<x62>[B] (+0) +0.543290043<x63>[B] (+1) +0.543290043<x64>[B] (+0) +0.543290043<x65>[B] (+1) +0.543290043<x66>[B] (+0) +0.543290043<x67>[B] (+0) -0.543290043<x68>[B] (+1) +0.543290043<x69>[B] (+0) -0.543290043<x70>[B] (+1) +0.543290043<x71>[B] (+0) +0.543290043<x72>[B] (+0) +0.543290043<x73>[B] (+1) +0.543290043<x74>[B] (+0) -0.543290043<x75>[B] (+1) +0.543290043<x76>[B] (+1) +0.543290043<x77>[B] (+1) +0.543290043<x78>[B] (+1) -0.543290043<x79>[B] (+0) -0.543290043<x80>[B] (+0) -0.543290043<x81>[B] (+0) -0.543290043<x82>[B] (+0) +0.543290043<x83>[B] (+0) -0.543290043<x84>[B] (+0) -0.543290043<x85>[B] (+0) -0.543290043<x86>[B] (+0) -0.543290043<x87>[B] (+0) -0.543290043<x88>[B] (+0) -0.543290043<x89>[B] (+0) -0.543290043<x90>[B] (+0) -0.543290043<x91>[B] (+0) -0.543290043<x92>[B] (+0) -0.543290043<x93>[B] (+0) +0.543290043<x94>[B] (+0) -0.543290043<x95>[B] (+1) -0.543290043<x96>[B] (+1) -0.543290043<x97>[B] (+0) -0.543290043<x98>[B] (+1) +0.543290043<x99>[B] (+0) -0.543290043<x100>[B] (+0) -0.543290043<x101>[B] (+1) -0.543290043<x102>[B] (+0) -0.543290043<x103>[B] (+1) -0.543290043<x104>[B] (+0) -0.543290043<x105>[B] (+0) -0.543290043<x106>[B] (+1) -0.543290043<x107>[B] (+0) -0.543290043<x108>[B] (+1) -0.543290043<x109>[B] (+1) +0.543290043<x110>[B] (+1) +0.543290043<x111>[B] (+1) -0.543290043<x112>[B] (+0) -0.543290043<x113>[B] (+1) +0.543290043<x114>[B] (+0) -0.543290043<x115>[B] (+0) -0.543290043<x116>[B] (+1) -0.543290043<x117>[B] (+0) -0.543290043<x118>[B] (+1) -0.543290043<x119>[B] (+0) -0.543290043<x120>[B] (+0) -0.543290043<x121>[B] (+1) -0.543290043<x122>[B] (+0) -0.543290043<x123>[B] (+1) +0.543290043<x124>[B] (+0) +0.543290043<x125>[B] (+1) +0.543290043<x126>[B] (+1) -0.543290043<x127>[B] (+1) +0.543290043<x128>[B] (+0) +0.543290043<x129>[B] (+0) -0.543290043<x130>[B] (+1) -0.543290043<x131>[B] (+0) -0.543290043<x132>[B] (+1) +0.543290043<x133>[B] (+0) +0.543290043<x134>[B] (+0) -0.543290043<x135>[B] (+1) +0.543290043<x136>[B] (+0) -0.543290043<x137>[B] (+1) +0.543290043<x138>[B] (+1) +0.543290043<x139>[B] (+1) +0.543290043<x140>[B] (+1) +0.543290043<x141>[B] (+0) +0.543290043<x142>[B] (+0) -0.543290043<x143>[B] (+0) +0.543290043<x144>[B] (+0) -0.543290043<x145>[B] (+1) +0.543290043<x146>[B] (+0) +0.543290043<x147>[B] (+0) +0.543290043<x148>[B] (+1) +0.543290043<x149>[B] (+0) -0.543290043<x150>[B] (+1) +0.543290043<x151>[B] (+0) +0.543290043<x152>[B] (+0) +0.543290043<x153>[B] (+1) -0.543290043<x154>[B] (+1) -0.543290043<x155>[B] (+1) -0.543290043<x156>[B] (+1) -0.543290043<x157>[B] (+1) -0.543290043<x158>[B] (+0) -0.543290043<x159>[B] (+0) -0.543290043<x160>[B] (+1) -0.543290043<x161>[B] (+0) -0.543290043<x162>[B] (+1) -0.543290043<x163>[B] (+1) +0.543290043<x164>[B] (+1) -0.543290043<x165>[B] (+1) -0.543290043<x166>[B] (+1) -0.543290043<x167>[B] (+0) -0.543290043<x168>[B] (+1) +0.543290043<x169>[B] (+0) -0.543290043<x170>[B] (+0) -0.543290043<x171>[B] (+1) +0.543290043<x172>[B] (+0) -0.543290043<x173>[B] (+1) +0.543290043<x174>[B] (+1) +0.543290043<x175>[B] (+1) +0.543290043<x176>[B] (+1) +0.543290043<x177>[B] (+0) +0.543290043<x178>[B] (+1) +0.543290043<x179>[B] (+0) +0.543290043<x180>[B] (+0) +0.543290043<x181>[B] (+1) +0.543290043<x182>[B] (+0) +0.543290043<x183>[B] (+1) +0.543290043<x184>[B] (+0) +0.543290043<x185>[B] (+0) +0.543290043<x186>[B] (+1) -0.543290043<x187>[B] (+1) +0.543290043<x188>[B] (+0) +0.543290043<x189>[B] (+0) -0.543290043<x190>[B] (+1) +0.543290043<x191>[B] (+0) -0.543290043<x192>[B] (+1) +0.543290043<x193>[B] (+1) +0.543290043<x194>[B] (+1) +0.543290043<x195>[B] (+1) +0.543290043<x196>[B] (+0) +0.543290043<x197>[B] (+0) +0.543290043<x198>[B] (+0) +0.543290043<x199>[B] (+0) -0.543290043<x200>[B] (+1) +0.543290043<x201>[B] (+0) +0.543290043<x202>[B] (+0) +0.543290043<x203>[B] (+1) -0.543290043<x204>[B] (+1) -0.543290043<x205>[B] (+1) +0.543290043<x206>[B] (+1) -0.543290043<x207>[B] (+1) +0.543290043<x208>[B] (+1) +0.543290043<x209>[B] (+1) +0.543290043<x210>[B] (+1) -0.543290043<x211>[B] (+1) +0.543290043<x212>[B] (+1) -0.543290043<x213>[B] (+1) +0.543290043<x214>[B] (+1) +0.543290043<x215>[B] (+1) +0.543290043<x216>[B] (+1) +0.543290043<x217>[B] (+0) -0.543290043<x218>[B] (+1) +0.543290043<x219>[B] (+0) +0.543290043<x220>[B] (+0) +0.543290043<x221>[B] (+1) -0.543290043<x222>[B] (+1) +0.543290043<x223>[B] (+1) +0.543290043<x224>[B] (+1) +0.543290043<x225>[B] (+1) +0.543290043<x226>[B] (+0) +0.543290043<x227>[B] (+0) +0.543290043<x228>[B] (+1) +0.543290043<x229>[B] (+1) +0.543290043<x230>[B] (+1) -0.543290043<x231>[B] (+1) >= 33.2770562770563;
;
violation: left hand side is violated by 34.3636363636364
  [linear] <c3081>: <x232>[C] (+0) -0.543290043<x1>[B] (+1) +0.543290043<x2>[B] (+1) -0.543290043<x3>[B] (+1) +0.543290043<x4>[B] (+1) +0.543290043<x5>[B] (+1) +0.543290043<x6>[B] (+1) +0.543290043<x7>[B] (+1) -0.543290043<x8>[B] (+1) +0.543290043<x9>[B] (+1) +0.543290043<x10>[B] (+1) -0.543290043<x11>[B] (+1) -0.543290043<x12>[B] (+1) -0.543290043<x13>[B] (+1) +0.543290043<x14>[B] (+1) +0.543290043<x15>[B] (+1) -0.543290043<x16>[B] (+1) +0.543290043<x17>[B] (+1) -0.543290043<x18>[B] (+1) +0.543290043<x19>[B] (+1) +0.543290043<x20>[B] (+1) +0.543290043<x21>[B] (+1) +0.543290043<x22>[B] (+0) +0.543290043<x23>[B] (+1) +0.543290043<x24>[B] (+0) +0.543290043<x25>[B] (+0) +0.543290043<x26>[B] (+0) +0.543290043<x27>[B] (+0) +0.543290043<x28>[B] (+1) +0.543290043<x29>[B] (+1) +0.543290043<x30>[B] (+0) -0.543290043<x31>[B] (+1) +0.543290043<x32>[B] (+0) -0.543290043<x33>[B] (+1) +0.543290043<x34>[B] (+0) +0.543290043<x35>[B] (+0) +0.543290043<x36>[B] (+1) +0.543290043<x37>[B] (+1) -0.543290043<x38>[B] (+1) +0.543290043<x39>[B] (+0) +0.543290043<x40>[B] (+1) +0.543290043<x41>[B] (+1) -0.543290043<x42>[B] (+1) +0.543290043<x43>[B] (+0) -0.543290043<x44>[B] (+0) -0.543290043<x45>[B] (+1) -0.543290043<x46>[B] (+1) -0.543290043<x47>[B] (+1) +0.543290043<x48>[B] (+1) -0.543290043<x49>[B] (+1) -0.543290043<x50>[B] (+1) -0.543290043<x51>[B] (+1) -0.543290043<x52>[B] (+1) -0.543290043<x53>[B] (+0) -0.543290043<x54>[B] (+1) -0.543290043<x55>[B] (+1) -0.543290043<x56>[B] (+1) -0.543290043<x57>[B] (+1) -0.543290043<x58>[B] (+1) +0.543290043<x59>[B] (+1) -0.543290043<x60>[B] (+1) +0.543290043<x61>[B] (+0) +0.543290043<x62>[B] (+0) +0.543290043<x63>[B] (+0) +0.543290043<x64>[B] (+0) +0.543290043<x65>[B] (+0) +0.543290043<x66>[B] (+0) +0.543290043<x67>[B] (+0) -0.543290043<x68>[B] (+0) +0.543290043<x69>[B] (+0) -0.543290043<x70>[B] (+1) +0.543290043<x71>[B] (+0) +0.543290043<x72>[B] (+0) +0.543290043<x73>[B] (+1) +0.543290043<x74>[B] (+0) -0.543290043<x75>[B] (+1) +0.543290043<x76>[B] (+0) +0.543290043<x77>[B] (+0) +0.543290043<x78>[B] (+1) -0.543290043<x79>[B] (+1) -0.543290043<x80>[B] (+1) -0.543290043<x81>[B] (+1) -0.543290043<x82>[B] (+1) +0.543290043<x83>[B] (+1) -0.543290043<x84>[B] (+1) -0.543290043<x85>[B] (+1) -0.543290043<x86>[B] (+1) -0.543290043<x87>[B] (+1) -0.543290043<x88>[B] (+0) -0.543290043<x89>[B] (+1) -0.543290043<x90>[B] (+1) -0.543290043<x91>[B] (+1) -0.543290043<x92>[B] (+1) -0.543290043<x93>[B] (+1) +0.543290043<x94>[B] (+1) -0.543290043<x95>[B] (+1) -0.543290043<x96>[B] (+1) -0.543290043<x97>[B] (+1) -0.543290043<x98>[B] (+1) +0.543290043<x99>[B] (+1) -0.543290043<x100>[B] (+1) -0.543290043<x101>[B] (+1) -0.543290043<x102>[B] (+1) -0.543290043<x103>[B] (+1) -0.543290043<x104>[B] (+0) -0.543290043<x105>[B] (+1) -0.543290043<x106>[B] (+1) -0.543290043<x107>[B] (+1) -0.543290043<x108>[B] (+1) -0.543290043<x109>[B] (+1) +0.543290043<x110>[B] (+1) +0.543290043<x111>[B] (+1) -0.543290043<x112>[B] (+0) -0.543290043<x113>[B] (+1) +0.543290043<x114>[B] (+1) -0.543290043<x115>[B] (+0) -0.543290043<x116>[B] (+1) -0.543290043<x117>[B] (+1) -0.543290043<x118>[B] (+1) -0.543290043<x119>[B] (+0) -0.543290043<x120>[B] (+0) -0.543290043<x121>[B] (+1) -0.543290043<x122>[B] (+1) -0.543290043<x123>[B] (+1) +0.543290043<x124>[B] (+0) +0.543290043<x125>[B] (+1) +0.543290043<x126>[B] (+1) -0.543290043<x127>[B] (+1) +0.543290043<x128>[B] (+1) +0.543290043<x129>[B] (+0) -0.543290043<x130>[B] (+1) -0.543290043<x131>[B] (+1) -0.543290043<x132>[B] (+1) +0.543290043<x133>[B] (+0) +0.543290043<x134>[B] (+0) -0.543290043<x135>[B] (+1) +0.543290043<x136>[B] (+1) -0.543290043<x137>[B] (+1) +0.543290043<x138>[B] (+1) +0.543290043<x139>[B] (+1) +0.543290043<x140>[B] (+1) +0.543290043<x141>[B] (+1) +0.543290043<x142>[B] (+0) -0.543290043<x143>[B] (+0) +0.543290043<x144>[B] (+0) -0.543290043<x145>[B] (+1) +0.543290043<x146>[B] (+0) +0.543290043<x147>[B] (+0) +0.543290043<x148>[B] (+1) +0.543290043<x149>[B] (+0) -0.543290043<x150>[B] (+1) +0.543290043<x151>[B] (+0) +0.543290043<x152>[B] (+1) +0.543290043<x153>[B] (+1) -0.543290043<x154>[B] (+0) -0.543290043<x155>[B] (+0) -0.543290043<x156>[B] (+0) -0.543290043<x157>[B] (+1) -0.543290043<x158>[B] (+0) -0.543290043<x159>[B] (+0) -0.543290043<x160>[B] (+1) -0.543290043<x161>[B] (+0) -0.543290043<x162>[B] (+1) -0.543290043<x163>[B] (+0) +0.543290043<x164>[B] (+0) -0.543290043<x165>[B] (+1) -0.543290043<x166>[B] (+1) -0.543290043<x167>[B] (+1) -0.543290043<x168>[B] (+1) +0.543290043<x169>[B] (+0) -0.543290043<x170>[B] (+0) -0.543290043<x171>[B] (+1) +0.543290043<x172>[B] (+1) -0.543290043<x173>[B] (+1) +0.543290043<x174>[B] (+1) +0.543290043<x175>[B] (+1) +0.543290043<x176>[B] (+1) +0.543290043<x177>[B] (+0) +0.543290043<x178>[B] (+1) +0.543290043<x179>[B] (+0) +0.543290043<x180>[B] (+0) +0.543290043<x181>[B] (+1) +0.543290043<x182>[B] (+0) +0.543290043<x183>[B] (+1) +0.543290043<x184>[B] (+0) +0.543290043<x185>[B] (+1) +0.543290043<x186>[B] (+1) -0.543290043<x187>[B] (+1) +0.543290043<x188>[B] (+0) +0.543290043<x189>[B] (+0) -0.543290043<x190>[B] (+1) +0.543290043<x191>[B] (+1) -0.543290043<x192>[B] (+1) +0.543290043<x193>[B] (+0) +0.543290043<x194>[B] (+1) +0.543290043<x195>[B] (+1) +0.543290043<x196>[B] (+0) +0.543290043<x197>[B] (+0) +0.543290043<x198>[B] (+0) +0.543290043<x199>[B] (+0) -0.543290043<x200>[B] (+1) +0.543290043<x201>[B] (+0) +0.543290043<x202>[B] (+0) +0.543290043<x203>[B] (+1) -0.543290043<x204>[B] (+1) -0.543290043<x205>[B] (+1) +0.543290043<x206>[B] (+1) -0.543290043<x207>[B] (+1) +0.543290043<x208>[B] (+1) +0.543290043<x209>[B] (+1) +0.543290043<x210>[B] (+1) -0.543290043<x211>[B] (+1) +0.543290043<x212>[B] (+1) -0.543290043<x213>[B] (+1) +0.543290043<x214>[B] (+1) +0.543290043<x215>[B] (+1) +0.543290043<x216>[B] (+1) +0.543290043<x217>[B] (+0) -0.543290043<x218>[B] (+1) +0.543290043<x219>[B] (+0) +0.543290043<x220>[B] (+0) +0.543290043<x221>[B] (+1) -0.543290043<x222>[B] (+1) +0.543290043<x223>[B] (+0) +0.543290043<x224>[B] (+1) +0.543290043<x225>[B] (+1) +0.543290043<x226>[B] (+0) +0.543290043<x227>[B] (+0) +0.543290043<x228>[B] (+1) +0.543290043<x229>[B] (+1) +0.543290043<x230>[B] (+1) -0.543290043<x231>[B] (+1) >= 33.2770562770563;
;
violation: left hand side is violated by 44.6861471861472
  [linear] <c3081>: <x232>[C] (+0) -0.543290043<x1>[B] (+1) +0.543290043<x2>[B] (+1) -0.543290043<x3>[B] (+1) +0.543290043<x4>[B] (+0) +0.543290043<x5>[B] (+1) +0.543290043<x6>[B] (+1) +0.543290043<x7>[B] (+1) -0.543290043<x8>[B] (+1) +0.543290043<x9>[B] (+1) +0.543290043<x10>[B] (+1) -0.543290043<x11>[B] (+1) -0.543290043<x12>[B] (+1) -0.543290043<x13>[B] (+1) +0.543290043<x14>[B] (+1) +0.543290043<x15>[B] (+1) -0.543290043<x16>[B] (+1) +0.543290043<x17>[B] (+1) -0.543290043<x18>[B] (+1) +0.543290043<x19>[B] (+1) +0.543290043<x20>[B] (+1) +0.543290043<x21>[B] (+1) +0.543290043<x22>[B] (+0) +0.543290043<x23>[B] (+1) +0.543290043<x24>[B] (+0) +0.543290043<x25>[B] (+0) +0.543290043<x26>[B] (+0) +0.543290043<x27>[B] (+0) +0.543290043<x28>[B] (+0) +0.543290043<x29>[B] (+1) +0.543290043<x30>[B] (+0) -0.543290043<x31>[B] (+0) +0.543290043<x32>[B] (+0) -0.543290043<x33>[B] (+1) +0.543290043<x34>[B] (+0) +0.543290043<x35>[B] (+0) +0.543290043<x36>[B] (+0) +0.543290043<x37>[B] (+1) -0.543290043<x38>[B] (+0) +0.543290043<x39>[B] (+1) +0.543290043<x40>[B] (+1) +0.543290043<x41>[B] (+1) -0.543290043<x42>[B] (+1) +0.543290043<x43>[B] (+0) -0.543290043<x44>[B] (+0) -0.543290043<x45>[B] (+1) -0.543290043<x46>[B] (+1) -0.543290043<x47>[B] (+1) +0.543290043<x48>[B] (+1) -0.543290043<x49>[B] (+1) -0.543290043<x50>[B] (+1) -0.543290043<x51>[B] (+1) -0.543290043<x52>[B] (+1) -0.543290043<x53>[B] (+0) -0.543290043<x54>[B] (+1) -0.543290043<x55>[B] (+1) -0.543290043<x56>[B] (+1) -0.543290043<x57>[B] (+1) -0.543290043<x58>[B] (+1) +0.543290043<x59>[B] (+1) -0.543290043<x60>[B] (+1) +0.543290043<x61>[B] (+0) +0.543290043<x62>[B] (+0) +0.543290043<x63>[B] (+0) +0.543290043<x64>[B] (+0) +0.543290043<x65>[B] (+0) +0.543290043<x66>[B] (+0) +0.543290043<x67>[B] (+0) -0.543290043<x68>[B] (+0) +0.543290043<x69>[B] (+0) -0.543290043<x70>[B] (+0) +0.543290043<x71>[B] (+0) +0.543290043<x72>[B] (+0) +0.543290043<x73>[B] (+0) +0.543290043<x74>[B] (+0) -0.543290043<x75>[B] (+0) +0.543290043<x76>[B] (+0) +0.543290043<x77>[B] (+0) +0.543290043<x78>[B] (+0) -0.543290043<x79>[B] (+1) -0.543290043<x80>[B] (+1) -0.543290043<x81>[B] (+1) -0.543290043<x82>[B] (+1) +0.543290043<x83>[B] (+1) -0.543290043<x84>[B] (+1) -0.543290043<x85>[B] (+1) -0.543290043<x86>[B] (+1) -0.543290043<x87>[B] (+1) -0.543290043<x88>[B] (+1) -0.543290043<x89>[B] (+1) -0.543290043<x90>[B] (+1) -0.543290043<x91>[B] (+1) -0.543290043<x92>[B] (+1) -0.543290043<x93>[B] (+1) +0.543290043<x94>[B] (+1) -0.543290043<x95>[B] (+1) -0.543290043<x96>[B] (+1) -0.543290043<x97>[B] (+1) -0.543290043<x98>[B] (+1) +0.543290043<x99>[B] (+1) -0.543290043<x100>[B] (+1) -0.543290043<x101>[B] (+1) -0.543290043<x102>[B] (+1) -0.543290043<x103>[B] (+1) -0.543290043<x104>[B] (+0) -0.543290043<x105>[B] (+1) -0.543290043<x106>[B] (+1) -0.543290043<x107>[B] (+1) -0.543290043<x108>[B] (+1) -0.543290043<x109>[B] (+1) +0.543290043<x110>[B] (+1) +0.543290043<x111>[B] (+1) -0.543290043<x112>[B] (+0) -0.543290043<x113>[B] (+0) +0.543290043<x114>[B] (+1) -0.543290043<x115>[B] (+0) -0.543290043<x116>[B] (+0) -0.543290043<x117>[B] (+1) -0.543290043<x118>[B] (+1) -0.543290043<x119>[B] (+0) -0.543290043<x120>[B] (+0) -0.543290043<x121>[B] (+1) -0.543290043<x122>[B] (+1) -0.543290043<x123>[B] (+0) +0.543290043<x124>[B] (+1) +0.543290043<x125>[B] (+1) +0.543290043<x126>[B] (+1) -0.543290043<x127>[B] (+1) +0.543290043<x128>[B] (+1) +0.543290043<x129>[B] (+1) -0.543290043<x130>[B] (+1) -0.543290043<x131>[B] (+1) -0.543290043<x132>[B] (+1) +0.543290043<x133>[B] (+0) +0.543290043<x134>[B] (+0) -0.543290043<x135>[B] (+1) +0.543290043<x136>[B] (+1) -0.543290043<x137>[B] (+1) +0.543290043<x138>[B] (+1) +0.543290043<x139>[B] (+1) +0.543290043<x140>[B] (+1) +0.543290043<x141>[B] (+1) +0.543290043<x142>[B] (+1) -0.543290043<x143>[B] (+1) +0.543290043<x144>[B] (+1) -0.543290043<x145>[B] (+1) +0.543290043<x146>[B] (+0) +0.543290043<x147>[B] (+0) +0.543290043<x148>[B] (+1) +0.543290043<x149>[B] (+1) -0.543290043<x150>[B] (+1) +0.543290043<x151>[B] (+1) +0.543290043<x152>[B] (+1) +0.543290043<x153>[B] (+1) -0.543290043<x154>[B] (+0) -0.543290043<x155>[B] (+0) -0.543290043<x156>[B] (+0) -0.543290043<x157>[B] (+1) -0.543290043<x158>[B] (+0) -0.543290043<x159>[B] (+0) -0.543290043<x160>[B] (+0) -0.543290043<x161>[B] (+0) -0.543290043<x162>[B] (+0) -0.543290043<x163>[B] (+0) +0.543290043<x164>[B] (+0) -0.543290043<x165>[B] (+0) -0.543290043<x166>[B] (+1) -0.543290043<x167>[B] (+1) -0.543290043<x168>[B] (+1) +0.543290043<x169>[B] (+0) -0.543290043<x170>[B] (+0) -0.543290043<x171>[B] (+1) +0.543290043<x172>[B] (+1) -0.543290043<x173>[B] (+1) +0.543290043<x174>[B] (+1) +0.543290043<x175>[B] (+1) +0.543290043<x176>[B] (+1) +0.543290043<x177>[B] (+1) +0.543290043<x178>[B] (+1) +0.543290043<x179>[B] (+0) +0.543290043<x180>[B] (+0) +0.543290043<x181>[B] (+1) +0.543290043<x182>[B] (+1) +0.543290043<x183>[B] (+1) +0.543290043<x184>[B] (+1) +0.543290043<x185>[B] (+1) +0.543290043<x186>[B] (+1) -0.543290043<x187>[B] (+1) +0.543290043<x188>[B] (+0) +0.543290043<x189>[B] (+0) -0.543290043<x190>[B] (+0) +0.543290043<x191>[B] (+1) -0.543290043<x192>[B] (+0) +0.543290043<x193>[B] (+1) +0.543290043<x194>[B] (+1) +0.543290043<x195>[B] (+1) +0.543290043<x196>[B] (+0) +0.543290043<x197>[B] (+0) +0.543290043<x198>[B] (+0) +0.543290043<x199>[B] (+0) -0.543290043<x200>[B] (+0) +0.543290043<x201>[B] (+0) +0.543290043<x202>[B] (+0) +0.543290043<x203>[B] (+0) -0.543290043<x204>[B] (+1) -0.543290043<x205>[B] (+1) +0.543290043<x206>[B] (+1) -0.543290043<x207>[B] (+1) +0.543290043<x208>[B] (+1) +0.543290043<x209>[B] (+1) +0.543290043<x210>[B] (+1) -0.543290043<x211>[B] (+1) +0.543290043<x212>[B] (+1) -0.543290043<x213>[B] (+1) +0.543290043<x214>[B] (+1) +0.543290043<x215>[B] (+1) +0.543290043<x216>[B] (+1) +0.543290043<x217>[B] (+1) -0.543290043<x218>[B] (+0) +0.543290043<x219>[B] (+1) +0.543290043<x220>[B] (+1) +0.543290043<x221>[B] (+1) -0.543290043<x222>[B] (+0) +0.543290043<x223>[B] (+0) +0.543290043<x224>[B] (+0) +0.543290043<x225>[B] (+0) +0.543290043<x226>[B] (+1) +0.543290043<x227>[B] (+1) +0.543290043<x228>[B] (+1) +0.543290043<x229>[B] (+1) +0.543290043<x230>[B] (+1) -0.543290043<x231>[B] (+1) >= 33.2770562770563;
;
violation: left hand side is violated by 33.2770562770563
  [linear] <c3081>: <x232>[C] (+0) -0.543290043<x1>[B] (+1) +0.543290043<x2>[B] (+1) -0.543290043<x3>[B] (+1) +0.543290043<x4>[B] (+1) +0.543290043<x5>[B] (+1) +0.543290043<x6>[B] (+1) +0.543290043<x7>[B] (+1) -0.543290043<x8>[B] (+1) +0.543290043<x9>[B] (+1) +0.543290043<x10>[B] (+1) -0.543290043<x11>[B] (+1) -0.543290043<x12>[B] (+1) -0.543290043<x13>[B] (+1) +0.543290043<x14>[B] (+1) +0.543290043<x15>[B] (+1) -0.543290043<x16>[B] (+1) +0.543290043<x17>[B] (+1) -0.543290043<x18>[B] (+1) +0.543290043<x19>[B] (+1) +0.543290043<x20>[B] (+1) +0.543290043<x21>[B] (+1) +0.543290043<x22>[B] (+1) +0.543290043<x23>[B] (+1) +0.543290043<x24>[B] (+1) +0.543290043<x25>[B] (+1) +0.543290043<x26>[B] (+1) +0.543290043<x27>[B] (+1) +0.543290043<x28>[B] (+1) +0.543290043<x29>[B] (+1) +0.543290043<x30>[B] (+1) -0.543290043<x31>[B] (+1) +0.543290043<x32>[B] (+1) -0.543290043<x33>[B] (+1) +0.543290043<x34>[B] (+1) +0.543290043<x35>[B] (+1) +0.543290043<x36>[B] (+1) +0.543290043<x37>[B] (+1) -0.543290043<x38>[B] (+1) +0.543290043<x39>[B] (+1) +0.543290043<x40>[B] (+1) +0.543290043<x41>[B] (+1) -0.543290043<x42>[B] (+1) +0.543290043<x43>[B] (+1) -0.543290043<x44>[B] (+1) -0.543290043<x45>[B] (+1) -0.543290043<x46>[B] (+1) -0.543290043<x47>[B] (+1) +0.543290043<x48>[B] (+1) -0.543290043<x49>[B] (+1) -0.543290043<x50>[B] (+1) -0.543290043<x51>[B] (+1) -0.543290043<x52>[B] (+1) -0.543290043<x53>[B] (+1) -0.543290043<x54>[B] (+1) -0.543290043<x55>[B] (+1) -0.543290043<x56>[B] (+1) -0.543290043<x57>[B] (+1) -0.543290043<x58>[B] (+1) +0.543290043<x59>[B] (+1) -0.543290043<x60>[B] (+1) +0.543290043<x61>[B] (+1) +0.543290043<x62>[B] (+1) +0.543290043<x63>[B] (+1) +0.543290043<x64>[B] (+1) +0.543290043<x65>[B] (+1) +0.543290043<x66>[B] (+1) +0.543290043<x67>[B] (+1) -0.543290043<x68>[B] (+1) +0.543290043<x69>[B] (+1) -0.543290043<x70>[B] (+1) +0.543290043<x71>[B] (+1) +0.543290043<x72>[B] (+1) +0.543290043<x73>[B] (+1) +0.543290043<x74>[B] (+1) -0.543290043<x75>[B] (+1) +0.543290043<x76>[B] (+1) +0.543290043<x77>[B] (+1) +0.543290043<x78>[B] (+1) -0.543290043<x79>[B] (+1) -0.543290043<x80>[B] (+1) -0.543290043<x81>[B] (+1) -0.543290043<x82>[B] (+1) +0.543290043<x83>[B] (+1) -0.543290043<x84>[B] (+1) -0.543290043<x85>[B] (+1) -0.543290043<x86>[B] (+1) -0.543290043<x87>[B] (+1) -0.543290043<x88>[B] (+1) -0.543290043<x89>[B] (+1) -0.543290043<x90>[B] (+1) -0.543290043<x91>[B] (+1) -0.543290043<x92>[B] (+1) -0.543290043<x93>[B] (+1) +0.543290043<x94>[B] (+1) -0.543290043<x95>[B] (+1) -0.543290043<x96>[B] (+1) -0.543290043<x97>[B] (+1) -0.543290043<x98>[B] (+1) +0.543290043<x99>[B] (+1) -0.543290043<x100>[B] (+1) -0.543290043<x101>[B] (+1) -0.543290043<x102>[B] (+1) -0.543290043<x103>[B] (+1) -0.543290043<x104>[B] (+1) -0.543290043<x105>[B] (+1) -0.543290043<x106>[B] (+1) -0.543290043<x107>[B] (+1) -0.543290043<x108>[B] (+1) -0.543290043<x109>[B] (+1) +0.543290043<x110>[B] (+1) +0.543290043<x111>[B] (+1) -0.543290043<x112>[B] (+1) -0.543290043<x113>[B] (+1) +0.543290043<x114>[B] (+1) -0.543290043<x115>[B] (+1) -0.543290043<x116>[B] (+1) -0.543290043<x117>[B] (+1) -0.543290043<x118>[B] (+1) -0.543290043<x119>[B] (+1) -0.543290043<x120>[B] (+1) -0.543290043<x121>[B] (+1) -0.543290043<x122>[B] (+1) -0.543290043<x123>[B] (+1) +0.543290043<x124>[B] (+1) +0.543290043<x125>[B] (+1) +0.543290043<x126>[B] (+1) -0.543290043<x127>[B] (+1) +0.543290043<x128>[B] (+1) +0.543290043<x129>[B] (+1) -0.543290043<x130>[B] (+1) -0.543290043<x131>[B] (+1) -0.543290043<x132>[B] (+1) +0.543290043<x133>[B] (+1) +0.543290043<x134>[B] (+1) -0.543290043<x135>[B] (+1) +0.543290043<x136>[B] (+1) -0.543290043<x137>[B] (+1) +0.543290043<x138>[B] (+1) +0.543290043<x139>[B] (+1) +0.543290043<x140>[B] (+1) +0.543290043<x141>[B] (+1) +0.543290043<x142>[B] (+1) -0.543290043<x143>[B] (+1) +0.543290043<x144>[B] (+1) -0.543290043<x145>[B] (+1) +0.543290043<x146>[B] (+1) +0.543290043<x147>[B] (+1) +0.543290043<x148>[B] (+1) +0.543290043<x149>[B] (+1) -0.543290043<x150>[B] (+1) +0.543290043<x151>[B] (+1) +0.543290043<x152>[B] (+1) +0.543290043<x153>[B] (+1) -0.543290043<x154>[B] (+1) -0.543290043<x155>[B] (+1) -0.543290043<x156>[B] (+1) -0.543290043<x157>[B] (+1) -0.543290043<x158>[B] (+1) -0.543290043<x159>[B] (+1) -0.543290043<x160>[B] (+1) -0.543290043<x161>[B] (+1) -0.543290043<x162>[B] (+1) -0.543290043<x163>[B] (+1) +0.543290043<x164>[B] (+1) -0.543290043<x165>[B] (+1) -0.543290043<x166>[B] (+1) -0.543290043<x167>[B] (+1) -0.543290043<x168>[B] (+1) +0.543290043<x169>[B] (+1) -0.543290043<x170>[B] (+1) -0.543290043<x171>[B] (+1) +0.543290043<x172>[B] (+1) -0.543290043<x173>[B] (+1) +0.543290043<x174>[B] (+1) +0.543290043<x175>[B] (+1) +0.543290043<x176>[B] (+1) +0.543290043<x177>[B] (+1) +0.543290043<x178>[B] (+1) +0.543290043<x179>[B] (+1) +0.543290043<x180>[B] (+1) +0.543290043<x181>[B] (+1) +0.543290043<x182>[B] (+1) +0.543290043<x183>[B] (+1) +0.543290043<x184>[B] (+1) +0.543290043<x185>[B] (+1) +0.543290043<x186>[B] (+1) -0.543290043<x187>[B] (+1) +0.543290043<x188>[B] (+1) +0.543290043<x189>[B] (+1) -0.543290043<x190>[B] (+1) +0.543290043<x191>[B] (+1) -0.543290043<x192>[B] (+1) +0.543290043<x193>[B] (+1) +0.543290043<x194>[B] (+1) +0.543290043<x195>[B] (+1) +0.543290043<x196>[B] (+1) +0.543290043<x197>[B] (+1) +0.543290043<x198>[B] (+1) +0.543290043<x199>[B] (+1) -0.543290043<x200>[B] (+1) +0.543290043<x201>[B] (+1) +0.543290043<x202>[B] (+1) +0.543290043<x203>[B] (+1) -0.543290043<x204>[B] (+1) -0.543290043<x205>[B] (+1) +0.543290043<x206>[B] (+1) -0.543290043<x207>[B] (+1) +0.543290043<x208>[B] (+1) +0.543290043<x209>[B] (+1) +0.543290043<x210>[B] (+1) -0.543290043<x211>[B] (+1) +0.543290043<x212>[B] (+1) -0.543290043<x213>[B] (+1) +0.543290043<x214>[B] (+1) +0.543290043<x215>[B] (+1) +0.543290043<x216>[B] (+1) +0.543290043<x217>[B] (+1) -0.543290043<x218>[B] (+1) +0.543290043<x219>[B] (+1) +0.543290043<x220>[B] (+1) +0.543290043<x221>[B] (+1) -0.543290043<x222>[B] (+1) +0.543290043<x223>[B] (+1) +0.543290043<x224>[B] (+1) +0.543290043<x225>[B] (+1) +0.543290043<x226>[B] (+1) +0.543290043<x227>[B] (+1) +0.543290043<x228>[B] (+1) +0.543290043<x229>[B] (+1) +0.543290043<x230>[B] (+1) -0.543290043<x231>[B] (+1) >= 33.2770562770563;
;
violation: left hand side is violated by 24.0411255411255
  [linear] <c3081>: <x232>[C] (+0) -0.543290043<x1>[B] (+0) +0.543290043<x2>[B] (+0) -0.543290043<x3>[B] (+0) +0.543290043<x4>[B] (+0) +0.543290043<x5>[B] (+0) +0.543290043<x6>[B] (+0) +0.543290043<x7>[B] (+0) -0.543290043<x8>[B] (+0) +0.543290043<x9>[B] (+0) +0.543290043<x10>[B] (+0) -0.543290043<x11>[B] (+0) -0.543290043<x12>[B] (+0) -0.543290043<x13>[B] (+0) +0.543290043<x14>[B] (+0) +0.543290043<x15>[B] (+0) -0.543290043<x16>[B] (+0) +0.543290043<x17>[B] (+0) -0.543290043<x18>[B] (+0) +0.543290043<x19>[B] (+0) +0.543290043<x20>[B] (+0) +0.543290043<x21>[B] (+0) +0.543290043<x22>[B] (+0) +0.543290043<x23>[B] (+0) +0.543290043<x24>[B] (+0) +0.543290043<x25>[B] (+0) +0.543290043<x26>[B] (+0) +0.543290043<x27>[B] (+0) +0.543290043<x28>[B] (+0) +0.543290043<x29>[B] (+0) +0.543290043<x30>[B] (+0) -0.543290043<x31>[B] (+0) +0.543290043<x32>[B] (+0) -0.543290043<x33>[B] (+0) +0.543290043<x34>[B] (+0) +0.543290043<x35>[B] (+0) +0.543290043<x36>[B] (+0) +0.543290043<x37>[B] (+0) -0.543290043<x38>[B] (+0) +0.543290043<x39>[B] (+0) +0.543290043<x40>[B] (+0) +0.543290043<x41>[B] (+0) -0.543290043<x42>[B] (+0) +0.543290043<x43>[B] (+0) -0.543290043<x44>[B] (+0) -0.543290043<x45>[B] (+0) -0.543290043<x46>[B] (+0) -0.543290043<x47>[B] (+0) +0.543290043<x48>[B] (+0) -0.543290043<x49>[B] (+0) -0.543290043<x50>[B] (+0) -0.543290043<x51>[B] (+0) -0.543290043<x52>[B] (+0) -0.543290043<x53>[B] (+0) -0.543290043<x54>[B] (+0) -0.543290043<x55>[B] (+0) -0.543290043<x56>[B] (+0) -0.543290043<x57>[B] (+0) -0.543290043<x58>[B] (+0) +0.543290043<x59>[B] (+0) -0.543290043<x60>[B] (+0) +0.543290043<x61>[B] (+0) +0.543290043<x62>[B] (+0) +0.543290043<x63>[B] (+0) +0.543290043<x64>[B] (+0) +0.543290043<x65>[B] (+0) +0.543290043<x66>[B] (+0) +0.543290043<x67>[B] (+0) -0.543290043<x68>[B] (+0) +0.543290043<x69>[B] (+0) -0.543290043<x70>[B] (+0) +0.543290043<x71>[B] (+0) +0.543290043<x72>[B] (+0) +0.543290043<x73>[B] (+0) +0.543290043<x74>[B] (+0) -0.543290043<x75>[B] (+0) +0.543290043<x76>[B] (+0) +0.543290043<x77>[B] (+0) +0.543290043<x78>[B] (+0) -0.543290043<x79>[B] (+0) -0.543290043<x80>[B] (+0) -0.543290043<x81>[B] (+0) -0.543290043<x82>[B] (+0) +0.543290043<x83>[B] (+0) -0.543290043<x84>[B] (+0) -0.543290043<x85>[B] (+0) -0.543290043<x86>[B] (+0) -0.543290043<x87>[B] (+0) -0.543290043<x88>[B] (+0) -0.543290043<x89>[B] (+0) -0.543290043<x90>[B] (+0) -0.543290043<x91>[B] (+0) -0.543290043<x92>[B] (+0) -0.543290043<x93>[B] (+0) +0.543290043<x94>[B] (+0) -0.543290043<x95>[B] (+0) -0.543290043<x96>[B] (+0) -0.543290043<x97>[B] (+0) -0.543290043<x98>[B] (+0) +0.543290043<x99>[B] (+0) -0.543290043<x100>[B] (+0) -0.543290043<x101>[B] (+0) -0.543290043<x102>[B] (+0) -0.543290043<x103>[B] (+0) -0.543290043<x104>[B] (+0) -0.543290043<x105>[B] (+0) -0.543290043<x106>[B] (+0) -0.543290043<x107>[B] (+0) -0.543290043<x108>[B] (+0) -0.543290043<x109>[B] (+0) +0.543290043<x110>[B] (+0) +0.543290043<x111>[B] (+0) -0.543290043<x112>[B] (+0) -0.543290043<x113>[B] (+0) +0.543290043<x114>[B] (+0) -0.543290043<x115>[B] (+0) -0.543290043<x116>[B] (+0) -0.543290043<x117>[B] (+0) -0.543290043<x118>[B] (+0) -0.543290043<x119>[B] (+0) -0.543290043<x120>[B] (+0) -0.543290043<x121>[B] (+0) -0.543290043<x122>[B] (+0) -0.543290043<x123>[B] (+0) +0.543290043<x124>[B] (+0) +0.543290043<x125>[B] (+0) +0.543290043<x126>[B] (+0) -0.543290043<x127>[B] (+0) +0.543290043<x128>[B] (+0) +0.543290043<x129>[B] (+0) -0.543290043<x130>[B] (+0) -0.543290043<x131>[B] (+0) -0.543290043<x132>[B] (+0) +0.543290043<x133>[B] (+0) +0.543290043<x134>[B] (+0) -0.543290043<x135>[B] (+0) +0.543290043<x136>[B] (+0) -0.543290043<x137>[B] (+0) +0.543290043<x138>[B] (+0) +0.543290043<x139>[B] (+0) +0.543290043<x140>[B] (+0) +0.543290043<x141>[B] (+0) +0.543290043<x142>[B] (+0) -0.543290043<x143>[B] (+0) +0.543290043<x144>[B] (+0) -0.543290043<x145>[B] (+0) +0.543290043<x146>[B] (+0) +0.543290043<x147>[B] (+0) +0.543290043<x148>[B] (+0) +0.543290043<x149>[B] (+0) -0.543290043<x150>[B] (+0) +0.543290043<x151>[B] (+0) +0.543290043<x152>[B] (+0) +0.543290043<x153>[B] (+0) -0.543290043<x154>[B] (+0) -0.543290043<x155>[B] (+0) -0.543290043<x156>[B] (+0) -0.543290043<x157>[B] (+0) -0.543290043<x158>[B] (+0) -0.543290043<x159>[B] (+0) -0.543290043<x160>[B] (+0) -0.543290043<x161>[B] (+0) -0.543290043<x162>[B] (+0) -0.543290043<x163>[B] (+0) +0.543290043<x164>[B] (+0) -0.543290043<x165>[B] (+0) -0.543290043<x166>[B] (+0) -0.543290043<x167>[B] (+0) -0.543290043<x168>[B] (+0) +0.543290043<x169>[B] (+0) -0.543290043<x170>[B] (+0) -0.543290043<x171>[B] (+0) +0.543290043<x172>[B] (+0) -0.543290043<x173>[B] (+0) +0.543290043<x174>[B] (+0) +0.543290043<x175>[B] (+0) +0.543290043<x176>[B] (+0) +0.543290043<x177>[B] (+0) +0.543290043<x178>[B] (+0) +0.543290043<x179>[B] (+0) +0.543290043<x180>[B] (+0) +0.543290043<x181>[B] (+0) +0.543290043<x182>[B] (+0) +0.543290043<x183>[B] (+0) +0.543290043<x184>[B] (+0) +0.543290043<x185>[B] (+0) +0.543290043<x186>[B] (+0) -0.543290043<x187>[B] (+0) +0.543290043<x188>[B] (+0) +0.543290043<x189>[B] (+0) -0.543290043<x190>[B] (+0) +0.543290043<x191>[B] (+0) -0.543290043<x192>[B] (+0) +0.543290043<x193>[B] (+0) +0.543290043<x194>[B] (+0) +0.543290043<x195>[B] (+0) +0.543290043<x196>[B] (+0) +0.543290043<x197>[B] (+0) +0.543290043<x198>[B] (+0) +0.543290043<x199>[B] (+0) -0.543290043<x200>[B] (+0) +0.543290043<x201>[B] (+0) +0.543290043<x202>[B] (+0) +0.543290043<x203>[B] (+0) -0.543290043<x204>[B] (+0) -0.543290043<x205>[B] (+0) +0.543290043<x206>[B] (+0) -0.543290043<x207>[B] (+0) +0.543290043<x208>[B] (+0) +0.543290043<x209>[B] (+0) +0.543290043<x210>[B] (+0) -0.543290043<x211>[B] (+0) +0.543290043<x212>[B] (+0) -0.543290043<x213>[B] (+0) +0.543290043<x214>[B] (+0) +0.543290043<x215>[B] (+0) +0.543290043<x216>[B] (+0) +0.543290043<x217>[B] (+0) -0.543290043<x218>[B] (+0) +0.543290043<x219>[B] (+0) +0.543290043<x220>[B] (+0) +0.543290043<x221>[B] (+0) -0.543290043<x222>[B] (+0) +0.543290043<x223>[B] (+0) +0.543290043<x224>[B] (+0) +0.543290043<x225>[B] (+0) +0.543290043<x226>[B] (+0) +0.543290043<x227>[B] (+0) +0.543290043<x228>[B] (+0) +0.543290043<x229>[B] (+0) +0.543290043<x230>[B] (+0) -0.543290043<x231>[B] (+0) >= 33.2770562770563;
;
violation: left hand side is violated by 33.2770562770563
1/6 feasible solution given by solution candidate storage, new primal bound -9.999692e+06

presolving:
   (0.0s) symmetry computation started: requiring (bin +, int +, cont +), (fixed: bin -, int -, cont -)
   (0.0s) no symmetry present (symcode time: 0.00)
presolving (0 rounds: 0 fast, 0 medium, 0 exhaustive):
 0 deleted vars, 0 deleted constraints, 0 added constraints, 0 tightened bounds, 0 added holes, 0 changed sides, 0 changed coefficients
 0 implications, 0 cliques, 0 implied integral variables (0 bin, 0 int, 0 cont)
presolved problem has 331 variables (231 bin, 0 int, 100 cont) and 3180 constraints
   3180 constraints of type <linear>
Presolving Time: 0.01
transformed 1/1 original solutions to the transformed problem space

 time | node  | left  |LP iter|LP it/n|mem/heur|mdpt |vars |cons |rows |cuts |sepa|confs|strbr|  dualbound   | primalbound  |  gap   | compl. 
p 0.0s|     1 |     0 |    47 |     - |   locks|   0 | 331 |3180 |3180 |   0 |  0 |   0 |   0 | 1.000000e+03 |-2.884998e+03 |    Inf | unknown
* 0.1s|     1 |     0 |   835 |     - |    LP  |   0 | 331 |3180 |3180 |   0 |  0 |   0 |   0 |-2.390602e+03 |-2.390602e+03 |   0.00%| unknown
  0.1s|     1 |     0 |   835 |     - |    23M |   0 | 331 |3180 |3180 |   0 |  0 |   0 |   0 |-2.390602e+03 |-2.390602e+03 |   0.00%| unknown

SCIP Status        : problem is solved [optimal solution found]
Solving Time (sec) : 0.11
Solving Nodes      : 1
Primal Bound       : -2.39060173160173e+03 (4 solutions)
Dual Bound         : -2.39060173160173e+03
Gap                : 0.00 %
  [linear] <c3181>: <x232>[C] (+43.5995671) -0.616883117<x1>[B] (+1) +0.616883117<x2>[B] (+0) -0.616883117<x3>[B] (+1) +0.616883117<x4>[B] (+0) +0.616883117<x5>[B] (+1) +0.616883117<x6>[B] (+1) +0.616883117<x7>[B] (+1) -0.616883117<x8>[B] (+1) +0.616883117<x9>[B] (+0) +0.616883117<x10>[B] (+0) -0.616883117<x11>[B] (+1) -0.616883117<x12>[B] (+0) -0.616883117<x13>[B] (+1) +0.616883117<x14>[B] (+0) +0.616883117<x15>[B] (+1) -0.616883117<x16>[B] (+1) +0.616883117<x17>[B] (+0) -0.616883117<x18>[B] (+1) +0.616883117<x19>[B] (+0) +0.616883117<x20>[B] (+1) +0.616883117<x21>[B] (+1) +0.616883117<x22>[B] (+0) +0.616883117<x23>[B] (+1) +0.616883117<x24>[B] (+0) +0.616883117<x25>[B] (+1) +0.616883117<x26>[B] (+1) +0.616883117<x27>[B] (+1) +0.616883117<x28>[B] (+1) +0.616883117<x29>[B] (+0) +0.616883117<x30>[B] (+0) -0.616883117<x31>[B] (+1) +0.616883117<x32>[B] (+0) -0.616883117<x33>[B] (+1) +0.616883117<x34>[B] (+0) +0.616883117<x35>[B] (+1) +0.616883117<x36>[B] (+1) +0.616883117<x37>[B] (+0) -0.616883117<x38>[B] (+1) +0.616883117<x39>[B] (+0) +0.616883117<x40>[B] (+1) +0.616883117<x41>[B] (+1) -0.616883117<x42>[B] (+1) +0.616883117<x43>[B] (+0) -0.616883117<x44>[B] (+1) -0.616883117<x45>[B] (+1) -0.616883117<x46>[B] (+1) -0.616883117<x47>[B] (+1) +0.616883117<x48>[B] (+0) -0.616883117<x49>[B] (+1) -0.616883117<x50>[B] (+1) -0.616883117<x51>[B] (+0) -0.616883117<x52>[B] (+1) -0.616883117<x53>[B] (+0) -0.616883117<x54>[B] (+1) -0.616883117<x55>[B] (+1) -0.616883117<x56>[B] (+0) -0.616883117<x57>[B] (+1) -0.616883117<x58>[B] (+0) +0.616883117<x59>[B] (+1) -0.616883117<x60>[B] (+1) +0.616883117<x61>[B] (+0) +0.616883117<x62>[B] (+1) +0.616883117<x63>[B] (+0) +0.616883117<x64>[B] (+0) +0.616883117<x65>[B] (+1) +0.616883117<x66>[B] (+0) +0.616883117<x67>[B] (+0) -0.616883117<x68>[B] (+1) +0.616883117<x69>[B] (+0) -0.616883117<x70>[B] (+1) +0.616883117<x71>[B] (+0) +0.616883117<x72>[B] (+1) +0.616883117<x73>[B] (+1) +0.616883117<x74>[B] (+0) -0.616883117<x75>[B] (+1) +0.616883117<x76>[B] (+0) +0.616883117<x77>[B] (+1) +0.616883117<x78>[B] (+1) -0.616883117<x79>[B] (+1) -0.616883117<x80>[B] (+1) -0.616883117<x81>[B] (+1) -0.616883117<x82>[B] (+1) +0.616883117<x83>[B] (+0) -0.616883117<x84>[B] (+1) -0.616883117<x85>[B] (+1) -0.616883117<x86>[B] (+0) -0.616883117<x87>[B] (+1) -0.616883117<x88>[B] (+0) -0.616883117<x89>[B] (+1) -0.616883117<x90>[B] (+1) -0.616883117<x91>[B] (+0) -0.616883117<x92>[B] (+1) -0.616883117<x93>[B] (+0) +0.616883117<x94>[B] (+1) -0.616883117<x95>[B] (+1) -0.616883117<x96>[B] (+0) -0.616883117<x97>[B] (+0) -0.616883117<x98>[B] (+0) +0.616883117<x99>[B] (+0) -0.616883117<x100>[B] (+0) -0.616883117<x101>[B] (+0) -0.616883117<x102>[B] (+0) -0.616883117<x103>[B] (+0) -0.616883117<x104>[B] (+0) -0.616883117<x105>[B] (+0) -0.616883117<x106>[B] (+0) -0.616883117<x107>[B] (+0) -0.616883117<x108>[B] (+0) -0.616883117<x109>[B] (+0) +0.616883117<x110>[B] (+0) +0.616883117<x111>[B] (+1) -0.616883117<x112>[B] (+0) -0.616883117<x113>[B] (+1) +0.616883117<x114>[B] (+0) -0.616883117<x115>[B] (+0) -0.616883117<x116>[B] (+1) -0.616883117<x117>[B] (+0) -0.616883117<x118>[B] (+1) -0.616883117<x119>[B] (+0) -0.616883117<x120>[B] (+1) -0.616883117<x121>[B] (+1) -0.616883117<x122>[B] (+0) -0.616883117<x123>[B] (+1) +0.616883117<x124>[B] (+0) +0.616883117<x125>[B] (+1) +0.616883117<x126>[B] (+1) -0.616883117<x127>[B] (+1) +0.616883117<x128>[B] (+0) +0.616883117<x129>[B] (+0) -0.616883117<x130>[B] (+1) -0.616883117<x131>[B] (+0) -0.616883117<x132>[B] (+1) +0.616883117<x133>[B] (+0) +0.616883117<x134>[B] (+1) -0.616883117<x135>[B] (+1) +0.616883117<x136>[B] (+0) -0.616883117<x137>[B] (+1) +0.616883117<x138>[B] (+0) +0.616883117<x139>[B] (+1) +0.616883117<x140>[B] (+1) +0.616883117<x141>[B] (+0) +0.616883117<x142>[B] (+0) -0.616883117<x143>[B] (+0) +0.616883117<x144>[B] (+0) -0.616883117<x145>[B] (+1) +0.616883117<x146>[B] (+0) +0.616883117<x147>[B] (+0) +0.616883117<x148>[B] (+1) +0.616883117<x149>[B] (+0) -0.616883117<x150>[B] (+0) +0.616883117<x151>[B] (+0) +0.616883117<x152>[B] (+0) +0.616883117<x153>[B] (+1) -0.616883117<x154>[B] (+1) -0.616883117<x155>[B] (+1) -0.616883117<x156>[B] (+1) -0.616883117<x157>[B] (+1) -0.616883117<x158>[B] (+1) -0.616883117<x159>[B] (+1) -0.616883117<x160>[B] (+1) -0.616883117<x161>[B] (+0) -0.616883117<x162>[B] (+1) -0.616883117<x163>[B] (+0) +0.616883117<x164>[B] (+1) -0.616883117<x165>[B] (+1) -0.616883117<x166>[B] (+1) -0.616883117<x167>[B] (+0) -0.616883117<x168>[B] (+1) +0.616883117<x169>[B] (+0) -0.616883117<x170>[B] (+1) -0.616883117<x171>[B] (+1) +0.616883117<x172>[B] (+0) -0.616883117<x173>[B] (+1) +0.616883117<x174>[B] (+0) +0.616883117<x175>[B] (+1) +0.616883117<x176>[B] (+1) +0.616883117<x177>[B] (+0) +0.616883117<x178>[B] (+1) +0.616883117<x179>[B] (+0) +0.616883117<x180>[B] (+0) +0.616883117<x181>[B] (+1) +0.616883117<x182>[B] (+0) +0.616883117<x183>[B] (+0) +0.616883117<x184>[B] (+0) +0.616883117<x185>[B] (+0) +0.616883117<x186>[B] (+1) -0.616883117<x187>[B] (+1) +0.616883117<x188>[B] (+1) +0.616883117<x189>[B] (+1) -0.616883117<x190>[B] (+1) +0.616883117<x191>[B] (+0) -0.616883117<x192>[B] (+1) +0.616883117<x193>[B] (+0) +0.616883117<x194>[B] (+1) +0.616883117<x195>[B] (+1) +0.616883117<x196>[B] (+0) +0.616883117<x197>[B] (+0) +0.616883117<x198>[B] (+0) +0.616883117<x199>[B] (+0) -0.616883117<x200>[B] (+0) +0.616883117<x201>[B] (+0) +0.616883117<x202>[B] (+0) +0.616883117<x203>[B] (+1) -0.616883117<x204>[B] (+1) -0.616883117<x205>[B] (+1) +0.616883117<x206>[B] (+0) -0.616883117<x207>[B] (+1) +0.616883117<x208>[B] (+0) +0.616883117<x209>[B] (+1) +0.616883117<x210>[B] (+1) -0.616883117<x211>[B] (+1) +0.616883117<x212>[B] (+0) -0.616883117<x213>[B] (+0) +0.616883117<x214>[B] (+0) +0.616883117<x215>[B] (+0) +0.616883117<x216>[B] (+1) +0.616883117<x217>[B] (+0) -0.616883117<x218>[B] (+0) +0.616883117<x219>[B] (+0) +0.616883117<x220>[B] (+0) +0.616883117<x221>[B] (+1) -0.616883117<x222>[B] (+1) +0.616883117<x223>[B] (+1) +0.616883117<x224>[B] (+1) +0.616883117<x225>[B] (+1) +0.616883117<x226>[B] (+0) +0.616883117<x227>[B] (+0) +0.616883117<x228>[B] (+1) +0.616883117<x229>[B] (+1) +0.616883117<x230>[B] (+1) -0.616883117<x231>[B] (+1) >= 32.5411255411256;
;
violation: left hand side is violated by 0.662337662337677
  [linear] <c3184>: <x236>[C] (+25.0952381) +0.482683983<x1>[B] (+0) +0.482683983<x2>[B] (+1) +0.482683983<x3>[B] (+1) -0.482683983<x4>[B] (+0) +0.482683983<x5>[B] (+1) +0.482683983<x6>[B] (+0) +0.482683983<x7>[B] (+0) +0.482683983<x8>[B] (+0) +0.482683983<x9>[B] (+1) +0.482683983<x10>[B] (+0) +0.482683983<x11>[B] (+0) +0.482683983<x12>[B] (+0) -0.482683983<x13>[B] (+0) -0.482683983<x14>[B] (+1) +0.482683983<x15>[B] (+1) +0.482683983<x16>[B] (+0) -0.482683983<x17>[B] (+0) +0.482683983<x18>[B] (+0) +0.482683983<x19>[B] (+1) +0.482683983<x20>[B] (+0) +0.482683983<x21>[B] (+0) -0.482683983<x22>[B] (+1) -0.482683983<x23>[B] (+1) -0.482683983<x24>[B] (+0) -0.482683983<x25>[B] (+1) -0.482683983<x26>[B] (+0) +0.482683983<x27>[B] (+1) -0.482683983<x28>[B] (+0) +0.482683983<x29>[B] (+1) -0.482683983<x30>[B] (+1) -0.482683983<x31>[B] (+0) -0.482683983<x32>[B] (+1) -0.482683983<x33>[B] (+1) -0.482683983<x34>[B] (+1) -0.482683983<x35>[B] (+1) -0.482683983<x36>[B] (+0) -0.482683983<x37>[B] (+1) -0.482683983<x38>[B] (+0) -0.482683983<x39>[B] (+1) -0.482683983<x40>[B] (+1) -0.482683983<x41>[B] (+0) +0.482683983<x42>[B] (+1) -0.482683983<x43>[B] (+0) -0.482683983<x44>[B] (+1) +0.482683983<x45>[B] (+0) +0.482683983<x46>[B] (+0) -0.482683983<x47>[B] (+0) +0.482683983<x48>[B] (+1) +0.482683983<x49>[B] (+0) -0.482683983<x50>[B] (+0) +0.482683983<x51>[B] (+0) -0.482683983<x52>[B] (+0) -0.482683983<x53>[B] (+1) +0.482683983<x54>[B] (+1) +0.482683983<x55>[B] (+0) -0.482683983<x56>[B] (+0) -0.482683983<x57>[B] (+0) -0.482683983<x58>[B] (+1) -0.482683983<x59>[B] (+0) +0.482683983<x60>[B] (+0) -0.482683983<x61>[B] (+0) -0.482683983<x62>[B] (+1) -0.482683983<x63>[B] (+0) +0.482683983<x64>[B] (+0) -0.482683983<x65>[B] (+0) +0.482683983<x66>[B] (+1) -0.482683983<x67>[B] (+0) -0.482683983<x68>[B] (+0) -0.482683983<x69>[B] (+0) -0.482683983<x70>[B] (+0) -0.482683983<x71>[B] (+1) -0.482683983<x72>[B] (+0) -0.482683983<x73>[B] (+0) -0.482683983<x74>[B] (+0) -0.482683983<x75>[B] (+0) -0.482683983<x76>[B] (+1) -0.482683983<x77>[B] (+0) -0.482683983<x78>[B] (+0) +0.482683983<x79>[B] (+1) +0.482683983<x80>[B] (+0) +0.482683983<x81>[B] (+1) +0.482683983<x82>[B] (+0) +0.482683983<x83>[B] (+1) +0.482683983<x84>[B] (+1) +0.482683983<x85>[B] (+0) +0.482683983<x86>[B] (+1) -0.482683983<x87>[B] (+1) +0.482683983<x88>[B] (+1) +0.482683983<x89>[B] (+1) +0.482683983<x90>[B] (+0) +0.482683983<x91>[B] (+1) +0.482683983<x92>[B] (+0) +0.482683983<x93>[B] (+1) +0.482683983<x94>[B] (+1) +0.482683983<x95>[B] (+0) +0.482683983<x96>[B] (+0) +0.482683983<x97>[B] (+0) -0.482683983<x98>[B] (+0) +0.482683983<x99>[B] (+1) +0.482683983<x100>[B] (+0) -0.482683983<x101>[B] (+0) +0.482683983<x102>[B] (+0) -0.482683983<x103>[B] (+0) -0.482683983<x104>[B] (+1) +0.482683983<x105>[B] (+0) +0.482683983<x106>[B] (+0) -0.482683983<x107>[B] (+0) -0.482683983<x108>[B] (+0) +0.482683983<x109>[B] (+0) -0.482683983<x110>[B] (+0) +0.482683983<x111>[B] (+0) +0.482683983<x112>[B] (+1) -0.482683983<x113>[B] (+0) +0.482683983<x114>[B] (+1) -0.482683983<x115>[B] (+1) -0.482683983<x116>[B] (+1) -0.482683983<x117>[B] (+1) -0.482683983<x118>[B] (+1) -0.482683983<x119>[B] (+1) +0.482683983<x120>[B] (+1) -0.482683983<x121>[B] (+1) -0.482683983<x122>[B] (+1) -0.482683983<x123>[B] (+0) -0.482683983<x124>[B] (+1) -0.482683983<x125>[B] (+1) -0.482683983<x126>[B] (+0) -0.482683983<x127>[B] (+0) +0.482683983<x128>[B] (+1) -0.482683983<x129>[B] (+1) -0.482683983<x130>[B] (+0) -0.482683983<x131>[B] (+0) -0.482683983<x132>[B] (+0) -0.482683983<x133>[B] (+1) -0.482683983<x134>[B] (+1) -0.482683983<x135>[B] (+0) -0.482683983<x136>[B] (+1) -0.482683983<x137>[B] (+0) -0.482683983<x138>[B] (+1) -0.482683983<x139>[B] (+0) -0.482683983<x140>[B] (+0) +0.482683983<x141>[B] (+1) +0.482683983<x142>[B] (+1) -0.482683983<x143>[B] (+1) +0.482683983<x144>[B] (+1) -0.482683983<x145>[B] (+1) -0.482683983<x146>[B] (+1) +0.482683983<x147>[B] (+1) +0.482683983<x148>[B] (+1) -0.482683983<x149>[B] (+1) -0.482683983<x150>[B] (+1) +0.482683983<x151>[B] (+1) -0.482683983<x152>[B] (+1) +0.482683983<x153>[B] (+0) -0.482683983<x154>[B] (+0) -0.482683983<x155>[B] (+0) -0.482683983<x156>[B] (+0) -0.482683983<x157>[B] (+0) -0.482683983<x158>[B] (+0) -0.482683983<x159>[B] (+0) -0.482683983<x160>[B] (+0) -0.482683983<x161>[B] (+0) -0.482683983<x162>[B] (+0) -0.482683983<x163>[B] (+0) -0.482683983<x164>[B] (+0) -0.482683983<x165>[B] (+0) -0.482683983<x166>[B] (+0) -0.482683983<x167>[B] (+0) -0.482683983<x168>[B] (+0) -0.482683983<x169>[B] (+1) +0.482683983<x170>[B] (+1) -0.482683983<x171>[B] (+0) -0.482683983<x172>[B] (+1) -0.482683983<x173>[B] (+0) -0.482683983<x174>[B] (+1) -0.482683983<x175>[B] (+0) -0.482683983<x176>[B] (+0) +0.482683983<x177>[B] (+1) -0.482683983<x178>[B] (+1) -0.482683983<x179>[B] (+1) +0.482683983<x180>[B] (+1) +0.482683983<x181>[B] (+0) -0.482683983<x182>[B] (+1) -0.482683983<x183>[B] (+0) +0.482683983<x184>[B] (+1) -0.482683983<x185>[B] (+1) +0.482683983<x186>[B] (+0) -0.482683983<x187>[B] (+0) -0.482683983<x188>[B] (+1) +0.482683983<x189>[B] (+1) +0.482683983<x190>[B] (+0) -0.482683983<x191>[B] (+1) -0.482683983<x192>[B] (+0) -0.482683983<x193>[B] (+1) -0.482683983<x194>[B] (+1) +0.482683983<x195>[B] (+0) +0.482683983<x196>[B] (+1) +0.482683983<x197>[B] (+1) +0.482683983<x198>[B] (+0) +0.482683983<x199>[B] (+1) +0.482683983<x200>[B] (+0) +0.482683983<x201>[B] (+1) +0.482683983<x202>[B] (+1) +0.482683983<x203>[B] (+0) +0.482683983<x204>[B] (+0) +0.482683983<x205>[B] (+0) +0.482683983<x206>[B] (+0) +0.482683983<x207>[B] (+0) +0.482683983<x208>[B] (+0) +0.482683983<x209>[B] (+0) +0.482683983<x210>[B] (+0) -0.482683983<x211>[B] (+0) -0.482683983<x212>[B] (+0) -0.482683983<x213>[B] (+0) -0.482683983<x214>[B] (+1) -0.482683983<x215>[B] (+0) -0.482683983<x216>[B] (+0) -0.482683983<x217>[B] (+1) -0.482683983<x218>[B] (+0) -0.482683983<x219>[B] (+1) -0.482683983<x220>[B] (+1) +0.482683983<x221>[B] (+0) +0.482683983<x222>[B] (+0) +0.482683983<x223>[B] (+1) +0.482683983<x224>[B] (+0) +0.482683983<x225>[B] (+0) +0.482683983<x226>[B] (+1) -0.482683983<x227>[B] (+1) +0.482683983<x228>[B] (+0) -0.482683983<x229>[B] (+0) +0.482683983<x230>[B] (+0) +0.482683983<x231>[B] (+0) >= 20.8766233766234;
;
violation: left hand side is violated by 1.09090909090911
2/4 feasible solutions given by solution candidate storage, new primal bound -9.999692e+06

presolving:
   (0.0s) symmetry computation started: requiring (bin +, int +, cont +), (fixed: bin -, int -, cont -)
   (0.0s) no symmetry present (symcode time: 0.00)
presolving (0 rounds: 0 fast, 0 medium, 0 exhaustive):
 0 deleted vars, 0 deleted constraints, 0 added constraints, 0 tightened bounds, 0 added holes, 0 changed sides, 0 changed coefficients
 0 implications, 0 cliques, 0 implied integral variables (0 bin, 0 int, 0 cont)
presolved problem has 331 variables (231 bin, 0 int, 100 cont) and 3275 constraints
   3275 constraints of type <linear>
Presolving Time: 0.02
transformed 2/2 original solutions to the transformed problem space

 time | node  | left  |LP iter|LP it/n|mem/heur|mdpt |vars |cons |rows |cuts |sepa|confs|strbr|  dualbound   | primalbound  |  gap   | compl. 
p 0.1s|     1 |     0 |    59 |     - |   locks|   0 | 331 |3275 |3275 |   0 |  0 |   0 |   0 | 1.000000e+03 |-2.985879e+03 |    Inf | unknown
  0.2s|     1 |     0 |  1170 |     - |    36M |   0 | 331 |3275 |3275 |   0 |  0 |   0 |   0 |-2.407075e+03 |-2.985879e+03 |  24.05%| unknown
r 0.2s|     1 |     0 |  1170 |     - |shifting|   0 | 331 |3275 |3275 |   0 |  0 |   0 |   0 |-2.407075e+03 |-2.651142e+03 |  10.14%| unknown
  0.4s|     1 |     0 |  1272 |     - |    39M |   0 | 331 |3275 |3276 |   1 |  1 |   0 |   0 |-2.407488e+03 |-2.651142e+03 |  10.12%| unknown
  0.5s|     1 |     0 |  1272 |     - |    39M |   0 | 331 |3276 |3276 |   1 |  1 |   1 |   0 |-2.407488e+03 |-2.651142e+03 |  10.12%| unknown
  0.7s|     1 |     0 |  1341 |     - |    41M |   0 | 331 |3276 |3278 |   3 |  2 |   1 |   0 |-2.407751e+03 |-2.651142e+03 |  10.11%| unknown
  1.1s|     1 |     0 |  1401 |     - |    48M |   0 | 331 |3276 |3279 |   4 |  3 |   1 |   0 |-2.407865e+03 |-2.651142e+03 |  10.10%| unknown
  1.4s|     1 |     0 |  1481 |     - |    52M |   0 | 331 |3276 |3281 |   6 |  4 |   1 |   0 |-2.407966e+03 |-2.651142e+03 |  10.10%| unknown
  1.8s|     1 |     0 |  1522 |     - |    53M |   0 | 331 |3276 |3283 |   8 |  5 |   1 |   0 |-2.407982e+03 |-2.651142e+03 |  10.10%| unknown
  2.2s|     1 |     0 |  1615 |     - |    58M |   0 | 331 |3276 |3286 |  11 |  6 |   1 |   0 |-2.408038e+03 |-2.651142e+03 |  10.10%| unknown
  2.7s|     1 |     0 |  1679 |     - |    65M |   0 | 331 |3276 |3288 |  13 |  7 |   1 |   0 |-2.408067e+03 |-2.651142e+03 |  10.09%| unknown
  3.1s|     1 |     0 |  1726 |     - |    71M |   0 | 331 |3276 |3290 |  15 |  8 |   1 |   0 |-2.408097e+03 |-2.651142e+03 |  10.09%| unknown
  3.6s|     1 |     0 |  1838 |     - |    80M |   0 | 331 |3276 |3291 |  16 |  9 |   1 |   0 |-2.408144e+03 |-2.651142e+03 |  10.09%| unknown
  4.0s|     1 |     0 |  1916 |     - |    81M |   0 | 331 |3276 |3294 |  19 | 10 |   1 |   0 |-2.408224e+03 |-2.651142e+03 |  10.09%| unknown
  4.1s|     1 |     0 |  1918 |     - |    81M |   0 | 331 |3276 |3295 |  20 | 11 |   1 |   0 |-2.408224e+03 |-2.651142e+03 |  10.09%| unknown
 time | node  | left  |LP iter|LP it/n|mem/heur|mdpt |vars |cons |rows |cuts |sepa|confs|strbr|  dualbound   | primalbound  |  gap   | compl. 
  4.2s|     1 |     0 |  1921 |     - |    82M |   0 | 331 |3276 |3296 |  21 | 12 |   1 |   0 |-2.408224e+03 |-2.651142e+03 |  10.09%| unknown
r 4.2s|     1 |     0 |  2090 |     - |intshift|   0 | 331 |3277 |3296 |  21 | 12 |   2 |   0 |-2.408224e+03 |-2.492498e+03 |   3.50%| unknown
d 4.3s|     1 |     0 |  3270 |     - |farkasdi|   0 | 331 |3277 |3296 |   0 | 12 |   2 |   0 |-2.408224e+03 |-2.429303e+03 |   0.88%| unknown
L 4.9s|     1 |     0 |  3377 |     - |    rens|   0 | 331 |3284 |3296 |  21 | 12 |  10 |   0 |-2.408224e+03 |-2.416156e+03 |   0.33%| unknown
  5.0s|     1 |     0 |  3377 |     - |    83M |   0 | 331 |3284 |3296 |  21 | 12 |  10 |   0 |-2.408224e+03 |-2.416156e+03 |   0.33%| unknown
  5.0s|     1 |     0 |  3377 |     - |    83M |   0 | 331 |3284 |3217 |  21 | 12 |  10 |   0 |-2.408224e+03 |-2.416156e+03 |   0.33%| unknown
  5.0s|     1 |     0 |  3417 |     - |    84M |   0 | 331 |3284 |3218 |  22 | 13 |  10 |   0 |-2.408250e+03 |-2.416156e+03 |   0.33%| unknown
  5.0s|     1 |     0 |  3424 |     - |    84M |   0 | 331 |3285 |3219 |  23 | 14 |  11 |   0 |-2.408250e+03 |-2.416156e+03 |   0.33%| unknown
  7.1s|     1 |     2 |  3424 |     - |    84M |   0 | 331 |3205 |3219 |  23 | 14 |  11 |  33 |-2.410316e+03 |-2.416156e+03 |   0.24%| unknown

SCIP Status        : problem is solved [optimal solution found]
Solving Time (sec) : 8.87
Solving Nodes      : 5
Primal Bound       : -2.41615584415584e+03 (22 solutions)
Dual Bound         : -2.41615584415584e+03
Gap                : 0.00 %
  [linear] <c3276>: <x232>[C] (+36.5367965) -0.560606061<x1>[B] (+1) +0.560606061<x2>[B] (+1) -0.560606061<x3>[B] (+1) +0.560606061<x4>[B] (+1) +0.560606061<x5>[B] (+1) +0.560606061<x6>[B] (+1) +0.560606061<x7>[B] (+1) -0.560606061<x8>[B] (+1) +0.560606061<x9>[B] (+1) +0.560606061<x10>[B] (+1) -0.560606061<x11>[B] (+1) -0.560606061<x12>[B] (+1) -0.560606061<x13>[B] (+1) +0.560606061<x14>[B] (+1) +0.560606061<x15>[B] (+1) -0.560606061<x16>[B] (+1) +0.560606061<x17>[B] (+1) -0.560606061<x18>[B] (+1) +0.560606061<x19>[B] (+1) +0.560606061<x20>[B] (+1) +0.560606061<x21>[B] (+1) +0.560606061<x22>[B] (+0) +0.560606061<x23>[B] (+1) +0.560606061<x24>[B] (+1) +0.560606061<x25>[B] (+1) +0.560606061<x26>[B] (+1) +0.560606061<x27>[B] (+1) +0.560606061<x28>[B] (+1) +0.560606061<x29>[B] (+0) +0.560606061<x30>[B] (+0) -0.560606061<x31>[B] (+1) +0.560606061<x32>[B] (+0) -0.560606061<x33>[B] (+1) +0.560606061<x34>[B] (+0) +0.560606061<x35>[B] (+0) +0.560606061<x36>[B] (+1) +0.560606061<x37>[B] (+0) -0.560606061<x38>[B] (+1) +0.560606061<x39>[B] (+0) +0.560606061<x40>[B] (+1) +0.560606061<x41>[B] (+1) -0.560606061<x42>[B] (+1) +0.560606061<x43>[B] (+1) -0.560606061<x44>[B] (+1) -0.560606061<x45>[B] (+1) -0.560606061<x46>[B] (+1) -0.560606061<x47>[B] (+1) +0.560606061<x48>[B] (+0) -0.560606061<x49>[B] (+1) -0.560606061<x50>[B] (+1) -0.560606061<x51>[B] (+0) -0.560606061<x52>[B] (+1) -0.560606061<x53>[B] (+0) -0.560606061<x54>[B] (+0) -0.560606061<x55>[B] (+1) -0.560606061<x56>[B] (+0) -0.560606061<x57>[B] (+1) -0.560606061<x58>[B] (+0) +0.560606061<x59>[B] (+1) -0.560606061<x60>[B] (+1) +0.560606061<x61>[B] (+1) +0.560606061<x62>[B] (+1) +0.560606061<x63>[B] (+1) +0.560606061<x64>[B] (+0) +0.560606061<x65>[B] (+0) +0.560606061<x66>[B] (+0) +0.560606061<x67>[B] (+0) -0.560606061<x68>[B] (+1) +0.560606061<x69>[B] (+0) -0.560606061<x70>[B] (+1) +0.560606061<x71>[B] (+0) +0.560606061<x72>[B] (+0) +0.560606061<x73>[B] (+1) +0.560606061<x74>[B] (+0) -0.560606061<x75>[B] (+1) +0.560606061<x76>[B] (+0) +0.560606061<x77>[B] (+1) +0.560606061<x78>[B] (+1) -0.560606061<x79>[B] (+1) -0.560606061<x80>[B] (+0) -0.560606061<x81>[B] (+0) -0.560606061<x82>[B] (+0) +0.560606061<x83>[B] (+0) -0.560606061<x84>[B] (+0) -0.560606061<x85>[B] (+1) -0.560606061<x86>[B] (+0) -0.560606061<x87>[B] (+0) -0.560606061<x88>[B] (+0) -0.560606061<x89>[B] (+0) -0.560606061<x90>[B] (+0) -0.560606061<x91>[B] (+0) -0.560606061<x92>[B] (+1) -0.560606061<x93>[B] (+0) +0.560606061<x94>[B] (+0) -0.560606061<x95>[B] (+1) -0.560606061<x96>[B] (+0) -0.560606061<x97>[B] (+0) -0.560606061<x98>[B] (+0) +0.560606061<x99>[B] (+0) -0.560606061<x100>[B] (+0) -0.560606061<x101>[B] (+1) -0.560606061<x102>[B] (+0) -0.560606061<x103>[B] (+0) -0.560606061<x104>[B] (+0) -0.560606061<x105>[B] (+0) -0.560606061<x106>[B] (+0) -0.560606061<x107>[B] (+0) -0.560606061<x108>[B] (+1) -0.560606061<x109>[B] (+0) +0.560606061<x110>[B] (-4.52970994e-14) +0.560606061<x111>[B] (+1) -0.560606061<x112>[B] (+0) -0.560606061<x113>[B] (+0) +0.560606061<x114>[B] (+0) -0.560606061<x115>[B] (+0) -0.560606061<x116>[B] (+1) -0.560606061<x117>[B] (+0) -0.560606061<x118>[B] (+1) -0.560606061<x119>[B] (+0) -0.560606061<x120>[B] (+0) -0.560606061<x121>[B] (+1) -0.560606061<x122>[B] (+0) -0.560606061<x123>[B] (+1) +0.560606061<x124>[B] (+0) +0.560606061<x125>[B] (+1) +0.560606061<x126>[B] (+1) -0.560606061<x127>[B] (+1) +0.560606061<x128>[B] (+0) +0.560606061<x129>[B] (+0) -0.560606061<x130>[B] (+1) -0.560606061<x131>[B] (+0) -0.560606061<x132>[B] (+1) +0.560606061<x133>[B] (+0) +0.560606061<x134>[B] (+0) -0.560606061<x135>[B] (+1) +0.560606061<x136>[B] (+0) -0.560606061<x137>[B] (+1) +0.560606061<x138>[B] (+0) +0.560606061<x139>[B] (+1) +0.560606061<x140>[B] (+1) +0.560606061<x141>[B] (+0) +0.560606061<x142>[B] (+0) -0.560606061<x143>[B] (+1) +0.560606061<x144>[B] (+0) -0.560606061<x145>[B] (+1) +0.560606061<x146>[B] (+0) +0.560606061<x147>[B] (+0) +0.560606061<x148>[B] (+1) +0.560606061<x149>[B] (+0) -0.560606061<x150>[B] (+1) +0.560606061<x151>[B] (+0) +0.560606061<x152>[B] (+1) +0.560606061<x153>[B] (+1) -0.560606061<x154>[B] (+1) -0.560606061<x155>[B] (+1) -0.560606061<x156>[B] (+1) -0.560606061<x157>[B] (+1) -0.560606061<x158>[B] (-1.26565425e-14) -0.560606061<x159>[B] (+0) -0.560606061<x160>[B] (+1) -0.560606061<x161>[B] (+0) -0.560606061<x162>[B] (+1) -0.560606061<x163>[B] (+0) +0.560606061<x164>[B] (+1) -0.560606061<x165>[B] (+1) -0.560606061<x166>[B] (+1) -0.560606061<x167>[B] (-1.26565425e-14) -0.560606061<x168>[B] (+1) +0.560606061<x169>[B] (-1.26565425e-14) -0.560606061<x170>[B] (+0) -0.560606061<x171>[B] (+1) +0.560606061<x172>[B] (+0) -0.560606061<x173>[B] (+1) +0.560606061<x174>[B] (+0) +0.560606061<x175>[B] (+1) +0.560606061<x176>[B] (+1) +0.560606061<x177>[B] (+0) +0.560606061<x178>[B] (+0) +0.560606061<x179>[B] (+0) +0.560606061<x180>[B] (+0) +0.560606061<x181>[B] (+0) +0.560606061<x182>[B] (+0) +0.560606061<x183>[B] (+0) +0.560606061<x184>[B] (+0) +0.560606061<x185>[B] (+0) +0.560606061<x186>[B] (+1) -0.560606061<x187>[B] (+1) +0.560606061<x188>[B] (+0) +0.560606061<x189>[B] (+0) -0.560606061<x190>[B] (+1) +0.560606061<x191>[B] (+0) -0.560606061<x192>[B] (+1) +0.560606061<x193>[B] (+0) +0.560606061<x194>[B] (+1) +0.560606061<x195>[B] (+1) +0.560606061<x196>[B] (+0) +0.560606061<x197>[B] (+0) +0.560606061<x198>[B] (+0) +0.560606061<x199>[B] (+0) -0.560606061<x200>[B] (+1) +0.560606061<x201>[B] (+0) +0.560606061<x202>[B] (-4.52970994e-14) +0.560606061<x203>[B] (+1) -0.560606061<x204>[B] (+1) -0.560606061<x205>[B] (+1) +0.560606061<x206>[B] (+1) -0.560606061<x207>[B] (+1) +0.560606061<x208>[B] (+1) +0.560606061<x209>[B] (+1) +0.560606061<x210>[B] (+1) -0.560606061<x211>[B] (+1) +0.560606061<x212>[B] (+1) -0.560606061<x213>[B] (+1) +0.560606061<x214>[B] (+1) +0.560606061<x215>[B] (+1) +0.560606061<x216>[B] (+1) +0.560606061<x217>[B] (+0) -0.560606061<x218>[B] (+1) +0.560606061<x219>[B] (+0) +0.560606061<x220>[B] (+0) +0.560606061<x221>[B] (+1) -0.560606061<x222>[B] (+1) +0.560606061<x223>[B] (+1) +0.560606061<x224>[B] (+1) +0.560606061<x225>[B] (+1) +0.560606061<x226>[B] (+0) +0.560606061<x227>[B] (+0) +0.560606061<x228>[B] (+1) +0.560606061<x229>[B] (+1) +0.560606061<x230>[B] (+1) -0.560606061<x231>[B] (+1) >= 33.2164502164502;
;
violation: left hand side is violated by 0.0432900432900496
  [linear] <c3276>: <x232>[C] (+35.4502165) -0.560606061<x1>[B] (+1) +0.560606061<x2>[B] (+0) -0.560606061<x3>[B] (+1) +0.560606061<x4>[B] (+1) +0.560606061<x5>[B] (+1) +0.560606061<x6>[B] (+1) +0.560606061<x7>[B] (+1) -0.560606061<x8>[B] (+1) +0.560606061<x9>[B] (+0) +0.560606061<x10>[B] (+1) -0.560606061<x11>[B] (+1) -0.560606061<x12>[B] (+0) -0.560606061<x13>[B] (+1) +0.560606061<x14>[B] (+0) +0.560606061<x15>[B] (+1) -0.560606061<x16>[B] (+1) +0.560606061<x17>[B] (+1) -0.560606061<x18>[B] (+1) +0.560606061<x19>[B] (+1) +0.560606061<x20>[B] (+1) +0.560606061<x21>[B] (+1) +0.560606061<x22>[B] (+0) +0.560606061<x23>[B] (+1) +0.560606061<x24>[B] (+1) +0.560606061<x25>[B] (+1) +0.560606061<x26>[B] (+1) +0.560606061<x27>[B] (+1) +0.560606061<x28>[B] (+1) +0.560606061<x29>[B] (+0) +0.560606061<x30>[B] (+0) -0.560606061<x31>[B] (+1) +0.560606061<x32>[B] (+0) -0.560606061<x33>[B] (+1) +0.560606061<x34>[B] (+0) +0.560606061<x35>[B] (+0) +0.560606061<x36>[B] (+1) +0.560606061<x37>[B] (+1) -0.560606061<x38>[B] (+1) +0.560606061<x39>[B] (+1) +0.560606061<x40>[B] (+1) +0.560606061<x41>[B] (+1) -0.560606061<x42>[B] (+1) +0.560606061<x43>[B] (+1) -0.560606061<x44>[B] (+1) -0.560606061<x45>[B] (+1) -0.560606061<x46>[B] (+1) -0.560606061<x47>[B] (+1) +0.560606061<x48>[B] (+0) -0.560606061<x49>[B] (+1) -0.560606061<x50>[B] (+1) -0.560606061<x51>[B] (+0) -0.560606061<x52>[B] (+1) -0.560606061<x53>[B] (+0) -0.560606061<x54>[B] (+1) -0.560606061<x55>[B] (+1) -0.560606061<x56>[B] (+1) -0.560606061<x57>[B] (+1) -0.560606061<x58>[B] (+1) +0.560606061<x59>[B] (+1) -0.560606061<x60>[B] (+1) +0.560606061<x61>[B] (+1) +0.560606061<x62>[B] (+1) +0.560606061<x63>[B] (+1) +0.560606061<x64>[B] (+0) +0.560606061<x65>[B] (+1) +0.560606061<x66>[B] (+0) +0.560606061<x67>[B] (+0) -0.560606061<x68>[B] (+1) +0.560606061<x69>[B] (+0) -0.560606061<x70>[B] (+1) +0.560606061<x71>[B] (+0) +0.560606061<x72>[B] (+0) +0.560606061<x73>[B] (+1) +0.560606061<x74>[B] (+0) -0.560606061<x75>[B] (+1) +0.560606061<x76>[B] (+1) +0.560606061<x77>[B] (+1) +0.560606061<x78>[B] (+1) -0.560606061<x79>[B] (+1) -0.560606061<x80>[B] (+0) -0.560606061<x81>[B] (+0) -0.560606061<x82>[B] (+1) +0.560606061<x83>[B] (+0) -0.560606061<x84>[B] (+0) -0.560606061<x85>[B] (+1) -0.560606061<x86>[B] (+0) -0.560606061<x87>[B] (+1) -0.560606061<x88>[B] (+0) -0.560606061<x89>[B] (+0) -0.560606061<x90>[B] (+1) -0.560606061<x91>[B] (+0) -0.560606061<x92>[B] (+1) -0.560606061<x93>[B] (+0) +0.560606061<x94>[B] (+0) -0.560606061<x95>[B] (+1) -0.560606061<x96>[B] (+0) -0.560606061<x97>[B] (+0) -0.560606061<x98>[B] (+0) +0.560606061<x99>[B] (+0) -0.560606061<x100>[B] (+0) -0.560606061<x101>[B] (+0) -0.560606061<x102>[B] (+0) -0.560606061<x103>[B] (+0) -0.560606061<x104>[B] (+0) -0.560606061<x105>[B] (+0) -0.560606061<x106>[B] (+0) -0.560606061<x107>[B] (+0) -0.560606061<x108>[B] (+1) -0.560606061<x109>[B] (+0) +0.560606061<x110>[B] (+0) +0.560606061<x111>[B] (+1) -0.560606061<x112>[B] (+0) -0.560606061<x113>[B] (+1) +0.560606061<x114>[B] (+0) -0.560606061<x115>[B] (+0) -0.560606061<x116>[B] (+1) -0.560606061<x117>[B] (+0) -0.560606061<x118>[B] (+1) -0.560606061<x119>[B] (+0) -0.560606061<x120>[B] (+0) -0.560606061<x121>[B] (+1) -0.560606061<x122>[B] (+0) -0.560606061<x123>[B] (+1) +0.560606061<x124>[B] (+0) +0.560606061<x125>[B] (+1) +0.560606061<x126>[B] (+1) -0.560606061<x127>[B] (+1) +0.560606061<x128>[B] (+0) +0.560606061<x129>[B] (+0) -0.560606061<x130>[B] (+1) -0.560606061<x131>[B] (+0) -0.560606061<x132>[B] (+1) +0.560606061<x133>[B] (+0) +0.560606061<x134>[B] (+0) -0.560606061<x135>[B] (+1) +0.560606061<x136>[B] (+0) -0.560606061<x137>[B] (+1) +0.560606061<x138>[B] (+1) +0.560606061<x139>[B] (+1) +0.560606061<x140>[B] (+1) +0.560606061<x141>[B] (+0) +0.560606061<x142>[B] (+0) -0.560606061<x143>[B] (+0) +0.560606061<x144>[B] (+0) -0.560606061<x145>[B] (+1) +0.560606061<x146>[B] (+0) +0.560606061<x147>[B] (+0) +0.560606061<x148>[B] (+1) +0.560606061<x149>[B] (+0) -0.560606061<x150>[B] (+1) +0.560606061<x151>[B] (+0) +0.560606061<x152>[B] (+0) +0.560606061<x153>[B] (+1) -0.560606061<x154>[B] (+1) -0.560606061<x155>[B] (+1) -0.560606061<x156>[B] (+1) -0.560606061<x157>[B] (+1) -0.560606061<x158>[B] (+1) -0.560606061<x159>[B] (+1) -0.560606061<x160>[B] (+1) -0.560606061<x161>[B] (+1) -0.560606061<x162>[B] (+1) -0.560606061<x163>[B] (+1) +0.560606061<x164>[B] (+1) -0.560606061<x165>[B] (+1) -0.560606061<x166>[B] (+1) -0.560606061<x167>[B] (+0) -0.560606061<x168>[B] (+1) +0.560606061<x169>[B] (+0) -0.560606061<x170>[B] (+0) -0.560606061<x171>[B] (+1) +0.560606061<x172>[B] (+1) -0.560606061<x173>[B] (+1) +0.560606061<x174>[B] (+1) +0.560606061<x175>[B] (+1) +0.560606061<x176>[B] (+1) +0.560606061<x177>[B] (+0) +0.560606061<x178>[B] (+1) +0.560606061<x179>[B] (+0) +0.560606061<x180>[B] (+0) +0.560606061<x181>[B] (+1) +0.560606061<x182>[B] (+0) +0.560606061<x183>[B] (+1) +0.560606061<x184>[B] (+0) +0.560606061<x185>[B] (+0) +0.560606061<x186>[B] (+1) -0.560606061<x187>[B] (+1) +0.560606061<x188>[B] (+1) +0.560606061<x189>[B] (+1) -0.560606061<x190>[B] (+1) +0.560606061<x191>[B] (+1) -0.560606061<x192>[B] (+1) +0.560606061<x193>[B] (+1) +0.560606061<x194>[B] (+1) +0.560606061<x195>[B] (+1) +0.560606061<x196>[B] (+0) +0.560606061<x197>[B] (+0) +0.560606061<x198>[B] (+0) +0.560606061<x199>[B] (+0) -0.560606061<x200>[B] (+1) +0.560606061<x201>[B] (+0) +0.560606061<x202>[B] (-1.31006317e-14) +0.560606061<x203>[B] (+1) -0.560606061<x204>[B] (+1) -0.560606061<x205>[B] (+1) +0.560606061<x206>[B] (+1) -0.560606061<x207>[B] (+1) +0.560606061<x208>[B] (+1) +0.560606061<x209>[B] (+1) +0.560606061<x210>[B] (+1) -0.560606061<x211>[B] (+1) +0.560606061<x212>[B] (+1) -0.560606061<x213>[B] (+1) +0.560606061<x214>[B] (+1) +0.560606061<x215>[B] (+1) +0.560606061<x216>[B] (+1) +0.560606061<x217>[B] (+0) -0.560606061<x218>[B] (+1) +0.560606061<x219>[B] (+0) +0.560606061<x220>[B] (+0) +0.560606061<x221>[B] (+1) -0.560606061<x222>[B] (+1) +0.560606061<x223>[B] (+1) +0.560606061<x224>[B] (+1) +0.560606061<x225>[B] (+1) +0.560606061<x226>[B] (+0) +0.560606061<x227>[B] (+0) +0.560606061<x228>[B] (+1) +0.560606061<x229>[B] (+1) +0.560606061<x230>[B] (+1) -0.560606061<x231>[B] (+1) >= 33.2164502164502;
;
violation: left hand side is violated by 0.00865800865802413
  [linear] <c3280>: <x236>[C] (+31.495671) +0.53030303<x1>[B] (+1) +0.53030303<x2>[B] (+1) +0.53030303<x3>[B] (+1) -0.53030303<x4>[B] (+1) +0.53030303<x5>[B] (+1) +0.53030303<x6>[B] (+1) +0.53030303<x7>[B] (+1) +0.53030303<x8>[B] (+1) +0.53030303<x9>[B] (+0) +0.53030303<x10>[B] (+0) +0.53030303<x11>[B] (+1) +0.53030303<x12>[B] (+0) -0.53030303<x13>[B] (+1) -0.53030303<x14>[B] (+0) +0.53030303<x15>[B] (+0) +0.53030303<x16>[B] (+1) -0.53030303<x17>[B] (+0) +0.53030303<x18>[B] (+1) +0.53030303<x19>[B] (+1) +0.53030303<x20>[B] (+1) +0.53030303<x21>[B] (+1) -0.53030303<x22>[B] (+1) -0.53030303<x23>[B] (+1) -0.53030303<x24>[B] (+1) -0.53030303<x25>[B] (+1) -0.53030303<x26>[B] (+1) +0.53030303<x27>[B] (+1) -0.53030303<x28>[B] (+1) +0.53030303<x29>[B] (+0) -0.53030303<x30>[B] (+0) -0.53030303<x31>[B] (+1) -0.53030303<x32>[B] (+0) -0.53030303<x33>[B] (+1) -0.53030303<x34>[B] (+0) -0.53030303<x35>[B] (+0) -0.53030303<x36>[B] (+1) -0.53030303<x37>[B] (+0) -0.53030303<x38>[B] (+1) -0.53030303<x39>[B] (+1) -0.53030303<x40>[B] (+1) -0.53030303<x41>[B] (+1) +0.53030303<x42>[B] (+1) -0.53030303<x43>[B] (+0) -0.53030303<x44>[B] (+0) +0.53030303<x45>[B] (+1) +0.53030303<x46>[B] (+1) -0.53030303<x47>[B] (+1) +0.53030303<x48>[B] (+0) +0.53030303<x49>[B] (+0) -0.53030303<x50>[B] (+1) +0.53030303<x51>[B] (+0) -0.53030303<x52>[B] (+0) -0.53030303<x53>[B] (+0) +0.53030303<x54>[B] (+0) +0.53030303<x55>[B] (+1) -0.53030303<x56>[B] (+0) -0.53030303<x57>[B] (+1) -0.53030303<x58>[B] (+0) -0.53030303<x59>[B] (+1) +0.53030303<x60>[B] (+1) -0.53030303<x61>[B] (+0) -0.53030303<x62>[B] (+0) -0.53030303<x63>[B] (+1) +0.53030303<x64>[B] (+0) -0.53030303<x65>[B] (+1) +0.53030303<x66>[B] (+0) -0.53030303<x67>[B] (+0) -0.53030303<x68>[B] (+1) -0.53030303<x69>[B] (+0) -0.53030303<x70>[B] (+0) -0.53030303<x71>[B] (+0) -0.53030303<x72>[B] (+0) -0.53030303<x73>[B] (+1) -0.53030303<x74>[B] (+0) -0.53030303<x75>[B] (+1) -0.53030303<x76>[B] (+0) -0.53030303<x77>[B] (+1) -0.53030303<x78>[B] (+1) +0.53030303<x79>[B] (+1) +0.53030303<x80>[B] (+1) +0.53030303<x81>[B] (+1) +0.53030303<x82>[B] (+1) +0.53030303<x83>[B] (+0) +0.53030303<x84>[B] (+0) +0.53030303<x85>[B] (+1) +0.53030303<x86>[B] (+0) -0.53030303<x87>[B] (+1) +0.53030303<x88>[B] (+0) +0.53030303<x89>[B] (+0) +0.53030303<x90>[B] (+1) +0.53030303<x91>[B] (+0) +0.53030303<x92>[B] (+1) +0.53030303<x93>[B] (+0) +0.53030303<x94>[B] (+1) +0.53030303<x95>[B] (+1) +0.53030303<x96>[B] (+1) +0.53030303<x97>[B] (+1) -0.53030303<x98>[B] (+1) +0.53030303<x99>[B] (+0) +0.53030303<x100>[B] (+0) -0.53030303<x101>[B] (+1) +0.53030303<x102>[B] (+0) -0.53030303<x103>[B] (+1) -0.53030303<x104>[B] (+0) +0.53030303<x105>[B] (+0) +0.53030303<x106>[B] (+1) -0.53030303<x107>[B] (+0) -0.53030303<x108>[B] (+1) +0.53030303<x109>[B] (+0) -0.53030303<x110>[B] (+1) +0.53030303<x111>[B] (+1) +0.53030303<x112>[B] (+0) -0.53030303<x113>[B] (+0) +0.53030303<x114>[B] (+0) -0.53030303<x115>[B] (+0) -0.53030303<x116>[B] (+1) -0.53030303<x117>[B] (+0) -0.53030303<x118>[B] (+0) -0.53030303<x119>[B] (+0) +0.53030303<x120>[B] (+0) -0.53030303<x121>[B] (+0) -0.53030303<x122>[B] (+0) -0.53030303<x123>[B] (+1) -0.53030303<x124>[B] (+0) -0.53030303<x125>[B] (+0) -0.53030303<x126>[B] (+1) -0.53030303<x127>[B] (+1) +0.53030303<x128>[B] (+0) -0.53030303<x129>[B] (+0) -0.53030303<x130>[B] (+1) -0.53030303<x131>[B] (+0) -0.53030303<x132>[B] (+0) -0.53030303<x133>[B] (+0) -0.53030303<x134>[B] (+0) -0.53030303<x135>[B] (+1) -0.53030303<x136>[B] (+0) -0.53030303<x137>[B] (+1) -0.53030303<x138>[B] (+0) -0.53030303<x139>[B] (+1) -0.53030303<x140>[B] (+1) +0.53030303<x141>[B] (+0) +0.53030303<x142>[B] (+0) -0.53030303<x143>[B] (+1) +0.53030303<x144>[B] (+0) -0.53030303<x145>[B] (+0) -0.53030303<x146>[B] (+0) +0.53030303<x147>[B] (+0) +0.53030303<x148>[B] (+0) -0.53030303<x149>[B] (+0) -0.53030303<x150>[B] (+1) +0.53030303<x151>[B] (+0) -0.53030303<x152>[B] (+0) +0.53030303<x153>[B] (+1) -0.53030303<x154>[B] (+1) -0.53030303<x155>[B] (+1) -0.53030303<x156>[B] (+1) -0.53030303<x157>[B] (+1) -0.53030303<x158>[B] (+1) -0.53030303<x159>[B] (+1) -0.53030303<x160>[B] (+1) -0.53030303<x161>[B] (+1) -0.53030303<x162>[B] (+1) -0.53030303<x163>[B] (+1) -0.53030303<x164>[B] (+1) -0.53030303<x165>[B] (+1) -0.53030303<x166>[B] (+1) -0.53030303<x167>[B] (+1) -0.53030303<x168>[B] (+1) -0.53030303<x169>[B] (+1) +0.53030303<x170>[B] (+1) -0.53030303<x171>[B] (+1) -0.53030303<x172>[B] (+0) -0.53030303<x173>[B] (+1) -0.53030303<x174>[B] (+1) -0.53030303<x175>[B] (+1) -0.53030303<x176>[B] (+1) +0.53030303<x177>[B] (+0) -0.53030303<x178>[B] (+0) -0.53030303<x179>[B] (+0) +0.53030303<x180>[B] (+0) +0.53030303<x181>[B] (+0) -0.53030303<x182>[B] (+0) -0.53030303<x183>[B] (+1) +0.53030303<x184>[B] (+0) -0.53030303<x185>[B] (+0) +0.53030303<x186>[B] (+1) -0.53030303<x187>[B] (+1) -0.53030303<x188>[B] (+1) +0.53030303<x189>[B] (+1) +0.53030303<x190>[B] (+1) -0.53030303<x191>[B] (+0) -0.53030303<x192>[B] (+1) -0.53030303<x193>[B] (+1) -0.53030303<x194>[B] (+1) +0.53030303<x195>[B] (+1) +0.53030303<x196>[B] (+0) +0.53030303<x197>[B] (+0) +0.53030303<x198>[B] (+1) +0.53030303<x199>[B] (+0) +0.53030303<x200>[B] (+1) +0.53030303<x201>[B] (+0) +0.53030303<x202>[B] (+1) +0.53030303<x203>[B] (+1) +0.53030303<x204>[B] (+0) +0.53030303<x205>[B] (+1) +0.53030303<x206>[B] (+0) +0.53030303<x207>[B] (+1) +0.53030303<x208>[B] (+1) +0.53030303<x209>[B] (+1) +0.53030303<x210>[B] (+1) -0.53030303<x211>[B] (+1) -0.53030303<x212>[B] (+0) -0.53030303<x213>[B] (+1) -0.53030303<x214>[B] (+1) -0.53030303<x215>[B] (+1) -0.53030303<x216>[B] (+1) -0.53030303<x217>[B] (+0) -0.53030303<x218>[B] (+1) -0.53030303<x219>[B] (+0) -0.53030303<x220>[B] (+0) +0.53030303<x221>[B] (+1) +0.53030303<x222>[B] (+1) +0.53030303<x223>[B] (+1) +0.53030303<x224>[B] (+1) +0.53030303<x225>[B] (+1) +0.53030303<x226>[B] (+0) -0.53030303<x227>[B] (+0) +0.53030303<x228>[B] (+1) -0.53030303<x229>[B] (+1) +0.53030303<x230>[B] (+1) +0.53030303<x231>[B] (+1) >= 20.0194805194805;
;
violation: left hand side is violated by 0.19047619047619
  [linear] <c3301>: <x260>[C] (+47.8160173) -0.647186147<x1>[B] (+1) -0.647186147<x2>[B] (+1) -0.647186147<x3>[B] (+1) -0.647186147<x4>[B] (+1) -0.647186147<x5>[B] (+1) -0.647186147<x6>[B] (+1) -0.647186147<x7>[B] (+1) -0.647186147<x8>[B] (+1) +0.647186147<x9>[B] (+0) -0.647186147<x10>[B] (+0) -0.647186147<x11>[B] (+1) +0.647186147<x12>[B] (+1) -0.647186147<x13>[B] (+1) -0.647186147<x14>[B] (+0) -0.647186147<x15>[B] (+1) -0.647186147<x16>[B] (+1) -0.647186147<x17>[B] (+0) -0.647186147<x18>[B] (+1) -0.647186147<x19>[B] (+1) -0.647186147<x20>[B] (+1) -0.647186147<x21>[B] (+1) -0.647186147<x22>[B] (+0) +0.647186147<x23>[B] (+0) -0.647186147<x24>[B] (+0) -0.647186147<x25>[B] (+1) -0.647186147<x26>[B] (+1) +0.647186147<x27>[B] (+0) +0.647186147<x28>[B] (+1) +0.647186147<x29>[B] (+0) +0.647186147<x30>[B] (+0) +0.647186147<x31>[B] (+1) +0.647186147<x32>[B] (+0) +0.647186147<x33>[B] (+1) +0.647186147<x34>[B] (+0) +0.647186147<x35>[B] (+1) +0.647186147<x36>[B] (+1) -0.647186147<x37>[B] (+0) -0.647186147<x38>[B] (+1) -0.647186147<x39>[B] (+0) +0.647186147<x40>[B] (+1) -0.647186147<x41>[B] (+1) +0.647186147<x42>[B] (+1) -0.647186147<x43>[B] (+1) +0.647186147<x44>[B] (+1) +0.647186147<x45>[B] (+1) +0.647186147<x46>[B] (+1) +0.647186147<x47>[B] (+1) +0.647186147<x48>[B] (+0) +0.647186147<x49>[B] (+0) +0.647186147<x50>[B] (+1) +0.647186147<x51>[B] (+0) +0.647186147<x52>[B] (+1) +0.647186147<x53>[B] (+0) +0.647186147<x54>[B] (+1) +0.647186147<x55>[B] (+1) -0.647186147<x56>[B] (+0) -0.647186147<x57>[B] (+1) -0.647186147<x58>[B] (+1) +0.647186147<x59>[B] (+1) -0.647186147<x60>[B] (+1) -0.647186147<x61>[B] (+1) -0.647186147<x62>[B] (+1) -0.647186147<x63>[B] (+1) -0.647186147<x64>[B] (+0) -0.647186147<x65>[B] (+1) +0.647186147<x66>[B] (+0) +0.647186147<x67>[B] (+0) -0.647186147<x68>[B] (+1) +0.647186147<x69>[B] (+0) -0.647186147<x70>[B] (+1) +0.647186147<x71>[B] (+0) -0.647186147<x72>[B] (+1) -0.647186147<x73>[B] (+1) -0.647186147<x74>[B] (+0) -0.647186147<x75>[B] (+1) -0.647186147<x76>[B] (+1) -0.647186147<x77>[B] (+1) -0.647186147<x78>[B] (+1) +0.647186147<x79>[B] (+1) +0.647186147<x80>[B] (+1) +0.647186147<x81>[B] (+0) +0.647186147<x82>[B] (+1) +0.647186147<x83>[B] (+0) +0.647186147<x84>[B] (+0) +0.647186147<x85>[B] (+1) +0.647186147<x86>[B] (+0) +0.647186147<x87>[B] (+1) +0.647186147<x88>[B] (+0) +0.647186147<x89>[B] (+1) +0.647186147<x90>[B] (+1) -0.647186147<x91>[B] (+0) -0.647186147<x92>[B] (+1) +0.647186147<x93>[B] (+0) +0.647186147<x94>[B] (+1) +0.647186147<x95>[B] (+1) -0.647186147<x96>[B] (+0) +0.647186147<x97>[B] (+0) +0.647186147<x98>[B] (+0) +0.647186147<x99>[B] (+0) +0.647186147<x100>[B] (+0) +0.647186147<x101>[B] (+0) +0.647186147<x102>[B] (+0) +0.647186147<x103>[B] (+0) +0.647186147<x104>[B] (+0) +0.647186147<x105>[B] (+0) +0.647186147<x106>[B] (+1) -0.647186147<x107>[B] (+0) -0.647186147<x108>[B] (+1) -0.647186147<x109>[B] (+0) +0.647186147<x110>[B] (+0) -0.647186147<x111>[B] (+1) +0.647186147<x112>[B] (+0) +0.647186147<x113>[B] (+1) +0.647186147<x114>[B] (+0) +0.647186147<x115>[B] (+0) +0.647186147<x116>[B] (+1) +0.647186147<x117>[B] (+0) +0.647186147<x118>[B] (+1) +0.647186147<x119>[B] (+0) +0.647186147<x120>[B] (+1) +0.647186147<x121>[B] (+1) -0.647186147<x122>[B] (+0) -0.647186147<x123>[B] (+1) -0.647186147<x124>[B] (+0) +0.647186147<x125>[B] (+1) -0.647186147<x126>[B] (+1) +0.647186147<x127>[B] (+1) +0.647186147<x128>[B] (+0) +0.647186147<x129>[B] (+0) -0.647186147<x130>[B] (+1) +0.647186147<x131>[B] (+0) -0.647186147<x132>[B] (+1) +0.647186147<x133>[B] (+0) -0.647186147<x134>[B] (+1) -0.647186147<x135>[B] (+1) -0.647186147<x136>[B] (+0) -0.647186147<x137>[B] (+1) -0.647186147<x138>[B] (+1) -0.647186147<x139>[B] (+1) -0.647186147<x140>[B] (+1) +0.647186147<x141>[B] (+0) +0.647186147<x142>[B] (+0) -0.647186147<x143>[B] (+0) +0.647186147<x144>[B] (+0) -0.647186147<x145>[B] (+1) +0.647186147<x146>[B] (+0) -0.647186147<x147>[B] (+0) -0.647186147<x148>[B] (+1) -0.647186147<x149>[B] (+0) -0.647186147<x150>[B] (+1) -0.647186147<x151>[B] (+0) -0.647186147<x152>[B] (+0) -0.647186147<x153>[B] (+1) -0.647186147<x154>[B] (+1) -0.647186147<x155>[B] (+1) -0.647186147<x156>[B] (+1) -0.647186147<x157>[B] (+1) -0.647186147<x158>[B] (+0) -0.647186147<x159>[B] (+1) -0.647186147<x160>[B] (+1) -0.647186147<x161>[B] (+0) -0.647186147<x162>[B] (+1) -0.647186147<x163>[B] (+1) -0.647186147<x164>[B] (+1) -0.647186147<x165>[B] (+1) -0.647186147<x166>[B] (+1) +0.647186147<x167>[B] (+1) -0.647186147<x168>[B] (+1) +0.647186147<x169>[B] (+0) -0.647186147<x170>[B] (+1) -0.647186147<x171>[B] (+1) -0.647186147<x172>[B] (+0) -0.647186147<x173>[B] (+1) -0.647186147<x174>[B] (+1) -0.647186147<x175>[B] (+1) -0.647186147<x176>[B] (+1) +0.647186147<x177>[B] (+0) -0.647186147<x178>[B] (+1) +0.647186147<x179>[B] (+0) -0.647186147<x180>[B] (+0) -0.647186147<x181>[B] (+1) -0.647186147<x182>[B] (+0) -0.647186147<x183>[B] (+1) -0.647186147<x184>[B] (+0) -0.647186147<x185>[B] (+0) -0.647186147<x186>[B] (+1) -0.647186147<x187>[B] (+1) -0.647186147<x188>[B] (+0) -0.647186147<x189>[B] (+1) -0.647186147<x190>[B] (+1) -0.647186147<x191>[B] (+0) -0.647186147<x192>[B] (+1) -0.647186147<x193>[B] (+1) -0.647186147<x194>[B] (+1) -0.647186147<x195>[B] (+1) +0.647186147<x196>[B] (+0) -0.647186147<x197>[B] (+0) -0.647186147<x198>[B] (+1) -0.647186147<x199>[B] (+0) -0.647186147<x200>[B] (+1) -0.647186147<x201>[B] (+0) +0.647186147<x202>[B] (+0) -0.647186147<x203>[B] (+1) -0.647186147<x204>[B] (+1) -0.647186147<x205>[B] (+1) -0.647186147<x206>[B] (+0) -0.647186147<x207>[B] (+1) -0.647186147<x208>[B] (+1) -0.647186147<x209>[B] (+1) -0.647186147<x210>[B] (+1) -0.647186147<x211>[B] (+1) -0.647186147<x212>[B] (+0) -0.647186147<x213>[B] (+1) -0.647186147<x214>[B] (+0) +0.647186147<x215>[B] (+0) -0.647186147<x216>[B] (+1) -0.647186147<x217>[B] (+0) -0.647186147<x218>[B] (+0) -0.647186147<x219>[B] (+0) +0.647186147<x220>[B] (+0) -0.647186147<x221>[B] (+0) +0.647186147<x222>[B] (+1) +0.647186147<x223>[B] (+1) +0.647186147<x224>[B] (+1) +0.647186147<x225>[B] (+1) +0.647186147<x226>[B] (+0) +0.647186147<x227>[B] (+0) +0.647186147<x228>[B] (+1) +0.647186147<x229>[B] (+1) -0.647186147<x230>[B] (+1) -0.647186147<x231>[B] (+1) >= 12.4588744588745;
;
violation: left hand side is violated by 0.238095238095283
  [linear] <c3294>: <x253>[C] (+21.4069264) +0.426406926<x1>[B] (+1) -0.426406926<x2>[B] (+1) -0.426406926<x3>[B] (+1) -0.426406926<x4>[B] (+1) +0.426406926<x5>[B] (+1) +0.426406926<x6>[B] (+1) +0.426406926<x7>[B] (+1) -0.426406926<x8>[B] (+1) -0.426406926<x9>[B] (+1) +0.426406926<x10>[B] (+1) -0.426406926<x11>[B] (+1) -0.426406926<x12>[B] (+1) +0.426406926<x13>[B] (+1) -0.426406926<x14>[B] (+1) -0.426406926<x15>[B] (+1) -0.426406926<x16>[B] (+1) -0.426406926<x17>[B] (+1) -0.426406926<x18>[B] (+1) -0.426406926<x19>[B] (+1) +0.426406926<x20>[B] (+1) -0.426406926<x21>[B] (+1) -0.426406926<x22>[B] (+0) -0.426406926<x23>[B] (+1) -0.426406926<x24>[B] (+1) +0.426406926<x25>[B] (+1) -0.426406926<x26>[B] (+1) -0.426406926<x27>[B] (+0) -0.426406926<x28>[B] (+1) -0.426406926<x29>[B] (+0) -0.426406926<x30>[B] (+0) -0.426406926<x31>[B] (+1) -0.426406926<x32>[B] (+0) +0.426406926<x33>[B] (+1) -0.426406926<x34>[B] (+0) -0.426406926<x35>[B] (+1) -0.426406926<x36>[B] (+1) -0.426406926<x37>[B] (+0) -0.426406926<x38>[B] (+1) -0.426406926<x39>[B] (+0) -0.426406926<x40>[B] (+1) -0.426406926<x41>[B] (+1) -0.426406926<x42>[B] (+1) -0.426406926<x43>[B] (+1) +0.426406926<x44>[B] (+1) +0.426406926<x45>[B] (+1) +0.426406926<x46>[B] (+1) -0.426406926<x47>[B] (+1) -0.426406926<x48>[B] (+0) +0.426406926<x49>[B] (+0) +0.426406926<x50>[B] (+1) +0.426406926<x51>[B] (+0) +0.426406926<x52>[B] (+1) -0.426406926<x53>[B] (+0) +0.426406926<x54>[B] (+1) -0.426406926<x55>[B] (+1) +0.426406926<x56>[B] (+0) +0.426406926<x57>[B] (+1) -0.426406926<x58>[B] (+1) +0.426406926<x59>[B] (+1) +0.426406926<x60>[B] (+1) -0.426406926<x61>[B] (+1) +0.426406926<x62>[B] (+1) +0.426406926<x63>[B] (+1) +0.426406926<x64>[B] (+0) +0.426406926<x65>[B] (+1) -0.426406926<x66>[B] (+0) +0.426406926<x67>[B] (+0) +0.426406926<x68>[B] (+1) +0.426406926<x69>[B] (+0) +0.426406926<x70>[B] (+1) +0.426406926<x71>[B] (+0) +0.426406926<x72>[B] (+0) +0.426406926<x73>[B] (+1) +0.426406926<x74>[B] (+0) +0.426406926<x75>[B] (+1) +0.426406926<x76>[B] (+0) +0.426406926<x77>[B] (+1) +0.426406926<x78>[B] (+1) +0.426406926<x79>[B] (+1) +0.426406926<x80>[B] (+1) +0.426406926<x81>[B] (+0) +0.426406926<x82>[B] (+1) +0.426406926<x83>[B] (+0) +0.426406926<x84>[B] (+0) +0.426406926<x85>[B] (+1) +0.426406926<x86>[B] (+0) +0.426406926<x87>[B] (+1) +0.426406926<x88>[B] (+0) +0.426406926<x89>[B] (+0) +0.426406926<x90>[B] (+1) +0.426406926<x91>[B] (+0) +0.426406926<x92>[B] (+1) +0.426406926<x93>[B] (+0) +0.426406926<x94>[B] (+1) +0.426406926<x95>[B] (+1) -0.426406926<x96>[B] (+0) -0.426406926<x97>[B] (+0) -0.426406926<x98>[B] (+0) -0.426406926<x99>[B] (+0) -0.426406926<x100>[B] (+0) -0.426406926<x101>[B] (+1) -0.426406926<x102>[B] (+0) +0.426406926<x103>[B] (+0) -0.426406926<x104>[B] (+0) -0.426406926<x105>[B] (+0) -0.426406926<x106>[B] (+1) -0.426406926<x107>[B] (+0) -0.426406926<x108>[B] (+0) -0.426406926<x109>[B] (+0) -0.426406926<x110>[B] (+0) -0.426406926<x111>[B] (+1) -0.426406926<x112>[B] (+0) -0.426406926<x113>[B] (+0) -0.426406926<x114>[B] (+0) +0.426406926<x115>[B] (+0) -0.426406926<x116>[B] (+1) -0.426406926<x117>[B] (+0) +0.426406926<x118>[B] (+1) -0.426406926<x119>[B] (+0) -0.426406926<x120>[B] (+0) -0.426406926<x121>[B] (+1) -0.426406926<x122>[B] (+0) -0.426406926<x123>[B] (+1) -0.426406926<x124>[B] (+0) +0.426406926<x125>[B] (+0) -0.426406926<x126>[B] (+1) -0.426406926<x127>[B] (+1) -0.426406926<x128>[B] (+0) +0.426406926<x129>[B] (+0) -0.426406926<x130>[B] (+1) -0.426406926<x131>[B] (+0) +0.426406926<x132>[B] (+1) -0.426406926<x133>[B] (+0) -0.426406926<x134>[B] (+1) -0.426406926<x135>[B] (+1) -0.426406926<x136>[B] (+0) -0.426406926<x137>[B] (+1) -0.426406926<x138>[B] (+1) +0.426406926<x139>[B] (+1) -0.426406926<x140>[B] (+1) -0.426406926<x141>[B] (+0) +0.426406926<x142>[B] (+0) +0.426406926<x143>[B] (+1) +0.426406926<x144>[B] (+0) +0.426406926<x145>[B] (+1) -0.426406926<x146>[B] (+0) +0.426406926<x147>[B] (+0) -0.426406926<x148>[B] (+1) +0.426406926<x149>[B] (+0) +0.426406926<x150>[B] (+1) -0.426406926<x151>[B] (+0) +0.426406926<x152>[B] (+1) +0.426406926<x153>[B] (+1) +0.426406926<x154>[B] (+1) +0.426406926<x155>[B] (+1) +0.426406926<x156>[B] (+1) +0.426406926<x157>[B] (+1) +0.426406926<x158>[B] (+1) +0.426406926<x159>[B] (+1) +0.426406926<x160>[B] (+1) +0.426406926<x161>[B] (+1) +0.426406926<x162>[B] (+1) +0.426406926<x163>[B] (+1) +0.426406926<x164>[B] (+1) +0.426406926<x165>[B] (+1) -0.426406926<x166>[B] (+1) -0.426406926<x167>[B] (+0) +0.426406926<x168>[B] (+1) -0.426406926<x169>[B] (+0) -0.426406926<x170>[B] (+1) -0.426406926<x171>[B] (+1) -0.426406926<x172>[B] (+1) -0.426406926<x173>[B] (+1) -0.426406926<x174>[B] (+1) +0.426406926<x175>[B] (+1) -0.426406926<x176>[B] (+1) -0.426406926<x177>[B] (+0) +0.426406926<x178>[B] (+0) -0.426406926<x179>[B] (+0) +0.426406926<x180>[B] (+0) -0.426406926<x181>[B] (+1) +0.426406926<x182>[B] (+0) +0.426406926<x183>[B] (+0) -0.426406926<x184>[B] (+0) +0.426406926<x185>[B] (+0) +0.426406926<x186>[B] (+1) +0.426406926<x187>[B] (+1) -0.426406926<x188>[B] (+1) +0.426406926<x189>[B] (+1) -0.426406926<x190>[B] (+1) +0.426406926<x191>[B] (+1) +0.426406926<x192>[B] (+1) -0.426406926<x193>[B] (+1) +0.426406926<x194>[B] (+1) +0.426406926<x195>[B] (+1) -0.426406926<x196>[B] (+0) -0.426406926<x197>[B] (+0) -0.426406926<x198>[B] (+1) -0.426406926<x199>[B] (+0) -0.426406926<x200>[B] (+1) -0.426406926<x201>[B] (+0) -0.426406926<x202>[B] (+0) -0.426406926<x203>[B] (+1) +0.426406926<x204>[B] (+1) +0.426406926<x205>[B] (+1) +0.426406926<x206>[B] (+1) +0.426406926<x207>[B] (+1) -0.426406926<x208>[B] (+1) +0.426406926<x209>[B] (+1) +0.426406926<x210>[B] (+1) -0.426406926<x211>[B] (+1) +0.426406926<x212>[B] (+0) +0.426406926<x213>[B] (+1) -0.426406926<x214>[B] (+0) +0.426406926<x215>[B] (+1) +0.426406926<x216>[B] (+1) +0.426406926<x217>[B] (+0) +0.426406926<x218>[B] (+0) -0.426406926<x219>[B] (+0) +0.426406926<x220>[B] (+0) +0.426406926<x221>[B] (+0) +0.426406926<x222>[B] (+1) -0.426406926<x223>[B] (+1) +0.426406926<x224>[B] (+1) +0.426406926<x225>[B] (+1) -0.426406926<x226>[B] (+0) +0.426406926<x227>[B] (+0) +0.426406926<x228>[B] (+1) +0.426406926<x229>[B] (+1) +0.426406926<x230>[B] (+1) -0.426406926<x231>[B] (+1) >= 28.8896103896104;
;
violation: left hand side is violated by 0.233766233766218
  [linear] <c3283>: <x240>[C] (+33.7943723) +0.551948052<x1>[B] (+1) -0.551948052<x2>[B] (+1) -0.551948052<x3>[B] (+1) -0.551948052<x4>[B] (+1) -0.551948052<x5>[B] (+1) +0.551948052<x6>[B] (+1) +0.551948052<x7>[B] (+1) -0.551948052<x8>[B] (+1) -0.551948052<x9>[B] (+1) -0.551948052<x10>[B] (+1) +0.551948052<x11>[B] (+1) -0.551948052<x12>[B] (+1) -0.551948052<x13>[B] (+1) +0.551948052<x14>[B] (+1) +0.551948052<x15>[B] (+1) -0.551948052<x16>[B] (+1) +0.551948052<x17>[B] (+1) -0.551948052<x18>[B] (+1) +0.551948052<x19>[B] (+1) -0.551948052<x20>[B] (+1) +0.551948052<x21>[B] (+1) -0.551948052<x22>[B] (+0) -0.551948052<x23>[B] (+1) -0.551948052<x24>[B] (+1) -0.551948052<x25>[B] (+1) -0.551948052<x26>[B] (+1) -0.551948052<x27>[B] (+1) -0.551948052<x28>[B] (+1) -0.551948052<x29>[B] (+0) -0.551948052<x30>[B] (+0) +0.551948052<x31>[B] (+1) -0.551948052<x32>[B] (+0) -0.551948052<x33>[B] (+1) +0.551948052<x34>[B] (+0) +0.551948052<x35>[B] (+0) -0.551948052<x36>[B] (+1) +0.551948052<x37>[B] (+0) -0.551948052<x38>[B] (+1) -0.551948052<x39>[B] (+1) -0.551948052<x40>[B] (+1) +0.551948052<x41>[B] (+1) -0.551948052<x42>[B] (+1) +0.551948052<x43>[B] (+1) +0.551948052<x44>[B] (+1) +0.551948052<x45>[B] (+1) +0.551948052<x46>[B] (+1) +0.551948052<x47>[B] (+1) +0.551948052<x48>[B] (+0) -0.551948052<x49>[B] (+0) +0.551948052<x50>[B] (+1) -0.551948052<x51>[B] (+0) +0.551948052<x52>[B] (+1) +0.551948052<x53>[B] (+0) +0.551948052<x54>[B] (+0) +0.551948052<x55>[B] (+1) +0.551948052<x56>[B] (+0) +0.551948052<x57>[B] (+1) +0.551948052<x58>[B] (+1) +0.551948052<x59>[B] (+1) +0.551948052<x60>[B] (+1) +0.551948052<x61>[B] (+0) +0.551948052<x62>[B] (+0) +0.551948052<x63>[B] (+0) +0.551948052<x64>[B] (+0) +0.551948052<x65>[B] (+1) +0.551948052<x66>[B] (+0) +0.551948052<x67>[B] (+0) +0.551948052<x68>[B] (+1) +0.551948052<x69>[B] (+0) +0.551948052<x70>[B] (+0) +0.551948052<x71>[B] (+0) +0.551948052<x72>[B] (+0) +0.551948052<x73>[B] (+1) +0.551948052<x74>[B] (+0) +0.551948052<x75>[B] (+1) +0.551948052<x76>[B] (+0) +0.551948052<x77>[B] (+1) +0.551948052<x78>[B] (+1) -0.551948052<x79>[B] (+1) +0.551948052<x80>[B] (+1) +0.551948052<x81>[B] (+0) +0.551948052<x82>[B] (+1) +0.551948052<x83>[B] (+0) -0.551948052<x84>[B] (+0) +0.551948052<x85>[B] (+1) -0.551948052<x86>[B] (+0) +0.551948052<x87>[B] (+1) +0.551948052<x88>[B] (+0) +0.551948052<x89>[B] (+0) -0.551948052<x90>[B] (+1) +0.551948052<x91>[B] (+0) +0.551948052<x92>[B] (+1) +0.551948052<x93>[B] (+0) -0.551948052<x94>[B] (+1) +0.551948052<x95>[B] (+1) +0.551948052<x96>[B] (+0) +0.551948052<x97>[B] (+0) +0.551948052<x98>[B] (+1) +0.551948052<x99>[B] (+0) -0.551948052<x100>[B] (+0) +0.551948052<x101>[B] (+1) -0.551948052<x102>[B] (+0) +0.551948052<x103>[B] (+0) +0.551948052<x104>[B] (+0) +0.551948052<x105>[B] (+0) -0.551948052<x106>[B] (+1) +0.551948052<x107>[B] (+0) +0.551948052<x108>[B] (+1) +0.551948052<x109>[B] (+0) +0.551948052<x110>[B] (+1) +0.551948052<x111>[B] (+1) +0.551948052<x112>[B] (+0) -0.551948052<x113>[B] (+1) -0.551948052<x114>[B] (+0) -0.551948052<x115>[B] (+0) +0.551948052<x116>[B] (+1) -0.551948052<x117>[B] (+0) -0.551948052<x118>[B] (+1) +0.551948052<x119>[B] (+0) +0.551948052<x120>[B] (+0) -0.551948052<x121>[B] (+1) +0.551948052<x122>[B] (+0) -0.551948052<x123>[B] (+1) +0.551948052<x124>[B] (+0) -0.551948052<x125>[B] (+1) +0.551948052<x126>[B] (+1) -0.551948052<x127>[B] (+1) -0.551948052<x128>[B] (+0) -0.551948052<x129>[B] (+0) +0.551948052<x130>[B] (+1) -0.551948052<x131>[B] (+0) -0.551948052<x132>[B] (+1) +0.551948052<x133>[B] (+0) +0.551948052<x134>[B] (+0) -0.551948052<x135>[B] (+1) +0.551948052<x136>[B] (+0) -0.551948052<x137>[B] (+1) -0.551948052<x138>[B] (+1) -0.551948052<x139>[B] (+1) +0.551948052<x140>[B] (+1) -0.551948052<x141>[B] (+0) -0.551948052<x142>[B] (+0) +0.551948052<x143>[B] (+0) -0.551948052<x144>[B] (+0) -0.551948052<x145>[B] (+0) +0.551948052<x146>[B] (+0) +0.551948052<x147>[B] (+0) -0.551948052<x148>[B] (+1) +0.551948052<x149>[B] (+0) -0.551948052<x150>[B] (+1) +0.551948052<x151>[B] (+0) -0.551948052<x152>[B] (+1) +0.551948052<x153>[B] (+1) -0.551948052<x154>[B] (+1) +0.551948052<x155>[B] (+1) -0.551948052<x156>[B] (+1) +0.551948052<x157>[B] (+1) +0.551948052<x158>[B] (+1) +0.551948052<x159>[B] (+1) -0.551948052<x160>[B] (+1) +0.551948052<x161>[B] (+1) -0.551948052<x162>[B] (+1) +0.551948052<x163>[B] (+1) -0.551948052<x164>[B] (+1) +0.551948052<x165>[B] (+1) +0.551948052<x166>[B] (+1) -0.551948052<x167>[B] (+0) +0.551948052<x168>[B] (+1) +0.551948052<x169>[B] (+0) +0.551948052<x170>[B] (+1) +0.551948052<x171>[B] (+1) +0.551948052<x172>[B] (+1) +0.551948052<x173>[B] (+1) +0.551948052<x174>[B] (+1) +0.551948052<x175>[B] (+1) +0.551948052<x176>[B] (+1) -0.551948052<x177>[B] (+0) -0.551948052<x178>[B] (+0) -0.551948052<x179>[B] (+0) +0.551948052<x180>[B] (+0) -0.551948052<x181>[B] (+1) -0.551948052<x182>[B] (+0) -0.551948052<x183>[B] (+1) -0.551948052<x184>[B] (+0) -0.551948052<x185>[B] (+1) +0.551948052<x186>[B] (+1) +0.551948052<x187>[B] (+1) +0.551948052<x188>[B] (+1) +0.551948052<x189>[B] (+1) +0.551948052<x190>[B] (+1) +0.551948052<x191>[B] (+1) +0.551948052<x192>[B] (+1) +0.551948052<x193>[B] (+1) +0.551948052<x194>[B] (+1) +0.551948052<x195>[B] (+1) +0.551948052<x196>[B] (+0) +0.551948052<x197>[B] (+0) -0.551948052<x198>[B] (+1) +0.551948052<x199>[B] (+0) -0.551948052<x200>[B] (+1) +0.551948052<x201>[B] (+0) -0.551948052<x202>[B] (+1) +0.551948052<x203>[B] (+1) +0.551948052<x204>[B] (+1) -0.551948052<x205>[B] (+1) -0.551948052<x206>[B] (+1) -0.551948052<x207>[B] (+1) -0.551948052<x208>[B] (+1) -0.551948052<x209>[B] (+1) +0.551948052<x210>[B] (+1) -0.551948052<x211>[B] (+1) -0.551948052<x212>[B] (+1) -0.551948052<x213>[B] (+1) -0.551948052<x214>[B] (+1) -0.551948052<x215>[B] (+1) -0.551948052<x216>[B] (+1) +0.551948052<x217>[B] (+0) +0.551948052<x218>[B] (+0) +0.551948052<x219>[B] (+0) +0.551948052<x220>[B] (+0) +0.551948052<x221>[B] (+1) -0.551948052<x222>[B] (+1) -0.551948052<x223>[B] (+1) -0.551948052<x224>[B] (+1) +0.551948052<x225>[B] (+1) +0.551948052<x226>[B] (+0) -0.551948052<x227>[B] (+0) +0.551948052<x228>[B] (+1) -0.551948052<x229>[B] (+1) +0.551948052<x230>[B] (+1) +0.551948052<x231>[B] (+1) >= 39.8787878787879;
;
violation: left hand side is violated by 0.0129870129870753
  [linear] <c3301>: <x260>[C] (+51.2683983) -0.647186147<x1>[B] (+1) -0.647186147<x2>[B] (+1) -0.647186147<x3>[B] (+1) -0.647186147<x4>[B] (+1) -0.647186147<x5>[B] (+1) -0.647186147<x6>[B] (+1) -0.647186147<x7>[B] (+1) -0.647186147<x8>[B] (+1) +0.647186147<x9>[B] (+1) -0.647186147<x10>[B] (+1) -0.647186147<x11>[B] (+1) +0.647186147<x12>[B] (+1) -0.647186147<x13>[B] (+1) -0.647186147<x14>[B] (+1) -0.647186147<x15>[B] (+1) -0.647186147<x16>[B] (+1) -0.647186147<x17>[B] (+1) -0.647186147<x18>[B] (+1) -0.647186147<x19>[B] (+1) -0.647186147<x20>[B] (+1) -0.647186147<x21>[B] (+1) -0.647186147<x22>[B] (+0) +0.647186147<x23>[B] (+1) -0.647186147<x24>[B] (+0) -0.647186147<x25>[B] (+1) -0.647186147<x26>[B] (+1) +0.647186147<x27>[B] (+0) +0.647186147<x28>[B] (+1) +0.647186147<x29>[B] (+0) +0.647186147<x30>[B] (+1) +0.647186147<x31>[B] (+1) +0.647186147<x32>[B] (+0) +0.647186147<x33>[B] (+1) +0.647186147<x34>[B] (+0) +0.647186147<x35>[B] (+0) +0.647186147<x36>[B] (+1) -0.647186147<x37>[B] (+0) -0.647186147<x38>[B] (+1) -0.647186147<x39>[B] (+1) +0.647186147<x40>[B] (+1) -0.647186147<x41>[B] (+1) +0.647186147<x42>[B] (+1) -0.647186147<x43>[B] (+0) +0.647186147<x44>[B] (+1) +0.647186147<x45>[B] (+1) +0.647186147<x46>[B] (+0) +0.647186147<x47>[B] (+1) +0.647186147<x48>[B] (+0) +0.647186147<x49>[B] (+1) +0.647186147<x50>[B] (+1) +0.647186147<x51>[B] (+0) +0.647186147<x52>[B] (+1) +0.647186147<x53>[B] (+0) +0.647186147<x54>[B] (+0) +0.647186147<x55>[B] (+1) -0.647186147<x56>[B] (+0) -0.647186147<x57>[B] (+1) -0.647186147<x58>[B] (+1) +0.647186147<x59>[B] (+1) -0.647186147<x60>[B] (+1) -0.647186147<x61>[B] (+0) -0.647186147<x62>[B] (+1) -0.647186147<x63>[B] (+1) -0.647186147<x64>[B] (+0) -0.647186147<x65>[B] (+0) +0.647186147<x66>[B] (+0) +0.647186147<x67>[B] (+0) -0.647186147<x68>[B] (+1) +0.647186147<x69>[B] (+0) -0.647186147<x70>[B] (+1) +0.647186147<x71>[B] (+0) -0.647186147<x72>[B] (+0) -0.647186147<x73>[B] (+1) -0.647186147<x74>[B] (+0) -0.647186147<x75>[B] (+1) -0.647186147<x76>[B] (+0) -0.647186147<x77>[B] (+1) -0.647186147<x78>[B] (+1) +0.647186147<x79>[B] (+1) +0.647186147<x80>[B] (+1) +0.647186147<x81>[B] (+0) +0.647186147<x82>[B] (+1) +0.647186147<x83>[B] (+0) +0.647186147<x84>[B] (+1) +0.647186147<x85>[B] (+1) +0.647186147<x86>[B] (+0) +0.647186147<x87>[B] (+1) +0.647186147<x88>[B] (+0) +0.647186147<x89>[B] (+0) +0.647186147<x90>[B] (+1) -0.647186147<x91>[B] (+0) -0.647186147<x92>[B] (+1) +0.647186147<x93>[B] (+1) +0.647186147<x94>[B] (+1) +0.647186147<x95>[B] (+1) -0.647186147<x96>[B] (+0) +0.647186147<x97>[B] (+0) +0.647186147<x98>[B] (+0) +0.647186147<x99>[B] (+0) +0.647186147<x100>[B] (+0) +0.647186147<x101>[B] (+0) +0.647186147<x102>[B] (+0) +0.647186147<x103>[B] (+0) +0.647186147<x104>[B] (+0) +0.647186147<x105>[B] (+0) +0.647186147<x106>[B] (+0) -0.647186147<x107>[B] (+0) -0.647186147<x108>[B] (+0) -0.647186147<x109>[B] (+0) +0.647186147<x110>[B] (+0) -0.647186147<x111>[B] (+1) +0.647186147<x112>[B] (+0) +0.647186147<x113>[B] (+0) +0.647186147<x114>[B] (+0) +0.647186147<x115>[B] (+0) +0.647186147<x116>[B] (+1) +0.647186147<x117>[B] (+0) +0.647186147<x118>[B] (+1) +0.647186147<x119>[B] (+0) +0.647186147<x120>[B] (+0) +0.647186147<x121>[B] (+1) -0.647186147<x122>[B] (+0) -0.647186147<x123>[B] (+1) -0.647186147<x124>[B] (+0) +0.647186147<x125>[B] (+0) -0.647186147<x126>[B] (+1) +0.647186147<x127>[B] (+1) +0.647186147<x128>[B] (+0) +0.647186147<x129>[B] (+1) -0.647186147<x130>[B] (+1) +0.647186147<x131>[B] (+0) -0.647186147<x132>[B] (+1) +0.647186147<x133>[B] (+0) -0.647186147<x134>[B] (+1) -0.647186147<x135>[B] (+1) -0.647186147<x136>[B] (+0) -0.647186147<x137>[B] (+1) -0.647186147<x138>[B] (+1) -0.647186147<x139>[B] (+1) -0.647186147<x140>[B] (+1) +0.647186147<x141>[B] (+0) +0.647186147<x142>[B] (+0) -0.647186147<x143>[B] (+1) +0.647186147<x144>[B] (+0) -0.647186147<x145>[B] (+1) +0.647186147<x146>[B] (+0) -0.647186147<x147>[B] (+0) -0.647186147<x148>[B] (+1) -0.647186147<x149>[B] (+0) -0.647186147<x150>[B] (+1) -0.647186147<x151>[B] (+0) -0.647186147<x152>[B] (+1) -0.647186147<x153>[B] (+1) -0.647186147<x154>[B] (+1) -0.647186147<x155>[B] (+1) -0.647186147<x156>[B] (+1) -0.647186147<x157>[B] (+1) -0.647186147<x158>[B] (+1) -0.647186147<x159>[B] (+1) -0.647186147<x160>[B] (+1) -0.647186147<x161>[B] (+1) -0.647186147<x162>[B] (+1) -0.647186147<x163>[B] (+1) -0.647186147<x164>[B] (+1) -0.647186147<x165>[B] (+1) -0.647186147<x166>[B] (+1) +0.647186147<x167>[B] (+0) -0.647186147<x168>[B] (+1) +0.647186147<x169>[B] (+0) -0.647186147<x170>[B] (+0) -0.647186147<x171>[B] (+1) -0.647186147<x172>[B] (+0) -0.647186147<x173>[B] (+1) -0.647186147<x174>[B] (+0) -0.647186147<x175>[B] (+1) -0.647186147<x176>[B] (+1) +0.647186147<x177>[B] (+0) -0.647186147<x178>[B] (+1) +0.647186147<x179>[B] (+0) -0.647186147<x180>[B] (+0) -0.647186147<x181>[B] (+1) -0.647186147<x182>[B] (+0) -0.647186147<x183>[B] (+1) -0.647186147<x184>[B] (+0) -0.647186147<x185>[B] (+0) -0.647186147<x186>[B] (+1) -0.647186147<x187>[B] (+1) -0.647186147<x188>[B] (+0) -0.647186147<x189>[B] (+1) -0.647186147<x190>[B] (+1) -0.647186147<x191>[B] (+1) -0.647186147<x192>[B] (+1) -0.647186147<x193>[B] (+1) -0.647186147<x194>[B] (+1) -0.647186147<x195>[B] (+1) +0.647186147<x196>[B] (+0) -0.647186147<x197>[B] (+0) -0.647186147<x198>[B] (+0) -0.647186147<x199>[B] (+0) -0.647186147<x200>[B] (+1) -0.647186147<x201>[B] (+0) +0.647186147<x202>[B] (+0) -0.647186147<x203>[B] (+1) -0.647186147<x204>[B] (+1) -0.647186147<x205>[B] (+1) -0.647186147<x206>[B] (+1) -0.647186147<x207>[B] (+1) -0.647186147<x208>[B] (+1) -0.647186147<x209>[B] (+1) -0.647186147<x210>[B] (+1) -0.647186147<x211>[B] (+1) -0.647186147<x212>[B] (+0) -0.647186147<x213>[B] (+1) -0.647186147<x214>[B] (+1) +0.647186147<x215>[B] (+1) -0.647186147<x216>[B] (+1) -0.647186147<x217>[B] (+0) -0.647186147<x218>[B] (+1) -0.647186147<x219>[B] (+0) +0.647186147<x220>[B] (+0) -0.647186147<x221>[B] (+1) +0.647186147<x222>[B] (+1) +0.647186147<x223>[B] (+1) +0.647186147<x224>[B] (+1) +0.647186147<x225>[B] (+1) +0.647186147<x226>[B] (+0) +0.647186147<x227>[B] (+0) +0.647186147<x228>[B] (+1) +0.647186147<x229>[B] (+1) -0.647186147<x230>[B] (+1) -0.647186147<x231>[B] (+1) >= 12.4588744588745;
;
violation: left hand side is violated by 0.0216450216450568
  [linear] <c3343>: <x310>[C] (+35.9761905) -0.564935065<x1>[B] (+1) +0.564935065<x2>[B] (+1) -0.564935065<x3>[B] (+1) -0.564935065<x4>[B] (+1) -0.564935065<x5>[B] (+1) -0.564935065<x6>[B] (+1) +0.564935065<x7>[B] (+0) -0.564935065<x8>[B] (+1) -0.564935065<x9>[B] (+0) +0.564935065<x10>[B] (+0) -0.564935065<x11>[B] (+1) -0.564935065<x12>[B] (+0) -0.564935065<x13>[B] (+1) -0.564935065<x14>[B] (+0) +0.564935065<x15>[B] (+1) -0.564935065<x16>[B] (+1) -0.564935065<x17>[B] (+0) +0.564935065<x18>[B] (+1) -0.564935065<x19>[B] (+1) +0.564935065<x20>[B] (+1) +0.564935065<x21>[B] (+1) +0.564935065<x22>[B] (+0) -0.564935065<x23>[B] (+0) -0.564935065<x24>[B] (+1) -0.564935065<x25>[B] (+1) -0.564935065<x26>[B] (+1) +0.564935065<x27>[B] (+0) +0.564935065<x28>[B] (+1) -0.564935065<x29>[B] (+0) +0.564935065<x30>[B] (+0) -0.564935065<x31>[B] (+1) -0.564935065<x32>[B] (+0) -0.564935065<x33>[B] (+1) -0.564935065<x34>[B] (+0) +0.564935065<x35>[B] (+1) -0.564935065<x36>[B] (+1) -0.564935065<x37>[B] (+0) +0.564935065<x38>[B] (+1) -0.564935065<x39>[B] (+0) +0.564935065<x40>[B] (+1) +0.564935065<x41>[B] (+1) -0.564935065<x42>[B] (+1) -0.564935065<x43>[B] (+1) -0.564935065<x44>[B] (+1) -0.564935065<x45>[B] (+1) +0.564935065<x46>[B] (+0) -0.564935065<x47>[B] (+1) -0.564935065<x48>[B] (+0) +0.564935065<x49>[B] (+0) -0.564935065<x50>[B] (+1) -0.564935065<x51>[B] (+0) -0.564935065<x52>[B] (+1) -0.564935065<x53>[B] (+0) +0.564935065<x54>[B] (+1) -0.564935065<x55>[B] (+1) -0.564935065<x56>[B] (+0) -0.564935065<x57>[B] (+1) -0.564935065<x58>[B] (+1) -0.564935065<x59>[B] (+1) +0.564935065<x60>[B] (+1) +0.564935065<x61>[B] (+1) -0.564935065<x62>[B] (+1) +0.564935065<x63>[B] (+1) +0.564935065<x64>[B] (+0) +0.564935065<x65>[B] (+1) +0.564935065<x66>[B] (+0) +0.564935065<x67>[B] (+0) -0.564935065<x68>[B] (+1) +0.564935065<x69>[B] (+0) +0.564935065<x70>[B] (+1) +0.564935065<x71>[B] (+0) +0.564935065<x72>[B] (+1) -0.564935065<x73>[B] (+1) +0.564935065<x74>[B] (+0) +0.564935065<x75>[B] (+1) +0.564935065<x76>[B] (+1) +0.564935065<x77>[B] (+1) +0.564935065<x78>[B] (+1) -0.564935065<x79>[B] (+1) -0.564935065<x80>[B] (+1) +0.564935065<x81>[B] (+0) +0.564935065<x82>[B] (+1) -0.564935065<x83>[B] (+0) +0.564935065<x84>[B] (+0) -0.564935065<x85>[B] (+1) -0.564935065<x86>[B] (+0) -0.564935065<x87>[B] (+1) -0.564935065<x88>[B] (+0) +0.564935065<x89>[B] (+0) -0.564935065<x90>[B] (+1) +0.564935065<x91>[B] (+0) +0.564935065<x92>[B] (+1) -0.564935065<x93>[B] (+0) +0.564935065<x94>[B] (+1) +0.564935065<x95>[B] (+1) +0.564935065<x96>[B] (+1) +0.564935065<x97>[B] (+0) +0.564935065<x98>[B] (+1) +0.564935065<x99>[B] (+0) +0.564935065<x100>[B] (+0) +0.564935065<x101>[B] (+1) +0.564935065<x102>[B] (+0) +0.564935065<x103>[B] (+1) +0.564935065<x104>[B] (+0) +0.564935065<x105>[B] (+0) -0.564935065<x106>[B] (+1) +0.564935065<x107>[B] (+0) +0.564935065<x108>[B] (+1) +0.564935065<x109>[B] (+0) +0.564935065<x110>[B] (+0) +0.564935065<x111>[B] (+1) +0.564935065<x112>[B] (+0) +0.564935065<x113>[B] (+1) +0.564935065<x114>[B] (+0) +0.564935065<x115>[B] (+0) -0.564935065<x116>[B] (+1) +0.564935065<x117>[B] (+0) +0.564935065<x118>[B] (+1) +0.564935065<x119>[B] (+0) +0.564935065<x120>[B] (+0) -0.564935065<x121>[B] (+1) +0.564935065<x122>[B] (+0) +0.564935065<x123>[B] (+1) +0.564935065<x124>[B] (+0) +0.564935065<x125>[B] (+0) +0.564935065<x126>[B] (+1) -0.564935065<x127>[B] (+1) -0.564935065<x128>[B] (+0) +0.564935065<x129>[B] (+0) -0.564935065<x130>[B] (+1) -0.564935065<x131>[B] (+0) -0.564935065<x132>[B] (+1) -0.564935065<x133>[B] (+0) +0.564935065<x134>[B] (+1) -0.564935065<x135>[B] (+1) -0.564935065<x136>[B] (+0) -0.564935065<x137>[B] (+1) -0.564935065<x138>[B] (+1) -0.564935065<x139>[B] (+1) +0.564935065<x140>[B] (+1) -0.564935065<x141>[B] (+0) +0.564935065<x142>[B] (+0) -0.564935065<x143>[B] (+0) -0.564935065<x144>[B] (+0) -0.564935065<x145>[B] (+1) -0.564935065<x146>[B] (+0) +0.564935065<x147>[B] (+0) -0.564935065<x148>[B] (+1) -0.564935065<x149>[B] (+0) +0.564935065<x150>[B] (+0) -0.564935065<x151>[B] (+0) +0.564935065<x152>[B] (+0) +0.564935065<x153>[B] (+1) +0.564935065<x154>[B] (+1) -0.564935065<x155>[B] (+1) +0.564935065<x156>[B] (+1) -0.564935065<x157>[B] (+1) -0.564935065<x158>[B] (+0) +0.564935065<x159>[B] (+1) -0.564935065<x160>[B] (+1) +0.564935065<x161>[B] (+1) +0.564935065<x162>[B] (+1) -0.564935065<x163>[B] (+1) +0.564935065<x164>[B] (+1) +0.564935065<x165>[B] (+1) -0.564935065<x166>[B] (+1) -0.564935065<x167>[B] (+0) -0.564935065<x168>[B] (+1) -0.564935065<x169>[B] (+0) -0.564935065<x170>[B] (+1) -0.564935065<x171>[B] (+1) -0.564935065<x172>[B] (+1) -0.564935065<x173>[B] (+1) -0.564935065<x174>[B] (+1) -0.564935065<x175>[B] (+1) -0.564935065<x176>[B] (+1) +0.564935065<x177>[B] (+0) +0.564935065<x178>[B] (+1) +0.564935065<x179>[B] (+0) +0.564935065<x180>[B] (+0) -0.564935065<x181>[B] (+1) +0.564935065<x182>[B] (+0) +0.564935065<x183>[B] (+0) +0.564935065<x184>[B] (+0) +0.564935065<x185>[B] (+0) +0.564935065<x186>[B] (+1) -0.564935065<x187>[B] (+1) -0.564935065<x188>[B] (+0) +0.564935065<x189>[B] (+1) -0.564935065<x190>[B] (+1) +0.564935065<x191>[B] (+1) +0.564935065<x192>[B] (+1) -0.564935065<x193>[B] (+1) +0.564935065<x194>[B] (+1) +0.564935065<x195>[B] (+1) +0.564935065<x196>[B] (+0) +0.564935065<x197>[B] (+0) -0.564935065<x198>[B] (+1) +0.564935065<x199>[B] (+0) +0.564935065<x200>[B] (+0) +0.564935065<x201>[B] (+0) +0.564935065<x202>[B] (+0) +0.564935065<x203>[B] (+1) +0.564935065<x204>[B] (+1) -0.564935065<x205>[B] (+1) +0.564935065<x206>[B] (+1) +0.564935065<x207>[B] (+1) -0.564935065<x208>[B] (+1) +0.564935065<x209>[B] (+1) +0.564935065<x210>[B] (+1) -0.564935065<x211>[B] (+1) -0.564935065<x212>[B] (+0) -0.564935065<x213>[B] (+1) -0.564935065<x214>[B] (+0) -0.564935065<x215>[B] (+1) +0.564935065<x216>[B] (+1) +0.564935065<x217>[B] (+0) +0.564935065<x218>[B] (+0) +0.564935065<x219>[B] (+0) +0.564935065<x220>[B] (+0) +0.564935065<x221>[B] (+1) +0.564935065<x222>[B] (+1) -0.564935065<x223>[B] (+1) +0.564935065<x224>[B] (+1) +0.564935065<x225>[B] (+1) -0.564935065<x226>[B] (+0) +0.564935065<x227>[B] (+0) +0.564935065<x228>[B] (+1) +0.564935065<x229>[B] (+1) +0.564935065<x230>[B] (+1) +0.564935065<x231>[B] (+1) >= 33.7554112554113;
;
violation: left hand side is violated by 0.0389610389610198
  [linear] <c3288>: <x245>[C] (+41.6991342) +0.582251082<x1>[B] (+1) +0.582251082<x2>[B] (+1) +0.582251082<x3>[B] (+1) +0.582251082<x4>[B] (+1) +0.582251082<x5>[B] (+1) -0.582251082<x6>[B] (+1) +0.582251082<x7>[B] (+1) -0.582251082<x8>[B] (+1) -0.582251082<x9>[B] (+0) +0.582251082<x10>[B] (+0) +0.582251082<x11>[B] (+1) +0.582251082<x12>[B] (+1) +0.582251082<x13>[B] (+1) +0.582251082<x14>[B] (+0) +0.582251082<x15>[B] (+1) +0.582251082<x16>[B] (+1) +0.582251082<x17>[B] (+1) -0.582251082<x18>[B] (+1) +0.582251082<x19>[B] (+1) +0.582251082<x20>[B] (+1) -0.582251082<x21>[B] (+1) +0.582251082<x22>[B] (+0) +0.582251082<x23>[B] (+1) -0.582251082<x24>[B] (+1) +0.582251082<x25>[B] (+1) -0.582251082<x26>[B] (+1) -0.582251082<x27>[B] (+0) -0.582251082<x28>[B] (+1) -0.582251082<x29>[B] (+0) +0.582251082<x30>[B] (+0) +0.582251082<x31>[B] (+1) +0.582251082<x32>[B] (+0) -0.582251082<x33>[B] (+1) +0.582251082<x34>[B] (+0) +0.582251082<x35>[B] (+1) +0.582251082<x36>[B] (+1) +0.582251082<x37>[B] (+0) -0.582251082<x38>[B] (+1) +0.582251082<x39>[B] (+0) -0.582251082<x40>[B] (+1) -0.582251082<x41>[B] (+1) +0.582251082<x42>[B] (+1) -0.582251082<x43>[B] (+1) -0.582251082<x44>[B] (+1) -0.582251082<x45>[B] (+1) -0.582251082<x46>[B] (+1) -0.582251082<x47>[B] (+1) -0.582251082<x48>[B] (+0) -0.582251082<x49>[B] (+0) +0.582251082<x50>[B] (+1) +0.582251082<x51>[B] (+0) -0.582251082<x52>[B] (+1) +0.582251082<x53>[B] (+0) -0.582251082<x54>[B] (+1) -0.582251082<x55>[B] (+1) -0.582251082<x56>[B] (+0) -0.582251082<x57>[B] (+1) -0.582251082<x58>[B] (+1) -0.582251082<x59>[B] (+1) -0.582251082<x60>[B] (+1) -0.582251082<x61>[B] (+1) -0.582251082<x62>[B] (+1) -0.582251082<x63>[B] (+1) -0.582251082<x64>[B] (+0) -0.582251082<x65>[B] (+1) -0.582251082<x66>[B] (+0) -0.582251082<x67>[B] (+0) +0.582251082<x68>[B] (+1) -0.582251082<x69>[B] (+0) -0.582251082<x70>[B] (+1) +0.582251082<x71>[B] (+0) -0.582251082<x72>[B] (+0) -0.582251082<x73>[B] (+1) -0.582251082<x74>[B] (+0) -0.582251082<x75>[B] (+1) -0.582251082<x76>[B] (+0) -0.582251082<x77>[B] (+1) -0.582251082<x78>[B] (+1) +0.582251082<x79>[B] (+1) -0.582251082<x80>[B] (+1) +0.582251082<x81>[B] (+0) -0.582251082<x82>[B] (+1) -0.582251082<x83>[B] (+0) +0.582251082<x84>[B] (+0) +0.582251082<x85>[B] (+1) +0.582251082<x86>[B] (+0) +0.582251082<x87>[B] (+1) +0.582251082<x88>[B] (+0) +0.582251082<x89>[B] (+0) +0.582251082<x90>[B] (+1) +0.582251082<x91>[B] (+0) -0.582251082<x92>[B] (+1) +0.582251082<x93>[B] (+0) -0.582251082<x94>[B] (+0) -0.582251082<x95>[B] (+1) -0.582251082<x96>[B] (+0) -0.582251082<x97>[B] (+0) -0.582251082<x98>[B] (+0) -0.582251082<x99>[B] (+0) -0.582251082<x100>[B] (+0) +0.582251082<x101>[B] (+0) +0.582251082<x102>[B] (+0) -0.582251082<x103>[B] (+1) +0.582251082<x104>[B] (+0) +0.582251082<x105>[B] (+0) +0.582251082<x106>[B] (+0) -0.582251082<x107>[B] (+0) -0.582251082<x108>[B] (+0) -0.582251082<x109>[B] (+0) -0.582251082<x110>[B] (+0) -0.582251082<x111>[B] (+1) +0.582251082<x112>[B] (+0) -0.582251082<x113>[B] (+1) +0.582251082<x114>[B] (+0) +0.582251082<x115>[B] (+0) +0.582251082<x116>[B] (+1) +0.582251082<x117>[B] (+0) +0.582251082<x118>[B] (+1) +0.582251082<x119>[B] (+0) +0.582251082<x120>[B] (+0) +0.582251082<x121>[B] (+1) +0.582251082<x122>[B] (+0) +0.582251082<x123>[B] (+1) +0.582251082<x124>[B] (+0) +0.582251082<x125>[B] (+0) -0.582251082<x126>[B] (+1) -0.582251082<x127>[B] (+1) -0.582251082<x128>[B] (+0) +0.582251082<x129>[B] (+0) +0.582251082<x130>[B] (+1) +0.582251082<x131>[B] (+0) -0.582251082<x132>[B] (+1) +0.582251082<x133>[B] (+0) +0.582251082<x134>[B] (+1) +0.582251082<x135>[B] (+1) +0.582251082<x136>[B] (+0) -0.582251082<x137>[B] (+1) +0.582251082<x138>[B] (+1) -0.582251082<x139>[B] (+1) -0.582251082<x140>[B] (+1) +0.582251082<x141>[B] (+0) +0.582251082<x142>[B] (+0) +0.582251082<x143>[B] (+0) +0.582251082<x144>[B] (+0) +0.582251082<x145>[B] (+1) +0.582251082<x146>[B] (+0) +0.582251082<x147>[B] (+0) +0.582251082<x148>[B] (+0) +0.582251082<x149>[B] (+0) +0.582251082<x150>[B] (+1) +0.582251082<x151>[B] (+0) +0.582251082<x152>[B] (+0) +0.582251082<x153>[B] (+1) +0.582251082<x154>[B] (+1) +0.582251082<x155>[B] (+1) +0.582251082<x156>[B] (+1) +0.582251082<x157>[B] (+1) +0.582251082<x158>[B] (+1) +0.582251082<x159>[B] (+1) +0.582251082<x160>[B] (+1) +0.582251082<x161>[B] (+1) +0.582251082<x162>[B] (+1) +0.582251082<x163>[B] (+1) +0.582251082<x164>[B] (+1) -0.582251082<x165>[B] (+1) +0.582251082<x166>[B] (+1) +0.582251082<x167>[B] (+1) -0.582251082<x168>[B] (+1) +0.582251082<x169>[B] (+0) +0.582251082<x170>[B] (+1) +0.582251082<x171>[B] (+1) -0.582251082<x172>[B] (+1) -0.582251082<x173>[B] (+1) -0.582251082<x174>[B] (+1) -0.582251082<x175>[B] (+1) -0.582251082<x176>[B] (+1) -0.582251082<x177>[B] (+0) -0.582251082<x178>[B] (+1) -0.582251082<x179>[B] (+0) -0.582251082<x180>[B] (+0) -0.582251082<x181>[B] (+1) -0.582251082<x182>[B] (+0) -0.582251082<x183>[B] (+1) -0.582251082<x184>[B] (+0) -0.582251082<x185>[B] (+0) -0.582251082<x186>[B] (+1) -0.582251082<x187>[B] (+1) +0.582251082<x188>[B] (+0) -0.582251082<x189>[B] (+1) -0.582251082<x190>[B] (+1) -0.582251082<x191>[B] (+1) -0.582251082<x192>[B] (+1) -0.582251082<x193>[B] (+1) -0.582251082<x194>[B] (+1) -0.582251082<x195>[B] (+1) +0.582251082<x196>[B] (+0) +0.582251082<x197>[B] (+0) +0.582251082<x198>[B] (+0) +0.582251082<x199>[B] (+0) -0.582251082<x200>[B] (+0) +0.582251082<x201>[B] (+0) -0.582251082<x202>[B] (+0) -0.582251082<x203>[B] (+1) -0.582251082<x204>[B] (+1) -0.582251082<x205>[B] (+1) -0.582251082<x206>[B] (+1) -0.582251082<x207>[B] (+1) -0.582251082<x208>[B] (+1) -0.582251082<x209>[B] (+1) -0.582251082<x210>[B] (+1) +0.582251082<x211>[B] (+1) -0.582251082<x212>[B] (+0) -0.582251082<x213>[B] (+1) -0.582251082<x214>[B] (+0) -0.582251082<x215>[B] (+1) -0.582251082<x216>[B] (+1) -0.582251082<x217>[B] (+0) -0.582251082<x218>[B] (+1) -0.582251082<x219>[B] (+0) -0.582251082<x220>[B] (+0) -0.582251082<x221>[B] (+1) -0.582251082<x222>[B] (+1) +0.582251082<x223>[B] (+1) -0.582251082<x224>[B] (+1) -0.582251082<x225>[B] (+1) +0.582251082<x226>[B] (+0) +0.582251082<x227>[B] (+0) -0.582251082<x228>[B] (+1) -0.582251082<x229>[B] (+1) -0.582251082<x230>[B] (+1) -0.582251082<x231>[B] (+1) >= 24.3095238095238;
;
violation: left hand side is violated by 0.0779220779220964
  [linear] <c3282>: <x239>[C] (+36.4242424) -0.538961039<x1>[B] (+1) +0.538961039<x2>[B] (+0) -0.538961039<x3>[B] (+1) -0.538961039<x4>[B] (+1) +0.538961039<x5>[B] (+1) +0.538961039<x6>[B] (+1) -0.538961039<x7>[B] (+1) +0.538961039<x8>[B] (+1) -0.538961039<x9>[B] (+0) +0.538961039<x10>[B] (+0) -0.538961039<x11>[B] (+1) -0.538961039<x12>[B] (+1) +0.538961039<x13>[B] (+1) -0.538961039<x14>[B] (+0) -0.538961039<x15>[B] (+1) -0.538961039<x16>[B] (+1) +0.538961039<x17>[B] (+0) +0.538961039<x18>[B] (+1) +0.538961039<x19>[B] (+1) -0.538961039<x20>[B] (+1) -0.538961039<x21>[B] (+1) +0.538961039<x22>[B] (+0) +0.538961039<x23>[B] (+1) +0.538961039<x24>[B] (+1) +0.538961039<x25>[B] (+1) +0.538961039<x26>[B] (+1) +0.538961039<x27>[B] (+0) +0.538961039<x28>[B] (+0) +0.538961039<x29>[B] (+0) +0.538961039<x30>[B] (+0) +0.538961039<x31>[B] (+1) +0.538961039<x32>[B] (+0) +0.538961039<x33>[B] (+1) +0.538961039<x34>[B] (+0) +0.538961039<x35>[B] (+0) +0.538961039<x36>[B] (+1) +0.538961039<x37>[B] (+0) +0.538961039<x38>[B] (+1) +0.538961039<x39>[B] (+0) +0.538961039<x40>[B] (+1) +0.538961039<x41>[B] (+1) -0.538961039<x42>[B] (+1) -0.538961039<x43>[B] (+1) -0.538961039<x44>[B] (+1) -0.538961039<x45>[B] (+1) -0.538961039<x46>[B] (+1) -0.538961039<x47>[B] (+1) -0.538961039<x48>[B] (+0) -0.538961039<x49>[B] (+1) -0.538961039<x50>[B] (+1) -0.538961039<x51>[B] (+1) -0.538961039<x52>[B] (+1) -0.538961039<x53>[B] (+0) -0.538961039<x54>[B] (+1) -0.538961039<x55>[B] (+1) -0.538961039<x56>[B] (+1) -0.538961039<x57>[B] (+1) -0.538961039<x58>[B] (+1) -0.538961039<x59>[B] (+1) -0.538961039<x60>[B] (+1) -0.538961039<x61>[B] (+1) +0.538961039<x62>[B] (+1) +0.538961039<x63>[B] (+1) -0.538961039<x64>[B] (+0) +0.538961039<x65>[B] (+0) -0.538961039<x66>[B] (+0) +0.538961039<x67>[B] (+0) -0.538961039<x68>[B] (+1) +0.538961039<x69>[B] (+0) +0.538961039<x70>[B] (+0) +0.538961039<x71>[B] (+0) -0.538961039<x72>[B] (+0) -0.538961039<x73>[B] (+1) +0.538961039<x74>[B] (+0) +0.538961039<x75>[B] (+1) +0.538961039<x76>[B] (+0) +0.538961039<x77>[B] (+1) -0.538961039<x78>[B] (+1) +0.538961039<x79>[B] (+1) +0.538961039<x80>[B] (+0) +0.538961039<x81>[B] (+0) +0.538961039<x82>[B] (+0) +0.538961039<x83>[B] (+0) +0.538961039<x84>[B] (+0) -0.538961039<x85>[B] (+0) +0.538961039<x86>[B] (+0) +0.538961039<x87>[B] (+0) +0.538961039<x88>[B] (+0) +0.538961039<x89>[B] (+0) -0.538961039<x90>[B] (+0) +0.538961039<x91>[B] (+0) +0.538961039<x92>[B] (+1) +0.538961039<x93>[B] (+0) +0.538961039<x94>[B] (+0) -0.538961039<x95>[B] (+1) -0.538961039<x96>[B] (+0) -0.538961039<x97>[B] (+0) +0.538961039<x98>[B] (+0) -0.538961039<x99>[B] (+0) -0.538961039<x100>[B] (+0) -0.538961039<x101>[B] (+0) -0.538961039<x102>[B] (+0) -0.538961039<x103>[B] (+0) -0.538961039<x104>[B] (+0) -0.538961039<x105>[B] (+0) -0.538961039<x106>[B] (+0) -0.538961039<x107>[B] (+0) -0.538961039<x108>[B] (+0) -0.538961039<x109>[B] (+0) -0.538961039<x110>[B] (+0) -0.538961039<x111>[B] (+1) -0.538961039<x112>[B] (+0) +0.538961039<x113>[B] (+0) -0.538961039<x114>[B] (+0) +0.538961039<x115>[B] (+0) -0.538961039<x116>[B] (+1) -0.538961039<x117>[B] (+0) +0.538961039<x118>[B] (+0) -0.538961039<x119>[B] (+0) -0.538961039<x120>[B] (+0) -0.538961039<x121>[B] (+1) +0.538961039<x122>[B] (+0) +0.538961039<x123>[B] (+1) +0.538961039<x124>[B] (+0) -0.538961039<x125>[B] (+0) -0.538961039<x126>[B] (+1) +0.538961039<x127>[B] (+1) +0.538961039<x128>[B] (+0) +0.538961039<x129>[B] (+0) -0.538961039<x130>[B] (+1) +0.538961039<x131>[B] (+1) +0.538961039<x132>[B] (+1) +0.538961039<x133>[B] (+0) +0.538961039<x134>[B] (+0) -0.538961039<x135>[B] (+1) +0.538961039<x136>[B] (+0) +0.538961039<x137>[B] (+1) +0.538961039<x138>[B] (+1) +0.538961039<x139>[B] (+1) -0.538961039<x140>[B] (+1) -0.538961039<x141>[B] (+0) -0.538961039<x142>[B] (+0) -0.538961039<x143>[B] (+1) -0.538961039<x144>[B] (+0) -0.538961039<x145>[B] (+1) -0.538961039<x146>[B] (+0) -0.538961039<x147>[B] (+0) -0.538961039<x148>[B] (+1) -0.538961039<x149>[B] (+0) -0.538961039<x150>[B] (+1) -0.538961039<x151>[B] (+0) -0.538961039<x152>[B] (+1) -0.538961039<x153>[B] (+1) +0.538961039<x154>[B] (+1) -0.538961039<x155>[B] (+1) +0.538961039<x156>[B] (+1) +0.538961039<x157>[B] (+1) +0.538961039<x158>[B] (+1) -0.538961039<x159>[B] (+1) -0.538961039<x160>[B] (+1) +0.538961039<x161>[B] (+1) +0.538961039<x162>[B] (+1) +0.538961039<x163>[B] (+1) +0.538961039<x164>[B] (+1) -0.538961039<x165>[B] (+1) -0.538961039<x166>[B] (+1) -0.538961039<x167>[B] (+1) +0.538961039<x168>[B] (+1) -0.538961039<x169>[B] (+0) -0.538961039<x170>[B] (+1) -0.538961039<x171>[B] (+1) -0.538961039<x172>[B] (+1) +0.538961039<x173>[B] (+1) +0.538961039<x174>[B] (+1) -0.538961039<x175>[B] (+1) -0.538961039<x176>[B] (+1) +0.538961039<x177>[B] (+0) +0.538961039<x178>[B] (+0) +0.538961039<x179>[B] (+0) +0.538961039<x180>[B] (+0) -0.538961039<x181>[B] (+1) +0.538961039<x182>[B] (+0) +0.538961039<x183>[B] (+1) +0.538961039<x184>[B] (+0) +0.538961039<x185>[B] (+0) +0.538961039<x186>[B] (+1) +0.538961039<x187>[B] (+1) +0.538961039<x188>[B] (+0) -0.538961039<x189>[B] (+0) -0.538961039<x190>[B] (+1) +0.538961039<x191>[B] (+0) +0.538961039<x192>[B] (+1) +0.538961039<x193>[B] (+1) +0.538961039<x194>[B] (+1) -0.538961039<x195>[B] (+1) -0.538961039<x196>[B] (+0) -0.538961039<x197>[B] (+0) -0.538961039<x198>[B] (+1) -0.538961039<x199>[B] (+0) +0.538961039<x200>[B] (+1) -0.538961039<x201>[B] (+0) -0.538961039<x202>[B] (+1) -0.538961039<x203>[B] (+1) -0.538961039<x204>[B] (+1) -0.538961039<x205>[B] (+1) +0.538961039<x206>[B] (+1) +0.538961039<x207>[B] (+1) +0.538961039<x208>[B] (+1) -0.538961039<x209>[B] (+1) -0.538961039<x210>[B] (+1) -0.538961039<x211>[B] (+1) +0.538961039<x212>[B] (+0) +0.538961039<x213>[B] (+1) +0.538961039<x214>[B] (+1) +0.538961039<x215>[B] (+1) -0.538961039<x216>[B] (+1) +0.538961039<x217>[B] (+0) +0.538961039<x218>[B] (+1) +0.538961039<x219>[B] (+0) +0.538961039<x220>[B] (+0) +0.538961039<x221>[B] (+1) +0.538961039<x222>[B] (+1) +0.538961039<x223>[B] (+1) -0.538961039<x224>[B] (+1) -0.538961039<x225>[B] (+1) -0.538961039<x226>[B] (+0) -0.538961039<x227>[B] (+0) -0.538961039<x228>[B] (+1) -0.538961039<x229>[B] (+1) -0.538961039<x230>[B] (+1) -0.538961039<x231>[B] (+1) >= 27.3528138528139;
;
violation: left hand side is violated by 0.0909090909090686
all 10 solutions given by solution candidate storage are infeasible

feasible solution found by trivial heuristic after 0.0 seconds, objective value -9.999692e+06
presolving:
   (0.0s) symmetry computation started: requiring (bin +, int +, cont +), (fixed: bin -, int -, cont -)
   (0.0s) no symmetry present (symcode time: 0.00)
presolving (0 rounds: 0 fast, 0 medium, 0 exhaustive):
 0 deleted vars, 0 deleted constraints, 0 added constraints, 0 tightened bounds, 0 added holes, 0 changed sides, 0 changed coefficients
 0 implications, 0 cliques, 0 implied integral variables (0 bin, 0 int, 0 cont)
presolved problem has 331 variables (231 bin, 0 int, 100 cont) and 3363 constraints
   3363 constraints of type <linear>
Presolving Time: 0.04
transformed 1/1 original solutions to the transformed problem space

 time | node  | left  |LP iter|LP it/n|mem/heur|mdpt |vars |cons |rows |cuts |sepa|confs|strbr|  dualbound   | primalbound  |  gap   | compl. 
p 0.1s|     1 |     0 |    63 |     - |   locks|   0 | 331 |3363 |3363 |   0 |  0 |   0 |   0 | 1.000000e+03 |-2.997998e+03 |    Inf | unknown
  0.2s|     1 |     0 |  1320 |     - |    82M |   0 | 331 |3363 |3363 |   0 |  0 |   0 |   0 |-2.415400e+03 |-2.997998e+03 |  24.12%| unknown
r 0.2s|     1 |     0 |  1320 |     - |shifting|   0 | 331 |3363 |3363 |   0 |  0 |   0 |   0 |-2.415400e+03 |-2.685506e+03 |  11.18%| unknown
  0.5s|     1 |     0 |  1352 |     - |    83M |   0 | 331 |3363 |3364 |   1 |  1 |   0 |   0 |-2.415569e+03 |-2.685506e+03 |  11.17%| unknown
r 0.5s|     1 |     0 |  1352 |     - |shifting|   0 | 331 |3363 |3364 |   1 |  1 |   0 |   0 |-2.415569e+03 |-2.647043e+03 |   9.58%| unknown
  0.5s|     1 |     0 |  1352 |     - |    83M |   0 | 331 |3363 |3364 |   1 |  1 |   0 |   0 |-2.415569e+03 |-2.647043e+03 |   9.58%| unknown
  0.8s|     1 |     0 |  1429 |     - |    83M |   0 | 331 |3363 |3366 |   3 |  2 |   0 |   0 |-2.415766e+03 |-2.647043e+03 |   9.57%| unknown
  1.1s|     1 |     0 |  1481 |     - |    84M |   0 | 331 |3363 |3369 |   6 |  3 |   0 |   0 |-2.415928e+03 |-2.647043e+03 |   9.57%| unknown
  1.4s|     1 |     0 |  1527 |     - |    84M |   0 | 331 |3363 |3370 |   7 |  4 |   0 |   0 |-2.415986e+03 |-2.647043e+03 |   9.56%| unknown
  1.8s|     1 |     0 |  1568 |     - |    85M |   0 | 331 |3363 |3372 |   9 |  5 |   0 |   0 |-2.416006e+03 |-2.647043e+03 |   9.56%| unknown
  2.1s|     1 |     0 |  1607 |     - |    87M |   0 | 331 |3363 |3375 |  12 |  6 |   0 |   0 |-2.416027e+03 |-2.647043e+03 |   9.56%| unknown
  2.5s|     1 |     0 |  1677 |     - |    87M |   0 | 331 |3363 |3379 |  16 |  7 |   0 |   0 |-2.416071e+03 |-2.647043e+03 |   9.56%| unknown
  2.8s|     1 |     0 |  1725 |     - |    87M |   0 | 331 |3363 |3382 |  19 |  8 |   0 |   0 |-2.416115e+03 |-2.647043e+03 |   9.56%| unknown
  3.2s|     1 |     0 |  1792 |     - |    89M |   0 | 331 |3363 |3385 |  22 |  9 |   0 |   0 |-2.416183e+03 |-2.647043e+03 |   9.55%| unknown
  3.6s|     1 |     0 |  1816 |     - |    89M |   0 | 331 |3363 |3388 |  25 | 10 |   0 |   0 |-2.416191e+03 |-2.647043e+03 |   9.55%| unknown
 time | node  | left  |LP iter|LP it/n|mem/heur|mdpt |vars |cons |rows |cuts |sepa|confs|strbr|  dualbound   | primalbound  |  gap   | compl. 
  3.7s|     1 |     0 |  1843 |     - |    90M |   0 | 331 |3364 |3390 |  27 | 11 |   1 |   0 |-2.416196e+03 |-2.647043e+03 |   9.55%| unknown
r 3.7s|     1 |     0 |  2027 |     - |intshift|   0 | 331 |3364 |3390 |  27 | 11 |   1 |   0 |-2.416196e+03 |-2.482312e+03 |   2.74%| unknown
d 3.8s|     1 |     0 |  2964 |     - |farkasdi|   0 | 331 |3364 |3390 |   0 | 11 |   1 |   0 |-2.416196e+03 |-2.428762e+03 |   0.52%| unknown
L 4.4s|     1 |     0 |  2964 |     - |    rens|   0 | 331 |3364 |3390 |  27 | 11 |   1 |   0 |-2.416196e+03 |-2.422662e+03 |   0.27%| unknown
  4.4s|     1 |     0 |  2964 |     - |    90M |   0 | 331 |3364 |3390 |  27 | 11 |   1 |   0 |-2.416196e+03 |-2.422662e+03 |   0.27%| unknown
  4.4s|     1 |     0 |  2964 |     - |    90M |   0 | 331 |3365 |3130 |  27 | 11 |   2 |   0 |-2.416196e+03 |-2.422662e+03 |   0.27%| unknown
  4.5s|     1 |     0 |  2980 |     - |    90M |   0 | 331 |3365 |3131 |  28 | 12 |   2 |   0 |-2.416198e+03 |-2.422662e+03 |   0.27%| unknown
  4.5s|     1 |     0 |  3057 |     - |    90M |   0 | 331 |3365 |3134 |  31 | 13 |   2 |   0 |-2.416286e+03 |-2.422662e+03 |   0.26%| unknown
(run 1, node 1) restarting after 13 global fixings of integer variables

(restart) converted 31 cuts from the global cut pool into linear constraints

presolving:
presolving (0 rounds: 0 fast, 0 medium, 0 exhaustive):
 0 deleted vars, 0 deleted constraints, 0 added constraints, 0 tightened bounds, 0 added holes, 0 changed sides, 0 changed coefficients
 0 implications, 0 cliques, 0 implied integral variables (0 bin, 0 int, 0 cont)
presolved problem has 331 variables (231 bin, 0 int, 100 cont) and 3136 constraints
   3134 constraints of type <linear>
      2 constraints of type <logicor>
Presolving Time: 0.04
transformed 17/21 original solutions to the transformed problem space

 time | node  | left  |LP iter|LP it/n|mem/heur|mdpt |vars |cons |rows |cuts |sepa|confs|strbr|  dualbound   | primalbound  |  gap   | compl. 
  4.7s|     1 |     0 |  4489 |     - |    89M |   0 | 331 |3136 |3134 |   0 |  0 |   2 |   0 |-2.416286e+03 |-2.422662e+03 |   0.26%| unknown
  5.1s|     1 |     0 |  4551 |     - |    90M |   0 | 331 |3136 |3135 |   1 |  1 |   2 |   0 |-2.416350e+03 |-2.422662e+03 |   0.26%| unknown
  5.5s|     1 |     0 |  4593 |     - |    90M |   0 | 331 |3136 |3138 |   4 |  2 |   2 |   0 |-2.416361e+03 |-2.422662e+03 |   0.26%| unknown
  5.8s|     1 |     0 |  4668 |     - |    91M |   0 | 331 |3136 |3140 |   6 |  3 |   2 |   0 |-2.416385e+03 |-2.422662e+03 |   0.26%| unknown
  6.1s|     1 |     0 |  4751 |     - |    91M |   0 | 331 |3137 |3143 |   9 |  4 |   3 |   0 |-2.416418e+03 |-2.422662e+03 |   0.26%| unknown
  6.1s|     1 |     0 |  4751 |     - |    91M |   0 | 331 |3137 |3124 |   9 |  4 |   3 |   0 |-2.416418e+03 |-2.422662e+03 |   0.26%| unknown
  6.5s|     1 |     0 |  4792 |     - |    91M |   0 | 331 |3137 |3127 |  12 |  5 |   3 |   0 |-2.416431e+03 |-2.422662e+03 |   0.26%| unknown
  6.9s|     1 |     0 |  4874 |     - |    92M |   0 | 331 |3137 |3130 |  15 |  6 |   3 |   0 |-2.416514e+03 |-2.422662e+03 |   0.25%| unknown
  6.9s|     1 |     0 |  4874 |     - |    92M |   0 | 331 |3137 |3110 |  15 |  6 |   3 |   0 |-2.416514e+03 |-2.422662e+03 |   0.25%| unknown
  7.3s|     1 |     0 |  4932 |     - |    92M |   0 | 331 |3137 |3112 |  17 |  7 |   3 |   0 |-2.416588e+03 |-2.422662e+03 |   0.25%| unknown
  7.8s|     1 |     0 |  4987 |     - |    97M |   0 | 331 |3138 |3114 |  19 |  8 |   4 |   0 |-2.416621e+03 |-2.422662e+03 |   0.25%| unknown
  7.8s|     1 |     0 |  4987 |     - |    97M |   0 | 331 |3138 |3094 |  19 |  8 |   4 |   0 |-2.416621e+03 |-2.422662e+03 |   0.25%| unknown
  8.2s|     1 |     0 |  5088 |     - |    99M |   0 | 331 |3138 |3095 |  20 |  9 |   4 |   0 |-2.416739e+03 |-2.422662e+03 |   0.25%| unknown
  8.2s|     1 |     0 |  5088 |     - |    99M |   0 | 331 |3138 |3075 |  20 |  9 |   4 |   0 |-2.416739e+03 |-2.422662e+03 |   0.25%| unknown
  8.7s|     1 |     0 |  5165 |     - |   107M |   0 | 331 |3138 |3078 |  23 | 10 |   4 |   0 |-2.416787e+03 |-2.422662e+03 |   0.24%| unknown
 time | node  | left  |LP iter|LP it/n|mem/heur|mdpt |vars |cons |rows |cuts |sepa|confs|strbr|  dualbound   | primalbound  |  gap   | compl. 
  8.7s|     1 |     0 |  5192 |     - |   107M |   0 | 331 |3139 |3080 |  25 | 11 |   5 |   0 |-2.416790e+03 |-2.422662e+03 |   0.24%| unknown
 10.5s|     1 |     2 |  6239 |     - |   107M |   0 | 331 |3069 |3080 |  25 | 11 |  14 |  19 |-2.417624e+03 |-2.422662e+03 |   0.21%| unknown

SCIP Status        : problem is solved [optimal solution found]
Solving Time (sec) : 13.66
Solving Nodes      : 11 (total of 12 nodes in 2 runs)
Primal Bound       : -2.42266233766234e+03 (34 solutions)
Dual Bound         : -2.42266233766234e+03
Gap                : 0.00 %
  [linear] <c3364>: <x232>[C] (+38.2619048) -0.573593074<x1>[B] (+1) +0.573593074<x2>[B] (+1) -0.573593074<x3>[B] (+1) +0.573593074<x4>[B] (+1) +0.573593074<x5>[B] (+1) +0.573593074<x6>[B] (+1) +0.573593074<x7>[B] (+1) -0.573593074<x8>[B] (+1) +0.573593074<x9>[B] (+1) +0.573593074<x10>[B] (+1) -0.573593074<x11>[B] (+1) -0.573593074<x12>[B] (+1) -0.573593074<x13>[B] (+1) +0.573593074<x14>[B] (+1) +0.573593074<x15>[B] (+1) -0.573593074<x16>[B] (+1) +0.573593074<x17>[B] (+1) -0.573593074<x18>[B] (+1) +0.573593074<x19>[B] (+1) +0.573593074<x20>[B] (+1) +0.573593074<x21>[B] (+1) +0.573593074<x22>[B] (+0) +0.573593074<x23>[B] (+1) +0.573593074<x24>[B] (+1) +0.573593074<x25>[B] (+0) +0.573593074<x26>[B] (+1) +0.573593074<x27>[B] (+0) +0.573593074<x28>[B] (+1) +0.573593074<x29>[B] (+0) +0.573593074<x30>[B] (+0) -0.573593074<x31>[B] (+1) +0.573593074<x32>[B] (+0) -0.573593074<x33>[B] (+1) +0.573593074<x34>[B] (+0) +0.573593074<x35>[B] (+0) +0.573593074<x36>[B] (+1) +0.573593074<x37>[B] (+0) -0.573593074<x38>[B] (+1) +0.573593074<x39>[B] (+0) +0.573593074<x40>[B] (+1) +0.573593074<x41>[B] (+1) -0.573593074<x42>[B] (+1) +0.573593074<x43>[B] (+1) -0.573593074<x44>[B] (+0) -0.573593074<x45>[B] (+1) -0.573593074<x46>[B] (+0) -0.573593074<x47>[B] (+1) +0.573593074<x48>[B] (+0) -0.573593074<x49>[B] (+0) -0.573593074<x50>[B] (+1) -0.573593074<x51>[B] (+0) -0.573593074<x52>[B] (+1) -0.573593074<x53>[B] (+0) -0.573593074<x54>[B] (+0) -0.573593074<x55>[B] (+1) -0.573593074<x56>[B] (+0) -0.573593074<x57>[B] (+1) -0.573593074<x58>[B] (+1) +0.573593074<x59>[B] (+1) -0.573593074<x60>[B] (+1) +0.573593074<x61>[B] (+1) +0.573593074<x62>[B] (+0) +0.573593074<x63>[B] (+0) +0.573593074<x64>[B] (+0) +0.573593074<x65>[B] (+0) +0.573593074<x66>[B] (+0) +0.573593074<x67>[B] (+0) -0.573593074<x68>[B] (+1) +0.573593074<x69>[B] (+0) -0.573593074<x70>[B] (+1) +0.573593074<x71>[B] (+0) +0.573593074<x72>[B] (+0) +0.573593074<x73>[B] (+1) +0.573593074<x74>[B] (+0) -0.573593074<x75>[B] (+1) +0.573593074<x76>[B] (+0) +0.573593074<x77>[B] (+1) +0.573593074<x78>[B] (+1) -0.573593074<x79>[B] (+0) -0.573593074<x80>[B] (+0) -0.573593074<x81>[B] (+0) -0.573593074<x82>[B] (+0) +0.573593074<x83>[B] (+0) -0.573593074<x84>[B] (+0) -0.573593074<x85>[B] (+1) -0.573593074<x86>[B] (+0) -0.573593074<x87>[B] (+0) -0.573593074<x88>[B] (+0) -0.573593074<x89>[B] (+0) -0.573593074<x90>[B] (+0) -0.573593074<x91>[B] (+0) -0.573593074<x92>[B] (+0) -0.573593074<x93>[B] (+0) +0.573593074<x94>[B] (+0) -0.573593074<x95>[B] (+1) -0.573593074<x96>[B] (+1) -0.573593074<x97>[B] (+0) -0.573593074<x98>[B] (+1) +0.573593074<x99>[B] (+0) -0.573593074<x100>[B] (+0) -0.573593074<x101>[B] (+1) -0.573593074<x102>[B] (+0) -0.573593074<x103>[B] (+1) -0.573593074<x104>[B] (+0) -0.573593074<x105>[B] (+0) -0.573593074<x106>[B] (+1) -0.573593074<x107>[B] (+0) -0.573593074<x108>[B] (+1) -0.573593074<x109>[B] (+1) +0.573593074<x110>[B] (+1) +0.573593074<x111>[B] (+1) -0.573593074<x112>[B] (+0) -0.573593074<x113>[B] (+1) +0.573593074<x114>[B] (+0) -0.573593074<x115>[B] (+0) -0.573593074<x116>[B] (+1) -0.573593074<x117>[B] (+0) -0.573593074<x118>[B] (+1) -0.573593074<x119>[B] (+0) -0.573593074<x120>[B] (+0) -0.573593074<x121>[B] (+1) -0.573593074<x122>[B] (+0) -0.573593074<x123>[B] (+1) +0.573593074<x124>[B] (+0) +0.573593074<x125>[B] (+1) +0.573593074<x126>[B] (+1) -0.573593074<x127>[B] (+1) +0.573593074<x128>[B] (+0) +0.573593074<x129>[B] (+0) -0.573593074<x130>[B] (+1) -0.573593074<x131>[B] (+0) -0.573593074<x132>[B] (+1) +0.573593074<x133>[B] (+0) +0.573593074<x134>[B] (+0) -0.573593074<x135>[B] (+1) +0.573593074<x136>[B] (+0) -0.573593074<x137>[B] (+1) +0.573593074<x138>[B] (+1) +0.573593074<x139>[B] (+1) +0.573593074<x140>[B] (+1) +0.573593074<x141>[B] (+0) +0.573593074<x142>[B] (+0) -0.573593074<x143>[B] (+1) +0.573593074<x144>[B] (+0) -0.573593074<x145>[B] (+1) +0.573593074<x146>[B] (+0) +0.573593074<x147>[B] (+0) +0.573593074<x148>[B] (+1) +0.573593074<x149>[B] (+0) -0.573593074<x150>[B] (+1) +0.573593074<x151>[B] (+0) +0.573593074<x152>[B] (+1) +0.573593074<x153>[B] (+1) -0.573593074<x154>[B] (+1) -0.573593074<x155>[B] (+1) -0.573593074<x156>[B] (+1) -0.573593074<x157>[B] (+1) -0.573593074<x158>[B] (+0) -0.573593074<x159>[B] (+0) -0.573593074<x160>[B] (+1) -0.573593074<x161>[B] (+0) -0.573593074<x162>[B] (+1) -0.573593074<x163>[B] (+1) +0.573593074<x164>[B] (+1) -0.573593074<x165>[B] (+1) -0.573593074<x166>[B] (+1) -0.573593074<x167>[B] (+0) -0.573593074<x168>[B] (+1) +0.573593074<x169>[B] (+0) -0.573593074<x170>[B] (+0) -0.573593074<x171>[B] (+1) +0.573593074<x172>[B] (+0) -0.573593074<x173>[B] (+1) +0.573593074<x174>[B] (+1) +0.573593074<x175>[B] (+1) +0.573593074<x176>[B] (+1) +0.573593074<x177>[B] (+0) +0.573593074<x178>[B] (+0) +0.573593074<x179>[B] (+0) +0.573593074<x180>[B] (+0) +0.573593074<x181>[B] (+0) +0.573593074<x182>[B] (+0) +0.573593074<x183>[B] (+0) +0.573593074<x184>[B] (+0) +0.573593074<x185>[B] (+0) +0.573593074<x186>[B] (+1) -0.573593074<x187>[B] (+1) +0.573593074<x188>[B] (+0) +0.573593074<x189>[B] (+0) -0.573593074<x190>[B] (+1) +0.573593074<x191>[B] (+0) -0.573593074<x192>[B] (+1) +0.573593074<x193>[B] (+1) +0.573593074<x194>[B] (+1) +0.573593074<x195>[B] (+1) +0.573593074<x196>[B] (+0) +0.573593074<x197>[B] (+0) +0.573593074<x198>[B] (+0) +0.573593074<x199>[B] (+0) -0.573593074<x200>[B] (+1) +0.573593074<x201>[B] (+0) +0.573593074<x202>[B] (+0) +0.573593074<x203>[B] (+1) -0.573593074<x204>[B] (+1) -0.573593074<x205>[B] (+1) +0.573593074<x206>[B] (+1) -0.573593074<x207>[B] (+1) +0.573593074<x208>[B] (+1) +0.573593074<x209>[B] (+1) +0.573593074<x210>[B] (+1) -0.573593074<x211>[B] (+1) +0.573593074<x212>[B] (+1) -0.573593074<x213>[B] (+1) +0.573593074<x214>[B] (+1) +0.573593074<x215>[B] (+1) +0.573593074<x216>[B] (+1) +0.573593074<x217>[B] (+0) -0.573593074<x218>[B] (+1) +0.573593074<x219>[B] (+0) +0.573593074<x220>[B] (+0) +0.573593074<x221>[B] (+1) -0.573593074<x222>[B] (+1) +0.573593074<x223>[B] (+1) +0.573593074<x224>[B] (+1) +0.573593074<x225>[B] (+1) +0.573593074<x226>[B] (+0) +0.573593074<x227>[B] (+0) +0.573593074<x228>[B] (+1) +0.573593074<x229>[B] (+1) +0.573593074<x230>[B] (+1) -0.573593074<x231>[B] (+1) >= 33.1255411255411;
;
violation: left hand side is violated by 0.0259740259740369
  [linear] <c3364>: <x232>[C] (+38.2619048) -0.573593074<x1>[B] (+1) +0.573593074<x2>[B] (+1) -0.573593074<x3>[B] (+1) +0.573593074<x4>[B] (+1) +0.573593074<x5>[B] (+1) +0.573593074<x6>[B] (+1) +0.573593074<x7>[B] (+1) -0.573593074<x8>[B] (+1) +0.573593074<x9>[B] (+0) +0.573593074<x10>[B] (+1) -0.573593074<x11>[B] (+1) -0.573593074<x12>[B] (+1) -0.573593074<x13>[B] (+1) +0.573593074<x14>[B] (+1) +0.573593074<x15>[B] (+1) -0.573593074<x16>[B] (+1) +0.573593074<x17>[B] (+1) -0.573593074<x18>[B] (+1) +0.573593074<x19>[B] (+1) +0.573593074<x20>[B] (+1) +0.573593074<x21>[B] (+1) +0.573593074<x22>[B] (+0) +0.573593074<x23>[B] (+1) +0.573593074<x24>[B] (+1) +0.573593074<x25>[B] (+1) +0.573593074<x26>[B] (+1) +0.573593074<x27>[B] (+1) +0.573593074<x28>[B] (+1) +0.573593074<x29>[B] (+0) +0.573593074<x30>[B] (+0) -0.573593074<x31>[B] (+1) +0.573593074<x32>[B] (+0) -0.573593074<x33>[B] (+1) +0.573593074<x34>[B] (+0) +0.573593074<x35>[B] (+0) +0.573593074<x36>[B] (+1) +0.573593074<x37>[B] (+0) -0.573593074<x38>[B] (+1) +0.573593074<x39>[B] (+0) +0.573593074<x40>[B] (+1) +0.573593074<x41>[B] (+1) -0.573593074<x42>[B] (+1) +0.573593074<x43>[B] (+1) -0.573593074<x44>[B] (+1) -0.573593074<x45>[B] (+1) -0.573593074<x46>[B] (+1) -0.573593074<x47>[B] (+1) +0.573593074<x48>[B] (+0) -0.573593074<x49>[B] (+1) -0.573593074<x50>[B] (+1) -0.573593074<x51>[B] (+0) -0.573593074<x52>[B] (+1) -0.573593074<x53>[B] (+0) -0.573593074<x54>[B] (+0) -0.573593074<x55>[B] (+1) -0.573593074<x56>[B] (+0) -0.573593074<x57>[B] (+1) -0.573593074<x58>[B] (+1) +0.573593074<x59>[B] (+1) -0.573593074<x60>[B] (+1) +0.573593074<x61>[B] (+1) +0.573593074<x62>[B] (+1) +0.573593074<x63>[B] (+1) +0.573593074<x64>[B] (+0) +0.573593074<x65>[B] (+1) +0.573593074<x66>[B] (+0) +0.573593074<x67>[B] (+0) -0.573593074<x68>[B] (+1) +0.573593074<x69>[B] (+0) -0.573593074<x70>[B] (+1) +0.573593074<x71>[B] (+0) +0.573593074<x72>[B] (+0) +0.573593074<x73>[B] (+1) +0.573593074<x74>[B] (+0) -0.573593074<x75>[B] (+1) +0.573593074<x76>[B] (+0) +0.573593074<x77>[B] (+1) +0.573593074<x78>[B] (+1) -0.573593074<x79>[B] (+1) -0.573593074<x80>[B] (+0) -0.573593074<x81>[B] (+0) -0.573593074<x82>[B] (+1) +0.573593074<x83>[B] (+0) -0.573593074<x84>[B] (+0) -0.573593074<x85>[B] (+1) -0.573593074<x86>[B] (+0) -0.573593074<x87>[B] (+1) -0.573593074<x88>[B] (+0) -0.573593074<x89>[B] (+0) -0.573593074<x90>[B] (+1) -0.573593074<x91>[B] (+0) -0.573593074<x92>[B] (+1) -0.573593074<x93>[B] (+0) +0.573593074<x94>[B] (+0) -0.573593074<x95>[B] (+1) -0.573593074<x96>[B] (+0) -0.573593074<x97>[B] (+0) -0.573593074<x98>[B] (+0) +0.573593074<x99>[B] (+0) -0.573593074<x100>[B] (+0) -0.573593074<x101>[B] (+0) -0.573593074<x102>[B] (+0) -0.573593074<x103>[B] (+0) -0.573593074<x104>[B] (+0) -0.573593074<x105>[B] (+0) -0.573593074<x106>[B] (+0) -0.573593074<x107>[B] (+0) -0.573593074<x108>[B] (+1) -0.573593074<x109>[B] (+0) +0.573593074<x110>[B] (+0) +0.573593074<x111>[B] (+1) -0.573593074<x112>[B] (+0) -0.573593074<x113>[B] (+1) +0.573593074<x114>[B] (+0) -0.573593074<x115>[B] (+0) -0.573593074<x116>[B] (+1) -0.573593074<x117>[B] (+0) -0.573593074<x118>[B] (+1) -0.573593074<x119>[B] (+0) -0.573593074<x120>[B] (+0) -0.573593074<x121>[B] (+1) -0.573593074<x122>[B] (+0) -0.573593074<x123>[B] (+1) +0.573593074<x124>[B] (+0) +0.573593074<x125>[B] (+1) +0.573593074<x126>[B] (+1) -0.573593074<x127>[B] (+1) +0.573593074<x128>[B] (+0) +0.573593074<x129>[B] (+0) -0.573593074<x130>[B] (+1) -0.573593074<x131>[B] (+0) -0.573593074<x132>[B] (+1) +0.573593074<x133>[B] (+0) +0.573593074<x134>[B] (+0) -0.573593074<x135>[B] (+1) +0.573593074<x136>[B] (+0) -0.573593074<x137>[B] (+1) +0.573593074<x138>[B] (+0) +0.573593074<x139>[B] (+1) +0.573593074<x140>[B] (+1) +0.573593074<x141>[B] (+0) +0.573593074<x142>[B] (+0) -0.573593074<x143>[B] (+0) +0.573593074<x144>[B] (+0) -0.573593074<x145>[B] (+1) +0.573593074<x146>[B] (+0) +0.573593074<x147>[B] (+0) +0.573593074<x148>[B] (+1) +0.573593074<x149>[B] (+0) -0.573593074<x150>[B] (+1) +0.573593074<x151>[B] (+0) +0.573593074<x152>[B] (+0) +0.573593074<x153>[B] (+1) -0.573593074<x154>[B] (+1) -0.573593074<x155>[B] (+1) -0.573593074<x156>[B] (+1) -0.573593074<x157>[B] (+1) -0.573593074<x158>[B] (+1) -0.573593074<x159>[B] (+1) -0.573593074<x160>[B] (+1) -0.573593074<x161>[B] (+1) -0.573593074<x162>[B] (+1) -0.573593074<x163>[B] (+1) +0.573593074<x164>[B] (+1) -0.573593074<x165>[B] (+1) -0.573593074<x166>[B] (+1) -0.573593074<x167>[B] (+0) -0.573593074<x168>[B] (+1) +0.573593074<x169>[B] (+0) -0.573593074<x170>[B] (+0) -0.573593074<x171>[B] (+1) +0.573593074<x172>[B] (+0) -0.573593074<x173>[B] (+1) +0.573593074<x174>[B] (+1) +0.573593074<x175>[B] (+1) +0.573593074<x176>[B] (+1) +0.573593074<x177>[B] (+0) +0.573593074<x178>[B] (+1) +0.573593074<x179>[B] (+0) +0.573593074<x180>[B] (+0) +0.573593074<x181>[B] (+1) +0.573593074<x182>[B] (+0) +0.573593074<x183>[B] (+1) +0.573593074<x184>[B] (+0) +0.573593074<x185>[B] (+0) +0.573593074<x186>[B] (+1) -0.573593074<x187>[B] (+1) +0.573593074<x188>[B] (+0) +0.573593074<x189>[B] (+0) -0.573593074<x190>[B] (+1) +0.573593074<x191>[B] (+0) -0.573593074<x192>[B] (+1) +0.573593074<x193>[B] (+1) +0.573593074<x194>[B] (+1) +0.573593074<x195>[B] (+1) +0.573593074<x196>[B] (+0) +0.573593074<x197>[B] (+0) +0.573593074<x198>[B] (+0) +0.573593074<x199>[B] (+0) -0.573593074<x200>[B] (+1) +0.573593074<x201>[B] (+0) +0.573593074<x202>[B] (+0) +0.573593074<x203>[B] (+1) -0.573593074<x204>[B] (+1) -0.573593074<x205>[B] (+1) +0.573593074<x206>[B] (+1) -0.573593074<x207>[B] (+1) +0.573593074<x208>[B] (+1) +0.573593074<x209>[B] (+1) +0.573593074<x210>[B] (+1) -0.573593074<x211>[B] (+1) +0.573593074<x212>[B] (+1) -0.573593074<x213>[B] (+1) +0.573593074<x214>[B] (+1) +0.573593074<x215>[B] (+1) +0.573593074<x216>[B] (+1) +0.573593074<x217>[B] (+0) -0.573593074<x218>[B] (+1) +0.573593074<x219>[B] (+0) +0.573593074<x220>[B] (+0) +0.573593074<x221>[B] (+1) -0.573593074<x222>[B] (+1) +0.573593074<x223>[B] (+1) +0.573593074<x224>[B] (+1) +0.573593074<x225>[B] (+1) +0.573593074<x226>[B] (+0) +0.573593074<x227>[B] (+0) +0.573593074<x228>[B] (+1) +0.573593074<x229>[B] (+1) +0.573593074<x230>[B] (+1) -0.573593074<x231>[B] (+1) >= 33.1255411255411;
;
violation: left hand side is violated by 0.0259740259740155
  [linear] <c3364>: <x232>[C] (+38.2619048) -0.573593074<x1>[B] (+1) +0.573593074<x2>[B] (+1) -0.573593074<x3>[B] (+1) +0.573593074<x4>[B] (+1) +0.573593074<x5>[B] (+1) +0.573593074<x6>[B] (+1) +0.573593074<x7>[B] (+1) -0.573593074<x8>[B] (+1) +0.573593074<x9>[B] (+1) +0.573593074<x10>[B] (+1) -0.573593074<x11>[B] (+1) -0.573593074<x12>[B] (+1) -0.573593074<x13>[B] (+1) +0.573593074<x14>[B] (+1) +0.573593074<x15>[B] (+1) -0.573593074<x16>[B] (+1) +0.573593074<x17>[B] (+1) -0.573593074<x18>[B] (+1) +0.573593074<x19>[B] (+1) +0.573593074<x20>[B] (+1) +0.573593074<x21>[B] (+1) +0.573593074<x22>[B] (+0) +0.573593074<x23>[B] (+1) +0.573593074<x24>[B] (+1) +0.573593074<x25>[B] (+1) +0.573593074<x26>[B] (+1) +0.573593074<x27>[B] (+0) +0.573593074<x28>[B] (+1) +0.573593074<x29>[B] (+0) +0.573593074<x30>[B] (+0) -0.573593074<x31>[B] (+1) +0.573593074<x32>[B] (+0) -0.573593074<x33>[B] (+1) +0.573593074<x34>[B] (+0) +0.573593074<x35>[B] (+0) +0.573593074<x36>[B] (+1) +0.573593074<x37>[B] (+0) -0.573593074<x38>[B] (+1) +0.573593074<x39>[B] (+0) +0.573593074<x40>[B] (+1) +0.573593074<x41>[B] (+1) -0.573593074<x42>[B] (+1) +0.573593074<x43>[B] (+1) -0.573593074<x44>[B] (+1) -0.573593074<x45>[B] (+1) -0.573593074<x46>[B] (+1) -0.573593074<x47>[B] (+1) +0.573593074<x48>[B] (+0) -0.573593074<x49>[B] (+1) -0.573593074<x50>[B] (+1) -0.573593074<x51>[B] (+0) -0.573593074<x52>[B] (+1) -0.573593074<x53>[B] (+0) -0.573593074<x54>[B] (+0) -0.573593074<x55>[B] (+1) -0.573593074<x56>[B] (+0) -0.573593074<x57>[B] (+1) -0.573593074<x58>[B] (+1) +0.573593074<x59>[B] (+1) -0.573593074<x60>[B] (+1) +0.573593074<x61>[B] (+1) +0.573593074<x62>[B] (+0) +0.573593074<x63>[B] (+1) +0.573593074<x64>[B] (+0) +0.573593074<x65>[B] (+1) +0.573593074<x66>[B] (+0) +0.573593074<x67>[B] (+0) -0.573593074<x68>[B] (+1) +0.573593074<x69>[B] (+0) -0.573593074<x70>[B] (+1) +0.573593074<x71>[B] (+0) +0.573593074<x72>[B] (+0) +0.573593074<x73>[B] (+1) +0.573593074<x74>[B] (+0) -0.573593074<x75>[B] (+1) +0.573593074<x76>[B] (+0) +0.573593074<x77>[B] (+1) +0.573593074<x78>[B] (+1) -0.573593074<x79>[B] (+0) -0.573593074<x80>[B] (+0) -0.573593074<x81>[B] (+0) -0.573593074<x82>[B] (+1) +0.573593074<x83>[B] (+0) -0.573593074<x84>[B] (+0) -0.573593074<x85>[B] (+1) -0.573593074<x86>[B] (+0) -0.573593074<x87>[B] (+1) -0.573593074<x88>[B] (+0) -0.573593074<x89>[B] (+0) -0.573593074<x90>[B] (+1) -0.573593074<x91>[B] (+0) -0.573593074<x92>[B] (+1) -0.573593074<x93>[B] (+0) +0.573593074<x94>[B] (+0) -0.573593074<x95>[B] (+1) -0.573593074<x96>[B] (+1) -0.573593074<x97>[B] (+0) -0.573593074<x98>[B] (+1) +0.573593074<x99>[B] (+0) -0.573593074<x100>[B] (+0) -0.573593074<x101>[B] (+1) -0.573593074<x102>[B] (+0) -0.573593074<x103>[B] (+1) -0.573593074<x104>[B] (+0) -0.573593074<x105>[B] (+0) -0.573593074<x106>[B] (+1) -0.573593074<x107>[B] (+0) -0.573593074<x108>[B] (+1) -0.573593074<x109>[B] (+0) +0.573593074<x110>[B] (+1) +0.573593074<x111>[B] (+1) -0.573593074<x112>[B] (+0) -0.573593074<x113>[B] (+1) +0.573593074<x114>[B] (+0) -0.573593074<x115>[B] (+0) -0.573593074<x116>[B] (+1) -0.573593074<x117>[B] (+0) -0.573593074<x118>[B] (+1) -0.573593074<x119>[B] (+0) -0.573593074<x120>[B] (+0) -0.573593074<x121>[B] (+1) -0.573593074<x122>[B] (+0) -0.573593074<x123>[B] (+1) +0.573593074<x124>[B] (+0) +0.573593074<x125>[B] (+1) +0.573593074<x126>[B] (+1) -0.573593074<x127>[B] (+1) +0.573593074<x128>[B] (+0) +0.573593074<x129>[B] (+0) -0.573593074<x130>[B] (+1) -0.573593074<x131>[B] (+0) -0.573593074<x132>[B] (+1) +0.573593074<x133>[B] (+0) +0.573593074<x134>[B] (+0) -0.573593074<x135>[B] (+1) +0.573593074<x136>[B] (+0) -0.573593074<x137>[B] (+1) +0.573593074<x138>[B] (+1) +0.573593074<x139>[B] (+1) +0.573593074<x140>[B] (+1) +0.573593074<x141>[B] (+0) +0.573593074<x142>[B] (+0) -0.573593074<x143>[B] (+0) +0.573593074<x144>[B] (+0) -0.573593074<x145>[B] (+1) +0.573593074<x146>[B] (+0) +0.573593074<x147>[B] (+0) +0.573593074<x148>[B] (+1) +0.573593074<x149>[B] (+0) -0.573593074<x150>[B] (+1) +0.573593074<x151>[B] (+0) +0.573593074<x152>[B] (+0) +0.573593074<x153>[B] (+1) -0.573593074<x154>[B] (+1) -0.573593074<x155>[B] (+1) -0.573593074<x156>[B] (+1) -0.573593074<x157>[B] (+1) -0.573593074<x158>[B] (+0) -0.573593074<x159>[B] (+0) -0.573593074<x160>[B] (+1) -0.573593074<x161>[B] (+0) -0.573593074<x162>[B] (+1) -0.573593074<x163>[B] (+1) +0.573593074<x164>[B] (+1) -0.573593074<x165>[B] (+1) -0.573593074<x166>[B] (+1) -0.573593074<x167>[B] (+0) -0.573593074<x168>[B] (+1) +0.573593074<x169>[B] (+0) -0.573593074<x170>[B] (+0) -0.573593074<x171>[B] (+1) +0.573593074<x172>[B] (+0) -0.573593074<x173>[B] (+1) +0.573593074<x174>[B] (+1) +0.573593074<x175>[B] (+1) +0.573593074<x176>[B] (+1) +0.573593074<x177>[B] (+0) +0.573593074<x178>[B] (+1) +0.573593074<x179>[B] (+0) +0.573593074<x180>[B] (+0) +0.573593074<x181>[B] (+1) +0.573593074<x182>[B] (+0) +0.573593074<x183>[B] (+1) +0.573593074<x184>[B] (+0) +0.573593074<x185>[B] (+0) +0.573593074<x186>[B] (+1) -0.573593074<x187>[B] (+1) +0.573593074<x188>[B] (+0) +0.573593074<x189>[B] (+0) -0.573593074<x190>[B] (+1) +0.573593074<x191>[B] (+0) -0.573593074<x192>[B] (+1) +0.573593074<x193>[B] (+1) +0.573593074<x194>[B] (+1) +0.573593074<x195>[B] (+1) +0.573593074<x196>[B] (+0) +0.573593074<x197>[B] (+0) +0.573593074<x198>[B] (+0) +0.573593074<x199>[B] (+0) -0.573593074<x200>[B] (+1) +0.573593074<x201>[B] (+0) +0.573593074<x202>[B] (+0) +0.573593074<x203>[B] (+1) -0.573593074<x204>[B] (+1) -0.573593074<x205>[B] (+1) +0.573593074<x206>[B] (+1) -0.573593074<x207>[B] (+1) +0.573593074<x208>[B] (+1) +0.573593074<x209>[B] (+1) +0.573593074<x210>[B] (+1) -0.573593074<x211>[B] (+1) +0.573593074<x212>[B] (+1) -0.573593074<x213>[B] (+1) +0.573593074<x214>[B] (+1) +0.573593074<x215>[B] (+1) +0.573593074<x216>[B] (+1) +0.573593074<x217>[B] (+0) -0.573593074<x218>[B] (+1) +0.573593074<x219>[B] (+0) +0.573593074<x220>[B] (+0) +0.573593074<x221>[B] (+1) -0.573593074<x222>[B] (+1) +0.573593074<x223>[B] (+1) +0.573593074<x224>[B] (+1) +0.573593074<x225>[B] (+1) +0.573593074<x226>[B] (+0) +0.573593074<x227>[B] (+0) +0.573593074<x228>[B] (+1) +0.573593074<x229>[B] (+1) +0.573593074<x230>[B] (+1) -0.573593074<x231>[B] (+1) >= 33.1255411255411;
;
violation: left hand side is violated by 0.0259740259740298
  [linear] <c3364>: <x232>[C] (+38.8225108) -0.573593074<x1>[B] (+1) +0.573593074<x2>[B] (+1) -0.573593074<x3>[B] (+1) +0.573593074<x4>[B] (+1) +0.573593074<x5>[B] (+1) +0.573593074<x6>[B] (+1) +0.573593074<x7>[B] (+1) -0.573593074<x8>[B] (+1) +0.573593074<x9>[B] (+0) +0.573593074<x10>[B] (+1) -0.573593074<x11>[B] (+1) -0.573593074<x12>[B] (+0) -0.573593074<x13>[B] (+1) +0.573593074<x14>[B] (+0) +0.573593074<x15>[B] (+1) -0.573593074<x16>[B] (+1) +0.573593074<x17>[B] (+0) -0.573593074<x18>[B] (+1) +0.573593074<x19>[B] (+1) +0.573593074<x20>[B] (+1) +0.573593074<x21>[B] (+1) +0.573593074<x22>[B] (+0) +0.573593074<x23>[B] (+0) +0.573593074<x24>[B] (+1) +0.573593074<x25>[B] (+1) +0.573593074<x26>[B] (+1) +0.573593074<x27>[B] (+0) +0.573593074<x28>[B] (+1) +0.573593074<x29>[B] (+0) +0.573593074<x30>[B] (+0) -0.573593074<x31>[B] (+1) +0.573593074<x32>[B] (+0) -0.573593074<x33>[B] (+1) +0.573593074<x34>[B] (+0) +0.573593074<x35>[B] (+1) +0.573593074<x36>[B] (+1) +0.573593074<x37>[B] (+0) -0.573593074<x38>[B] (+1) +0.573593074<x39>[B] (+1) +0.573593074<x40>[B] (+1) +0.573593074<x41>[B] (+1) -0.573593074<x42>[B] (+0) +0.573593074<x43>[B] (+1) -0.573593074<x44>[B] (+1) -0.573593074<x45>[B] (+1) -0.573593074<x46>[B] (+0) -0.573593074<x47>[B] (+1) +0.573593074<x48>[B] (+0) -0.573593074<x49>[B] (+0) -0.573593074<x50>[B] (+1) -0.573593074<x51>[B] (+0) -0.573593074<x52>[B] (+1) -0.573593074<x53>[B] (+0) -0.573593074<x54>[B] (+1) -0.573593074<x55>[B] (+1) -0.573593074<x56>[B] (+0) -0.573593074<x57>[B] (+1) -0.573593074<x58>[B] (+1) +0.573593074<x59>[B] (+1) -0.573593074<x60>[B] (+1) +0.573593074<x61>[B] (+1) +0.573593074<x62>[B] (+1) +0.573593074<x63>[B] (+1) +0.573593074<x64>[B] (+0) +0.573593074<x65>[B] (+1) +0.573593074<x66>[B] (+0) +0.573593074<x67>[B] (+1) -0.573593074<x68>[B] (+1) +0.573593074<x69>[B] (+0) -0.573593074<x70>[B] (+1) +0.573593074<x71>[B] (+0) +0.573593074<x72>[B] (+1) +0.573593074<x73>[B] (+1) +0.573593074<x74>[B] (+0) -0.573593074<x75>[B] (+1) +0.573593074<x76>[B] (+1) +0.573593074<x77>[B] (+1) +0.573593074<x78>[B] (+1) -0.573593074<x79>[B] (+1) -0.573593074<x80>[B] (+1) -0.573593074<x81>[B] (+0) -0.573593074<x82>[B] (+1) +0.573593074<x83>[B] (+0) -0.573593074<x84>[B] (+0) -0.573593074<x85>[B] (+1) -0.573593074<x86>[B] (+0) -0.573593074<x87>[B] (+1) -0.573593074<x88>[B] (+0) -0.573593074<x89>[B] (+1) -0.573593074<x90>[B] (+1) -0.573593074<x91>[B] (+0) -0.573593074<x92>[B] (+1) -0.573593074<x93>[B] (+0) +0.573593074<x94>[B] (+1) -0.573593074<x95>[B] (+1) -0.573593074<x96>[B] (+0) -0.573593074<x97>[B] (+0) -0.573593074<x98>[B] (+1) +0.573593074<x99>[B] (+0) -0.573593074<x100>[B] (+0) -0.573593074<x101>[B] (+1) -0.573593074<x102>[B] (+0) -0.573593074<x103>[B] (+1) -0.573593074<x104>[B] (+0) -0.573593074<x105>[B] (+0) -0.573593074<x106>[B] (+0) -0.573593074<x107>[B] (+0) -0.573593074<x108>[B] (+1) -0.573593074<x109>[B] (+0) +0.573593074<x110>[B] (+0) +0.573593074<x111>[B] (+1) -0.573593074<x112>[B] (+0) -0.573593074<x113>[B] (+1) +0.573593074<x114>[B] (+0) -0.573593074<x115>[B] (+0) -0.573593074<x116>[B] (+1) -0.573593074<x117>[B] (+0) -0.573593074<x118>[B] (+1) -0.573593074<x119>[B] (+0) -0.573593074<x120>[B] (+0) -0.573593074<x121>[B] (+0) -0.573593074<x122>[B] (+0) -0.573593074<x123>[B] (+1) +0.573593074<x124>[B] (+0) +0.573593074<x125>[B] (+0) +0.573593074<x126>[B] (+1) -0.573593074<x127>[B] (+1) +0.573593074<x128>[B] (+0) +0.573593074<x129>[B] (+1) -0.573593074<x130>[B] (+1) -0.573593074<x131>[B] (+0) -0.573593074<x132>[B] (+1) +0.573593074<x133>[B] (+0) +0.573593074<x134>[B] (+1) -0.573593074<x135>[B] (+1) +0.573593074<x136>[B] (+0) -0.573593074<x137>[B] (+1) +0.573593074<x138>[B] (+1) +0.573593074<x139>[B] (+1) +0.573593074<x140>[B] (+1) +0.573593074<x141>[B] (+0) +0.573593074<x142>[B] (+0) -0.573593074<x143>[B] (+1) +0.573593074<x144>[B] (+0) -0.573593074<x145>[B] (+0) +0.573593074<x146>[B] (+0) +0.573593074<x147>[B] (+0) +0.573593074<x148>[B] (+0) +0.573593074<x149>[B] (+0) -0.573593074<x150>[B] (+0) +0.573593074<x151>[B] (+0) +0.573593074<x152>[B] (+0) +0.573593074<x153>[B] (+1) -0.573593074<x154>[B] (+1) -0.573593074<x155>[B] (+1) -0.573593074<x156>[B] (+1) -0.573593074<x157>[B] (+1) -0.573593074<x158>[B] (+0) -0.573593074<x159>[B] (+1) -0.573593074<x160>[B] (+1) -0.573593074<x161>[B] (+0) -0.573593074<x162>[B] (+1) -0.573593074<x163>[B] (+1) +0.573593074<x164>[B] (+1) -0.573593074<x165>[B] (+1) -0.573593074<x166>[B] (+1) -0.573593074<x167>[B] (+0) -0.573593074<x168>[B] (+1) +0.573593074<x169>[B] (+0) -0.573593074<x170>[B] (+1) -0.573593074<x171>[B] (+1) +0.573593074<x172>[B] (+0) -0.573593074<x173>[B] (+1) +0.573593074<x174>[B] (+1) +0.573593074<x175>[B] (+1) +0.573593074<x176>[B] (+1) +0.573593074<x177>[B] (+0) +0.573593074<x178>[B] (+0) +0.573593074<x179>[B] (+0) +0.573593074<x180>[B] (+0) +0.573593074<x181>[B] (+0) +0.573593074<x182>[B] (+0) +0.573593074<x183>[B] (+0) +0.573593074<x184>[B] (+0) +0.573593074<x185>[B] (+0) +0.573593074<x186>[B] (+1) -0.573593074<x187>[B] (+1) +0.573593074<x188>[B] (+0) +0.573593074<x189>[B] (+1) -0.573593074<x190>[B] (+1) +0.573593074<x191>[B] (+0) -0.573593074<x192>[B] (+1) +0.573593074<x193>[B] (+1) +0.573593074<x194>[B] (+1) +0.573593074<x195>[B] (+1) +0.573593074<x196>[B] (+0) +0.573593074<x197>[B] (+0) +0.573593074<x198>[B] (+0) +0.573593074<x199>[B] (+0) -0.573593074<x200>[B] (+0) +0.573593074<x201>[B] (+0) +0.573593074<x202>[B] (+0) +0.573593074<x203>[B] (+1) -0.573593074<x204>[B] (+1) -0.573593074<x205>[B] (+1) +0.573593074<x206>[B] (+0) -0.573593074<x207>[B] (+1) +0.573593074<x208>[B] (+1) +0.573593074<x209>[B] (+1) +0.573593074<x210>[B] (+1) -0.573593074<x211>[B] (+1) +0.573593074<x212>[B] (+0) -0.573593074<x213>[B] (+1) +0.573593074<x214>[B] (+0) +0.573593074<x215>[B] (+0) +0.573593074<x216>[B] (+1) +0.573593074<x217>[B] (+0) -0.573593074<x218>[B] (+1) +0.573593074<x219>[B] (+0) +0.573593074<x220>[B] (+0) +0.573593074<x221>[B] (+1) -0.573593074<x222>[B] (+1) +0.573593074<x223>[B] (+1) +0.573593074<x224>[B] (+1) +0.573593074<x225>[B] (+1) +0.573593074<x226>[B] (+0) +0.573593074<x227>[B] (+0) +0.573593074<x228>[B] (+1) +0.573593074<x229>[B] (+1) +0.573593074<x230>[B] (+1) -0.573593074<x231>[B] (+1) >= 33.1255411255411;
;
violation: left hand side is violated by 0.0389610389610269
  [linear] <c3370>: <x239>[C] (+37.0541126) -0.551948052<x1>[B] (+1) +0.551948052<x2>[B] (+1) -0.551948052<x3>[B] (+1) -0.551948052<x4>[B] (+1) +0.551948052<x5>[B] (+1) +0.551948052<x6>[B] (+1) -0.551948052<x7>[B] (+1) +0.551948052<x8>[B] (+1) -0.551948052<x9>[B] (+1) +0.551948052<x10>[B] (+1) -0.551948052<x11>[B] (+1) -0.551948052<x12>[B] (+1) +0.551948052<x13>[B] (+1) -0.551948052<x14>[B] (+0) -0.551948052<x15>[B] (+1) -0.551948052<x16>[B] (+1) +0.551948052<x17>[B] (+0) +0.551948052<x18>[B] (+1) +0.551948052<x19>[B] (+1) -0.551948052<x20>[B] (+1) -0.551948052<x21>[B] (+1) +0.551948052<x22>[B] (+0) +0.551948052<x23>[B] (+0) +0.551948052<x24>[B] (+1) +0.551948052<x25>[B] (+1) +0.551948052<x26>[B] (+1) +0.551948052<x27>[B] (+0) +0.551948052<x28>[B] (+1) +0.551948052<x29>[B] (+0) +0.551948052<x30>[B] (+0) +0.551948052<x31>[B] (+1) +0.551948052<x32>[B] (+0) +0.551948052<x33>[B] (+1) +0.551948052<x34>[B] (+0) +0.551948052<x35>[B] (+1) +0.551948052<x36>[B] (+1) +0.551948052<x37>[B] (+0) +0.551948052<x38>[B] (+1) +0.551948052<x39>[B] (+0) +0.551948052<x40>[B] (+1) +0.551948052<x41>[B] (+1) -0.551948052<x42>[B] (+0) -0.551948052<x43>[B] (+1) -0.551948052<x44>[B] (+1) -0.551948052<x45>[B] (+1) -0.551948052<x46>[B] (+0) -0.551948052<x47>[B] (+1) -0.551948052<x48>[B] (+0) -0.551948052<x49>[B] (+0) -0.551948052<x50>[B] (+1) -0.551948052<x51>[B] (+0) -0.551948052<x52>[B] (+1) -0.551948052<x53>[B] (+0) -0.551948052<x54>[B] (+1) -0.551948052<x55>[B] (+1) -0.551948052<x56>[B] (+0) -0.551948052<x57>[B] (+1) -0.551948052<x58>[B] (+1) -0.551948052<x59>[B] (+1) -0.551948052<x60>[B] (+1) -0.551948052<x61>[B] (+1) +0.551948052<x62>[B] (+1) +0.551948052<x63>[B] (+1) -0.551948052<x64>[B] (+0) +0.551948052<x65>[B] (+1) -0.551948052<x66>[B] (+0) +0.551948052<x67>[B] (+0) -0.551948052<x68>[B] (+1) +0.551948052<x69>[B] (+0) +0.551948052<x70>[B] (+1) +0.551948052<x71>[B] (+0) -0.551948052<x72>[B] (+1) -0.551948052<x73>[B] (+1) +0.551948052<x74>[B] (+0) +0.551948052<x75>[B] (+1) +0.551948052<x76>[B] (+1) +0.551948052<x77>[B] (+1) -0.551948052<x78>[B] (+1) +0.551948052<x79>[B] (+1) +0.551948052<x80>[B] (+0) +0.551948052<x81>[B] (+0) +0.551948052<x82>[B] (+0) +0.551948052<x83>[B] (+0) +0.551948052<x84>[B] (+0) -0.551948052<x85>[B] (+1) +0.551948052<x86>[B] (+0) +0.551948052<x87>[B] (+0) +0.551948052<x88>[B] (+0) +0.551948052<x89>[B] (+0) -0.551948052<x90>[B] (+1) +0.551948052<x91>[B] (+0) +0.551948052<x92>[B] (+1) +0.551948052<x93>[B] (+0) +0.551948052<x94>[B] (+1) -0.551948052<x95>[B] (+1) -0.551948052<x96>[B] (+0) -0.551948052<x97>[B] (+0) +0.551948052<x98>[B] (+0) -0.551948052<x99>[B] (+0) -0.551948052<x100>[B] (+0) -0.551948052<x101>[B] (+1) -0.551948052<x102>[B] (+0) -0.551948052<x103>[B] (+0) -0.551948052<x104>[B] (+0) -0.551948052<x105>[B] (+0) -0.551948052<x106>[B] (+1) -0.551948052<x107>[B] (+0) -0.551948052<x108>[B] (+0) -0.551948052<x109>[B] (+0) -0.551948052<x110>[B] (+0) -0.551948052<x111>[B] (+1) -0.551948052<x112>[B] (+0) +0.551948052<x113>[B] (+1) -0.551948052<x114>[B] (+0) +0.551948052<x115>[B] (+0) -0.551948052<x116>[B] (+1) -0.551948052<x117>[B] (+0) +0.551948052<x118>[B] (+1) -0.551948052<x119>[B] (+0) -0.551948052<x120>[B] (+1) -0.551948052<x121>[B] (+1) +0.551948052<x122>[B] (+0) +0.551948052<x123>[B] (+1) +0.551948052<x124>[B] (+0) -0.551948052<x125>[B] (+1) -0.551948052<x126>[B] (+1) +0.551948052<x127>[B] (+1) +0.551948052<x128>[B] (+0) +0.551948052<x129>[B] (+0) -0.551948052<x130>[B] (+1) +0.551948052<x131>[B] (+0) +0.551948052<x132>[B] (+1) +0.551948052<x133>[B] (+0) +0.551948052<x134>[B] (+1) -0.551948052<x135>[B] (+1) +0.551948052<x136>[B] (+0) +0.551948052<x137>[B] (+1) +0.551948052<x138>[B] (+1) +0.551948052<x139>[B] (+1) -0.551948052<x140>[B] (+1) -0.551948052<x141>[B] (+0) -0.551948052<x142>[B] (+0) -0.551948052<x143>[B] (+1) -0.551948052<x144>[B] (+0) -0.551948052<x145>[B] (+1) -0.551948052<x146>[B] (+0) -0.551948052<x147>[B] (+0) -0.551948052<x148>[B] (+1) -0.551948052<x149>[B] (+0) -0.551948052<x150>[B] (+1) -0.551948052<x151>[B] (+0) -0.551948052<x152>[B] (+1) -0.551948052<x153>[B] (+1) +0.551948052<x154>[B] (+1) -0.551948052<x155>[B] (+1) +0.551948052<x156>[B] (+1) +0.551948052<x157>[B] (+1) +0.551948052<x158>[B] (+0) -0.551948052<x159>[B] (+1) -0.551948052<x160>[B] (+1) +0.551948052<x161>[B] (+0) +0.551948052<x162>[B] (+1) +0.551948052<x163>[B] (+1) +0.551948052<x164>[B] (+1) -0.551948052<x165>[B] (+1) -0.551948052<x166>[B] (+1) -0.551948052<x167>[B] (+1) +0.551948052<x168>[B] (+1) -0.551948052<x169>[B] (+0) -0.551948052<x170>[B] (+1) -0.551948052<x171>[B] (+1) -0.551948052<x172>[B] (+0) +0.551948052<x173>[B] (+1) +0.551948052<x174>[B] (+1) -0.551948052<x175>[B] (+1) -0.551948052<x176>[B] (+1) +0.551948052<x177>[B] (+0) +0.551948052<x178>[B] (+0) +0.551948052<x179>[B] (+0) +0.551948052<x180>[B] (+0) -0.551948052<x181>[B] (+1) +0.551948052<x182>[B] (+0) +0.551948052<x183>[B] (+0) +0.551948052<x184>[B] (+0) +0.551948052<x185>[B] (+0) +0.551948052<x186>[B] (+1) +0.551948052<x187>[B] (+1) +0.551948052<x188>[B] (+0) -0.551948052<x189>[B] (+1) -0.551948052<x190>[B] (+1) +0.551948052<x191>[B] (+0) +0.551948052<x192>[B] (+1) +0.551948052<x193>[B] (+1) +0.551948052<x194>[B] (+1) -0.551948052<x195>[B] (+1) -0.551948052<x196>[B] (+0) -0.551948052<x197>[B] (+0) -0.551948052<x198>[B] (+1) -0.551948052<x199>[B] (+0) +0.551948052<x200>[B] (+1) -0.551948052<x201>[B] (+0) -0.551948052<x202>[B] (+1) -0.551948052<x203>[B] (+1) -0.551948052<x204>[B] (+1) -0.551948052<x205>[B] (+1) +0.551948052<x206>[B] (+0) +0.551948052<x207>[B] (+1) +0.551948052<x208>[B] (+1) -0.551948052<x209>[B] (+1) -0.551948052<x210>[B] (+1) -0.551948052<x211>[B] (+1) +0.551948052<x212>[B] (+0) +0.551948052<x213>[B] (+1) +0.551948052<x214>[B] (+0) +0.551948052<x215>[B] (+1) -0.551948052<x216>[B] (+1) +0.551948052<x217>[B] (+0) +0.551948052<x218>[B] (+0) +0.551948052<x219>[B] (+0) +0.551948052<x220>[B] (+0) +0.551948052<x221>[B] (+0) +0.551948052<x222>[B] (+1) +0.551948052<x223>[B] (+1) -0.551948052<x224>[B] (+1) -0.551948052<x225>[B] (+1) -0.551948052<x226>[B] (+0) -0.551948052<x227>[B] (+0) -0.551948052<x228>[B] (+1) -0.551948052<x229>[B] (+1) -0.551948052<x230>[B] (+1) -0.551948052<x231>[B] (+1) >= 27.1839826839827;
;
violation: left hand side is violated by 0.0649350649350779
  [linear] <c3376>: <x245>[C] (+41.7770563) +0.586580087<x1>[B] (+1) +0.586580087<x2>[B] (+1) +0.586580087<x3>[B] (+1) +0.586580087<x4>[B] (+1) +0.586580087<x5>[B] (+1) -0.586580087<x6>[B] (+1) +0.586580087<x7>[B] (+1) -0.586580087<x8>[B] (+1) -0.586580087<x9>[B] (+0) +0.586580087<x10>[B] (+1) +0.586580087<x11>[B] (+1) +0.586580087<x12>[B] (+0) +0.586580087<x13>[B] (+1) +0.586580087<x14>[B] (+0) +0.586580087<x15>[B] (+1) +0.586580087<x16>[B] (+1) +0.586580087<x17>[B] (+0) -0.586580087<x18>[B] (+1) +0.586580087<x19>[B] (+1) +0.586580087<x20>[B] (+1) -0.586580087<x21>[B] (+1) +0.586580087<x22>[B] (+0) +0.586580087<x23>[B] (+0) -0.586580087<x24>[B] (+1) +0.586580087<x25>[B] (+1) -0.586580087<x26>[B] (+1) -0.586580087<x27>[B] (+0) -0.586580087<x28>[B] (+1) -0.586580087<x29>[B] (+0) +0.586580087<x30>[B] (+0) +0.586580087<x31>[B] (+1) +0.586580087<x32>[B] (+0) -0.586580087<x33>[B] (+1) +0.586580087<x34>[B] (+0) +0.586580087<x35>[B] (+1) +0.586580087<x36>[B] (+1) +0.586580087<x37>[B] (+0) -0.586580087<x38>[B] (+1) +0.586580087<x39>[B] (+1) -0.586580087<x40>[B] (+1) -0.586580087<x41>[B] (+1) +0.586580087<x42>[B] (+0) -0.586580087<x43>[B] (+1) -0.586580087<x44>[B] (+1) -0.586580087<x45>[B] (+1) -0.586580087<x46>[B] (+0) -0.586580087<x47>[B] (+1) -0.586580087<x48>[B] (+0) -0.586580087<x49>[B] (+0) +0.586580087<x50>[B] (+1) +0.586580087<x51>[B] (+0) -0.586580087<x52>[B] (+1) +0.586580087<x53>[B] (+0) -0.586580087<x54>[B] (+1) -0.586580087<x55>[B] (+1) -0.586580087<x56>[B] (+0) -0.586580087<x57>[B] (+1) -0.586580087<x58>[B] (+1) -0.586580087<x59>[B] (+1) -0.586580087<x60>[B] (+1) -0.586580087<x61>[B] (+1) -0.586580087<x62>[B] (+1) -0.586580087<x63>[B] (+1) -0.586580087<x64>[B] (+0) -0.586580087<x65>[B] (+1) -0.586580087<x66>[B] (+0) -0.586580087<x67>[B] (+1) +0.586580087<x68>[B] (+1) -0.586580087<x69>[B] (+0) -0.586580087<x70>[B] (+1) +0.586580087<x71>[B] (+0) -0.586580087<x72>[B] (+1) -0.586580087<x73>[B] (+1) -0.586580087<x74>[B] (+0) -0.586580087<x75>[B] (+1) -0.586580087<x76>[B] (+1) -0.586580087<x77>[B] (+1) -0.586580087<x78>[B] (+1) +0.586580087<x79>[B] (+1) -0.586580087<x80>[B] (+1) +0.586580087<x81>[B] (+0) -0.586580087<x82>[B] (+0) -0.586580087<x83>[B] (+0) +0.586580087<x84>[B] (+0) +0.586580087<x85>[B] (+1) +0.586580087<x86>[B] (+0) +0.586580087<x87>[B] (+1) +0.586580087<x88>[B] (+0) +0.586580087<x89>[B] (+0) +0.586580087<x90>[B] (+0) +0.586580087<x91>[B] (+0) -0.586580087<x92>[B] (+1) +0.586580087<x93>[B] (+0) -0.586580087<x94>[B] (+0) -0.586580087<x95>[B] (+1) -0.586580087<x96>[B] (+0) -0.586580087<x97>[B] (+0) -0.586580087<x98>[B] (+0) -0.586580087<x99>[B] (+0) -0.586580087<x100>[B] (+0) +0.586580087<x101>[B] (+1) +0.586580087<x102>[B] (+0) -0.586580087<x103>[B] (+0) +0.586580087<x104>[B] (+0) +0.586580087<x105>[B] (+0) +0.586580087<x106>[B] (+0) -0.586580087<x107>[B] (+0) -0.586580087<x108>[B] (+1) -0.586580087<x109>[B] (+0) -0.586580087<x110>[B] (+0) -0.586580087<x111>[B] (+1) +0.586580087<x112>[B] (+0) -0.586580087<x113>[B] (+0) +0.586580087<x114>[B] (+0) +0.586580087<x115>[B] (+0) +0.586580087<x116>[B] (+1) +0.586580087<x117>[B] (+0) +0.586580087<x118>[B] (+1) +0.586580087<x119>[B] (+0) +0.586580087<x120>[B] (+0) +0.586580087<x121>[B] (+0) +0.586580087<x122>[B] (+0) +0.586580087<x123>[B] (+1) +0.586580087<x124>[B] (+0) +0.586580087<x125>[B] (+0) -0.586580087<x126>[B] (+1) -0.586580087<x127>[B] (+1) -0.586580087<x128>[B] (+0) +0.586580087<x129>[B] (+1) +0.586580087<x130>[B] (+1) +0.586580087<x131>[B] (+0) -0.586580087<x132>[B] (+1) +0.586580087<x133>[B] (+0) +0.586580087<x134>[B] (+1) +0.586580087<x135>[B] (+1) +0.586580087<x136>[B] (+0) -0.586580087<x137>[B] (+1) +0.586580087<x138>[B] (+1) -0.586580087<x139>[B] (+1) -0.586580087<x140>[B] (+1) +0.586580087<x141>[B] (+0) +0.586580087<x142>[B] (+0) +0.586580087<x143>[B] (+1) +0.586580087<x144>[B] (+0) +0.586580087<x145>[B] (+1) +0.586580087<x146>[B] (+0) +0.586580087<x147>[B] (+0) +0.586580087<x148>[B] (+0) +0.586580087<x149>[B] (+0) +0.586580087<x150>[B] (+1) +0.586580087<x151>[B] (+0) +0.586580087<x152>[B] (+0) +0.586580087<x153>[B] (+1) +0.586580087<x154>[B] (+1) +0.586580087<x155>[B] (+1) +0.586580087<x156>[B] (+1) +0.586580087<x157>[B] (+1) +0.586580087<x158>[B] (+0) +0.586580087<x159>[B] (+1) +0.586580087<x160>[B] (+1) +0.586580087<x161>[B] (+0) +0.586580087<x162>[B] (+1) +0.586580087<x163>[B] (+1) +0.586580087<x164>[B] (+1) -0.586580087<x165>[B] (+1) +0.586580087<x166>[B] (+1) +0.586580087<x167>[B] (+0) -0.586580087<x168>[B] (+1) +0.586580087<x169>[B] (+0) +0.586580087<x170>[B] (+1) +0.586580087<x171>[B] (+1) -0.586580087<x172>[B] (+0) -0.586580087<x173>[B] (+1) -0.586580087<x174>[B] (+1) -0.586580087<x175>[B] (+1) -0.586580087<x176>[B] (+1) -0.586580087<x177>[B] (+0) -0.586580087<x178>[B] (+0) -0.586580087<x179>[B] (+0) -0.586580087<x180>[B] (+0) -0.586580087<x181>[B] (+0) -0.586580087<x182>[B] (+0) -0.586580087<x183>[B] (+0) -0.586580087<x184>[B] (+0) -0.586580087<x185>[B] (+0) -0.586580087<x186>[B] (+1) -0.586580087<x187>[B] (+1) +0.586580087<x188>[B] (+0) -0.586580087<x189>[B] (+1) -0.586580087<x190>[B] (+1) -0.586580087<x191>[B] (+0) -0.586580087<x192>[B] (+1) -0.586580087<x193>[B] (+1) -0.586580087<x194>[B] (+1) -0.586580087<x195>[B] (+1) +0.586580087<x196>[B] (+0) +0.586580087<x197>[B] (+0) +0.586580087<x198>[B] (+0) +0.586580087<x199>[B] (+0) -0.586580087<x200>[B] (+1) +0.586580087<x201>[B] (+0) -0.586580087<x202>[B] (+0) -0.586580087<x203>[B] (+1) -0.586580087<x204>[B] (+1) -0.586580087<x205>[B] (+1) -0.586580087<x206>[B] (+0) -0.586580087<x207>[B] (+1) -0.586580087<x208>[B] (+1) -0.586580087<x209>[B] (+1) -0.586580087<x210>[B] (+1) +0.586580087<x211>[B] (+1) -0.586580087<x212>[B] (+0) -0.586580087<x213>[B] (+1) -0.586580087<x214>[B] (+1) -0.586580087<x215>[B] (+1) -0.586580087<x216>[B] (+1) -0.586580087<x217>[B] (+0) -0.586580087<x218>[B] (+1) -0.586580087<x219>[B] (+0) -0.586580087<x220>[B] (+0) -0.586580087<x221>[B] (+1) -0.586580087<x222>[B] (+1) +0.586580087<x223>[B] (+1) -0.586580087<x224>[B] (+1) -0.586580087<x225>[B] (+1) +0.586580087<x226>[B] (+0) +0.586580087<x227>[B] (+0) -0.586580087<x228>[B] (+1) -0.586580087<x229>[B] (+1) -0.586580087<x230>[B] (+1) -0.586580087<x231>[B] (+1) >= 24.1969696969697;
;
violation: left hand side is violated by 0.0173160173159559
  [linear] <c3382>: <x252>[C] (+46.2532468) -0.590909091<x1>[B] (+1) -0.590909091<x2>[B] (+1) -0.590909091<x3>[B] (+1) +0.590909091<x4>[B] (+1) -0.590909091<x5>[B] (+1) -0.590909091<x6>[B] (+1) +0.590909091<x7>[B] (+1) -0.590909091<x8>[B] (+1) -0.590909091<x9>[B] (+0) -0.590909091<x10>[B] (+1) -0.590909091<x11>[B] (+1) -0.590909091<x12>[B] (+0) -0.590909091<x13>[B] (+1) -0.590909091<x14>[B] (+0) -0.590909091<x15>[B] (+1) +0.590909091<x16>[B] (+1) +0.590909091<x17>[B] (+0) -0.590909091<x18>[B] (+1) -0.590909091<x19>[B] (+1) +0.590909091<x20>[B] (+1) -0.590909091<x21>[B] (+1) +0.590909091<x22>[B] (+0) -0.590909091<x23>[B] (+1) +0.590909091<x24>[B] (+1) +0.590909091<x25>[B] (+0) -0.590909091<x26>[B] (+1) +0.590909091<x27>[B] (+0) +0.590909091<x28>[B] (+1) +0.590909091<x29>[B] (+0) +0.590909091<x30>[B] (+0) -0.590909091<x31>[B] (+1) -0.590909091<x32>[B] (+0) -0.590909091<x33>[B] (+1) -0.590909091<x34>[B] (+0) +0.590909091<x35>[B] (+0) +0.590909091<x36>[B] (+1) +0.590909091<x37>[B] (+0) -0.590909091<x38>[B] (+1) -0.590909091<x39>[B] (+1) +0.590909091<x40>[B] (+1) -0.590909091<x41>[B] (+1) -0.590909091<x42>[B] (+1) +0.590909091<x43>[B] (+1) +0.590909091<x44>[B] (+0) -0.590909091<x45>[B] (+1) +0.590909091<x46>[B] (+0) +0.590909091<x47>[B] (+1) +0.590909091<x48>[B] (+0) -0.590909091<x49>[B] (+1) -0.590909091<x50>[B] (+1) -0.590909091<x51>[B] (+0) -0.590909091<x52>[B] (+1) -0.590909091<x53>[B] (+0) +0.590909091<x54>[B] (+1) +0.590909091<x55>[B] (+1) +0.590909091<x56>[B] (+0) -0.590909091<x57>[B] (+1) -0.590909091<x58>[B] (+1) +0.590909091<x59>[B] (+1) -0.590909091<x60>[B] (+1) +0.590909091<x61>[B] (+0) +0.590909091<x62>[B] (+0) -0.590909091<x63>[B] (+1) +0.590909091<x64>[B] (+0) +0.590909091<x65>[B] (+0) +0.590909091<x66>[B] (+0) +0.590909091<x67>[B] (+0) -0.590909091<x68>[B] (+1) -0.590909091<x69>[B] (+0) +0.590909091<x70>[B] (+1) +0.590909091<x71>[B] (+0) +0.590909091<x72>[B] (+0) +0.590909091<x73>[B] (+1) +0.590909091<x74>[B] (+0) -0.590909091<x75>[B] (+1) -0.590909091<x76>[B] (+0) +0.590909091<x77>[B] (+0) -0.590909091<x78>[B] (+1) -0.590909091<x79>[B] (+0) -0.590909091<x80>[B] (+1) +0.590909091<x81>[B] (+0) -0.590909091<x82>[B] (+1) -0.590909091<x83>[B] (+0) -0.590909091<x84>[B] (+0) -0.590909091<x85>[B] (+1) -0.590909091<x86>[B] (+0) -0.590909091<x87>[B] (+1) -0.590909091<x88>[B] (+0) -0.590909091<x89>[B] (+0) +0.590909091<x90>[B] (+1) +0.590909091<x91>[B] (+0) -0.590909091<x92>[B] (+1) -0.590909091<x93>[B] (+0) +0.590909091<x94>[B] (+1) -0.590909091<x95>[B] (+1) -0.590909091<x96>[B] (+1) +0.590909091<x97>[B] (+0) -0.590909091<x98>[B] (+1) -0.590909091<x99>[B] (+0) -0.590909091<x100>[B] (+1) -0.590909091<x101>[B] (+1) -0.590909091<x102>[B] (+0) -0.590909091<x103>[B] (+1) -0.590909091<x104>[B] (+0) -0.590909091<x105>[B] (+1) +0.590909091<x106>[B] (+1) +0.590909091<x107>[B] (+0) -0.590909091<x108>[B] (+1) -0.590909091<x109>[B] (+1) +0.590909091<x110>[B] (+1) -0.590909091<x111>[B] (+1) +0.590909091<x112>[B] (+0) +0.590909091<x113>[B] (+0) +0.590909091<x114>[B] (+0) +0.590909091<x115>[B] (+0) -0.590909091<x116>[B] (+1) +0.590909091<x117>[B] (+0) +0.590909091<x118>[B] (+1) +0.590909091<x119>[B] (+0) +0.590909091<x120>[B] (+0) +0.590909091<x121>[B] (+0) +0.590909091<x122>[B] (+0) +0.590909091<x123>[B] (+1) +0.590909091<x124>[B] (+0) +0.590909091<x125>[B] (+0) +0.590909091<x126>[B] (+1) -0.590909091<x127>[B] (+1) -0.590909091<x128>[B] (+0) -0.590909091<x129>[B] (+1) -0.590909091<x130>[B] (+1) -0.590909091<x131>[B] (+0) -0.590909091<x132>[B] (+1) -0.590909091<x133>[B] (+0) -0.590909091<x134>[B] (+1) +0.590909091<x135>[B] (+1) -0.590909091<x136>[B] (+0) -0.590909091<x137>[B] (+1) -0.590909091<x138>[B] (+1) -0.590909091<x139>[B] (+1) -0.590909091<x140>[B] (+1) -0.590909091<x141>[B] (+0) -0.590909091<x142>[B] (+0) -0.590909091<x143>[B] (+1) -0.590909091<x144>[B] (+0) -0.590909091<x145>[B] (+1) -0.590909091<x146>[B] (+0) -0.590909091<x147>[B] (+0) +0.590909091<x148>[B] (+1) +0.590909091<x149>[B] (+0) -0.590909091<x150>[B] (+1) -0.590909091<x151>[B] (+0) +0.590909091<x152>[B] (+1) -0.590909091<x153>[B] (+1) -0.590909091<x154>[B] (+1) -0.590909091<x155>[B] (+1) -0.590909091<x156>[B] (+1) -0.590909091<x157>[B] (+1) -0.590909091<x158>[B] (+1) +0.590909091<x159>[B] (+1) +0.590909091<x160>[B] (+1) +0.590909091<x161>[B] (+0) -0.590909091<x162>[B] (+1) -0.590909091<x163>[B] (+1) +0.590909091<x164>[B] (+1) -0.590909091<x165>[B] (+1) -0.590909091<x166>[B] (+1) -0.590909091<x167>[B] (+0) -0.590909091<x168>[B] (+1) -0.590909091<x169>[B] (+0) +0.590909091<x170>[B] (+0) +0.590909091<x171>[B] (+1) +0.590909091<x172>[B] (+0) -0.590909091<x173>[B] (+1) -0.590909091<x174>[B] (+1) +0.590909091<x175>[B] (+1) -0.590909091<x176>[B] (+1) +0.590909091<x177>[B] (+0) +0.590909091<x178>[B] (+0) +0.590909091<x179>[B] (+0) +0.590909091<x180>[B] (+0) +0.590909091<x181>[B] (+0) +0.590909091<x182>[B] (+0) +0.590909091<x183>[B] (+0) +0.590909091<x184>[B] (+0) +0.590909091<x185>[B] (+0) +0.590909091<x186>[B] (+1) +0.590909091<x187>[B] (+1) +0.590909091<x188>[B] (+1) +0.590909091<x189>[B] (+1) +0.590909091<x190>[B] (+1) +0.590909091<x191>[B] (+0) +0.590909091<x192>[B] (+1) +0.590909091<x193>[B] (+1) +0.590909091<x194>[B] (+1) +0.590909091<x195>[B] (+1) -0.590909091<x196>[B] (+0) +0.590909091<x197>[B] (+0) +0.590909091<x198>[B] (+0) +0.590909091<x199>[B] (+0) -0.590909091<x200>[B] (+0) -0.590909091<x201>[B] (+0) +0.590909091<x202>[B] (+0) -0.590909091<x203>[B] (+1) +0.590909091<x204>[B] (+1) +0.590909091<x205>[B] (+1) +0.590909091<x206>[B] (+0) -0.590909091<x207>[B] (+1) -0.590909091<x208>[B] (+1) +0.590909091<x209>[B] (+1) -0.590909091<x210>[B] (+1) +0.590909091<x211>[B] (+1) +0.590909091<x212>[B] (+0) -0.590909091<x213>[B] (+1) -0.590909091<x214>[B] (+1) +0.590909091<x215>[B] (+1) -0.590909091<x216>[B] (+1) -0.590909091<x217>[B] (+0) -0.590909091<x218>[B] (+1) -0.590909091<x219>[B] (+0) -0.590909091<x220>[B] (+0) -0.590909091<x221>[B] (+1) -0.590909091<x222>[B] (+1) -0.590909091<x223>[B] (+1) +0.590909091<x224>[B] (+1) -0.590909091<x225>[B] (+1) +0.590909091<x226>[B] (+0) +0.590909091<x227>[B] (+0) +0.590909091<x228>[B] (+1) +0.590909091<x229>[B] (+1) -0.590909091<x230>[B] (+1) -0.590909091<x231>[B] (+1) >= 22.3073593073593;
;
violation: left hand side is violated by 0.281385281385344
  [linear] <c3384>: <x254>[C] (+51.3203463) -0.66017316<x1>[B] (+1) -0.66017316<x2>[B] (+0) -0.66017316<x3>[B] (+0) -0.66017316<x4>[B] (+1) +0.66017316<x5>[B] (+1) +0.66017316<x6>[B] (+1) +0.66017316<x7>[B] (+0) +0.66017316<x8>[B] (+1) +0.66017316<x9>[B] (+0) +0.66017316<x10>[B] (+0) -0.66017316<x11>[B] (+1) +0.66017316<x12>[B] (+0) -0.66017316<x13>[B] (+1) +0.66017316<x14>[B] (+0) -0.66017316<x15>[B] (+1) -0.66017316<x16>[B] (+1) -0.66017316<x17>[B] (+0) -0.66017316<x18>[B] (+1) +0.66017316<x19>[B] (+1) -0.66017316<x20>[B] (+1) -0.66017316<x21>[B] (+1) +0.66017316<x22>[B] (+0) +0.66017316<x23>[B] (+0) +0.66017316<x24>[B] (+1) +0.66017316<x25>[B] (+1) +0.66017316<x26>[B] (+1) +0.66017316<x27>[B] (+0) +0.66017316<x28>[B] (+1) +0.66017316<x29>[B] (+0) +0.66017316<x30>[B] (+0) +0.66017316<x31>[B] (+1) +0.66017316<x32>[B] (+0) +0.66017316<x33>[B] (+1) +0.66017316<x34>[B] (+0) +0.66017316<x35>[B] (+1) +0.66017316<x36>[B] (+1) -0.66017316<x37>[B] (+0) -0.66017316<x38>[B] (+1) +0.66017316<x39>[B] (+1) +0.66017316<x40>[B] (+1) -0.66017316<x41>[B] (+1) -0.66017316<x42>[B] (+0) -0.66017316<x43>[B] (+1) +0.66017316<x44>[B] (+1) +0.66017316<x45>[B] (+1) +0.66017316<x46>[B] (+0) +0.66017316<x47>[B] (+1) +0.66017316<x48>[B] (+0) +0.66017316<x49>[B] (+0) -0.66017316<x50>[B] (+1) +0.66017316<x51>[B] (+0) -0.66017316<x52>[B] (+1) +0.66017316<x53>[B] (+0) -0.66017316<x54>[B] (+1) -0.66017316<x55>[B] (+1) -0.66017316<x56>[B] (+0) -0.66017316<x57>[B] (+1) +0.66017316<x58>[B] (+1) -0.66017316<x59>[B] (+1) -0.66017316<x60>[B] (+1) -0.66017316<x61>[B] (+1) +0.66017316<x62>[B] (+1) +0.66017316<x63>[B] (+1) +0.66017316<x64>[B] (+0) +0.66017316<x65>[B] (+1) +0.66017316<x66>[B] (+0) +0.66017316<x67>[B] (+0) +0.66017316<x68>[B] (+1) +0.66017316<x69>[B] (+0) -0.66017316<x70>[B] (+1) +0.66017316<x71>[B] (+0) +0.66017316<x72>[B] (+1) +0.66017316<x73>[B] (+1) -0.66017316<x74>[B] (+0) -0.66017316<x75>[B] (+1) +0.66017316<x76>[B] (+1) +0.66017316<x77>[B] (+1) -0.66017316<x78>[B] (+1) +0.66017316<x79>[B] (+0) +0.66017316<x80>[B] (+0) +0.66017316<x81>[B] (+0) +0.66017316<x82>[B] (+0) +0.66017316<x83>[B] (+0) +0.66017316<x84>[B] (+0) +0.66017316<x85>[B] (+1) +0.66017316<x86>[B] (+0) +0.66017316<x87>[B] (+0) +0.66017316<x88>[B] (+0) +0.66017316<x89>[B] (+0) +0.66017316<x90>[B] (+0) -0.66017316<x91>[B] (+0) -0.66017316<x92>[B] (+1) +0.66017316<x93>[B] (+0) +0.66017316<x94>[B] (+0) -0.66017316<x95>[B] (+1) +0.66017316<x96>[B] (+1) +0.66017316<x97>[B] (+0) +0.66017316<x98>[B] (+0) -0.66017316<x99>[B] (+0) +0.66017316<x100>[B] (+0) -0.66017316<x101>[B] (+1) +0.66017316<x102>[B] (+0) -0.66017316<x103>[B] (+1) +0.66017316<x104>[B] (+0) -0.66017316<x105>[B] (+0) -0.66017316<x106>[B] (+0) -0.66017316<x107>[B] (+0) -0.66017316<x108>[B] (+1) +0.66017316<x109>[B] (+0) -0.66017316<x110>[B] (+1) -0.66017316<x111>[B] (+1) -0.66017316<x112>[B] (+0) +0.66017316<x113>[B] (+0) -0.66017316<x114>[B] (+0) +0.66017316<x115>[B] (+0) -0.66017316<x116>[B] (+1) +0.66017316<x117>[B] (+0) -0.66017316<x118>[B] (+1) -0.66017316<x119>[B] (+0) -0.66017316<x120>[B] (+0) -0.66017316<x121>[B] (+0) -0.66017316<x122>[B] (+0) -0.66017316<x123>[B] (+1) +0.66017316<x124>[B] (+0) -0.66017316<x125>[B] (+1) -0.66017316<x126>[B] (+1) +0.66017316<x127>[B] (+1) -0.66017316<x128>[B] (+0) +0.66017316<x129>[B] (+0) -0.66017316<x130>[B] (+1) +0.66017316<x131>[B] (+0) -0.66017316<x132>[B] (+1) +0.66017316<x133>[B] (+0) -0.66017316<x134>[B] (+1) -0.66017316<x135>[B] (+1) -0.66017316<x136>[B] (+0) -0.66017316<x137>[B] (+1) +0.66017316<x138>[B] (+1) -0.66017316<x139>[B] (+1) -0.66017316<x140>[B] (+1) -0.66017316<x141>[B] (+0) -0.66017316<x142>[B] (+0) -0.66017316<x143>[B] (+1) -0.66017316<x144>[B] (+0) -0.66017316<x145>[B] (+1) -0.66017316<x146>[B] (+0) -0.66017316<x147>[B] (+0) -0.66017316<x148>[B] (+0) -0.66017316<x149>[B] (+0) -0.66017316<x150>[B] (+1) -0.66017316<x151>[B] (+0) -0.66017316<x152>[B] (+1) -0.66017316<x153>[B] (+1) +0.66017316<x154>[B] (+1) -0.66017316<x155>[B] (+1) +0.66017316<x156>[B] (+1) -0.66017316<x157>[B] (+1) +0.66017316<x158>[B] (+0) -0.66017316<x159>[B] (+1) -0.66017316<x160>[B] (+1) -0.66017316<x161>[B] (+1) -0.66017316<x162>[B] (+1) +0.66017316<x163>[B] (+1) -0.66017316<x164>[B] (+1) -0.66017316<x165>[B] (+1) -0.66017316<x166>[B] (+1) +0.66017316<x167>[B] (+0) -0.66017316<x168>[B] (+1) -0.66017316<x169>[B] (+0) -0.66017316<x170>[B] (+1) -0.66017316<x171>[B] (+1) -0.66017316<x172>[B] (+0) -0.66017316<x173>[B] (+1) +0.66017316<x174>[B] (+1) -0.66017316<x175>[B] (+1) -0.66017316<x176>[B] (+1) +0.66017316<x177>[B] (+0) -0.66017316<x178>[B] (+0) +0.66017316<x179>[B] (+0) +0.66017316<x180>[B] (+0) -0.66017316<x181>[B] (+0) -0.66017316<x182>[B] (+0) -0.66017316<x183>[B] (+0) +0.66017316<x184>[B] (+0) -0.66017316<x185>[B] (+0) -0.66017316<x186>[B] (+1) -0.66017316<x187>[B] (+1) -0.66017316<x188>[B] (+0) -0.66017316<x189>[B] (+1) -0.66017316<x190>[B] (+1) -0.66017316<x191>[B] (+0) -0.66017316<x192>[B] (+1) -0.66017316<x193>[B] (+1) -0.66017316<x194>[B] (+1) -0.66017316<x195>[B] (+1) +0.66017316<x196>[B] (+0) +0.66017316<x197>[B] (+0) +0.66017316<x198>[B] (+0) -0.66017316<x199>[B] (+0) -0.66017316<x200>[B] (+1) +0.66017316<x201>[B] (+0) +0.66017316<x202>[B] (+0) -0.66017316<x203>[B] (+1) -0.66017316<x204>[B] (+1) -0.66017316<x205>[B] (+1) -0.66017316<x206>[B] (+1) -0.66017316<x207>[B] (+1) +0.66017316<x208>[B] (+1) -0.66017316<x209>[B] (+1) -0.66017316<x210>[B] (+1) -0.66017316<x211>[B] (+1) -0.66017316<x212>[B] (+0) -0.66017316<x213>[B] (+1) +0.66017316<x214>[B] (+0) -0.66017316<x215>[B] (+1) -0.66017316<x216>[B] (+1) -0.66017316<x217>[B] (+0) -0.66017316<x218>[B] (+1) +0.66017316<x219>[B] (+0) -0.66017316<x220>[B] (+1) -0.66017316<x221>[B] (+1) -0.66017316<x222>[B] (+1) +0.66017316<x223>[B] (+1) +0.66017316<x224>[B] (+1) -0.66017316<x225>[B] (+1) +0.66017316<x226>[B] (+0) +0.66017316<x227>[B] (+0) -0.66017316<x228>[B] (+1) -0.66017316<x229>[B] (+1) -0.66017316<x230>[B] (+1) -0.66017316<x231>[B] (+1) >= 15.6796536796537;
;
violation: left hand side is violated by 0.00865800865789801
  [linear] <c3366>: <x234>[C] (+30.5276102) +0.491341991<x1>[B] (+1) +0.491341991<x2>[B] (+1) +0.491341991<x3>[B] (+1) +0.491341991<x4>[B] (+1) +0.491341991<x5>[B] (+1) +0.491341991<x6>[B] (+1) +0.491341991<x7>[B] (+1) -0.491341991<x8>[B] (+1) +0.491341991<x9>[B] (+1) +0.491341991<x10>[B] (+1) +0.491341991<x11>[B] (+1) -0.491341991<x12>[B] (+1) +0.491341991<x13>[B] (+1) +0.491341991<x14>[B] (+1) +0.491341991<x15>[B] (+1) +0.491341991<x16>[B] (+1) +0.491341991<x17>[B] (+0) +0.491341991<x18>[B] (+1) +0.491341991<x19>[B] (+1) +0.491341991<x20>[B] (+1) -0.491341991<x21>[B] (+1) -0.491341991<x22>[B] (+0) -0.491341991<x23>[B] (+0) -0.491341991<x24>[B] (+1) -0.491341991<x25>[B] (+1) -0.491341991<x26>[B] (+1) -0.491341991<x27>[B] (+0) -0.491341991<x28>[B] (+1) -0.491341991<x29>[B] (+0) -0.491341991<x30>[B] (+0) -0.491341991<x31>[B] (+1) -0.491341991<x32>[B] (+0) +0.491341991<x33>[B] (+1) -0.491341991<x34>[B] (+0) -0.491341991<x35>[B] (+1) -0.491341991<x36>[B] (+1) -0.491341991<x37>[B] (+0) -0.491341991<x38>[B] (+1) -0.491341991<x39>[B] (+1) -0.491341991<x40>[B] (+1) -0.491341991<x41>[B] (+1) -0.491341991<x42>[B] (+0) +0.491341991<x43>[B] (+1) +0.491341991<x44>[B] (+1) +0.491341991<x45>[B] (+1) +0.491341991<x46>[B] (+0) -0.491341991<x47>[B] (+1) +0.491341991<x48>[B] (+0) +0.491341991<x49>[B] (+0) -0.491341991<x50>[B] (+1) -0.491341991<x51>[B] (+0) +0.491341991<x52>[B] (+1) -0.491341991<x53>[B] (+0) -0.491341991<x54>[B] (+1) -0.491341991<x55>[B] (+1) +0.491341991<x56>[B] (+0) +0.491341991<x57>[B] (+1) +0.491341991<x58>[B] (+1) +0.491341991<x59>[B] (+1) -0.491341991<x60>[B] (+1) +0.491341991<x61>[B] (+1) +0.491341991<x62>[B] (+1) +0.491341991<x63>[B] (+1) +0.491341991<x64>[B] (+0) -0.491341991<x65>[B] (+1) +0.491341991<x66>[B] (+0) +0.491341991<x67>[B] (+1) -0.491341991<x68>[B] (+1) -0.491341991<x69>[B] (+0) +0.491341991<x70>[B] (+1) +0.491341991<x71>[B] (+0) +0.491341991<x72>[B] (+1) +0.491341991<x73>[B] (+1) +0.491341991<x74>[B] (+0) +0.491341991<x75>[B] (+1) +0.491341991<x76>[B] (+1) +0.491341991<x77>[B] (+1) -0.491341991<x78>[B] (+1) +0.491341991<x79>[B] (+1) -0.491341991<x80>[B] (+0) +0.491341991<x81>[B] (+0) -0.491341991<x82>[B] (+1) +0.491341991<x83>[B] (+0) -0.491341991<x84>[B] (+0) -0.491341991<x85>[B] (+1) -0.491341991<x86>[B] (+0) +0.491341991<x87>[B] (+1) -0.491341991<x88>[B] (+0) -0.491341991<x89>[B] (+1) -0.491341991<x90>[B] (+1) +0.491341991<x91>[B] (+0) -0.491341991<x92>[B] (+1) -0.491341991<x93>[B] (+0) +0.491341991<x94>[B] (+1) -0.491341991<x95>[B] (+1) -0.491341991<x96>[B] (+0) -0.491341991<x97>[B] (+0) -0.491341991<x98>[B] (+1) -0.491341991<x99>[B] (+0) -0.491341991<x100>[B] (+0) -0.491341991<x101>[B] (+1) -0.491341991<x102>[B] (+0) +0.491341991<x103>[B] (+1) -0.491341991<x104>[B] (+0) -0.491341991<x105>[B] (+0) -0.491341991<x106>[B] (+1) -0.491341991<x107>[B] (+0) -0.491341991<x108>[B] (+1) -0.491341991<x109>[B] (+0) -0.491341991<x110>[B] (+0) -0.491341991<x111>[B] (+1) +0.491341991<x112>[B] (+0) -0.491341991<x113>[B] (+1) +0.491341991<x114>[B] (+0) -0.491341991<x115>[B] (+0) -0.491341991<x116>[B] (+1) -0.491341991<x117>[B] (+0) +0.491341991<x118>[B] (+1) -0.491341991<x119>[B] (+0) -0.491341991<x120>[B] (+1) -0.491341991<x121>[B] (+1) +0.491341991<x122>[B] (+0) +0.491341991<x123>[B] (+1) +0.491341991<x124>[B] (+0) +0.491341991<x125>[B] (+1) -0.491341991<x126>[B] (+1) -0.491341991<x127>[B] (+1) -0.491341991<x128>[B] (+0) -0.491341991<x129>[B] (+1) -0.491341991<x130>[B] (+1) -0.491341991<x131>[B] (+0) +0.491341991<x132>[B] (+1) -0.491341991<x133>[B] (+0) -0.491341991<x134>[B] (+1) -0.491341991<x135>[B] (+1) +0.491341991<x136>[B] (+0) -0.491341991<x137>[B] (+1) -0.491341991<x138>[B] (+1) -0.491341991<x139>[B] (+1) -0.491341991<x140>[B] (+1) +0.491341991<x141>[B] (+0) +0.491341991<x142>[B] (+0) +0.491341991<x143>[B] (+1) -0.491341991<x144>[B] (+0) +0.491341991<x145>[B] (+1) +0.491341991<x146>[B] (+0) +0.491341991<x147>[B] (+0) +0.491341991<x148>[B] (+1) +0.491341991<x149>[B] (+0) +0.491341991<x150>[B] (+1) +0.491341991<x151>[B] (+0) +0.491341991<x152>[B] (+0) -0.491341991<x153>[B] (+1) -0.491341991<x154>[B] (+1) -0.491341991<x155>[B] (+1) -0.491341991<x156>[B] (+1) +0.491341991<x157>[B] (+1) -0.491341991<x158>[B] (+1) -0.491341991<x159>[B] (+1) -0.491341991<x160>[B] (+1) +0.491341991<x161>[B] (+0) -0.491341991<x162>[B] (+1) -0.491341991<x163>[B] (+1) -0.491341991<x164>[B] (+1) -0.491341991<x165>[B] (+1) -0.491341991<x166>[B] (+1) -0.491341991<x167>[B] (+0) +0.491341991<x168>[B] (+1) -0.491341991<x169>[B] (+0) -0.491341991<x170>[B] (+1) -0.491341991<x171>[B] (+1) +0.491341991<x172>[B] (+0) +0.491341991<x173>[B] (+1) +0.491341991<x174>[B] (+1) +0.491341991<x175>[B] (+1) -0.491341991<x176>[B] (+1) -0.491341991<x177>[B] (+0) +0.491341991<x178>[B] (+0) +0.491341991<x179>[B] (+0) +0.491341991<x180>[B] (+0) +0.491341991<x181>[B] (+0) +0.491341991<x182>[B] (+0) +0.491341991<x183>[B] (+0) +0.491341991<x184>[B] (+0) +0.491341991<x185>[B] (+0) -0.491341991<x186>[B] (+1) +0.491341991<x187>[B] (+1) +0.491341991<x188>[B] (+1) +0.491341991<x189>[B] (+1) +0.491341991<x190>[B] (+1) +0.491341991<x191>[B] (+0) +0.491341991<x192>[B] (+1) +0.491341991<x193>[B] (+1) +0.491341991<x194>[B] (+1) +0.491341991<x195>[B] (+1) -0.491341991<x196>[B] (+0) -0.491341991<x197>[B] (+0) -0.491341991<x198>[B] (+0) -0.491341991<x199>[B] (+0) -0.491341991<x200>[B] (+0) -0.491341991<x201>[B] (+0) -0.491341991<x202>[B] (+0) -0.491341991<x203>[B] (+1) -0.491341991<x204>[B] (+1) +0.491341991<x205>[B] (+1) +0.491341991<x206>[B] (+0) +0.491341991<x207>[B] (+1) +0.491341991<x208>[B] (+1) +0.491341991<x209>[B] (+1) -0.491341991<x210>[B] (+1) +0.491341991<x211>[B] (+1) +0.491341991<x212>[B] (+0) +0.491341991<x213>[B] (+1) +0.491341991<x214>[B] (+0) +0.491341991<x215>[B] (+0) -0.491341991<x216>[B] (+1) +0.491341991<x217>[B] (+0) +0.491341991<x218>[B] (+0) +0.491341991<x219>[B] (+0) +0.491341991<x220>[B] (+0) -0.491341991<x221>[B] (+1) -0.491341991<x222>[B] (+1) -0.491341991<x223>[B] (+1) -0.491341991<x224>[B] (+1) -0.491341991<x225>[B] (+1) -0.491341991<x226>[B] (+0) +0.491341991<x227>[B] (+0) -0.491341991<x228>[B] (+1) +0.491341991<x229>[B] (+1) -0.491341991<x230>[B] (+1) -0.491341991<x231>[B] (+1) >= 26.6558441558442;
;
violation: left hand side is violated by 0.0589698727007502
  [linear] <c3368>: <x236>[C] (+35.9935065) +0.560606061<x1>[B] (+1) +0.560606061<x2>[B] (+1) +0.560606061<x3>[B] (+1) -0.560606061<x4>[B] (+1) +0.560606061<x5>[B] (+1) +0.560606061<x6>[B] (+1) +0.560606061<x7>[B] (+1) +0.560606061<x8>[B] (+1) +0.560606061<x9>[B] (+1) +0.560606061<x10>[B] (+1) +0.560606061<x11>[B] (+1) +0.560606061<x12>[B] (+1) -0.560606061<x13>[B] (+1) -0.560606061<x14>[B] (+0) +0.560606061<x15>[B] (+1) +0.560606061<x16>[B] (+1) -0.560606061<x17>[B] (+0) +0.560606061<x18>[B] (+1) +0.560606061<x19>[B] (+1) +0.560606061<x20>[B] (+1) +0.560606061<x21>[B] (+1) -0.560606061<x22>[B] (+0) -0.560606061<x23>[B] (+0) -0.560606061<x24>[B] (+1) -0.560606061<x25>[B] (+1) -0.560606061<x26>[B] (+1) +0.560606061<x27>[B] (+0) -0.560606061<x28>[B] (+1) +0.560606061<x29>[B] (+0) -0.560606061<x30>[B] (+0) -0.560606061<x31>[B] (+1) -0.560606061<x32>[B] (+0) -0.560606061<x33>[B] (+1) -0.560606061<x34>[B] (+0) -0.560606061<x35>[B] (+1) -0.560606061<x36>[B] (+1) -0.560606061<x37>[B] (+0) -0.560606061<x38>[B] (+1) -0.560606061<x39>[B] (+1) -0.560606061<x40>[B] (+1) -0.560606061<x41>[B] (+1) +0.560606061<x42>[B] (+1) -0.560606061<x43>[B] (+1) -0.560606061<x44>[B] (+1) +0.560606061<x45>[B] (+1) +0.560606061<x46>[B] (+0) -0.560606061<x47>[B] (+1) +0.560606061<x48>[B] (+0) +0.560606061<x49>[B] (+0) -0.560606061<x50>[B] (+1) +0.560606061<x51>[B] (+0) -0.560606061<x52>[B] (+1) -0.560606061<x53>[B] (+0) +0.560606061<x54>[B] (+1) +0.560606061<x55>[B] (+1) -0.560606061<x56>[B] (+0) -0.560606061<x57>[B] (+1) -0.560606061<x58>[B] (+1) -0.560606061<x59>[B] (+1) +0.560606061<x60>[B] (+1) -0.560606061<x61>[B] (+1) -0.560606061<x62>[B] (+1) -0.560606061<x63>[B] (+1) +0.560606061<x64>[B] (+0) -0.560606061<x65>[B] (+1) +0.560606061<x66>[B] (+0) -0.560606061<x67>[B] (+0) -0.560606061<x68>[B] (+1) -0.560606061<x69>[B] (+0) -0.560606061<x70>[B] (+1) -0.560606061<x71>[B] (+0) -0.560606061<x72>[B] (+1) -0.560606061<x73>[B] (+1) -0.560606061<x74>[B] (+0) -0.560606061<x75>[B] (+1) -0.560606061<x76>[B] (+1) -0.560606061<x77>[B] (+1) -0.560606061<x78>[B] (+1) +0.560606061<x79>[B] (+1) +0.560606061<x80>[B] (+1) +0.560606061<x81>[B] (+0) +0.560606061<x82>[B] (+0) +0.560606061<x83>[B] (+0) +0.560606061<x84>[B] (+0) +0.560606061<x85>[B] (+1) +0.560606061<x86>[B] (+0) -0.560606061<x87>[B] (+1) +0.560606061<x88>[B] (+0) +0.560606061<x89>[B] (+0) +0.560606061<x90>[B] (+0) +0.560606061<x91>[B] (+0) +0.560606061<x92>[B] (+1) +0.560606061<x93>[B] (+0) +0.560606061<x94>[B] (+0) +0.560606061<x95>[B] (+1) +0.560606061<x96>[B] (+0) +0.560606061<x97>[B] (+0) -0.560606061<x98>[B] (+0) +0.560606061<x99>[B] (+0) +0.560606061<x100>[B] (+0) -0.560606061<x101>[B] (+1) +0.560606061<x102>[B] (+0) -0.560606061<x103>[B] (+0) -0.560606061<x104>[B] (+0) +0.560606061<x105>[B] (+0) +0.560606061<x106>[B] (+0) -0.560606061<x107>[B] (+0) -0.560606061<x108>[B] (+1) +0.560606061<x109>[B] (+0) -0.560606061<x110>[B] (+0) +0.560606061<x111>[B] (+1) +0.560606061<x112>[B] (+0) -0.560606061<x113>[B] (+0) +0.560606061<x114>[B] (+0) -0.560606061<x115>[B] (+0) -0.560606061<x116>[B] (+1) -0.560606061<x117>[B] (+0) -0.560606061<x118>[B] (+1) -0.560606061<x119>[B] (+0) +0.560606061<x120>[B] (+0) -0.560606061<x121>[B] (+0) -0.560606061<x122>[B] (+0) -0.560606061<x123>[B] (+1) -0.560606061<x124>[B] (+0) -0.560606061<x125>[B] (+0) -0.560606061<x126>[B] (+1) -0.560606061<x127>[B] (+1) +0.560606061<x128>[B] (+0) -0.560606061<x129>[B] (+0) -0.560606061<x130>[B] (+1) -0.560606061<x131>[B] (+0) -0.560606061<x132>[B] (+1) -0.560606061<x133>[B] (+0) -0.560606061<x134>[B] (+1) -0.560606061<x135>[B] (+1) -0.560606061<x136>[B] (+0) -0.560606061<x137>[B] (+1) -0.560606061<x138>[B] (+1) -0.560606061<x139>[B] (+1) -0.560606061<x140>[B] (+1) +0.560606061<x141>[B] (+0) +0.560606061<x142>[B] (+0) -0.560606061<x143>[B] (+1) +0.560606061<x144>[B] (+0) -0.560606061<x145>[B] (+1) -0.560606061<x146>[B] (+0) +0.560606061<x147>[B] (+0) +0.560606061<x148>[B] (+0) -0.560606061<x149>[B] (+0) -0.560606061<x150>[B] (+1) +0.560606061<x151>[B] (+0) -0.560606061<x152>[B] (+0) +0.560606061<x153>[B] (+1) -0.560606061<x154>[B] (+1) -0.560606061<x155>[B] (+1) -0.560606061<x156>[B] (+1) -0.560606061<x157>[B] (+1) -0.560606061<x158>[B] (+0) -0.560606061<x159>[B] (+1) -0.560606061<x160>[B] (+1) -0.560606061<x161>[B] (+0) -0.560606061<x162>[B] (+1) -0.560606061<x163>[B] (+1) -0.560606061<x164>[B] (+1) -0.560606061<x165>[B] (+1) -0.560606061<x166>[B] (+1) -0.560606061<x167>[B] (+1) -0.560606061<x168>[B] (+1) -0.560606061<x169>[B] (+0) +0.560606061<x170>[B] (+1) -0.560606061<x171>[B] (+1) -0.560606061<x172>[B] (+0) -0.560606061<x173>[B] (+1) -0.560606061<x174>[B] (+1) -0.560606061<x175>[B] (+1) -0.560606061<x176>[B] (+1) +0.560606061<x177>[B] (+0) -0.560606061<x178>[B] (+0) -0.560606061<x179>[B] (+0) +0.560606061<x180>[B] (+0) +0.560606061<x181>[B] (+0) -0.560606061<x182>[B] (+0) -0.560606061<x183>[B] (+0) +0.560606061<x184>[B] (+0) -0.560606061<x185>[B] (+0) +0.560606061<x186>[B] (+1) -0.560606061<x187>[B] (+1) -0.560606061<x188>[B] (+0) +0.560606061<x189>[B] (+1) +0.560606061<x190>[B] (+1) -0.560606061<x191>[B] (+0) -0.560606061<x192>[B] (+1) -0.560606061<x193>[B] (+1) -0.560606061<x194>[B] (+1) +0.560606061<x195>[B] (+1) +0.560606061<x196>[B] (+0) +0.560606061<x197>[B] (+0) +0.560606061<x198>[B] (+0) +0.560606061<x199>[B] (+0) +0.560606061<x200>[B] (+1) +0.560606061<x201>[B] (+0) +0.560606061<x202>[B] (+0) +0.560606061<x203>[B] (+1) +0.560606061<x204>[B] (+1) +0.560606061<x205>[B] (+1) +0.560606061<x206>[B] (+0) +0.560606061<x207>[B] (+1) +0.560606061<x208>[B] (+1) +0.560606061<x209>[B] (+1) +0.560606061<x210>[B] (+1) -0.560606061<x211>[B] (+1) -0.560606061<x212>[B] (+0) -0.560606061<x213>[B] (+1) -0.560606061<x214>[B] (+0) -0.560606061<x215>[B] (+0) -0.560606061<x216>[B] (+1) -0.560606061<x217>[B] (+0) -0.560606061<x218>[B] (+1) -0.560606061<x219>[B] (+0) -0.560606061<x220>[B] (+0) +0.560606061<x221>[B] (+1) +0.560606061<x222>[B] (+1) +0.560606061<x223>[B] (+1) +0.560606061<x224>[B] (+1) +0.560606061<x225>[B] (+1) +0.560606061<x226>[B] (+0) -0.560606061<x227>[B] (+0) +0.560606061<x228>[B] (+1) -0.560606061<x229>[B] (+1) +0.560606061<x230>[B] (+1) +0.560606061<x231>[B] (+1) >= 19.2012987012987;
;
violation: left hand side is violated by 0.0259740259740937
all 10 solutions given by solution candidate storage are infeasible

feasible solution found by trivial heuristic after 0.0 seconds, objective value -9.999692e+06
presolving:
   (0.0s) symmetry computation started: requiring (bin +, int +, cont +), (fixed: bin -, int -, cont -)
   (0.0s) no symmetry present (symcode time: 0.00)
presolving (0 rounds: 0 fast, 0 medium, 0 exhaustive):
 0 deleted vars, 0 deleted constraints, 0 added constraints, 0 tightened bounds, 0 added holes, 0 changed sides, 0 changed coefficients
 0 implications, 0 cliques, 0 implied integral variables (0 bin, 0 int, 0 cont)
presolved problem has 331 variables (231 bin, 0 int, 100 cont) and 3440 constraints
   3440 constraints of type <linear>
Presolving Time: 0.04
transformed 1/1 original solutions to the transformed problem space

 time | node  | left  |LP iter|LP it/n|mem/heur|mdpt |vars |cons |rows |cuts |sepa|confs|strbr|  dualbound   | primalbound  |  gap   | compl. 
p 0.1s|     1 |     0 |    60 |     - |   locks|   0 | 331 |3440 |3440 |   0 |  0 |   0 |   0 | 1.000000e+03 |-2.963567e+03 |    Inf | unknown
  0.3s|     1 |     0 |  1589 |     - |   114M |   0 | 331 |3440 |3440 |   0 |  0 |   0 |   0 |-2.416534e+03 |-2.963567e+03 |  22.64%| unknown
r 0.3s|     1 |     0 |  1589 |     - |shifting|   0 | 331 |3440 |3440 |   0 |  0 |   0 |   0 |-2.416534e+03 |-2.744494e+03 |  13.57%| unknown
  0.5s|     1 |     0 |  1641 |     - |   114M |   0 | 331 |3440 |3442 |   2 |  1 |   0 |   0 |-2.416685e+03 |-2.744494e+03 |  13.56%| unknown
r 0.5s|     1 |     0 |  1641 |     - |shifting|   0 | 331 |3440 |3442 |   2 |  1 |   0 |   0 |-2.416685e+03 |-2.700404e+03 |  11.74%| unknown
  0.5s|     1 |     0 |  1641 |     - |   114M |   0 | 331 |3440 |3442 |   2 |  1 |   0 |   0 |-2.416685e+03 |-2.700404e+03 |  11.74%| unknown
  0.8s|     1 |     0 |  1676 |     - |   115M |   0 | 331 |3440 |3444 |   4 |  2 |   0 |   0 |-2.416740e+03 |-2.700404e+03 |  11.74%| unknown
  1.1s|     1 |     0 |  1739 |     - |   115M |   0 | 331 |3440 |3447 |   7 |  3 |   0 |   0 |-2.416931e+03 |-2.700404e+03 |  11.73%| unknown
r 1.1s|     1 |     0 |  1739 |     - |shifting|   0 | 331 |3441 |3447 |   7 |  3 |   1 |   0 |-2.416931e+03 |-2.668416e+03 |  10.41%| unknown
  1.4s|     1 |     0 |  1813 |     - |   115M |   0 | 331 |3441 |3449 |   9 |  4 |   1 |   0 |-2.417186e+03 |-2.668416e+03 |  10.39%| unknown
  1.7s|     1 |     0 |  1874 |     - |   116M |   0 | 331 |3441 |3452 |  12 |  5 |   1 |   0 |-2.417278e+03 |-2.668416e+03 |  10.39%| unknown
  2.1s|     1 |     0 |  1935 |     - |   116M |   0 | 331 |3441 |3455 |  15 |  6 |   1 |   0 |-2.417372e+03 |-2.668416e+03 |  10.38%| unknown
  2.5s|     1 |     0 |  1985 |     - |   117M |   0 | 331 |3441 |3458 |  18 |  7 |   1 |   0 |-2.417429e+03 |-2.668416e+03 |  10.38%| unknown
  2.9s|     1 |     0 |  2079 |     - |   117M |   0 | 331 |3441 |3462 |  22 |  8 |   1 |   0 |-2.417497e+03 |-2.668416e+03 |  10.38%| unknown
  3.3s|     1 |     0 |  2130 |     - |   117M |   0 | 331 |3441 |3465 |  25 |  9 |   1 |   0 |-2.417575e+03 |-2.668416e+03 |  10.38%| unknown
 time | node  | left  |LP iter|LP it/n|mem/heur|mdpt |vars |cons |rows |cuts |sepa|confs|strbr|  dualbound   | primalbound  |  gap   | compl. 
  3.8s|     1 |     0 |  2227 |     - |   120M |   0 | 331 |3441 |3468 |  28 | 10 |   1 |   0 |-2.417639e+03 |-2.668416e+03 |  10.37%| unknown
  3.9s|     1 |     0 |  2242 |     - |   120M |   0 | 331 |3441 |3471 |  31 | 11 |   1 |   0 |-2.417641e+03 |-2.668416e+03 |  10.37%| unknown
  4.0s|     1 |     0 |  2290 |     - |   120M |   0 | 331 |3441 |3474 |  34 | 12 |   1 |   0 |-2.417652e+03 |-2.668416e+03 |  10.37%| unknown
  4.0s|     1 |     0 |  2310 |     - |   121M |   0 | 331 |3441 |3475 |  35 | 13 |   1 |   0 |-2.417654e+03 |-2.668416e+03 |  10.37%| unknown
  4.1s|     1 |     0 |  2347 |     - |   121M |   0 | 331 |3441 |3478 |  38 | 14 |   1 |   0 |-2.417657e+03 |-2.668416e+03 |  10.37%| unknown
r 4.1s|     1 |     0 |  2553 |     - |intshift|   0 | 331 |3441 |3478 |  38 | 14 |   1 |   0 |-2.417657e+03 |-2.496788e+03 |   3.27%| unknown
d 4.3s|     1 |     0 |  3533 |     - |farkasdi|   0 | 331 |3441 |3478 |   0 | 14 |   1 |   0 |-2.417657e+03 |-2.428810e+03 |   0.46%| unknown
L 5.4s|     1 |     0 |  3615 |     - |    rens|   0 | 331 |3450 |3478 |  38 | 14 |  11 |   0 |-2.417657e+03 |-2.424221e+03 |   0.27%| unknown
  5.4s|     1 |     0 |  3615 |     - |   121M |   0 | 331 |3450 |3478 |  38 | 14 |  11 |   0 |-2.417657e+03 |-2.424221e+03 |   0.27%| unknown
  5.4s|     1 |     0 |  3615 |     - |   121M |   0 | 331 |3450 |3198 |  38 | 14 |  11 |   0 |-2.417657e+03 |-2.424221e+03 |   0.27%| unknown
  5.5s|     1 |     0 |  3645 |     - |   122M |   0 | 331 |3450 |3199 |  39 | 15 |  11 |   0 |-2.417660e+03 |-2.424221e+03 |   0.27%| unknown
  5.5s|     1 |     0 |  3665 |     - |   122M |   0 | 331 |3450 |3201 |  41 | 16 |  11 |   0 |-2.417662e+03 |-2.424221e+03 |   0.27%| unknown
(run 1, node 1) restarting after 14 global fixings of integer variables

(restart) converted 41 cuts from the global cut pool into linear constraints

presolving:
presolving (0 rounds: 0 fast, 0 medium, 0 exhaustive):
 0 deleted vars, 0 deleted constraints, 0 added constraints, 0 tightened bounds, 0 added holes, 0 changed sides, 0 changed coefficients
 0 implications, 0 cliques, 0 implied integral variables (0 bin, 0 int, 0 cont)
presolved problem has 331 variables (231 bin, 0 int, 100 cont) and 3224 constraints
   3214 constraints of type <linear>
     10 constraints of type <logicor>
Presolving Time: 0.05
transformed 17/24 original solutions to the transformed problem space

 time | node  | left  |LP iter|LP it/n|mem/heur|mdpt |vars |cons |rows |cuts |sepa|confs|strbr|  dualbound   | primalbound  |  gap   | compl. 
  5.8s|     1 |     0 |  5312 |     - |   122M |   0 | 331 |3224 |3201 |   0 |  0 |  11 |   0 |-2.417662e+03 |-2.424221e+03 |   0.27%| unknown
  6.2s|     1 |     0 |  5324 |     - |   122M |   0 | 331 |3224 |3202 |   1 |  1 |  11 |   0 |-2.417663e+03 |-2.424221e+03 |   0.27%| unknown
  6.7s|     1 |     0 |  5379 |     - |   123M |   0 | 331 |3224 |3203 |   2 |  2 |  11 |   0 |-2.417680e+03 |-2.424221e+03 |   0.27%| unknown
  7.2s|     1 |     0 |  5406 |     - |   123M |   0 | 331 |3224 |3204 |   3 |  3 |  11 |   0 |-2.417681e+03 |-2.424221e+03 |   0.27%| unknown
  7.8s|     1 |     0 |  5464 |     - |   123M |   0 | 331 |3224 |3205 |   4 |  4 |  11 |   0 |-2.417687e+03 |-2.424221e+03 |   0.27%| unknown
  8.3s|     1 |     0 |  5499 |     - |   124M |   0 | 331 |3224 |3207 |   6 |  5 |  11 |   0 |-2.417691e+03 |-2.424221e+03 |   0.27%| unknown
  8.8s|     1 |     0 |  5552 |     - |   125M |   0 | 331 |3224 |3208 |   7 |  6 |  11 |   0 |-2.417708e+03 |-2.424221e+03 |   0.27%| unknown
  9.3s|     1 |     0 |  5572 |     - |   126M |   0 | 331 |3224 |3209 |   8 |  7 |  11 |   0 |-2.417708e+03 |-2.424221e+03 |   0.27%| unknown
  9.8s|     1 |     0 |  5610 |     - |   138M |   0 | 331 |3224 |3210 |   9 |  8 |  11 |   0 |-2.417711e+03 |-2.424221e+03 |   0.27%| unknown
 10.3s|     1 |     0 |  5641 |     - |   140M |   0 | 331 |3224 |3211 |  10 |  9 |  11 |   0 |-2.417712e+03 |-2.424221e+03 |   0.27%| unknown
 10.9s|     1 |     0 |  5726 |     - |   146M |   0 | 331 |3224 |3212 |  11 | 10 |  11 |   0 |-2.417725e+03 |-2.424221e+03 |   0.27%| unknown
 10.9s|     1 |     0 |  5751 |     - |   147M |   0 | 331 |3224 |3213 |  12 | 11 |  11 |   0 |-2.417727e+03 |-2.424221e+03 |   0.27%| unknown
 16.4s|     1 |     0 |  6462 |     - |   147M |   0 | 331 |3225 |3213 |  12 | 11 |  13 |  63 |-2.418918e+03 |-2.424221e+03 |   0.22%| unknown
 16.5s|     1 |     0 |  6534 |     - |   147M |   0 | 331 |3225 |3214 |  13 | 12 |  13 |  63 |-2.418918e+03 |-2.424221e+03 |   0.22%| unknown
 16.6s|     1 |     0 |  6549 |     - |   147M |   0 | 331 |3225 |3215 |  14 | 13 |  13 |  63 |-2.418918e+03 |-2.424221e+03 |   0.22%| unknown
 time | node  | left  |LP iter|LP it/n|mem/heur|mdpt |vars |cons |rows |cuts |sepa|confs|strbr|  dualbound   | primalbound  |  gap   | compl. 
 17.4s|     1 |     2 |  6549 |     - |   147M |   0 | 331 |3225 |3215 |  14 | 13 |  13 |  77 |-2.418918e+03 |-2.424221e+03 |   0.22%| unknown

SCIP Status        : problem is solved [optimal solution found]
Solving Time (sec) : 20.99
Solving Nodes      : 9 (total of 10 nodes in 2 runs)
Primal Bound       : -2.42422077922078e+03 (40 solutions)
Dual Bound         : -2.42422077922078e+03
Gap                : 0.00 %
  [linear] <c3441>: <x234>[C] (+28.6212121) +0.495670996<x1>[B] (+1) +0.495670996<x2>[B] (+1) +0.495670996<x3>[B] (+1) +0.495670996<x4>[B] (+1) +0.495670996<x5>[B] (+1) +0.495670996<x6>[B] (+1) +0.495670996<x7>[B] (+1) -0.495670996<x8>[B] (+1) +0.495670996<x9>[B] (+1) +0.495670996<x10>[B] (+1) +0.495670996<x11>[B] (+1) -0.495670996<x12>[B] (+1) +0.495670996<x13>[B] (+1) +0.495670996<x14>[B] (+1) +0.495670996<x15>[B] (+1) +0.495670996<x16>[B] (+1) +0.495670996<x17>[B] (+1) +0.495670996<x18>[B] (+1) +0.495670996<x19>[B] (+1) +0.495670996<x20>[B] (+1) -0.495670996<x21>[B] (+1) -0.495670996<x22>[B] (+0) -0.495670996<x23>[B] (+1) -0.495670996<x24>[B] (+1) -0.495670996<x25>[B] (+0) -0.495670996<x26>[B] (+1) -0.495670996<x27>[B] (+0) -0.495670996<x28>[B] (+1) -0.495670996<x29>[B] (+0) -0.495670996<x30>[B] (+0) -0.495670996<x31>[B] (+1) -0.495670996<x32>[B] (+0) +0.495670996<x33>[B] (+1) -0.495670996<x34>[B] (+0) -0.495670996<x35>[B] (+0) -0.495670996<x36>[B] (+1) -0.495670996<x37>[B] (+0) -0.495670996<x38>[B] (+1) -0.495670996<x39>[B] (+0) -0.495670996<x40>[B] (+1) -0.495670996<x41>[B] (+1) -0.495670996<x42>[B] (+1) +0.495670996<x43>[B] (+1) +0.495670996<x44>[B] (+0) +0.495670996<x45>[B] (+1) +0.495670996<x46>[B] (+0) -0.495670996<x47>[B] (+1) +0.495670996<x48>[B] (+0) +0.495670996<x49>[B] (+0) -0.495670996<x50>[B] (+1) -0.495670996<x51>[B] (+0) +0.495670996<x52>[B] (+1) -0.495670996<x53>[B] (+0) -0.495670996<x54>[B] (+0) -0.495670996<x55>[B] (+1) +0.495670996<x56>[B] (+0) +0.495670996<x57>[B] (+1) +0.495670996<x58>[B] (+1) +0.495670996<x59>[B] (+1) -0.495670996<x60>[B] (+1) +0.495670996<x61>[B] (+1) +0.495670996<x62>[B] (+0) +0.495670996<x63>[B] (+1) +0.495670996<x64>[B] (+0) -0.495670996<x65>[B] (+1) +0.495670996<x66>[B] (+0) +0.495670996<x67>[B] (+0) -0.495670996<x68>[B] (+1) -0.495670996<x69>[B] (+0) +0.495670996<x70>[B] (+1) +0.495670996<x71>[B] (+0) +0.495670996<x72>[B] (+0) +0.495670996<x73>[B] (+1) +0.495670996<x74>[B] (+0) +0.495670996<x75>[B] (+1) +0.495670996<x76>[B] (+0) +0.495670996<x77>[B] (+1) -0.495670996<x78>[B] (+1) +0.495670996<x79>[B] (+0) -0.495670996<x80>[B] (+0) +0.495670996<x81>[B] (+0) -0.495670996<x82>[B] (+1) +0.495670996<x83>[B] (+0) -0.495670996<x84>[B] (+0) -0.495670996<x85>[B] (+1) -0.495670996<x86>[B] (+0) +0.495670996<x87>[B] (+1) -0.495670996<x88>[B] (+0) -0.495670996<x89>[B] (+0) -0.495670996<x90>[B] (+1) +0.495670996<x91>[B] (+0) -0.495670996<x92>[B] (+1) -0.495670996<x93>[B] (+0) +0.495670996<x94>[B] (+0) -0.495670996<x95>[B] (+1) -0.495670996<x96>[B] (+1) -0.495670996<x97>[B] (+0) -0.495670996<x98>[B] (+1) -0.495670996<x99>[B] (+0) -0.495670996<x100>[B] (+0) -0.495670996<x101>[B] (+1) -0.495670996<x102>[B] (+0) +0.495670996<x103>[B] (+1) -0.495670996<x104>[B] (+0) -0.495670996<x105>[B] (+0) -0.495670996<x106>[B] (+1) -0.495670996<x107>[B] (+0) -0.495670996<x108>[B] (+1) -0.495670996<x109>[B] (+1) -0.495670996<x110>[B] (+1) -0.495670996<x111>[B] (+1) +0.495670996<x112>[B] (+0) -0.495670996<x113>[B] (+1) +0.495670996<x114>[B] (+0) -0.495670996<x115>[B] (+0) -0.495670996<x116>[B] (+1) -0.495670996<x117>[B] (+0) +0.495670996<x118>[B] (+1) -0.495670996<x119>[B] (+0) -0.495670996<x120>[B] (+0) -0.495670996<x121>[B] (+1) +0.495670996<x122>[B] (+0) +0.495670996<x123>[B] (+1) +0.495670996<x124>[B] (+0) +0.495670996<x125>[B] (+1) -0.495670996<x126>[B] (+1) -0.495670996<x127>[B] (+1) -0.495670996<x128>[B] (+0) -0.495670996<x129>[B] (+0) -0.495670996<x130>[B] (+1) -0.495670996<x131>[B] (+0) +0.495670996<x132>[B] (+1) -0.495670996<x133>[B] (+0) -0.495670996<x134>[B] (+0) -0.495670996<x135>[B] (+1) +0.495670996<x136>[B] (+0) -0.495670996<x137>[B] (+1) -0.495670996<x138>[B] (+1) -0.495670996<x139>[B] (+1) -0.495670996<x140>[B] (+1) +0.495670996<x141>[B] (+0) +0.495670996<x142>[B] (+0) +0.495670996<x143>[B] (+0) -0.495670996<x144>[B] (+0) +0.495670996<x145>[B] (+1) +0.495670996<x146>[B] (+0) +0.495670996<x147>[B] (+0) +0.495670996<x148>[B] (+1) +0.495670996<x149>[B] (+0) +0.495670996<x150>[B] (+1) +0.495670996<x151>[B] (+0) +0.495670996<x152>[B] (+0) -0.495670996<x153>[B] (+1) -0.495670996<x154>[B] (+1) -0.495670996<x155>[B] (+1) -0.495670996<x156>[B] (+1) +0.495670996<x157>[B] (+1) -0.495670996<x158>[B] (+0) -0.495670996<x159>[B] (+0) -0.495670996<x160>[B] (+1) +0.495670996<x161>[B] (+0) -0.495670996<x162>[B] (+1) -0.495670996<x163>[B] (+1) -0.495670996<x164>[B] (+1) -0.495670996<x165>[B] (+1) -0.495670996<x166>[B] (+1) -0.495670996<x167>[B] (+0) +0.495670996<x168>[B] (+1) -0.495670996<x169>[B] (+0) -0.495670996<x170>[B] (+0) -0.495670996<x171>[B] (+1) +0.495670996<x172>[B] (+0) +0.495670996<x173>[B] (+1) +0.495670996<x174>[B] (+1) +0.495670996<x175>[B] (+1) -0.495670996<x176>[B] (+1) -0.495670996<x177>[B] (+0) +0.495670996<x178>[B] (+1) +0.495670996<x179>[B] (+0) +0.495670996<x180>[B] (+0) +0.495670996<x181>[B] (+1) +0.495670996<x182>[B] (+0) +0.495670996<x183>[B] (+1) +0.495670996<x184>[B] (+0) +0.495670996<x185>[B] (+0) -0.495670996<x186>[B] (+1) +0.495670996<x187>[B] (+1) +0.495670996<x188>[B] (+0) +0.495670996<x189>[B] (+0) +0.495670996<x190>[B] (+1) +0.495670996<x191>[B] (+0) +0.495670996<x192>[B] (+1) +0.495670996<x193>[B] (+1) +0.495670996<x194>[B] (+1) +0.495670996<x195>[B] (+1) -0.495670996<x196>[B] (+0) -0.495670996<x197>[B] (+0) -0.495670996<x198>[B] (+0) -0.495670996<x199>[B] (+0) -0.495670996<x200>[B] (+1) -0.495670996<x201>[B] (+0) -0.495670996<x202>[B] (+0) -0.495670996<x203>[B] (+1) -0.495670996<x204>[B] (+1) +0.495670996<x205>[B] (+1) +0.495670996<x206>[B] (+1) +0.495670996<x207>[B] (+1) +0.495670996<x208>[B] (+1) +0.495670996<x209>[B] (+1) -0.495670996<x210>[B] (+1) +0.495670996<x211>[B] (+1) +0.495670996<x212>[B] (+1) +0.495670996<x213>[B] (+1) +0.495670996<x214>[B] (+1) +0.495670996<x215>[B] (+1) -0.495670996<x216>[B] (+1) +0.495670996<x217>[B] (+0) +0.495670996<x218>[B] (+1) +0.495670996<x219>[B] (+0) +0.495670996<x220>[B] (+0) -0.495670996<x221>[B] (+1) -0.495670996<x222>[B] (+1) -0.495670996<x223>[B] (+1) -0.495670996<x224>[B] (+1) -0.495670996<x225>[B] (+1) -0.495670996<x226>[B] (+0) +0.495670996<x227>[B] (+0) -0.495670996<x228>[B] (+1) +0.495670996<x229>[B] (+1) -0.495670996<x230>[B] (+1) -0.495670996<x231>[B] (+1) >= 26.6428571428571;
;
violation: left hand side is violated by 0.00432900432898364
  [linear] <c3445>: <x245>[C] (+42.3809524) +0.616883117<x1>[B] (+1) +0.616883117<x2>[B] (+1) +0.616883117<x3>[B] (+1) +0.616883117<x4>[B] (+1) +0.616883117<x5>[B] (+1) -0.616883117<x6>[B] (+1) +0.616883117<x7>[B] (+1) -0.616883117<x8>[B] (+1) -0.616883117<x9>[B] (+1) +0.616883117<x10>[B] (+1) +0.616883117<x11>[B] (+1) +0.616883117<x12>[B] (+1) +0.616883117<x13>[B] (+1) +0.616883117<x14>[B] (+1) +0.616883117<x15>[B] (+1) +0.616883117<x16>[B] (+1) +0.616883117<x17>[B] (+1) -0.616883117<x18>[B] (+1) +0.616883117<x19>[B] (+1) +0.616883117<x20>[B] (+1) -0.616883117<x21>[B] (+1) +0.616883117<x22>[B] (+0) +0.616883117<x23>[B] (+1) -0.616883117<x24>[B] (+1) +0.616883117<x25>[B] (+1) -0.616883117<x26>[B] (+1) -0.616883117<x27>[B] (+1) -0.616883117<x28>[B] (+1) -0.616883117<x29>[B] (+0) +0.616883117<x30>[B] (+0) +0.616883117<x31>[B] (+1) +0.616883117<x32>[B] (+0) -0.616883117<x33>[B] (+1) +0.616883117<x34>[B] (+0) +0.616883117<x35>[B] (+0) +0.616883117<x36>[B] (+1) +0.616883117<x37>[B] (+0) -0.616883117<x38>[B] (+1) +0.616883117<x39>[B] (+1) -0.616883117<x40>[B] (+1) -0.616883117<x41>[B] (+1) +0.616883117<x42>[B] (+1) -0.616883117<x43>[B] (+1) -0.616883117<x44>[B] (+1) -0.616883117<x45>[B] (+1) -0.616883117<x46>[B] (+1) -0.616883117<x47>[B] (+1) -0.616883117<x48>[B] (+0) -0.616883117<x49>[B] (+1) +0.616883117<x50>[B] (+1) +0.616883117<x51>[B] (+0) -0.616883117<x52>[B] (+1) +0.616883117<x53>[B] (+0) -0.616883117<x54>[B] (+0) -0.616883117<x55>[B] (+1) -0.616883117<x56>[B] (+0) -0.616883117<x57>[B] (+1) -0.616883117<x58>[B] (+1) -0.616883117<x59>[B] (+1) -0.616883117<x60>[B] (+1) -0.616883117<x61>[B] (+1) -0.616883117<x62>[B] (+1) -0.616883117<x63>[B] (+1) -0.616883117<x64>[B] (+0) -0.616883117<x65>[B] (+1) -0.616883117<x66>[B] (+0) -0.616883117<x67>[B] (+0) +0.616883117<x68>[B] (+1) -0.616883117<x69>[B] (+0) -0.616883117<x70>[B] (+1) +0.616883117<x71>[B] (+0) -0.616883117<x72>[B] (+0) -0.616883117<x73>[B] (+1) -0.616883117<x74>[B] (+0) -0.616883117<x75>[B] (+1) -0.616883117<x76>[B] (+1) -0.616883117<x77>[B] (+1) -0.616883117<x78>[B] (+1) +0.616883117<x79>[B] (+1) -0.616883117<x80>[B] (+0) +0.616883117<x81>[B] (+0) -0.616883117<x82>[B] (+1) -0.616883117<x83>[B] (+0) +0.616883117<x84>[B] (+0) +0.616883117<x85>[B] (+1) +0.616883117<x86>[B] (+0) +0.616883117<x87>[B] (+1) +0.616883117<x88>[B] (+0) +0.616883117<x89>[B] (+0) +0.616883117<x90>[B] (+1) +0.616883117<x91>[B] (+0) -0.616883117<x92>[B] (+1) +0.616883117<x93>[B] (+0) -0.616883117<x94>[B] (+0) -0.616883117<x95>[B] (+1) -0.616883117<x96>[B] (+0) -0.616883117<x97>[B] (+0) -0.616883117<x98>[B] (+0) -0.616883117<x99>[B] (+0) -0.616883117<x100>[B] (+0) +0.616883117<x101>[B] (+0) +0.616883117<x102>[B] (+0) -0.616883117<x103>[B] (+0) +0.616883117<x104>[B] (+0) +0.616883117<x105>[B] (+0) +0.616883117<x106>[B] (+0) -0.616883117<x107>[B] (+0) -0.616883117<x108>[B] (+1) -0.616883117<x109>[B] (+0) -0.616883117<x110>[B] (+0) -0.616883117<x111>[B] (+1) +0.616883117<x112>[B] (+0) -0.616883117<x113>[B] (+1) +0.616883117<x114>[B] (+0) +0.616883117<x115>[B] (+0) +0.616883117<x116>[B] (+1) +0.616883117<x117>[B] (+0) +0.616883117<x118>[B] (+1) +0.616883117<x119>[B] (+0) +0.616883117<x120>[B] (+0) +0.616883117<x121>[B] (+1) +0.616883117<x122>[B] (+0) +0.616883117<x123>[B] (+1) +0.616883117<x124>[B] (+0) +0.616883117<x125>[B] (+1) -0.616883117<x126>[B] (+1) -0.616883117<x127>[B] (+1) -0.616883117<x128>[B] (+0) +0.616883117<x129>[B] (+0) +0.616883117<x130>[B] (+1) +0.616883117<x131>[B] (+0) -0.616883117<x132>[B] (+1) +0.616883117<x133>[B] (+0) +0.616883117<x134>[B] (+0) +0.616883117<x135>[B] (+1) +0.616883117<x136>[B] (+0) -0.616883117<x137>[B] (+1) +0.616883117<x138>[B] (+1) -0.616883117<x139>[B] (+1) -0.616883117<x140>[B] (+1) +0.616883117<x141>[B] (+0) +0.616883117<x142>[B] (+0) +0.616883117<x143>[B] (+0) +0.616883117<x144>[B] (+0) +0.616883117<x145>[B] (+1) +0.616883117<x146>[B] (+0) +0.616883117<x147>[B] (+0) +0.616883117<x148>[B] (+1) +0.616883117<x149>[B] (+0) +0.616883117<x150>[B] (+1) +0.616883117<x151>[B] (+0) +0.616883117<x152>[B] (+0) +0.616883117<x153>[B] (+1) +0.616883117<x154>[B] (+1) +0.616883117<x155>[B] (+1) +0.616883117<x156>[B] (+1) +0.616883117<x157>[B] (+1) +0.616883117<x158>[B] (+1) +0.616883117<x159>[B] (+1) +0.616883117<x160>[B] (+1) +0.616883117<x161>[B] (+1) +0.616883117<x162>[B] (+1) +0.616883117<x163>[B] (+1) +0.616883117<x164>[B] (+1) -0.616883117<x165>[B] (+1) +0.616883117<x166>[B] (+1) +0.616883117<x167>[B] (+0) -0.616883117<x168>[B] (+1) +0.616883117<x169>[B] (+0) +0.616883117<x170>[B] (+0) +0.616883117<x171>[B] (+1) -0.616883117<x172>[B] (+0) -0.616883117<x173>[B] (+1) -0.616883117<x174>[B] (+1) -0.616883117<x175>[B] (+1) -0.616883117<x176>[B] (+1) -0.616883117<x177>[B] (+0) -0.616883117<x178>[B] (+1) -0.616883117<x179>[B] (+0) -0.616883117<x180>[B] (+0) -0.616883117<x181>[B] (+1) -0.616883117<x182>[B] (+0) -0.616883117<x183>[B] (+1) -0.616883117<x184>[B] (+0) -0.616883117<x185>[B] (+0) -0.616883117<x186>[B] (+1) -0.616883117<x187>[B] (+1) +0.616883117<x188>[B] (+0) -0.616883117<x189>[B] (+0) -0.616883117<x190>[B] (+1) -0.616883117<x191>[B] (+0) -0.616883117<x192>[B] (+1) -0.616883117<x193>[B] (+1) -0.616883117<x194>[B] (+1) -0.616883117<x195>[B] (+1) +0.616883117<x196>[B] (+0) +0.616883117<x197>[B] (+0) +0.616883117<x198>[B] (+0) +0.616883117<x199>[B] (+0) -0.616883117<x200>[B] (+1) +0.616883117<x201>[B] (+0) -0.616883117<x202>[B] (+0) -0.616883117<x203>[B] (+1) -0.616883117<x204>[B] (+1) -0.616883117<x205>[B] (+1) -0.616883117<x206>[B] (+1) -0.616883117<x207>[B] (+1) -0.616883117<x208>[B] (+1) -0.616883117<x209>[B] (+1) -0.616883117<x210>[B] (+1) +0.616883117<x211>[B] (+1) -0.616883117<x212>[B] (+1) -0.616883117<x213>[B] (+1) -0.616883117<x214>[B] (+1) -0.616883117<x215>[B] (+1) -0.616883117<x216>[B] (+1) -0.616883117<x217>[B] (+0) -0.616883117<x218>[B] (+1) -0.616883117<x219>[B] (+0) -0.616883117<x220>[B] (+0) -0.616883117<x221>[B] (+1) -0.616883117<x222>[B] (+1) +0.616883117<x223>[B] (+1) -0.616883117<x224>[B] (+1) -0.616883117<x225>[B] (+1) +0.616883117<x226>[B] (+0) +0.616883117<x227>[B] (+0) -0.616883117<x228>[B] (+1) -0.616883117<x229>[B] (+1) -0.616883117<x230>[B] (+1) -0.616883117<x231>[B] (+1) >= 23.2878787878788;
;
violation: left hand side is violated by 0.0303030303030667
  [linear] <c3443>: <x241>[C] (+25.2337662) -0.465367965<x1>[B] (+1) -0.465367965<x2>[B] (+1) -0.465367965<x3>[B] (+1) +0.465367965<x4>[B] (+1) +0.465367965<x5>[B] (+1) -0.465367965<x6>[B] (+1) -0.465367965<x7>[B] (+1) -0.465367965<x8>[B] (+1) -0.465367965<x9>[B] (+1) -0.465367965<x10>[B] (+1) -0.465367965<x11>[B] (+1) -0.465367965<x12>[B] (+1) -0.465367965<x13>[B] (+1) -0.465367965<x14>[B] (+1) -0.465367965<x15>[B] (+1) -0.465367965<x16>[B] (+1) -0.465367965<x17>[B] (+1) -0.465367965<x18>[B] (+1) -0.465367965<x19>[B] (+1) -0.465367965<x20>[B] (+1) -0.465367965<x21>[B] (+1) +0.465367965<x22>[B] (+0) +0.465367965<x23>[B] (+1) +0.465367965<x24>[B] (+1) +0.465367965<x25>[B] (+0) +0.465367965<x26>[B] (+1) +0.465367965<x27>[B] (+0) +0.465367965<x28>[B] (+1) -0.465367965<x29>[B] (+0) +0.465367965<x30>[B] (+0) -0.465367965<x31>[B] (+1) -0.465367965<x32>[B] (+0) -0.465367965<x33>[B] (+1) -0.465367965<x34>[B] (+0) -0.465367965<x35>[B] (+0) -0.465367965<x36>[B] (+1) -0.465367965<x37>[B] (+0) +0.465367965<x38>[B] (+1) +0.465367965<x39>[B] (+0) +0.465367965<x40>[B] (+1) +0.465367965<x41>[B] (+1) +0.465367965<x42>[B] (+1) +0.465367965<x43>[B] (+1) +0.465367965<x44>[B] (+1) -0.465367965<x45>[B] (+1) -0.465367965<x46>[B] (+1) -0.465367965<x47>[B] (+1) -0.465367965<x48>[B] (+0) -0.465367965<x49>[B] (+1) -0.465367965<x50>[B] (+1) -0.465367965<x51>[B] (+0) -0.465367965<x52>[B] (+1) -0.465367965<x53>[B] (+0) -0.465367965<x54>[B] (+0) -0.465367965<x55>[B] (+1) -0.465367965<x56>[B] (+0) -0.465367965<x57>[B] (+1) -0.465367965<x58>[B] (+1) -0.465367965<x59>[B] (+1) -0.465367965<x60>[B] (+1) +0.465367965<x61>[B] (+1) +0.465367965<x62>[B] (+0) -0.465367965<x63>[B] (+1) -0.465367965<x64>[B] (+0) -0.465367965<x65>[B] (+1) -0.465367965<x66>[B] (+0) -0.465367965<x67>[B] (+0) -0.465367965<x68>[B] (+1) -0.465367965<x69>[B] (+0) -0.465367965<x70>[B] (+1) -0.465367965<x71>[B] (+0) -0.465367965<x72>[B] (+0) -0.465367965<x73>[B] (+1) -0.465367965<x74>[B] (+0) -0.465367965<x75>[B] (+1) -0.465367965<x76>[B] (+0) -0.465367965<x77>[B] (+1) -0.465367965<x78>[B] (+1) -0.465367965<x79>[B] (+0) -0.465367965<x80>[B] (+0) -0.465367965<x81>[B] (+0) -0.465367965<x82>[B] (+0) -0.465367965<x83>[B] (+0) -0.465367965<x84>[B] (+0) -0.465367965<x85>[B] (+1) -0.465367965<x86>[B] (+0) -0.465367965<x87>[B] (+0) -0.465367965<x88>[B] (+0) -0.465367965<x89>[B] (+0) -0.465367965<x90>[B] (+0) -0.465367965<x91>[B] (+0) -0.465367965<x92>[B] (+0) -0.465367965<x93>[B] (+0) -0.465367965<x94>[B] (+0) -0.465367965<x95>[B] (+1) -0.465367965<x96>[B] (+1) -0.465367965<x97>[B] (+0) -0.465367965<x98>[B] (+1) -0.465367965<x99>[B] (+0) -0.465367965<x100>[B] (+0) -0.465367965<x101>[B] (+1) -0.465367965<x102>[B] (+0) -0.465367965<x103>[B] (+1) -0.465367965<x104>[B] (+0) -0.465367965<x105>[B] (+0) -0.465367965<x106>[B] (+1) -0.465367965<x107>[B] (+0) -0.465367965<x108>[B] (+1) -0.465367965<x109>[B] (+0) -0.465367965<x110>[B] (+1) -0.465367965<x111>[B] (+1) -0.465367965<x112>[B] (+0) -0.465367965<x113>[B] (+1) -0.465367965<x114>[B] (+0) +0.465367965<x115>[B] (+0) -0.465367965<x116>[B] (+1) -0.465367965<x117>[B] (+0) -0.465367965<x118>[B] (+1) -0.465367965<x119>[B] (+0) -0.465367965<x120>[B] (+0) -0.465367965<x121>[B] (+1) -0.465367965<x122>[B] (+0) -0.465367965<x123>[B] (+1) +0.465367965<x124>[B] (+0) +0.465367965<x125>[B] (+1) +0.465367965<x126>[B] (+1) -0.465367965<x127>[B] (+1) -0.465367965<x128>[B] (+0) +0.465367965<x129>[B] (+0) -0.465367965<x130>[B] (+1) -0.465367965<x131>[B] (+0) -0.465367965<x132>[B] (+1) -0.465367965<x133>[B] (+0) -0.465367965<x134>[B] (+0) -0.465367965<x135>[B] (+1) -0.465367965<x136>[B] (+0) -0.465367965<x137>[B] (+1) +0.465367965<x138>[B] (+1) +0.465367965<x139>[B] (+1) +0.465367965<x140>[B] (+1) -0.465367965<x141>[B] (+0) +0.465367965<x142>[B] (+0) -0.465367965<x143>[B] (+1) -0.465367965<x144>[B] (+0) -0.465367965<x145>[B] (+1) -0.465367965<x146>[B] (+0) -0.465367965<x147>[B] (+0) -0.465367965<x148>[B] (+1) -0.465367965<x149>[B] (+0) -0.465367965<x150>[B] (+1) +0.465367965<x151>[B] (+0) +0.465367965<x152>[B] (+0) +0.465367965<x153>[B] (+1) +0.465367965<x154>[B] (+1) +0.465367965<x155>[B] (+1) -0.465367965<x156>[B] (+1) -0.465367965<x157>[B] (+1) -0.465367965<x158>[B] (+1) +0.465367965<x159>[B] (+0) -0.465367965<x160>[B] (+1) -0.465367965<x161>[B] (+0) +0.465367965<x162>[B] (+1) +0.465367965<x163>[B] (+1) +0.465367965<x164>[B] (+1) +0.465367965<x165>[B] (+1) -0.465367965<x166>[B] (+1) -0.465367965<x167>[B] (+0) -0.465367965<x168>[B] (+1) -0.465367965<x169>[B] (+0) -0.465367965<x170>[B] (+0) -0.465367965<x171>[B] (+1) -0.465367965<x172>[B] (+0) -0.465367965<x173>[B] (+1) +0.465367965<x174>[B] (+1) -0.465367965<x175>[B] (+1) -0.465367965<x176>[B] (+1) -0.465367965<x177>[B] (+0) -0.465367965<x178>[B] (+0) -0.465367965<x179>[B] (+0) +0.465367965<x180>[B] (+0) -0.465367965<x181>[B] (+0) -0.465367965<x182>[B] (+0) +0.465367965<x183>[B] (+0) +0.465367965<x184>[B] (+0) +0.465367965<x185>[B] (+0) +0.465367965<x186>[B] (+1) +0.465367965<x187>[B] (+1) -0.465367965<x188>[B] (+1) +0.465367965<x189>[B] (+0) +0.465367965<x190>[B] (+1) +0.465367965<x191>[B] (+0) +0.465367965<x192>[B] (+1) +0.465367965<x193>[B] (+1) +0.465367965<x194>[B] (+1) +0.465367965<x195>[B] (+1) -0.465367965<x196>[B] (+0) +0.465367965<x197>[B] (+0) -0.465367965<x198>[B] (+0) -0.465367965<x199>[B] (+0) +0.465367965<x200>[B] (+1) +0.465367965<x201>[B] (+0) +0.465367965<x202>[B] (+0) +0.465367965<x203>[B] (+1) +0.465367965<x204>[B] (+0) +0.465367965<x205>[B] (+1) +0.465367965<x206>[B] (+0) +0.465367965<x207>[B] (+1) +0.465367965<x208>[B] (+1) +0.465367965<x209>[B] (+1) +0.465367965<x210>[B] (+1) -0.465367965<x211>[B] (+1) -0.465367965<x212>[B] (+1) +0.465367965<x213>[B] (+1) +0.465367965<x214>[B] (+1) +0.465367965<x215>[B] (+1) +0.465367965<x216>[B] (+1) -0.465367965<x217>[B] (+0) +0.465367965<x218>[B] (+1) +0.465367965<x219>[B] (+0) +0.465367965<x220>[B] (+0) +0.465367965<x221>[B] (+1) +0.465367965<x222>[B] (+1) +0.465367965<x223>[B] (+1) +0.465367965<x224>[B] (+1) +0.465367965<x225>[B] (+1) +0.465367965<x226>[B] (+0) +0.465367965<x227>[B] (+0) +0.465367965<x228>[B] (+1) -0.465367965<x229>[B] (+1) -0.465367965<x230>[B] (+1) +0.465367965<x231>[B] (+1) >= 12.2164502164502;
;
violation: left hand side is violated by 0.012987012986974
  [linear] <c3443>: <x241>[C] (+24.7770563) -0.465367965<x1>[B] (+1) -0.465367965<x2>[B] (+1) -0.465367965<x3>[B] (+1) +0.465367965<x4>[B] (+1) +0.465367965<x5>[B] (+1) -0.465367965<x6>[B] (+1) -0.465367965<x7>[B] (+1) -0.465367965<x8>[B] (+1) -0.465367965<x9>[B] (+0) -0.465367965<x10>[B] (+0) -0.465367965<x11>[B] (+1) -0.465367965<x12>[B] (+0) -0.465367965<x13>[B] (+1) -0.465367965<x14>[B] (+0) -0.465367965<x15>[B] (+1) -0.465367965<x16>[B] (+1) -0.465367965<x17>[B] (+0) -0.465367965<x18>[B] (+1) -0.465367965<x19>[B] (+0) -0.465367965<x20>[B] (+1) -0.465367965<x21>[B] (+1) +0.465367965<x22>[B] (+0) +0.465367965<x23>[B] (+0) +0.465367965<x24>[B] (+0) +0.465367965<x25>[B] (+0) +0.465367965<x26>[B] (+1) +0.465367965<x27>[B] (+0) +0.465367965<x28>[B] (+0) -0.465367965<x29>[B] (+0) +0.465367965<x30>[B] (+0) -0.465367965<x31>[B] (+1) -0.465367965<x32>[B] (+0) -0.465367965<x33>[B] (+0) -0.465367965<x34>[B] (+0) -0.465367965<x35>[B] (+0) -0.465367965<x36>[B] (+0) -0.465367965<x37>[B] (+0) +0.465367965<x38>[B] (+1) +0.465367965<x39>[B] (+0) +0.465367965<x40>[B] (+0) +0.465367965<x41>[B] (+1) +0.465367965<x42>[B] (+1) +0.465367965<x43>[B] (+1) +0.465367965<x44>[B] (+1) -0.465367965<x45>[B] (+1) -0.465367965<x46>[B] (+1) -0.465367965<x47>[B] (+1) -0.465367965<x48>[B] (+0) -0.465367965<x49>[B] (+0) -0.465367965<x50>[B] (+1) -0.465367965<x51>[B] (+0) -0.465367965<x52>[B] (+1) -0.465367965<x53>[B] (+0) -0.465367965<x54>[B] (+1) -0.465367965<x55>[B] (+1) -0.465367965<x56>[B] (+0) -0.465367965<x57>[B] (+1) -0.465367965<x58>[B] (+0) -0.465367965<x59>[B] (+1) -0.465367965<x60>[B] (+1) +0.465367965<x61>[B] (+0) +0.465367965<x62>[B] (+0) -0.465367965<x63>[B] (+1) -0.465367965<x64>[B] (+0) -0.465367965<x65>[B] (+1) -0.465367965<x66>[B] (+0) -0.465367965<x67>[B] (+0) -0.465367965<x68>[B] (+1) -0.465367965<x69>[B] (+0) -0.465367965<x70>[B] (+0) -0.465367965<x71>[B] (+0) -0.465367965<x72>[B] (+0) -0.465367965<x73>[B] (+1) -0.465367965<x74>[B] (+0) -0.465367965<x75>[B] (+1) -0.465367965<x76>[B] (+0) -0.465367965<x77>[B] (+1) -0.465367965<x78>[B] (+1) -0.465367965<x79>[B] (+0) -0.465367965<x80>[B] (+1) -0.465367965<x81>[B] (+1) -0.465367965<x82>[B] (+1) -0.465367965<x83>[B] (+0) -0.465367965<x84>[B] (+0) -0.465367965<x85>[B] (+1) -0.465367965<x86>[B] (+0) -0.465367965<x87>[B] (+1) -0.465367965<x88>[B] (+0) -0.465367965<x89>[B] (+1) -0.465367965<x90>[B] (+1) -0.465367965<x91>[B] (+0) -0.465367965<x92>[B] (+1) -0.465367965<x93>[B] (+0) -0.465367965<x94>[B] (+1) -0.465367965<x95>[B] (+1) -0.465367965<x96>[B] (+1) -0.465367965<x97>[B] (+1) -0.465367965<x98>[B] (+1) -0.465367965<x99>[B] (+0) -0.465367965<x100>[B] (+0) -0.465367965<x101>[B] (+1) -0.465367965<x102>[B] (+0) -0.465367965<x103>[B] (+1) -0.465367965<x104>[B] (+0) -0.465367965<x105>[B] (+1) -0.465367965<x106>[B] (+1) -0.465367965<x107>[B] (+0) -0.465367965<x108>[B] (+1) -0.465367965<x109>[B] (+0) -0.465367965<x110>[B] (+1) -0.465367965<x111>[B] (+1) -0.465367965<x112>[B] (+0) -0.465367965<x113>[B] (+0) -0.465367965<x114>[B] (+0) +0.465367965<x115>[B] (+0) -0.465367965<x116>[B] (+1) -0.465367965<x117>[B] (+0) -0.465367965<x118>[B] (+0) -0.465367965<x119>[B] (+0) -0.465367965<x120>[B] (+0) -0.465367965<x121>[B] (+0) -0.465367965<x122>[B] (+0) -0.465367965<x123>[B] (+1) +0.465367965<x124>[B] (+0) +0.465367965<x125>[B] (+0) +0.465367965<x126>[B] (+1) -0.465367965<x127>[B] (+1) -0.465367965<x128>[B] (+0) +0.465367965<x129>[B] (+0) -0.465367965<x130>[B] (+1) -0.465367965<x131>[B] (+0) -0.465367965<x132>[B] (+1) -0.465367965<x133>[B] (+0) -0.465367965<x134>[B] (+1) -0.465367965<x135>[B] (+1) -0.465367965<x136>[B] (+0) -0.465367965<x137>[B] (+1) +0.465367965<x138>[B] (+0) +0.465367965<x139>[B] (+1) +0.465367965<x140>[B] (+1) -0.465367965<x141>[B] (+0) +0.465367965<x142>[B] (+0) -0.465367965<x143>[B] (+1) -0.465367965<x144>[B] (+0) -0.465367965<x145>[B] (+0) -0.465367965<x146>[B] (+0) -0.465367965<x147>[B] (+0) -0.465367965<x148>[B] (+0) -0.465367965<x149>[B] (+0) -0.465367965<x150>[B] (+1) +0.465367965<x151>[B] (+0) +0.465367965<x152>[B] (+0) +0.465367965<x153>[B] (+1) +0.465367965<x154>[B] (+1) +0.465367965<x155>[B] (+1) -0.465367965<x156>[B] (+1) -0.465367965<x157>[B] (+1) -0.465367965<x158>[B] (+0) +0.465367965<x159>[B] (+1) -0.465367965<x160>[B] (+1) -0.465367965<x161>[B] (+0) +0.465367965<x162>[B] (+1) +0.465367965<x163>[B] (+1) +0.465367965<x164>[B] (+1) +0.465367965<x165>[B] (+1) -0.465367965<x166>[B] (+1) -0.465367965<x167>[B] (+1) -0.465367965<x168>[B] (+1) -0.465367965<x169>[B] (+0) -0.465367965<x170>[B] (+1) -0.465367965<x171>[B] (+1) -0.465367965<x172>[B] (+0) -0.465367965<x173>[B] (+1) +0.465367965<x174>[B] (+1) -0.465367965<x175>[B] (+1) -0.465367965<x176>[B] (+1) -0.465367965<x177>[B] (+0) -0.465367965<x178>[B] (+0) -0.465367965<x179>[B] (+0) +0.465367965<x180>[B] (+0) -0.465367965<x181>[B] (+0) -0.465367965<x182>[B] (+0) +0.465367965<x183>[B] (+1) +0.465367965<x184>[B] (+0) +0.465367965<x185>[B] (+0) +0.465367965<x186>[B] (+1) +0.465367965<x187>[B] (+1) -0.465367965<x188>[B] (+0) +0.465367965<x189>[B] (+1) +0.465367965<x190>[B] (+1) +0.465367965<x191>[B] (+0) +0.465367965<x192>[B] (+1) +0.465367965<x193>[B] (+1) +0.465367965<x194>[B] (+1) +0.465367965<x195>[B] (+1) -0.465367965<x196>[B] (+0) +0.465367965<x197>[B] (+0) -0.465367965<x198>[B] (+1) -0.465367965<x199>[B] (+0) +0.465367965<x200>[B] (+1) +0.465367965<x201>[B] (+0) +0.465367965<x202>[B] (+1) +0.465367965<x203>[B] (+1) +0.465367965<x204>[B] (+1) +0.465367965<x205>[B] (+1) +0.465367965<x206>[B] (+0) +0.465367965<x207>[B] (+1) +0.465367965<x208>[B] (+1) +0.465367965<x209>[B] (+1) +0.465367965<x210>[B] (+1) -0.465367965<x211>[B] (+1) -0.465367965<x212>[B] (+0) +0.465367965<x213>[B] (+1) +0.465367965<x214>[B] (+0) +0.465367965<x215>[B] (+1) +0.465367965<x216>[B] (+1) -0.465367965<x217>[B] (+0) +0.465367965<x218>[B] (+1) +0.465367965<x219>[B] (+0) +0.465367965<x220>[B] (+0) +0.465367965<x221>[B] (+1) +0.465367965<x222>[B] (+1) +0.465367965<x223>[B] (+1) +0.465367965<x224>[B] (+1) +0.465367965<x225>[B] (+1) +0.465367965<x226>[B] (+0) +0.465367965<x227>[B] (+0) +0.465367965<x228>[B] (+1) -0.465367965<x229>[B] (+1) -0.465367965<x230>[B] (+1) +0.465367965<x231>[B] (+1) >= 12.2164502164502;
;
violation: left hand side is violated by 0.00432900432896055
  [linear] <c3450>: <x253>[C] (+23.7987013) +0.46969697<x1>[B] (+1) -0.46969697<x2>[B] (+1) -0.46969697<x3>[B] (+1) -0.46969697<x4>[B] (+1) +0.46969697<x5>[B] (+1) +0.46969697<x6>[B] (+1) +0.46969697<x7>[B] (+1) -0.46969697<x8>[B] (+1) -0.46969697<x9>[B] (+0) +0.46969697<x10>[B] (+1) -0.46969697<x11>[B] (+1) -0.46969697<x12>[B] (+0) +0.46969697<x13>[B] (+1) -0.46969697<x14>[B] (+0) -0.46969697<x15>[B] (+1) -0.46969697<x16>[B] (+1) -0.46969697<x17>[B] (+0) -0.46969697<x18>[B] (+1) -0.46969697<x19>[B] (+1) +0.46969697<x20>[B] (+1) -0.46969697<x21>[B] (+1) -0.46969697<x22>[B] (+0) -0.46969697<x23>[B] (+0) -0.46969697<x24>[B] (+1) +0.46969697<x25>[B] (+0) -0.46969697<x26>[B] (+1) -0.46969697<x27>[B] (+0) -0.46969697<x28>[B] (+1) -0.46969697<x29>[B] (+0) -0.46969697<x30>[B] (+0) -0.46969697<x31>[B] (+1) -0.46969697<x32>[B] (+0) +0.46969697<x33>[B] (+0) -0.46969697<x34>[B] (+0) -0.46969697<x35>[B] (+0) -0.46969697<x36>[B] (+1) -0.46969697<x37>[B] (+0) -0.46969697<x38>[B] (+1) -0.46969697<x39>[B] (+0) -0.46969697<x40>[B] (+1) -0.46969697<x41>[B] (+1) -0.46969697<x42>[B] (+1) -0.46969697<x43>[B] (+1) +0.46969697<x44>[B] (+1) +0.46969697<x45>[B] (+1) +0.46969697<x46>[B] (+0) -0.46969697<x47>[B] (+1) -0.46969697<x48>[B] (+0) +0.46969697<x49>[B] (+0) +0.46969697<x50>[B] (+1) +0.46969697<x51>[B] (+0) +0.46969697<x52>[B] (+1) -0.46969697<x53>[B] (+0) +0.46969697<x54>[B] (+1) -0.46969697<x55>[B] (+1) +0.46969697<x56>[B] (+0) +0.46969697<x57>[B] (+1) -0.46969697<x58>[B] (+0) +0.46969697<x59>[B] (+1) +0.46969697<x60>[B] (+1) -0.46969697<x61>[B] (+1) +0.46969697<x62>[B] (+1) +0.46969697<x63>[B] (+1) +0.46969697<x64>[B] (+0) +0.46969697<x65>[B] (+1) -0.46969697<x66>[B] (+0) +0.46969697<x67>[B] (+0) +0.46969697<x68>[B] (+1) +0.46969697<x69>[B] (+0) +0.46969697<x70>[B] (+1) +0.46969697<x71>[B] (+0) +0.46969697<x72>[B] (+1) +0.46969697<x73>[B] (+1) +0.46969697<x74>[B] (+0) +0.46969697<x75>[B] (+1) +0.46969697<x76>[B] (+0) +0.46969697<x77>[B] (+1) +0.46969697<x78>[B] (+1) +0.46969697<x79>[B] (+0) +0.46969697<x80>[B] (+1) +0.46969697<x81>[B] (+0) +0.46969697<x82>[B] (+1) +0.46969697<x83>[B] (+0) +0.46969697<x84>[B] (+0) +0.46969697<x85>[B] (+1) +0.46969697<x86>[B] (+0) +0.46969697<x87>[B] (+0) +0.46969697<x88>[B] (+0) +0.46969697<x89>[B] (+0) +0.46969697<x90>[B] (+1) +0.46969697<x91>[B] (+0) +0.46969697<x92>[B] (+1) +0.46969697<x93>[B] (+0) +0.46969697<x94>[B] (+0) +0.46969697<x95>[B] (+1) -0.46969697<x96>[B] (+1) -0.46969697<x97>[B] (+0) -0.46969697<x98>[B] (+1) -0.46969697<x99>[B] (+0) -0.46969697<x100>[B] (+0) -0.46969697<x101>[B] (+1) -0.46969697<x102>[B] (+0) +0.46969697<x103>[B] (+0) -0.46969697<x104>[B] (+0) -0.46969697<x105>[B] (+0) -0.46969697<x106>[B] (+1) -0.46969697<x107>[B] (+0) -0.46969697<x108>[B] (+1) -0.46969697<x109>[B] (+0) -0.46969697<x110>[B] (+1) -0.46969697<x111>[B] (+1) -0.46969697<x112>[B] (+0) -0.46969697<x113>[B] (+1) -0.46969697<x114>[B] (+0) +0.46969697<x115>[B] (+0) -0.46969697<x116>[B] (+1) -0.46969697<x117>[B] (+0) +0.46969697<x118>[B] (+0) -0.46969697<x119>[B] (+0) -0.46969697<x120>[B] (+0) -0.46969697<x121>[B] (+1) -0.46969697<x122>[B] (+0) -0.46969697<x123>[B] (+1) -0.46969697<x124>[B] (+0) +0.46969697<x125>[B] (+0) -0.46969697<x126>[B] (+1) -0.46969697<x127>[B] (+1) -0.46969697<x128>[B] (+0) +0.46969697<x129>[B] (+0) -0.46969697<x130>[B] (+1) -0.46969697<x131>[B] (+0) +0.46969697<x132>[B] (+1) -0.46969697<x133>[B] (+0) -0.46969697<x134>[B] (+1) -0.46969697<x135>[B] (+1) -0.46969697<x136>[B] (+0) -0.46969697<x137>[B] (+1) -0.46969697<x138>[B] (+0) +0.46969697<x139>[B] (+1) -0.46969697<x140>[B] (+1) -0.46969697<x141>[B] (+0) +0.46969697<x142>[B] (+0) +0.46969697<x143>[B] (+0) +0.46969697<x144>[B] (+0) +0.46969697<x145>[B] (+0) -0.46969697<x146>[B] (+0) +0.46969697<x147>[B] (+0) -0.46969697<x148>[B] (+0) +0.46969697<x149>[B] (+0) +0.46969697<x150>[B] (+1) -0.46969697<x151>[B] (+0) +0.46969697<x152>[B] (+0) +0.46969697<x153>[B] (+1) +0.46969697<x154>[B] (+1) +0.46969697<x155>[B] (+1) +0.46969697<x156>[B] (+1) +0.46969697<x157>[B] (+1) +0.46969697<x158>[B] (+1) +0.46969697<x159>[B] (+1) +0.46969697<x160>[B] (+1) +0.46969697<x161>[B] (+0) +0.46969697<x162>[B] (+1) +0.46969697<x163>[B] (+1) +0.46969697<x164>[B] (+1) +0.46969697<x165>[B] (+1) -0.46969697<x166>[B] (+1) -0.46969697<x167>[B] (+0) +0.46969697<x168>[B] (+1) -0.46969697<x169>[B] (+0) -0.46969697<x170>[B] (+1) -0.46969697<x171>[B] (+1) -0.46969697<x172>[B] (+0) -0.46969697<x173>[B] (+1) -0.46969697<x174>[B] (+1) +0.46969697<x175>[B] (+1) -0.46969697<x176>[B] (+1) -0.46969697<x177>[B] (+0) +0.46969697<x178>[B] (+0) -0.46969697<x179>[B] (+0) +0.46969697<x180>[B] (+0) -0.46969697<x181>[B] (+1) +0.46969697<x182>[B] (+0) +0.46969697<x183>[B] (+1) -0.46969697<x184>[B] (+0) +0.46969697<x185>[B] (+0) +0.46969697<x186>[B] (+1) +0.46969697<x187>[B] (+1) -0.46969697<x188>[B] (+1) +0.46969697<x189>[B] (+1) -0.46969697<x190>[B] (+1) +0.46969697<x191>[B] (+0) +0.46969697<x192>[B] (+1) -0.46969697<x193>[B] (+1) +0.46969697<x194>[B] (+1) +0.46969697<x195>[B] (+1) -0.46969697<x196>[B] (+0) -0.46969697<x197>[B] (+0) -0.46969697<x198>[B] (+1) -0.46969697<x199>[B] (+0) -0.46969697<x200>[B] (+1) -0.46969697<x201>[B] (+0) -0.46969697<x202>[B] (+1) -0.46969697<x203>[B] (+1) +0.46969697<x204>[B] (+1) +0.46969697<x205>[B] (+1) +0.46969697<x206>[B] (+0) +0.46969697<x207>[B] (+1) -0.46969697<x208>[B] (+1) +0.46969697<x209>[B] (+1) +0.46969697<x210>[B] (+1) -0.46969697<x211>[B] (+1) +0.46969697<x212>[B] (+0) +0.46969697<x213>[B] (+1) -0.46969697<x214>[B] (+0) +0.46969697<x215>[B] (+1) +0.46969697<x216>[B] (+1) +0.46969697<x217>[B] (+0) +0.46969697<x218>[B] (+1) -0.46969697<x219>[B] (+0) +0.46969697<x220>[B] (+0) +0.46969697<x221>[B] (+1) +0.46969697<x222>[B] (+1) -0.46969697<x223>[B] (+1) +0.46969697<x224>[B] (+1) +0.46969697<x225>[B] (+1) -0.46969697<x226>[B] (+0) +0.46969697<x227>[B] (+0) +0.46969697<x228>[B] (+1) +0.46969697<x229>[B] (+1) +0.46969697<x230>[B] (+1) -0.46969697<x231>[B] (+1) >= 29.474025974026;
;
violation: left hand side is violated by 0.0389610389610517
  [linear] <c3443>: <x241>[C] (+26.1471861) -0.465367965<x1>[B] (+1) -0.465367965<x2>[B] (+1) -0.465367965<x3>[B] (+1) +0.465367965<x4>[B] (+1) +0.465367965<x5>[B] (+1) -0.465367965<x6>[B] (+1) -0.465367965<x7>[B] (+1) -0.465367965<x8>[B] (+1) -0.465367965<x9>[B] (+0) -0.465367965<x10>[B] (+0) -0.465367965<x11>[B] (+1) -0.465367965<x12>[B] (+1) -0.465367965<x13>[B] (+1) -0.465367965<x14>[B] (+1) -0.465367965<x15>[B] (+1) -0.465367965<x16>[B] (+1) -0.465367965<x17>[B] (+1) -0.465367965<x18>[B] (+1) -0.465367965<x19>[B] (+1) -0.465367965<x20>[B] (+1) -0.465367965<x21>[B] (+1) +0.465367965<x22>[B] (+0) +0.465367965<x23>[B] (+0) +0.465367965<x24>[B] (+1) +0.465367965<x25>[B] (+1) +0.465367965<x26>[B] (+1) +0.465367965<x27>[B] (+0) +0.465367965<x28>[B] (+1) -0.465367965<x29>[B] (+0) +0.465367965<x30>[B] (+0) -0.465367965<x31>[B] (+1) -0.465367965<x32>[B] (+0) -0.465367965<x33>[B] (+1) -0.465367965<x34>[B] (+0) -0.465367965<x35>[B] (+1) -0.465367965<x36>[B] (+1) -0.465367965<x37>[B] (+0) +0.465367965<x38>[B] (+1) +0.465367965<x39>[B] (+1) +0.465367965<x40>[B] (+1) +0.465367965<x41>[B] (+1) +0.465367965<x42>[B] (+0) +0.465367965<x43>[B] (+1) +0.465367965<x44>[B] (+1) -0.465367965<x45>[B] (+1) -0.465367965<x46>[B] (+0) -0.465367965<x47>[B] (+1) -0.465367965<x48>[B] (+0) -0.465367965<x49>[B] (+0) -0.465367965<x50>[B] (+1) -0.465367965<x51>[B] (+0) -0.465367965<x52>[B] (+1) -0.465367965<x53>[B] (+0) -0.465367965<x54>[B] (+1) -0.465367965<x55>[B] (+1) -0.465367965<x56>[B] (+0) -0.465367965<x57>[B] (+1) -0.465367965<x58>[B] (+1) -0.465367965<x59>[B] (+1) -0.465367965<x60>[B] (+1) +0.465367965<x61>[B] (+1) +0.465367965<x62>[B] (+1) -0.465367965<x63>[B] (+1) -0.465367965<x64>[B] (+0) -0.465367965<x65>[B] (+1) -0.465367965<x66>[B] (+0) -0.465367965<x67>[B] (+0) -0.465367965<x68>[B] (+1) -0.465367965<x69>[B] (+0) -0.465367965<x70>[B] (+1) -0.465367965<x71>[B] (+0) -0.465367965<x72>[B] (+1) -0.465367965<x73>[B] (+1) -0.465367965<x74>[B] (+0) -0.465367965<x75>[B] (+1) -0.465367965<x76>[B] (+1) -0.465367965<x77>[B] (+1) -0.465367965<x78>[B] (+1) -0.465367965<x79>[B] (+0) -0.465367965<x80>[B] (+0) -0.465367965<x81>[B] (+0) -0.465367965<x82>[B] (+1) -0.465367965<x83>[B] (+0) -0.465367965<x84>[B] (+0) -0.465367965<x85>[B] (+1) -0.465367965<x86>[B] (+0) -0.465367965<x87>[B] (+0) -0.465367965<x88>[B] (+0) -0.465367965<x89>[B] (+0) -0.465367965<x90>[B] (+1) -0.465367965<x91>[B] (+0) -0.465367965<x92>[B] (+1) -0.465367965<x93>[B] (+0) -0.465367965<x94>[B] (+0) -0.465367965<x95>[B] (+1) -0.465367965<x96>[B] (+1) -0.465367965<x97>[B] (+0) -0.465367965<x98>[B] (+1) -0.465367965<x99>[B] (+0) -0.465367965<x100>[B] (+0) -0.465367965<x101>[B] (+1) -0.465367965<x102>[B] (+0) -0.465367965<x103>[B] (+0) -0.465367965<x104>[B] (+0) -0.465367965<x105>[B] (+0) -0.465367965<x106>[B] (+1) -0.465367965<x107>[B] (+0) -0.465367965<x108>[B] (+1) -0.465367965<x109>[B] (+0) -0.465367965<x110>[B] (+0) -0.465367965<x111>[B] (+1) -0.465367965<x112>[B] (+0) -0.465367965<x113>[B] (+1) -0.465367965<x114>[B] (+0) +0.465367965<x115>[B] (+0) -0.465367965<x116>[B] (+1) -0.465367965<x117>[B] (+0) -0.465367965<x118>[B] (+0) -0.465367965<x119>[B] (+0) -0.465367965<x120>[B] (+0) -0.465367965<x121>[B] (+1) -0.465367965<x122>[B] (+0) -0.465367965<x123>[B] (+1) +0.465367965<x124>[B] (+0) +0.465367965<x125>[B] (+0) +0.465367965<x126>[B] (+1) -0.465367965<x127>[B] (+1) -0.465367965<x128>[B] (+0) +0.465367965<x129>[B] (+0) -0.465367965<x130>[B] (+1) -0.465367965<x131>[B] (+0) -0.465367965<x132>[B] (+1) -0.465367965<x133>[B] (+0) -0.465367965<x134>[B] (+1) -0.465367965<x135>[B] (+1) -0.465367965<x136>[B] (+0) -0.465367965<x137>[B] (+1) +0.465367965<x138>[B] (+1) +0.465367965<x139>[B] (+1) +0.465367965<x140>[B] (+1) -0.465367965<x141>[B] (+0) +0.465367965<x142>[B] (+0) -0.465367965<x143>[B] (+0) -0.465367965<x144>[B] (+0) -0.465367965<x145>[B] (+0) -0.465367965<x146>[B] (+0) -0.465367965<x147>[B] (+0) -0.465367965<x148>[B] (+0) -0.465367965<x149>[B] (+0) -0.465367965<x150>[B] (+1) +0.465367965<x151>[B] (+0) +0.465367965<x152>[B] (+0) +0.465367965<x153>[B] (+1) +0.465367965<x154>[B] (+1) +0.465367965<x155>[B] (+1) -0.465367965<x156>[B] (+1) -0.465367965<x157>[B] (+1) -0.465367965<x158>[B] (+1) +0.465367965<x159>[B] (+1) -0.465367965<x160>[B] (+1) -0.465367965<x161>[B] (+1) +0.465367965<x162>[B] (+1) +0.465367965<x163>[B] (+1) +0.465367965<x164>[B] (+1) +0.465367965<x165>[B] (+1) -0.465367965<x166>[B] (+1) -0.465367965<x167>[B] (+1) -0.465367965<x168>[B] (+1) -0.465367965<x169>[B] (+1) -0.465367965<x170>[B] (+1) -0.465367965<x171>[B] (+1) -0.465367965<x172>[B] (+1) -0.465367965<x173>[B] (+1) +0.465367965<x174>[B] (+1) -0.465367965<x175>[B] (+1) -0.465367965<x176>[B] (+1) -0.465367965<x177>[B] (+0) -0.465367965<x178>[B] (+0) -0.465367965<x179>[B] (+0) +0.465367965<x180>[B] (+0) -0.465367965<x181>[B] (+1) -0.465367965<x182>[B] (+0) +0.465367965<x183>[B] (+1) +0.465367965<x184>[B] (+0) +0.465367965<x185>[B] (+0) +0.465367965<x186>[B] (+1) +0.465367965<x187>[B] (+1) -0.465367965<x188>[B] (+1) +0.465367965<x189>[B] (+1) +0.465367965<x190>[B] (+1) +0.465367965<x191>[B] (+0) +0.465367965<x192>[B] (+1) +0.465367965<x193>[B] (+1) +0.465367965<x194>[B] (+1) +0.465367965<x195>[B] (+1) -0.465367965<x196>[B] (+0) +0.465367965<x197>[B] (+0) -0.465367965<x198>[B] (+1) -0.465367965<x199>[B] (+0) +0.465367965<x200>[B] (+1) +0.465367965<x201>[B] (+0) +0.465367965<x202>[B] (+0) +0.465367965<x203>[B] (+1) +0.465367965<x204>[B] (+1) +0.465367965<x205>[B] (+1) +0.465367965<x206>[B] (+0) +0.465367965<x207>[B] (+1) +0.465367965<x208>[B] (+1) +0.465367965<x209>[B] (+1) +0.465367965<x210>[B] (+1) -0.465367965<x211>[B] (+1) -0.465367965<x212>[B] (+0) +0.465367965<x213>[B] (+1) +0.465367965<x214>[B] (+0) +0.465367965<x215>[B] (+0) +0.465367965<x216>[B] (+1) -0.465367965<x217>[B] (+0) +0.465367965<x218>[B] (+1) +0.465367965<x219>[B] (+0) +0.465367965<x220>[B] (+0) +0.465367965<x221>[B] (+1) +0.465367965<x222>[B] (+1) +0.465367965<x223>[B] (+1) +0.465367965<x224>[B] (+1) +0.465367965<x225>[B] (+1) +0.465367965<x226>[B] (+0) +0.465367965<x227>[B] (+0) +0.465367965<x228>[B] (+1) -0.465367965<x229>[B] (+1) -0.465367965<x230>[B] (+1) +0.465367965<x231>[B] (+1) >= 12.2164502164502;
;
violation: left hand side is violated by 0.0303030303030116
  [linear] <c3450>: <x253>[C] (+24.2770563) +0.46969697<x1>[B] (+1) -0.46969697<x2>[B] (+1) -0.46969697<x3>[B] (+1) -0.46969697<x4>[B] (+1) +0.46969697<x5>[B] (+1) +0.46969697<x6>[B] (+1) +0.46969697<x7>[B] (+1) -0.46969697<x8>[B] (+1) -0.46969697<x9>[B] (+0) +0.46969697<x10>[B] (+0) -0.46969697<x11>[B] (+1) -0.46969697<x12>[B] (+1) +0.46969697<x13>[B] (+1) -0.46969697<x14>[B] (+1) -0.46969697<x15>[B] (+1) -0.46969697<x16>[B] (+1) -0.46969697<x17>[B] (+1) -0.46969697<x18>[B] (+1) -0.46969697<x19>[B] (+1) +0.46969697<x20>[B] (+1) -0.46969697<x21>[B] (+1) -0.46969697<x22>[B] (+0) -0.46969697<x23>[B] (+0) -0.46969697<x24>[B] (+1) +0.46969697<x25>[B] (+1) -0.46969697<x26>[B] (+1) -0.46969697<x27>[B] (+0) -0.46969697<x28>[B] (+1) -0.46969697<x29>[B] (+0) -0.46969697<x30>[B] (+0) -0.46969697<x31>[B] (+1) -0.46969697<x32>[B] (+0) +0.46969697<x33>[B] (+1) -0.46969697<x34>[B] (+0) -0.46969697<x35>[B] (+1) -0.46969697<x36>[B] (+1) -0.46969697<x37>[B] (+0) -0.46969697<x38>[B] (+1) -0.46969697<x39>[B] (+0) -0.46969697<x40>[B] (+1) -0.46969697<x41>[B] (+1) -0.46969697<x42>[B] (+1) -0.46969697<x43>[B] (+1) +0.46969697<x44>[B] (+1) +0.46969697<x45>[B] (+1) +0.46969697<x46>[B] (+1) -0.46969697<x47>[B] (+1) -0.46969697<x48>[B] (+0) +0.46969697<x49>[B] (+0) +0.46969697<x50>[B] (+1) +0.46969697<x51>[B] (+0) +0.46969697<x52>[B] (+1) -0.46969697<x53>[B] (+0) +0.46969697<x54>[B] (+1) -0.46969697<x55>[B] (+1) +0.46969697<x56>[B] (+0) +0.46969697<x57>[B] (+1) -0.46969697<x58>[B] (+0) +0.46969697<x59>[B] (+1) +0.46969697<x60>[B] (+1) -0.46969697<x61>[B] (+1) +0.46969697<x62>[B] (+1) +0.46969697<x63>[B] (+1) +0.46969697<x64>[B] (+0) +0.46969697<x65>[B] (+1) -0.46969697<x66>[B] (+0) +0.46969697<x67>[B] (+0) +0.46969697<x68>[B] (+1) +0.46969697<x69>[B] (+0) +0.46969697<x70>[B] (+1) +0.46969697<x71>[B] (+0) +0.46969697<x72>[B] (+1) +0.46969697<x73>[B] (+1) +0.46969697<x74>[B] (+0) +0.46969697<x75>[B] (+1) +0.46969697<x76>[B] (+0) +0.46969697<x77>[B] (+1) +0.46969697<x78>[B] (+1) +0.46969697<x79>[B] (+0) +0.46969697<x80>[B] (+0) +0.46969697<x81>[B] (+0) +0.46969697<x82>[B] (+1) +0.46969697<x83>[B] (+0) +0.46969697<x84>[B] (+0) +0.46969697<x85>[B] (+1) +0.46969697<x86>[B] (+0) +0.46969697<x87>[B] (+1) +0.46969697<x88>[B] (+0) +0.46969697<x89>[B] (+0) +0.46969697<x90>[B] (+0) +0.46969697<x91>[B] (+0) +0.46969697<x92>[B] (+1) +0.46969697<x93>[B] (+0) +0.46969697<x94>[B] (+0) +0.46969697<x95>[B] (+1) -0.46969697<x96>[B] (+1) -0.46969697<x97>[B] (+0) -0.46969697<x98>[B] (+1) -0.46969697<x99>[B] (+0) -0.46969697<x100>[B] (+0) -0.46969697<x101>[B] (+1) -0.46969697<x102>[B] (+0) +0.46969697<x103>[B] (+1) -0.46969697<x104>[B] (+0) -0.46969697<x105>[B] (+1) -0.46969697<x106>[B] (+1) -0.46969697<x107>[B] (+0) -0.46969697<x108>[B] (+1) -0.46969697<x109>[B] (+0) -0.46969697<x110>[B] (+0) -0.46969697<x111>[B] (+1) -0.46969697<x112>[B] (+0) -0.46969697<x113>[B] (+1) -0.46969697<x114>[B] (+0) +0.46969697<x115>[B] (+0) -0.46969697<x116>[B] (+1) -0.46969697<x117>[B] (+0) +0.46969697<x118>[B] (+1) -0.46969697<x119>[B] (+0) -0.46969697<x120>[B] (+1) -0.46969697<x121>[B] (+1) -0.46969697<x122>[B] (+0) -0.46969697<x123>[B] (+1) -0.46969697<x124>[B] (+0) +0.46969697<x125>[B] (+0) -0.46969697<x126>[B] (+1) -0.46969697<x127>[B] (+1) -0.46969697<x128>[B] (+0) +0.46969697<x129>[B] (+0) -0.46969697<x130>[B] (+1) -0.46969697<x131>[B] (+0) +0.46969697<x132>[B] (+1) -0.46969697<x133>[B] (+0) -0.46969697<x134>[B] (+1) -0.46969697<x135>[B] (+1) -0.46969697<x136>[B] (+0) -0.46969697<x137>[B] (+1) -0.46969697<x138>[B] (+0) +0.46969697<x139>[B] (+1) -0.46969697<x140>[B] (+1) -0.46969697<x141>[B] (+0) +0.46969697<x142>[B] (+0) +0.46969697<x143>[B] (+1) +0.46969697<x144>[B] (+0) +0.46969697<x145>[B] (+0) -0.46969697<x146>[B] (+0) +0.46969697<x147>[B] (+0) -0.46969697<x148>[B] (+0) +0.46969697<x149>[B] (+0) +0.46969697<x150>[B] (+1) -0.46969697<x151>[B] (+0) +0.46969697<x152>[B] (+0) +0.46969697<x153>[B] (+1) +0.46969697<x154>[B] (+1) +0.46969697<x155>[B] (+1) +0.46969697<x156>[B] (+1) +0.46969697<x157>[B] (+1) +0.46969697<x158>[B] (+1) +0.46969697<x159>[B] (+1) +0.46969697<x160>[B] (+1) +0.46969697<x161>[B] (+1) +0.46969697<x162>[B] (+1) +0.46969697<x163>[B] (+1) +0.46969697<x164>[B] (+1) +0.46969697<x165>[B] (+1) -0.46969697<x166>[B] (+1) -0.46969697<x167>[B] (+1) +0.46969697<x168>[B] (+1) -0.46969697<x169>[B] (+1) -0.46969697<x170>[B] (+1) -0.46969697<x171>[B] (+1) -0.46969697<x172>[B] (+1) -0.46969697<x173>[B] (+1) -0.46969697<x174>[B] (+1) +0.46969697<x175>[B] (+1) -0.46969697<x176>[B] (+1) -0.46969697<x177>[B] (+0) +0.46969697<x178>[B] (+0) -0.46969697<x179>[B] (+0) +0.46969697<x180>[B] (+0) -0.46969697<x181>[B] (+0) +0.46969697<x182>[B] (+0) +0.46969697<x183>[B] (+1) -0.46969697<x184>[B] (+0) +0.46969697<x185>[B] (+0) +0.46969697<x186>[B] (+1) +0.46969697<x187>[B] (+1) -0.46969697<x188>[B] (+1) +0.46969697<x189>[B] (+1) -0.46969697<x190>[B] (+1) +0.46969697<x191>[B] (+0) +0.46969697<x192>[B] (+1) -0.46969697<x193>[B] (+1) +0.46969697<x194>[B] (+1) +0.46969697<x195>[B] (+1) -0.46969697<x196>[B] (+0) -0.46969697<x197>[B] (+0) -0.46969697<x198>[B] (+0) -0.46969697<x199>[B] (+0) -0.46969697<x200>[B] (+1) -0.46969697<x201>[B] (+0) -0.46969697<x202>[B] (+0) -0.46969697<x203>[B] (+1) +0.46969697<x204>[B] (+1) +0.46969697<x205>[B] (+1) +0.46969697<x206>[B] (+0) +0.46969697<x207>[B] (+1) -0.46969697<x208>[B] (+1) +0.46969697<x209>[B] (+1) +0.46969697<x210>[B] (+1) -0.46969697<x211>[B] (+1) +0.46969697<x212>[B] (+0) +0.46969697<x213>[B] (+1) -0.46969697<x214>[B] (+0) +0.46969697<x215>[B] (+0) +0.46969697<x216>[B] (+1) +0.46969697<x217>[B] (+0) +0.46969697<x218>[B] (+1) -0.46969697<x219>[B] (+0) +0.46969697<x220>[B] (+0) +0.46969697<x221>[B] (+1) +0.46969697<x222>[B] (+1) -0.46969697<x223>[B] (+1) +0.46969697<x224>[B] (+1) +0.46969697<x225>[B] (+1) -0.46969697<x226>[B] (+0) +0.46969697<x227>[B] (+0) +0.46969697<x228>[B] (+1) +0.46969697<x229>[B] (+1) +0.46969697<x230>[B] (+1) -0.46969697<x231>[B] (+1) >= 29.474025974026;
;
violation: left hand side is violated by 0.0303030303030241
  [linear] <c3473>: <x292>[C] (+20.7619048) +0.430735931<x1>[B] (+1) -0.430735931<x2>[B] (+1) +0.430735931<x3>[B] (+1) +0.430735931<x4>[B] (+1) +0.430735931<x5>[B] (+1) +0.430735931<x6>[B] (+1) +0.430735931<x7>[B] (+1) +0.430735931<x8>[B] (+1) +0.430735931<x9>[B] (+0) +0.430735931<x10>[B] (+0) -0.430735931<x11>[B] (+1) +0.430735931<x12>[B] (+1) +0.430735931<x13>[B] (+1) +0.430735931<x14>[B] (+1) +0.430735931<x15>[B] (+1) +0.430735931<x16>[B] (+1) +0.430735931<x17>[B] (+0) +0.430735931<x18>[B] (+1) +0.430735931<x19>[B] (+1) +0.430735931<x20>[B] (+1) +0.430735931<x21>[B] (+1) -0.430735931<x22>[B] (+0) +0.430735931<x23>[B] (+0) +0.430735931<x24>[B] (+1) +0.430735931<x25>[B] (+1) +0.430735931<x26>[B] (+1) +0.430735931<x27>[B] (+0) -0.430735931<x28>[B] (+1) -0.430735931<x29>[B] (+0) +0.430735931<x30>[B] (+0) -0.430735931<x31>[B] (+1) +0.430735931<x32>[B] (+0) +0.430735931<x33>[B] (+1) -0.430735931<x34>[B] (+0) +0.430735931<x35>[B] (+1) +0.430735931<x36>[B] (+1) +0.430735931<x37>[B] (+0) +0.430735931<x38>[B] (+1) +0.430735931<x39>[B] (+0) -0.430735931<x40>[B] (+1) +0.430735931<x41>[B] (+1) +0.430735931<x42>[B] (+1) +0.430735931<x43>[B] (+1) +0.430735931<x44>[B] (+1) +0.430735931<x45>[B] (+1) +0.430735931<x46>[B] (+0) +0.430735931<x47>[B] (+1) +0.430735931<x48>[B] (+0) +0.430735931<x49>[B] (+0) -0.430735931<x50>[B] (+1) +0.430735931<x51>[B] (+0) +0.430735931<x52>[B] (+1) +0.430735931<x53>[B] (+0) +0.430735931<x54>[B] (+1) +0.430735931<x55>[B] (+1) +0.430735931<x56>[B] (+0) +0.430735931<x57>[B] (+1) +0.430735931<x58>[B] (+0) +0.430735931<x59>[B] (+1) +0.430735931<x60>[B] (+1) -0.430735931<x61>[B] (+1) -0.430735931<x62>[B] (+1) -0.430735931<x63>[B] (+1) +0.430735931<x64>[B] (+0) -0.430735931<x65>[B] (+1) -0.430735931<x66>[B] (+0) -0.430735931<x67>[B] (+0) -0.430735931<x68>[B] (+1) -0.430735931<x69>[B] (+0) -0.430735931<x70>[B] (+1) -0.430735931<x71>[B] (+0) +0.430735931<x72>[B] (+1) -0.430735931<x73>[B] (+1) -0.430735931<x74>[B] (+0) -0.430735931<x75>[B] (+1) -0.430735931<x76>[B] (+0) -0.430735931<x77>[B] (+1) +0.430735931<x78>[B] (+1) +0.430735931<x79>[B] (+0) +0.430735931<x80>[B] (+0) +0.430735931<x81>[B] (+0) -0.430735931<x82>[B] (+0) -0.430735931<x83>[B] (+0) -0.430735931<x84>[B] (+0) -0.430735931<x85>[B] (+0) -0.430735931<x86>[B] (+0) +0.430735931<x87>[B] (+0) -0.430735931<x88>[B] (+0) +0.430735931<x89>[B] (+0) +0.430735931<x90>[B] (+0) -0.430735931<x91>[B] (+0) -0.430735931<x92>[B] (+1) -0.430735931<x93>[B] (+0) -0.430735931<x94>[B] (+0) +0.430735931<x95>[B] (+1) -0.430735931<x96>[B] (+0) +0.430735931<x97>[B] (+0) -0.430735931<x98>[B] (+1) -0.430735931<x99>[B] (+0) -0.430735931<x100>[B] (+0) -0.430735931<x101>[B] (+1) -0.430735931<x102>[B] (+0) -0.430735931<x103>[B] (+0) -0.430735931<x104>[B] (+0) +0.430735931<x105>[B] (+0) -0.430735931<x106>[B] (+1) -0.430735931<x107>[B] (+0) -0.430735931<x108>[B] (+1) -0.430735931<x109>[B] (+0) -0.430735931<x110>[B] (+1) +0.430735931<x111>[B] (+1) +0.430735931<x112>[B] (+0) -0.430735931<x113>[B] (+1) -0.430735931<x114>[B] (+0) -0.430735931<x115>[B] (+0) -0.430735931<x116>[B] (+1) -0.430735931<x117>[B] (+0) -0.430735931<x118>[B] (+1) -0.430735931<x119>[B] (+0) +0.430735931<x120>[B] (+1) +0.430735931<x121>[B] (+1) -0.430735931<x122>[B] (+0) -0.430735931<x123>[B] (+1) -0.430735931<x124>[B] (+0) -0.430735931<x125>[B] (+1) +0.430735931<x126>[B] (+1) -0.430735931<x127>[B] (+1) -0.430735931<x128>[B] (+0) -0.430735931<x129>[B] (+0) -0.430735931<x130>[B] (+1) -0.430735931<x131>[B] (+0) -0.430735931<x132>[B] (+1) -0.430735931<x133>[B] (+0) +0.430735931<x134>[B] (+1) -0.430735931<x135>[B] (+1) -0.430735931<x136>[B] (+0) -0.430735931<x137>[B] (+1) -0.430735931<x138>[B] (+0) -0.430735931<x139>[B] (+1) +0.430735931<x140>[B] (+1) +0.430735931<x141>[B] (+0) +0.430735931<x142>[B] (+0) -0.430735931<x143>[B] (+0) +0.430735931<x144>[B] (+0) +0.430735931<x145>[B] (+0) -0.430735931<x146>[B] (+0) +0.430735931<x147>[B] (+0) +0.430735931<x148>[B] (+0) +0.430735931<x149>[B] (+0) +0.430735931<x150>[B] (+1) +0.430735931<x151>[B] (+0) +0.430735931<x152>[B] (+0) +0.430735931<x153>[B] (+1) +0.430735931<x154>[B] (+1) -0.430735931<x155>[B] (+1) +0.430735931<x156>[B] (+1) +0.430735931<x157>[B] (+1) -0.430735931<x158>[B] (+1) +0.430735931<x159>[B] (+1) +0.430735931<x160>[B] (+1) +0.430735931<x161>[B] (+0) +0.430735931<x162>[B] (+1) +0.430735931<x163>[B] (+1) -0.430735931<x164>[B] (+1) +0.430735931<x165>[B] (+1) -0.430735931<x166>[B] (+1) -0.430735931<x167>[B] (+1) +0.430735931<x168>[B] (+1) -0.430735931<x169>[B] (+1) +0.430735931<x170>[B] (+1) +0.430735931<x171>[B] (+1) -0.430735931<x172>[B] (+0) -0.430735931<x173>[B] (+1) +0.430735931<x174>[B] (+1) -0.430735931<x175>[B] (+1) +0.430735931<x176>[B] (+1) +0.430735931<x177>[B] (+0) +0.430735931<x178>[B] (+0) +0.430735931<x179>[B] (+0) +0.430735931<x180>[B] (+0) +0.430735931<x181>[B] (+1) +0.430735931<x182>[B] (+0) +0.430735931<x183>[B] (+1) +0.430735931<x184>[B] (+0) +0.430735931<x185>[B] (+0) +0.430735931<x186>[B] (+1) +0.430735931<x187>[B] (+1) -0.430735931<x188>[B] (+0) +0.430735931<x189>[B] (+1) +0.430735931<x190>[B] (+1) -0.430735931<x191>[B] (+0) -0.430735931<x192>[B] (+1) +0.430735931<x193>[B] (+0) -0.430735931<x194>[B] (+1) +0.430735931<x195>[B] (+1) -0.430735931<x196>[B] (+0) +0.430735931<x197>[B] (+0) +0.430735931<x198>[B] (+1) -0.430735931<x199>[B] (+0) -0.430735931<x200>[B] (+1) -0.430735931<x201>[B] (+0) -0.430735931<x202>[B] (+1) +0.430735931<x203>[B] (+1) +0.430735931<x204>[B] (+1) +0.430735931<x205>[B] (+1) +0.430735931<x206>[B] (+0) +0.430735931<x207>[B] (+1) +0.430735931<x208>[B] (+1) +0.430735931<x209>[B] (+1) +0.430735931<x210>[B] (+1) -0.430735931<x211>[B] (+1) -0.430735931<x212>[B] (+0) -0.430735931<x213>[B] (+1) -0.430735931<x214>[B] (+0) -0.430735931<x215>[B] (+1) +0.430735931<x216>[B] (+1) -0.430735931<x217>[B] (+0) -0.430735931<x218>[B] (+1) -0.430735931<x219>[B] (+0) -0.430735931<x220>[B] (+0) +0.430735931<x221>[B] (+1) -0.430735931<x222>[B] (+1) +0.430735931<x223>[B] (+1) -0.430735931<x224>[B] (+1) +0.430735931<x225>[B] (+1) +0.430735931<x226>[B] (+0) -0.430735931<x227>[B] (+0) +0.430735931<x228>[B] (+1) -0.430735931<x229>[B] (+1) +0.430735931<x230>[B] (+1) +0.430735931<x231>[B] (+1) >= 33.7056277056277;
;
violation: left hand side is violated by 0.0216450216450355
  [linear] <c3482>: <x303>[C] (+36.5151515) +0.573593074<x1>[B] (+1) -0.573593074<x2>[B] (+1) +0.573593074<x3>[B] (+1) -0.573593074<x4>[B] (+1) +0.573593074<x5>[B] (+1) -0.573593074<x6>[B] (+1) -0.573593074<x7>[B] (+1) -0.573593074<x8>[B] (+1) +0.573593074<x9>[B] (+0) -0.573593074<x10>[B] (+1) -0.573593074<x11>[B] (+1) +0.573593074<x12>[B] (+0) +0.573593074<x13>[B] (+1) +0.573593074<x14>[B] (+0) -0.573593074<x15>[B] (+1) +0.573593074<x16>[B] (+1) -0.573593074<x17>[B] (+0) -0.573593074<x18>[B] (+1) -0.573593074<x19>[B] (+1) -0.573593074<x20>[B] (+1) -0.573593074<x21>[B] (+1) -0.573593074<x22>[B] (+1) +0.573593074<x23>[B] (+1) -0.573593074<x24>[B] (+1) +0.573593074<x25>[B] (+1) -0.573593074<x26>[B] (+1) -0.573593074<x27>[B] (+0) -0.573593074<x28>[B] (+1) +0.573593074<x29>[B] (+0) -0.573593074<x30>[B] (+0) -0.573593074<x31>[B] (+1) +0.573593074<x32>[B] (+0) -0.573593074<x33>[B] (+1) +0.573593074<x34>[B] (+0) -0.573593074<x35>[B] (+1) +0.573593074<x36>[B] (+1) -0.573593074<x37>[B] (+0) -0.573593074<x38>[B] (+1) -0.573593074<x39>[B] (+1) -0.573593074<x40>[B] (+1) -0.573593074<x41>[B] (+1) +0.573593074<x42>[B] (+0) -0.573593074<x43>[B] (+1) +0.573593074<x44>[B] (+1) +0.573593074<x45>[B] (+1) -0.573593074<x46>[B] (+0) -0.573593074<x47>[B] (+1) +0.573593074<x48>[B] (+0) -0.573593074<x49>[B] (+0) +0.573593074<x50>[B] (+1) +0.573593074<x51>[B] (+0) +0.573593074<x52>[B] (+1) +0.573593074<x53>[B] (+0) +0.573593074<x54>[B] (+1) +0.573593074<x55>[B] (+1) -0.573593074<x56>[B] (+0) -0.573593074<x57>[B] (+1) -0.573593074<x58>[B] (+0) -0.573593074<x59>[B] (+1) +0.573593074<x60>[B] (+1) -0.573593074<x61>[B] (+1) +0.573593074<x62>[B] (+1) -0.573593074<x63>[B] (+1) -0.573593074<x64>[B] (+0) -0.573593074<x65>[B] (+1) -0.573593074<x66>[B] (+0) -0.573593074<x67>[B] (+0) -0.573593074<x68>[B] (+1) -0.573593074<x69>[B] (+0) -0.573593074<x70>[B] (+1) +0.573593074<x71>[B] (+0) -0.573593074<x72>[B] (+1) -0.573593074<x73>[B] (+1) -0.573593074<x74>[B] (+0) -0.573593074<x75>[B] (+1) -0.573593074<x76>[B] (+1) -0.573593074<x77>[B] (+1) -0.573593074<x78>[B] (+1) +0.573593074<x79>[B] (+0) +0.573593074<x80>[B] (+0) +0.573593074<x81>[B] (+0) +0.573593074<x82>[B] (+1) +0.573593074<x83>[B] (+0) +0.573593074<x84>[B] (+0) +0.573593074<x85>[B] (+1) +0.573593074<x86>[B] (+0) +0.573593074<x87>[B] (+0) +0.573593074<x88>[B] (+0) +0.573593074<x89>[B] (+0) +0.573593074<x90>[B] (+0) +0.573593074<x91>[B] (+0) +0.573593074<x92>[B] (+1) -0.573593074<x93>[B] (+0) +0.573593074<x94>[B] (+0) +0.573593074<x95>[B] (+1) -0.573593074<x96>[B] (+0) -0.573593074<x97>[B] (+0) -0.573593074<x98>[B] (+1) -0.573593074<x99>[B] (+0) -0.573593074<x100>[B] (+0) -0.573593074<x101>[B] (+1) -0.573593074<x102>[B] (+0) -0.573593074<x103>[B] (+0) -0.573593074<x104>[B] (+0) -0.573593074<x105>[B] (+0) -0.573593074<x106>[B] (+1) -0.573593074<x107>[B] (+0) -0.573593074<x108>[B] (+1) -0.573593074<x109>[B] (+0) -0.573593074<x110>[B] (+0) -0.573593074<x111>[B] (+1) -0.573593074<x112>[B] (+0) -0.573593074<x113>[B] (+1) +0.573593074<x114>[B] (+0) -0.573593074<x115>[B] (+0) +0.573593074<x116>[B] (+1) +0.573593074<x117>[B] (+0) +0.573593074<x118>[B] (+1) +0.573593074<x119>[B] (+0) +0.573593074<x120>[B] (+1) +0.573593074<x121>[B] (+1) -0.573593074<x122>[B] (+0) -0.573593074<x123>[B] (+1) -0.573593074<x124>[B] (+0) -0.573593074<x125>[B] (+1) +0.573593074<x126>[B] (+1) +0.573593074<x127>[B] (+1) +0.573593074<x128>[B] (+0) -0.573593074<x129>[B] (+0) +0.573593074<x130>[B] (+1) +0.573593074<x131>[B] (+0) +0.573593074<x132>[B] (+1) +0.573593074<x133>[B] (+0) +0.573593074<x134>[B] (+1) +0.573593074<x135>[B] (+1) -0.573593074<x136>[B] (+0) -0.573593074<x137>[B] (+1) -0.573593074<x138>[B] (+1) -0.573593074<x139>[B] (+1) +0.573593074<x140>[B] (+1) +0.573593074<x141>[B] (+0) -0.573593074<x142>[B] (+0) +0.573593074<x143>[B] (+1) +0.573593074<x144>[B] (+0) +0.573593074<x145>[B] (+0) +0.573593074<x146>[B] (+0) +0.573593074<x147>[B] (+0) +0.573593074<x148>[B] (+0) -0.573593074<x149>[B] (+0) -0.573593074<x150>[B] (+1) -0.573593074<x151>[B] (+0) -0.573593074<x152>[B] (+0) +0.573593074<x153>[B] (+1) -0.573593074<x154>[B] (+1) -0.573593074<x155>[B] (+1) -0.573593074<x156>[B] (+1) -0.573593074<x157>[B] (+1) +0.573593074<x158>[B] (+1) -0.573593074<x159>[B] (+1) -0.573593074<x160>[B] (+1) -0.573593074<x161>[B] (+1) -0.573593074<x162>[B] (+1) -0.573593074<x163>[B] (+1) -0.573593074<x164>[B] (+1) -0.573593074<x165>[B] (+1) +0.573593074<x166>[B] (+1) +0.573593074<x167>[B] (+0) +0.573593074<x168>[B] (+1) +0.573593074<x169>[B] (+0) +0.573593074<x170>[B] (+1) +0.573593074<x171>[B] (+1) -0.573593074<x172>[B] (+0) -0.573593074<x173>[B] (+1) -0.573593074<x174>[B] (+1) -0.573593074<x175>[B] (+1) +0.573593074<x176>[B] (+1) +0.573593074<x177>[B] (+0) +0.573593074<x178>[B] (+0) +0.573593074<x179>[B] (+0) -0.573593074<x180>[B] (+0) +0.573593074<x181>[B] (+0) -0.573593074<x182>[B] (+0) -0.573593074<x183>[B] (+1) -0.573593074<x184>[B] (+0) -0.573593074<x185>[B] (+0) -0.573593074<x186>[B] (+1) -0.573593074<x187>[B] (+1) +0.573593074<x188>[B] (+1) -0.573593074<x189>[B] (+1) -0.573593074<x190>[B] (+1) -0.573593074<x191>[B] (+0) -0.573593074<x192>[B] (+1) -0.573593074<x193>[B] (+1) -0.573593074<x194>[B] (+1) -0.573593074<x195>[B] (+1) +0.573593074<x196>[B] (+0) -0.573593074<x197>[B] (+0) +0.573593074<x198>[B] (+1) -0.573593074<x199>[B] (+0) -0.573593074<x200>[B] (+1) -0.573593074<x201>[B] (+0) -0.573593074<x202>[B] (+0) -0.573593074<x203>[B] (+1) -0.573593074<x204>[B] (+1) -0.573593074<x205>[B] (+1) -0.573593074<x206>[B] (+0) -0.573593074<x207>[B] (+1) -0.573593074<x208>[B] (+1) -0.573593074<x209>[B] (+1) -0.573593074<x210>[B] (+1) +0.573593074<x211>[B] (+1) -0.573593074<x212>[B] (+0) -0.573593074<x213>[B] (+1) -0.573593074<x214>[B] (+0) -0.573593074<x215>[B] (+0) -0.573593074<x216>[B] (+1) -0.573593074<x217>[B] (+0) -0.573593074<x218>[B] (+1) -0.573593074<x219>[B] (+0) -0.573593074<x220>[B] (+0) -0.573593074<x221>[B] (+1) -0.573593074<x222>[B] (+1) -0.573593074<x223>[B] (+1) -0.573593074<x224>[B] (+1) +0.573593074<x225>[B] (+1) -0.573593074<x226>[B] (+0) -0.573593074<x227>[B] (+0) +0.573593074<x228>[B] (+1) +0.573593074<x229>[B] (+1) +0.573593074<x230>[B] (+1) +0.573593074<x231>[B] (+1) >= 13.0497835497835;
;
violation: left hand side is violated by 0.0519480519480595
  [linear] <c3449>: <x251>[C] (+48.6753247) -0.642857143<x1>[B] (+1) +0.642857143<x2>[B] (+1) -0.642857143<x3>[B] (+1) +0.642857143<x4>[B] (+1) -0.642857143<x5>[B] (+1) -0.642857143<x6>[B] (+1) +0.642857143<x7>[B] (+1) -0.642857143<x8>[B] (+1) +0.642857143<x9>[B] (+0) +0.642857143<x10>[B] (+0) +0.642857143<x11>[B] (+1) +0.642857143<x12>[B] (+0) -0.642857143<x13>[B] (+1) -0.642857143<x14>[B] (+0) +0.642857143<x15>[B] (+1) -0.642857143<x16>[B] (+1) +0.642857143<x17>[B] (+0) +0.642857143<x18>[B] (+1) -0.642857143<x19>[B] (+1) -0.642857143<x20>[B] (+1) -0.642857143<x21>[B] (+1) +0.642857143<x22>[B] (+1) -0.642857143<x23>[B] (+1) +0.642857143<x24>[B] (+1) +0.642857143<x25>[B] (+1) -0.642857143<x26>[B] (+1) +0.642857143<x27>[B] (+1) -0.642857143<x28>[B] (+1) +0.642857143<x29>[B] (+0) +0.642857143<x30>[B] (+0) +0.642857143<x31>[B] (+1) +0.642857143<x32>[B] (+0) -0.642857143<x33>[B] (+1) -0.642857143<x34>[B] (+0) +0.642857143<x35>[B] (+0) -0.642857143<x36>[B] (+1) +0.642857143<x37>[B] (+0) +0.642857143<x38>[B] (+1) -0.642857143<x39>[B] (+1) -0.642857143<x40>[B] (+1) -0.642857143<x41>[B] (+1) -0.642857143<x42>[B] (+0) -0.642857143<x43>[B] (+1) -0.642857143<x44>[B] (+0) -0.642857143<x45>[B] (+1) -0.642857143<x46>[B] (+1) -0.642857143<x47>[B] (+1) +0.642857143<x48>[B] (+0) -0.642857143<x49>[B] (+0) +0.642857143<x50>[B] (+1) +0.642857143<x51>[B] (+0) -0.642857143<x52>[B] (+1) -0.642857143<x53>[B] (+0) -0.642857143<x54>[B] (+0) -0.642857143<x55>[B] (+1) +0.642857143<x56>[B] (+0) +0.642857143<x57>[B] (+1) -0.642857143<x58>[B] (+1) -0.642857143<x59>[B] (+1) -0.642857143<x60>[B] (+1) +0.642857143<x61>[B] (+1) +0.642857143<x62>[B] (+1) +0.642857143<x63>[B] (+1) +0.642857143<x64>[B] (+1) +0.642857143<x65>[B] (+1) +0.642857143<x66>[B] (+0) +0.642857143<x67>[B] (+0) +0.642857143<x68>[B] (+1) +0.642857143<x69>[B] (+0) +0.642857143<x70>[B] (+1) +0.642857143<x71>[B] (+0) +0.642857143<x72>[B] (+0) +0.642857143<x73>[B] (+1) +0.642857143<x74>[B] (+0) +0.642857143<x75>[B] (+1) +0.642857143<x76>[B] (+1) -0.642857143<x77>[B] (+1) +0.642857143<x78>[B] (+1) -0.642857143<x79>[B] (+0) -0.642857143<x80>[B] (+1) +0.642857143<x81>[B] (+0) -0.642857143<x82>[B] (+1) +0.642857143<x83>[B] (+0) +0.642857143<x84>[B] (+0) +0.642857143<x85>[B] (+1) +0.642857143<x86>[B] (+0) -0.642857143<x87>[B] (+1) -0.642857143<x88>[B] (+0) -0.642857143<x89>[B] (+0) -0.642857143<x90>[B] (+1) +0.642857143<x91>[B] (+0) +0.642857143<x92>[B] (+1) -0.642857143<x93>[B] (+0) -0.642857143<x94>[B] (+0) -0.642857143<x95>[B] (+1) -0.642857143<x96>[B] (+1) +0.642857143<x97>[B] (+1) -0.642857143<x98>[B] (+1) +0.642857143<x99>[B] (+0) +0.642857143<x100>[B] (+0) +0.642857143<x101>[B] (+1) +0.642857143<x102>[B] (+0) -0.642857143<x103>[B] (+1) -0.642857143<x104>[B] (+0) +0.642857143<x105>[B] (+0) -0.642857143<x106>[B] (+1) +0.642857143<x107>[B] (+0) +0.642857143<x108>[B] (+1) -0.642857143<x109>[B] (+1) -0.642857143<x110>[B] (+1) -0.642857143<x111>[B] (+1) +0.642857143<x112>[B] (+0) -0.642857143<x113>[B] (+1) +0.642857143<x114>[B] (+0) +0.642857143<x115>[B] (+0) +0.642857143<x116>[B] (+1) +0.642857143<x117>[B] (+0) -0.642857143<x118>[B] (+1) -0.642857143<x119>[B] (+0) +0.642857143<x120>[B] (+0) -0.642857143<x121>[B] (+1) +0.642857143<x122>[B] (+0) +0.642857143<x123>[B] (+1) -0.642857143<x124>[B] (+0) -0.642857143<x125>[B] (+0) -0.642857143<x126>[B] (+1) -0.642857143<x127>[B] (+1) +0.642857143<x128>[B] (+0) +0.642857143<x129>[B] (+0) +0.642857143<x130>[B] (+1) +0.642857143<x131>[B] (+0) -0.642857143<x132>[B] (+1) -0.642857143<x133>[B] (+0) -0.642857143<x134>[B] (+0) -0.642857143<x135>[B] (+1) +0.642857143<x136>[B] (+0) +0.642857143<x137>[B] (+1) -0.642857143<x138>[B] (+1) -0.642857143<x139>[B] (+1) -0.642857143<x140>[B] (+1) +0.642857143<x141>[B] (+0) +0.642857143<x142>[B] (+0) +0.642857143<x143>[B] (+0) +0.642857143<x144>[B] (+0) +0.642857143<x145>[B] (+1) +0.642857143<x146>[B] (+0) +0.642857143<x147>[B] (+0) -0.642857143<x148>[B] (+0) +0.642857143<x149>[B] (+0) +0.642857143<x150>[B] (+1) +0.642857143<x151>[B] (+0) -0.642857143<x152>[B] (+0) -0.642857143<x153>[B] (+1) -0.642857143<x154>[B] (+1) -0.642857143<x155>[B] (+1) -0.642857143<x156>[B] (+1) -0.642857143<x157>[B] (+1) -0.642857143<x158>[B] (+1) -0.642857143<x159>[B] (+1) -0.642857143<x160>[B] (+1) +0.642857143<x161>[B] (+1) -0.642857143<x162>[B] (+1) -0.642857143<x163>[B] (+1) -0.642857143<x164>[B] (+1) -0.642857143<x165>[B] (+1) +0.642857143<x166>[B] (+1) +0.642857143<x167>[B] (+0) -0.642857143<x168>[B] (+1) -0.642857143<x169>[B] (+0) -0.642857143<x170>[B] (+1) -0.642857143<x171>[B] (+1) +0.642857143<x172>[B] (+0) +0.642857143<x173>[B] (+1) -0.642857143<x174>[B] (+1) -0.642857143<x175>[B] (+1) -0.642857143<x176>[B] (+1) -0.642857143<x177>[B] (+0) -0.642857143<x178>[B] (+1) -0.642857143<x179>[B] (+0) -0.642857143<x180>[B] (+0) -0.642857143<x181>[B] (+1) +0.642857143<x182>[B] (+0) -0.642857143<x183>[B] (+1) -0.642857143<x184>[B] (+0) -0.642857143<x185>[B] (+0) -0.642857143<x186>[B] (+1) -0.642857143<x187>[B] (+1) -0.642857143<x188>[B] (+1) -0.642857143<x189>[B] (+1) -0.642857143<x190>[B] (+1) +0.642857143<x191>[B] (+1) +0.642857143<x192>[B] (+1) -0.642857143<x193>[B] (+1) -0.642857143<x194>[B] (+1) -0.642857143<x195>[B] (+1) -0.642857143<x196>[B] (+0) +0.642857143<x197>[B] (+0) -0.642857143<x198>[B] (+0) +0.642857143<x199>[B] (+0) +0.642857143<x200>[B] (+1) -0.642857143<x201>[B] (+0) -0.642857143<x202>[B] (+0) -0.642857143<x203>[B] (+1) +0.642857143<x204>[B] (+1) -0.642857143<x205>[B] (+1) +0.642857143<x206>[B] (+0) +0.642857143<x207>[B] (+1) -0.642857143<x208>[B] (+1) -0.642857143<x209>[B] (+1) -0.642857143<x210>[B] (+1) -0.642857143<x211>[B] (+1) +0.642857143<x212>[B] (+0) +0.642857143<x213>[B] (+1) -0.642857143<x214>[B] (+1) -0.642857143<x215>[B] (+1) -0.642857143<x216>[B] (+1) +0.642857143<x217>[B] (+0) +0.642857143<x218>[B] (+1) +0.642857143<x219>[B] (+0) -0.642857143<x220>[B] (+0) +0.642857143<x221>[B] (+1) -0.642857143<x222>[B] (+1) -0.642857143<x223>[B] (+1) -0.642857143<x224>[B] (+1) -0.642857143<x225>[B] (+1) -0.642857143<x226>[B] (+0) -0.642857143<x227>[B] (+0) -0.642857143<x228>[B] (+1) -0.642857143<x229>[B] (+1) -0.642857143<x230>[B] (+1) +0.642857143<x231>[B] (+1) >= 18.482683982684;
;
violation: left hand side is violated by 0.0216450216451207
all 10 solutions given by solution candidate storage are infeasible

feasible solution found by trivial heuristic after 0.0 seconds, objective value -9.999692e+06
presolving:
   (0.0s) symmetry computation started: requiring (bin +, int +, cont +), (fixed: bin -, int -, cont -)
   (0.0s) no symmetry present (symcode time: 0.00)
presolving (0 rounds: 0 fast, 0 medium, 0 exhaustive):
 0 deleted vars, 0 deleted constraints, 0 added constraints, 0 tightened bounds, 0 added holes, 0 changed sides, 0 changed coefficients
 0 implications, 0 cliques, 0 implied integral variables (0 bin, 0 int, 0 cont)
presolved problem has 331 variables (231 bin, 0 int, 100 cont) and 3504 constraints
   3504 constraints of type <linear>
Presolving Time: 0.05
transformed 1/1 original solutions to the transformed problem space

 time | node  | left  |LP iter|LP it/n|mem/heur|mdpt |vars |cons |rows |cuts |sepa|confs|strbr|  dualbound   | primalbound  |  gap   | compl. 
p 0.1s|     1 |     0 |    75 |     - |   locks|   0 | 331 |3504 |3504 |   0 |  0 |   0 |   0 | 1.000000e+03 |-2.993567e+03 |    Inf | unknown
  0.3s|     1 |     0 |  1436 |     - |   153M |   0 | 331 |3504 |3504 |   0 |  0 |   0 |   0 |-2.417077e+03 |-2.993567e+03 |  23.85%| unknown
r 0.3s|     1 |     0 |  1436 |     - |shifting|   0 | 331 |3504 |3504 |   0 |  0 |   0 |   0 |-2.417077e+03 |-2.642982e+03 |   9.35%| unknown
  0.5s|     1 |     0 |  1508 |     - |   153M |   0 | 331 |3504 |3507 |   3 |  1 |   0 |   0 |-2.417380e+03 |-2.642982e+03 |   9.33%| unknown
  0.5s|     1 |     0 |  1508 |     - |   153M |   0 | 331 |3504 |3507 |   3 |  1 |   0 |   0 |-2.417380e+03 |-2.642982e+03 |   9.33%| unknown
  0.9s|     1 |     0 |  1545 |     - |   154M |   0 | 331 |3504 |3510 |   6 |  2 |   0 |   0 |-2.417421e+03 |-2.642982e+03 |   9.33%| unknown
  1.2s|     1 |     0 |  1593 |     - |   154M |   0 | 331 |3504 |3513 |   9 |  3 |   0 |   0 |-2.417499e+03 |-2.642982e+03 |   9.33%| unknown
  1.5s|     1 |     0 |  1624 |     - |   154M |   0 | 331 |3504 |3517 |  13 |  4 |   0 |   0 |-2.417597e+03 |-2.642982e+03 |   9.32%| unknown
  1.8s|     1 |     0 |  1746 |     - |   155M |   0 | 331 |3504 |3522 |  18 |  5 |   0 |   0 |-2.417784e+03 |-2.642982e+03 |   9.31%| unknown
  2.2s|     1 |     0 |  1767 |     - |   155M |   0 | 331 |3504 |3524 |  20 |  6 |   0 |   0 |-2.417805e+03 |-2.642982e+03 |   9.31%| unknown
  2.7s|     1 |     0 |  1851 |     - |   155M |   0 | 331 |3504 |3526 |  22 |  7 |   0 |   0 |-2.417893e+03 |-2.642982e+03 |   9.31%| unknown
  3.0s|     1 |     0 |  1865 |     - |   156M |   0 | 331 |3505 |3528 |  24 |  8 |   1 |   0 |-2.417895e+03 |-2.642982e+03 |   9.31%| unknown
  3.4s|     1 |     0 |  1933 |     - |   156M |   0 | 331 |3505 |3529 |  25 |  9 |   1 |   0 |-2.417937e+03 |-2.642982e+03 |   9.31%| unknown
  3.7s|     1 |     0 |  1949 |     - |   157M |   0 | 331 |3505 |3531 |  27 | 10 |   1 |   0 |-2.417938e+03 |-2.642982e+03 |   9.31%| unknown
  3.8s|     1 |     0 |  1980 |     - |   157M |   0 | 331 |3505 |3533 |  29 | 11 |   1 |   0 |-2.417949e+03 |-2.642982e+03 |   9.31%| unknown
 time | node  | left  |LP iter|LP it/n|mem/heur|mdpt |vars |cons |rows |cuts |sepa|confs|strbr|  dualbound   | primalbound  |  gap   | compl. 
r 3.9s|     1 |     0 |  2160 |     - |intshift|   0 | 331 |3505 |3533 |  29 | 11 |   1 |   0 |-2.417949e+03 |-2.473684e+03 |   2.31%| unknown
d 4.0s|     1 |     0 |  3249 |     - |farkasdi|   0 | 331 |3505 |3533 |   0 | 11 |   1 |   0 |-2.417949e+03 |-2.429294e+03 |   0.47%| unknown
L 5.0s|     1 |     0 |  3409 |     - |    rens|   0 | 331 |3509 |3533 |  29 | 11 |   6 |   0 |-2.417949e+03 |-2.425160e+03 |   0.30%| unknown
  5.0s|     1 |     0 |  3409 |     - |   157M |   0 | 331 |3509 |3533 |  29 | 11 |   6 |   0 |-2.417949e+03 |-2.425160e+03 |   0.30%| unknown
  5.0s|     1 |     0 |  3409 |     - |   157M |   0 | 331 |3509 |3313 |  29 | 11 |   6 |   0 |-2.417949e+03 |-2.425160e+03 |   0.30%| unknown
  5.1s|     1 |     0 |  3469 |     - |   157M |   0 | 331 |3509 |3316 |  32 | 12 |   6 |   0 |-2.417959e+03 |-2.425160e+03 |   0.30%| unknown
  5.1s|     1 |     0 |  3511 |     - |   157M |   0 | 331 |3509 |3320 |  36 | 13 |   6 |   0 |-2.417967e+03 |-2.425160e+03 |   0.30%| unknown
  6.7s|     1 |     2 |  3511 |     - |   157M |   0 | 331 |3304 |3320 |  36 | 13 |   6 |  23 |-2.419130e+03 |-2.425160e+03 |   0.25%| unknown
(run 1, node 1) restarting after 11 global fixings of integer variables

(restart) converted 36 cuts from the global cut pool into linear constraints

presolving:
presolving (0 rounds: 0 fast, 0 medium, 0 exhaustive):
 0 deleted vars, 0 deleted constraints, 0 added constraints, 0 tightened bounds, 0 added holes, 0 changed sides, 0 changed coefficients
 0 implications, 0 cliques, 0 implied integral variables (0 bin, 0 int, 0 cont)
presolved problem has 331 variables (231 bin, 0 int, 100 cont) and 3340 constraints
   3335 constraints of type <linear>
      5 constraints of type <logicor>
Presolving Time: 0.05
transformed 16/21 original solutions to the transformed problem space

 time | node  | left  |LP iter|LP it/n|mem/heur|mdpt |vars |cons |rows |cuts |sepa|confs|strbr|  dualbound   | primalbound  |  gap   | compl. 
  7.0s|     1 |     0 |  5388 |     - |   158M |   0 | 331 |3340 |3320 |   0 |  0 |   6 |  23 |-2.419130e+03 |-2.425160e+03 |   0.25%| unknown
  7.5s|     1 |     0 |  5461 |     - |   158M |   0 | 331 |3340 |3321 |   1 |  1 |   6 |  23 |-2.419130e+03 |-2.425160e+03 |   0.25%| unknown
  7.9s|     1 |     0 |  5541 |     - |   158M |   0 | 331 |3340 |3322 |   2 |  2 |   6 |  23 |-2.419130e+03 |-2.425160e+03 |   0.25%| unknown
  7.9s|     1 |     0 |  5541 |     - |   158M |   0 | 331 |3340 |3302 |   2 |  2 |   6 |  23 |-2.419130e+03 |-2.425160e+03 |   0.25%| unknown
  8.4s|     1 |     0 |  5599 |     - |   159M |   0 | 331 |3340 |3304 |   4 |  3 |   6 |  23 |-2.419130e+03 |-2.425160e+03 |   0.25%| unknown
  8.8s|     1 |     0 |  5649 |     - |   159M |   0 | 331 |3340 |3306 |   6 |  4 |   6 |  23 |-2.419130e+03 |-2.425160e+03 |   0.25%| unknown
  9.3s|     1 |     0 |  5676 |     - |   159M |   0 | 331 |3340 |3307 |   7 |  5 |   6 |  23 |-2.419130e+03 |-2.425160e+03 |   0.25%| unknown
  9.8s|     1 |     0 |  5715 |     - |   160M |   0 | 331 |3340 |3308 |   8 |  6 |   6 |  23 |-2.419130e+03 |-2.425160e+03 |   0.25%| unknown
 10.3s|     1 |     0 |  5763 |     - |   160M |   0 | 331 |3340 |3309 |   9 |  7 |   6 |  23 |-2.419130e+03 |-2.425160e+03 |   0.25%| unknown
 10.8s|     1 |     0 |  5784 |     - |   165M |   0 | 331 |3340 |3310 |  10 |  8 |   6 |  23 |-2.419130e+03 |-2.425160e+03 |   0.25%| unknown
 11.3s|     1 |     0 |  5799 |     - |   166M |   0 | 331 |3340 |3311 |  11 |  9 |   6 |  23 |-2.419130e+03 |-2.425160e+03 |   0.25%| unknown
 11.9s|     1 |     0 |  5818 |     - |   169M |   0 | 331 |3340 |3312 |  12 | 10 |   6 |  23 |-2.419130e+03 |-2.425160e+03 |   0.25%| unknown
 12.0s|     1 |     0 |  5847 |     - |   170M |   0 | 331 |3341 |3314 |  14 | 11 |   7 |  23 |-2.419130e+03 |-2.425160e+03 |   0.25%| unknown
 15.1s|     1 |     2 |  6706 |     - |   170M |   0 | 331 |3330 |3314 |  14 | 11 |  16 |  43 |-2.419215e+03 |-2.425160e+03 |   0.25%| unknown

SCIP Status        : problem is solved [optimal solution found]
Solving Time (sec) : 20.09
Solving Nodes      : 9 (total of 10 nodes in 2 runs)
Primal Bound       : -2.42516017316017e+03 (34 solutions)
Dual Bound         : -2.42516017316017e+03
Gap                : 0.00 %
