Loading instance...
Median ranking: [12, 11, 17, 6, 1, 19, 5, 18, 14, 10, 9, 7, 2, 22, 15, 21, 8, 20, 3, 13, 16, 4]
Mean ranking: [12, 11, 17, 6, 1, 19, 5, 18, 14, 9, 10, 7, 15, 21, 8, 2, 20, 3, 22, 13, 16, 4]
Actual error: 0.0007112682937829851
Weighted Kendall distance: 83.0
Normalized distance: 0.023433088650479956
ffs, 0 upgd conss, 0 impls, 0 clqs, 0 implints
   (0.0s) symmetry computation started: requiring (bin +, int +, cont +), (fixed: bin -, int -, cont -)
   (0.0s) no symmetry present (symcode time: 0.00)
presolving (2 rounds: 2 fast, 2 medium, 1 exhaustive):
 0 deleted vars, 3080 deleted constraints, 1540 added constraints, 0 tightened bounds, 0 added holes, 0 changed sides, 0 changed coefficients
 0 implications, 0 cliques, 0 implied integral variables (0 bin, 0 int, 0 cont)
presolved problem has 231 variables (0 bin, 0 int, 231 cont) and 1540 constraints
   1540 constraints of type <linear>
Presolving Time: 0.02
transformed 3/3 original solutions to the transformed problem space

 time | node  | left  |LP iter|LP it/n|mem/heur|mdpt |vars |cons |rows |cuts |sepa|confs|strbr|  dualbound   | primalbound  |  gap   | compl. 
* 0.0s|     1 |     0 |    46 |     - |    LP  |   0 | 231 |1540 |1540 |   0 |  0 |   0 |   0 | 6.800000e+02 | 6.800000e+02 |   0.00%| unknown
  0.0s|     1 |     0 |    46 |     - |  9815k |   0 | 231 |1540 |1540 |   0 |  0 |   0 |   0 | 6.800000e+02 | 6.800000e+02 |   0.00%| unknown

SCIP Status        : problem is solved [optimal solution found]
Solving Time (sec) : 0.02
Solving Nodes      : 1
Primal Bound       : +6.80000000000000e+02 (4 solutions)
Dual Bound         : +6.80000000000000e+02
Gap                : 0.00 %
feasible solution found by trivial heuristic after 0.0 seconds, objective value 5.400000e+01
presolving:
   (0.0s) running MILP presolver
   (0.0s) MILP presolver (2 rounds): 0 aggregations, 0 fixings, 0 bound changes
(round 1, medium)     0 del vars, 3080 del conss, 1540 add conss, 0 chg bounds, 0 chg sides, 0 chg coeffs, 0 upgd conss, 0 impls, 0 clqs, 0 implints
   (0.0s) probing: 51/231 (22.1%) - 0 fixings, 0 aggregations, 0 implications, 0 bound changes
   (0.0s) probing aborted: 50/50 successive totally useless probings
   (0.0s) symmetry computation started: requiring (bin +, int +, cont +), (fixed: bin -, int -, cont -)
   (0.0s) no symmetry present (symcode time: 0.00)
presolving (2 rounds: 2 fast, 2 medium, 1 exhaustive):
 0 deleted vars, 3080 deleted constraints, 1540 added constraints, 0 tightened bounds, 0 added holes, 0 changed sides, 0 changed coefficients
 0 implications, 0 cliques, 0 implied integral variables (0 bin, 0 int, 0 cont)
presolved problem has 231 variables (231 bin, 0 int, 0 cont) and 1540 constraints
   1540 constraints of type <linear>
transformed objective value is always integral (scale: 2)
Presolving Time: 0.02
transformed 2/2 original solutions to the transformed problem space

 time | node  | left  |LP iter|LP it/n|mem/heur|mdpt |vars |cons |rows |cuts |sepa|confs|strbr|  dualbound   | primalbound  |  gap   | compl. 
p 0.0s|     1 |     0 |     0 |     - |   locks|   0 | 231 |1540 |1540 |   0 |  0 |   0 |   0 | 7.160000e+02 | 4.000000e+02 |  79.00%| unknown
i 0.0s|     1 |     0 |     0 |     - |  oneopt|   0 | 231 |1540 |1540 |   0 |  0 |   0 |   0 | 7.160000e+02 | 5.580000e+02 |  28.32%| unknown
* 0.0s|     1 |     0 |    44 |     - |    LP  |   0 | 231 |1540 |1540 |   0 |  0 |   0 |   0 | 6.800000e+02 | 6.800000e+02 |   0.00%| unknown
  0.0s|     1 |     0 |    44 |     - |  9988k |   0 | 231 |1540 |1540 |   0 |  0 |   0 |   0 | 6.800000e+02 | 6.800000e+02 |   0.00%| unknown

SCIP Status        : problem is solved [optimal solution found]
Solving Time (sec) : 0.02
Solving Nodes      : 1
Primal Bound       : +6.80000000000000e+02 (5 solutions)
Dual Bound         : +6.80000000000000e+02
Gap                : 0.00 %
feasible solution found by trivial heuristic after 0.3 seconds, objective value -4.999946e+06
presolving:
(round 1, fast)       0 del vars, 0 del conss, 0 add conss, 100 chg bounds, 0 chg sides, 0 chg coeffs, 0 upgd conss, 0 impls, 0 clqs, 0 implints
   (2.4s) running MILP presolver
   (2.7s) MILP presolver (2 rounds): 0 aggregations, 0 fixings, 0 bound changes
(round 2, exhaustive) 0 del vars, 1540 del conss, 0 add conss, 100 chg bounds, 0 chg sides, 0 chg coeffs, 0 upgd conss, 0 impls, 0 clqs, 0 implints
   (5.4s) symmetry computation started: requiring (bin +, int +, cont +), (fixed: bin -, int -, cont -)
   (6.1s) no symmetry present (symcode time: 0.04)
presolving (3 rounds: 3 fast, 2 medium, 2 exhaustive):
 0 deleted vars, 1540 deleted constraints, 0 added constraints, 100 tightened bounds, 0 added holes, 0 changed sides, 0 changed coefficients
 0 implications, 0 cliques, 0 implied integral variables (0 bin, 0 int, 0 cont)
presolved problem has 281 variables (0 bin, 0 int, 281 cont) and 13090 constraints
  13090 constraints of type <linear>
Presolving Time: 5.95

 time | node  | left  |LP iter|LP it/n|mem/heur|mdpt |vars |cons |rows |cuts |sepa|confs|strbr|  dualbound   | primalbound  |  gap   | compl. 
t 6.2s|     1 |     0 |     0 |     - | trivial|   0 | 281 |  13k|   0 |   0 |  0 |   0 |   0 | 7.160000e+02 |-5.721000e+03 |    Inf | unknown
* 7.8s|     1 |     0 |  1147 |     - |    LP  |   0 | 281 |  13k|  13k|   0 |  0 |   0 |   0 |-1.139566e+03 |-1.139566e+03 |   0.00%| unknown
  7.8s|     1 |     0 |  1147 |     - |  1242M |   0 | 281 |  13k|  13k|   0 |  0 |   0 |   0 |-1.139566e+03 |-1.139566e+03 |   0.00%| unknown

SCIP Status        : problem is solved [optimal solution found]
Solving Time (sec) : 7.84
Solving Nodes      : 1
Primal Bound       : -1.13956631839339e+03 (3 solutions)
Dual Bound         : -1.13956631839339e+03
Gap                : 0.00 %
feasible solution found by trivial heuristic after 0.2 seconds, objective value -4.999946e+06
presolving:
(round 1, fast)       0 del vars, 0 del conss, 0 add conss, 100 chg bounds, 0 chg sides, 0 chg coeffs, 0 upgd conss, 0 impls, 0 clqs, 0 implints
   (1.6s) running MILP presolver
   (2.2s) MILP presolver (2 rounds): 0 aggregations, 0 fixings, 0 bound changes
(round 2, exhaustive) 0 del vars, 1540 del conss, 0 add conss, 100 chg bounds, 0 chg sides, 0 chg coeffs, 0 upgd conss, 0 impls, 0 clqs, 0 implints
   (5.4s) probing: 51/231 (22.1%) - 0 fixings, 0 aggregations, 0 implications, 0 bound changes
   (5.4s) probing aborted: 50/50 successive totally useless probings
   (5.6s) symmetry computation started: requiring (bin +, int +, cont +), (fixed: bin -, int -, cont -)
   (6.1s) no symmetry present (symcode time: 0.03)
presolving (3 rounds: 3 fast, 2 medium, 2 exhaustive):
 0 deleted vars, 1540 deleted constraints, 0 added constraints, 100 tightened bounds, 0 added holes, 0 changed sides, 0 changed coefficients
 0 implications, 0 cliques, 0 implied integral variables (0 bin, 0 int, 0 cont)
presolved problem has 281 variables (231 bin, 0 int, 50 cont) and 13090 constraints
  13090 constraints of type <linear>
Presolving Time: 6.12

 time | node  | left  |LP iter|LP it/n|mem/heur|mdpt |vars |cons |rows |cuts |sepa|confs|strbr|  dualbound   | primalbound  |  gap   | compl. 
t 6.3s|     1 |     0 |     0 |     - | trivial|   0 | 281 |  13k|   0 |   0 |  0 |   0 |   0 | 7.160000e+02 |-5.721000e+03 |    Inf | unknown
p 7.6s|     1 |     0 |    50 |     - |   locks|   0 | 281 |  13k|  13k|   0 |  0 |   0 |   0 | 7.160000e+02 |-1.745472e+03 |    Inf | unknown
  9.0s|     1 |     0 |  1197 |     - |  1244M |   0 | 281 |  13k|  13k|   0 |  0 |   0 |   0 |-1.139566e+03 |-1.745472e+03 |  53.17%| unknown
r 9.5s|     1 |     0 |  1197 |     - |shifting|   0 | 281 |  13k|  13k|   0 |  0 |   0 |   0 |-1.139566e+03 |-1.268705e+03 |  11.33%| unknown
  9.8s|     1 |     0 |  1213 |     - |  1246M |   0 | 281 |  13k|  13k|   1 |  1 |   0 |   0 |-1.139572e+03 |-1.268705e+03 |  11.33%| unknown
r10.4s|     1 |     0 |  1213 |     - |shifting|   0 | 281 |  13k|  13k|   1 |  1 |   0 |   0 |-1.139572e+03 |-1.223766e+03 |   7.39%| unknown
 10.7s|     1 |     0 |  1242 |     - |  1248M |   0 | 281 |  13k|  13k|   3 |  2 |   0 |   0 |-1.139579e+03 |-1.223766e+03 |   7.39%| unknown
 11.4s|     1 |     0 |  1293 |     - |  1249M |   0 | 281 |  13k|  13k|   6 |  3 |   0 |   0 |-1.139591e+03 |-1.223766e+03 |   7.39%| unknown
 12.3s|     1 |     0 |  1317 |     - |  1250M |   0 | 281 |  13k|  13k|   8 |  4 |   0 |   0 |-1.139597e+03 |-1.223766e+03 |   7.39%| unknown
 13.0s|     1 |     0 |  1347 |     - |  1252M |   0 | 281 |  13k|  13k|  10 |  5 |   0 |   0 |-1.139600e+03 |-1.223766e+03 |   7.39%| unknown
 13.7s|     1 |     0 |  1382 |     - |  1253M |   0 | 281 |  13k|  13k|  13 |  6 |   0 |   0 |-1.139609e+03 |-1.223766e+03 |   7.38%| unknown
 14.5s|     1 |     0 |  1408 |     - |  1255M |   0 | 281 |  13k|  13k|  16 |  7 |   0 |   0 |-1.139616e+03 |-1.223766e+03 |   7.38%| unknown
 15.0s|     1 |     0 |  1449 |     - |  1256M |   0 | 281 |  13k|  13k|  19 |  8 |   1 |   0 |-1.139621e+03 |-1.223766e+03 |   7.38%| unknown
 15.7s|     1 |     0 |  1476 |     - |  1257M |   0 | 281 |  13k|  13k|  22 |  9 |   2 |   0 |-1.139627e+03 |-1.223766e+03 |   7.38%| unknown
 16.5s|     1 |     0 |  1509 |     - |  1259M |   0 | 281 |  13k|  13k|  24 | 10 |   2 |   0 |-1.139635e+03 |-1.223766e+03 |   7.38%| unknown
 time | node  | left  |LP iter|LP it/n|mem/heur|mdpt |vars |cons |rows |cuts |sepa|confs|strbr|  dualbound   | primalbound  |  gap   | compl. 
 17.1s|     1 |     0 |  1540 |     - |  1260M |   0 | 281 |  13k|  13k|  26 | 11 |   2 |   0 |-1.139638e+03 |-1.223766e+03 |   7.38%| unknown
r17.6s|     1 |     0 |  1540 |     - |shifting|   0 | 281 |  13k|  13k|  26 | 11 |   3 |   0 |-1.139638e+03 |-1.220146e+03 |   7.06%| unknown
r17.7s|     1 |     0 |  1658 |     - |intshift|   0 | 281 |  13k|  13k|  26 | 11 |   3 |   0 |-1.139638e+03 |-1.160069e+03 |   1.79%| unknown
d19.1s|     1 |     0 |  2731 |     - |farkasdi|   0 | 281 |  13k|  13k|   0 | 11 |   3 |   0 |-1.139638e+03 |-1.144675e+03 |   0.44%| unknown
d20.2s|     1 |     0 |  3561 |     - |conflict|   0 | 281 |  13k|  13k|   0 | 11 |   3 |   0 |-1.139638e+03 |-1.144234e+03 |   0.40%| unknown
L23.3s|     1 |     0 |  3561 |     - |    rens|   0 | 281 |  13k|  13k|  26 | 11 |   3 |   0 |-1.139638e+03 |-1.140658e+03 |   0.09%| unknown
 24.0s|     1 |     0 |  3561 |     - |  1261M |   0 | 281 |  13k|  13k|  26 | 11 |   3 |   0 |-1.139638e+03 |-1.140658e+03 |   0.09%| unknown
 24.6s|     1 |     0 |  3561 |     - |  1261M |   0 | 281 |  13k|  12k|  26 | 11 |   3 |   0 |-1.139638e+03 |-1.140658e+03 |   0.09%| unknown
 24.8s|     1 |     0 |  3595 |     - |  1263M |   0 | 281 |  13k|  12k|  28 | 12 |   3 |   0 |-1.139642e+03 |-1.140658e+03 |   0.09%| unknown
 25.4s|     1 |     0 |  3629 |     - |  1263M |   0 | 281 |  13k|  12k|  30 | 13 |   3 |   0 |-1.139643e+03 |-1.140658e+03 |   0.09%| unknown
 26.0s|     1 |     0 |  3629 |     - |  1263M |   0 | 281 |  10k|  12k|  30 | 13 |   3 |   0 |-1.139643e+03 |-1.140658e+03 |   0.09%| unknown
 26.1s|     1 |     0 |  3649 |     - |  1264M |   0 | 281 |  10k|  12k|  32 | 14 |   3 |   0 |-1.139646e+03 |-1.140658e+03 |   0.09%| unknown
 26.5s|     1 |     0 |  3678 |     - |  1264M |   0 | 281 |  10k|  12k|  35 | 15 |   3 |   0 |-1.139652e+03 |-1.140658e+03 |   0.09%| unknown
(run 1, node 1) restarting after 146 global fixings of integer variables

(restart) converted 33 cuts from the global cut pool into linear constraints

presolving:
(round 1, fast)       146 del vars, 0 del conss, 0 add conss, 0 chg bounds, 592 chg sides, 680 chg coeffs, 0 upgd conss, 0 impls, 249 clqs, 0 implints
(round 2, fast)       146 del vars, 0 del conss, 0 add conss, 50 chg bounds, 592 chg sides, 680 chg coeffs, 0 upgd conss, 0 impls, 249 clqs, 0 implints
   (27.6s) running MILP presolver
   (28.0s) MILP presolver (3 rounds): 0 aggregations, 0 fixings, 50 bound changes
(round 3, medium)     146 del vars, 0 del conss, 0 add conss, 100 chg bounds, 592 chg sides, 680 chg coeffs, 0 upgd conss, 0 impls, 249 clqs, 0 implints
(round 4, fast)       146 del vars, 35 del conss, 0 add conss, 100 chg bounds, 906 chg sides, 1360 chg coeffs, 0 upgd conss, 0 impls, 249 clqs, 0 implints
(round 5, exhaustive) 146 del vars, 35 del conss, 0 add conss, 100 chg bounds, 906 chg sides, 1360 chg coeffs, 249 upgd conss, 0 impls, 249 clqs, 0 implints
presolving (6 rounds: 6 fast, 3 medium, 2 exhaustive):
 146 deleted vars, 35 deleted constraints, 0 added constraints, 100 tightened bounds, 0 added holes, 906 changed sides, 1360 changed coefficients
 0 implications, 249 cliques, 0 implied integral variables (0 bin, 0 int, 0 cont)
presolved problem has 135 variables (85 bin, 0 int, 50 cont) and 10816 constraints
    249 constraints of type <setppc>
  10565 constraints of type <linear>
      2 constraints of type <logicor>
Presolving Time: 7.87
transformed 18/24 original solutions to the transformed problem space

 time | node  | left  |LP iter|LP it/n|mem/heur|mdpt |vars |cons |rows |cuts |sepa|confs|strbr|  dualbound   | primalbound  |  gap   | compl. 
 31.3s|     1 |     0 |  4545 |     - |  1289M |   0 | 135 |  10k|  10k|   0 |  0 |   5 |   0 |-1.139652e+03 |-1.140658e+03 |   0.09%| unknown
 31.6s|     1 |     0 |  4545 |     - |  1289M |   0 | 135 |  10k|  10k|   0 |  0 |   5 |   0 |-1.139652e+03 |-1.140658e+03 |   0.09%| unknown
 31.7s|     1 |     0 |  4562 |     - |  1290M |   0 | 135 |  10k|  10k|   1 |  1 |   5 |   0 |-1.139653e+03 |-1.140658e+03 |   0.09%| unknown
 32.2s|     1 |     0 |  4585 |     - |  1291M |   0 | 135 |  10k|  10k|   2 |  2 |   5 |   0 |-1.139654e+03 |-1.140658e+03 |   0.09%| unknown
 32.6s|     1 |     0 |  4605 |     - |  1292M |   0 | 135 |  10k|  10k|   4 |  3 |   6 |   0 |-1.139655e+03 |-1.140658e+03 |   0.09%| unknown
 33.0s|     1 |     0 |  4658 |     - |  1293M |   0 | 135 |  10k|  10k|   6 |  4 |   6 |   0 |-1.139660e+03 |-1.140658e+03 |   0.09%| unknown
 33.5s|     1 |     0 |  4691 |     - |  1294M |   0 | 135 |  10k|  10k|   8 |  5 |   6 |   0 |-1.139662e+03 |-1.140658e+03 |   0.09%| unknown
 34.0s|     1 |     0 |  4731 |     - |  1295M |   0 | 135 |  10k|  10k|  11 |  6 |   6 |   0 |-1.139669e+03 |-1.140658e+03 |   0.09%| unknown
 34.4s|     1 |     0 |  4780 |     - |  1296M |   0 | 135 |  10k|  10k|  13 |  7 |   6 |   0 |-1.139677e+03 |-1.140658e+03 |   0.09%| unknown
 34.9s|     1 |     0 |  4803 |     - |  1298M |   0 | 135 |  10k|  10k|  15 |  8 |   6 |   0 |-1.139681e+03 |-1.140658e+03 |   0.09%| unknown
 35.4s|     1 |     0 |  4873 |     - |  1299M |   0 | 135 |  10k|  10k|  17 |  9 |   6 |   0 |-1.139698e+03 |-1.140658e+03 |   0.08%| unknown
 35.9s|     1 |     0 |  4893 |     - |  1300M |   0 | 135 |  10k|  10k|  19 | 10 |   6 |   0 |-1.139701e+03 |-1.140658e+03 |   0.08%| unknown
 36.3s|     1 |     0 |  4899 |     - |  1301M |   0 | 135 |  10k|  10k|  20 | 11 |   6 |   0 |-1.139704e+03 |-1.140658e+03 |   0.08%| unknown
 36.6s|     1 |     0 |  4899 |     - |  1301M |   0 | 135 |  10k|  10k|  20 | 11 |   6 |   0 |-1.139704e+03 |-1.140658e+03 |   0.08%| unknown
 36.7s|     1 |     0 |  4914 |     - |  1302M |   0 | 135 |  10k|  10k|  22 | 12 |   6 |   0 |-1.139705e+03 |-1.140658e+03 |   0.08%| unknown
 time | node  | left  |LP iter|LP it/n|mem/heur|mdpt |vars |cons |rows |cuts |sepa|confs|strbr|  dualbound   | primalbound  |  gap   | compl. 
 39.5s|     1 |     0 |  6338 |     - |  1303M |   0 | 135 |  10k|  10k|  22 | 13 |  35 |   4 |-1.140347e+03 |-1.140658e+03 |   0.03%| unknown
(run 2, node 1) restarting after 10 global fixings of integer variables

(restart) converted 22 cuts from the global cut pool into linear constraints

presolving:
(round 1, fast)       10 del vars, 156 del conss, 0 add conss, 2 chg bounds, 346 chg sides, 622 chg coeffs, 0 upgd conss, 0 impls, 226 clqs, 0 implints
(round 2, exhaustive) 10 del vars, 157 del conss, 0 add conss, 43 chg bounds, 346 chg sides, 622 chg coeffs, 0 upgd conss, 0 impls, 226 clqs, 0 implints
(round 3, exhaustive) 10 del vars, 157 del conss, 0 add conss, 43 chg bounds, 346 chg sides, 622 chg coeffs, 34 upgd conss, 0 impls, 226 clqs, 0 implints
presolving (4 rounds: 4 fast, 3 medium, 3 exhaustive):
 10 deleted vars, 158 deleted constraints, 0 added constraints, 43 tightened bounds, 0 added holes, 346 changed sides, 623 changed coefficients
 0 implications, 226 cliques, 0 implied integral variables (0 bin, 0 int, 0 cont)
presolved problem has 125 variables (75 bin, 0 int, 50 cont) and 10632 constraints
    221 constraints of type <setppc>
  10400 constraints of type <linear>
     11 constraints of type <logicor>
Presolving Time: 9.16
transformed 7/37 original solutions to the transformed problem space

 time | node  | left  |LP iter|LP it/n|mem/heur|mdpt |vars |cons |rows |cuts |sepa|confs|strbr|  dualbound   | primalbound  |  gap   | compl. 
 41.3s|     1 |     0 |  7004 |     - |  1379M |   0 | 125 |  10k|  10k|   0 |  0 |  35 |   4 |-1.140347e+03 |-1.140658e+03 |   0.03%| unknown
 41.5s|     1 |     0 |  7004 |     - |  1379M |   0 | 125 |  10k|  10k|   0 |  0 |  35 |   4 |-1.140347e+03 |-1.140658e+03 |   0.03%| unknown
 41.6s|     1 |     0 |  7024 |     - |  1380M |   0 | 125 |  10k|  10k|   1 |  1 |  35 |   4 |-1.140356e+03 |-1.140658e+03 |   0.03%| unknown
 41.9s|     1 |     0 |  7032 |     - |  1381M |   0 | 125 |  10k|  10k|   3 |  2 |  35 |   4 |-1.140358e+03 |-1.140658e+03 |   0.03%| unknown
 42.1s|     1 |     0 |  7032 |     - |  1381M |   0 | 125 |  10k|  10k|   3 |  2 |  35 |   4 |-1.140358e+03 |-1.140658e+03 |   0.03%| unknown
 42.1s|     1 |     0 |  7052 |     - |  1382M |   0 | 125 |  10k|  10k|   5 |  3 |  35 |   4 |-1.140363e+03 |-1.140658e+03 |   0.03%| unknown
 42.3s|     1 |     0 |  7065 |     - |  1383M |   0 | 125 |  10k|  10k|   8 |  4 |  36 |   4 |-1.140368e+03 |-1.140658e+03 |   0.03%| unknown
 42.5s|     1 |     0 |  7077 |     - |  1384M |   0 | 125 |  10k|  10k|  10 |  5 |  36 |   4 |-1.140376e+03 |-1.140658e+03 |   0.02%| unknown
 42.7s|     1 |     0 |  7086 |     - |  1385M |   0 | 125 |  10k|  10k|  11 |  6 |  38 |   4 |-1.140382e+03 |-1.140658e+03 |   0.02%| unknown
 42.9s|     1 |     0 |  7106 |     - |  1386M |   0 | 125 |  10k|  10k|  14 |  7 |  38 |   4 |-1.140388e+03 |-1.140658e+03 |   0.02%| unknown
 43.2s|     1 |     0 |  7125 |     - |  1387M |   0 | 125 |  10k|  10k|  16 |  8 |  38 |   4 |-1.140397e+03 |-1.140658e+03 |   0.02%| unknown
 43.4s|     1 |     0 |  7141 |     - |  1389M |   0 | 125 |  10k|  10k|  19 |  9 |  39 |   4 |-1.140399e+03 |-1.140658e+03 |   0.02%| unknown
 43.6s|     1 |     0 |  7149 |     - |  1390M |   0 | 125 |  10k|  10k|  21 | 10 |  39 |   4 |-1.140401e+03 |-1.140658e+03 |   0.02%| unknown
 43.8s|     1 |     0 |  7164 |     - |  1391M |   0 | 125 |  10k|  10k|  24 | 11 |  39 |   4 |-1.140406e+03 |-1.140658e+03 |   0.02%| unknown
 44.1s|     1 |     0 |  7164 |     - |  1391M |   0 | 125 |9841 |  10k|  24 | 12 |  39 |   4 |-1.140406e+03 |-1.140658e+03 |   0.02%| unknown
(run 3, node 1) restarting after 24 global fixings of integer variables

(restart) converted 24 cuts from the global cut pool into linear constraints

presolving:
(round 1, fast)       24 del vars, 1 del conss, 0 add conss, 0 chg bounds, 631 chg sides, 1181 chg coeffs, 0 upgd conss, 0 impls, 117 clqs, 0 implints
(round 2, fast)       24 del vars, 1 del conss, 0 add conss, 50 chg bounds, 631 chg sides, 1181 chg coeffs, 0 upgd conss, 0 impls, 117 clqs, 0 implints
   (45.3s) running MILP presolver
   (45.5s) MILP presolver (4 rounds): 0 aggregations, 0 fixings, 50 bound changes
(round 3, medium)     24 del vars, 1 del conss, 0 add conss, 100 chg bounds, 631 chg sides, 1181 chg coeffs, 0 upgd conss, 0 impls, 117 clqs, 0 implints
(round 4, fast)       24 del vars, 56 del conss, 0 add conss, 100 chg bounds, 1457 chg sides, 2813 chg coeffs, 0 upgd conss, 0 impls, 117 clqs, 0 implints
(round 5, exhaustive) 24 del vars, 65 del conss, 0 add conss, 100 chg bounds, 1457 chg sides, 2813 chg coeffs, 0 upgd conss, 0 impls, 117 clqs, 0 implints
(round 6, exhaustive) 24 del vars, 65 del conss, 0 add conss, 100 chg bounds, 1457 chg sides, 2813 chg coeffs, 35 upgd conss, 0 impls, 117 clqs, 0 implints
presolving (7 rounds: 7 fast, 4 medium, 3 exhaustive):
 24 deleted vars, 65 deleted constraints, 0 added constraints, 100 tightened bounds, 0 added holes, 1457 changed sides, 2814 changed coefficients
 0 implications, 117 cliques, 0 implied integral variables (0 bin, 0 int, 0 cont)
presolved problem has 101 variables (51 bin, 0 int, 50 cont) and 9802 constraints
    117 constraints of type <setppc>
   9673 constraints of type <linear>
     12 constraints of type <logicor>
Presolving Time: 10.27
transformed 15/50 original solutions to the transformed problem space

 time | node  | left  |LP iter|LP it/n|mem/heur|mdpt |vars |cons |rows |cuts |sepa|confs|strbr|  dualbound   | primalbound  |  gap   | compl. 
 46.5s|     1 |     0 |  7858 |     - |  1432M |   0 | 101 |9802 |9776 |   0 |  0 |  41 |   4 |-1.140406e+03 |-1.140658e+03 |   0.02%| unknown
 46.6s|     1 |     0 |  7858 |     - |  1432M |   0 | 101 |9802 |9728 |   0 |  0 |  41 |   4 |-1.140406e+03 |-1.140658e+03 |   0.02%| unknown
 46.7s|     1 |     0 |  7879 |     - |  1433M |   0 | 101 |9793 |9729 |   1 |  1 |  41 |   4 |-1.140410e+03 |-1.140658e+03 |   0.02%| unknown
 46.9s|     1 |     0 |  7905 |     - |  1434M |   0 | 101 |9793 |9731 |   3 |  2 |  41 |   4 |-1.140416e+03 |-1.140658e+03 |   0.02%| unknown
 47.1s|     1 |     0 |  7924 |     - |  1435M |   0 | 101 |9793 |9733 |   5 |  3 |  41 |   4 |-1.140419e+03 |-1.140658e+03 |   0.02%| unknown
 47.3s|     1 |     0 |  7931 |     - |  1436M |   0 | 101 |9793 |9734 |   6 |  4 |  41 |   4 |-1.140420e+03 |-1.140658e+03 |   0.02%| unknown
 47.5s|     1 |     0 |  7968 |     - |  1437M |   0 | 101 |9793 |9737 |   9 |  5 |  41 |   4 |-1.140425e+03 |-1.140658e+03 |   0.02%| unknown
 47.8s|     1 |     0 |  7987 |     - |  1438M |   0 | 101 |9793 |9739 |  11 |  6 |  41 |   4 |-1.140428e+03 |-1.140658e+03 |   0.02%| unknown
 48.0s|     1 |     0 |  8017 |     - |  1439M |   0 | 101 |9794 |9741 |  13 |  7 |  42 |   4 |-1.140430e+03 |-1.140658e+03 |   0.02%| unknown
 48.2s|     1 |     0 |  8042 |     - |  1440M |   0 | 101 |9794 |9744 |  16 |  8 |  42 |   4 |-1.140431e+03 |-1.140658e+03 |   0.02%| unknown
 48.4s|     1 |     0 |  8058 |     - |  1441M |   0 | 101 |9794 |9746 |  18 |  9 |  42 |   4 |-1.140432e+03 |-1.140658e+03 |   0.02%| unknown
 48.7s|     1 |     0 |  8070 |     - |  1442M |   0 | 101 |9794 |9748 |  20 | 10 |  42 |   4 |-1.140433e+03 |-1.140658e+03 |   0.02%| unknown
 48.9s|     1 |     0 |  8091 |     - |  1443M |   0 | 101 |9794 |9750 |  22 | 11 |  42 |   4 |-1.140435e+03 |-1.140658e+03 |   0.02%| unknown
 49.0s|     1 |     0 |  8091 |     - |  1443M |   0 | 101 |9732 |9750 |  22 | 11 |  44 |   4 |-1.140435e+03 |-1.140658e+03 |   0.02%| unknown
 49.1s|     1 |     0 |  8111 |     - |  1444M |   0 | 101 |9732 |9751 |  23 | 12 |  44 |   4 |-1.140436e+03 |-1.140658e+03 |   0.02%| unknown
(run 4, node 1) restarting after 8 global fixings of integer variables

(restart) converted 22 cuts from the global cut pool into linear constraints

presolving:
(round 1, fast)       10 del vars, 189 del conss, 0 add conss, 62 chg bounds, 918 chg sides, 1789 chg coeffs, 0 upgd conss, 0 impls, 95 clqs, 0 implints
(round 2, fast)       10 del vars, 337 del conss, 0 add conss, 63 chg bounds, 1292 chg sides, 2486 chg coeffs, 0 upgd conss, 0 impls, 97 clqs, 0 implints
(round 3, exhaustive) 10 del vars, 363 del conss, 0 add conss, 110 chg bounds, 1292 chg sides, 2486 chg coeffs, 0 upgd conss, 0 impls, 97 clqs, 0 implints
(round 4, fast)       10 del vars, 363 del conss, 0 add conss, 111 chg bounds, 1292 chg sides, 2486 chg coeffs, 0 upgd conss, 0 impls, 97 clqs, 0 implints
(round 5, fast)       10 del vars, 366 del conss, 0 add conss, 111 chg bounds, 1313 chg sides, 2527 chg coeffs, 0 upgd conss, 0 impls, 97 clqs, 0 implints
presolving (6 rounds: 6 fast, 2 medium, 2 exhaustive):
 10 deleted vars, 366 deleted constraints, 0 added constraints, 111 tightened bounds, 0 added holes, 1313 changed sides, 2527 changed coefficients
 0 implications, 97 cliques, 0 implied integral variables (0 bin, 0 int, 0 cont)
presolved problem has 91 variables (41 bin, 0 int, 50 cont) and 9391 constraints
     97 constraints of type <setppc>
   9281 constraints of type <linear>
     13 constraints of type <logicor>
Presolving Time: 10.77
transformed 3/64 original solutions to the transformed problem space

 time | node  | left  |LP iter|LP it/n|mem/heur|mdpt |vars |cons |rows |cuts |sepa|confs|strbr|  dualbound   | primalbound  |  gap   | compl. 
 50.7s|     1 |     0 |  8767 |     - |  1478M |   0 |  91 |9391 |9363 |   0 |  0 |  48 |   4 |-1.140474e+03 |-1.140658e+03 |   0.02%| unknown
 50.8s|     1 |     0 |  8767 |     - |  1478M |   0 |  91 |9391 |9134 |   0 |  0 |  48 |   4 |-1.140474e+03 |-1.140658e+03 |   0.02%| unknown
 50.9s|     1 |     0 |  8793 |     - |  1479M |   0 |  91 |9365 |8847 |   2 |  1 |  48 |   4 |-1.140477e+03 |-1.140658e+03 |   0.02%| unknown
 51.0s|     1 |     0 |  8798 |     - |  1480M |   0 |  91 |9335 |8848 |   3 |  2 |  48 |   4 |-1.140483e+03 |-1.140658e+03 |   0.02%| unknown
 51.1s|     1 |     0 |  8805 |     - |  1481M |   0 |  91 |9335 |8850 |   5 |  3 |  48 |   4 |-1.140495e+03 |-1.140658e+03 |   0.01%| unknown
 51.2s|     1 |     0 |  8805 |     - |  1481M |   0 |  91 |9335 |8763 |   5 |  3 |  48 |   4 |-1.140495e+03 |-1.140658e+03 |   0.01%| unknown
 51.2s|     1 |     0 |  8812 |     - |  1482M |   0 |  91 |9328 |8719 |   6 |  4 |  48 |   4 |-1.140503e+03 |-1.140658e+03 |   0.01%| unknown
 51.3s|     1 |     0 |  8817 |     - |  1483M |   0 |  91 |9324 |8720 |   7 |  5 |  48 |   4 |-1.140508e+03 |-1.140658e+03 |   0.01%| unknown
 51.4s|     1 |     0 |  8820 |     - |  1484M |   0 |  91 |9324 |8721 |   8 |  6 |  48 |   4 |-1.140511e+03 |-1.140658e+03 |   0.01%| unknown
 51.5s|     1 |     0 |  8823 |     - |  1484M |   0 |  91 |9324 |8722 |   9 |  7 |  48 |   4 |-1.140518e+03 |-1.140658e+03 |   0.01%| unknown
 51.6s|     1 |     0 |  8826 |     - |  1485M |   0 |  91 |9324 |8723 |  10 |  8 |  48 |   4 |-1.140524e+03 |-1.140658e+03 |   0.01%| unknown
 51.7s|     1 |     0 |  8830 |     - |  1486M |   0 |  91 |9325 |8724 |  11 |  9 |  49 |   4 |-1.140525e+03 |-1.140658e+03 |   0.01%| unknown
 51.8s|     1 |     0 |  8837 |     - |  1487M |   0 |  91 |9325 |8725 |  12 | 10 |  49 |   4 |-1.140529e+03 |-1.140658e+03 |   0.01%| unknown
 51.9s|     1 |     0 |  8837 |     - |  1483M |   0 |  91 |7803 |8725 |  12 | 11 |  50 |   4 |-1.140529e+03 |-1.140658e+03 |   0.01%| unknown
(run 5, node 1) restarting after 18 global fixings of integer variables

(restart) converted 11 cuts from the global cut pool into linear constraints

presolving:
(round 1, fast)       18 del vars, 0 del conss, 0 add conss, 0 chg bounds, 1605 chg sides, 3229 chg coeffs, 0 upgd conss, 0 impls, 46 clqs, 0 implints
(round 2, fast)       18 del vars, 0 del conss, 0 add conss, 50 chg bounds, 1605 chg sides, 3229 chg coeffs, 0 upgd conss, 0 impls, 46 clqs, 0 implints
(round 3, fast)       18 del vars, 32 del conss, 0 add conss, 66 chg bounds, 1955 chg sides, 3942 chg coeffs, 0 upgd conss, 0 impls, 46 clqs, 0 implints
(round 4, fast)       18 del vars, 55 del conss, 0 add conss, 66 chg bounds, 2085 chg sides, 4195 chg coeffs, 0 upgd conss, 0 impls, 46 clqs, 0 implints
   (52.4s) running MILP presolver
   (52.5s) MILP presolver (4 rounds): 0 aggregations, 0 fixings, 49 bound changes
(round 5, medium)     18 del vars, 55 del conss, 0 add conss, 115 chg bounds, 2085 chg sides, 4195 chg coeffs, 0 upgd conss, 0 impls, 46 clqs, 0 implints
(round 6, fast)       18 del vars, 121 del conss, 0 add conss, 115 chg bounds, 3696 chg sides, 7392 chg coeffs, 0 upgd conss, 0 impls, 46 clqs, 0 implints
(round 7, exhaustive) 18 del vars, 222 del conss, 0 add conss, 115 chg bounds, 3696 chg sides, 7392 chg coeffs, 0 upgd conss, 0 impls, 46 clqs, 0 implints
(round 8, exhaustive) 18 del vars, 222 del conss, 0 add conss, 115 chg bounds, 3696 chg sides, 7392 chg coeffs, 15 upgd conss, 0 impls, 46 clqs, 0 implints
presolving (9 rounds: 9 fast, 4 medium, 3 exhaustive):
 18 deleted vars, 224 deleted constraints, 0 added constraints, 115 tightened bounds, 0 added holes, 3696 changed sides, 7396 changed coefficients
 0 implications, 46 cliques, 0 implied integral variables (0 bin, 0 int, 0 cont)
presolved problem has 73 variables (23 bin, 0 int, 50 cont) and 7590 constraints
     43 constraints of type <setppc>
   7538 constraints of type <linear>
      9 constraints of type <logicor>
Presolving Time: 11.16
transformed 14/76 original solutions to the transformed problem space

 time | node  | left  |LP iter|LP it/n|mem/heur|mdpt |vars |cons |rows |cuts |sepa|confs|strbr|  dualbound   | primalbound  |  gap   | compl. 
 52.8s|     1 |     0 |  9180 |     - |  1504M |   0 |  73 |7590 |7571 |   0 |  0 |  50 |   4 |-1.140529e+03 |-1.140658e+03 |   0.01%| unknown
 52.9s|     1 |     0 |  9180 |     - |  1504M |   0 |  73 |7590 |7551 |   0 |  0 |  50 |   4 |-1.140529e+03 |-1.140658e+03 |   0.01%| unknown
 52.9s|     1 |     0 |  9195 |     - |  1504M |   0 |  73 |7589 |7553 |   2 |  1 |  50 |   4 |-1.140529e+03 |-1.140658e+03 |   0.01%| unknown
 53.0s|     1 |     0 |  9201 |     - |  1505M |   0 |  73 |7589 |7554 |   3 |  2 |  50 |   4 |-1.140534e+03 |-1.140658e+03 |   0.01%| unknown
 53.0s|     1 |     0 |  9201 |     - |  1505M |   0 |  73 |7589 |7449 |   3 |  2 |  50 |   4 |-1.140534e+03 |-1.140658e+03 |   0.01%| unknown
 53.1s|     1 |     0 |  9208 |     - |  1506M |   0 |  73 |7587 |7451 |   5 |  3 |  50 |   4 |-1.140540e+03 |-1.140658e+03 |   0.01%| unknown
 53.1s|     1 |     0 |  9212 |     - |  1507M |   0 |  73 |7587 |7452 |   6 |  4 |  50 |   4 |-1.140545e+03 |-1.140658e+03 |   0.01%| unknown
 53.2s|     1 |     0 |  9216 |     - |  1508M |   0 |  73 |7587 |7453 |   7 |  5 |  50 |   4 |-1.140548e+03 |-1.140658e+03 |   0.01%| unknown
 53.3s|     1 |     0 |  9219 |     - |  1508M |   0 |  73 |7587 |7454 |   8 |  6 |  50 |   4 |-1.140552e+03 |-1.140658e+03 |   0.01%| unknown
 53.4s|     1 |     0 |  9224 |     - |  1509M |   0 |  73 |7587 |7455 |   9 |  7 |  50 |   4 |-1.140555e+03 |-1.140658e+03 |   0.01%| unknown
 53.4s|     1 |     0 |  9229 |     - |  1510M |   0 |  73 |7587 |7456 |  10 |  8 |  50 |   4 |-1.140557e+03 |-1.140658e+03 |   0.01%| unknown
 53.5s|     1 |     0 |  9235 |     - |  1511M |   0 |  73 |7587 |7457 |  11 |  9 |  50 |   4 |-1.140561e+03 |-1.140658e+03 |   0.01%| unknown
 53.6s|     1 |     0 |  9237 |     - |  1511M |   0 |  73 |7589 |7458 |  12 | 10 |  52 |   4 |-1.140561e+03 |-1.140658e+03 |   0.01%| unknown
 53.6s|     1 |     0 |  9237 |     - |  1512M |   0 |  73 |7360 |7458 |  12 | 11 |  53 |   4 |-1.140561e+03 |-1.140658e+03 |   0.01%| unknown
(run 6, node 1) restarting after 4 global fixings of integer variables

(restart) converted 12 cuts from the global cut pool into linear constraints

presolving:
(round 1, fast)       18 del vars, 813 del conss, 0 add conss, 106 chg bounds, 1529 chg sides, 3082 chg coeffs, 0 upgd conss, 0 impls, 4 clqs, 0 implints
(round 2, fast)       25 del vars, 3308 del conss, 0 add conss, 302 chg bounds, 2368 chg sides, 4752 chg coeffs, 0 upgd conss, 0 impls, 4 clqs, 0 implints
(round 3, fast)       25 del vars, 3939 del conss, 0 add conss, 316 chg bounds, 2993 chg sides, 5988 chg coeffs, 0 upgd conss, 0 impls, 4 clqs, 0 implints
(round 4, fast)       25 del vars, 3962 del conss, 0 add conss, 316 chg bounds, 3046 chg sides, 6088 chg coeffs, 0 upgd conss, 0 impls, 4 clqs, 0 implints
(round 5, fast)       25 del vars, 3962 del conss, 0 add conss, 366 chg bounds, 3046 chg sides, 6088 chg coeffs, 0 upgd conss, 0 impls, 4 clqs, 0 implints
(round 6, fast)       25 del vars, 3999 del conss, 0 add conss, 390 chg bounds, 3289 chg sides, 6592 chg coeffs, 0 upgd conss, 0 impls, 4 clqs, 0 implints
(round 7, fast)       25 del vars, 4012 del conss, 0 add conss, 390 chg bounds, 3380 chg sides, 6824 chg coeffs, 0 upgd conss, 0 impls, 4 clqs, 0 implints
   (53.8s) running MILP presolver
   (53.8s) MILP presolver (4 rounds): 0 aggregations, 0 fixings, 43 bound changes
(round 8, medium)     25 del vars, 4012 del conss, 0 add conss, 433 chg bounds, 3380 chg sides, 6824 chg coeffs, 0 upgd conss, 0 impls, 4 clqs, 0 implints
(round 9, fast)       25 del vars, 4050 del conss, 0 add conss, 433 chg bounds, 4140 chg sides, 8312 chg coeffs, 0 upgd conss, 0 impls, 4 clqs, 0 implints
(round 10, exhaustive) 25 del vars, 4255 del conss, 0 add conss, 433 chg bounds, 4177 chg sides, 8312 chg coeffs, 0 upgd conss, 0 impls, 4 clqs, 0 implints
presolving (11 rounds: 11 fast, 3 medium, 2 exhaustive):
 25 deleted vars, 4255 deleted constraints, 0 added constraints, 433 tightened bounds, 0 added holes, 4177 changed sides, 8312 changed coefficients
 0 implications, 4 cliques, 0 implied integral variables (0 bin, 0 int, 0 cont)
presolved problem has 54 variables (4 bin, 0 int, 50 cont) and 3118 constraints
      4 constraints of type <setppc>
   3114 constraints of type <linear>
Presolving Time: 11.28
transformed 1/87 original solutions to the transformed problem space

 time | node  | left  |LP iter|LP it/n|mem/heur|mdpt |vars |cons |rows |cuts |sepa|confs|strbr|  dualbound   | primalbound  |  gap   | compl. 
 53.9s|     1 |     0 |  9470 |     - |  1496M |   0 |  54 |3118 |3117 |   0 |  0 |  55 |   4 |-1.140658e+03 |-1.140658e+03 |   0.00%| unknown

SCIP Status        : problem is solved [optimal solution found]
Solving Time (sec) : 53.86
Solving Nodes      : 1 (total of 7 nodes in 7 runs)
Primal Bound       : -1.14065800865801e+03 (87 solutions)
Dual Bound         : -1.14065800865801e+03
Gap                : 0.00 %
feasible solution found by trivial heuristic after 0.0 seconds, objective value 0.000000e+00
presolving:
   (0.0s) symmetry computation started: requiring (bin +, int +, cont +), (fixed: bin -, int -, cont -)
   (0.0s) symmetry computation finished: 49 generators found (max: 1500, log10 of symmetry group size: 64.48) (symcode time: 0.00)
dynamic symmetry handling statistics:
   orbitopal reduction:       no components
   orbital reduction:         no components
   lexicographic reduction:   no permutations
handled 1 out of 1 symmetry components
presolving (0 rounds: 0 fast, 0 medium, 0 exhaustive):
 0 deleted vars, 0 deleted constraints, 0 added constraints, 0 tightened bounds, 0 added holes, 0 changed sides, 0 changed coefficients
 0 implications, 0 cliques, 0 implied integral variables (0 bin, 0 int, 0 cont)
presolved problem has 281 variables (231 bin, 0 int, 50 cont) and 3129 constraints
   3129 constraints of type <linear>
Presolving Time: 0.00
transformed 2/2 original solutions to the transformed problem space

 time | node  | left  |LP iter|LP it/n|mem/heur|mdpt |vars |cons |rows |cuts |sepa|confs|strbr|  dualbound   | primalbound  |  gap   | compl. 
t 0.0s|     1 |     0 |     0 |     - | trivial|   0 | 281 |3080 |   0 |   0 |  0 |   0 |   0 | 7.160000e+02 | 5.400000e+01 |1225.93%| unknown
i 0.0s|     1 |     0 |     0 |     - |  oneopt|   0 | 281 |3080 |3080 |   0 |  0 |   0 |   0 | 7.160000e+02 | 4.840000e+02 |  47.93%| unknown
* 0.0s|     1 |     0 |    44 |     - |    LP  |   0 | 281 |3080 |3080 |   0 |  0 |   0 |   0 | 6.800000e+02 | 6.800000e+02 |   0.00%| unknown
  0.0s|     1 |     0 |    44 |     - |    14M |   0 | 281 |3080 |3080 |   0 |  0 |   0 |   0 | 6.800000e+02 | 6.800000e+02 |   0.00%| unknown

SCIP Status        : problem is solved [optimal solution found]
Solving Time (sec) : 0.01
Solving Nodes      : 1
Primal Bound       : +6.80000000000000e+02 (5 solutions)
Dual Bound         : +6.80000000000000e+02
Gap                : 0.00 %
  [linear] <c3081>: <x232>[C] (+0) -0.504329004<x1>[B] (+1) -0.504329004<x2>[B] (+1) -0.504329004<x3>[B] (+1) -0.504329004<x4>[B] (+1) +0.504329004<x5>[B] (+0) -0.504329004<x6>[B] (+1) -0.504329004<x7>[B] (+1) +0.504329004<x8>[B] (+1) -0.504329004<x9>[B] (+1) -0.504329004<x10>[B] (+0) -0.504329004<x11>[B] (+0) -0.504329004<x12>[B] (+1) -0.504329004<x13>[B] (+1) -0.504329004<x14>[B] (+1) -0.504329004<x15>[B] (+1) -0.504329004<x16>[B] (+0) +0.504329004<x17>[B] (+1) -0.504329004<x18>[B] (+1) -0.504329004<x19>[B] (+1) -0.504329004<x20>[B] (+1) -0.504329004<x21>[B] (+1) +0.504329004<x22>[B] (+1) -0.504329004<x23>[B] (+1) -0.504329004<x24>[B] (+0) +0.504329004<x25>[B] (+0) -0.504329004<x26>[B] (+0) -0.504329004<x27>[B] (+1) +0.504329004<x28>[B] (+0) -0.504329004<x29>[B] (+0) -0.504329004<x30>[B] (+0) -0.504329004<x31>[B] (+0) +0.504329004<x32>[B] (+1) -0.504329004<x33>[B] (+0) -0.504329004<x34>[B] (+1) -0.504329004<x35>[B] (+1) -0.504329004<x36>[B] (+0) +0.504329004<x37>[B] (+0) -0.504329004<x38>[B] (+0) -0.504329004<x39>[B] (+1) -0.504329004<x40>[B] (+1) -0.504329004<x41>[B] (+1) -0.504329004<x42>[B] (+1) -0.504329004<x43>[B] (+0) +0.504329004<x44>[B] (+0) -0.504329004<x45>[B] (+0) -0.504329004<x46>[B] (+0) +0.504329004<x47>[B] (+0) -0.504329004<x48>[B] (+0) -0.504329004<x49>[B] (+0) -0.504329004<x50>[B] (+0) -0.504329004<x51>[B] (+1) -0.504329004<x52>[B] (+0) -0.504329004<x53>[B] (+0) -0.504329004<x54>[B] (+1) -0.504329004<x55>[B] (+0) +0.504329004<x56>[B] (+0) -0.504329004<x57>[B] (+0) -0.504329004<x58>[B] (+0) -0.504329004<x59>[B] (+0) -0.504329004<x60>[B] (+0) -0.504329004<x61>[B] (+0) +0.504329004<x62>[B] (+0) +0.504329004<x63>[B] (+0) -0.504329004<x64>[B] (+0) +0.504329004<x65>[B] (+0) +0.504329004<x66>[B] (+0) -0.504329004<x67>[B] (+0) -0.504329004<x68>[B] (+0) +0.504329004<x69>[B] (+0) -0.504329004<x70>[B] (+0) -0.504329004<x71>[B] (+0) -0.504329004<x72>[B] (+0) -0.504329004<x73>[B] (+0) +0.504329004<x74>[B] (+0) -0.504329004<x75>[B] (+0) -0.504329004<x76>[B] (+0) -0.504329004<x77>[B] (+0) -0.504329004<x78>[B] (+0) +0.504329004<x79>[B] (+0) +0.504329004<x80>[B] (+1) +0.504329004<x81>[B] (+1) +0.504329004<x82>[B] (+1) +0.504329004<x83>[B] (+1) -0.504329004<x84>[B] (+0) +0.504329004<x85>[B] (+0) +0.504329004<x86>[B] (+1) -0.504329004<x87>[B] (+1) -0.504329004<x88>[B] (+1) +0.504329004<x89>[B] (+1) +0.504329004<x90>[B] (+0) +0.504329004<x91>[B] (+1) +0.504329004<x92>[B] (+0) -0.504329004<x93>[B] (+1) -0.504329004<x94>[B] (+1) +0.504329004<x95>[B] (+1) -0.504329004<x96>[B] (+1) -0.504329004<x97>[B] (+1) -0.504329004<x98>[B] (+1) -0.504329004<x99>[B] (+1) -0.504329004<x100>[B] (+0) -0.504329004<x101>[B] (+0) -0.504329004<x102>[B] (+1) -0.504329004<x103>[B] (+1) -0.504329004<x104>[B] (+1) -0.504329004<x105>[B] (+1) -0.504329004<x106>[B] (+0) +0.504329004<x107>[B] (+1) -0.504329004<x108>[B] (+1) -0.504329004<x109>[B] (+1) -0.504329004<x110>[B] (+1) -0.504329004<x111>[B] (+1) -0.504329004<x112>[B] (+1) +0.504329004<x113>[B] (+0) +0.504329004<x114>[B] (+0) -0.504329004<x115>[B] (+0) -0.504329004<x116>[B] (+0) +0.504329004<x117>[B] (+1) -0.504329004<x118>[B] (+0) -0.504329004<x119>[B] (+1) -0.504329004<x120>[B] (+1) -0.504329004<x121>[B] (+0) +0.504329004<x122>[B] (+0) -0.504329004<x123>[B] (+0) -0.504329004<x124>[B] (+1) -0.504329004<x125>[B] (+1) -0.504329004<x126>[B] (+1) +0.504329004<x127>[B] (+0) +0.504329004<x128>[B] (+0) -0.504329004<x129>[B] (+0) -0.504329004<x130>[B] (+0) +0.504329004<x131>[B] (+1) -0.504329004<x132>[B] (+0) -0.504329004<x133>[B] (+0) +0.504329004<x134>[B] (+1) +0.504329004<x135>[B] (+0) +0.504329004<x136>[B] (+0) -0.504329004<x137>[B] (+0) -0.504329004<x138>[B] (+1) -0.504329004<x139>[B] (+0) -0.504329004<x140>[B] (+0) -0.504329004<x141>[B] (+0) -0.504329004<x142>[B] (+0) -0.504329004<x143>[B] (+0) -0.504329004<x144>[B] (+1) -0.504329004<x145>[B] (+0) -0.504329004<x146>[B] (+1) -0.504329004<x147>[B] (+1) -0.504329004<x148>[B] (+0) +0.504329004<x149>[B] (+0) -0.504329004<x150>[B] (+0) -0.504329004<x151>[B] (+1) -0.504329004<x152>[B] (+1) -0.504329004<x153>[B] (+1) -0.504329004<x154>[B] (+0) -0.504329004<x155>[B] (+0) +0.504329004<x156>[B] (+1) -0.504329004<x157>[B] (+0) -0.504329004<x158>[B] (+1) -0.504329004<x159>[B] (+1) -0.504329004<x160>[B] (+0) +0.504329004<x161>[B] (+0) -0.504329004<x162>[B] (+0) -0.504329004<x163>[B] (+1) -0.504329004<x164>[B] (+1) -0.504329004<x165>[B] (+1) +0.504329004<x166>[B] (+0) +0.504329004<x167>[B] (+1) +0.504329004<x168>[B] (+1) -0.504329004<x169>[B] (+1) +0.504329004<x170>[B] (+1) +0.504329004<x171>[B] (+1) +0.504329004<x172>[B] (+1) +0.504329004<x173>[B] (+1) +0.504329004<x174>[B] (+1) -0.504329004<x175>[B] (+1) +0.504329004<x176>[B] (+1) +0.504329004<x177>[B] (+1) -0.504329004<x178>[B] (+1) -0.504329004<x179>[B] (+1) +0.504329004<x180>[B] (+1) +0.504329004<x181>[B] (+1) +0.504329004<x182>[B] (+1) +0.504329004<x183>[B] (+1) -0.504329004<x184>[B] (+1) -0.504329004<x185>[B] (+1) +0.504329004<x186>[B] (+1) -0.504329004<x187>[B] (+0) -0.504329004<x188>[B] (+0) -0.504329004<x189>[B] (+1) -0.504329004<x190>[B] (+0) +0.504329004<x191>[B] (+0) -0.504329004<x192>[B] (+0) -0.504329004<x193>[B] (+0) -0.504329004<x194>[B] (+0) -0.504329004<x195>[B] (+0) -0.504329004<x196>[B] (+1) +0.504329004<x197>[B] (+1) +0.504329004<x198>[B] (+0) +0.504329004<x199>[B] (+0) +0.504329004<x200>[B] (+0) -0.504329004<x201>[B] (+1) -0.504329004<x202>[B] (+1) +0.504329004<x203>[B] (+1) +0.504329004<x204>[B] (+1) +0.504329004<x205>[B] (+0) +0.504329004<x206>[B] (+0) +0.504329004<x207>[B] (+0) +0.504329004<x208>[B] (+1) +0.504329004<x209>[B] (+1) +0.504329004<x210>[B] (+0) +0.504329004<x211>[B] (+0) +0.504329004<x212>[B] (+0) -0.504329004<x213>[B] (+0) -0.504329004<x214>[B] (+0) -0.504329004<x215>[B] (+0) -0.504329004<x216>[B] (+0) +0.504329004<x217>[B] (+1) -0.504329004<x218>[B] (+1) -0.504329004<x219>[B] (+1) -0.504329004<x220>[B] (+1) -0.504329004<x221>[B] (+1) -0.504329004<x222>[B] (+0) -0.504329004<x223>[B] (+1) -0.504329004<x224>[B] (+1) -0.504329004<x225>[B] (+1) -0.504329004<x226>[B] (+1) -0.504329004<x227>[B] (+1) +0.504329004<x228>[B] (+1) -0.504329004<x229>[B] (+0) +0.504329004<x230>[B] (+0) +0.504329004<x231>[B] (+0) >= 9.45670995670995;
;
violation: left hand side is violated by 29.6298701298701
  [linear] <c3081>: <x232>[C] (+0) -0.504329004<x1>[B] (+1) -0.504329004<x2>[B] (+1) -0.504329004<x3>[B] (+1) -0.504329004<x4>[B] (+1) +0.504329004<x5>[B] (+1) -0.504329004<x6>[B] (+1) -0.504329004<x7>[B] (+1) +0.504329004<x8>[B] (+1) -0.504329004<x9>[B] (+1) -0.504329004<x10>[B] (+1) -0.504329004<x11>[B] (+1) -0.504329004<x12>[B] (+1) -0.504329004<x13>[B] (+1) -0.504329004<x14>[B] (+1) -0.504329004<x15>[B] (+1) -0.504329004<x16>[B] (+1) +0.504329004<x17>[B] (+1) -0.504329004<x18>[B] (+1) -0.504329004<x19>[B] (+1) -0.504329004<x20>[B] (+1) -0.504329004<x21>[B] (+1) +0.504329004<x22>[B] (+1) -0.504329004<x23>[B] (+1) -0.504329004<x24>[B] (+0) +0.504329004<x25>[B] (+0) -0.504329004<x26>[B] (+1) -0.504329004<x27>[B] (+1) +0.504329004<x28>[B] (+1) -0.504329004<x29>[B] (+0) -0.504329004<x30>[B] (+0) -0.504329004<x31>[B] (+0) +0.504329004<x32>[B] (+1) -0.504329004<x33>[B] (+1) -0.504329004<x34>[B] (+1) -0.504329004<x35>[B] (+1) -0.504329004<x36>[B] (+1) +0.504329004<x37>[B] (+1) -0.504329004<x38>[B] (+1) -0.504329004<x39>[B] (+1) -0.504329004<x40>[B] (+1) -0.504329004<x41>[B] (+1) -0.504329004<x42>[B] (+1) -0.504329004<x43>[B] (+0) +0.504329004<x44>[B] (+0) -0.504329004<x45>[B] (+1) -0.504329004<x46>[B] (+1) +0.504329004<x47>[B] (+1) -0.504329004<x48>[B] (+0) -0.504329004<x49>[B] (+0) -0.504329004<x50>[B] (+0) -0.504329004<x51>[B] (+1) -0.504329004<x52>[B] (+1) -0.504329004<x53>[B] (+1) -0.504329004<x54>[B] (+1) -0.504329004<x55>[B] (+0) +0.504329004<x56>[B] (+1) -0.504329004<x57>[B] (+1) -0.504329004<x58>[B] (+1) -0.504329004<x59>[B] (+1) -0.504329004<x60>[B] (+1) -0.504329004<x61>[B] (+0) +0.504329004<x62>[B] (+0) +0.504329004<x63>[B] (+1) -0.504329004<x64>[B] (+1) +0.504329004<x65>[B] (+0) +0.504329004<x66>[B] (+0) -0.504329004<x67>[B] (+0) -0.504329004<x68>[B] (+0) +0.504329004<x69>[B] (+1) -0.504329004<x70>[B] (+1) -0.504329004<x71>[B] (+1) -0.504329004<x72>[B] (+1) -0.504329004<x73>[B] (+0) +0.504329004<x74>[B] (+1) -0.504329004<x75>[B] (+1) -0.504329004<x76>[B] (+1) -0.504329004<x77>[B] (+1) -0.504329004<x78>[B] (+1) +0.504329004<x79>[B] (+0) +0.504329004<x80>[B] (+1) +0.504329004<x81>[B] (+1) +0.504329004<x82>[B] (+1) +0.504329004<x83>[B] (+1) -0.504329004<x84>[B] (+1) +0.504329004<x85>[B] (+1) +0.504329004<x86>[B] (+1) -0.504329004<x87>[B] (+1) -0.504329004<x88>[B] (+1) +0.504329004<x89>[B] (+1) +0.504329004<x90>[B] (+1) +0.504329004<x91>[B] (+1) +0.504329004<x92>[B] (+1) -0.504329004<x93>[B] (+1) -0.504329004<x94>[B] (+1) +0.504329004<x95>[B] (+1) -0.504329004<x96>[B] (+1) -0.504329004<x97>[B] (+1) -0.504329004<x98>[B] (+1) -0.504329004<x99>[B] (+1) -0.504329004<x100>[B] (+1) -0.504329004<x101>[B] (+1) -0.504329004<x102>[B] (+1) -0.504329004<x103>[B] (+1) -0.504329004<x104>[B] (+1) -0.504329004<x105>[B] (+1) -0.504329004<x106>[B] (+1) +0.504329004<x107>[B] (+1) -0.504329004<x108>[B] (+1) -0.504329004<x109>[B] (+1) -0.504329004<x110>[B] (+1) -0.504329004<x111>[B] (+1) -0.504329004<x112>[B] (+1) +0.504329004<x113>[B] (+0) +0.504329004<x114>[B] (+0) -0.504329004<x115>[B] (+0) -0.504329004<x116>[B] (+0) +0.504329004<x117>[B] (+1) -0.504329004<x118>[B] (+1) -0.504329004<x119>[B] (+1) -0.504329004<x120>[B] (+1) -0.504329004<x121>[B] (+0) +0.504329004<x122>[B] (+1) -0.504329004<x123>[B] (+1) -0.504329004<x124>[B] (+1) -0.504329004<x125>[B] (+1) -0.504329004<x126>[B] (+1) +0.504329004<x127>[B] (+0) +0.504329004<x128>[B] (+0) -0.504329004<x129>[B] (+0) -0.504329004<x130>[B] (+0) +0.504329004<x131>[B] (+0) -0.504329004<x132>[B] (+0) -0.504329004<x133>[B] (+0) +0.504329004<x134>[B] (+1) +0.504329004<x135>[B] (+0) +0.504329004<x136>[B] (+0) -0.504329004<x137>[B] (+0) -0.504329004<x138>[B] (+1) -0.504329004<x139>[B] (+1) -0.504329004<x140>[B] (+1) -0.504329004<x141>[B] (+0) -0.504329004<x142>[B] (+0) -0.504329004<x143>[B] (+0) -0.504329004<x144>[B] (+1) -0.504329004<x145>[B] (+1) -0.504329004<x146>[B] (+1) -0.504329004<x147>[B] (+1) -0.504329004<x148>[B] (+0) +0.504329004<x149>[B] (+1) -0.504329004<x150>[B] (+1) -0.504329004<x151>[B] (+1) -0.504329004<x152>[B] (+1) -0.504329004<x153>[B] (+1) -0.504329004<x154>[B] (+1) -0.504329004<x155>[B] (+1) +0.504329004<x156>[B] (+1) -0.504329004<x157>[B] (+1) -0.504329004<x158>[B] (+1) -0.504329004<x159>[B] (+1) -0.504329004<x160>[B] (+1) +0.504329004<x161>[B] (+1) -0.504329004<x162>[B] (+1) -0.504329004<x163>[B] (+1) -0.504329004<x164>[B] (+1) -0.504329004<x165>[B] (+1) +0.504329004<x166>[B] (+0) +0.504329004<x167>[B] (+1) +0.504329004<x168>[B] (+1) -0.504329004<x169>[B] (+1) +0.504329004<x170>[B] (+1) +0.504329004<x171>[B] (+1) +0.504329004<x172>[B] (+1) +0.504329004<x173>[B] (+1) +0.504329004<x174>[B] (+1) -0.504329004<x175>[B] (+1) +0.504329004<x176>[B] (+1) +0.504329004<x177>[B] (+1) -0.504329004<x178>[B] (+1) -0.504329004<x179>[B] (+1) +0.504329004<x180>[B] (+1) +0.504329004<x181>[B] (+1) +0.504329004<x182>[B] (+1) +0.504329004<x183>[B] (+1) -0.504329004<x184>[B] (+1) -0.504329004<x185>[B] (+1) +0.504329004<x186>[B] (+1) -0.504329004<x187>[B] (+0) -0.504329004<x188>[B] (+0) -0.504329004<x189>[B] (+1) -0.504329004<x190>[B] (+0) +0.504329004<x191>[B] (+0) -0.504329004<x192>[B] (+0) -0.504329004<x193>[B] (+1) -0.504329004<x194>[B] (+1) -0.504329004<x195>[B] (+1) -0.504329004<x196>[B] (+1) +0.504329004<x197>[B] (+1) +0.504329004<x198>[B] (+0) +0.504329004<x199>[B] (+0) +0.504329004<x200>[B] (+0) -0.504329004<x201>[B] (+1) -0.504329004<x202>[B] (+1) +0.504329004<x203>[B] (+1) +0.504329004<x204>[B] (+1) +0.504329004<x205>[B] (+0) +0.504329004<x206>[B] (+0) +0.504329004<x207>[B] (+0) +0.504329004<x208>[B] (+1) +0.504329004<x209>[B] (+1) +0.504329004<x210>[B] (+1) +0.504329004<x211>[B] (+0) +0.504329004<x212>[B] (+0) -0.504329004<x213>[B] (+0) -0.504329004<x214>[B] (+1) -0.504329004<x215>[B] (+1) -0.504329004<x216>[B] (+1) +0.504329004<x217>[B] (+1) -0.504329004<x218>[B] (+1) -0.504329004<x219>[B] (+1) -0.504329004<x220>[B] (+1) -0.504329004<x221>[B] (+1) -0.504329004<x222>[B] (+0) -0.504329004<x223>[B] (+1) -0.504329004<x224>[B] (+1) -0.504329004<x225>[B] (+1) -0.504329004<x226>[B] (+1) -0.504329004<x227>[B] (+1) +0.504329004<x228>[B] (+1) -0.504329004<x229>[B] (+0) +0.504329004<x230>[B] (+1) +0.504329004<x231>[B] (+1) >= 9.45670995670995;
;
violation: left hand side is violated by 43.7510822510823
  [linear] <c3081>: <x232>[C] (+0) -0.504329004<x1>[B] (+1) -0.504329004<x2>[B] (+1) -0.504329004<x3>[B] (+1) -0.504329004<x4>[B] (+1) +0.504329004<x5>[B] (+1) -0.504329004<x6>[B] (+1) -0.504329004<x7>[B] (+1) +0.504329004<x8>[B] (+1) -0.504329004<x9>[B] (+1) -0.504329004<x10>[B] (+1) -0.504329004<x11>[B] (+1) -0.504329004<x12>[B] (+1) -0.504329004<x13>[B] (+1) -0.504329004<x14>[B] (+1) -0.504329004<x15>[B] (+1) -0.504329004<x16>[B] (+1) +0.504329004<x17>[B] (+1) -0.504329004<x18>[B] (+1) -0.504329004<x19>[B] (+1) -0.504329004<x20>[B] (+1) -0.504329004<x21>[B] (+1) +0.504329004<x22>[B] (+1) -0.504329004<x23>[B] (+1) -0.504329004<x24>[B] (+1) +0.504329004<x25>[B] (+1) -0.504329004<x26>[B] (+1) -0.504329004<x27>[B] (+1) +0.504329004<x28>[B] (+1) -0.504329004<x29>[B] (+1) -0.504329004<x30>[B] (+1) -0.504329004<x31>[B] (+1) +0.504329004<x32>[B] (+1) -0.504329004<x33>[B] (+1) -0.504329004<x34>[B] (+1) -0.504329004<x35>[B] (+1) -0.504329004<x36>[B] (+1) +0.504329004<x37>[B] (+1) -0.504329004<x38>[B] (+1) -0.504329004<x39>[B] (+1) -0.504329004<x40>[B] (+1) -0.504329004<x41>[B] (+1) -0.504329004<x42>[B] (+1) -0.504329004<x43>[B] (+1) +0.504329004<x44>[B] (+1) -0.504329004<x45>[B] (+1) -0.504329004<x46>[B] (+1) +0.504329004<x47>[B] (+1) -0.504329004<x48>[B] (+1) -0.504329004<x49>[B] (+1) -0.504329004<x50>[B] (+1) -0.504329004<x51>[B] (+1) -0.504329004<x52>[B] (+1) -0.504329004<x53>[B] (+1) -0.504329004<x54>[B] (+1) -0.504329004<x55>[B] (+1) +0.504329004<x56>[B] (+1) -0.504329004<x57>[B] (+1) -0.504329004<x58>[B] (+1) -0.504329004<x59>[B] (+1) -0.504329004<x60>[B] (+1) -0.504329004<x61>[B] (+1) +0.504329004<x62>[B] (+1) +0.504329004<x63>[B] (+1) -0.504329004<x64>[B] (+1) +0.504329004<x65>[B] (+1) +0.504329004<x66>[B] (+1) -0.504329004<x67>[B] (+1) -0.504329004<x68>[B] (+1) +0.504329004<x69>[B] (+1) -0.504329004<x70>[B] (+1) -0.504329004<x71>[B] (+1) -0.504329004<x72>[B] (+1) -0.504329004<x73>[B] (+1) +0.504329004<x74>[B] (+1) -0.504329004<x75>[B] (+1) -0.504329004<x76>[B] (+1) -0.504329004<x77>[B] (+1) -0.504329004<x78>[B] (+1) +0.504329004<x79>[B] (+1) +0.504329004<x80>[B] (+1) +0.504329004<x81>[B] (+1) +0.504329004<x82>[B] (+1) +0.504329004<x83>[B] (+1) -0.504329004<x84>[B] (+1) +0.504329004<x85>[B] (+1) +0.504329004<x86>[B] (+1) -0.504329004<x87>[B] (+1) -0.504329004<x88>[B] (+1) +0.504329004<x89>[B] (+1) +0.504329004<x90>[B] (+1) +0.504329004<x91>[B] (+1) +0.504329004<x92>[B] (+1) -0.504329004<x93>[B] (+1) -0.504329004<x94>[B] (+1) +0.504329004<x95>[B] (+1) -0.504329004<x96>[B] (+1) -0.504329004<x97>[B] (+1) -0.504329004<x98>[B] (+1) -0.504329004<x99>[B] (+1) -0.504329004<x100>[B] (+1) -0.504329004<x101>[B] (+1) -0.504329004<x102>[B] (+1) -0.504329004<x103>[B] (+1) -0.504329004<x104>[B] (+1) -0.504329004<x105>[B] (+1) -0.504329004<x106>[B] (+1) +0.504329004<x107>[B] (+1) -0.504329004<x108>[B] (+1) -0.504329004<x109>[B] (+1) -0.504329004<x110>[B] (+1) -0.504329004<x111>[B] (+1) -0.504329004<x112>[B] (+1) +0.504329004<x113>[B] (+1) +0.504329004<x114>[B] (+1) -0.504329004<x115>[B] (+1) -0.504329004<x116>[B] (+1) +0.504329004<x117>[B] (+1) -0.504329004<x118>[B] (+1) -0.504329004<x119>[B] (+1) -0.504329004<x120>[B] (+1) -0.504329004<x121>[B] (+1) +0.504329004<x122>[B] (+1) -0.504329004<x123>[B] (+1) -0.504329004<x124>[B] (+1) -0.504329004<x125>[B] (+1) -0.504329004<x126>[B] (+1) +0.504329004<x127>[B] (+1) +0.504329004<x128>[B] (+1) -0.504329004<x129>[B] (+1) -0.504329004<x130>[B] (+1) +0.504329004<x131>[B] (+1) -0.504329004<x132>[B] (+1) -0.504329004<x133>[B] (+1) +0.504329004<x134>[B] (+1) +0.504329004<x135>[B] (+1) +0.504329004<x136>[B] (+1) -0.504329004<x137>[B] (+1) -0.504329004<x138>[B] (+1) -0.504329004<x139>[B] (+1) -0.504329004<x140>[B] (+1) -0.504329004<x141>[B] (+1) -0.504329004<x142>[B] (+1) -0.504329004<x143>[B] (+1) -0.504329004<x144>[B] (+1) -0.504329004<x145>[B] (+1) -0.504329004<x146>[B] (+1) -0.504329004<x147>[B] (+1) -0.504329004<x148>[B] (+1) +0.504329004<x149>[B] (+1) -0.504329004<x150>[B] (+1) -0.504329004<x151>[B] (+1) -0.504329004<x152>[B] (+1) -0.504329004<x153>[B] (+1) -0.504329004<x154>[B] (+1) -0.504329004<x155>[B] (+1) +0.504329004<x156>[B] (+1) -0.504329004<x157>[B] (+1) -0.504329004<x158>[B] (+1) -0.504329004<x159>[B] (+1) -0.504329004<x160>[B] (+1) +0.504329004<x161>[B] (+1) -0.504329004<x162>[B] (+1) -0.504329004<x163>[B] (+1) -0.504329004<x164>[B] (+1) -0.504329004<x165>[B] (+1) +0.504329004<x166>[B] (+1) +0.504329004<x167>[B] (+1) +0.504329004<x168>[B] (+1) -0.504329004<x169>[B] (+1) +0.504329004<x170>[B] (+1) +0.504329004<x171>[B] (+1) +0.504329004<x172>[B] (+1) +0.504329004<x173>[B] (+1) +0.504329004<x174>[B] (+1) -0.504329004<x175>[B] (+1) +0.504329004<x176>[B] (+1) +0.504329004<x177>[B] (+1) -0.504329004<x178>[B] (+1) -0.504329004<x179>[B] (+1) +0.504329004<x180>[B] (+1) +0.504329004<x181>[B] (+1) +0.504329004<x182>[B] (+1) +0.504329004<x183>[B] (+1) -0.504329004<x184>[B] (+1) -0.504329004<x185>[B] (+1) +0.504329004<x186>[B] (+1) -0.504329004<x187>[B] (+1) -0.504329004<x188>[B] (+1) -0.504329004<x189>[B] (+1) -0.504329004<x190>[B] (+1) +0.504329004<x191>[B] (+1) -0.504329004<x192>[B] (+1) -0.504329004<x193>[B] (+1) -0.504329004<x194>[B] (+1) -0.504329004<x195>[B] (+1) -0.504329004<x196>[B] (+1) +0.504329004<x197>[B] (+1) +0.504329004<x198>[B] (+1) +0.504329004<x199>[B] (+1) +0.504329004<x200>[B] (+1) -0.504329004<x201>[B] (+1) -0.504329004<x202>[B] (+1) +0.504329004<x203>[B] (+1) +0.504329004<x204>[B] (+1) +0.504329004<x205>[B] (+1) +0.504329004<x206>[B] (+1) +0.504329004<x207>[B] (+1) +0.504329004<x208>[B] (+1) +0.504329004<x209>[B] (+1) +0.504329004<x210>[B] (+1) +0.504329004<x211>[B] (+1) +0.504329004<x212>[B] (+1) -0.504329004<x213>[B] (+1) -0.504329004<x214>[B] (+1) -0.504329004<x215>[B] (+1) -0.504329004<x216>[B] (+1) +0.504329004<x217>[B] (+1) -0.504329004<x218>[B] (+1) -0.504329004<x219>[B] (+1) -0.504329004<x220>[B] (+1) -0.504329004<x221>[B] (+1) -0.504329004<x222>[B] (+1) -0.504329004<x223>[B] (+1) -0.504329004<x224>[B] (+1) -0.504329004<x225>[B] (+1) -0.504329004<x226>[B] (+1) -0.504329004<x227>[B] (+1) +0.504329004<x228>[B] (+1) -0.504329004<x229>[B] (+1) +0.504329004<x230>[B] (+1) +0.504329004<x231>[B] (+1) >= 9.45670995670995;
;
violation: left hand side is violated by 48.2900432900433
  [linear] <c3081>: <x232>[C] (+0) -0.504329004<x1>[B] (+0) -0.504329004<x2>[B] (+0) -0.504329004<x3>[B] (+0) -0.504329004<x4>[B] (+0) +0.504329004<x5>[B] (+0) -0.504329004<x6>[B] (+0) -0.504329004<x7>[B] (+0) +0.504329004<x8>[B] (+0) -0.504329004<x9>[B] (+0) -0.504329004<x10>[B] (+0) -0.504329004<x11>[B] (+0) -0.504329004<x12>[B] (+0) -0.504329004<x13>[B] (+0) -0.504329004<x14>[B] (+0) -0.504329004<x15>[B] (+0) -0.504329004<x16>[B] (+0) +0.504329004<x17>[B] (+0) -0.504329004<x18>[B] (+0) -0.504329004<x19>[B] (+0) -0.504329004<x20>[B] (+0) -0.504329004<x21>[B] (+0) +0.504329004<x22>[B] (+0) -0.504329004<x23>[B] (+0) -0.504329004<x24>[B] (+0) +0.504329004<x25>[B] (+0) -0.504329004<x26>[B] (+0) -0.504329004<x27>[B] (+0) +0.504329004<x28>[B] (+0) -0.504329004<x29>[B] (+0) -0.504329004<x30>[B] (+0) -0.504329004<x31>[B] (+0) +0.504329004<x32>[B] (+0) -0.504329004<x33>[B] (+0) -0.504329004<x34>[B] (+0) -0.504329004<x35>[B] (+0) -0.504329004<x36>[B] (+0) +0.504329004<x37>[B] (+0) -0.504329004<x38>[B] (+0) -0.504329004<x39>[B] (+0) -0.504329004<x40>[B] (+0) -0.504329004<x41>[B] (+0) -0.504329004<x42>[B] (+0) -0.504329004<x43>[B] (+0) +0.504329004<x44>[B] (+0) -0.504329004<x45>[B] (+0) -0.504329004<x46>[B] (+0) +0.504329004<x47>[B] (+0) -0.504329004<x48>[B] (+0) -0.504329004<x49>[B] (+0) -0.504329004<x50>[B] (+0) -0.504329004<x51>[B] (+0) -0.504329004<x52>[B] (+0) -0.504329004<x53>[B] (+0) -0.504329004<x54>[B] (+0) -0.504329004<x55>[B] (+0) +0.504329004<x56>[B] (+0) -0.504329004<x57>[B] (+0) -0.504329004<x58>[B] (+0) -0.504329004<x59>[B] (+0) -0.504329004<x60>[B] (+0) -0.504329004<x61>[B] (+0) +0.504329004<x62>[B] (+0) +0.504329004<x63>[B] (+0) -0.504329004<x64>[B] (+0) +0.504329004<x65>[B] (+0) +0.504329004<x66>[B] (+0) -0.504329004<x67>[B] (+0) -0.504329004<x68>[B] (+0) +0.504329004<x69>[B] (+0) -0.504329004<x70>[B] (+0) -0.504329004<x71>[B] (+0) -0.504329004<x72>[B] (+0) -0.504329004<x73>[B] (+0) +0.504329004<x74>[B] (+0) -0.504329004<x75>[B] (+0) -0.504329004<x76>[B] (+0) -0.504329004<x77>[B] (+0) -0.504329004<x78>[B] (+0) +0.504329004<x79>[B] (+0) +0.504329004<x80>[B] (+0) +0.504329004<x81>[B] (+0) +0.504329004<x82>[B] (+0) +0.504329004<x83>[B] (+0) -0.504329004<x84>[B] (+0) +0.504329004<x85>[B] (+0) +0.504329004<x86>[B] (+0) -0.504329004<x87>[B] (+0) -0.504329004<x88>[B] (+0) +0.504329004<x89>[B] (+0) +0.504329004<x90>[B] (+0) +0.504329004<x91>[B] (+0) +0.504329004<x92>[B] (+0) -0.504329004<x93>[B] (+0) -0.504329004<x94>[B] (+0) +0.504329004<x95>[B] (+0) -0.504329004<x96>[B] (+0) -0.504329004<x97>[B] (+0) -0.504329004<x98>[B] (+0) -0.504329004<x99>[B] (+0) -0.504329004<x100>[B] (+0) -0.504329004<x101>[B] (+0) -0.504329004<x102>[B] (+0) -0.504329004<x103>[B] (+0) -0.504329004<x104>[B] (+0) -0.504329004<x105>[B] (+0) -0.504329004<x106>[B] (+0) +0.504329004<x107>[B] (+0) -0.504329004<x108>[B] (+0) -0.504329004<x109>[B] (+0) -0.504329004<x110>[B] (+0) -0.504329004<x111>[B] (+0) -0.504329004<x112>[B] (+0) +0.504329004<x113>[B] (+0) +0.504329004<x114>[B] (+0) -0.504329004<x115>[B] (+0) -0.504329004<x116>[B] (+0) +0.504329004<x117>[B] (+0) -0.504329004<x118>[B] (+0) -0.504329004<x119>[B] (+0) -0.504329004<x120>[B] (+0) -0.504329004<x121>[B] (+0) +0.504329004<x122>[B] (+0) -0.504329004<x123>[B] (+0) -0.504329004<x124>[B] (+0) -0.504329004<x125>[B] (+0) -0.504329004<x126>[B] (+0) +0.504329004<x127>[B] (+0) +0.504329004<x128>[B] (+0) -0.504329004<x129>[B] (+0) -0.504329004<x130>[B] (+0) +0.504329004<x131>[B] (+0) -0.504329004<x132>[B] (+0) -0.504329004<x133>[B] (+0) +0.504329004<x134>[B] (+0) +0.504329004<x135>[B] (+0) +0.504329004<x136>[B] (+0) -0.504329004<x137>[B] (+0) -0.504329004<x138>[B] (+0) -0.504329004<x139>[B] (+0) -0.504329004<x140>[B] (+0) -0.504329004<x141>[B] (+0) -0.504329004<x142>[B] (+0) -0.504329004<x143>[B] (+0) -0.504329004<x144>[B] (+0) -0.504329004<x145>[B] (+0) -0.504329004<x146>[B] (+0) -0.504329004<x147>[B] (+0) -0.504329004<x148>[B] (+0) +0.504329004<x149>[B] (+0) -0.504329004<x150>[B] (+0) -0.504329004<x151>[B] (+0) -0.504329004<x152>[B] (+0) -0.504329004<x153>[B] (+0) -0.504329004<x154>[B] (+0) -0.504329004<x155>[B] (+0) +0.504329004<x156>[B] (+0) -0.504329004<x157>[B] (+0) -0.504329004<x158>[B] (+0) -0.504329004<x159>[B] (+0) -0.504329004<x160>[B] (+0) +0.504329004<x161>[B] (+0) -0.504329004<x162>[B] (+0) -0.504329004<x163>[B] (+0) -0.504329004<x164>[B] (+0) -0.504329004<x165>[B] (+0) +0.504329004<x166>[B] (+0) +0.504329004<x167>[B] (+0) +0.504329004<x168>[B] (+0) -0.504329004<x169>[B] (+0) +0.504329004<x170>[B] (+0) +0.504329004<x171>[B] (+0) +0.504329004<x172>[B] (+0) +0.504329004<x173>[B] (+0) +0.504329004<x174>[B] (+0) -0.504329004<x175>[B] (+0) +0.504329004<x176>[B] (+0) +0.504329004<x177>[B] (+0) -0.504329004<x178>[B] (+0) -0.504329004<x179>[B] (+0) +0.504329004<x180>[B] (+0) +0.504329004<x181>[B] (+0) +0.504329004<x182>[B] (+0) +0.504329004<x183>[B] (+0) -0.504329004<x184>[B] (+0) -0.504329004<x185>[B] (+0) +0.504329004<x186>[B] (+0) -0.504329004<x187>[B] (+0) -0.504329004<x188>[B] (+0) -0.504329004<x189>[B] (+0) -0.504329004<x190>[B] (+0) +0.504329004<x191>[B] (+0) -0.504329004<x192>[B] (+0) -0.504329004<x193>[B] (+0) -0.504329004<x194>[B] (+0) -0.504329004<x195>[B] (+0) -0.504329004<x196>[B] (+0) +0.504329004<x197>[B] (+0) +0.504329004<x198>[B] (+0) +0.504329004<x199>[B] (+0) +0.504329004<x200>[B] (+0) -0.504329004<x201>[B] (+0) -0.504329004<x202>[B] (+0) +0.504329004<x203>[B] (+0) +0.504329004<x204>[B] (+0) +0.504329004<x205>[B] (+0) +0.504329004<x206>[B] (+0) +0.504329004<x207>[B] (+0) +0.504329004<x208>[B] (+0) +0.504329004<x209>[B] (+0) +0.504329004<x210>[B] (+0) +0.504329004<x211>[B] (+0) +0.504329004<x212>[B] (+0) -0.504329004<x213>[B] (+0) -0.504329004<x214>[B] (+0) -0.504329004<x215>[B] (+0) -0.504329004<x216>[B] (+0) +0.504329004<x217>[B] (+0) -0.504329004<x218>[B] (+0) -0.504329004<x219>[B] (+0) -0.504329004<x220>[B] (+0) -0.504329004<x221>[B] (+0) -0.504329004<x222>[B] (+0) -0.504329004<x223>[B] (+0) -0.504329004<x224>[B] (+0) -0.504329004<x225>[B] (+0) -0.504329004<x226>[B] (+0) -0.504329004<x227>[B] (+0) +0.504329004<x228>[B] (+0) -0.504329004<x229>[B] (+0) +0.504329004<x230>[B] (+0) +0.504329004<x231>[B] (+0) >= 9.45670995670995;
;
violation: left hand side is violated by 9.45670995670995
1/5 feasible solution given by solution candidate storage, new primal bound -4.999946e+06

presolving:
   (0.0s) symmetry computation started: requiring (bin +, int +, cont +), (fixed: bin -, int -, cont -)
   (0.0s) no symmetry present (symcode time: 0.00)
presolving (0 rounds: 0 fast, 0 medium, 0 exhaustive):
 0 deleted vars, 0 deleted constraints, 0 added constraints, 0 tightened bounds, 0 added holes, 0 changed sides, 0 changed coefficients
 0 implications, 0 cliques, 0 implied integral variables (0 bin, 0 int, 0 cont)
presolved problem has 281 variables (231 bin, 0 int, 50 cont) and 3130 constraints
   3130 constraints of type <linear>
Presolving Time: 0.01
transformed 1/1 original solutions to the transformed problem space

 time | node  | left  |LP iter|LP it/n|mem/heur|mdpt |vars |cons |rows |cuts |sepa|confs|strbr|  dualbound   | primalbound  |  gap   | compl. 
p 0.0s|     1 |     0 |    23 |     - |   locks|   0 | 281 |3130 |3130 |   0 |  0 |   0 |   0 | 7.160000e+02 |-1.589879e+03 |    Inf | unknown
* 0.0s|     1 |     0 |   436 |     - |    LP  |   0 | 281 |3130 |3130 |   0 |  0 |   0 |   0 |-1.132216e+03 |-1.132216e+03 |   0.00%| unknown
  0.0s|     1 |     0 |   436 |     - |    18M |   0 | 281 |3130 |3130 |   0 |  0 |   0 |   0 |-1.132216e+03 |-1.132216e+03 |   0.00%| unknown

SCIP Status        : problem is solved [optimal solution found]
Solving Time (sec) : 0.05
Solving Nodes      : 1
Primal Bound       : -1.13221645021645e+03 (4 solutions)
Dual Bound         : -1.13221645021645e+03
Gap                : 0.00 %
  [linear] <c3131>: <x232>[C] (+26.6038961) -0.478354978<x1>[B] (+1) -0.478354978<x2>[B] (+1) -0.478354978<x3>[B] (+1) -0.478354978<x4>[B] (+1) +0.478354978<x5>[B] (+1) -0.478354978<x6>[B] (+1) -0.478354978<x7>[B] (+1) +0.478354978<x8>[B] (+1) -0.478354978<x9>[B] (+0) -0.478354978<x10>[B] (+1) -0.478354978<x11>[B] (+0) -0.478354978<x12>[B] (+1) -0.478354978<x13>[B] (+1) -0.478354978<x14>[B] (+1) -0.478354978<x15>[B] (+1) -0.478354978<x16>[B] (+0) +0.478354978<x17>[B] (+1) -0.478354978<x18>[B] (+1) -0.478354978<x19>[B] (+1) -0.478354978<x20>[B] (+1) -0.478354978<x21>[B] (+1) +0.478354978<x22>[B] (+1) -0.478354978<x23>[B] (+1) -0.478354978<x24>[B] (+0) +0.478354978<x25>[B] (+0) -0.478354978<x26>[B] (+1) -0.478354978<x27>[B] (+0) +0.478354978<x28>[B] (+0) -0.478354978<x29>[B] (+0) -0.478354978<x30>[B] (+0) -0.478354978<x31>[B] (+0) +0.478354978<x32>[B] (+1) -0.478354978<x33>[B] (+0) -0.478354978<x34>[B] (+0) -0.478354978<x35>[B] (+1) -0.478354978<x36>[B] (+0) +0.478354978<x37>[B] (+0) -0.478354978<x38>[B] (+0) -0.478354978<x39>[B] (+1) -0.478354978<x40>[B] (+0) -0.478354978<x41>[B] (+1) -0.478354978<x42>[B] (+1) -0.478354978<x43>[B] (+0) +0.478354978<x44>[B] (+0) -0.478354978<x45>[B] (+1) -0.478354978<x46>[B] (+0) +0.478354978<x47>[B] (+0) -0.478354978<x48>[B] (+0) -0.478354978<x49>[B] (+0) -0.478354978<x50>[B] (+0) -0.478354978<x51>[B] (+1) -0.478354978<x52>[B] (+0) -0.478354978<x53>[B] (+0) -0.478354978<x54>[B] (+1) -0.478354978<x55>[B] (+0) +0.478354978<x56>[B] (+0) -0.478354978<x57>[B] (+0) -0.478354978<x58>[B] (+0) -0.478354978<x59>[B] (+0) -0.478354978<x60>[B] (+1) -0.478354978<x61>[B] (+0) +0.478354978<x62>[B] (+0) +0.478354978<x63>[B] (+0) -0.478354978<x64>[B] (+0) +0.478354978<x65>[B] (+0) +0.478354978<x66>[B] (+0) -0.478354978<x67>[B] (+0) -0.478354978<x68>[B] (+0) +0.478354978<x69>[B] (+0) -0.478354978<x70>[B] (+0) -0.478354978<x71>[B] (+0) -0.478354978<x72>[B] (+0) -0.478354978<x73>[B] (+0) +0.478354978<x74>[B] (+0) -0.478354978<x75>[B] (+0) -0.478354978<x76>[B] (+0) -0.478354978<x77>[B] (+0) -0.478354978<x78>[B] (+0) +0.478354978<x79>[B] (+1) +0.478354978<x80>[B] (+1) +0.478354978<x81>[B] (+1) +0.478354978<x82>[B] (+1) +0.478354978<x83>[B] (+0) -0.478354978<x84>[B] (+1) +0.478354978<x85>[B] (+0) +0.478354978<x86>[B] (+1) -0.478354978<x87>[B] (+1) -0.478354978<x88>[B] (+1) +0.478354978<x89>[B] (+1) +0.478354978<x90>[B] (+0) +0.478354978<x91>[B] (+1) +0.478354978<x92>[B] (+0) -0.478354978<x93>[B] (+1) -0.478354978<x94>[B] (+1) +0.478354978<x95>[B] (+1) -0.478354978<x96>[B] (+1) -0.478354978<x97>[B] (+1) -0.478354978<x98>[B] (+0) -0.478354978<x99>[B] (+0) -0.478354978<x100>[B] (+0) -0.478354978<x101>[B] (+0) -0.478354978<x102>[B] (+1) -0.478354978<x103>[B] (+0) -0.478354978<x104>[B] (+0) -0.478354978<x105>[B] (+1) -0.478354978<x106>[B] (+0) +0.478354978<x107>[B] (+0) -0.478354978<x108>[B] (+0) -0.478354978<x109>[B] (+1) -0.478354978<x110>[B] (+0) -0.478354978<x111>[B] (+1) -0.478354978<x112>[B] (+0) +0.478354978<x113>[B] (+0) +0.478354978<x114>[B] (+0) -0.478354978<x115>[B] (+0) -0.478354978<x116>[B] (+0) +0.478354978<x117>[B] (+0) -0.478354978<x118>[B] (+0) -0.478354978<x119>[B] (+0) -0.478354978<x120>[B] (+1) -0.478354978<x121>[B] (+0) +0.478354978<x122>[B] (+0) -0.478354978<x123>[B] (+0) -0.478354978<x124>[B] (+0) -0.478354978<x125>[B] (+0) -0.478354978<x126>[B] (+0) +0.478354978<x127>[B] (+0) +0.478354978<x128>[B] (+0) -0.478354978<x129>[B] (+0) -0.478354978<x130>[B] (+0) +0.478354978<x131>[B] (+1) -0.478354978<x132>[B] (+0) -0.478354978<x133>[B] (+0) +0.478354978<x134>[B] (+1) +0.478354978<x135>[B] (+0) +0.478354978<x136>[B] (+0) -0.478354978<x137>[B] (+0) -0.478354978<x138>[B] (+1) -0.478354978<x139>[B] (+0) -0.478354978<x140>[B] (+1) -0.478354978<x141>[B] (+0) -0.478354978<x142>[B] (+0) -0.478354978<x143>[B] (+0) -0.478354978<x144>[B] (+1) -0.478354978<x145>[B] (+0) -0.478354978<x146>[B] (+0) -0.478354978<x147>[B] (+1) -0.478354978<x148>[B] (+0) +0.478354978<x149>[B] (+0) -0.478354978<x150>[B] (+0) -0.478354978<x151>[B] (+1) -0.478354978<x152>[B] (+1) -0.478354978<x153>[B] (+1) -0.478354978<x154>[B] (+1) -0.478354978<x155>[B] (+1) +0.478354978<x156>[B] (+1) -0.478354978<x157>[B] (+1) -0.478354978<x158>[B] (+1) -0.478354978<x159>[B] (+1) -0.478354978<x160>[B] (+1) +0.478354978<x161>[B] (+1) -0.478354978<x162>[B] (+1) -0.478354978<x163>[B] (+1) -0.478354978<x164>[B] (+1) -0.478354978<x165>[B] (+1) +0.478354978<x166>[B] (+0) +0.478354978<x167>[B] (+1) +0.478354978<x168>[B] (+1) -0.478354978<x169>[B] (+1) +0.478354978<x170>[B] (+1) +0.478354978<x171>[B] (+0) +0.478354978<x172>[B] (+1) +0.478354978<x173>[B] (+0) +0.478354978<x174>[B] (+1) -0.478354978<x175>[B] (+1) +0.478354978<x176>[B] (+1) +0.478354978<x177>[B] (+1) -0.478354978<x178>[B] (+1) -0.478354978<x179>[B] (+1) +0.478354978<x180>[B] (+1) +0.478354978<x181>[B] (+1) +0.478354978<x182>[B] (+1) +0.478354978<x183>[B] (+1) -0.478354978<x184>[B] (+1) -0.478354978<x185>[B] (+1) +0.478354978<x186>[B] (+1) -0.478354978<x187>[B] (+0) -0.478354978<x188>[B] (+0) -0.478354978<x189>[B] (+1) -0.478354978<x190>[B] (+0) +0.478354978<x191>[B] (+0) -0.478354978<x192>[B] (+0) -0.478354978<x193>[B] (+0) -0.478354978<x194>[B] (+0) -0.478354978<x195>[B] (+0) -0.478354978<x196>[B] (+1) +0.478354978<x197>[B] (+1) +0.478354978<x198>[B] (+0) +0.478354978<x199>[B] (+0) +0.478354978<x200>[B] (+0) -0.478354978<x201>[B] (+1) -0.478354978<x202>[B] (+1) +0.478354978<x203>[B] (+1) +0.478354978<x204>[B] (+1) +0.478354978<x205>[B] (+0) +0.478354978<x206>[B] (+0) +0.478354978<x207>[B] (+0) +0.478354978<x208>[B] (+1) +0.478354978<x209>[B] (+1) +0.478354978<x210>[B] (+1) +0.478354978<x211>[B] (+0) +0.478354978<x212>[B] (+0) -0.478354978<x213>[B] (+0) -0.478354978<x214>[B] (+0) -0.478354978<x215>[B] (+0) -0.478354978<x216>[B] (+0) +0.478354978<x217>[B] (+1) -0.478354978<x218>[B] (+1) -0.478354978<x219>[B] (+1) -0.478354978<x220>[B] (+1) -0.478354978<x221>[B] (+1) -0.478354978<x222>[B] (+0) -0.478354978<x223>[B] (+1) -0.478354978<x224>[B] (+1) -0.478354978<x225>[B] (+1) -0.478354978<x226>[B] (+1) -0.478354978<x227>[B] (+1) +0.478354978<x228>[B] (+1) -0.478354978<x229>[B] (+0) +0.478354978<x230>[B] (+1) +0.478354978<x231>[B] (+1) >= 10.4047619047619;
;
violation: left hand side is violated by 0.0649350649350673
  [linear] <c3131>: <x232>[C] (+22.5692641) -0.478354978<x1>[B] (+0) -0.478354978<x2>[B] (+0) -0.478354978<x3>[B] (+0) -0.478354978<x4>[B] (+0) +0.478354978<x5>[B] (+1) -0.478354978<x6>[B] (+0) -0.478354978<x7>[B] (+0) +0.478354978<x8>[B] (+0) -0.478354978<x9>[B] (+0) -0.478354978<x10>[B] (+0) -0.478354978<x11>[B] (+1) -0.478354978<x12>[B] (+0) -0.478354978<x13>[B] (+0) -0.478354978<x14>[B] (+0) -0.478354978<x15>[B] (+0) -0.478354978<x16>[B] (+0) +0.478354978<x17>[B] (+0) -0.478354978<x18>[B] (+0) -0.478354978<x19>[B] (+0) -0.478354978<x20>[B] (+0) -0.478354978<x21>[B] (+0) +0.478354978<x22>[B] (+0) -0.478354978<x23>[B] (+0) -0.478354978<x24>[B] (+1) +0.478354978<x25>[B] (+1) -0.478354978<x26>[B] (+1) -0.478354978<x27>[B] (+0) +0.478354978<x28>[B] (+1) -0.478354978<x29>[B] (+1) -0.478354978<x30>[B] (+1) -0.478354978<x31>[B] (+1) +0.478354978<x32>[B] (+0) -0.478354978<x33>[B] (+1) -0.478354978<x34>[B] (+0) -0.478354978<x35>[B] (+0) -0.478354978<x36>[B] (+1) +0.478354978<x37>[B] (+1) -0.478354978<x38>[B] (+1) -0.478354978<x39>[B] (+0) -0.478354978<x40>[B] (+0) -0.478354978<x41>[B] (+0) -0.478354978<x42>[B] (+0) -0.478354978<x43>[B] (+1) +0.478354978<x44>[B] (+1) -0.478354978<x45>[B] (+1) -0.478354978<x46>[B] (+0) +0.478354978<x47>[B] (+1) -0.478354978<x48>[B] (+1) -0.478354978<x49>[B] (+1) -0.478354978<x50>[B] (+1) -0.478354978<x51>[B] (+0) -0.478354978<x52>[B] (+1) -0.478354978<x53>[B] (+0) -0.478354978<x54>[B] (+0) -0.478354978<x55>[B] (+1) +0.478354978<x56>[B] (+1) -0.478354978<x57>[B] (+1) -0.478354978<x58>[B] (+0) -0.478354978<x59>[B] (+0) -0.478354978<x60>[B] (+0) -0.478354978<x61>[B] (+1) +0.478354978<x62>[B] (+1) +0.478354978<x63>[B] (+1) -0.478354978<x64>[B] (+1) +0.478354978<x65>[B] (+1) +0.478354978<x66>[B] (+1) -0.478354978<x67>[B] (+1) -0.478354978<x68>[B] (+1) +0.478354978<x69>[B] (+1) -0.478354978<x70>[B] (+1) -0.478354978<x71>[B] (+1) -0.478354978<x72>[B] (+1) -0.478354978<x73>[B] (+1) +0.478354978<x74>[B] (+1) -0.478354978<x75>[B] (+1) -0.478354978<x76>[B] (+1) -0.478354978<x77>[B] (+1) -0.478354978<x78>[B] (+1) +0.478354978<x79>[B] (+1) +0.478354978<x80>[B] (+0) +0.478354978<x81>[B] (+0) +0.478354978<x82>[B] (+0) +0.478354978<x83>[B] (+0) -0.478354978<x84>[B] (+0) +0.478354978<x85>[B] (+1) +0.478354978<x86>[B] (+0) -0.478354978<x87>[B] (+0) -0.478354978<x88>[B] (+0) +0.478354978<x89>[B] (+0) +0.478354978<x90>[B] (+0) +0.478354978<x91>[B] (+0) +0.478354978<x92>[B] (+1) -0.478354978<x93>[B] (+0) -0.478354978<x94>[B] (+0) +0.478354978<x95>[B] (+0) -0.478354978<x96>[B] (+0) -0.478354978<x97>[B] (+0) -0.478354978<x98>[B] (+0) -0.478354978<x99>[B] (+0) -0.478354978<x100>[B] (+0) -0.478354978<x101>[B] (+1) -0.478354978<x102>[B] (+0) -0.478354978<x103>[B] (+0) -0.478354978<x104>[B] (+0) -0.478354978<x105>[B] (+0) -0.478354978<x106>[B] (+0) +0.478354978<x107>[B] (+0) -0.478354978<x108>[B] (+0) -0.478354978<x109>[B] (+0) -0.478354978<x110>[B] (+0) -0.478354978<x111>[B] (+0) -0.478354978<x112>[B] (+0) +0.478354978<x113>[B] (+0) +0.478354978<x114>[B] (+0) -0.478354978<x115>[B] (+1) -0.478354978<x116>[B] (+1) +0.478354978<x117>[B] (+0) -0.478354978<x118>[B] (+1) -0.478354978<x119>[B] (+0) -0.478354978<x120>[B] (+0) -0.478354978<x121>[B] (+1) +0.478354978<x122>[B] (+1) -0.478354978<x123>[B] (+1) -0.478354978<x124>[B] (+0) -0.478354978<x125>[B] (+0) -0.478354978<x126>[B] (+0) +0.478354978<x127>[B] (+1) +0.478354978<x128>[B] (+1) -0.478354978<x129>[B] (+1) -0.478354978<x130>[B] (+1) +0.478354978<x131>[B] (+1) -0.478354978<x132>[B] (+1) -0.478354978<x133>[B] (+1) +0.478354978<x134>[B] (+1) +0.478354978<x135>[B] (+1) +0.478354978<x136>[B] (+1) -0.478354978<x137>[B] (+1) -0.478354978<x138>[B] (+1) -0.478354978<x139>[B] (+1) -0.478354978<x140>[B] (+1) -0.478354978<x141>[B] (+1) -0.478354978<x142>[B] (+1) -0.478354978<x143>[B] (+1) -0.478354978<x144>[B] (+0) -0.478354978<x145>[B] (+1) -0.478354978<x146>[B] (+0) -0.478354978<x147>[B] (+0) -0.478354978<x148>[B] (+1) +0.478354978<x149>[B] (+1) -0.478354978<x150>[B] (+1) -0.478354978<x151>[B] (+0) -0.478354978<x152>[B] (+0) -0.478354978<x153>[B] (+0) -0.478354978<x154>[B] (+1) -0.478354978<x155>[B] (+1) +0.478354978<x156>[B] (+0) -0.478354978<x157>[B] (+1) -0.478354978<x158>[B] (+0) -0.478354978<x159>[B] (+0) -0.478354978<x160>[B] (+1) +0.478354978<x161>[B] (+1) -0.478354978<x162>[B] (+1) -0.478354978<x163>[B] (+0) -0.478354978<x164>[B] (+0) -0.478354978<x165>[B] (+0) +0.478354978<x166>[B] (+1) +0.478354978<x167>[B] (+0) +0.478354978<x168>[B] (+0) -0.478354978<x169>[B] (+0) +0.478354978<x170>[B] (+0) +0.478354978<x171>[B] (+0) +0.478354978<x172>[B] (+0) +0.478354978<x173>[B] (+1) +0.478354978<x174>[B] (+0) -0.478354978<x175>[B] (+0) +0.478354978<x176>[B] (+0) +0.478354978<x177>[B] (+0) -0.478354978<x178>[B] (+0) -0.478354978<x179>[B] (+0) +0.478354978<x180>[B] (+0) +0.478354978<x181>[B] (+0) +0.478354978<x182>[B] (+0) +0.478354978<x183>[B] (+0) -0.478354978<x184>[B] (+0) -0.478354978<x185>[B] (+0) +0.478354978<x186>[B] (+0) -0.478354978<x187>[B] (+1) -0.478354978<x188>[B] (+1) -0.478354978<x189>[B] (+0) -0.478354978<x190>[B] (+1) +0.478354978<x191>[B] (+1) -0.478354978<x192>[B] (+1) -0.478354978<x193>[B] (+0) -0.478354978<x194>[B] (+0) -0.478354978<x195>[B] (+0) -0.478354978<x196>[B] (+0) +0.478354978<x197>[B] (+0) +0.478354978<x198>[B] (+1) +0.478354978<x199>[B] (+1) +0.478354978<x200>[B] (+1) -0.478354978<x201>[B] (+0) -0.478354978<x202>[B] (+0) +0.478354978<x203>[B] (+0) +0.478354978<x204>[B] (+0) +0.478354978<x205>[B] (+1) +0.478354978<x206>[B] (+1) +0.478354978<x207>[B] (+1) +0.478354978<x208>[B] (+0) +0.478354978<x209>[B] (+0) +0.478354978<x210>[B] (+0) +0.478354978<x211>[B] (+1) +0.478354978<x212>[B] (+1) -0.478354978<x213>[B] (+1) -0.478354978<x214>[B] (+0) -0.478354978<x215>[B] (+0) -0.478354978<x216>[B] (+0) +0.478354978<x217>[B] (+0) -0.478354978<x218>[B] (+1) -0.478354978<x219>[B] (+0) -0.478354978<x220>[B] (+0) -0.478354978<x221>[B] (+0) -0.478354978<x222>[B] (+1) -0.478354978<x223>[B] (+0) -0.478354978<x224>[B] (+0) -0.478354978<x225>[B] (+0) -0.478354978<x226>[B] (+0) -0.478354978<x227>[B] (+0) +0.478354978<x228>[B] (+0) -0.478354978<x229>[B] (+1) +0.478354978<x230>[B] (+0) +0.478354978<x231>[B] (+0) >= 10.4047619047619;
;
violation: left hand side is violated by 0.272727272727277
2/4 feasible solutions given by solution candidate storage, new primal bound -4.999946e+06

presolving:
   (0.0s) symmetry computation started: requiring (bin +, int +, cont +), (fixed: bin -, int -, cont -)
   (0.0s) no symmetry present (symcode time: 0.00)
presolving (0 rounds: 0 fast, 0 medium, 0 exhaustive):
 0 deleted vars, 0 deleted constraints, 0 added constraints, 0 tightened bounds, 0 added holes, 0 changed sides, 0 changed coefficients
 0 implications, 0 cliques, 0 implied integral variables (0 bin, 0 int, 0 cont)
presolved problem has 281 variables (231 bin, 0 int, 50 cont) and 3178 constraints
   3178 constraints of type <linear>
Presolving Time: 0.01
transformed 2/2 original solutions to the transformed problem space

 time | node  | left  |LP iter|LP it/n|mem/heur|mdpt |vars |cons |rows |cuts |sepa|confs|strbr|  dualbound   | primalbound  |  gap   | compl. 
p 0.0s|     1 |     0 |    15 |     - |   locks|   0 | 281 |3178 |3178 |   0 |  0 |   0 |   0 | 7.160000e+02 |-1.635123e+03 |    Inf | unknown
  0.1s|     1 |     0 |   671 |     - |    25M |   0 | 281 |3178 |3178 |   0 |  0 |   0 |   0 |-1.136722e+03 |-1.635123e+03 |  43.85%| unknown
r 0.1s|     1 |     0 |   671 |     - |shifting|   0 | 281 |3178 |3178 |   0 |  0 |   0 |   0 |-1.136722e+03 |-1.230152e+03 |   8.22%| unknown
  0.3s|     1 |     0 |   714 |     - |    26M |   0 | 281 |3178 |3179 |   1 |  1 |   0 |   0 |-1.136916e+03 |-1.230152e+03 |   8.20%| unknown
  0.3s|     1 |     0 |   714 |     - |    26M |   0 | 281 |3178 |3179 |   1 |  1 |   0 |   0 |-1.136916e+03 |-1.230152e+03 |   8.20%| unknown
  0.5s|     1 |     0 |   735 |     - |    28M |   0 | 281 |3178 |3181 |   3 |  2 |   0 |   0 |-1.136986e+03 |-1.230152e+03 |   8.19%| unknown
r 0.5s|     1 |     0 |   735 |     - |shifting|   0 | 281 |3178 |3181 |   3 |  2 |   0 |   0 |-1.136986e+03 |-1.222689e+03 |   7.54%| unknown
  0.7s|     1 |     0 |   773 |     - |    30M |   0 | 281 |3178 |3184 |   6 |  3 |   0 |   0 |-1.137064e+03 |-1.222689e+03 |   7.53%| unknown
  0.9s|     1 |     0 |   784 |     - |    32M |   0 | 281 |3178 |3185 |   7 |  4 |   0 |   0 |-1.137076e+03 |-1.222689e+03 |   7.53%| unknown
  1.2s|     1 |     0 |   816 |     - |    35M |   0 | 281 |3178 |3186 |   8 |  5 |   0 |   0 |-1.137100e+03 |-1.222689e+03 |   7.53%| unknown
  1.4s|     1 |     0 |   827 |     - |    37M |   0 | 281 |3178 |3187 |   9 |  6 |   0 |   0 |-1.137101e+03 |-1.222689e+03 |   7.53%| unknown
  1.7s|     1 |     0 |   851 |     - |    38M |   0 | 281 |3178 |3188 |  10 |  7 |   0 |   0 |-1.137108e+03 |-1.222689e+03 |   7.53%| unknown
r 1.7s|     1 |     0 |   851 |     - |shifting|   0 | 281 |3178 |3188 |  10 |  7 |   0 |   0 |-1.137108e+03 |-1.222165e+03 |   7.48%| unknown
  1.9s|     1 |     0 |   880 |     - |    38M |   0 | 281 |3178 |3189 |  11 |  8 |   0 |   0 |-1.137115e+03 |-1.222165e+03 |   7.48%| unknown
r 1.9s|     1 |     0 |   880 |     - |shifting|   0 | 281 |3178 |3189 |  11 |  8 |   0 |   0 |-1.137115e+03 |-1.216705e+03 |   7.00%| unknown
 time | node  | left  |LP iter|LP it/n|mem/heur|mdpt |vars |cons |rows |cuts |sepa|confs|strbr|  dualbound   | primalbound  |  gap   | compl. 
  2.2s|     1 |     0 |   898 |     - |    41M |   0 | 281 |3178 |3190 |  12 |  9 |   0 |   0 |-1.137117e+03 |-1.216705e+03 |   7.00%| unknown
  2.5s|     1 |     0 |   911 |     - |    47M |   0 | 281 |3178 |3191 |  13 | 10 |   0 |   0 |-1.137118e+03 |-1.216705e+03 |   7.00%| unknown
  2.5s|     1 |     0 |   925 |     - |    48M |   0 | 281 |3179 |3192 |  14 | 11 |   1 |   0 |-1.137119e+03 |-1.216705e+03 |   7.00%| unknown
r 2.5s|     1 |     0 |  1020 |     - |intshift|   0 | 281 |3180 |3192 |  14 | 11 |   2 |   0 |-1.137119e+03 |-1.163983e+03 |   2.36%| unknown
d 2.6s|     1 |     0 |  1399 |     - |farkasdi|   0 | 281 |3180 |3192 |   0 | 11 |   2 |   0 |-1.137119e+03 |-1.142961e+03 |   0.51%| unknown
L 2.7s|     1 |     0 |  1399 |     - |    rens|   0 | 281 |3180 |3192 |  14 | 11 |   9 |   0 |-1.137119e+03 |-1.138437e+03 |   0.12%| unknown
  2.7s|     1 |     0 |  1399 |     - |    48M |   0 | 281 |3180 |3192 |  14 | 11 |   9 |   0 |-1.137119e+03 |-1.138437e+03 |   0.12%| unknown
  2.7s|     1 |     0 |  1399 |     - |    48M |   0 | 281 |3180 |1086 |  14 | 11 |   9 |   0 |-1.137119e+03 |-1.138437e+03 |   0.12%| unknown
  2.7s|     1 |     0 |  1420 |     - |    49M |   0 | 281 |3180 |1089 |  17 | 12 |   9 |   0 |-1.137119e+03 |-1.138437e+03 |   0.12%| unknown
  2.7s|     1 |     0 |  1422 |     - |    49M |   0 | 281 |3180 |1091 |  19 | 13 |   9 |   0 |-1.137123e+03 |-1.138437e+03 |   0.12%| unknown
  2.7s|     1 |     0 |  1422 |     - |    49M |   0 | 281 | 864 |1091 |  19 | 13 |  10 |   0 |-1.137123e+03 |-1.138437e+03 |   0.12%| unknown
  2.8s|     1 |     0 |  1428 |     - |    49M |   0 | 281 | 864 |1093 |  21 | 14 |  10 |   0 |-1.137123e+03 |-1.138437e+03 |   0.12%| unknown
  2.8s|     1 |     0 |  1431 |     - |    49M |   0 | 281 | 864 |1093 |  22 | 15 |  10 |   0 |-1.137123e+03 |-1.138437e+03 |   0.12%| unknown
(run 1, node 1) restarting after 129 global fixings of integer variables

(restart) converted 21 cuts from the global cut pool into linear constraints

presolving:
presolving (0 rounds: 0 fast, 0 medium, 0 exhaustive):
 0 deleted vars, 0 deleted constraints, 0 added constraints, 0 tightened bounds, 0 added holes, 0 changed sides, 0 changed coefficients
 0 implications, 0 cliques, 0 implied integral variables (0 bin, 0 int, 0 cont)
presolved problem has 281 variables (231 bin, 0 int, 50 cont) and 885 constraints
    882 constraints of type <linear>
      3 constraints of type <logicor>
Presolving Time: 0.01
transformed 18/23 original solutions to the transformed problem space

 time | node  | left  |LP iter|LP it/n|mem/heur|mdpt |vars |cons |rows |cuts |sepa|confs|strbr|  dualbound   | primalbound  |  gap   | compl. 
  2.9s|     1 |     0 |  2051 |     - |    48M |   0 | 281 | 885 | 865 |   0 |  0 |  10 |   0 |-1.137123e+03 |-1.138437e+03 |   0.12%| unknown
  2.9s|     1 |     0 |  2051 |     - |    48M |   0 | 281 | 885 | 857 |   0 |  0 |  10 |   0 |-1.137123e+03 |-1.138437e+03 |   0.12%| unknown
  3.0s|     1 |     0 |  2080 |     - |    49M |   0 | 281 | 885 | 866 |   9 |  1 |  10 |   0 |-1.137131e+03 |-1.138437e+03 |   0.11%| unknown
  3.1s|     1 |     0 |  2131 |     - |    49M |   0 | 281 | 885 | 873 |  16 |  2 |  10 |   0 |-1.137143e+03 |-1.138437e+03 |   0.11%| unknown
  3.2s|     1 |     0 |  2179 |     - |    49M |   0 | 281 | 885 | 875 |  18 |  3 |  10 |   0 |-1.137151e+03 |-1.138437e+03 |   0.11%| unknown
  3.3s|     1 |     0 |  2201 |     - |    49M |   0 | 281 | 885 | 878 |  21 |  4 |  10 |   0 |-1.137153e+03 |-1.138437e+03 |   0.11%| unknown
  3.4s|     1 |     0 |  2210 |     - |    49M |   0 | 281 | 885 | 880 |  23 |  5 |  10 |   0 |-1.137154e+03 |-1.138437e+03 |   0.11%| unknown
  3.5s|     1 |     0 |  2237 |     - |    49M |   0 | 281 | 885 | 881 |  24 |  6 |  10 |   0 |-1.137155e+03 |-1.138437e+03 |   0.11%| unknown
  3.6s|     1 |     0 |  2262 |     - |    50M |   0 | 281 | 885 | 883 |  26 |  7 |  10 |   0 |-1.137158e+03 |-1.138437e+03 |   0.11%| unknown
  3.7s|     1 |     0 |  2288 |     - |    50M |   0 | 281 | 885 | 884 |  27 |  8 |  10 |   0 |-1.137159e+03 |-1.138437e+03 |   0.11%| unknown
  3.9s|     1 |     0 |  2346 |     - |    50M |   0 | 281 | 885 | 885 |  28 |  9 |  10 |   0 |-1.137175e+03 |-1.138437e+03 |   0.11%| unknown
  3.9s|     1 |     0 |  2346 |     - |    50M |   0 | 281 | 885 | 877 |  28 |  9 |  10 |   0 |-1.137175e+03 |-1.138437e+03 |   0.11%| unknown
  4.0s|     1 |     0 |  2383 |     - |    50M |   0 | 281 | 885 | 880 |  31 | 10 |  10 |   0 |-1.137184e+03 |-1.138437e+03 |   0.11%| unknown
  4.0s|     1 |     0 |  2397 |     - |    50M |   0 | 281 | 885 | 873 |  34 | 11 |  10 |   0 |-1.137185e+03 |-1.138437e+03 |   0.11%| unknown
  4.1s|     1 |     0 |  2397 |     - |    50M |   0 | 281 | 851 | 873 |  34 | 11 |  10 |   0 |-1.137185e+03 |-1.138437e+03 |   0.11%| unknown
 time | node  | left  |LP iter|LP it/n|mem/heur|mdpt |vars |cons |rows |cuts |sepa|confs|strbr|  dualbound   | primalbound  |  gap   | compl. 
  4.1s|     1 |     0 |  2427 |     - |    50M |   0 | 281 | 851 | 875 |  36 | 12 |  10 |   0 |-1.137188e+03 |-1.138437e+03 |   0.11%| unknown
  4.2s|     1 |     0 |  2430 |     - |    50M |   0 | 281 | 851 | 876 |  37 | 13 |  10 |   0 |-1.137188e+03 |-1.138437e+03 |   0.11%| unknown
  4.4s|     1 |     0 |  3101 |     - |    50M |   0 | 281 | 860 | 876 |  37 | 14 |  19 |   1 |-1.137204e+03 |-1.138437e+03 |   0.11%| unknown
  4.5s|     1 |     0 |  3101 |     - |    50M |   0 | 281 | 860 | 876 |  37 | 15 |  19 |   2 |-1.137422e+03 |-1.138437e+03 |   0.09%| unknown
  4.5s|     1 |     0 |  3101 |     - |    50M |   0 | 281 | 860 | 876 |  37 | 16 |  19 |   3 |-1.137422e+03 |-1.138437e+03 |   0.09%| unknown
  4.6s|     1 |     0 |  3152 |     - |    50M |   0 | 281 | 861 | 876 |  37 | 17 |  21 |   5 |-1.137422e+03 |-1.138437e+03 |   0.09%| unknown
  4.6s|     1 |     0 |  3152 |     - |    50M |   0 | 281 | 861 | 839 |  37 | 17 |  21 |   5 |-1.137422e+03 |-1.138437e+03 |   0.09%| unknown
  4.7s|     1 |     0 |  3162 |     - |    51M |   0 | 281 | 861 | 842 |  40 | 18 |  21 |   5 |-1.137422e+03 |-1.138437e+03 |   0.09%| unknown
  4.7s|     1 |     0 |  3168 |     - |    51M |   0 | 281 | 861 | 838 |  41 | 19 |  21 |   5 |-1.137422e+03 |-1.138437e+03 |   0.09%| unknown
  4.7s|     1 |     0 |  3168 |     - |    51M |   0 | 281 | 847 | 838 |  41 | 19 |  21 |   5 |-1.137422e+03 |-1.138437e+03 |   0.09%| unknown
  4.7s|     1 |     0 |  3168 |     - |    51M |   0 | 281 | 847 | 838 |  41 | 20 |  21 |   6 |-1.137422e+03 |-1.138437e+03 |   0.09%| unknown
  4.8s|     1 |     0 |  3168 |     - |    51M |   0 | 281 | 847 | 838 |  41 | 21 |  21 |   7 |-1.137495e+03 |-1.138437e+03 |   0.08%| unknown
  4.9s|     1 |     0 |  3168 |     - |    51M |   0 | 281 | 847 | 838 |  41 | 22 |  21 |   8 |-1.137495e+03 |-1.138437e+03 |   0.08%| unknown
  4.9s|     1 |     0 |  3168 |     - |    51M |   0 | 281 | 847 | 838 |  41 | 23 |  21 |   9 |-1.137495e+03 |-1.138437e+03 |   0.08%| unknown
  5.0s|     1 |     0 |  3168 |     - |    51M |   0 | 281 | 847 | 838 |  41 | 24 |  21 |  12 |-1.137495e+03 |-1.138437e+03 |   0.08%| unknown
 time | node  | left  |LP iter|LP it/n|mem/heur|mdpt |vars |cons |rows |cuts |sepa|confs|strbr|  dualbound   | primalbound  |  gap   | compl. 
  5.0s|     1 |     0 |  3168 |     - |    51M |   0 | 281 | 847 | 838 |  41 | 25 |  21 |  14 |-1.137495e+03 |-1.138437e+03 |   0.08%| unknown
  5.1s|     1 |     0 |  3168 |     - |    51M |   0 | 281 | 847 | 838 |  41 | 26 |  21 |  19 |-1.137515e+03 |-1.138437e+03 |   0.08%| unknown
  5.2s|     1 |     0 |  3195 |     - |    51M |   0 | 281 | 770 | 838 |  41 | 27 |  23 |  20 |-1.137515e+03 |-1.138437e+03 |   0.08%| unknown
  5.2s|     1 |     0 |  3195 |     - |    51M |   0 | 281 | 767 | 838 |  41 | 28 |  23 |  21 |-1.137515e+03 |-1.138437e+03 |   0.08%| unknown
  5.3s|     1 |     0 |  3195 |     - |    51M |   0 | 281 | 767 | 838 |  41 | 29 |  23 |  24 |-1.137669e+03 |-1.138437e+03 |   0.07%| unknown
  5.4s|     1 |     0 |  3221 |     - |    51M |   0 | 281 | 768 | 838 |  41 | 30 |  25 |  27 |-1.137669e+03 |-1.138437e+03 |   0.07%| unknown
  5.4s|     1 |     0 |  3221 |     - |    51M |   0 | 281 | 768 | 744 |  41 | 30 |  25 |  27 |-1.137669e+03 |-1.138437e+03 |   0.07%| unknown
  5.4s|     1 |     0 |  3226 |     - |    51M |   0 | 281 | 768 | 745 |  42 | 31 |  25 |  27 |-1.137669e+03 |-1.138437e+03 |   0.07%| unknown
  5.4s|     1 |     0 |  3226 |     - |    51M |   0 | 281 | 653 | 745 |  42 | 32 |  26 |  27 |-1.137669e+03 |-1.138437e+03 |   0.07%| unknown
  5.5s|     1 |     0 |  3226 |     - |    51M |   0 | 281 | 653 | 745 |  42 | 33 |  26 |  28 |-1.137669e+03 |-1.138437e+03 |   0.07%| unknown
  5.5s|     1 |     0 |  3226 |     - |    51M |   0 | 281 | 653 | 745 |  42 | 34 |  26 |  29 |-1.137669e+03 |-1.138437e+03 |   0.07%| unknown
  5.5s|     1 |     0 |  3266 |     - |    51M |   0 | 281 | 626 | 745 |  42 | 35 |  30 |  31 |-1.137669e+03 |-1.138437e+03 |   0.07%| unknown
  5.6s|     1 |     0 |  3266 |     - |    51M |   0 | 281 | 626 | 609 |  42 | 35 |  30 |  31 |-1.137669e+03 |-1.138437e+03 |   0.07%| unknown
  5.6s|     1 |     0 |  3266 |     - |    51M |   0 | 281 | 615 | 609 |  42 | 36 |  30 |  31 |-1.137669e+03 |-1.138437e+03 |   0.07%| unknown
  5.6s|     1 |     0 |  3266 |     - |    51M |   0 | 281 | 615 | 609 |  42 | 37 |  30 |  32 |-1.137669e+03 |-1.138437e+03 |   0.07%| unknown
 time | node  | left  |LP iter|LP it/n|mem/heur|mdpt |vars |cons |rows |cuts |sepa|confs|strbr|  dualbound   | primalbound  |  gap   | compl. 
  5.6s|     1 |     0 |  3296 |     - |    51M |   0 | 281 | 616 | 609 |  42 | 38 |  32 |  34 |-1.137669e+03 |-1.138437e+03 |   0.07%| unknown
  5.7s|     1 |     0 |  3296 |     - |    51M |   0 | 281 | 616 | 562 |  42 | 38 |  32 |  34 |-1.137669e+03 |-1.138437e+03 |   0.07%| unknown
  5.7s|     1 |     0 |  3300 |     - |    51M |   0 | 281 | 616 | 562 |  43 | 39 |  32 |  34 |-1.137669e+03 |-1.138437e+03 |   0.07%| unknown
  5.7s|     1 |     0 |  3300 |     - |    51M |   0 | 281 | 551 | 562 |  43 | 40 |  32 |  34 |-1.137669e+03 |-1.138437e+03 |   0.07%| unknown
  5.7s|     1 |     0 |  3300 |     - |    51M |   0 | 281 | 551 | 562 |  43 | 41 |  32 |  35 |-1.137669e+03 |-1.138437e+03 |   0.07%| unknown
  5.7s|     1 |     0 |  3300 |     - |    51M |   0 | 281 | 551 | 562 |  43 | 42 |  32 |  36 |-1.137737e+03 |-1.138437e+03 |   0.06%| unknown
  5.8s|     1 |     0 |  3309 |     - |    51M |   0 | 281 | 539 | 562 |  43 | 43 |  34 |  37 |-1.137737e+03 |-1.138437e+03 |   0.06%| unknown
  5.8s|     1 |     0 |  3310 |     - |    51M |   0 | 281 | 539 | 563 |  44 | 44 |  34 |  37 |-1.137737e+03 |-1.138437e+03 |   0.06%| unknown
  5.8s|     1 |     2 |  3310 |     - |    51M |   0 | 281 | 539 | 563 |  44 | 45 |  34 |  37 |-1.137737e+03 |-1.138437e+03 |   0.06%| unknown

SCIP Status        : problem is solved [optimal solution found]
Solving Time (sec) : 5.82
Solving Nodes      : 3 (total of 4 nodes in 2 runs)
Primal Bound       : -1.13843722943723e+03 (50 solutions)
Dual Bound         : -1.13843722943723e+03
Gap                : 0.00 %
  [linear] <c3179>: <x234>[C] (+26.6038961) +0.478354978<x1>[B] (+1) +0.478354978<x2>[B] (+1) +0.478354978<x3>[B] (+1) +0.478354978<x4>[B] (+1) +0.478354978<x5>[B] (+0) +0.478354978<x6>[B] (+1) +0.478354978<x7>[B] (+1) +0.478354978<x8>[B] (+1) +0.478354978<x9>[B] (+1) +0.478354978<x10>[B] (+0) +0.478354978<x11>[B] (+0) +0.478354978<x12>[B] (+1) +0.478354978<x13>[B] (+1) +0.478354978<x14>[B] (+1) +0.478354978<x15>[B] (+1) +0.478354978<x16>[B] (+0) +0.478354978<x17>[B] (+1) +0.478354978<x18>[B] (+1) +0.478354978<x19>[B] (+1) +0.478354978<x20>[B] (+1) +0.478354978<x21>[B] (+1) -0.478354978<x22>[B] (+1) -0.478354978<x23>[B] (+1) -0.478354978<x24>[B] (+0) -0.478354978<x25>[B] (+0) -0.478354978<x26>[B] (+0) -0.478354978<x27>[B] (+0) -0.478354978<x28>[B] (+0) -0.478354978<x29>[B] (+0) -0.478354978<x30>[B] (+0) -0.478354978<x31>[B] (+0) -0.478354978<x32>[B] (+1) -0.478354978<x33>[B] (+0) -0.478354978<x34>[B] (+0) -0.478354978<x35>[B] (+1) -0.478354978<x36>[B] (+0) -0.478354978<x37>[B] (+0) -0.478354978<x38>[B] (+0) -0.478354978<x39>[B] (+1) -0.478354978<x40>[B] (+0) -0.478354978<x41>[B] (+1) +0.478354978<x42>[B] (+1) +0.478354978<x43>[B] (+0) +0.478354978<x44>[B] (+0) +0.478354978<x45>[B] (+0) +0.478354978<x46>[B] (+0) +0.478354978<x47>[B] (+0) +0.478354978<x48>[B] (+0) +0.478354978<x49>[B] (+0) +0.478354978<x50>[B] (+0) +0.478354978<x51>[B] (+1) +0.478354978<x52>[B] (+0) +0.478354978<x53>[B] (+0) -0.478354978<x54>[B] (+1) +0.478354978<x55>[B] (+0) +0.478354978<x56>[B] (+0) -0.478354978<x57>[B] (+0) +0.478354978<x58>[B] (+0) +0.478354978<x59>[B] (+0) +0.478354978<x60>[B] (+1) +0.478354978<x61>[B] (+0) -0.478354978<x62>[B] (+0) -0.478354978<x63>[B] (+0) -0.478354978<x64>[B] (+0) -0.478354978<x65>[B] (+0) -0.478354978<x66>[B] (+0) -0.478354978<x67>[B] (+0) -0.478354978<x68>[B] (+0) -0.478354978<x69>[B] (+0) -0.478354978<x70>[B] (+0) -0.478354978<x71>[B] (+0) -0.478354978<x72>[B] (+0) -0.478354978<x73>[B] (+0) -0.478354978<x74>[B] (+0) -0.478354978<x75>[B] (+0) -0.478354978<x76>[B] (+0) -0.478354978<x77>[B] (+0) -0.478354978<x78>[B] (+0) -0.478354978<x79>[B] (+0) -0.478354978<x80>[B] (+1) -0.478354978<x81>[B] (+1) -0.478354978<x82>[B] (+1) -0.478354978<x83>[B] (+1) -0.478354978<x84>[B] (+0) -0.478354978<x85>[B] (+0) -0.478354978<x86>[B] (+1) -0.478354978<x87>[B] (+1) -0.478354978<x88>[B] (+1) -0.478354978<x89>[B] (+1) -0.478354978<x90>[B] (+0) -0.478354978<x91>[B] (+1) -0.478354978<x92>[B] (+0) -0.478354978<x93>[B] (+1) -0.478354978<x94>[B] (+1) -0.478354978<x95>[B] (+1) -0.478354978<x96>[B] (+1) -0.478354978<x97>[B] (+1) -0.478354978<x98>[B] (+1) -0.478354978<x99>[B] (+1) +0.478354978<x100>[B] (+0) -0.478354978<x101>[B] (+0) +0.478354978<x102>[B] (+1) -0.478354978<x103>[B] (+1) -0.478354978<x104>[B] (+1) -0.478354978<x105>[B] (+1) -0.478354978<x106>[B] (+0) +0.478354978<x107>[B] (+1) -0.478354978<x108>[B] (+1) -0.478354978<x109>[B] (+1) -0.478354978<x110>[B] (+1) -0.478354978<x111>[B] (+1) +0.478354978<x112>[B] (+1) +0.478354978<x113>[B] (+0) -0.478354978<x114>[B] (+0) +0.478354978<x115>[B] (+0) -0.478354978<x116>[B] (+0) +0.478354978<x117>[B] (+1) +0.478354978<x118>[B] (+0) +0.478354978<x119>[B] (+0) -0.478354978<x120>[B] (+1) +0.478354978<x121>[B] (+0) +0.478354978<x122>[B] (+0) -0.478354978<x123>[B] (+0) +0.478354978<x124>[B] (+1) -0.478354978<x125>[B] (+0) +0.478354978<x126>[B] (+1) +0.478354978<x127>[B] (+0) -0.478354978<x128>[B] (+0) +0.478354978<x129>[B] (+0) -0.478354978<x130>[B] (+0) +0.478354978<x131>[B] (+1) +0.478354978<x132>[B] (+0) +0.478354978<x133>[B] (+0) -0.478354978<x134>[B] (+1) -0.478354978<x135>[B] (+0) +0.478354978<x136>[B] (+0) -0.478354978<x137>[B] (+0) -0.478354978<x138>[B] (+1) -0.478354978<x139>[B] (+0) +0.478354978<x140>[B] (+1) -0.478354978<x141>[B] (+0) +0.478354978<x142>[B] (+0) -0.478354978<x143>[B] (+0) +0.478354978<x144>[B] (+1) +0.478354978<x145>[B] (+0) +0.478354978<x146>[B] (+0) -0.478354978<x147>[B] (+1) -0.478354978<x148>[B] (+0) +0.478354978<x149>[B] (+0) -0.478354978<x150>[B] (+0) -0.478354978<x151>[B] (+1) -0.478354978<x152>[B] (+1) +0.478354978<x153>[B] (+1) +0.478354978<x154>[B] (+0) -0.478354978<x155>[B] (+0) +0.478354978<x156>[B] (+1) +0.478354978<x157>[B] (+0) +0.478354978<x158>[B] (+1) -0.478354978<x159>[B] (+1) +0.478354978<x160>[B] (+0) +0.478354978<x161>[B] (+0) -0.478354978<x162>[B] (+0) +0.478354978<x163>[B] (+1) -0.478354978<x164>[B] (+1) +0.478354978<x165>[B] (+1) -0.478354978<x166>[B] (+0) -0.478354978<x167>[B] (+1) -0.478354978<x168>[B] (+1) -0.478354978<x169>[B] (+1) -0.478354978<x170>[B] (+1) -0.478354978<x171>[B] (+1) -0.478354978<x172>[B] (+1) -0.478354978<x173>[B] (+1) -0.478354978<x174>[B] (+1) -0.478354978<x175>[B] (+1) -0.478354978<x176>[B] (+1) +0.478354978<x177>[B] (+1) +0.478354978<x178>[B] (+1) +0.478354978<x179>[B] (+1) -0.478354978<x180>[B] (+1) +0.478354978<x181>[B] (+1) +0.478354978<x182>[B] (+1) -0.478354978<x183>[B] (+1) +0.478354978<x184>[B] (+1) +0.478354978<x185>[B] (+1) +0.478354978<x186>[B] (+1) -0.478354978<x187>[B] (+0) -0.478354978<x188>[B] (+0) -0.478354978<x189>[B] (+1) -0.478354978<x190>[B] (+0) -0.478354978<x191>[B] (+0) -0.478354978<x192>[B] (+0) -0.478354978<x193>[B] (+0) -0.478354978<x194>[B] (+0) -0.478354978<x195>[B] (+0) -0.478354978<x196>[B] (+1) -0.478354978<x197>[B] (+1) -0.478354978<x198>[B] (+0) +0.478354978<x199>[B] (+0) -0.478354978<x200>[B] (+0) -0.478354978<x201>[B] (+1) -0.478354978<x202>[B] (+1) -0.478354978<x203>[B] (+1) -0.478354978<x204>[B] (+1) -0.478354978<x205>[B] (+0) +0.478354978<x206>[B] (+0) -0.478354978<x207>[B] (+0) -0.478354978<x208>[B] (+1) -0.478354978<x209>[B] (+1) +0.478354978<x210>[B] (+1) +0.478354978<x211>[B] (+0) +0.478354978<x212>[B] (+0) +0.478354978<x213>[B] (+0) +0.478354978<x214>[B] (+0) +0.478354978<x215>[B] (+0) +0.478354978<x216>[B] (+0) +0.478354978<x217>[B] (+1) -0.478354978<x218>[B] (+1) +0.478354978<x219>[B] (+1) -0.478354978<x220>[B] (+1) +0.478354978<x221>[B] (+1) -0.478354978<x222>[B] (+0) -0.478354978<x223>[B] (+1) -0.478354978<x224>[B] (+1) -0.478354978<x225>[B] (+1) +0.478354978<x226>[B] (+1) +0.478354978<x227>[B] (+1) +0.478354978<x228>[B] (+1) -0.478354978<x229>[B] (+0) +0.478354978<x230>[B] (+1) +0.478354978<x231>[B] (+1) >= 20.4502164502165;
;
violation: left hand side is violated by 0.0649350649350744
  [linear] <c3181>: <x238>[C] (+25.1818182) -0.478354978<x1>[B] (+1) +0.478354978<x2>[B] (+1) +0.478354978<x3>[B] (+1) +0.478354978<x4>[B] (+1) -0.478354978<x5>[B] (+0) +0.478354978<x6>[B] (+1) +0.478354978<x7>[B] (+1) +0.478354978<x8>[B] (+1) +0.478354978<x9>[B] (+1) +0.478354978<x10>[B] (+0) +0.478354978<x11>[B] (+0) +0.478354978<x12>[B] (+1) +0.478354978<x13>[B] (+1) +0.478354978<x14>[B] (+1) +0.478354978<x15>[B] (+1) +0.478354978<x16>[B] (+0) +0.478354978<x17>[B] (+1) -0.478354978<x18>[B] (+1) -0.478354978<x19>[B] (+1) -0.478354978<x20>[B] (+1) +0.478354978<x21>[B] (+1) +0.478354978<x22>[B] (+1) +0.478354978<x23>[B] (+1) +0.478354978<x24>[B] (+0) +0.478354978<x25>[B] (+0) +0.478354978<x26>[B] (+0) +0.478354978<x27>[B] (+0) +0.478354978<x28>[B] (+0) +0.478354978<x29>[B] (+0) +0.478354978<x30>[B] (+0) +0.478354978<x31>[B] (+0) +0.478354978<x32>[B] (+1) +0.478354978<x33>[B] (+0) +0.478354978<x34>[B] (+0) +0.478354978<x35>[B] (+1) +0.478354978<x36>[B] (+0) +0.478354978<x37>[B] (+0) +0.478354978<x38>[B] (+0) -0.478354978<x39>[B] (+1) +0.478354978<x40>[B] (+0) +0.478354978<x41>[B] (+1) -0.478354978<x42>[B] (+1) -0.478354978<x43>[B] (+0) -0.478354978<x44>[B] (+0) -0.478354978<x45>[B] (+0) -0.478354978<x46>[B] (+0) -0.478354978<x47>[B] (+0) -0.478354978<x48>[B] (+0) -0.478354978<x49>[B] (+0) +0.478354978<x50>[B] (+0) +0.478354978<x51>[B] (+1) -0.478354978<x52>[B] (+0) -0.478354978<x53>[B] (+0) -0.478354978<x54>[B] (+1) -0.478354978<x55>[B] (+0) -0.478354978<x56>[B] (+0) -0.478354978<x57>[B] (+0) -0.478354978<x58>[B] (+0) -0.478354978<x59>[B] (+0) -0.478354978<x60>[B] (+1) +0.478354978<x61>[B] (+0) -0.478354978<x62>[B] (+0) +0.478354978<x63>[B] (+0) +0.478354978<x64>[B] (+0) +0.478354978<x65>[B] (+0) -0.478354978<x66>[B] (+0) +0.478354978<x67>[B] (+0) +0.478354978<x68>[B] (+0) +0.478354978<x69>[B] (+0) +0.478354978<x70>[B] (+0) -0.478354978<x71>[B] (+0) +0.478354978<x72>[B] (+0) -0.478354978<x73>[B] (+0) +0.478354978<x74>[B] (+0) -0.478354978<x75>[B] (+0) -0.478354978<x76>[B] (+0) -0.478354978<x77>[B] (+0) +0.478354978<x78>[B] (+0) -0.478354978<x79>[B] (+0) -0.478354978<x80>[B] (+1) -0.478354978<x81>[B] (+1) -0.478354978<x82>[B] (+1) -0.478354978<x83>[B] (+0) -0.478354978<x84>[B] (+0) +0.478354978<x85>[B] (+0) +0.478354978<x86>[B] (+1) +0.478354978<x87>[B] (+1) -0.478354978<x88>[B] (+1) -0.478354978<x89>[B] (+1) -0.478354978<x90>[B] (+0) -0.478354978<x91>[B] (+1) -0.478354978<x92>[B] (+0) -0.478354978<x93>[B] (+1) -0.478354978<x94>[B] (+1) -0.478354978<x95>[B] (+1) +0.478354978<x96>[B] (+1) +0.478354978<x97>[B] (+1) +0.478354978<x98>[B] (+1) +0.478354978<x99>[B] (+1) +0.478354978<x100>[B] (+0) +0.478354978<x101>[B] (+0) +0.478354978<x102>[B] (+1) +0.478354978<x103>[B] (+1) +0.478354978<x104>[B] (+1) +0.478354978<x105>[B] (+1) +0.478354978<x106>[B] (+0) +0.478354978<x107>[B] (+1) +0.478354978<x108>[B] (+1) -0.478354978<x109>[B] (+1) +0.478354978<x110>[B] (+1) +0.478354978<x111>[B] (+1) -0.478354978<x112>[B] (+1) -0.478354978<x113>[B] (+0) -0.478354978<x114>[B] (+0) -0.478354978<x115>[B] (+0) +0.478354978<x116>[B] (+0) +0.478354978<x117>[B] (+1) +0.478354978<x118>[B] (+0) -0.478354978<x119>[B] (+0) -0.478354978<x120>[B] (+1) -0.478354978<x121>[B] (+0) +0.478354978<x122>[B] (+0) -0.478354978<x123>[B] (+0) -0.478354978<x124>[B] (+1) -0.478354978<x125>[B] (+0) -0.478354978<x126>[B] (+1) -0.478354978<x127>[B] (+0) -0.478354978<x128>[B] (+0) -0.478354978<x129>[B] (+0) +0.478354978<x130>[B] (+0) +0.478354978<x131>[B] (+1) +0.478354978<x132>[B] (+0) -0.478354978<x133>[B] (+0) -0.478354978<x134>[B] (+1) -0.478354978<x135>[B] (+0) +0.478354978<x136>[B] (+0) -0.478354978<x137>[B] (+0) -0.478354978<x138>[B] (+1) -0.478354978<x139>[B] (+0) +0.478354978<x140>[B] (+1) -0.478354978<x141>[B] (+0) +0.478354978<x142>[B] (+0) +0.478354978<x143>[B] (+0) +0.478354978<x144>[B] (+1) +0.478354978<x145>[B] (+0) -0.478354978<x146>[B] (+0) +0.478354978<x147>[B] (+1) -0.478354978<x148>[B] (+0) +0.478354978<x149>[B] (+0) -0.478354978<x150>[B] (+0) -0.478354978<x151>[B] (+1) -0.478354978<x152>[B] (+1) +0.478354978<x153>[B] (+1) +0.478354978<x154>[B] (+0) +0.478354978<x155>[B] (+0) +0.478354978<x156>[B] (+1) +0.478354978<x157>[B] (+1) -0.478354978<x158>[B] (+1) +0.478354978<x159>[B] (+1) -0.478354978<x160>[B] (+0) +0.478354978<x161>[B] (+1) -0.478354978<x162>[B] (+0) -0.478354978<x163>[B] (+1) -0.478354978<x164>[B] (+1) +0.478354978<x165>[B] (+1) +0.478354978<x166>[B] (+0) +0.478354978<x167>[B] (+1) +0.478354978<x168>[B] (+1) -0.478354978<x169>[B] (+1) +0.478354978<x170>[B] (+1) -0.478354978<x171>[B] (+1) +0.478354978<x172>[B] (+1) -0.478354978<x173>[B] (+1) -0.478354978<x174>[B] (+1) -0.478354978<x175>[B] (+1) +0.478354978<x176>[B] (+1) +0.478354978<x177>[B] (+1) -0.478354978<x178>[B] (+1) -0.478354978<x179>[B] (+1) -0.478354978<x180>[B] (+1) -0.478354978<x181>[B] (+1) -0.478354978<x182>[B] (+1) -0.478354978<x183>[B] (+1) -0.478354978<x184>[B] (+1) -0.478354978<x185>[B] (+1) -0.478354978<x186>[B] (+1) -0.478354978<x187>[B] (+0) -0.478354978<x188>[B] (+0) -0.478354978<x189>[B] (+1) -0.478354978<x190>[B] (+0) -0.478354978<x191>[B] (+0) -0.478354978<x192>[B] (+0) -0.478354978<x193>[B] (+0) -0.478354978<x194>[B] (+0) -0.478354978<x195>[B] (+0) -0.478354978<x196>[B] (+1) -0.478354978<x197>[B] (+1) -0.478354978<x198>[B] (+0) -0.478354978<x199>[B] (+0) -0.478354978<x200>[B] (+0) -0.478354978<x201>[B] (+1) -0.478354978<x202>[B] (+1) -0.478354978<x203>[B] (+1) +0.478354978<x204>[B] (+1) -0.478354978<x205>[B] (+0) +0.478354978<x206>[B] (+0) -0.478354978<x207>[B] (+0) -0.478354978<x208>[B] (+1) -0.478354978<x209>[B] (+1) +0.478354978<x210>[B] (+1) -0.478354978<x211>[B] (+0) +0.478354978<x212>[B] (+0) -0.478354978<x213>[B] (+0) -0.478354978<x214>[B] (+0) -0.478354978<x215>[B] (+0) +0.478354978<x216>[B] (+0) +0.478354978<x217>[B] (+1) -0.478354978<x218>[B] (+1) -0.478354978<x219>[B] (+1) -0.478354978<x220>[B] (+1) +0.478354978<x221>[B] (+1) -0.478354978<x222>[B] (+0) -0.478354978<x223>[B] (+1) -0.478354978<x224>[B] (+1) -0.478354978<x225>[B] (+1) -0.478354978<x226>[B] (+1) +0.478354978<x227>[B] (+1) +0.478354978<x228>[B] (+1) +0.478354978<x229>[B] (+0) +0.478354978<x230>[B] (+1) +0.478354978<x231>[B] (+1) >= 25.2337662337662;
;
violation: left hand side is violated by 0.0519480519480418
  [linear] <c3179>: <x234>[C] (+27.5952381) +0.478354978<x1>[B] (+1) +0.478354978<x2>[B] (+1) +0.478354978<x3>[B] (+1) +0.478354978<x4>[B] (+1) +0.478354978<x5>[B] (+1) +0.478354978<x6>[B] (+1) +0.478354978<x7>[B] (+1) +0.478354978<x8>[B] (+1) +0.478354978<x9>[B] (+1) +0.478354978<x10>[B] (+1) +0.478354978<x11>[B] (+0) +0.478354978<x12>[B] (+1) +0.478354978<x13>[B] (+1) +0.478354978<x14>[B] (+1) +0.478354978<x15>[B] (+1) +0.478354978<x16>[B] (+0) +0.478354978<x17>[B] (+1) +0.478354978<x18>[B] (+1) +0.478354978<x19>[B] (+1) +0.478354978<x20>[B] (+1) +0.478354978<x21>[B] (+1) -0.478354978<x22>[B] (+1) -0.478354978<x23>[B] (+1) -0.478354978<x24>[B] (+0) -0.478354978<x25>[B] (+0) -0.478354978<x26>[B] (+0) -0.478354978<x27>[B] (+1) -0.478354978<x28>[B] (+0) -0.478354978<x29>[B] (+0) -0.478354978<x30>[B] (+0) -0.478354978<x31>[B] (+0) -0.478354978<x32>[B] (+1) -0.478354978<x33>[B] (+0) -0.478354978<x34>[B] (+1) -0.478354978<x35>[B] (+1) -0.478354978<x36>[B] (+0) -0.478354978<x37>[B] (+0) -0.478354978<x38>[B] (+0) -0.478354978<x39>[B] (+1) -0.478354978<x40>[B] (+1) -0.478354978<x41>[B] (+1) +0.478354978<x42>[B] (+1) +0.478354978<x43>[B] (+0) +0.478354978<x44>[B] (+0) +0.478354978<x45>[B] (+0) +0.478354978<x46>[B] (+0) +0.478354978<x47>[B] (+0) +0.478354978<x48>[B] (+0) +0.478354978<x49>[B] (+0) +0.478354978<x50>[B] (+0) +0.478354978<x51>[B] (+1) +0.478354978<x52>[B] (+0) +0.478354978<x53>[B] (+0) -0.478354978<x54>[B] (+1) +0.478354978<x55>[B] (+0) +0.478354978<x56>[B] (+0) -0.478354978<x57>[B] (+0) +0.478354978<x58>[B] (+0) +0.478354978<x59>[B] (+1) +0.478354978<x60>[B] (+0) +0.478354978<x61>[B] (+0) -0.478354978<x62>[B] (+0) -0.478354978<x63>[B] (+0) -0.478354978<x64>[B] (+0) -0.478354978<x65>[B] (+0) -0.478354978<x66>[B] (+0) -0.478354978<x67>[B] (+0) -0.478354978<x68>[B] (+0) -0.478354978<x69>[B] (+0) -0.478354978<x70>[B] (+0) -0.478354978<x71>[B] (+0) -0.478354978<x72>[B] (+0) -0.478354978<x73>[B] (+0) -0.478354978<x74>[B] (+0) -0.478354978<x75>[B] (+0) -0.478354978<x76>[B] (+0) -0.478354978<x77>[B] (+0) -0.478354978<x78>[B] (+0) -0.478354978<x79>[B] (+1) -0.478354978<x80>[B] (+1) -0.478354978<x81>[B] (+1) -0.478354978<x82>[B] (+1) -0.478354978<x83>[B] (+1) -0.478354978<x84>[B] (+1) -0.478354978<x85>[B] (+0) -0.478354978<x86>[B] (+1) -0.478354978<x87>[B] (+1) -0.478354978<x88>[B] (+1) -0.478354978<x89>[B] (+1) -0.478354978<x90>[B] (+0) -0.478354978<x91>[B] (+1) -0.478354978<x92>[B] (+0) -0.478354978<x93>[B] (+1) -0.478354978<x94>[B] (+1) -0.478354978<x95>[B] (+1) -0.478354978<x96>[B] (+1) -0.478354978<x97>[B] (+1) -0.478354978<x98>[B] (+1) -0.478354978<x99>[B] (+0) +0.478354978<x100>[B] (+0) -0.478354978<x101>[B] (+0) +0.478354978<x102>[B] (+1) -0.478354978<x103>[B] (+0) -0.478354978<x104>[B] (+1) -0.478354978<x105>[B] (+1) -0.478354978<x106>[B] (+0) +0.478354978<x107>[B] (+0) -0.478354978<x108>[B] (+0) -0.478354978<x109>[B] (+1) -0.478354978<x110>[B] (+1) -0.478354978<x111>[B] (+1) +0.478354978<x112>[B] (+1) +0.478354978<x113>[B] (+0) -0.478354978<x114>[B] (+0) +0.478354978<x115>[B] (+0) -0.478354978<x116>[B] (+0) +0.478354978<x117>[B] (+1) +0.478354978<x118>[B] (+0) +0.478354978<x119>[B] (+1) -0.478354978<x120>[B] (+1) +0.478354978<x121>[B] (+0) +0.478354978<x122>[B] (+0) -0.478354978<x123>[B] (+0) +0.478354978<x124>[B] (+1) -0.478354978<x125>[B] (+1) +0.478354978<x126>[B] (+1) +0.478354978<x127>[B] (+0) -0.478354978<x128>[B] (+0) +0.478354978<x129>[B] (+0) -0.478354978<x130>[B] (+0) +0.478354978<x131>[B] (+1) +0.478354978<x132>[B] (+0) +0.478354978<x133>[B] (+0) -0.478354978<x134>[B] (+1) -0.478354978<x135>[B] (+0) +0.478354978<x136>[B] (+0) -0.478354978<x137>[B] (+0) -0.478354978<x138>[B] (+1) -0.478354978<x139>[B] (+1) +0.478354978<x140>[B] (+0) -0.478354978<x141>[B] (+0) +0.478354978<x142>[B] (+0) -0.478354978<x143>[B] (+0) +0.478354978<x144>[B] (+1) +0.478354978<x145>[B] (+0) +0.478354978<x146>[B] (+1) -0.478354978<x147>[B] (+1) -0.478354978<x148>[B] (+0) +0.478354978<x149>[B] (+0) -0.478354978<x150>[B] (+0) -0.478354978<x151>[B] (+1) -0.478354978<x152>[B] (+1) +0.478354978<x153>[B] (+1) +0.478354978<x154>[B] (+0) -0.478354978<x155>[B] (+0) +0.478354978<x156>[B] (+1) +0.478354978<x157>[B] (+0) +0.478354978<x158>[B] (+1) -0.478354978<x159>[B] (+1) +0.478354978<x160>[B] (+0) +0.478354978<x161>[B] (+0) -0.478354978<x162>[B] (+0) +0.478354978<x163>[B] (+1) -0.478354978<x164>[B] (+1) +0.478354978<x165>[B] (+1) -0.478354978<x166>[B] (+0) -0.478354978<x167>[B] (+1) -0.478354978<x168>[B] (+1) -0.478354978<x169>[B] (+1) -0.478354978<x170>[B] (+1) -0.478354978<x171>[B] (+0) -0.478354978<x172>[B] (+1) -0.478354978<x173>[B] (+0) -0.478354978<x174>[B] (+1) -0.478354978<x175>[B] (+1) -0.478354978<x176>[B] (+1) +0.478354978<x177>[B] (+1) +0.478354978<x178>[B] (+1) +0.478354978<x179>[B] (+1) -0.478354978<x180>[B] (+1) +0.478354978<x181>[B] (+1) +0.478354978<x182>[B] (+1) -0.478354978<x183>[B] (+1) +0.478354978<x184>[B] (+1) +0.478354978<x185>[B] (+1) +0.478354978<x186>[B] (+1) -0.478354978<x187>[B] (+0) -0.478354978<x188>[B] (+0) -0.478354978<x189>[B] (+0) -0.478354978<x190>[B] (+0) -0.478354978<x191>[B] (+0) -0.478354978<x192>[B] (+0) -0.478354978<x193>[B] (+0) -0.478354978<x194>[B] (+0) -0.478354978<x195>[B] (+0) -0.478354978<x196>[B] (+1) -0.478354978<x197>[B] (+1) -0.478354978<x198>[B] (+0) +0.478354978<x199>[B] (+0) -0.478354978<x200>[B] (+0) -0.478354978<x201>[B] (+1) -0.478354978<x202>[B] (+1) -0.478354978<x203>[B] (+1) -0.478354978<x204>[B] (+1) -0.478354978<x205>[B] (+0) +0.478354978<x206>[B] (+0) -0.478354978<x207>[B] (+0) -0.478354978<x208>[B] (+1) -0.478354978<x209>[B] (+1) +0.478354978<x210>[B] (+0) +0.478354978<x211>[B] (+0) +0.478354978<x212>[B] (+0) +0.478354978<x213>[B] (+0) +0.478354978<x214>[B] (+0) +0.478354978<x215>[B] (+1) +0.478354978<x216>[B] (+0) +0.478354978<x217>[B] (+1) -0.478354978<x218>[B] (+1) +0.478354978<x219>[B] (+1) -0.478354978<x220>[B] (+1) +0.478354978<x221>[B] (+1) -0.478354978<x222>[B] (+0) -0.478354978<x223>[B] (+1) -0.478354978<x224>[B] (+1) -0.478354978<x225>[B] (+1) +0.478354978<x226>[B] (+1) +0.478354978<x227>[B] (+1) +0.478354978<x228>[B] (+1) -0.478354978<x229>[B] (+1) +0.478354978<x230>[B] (+0) +0.478354978<x231>[B] (+0) >= 20.4502164502165;
;
violation: left hand side is violated by 0.0303030303030205
  [linear] <c3179>: <x234>[C] (+27.0865801) +0.478354978<x1>[B] (+1) +0.478354978<x2>[B] (+1) +0.478354978<x3>[B] (+1) +0.478354978<x4>[B] (+0) +0.478354978<x5>[B] (+1) +0.478354978<x6>[B] (+1) +0.478354978<x7>[B] (+1) +0.478354978<x8>[B] (+1) +0.478354978<x9>[B] (+1) +0.478354978<x10>[B] (+0) +0.478354978<x11>[B] (+0) +0.478354978<x12>[B] (+1) +0.478354978<x13>[B] (+1) +0.478354978<x14>[B] (+1) +0.478354978<x15>[B] (+1) +0.478354978<x16>[B] (+0) +0.478354978<x17>[B] (+1) +0.478354978<x18>[B] (+0) +0.478354978<x19>[B] (+1) +0.478354978<x20>[B] (+1) +0.478354978<x21>[B] (+1) -0.478354978<x22>[B] (+1) -0.478354978<x23>[B] (+1) -0.478354978<x24>[B] (+0) -0.478354978<x25>[B] (+0) -0.478354978<x26>[B] (+1) -0.478354978<x27>[B] (+1) -0.478354978<x28>[B] (+0) -0.478354978<x29>[B] (+0) -0.478354978<x30>[B] (+0) -0.478354978<x31>[B] (+0) -0.478354978<x32>[B] (+1) -0.478354978<x33>[B] (+0) -0.478354978<x34>[B] (+0) -0.478354978<x35>[B] (+1) -0.478354978<x36>[B] (+0) -0.478354978<x37>[B] (+0) -0.478354978<x38>[B] (+0) -0.478354978<x39>[B] (+1) -0.478354978<x40>[B] (+1) -0.478354978<x41>[B] (+1) +0.478354978<x42>[B] (+1) +0.478354978<x43>[B] (+0) +0.478354978<x44>[B] (+0) +0.478354978<x45>[B] (+1) +0.478354978<x46>[B] (+1) +0.478354978<x47>[B] (+0) +0.478354978<x48>[B] (+0) +0.478354978<x49>[B] (+0) +0.478354978<x50>[B] (+0) +0.478354978<x51>[B] (+1) +0.478354978<x52>[B] (+0) +0.478354978<x53>[B] (+0) -0.478354978<x54>[B] (+1) +0.478354978<x55>[B] (+0) +0.478354978<x56>[B] (+0) -0.478354978<x57>[B] (+0) +0.478354978<x58>[B] (+1) +0.478354978<x59>[B] (+1) +0.478354978<x60>[B] (+1) +0.478354978<x61>[B] (+0) -0.478354978<x62>[B] (+0) -0.478354978<x63>[B] (+0) -0.478354978<x64>[B] (+0) -0.478354978<x65>[B] (+0) -0.478354978<x66>[B] (+0) -0.478354978<x67>[B] (+0) -0.478354978<x68>[B] (+0) -0.478354978<x69>[B] (+1) -0.478354978<x70>[B] (+0) -0.478354978<x71>[B] (+0) -0.478354978<x72>[B] (+1) -0.478354978<x73>[B] (+0) -0.478354978<x74>[B] (+0) -0.478354978<x75>[B] (+0) -0.478354978<x76>[B] (+0) -0.478354978<x77>[B] (+0) -0.478354978<x78>[B] (+0) -0.478354978<x79>[B] (+1) -0.478354978<x80>[B] (+1) -0.478354978<x81>[B] (+1) -0.478354978<x82>[B] (+1) -0.478354978<x83>[B] (+1) -0.478354978<x84>[B] (+0) -0.478354978<x85>[B] (+0) -0.478354978<x86>[B] (+1) -0.478354978<x87>[B] (+1) -0.478354978<x88>[B] (+1) -0.478354978<x89>[B] (+1) -0.478354978<x90>[B] (+1) -0.478354978<x91>[B] (+1) -0.478354978<x92>[B] (+0) -0.478354978<x93>[B] (+1) -0.478354978<x94>[B] (+1) -0.478354978<x95>[B] (+1) -0.478354978<x96>[B] (+1) -0.478354978<x97>[B] (+1) -0.478354978<x98>[B] (+0) -0.478354978<x99>[B] (+0) +0.478354978<x100>[B] (+0) -0.478354978<x101>[B] (+0) +0.478354978<x102>[B] (+1) -0.478354978<x103>[B] (+0) -0.478354978<x104>[B] (+0) -0.478354978<x105>[B] (+1) -0.478354978<x106>[B] (+0) +0.478354978<x107>[B] (+0) -0.478354978<x108>[B] (+0) -0.478354978<x109>[B] (+1) -0.478354978<x110>[B] (+1) -0.478354978<x111>[B] (+1) +0.478354978<x112>[B] (+1) +0.478354978<x113>[B] (+0) -0.478354978<x114>[B] (+0) +0.478354978<x115>[B] (+0) -0.478354978<x116>[B] (+0) +0.478354978<x117>[B] (+1) +0.478354978<x118>[B] (+0) +0.478354978<x119>[B] (+0) -0.478354978<x120>[B] (+1) +0.478354978<x121>[B] (+0) +0.478354978<x122>[B] (+0) -0.478354978<x123>[B] (+0) +0.478354978<x124>[B] (+0) -0.478354978<x125>[B] (+1) +0.478354978<x126>[B] (+1) +0.478354978<x127>[B] (+0) -0.478354978<x128>[B] (+0) +0.478354978<x129>[B] (+0) -0.478354978<x130>[B] (+0) +0.478354978<x131>[B] (+1) +0.478354978<x132>[B] (+0) +0.478354978<x133>[B] (+0) -0.478354978<x134>[B] (+1) -0.478354978<x135>[B] (+0) +0.478354978<x136>[B] (+0) -0.478354978<x137>[B] (+0) -0.478354978<x138>[B] (+0) -0.478354978<x139>[B] (+1) +0.478354978<x140>[B] (+1) -0.478354978<x141>[B] (+1) +0.478354978<x142>[B] (+0) -0.478354978<x143>[B] (+0) +0.478354978<x144>[B] (+1) +0.478354978<x145>[B] (+0) +0.478354978<x146>[B] (+1) -0.478354978<x147>[B] (+1) -0.478354978<x148>[B] (+0) +0.478354978<x149>[B] (+0) -0.478354978<x150>[B] (+0) -0.478354978<x151>[B] (+1) -0.478354978<x152>[B] (+1) +0.478354978<x153>[B] (+1) +0.478354978<x154>[B] (+0) -0.478354978<x155>[B] (+0) +0.478354978<x156>[B] (+1) +0.478354978<x157>[B] (+0) +0.478354978<x158>[B] (+1) -0.478354978<x159>[B] (+1) +0.478354978<x160>[B] (+0) +0.478354978<x161>[B] (+0) -0.478354978<x162>[B] (+0) +0.478354978<x163>[B] (+1) -0.478354978<x164>[B] (+1) +0.478354978<x165>[B] (+1) -0.478354978<x166>[B] (+0) -0.478354978<x167>[B] (+1) -0.478354978<x168>[B] (+1) -0.478354978<x169>[B] (+1) -0.478354978<x170>[B] (+1) -0.478354978<x171>[B] (+1) -0.478354978<x172>[B] (+1) -0.478354978<x173>[B] (+1) -0.478354978<x174>[B] (+1) -0.478354978<x175>[B] (+1) -0.478354978<x176>[B] (+1) +0.478354978<x177>[B] (+1) +0.478354978<x178>[B] (+1) +0.478354978<x179>[B] (+1) -0.478354978<x180>[B] (+1) +0.478354978<x181>[B] (+1) +0.478354978<x182>[B] (+1) -0.478354978<x183>[B] (+1) +0.478354978<x184>[B] (+1) +0.478354978<x185>[B] (+1) +0.478354978<x186>[B] (+1) -0.478354978<x187>[B] (+0) -0.478354978<x188>[B] (+0) -0.478354978<x189>[B] (+0) -0.478354978<x190>[B] (+0) -0.478354978<x191>[B] (+0) -0.478354978<x192>[B] (+0) -0.478354978<x193>[B] (+0) -0.478354978<x194>[B] (+0) -0.478354978<x195>[B] (+0) -0.478354978<x196>[B] (+1) -0.478354978<x197>[B] (+1) -0.478354978<x198>[B] (+0) +0.478354978<x199>[B] (+1) -0.478354978<x200>[B] (+0) -0.478354978<x201>[B] (+1) -0.478354978<x202>[B] (+1) -0.478354978<x203>[B] (+1) -0.478354978<x204>[B] (+1) -0.478354978<x205>[B] (+0) +0.478354978<x206>[B] (+0) -0.478354978<x207>[B] (+0) -0.478354978<x208>[B] (+1) -0.478354978<x209>[B] (+1) +0.478354978<x210>[B] (+1) +0.478354978<x211>[B] (+0) +0.478354978<x212>[B] (+0) +0.478354978<x213>[B] (+0) +0.478354978<x214>[B] (+0) +0.478354978<x215>[B] (+0) +0.478354978<x216>[B] (+0) +0.478354978<x217>[B] (+1) -0.478354978<x218>[B] (+0) +0.478354978<x219>[B] (+1) -0.478354978<x220>[B] (+1) +0.478354978<x221>[B] (+1) -0.478354978<x222>[B] (+0) -0.478354978<x223>[B] (+1) -0.478354978<x224>[B] (+1) -0.478354978<x225>[B] (+1) +0.478354978<x226>[B] (+1) +0.478354978<x227>[B] (+1) +0.478354978<x228>[B] (+1) -0.478354978<x229>[B] (+1) +0.478354978<x230>[B] (+1) +0.478354978<x231>[B] (+0) >= 20.4502164502165;
;
violation: left hand side is violated by 0.0606060606060517
  [linear] <c3182>: <x239>[C] (+40.469697) -0.586580087<x1>[B] (+1) -0.586580087<x2>[B] (+1) -0.586580087<x3>[B] (+1) +0.586580087<x4>[B] (+1) -0.586580087<x5>[B] (+0) -0.586580087<x6>[B] (+1) -0.586580087<x7>[B] (+1) +0.586580087<x8>[B] (+1) -0.586580087<x9>[B] (+1) +0.586580087<x10>[B] (+0) +0.586580087<x11>[B] (+0) +0.586580087<x12>[B] (+1) -0.586580087<x13>[B] (+1) -0.586580087<x14>[B] (+1) -0.586580087<x15>[B] (+1) +0.586580087<x16>[B] (+0) -0.586580087<x17>[B] (+1) -0.586580087<x18>[B] (+0) -0.586580087<x19>[B] (+1) -0.586580087<x20>[B] (+1) -0.586580087<x21>[B] (+1) +0.586580087<x22>[B] (+1) +0.586580087<x23>[B] (+1) +0.586580087<x24>[B] (+0) +0.586580087<x25>[B] (+0) +0.586580087<x26>[B] (+0) -0.586580087<x27>[B] (+1) +0.586580087<x28>[B] (+0) -0.586580087<x29>[B] (+0) +0.586580087<x30>[B] (+0) +0.586580087<x31>[B] (+0) +0.586580087<x32>[B] (+1) +0.586580087<x33>[B] (+0) -0.586580087<x34>[B] (+0) +0.586580087<x35>[B] (+1) +0.586580087<x36>[B] (+0) +0.586580087<x37>[B] (+0) +0.586580087<x38>[B] (+0) +0.586580087<x39>[B] (+1) -0.586580087<x40>[B] (+0) +0.586580087<x41>[B] (+1) +0.586580087<x42>[B] (+1) +0.586580087<x43>[B] (+0) +0.586580087<x44>[B] (+0) +0.586580087<x45>[B] (+0) -0.586580087<x46>[B] (+1) +0.586580087<x47>[B] (+0) -0.586580087<x48>[B] (+0) +0.586580087<x49>[B] (+0) +0.586580087<x50>[B] (+0) +0.586580087<x51>[B] (+1) +0.586580087<x52>[B] (+0) -0.586580087<x53>[B] (+0) +0.586580087<x54>[B] (+1) +0.586580087<x55>[B] (+0) +0.586580087<x56>[B] (+0) +0.586580087<x57>[B] (+0) +0.586580087<x58>[B] (+0) -0.586580087<x59>[B] (+0) +0.586580087<x60>[B] (+1) +0.586580087<x61>[B] (+0) -0.586580087<x62>[B] (+0) -0.586580087<x63>[B] (+0) -0.586580087<x64>[B] (+0) +0.586580087<x65>[B] (+0) -0.586580087<x66>[B] (+0) +0.586580087<x67>[B] (+0) +0.586580087<x68>[B] (+0) +0.586580087<x69>[B] (+0) +0.586580087<x70>[B] (+0) -0.586580087<x71>[B] (+0) +0.586580087<x72>[B] (+0) +0.586580087<x73>[B] (+0) +0.586580087<x74>[B] (+0) -0.586580087<x75>[B] (+0) +0.586580087<x76>[B] (+0) -0.586580087<x77>[B] (+0) +0.586580087<x78>[B] (+0) -0.586580087<x79>[B] (+0) -0.586580087<x80>[B] (+1) -0.586580087<x81>[B] (+1) -0.586580087<x82>[B] (+1) -0.586580087<x83>[B] (+1) -0.586580087<x84>[B] (+0) +0.586580087<x85>[B] (+0) +0.586580087<x86>[B] (+1) -0.586580087<x87>[B] (+1) -0.586580087<x88>[B] (+1) -0.586580087<x89>[B] (+1) -0.586580087<x90>[B] (+0) -0.586580087<x91>[B] (+1) -0.586580087<x92>[B] (+0) -0.586580087<x93>[B] (+1) -0.586580087<x94>[B] (+1) -0.586580087<x95>[B] (+1) -0.586580087<x96>[B] (+1) -0.586580087<x97>[B] (+1) +0.586580087<x98>[B] (+1) -0.586580087<x99>[B] (+1) +0.586580087<x100>[B] (+0) +0.586580087<x101>[B] (+0) +0.586580087<x102>[B] (+1) +0.586580087<x103>[B] (+1) -0.586580087<x104>[B] (+1) +0.586580087<x105>[B] (+1) +0.586580087<x106>[B] (+0) +0.586580087<x107>[B] (+1) -0.586580087<x108>[B] (+0) +0.586580087<x109>[B] (+1) -0.586580087<x110>[B] (+1) +0.586580087<x111>[B] (+1) -0.586580087<x112>[B] (+1) +0.586580087<x113>[B] (+0) -0.586580087<x114>[B] (+0) +0.586580087<x115>[B] (+0) +0.586580087<x116>[B] (+0) +0.586580087<x117>[B] (+1) +0.586580087<x118>[B] (+0) -0.586580087<x119>[B] (+0) +0.586580087<x120>[B] (+1) +0.586580087<x121>[B] (+0) +0.586580087<x122>[B] (+0) -0.586580087<x123>[B] (+0) +0.586580087<x124>[B] (+1) -0.586580087<x125>[B] (+1) +0.586580087<x126>[B] (+1) +0.586580087<x127>[B] (+0) -0.586580087<x128>[B] (+0) +0.586580087<x129>[B] (+0) +0.586580087<x130>[B] (+0) +0.586580087<x131>[B] (+1) +0.586580087<x132>[B] (+0) -0.586580087<x133>[B] (+0) +0.586580087<x134>[B] (+1) +0.586580087<x135>[B] (+0) +0.586580087<x136>[B] (+0) +0.586580087<x137>[B] (+0) +0.586580087<x138>[B] (+0) -0.586580087<x139>[B] (+0) +0.586580087<x140>[B] (+1) -0.586580087<x141>[B] (+0) +0.586580087<x142>[B] (+0) +0.586580087<x143>[B] (+0) +0.586580087<x144>[B] (+1) -0.586580087<x145>[B] (+0) -0.586580087<x146>[B] (+1) -0.586580087<x147>[B] (+1) +0.586580087<x148>[B] (+0) -0.586580087<x149>[B] (+0) -0.586580087<x150>[B] (+0) -0.586580087<x151>[B] (+1) -0.586580087<x152>[B] (+1) -0.586580087<x153>[B] (+1) +0.586580087<x154>[B] (+0) +0.586580087<x155>[B] (+0) +0.586580087<x156>[B] (+1) +0.586580087<x157>[B] (+1) +0.586580087<x158>[B] (+1) +0.586580087<x159>[B] (+1) +0.586580087<x160>[B] (+0) +0.586580087<x161>[B] (+0) +0.586580087<x162>[B] (+0) +0.586580087<x163>[B] (+1) +0.586580087<x164>[B] (+1) +0.586580087<x165>[B] (+1) +0.586580087<x166>[B] (+0) +0.586580087<x167>[B] (+1) -0.586580087<x168>[B] (+1) -0.586580087<x169>[B] (+1) -0.586580087<x170>[B] (+1) +0.586580087<x171>[B] (+1) -0.586580087<x172>[B] (+1) -0.586580087<x173>[B] (+1) -0.586580087<x174>[B] (+1) -0.586580087<x175>[B] (+1) -0.586580087<x176>[B] (+1) -0.586580087<x177>[B] (+1) -0.586580087<x178>[B] (+1) -0.586580087<x179>[B] (+1) -0.586580087<x180>[B] (+1) -0.586580087<x181>[B] (+1) -0.586580087<x182>[B] (+1) -0.586580087<x183>[B] (+1) -0.586580087<x184>[B] (+1) -0.586580087<x185>[B] (+1) -0.586580087<x186>[B] (+1) -0.586580087<x187>[B] (+0) -0.586580087<x188>[B] (+0) -0.586580087<x189>[B] (+1) -0.586580087<x190>[B] (+0) -0.586580087<x191>[B] (+0) -0.586580087<x192>[B] (+0) -0.586580087<x193>[B] (+0) -0.586580087<x194>[B] (+0) -0.586580087<x195>[B] (+0) -0.586580087<x196>[B] (+1) -0.586580087<x197>[B] (+1) +0.586580087<x198>[B] (+0) -0.586580087<x199>[B] (+0) -0.586580087<x200>[B] (+0) -0.586580087<x201>[B] (+1) -0.586580087<x202>[B] (+1) -0.586580087<x203>[B] (+1) +0.586580087<x204>[B] (+1) +0.586580087<x205>[B] (+0) +0.586580087<x206>[B] (+0) +0.586580087<x207>[B] (+0) +0.586580087<x208>[B] (+1) -0.586580087<x209>[B] (+1) +0.586580087<x210>[B] (+1) +0.586580087<x211>[B] (+0) -0.586580087<x212>[B] (+0) -0.586580087<x213>[B] (+0) -0.586580087<x214>[B] (+0) -0.586580087<x215>[B] (+0) +0.586580087<x216>[B] (+0) -0.586580087<x217>[B] (+1) -0.586580087<x218>[B] (+0) -0.586580087<x219>[B] (+1) -0.586580087<x220>[B] (+1) -0.586580087<x221>[B] (+1) -0.586580087<x222>[B] (+0) +0.586580087<x223>[B] (+1) -0.586580087<x224>[B] (+1) +0.586580087<x225>[B] (+1) +0.586580087<x226>[B] (+1) -0.586580087<x227>[B] (+1) +0.586580087<x228>[B] (+1) -0.586580087<x229>[B] (+0) +0.586580087<x230>[B] (+1) +0.586580087<x231>[B] (+1) >= 27.7164502164502;
;
violation: left hand side is violated by 0.151515151515149
  [linear] <c3182>: <x239>[C] (+41.0649351) -0.586580087<x1>[B] (+1) -0.586580087<x2>[B] (+1) -0.586580087<x3>[B] (+1) +0.586580087<x4>[B] (+1) -0.586580087<x5>[B] (+0) -0.586580087<x6>[B] (+1) -0.586580087<x7>[B] (+1) +0.586580087<x8>[B] (+1) -0.586580087<x9>[B] (+1) +0.586580087<x10>[B] (+0) +0.586580087<x11>[B] (+0) +0.586580087<x12>[B] (+1) -0.586580087<x13>[B] (+1) -0.586580087<x14>[B] (+1) -0.586580087<x15>[B] (+1) +0.586580087<x16>[B] (+0) -0.586580087<x17>[B] (+1) -0.586580087<x18>[B] (+0) -0.586580087<x19>[B] (+1) -0.586580087<x20>[B] (+1) -0.586580087<x21>[B] (+1) +0.586580087<x22>[B] (+1) +0.586580087<x23>[B] (+1) +0.586580087<x24>[B] (+0) +0.586580087<x25>[B] (+0) +0.586580087<x26>[B] (+0) -0.586580087<x27>[B] (+1) +0.586580087<x28>[B] (+0) -0.586580087<x29>[B] (+0) +0.586580087<x30>[B] (+0) +0.586580087<x31>[B] (+0) +0.586580087<x32>[B] (+1) +0.586580087<x33>[B] (+0) -0.586580087<x34>[B] (+0) +0.586580087<x35>[B] (+1) +0.586580087<x36>[B] (+0) +0.586580087<x37>[B] (+0) +0.586580087<x38>[B] (+0) +0.586580087<x39>[B] (+1) -0.586580087<x40>[B] (+0) +0.586580087<x41>[B] (+1) +0.586580087<x42>[B] (+1) +0.586580087<x43>[B] (+0) +0.586580087<x44>[B] (+0) +0.586580087<x45>[B] (+0) -0.586580087<x46>[B] (+1) +0.586580087<x47>[B] (+0) -0.586580087<x48>[B] (+0) +0.586580087<x49>[B] (+0) +0.586580087<x50>[B] (+0) +0.586580087<x51>[B] (+1) +0.586580087<x52>[B] (+0) -0.586580087<x53>[B] (+0) +0.586580087<x54>[B] (+1) +0.586580087<x55>[B] (+0) +0.586580087<x56>[B] (+0) +0.586580087<x57>[B] (+0) +0.586580087<x58>[B] (+0) -0.586580087<x59>[B] (+0) +0.586580087<x60>[B] (+1) +0.586580087<x61>[B] (+0) -0.586580087<x62>[B] (+0) -0.586580087<x63>[B] (+0) -0.586580087<x64>[B] (+0) +0.586580087<x65>[B] (+0) -0.586580087<x66>[B] (+0) +0.586580087<x67>[B] (+0) +0.586580087<x68>[B] (+0) +0.586580087<x69>[B] (+0) +0.586580087<x70>[B] (+0) -0.586580087<x71>[B] (+0) +0.586580087<x72>[B] (+0) +0.586580087<x73>[B] (+0) +0.586580087<x74>[B] (+0) -0.586580087<x75>[B] (+0) +0.586580087<x76>[B] (+0) -0.586580087<x77>[B] (+0) +0.586580087<x78>[B] (+0) -0.586580087<x79>[B] (+0) -0.586580087<x80>[B] (+1) -0.586580087<x81>[B] (+1) -0.586580087<x82>[B] (+1) -0.586580087<x83>[B] (+1) -0.586580087<x84>[B] (+0) +0.586580087<x85>[B] (+0) +0.586580087<x86>[B] (+1) -0.586580087<x87>[B] (+1) -0.586580087<x88>[B] (+1) -0.586580087<x89>[B] (+1) -0.586580087<x90>[B] (+0) -0.586580087<x91>[B] (+1) -0.586580087<x92>[B] (+0) -0.586580087<x93>[B] (+1) -0.586580087<x94>[B] (+1) -0.586580087<x95>[B] (+1) -0.586580087<x96>[B] (+1) -0.586580087<x97>[B] (+1) +0.586580087<x98>[B] (+1) -0.586580087<x99>[B] (+1) +0.586580087<x100>[B] (+0) +0.586580087<x101>[B] (+0) +0.586580087<x102>[B] (+1) +0.586580087<x103>[B] (+1) -0.586580087<x104>[B] (+1) +0.586580087<x105>[B] (+1) +0.586580087<x106>[B] (+0) +0.586580087<x107>[B] (+1) -0.586580087<x108>[B] (+1) +0.586580087<x109>[B] (+1) -0.586580087<x110>[B] (+1) +0.586580087<x111>[B] (+1) -0.586580087<x112>[B] (+1) +0.586580087<x113>[B] (+0) -0.586580087<x114>[B] (+0) +0.586580087<x115>[B] (+0) +0.586580087<x116>[B] (+0) +0.586580087<x117>[B] (+1) +0.586580087<x118>[B] (+0) -0.586580087<x119>[B] (+0) +0.586580087<x120>[B] (+1) +0.586580087<x121>[B] (+0) +0.586580087<x122>[B] (+0) -0.586580087<x123>[B] (+0) +0.586580087<x124>[B] (+1) -0.586580087<x125>[B] (+1) +0.586580087<x126>[B] (+1) +0.586580087<x127>[B] (+0) -0.586580087<x128>[B] (+0) +0.586580087<x129>[B] (+0) +0.586580087<x130>[B] (+0) +0.586580087<x131>[B] (+1) +0.586580087<x132>[B] (+0) -0.586580087<x133>[B] (+0) +0.586580087<x134>[B] (+1) +0.586580087<x135>[B] (+0) +0.586580087<x136>[B] (+0) +0.586580087<x137>[B] (+0) +0.586580087<x138>[B] (+0) -0.586580087<x139>[B] (+0) +0.586580087<x140>[B] (+1) -0.586580087<x141>[B] (+0) +0.586580087<x142>[B] (+0) +0.586580087<x143>[B] (+0) +0.586580087<x144>[B] (+1) -0.586580087<x145>[B] (+0) -0.586580087<x146>[B] (+1) -0.586580087<x147>[B] (+1) +0.586580087<x148>[B] (+0) -0.586580087<x149>[B] (+0) -0.586580087<x150>[B] (+0) -0.586580087<x151>[B] (+1) -0.586580087<x152>[B] (+1) -0.586580087<x153>[B] (+1) +0.586580087<x154>[B] (+0) +0.586580087<x155>[B] (+0) +0.586580087<x156>[B] (+1) +0.586580087<x157>[B] (+1) +0.586580087<x158>[B] (+1) +0.586580087<x159>[B] (+1) +0.586580087<x160>[B] (+0) +0.586580087<x161>[B] (+1) +0.586580087<x162>[B] (+0) +0.586580087<x163>[B] (+1) +0.586580087<x164>[B] (+1) +0.586580087<x165>[B] (+1) +0.586580087<x166>[B] (+0) +0.586580087<x167>[B] (+1) -0.586580087<x168>[B] (+1) -0.586580087<x169>[B] (+1) -0.586580087<x170>[B] (+1) +0.586580087<x171>[B] (+1) -0.586580087<x172>[B] (+1) -0.586580087<x173>[B] (+1) -0.586580087<x174>[B] (+1) -0.586580087<x175>[B] (+1) -0.586580087<x176>[B] (+1) -0.586580087<x177>[B] (+1) -0.586580087<x178>[B] (+1) -0.586580087<x179>[B] (+1) -0.586580087<x180>[B] (+1) -0.586580087<x181>[B] (+1) -0.586580087<x182>[B] (+1) -0.586580087<x183>[B] (+1) -0.586580087<x184>[B] (+1) -0.586580087<x185>[B] (+1) -0.586580087<x186>[B] (+1) -0.586580087<x187>[B] (+0) -0.586580087<x188>[B] (+0) -0.586580087<x189>[B] (+1) -0.586580087<x190>[B] (+0) -0.586580087<x191>[B] (+0) -0.586580087<x192>[B] (+0) -0.586580087<x193>[B] (+0) -0.586580087<x194>[B] (+0) -0.586580087<x195>[B] (+0) -0.586580087<x196>[B] (+1) -0.586580087<x197>[B] (+1) +0.586580087<x198>[B] (+0) -0.586580087<x199>[B] (+0) -0.586580087<x200>[B] (+0) -0.586580087<x201>[B] (+1) -0.586580087<x202>[B] (+1) -0.586580087<x203>[B] (+1) +0.586580087<x204>[B] (+1) +0.586580087<x205>[B] (+0) +0.586580087<x206>[B] (+0) +0.586580087<x207>[B] (+0) +0.586580087<x208>[B] (+1) -0.586580087<x209>[B] (+1) +0.586580087<x210>[B] (+1) +0.586580087<x211>[B] (+0) -0.586580087<x212>[B] (+0) -0.586580087<x213>[B] (+0) -0.586580087<x214>[B] (+0) -0.586580087<x215>[B] (+0) +0.586580087<x216>[B] (+0) -0.586580087<x217>[B] (+1) -0.586580087<x218>[B] (+1) -0.586580087<x219>[B] (+1) -0.586580087<x220>[B] (+1) -0.586580087<x221>[B] (+1) -0.586580087<x222>[B] (+0) +0.586580087<x223>[B] (+1) -0.586580087<x224>[B] (+1) +0.586580087<x225>[B] (+1) +0.586580087<x226>[B] (+1) -0.586580087<x227>[B] (+1) +0.586580087<x228>[B] (+1) -0.586580087<x229>[B] (+0) +0.586580087<x230>[B] (+1) +0.586580087<x231>[B] (+1) >= 27.7164502164502;
;
violation: left hand side is violated by 0.142857142857096
  [linear] <c3188>: <x248>[C] (+43.1904762) +0.564935065<x1>[B] (+1) +0.564935065<x2>[B] (+1) -0.564935065<x3>[B] (+1) -0.564935065<x4>[B] (+1) -0.564935065<x5>[B] (+1) -0.564935065<x6>[B] (+1) -0.564935065<x7>[B] (+1) -0.564935065<x8>[B] (+1) -0.564935065<x9>[B] (+1) +0.564935065<x10>[B] (+0) +0.564935065<x11>[B] (+0) -0.564935065<x12>[B] (+1) -0.564935065<x13>[B] (+1) -0.564935065<x14>[B] (+1) +0.564935065<x15>[B] (+1) -0.564935065<x16>[B] (+0) -0.564935065<x17>[B] (+1) +0.564935065<x18>[B] (+0) -0.564935065<x19>[B] (+1) +0.564935065<x20>[B] (+1) -0.564935065<x21>[B] (+1) -0.564935065<x22>[B] (+1) -0.564935065<x23>[B] (+1) -0.564935065<x24>[B] (+0) -0.564935065<x25>[B] (+0) -0.564935065<x26>[B] (+1) -0.564935065<x27>[B] (+1) -0.564935065<x28>[B] (+0) -0.564935065<x29>[B] (+0) -0.564935065<x30>[B] (+0) +0.564935065<x31>[B] (+0) -0.564935065<x32>[B] (+1) -0.564935065<x33>[B] (+0) -0.564935065<x34>[B] (+0) +0.564935065<x35>[B] (+1) -0.564935065<x36>[B] (+0) -0.564935065<x37>[B] (+0) -0.564935065<x38>[B] (+0) -0.564935065<x39>[B] (+1) +0.564935065<x40>[B] (+0) -0.564935065<x41>[B] (+1) -0.564935065<x42>[B] (+1) -0.564935065<x43>[B] (+0) -0.564935065<x44>[B] (+0) -0.564935065<x45>[B] (+0) -0.564935065<x46>[B] (+1) -0.564935065<x47>[B] (+0) -0.564935065<x48>[B] (+0) -0.564935065<x49>[B] (+0) +0.564935065<x50>[B] (+0) -0.564935065<x51>[B] (+1) -0.564935065<x52>[B] (+0) -0.564935065<x53>[B] (+0) +0.564935065<x54>[B] (+1) -0.564935065<x55>[B] (+0) -0.564935065<x56>[B] (+0) -0.564935065<x57>[B] (+0) -0.564935065<x58>[B] (+0) +0.564935065<x59>[B] (+0) -0.564935065<x60>[B] (+1) -0.564935065<x61>[B] (+0) -0.564935065<x62>[B] (+0) +0.564935065<x63>[B] (+0) -0.564935065<x64>[B] (+0) -0.564935065<x65>[B] (+0) +0.564935065<x66>[B] (+0) +0.564935065<x67>[B] (+0) +0.564935065<x68>[B] (+0) +0.564935065<x69>[B] (+0) -0.564935065<x70>[B] (+0) -0.564935065<x71>[B] (+0) +0.564935065<x72>[B] (+0) +0.564935065<x73>[B] (+0) -0.564935065<x74>[B] (+0) +0.564935065<x75>[B] (+0) -0.564935065<x76>[B] (+0) +0.564935065<x77>[B] (+0) -0.564935065<x78>[B] (+0) +0.564935065<x79>[B] (+0) +0.564935065<x80>[B] (+1) -0.564935065<x81>[B] (+1) -0.564935065<x82>[B] (+1) +0.564935065<x83>[B] (+0) +0.564935065<x84>[B] (+0) +0.564935065<x85>[B] (+0) +0.564935065<x86>[B] (+1) -0.564935065<x87>[B] (+1) -0.564935065<x88>[B] (+1) +0.564935065<x89>[B] (+1) +0.564935065<x90>[B] (+0) -0.564935065<x91>[B] (+1) +0.564935065<x92>[B] (+0) -0.564935065<x93>[B] (+1) +0.564935065<x94>[B] (+1) -0.564935065<x95>[B] (+1) +0.564935065<x96>[B] (+1) -0.564935065<x97>[B] (+1) -0.564935065<x98>[B] (+1) +0.564935065<x99>[B] (+0) +0.564935065<x100>[B] (+0) +0.564935065<x101>[B] (+0) +0.564935065<x102>[B] (+1) -0.564935065<x103>[B] (+1) -0.564935065<x104>[B] (+1) +0.564935065<x105>[B] (+1) +0.564935065<x106>[B] (+0) -0.564935065<x107>[B] (+1) +0.564935065<x108>[B] (+0) -0.564935065<x109>[B] (+1) +0.564935065<x110>[B] (+1) -0.564935065<x111>[B] (+1) -0.564935065<x112>[B] (+1) -0.564935065<x113>[B] (+0) -0.564935065<x114>[B] (+0) +0.564935065<x115>[B] (+0) +0.564935065<x116>[B] (+0) -0.564935065<x117>[B] (+1) -0.564935065<x118>[B] (+0) -0.564935065<x119>[B] (+0) +0.564935065<x120>[B] (+1) +0.564935065<x121>[B] (+0) -0.564935065<x122>[B] (+0) +0.564935065<x123>[B] (+0) -0.564935065<x124>[B] (+1) +0.564935065<x125>[B] (+0) -0.564935065<x126>[B] (+1) +0.564935065<x127>[B] (+0) +0.564935065<x128>[B] (+0) +0.564935065<x129>[B] (+0) +0.564935065<x130>[B] (+0) +0.564935065<x131>[B] (+1) +0.564935065<x132>[B] (+0) +0.564935065<x133>[B] (+0) +0.564935065<x134>[B] (+1) +0.564935065<x135>[B] (+0) +0.564935065<x136>[B] (+0) +0.564935065<x137>[B] (+0) +0.564935065<x138>[B] (+0) +0.564935065<x139>[B] (+0) +0.564935065<x140>[B] (+1) +0.564935065<x141>[B] (+0) +0.564935065<x142>[B] (+0) +0.564935065<x143>[B] (+0) +0.564935065<x144>[B] (+1) +0.564935065<x145>[B] (+0) +0.564935065<x146>[B] (+1) +0.564935065<x147>[B] (+1) +0.564935065<x148>[B] (+0) +0.564935065<x149>[B] (+0) +0.564935065<x150>[B] (+0) +0.564935065<x151>[B] (+1) +0.564935065<x152>[B] (+1) +0.564935065<x153>[B] (+1) +0.564935065<x154>[B] (+0) +0.564935065<x155>[B] (+0) +0.564935065<x156>[B] (+1) -0.564935065<x157>[B] (+1) -0.564935065<x158>[B] (+1) +0.564935065<x159>[B] (+1) +0.564935065<x160>[B] (+0) -0.564935065<x161>[B] (+1) +0.564935065<x162>[B] (+0) -0.564935065<x163>[B] (+1) +0.564935065<x164>[B] (+1) -0.564935065<x165>[B] (+1) +0.564935065<x166>[B] (+0) -0.564935065<x167>[B] (+1) -0.564935065<x168>[B] (+1) -0.564935065<x169>[B] (+1) +0.564935065<x170>[B] (+1) -0.564935065<x171>[B] (+1) -0.564935065<x172>[B] (+1) +0.564935065<x173>[B] (+1) -0.564935065<x174>[B] (+1) +0.564935065<x175>[B] (+1) -0.564935065<x176>[B] (+1) -0.564935065<x177>[B] (+1) -0.564935065<x178>[B] (+1) -0.564935065<x179>[B] (+1) -0.564935065<x180>[B] (+1) -0.564935065<x181>[B] (+1) -0.564935065<x182>[B] (+1) -0.564935065<x183>[B] (+1) -0.564935065<x184>[B] (+1) +0.564935065<x185>[B] (+1) -0.564935065<x186>[B] (+1) -0.564935065<x187>[B] (+0) -0.564935065<x188>[B] (+0) +0.564935065<x189>[B] (+1) +0.564935065<x190>[B] (+0) -0.564935065<x191>[B] (+0) +0.564935065<x192>[B] (+0) -0.564935065<x193>[B] (+0) +0.564935065<x194>[B] (+0) -0.564935065<x195>[B] (+0) +0.564935065<x196>[B] (+1) +0.564935065<x197>[B] (+1) +0.564935065<x198>[B] (+0) +0.564935065<x199>[B] (+0) +0.564935065<x200>[B] (+0) +0.564935065<x201>[B] (+1) +0.564935065<x202>[B] (+1) +0.564935065<x203>[B] (+1) +0.564935065<x204>[B] (+1) +0.564935065<x205>[B] (+0) +0.564935065<x206>[B] (+0) +0.564935065<x207>[B] (+0) -0.564935065<x208>[B] (+1) +0.564935065<x209>[B] (+1) -0.564935065<x210>[B] (+1) -0.564935065<x211>[B] (+0) -0.564935065<x212>[B] (+0) -0.564935065<x213>[B] (+0) -0.564935065<x214>[B] (+0) +0.564935065<x215>[B] (+0) -0.564935065<x216>[B] (+0) -0.564935065<x217>[B] (+1) +0.564935065<x218>[B] (+0) -0.564935065<x219>[B] (+1) +0.564935065<x220>[B] (+1) -0.564935065<x221>[B] (+1) +0.564935065<x222>[B] (+0) -0.564935065<x223>[B] (+1) +0.564935065<x224>[B] (+1) -0.564935065<x225>[B] (+1) -0.564935065<x226>[B] (+1) +0.564935065<x227>[B] (+1) -0.564935065<x228>[B] (+1) +0.564935065<x229>[B] (+0) -0.564935065<x230>[B] (+1) -0.564935065<x231>[B] (+1) >= 25.2813852813853;
;
violation: left hand side is violated by 0.168831168831119
  [linear] <c3185>: <x243>[C] (+33.7943723) -0.543290043<x1>[B] (+1) -0.543290043<x2>[B] (+1) -0.543290043<x3>[B] (+1) +0.543290043<x4>[B] (+1) -0.543290043<x5>[B] (+1) +0.543290043<x6>[B] (+1) -0.543290043<x7>[B] (+1) -0.543290043<x8>[B] (+1) -0.543290043<x9>[B] (+1) -0.543290043<x10>[B] (+0) -0.543290043<x11>[B] (+0) -0.543290043<x12>[B] (+1) +0.543290043<x13>[B] (+1) +0.543290043<x14>[B] (+1) +0.543290043<x15>[B] (+1) -0.543290043<x16>[B] (+0) -0.543290043<x17>[B] (+1) +0.543290043<x18>[B] (+0) -0.543290043<x19>[B] (+1) -0.543290043<x20>[B] (+1) -0.543290043<x21>[B] (+1) +0.543290043<x22>[B] (+1) -0.543290043<x23>[B] (+1) +0.543290043<x24>[B] (+0) -0.543290043<x25>[B] (+0) +0.543290043<x26>[B] (+1) +0.543290043<x27>[B] (+1) +0.543290043<x28>[B] (+0) +0.543290043<x29>[B] (+0) +0.543290043<x30>[B] (+0) +0.543290043<x31>[B] (+0) +0.543290043<x32>[B] (+1) +0.543290043<x33>[B] (+0) +0.543290043<x34>[B] (+0) +0.543290043<x35>[B] (+1) +0.543290043<x36>[B] (+0) +0.543290043<x37>[B] (+0) +0.543290043<x38>[B] (+0) +0.543290043<x39>[B] (+1) +0.543290043<x40>[B] (+0) +0.543290043<x41>[B] (+1) -0.543290043<x42>[B] (+1) +0.543290043<x43>[B] (+0) -0.543290043<x44>[B] (+0) +0.543290043<x45>[B] (+0) +0.543290043<x46>[B] (+1) -0.543290043<x47>[B] (+0) -0.543290043<x48>[B] (+0) -0.543290043<x49>[B] (+0) -0.543290043<x50>[B] (+0) -0.543290043<x51>[B] (+1) +0.543290043<x52>[B] (+0) +0.543290043<x53>[B] (+0) +0.543290043<x54>[B] (+1) -0.543290043<x55>[B] (+0) -0.543290043<x56>[B] (+0) +0.543290043<x57>[B] (+0) +0.543290043<x58>[B] (+0) +0.543290043<x59>[B] (+0) -0.543290043<x60>[B] (+1) +0.543290043<x61>[B] (+0) +0.543290043<x62>[B] (+0) +0.543290043<x63>[B] (+0) +0.543290043<x64>[B] (+0) +0.543290043<x65>[B] (+0) +0.543290043<x66>[B] (+0) +0.543290043<x67>[B] (+0) +0.543290043<x68>[B] (+0) +0.543290043<x69>[B] (+0) +0.543290043<x70>[B] (+0) +0.543290043<x71>[B] (+0) +0.543290043<x72>[B] (+0) +0.543290043<x73>[B] (+0) +0.543290043<x74>[B] (+0) +0.543290043<x75>[B] (+0) +0.543290043<x76>[B] (+0) +0.543290043<x77>[B] (+0) +0.543290043<x78>[B] (+0) -0.543290043<x79>[B] (+0) +0.543290043<x80>[B] (+1) -0.543290043<x81>[B] (+1) -0.543290043<x82>[B] (+1) -0.543290043<x83>[B] (+0) -0.543290043<x84>[B] (+0) -0.543290043<x85>[B] (+0) -0.543290043<x86>[B] (+1) -0.543290043<x87>[B] (+1) -0.543290043<x88>[B] (+1) -0.543290043<x89>[B] (+1) -0.543290043<x90>[B] (+0) -0.543290043<x91>[B] (+1) -0.543290043<x92>[B] (+0) -0.543290043<x93>[B] (+1) -0.543290043<x94>[B] (+1) -0.543290043<x95>[B] (+1) +0.543290043<x96>[B] (+1) +0.543290043<x97>[B] (+1) +0.543290043<x98>[B] (+1) +0.543290043<x99>[B] (+0) +0.543290043<x100>[B] (+0) +0.543290043<x101>[B] (+0) +0.543290043<x102>[B] (+1) +0.543290043<x103>[B] (+1) +0.543290043<x104>[B] (+1) +0.543290043<x105>[B] (+1) +0.543290043<x106>[B] (+0) +0.543290043<x107>[B] (+1) +0.543290043<x108>[B] (+0) +0.543290043<x109>[B] (+1) +0.543290043<x110>[B] (+1) +0.543290043<x111>[B] (+1) -0.543290043<x112>[B] (+1) -0.543290043<x113>[B] (+0) -0.543290043<x114>[B] (+0) -0.543290043<x115>[B] (+0) -0.543290043<x116>[B] (+0) -0.543290043<x117>[B] (+1) -0.543290043<x118>[B] (+0) -0.543290043<x119>[B] (+0) -0.543290043<x120>[B] (+1) -0.543290043<x121>[B] (+0) -0.543290043<x122>[B] (+0) -0.543290043<x123>[B] (+0) -0.543290043<x124>[B] (+1) -0.543290043<x125>[B] (+0) -0.543290043<x126>[B] (+1) -0.543290043<x127>[B] (+0) -0.543290043<x128>[B] (+0) -0.543290043<x129>[B] (+0) -0.543290043<x130>[B] (+0) -0.543290043<x131>[B] (+1) +0.543290043<x132>[B] (+0) +0.543290043<x133>[B] (+0) +0.543290043<x134>[B] (+1) -0.543290043<x135>[B] (+0) -0.543290043<x136>[B] (+0) +0.543290043<x137>[B] (+0) -0.543290043<x138>[B] (+0) +0.543290043<x139>[B] (+0) -0.543290043<x140>[B] (+1) +0.543290043<x141>[B] (+0) +0.543290043<x142>[B] (+0) +0.543290043<x143>[B] (+0) +0.543290043<x144>[B] (+1) +0.543290043<x145>[B] (+0) +0.543290043<x146>[B] (+1) +0.543290043<x147>[B] (+1) +0.543290043<x148>[B] (+0) +0.543290043<x149>[B] (+0) +0.543290043<x150>[B] (+0) +0.543290043<x151>[B] (+1) +0.543290043<x152>[B] (+1) -0.543290043<x153>[B] (+1) +0.543290043<x154>[B] (+0) -0.543290043<x155>[B] (+0) +0.543290043<x156>[B] (+1) +0.543290043<x157>[B] (+1) +0.543290043<x158>[B] (+1) +0.543290043<x159>[B] (+1) +0.543290043<x160>[B] (+0) -0.543290043<x161>[B] (+1) +0.543290043<x162>[B] (+0) +0.543290043<x163>[B] (+1) +0.543290043<x164>[B] (+1) -0.543290043<x165>[B] (+1) -0.543290043<x166>[B] (+0) +0.543290043<x167>[B] (+1) +0.543290043<x168>[B] (+1) +0.543290043<x169>[B] (+1) +0.543290043<x170>[B] (+1) +0.543290043<x171>[B] (+1) -0.543290043<x172>[B] (+1) +0.543290043<x173>[B] (+1) +0.543290043<x174>[B] (+1) +0.543290043<x175>[B] (+1) -0.543290043<x176>[B] (+1) +0.543290043<x177>[B] (+1) +0.543290043<x178>[B] (+1) +0.543290043<x179>[B] (+1) +0.543290043<x180>[B] (+1) +0.543290043<x181>[B] (+1) -0.543290043<x182>[B] (+1) +0.543290043<x183>[B] (+1) +0.543290043<x184>[B] (+1) +0.543290043<x185>[B] (+1) -0.543290043<x186>[B] (+1) +0.543290043<x187>[B] (+0) +0.543290043<x188>[B] (+0) +0.543290043<x189>[B] (+1) +0.543290043<x190>[B] (+0) -0.543290043<x191>[B] (+0) +0.543290043<x192>[B] (+0) +0.543290043<x193>[B] (+0) +0.543290043<x194>[B] (+0) -0.543290043<x195>[B] (+0) -0.543290043<x196>[B] (+1) -0.543290043<x197>[B] (+1) -0.543290043<x198>[B] (+0) -0.543290043<x199>[B] (+0) +0.543290043<x200>[B] (+0) -0.543290043<x201>[B] (+1) -0.543290043<x202>[B] (+1) -0.543290043<x203>[B] (+1) -0.543290043<x204>[B] (+1) -0.543290043<x205>[B] (+0) -0.543290043<x206>[B] (+0) +0.543290043<x207>[B] (+0) -0.543290043<x208>[B] (+1) -0.543290043<x209>[B] (+1) -0.543290043<x210>[B] (+1) -0.543290043<x211>[B] (+0) -0.543290043<x212>[B] (+0) +0.543290043<x213>[B] (+0) -0.543290043<x214>[B] (+0) -0.543290043<x215>[B] (+0) -0.543290043<x216>[B] (+0) -0.543290043<x217>[B] (+1) +0.543290043<x218>[B] (+0) +0.543290043<x219>[B] (+1) +0.543290043<x220>[B] (+1) -0.543290043<x221>[B] (+1) +0.543290043<x222>[B] (+0) +0.543290043<x223>[B] (+1) +0.543290043<x224>[B] (+1) -0.543290043<x225>[B] (+1) -0.543290043<x226>[B] (+1) -0.543290043<x227>[B] (+1) -0.543290043<x228>[B] (+1) +0.543290043<x229>[B] (+0) -0.543290043<x230>[B] (+1) -0.543290043<x231>[B] (+1) >= 34.9069264069264;
;
violation: left hand side is violated by 0.0259740259739871
  [linear] <c3179>: <x234>[C] (+27.0865801) +0.478354978<x1>[B] (+1) +0.478354978<x2>[B] (+1) +0.478354978<x3>[B] (+1) +0.478354978<x4>[B] (+0) +0.478354978<x5>[B] (+0) +0.478354978<x6>[B] (+1) +0.478354978<x7>[B] (+1) +0.478354978<x8>[B] (+1) +0.478354978<x9>[B] (+0) +0.478354978<x10>[B] (+0) +0.478354978<x11>[B] (+0) +0.478354978<x12>[B] (+1) +0.478354978<x13>[B] (+1) +0.478354978<x14>[B] (+1) +0.478354978<x15>[B] (+1) +0.478354978<x16>[B] (+0) +0.478354978<x17>[B] (+1) +0.478354978<x18>[B] (+0) +0.478354978<x19>[B] (+1) +0.478354978<x20>[B] (+1) +0.478354978<x21>[B] (+1) -0.478354978<x22>[B] (+1) -0.478354978<x23>[B] (+1) -0.478354978<x24>[B] (+0) -0.478354978<x25>[B] (+0) -0.478354978<x26>[B] (+1) -0.478354978<x27>[B] (+0) -0.478354978<x28>[B] (+0) -0.478354978<x29>[B] (+0) -0.478354978<x30>[B] (+0) -0.478354978<x31>[B] (+0) -0.478354978<x32>[B] (+1) -0.478354978<x33>[B] (+0) -0.478354978<x34>[B] (+0) -0.478354978<x35>[B] (+1) -0.478354978<x36>[B] (+0) -0.478354978<x37>[B] (+0) -0.478354978<x38>[B] (+0) -0.478354978<x39>[B] (+1) -0.478354978<x40>[B] (+0) -0.478354978<x41>[B] (+1) +0.478354978<x42>[B] (+1) +0.478354978<x43>[B] (+0) +0.478354978<x44>[B] (+0) +0.478354978<x45>[B] (+0) +0.478354978<x46>[B] (+0) +0.478354978<x47>[B] (+0) +0.478354978<x48>[B] (+0) +0.478354978<x49>[B] (+0) +0.478354978<x50>[B] (+0) +0.478354978<x51>[B] (+1) +0.478354978<x52>[B] (+0) +0.478354978<x53>[B] (+0) -0.478354978<x54>[B] (+1) +0.478354978<x55>[B] (+0) +0.478354978<x56>[B] (+0) -0.478354978<x57>[B] (+0) +0.478354978<x58>[B] (+0) +0.478354978<x59>[B] (+0) +0.478354978<x60>[B] (+1) +0.478354978<x61>[B] (+0) -0.478354978<x62>[B] (+0) -0.478354978<x63>[B] (+0) -0.478354978<x64>[B] (+0) -0.478354978<x65>[B] (+0) -0.478354978<x66>[B] (+0) -0.478354978<x67>[B] (+0) -0.478354978<x68>[B] (+0) -0.478354978<x69>[B] (+0) -0.478354978<x70>[B] (+0) -0.478354978<x71>[B] (+0) -0.478354978<x72>[B] (+0) -0.478354978<x73>[B] (+0) -0.478354978<x74>[B] (+0) -0.478354978<x75>[B] (+0) -0.478354978<x76>[B] (+0) -0.478354978<x77>[B] (+0) -0.478354978<x78>[B] (+0) -0.478354978<x79>[B] (+1) -0.478354978<x80>[B] (+1) -0.478354978<x81>[B] (+1) -0.478354978<x82>[B] (+1) -0.478354978<x83>[B] (+1) -0.478354978<x84>[B] (+0) -0.478354978<x85>[B] (+0) -0.478354978<x86>[B] (+1) -0.478354978<x87>[B] (+1) -0.478354978<x88>[B] (+1) -0.478354978<x89>[B] (+1) -0.478354978<x90>[B] (+1) -0.478354978<x91>[B] (+1) -0.478354978<x92>[B] (+0) -0.478354978<x93>[B] (+1) -0.478354978<x94>[B] (+1) -0.478354978<x95>[B] (+1) -0.478354978<x96>[B] (+1) -0.478354978<x97>[B] (+1) -0.478354978<x98>[B] (+1) -0.478354978<x99>[B] (+0) +0.478354978<x100>[B] (+0) -0.478354978<x101>[B] (+0) +0.478354978<x102>[B] (+1) -0.478354978<x103>[B] (+1) -0.478354978<x104>[B] (+1) -0.478354978<x105>[B] (+1) -0.478354978<x106>[B] (+0) +0.478354978<x107>[B] (+1) -0.478354978<x108>[B] (+0) -0.478354978<x109>[B] (+1) -0.478354978<x110>[B] (+1) -0.478354978<x111>[B] (+1) +0.478354978<x112>[B] (+0) +0.478354978<x113>[B] (+0) -0.478354978<x114>[B] (+0) +0.478354978<x115>[B] (+0) -0.478354978<x116>[B] (+0) +0.478354978<x117>[B] (+1) +0.478354978<x118>[B] (+0) +0.478354978<x119>[B] (+0) -0.478354978<x120>[B] (+1) +0.478354978<x121>[B] (+0) +0.478354978<x122>[B] (+0) -0.478354978<x123>[B] (+0) +0.478354978<x124>[B] (+1) -0.478354978<x125>[B] (+0) +0.478354978<x126>[B] (+1) +0.478354978<x127>[B] (+0) -0.478354978<x128>[B] (+0) +0.478354978<x129>[B] (+0) -0.478354978<x130>[B] (+0) +0.478354978<x131>[B] (+1) +0.478354978<x132>[B] (+0) +0.478354978<x133>[B] (+0) -0.478354978<x134>[B] (+1) -0.478354978<x135>[B] (+0) +0.478354978<x136>[B] (+0) -0.478354978<x137>[B] (+0) -0.478354978<x138>[B] (+1) -0.478354978<x139>[B] (+1) +0.478354978<x140>[B] (+1) -0.478354978<x141>[B] (+0) +0.478354978<x142>[B] (+0) -0.478354978<x143>[B] (+0) +0.478354978<x144>[B] (+1) +0.478354978<x145>[B] (+0) +0.478354978<x146>[B] (+1) -0.478354978<x147>[B] (+1) -0.478354978<x148>[B] (+0) +0.478354978<x149>[B] (+0) -0.478354978<x150>[B] (+0) -0.478354978<x151>[B] (+1) -0.478354978<x152>[B] (+1) +0.478354978<x153>[B] (+1) +0.478354978<x154>[B] (+0) -0.478354978<x155>[B] (+0) +0.478354978<x156>[B] (+1) +0.478354978<x157>[B] (+1) +0.478354978<x158>[B] (+1) -0.478354978<x159>[B] (+1) +0.478354978<x160>[B] (+1) +0.478354978<x161>[B] (+1) -0.478354978<x162>[B] (+0) +0.478354978<x163>[B] (+1) -0.478354978<x164>[B] (+1) +0.478354978<x165>[B] (+1) -0.478354978<x166>[B] (+0) -0.478354978<x167>[B] (+1) -0.478354978<x168>[B] (+1) -0.478354978<x169>[B] (+1) -0.478354978<x170>[B] (+1) -0.478354978<x171>[B] (+1) -0.478354978<x172>[B] (+1) -0.478354978<x173>[B] (+1) -0.478354978<x174>[B] (+1) -0.478354978<x175>[B] (+1) -0.478354978<x176>[B] (+1) +0.478354978<x177>[B] (+1) +0.478354978<x178>[B] (+1) +0.478354978<x179>[B] (+1) -0.478354978<x180>[B] (+1) +0.478354978<x181>[B] (+1) +0.478354978<x182>[B] (+1) -0.478354978<x183>[B] (+1) +0.478354978<x184>[B] (+1) +0.478354978<x185>[B] (+1) +0.478354978<x186>[B] (+1) -0.478354978<x187>[B] (+0) -0.478354978<x188>[B] (+0) -0.478354978<x189>[B] (+1) -0.478354978<x190>[B] (+0) -0.478354978<x191>[B] (+0) -0.478354978<x192>[B] (+0) -0.478354978<x193>[B] (+0) -0.478354978<x194>[B] (+0) -0.478354978<x195>[B] (+0) -0.478354978<x196>[B] (+1) -0.478354978<x197>[B] (+1) -0.478354978<x198>[B] (+0) +0.478354978<x199>[B] (+0) -0.478354978<x200>[B] (+0) -0.478354978<x201>[B] (+1) -0.478354978<x202>[B] (+1) -0.478354978<x203>[B] (+1) -0.478354978<x204>[B] (+1) -0.478354978<x205>[B] (+0) +0.478354978<x206>[B] (+0) -0.478354978<x207>[B] (+0) -0.478354978<x208>[B] (+1) -0.478354978<x209>[B] (+1) +0.478354978<x210>[B] (+1) +0.478354978<x211>[B] (+0) +0.478354978<x212>[B] (+0) +0.478354978<x213>[B] (+0) +0.478354978<x214>[B] (+0) +0.478354978<x215>[B] (+0) +0.478354978<x216>[B] (+0) +0.478354978<x217>[B] (+1) -0.478354978<x218>[B] (+0) +0.478354978<x219>[B] (+1) -0.478354978<x220>[B] (+1) +0.478354978<x221>[B] (+1) -0.478354978<x222>[B] (+0) -0.478354978<x223>[B] (+1) -0.478354978<x224>[B] (+1) -0.478354978<x225>[B] (+1) +0.478354978<x226>[B] (+1) +0.478354978<x227>[B] (+1) +0.478354978<x228>[B] (+1) -0.478354978<x229>[B] (+0) +0.478354978<x230>[B] (+1) +0.478354978<x231>[B] (+1) >= 20.4502164502165;
;
violation: left hand side is violated by 0.060606060606073
  [linear] <c3183>: <x240>[C] (+25.2034632) -0.478354978<x1>[B] (+1) +0.478354978<x2>[B] (+1) -0.478354978<x3>[B] (+1) -0.478354978<x4>[B] (+1) -0.478354978<x5>[B] (+1) -0.478354978<x6>[B] (+1) +0.478354978<x7>[B] (+1) +0.478354978<x8>[B] (+1) -0.478354978<x9>[B] (+1) -0.478354978<x10>[B] (+0) +0.478354978<x11>[B] (+0) -0.478354978<x12>[B] (+1) +0.478354978<x13>[B] (+1) +0.478354978<x14>[B] (+1) +0.478354978<x15>[B] (+1) +0.478354978<x16>[B] (+0) -0.478354978<x17>[B] (+1) -0.478354978<x18>[B] (+1) +0.478354978<x19>[B] (+1) -0.478354978<x20>[B] (+1) -0.478354978<x21>[B] (+1) +0.478354978<x22>[B] (+1) +0.478354978<x23>[B] (+1) +0.478354978<x24>[B] (+0) +0.478354978<x25>[B] (+0) -0.478354978<x26>[B] (+1) +0.478354978<x27>[B] (+1) +0.478354978<x28>[B] (+0) -0.478354978<x29>[B] (+0) -0.478354978<x30>[B] (+0) +0.478354978<x31>[B] (+0) +0.478354978<x32>[B] (+1) +0.478354978<x33>[B] (+0) +0.478354978<x34>[B] (+1) +0.478354978<x35>[B] (+1) +0.478354978<x36>[B] (+0) -0.478354978<x37>[B] (+0) +0.478354978<x38>[B] (+0) +0.478354978<x39>[B] (+1) +0.478354978<x40>[B] (+1) +0.478354978<x41>[B] (+1) -0.478354978<x42>[B] (+1) -0.478354978<x43>[B] (+0) -0.478354978<x44>[B] (+0) -0.478354978<x45>[B] (+1) +0.478354978<x46>[B] (+1) +0.478354978<x47>[B] (+0) -0.478354978<x48>[B] (+0) -0.478354978<x49>[B] (+0) +0.478354978<x50>[B] (+0) -0.478354978<x51>[B] (+1) +0.478354978<x52>[B] (+0) -0.478354978<x53>[B] (+0) +0.478354978<x54>[B] (+1) +0.478354978<x55>[B] (+0) -0.478354978<x56>[B] (+0) -0.478354978<x57>[B] (+0) -0.478354978<x58>[B] (+1) -0.478354978<x59>[B] (+1) -0.478354978<x60>[B] (+1) -0.478354978<x61>[B] (+0) +0.478354978<x62>[B] (+0) -0.478354978<x63>[B] (+0) +0.478354978<x64>[B] (+0) +0.478354978<x65>[B] (+0) -0.478354978<x66>[B] (+0) -0.478354978<x67>[B] (+0) +0.478354978<x68>[B] (+0) +0.478354978<x69>[B] (+0) +0.478354978<x70>[B] (+0) +0.478354978<x71>[B] (+0) +0.478354978<x72>[B] (+0) +0.478354978<x73>[B] (+0) -0.478354978<x74>[B] (+0) -0.478354978<x75>[B] (+0) +0.478354978<x76>[B] (+0) +0.478354978<x77>[B] (+0) +0.478354978<x78>[B] (+0) +0.478354978<x79>[B] (+1) -0.478354978<x80>[B] (+1) +0.478354978<x81>[B] (+1) +0.478354978<x82>[B] (+1) -0.478354978<x83>[B] (+1) -0.478354978<x84>[B] (+0) +0.478354978<x85>[B] (+0) +0.478354978<x86>[B] (+1) +0.478354978<x87>[B] (+1) +0.478354978<x88>[B] (+1) +0.478354978<x89>[B] (+1) +0.478354978<x90>[B] (+0) -0.478354978<x91>[B] (+1) -0.478354978<x92>[B] (+0) +0.478354978<x93>[B] (+1) +0.478354978<x94>[B] (+1) +0.478354978<x95>[B] (+1) -0.478354978<x96>[B] (+1) +0.478354978<x97>[B] (+1) +0.478354978<x98>[B] (+1) -0.478354978<x99>[B] (+1) -0.478354978<x100>[B] (+0) +0.478354978<x101>[B] (+0) -0.478354978<x102>[B] (+1) +0.478354978<x103>[B] (+1) +0.478354978<x104>[B] (+1) +0.478354978<x105>[B] (+1) +0.478354978<x106>[B] (+0) -0.478354978<x107>[B] (+1) -0.478354978<x108>[B] (+0) +0.478354978<x109>[B] (+1) +0.478354978<x110>[B] (+1) +0.478354978<x111>[B] (+1) +0.478354978<x112>[B] (+1) +0.478354978<x113>[B] (+0) +0.478354978<x114>[B] (+0) -0.478354978<x115>[B] (+0) +0.478354978<x116>[B] (+0) +0.478354978<x117>[B] (+1) +0.478354978<x118>[B] (+0) +0.478354978<x119>[B] (+0) +0.478354978<x120>[B] (+1) +0.478354978<x121>[B] (+0) -0.478354978<x122>[B] (+0) +0.478354978<x123>[B] (+0) +0.478354978<x124>[B] (+1) +0.478354978<x125>[B] (+1) +0.478354978<x126>[B] (+1) +0.478354978<x127>[B] (+0) -0.478354978<x128>[B] (+0) -0.478354978<x129>[B] (+0) +0.478354978<x130>[B] (+0) -0.478354978<x131>[B] (+1) +0.478354978<x132>[B] (+0) -0.478354978<x133>[B] (+0) +0.478354978<x134>[B] (+1) +0.478354978<x135>[B] (+0) -0.478354978<x136>[B] (+0) -0.478354978<x137>[B] (+0) -0.478354978<x138>[B] (+1) -0.478354978<x139>[B] (+0) -0.478354978<x140>[B] (+1) -0.478354978<x141>[B] (+0) -0.478354978<x142>[B] (+0) -0.478354978<x143>[B] (+0) -0.478354978<x144>[B] (+1) +0.478354978<x145>[B] (+0) -0.478354978<x146>[B] (+1) -0.478354978<x147>[B] (+1) -0.478354978<x148>[B] (+0) -0.478354978<x149>[B] (+0) -0.478354978<x150>[B] (+0) -0.478354978<x151>[B] (+1) -0.478354978<x152>[B] (+1) -0.478354978<x153>[B] (+1) -0.478354978<x154>[B] (+0) +0.478354978<x155>[B] (+0) +0.478354978<x156>[B] (+1) +0.478354978<x157>[B] (+1) +0.478354978<x158>[B] (+1) +0.478354978<x159>[B] (+1) +0.478354978<x160>[B] (+0) -0.478354978<x161>[B] (+0) +0.478354978<x162>[B] (+0) +0.478354978<x163>[B] (+1) +0.478354978<x164>[B] (+1) +0.478354978<x165>[B] (+1) +0.478354978<x166>[B] (+0) +0.478354978<x167>[B] (+1) +0.478354978<x168>[B] (+1) +0.478354978<x169>[B] (+1) +0.478354978<x170>[B] (+1) +0.478354978<x171>[B] (+1) +0.478354978<x172>[B] (+1) +0.478354978<x173>[B] (+1) +0.478354978<x174>[B] (+1) +0.478354978<x175>[B] (+1) +0.478354978<x176>[B] (+1) -0.478354978<x177>[B] (+1) +0.478354978<x178>[B] (+1) -0.478354978<x179>[B] (+1) -0.478354978<x180>[B] (+1) +0.478354978<x181>[B] (+1) -0.478354978<x182>[B] (+1) -0.478354978<x183>[B] (+1) -0.478354978<x184>[B] (+1) -0.478354978<x185>[B] (+1) -0.478354978<x186>[B] (+1) +0.478354978<x187>[B] (+0) +0.478354978<x188>[B] (+0) +0.478354978<x189>[B] (+1) +0.478354978<x190>[B] (+0) -0.478354978<x191>[B] (+0) -0.478354978<x192>[B] (+0) +0.478354978<x193>[B] (+0) +0.478354978<x194>[B] (+0) +0.478354978<x195>[B] (+0) -0.478354978<x196>[B] (+1) -0.478354978<x197>[B] (+1) -0.478354978<x198>[B] (+0) -0.478354978<x199>[B] (+0) -0.478354978<x200>[B] (+0) -0.478354978<x201>[B] (+1) -0.478354978<x202>[B] (+1) -0.478354978<x203>[B] (+1) +0.478354978<x204>[B] (+1) +0.478354978<x205>[B] (+0) -0.478354978<x206>[B] (+0) -0.478354978<x207>[B] (+0) +0.478354978<x208>[B] (+1) -0.478354978<x209>[B] (+1) -0.478354978<x210>[B] (+1) +0.478354978<x211>[B] (+0) -0.478354978<x212>[B] (+0) -0.478354978<x213>[B] (+0) -0.478354978<x214>[B] (+0) -0.478354978<x215>[B] (+0) -0.478354978<x216>[B] (+0) -0.478354978<x217>[B] (+1) -0.478354978<x218>[B] (+1) -0.478354978<x219>[B] (+1) -0.478354978<x220>[B] (+1) -0.478354978<x221>[B] (+1) +0.478354978<x222>[B] (+0) +0.478354978<x223>[B] (+1) +0.478354978<x224>[B] (+1) +0.478354978<x225>[B] (+1) +0.478354978<x226>[B] (+1) +0.478354978<x227>[B] (+1) +0.478354978<x228>[B] (+1) -0.478354978<x229>[B] (+0) -0.478354978<x230>[B] (+0) +0.478354978<x231>[B] (+1) >= 33.8441558441558;
;
violation: left hand side is violated by 0.0303030303030454
all 10 solutions given by solution candidate storage are infeasible

feasible solution found by trivial heuristic after 0.0 seconds, objective value -4.999946e+06
presolving:
   (0.0s) symmetry computation started: requiring (bin +, int +, cont +), (fixed: bin -, int -, cont -)
   (0.0s) no symmetry present (symcode time: 0.00)
presolving (0 rounds: 0 fast, 0 medium, 0 exhaustive):
 0 deleted vars, 0 deleted constraints, 0 added constraints, 0 tightened bounds, 0 added holes, 0 changed sides, 0 changed coefficients
 0 implications, 0 cliques, 0 implied integral variables (0 bin, 0 int, 0 cont)
presolved problem has 281 variables (231 bin, 0 int, 50 cont) and 3215 constraints
   3215 constraints of type <linear>
Presolving Time: 0.02
transformed 1/1 original solutions to the transformed problem space

 time | node  | left  |LP iter|LP it/n|mem/heur|mdpt |vars |cons |rows |cuts |sepa|confs|strbr|  dualbound   | primalbound  |  gap   | compl. 
p 0.0s|     1 |     0 |    19 |     - |   locks|   0 | 281 |3215 |3215 |   0 |  0 |   0 |   0 | 7.160000e+02 |-1.637491e+03 |    Inf | unknown
  0.1s|     1 |     0 |   659 |     - |    55M |   0 | 281 |3215 |3215 |   0 |  0 |   0 |   0 |-1.139003e+03 |-1.637491e+03 |  43.77%| unknown
r 0.1s|     1 |     0 |   659 |     - |shifting|   0 | 281 |3215 |3215 |   0 |  0 |   0 |   0 |-1.139003e+03 |-1.234221e+03 |   8.36%| unknown
  0.3s|     1 |     0 |   685 |     - |    55M |   0 | 281 |3215 |3216 |   1 |  1 |   0 |   0 |-1.139045e+03 |-1.234221e+03 |   8.36%| unknown
  0.3s|     1 |     0 |   685 |     - |    55M |   0 | 281 |3215 |3216 |   1 |  1 |   0 |   0 |-1.139045e+03 |-1.234221e+03 |   8.36%| unknown
  0.5s|     1 |     0 |   719 |     - |    55M |   0 | 281 |3215 |3219 |   4 |  2 |   0 |   0 |-1.139150e+03 |-1.234221e+03 |   8.35%| unknown
  0.6s|     1 |     0 |   758 |     - |    56M |   0 | 281 |3215 |3222 |   7 |  3 |   0 |   0 |-1.139321e+03 |-1.234221e+03 |   8.33%| unknown
r 0.6s|     1 |     0 |   758 |     - |shifting|   0 | 281 |3215 |3222 |   7 |  3 |   0 |   0 |-1.139321e+03 |-1.234176e+03 |   8.33%| unknown
  0.8s|     1 |     0 |   772 |     - |    56M |   0 | 281 |3215 |3226 |  11 |  4 |   0 |   0 |-1.139357e+03 |-1.234176e+03 |   8.32%| unknown
r 0.8s|     1 |     0 |   772 |     - |shifting|   0 | 281 |3215 |3226 |  11 |  4 |   0 |   0 |-1.139357e+03 |-1.229355e+03 |   7.90%| unknown
  1.0s|     1 |     0 |   789 |     - |    56M |   0 | 281 |3215 |3229 |  14 |  5 |   0 |   0 |-1.139405e+03 |-1.229355e+03 |   7.89%| unknown
  1.2s|     1 |     0 |   837 |     - |    57M |   0 | 281 |3215 |3232 |  17 |  6 |   0 |   0 |-1.139513e+03 |-1.229355e+03 |   7.88%| unknown
  1.4s|     1 |     0 |   874 |     - |    57M |   0 | 281 |3215 |3236 |  21 |  7 |   0 |   0 |-1.139578e+03 |-1.229355e+03 |   7.88%| unknown
  1.6s|     1 |     0 |   901 |     - |    57M |   0 | 281 |3215 |3239 |  24 |  8 |   0 |   0 |-1.139607e+03 |-1.229355e+03 |   7.88%| unknown
  1.9s|     1 |     0 |   936 |     - |    58M |   0 | 281 |3215 |3242 |  27 |  9 |   0 |   0 |-1.139654e+03 |-1.229355e+03 |   7.87%| unknown
 time | node  | left  |LP iter|LP it/n|mem/heur|mdpt |vars |cons |rows |cuts |sepa|confs|strbr|  dualbound   | primalbound  |  gap   | compl. 
  2.1s|     1 |     0 |   962 |     - |    58M |   0 | 281 |3215 |3244 |  29 | 10 |   0 |   0 |-1.139668e+03 |-1.229355e+03 |   7.87%| unknown
  2.2s|     1 |     0 |   983 |     - |    58M |   0 | 281 |3215 |3246 |  31 | 11 |   0 |   0 |-1.139676e+03 |-1.229355e+03 |   7.87%| unknown
  2.2s|     1 |     0 |  1002 |     - |    59M |   0 | 281 |3215 |3248 |  33 | 12 |   0 |   0 |-1.139677e+03 |-1.229355e+03 |   7.87%| unknown
r 2.2s|     1 |     0 |  1002 |     - |shifting|   0 | 281 |3215 |3248 |  33 | 12 |   0 |   0 |-1.139677e+03 |-1.226940e+03 |   7.66%| unknown
  2.2s|     1 |     0 |  1006 |     - |    59M |   0 | 281 |3215 |3249 |  34 | 13 |   0 |   0 |-1.139677e+03 |-1.226940e+03 |   7.66%| unknown
r 2.2s|     1 |     0 |  1079 |     - |intshift|   0 | 281 |3215 |3249 |  34 | 13 |   0 |   0 |-1.139677e+03 |-1.157948e+03 |   1.60%| unknown
d 2.3s|     1 |     0 |  1407 |     - |farkasdi|   0 | 281 |3215 |3249 |   0 | 13 |   0 |   0 |-1.139677e+03 |-1.143459e+03 |   0.33%| unknown
L 2.4s|     1 |     0 |  1407 |     - |    rens|   0 | 281 |3215 |3249 |  34 | 13 |   0 |   0 |-1.139677e+03 |-1.140251e+03 |   0.05%| unknown
  2.4s|     1 |     0 |  1407 |     - |    59M |   0 | 281 |3215 |3249 |  34 | 13 |   0 |   0 |-1.139677e+03 |-1.140251e+03 |   0.05%| unknown
  2.4s|     1 |     0 |  1407 |     - |    59M |   0 | 281 |3215 | 830 |  34 | 13 |   0 |   0 |-1.139677e+03 |-1.140251e+03 |   0.05%| unknown
  2.5s|     1 |     0 |  1429 |     - |    59M |   0 | 281 |3215 | 833 |  37 | 14 |   0 |   0 |-1.139682e+03 |-1.140251e+03 |   0.05%| unknown
  2.5s|     1 |     0 |  1446 |     - |    59M |   0 | 281 |3215 | 835 |  39 | 15 |   0 |   0 |-1.139683e+03 |-1.140251e+03 |   0.05%| unknown
  2.5s|     1 |     0 |  1446 |     - |    59M |   0 | 281 | 604 | 835 |  39 | 15 |   0 |   0 |-1.139683e+03 |-1.140251e+03 |   0.05%| unknown
  2.5s|     1 |     0 |  1450 |     - |    59M |   0 | 281 | 604 | 836 |  40 | 16 |   0 |   0 |-1.139684e+03 |-1.140251e+03 |   0.05%| unknown
  2.5s|     1 |     0 |  1453 |     - |    59M |   0 | 281 | 604 | 837 |  41 | 17 |   0 |   0 |-1.139684e+03 |-1.140251e+03 |   0.05%| unknown
(run 1, node 1) restarting after 150 global fixings of integer variables

(restart) converted 41 cuts from the global cut pool into linear constraints

presolving:
presolving (0 rounds: 0 fast, 0 medium, 0 exhaustive):
 0 deleted vars, 0 deleted constraints, 0 added constraints, 0 tightened bounds, 0 added holes, 0 changed sides, 0 changed coefficients
 0 implications, 0 cliques, 0 implied integral variables (0 bin, 0 int, 0 cont)
presolved problem has 281 variables (231 bin, 0 int, 50 cont) and 645 constraints
    645 constraints of type <linear>
Presolving Time: 0.02
transformed 15/25 original solutions to the transformed problem space

 time | node  | left  |LP iter|LP it/n|mem/heur|mdpt |vars |cons |rows |cuts |sepa|confs|strbr|  dualbound   | primalbound  |  gap   | compl. 
  2.6s|     1 |     0 |  2109 |     - |    60M |   0 | 281 | 645 | 645 |   0 |  0 |   0 |   0 |-1.139684e+03 |-1.140251e+03 |   0.05%| unknown
  2.6s|     1 |     0 |  2109 |     - |    60M |   0 | 281 | 645 | 639 |   0 |  0 |   0 |   0 |-1.139684e+03 |-1.140251e+03 |   0.05%| unknown
  2.7s|     1 |     0 |  2168 |     - |    60M |   0 | 281 | 645 | 640 |   1 |  1 |   0 |   0 |-1.139707e+03 |-1.140251e+03 |   0.05%| unknown
  2.9s|     1 |     0 |  2191 |     - |    60M |   0 | 281 | 645 | 641 |   2 |  2 |   0 |   0 |-1.139713e+03 |-1.140251e+03 |   0.05%| unknown
  3.0s|     1 |     0 |  2202 |     - |    60M |   0 | 281 | 645 | 643 |   4 |  3 |   0 |   0 |-1.139714e+03 |-1.140251e+03 |   0.05%| unknown
  3.2s|     1 |     0 |  2224 |     - |    60M |   0 | 281 | 645 | 645 |   6 |  4 |   0 |   0 |-1.139717e+03 |-1.140251e+03 |   0.05%| unknown
  3.4s|     1 |     0 |  2235 |     - |    60M |   0 | 281 | 646 | 647 |   8 |  5 |   1 |   0 |-1.139718e+03 |-1.140251e+03 |   0.05%| unknown
  3.5s|     1 |     0 |  2269 |     - |    60M |   0 | 281 | 646 | 648 |   9 |  6 |   1 |   0 |-1.139724e+03 |-1.140251e+03 |   0.05%| unknown
  3.7s|     1 |     0 |  2299 |     - |    61M |   0 | 281 | 646 | 649 |  10 |  7 |   1 |   0 |-1.139727e+03 |-1.140251e+03 |   0.05%| unknown
  3.9s|     1 |     0 |  2328 |     - |    61M |   0 | 281 | 646 | 650 |  11 |  8 |   1 |   0 |-1.139728e+03 |-1.140251e+03 |   0.05%| unknown
  4.1s|     1 |     0 |  2361 |     - |    61M |   0 | 281 | 646 | 651 |  12 |  9 |   1 |   0 |-1.139730e+03 |-1.140251e+03 |   0.05%| unknown
  4.3s|     1 |     0 |  2383 |     - |    63M |   0 | 281 | 646 | 652 |  13 | 10 |   1 |   0 |-1.139731e+03 |-1.140251e+03 |   0.05%| unknown
  4.4s|     1 |     0 |  2392 |     - |    63M |   0 | 281 | 646 | 653 |  14 | 11 |   1 |   0 |-1.139731e+03 |-1.140251e+03 |   0.05%| unknown
  4.4s|     1 |     0 |  2392 |     - |    63M |   0 | 281 | 626 | 653 |  14 | 11 |   1 |   0 |-1.139731e+03 |-1.140251e+03 |   0.05%| unknown
  4.5s|     1 |     0 |  2400 |     - |    63M |   0 | 281 | 626 | 654 |  15 | 12 |   1 |   0 |-1.139731e+03 |-1.140251e+03 |   0.05%| unknown
 time | node  | left  |LP iter|LP it/n|mem/heur|mdpt |vars |cons |rows |cuts |sepa|confs|strbr|  dualbound   | primalbound  |  gap   | compl. 
  4.8s|     1 |     0 |  2790 |     - |    63M |   0 | 281 | 640 | 654 |  15 | 13 |  15 |   1 |-1.139881e+03 |-1.140251e+03 |   0.03%| unknown
  5.0s|     1 |     0 |  2793 |     - |    63M |   0 | 281 | 640 | 655 |  16 | 14 |  15 |   1 |-1.139881e+03 |-1.140251e+03 |   0.03%| unknown
  5.0s|     1 |     0 |  2793 |     - |    63M |   0 | 281 | 640 | 655 |  16 | 15 |  15 |   2 |-1.139881e+03 |-1.140251e+03 |   0.03%| unknown
  5.1s|     1 |     0 |  2793 |     - |    63M |   0 | 281 | 640 | 655 |  16 | 16 |  15 |   4 |-1.139881e+03 |-1.140251e+03 |   0.03%| unknown
  5.3s|     1 |     0 |  2793 |     - |    63M |   0 | 281 | 640 | 655 |  16 | 17 |  15 |   6 |-1.139881e+03 |-1.140251e+03 |   0.03%| unknown
  5.4s|     1 |     0 |  2793 |     - |    63M |   0 | 281 | 640 | 655 |  16 | 18 |  15 |   7 |-1.139881e+03 |-1.140251e+03 |   0.03%| unknown
  5.5s|     1 |     0 |  2793 |     - |    63M |   0 | 281 | 640 | 655 |  16 | 19 |  15 |  10 |-1.139881e+03 |-1.140251e+03 |   0.03%| unknown
  5.7s|     1 |     0 |  2793 |     - |    63M |   0 | 281 | 640 | 655 |  16 | 20 |  15 |  15 |-1.139881e+03 |-1.140251e+03 |   0.03%| unknown
  5.9s|     1 |     0 |  2847 |     - |    63M |   0 | 281 | 628 | 655 |  16 | 21 |  17 |  18 |-1.139881e+03 |-1.140251e+03 |   0.03%| unknown
  6.0s|     1 |     0 |  2886 |     - |    63M |   0 | 281 | 588 | 655 |  16 | 22 |  19 |  19 |-1.139881e+03 |-1.140251e+03 |   0.03%| unknown
  6.1s|     1 |     0 |  2896 |     - |    63M |   0 | 281 | 588 | 656 |  17 | 23 |  19 |  19 |-1.139881e+03 |-1.140251e+03 |   0.03%| unknown
  6.1s|     1 |     0 |  2896 |     - |    63M |   0 | 281 | 588 | 656 |  17 | 24 |  19 |  20 |-1.139963e+03 |-1.140251e+03 |   0.03%| unknown
  6.2s|     1 |     0 |  2896 |     - |    63M |   0 | 281 | 588 | 656 |  17 | 25 |  19 |  22 |-1.139963e+03 |-1.140251e+03 |   0.03%| unknown
  6.3s|     1 |     0 |  2969 |     - |    63M |   0 | 281 | 560 | 656 |  17 | 26 |  21 |  23 |-1.139963e+03 |-1.140251e+03 |   0.03%| unknown
  6.3s|     1 |     0 |  2969 |     - |    63M |   0 | 281 | 560 | 545 |  17 | 26 |  21 |  23 |-1.139963e+03 |-1.140251e+03 |   0.03%| unknown
 time | node  | left  |LP iter|LP it/n|mem/heur|mdpt |vars |cons |rows |cuts |sepa|confs|strbr|  dualbound   | primalbound  |  gap   | compl. 
  6.4s|     1 |     0 |  2969 |     - |    63M |   0 | 281 | 548 | 545 |  17 | 27 |  21 |  23 |-1.139963e+03 |-1.140251e+03 |   0.03%| unknown
  6.5s|     1 |     0 |  2969 |     - |    63M |   0 | 281 | 548 | 545 |  17 | 28 |  21 |  24 |-1.139963e+03 |-1.140251e+03 |   0.03%| unknown
  6.6s|     1 |     0 |  2997 |     - |    63M |   0 | 281 | 534 | 545 |  17 | 29 |  23 |  25 |-1.140036e+03 |-1.140251e+03 |   0.02%| unknown
  6.6s|     1 |     0 |  2997 |     - |    63M |   0 | 281 | 534 | 449 |  17 | 29 |  23 |  25 |-1.140036e+03 |-1.140251e+03 |   0.02%| unknown
  6.6s|     1 |     0 |  3000 |     - |    63M |   0 | 281 | 534 | 450 |  18 | 30 |  23 |  25 |-1.140039e+03 |-1.140251e+03 |   0.02%| unknown
  6.6s|     1 |     0 |  3000 |     - |    63M |   0 | 281 | 439 | 450 |  18 | 31 |  23 |  25 |-1.140039e+03 |-1.140251e+03 |   0.02%| unknown
  6.7s|     1 |     0 |  3010 |     - |    63M |   0 | 281 | 398 | 450 |  18 | 32 |  27 |  27 |-1.140062e+03 |-1.140251e+03 |   0.02%| unknown
  6.7s|     1 |     0 |  3010 |     - |    63M |   0 | 281 | 398 | 397 |  18 | 32 |  27 |  27 |-1.140062e+03 |-1.140251e+03 |   0.02%| unknown
  6.7s|     1 |     0 |  3010 |     - |    63M |   0 | 281 | 388 | 397 |  18 | 33 |  27 |  27 |-1.140062e+03 |-1.140251e+03 |   0.02%| unknown
  6.7s|     1 |     0 |  3023 |     - |    63M |   0 | 281 | 342 | 397 |  18 | 34 |  31 |  30 |-1.140251e+03 |-1.140251e+03 |   0.00%| unknown
  6.7s|     1 |     0 |  3023 |     - |    63M |   0 | 281 | 342 | 397 |  18 | 34 |  31 |  30 |-1.140251e+03 |-1.140251e+03 |   0.00%| unknown

SCIP Status        : problem is solved [optimal solution found]
Solving Time (sec) : 6.73
Solving Nodes      : 1 (total of 2 nodes in 2 runs)
Primal Bound       : -1.14025108225108e+03 (48 solutions)
Dual Bound         : -1.14025108225108e+03
Gap                : 0.00 %
  [linear] <c3216>: <x232>[C] (+28.1168831) -0.491341991<x1>[B] (+1) -0.491341991<x2>[B] (+1) -0.491341991<x3>[B] (+1) -0.491341991<x4>[B] (+1) +0.491341991<x5>[B] (+0) -0.491341991<x6>[B] (+1) -0.491341991<x7>[B] (+1) +0.491341991<x8>[B] (+1) -0.491341991<x9>[B] (+1) -0.491341991<x10>[B] (+0) -0.491341991<x11>[B] (+0) -0.491341991<x12>[B] (+1) -0.491341991<x13>[B] (+1) -0.491341991<x14>[B] (+1) -0.491341991<x15>[B] (+1) -0.491341991<x16>[B] (+0) +0.491341991<x17>[B] (+1) -0.491341991<x18>[B] (+1) -0.491341991<x19>[B] (+1) -0.491341991<x20>[B] (+1) -0.491341991<x21>[B] (+1) +0.491341991<x22>[B] (+1) -0.491341991<x23>[B] (+1) -0.491341991<x24>[B] (+0) +0.491341991<x25>[B] (+0) -0.491341991<x26>[B] (+0) -0.491341991<x27>[B] (+0) +0.491341991<x28>[B] (+0) -0.491341991<x29>[B] (+0) -0.491341991<x30>[B] (+0) -0.491341991<x31>[B] (+0) +0.491341991<x32>[B] (+1) -0.491341991<x33>[B] (+0) -0.491341991<x34>[B] (+0) -0.491341991<x35>[B] (+1) -0.491341991<x36>[B] (+0) +0.491341991<x37>[B] (+0) -0.491341991<x38>[B] (+0) -0.491341991<x39>[B] (+1) -0.491341991<x40>[B] (+0) -0.491341991<x41>[B] (+1) -0.491341991<x42>[B] (+1) -0.491341991<x43>[B] (+0) +0.491341991<x44>[B] (+0) -0.491341991<x45>[B] (+0) -0.491341991<x46>[B] (+0) +0.491341991<x47>[B] (+0) -0.491341991<x48>[B] (+0) -0.491341991<x49>[B] (+0) -0.491341991<x50>[B] (+0) -0.491341991<x51>[B] (+1) -0.491341991<x52>[B] (+0) -0.491341991<x53>[B] (+0) -0.491341991<x54>[B] (+1) -0.491341991<x55>[B] (+0) +0.491341991<x56>[B] (+0) -0.491341991<x57>[B] (+0) -0.491341991<x58>[B] (+0) -0.491341991<x59>[B] (+0) -0.491341991<x60>[B] (+1) -0.491341991<x61>[B] (+0) +0.491341991<x62>[B] (+0) +0.491341991<x63>[B] (+0) -0.491341991<x64>[B] (+0) +0.491341991<x65>[B] (+0) +0.491341991<x66>[B] (+0) -0.491341991<x67>[B] (+0) -0.491341991<x68>[B] (+0) +0.491341991<x69>[B] (+0) -0.491341991<x70>[B] (+0) -0.491341991<x71>[B] (+0) -0.491341991<x72>[B] (+0) -0.491341991<x73>[B] (+0) +0.491341991<x74>[B] (+0) -0.491341991<x75>[B] (+0) -0.491341991<x76>[B] (+0) -0.491341991<x77>[B] (+0) -0.491341991<x78>[B] (+0) +0.491341991<x79>[B] (+0) +0.491341991<x80>[B] (+1) +0.491341991<x81>[B] (+1) +0.491341991<x82>[B] (+1) +0.491341991<x83>[B] (+1) -0.491341991<x84>[B] (+0) +0.491341991<x85>[B] (+0) +0.491341991<x86>[B] (+1) -0.491341991<x87>[B] (+1) -0.491341991<x88>[B] (+1) +0.491341991<x89>[B] (+1) +0.491341991<x90>[B] (+0) +0.491341991<x91>[B] (+1) +0.491341991<x92>[B] (+0) -0.491341991<x93>[B] (+1) -0.491341991<x94>[B] (+1) +0.491341991<x95>[B] (+1) -0.491341991<x96>[B] (+1) -0.491341991<x97>[B] (+1) -0.491341991<x98>[B] (+1) -0.491341991<x99>[B] (+1) -0.491341991<x100>[B] (+0) -0.491341991<x101>[B] (+0) -0.491341991<x102>[B] (+1) -0.491341991<x103>[B] (+1) -0.491341991<x104>[B] (+1) -0.491341991<x105>[B] (+1) -0.491341991<x106>[B] (+0) +0.491341991<x107>[B] (+1) -0.491341991<x108>[B] (+1) -0.491341991<x109>[B] (+1) -0.491341991<x110>[B] (+1) -0.491341991<x111>[B] (+1) -0.491341991<x112>[B] (+1) +0.491341991<x113>[B] (+0) +0.491341991<x114>[B] (+0) -0.491341991<x115>[B] (+0) -0.491341991<x116>[B] (+0) +0.491341991<x117>[B] (+1) -0.491341991<x118>[B] (+0) -0.491341991<x119>[B] (+1) -0.491341991<x120>[B] (+1) -0.491341991<x121>[B] (+0) +0.491341991<x122>[B] (+0) -0.491341991<x123>[B] (+0) -0.491341991<x124>[B] (+1) -0.491341991<x125>[B] (+1) -0.491341991<x126>[B] (+1) +0.491341991<x127>[B] (+0) +0.491341991<x128>[B] (+0) -0.491341991<x129>[B] (+0) -0.491341991<x130>[B] (+0) +0.491341991<x131>[B] (+1) -0.491341991<x132>[B] (+0) -0.491341991<x133>[B] (+0) +0.491341991<x134>[B] (+1) +0.491341991<x135>[B] (+0) +0.491341991<x136>[B] (+0) -0.491341991<x137>[B] (+0) -0.491341991<x138>[B] (+1) -0.491341991<x139>[B] (+0) -0.491341991<x140>[B] (+1) -0.491341991<x141>[B] (+1) -0.491341991<x142>[B] (+0) -0.491341991<x143>[B] (+0) -0.491341991<x144>[B] (+1) -0.491341991<x145>[B] (+0) -0.491341991<x146>[B] (+1) -0.491341991<x147>[B] (+1) -0.491341991<x148>[B] (+0) +0.491341991<x149>[B] (+0) -0.491341991<x150>[B] (+0) -0.491341991<x151>[B] (+1) -0.491341991<x152>[B] (+1) -0.491341991<x153>[B] (+1) -0.491341991<x154>[B] (+0) -0.491341991<x155>[B] (+0) +0.491341991<x156>[B] (+1) -0.491341991<x157>[B] (+0) -0.491341991<x158>[B] (+1) -0.491341991<x159>[B] (+1) -0.491341991<x160>[B] (+0) +0.491341991<x161>[B] (+0) -0.491341991<x162>[B] (+0) -0.491341991<x163>[B] (+1) -0.491341991<x164>[B] (+1) -0.491341991<x165>[B] (+1) +0.491341991<x166>[B] (+0) +0.491341991<x167>[B] (+1) +0.491341991<x168>[B] (+1) -0.491341991<x169>[B] (+1) +0.491341991<x170>[B] (+1) +0.491341991<x171>[B] (+1) +0.491341991<x172>[B] (+1) +0.491341991<x173>[B] (+1) +0.491341991<x174>[B] (+1) -0.491341991<x175>[B] (+1) +0.491341991<x176>[B] (+1) +0.491341991<x177>[B] (+1) -0.491341991<x178>[B] (+1) -0.491341991<x179>[B] (+1) +0.491341991<x180>[B] (+1) +0.491341991<x181>[B] (+1) +0.491341991<x182>[B] (+1) +0.491341991<x183>[B] (+1) -0.491341991<x184>[B] (+1) -0.491341991<x185>[B] (+1) +0.491341991<x186>[B] (+1) -0.491341991<x187>[B] (+0) -0.491341991<x188>[B] (+0) -0.491341991<x189>[B] (+1) -0.491341991<x190>[B] (+0) +0.491341991<x191>[B] (+0) -0.491341991<x192>[B] (+0) -0.491341991<x193>[B] (+0) -0.491341991<x194>[B] (+0) -0.491341991<x195>[B] (+0) -0.491341991<x196>[B] (+1) +0.491341991<x197>[B] (+1) +0.491341991<x198>[B] (+0) +0.491341991<x199>[B] (+0) +0.491341991<x200>[B] (+0) -0.491341991<x201>[B] (+1) -0.491341991<x202>[B] (+1) +0.491341991<x203>[B] (+1) +0.491341991<x204>[B] (+1) +0.491341991<x205>[B] (+0) +0.491341991<x206>[B] (+0) +0.491341991<x207>[B] (+0) +0.491341991<x208>[B] (+1) +0.491341991<x209>[B] (+1) +0.491341991<x210>[B] (+1) +0.491341991<x211>[B] (+0) +0.491341991<x212>[B] (+0) -0.491341991<x213>[B] (+0) -0.491341991<x214>[B] (+0) -0.491341991<x215>[B] (+0) -0.491341991<x216>[B] (+0) +0.491341991<x217>[B] (+1) -0.491341991<x218>[B] (+1) -0.491341991<x219>[B] (+1) -0.491341991<x220>[B] (+1) -0.491341991<x221>[B] (+1) -0.491341991<x222>[B] (+0) -0.491341991<x223>[B] (+1) -0.491341991<x224>[B] (+1) -0.491341991<x225>[B] (+1) -0.491341991<x226>[B] (+1) -0.491341991<x227>[B] (+1) +0.491341991<x228>[B] (+1) -0.491341991<x229>[B] (+0) +0.491341991<x230>[B] (+1) +0.491341991<x231>[B] (+1) >= 9.95021645021645;
;
violation: left hand side is violated by 0.0129870129869882
  [linear] <c3217>: <x233>[C] (+48.0411255) -0.642857143<x1>[B] (+1) -0.642857143<x2>[B] (+1) -0.642857143<x3>[B] (+1) -0.642857143<x4>[B] (+1) -0.642857143<x5>[B] (+1) -0.642857143<x6>[B] (+1) +0.642857143<x7>[B] (+1) -0.642857143<x8>[B] (+1) +0.642857143<x9>[B] (+1) +0.642857143<x10>[B] (+1) -0.642857143<x11>[B] (+0) -0.642857143<x12>[B] (+1) +0.642857143<x13>[B] (+1) +0.642857143<x14>[B] (+1) -0.642857143<x15>[B] (+1) +0.642857143<x16>[B] (+0) +0.642857143<x17>[B] (+1) -0.642857143<x18>[B] (+1) -0.642857143<x19>[B] (+1) -0.642857143<x20>[B] (+1) -0.642857143<x21>[B] (+1) -0.642857143<x22>[B] (+1) -0.642857143<x23>[B] (+1) -0.642857143<x24>[B] (+0) -0.642857143<x25>[B] (+0) -0.642857143<x26>[B] (+0) +0.642857143<x27>[B] (+1) -0.642857143<x28>[B] (+0) +0.642857143<x29>[B] (+0) +0.642857143<x30>[B] (+0) -0.642857143<x31>[B] (+0) -0.642857143<x32>[B] (+1) +0.642857143<x33>[B] (+0) +0.642857143<x34>[B] (+1) -0.642857143<x35>[B] (+1) +0.642857143<x36>[B] (+0) +0.642857143<x37>[B] (+0) +0.642857143<x38>[B] (+0) -0.642857143<x39>[B] (+1) -0.642857143<x40>[B] (+1) -0.642857143<x41>[B] (+1) +0.642857143<x42>[B] (+1) +0.642857143<x43>[B] (+0) +0.642857143<x44>[B] (+0) +0.642857143<x45>[B] (+0) +0.642857143<x46>[B] (+0) -0.642857143<x47>[B] (+0) +0.642857143<x48>[B] (+0) +0.642857143<x49>[B] (+0) +0.642857143<x50>[B] (+0) +0.642857143<x51>[B] (+1) +0.642857143<x52>[B] (+0) +0.642857143<x53>[B] (+0) +0.642857143<x54>[B] (-1.02584607e-13) +0.642857143<x55>[B] (+0) +0.642857143<x56>[B] (+0) +0.642857143<x57>[B] (+0) +0.642857143<x58>[B] (+0) -0.642857143<x59>[B] (-1.02584607e-13) -0.642857143<x60>[B] (+0) -0.642857143<x61>[B] (+0) -0.642857143<x62>[B] (+0) -0.642857143<x63>[B] (+0) +0.642857143<x64>[B] (+0) -0.642857143<x65>[B] (+0) +0.642857143<x66>[B] (+0) +0.642857143<x67>[B] (+0) -0.642857143<x68>[B] (+0) -0.642857143<x69>[B] (+1) +0.642857143<x70>[B] (+0) +0.642857143<x71>[B] (+0) -0.642857143<x72>[B] (+0) +0.642857143<x73>[B] (+0) +0.642857143<x74>[B] (+0) +0.642857143<x75>[B] (+0) -0.642857143<x76>[B] (+0) -0.642857143<x77>[B] (+0) -0.642857143<x78>[B] (+0) +0.642857143<x79>[B] (+1) +0.642857143<x80>[B] (+1) +0.642857143<x81>[B] (+1) -0.642857143<x82>[B] (+1) +0.642857143<x83>[B] (+1) +0.642857143<x84>[B] (+1) +0.642857143<x85>[B] (+0) +0.642857143<x86>[B] (+1) +0.642857143<x87>[B] (+1) +0.642857143<x88>[B] (+1) +0.642857143<x89>[B] (+1) +0.642857143<x90>[B] (+0) +0.642857143<x91>[B] (+1) +0.642857143<x92>[B] (+0) +0.642857143<x93>[B] (+1) -0.642857143<x94>[B] (+1) -0.642857143<x95>[B] (+1) -0.642857143<x96>[B] (+1) +0.642857143<x97>[B] (+1) -0.642857143<x98>[B] (+1) +0.642857143<x99>[B] (+1) +0.642857143<x100>[B] (+0) -0.642857143<x101>[B] (+0) -0.642857143<x102>[B] (+1) +0.642857143<x103>[B] (+1) +0.642857143<x104>[B] (+1) -0.642857143<x105>[B] (+1) +0.642857143<x106>[B] (+0) +0.642857143<x107>[B] (+0) +0.642857143<x108>[B] (+0) -0.642857143<x109>[B] (+1) -0.642857143<x110>[B] (+1) -0.642857143<x111>[B] (+1) +0.642857143<x112>[B] (+1) -0.642857143<x113>[B] (+0) +0.642857143<x114>[B] (+0) +0.642857143<x115>[B] (+0) +0.642857143<x116>[B] (+0) -0.642857143<x117>[B] (+1) +0.642857143<x118>[B] (+0) +0.642857143<x119>[B] (+1) +0.642857143<x120>[B] (+1) +0.642857143<x121>[B] (+0) +0.642857143<x122>[B] (+0) +0.642857143<x123>[B] (+0) -0.642857143<x124>[B] (+1) -0.642857143<x125>[B] (+1) -0.642857143<x126>[B] (+1) -0.642857143<x127>[B] (+0) +0.642857143<x128>[B] (+0) +0.642857143<x129>[B] (+0) -0.642857143<x130>[B] (+0) -0.642857143<x131>[B] (+1) +0.642857143<x132>[B] (+0) +0.642857143<x133>[B] (+0) -0.642857143<x134>[B] (+1) +0.642857143<x135>[B] (+0) +0.642857143<x136>[B] (+0) -0.642857143<x137>[B] (+0) -0.642857143<x138>[B] (+1) -0.642857143<x139>[B] (+1) -0.642857143<x140>[B] (+0) +0.642857143<x141>[B] (+1) +0.642857143<x142>[B] (+0) +0.642857143<x143>[B] (+0) +0.642857143<x144>[B] (+1) +0.642857143<x145>[B] (+0) +0.642857143<x146>[B] (+1) +0.642857143<x147>[B] (+1) +0.642857143<x148>[B] (+0) +0.642857143<x149>[B] (+0) +0.642857143<x150>[B] (+0) +0.642857143<x151>[B] (+1) -0.642857143<x152>[B] (+1) -0.642857143<x153>[B] (+1) +0.642857143<x154>[B] (+0) -0.642857143<x155>[B] (+0) -0.642857143<x156>[B] (+1) +0.642857143<x157>[B] (+0) -0.642857143<x158>[B] (+1) -0.642857143<x159>[B] (+1) +0.642857143<x160>[B] (+0) -0.642857143<x161>[B] (+0) -0.642857143<x162>[B] (+0) -0.642857143<x163>[B] (+1) -0.642857143<x164>[B] (+1) -0.642857143<x165>[B] (+1) -0.642857143<x166>[B] (+0) -0.642857143<x167>[B] (+1) +0.642857143<x168>[B] (+1) -0.642857143<x169>[B] (+1) -0.642857143<x170>[B] (+1) +0.642857143<x171>[B] (+0) -0.642857143<x172>[B] (+1) -0.642857143<x173>[B] (+0) -0.642857143<x174>[B] (+1) -0.642857143<x175>[B] (+1) -0.642857143<x176>[B] (+1) -0.642857143<x177>[B] (+1) +0.642857143<x178>[B] (+1) +0.642857143<x179>[B] (+1) +0.642857143<x180>[B] (+1) +0.642857143<x181>[B] (+1) +0.642857143<x182>[B] (+1) +0.642857143<x183>[B] (+1) -0.642857143<x184>[B] (+1) -0.642857143<x185>[B] (+1) -0.642857143<x186>[B] (+1) +0.642857143<x187>[B] (+0) +0.642857143<x188>[B] (+0) +0.642857143<x189>[B] (+0) +0.642857143<x190>[B] (+0) +0.642857143<x191>[B] (+0) +0.642857143<x192>[B] (+0) -0.642857143<x193>[B] (+0) -0.642857143<x194>[B] (+0) -0.642857143<x195>[B] (+0) -0.642857143<x196>[B] (+1) -0.642857143<x197>[B] (+1) +0.642857143<x198>[B] (+0) -0.642857143<x199>[B] (+0) -0.642857143<x200>[B] (+0) -0.642857143<x201>[B] (+1) -0.642857143<x202>[B] (+1) -0.642857143<x203>[B] (+1) -0.642857143<x204>[B] (+1) +0.642857143<x205>[B] (+0) -0.642857143<x206>[B] (+0) -0.642857143<x207>[B] (+0) -0.642857143<x208>[B] (+1) -0.642857143<x209>[B] (+1) -0.642857143<x210>[B] (+0) +0.642857143<x211>[B] (+0) +0.642857143<x212>[B] (+0) +0.642857143<x213>[B] (+0) -0.642857143<x214>[B] (+1) -0.642857143<x215>[B] (+1) -0.642857143<x216>[B] (+0) -0.642857143<x217>[B] (+1) -0.642857143<x218>[B] (+1) -0.642857143<x219>[B] (+1) -0.642857143<x220>[B] (+1) -0.642857143<x221>[B] (+1) -0.642857143<x222>[B] (+0) -0.642857143<x223>[B] (+1) -0.642857143<x224>[B] (+1) -0.642857143<x225>[B] (+1) -0.642857143<x226>[B] (+1) -0.642857143<x227>[B] (+1) -0.642857143<x228>[B] (+1) -0.642857143<x229>[B] (-1.02584607e-13) -0.642857143<x230>[B] (+0) -0.642857143<x231>[B] (+0) >= 22.982683982684;
;
violation: left hand side is violated by 0.012987012987022
  [linear] <c3216>: <x232>[C] (+27.6255411) -0.491341991<x1>[B] (+1) -0.491341991<x2>[B] (+1) -0.491341991<x3>[B] (+1) -0.491341991<x4>[B] (+0) +0.491341991<x5>[B] (+1) -0.491341991<x6>[B] (+1) -0.491341991<x7>[B] (+1) +0.491341991<x8>[B] (+1) -0.491341991<x9>[B] (+1) -0.491341991<x10>[B] (+0) -0.491341991<x11>[B] (+0) -0.491341991<x12>[B] (+1) -0.491341991<x13>[B] (+1) -0.491341991<x14>[B] (+1) -0.491341991<x15>[B] (+1) -0.491341991<x16>[B] (+0) +0.491341991<x17>[B] (+0) -0.491341991<x18>[B] (+0) -0.491341991<x19>[B] (+1) -0.491341991<x20>[B] (+1) -0.491341991<x21>[B] (+1) +0.491341991<x22>[B] (+1) -0.491341991<x23>[B] (+1) -0.491341991<x24>[B] (+0) +0.491341991<x25>[B] (+0) -0.491341991<x26>[B] (+1) -0.491341991<x27>[B] (+1) +0.491341991<x28>[B] (+0) -0.491341991<x29>[B] (+0) -0.491341991<x30>[B] (+0) -0.491341991<x31>[B] (+0) +0.491341991<x32>[B] (+1) -0.491341991<x33>[B] (+0) -0.491341991<x34>[B] (+0) -0.491341991<x35>[B] (+1) -0.491341991<x36>[B] (+0) +0.491341991<x37>[B] (+0) -0.491341991<x38>[B] (+0) -0.491341991<x39>[B] (+1) -0.491341991<x40>[B] (+1) -0.491341991<x41>[B] (+1) -0.491341991<x42>[B] (+1) -0.491341991<x43>[B] (+0) +0.491341991<x44>[B] (+0) -0.491341991<x45>[B] (+0) -0.491341991<x46>[B] (+0) +0.491341991<x47>[B] (+0) -0.491341991<x48>[B] (+0) -0.491341991<x49>[B] (+0) -0.491341991<x50>[B] (+0) -0.491341991<x51>[B] (+0) -0.491341991<x52>[B] (+0) -0.491341991<x53>[B] (+0) -0.491341991<x54>[B] (+0) -0.491341991<x55>[B] (+0) +0.491341991<x56>[B] (+0) -0.491341991<x57>[B] (+0) -0.491341991<x58>[B] (+1) -0.491341991<x59>[B] (+0) -0.491341991<x60>[B] (+0) -0.491341991<x61>[B] (+0) +0.491341991<x62>[B] (+0) +0.491341991<x63>[B] (+0) -0.491341991<x64>[B] (+0) +0.491341991<x65>[B] (+0) +0.491341991<x66>[B] (+0) -0.491341991<x67>[B] (+0) -0.491341991<x68>[B] (+0) +0.491341991<x69>[B] (+0) -0.491341991<x70>[B] (+0) -0.491341991<x71>[B] (+0) -0.491341991<x72>[B] (+0) -0.491341991<x73>[B] (+0) +0.491341991<x74>[B] (+0) -0.491341991<x75>[B] (+0) -0.491341991<x76>[B] (+0) -0.491341991<x77>[B] (+0) -0.491341991<x78>[B] (+0) +0.491341991<x79>[B] (+1) +0.491341991<x80>[B] (+1) +0.491341991<x81>[B] (+1) +0.491341991<x82>[B] (+1) +0.491341991<x83>[B] (+1) -0.491341991<x84>[B] (+0) +0.491341991<x85>[B] (+0) +0.491341991<x86>[B] (+1) -0.491341991<x87>[B] (+1) -0.491341991<x88>[B] (+1) +0.491341991<x89>[B] (+1) +0.491341991<x90>[B] (+1) +0.491341991<x91>[B] (+1) +0.491341991<x92>[B] (+0) -0.491341991<x93>[B] (+1) -0.491341991<x94>[B] (+1) +0.491341991<x95>[B] (+1) -0.491341991<x96>[B] (+1) -0.491341991<x97>[B] (+1) -0.491341991<x98>[B] (+1) -0.491341991<x99>[B] (+1) -0.491341991<x100>[B] (+0) -0.491341991<x101>[B] (+0) -0.491341991<x102>[B] (+1) -0.491341991<x103>[B] (+0) -0.491341991<x104>[B] (+1) -0.491341991<x105>[B] (+1) -0.491341991<x106>[B] (+0) +0.491341991<x107>[B] (+0) -0.491341991<x108>[B] (+0) -0.491341991<x109>[B] (+1) -0.491341991<x110>[B] (+1) -0.491341991<x111>[B] (+1) -0.491341991<x112>[B] (+1) +0.491341991<x113>[B] (+0) +0.491341991<x114>[B] (+0) -0.491341991<x115>[B] (+0) -0.491341991<x116>[B] (+0) +0.491341991<x117>[B] (+1) -0.491341991<x118>[B] (+0) -0.491341991<x119>[B] (+0) -0.491341991<x120>[B] (+1) -0.491341991<x121>[B] (+0) +0.491341991<x122>[B] (+0) -0.491341991<x123>[B] (+0) -0.491341991<x124>[B] (+1) -0.491341991<x125>[B] (+1) -0.491341991<x126>[B] (+1) +0.491341991<x127>[B] (+0) +0.491341991<x128>[B] (+0) -0.491341991<x129>[B] (+0) -0.491341991<x130>[B] (+0) +0.491341991<x131>[B] (+1) -0.491341991<x132>[B] (+0) -0.491341991<x133>[B] (+0) +0.491341991<x134>[B] (+1) +0.491341991<x135>[B] (+0) +0.491341991<x136>[B] (+0) -0.491341991<x137>[B] (+0) -0.491341991<x138>[B] (+1) -0.491341991<x139>[B] (+1) -0.491341991<x140>[B] (+1) -0.491341991<x141>[B] (+1) -0.491341991<x142>[B] (+0) -0.491341991<x143>[B] (+0) -0.491341991<x144>[B] (+1) -0.491341991<x145>[B] (+0) -0.491341991<x146>[B] (+1) -0.491341991<x147>[B] (+1) -0.491341991<x148>[B] (+0) +0.491341991<x149>[B] (+0) -0.491341991<x150>[B] (+0) -0.491341991<x151>[B] (+1) -0.491341991<x152>[B] (+1) -0.491341991<x153>[B] (+1) -0.491341991<x154>[B] (+0) -0.491341991<x155>[B] (+0) +0.491341991<x156>[B] (+1) -0.491341991<x157>[B] (+0) -0.491341991<x158>[B] (+1) -0.491341991<x159>[B] (+1) -0.491341991<x160>[B] (+0) +0.491341991<x161>[B] (+0) -0.491341991<x162>[B] (+0) -0.491341991<x163>[B] (+1) -0.491341991<x164>[B] (+1) -0.491341991<x165>[B] (+1) +0.491341991<x166>[B] (+0) +0.491341991<x167>[B] (+1) +0.491341991<x168>[B] (+1) -0.491341991<x169>[B] (+1) +0.491341991<x170>[B] (+1) +0.491341991<x171>[B] (+1) +0.491341991<x172>[B] (+1) +0.491341991<x173>[B] (+1) +0.491341991<x174>[B] (+1) -0.491341991<x175>[B] (+1) +0.491341991<x176>[B] (+1) +0.491341991<x177>[B] (+1) -0.491341991<x178>[B] (+1) -0.491341991<x179>[B] (+1) +0.491341991<x180>[B] (+1) +0.491341991<x181>[B] (+1) +0.491341991<x182>[B] (+1) +0.491341991<x183>[B] (+1) -0.491341991<x184>[B] (+1) -0.491341991<x185>[B] (+1) +0.491341991<x186>[B] (+1) -0.491341991<x187>[B] (+0) -0.491341991<x188>[B] (+0) -0.491341991<x189>[B] (+1) -0.491341991<x190>[B] (+0) +0.491341991<x191>[B] (+0) -0.491341991<x192>[B] (+0) -0.491341991<x193>[B] (+1) -0.491341991<x194>[B] (+0) -0.491341991<x195>[B] (+1) -0.491341991<x196>[B] (+1) +0.491341991<x197>[B] (+1) +0.491341991<x198>[B] (+0) +0.491341991<x199>[B] (+0) +0.491341991<x200>[B] (+0) -0.491341991<x201>[B] (+1) -0.491341991<x202>[B] (+1) +0.491341991<x203>[B] (+1) +0.491341991<x204>[B] (+1) +0.491341991<x205>[B] (+0) +0.491341991<x206>[B] (+0) +0.491341991<x207>[B] (+0) +0.491341991<x208>[B] (+1) +0.491341991<x209>[B] (+1) +0.491341991<x210>[B] (+1) +0.491341991<x211>[B] (+0) +0.491341991<x212>[B] (+0) -0.491341991<x213>[B] (+0) -0.491341991<x214>[B] (+1) -0.491341991<x215>[B] (+0) -0.491341991<x216>[B] (+0) +0.491341991<x217>[B] (+1) -0.491341991<x218>[B] (+0) -0.491341991<x219>[B] (+1) -0.491341991<x220>[B] (+1) -0.491341991<x221>[B] (+1) -0.491341991<x222>[B] (+0) -0.491341991<x223>[B] (+1) -0.491341991<x224>[B] (+1) -0.491341991<x225>[B] (+1) -0.491341991<x226>[B] (+1) -0.491341991<x227>[B] (+1) +0.491341991<x228>[B] (+1) -0.491341991<x229>[B] (+0) +0.491341991<x230>[B] (+0) +0.491341991<x231>[B] (+1) >= 9.95021645021645;
;
violation: left hand side is violated by 0.012987012986974
  [linear] <c3221>: <x239>[C] (+41.2077922) -0.603896104<x1>[B] (+1) -0.603896104<x2>[B] (+1) -0.603896104<x3>[B] (+1) +0.603896104<x4>[B] (+1) -0.603896104<x5>[B] (+0) -0.603896104<x6>[B] (+1) -0.603896104<x7>[B] (+1) +0.603896104<x8>[B] (+1) -0.603896104<x9>[B] (+1) +0.603896104<x10>[B] (+0) +0.603896104<x11>[B] (+0) +0.603896104<x12>[B] (+1) -0.603896104<x13>[B] (+1) -0.603896104<x14>[B] (+1) -0.603896104<x15>[B] (+1) +0.603896104<x16>[B] (+0) -0.603896104<x17>[B] (+1) -0.603896104<x18>[B] (+0) -0.603896104<x19>[B] (+1) -0.603896104<x20>[B] (+1) -0.603896104<x21>[B] (+1) +0.603896104<x22>[B] (+1) +0.603896104<x23>[B] (+1) +0.603896104<x24>[B] (+0) +0.603896104<x25>[B] (+0) +0.603896104<x26>[B] (+0) -0.603896104<x27>[B] (+1) +0.603896104<x28>[B] (+0) -0.603896104<x29>[B] (+0) +0.603896104<x30>[B] (+0) +0.603896104<x31>[B] (+0) +0.603896104<x32>[B] (+1) +0.603896104<x33>[B] (+0) -0.603896104<x34>[B] (+0) +0.603896104<x35>[B] (+1) +0.603896104<x36>[B] (+0) +0.603896104<x37>[B] (+0) +0.603896104<x38>[B] (+0) +0.603896104<x39>[B] (+1) -0.603896104<x40>[B] (+1) +0.603896104<x41>[B] (+1) +0.603896104<x42>[B] (+1) +0.603896104<x43>[B] (+0) +0.603896104<x44>[B] (+0) +0.603896104<x45>[B] (+0) -0.603896104<x46>[B] (+0) +0.603896104<x47>[B] (+0) -0.603896104<x48>[B] (+0) +0.603896104<x49>[B] (+0) +0.603896104<x50>[B] (+0) +0.603896104<x51>[B] (+1) +0.603896104<x52>[B] (+0) -0.603896104<x53>[B] (+0) +0.603896104<x54>[B] (+1) +0.603896104<x55>[B] (+0) +0.603896104<x56>[B] (+0) +0.603896104<x57>[B] (+0) +0.603896104<x58>[B] (+0) -0.603896104<x59>[B] (+0) +0.603896104<x60>[B] (+0) +0.603896104<x61>[B] (+0) -0.603896104<x62>[B] (+0) -0.603896104<x63>[B] (+0) -0.603896104<x64>[B] (+0) +0.603896104<x65>[B] (+0) -0.603896104<x66>[B] (+0) +0.603896104<x67>[B] (+0) +0.603896104<x68>[B] (+0) +0.603896104<x69>[B] (+0) +0.603896104<x70>[B] (+0) -0.603896104<x71>[B] (+0) +0.603896104<x72>[B] (+0) +0.603896104<x73>[B] (+0) +0.603896104<x74>[B] (+0) -0.603896104<x75>[B] (+0) +0.603896104<x76>[B] (+0) -0.603896104<x77>[B] (+0) +0.603896104<x78>[B] (+0) -0.603896104<x79>[B] (+0) -0.603896104<x80>[B] (+1) -0.603896104<x81>[B] (+1) -0.603896104<x82>[B] (+1) -0.603896104<x83>[B] (+1) -0.603896104<x84>[B] (+0) +0.603896104<x85>[B] (+0) +0.603896104<x86>[B] (+1) -0.603896104<x87>[B] (+1) -0.603896104<x88>[B] (+1) -0.603896104<x89>[B] (+1) -0.603896104<x90>[B] (+0) -0.603896104<x91>[B] (+1) -0.603896104<x92>[B] (+0) -0.603896104<x93>[B] (+1) -0.603896104<x94>[B] (+1) -0.603896104<x95>[B] (+1) -0.603896104<x96>[B] (+1) -0.603896104<x97>[B] (+1) +0.603896104<x98>[B] (+1) -0.603896104<x99>[B] (+1) +0.603896104<x100>[B] (+0) +0.603896104<x101>[B] (+0) +0.603896104<x102>[B] (+1) +0.603896104<x103>[B] (+1) -0.603896104<x104>[B] (+1) +0.603896104<x105>[B] (+1) +0.603896104<x106>[B] (+0) +0.603896104<x107>[B] (+1) -0.603896104<x108>[B] (+0) +0.603896104<x109>[B] (+1) -0.603896104<x110>[B] (+1) +0.603896104<x111>[B] (+1) -0.603896104<x112>[B] (+1) +0.603896104<x113>[B] (+0) -0.603896104<x114>[B] (+0) +0.603896104<x115>[B] (+0) +0.603896104<x116>[B] (+0) +0.603896104<x117>[B] (+1) +0.603896104<x118>[B] (+0) -0.603896104<x119>[B] (+0) +0.603896104<x120>[B] (+1) +0.603896104<x121>[B] (+0) +0.603896104<x122>[B] (+0) -0.603896104<x123>[B] (+0) +0.603896104<x124>[B] (+1) -0.603896104<x125>[B] (+1) +0.603896104<x126>[B] (+1) +0.603896104<x127>[B] (+0) -0.603896104<x128>[B] (+0) +0.603896104<x129>[B] (+0) +0.603896104<x130>[B] (+0) +0.603896104<x131>[B] (+1) +0.603896104<x132>[B] (+0) -0.603896104<x133>[B] (+0) +0.603896104<x134>[B] (+1) +0.603896104<x135>[B] (+0) +0.603896104<x136>[B] (+0) +0.603896104<x137>[B] (+0) +0.603896104<x138>[B] (+1) -0.603896104<x139>[B] (+0) +0.603896104<x140>[B] (+1) -0.603896104<x141>[B] (+0) +0.603896104<x142>[B] (+0) +0.603896104<x143>[B] (+0) +0.603896104<x144>[B] (+1) -0.603896104<x145>[B] (+0) -0.603896104<x146>[B] (+1) -0.603896104<x147>[B] (+1) +0.603896104<x148>[B] (+0) -0.603896104<x149>[B] (+0) -0.603896104<x150>[B] (+0) -0.603896104<x151>[B] (+1) -0.603896104<x152>[B] (+1) -0.603896104<x153>[B] (+1) +0.603896104<x154>[B] (+0) +0.603896104<x155>[B] (+0) +0.603896104<x156>[B] (+1) +0.603896104<x157>[B] (+1) +0.603896104<x158>[B] (+1) +0.603896104<x159>[B] (+1) +0.603896104<x160>[B] (+0) +0.603896104<x161>[B] (+0) +0.603896104<x162>[B] (+0) +0.603896104<x163>[B] (+1) +0.603896104<x164>[B] (+1) +0.603896104<x165>[B] (+1) +0.603896104<x166>[B] (+0) +0.603896104<x167>[B] (+1) -0.603896104<x168>[B] (+1) -0.603896104<x169>[B] (+1) -0.603896104<x170>[B] (+1) +0.603896104<x171>[B] (+1) -0.603896104<x172>[B] (+1) -0.603896104<x173>[B] (+1) -0.603896104<x174>[B] (+1) -0.603896104<x175>[B] (+1) -0.603896104<x176>[B] (+1) -0.603896104<x177>[B] (+1) -0.603896104<x178>[B] (+1) -0.603896104<x179>[B] (+1) -0.603896104<x180>[B] (+1) -0.603896104<x181>[B] (+1) -0.603896104<x182>[B] (+1) -0.603896104<x183>[B] (+1) -0.603896104<x184>[B] (+1) -0.603896104<x185>[B] (+1) -0.603896104<x186>[B] (+1) -0.603896104<x187>[B] (+0) -0.603896104<x188>[B] (+0) -0.603896104<x189>[B] (+1) -0.603896104<x190>[B] (+0) -0.603896104<x191>[B] (+0) -0.603896104<x192>[B] (+0) -0.603896104<x193>[B] (+0) -0.603896104<x194>[B] (+0) -0.603896104<x195>[B] (+0) -0.603896104<x196>[B] (+1) -0.603896104<x197>[B] (+1) +0.603896104<x198>[B] (+0) -0.603896104<x199>[B] (+0) -0.603896104<x200>[B] (+0) -0.603896104<x201>[B] (+1) -0.603896104<x202>[B] (+1) -0.603896104<x203>[B] (+1) +0.603896104<x204>[B] (+1) +0.603896104<x205>[B] (+0) +0.603896104<x206>[B] (+0) +0.603896104<x207>[B] (+0) +0.603896104<x208>[B] (+1) -0.603896104<x209>[B] (+1) +0.603896104<x210>[B] (+1) +0.603896104<x211>[B] (+0) -0.603896104<x212>[B] (+0) -0.603896104<x213>[B] (+0) -0.603896104<x214>[B] (+0) -0.603896104<x215>[B] (+0) +0.603896104<x216>[B] (+0) -0.603896104<x217>[B] (+1) -0.603896104<x218>[B] (+0) -0.603896104<x219>[B] (+1) -0.603896104<x220>[B] (+1) -0.603896104<x221>[B] (+1) -0.603896104<x222>[B] (+0) +0.603896104<x223>[B] (+1) -0.603896104<x224>[B] (+1) +0.603896104<x225>[B] (+1) +0.603896104<x226>[B] (+1) -0.603896104<x227>[B] (+1) +0.603896104<x228>[B] (+1) -0.603896104<x229>[B] (+0) +0.603896104<x230>[B] (+0) +0.603896104<x231>[B] (+1) >= 27.3268398268398;
;
violation: left hand side is violated by 0.00865800865803124
  [linear] <c3221>: <x239>[C] (+41.7943723) -0.603896104<x1>[B] (+1) -0.603896104<x2>[B] (+1) -0.603896104<x3>[B] (+1) +0.603896104<x4>[B] (+1) -0.603896104<x5>[B] (+1) -0.603896104<x6>[B] (+1) -0.603896104<x7>[B] (+1) +0.603896104<x8>[B] (+1) -0.603896104<x9>[B] (+1) +0.603896104<x10>[B] (+1) +0.603896104<x11>[B] (+0) +0.603896104<x12>[B] (+1) -0.603896104<x13>[B] (+1) -0.603896104<x14>[B] (+1) -0.603896104<x15>[B] (+1) +0.603896104<x16>[B] (+0) -0.603896104<x17>[B] (+1) -0.603896104<x18>[B] (+1) -0.603896104<x19>[B] (+1) -0.603896104<x20>[B] (+1) -0.603896104<x21>[B] (+1) +0.603896104<x22>[B] (+1) +0.603896104<x23>[B] (+1) +0.603896104<x24>[B] (+0) +0.603896104<x25>[B] (+0) +0.603896104<x26>[B] (+1) -0.603896104<x27>[B] (+1) +0.603896104<x28>[B] (+0) -0.603896104<x29>[B] (+0) +0.603896104<x30>[B] (+0) +0.603896104<x31>[B] (+0) +0.603896104<x32>[B] (+1) +0.603896104<x33>[B] (+0) -0.603896104<x34>[B] (+0) +0.603896104<x35>[B] (+1) +0.603896104<x36>[B] (+0) +0.603896104<x37>[B] (+0) +0.603896104<x38>[B] (+0) +0.603896104<x39>[B] (+1) -0.603896104<x40>[B] (+1) +0.603896104<x41>[B] (+1) +0.603896104<x42>[B] (+1) +0.603896104<x43>[B] (+0) +0.603896104<x44>[B] (+0) +0.603896104<x45>[B] (+0) -0.603896104<x46>[B] (+0) +0.603896104<x47>[B] (+0) -0.603896104<x48>[B] (+0) +0.603896104<x49>[B] (+0) +0.603896104<x50>[B] (+0) +0.603896104<x51>[B] (+1) +0.603896104<x52>[B] (+0) -0.603896104<x53>[B] (+0) +0.603896104<x54>[B] (+1) +0.603896104<x55>[B] (+0) +0.603896104<x56>[B] (+0) +0.603896104<x57>[B] (+0) +0.603896104<x58>[B] (+0) -0.603896104<x59>[B] (+0) +0.603896104<x60>[B] (+0) +0.603896104<x61>[B] (+0) -0.603896104<x62>[B] (+0) -0.603896104<x63>[B] (+0) -0.603896104<x64>[B] (+0) +0.603896104<x65>[B] (+0) -0.603896104<x66>[B] (+0) +0.603896104<x67>[B] (+0) +0.603896104<x68>[B] (+0) +0.603896104<x69>[B] (+0) +0.603896104<x70>[B] (+0) -0.603896104<x71>[B] (+0) +0.603896104<x72>[B] (+0) +0.603896104<x73>[B] (+0) +0.603896104<x74>[B] (+0) -0.603896104<x75>[B] (+0) +0.603896104<x76>[B] (+0) -0.603896104<x77>[B] (+0) +0.603896104<x78>[B] (+0) -0.603896104<x79>[B] (+1) -0.603896104<x80>[B] (+1) -0.603896104<x81>[B] (+1) -0.603896104<x82>[B] (+1) -0.603896104<x83>[B] (+1) -0.603896104<x84>[B] (+0) +0.603896104<x85>[B] (+0) +0.603896104<x86>[B] (+1) -0.603896104<x87>[B] (+1) -0.603896104<x88>[B] (+1) -0.603896104<x89>[B] (+1) -0.603896104<x90>[B] (+0) -0.603896104<x91>[B] (+1) -0.603896104<x92>[B] (+0) -0.603896104<x93>[B] (+1) -0.603896104<x94>[B] (+1) -0.603896104<x95>[B] (+1) -0.603896104<x96>[B] (+1) -0.603896104<x97>[B] (+1) +0.603896104<x98>[B] (+1) -0.603896104<x99>[B] (+1) +0.603896104<x100>[B] (+0) +0.603896104<x101>[B] (+0) +0.603896104<x102>[B] (+1) +0.603896104<x103>[B] (+1) -0.603896104<x104>[B] (+1) +0.603896104<x105>[B] (+1) +0.603896104<x106>[B] (+0) +0.603896104<x107>[B] (+1) -0.603896104<x108>[B] (+0) +0.603896104<x109>[B] (+1) -0.603896104<x110>[B] (+1) +0.603896104<x111>[B] (+1) -0.603896104<x112>[B] (+0) +0.603896104<x113>[B] (+0) -0.603896104<x114>[B] (+0) +0.603896104<x115>[B] (+0) +0.603896104<x116>[B] (+0) +0.603896104<x117>[B] (+1) +0.603896104<x118>[B] (+0) -0.603896104<x119>[B] (+0) +0.603896104<x120>[B] (+1) +0.603896104<x121>[B] (+0) +0.603896104<x122>[B] (+0) -0.603896104<x123>[B] (+0) +0.603896104<x124>[B] (+1) -0.603896104<x125>[B] (+0) +0.603896104<x126>[B] (+1) +0.603896104<x127>[B] (+0) -0.603896104<x128>[B] (+0) +0.603896104<x129>[B] (+0) +0.603896104<x130>[B] (+0) +0.603896104<x131>[B] (+1) +0.603896104<x132>[B] (+0) -0.603896104<x133>[B] (+0) +0.603896104<x134>[B] (+1) +0.603896104<x135>[B] (+0) +0.603896104<x136>[B] (+0) +0.603896104<x137>[B] (+0) +0.603896104<x138>[B] (+1) -0.603896104<x139>[B] (+0) +0.603896104<x140>[B] (+1) -0.603896104<x141>[B] (+0) +0.603896104<x142>[B] (+0) +0.603896104<x143>[B] (+0) +0.603896104<x144>[B] (+1) -0.603896104<x145>[B] (+0) -0.603896104<x146>[B] (+1) -0.603896104<x147>[B] (+1) +0.603896104<x148>[B] (+0) -0.603896104<x149>[B] (+0) -0.603896104<x150>[B] (+0) -0.603896104<x151>[B] (+1) -0.603896104<x152>[B] (+1) -0.603896104<x153>[B] (+1) +0.603896104<x154>[B] (+0) +0.603896104<x155>[B] (+0) +0.603896104<x156>[B] (+1) +0.603896104<x157>[B] (+1) +0.603896104<x158>[B] (+1) +0.603896104<x159>[B] (+1) +0.603896104<x160>[B] (+0) +0.603896104<x161>[B] (+0) +0.603896104<x162>[B] (+0) +0.603896104<x163>[B] (+1) +0.603896104<x164>[B] (+1) +0.603896104<x165>[B] (+1) +0.603896104<x166>[B] (+0) +0.603896104<x167>[B] (+1) -0.603896104<x168>[B] (+1) -0.603896104<x169>[B] (+1) -0.603896104<x170>[B] (+1) +0.603896104<x171>[B] (+0) -0.603896104<x172>[B] (+1) -0.603896104<x173>[B] (+1) -0.603896104<x174>[B] (+1) -0.603896104<x175>[B] (+1) -0.603896104<x176>[B] (+1) -0.603896104<x177>[B] (+1) -0.603896104<x178>[B] (+1) -0.603896104<x179>[B] (+1) -0.603896104<x180>[B] (+1) -0.603896104<x181>[B] (+1) -0.603896104<x182>[B] (+1) -0.603896104<x183>[B] (+1) -0.603896104<x184>[B] (+1) -0.603896104<x185>[B] (+1) -0.603896104<x186>[B] (+1) -0.603896104<x187>[B] (+0) -0.603896104<x188>[B] (+0) -0.603896104<x189>[B] (+1) -0.603896104<x190>[B] (+0) -0.603896104<x191>[B] (+0) -0.603896104<x192>[B] (+0) -0.603896104<x193>[B] (+0) -0.603896104<x194>[B] (+0) -0.603896104<x195>[B] (+0) -0.603896104<x196>[B] (+1) -0.603896104<x197>[B] (+1) +0.603896104<x198>[B] (+0) -0.603896104<x199>[B] (+0) -0.603896104<x200>[B] (+0) -0.603896104<x201>[B] (+1) -0.603896104<x202>[B] (+1) -0.603896104<x203>[B] (+1) +0.603896104<x204>[B] (+1) +0.603896104<x205>[B] (+0) +0.603896104<x206>[B] (+0) +0.603896104<x207>[B] (+0) +0.603896104<x208>[B] (+1) -0.603896104<x209>[B] (+1) +0.603896104<x210>[B] (+1) +0.603896104<x211>[B] (+0) -0.603896104<x212>[B] (+0) -0.603896104<x213>[B] (+0) -0.603896104<x214>[B] (+0) -0.603896104<x215>[B] (+0) +0.603896104<x216>[B] (+0) -0.603896104<x217>[B] (+1) -0.603896104<x218>[B] (+1) -0.603896104<x219>[B] (+1) -0.603896104<x220>[B] (+1) -0.603896104<x221>[B] (+1) -0.603896104<x222>[B] (+0) +0.603896104<x223>[B] (+1) -0.603896104<x224>[B] (+1) +0.603896104<x225>[B] (+1) +0.603896104<x226>[B] (+1) -0.603896104<x227>[B] (+1) +0.603896104<x228>[B] (+1) -0.603896104<x229>[B] (+0) +0.603896104<x230>[B] (+0) +0.603896104<x231>[B] (+1) >= 27.3268398268398;
;
violation: left hand side is violated by 0.0259740259740653
  [linear] <c3220>: <x238>[C] (+31.0779221) -0.495670996<x1>[B] (+1) +0.495670996<x2>[B] (+1) +0.495670996<x3>[B] (+1) +0.495670996<x4>[B] (+0) -0.495670996<x5>[B] (+1) +0.495670996<x6>[B] (+1) +0.495670996<x7>[B] (+1) +0.495670996<x8>[B] (+1) +0.495670996<x9>[B] (+1) +0.495670996<x10>[B] (+1) +0.495670996<x11>[B] (+0) +0.495670996<x12>[B] (+1) +0.495670996<x13>[B] (+1) +0.495670996<x14>[B] (+1) +0.495670996<x15>[B] (+1) +0.495670996<x16>[B] (+0) +0.495670996<x17>[B] (+1) -0.495670996<x18>[B] (+0) -0.495670996<x19>[B] (+1) -0.495670996<x20>[B] (+1) +0.495670996<x21>[B] (+1) +0.495670996<x22>[B] (+1) +0.495670996<x23>[B] (+1) +0.495670996<x24>[B] (+0) +0.495670996<x25>[B] (+0) +0.495670996<x26>[B] (+1) +0.495670996<x27>[B] (+1) +0.495670996<x28>[B] (+0) +0.495670996<x29>[B] (+0) +0.495670996<x30>[B] (+0) +0.495670996<x31>[B] (+0) +0.495670996<x32>[B] (+1) +0.495670996<x33>[B] (+0) +0.495670996<x34>[B] (+0) +0.495670996<x35>[B] (+1) +0.495670996<x36>[B] (+0) +0.495670996<x37>[B] (+0) +0.495670996<x38>[B] (+0) -0.495670996<x39>[B] (+1) +0.495670996<x40>[B] (+1) +0.495670996<x41>[B] (+1) -0.495670996<x42>[B] (+1) -0.495670996<x43>[B] (+0) -0.495670996<x44>[B] (+0) -0.495670996<x45>[B] (+0) -0.495670996<x46>[B] (+1) -0.495670996<x47>[B] (+0) -0.495670996<x48>[B] (+0) -0.495670996<x49>[B] (+0) +0.495670996<x50>[B] (+0) +0.495670996<x51>[B] (+1) -0.495670996<x52>[B] (+0) -0.495670996<x53>[B] (+0) -0.495670996<x54>[B] (+1) -0.495670996<x55>[B] (+0) -0.495670996<x56>[B] (+0) -0.495670996<x57>[B] (+0) -0.495670996<x58>[B] (+1) -0.495670996<x59>[B] (+1) -0.495670996<x60>[B] (+1) +0.495670996<x61>[B] (+0) -0.495670996<x62>[B] (+0) +0.495670996<x63>[B] (+0) +0.495670996<x64>[B] (+0) +0.495670996<x65>[B] (+0) -0.495670996<x66>[B] (+0) +0.495670996<x67>[B] (+0) +0.495670996<x68>[B] (+0) +0.495670996<x69>[B] (+0) +0.495670996<x70>[B] (+0) -0.495670996<x71>[B] (+0) +0.495670996<x72>[B] (+0) -0.495670996<x73>[B] (+0) +0.495670996<x74>[B] (+0) -0.495670996<x75>[B] (+0) -0.495670996<x76>[B] (+0) -0.495670996<x77>[B] (+0) +0.495670996<x78>[B] (+0) -0.495670996<x79>[B] (+1) -0.495670996<x80>[B] (+1) -0.495670996<x81>[B] (+1) -0.495670996<x82>[B] (+1) -0.495670996<x83>[B] (+1) -0.495670996<x84>[B] (+1) +0.495670996<x85>[B] (+0) +0.495670996<x86>[B] (+1) +0.495670996<x87>[B] (+1) -0.495670996<x88>[B] (+1) -0.495670996<x89>[B] (+1) -0.495670996<x90>[B] (+1) -0.495670996<x91>[B] (+1) -0.495670996<x92>[B] (+0) -0.495670996<x93>[B] (+1) -0.495670996<x94>[B] (+1) -0.495670996<x95>[B] (+1) +0.495670996<x96>[B] (+1) +0.495670996<x97>[B] (+1) +0.495670996<x98>[B] (+1) +0.495670996<x99>[B] (+0) +0.495670996<x100>[B] (+0) +0.495670996<x101>[B] (+0) +0.495670996<x102>[B] (+1) +0.495670996<x103>[B] (+0) +0.495670996<x104>[B] (+1) +0.495670996<x105>[B] (+1) +0.495670996<x106>[B] (+0) +0.495670996<x107>[B] (+0) +0.495670996<x108>[B] (+0) -0.495670996<x109>[B] (+1) +0.495670996<x110>[B] (+1) +0.495670996<x111>[B] (+1) -0.495670996<x112>[B] (+1) -0.495670996<x113>[B] (+0) -0.495670996<x114>[B] (+0) -0.495670996<x115>[B] (+0) +0.495670996<x116>[B] (+0) +0.495670996<x117>[B] (+1) +0.495670996<x118>[B] (+0) -0.495670996<x119>[B] (+0) -0.495670996<x120>[B] (+1) -0.495670996<x121>[B] (+0) +0.495670996<x122>[B] (+0) -0.495670996<x123>[B] (+0) -0.495670996<x124>[B] (+1) -0.495670996<x125>[B] (+1) -0.495670996<x126>[B] (+1) -0.495670996<x127>[B] (+0) -0.495670996<x128>[B] (+0) -0.495670996<x129>[B] (+0) +0.495670996<x130>[B] (+0) +0.495670996<x131>[B] (+1) +0.495670996<x132>[B] (+0) -0.495670996<x133>[B] (+0) -0.495670996<x134>[B] (+1) -0.495670996<x135>[B] (+0) +0.495670996<x136>[B] (+0) -0.495670996<x137>[B] (+0) -0.495670996<x138>[B] (+1) -0.495670996<x139>[B] (+0) +0.495670996<x140>[B] (+0) -0.495670996<x141>[B] (+0) +0.495670996<x142>[B] (+0) +0.495670996<x143>[B] (+0) +0.495670996<x144>[B] (+1) +0.495670996<x145>[B] (+0) -0.495670996<x146>[B] (+1) +0.495670996<x147>[B] (+1) -0.495670996<x148>[B] (+0) +0.495670996<x149>[B] (+0) -0.495670996<x150>[B] (+0) -0.495670996<x151>[B] (+1) -0.495670996<x152>[B] (+1) +0.495670996<x153>[B] (+1) +0.495670996<x154>[B] (+0) +0.495670996<x155>[B] (+0) +0.495670996<x156>[B] (+1) +0.495670996<x157>[B] (+1) -0.495670996<x158>[B] (+1) +0.495670996<x159>[B] (+1) -0.495670996<x160>[B] (+0) +0.495670996<x161>[B] (+0) -0.495670996<x162>[B] (+0) -0.495670996<x163>[B] (+1) -0.495670996<x164>[B] (+1) +0.495670996<x165>[B] (+1) +0.495670996<x166>[B] (+0) +0.495670996<x167>[B] (+1) +0.495670996<x168>[B] (+1) -0.495670996<x169>[B] (+1) +0.495670996<x170>[B] (+1) -0.495670996<x171>[B] (+0) +0.495670996<x172>[B] (+1) -0.495670996<x173>[B] (+0) -0.495670996<x174>[B] (+1) -0.495670996<x175>[B] (+1) +0.495670996<x176>[B] (+1) +0.495670996<x177>[B] (+1) -0.495670996<x178>[B] (+1) -0.495670996<x179>[B] (+1) -0.495670996<x180>[B] (+1) -0.495670996<x181>[B] (+1) -0.495670996<x182>[B] (+1) -0.495670996<x183>[B] (+1) -0.495670996<x184>[B] (+1) -0.495670996<x185>[B] (+1) -0.495670996<x186>[B] (+1) -0.495670996<x187>[B] (+0) -0.495670996<x188>[B] (+0) -0.495670996<x189>[B] (+1) -0.495670996<x190>[B] (+0) -0.495670996<x191>[B] (+0) -0.495670996<x192>[B] (+0) -0.495670996<x193>[B] (+1) -0.495670996<x194>[B] (+0) -0.495670996<x195>[B] (+0) -0.495670996<x196>[B] (+1) -0.495670996<x197>[B] (+1) -0.495670996<x198>[B] (+0) -0.495670996<x199>[B] (+0) -0.495670996<x200>[B] (+0) -0.495670996<x201>[B] (+1) -0.495670996<x202>[B] (+1) -0.495670996<x203>[B] (+1) +0.495670996<x204>[B] (+1) -0.495670996<x205>[B] (+0) +0.495670996<x206>[B] (+0) -0.495670996<x207>[B] (+0) -0.495670996<x208>[B] (+1) -0.495670996<x209>[B] (+1) +0.495670996<x210>[B] (+1) -0.495670996<x211>[B] (+0) +0.495670996<x212>[B] (+0) -0.495670996<x213>[B] (+0) -0.495670996<x214>[B] (+0) -0.495670996<x215>[B] (+0) +0.495670996<x216>[B] (+0) +0.495670996<x217>[B] (+1) -0.495670996<x218>[B] (+0) -0.495670996<x219>[B] (+1) -0.495670996<x220>[B] (+1) +0.495670996<x221>[B] (+1) -0.495670996<x222>[B] (+0) -0.495670996<x223>[B] (+1) -0.495670996<x224>[B] (+1) -0.495670996<x225>[B] (+1) -0.495670996<x226>[B] (+1) +0.495670996<x227>[B] (+1) +0.495670996<x228>[B] (+1) +0.495670996<x229>[B] (+0) +0.495670996<x230>[B] (+0) +0.495670996<x231>[B] (+0) >= 25.1558441558442;
;
violation: left hand side is violated by 0.0259740259740084
  [linear] <c3220>: <x238>[C] (+29.6038961) -0.495670996<x1>[B] (+1) +0.495670996<x2>[B] (+1) +0.495670996<x3>[B] (+1) +0.495670996<x4>[B] (+0) -0.495670996<x5>[B] (+1) +0.495670996<x6>[B] (+1) +0.495670996<x7>[B] (+1) +0.495670996<x8>[B] (+1) +0.495670996<x9>[B] (+1) +0.495670996<x10>[B] (+0) +0.495670996<x11>[B] (+0) +0.495670996<x12>[B] (+1) +0.495670996<x13>[B] (+1) +0.495670996<x14>[B] (+1) +0.495670996<x15>[B] (+1) +0.495670996<x16>[B] (+0) +0.495670996<x17>[B] (+1) -0.495670996<x18>[B] (+0) -0.495670996<x19>[B] (+1) -0.495670996<x20>[B] (+1) +0.495670996<x21>[B] (+1) +0.495670996<x22>[B] (+1) +0.495670996<x23>[B] (+1) +0.495670996<x24>[B] (+0) +0.495670996<x25>[B] (+0) +0.495670996<x26>[B] (+1) +0.495670996<x27>[B] (+1) +0.495670996<x28>[B] (+0) +0.495670996<x29>[B] (+0) +0.495670996<x30>[B] (+0) +0.495670996<x31>[B] (+0) +0.495670996<x32>[B] (+1) +0.495670996<x33>[B] (+0) +0.495670996<x34>[B] (+0) +0.495670996<x35>[B] (+1) +0.495670996<x36>[B] (+0) +0.495670996<x37>[B] (+0) +0.495670996<x38>[B] (+0) -0.495670996<x39>[B] (+1) +0.495670996<x40>[B] (+1) +0.495670996<x41>[B] (+1) -0.495670996<x42>[B] (+1) -0.495670996<x43>[B] (+0) -0.495670996<x44>[B] (+0) -0.495670996<x45>[B] (+0) -0.495670996<x46>[B] (+1) -0.495670996<x47>[B] (+0) -0.495670996<x48>[B] (+0) -0.495670996<x49>[B] (+0) +0.495670996<x50>[B] (+0) +0.495670996<x51>[B] (+1) -0.495670996<x52>[B] (+0) -0.495670996<x53>[B] (+0) -0.495670996<x54>[B] (+1) -0.495670996<x55>[B] (+0) -0.495670996<x56>[B] (+0) -0.495670996<x57>[B] (+0) -0.495670996<x58>[B] (+1) -0.495670996<x59>[B] (+1) -0.495670996<x60>[B] (+1) +0.495670996<x61>[B] (+0) -0.495670996<x62>[B] (+0) +0.495670996<x63>[B] (+0) +0.495670996<x64>[B] (+0) +0.495670996<x65>[B] (+0) -0.495670996<x66>[B] (+0) +0.495670996<x67>[B] (+0) +0.495670996<x68>[B] (+0) +0.495670996<x69>[B] (+0) +0.495670996<x70>[B] (+0) -0.495670996<x71>[B] (+0) +0.495670996<x72>[B] (+1) -0.495670996<x73>[B] (+0) +0.495670996<x74>[B] (+0) -0.495670996<x75>[B] (+0) -0.495670996<x76>[B] (+0) -0.495670996<x77>[B] (+0) +0.495670996<x78>[B] (+0) -0.495670996<x79>[B] (+1) -0.495670996<x80>[B] (+1) -0.495670996<x81>[B] (+1) -0.495670996<x82>[B] (+1) -0.495670996<x83>[B] (+1) -0.495670996<x84>[B] (+1) +0.495670996<x85>[B] (+0) +0.495670996<x86>[B] (+1) +0.495670996<x87>[B] (+1) -0.495670996<x88>[B] (+1) -0.495670996<x89>[B] (+1) -0.495670996<x90>[B] (+1) -0.495670996<x91>[B] (+1) -0.495670996<x92>[B] (+0) -0.495670996<x93>[B] (+1) -0.495670996<x94>[B] (+1) -0.495670996<x95>[B] (+1) +0.495670996<x96>[B] (+1) +0.495670996<x97>[B] (+1) +0.495670996<x98>[B] (+1) +0.495670996<x99>[B] (+0) +0.495670996<x100>[B] (+0) +0.495670996<x101>[B] (+0) +0.495670996<x102>[B] (+1) +0.495670996<x103>[B] (+0) +0.495670996<x104>[B] (+1) +0.495670996<x105>[B] (+1) +0.495670996<x106>[B] (+0) +0.495670996<x107>[B] (+0) +0.495670996<x108>[B] (+0) -0.495670996<x109>[B] (+1) +0.495670996<x110>[B] (+1) +0.495670996<x111>[B] (+1) -0.495670996<x112>[B] (+1) -0.495670996<x113>[B] (+0) -0.495670996<x114>[B] (+0) -0.495670996<x115>[B] (+0) +0.495670996<x116>[B] (+0) +0.495670996<x117>[B] (+1) +0.495670996<x118>[B] (+0) -0.495670996<x119>[B] (+0) -0.495670996<x120>[B] (+1) -0.495670996<x121>[B] (+0) +0.495670996<x122>[B] (+0) -0.495670996<x123>[B] (+0) -0.495670996<x124>[B] (+1) -0.495670996<x125>[B] (+1) -0.495670996<x126>[B] (+1) -0.495670996<x127>[B] (+0) -0.495670996<x128>[B] (+0) -0.495670996<x129>[B] (+0) +0.495670996<x130>[B] (+0) +0.495670996<x131>[B] (+1) +0.495670996<x132>[B] (+0) -0.495670996<x133>[B] (+0) -0.495670996<x134>[B] (+1) -0.495670996<x135>[B] (+0) +0.495670996<x136>[B] (+0) -0.495670996<x137>[B] (+0) -0.495670996<x138>[B] (+0) -0.495670996<x139>[B] (+0) +0.495670996<x140>[B] (+0) -0.495670996<x141>[B] (+0) +0.495670996<x142>[B] (+0) +0.495670996<x143>[B] (+0) +0.495670996<x144>[B] (+1) +0.495670996<x145>[B] (+0) -0.495670996<x146>[B] (+1) +0.495670996<x147>[B] (+1) -0.495670996<x148>[B] (+0) +0.495670996<x149>[B] (+0) -0.495670996<x150>[B] (+0) -0.495670996<x151>[B] (+1) -0.495670996<x152>[B] (+1) +0.495670996<x153>[B] (+1) +0.495670996<x154>[B] (+0) +0.495670996<x155>[B] (+0) +0.495670996<x156>[B] (+1) +0.495670996<x157>[B] (+1) -0.495670996<x158>[B] (+1) +0.495670996<x159>[B] (+1) -0.495670996<x160>[B] (+0) +0.495670996<x161>[B] (+0) -0.495670996<x162>[B] (+0) -0.495670996<x163>[B] (+1) -0.495670996<x164>[B] (+1) +0.495670996<x165>[B] (+1) +0.495670996<x166>[B] (+0) +0.495670996<x167>[B] (+1) +0.495670996<x168>[B] (+1) -0.495670996<x169>[B] (+1) +0.495670996<x170>[B] (+1) -0.495670996<x171>[B] (+0) +0.495670996<x172>[B] (+1) -0.495670996<x173>[B] (+0) -0.495670996<x174>[B] (+1) -0.495670996<x175>[B] (+1) +0.495670996<x176>[B] (+1) +0.495670996<x177>[B] (+1) -0.495670996<x178>[B] (+1) -0.495670996<x179>[B] (+1) -0.495670996<x180>[B] (+1) -0.495670996<x181>[B] (+1) -0.495670996<x182>[B] (+1) -0.495670996<x183>[B] (+1) -0.495670996<x184>[B] (+1) -0.495670996<x185>[B] (+1) -0.495670996<x186>[B] (+1) -0.495670996<x187>[B] (+0) -0.495670996<x188>[B] (+0) -0.495670996<x189>[B] (+1) -0.495670996<x190>[B] (+0) -0.495670996<x191>[B] (+0) -0.495670996<x192>[B] (+0) -0.495670996<x193>[B] (+0) -0.495670996<x194>[B] (+0) -0.495670996<x195>[B] (+0) -0.495670996<x196>[B] (+1) -0.495670996<x197>[B] (+1) -0.495670996<x198>[B] (+0) -0.495670996<x199>[B] (+0) -0.495670996<x200>[B] (+0) -0.495670996<x201>[B] (+1) -0.495670996<x202>[B] (+1) -0.495670996<x203>[B] (+1) +0.495670996<x204>[B] (+1) -0.495670996<x205>[B] (+0) +0.495670996<x206>[B] (+0) -0.495670996<x207>[B] (+0) -0.495670996<x208>[B] (+1) -0.495670996<x209>[B] (+1) +0.495670996<x210>[B] (+1) -0.495670996<x211>[B] (+0) +0.495670996<x212>[B] (+0) -0.495670996<x213>[B] (+0) -0.495670996<x214>[B] (+0) -0.495670996<x215>[B] (+0) +0.495670996<x216>[B] (+0) +0.495670996<x217>[B] (+1) -0.495670996<x218>[B] (+0) -0.495670996<x219>[B] (+1) -0.495670996<x220>[B] (+1) +0.495670996<x221>[B] (+1) -0.495670996<x222>[B] (+0) -0.495670996<x223>[B] (+1) -0.495670996<x224>[B] (+1) -0.495670996<x225>[B] (+1) -0.495670996<x226>[B] (+1) +0.495670996<x227>[B] (+1) +0.495670996<x228>[B] (+1) +0.495670996<x229>[B] (+1) +0.495670996<x230>[B] (+0) +0.495670996<x231>[B] (+0) >= 25.1558441558442;
;
violation: left hand side is violated by 0.0129870129870113
  [linear] <c3230>: <x258>[C] (+38.8528139) -0.573593074<x1>[B] (+1) -0.573593074<x2>[B] (+1) -0.573593074<x3>[B] (+1) -0.573593074<x4>[B] (+0) -0.573593074<x5>[B] (+1) -0.573593074<x6>[B] (+1) -0.573593074<x7>[B] (+1) -0.573593074<x8>[B] (+1) +0.573593074<x9>[B] (+1) -0.573593074<x10>[B] (+0) -0.573593074<x11>[B] (+0) -0.573593074<x12>[B] (+1) -0.573593074<x13>[B] (+1) +0.573593074<x14>[B] (+1) -0.573593074<x15>[B] (+1) +0.573593074<x16>[B] (+0) -0.573593074<x17>[B] (+0) -0.573593074<x18>[B] (+0) +0.573593074<x19>[B] (+1) +0.573593074<x20>[B] (+1) -0.573593074<x21>[B] (+1) +0.573593074<x22>[B] (+1) -0.573593074<x23>[B] (+1) +0.573593074<x24>[B] (+0) +0.573593074<x25>[B] (+0) +0.573593074<x26>[B] (+1) -0.573593074<x27>[B] (+1) -0.573593074<x28>[B] (+0) +0.573593074<x29>[B] (+0) -0.573593074<x30>[B] (+0) +0.573593074<x31>[B] (+0) -0.573593074<x32>[B] (+1) +0.573593074<x33>[B] (+0) +0.573593074<x34>[B] (+0) +0.573593074<x35>[B] (+1) +0.573593074<x36>[B] (+0) -0.573593074<x37>[B] (+0) +0.573593074<x38>[B] (+0) +0.573593074<x39>[B] (+1) +0.573593074<x40>[B] (+1) -0.573593074<x41>[B] (+1) -0.573593074<x42>[B] (+1) +0.573593074<x43>[B] (+0) -0.573593074<x44>[B] (+0) -0.573593074<x45>[B] (+0) -0.573593074<x46>[B] (+1) -0.573593074<x47>[B] (+0) +0.573593074<x48>[B] (+0) -0.573593074<x49>[B] (+0) +0.573593074<x50>[B] (+0) -0.573593074<x51>[B] (+1) +0.573593074<x52>[B] (+0) +0.573593074<x53>[B] (+0) +0.573593074<x54>[B] (+1) +0.573593074<x55>[B] (+0) -0.573593074<x56>[B] (+0) -0.573593074<x57>[B] (+0) +0.573593074<x58>[B] (+1) +0.573593074<x59>[B] (+1) -0.573593074<x60>[B] (+1) +0.573593074<x61>[B] (+0) +0.573593074<x62>[B] (+0) +0.573593074<x63>[B] (+0) -0.573593074<x64>[B] (+0) -0.573593074<x65>[B] (+0) +0.573593074<x66>[B] (+0) +0.573593074<x67>[B] (+0) +0.573593074<x68>[B] (+0) +0.573593074<x69>[B] (+0) +0.573593074<x70>[B] (+0) +0.573593074<x71>[B] (+0) +0.573593074<x72>[B] (+0) +0.573593074<x73>[B] (+0) +0.573593074<x74>[B] (+0) +0.573593074<x75>[B] (+0) +0.573593074<x76>[B] (+0) +0.573593074<x77>[B] (+0) +0.573593074<x78>[B] (+0) -0.573593074<x79>[B] (+1) -0.573593074<x80>[B] (+1) -0.573593074<x81>[B] (+1) -0.573593074<x82>[B] (+1) +0.573593074<x83>[B] (+1) -0.573593074<x84>[B] (+1) +0.573593074<x85>[B] (+0) -0.573593074<x86>[B] (+1) -0.573593074<x87>[B] (+1) +0.573593074<x88>[B] (+1) +0.573593074<x89>[B] (+1) +0.573593074<x90>[B] (+1) -0.573593074<x91>[B] (+1) -0.573593074<x92>[B] (+0) +0.573593074<x93>[B] (+1) +0.573593074<x94>[B] (+1) -0.573593074<x95>[B] (+1) +0.573593074<x96>[B] (+1) -0.573593074<x97>[B] (+1) -0.573593074<x98>[B] (+1) +0.573593074<x99>[B] (+0) -0.573593074<x100>[B] (+0) +0.573593074<x101>[B] (+0) -0.573593074<x102>[B] (+1) +0.573593074<x103>[B] (+1) +0.573593074<x104>[B] (+1) +0.573593074<x105>[B] (+1) +0.573593074<x106>[B] (+0) -0.573593074<x107>[B] (+0) -0.573593074<x108>[B] (+0) +0.573593074<x109>[B] (+1) +0.573593074<x110>[B] (+1) -0.573593074<x111>[B] (+1) -0.573593074<x112>[B] (+1) -0.573593074<x113>[B] (+0) +0.573593074<x114>[B] (+0) -0.573593074<x115>[B] (+0) +0.573593074<x116>[B] (+0) -0.573593074<x117>[B] (+1) +0.573593074<x118>[B] (+0) +0.573593074<x119>[B] (+0) +0.573593074<x120>[B] (+1) +0.573593074<x121>[B] (+0) -0.573593074<x122>[B] (+0) -0.573593074<x123>[B] (+0) +0.573593074<x124>[B] (+1) +0.573593074<x125>[B] (+1) -0.573593074<x126>[B] (+1) -0.573593074<x127>[B] (+0) +0.573593074<x128>[B] (+0) +0.573593074<x129>[B] (+0) +0.573593074<x130>[B] (+0) +0.573593074<x131>[B] (+1) +0.573593074<x132>[B] (+0) +0.573593074<x133>[B] (+0) +0.573593074<x134>[B] (+1) +0.573593074<x135>[B] (+0) +0.573593074<x136>[B] (+0) +0.573593074<x137>[B] (+0) +0.573593074<x138>[B] (+0) +0.573593074<x139>[B] (+0) +0.573593074<x140>[B] (+0) +0.573593074<x141>[B] (+0) +0.573593074<x142>[B] (+0) +0.573593074<x143>[B] (+0) +0.573593074<x144>[B] (+1) +0.573593074<x145>[B] (+0) +0.573593074<x146>[B] (+1) +0.573593074<x147>[B] (+1) +0.573593074<x148>[B] (+0) +0.573593074<x149>[B] (+0) +0.573593074<x150>[B] (+0) +0.573593074<x151>[B] (+1) +0.573593074<x152>[B] (+1) +0.573593074<x153>[B] (+1) -0.573593074<x154>[B] (+0) -0.573593074<x155>[B] (+0) -0.573593074<x156>[B] (+1) -0.573593074<x157>[B] (+1) -0.573593074<x158>[B] (+1) -0.573593074<x159>[B] (+1) -0.573593074<x160>[B] (+0) -0.573593074<x161>[B] (+0) -0.573593074<x162>[B] (+0) -0.573593074<x163>[B] (+1) -0.573593074<x164>[B] (+1) -0.573593074<x165>[B] (+1) +0.573593074<x166>[B] (+0) -0.573593074<x167>[B] (+1) +0.573593074<x168>[B] (+1) +0.573593074<x169>[B] (+1) +0.573593074<x170>[B] (+1) +0.573593074<x171>[B] (+0) -0.573593074<x172>[B] (+1) +0.573593074<x173>[B] (+0) +0.573593074<x174>[B] (+1) +0.573593074<x175>[B] (+1) -0.573593074<x176>[B] (+1) -0.573593074<x177>[B] (+1) -0.573593074<x178>[B] (+1) +0.573593074<x179>[B] (+1) +0.573593074<x180>[B] (+1) +0.573593074<x181>[B] (+1) -0.573593074<x182>[B] (+1) -0.573593074<x183>[B] (+1) +0.573593074<x184>[B] (+1) +0.573593074<x185>[B] (+1) -0.573593074<x186>[B] (+1) +0.573593074<x187>[B] (+0) +0.573593074<x188>[B] (+0) +0.573593074<x189>[B] (+0) +0.573593074<x190>[B] (+0) +0.573593074<x191>[B] (+0) +0.573593074<x192>[B] (+0) +0.573593074<x193>[B] (+0) +0.573593074<x194>[B] (+0) +0.573593074<x195>[B] (+0) +0.573593074<x196>[B] (+1) +0.573593074<x197>[B] (+1) +0.573593074<x198>[B] (+0) -0.573593074<x199>[B] (+0) -0.573593074<x200>[B] (+0) +0.573593074<x201>[B] (+1) +0.573593074<x202>[B] (+1) -0.573593074<x203>[B] (+1) -0.573593074<x204>[B] (+1) -0.573593074<x205>[B] (+0) -0.573593074<x206>[B] (+0) -0.573593074<x207>[B] (+0) -0.573593074<x208>[B] (+1) +0.573593074<x209>[B] (+1) -0.573593074<x210>[B] (+1) +0.573593074<x211>[B] (+0) -0.573593074<x212>[B] (+0) -0.573593074<x213>[B] (+0) +0.573593074<x214>[B] (+0) +0.573593074<x215>[B] (+0) -0.573593074<x216>[B] (+0) -0.573593074<x217>[B] (+1) -0.573593074<x218>[B] (+0) +0.573593074<x219>[B] (+1) +0.573593074<x220>[B] (+1) -0.573593074<x221>[B] (+1) +0.573593074<x222>[B] (+0) +0.573593074<x223>[B] (+1) +0.573593074<x224>[B] (+1) -0.573593074<x225>[B] (+1) +0.573593074<x226>[B] (+1) +0.573593074<x227>[B] (+1) -0.573593074<x228>[B] (+1) +0.573593074<x229>[B] (+1) -0.573593074<x230>[B] (+1) -0.573593074<x231>[B] (+0) >= 37.7142857142857;
;
violation: left hand side is violated by 0.00865800865796729
2/10 feasible solutions given by solution candidate storage, new primal bound -1.197677e+03

presolving:
   (0.0s) symmetry computation started: requiring (bin +, int +, cont +), (fixed: bin -, int -, cont -)
   (0.0s) no symmetry present (symcode time: 0.00)
presolving (0 rounds: 0 fast, 0 medium, 0 exhaustive):
 0 deleted vars, 0 deleted constraints, 0 added constraints, 0 tightened bounds, 0 added holes, 0 changed sides, 0 changed coefficients
 0 implications, 0 cliques, 0 implied integral variables (0 bin, 0 int, 0 cont)
presolved problem has 281 variables (231 bin, 0 int, 50 cont) and 3239 constraints
   3239 constraints of type <linear>
Presolving Time: 0.02
transformed 3/3 original solutions to the transformed problem space

 time | node  | left  |LP iter|LP it/n|mem/heur|mdpt |vars |cons |rows |cuts |sepa|confs|strbr|  dualbound   | primalbound  |  gap   | compl. 
  0.1s|     1 |     0 |   634 |     - |    65M |   0 | 281 |3239 |3239 |   0 |  0 |   0 |   0 |-1.139208e+03 |-1.197677e+03 |   5.13%| unknown
  0.3s|     1 |     0 |   645 |     - |    65M |   0 | 281 |3239 |3240 |   1 |  1 |   0 |   0 |-1.139211e+03 |-1.197677e+03 |   5.13%| unknown
  0.5s|     1 |     0 |   659 |     - |    65M |   0 | 281 |3239 |3241 |   2 |  2 |   0 |   0 |-1.139242e+03 |-1.197677e+03 |   5.13%| unknown
  0.7s|     1 |     0 |   669 |     - |    65M |   0 | 281 |3239 |3243 |   4 |  3 |   0 |   0 |-1.139258e+03 |-1.197677e+03 |   5.13%| unknown
  0.9s|     1 |     0 |   700 |     - |    66M |   0 | 281 |3239 |3245 |   6 |  4 |   0 |   0 |-1.139289e+03 |-1.197677e+03 |   5.12%| unknown
  1.1s|     1 |     0 |   727 |     - |    66M |   0 | 281 |3239 |3249 |  10 |  5 |   0 |   0 |-1.139311e+03 |-1.197677e+03 |   5.12%| unknown
  1.3s|     1 |     0 |   744 |     - |    66M |   0 | 281 |3239 |3250 |  11 |  6 |   0 |   0 |-1.139313e+03 |-1.197677e+03 |   5.12%| unknown
  1.5s|     1 |     0 |   760 |     - |    67M |   0 | 281 |3239 |3251 |  12 |  7 |   0 |   0 |-1.139316e+03 |-1.197677e+03 |   5.12%| unknown
  1.7s|     1 |     0 |   772 |     - |    67M |   0 | 281 |3239 |3254 |  15 |  8 |   0 |   0 |-1.139320e+03 |-1.197677e+03 |   5.12%| unknown
  1.9s|     1 |     0 |   790 |     - |    67M |   0 | 281 |3240 |3255 |  16 |  9 |   1 |   0 |-1.139325e+03 |-1.197677e+03 |   5.12%| unknown
  2.1s|     1 |     0 |   819 |     - |    68M |   0 | 281 |3240 |3256 |  17 | 10 |   1 |   0 |-1.139344e+03 |-1.197677e+03 |   5.12%| unknown
  2.2s|     1 |     0 |   842 |     - |    68M |   0 | 281 |3240 |3258 |  19 | 11 |   1 |   0 |-1.139353e+03 |-1.197677e+03 |   5.12%| unknown
r 2.2s|     1 |     0 |   928 |     - |intshift|   0 | 281 |3240 |3258 |  19 | 11 |   1 |   0 |-1.139353e+03 |-1.161212e+03 |   1.92%| unknown
d 2.2s|     1 |     0 |  1348 |     - |farkasdi|   0 | 281 |3240 |3258 |   0 | 11 |   1 |   0 |-1.139353e+03 |-1.144450e+03 |   0.45%| unknown
L 2.3s|     1 |     0 |  1348 |     - |    rens|   0 | 281 |3240 |3258 |  19 | 11 |  17 |   0 |-1.139353e+03 |-1.140658e+03 |   0.11%| unknown
(run 1, node 1) restarting after 16 global fixings of integer variables

(restart) converted 19 cuts from the global cut pool into linear constraints

presolving:
presolving (0 rounds: 0 fast, 0 medium, 0 exhaustive):
 0 deleted vars, 0 deleted constraints, 0 added constraints, 0 tightened bounds, 0 added holes, 0 changed sides, 0 changed coefficients
 0 implications, 0 cliques, 0 implied integral variables (0 bin, 0 int, 0 cont)
presolved problem has 281 variables (231 bin, 0 int, 50 cont) and 3259 constraints
   3258 constraints of type <linear>
      1 constraints of type <logicor>
Presolving Time: 0.02
transformed 15/19 original solutions to the transformed problem space

 time | node  | left  |LP iter|LP it/n|mem/heur|mdpt |vars |cons |rows |cuts |sepa|confs|strbr|  dualbound   | primalbound  |  gap   | compl. 
  2.4s|     1 |     0 |  1915 |     - |    69M |   0 | 281 |3248 |2938 |   0 |  0 |  17 |   0 |-1.139353e+03 |-1.140658e+03 |   0.11%| unknown
  2.4s|     1 |     0 |  1915 |     - |    69M |   0 | 281 |3248 |1164 |   0 |  0 |  17 |   0 |-1.139353e+03 |-1.140658e+03 |   0.11%| unknown
  2.6s|     1 |     0 |  1943 |     - |    69M |   0 | 281 |3248 |1167 |   3 |  1 |  17 |   0 |-1.139375e+03 |-1.140658e+03 |   0.11%| unknown
  2.7s|     1 |     0 |  1950 |     - |    70M |   0 | 281 |3248 |1169 |   5 |  2 |  17 |   0 |-1.139375e+03 |-1.140658e+03 |   0.11%| unknown
  2.8s|     1 |     0 |  1969 |     - |    70M |   0 | 281 |3248 |1172 |   8 |  3 |  17 |   0 |-1.139382e+03 |-1.140658e+03 |   0.11%| unknown
  3.0s|     1 |     0 |  1994 |     - |    70M |   0 | 281 |3248 |1176 |  12 |  4 |  17 |   0 |-1.139388e+03 |-1.140658e+03 |   0.11%| unknown
  3.1s|     1 |     0 |  2005 |     - |    70M |   0 | 281 |3248 |1178 |  14 |  5 |  17 |   0 |-1.139389e+03 |-1.140658e+03 |   0.11%| unknown
  3.3s|     1 |     0 |  2028 |     - |    70M |   0 | 281 |3248 |1180 |  16 |  6 |  17 |   0 |-1.139391e+03 |-1.140658e+03 |   0.11%| unknown
  3.4s|     1 |     0 |  2031 |     - |    70M |   0 | 281 |3248 |1182 |  18 |  7 |  17 |   0 |-1.139391e+03 |-1.140658e+03 |   0.11%| unknown
  3.5s|     1 |     0 |  2039 |     - |    70M |   0 | 281 |3248 |1185 |  21 |  8 |  17 |   0 |-1.139392e+03 |-1.140658e+03 |   0.11%| unknown
  3.7s|     1 |     0 |  2047 |     - |    71M |   0 | 281 |3248 |1186 |  22 |  9 |  17 |   0 |-1.139392e+03 |-1.140658e+03 |   0.11%| unknown
  3.8s|     1 |     0 |  2085 |     - |    71M |   0 | 281 |3248 |1188 |  24 | 10 |  17 |   0 |-1.139403e+03 |-1.140658e+03 |   0.11%| unknown
  3.8s|     1 |     0 |  2085 |     - |    71M |   0 | 281 |3248 |1180 |  24 | 10 |  17 |   0 |-1.139403e+03 |-1.140658e+03 |   0.11%| unknown
  3.8s|     1 |     0 |  2102 |     - |    71M |   0 | 281 |3248 |1182 |  26 | 11 |  17 |   0 |-1.139404e+03 |-1.140658e+03 |   0.11%| unknown
  3.9s|     1 |     0 |  2102 |     - |    71M |   0 | 281 | 893 |1182 |  26 | 11 |  18 |   0 |-1.139404e+03 |-1.140658e+03 |   0.11%| unknown
 time | node  | left  |LP iter|LP it/n|mem/heur|mdpt |vars |cons |rows |cuts |sepa|confs|strbr|  dualbound   | primalbound  |  gap   | compl. 
  3.9s|     1 |     0 |  2109 |     - |    71M |   0 | 281 | 893 |1183 |  27 | 12 |  18 |   0 |-1.139405e+03 |-1.140658e+03 |   0.11%| unknown
  4.0s|     1 |     0 |  2125 |     - |    71M |   0 | 281 | 893 |1172 |  29 | 13 |  18 |   0 |-1.139406e+03 |-1.140658e+03 |   0.11%| unknown
  4.0s|     1 |     0 |  2125 |     - |    71M |   0 | 281 | 893 | 858 |  29 | 13 |  18 |   0 |-1.139406e+03 |-1.140658e+03 |   0.11%| unknown
  4.0s|     1 |     0 |  2127 |     - |    71M |   0 | 281 | 893 | 859 |  30 | 14 |  18 |   0 |-1.139406e+03 |-1.140658e+03 |   0.11%| unknown
  4.1s|     1 |     0 |  2127 |     - |    71M |   0 | 281 | 879 | 859 |  30 | 15 |  18 |   0 |-1.139406e+03 |-1.140658e+03 |   0.11%| unknown
  4.3s|     1 |     0 |  2803 |     - |    71M |   0 | 281 | 901 | 859 |  30 | 16 |  41 |   2 |-1.139947e+03 |-1.140658e+03 |   0.06%| unknown
  4.3s|     1 |     0 |  2803 |     - |    71M |   0 | 281 | 901 | 794 |  30 | 16 |  41 |   2 |-1.139947e+03 |-1.140658e+03 |   0.06%| unknown
  4.4s|     1 |     0 |  2804 |     - |    71M |   0 | 281 | 901 | 795 |  31 | 17 |  41 |   2 |-1.139947e+03 |-1.140658e+03 |   0.06%| unknown
  4.4s|     1 |     0 |  2804 |     - |    71M |   0 | 281 | 818 | 795 |  31 | 18 |  41 |   2 |-1.139947e+03 |-1.140658e+03 |   0.06%| unknown
  4.5s|     1 |     0 |  2804 |     - |    71M |   0 | 281 | 818 | 795 |  31 | 19 |  41 |   4 |-1.140048e+03 |-1.140658e+03 |   0.05%| unknown
  4.5s|     1 |     0 |  2804 |     - |    71M |   0 | 281 | 818 | 795 |  31 | 20 |  41 |   5 |-1.140048e+03 |-1.140658e+03 |   0.05%| unknown
  4.6s|     1 |     0 |  2804 |     - |    71M |   0 | 281 | 818 | 795 |  31 | 21 |  41 |   6 |-1.140048e+03 |-1.140658e+03 |   0.05%| unknown
  4.6s|     1 |     0 |  2804 |     - |    71M |   0 | 281 | 818 | 795 |  31 | 22 |  41 |  10 |-1.140062e+03 |-1.140658e+03 |   0.05%| unknown
  4.7s|     1 |     0 |  2804 |     - |    71M |   0 | 281 | 818 | 795 |  31 | 23 |  41 |  12 |-1.140062e+03 |-1.140658e+03 |   0.05%| unknown
  4.7s|     1 |     0 |  2804 |     - |    71M |   0 | 281 | 818 | 795 |  31 | 24 |  41 |  15 |-1.140062e+03 |-1.140658e+03 |   0.05%| unknown
 time | node  | left  |LP iter|LP it/n|mem/heur|mdpt |vars |cons |rows |cuts |sepa|confs|strbr|  dualbound   | primalbound  |  gap   | compl. 
  4.8s|     1 |     0 |  2831 |     - |    71M |   0 | 281 | 821 | 795 |  31 | 25 |  46 |  19 |-1.140062e+03 |-1.140658e+03 |   0.05%| unknown
  4.8s|     1 |     0 |  2831 |     - |    71M |   0 | 281 | 822 | 741 |  31 | 25 |  47 |  19 |-1.140062e+03 |-1.140658e+03 |   0.05%| unknown
  4.9s|     1 |     0 |  2831 |     - |    71M |   0 | 281 | 809 | 741 |  31 | 26 |  47 |  19 |-1.140062e+03 |-1.140658e+03 |   0.05%| unknown
  4.9s|     1 |     0 |  2874 |     - |    71M |   0 | 281 | 800 | 741 |  31 | 27 |  49 |  21 |-1.140062e+03 |-1.140658e+03 |   0.05%| unknown
  4.9s|     1 |     0 |  2874 |     - |    71M |   0 | 281 | 800 | 651 |  31 | 27 |  49 |  21 |-1.140062e+03 |-1.140658e+03 |   0.05%| unknown
  5.0s|     1 |     0 |  2881 |     - |    71M |   0 | 281 | 800 | 652 |  32 | 28 |  49 |  21 |-1.140062e+03 |-1.140658e+03 |   0.05%| unknown
  5.0s|     1 |     0 |  2881 |     - |    71M |   0 | 281 | 674 | 652 |  32 | 29 |  49 |  21 |-1.140062e+03 |-1.140658e+03 |   0.05%| unknown
  5.0s|     1 |     0 |  2907 |     - |    71M |   0 | 281 | 642 | 652 |  32 | 30 |  51 |  22 |-1.140062e+03 |-1.140658e+03 |   0.05%| unknown
  5.0s|     1 |     0 |  2907 |     - |    71M |   0 | 281 | 643 | 577 |  32 | 30 |  52 |  22 |-1.140062e+03 |-1.140658e+03 |   0.05%| unknown
  5.1s|     1 |     0 |  2914 |     - |    71M |   0 | 281 | 643 | 580 |  35 | 31 |  52 |  22 |-1.140062e+03 |-1.140658e+03 |   0.05%| unknown
  5.1s|     1 |     0 |  2914 |     - |    71M |   0 | 281 | 643 | 570 |  35 | 31 |  52 |  22 |-1.140062e+03 |-1.140658e+03 |   0.05%| unknown
  5.1s|     1 |     0 |  2914 |     - |    71M |   0 | 281 | 625 | 570 |  35 | 32 |  52 |  22 |-1.140062e+03 |-1.140658e+03 |   0.05%| unknown
  5.1s|     1 |     0 |  2951 |     - |    71M |   0 | 281 | 611 | 570 |  35 | 33 |  54 |  23 |-1.140137e+03 |-1.140658e+03 |   0.05%| unknown
  5.1s|     1 |     0 |  2951 |     - |    71M |   0 | 281 | 611 | 542 |  35 | 33 |  54 |  23 |-1.140137e+03 |-1.140658e+03 |   0.05%| unknown
  5.1s|     1 |     0 |  2951 |     - |    71M |   0 | 281 | 594 | 542 |  35 | 34 |  54 |  23 |-1.140137e+03 |-1.140658e+03 |   0.05%| unknown
 time | node  | left  |LP iter|LP it/n|mem/heur|mdpt |vars |cons |rows |cuts |sepa|confs|strbr|  dualbound   | primalbound  |  gap   | compl. 
  5.2s|     1 |     0 |  2957 |     - |    71M |   0 | 281 | 578 | 542 |  35 | 35 |  56 |  24 |-1.140140e+03 |-1.140658e+03 |   0.05%| unknown
  5.2s|     1 |     0 |  2957 |     - |    71M |   0 | 281 | 571 | 542 |  35 | 36 |  56 |  25 |-1.140439e+03 |-1.140658e+03 |   0.02%| unknown
  5.2s|     1 |     0 |  2957 |     - |    71M |   0 | 281 | 571 | 542 |  35 | 37 |  56 |  26 |-1.140439e+03 |-1.140658e+03 |   0.02%| unknown
  5.3s|     1 |     0 |  3016 |     - |    71M |   0 | 281 | 544 | 542 |  35 | 38 |  64 |  31 |-1.140513e+03 |-1.140658e+03 |   0.01%| unknown
  5.3s|     1 |     0 |  3016 |     - |    71M |   0 | 281 | 544 | 412 |  35 | 38 |  64 |  31 |-1.140513e+03 |-1.140658e+03 |   0.01%| unknown
  5.3s|     1 |     0 |  3016 |     - |    71M |   0 | 281 | 299 | 412 |  35 | 39 |  64 |  31 |-1.140513e+03 |-1.140658e+03 |   0.01%| unknown
  5.3s|     1 |     0 |  3028 |     - |    71M |   0 | 281 | 272 | 412 |  35 | 40 |  65 |  32 |-1.140546e+03 |-1.140658e+03 |   0.01%| unknown
  5.3s|     1 |     0 |  3047 |     - |    71M |   0 | 281 | 272 | 414 |  37 | 41 |  66 |  32 |-1.140654e+03 |-1.140658e+03 |   0.00%| unknown
  5.3s|     1 |     0 |  3047 |     - |    71M |   0 | 281 | 272 | 288 |  37 | 41 |  66 |  32 |-1.140654e+03 |-1.140658e+03 |   0.00%| unknown
  5.3s|     1 |     0 |  3047 |     - |    71M |   0 | 281 | 220 | 288 |  37 | 42 |  66 |  32 |-1.140654e+03 |-1.140658e+03 |   0.00%| unknown
  5.3s|     1 |     2 |  3047 |     - |    71M |   0 | 281 | 220 | 288 |  37 | 43 |  66 |  32 |-1.140654e+03 |-1.140658e+03 |   0.00%| unknown

SCIP Status        : problem is solved [optimal solution found]
Solving Time (sec) : 5.33
Solving Nodes      : 3 (total of 4 nodes in 2 runs)
Primal Bound       : -1.14065800865801e+03 (47 solutions)
Dual Bound         : -1.14065800865801e+03
Gap                : 0.00 %
  [linear] <c3240>: <x234>[C] (+27.1471861) +0.482683983<x1>[B] (+1) +0.482683983<x2>[B] (+1) +0.482683983<x3>[B] (+1) +0.482683983<x4>[B] (+1) +0.482683983<x5>[B] (+0) +0.482683983<x6>[B] (+1) +0.482683983<x7>[B] (+1) +0.482683983<x8>[B] (+1) +0.482683983<x9>[B] (+1) +0.482683983<x10>[B] (+0) +0.482683983<x11>[B] (+0) +0.482683983<x12>[B] (+1) +0.482683983<x13>[B] (+1) +0.482683983<x14>[B] (+1) +0.482683983<x15>[B] (+1) +0.482683983<x16>[B] (+0) +0.482683983<x17>[B] (+1) +0.482683983<x18>[B] (+1) +0.482683983<x19>[B] (+1) +0.482683983<x20>[B] (+1) +0.482683983<x21>[B] (+1) -0.482683983<x22>[B] (+1) -0.482683983<x23>[B] (+1) -0.482683983<x24>[B] (+0) -0.482683983<x25>[B] (+0) -0.482683983<x26>[B] (+0) -0.482683983<x27>[B] (+0) -0.482683983<x28>[B] (+0) -0.482683983<x29>[B] (+0) -0.482683983<x30>[B] (+0) -0.482683983<x31>[B] (+0) -0.482683983<x32>[B] (+1) -0.482683983<x33>[B] (+0) -0.482683983<x34>[B] (+0) -0.482683983<x35>[B] (+1) -0.482683983<x36>[B] (+0) -0.482683983<x37>[B] (+0) -0.482683983<x38>[B] (+0) -0.482683983<x39>[B] (+1) -0.482683983<x40>[B] (+0) -0.482683983<x41>[B] (+1) +0.482683983<x42>[B] (+1) +0.482683983<x43>[B] (+0) +0.482683983<x44>[B] (+0) +0.482683983<x45>[B] (+0) +0.482683983<x46>[B] (+0) +0.482683983<x47>[B] (+0) +0.482683983<x48>[B] (+0) +0.482683983<x49>[B] (+0) +0.482683983<x50>[B] (+0) +0.482683983<x51>[B] (+1) +0.482683983<x52>[B] (+0) +0.482683983<x53>[B] (+0) -0.482683983<x54>[B] (+1) +0.482683983<x55>[B] (+0) +0.482683983<x56>[B] (+0) -0.482683983<x57>[B] (+0) +0.482683983<x58>[B] (+0) +0.482683983<x59>[B] (+0) +0.482683983<x60>[B] (+1) +0.482683983<x61>[B] (+0) -0.482683983<x62>[B] (+0) -0.482683983<x63>[B] (+0) -0.482683983<x64>[B] (+0) -0.482683983<x65>[B] (+0) -0.482683983<x66>[B] (+0) -0.482683983<x67>[B] (+0) -0.482683983<x68>[B] (+0) -0.482683983<x69>[B] (+0) -0.482683983<x70>[B] (+0) -0.482683983<x71>[B] (+0) -0.482683983<x72>[B] (+0) -0.482683983<x73>[B] (+0) -0.482683983<x74>[B] (+0) -0.482683983<x75>[B] (+0) -0.482683983<x76>[B] (+0) -0.482683983<x77>[B] (+0) -0.482683983<x78>[B] (+0) -0.482683983<x79>[B] (+0) -0.482683983<x80>[B] (+1) -0.482683983<x81>[B] (+1) -0.482683983<x82>[B] (+1) -0.482683983<x83>[B] (+1) -0.482683983<x84>[B] (+0) -0.482683983<x85>[B] (+0) -0.482683983<x86>[B] (+1) -0.482683983<x87>[B] (+1) -0.482683983<x88>[B] (+1) -0.482683983<x89>[B] (+1) -0.482683983<x90>[B] (+0) -0.482683983<x91>[B] (+1) -0.482683983<x92>[B] (+0) -0.482683983<x93>[B] (+1) -0.482683983<x94>[B] (+1) -0.482683983<x95>[B] (+1) -0.482683983<x96>[B] (+1) -0.482683983<x97>[B] (+1) -0.482683983<x98>[B] (+1) -0.482683983<x99>[B] (+1) +0.482683983<x100>[B] (+0) -0.482683983<x101>[B] (+0) +0.482683983<x102>[B] (+1) -0.482683983<x103>[B] (+1) -0.482683983<x104>[B] (+1) -0.482683983<x105>[B] (+1) -0.482683983<x106>[B] (+0) +0.482683983<x107>[B] (+1) -0.482683983<x108>[B] (+1) -0.482683983<x109>[B] (+1) -0.482683983<x110>[B] (+1) -0.482683983<x111>[B] (+1) +0.482683983<x112>[B] (+1) +0.482683983<x113>[B] (+0) -0.482683983<x114>[B] (+0) +0.482683983<x115>[B] (+0) -0.482683983<x116>[B] (+0) +0.482683983<x117>[B] (+1) +0.482683983<x118>[B] (+0) +0.482683983<x119>[B] (+0) -0.482683983<x120>[B] (+1) +0.482683983<x121>[B] (+0) +0.482683983<x122>[B] (+0) -0.482683983<x123>[B] (+0) +0.482683983<x124>[B] (+1) -0.482683983<x125>[B] (+1) +0.482683983<x126>[B] (+1) +0.482683983<x127>[B] (+0) -0.482683983<x128>[B] (+0) +0.482683983<x129>[B] (+0) -0.482683983<x130>[B] (+0) +0.482683983<x131>[B] (+1) +0.482683983<x132>[B] (+0) +0.482683983<x133>[B] (+0) -0.482683983<x134>[B] (+1) -0.482683983<x135>[B] (+0) +0.482683983<x136>[B] (+0) -0.482683983<x137>[B] (+0) -0.482683983<x138>[B] (+1) -0.482683983<x139>[B] (+0) +0.482683983<x140>[B] (+1) -0.482683983<x141>[B] (+0) +0.482683983<x142>[B] (+0) -0.482683983<x143>[B] (+0) +0.482683983<x144>[B] (+1) +0.482683983<x145>[B] (+0) +0.482683983<x146>[B] (+0) -0.482683983<x147>[B] (+1) -0.482683983<x148>[B] (+0) +0.482683983<x149>[B] (+0) -0.482683983<x150>[B] (+0) -0.482683983<x151>[B] (+1) -0.482683983<x152>[B] (+1) +0.482683983<x153>[B] (+1) +0.482683983<x154>[B] (+0) -0.482683983<x155>[B] (+0) +0.482683983<x156>[B] (+1) +0.482683983<x157>[B] (+0) +0.482683983<x158>[B] (+1) -0.482683983<x159>[B] (+1) +0.482683983<x160>[B] (+0) +0.482683983<x161>[B] (+0) -0.482683983<x162>[B] (+0) +0.482683983<x163>[B] (+1) -0.482683983<x164>[B] (+1) +0.482683983<x165>[B] (+1) -0.482683983<x166>[B] (+0) -0.482683983<x167>[B] (+1) -0.482683983<x168>[B] (+1) -0.482683983<x169>[B] (+1) -0.482683983<x170>[B] (+1) -0.482683983<x171>[B] (+1) -0.482683983<x172>[B] (+1) -0.482683983<x173>[B] (+1) -0.482683983<x174>[B] (+1) -0.482683983<x175>[B] (+1) -0.482683983<x176>[B] (+1) +0.482683983<x177>[B] (+1) +0.482683983<x178>[B] (+1) +0.482683983<x179>[B] (+1) -0.482683983<x180>[B] (+1) +0.482683983<x181>[B] (+1) +0.482683983<x182>[B] (+1) -0.482683983<x183>[B] (+1) +0.482683983<x184>[B] (+1) +0.482683983<x185>[B] (+1) +0.482683983<x186>[B] (+1) -0.482683983<x187>[B] (+0) -0.482683983<x188>[B] (+0) -0.482683983<x189>[B] (+1) -0.482683983<x190>[B] (+0) -0.482683983<x191>[B] (+0) -0.482683983<x192>[B] (+0) -0.482683983<x193>[B] (+0) -0.482683983<x194>[B] (+0) -0.482683983<x195>[B] (+0) -0.482683983<x196>[B] (+1) -0.482683983<x197>[B] (+1) -0.482683983<x198>[B] (+0) +0.482683983<x199>[B] (+0) -0.482683983<x200>[B] (+0) -0.482683983<x201>[B] (+1) -0.482683983<x202>[B] (+1) -0.482683983<x203>[B] (+1) -0.482683983<x204>[B] (+1) -0.482683983<x205>[B] (+0) +0.482683983<x206>[B] (+0) -0.482683983<x207>[B] (+0) -0.482683983<x208>[B] (+1) -0.482683983<x209>[B] (+1) +0.482683983<x210>[B] (+1) +0.482683983<x211>[B] (+0) +0.482683983<x212>[B] (+0) +0.482683983<x213>[B] (+0) +0.482683983<x214>[B] (+0) +0.482683983<x215>[B] (+0) +0.482683983<x216>[B] (+0) +0.482683983<x217>[B] (+1) -0.482683983<x218>[B] (+1) +0.482683983<x219>[B] (+1) -0.482683983<x220>[B] (+1) +0.482683983<x221>[B] (+1) -0.482683983<x222>[B] (+0) -0.482683983<x223>[B] (+1) -0.482683983<x224>[B] (+1) -0.482683983<x225>[B] (+1) +0.482683983<x226>[B] (+1) +0.482683983<x227>[B] (+1) +0.482683983<x228>[B] (+1) -0.482683983<x229>[B] (+0) +0.482683983<x230>[B] (+1) +0.482683983<x231>[B] (+1) >= 20.3939393939394;
;
violation: left hand side is violated by 0.00432900432900496
  [linear] <c3243>: <x238>[C] (+27.1471861) -0.482683983<x1>[B] (+1) +0.482683983<x2>[B] (+1) +0.482683983<x3>[B] (+1) +0.482683983<x4>[B] (+1) -0.482683983<x5>[B] (+0) +0.482683983<x6>[B] (+1) +0.482683983<x7>[B] (+1) +0.482683983<x8>[B] (+1) +0.482683983<x9>[B] (+0) +0.482683983<x10>[B] (+0) +0.482683983<x11>[B] (+0) +0.482683983<x12>[B] (+1) +0.482683983<x13>[B] (+1) +0.482683983<x14>[B] (+1) +0.482683983<x15>[B] (+1) +0.482683983<x16>[B] (+0) +0.482683983<x17>[B] (+1) -0.482683983<x18>[B] (+0) -0.482683983<x19>[B] (+1) -0.482683983<x20>[B] (+1) +0.482683983<x21>[B] (+1) +0.482683983<x22>[B] (+1) +0.482683983<x23>[B] (+1) +0.482683983<x24>[B] (+0) +0.482683983<x25>[B] (+0) +0.482683983<x26>[B] (+0) +0.482683983<x27>[B] (+0) +0.482683983<x28>[B] (+0) +0.482683983<x29>[B] (+0) +0.482683983<x30>[B] (+0) +0.482683983<x31>[B] (+0) +0.482683983<x32>[B] (+1) +0.482683983<x33>[B] (+0) +0.482683983<x34>[B] (+0) +0.482683983<x35>[B] (+1) +0.482683983<x36>[B] (+0) +0.482683983<x37>[B] (+0) +0.482683983<x38>[B] (+0) -0.482683983<x39>[B] (+1) +0.482683983<x40>[B] (+0) +0.482683983<x41>[B] (+1) -0.482683983<x42>[B] (+1) -0.482683983<x43>[B] (+0) -0.482683983<x44>[B] (+0) -0.482683983<x45>[B] (+0) -0.482683983<x46>[B] (+0) -0.482683983<x47>[B] (+0) -0.482683983<x48>[B] (+0) -0.482683983<x49>[B] (+0) +0.482683983<x50>[B] (+0) +0.482683983<x51>[B] (+1) -0.482683983<x52>[B] (+0) -0.482683983<x53>[B] (+0) -0.482683983<x54>[B] (+1) -0.482683983<x55>[B] (+0) -0.482683983<x56>[B] (+0) -0.482683983<x57>[B] (+0) -0.482683983<x58>[B] (+0) -0.482683983<x59>[B] (+0) -0.482683983<x60>[B] (+1) +0.482683983<x61>[B] (+0) -0.482683983<x62>[B] (+0) +0.482683983<x63>[B] (+0) +0.482683983<x64>[B] (+0) +0.482683983<x65>[B] (+0) -0.482683983<x66>[B] (+0) +0.482683983<x67>[B] (+0) +0.482683983<x68>[B] (+0) +0.482683983<x69>[B] (+0) +0.482683983<x70>[B] (+0) -0.482683983<x71>[B] (+0) +0.482683983<x72>[B] (+0) -0.482683983<x73>[B] (+0) +0.482683983<x74>[B] (+0) -0.482683983<x75>[B] (+0) -0.482683983<x76>[B] (+0) -0.482683983<x77>[B] (+0) +0.482683983<x78>[B] (+0) -0.482683983<x79>[B] (+0) -0.482683983<x80>[B] (+1) -0.482683983<x81>[B] (+1) -0.482683983<x82>[B] (+1) -0.482683983<x83>[B] (+0) -0.482683983<x84>[B] (+0) +0.482683983<x85>[B] (+0) +0.482683983<x86>[B] (+1) +0.482683983<x87>[B] (+1) -0.482683983<x88>[B] (+1) -0.482683983<x89>[B] (+1) -0.482683983<x90>[B] (+0) -0.482683983<x91>[B] (+1) -0.482683983<x92>[B] (+0) -0.482683983<x93>[B] (+1) -0.482683983<x94>[B] (+1) -0.482683983<x95>[B] (+1) +0.482683983<x96>[B] (+1) +0.482683983<x97>[B] (+1) +0.482683983<x98>[B] (+1) +0.482683983<x99>[B] (+0) +0.482683983<x100>[B] (+0) +0.482683983<x101>[B] (+0) +0.482683983<x102>[B] (+1) +0.482683983<x103>[B] (+1) +0.482683983<x104>[B] (+1) +0.482683983<x105>[B] (+1) +0.482683983<x106>[B] (+0) +0.482683983<x107>[B] (+1) +0.482683983<x108>[B] (+0) -0.482683983<x109>[B] (+1) +0.482683983<x110>[B] (+1) +0.482683983<x111>[B] (+1) -0.482683983<x112>[B] (+1) -0.482683983<x113>[B] (+0) -0.482683983<x114>[B] (+0) -0.482683983<x115>[B] (+0) +0.482683983<x116>[B] (+0) +0.482683983<x117>[B] (+1) +0.482683983<x118>[B] (+0) -0.482683983<x119>[B] (+1) -0.482683983<x120>[B] (+1) -0.482683983<x121>[B] (+0) +0.482683983<x122>[B] (+0) -0.482683983<x123>[B] (+0) -0.482683983<x124>[B] (+1) -0.482683983<x125>[B] (+1) -0.482683983<x126>[B] (+1) -0.482683983<x127>[B] (+0) -0.482683983<x128>[B] (+0) -0.482683983<x129>[B] (+0) +0.482683983<x130>[B] (+0) +0.482683983<x131>[B] (+1) +0.482683983<x132>[B] (+0) -0.482683983<x133>[B] (+0) -0.482683983<x134>[B] (+1) -0.482683983<x135>[B] (+0) +0.482683983<x136>[B] (+0) -0.482683983<x137>[B] (+0) -0.482683983<x138>[B] (+1) -0.482683983<x139>[B] (+0) +0.482683983<x140>[B] (+1) -0.482683983<x141>[B] (+0) +0.482683983<x142>[B] (+0) +0.482683983<x143>[B] (+0) +0.482683983<x144>[B] (+1) +0.482683983<x145>[B] (+0) -0.482683983<x146>[B] (+1) +0.482683983<x147>[B] (+1) -0.482683983<x148>[B] (+0) +0.482683983<x149>[B] (+0) -0.482683983<x150>[B] (+0) -0.482683983<x151>[B] (+1) -0.482683983<x152>[B] (+1) +0.482683983<x153>[B] (+1) +0.482683983<x154>[B] (+0) +0.482683983<x155>[B] (+0) +0.482683983<x156>[B] (+1) +0.482683983<x157>[B] (+1) -0.482683983<x158>[B] (+1) +0.482683983<x159>[B] (+1) -0.482683983<x160>[B] (+1) +0.482683983<x161>[B] (+1) -0.482683983<x162>[B] (+0) -0.482683983<x163>[B] (+1) -0.482683983<x164>[B] (+1) +0.482683983<x165>[B] (+1) +0.482683983<x166>[B] (+0) +0.482683983<x167>[B] (+1) +0.482683983<x168>[B] (+1) -0.482683983<x169>[B] (+1) +0.482683983<x170>[B] (+1) -0.482683983<x171>[B] (+1) +0.482683983<x172>[B] (+1) -0.482683983<x173>[B] (+0) -0.482683983<x174>[B] (+1) -0.482683983<x175>[B] (+1) +0.482683983<x176>[B] (+1) +0.482683983<x177>[B] (+1) -0.482683983<x178>[B] (+1) -0.482683983<x179>[B] (+1) -0.482683983<x180>[B] (+1) -0.482683983<x181>[B] (+1) -0.482683983<x182>[B] (+1) -0.482683983<x183>[B] (+1) -0.482683983<x184>[B] (+1) -0.482683983<x185>[B] (+1) -0.482683983<x186>[B] (+1) -0.482683983<x187>[B] (+0) -0.482683983<x188>[B] (+0) -0.482683983<x189>[B] (+1) -0.482683983<x190>[B] (+0) -0.482683983<x191>[B] (+0) -0.482683983<x192>[B] (+0) -0.482683983<x193>[B] (+0) -0.482683983<x194>[B] (+0) -0.482683983<x195>[B] (+0) -0.482683983<x196>[B] (+1) -0.482683983<x197>[B] (+1) -0.482683983<x198>[B] (+0) -0.482683983<x199>[B] (+0) -0.482683983<x200>[B] (+0) -0.482683983<x201>[B] (+1) -0.482683983<x202>[B] (+1) -0.482683983<x203>[B] (+1) +0.482683983<x204>[B] (+1) -0.482683983<x205>[B] (+0) +0.482683983<x206>[B] (+0) -0.482683983<x207>[B] (+0) -0.482683983<x208>[B] (+1) -0.482683983<x209>[B] (+1) +0.482683983<x210>[B] (+1) -0.482683983<x211>[B] (+0) +0.482683983<x212>[B] (+0) -0.482683983<x213>[B] (+0) -0.482683983<x214>[B] (+0) -0.482683983<x215>[B] (+0) +0.482683983<x216>[B] (+0) +0.482683983<x217>[B] (+1) -0.482683983<x218>[B] (+0) -0.482683983<x219>[B] (+1) -0.482683983<x220>[B] (+1) +0.482683983<x221>[B] (+1) -0.482683983<x222>[B] (+0) -0.482683983<x223>[B] (+1) -0.482683983<x224>[B] (+1) -0.482683983<x225>[B] (+1) -0.482683983<x226>[B] (+1) +0.482683983<x227>[B] (+1) +0.482683983<x228>[B] (+1) +0.482683983<x229>[B] (+0) +0.482683983<x230>[B] (+1) +0.482683983<x231>[B] (+1) >= 25.2207792207792;
;
violation: left hand side is violated by 0.00432900432900141
  [linear] <c3261>: <x280>[C] (+48.6580087) -0.634199134<x1>[B] (+1) -0.634199134<x2>[B] (+1) -0.634199134<x3>[B] (+1) -0.634199134<x4>[B] (+1) -0.634199134<x5>[B] (+1) -0.634199134<x6>[B] (+1) -0.634199134<x7>[B] (+1) -0.634199134<x8>[B] (+1) -0.634199134<x9>[B] (+1) -0.634199134<x10>[B] (+1) -0.634199134<x11>[B] (+0) -0.634199134<x12>[B] (+1) -0.634199134<x13>[B] (+1) -0.634199134<x14>[B] (+1) -0.634199134<x15>[B] (+1) -0.634199134<x16>[B] (+0) -0.634199134<x17>[B] (+1) -0.634199134<x18>[B] (+1) -0.634199134<x19>[B] (+1) -0.634199134<x20>[B] (+1) -0.634199134<x21>[B] (+1) +0.634199134<x22>[B] (+1) +0.634199134<x23>[B] (+1) +0.634199134<x24>[B] (+0) +0.634199134<x25>[B] (+0) -0.634199134<x26>[B] (+0) +0.634199134<x27>[B] (+1) +0.634199134<x28>[B] (+0) +0.634199134<x29>[B] (+0) +0.634199134<x30>[B] (+0) +0.634199134<x31>[B] (+0) -0.634199134<x32>[B] (+1) -0.634199134<x33>[B] (+0) +0.634199134<x34>[B] (+0) +0.634199134<x35>[B] (+1) -0.634199134<x36>[B] (+0) +0.634199134<x37>[B] (+0) +0.634199134<x38>[B] (+0) -0.634199134<x39>[B] (+1) -0.634199134<x40>[B] (+1) -0.634199134<x41>[B] (+1) -0.634199134<x42>[B] (+1) -0.634199134<x43>[B] (+0) -0.634199134<x44>[B] (+0) -0.634199134<x45>[B] (+0) -0.634199134<x46>[B] (+0) -0.634199134<x47>[B] (+0) -0.634199134<x48>[B] (+0) -0.634199134<x49>[B] (+0) -0.634199134<x50>[B] (+0) -0.634199134<x51>[B] (+1) -0.634199134<x52>[B] (+0) -0.634199134<x53>[B] (+0) -0.634199134<x54>[B] (+0) -0.634199134<x55>[B] (+0) -0.634199134<x56>[B] (+0) -0.634199134<x57>[B] (+0) -0.634199134<x58>[B] (+0) -0.634199134<x59>[B] (+0) -0.634199134<x60>[B] (+0) +0.634199134<x61>[B] (+0) +0.634199134<x62>[B] (+0) -0.634199134<x63>[B] (+0) -0.634199134<x64>[B] (+0) +0.634199134<x65>[B] (+0) +0.634199134<x66>[B] (+0) -0.634199134<x67>[B] (+0) +0.634199134<x68>[B] (+0) -0.634199134<x69>[B] (+1) -0.634199134<x70>[B] (+0) +0.634199134<x71>[B] (+0) -0.634199134<x72>[B] (+0) -0.634199134<x73>[B] (+0) -0.634199134<x74>[B] (+0) +0.634199134<x75>[B] (+0) -0.634199134<x76>[B] (+0) -0.634199134<x77>[B] (+0) -0.634199134<x78>[B] (+0) +0.634199134<x79>[B] (+1) -0.634199134<x80>[B] (+1) -0.634199134<x81>[B] (+1) -0.634199134<x82>[B] (+1) -0.634199134<x83>[B] (+1) -0.634199134<x84>[B] (+1) +0.634199134<x85>[B] (+0) -0.634199134<x86>[B] (+1) -0.634199134<x87>[B] (+1) -0.634199134<x88>[B] (+1) -0.634199134<x89>[B] (+1) -0.634199134<x90>[B] (+0) -0.634199134<x91>[B] (+1) -0.634199134<x92>[B] (+0) -0.634199134<x93>[B] (+1) -0.634199134<x94>[B] (+1) -0.634199134<x95>[B] (+1) -0.634199134<x96>[B] (+1) -0.634199134<x97>[B] (+1) -0.634199134<x98>[B] (+1) -0.634199134<x99>[B] (+0) -0.634199134<x100>[B] (+0) +0.634199134<x101>[B] (+0) -0.634199134<x102>[B] (+1) -0.634199134<x103>[B] (+1) -0.634199134<x104>[B] (+1) -0.634199134<x105>[B] (+1) -0.634199134<x106>[B] (+0) -0.634199134<x107>[B] (+0) -0.634199134<x108>[B] (+0) -0.634199134<x109>[B] (+1) -0.634199134<x110>[B] (+1) -0.634199134<x111>[B] (+1) +0.634199134<x112>[B] (+1) +0.634199134<x113>[B] (+0) +0.634199134<x114>[B] (+0) +0.634199134<x115>[B] (+0) +0.634199134<x116>[B] (+0) +0.634199134<x117>[B] (+1) -0.634199134<x118>[B] (+0) +0.634199134<x119>[B] (+0) +0.634199134<x120>[B] (+1) -0.634199134<x121>[B] (+0) +0.634199134<x122>[B] (+0) +0.634199134<x123>[B] (+0) -0.634199134<x124>[B] (+1) -0.634199134<x125>[B] (+1) -0.634199134<x126>[B] (+1) +0.634199134<x127>[B] (+0) +0.634199134<x128>[B] (+0) +0.634199134<x129>[B] (+0) +0.634199134<x130>[B] (+0) -0.634199134<x131>[B] (+1) -0.634199134<x132>[B] (+0) +0.634199134<x133>[B] (+0) -0.634199134<x134>[B] (+1) -0.634199134<x135>[B] (+0) -0.634199134<x136>[B] (+0) +0.634199134<x137>[B] (+0) -0.634199134<x138>[B] (+1) -0.634199134<x139>[B] (+1) -0.634199134<x140>[B] (+0) +0.634199134<x141>[B] (+0) -0.634199134<x142>[B] (+0) +0.634199134<x143>[B] (+0) -0.634199134<x144>[B] (+1) -0.634199134<x145>[B] (+0) +0.634199134<x146>[B] (+0) -0.634199134<x147>[B] (+1) -0.634199134<x148>[B] (+0) -0.634199134<x149>[B] (+0) +0.634199134<x150>[B] (+0) -0.634199134<x151>[B] (+1) -0.634199134<x152>[B] (+1) -0.634199134<x153>[B] (+1) -0.634199134<x154>[B] (+0) +0.634199134<x155>[B] (+0) -0.634199134<x156>[B] (+1) -0.634199134<x157>[B] (+1) +0.634199134<x158>[B] (+1) -0.634199134<x159>[B] (+1) -0.634199134<x160>[B] (+0) -0.634199134<x161>[B] (+1) +0.634199134<x162>[B] (+0) -0.634199134<x163>[B] (+1) -0.634199134<x164>[B] (+1) -0.634199134<x165>[B] (+1) +0.634199134<x166>[B] (+0) -0.634199134<x167>[B] (+1) -0.634199134<x168>[B] (+1) +0.634199134<x169>[B] (+1) -0.634199134<x170>[B] (+1) -0.634199134<x171>[B] (+0) -0.634199134<x172>[B] (+1) +0.634199134<x173>[B] (+0) -0.634199134<x174>[B] (+1) -0.634199134<x175>[B] (+1) -0.634199134<x176>[B] (+1) -0.634199134<x177>[B] (+1) -0.634199134<x178>[B] (+1) -0.634199134<x179>[B] (+1) -0.634199134<x180>[B] (+1) -0.634199134<x181>[B] (+1) -0.634199134<x182>[B] (+1) -0.634199134<x183>[B] (+1) -0.634199134<x184>[B] (+1) -0.634199134<x185>[B] (+1) -0.634199134<x186>[B] (+1) -0.634199134<x187>[B] (+0) +0.634199134<x188>[B] (+0) +0.634199134<x189>[B] (+0) -0.634199134<x190>[B] (+0) +0.634199134<x191>[B] (+0) +0.634199134<x192>[B] (+0) -0.634199134<x193>[B] (+0) -0.634199134<x194>[B] (+0) -0.634199134<x195>[B] (+0) +0.634199134<x196>[B] (+1) +0.634199134<x197>[B] (+1) +0.634199134<x198>[B] (+0) +0.634199134<x199>[B] (+0) +0.634199134<x200>[B] (+0) +0.634199134<x201>[B] (+1) -0.634199134<x202>[B] (+1) +0.634199134<x203>[B] (+1) -0.634199134<x204>[B] (+1) -0.634199134<x205>[B] (+0) -0.634199134<x206>[B] (+0) +0.634199134<x207>[B] (+0) -0.634199134<x208>[B] (+1) -0.634199134<x209>[B] (+1) -0.634199134<x210>[B] (+1) -0.634199134<x211>[B] (+0) -0.634199134<x212>[B] (+0) +0.634199134<x213>[B] (+0) -0.634199134<x214>[B] (+1) -0.634199134<x215>[B] (+1) -0.634199134<x216>[B] (+0) +0.634199134<x217>[B] (+1) +0.634199134<x218>[B] (+1) +0.634199134<x219>[B] (+1) -0.634199134<x220>[B] (+1) -0.634199134<x221>[B] (+1) +0.634199134<x222>[B] (+0) -0.634199134<x223>[B] (+1) -0.634199134<x224>[B] (+1) -0.634199134<x225>[B] (+1) -0.634199134<x226>[B] (+1) -0.634199134<x227>[B] (+1) -0.634199134<x228>[B] (+1) -0.634199134<x229>[B] (+0) -0.634199134<x230>[B] (+0) +0.634199134<x231>[B] (+0) >= -3.96320346320346;
;
violation: left hand side is violated by 0.0173160173161477
  [linear] <c3241>: <x235>[C] (+17.1406926) +0.383116883<x1>[B] (+1) +0.383116883<x2>[B] (+1) -0.383116883<x3>[B] (+1) -0.383116883<x4>[B] (+1) +0.383116883<x5>[B] (+0) -0.383116883<x6>[B] (+1) -0.383116883<x7>[B] (+1) -0.383116883<x8>[B] (+1) +0.383116883<x9>[B] (+1) -0.383116883<x10>[B] (+0) -0.383116883<x11>[B] (+0) +0.383116883<x12>[B] (+1) +0.383116883<x13>[B] (+1) -0.383116883<x14>[B] (+1) -0.383116883<x15>[B] (+1) -0.383116883<x16>[B] (+0) -0.383116883<x17>[B] (+1) -0.383116883<x18>[B] (+1) -0.383116883<x19>[B] (+1) +0.383116883<x20>[B] (+1) -0.383116883<x21>[B] (+1) +0.383116883<x22>[B] (+1) -0.383116883<x23>[B] (+1) -0.383116883<x24>[B] (+0) +0.383116883<x25>[B] (+0) -0.383116883<x26>[B] (+0) -0.383116883<x27>[B] (+0) -0.383116883<x28>[B] (+0) +0.383116883<x29>[B] (+0) -0.383116883<x30>[B] (+0) -0.383116883<x31>[B] (+0) +0.383116883<x32>[B] (+1) +0.383116883<x33>[B] (+0) -0.383116883<x34>[B] (+0) -0.383116883<x35>[B] (+1) -0.383116883<x36>[B] (+0) -0.383116883<x37>[B] (+0) -0.383116883<x38>[B] (+0) -0.383116883<x39>[B] (+1) +0.383116883<x40>[B] (+0) -0.383116883<x41>[B] (+1) -0.383116883<x42>[B] (+1) -0.383116883<x43>[B] (+0) -0.383116883<x44>[B] (+0) -0.383116883<x45>[B] (+0) -0.383116883<x46>[B] (+0) -0.383116883<x47>[B] (+0) -0.383116883<x48>[B] (+0) -0.383116883<x49>[B] (+0) -0.383116883<x50>[B] (+0) -0.383116883<x51>[B] (+1) -0.383116883<x52>[B] (+0) -0.383116883<x53>[B] (+0) -0.383116883<x54>[B] (+1) -0.383116883<x55>[B] (+0) -0.383116883<x56>[B] (+0) -0.383116883<x57>[B] (+0) -0.383116883<x58>[B] (+0) -0.383116883<x59>[B] (+0) -0.383116883<x60>[B] (+1) -0.383116883<x61>[B] (+0) +0.383116883<x62>[B] (+0) -0.383116883<x63>[B] (+0) -0.383116883<x64>[B] (+0) -0.383116883<x65>[B] (+0) +0.383116883<x66>[B] (+0) -0.383116883<x67>[B] (+0) -0.383116883<x68>[B] (+0) +0.383116883<x69>[B] (+0) +0.383116883<x70>[B] (+0) -0.383116883<x71>[B] (+0) -0.383116883<x72>[B] (+0) -0.383116883<x73>[B] (+0) -0.383116883<x74>[B] (+0) -0.383116883<x75>[B] (+0) -0.383116883<x76>[B] (+0) +0.383116883<x77>[B] (+0) -0.383116883<x78>[B] (+0) +0.383116883<x79>[B] (+0) +0.383116883<x80>[B] (+1) +0.383116883<x81>[B] (+1) -0.383116883<x82>[B] (+1) +0.383116883<x83>[B] (+1) -0.383116883<x84>[B] (+0) +0.383116883<x85>[B] (+0) +0.383116883<x86>[B] (+1) +0.383116883<x87>[B] (+1) -0.383116883<x88>[B] (+1) +0.383116883<x89>[B] (+1) -0.383116883<x90>[B] (+0) +0.383116883<x91>[B] (+1) +0.383116883<x92>[B] (+0) +0.383116883<x93>[B] (+1) +0.383116883<x94>[B] (+1) +0.383116883<x95>[B] (+1) -0.383116883<x96>[B] (+1) -0.383116883<x97>[B] (+1) -0.383116883<x98>[B] (+1) +0.383116883<x99>[B] (+1) -0.383116883<x100>[B] (+0) -0.383116883<x101>[B] (+0) +0.383116883<x102>[B] (+1) +0.383116883<x103>[B] (+1) -0.383116883<x104>[B] (+1) -0.383116883<x105>[B] (+1) -0.383116883<x106>[B] (+0) -0.383116883<x107>[B] (+1) -0.383116883<x108>[B] (+1) -0.383116883<x109>[B] (+1) +0.383116883<x110>[B] (+1) -0.383116883<x111>[B] (+1) +0.383116883<x112>[B] (+1) -0.383116883<x113>[B] (+0) +0.383116883<x114>[B] (+0) -0.383116883<x115>[B] (+0) +0.383116883<x116>[B] (+0) +0.383116883<x117>[B] (+1) +0.383116883<x118>[B] (+0) -0.383116883<x119>[B] (+1) +0.383116883<x120>[B] (+1) -0.383116883<x121>[B] (+0) +0.383116883<x122>[B] (+0) -0.383116883<x123>[B] (+0) +0.383116883<x124>[B] (+1) +0.383116883<x125>[B] (+1) +0.383116883<x126>[B] (+1) -0.383116883<x127>[B] (+0) +0.383116883<x128>[B] (+0) -0.383116883<x129>[B] (+0) +0.383116883<x130>[B] (+0) +0.383116883<x131>[B] (+1) +0.383116883<x132>[B] (+0) -0.383116883<x133>[B] (+0) +0.383116883<x134>[B] (+1) -0.383116883<x135>[B] (+0) +0.383116883<x136>[B] (+0) -0.383116883<x137>[B] (+0) -0.383116883<x138>[B] (+1) +0.383116883<x139>[B] (+0) +0.383116883<x140>[B] (+1) +0.383116883<x141>[B] (+0) +0.383116883<x142>[B] (+0) +0.383116883<x143>[B] (+0) +0.383116883<x144>[B] (+1) +0.383116883<x145>[B] (+0) +0.383116883<x146>[B] (+1) +0.383116883<x147>[B] (+1) +0.383116883<x148>[B] (+0) +0.383116883<x149>[B] (+0) +0.383116883<x150>[B] (+0) +0.383116883<x151>[B] (+1) +0.383116883<x152>[B] (+1) +0.383116883<x153>[B] (+1) -0.383116883<x154>[B] (+0) -0.383116883<x155>[B] (+0) +0.383116883<x156>[B] (+1) +0.383116883<x157>[B] (+0) -0.383116883<x158>[B] (+1) -0.383116883<x159>[B] (+1) -0.383116883<x160>[B] (+0) -0.383116883<x161>[B] (+0) -0.383116883<x162>[B] (+0) -0.383116883<x163>[B] (+1) +0.383116883<x164>[B] (+1) -0.383116883<x165>[B] (+1) +0.383116883<x166>[B] (+0) +0.383116883<x167>[B] (+1) +0.383116883<x168>[B] (+1) +0.383116883<x169>[B] (+1) +0.383116883<x170>[B] (+1) +0.383116883<x171>[B] (+1) +0.383116883<x172>[B] (+1) +0.383116883<x173>[B] (+1) +0.383116883<x174>[B] (+1) +0.383116883<x175>[B] (+1) +0.383116883<x176>[B] (+1) +0.383116883<x177>[B] (+1) +0.383116883<x178>[B] (+1) -0.383116883<x179>[B] (+1) -0.383116883<x180>[B] (+1) -0.383116883<x181>[B] (+1) -0.383116883<x182>[B] (+1) -0.383116883<x183>[B] (+1) -0.383116883<x184>[B] (+1) +0.383116883<x185>[B] (+1) -0.383116883<x186>[B] (+1) -0.383116883<x187>[B] (+0) -0.383116883<x188>[B] (+0) -0.383116883<x189>[B] (+1) -0.383116883<x190>[B] (+0) -0.383116883<x191>[B] (+0) -0.383116883<x192>[B] (+0) -0.383116883<x193>[B] (+0) +0.383116883<x194>[B] (+0) -0.383116883<x195>[B] (+0) -0.383116883<x196>[B] (+1) -0.383116883<x197>[B] (+1) -0.383116883<x198>[B] (+0) -0.383116883<x199>[B] (+0) -0.383116883<x200>[B] (+0) -0.383116883<x201>[B] (+1) +0.383116883<x202>[B] (+1) -0.383116883<x203>[B] (+1) +0.383116883<x204>[B] (+1) -0.383116883<x205>[B] (+0) +0.383116883<x206>[B] (+0) +0.383116883<x207>[B] (+0) +0.383116883<x208>[B] (+1) +0.383116883<x209>[B] (+1) +0.383116883<x210>[B] (+1) -0.383116883<x211>[B] (+0) +0.383116883<x212>[B] (+0) -0.383116883<x213>[B] (+0) -0.383116883<x214>[B] (+0) +0.383116883<x215>[B] (+0) +0.383116883<x216>[B] (+0) +0.383116883<x217>[B] (+1) +0.383116883<x218>[B] (+1) +0.383116883<x219>[B] (+1) +0.383116883<x220>[B] (+1) +0.383116883<x221>[B] (+1) -0.383116883<x222>[B] (+0) -0.383116883<x223>[B] (+1) +0.383116883<x224>[B] (+1) -0.383116883<x225>[B] (+1) +0.383116883<x226>[B] (+1) +0.383116883<x227>[B] (+1) +0.383116883<x228>[B] (+1) +0.383116883<x229>[B] (+0) +0.383116883<x230>[B] (+1) -0.383116883<x231>[B] (+1) >= 23.2748917748918;
;
violation: left hand side is violated by 0.0043290043289943
  [linear] <c3241>: <x235>[C] (+17.1406926) +0.383116883<x1>[B] (+1) +0.383116883<x2>[B] (+1) -0.383116883<x3>[B] (+1) -0.383116883<x4>[B] (+1) +0.383116883<x5>[B] (+0) -0.383116883<x6>[B] (+1) -0.383116883<x7>[B] (+1) -0.383116883<x8>[B] (+1) +0.383116883<x9>[B] (+1) -0.383116883<x10>[B] (+0) -0.383116883<x11>[B] (+0) +0.383116883<x12>[B] (+1) +0.383116883<x13>[B] (+1) -0.383116883<x14>[B] (+1) -0.383116883<x15>[B] (+1) -0.383116883<x16>[B] (+0) -0.383116883<x17>[B] (+1) -0.383116883<x18>[B] (+1) -0.383116883<x19>[B] (+1) +0.383116883<x20>[B] (+1) -0.383116883<x21>[B] (+1) +0.383116883<x22>[B] (+1) -0.383116883<x23>[B] (+1) -0.383116883<x24>[B] (+0) +0.383116883<x25>[B] (+0) -0.383116883<x26>[B] (+0) -0.383116883<x27>[B] (+0) -0.383116883<x28>[B] (+0) +0.383116883<x29>[B] (+0) -0.383116883<x30>[B] (+0) -0.383116883<x31>[B] (+0) +0.383116883<x32>[B] (+1) +0.383116883<x33>[B] (+0) -0.383116883<x34>[B] (+0) -0.383116883<x35>[B] (+1) -0.383116883<x36>[B] (+0) -0.383116883<x37>[B] (+0) -0.383116883<x38>[B] (+0) -0.383116883<x39>[B] (+1) +0.383116883<x40>[B] (+0) -0.383116883<x41>[B] (+1) -0.383116883<x42>[B] (+1) -0.383116883<x43>[B] (+0) -0.383116883<x44>[B] (+0) -0.383116883<x45>[B] (+0) -0.383116883<x46>[B] (+0) -0.383116883<x47>[B] (+0) -0.383116883<x48>[B] (+0) -0.383116883<x49>[B] (+0) -0.383116883<x50>[B] (+0) -0.383116883<x51>[B] (+1) -0.383116883<x52>[B] (+0) -0.383116883<x53>[B] (+0) -0.383116883<x54>[B] (+1) -0.383116883<x55>[B] (+0) -0.383116883<x56>[B] (+0) -0.383116883<x57>[B] (+0) -0.383116883<x58>[B] (+0) -0.383116883<x59>[B] (+0) -0.383116883<x60>[B] (+1) -0.383116883<x61>[B] (+0) +0.383116883<x62>[B] (+0) -0.383116883<x63>[B] (+0) -0.383116883<x64>[B] (+0) -0.383116883<x65>[B] (+0) +0.383116883<x66>[B] (+0) -0.383116883<x67>[B] (+0) -0.383116883<x68>[B] (+0) +0.383116883<x69>[B] (+0) +0.383116883<x70>[B] (+0) -0.383116883<x71>[B] (+0) -0.383116883<x72>[B] (+0) -0.383116883<x73>[B] (+0) -0.383116883<x74>[B] (+0) -0.383116883<x75>[B] (+0) -0.383116883<x76>[B] (+0) +0.383116883<x77>[B] (+0) -0.383116883<x78>[B] (+0) +0.383116883<x79>[B] (+0) +0.383116883<x80>[B] (+1) +0.383116883<x81>[B] (+1) -0.383116883<x82>[B] (+1) +0.383116883<x83>[B] (+1) -0.383116883<x84>[B] (+0) +0.383116883<x85>[B] (+0) +0.383116883<x86>[B] (+1) +0.383116883<x87>[B] (+1) -0.383116883<x88>[B] (+1) +0.383116883<x89>[B] (+1) -0.383116883<x90>[B] (+0) +0.383116883<x91>[B] (+1) +0.383116883<x92>[B] (+0) +0.383116883<x93>[B] (+1) +0.383116883<x94>[B] (+1) +0.383116883<x95>[B] (+1) -0.383116883<x96>[B] (+1) -0.383116883<x97>[B] (+1) -0.383116883<x98>[B] (+1) +0.383116883<x99>[B] (+1) -0.383116883<x100>[B] (+0) -0.383116883<x101>[B] (+0) +0.383116883<x102>[B] (+1) +0.383116883<x103>[B] (+1) -0.383116883<x104>[B] (+1) -0.383116883<x105>[B] (+1) -0.383116883<x106>[B] (+0) -0.383116883<x107>[B] (+1) -0.383116883<x108>[B] (+1) -0.383116883<x109>[B] (+1) +0.383116883<x110>[B] (+1) -0.383116883<x111>[B] (+1) +0.383116883<x112>[B] (+1) -0.383116883<x113>[B] (+0) +0.383116883<x114>[B] (+0) -0.383116883<x115>[B] (+0) +0.383116883<x116>[B] (+0) +0.383116883<x117>[B] (+1) +0.383116883<x118>[B] (+0) -0.383116883<x119>[B] (+1) +0.383116883<x120>[B] (+1) -0.383116883<x121>[B] (+0) +0.383116883<x122>[B] (+0) -0.383116883<x123>[B] (+0) +0.383116883<x124>[B] (+1) +0.383116883<x125>[B] (+1) +0.383116883<x126>[B] (+1) -0.383116883<x127>[B] (+0) +0.383116883<x128>[B] (+0) -0.383116883<x129>[B] (+0) +0.383116883<x130>[B] (+0) +0.383116883<x131>[B] (+1) +0.383116883<x132>[B] (+0) -0.383116883<x133>[B] (+0) +0.383116883<x134>[B] (+1) -0.383116883<x135>[B] (+0) +0.383116883<x136>[B] (+0) -0.383116883<x137>[B] (+0) -0.383116883<x138>[B] (+1) +0.383116883<x139>[B] (+0) +0.383116883<x140>[B] (+1) +0.383116883<x141>[B] (+0) +0.383116883<x142>[B] (+0) +0.383116883<x143>[B] (+0) +0.383116883<x144>[B] (+1) +0.383116883<x145>[B] (+0) +0.383116883<x146>[B] (+1) +0.383116883<x147>[B] (+1) +0.383116883<x148>[B] (+0) +0.383116883<x149>[B] (+0) +0.383116883<x150>[B] (+0) +0.383116883<x151>[B] (+1) +0.383116883<x152>[B] (+1) +0.383116883<x153>[B] (+1) -0.383116883<x154>[B] (+0) -0.383116883<x155>[B] (+0) +0.383116883<x156>[B] (+1) +0.383116883<x157>[B] (+0) -0.383116883<x158>[B] (+1) -0.383116883<x159>[B] (+1) -0.383116883<x160>[B] (+0) -0.383116883<x161>[B] (+0) -0.383116883<x162>[B] (+0) -0.383116883<x163>[B] (+1) +0.383116883<x164>[B] (+1) -0.383116883<x165>[B] (+1) +0.383116883<x166>[B] (+0) +0.383116883<x167>[B] (+1) +0.383116883<x168>[B] (+1) +0.383116883<x169>[B] (+1) +0.383116883<x170>[B] (+1) +0.383116883<x171>[B] (+1) +0.383116883<x172>[B] (+1) +0.383116883<x173>[B] (+1) +0.383116883<x174>[B] (+1) +0.383116883<x175>[B] (+1) +0.383116883<x176>[B] (+1) +0.383116883<x177>[B] (+1) +0.383116883<x178>[B] (+1) -0.383116883<x179>[B] (+1) -0.383116883<x180>[B] (+1) -0.383116883<x181>[B] (+1) -0.383116883<x182>[B] (+1) -0.383116883<x183>[B] (+1) -0.383116883<x184>[B] (+1) +0.383116883<x185>[B] (+1) -0.383116883<x186>[B] (+1) -0.383116883<x187>[B] (+0) -0.383116883<x188>[B] (+0) -0.383116883<x189>[B] (+1) -0.383116883<x190>[B] (+0) -0.383116883<x191>[B] (+0) -0.383116883<x192>[B] (+0) -0.383116883<x193>[B] (+0) +0.383116883<x194>[B] (+0) -0.383116883<x195>[B] (+0) -0.383116883<x196>[B] (+1) -0.383116883<x197>[B] (+1) -0.383116883<x198>[B] (+0) -0.383116883<x199>[B] (+0) -0.383116883<x200>[B] (+0) -0.383116883<x201>[B] (+1) +0.383116883<x202>[B] (+1) -0.383116883<x203>[B] (+1) +0.383116883<x204>[B] (+1) -0.383116883<x205>[B] (+0) +0.383116883<x206>[B] (+0) +0.383116883<x207>[B] (+0) +0.383116883<x208>[B] (+1) +0.383116883<x209>[B] (+1) +0.383116883<x210>[B] (+1) -0.383116883<x211>[B] (+0) +0.383116883<x212>[B] (+0) -0.383116883<x213>[B] (+0) -0.383116883<x214>[B] (+0) +0.383116883<x215>[B] (+0) +0.383116883<x216>[B] (+0) +0.383116883<x217>[B] (+1) +0.383116883<x218>[B] (+1) +0.383116883<x219>[B] (+1) +0.383116883<x220>[B] (+1) +0.383116883<x221>[B] (+1) -0.383116883<x222>[B] (+0) -0.383116883<x223>[B] (+1) +0.383116883<x224>[B] (+1) -0.383116883<x225>[B] (+1) +0.383116883<x226>[B] (+1) +0.383116883<x227>[B] (+1) +0.383116883<x228>[B] (+1) +0.383116883<x229>[B] (+0) +0.383116883<x230>[B] (+1) -0.383116883<x231>[B] (+1) >= 23.2748917748918;
;
violation: left hand side is violated by 0.00432900432899785
  [linear] <c3240>: <x234>[C] (+27.6255411) +0.482683983<x1>[B] (+1) +0.482683983<x2>[B] (+1) +0.482683983<x3>[B] (+1) +0.482683983<x4>[B] (+0) +0.482683983<x5>[B] (+1) +0.482683983<x6>[B] (+1) +0.482683983<x7>[B] (+1) +0.482683983<x8>[B] (+1) +0.482683983<x9>[B] (+1) +0.482683983<x10>[B] (+0) +0.482683983<x11>[B] (+0) +0.482683983<x12>[B] (+1) +0.482683983<x13>[B] (+1) +0.482683983<x14>[B] (+1) +0.482683983<x15>[B] (+1) +0.482683983<x16>[B] (+0) +0.482683983<x17>[B] (+0) +0.482683983<x18>[B] (+0) +0.482683983<x19>[B] (+1) +0.482683983<x20>[B] (+1) +0.482683983<x21>[B] (+1) -0.482683983<x22>[B] (+1) -0.482683983<x23>[B] (+1) -0.482683983<x24>[B] (+0) -0.482683983<x25>[B] (+0) -0.482683983<x26>[B] (+1) -0.482683983<x27>[B] (+1) -0.482683983<x28>[B] (+0) -0.482683983<x29>[B] (+0) -0.482683983<x30>[B] (+0) -0.482683983<x31>[B] (+0) -0.482683983<x32>[B] (+1) -0.482683983<x33>[B] (+0) -0.482683983<x34>[B] (+0) -0.482683983<x35>[B] (+1) -0.482683983<x36>[B] (+0) -0.482683983<x37>[B] (+0) -0.482683983<x38>[B] (+0) -0.482683983<x39>[B] (+1) -0.482683983<x40>[B] (+1) -0.482683983<x41>[B] (+1) +0.482683983<x42>[B] (+1) +0.482683983<x43>[B] (+0) +0.482683983<x44>[B] (+0) +0.482683983<x45>[B] (+1) +0.482683983<x46>[B] (+1) +0.482683983<x47>[B] (+0) +0.482683983<x48>[B] (+0) +0.482683983<x49>[B] (+0) +0.482683983<x50>[B] (+0) +0.482683983<x51>[B] (+1) +0.482683983<x52>[B] (+0) +0.482683983<x53>[B] (+0) -0.482683983<x54>[B] (+1) +0.482683983<x55>[B] (+0) +0.482683983<x56>[B] (+0) -0.482683983<x57>[B] (+0) +0.482683983<x58>[B] (+1) +0.482683983<x59>[B] (+1) +0.482683983<x60>[B] (+1) +0.482683983<x61>[B] (+0) -0.482683983<x62>[B] (+0) -0.482683983<x63>[B] (+0) -0.482683983<x64>[B] (+0) -0.482683983<x65>[B] (+0) -0.482683983<x66>[B] (+0) -0.482683983<x67>[B] (+0) -0.482683983<x68>[B] (+0) -0.482683983<x69>[B] (+1) -0.482683983<x70>[B] (+0) -0.482683983<x71>[B] (+0) -0.482683983<x72>[B] (+0) -0.482683983<x73>[B] (+0) -0.482683983<x74>[B] (+0) -0.482683983<x75>[B] (+0) -0.482683983<x76>[B] (+0) -0.482683983<x77>[B] (+0) -0.482683983<x78>[B] (+0) -0.482683983<x79>[B] (+1) -0.482683983<x80>[B] (+1) -0.482683983<x81>[B] (+1) -0.482683983<x82>[B] (+1) -0.482683983<x83>[B] (+1) -0.482683983<x84>[B] (+0) -0.482683983<x85>[B] (+0) -0.482683983<x86>[B] (+1) -0.482683983<x87>[B] (+1) -0.482683983<x88>[B] (+1) -0.482683983<x89>[B] (+1) -0.482683983<x90>[B] (+1) -0.482683983<x91>[B] (+1) -0.482683983<x92>[B] (+0) -0.482683983<x93>[B] (+1) -0.482683983<x94>[B] (+1) -0.482683983<x95>[B] (+1) -0.482683983<x96>[B] (+1) -0.482683983<x97>[B] (+1) -0.482683983<x98>[B] (+0) -0.482683983<x99>[B] (+0) +0.482683983<x100>[B] (+0) -0.482683983<x101>[B] (+0) +0.482683983<x102>[B] (+1) -0.482683983<x103>[B] (+0) -0.482683983<x104>[B] (+0) -0.482683983<x105>[B] (+1) -0.482683983<x106>[B] (+0) +0.482683983<x107>[B] (+0) -0.482683983<x108>[B] (+0) -0.482683983<x109>[B] (+1) -0.482683983<x110>[B] (+1) -0.482683983<x111>[B] (+1) +0.482683983<x112>[B] (+1) +0.482683983<x113>[B] (+0) -0.482683983<x114>[B] (+0) +0.482683983<x115>[B] (+0) -0.482683983<x116>[B] (+0) +0.482683983<x117>[B] (+1) +0.482683983<x118>[B] (+0) +0.482683983<x119>[B] (+0) -0.482683983<x120>[B] (+1) +0.482683983<x121>[B] (+0) +0.482683983<x122>[B] (+0) -0.482683983<x123>[B] (+0) +0.482683983<x124>[B] (+0) -0.482683983<x125>[B] (+1) +0.482683983<x126>[B] (+1) +0.482683983<x127>[B] (+0) -0.482683983<x128>[B] (+0) +0.482683983<x129>[B] (+0) -0.482683983<x130>[B] (+0) +0.482683983<x131>[B] (+1) +0.482683983<x132>[B] (+0) +0.482683983<x133>[B] (+0) -0.482683983<x134>[B] (+1) -0.482683983<x135>[B] (+0) +0.482683983<x136>[B] (+0) -0.482683983<x137>[B] (+0) -0.482683983<x138>[B] (+0) -0.482683983<x139>[B] (+1) +0.482683983<x140>[B] (+1) -0.482683983<x141>[B] (+1) +0.482683983<x142>[B] (+0) -0.482683983<x143>[B] (+0) +0.482683983<x144>[B] (+1) +0.482683983<x145>[B] (+0) +0.482683983<x146>[B] (+1) -0.482683983<x147>[B] (+1) -0.482683983<x148>[B] (+0) +0.482683983<x149>[B] (+0) -0.482683983<x150>[B] (+0) -0.482683983<x151>[B] (+1) -0.482683983<x152>[B] (+1) +0.482683983<x153>[B] (+1) +0.482683983<x154>[B] (+0) -0.482683983<x155>[B] (+0) +0.482683983<x156>[B] (+1) +0.482683983<x157>[B] (+0) +0.482683983<x158>[B] (+1) -0.482683983<x159>[B] (+1) +0.482683983<x160>[B] (+0) +0.482683983<x161>[B] (+0) -0.482683983<x162>[B] (+0) +0.482683983<x163>[B] (+1) -0.482683983<x164>[B] (+1) +0.482683983<x165>[B] (+1) -0.482683983<x166>[B] (+0) -0.482683983<x167>[B] (+1) -0.482683983<x168>[B] (+1) -0.482683983<x169>[B] (+1) -0.482683983<x170>[B] (+1) -0.482683983<x171>[B] (+1) -0.482683983<x172>[B] (+1) -0.482683983<x173>[B] (+1) -0.482683983<x174>[B] (+1) -0.482683983<x175>[B] (+1) -0.482683983<x176>[B] (+1) +0.482683983<x177>[B] (+1) +0.482683983<x178>[B] (+1) +0.482683983<x179>[B] (+1) -0.482683983<x180>[B] (+1) +0.482683983<x181>[B] (+1) +0.482683983<x182>[B] (+1) -0.482683983<x183>[B] (+1) +0.482683983<x184>[B] (+1) +0.482683983<x185>[B] (+1) +0.482683983<x186>[B] (+1) -0.482683983<x187>[B] (+0) -0.482683983<x188>[B] (+0) -0.482683983<x189>[B] (+0) -0.482683983<x190>[B] (+0) -0.482683983<x191>[B] (+0) -0.482683983<x192>[B] (+0) -0.482683983<x193>[B] (+0) -0.482683983<x194>[B] (+0) -0.482683983<x195>[B] (+0) -0.482683983<x196>[B] (+1) -0.482683983<x197>[B] (+1) -0.482683983<x198>[B] (+0) +0.482683983<x199>[B] (+0) -0.482683983<x200>[B] (+0) -0.482683983<x201>[B] (+1) -0.482683983<x202>[B] (+1) -0.482683983<x203>[B] (+1) -0.482683983<x204>[B] (+1) -0.482683983<x205>[B] (+0) +0.482683983<x206>[B] (+0) -0.482683983<x207>[B] (+0) -0.482683983<x208>[B] (+1) -0.482683983<x209>[B] (+1) +0.482683983<x210>[B] (+1) +0.482683983<x211>[B] (+0) +0.482683983<x212>[B] (+0) +0.482683983<x213>[B] (+0) +0.482683983<x214>[B] (+0) +0.482683983<x215>[B] (+0) +0.482683983<x216>[B] (+0) +0.482683983<x217>[B] (+1) -0.482683983<x218>[B] (+0) +0.482683983<x219>[B] (+1) -0.482683983<x220>[B] (+1) +0.482683983<x221>[B] (+1) -0.482683983<x222>[B] (+0) -0.482683983<x223>[B] (+1) -0.482683983<x224>[B] (+1) -0.482683983<x225>[B] (+1) +0.482683983<x226>[B] (+1) +0.482683983<x227>[B] (+1) +0.482683983<x228>[B] (+1) -0.482683983<x229>[B] (+1) +0.482683983<x230>[B] (+1) +0.482683983<x231>[B] (+0) >= 20.3939393939394;
;
violation: left hand side is violated by 0.00865800865800992
  [linear] <c3260>: <x279>[C] (+35.4588745) -0.551948052<x1>[B] (+1) -0.551948052<x2>[B] (+1) -0.551948052<x3>[B] (+1) -0.551948052<x4>[B] (+1) -0.551948052<x5>[B] (-2.56461519e-12) -0.551948052<x6>[B] (+1) -0.551948052<x7>[B] (+1) -0.551948052<x8>[B] (+1) -0.551948052<x9>[B] (+1) -0.551948052<x10>[B] (+0) -0.551948052<x11>[B] (+0) -0.551948052<x12>[B] (+1) -0.551948052<x13>[B] (+1) -0.551948052<x14>[B] (+1) -0.551948052<x15>[B] (+1) +0.551948052<x16>[B] (+0) -0.551948052<x17>[B] (+1) -0.551948052<x18>[B] (+1) -0.551948052<x19>[B] (+1) -0.551948052<x20>[B] (+1) -0.551948052<x21>[B] (+1) -0.551948052<x22>[B] (+1) -0.551948052<x23>[B] (+1) -0.551948052<x24>[B] (+0) +0.551948052<x25>[B] (+0) +0.551948052<x26>[B] (+0) +0.551948052<x27>[B] (+0) -0.551948052<x28>[B] (+0) +0.551948052<x29>[B] (+0) -0.551948052<x30>[B] (+0) -0.551948052<x31>[B] (+0) -0.551948052<x32>[B] (+1) +0.551948052<x33>[B] (+0) -0.551948052<x34>[B] (+0) +0.551948052<x35>[B] (+1) +0.551948052<x36>[B] (+0) -0.551948052<x37>[B] (+0) +0.551948052<x38>[B] (+0) +0.551948052<x39>[B] (+1) -0.551948052<x40>[B] (+0) +0.551948052<x41>[B] (+1) -0.551948052<x42>[B] (+1) -0.551948052<x43>[B] (+0) +0.551948052<x44>[B] (+0) +0.551948052<x45>[B] (+0) +0.551948052<x46>[B] (+0) +0.551948052<x47>[B] (+0) +0.551948052<x48>[B] (+0) -0.551948052<x49>[B] (+0) +0.551948052<x50>[B] (+0) +0.551948052<x51>[B] (+1) +0.551948052<x52>[B] (+0) +0.551948052<x53>[B] (+0) +0.551948052<x54>[B] (+1) +0.551948052<x55>[B] (+0) -0.551948052<x56>[B] (+0) +0.551948052<x57>[B] (+0) +0.551948052<x58>[B] (+0) -0.551948052<x59>[B] (+0) +0.551948052<x60>[B] (+1) +0.551948052<x61>[B] (+0) +0.551948052<x62>[B] (+0) +0.551948052<x63>[B] (+0) +0.551948052<x64>[B] (+0) +0.551948052<x65>[B] (+0) +0.551948052<x66>[B] (+0) +0.551948052<x67>[B] (+0) +0.551948052<x68>[B] (+0) +0.551948052<x69>[B] (+0) +0.551948052<x70>[B] (+0) +0.551948052<x71>[B] (+0) +0.551948052<x72>[B] (+0) +0.551948052<x73>[B] (+0) +0.551948052<x74>[B] (+0) +0.551948052<x75>[B] (+0) +0.551948052<x76>[B] (+0) +0.551948052<x77>[B] (+0) +0.551948052<x78>[B] (+0) +0.551948052<x79>[B] (+0) +0.551948052<x80>[B] (+1) +0.551948052<x81>[B] (+1) +0.551948052<x82>[B] (+1) +0.551948052<x83>[B] (+1) -0.551948052<x84>[B] (+0) +0.551948052<x85>[B] (+0) +0.551948052<x86>[B] (+1) +0.551948052<x87>[B] (+1) +0.551948052<x88>[B] (+1) +0.551948052<x89>[B] (+1) +0.551948052<x90>[B] (+0) -0.551948052<x91>[B] (+1) +0.551948052<x92>[B] (+0) +0.551948052<x93>[B] (+1) -0.551948052<x94>[B] (+1) +0.551948052<x95>[B] (+1) -0.551948052<x96>[B] (+1) -0.551948052<x97>[B] (+1) -0.551948052<x98>[B] (+1) -0.551948052<x99>[B] (+1) -0.551948052<x100>[B] (+0) -0.551948052<x101>[B] (+0) -0.551948052<x102>[B] (+1) -0.551948052<x103>[B] (+1) -0.551948052<x104>[B] (+1) -0.551948052<x105>[B] (+1) +0.551948052<x106>[B] (+0) -0.551948052<x107>[B] (+1) -0.551948052<x108>[B] (+1) +0.551948052<x109>[B] (+1) -0.551948052<x110>[B] (+1) -0.551948052<x111>[B] (+1) -0.551948052<x112>[B] (+1) -0.551948052<x113>[B] (+0) -0.551948052<x114>[B] (+0) -0.551948052<x115>[B] (+0) -0.551948052<x116>[B] (+0) -0.551948052<x117>[B] (+1) +0.551948052<x118>[B] (+0) -0.551948052<x119>[B] (+1) -0.551948052<x120>[B] (+1) +0.551948052<x121>[B] (+0) -0.551948052<x122>[B] (+0) -0.551948052<x123>[B] (+0) +0.551948052<x124>[B] (+1) -0.551948052<x125>[B] (+1) -0.551948052<x126>[B] (+1) -0.551948052<x127>[B] (+0) -0.551948052<x128>[B] (+0) -0.551948052<x129>[B] (+0) -0.551948052<x130>[B] (+0) -0.551948052<x131>[B] (+1) +0.551948052<x132>[B] (+0) -0.551948052<x133>[B] (+0) +0.551948052<x134>[B] (+1) +0.551948052<x135>[B] (+0) -0.551948052<x136>[B] (+0) -0.551948052<x137>[B] (+0) +0.551948052<x138>[B] (+1) -0.551948052<x139>[B] (+0) +0.551948052<x140>[B] (+1) +0.551948052<x141>[B] (+0) -0.551948052<x142>[B] (+0) +0.551948052<x143>[B] (+0) +0.551948052<x144>[B] (+1) +0.551948052<x145>[B] (+0) +0.551948052<x146>[B] (+1) +0.551948052<x147>[B] (+1) +0.551948052<x148>[B] (+0) -0.551948052<x149>[B] (+0) +0.551948052<x150>[B] (+0) +0.551948052<x151>[B] (+1) -0.551948052<x152>[B] (+1) +0.551948052<x153>[B] (+1) -0.551948052<x154>[B] (+0) -0.551948052<x155>[B] (+0) -0.551948052<x156>[B] (+1) +0.551948052<x157>[B] (+1) -0.551948052<x158>[B] (+1) +0.551948052<x159>[B] (+1) +0.551948052<x160>[B] (+0) -0.551948052<x161>[B] (+1) +0.551948052<x162>[B] (+0) +0.551948052<x163>[B] (+1) -0.551948052<x164>[B] (+1) +0.551948052<x165>[B] (+1) +0.551948052<x166>[B] (+0) +0.551948052<x167>[B] (+1) +0.551948052<x168>[B] (+1) +0.551948052<x169>[B] (+1) +0.551948052<x170>[B] (+1) +0.551948052<x171>[B] (+1) +0.551948052<x172>[B] (+1) +0.551948052<x173>[B] (+1) +0.551948052<x174>[B] (+1) +0.551948052<x175>[B] (+1) +0.551948052<x176>[B] (+1) +0.551948052<x177>[B] (+1) +0.551948052<x178>[B] (+1) -0.551948052<x179>[B] (+1) +0.551948052<x180>[B] (+1) +0.551948052<x181>[B] (+1) -0.551948052<x182>[B] (+1) +0.551948052<x183>[B] (+1) +0.551948052<x184>[B] (+1) -0.551948052<x185>[B] (+1) +0.551948052<x186>[B] (+1) +0.551948052<x187>[B] (+0) -0.551948052<x188>[B] (+0) +0.551948052<x189>[B] (+1) +0.551948052<x190>[B] (+0) -0.551948052<x191>[B] (+0) +0.551948052<x192>[B] (+0) +0.551948052<x193>[B] (+0) -0.551948052<x194>[B] (+0) +0.551948052<x195>[B] (+0) -0.551948052<x196>[B] (+1) -0.551948052<x197>[B] (+1) +0.551948052<x198>[B] (+0) -0.551948052<x199>[B] (+0) -0.551948052<x200>[B] (+0) +0.551948052<x201>[B] (+1) -0.551948052<x202>[B] (+1) -0.551948052<x203>[B] (+1) +0.551948052<x204>[B] (+1) +0.551948052<x205>[B] (+0) -0.551948052<x206>[B] (+0) +0.551948052<x207>[B] (+0) +0.551948052<x208>[B] (+1) -0.551948052<x209>[B] (+1) +0.551948052<x210>[B] (+1) +0.551948052<x211>[B] (+0) -0.551948052<x212>[B] (+0) -0.551948052<x213>[B] (+0) +0.551948052<x214>[B] (+0) -0.551948052<x215>[B] (+0) -0.551948052<x216>[B] (+0) -0.551948052<x217>[B] (+1) -0.551948052<x218>[B] (+1) -0.551948052<x219>[B] (+1) -0.551948052<x220>[B] (+1) -0.551948052<x221>[B] (+1) +0.551948052<x222>[B] (+0) +0.551948052<x223>[B] (+1) -0.551948052<x224>[B] (+1) +0.551948052<x225>[B] (+1) +0.551948052<x226>[B] (+1) -0.551948052<x227>[B] (+1) +0.551948052<x228>[B] (+1) -0.551948052<x229>[B] (+0) -0.551948052<x230>[B] (+1) +0.551948052<x231>[B] (+1) >= 32.1515151515151;
;
violation: left hand side is violated by 0.0043290043289943
  [linear] <c3254>: <x256>[C] (+32.2121212) +0.525974026<x1>[B] (+1) +0.525974026<x2>[B] (+1) +0.525974026<x3>[B] (+1) +0.525974026<x4>[B] (+1) +0.525974026<x5>[B] (+1) +0.525974026<x6>[B] (+1) +0.525974026<x7>[B] (+1) +0.525974026<x8>[B] (+1) +0.525974026<x9>[B] (+1) +0.525974026<x10>[B] (+0) +0.525974026<x11>[B] (+0) +0.525974026<x12>[B] (+1) +0.525974026<x13>[B] (+1) +0.525974026<x14>[B] (+1) +0.525974026<x15>[B] (+1) +0.525974026<x16>[B] (+0) +0.525974026<x17>[B] (+1) +0.525974026<x18>[B] (+0) +0.525974026<x19>[B] (+1) +0.525974026<x20>[B] (+1) +0.525974026<x21>[B] (+1) -0.525974026<x22>[B] (+1) +0.525974026<x23>[B] (+1) +0.525974026<x24>[B] (+0) -0.525974026<x25>[B] (+0) -0.525974026<x26>[B] (+1) +0.525974026<x27>[B] (+1) -0.525974026<x28>[B] (+0) -0.525974026<x29>[B] (+0) +0.525974026<x30>[B] (+0) +0.525974026<x31>[B] (+0) +0.525974026<x32>[B] (+1) +0.525974026<x33>[B] (+0) -0.525974026<x34>[B] (+0) +0.525974026<x35>[B] (+1) +0.525974026<x36>[B] (+0) -0.525974026<x37>[B] (+0) +0.525974026<x38>[B] (+0) -0.525974026<x39>[B] (+1) -0.525974026<x40>[B] (+1) +0.525974026<x41>[B] (+1) +0.525974026<x42>[B] (+1) +0.525974026<x43>[B] (+0) -0.525974026<x44>[B] (+0) -0.525974026<x45>[B] (+0) +0.525974026<x46>[B] (+0) -0.525974026<x47>[B] (+0) +0.525974026<x48>[B] (+0) +0.525974026<x49>[B] (+0) +0.525974026<x50>[B] (+0) +0.525974026<x51>[B] (+1) +0.525974026<x52>[B] (+0) -0.525974026<x53>[B] (+0) +0.525974026<x54>[B] (+1) +0.525974026<x55>[B] (+0) +0.525974026<x56>[B] (+0) +0.525974026<x57>[B] (+0) -0.525974026<x58>[B] (+0) -0.525974026<x59>[B] (+0) +0.525974026<x60>[B] (+0) +0.525974026<x61>[B] (+0) -0.525974026<x62>[B] (+0) -0.525974026<x63>[B] (+0) +0.525974026<x64>[B] (+0) -0.525974026<x65>[B] (+0) -0.525974026<x66>[B] (+0) +0.525974026<x67>[B] (+0) +0.525974026<x68>[B] (+0) +0.525974026<x69>[B] (+0) +0.525974026<x70>[B] (+0) -0.525974026<x71>[B] (+0) +0.525974026<x72>[B] (+0) +0.525974026<x73>[B] (+0) -0.525974026<x74>[B] (+0) +0.525974026<x75>[B] (+0) -0.525974026<x76>[B] (+0) -0.525974026<x77>[B] (+0) +0.525974026<x78>[B] (+0) -0.525974026<x79>[B] (+0) -0.525974026<x80>[B] (+1) +0.525974026<x81>[B] (+1) -0.525974026<x82>[B] (+1) -0.525974026<x83>[B] (+0) +0.525974026<x84>[B] (+0) +0.525974026<x85>[B] (+0) +0.525974026<x86>[B] (+1) +0.525974026<x87>[B] (+1) -0.525974026<x88>[B] (+1) -0.525974026<x89>[B] (+1) +0.525974026<x90>[B] (+0) -0.525974026<x91>[B] (+1) +0.525974026<x92>[B] (+0) -0.525974026<x93>[B] (+1) -0.525974026<x94>[B] (+1) +0.525974026<x95>[B] (+1) -0.525974026<x96>[B] (+1) +0.525974026<x97>[B] (+1) -0.525974026<x98>[B] (+1) +0.525974026<x99>[B] (+0) +0.525974026<x100>[B] (+0) +0.525974026<x101>[B] (+0) +0.525974026<x102>[B] (+1) +0.525974026<x103>[B] (+1) -0.525974026<x104>[B] (+1) +0.525974026<x105>[B] (+1) +0.525974026<x106>[B] (+0) +0.525974026<x107>[B] (+1) +0.525974026<x108>[B] (+0) -0.525974026<x109>[B] (+1) -0.525974026<x110>[B] (+1) +0.525974026<x111>[B] (+1) +0.525974026<x112>[B] (+1) -0.525974026<x113>[B] (+0) +0.525974026<x114>[B] (+0) +0.525974026<x115>[B] (+0) +0.525974026<x116>[B] (+0) +0.525974026<x117>[B] (+1) +0.525974026<x118>[B] (+0) -0.525974026<x119>[B] (+0) +0.525974026<x120>[B] (+1) +0.525974026<x121>[B] (+0) +0.525974026<x122>[B] (+0) +0.525974026<x123>[B] (+0) -0.525974026<x124>[B] (+1) -0.525974026<x125>[B] (+1) +0.525974026<x126>[B] (+1) -0.525974026<x127>[B] (+0) -0.525974026<x128>[B] (+0) +0.525974026<x129>[B] (+0) -0.525974026<x130>[B] (+0) +0.525974026<x131>[B] (+1) +0.525974026<x132>[B] (+0) -0.525974026<x133>[B] (+0) -0.525974026<x134>[B] (+1) +0.525974026<x135>[B] (+0) -0.525974026<x136>[B] (+0) +0.525974026<x137>[B] (+0) -0.525974026<x138>[B] (+1) -0.525974026<x139>[B] (+0) +0.525974026<x140>[B] (+1) +0.525974026<x141>[B] (+0) +0.525974026<x142>[B] (+0) +0.525974026<x143>[B] (+0) +0.525974026<x144>[B] (+1) +0.525974026<x145>[B] (+0) +0.525974026<x146>[B] (+1) +0.525974026<x147>[B] (+1) +0.525974026<x148>[B] (+0) +0.525974026<x149>[B] (+0) +0.525974026<x150>[B] (+0) +0.525974026<x151>[B] (+1) +0.525974026<x152>[B] (+1) +0.525974026<x153>[B] (+1) +0.525974026<x154>[B] (+0) +0.525974026<x155>[B] (+0) +0.525974026<x156>[B] (+1) +0.525974026<x157>[B] (+1) -0.525974026<x158>[B] (+1) +0.525974026<x159>[B] (+1) +0.525974026<x160>[B] (+0) +0.525974026<x161>[B] (+1) +0.525974026<x162>[B] (+0) -0.525974026<x163>[B] (+1) -0.525974026<x164>[B] (+1) +0.525974026<x165>[B] (+1) -0.525974026<x166>[B] (+0) -0.525974026<x167>[B] (+1) +0.525974026<x168>[B] (+1) -0.525974026<x169>[B] (+1) -0.525974026<x170>[B] (+1) +0.525974026<x171>[B] (+1) -0.525974026<x172>[B] (+1) -0.525974026<x173>[B] (+1) -0.525974026<x174>[B] (+1) -0.525974026<x175>[B] (+1) +0.525974026<x176>[B] (+1) +0.525974026<x177>[B] (+1) +0.525974026<x178>[B] (+1) -0.525974026<x179>[B] (+1) -0.525974026<x180>[B] (+1) +0.525974026<x181>[B] (+1) -0.525974026<x182>[B] (+1) +0.525974026<x183>[B] (+1) -0.525974026<x184>[B] (+1) -0.525974026<x185>[B] (+1) +0.525974026<x186>[B] (+1) +0.525974026<x187>[B] (+0) -0.525974026<x188>[B] (+0) -0.525974026<x189>[B] (+1) +0.525974026<x190>[B] (+0) -0.525974026<x191>[B] (+0) -0.525974026<x192>[B] (+0) -0.525974026<x193>[B] (+0) -0.525974026<x194>[B] (+0) +0.525974026<x195>[B] (+0) -0.525974026<x196>[B] (+1) -0.525974026<x197>[B] (+1) +0.525974026<x198>[B] (+0) -0.525974026<x199>[B] (+0) -0.525974026<x200>[B] (+0) -0.525974026<x201>[B] (+1) -0.525974026<x202>[B] (+1) +0.525974026<x203>[B] (+1) +0.525974026<x204>[B] (+1) +0.525974026<x205>[B] (+0) +0.525974026<x206>[B] (+0) +0.525974026<x207>[B] (+0) +0.525974026<x208>[B] (+1) +0.525974026<x209>[B] (+1) +0.525974026<x210>[B] (+1) +0.525974026<x211>[B] (+0) -0.525974026<x212>[B] (+0) +0.525974026<x213>[B] (+0) -0.525974026<x214>[B] (+0) -0.525974026<x215>[B] (+0) +0.525974026<x216>[B] (+0) -0.525974026<x217>[B] (+1) -0.525974026<x218>[B] (+0) -0.525974026<x219>[B] (+1) -0.525974026<x220>[B] (+1) -0.525974026<x221>[B] (+1) +0.525974026<x222>[B] (+0) -0.525974026<x223>[B] (+1) -0.525974026<x224>[B] (+1) +0.525974026<x225>[B] (+1) -0.525974026<x226>[B] (+1) -0.525974026<x227>[B] (+1) +0.525974026<x228>[B] (+1) +0.525974026<x229>[B] (+0) +0.525974026<x230>[B] (+0) +0.525974026<x231>[B] (+1) >= 42.7359307359307;
;
violation: left hand side is violated by 0.00432900432907957
2/10 feasible solutions given by solution candidate storage, new primal bound -1.200466e+03

presolving:
   (0.0s) symmetry computation started: requiring (bin +, int +, cont +), (fixed: bin -, int -, cont -)
   (0.0s) no symmetry present (symcode time: 0.00)
presolving (0 rounds: 0 fast, 0 medium, 0 exhaustive):
 0 deleted vars, 0 deleted constraints, 0 added constraints, 0 tightened bounds, 0 added holes, 0 changed sides, 0 changed coefficients
 0 implications, 0 cliques, 0 implied integral variables (0 bin, 0 int, 0 cont)
presolved problem has 281 variables (231 bin, 0 int, 50 cont) and 3262 constraints
   3262 constraints of type <linear>
Presolving Time: 0.02
transformed 3/3 original solutions to the transformed problem space

 time | node  | left  |LP iter|LP it/n|mem/heur|mdpt |vars |cons |rows |cuts |sepa|confs|strbr|  dualbound   | primalbound  |  gap   | compl. 
  0.1s|     1 |     0 |   656 |     - |    72M |   0 | 281 |3262 |3262 |   0 |  0 |   0 |   0 |-1.139262e+03 |-1.200466e+03 |   5.37%| unknown
  0.3s|     1 |     0 |   676 |     - |    72M |   0 | 281 |3262 |3263 |   1 |  1 |   0 |   0 |-1.139309e+03 |-1.200466e+03 |   5.37%| unknown
  0.5s|     1 |     0 |   709 |     - |    72M |   0 | 281 |3262 |3265 |   3 |  2 |   0 |   0 |-1.139339e+03 |-1.200466e+03 |   5.37%| unknown
  0.7s|     1 |     0 |   739 |     - |    73M |   0 | 281 |3262 |3268 |   6 |  3 |   0 |   0 |-1.139376e+03 |-1.200466e+03 |   5.36%| unknown
  0.9s|     1 |     0 |   793 |     - |    73M |   0 | 281 |3262 |3270 |   8 |  4 |   0 |   0 |-1.139417e+03 |-1.200466e+03 |   5.36%| unknown
  1.1s|     1 |     0 |   806 |     - |    73M |   0 | 281 |3262 |3273 |  11 |  5 |   0 |   0 |-1.139418e+03 |-1.200466e+03 |   5.36%| unknown
  1.3s|     1 |     0 |   846 |     - |    74M |   0 | 281 |3262 |3278 |  16 |  6 |   0 |   0 |-1.139434e+03 |-1.200466e+03 |   5.36%| unknown
  1.6s|     1 |     0 |   868 |     - |    74M |   0 | 281 |3262 |3280 |  18 |  7 |   0 |   0 |-1.139446e+03 |-1.200466e+03 |   5.36%| unknown
  1.8s|     1 |     0 |   888 |     - |    75M |   0 | 281 |3262 |3282 |  20 |  8 |   0 |   0 |-1.139448e+03 |-1.200466e+03 |   5.36%| unknown
  2.1s|     1 |     0 |   918 |     - |    75M |   0 | 281 |3262 |3285 |  23 |  9 |   0 |   0 |-1.139450e+03 |-1.200466e+03 |   5.35%| unknown
  2.4s|     1 |     0 |   960 |     - |    75M |   0 | 281 |3262 |3287 |  25 | 10 |   0 |   0 |-1.139457e+03 |-1.200466e+03 |   5.35%| unknown
  2.4s|     1 |     0 |   998 |     - |    76M |   0 | 281 |3262 |3289 |  27 | 11 |   0 |   0 |-1.139461e+03 |-1.200466e+03 |   5.35%| unknown
r 2.4s|     1 |     0 |  1077 |     - |intshift|   0 | 281 |3262 |3289 |  27 | 11 |   0 |   0 |-1.139461e+03 |-1.156775e+03 |   1.52%| unknown
d 2.5s|     1 |     0 |  1558 |     - |farkasdi|   0 | 281 |3262 |3289 |   0 | 11 |   0 |   0 |-1.139461e+03 |-1.143524e+03 |   0.36%| unknown
L 2.6s|     1 |     0 |  1558 |     - |    rens|   0 | 281 |3262 |3289 |  27 | 11 |   0 |   0 |-1.139461e+03 |-1.140658e+03 |   0.11%| unknown
 time | node  | left  |LP iter|LP it/n|mem/heur|mdpt |vars |cons |rows |cuts |sepa|confs|strbr|  dualbound   | primalbound  |  gap   | compl. 
  2.6s|     1 |     0 |  1558 |     - |    76M |   0 | 281 |3262 |3289 |  27 | 11 |   0 |   0 |-1.139461e+03 |-1.140658e+03 |   0.11%| unknown
  2.6s|     1 |     0 |  1558 |     - |    76M |   0 | 281 |3262 |1161 |  27 | 11 |   0 |   0 |-1.139461e+03 |-1.140658e+03 |   0.11%| unknown
  2.7s|     1 |     0 |  1602 |     - |    76M |   0 | 281 |3262 |1165 |  31 | 12 |   0 |   0 |-1.139462e+03 |-1.140658e+03 |   0.10%| unknown
  2.7s|     1 |     0 |  1612 |     - |    76M |   0 | 281 |3262 |1166 |  32 | 13 |   0 |   0 |-1.139463e+03 |-1.140658e+03 |   0.10%| unknown
  2.7s|     1 |     0 |  1612 |     - |    76M |   0 | 281 |3262 |1150 |  32 | 13 |   0 |   0 |-1.139463e+03 |-1.140658e+03 |   0.10%| unknown
  2.7s|     1 |     0 |  1612 |     - |    76M |   0 | 281 | 871 |1150 |  32 | 13 |   0 |   0 |-1.139463e+03 |-1.140658e+03 |   0.10%| unknown
  2.8s|     1 |     0 |  1624 |     - |    76M |   0 | 281 | 871 |1152 |  35 | 14 |   0 |   0 |-1.139463e+03 |-1.140658e+03 |   0.10%| unknown
  2.8s|     1 |     0 |  1649 |     - |    76M |   0 | 281 | 871 |1155 |  38 | 15 |   0 |   0 |-1.139467e+03 |-1.140658e+03 |   0.10%| unknown
(run 1, node 1) restarting after 133 global fixings of integer variables

(restart) converted 37 cuts from the global cut pool into linear constraints

presolving:
presolving (0 rounds: 0 fast, 0 medium, 0 exhaustive):
 0 deleted vars, 0 deleted constraints, 0 added constraints, 0 tightened bounds, 0 added holes, 0 changed sides, 0 changed coefficients
 0 implications, 0 cliques, 0 implied integral variables (0 bin, 0 int, 0 cont)
presolved problem has 281 variables (231 bin, 0 int, 50 cont) and 908 constraints
    908 constraints of type <linear>
Presolving Time: 0.03
transformed 19/24 original solutions to the transformed problem space

 time | node  | left  |LP iter|LP it/n|mem/heur|mdpt |vars |cons |rows |cuts |sepa|confs|strbr|  dualbound   | primalbound  |  gap   | compl. 
  2.9s|     1 |     0 |  2280 |     - |    76M |   0 | 281 | 908 | 908 |   0 |  0 |   0 |   0 |-1.139467e+03 |-1.140658e+03 |   0.10%| unknown
  2.9s|     1 |     0 |  2280 |     - |    76M |   0 | 281 | 908 | 892 |   0 |  0 |   0 |   0 |-1.139467e+03 |-1.140658e+03 |   0.10%| unknown
  3.0s|     1 |     0 |  2320 |     - |    76M |   0 | 281 | 908 | 895 |   3 |  1 |   0 |   0 |-1.139469e+03 |-1.140658e+03 |   0.10%| unknown
  3.1s|     1 |     0 |  2377 |     - |    76M |   0 | 281 | 908 | 896 |   4 |  2 |   0 |   0 |-1.139481e+03 |-1.140658e+03 |   0.10%| unknown
  3.2s|     1 |     0 |  2377 |     - |    76M |   0 | 281 | 908 | 883 |   4 |  2 |   0 |   0 |-1.139481e+03 |-1.140658e+03 |   0.10%| unknown
  3.3s|     1 |     0 |  2385 |     - |    76M |   0 | 281 | 908 | 884 |   5 |  3 |   0 |   0 |-1.139482e+03 |-1.140658e+03 |   0.10%| unknown
  3.4s|     1 |     0 |  2422 |     - |    76M |   0 | 281 | 908 | 886 |   7 |  4 |   0 |   0 |-1.139490e+03 |-1.140658e+03 |   0.10%| unknown
  3.5s|     1 |     0 |  2443 |     - |    76M |   0 | 281 | 908 | 887 |   8 |  5 |   0 |   0 |-1.139493e+03 |-1.140658e+03 |   0.10%| unknown
  3.6s|     1 |     0 |  2467 |     - |    76M |   0 | 281 | 908 | 889 |  10 |  6 |   0 |   0 |-1.139496e+03 |-1.140658e+03 |   0.10%| unknown
  3.7s|     1 |     0 |  2489 |     - |    77M |   0 | 281 | 909 | 890 |  11 |  7 |   1 |   0 |-1.139502e+03 |-1.140658e+03 |   0.10%| unknown
  3.8s|     1 |     0 |  2514 |     - |    77M |   0 | 281 | 909 | 891 |  12 |  8 |   1 |   0 |-1.139504e+03 |-1.140658e+03 |   0.10%| unknown
  3.9s|     1 |     0 |  2606 |     - |    77M |   0 | 281 | 909 | 894 |  15 |  9 |   1 |   0 |-1.139607e+03 |-1.140658e+03 |   0.09%| unknown
  3.9s|     1 |     0 |  2606 |     - |    77M |   0 | 281 | 909 | 882 |  15 |  9 |   1 |   0 |-1.139607e+03 |-1.140658e+03 |   0.09%| unknown
  4.0s|     1 |     0 |  2634 |     - |    77M |   0 | 281 | 909 | 875 |  17 | 10 |   1 |   0 |-1.139638e+03 |-1.140658e+03 |   0.09%| unknown
  4.1s|     1 |     0 |  2645 |     - |    77M |   0 | 281 | 909 | 877 |  19 | 11 |   1 |   0 |-1.139640e+03 |-1.140658e+03 |   0.09%| unknown
 time | node  | left  |LP iter|LP it/n|mem/heur|mdpt |vars |cons |rows |cuts |sepa|confs|strbr|  dualbound   | primalbound  |  gap   | compl. 
  4.1s|     1 |     0 |  2645 |     - |    77M |   0 | 281 | 774 | 877 |  19 | 11 |   1 |   0 |-1.139640e+03 |-1.140658e+03 |   0.09%| unknown
  4.2s|     1 |     0 |  2671 |     - |    77M |   0 | 281 | 774 | 879 |  21 | 12 |   1 |   0 |-1.139648e+03 |-1.140658e+03 |   0.09%| unknown
  4.3s|     1 |     0 |  2679 |     - |    77M |   0 | 281 | 774 | 880 |  22 | 13 |   1 |   0 |-1.139650e+03 |-1.140658e+03 |   0.09%| unknown
  4.5s|     1 |     0 |  3085 |     - |    77M |   0 | 281 | 785 | 880 |  22 | 14 |  12 |   2 |-1.140039e+03 |-1.140658e+03 |   0.05%| unknown
  4.5s|     1 |     0 |  3085 |     - |    77M |   0 | 281 | 785 | 880 |  22 | 15 |  12 |   3 |-1.140039e+03 |-1.140658e+03 |   0.05%| unknown
  4.6s|     1 |     0 |  3085 |     - |    77M |   0 | 281 | 785 | 880 |  22 | 16 |  12 |   4 |-1.140039e+03 |-1.140658e+03 |   0.05%| unknown
  4.7s|     1 |     0 |  3085 |     - |    77M |   0 | 281 | 785 | 880 |  22 | 17 |  12 |   5 |-1.140039e+03 |-1.140658e+03 |   0.05%| unknown
  4.7s|     1 |     0 |  3085 |     - |    77M |   0 | 281 | 785 | 880 |  22 | 18 |  12 |   6 |-1.140039e+03 |-1.140658e+03 |   0.05%| unknown
  4.8s|     1 |     0 |  3085 |     - |    77M |   0 | 281 | 785 | 880 |  22 | 19 |  12 |  10 |-1.140039e+03 |-1.140658e+03 |   0.05%| unknown
  5.0s|     1 |     0 |  3085 |     - |    77M |   0 | 281 | 785 | 880 |  22 | 20 |  12 |  18 |-1.140044e+03 |-1.140658e+03 |   0.05%| unknown
  5.0s|     1 |     0 |  3122 |     - |    77M |   0 | 281 | 786 | 880 |  22 | 21 |  14 |  22 |-1.140044e+03 |-1.140658e+03 |   0.05%| unknown
  5.1s|     1 |     0 |  3122 |     - |    77M |   0 | 281 | 787 | 764 |  22 | 21 |  15 |  22 |-1.140044e+03 |-1.140658e+03 |   0.05%| unknown
  5.1s|     1 |     0 |  3122 |     - |    77M |   0 | 281 | 757 | 764 |  22 | 22 |  15 |  22 |-1.140044e+03 |-1.140658e+03 |   0.05%| unknown
  5.2s|     1 |     0 |  3122 |     - |    77M |   0 | 281 | 757 | 764 |  22 | 23 |  15 |  23 |-1.140044e+03 |-1.140658e+03 |   0.05%| unknown
  5.2s|     1 |     0 |  3122 |     - |    77M |   0 | 281 | 757 | 764 |  22 | 24 |  15 |  25 |-1.140044e+03 |-1.140658e+03 |   0.05%| unknown
 time | node  | left  |LP iter|LP it/n|mem/heur|mdpt |vars |cons |rows |cuts |sepa|confs|strbr|  dualbound   | primalbound  |  gap   | compl. 
  5.3s|     1 |     0 |  3122 |     - |    77M |   0 | 281 | 757 | 764 |  22 | 25 |  15 |  28 |-1.140044e+03 |-1.140658e+03 |   0.05%| unknown
  5.4s|     1 |     0 |  3134 |     - |    77M |   0 | 281 | 759 | 764 |  22 | 26 |  18 |  35 |-1.140096e+03 |-1.140658e+03 |   0.05%| unknown
  5.5s|     1 |     0 |  3136 |     - |    77M |   0 | 281 | 759 | 765 |  23 | 27 |  18 |  35 |-1.140096e+03 |-1.140658e+03 |   0.05%| unknown
  5.5s|     1 |     0 |  3145 |     - |    77M |   0 | 281 | 760 | 765 |  23 | 28 |  20 |  37 |-1.140096e+03 |-1.140658e+03 |   0.05%| unknown
  5.5s|     1 |     0 |  3145 |     - |    77M |   0 | 281 | 761 | 719 |  23 | 28 |  21 |  37 |-1.140096e+03 |-1.140658e+03 |   0.05%| unknown
  5.5s|     1 |     0 |  3145 |     - |    77M |   0 | 281 | 751 | 719 |  23 | 29 |  21 |  37 |-1.140096e+03 |-1.140658e+03 |   0.05%| unknown
  5.6s|     1 |     0 |  3186 |     - |    77M |   0 | 281 | 709 | 719 |  23 | 30 |  23 |  38 |-1.140096e+03 |-1.140658e+03 |   0.05%| unknown
  5.6s|     1 |     0 |  3186 |     - |    77M |   0 | 281 | 711 | 656 |  23 | 30 |  25 |  38 |-1.140096e+03 |-1.140658e+03 |   0.05%| unknown
  5.6s|     1 |     0 |  3187 |     - |    77M |   0 | 281 | 711 | 657 |  24 | 31 |  25 |  38 |-1.140096e+03 |-1.140658e+03 |   0.05%| unknown
  5.6s|     1 |     0 |  3187 |     - |    77M |   0 | 281 | 686 | 657 |  24 | 32 |  26 |  38 |-1.140096e+03 |-1.140658e+03 |   0.05%| unknown
  5.7s|     1 |     0 |  3213 |     - |    77M |   0 | 281 | 624 | 657 |  24 | 33 |  28 |  39 |-1.140096e+03 |-1.140658e+03 |   0.05%| unknown
  5.7s|     1 |     0 |  3213 |     - |    77M |   0 | 281 | 625 | 583 |  24 | 33 |  29 |  39 |-1.140096e+03 |-1.140658e+03 |   0.05%| unknown
  5.7s|     1 |     0 |  3216 |     - |    77M |   0 | 281 | 624 | 575 |  25 | 34 |  29 |  39 |-1.140096e+03 |-1.140658e+03 |   0.05%| unknown
  5.7s|     1 |     0 |  3216 |     - |    77M |   0 | 281 | 584 | 575 |  25 | 35 |  30 |  39 |-1.140096e+03 |-1.140658e+03 |   0.05%| unknown
  5.8s|     1 |     0 |  3219 |     - |    77M |   0 | 281 | 562 | 575 |  25 | 36 |  32 |  40 |-1.140096e+03 |-1.140658e+03 |   0.05%| unknown
 time | node  | left  |LP iter|LP it/n|mem/heur|mdpt |vars |cons |rows |cuts |sepa|confs|strbr|  dualbound   | primalbound  |  gap   | compl. 
  5.8s|     1 |     0 |  3219 |     - |    77M |   0 | 281 | 561 | 575 |  25 | 37 |  33 |  41 |-1.140096e+03 |-1.140658e+03 |   0.05%| unknown
  5.8s|     1 |     2 |  3219 |     - |    77M |   0 | 281 | 561 | 575 |  25 | 38 |  33 |  41 |-1.140096e+03 |-1.140658e+03 |   0.05%| unknown

SCIP Status        : problem is solved [optimal solution found]
Solving Time (sec) : 5.84
Solving Nodes      : 3 (total of 4 nodes in 2 runs)
Primal Bound       : -1.14065800865801e+03 (49 solutions)
Dual Bound         : -1.14065800865801e+03
Gap                : 0.00 %
