Loading instance...
Median ranking: [23, 5, 21, 19, 15, 17, 4, 6, 10, 1, 20, 14, 2, 18, 22, 12, 11, 7, 9, 8, 13, 3, 16]
Mean ranking: [5, 4, 23, 21, 19, 17, 6, 15, 10, 1, 20, 18, 14, 12, 2, 11, 7, 8, 22, 13, 9, 3, 16]
Actual error: 0.0007753781029630202
Weighted Kendall distance: 242.5
Normalized distance: 0.05990612648221344
pgd conss, 0 impls, 0 clqs, 0 implints
   (0.0s) symmetry computation started: requiring (bin +, int +, cont +), (fixed: bin -, int -, cont -)
   (0.0s) no symmetry present (symcode time: 0.00)
presolving (2 rounds: 2 fast, 2 medium, 1 exhaustive):
 0 deleted vars, 3542 deleted constraints, 1771 added constraints, 0 tightened bounds, 0 added holes, 0 changed sides, 0 changed coefficients
 0 implications, 0 cliques, 0 implied integral variables (0 bin, 0 int, 0 cont)
presolved problem has 253 variables (0 bin, 0 int, 253 cont) and 1771 constraints
   1771 constraints of type <linear>
Presolving Time: 0.02
transformed 3/3 original solutions to the transformed problem space

 time | node  | left  |LP iter|LP it/n|mem/heur|mdpt |vars |cons |rows |cuts |sepa|confs|strbr|  dualbound   | primalbound  |  gap   | compl. 
* 0.0s|     1 |     0 |    73 |     - |    LP  |   0 | 253 |1771 |1771 |   0 |  0 |   0 |   0 | 5.780000e+02 | 5.780000e+02 |   0.00%| unknown
  0.0s|     1 |     0 |    73 |     - |    10M |   0 | 253 |1771 |1771 |   0 |  0 |   0 |   0 | 5.780000e+02 | 5.780000e+02 |   0.00%| unknown

SCIP Status        : problem is solved [optimal solution found]
Solving Time (sec) : 0.02
Solving Nodes      : 1
Primal Bound       : +5.78000000000000e+02 (4 solutions)
Dual Bound         : +5.78000000000000e+02
Gap                : 0.00 %
feasible solution found by trivial heuristic after 0.0 seconds, objective value 0.000000e+00
presolving:
   (0.0s) running MILP presolver
   (0.0s) MILP presolver (2 rounds): 0 aggregations, 0 fixings, 0 bound changes
(round 1, medium)     0 del vars, 3542 del conss, 1771 add conss, 0 chg bounds, 0 chg sides, 0 chg coeffs, 0 upgd conss, 0 impls, 0 clqs, 0 implints
   (0.0s) probing: 51/253 (20.2%) - 0 fixings, 0 aggregations, 0 implications, 0 bound changes
   (0.0s) probing aborted: 50/50 successive totally useless probings
   (0.0s) symmetry computation started: requiring (bin +, int +, cont +), (fixed: bin -, int -, cont -)
   (0.0s) no symmetry present (symcode time: 0.00)
presolving (2 rounds: 2 fast, 2 medium, 1 exhaustive):
 0 deleted vars, 3542 deleted constraints, 1771 added constraints, 0 tightened bounds, 0 added holes, 0 changed sides, 0 changed coefficients
 0 implications, 0 cliques, 0 implied integral variables (0 bin, 0 int, 0 cont)
presolved problem has 253 variables (253 bin, 0 int, 0 cont) and 1771 constraints
   1771 constraints of type <linear>
transformed objective value is always integral (scale: 2)
Presolving Time: 0.02
transformed 2/2 original solutions to the transformed problem space

 time | node  | left  |LP iter|LP it/n|mem/heur|mdpt |vars |cons |rows |cuts |sepa|confs|strbr|  dualbound   | primalbound  |  gap   | compl. 
p 0.0s|     1 |     0 |     0 |     - |   locks|   0 | 253 |1771 |1771 |   0 |  0 |   0 |   0 | 6.720000e+02 | 1.940000e+02 | 246.39%| unknown
i 0.0s|     1 |     0 |     0 |     - |  oneopt|   0 | 253 |1771 |1771 |   0 |  0 |   0 |   0 | 6.720000e+02 | 3.740000e+02 |  79.68%| unknown
* 0.0s|     1 |     0 |    84 |     - |    LP  |   0 | 253 |1771 |1771 |   0 |  0 |   0 |   0 | 5.780000e+02 | 5.780000e+02 |   0.00%| unknown
  0.0s|     1 |     0 |    84 |     - |    10M |   0 | 253 |1771 |1771 |   0 |  0 |   0 |   0 | 5.780000e+02 | 5.780000e+02 |   0.00%| unknown

SCIP Status        : problem is solved [optimal solution found]
Solving Time (sec) : 0.03
Solving Nodes      : 1
Primal Bound       : +5.78000000000000e+02 (5 solutions)
Dual Bound         : +5.78000000000000e+02
Gap                : 0.00 %
feasible solution found by trivial heuristic after 0.6 seconds, objective value -9.000374e+06
presolving:
(round 1, fast)       0 del vars, 0 del conss, 0 add conss, 180 chg bounds, 0 chg sides, 0 chg coeffs, 0 upgd conss, 0 impls, 0 clqs, 0 implints
   (5.6s) running MILP presolver
   (6.1s) MILP presolver (2 rounds): 0 aggregations, 0 fixings, 0 bound changes
(round 2, exhaustive) 0 del vars, 1771 del conss, 0 add conss, 180 chg bounds, 0 chg sides, 0 chg coeffs, 0 upgd conss, 0 impls, 0 clqs, 0 implints
   (12.3s) symmetry computation started: requiring (bin +, int +, cont +), (fixed: bin -, int -, cont -)
   (13.8s) no symmetry present (symcode time: 0.07)
presolving (3 rounds: 3 fast, 2 medium, 2 exhaustive):
 0 deleted vars, 1771 deleted constraints, 0 added constraints, 180 tightened bounds, 0 added holes, 0 changed sides, 0 changed coefficients
 0 implications, 0 cliques, 0 implied integral variables (0 bin, 0 int, 0 cont)
presolved problem has 343 variables (0 bin, 0 int, 343 cont) and 24541 constraints
  24541 constraints of type <linear>
Presolving Time: 13.57

 time | node  | left  |LP iter|LP it/n|mem/heur|mdpt |vars |cons |rows |cuts |sepa|confs|strbr|  dualbound   | primalbound  |  gap   | compl. 
t14.2s|     1 |     0 |     0 |     - | trivial|   0 | 343 |  24k|   0 |   0 |  0 |   0 |   0 | 6.720000e+02 |-1.175900e+04 |    Inf | unknown
*21.9s|     1 |     0 |  2253 |     - |    LP  |   0 | 343 |  24k|  24k|   0 |  0 |   0 |   0 |-2.724754e+03 |-2.724754e+03 |   0.00%| unknown
 21.9s|     1 |     0 |  2253 |     - |  2513M |   0 | 343 |  24k|  24k|   0 |  0 |   0 |   0 |-2.724754e+03 |-2.724754e+03 |   0.00%| unknown

SCIP Status        : problem is solved [optimal solution found]
Solving Time (sec) : 21.92
Solving Nodes      : 1
Primal Bound       : -2.72475369256074e+03 (3 solutions)
Dual Bound         : -2.72475369256074e+03
Gap                : 0.00 %
feasible solution found by trivial heuristic after 0.4 seconds, objective value -9.000374e+06
presolving:
(round 1, fast)       0 del vars, 0 del conss, 0 add conss, 180 chg bounds, 0 chg sides, 0 chg coeffs, 0 upgd conss, 0 impls, 0 clqs, 0 implints
   (3.8s) running MILP presolver
   (5.1s) MILP presolver (2 rounds): 0 aggregations, 0 fixings, 0 bound changes
(round 2, exhaustive) 0 del vars, 1771 del conss, 0 add conss, 180 chg bounds, 0 chg sides, 0 chg coeffs, 0 upgd conss, 0 impls, 0 clqs, 0 implints
   (12.5s) probing: 51/253 (20.2%) - 0 fixings, 0 aggregations, 0 implications, 0 bound changes
   (12.5s) probing aborted: 50/50 successive totally useless probings
   (12.8s) symmetry computation started: requiring (bin +, int +, cont +), (fixed: bin -, int -, cont -)
   (14.2s) no symmetry present (symcode time: 0.07)
presolving (3 rounds: 3 fast, 2 medium, 2 exhaustive):
 0 deleted vars, 1771 deleted constraints, 0 added constraints, 180 tightened bounds, 0 added holes, 0 changed sides, 0 changed coefficients
 0 implications, 0 cliques, 0 implied integral variables (0 bin, 0 int, 0 cont)
presolved problem has 343 variables (253 bin, 0 int, 90 cont) and 24541 constraints
  24541 constraints of type <linear>
Presolving Time: 14.17

 time | node  | left  |LP iter|LP it/n|mem/heur|mdpt |vars |cons |rows |cuts |sepa|confs|strbr|  dualbound   | primalbound  |  gap   | compl. 
t14.5s|     1 |     0 |     0 |     - | trivial|   0 | 343 |  24k|   0 |   0 |  0 |   0 |   0 | 6.720000e+02 |-1.175900e+04 |    Inf | unknown
p17.7s|     1 |     0 |    90 |     - |   locks|   0 | 343 |  24k|  24k|   0 |  0 |   0 |   0 | 6.720000e+02 |-3.417731e+03 |    Inf | unknown
 24.9s|     1 |     0 |  2343 |     - |  2517M |   0 | 343 |  24k|  24k|   0 |  0 |   0 |   0 |-2.724754e+03 |-3.417731e+03 |  25.43%| unknown
r27.1s|     1 |     0 |  2343 |     - |shifting|   0 | 343 |  24k|  24k|   0 |  0 |   0 |   0 |-2.724754e+03 |-3.012899e+03 |  10.58%| unknown
 27.9s|     1 |     0 |  2436 |     - |  2521M |   0 | 343 |  24k|  24k|   2 |  1 |   0 |   0 |-2.724806e+03 |-3.012899e+03 |  10.57%| unknown
 30.7s|     1 |     0 |  2458 |     - |  2524M |   0 | 343 |  24k|  24k|   4 |  2 |   0 |   0 |-2.724814e+03 |-3.012899e+03 |  10.57%| unknown
r32.7s|     1 |     0 |  2458 |     - |shifting|   0 | 343 |  24k|  24k|   4 |  2 |   0 |   0 |-2.724814e+03 |-3.009117e+03 |  10.43%| unknown
 33.2s|     1 |     0 |  2514 |     - |  2526M |   0 | 343 |  24k|  24k|   7 |  3 |   0 |   0 |-2.724823e+03 |-3.009117e+03 |  10.43%| unknown
 36.3s|     1 |     0 |  2649 |     - |  2530M |   0 | 343 |  24k|  24k|  11 |  4 |   0 |   0 |-2.724874e+03 |-3.009117e+03 |  10.43%| unknown
 38.8s|     1 |     0 |  2721 |     - |  2533M |   0 | 343 |  24k|  24k|  15 |  5 |   1 |   0 |-2.724889e+03 |-3.009117e+03 |  10.43%| unknown
 41.8s|     1 |     0 |  2857 |     - |  2535M |   0 | 343 |  24k|  24k|  21 |  6 |   1 |   0 |-2.724933e+03 |-3.009117e+03 |  10.43%| unknown
 43.9s|     1 |     0 |  2907 |     - |  2539M |   0 | 343 |  24k|  24k|  24 |  7 |   2 |   0 |-2.724946e+03 |-3.009117e+03 |  10.43%| unknown
 46.4s|     1 |     0 |  2955 |     - |  2542M |   0 | 343 |  24k|  24k|  28 |  8 |   2 |   0 |-2.724955e+03 |-3.009117e+03 |  10.43%| unknown
 49.1s|     1 |     0 |  2994 |     - |  2545M |   0 | 343 |  24k|  24k|  31 |  9 |   2 |   0 |-2.724959e+03 |-3.009117e+03 |  10.43%| unknown
 52.1s|     1 |     0 |  3075 |     - |  2549M |   0 | 343 |  24k|  24k|  35 | 10 |   2 |   0 |-2.724976e+03 |-3.009117e+03 |  10.43%| unknown
 time | node  | left  |LP iter|LP it/n|mem/heur|mdpt |vars |cons |rows |cuts |sepa|confs|strbr|  dualbound   | primalbound  |  gap   | compl. 
 54.5s|     1 |     0 |  3102 |     - |  2551M |   0 | 343 |  24k|  24k|  38 | 11 |   2 |   0 |-2.724978e+03 |-3.009117e+03 |  10.43%| unknown
r57.5s|     1 |     0 |  3363 |     - |intshift|   0 | 343 |  24k|  24k|  38 | 11 |   2 |   0 |-2.724978e+03 |-2.776893e+03 |   1.91%| unknown
d65.7s|     1 |     0 |  6201 |     - |farkasdi|   0 | 343 |  24k|  24k|   0 | 11 |   2 |   0 |-2.724978e+03 |-2.732502e+03 |   0.28%| unknown
L98.5s|     1 |     0 |  8289 |     - |    rens|   0 | 343 |  24k|  24k|  38 | 11 |   4 |   0 |-2.724978e+03 |-2.727660e+03 |   0.10%| unknown
 99.1s|     1 |     0 |  8289 |     - |  2554M |   0 | 343 |  24k|  24k|  38 | 11 |   4 |   0 |-2.724978e+03 |-2.727660e+03 |   0.10%| unknown
  101s|     1 |     0 |  8289 |     - |  2554M |   0 | 343 |  24k|  24k|  38 | 11 |   4 |   0 |-2.724978e+03 |-2.727660e+03 |   0.10%| unknown
  102s|     1 |     0 |  8333 |     - |  2556M |   0 | 343 |  24k|  24k|  41 | 12 |   4 |   0 |-2.724979e+03 |-2.727660e+03 |   0.10%| unknown
  104s|     1 |     0 |  8365 |     - |  2556M |   0 | 343 |  24k|  24k|  44 | 13 |   4 |   0 |-2.724982e+03 |-2.727660e+03 |   0.10%| unknown
  105s|     1 |     0 |  8365 |     - |  2557M |   0 | 343 |  23k|  24k|  44 | 13 |   5 |   0 |-2.724982e+03 |-2.727660e+03 |   0.10%| unknown
  105s|     1 |     0 |  8412 |     - |  2559M |   0 | 343 |  23k|  24k|  47 | 14 |   5 |   0 |-2.724984e+03 |-2.727660e+03 |   0.10%| unknown
  107s|     1 |     0 |  8476 |     - |  2559M |   0 | 343 |  23k|  24k|  50 | 15 |   6 |   0 |-2.724996e+03 |-2.727660e+03 |   0.10%| unknown
(run 1, node 1) restarting after 78 global fixings of integer variables

(restart) converted 50 cuts from the global cut pool into linear constraints

presolving:
(round 1, fast)       78 del vars, 0 del conss, 0 add conss, 0 chg bounds, 708 chg sides, 175 chg coeffs, 0 upgd conss, 0 impls, 616 clqs, 0 implints
(round 2, fast)       78 del vars, 0 del conss, 0 add conss, 90 chg bounds, 708 chg sides, 175 chg coeffs, 0 upgd conss, 0 impls, 616 clqs, 0 implints
   (111.2s) running MILP presolver
   (112.7s) MILP presolver (3 rounds): 0 aggregations, 0 fixings, 90 bound changes
(round 3, medium)     78 del vars, 0 del conss, 0 add conss, 180 chg bounds, 708 chg sides, 175 chg coeffs, 0 upgd conss, 0 impls, 616 clqs, 0 implints
(round 4, fast)       78 del vars, 6 del conss, 0 add conss, 180 chg bounds, 802 chg sides, 350 chg coeffs, 0 upgd conss, 0 impls, 616 clqs, 0 implints
(round 5, exhaustive) 78 del vars, 6 del conss, 0 add conss, 180 chg bounds, 802 chg sides, 350 chg coeffs, 619 upgd conss, 0 impls, 616 clqs, 0 implints
presolving (6 rounds: 6 fast, 3 medium, 2 exhaustive):
 78 deleted vars, 6 deleted constraints, 0 added constraints, 180 tightened bounds, 0 added holes, 802 changed sides, 351 changed coefficients
 0 implications, 616 cliques, 0 implied integral variables (0 bin, 0 int, 0 cont)
presolved problem has 265 variables (175 bin, 0 int, 90 cont) and 23695 constraints
      3 constraints of type <knapsack>
    616 constraints of type <setppc>
  23071 constraints of type <linear>
      5 constraints of type <logicor>
Presolving Time: 21.53
transformed 14/23 original solutions to the transformed problem space

 time | node  | left  |LP iter|LP it/n|mem/heur|mdpt |vars |cons |rows |cuts |sepa|confs|strbr|  dualbound   | primalbound  |  gap   | compl. 
  132s|     1 |     0 | 10649 |     - |  2798M |   0 | 265 |  23k|  23k|   0 |  0 |  10 |   0 |-2.724996e+03 |-2.727660e+03 |   0.10%| unknown
  134s|     1 |     0 | 10649 |     - |  2799M |   0 | 265 |  23k|  23k|   0 |  0 |  10 |   0 |-2.724996e+03 |-2.727660e+03 |   0.10%| unknown
  134s|     1 |     0 | 10684 |     - |  2801M |   0 | 265 |  23k|  23k|   1 |  1 |  10 |   0 |-2.725003e+03 |-2.727660e+03 |   0.10%| unknown
  136s|     1 |     0 | 10740 |     - |  2803M |   0 | 265 |  23k|  23k|   3 |  2 |  10 |   0 |-2.725005e+03 |-2.727660e+03 |   0.10%| unknown
  138s|     1 |     0 | 10772 |     - |  2806M |   0 | 265 |  23k|  23k|   5 |  3 |  10 |   0 |-2.725007e+03 |-2.727660e+03 |   0.10%| unknown
  140s|     1 |     0 | 10842 |     - |  2808M |   0 | 265 |  23k|  23k|   8 |  4 |  10 |   0 |-2.725011e+03 |-2.727660e+03 |   0.10%| unknown
  142s|     1 |     0 | 10923 |     - |  2811M |   0 | 265 |  23k|  23k|  11 |  5 |  10 |   0 |-2.725016e+03 |-2.727660e+03 |   0.10%| unknown
  144s|     1 |     0 | 11016 |     - |  2813M |   0 | 265 |  23k|  23k|  15 |  6 |  10 |   0 |-2.725025e+03 |-2.727660e+03 |   0.10%| unknown
  146s|     1 |     0 | 11074 |     - |  2816M |   0 | 265 |  23k|  23k|  19 |  7 |  10 |   0 |-2.725027e+03 |-2.727660e+03 |   0.10%| unknown
  148s|     1 |     0 | 11160 |     - |  2818M |   0 | 265 |  23k|  23k|  23 |  8 |  10 |   0 |-2.725029e+03 |-2.727660e+03 |   0.10%| unknown
  150s|     1 |     0 | 11262 |     - |  2822M |   0 | 265 |  23k|  23k|  26 |  9 |  10 |   0 |-2.725032e+03 |-2.727660e+03 |   0.10%| unknown
  153s|     1 |     0 | 11401 |     - |  2825M |   0 | 265 |  23k|  23k|  28 | 10 |  10 |   0 |-2.725038e+03 |-2.727660e+03 |   0.10%| unknown
  154s|     1 |     0 | 11442 |     - |  2827M |   0 | 265 |  23k|  23k|  30 | 11 |  10 |   0 |-2.725039e+03 |-2.727660e+03 |   0.10%| unknown
  156s|     1 |     0 | 11442 |     - |  2827M |   0 | 265 |  23k|  23k|  30 | 11 |  10 |   0 |-2.725039e+03 |-2.727660e+03 |   0.10%| unknown
  156s|     1 |     0 | 11529 |     - |  2829M |   0 | 265 |  23k|  23k|  33 | 12 |  10 |   0 |-2.725044e+03 |-2.727660e+03 |   0.10%| unknown
 time | node  | left  |LP iter|LP it/n|mem/heur|mdpt |vars |cons |rows |cuts |sepa|confs|strbr|  dualbound   | primalbound  |  gap   | compl. 
  158s|     1 |     0 | 11600 |     - |  2832M |   0 | 265 |  23k|  23k|  37 | 13 |  11 |   0 |-2.725048e+03 |-2.727660e+03 |   0.10%| unknown
  160s|     1 |     0 | 11628 |     - |  2834M |   0 | 265 |  23k|  23k|  41 | 14 |  11 |   0 |-2.725049e+03 |-2.727660e+03 |   0.10%| unknown
  162s|     1 |     0 | 11664 |     - |  2837M |   0 | 265 |  23k|  23k|  43 | 15 |  11 |   0 |-2.725050e+03 |-2.727660e+03 |   0.10%| unknown
  163s|     1 |     0 | 11733 |     - |  2839M |   0 | 265 |  23k|  23k|  46 | 16 |  11 |   0 |-2.725055e+03 |-2.727660e+03 |   0.10%| unknown
  165s|     1 |     0 | 11752 |     - |  2842M |   0 | 265 |  23k|  23k|  48 | 17 |  11 |   0 |-2.725055e+03 |-2.727660e+03 |   0.10%| unknown
  167s|     1 |     0 | 11824 |     - |  2842M |   0 | 265 |  23k|  23k|  51 | 18 |  11 |   0 |-2.725057e+03 |-2.727660e+03 |   0.10%| unknown
  169s|     1 |     0 | 11880 |     - |  2842M |   0 | 265 |  23k|  23k|  52 | 19 |  11 |   0 |-2.725058e+03 |-2.727660e+03 |   0.10%| unknown
  170s|     1 |     0 | 11899 |     - |  2844M |   0 | 265 |  23k|  23k|  54 | 20 |  11 |   0 |-2.725059e+03 |-2.727660e+03 |   0.10%| unknown
(run 2, node 1) restarting after 9 global fixings of integer variables

(restart) converted 48 cuts from the global cut pool into linear constraints

presolving:
(round 1, fast)       9 del vars, 1 del conss, 0 add conss, 0 chg bounds, 145 chg sides, 166 chg coeffs, 0 upgd conss, 0 impls, 584 clqs, 0 implints
(round 2, fast)       9 del vars, 1 del conss, 0 add conss, 21 chg bounds, 145 chg sides, 166 chg coeffs, 0 upgd conss, 0 impls, 584 clqs, 0 implints
(round 3, exhaustive) 9 del vars, 1 del conss, 0 add conss, 21 chg bounds, 145 chg sides, 166 chg coeffs, 66 upgd conss, 0 impls, 584 clqs, 0 implints
presolving (4 rounds: 4 fast, 2 medium, 2 exhaustive):
 9 deleted vars, 2 deleted constraints, 0 added constraints, 21 tightened bounds, 0 added holes, 145 changed sides, 174 changed coefficients
 0 implications, 584 cliques, 0 implied integral variables (0 bin, 0 int, 0 cont)
presolved problem has 256 variables (166 bin, 0 int, 90 cont) and 23547 constraints
      3 constraints of type <knapsack>
    584 constraints of type <setppc>
  22949 constraints of type <linear>
     11 constraints of type <logicor>
Presolving Time: 25.61
transformed 35/44 original solutions to the transformed problem space

 time | node  | left  |LP iter|LP it/n|mem/heur|mdpt |vars |cons |rows |cuts |sepa|confs|strbr|  dualbound   | primalbound  |  gap   | compl. 
  217s|     1 |     0 | 15550 |     - |  3121M |   0 | 256 |  23k|  23k|   0 |  0 |  18 |   0 |-2.725059e+03 |-2.727660e+03 |   0.10%| unknown
  219s|     1 |     0 | 15550 |     - |  3121M |   0 | 256 |  23k|  23k|   0 |  0 |  18 |   0 |-2.725059e+03 |-2.727660e+03 |   0.10%| unknown
  219s|     1 |     0 | 15594 |     - |  3124M |   0 | 256 |  23k|  23k|   1 |  1 |  18 |   0 |-2.725060e+03 |-2.727660e+03 |   0.10%| unknown
  221s|     1 |     0 | 15645 |     - |  3126M |   0 | 256 |  23k|  23k|   3 |  2 |  18 |   0 |-2.725061e+03 |-2.727660e+03 |   0.10%| unknown
  223s|     1 |     0 | 15706 |     - |  3128M |   0 | 256 |  23k|  23k|   4 |  3 |  18 |   0 |-2.725063e+03 |-2.727660e+03 |   0.10%| unknown
  225s|     1 |     0 | 15761 |     - |  3131M |   0 | 256 |  23k|  23k|   5 |  4 |  18 |   0 |-2.725064e+03 |-2.727660e+03 |   0.10%| unknown
  227s|     1 |     0 | 15788 |     - |  3133M |   0 | 256 |  23k|  23k|   7 |  5 |  18 |   0 |-2.725066e+03 |-2.727660e+03 |   0.10%| unknown
  229s|     1 |     0 | 15841 |     - |  3136M |   0 | 256 |  23k|  23k|   9 |  6 |  18 |   0 |-2.725068e+03 |-2.727660e+03 |   0.10%| unknown
  231s|     1 |     0 | 15876 |     - |  3138M |   0 | 256 |  23k|  23k|  11 |  7 |  18 |   0 |-2.725068e+03 |-2.727660e+03 |   0.10%| unknown
  233s|     1 |     0 | 15939 |     - |  3141M |   0 | 256 |  23k|  23k|  13 |  8 |  18 |   0 |-2.725069e+03 |-2.727660e+03 |   0.10%| unknown
  235s|     1 |     0 | 16043 |     - |  3143M |   0 | 256 |  23k|  23k|  16 |  9 |  18 |   0 |-2.725072e+03 |-2.727660e+03 |   0.09%| unknown
  237s|     1 |     0 | 16100 |     - |  3146M |   0 | 256 |  23k|  23k|  18 | 10 |  18 |   0 |-2.725072e+03 |-2.727660e+03 |   0.09%| unknown
  238s|     1 |     0 | 16153 |     - |  3148M |   0 | 256 |  23k|  23k|  20 | 11 |  23 |   0 |-2.725072e+03 |-2.727660e+03 |   0.09%| unknown
  240s|     1 |     0 | 16153 |     - |  3148M |   0 | 256 |  23k|  23k|  20 | 11 |  23 |   0 |-2.725072e+03 |-2.727660e+03 |   0.09%| unknown
  240s|     1 |     0 | 16231 |     - |  3150M |   0 | 256 |  23k|  23k|  23 | 12 |  23 |   0 |-2.725073e+03 |-2.727660e+03 |   0.09%| unknown
 time | node  | left  |LP iter|LP it/n|mem/heur|mdpt |vars |cons |rows |cuts |sepa|confs|strbr|  dualbound   | primalbound  |  gap   | compl. 
  242s|     1 |     0 | 16271 |     - |  3153M |   0 | 256 |  23k|  23k|  25 | 13 |  23 |   0 |-2.725074e+03 |-2.727660e+03 |   0.09%| unknown
  244s|     1 |     0 | 16348 |     - |  3155M |   0 | 256 |  23k|  23k|  27 | 14 |  23 |   0 |-2.725074e+03 |-2.727660e+03 |   0.09%| unknown
  245s|     1 |     0 | 16422 |     - |  3158M |   0 | 256 |  23k|  23k|  29 | 15 |  23 |   0 |-2.725075e+03 |-2.727660e+03 |   0.09%| unknown
  247s|     1 |     0 | 16470 |     - |  3160M |   0 | 256 |  23k|  23k|  32 | 16 |  23 |   0 |-2.725076e+03 |-2.727660e+03 |   0.09%| unknown
  249s|     1 |     0 | 16507 |     - |  3162M |   0 | 256 |  23k|  23k|  34 | 17 |  23 |   0 |-2.725076e+03 |-2.727660e+03 |   0.09%| unknown
  251s|     1 |     0 | 16552 |     - |  3165M |   0 | 256 |  23k|  23k|  36 | 18 |  23 |   0 |-2.725077e+03 |-2.727660e+03 |   0.09%| unknown
  252s|     1 |     0 | 16608 |     - |  3167M |   0 | 256 |  23k|  23k|  38 | 19 |  24 |   0 |-2.725078e+03 |-2.727660e+03 |   0.09%| unknown
  254s|     1 |     0 | 16634 |     - |  3170M |   0 | 256 |  23k|  23k|  39 | 20 |  24 |   0 |-2.725078e+03 |-2.727660e+03 |   0.09%| unknown
  255s|     1 |     0 | 16672 |     - |  3170M |   0 | 256 |  23k|  23k|  42 | 21 |  25 |   0 |-2.725078e+03 |-2.727660e+03 |   0.09%| unknown
  257s|     1 |     0 | 16769 |     - |  3170M |   0 | 256 |  23k|  23k|  47 | 22 |  25 |   0 |-2.725080e+03 |-2.727660e+03 |   0.09%| unknown
  262s|     1 |     0 | 16769 |     - |  3170M |   0 | 256 |  23k|  23k|  47 | 22 |  25 |   1 |-2.725918e+03 |-2.727660e+03 |   0.06%| unknown
  262s|     1 |     0 | 16854 |     - |  3170M |   0 | 256 |  23k|  23k|  50 | 23 |  25 |   1 |-2.725918e+03 |-2.727660e+03 |   0.06%| unknown
  264s|     1 |     0 | 16915 |     - |  3170M |   0 | 256 |  23k|  23k|  53 | 24 |  25 |   1 |-2.725918e+03 |-2.727660e+03 |   0.06%| unknown
  268s|     1 |     0 | 16915 |     - |  3170M |   0 | 256 |  23k|  23k|  53 | 24 |  27 |   2 |-2.725918e+03 |-2.727660e+03 |   0.06%| unknown
  268s|     1 |     0 | 16926 |     - |  3170M |   0 | 256 |  23k|  23k|  54 | 25 |  27 |   2 |-2.725918e+03 |-2.727660e+03 |   0.06%| unknown
 time | node  | left  |LP iter|LP it/n|mem/heur|mdpt |vars |cons |rows |cuts |sepa|confs|strbr|  dualbound   | primalbound  |  gap   | compl. 
  269s|     1 |     0 | 16982 |     - |  3170M |   0 | 256 |  23k|  23k|  56 | 26 |  28 |   2 |-2.725918e+03 |-2.727660e+03 |   0.06%| unknown
  274s|     1 |     0 | 16982 |     - |  3170M |   0 | 256 |  23k|  23k|  56 | 26 |  28 |   3 |-2.725918e+03 |-2.727660e+03 |   0.06%| unknown
  274s|     1 |     0 | 17008 |     - |  3170M |   0 | 256 |  23k|  23k|  60 | 27 |  28 |   3 |-2.725918e+03 |-2.727660e+03 |   0.06%| unknown
  276s|     1 |     0 | 17060 |     - |  3171M |   0 | 256 |  23k|  23k|  61 | 28 |  28 |   3 |-2.725918e+03 |-2.727660e+03 |   0.06%| unknown
  281s|     1 |     0 | 17060 |     - |  3171M |   0 | 256 |  23k|  23k|  61 | 28 |  28 |   4 |-2.725918e+03 |-2.727660e+03 |   0.06%| unknown
  281s|     1 |     0 | 17064 |     - |  3171M |   0 | 256 |  23k|  23k|  63 | 29 |  28 |   4 |-2.725918e+03 |-2.727660e+03 |   0.06%| unknown
  285s|     1 |     0 | 17064 |     - |  3171M |   0 | 256 |  23k|  23k|  63 | 30 |  28 |   5 |-2.725918e+03 |-2.727660e+03 |   0.06%| unknown
  285s|     1 |     0 | 17090 |     - |  3171M |   0 | 256 |  23k|  23k|  64 | 31 |  28 |   5 |-2.725918e+03 |-2.727660e+03 |   0.06%| unknown
  289s|     1 |     0 | 17090 |     - |  3171M |   0 | 256 |  23k|  23k|  64 | 32 |  28 |   6 |-2.725918e+03 |-2.727660e+03 |   0.06%| unknown
  297s|     1 |     0 | 17090 |     - |  3171M |   0 | 256 |  23k|  23k|  64 | 33 |  28 |   9 |-2.725918e+03 |-2.727660e+03 |   0.06%| unknown
  310s|     1 |     0 | 17090 |     - |  3171M |   0 | 256 |  23k|  23k|  64 | 34 |  28 |  14 |-2.725956e+03 |-2.727660e+03 |   0.06%| unknown
  318s|     1 |     0 | 17090 |     - |  3171M |   0 | 256 |  23k|  23k|  64 | 35 |  28 |  17 |-2.725956e+03 |-2.727660e+03 |   0.06%| unknown
  326s|     1 |     0 | 17090 |     - |  3171M |   0 | 256 |  23k|  23k|  64 | 36 |  28 |  20 |-2.725956e+03 |-2.727660e+03 |   0.06%| unknown
  334s|     1 |     0 | 17090 |     - |  3171M |   0 | 256 |  23k|  23k|  64 | 37 |  28 |  23 |-2.725956e+03 |-2.727660e+03 |   0.06%| unknown
  342s|     1 |     0 | 17090 |     - |  3171M |   0 | 256 |  23k|  23k|  64 | 38 |  28 |  26 |-2.725956e+03 |-2.727660e+03 |   0.06%| unknown
 time | node  | left  |LP iter|LP it/n|mem/heur|mdpt |vars |cons |rows |cuts |sepa|confs|strbr|  dualbound   | primalbound  |  gap   | compl. 
  352s|     1 |     0 | 17485 |     - |  3172M |   0 | 256 |  23k|  23k|  64 | 39 |  32 |  30 |-2.725956e+03 |-2.727660e+03 |   0.06%| unknown
  353s|     1 |     0 | 17485 |     - |  3172M |   0 | 256 |  23k|  23k|  64 | 39 |  34 |  30 |-2.725956e+03 |-2.727660e+03 |   0.06%| unknown
  354s|     1 |     0 | 17581 |     - |  3172M |   0 | 256 |  23k|  23k|  66 | 40 |  34 |  30 |-2.725956e+03 |-2.727660e+03 |   0.06%| unknown
  355s|     1 |     0 | 17595 |     - |  3172M |   0 | 256 |  23k|  23k|  67 | 41 |  34 |  30 |-2.725956e+03 |-2.727660e+03 |   0.06%| unknown
  356s|     1 |     0 | 17595 |     - |  3172M |   0 | 256 |  22k|  23k|  67 | 41 |  34 |  30 |-2.725956e+03 |-2.727660e+03 |   0.06%| unknown
  357s|     1 |     0 | 17615 |     - |  3172M |   0 | 256 |  22k|  23k|  68 | 42 |  34 |  30 |-2.725956e+03 |-2.727660e+03 |   0.06%| unknown
  361s|     1 |     0 | 17867 |     - |  3172M |   0 | 256 |  22k|  23k|  68 | 43 |  40 |  33 |-2.725956e+03 |-2.727660e+03 |   0.06%| unknown
  362s|     1 |     0 | 17867 |     - |  3172M |   0 | 256 |  22k|  22k|  68 | 43 |  40 |  33 |-2.725956e+03 |-2.727660e+03 |   0.06%| unknown
  363s|     1 |     0 | 17867 |     - |  3172M |   0 | 256 |  22k|  22k|  68 | 44 |  40 |  33 |-2.725956e+03 |-2.727660e+03 |   0.06%| unknown
  364s|     1 |     0 | 17867 |     - |  3172M |   0 | 256 |  22k|  22k|  68 | 45 |  40 |  34 |-2.726215e+03 |-2.727660e+03 |   0.05%| unknown
  366s|     1 |     0 | 18063 |     - |  3172M |   0 | 256 |  22k|  22k|  68 | 46 |  42 |  35 |-2.726215e+03 |-2.727660e+03 |   0.05%| unknown
  367s|     1 |     0 | 18063 |     - |  3173M |   0 | 256 |  22k|  22k|  68 | 46 |  42 |  35 |-2.726215e+03 |-2.727660e+03 |   0.05%| unknown
  367s|     1 |     0 | 18063 |     - |  3173M |   0 | 256 |  22k|  22k|  68 | 47 |  42 |  35 |-2.726215e+03 |-2.727660e+03 |   0.05%| unknown
  369s|     1 |     0 | 18275 |     - |  3173M |   0 | 256 |  22k|  22k|  68 | 48 |  44 |  36 |-2.726334e+03 |-2.727660e+03 |   0.05%| unknown
  370s|     1 |     0 | 18275 |     - |  3173M |   0 | 256 |  22k|  22k|  68 | 48 |  44 |  36 |-2.726334e+03 |-2.727660e+03 |   0.05%| unknown
 time | node  | left  |LP iter|LP it/n|mem/heur|mdpt |vars |cons |rows |cuts |sepa|confs|strbr|  dualbound   | primalbound  |  gap   | compl. 
  370s|     1 |     0 | 18275 |     - |  3173M |   0 | 256 |  22k|  22k|  68 | 49 |  44 |  36 |-2.726334e+03 |-2.727660e+03 |   0.05%| unknown
  370s|     1 |     0 | 18275 |     - |  3173M |   0 | 256 |  22k|  22k|  68 | 49 |  44 |  36 |-2.726334e+03 |-2.727660e+03 |   0.05%| unknown
  372s|     1 |     0 | 18275 |     - |  3173M |   0 | 256 |  22k|  22k|  68 | 50 |  44 |  37 |-2.726405e+03 |-2.727660e+03 |   0.05%| unknown
  375s|     1 |     0 | 18275 |     - |  3173M |   0 | 256 |  22k|  22k|  68 | 51 |  44 |  39 |-2.727107e+03 |-2.727660e+03 |   0.02%| unknown
  376s|     1 |     0 | 18275 |     - |  3173M |   0 | 256 |  22k|  22k|  68 | 52 |  44 |  40 |-2.727107e+03 |-2.727660e+03 |   0.02%| unknown
  378s|     1 |     0 | 18327 |     - |  3173M |   0 | 256 |  21k|  22k|  68 | 53 |  46 |  42 |-2.727107e+03 |-2.727660e+03 |   0.02%| unknown
  380s|     1 |     0 | 18327 |     - |  3173M |   0 | 256 |  21k|  22k|  68 | 54 |  46 |  43 |-2.727107e+03 |-2.727660e+03 |   0.02%| unknown
  380s|     1 |     0 | 18365 |     - |  3173M |   0 | 256 |  21k|  22k|  68 | 55 |  48 |  44 |-2.727107e+03 |-2.727660e+03 |   0.02%| unknown
  382s|     1 |     0 | 18365 |     - |  3173M |   0 | 256 |  21k|  22k|  68 | 56 |  51 |  45 |-2.727107e+03 |-2.727660e+03 |   0.02%| unknown
  382s|     1 |     2 | 18365 |     - |  3173M |   0 | 256 |  21k|  22k|  68 | 57 |  51 |  45 |-2.727107e+03 |-2.727660e+03 |   0.02%| unknown

SCIP Status        : problem is solved [optimal solution found]
Solving Time (sec) : 385.93
Solving Nodes      : 3 (total of 5 nodes in 3 runs)
Primal Bound       : -2.72766007905138e+03 (84 solutions)
Dual Bound         : -2.72766007905138e+03
Gap                : 0.00 %
feasible solution found by trivial heuristic after 0.0 seconds, objective value 0.000000e+00
presolving:
   (0.0s) symmetry computation started: requiring (bin +, int +, cont +), (fixed: bin -, int -, cont -)
   (0.0s) symmetry computation finished: 89 generators found (max: 1500, log10 of symmetry group size: 138.17) (symcode time: 0.00)
dynamic symmetry handling statistics:
   orbitopal reduction:       no components
   orbital reduction:         no components
   lexicographic reduction:   no permutations
handled 1 out of 1 symmetry components
presolving (0 rounds: 0 fast, 0 medium, 0 exhaustive):
 0 deleted vars, 0 deleted constraints, 0 added constraints, 0 tightened bounds, 0 added holes, 0 changed sides, 0 changed coefficients
 0 implications, 0 cliques, 0 implied integral variables (0 bin, 0 int, 0 cont)
presolved problem has 343 variables (253 bin, 0 int, 90 cont) and 3631 constraints
   3631 constraints of type <linear>
Presolving Time: 0.00
transformed 2/2 original solutions to the transformed problem space

 time | node  | left  |LP iter|LP it/n|mem/heur|mdpt |vars |cons |rows |cuts |sepa|confs|strbr|  dualbound   | primalbound  |  gap   | compl. 
i 0.0s|     1 |     0 |     0 |     - |  oneopt|   0 | 343 |3542 |3542 |   0 |  0 |   0 |   0 | 6.720000e+02 | 2.780000e+02 | 141.73%| unknown
* 0.0s|     1 |     0 |    84 |     - |    LP  |   0 | 343 |3542 |3542 |   0 |  0 |   0 |   0 | 5.780000e+02 | 5.780000e+02 |   0.00%| unknown
  0.0s|     1 |     0 |    84 |     - |    15M |   0 | 343 |3542 |3542 |   0 |  0 |   0 |   0 | 5.780000e+02 | 5.780000e+02 |   0.00%| unknown

SCIP Status        : problem is solved [optimal solution found]
Solving Time (sec) : 0.01
Solving Nodes      : 1
Primal Bound       : +5.78000000000000e+02 (5 solutions)
Dual Bound         : +5.78000000000000e+02
Gap                : 0.00 %
  [linear] <c3543>: <x254>[C] (+0) +0.519762846<x1>[B] (+1) +0.519762846<x2>[B] (+1) +0.519762846<x3>[B] (+0) +0.519762846<x4>[B] (+0) +0.519762846<x5>[B] (+0) +0.519762846<x6>[B] (+1) +0.519762846<x7>[B] (+1) +0.519762846<x8>[B] (+1) +0.519762846<x9>[B] (+0) +0.519762846<x10>[B] (+1) +0.519762846<x11>[B] (+1) +0.519762846<x12>[B] (+1) +0.519762846<x13>[B] (+1) +0.519762846<x14>[B] (+0) +0.519762846<x15>[B] (+1) +0.519762846<x16>[B] (+0) +0.519762846<x17>[B] (+1) +0.519762846<x18>[B] (+0) +0.519762846<x19>[B] (+1) +0.519762846<x20>[B] (+0) +0.519762846<x21>[B] (+1) +0.519762846<x22>[B] (+0) -0.519762846<x23>[B] (+1) -0.519762846<x24>[B] (+0) -0.519762846<x25>[B] (+0) -0.519762846<x26>[B] (+0) +0.519762846<x27>[B] (+1) -0.519762846<x28>[B] (+1) -0.519762846<x29>[B] (+1) -0.519762846<x30>[B] (+0) -0.519762846<x31>[B] (+1) -0.519762846<x32>[B] (+1) +0.519762846<x33>[B] (+1) -0.519762846<x34>[B] (+0) +0.519762846<x35>[B] (+0) -0.519762846<x36>[B] (+1) -0.519762846<x37>[B] (+0) -0.519762846<x38>[B] (+1) +0.519762846<x39>[B] (+0) -0.519762846<x40>[B] (+0) +0.519762846<x41>[B] (+0) -0.519762846<x42>[B] (+1) -0.519762846<x43>[B] (+0) -0.519762846<x44>[B] (+0) -0.519762846<x45>[B] (+0) +0.519762846<x46>[B] (+0) +0.519762846<x47>[B] (+0) +0.519762846<x48>[B] (+0) -0.519762846<x49>[B] (+0) +0.519762846<x50>[B] (+0) -0.519762846<x51>[B] (+0) -0.519762846<x52>[B] (+0) +0.519762846<x53>[B] (+0) -0.519762846<x54>[B] (+0) +0.519762846<x55>[B] (+0) -0.519762846<x56>[B] (+1) +0.519762846<x57>[B] (+0) +0.519762846<x58>[B] (+0) +0.519762846<x59>[B] (+0) -0.519762846<x60>[B] (+0) +0.519762846<x61>[B] (+0) +0.519762846<x62>[B] (+0) -0.519762846<x63>[B] (+0) -0.519762846<x64>[B] (+0) +0.519762846<x65>[B] (+1) +0.519762846<x66>[B] (+1) +0.519762846<x67>[B] (+1) -0.519762846<x68>[B] (+1) +0.519762846<x69>[B] (+1) -0.519762846<x70>[B] (+1) -0.519762846<x71>[B] (+1) +0.519762846<x72>[B] (+1) -0.519762846<x73>[B] (+1) +0.519762846<x74>[B] (+0) -0.519762846<x75>[B] (+1) +0.519762846<x76>[B] (+0) +0.519762846<x77>[B] (+1) +0.519762846<x78>[B] (+0) -0.519762846<x79>[B] (+1) +0.519762846<x80>[B] (+0) +0.519762846<x81>[B] (+1) -0.519762846<x82>[B] (+0) +0.519762846<x83>[B] (+1) +0.519762846<x84>[B] (+1) +0.519762846<x85>[B] (+1) +0.519762846<x86>[B] (+1) +0.519762846<x87>[B] (+1) +0.519762846<x88>[B] (+1) -0.519762846<x89>[B] (+1) +0.519762846<x90>[B] (+1) -0.519762846<x91>[B] (+1) +0.519762846<x92>[B] (+1) -0.519762846<x93>[B] (+1) +0.519762846<x94>[B] (+1) +0.519762846<x95>[B] (+1) +0.519762846<x96>[B] (+1) -0.519762846<x97>[B] (+1) +0.519762846<x98>[B] (+1) +0.519762846<x99>[B] (+1) -0.519762846<x100>[B] (+0) +0.519762846<x101>[B] (+1) +0.519762846<x102>[B] (+1) -0.519762846<x103>[B] (+1) +0.519762846<x104>[B] (+1) -0.519762846<x105>[B] (+1) -0.519762846<x106>[B] (+1) +0.519762846<x107>[B] (+1) -0.519762846<x108>[B] (+1) +0.519762846<x109>[B] (+0) -0.519762846<x110>[B] (+1) +0.519762846<x111>[B] (+0) +0.519762846<x112>[B] (+1) +0.519762846<x113>[B] (+0) -0.519762846<x114>[B] (+1) +0.519762846<x115>[B] (+0) +0.519762846<x116>[B] (+1) -0.519762846<x117>[B] (+0) -0.519762846<x118>[B] (+1) -0.519762846<x119>[B] (+1) -0.519762846<x120>[B] (+0) -0.519762846<x121>[B] (+0) -0.519762846<x122>[B] (+0) -0.519762846<x123>[B] (+1) -0.519762846<x124>[B] (+0) -0.519762846<x125>[B] (+0) -0.519762846<x126>[B] (+1) -0.519762846<x127>[B] (+0) -0.519762846<x128>[B] (+0) -0.519762846<x129>[B] (+0) -0.519762846<x130>[B] (+0) -0.519762846<x131>[B] (+0) -0.519762846<x132>[B] (+0) -0.519762846<x133>[B] (+0) -0.519762846<x134>[B] (+0) +0.519762846<x135>[B] (+0) -0.519762846<x136>[B] (+0) -0.519762846<x137>[B] (+0) +0.519762846<x138>[B] (+1) -0.519762846<x139>[B] (+0) +0.519762846<x140>[B] (+0) -0.519762846<x141>[B] (+1) +0.519762846<x142>[B] (+0) +0.519762846<x143>[B] (+0) +0.519762846<x144>[B] (+0) -0.519762846<x145>[B] (+0) +0.519762846<x146>[B] (+0) +0.519762846<x147>[B] (+0) -0.519762846<x148>[B] (+0) +0.519762846<x149>[B] (+0) -0.519762846<x150>[B] (+0) -0.519762846<x151>[B] (+0) +0.519762846<x152>[B] (+1) -0.519762846<x153>[B] (+0) +0.519762846<x154>[B] (+0) -0.519762846<x155>[B] (+1) +0.519762846<x156>[B] (+0) +0.519762846<x157>[B] (+0) +0.519762846<x158>[B] (+0) -0.519762846<x159>[B] (+0) +0.519762846<x160>[B] (+0) +0.519762846<x161>[B] (+0) -0.519762846<x162>[B] (+0) -0.519762846<x163>[B] (+1) -0.519762846<x164>[B] (+1) +0.519762846<x165>[B] (+1) -0.519762846<x166>[B] (+1) +0.519762846<x167>[B] (+0) -0.519762846<x168>[B] (+1) -0.519762846<x169>[B] (+0) -0.519762846<x170>[B] (+1) +0.519762846<x171>[B] (+0) -0.519762846<x172>[B] (+1) +0.519762846<x173>[B] (+0) -0.519762846<x174>[B] (+1) -0.519762846<x175>[B] (+0) -0.519762846<x176>[B] (+0) +0.519762846<x177>[B] (+1) -0.519762846<x178>[B] (+0) +0.519762846<x179>[B] (+0) -0.519762846<x180>[B] (+1) +0.519762846<x181>[B] (+0) +0.519762846<x182>[B] (+0) +0.519762846<x183>[B] (+0) -0.519762846<x184>[B] (+0) +0.519762846<x185>[B] (+0) +0.519762846<x186>[B] (+0) -0.519762846<x187>[B] (+0) +0.519762846<x188>[B] (+1) +0.519762846<x189>[B] (+0) +0.519762846<x190>[B] (+0) +0.519762846<x191>[B] (+1) +0.519762846<x192>[B] (+0) +0.519762846<x193>[B] (+0) +0.519762846<x194>[B] (+0) +0.519762846<x195>[B] (+0) +0.519762846<x196>[B] (+0) +0.519762846<x197>[B] (+0) -0.519762846<x198>[B] (+0) -0.519762846<x199>[B] (+0) -0.519762846<x200>[B] (+0) -0.519762846<x201>[B] (+1) -0.519762846<x202>[B] (+0) -0.519762846<x203>[B] (+0) -0.519762846<x204>[B] (+0) -0.519762846<x205>[B] (+0) +0.519762846<x206>[B] (+0) -0.519762846<x207>[B] (+0) -0.519762846<x208>[B] (+0) +0.519762846<x209>[B] (+0) +0.519762846<x210>[B] (+1) +0.519762846<x211>[B] (+0) +0.519762846<x212>[B] (+1) +0.519762846<x213>[B] (+0) +0.519762846<x214>[B] (+0) +0.519762846<x215>[B] (+0) +0.519762846<x216>[B] (+1) -0.519762846<x217>[B] (+0) -0.519762846<x218>[B] (+1) -0.519762846<x219>[B] (+1) -0.519762846<x220>[B] (+1) +0.519762846<x221>[B] (+0) -0.519762846<x222>[B] (+1) +0.519762846<x223>[B] (+0) -0.519762846<x224>[B] (+1) -0.519762846<x225>[B] (+0) +0.519762846<x226>[B] (+0) +0.519762846<x227>[B] (+0) +0.519762846<x228>[B] (+0) -0.519762846<x229>[B] (+0) +0.519762846<x230>[B] (+0) +0.519762846<x231>[B] (+0) -0.519762846<x232>[B] (+0) -0.519762846<x233>[B] (+1) +0.519762846<x234>[B] (+0) -0.519762846<x235>[B] (+1) +0.519762846<x236>[B] (+0) -0.519762846<x237>[B] (+1) -0.519762846<x238>[B] (+0) +0.519762846<x239>[B] (+0) -0.519762846<x240>[B] (+0) +0.519762846<x241>[B] (+0) +0.519762846<x242>[B] (+1) -0.519762846<x243>[B] (+0) -0.519762846<x244>[B] (+1) +0.519762846<x245>[B] (+0) -0.519762846<x246>[B] (+1) -0.519762846<x247>[B] (+0) +0.519762846<x248>[B] (+0) +0.519762846<x249>[B] (+1) -0.519762846<x250>[B] (+0) -0.519762846<x251>[B] (+1) -0.519762846<x252>[B] (+0) -0.519762846<x253>[B] (+0) >= 34.9545454545455;
;
violation: left hand side is violated by 34.4347826086957
  [linear] <c3543>: <x254>[C] (+0) +0.519762846<x1>[B] (+0) +0.519762846<x2>[B] (+0) +0.519762846<x3>[B] (+0) +0.519762846<x4>[B] (+0) +0.519762846<x5>[B] (+0) +0.519762846<x6>[B] (+0) +0.519762846<x7>[B] (+0) +0.519762846<x8>[B] (+0) +0.519762846<x9>[B] (+0) +0.519762846<x10>[B] (+0) +0.519762846<x11>[B] (+0) +0.519762846<x12>[B] (+0) +0.519762846<x13>[B] (+0) +0.519762846<x14>[B] (+0) +0.519762846<x15>[B] (+0) +0.519762846<x16>[B] (+0) +0.519762846<x17>[B] (+0) +0.519762846<x18>[B] (+0) +0.519762846<x19>[B] (+0) +0.519762846<x20>[B] (+0) +0.519762846<x21>[B] (+0) +0.519762846<x22>[B] (+0) -0.519762846<x23>[B] (+1) -0.519762846<x24>[B] (+1) -0.519762846<x25>[B] (+0) -0.519762846<x26>[B] (+0) +0.519762846<x27>[B] (+0) -0.519762846<x28>[B] (+1) -0.519762846<x29>[B] (+1) -0.519762846<x30>[B] (+0) -0.519762846<x31>[B] (+0) -0.519762846<x32>[B] (+0) +0.519762846<x33>[B] (+0) -0.519762846<x34>[B] (+0) +0.519762846<x35>[B] (+0) -0.519762846<x36>[B] (+0) -0.519762846<x37>[B] (+0) -0.519762846<x38>[B] (+0) +0.519762846<x39>[B] (+0) -0.519762846<x40>[B] (+0) +0.519762846<x41>[B] (+0) -0.519762846<x42>[B] (+0) -0.519762846<x43>[B] (+0) -0.519762846<x44>[B] (+0) -0.519762846<x45>[B] (+0) +0.519762846<x46>[B] (+0) +0.519762846<x47>[B] (+0) +0.519762846<x48>[B] (+0) -0.519762846<x49>[B] (+0) +0.519762846<x50>[B] (+0) -0.519762846<x51>[B] (+0) -0.519762846<x52>[B] (+0) +0.519762846<x53>[B] (+0) -0.519762846<x54>[B] (+0) +0.519762846<x55>[B] (+0) -0.519762846<x56>[B] (+0) +0.519762846<x57>[B] (+0) +0.519762846<x58>[B] (+0) +0.519762846<x59>[B] (+0) -0.519762846<x60>[B] (+0) +0.519762846<x61>[B] (+0) +0.519762846<x62>[B] (+0) -0.519762846<x63>[B] (+0) -0.519762846<x64>[B] (+0) +0.519762846<x65>[B] (+0) +0.519762846<x66>[B] (+0) +0.519762846<x67>[B] (+1) -0.519762846<x68>[B] (+1) +0.519762846<x69>[B] (+0) -0.519762846<x70>[B] (+0) -0.519762846<x71>[B] (+0) +0.519762846<x72>[B] (+0) -0.519762846<x73>[B] (+0) +0.519762846<x74>[B] (+0) -0.519762846<x75>[B] (+0) +0.519762846<x76>[B] (+0) +0.519762846<x77>[B] (+0) +0.519762846<x78>[B] (+0) -0.519762846<x79>[B] (+0) +0.519762846<x80>[B] (+0) +0.519762846<x81>[B] (+0) -0.519762846<x82>[B] (+0) +0.519762846<x83>[B] (+0) +0.519762846<x84>[B] (+0) +0.519762846<x85>[B] (+1) +0.519762846<x86>[B] (+1) +0.519762846<x87>[B] (+0) +0.519762846<x88>[B] (+0) -0.519762846<x89>[B] (+0) +0.519762846<x90>[B] (+0) -0.519762846<x91>[B] (+0) +0.519762846<x92>[B] (+0) -0.519762846<x93>[B] (+0) +0.519762846<x94>[B] (+0) +0.519762846<x95>[B] (+0) +0.519762846<x96>[B] (+0) -0.519762846<x97>[B] (+0) +0.519762846<x98>[B] (+0) +0.519762846<x99>[B] (+0) -0.519762846<x100>[B] (+0) +0.519762846<x101>[B] (+1) +0.519762846<x102>[B] (+1) -0.519762846<x103>[B] (+1) +0.519762846<x104>[B] (+1) -0.519762846<x105>[B] (+1) -0.519762846<x106>[B] (+1) +0.519762846<x107>[B] (+1) -0.519762846<x108>[B] (+1) +0.519762846<x109>[B] (+0) -0.519762846<x110>[B] (+1) +0.519762846<x111>[B] (+0) +0.519762846<x112>[B] (+1) +0.519762846<x113>[B] (+0) -0.519762846<x114>[B] (+0) +0.519762846<x115>[B] (+0) +0.519762846<x116>[B] (+0) -0.519762846<x117>[B] (+0) -0.519762846<x118>[B] (+1) -0.519762846<x119>[B] (+1) -0.519762846<x120>[B] (+0) -0.519762846<x121>[B] (+0) -0.519762846<x122>[B] (+0) -0.519762846<x123>[B] (+0) -0.519762846<x124>[B] (+0) -0.519762846<x125>[B] (+0) -0.519762846<x126>[B] (+0) -0.519762846<x127>[B] (+0) -0.519762846<x128>[B] (+0) -0.519762846<x129>[B] (+0) -0.519762846<x130>[B] (+0) -0.519762846<x131>[B] (+0) -0.519762846<x132>[B] (+0) -0.519762846<x133>[B] (+0) -0.519762846<x134>[B] (+0) +0.519762846<x135>[B] (+0) -0.519762846<x136>[B] (+0) -0.519762846<x137>[B] (+0) +0.519762846<x138>[B] (+0) -0.519762846<x139>[B] (+0) +0.519762846<x140>[B] (+0) -0.519762846<x141>[B] (+0) +0.519762846<x142>[B] (+0) +0.519762846<x143>[B] (+0) +0.519762846<x144>[B] (+0) -0.519762846<x145>[B] (+0) +0.519762846<x146>[B] (+0) +0.519762846<x147>[B] (+0) -0.519762846<x148>[B] (+0) +0.519762846<x149>[B] (+0) -0.519762846<x150>[B] (+0) -0.519762846<x151>[B] (+0) +0.519762846<x152>[B] (+0) -0.519762846<x153>[B] (+0) +0.519762846<x154>[B] (+0) -0.519762846<x155>[B] (+0) +0.519762846<x156>[B] (+0) +0.519762846<x157>[B] (+0) +0.519762846<x158>[B] (+0) -0.519762846<x159>[B] (+0) +0.519762846<x160>[B] (+0) +0.519762846<x161>[B] (+0) -0.519762846<x162>[B] (+0) -0.519762846<x163>[B] (+1) -0.519762846<x164>[B] (+1) +0.519762846<x165>[B] (+1) -0.519762846<x166>[B] (+1) +0.519762846<x167>[B] (+0) -0.519762846<x168>[B] (+1) -0.519762846<x169>[B] (+0) -0.519762846<x170>[B] (+1) +0.519762846<x171>[B] (+0) -0.519762846<x172>[B] (+0) +0.519762846<x173>[B] (+0) -0.519762846<x174>[B] (+0) -0.519762846<x175>[B] (+0) -0.519762846<x176>[B] (+0) +0.519762846<x177>[B] (+0) -0.519762846<x178>[B] (+0) +0.519762846<x179>[B] (+0) -0.519762846<x180>[B] (+0) +0.519762846<x181>[B] (+0) +0.519762846<x182>[B] (+0) +0.519762846<x183>[B] (+0) -0.519762846<x184>[B] (+0) +0.519762846<x185>[B] (+0) +0.519762846<x186>[B] (+0) -0.519762846<x187>[B] (+0) +0.519762846<x188>[B] (+0) +0.519762846<x189>[B] (+0) +0.519762846<x190>[B] (+0) +0.519762846<x191>[B] (+0) +0.519762846<x192>[B] (+0) +0.519762846<x193>[B] (+0) +0.519762846<x194>[B] (+0) +0.519762846<x195>[B] (+0) +0.519762846<x196>[B] (+0) +0.519762846<x197>[B] (+0) -0.519762846<x198>[B] (+0) -0.519762846<x199>[B] (+0) -0.519762846<x200>[B] (+0) -0.519762846<x201>[B] (+0) -0.519762846<x202>[B] (+0) -0.519762846<x203>[B] (+0) -0.519762846<x204>[B] (+0) -0.519762846<x205>[B] (+0) +0.519762846<x206>[B] (+0) -0.519762846<x207>[B] (+0) -0.519762846<x208>[B] (+0) +0.519762846<x209>[B] (+0) +0.519762846<x210>[B] (+1) +0.519762846<x211>[B] (+0) +0.519762846<x212>[B] (+0) +0.519762846<x213>[B] (+0) +0.519762846<x214>[B] (+0) +0.519762846<x215>[B] (+0) +0.519762846<x216>[B] (+0) -0.519762846<x217>[B] (+0) -0.519762846<x218>[B] (+1) -0.519762846<x219>[B] (+1) -0.519762846<x220>[B] (+1) +0.519762846<x221>[B] (+0) -0.519762846<x222>[B] (+0) +0.519762846<x223>[B] (+0) -0.519762846<x224>[B] (+0) -0.519762846<x225>[B] (+0) +0.519762846<x226>[B] (+0) +0.519762846<x227>[B] (+0) +0.519762846<x228>[B] (+0) -0.519762846<x229>[B] (+0) +0.519762846<x230>[B] (+0) +0.519762846<x231>[B] (+0) -0.519762846<x232>[B] (+0) -0.519762846<x233>[B] (+1) +0.519762846<x234>[B] (+0) -0.519762846<x235>[B] (+0) +0.519762846<x236>[B] (+0) -0.519762846<x237>[B] (+0) -0.519762846<x238>[B] (+0) +0.519762846<x239>[B] (+0) -0.519762846<x240>[B] (+0) +0.519762846<x241>[B] (+0) +0.519762846<x242>[B] (+0) -0.519762846<x243>[B] (+0) -0.519762846<x244>[B] (+0) +0.519762846<x245>[B] (+0) -0.519762846<x246>[B] (+0) -0.519762846<x247>[B] (+0) +0.519762846<x248>[B] (+0) +0.519762846<x249>[B] (+1) -0.519762846<x250>[B] (+0) -0.519762846<x251>[B] (+1) -0.519762846<x252>[B] (+0) -0.519762846<x253>[B] (+0) >= 34.9545454545455;
;
violation: left hand side is violated by 40.6719367588933
  [linear] <c3543>: <x254>[C] (+0) +0.519762846<x1>[B] (+0) +0.519762846<x2>[B] (+0) +0.519762846<x3>[B] (+0) +0.519762846<x4>[B] (+0) +0.519762846<x5>[B] (+0) +0.519762846<x6>[B] (+0) +0.519762846<x7>[B] (+0) +0.519762846<x8>[B] (+0) +0.519762846<x9>[B] (+0) +0.519762846<x10>[B] (+0) +0.519762846<x11>[B] (+0) +0.519762846<x12>[B] (+0) +0.519762846<x13>[B] (+0) +0.519762846<x14>[B] (+0) +0.519762846<x15>[B] (+0) +0.519762846<x16>[B] (+0) +0.519762846<x17>[B] (+0) +0.519762846<x18>[B] (+0) +0.519762846<x19>[B] (+0) +0.519762846<x20>[B] (+0) +0.519762846<x21>[B] (+0) +0.519762846<x22>[B] (+0) -0.519762846<x23>[B] (+0) -0.519762846<x24>[B] (+0) -0.519762846<x25>[B] (+0) -0.519762846<x26>[B] (+0) +0.519762846<x27>[B] (+0) -0.519762846<x28>[B] (+0) -0.519762846<x29>[B] (+0) -0.519762846<x30>[B] (+0) -0.519762846<x31>[B] (+0) -0.519762846<x32>[B] (+0) +0.519762846<x33>[B] (+0) -0.519762846<x34>[B] (+0) +0.519762846<x35>[B] (+0) -0.519762846<x36>[B] (+0) -0.519762846<x37>[B] (+0) -0.519762846<x38>[B] (+0) +0.519762846<x39>[B] (+0) -0.519762846<x40>[B] (+0) +0.519762846<x41>[B] (+0) -0.519762846<x42>[B] (+0) -0.519762846<x43>[B] (+0) -0.519762846<x44>[B] (+0) -0.519762846<x45>[B] (+0) +0.519762846<x46>[B] (+0) +0.519762846<x47>[B] (+0) +0.519762846<x48>[B] (+0) -0.519762846<x49>[B] (+0) +0.519762846<x50>[B] (+0) -0.519762846<x51>[B] (+0) -0.519762846<x52>[B] (+0) +0.519762846<x53>[B] (+0) -0.519762846<x54>[B] (+0) +0.519762846<x55>[B] (+0) -0.519762846<x56>[B] (+0) +0.519762846<x57>[B] (+0) +0.519762846<x58>[B] (+0) +0.519762846<x59>[B] (+0) -0.519762846<x60>[B] (+0) +0.519762846<x61>[B] (+0) +0.519762846<x62>[B] (+0) -0.519762846<x63>[B] (+0) -0.519762846<x64>[B] (+0) +0.519762846<x65>[B] (+0) +0.519762846<x66>[B] (+0) +0.519762846<x67>[B] (+0) -0.519762846<x68>[B] (+0) +0.519762846<x69>[B] (+0) -0.519762846<x70>[B] (+0) -0.519762846<x71>[B] (+0) +0.519762846<x72>[B] (+0) -0.519762846<x73>[B] (+0) +0.519762846<x74>[B] (+0) -0.519762846<x75>[B] (+0) +0.519762846<x76>[B] (+0) +0.519762846<x77>[B] (+0) +0.519762846<x78>[B] (+0) -0.519762846<x79>[B] (+0) +0.519762846<x80>[B] (+0) +0.519762846<x81>[B] (+0) -0.519762846<x82>[B] (+0) +0.519762846<x83>[B] (+0) +0.519762846<x84>[B] (+0) +0.519762846<x85>[B] (+0) +0.519762846<x86>[B] (+0) +0.519762846<x87>[B] (+0) +0.519762846<x88>[B] (+0) -0.519762846<x89>[B] (+0) +0.519762846<x90>[B] (+0) -0.519762846<x91>[B] (+0) +0.519762846<x92>[B] (+0) -0.519762846<x93>[B] (+0) +0.519762846<x94>[B] (+0) +0.519762846<x95>[B] (+0) +0.519762846<x96>[B] (+0) -0.519762846<x97>[B] (+0) +0.519762846<x98>[B] (+0) +0.519762846<x99>[B] (+0) -0.519762846<x100>[B] (+0) +0.519762846<x101>[B] (+0) +0.519762846<x102>[B] (+0) -0.519762846<x103>[B] (+0) +0.519762846<x104>[B] (+0) -0.519762846<x105>[B] (+0) -0.519762846<x106>[B] (+0) +0.519762846<x107>[B] (+0) -0.519762846<x108>[B] (+0) +0.519762846<x109>[B] (+0) -0.519762846<x110>[B] (+0) +0.519762846<x111>[B] (+0) +0.519762846<x112>[B] (+0) +0.519762846<x113>[B] (+0) -0.519762846<x114>[B] (+0) +0.519762846<x115>[B] (+0) +0.519762846<x116>[B] (+0) -0.519762846<x117>[B] (+0) -0.519762846<x118>[B] (+0) -0.519762846<x119>[B] (+0) -0.519762846<x120>[B] (+0) -0.519762846<x121>[B] (+0) -0.519762846<x122>[B] (+0) -0.519762846<x123>[B] (+0) -0.519762846<x124>[B] (+0) -0.519762846<x125>[B] (+0) -0.519762846<x126>[B] (+0) -0.519762846<x127>[B] (+0) -0.519762846<x128>[B] (+0) -0.519762846<x129>[B] (+0) -0.519762846<x130>[B] (+0) -0.519762846<x131>[B] (+0) -0.519762846<x132>[B] (+0) -0.519762846<x133>[B] (+0) -0.519762846<x134>[B] (+0) +0.519762846<x135>[B] (+0) -0.519762846<x136>[B] (+0) -0.519762846<x137>[B] (+0) +0.519762846<x138>[B] (+0) -0.519762846<x139>[B] (+0) +0.519762846<x140>[B] (+0) -0.519762846<x141>[B] (+0) +0.519762846<x142>[B] (+0) +0.519762846<x143>[B] (+0) +0.519762846<x144>[B] (+0) -0.519762846<x145>[B] (+0) +0.519762846<x146>[B] (+0) +0.519762846<x147>[B] (+0) -0.519762846<x148>[B] (+0) +0.519762846<x149>[B] (+0) -0.519762846<x150>[B] (+0) -0.519762846<x151>[B] (+0) +0.519762846<x152>[B] (+0) -0.519762846<x153>[B] (+0) +0.519762846<x154>[B] (+0) -0.519762846<x155>[B] (+0) +0.519762846<x156>[B] (+0) +0.519762846<x157>[B] (+0) +0.519762846<x158>[B] (+0) -0.519762846<x159>[B] (+0) +0.519762846<x160>[B] (+0) +0.519762846<x161>[B] (+0) -0.519762846<x162>[B] (+0) -0.519762846<x163>[B] (+0) -0.519762846<x164>[B] (+0) +0.519762846<x165>[B] (+0) -0.519762846<x166>[B] (+0) +0.519762846<x167>[B] (+0) -0.519762846<x168>[B] (+0) -0.519762846<x169>[B] (+0) -0.519762846<x170>[B] (+0) +0.519762846<x171>[B] (+0) -0.519762846<x172>[B] (+0) +0.519762846<x173>[B] (+0) -0.519762846<x174>[B] (+0) -0.519762846<x175>[B] (+0) -0.519762846<x176>[B] (+0) +0.519762846<x177>[B] (+0) -0.519762846<x178>[B] (+0) +0.519762846<x179>[B] (+0) -0.519762846<x180>[B] (+0) +0.519762846<x181>[B] (+0) +0.519762846<x182>[B] (+0) +0.519762846<x183>[B] (+0) -0.519762846<x184>[B] (+0) +0.519762846<x185>[B] (+0) +0.519762846<x186>[B] (+0) -0.519762846<x187>[B] (+0) +0.519762846<x188>[B] (+0) +0.519762846<x189>[B] (+0) +0.519762846<x190>[B] (+0) +0.519762846<x191>[B] (+0) +0.519762846<x192>[B] (+0) +0.519762846<x193>[B] (+0) +0.519762846<x194>[B] (+0) +0.519762846<x195>[B] (+0) +0.519762846<x196>[B] (+0) +0.519762846<x197>[B] (+0) -0.519762846<x198>[B] (+0) -0.519762846<x199>[B] (+0) -0.519762846<x200>[B] (+0) -0.519762846<x201>[B] (+0) -0.519762846<x202>[B] (+0) -0.519762846<x203>[B] (+0) -0.519762846<x204>[B] (+0) -0.519762846<x205>[B] (+0) +0.519762846<x206>[B] (+0) -0.519762846<x207>[B] (+0) -0.519762846<x208>[B] (+0) +0.519762846<x209>[B] (+0) +0.519762846<x210>[B] (+0) +0.519762846<x211>[B] (+0) +0.519762846<x212>[B] (+0) +0.519762846<x213>[B] (+0) +0.519762846<x214>[B] (+0) +0.519762846<x215>[B] (+0) +0.519762846<x216>[B] (+0) -0.519762846<x217>[B] (+0) -0.519762846<x218>[B] (+0) -0.519762846<x219>[B] (+0) -0.519762846<x220>[B] (+0) +0.519762846<x221>[B] (+0) -0.519762846<x222>[B] (+0) +0.519762846<x223>[B] (+0) -0.519762846<x224>[B] (+0) -0.519762846<x225>[B] (+0) +0.519762846<x226>[B] (+0) +0.519762846<x227>[B] (+0) +0.519762846<x228>[B] (+0) -0.519762846<x229>[B] (+0) +0.519762846<x230>[B] (+0) +0.519762846<x231>[B] (+0) -0.519762846<x232>[B] (+0) -0.519762846<x233>[B] (+0) +0.519762846<x234>[B] (+0) -0.519762846<x235>[B] (+0) +0.519762846<x236>[B] (+0) -0.519762846<x237>[B] (+0) -0.519762846<x238>[B] (+0) +0.519762846<x239>[B] (+0) -0.519762846<x240>[B] (+0) +0.519762846<x241>[B] (+0) +0.519762846<x242>[B] (+0) -0.519762846<x243>[B] (+0) -0.519762846<x244>[B] (+0) +0.519762846<x245>[B] (+0) -0.519762846<x246>[B] (+0) -0.519762846<x247>[B] (+0) +0.519762846<x248>[B] (+0) +0.519762846<x249>[B] (+0) -0.519762846<x250>[B] (+0) -0.519762846<x251>[B] (+0) -0.519762846<x252>[B] (+0) -0.519762846<x253>[B] (+0) >= 34.9545454545455;
;
violation: left hand side is violated by 34.9545454545455
  [linear] <c3543>: <x254>[C] (+0) +0.519762846<x1>[B] (+1) +0.519762846<x2>[B] (+1) +0.519762846<x3>[B] (+1) +0.519762846<x4>[B] (+1) +0.519762846<x5>[B] (+1) +0.519762846<x6>[B] (+1) +0.519762846<x7>[B] (+1) +0.519762846<x8>[B] (+1) +0.519762846<x9>[B] (+1) +0.519762846<x10>[B] (+1) +0.519762846<x11>[B] (+1) +0.519762846<x12>[B] (+1) +0.519762846<x13>[B] (+1) +0.519762846<x14>[B] (+1) +0.519762846<x15>[B] (+1) +0.519762846<x16>[B] (+1) +0.519762846<x17>[B] (+1) +0.519762846<x18>[B] (+1) +0.519762846<x19>[B] (+1) +0.519762846<x20>[B] (+1) +0.519762846<x21>[B] (+1) +0.519762846<x22>[B] (+1) -0.519762846<x23>[B] (+1) -0.519762846<x24>[B] (+1) -0.519762846<x25>[B] (+1) -0.519762846<x26>[B] (+1) +0.519762846<x27>[B] (+1) -0.519762846<x28>[B] (+1) -0.519762846<x29>[B] (+1) -0.519762846<x30>[B] (+1) -0.519762846<x31>[B] (+1) -0.519762846<x32>[B] (+1) +0.519762846<x33>[B] (+1) -0.519762846<x34>[B] (+1) +0.519762846<x35>[B] (+1) -0.519762846<x36>[B] (+1) -0.519762846<x37>[B] (+1) -0.519762846<x38>[B] (+1) +0.519762846<x39>[B] (+1) -0.519762846<x40>[B] (+1) +0.519762846<x41>[B] (+1) -0.519762846<x42>[B] (+1) -0.519762846<x43>[B] (+1) -0.519762846<x44>[B] (+1) -0.519762846<x45>[B] (+1) +0.519762846<x46>[B] (+1) +0.519762846<x47>[B] (+1) +0.519762846<x48>[B] (+1) -0.519762846<x49>[B] (+1) +0.519762846<x50>[B] (+1) -0.519762846<x51>[B] (+1) -0.519762846<x52>[B] (+1) +0.519762846<x53>[B] (+1) -0.519762846<x54>[B] (+1) +0.519762846<x55>[B] (+1) -0.519762846<x56>[B] (+1) +0.519762846<x57>[B] (+1) +0.519762846<x58>[B] (+1) +0.519762846<x59>[B] (+1) -0.519762846<x60>[B] (+1) +0.519762846<x61>[B] (+1) +0.519762846<x62>[B] (+1) -0.519762846<x63>[B] (+1) -0.519762846<x64>[B] (+1) +0.519762846<x65>[B] (+1) +0.519762846<x66>[B] (+1) +0.519762846<x67>[B] (+1) -0.519762846<x68>[B] (+1) +0.519762846<x69>[B] (+1) -0.519762846<x70>[B] (+1) -0.519762846<x71>[B] (+1) +0.519762846<x72>[B] (+1) -0.519762846<x73>[B] (+1) +0.519762846<x74>[B] (+1) -0.519762846<x75>[B] (+1) +0.519762846<x76>[B] (+1) +0.519762846<x77>[B] (+1) +0.519762846<x78>[B] (+1) -0.519762846<x79>[B] (+1) +0.519762846<x80>[B] (+1) +0.519762846<x81>[B] (+1) -0.519762846<x82>[B] (+1) +0.519762846<x83>[B] (+1) +0.519762846<x84>[B] (+1) +0.519762846<x85>[B] (+1) +0.519762846<x86>[B] (+1) +0.519762846<x87>[B] (+1) +0.519762846<x88>[B] (+1) -0.519762846<x89>[B] (+1) +0.519762846<x90>[B] (+1) -0.519762846<x91>[B] (+1) +0.519762846<x92>[B] (+1) -0.519762846<x93>[B] (+1) +0.519762846<x94>[B] (+1) +0.519762846<x95>[B] (+1) +0.519762846<x96>[B] (+1) -0.519762846<x97>[B] (+1) +0.519762846<x98>[B] (+1) +0.519762846<x99>[B] (+1) -0.519762846<x100>[B] (+1) +0.519762846<x101>[B] (+1) +0.519762846<x102>[B] (+1) -0.519762846<x103>[B] (+1) +0.519762846<x104>[B] (+1) -0.519762846<x105>[B] (+1) -0.519762846<x106>[B] (+1) +0.519762846<x107>[B] (+1) -0.519762846<x108>[B] (+1) +0.519762846<x109>[B] (+1) -0.519762846<x110>[B] (+1) +0.519762846<x111>[B] (+1) +0.519762846<x112>[B] (+1) +0.519762846<x113>[B] (+1) -0.519762846<x114>[B] (+1) +0.519762846<x115>[B] (+1) +0.519762846<x116>[B] (+1) -0.519762846<x117>[B] (+1) -0.519762846<x118>[B] (+1) -0.519762846<x119>[B] (+1) -0.519762846<x120>[B] (+1) -0.519762846<x121>[B] (+1) -0.519762846<x122>[B] (+1) -0.519762846<x123>[B] (+1) -0.519762846<x124>[B] (+1) -0.519762846<x125>[B] (+1) -0.519762846<x126>[B] (+1) -0.519762846<x127>[B] (+1) -0.519762846<x128>[B] (+1) -0.519762846<x129>[B] (+1) -0.519762846<x130>[B] (+1) -0.519762846<x131>[B] (+1) -0.519762846<x132>[B] (+1) -0.519762846<x133>[B] (+1) -0.519762846<x134>[B] (+1) +0.519762846<x135>[B] (+1) -0.519762846<x136>[B] (+1) -0.519762846<x137>[B] (+1) +0.519762846<x138>[B] (+1) -0.519762846<x139>[B] (+1) +0.519762846<x140>[B] (+1) -0.519762846<x141>[B] (+1) +0.519762846<x142>[B] (+1) +0.519762846<x143>[B] (+1) +0.519762846<x144>[B] (+1) -0.519762846<x145>[B] (+1) +0.519762846<x146>[B] (+1) +0.519762846<x147>[B] (+1) -0.519762846<x148>[B] (+1) +0.519762846<x149>[B] (+1) -0.519762846<x150>[B] (+1) -0.519762846<x151>[B] (+1) +0.519762846<x152>[B] (+1) -0.519762846<x153>[B] (+1) +0.519762846<x154>[B] (+1) -0.519762846<x155>[B] (+1) +0.519762846<x156>[B] (+1) +0.519762846<x157>[B] (+1) +0.519762846<x158>[B] (+1) -0.519762846<x159>[B] (+1) +0.519762846<x160>[B] (+1) +0.519762846<x161>[B] (+1) -0.519762846<x162>[B] (+1) -0.519762846<x163>[B] (+1) -0.519762846<x164>[B] (+1) +0.519762846<x165>[B] (+1) -0.519762846<x166>[B] (+1) +0.519762846<x167>[B] (+1) -0.519762846<x168>[B] (+1) -0.519762846<x169>[B] (+1) -0.519762846<x170>[B] (+1) +0.519762846<x171>[B] (+1) -0.519762846<x172>[B] (+1) +0.519762846<x173>[B] (+1) -0.519762846<x174>[B] (+1) -0.519762846<x175>[B] (+1) -0.519762846<x176>[B] (+1) +0.519762846<x177>[B] (+1) -0.519762846<x178>[B] (+1) +0.519762846<x179>[B] (+1) -0.519762846<x180>[B] (+1) +0.519762846<x181>[B] (+1) +0.519762846<x182>[B] (+1) +0.519762846<x183>[B] (+1) -0.519762846<x184>[B] (+1) +0.519762846<x185>[B] (+1) +0.519762846<x186>[B] (+1) -0.519762846<x187>[B] (+1) +0.519762846<x188>[B] (+1) +0.519762846<x189>[B] (+1) +0.519762846<x190>[B] (+1) +0.519762846<x191>[B] (+1) +0.519762846<x192>[B] (+1) +0.519762846<x193>[B] (+1) +0.519762846<x194>[B] (+1) +0.519762846<x195>[B] (+1) +0.519762846<x196>[B] (+1) +0.519762846<x197>[B] (+1) -0.519762846<x198>[B] (+1) -0.519762846<x199>[B] (+1) -0.519762846<x200>[B] (+1) -0.519762846<x201>[B] (+1) -0.519762846<x202>[B] (+1) -0.519762846<x203>[B] (+1) -0.519762846<x204>[B] (+1) -0.519762846<x205>[B] (+1) +0.519762846<x206>[B] (+1) -0.519762846<x207>[B] (+1) -0.519762846<x208>[B] (+1) +0.519762846<x209>[B] (+1) +0.519762846<x210>[B] (+1) +0.519762846<x211>[B] (+1) +0.519762846<x212>[B] (+1) +0.519762846<x213>[B] (+1) +0.519762846<x214>[B] (+1) +0.519762846<x215>[B] (+1) +0.519762846<x216>[B] (+1) -0.519762846<x217>[B] (+1) -0.519762846<x218>[B] (+1) -0.519762846<x219>[B] (+1) -0.519762846<x220>[B] (+1) +0.519762846<x221>[B] (+1) -0.519762846<x222>[B] (+1) +0.519762846<x223>[B] (+1) -0.519762846<x224>[B] (+1) -0.519762846<x225>[B] (+1) +0.519762846<x226>[B] (+1) +0.519762846<x227>[B] (+1) +0.519762846<x228>[B] (+1) -0.519762846<x229>[B] (+1) +0.519762846<x230>[B] (+1) +0.519762846<x231>[B] (+1) -0.519762846<x232>[B] (+1) -0.519762846<x233>[B] (+1) +0.519762846<x234>[B] (+1) -0.519762846<x235>[B] (+1) +0.519762846<x236>[B] (+1) -0.519762846<x237>[B] (+1) -0.519762846<x238>[B] (+1) +0.519762846<x239>[B] (+1) -0.519762846<x240>[B] (+1) +0.519762846<x241>[B] (+1) +0.519762846<x242>[B] (+1) -0.519762846<x243>[B] (+1) -0.519762846<x244>[B] (+1) +0.519762846<x245>[B] (+1) -0.519762846<x246>[B] (+1) -0.519762846<x247>[B] (+1) +0.519762846<x248>[B] (+1) +0.519762846<x249>[B] (+1) -0.519762846<x250>[B] (+1) -0.519762846<x251>[B] (+1) -0.519762846<x252>[B] (+1) -0.519762846<x253>[B] (+1) >= 34.9545454545455;
;
violation: left hand side is violated by 28.197628458498
1/5 feasible solution given by solution candidate storage, new primal bound -9.000374e+06

presolving:
   (0.0s) symmetry computation started: requiring (bin +, int +, cont +), (fixed: bin -, int -, cont -)
   (0.0s) no symmetry present (symcode time: 0.00)
presolving (0 rounds: 0 fast, 0 medium, 0 exhaustive):
 0 deleted vars, 0 deleted constraints, 0 added constraints, 0 tightened bounds, 0 added holes, 0 changed sides, 0 changed coefficients
 0 implications, 0 cliques, 0 implied integral variables (0 bin, 0 int, 0 cont)
presolved problem has 343 variables (253 bin, 0 int, 90 cont) and 3632 constraints
   3632 constraints of type <linear>
Presolving Time: 0.01
transformed 1/1 original solutions to the transformed problem space

 time | node  | left  |LP iter|LP it/n|mem/heur|mdpt |vars |cons |rows |cuts |sepa|confs|strbr|  dualbound   | primalbound  |  gap   | compl. 
p 0.0s|     1 |     0 |    57 |     - |   locks|   0 | 343 |3632 |3632 |   0 |  0 |   0 |   0 | 6.720000e+02 |-3.146227e+03 |    Inf | unknown
* 0.1s|     1 |     0 |   895 |     - |    LP  |   0 | 343 |3632 |3632 |   0 |  0 |   0 |   0 |-2.709676e+03 |-2.709676e+03 |   0.00%| unknown
  0.1s|     1 |     0 |   895 |     - |    24M |   0 | 343 |3632 |3632 |   0 |  0 |   0 |   0 |-2.709676e+03 |-2.709676e+03 |   0.00%| unknown

SCIP Status        : problem is solved [optimal solution found]
Solving Time (sec) : 0.12
Solving Nodes      : 1
Primal Bound       : -2.70967588932806e+03 (4 solutions)
Dual Bound         : -2.70967588932806e+03
Gap                : 0.00 %
  [linear] <c3633>: <x254>[C] (+26.6383399) +0.460474308<x1>[B] (+1) +0.460474308<x2>[B] (+1) +0.460474308<x3>[B] (+0) +0.460474308<x4>[B] (+0) +0.460474308<x5>[B] (+0) +0.460474308<x6>[B] (+1) +0.460474308<x7>[B] (+1) +0.460474308<x8>[B] (+1) +0.460474308<x9>[B] (+0) +0.460474308<x10>[B] (+1) +0.460474308<x11>[B] (+1) +0.460474308<x12>[B] (+1) +0.460474308<x13>[B] (+1) +0.460474308<x14>[B] (+1) +0.460474308<x15>[B] (+1) +0.460474308<x16>[B] (+0) +0.460474308<x17>[B] (+1) +0.460474308<x18>[B] (+1) +0.460474308<x19>[B] (+1) +0.460474308<x20>[B] (+0) +0.460474308<x21>[B] (+1) +0.460474308<x22>[B] (+0) -0.460474308<x23>[B] (+1) -0.460474308<x24>[B] (+0) -0.460474308<x25>[B] (+0) -0.460474308<x26>[B] (+0) +0.460474308<x27>[B] (+0) -0.460474308<x28>[B] (+1) -0.460474308<x29>[B] (+1) -0.460474308<x30>[B] (+0) -0.460474308<x31>[B] (+1) -0.460474308<x32>[B] (+0) +0.460474308<x33>[B] (+1) -0.460474308<x34>[B] (+0) +0.460474308<x35>[B] (+0) -0.460474308<x36>[B] (+1) -0.460474308<x37>[B] (+0) -0.460474308<x38>[B] (+0) +0.460474308<x39>[B] (+1) -0.460474308<x40>[B] (+0) +0.460474308<x41>[B] (+0) -0.460474308<x42>[B] (+1) -0.460474308<x43>[B] (+0) -0.460474308<x44>[B] (+0) -0.460474308<x45>[B] (+0) +0.460474308<x46>[B] (+0) +0.460474308<x47>[B] (+0) +0.460474308<x48>[B] (+0) -0.460474308<x49>[B] (+0) +0.460474308<x50>[B] (+0) -0.460474308<x51>[B] (+0) -0.460474308<x52>[B] (+0) +0.460474308<x53>[B] (+0) -0.460474308<x54>[B] (+0) +0.460474308<x55>[B] (+0) -0.460474308<x56>[B] (+0) +0.460474308<x57>[B] (+0) +0.460474308<x58>[B] (+0) +0.460474308<x59>[B] (+0) -0.460474308<x60>[B] (+0) +0.460474308<x61>[B] (+0) +0.460474308<x62>[B] (+0) -0.460474308<x63>[B] (+0) -0.460474308<x64>[B] (+0) +0.460474308<x65>[B] (+1) +0.460474308<x66>[B] (+1) +0.460474308<x67>[B] (+1) -0.460474308<x68>[B] (+1) +0.460474308<x69>[B] (+1) -0.460474308<x70>[B] (+1) -0.460474308<x71>[B] (+1) +0.460474308<x72>[B] (+1) -0.460474308<x73>[B] (+1) +0.460474308<x74>[B] (+1) -0.460474308<x75>[B] (+1) +0.460474308<x76>[B] (+0) +0.460474308<x77>[B] (+1) +0.460474308<x78>[B] (+1) -0.460474308<x79>[B] (+1) +0.460474308<x80>[B] (+1) +0.460474308<x81>[B] (+1) -0.460474308<x82>[B] (+1) +0.460474308<x83>[B] (+1) +0.460474308<x84>[B] (+1) +0.460474308<x85>[B] (+1) +0.460474308<x86>[B] (+1) +0.460474308<x87>[B] (+1) +0.460474308<x88>[B] (+1) -0.460474308<x89>[B] (+1) +0.460474308<x90>[B] (+1) -0.460474308<x91>[B] (+1) +0.460474308<x92>[B] (+1) -0.460474308<x93>[B] (+1) +0.460474308<x94>[B] (+1) +0.460474308<x95>[B] (+1) +0.460474308<x96>[B] (+1) -0.460474308<x97>[B] (+1) +0.460474308<x98>[B] (+1) +0.460474308<x99>[B] (+1) -0.460474308<x100>[B] (+1) +0.460474308<x101>[B] (+1) +0.460474308<x102>[B] (+1) -0.460474308<x103>[B] (+1) +0.460474308<x104>[B] (+1) -0.460474308<x105>[B] (+1) -0.460474308<x106>[B] (+1) +0.460474308<x107>[B] (+1) -0.460474308<x108>[B] (+1) +0.460474308<x109>[B] (+1) -0.460474308<x110>[B] (+1) +0.460474308<x111>[B] (+0) +0.460474308<x112>[B] (+1) +0.460474308<x113>[B] (+1) -0.460474308<x114>[B] (+1) +0.460474308<x115>[B] (+1) +0.460474308<x116>[B] (+1) -0.460474308<x117>[B] (+1) -0.460474308<x118>[B] (+1) -0.460474308<x119>[B] (+1) -0.460474308<x120>[B] (+0) -0.460474308<x121>[B] (+1) -0.460474308<x122>[B] (+0) -0.460474308<x123>[B] (+1) -0.460474308<x124>[B] (+1) -0.460474308<x125>[B] (+0) -0.460474308<x126>[B] (+1) -0.460474308<x127>[B] (+0) -0.460474308<x128>[B] (+0) -0.460474308<x129>[B] (+1) -0.460474308<x130>[B] (+0) -0.460474308<x131>[B] (+0) -0.460474308<x132>[B] (+1) -0.460474308<x133>[B] (+0) -0.460474308<x134>[B] (+1) +0.460474308<x135>[B] (+0) -0.460474308<x136>[B] (+1) -0.460474308<x137>[B] (+0) +0.460474308<x138>[B] (+1) -0.460474308<x139>[B] (+0) +0.460474308<x140>[B] (+0) -0.460474308<x141>[B] (+1) +0.460474308<x142>[B] (+0) +0.460474308<x143>[B] (+0) +0.460474308<x144>[B] (+1) -0.460474308<x145>[B] (+0) +0.460474308<x146>[B] (+0) +0.460474308<x147>[B] (+1) -0.460474308<x148>[B] (+0) +0.460474308<x149>[B] (+0) -0.460474308<x150>[B] (+0) -0.460474308<x151>[B] (+0) +0.460474308<x152>[B] (+0) -0.460474308<x153>[B] (+0) +0.460474308<x154>[B] (+0) -0.460474308<x155>[B] (+1) +0.460474308<x156>[B] (+0) +0.460474308<x157>[B] (+0) +0.460474308<x158>[B] (+1) -0.460474308<x159>[B] (+0) +0.460474308<x160>[B] (+0) +0.460474308<x161>[B] (+0) -0.460474308<x162>[B] (+0) -0.460474308<x163>[B] (+1) -0.460474308<x164>[B] (+1) +0.460474308<x165>[B] (+1) -0.460474308<x166>[B] (+1) +0.460474308<x167>[B] (+1) -0.460474308<x168>[B] (+1) -0.460474308<x169>[B] (+0) -0.460474308<x170>[B] (+1) +0.460474308<x171>[B] (+1) -0.460474308<x172>[B] (+1) +0.460474308<x173>[B] (+0) -0.460474308<x174>[B] (+1) -0.460474308<x175>[B] (+1) -0.460474308<x176>[B] (+0) +0.460474308<x177>[B] (+1) -0.460474308<x178>[B] (+0) +0.460474308<x179>[B] (+0) -0.460474308<x180>[B] (+1) +0.460474308<x181>[B] (+0) +0.460474308<x182>[B] (+0) +0.460474308<x183>[B] (+1) -0.460474308<x184>[B] (+0) +0.460474308<x185>[B] (+0) +0.460474308<x186>[B] (+0) -0.460474308<x187>[B] (+0) +0.460474308<x188>[B] (+1) +0.460474308<x189>[B] (+1) +0.460474308<x190>[B] (+0) +0.460474308<x191>[B] (+1) +0.460474308<x192>[B] (+0) +0.460474308<x193>[B] (+0) +0.460474308<x194>[B] (+1) +0.460474308<x195>[B] (+0) +0.460474308<x196>[B] (+0) +0.460474308<x197>[B] (+1) -0.460474308<x198>[B] (+0) -0.460474308<x199>[B] (+0) -0.460474308<x200>[B] (+0) -0.460474308<x201>[B] (+1) -0.460474308<x202>[B] (+0) -0.460474308<x203>[B] (+0) -0.460474308<x204>[B] (+1) -0.460474308<x205>[B] (+0) +0.460474308<x206>[B] (+0) -0.460474308<x207>[B] (+0) -0.460474308<x208>[B] (+0) +0.460474308<x209>[B] (+0) +0.460474308<x210>[B] (+1) +0.460474308<x211>[B] (+0) +0.460474308<x212>[B] (+0) +0.460474308<x213>[B] (+1) +0.460474308<x214>[B] (+0) +0.460474308<x215>[B] (+0) +0.460474308<x216>[B] (+1) -0.460474308<x217>[B] (+0) -0.460474308<x218>[B] (+1) -0.460474308<x219>[B] (+0) -0.460474308<x220>[B] (+1) +0.460474308<x221>[B] (+1) -0.460474308<x222>[B] (+0) +0.460474308<x223>[B] (+0) -0.460474308<x224>[B] (+1) -0.460474308<x225>[B] (+0) +0.460474308<x226>[B] (+0) +0.460474308<x227>[B] (+0) +0.460474308<x228>[B] (+1) -0.460474308<x229>[B] (+0) +0.460474308<x230>[B] (+0) +0.460474308<x231>[B] (+0) -0.460474308<x232>[B] (+0) -0.460474308<x233>[B] (+1) +0.460474308<x234>[B] (+1) -0.460474308<x235>[B] (+1) +0.460474308<x236>[B] (+1) -0.460474308<x237>[B] (+1) -0.460474308<x238>[B] (+1) +0.460474308<x239>[B] (+1) -0.460474308<x240>[B] (+0) +0.460474308<x241>[B] (+0) +0.460474308<x242>[B] (+1) -0.460474308<x243>[B] (+0) -0.460474308<x244>[B] (+0) +0.460474308<x245>[B] (+0) -0.460474308<x246>[B] (+0) -0.460474308<x247>[B] (+0) +0.460474308<x248>[B] (+0) +0.460474308<x249>[B] (+1) -0.460474308<x250>[B] (+0) -0.460474308<x251>[B] (+1) -0.460474308<x252>[B] (+1) -0.460474308<x253>[B] (+0) >= 34.4209486166008;
;
violation: left hand side is violated by 0.415019762845837
  [linear] <c3633>: <x254>[C] (+19.3616601) +0.460474308<x1>[B] (+1) +0.460474308<x2>[B] (+1) +0.460474308<x3>[B] (+1) +0.460474308<x4>[B] (+1) +0.460474308<x5>[B] (+1) +0.460474308<x6>[B] (+1) +0.460474308<x7>[B] (+1) +0.460474308<x8>[B] (+1) +0.460474308<x9>[B] (+1) +0.460474308<x10>[B] (+1) +0.460474308<x11>[B] (+1) +0.460474308<x12>[B] (+1) +0.460474308<x13>[B] (+1) +0.460474308<x14>[B] (+1) +0.460474308<x15>[B] (+0) +0.460474308<x16>[B] (+1) +0.460474308<x17>[B] (+1) +0.460474308<x18>[B] (+0) +0.460474308<x19>[B] (+1) +0.460474308<x20>[B] (+1) +0.460474308<x21>[B] (+1) +0.460474308<x22>[B] (+1) -0.460474308<x23>[B] (+0) -0.460474308<x24>[B] (+0) -0.460474308<x25>[B] (+1) -0.460474308<x26>[B] (+0) +0.460474308<x27>[B] (+0) -0.460474308<x28>[B] (+0) -0.460474308<x29>[B] (+0) -0.460474308<x30>[B] (+1) -0.460474308<x31>[B] (+0) -0.460474308<x32>[B] (+0) +0.460474308<x33>[B] (+0) -0.460474308<x34>[B] (+0) +0.460474308<x35>[B] (+1) -0.460474308<x36>[B] (+0) -0.460474308<x37>[B] (+1) -0.460474308<x38>[B] (+0) +0.460474308<x39>[B] (+0) -0.460474308<x40>[B] (+0) +0.460474308<x41>[B] (+1) -0.460474308<x42>[B] (+0) -0.460474308<x43>[B] (+1) -0.460474308<x44>[B] (+1) -0.460474308<x45>[B] (+1) +0.460474308<x46>[B] (+1) +0.460474308<x47>[B] (+1) +0.460474308<x48>[B] (+1) -0.460474308<x49>[B] (+1) +0.460474308<x50>[B] (+1) -0.460474308<x51>[B] (+1) -0.460474308<x52>[B] (+1) +0.460474308<x53>[B] (+1) -0.460474308<x54>[B] (+1) +0.460474308<x55>[B] (+1) -0.460474308<x56>[B] (+0) +0.460474308<x57>[B] (+1) +0.460474308<x58>[B] (+1) +0.460474308<x59>[B] (+0) -0.460474308<x60>[B] (+1) +0.460474308<x61>[B] (+1) +0.460474308<x62>[B] (+1) -0.460474308<x63>[B] (+1) -0.460474308<x64>[B] (+1) +0.460474308<x65>[B] (+0) +0.460474308<x66>[B] (+0) +0.460474308<x67>[B] (+0) -0.460474308<x68>[B] (+0) +0.460474308<x69>[B] (+1) -0.460474308<x70>[B] (+0) -0.460474308<x71>[B] (+0) +0.460474308<x72>[B] (+0) -0.460474308<x73>[B] (+0) +0.460474308<x74>[B] (+1) -0.460474308<x75>[B] (+0) +0.460474308<x76>[B] (+1) +0.460474308<x77>[B] (+0) +0.460474308<x78>[B] (+0) -0.460474308<x79>[B] (+0) +0.460474308<x80>[B] (+1) +0.460474308<x81>[B] (+0) -0.460474308<x82>[B] (+1) +0.460474308<x83>[B] (+0) +0.460474308<x84>[B] (+0) +0.460474308<x85>[B] (+0) +0.460474308<x86>[B] (+0) +0.460474308<x87>[B] (+1) +0.460474308<x88>[B] (+0) -0.460474308<x89>[B] (+0) +0.460474308<x90>[B] (+0) -0.460474308<x91>[B] (+0) +0.460474308<x92>[B] (+1) -0.460474308<x93>[B] (+0) +0.460474308<x94>[B] (+1) +0.460474308<x95>[B] (+0) +0.460474308<x96>[B] (+0) -0.460474308<x97>[B] (+0) +0.460474308<x98>[B] (+0) +0.460474308<x99>[B] (+0) -0.460474308<x100>[B] (+1) +0.460474308<x101>[B] (+0) +0.460474308<x102>[B] (+0) -0.460474308<x103>[B] (+0) +0.460474308<x104>[B] (+1) -0.460474308<x105>[B] (+0) -0.460474308<x106>[B] (+0) +0.460474308<x107>[B] (+0) -0.460474308<x108>[B] (+0) +0.460474308<x109>[B] (+1) -0.460474308<x110>[B] (+0) +0.460474308<x111>[B] (+1) +0.460474308<x112>[B] (+0) +0.460474308<x113>[B] (+0) -0.460474308<x114>[B] (+0) +0.460474308<x115>[B] (+1) +0.460474308<x116>[B] (+0) -0.460474308<x117>[B] (+1) -0.460474308<x118>[B] (+0) -0.460474308<x119>[B] (+0) -0.460474308<x120>[B] (+1) -0.460474308<x121>[B] (+0) -0.460474308<x122>[B] (+0) -0.460474308<x123>[B] (+0) -0.460474308<x124>[B] (+0) -0.460474308<x125>[B] (+1) -0.460474308<x126>[B] (+0) -0.460474308<x127>[B] (+1) -0.460474308<x128>[B] (+0) -0.460474308<x129>[B] (+0) -0.460474308<x130>[B] (+0) -0.460474308<x131>[B] (+1) -0.460474308<x132>[B] (+0) -0.460474308<x133>[B] (+1) -0.460474308<x134>[B] (+1) +0.460474308<x135>[B] (+1) -0.460474308<x136>[B] (+1) -0.460474308<x137>[B] (+1) +0.460474308<x138>[B] (+1) -0.460474308<x139>[B] (+1) +0.460474308<x140>[B] (+1) -0.460474308<x141>[B] (+0) +0.460474308<x142>[B] (+1) +0.460474308<x143>[B] (+1) +0.460474308<x144>[B] (+0) -0.460474308<x145>[B] (+1) +0.460474308<x146>[B] (+1) +0.460474308<x147>[B] (+1) -0.460474308<x148>[B] (+1) +0.460474308<x149>[B] (+1) -0.460474308<x150>[B] (+0) -0.460474308<x151>[B] (+0) +0.460474308<x152>[B] (+1) -0.460474308<x153>[B] (+1) +0.460474308<x154>[B] (+1) -0.460474308<x155>[B] (+0) +0.460474308<x156>[B] (+1) +0.460474308<x157>[B] (+1) +0.460474308<x158>[B] (+0) -0.460474308<x159>[B] (+1) +0.460474308<x160>[B] (+1) +0.460474308<x161>[B] (+1) -0.460474308<x162>[B] (+1) -0.460474308<x163>[B] (+0) -0.460474308<x164>[B] (+0) +0.460474308<x165>[B] (+0) -0.460474308<x166>[B] (+0) +0.460474308<x167>[B] (+1) -0.460474308<x168>[B] (+0) -0.460474308<x169>[B] (+1) -0.460474308<x170>[B] (+0) +0.460474308<x171>[B] (+0) -0.460474308<x172>[B] (+0) +0.460474308<x173>[B] (+0) -0.460474308<x174>[B] (+0) -0.460474308<x175>[B] (+1) -0.460474308<x176>[B] (+1) +0.460474308<x177>[B] (+1) -0.460474308<x178>[B] (+1) +0.460474308<x179>[B] (+1) -0.460474308<x180>[B] (+0) +0.460474308<x181>[B] (+1) +0.460474308<x182>[B] (+1) +0.460474308<x183>[B] (+0) -0.460474308<x184>[B] (+1) +0.460474308<x185>[B] (+1) +0.460474308<x186>[B] (+1) -0.460474308<x187>[B] (+1) +0.460474308<x188>[B] (+1) +0.460474308<x189>[B] (+1) +0.460474308<x190>[B] (+1) +0.460474308<x191>[B] (+0) +0.460474308<x192>[B] (+1) +0.460474308<x193>[B] (+1) +0.460474308<x194>[B] (+0) +0.460474308<x195>[B] (+1) +0.460474308<x196>[B] (+1) +0.460474308<x197>[B] (+1) -0.460474308<x198>[B] (+1) -0.460474308<x199>[B] (+1) -0.460474308<x200>[B] (+1) -0.460474308<x201>[B] (+0) -0.460474308<x202>[B] (+1) -0.460474308<x203>[B] (+1) -0.460474308<x204>[B] (+0) -0.460474308<x205>[B] (+1) +0.460474308<x206>[B] (+1) -0.460474308<x207>[B] (+1) -0.460474308<x208>[B] (+1) +0.460474308<x209>[B] (+1) +0.460474308<x210>[B] (+0) +0.460474308<x211>[B] (+1) +0.460474308<x212>[B] (+1) +0.460474308<x213>[B] (+0) +0.460474308<x214>[B] (+1) +0.460474308<x215>[B] (+1) +0.460474308<x216>[B] (+1) -0.460474308<x217>[B] (+1) -0.460474308<x218>[B] (+0) -0.460474308<x219>[B] (+0) -0.460474308<x220>[B] (+0) +0.460474308<x221>[B] (+0) -0.460474308<x222>[B] (+0) +0.460474308<x223>[B] (+0) -0.460474308<x224>[B] (+0) -0.460474308<x225>[B] (+1) +0.460474308<x226>[B] (+1) +0.460474308<x227>[B] (+1) +0.460474308<x228>[B] (+1) -0.460474308<x229>[B] (+1) +0.460474308<x230>[B] (+1) +0.460474308<x231>[B] (+1) -0.460474308<x232>[B] (+1) -0.460474308<x233>[B] (+0) +0.460474308<x234>[B] (+0) -0.460474308<x235>[B] (+0) +0.460474308<x236>[B] (+0) -0.460474308<x237>[B] (+0) -0.460474308<x238>[B] (+1) +0.460474308<x239>[B] (+0) -0.460474308<x240>[B] (+1) +0.460474308<x241>[B] (+1) +0.460474308<x242>[B] (+0) -0.460474308<x243>[B] (+1) -0.460474308<x244>[B] (+1) +0.460474308<x245>[B] (+1) -0.460474308<x246>[B] (+1) -0.460474308<x247>[B] (+1) +0.460474308<x248>[B] (+1) +0.460474308<x249>[B] (+0) -0.460474308<x250>[B] (+1) -0.460474308<x251>[B] (+0) -0.460474308<x252>[B] (+1) -0.460474308<x253>[B] (+1) >= 34.4209486166008;
;
violation: left hand side is violated by 1.24505928853756
2/4 feasible solutions given by solution candidate storage, new primal bound -9.000374e+06

presolving:
   (0.0s) symmetry computation started: requiring (bin +, int +, cont +), (fixed: bin -, int -, cont -)
   (0.0s) no symmetry present (symcode time: 0.00)
presolving (0 rounds: 0 fast, 0 medium, 0 exhaustive):
 0 deleted vars, 0 deleted constraints, 0 added constraints, 0 tightened bounds, 0 added holes, 0 changed sides, 0 changed coefficients
 0 implications, 0 cliques, 0 implied integral variables (0 bin, 0 int, 0 cont)
presolved problem has 343 variables (253 bin, 0 int, 90 cont) and 3717 constraints
   3717 constraints of type <linear>
Presolving Time: 0.02
transformed 2/2 original solutions to the transformed problem space

 time | node  | left  |LP iter|LP it/n|mem/heur|mdpt |vars |cons |rows |cuts |sepa|confs|strbr|  dualbound   | primalbound  |  gap   | compl. 
p 0.1s|     1 |     0 |    37 |     - |   locks|   0 | 343 |3717 |3717 |   0 |  0 |   0 |   0 | 6.720000e+02 |-3.241123e+03 |    Inf | unknown
  0.2s|     1 |     0 |  1392 |     - |    38M |   0 | 343 |3717 |3717 |   0 |  0 |   0 |   0 |-2.718832e+03 |-3.241123e+03 |  19.21%| unknown
r 0.2s|     1 |     0 |  1392 |     - |shifting|   0 | 343 |3718 |3717 |   0 |  0 |   1 |   0 |-2.718832e+03 |-2.992443e+03 |  10.06%| unknown
  0.6s|     1 |     0 |  1432 |     - |    45M |   0 | 343 |3718 |3719 |   2 |  1 |   1 |   0 |-2.718953e+03 |-2.992443e+03 |  10.06%| unknown
r 0.6s|     1 |     0 |  1432 |     - |shifting|   0 | 343 |3718 |3719 |   2 |  1 |   1 |   0 |-2.718953e+03 |-2.928915e+03 |   7.72%| unknown
  0.6s|     1 |     0 |  1432 |     - |    45M |   0 | 343 |3718 |3719 |   2 |  1 |   1 |   0 |-2.718953e+03 |-2.928915e+03 |   7.72%| unknown
  0.9s|     1 |     0 |  1500 |     - |    47M |   0 | 343 |3718 |3722 |   5 |  2 |   1 |   0 |-2.719167e+03 |-2.928915e+03 |   7.71%| unknown
  1.3s|     1 |     0 |  1532 |     - |    52M |   0 | 343 |3718 |3723 |   6 |  3 |   1 |   0 |-2.719235e+03 |-2.928915e+03 |   7.71%| unknown
r 1.3s|     1 |     0 |  1532 |     - |shifting|   0 | 343 |3718 |3723 |   6 |  3 |   1 |   0 |-2.719235e+03 |-2.906573e+03 |   6.89%| unknown
  1.7s|     1 |     0 |  1596 |     - |    57M |   0 | 343 |3718 |3725 |   8 |  4 |   1 |   0 |-2.719327e+03 |-2.906573e+03 |   6.89%| unknown
  2.2s|     1 |     0 |  1663 |     - |    64M |   0 | 343 |3719 |3728 |  11 |  5 |   2 |   0 |-2.719384e+03 |-2.906573e+03 |   6.88%| unknown
  2.7s|     1 |     0 |  1736 |     - |    70M |   0 | 343 |3719 |3729 |  12 |  6 |   2 |   0 |-2.719414e+03 |-2.906573e+03 |   6.88%| unknown
  3.2s|     1 |     0 |  1760 |     - |    79M |   0 | 343 |3719 |3730 |  13 |  7 |   2 |   0 |-2.719422e+03 |-2.906573e+03 |   6.88%| unknown
  3.6s|     1 |     0 |  1779 |     - |    88M |   0 | 343 |3719 |3731 |  14 |  8 |   2 |   0 |-2.719427e+03 |-2.906573e+03 |   6.88%| unknown
  4.1s|     1 |     0 |  1866 |     - |    96M |   0 | 343 |3719 |3733 |  16 |  9 |   2 |   0 |-2.719464e+03 |-2.906573e+03 |   6.88%| unknown
 time | node  | left  |LP iter|LP it/n|mem/heur|mdpt |vars |cons |rows |cuts |sepa|confs|strbr|  dualbound   | primalbound  |  gap   | compl. 
  4.6s|     1 |     0 |  1900 |     - |    99M |   0 | 343 |3719 |3734 |  17 | 10 |   2 |   0 |-2.719475e+03 |-2.906573e+03 |   6.88%| unknown
  4.7s|     1 |     0 |  1915 |     - |    99M |   0 | 343 |3719 |3735 |  18 | 11 |   2 |   0 |-2.719477e+03 |-2.906573e+03 |   6.88%| unknown
r 4.7s|     1 |     0 |  2058 |     - |intshift|   0 | 343 |3719 |3735 |  18 | 11 |   2 |   0 |-2.719477e+03 |-2.762103e+03 |   1.57%| unknown
d 4.8s|     1 |     0 |  2792 |     - |farkasdi|   0 | 343 |3719 |3735 |   0 | 11 |   2 |   0 |-2.719477e+03 |-2.727300e+03 |   0.29%| unknown
L 5.1s|     1 |     0 |  2792 |     - |    rens|   0 | 343 |3721 |3735 |  18 | 11 |   7 |   0 |-2.719477e+03 |-2.722458e+03 |   0.11%| unknown
  5.1s|     1 |     0 |  2792 |     - |    99M |   0 | 343 |3721 |3735 |  18 | 11 |   7 |   0 |-2.719477e+03 |-2.722458e+03 |   0.11%| unknown
  5.1s|     1 |     0 |  2792 |     - |    99M |   0 | 343 |3721 |2579 |  18 | 11 |   7 |   0 |-2.719477e+03 |-2.722458e+03 |   0.11%| unknown
  5.2s|     1 |     0 |  2799 |     - |   100M |   0 | 343 |3721 |2580 |  19 | 12 |   7 |   0 |-2.719478e+03 |-2.722458e+03 |   0.11%| unknown
  5.2s|     1 |     0 |  2800 |     - |   100M |   0 | 343 |3721 |2581 |  20 | 13 |   7 |   0 |-2.719478e+03 |-2.722458e+03 |   0.11%| unknown
  5.2s|     1 |     0 |  2800 |     - |   100M |   0 | 343 |2424 |2581 |  20 | 13 |   7 |   0 |-2.719478e+03 |-2.722458e+03 |   0.11%| unknown
  5.2s|     1 |     0 |  2806 |     - |   100M |   0 | 343 |2424 |2582 |  21 | 14 |   7 |   0 |-2.719478e+03 |-2.722458e+03 |   0.11%| unknown
  5.2s|     1 |     0 |  2807 |     - |   100M |   0 | 343 |2425 |2583 |  22 | 15 |   8 |   0 |-2.719478e+03 |-2.722458e+03 |   0.11%| unknown
(run 1, node 1) restarting after 65 global fixings of integer variables

(restart) converted 22 cuts from the global cut pool into linear constraints

presolving:
presolving (0 rounds: 0 fast, 0 medium, 0 exhaustive):
 0 deleted vars, 0 deleted constraints, 0 added constraints, 0 tightened bounds, 0 added holes, 0 changed sides, 0 changed coefficients
 0 implications, 0 cliques, 0 implied integral variables (0 bin, 0 int, 0 cont)
presolved problem has 343 variables (253 bin, 0 int, 90 cont) and 2445 constraints
   2442 constraints of type <linear>
      3 constraints of type <logicor>
Presolving Time: 0.03
transformed 17/23 original solutions to the transformed problem space

 time | node  | left  |LP iter|LP it/n|mem/heur|mdpt |vars |cons |rows |cuts |sepa|confs|strbr|  dualbound   | primalbound  |  gap   | compl. 
  5.4s|     1 |     0 |  4331 |     - |    92M |   0 | 343 |2445 |2415 |   0 |  0 |   8 |   0 |-2.719478e+03 |-2.722458e+03 |   0.11%| unknown
  5.5s|     1 |     0 |  4331 |     - |    92M |   0 | 343 |2445 |2356 |   0 |  0 |   8 |   0 |-2.719478e+03 |-2.722458e+03 |   0.11%| unknown
  5.8s|     1 |     0 |  4369 |     - |    92M |   0 | 343 |2445 |2357 |   1 |  1 |   8 |   0 |-2.719489e+03 |-2.722458e+03 |   0.11%| unknown
  6.1s|     1 |     0 |  4426 |     - |    94M |   0 | 343 |2445 |2358 |   2 |  2 |   8 |   0 |-2.719499e+03 |-2.722458e+03 |   0.11%| unknown
  6.1s|     1 |     0 |  4426 |     - |    94M |   0 | 343 |2445 |2338 |   2 |  2 |   8 |   0 |-2.719499e+03 |-2.722458e+03 |   0.11%| unknown
  6.5s|     1 |     0 |  4454 |     - |    94M |   0 | 343 |2445 |2339 |   3 |  3 |   8 |   0 |-2.719501e+03 |-2.722458e+03 |   0.11%| unknown
  6.8s|     1 |     0 |  4501 |     - |    95M |   0 | 343 |2445 |2340 |   4 |  4 |   8 |   0 |-2.719505e+03 |-2.722458e+03 |   0.11%| unknown
  7.2s|     1 |     0 |  4567 |     - |    95M |   0 | 343 |2445 |2342 |   6 |  5 |   8 |   0 |-2.719515e+03 |-2.722458e+03 |   0.11%| unknown
  7.2s|     1 |     0 |  4567 |     - |    95M |   0 | 343 |2445 |2330 |   6 |  5 |   8 |   0 |-2.719515e+03 |-2.722458e+03 |   0.11%| unknown
  7.5s|     1 |     0 |  4577 |     - |    98M |   0 | 343 |2445 |2331 |   7 |  6 |   8 |   0 |-2.719515e+03 |-2.722458e+03 |   0.11%| unknown
  7.9s|     1 |     0 |  4616 |     - |    99M |   0 | 343 |2445 |2332 |   8 |  7 |   8 |   0 |-2.719524e+03 |-2.722458e+03 |   0.11%| unknown
  8.2s|     1 |     0 |  4663 |     - |   100M |   0 | 343 |2446 |2333 |   9 |  8 |   9 |   0 |-2.719533e+03 |-2.722458e+03 |   0.11%| unknown
  8.2s|     1 |     0 |  4663 |     - |   100M |   0 | 343 |2446 |2316 |   9 |  8 |   9 |   0 |-2.719533e+03 |-2.722458e+03 |   0.11%| unknown
  8.6s|     1 |     0 |  4725 |     - |   105M |   0 | 343 |2446 |2317 |  10 |  9 |   9 |   0 |-2.719544e+03 |-2.722458e+03 |   0.11%| unknown
  8.6s|     1 |     0 |  4725 |     - |   105M |   0 | 343 |2446 |2297 |  10 |  9 |   9 |   0 |-2.719544e+03 |-2.722458e+03 |   0.11%| unknown
 time | node  | left  |LP iter|LP it/n|mem/heur|mdpt |vars |cons |rows |cuts |sepa|confs|strbr|  dualbound   | primalbound  |  gap   | compl. 
  8.9s|     1 |     0 |  4733 |     - |   114M |   0 | 343 |2445 |2298 |  11 | 10 |   9 |   0 |-2.719545e+03 |-2.722458e+03 |   0.11%| unknown
  9.0s|     1 |     0 |  4750 |     - |   114M |   0 | 343 |2445 |2299 |  12 | 11 |   9 |   0 |-2.719546e+03 |-2.722458e+03 |   0.11%| unknown
  9.0s|     1 |     0 |  4750 |     - |   114M |   0 | 343 |2274 |2299 |  12 | 11 |   9 |   0 |-2.719546e+03 |-2.722458e+03 |   0.11%| unknown
  9.0s|     1 |     0 |  4780 |     - |   114M |   0 | 343 |2274 |2300 |  13 | 12 |   9 |   0 |-2.719547e+03 |-2.722458e+03 |   0.11%| unknown
  9.1s|     1 |     0 |  4790 |     - |   114M |   0 | 343 |2274 |2301 |  14 | 13 |   9 |   0 |-2.719548e+03 |-2.722458e+03 |   0.11%| unknown
  9.2s|     1 |     0 |  4821 |     - |   114M |   0 | 343 |2274 |2292 |  15 | 14 |   9 |   0 |-2.719553e+03 |-2.722458e+03 |   0.11%| unknown
  9.2s|     1 |     0 |  4837 |     - |   115M |   0 | 343 |2274 |2293 |  16 | 15 |   9 |   0 |-2.719554e+03 |-2.722458e+03 |   0.11%| unknown
  9.3s|     1 |     0 |  4856 |     - |   115M |   0 | 343 |2274 |2294 |  17 | 16 |   9 |   0 |-2.719555e+03 |-2.722458e+03 |   0.11%| unknown
  9.3s|     1 |     0 |  4863 |     - |   115M |   0 | 343 |2274 |2295 |  18 | 17 |   9 |   0 |-2.719555e+03 |-2.722458e+03 |   0.11%| unknown
  9.4s|     1 |     0 |  4886 |     - |   115M |   0 | 343 |2274 |2296 |  19 | 18 |   9 |   0 |-2.719557e+03 |-2.722458e+03 |   0.11%| unknown
  9.5s|     1 |     0 |  4930 |     - |   116M |   0 | 343 |2274 |2297 |  20 | 19 |   9 |   0 |-2.719560e+03 |-2.722458e+03 |   0.11%| unknown
  9.5s|     1 |     0 |  4944 |     - |   116M |   0 | 343 |2274 |2292 |  21 | 20 |   9 |   0 |-2.719561e+03 |-2.722458e+03 |   0.11%| unknown
  9.6s|     1 |     0 |  4951 |     - |   116M |   0 | 343 |2274 |2293 |  22 | 21 |   9 |   0 |-2.719561e+03 |-2.722458e+03 |   0.11%| unknown
  9.6s|     1 |     0 |  4962 |     - |   116M |   0 | 343 |2274 |2294 |  23 | 22 |   9 |   0 |-2.719561e+03 |-2.722458e+03 |   0.11%| unknown
 11.6s|     1 |     0 |  5725 |     - |   116M |   0 | 343 |2223 |2294 |  23 | 22 |  21 |  35 |-2.721076e+03 |-2.722458e+03 |   0.05%| unknown
 time | node  | left  |LP iter|LP it/n|mem/heur|mdpt |vars |cons |rows |cuts |sepa|confs|strbr|  dualbound   | primalbound  |  gap   | compl. 
 11.6s|     1 |     0 |  5725 |     - |   116M |   0 | 343 |2223 |1806 |  23 | 22 |  21 |  35 |-2.721076e+03 |-2.722458e+03 |   0.05%| unknown
 11.7s|     1 |     0 |  5725 |     - |   116M |   0 | 343 |1679 |1806 |  23 | 23 |  21 |  35 |-2.721076e+03 |-2.722458e+03 |   0.05%| unknown
 11.8s|     1 |     0 |  5819 |     - |   116M |   0 | 343 |1680 |1806 |  23 | 24 |  23 |  37 |-2.721076e+03 |-2.722458e+03 |   0.05%| unknown
 11.8s|     1 |     0 |  5819 |     - |   116M |   0 | 343 |1680 |1418 |  23 | 24 |  23 |  37 |-2.721076e+03 |-2.722458e+03 |   0.05%| unknown
 11.8s|     1 |     0 |  5819 |     - |   116M |   0 | 343 |1357 |1418 |  23 | 25 |  23 |  37 |-2.721076e+03 |-2.722458e+03 |   0.05%| unknown
 11.9s|     1 |     0 |  5819 |     - |   116M |   0 | 343 |1357 |1418 |  23 | 26 |  23 |  38 |-2.721344e+03 |-2.722458e+03 |   0.04%| unknown
 11.9s|     1 |     0 |  5819 |     - |   116M |   0 | 343 |1357 |1418 |  23 | 27 |  23 |  39 |-2.721459e+03 |-2.722458e+03 |   0.04%| unknown
 12.0s|     1 |     0 |  5865 |     - |   116M |   0 | 343 |1253 |1418 |  23 | 28 |  33 |  43 |-2.721459e+03 |-2.722458e+03 |   0.04%| unknown
 12.0s|     1 |     0 |  5865 |     - |   116M |   0 | 343 |1253 |1123 |  23 | 28 |  33 |  43 |-2.721459e+03 |-2.722458e+03 |   0.04%| unknown
 12.0s|     1 |     0 |  5865 |     - |   116M |   0 | 343 |1178 |1123 |  23 | 29 |  33 |  43 |-2.721459e+03 |-2.722458e+03 |   0.04%| unknown
 12.1s|     1 |     0 |  5891 |     - |   116M |   0 | 343 |1134 |1123 |  23 | 30 |  35 |  44 |-2.721573e+03 |-2.722458e+03 |   0.03%| unknown
 12.1s|     1 |     0 |  5891 |     - |   116M |   0 | 343 |1134 |1040 |  23 | 30 |  35 |  44 |-2.721573e+03 |-2.722458e+03 |   0.03%| unknown
 12.1s|     1 |     0 |  5891 |     - |   116M |   0 | 343 |1114 |1040 |  23 | 31 |  35 |  44 |-2.721573e+03 |-2.722458e+03 |   0.03%| unknown
 12.2s|     1 |     0 |  5914 |     - |   116M |   0 | 343 |1103 |1040 |  23 | 32 |  37 |  46 |-2.721738e+03 |-2.722458e+03 |   0.03%| unknown
 12.2s|     1 |     0 |  5914 |     - |   116M |   0 | 343 |1104 | 992 |  23 | 32 |  38 |  46 |-2.721738e+03 |-2.722458e+03 |   0.03%| unknown
 time | node  | left  |LP iter|LP it/n|mem/heur|mdpt |vars |cons |rows |cuts |sepa|confs|strbr|  dualbound   | primalbound  |  gap   | compl. 
 12.2s|     1 |     0 |  5914 |     - |   116M |   0 | 343 |1057 | 992 |  23 | 33 |  38 |  46 |-2.721738e+03 |-2.722458e+03 |   0.03%| unknown
 12.3s|     1 |     0 |  5927 |     - |   116M |   0 | 343 |1015 | 992 |  23 | 34 |  40 |  47 |-2.721738e+03 |-2.722458e+03 |   0.03%| unknown
 12.3s|     1 |     0 |  5927 |     - |   116M |   0 | 343 |1015 | 912 |  23 | 34 |  40 |  47 |-2.721738e+03 |-2.722458e+03 |   0.03%| unknown
 12.3s|     1 |     0 |  5927 |     - |   116M |   0 | 343 | 987 | 912 |  23 | 35 |  40 |  47 |-2.721738e+03 |-2.722458e+03 |   0.03%| unknown
 12.3s|     1 |     0 |  5940 |     - |   116M |   0 | 343 | 977 | 912 |  23 | 36 |  43 |  50 |-2.722130e+03 |-2.722458e+03 |   0.01%| unknown
 12.4s|     1 |     0 |  5940 |     - |   116M |   0 | 343 | 977 | 873 |  23 | 36 |  43 |  50 |-2.722130e+03 |-2.722458e+03 |   0.01%| unknown
 12.4s|     1 |     0 |  5940 |     - |   116M |   0 | 343 | 960 | 873 |  23 | 37 |  43 |  50 |-2.722130e+03 |-2.722458e+03 |   0.01%| unknown
 12.4s|     1 |     0 |  5944 |     - |   116M |   0 | 343 | 875 | 873 |  23 | 38 |  45 |  51 |-2.722130e+03 |-2.722458e+03 |   0.01%| unknown
 12.4s|     1 |     0 |  5944 |     - |   116M |   0 | 343 | 875 | 793 |  23 | 38 |  45 |  51 |-2.722130e+03 |-2.722458e+03 |   0.01%| unknown
 12.4s|     1 |     0 |  5944 |     - |   116M |   0 | 343 | 844 | 793 |  23 | 39 |  45 |  51 |-2.722130e+03 |-2.722458e+03 |   0.01%| unknown
 12.5s|     1 |     2 |  5944 |     - |   116M |   0 | 343 | 844 | 793 |  23 | 40 |  45 |  51 |-2.722130e+03 |-2.722458e+03 |   0.01%| unknown

SCIP Status        : problem is solved [optimal solution found]
Solving Time (sec) : 12.49
Solving Nodes      : 3 (total of 4 nodes in 2 runs)
Primal Bound       : -2.72245849802372e+03 (55 solutions)
Dual Bound         : -2.72245849802372e+03
Gap                : 0.00 %
  [linear] <c3718>: <x254>[C] (+29.3557312) +0.480237154<x1>[B] (+1) +0.480237154<x2>[B] (+1) +0.480237154<x3>[B] (+0) +0.480237154<x4>[B] (+0) +0.480237154<x5>[B] (+1) +0.480237154<x6>[B] (+1) +0.480237154<x7>[B] (+1) +0.480237154<x8>[B] (+1) +0.480237154<x9>[B] (+1) +0.480237154<x10>[B] (+1) +0.480237154<x11>[B] (+1) +0.480237154<x12>[B] (+1) +0.480237154<x13>[B] (+1) +0.480237154<x14>[B] (+1) +0.480237154<x15>[B] (+1) +0.480237154<x16>[B] (+1) +0.480237154<x17>[B] (+1) +0.480237154<x18>[B] (+1) +0.480237154<x19>[B] (+1) +0.480237154<x20>[B] (+0) +0.480237154<x21>[B] (+1) +0.480237154<x22>[B] (+0) -0.480237154<x23>[B] (+1) -0.480237154<x24>[B] (+0) -0.480237154<x25>[B] (+0) -0.480237154<x26>[B] (+0) +0.480237154<x27>[B] (+1) -0.480237154<x28>[B] (+1) -0.480237154<x29>[B] (+1) -0.480237154<x30>[B] (+0) -0.480237154<x31>[B] (+1) -0.480237154<x32>[B] (+0) +0.480237154<x33>[B] (+1) -0.480237154<x34>[B] (+0) +0.480237154<x35>[B] (+0) -0.480237154<x36>[B] (+1) -0.480237154<x37>[B] (+0) -0.480237154<x38>[B] (+0) +0.480237154<x39>[B] (+0) -0.480237154<x40>[B] (+0) +0.480237154<x41>[B] (+0) -0.480237154<x42>[B] (+1) -0.480237154<x43>[B] (+0) -0.480237154<x44>[B] (+0) -0.480237154<x45>[B] (+0) +0.480237154<x46>[B] (+0) +0.480237154<x47>[B] (+0) +0.480237154<x48>[B] (+0) -0.480237154<x49>[B] (+0) +0.480237154<x50>[B] (+0) -0.480237154<x51>[B] (+0) -0.480237154<x52>[B] (+0) +0.480237154<x53>[B] (+0) -0.480237154<x54>[B] (+0) +0.480237154<x55>[B] (+0) -0.480237154<x56>[B] (+1) +0.480237154<x57>[B] (+0) +0.480237154<x58>[B] (+0) +0.480237154<x59>[B] (+0) -0.480237154<x60>[B] (+0) +0.480237154<x61>[B] (+0) +0.480237154<x62>[B] (+0) -0.480237154<x63>[B] (+0) -0.480237154<x64>[B] (+0) +0.480237154<x65>[B] (+1) +0.480237154<x66>[B] (+1) +0.480237154<x67>[B] (+1) -0.480237154<x68>[B] (+1) +0.480237154<x69>[B] (+1) -0.480237154<x70>[B] (+1) -0.480237154<x71>[B] (+1) +0.480237154<x72>[B] (+1) -0.480237154<x73>[B] (+1) +0.480237154<x74>[B] (+1) -0.480237154<x75>[B] (+1) +0.480237154<x76>[B] (+1) +0.480237154<x77>[B] (+1) +0.480237154<x78>[B] (+1) -0.480237154<x79>[B] (+1) +0.480237154<x80>[B] (+1) +0.480237154<x81>[B] (+1) -0.480237154<x82>[B] (+1) +0.480237154<x83>[B] (+1) +0.480237154<x84>[B] (+1) +0.480237154<x85>[B] (+1) +0.480237154<x86>[B] (+1) +0.480237154<x87>[B] (+1) +0.480237154<x88>[B] (+1) -0.480237154<x89>[B] (+1) +0.480237154<x90>[B] (+1) -0.480237154<x91>[B] (+1) +0.480237154<x92>[B] (+1) -0.480237154<x93>[B] (+1) +0.480237154<x94>[B] (+1) +0.480237154<x95>[B] (+1) +0.480237154<x96>[B] (+1) -0.480237154<x97>[B] (+1) +0.480237154<x98>[B] (+1) +0.480237154<x99>[B] (+1) -0.480237154<x100>[B] (+1) +0.480237154<x101>[B] (+1) +0.480237154<x102>[B] (+1) -0.480237154<x103>[B] (+1) +0.480237154<x104>[B] (+1) -0.480237154<x105>[B] (+1) -0.480237154<x106>[B] (+1) +0.480237154<x107>[B] (+1) -0.480237154<x108>[B] (+1) +0.480237154<x109>[B] (+1) -0.480237154<x110>[B] (+1) +0.480237154<x111>[B] (+0) +0.480237154<x112>[B] (+1) +0.480237154<x113>[B] (+0) -0.480237154<x114>[B] (+1) +0.480237154<x115>[B] (+0) +0.480237154<x116>[B] (+1) -0.480237154<x117>[B] (+0) -0.480237154<x118>[B] (+1) -0.480237154<x119>[B] (+1) -0.480237154<x120>[B] (+0) -0.480237154<x121>[B] (+0) -0.480237154<x122>[B] (+0) -0.480237154<x123>[B] (+1) -0.480237154<x124>[B] (+0) -0.480237154<x125>[B] (+0) -0.480237154<x126>[B] (+1) -0.480237154<x127>[B] (+0) -0.480237154<x128>[B] (+0) -0.480237154<x129>[B] (+0) -0.480237154<x130>[B] (+0) -0.480237154<x131>[B] (+0) -0.480237154<x132>[B] (+1) -0.480237154<x133>[B] (+0) -0.480237154<x134>[B] (+1) +0.480237154<x135>[B] (+0) -0.480237154<x136>[B] (+0) -0.480237154<x137>[B] (+0) +0.480237154<x138>[B] (+1) -0.480237154<x139>[B] (+0) +0.480237154<x140>[B] (+0) -0.480237154<x141>[B] (+1) +0.480237154<x142>[B] (+0) +0.480237154<x143>[B] (+0) +0.480237154<x144>[B] (+0) -0.480237154<x145>[B] (+0) +0.480237154<x146>[B] (+0) +0.480237154<x147>[B] (+1) -0.480237154<x148>[B] (+0) +0.480237154<x149>[B] (+0) -0.480237154<x150>[B] (+0) -0.480237154<x151>[B] (+0) +0.480237154<x152>[B] (+0) -0.480237154<x153>[B] (+0) +0.480237154<x154>[B] (+0) -0.480237154<x155>[B] (+1) +0.480237154<x156>[B] (+0) +0.480237154<x157>[B] (+0) +0.480237154<x158>[B] (+0) -0.480237154<x159>[B] (+0) +0.480237154<x160>[B] (+0) +0.480237154<x161>[B] (+0) -0.480237154<x162>[B] (+0) -0.480237154<x163>[B] (+1) -0.480237154<x164>[B] (+1) +0.480237154<x165>[B] (+1) -0.480237154<x166>[B] (+1) +0.480237154<x167>[B] (+0) -0.480237154<x168>[B] (+1) -0.480237154<x169>[B] (+0) -0.480237154<x170>[B] (+1) +0.480237154<x171>[B] (+0) -0.480237154<x172>[B] (+1) +0.480237154<x173>[B] (+0) -0.480237154<x174>[B] (+1) -0.480237154<x175>[B] (+0) -0.480237154<x176>[B] (+0) +0.480237154<x177>[B] (+1) -0.480237154<x178>[B] (+0) +0.480237154<x179>[B] (+0) -0.480237154<x180>[B] (+1) +0.480237154<x181>[B] (+0) +0.480237154<x182>[B] (+0) +0.480237154<x183>[B] (+0) -0.480237154<x184>[B] (+0) +0.480237154<x185>[B] (+0) +0.480237154<x186>[B] (+1) -0.480237154<x187>[B] (+0) +0.480237154<x188>[B] (+1) +0.480237154<x189>[B] (+0) +0.480237154<x190>[B] (+0) +0.480237154<x191>[B] (+1) +0.480237154<x192>[B] (+0) +0.480237154<x193>[B] (+0) +0.480237154<x194>[B] (+0) +0.480237154<x195>[B] (+0) +0.480237154<x196>[B] (+0) +0.480237154<x197>[B] (+1) -0.480237154<x198>[B] (+0) -0.480237154<x199>[B] (+0) -0.480237154<x200>[B] (+0) -0.480237154<x201>[B] (+1) -0.480237154<x202>[B] (+0) -0.480237154<x203>[B] (+0) -0.480237154<x204>[B] (+0) -0.480237154<x205>[B] (+0) +0.480237154<x206>[B] (+0) -0.480237154<x207>[B] (+0) -0.480237154<x208>[B] (+0) +0.480237154<x209>[B] (+0) +0.480237154<x210>[B] (+1) +0.480237154<x211>[B] (+0) +0.480237154<x212>[B] (+0) +0.480237154<x213>[B] (+0) +0.480237154<x214>[B] (+0) +0.480237154<x215>[B] (+0) +0.480237154<x216>[B] (+1) -0.480237154<x217>[B] (+0) -0.480237154<x218>[B] (+1) -0.480237154<x219>[B] (+0) -0.480237154<x220>[B] (+1) +0.480237154<x221>[B] (+0) -0.480237154<x222>[B] (+1) +0.480237154<x223>[B] (+0) -0.480237154<x224>[B] (+1) -0.480237154<x225>[B] (+0) +0.480237154<x226>[B] (+0) +0.480237154<x227>[B] (+0) +0.480237154<x228>[B] (+0) -0.480237154<x229>[B] (+0) +0.480237154<x230>[B] (+0) +0.480237154<x231>[B] (+0) -0.480237154<x232>[B] (+0) -0.480237154<x233>[B] (+1) +0.480237154<x234>[B] (+0) -0.480237154<x235>[B] (+1) +0.480237154<x236>[B] (+0) -0.480237154<x237>[B] (+1) -0.480237154<x238>[B] (+0) +0.480237154<x239>[B] (+0) -0.480237154<x240>[B] (+0) +0.480237154<x241>[B] (+0) +0.480237154<x242>[B] (+1) -0.480237154<x243>[B] (+0) -0.480237154<x244>[B] (+1) +0.480237154<x245>[B] (+0) -0.480237154<x246>[B] (+1) -0.480237154<x247>[B] (+0) +0.480237154<x248>[B] (+0) +0.480237154<x249>[B] (+1) -0.480237154<x250>[B] (+0) -0.480237154<x251>[B] (+1) -0.480237154<x252>[B] (+0) -0.480237154<x253>[B] (+0) >= 34.697628458498;
;
violation: left hand side is violated by 0.0592885375493921
  [linear] <c3719>: <x255>[C] (+35.3083004) -0.559288538<x1>[B] (+1) -0.559288538<x2>[B] (+1) +0.559288538<x3>[B] (+0) -0.559288538<x4>[B] (+0) -0.559288538<x5>[B] (+0) -0.559288538<x6>[B] (+1) -0.559288538<x7>[B] (+1) -0.559288538<x8>[B] (+1) -0.559288538<x9>[B] (+0) -0.559288538<x10>[B] (+1) -0.559288538<x11>[B] (+1) -0.559288538<x12>[B] (+1) -0.559288538<x13>[B] (+1) +0.559288538<x14>[B] (+1) +0.559288538<x15>[B] (+1) -0.559288538<x16>[B] (+0) +0.559288538<x17>[B] (+1) +0.559288538<x18>[B] (+0) +0.559288538<x19>[B] (+1) +0.559288538<x20>[B] (+0) -0.559288538<x21>[B] (+1) +0.559288538<x22>[B] (+0) -0.559288538<x23>[B] (+1) +0.559288538<x24>[B] (+0) -0.559288538<x25>[B] (+0) -0.559288538<x26>[B] (+0) -0.559288538<x27>[B] (+0) -0.559288538<x28>[B] (+1) -0.559288538<x29>[B] (+1) -0.559288538<x30>[B] (+0) -0.559288538<x31>[B] (+1) -0.559288538<x32>[B] (+0) -0.559288538<x33>[B] (+1) -0.559288538<x34>[B] (+0) +0.559288538<x35>[B] (+0) +0.559288538<x36>[B] (+1) -0.559288538<x37>[B] (+0) +0.559288538<x38>[B] (+0) +0.559288538<x39>[B] (+0) +0.559288538<x40>[B] (+0) +0.559288538<x41>[B] (+0) -0.559288538<x42>[B] (+1) +0.559288538<x43>[B] (+0) +0.559288538<x44>[B] (+0) -0.559288538<x45>[B] (+0) -0.559288538<x46>[B] (+0) +0.559288538<x47>[B] (+0) -0.559288538<x48>[B] (+0) +0.559288538<x49>[B] (+0) -0.559288538<x50>[B] (+0) -0.559288538<x51>[B] (+0) -0.559288538<x52>[B] (+0) -0.559288538<x53>[B] (+0) +0.559288538<x54>[B] (+0) +0.559288538<x55>[B] (+0) +0.559288538<x56>[B] (+1) -0.559288538<x57>[B] (+0) +0.559288538<x58>[B] (+0) +0.559288538<x59>[B] (+0) +0.559288538<x60>[B] (+0) +0.559288538<x61>[B] (+0) +0.559288538<x62>[B] (+0) +0.559288538<x63>[B] (+0) -0.559288538<x64>[B] (+0) -0.559288538<x65>[B] (+1) -0.559288538<x66>[B] (+1) -0.559288538<x67>[B] (+1) -0.559288538<x68>[B] (+1) -0.559288538<x69>[B] (+1) -0.559288538<x70>[B] (+1) -0.559288538<x71>[B] (+1) -0.559288538<x72>[B] (+1) -0.559288538<x73>[B] (+1) -0.559288538<x74>[B] (+1) -0.559288538<x75>[B] (+1) -0.559288538<x76>[B] (+0) -0.559288538<x77>[B] (+1) -0.559288538<x78>[B] (+1) -0.559288538<x79>[B] (+1) -0.559288538<x80>[B] (+1) -0.559288538<x81>[B] (+1) -0.559288538<x82>[B] (+1) +0.559288538<x83>[B] (+1) +0.559288538<x84>[B] (+1) +0.559288538<x85>[B] (+1) +0.559288538<x86>[B] (+1) +0.559288538<x87>[B] (+1) +0.559288538<x88>[B] (+1) +0.559288538<x89>[B] (+1) +0.559288538<x90>[B] (+1) +0.559288538<x91>[B] (+1) +0.559288538<x92>[B] (+1) +0.559288538<x93>[B] (+1) +0.559288538<x94>[B] (+1) +0.559288538<x95>[B] (+1) +0.559288538<x96>[B] (+1) +0.559288538<x97>[B] (+1) +0.559288538<x98>[B] (+1) +0.559288538<x99>[B] (+1) +0.559288538<x100>[B] (+1) +0.559288538<x101>[B] (+1) -0.559288538<x102>[B] (+1) +0.559288538<x103>[B] (+1) -0.559288538<x104>[B] (+1) +0.559288538<x105>[B] (+1) +0.559288538<x106>[B] (+1) +0.559288538<x107>[B] (+1) +0.559288538<x108>[B] (+1) +0.559288538<x109>[B] (+1) +0.559288538<x110>[B] (+1) -0.559288538<x111>[B] (+0) +0.559288538<x112>[B] (+1) +0.559288538<x113>[B] (+0) +0.559288538<x114>[B] (+1) +0.559288538<x115>[B] (+0) +0.559288538<x116>[B] (+1) +0.559288538<x117>[B] (+0) -0.559288538<x118>[B] (+1) -0.559288538<x119>[B] (+1) -0.559288538<x120>[B] (+0) -0.559288538<x121>[B] (+1) -0.559288538<x122>[B] (+0) -0.559288538<x123>[B] (+1) -0.559288538<x124>[B] (+2.12274642e-13) +0.559288538<x125>[B] (+0) +0.559288538<x126>[B] (+1) -0.559288538<x127>[B] (+0) +0.559288538<x128>[B] (+0) +0.559288538<x129>[B] (+0) +0.559288538<x130>[B] (+0) +0.559288538<x131>[B] (+0) +0.559288538<x132>[B] (+1) +0.559288538<x133>[B] (+0) +0.559288538<x134>[B] (+1) -0.559288538<x135>[B] (+0) +0.559288538<x136>[B] (+1) +0.559288538<x137>[B] (+0) +0.559288538<x138>[B] (+1) +0.559288538<x139>[B] (+0) +0.559288538<x140>[B] (+0) +0.559288538<x141>[B] (+1) -0.559288538<x142>[B] (+0) +0.559288538<x143>[B] (+0) +0.559288538<x144>[B] (+0) +0.559288538<x145>[B] (+0) +0.559288538<x146>[B] (+0) +0.559288538<x147>[B] (+1) +0.559288538<x148>[B] (+0) -0.559288538<x149>[B] (+0) -0.559288538<x150>[B] (+0) -0.559288538<x151>[B] (+0) -0.559288538<x152>[B] (+0) -0.559288538<x153>[B] (+0) +0.559288538<x154>[B] (+0) +0.559288538<x155>[B] (+1) -0.559288538<x156>[B] (+0) +0.559288538<x157>[B] (+0) +0.559288538<x158>[B] (+0) +0.559288538<x159>[B] (+0) +0.559288538<x160>[B] (+0) +0.559288538<x161>[B] (+0) +0.559288538<x162>[B] (+0) +0.559288538<x163>[B] (+1) +0.559288538<x164>[B] (+1) +0.559288538<x165>[B] (+1) +0.559288538<x166>[B] (+1) +0.559288538<x167>[B] (+1) +0.559288538<x168>[B] (+1) +0.559288538<x169>[B] (+0) +0.559288538<x170>[B] (+1) +0.559288538<x171>[B] (+0) +0.559288538<x172>[B] (+1) +0.559288538<x173>[B] (+0) +0.559288538<x174>[B] (+1) +0.559288538<x175>[B] (+0) -0.559288538<x176>[B] (+0) -0.559288538<x177>[B] (+1) +0.559288538<x178>[B] (+0) +0.559288538<x179>[B] (+0) +0.559288538<x180>[B] (+1) -0.559288538<x181>[B] (+0) +0.559288538<x182>[B] (+0) +0.559288538<x183>[B] (+0) +0.559288538<x184>[B] (+0) +0.559288538<x185>[B] (+0) +0.559288538<x186>[B] (+0) +0.559288538<x187>[B] (+0) +0.559288538<x188>[B] (+1) +0.559288538<x189>[B] (+1) +0.559288538<x190>[B] (+0) +0.559288538<x191>[B] (+1) -0.559288538<x192>[B] (+0) +0.559288538<x193>[B] (+0) +0.559288538<x194>[B] (+0) +0.559288538<x195>[B] (+0) +0.559288538<x196>[B] (+0) +0.559288538<x197>[B] (+1) +0.559288538<x198>[B] (+0) +0.559288538<x199>[B] (+0) +0.559288538<x200>[B] (+0) +0.559288538<x201>[B] (+1) -0.559288538<x202>[B] (+0) +0.559288538<x203>[B] (+0) +0.559288538<x204>[B] (+0) +0.559288538<x205>[B] (+0) +0.559288538<x206>[B] (+0) +0.559288538<x207>[B] (+0) +0.559288538<x208>[B] (+0) +0.559288538<x209>[B] (+0) +0.559288538<x210>[B] (+1) -0.559288538<x211>[B] (+0) +0.559288538<x212>[B] (+0) +0.559288538<x213>[B] (+0) +0.559288538<x214>[B] (+0) +0.559288538<x215>[B] (+0) +0.559288538<x216>[B] (+1) +0.559288538<x217>[B] (+0) +0.559288538<x218>[B] (+1) -0.559288538<x219>[B] (+0) +0.559288538<x220>[B] (+1) -0.559288538<x221>[B] (+0) +0.559288538<x222>[B] (+1) +0.559288538<x223>[B] (+0) -0.559288538<x224>[B] (+1) +0.559288538<x225>[B] (+0) -0.559288538<x226>[B] (+0) -0.559288538<x227>[B] (+0) -0.559288538<x228>[B] (+0) +0.559288538<x229>[B] (+0) -0.559288538<x230>[B] (+0) -0.559288538<x231>[B] (+0) +0.559288538<x232>[B] (+0) +0.559288538<x233>[B] (+1) +0.559288538<x234>[B] (+1) +0.559288538<x235>[B] (+1) +0.559288538<x236>[B] (+1) +0.559288538<x237>[B] (+1) +0.559288538<x238>[B] (+1) -0.559288538<x239>[B] (+0) +0.559288538<x240>[B] (+0) +0.559288538<x241>[B] (+0) -0.559288538<x242>[B] (+1) +0.559288538<x243>[B] (+0) +0.559288538<x244>[B] (+1) +0.559288538<x245>[B] (+0) -0.559288538<x246>[B] (+1) +0.559288538<x247>[B] (+0) -0.559288538<x248>[B] (+0) -0.559288538<x249>[B] (+1) -0.559288538<x250>[B] (+0) -0.559288538<x251>[B] (+1) +0.559288538<x252>[B] (+0) +0.559288538<x253>[B] (+0) >= 49.3577075098814;
;
violation: left hand side is violated by 0.0671936758893636
  [linear] <c3720>: <x257>[C] (+29.8952569) -0.484189723<x1>[B] (+1) +0.484189723<x2>[B] (+1) +0.484189723<x3>[B] (+1) +0.484189723<x4>[B] (+0) -0.484189723<x5>[B] (+1) +0.484189723<x6>[B] (+1) +0.484189723<x7>[B] (+1) +0.484189723<x8>[B] (+1) +0.484189723<x9>[B] (+1) -0.484189723<x10>[B] (+1) -0.484189723<x11>[B] (+1) -0.484189723<x12>[B] (+1) -0.484189723<x13>[B] (+1) +0.484189723<x14>[B] (+1) +0.484189723<x15>[B] (+1) +0.484189723<x16>[B] (+1) +0.484189723<x17>[B] (+1) -0.484189723<x18>[B] (+1) +0.484189723<x19>[B] (+1) +0.484189723<x20>[B] (+0) +0.484189723<x21>[B] (+1) +0.484189723<x22>[B] (+0) +0.484189723<x23>[B] (+1) +0.484189723<x24>[B] (-3.73034936e-14) +0.484189723<x25>[B] (+0) -0.484189723<x26>[B] (+0) +0.484189723<x27>[B] (+1) +0.484189723<x28>[B] (+1) +0.484189723<x29>[B] (+1) +0.484189723<x30>[B] (+0) -0.484189723<x31>[B] (+1) +0.484189723<x32>[B] (+1) -0.484189723<x33>[B] (+1) -0.484189723<x34>[B] (+0) +0.484189723<x35>[B] (+0) +0.484189723<x36>[B] (+1) +0.484189723<x37>[B] (+0) +0.484189723<x38>[B] (+1) -0.484189723<x39>[B] (+0) +0.484189723<x40>[B] (-3.73034936e-14) +0.484189723<x41>[B] (+0) +0.484189723<x42>[B] (+1) +0.484189723<x43>[B] (+0) -0.484189723<x44>[B] (+0) -0.484189723<x45>[B] (+0) -0.484189723<x46>[B] (+0) -0.484189723<x47>[B] (+0) +0.484189723<x48>[B] (+0) -0.484189723<x49>[B] (+0) -0.484189723<x50>[B] (+0) -0.484189723<x51>[B] (+0) -0.484189723<x52>[B] (+0) -0.484189723<x53>[B] (+0) -0.484189723<x54>[B] (+0) -0.484189723<x55>[B] (+0) +0.484189723<x56>[B] (+1) -0.484189723<x57>[B] (+0) -0.484189723<x58>[B] (+0) -0.484189723<x59>[B] (+0) -0.484189723<x60>[B] (+0) +0.484189723<x61>[B] (+0) -0.484189723<x62>[B] (+0) +0.484189723<x63>[B] (+0) -0.484189723<x64>[B] (+0) -0.484189723<x65>[B] (+1) +0.484189723<x66>[B] (+1) +0.484189723<x67>[B] (+1) -0.484189723<x68>[B] (+1) +0.484189723<x69>[B] (+1) -0.484189723<x70>[B] (+1) -0.484189723<x71>[B] (+1) -0.484189723<x72>[B] (+1) -0.484189723<x73>[B] (+1) +0.484189723<x74>[B] (+0) +0.484189723<x75>[B] (+1) -0.484189723<x76>[B] (+0) -0.484189723<x77>[B] (+1) -0.484189723<x78>[B] (+0) +0.484189723<x79>[B] (+1) +0.484189723<x80>[B] (+1.87627691e-14) +0.484189723<x81>[B] (+1) +0.484189723<x82>[B] (+0) -0.484189723<x83>[B] (+1) +0.484189723<x84>[B] (+1) +0.484189723<x85>[B] (+1) +0.484189723<x86>[B] (+1) +0.484189723<x87>[B] (+1) -0.484189723<x88>[B] (+1) -0.484189723<x89>[B] (+1) -0.484189723<x90>[B] (+1) -0.484189723<x91>[B] (+1) +0.484189723<x92>[B] (+1) +0.484189723<x93>[B] (+1) -0.484189723<x94>[B] (+1) +0.484189723<x95>[B] (+1) -0.484189723<x96>[B] (+1) +0.484189723<x97>[B] (+1) +0.484189723<x98>[B] (+1) +0.484189723<x99>[B] (+1) +0.484189723<x100>[B] (+1) +0.484189723<x101>[B] (+1) +0.484189723<x102>[B] (+1) +0.484189723<x103>[B] (+1) +0.484189723<x104>[B] (+1) +0.484189723<x105>[B] (+1) +0.484189723<x106>[B] (+1) -0.484189723<x107>[B] (+1) +0.484189723<x108>[B] (+1) +0.484189723<x109>[B] (-3.73034936e-14) +0.484189723<x110>[B] (+1) +0.484189723<x111>[B] (+0) +0.484189723<x112>[B] (+1) +0.484189723<x113>[B] (+0) +0.484189723<x114>[B] (+1) +0.484189723<x115>[B] (+0) +0.484189723<x116>[B] (+1) +0.484189723<x117>[B] (+0) +0.484189723<x118>[B] (+1) -0.484189723<x119>[B] (+0) +0.484189723<x120>[B] (+0) -0.484189723<x121>[B] (+0) -0.484189723<x122>[B] (+0) -0.484189723<x123>[B] (+1) -0.484189723<x124>[B] (+0) +0.484189723<x125>[B] (+0) +0.484189723<x126>[B] (+1) -0.484189723<x127>[B] (+0) -0.484189723<x128>[B] (+0) -0.484189723<x129>[B] (+0) -0.484189723<x130>[B] (+0) +0.484189723<x131>[B] (+0) -0.484189723<x132>[B] (+0) +0.484189723<x133>[B] (+0) -0.484189723<x134>[B] (+0) -0.484189723<x135>[B] (+0) -0.484189723<x136>[B] (+0) -0.484189723<x137>[B] (+0) -0.484189723<x138>[B] (+1) -0.484189723<x139>[B] (+0) -0.484189723<x140>[B] (+0) -0.484189723<x141>[B] (+1) -0.484189723<x142>[B] (+0) -0.484189723<x143>[B] (+0) -0.484189723<x144>[B] (+0) -0.484189723<x145>[B] (+0) -0.484189723<x146>[B] (+0) -0.484189723<x147>[B] (+0) -0.484189723<x148>[B] (+0) +0.484189723<x149>[B] (+0) -0.484189723<x150>[B] (+1) -0.484189723<x151>[B] (+1) -0.484189723<x152>[B] (+1) -0.484189723<x153>[B] (+0) +0.484189723<x154>[B] (+0) +0.484189723<x155>[B] (+1) -0.484189723<x156>[B] (+0) -0.484189723<x157>[B] (+0) -0.484189723<x158>[B] (+0) +0.484189723<x159>[B] (+0) +0.484189723<x160>[B] (+0) +0.484189723<x161>[B] (+0) +0.484189723<x162>[B] (+0) -0.484189723<x163>[B] (+1) -0.484189723<x164>[B] (+1) -0.484189723<x165>[B] (+1) -0.484189723<x166>[B] (+1) +0.484189723<x167>[B] (-1.87627691e-14) +0.484189723<x168>[B] (+1) -0.484189723<x169>[B] (+0) -0.484189723<x170>[B] (+1) -0.484189723<x171>[B] (+0) -0.484189723<x172>[B] (+1) +0.484189723<x173>[B] (+0) -0.484189723<x174>[B] (+1) +0.484189723<x175>[B] (+0) +0.484189723<x176>[B] (+0) -0.484189723<x177>[B] (+1) +0.484189723<x178>[B] (+0) +0.484189723<x179>[B] (+0) +0.484189723<x180>[B] (+1) +0.484189723<x181>[B] (+0) +0.484189723<x182>[B] (+0) -0.484189723<x183>[B] (+0) +0.484189723<x184>[B] (+0) +0.484189723<x185>[B] (+0) +0.484189723<x186>[B] (+0) +0.484189723<x187>[B] (+0) -0.484189723<x188>[B] (+1) -0.484189723<x189>[B] (+0) +0.484189723<x190>[B] (+0) +0.484189723<x191>[B] (+1) +0.484189723<x192>[B] (+0) +0.484189723<x193>[B] (+0) -0.484189723<x194>[B] (+0) +0.484189723<x195>[B] (+0) +0.484189723<x196>[B] (+0) +0.484189723<x197>[B] (+0) +0.484189723<x198>[B] (+0) +0.484189723<x199>[B] (+0) +0.484189723<x200>[B] (+0) +0.484189723<x201>[B] (+1) +0.484189723<x202>[B] (+0) +0.484189723<x203>[B] (+0) +0.484189723<x204>[B] (+0) +0.484189723<x205>[B] (+0) +0.484189723<x206>[B] (+0) +0.484189723<x207>[B] (+0) +0.484189723<x208>[B] (+0) +0.484189723<x209>[B] (+0) +0.484189723<x210>[B] (+1) +0.484189723<x211>[B] (+0) +0.484189723<x212>[B] (+1) -0.484189723<x213>[B] (+0) +0.484189723<x214>[B] (+0) +0.484189723<x215>[B] (+0) +0.484189723<x216>[B] (+1) +0.484189723<x217>[B] (+0) +0.484189723<x218>[B] (+1) -0.484189723<x219>[B] (+1) -0.484189723<x220>[B] (+1) -0.484189723<x221>[B] (+0) -0.484189723<x222>[B] (+1) +0.484189723<x223>[B] (+1.87627691e-14) -0.484189723<x224>[B] (+1) +0.484189723<x225>[B] (+0) -0.484189723<x226>[B] (+0) -0.484189723<x227>[B] (+0) -0.484189723<x228>[B] (+0) -0.484189723<x229>[B] (+0) -0.484189723<x230>[B] (+0) -0.484189723<x231>[B] (+0) -0.484189723<x232>[B] (+0) +0.484189723<x233>[B] (+1) -0.484189723<x234>[B] (+0) +0.484189723<x235>[B] (+1) +0.484189723<x236>[B] (+0) +0.484189723<x237>[B] (+1) +0.484189723<x238>[B] (-3.73034936e-14) -0.484189723<x239>[B] (+1.87627691e-14) +0.484189723<x240>[B] (+1.87627691e-14) +0.484189723<x241>[B] (+1.87627691e-14) +0.484189723<x242>[B] (+1) +0.484189723<x243>[B] (+0) +0.484189723<x244>[B] (+1) +0.484189723<x245>[B] (+0) +0.484189723<x246>[B] (+1) +0.484189723<x247>[B] (+0) +0.484189723<x248>[B] (+0) -0.484189723<x249>[B] (+1) +0.484189723<x250>[B] (+0) -0.484189723<x251>[B] (+1) +0.484189723<x252>[B] (-3.73034936e-14) +0.484189723<x253>[B] (+0) >= 40.0671936758893;
;
violation: left hand side is violated by 0.00395256917001063
  [linear] <c3718>: <x254>[C] (+29.8162055) +0.480237154<x1>[B] (+1) +0.480237154<x2>[B] (+1) +0.480237154<x3>[B] (+1) +0.480237154<x4>[B] (+0) +0.480237154<x5>[B] (+1) +0.480237154<x6>[B] (+1) +0.480237154<x7>[B] (+1) +0.480237154<x8>[B] (+1) +0.480237154<x9>[B] (+1) +0.480237154<x10>[B] (+1) +0.480237154<x11>[B] (+1) +0.480237154<x12>[B] (+1) +0.480237154<x13>[B] (+1) +0.480237154<x14>[B] (+1) +0.480237154<x15>[B] (+1) +0.480237154<x16>[B] (+1) +0.480237154<x17>[B] (+1) +0.480237154<x18>[B] (+1) +0.480237154<x19>[B] (+1) +0.480237154<x20>[B] (+0) +0.480237154<x21>[B] (+1) +0.480237154<x22>[B] (+0) -0.480237154<x23>[B] (+1) -0.480237154<x24>[B] (+0) -0.480237154<x25>[B] (+0) -0.480237154<x26>[B] (+0) +0.480237154<x27>[B] (+1) -0.480237154<x28>[B] (+1) -0.480237154<x29>[B] (+1) -0.480237154<x30>[B] (+0) -0.480237154<x31>[B] (+1) -0.480237154<x32>[B] (+1) +0.480237154<x33>[B] (+1) -0.480237154<x34>[B] (+1) +0.480237154<x35>[B] (+0) -0.480237154<x36>[B] (+1) -0.480237154<x37>[B] (+0) -0.480237154<x38>[B] (+0) +0.480237154<x39>[B] (+1) -0.480237154<x40>[B] (+1) +0.480237154<x41>[B] (+0) -0.480237154<x42>[B] (+1) -0.480237154<x43>[B] (+0) -0.480237154<x44>[B] (+0) -0.480237154<x45>[B] (+0) +0.480237154<x46>[B] (+0) +0.480237154<x47>[B] (+0) +0.480237154<x48>[B] (+0) -0.480237154<x49>[B] (+0) +0.480237154<x50>[B] (+0) -0.480237154<x51>[B] (+0) -0.480237154<x52>[B] (+0) +0.480237154<x53>[B] (+0) -0.480237154<x54>[B] (+0) +0.480237154<x55>[B] (+0) -0.480237154<x56>[B] (+0) +0.480237154<x57>[B] (+0) +0.480237154<x58>[B] (+0) +0.480237154<x59>[B] (+0) -0.480237154<x60>[B] (+0) +0.480237154<x61>[B] (+0) +0.480237154<x62>[B] (+0) -0.480237154<x63>[B] (+0) -0.480237154<x64>[B] (+0) +0.480237154<x65>[B] (+0) +0.480237154<x66>[B] (+1) +0.480237154<x67>[B] (+1) -0.480237154<x68>[B] (+1) +0.480237154<x69>[B] (+0) -0.480237154<x70>[B] (+1) -0.480237154<x71>[B] (+1) +0.480237154<x72>[B] (+1) -0.480237154<x73>[B] (+1) +0.480237154<x74>[B] (+1) -0.480237154<x75>[B] (+1) +0.480237154<x76>[B] (+0) +0.480237154<x77>[B] (+1) +0.480237154<x78>[B] (+1) -0.480237154<x79>[B] (+1) +0.480237154<x80>[B] (+0) +0.480237154<x81>[B] (+1) -0.480237154<x82>[B] (+0) +0.480237154<x83>[B] (+1) +0.480237154<x84>[B] (+1) +0.480237154<x85>[B] (+1) +0.480237154<x86>[B] (+1) +0.480237154<x87>[B] (+1) +0.480237154<x88>[B] (+1) -0.480237154<x89>[B] (+1) +0.480237154<x90>[B] (+1) -0.480237154<x91>[B] (+1) +0.480237154<x92>[B] (+1) -0.480237154<x93>[B] (+1) +0.480237154<x94>[B] (+1) +0.480237154<x95>[B] (+1) +0.480237154<x96>[B] (+1) -0.480237154<x97>[B] (+1) +0.480237154<x98>[B] (+1) +0.480237154<x99>[B] (+1) -0.480237154<x100>[B] (+1) +0.480237154<x101>[B] (+1) +0.480237154<x102>[B] (+1) -0.480237154<x103>[B] (+1) +0.480237154<x104>[B] (+1) -0.480237154<x105>[B] (+1) -0.480237154<x106>[B] (+1) +0.480237154<x107>[B] (+1) -0.480237154<x108>[B] (+1) +0.480237154<x109>[B] (+1) -0.480237154<x110>[B] (+1) +0.480237154<x111>[B] (+1) +0.480237154<x112>[B] (+1) +0.480237154<x113>[B] (+1) -0.480237154<x114>[B] (+1) +0.480237154<x115>[B] (+0) +0.480237154<x116>[B] (+1) -0.480237154<x117>[B] (+0) -0.480237154<x118>[B] (+0) -0.480237154<x119>[B] (+1) -0.480237154<x120>[B] (+0) -0.480237154<x121>[B] (+1) -0.480237154<x122>[B] (+1) -0.480237154<x123>[B] (+1) -0.480237154<x124>[B] (+1) -0.480237154<x125>[B] (+0) -0.480237154<x126>[B] (+1) -0.480237154<x127>[B] (+0) -0.480237154<x128>[B] (+0) -0.480237154<x129>[B] (+1) -0.480237154<x130>[B] (+1) -0.480237154<x131>[B] (+0) -0.480237154<x132>[B] (+1) -0.480237154<x133>[B] (+0) -0.480237154<x134>[B] (+1) +0.480237154<x135>[B] (+0) -0.480237154<x136>[B] (+1) -0.480237154<x137>[B] (+1) +0.480237154<x138>[B] (+1) -0.480237154<x139>[B] (+1) +0.480237154<x140>[B] (+0) -0.480237154<x141>[B] (+1) +0.480237154<x142>[B] (+0) +0.480237154<x143>[B] (+0) +0.480237154<x144>[B] (+1) -0.480237154<x145>[B] (+1) +0.480237154<x146>[B] (+0) +0.480237154<x147>[B] (+1) -0.480237154<x148>[B] (+0) +0.480237154<x149>[B] (+0) -0.480237154<x150>[B] (+0) -0.480237154<x151>[B] (+0) +0.480237154<x152>[B] (+1) -0.480237154<x153>[B] (+0) +0.480237154<x154>[B] (+0) -0.480237154<x155>[B] (+1) +0.480237154<x156>[B] (+0) +0.480237154<x157>[B] (+0) +0.480237154<x158>[B] (+0) -0.480237154<x159>[B] (+0) +0.480237154<x160>[B] (+0) +0.480237154<x161>[B] (+0) -0.480237154<x162>[B] (+0) -0.480237154<x163>[B] (+1) -0.480237154<x164>[B] (+1) +0.480237154<x165>[B] (+1) -0.480237154<x166>[B] (+1) +0.480237154<x167>[B] (+1) -0.480237154<x168>[B] (+1) -0.480237154<x169>[B] (+0) -0.480237154<x170>[B] (+1) +0.480237154<x171>[B] (+1) -0.480237154<x172>[B] (+1) +0.480237154<x173>[B] (+0) -0.480237154<x174>[B] (+1) -0.480237154<x175>[B] (+0) -0.480237154<x176>[B] (+0) +0.480237154<x177>[B] (+1) -0.480237154<x178>[B] (+0) +0.480237154<x179>[B] (+0) -0.480237154<x180>[B] (+1) +0.480237154<x181>[B] (+0) +0.480237154<x182>[B] (+0) +0.480237154<x183>[B] (+0) -0.480237154<x184>[B] (+0) +0.480237154<x185>[B] (+0) +0.480237154<x186>[B] (+1) -0.480237154<x187>[B] (+0) +0.480237154<x188>[B] (+1) +0.480237154<x189>[B] (+1) +0.480237154<x190>[B] (+0) +0.480237154<x191>[B] (+1) +0.480237154<x192>[B] (+0) +0.480237154<x193>[B] (+0) +0.480237154<x194>[B] (+0) +0.480237154<x195>[B] (+0) +0.480237154<x196>[B] (+0) +0.480237154<x197>[B] (+1) -0.480237154<x198>[B] (+0) -0.480237154<x199>[B] (+0) -0.480237154<x200>[B] (+0) -0.480237154<x201>[B] (+0) -0.480237154<x202>[B] (+0) -0.480237154<x203>[B] (+0) -0.480237154<x204>[B] (+0) -0.480237154<x205>[B] (+0) +0.480237154<x206>[B] (+0) -0.480237154<x207>[B] (+0) -0.480237154<x208>[B] (+0) +0.480237154<x209>[B] (+0) +0.480237154<x210>[B] (+1) +0.480237154<x211>[B] (+0) +0.480237154<x212>[B] (+0) +0.480237154<x213>[B] (+0) +0.480237154<x214>[B] (+0) +0.480237154<x215>[B] (+0) +0.480237154<x216>[B] (+1) -0.480237154<x217>[B] (+0) -0.480237154<x218>[B] (+1) -0.480237154<x219>[B] (+0) -0.480237154<x220>[B] (+0) +0.480237154<x221>[B] (+1) -0.480237154<x222>[B] (+1) +0.480237154<x223>[B] (+0) -0.480237154<x224>[B] (+1) -0.480237154<x225>[B] (+0) +0.480237154<x226>[B] (+0) +0.480237154<x227>[B] (+0) +0.480237154<x228>[B] (+0) -0.480237154<x229>[B] (+0) +0.480237154<x230>[B] (+0) +0.480237154<x231>[B] (+0) -0.480237154<x232>[B] (+0) -0.480237154<x233>[B] (+1) +0.480237154<x234>[B] (+1) -0.480237154<x235>[B] (+1) +0.480237154<x236>[B] (+0) -0.480237154<x237>[B] (+1) -0.480237154<x238>[B] (+0) +0.480237154<x239>[B] (+1) -0.480237154<x240>[B] (+1) +0.480237154<x241>[B] (+0) +0.480237154<x242>[B] (+1) -0.480237154<x243>[B] (+0) -0.480237154<x244>[B] (+1) +0.480237154<x245>[B] (+0) -0.480237154<x246>[B] (+1) -0.480237154<x247>[B] (+0) +0.480237154<x248>[B] (+0) +0.480237154<x249>[B] (+1) -0.480237154<x250>[B] (+0) -0.480237154<x251>[B] (+1) -0.480237154<x252>[B] (+1) -0.480237154<x253>[B] (+0) >= 34.697628458498;
;
violation: left hand side is violated by 0.0790513833992108
  [linear] <c3726>: <x264>[C] (+34.9545455) +0.527667984<x1>[B] (+1) -0.527667984<x2>[B] (+1) -0.527667984<x3>[B] (+0) -0.527667984<x4>[B] (+0) -0.527667984<x5>[B] (+0) +0.527667984<x6>[B] (+1) +0.527667984<x7>[B] (+1) +0.527667984<x8>[B] (+1) -0.527667984<x9>[B] (+0) +0.527667984<x10>[B] (+1) +0.527667984<x11>[B] (+1) +0.527667984<x12>[B] (+1) +0.527667984<x13>[B] (+1) -0.527667984<x14>[B] (+0) +0.527667984<x15>[B] (+1) +0.527667984<x16>[B] (+0) -0.527667984<x17>[B] (+1) +0.527667984<x18>[B] (+0) +0.527667984<x19>[B] (+1) +0.527667984<x20>[B] (+0) -0.527667984<x21>[B] (+1) +0.527667984<x22>[B] (+0) -0.527667984<x23>[B] (+1) -0.527667984<x24>[B] (+0) -0.527667984<x25>[B] (+0) -0.527667984<x26>[B] (+0) +0.527667984<x27>[B] (+1) -0.527667984<x28>[B] (+1) -0.527667984<x29>[B] (+1) -0.527667984<x30>[B] (+0) -0.527667984<x31>[B] (+1) +0.527667984<x32>[B] (+0) -0.527667984<x33>[B] (+1) +0.527667984<x34>[B] (+0) -0.527667984<x35>[B] (+0) -0.527667984<x36>[B] (+1) -0.527667984<x37>[B] (+0) -0.527667984<x38>[B] (+0) -0.527667984<x39>[B] (+0) +0.527667984<x40>[B] (+0) +0.527667984<x41>[B] (+0) -0.527667984<x42>[B] (+1) +0.527667984<x43>[B] (+0) +0.527667984<x44>[B] (+0) +0.527667984<x45>[B] (+0) +0.527667984<x46>[B] (+0) +0.527667984<x47>[B] (+0) +0.527667984<x48>[B] (+0) +0.527667984<x49>[B] (+0) +0.527667984<x50>[B] (+0) +0.527667984<x51>[B] (+0) +0.527667984<x52>[B] (+0) +0.527667984<x53>[B] (+0) +0.527667984<x54>[B] (+0) +0.527667984<x55>[B] (+0) +0.527667984<x56>[B] (+1) +0.527667984<x57>[B] (+0) +0.527667984<x58>[B] (+0) +0.527667984<x59>[B] (+0) +0.527667984<x60>[B] (+0) +0.527667984<x61>[B] (+0) +0.527667984<x62>[B] (+0) +0.527667984<x63>[B] (+0) +0.527667984<x64>[B] (+0) +0.527667984<x65>[B] (+1) +0.527667984<x66>[B] (+1) +0.527667984<x67>[B] (+1) +0.527667984<x68>[B] (+1) +0.527667984<x69>[B] (+1) +0.527667984<x70>[B] (+1) +0.527667984<x71>[B] (+1) +0.527667984<x72>[B] (+1) +0.527667984<x73>[B] (+1) +0.527667984<x74>[B] (+1) +0.527667984<x75>[B] (+1) +0.527667984<x76>[B] (+0) +0.527667984<x77>[B] (+1) +0.527667984<x78>[B] (+1) +0.527667984<x79>[B] (+1) +0.527667984<x80>[B] (+0) -0.527667984<x81>[B] (+1) +0.527667984<x82>[B] (+0) +0.527667984<x83>[B] (+1) +0.527667984<x84>[B] (+1) +0.527667984<x85>[B] (+1) +0.527667984<x86>[B] (+1) +0.527667984<x87>[B] (+1) +0.527667984<x88>[B] (+1) +0.527667984<x89>[B] (+1) +0.527667984<x90>[B] (+1) +0.527667984<x91>[B] (+1) -0.527667984<x92>[B] (+1) +0.527667984<x93>[B] (+1) +0.527667984<x94>[B] (+1) -0.527667984<x95>[B] (+1) +0.527667984<x96>[B] (+1) +0.527667984<x97>[B] (+1) +0.527667984<x98>[B] (+1) -0.527667984<x99>[B] (+1) +0.527667984<x100>[B] (+1) +0.527667984<x101>[B] (+1) +0.527667984<x102>[B] (+1) +0.527667984<x103>[B] (+1) -0.527667984<x104>[B] (+1) +0.527667984<x105>[B] (+1) +0.527667984<x106>[B] (+1) +0.527667984<x107>[B] (+1) +0.527667984<x108>[B] (+1) -0.527667984<x109>[B] (+1) +0.527667984<x110>[B] (+1) +0.527667984<x111>[B] (+0) -0.527667984<x112>[B] (+1) +0.527667984<x113>[B] (+0) +0.527667984<x114>[B] (+1) +0.527667984<x115>[B] (+0) -0.527667984<x116>[B] (+1) +0.527667984<x117>[B] (+0) -0.527667984<x118>[B] (+0) -0.527667984<x119>[B] (+1) -0.527667984<x120>[B] (+0) -0.527667984<x121>[B] (+1) +0.527667984<x122>[B] (+0) -0.527667984<x123>[B] (+1) +0.527667984<x124>[B] (+0) -0.527667984<x125>[B] (+0) -0.527667984<x126>[B] (+1) -0.527667984<x127>[B] (+0) -0.527667984<x128>[B] (+0) -0.527667984<x129>[B] (+0) -0.527667984<x130>[B] (+0) +0.527667984<x131>[B] (+0) -0.527667984<x132>[B] (+1) +0.527667984<x133>[B] (+0) -0.527667984<x134>[B] (+1) -0.527667984<x135>[B] (+0) +0.527667984<x136>[B] (+1) +0.527667984<x137>[B] (+0) +0.527667984<x138>[B] (+1) +0.527667984<x139>[B] (+0) -0.527667984<x140>[B] (+0) -0.527667984<x141>[B] (+1) -0.527667984<x142>[B] (+0) -0.527667984<x143>[B] (+0) -0.527667984<x144>[B] (+0) +0.527667984<x145>[B] (+0) +0.527667984<x146>[B] (+0) -0.527667984<x147>[B] (+1) +0.527667984<x148>[B] (+0) -0.527667984<x149>[B] (+0) +0.527667984<x150>[B] (+0) +0.527667984<x151>[B] (+0) +0.527667984<x152>[B] (+0) +0.527667984<x153>[B] (+0) -0.527667984<x154>[B] (+0) +0.527667984<x155>[B] (+1) +0.527667984<x156>[B] (+0) -0.527667984<x157>[B] (+0) +0.527667984<x158>[B] (+0) +0.527667984<x159>[B] (+0) +0.527667984<x160>[B] (+0) -0.527667984<x161>[B] (+0) +0.527667984<x162>[B] (+0) +0.527667984<x163>[B] (+1) +0.527667984<x164>[B] (+1) +0.527667984<x165>[B] (+1) +0.527667984<x166>[B] (+1) -0.527667984<x167>[B] (+1) +0.527667984<x168>[B] (+1) +0.527667984<x169>[B] (+0) -0.527667984<x170>[B] (+1) +0.527667984<x171>[B] (+0) +0.527667984<x172>[B] (+1) +0.527667984<x173>[B] (+0) -0.527667984<x174>[B] (+1) +0.527667984<x175>[B] (+0) +0.527667984<x176>[B] (+0) +0.527667984<x177>[B] (+1) +0.527667984<x178>[B] (+0) -0.527667984<x179>[B] (+0) -0.527667984<x180>[B] (+1) -0.527667984<x181>[B] (+0) -0.527667984<x182>[B] (+0) -0.527667984<x183>[B] (+0) +0.527667984<x184>[B] (+0) +0.527667984<x185>[B] (+0) -0.527667984<x186>[B] (+1) +0.527667984<x187>[B] (+0) -0.527667984<x188>[B] (+1) +0.527667984<x189>[B] (+1) -0.527667984<x190>[B] (+0) -0.527667984<x191>[B] (+1) -0.527667984<x192>[B] (+0) -0.527667984<x193>[B] (+0) -0.527667984<x194>[B] (+0) -0.527667984<x195>[B] (+0) +0.527667984<x196>[B] (+0) -0.527667984<x197>[B] (+1) +0.527667984<x198>[B] (+0) +0.527667984<x199>[B] (+0) -0.527667984<x200>[B] (+0) -0.527667984<x201>[B] (+1) -0.527667984<x202>[B] (+0) -0.527667984<x203>[B] (+0) -0.527667984<x204>[B] (+0) +0.527667984<x205>[B] (+0) +0.527667984<x206>[B] (+0) -0.527667984<x207>[B] (+0) +0.527667984<x208>[B] (+0) -0.527667984<x209>[B] (+0) -0.527667984<x210>[B] (+1) -0.527667984<x211>[B] (+0) -0.527667984<x212>[B] (+0) -0.527667984<x213>[B] (+0) -0.527667984<x214>[B] (+0) -0.527667984<x215>[B] (+0) -0.527667984<x216>[B] (+1) +0.527667984<x217>[B] (+0) +0.527667984<x218>[B] (+1) +0.527667984<x219>[B] (+0) -0.527667984<x220>[B] (+1) +0.527667984<x221>[B] (+0) +0.527667984<x222>[B] (+1) +0.527667984<x223>[B] (+0) -0.527667984<x224>[B] (+1) +0.527667984<x225>[B] (+0) -0.527667984<x226>[B] (+0) -0.527667984<x227>[B] (+0) -0.527667984<x228>[B] (+0) +0.527667984<x229>[B] (+0) +0.527667984<x230>[B] (+0) -0.527667984<x231>[B] (+0) +0.527667984<x232>[B] (+0) -0.527667984<x233>[B] (+1) +0.527667984<x234>[B] (+1) +0.527667984<x235>[B] (+1) +0.527667984<x236>[B] (+0) -0.527667984<x237>[B] (+1) +0.527667984<x238>[B] (+0) +0.527667984<x239>[B] (+0) +0.527667984<x240>[B] (+0) +0.527667984<x241>[B] (+0) -0.527667984<x242>[B] (+1) +0.527667984<x243>[B] (+0) +0.527667984<x244>[B] (+1) +0.527667984<x245>[B] (+0) -0.527667984<x246>[B] (+1) +0.527667984<x247>[B] (+0) +0.527667984<x248>[B] (+0) -0.527667984<x249>[B] (+1) +0.527667984<x250>[B] (+0) -0.527667984<x251>[B] (+1) +0.527667984<x252>[B] (+1) +0.527667984<x253>[B] (+0) >= 46.5671936758893;
;
violation: left hand side is violated by 0.00395256916988274
  [linear] <c3730>: <x268>[C] (+31.3379447) -0.460474308<x1>[B] (+1) +0.460474308<x2>[B] (+1) +0.460474308<x3>[B] (+0) +0.460474308<x4>[B] (+0) +0.460474308<x5>[B] (+0) +0.460474308<x6>[B] (+1) +0.460474308<x7>[B] (+1) +0.460474308<x8>[B] (+1) +0.460474308<x9>[B] (+0) +0.460474308<x10>[B] (+1) +0.460474308<x11>[B] (+1) +0.460474308<x12>[B] (+1) +0.460474308<x13>[B] (+1) -0.460474308<x14>[B] (+0) -0.460474308<x15>[B] (+1) +0.460474308<x16>[B] (+0) -0.460474308<x17>[B] (+1) -0.460474308<x18>[B] (+0) -0.460474308<x19>[B] (+1) +0.460474308<x20>[B] (+0) +0.460474308<x21>[B] (+1) +0.460474308<x22>[B] (+0) +0.460474308<x23>[B] (+1) +0.460474308<x24>[B] (+0) +0.460474308<x25>[B] (+0) +0.460474308<x26>[B] (+0) +0.460474308<x27>[B] (+0) +0.460474308<x28>[B] (+1) +0.460474308<x29>[B] (+1) +0.460474308<x30>[B] (+0) +0.460474308<x31>[B] (+1) +0.460474308<x32>[B] (+0) +0.460474308<x33>[B] (+1) +0.460474308<x34>[B] (+0) +0.460474308<x35>[B] (+0) +0.460474308<x36>[B] (+1) +0.460474308<x37>[B] (+0) -0.460474308<x38>[B] (+0) -0.460474308<x39>[B] (+0) +0.460474308<x40>[B] (+0) +0.460474308<x41>[B] (+0) +0.460474308<x42>[B] (+1) +0.460474308<x43>[B] (+0) -0.460474308<x44>[B] (+0) +0.460474308<x45>[B] (+0) -0.460474308<x46>[B] (+0) +0.460474308<x47>[B] (+0) +0.460474308<x48>[B] (+0) -0.460474308<x49>[B] (+0) -0.460474308<x50>[B] (+0) -0.460474308<x51>[B] (+0) +0.460474308<x52>[B] (+0) +0.460474308<x53>[B] (+0) -0.460474308<x54>[B] (+0) -0.460474308<x55>[B] (+0) -0.460474308<x56>[B] (+1) -0.460474308<x57>[B] (+0) -0.460474308<x58>[B] (+0) -0.460474308<x59>[B] (+0) -0.460474308<x60>[B] (+0) +0.460474308<x61>[B] (+0) -0.460474308<x62>[B] (+0) -0.460474308<x63>[B] (+0) +0.460474308<x64>[B] (+0) -0.460474308<x65>[B] (+1) +0.460474308<x66>[B] (+1) +0.460474308<x67>[B] (+1) -0.460474308<x68>[B] (+1) -0.460474308<x69>[B] (+1) -0.460474308<x70>[B] (+1) +0.460474308<x71>[B] (+1) +0.460474308<x72>[B] (+1) -0.460474308<x73>[B] (+1) -0.460474308<x74>[B] (+1) -0.460474308<x75>[B] (+1) -0.460474308<x76>[B] (+1) -0.460474308<x77>[B] (+1) -0.460474308<x78>[B] (+1) -0.460474308<x79>[B] (+1) +0.460474308<x80>[B] (+0) -0.460474308<x81>[B] (+1) -0.460474308<x82>[B] (+0) -0.460474308<x83>[B] (+1) +0.460474308<x84>[B] (+1) +0.460474308<x85>[B] (+1) -0.460474308<x86>[B] (+1) -0.460474308<x87>[B] (+1) -0.460474308<x88>[B] (+1) +0.460474308<x89>[B] (+1) +0.460474308<x90>[B] (+1) -0.460474308<x91>[B] (+1) -0.460474308<x92>[B] (+1) -0.460474308<x93>[B] (+1) -0.460474308<x94>[B] (+1) -0.460474308<x95>[B] (+1) -0.460474308<x96>[B] (+1) -0.460474308<x97>[B] (+1) +0.460474308<x98>[B] (+1) -0.460474308<x99>[B] (+1) -0.460474308<x100>[B] (+1) +0.460474308<x101>[B] (+1) +0.460474308<x102>[B] (+1) -0.460474308<x103>[B] (+1) -0.460474308<x104>[B] (+1) -0.460474308<x105>[B] (+1) +0.460474308<x106>[B] (+1) +0.460474308<x107>[B] (+1) +0.460474308<x108>[B] (+1) -0.460474308<x109>[B] (+1) -0.460474308<x110>[B] (+1) -0.460474308<x111>[B] (+0) -0.460474308<x112>[B] (+1) -0.460474308<x113>[B] (+1) -0.460474308<x114>[B] (+1) +0.460474308<x115>[B] (+0) -0.460474308<x116>[B] (+1) -0.460474308<x117>[B] (+0) +0.460474308<x118>[B] (+1) -0.460474308<x119>[B] (+1) -0.460474308<x120>[B] (+0) -0.460474308<x121>[B] (+1) +0.460474308<x122>[B] (+0) +0.460474308<x123>[B] (+1) -0.460474308<x124>[B] (+0) -0.460474308<x125>[B] (+0) -0.460474308<x126>[B] (+1) -0.460474308<x127>[B] (+0) -0.460474308<x128>[B] (+0) -0.460474308<x129>[B] (+0) -0.460474308<x130>[B] (+0) +0.460474308<x131>[B] (+0) -0.460474308<x132>[B] (+1) -0.460474308<x133>[B] (+0) -0.460474308<x134>[B] (+1) -0.460474308<x135>[B] (+0) -0.460474308<x136>[B] (+1) +0.460474308<x137>[B] (+0) +0.460474308<x138>[B] (+1) -0.460474308<x139>[B] (+0) -0.460474308<x140>[B] (+0) -0.460474308<x141>[B] (+1) -0.460474308<x142>[B] (+0) -0.460474308<x143>[B] (+0) -0.460474308<x144>[B] (+0) -0.460474308<x145>[B] (+0) -0.460474308<x146>[B] (+0) -0.460474308<x147>[B] (+1) -0.460474308<x148>[B] (+0) -0.460474308<x149>[B] (+0) +0.460474308<x150>[B] (+0) +0.460474308<x151>[B] (+0) +0.460474308<x152>[B] (+1) +0.460474308<x153>[B] (+0) -0.460474308<x154>[B] (+0) -0.460474308<x155>[B] (+1) +0.460474308<x156>[B] (+0) -0.460474308<x157>[B] (+0) -0.460474308<x158>[B] (+0) -0.460474308<x159>[B] (+0) +0.460474308<x160>[B] (+0) +0.460474308<x161>[B] (+0) -0.460474308<x162>[B] (+0) +0.460474308<x163>[B] (+1) +0.460474308<x164>[B] (+1) +0.460474308<x165>[B] (+1) +0.460474308<x166>[B] (+1) -0.460474308<x167>[B] (+1) -0.460474308<x168>[B] (+1) +0.460474308<x169>[B] (+0) -0.460474308<x170>[B] (+1) -0.460474308<x171>[B] (+1) -0.460474308<x172>[B] (+1) +0.460474308<x173>[B] (+0) +0.460474308<x174>[B] (+1) -0.460474308<x175>[B] (+0) +0.460474308<x176>[B] (+0) +0.460474308<x177>[B] (+1) +0.460474308<x178>[B] (+0) -0.460474308<x179>[B] (+0) -0.460474308<x180>[B] (+1) +0.460474308<x181>[B] (+0) -0.460474308<x182>[B] (+0) -0.460474308<x183>[B] (+0) -0.460474308<x184>[B] (+0) +0.460474308<x185>[B] (+0) +0.460474308<x186>[B] (+1) -0.460474308<x187>[B] (+0) -0.460474308<x188>[B] (+1) -0.460474308<x189>[B] (+1) -0.460474308<x190>[B] (+0) -0.460474308<x191>[B] (+1) -0.460474308<x192>[B] (+0) -0.460474308<x193>[B] (+0) -0.460474308<x194>[B] (+0) -0.460474308<x195>[B] (+0) -0.460474308<x196>[B] (+0) -0.460474308<x197>[B] (+1) -0.460474308<x198>[B] (+0) -0.460474308<x199>[B] (+0) -0.460474308<x200>[B] (+0) -0.460474308<x201>[B] (+1) -0.460474308<x202>[B] (+0) -0.460474308<x203>[B] (+0) -0.460474308<x204>[B] (+0) -0.460474308<x205>[B] (+0) -0.460474308<x206>[B] (+0) -0.460474308<x207>[B] (+0) -0.460474308<x208>[B] (+0) -0.460474308<x209>[B] (+0) -0.460474308<x210>[B] (+1) -0.460474308<x211>[B] (+0) -0.460474308<x212>[B] (+0) -0.460474308<x213>[B] (+0) -0.460474308<x214>[B] (+0) +0.460474308<x215>[B] (+0) -0.460474308<x216>[B] (+1) -0.460474308<x217>[B] (+0) +0.460474308<x218>[B] (+1) +0.460474308<x219>[B] (+0) -0.460474308<x220>[B] (+1) -0.460474308<x221>[B] (+1) +0.460474308<x222>[B] (+1) +0.460474308<x223>[B] (+0) +0.460474308<x224>[B] (+1) +0.460474308<x225>[B] (+0) +0.460474308<x226>[B] (+0) -0.460474308<x227>[B] (+0) -0.460474308<x228>[B] (+0) -0.460474308<x229>[B] (+0) +0.460474308<x230>[B] (+0) +0.460474308<x231>[B] (+0) +0.460474308<x232>[B] (+0) -0.460474308<x233>[B] (+1) -0.460474308<x234>[B] (+1) -0.460474308<x235>[B] (+1) +0.460474308<x236>[B] (+0) +0.460474308<x237>[B] (+1) -0.460474308<x238>[B] (+0) -0.460474308<x239>[B] (+0) +0.460474308<x240>[B] (+0) +0.460474308<x241>[B] (+0) +0.460474308<x242>[B] (+1) +0.460474308<x243>[B] (+0) +0.460474308<x244>[B] (+1) +0.460474308<x245>[B] (+0) +0.460474308<x246>[B] (+1) +0.460474308<x247>[B] (+0) +0.460474308<x248>[B] (+0) +0.460474308<x249>[B] (+1) +0.460474308<x250>[B] (+0) -0.460474308<x251>[B] (+1) -0.460474308<x252>[B] (+1) -0.460474308<x253>[B] (+0) >= 22.9090909090909;
;
violation: left hand side is violated by 0.320158102766804
  [linear] <c3730>: <x268>[C] (+31.9051383) -0.460474308<x1>[B] (+1) +0.460474308<x2>[B] (+1) +0.460474308<x3>[B] (+0) +0.460474308<x4>[B] (+0) +0.460474308<x5>[B] (+0) +0.460474308<x6>[B] (+1) +0.460474308<x7>[B] (+1) +0.460474308<x8>[B] (+1) +0.460474308<x9>[B] (+0) +0.460474308<x10>[B] (+1) +0.460474308<x11>[B] (+1) +0.460474308<x12>[B] (+1) +0.460474308<x13>[B] (+1) -0.460474308<x14>[B] (+1) -0.460474308<x15>[B] (+1) +0.460474308<x16>[B] (+0) -0.460474308<x17>[B] (+1) -0.460474308<x18>[B] (+1) -0.460474308<x19>[B] (+1) +0.460474308<x20>[B] (+0) +0.460474308<x21>[B] (+1) +0.460474308<x22>[B] (+0) +0.460474308<x23>[B] (+1) +0.460474308<x24>[B] (+0) +0.460474308<x25>[B] (+0) +0.460474308<x26>[B] (+0) +0.460474308<x27>[B] (+1) +0.460474308<x28>[B] (+1) +0.460474308<x29>[B] (+1) +0.460474308<x30>[B] (+0) +0.460474308<x31>[B] (+1) +0.460474308<x32>[B] (+1) +0.460474308<x33>[B] (+1) +0.460474308<x34>[B] (+1) +0.460474308<x35>[B] (+0) +0.460474308<x36>[B] (+1) +0.460474308<x37>[B] (+0) -0.460474308<x38>[B] (+0) -0.460474308<x39>[B] (+0) +0.460474308<x40>[B] (+0) +0.460474308<x41>[B] (+0) +0.460474308<x42>[B] (+1) +0.460474308<x43>[B] (+0) -0.460474308<x44>[B] (+0) +0.460474308<x45>[B] (+0) -0.460474308<x46>[B] (+0) +0.460474308<x47>[B] (+0) +0.460474308<x48>[B] (+0) -0.460474308<x49>[B] (+0) -0.460474308<x50>[B] (+0) -0.460474308<x51>[B] (+0) +0.460474308<x52>[B] (+0) +0.460474308<x53>[B] (+0) -0.460474308<x54>[B] (+0) -0.460474308<x55>[B] (+0) -0.460474308<x56>[B] (+1) -0.460474308<x57>[B] (+0) -0.460474308<x58>[B] (+0) -0.460474308<x59>[B] (+0) -0.460474308<x60>[B] (+0) +0.460474308<x61>[B] (+0) -0.460474308<x62>[B] (+0) -0.460474308<x63>[B] (+0) +0.460474308<x64>[B] (+0) -0.460474308<x65>[B] (+1) +0.460474308<x66>[B] (+1) +0.460474308<x67>[B] (+1) -0.460474308<x68>[B] (+1) -0.460474308<x69>[B] (+1) -0.460474308<x70>[B] (+1) +0.460474308<x71>[B] (+1) +0.460474308<x72>[B] (+1) -0.460474308<x73>[B] (+1) -0.460474308<x74>[B] (+1) -0.460474308<x75>[B] (+1) -0.460474308<x76>[B] (+1) -0.460474308<x77>[B] (+1) -0.460474308<x78>[B] (+1) -0.460474308<x79>[B] (+1) +0.460474308<x80>[B] (+0) -0.460474308<x81>[B] (+1) -0.460474308<x82>[B] (+0) -0.460474308<x83>[B] (+1) +0.460474308<x84>[B] (+1) +0.460474308<x85>[B] (+1) -0.460474308<x86>[B] (+1) -0.460474308<x87>[B] (+1) -0.460474308<x88>[B] (+1) +0.460474308<x89>[B] (+1) +0.460474308<x90>[B] (+1) -0.460474308<x91>[B] (+1) -0.460474308<x92>[B] (+1) -0.460474308<x93>[B] (+1) -0.460474308<x94>[B] (+1) -0.460474308<x95>[B] (+1) -0.460474308<x96>[B] (+1) -0.460474308<x97>[B] (+1) +0.460474308<x98>[B] (+1) -0.460474308<x99>[B] (+1) -0.460474308<x100>[B] (+1) +0.460474308<x101>[B] (+1) +0.460474308<x102>[B] (+1) -0.460474308<x103>[B] (+1) -0.460474308<x104>[B] (+1) -0.460474308<x105>[B] (+1) +0.460474308<x106>[B] (+1) +0.460474308<x107>[B] (+1) +0.460474308<x108>[B] (+1) -0.460474308<x109>[B] (+1) -0.460474308<x110>[B] (+1) -0.460474308<x111>[B] (+1) -0.460474308<x112>[B] (+1) -0.460474308<x113>[B] (+1) -0.460474308<x114>[B] (+1) +0.460474308<x115>[B] (+0) -0.460474308<x116>[B] (+1) -0.460474308<x117>[B] (+0) +0.460474308<x118>[B] (+1) -0.460474308<x119>[B] (+1) -0.460474308<x120>[B] (+0) -0.460474308<x121>[B] (+1) +0.460474308<x122>[B] (+0) +0.460474308<x123>[B] (+1) -0.460474308<x124>[B] (+0) -0.460474308<x125>[B] (+0) -0.460474308<x126>[B] (+1) -0.460474308<x127>[B] (+0) -0.460474308<x128>[B] (+0) -0.460474308<x129>[B] (+0) -0.460474308<x130>[B] (+0) +0.460474308<x131>[B] (+0) -0.460474308<x132>[B] (+1) -0.460474308<x133>[B] (+0) -0.460474308<x134>[B] (+1) -0.460474308<x135>[B] (+0) -0.460474308<x136>[B] (+1) +0.460474308<x137>[B] (+0) +0.460474308<x138>[B] (+1) -0.460474308<x139>[B] (+0) -0.460474308<x140>[B] (+0) -0.460474308<x141>[B] (+1) -0.460474308<x142>[B] (+0) -0.460474308<x143>[B] (+0) -0.460474308<x144>[B] (+0) -0.460474308<x145>[B] (+0) -0.460474308<x146>[B] (+0) -0.460474308<x147>[B] (+1) -0.460474308<x148>[B] (+0) -0.460474308<x149>[B] (+0) +0.460474308<x150>[B] (+0) +0.460474308<x151>[B] (+0) +0.460474308<x152>[B] (+0) +0.460474308<x153>[B] (+0) -0.460474308<x154>[B] (+0) -0.460474308<x155>[B] (+1) +0.460474308<x156>[B] (+0) -0.460474308<x157>[B] (+0) -0.460474308<x158>[B] (+0) -0.460474308<x159>[B] (+0) +0.460474308<x160>[B] (+0) +0.460474308<x161>[B] (+0) -0.460474308<x162>[B] (+0) +0.460474308<x163>[B] (+1) +0.460474308<x164>[B] (+1) +0.460474308<x165>[B] (+1) +0.460474308<x166>[B] (+1) -0.460474308<x167>[B] (+1) -0.460474308<x168>[B] (+1) +0.460474308<x169>[B] (+0) -0.460474308<x170>[B] (+1) -0.460474308<x171>[B] (+1) -0.460474308<x172>[B] (+1) +0.460474308<x173>[B] (+0) +0.460474308<x174>[B] (+1) -0.460474308<x175>[B] (+0) +0.460474308<x176>[B] (+0) +0.460474308<x177>[B] (+1) +0.460474308<x178>[B] (+0) -0.460474308<x179>[B] (+0) -0.460474308<x180>[B] (+1) +0.460474308<x181>[B] (+0) -0.460474308<x182>[B] (+0) -0.460474308<x183>[B] (+0) -0.460474308<x184>[B] (+0) +0.460474308<x185>[B] (+0) +0.460474308<x186>[B] (+1) -0.460474308<x187>[B] (+0) -0.460474308<x188>[B] (+1) -0.460474308<x189>[B] (+1) -0.460474308<x190>[B] (+0) -0.460474308<x191>[B] (+1) -0.460474308<x192>[B] (+0) -0.460474308<x193>[B] (+0) -0.460474308<x194>[B] (+0) -0.460474308<x195>[B] (+0) -0.460474308<x196>[B] (+0) -0.460474308<x197>[B] (+1) -0.460474308<x198>[B] (+0) -0.460474308<x199>[B] (+0) -0.460474308<x200>[B] (+0) -0.460474308<x201>[B] (+1) -0.460474308<x202>[B] (+0) -0.460474308<x203>[B] (+0) -0.460474308<x204>[B] (+0) -0.460474308<x205>[B] (+0) -0.460474308<x206>[B] (+0) -0.460474308<x207>[B] (+0) -0.460474308<x208>[B] (+0) -0.460474308<x209>[B] (+0) -0.460474308<x210>[B] (+1) -0.460474308<x211>[B] (+0) -0.460474308<x212>[B] (+0) -0.460474308<x213>[B] (+0) -0.460474308<x214>[B] (+0) +0.460474308<x215>[B] (+0) -0.460474308<x216>[B] (+1) -0.460474308<x217>[B] (+0) +0.460474308<x218>[B] (+1) +0.460474308<x219>[B] (+0) -0.460474308<x220>[B] (+0) -0.460474308<x221>[B] (+1) +0.460474308<x222>[B] (+1) +0.460474308<x223>[B] (+0) +0.460474308<x224>[B] (+1) +0.460474308<x225>[B] (+0) +0.460474308<x226>[B] (+0) -0.460474308<x227>[B] (+0) -0.460474308<x228>[B] (+0) -0.460474308<x229>[B] (+0) +0.460474308<x230>[B] (+0) +0.460474308<x231>[B] (+0) +0.460474308<x232>[B] (+0) -0.460474308<x233>[B] (+1) -0.460474308<x234>[B] (+1) -0.460474308<x235>[B] (+1) +0.460474308<x236>[B] (+0) +0.460474308<x237>[B] (+1) -0.460474308<x238>[B] (+0) -0.460474308<x239>[B] (+1) +0.460474308<x240>[B] (+1) +0.460474308<x241>[B] (+0) +0.460474308<x242>[B] (+1) +0.460474308<x243>[B] (+0) +0.460474308<x244>[B] (+0) +0.460474308<x245>[B] (+0) +0.460474308<x246>[B] (+1) +0.460474308<x247>[B] (+0) +0.460474308<x248>[B] (+0) +0.460474308<x249>[B] (+1) +0.460474308<x250>[B] (+0) -0.460474308<x251>[B] (+1) -0.460474308<x252>[B] (+1) -0.460474308<x253>[B] (+0) >= 22.9090909090909;
;
violation: left hand side is violated by 0.213438735177874
  [linear] <c3726>: <x264>[C] (+35.4743083) +0.527667984<x1>[B] (+1) -0.527667984<x2>[B] (+1) -0.527667984<x3>[B] (+0) -0.527667984<x4>[B] (+0) -0.527667984<x5>[B] (+0) +0.527667984<x6>[B] (+1) +0.527667984<x7>[B] (+1) +0.527667984<x8>[B] (+1) -0.527667984<x9>[B] (+1) +0.527667984<x10>[B] (+1) +0.527667984<x11>[B] (+1) +0.527667984<x12>[B] (+1) +0.527667984<x13>[B] (+1) -0.527667984<x14>[B] (+1) +0.527667984<x15>[B] (+1) +0.527667984<x16>[B] (+0) -0.527667984<x17>[B] (+1) +0.527667984<x18>[B] (+0) +0.527667984<x19>[B] (+1) +0.527667984<x20>[B] (+0) -0.527667984<x21>[B] (+1) +0.527667984<x22>[B] (+0) -0.527667984<x23>[B] (+1) -0.527667984<x24>[B] (+0) -0.527667984<x25>[B] (+0) -0.527667984<x26>[B] (+0) +0.527667984<x27>[B] (+1) -0.527667984<x28>[B] (+1) -0.527667984<x29>[B] (+1) -0.527667984<x30>[B] (+0) -0.527667984<x31>[B] (+1) +0.527667984<x32>[B] (+1) -0.527667984<x33>[B] (+1) +0.527667984<x34>[B] (+1) -0.527667984<x35>[B] (+0) -0.527667984<x36>[B] (+1) -0.527667984<x37>[B] (+0) -0.527667984<x38>[B] (+1) -0.527667984<x39>[B] (+0) +0.527667984<x40>[B] (+1) +0.527667984<x41>[B] (+0) -0.527667984<x42>[B] (+1) +0.527667984<x43>[B] (+0) +0.527667984<x44>[B] (+0) +0.527667984<x45>[B] (+0) +0.527667984<x46>[B] (+0) +0.527667984<x47>[B] (+0) +0.527667984<x48>[B] (+0) +0.527667984<x49>[B] (+0) +0.527667984<x50>[B] (+0) +0.527667984<x51>[B] (+0) +0.527667984<x52>[B] (+0) +0.527667984<x53>[B] (+0) +0.527667984<x54>[B] (+0) +0.527667984<x55>[B] (+0) +0.527667984<x56>[B] (+1) +0.527667984<x57>[B] (+0) +0.527667984<x58>[B] (+0) +0.527667984<x59>[B] (+0) +0.527667984<x60>[B] (+0) +0.527667984<x61>[B] (+0) +0.527667984<x62>[B] (+0) +0.527667984<x63>[B] (+0) +0.527667984<x64>[B] (+0) +0.527667984<x65>[B] (+1) +0.527667984<x66>[B] (+1) +0.527667984<x67>[B] (+1) +0.527667984<x68>[B] (+1) +0.527667984<x69>[B] (+1) +0.527667984<x70>[B] (+1) +0.527667984<x71>[B] (+1) +0.527667984<x72>[B] (+1) +0.527667984<x73>[B] (+1) +0.527667984<x74>[B] (+1) +0.527667984<x75>[B] (+1) +0.527667984<x76>[B] (+0) +0.527667984<x77>[B] (+1) +0.527667984<x78>[B] (+1) +0.527667984<x79>[B] (+1) +0.527667984<x80>[B] (+0) -0.527667984<x81>[B] (+1) +0.527667984<x82>[B] (+0) +0.527667984<x83>[B] (+1) +0.527667984<x84>[B] (+1) +0.527667984<x85>[B] (+1) +0.527667984<x86>[B] (+1) +0.527667984<x87>[B] (+1) +0.527667984<x88>[B] (+1) +0.527667984<x89>[B] (+1) +0.527667984<x90>[B] (+1) +0.527667984<x91>[B] (+1) -0.527667984<x92>[B] (+1) +0.527667984<x93>[B] (+1) +0.527667984<x94>[B] (+1) -0.527667984<x95>[B] (+1) +0.527667984<x96>[B] (+1) +0.527667984<x97>[B] (+1) +0.527667984<x98>[B] (+1) -0.527667984<x99>[B] (+1) +0.527667984<x100>[B] (+1) +0.527667984<x101>[B] (+1) +0.527667984<x102>[B] (+1) +0.527667984<x103>[B] (+1) -0.527667984<x104>[B] (+1) +0.527667984<x105>[B] (+1) +0.527667984<x106>[B] (+1) +0.527667984<x107>[B] (+1) +0.527667984<x108>[B] (+1) -0.527667984<x109>[B] (+1) +0.527667984<x110>[B] (+1) +0.527667984<x111>[B] (+0) -0.527667984<x112>[B] (+1) +0.527667984<x113>[B] (+0) +0.527667984<x114>[B] (+1) +0.527667984<x115>[B] (+0) -0.527667984<x116>[B] (+1) +0.527667984<x117>[B] (+0) -0.527667984<x118>[B] (+1) -0.527667984<x119>[B] (+1) -0.527667984<x120>[B] (+0) -0.527667984<x121>[B] (+1) +0.527667984<x122>[B] (+0) -0.527667984<x123>[B] (+1) +0.527667984<x124>[B] (+0) -0.527667984<x125>[B] (+0) -0.527667984<x126>[B] (+1) -0.527667984<x127>[B] (+0) -0.527667984<x128>[B] (+0) -0.527667984<x129>[B] (+0) -0.527667984<x130>[B] (+0) +0.527667984<x131>[B] (+0) -0.527667984<x132>[B] (+1) +0.527667984<x133>[B] (+0) -0.527667984<x134>[B] (+1) -0.527667984<x135>[B] (+0) +0.527667984<x136>[B] (+1) +0.527667984<x137>[B] (+0) +0.527667984<x138>[B] (+1) +0.527667984<x139>[B] (+0) -0.527667984<x140>[B] (+0) -0.527667984<x141>[B] (+1) -0.527667984<x142>[B] (+0) -0.527667984<x143>[B] (+0) -0.527667984<x144>[B] (+0) +0.527667984<x145>[B] (+0) +0.527667984<x146>[B] (+0) -0.527667984<x147>[B] (+1) +0.527667984<x148>[B] (+0) -0.527667984<x149>[B] (+0) +0.527667984<x150>[B] (+0) +0.527667984<x151>[B] (+0) +0.527667984<x152>[B] (+0) +0.527667984<x153>[B] (+0) -0.527667984<x154>[B] (+0) +0.527667984<x155>[B] (+1) +0.527667984<x156>[B] (+0) -0.527667984<x157>[B] (+0) +0.527667984<x158>[B] (+0) +0.527667984<x159>[B] (+0) +0.527667984<x160>[B] (+0) -0.527667984<x161>[B] (+0) +0.527667984<x162>[B] (+0) +0.527667984<x163>[B] (+1) +0.527667984<x164>[B] (+1) +0.527667984<x165>[B] (+1) +0.527667984<x166>[B] (+1) -0.527667984<x167>[B] (+1) +0.527667984<x168>[B] (+1) +0.527667984<x169>[B] (+0) -0.527667984<x170>[B] (+1) +0.527667984<x171>[B] (+0) +0.527667984<x172>[B] (+1) +0.527667984<x173>[B] (+0) -0.527667984<x174>[B] (+1) +0.527667984<x175>[B] (+0) +0.527667984<x176>[B] (+0) +0.527667984<x177>[B] (+1) +0.527667984<x178>[B] (+0) -0.527667984<x179>[B] (+0) -0.527667984<x180>[B] (+1) -0.527667984<x181>[B] (+0) -0.527667984<x182>[B] (+0) -0.527667984<x183>[B] (+0) +0.527667984<x184>[B] (+0) +0.527667984<x185>[B] (+0) -0.527667984<x186>[B] (+1) +0.527667984<x187>[B] (+0) -0.527667984<x188>[B] (+1) +0.527667984<x189>[B] (+1) -0.527667984<x190>[B] (+0) -0.527667984<x191>[B] (+1) -0.527667984<x192>[B] (+0) -0.527667984<x193>[B] (+0) -0.527667984<x194>[B] (+0) -0.527667984<x195>[B] (+0) +0.527667984<x196>[B] (+0) -0.527667984<x197>[B] (+1) +0.527667984<x198>[B] (+0) +0.527667984<x199>[B] (+0) -0.527667984<x200>[B] (+0) -0.527667984<x201>[B] (+1) -0.527667984<x202>[B] (+0) -0.527667984<x203>[B] (+0) -0.527667984<x204>[B] (+0) +0.527667984<x205>[B] (+0) +0.527667984<x206>[B] (+0) -0.527667984<x207>[B] (+0) +0.527667984<x208>[B] (+0) -0.527667984<x209>[B] (+0) -0.527667984<x210>[B] (+1) -0.527667984<x211>[B] (+0) -0.527667984<x212>[B] (+0) -0.527667984<x213>[B] (+0) -0.527667984<x214>[B] (+0) -0.527667984<x215>[B] (+0) -0.527667984<x216>[B] (+1) +0.527667984<x217>[B] (+0) +0.527667984<x218>[B] (+1) +0.527667984<x219>[B] (+0) -0.527667984<x220>[B] (+1) +0.527667984<x221>[B] (+0) +0.527667984<x222>[B] (+1) +0.527667984<x223>[B] (+0) -0.527667984<x224>[B] (+1) +0.527667984<x225>[B] (+0) -0.527667984<x226>[B] (+0) -0.527667984<x227>[B] (+0) -0.527667984<x228>[B] (+0) +0.527667984<x229>[B] (+0) +0.527667984<x230>[B] (+0) -0.527667984<x231>[B] (+0) +0.527667984<x232>[B] (+0) -0.527667984<x233>[B] (+1) +0.527667984<x234>[B] (+1) +0.527667984<x235>[B] (+1) +0.527667984<x236>[B] (+0) -0.527667984<x237>[B] (+1) +0.527667984<x238>[B] (+0) +0.527667984<x239>[B] (+0) +0.527667984<x240>[B] (+0) +0.527667984<x241>[B] (+0) -0.527667984<x242>[B] (+1) +0.527667984<x243>[B] (+0) +0.527667984<x244>[B] (+1) +0.527667984<x245>[B] (+0) -0.527667984<x246>[B] (+1) +0.527667984<x247>[B] (+0) +0.527667984<x248>[B] (+0) -0.527667984<x249>[B] (+1) +0.527667984<x250>[B] (+0) -0.527667984<x251>[B] (+1) +0.527667984<x252>[B] (+1) +0.527667984<x253>[B] (+0) >= 46.5671936758893;
;
violation: left hand side is violated by 0.0118577075098187
  [linear] <c3719>: <x255>[C] (+39.2786561) -0.559288538<x1>[B] (+1) -0.559288538<x2>[B] (+1) +0.559288538<x3>[B] (+0) -0.559288538<x4>[B] (+0) -0.559288538<x5>[B] (+0) -0.559288538<x6>[B] (+1) -0.559288538<x7>[B] (+1) -0.559288538<x8>[B] (+1) -0.559288538<x9>[B] (+0) -0.559288538<x10>[B] (+1) -0.559288538<x11>[B] (+1) -0.559288538<x12>[B] (+1) -0.559288538<x13>[B] (+1) +0.559288538<x14>[B] (+1) +0.559288538<x15>[B] (+1) -0.559288538<x16>[B] (+0) +0.559288538<x17>[B] (+1) +0.559288538<x18>[B] (+1) +0.559288538<x19>[B] (+1) +0.559288538<x20>[B] (+0) -0.559288538<x21>[B] (+1) +0.559288538<x22>[B] (+0) -0.559288538<x23>[B] (+1) +0.559288538<x24>[B] (+0) -0.559288538<x25>[B] (+0) -0.559288538<x26>[B] (+0) -0.559288538<x27>[B] (+0) -0.559288538<x28>[B] (+1) -0.559288538<x29>[B] (+1) -0.559288538<x30>[B] (+0) -0.559288538<x31>[B] (+1) -0.559288538<x32>[B] (+0) -0.559288538<x33>[B] (+1) -0.559288538<x34>[B] (+0) +0.559288538<x35>[B] (+0) +0.559288538<x36>[B] (+1) -0.559288538<x37>[B] (+0) +0.559288538<x38>[B] (+0) +0.559288538<x39>[B] (+0) +0.559288538<x40>[B] (+0) +0.559288538<x41>[B] (+0) -0.559288538<x42>[B] (+1) +0.559288538<x43>[B] (+0) +0.559288538<x44>[B] (+0) -0.559288538<x45>[B] (+0) -0.559288538<x46>[B] (+0) +0.559288538<x47>[B] (+0) -0.559288538<x48>[B] (+0) +0.559288538<x49>[B] (+0) -0.559288538<x50>[B] (+0) -0.559288538<x51>[B] (+0) -0.559288538<x52>[B] (+0) -0.559288538<x53>[B] (+0) +0.559288538<x54>[B] (+0) +0.559288538<x55>[B] (+0) +0.559288538<x56>[B] (+0) -0.559288538<x57>[B] (+0) +0.559288538<x58>[B] (+0) +0.559288538<x59>[B] (+0) +0.559288538<x60>[B] (+0) +0.559288538<x61>[B] (+0) +0.559288538<x62>[B] (+0) +0.559288538<x63>[B] (+0) -0.559288538<x64>[B] (+0) -0.559288538<x65>[B] (+1) -0.559288538<x66>[B] (+1) -0.559288538<x67>[B] (+1) -0.559288538<x68>[B] (+1) -0.559288538<x69>[B] (+1) -0.559288538<x70>[B] (+1) -0.559288538<x71>[B] (+1) -0.559288538<x72>[B] (+1) -0.559288538<x73>[B] (+1) -0.559288538<x74>[B] (+1) -0.559288538<x75>[B] (+1) -0.559288538<x76>[B] (+1) -0.559288538<x77>[B] (+1) -0.559288538<x78>[B] (+1) -0.559288538<x79>[B] (+1) -0.559288538<x80>[B] (+1) -0.559288538<x81>[B] (+1) -0.559288538<x82>[B] (+0) +0.559288538<x83>[B] (+1) +0.559288538<x84>[B] (+1) +0.559288538<x85>[B] (+1) +0.559288538<x86>[B] (+1) +0.559288538<x87>[B] (+1) +0.559288538<x88>[B] (+1) +0.559288538<x89>[B] (+1) +0.559288538<x90>[B] (+1) +0.559288538<x91>[B] (+1) +0.559288538<x92>[B] (+1) +0.559288538<x93>[B] (+1) +0.559288538<x94>[B] (+1) +0.559288538<x95>[B] (+1) +0.559288538<x96>[B] (+1) +0.559288538<x97>[B] (+1) +0.559288538<x98>[B] (+1) +0.559288538<x99>[B] (+1) +0.559288538<x100>[B] (+1) +0.559288538<x101>[B] (+1) -0.559288538<x102>[B] (+1) +0.559288538<x103>[B] (+1) -0.559288538<x104>[B] (+1) +0.559288538<x105>[B] (+1) +0.559288538<x106>[B] (+1) +0.559288538<x107>[B] (+1) +0.559288538<x108>[B] (+1) +0.559288538<x109>[B] (+1) +0.559288538<x110>[B] (+1) -0.559288538<x111>[B] (+0) +0.559288538<x112>[B] (+1) +0.559288538<x113>[B] (+1) +0.559288538<x114>[B] (+1) +0.559288538<x115>[B] (+0) +0.559288538<x116>[B] (+1) +0.559288538<x117>[B] (+0) -0.559288538<x118>[B] (+1) -0.559288538<x119>[B] (+1) -0.559288538<x120>[B] (+0) -0.559288538<x121>[B] (+1) -0.559288538<x122>[B] (+1) -0.559288538<x123>[B] (+1) -0.559288538<x124>[B] (+1) +0.559288538<x125>[B] (+0) +0.559288538<x126>[B] (+1) -0.559288538<x127>[B] (+0) +0.559288538<x128>[B] (+0) +0.559288538<x129>[B] (+0) +0.559288538<x130>[B] (+0) +0.559288538<x131>[B] (+0) +0.559288538<x132>[B] (+1) +0.559288538<x133>[B] (+0) +0.559288538<x134>[B] (+1) -0.559288538<x135>[B] (+0) +0.559288538<x136>[B] (+1) +0.559288538<x137>[B] (+0) +0.559288538<x138>[B] (+1) +0.559288538<x139>[B] (+0) +0.559288538<x140>[B] (+0) +0.559288538<x141>[B] (+1) -0.559288538<x142>[B] (+0) +0.559288538<x143>[B] (+0) +0.559288538<x144>[B] (+0) +0.559288538<x145>[B] (+0) +0.559288538<x146>[B] (+0) +0.559288538<x147>[B] (+1) +0.559288538<x148>[B] (+0) -0.559288538<x149>[B] (+0) -0.559288538<x150>[B] (+1) -0.559288538<x151>[B] (+0) -0.559288538<x152>[B] (+1) -0.559288538<x153>[B] (+0) +0.559288538<x154>[B] (+0) +0.559288538<x155>[B] (+1) -0.559288538<x156>[B] (+0) +0.559288538<x157>[B] (+0) +0.559288538<x158>[B] (+0) +0.559288538<x159>[B] (+0) +0.559288538<x160>[B] (+0) +0.559288538<x161>[B] (+0) +0.559288538<x162>[B] (+0) +0.559288538<x163>[B] (+1) +0.559288538<x164>[B] (+1) +0.559288538<x165>[B] (+1) +0.559288538<x166>[B] (+1) +0.559288538<x167>[B] (+1) +0.559288538<x168>[B] (+1) +0.559288538<x169>[B] (+0) +0.559288538<x170>[B] (+1) +0.559288538<x171>[B] (+1) +0.559288538<x172>[B] (+1) +0.559288538<x173>[B] (+0) +0.559288538<x174>[B] (+1) +0.559288538<x175>[B] (+0) -0.559288538<x176>[B] (+0) -0.559288538<x177>[B] (+1) +0.559288538<x178>[B] (+0) +0.559288538<x179>[B] (+0) +0.559288538<x180>[B] (+1) -0.559288538<x181>[B] (+0) +0.559288538<x182>[B] (+0) +0.559288538<x183>[B] (+0) +0.559288538<x184>[B] (+0) +0.559288538<x185>[B] (+0) +0.559288538<x186>[B] (+0) +0.559288538<x187>[B] (+0) +0.559288538<x188>[B] (+1) +0.559288538<x189>[B] (+1) +0.559288538<x190>[B] (+0) +0.559288538<x191>[B] (+1) -0.559288538<x192>[B] (+0) +0.559288538<x193>[B] (+0) +0.559288538<x194>[B] (+0) +0.559288538<x195>[B] (+0) +0.559288538<x196>[B] (+0) +0.559288538<x197>[B] (+1) +0.559288538<x198>[B] (+0) +0.559288538<x199>[B] (+0) +0.559288538<x200>[B] (+0) +0.559288538<x201>[B] (+0) -0.559288538<x202>[B] (+0) +0.559288538<x203>[B] (+0) +0.559288538<x204>[B] (+0) +0.559288538<x205>[B] (+0) +0.559288538<x206>[B] (+0) +0.559288538<x207>[B] (+0) +0.559288538<x208>[B] (+0) +0.559288538<x209>[B] (+0) +0.559288538<x210>[B] (+1) -0.559288538<x211>[B] (+0) +0.559288538<x212>[B] (+0) +0.559288538<x213>[B] (+0) +0.559288538<x214>[B] (+0) +0.559288538<x215>[B] (+0) +0.559288538<x216>[B] (+1) +0.559288538<x217>[B] (+0) +0.559288538<x218>[B] (+1) -0.559288538<x219>[B] (+0) +0.559288538<x220>[B] (+1) -0.559288538<x221>[B] (+1) +0.559288538<x222>[B] (+0) +0.559288538<x223>[B] (+0) -0.559288538<x224>[B] (+1) +0.559288538<x225>[B] (+0) -0.559288538<x226>[B] (+0) -0.559288538<x227>[B] (+0) -0.559288538<x228>[B] (+0) +0.559288538<x229>[B] (+0) -0.559288538<x230>[B] (+0) -0.559288538<x231>[B] (+0) +0.559288538<x232>[B] (+0) +0.559288538<x233>[B] (+1) +0.559288538<x234>[B] (+1) +0.559288538<x235>[B] (+1) +0.559288538<x236>[B] (+1) +0.559288538<x237>[B] (+1) +0.559288538<x238>[B] (+0) -0.559288538<x239>[B] (+0) +0.559288538<x240>[B] (+0) +0.559288538<x241>[B] (+0) -0.559288538<x242>[B] (+1) +0.559288538<x243>[B] (+0) +0.559288538<x244>[B] (+0) +0.559288538<x245>[B] (+0) -0.559288538<x246>[B] (+1) +0.559288538<x247>[B] (+0) -0.559288538<x248>[B] (+0) -0.559288538<x249>[B] (+1) -0.559288538<x250>[B] (+0) -0.559288538<x251>[B] (+1) +0.559288538<x252>[B] (+0) +0.559288538<x253>[B] (+0) >= 49.3577075098814;
;
violation: left hand side is violated by 0.0118577075099395
  [linear] <c3744>: <x283>[C] (+60.4407115) -0.685770751<x1>[B] (+1) -0.685770751<x2>[B] (+1) -0.685770751<x3>[B] (+1) -0.685770751<x4>[B] (+0) -0.685770751<x5>[B] (+0) -0.685770751<x6>[B] (+1) -0.685770751<x7>[B] (+1) -0.685770751<x8>[B] (+1) -0.685770751<x9>[B] (+1) -0.685770751<x10>[B] (+1) -0.685770751<x11>[B] (+1) -0.685770751<x12>[B] (+1) -0.685770751<x13>[B] (+1) -0.685770751<x14>[B] (+1) -0.685770751<x15>[B] (+1) -0.685770751<x16>[B] (+0) -0.685770751<x17>[B] (+1) -0.685770751<x18>[B] (+1) -0.685770751<x19>[B] (+1) -0.685770751<x20>[B] (+0) -0.685770751<x21>[B] (+1) -0.685770751<x22>[B] (+0) -0.685770751<x23>[B] (+1) +0.685770751<x24>[B] (+0) -0.685770751<x25>[B] (+0) +0.685770751<x26>[B] (+0) -0.685770751<x27>[B] (+1) -0.685770751<x28>[B] (+1) -0.685770751<x29>[B] (+1) -0.685770751<x30>[B] (+0) -0.685770751<x31>[B] (+1) +0.685770751<x32>[B] (+0) -0.685770751<x33>[B] (+1) +0.685770751<x34>[B] (+0) +0.685770751<x35>[B] (+0) -0.685770751<x36>[B] (+1) +0.685770751<x37>[B] (+0) +0.685770751<x38>[B] (+0) +0.685770751<x39>[B] (+0) +0.685770751<x40>[B] (+0) -0.685770751<x41>[B] (+0) -0.685770751<x42>[B] (+0) +0.685770751<x43>[B] (+0) +0.685770751<x44>[B] (+0) +0.685770751<x45>[B] (+0) +0.685770751<x46>[B] (+0) +0.685770751<x47>[B] (+0) +0.685770751<x48>[B] (+0) +0.685770751<x49>[B] (+0) +0.685770751<x50>[B] (+0) -0.685770751<x51>[B] (+0) +0.685770751<x52>[B] (+0) +0.685770751<x53>[B] (+0) +0.685770751<x54>[B] (+0) +0.685770751<x55>[B] (+0) +0.685770751<x56>[B] (+0) +0.685770751<x57>[B] (+0) +0.685770751<x58>[B] (+0) +0.685770751<x59>[B] (+0) +0.685770751<x60>[B] (+0) -0.685770751<x61>[B] (+0) -0.685770751<x62>[B] (+0) +0.685770751<x63>[B] (+0) -0.685770751<x64>[B] (+0) +0.685770751<x65>[B] (+0) -0.685770751<x66>[B] (+1) -0.685770751<x67>[B] (+1) -0.685770751<x68>[B] (+1) -0.685770751<x69>[B] (+0) -0.685770751<x70>[B] (+1) -0.685770751<x71>[B] (+1) -0.685770751<x72>[B] (+1) +0.685770751<x73>[B] (+1) +0.685770751<x74>[B] (+0) -0.685770751<x75>[B] (+1) +0.685770751<x76>[B] (+0) -0.685770751<x77>[B] (+1) -0.685770751<x78>[B] (+1) +0.685770751<x79>[B] (+1) -0.685770751<x80>[B] (+0) -0.685770751<x81>[B] (+1) -0.685770751<x82>[B] (+0) +0.685770751<x83>[B] (+1) +0.685770751<x84>[B] (+1) -0.685770751<x85>[B] (+1) -0.685770751<x86>[B] (+1) +0.685770751<x87>[B] (+1) -0.685770751<x88>[B] (+1) +0.685770751<x89>[B] (+1) +0.685770751<x90>[B] (+1) +0.685770751<x91>[B] (+1) +0.685770751<x92>[B] (+1) +0.685770751<x93>[B] (+1) +0.685770751<x94>[B] (+1) +0.685770751<x95>[B] (+1) +0.685770751<x96>[B] (+1) +0.685770751<x97>[B] (+1) -0.685770751<x98>[B] (+1) -0.685770751<x99>[B] (+1) +0.685770751<x100>[B] (+1) -0.685770751<x101>[B] (+1) -0.685770751<x102>[B] (+1) -0.685770751<x103>[B] (+1) -0.685770751<x104>[B] (+1) -0.685770751<x105>[B] (+1) -0.685770751<x106>[B] (+1) -0.685770751<x107>[B] (+1) -0.685770751<x108>[B] (+1) -0.685770751<x109>[B] (+1) -0.685770751<x110>[B] (+1) -0.685770751<x111>[B] (+0) -0.685770751<x112>[B] (+1) -0.685770751<x113>[B] (+1) +0.685770751<x114>[B] (+1) -0.685770751<x115>[B] (+1) -0.685770751<x116>[B] (+1) -0.685770751<x117>[B] (+0) -0.685770751<x118>[B] (+1) -0.685770751<x119>[B] (+1) +0.685770751<x120>[B] (+0) -0.685770751<x121>[B] (+0) +0.685770751<x122>[B] (+0) -0.685770751<x123>[B] (+1) +0.685770751<x124>[B] (+0) +0.685770751<x125>[B] (+0) -0.685770751<x126>[B] (+1) +0.685770751<x127>[B] (+0) +0.685770751<x128>[B] (+0) +0.685770751<x129>[B] (+0) +0.685770751<x130>[B] (+0) -0.685770751<x131>[B] (+0) -0.685770751<x132>[B] (+0) +0.685770751<x133>[B] (+0) +0.685770751<x134>[B] (+1) +0.685770751<x135>[B] (+0) -0.685770751<x136>[B] (+0) +0.685770751<x137>[B] (+0) +0.685770751<x138>[B] (+1) +0.685770751<x139>[B] (+0) +0.685770751<x140>[B] (+0) +0.685770751<x141>[B] (+1) +0.685770751<x142>[B] (+0) +0.685770751<x143>[B] (+0) +0.685770751<x144>[B] (+0) +0.685770751<x145>[B] (+0) -0.685770751<x146>[B] (+0) -0.685770751<x147>[B] (+0) +0.685770751<x148>[B] (+0) +0.685770751<x149>[B] (+0) -0.685770751<x150>[B] (+0) +0.685770751<x151>[B] (+0) +0.685770751<x152>[B] (+1) +0.685770751<x153>[B] (+0) +0.685770751<x154>[B] (+0) +0.685770751<x155>[B] (+1) +0.685770751<x156>[B] (+0) +0.685770751<x157>[B] (+0) +0.685770751<x158>[B] (+0) +0.685770751<x159>[B] (+0) -0.685770751<x160>[B] (+0) -0.685770751<x161>[B] (+0) +0.685770751<x162>[B] (+0) -0.685770751<x163>[B] (+1) +0.685770751<x164>[B] (+1) -0.685770751<x165>[B] (+1) +0.685770751<x166>[B] (+1) +0.685770751<x167>[B] (+1) -0.685770751<x168>[B] (+1) +0.685770751<x169>[B] (+0) +0.685770751<x170>[B] (+1) +0.685770751<x171>[B] (+1) +0.685770751<x172>[B] (+1) -0.685770751<x173>[B] (+0) -0.685770751<x174>[B] (+1) +0.685770751<x175>[B] (+0) +0.685770751<x176>[B] (+0) +0.685770751<x177>[B] (+1) +0.685770751<x178>[B] (+0) +0.685770751<x179>[B] (+0) +0.685770751<x180>[B] (+1) +0.685770751<x181>[B] (+0) +0.685770751<x182>[B] (+0) +0.685770751<x183>[B] (+0) +0.685770751<x184>[B] (+0) +0.685770751<x185>[B] (+0) +0.685770751<x186>[B] (+0) +0.685770751<x187>[B] (+0) -0.685770751<x188>[B] (+1) +0.685770751<x189>[B] (+0) +0.685770751<x190>[B] (+0) -0.685770751<x191>[B] (+1) +0.685770751<x192>[B] (+0) -0.685770751<x193>[B] (+0) +0.685770751<x194>[B] (+0) +0.685770751<x195>[B] (+0) -0.685770751<x196>[B] (+0) -0.685770751<x197>[B] (+1) +0.685770751<x198>[B] (+0) +0.685770751<x199>[B] (+0) +0.685770751<x200>[B] (+0) +0.685770751<x201>[B] (+0) +0.685770751<x202>[B] (+0) +0.685770751<x203>[B] (+0) +0.685770751<x204>[B] (+0) +0.685770751<x205>[B] (+0) -0.685770751<x206>[B] (+0) -0.685770751<x207>[B] (+0) +0.685770751<x208>[B] (+0) +0.685770751<x209>[B] (+0) -0.685770751<x210>[B] (+1) +0.685770751<x211>[B] (+0) -0.685770751<x212>[B] (+0) -0.685770751<x213>[B] (+0) +0.685770751<x214>[B] (+0) -0.685770751<x215>[B] (+0) -0.685770751<x216>[B] (+1) -0.685770751<x217>[B] (+0) -0.685770751<x218>[B] (+1) +0.685770751<x219>[B] (+0) -0.685770751<x220>[B] (+1) -0.685770751<x221>[B] (+1) +0.685770751<x222>[B] (+1) -0.685770751<x223>[B] (+0) -0.685770751<x224>[B] (+1) -0.685770751<x225>[B] (+0) +0.685770751<x226>[B] (+0) +0.685770751<x227>[B] (+0) +0.685770751<x228>[B] (+0) +0.685770751<x229>[B] (+0) -0.685770751<x230>[B] (+0) -0.685770751<x231>[B] (+0) +0.685770751<x232>[B] (+0) -0.685770751<x233>[B] (+1) -0.685770751<x234>[B] (+1) +0.685770751<x235>[B] (+1) -0.685770751<x236>[B] (+1) -0.685770751<x237>[B] (+1) -0.685770751<x238>[B] (+1) +0.685770751<x239>[B] (+1) +0.685770751<x240>[B] (+1) -0.685770751<x241>[B] (+0) -0.685770751<x242>[B] (+1) +0.685770751<x243>[B] (+0) +0.685770751<x244>[B] (+0) -0.685770751<x245>[B] (+0) -0.685770751<x246>[B] (+1) -0.685770751<x247>[B] (+0) -0.685770751<x248>[B] (+0) -0.685770751<x249>[B] (+1) -0.685770751<x250>[B] (+0) -0.685770751<x251>[B] (+1) +0.685770751<x252>[B] (+0) +0.685770751<x253>[B] (+0) >= 28.9743083003953;
;
violation: left hand side is violated by 0.0790513833991398
all 10 solutions given by solution candidate storage are infeasible

feasible solution found by trivial heuristic after 0.0 seconds, objective value -9.000374e+06
presolving:
   (0.0s) symmetry computation started: requiring (bin +, int +, cont +), (fixed: bin -, int -, cont -)
   (0.0s) no symmetry present (symcode time: 0.00)
presolving (0 rounds: 0 fast, 0 medium, 0 exhaustive):
 0 deleted vars, 0 deleted constraints, 0 added constraints, 0 tightened bounds, 0 added holes, 0 changed sides, 0 changed coefficients
 0 implications, 0 cliques, 0 implied integral variables (0 bin, 0 int, 0 cont)
presolved problem has 343 variables (253 bin, 0 int, 90 cont) and 3799 constraints
   3799 constraints of type <linear>
Presolving Time: 0.04
transformed 1/1 original solutions to the transformed problem space

 time | node  | left  |LP iter|LP it/n|mem/heur|mdpt |vars |cons |rows |cuts |sepa|confs|strbr|  dualbound   | primalbound  |  gap   | compl. 
p 0.1s|     1 |     0 |    42 |     - |   locks|   0 | 343 |3799 |3799 |   0 |  0 |   0 |   0 | 6.720000e+02 |-3.260994e+03 |    Inf | unknown
  0.2s|     1 |     0 |  1379 |     - |   111M |   0 | 343 |3799 |3799 |   0 |  0 |   0 |   0 |-2.723445e+03 |-3.260994e+03 |  19.74%| unknown
r 0.2s|     1 |     0 |  1379 |     - |shifting|   0 | 343 |3799 |3799 |   0 |  0 |   0 |   0 |-2.723445e+03 |-3.067314e+03 |  12.63%| unknown
  0.6s|     1 |     0 |  1426 |     - |   112M |   0 | 343 |3799 |3801 |   2 |  1 |   0 |   0 |-2.723574e+03 |-3.067314e+03 |  12.62%| unknown
r 0.6s|     1 |     0 |  1426 |     - |shifting|   0 | 343 |3799 |3801 |   2 |  1 |   0 |   0 |-2.723574e+03 |-2.977920e+03 |   9.34%| unknown
  1.0s|     1 |     0 |  1497 |     - |   112M |   0 | 343 |3799 |3803 |   4 |  2 |   0 |   0 |-2.723745e+03 |-2.977920e+03 |   9.33%| unknown
  1.0s|     1 |     0 |  1497 |     - |   112M |   0 | 343 |3799 |3803 |   4 |  2 |   0 |   0 |-2.723745e+03 |-2.977920e+03 |   9.33%| unknown
  1.4s|     1 |     0 |  1542 |     - |   113M |   0 | 343 |3799 |3805 |   6 |  3 |   0 |   0 |-2.723803e+03 |-2.977920e+03 |   9.33%| unknown
  1.9s|     1 |     0 |  1591 |     - |   114M |   0 | 343 |3799 |3808 |   9 |  4 |   0 |   0 |-2.723855e+03 |-2.977920e+03 |   9.33%| unknown
  2.4s|     1 |     0 |  1621 |     - |   117M |   0 | 343 |3799 |3812 |  13 |  5 |   0 |   0 |-2.723876e+03 |-2.977920e+03 |   9.33%| unknown
r 2.4s|     1 |     0 |  1621 |     - |shifting|   0 | 343 |3799 |3812 |  13 |  5 |   0 |   0 |-2.723876e+03 |-2.960603e+03 |   8.69%| unknown
  2.9s|     1 |     0 |  1682 |     - |   118M |   0 | 343 |3799 |3816 |  17 |  6 |   0 |   0 |-2.723917e+03 |-2.960603e+03 |   8.69%| unknown
r 2.9s|     1 |     0 |  1682 |     - |shifting|   0 | 343 |3800 |3816 |  17 |  6 |   1 |   0 |-2.723917e+03 |-2.946976e+03 |   8.19%| unknown
  3.5s|     1 |     0 |  1760 |     - |   121M |   0 | 343 |3800 |3819 |  20 |  7 |   1 |   0 |-2.723967e+03 |-2.946976e+03 |   8.19%| unknown
  4.0s|     1 |     0 |  1811 |     - |   125M |   0 | 343 |3800 |3822 |  23 |  8 |   1 |   0 |-2.724010e+03 |-2.946976e+03 |   8.19%| unknown
 time | node  | left  |LP iter|LP it/n|mem/heur|mdpt |vars |cons |rows |cuts |sepa|confs|strbr|  dualbound   | primalbound  |  gap   | compl. 
  4.6s|     1 |     0 |  1845 |     - |   127M |   0 | 343 |3800 |3824 |  25 |  9 |   1 |   0 |-2.724024e+03 |-2.946976e+03 |   8.18%| unknown
  5.1s|     1 |     0 |  1862 |     - |   131M |   0 | 343 |3800 |3826 |  27 | 10 |   1 |   0 |-2.724028e+03 |-2.946976e+03 |   8.18%| unknown
  5.2s|     1 |     0 |  1901 |     - |   132M |   0 | 343 |3800 |3828 |  29 | 11 |   1 |   0 |-2.724045e+03 |-2.946976e+03 |   8.18%| unknown
r 5.3s|     1 |     0 |  2078 |     - |intshift|   0 | 343 |3800 |3828 |  29 | 11 |   1 |   0 |-2.724045e+03 |-2.784569e+03 |   2.22%| unknown
d 5.4s|     1 |     0 |  3170 |     - |farkasdi|   0 | 343 |3800 |3828 |   0 | 11 |   1 |   0 |-2.724045e+03 |-2.733577e+03 |   0.35%| unknown
L 5.8s|     1 |     0 |  3190 |     - |    rens|   0 | 343 |3800 |3828 |  29 | 11 |   2 |   0 |-2.724045e+03 |-2.726498e+03 |   0.09%| unknown
  5.8s|     1 |     0 |  3190 |     - |   132M |   0 | 343 |3800 |3828 |  29 | 11 |   2 |   0 |-2.724045e+03 |-2.726498e+03 |   0.09%| unknown
  5.8s|     1 |     0 |  3190 |     - |   132M |   0 | 343 |3800 |2356 |  29 | 11 |   2 |   0 |-2.724045e+03 |-2.726498e+03 |   0.09%| unknown
  5.9s|     1 |     0 |  3219 |     - |   132M |   0 | 343 |3800 |2357 |  30 | 12 |   2 |   0 |-2.724061e+03 |-2.726498e+03 |   0.09%| unknown
  5.9s|     1 |     0 |  3230 |     - |   132M |   0 | 343 |3800 |2358 |  31 | 13 |   2 |   0 |-2.724063e+03 |-2.726498e+03 |   0.09%| unknown
  5.9s|     1 |     0 |  3230 |     - |   132M |   0 | 343 |2106 |2358 |  31 | 13 |   2 |   0 |-2.724063e+03 |-2.726498e+03 |   0.09%| unknown
  6.0s|     1 |     0 |  3260 |     - |   132M |   0 | 343 |2106 |2360 |  33 | 14 |   2 |   0 |-2.724066e+03 |-2.726498e+03 |   0.09%| unknown
  6.0s|     1 |     0 |  3267 |     - |   132M |   0 | 343 |2106 |2362 |  35 | 15 |   2 |   0 |-2.724066e+03 |-2.726498e+03 |   0.09%| unknown
(run 1, node 1) restarting after 84 global fixings of integer variables

(restart) converted 35 cuts from the global cut pool into linear constraints

presolving:
presolving (0 rounds: 0 fast, 0 medium, 0 exhaustive):
 0 deleted vars, 0 deleted constraints, 0 added constraints, 0 tightened bounds, 0 added holes, 0 changed sides, 0 changed coefficients
 0 implications, 0 cliques, 0 implied integral variables (0 bin, 0 int, 0 cont)
presolved problem has 343 variables (253 bin, 0 int, 90 cont) and 2141 constraints
   2140 constraints of type <linear>
      1 constraints of type <logicor>
Presolving Time: 0.04
transformed 14/23 original solutions to the transformed problem space

 time | node  | left  |LP iter|LP it/n|mem/heur|mdpt |vars |cons |rows |cuts |sepa|confs|strbr|  dualbound   | primalbound  |  gap   | compl. 
  6.2s|     1 |     0 |  4721 |     - |   133M |   0 | 343 |2141 |2136 |   0 |  0 |   2 |   0 |-2.724066e+03 |-2.726498e+03 |   0.09%| unknown
  6.2s|     1 |     0 |  4721 |     - |   133M |   0 | 343 |2141 |2069 |   0 |  0 |   2 |   0 |-2.724066e+03 |-2.726498e+03 |   0.09%| unknown
  6.6s|     1 |     0 |  4734 |     - |   134M |   0 | 343 |2141 |2072 |   3 |  1 |   2 |   0 |-2.724067e+03 |-2.726498e+03 |   0.09%| unknown
  6.9s|     1 |     0 |  4762 |     - |   134M |   0 | 343 |2142 |2074 |   5 |  2 |   3 |   0 |-2.724069e+03 |-2.726498e+03 |   0.09%| unknown
  7.2s|     1 |     0 |  4804 |     - |   134M |   0 | 343 |2142 |2078 |   9 |  3 |   3 |   0 |-2.724072e+03 |-2.726498e+03 |   0.09%| unknown
  7.6s|     1 |     0 |  4861 |     - |   137M |   0 | 343 |2142 |2081 |  12 |  4 |   3 |   0 |-2.724088e+03 |-2.726498e+03 |   0.09%| unknown
  7.6s|     1 |     0 |  4861 |     - |   137M |   0 | 343 |2142 |2063 |  12 |  4 |   3 |   0 |-2.724088e+03 |-2.726498e+03 |   0.09%| unknown
  8.0s|     1 |     0 |  4919 |     - |   138M |   0 | 343 |2142 |2065 |  14 |  5 |   3 |   0 |-2.724106e+03 |-2.726498e+03 |   0.09%| unknown
  8.4s|     1 |     0 |  4992 |     - |   139M |   0 | 343 |2142 |2068 |  17 |  6 |   3 |   0 |-2.724114e+03 |-2.726498e+03 |   0.09%| unknown
  8.8s|     1 |     0 |  5036 |     - |   140M |   0 | 343 |2142 |2071 |  20 |  7 |   3 |   0 |-2.724135e+03 |-2.726498e+03 |   0.09%| unknown
  9.1s|     1 |     0 |  5068 |     - |   141M |   0 | 343 |2142 |2073 |  22 |  8 |   3 |   0 |-2.724143e+03 |-2.726498e+03 |   0.09%| unknown
  9.4s|     1 |     0 |  5081 |     - |   142M |   0 | 343 |2142 |2076 |  25 |  9 |   3 |   0 |-2.724144e+03 |-2.726498e+03 |   0.09%| unknown
  9.8s|     1 |     0 |  5126 |     - |   142M |   0 | 343 |2142 |2078 |  27 | 10 |   3 |   0 |-2.724148e+03 |-2.726498e+03 |   0.09%| unknown
  9.9s|     1 |     0 |  5185 |     - |   142M |   0 | 343 |2143 |2081 |  30 | 11 |   4 |   0 |-2.724159e+03 |-2.726498e+03 |   0.09%| unknown
  9.9s|     1 |     0 |  5185 |     - |   142M |   0 | 343 |2143 |2062 |  30 | 11 |   4 |   0 |-2.724159e+03 |-2.726498e+03 |   0.09%| unknown
 time | node  | left  |LP iter|LP it/n|mem/heur|mdpt |vars |cons |rows |cuts |sepa|confs|strbr|  dualbound   | primalbound  |  gap   | compl. 
  9.9s|     1 |     0 |  5185 |     - |   142M |   0 | 343 |1979 |2062 |  30 | 11 |   4 |   0 |-2.724159e+03 |-2.726498e+03 |   0.09%| unknown
  9.9s|     1 |     0 |  5210 |     - |   142M |   0 | 343 |1979 |2048 |  33 | 12 |   4 |   0 |-2.724160e+03 |-2.726498e+03 |   0.09%| unknown
 10.0s|     1 |     0 |  5239 |     - |   143M |   0 | 343 |1979 |2050 |  35 | 13 |   4 |   0 |-2.724162e+03 |-2.726498e+03 |   0.09%| unknown
 10.1s|     1 |     0 |  5259 |     - |   143M |   0 | 343 |1979 |2051 |  36 | 14 |   4 |   0 |-2.724167e+03 |-2.726498e+03 |   0.09%| unknown
 10.2s|     1 |     0 |  5284 |     - |   143M |   0 | 343 |1979 |2053 |  38 | 15 |   4 |   0 |-2.724169e+03 |-2.726498e+03 |   0.09%| unknown
 10.3s|     1 |     0 |  5299 |     - |   143M |   0 | 343 |1979 |2055 |  40 | 16 |   4 |   0 |-2.724169e+03 |-2.726498e+03 |   0.09%| unknown
 10.3s|     1 |     0 |  5328 |     - |   143M |   0 | 343 |1980 |2057 |  42 | 17 |   5 |   0 |-2.724174e+03 |-2.726498e+03 |   0.09%| unknown
 10.4s|     1 |     0 |  5339 |     - |   144M |   0 | 343 |1980 |2047 |  45 | 18 |   5 |   0 |-2.724175e+03 |-2.726498e+03 |   0.09%| unknown
 10.5s|     1 |     0 |  5343 |     - |   144M |   0 | 343 |1980 |2048 |  46 | 19 |   5 |   0 |-2.724175e+03 |-2.726498e+03 |   0.09%| unknown
 10.5s|     1 |     0 |  5353 |     - |   144M |   0 | 343 |1980 |2050 |  48 | 20 |   5 |   0 |-2.724175e+03 |-2.726498e+03 |   0.09%| unknown
 11.3s|     1 |     0 |  6560 |     - |   144M |   0 | 343 |1987 |2050 |  48 | 21 |  12 |   2 |-2.724788e+03 |-2.726498e+03 |   0.06%| unknown
 11.6s|     1 |     0 |  6560 |     - |   144M |   0 | 343 |1988 |2050 |  48 | 22 |  13 |   7 |-2.724920e+03 |-2.726498e+03 |   0.06%| unknown
 12.0s|     1 |     0 |  6716 |     - |   144M |   0 | 343 |1936 |2050 |  48 | 23 |  15 |  15 |-2.724920e+03 |-2.726498e+03 |   0.06%| unknown
 12.1s|     1 |     0 |  6716 |     - |   144M |   0 | 343 |1936 |1854 |  48 | 23 |  15 |  15 |-2.724920e+03 |-2.726498e+03 |   0.06%| unknown
 12.1s|     1 |     0 |  6722 |     - |   144M |   0 | 343 |1936 |1855 |  49 | 24 |  15 |  15 |-2.724920e+03 |-2.726498e+03 |   0.06%| unknown
 time | node  | left  |LP iter|LP it/n|mem/heur|mdpt |vars |cons |rows |cuts |sepa|confs|strbr|  dualbound   | primalbound  |  gap   | compl. 
 12.2s|     1 |     0 |  6726 |     - |   144M |   0 | 343 |1936 |1849 |  51 | 25 |  15 |  15 |-2.724920e+03 |-2.726498e+03 |   0.06%| unknown
 12.2s|     1 |     0 |  6726 |     - |   144M |   0 | 343 |1717 |1849 |  51 | 25 |  15 |  15 |-2.724920e+03 |-2.726498e+03 |   0.06%| unknown
 12.2s|     1 |     0 |  6726 |     - |   144M |   0 | 343 |1717 |1849 |  51 | 26 |  15 |  16 |-2.724920e+03 |-2.726498e+03 |   0.06%| unknown
 12.3s|     1 |     0 |  6726 |     - |   144M |   0 | 343 |1717 |1849 |  51 | 27 |  15 |  17 |-2.725136e+03 |-2.726498e+03 |   0.05%| unknown
 12.4s|     1 |     0 |  6726 |     - |   144M |   0 | 343 |1717 |1849 |  51 | 28 |  15 |  18 |-2.725401e+03 |-2.726498e+03 |   0.04%| unknown
 12.6s|     1 |     0 |  6791 |     - |   144M |   0 | 343 |1635 |1849 |  51 | 29 |  19 |  23 |-2.725401e+03 |-2.726498e+03 |   0.04%| unknown
 12.6s|     1 |     0 |  6791 |     - |   144M |   0 | 343 |1635 |1583 |  51 | 29 |  19 |  23 |-2.725401e+03 |-2.726498e+03 |   0.04%| unknown
 12.7s|     1 |     0 |  6801 |     - |   144M |   0 | 343 |1635 |1586 |  54 | 30 |  19 |  23 |-2.725401e+03 |-2.726498e+03 |   0.04%| unknown
 12.7s|     1 |     0 |  6816 |     - |   144M |   0 | 343 |1635 |1588 |  56 | 31 |  19 |  23 |-2.725401e+03 |-2.726498e+03 |   0.04%| unknown
 12.7s|     1 |     0 |  6816 |     - |   144M |   0 | 343 |1584 |1588 |  56 | 31 |  19 |  23 |-2.725401e+03 |-2.726498e+03 |   0.04%| unknown
 12.8s|     1 |     0 |  6816 |     - |   144M |   0 | 343 |1584 |1588 |  56 | 32 |  19 |  24 |-2.725401e+03 |-2.726498e+03 |   0.04%| unknown
 12.9s|     1 |     0 |  6918 |     - |   144M |   0 | 343 |1551 |1588 |  56 | 33 |  23 |  26 |-2.725401e+03 |-2.726498e+03 |   0.04%| unknown
 12.9s|     1 |     0 |  6918 |     - |   144M |   0 | 343 |1551 |1469 |  56 | 33 |  23 |  26 |-2.725401e+03 |-2.726498e+03 |   0.04%| unknown
 13.0s|     1 |     0 |  6925 |     - |   144M |   0 | 343 |1551 |1474 |  61 | 34 |  23 |  26 |-2.725401e+03 |-2.726498e+03 |   0.04%| unknown
 13.0s|     1 |     0 |  6925 |     - |   144M |   0 | 343 |1434 |1474 |  61 | 35 |  23 |  26 |-2.725401e+03 |-2.726498e+03 |   0.04%| unknown
 time | node  | left  |LP iter|LP it/n|mem/heur|mdpt |vars |cons |rows |cuts |sepa|confs|strbr|  dualbound   | primalbound  |  gap   | compl. 
 13.1s|     1 |     0 |  6925 |     - |   144M |   0 | 343 |1434 |1474 |  61 | 36 |  23 |  27 |-2.725420e+03 |-2.726498e+03 |   0.04%| unknown
 13.2s|     1 |     0 |  6925 |     - |   144M |   0 | 343 |1434 |1474 |  61 | 37 |  23 |  29 |-2.725465e+03 |-2.726498e+03 |   0.04%| unknown
 13.2s|     1 |     0 |  6925 |     - |   144M |   0 | 343 |1434 |1474 |  61 | 38 |  23 |  30 |-2.725465e+03 |-2.726498e+03 |   0.04%| unknown
 13.3s|     1 |     0 |  7018 |     - |   144M |   0 | 343 |1376 |1474 |  61 | 39 |  27 |  32 |-2.725490e+03 |-2.726498e+03 |   0.04%| unknown
 13.3s|     1 |     0 |  7018 |     - |   144M |   0 | 343 |1376 |1258 |  61 | 39 |  27 |  32 |-2.725490e+03 |-2.726498e+03 |   0.04%| unknown
 13.4s|     1 |     0 |  7038 |     - |   144M |   0 | 343 |1376 |1265 |  68 | 40 |  27 |  32 |-2.725505e+03 |-2.726498e+03 |   0.04%| unknown
 13.4s|     1 |     0 |  7038 |     - |   144M |   0 | 343 |1258 |1265 |  68 | 41 |  27 |  32 |-2.725505e+03 |-2.726498e+03 |   0.04%| unknown
 13.5s|     1 |     0 |  7038 |     - |   144M |   0 | 343 |1258 |1265 |  68 | 42 |  27 |  33 |-2.725954e+03 |-2.726498e+03 |   0.02%| unknown
 13.6s|     1 |     0 |  7094 |     - |   144M |   0 | 343 |1159 |1265 |  68 | 43 |  29 |  34 |-2.725954e+03 |-2.726498e+03 |   0.02%| unknown
 13.6s|     1 |     0 |  7094 |     - |   144M |   0 | 343 |1159 |1077 |  68 | 43 |  29 |  34 |-2.725954e+03 |-2.726498e+03 |   0.02%| unknown
 13.7s|     1 |     0 |  7119 |     - |   144M |   0 | 343 |1159 |1082 |  73 | 44 |  29 |  34 |-2.725954e+03 |-2.726498e+03 |   0.02%| unknown
 13.7s|     1 |     0 |  7119 |     - |   144M |   0 | 343 | 944 |1082 |  73 | 45 |  29 |  34 |-2.725954e+03 |-2.726498e+03 |   0.02%| unknown
 13.7s|     1 |     0 |  7123 |     - |   144M |   0 | 343 | 944 |1083 |  74 | 46 |  29 |  34 |-2.725954e+03 |-2.726498e+03 |   0.02%| unknown
 13.8s|     1 |     0 |  7156 |     - |   144M |   0 | 343 | 892 |1083 |  74 | 47 |  31 |  35 |-2.725954e+03 |-2.726498e+03 |   0.02%| unknown
 13.8s|     1 |     0 |  7178 |     - |   144M |   0 | 343 | 878 |1083 |  74 | 48 |  34 |  36 |-2.725954e+03 |-2.726498e+03 |   0.02%| unknown
 time | node  | left  |LP iter|LP it/n|mem/heur|mdpt |vars |cons |rows |cuts |sepa|confs|strbr|  dualbound   | primalbound  |  gap   | compl. 
 13.8s|     1 |     0 |  7178 |     - |   144M |   0 | 343 | 878 | 857 |  74 | 48 |  34 |  36 |-2.725954e+03 |-2.726498e+03 |   0.02%| unknown
 13.8s|     1 |     0 |  7178 |     - |   144M |   0 | 343 | 853 | 857 |  74 | 49 |  34 |  36 |-2.725954e+03 |-2.726498e+03 |   0.02%| unknown
 13.8s|     1 |     0 |  7185 |     - |   144M |   0 | 343 | 854 | 857 |  74 | 50 |  36 |  38 |-2.726031e+03 |-2.726498e+03 |   0.02%| unknown
 13.9s|     1 |     0 |  7196 |     - |   144M |   0 | 343 | 813 | 857 |  74 | 51 |  38 |  39 |-2.726031e+03 |-2.726498e+03 |   0.02%| unknown
 13.9s|     1 |     0 |  7196 |     - |   144M |   0 | 343 | 813 | 791 |  74 | 51 |  38 |  39 |-2.726031e+03 |-2.726498e+03 |   0.02%| unknown
 13.9s|     1 |     0 |  7196 |     - |   144M |   0 | 343 | 798 | 791 |  74 | 52 |  38 |  39 |-2.726031e+03 |-2.726498e+03 |   0.02%| unknown
 13.9s|     1 |     0 |  7196 |     - |   144M |   0 | 343 | 798 | 791 |  74 | 53 |  38 |  40 |-2.726031e+03 |-2.726498e+03 |   0.02%| unknown
 13.9s|     1 |     0 |  7196 |     - |   144M |   0 | 343 | 798 | 791 |  74 | 54 |  38 |  41 |-2.726031e+03 |-2.726498e+03 |   0.02%| unknown
 14.0s|     1 |     2 |  7196 |     - |   144M |   0 | 343 | 798 | 791 |  74 | 55 |  38 |  41 |-2.726031e+03 |-2.726498e+03 |   0.02%| unknown

SCIP Status        : problem is solved [optimal solution found]
Solving Time (sec) : 14.01
Solving Nodes      : 3 (total of 4 nodes in 2 runs)
Primal Bound       : -2.72649802371541e+03 (63 solutions)
Dual Bound         : -2.72649802371541e+03
Gap                : 0.00 %
  [linear] <c3800>: <x254>[C] (+31.8359684) +0.5<x1>[B] (+1) +0.5<x2>[B] (+1) +0.5<x3>[B] (+0) +0.5<x4>[B] (+0) +0.5<x5>[B] (+0) +0.5<x6>[B] (+1) +0.5<x7>[B] (+1) +0.5<x8>[B] (+1) +0.5<x9>[B] (+0) +0.5<x10>[B] (+1) +0.5<x11>[B] (+1) +0.5<x12>[B] (+1) +0.5<x13>[B] (+1) +0.5<x14>[B] (+0) +0.5<x15>[B] (+1) +0.5<x16>[B] (+0) +0.5<x17>[B] (+1) +0.5<x18>[B] (+0) +0.5<x19>[B] (+1) +0.5<x20>[B] (+0) +0.5<x21>[B] (+1) +0.5<x22>[B] (+0) -0.5<x23>[B] (+1) -0.5<x24>[B] (+0) -0.5<x25>[B] (+0) -0.5<x26>[B] (+0) +0.5<x27>[B] (+1) -0.5<x28>[B] (+1) -0.5<x29>[B] (+1) -0.5<x30>[B] (+0) -0.5<x31>[B] (+1) -0.5<x32>[B] (+0) +0.5<x33>[B] (+1) -0.5<x34>[B] (+0) +0.5<x35>[B] (+0) -0.5<x36>[B] (+1) -0.5<x37>[B] (+0) -0.5<x38>[B] (+0) +0.5<x39>[B] (+0) -0.5<x40>[B] (+0) +0.5<x41>[B] (+0) -0.5<x42>[B] (+1) -0.5<x43>[B] (+0) -0.5<x44>[B] (+0) -0.5<x45>[B] (+0) +0.5<x46>[B] (+0) +0.5<x47>[B] (+0) +0.5<x48>[B] (+0) -0.5<x49>[B] (+0) +0.5<x50>[B] (+0) -0.5<x51>[B] (+0) -0.5<x52>[B] (+0) +0.5<x53>[B] (+0) -0.5<x54>[B] (+0) +0.5<x55>[B] (+0) -0.5<x56>[B] (+1) +0.5<x57>[B] (+0) +0.5<x58>[B] (+0) +0.5<x59>[B] (+0) -0.5<x60>[B] (+0) +0.5<x61>[B] (+0) +0.5<x62>[B] (+0) -0.5<x63>[B] (+0) -0.5<x64>[B] (+0) +0.5<x65>[B] (+1) +0.5<x66>[B] (+1) +0.5<x67>[B] (+1) -0.5<x68>[B] (+1) +0.5<x69>[B] (+1) -0.5<x70>[B] (+1) -0.5<x71>[B] (+1) +0.5<x72>[B] (+1) -0.5<x73>[B] (+1) +0.5<x74>[B] (+1) -0.5<x75>[B] (+1) +0.5<x76>[B] (+1) +0.5<x77>[B] (+1) +0.5<x78>[B] (+1) -0.5<x79>[B] (+1) +0.5<x80>[B] (+1) +0.5<x81>[B] (+1) -0.5<x82>[B] (+1) +0.5<x83>[B] (+1) +0.5<x84>[B] (+1) +0.5<x85>[B] (+1) +0.5<x86>[B] (+1) +0.5<x87>[B] (+1) +0.5<x88>[B] (+1) -0.5<x89>[B] (+1) +0.5<x90>[B] (+1) -0.5<x91>[B] (+1) +0.5<x92>[B] (+1) -0.5<x93>[B] (+1) +0.5<x94>[B] (+1) +0.5<x95>[B] (+1) +0.5<x96>[B] (+1) -0.5<x97>[B] (+1) +0.5<x98>[B] (+1) +0.5<x99>[B] (+1) -0.5<x100>[B] (+1) +0.5<x101>[B] (+1) +0.5<x102>[B] (+1) -0.5<x103>[B] (+1) +0.5<x104>[B] (+1) -0.5<x105>[B] (+1) -0.5<x106>[B] (+1) +0.5<x107>[B] (+1) -0.5<x108>[B] (+1) +0.5<x109>[B] (+1) -0.5<x110>[B] (+1) +0.5<x111>[B] (+0) +0.5<x112>[B] (+1) +0.5<x113>[B] (+0) -0.5<x114>[B] (+1) +0.5<x115>[B] (+0) +0.5<x116>[B] (+1) -0.5<x117>[B] (+0) -0.5<x118>[B] (+1) -0.5<x119>[B] (+1) -0.5<x120>[B] (+0) -0.5<x121>[B] (+0) -0.5<x122>[B] (+0) -0.5<x123>[B] (+1) -0.5<x124>[B] (+0) -0.5<x125>[B] (+0) -0.5<x126>[B] (+1) -0.5<x127>[B] (+0) -0.5<x128>[B] (+0) -0.5<x129>[B] (+0) -0.5<x130>[B] (+0) -0.5<x131>[B] (+0) -0.5<x132>[B] (+1) -0.5<x133>[B] (+0) -0.5<x134>[B] (+1) +0.5<x135>[B] (+0) -0.5<x136>[B] (+0) -0.5<x137>[B] (+0) +0.5<x138>[B] (+1) -0.5<x139>[B] (+0) +0.5<x140>[B] (+0) -0.5<x141>[B] (+1) +0.5<x142>[B] (+0) +0.5<x143>[B] (+0) +0.5<x144>[B] (+0) -0.5<x145>[B] (+0) +0.5<x146>[B] (+0) +0.5<x147>[B] (+1) -0.5<x148>[B] (+0) +0.5<x149>[B] (+0) -0.5<x150>[B] (+0) -0.5<x151>[B] (+0) +0.5<x152>[B] (+0) -0.5<x153>[B] (+0) +0.5<x154>[B] (+0) -0.5<x155>[B] (+1) +0.5<x156>[B] (+0) +0.5<x157>[B] (+0) +0.5<x158>[B] (+0) -0.5<x159>[B] (+0) +0.5<x160>[B] (+0) +0.5<x161>[B] (+0) -0.5<x162>[B] (+0) -0.5<x163>[B] (+1) -0.5<x164>[B] (+1) +0.5<x165>[B] (+1) -0.5<x166>[B] (+1) +0.5<x167>[B] (+0) -0.5<x168>[B] (+1) -0.5<x169>[B] (+0) -0.5<x170>[B] (+1) +0.5<x171>[B] (+0) -0.5<x172>[B] (+1) +0.5<x173>[B] (+0) -0.5<x174>[B] (+1) -0.5<x175>[B] (+0) -0.5<x176>[B] (+0) +0.5<x177>[B] (+1) -0.5<x178>[B] (+0) +0.5<x179>[B] (+0) -0.5<x180>[B] (+1) +0.5<x181>[B] (+0) +0.5<x182>[B] (+0) +0.5<x183>[B] (+0) -0.5<x184>[B] (+0) +0.5<x185>[B] (+0) +0.5<x186>[B] (+1) -0.5<x187>[B] (+0) +0.5<x188>[B] (+1) +0.5<x189>[B] (+0) +0.5<x190>[B] (+0) +0.5<x191>[B] (+1) +0.5<x192>[B] (+0) +0.5<x193>[B] (+0) +0.5<x194>[B] (+0) +0.5<x195>[B] (+0) +0.5<x196>[B] (+0) +0.5<x197>[B] (+1) -0.5<x198>[B] (+0) -0.5<x199>[B] (+0) -0.5<x200>[B] (+0) -0.5<x201>[B] (+1) -0.5<x202>[B] (+0) -0.5<x203>[B] (+0) -0.5<x204>[B] (+0) -0.5<x205>[B] (+0) +0.5<x206>[B] (+0) -0.5<x207>[B] (+0) -0.5<x208>[B] (+0) +0.5<x209>[B] (+0) +0.5<x210>[B] (+1) +0.5<x211>[B] (+0) +0.5<x212>[B] (+0) +0.5<x213>[B] (+0) +0.5<x214>[B] (+0) +0.5<x215>[B] (+0) +0.5<x216>[B] (+1) -0.5<x217>[B] (+0) -0.5<x218>[B] (+1) -0.5<x219>[B] (+0) -0.5<x220>[B] (+1) +0.5<x221>[B] (+0) -0.5<x222>[B] (+1) +0.5<x223>[B] (+0) -0.5<x224>[B] (+1) -0.5<x225>[B] (+0) +0.5<x226>[B] (+0) +0.5<x227>[B] (+0) +0.5<x228>[B] (+0) -0.5<x229>[B] (+0) +0.5<x230>[B] (+0) +0.5<x231>[B] (+0) -0.5<x232>[B] (+0) -0.5<x233>[B] (+1) +0.5<x234>[B] (+0) -0.5<x235>[B] (+1) +0.5<x236>[B] (+0) -0.5<x237>[B] (+1) -0.5<x238>[B] (+0) +0.5<x239>[B] (+0) -0.5<x240>[B] (+0) +0.5<x241>[B] (+0) +0.5<x242>[B] (+1) -0.5<x243>[B] (+0) -0.5<x244>[B] (+1) +0.5<x245>[B] (+0) -0.5<x246>[B] (+1) -0.5<x247>[B] (+0) +0.5<x248>[B] (+0) +0.5<x249>[B] (+1) -0.5<x250>[B] (+0) -0.5<x251>[B] (+1) -0.5<x252>[B] (+0) -0.5<x253>[B] (+0) >= 34.8754940711462;
;
violation: left hand side is violated by 0.0395256916995947
  [linear] <c3800>: <x254>[C] (+31.8359684) +0.5<x1>[B] (+1) +0.5<x2>[B] (+1) +0.5<x3>[B] (+1) +0.5<x4>[B] (+0) +0.5<x5>[B] (+1) +0.5<x6>[B] (+1) +0.5<x7>[B] (+1) +0.5<x8>[B] (+1) +0.5<x9>[B] (+1) +0.5<x10>[B] (+1) +0.5<x11>[B] (+1) +0.5<x12>[B] (+1) +0.5<x13>[B] (+1) +0.5<x14>[B] (+1) +0.5<x15>[B] (+1) +0.5<x16>[B] (+0) +0.5<x17>[B] (+1) +0.5<x18>[B] (+1) +0.5<x19>[B] (+1) +0.5<x20>[B] (+0) +0.5<x21>[B] (+1) +0.5<x22>[B] (+0) -0.5<x23>[B] (+1) -0.5<x24>[B] (+0) -0.5<x25>[B] (+0) -0.5<x26>[B] (+0) +0.5<x27>[B] (+1) -0.5<x28>[B] (+1) -0.5<x29>[B] (+1) -0.5<x30>[B] (+0) -0.5<x31>[B] (+1) -0.5<x32>[B] (+0) +0.5<x33>[B] (+1) -0.5<x34>[B] (+0) +0.5<x35>[B] (+0) -0.5<x36>[B] (+1) -0.5<x37>[B] (+0) -0.5<x38>[B] (+0) +0.5<x39>[B] (+0) -0.5<x40>[B] (+0) +0.5<x41>[B] (+0) -0.5<x42>[B] (+1) -0.5<x43>[B] (+0) -0.5<x44>[B] (+0) -0.5<x45>[B] (+0) +0.5<x46>[B] (+0) +0.5<x47>[B] (+0) +0.5<x48>[B] (+0) -0.5<x49>[B] (+0) +0.5<x50>[B] (+0) -0.5<x51>[B] (+0) -0.5<x52>[B] (+0) +0.5<x53>[B] (+0) -0.5<x54>[B] (+0) +0.5<x55>[B] (+0) -0.5<x56>[B] (+1) +0.5<x57>[B] (+0) +0.5<x58>[B] (+0) +0.5<x59>[B] (+0) -0.5<x60>[B] (+0) +0.5<x61>[B] (+0) +0.5<x62>[B] (+0) -0.5<x63>[B] (+0) -0.5<x64>[B] (+0) +0.5<x65>[B] (+1) +0.5<x66>[B] (+1) +0.5<x67>[B] (+1) -0.5<x68>[B] (+1) +0.5<x69>[B] (+1) -0.5<x70>[B] (+1) -0.5<x71>[B] (+1) +0.5<x72>[B] (+1) -0.5<x73>[B] (+1) +0.5<x74>[B] (+1) -0.5<x75>[B] (+1) +0.5<x76>[B] (+0) +0.5<x77>[B] (+1) +0.5<x78>[B] (+1) -0.5<x79>[B] (+1) +0.5<x80>[B] (+0) +0.5<x81>[B] (+1) -0.5<x82>[B] (+0) +0.5<x83>[B] (+1) +0.5<x84>[B] (+1) +0.5<x85>[B] (+1) +0.5<x86>[B] (+1) +0.5<x87>[B] (+1) +0.5<x88>[B] (+1) -0.5<x89>[B] (+1) +0.5<x90>[B] (+1) -0.5<x91>[B] (+1) +0.5<x92>[B] (+1) -0.5<x93>[B] (+1) +0.5<x94>[B] (+1) +0.5<x95>[B] (+1) +0.5<x96>[B] (+1) -0.5<x97>[B] (+1) +0.5<x98>[B] (+1) +0.5<x99>[B] (+1) -0.5<x100>[B] (+1) +0.5<x101>[B] (+1) +0.5<x102>[B] (+1) -0.5<x103>[B] (+1) +0.5<x104>[B] (+1) -0.5<x105>[B] (+1) -0.5<x106>[B] (+1) +0.5<x107>[B] (+1) -0.5<x108>[B] (+1) +0.5<x109>[B] (+1) -0.5<x110>[B] (+1) +0.5<x111>[B] (+0) +0.5<x112>[B] (+1) +0.5<x113>[B] (+0) -0.5<x114>[B] (+1) +0.5<x115>[B] (+0) +0.5<x116>[B] (+1) -0.5<x117>[B] (+0) -0.5<x118>[B] (+1) -0.5<x119>[B] (+1) -0.5<x120>[B] (+0) -0.5<x121>[B] (+1) -0.5<x122>[B] (+0) -0.5<x123>[B] (+1) -0.5<x124>[B] (+0) -0.5<x125>[B] (+0) -0.5<x126>[B] (+1) -0.5<x127>[B] (+0) -0.5<x128>[B] (+0) -0.5<x129>[B] (+0) -0.5<x130>[B] (+0) -0.5<x131>[B] (+0) -0.5<x132>[B] (+1) -0.5<x133>[B] (+0) -0.5<x134>[B] (+1) +0.5<x135>[B] (+0) -0.5<x136>[B] (+1) -0.5<x137>[B] (+0) +0.5<x138>[B] (+1) -0.5<x139>[B] (+0) +0.5<x140>[B] (+0) -0.5<x141>[B] (+1) +0.5<x142>[B] (+0) +0.5<x143>[B] (+0) +0.5<x144>[B] (+0) -0.5<x145>[B] (+0) +0.5<x146>[B] (+0) +0.5<x147>[B] (+1) -0.5<x148>[B] (+0) +0.5<x149>[B] (+0) -0.5<x150>[B] (+0) -0.5<x151>[B] (+0) +0.5<x152>[B] (+0) -0.5<x153>[B] (+0) +0.5<x154>[B] (+0) -0.5<x155>[B] (+1) +0.5<x156>[B] (+0) +0.5<x157>[B] (+0) +0.5<x158>[B] (+0) -0.5<x159>[B] (+0) +0.5<x160>[B] (+0) +0.5<x161>[B] (+0) -0.5<x162>[B] (+0) -0.5<x163>[B] (+1) -0.5<x164>[B] (+1) +0.5<x165>[B] (+1) -0.5<x166>[B] (+1) +0.5<x167>[B] (+0) -0.5<x168>[B] (+1) -0.5<x169>[B] (+0) -0.5<x170>[B] (+1) +0.5<x171>[B] (+0) -0.5<x172>[B] (+1) +0.5<x173>[B] (+0) -0.5<x174>[B] (+1) -0.5<x175>[B] (+0) -0.5<x176>[B] (+0) +0.5<x177>[B] (+1) -0.5<x178>[B] (+0) +0.5<x179>[B] (+0) -0.5<x180>[B] (+1) +0.5<x181>[B] (+0) +0.5<x182>[B] (+0) +0.5<x183>[B] (+0) -0.5<x184>[B] (+0) +0.5<x185>[B] (+0) +0.5<x186>[B] (+0) -0.5<x187>[B] (+0) +0.5<x188>[B] (+1) +0.5<x189>[B] (+0) +0.5<x190>[B] (+0) +0.5<x191>[B] (+1) +0.5<x192>[B] (+0) +0.5<x193>[B] (+0) +0.5<x194>[B] (+0) +0.5<x195>[B] (+0) +0.5<x196>[B] (+0) +0.5<x197>[B] (+1) -0.5<x198>[B] (+0) -0.5<x199>[B] (+0) -0.5<x200>[B] (+0) -0.5<x201>[B] (+1) -0.5<x202>[B] (+0) -0.5<x203>[B] (+0) -0.5<x204>[B] (+0) -0.5<x205>[B] (+0) +0.5<x206>[B] (+0) -0.5<x207>[B] (+0) -0.5<x208>[B] (+0) +0.5<x209>[B] (+0) +0.5<x210>[B] (+1) +0.5<x211>[B] (+0) +0.5<x212>[B] (+0) +0.5<x213>[B] (+0) +0.5<x214>[B] (+0) +0.5<x215>[B] (+0) +0.5<x216>[B] (+1) -0.5<x217>[B] (+0) -0.5<x218>[B] (+1) -0.5<x219>[B] (+0) -0.5<x220>[B] (+1) +0.5<x221>[B] (+0) -0.5<x222>[B] (+1) +0.5<x223>[B] (+0) -0.5<x224>[B] (+1) -0.5<x225>[B] (+0) +0.5<x226>[B] (+0) +0.5<x227>[B] (+0) +0.5<x228>[B] (+0) -0.5<x229>[B] (+0) +0.5<x230>[B] (+0) +0.5<x231>[B] (+0) -0.5<x232>[B] (+0) -0.5<x233>[B] (+1) +0.5<x234>[B] (+1) -0.5<x235>[B] (+1) +0.5<x236>[B] (+0) -0.5<x237>[B] (+1) -0.5<x238>[B] (+1) +0.5<x239>[B] (+0) -0.5<x240>[B] (+0) +0.5<x241>[B] (+0) +0.5<x242>[B] (+1) -0.5<x243>[B] (+0) -0.5<x244>[B] (+1) +0.5<x245>[B] (+0) -0.5<x246>[B] (+1) -0.5<x247>[B] (+0) +0.5<x248>[B] (+0) +0.5<x249>[B] (+1) -0.5<x250>[B] (+0) -0.5<x251>[B] (+1) -0.5<x252>[B] (+1) -0.5<x253>[B] (+0) >= 34.8754940711462;
;
violation: left hand side is violated by 0.0395256916995947
  [linear] <c3819>: <x280>[C] (+42.5948617) +0.555335968<x1>[B] (+1) -0.555335968<x2>[B] (+1) +0.555335968<x3>[B] (+1) -0.555335968<x4>[B] (+0) +0.555335968<x5>[B] (+0) -0.555335968<x6>[B] (+1) -0.555335968<x7>[B] (+1) +0.555335968<x8>[B] (+1) +0.555335968<x9>[B] (+0) +0.555335968<x10>[B] (+1) -0.555335968<x11>[B] (+1) -0.555335968<x12>[B] (+1) -0.555335968<x13>[B] (+1) -0.555335968<x14>[B] (+0) +0.555335968<x15>[B] (+1) +0.555335968<x16>[B] (+0) +0.555335968<x17>[B] (+1) -0.555335968<x18>[B] (+0) +0.555335968<x19>[B] (+1) +0.555335968<x20>[B] (+0) -0.555335968<x21>[B] (+1) -0.555335968<x22>[B] (+0) -0.555335968<x23>[B] (+1) +0.555335968<x24>[B] (+0) -0.555335968<x25>[B] (+0) +0.555335968<x26>[B] (+0) -0.555335968<x27>[B] (+1) -0.555335968<x28>[B] (+1) +0.555335968<x29>[B] (+1) -0.555335968<x30>[B] (+0) -0.555335968<x31>[B] (+1) -0.555335968<x32>[B] (+1) -0.555335968<x33>[B] (+1) -0.555335968<x34>[B] (+0) -0.555335968<x35>[B] (+0) -0.555335968<x36>[B] (+1) +0.555335968<x37>[B] (+0) -0.555335968<x38>[B] (+1) -0.555335968<x39>[B] (+0) -0.555335968<x40>[B] (+0) +0.555335968<x41>[B] (+0) -0.555335968<x42>[B] (+1) -0.555335968<x43>[B] (+0) +0.555335968<x44>[B] (+0) +0.555335968<x45>[B] (+0) +0.555335968<x46>[B] (+0) +0.555335968<x47>[B] (+0) +0.555335968<x48>[B] (+0) +0.555335968<x49>[B] (+0) +0.555335968<x50>[B] (+0) +0.555335968<x51>[B] (+0) +0.555335968<x52>[B] (+0) +0.555335968<x53>[B] (+0) +0.555335968<x54>[B] (+0) +0.555335968<x55>[B] (+0) +0.555335968<x56>[B] (+0) +0.555335968<x57>[B] (+0) +0.555335968<x58>[B] (+0) +0.555335968<x59>[B] (+0) +0.555335968<x60>[B] (+0) +0.555335968<x61>[B] (+0) +0.555335968<x62>[B] (+0) -0.555335968<x63>[B] (+0) -0.555335968<x64>[B] (+0) +0.555335968<x65>[B] (+0) -0.555335968<x66>[B] (+1) -0.555335968<x67>[B] (+1) +0.555335968<x68>[B] (+1) -0.555335968<x69>[B] (+0) -0.555335968<x70>[B] (+1) -0.555335968<x71>[B] (+1) -0.555335968<x72>[B] (+1) -0.555335968<x73>[B] (+1) -0.555335968<x74>[B] (+0) -0.555335968<x75>[B] (+1) +0.555335968<x76>[B] (+0) -0.555335968<x77>[B] (+1) -0.555335968<x78>[B] (+0) -0.555335968<x79>[B] (+1) -0.555335968<x80>[B] (+0) -0.555335968<x81>[B] (+1) -0.555335968<x82>[B] (+0) +0.555335968<x83>[B] (+1) +0.555335968<x84>[B] (+1) -0.555335968<x85>[B] (+1) +0.555335968<x86>[B] (+1) +0.555335968<x87>[B] (+1) +0.555335968<x88>[B] (+1) +0.555335968<x89>[B] (+1) -0.555335968<x90>[B] (+1) -0.555335968<x91>[B] (+1) -0.555335968<x92>[B] (+1) +0.555335968<x93>[B] (+1) +0.555335968<x94>[B] (+1) +0.555335968<x95>[B] (+1) -0.555335968<x96>[B] (+1) +0.555335968<x97>[B] (+1) +0.555335968<x98>[B] (+1) +0.555335968<x99>[B] (+1) -0.555335968<x100>[B] (+1) -0.555335968<x101>[B] (+1) -0.555335968<x102>[B] (+1) +0.555335968<x103>[B] (+1) -0.555335968<x104>[B] (+1) -0.555335968<x105>[B] (+1) -0.555335968<x106>[B] (+1) -0.555335968<x107>[B] (+1) -0.555335968<x108>[B] (+1) -0.555335968<x109>[B] (+1) -0.555335968<x110>[B] (+1) +0.555335968<x111>[B] (+0) -0.555335968<x112>[B] (+1) -0.555335968<x113>[B] (+0) -0.555335968<x114>[B] (+1) -0.555335968<x115>[B] (+0) -0.555335968<x116>[B] (+1) -0.555335968<x117>[B] (+0) -0.555335968<x118>[B] (+0) +0.555335968<x119>[B] (+0) +0.555335968<x120>[B] (+0) +0.555335968<x121>[B] (+0) +0.555335968<x122>[B] (+0) -0.555335968<x123>[B] (+1) -0.555335968<x124>[B] (+0) -0.555335968<x125>[B] (+0) +0.555335968<x126>[B] (+0) +0.555335968<x127>[B] (+0) +0.555335968<x128>[B] (+0) -0.555335968<x129>[B] (+0) +0.555335968<x130>[B] (+0) +0.555335968<x131>[B] (+0) +0.555335968<x132>[B] (+0) -0.555335968<x133>[B] (+0) +0.555335968<x134>[B] (+0) +0.555335968<x135>[B] (+0) +0.555335968<x136>[B] (+0) +0.555335968<x137>[B] (+0) -0.555335968<x138>[B] (+1) -0.555335968<x139>[B] (+0) -0.555335968<x140>[B] (+0) +0.555335968<x141>[B] (+1) +0.555335968<x142>[B] (+0) +0.555335968<x143>[B] (+0) +0.555335968<x144>[B] (+0) +0.555335968<x145>[B] (+0) +0.555335968<x146>[B] (+0) +0.555335968<x147>[B] (+0) -0.555335968<x148>[B] (+0) -0.555335968<x149>[B] (+0) -0.555335968<x150>[B] (+1) -0.555335968<x151>[B] (+1) -0.555335968<x152>[B] (+1) -0.555335968<x153>[B] (+0) -0.555335968<x154>[B] (+0) -0.555335968<x155>[B] (+1) +0.555335968<x156>[B] (+0) -0.555335968<x157>[B] (+0) -0.555335968<x158>[B] (+0) -0.555335968<x159>[B] (+0) -0.555335968<x160>[B] (+0) -0.555335968<x161>[B] (+0) -0.555335968<x162>[B] (+0) -0.555335968<x163>[B] (+1) -0.555335968<x164>[B] (+1) -0.555335968<x165>[B] (+1) -0.555335968<x166>[B] (+1) -0.555335968<x167>[B] (+0) +0.555335968<x168>[B] (+1) +0.555335968<x169>[B] (+0) -0.555335968<x170>[B] (+1) -0.555335968<x171>[B] (+0) -0.555335968<x172>[B] (+1) +0.555335968<x173>[B] (+0) -0.555335968<x174>[B] (+1) -0.555335968<x175>[B] (+0) -0.555335968<x176>[B] (+0) -0.555335968<x177>[B] (+1) -0.555335968<x178>[B] (+0) -0.555335968<x179>[B] (+0) +0.555335968<x180>[B] (+1) +0.555335968<x181>[B] (+0) -0.555335968<x182>[B] (+0) -0.555335968<x183>[B] (+0) +0.555335968<x184>[B] (+0) +0.555335968<x185>[B] (+0) -0.555335968<x186>[B] (+0) -0.555335968<x187>[B] (+0) -0.555335968<x188>[B] (+1) -0.555335968<x189>[B] (+0) -0.555335968<x190>[B] (+0) +0.555335968<x191>[B] (+1) +0.555335968<x192>[B] (+0) +0.555335968<x193>[B] (+0) -0.555335968<x194>[B] (+0) +0.555335968<x195>[B] (+0) +0.555335968<x196>[B] (+0) +0.555335968<x197>[B] (+0) -0.555335968<x198>[B] (+0) +0.555335968<x199>[B] (+0) -0.555335968<x200>[B] (+0) +0.555335968<x201>[B] (+0) +0.555335968<x202>[B] (+0) +0.555335968<x203>[B] (+0) +0.555335968<x204>[B] (+0) +0.555335968<x205>[B] (+0) +0.555335968<x206>[B] (+0) +0.555335968<x207>[B] (+0) -0.555335968<x208>[B] (+0) -0.555335968<x209>[B] (+0) +0.555335968<x210>[B] (+1) +0.555335968<x211>[B] (+0) +0.555335968<x212>[B] (+1) +0.555335968<x213>[B] (+0) +0.555335968<x214>[B] (+0) +0.555335968<x215>[B] (+0) +0.555335968<x216>[B] (+1) -0.555335968<x217>[B] (+0) +0.555335968<x218>[B] (+1) +0.555335968<x219>[B] (+0) +0.555335968<x220>[B] (+1) +0.555335968<x221>[B] (+0) +0.555335968<x222>[B] (+1) +0.555335968<x223>[B] (+0) +0.555335968<x224>[B] (+1) -0.555335968<x225>[B] (+0) +0.555335968<x226>[B] (+0) -0.555335968<x227>[B] (+0) -0.555335968<x228>[B] (+0) -0.555335968<x229>[B] (+0) +0.555335968<x230>[B] (+0) -0.555335968<x231>[B] (+0) -0.555335968<x232>[B] (+0) -0.555335968<x233>[B] (+1) -0.555335968<x234>[B] (+0) -0.555335968<x235>[B] (+1) -0.555335968<x236>[B] (+0) -0.555335968<x237>[B] (+1) -0.555335968<x238>[B] (+0) -0.555335968<x239>[B] (+0) +0.555335968<x240>[B] (+0) +0.555335968<x241>[B] (+0) -0.555335968<x242>[B] (+1) -0.555335968<x243>[B] (+0) +0.555335968<x244>[B] (+1) +0.555335968<x245>[B] (+0) +0.555335968<x246>[B] (+1) -0.555335968<x247>[B] (+0) +0.555335968<x248>[B] (+0) -0.555335968<x249>[B] (+1) -0.555335968<x250>[B] (+0) -0.555335968<x251>[B] (+1) -0.555335968<x252>[B] (+0) -0.555335968<x253>[B] (+0) >= 25.9624505928854;
;
violation: left hand side is violated by 0.0276679841897334
  [linear] <c3811>: <x269>[C] (+42.1146245) +0.575098814<x1>[B] (+1) +0.575098814<x2>[B] (+1) -0.575098814<x3>[B] (+1) +0.575098814<x4>[B] (+0) +0.575098814<x5>[B] (+1) -0.575098814<x6>[B] (+1) +0.575098814<x7>[B] (+1) -0.575098814<x8>[B] (+1) -0.575098814<x9>[B] (+1) +0.575098814<x10>[B] (+1) -0.575098814<x11>[B] (+1) +0.575098814<x12>[B] (+1) +0.575098814<x13>[B] (+1) +0.575098814<x14>[B] (+1) +0.575098814<x15>[B] (+1) +0.575098814<x16>[B] (+1) +0.575098814<x17>[B] (+1) +0.575098814<x18>[B] (+1) -0.575098814<x19>[B] (+1) +0.575098814<x20>[B] (+0) +0.575098814<x21>[B] (+1) -0.575098814<x22>[B] (+0) -0.575098814<x23>[B] (+1) -0.575098814<x24>[B] (+0) +0.575098814<x25>[B] (+0) -0.575098814<x26>[B] (+0) -0.575098814<x27>[B] (+1) +0.575098814<x28>[B] (+1) -0.575098814<x29>[B] (+1) -0.575098814<x30>[B] (+0) +0.575098814<x31>[B] (+0) -0.575098814<x32>[B] (+1) -0.575098814<x33>[B] (+1) +0.575098814<x34>[B] (+0) -0.575098814<x35>[B] (+0) -0.575098814<x36>[B] (+1) +0.575098814<x37>[B] (+0) -0.575098814<x38>[B] (+0) +0.575098814<x39>[B] (+1) -0.575098814<x40>[B] (+0) +0.575098814<x41>[B] (+0) -0.575098814<x42>[B] (+0) -0.575098814<x43>[B] (+0) -0.575098814<x44>[B] (+0) +0.575098814<x45>[B] (+0) -0.575098814<x46>[B] (+0) -0.575098814<x47>[B] (+0) +0.575098814<x48>[B] (+0) -0.575098814<x49>[B] (+0) -0.575098814<x50>[B] (+0) +0.575098814<x51>[B] (+0) -0.575098814<x52>[B] (+0) -0.575098814<x53>[B] (+0) +0.575098814<x54>[B] (+0) +0.575098814<x55>[B] (+0) +0.575098814<x56>[B] (+0) +0.575098814<x57>[B] (+0) +0.575098814<x58>[B] (+0) +0.575098814<x59>[B] (+0) -0.575098814<x60>[B] (+0) +0.575098814<x61>[B] (+0) +0.575098814<x62>[B] (+0) -0.575098814<x63>[B] (+0) +0.575098814<x64>[B] (+0) +0.575098814<x65>[B] (+0) +0.575098814<x66>[B] (+1) +0.575098814<x67>[B] (+1) -0.575098814<x68>[B] (+1) -0.575098814<x69>[B] (+1) +0.575098814<x70>[B] (+1) -0.575098814<x71>[B] (+1) +0.575098814<x72>[B] (+1) +0.575098814<x73>[B] (+1) +0.575098814<x74>[B] (+1) +0.575098814<x75>[B] (+1) +0.575098814<x76>[B] (+1) +0.575098814<x77>[B] (+1) +0.575098814<x78>[B] (+1) -0.575098814<x79>[B] (+1) +0.575098814<x80>[B] (+0) +0.575098814<x81>[B] (+1) -0.575098814<x82>[B] (+0) -0.575098814<x83>[B] (+1) -0.575098814<x84>[B] (+1) -0.575098814<x85>[B] (+1) -0.575098814<x86>[B] (+1) -0.575098814<x87>[B] (+1) -0.575098814<x88>[B] (+1) -0.575098814<x89>[B] (+1) -0.575098814<x90>[B] (+1) -0.575098814<x91>[B] (+1) -0.575098814<x92>[B] (+1) -0.575098814<x93>[B] (+1) -0.575098814<x94>[B] (+1) -0.575098814<x95>[B] (+1) -0.575098814<x96>[B] (+1) -0.575098814<x97>[B] (+1) -0.575098814<x98>[B] (+1) -0.575098814<x99>[B] (+1) -0.575098814<x100>[B] (+1) -0.575098814<x101>[B] (+1) +0.575098814<x102>[B] (+1) -0.575098814<x103>[B] (+1) -0.575098814<x104>[B] (+1) +0.575098814<x105>[B] (+1) -0.575098814<x106>[B] (+1) -0.575098814<x107>[B] (+1) +0.575098814<x108>[B] (+1) +0.575098814<x109>[B] (+1) +0.575098814<x110>[B] (+1) +0.575098814<x111>[B] (+1) +0.575098814<x112>[B] (+1) +0.575098814<x113>[B] (+1) -0.575098814<x114>[B] (+1) +0.575098814<x115>[B] (+0) +0.575098814<x116>[B] (+1) -0.575098814<x117>[B] (+0) +0.575098814<x118>[B] (+0) -0.575098814<x119>[B] (+1) -0.575098814<x120>[B] (+0) +0.575098814<x121>[B] (+0) -0.575098814<x122>[B] (+1) +0.575098814<x123>[B] (+1) +0.575098814<x124>[B] (+0) +0.575098814<x125>[B] (+0) +0.575098814<x126>[B] (+1) +0.575098814<x127>[B] (+0) +0.575098814<x128>[B] (+0) +0.575098814<x129>[B] (+1) -0.575098814<x130>[B] (+0) +0.575098814<x131>[B] (+0) +0.575098814<x132>[B] (+0) -0.575098814<x133>[B] (+0) -0.575098814<x134>[B] (+1) -0.575098814<x135>[B] (+0) +0.575098814<x136>[B] (+0) -0.575098814<x137>[B] (+1) -0.575098814<x138>[B] (+1) +0.575098814<x139>[B] (+0) -0.575098814<x140>[B] (+0) -0.575098814<x141>[B] (+1) +0.575098814<x142>[B] (+0) -0.575098814<x143>[B] (+0) +0.575098814<x144>[B] (+1) -0.575098814<x145>[B] (+0) +0.575098814<x146>[B] (+0) -0.575098814<x147>[B] (+0) -0.575098814<x148>[B] (+0) +0.575098814<x149>[B] (+0) +0.575098814<x150>[B] (+0) -0.575098814<x151>[B] (+0) +0.575098814<x152>[B] (+1) +0.575098814<x153>[B] (+0) +0.575098814<x154>[B] (+0) +0.575098814<x155>[B] (+1) +0.575098814<x156>[B] (+0) +0.575098814<x157>[B] (+0) +0.575098814<x158>[B] (+1) -0.575098814<x159>[B] (+0) +0.575098814<x160>[B] (+0) +0.575098814<x161>[B] (+0) +0.575098814<x162>[B] (+0) +0.575098814<x163>[B] (+1) -0.575098814<x164>[B] (+1) +0.575098814<x165>[B] (+1) +0.575098814<x166>[B] (+1) +0.575098814<x167>[B] (+1) +0.575098814<x168>[B] (+1) +0.575098814<x169>[B] (+0) +0.575098814<x170>[B] (+1) +0.575098814<x171>[B] (+1) -0.575098814<x172>[B] (+1) +0.575098814<x173>[B] (+0) +0.575098814<x174>[B] (+1) +0.575098814<x175>[B] (+0) -0.575098814<x176>[B] (+1) -0.575098814<x177>[B] (+1) +0.575098814<x178>[B] (+0) -0.575098814<x179>[B] (+1) -0.575098814<x180>[B] (+1) +0.575098814<x181>[B] (+0) -0.575098814<x182>[B] (+1) +0.575098814<x183>[B] (+1) -0.575098814<x184>[B] (+1) +0.575098814<x185>[B] (+0) -0.575098814<x186>[B] (+1) -0.575098814<x187>[B] (+0) +0.575098814<x188>[B] (+1) +0.575098814<x189>[B] (+0) +0.575098814<x190>[B] (+0) +0.575098814<x191>[B] (+1) +0.575098814<x192>[B] (+0) +0.575098814<x193>[B] (+0) +0.575098814<x194>[B] (+1) +0.575098814<x195>[B] (+0) +0.575098814<x196>[B] (+0) +0.575098814<x197>[B] (+0) +0.575098814<x198>[B] (+0) +0.575098814<x199>[B] (+0) +0.575098814<x200>[B] (+0) +0.575098814<x201>[B] (+0) +0.575098814<x202>[B] (+0) +0.575098814<x203>[B] (+0) +0.575098814<x204>[B] (+0) -0.575098814<x205>[B] (+0) +0.575098814<x206>[B] (+0) +0.575098814<x207>[B] (+0) -0.575098814<x208>[B] (+0) -0.575098814<x209>[B] (+1) -0.575098814<x210>[B] (+1) -0.575098814<x211>[B] (+0) -0.575098814<x212>[B] (+1) -0.575098814<x213>[B] (+1) -0.575098814<x214>[B] (+1) +0.575098814<x215>[B] (+0) -0.575098814<x216>[B] (+1) -0.575098814<x217>[B] (+0) +0.575098814<x218>[B] (+1) +0.575098814<x219>[B] (+0) +0.575098814<x220>[B] (+0) +0.575098814<x221>[B] (+1) -0.575098814<x222>[B] (+0) +0.575098814<x223>[B] (+0) +0.575098814<x224>[B] (+0) -0.575098814<x225>[B] (+0) +0.575098814<x226>[B] (+0) +0.575098814<x227>[B] (+0) +0.575098814<x228>[B] (+1) -0.575098814<x229>[B] (+0) +0.575098814<x230>[B] (+0) +0.575098814<x231>[B] (+0) -0.575098814<x232>[B] (+0) -0.575098814<x233>[B] (+1) +0.575098814<x234>[B] (+1) -0.575098814<x235>[B] (+1) +0.575098814<x236>[B] (+0) -0.575098814<x237>[B] (+1) -0.575098814<x238>[B] (+0) +0.575098814<x239>[B] (+1) -0.575098814<x240>[B] (+1) +0.575098814<x241>[B] (+0) +0.575098814<x242>[B] (+1) -0.575098814<x243>[B] (+0) -0.575098814<x244>[B] (+0) +0.575098814<x245>[B] (+0) -0.575098814<x246>[B] (+0) -0.575098814<x247>[B] (+0) +0.575098814<x248>[B] (+0) +0.575098814<x249>[B] (+1) +0.575098814<x250>[B] (+0) -0.575098814<x251>[B] (+1) -0.575098814<x252>[B] (+1) -0.575098814<x253>[B] (+0) >= 38.6758893280632;
;
violation: left hand side is violated by 0.0118577075098685
  [linear] <c3801>: <x256>[C] (+51.8616601) -0.638339921<x1>[B] (+1) -0.638339921<x2>[B] (+1) -0.638339921<x3>[B] (+0) +0.638339921<x4>[B] (+0) +0.638339921<x5>[B] (+0) -0.638339921<x6>[B] (+1) -0.638339921<x7>[B] (+1) -0.638339921<x8>[B] (+1) +0.638339921<x9>[B] (+0) -0.638339921<x10>[B] (+1) -0.638339921<x11>[B] (+1) -0.638339921<x12>[B] (+1) -0.638339921<x13>[B] (+1) -0.638339921<x14>[B] (+0) -0.638339921<x15>[B] (+1) +0.638339921<x16>[B] (+0) -0.638339921<x17>[B] (+1) -0.638339921<x18>[B] (+0) -0.638339921<x19>[B] (+1) -0.638339921<x20>[B] (+0) +0.638339921<x21>[B] (+1) +0.638339921<x22>[B] (+0) +0.638339921<x23>[B] (+1) +0.638339921<x24>[B] (+0) +0.638339921<x25>[B] (+0) +0.638339921<x26>[B] (+0) -0.638339921<x27>[B] (+1) +0.638339921<x28>[B] (+1) -0.638339921<x29>[B] (+1) +0.638339921<x30>[B] (+0) +0.638339921<x31>[B] (+1) +0.638339921<x32>[B] (+0) -0.638339921<x33>[B] (+1) +0.638339921<x34>[B] (+0) +0.638339921<x35>[B] (+0) +0.638339921<x36>[B] (+1) +0.638339921<x37>[B] (+0) +0.638339921<x38>[B] (+0) -0.638339921<x39>[B] (+0) -0.638339921<x40>[B] (+0) -0.638339921<x41>[B] (+0) +0.638339921<x42>[B] (+1) +0.638339921<x43>[B] (+0) -0.638339921<x44>[B] (+0) +0.638339921<x45>[B] (+0) +0.638339921<x46>[B] (+0) -0.638339921<x47>[B] (+0) +0.638339921<x48>[B] (+0) -0.638339921<x49>[B] (+0) +0.638339921<x50>[B] (+0) +0.638339921<x51>[B] (+0) -0.638339921<x52>[B] (+0) -0.638339921<x53>[B] (+0) +0.638339921<x54>[B] (+0) +0.638339921<x55>[B] (+0) -0.638339921<x56>[B] (+1) +0.638339921<x57>[B] (+0) +0.638339921<x58>[B] (+0) -0.638339921<x59>[B] (+0) -0.638339921<x60>[B] (+0) -0.638339921<x61>[B] (+0) +0.638339921<x62>[B] (+0) +0.638339921<x63>[B] (+0) +0.638339921<x64>[B] (+0) +0.638339921<x65>[B] (+1) -0.638339921<x66>[B] (+1) +0.638339921<x67>[B] (+1) -0.638339921<x68>[B] (+1) +0.638339921<x69>[B] (+1) +0.638339921<x70>[B] (+1) -0.638339921<x71>[B] (+1) -0.638339921<x72>[B] (+1) +0.638339921<x73>[B] (+1) +0.638339921<x74>[B] (+1) +0.638339921<x75>[B] (+1) +0.638339921<x76>[B] (+1) +0.638339921<x77>[B] (+1) -0.638339921<x78>[B] (+1) -0.638339921<x79>[B] (+1) -0.638339921<x80>[B] (+0) +0.638339921<x81>[B] (+1) +0.638339921<x82>[B] (+0) -0.638339921<x83>[B] (+1) -0.638339921<x84>[B] (+1) -0.638339921<x85>[B] (+1) -0.638339921<x86>[B] (+1) +0.638339921<x87>[B] (+1) -0.638339921<x88>[B] (+1) -0.638339921<x89>[B] (+1) -0.638339921<x90>[B] (+1) -0.638339921<x91>[B] (+1) -0.638339921<x92>[B] (+1) -0.638339921<x93>[B] (+1) -0.638339921<x94>[B] (+1) -0.638339921<x95>[B] (+1) -0.638339921<x96>[B] (+1) -0.638339921<x97>[B] (+1) -0.638339921<x98>[B] (+1) -0.638339921<x99>[B] (+1) -0.638339921<x100>[B] (+1) -0.638339921<x101>[B] (+1) -0.638339921<x102>[B] (+1) -0.638339921<x103>[B] (+1) +0.638339921<x104>[B] (+1) -0.638339921<x105>[B] (+1) -0.638339921<x106>[B] (+1) -0.638339921<x107>[B] (+1) -0.638339921<x108>[B] (+1) -0.638339921<x109>[B] (+1) -0.638339921<x110>[B] (+1) -0.638339921<x111>[B] (+0) -0.638339921<x112>[B] (+1) -0.638339921<x113>[B] (+0) -0.638339921<x114>[B] (+1) -0.638339921<x115>[B] (+0) -0.638339921<x116>[B] (+1) +0.638339921<x117>[B] (+0) +0.638339921<x118>[B] (+1) +0.638339921<x119>[B] (+1) +0.638339921<x120>[B] (+0) +0.638339921<x121>[B] (+1) +0.638339921<x122>[B] (+0) +0.638339921<x123>[B] (+1) +0.638339921<x124>[B] (+0) +0.638339921<x125>[B] (+0) +0.638339921<x126>[B] (+1) +0.638339921<x127>[B] (+0) +0.638339921<x128>[B] (+0) +0.638339921<x129>[B] (+0) +0.638339921<x130>[B] (+0) +0.638339921<x131>[B] (+0) +0.638339921<x132>[B] (+1) +0.638339921<x133>[B] (+0) -0.638339921<x134>[B] (+1) +0.638339921<x135>[B] (+0) +0.638339921<x136>[B] (+1) -0.638339921<x137>[B] (+0) -0.638339921<x138>[B] (+1) +0.638339921<x139>[B] (+0) +0.638339921<x140>[B] (+0) -0.638339921<x141>[B] (+1) +0.638339921<x142>[B] (+0) -0.638339921<x143>[B] (+0) -0.638339921<x144>[B] (+0) -0.638339921<x145>[B] (+0) -0.638339921<x146>[B] (+0) +0.638339921<x147>[B] (+1) +0.638339921<x148>[B] (+0) +0.638339921<x149>[B] (+0) +0.638339921<x150>[B] (+0) +0.638339921<x151>[B] (+0) +0.638339921<x152>[B] (+0) +0.638339921<x153>[B] (+0) +0.638339921<x154>[B] (+0) +0.638339921<x155>[B] (+1) +0.638339921<x156>[B] (+0) +0.638339921<x157>[B] (+0) +0.638339921<x158>[B] (+0) +0.638339921<x159>[B] (+0) +0.638339921<x160>[B] (+0) +0.638339921<x161>[B] (+0) +0.638339921<x162>[B] (+0) -0.638339921<x163>[B] (+1) -0.638339921<x164>[B] (+1) -0.638339921<x165>[B] (+1) -0.638339921<x166>[B] (+1) -0.638339921<x167>[B] (+1) -0.638339921<x168>[B] (+1) -0.638339921<x169>[B] (+0) -0.638339921<x170>[B] (+1) -0.638339921<x171>[B] (+0) -0.638339921<x172>[B] (+1) -0.638339921<x173>[B] (+0) -0.638339921<x174>[B] (+1) -0.638339921<x175>[B] (+0) -0.638339921<x176>[B] (+0) -0.638339921<x177>[B] (+1) +0.638339921<x178>[B] (+0) +0.638339921<x179>[B] (+0) -0.638339921<x180>[B] (+1) +0.638339921<x181>[B] (+0) -0.638339921<x182>[B] (+0) -0.638339921<x183>[B] (+0) -0.638339921<x184>[B] (+0) -0.638339921<x185>[B] (+0) +0.638339921<x186>[B] (+1) +0.638339921<x187>[B] (+0) -0.638339921<x188>[B] (+1) +0.638339921<x189>[B] (+0) +0.638339921<x190>[B] (+0) +0.638339921<x191>[B] (+1) +0.638339921<x192>[B] (+0) +0.638339921<x193>[B] (+0) -0.638339921<x194>[B] (+0) -0.638339921<x195>[B] (+0) -0.638339921<x196>[B] (+0) +0.638339921<x197>[B] (+1) +0.638339921<x198>[B] (+0) +0.638339921<x199>[B] (+0) +0.638339921<x200>[B] (+0) +0.638339921<x201>[B] (+1) +0.638339921<x202>[B] (+0) +0.638339921<x203>[B] (+0) -0.638339921<x204>[B] (+0) -0.638339921<x205>[B] (+0) -0.638339921<x206>[B] (+0) +0.638339921<x207>[B] (+0) +0.638339921<x208>[B] (+0) -0.638339921<x209>[B] (+0) -0.638339921<x210>[B] (+1) +0.638339921<x211>[B] (+0) -0.638339921<x212>[B] (+0) -0.638339921<x213>[B] (+0) -0.638339921<x214>[B] (+0) -0.638339921<x215>[B] (+0) +0.638339921<x216>[B] (+1) +0.638339921<x217>[B] (+0) -0.638339921<x218>[B] (+1) +0.638339921<x219>[B] (+0) -0.638339921<x220>[B] (+1) -0.638339921<x221>[B] (+0) -0.638339921<x222>[B] (+1) -0.638339921<x223>[B] (+0) +0.638339921<x224>[B] (+1) +0.638339921<x225>[B] (+0) +0.638339921<x226>[B] (+0) +0.638339921<x227>[B] (+0) -0.638339921<x228>[B] (+0) -0.638339921<x229>[B] (+0) -0.638339921<x230>[B] (+0) +0.638339921<x231>[B] (+0) +0.638339921<x232>[B] (+0) -0.638339921<x233>[B] (+1) -0.638339921<x234>[B] (+0) -0.638339921<x235>[B] (+1) -0.638339921<x236>[B] (+0) +0.638339921<x237>[B] (+1) +0.638339921<x238>[B] (+0) -0.638339921<x239>[B] (+0) -0.638339921<x240>[B] (+1) -0.638339921<x241>[B] (+0) +0.638339921<x242>[B] (+1) +0.638339921<x243>[B] (+0) -0.638339921<x244>[B] (+1) +0.638339921<x245>[B] (+0) +0.638339921<x246>[B] (+1) +0.638339921<x247>[B] (+0) +0.638339921<x248>[B] (+0) +0.638339921<x249>[B] (+1) +0.638339921<x250>[B] (+0) +0.638339921<x251>[B] (+1) +0.638339921<x252>[B] (+0) +0.638339921<x253>[B] (+0) >= 28.8853754940711;
;
violation: left hand side is violated by 0.003952569169968
  [linear] <c3801>: <x256>[C] (+51.8616601) -0.638339921<x1>[B] (+1) -0.638339921<x2>[B] (+1) -0.638339921<x3>[B] (+0) +0.638339921<x4>[B] (+0) +0.638339921<x5>[B] (+0) -0.638339921<x6>[B] (+1) -0.638339921<x7>[B] (+1) -0.638339921<x8>[B] (+1) +0.638339921<x9>[B] (+0) -0.638339921<x10>[B] (+1) -0.638339921<x11>[B] (+1) -0.638339921<x12>[B] (+1) -0.638339921<x13>[B] (+1) -0.638339921<x14>[B] (+0) -0.638339921<x15>[B] (+1) +0.638339921<x16>[B] (+0) -0.638339921<x17>[B] (+1) -0.638339921<x18>[B] (+0) -0.638339921<x19>[B] (+1) -0.638339921<x20>[B] (+0) +0.638339921<x21>[B] (+1) +0.638339921<x22>[B] (+0) +0.638339921<x23>[B] (+1) +0.638339921<x24>[B] (+0) +0.638339921<x25>[B] (+0) +0.638339921<x26>[B] (+0) -0.638339921<x27>[B] (+1) +0.638339921<x28>[B] (+1) -0.638339921<x29>[B] (+1) +0.638339921<x30>[B] (+0) +0.638339921<x31>[B] (+1) +0.638339921<x32>[B] (+0) -0.638339921<x33>[B] (+1) +0.638339921<x34>[B] (+0) +0.638339921<x35>[B] (+0) +0.638339921<x36>[B] (+1) +0.638339921<x37>[B] (+0) +0.638339921<x38>[B] (+0) -0.638339921<x39>[B] (+0) -0.638339921<x40>[B] (+0) -0.638339921<x41>[B] (+0) +0.638339921<x42>[B] (+1) +0.638339921<x43>[B] (+0) -0.638339921<x44>[B] (+0) +0.638339921<x45>[B] (+0) +0.638339921<x46>[B] (+0) -0.638339921<x47>[B] (+0) +0.638339921<x48>[B] (+0) -0.638339921<x49>[B] (+0) +0.638339921<x50>[B] (+0) +0.638339921<x51>[B] (+0) -0.638339921<x52>[B] (+0) -0.638339921<x53>[B] (+0) +0.638339921<x54>[B] (+0) +0.638339921<x55>[B] (+0) -0.638339921<x56>[B] (+1) +0.638339921<x57>[B] (+0) +0.638339921<x58>[B] (+0) -0.638339921<x59>[B] (+0) -0.638339921<x60>[B] (+0) -0.638339921<x61>[B] (+0) +0.638339921<x62>[B] (+0) +0.638339921<x63>[B] (+0) +0.638339921<x64>[B] (+0) +0.638339921<x65>[B] (+1) -0.638339921<x66>[B] (+1) +0.638339921<x67>[B] (+1) -0.638339921<x68>[B] (+1) +0.638339921<x69>[B] (+1) +0.638339921<x70>[B] (+1) -0.638339921<x71>[B] (+1) -0.638339921<x72>[B] (+1) +0.638339921<x73>[B] (+1) +0.638339921<x74>[B] (+1) +0.638339921<x75>[B] (+1) +0.638339921<x76>[B] (+1) +0.638339921<x77>[B] (+1) -0.638339921<x78>[B] (+1) -0.638339921<x79>[B] (+1) -0.638339921<x80>[B] (+0) +0.638339921<x81>[B] (+1) +0.638339921<x82>[B] (+0) -0.638339921<x83>[B] (+1) -0.638339921<x84>[B] (+1) -0.638339921<x85>[B] (+1) -0.638339921<x86>[B] (+1) +0.638339921<x87>[B] (+1) -0.638339921<x88>[B] (+1) -0.638339921<x89>[B] (+1) -0.638339921<x90>[B] (+1) -0.638339921<x91>[B] (+1) -0.638339921<x92>[B] (+1) -0.638339921<x93>[B] (+1) -0.638339921<x94>[B] (+1) -0.638339921<x95>[B] (+1) -0.638339921<x96>[B] (+1) -0.638339921<x97>[B] (+1) -0.638339921<x98>[B] (+1) -0.638339921<x99>[B] (+1) -0.638339921<x100>[B] (+1) -0.638339921<x101>[B] (+1) -0.638339921<x102>[B] (+1) -0.638339921<x103>[B] (+1) +0.638339921<x104>[B] (+1) -0.638339921<x105>[B] (+1) -0.638339921<x106>[B] (+1) -0.638339921<x107>[B] (+1) -0.638339921<x108>[B] (+1) -0.638339921<x109>[B] (+1) -0.638339921<x110>[B] (+1) -0.638339921<x111>[B] (+0) -0.638339921<x112>[B] (+1) -0.638339921<x113>[B] (+0) -0.638339921<x114>[B] (+1) -0.638339921<x115>[B] (+0) -0.638339921<x116>[B] (+1) +0.638339921<x117>[B] (+0) +0.638339921<x118>[B] (+1) +0.638339921<x119>[B] (+1) +0.638339921<x120>[B] (+0) +0.638339921<x121>[B] (+1) +0.638339921<x122>[B] (+0) +0.638339921<x123>[B] (+1) +0.638339921<x124>[B] (+0) +0.638339921<x125>[B] (+0) +0.638339921<x126>[B] (+1) +0.638339921<x127>[B] (+0) +0.638339921<x128>[B] (+0) +0.638339921<x129>[B] (+0) +0.638339921<x130>[B] (+0) +0.638339921<x131>[B] (+0) +0.638339921<x132>[B] (+1) +0.638339921<x133>[B] (+0) -0.638339921<x134>[B] (+1) +0.638339921<x135>[B] (+0) +0.638339921<x136>[B] (+0) -0.638339921<x137>[B] (+0) -0.638339921<x138>[B] (+1) +0.638339921<x139>[B] (+0) +0.638339921<x140>[B] (+0) -0.638339921<x141>[B] (+1) +0.638339921<x142>[B] (+0) -0.638339921<x143>[B] (+0) -0.638339921<x144>[B] (+0) -0.638339921<x145>[B] (+0) -0.638339921<x146>[B] (+0) +0.638339921<x147>[B] (+1) +0.638339921<x148>[B] (+0) +0.638339921<x149>[B] (+0) +0.638339921<x150>[B] (+0) +0.638339921<x151>[B] (+0) +0.638339921<x152>[B] (+0) +0.638339921<x153>[B] (+0) +0.638339921<x154>[B] (+0) +0.638339921<x155>[B] (+1) +0.638339921<x156>[B] (+0) +0.638339921<x157>[B] (+0) +0.638339921<x158>[B] (+0) +0.638339921<x159>[B] (+0) +0.638339921<x160>[B] (+0) +0.638339921<x161>[B] (+0) +0.638339921<x162>[B] (+0) -0.638339921<x163>[B] (+1) -0.638339921<x164>[B] (+1) -0.638339921<x165>[B] (+1) -0.638339921<x166>[B] (+1) -0.638339921<x167>[B] (+1) -0.638339921<x168>[B] (+1) -0.638339921<x169>[B] (+0) -0.638339921<x170>[B] (+1) -0.638339921<x171>[B] (+0) -0.638339921<x172>[B] (+1) -0.638339921<x173>[B] (+0) -0.638339921<x174>[B] (+1) -0.638339921<x175>[B] (+0) -0.638339921<x176>[B] (+0) -0.638339921<x177>[B] (+1) +0.638339921<x178>[B] (+0) +0.638339921<x179>[B] (+0) -0.638339921<x180>[B] (+1) +0.638339921<x181>[B] (+0) -0.638339921<x182>[B] (+0) -0.638339921<x183>[B] (+0) -0.638339921<x184>[B] (+0) -0.638339921<x185>[B] (+0) +0.638339921<x186>[B] (+1) +0.638339921<x187>[B] (+0) -0.638339921<x188>[B] (+1) +0.638339921<x189>[B] (+0) +0.638339921<x190>[B] (+0) +0.638339921<x191>[B] (+1) +0.638339921<x192>[B] (+0) +0.638339921<x193>[B] (+0) -0.638339921<x194>[B] (+0) -0.638339921<x195>[B] (+0) -0.638339921<x196>[B] (+0) +0.638339921<x197>[B] (+1) +0.638339921<x198>[B] (+0) +0.638339921<x199>[B] (+0) +0.638339921<x200>[B] (+0) +0.638339921<x201>[B] (+1) +0.638339921<x202>[B] (+0) +0.638339921<x203>[B] (+0) -0.638339921<x204>[B] (+0) -0.638339921<x205>[B] (+0) -0.638339921<x206>[B] (+0) +0.638339921<x207>[B] (+0) +0.638339921<x208>[B] (+0) -0.638339921<x209>[B] (+0) -0.638339921<x210>[B] (+1) +0.638339921<x211>[B] (+0) -0.638339921<x212>[B] (+0) -0.638339921<x213>[B] (+0) -0.638339921<x214>[B] (+0) -0.638339921<x215>[B] (+0) +0.638339921<x216>[B] (+1) +0.638339921<x217>[B] (+0) -0.638339921<x218>[B] (+1) +0.638339921<x219>[B] (+0) -0.638339921<x220>[B] (+1) -0.638339921<x221>[B] (+0) -0.638339921<x222>[B] (+1) -0.638339921<x223>[B] (+0) +0.638339921<x224>[B] (+1) +0.638339921<x225>[B] (+0) +0.638339921<x226>[B] (+0) +0.638339921<x227>[B] (+0) -0.638339921<x228>[B] (+0) -0.638339921<x229>[B] (+0) -0.638339921<x230>[B] (+0) +0.638339921<x231>[B] (+0) +0.638339921<x232>[B] (+0) -0.638339921<x233>[B] (+1) -0.638339921<x234>[B] (+0) -0.638339921<x235>[B] (+1) -0.638339921<x236>[B] (+0) +0.638339921<x237>[B] (+1) +0.638339921<x238>[B] (+0) -0.638339921<x239>[B] (+0) -0.638339921<x240>[B] (+1) -0.638339921<x241>[B] (+0) +0.638339921<x242>[B] (+1) +0.638339921<x243>[B] (+0) -0.638339921<x244>[B] (+1) +0.638339921<x245>[B] (+0) +0.638339921<x246>[B] (+1) +0.638339921<x247>[B] (+0) +0.638339921<x248>[B] (+0) +0.638339921<x249>[B] (+1) +0.638339921<x250>[B] (+0) +0.638339921<x251>[B] (+1) +0.638339921<x252>[B] (+1) +0.638339921<x253>[B] (+0) >= 28.8853754940711;
;
violation: left hand side is violated by 0.003952569169968
  [linear] <c3810>: <x268>[C] (+27.513834) -0.464426877<x1>[B] (+1) +0.464426877<x2>[B] (+1) +0.464426877<x3>[B] (+0) +0.464426877<x4>[B] (+0) +0.464426877<x5>[B] (+0) +0.464426877<x6>[B] (+1) +0.464426877<x7>[B] (+1) +0.464426877<x8>[B] (+1) +0.464426877<x9>[B] (+0) +0.464426877<x10>[B] (+1) +0.464426877<x11>[B] (+1) +0.464426877<x12>[B] (+1) +0.464426877<x13>[B] (+1) -0.464426877<x14>[B] (+0) -0.464426877<x15>[B] (+1) +0.464426877<x16>[B] (+0) -0.464426877<x17>[B] (+0) -0.464426877<x18>[B] (+0) -0.464426877<x19>[B] (+1) +0.464426877<x20>[B] (+0) +0.464426877<x21>[B] (+1) +0.464426877<x22>[B] (+0) +0.464426877<x23>[B] (+1) +0.464426877<x24>[B] (+0) +0.464426877<x25>[B] (+0) +0.464426877<x26>[B] (+0) +0.464426877<x27>[B] (+1) +0.464426877<x28>[B] (+1) +0.464426877<x29>[B] (+1) +0.464426877<x30>[B] (+0) +0.464426877<x31>[B] (+1) +0.464426877<x32>[B] (+0) +0.464426877<x33>[B] (+1) +0.464426877<x34>[B] (+0) +0.464426877<x35>[B] (+0) +0.464426877<x36>[B] (+1) +0.464426877<x37>[B] (+0) -0.464426877<x38>[B] (+0) -0.464426877<x39>[B] (+0) +0.464426877<x40>[B] (+0) +0.464426877<x41>[B] (+0) +0.464426877<x42>[B] (+1) +0.464426877<x43>[B] (+0) -0.464426877<x44>[B] (+0) +0.464426877<x45>[B] (+0) -0.464426877<x46>[B] (+0) +0.464426877<x47>[B] (+0) +0.464426877<x48>[B] (+0) -0.464426877<x49>[B] (+0) -0.464426877<x50>[B] (+0) -0.464426877<x51>[B] (+0) +0.464426877<x52>[B] (+0) +0.464426877<x53>[B] (+0) -0.464426877<x54>[B] (+0) -0.464426877<x55>[B] (+0) -0.464426877<x56>[B] (+1) -0.464426877<x57>[B] (+0) -0.464426877<x58>[B] (+0) -0.464426877<x59>[B] (+0) -0.464426877<x60>[B] (+0) +0.464426877<x61>[B] (+0) -0.464426877<x62>[B] (+0) -0.464426877<x63>[B] (+0) +0.464426877<x64>[B] (+0) -0.464426877<x65>[B] (+1) +0.464426877<x66>[B] (+1) +0.464426877<x67>[B] (+1) -0.464426877<x68>[B] (+1) -0.464426877<x69>[B] (+1) -0.464426877<x70>[B] (+1) +0.464426877<x71>[B] (+1) +0.464426877<x72>[B] (+1) -0.464426877<x73>[B] (+1) -0.464426877<x74>[B] (+1) -0.464426877<x75>[B] (+1) -0.464426877<x76>[B] (+1) -0.464426877<x77>[B] (+1) -0.464426877<x78>[B] (+1) -0.464426877<x79>[B] (+1) +0.464426877<x80>[B] (+0) -0.464426877<x81>[B] (+1) -0.464426877<x82>[B] (+0) -0.464426877<x83>[B] (+1) +0.464426877<x84>[B] (+1) +0.464426877<x85>[B] (+1) -0.464426877<x86>[B] (+1) -0.464426877<x87>[B] (+1) -0.464426877<x88>[B] (+1) +0.464426877<x89>[B] (+1) +0.464426877<x90>[B] (+1) -0.464426877<x91>[B] (+1) -0.464426877<x92>[B] (+1) -0.464426877<x93>[B] (+1) -0.464426877<x94>[B] (+1) -0.464426877<x95>[B] (+1) -0.464426877<x96>[B] (+1) -0.464426877<x97>[B] (+1) +0.464426877<x98>[B] (+1) -0.464426877<x99>[B] (+1) -0.464426877<x100>[B] (+1) +0.464426877<x101>[B] (+1) +0.464426877<x102>[B] (+1) -0.464426877<x103>[B] (+1) -0.464426877<x104>[B] (+1) -0.464426877<x105>[B] (+1) +0.464426877<x106>[B] (+1) +0.464426877<x107>[B] (+1) +0.464426877<x108>[B] (+1) -0.464426877<x109>[B] (+1) -0.464426877<x110>[B] (+1) -0.464426877<x111>[B] (+0) -0.464426877<x112>[B] (+1) -0.464426877<x113>[B] (+0) -0.464426877<x114>[B] (+1) +0.464426877<x115>[B] (+0) -0.464426877<x116>[B] (+1) -0.464426877<x117>[B] (+0) +0.464426877<x118>[B] (+1) -0.464426877<x119>[B] (+1) -0.464426877<x120>[B] (+0) -0.464426877<x121>[B] (+1) +0.464426877<x122>[B] (+0) +0.464426877<x123>[B] (+1) -0.464426877<x124>[B] (+0) -0.464426877<x125>[B] (+0) -0.464426877<x126>[B] (+1) -0.464426877<x127>[B] (+0) -0.464426877<x128>[B] (+0) -0.464426877<x129>[B] (+0) -0.464426877<x130>[B] (+0) +0.464426877<x131>[B] (+0) -0.464426877<x132>[B] (+1) -0.464426877<x133>[B] (+0) -0.464426877<x134>[B] (+1) -0.464426877<x135>[B] (+0) -0.464426877<x136>[B] (+1) +0.464426877<x137>[B] (+0) +0.464426877<x138>[B] (+1) -0.464426877<x139>[B] (+0) -0.464426877<x140>[B] (+0) -0.464426877<x141>[B] (+1) -0.464426877<x142>[B] (+0) -0.464426877<x143>[B] (+0) -0.464426877<x144>[B] (+0) -0.464426877<x145>[B] (+0) -0.464426877<x146>[B] (+0) -0.464426877<x147>[B] (+1) -0.464426877<x148>[B] (+0) -0.464426877<x149>[B] (+0) +0.464426877<x150>[B] (+0) +0.464426877<x151>[B] (+0) +0.464426877<x152>[B] (+0) +0.464426877<x153>[B] (+0) -0.464426877<x154>[B] (+0) -0.464426877<x155>[B] (+1) +0.464426877<x156>[B] (+0) -0.464426877<x157>[B] (+0) -0.464426877<x158>[B] (+0) -0.464426877<x159>[B] (+0) +0.464426877<x160>[B] (+0) +0.464426877<x161>[B] (+0) -0.464426877<x162>[B] (+0) +0.464426877<x163>[B] (+1) +0.464426877<x164>[B] (+1) +0.464426877<x165>[B] (+1) +0.464426877<x166>[B] (+1) -0.464426877<x167>[B] (+0) -0.464426877<x168>[B] (+1) +0.464426877<x169>[B] (+0) -0.464426877<x170>[B] (+1) -0.464426877<x171>[B] (+0) -0.464426877<x172>[B] (+1) +0.464426877<x173>[B] (+0) +0.464426877<x174>[B] (+1) -0.464426877<x175>[B] (+0) +0.464426877<x176>[B] (+0) +0.464426877<x177>[B] (+1) +0.464426877<x178>[B] (+0) -0.464426877<x179>[B] (+0) -0.464426877<x180>[B] (+1) +0.464426877<x181>[B] (+0) -0.464426877<x182>[B] (+0) -0.464426877<x183>[B] (+0) -0.464426877<x184>[B] (+0) +0.464426877<x185>[B] (+0) +0.464426877<x186>[B] (+1) -0.464426877<x187>[B] (+0) -0.464426877<x188>[B] (+1) -0.464426877<x189>[B] (+0) -0.464426877<x190>[B] (+0) -0.464426877<x191>[B] (+1) -0.464426877<x192>[B] (+0) -0.464426877<x193>[B] (+0) -0.464426877<x194>[B] (+0) -0.464426877<x195>[B] (+0) -0.464426877<x196>[B] (+0) -0.464426877<x197>[B] (+1) -0.464426877<x198>[B] (+0) -0.464426877<x199>[B] (+0) -0.464426877<x200>[B] (+0) -0.464426877<x201>[B] (+1) -0.464426877<x202>[B] (+0) -0.464426877<x203>[B] (+0) -0.464426877<x204>[B] (+0) -0.464426877<x205>[B] (+0) -0.464426877<x206>[B] (+0) -0.464426877<x207>[B] (+0) -0.464426877<x208>[B] (+0) -0.464426877<x209>[B] (+0) -0.464426877<x210>[B] (+1) -0.464426877<x211>[B] (+0) -0.464426877<x212>[B] (+0) -0.464426877<x213>[B] (+0) -0.464426877<x214>[B] (+0) +0.464426877<x215>[B] (+0) -0.464426877<x216>[B] (+1) -0.464426877<x217>[B] (+0) +0.464426877<x218>[B] (+1) +0.464426877<x219>[B] (+0) -0.464426877<x220>[B] (+1) -0.464426877<x221>[B] (+0) +0.464426877<x222>[B] (+1) +0.464426877<x223>[B] (+0) +0.464426877<x224>[B] (+1) +0.464426877<x225>[B] (+0) +0.464426877<x226>[B] (+0) -0.464426877<x227>[B] (+0) -0.464426877<x228>[B] (+0) -0.464426877<x229>[B] (+0) +0.464426877<x230>[B] (+0) +0.464426877<x231>[B] (+0) +0.464426877<x232>[B] (+0) -0.464426877<x233>[B] (+1) -0.464426877<x234>[B] (+0) -0.464426877<x235>[B] (+1) +0.464426877<x236>[B] (+0) +0.464426877<x237>[B] (+1) -0.464426877<x238>[B] (+0) -0.464426877<x239>[B] (+0) +0.464426877<x240>[B] (+1) +0.464426877<x241>[B] (+0) +0.464426877<x242>[B] (+1) +0.464426877<x243>[B] (+0) +0.464426877<x244>[B] (+1) +0.464426877<x245>[B] (+0) +0.464426877<x246>[B] (+1) +0.464426877<x247>[B] (+0) +0.464426877<x248>[B] (+0) +0.464426877<x249>[B] (+1) +0.464426877<x250>[B] (+0) -0.464426877<x251>[B] (+1) -0.464426877<x252>[B] (+0) -0.464426877<x253>[B] (+0) >= 22.8735177865613;
;
violation: left hand side is violated by 0.00395256916994313
  [linear] <c3801>: <x256>[C] (+53.7648221) -0.638339921<x1>[B] (+1) -0.638339921<x2>[B] (+1) -0.638339921<x3>[B] (+0) +0.638339921<x4>[B] (+0) +0.638339921<x5>[B] (+0) -0.638339921<x6>[B] (+1) -0.638339921<x7>[B] (+1) -0.638339921<x8>[B] (+1) +0.638339921<x9>[B] (+0) -0.638339921<x10>[B] (+1) -0.638339921<x11>[B] (+1) -0.638339921<x12>[B] (+1) -0.638339921<x13>[B] (+1) -0.638339921<x14>[B] (+0) -0.638339921<x15>[B] (+1) +0.638339921<x16>[B] (+0) -0.638339921<x17>[B] (+1) -0.638339921<x18>[B] (+0) -0.638339921<x19>[B] (+1) -0.638339921<x20>[B] (+0) +0.638339921<x21>[B] (+1) +0.638339921<x22>[B] (+0) +0.638339921<x23>[B] (+1) +0.638339921<x24>[B] (+0) +0.638339921<x25>[B] (+0) +0.638339921<x26>[B] (+0) -0.638339921<x27>[B] (+1) +0.638339921<x28>[B] (+1) -0.638339921<x29>[B] (+1) +0.638339921<x30>[B] (+0) +0.638339921<x31>[B] (+1) +0.638339921<x32>[B] (+0) -0.638339921<x33>[B] (+1) +0.638339921<x34>[B] (+0) +0.638339921<x35>[B] (+0) +0.638339921<x36>[B] (+1) +0.638339921<x37>[B] (+0) +0.638339921<x38>[B] (+0) -0.638339921<x39>[B] (+0) -0.638339921<x40>[B] (+0) -0.638339921<x41>[B] (+0) +0.638339921<x42>[B] (+1) +0.638339921<x43>[B] (+0) -0.638339921<x44>[B] (+0) +0.638339921<x45>[B] (+0) +0.638339921<x46>[B] (+0) -0.638339921<x47>[B] (+0) +0.638339921<x48>[B] (+0) -0.638339921<x49>[B] (+0) +0.638339921<x50>[B] (+0) +0.638339921<x51>[B] (+0) -0.638339921<x52>[B] (+0) -0.638339921<x53>[B] (+0) +0.638339921<x54>[B] (+0) +0.638339921<x55>[B] (+0) -0.638339921<x56>[B] (+1) +0.638339921<x57>[B] (+0) +0.638339921<x58>[B] (+0) -0.638339921<x59>[B] (+0) -0.638339921<x60>[B] (+0) -0.638339921<x61>[B] (+0) +0.638339921<x62>[B] (+0) +0.638339921<x63>[B] (+0) +0.638339921<x64>[B] (+0) +0.638339921<x65>[B] (+1) -0.638339921<x66>[B] (+1) +0.638339921<x67>[B] (+1) -0.638339921<x68>[B] (+1) +0.638339921<x69>[B] (+1) +0.638339921<x70>[B] (+1) -0.638339921<x71>[B] (+1) -0.638339921<x72>[B] (+1) +0.638339921<x73>[B] (+1) +0.638339921<x74>[B] (+1) +0.638339921<x75>[B] (+1) +0.638339921<x76>[B] (+1) +0.638339921<x77>[B] (+1) -0.638339921<x78>[B] (+1) -0.638339921<x79>[B] (+1) -0.638339921<x80>[B] (+1) +0.638339921<x81>[B] (+1) +0.638339921<x82>[B] (+0) -0.638339921<x83>[B] (+1) -0.638339921<x84>[B] (+1) -0.638339921<x85>[B] (+1) -0.638339921<x86>[B] (+1) +0.638339921<x87>[B] (+1) -0.638339921<x88>[B] (+1) -0.638339921<x89>[B] (+1) -0.638339921<x90>[B] (+1) -0.638339921<x91>[B] (+1) -0.638339921<x92>[B] (+1) -0.638339921<x93>[B] (+1) -0.638339921<x94>[B] (+1) -0.638339921<x95>[B] (+1) -0.638339921<x96>[B] (+1) -0.638339921<x97>[B] (+1) -0.638339921<x98>[B] (+1) -0.638339921<x99>[B] (+1) -0.638339921<x100>[B] (+1) -0.638339921<x101>[B] (+1) -0.638339921<x102>[B] (+1) -0.638339921<x103>[B] (+1) +0.638339921<x104>[B] (+1) -0.638339921<x105>[B] (+1) -0.638339921<x106>[B] (+1) -0.638339921<x107>[B] (+1) -0.638339921<x108>[B] (+1) -0.638339921<x109>[B] (+1) -0.638339921<x110>[B] (+1) -0.638339921<x111>[B] (+0) -0.638339921<x112>[B] (+1) -0.638339921<x113>[B] (-5.55111512e-17) -0.638339921<x114>[B] (+1) -0.638339921<x115>[B] (-5.55111512e-17) -0.638339921<x116>[B] (+1) +0.638339921<x117>[B] (-5.55111512e-17) +0.638339921<x118>[B] (+1) +0.638339921<x119>[B] (+1) +0.638339921<x120>[B] (-5.55111512e-17) +0.638339921<x121>[B] (+1) +0.638339921<x122>[B] (+0) +0.638339921<x123>[B] (+1) +0.638339921<x124>[B] (+0) +0.638339921<x125>[B] (+0) +0.638339921<x126>[B] (+1) +0.638339921<x127>[B] (+0) +0.638339921<x128>[B] (+0) +0.638339921<x129>[B] (-5.55111512e-17) +0.638339921<x130>[B] (+0) +0.638339921<x131>[B] (+0) +0.638339921<x132>[B] (+1) +0.638339921<x133>[B] (+0) -0.638339921<x134>[B] (+1) +0.638339921<x135>[B] (+0) +0.638339921<x136>[B] (+1) -0.638339921<x137>[B] (+0) -0.638339921<x138>[B] (+1) +0.638339921<x139>[B] (+0) +0.638339921<x140>[B] (+0) -0.638339921<x141>[B] (+1) +0.638339921<x142>[B] (+0) -0.638339921<x143>[B] (+0) -0.638339921<x144>[B] (+0) -0.638339921<x145>[B] (+0) -0.638339921<x146>[B] (+0) +0.638339921<x147>[B] (+1) +0.638339921<x148>[B] (+0) +0.638339921<x149>[B] (+0) +0.638339921<x150>[B] (+0) +0.638339921<x151>[B] (+0) +0.638339921<x152>[B] (+0) +0.638339921<x153>[B] (+0) +0.638339921<x154>[B] (+0) +0.638339921<x155>[B] (+1) +0.638339921<x156>[B] (+0) +0.638339921<x157>[B] (+0) +0.638339921<x158>[B] (+0) +0.638339921<x159>[B] (+0) +0.638339921<x160>[B] (+0) +0.638339921<x161>[B] (+0) +0.638339921<x162>[B] (+0) -0.638339921<x163>[B] (+1) -0.638339921<x164>[B] (+1) -0.638339921<x165>[B] (+1) -0.638339921<x166>[B] (+1) -0.638339921<x167>[B] (+1) -0.638339921<x168>[B] (+1) -0.638339921<x169>[B] (+0) -0.638339921<x170>[B] (+1) -0.638339921<x171>[B] (+0) -0.638339921<x172>[B] (+1) -0.638339921<x173>[B] (+0) -0.638339921<x174>[B] (+1) -0.638339921<x175>[B] (+0) -0.638339921<x176>[B] (+0) -0.638339921<x177>[B] (+1) +0.638339921<x178>[B] (+0) +0.638339921<x179>[B] (+0) -0.638339921<x180>[B] (+1) +0.638339921<x181>[B] (+0) -0.638339921<x182>[B] (+0) -0.638339921<x183>[B] (+0) -0.638339921<x184>[B] (+0) -0.638339921<x185>[B] (+0) +0.638339921<x186>[B] (+1) +0.638339921<x187>[B] (+0) -0.638339921<x188>[B] (+1) +0.638339921<x189>[B] (+0) +0.638339921<x190>[B] (+0) +0.638339921<x191>[B] (+1) +0.638339921<x192>[B] (+0) +0.638339921<x193>[B] (+0) -0.638339921<x194>[B] (+0) -0.638339921<x195>[B] (+0) -0.638339921<x196>[B] (+0) +0.638339921<x197>[B] (+1) +0.638339921<x198>[B] (+0) +0.638339921<x199>[B] (+0) +0.638339921<x200>[B] (+0) +0.638339921<x201>[B] (+1) +0.638339921<x202>[B] (+0) +0.638339921<x203>[B] (+0) -0.638339921<x204>[B] (+0) -0.638339921<x205>[B] (+0) -0.638339921<x206>[B] (+0) +0.638339921<x207>[B] (+0) +0.638339921<x208>[B] (+0) -0.638339921<x209>[B] (+0) -0.638339921<x210>[B] (+1) +0.638339921<x211>[B] (+0) -0.638339921<x212>[B] (+0) -0.638339921<x213>[B] (+0) -0.638339921<x214>[B] (+0) -0.638339921<x215>[B] (+0) +0.638339921<x216>[B] (+1) +0.638339921<x217>[B] (+0) -0.638339921<x218>[B] (+1) +0.638339921<x219>[B] (+0) -0.638339921<x220>[B] (+1) -0.638339921<x221>[B] (+0) -0.638339921<x222>[B] (+1) -0.638339921<x223>[B] (+0) +0.638339921<x224>[B] (+1) +0.638339921<x225>[B] (+0) +0.638339921<x226>[B] (+0) +0.638339921<x227>[B] (+0) -0.638339921<x228>[B] (+0) -0.638339921<x229>[B] (+0) -0.638339921<x230>[B] (+0) +0.638339921<x231>[B] (+0) +0.638339921<x232>[B] (+0) -0.638339921<x233>[B] (+1) -0.638339921<x234>[B] (+1) -0.638339921<x235>[B] (+1) -0.638339921<x236>[B] (+1) +0.638339921<x237>[B] (+1) +0.638339921<x238>[B] (+0) -0.638339921<x239>[B] (-5.55111512e-17) -0.638339921<x240>[B] (+1) -0.638339921<x241>[B] (+0) +0.638339921<x242>[B] (+1) +0.638339921<x243>[B] (+0) -0.638339921<x244>[B] (+1) +0.638339921<x245>[B] (+0) +0.638339921<x246>[B] (+1) +0.638339921<x247>[B] (+0) +0.638339921<x248>[B] (+0) +0.638339921<x249>[B] (+1) +0.638339921<x250>[B] (+0) +0.638339921<x251>[B] (+1) +0.638339921<x252>[B] (+0) +0.638339921<x253>[B] (+0) >= 28.8853754940711;
;
violation: left hand side is violated by 0.0158102766798436
  [linear] <c3801>: <x256>[C] (+52.4960474) -0.638339921<x1>[B] (+1) -0.638339921<x2>[B] (+1) -0.638339921<x3>[B] (+0) +0.638339921<x4>[B] (+0) +0.638339921<x5>[B] (+0) -0.638339921<x6>[B] (+1) -0.638339921<x7>[B] (+1) -0.638339921<x8>[B] (+1) +0.638339921<x9>[B] (+1) -0.638339921<x10>[B] (+1) -0.638339921<x11>[B] (+1) -0.638339921<x12>[B] (+1) -0.638339921<x13>[B] (+1) -0.638339921<x14>[B] (+0) -0.638339921<x15>[B] (+1) +0.638339921<x16>[B] (+0) -0.638339921<x17>[B] (+1) -0.638339921<x18>[B] (+0) -0.638339921<x19>[B] (+1) -0.638339921<x20>[B] (+0) +0.638339921<x21>[B] (+1) +0.638339921<x22>[B] (+0) +0.638339921<x23>[B] (+1) +0.638339921<x24>[B] (+0) +0.638339921<x25>[B] (+0) +0.638339921<x26>[B] (+0) -0.638339921<x27>[B] (+1) +0.638339921<x28>[B] (+1) -0.638339921<x29>[B] (+1) +0.638339921<x30>[B] (+0) +0.638339921<x31>[B] (+1) +0.638339921<x32>[B] (+1) -0.638339921<x33>[B] (+1) +0.638339921<x34>[B] (+0) +0.638339921<x35>[B] (+0) +0.638339921<x36>[B] (+1) +0.638339921<x37>[B] (+0) +0.638339921<x38>[B] (+0) -0.638339921<x39>[B] (+0) -0.638339921<x40>[B] (+0) -0.638339921<x41>[B] (+0) +0.638339921<x42>[B] (+1) +0.638339921<x43>[B] (+0) -0.638339921<x44>[B] (+0) +0.638339921<x45>[B] (+0) +0.638339921<x46>[B] (+0) -0.638339921<x47>[B] (+0) +0.638339921<x48>[B] (+0) -0.638339921<x49>[B] (+0) +0.638339921<x50>[B] (+0) +0.638339921<x51>[B] (+0) -0.638339921<x52>[B] (+0) -0.638339921<x53>[B] (+0) +0.638339921<x54>[B] (+0) +0.638339921<x55>[B] (+0) -0.638339921<x56>[B] (+1) +0.638339921<x57>[B] (+0) +0.638339921<x58>[B] (+0) -0.638339921<x59>[B] (+0) -0.638339921<x60>[B] (+0) -0.638339921<x61>[B] (+0) +0.638339921<x62>[B] (+0) +0.638339921<x63>[B] (+0) +0.638339921<x64>[B] (+0) +0.638339921<x65>[B] (+1) -0.638339921<x66>[B] (+1) +0.638339921<x67>[B] (+1) -0.638339921<x68>[B] (+1) +0.638339921<x69>[B] (+1) +0.638339921<x70>[B] (+1) -0.638339921<x71>[B] (+1) -0.638339921<x72>[B] (+1) +0.638339921<x73>[B] (+1) +0.638339921<x74>[B] (+1) +0.638339921<x75>[B] (+1) +0.638339921<x76>[B] (+0) +0.638339921<x77>[B] (+1) -0.638339921<x78>[B] (+0) -0.638339921<x79>[B] (+1) -0.638339921<x80>[B] (+0) +0.638339921<x81>[B] (+1) +0.638339921<x82>[B] (+0) -0.638339921<x83>[B] (+1) -0.638339921<x84>[B] (+1) -0.638339921<x85>[B] (+1) -0.638339921<x86>[B] (+1) +0.638339921<x87>[B] (+1) -0.638339921<x88>[B] (+1) -0.638339921<x89>[B] (+1) -0.638339921<x90>[B] (+1) -0.638339921<x91>[B] (+1) -0.638339921<x92>[B] (+1) -0.638339921<x93>[B] (+1) -0.638339921<x94>[B] (+1) -0.638339921<x95>[B] (+1) -0.638339921<x96>[B] (+1) -0.638339921<x97>[B] (+1) -0.638339921<x98>[B] (+1) -0.638339921<x99>[B] (+1) -0.638339921<x100>[B] (+1) -0.638339921<x101>[B] (+1) -0.638339921<x102>[B] (+1) -0.638339921<x103>[B] (+1) +0.638339921<x104>[B] (+1) -0.638339921<x105>[B] (+1) -0.638339921<x106>[B] (+1) -0.638339921<x107>[B] (+1) -0.638339921<x108>[B] (+1) -0.638339921<x109>[B] (+1) -0.638339921<x110>[B] (+1) -0.638339921<x111>[B] (+0) -0.638339921<x112>[B] (+1) -0.638339921<x113>[B] (+0) -0.638339921<x114>[B] (+1) -0.638339921<x115>[B] (+0) -0.638339921<x116>[B] (+1) +0.638339921<x117>[B] (+0) +0.638339921<x118>[B] (+1) +0.638339921<x119>[B] (+1) +0.638339921<x120>[B] (+0) +0.638339921<x121>[B] (+0) +0.638339921<x122>[B] (+0) +0.638339921<x123>[B] (+1) +0.638339921<x124>[B] (+0) +0.638339921<x125>[B] (+0) +0.638339921<x126>[B] (+1) +0.638339921<x127>[B] (+0) +0.638339921<x128>[B] (+0) +0.638339921<x129>[B] (+0) +0.638339921<x130>[B] (+0) +0.638339921<x131>[B] (+0) +0.638339921<x132>[B] (+0) +0.638339921<x133>[B] (+0) -0.638339921<x134>[B] (+1) +0.638339921<x135>[B] (+0) +0.638339921<x136>[B] (+0) -0.638339921<x137>[B] (+0) -0.638339921<x138>[B] (+1) +0.638339921<x139>[B] (+0) +0.638339921<x140>[B] (+0) -0.638339921<x141>[B] (+1) +0.638339921<x142>[B] (+0) -0.638339921<x143>[B] (+0) -0.638339921<x144>[B] (+0) -0.638339921<x145>[B] (+0) -0.638339921<x146>[B] (+0) +0.638339921<x147>[B] (+0) +0.638339921<x148>[B] (+0) +0.638339921<x149>[B] (+0) +0.638339921<x150>[B] (+0) +0.638339921<x151>[B] (+0) +0.638339921<x152>[B] (+1) +0.638339921<x153>[B] (+0) +0.638339921<x154>[B] (+0) +0.638339921<x155>[B] (+1) +0.638339921<x156>[B] (+0) +0.638339921<x157>[B] (+0) +0.638339921<x158>[B] (+0) +0.638339921<x159>[B] (+0) +0.638339921<x160>[B] (+0) +0.638339921<x161>[B] (+0) +0.638339921<x162>[B] (+0) -0.638339921<x163>[B] (+1) -0.638339921<x164>[B] (+1) -0.638339921<x165>[B] (+1) -0.638339921<x166>[B] (+1) -0.638339921<x167>[B] (+0) -0.638339921<x168>[B] (+1) -0.638339921<x169>[B] (+0) -0.638339921<x170>[B] (+0) -0.638339921<x171>[B] (+0) -0.638339921<x172>[B] (+1) -0.638339921<x173>[B] (+0) -0.638339921<x174>[B] (+1) -0.638339921<x175>[B] (+0) -0.638339921<x176>[B] (+1) -0.638339921<x177>[B] (+1) +0.638339921<x178>[B] (+0) +0.638339921<x179>[B] (+0) -0.638339921<x180>[B] (+1) +0.638339921<x181>[B] (+0) -0.638339921<x182>[B] (+0) -0.638339921<x183>[B] (+0) -0.638339921<x184>[B] (+0) -0.638339921<x185>[B] (+0) +0.638339921<x186>[B] (+1) +0.638339921<x187>[B] (+0) -0.638339921<x188>[B] (+1) +0.638339921<x189>[B] (+0) +0.638339921<x190>[B] (+0) +0.638339921<x191>[B] (+1) +0.638339921<x192>[B] (+0) +0.638339921<x193>[B] (+0) -0.638339921<x194>[B] (+0) -0.638339921<x195>[B] (+0) -0.638339921<x196>[B] (+0) +0.638339921<x197>[B] (+1) +0.638339921<x198>[B] (+0) +0.638339921<x199>[B] (+0) +0.638339921<x200>[B] (+0) +0.638339921<x201>[B] (+1) +0.638339921<x202>[B] (+0) +0.638339921<x203>[B] (+0) -0.638339921<x204>[B] (+0) -0.638339921<x205>[B] (+0) -0.638339921<x206>[B] (+0) +0.638339921<x207>[B] (+0) +0.638339921<x208>[B] (+0) -0.638339921<x209>[B] (+0) -0.638339921<x210>[B] (+1) +0.638339921<x211>[B] (+0) -0.638339921<x212>[B] (+0) -0.638339921<x213>[B] (+0) -0.638339921<x214>[B] (+0) -0.638339921<x215>[B] (+0) +0.638339921<x216>[B] (+1) +0.638339921<x217>[B] (+0) -0.638339921<x218>[B] (+1) +0.638339921<x219>[B] (+0) -0.638339921<x220>[B] (+1) -0.638339921<x221>[B] (+0) -0.638339921<x222>[B] (+1) -0.638339921<x223>[B] (+0) +0.638339921<x224>[B] (+1) +0.638339921<x225>[B] (+0) +0.638339921<x226>[B] (+0) +0.638339921<x227>[B] (+0) -0.638339921<x228>[B] (+0) -0.638339921<x229>[B] (+0) -0.638339921<x230>[B] (+0) +0.638339921<x231>[B] (+0) +0.638339921<x232>[B] (+0) -0.638339921<x233>[B] (+1) -0.638339921<x234>[B] (+1) -0.638339921<x235>[B] (+1) -0.638339921<x236>[B] (+1) +0.638339921<x237>[B] (+1) +0.638339921<x238>[B] (+1) -0.638339921<x239>[B] (+0) -0.638339921<x240>[B] (+1) -0.638339921<x241>[B] (+0) +0.638339921<x242>[B] (+1) +0.638339921<x243>[B] (+0) -0.638339921<x244>[B] (+1) +0.638339921<x245>[B] (+0) +0.638339921<x246>[B] (+1) +0.638339921<x247>[B] (+0) +0.638339921<x248>[B] (+0) +0.638339921<x249>[B] (+1) +0.638339921<x250>[B] (+0) +0.638339921<x251>[B] (+1) +0.638339921<x252>[B] (+0) +0.638339921<x253>[B] (+0) >= 28.8853754940711;
;
violation: left hand side is violated by 0.0079051383399289
  [linear] <c3804>: <x260>[C] (+31.8517787) -0.492094862<x1>[B] (+1) +0.492094862<x2>[B] (+1) +0.492094862<x3>[B] (+0) +0.492094862<x4>[B] (+0) +0.492094862<x5>[B] (+1) +0.492094862<x6>[B] (+1) +0.492094862<x7>[B] (+1) +0.492094862<x8>[B] (+1) +0.492094862<x9>[B] (+1) -0.492094862<x10>[B] (+1) -0.492094862<x11>[B] (+1) +0.492094862<x12>[B] (+1) -0.492094862<x13>[B] (+1) +0.492094862<x14>[B] (+1) +0.492094862<x15>[B] (+1) +0.492094862<x16>[B] (+0) +0.492094862<x17>[B] (+1) -0.492094862<x18>[B] (+0) +0.492094862<x19>[B] (+1) +0.492094862<x20>[B] (+0) +0.492094862<x21>[B] (+1) -0.492094862<x22>[B] (+0) +0.492094862<x23>[B] (+1) +0.492094862<x24>[B] (+0) +0.492094862<x25>[B] (+0) +0.492094862<x26>[B] (+0) +0.492094862<x27>[B] (+1) +0.492094862<x28>[B] (+1) +0.492094862<x29>[B] (+1) +0.492094862<x30>[B] (+0) -0.492094862<x31>[B] (+1) +0.492094862<x32>[B] (+1) +0.492094862<x33>[B] (+1) +0.492094862<x34>[B] (+0) +0.492094862<x35>[B] (+0) +0.492094862<x36>[B] (+1) +0.492094862<x37>[B] (+0) +0.492094862<x38>[B] (+0) +0.492094862<x39>[B] (+0) +0.492094862<x40>[B] (+0) +0.492094862<x41>[B] (+0) +0.492094862<x42>[B] (+1) +0.492094862<x43>[B] (+0) +0.492094862<x44>[B] (+0) -0.492094862<x45>[B] (+0) +0.492094862<x46>[B] (+0) +0.492094862<x47>[B] (+0) -0.492094862<x48>[B] (+0) +0.492094862<x49>[B] (+0) +0.492094862<x50>[B] (+0) -0.492094862<x51>[B] (+0) -0.492094862<x52>[B] (+0) +0.492094862<x53>[B] (+0) -0.492094862<x54>[B] (+0) +0.492094862<x55>[B] (+0) -0.492094862<x56>[B] (+1) +0.492094862<x57>[B] (+0) +0.492094862<x58>[B] (+0) -0.492094862<x59>[B] (+0) -0.492094862<x60>[B] (+0) -0.492094862<x61>[B] (+0) -0.492094862<x62>[B] (+0) -0.492094862<x63>[B] (+0) -0.492094862<x64>[B] (+0) +0.492094862<x65>[B] (+1) +0.492094862<x66>[B] (+1) -0.492094862<x67>[B] (+1) +0.492094862<x68>[B] (+1) +0.492094862<x69>[B] (+1) -0.492094862<x70>[B] (+1) -0.492094862<x71>[B] (+1) +0.492094862<x72>[B] (+1) -0.492094862<x73>[B] (+1) +0.492094862<x74>[B] (+1) -0.492094862<x75>[B] (+1) +0.492094862<x76>[B] (+0) +0.492094862<x77>[B] (+1) -0.492094862<x78>[B] (+0) -0.492094862<x79>[B] (+1) -0.492094862<x80>[B] (+0) -0.492094862<x81>[B] (+1) -0.492094862<x82>[B] (+0) +0.492094862<x83>[B] (+1) +0.492094862<x84>[B] (+1) +0.492094862<x85>[B] (+1) +0.492094862<x86>[B] (+1) +0.492094862<x87>[B] (+1) -0.492094862<x88>[B] (+1) -0.492094862<x89>[B] (+1) +0.492094862<x90>[B] (+1) -0.492094862<x91>[B] (+1) +0.492094862<x92>[B] (+1) -0.492094862<x93>[B] (+1) +0.492094862<x94>[B] (+1) +0.492094862<x95>[B] (+1) -0.492094862<x96>[B] (+1) -0.492094862<x97>[B] (+1) -0.492094862<x98>[B] (+1) -0.492094862<x99>[B] (+1) -0.492094862<x100>[B] (+1) -0.492094862<x101>[B] (+1) -0.492094862<x102>[B] (+1) +0.492094862<x103>[B] (+1) +0.492094862<x104>[B] (+1) -0.492094862<x105>[B] (+1) -0.492094862<x106>[B] (+1) -0.492094862<x107>[B] (+1) -0.492094862<x108>[B] (+1) +0.492094862<x109>[B] (+1) -0.492094862<x110>[B] (+1) -0.492094862<x111>[B] (+0) +0.492094862<x112>[B] (+1) -0.492094862<x113>[B] (+0) -0.492094862<x114>[B] (+1) -0.492094862<x115>[B] (+0) -0.492094862<x116>[B] (+1) -0.492094862<x117>[B] (+0) -0.492094862<x118>[B] (+1) +0.492094862<x119>[B] (+1) +0.492094862<x120>[B] (+0) -0.492094862<x121>[B] (+1) -0.492094862<x122>[B] (+1) -0.492094862<x123>[B] (+1) -0.492094862<x124>[B] (+0) +0.492094862<x125>[B] (+0) -0.492094862<x126>[B] (+1) -0.492094862<x127>[B] (+0) +0.492094862<x128>[B] (+0) -0.492094862<x129>[B] (+0) -0.492094862<x130>[B] (+0) -0.492094862<x131>[B] (+0) -0.492094862<x132>[B] (+1) -0.492094862<x133>[B] (+0) +0.492094862<x134>[B] (+1) +0.492094862<x135>[B] (+0) -0.492094862<x136>[B] (+0) -0.492094862<x137>[B] (+0) +0.492094862<x138>[B] (+1) -0.492094862<x139>[B] (+0) +0.492094862<x140>[B] (+0) -0.492094862<x141>[B] (+1) +0.492094862<x142>[B] (+0) +0.492094862<x143>[B] (+0) -0.492094862<x144>[B] (+0) -0.492094862<x145>[B] (+0) -0.492094862<x146>[B] (+0) -0.492094862<x147>[B] (+0) -0.492094862<x148>[B] (+0) +0.492094862<x149>[B] (+0) -0.492094862<x150>[B] (+0) -0.492094862<x151>[B] (+0) -0.492094862<x152>[B] (+1) -0.492094862<x153>[B] (+0) +0.492094862<x154>[B] (+0) -0.492094862<x155>[B] (+1) -0.492094862<x156>[B] (+0) +0.492094862<x157>[B] (+0) -0.492094862<x158>[B] (+0) -0.492094862<x159>[B] (+0) -0.492094862<x160>[B] (+0) -0.492094862<x161>[B] (+0) -0.492094862<x162>[B] (+0) -0.492094862<x163>[B] (+1) -0.492094862<x164>[B] (+1) -0.492094862<x165>[B] (+1) -0.492094862<x166>[B] (+1) -0.492094862<x167>[B] (+1) -0.492094862<x168>[B] (+1) -0.492094862<x169>[B] (+0) +0.492094862<x170>[B] (+0) -0.492094862<x171>[B] (+0) -0.492094862<x172>[B] (+1) -0.492094862<x173>[B] (+0) -0.492094862<x174>[B] (+1) -0.492094862<x175>[B] (+0) +0.492094862<x176>[B] (+1) +0.492094862<x177>[B] (+1) +0.492094862<x178>[B] (+0) +0.492094862<x179>[B] (+0) +0.492094862<x180>[B] (+1) +0.492094862<x181>[B] (+0) +0.492094862<x182>[B] (+0) +0.492094862<x183>[B] (+0) +0.492094862<x184>[B] (+0) +0.492094862<x185>[B] (+0) +0.492094862<x186>[B] (+1) +0.492094862<x187>[B] (+0) +0.492094862<x188>[B] (+1) -0.492094862<x189>[B] (+0) +0.492094862<x190>[B] (+0) +0.492094862<x191>[B] (+1) +0.492094862<x192>[B] (+0) +0.492094862<x193>[B] (+0) -0.492094862<x194>[B] (+0) +0.492094862<x195>[B] (+0) +0.492094862<x196>[B] (+0) +0.492094862<x197>[B] (+1) -0.492094862<x198>[B] (+0) -0.492094862<x199>[B] (+0) +0.492094862<x200>[B] (+0) -0.492094862<x201>[B] (+1) -0.492094862<x202>[B] (+0) +0.492094862<x203>[B] (+0) -0.492094862<x204>[B] (+0) -0.492094862<x205>[B] (+0) -0.492094862<x206>[B] (+0) -0.492094862<x207>[B] (+0) -0.492094862<x208>[B] (+0) +0.492094862<x209>[B] (+0) +0.492094862<x210>[B] (+1) +0.492094862<x211>[B] (+0) +0.492094862<x212>[B] (+0) +0.492094862<x213>[B] (+0) +0.492094862<x214>[B] (+0) +0.492094862<x215>[B] (+0) +0.492094862<x216>[B] (+1) +0.492094862<x217>[B] (+0) -0.492094862<x218>[B] (+1) -0.492094862<x219>[B] (+0) +0.492094862<x220>[B] (+0) -0.492094862<x221>[B] (+0) -0.492094862<x222>[B] (+1) -0.492094862<x223>[B] (+0) -0.492094862<x224>[B] (+1) -0.492094862<x225>[B] (+0) +0.492094862<x226>[B] (+0) +0.492094862<x227>[B] (+0) -0.492094862<x228>[B] (+0) -0.492094862<x229>[B] (+0) +0.492094862<x230>[B] (+0) -0.492094862<x231>[B] (+0) -0.492094862<x232>[B] (+0) +0.492094862<x233>[B] (+1) -0.492094862<x234>[B] (+1) -0.492094862<x235>[B] (+1) -0.492094862<x236>[B] (+1) -0.492094862<x237>[B] (+1) -0.492094862<x238>[B] (+1) -0.492094862<x239>[B] (+0) -0.492094862<x240>[B] (+1) -0.492094862<x241>[B] (+0) -0.492094862<x242>[B] (+1) -0.492094862<x243>[B] (+0) +0.492094862<x244>[B] (+1) +0.492094862<x245>[B] (+0) +0.492094862<x246>[B] (+1) +0.492094862<x247>[B] (+0) +0.492094862<x248>[B] (+0) -0.492094862<x249>[B] (+1) -0.492094862<x250>[B] (+0) -0.492094862<x251>[B] (+1) -0.492094862<x252>[B] (+0) -0.492094862<x253>[B] (+0) >= 28.9110671936759;
;
violation: left hand side is violated by 0.0118577075098791
all 10 solutions given by solution candidate storage are infeasible

feasible solution found by trivial heuristic after 0.0 seconds, objective value -9.000374e+06
presolving:
   (0.0s) symmetry computation started: requiring (bin +, int +, cont +), (fixed: bin -, int -, cont -)
   (0.0s) no symmetry present (symcode time: 0.00)
presolving (0 rounds: 0 fast, 0 medium, 0 exhaustive):
 0 deleted vars, 0 deleted constraints, 0 added constraints, 0 tightened bounds, 0 added holes, 0 changed sides, 0 changed coefficients
 0 implications, 0 cliques, 0 implied integral variables (0 bin, 0 int, 0 cont)
presolved problem has 343 variables (253 bin, 0 int, 90 cont) and 3862 constraints
   3862 constraints of type <linear>
Presolving Time: 0.05
transformed 1/1 original solutions to the transformed problem space

 time | node  | left  |LP iter|LP it/n|mem/heur|mdpt |vars |cons |rows |cuts |sepa|confs|strbr|  dualbound   | primalbound  |  gap   | compl. 
p 0.1s|     1 |     0 |    54 |     - |   locks|   0 | 343 |3862 |3862 |   0 |  0 |   0 |   0 | 6.720000e+02 |-3.252725e+03 |    Inf | unknown
  0.3s|     1 |     0 |  1361 |     - |   146M |   0 | 343 |3862 |3862 |   0 |  0 |   0 |   0 |-2.723963e+03 |-3.252725e+03 |  19.41%| unknown
r 0.3s|     1 |     0 |  1361 |     - |shifting|   0 | 343 |3862 |3862 |   0 |  0 |   0 |   0 |-2.723963e+03 |-2.997959e+03 |  10.06%| unknown
  0.6s|     1 |     0 |  1390 |     - |   147M |   0 | 343 |3862 |3864 |   2 |  1 |   0 |   0 |-2.724009e+03 |-2.997959e+03 |  10.06%| unknown
  0.7s|     1 |     0 |  1390 |     - |   147M |   0 | 343 |3862 |3864 |   2 |  1 |   0 |   0 |-2.724009e+03 |-2.997959e+03 |  10.06%| unknown
  1.0s|     1 |     0 |  1432 |     - |   148M |   0 | 343 |3862 |3866 |   4 |  2 |   0 |   0 |-2.724062e+03 |-2.997959e+03 |  10.05%| unknown
  1.5s|     1 |     0 |  1486 |     - |   148M |   0 | 343 |3862 |3868 |   6 |  3 |   0 |   0 |-2.724096e+03 |-2.997959e+03 |  10.05%| unknown
r 1.5s|     1 |     0 |  1486 |     - |shifting|   0 | 343 |3862 |3868 |   6 |  3 |   0 |   0 |-2.724096e+03 |-2.982174e+03 |   9.47%| unknown
  1.9s|     1 |     0 |  1528 |     - |   148M |   0 | 343 |3862 |3870 |   8 |  4 |   0 |   0 |-2.724147e+03 |-2.982174e+03 |   9.47%| unknown
  2.3s|     1 |     0 |  1547 |     - |   149M |   0 | 343 |3863 |3873 |  11 |  5 |   1 |   0 |-2.724155e+03 |-2.982174e+03 |   9.47%| unknown
  2.7s|     1 |     0 |  1571 |     - |   149M |   0 | 343 |3863 |3876 |  14 |  6 |   1 |   0 |-2.724162e+03 |-2.982174e+03 |   9.47%| unknown
  3.1s|     1 |     0 |  1611 |     - |   150M |   0 | 343 |3864 |3880 |  18 |  7 |   2 |   0 |-2.724175e+03 |-2.982174e+03 |   9.47%| unknown
  3.5s|     1 |     0 |  1666 |     - |   150M |   0 | 343 |3864 |3883 |  21 |  8 |   2 |   0 |-2.724208e+03 |-2.982174e+03 |   9.47%| unknown
  4.0s|     1 |     0 |  1736 |     - |   150M |   0 | 343 |3864 |3886 |  24 |  9 |   2 |   0 |-2.724253e+03 |-2.982174e+03 |   9.47%| unknown
r 4.0s|     1 |     0 |  1736 |     - |shifting|   0 | 343 |3864 |3886 |  24 |  9 |   2 |   0 |-2.724253e+03 |-2.969368e+03 |   9.00%| unknown
 time | node  | left  |LP iter|LP it/n|mem/heur|mdpt |vars |cons |rows |cuts |sepa|confs|strbr|  dualbound   | primalbound  |  gap   | compl. 
  4.5s|     1 |     0 |  1805 |     - |   151M |   0 | 343 |3864 |3889 |  27 | 10 |   2 |   0 |-2.724288e+03 |-2.969368e+03 |   9.00%| unknown
  4.5s|     1 |     0 |  1850 |     - |   151M |   0 | 343 |3864 |3892 |  30 | 11 |   2 |   0 |-2.724315e+03 |-2.969368e+03 |   9.00%| unknown
r 4.6s|     1 |     0 |  1850 |     - |shifting|   0 | 343 |3864 |3892 |  30 | 11 |   2 |   0 |-2.724315e+03 |-2.956988e+03 |   8.54%| unknown
r 4.6s|     1 |     0 |  2032 |     - |intshift|   0 | 343 |3864 |3892 |  30 | 11 |   2 |   0 |-2.724315e+03 |-2.780099e+03 |   2.05%| unknown
d 4.7s|     1 |     0 |  3257 |     - |farkasdi|   0 | 343 |3864 |3892 |   0 | 11 |   2 |   0 |-2.724315e+03 |-2.733700e+03 |   0.34%| unknown
L 5.2s|     1 |     0 |  3488 |     - |    rens|   0 | 343 |3864 |3892 |  30 | 11 |   2 |   0 |-2.724315e+03 |-2.727221e+03 |   0.11%| unknown
  5.2s|     1 |     0 |  3488 |     - |   151M |   0 | 343 |3864 |3892 |  30 | 11 |   2 |   0 |-2.724315e+03 |-2.727221e+03 |   0.11%| unknown
  5.2s|     1 |     0 |  3488 |     - |   151M |   0 | 343 |3864 |2563 |  30 | 11 |   2 |   0 |-2.724315e+03 |-2.727221e+03 |   0.11%| unknown
  5.3s|     1 |     0 |  3547 |     - |   152M |   0 | 343 |3864 |2567 |  34 | 12 |   2 |   0 |-2.724341e+03 |-2.727221e+03 |   0.11%| unknown
  5.3s|     1 |     0 |  3567 |     - |   152M |   0 | 343 |3865 |2571 |  38 | 13 |   3 |   0 |-2.724345e+03 |-2.727221e+03 |   0.11%| unknown
  5.3s|     1 |     0 |  3567 |     - |   152M |   0 | 343 |2317 |2571 |  38 | 13 |   3 |   0 |-2.724345e+03 |-2.727221e+03 |   0.11%| unknown
  5.4s|     1 |     0 |  3585 |     - |   152M |   0 | 343 |2317 |2572 |  39 | 14 |   3 |   0 |-2.724349e+03 |-2.727221e+03 |   0.11%| unknown
  5.4s|     1 |     0 |  3616 |     - |   152M |   0 | 343 |2317 |2574 |  42 | 15 |   3 |   0 |-2.724360e+03 |-2.727221e+03 |   0.11%| unknown
  5.4s|     1 |     0 |  3616 |     - |   152M |   0 | 343 |2317 |2344 |  42 | 15 |   3 |   0 |-2.724360e+03 |-2.727221e+03 |   0.11%| unknown
(run 1, node 1) restarting after 78 global fixings of integer variables

(restart) converted 41 cuts from the global cut pool into linear constraints

presolving:
presolving (0 rounds: 0 fast, 0 medium, 0 exhaustive):
 0 deleted vars, 0 deleted constraints, 0 added constraints, 0 tightened bounds, 0 added holes, 0 changed sides, 0 changed coefficients
 0 implications, 0 cliques, 0 implied integral variables (0 bin, 0 int, 0 cont)
presolved problem has 343 variables (253 bin, 0 int, 90 cont) and 2338 constraints
   2335 constraints of type <linear>
      3 constraints of type <logicor>
Presolving Time: 0.05
transformed 14/23 original solutions to the transformed problem space

 time | node  | left  |LP iter|LP it/n|mem/heur|mdpt |vars |cons |rows |cuts |sepa|confs|strbr|  dualbound   | primalbound  |  gap   | compl. 
  5.6s|     1 |     0 |  5038 |     - |   154M |   0 | 343 |2338 |2335 |   0 |  0 |   3 |   0 |-2.724360e+03 |-2.727221e+03 |   0.11%| unknown
  5.6s|     1 |     0 |  5038 |     - |   154M |   0 | 343 |2338 |2278 |   0 |  0 |   3 |   0 |-2.724360e+03 |-2.727221e+03 |   0.11%| unknown
  5.9s|     1 |     0 |  5063 |     - |   155M |   0 | 343 |2338 |2279 |   1 |  1 |   3 |   0 |-2.724367e+03 |-2.727221e+03 |   0.10%| unknown
  6.3s|     1 |     0 |  5162 |     - |   155M |   0 | 343 |2338 |2280 |   2 |  2 |   3 |   0 |-2.724462e+03 |-2.727221e+03 |   0.10%| unknown
  6.3s|     1 |     0 |  5162 |     - |   155M |   0 | 343 |2338 |2260 |   2 |  2 |   3 |   0 |-2.724462e+03 |-2.727221e+03 |   0.10%| unknown
  6.6s|     1 |     0 |  5191 |     - |   155M |   0 | 343 |2338 |2261 |   3 |  3 |   3 |   0 |-2.724465e+03 |-2.727221e+03 |   0.10%| unknown
  6.9s|     1 |     0 |  5217 |     - |   156M |   0 | 343 |2338 |2262 |   4 |  4 |   3 |   0 |-2.724469e+03 |-2.727221e+03 |   0.10%| unknown
  7.2s|     1 |     0 |  5236 |     - |   157M |   0 | 343 |2338 |2264 |   6 |  5 |   3 |   0 |-2.724472e+03 |-2.727221e+03 |   0.10%| unknown
  7.5s|     1 |     0 |  5258 |     - |   158M |   0 | 343 |2338 |2265 |   7 |  6 |   3 |   0 |-2.724474e+03 |-2.727221e+03 |   0.10%| unknown
  7.9s|     1 |     0 |  5335 |     - |   158M |   0 | 343 |2338 |2268 |  10 |  7 |   3 |   0 |-2.724495e+03 |-2.727221e+03 |   0.10%| unknown
  8.2s|     1 |     0 |  5382 |     - |   161M |   0 | 343 |2339 |2271 |  13 |  8 |   4 |   0 |-2.724511e+03 |-2.727221e+03 |   0.10%| unknown
  8.5s|     1 |     0 |  5420 |     - |   161M |   0 | 343 |2339 |2275 |  17 |  9 |   4 |   0 |-2.724516e+03 |-2.727221e+03 |   0.10%| unknown
  8.8s|     1 |     0 |  5461 |     - |   161M |   0 | 343 |2339 |2278 |  20 | 10 |   4 |   0 |-2.724522e+03 |-2.727221e+03 |   0.10%| unknown
  8.9s|     1 |     0 |  5467 |     - |   161M |   0 | 343 |2339 |2257 |  21 | 11 |   4 |   0 |-2.724522e+03 |-2.727221e+03 |   0.10%| unknown
 10.5s|     1 |     0 |  6690 |     - |   161M |   0 | 343 |2156 |2257 |  21 | 11 |  14 |  21 |-2.725748e+03 |-2.727221e+03 |   0.05%| unknown
 time | node  | left  |LP iter|LP it/n|mem/heur|mdpt |vars |cons |rows |cuts |sepa|confs|strbr|  dualbound   | primalbound  |  gap   | compl. 
 10.6s|     1 |     0 |  6690 |     - |   161M |   0 | 343 |2156 |1881 |  21 | 11 |  14 |  21 |-2.725748e+03 |-2.727221e+03 |   0.05%| unknown
 10.6s|     1 |     0 |  6729 |     - |   162M |   0 | 343 |2156 |1883 |  23 | 12 |  14 |  21 |-2.725748e+03 |-2.727221e+03 |   0.05%| unknown
 10.6s|     1 |     0 |  6729 |     - |   162M |   0 | 343 |2156 |1863 |  23 | 12 |  14 |  21 |-2.725748e+03 |-2.727221e+03 |   0.05%| unknown
 10.7s|     1 |     0 |  6729 |     - |   162M |   0 | 343 |1685 |1863 |  23 | 13 |  14 |  21 |-2.725748e+03 |-2.727221e+03 |   0.05%| unknown
 10.8s|     1 |     0 |  6781 |     - |   162M |   0 | 343 |1685 |1865 |  25 | 14 |  14 |  21 |-2.725748e+03 |-2.727221e+03 |   0.05%| unknown
 10.9s|     1 |     0 |  6890 |     - |   162M |   0 | 343 |1616 |1865 |  25 | 15 |  16 |  22 |-2.725748e+03 |-2.727221e+03 |   0.05%| unknown
 10.9s|     1 |     0 |  6890 |     - |   162M |   0 | 343 |1616 |1535 |  25 | 15 |  16 |  22 |-2.725748e+03 |-2.727221e+03 |   0.05%| unknown
 11.0s|     1 |     0 |  6912 |     - |   162M |   0 | 343 |1616 |1543 |  33 | 16 |  16 |  22 |-2.725748e+03 |-2.727221e+03 |   0.05%| unknown
 11.0s|     1 |     0 |  6912 |     - |   162M |   0 | 343 |1546 |1543 |  33 | 17 |  16 |  22 |-2.725748e+03 |-2.727221e+03 |   0.05%| unknown
 11.1s|     1 |     0 |  6915 |     - |   162M |   0 | 343 |1546 |1539 |  34 | 18 |  16 |  22 |-2.725748e+03 |-2.727221e+03 |   0.05%| unknown
 11.1s|     1 |     0 |  7029 |     - |   162M |   0 | 343 |1490 |1539 |  34 | 19 |  19 |  23 |-2.725963e+03 |-2.727221e+03 |   0.05%| unknown
 11.2s|     1 |     0 |  7029 |     - |   162M |   0 | 343 |1490 |1361 |  34 | 19 |  19 |  23 |-2.725963e+03 |-2.727221e+03 |   0.05%| unknown
 11.2s|     1 |     0 |  7041 |     - |   162M |   0 | 343 |1490 |1364 |  37 | 20 |  19 |  23 |-2.725972e+03 |-2.727221e+03 |   0.05%| unknown
 11.3s|     1 |     0 |  7041 |     - |   162M |   0 | 343 |1325 |1364 |  37 | 21 |  19 |  23 |-2.725972e+03 |-2.727221e+03 |   0.05%| unknown
 11.3s|     1 |     0 |  7041 |     - |   162M |   0 | 343 |1325 |1364 |  37 | 22 |  19 |  24 |-2.726616e+03 |-2.727221e+03 |   0.02%| unknown
 time | node  | left  |LP iter|LP it/n|mem/heur|mdpt |vars |cons |rows |cuts |sepa|confs|strbr|  dualbound   | primalbound  |  gap   | compl. 
 11.4s|     1 |     0 |  7041 |     - |   162M |   0 | 343 |1325 |1364 |  37 | 23 |  19 |  25 |-2.726616e+03 |-2.727221e+03 |   0.02%| unknown
 11.5s|     1 |     0 |  7041 |     - |   162M |   0 | 343 |1325 |1364 |  37 | 24 |  19 |  26 |-2.726616e+03 |-2.727221e+03 |   0.02%| unknown
 11.5s|     1 |     0 |  7041 |     - |   162M |   0 | 343 |1325 |1364 |  37 | 25 |  19 |  27 |-2.726616e+03 |-2.727221e+03 |   0.02%| unknown
 11.6s|     1 |     0 |  7041 |     - |   162M |   0 | 343 |1325 |1364 |  37 | 26 |  19 |  28 |-2.726616e+03 |-2.727221e+03 |   0.02%| unknown
 11.6s|     1 |     0 |  7088 |     - |   162M |   0 | 343 |1238 |1364 |  37 | 27 |  21 |  29 |-2.726616e+03 |-2.727221e+03 |   0.02%| unknown
 11.6s|     1 |     0 |  7088 |     - |   162M |   0 | 343 |1239 |1186 |  37 | 27 |  22 |  29 |-2.726616e+03 |-2.727221e+03 |   0.02%| unknown
 11.7s|     1 |     0 |  7088 |     - |   162M |   0 | 343 |1191 |1186 |  37 | 28 |  22 |  29 |-2.726616e+03 |-2.727221e+03 |   0.02%| unknown
 11.7s|     1 |     0 |  7088 |     - |   162M |   0 | 343 |1191 |1186 |  37 | 29 |  22 |  30 |-2.726616e+03 |-2.727221e+03 |   0.02%| unknown
 11.8s|     1 |     0 |  7106 |     - |   162M |   0 | 343 |1181 |1186 |  37 | 30 |  24 |  31 |-2.726616e+03 |-2.727221e+03 |   0.02%| unknown
 11.9s|     1 |     0 |  7130 |     - |   162M |   0 | 343 |1181 |1191 |  42 | 31 |  24 |  31 |-2.726616e+03 |-2.727221e+03 |   0.02%| unknown
 11.9s|     1 |     0 |  7130 |     - |   162M |   0 | 343 |1181 |1191 |  42 | 32 |  24 |  32 |-2.726822e+03 |-2.727221e+03 |   0.01%| unknown
 12.0s|     1 |     0 |  7190 |     - |   162M |   0 | 343 |1137 |1191 |  42 | 33 |  26 |  33 |-2.726822e+03 |-2.727221e+03 |   0.01%| unknown
 12.0s|     1 |     0 |  7190 |     - |   162M |   0 | 343 |1137 |1068 |  42 | 33 |  26 |  33 |-2.726822e+03 |-2.727221e+03 |   0.01%| unknown
 12.0s|     1 |     0 |  7190 |     - |   162M |   0 | 343 |1062 |1068 |  42 | 34 |  26 |  33 |-2.726822e+03 |-2.727221e+03 |   0.01%| unknown
 12.0s|     1 |     0 |  7205 |     - |   162M |   0 | 343 |1050 |1068 |  42 | 35 |  30 |  35 |-2.726822e+03 |-2.727221e+03 |   0.01%| unknown
 time | node  | left  |LP iter|LP it/n|mem/heur|mdpt |vars |cons |rows |cuts |sepa|confs|strbr|  dualbound   | primalbound  |  gap   | compl. 
 12.1s|     1 |     0 |  7205 |     - |   162M |   0 | 343 |1051 |1012 |  42 | 35 |  31 |  35 |-2.726822e+03 |-2.727221e+03 |   0.01%| unknown
 12.1s|     1 |     0 |  7301 |     - |   162M |   0 | 343 |1051 |1013 |  43 | 36 |  31 |  35 |-2.726884e+03 |-2.727221e+03 |   0.01%| unknown
 12.1s|     1 |     0 |  7301 |     - |   162M |   0 | 343 |1051 | 932 |  43 | 36 |  31 |  35 |-2.726884e+03 |-2.727221e+03 |   0.01%| unknown
 12.1s|     1 |     0 |  7301 |     - |   162M |   0 | 343 | 868 | 932 |  43 | 37 |  31 |  35 |-2.726884e+03 |-2.727221e+03 |   0.01%| unknown
 12.1s|     1 |     0 |  7314 |     - |   162M |   0 | 343 | 792 | 932 |  43 | 38 |  35 |  37 |-2.726903e+03 |-2.727221e+03 |   0.01%| unknown
 12.1s|     1 |     0 |  7314 |     - |   162M |   0 | 343 | 792 | 779 |  43 | 38 |  35 |  37 |-2.726903e+03 |-2.727221e+03 |   0.01%| unknown
 12.1s|     1 |     0 |  7314 |     - |   162M |   0 | 343 | 744 | 779 |  43 | 39 |  35 |  37 |-2.726903e+03 |-2.727221e+03 |   0.01%| unknown
 12.2s|     1 |     2 |  7314 |     - |   162M |   0 | 343 | 744 | 779 |  43 | 40 |  35 |  37 |-2.726903e+03 |-2.727221e+03 |   0.01%| unknown

SCIP Status        : problem is solved [optimal solution found]
Solving Time (sec) : 12.16
Solving Nodes      : 3 (total of 4 nodes in 2 runs)
Primal Bound       : -2.72722134387352e+03 (51 solutions)
Dual Bound         : -2.72722134387352e+03
Gap                : 0.00 %
  [linear] <c3863>: <x255>[C] (+37.6126482) -0.543478261<x1>[B] (+1) -0.543478261<x2>[B] (+1) +0.543478261<x3>[B] (+1) -0.543478261<x4>[B] (+0) -0.543478261<x5>[B] (+1) -0.543478261<x6>[B] (+1) -0.543478261<x7>[B] (+1) -0.543478261<x8>[B] (+1) -0.543478261<x9>[B] (+1) -0.543478261<x10>[B] (+1) -0.543478261<x11>[B] (+1) -0.543478261<x12>[B] (+1) -0.543478261<x13>[B] (+1) +0.543478261<x14>[B] (+1) +0.543478261<x15>[B] (+1) -0.543478261<x16>[B] (+1) +0.543478261<x17>[B] (+1) +0.543478261<x18>[B] (+1) +0.543478261<x19>[B] (+1) +0.543478261<x20>[B] (+0) -0.543478261<x21>[B] (+1) +0.543478261<x22>[B] (+0) -0.543478261<x23>[B] (+1) +0.543478261<x24>[B] (+0) -0.543478261<x25>[B] (+0) -0.543478261<x26>[B] (+0) -0.543478261<x27>[B] (+1) -0.543478261<x28>[B] (+1) -0.543478261<x29>[B] (+1) -0.543478261<x30>[B] (+0) -0.543478261<x31>[B] (+1) -0.543478261<x32>[B] (+0) -0.543478261<x33>[B] (+1) -0.543478261<x34>[B] (+0) +0.543478261<x35>[B] (+0) +0.543478261<x36>[B] (+1) -0.543478261<x37>[B] (+0) +0.543478261<x38>[B] (+0) +0.543478261<x39>[B] (+0) +0.543478261<x40>[B] (+0) +0.543478261<x41>[B] (+0) -0.543478261<x42>[B] (+1) +0.543478261<x43>[B] (+0) +0.543478261<x44>[B] (+0) -0.543478261<x45>[B] (+0) -0.543478261<x46>[B] (+0) +0.543478261<x47>[B] (+0) -0.543478261<x48>[B] (+0) +0.543478261<x49>[B] (+0) -0.543478261<x50>[B] (+0) -0.543478261<x51>[B] (+0) -0.543478261<x52>[B] (+0) -0.543478261<x53>[B] (+0) +0.543478261<x54>[B] (+0) +0.543478261<x55>[B] (+0) +0.543478261<x56>[B] (+1) -0.543478261<x57>[B] (+0) +0.543478261<x58>[B] (+0) +0.543478261<x59>[B] (+0) +0.543478261<x60>[B] (+0) +0.543478261<x61>[B] (+0) +0.543478261<x62>[B] (+0) +0.543478261<x63>[B] (+0) -0.543478261<x64>[B] (+0) -0.543478261<x65>[B] (+1) -0.543478261<x66>[B] (+1) -0.543478261<x67>[B] (+1) -0.543478261<x68>[B] (+1) -0.543478261<x69>[B] (+1) -0.543478261<x70>[B] (+1) -0.543478261<x71>[B] (+1) -0.543478261<x72>[B] (+1) -0.543478261<x73>[B] (+1) -0.543478261<x74>[B] (+0) -0.543478261<x75>[B] (+1) -0.543478261<x76>[B] (+0) -0.543478261<x77>[B] (+1) -0.543478261<x78>[B] (+0) -0.543478261<x79>[B] (+1) -0.543478261<x80>[B] (+0) -0.543478261<x81>[B] (+1) -0.543478261<x82>[B] (+0) +0.543478261<x83>[B] (+1) +0.543478261<x84>[B] (+1) +0.543478261<x85>[B] (+1) +0.543478261<x86>[B] (+1) +0.543478261<x87>[B] (+1) +0.543478261<x88>[B] (+1) +0.543478261<x89>[B] (+1) +0.543478261<x90>[B] (+1) +0.543478261<x91>[B] (+1) +0.543478261<x92>[B] (+1) +0.543478261<x93>[B] (+1) +0.543478261<x94>[B] (+1) +0.543478261<x95>[B] (+1) +0.543478261<x96>[B] (+1) +0.543478261<x97>[B] (+1) +0.543478261<x98>[B] (+1) +0.543478261<x99>[B] (+1) +0.543478261<x100>[B] (+1) +0.543478261<x101>[B] (+1) -0.543478261<x102>[B] (+1) +0.543478261<x103>[B] (+1) -0.543478261<x104>[B] (+1) +0.543478261<x105>[B] (+1) +0.543478261<x106>[B] (+1) +0.543478261<x107>[B] (+1) +0.543478261<x108>[B] (+1) +0.543478261<x109>[B] (+0) +0.543478261<x110>[B] (+1) -0.543478261<x111>[B] (+0) +0.543478261<x112>[B] (+1) +0.543478261<x113>[B] (+0) +0.543478261<x114>[B] (+1) +0.543478261<x115>[B] (+0) +0.543478261<x116>[B] (+1) +0.543478261<x117>[B] (+0) -0.543478261<x118>[B] (+1) -0.543478261<x119>[B] (+1) -0.543478261<x120>[B] (+0) -0.543478261<x121>[B] (+0) -0.543478261<x122>[B] (+0) -0.543478261<x123>[B] (+1) -0.543478261<x124>[B] (+0) +0.543478261<x125>[B] (+0) +0.543478261<x126>[B] (+1) -0.543478261<x127>[B] (+0) +0.543478261<x128>[B] (+0) +0.543478261<x129>[B] (+0) +0.543478261<x130>[B] (+0) +0.543478261<x131>[B] (+0) +0.543478261<x132>[B] (+1) +0.543478261<x133>[B] (+0) +0.543478261<x134>[B] (+1) -0.543478261<x135>[B] (+0) +0.543478261<x136>[B] (+0) +0.543478261<x137>[B] (+0) +0.543478261<x138>[B] (+1) +0.543478261<x139>[B] (+0) +0.543478261<x140>[B] (+0) +0.543478261<x141>[B] (+1) -0.543478261<x142>[B] (+0) +0.543478261<x143>[B] (+0) +0.543478261<x144>[B] (+0) +0.543478261<x145>[B] (+0) +0.543478261<x146>[B] (+0) +0.543478261<x147>[B] (+1) +0.543478261<x148>[B] (+0) -0.543478261<x149>[B] (+0) -0.543478261<x150>[B] (+0) -0.543478261<x151>[B] (+0) -0.543478261<x152>[B] (+0) -0.543478261<x153>[B] (+0) +0.543478261<x154>[B] (+0) +0.543478261<x155>[B] (+1) -0.543478261<x156>[B] (+0) +0.543478261<x157>[B] (+0) +0.543478261<x158>[B] (+0) +0.543478261<x159>[B] (+0) +0.543478261<x160>[B] (+0) +0.543478261<x161>[B] (+0) +0.543478261<x162>[B] (+0) +0.543478261<x163>[B] (+1) +0.543478261<x164>[B] (+1) +0.543478261<x165>[B] (+1) +0.543478261<x166>[B] (+1) +0.543478261<x167>[B] (+0) +0.543478261<x168>[B] (+1) +0.543478261<x169>[B] (+0) +0.543478261<x170>[B] (+1) +0.543478261<x171>[B] (+0) +0.543478261<x172>[B] (+1) +0.543478261<x173>[B] (+0) +0.543478261<x174>[B] (+1) +0.543478261<x175>[B] (+0) -0.543478261<x176>[B] (+0) -0.543478261<x177>[B] (+1) +0.543478261<x178>[B] (+0) +0.543478261<x179>[B] (+0) +0.543478261<x180>[B] (+1) -0.543478261<x181>[B] (+0) +0.543478261<x182>[B] (+0) +0.543478261<x183>[B] (+0) +0.543478261<x184>[B] (+0) +0.543478261<x185>[B] (+0) +0.543478261<x186>[B] (+1) +0.543478261<x187>[B] (+0) +0.543478261<x188>[B] (+1) +0.543478261<x189>[B] (+0) +0.543478261<x190>[B] (+0) +0.543478261<x191>[B] (+1) -0.543478261<x192>[B] (+0) +0.543478261<x193>[B] (+0) +0.543478261<x194>[B] (+0) +0.543478261<x195>[B] (+0) +0.543478261<x196>[B] (+0) +0.543478261<x197>[B] (+1) +0.543478261<x198>[B] (+0) +0.543478261<x199>[B] (+0) +0.543478261<x200>[B] (+0) +0.543478261<x201>[B] (+1) -0.543478261<x202>[B] (+0) +0.543478261<x203>[B] (+0) +0.543478261<x204>[B] (+0) +0.543478261<x205>[B] (+0) +0.543478261<x206>[B] (+0) +0.543478261<x207>[B] (+0) +0.543478261<x208>[B] (+0) +0.543478261<x209>[B] (+0) +0.543478261<x210>[B] (+1) -0.543478261<x211>[B] (+0) +0.543478261<x212>[B] (+0) +0.543478261<x213>[B] (+0) +0.543478261<x214>[B] (+0) +0.543478261<x215>[B] (+0) +0.543478261<x216>[B] (+1) +0.543478261<x217>[B] (+0) +0.543478261<x218>[B] (+1) -0.543478261<x219>[B] (+1) +0.543478261<x220>[B] (+1) -0.543478261<x221>[B] (+0) +0.543478261<x222>[B] (+1) +0.543478261<x223>[B] (+0) -0.543478261<x224>[B] (+1) +0.543478261<x225>[B] (+0) -0.543478261<x226>[B] (+0) -0.543478261<x227>[B] (+0) -0.543478261<x228>[B] (+0) +0.543478261<x229>[B] (+0) -0.543478261<x230>[B] (+0) -0.543478261<x231>[B] (+0) +0.543478261<x232>[B] (+0) +0.543478261<x233>[B] (+1) +0.543478261<x234>[B] (+0) +0.543478261<x235>[B] (+1) +0.543478261<x236>[B] (+0) +0.543478261<x237>[B] (+1) +0.543478261<x238>[B] (+0) -0.543478261<x239>[B] (+0) +0.543478261<x240>[B] (+0) +0.543478261<x241>[B] (+0) -0.543478261<x242>[B] (+1) +0.543478261<x243>[B] (+0) +0.543478261<x244>[B] (+1) +0.543478261<x245>[B] (+0) -0.543478261<x246>[B] (+1) +0.543478261<x247>[B] (+0) -0.543478261<x248>[B] (+0) -0.543478261<x249>[B] (+1) -0.543478261<x250>[B] (+0) -0.543478261<x251>[B] (+1) +0.543478261<x252>[B] (+0) +0.543478261<x253>[B] (+0) >= 49.0494071146245;
;
violation: left hand side is violated by 0.0237154150197938
  [linear] <c3863>: <x255>[C] (+38.1719368) -0.543478261<x1>[B] (+1) -0.543478261<x2>[B] (+1) +0.543478261<x3>[B] (+0) -0.543478261<x4>[B] (+0) -0.543478261<x5>[B] (+0) -0.543478261<x6>[B] (+1) -0.543478261<x7>[B] (+1) -0.543478261<x8>[B] (+1) -0.543478261<x9>[B] (+0) -0.543478261<x10>[B] (+1) -0.543478261<x11>[B] (+1) -0.543478261<x12>[B] (+1) -0.543478261<x13>[B] (+1) +0.543478261<x14>[B] (+0) +0.543478261<x15>[B] (+1) -0.543478261<x16>[B] (+0) +0.543478261<x17>[B] (+1) +0.543478261<x18>[B] (+0) +0.543478261<x19>[B] (+1) +0.543478261<x20>[B] (+0) -0.543478261<x21>[B] (+1) +0.543478261<x22>[B] (+0) -0.543478261<x23>[B] (+1) +0.543478261<x24>[B] (+0) -0.543478261<x25>[B] (+0) -0.543478261<x26>[B] (+0) -0.543478261<x27>[B] (+1) -0.543478261<x28>[B] (+1) -0.543478261<x29>[B] (+1) -0.543478261<x30>[B] (+0) -0.543478261<x31>[B] (+1) -0.543478261<x32>[B] (+0) -0.543478261<x33>[B] (+1) -0.543478261<x34>[B] (+0) +0.543478261<x35>[B] (+0) +0.543478261<x36>[B] (+1) -0.543478261<x37>[B] (+0) +0.543478261<x38>[B] (+0) +0.543478261<x39>[B] (+0) +0.543478261<x40>[B] (+0) +0.543478261<x41>[B] (+0) -0.543478261<x42>[B] (+1) +0.543478261<x43>[B] (+0) +0.543478261<x44>[B] (+0) -0.543478261<x45>[B] (+0) -0.543478261<x46>[B] (+0) +0.543478261<x47>[B] (+0) -0.543478261<x48>[B] (+0) +0.543478261<x49>[B] (+0) -0.543478261<x50>[B] (+0) -0.543478261<x51>[B] (+0) -0.543478261<x52>[B] (+0) -0.543478261<x53>[B] (+0) +0.543478261<x54>[B] (+0) +0.543478261<x55>[B] (+0) +0.543478261<x56>[B] (+1) -0.543478261<x57>[B] (+0) +0.543478261<x58>[B] (+0) +0.543478261<x59>[B] (+0) +0.543478261<x60>[B] (+0) +0.543478261<x61>[B] (+0) +0.543478261<x62>[B] (+0) +0.543478261<x63>[B] (+0) -0.543478261<x64>[B] (+0) -0.543478261<x65>[B] (+1) -0.543478261<x66>[B] (+1) -0.543478261<x67>[B] (+1) -0.543478261<x68>[B] (+1) -0.543478261<x69>[B] (+1) -0.543478261<x70>[B] (+1) -0.543478261<x71>[B] (+1) -0.543478261<x72>[B] (+1) -0.543478261<x73>[B] (+1) -0.543478261<x74>[B] (+1) -0.543478261<x75>[B] (+1) -0.543478261<x76>[B] (+1) -0.543478261<x77>[B] (+1) -0.543478261<x78>[B] (+1) -0.543478261<x79>[B] (+1) -0.543478261<x80>[B] (+1) -0.543478261<x81>[B] (+1) -0.543478261<x82>[B] (+1) +0.543478261<x83>[B] (+1) +0.543478261<x84>[B] (+1) +0.543478261<x85>[B] (+1) +0.543478261<x86>[B] (+1) +0.543478261<x87>[B] (+1) +0.543478261<x88>[B] (+1) +0.543478261<x89>[B] (+1) +0.543478261<x90>[B] (+1) +0.543478261<x91>[B] (+1) +0.543478261<x92>[B] (+1) +0.543478261<x93>[B] (+1) +0.543478261<x94>[B] (+1) +0.543478261<x95>[B] (+1) +0.543478261<x96>[B] (+1) +0.543478261<x97>[B] (+1) +0.543478261<x98>[B] (+1) +0.543478261<x99>[B] (+1) +0.543478261<x100>[B] (+1) +0.543478261<x101>[B] (+1) -0.543478261<x102>[B] (+1) +0.543478261<x103>[B] (+1) -0.543478261<x104>[B] (+1) +0.543478261<x105>[B] (+1) +0.543478261<x106>[B] (+1) +0.543478261<x107>[B] (+1) +0.543478261<x108>[B] (+1) +0.543478261<x109>[B] (+1) +0.543478261<x110>[B] (+1) -0.543478261<x111>[B] (+0) +0.543478261<x112>[B] (+1) +0.543478261<x113>[B] (+0) +0.543478261<x114>[B] (+1) +0.543478261<x115>[B] (+0) +0.543478261<x116>[B] (+1) +0.543478261<x117>[B] (+0) -0.543478261<x118>[B] (+0) -0.543478261<x119>[B] (+1) -0.543478261<x120>[B] (+0) -0.543478261<x121>[B] (+0) -0.543478261<x122>[B] (+0) -0.543478261<x123>[B] (+1) -0.543478261<x124>[B] (+0) +0.543478261<x125>[B] (+0) +0.543478261<x126>[B] (+1) -0.543478261<x127>[B] (+0) +0.543478261<x128>[B] (+0) +0.543478261<x129>[B] (+0) +0.543478261<x130>[B] (+0) +0.543478261<x131>[B] (+0) +0.543478261<x132>[B] (+1) +0.543478261<x133>[B] (+0) +0.543478261<x134>[B] (+1) -0.543478261<x135>[B] (+0) +0.543478261<x136>[B] (+0) +0.543478261<x137>[B] (+0) +0.543478261<x138>[B] (+1) +0.543478261<x139>[B] (+0) +0.543478261<x140>[B] (+0) +0.543478261<x141>[B] (+1) -0.543478261<x142>[B] (+0) +0.543478261<x143>[B] (+0) +0.543478261<x144>[B] (+0) +0.543478261<x145>[B] (+0) +0.543478261<x146>[B] (+0) +0.543478261<x147>[B] (+1) +0.543478261<x148>[B] (+0) -0.543478261<x149>[B] (+0) -0.543478261<x150>[B] (+0) -0.543478261<x151>[B] (+0) -0.543478261<x152>[B] (+0) -0.543478261<x153>[B] (+0) +0.543478261<x154>[B] (+0) +0.543478261<x155>[B] (+1) -0.543478261<x156>[B] (+0) +0.543478261<x157>[B] (+0) +0.543478261<x158>[B] (+0) +0.543478261<x159>[B] (+0) +0.543478261<x160>[B] (+0) +0.543478261<x161>[B] (+0) +0.543478261<x162>[B] (+0) +0.543478261<x163>[B] (+1) +0.543478261<x164>[B] (+1) +0.543478261<x165>[B] (+1) +0.543478261<x166>[B] (+1) +0.543478261<x167>[B] (+1) +0.543478261<x168>[B] (+1) +0.543478261<x169>[B] (+0) +0.543478261<x170>[B] (+1) +0.543478261<x171>[B] (+0) +0.543478261<x172>[B] (+1) +0.543478261<x173>[B] (+0) +0.543478261<x174>[B] (+1) +0.543478261<x175>[B] (+0) -0.543478261<x176>[B] (+0) -0.543478261<x177>[B] (+1) +0.543478261<x178>[B] (+0) +0.543478261<x179>[B] (+0) +0.543478261<x180>[B] (+1) -0.543478261<x181>[B] (+0) +0.543478261<x182>[B] (+0) +0.543478261<x183>[B] (+0) +0.543478261<x184>[B] (+0) +0.543478261<x185>[B] (+0) +0.543478261<x186>[B] (+1) +0.543478261<x187>[B] (+0) +0.543478261<x188>[B] (+1) +0.543478261<x189>[B] (+0) +0.543478261<x190>[B] (+0) +0.543478261<x191>[B] (+1) -0.543478261<x192>[B] (+0) +0.543478261<x193>[B] (+0) +0.543478261<x194>[B] (+0) +0.543478261<x195>[B] (+0) +0.543478261<x196>[B] (+0) +0.543478261<x197>[B] (+1) +0.543478261<x198>[B] (+0) +0.543478261<x199>[B] (+0) +0.543478261<x200>[B] (+0) +0.543478261<x201>[B] (+1) -0.543478261<x202>[B] (+0) +0.543478261<x203>[B] (+0) +0.543478261<x204>[B] (+0) +0.543478261<x205>[B] (+0) +0.543478261<x206>[B] (+0) +0.543478261<x207>[B] (+0) +0.543478261<x208>[B] (+0) +0.543478261<x209>[B] (+0) +0.543478261<x210>[B] (+1) -0.543478261<x211>[B] (+0) +0.543478261<x212>[B] (+0) +0.543478261<x213>[B] (+0) +0.543478261<x214>[B] (+0) +0.543478261<x215>[B] (+0) +0.543478261<x216>[B] (+1) +0.543478261<x217>[B] (+0) +0.543478261<x218>[B] (+1) -0.543478261<x219>[B] (+0) +0.543478261<x220>[B] (+1) -0.543478261<x221>[B] (+0) +0.543478261<x222>[B] (+1) +0.543478261<x223>[B] (+0) -0.543478261<x224>[B] (+1) +0.543478261<x225>[B] (+0) -0.543478261<x226>[B] (+0) -0.543478261<x227>[B] (+0) -0.543478261<x228>[B] (+0) +0.543478261<x229>[B] (+0) -0.543478261<x230>[B] (+0) -0.543478261<x231>[B] (+0) +0.543478261<x232>[B] (+0) +0.543478261<x233>[B] (+1) +0.543478261<x234>[B] (+0) +0.543478261<x235>[B] (+1) +0.543478261<x236>[B] (+0) +0.543478261<x237>[B] (+1) +0.543478261<x238>[B] (+0) -0.543478261<x239>[B] (+0) +0.543478261<x240>[B] (+0) +0.543478261<x241>[B] (+0) -0.543478261<x242>[B] (+1) +0.543478261<x243>[B] (+0) +0.543478261<x244>[B] (+1) +0.543478261<x245>[B] (+0) -0.543478261<x246>[B] (+1) +0.543478261<x247>[B] (+0) -0.543478261<x248>[B] (+0) -0.543478261<x249>[B] (+1) -0.543478261<x250>[B] (+0) -0.543478261<x251>[B] (+1) +0.543478261<x252>[B] (+0) +0.543478261<x253>[B] (+0) >= 49.0494071146245;
;
violation: left hand side is violated by 0.00790513833995021
  [linear] <c3865>: <x261>[C] (+22.1936759) +0.420948617<x1>[B] (+1) +0.420948617<x2>[B] (+1) +0.420948617<x3>[B] (+1) -0.420948617<x4>[B] (+0) -0.420948617<x5>[B] (+0) -0.420948617<x6>[B] (+1) -0.420948617<x7>[B] (+1) +0.420948617<x8>[B] (+1) -0.420948617<x9>[B] (+0) -0.420948617<x10>[B] (+1) -0.420948617<x11>[B] (+1) +0.420948617<x12>[B] (+1) -0.420948617<x13>[B] (+1) +0.420948617<x14>[B] (+0) -0.420948617<x15>[B] (+1) -0.420948617<x16>[B] (+0) +0.420948617<x17>[B] (+1) -0.420948617<x18>[B] (+0) +0.420948617<x19>[B] (+1) -0.420948617<x20>[B] (+0) +0.420948617<x21>[B] (+1) -0.420948617<x22>[B] (+0) -0.420948617<x23>[B] (+1) -0.420948617<x24>[B] (+0) -0.420948617<x25>[B] (+0) -0.420948617<x26>[B] (+0) -0.420948617<x27>[B] (+1) -0.420948617<x28>[B] (+1) -0.420948617<x29>[B] (+1) -0.420948617<x30>[B] (+0) -0.420948617<x31>[B] (+1) -0.420948617<x32>[B] (+1) -0.420948617<x33>[B] (+1) -0.420948617<x34>[B] (+0) -0.420948617<x35>[B] (+0) -0.420948617<x36>[B] (+1) -0.420948617<x37>[B] (+0) -0.420948617<x38>[B] (+1) -0.420948617<x39>[B] (+0) -0.420948617<x40>[B] (+0) -0.420948617<x41>[B] (+0) -0.420948617<x42>[B] (+1) -0.420948617<x43>[B] (+0) +0.420948617<x44>[B] (+0) -0.420948617<x45>[B] (+0) -0.420948617<x46>[B] (+0) -0.420948617<x47>[B] (+0) -0.420948617<x48>[B] (+0) +0.420948617<x49>[B] (+0) -0.420948617<x50>[B] (+0) -0.420948617<x51>[B] (+0) -0.420948617<x52>[B] (+0) +0.420948617<x53>[B] (+0) -0.420948617<x54>[B] (+0) +0.420948617<x55>[B] (+0) -0.420948617<x56>[B] (+0) -0.420948617<x57>[B] (+0) +0.420948617<x58>[B] (+0) -0.420948617<x59>[B] (+0) +0.420948617<x60>[B] (+0) -0.420948617<x61>[B] (+0) +0.420948617<x62>[B] (+0) -0.420948617<x63>[B] (+0) -0.420948617<x64>[B] (+0) -0.420948617<x65>[B] (+0) -0.420948617<x66>[B] (+1) -0.420948617<x67>[B] (+1) -0.420948617<x68>[B] (+1) -0.420948617<x69>[B] (+0) -0.420948617<x70>[B] (+1) -0.420948617<x71>[B] (+1) -0.420948617<x72>[B] (+1) -0.420948617<x73>[B] (+1) -0.420948617<x74>[B] (+0) -0.420948617<x75>[B] (+1) -0.420948617<x76>[B] (+0) -0.420948617<x77>[B] (+1) -0.420948617<x78>[B] (+0) -0.420948617<x79>[B] (+1) -0.420948617<x80>[B] (+0) -0.420948617<x81>[B] (+1) -0.420948617<x82>[B] (+0) -0.420948617<x83>[B] (+1) +0.420948617<x84>[B] (+1) -0.420948617<x85>[B] (+1) +0.420948617<x86>[B] (+1) -0.420948617<x87>[B] (+1) -0.420948617<x88>[B] (+1) +0.420948617<x89>[B] (+1) +0.420948617<x90>[B] (+1) -0.420948617<x91>[B] (+1) +0.420948617<x92>[B] (+1) +0.420948617<x93>[B] (+1) -0.420948617<x94>[B] (+1) +0.420948617<x95>[B] (+1) -0.420948617<x96>[B] (+1) +0.420948617<x97>[B] (+1) -0.420948617<x98>[B] (+1) +0.420948617<x99>[B] (+1) -0.420948617<x100>[B] (+1) +0.420948617<x101>[B] (+1) -0.420948617<x102>[B] (+1) +0.420948617<x103>[B] (+1) +0.420948617<x104>[B] (+1) +0.420948617<x105>[B] (+1) +0.420948617<x106>[B] (+1) +0.420948617<x107>[B] (+1) +0.420948617<x108>[B] (+1) +0.420948617<x109>[B] (+1) +0.420948617<x110>[B] (+1) +0.420948617<x111>[B] (+0) +0.420948617<x112>[B] (+1) +0.420948617<x113>[B] (+0) +0.420948617<x114>[B] (+1) +0.420948617<x115>[B] (+0) +0.420948617<x116>[B] (+1) +0.420948617<x117>[B] (+0) -0.420948617<x118>[B] (+0) +0.420948617<x119>[B] (+0) -0.420948617<x120>[B] (+0) -0.420948617<x121>[B] (+0) -0.420948617<x122>[B] (+0) +0.420948617<x123>[B] (+1) -0.420948617<x124>[B] (+0) +0.420948617<x125>[B] (+0) +0.420948617<x126>[B] (+0) -0.420948617<x127>[B] (+0) +0.420948617<x128>[B] (+0) -0.420948617<x129>[B] (+0) +0.420948617<x130>[B] (+0) -0.420948617<x131>[B] (+0) +0.420948617<x132>[B] (+0) -0.420948617<x133>[B] (+0) +0.420948617<x134>[B] (+0) +0.420948617<x135>[B] (+0) +0.420948617<x136>[B] (+0) +0.420948617<x137>[B] (+0) +0.420948617<x138>[B] (+1) +0.420948617<x139>[B] (+0) +0.420948617<x140>[B] (+0) +0.420948617<x141>[B] (+1) +0.420948617<x142>[B] (+0) +0.420948617<x143>[B] (+0) +0.420948617<x144>[B] (+0) +0.420948617<x145>[B] (+0) +0.420948617<x146>[B] (+0) +0.420948617<x147>[B] (+0) +0.420948617<x148>[B] (+0) -0.420948617<x149>[B] (+0) -0.420948617<x150>[B] (+1) -0.420948617<x151>[B] (+1) +0.420948617<x152>[B] (+1) -0.420948617<x153>[B] (+0) -0.420948617<x154>[B] (+0) -0.420948617<x155>[B] (+1) -0.420948617<x156>[B] (+0) +0.420948617<x157>[B] (+0) -0.420948617<x158>[B] (+0) +0.420948617<x159>[B] (+0) -0.420948617<x160>[B] (+0) +0.420948617<x161>[B] (+0) -0.420948617<x162>[B] (+0) -0.420948617<x163>[B] (+1) +0.420948617<x164>[B] (+1) +0.420948617<x165>[B] (+1) -0.420948617<x166>[B] (+1) +0.420948617<x167>[B] (+0) +0.420948617<x168>[B] (+1) -0.420948617<x169>[B] (+0) +0.420948617<x170>[B] (+1) -0.420948617<x171>[B] (+0) +0.420948617<x172>[B] (+1) -0.420948617<x173>[B] (+0) +0.420948617<x174>[B] (+1) -0.420948617<x175>[B] (+0) +0.420948617<x176>[B] (+0) +0.420948617<x177>[B] (+1) +0.420948617<x178>[B] (+0) +0.420948617<x179>[B] (+0) +0.420948617<x180>[B] (+1) -0.420948617<x181>[B] (+0) +0.420948617<x182>[B] (+0) +0.420948617<x183>[B] (+0) +0.420948617<x184>[B] (+0) +0.420948617<x185>[B] (+0) +0.420948617<x186>[B] (+0) +0.420948617<x187>[B] (+0) +0.420948617<x188>[B] (+1) -0.420948617<x189>[B] (+0) +0.420948617<x190>[B] (+0) +0.420948617<x191>[B] (+1) -0.420948617<x192>[B] (+0) +0.420948617<x193>[B] (+0) -0.420948617<x194>[B] (+0) +0.420948617<x195>[B] (+0) -0.420948617<x196>[B] (+0) +0.420948617<x197>[B] (+0) -0.420948617<x198>[B] (+0) -0.420948617<x199>[B] (+0) -0.420948617<x200>[B] (+0) -0.420948617<x201>[B] (+0) -0.420948617<x202>[B] (+0) +0.420948617<x203>[B] (+0) -0.420948617<x204>[B] (+0) +0.420948617<x205>[B] (+0) -0.420948617<x206>[B] (+0) +0.420948617<x207>[B] (+0) -0.420948617<x208>[B] (+0) +0.420948617<x209>[B] (+0) +0.420948617<x210>[B] (+1) -0.420948617<x211>[B] (+0) +0.420948617<x212>[B] (+1) -0.420948617<x213>[B] (+0) +0.420948617<x214>[B] (+0) -0.420948617<x215>[B] (+0) +0.420948617<x216>[B] (+1) -0.420948617<x217>[B] (+0) -0.420948617<x218>[B] (+1) -0.420948617<x219>[B] (+0) +0.420948617<x220>[B] (+1) -0.420948617<x221>[B] (+0) +0.420948617<x222>[B] (+1) -0.420948617<x223>[B] (+0) +0.420948617<x224>[B] (+1) -0.420948617<x225>[B] (+0) -0.420948617<x226>[B] (+0) +0.420948617<x227>[B] (+0) -0.420948617<x228>[B] (+0) +0.420948617<x229>[B] (+0) -0.420948617<x230>[B] (+0) +0.420948617<x231>[B] (+0) -0.420948617<x232>[B] (+0) +0.420948617<x233>[B] (+1) +0.420948617<x234>[B] (+0) +0.420948617<x235>[B] (+1) +0.420948617<x236>[B] (+0) +0.420948617<x237>[B] (+1) +0.420948617<x238>[B] (+0) -0.420948617<x239>[B] (+0) +0.420948617<x240>[B] (+0) -0.420948617<x241>[B] (+0) +0.420948617<x242>[B] (+1) -0.420948617<x243>[B] (+0) +0.420948617<x244>[B] (+1) -0.420948617<x245>[B] (+0) +0.420948617<x246>[B] (+1) +0.420948617<x247>[B] (+0) -0.420948617<x248>[B] (+0) -0.420948617<x249>[B] (+1) -0.420948617<x250>[B] (+0) +0.420948617<x251>[B] (+1) +0.420948617<x252>[B] (+0) -0.420948617<x253>[B] (+0) >= 27.2569169960474;
;
violation: left hand side is violated by 0.0118577075098898
  [linear] <c3866>: <x262>[C] (+29.8596838) -0.476284585<x1>[B] (+1) -0.476284585<x2>[B] (+1) -0.476284585<x3>[B] (+1) -0.476284585<x4>[B] (+0) -0.476284585<x5>[B] (+1) +0.476284585<x6>[B] (+1) -0.476284585<x7>[B] (+1) -0.476284585<x8>[B] (+1) -0.476284585<x9>[B] (+1) -0.476284585<x10>[B] (+1) -0.476284585<x11>[B] (+1) -0.476284585<x12>[B] (+1) -0.476284585<x13>[B] (+1) -0.476284585<x14>[B] (+1) -0.476284585<x15>[B] (+1) -0.476284585<x16>[B] (+1) +0.476284585<x17>[B] (+1) -0.476284585<x18>[B] (+1) -0.476284585<x19>[B] (+1) -0.476284585<x20>[B] (+0) -0.476284585<x21>[B] (+1) -0.476284585<x22>[B] (+0) -0.476284585<x23>[B] (+1) -0.476284585<x24>[B] (+0) -0.476284585<x25>[B] (+0) +0.476284585<x26>[B] (+0) +0.476284585<x27>[B] (+1) -0.476284585<x28>[B] (+1) +0.476284585<x29>[B] (+1) -0.476284585<x30>[B] (+0) -0.476284585<x31>[B] (+1) -0.476284585<x32>[B] (+0) -0.476284585<x33>[B] (+1) +0.476284585<x34>[B] (+0) -0.476284585<x35>[B] (+0) +0.476284585<x36>[B] (+1) -0.476284585<x37>[B] (+0) +0.476284585<x38>[B] (+0) +0.476284585<x39>[B] (+0) -0.476284585<x40>[B] (+0) +0.476284585<x41>[B] (+0) +0.476284585<x42>[B] (+1) -0.476284585<x43>[B] (+0) -0.476284585<x44>[B] (+0) -0.476284585<x45>[B] (+0) +0.476284585<x46>[B] (+0) +0.476284585<x47>[B] (+0) +0.476284585<x48>[B] (+0) +0.476284585<x49>[B] (+0) -0.476284585<x50>[B] (+0) -0.476284585<x51>[B] (+0) -0.476284585<x52>[B] (+0) -0.476284585<x53>[B] (+0) +0.476284585<x54>[B] (+0) -0.476284585<x55>[B] (+0) +0.476284585<x56>[B] (+1) -0.476284585<x57>[B] (+0) +0.476284585<x58>[B] (+0) +0.476284585<x59>[B] (+0) -0.476284585<x60>[B] (+0) +0.476284585<x61>[B] (+0) +0.476284585<x62>[B] (+0) -0.476284585<x63>[B] (+0) +0.476284585<x64>[B] (+0) +0.476284585<x65>[B] (+1) +0.476284585<x66>[B] (+1) +0.476284585<x67>[B] (+1) +0.476284585<x68>[B] (+1) +0.476284585<x69>[B] (+1) -0.476284585<x70>[B] (+1) -0.476284585<x71>[B] (+1) -0.476284585<x72>[B] (+1) +0.476284585<x73>[B] (+1) -0.476284585<x74>[B] (+1) +0.476284585<x75>[B] (+1) -0.476284585<x76>[B] (+1) +0.476284585<x77>[B] (+1) +0.476284585<x78>[B] (+0) +0.476284585<x79>[B] (+1) +0.476284585<x80>[B] (+0) +0.476284585<x81>[B] (+1) +0.476284585<x82>[B] (+0) +0.476284585<x83>[B] (+1) +0.476284585<x84>[B] (+1) +0.476284585<x85>[B] (+1) +0.476284585<x86>[B] (+1) +0.476284585<x87>[B] (+1) -0.476284585<x88>[B] (+1) -0.476284585<x89>[B] (+1) -0.476284585<x90>[B] (+1) +0.476284585<x91>[B] (+1) -0.476284585<x92>[B] (+1) +0.476284585<x93>[B] (+1) -0.476284585<x94>[B] (+1) +0.476284585<x95>[B] (+1) +0.476284585<x96>[B] (+1) -0.476284585<x97>[B] (+1) +0.476284585<x98>[B] (+1) +0.476284585<x99>[B] (+1) -0.476284585<x100>[B] (+1) +0.476284585<x101>[B] (+1) -0.476284585<x102>[B] (+1) -0.476284585<x103>[B] (+1) -0.476284585<x104>[B] (+1) -0.476284585<x105>[B] (+1) -0.476284585<x106>[B] (+1) -0.476284585<x107>[B] (+1) -0.476284585<x108>[B] (+1) -0.476284585<x109>[B] (+0) -0.476284585<x110>[B] (+1) -0.476284585<x111>[B] (+0) +0.476284585<x112>[B] (+1) -0.476284585<x113>[B] (+0) -0.476284585<x114>[B] (+1) -0.476284585<x115>[B] (+0) -0.476284585<x116>[B] (+1) -0.476284585<x117>[B] (+0) -0.476284585<x118>[B] (+1) -0.476284585<x119>[B] (+1) -0.476284585<x120>[B] (+0) -0.476284585<x121>[B] (+0) -0.476284585<x122>[B] (+0) -0.476284585<x123>[B] (+1) -0.476284585<x124>[B] (+0) -0.476284585<x125>[B] (+0) -0.476284585<x126>[B] (+1) -0.476284585<x127>[B] (+0) -0.476284585<x128>[B] (+0) -0.476284585<x129>[B] (+0) -0.476284585<x130>[B] (+0) -0.476284585<x131>[B] (+0) -0.476284585<x132>[B] (+1) -0.476284585<x133>[B] (+0) +0.476284585<x134>[B] (+1) -0.476284585<x135>[B] (+0) -0.476284585<x136>[B] (+0) -0.476284585<x137>[B] (+0) -0.476284585<x138>[B] (+1) +0.476284585<x139>[B] (+0) -0.476284585<x140>[B] (+0) +0.476284585<x141>[B] (+1) -0.476284585<x142>[B] (+0) +0.476284585<x143>[B] (+0) +0.476284585<x144>[B] (+0) -0.476284585<x145>[B] (+0) +0.476284585<x146>[B] (+0) +0.476284585<x147>[B] (+1) -0.476284585<x148>[B] (+0) -0.476284585<x149>[B] (+0) -0.476284585<x150>[B] (+0) -0.476284585<x151>[B] (+0) -0.476284585<x152>[B] (+0) -0.476284585<x153>[B] (+0) -0.476284585<x154>[B] (+0) -0.476284585<x155>[B] (+1) -0.476284585<x156>[B] (+0) +0.476284585<x157>[B] (+0) +0.476284585<x158>[B] (+0) -0.476284585<x159>[B] (+0) -0.476284585<x160>[B] (+0) +0.476284585<x161>[B] (+0) -0.476284585<x162>[B] (+0) -0.476284585<x163>[B] (+1) -0.476284585<x164>[B] (+1) -0.476284585<x165>[B] (+1) +0.476284585<x166>[B] (+1) -0.476284585<x167>[B] (+0) +0.476284585<x168>[B] (+1) -0.476284585<x169>[B] (+0) +0.476284585<x170>[B] (+1) +0.476284585<x171>[B] (+0) -0.476284585<x172>[B] (+1) +0.476284585<x173>[B] (+0) +0.476284585<x174>[B] (+1) -0.476284585<x175>[B] (+0) -0.476284585<x176>[B] (+0) +0.476284585<x177>[B] (+1) +0.476284585<x178>[B] (+0) +0.476284585<x179>[B] (+0) +0.476284585<x180>[B] (+1) +0.476284585<x181>[B] (+0) +0.476284585<x182>[B] (+0) +0.476284585<x183>[B] (+0) +0.476284585<x184>[B] (+0) +0.476284585<x185>[B] (+0) +0.476284585<x186>[B] (+1) +0.476284585<x187>[B] (+0) +0.476284585<x188>[B] (+1) +0.476284585<x189>[B] (+0) +0.476284585<x190>[B] (+0) +0.476284585<x191>[B] (+1) +0.476284585<x192>[B] (+0) +0.476284585<x193>[B] (+0) +0.476284585<x194>[B] (+0) +0.476284585<x195>[B] (+0) +0.476284585<x196>[B] (+0) +0.476284585<x197>[B] (+1) +0.476284585<x198>[B] (+0) +0.476284585<x199>[B] (+0) +0.476284585<x200>[B] (+0) +0.476284585<x201>[B] (+1) -0.476284585<x202>[B] (+0) +0.476284585<x203>[B] (+0) +0.476284585<x204>[B] (+0) +0.476284585<x205>[B] (+0) +0.476284585<x206>[B] (+0) +0.476284585<x207>[B] (+0) +0.476284585<x208>[B] (+0) -0.476284585<x209>[B] (+0) -0.476284585<x210>[B] (+1) -0.476284585<x211>[B] (+0) +0.476284585<x212>[B] (+0) +0.476284585<x213>[B] (+0) -0.476284585<x214>[B] (+0) +0.476284585<x215>[B] (+0) +0.476284585<x216>[B] (+1) -0.476284585<x217>[B] (+0) +0.476284585<x218>[B] (+1) -0.476284585<x219>[B] (+1) +0.476284585<x220>[B] (+1) +0.476284585<x221>[B] (+0) +0.476284585<x222>[B] (+1) +0.476284585<x223>[B] (+0) +0.476284585<x224>[B] (+1) +0.476284585<x225>[B] (+0) -0.476284585<x226>[B] (+0) +0.476284585<x227>[B] (+0) +0.476284585<x228>[B] (+0) -0.476284585<x229>[B] (+0) +0.476284585<x230>[B] (+0) +0.476284585<x231>[B] (+0) -0.476284585<x232>[B] (+0) +0.476284585<x233>[B] (+1) +0.476284585<x234>[B] (+0) +0.476284585<x235>[B] (+1) +0.476284585<x236>[B] (+0) +0.476284585<x237>[B] (+1) +0.476284585<x238>[B] (+0) -0.476284585<x239>[B] (+0) -0.476284585<x240>[B] (+0) -0.476284585<x241>[B] (+0) -0.476284585<x242>[B] (+1) -0.476284585<x243>[B] (+0) -0.476284585<x244>[B] (+1) -0.476284585<x245>[B] (+0) +0.476284585<x246>[B] (+1) -0.476284585<x247>[B] (+0) +0.476284585<x248>[B] (+0) +0.476284585<x249>[B] (+1) -0.476284585<x250>[B] (+0) +0.476284585<x251>[B] (+1) -0.476284585<x252>[B] (+0) -0.476284585<x253>[B] (+0) >= 28.4584980237154;
;
violation: left hand side is violated by 0.0276679841897298
  [linear] <c3866>: <x262>[C] (+33.1383399) -0.476284585<x1>[B] (+1) -0.476284585<x2>[B] (+1) -0.476284585<x3>[B] (+0) -0.476284585<x4>[B] (+0) -0.476284585<x5>[B] (+1) +0.476284585<x6>[B] (+1) -0.476284585<x7>[B] (+1) -0.476284585<x8>[B] (+1) -0.476284585<x9>[B] (+1) -0.476284585<x10>[B] (+1) -0.476284585<x11>[B] (+1) -0.476284585<x12>[B] (+1) -0.476284585<x13>[B] (+1) -0.476284585<x14>[B] (+1) -0.476284585<x15>[B] (+1) -0.476284585<x16>[B] (+1) +0.476284585<x17>[B] (+1) -0.476284585<x18>[B] (+1) -0.476284585<x19>[B] (+1) -0.476284585<x20>[B] (+0) -0.476284585<x21>[B] (+1) -0.476284585<x22>[B] (+0) -0.476284585<x23>[B] (+1) -0.476284585<x24>[B] (+0) -0.476284585<x25>[B] (+0) +0.476284585<x26>[B] (+0) +0.476284585<x27>[B] (+1) -0.476284585<x28>[B] (+1) +0.476284585<x29>[B] (+1) -0.476284585<x30>[B] (+1) -0.476284585<x31>[B] (+1) -0.476284585<x32>[B] (+1) -0.476284585<x33>[B] (+1) +0.476284585<x34>[B] (+1) -0.476284585<x35>[B] (+1) +0.476284585<x36>[B] (+1) -0.476284585<x37>[B] (+0) +0.476284585<x38>[B] (+0) +0.476284585<x39>[B] (+1) -0.476284585<x40>[B] (+1) +0.476284585<x41>[B] (+0) +0.476284585<x42>[B] (+1) -0.476284585<x43>[B] (+0) -0.476284585<x44>[B] (+0) -0.476284585<x45>[B] (+0) +0.476284585<x46>[B] (+0) +0.476284585<x47>[B] (+0) +0.476284585<x48>[B] (+0) +0.476284585<x49>[B] (+0) -0.476284585<x50>[B] (+0) -0.476284585<x51>[B] (+0) -0.476284585<x52>[B] (+0) -0.476284585<x53>[B] (+0) +0.476284585<x54>[B] (+0) -0.476284585<x55>[B] (+0) +0.476284585<x56>[B] (+0) -0.476284585<x57>[B] (+0) +0.476284585<x58>[B] (+0) +0.476284585<x59>[B] (+0) -0.476284585<x60>[B] (+0) +0.476284585<x61>[B] (+0) +0.476284585<x62>[B] (+0) -0.476284585<x63>[B] (+0) +0.476284585<x64>[B] (+0) +0.476284585<x65>[B] (+1) +0.476284585<x66>[B] (+1) +0.476284585<x67>[B] (+1) +0.476284585<x68>[B] (+1) +0.476284585<x69>[B] (+1) -0.476284585<x70>[B] (+1) -0.476284585<x71>[B] (+1) -0.476284585<x72>[B] (+1) +0.476284585<x73>[B] (+1) -0.476284585<x74>[B] (+1) +0.476284585<x75>[B] (+1) -0.476284585<x76>[B] (+1) +0.476284585<x77>[B] (+1) +0.476284585<x78>[B] (+1) +0.476284585<x79>[B] (+1) +0.476284585<x80>[B] (+0) +0.476284585<x81>[B] (+1) +0.476284585<x82>[B] (+0) +0.476284585<x83>[B] (+1) +0.476284585<x84>[B] (+1) +0.476284585<x85>[B] (+1) +0.476284585<x86>[B] (+1) +0.476284585<x87>[B] (+1) -0.476284585<x88>[B] (+1) -0.476284585<x89>[B] (+1) -0.476284585<x90>[B] (+1) +0.476284585<x91>[B] (+1) -0.476284585<x92>[B] (+1) +0.476284585<x93>[B] (+1) -0.476284585<x94>[B] (+1) +0.476284585<x95>[B] (+1) +0.476284585<x96>[B] (+1) -0.476284585<x97>[B] (+1) +0.476284585<x98>[B] (+1) +0.476284585<x99>[B] (+1) -0.476284585<x100>[B] (+1) +0.476284585<x101>[B] (+1) -0.476284585<x102>[B] (+1) -0.476284585<x103>[B] (+1) -0.476284585<x104>[B] (+1) -0.476284585<x105>[B] (+1) -0.476284585<x106>[B] (+1) -0.476284585<x107>[B] (+1) -0.476284585<x108>[B] (+1) -0.476284585<x109>[B] (+1) -0.476284585<x110>[B] (+1) -0.476284585<x111>[B] (+1) +0.476284585<x112>[B] (+1) -0.476284585<x113>[B] (+1) -0.476284585<x114>[B] (+1) -0.476284585<x115>[B] (+0) -0.476284585<x116>[B] (+1) -0.476284585<x117>[B] (+0) -0.476284585<x118>[B] (+0) -0.476284585<x119>[B] (+0) -0.476284585<x120>[B] (+0) -0.476284585<x121>[B] (+1) -0.476284585<x122>[B] (+0) -0.476284585<x123>[B] (+1) -0.476284585<x124>[B] (+0) -0.476284585<x125>[B] (+0) -0.476284585<x126>[B] (+1) -0.476284585<x127>[B] (+0) -0.476284585<x128>[B] (+0) -0.476284585<x129>[B] (+1) -0.476284585<x130>[B] (+0) -0.476284585<x131>[B] (+0) -0.476284585<x132>[B] (+0) -0.476284585<x133>[B] (+0) +0.476284585<x134>[B] (+1) -0.476284585<x135>[B] (+0) -0.476284585<x136>[B] (+1) -0.476284585<x137>[B] (+1) -0.476284585<x138>[B] (+1) +0.476284585<x139>[B] (+1) -0.476284585<x140>[B] (+0) +0.476284585<x141>[B] (+1) -0.476284585<x142>[B] (+0) +0.476284585<x143>[B] (+0) +0.476284585<x144>[B] (+1) -0.476284585<x145>[B] (+0) +0.476284585<x146>[B] (+0) +0.476284585<x147>[B] (+0) -0.476284585<x148>[B] (+0) -0.476284585<x149>[B] (+0) -0.476284585<x150>[B] (+1) -0.476284585<x151>[B] (+0) -0.476284585<x152>[B] (+1) -0.476284585<x153>[B] (+0) -0.476284585<x154>[B] (+0) -0.476284585<x155>[B] (+1) -0.476284585<x156>[B] (+0) +0.476284585<x157>[B] (+0) +0.476284585<x158>[B] (+1) -0.476284585<x159>[B] (+0) -0.476284585<x160>[B] (+0) +0.476284585<x161>[B] (+0) -0.476284585<x162>[B] (+0) -0.476284585<x163>[B] (+1) -0.476284585<x164>[B] (+1) -0.476284585<x165>[B] (+1) +0.476284585<x166>[B] (+1) -0.476284585<x167>[B] (+1) +0.476284585<x168>[B] (+1) -0.476284585<x169>[B] (+0) +0.476284585<x170>[B] (+0) +0.476284585<x171>[B] (+1) -0.476284585<x172>[B] (+0) +0.476284585<x173>[B] (+0) +0.476284585<x174>[B] (+1) -0.476284585<x175>[B] (+0) -0.476284585<x176>[B] (+0) +0.476284585<x177>[B] (+1) +0.476284585<x178>[B] (+0) +0.476284585<x179>[B] (+0) +0.476284585<x180>[B] (+1) +0.476284585<x181>[B] (+0) +0.476284585<x182>[B] (+0) +0.476284585<x183>[B] (+1) +0.476284585<x184>[B] (+0) +0.476284585<x185>[B] (+0) +0.476284585<x186>[B] (+0) +0.476284585<x187>[B] (+0) +0.476284585<x188>[B] (+1) +0.476284585<x189>[B] (+0) +0.476284585<x190>[B] (+0) +0.476284585<x191>[B] (+1) +0.476284585<x192>[B] (+0) +0.476284585<x193>[B] (+0) +0.476284585<x194>[B] (+1) +0.476284585<x195>[B] (+0) +0.476284585<x196>[B] (+0) +0.476284585<x197>[B] (+0) +0.476284585<x198>[B] (+0) +0.476284585<x199>[B] (+0) +0.476284585<x200>[B] (+0) +0.476284585<x201>[B] (+0) -0.476284585<x202>[B] (+0) +0.476284585<x203>[B] (+0) +0.476284585<x204>[B] (+0) +0.476284585<x205>[B] (+0) +0.476284585<x206>[B] (+0) +0.476284585<x207>[B] (+0) +0.476284585<x208>[B] (+0) -0.476284585<x209>[B] (+0) -0.476284585<x210>[B] (+1) -0.476284585<x211>[B] (+0) +0.476284585<x212>[B] (+0) +0.476284585<x213>[B] (+1) -0.476284585<x214>[B] (+0) +0.476284585<x215>[B] (+0) +0.476284585<x216>[B] (+0) -0.476284585<x217>[B] (+0) +0.476284585<x218>[B] (+1) -0.476284585<x219>[B] (+0) +0.476284585<x220>[B] (+0) +0.476284585<x221>[B] (+1) +0.476284585<x222>[B] (+0) +0.476284585<x223>[B] (+0) +0.476284585<x224>[B] (+0) +0.476284585<x225>[B] (+0) -0.476284585<x226>[B] (+0) +0.476284585<x227>[B] (+0) +0.476284585<x228>[B] (+1) -0.476284585<x229>[B] (+0) +0.476284585<x230>[B] (+0) +0.476284585<x231>[B] (+0) -0.476284585<x232>[B] (+0) +0.476284585<x233>[B] (+1) +0.476284585<x234>[B] (+1) +0.476284585<x235>[B] (+1) +0.476284585<x236>[B] (+0) +0.476284585<x237>[B] (+1) +0.476284585<x238>[B] (+0) -0.476284585<x239>[B] (+1) -0.476284585<x240>[B] (+1) -0.476284585<x241>[B] (+0) -0.476284585<x242>[B] (+1) -0.476284585<x243>[B] (+0) -0.476284585<x244>[B] (+0) -0.476284585<x245>[B] (+0) +0.476284585<x246>[B] (+0) -0.476284585<x247>[B] (+0) +0.476284585<x248>[B] (+0) +0.476284585<x249>[B] (+1) -0.476284585<x250>[B] (+0) +0.476284585<x251>[B] (+1) -0.476284585<x252>[B] (+0) -0.476284585<x253>[B] (+0) >= 28.4584980237154;
;
violation: left hand side is violated by 0.0830039525691824
  [linear] <c3867>: <x263>[C] (+27.513834) +0.464426877<x1>[B] (+1) -0.464426877<x2>[B] (+1) -0.464426877<x3>[B] (+0) +0.464426877<x4>[B] (+0) +0.464426877<x5>[B] (+1) +0.464426877<x6>[B] (+1) +0.464426877<x7>[B] (+1) +0.464426877<x8>[B] (+1) +0.464426877<x9>[B] (+1) +0.464426877<x10>[B] (+1) +0.464426877<x11>[B] (+1) +0.464426877<x12>[B] (+1) +0.464426877<x13>[B] (+1) +0.464426877<x14>[B] (+1) +0.464426877<x15>[B] (+1) +0.464426877<x16>[B] (+0) -0.464426877<x17>[B] (+1) -0.464426877<x18>[B] (+0) +0.464426877<x19>[B] (+1) +0.464426877<x20>[B] (+0) -0.464426877<x21>[B] (+1) +0.464426877<x22>[B] (+0) -0.464426877<x23>[B] (+1) -0.464426877<x24>[B] (+0) -0.464426877<x25>[B] (+0) -0.464426877<x26>[B] (+0) -0.464426877<x27>[B] (+1) -0.464426877<x28>[B] (+1) +0.464426877<x29>[B] (+1) +0.464426877<x30>[B] (+0) +0.464426877<x31>[B] (+1) +0.464426877<x32>[B] (+0) -0.464426877<x33>[B] (+1) -0.464426877<x34>[B] (+0) -0.464426877<x35>[B] (+0) -0.464426877<x36>[B] (+1) -0.464426877<x37>[B] (+0) -0.464426877<x38>[B] (+0) -0.464426877<x39>[B] (+0) +0.464426877<x40>[B] (+0) +0.464426877<x41>[B] (+0) -0.464426877<x42>[B] (+1) -0.464426877<x43>[B] (+0) +0.464426877<x44>[B] (+0) +0.464426877<x45>[B] (+0) +0.464426877<x46>[B] (+0) +0.464426877<x47>[B] (+0) +0.464426877<x48>[B] (+0) +0.464426877<x49>[B] (+0) +0.464426877<x50>[B] (+0) +0.464426877<x51>[B] (+0) +0.464426877<x52>[B] (+0) +0.464426877<x53>[B] (+0) +0.464426877<x54>[B] (+0) +0.464426877<x55>[B] (+0) +0.464426877<x56>[B] (+0) +0.464426877<x57>[B] (+0) -0.464426877<x58>[B] (+0) +0.464426877<x59>[B] (+0) +0.464426877<x60>[B] (+0) +0.464426877<x61>[B] (+0) +0.464426877<x62>[B] (+0) +0.464426877<x63>[B] (+0) +0.464426877<x64>[B] (+0) +0.464426877<x65>[B] (+1) +0.464426877<x66>[B] (+1) +0.464426877<x67>[B] (+1) +0.464426877<x68>[B] (+1) +0.464426877<x69>[B] (+1) +0.464426877<x70>[B] (+1) +0.464426877<x71>[B] (+1) +0.464426877<x72>[B] (+1) +0.464426877<x73>[B] (+1) +0.464426877<x74>[B] (+1) +0.464426877<x75>[B] (+1) +0.464426877<x76>[B] (+1) -0.464426877<x77>[B] (+1) +0.464426877<x78>[B] (+1) +0.464426877<x79>[B] (+1) +0.464426877<x80>[B] (+0) +0.464426877<x81>[B] (+1) +0.464426877<x82>[B] (+0) +0.464426877<x83>[B] (+1) +0.464426877<x84>[B] (+1) +0.464426877<x85>[B] (+1) +0.464426877<x86>[B] (+1) +0.464426877<x87>[B] (+1) +0.464426877<x88>[B] (+1) +0.464426877<x89>[B] (+1) +0.464426877<x90>[B] (+1) +0.464426877<x91>[B] (+1) +0.464426877<x92>[B] (+1) +0.464426877<x93>[B] (+1) +0.464426877<x94>[B] (+1) -0.464426877<x95>[B] (+1) -0.464426877<x96>[B] (+1) +0.464426877<x97>[B] (+1) +0.464426877<x98>[B] (+1) -0.464426877<x99>[B] (+1) +0.464426877<x100>[B] (+1) -0.464426877<x101>[B] (+1) +0.464426877<x102>[B] (+1) +0.464426877<x103>[B] (+1) +0.464426877<x104>[B] (+1) +0.464426877<x105>[B] (+1) +0.464426877<x106>[B] (+1) -0.464426877<x107>[B] (+1) -0.464426877<x108>[B] (+1) -0.464426877<x109>[B] (+0) +0.464426877<x110>[B] (+1) +0.464426877<x111>[B] (+0) -0.464426877<x112>[B] (+1) -0.464426877<x113>[B] (+0) +0.464426877<x114>[B] (+1) +0.464426877<x115>[B] (+0) -0.464426877<x116>[B] (+1) -0.464426877<x117>[B] (+0) +0.464426877<x118>[B] (+0) +0.464426877<x119>[B] (+0) +0.464426877<x120>[B] (+0) +0.464426877<x121>[B] (+0) +0.464426877<x122>[B] (+0) -0.464426877<x123>[B] (+1) -0.464426877<x124>[B] (+0) -0.464426877<x125>[B] (+0) +0.464426877<x126>[B] (+1) +0.464426877<x127>[B] (+0) -0.464426877<x128>[B] (+0) -0.464426877<x129>[B] (+0) +0.464426877<x130>[B] (+0) +0.464426877<x131>[B] (+0) -0.464426877<x132>[B] (+0) +0.464426877<x133>[B] (+0) +0.464426877<x134>[B] (+1) +0.464426877<x135>[B] (+0) +0.464426877<x136>[B] (+0) +0.464426877<x137>[B] (+0) -0.464426877<x138>[B] (+1) -0.464426877<x139>[B] (+0) -0.464426877<x140>[B] (+0) +0.464426877<x141>[B] (+1) +0.464426877<x142>[B] (+0) -0.464426877<x143>[B] (+0) -0.464426877<x144>[B] (+0) +0.464426877<x145>[B] (+0) +0.464426877<x146>[B] (+0) -0.464426877<x147>[B] (+0) -0.464426877<x148>[B] (+0) +0.464426877<x149>[B] (+0) +0.464426877<x150>[B] (+0) -0.464426877<x151>[B] (+0) -0.464426877<x152>[B] (+1) -0.464426877<x153>[B] (+0) -0.464426877<x154>[B] (+0) -0.464426877<x155>[B] (+1) -0.464426877<x156>[B] (+0) -0.464426877<x157>[B] (+0) -0.464426877<x158>[B] (+0) +0.464426877<x159>[B] (+0) -0.464426877<x160>[B] (+0) -0.464426877<x161>[B] (+0) -0.464426877<x162>[B] (+0) -0.464426877<x163>[B] (+1) -0.464426877<x164>[B] (+1) -0.464426877<x165>[B] (+1) -0.464426877<x166>[B] (+1) -0.464426877<x167>[B] (-1.51767487e-13) -0.464426877<x168>[B] (+1) -0.464426877<x169>[B] (+0) -0.464426877<x170>[B] (+1) -0.464426877<x171>[B] (+0) +0.464426877<x172>[B] (+1) -0.464426877<x173>[B] (+0) -0.464426877<x174>[B] (+1) -0.464426877<x175>[B] (+0) -0.464426877<x176>[B] (+0) -0.464426877<x177>[B] (+1) -0.464426877<x178>[B] (+0) -0.464426877<x179>[B] (+0) -0.464426877<x180>[B] (+1) -0.464426877<x181>[B] (+0) -0.464426877<x182>[B] (+0) -0.464426877<x183>[B] (+0) +0.464426877<x184>[B] (+0) -0.464426877<x185>[B] (+0) -0.464426877<x186>[B] (+1) -0.464426877<x187>[B] (+0) -0.464426877<x188>[B] (+1) -0.464426877<x189>[B] (+0) -0.464426877<x190>[B] (+0) -0.464426877<x191>[B] (+1) -0.464426877<x192>[B] (+0) -0.464426877<x193>[B] (+0) -0.464426877<x194>[B] (+0) +0.464426877<x195>[B] (+0) +0.464426877<x196>[B] (+0) -0.464426877<x197>[B] (+1) -0.464426877<x198>[B] (+0) +0.464426877<x199>[B] (+0) -0.464426877<x200>[B] (+0) +0.464426877<x201>[B] (+0) +0.464426877<x202>[B] (+0) -0.464426877<x203>[B] (+0) -0.464426877<x204>[B] (+0) +0.464426877<x205>[B] (+0) +0.464426877<x206>[B] (+0) -0.464426877<x207>[B] (+0) +0.464426877<x208>[B] (+0) -0.464426877<x209>[B] (+0) +0.464426877<x210>[B] (+1) +0.464426877<x211>[B] (+0) -0.464426877<x212>[B] (+0) -0.464426877<x213>[B] (+0) +0.464426877<x214>[B] (+0) +0.464426877<x215>[B] (+0) -0.464426877<x216>[B] (+1) +0.464426877<x217>[B] (+0) +0.464426877<x218>[B] (+1) +0.464426877<x219>[B] (+0) -0.464426877<x220>[B] (+1) -0.464426877<x221>[B] (+0) +0.464426877<x222>[B] (+1) +0.464426877<x223>[B] (+0) -0.464426877<x224>[B] (+1) +0.464426877<x225>[B] (+0) -0.464426877<x226>[B] (+0) -0.464426877<x227>[B] (+0) -0.464426877<x228>[B] (+0) +0.464426877<x229>[B] (+0) +0.464426877<x230>[B] (+0) -0.464426877<x231>[B] (+0) -0.464426877<x232>[B] (+0) -0.464426877<x233>[B] (+1) -0.464426877<x234>[B] (+0) +0.464426877<x235>[B] (+1) +0.464426877<x236>[B] (+0) -0.464426877<x237>[B] (+1) -0.464426877<x238>[B] (+0) +0.464426877<x239>[B] (+0) +0.464426877<x240>[B] (+0) +0.464426877<x241>[B] (+0) +0.464426877<x242>[B] (+1) +0.464426877<x243>[B] (+0) +0.464426877<x244>[B] (+1) +0.464426877<x245>[B] (+0) +0.464426877<x246>[B] (+1) +0.464426877<x247>[B] (+0) -0.464426877<x248>[B] (+0) -0.464426877<x249>[B] (+1) -0.464426877<x250>[B] (+0) -0.464426877<x251>[B] (+1) -0.464426877<x252>[B] (+0) +0.464426877<x253>[B] (+0) >= 37.2707509881423;
;
violation: left hand side is violated by 0.00395256916994668
  [linear] <c3866>: <x262>[C] (+29.3913043) -0.476284585<x1>[B] (+1) -0.476284585<x2>[B] (+1) -0.476284585<x3>[B] (+0) -0.476284585<x4>[B] (+0) -0.476284585<x5>[B] (+1) +0.476284585<x6>[B] (+1) -0.476284585<x7>[B] (+1) -0.476284585<x8>[B] (+1) -0.476284585<x9>[B] (+1) -0.476284585<x10>[B] (+1) -0.476284585<x11>[B] (+1) -0.476284585<x12>[B] (+1) -0.476284585<x13>[B] (+1) -0.476284585<x14>[B] (+1) -0.476284585<x15>[B] (+1) -0.476284585<x16>[B] (+1) +0.476284585<x17>[B] (+1) -0.476284585<x18>[B] (+1) -0.476284585<x19>[B] (+1) -0.476284585<x20>[B] (+0) -0.476284585<x21>[B] (+1) -0.476284585<x22>[B] (+0) -0.476284585<x23>[B] (+1) -0.476284585<x24>[B] (+0) -0.476284585<x25>[B] (+0) +0.476284585<x26>[B] (+0) +0.476284585<x27>[B] (+1) -0.476284585<x28>[B] (+1) +0.476284585<x29>[B] (+1) -0.476284585<x30>[B] (+0) -0.476284585<x31>[B] (+1) -0.476284585<x32>[B] (+0) -0.476284585<x33>[B] (+1) +0.476284585<x34>[B] (+0) -0.476284585<x35>[B] (+0) +0.476284585<x36>[B] (+1) -0.476284585<x37>[B] (+0) +0.476284585<x38>[B] (+0) +0.476284585<x39>[B] (+0) -0.476284585<x40>[B] (+0) +0.476284585<x41>[B] (+0) +0.476284585<x42>[B] (+1) -0.476284585<x43>[B] (+0) -0.476284585<x44>[B] (+0) -0.476284585<x45>[B] (+0) +0.476284585<x46>[B] (+0) +0.476284585<x47>[B] (+0) +0.476284585<x48>[B] (+0) +0.476284585<x49>[B] (+0) -0.476284585<x50>[B] (+0) -0.476284585<x51>[B] (+0) -0.476284585<x52>[B] (+0) -0.476284585<x53>[B] (+0) +0.476284585<x54>[B] (+0) -0.476284585<x55>[B] (+0) +0.476284585<x56>[B] (+0) -0.476284585<x57>[B] (+0) +0.476284585<x58>[B] (+0) +0.476284585<x59>[B] (+0) -0.476284585<x60>[B] (+0) +0.476284585<x61>[B] (+0) +0.476284585<x62>[B] (+0) -0.476284585<x63>[B] (+0) +0.476284585<x64>[B] (+0) +0.476284585<x65>[B] (+1) +0.476284585<x66>[B] (+1) +0.476284585<x67>[B] (+1) +0.476284585<x68>[B] (+1) +0.476284585<x69>[B] (+1) -0.476284585<x70>[B] (+1) -0.476284585<x71>[B] (+1) -0.476284585<x72>[B] (+1) +0.476284585<x73>[B] (+1) -0.476284585<x74>[B] (+1) +0.476284585<x75>[B] (+1) -0.476284585<x76>[B] (+1) +0.476284585<x77>[B] (+1) +0.476284585<x78>[B] (+1) +0.476284585<x79>[B] (+1) +0.476284585<x80>[B] (+0) +0.476284585<x81>[B] (+1) +0.476284585<x82>[B] (+0) +0.476284585<x83>[B] (+1) +0.476284585<x84>[B] (+1) +0.476284585<x85>[B] (+1) +0.476284585<x86>[B] (+1) +0.476284585<x87>[B] (+1) -0.476284585<x88>[B] (+1) -0.476284585<x89>[B] (+1) -0.476284585<x90>[B] (+1) +0.476284585<x91>[B] (+1) -0.476284585<x92>[B] (+1) +0.476284585<x93>[B] (+1) -0.476284585<x94>[B] (+1) +0.476284585<x95>[B] (+1) +0.476284585<x96>[B] (+1) -0.476284585<x97>[B] (+1) +0.476284585<x98>[B] (+1) +0.476284585<x99>[B] (+1) -0.476284585<x100>[B] (+1) +0.476284585<x101>[B] (+1) -0.476284585<x102>[B] (+1) -0.476284585<x103>[B] (+1) -0.476284585<x104>[B] (+1) -0.476284585<x105>[B] (+1) -0.476284585<x106>[B] (+1) -0.476284585<x107>[B] (+1) -0.476284585<x108>[B] (+1) -0.476284585<x109>[B] (+0) -0.476284585<x110>[B] (+1) -0.476284585<x111>[B] (+0) +0.476284585<x112>[B] (+1) -0.476284585<x113>[B] (+0) -0.476284585<x114>[B] (+1) -0.476284585<x115>[B] (+0) -0.476284585<x116>[B] (+1) -0.476284585<x117>[B] (+0) -0.476284585<x118>[B] (+1) -0.476284585<x119>[B] (+0) -0.476284585<x120>[B] (+0) -0.476284585<x121>[B] (+0) -0.476284585<x122>[B] (+0) -0.476284585<x123>[B] (+1) -0.476284585<x124>[B] (+0) -0.476284585<x125>[B] (+0) -0.476284585<x126>[B] (+1) -0.476284585<x127>[B] (+0) -0.476284585<x128>[B] (+0) -0.476284585<x129>[B] (+0) -0.476284585<x130>[B] (+0) -0.476284585<x131>[B] (+0) -0.476284585<x132>[B] (+0) -0.476284585<x133>[B] (+0) +0.476284585<x134>[B] (+0) -0.476284585<x135>[B] (+0) -0.476284585<x136>[B] (+0) -0.476284585<x137>[B] (+0) -0.476284585<x138>[B] (+1) +0.476284585<x139>[B] (+0) -0.476284585<x140>[B] (+0) +0.476284585<x141>[B] (+1) -0.476284585<x142>[B] (+0) +0.476284585<x143>[B] (+0) +0.476284585<x144>[B] (+0) -0.476284585<x145>[B] (+0) +0.476284585<x146>[B] (+0) +0.476284585<x147>[B] (+0) -0.476284585<x148>[B] (+0) -0.476284585<x149>[B] (+0) -0.476284585<x150>[B] (+0) -0.476284585<x151>[B] (+0) -0.476284585<x152>[B] (+1) -0.476284585<x153>[B] (+0) -0.476284585<x154>[B] (+0) -0.476284585<x155>[B] (+1) -0.476284585<x156>[B] (+0) +0.476284585<x157>[B] (+0) +0.476284585<x158>[B] (+0) -0.476284585<x159>[B] (+0) -0.476284585<x160>[B] (+0) +0.476284585<x161>[B] (+0) -0.476284585<x162>[B] (+0) -0.476284585<x163>[B] (+1) -0.476284585<x164>[B] (+1) -0.476284585<x165>[B] (+1) +0.476284585<x166>[B] (+1) -0.476284585<x167>[B] (+0) +0.476284585<x168>[B] (+1) -0.476284585<x169>[B] (+0) +0.476284585<x170>[B] (+1) +0.476284585<x171>[B] (+0) -0.476284585<x172>[B] (+1) +0.476284585<x173>[B] (+0) +0.476284585<x174>[B] (+1) -0.476284585<x175>[B] (+0) -0.476284585<x176>[B] (+0) +0.476284585<x177>[B] (+1) +0.476284585<x178>[B] (+0) +0.476284585<x179>[B] (+0) +0.476284585<x180>[B] (+1) +0.476284585<x181>[B] (+0) +0.476284585<x182>[B] (+0) +0.476284585<x183>[B] (+0) +0.476284585<x184>[B] (+0) +0.476284585<x185>[B] (+0) +0.476284585<x186>[B] (+1) +0.476284585<x187>[B] (+0) +0.476284585<x188>[B] (+1) +0.476284585<x189>[B] (+1) +0.476284585<x190>[B] (+0) +0.476284585<x191>[B] (+1) +0.476284585<x192>[B] (+0) +0.476284585<x193>[B] (+0) +0.476284585<x194>[B] (+0) +0.476284585<x195>[B] (+0) +0.476284585<x196>[B] (+0) +0.476284585<x197>[B] (+1) +0.476284585<x198>[B] (+0) +0.476284585<x199>[B] (+0) +0.476284585<x200>[B] (+0) +0.476284585<x201>[B] (+0) -0.476284585<x202>[B] (+0) +0.476284585<x203>[B] (+0) +0.476284585<x204>[B] (+0) +0.476284585<x205>[B] (+0) +0.476284585<x206>[B] (+0) +0.476284585<x207>[B] (+0) +0.476284585<x208>[B] (+0) -0.476284585<x209>[B] (+0) -0.476284585<x210>[B] (+1) -0.476284585<x211>[B] (+0) +0.476284585<x212>[B] (+0) +0.476284585<x213>[B] (+0) -0.476284585<x214>[B] (+0) +0.476284585<x215>[B] (+0) +0.476284585<x216>[B] (+1) -0.476284585<x217>[B] (+0) +0.476284585<x218>[B] (+1) -0.476284585<x219>[B] (+0) +0.476284585<x220>[B] (+1) +0.476284585<x221>[B] (+0) +0.476284585<x222>[B] (+1) +0.476284585<x223>[B] (+0) +0.476284585<x224>[B] (+1) +0.476284585<x225>[B] (+0) -0.476284585<x226>[B] (+0) +0.476284585<x227>[B] (+0) +0.476284585<x228>[B] (+0) -0.476284585<x229>[B] (+0) +0.476284585<x230>[B] (+0) +0.476284585<x231>[B] (+0) -0.476284585<x232>[B] (+0) +0.476284585<x233>[B] (+1) +0.476284585<x234>[B] (+0) +0.476284585<x235>[B] (+1) +0.476284585<x236>[B] (+0) +0.476284585<x237>[B] (+1) +0.476284585<x238>[B] (+0) -0.476284585<x239>[B] (+0) -0.476284585<x240>[B] (+0) -0.476284585<x241>[B] (+0) -0.476284585<x242>[B] (+1) -0.476284585<x243>[B] (+0) -0.476284585<x244>[B] (+1) -0.476284585<x245>[B] (+0) +0.476284585<x246>[B] (+1) -0.476284585<x247>[B] (+0) +0.476284585<x248>[B] (+0) +0.476284585<x249>[B] (+1) -0.476284585<x250>[B] (+0) +0.476284585<x251>[B] (+1) -0.476284585<x252>[B] (+0) -0.476284585<x253>[B] (+0) >= 28.4584980237154;
;
violation: left hand side is violated by 0.0197628458497974
  [linear] <c3866>: <x262>[C] (+28.9229249) -0.476284585<x1>[B] (+1) -0.476284585<x2>[B] (+1) -0.476284585<x3>[B] (+0) -0.476284585<x4>[B] (+0) -0.476284585<x5>[B] (+1) +0.476284585<x6>[B] (+1) -0.476284585<x7>[B] (+1) -0.476284585<x8>[B] (+1) -0.476284585<x9>[B] (+1) -0.476284585<x10>[B] (+1) -0.476284585<x11>[B] (+1) -0.476284585<x12>[B] (+1) -0.476284585<x13>[B] (+1) -0.476284585<x14>[B] (+1) -0.476284585<x15>[B] (+1) -0.476284585<x16>[B] (+0) +0.476284585<x17>[B] (+1) -0.476284585<x18>[B] (+0) -0.476284585<x19>[B] (+1) -0.476284585<x20>[B] (+0) -0.476284585<x21>[B] (+1) -0.476284585<x22>[B] (+0) -0.476284585<x23>[B] (+1) -0.476284585<x24>[B] (+0) -0.476284585<x25>[B] (+0) +0.476284585<x26>[B] (+0) +0.476284585<x27>[B] (+1) -0.476284585<x28>[B] (+1) +0.476284585<x29>[B] (+1) -0.476284585<x30>[B] (+0) -0.476284585<x31>[B] (+1) -0.476284585<x32>[B] (+0) -0.476284585<x33>[B] (+1) +0.476284585<x34>[B] (+0) -0.476284585<x35>[B] (+0) +0.476284585<x36>[B] (+1) -0.476284585<x37>[B] (+0) +0.476284585<x38>[B] (+0) +0.476284585<x39>[B] (+0) -0.476284585<x40>[B] (+0) +0.476284585<x41>[B] (+0) +0.476284585<x42>[B] (+1) -0.476284585<x43>[B] (+0) -0.476284585<x44>[B] (+0) -0.476284585<x45>[B] (+0) +0.476284585<x46>[B] (+0) +0.476284585<x47>[B] (+0) +0.476284585<x48>[B] (+0) +0.476284585<x49>[B] (+0) -0.476284585<x50>[B] (+0) -0.476284585<x51>[B] (+0) -0.476284585<x52>[B] (+0) -0.476284585<x53>[B] (+0) +0.476284585<x54>[B] (+0) -0.476284585<x55>[B] (+0) +0.476284585<x56>[B] (+0) -0.476284585<x57>[B] (+0) +0.476284585<x58>[B] (+0) +0.476284585<x59>[B] (+0) -0.476284585<x60>[B] (+0) +0.476284585<x61>[B] (+0) +0.476284585<x62>[B] (+0) -0.476284585<x63>[B] (+0) +0.476284585<x64>[B] (+0) +0.476284585<x65>[B] (+1) +0.476284585<x66>[B] (+1) +0.476284585<x67>[B] (+1) +0.476284585<x68>[B] (+1) +0.476284585<x69>[B] (+1) -0.476284585<x70>[B] (+1) -0.476284585<x71>[B] (+1) -0.476284585<x72>[B] (+1) +0.476284585<x73>[B] (+1) -0.476284585<x74>[B] (+1) +0.476284585<x75>[B] (+1) -0.476284585<x76>[B] (+1) +0.476284585<x77>[B] (+1) +0.476284585<x78>[B] (+1) +0.476284585<x79>[B] (+1) +0.476284585<x80>[B] (+0) +0.476284585<x81>[B] (+1) +0.476284585<x82>[B] (+0) +0.476284585<x83>[B] (+1) +0.476284585<x84>[B] (+1) +0.476284585<x85>[B] (+1) +0.476284585<x86>[B] (+1) +0.476284585<x87>[B] (+1) -0.476284585<x88>[B] (+1) -0.476284585<x89>[B] (+1) -0.476284585<x90>[B] (+1) +0.476284585<x91>[B] (+1) -0.476284585<x92>[B] (+1) +0.476284585<x93>[B] (+1) -0.476284585<x94>[B] (+1) +0.476284585<x95>[B] (+1) +0.476284585<x96>[B] (+1) -0.476284585<x97>[B] (+1) +0.476284585<x98>[B] (+1) +0.476284585<x99>[B] (+1) -0.476284585<x100>[B] (+1) +0.476284585<x101>[B] (+1) -0.476284585<x102>[B] (+1) -0.476284585<x103>[B] (+1) -0.476284585<x104>[B] (+1) -0.476284585<x105>[B] (+1) -0.476284585<x106>[B] (+1) -0.476284585<x107>[B] (+1) -0.476284585<x108>[B] (+1) -0.476284585<x109>[B] (+0) -0.476284585<x110>[B] (+1) -0.476284585<x111>[B] (+0) +0.476284585<x112>[B] (+1) -0.476284585<x113>[B] (+0) -0.476284585<x114>[B] (+1) -0.476284585<x115>[B] (+0) -0.476284585<x116>[B] (+1) -0.476284585<x117>[B] (+0) -0.476284585<x118>[B] (+0) -0.476284585<x119>[B] (+0) -0.476284585<x120>[B] (+0) -0.476284585<x121>[B] (+0) -0.476284585<x122>[B] (+0) -0.476284585<x123>[B] (+1) -0.476284585<x124>[B] (+0) -0.476284585<x125>[B] (+0) -0.476284585<x126>[B] (+1) -0.476284585<x127>[B] (+0) -0.476284585<x128>[B] (+0) -0.476284585<x129>[B] (+0) -0.476284585<x130>[B] (+0) -0.476284585<x131>[B] (+0) -0.476284585<x132>[B] (+0) -0.476284585<x133>[B] (+0) +0.476284585<x134>[B] (+0) -0.476284585<x135>[B] (+0) -0.476284585<x136>[B] (+0) -0.476284585<x137>[B] (+0) -0.476284585<x138>[B] (+1) +0.476284585<x139>[B] (+0) -0.476284585<x140>[B] (+0) +0.476284585<x141>[B] (+1) -0.476284585<x142>[B] (+0) +0.476284585<x143>[B] (+0) +0.476284585<x144>[B] (+0) -0.476284585<x145>[B] (+0) +0.476284585<x146>[B] (+0) +0.476284585<x147>[B] (+0) -0.476284585<x148>[B] (+0) -0.476284585<x149>[B] (+0) -0.476284585<x150>[B] (+1) -0.476284585<x151>[B] (+0) -0.476284585<x152>[B] (+1) -0.476284585<x153>[B] (+0) -0.476284585<x154>[B] (+0) -0.476284585<x155>[B] (+1) -0.476284585<x156>[B] (+0) +0.476284585<x157>[B] (+0) +0.476284585<x158>[B] (+0) -0.476284585<x159>[B] (+0) -0.476284585<x160>[B] (+0) +0.476284585<x161>[B] (+0) -0.476284585<x162>[B] (+0) -0.476284585<x163>[B] (+1) -0.476284585<x164>[B] (+1) -0.476284585<x165>[B] (+1) +0.476284585<x166>[B] (+1) -0.476284585<x167>[B] (+0) +0.476284585<x168>[B] (+1) -0.476284585<x169>[B] (+0) +0.476284585<x170>[B] (+1) +0.476284585<x171>[B] (+0) -0.476284585<x172>[B] (+1) +0.476284585<x173>[B] (+0) +0.476284585<x174>[B] (+1) -0.476284585<x175>[B] (+0) -0.476284585<x176>[B] (+0) +0.476284585<x177>[B] (+1) +0.476284585<x178>[B] (+0) +0.476284585<x179>[B] (+0) +0.476284585<x180>[B] (+1) +0.476284585<x181>[B] (+0) +0.476284585<x182>[B] (+0) +0.476284585<x183>[B] (+0) +0.476284585<x184>[B] (+0) +0.476284585<x185>[B] (+0) +0.476284585<x186>[B] (+0) +0.476284585<x187>[B] (+0) +0.476284585<x188>[B] (+1) +0.476284585<x189>[B] (+0) +0.476284585<x190>[B] (+0) +0.476284585<x191>[B] (+1) +0.476284585<x192>[B] (+0) +0.476284585<x193>[B] (+0) +0.476284585<x194>[B] (+0) +0.476284585<x195>[B] (+0) +0.476284585<x196>[B] (+0) +0.476284585<x197>[B] (+1) +0.476284585<x198>[B] (+0) +0.476284585<x199>[B] (+0) +0.476284585<x200>[B] (+0) +0.476284585<x201>[B] (+0) -0.476284585<x202>[B] (+0) +0.476284585<x203>[B] (+0) +0.476284585<x204>[B] (+0) +0.476284585<x205>[B] (+0) +0.476284585<x206>[B] (+0) +0.476284585<x207>[B] (+0) +0.476284585<x208>[B] (+0) -0.476284585<x209>[B] (+0) -0.476284585<x210>[B] (+1) -0.476284585<x211>[B] (+0) +0.476284585<x212>[B] (+1) +0.476284585<x213>[B] (+0) -0.476284585<x214>[B] (+0) +0.476284585<x215>[B] (+0) +0.476284585<x216>[B] (+1) -0.476284585<x217>[B] (+0) +0.476284585<x218>[B] (+1) -0.476284585<x219>[B] (+0) +0.476284585<x220>[B] (+1) +0.476284585<x221>[B] (+0) +0.476284585<x222>[B] (+1) +0.476284585<x223>[B] (+0) +0.476284585<x224>[B] (+1) +0.476284585<x225>[B] (+0) -0.476284585<x226>[B] (+0) +0.476284585<x227>[B] (+0) +0.476284585<x228>[B] (+0) -0.476284585<x229>[B] (+0) +0.476284585<x230>[B] (+0) +0.476284585<x231>[B] (+0) -0.476284585<x232>[B] (+0) +0.476284585<x233>[B] (+1) +0.476284585<x234>[B] (+0) +0.476284585<x235>[B] (+1) +0.476284585<x236>[B] (+0) +0.476284585<x237>[B] (+1) +0.476284585<x238>[B] (+0) -0.476284585<x239>[B] (+0) -0.476284585<x240>[B] (+0) -0.476284585<x241>[B] (+0) -0.476284585<x242>[B] (+1) -0.476284585<x243>[B] (+0) -0.476284585<x244>[B] (+1) -0.476284585<x245>[B] (+0) +0.476284585<x246>[B] (+1) -0.476284585<x247>[B] (+0) +0.476284585<x248>[B] (+0) +0.476284585<x249>[B] (+1) -0.476284585<x250>[B] (+0) +0.476284585<x251>[B] (+1) -0.476284585<x252>[B] (+0) -0.476284585<x253>[B] (+0) >= 28.4584980237154;
;
violation: left hand side is violated by 0.0118577075098827
  [linear] <c3866>: <x262>[C] (+29.8596838) -0.476284585<x1>[B] (+1) -0.476284585<x2>[B] (+1) -0.476284585<x3>[B] (+0) -0.476284585<x4>[B] (+0) -0.476284585<x5>[B] (+1) +0.476284585<x6>[B] (+1) -0.476284585<x7>[B] (+1) -0.476284585<x8>[B] (+1) -0.476284585<x9>[B] (+1) -0.476284585<x10>[B] (+1) -0.476284585<x11>[B] (+1) -0.476284585<x12>[B] (+1) -0.476284585<x13>[B] (+1) -0.476284585<x14>[B] (+1) -0.476284585<x15>[B] (+1) -0.476284585<x16>[B] (+1) +0.476284585<x17>[B] (+1) -0.476284585<x18>[B] (+1) -0.476284585<x19>[B] (+1) -0.476284585<x20>[B] (+0) -0.476284585<x21>[B] (+1) -0.476284585<x22>[B] (+0) -0.476284585<x23>[B] (+1) -0.476284585<x24>[B] (+0) -0.476284585<x25>[B] (+0) +0.476284585<x26>[B] (+0) +0.476284585<x27>[B] (+1) -0.476284585<x28>[B] (+1) +0.476284585<x29>[B] (+1) -0.476284585<x30>[B] (+0) -0.476284585<x31>[B] (+1) -0.476284585<x32>[B] (+0) -0.476284585<x33>[B] (+1) +0.476284585<x34>[B] (+0) -0.476284585<x35>[B] (+0) +0.476284585<x36>[B] (+1) -0.476284585<x37>[B] (+0) +0.476284585<x38>[B] (+0) +0.476284585<x39>[B] (+0) -0.476284585<x40>[B] (+0) +0.476284585<x41>[B] (+0) +0.476284585<x42>[B] (+0) -0.476284585<x43>[B] (+0) -0.476284585<x44>[B] (+0) -0.476284585<x45>[B] (+0) +0.476284585<x46>[B] (+0) +0.476284585<x47>[B] (+0) +0.476284585<x48>[B] (+0) +0.476284585<x49>[B] (+0) -0.476284585<x50>[B] (+0) -0.476284585<x51>[B] (+0) -0.476284585<x52>[B] (+0) -0.476284585<x53>[B] (+0) +0.476284585<x54>[B] (+0) -0.476284585<x55>[B] (+0) +0.476284585<x56>[B] (+0) -0.476284585<x57>[B] (+0) +0.476284585<x58>[B] (+0) +0.476284585<x59>[B] (+0) -0.476284585<x60>[B] (+0) +0.476284585<x61>[B] (+0) +0.476284585<x62>[B] (+0) -0.476284585<x63>[B] (+0) +0.476284585<x64>[B] (+0) +0.476284585<x65>[B] (+1) +0.476284585<x66>[B] (+1) +0.476284585<x67>[B] (+1) +0.476284585<x68>[B] (+1) +0.476284585<x69>[B] (+1) -0.476284585<x70>[B] (+1) -0.476284585<x71>[B] (+1) -0.476284585<x72>[B] (+1) +0.476284585<x73>[B] (+1) -0.476284585<x74>[B] (+1) +0.476284585<x75>[B] (+1) -0.476284585<x76>[B] (+1) +0.476284585<x77>[B] (+1) +0.476284585<x78>[B] (+1) +0.476284585<x79>[B] (+1) +0.476284585<x80>[B] (+0) +0.476284585<x81>[B] (+1) +0.476284585<x82>[B] (+0) +0.476284585<x83>[B] (+1) +0.476284585<x84>[B] (+1) +0.476284585<x85>[B] (+1) +0.476284585<x86>[B] (+1) +0.476284585<x87>[B] (+1) -0.476284585<x88>[B] (+1) -0.476284585<x89>[B] (+1) -0.476284585<x90>[B] (+1) +0.476284585<x91>[B] (+1) -0.476284585<x92>[B] (+1) +0.476284585<x93>[B] (+1) -0.476284585<x94>[B] (+1) +0.476284585<x95>[B] (+1) +0.476284585<x96>[B] (+1) -0.476284585<x97>[B] (+1) +0.476284585<x98>[B] (+1) +0.476284585<x99>[B] (+1) -0.476284585<x100>[B] (+1) +0.476284585<x101>[B] (+1) -0.476284585<x102>[B] (+1) -0.476284585<x103>[B] (+1) -0.476284585<x104>[B] (+1) -0.476284585<x105>[B] (+1) -0.476284585<x106>[B] (+1) -0.476284585<x107>[B] (+1) -0.476284585<x108>[B] (+1) -0.476284585<x109>[B] (+0) -0.476284585<x110>[B] (+1) -0.476284585<x111>[B] (+0) +0.476284585<x112>[B] (+1) -0.476284585<x113>[B] (+0) -0.476284585<x114>[B] (+1) -0.476284585<x115>[B] (+0) -0.476284585<x116>[B] (+1) -0.476284585<x117>[B] (+0) -0.476284585<x118>[B] (+0) -0.476284585<x119>[B] (+0) -0.476284585<x120>[B] (+0) -0.476284585<x121>[B] (+0) -0.476284585<x122>[B] (+0) -0.476284585<x123>[B] (+1) -0.476284585<x124>[B] (+0) -0.476284585<x125>[B] (+0) -0.476284585<x126>[B] (+1) -0.476284585<x127>[B] (+0) -0.476284585<x128>[B] (+0) -0.476284585<x129>[B] (+0) -0.476284585<x130>[B] (+0) -0.476284585<x131>[B] (+0) -0.476284585<x132>[B] (+0) -0.476284585<x133>[B] (+0) +0.476284585<x134>[B] (+1) -0.476284585<x135>[B] (+0) -0.476284585<x136>[B] (+0) -0.476284585<x137>[B] (+0) -0.476284585<x138>[B] (+1) +0.476284585<x139>[B] (+0) -0.476284585<x140>[B] (+0) +0.476284585<x141>[B] (+1) -0.476284585<x142>[B] (+0) +0.476284585<x143>[B] (+0) +0.476284585<x144>[B] (+0) -0.476284585<x145>[B] (+0) +0.476284585<x146>[B] (+0) +0.476284585<x147>[B] (+0) -0.476284585<x148>[B] (+0) -0.476284585<x149>[B] (+0) -0.476284585<x150>[B] (+0) -0.476284585<x151>[B] (+0) -0.476284585<x152>[B] (+1) -0.476284585<x153>[B] (+0) -0.476284585<x154>[B] (+0) -0.476284585<x155>[B] (+1) -0.476284585<x156>[B] (+0) +0.476284585<x157>[B] (+0) +0.476284585<x158>[B] (+0) -0.476284585<x159>[B] (+0) -0.476284585<x160>[B] (+0) +0.476284585<x161>[B] (+0) -0.476284585<x162>[B] (+0) -0.476284585<x163>[B] (+1) -0.476284585<x164>[B] (+1) -0.476284585<x165>[B] (+1) +0.476284585<x166>[B] (+1) -0.476284585<x167>[B] (+0) +0.476284585<x168>[B] (+1) -0.476284585<x169>[B] (+0) +0.476284585<x170>[B] (+1) +0.476284585<x171>[B] (+0) -0.476284585<x172>[B] (+1) +0.476284585<x173>[B] (+0) +0.476284585<x174>[B] (+1) -0.476284585<x175>[B] (+0) -0.476284585<x176>[B] (+0) +0.476284585<x177>[B] (+1) +0.476284585<x178>[B] (+0) +0.476284585<x179>[B] (+0) +0.476284585<x180>[B] (+1) +0.476284585<x181>[B] (+0) +0.476284585<x182>[B] (+0) +0.476284585<x183>[B] (+0) +0.476284585<x184>[B] (+0) +0.476284585<x185>[B] (+0) +0.476284585<x186>[B] (+0) +0.476284585<x187>[B] (+0) +0.476284585<x188>[B] (+1) +0.476284585<x189>[B] (+0) +0.476284585<x190>[B] (+0) +0.476284585<x191>[B] (+1) +0.476284585<x192>[B] (+0) +0.476284585<x193>[B] (+0) +0.476284585<x194>[B] (+0) +0.476284585<x195>[B] (+0) +0.476284585<x196>[B] (+0) +0.476284585<x197>[B] (+1) +0.476284585<x198>[B] (+0) +0.476284585<x199>[B] (+0) +0.476284585<x200>[B] (+0) +0.476284585<x201>[B] (+0) -0.476284585<x202>[B] (+0) +0.476284585<x203>[B] (+0) +0.476284585<x204>[B] (+0) +0.476284585<x205>[B] (+0) +0.476284585<x206>[B] (+0) +0.476284585<x207>[B] (+0) +0.476284585<x208>[B] (+0) -0.476284585<x209>[B] (+0) -0.476284585<x210>[B] (+1) -0.476284585<x211>[B] (+0) +0.476284585<x212>[B] (+0) +0.476284585<x213>[B] (+0) -0.476284585<x214>[B] (+0) +0.476284585<x215>[B] (+0) +0.476284585<x216>[B] (+1) -0.476284585<x217>[B] (+0) +0.476284585<x218>[B] (+1) -0.476284585<x219>[B] (+0) +0.476284585<x220>[B] (+1) +0.476284585<x221>[B] (+0) +0.476284585<x222>[B] (+1) +0.476284585<x223>[B] (+0) +0.476284585<x224>[B] (+1) +0.476284585<x225>[B] (+0) -0.476284585<x226>[B] (+0) +0.476284585<x227>[B] (+0) +0.476284585<x228>[B] (+0) -0.476284585<x229>[B] (+0) +0.476284585<x230>[B] (+0) +0.476284585<x231>[B] (+0) -0.476284585<x232>[B] (+0) +0.476284585<x233>[B] (+1) +0.476284585<x234>[B] (+0) +0.476284585<x235>[B] (+1) +0.476284585<x236>[B] (+0) +0.476284585<x237>[B] (+1) +0.476284585<x238>[B] (+0) -0.476284585<x239>[B] (+0) -0.476284585<x240>[B] (+0) -0.476284585<x241>[B] (+0) -0.476284585<x242>[B] (+1) -0.476284585<x243>[B] (+0) -0.476284585<x244>[B] (+1) -0.476284585<x245>[B] (+0) +0.476284585<x246>[B] (+1) -0.476284585<x247>[B] (+0) +0.476284585<x248>[B] (+0) +0.476284585<x249>[B] (+1) -0.476284585<x250>[B] (+0) +0.476284585<x251>[B] (+1) -0.476284585<x252>[B] (+0) -0.476284585<x253>[B] (+0) >= 28.4584980237154;
;
violation: left hand side is violated by 0.0276679841897369
  [linear] <c3894>: <x306>[C] (+49.9387352) +0.618577075<x1>[B] (+1) -0.618577075<x2>[B] (+1) +0.618577075<x3>[B] (+0) +0.618577075<x4>[B] (+0) +0.618577075<x5>[B] (+1) -0.618577075<x6>[B] (+1) -0.618577075<x7>[B] (+1) +0.618577075<x8>[B] (+1) +0.618577075<x9>[B] (+1) +0.618577075<x10>[B] (+1) +0.618577075<x11>[B] (+1) -0.618577075<x12>[B] (+1) +0.618577075<x13>[B] (+1) +0.618577075<x14>[B] (+1) +0.618577075<x15>[B] (+1) -0.618577075<x16>[B] (+1) +0.618577075<x17>[B] (+1) -0.618577075<x18>[B] (+0) -0.618577075<x19>[B] (+1) +0.618577075<x20>[B] (+0) +0.618577075<x21>[B] (+1) +0.618577075<x22>[B] (+0) -0.618577075<x23>[B] (+1) -0.618577075<x24>[B] (+0) +0.618577075<x25>[B] (+0) +0.618577075<x26>[B] (+0) -0.618577075<x27>[B] (+1) -0.618577075<x28>[B] (+1) -0.618577075<x29>[B] (+1) +0.618577075<x30>[B] (+0) +0.618577075<x31>[B] (+1) +0.618577075<x32>[B] (+1) -0.618577075<x33>[B] (+1) +0.618577075<x34>[B] (+0) +0.618577075<x35>[B] (+0) +0.618577075<x36>[B] (+1) -0.618577075<x37>[B] (+0) -0.618577075<x38>[B] (+0) -0.618577075<x39>[B] (+0) -0.618577075<x40>[B] (+0) +0.618577075<x41>[B] (+0) +0.618577075<x42>[B] (+1) +0.618577075<x43>[B] (+0) +0.618577075<x44>[B] (+0) +0.618577075<x45>[B] (+0) +0.618577075<x46>[B] (+0) +0.618577075<x47>[B] (+0) +0.618577075<x48>[B] (+0) +0.618577075<x49>[B] (+0) +0.618577075<x50>[B] (+0) +0.618577075<x51>[B] (+0) +0.618577075<x52>[B] (+0) -0.618577075<x53>[B] (+0) +0.618577075<x54>[B] (+0) +0.618577075<x55>[B] (+0) +0.618577075<x56>[B] (+0) +0.618577075<x57>[B] (+0) +0.618577075<x58>[B] (+0) +0.618577075<x59>[B] (+0) -0.618577075<x60>[B] (+0) +0.618577075<x61>[B] (+0) +0.618577075<x62>[B] (+0) +0.618577075<x63>[B] (+0) +0.618577075<x64>[B] (+0) +0.618577075<x65>[B] (+1) -0.618577075<x66>[B] (+1) -0.618577075<x67>[B] (+1) +0.618577075<x68>[B] (+1) +0.618577075<x69>[B] (+1) +0.618577075<x70>[B] (+1) +0.618577075<x71>[B] (+1) -0.618577075<x72>[B] (+1) +0.618577075<x73>[B] (+1) +0.618577075<x74>[B] (+1) +0.618577075<x75>[B] (+1) -0.618577075<x76>[B] (+1) -0.618577075<x77>[B] (+1) -0.618577075<x78>[B] (+0) -0.618577075<x79>[B] (+1) +0.618577075<x80>[B] (+0) +0.618577075<x81>[B] (+1) +0.618577075<x82>[B] (+0) -0.618577075<x83>[B] (+1) -0.618577075<x84>[B] (+1) -0.618577075<x85>[B] (+1) -0.618577075<x86>[B] (+1) -0.618577075<x87>[B] (+1) -0.618577075<x88>[B] (+1) -0.618577075<x89>[B] (+1) -0.618577075<x90>[B] (+1) -0.618577075<x91>[B] (+1) -0.618577075<x92>[B] (+1) -0.618577075<x93>[B] (+1) -0.618577075<x94>[B] (+1) -0.618577075<x95>[B] (+1) -0.618577075<x96>[B] (+1) -0.618577075<x97>[B] (+1) -0.618577075<x98>[B] (+1) -0.618577075<x99>[B] (+1) -0.618577075<x100>[B] (+1) -0.618577075<x101>[B] (+1) -0.618577075<x102>[B] (+1) -0.618577075<x103>[B] (+1) -0.618577075<x104>[B] (+1) -0.618577075<x105>[B] (+1) -0.618577075<x106>[B] (+1) -0.618577075<x107>[B] (+1) -0.618577075<x108>[B] (+1) +0.618577075<x109>[B] (+0) -0.618577075<x110>[B] (+1) -0.618577075<x111>[B] (+0) -0.618577075<x112>[B] (+1) -0.618577075<x113>[B] (+0) -0.618577075<x114>[B] (+1) -0.618577075<x115>[B] (+0) -0.618577075<x116>[B] (+1) -0.618577075<x117>[B] (+0) -0.618577075<x118>[B] (+0) +0.618577075<x119>[B] (+0) +0.618577075<x120>[B] (+0) +0.618577075<x121>[B] (+0) +0.618577075<x122>[B] (+0) -0.618577075<x123>[B] (+1) +0.618577075<x124>[B] (+0) +0.618577075<x125>[B] (+0) +0.618577075<x126>[B] (+1) +0.618577075<x127>[B] (+0) +0.618577075<x128>[B] (+0) +0.618577075<x129>[B] (+0) -0.618577075<x130>[B] (+0) +0.618577075<x131>[B] (+0) +0.618577075<x132>[B] (+0) +0.618577075<x133>[B] (+0) +0.618577075<x134>[B] (+0) +0.618577075<x135>[B] (+0) +0.618577075<x136>[B] (+0) +0.618577075<x137>[B] (+0) -0.618577075<x138>[B] (+1) +0.618577075<x139>[B] (+0) +0.618577075<x140>[B] (+0) +0.618577075<x141>[B] (+1) +0.618577075<x142>[B] (+0) +0.618577075<x143>[B] (+0) +0.618577075<x144>[B] (+0) -0.618577075<x145>[B] (+0) +0.618577075<x146>[B] (+0) +0.618577075<x147>[B] (+0) +0.618577075<x148>[B] (+0) +0.618577075<x149>[B] (+0) +0.618577075<x150>[B] (+1) +0.618577075<x151>[B] (+0) -0.618577075<x152>[B] (+1) +0.618577075<x153>[B] (+0) +0.618577075<x154>[B] (+0) +0.618577075<x155>[B] (+1) -0.618577075<x156>[B] (+0) -0.618577075<x157>[B] (+0) -0.618577075<x158>[B] (+0) -0.618577075<x159>[B] (+0) +0.618577075<x160>[B] (+0) +0.618577075<x161>[B] (+0) +0.618577075<x162>[B] (+0) +0.618577075<x163>[B] (+1) -0.618577075<x164>[B] (+1) -0.618577075<x165>[B] (+1) +0.618577075<x166>[B] (+1) +0.618577075<x167>[B] (+0) +0.618577075<x168>[B] (+1) -0.618577075<x169>[B] (+0) -0.618577075<x170>[B] (+1) -0.618577075<x171>[B] (+0) -0.618577075<x172>[B] (+1) +0.618577075<x173>[B] (+0) +0.618577075<x174>[B] (+1) -0.618577075<x175>[B] (+0) -0.618577075<x176>[B] (+0) -0.618577075<x177>[B] (+1) +0.618577075<x178>[B] (+0) +0.618577075<x179>[B] (+0) +0.618577075<x180>[B] (+1) -0.618577075<x181>[B] (+0) -0.618577075<x182>[B] (+0) -0.618577075<x183>[B] (+0) -0.618577075<x184>[B] (+0) +0.618577075<x185>[B] (+0) -0.618577075<x186>[B] (+0) -0.618577075<x187>[B] (+0) -0.618577075<x188>[B] (+1) +0.618577075<x189>[B] (+0) +0.618577075<x190>[B] (+0) +0.618577075<x191>[B] (+1) -0.618577075<x192>[B] (+0) -0.618577075<x193>[B] (+0) -0.618577075<x194>[B] (+0) -0.618577075<x195>[B] (+0) +0.618577075<x196>[B] (+0) +0.618577075<x197>[B] (+1) -0.618577075<x198>[B] (+0) +0.618577075<x199>[B] (+0) +0.618577075<x200>[B] (+0) +0.618577075<x201>[B] (+0) +0.618577075<x202>[B] (+0) +0.618577075<x203>[B] (+0) +0.618577075<x204>[B] (+0) +0.618577075<x205>[B] (+0) +0.618577075<x206>[B] (+0) +0.618577075<x207>[B] (+0) +0.618577075<x208>[B] (+0) +0.618577075<x209>[B] (+0) -0.618577075<x210>[B] (+1) -0.618577075<x211>[B] (+0) -0.618577075<x212>[B] (+0) -0.618577075<x213>[B] (+0) -0.618577075<x214>[B] (+0) +0.618577075<x215>[B] (+0) -0.618577075<x216>[B] (+1) -0.618577075<x217>[B] (+0) -0.618577075<x218>[B] (+1) -0.618577075<x219>[B] (+0) -0.618577075<x220>[B] (+1) -0.618577075<x221>[B] (+0) -0.618577075<x222>[B] (+1) -0.618577075<x223>[B] (+0) -0.618577075<x224>[B] (+1) -0.618577075<x225>[B] (+0) -0.618577075<x226>[B] (+0) -0.618577075<x227>[B] (+0) -0.618577075<x228>[B] (+0) -0.618577075<x229>[B] (+0) +0.618577075<x230>[B] (+0) -0.618577075<x231>[B] (+0) -0.618577075<x232>[B] (+0) +0.618577075<x233>[B] (+1) +0.618577075<x234>[B] (+0) -0.618577075<x235>[B] (+1) +0.618577075<x236>[B] (+0) +0.618577075<x237>[B] (+1) +0.618577075<x238>[B] (+0) -0.618577075<x239>[B] (+0) -0.618577075<x240>[B] (+0) +0.618577075<x241>[B] (+0) +0.618577075<x242>[B] (+1) +0.618577075<x243>[B] (+0) -0.618577075<x244>[B] (+1) +0.618577075<x245>[B] (+0) +0.618577075<x246>[B] (+1) +0.618577075<x247>[B] (+0) +0.618577075<x248>[B] (+0) +0.618577075<x249>[B] (+1) +0.618577075<x250>[B] (+0) -0.618577075<x251>[B] (+1) -0.618577075<x252>[B] (+0) -0.618577075<x253>[B] (+0) >= 34.4861660079051;
;
violation: left hand side is violated by 0.0118577075098543
all 10 solutions given by solution candidate storage are infeasible

feasible solution found by trivial heuristic after 0.0 seconds, objective value -9.000374e+06
presolving:
   (0.0s) symmetry computation started: requiring (bin +, int +, cont +), (fixed: bin -, int -, cont -)
   (0.0s) no symmetry present (symcode time: 0.00)
presolving (0 rounds: 0 fast, 0 medium, 0 exhaustive):
 0 deleted vars, 0 deleted constraints, 0 added constraints, 0 tightened bounds, 0 added holes, 0 changed sides, 0 changed coefficients
 0 implications, 0 cliques, 0 implied integral variables (0 bin, 0 int, 0 cont)
presolved problem has 343 variables (253 bin, 0 int, 90 cont) and 3914 constraints
   3914 constraints of type <linear>
Presolving Time: 0.05
transformed 1/1 original solutions to the transformed problem space

 time | node  | left  |LP iter|LP it/n|mem/heur|mdpt |vars |cons |rows |cuts |sepa|confs|strbr|  dualbound   | primalbound  |  gap   | compl. 
p 0.1s|     1 |     0 |    59 |     - |   locks|   0 | 343 |3914 |3914 |   0 |  0 |   0 |   0 | 6.720000e+02 |-3.226668e+03 |    Inf | unknown
  0.3s|     1 |     0 |  1294 |     - |   165M |   0 | 343 |3914 |3914 |   0 |  0 |   0 |   0 |-2.724191e+03 |-3.226668e+03 |  18.45%| unknown
r 0.3s|     1 |     0 |  1294 |     - |shifting|   0 | 343 |3914 |3914 |   0 |  0 |   0 |   0 |-2.724191e+03 |-2.989076e+03 |   9.72%| unknown
  0.6s|     1 |     0 |  1351 |     - |   165M |   0 | 343 |3914 |3916 |   2 |  1 |   0 |   0 |-2.724348e+03 |-2.989076e+03 |   9.72%| unknown
  0.6s|     1 |     0 |  1351 |     - |   165M |   0 | 343 |3914 |3916 |   2 |  1 |   0 |   0 |-2.724348e+03 |-2.989076e+03 |   9.72%| unknown
  1.1s|     1 |     0 |  1405 |     - |   166M |   0 | 343 |3914 |3919 |   5 |  2 |   0 |   0 |-2.724407e+03 |-2.989076e+03 |   9.71%| unknown
r 1.1s|     1 |     0 |  1405 |     - |shifting|   0 | 343 |3914 |3919 |   5 |  2 |   0 |   0 |-2.724407e+03 |-2.977741e+03 |   9.30%| unknown
  1.5s|     1 |     0 |  1445 |     - |   166M |   0 | 343 |3914 |3922 |   8 |  3 |   0 |   0 |-2.724456e+03 |-2.977741e+03 |   9.30%| unknown
r 1.5s|     1 |     0 |  1445 |     - |shifting|   0 | 343 |3914 |3922 |   8 |  3 |   0 |   0 |-2.724456e+03 |-2.973358e+03 |   9.14%| unknown
  1.8s|     1 |     0 |  1478 |     - |   166M |   0 | 343 |3914 |3925 |  11 |  4 |   0 |   0 |-2.724540e+03 |-2.973358e+03 |   9.13%| unknown
  2.2s|     1 |     0 |  1513 |     - |   167M |   0 | 343 |3914 |3928 |  14 |  5 |   0 |   0 |-2.724569e+03 |-2.973358e+03 |   9.13%| unknown
  2.7s|     1 |     0 |  1545 |     - |   167M |   0 | 343 |3914 |3931 |  17 |  6 |   0 |   0 |-2.724594e+03 |-2.973358e+03 |   9.13%| unknown
  3.1s|     1 |     0 |  1572 |     - |   168M |   0 | 343 |3914 |3933 |  19 |  7 |   0 |   0 |-2.724631e+03 |-2.973358e+03 |   9.13%| unknown
  3.6s|     1 |     0 |  1624 |     - |   168M |   0 | 343 |3914 |3935 |  21 |  8 |   0 |   0 |-2.724659e+03 |-2.973358e+03 |   9.13%| unknown
r 3.6s|     1 |     0 |  1624 |     - |shifting|   0 | 343 |3914 |3935 |  21 |  8 |   0 |   0 |-2.724659e+03 |-2.969709e+03 |   8.99%| unknown
 time | node  | left  |LP iter|LP it/n|mem/heur|mdpt |vars |cons |rows |cuts |sepa|confs|strbr|  dualbound   | primalbound  |  gap   | compl. 
  4.0s|     1 |     0 |  1643 |     - |   169M |   0 | 343 |3914 |3936 |  22 |  9 |   0 |   0 |-2.724687e+03 |-2.969709e+03 |   8.99%| unknown
  4.5s|     1 |     0 |  1688 |     - |   169M |   0 | 343 |3914 |3938 |  24 | 10 |   0 |   0 |-2.724698e+03 |-2.969709e+03 |   8.99%| unknown
  4.5s|     1 |     0 |  1709 |     - |   169M |   0 | 343 |3914 |3940 |  26 | 11 |   0 |   0 |-2.724704e+03 |-2.969709e+03 |   8.99%| unknown
r 4.6s|     1 |     0 |  1898 |     - |intshift|   0 | 343 |3914 |3940 |  26 | 11 |   0 |   0 |-2.724704e+03 |-2.779095e+03 |   2.00%| unknown
d 4.7s|     1 |     0 |  3008 |     - |farkasdi|   0 | 343 |3914 |3940 |   0 | 11 |   0 |   0 |-2.724704e+03 |-2.731960e+03 |   0.27%| unknown
L 5.4s|     1 |     0 |  3008 |     - |    rens|   0 | 343 |3914 |3940 |  26 | 11 |   0 |   0 |-2.724704e+03 |-2.727660e+03 |   0.11%| unknown
  5.4s|     1 |     0 |  3008 |     - |   169M |   0 | 343 |3914 |3940 |  26 | 11 |   0 |   0 |-2.724704e+03 |-2.727660e+03 |   0.11%| unknown
  5.4s|     1 |     0 |  3008 |     - |   169M |   0 | 343 |3915 |2720 |  26 | 11 |   1 |   0 |-2.724704e+03 |-2.727660e+03 |   0.11%| unknown
  5.5s|     1 |     0 |  3051 |     - |   170M |   0 | 343 |3915 |2723 |  29 | 12 |   1 |   0 |-2.724726e+03 |-2.727660e+03 |   0.11%| unknown
  5.5s|     1 |     0 |  3051 |     - |   170M |   0 | 343 |3915 |2686 |  29 | 12 |   1 |   0 |-2.724726e+03 |-2.727660e+03 |   0.11%| unknown
  5.5s|     1 |     0 |  3066 |     - |   170M |   0 | 343 |3915 |2688 |  31 | 13 |   1 |   0 |-2.724730e+03 |-2.727660e+03 |   0.11%| unknown
  5.5s|     1 |     0 |  3066 |     - |   170M |   0 | 343 |2471 |2688 |  31 | 13 |   1 |   0 |-2.724730e+03 |-2.727660e+03 |   0.11%| unknown
  5.6s|     1 |     0 |  3083 |     - |   170M |   0 | 343 |2471 |2691 |  34 | 14 |   1 |   0 |-2.724734e+03 |-2.727660e+03 |   0.11%| unknown
  5.6s|     1 |     0 |  3095 |     - |   170M |   0 | 343 |2471 |2693 |  36 | 15 |   1 |   0 |-2.724735e+03 |-2.727660e+03 |   0.11%| unknown
(run 1, node 1) restarting after 71 global fixings of integer variables

(restart) converted 36 cuts from the global cut pool into linear constraints

presolving:
presolving (0 rounds: 0 fast, 0 medium, 0 exhaustive):
 0 deleted vars, 0 deleted constraints, 0 added constraints, 0 tightened bounds, 0 added holes, 0 changed sides, 0 changed coefficients
 0 implications, 0 cliques, 0 implied integral variables (0 bin, 0 int, 0 cont)
presolved problem has 343 variables (253 bin, 0 int, 90 cont) and 2507 constraints
   2506 constraints of type <linear>
      1 constraints of type <logicor>
Presolving Time: 0.05
transformed 14/23 original solutions to the transformed problem space

 time | node  | left  |LP iter|LP it/n|mem/heur|mdpt |vars |cons |rows |cuts |sepa|confs|strbr|  dualbound   | primalbound  |  gap   | compl. 
  5.9s|     1 |     0 |  4869 |     - |   170M |   0 | 343 |2507 |2506 |   0 |  0 |   1 |   0 |-2.724735e+03 |-2.727660e+03 |   0.11%| unknown
  5.9s|     1 |     0 |  4869 |     - |   170M |   0 | 343 |2508 |2472 |   0 |  0 |   2 |   0 |-2.724735e+03 |-2.727660e+03 |   0.11%| unknown
  6.2s|     1 |     0 |  4943 |     - |   171M |   0 | 343 |2508 |2473 |   1 |  1 |   2 |   0 |-2.724761e+03 |-2.727660e+03 |   0.11%| unknown
  6.3s|     1 |     0 |  4943 |     - |   171M |   0 | 343 |2508 |2432 |   1 |  1 |   2 |   0 |-2.724761e+03 |-2.727660e+03 |   0.11%| unknown
  6.6s|     1 |     0 |  4999 |     - |   171M |   0 | 343 |2508 |2434 |   3 |  2 |   2 |   0 |-2.724776e+03 |-2.727660e+03 |   0.11%| unknown
  6.9s|     1 |     0 |  5050 |     - |   171M |   0 | 343 |2508 |2436 |   5 |  3 |   2 |   0 |-2.724783e+03 |-2.727660e+03 |   0.11%| unknown
  7.2s|     1 |     0 |  5087 |     - |   171M |   0 | 343 |2508 |2439 |   8 |  4 |   2 |   0 |-2.724790e+03 |-2.727660e+03 |   0.11%| unknown
  7.6s|     1 |     0 |  5123 |     - |   172M |   0 | 343 |2508 |2441 |  10 |  5 |   2 |   0 |-2.724796e+03 |-2.727660e+03 |   0.11%| unknown
  8.0s|     1 |     0 |  5160 |     - |   173M |   0 | 343 |2508 |2443 |  12 |  6 |   2 |   0 |-2.724806e+03 |-2.727660e+03 |   0.10%| unknown
  8.0s|     1 |     0 |  5160 |     - |   173M |   0 | 343 |2508 |2423 |  12 |  6 |   2 |   0 |-2.724806e+03 |-2.727660e+03 |   0.10%| unknown
  8.3s|     1 |     0 |  5189 |     - |   174M |   0 | 343 |2508 |2426 |  15 |  7 |   2 |   0 |-2.724808e+03 |-2.727660e+03 |   0.10%| unknown
  8.7s|     1 |     0 |  5233 |     - |   175M |   0 | 343 |2508 |2429 |  18 |  8 |   2 |   0 |-2.724810e+03 |-2.727660e+03 |   0.10%| unknown
  9.0s|     1 |     0 |  5273 |     - |   176M |   0 | 343 |2508 |2432 |  21 |  9 |   2 |   0 |-2.724812e+03 |-2.727660e+03 |   0.10%| unknown
  9.4s|     1 |     0 |  5343 |     - |   177M |   0 | 343 |2508 |2435 |  24 | 10 |   2 |   0 |-2.724817e+03 |-2.727660e+03 |   0.10%| unknown
  9.5s|     1 |     0 |  5352 |     - |   177M |   0 | 343 |2508 |2437 |  26 | 11 |   2 |   0 |-2.724817e+03 |-2.727660e+03 |   0.10%| unknown
 time | node  | left  |LP iter|LP it/n|mem/heur|mdpt |vars |cons |rows |cuts |sepa|confs|strbr|  dualbound   | primalbound  |  gap   | compl. 
  9.5s|     1 |     0 |  5352 |     - |   177M |   0 | 343 |2393 |2437 |  26 | 11 |   2 |   0 |-2.724817e+03 |-2.727660e+03 |   0.10%| unknown
  9.6s|     1 |     0 |  5398 |     - |   177M |   0 | 343 |2393 |2440 |  29 | 12 |   2 |   0 |-2.724821e+03 |-2.727660e+03 |   0.10%| unknown
  9.7s|     1 |     0 |  5407 |     - |   178M |   0 | 343 |2393 |2441 |  30 | 13 |   2 |   0 |-2.724821e+03 |-2.727660e+03 |   0.10%| unknown
  9.8s|     1 |     0 |  5449 |     - |   178M |   0 | 343 |2393 |2421 |  32 | 14 |   2 |   0 |-2.724824e+03 |-2.727660e+03 |   0.10%| unknown
  9.8s|     1 |     0 |  5455 |     - |   178M |   0 | 343 |2393 |2422 |  33 | 15 |   2 |   0 |-2.724825e+03 |-2.727660e+03 |   0.10%| unknown
  9.9s|     1 |     0 |  5471 |     - |   178M |   0 | 343 |2393 |2424 |  35 | 16 |   2 |   0 |-2.724825e+03 |-2.727660e+03 |   0.10%| unknown
 10.0s|     1 |     0 |  5480 |     - |   178M |   0 | 343 |2393 |2425 |  36 | 17 |   2 |   0 |-2.724826e+03 |-2.727660e+03 |   0.10%| unknown
 10.0s|     1 |     0 |  5488 |     - |   179M |   0 | 343 |2393 |2426 |  37 | 18 |   2 |   0 |-2.724826e+03 |-2.727660e+03 |   0.10%| unknown
 10.1s|     1 |     0 |  5509 |     - |   179M |   0 | 343 |2393 |2427 |  38 | 19 |   2 |   0 |-2.724828e+03 |-2.727660e+03 |   0.10%| unknown
 10.2s|     1 |     0 |  5516 |     - |   179M |   0 | 343 |2393 |2415 |  39 | 20 |   2 |   0 |-2.724828e+03 |-2.727660e+03 |   0.10%| unknown
 10.3s|     1 |     0 |  5524 |     - |   179M |   0 | 343 |2393 |2416 |  40 | 21 |   2 |   0 |-2.724828e+03 |-2.727660e+03 |   0.10%| unknown
 10.3s|     1 |     0 |  5532 |     - |   179M |   0 | 343 |2393 |2418 |  42 | 22 |   2 |   0 |-2.724829e+03 |-2.727660e+03 |   0.10%| unknown
 12.8s|     1 |     0 |  6916 |     - |   179M |   0 | 343 |2325 |2418 |  42 | 22 |  13 |  31 |-2.725474e+03 |-2.727660e+03 |   0.08%| unknown
 12.8s|     1 |     0 |  6916 |     - |   179M |   0 | 343 |2325 |2257 |  42 | 22 |  13 |  31 |-2.725474e+03 |-2.727660e+03 |   0.08%| unknown
 12.9s|     1 |     0 |  6921 |     - |   179M |   0 | 343 |2325 |2258 |  43 | 23 |  13 |  31 |-2.725474e+03 |-2.727660e+03 |   0.08%| unknown
 time | node  | left  |LP iter|LP it/n|mem/heur|mdpt |vars |cons |rows |cuts |sepa|confs|strbr|  dualbound   | primalbound  |  gap   | compl. 
 13.2s|     1 |     0 |  6993 |     - |   179M |   0 | 343 |2285 |2258 |  43 | 24 |  14 |  39 |-2.725542e+03 |-2.727660e+03 |   0.08%| unknown
 13.2s|     1 |     0 |  6993 |     - |   179M |   0 | 343 |2286 |2180 |  43 | 24 |  15 |  39 |-2.725542e+03 |-2.727660e+03 |   0.08%| unknown
 13.3s|     1 |     0 |  7005 |     - |   179M |   0 | 343 |2286 |2173 |  46 | 25 |  15 |  39 |-2.725542e+03 |-2.727660e+03 |   0.08%| unknown
 13.3s|     1 |     0 |  7005 |     - |   179M |   0 | 343 |2145 |2173 |  46 | 26 |  15 |  39 |-2.725542e+03 |-2.727660e+03 |   0.08%| unknown
 13.4s|     1 |     0 |  7005 |     - |   179M |   0 | 343 |2145 |2173 |  46 | 27 |  15 |  41 |-2.725542e+03 |-2.727660e+03 |   0.08%| unknown
 13.6s|     1 |     0 |  7073 |     - |   179M |   0 | 343 |2127 |2173 |  46 | 28 |  16 |  45 |-2.725542e+03 |-2.727660e+03 |   0.08%| unknown
 13.6s|     1 |     0 |  7073 |     - |   179M |   0 | 343 |2127 |1978 |  46 | 28 |  16 |  45 |-2.725542e+03 |-2.727660e+03 |   0.08%| unknown
 13.7s|     1 |     0 |  7074 |     - |   179M |   0 | 343 |2127 |1979 |  47 | 29 |  16 |  45 |-2.725542e+03 |-2.727660e+03 |   0.08%| unknown
 13.7s|     1 |     0 |  7074 |     - |   179M |   0 | 343 |1922 |1979 |  47 | 30 |  16 |  45 |-2.725542e+03 |-2.727660e+03 |   0.08%| unknown
 13.8s|     1 |     0 |  7074 |     - |   179M |   0 | 343 |1922 |1979 |  47 | 31 |  16 |  46 |-2.725558e+03 |-2.727660e+03 |   0.08%| unknown
 13.9s|     1 |     0 |  7074 |     - |   179M |   0 | 343 |1922 |1979 |  47 | 32 |  16 |  47 |-2.725558e+03 |-2.727660e+03 |   0.08%| unknown
 13.9s|     1 |     0 |  7074 |     - |   179M |   0 | 343 |1922 |1979 |  47 | 33 |  16 |  48 |-2.725793e+03 |-2.727660e+03 |   0.07%| unknown
 14.0s|     1 |     0 |  7144 |     - |   179M |   0 | 343 |1872 |1979 |  47 | 34 |  21 |  52 |-2.725793e+03 |-2.727660e+03 |   0.07%| unknown
 14.1s|     1 |     0 |  7144 |     - |   179M |   0 | 343 |1872 |1731 |  47 | 34 |  21 |  52 |-2.725793e+03 |-2.727660e+03 |   0.07%| unknown
 14.1s|     1 |     0 |  7154 |     - |   179M |   0 | 343 |1872 |1733 |  49 | 35 |  21 |  52 |-2.725793e+03 |-2.727660e+03 |   0.07%| unknown
 time | node  | left  |LP iter|LP it/n|mem/heur|mdpt |vars |cons |rows |cuts |sepa|confs|strbr|  dualbound   | primalbound  |  gap   | compl. 
 14.2s|     1 |     0 |  7154 |     - |   179M |   0 | 343 |1780 |1733 |  49 | 36 |  21 |  52 |-2.725793e+03 |-2.727660e+03 |   0.07%| unknown
 14.2s|     1 |     0 |  7154 |     - |   179M |   0 | 343 |1780 |1733 |  49 | 37 |  21 |  53 |-2.725793e+03 |-2.727660e+03 |   0.07%| unknown
 14.3s|     1 |     0 |  7200 |     - |   179M |   0 | 343 |1750 |1733 |  49 | 38 |  23 |  54 |-2.725793e+03 |-2.727660e+03 |   0.07%| unknown
 14.3s|     1 |     0 |  7200 |     - |   179M |   0 | 343 |1751 |1645 |  49 | 38 |  24 |  54 |-2.725793e+03 |-2.727660e+03 |   0.07%| unknown
 14.3s|     1 |     0 |  7200 |     - |   179M |   0 | 343 |1711 |1645 |  49 | 39 |  24 |  54 |-2.725793e+03 |-2.727660e+03 |   0.07%| unknown
 14.4s|     1 |     0 |  7200 |     - |   179M |   0 | 343 |1711 |1645 |  49 | 40 |  24 |  55 |-2.725793e+03 |-2.727660e+03 |   0.07%| unknown
 14.5s|     1 |     0 |  7249 |     - |   179M |   0 | 343 |1692 |1645 |  49 | 41 |  26 |  56 |-2.725793e+03 |-2.727660e+03 |   0.07%| unknown
 14.5s|     1 |     0 |  7249 |     - |   179M |   0 | 343 |1692 |1614 |  49 | 41 |  26 |  56 |-2.725793e+03 |-2.727660e+03 |   0.07%| unknown
 14.5s|     1 |     0 |  7249 |     - |   179M |   0 | 343 |1677 |1614 |  49 | 42 |  26 |  56 |-2.725793e+03 |-2.727660e+03 |   0.07%| unknown
 14.6s|     1 |     0 |  7249 |     - |   179M |   0 | 343 |1677 |1614 |  49 | 43 |  26 |  57 |-2.725818e+03 |-2.727660e+03 |   0.07%| unknown
 14.6s|     1 |     0 |  7249 |     - |   179M |   0 | 343 |1677 |1614 |  49 | 44 |  26 |  58 |-2.725833e+03 |-2.727660e+03 |   0.07%| unknown
 14.7s|     1 |     0 |  7249 |     - |   179M |   0 | 343 |1677 |1614 |  49 | 45 |  26 |  59 |-2.726008e+03 |-2.727660e+03 |   0.06%| unknown
 14.8s|     1 |     0 |  7249 |     - |   179M |   0 | 343 |1677 |1614 |  49 | 46 |  26 |  60 |-2.726008e+03 |-2.727660e+03 |   0.06%| unknown
 14.8s|     1 |     0 |  7249 |     - |   179M |   0 | 343 |1677 |1614 |  49 | 47 |  26 |  61 |-2.726008e+03 |-2.727660e+03 |   0.06%| unknown
 14.9s|     1 |     0 |  7256 |     - |   179M |   0 | 343 |1570 |1614 |  49 | 48 |  30 |  63 |-2.726008e+03 |-2.727660e+03 |   0.06%| unknown
 time | node  | left  |LP iter|LP it/n|mem/heur|mdpt |vars |cons |rows |cuts |sepa|confs|strbr|  dualbound   | primalbound  |  gap   | compl. 
 14.9s|     1 |     0 |  7256 |     - |   179M |   0 | 343 |1568 |1614 |  49 | 49 |  30 |  64 |-2.726008e+03 |-2.727660e+03 |   0.06%| unknown
 15.0s|     1 |     0 |  7263 |     - |   179M |   0 | 343 |1455 |1614 |  49 | 50 |  32 |  65 |-2.726008e+03 |-2.727660e+03 |   0.06%| unknown
 15.0s|     1 |     0 |  7263 |     - |   179M |   0 | 343 |1456 |1614 |  49 | 51 |  33 |  66 |-2.726201e+03 |-2.727660e+03 |   0.05%| unknown
 15.1s|     1 |     2 |  7263 |     - |   179M |   0 | 343 |1456 |1614 |  49 | 52 |  33 |  66 |-2.726201e+03 |-2.727660e+03 |   0.05%| unknown

SCIP Status        : problem is solved [optimal solution found]
Solving Time (sec) : 15.41
Solving Nodes      : 5 (total of 6 nodes in 2 runs)
Primal Bound       : -2.72766007905138e+03 (59 solutions)
Dual Bound         : -2.72766007905138e+03
Gap                : 0.00 %
