Loading instance...
Median ranking: [16, 11, 19, 9, 12, 4, 17, 18, 14, 6, 13, 3, 2, 10, 15, 22, 21, 7, 8, 1, 5, 20, 23]
Mean ranking: [16, 11, 19, 9, 12, 4, 17, 18, 14, 6, 13, 3, 2, 10, 15, 22, 21, 7, 20, 8, 23, 1, 5]
Actual error: 0.00013102597334080368
Weighted Kendall distance: 20.0
Normalized distance: 0.004940711462450593
gd conss, 0 impls, 0 clqs, 0 implints
   (0.0s) symmetry computation started: requiring (bin +, int +, cont +), (fixed: bin -, int -, cont -)
   (0.0s) no symmetry present (symcode time: 0.00)
presolving (2 rounds: 2 fast, 2 medium, 1 exhaustive):
 0 deleted vars, 3542 deleted constraints, 1771 added constraints, 0 tightened bounds, 0 added holes, 0 changed sides, 0 changed coefficients
 0 implications, 0 cliques, 0 implied integral variables (0 bin, 0 int, 0 cont)
presolved problem has 253 variables (0 bin, 0 int, 253 cont) and 1771 constraints
   1771 constraints of type <linear>
Presolving Time: 0.02
transformed 3/3 original solutions to the transformed problem space

 time | node  | left  |LP iter|LP it/n|mem/heur|mdpt |vars |cons |rows |cuts |sepa|confs|strbr|  dualbound   | primalbound  |  gap   | compl. 
* 0.0s|     1 |     0 |    76 |     - |    LP  |   0 | 253 |1771 |1771 |   0 |  0 |   0 |   0 | 8.140000e+02 | 8.140000e+02 |   0.00%| unknown
  0.0s|     1 |     0 |    76 |     - |    10M |   0 | 253 |1771 |1771 |   0 |  0 |   0 |   0 | 8.140000e+02 | 8.140000e+02 |   0.00%| unknown

SCIP Status        : problem is solved [optimal solution found]
Solving Time (sec) : 0.03
Solving Nodes      : 1
Primal Bound       : +8.14000000000000e+02 (4 solutions)
Dual Bound         : +8.14000000000000e+02
Gap                : 0.00 %
feasible solution found by trivial heuristic after 0.0 seconds, objective value 0.000000e+00
presolving:
   (0.0s) running MILP presolver
   (0.0s) MILP presolver (2 rounds): 0 aggregations, 0 fixings, 0 bound changes
(round 1, medium)     0 del vars, 3542 del conss, 1771 add conss, 0 chg bounds, 0 chg sides, 0 chg coeffs, 0 upgd conss, 0 impls, 0 clqs, 0 implints
   (0.0s) probing: 51/253 (20.2%) - 0 fixings, 0 aggregations, 0 implications, 0 bound changes
   (0.0s) probing aborted: 50/50 successive totally useless probings
   (0.0s) symmetry computation started: requiring (bin +, int +, cont +), (fixed: bin -, int -, cont -)
   (0.0s) no symmetry present (symcode time: 0.00)
presolving (2 rounds: 2 fast, 2 medium, 1 exhaustive):
 0 deleted vars, 3542 deleted constraints, 1771 added constraints, 0 tightened bounds, 0 added holes, 0 changed sides, 0 changed coefficients
 0 implications, 0 cliques, 0 implied integral variables (0 bin, 0 int, 0 cont)
presolved problem has 253 variables (253 bin, 0 int, 0 cont) and 1771 constraints
   1771 constraints of type <linear>
transformed objective value is always integral (scale: 2)
Presolving Time: 0.02
transformed 2/2 original solutions to the transformed problem space

 time | node  | left  |LP iter|LP it/n|mem/heur|mdpt |vars |cons |rows |cuts |sepa|confs|strbr|  dualbound   | primalbound  |  gap   | compl. 
p 0.0s|     1 |     0 |     0 |     - |   locks|   0 | 253 |1771 |1771 |   0 |  0 |   0 |   0 | 9.240000e+02 | 1.760000e+02 | 425.00%| unknown
i 0.0s|     1 |     0 |     0 |     - |  oneopt|   0 | 253 |1771 |1771 |   0 |  0 |   0 |   0 | 9.240000e+02 | 2.900000e+02 | 218.62%| unknown
* 0.0s|     1 |     0 |    68 |     - |    LP  |   0 | 253 |1771 |1771 |   0 |  0 |   0 |   0 | 8.140000e+02 | 8.140000e+02 |   0.00%| unknown
  0.0s|     1 |     0 |    68 |     - |    10M |   0 | 253 |1771 |1771 |   0 |  0 |   0 |   0 | 8.140000e+02 | 8.140000e+02 |   0.00%| unknown

SCIP Status        : problem is solved [optimal solution found]
Solving Time (sec) : 0.02
Solving Nodes      : 1
Primal Bound       : +8.14000000000000e+02 (5 solutions)
Dual Bound         : +8.14000000000000e+02
Gap                : 0.00 %
feasible solution found by trivial heuristic after 0.6 seconds, objective value -9.000130e+06
presolving:
(round 1, fast)       0 del vars, 0 del conss, 0 add conss, 180 chg bounds, 0 chg sides, 0 chg coeffs, 0 upgd conss, 0 impls, 0 clqs, 0 implints
   (5.6s) running MILP presolver
   (6.1s) MILP presolver (2 rounds): 0 aggregations, 0 fixings, 0 bound changes
(round 2, exhaustive) 0 del vars, 1771 del conss, 0 add conss, 180 chg bounds, 0 chg sides, 0 chg coeffs, 0 upgd conss, 0 impls, 0 clqs, 0 implints
   (12.3s) symmetry computation started: requiring (bin +, int +, cont +), (fixed: bin -, int -, cont -)
   (13.8s) no symmetry present (symcode time: 0.07)
presolving (3 rounds: 3 fast, 2 medium, 2 exhaustive):
 0 deleted vars, 1771 deleted constraints, 0 added constraints, 180 tightened bounds, 0 added holes, 0 changed sides, 0 changed coefficients
 0 implications, 0 cliques, 0 implied integral variables (0 bin, 0 int, 0 cont)
presolved problem has 343 variables (0 bin, 0 int, 343 cont) and 24541 constraints
  24541 constraints of type <linear>
Presolving Time: 13.59

 time | node  | left  |LP iter|LP it/n|mem/heur|mdpt |vars |cons |rows |cuts |sepa|confs|strbr|  dualbound   | primalbound  |  gap   | compl. 
t14.2s|     1 |     0 |     0 |     - | trivial|   0 | 343 |  24k|   0 |   0 |  0 |   0 |   0 | 9.240000e+02 |-1.151500e+04 |    Inf | unknown
*21.8s|     1 |     0 |  2225 |     - |    LP  |   0 | 343 |  24k|  24k|   0 |  0 |   0 |   0 |-2.544380e+03 |-2.544380e+03 |   0.00%| unknown
 21.8s|     1 |     0 |  2225 |     - |  2513M |   0 | 343 |  24k|  24k|   0 |  0 |   0 |   0 |-2.544380e+03 |-2.544380e+03 |   0.00%| unknown

SCIP Status        : problem is solved [optimal solution found]
Solving Time (sec) : 21.83
Solving Nodes      : 1
Primal Bound       : -2.54437989848658e+03 (3 solutions)
Dual Bound         : -2.54437989848658e+03
Gap                : 0.00 %
feasible solution found by trivial heuristic after 0.4 seconds, objective value -9.000130e+06
presolving:
(round 1, fast)       0 del vars, 0 del conss, 0 add conss, 180 chg bounds, 0 chg sides, 0 chg coeffs, 0 upgd conss, 0 impls, 0 clqs, 0 implints
   (3.8s) running MILP presolver
   (5.1s) MILP presolver (2 rounds): 0 aggregations, 0 fixings, 0 bound changes
(round 2, exhaustive) 0 del vars, 1771 del conss, 0 add conss, 180 chg bounds, 0 chg sides, 0 chg coeffs, 0 upgd conss, 0 impls, 0 clqs, 0 implints
   (12.5s) probing: 51/253 (20.2%) - 0 fixings, 0 aggregations, 0 implications, 0 bound changes
   (12.5s) probing aborted: 50/50 successive totally useless probings
   (12.8s) symmetry computation started: requiring (bin +, int +, cont +), (fixed: bin -, int -, cont -)
   (14.1s) no symmetry present (symcode time: 0.07)
presolving (3 rounds: 3 fast, 2 medium, 2 exhaustive):
 0 deleted vars, 1771 deleted constraints, 0 added constraints, 180 tightened bounds, 0 added holes, 0 changed sides, 0 changed coefficients
 0 implications, 0 cliques, 0 implied integral variables (0 bin, 0 int, 0 cont)
presolved problem has 343 variables (253 bin, 0 int, 90 cont) and 24541 constraints
  24541 constraints of type <linear>
Presolving Time: 14.16

 time | node  | left  |LP iter|LP it/n|mem/heur|mdpt |vars |cons |rows |cuts |sepa|confs|strbr|  dualbound   | primalbound  |  gap   | compl. 
t14.5s|     1 |     0 |     0 |     - | trivial|   0 | 343 |  24k|   0 |   0 |  0 |   0 |   0 | 9.240000e+02 |-1.151500e+04 |    Inf | unknown
p17.9s|     1 |     0 |    90 |     - |   locks|   0 | 343 |  24k|  24k|   0 |  0 |   0 |   0 | 9.240000e+02 |-3.409656e+03 |    Inf | unknown
 25.0s|     1 |     0 |  2315 |     - |  2517M |   0 | 343 |  24k|  24k|   0 |  0 |   0 |   0 |-2.544380e+03 |-3.409656e+03 |  34.01%| unknown
r26.9s|     1 |     0 |  2315 |     - |shifting|   0 | 343 |  24k|  24k|   0 |  0 |   0 |   0 |-2.544380e+03 |-2.804959e+03 |  10.24%| unknown
 28.2s|     1 |     0 |  2507 |     - |  2520M |   0 | 343 |  24k|  24k|   2 |  1 |   0 |   0 |-2.544497e+03 |-2.804959e+03 |  10.24%| unknown
 30.8s|     1 |     0 |  2571 |     - |  2523M |   0 | 343 |  24k|  24k|   4 |  2 |   0 |   0 |-2.544527e+03 |-2.804959e+03 |  10.23%| unknown
 33.3s|     1 |     0 |  2622 |     - |  2526M |   0 | 343 |  24k|  24k|   7 |  3 |   0 |   0 |-2.544540e+03 |-2.804959e+03 |  10.23%| unknown
 36.0s|     1 |     0 |  2688 |     - |  2528M |   0 | 343 |  24k|  24k|   9 |  4 |   0 |   0 |-2.544561e+03 |-2.804959e+03 |  10.23%| unknown
 37.8s|     1 |     0 |  2757 |     - |  2532M |   0 | 343 |  24k|  24k|  13 |  5 |   1 |   0 |-2.544572e+03 |-2.804959e+03 |  10.23%| unknown
 39.3s|     1 |     0 |  2826 |     - |  2534M |   0 | 343 |  24k|  24k|  17 |  6 |   2 |   0 |-2.544579e+03 |-2.804959e+03 |  10.23%| unknown
 41.6s|     1 |     0 |  2868 |     - |  2537M |   0 | 343 |  24k|  24k|  19 |  7 |   2 |   0 |-2.544581e+03 |-2.804959e+03 |  10.23%| unknown
 44.4s|     1 |     0 |  2953 |     - |  2540M |   0 | 343 |  24k|  24k|  22 |  8 |   2 |   0 |-2.544588e+03 |-2.804959e+03 |  10.23%| unknown
 47.0s|     1 |     0 |  3031 |     - |  2543M |   0 | 343 |  24k|  24k|  25 |  9 |   2 |   0 |-2.544591e+03 |-2.804959e+03 |  10.23%| unknown
r48.9s|     1 |     0 |  3031 |     - |shifting|   0 | 343 |  24k|  24k|  25 |  9 |   2 |   0 |-2.544591e+03 |-2.784944e+03 |   9.45%| unknown
 49.4s|     1 |     0 |  3094 |     - |  2546M |   0 | 343 |  24k|  24k|  28 | 10 |   2 |   0 |-2.544596e+03 |-2.784944e+03 |   9.45%| unknown
 time | node  | left  |LP iter|LP it/n|mem/heur|mdpt |vars |cons |rows |cuts |sepa|confs|strbr|  dualbound   | primalbound  |  gap   | compl. 
 51.7s|     1 |     0 |  3141 |     - |  2548M |   0 | 343 |  24k|  24k|  30 | 11 |   2 |   0 |-2.544601e+03 |-2.784944e+03 |   9.45%| unknown
r54.2s|     1 |     0 |  3404 |     - |intshift|   0 | 343 |  24k|  24k|  30 | 11 |   2 |   0 |-2.544601e+03 |-2.616490e+03 |   2.83%| unknown
d66.6s|     1 |     0 |  7289 |     - |farkasdi|   0 | 343 |  24k|  24k|   0 | 11 |   2 |   0 |-2.544601e+03 |-2.558771e+03 |   0.56%| unknown
d74.9s|     1 |     0 | 10084 |     - |conflict|   0 | 343 |  24k|  24k|   0 | 11 |   2 |   0 |-2.544601e+03 |-2.556419e+03 |   0.46%| unknown
L 110s|     1 |     0 | 10084 |     - |    rens|   0 | 343 |  24k|  24k|  30 | 11 |   2 |   0 |-2.544601e+03 |-2.550941e+03 |   0.25%| unknown
  111s|     1 |     0 | 10084 |     - |  2550M |   0 | 343 |  24k|  24k|  30 | 11 |   2 |   0 |-2.544601e+03 |-2.550941e+03 |   0.25%| unknown
  113s|     1 |     0 | 10084 |     - |  2550M |   0 | 343 |  24k|  24k|  30 | 11 |   2 |   0 |-2.544601e+03 |-2.550941e+03 |   0.25%| unknown
  114s|     1 |     0 | 10116 |     - |  2553M |   0 | 343 |  24k|  24k|  32 | 12 |   2 |   0 |-2.544601e+03 |-2.550941e+03 |   0.25%| unknown
  116s|     1 |     0 | 10202 |     - |  2553M |   0 | 343 |  24k|  24k|  35 | 13 |   2 |   0 |-2.544626e+03 |-2.550941e+03 |   0.25%| unknown
  118s|     1 |     0 | 10202 |     - |  2553M |   0 | 343 |  24k|  24k|  35 | 13 |   3 |   0 |-2.544626e+03 |-2.550941e+03 |   0.25%| unknown
  118s|     1 |     0 | 10256 |     - |  2555M |   0 | 343 |  24k|  24k|  37 | 14 |   3 |   0 |-2.544626e+03 |-2.550941e+03 |   0.25%| unknown
  121s|     1 |     0 | 10370 |     - |  2556M |   0 | 343 |  24k|  24k|  42 | 15 |   3 |   0 |-2.544647e+03 |-2.550941e+03 |   0.25%| unknown
(run 1, node 1) restarting after 29 global fixings of integer variables

(restart) converted 42 cuts from the global cut pool into linear constraints

presolving:
(round 1, fast)       29 del vars, 0 del conss, 0 add conss, 0 chg bounds, 341 chg sides, 0 chg coeffs, 0 upgd conss, 0 impls, 341 clqs, 0 implints
(round 2, fast)       29 del vars, 0 del conss, 0 add conss, 74 chg bounds, 341 chg sides, 0 chg coeffs, 0 upgd conss, 0 impls, 341 clqs, 0 implints
(round 3, exhaustive) 29 del vars, 0 del conss, 0 add conss, 74 chg bounds, 341 chg sides, 0 chg coeffs, 342 upgd conss, 0 impls, 341 clqs, 0 implints
presolving (4 rounds: 4 fast, 2 medium, 2 exhaustive):
 29 deleted vars, 0 deleted constraints, 0 added constraints, 74 tightened bounds, 0 added holes, 341 changed sides, 0 changed coefficients
 0 implications, 341 cliques, 0 implied integral variables (0 bin, 0 int, 0 cont)
presolved problem has 314 variables (224 bin, 0 int, 90 cont) and 24394 constraints
      1 constraints of type <knapsack>
    341 constraints of type <setppc>
  24049 constraints of type <linear>
      3 constraints of type <logicor>
Presolving Time: 19.93
transformed 21/24 original solutions to the transformed problem space

 time | node  | left  |LP iter|LP it/n|mem/heur|mdpt |vars |cons |rows |cuts |sepa|confs|strbr|  dualbound   | primalbound  |  gap   | compl. 
  149s|     1 |     0 | 12647 |     - |  2981M |   0 | 314 |  24k|  24k|   0 |  0 |   5 |   0 |-2.544647e+03 |-2.550941e+03 |   0.25%| unknown
  151s|     1 |     0 | 12647 |     - |  2981M |   0 | 314 |  24k|  24k|   0 |  0 |   5 |   0 |-2.544647e+03 |-2.550941e+03 |   0.25%| unknown
  152s|     1 |     0 | 12695 |     - |  2983M |   0 | 314 |  24k|  24k|   1 |  1 |   5 |   0 |-2.544650e+03 |-2.550941e+03 |   0.25%| unknown
  154s|     1 |     0 | 12832 |     - |  2986M |   0 | 314 |  24k|  24k|   4 |  2 |   5 |   0 |-2.544661e+03 |-2.550941e+03 |   0.25%| unknown
  157s|     1 |     0 | 12938 |     - |  2988M |   0 | 314 |  24k|  24k|   7 |  3 |   5 |   0 |-2.544669e+03 |-2.550941e+03 |   0.25%| unknown
  160s|     1 |     0 | 13061 |     - |  2991M |   0 | 314 |  24k|  24k|  11 |  4 |   5 |   0 |-2.544679e+03 |-2.550941e+03 |   0.25%| unknown
  163s|     1 |     0 | 13209 |     - |  2996M |   0 | 314 |  24k|  24k|  16 |  5 |   5 |   0 |-2.544688e+03 |-2.550941e+03 |   0.25%| unknown
  165s|     1 |     0 | 13317 |     - |  2998M |   0 | 314 |  24k|  24k|  19 |  6 |   5 |   0 |-2.544696e+03 |-2.550941e+03 |   0.25%| unknown
  168s|     1 |     0 | 13397 |     - |  3001M |   0 | 314 |  24k|  24k|  21 |  7 |   5 |   0 |-2.544708e+03 |-2.550941e+03 |   0.24%| unknown
  171s|     1 |     0 | 13451 |     - |  3003M |   0 | 314 |  24k|  24k|  23 |  8 |   5 |   0 |-2.544708e+03 |-2.550941e+03 |   0.24%| unknown
  172s|     1 |     0 | 13557 |     - |  3006M |   0 | 314 |  24k|  24k|  25 |  9 |   6 |   0 |-2.544713e+03 |-2.550941e+03 |   0.24%| unknown
  175s|     1 |     0 | 13634 |     - |  3008M |   0 | 314 |  24k|  24k|  28 | 10 |   6 |   0 |-2.544718e+03 |-2.550941e+03 |   0.24%| unknown
  177s|     1 |     0 | 13678 |     - |  3011M |   0 | 314 |  24k|  24k|  29 | 11 |   6 |   0 |-2.544720e+03 |-2.550941e+03 |   0.24%| unknown
  179s|     1 |     0 | 13678 |     - |  3011M |   0 | 314 |  24k|  24k|  29 | 11 |   6 |   0 |-2.544720e+03 |-2.550941e+03 |   0.24%| unknown
  180s|     1 |     0 | 13763 |     - |  3013M |   0 | 314 |  24k|  24k|  32 | 12 |   6 |   0 |-2.544722e+03 |-2.550941e+03 |   0.24%| unknown
 time | node  | left  |LP iter|LP it/n|mem/heur|mdpt |vars |cons |rows |cuts |sepa|confs|strbr|  dualbound   | primalbound  |  gap   | compl. 
  182s|     1 |     0 | 13877 |     - |  3016M |   0 | 314 |  24k|  24k|  35 | 13 |   6 |   0 |-2.544729e+03 |-2.550941e+03 |   0.24%| unknown
  185s|     1 |     0 | 14003 |     - |  3018M |   0 | 314 |  24k|  24k|  38 | 14 |   6 |   0 |-2.544732e+03 |-2.550941e+03 |   0.24%| unknown
  187s|     1 |     0 | 14040 |     - |  3021M |   0 | 314 |  24k|  24k|  39 | 15 |   6 |   0 |-2.544732e+03 |-2.550941e+03 |   0.24%| unknown
  190s|     1 |     0 | 14137 |     - |  3021M |   0 | 314 |  24k|  24k|  43 | 16 |   6 |   0 |-2.544737e+03 |-2.550941e+03 |   0.24%| unknown
  192s|     1 |     0 | 14185 |     - |  3021M |   0 | 314 |  24k|  24k|  46 | 17 |   6 |   0 |-2.544738e+03 |-2.550941e+03 |   0.24%| unknown
  239s|     1 |     0 | 16445 |     - |  3024M |   0 | 314 |  24k|  24k|  46 | 18 |  10 |   1 |-2.546659e+03 |-2.550941e+03 |   0.17%| unknown
  248s|     1 |     0 | 16445 |     - |  3024M |   0 | 314 |  24k|  24k|  46 | 19 |  10 |   3 |-2.547111e+03 |-2.550941e+03 |   0.15%| unknown
  252s|     1 |     0 | 16445 |     - |  3024M |   0 | 314 |  24k|  24k|  46 | 20 |  10 |   4 |-2.547111e+03 |-2.550941e+03 |   0.15%| unknown
  254s|     1 |     0 | 16445 |     - |  3024M |   0 | 314 |  24k|  24k|  46 | 21 |  10 |   5 |-2.547111e+03 |-2.550941e+03 |   0.15%| unknown
  264s|     1 |     0 | 16445 |     - |  3024M |   0 | 314 |  24k|  24k|  46 | 22 |  10 |   8 |-2.547111e+03 |-2.550941e+03 |   0.15%| unknown
  274s|     1 |     0 | 16445 |     - |  3024M |   0 | 314 |  24k|  24k|  46 | 23 |  10 |  11 |-2.547111e+03 |-2.550941e+03 |   0.15%| unknown
  290s|     1 |     0 | 16445 |     - |  3024M |   0 | 314 |  24k|  24k|  46 | 24 |  10 |  16 |-2.547152e+03 |-2.550941e+03 |   0.15%| unknown
  294s|     1 |     0 | 16445 |     - |  3024M |   0 | 314 |  24k|  24k|  46 | 25 |  10 |  17 |-2.547152e+03 |-2.550941e+03 |   0.15%| unknown
  310s|     1 |     0 | 16445 |     - |  3024M |   0 | 314 |  24k|  24k|  46 | 26 |  10 |  22 |-2.547152e+03 |-2.550941e+03 |   0.15%| unknown
  346s|     1 |     0 | 16741 |     - |  3024M |   0 | 314 |  24k|  24k|  46 | 27 |  12 |  33 |-2.547152e+03 |-2.550941e+03 |   0.15%| unknown
 time | node  | left  |LP iter|LP it/n|mem/heur|mdpt |vars |cons |rows |cuts |sepa|confs|strbr|  dualbound   | primalbound  |  gap   | compl. 
  348s|     1 |     0 | 16741 |     - |  3024M |   0 | 314 |  24k|  24k|  46 | 27 |  12 |  33 |-2.547152e+03 |-2.550941e+03 |   0.15%| unknown
  348s|     1 |     0 | 16776 |     - |  3024M |   0 | 314 |  24k|  24k|  49 | 28 |  12 |  33 |-2.547152e+03 |-2.550941e+03 |   0.15%| unknown
  350s|     1 |     0 | 16776 |     - |  3025M |   0 | 314 |  24k|  24k|  49 | 29 |  13 |  33 |-2.547152e+03 |-2.550941e+03 |   0.15%| unknown
  353s|     1 |     0 | 16776 |     - |  3025M |   0 | 314 |  24k|  24k|  49 | 30 |  13 |  34 |-2.547152e+03 |-2.550941e+03 |   0.15%| unknown
  357s|     1 |     0 | 16776 |     - |  3025M |   0 | 314 |  24k|  24k|  49 | 31 |  13 |  35 |-2.547152e+03 |-2.550941e+03 |   0.15%| unknown
  360s|     1 |     0 | 16776 |     - |  3025M |   0 | 314 |  24k|  24k|  49 | 32 |  13 |  36 |-2.547152e+03 |-2.550941e+03 |   0.15%| unknown
  363s|     1 |     0 | 16776 |     - |  3025M |   0 | 314 |  24k|  24k|  49 | 33 |  13 |  37 |-2.547152e+03 |-2.550941e+03 |   0.15%| unknown
  371s|     1 |     0 | 16776 |     - |  3025M |   0 | 314 |  24k|  24k|  49 | 34 |  13 |  40 |-2.547152e+03 |-2.550941e+03 |   0.15%| unknown
  381s|     1 |     0 | 17108 |     - |  3025M |   0 | 314 |  24k|  24k|  49 | 35 |  15 |  44 |-2.547152e+03 |-2.550941e+03 |   0.15%| unknown
(run 2, node 1) restarting after 12 global fixings of integer variables

(restart) converted 48 cuts from the global cut pool into linear constraints

presolving:
(round 1, fast)       12 del vars, 4 del conss, 0 add conss, 0 chg bounds, 146 chg sides, 0 chg coeffs, 0 upgd conss, 0 impls, 420 clqs, 0 implints
(round 2, fast)       12 del vars, 4 del conss, 0 add conss, 43 chg bounds, 146 chg sides, 0 chg coeffs, 0 upgd conss, 0 impls, 420 clqs, 0 implints
(round 3, exhaustive) 12 del vars, 4 del conss, 0 add conss, 43 chg bounds, 146 chg sides, 0 chg coeffs, 146 upgd conss, 0 impls, 420 clqs, 0 implints
presolving (4 rounds: 4 fast, 2 medium, 2 exhaustive):
 12 deleted vars, 4 deleted constraints, 0 added constraints, 43 tightened bounds, 0 added holes, 146 changed sides, 3 changed coefficients
 0 implications, 420 cliques, 0 implied integral variables (0 bin, 0 int, 0 cont)
presolved problem has 302 variables (212 bin, 0 int, 90 cont) and 24306 constraints
      1 constraints of type <knapsack>
    420 constraints of type <setppc>
  23878 constraints of type <linear>
      7 constraints of type <logicor>
Presolving Time: 25.21
transformed 38/45 original solutions to the transformed problem space

 time | node  | left  |LP iter|LP it/n|mem/heur|mdpt |vars |cons |rows |cuts |sepa|confs|strbr|  dualbound   | primalbound  |  gap   | compl. 
  394s|     1 |     0 | 19118 |     - |  3373M |   0 | 302 |  24k|  24k|   0 |  0 |  15 |  44 |-2.547152e+03 |-2.550941e+03 |   0.15%| unknown
  396s|     1 |     0 | 19118 |     - |  3373M |   0 | 302 |  24k|  24k|   0 |  0 |  15 |  44 |-2.547152e+03 |-2.550941e+03 |   0.15%| unknown
  397s|     1 |     0 | 19167 |     - |  3376M |   0 | 302 |  24k|  24k|   1 |  1 |  15 |  44 |-2.547152e+03 |-2.550941e+03 |   0.15%| unknown
  399s|     1 |     0 | 19213 |     - |  3378M |   0 | 302 |  24k|  24k|   2 |  2 |  15 |  44 |-2.547152e+03 |-2.550941e+03 |   0.15%| unknown
  402s|     1 |     0 | 19322 |     - |  3381M |   0 | 302 |  24k|  24k|   5 |  3 |  20 |  44 |-2.547152e+03 |-2.550941e+03 |   0.15%| unknown
  404s|     1 |     0 | 19322 |     - |  3381M |   0 | 302 |  24k|  24k|   5 |  3 |  20 |  44 |-2.547152e+03 |-2.550941e+03 |   0.15%| unknown
  404s|     1 |     0 | 19402 |     - |  3383M |   0 | 302 |  24k|  24k|   8 |  4 |  20 |  44 |-2.547152e+03 |-2.550941e+03 |   0.15%| unknown
  406s|     1 |     0 | 19402 |     - |  3383M |   0 | 302 |  24k|  24k|   8 |  4 |  20 |  44 |-2.547152e+03 |-2.550941e+03 |   0.15%| unknown
  407s|     1 |     0 | 19467 |     - |  3386M |   0 | 302 |  24k|  24k|  10 |  5 |  20 |  44 |-2.547152e+03 |-2.550941e+03 |   0.15%| unknown
  408s|     1 |     0 | 19520 |     - |  3388M |   0 | 302 |  24k|  24k|  12 |  6 |  21 |  44 |-2.547152e+03 |-2.550941e+03 |   0.15%| unknown
  411s|     1 |     0 | 19673 |     - |  3391M |   0 | 302 |  24k|  24k|  13 |  7 |  21 |  44 |-2.547152e+03 |-2.550941e+03 |   0.15%| unknown
  413s|     1 |     0 | 19712 |     - |  3393M |   0 | 302 |  24k|  24k|  17 |  8 |  21 |  44 |-2.547152e+03 |-2.550941e+03 |   0.15%| unknown
  415s|     1 |     0 | 19803 |     - |  3393M |   0 | 302 |  24k|  24k|  19 |  9 |  21 |  44 |-2.547152e+03 |-2.550941e+03 |   0.15%| unknown
  417s|     1 |     0 | 19870 |     - |  3396M |   0 | 302 |  24k|  24k|  21 | 10 |  22 |  44 |-2.547152e+03 |-2.550941e+03 |   0.15%| unknown
  419s|     1 |     0 | 19906 |     - |  3398M |   0 | 302 |  24k|  24k|  22 | 11 |  22 |  44 |-2.547152e+03 |-2.550941e+03 |   0.15%| unknown
 time | node  | left  |LP iter|LP it/n|mem/heur|mdpt |vars |cons |rows |cuts |sepa|confs|strbr|  dualbound   | primalbound  |  gap   | compl. 
  421s|     1 |     0 | 19906 |     - |  3398M |   0 | 302 |  24k|  24k|  22 | 11 |  22 |  44 |-2.547152e+03 |-2.550941e+03 |   0.15%| unknown
  421s|     1 |     0 | 19917 |     - |  3401M |   0 | 302 |  24k|  24k|  23 | 12 |  22 |  44 |-2.547152e+03 |-2.550941e+03 |   0.15%| unknown
  423s|     1 |     0 | 19936 |     - |  3403M |   0 | 302 |  24k|  24k|  24 | 13 |  22 |  44 |-2.547152e+03 |-2.550941e+03 |   0.15%| unknown
  425s|     1 |     0 | 19967 |     - |  3406M |   0 | 302 |  24k|  24k|  25 | 14 |  22 |  44 |-2.547152e+03 |-2.550941e+03 |   0.15%| unknown
  427s|     1 |     0 | 19988 |     - |  3408M |   0 | 302 |  24k|  24k|  28 | 15 |  26 |  44 |-2.547152e+03 |-2.550941e+03 |   0.15%| unknown
  429s|     1 |     0 | 20026 |     - |  3411M |   0 | 302 |  24k|  24k|  30 | 16 |  26 |  44 |-2.547152e+03 |-2.550941e+03 |   0.15%| unknown
  432s|     1 |     0 | 20158 |     - |  3413M |   0 | 302 |  24k|  24k|  31 | 17 |  26 |  44 |-2.547152e+03 |-2.550941e+03 |   0.15%| unknown
  433s|     1 |     0 | 20162 |     - |  3413M |   0 | 302 |  24k|  24k|  32 | 18 |  26 |  44 |-2.547152e+03 |-2.550941e+03 |   0.15%| unknown
  435s|     1 |     0 | 20183 |     - |  3413M |   0 | 302 |  24k|  24k|  33 | 19 |  26 |  44 |-2.547152e+03 |-2.550941e+03 |   0.15%| unknown
  437s|     1 |     0 | 20193 |     - |  3413M |   0 | 302 |  24k|  24k|  34 | 20 |  26 |  44 |-2.547152e+03 |-2.550941e+03 |   0.15%| unknown
  439s|     1 |     0 | 20216 |     - |  3413M |   0 | 302 |  24k|  24k|  35 | 21 |  28 |  44 |-2.547152e+03 |-2.550941e+03 |   0.15%| unknown
  441s|     1 |     0 | 20221 |     - |  3414M |   0 | 302 |  24k|  24k|  36 | 22 |  28 |  44 |-2.547152e+03 |-2.550941e+03 |   0.15%| unknown
  482s|     1 |     0 | 21852 |     - |  3414M |   0 | 302 |  24k|  24k|  36 | 22 |  32 |  45 |-2.547226e+03 |-2.550941e+03 |   0.15%| unknown
  489s|     1 |     0 | 21852 |     - |  3414M |   0 | 302 |  24k|  24k|  36 | 23 |  33 |  47 |-2.547316e+03 |-2.550941e+03 |   0.14%| unknown
  492s|     1 |     0 | 21852 |     - |  3414M |   0 | 302 |  24k|  24k|  36 | 24 |  33 |  48 |-2.547316e+03 |-2.550941e+03 |   0.14%| unknown
 time | node  | left  |LP iter|LP it/n|mem/heur|mdpt |vars |cons |rows |cuts |sepa|confs|strbr|  dualbound   | primalbound  |  gap   | compl. 
  495s|     1 |     0 | 21852 |     - |  3414M |   0 | 302 |  24k|  24k|  36 | 25 |  33 |  49 |-2.547316e+03 |-2.550941e+03 |   0.14%| unknown
  502s|     1 |     0 | 21852 |     - |  3414M |   0 | 302 |  24k|  24k|  36 | 26 |  33 |  51 |-2.547316e+03 |-2.550941e+03 |   0.14%| unknown
  505s|     1 |     0 | 21852 |     - |  3414M |   0 | 302 |  24k|  24k|  36 | 27 |  33 |  52 |-2.547316e+03 |-2.550941e+03 |   0.14%| unknown
  511s|     1 |     0 | 21852 |     - |  3414M |   0 | 302 |  24k|  24k|  36 | 28 |  33 |  54 |-2.547316e+03 |-2.550941e+03 |   0.14%| unknown
  520s|     1 |     0 | 21852 |     - |  3414M |   0 | 302 |  24k|  24k|  36 | 29 |  33 |  57 |-2.547316e+03 |-2.550941e+03 |   0.14%| unknown
  528s|     1 |     0 | 21852 |     - |  3414M |   0 | 302 |  24k|  24k|  36 | 30 |  33 |  60 |-2.547316e+03 |-2.550941e+03 |   0.14%| unknown
  534s|     1 |     0 | 21852 |     - |  3414M |   0 | 302 |  24k|  24k|  36 | 31 |  33 |  62 |-2.547316e+03 |-2.550941e+03 |   0.14%| unknown
  545s|     1 |     0 | 21852 |     - |  3414M |   0 | 302 |  24k|  24k|  36 | 32 |  33 |  66 |-2.547316e+03 |-2.550941e+03 |   0.14%| unknown
  564s|     1 |     0 | 21852 |     - |  3414M |   0 | 302 |  24k|  24k|  36 | 33 |  33 |  73 |-2.547316e+03 |-2.550941e+03 |   0.14%| unknown
  576s|     1 |     0 | 21852 |     - |  3414M |   0 | 302 |  24k|  24k|  36 | 34 |  33 |  78 |-2.547316e+03 |-2.550941e+03 |   0.14%| unknown
  592s|     1 |     0 | 21852 |     - |  3414M |   0 | 302 |  24k|  24k|  36 | 35 |  33 |  84 |-2.547316e+03 |-2.550941e+03 |   0.14%| unknown
  600s|     1 |     0 | 21852 |     - |  3414M |   0 | 302 |  24k|  24k|  36 | 36 |  33 |  88 |-2.547316e+03 |-2.550941e+03 |   0.14%| unknown
  615s|     1 |     0 | 21879 |     - |  3414M |   0 | 302 |  24k|  24k|  36 | 37 |  35 |  94 |-2.547316e+03 |-2.550941e+03 |   0.14%| unknown
  617s|     1 |     0 | 21879 |     - |  3414M |   0 | 302 |  24k|  24k|  36 | 38 |  37 |  95 |-2.547316e+03 |-2.550941e+03 |   0.14%| unknown
  619s|     1 |     0 | 21879 |     - |  3414M |   0 | 302 |  24k|  24k|  36 | 39 |  37 |  96 |-2.547316e+03 |-2.550941e+03 |   0.14%| unknown
 time | node  | left  |LP iter|LP it/n|mem/heur|mdpt |vars |cons |rows |cuts |sepa|confs|strbr|  dualbound   | primalbound  |  gap   | compl. 
  623s|     1 |     0 | 21879 |     - |  3414M |   0 | 302 |  24k|  24k|  36 | 40 |  37 |  98 |-2.547316e+03 |-2.550941e+03 |   0.14%| unknown
  625s|     1 |     0 | 21879 |     - |  3414M |   0 | 302 |  24k|  24k|  36 | 41 |  37 |  99 |-2.547316e+03 |-2.550941e+03 |   0.14%| unknown
  625s|     1 |     2 | 21879 |     - |  3414M |   0 | 302 |  24k|  24k|  36 | 42 |  37 |  99 |-2.547316e+03 |-2.550941e+03 |   0.14%| unknown

SCIP Status        : problem is solved [optimal solution found]
Solving Time (sec) : 661.76
Solving Nodes      : 5 (total of 7 nodes in 3 runs)
Primal Bound       : -2.55094071146245e+03 (71 solutions)
Dual Bound         : -2.55094071146245e+03
Gap                : 0.00 %
feasible solution found by trivial heuristic after 0.0 seconds, objective value 0.000000e+00
presolving:
   (0.0s) symmetry computation started: requiring (bin +, int +, cont +), (fixed: bin -, int -, cont -)
   (0.0s) symmetry computation finished: 89 generators found (max: 1500, log10 of symmetry group size: 138.17) (symcode time: 0.00)
dynamic symmetry handling statistics:
   orbitopal reduction:       no components
   orbital reduction:         no components
   lexicographic reduction:   no permutations
handled 1 out of 1 symmetry components
presolving (0 rounds: 0 fast, 0 medium, 0 exhaustive):
 0 deleted vars, 0 deleted constraints, 0 added constraints, 0 tightened bounds, 0 added holes, 0 changed sides, 0 changed coefficients
 0 implications, 0 cliques, 0 implied integral variables (0 bin, 0 int, 0 cont)
presolved problem has 343 variables (253 bin, 0 int, 90 cont) and 3631 constraints
   3631 constraints of type <linear>
Presolving Time: 0.00
transformed 2/2 original solutions to the transformed problem space

 time | node  | left  |LP iter|LP it/n|mem/heur|mdpt |vars |cons |rows |cuts |sepa|confs|strbr|  dualbound   | primalbound  |  gap   | compl. 
p 0.0s|     1 |     0 |     0 |     - |   locks|   0 | 343 |3542 |3542 |   0 |  0 |   0 |   0 | 9.240000e+02 | 7.200000e+01 |1183.33%| unknown
i 0.0s|     1 |     0 |     0 |     - |  oneopt|   0 | 343 |3542 |3542 |   0 |  0 |   0 |   0 | 9.240000e+02 | 4.960000e+02 |  86.29%| unknown
* 0.0s|     1 |     0 |    68 |     - |    LP  |   0 | 343 |3542 |3542 |   0 |  0 |   0 |   0 | 8.140000e+02 | 8.140000e+02 |   0.00%| unknown
  0.0s|     1 |     0 |    68 |     - |    15M |   0 | 343 |3542 |3542 |   0 |  0 |   0 |   0 | 8.140000e+02 | 8.140000e+02 |   0.00%| unknown

SCIP Status        : problem is solved [optimal solution found]
Solving Time (sec) : 0.01
Solving Nodes      : 1
Primal Bound       : +8.14000000000000e+02 (6 solutions)
Dual Bound         : +8.14000000000000e+02
Gap                : 0.00 %
  [linear] <c3543>: <x254>[C] (+0) +0.511857708<x1>[B] (+0) +0.511857708<x2>[B] (+0) -0.511857708<x3>[B] (+0) +0.511857708<x4>[B] (+1) -0.511857708<x5>[B] (+0) +0.511857708<x6>[B] (+0) +0.511857708<x7>[B] (+0) +0.511857708<x8>[B] (+0) +0.511857708<x9>[B] (+0) +0.511857708<x10>[B] (+0) +0.511857708<x11>[B] (+0) +0.511857708<x12>[B] (+0) +0.511857708<x13>[B] (+0) +0.511857708<x14>[B] (+0) +0.511857708<x15>[B] (+0) +0.511857708<x16>[B] (+0) +0.511857708<x17>[B] (+0) +0.511857708<x18>[B] (+0) +0.511857708<x19>[B] (+1) +0.511857708<x20>[B] (+0) +0.511857708<x21>[B] (+0) +0.511857708<x22>[B] (+1) -0.511857708<x23>[B] (+0) -0.511857708<x24>[B] (+0) +0.511857708<x25>[B] (+1) -0.511857708<x26>[B] (+0) -0.511857708<x27>[B] (+1) -0.511857708<x28>[B] (+1) +0.511857708<x29>[B] (+0) -0.511857708<x30>[B] (+1) -0.511857708<x31>[B] (+0) -0.511857708<x32>[B] (+0) -0.511857708<x33>[B] (+0) -0.511857708<x34>[B] (+0) -0.511857708<x35>[B] (+1) -0.511857708<x36>[B] (+0) -0.511857708<x37>[B] (+0) -0.511857708<x38>[B] (+0) -0.511857708<x39>[B] (+0) -0.511857708<x40>[B] (+1) -0.511857708<x41>[B] (+1) -0.511857708<x42>[B] (+1) -0.511857708<x43>[B] (+1) -0.511857708<x44>[B] (+0) +0.511857708<x45>[B] (+1) -0.511857708<x46>[B] (+0) +0.511857708<x47>[B] (+1) +0.511857708<x48>[B] (+1) +0.511857708<x49>[B] (+0) -0.511857708<x50>[B] (+1) +0.511857708<x51>[B] (+0) -0.511857708<x52>[B] (+0) -0.511857708<x53>[B] (+0) -0.511857708<x54>[B] (+0) +0.511857708<x55>[B] (+1) +0.511857708<x56>[B] (+0) +0.511857708<x57>[B] (+0) +0.511857708<x58>[B] (+0) +0.511857708<x59>[B] (+0) +0.511857708<x60>[B] (+1) +0.511857708<x61>[B] (+1) +0.511857708<x62>[B] (+1) +0.511857708<x63>[B] (+1) +0.511857708<x64>[B] (+1) +0.511857708<x65>[B] (+1) +0.511857708<x66>[B] (+1) +0.511857708<x67>[B] (+1) +0.511857708<x68>[B] (+0) +0.511857708<x69>[B] (+1) +0.511857708<x70>[B] (+0) +0.511857708<x71>[B] (+0) +0.511857708<x72>[B] (+1) +0.511857708<x73>[B] (+1) +0.511857708<x74>[B] (+1) +0.511857708<x75>[B] (+0) +0.511857708<x76>[B] (+1) +0.511857708<x77>[B] (+1) +0.511857708<x78>[B] (+0) +0.511857708<x79>[B] (+1) +0.511857708<x80>[B] (+1) +0.511857708<x81>[B] (+1) +0.511857708<x82>[B] (+1) -0.511857708<x83>[B] (+0) -0.511857708<x84>[B] (+0) -0.511857708<x85>[B] (+0) +0.511857708<x86>[B] (+0) -0.511857708<x87>[B] (+0) -0.511857708<x88>[B] (+0) -0.511857708<x89>[B] (+0) -0.511857708<x90>[B] (+0) -0.511857708<x91>[B] (+0) -0.511857708<x92>[B] (+0) -0.511857708<x93>[B] (+0) -0.511857708<x94>[B] (+0) -0.511857708<x95>[B] (+0) -0.511857708<x96>[B] (+0) -0.511857708<x97>[B] (+1) -0.511857708<x98>[B] (+0) -0.511857708<x99>[B] (+0) -0.511857708<x100>[B] (+1) +0.511857708<x101>[B] (+1) +0.511857708<x102>[B] (+1) +0.511857708<x103>[B] (+0) +0.511857708<x104>[B] (+1) +0.511857708<x105>[B] (+0) +0.511857708<x106>[B] (+0) +0.511857708<x107>[B] (+1) +0.511857708<x108>[B] (+0) +0.511857708<x109>[B] (+1) +0.511857708<x110>[B] (+0) +0.511857708<x111>[B] (+0) +0.511857708<x112>[B] (+0) +0.511857708<x113>[B] (+0) +0.511857708<x114>[B] (+1) +0.511857708<x115>[B] (+1) +0.511857708<x116>[B] (+1) +0.511857708<x117>[B] (+1) +0.511857708<x118>[B] (+1) +0.511857708<x119>[B] (+0) -0.511857708<x120>[B] (+0) +0.511857708<x121>[B] (+0) -0.511857708<x122>[B] (+0) -0.511857708<x123>[B] (+0) -0.511857708<x124>[B] (+0) +0.511857708<x125>[B] (+0) +0.511857708<x126>[B] (+0) +0.511857708<x127>[B] (+0) +0.511857708<x128>[B] (+0) +0.511857708<x129>[B] (+0) -0.511857708<x130>[B] (+1) +0.511857708<x131>[B] (+0) -0.511857708<x132>[B] (+0) -0.511857708<x133>[B] (+1) +0.511857708<x134>[B] (+0) -0.511857708<x135>[B] (+0) -0.511857708<x136>[B] (+0) -0.511857708<x137>[B] (+0) -0.511857708<x138>[B] (+0) -0.511857708<x139>[B] (+0) +0.511857708<x140>[B] (+0) +0.511857708<x141>[B] (+0) -0.511857708<x142>[B] (+0) +0.511857708<x143>[B] (+0) +0.511857708<x144>[B] (+0) -0.511857708<x145>[B] (+1) +0.511857708<x146>[B] (+0) -0.511857708<x147>[B] (+0) -0.511857708<x148>[B] (+1) -0.511857708<x149>[B] (+1) -0.511857708<x150>[B] (+0) -0.511857708<x151>[B] (+1) -0.511857708<x152>[B] (+1) -0.511857708<x153>[B] (+1) -0.511857708<x154>[B] (+1) -0.511857708<x155>[B] (+0) -0.511857708<x156>[B] (+1) -0.511857708<x157>[B] (+1) -0.511857708<x158>[B] (+0) -0.511857708<x159>[B] (+1) -0.511857708<x160>[B] (+1) -0.511857708<x161>[B] (+1) -0.511857708<x162>[B] (+1) +0.511857708<x163>[B] (+0) +0.511857708<x164>[B] (+0) +0.511857708<x165>[B] (+0) +0.511857708<x166>[B] (+0) +0.511857708<x167>[B] (+1) +0.511857708<x168>[B] (+0) +0.511857708<x169>[B] (+0) +0.511857708<x170>[B] (+0) +0.511857708<x171>[B] (+0) +0.511857708<x172>[B] (+1) +0.511857708<x173>[B] (+1) +0.511857708<x174>[B] (+1) +0.511857708<x175>[B] (+1) -0.511857708<x176>[B] (+1) -0.511857708<x177>[B] (+1) -0.511857708<x178>[B] (+1) +0.511857708<x179>[B] (+1) +0.511857708<x180>[B] (+0) +0.511857708<x181>[B] (+1) +0.511857708<x182>[B] (+1) +0.511857708<x183>[B] (+1) -0.511857708<x184>[B] (+1) +0.511857708<x185>[B] (+1) -0.511857708<x186>[B] (+1) -0.511857708<x187>[B] (+1) +0.511857708<x188>[B] (+1) +0.511857708<x189>[B] (+1) +0.511857708<x190>[B] (+1) +0.511857708<x191>[B] (+0) +0.511857708<x192>[B] (+1) +0.511857708<x193>[B] (+1) +0.511857708<x194>[B] (+0) +0.511857708<x195>[B] (+1) +0.511857708<x196>[B] (+1) +0.511857708<x197>[B] (+1) +0.511857708<x198>[B] (+1) -0.511857708<x199>[B] (+0) +0.511857708<x200>[B] (+1) +0.511857708<x201>[B] (+0) +0.511857708<x202>[B] (+0) +0.511857708<x203>[B] (+0) +0.511857708<x204>[B] (+0) +0.511857708<x205>[B] (+1) +0.511857708<x206>[B] (+1) +0.511857708<x207>[B] (+1) +0.511857708<x208>[B] (+1) +0.511857708<x209>[B] (+1) +0.511857708<x210>[B] (+0) +0.511857708<x211>[B] (+0) +0.511857708<x212>[B] (+0) +0.511857708<x213>[B] (+0) +0.511857708<x214>[B] (+1) +0.511857708<x215>[B] (+1) +0.511857708<x216>[B] (+1) +0.511857708<x217>[B] (+1) +0.511857708<x218>[B] (+0) -0.511857708<x219>[B] (+0) +0.511857708<x220>[B] (+0) +0.511857708<x221>[B] (+0) -0.511857708<x222>[B] (+1) +0.511857708<x223>[B] (+1) -0.511857708<x224>[B] (+1) -0.511857708<x225>[B] (+1) -0.511857708<x226>[B] (+1) -0.511857708<x227>[B] (+1) +0.511857708<x228>[B] (+1) -0.511857708<x229>[B] (+1) -0.511857708<x230>[B] (+1) -0.511857708<x231>[B] (+1) -0.511857708<x232>[B] (+1) +0.511857708<x233>[B] (+1) +0.511857708<x234>[B] (+0) -0.511857708<x235>[B] (+1) +0.511857708<x236>[B] (+1) -0.511857708<x237>[B] (+1) -0.511857708<x238>[B] (+1) +0.511857708<x239>[B] (+0) -0.511857708<x240>[B] (+1) -0.511857708<x241>[B] (+1) -0.511857708<x242>[B] (+1) -0.511857708<x243>[B] (+1) -0.511857708<x244>[B] (+1) -0.511857708<x245>[B] (+1) -0.511857708<x246>[B] (+1) -0.511857708<x247>[B] (+1) +0.511857708<x248>[B] (+0) -0.511857708<x249>[B] (+0) +0.511857708<x250>[B] (+1) -0.511857708<x251>[B] (+0) -0.511857708<x252>[B] (+1) +0.511857708<x253>[B] (+1) >= 42.6126482213439;
;
violation: left hand side is violated by 33.399209486166
  [linear] <c3543>: <x254>[C] (+0) +0.511857708<x1>[B] (+1) +0.511857708<x2>[B] (+1) -0.511857708<x3>[B] (+1) +0.511857708<x4>[B] (+1) -0.511857708<x5>[B] (+0) +0.511857708<x6>[B] (+1) +0.511857708<x7>[B] (+1) +0.511857708<x8>[B] (+1) +0.511857708<x9>[B] (+1) +0.511857708<x10>[B] (+0) +0.511857708<x11>[B] (+1) +0.511857708<x12>[B] (+0) +0.511857708<x13>[B] (+1) +0.511857708<x14>[B] (+1) +0.511857708<x15>[B] (+1) +0.511857708<x16>[B] (+1) +0.511857708<x17>[B] (+1) +0.511857708<x18>[B] (+0) +0.511857708<x19>[B] (+1) +0.511857708<x20>[B] (+1) +0.511857708<x21>[B] (+1) +0.511857708<x22>[B] (+1) -0.511857708<x23>[B] (+0) -0.511857708<x24>[B] (+0) +0.511857708<x25>[B] (+0) -0.511857708<x26>[B] (+0) -0.511857708<x27>[B] (+0) -0.511857708<x28>[B] (+1) +0.511857708<x29>[B] (+0) -0.511857708<x30>[B] (+0) -0.511857708<x31>[B] (+0) -0.511857708<x32>[B] (+0) -0.511857708<x33>[B] (+0) -0.511857708<x34>[B] (+0) -0.511857708<x35>[B] (+0) -0.511857708<x36>[B] (+0) -0.511857708<x37>[B] (+0) -0.511857708<x38>[B] (+0) -0.511857708<x39>[B] (+0) -0.511857708<x40>[B] (+1) -0.511857708<x41>[B] (+0) -0.511857708<x42>[B] (+0) -0.511857708<x43>[B] (+1) -0.511857708<x44>[B] (+1) +0.511857708<x45>[B] (+1) -0.511857708<x46>[B] (+0) +0.511857708<x47>[B] (+1) +0.511857708<x48>[B] (+1) +0.511857708<x49>[B] (+1) -0.511857708<x50>[B] (+1) +0.511857708<x51>[B] (+0) -0.511857708<x52>[B] (+1) -0.511857708<x53>[B] (+0) -0.511857708<x54>[B] (+1) +0.511857708<x55>[B] (+1) +0.511857708<x56>[B] (+1) +0.511857708<x57>[B] (+1) +0.511857708<x58>[B] (+1) +0.511857708<x59>[B] (+0) +0.511857708<x60>[B] (+1) +0.511857708<x61>[B] (+1) +0.511857708<x62>[B] (+1) +0.511857708<x63>[B] (+1) +0.511857708<x64>[B] (+1) +0.511857708<x65>[B] (+0) +0.511857708<x66>[B] (+1) +0.511857708<x67>[B] (+1) +0.511857708<x68>[B] (+0) +0.511857708<x69>[B] (+1) +0.511857708<x70>[B] (+0) +0.511857708<x71>[B] (+1) +0.511857708<x72>[B] (+0) +0.511857708<x73>[B] (+1) +0.511857708<x74>[B] (+1) +0.511857708<x75>[B] (+0) +0.511857708<x76>[B] (+1) +0.511857708<x77>[B] (+1) +0.511857708<x78>[B] (+0) +0.511857708<x79>[B] (+1) +0.511857708<x80>[B] (+0) +0.511857708<x81>[B] (+1) +0.511857708<x82>[B] (+1) -0.511857708<x83>[B] (+0) -0.511857708<x84>[B] (+1) -0.511857708<x85>[B] (+1) +0.511857708<x86>[B] (+0) -0.511857708<x87>[B] (+1) -0.511857708<x88>[B] (+0) -0.511857708<x89>[B] (+1) -0.511857708<x90>[B] (+0) -0.511857708<x91>[B] (+1) -0.511857708<x92>[B] (+0) -0.511857708<x93>[B] (+0) -0.511857708<x94>[B] (+0) -0.511857708<x95>[B] (+0) -0.511857708<x96>[B] (+0) -0.511857708<x97>[B] (+1) -0.511857708<x98>[B] (+0) -0.511857708<x99>[B] (+1) -0.511857708<x100>[B] (+1) +0.511857708<x101>[B] (+1) +0.511857708<x102>[B] (+1) +0.511857708<x103>[B] (+1) +0.511857708<x104>[B] (+1) +0.511857708<x105>[B] (+0) +0.511857708<x106>[B] (+1) +0.511857708<x107>[B] (+1) +0.511857708<x108>[B] (+1) +0.511857708<x109>[B] (+1) +0.511857708<x110>[B] (+1) +0.511857708<x111>[B] (+1) +0.511857708<x112>[B] (+1) +0.511857708<x113>[B] (+0) +0.511857708<x114>[B] (+1) +0.511857708<x115>[B] (+1) +0.511857708<x116>[B] (+1) +0.511857708<x117>[B] (+1) +0.511857708<x118>[B] (+1) +0.511857708<x119>[B] (+0) -0.511857708<x120>[B] (+0) +0.511857708<x121>[B] (+0) -0.511857708<x122>[B] (+1) -0.511857708<x123>[B] (+0) -0.511857708<x124>[B] (+0) +0.511857708<x125>[B] (+0) +0.511857708<x126>[B] (+0) +0.511857708<x127>[B] (+0) +0.511857708<x128>[B] (+0) +0.511857708<x129>[B] (+0) -0.511857708<x130>[B] (+1) +0.511857708<x131>[B] (+0) -0.511857708<x132>[B] (+1) -0.511857708<x133>[B] (+1) +0.511857708<x134>[B] (+0) -0.511857708<x135>[B] (+0) -0.511857708<x136>[B] (+0) -0.511857708<x137>[B] (+0) -0.511857708<x138>[B] (+0) -0.511857708<x139>[B] (+0) +0.511857708<x140>[B] (+0) +0.511857708<x141>[B] (+0) -0.511857708<x142>[B] (+0) +0.511857708<x143>[B] (+0) +0.511857708<x144>[B] (+0) -0.511857708<x145>[B] (+0) +0.511857708<x146>[B] (+0) -0.511857708<x147>[B] (+0) -0.511857708<x148>[B] (+1) -0.511857708<x149>[B] (+1) -0.511857708<x150>[B] (+0) -0.511857708<x151>[B] (+1) -0.511857708<x152>[B] (+0) -0.511857708<x153>[B] (+1) -0.511857708<x154>[B] (+1) -0.511857708<x155>[B] (+1) -0.511857708<x156>[B] (+1) -0.511857708<x157>[B] (+1) -0.511857708<x158>[B] (+0) -0.511857708<x159>[B] (+1) -0.511857708<x160>[B] (+0) -0.511857708<x161>[B] (+1) -0.511857708<x162>[B] (+1) +0.511857708<x163>[B] (+0) +0.511857708<x164>[B] (+1) +0.511857708<x165>[B] (+0) +0.511857708<x166>[B] (+0) +0.511857708<x167>[B] (+0) +0.511857708<x168>[B] (+0) +0.511857708<x169>[B] (+0) +0.511857708<x170>[B] (+0) +0.511857708<x171>[B] (+0) +0.511857708<x172>[B] (+1) +0.511857708<x173>[B] (+0) +0.511857708<x174>[B] (+1) +0.511857708<x175>[B] (+1) -0.511857708<x176>[B] (+1) -0.511857708<x177>[B] (+1) -0.511857708<x178>[B] (+1) +0.511857708<x179>[B] (+1) +0.511857708<x180>[B] (+1) +0.511857708<x181>[B] (+1) +0.511857708<x182>[B] (+1) +0.511857708<x183>[B] (+1) -0.511857708<x184>[B] (+1) +0.511857708<x185>[B] (+1) -0.511857708<x186>[B] (+1) -0.511857708<x187>[B] (+1) +0.511857708<x188>[B] (+0) +0.511857708<x189>[B] (+0) +0.511857708<x190>[B] (+0) +0.511857708<x191>[B] (+0) +0.511857708<x192>[B] (+0) +0.511857708<x193>[B] (+0) +0.511857708<x194>[B] (+0) +0.511857708<x195>[B] (+1) +0.511857708<x196>[B] (+0) +0.511857708<x197>[B] (+0) +0.511857708<x198>[B] (+1) -0.511857708<x199>[B] (+1) +0.511857708<x200>[B] (+1) +0.511857708<x201>[B] (+1) +0.511857708<x202>[B] (+1) +0.511857708<x203>[B] (+1) +0.511857708<x204>[B] (+0) +0.511857708<x205>[B] (+1) +0.511857708<x206>[B] (+1) +0.511857708<x207>[B] (+1) +0.511857708<x208>[B] (+1) +0.511857708<x209>[B] (+0) +0.511857708<x210>[B] (+0) +0.511857708<x211>[B] (+0) +0.511857708<x212>[B] (+0) +0.511857708<x213>[B] (+0) +0.511857708<x214>[B] (+1) +0.511857708<x215>[B] (+0) +0.511857708<x216>[B] (+1) +0.511857708<x217>[B] (+1) +0.511857708<x218>[B] (+0) -0.511857708<x219>[B] (+0) +0.511857708<x220>[B] (+0) +0.511857708<x221>[B] (+0) -0.511857708<x222>[B] (+1) +0.511857708<x223>[B] (+0) -0.511857708<x224>[B] (+1) -0.511857708<x225>[B] (+1) -0.511857708<x226>[B] (+1) -0.511857708<x227>[B] (+1) +0.511857708<x228>[B] (+0) -0.511857708<x229>[B] (+1) -0.511857708<x230>[B] (+0) -0.511857708<x231>[B] (+1) -0.511857708<x232>[B] (+1) +0.511857708<x233>[B] (+1) +0.511857708<x234>[B] (+0) -0.511857708<x235>[B] (+1) +0.511857708<x236>[B] (+0) -0.511857708<x237>[B] (+1) -0.511857708<x238>[B] (+1) +0.511857708<x239>[B] (+0) -0.511857708<x240>[B] (+1) -0.511857708<x241>[B] (+0) -0.511857708<x242>[B] (+1) -0.511857708<x243>[B] (+1) -0.511857708<x244>[B] (+1) -0.511857708<x245>[B] (+1) -0.511857708<x246>[B] (+1) -0.511857708<x247>[B] (+1) +0.511857708<x248>[B] (+0) -0.511857708<x249>[B] (+0) +0.511857708<x250>[B] (+1) -0.511857708<x251>[B] (+1) -0.511857708<x252>[B] (+1) +0.511857708<x253>[B] (+1) >= 42.6126482213439;
;
violation: left hand side is violated by 29.8162055335968
  [linear] <c3543>: <x254>[C] (+0) +0.511857708<x1>[B] (+1) +0.511857708<x2>[B] (+1) -0.511857708<x3>[B] (+1) +0.511857708<x4>[B] (+1) -0.511857708<x5>[B] (+0) +0.511857708<x6>[B] (+1) +0.511857708<x7>[B] (+1) +0.511857708<x8>[B] (+1) +0.511857708<x9>[B] (+1) +0.511857708<x10>[B] (+1) +0.511857708<x11>[B] (+1) +0.511857708<x12>[B] (+1) +0.511857708<x13>[B] (+1) +0.511857708<x14>[B] (+1) +0.511857708<x15>[B] (+1) +0.511857708<x16>[B] (+1) +0.511857708<x17>[B] (+1) +0.511857708<x18>[B] (+1) +0.511857708<x19>[B] (+1) +0.511857708<x20>[B] (+1) +0.511857708<x21>[B] (+1) +0.511857708<x22>[B] (+1) -0.511857708<x23>[B] (+0) -0.511857708<x24>[B] (+0) +0.511857708<x25>[B] (+0) -0.511857708<x26>[B] (+0) -0.511857708<x27>[B] (+0) -0.511857708<x28>[B] (+0) +0.511857708<x29>[B] (+0) -0.511857708<x30>[B] (+0) -0.511857708<x31>[B] (+0) -0.511857708<x32>[B] (+0) -0.511857708<x33>[B] (+0) -0.511857708<x34>[B] (+0) -0.511857708<x35>[B] (+0) -0.511857708<x36>[B] (+0) -0.511857708<x37>[B] (+0) -0.511857708<x38>[B] (+0) -0.511857708<x39>[B] (+0) -0.511857708<x40>[B] (+0) -0.511857708<x41>[B] (+0) -0.511857708<x42>[B] (+0) -0.511857708<x43>[B] (+1) -0.511857708<x44>[B] (+1) +0.511857708<x45>[B] (+1) -0.511857708<x46>[B] (+0) +0.511857708<x47>[B] (+1) +0.511857708<x48>[B] (+1) +0.511857708<x49>[B] (+1) -0.511857708<x50>[B] (+1) +0.511857708<x51>[B] (+1) -0.511857708<x52>[B] (+1) -0.511857708<x53>[B] (+0) -0.511857708<x54>[B] (+1) +0.511857708<x55>[B] (+1) +0.511857708<x56>[B] (+1) +0.511857708<x57>[B] (+1) +0.511857708<x58>[B] (+1) +0.511857708<x59>[B] (+0) +0.511857708<x60>[B] (+1) +0.511857708<x61>[B] (+0) +0.511857708<x62>[B] (+1) +0.511857708<x63>[B] (+1) +0.511857708<x64>[B] (+1) +0.511857708<x65>[B] (+0) +0.511857708<x66>[B] (+1) +0.511857708<x67>[B] (+1) +0.511857708<x68>[B] (+1) +0.511857708<x69>[B] (+1) +0.511857708<x70>[B] (+1) +0.511857708<x71>[B] (+1) +0.511857708<x72>[B] (+0) +0.511857708<x73>[B] (+1) +0.511857708<x74>[B] (+1) +0.511857708<x75>[B] (+1) +0.511857708<x76>[B] (+1) +0.511857708<x77>[B] (+1) +0.511857708<x78>[B] (+0) +0.511857708<x79>[B] (+1) +0.511857708<x80>[B] (+0) +0.511857708<x81>[B] (+1) +0.511857708<x82>[B] (+1) -0.511857708<x83>[B] (+0) -0.511857708<x84>[B] (+1) -0.511857708<x85>[B] (+1) +0.511857708<x86>[B] (+0) -0.511857708<x87>[B] (+1) -0.511857708<x88>[B] (+0) -0.511857708<x89>[B] (+1) -0.511857708<x90>[B] (+0) -0.511857708<x91>[B] (+1) -0.511857708<x92>[B] (+1) -0.511857708<x93>[B] (+1) -0.511857708<x94>[B] (+1) -0.511857708<x95>[B] (+1) -0.511857708<x96>[B] (+0) -0.511857708<x97>[B] (+1) -0.511857708<x98>[B] (+0) -0.511857708<x99>[B] (+1) -0.511857708<x100>[B] (+1) +0.511857708<x101>[B] (+1) +0.511857708<x102>[B] (+1) +0.511857708<x103>[B] (+1) +0.511857708<x104>[B] (+1) +0.511857708<x105>[B] (+1) +0.511857708<x106>[B] (+1) +0.511857708<x107>[B] (+1) +0.511857708<x108>[B] (+1) +0.511857708<x109>[B] (+1) +0.511857708<x110>[B] (+1) +0.511857708<x111>[B] (+1) +0.511857708<x112>[B] (+1) +0.511857708<x113>[B] (+1) +0.511857708<x114>[B] (+1) +0.511857708<x115>[B] (+1) +0.511857708<x116>[B] (+1) +0.511857708<x117>[B] (+1) +0.511857708<x118>[B] (+1) +0.511857708<x119>[B] (+0) -0.511857708<x120>[B] (+1) +0.511857708<x121>[B] (+0) -0.511857708<x122>[B] (+1) -0.511857708<x123>[B] (+0) -0.511857708<x124>[B] (+1) +0.511857708<x125>[B] (+1) +0.511857708<x126>[B] (+1) +0.511857708<x127>[B] (+1) +0.511857708<x128>[B] (+1) +0.511857708<x129>[B] (+0) -0.511857708<x130>[B] (+1) +0.511857708<x131>[B] (+0) -0.511857708<x132>[B] (+1) -0.511857708<x133>[B] (+1) +0.511857708<x134>[B] (+0) -0.511857708<x135>[B] (+1) -0.511857708<x136>[B] (+0) -0.511857708<x137>[B] (+1) -0.511857708<x138>[B] (+0) -0.511857708<x139>[B] (+0) +0.511857708<x140>[B] (+0) +0.511857708<x141>[B] (+1) -0.511857708<x142>[B] (+0) +0.511857708<x143>[B] (+0) +0.511857708<x144>[B] (+0) -0.511857708<x145>[B] (+1) +0.511857708<x146>[B] (+0) -0.511857708<x147>[B] (+1) -0.511857708<x148>[B] (+1) -0.511857708<x149>[B] (+1) -0.511857708<x150>[B] (+1) -0.511857708<x151>[B] (+1) -0.511857708<x152>[B] (+0) -0.511857708<x153>[B] (+1) -0.511857708<x154>[B] (+1) -0.511857708<x155>[B] (+1) -0.511857708<x156>[B] (+1) -0.511857708<x157>[B] (+1) -0.511857708<x158>[B] (+0) -0.511857708<x159>[B] (+1) -0.511857708<x160>[B] (+0) -0.511857708<x161>[B] (+1) -0.511857708<x162>[B] (+1) +0.511857708<x163>[B] (+0) +0.511857708<x164>[B] (+1) +0.511857708<x165>[B] (+0) +0.511857708<x166>[B] (+0) +0.511857708<x167>[B] (+0) +0.511857708<x168>[B] (+1) +0.511857708<x169>[B] (+0) +0.511857708<x170>[B] (+0) +0.511857708<x171>[B] (+0) +0.511857708<x172>[B] (+1) +0.511857708<x173>[B] (+0) +0.511857708<x174>[B] (+1) +0.511857708<x175>[B] (+1) -0.511857708<x176>[B] (+1) -0.511857708<x177>[B] (+0) -0.511857708<x178>[B] (+1) +0.511857708<x179>[B] (+1) +0.511857708<x180>[B] (+1) +0.511857708<x181>[B] (+1) +0.511857708<x182>[B] (+1) +0.511857708<x183>[B] (+0) -0.511857708<x184>[B] (+1) +0.511857708<x185>[B] (+0) -0.511857708<x186>[B] (+1) -0.511857708<x187>[B] (+1) +0.511857708<x188>[B] (+0) +0.511857708<x189>[B] (+0) +0.511857708<x190>[B] (+0) +0.511857708<x191>[B] (+0) +0.511857708<x192>[B] (+0) +0.511857708<x193>[B] (+0) +0.511857708<x194>[B] (+0) +0.511857708<x195>[B] (+0) +0.511857708<x196>[B] (+0) +0.511857708<x197>[B] (+0) +0.511857708<x198>[B] (+1) -0.511857708<x199>[B] (+1) +0.511857708<x200>[B] (+1) +0.511857708<x201>[B] (+1) +0.511857708<x202>[B] (+1) +0.511857708<x203>[B] (+1) +0.511857708<x204>[B] (+1) +0.511857708<x205>[B] (+1) +0.511857708<x206>[B] (+1) +0.511857708<x207>[B] (+1) +0.511857708<x208>[B] (+1) +0.511857708<x209>[B] (+0) +0.511857708<x210>[B] (+1) +0.511857708<x211>[B] (+0) +0.511857708<x212>[B] (+1) +0.511857708<x213>[B] (+0) +0.511857708<x214>[B] (+1) +0.511857708<x215>[B] (+0) +0.511857708<x216>[B] (+1) +0.511857708<x217>[B] (+1) +0.511857708<x218>[B] (+1) -0.511857708<x219>[B] (+0) +0.511857708<x220>[B] (+1) +0.511857708<x221>[B] (+0) -0.511857708<x222>[B] (+1) +0.511857708<x223>[B] (+0) -0.511857708<x224>[B] (+1) -0.511857708<x225>[B] (+1) -0.511857708<x226>[B] (+0) -0.511857708<x227>[B] (+0) +0.511857708<x228>[B] (+0) -0.511857708<x229>[B] (+1) -0.511857708<x230>[B] (+0) -0.511857708<x231>[B] (+0) -0.511857708<x232>[B] (+1) +0.511857708<x233>[B] (+1) +0.511857708<x234>[B] (+0) -0.511857708<x235>[B] (+1) +0.511857708<x236>[B] (+0) -0.511857708<x237>[B] (+1) -0.511857708<x238>[B] (+1) +0.511857708<x239>[B] (+0) -0.511857708<x240>[B] (+1) -0.511857708<x241>[B] (+0) -0.511857708<x242>[B] (+1) -0.511857708<x243>[B] (+1) -0.511857708<x244>[B] (+1) -0.511857708<x245>[B] (+1) -0.511857708<x246>[B] (+1) -0.511857708<x247>[B] (+1) +0.511857708<x248>[B] (+0) -0.511857708<x249>[B] (+0) +0.511857708<x250>[B] (+1) -0.511857708<x251>[B] (+1) -0.511857708<x252>[B] (+1) +0.511857708<x253>[B] (+1) >= 42.6126482213439;
;
violation: left hand side is violated by 24.1857707509881
  [linear] <c3543>: <x254>[C] (+0) +0.511857708<x1>[B] (+0) +0.511857708<x2>[B] (+0) -0.511857708<x3>[B] (+0) +0.511857708<x4>[B] (+0) -0.511857708<x5>[B] (+0) +0.511857708<x6>[B] (+0) +0.511857708<x7>[B] (+0) +0.511857708<x8>[B] (+0) +0.511857708<x9>[B] (+0) +0.511857708<x10>[B] (+0) +0.511857708<x11>[B] (+0) +0.511857708<x12>[B] (+0) +0.511857708<x13>[B] (+0) +0.511857708<x14>[B] (+0) +0.511857708<x15>[B] (+0) +0.511857708<x16>[B] (+0) +0.511857708<x17>[B] (+0) +0.511857708<x18>[B] (+0) +0.511857708<x19>[B] (+0) +0.511857708<x20>[B] (+0) +0.511857708<x21>[B] (+0) +0.511857708<x22>[B] (+0) -0.511857708<x23>[B] (+0) -0.511857708<x24>[B] (+0) +0.511857708<x25>[B] (+0) -0.511857708<x26>[B] (+0) -0.511857708<x27>[B] (+0) -0.511857708<x28>[B] (+0) +0.511857708<x29>[B] (+0) -0.511857708<x30>[B] (+0) -0.511857708<x31>[B] (+0) -0.511857708<x32>[B] (+0) -0.511857708<x33>[B] (+0) -0.511857708<x34>[B] (+0) -0.511857708<x35>[B] (+0) -0.511857708<x36>[B] (+0) -0.511857708<x37>[B] (+0) -0.511857708<x38>[B] (+0) -0.511857708<x39>[B] (+0) -0.511857708<x40>[B] (+0) -0.511857708<x41>[B] (+0) -0.511857708<x42>[B] (+0) -0.511857708<x43>[B] (+0) -0.511857708<x44>[B] (+0) +0.511857708<x45>[B] (+0) -0.511857708<x46>[B] (+0) +0.511857708<x47>[B] (+0) +0.511857708<x48>[B] (+0) +0.511857708<x49>[B] (+0) -0.511857708<x50>[B] (+0) +0.511857708<x51>[B] (+0) -0.511857708<x52>[B] (+0) -0.511857708<x53>[B] (+0) -0.511857708<x54>[B] (+0) +0.511857708<x55>[B] (+0) +0.511857708<x56>[B] (+0) +0.511857708<x57>[B] (+0) +0.511857708<x58>[B] (+0) +0.511857708<x59>[B] (+0) +0.511857708<x60>[B] (+0) +0.511857708<x61>[B] (+0) +0.511857708<x62>[B] (+0) +0.511857708<x63>[B] (+0) +0.511857708<x64>[B] (+0) +0.511857708<x65>[B] (+0) +0.511857708<x66>[B] (+0) +0.511857708<x67>[B] (+0) +0.511857708<x68>[B] (+0) +0.511857708<x69>[B] (+0) +0.511857708<x70>[B] (+0) +0.511857708<x71>[B] (+0) +0.511857708<x72>[B] (+0) +0.511857708<x73>[B] (+0) +0.511857708<x74>[B] (+0) +0.511857708<x75>[B] (+0) +0.511857708<x76>[B] (+0) +0.511857708<x77>[B] (+0) +0.511857708<x78>[B] (+0) +0.511857708<x79>[B] (+0) +0.511857708<x80>[B] (+0) +0.511857708<x81>[B] (+0) +0.511857708<x82>[B] (+0) -0.511857708<x83>[B] (+0) -0.511857708<x84>[B] (+0) -0.511857708<x85>[B] (+0) +0.511857708<x86>[B] (+0) -0.511857708<x87>[B] (+0) -0.511857708<x88>[B] (+0) -0.511857708<x89>[B] (+0) -0.511857708<x90>[B] (+0) -0.511857708<x91>[B] (+0) -0.511857708<x92>[B] (+0) -0.511857708<x93>[B] (+0) -0.511857708<x94>[B] (+0) -0.511857708<x95>[B] (+0) -0.511857708<x96>[B] (+0) -0.511857708<x97>[B] (+0) -0.511857708<x98>[B] (+0) -0.511857708<x99>[B] (+0) -0.511857708<x100>[B] (+0) +0.511857708<x101>[B] (+0) +0.511857708<x102>[B] (+0) +0.511857708<x103>[B] (+0) +0.511857708<x104>[B] (+0) +0.511857708<x105>[B] (+0) +0.511857708<x106>[B] (+0) +0.511857708<x107>[B] (+0) +0.511857708<x108>[B] (+0) +0.511857708<x109>[B] (+0) +0.511857708<x110>[B] (+0) +0.511857708<x111>[B] (+0) +0.511857708<x112>[B] (+0) +0.511857708<x113>[B] (+0) +0.511857708<x114>[B] (+0) +0.511857708<x115>[B] (+0) +0.511857708<x116>[B] (+0) +0.511857708<x117>[B] (+0) +0.511857708<x118>[B] (+0) +0.511857708<x119>[B] (+0) -0.511857708<x120>[B] (+0) +0.511857708<x121>[B] (+0) -0.511857708<x122>[B] (+0) -0.511857708<x123>[B] (+0) -0.511857708<x124>[B] (+0) +0.511857708<x125>[B] (+0) +0.511857708<x126>[B] (+0) +0.511857708<x127>[B] (+0) +0.511857708<x128>[B] (+0) +0.511857708<x129>[B] (+0) -0.511857708<x130>[B] (+0) +0.511857708<x131>[B] (+0) -0.511857708<x132>[B] (+0) -0.511857708<x133>[B] (+0) +0.511857708<x134>[B] (+0) -0.511857708<x135>[B] (+0) -0.511857708<x136>[B] (+0) -0.511857708<x137>[B] (+0) -0.511857708<x138>[B] (+0) -0.511857708<x139>[B] (+0) +0.511857708<x140>[B] (+0) +0.511857708<x141>[B] (+0) -0.511857708<x142>[B] (+0) +0.511857708<x143>[B] (+0) +0.511857708<x144>[B] (+0) -0.511857708<x145>[B] (+0) +0.511857708<x146>[B] (+0) -0.511857708<x147>[B] (+0) -0.511857708<x148>[B] (+0) -0.511857708<x149>[B] (+0) -0.511857708<x150>[B] (+0) -0.511857708<x151>[B] (+0) -0.511857708<x152>[B] (+0) -0.511857708<x153>[B] (+0) -0.511857708<x154>[B] (+0) -0.511857708<x155>[B] (+0) -0.511857708<x156>[B] (+0) -0.511857708<x157>[B] (+0) -0.511857708<x158>[B] (+0) -0.511857708<x159>[B] (+0) -0.511857708<x160>[B] (+0) -0.511857708<x161>[B] (+0) -0.511857708<x162>[B] (+0) +0.511857708<x163>[B] (+0) +0.511857708<x164>[B] (+0) +0.511857708<x165>[B] (+0) +0.511857708<x166>[B] (+0) +0.511857708<x167>[B] (+0) +0.511857708<x168>[B] (+0) +0.511857708<x169>[B] (+0) +0.511857708<x170>[B] (+0) +0.511857708<x171>[B] (+0) +0.511857708<x172>[B] (+0) +0.511857708<x173>[B] (+0) +0.511857708<x174>[B] (+0) +0.511857708<x175>[B] (+0) -0.511857708<x176>[B] (+0) -0.511857708<x177>[B] (+0) -0.511857708<x178>[B] (+0) +0.511857708<x179>[B] (+0) +0.511857708<x180>[B] (+0) +0.511857708<x181>[B] (+0) +0.511857708<x182>[B] (+0) +0.511857708<x183>[B] (+0) -0.511857708<x184>[B] (+0) +0.511857708<x185>[B] (+0) -0.511857708<x186>[B] (+0) -0.511857708<x187>[B] (+0) +0.511857708<x188>[B] (+0) +0.511857708<x189>[B] (+0) +0.511857708<x190>[B] (+0) +0.511857708<x191>[B] (+0) +0.511857708<x192>[B] (+0) +0.511857708<x193>[B] (+0) +0.511857708<x194>[B] (+0) +0.511857708<x195>[B] (+0) +0.511857708<x196>[B] (+0) +0.511857708<x197>[B] (+0) +0.511857708<x198>[B] (+0) -0.511857708<x199>[B] (+0) +0.511857708<x200>[B] (+0) +0.511857708<x201>[B] (+0) +0.511857708<x202>[B] (+0) +0.511857708<x203>[B] (+0) +0.511857708<x204>[B] (+0) +0.511857708<x205>[B] (+0) +0.511857708<x206>[B] (+0) +0.511857708<x207>[B] (+0) +0.511857708<x208>[B] (+0) +0.511857708<x209>[B] (+0) +0.511857708<x210>[B] (+0) +0.511857708<x211>[B] (+0) +0.511857708<x212>[B] (+0) +0.511857708<x213>[B] (+0) +0.511857708<x214>[B] (+0) +0.511857708<x215>[B] (+0) +0.511857708<x216>[B] (+0) +0.511857708<x217>[B] (+0) +0.511857708<x218>[B] (+0) -0.511857708<x219>[B] (+0) +0.511857708<x220>[B] (+0) +0.511857708<x221>[B] (+0) -0.511857708<x222>[B] (+0) +0.511857708<x223>[B] (+0) -0.511857708<x224>[B] (+0) -0.511857708<x225>[B] (+0) -0.511857708<x226>[B] (+0) -0.511857708<x227>[B] (+0) +0.511857708<x228>[B] (+0) -0.511857708<x229>[B] (+0) -0.511857708<x230>[B] (+0) -0.511857708<x231>[B] (+0) -0.511857708<x232>[B] (+0) +0.511857708<x233>[B] (+0) +0.511857708<x234>[B] (+0) -0.511857708<x235>[B] (+0) +0.511857708<x236>[B] (+0) -0.511857708<x237>[B] (+0) -0.511857708<x238>[B] (+0) +0.511857708<x239>[B] (+0) -0.511857708<x240>[B] (+0) -0.511857708<x241>[B] (+0) -0.511857708<x242>[B] (+0) -0.511857708<x243>[B] (+0) -0.511857708<x244>[B] (+0) -0.511857708<x245>[B] (+0) -0.511857708<x246>[B] (+0) -0.511857708<x247>[B] (+0) +0.511857708<x248>[B] (+0) -0.511857708<x249>[B] (+0) +0.511857708<x250>[B] (+0) -0.511857708<x251>[B] (+0) -0.511857708<x252>[B] (+0) +0.511857708<x253>[B] (+0) >= 42.6126482213439;
;
violation: left hand side is violated by 42.6126482213439
  [linear] <c3543>: <x254>[C] (+0) +0.511857708<x1>[B] (+1) +0.511857708<x2>[B] (+1) -0.511857708<x3>[B] (+1) +0.511857708<x4>[B] (+1) -0.511857708<x5>[B] (+1) +0.511857708<x6>[B] (+1) +0.511857708<x7>[B] (+1) +0.511857708<x8>[B] (+1) +0.511857708<x9>[B] (+1) +0.511857708<x10>[B] (+1) +0.511857708<x11>[B] (+1) +0.511857708<x12>[B] (+1) +0.511857708<x13>[B] (+1) +0.511857708<x14>[B] (+1) +0.511857708<x15>[B] (+1) +0.511857708<x16>[B] (+1) +0.511857708<x17>[B] (+1) +0.511857708<x18>[B] (+1) +0.511857708<x19>[B] (+1) +0.511857708<x20>[B] (+1) +0.511857708<x21>[B] (+1) +0.511857708<x22>[B] (+1) -0.511857708<x23>[B] (+1) -0.511857708<x24>[B] (+1) +0.511857708<x25>[B] (+1) -0.511857708<x26>[B] (+1) -0.511857708<x27>[B] (+1) -0.511857708<x28>[B] (+1) +0.511857708<x29>[B] (+1) -0.511857708<x30>[B] (+1) -0.511857708<x31>[B] (+1) -0.511857708<x32>[B] (+1) -0.511857708<x33>[B] (+1) -0.511857708<x34>[B] (+1) -0.511857708<x35>[B] (+1) -0.511857708<x36>[B] (+1) -0.511857708<x37>[B] (+1) -0.511857708<x38>[B] (+1) -0.511857708<x39>[B] (+1) -0.511857708<x40>[B] (+1) -0.511857708<x41>[B] (+1) -0.511857708<x42>[B] (+1) -0.511857708<x43>[B] (+1) -0.511857708<x44>[B] (+1) +0.511857708<x45>[B] (+1) -0.511857708<x46>[B] (+1) +0.511857708<x47>[B] (+1) +0.511857708<x48>[B] (+1) +0.511857708<x49>[B] (+1) -0.511857708<x50>[B] (+1) +0.511857708<x51>[B] (+1) -0.511857708<x52>[B] (+1) -0.511857708<x53>[B] (+1) -0.511857708<x54>[B] (+1) +0.511857708<x55>[B] (+1) +0.511857708<x56>[B] (+1) +0.511857708<x57>[B] (+1) +0.511857708<x58>[B] (+1) +0.511857708<x59>[B] (+1) +0.511857708<x60>[B] (+1) +0.511857708<x61>[B] (+1) +0.511857708<x62>[B] (+1) +0.511857708<x63>[B] (+1) +0.511857708<x64>[B] (+1) +0.511857708<x65>[B] (+1) +0.511857708<x66>[B] (+1) +0.511857708<x67>[B] (+1) +0.511857708<x68>[B] (+1) +0.511857708<x69>[B] (+1) +0.511857708<x70>[B] (+1) +0.511857708<x71>[B] (+1) +0.511857708<x72>[B] (+1) +0.511857708<x73>[B] (+1) +0.511857708<x74>[B] (+1) +0.511857708<x75>[B] (+1) +0.511857708<x76>[B] (+1) +0.511857708<x77>[B] (+1) +0.511857708<x78>[B] (+1) +0.511857708<x79>[B] (+1) +0.511857708<x80>[B] (+1) +0.511857708<x81>[B] (+1) +0.511857708<x82>[B] (+1) -0.511857708<x83>[B] (+1) -0.511857708<x84>[B] (+1) -0.511857708<x85>[B] (+1) +0.511857708<x86>[B] (+1) -0.511857708<x87>[B] (+1) -0.511857708<x88>[B] (+1) -0.511857708<x89>[B] (+1) -0.511857708<x90>[B] (+1) -0.511857708<x91>[B] (+1) -0.511857708<x92>[B] (+1) -0.511857708<x93>[B] (+1) -0.511857708<x94>[B] (+1) -0.511857708<x95>[B] (+1) -0.511857708<x96>[B] (+1) -0.511857708<x97>[B] (+1) -0.511857708<x98>[B] (+1) -0.511857708<x99>[B] (+1) -0.511857708<x100>[B] (+1) +0.511857708<x101>[B] (+1) +0.511857708<x102>[B] (+1) +0.511857708<x103>[B] (+1) +0.511857708<x104>[B] (+1) +0.511857708<x105>[B] (+1) +0.511857708<x106>[B] (+1) +0.511857708<x107>[B] (+1) +0.511857708<x108>[B] (+1) +0.511857708<x109>[B] (+1) +0.511857708<x110>[B] (+1) +0.511857708<x111>[B] (+1) +0.511857708<x112>[B] (+1) +0.511857708<x113>[B] (+1) +0.511857708<x114>[B] (+1) +0.511857708<x115>[B] (+1) +0.511857708<x116>[B] (+1) +0.511857708<x117>[B] (+1) +0.511857708<x118>[B] (+1) +0.511857708<x119>[B] (+1) -0.511857708<x120>[B] (+1) +0.511857708<x121>[B] (+1) -0.511857708<x122>[B] (+1) -0.511857708<x123>[B] (+1) -0.511857708<x124>[B] (+1) +0.511857708<x125>[B] (+1) +0.511857708<x126>[B] (+1) +0.511857708<x127>[B] (+1) +0.511857708<x128>[B] (+1) +0.511857708<x129>[B] (+1) -0.511857708<x130>[B] (+1) +0.511857708<x131>[B] (+1) -0.511857708<x132>[B] (+1) -0.511857708<x133>[B] (+1) +0.511857708<x134>[B] (+1) -0.511857708<x135>[B] (+1) -0.511857708<x136>[B] (+1) -0.511857708<x137>[B] (+1) -0.511857708<x138>[B] (+1) -0.511857708<x139>[B] (+1) +0.511857708<x140>[B] (+1) +0.511857708<x141>[B] (+1) -0.511857708<x142>[B] (+1) +0.511857708<x143>[B] (+1) +0.511857708<x144>[B] (+1) -0.511857708<x145>[B] (+1) +0.511857708<x146>[B] (+1) -0.511857708<x147>[B] (+1) -0.511857708<x148>[B] (+1) -0.511857708<x149>[B] (+1) -0.511857708<x150>[B] (+1) -0.511857708<x151>[B] (+1) -0.511857708<x152>[B] (+1) -0.511857708<x153>[B] (+1) -0.511857708<x154>[B] (+1) -0.511857708<x155>[B] (+1) -0.511857708<x156>[B] (+1) -0.511857708<x157>[B] (+1) -0.511857708<x158>[B] (+1) -0.511857708<x159>[B] (+1) -0.511857708<x160>[B] (+1) -0.511857708<x161>[B] (+1) -0.511857708<x162>[B] (+1) +0.511857708<x163>[B] (+1) +0.511857708<x164>[B] (+1) +0.511857708<x165>[B] (+1) +0.511857708<x166>[B] (+1) +0.511857708<x167>[B] (+1) +0.511857708<x168>[B] (+1) +0.511857708<x169>[B] (+1) +0.511857708<x170>[B] (+1) +0.511857708<x171>[B] (+1) +0.511857708<x172>[B] (+1) +0.511857708<x173>[B] (+1) +0.511857708<x174>[B] (+1) +0.511857708<x175>[B] (+1) -0.511857708<x176>[B] (+1) -0.511857708<x177>[B] (+1) -0.511857708<x178>[B] (+1) +0.511857708<x179>[B] (+1) +0.511857708<x180>[B] (+1) +0.511857708<x181>[B] (+1) +0.511857708<x182>[B] (+1) +0.511857708<x183>[B] (+1) -0.511857708<x184>[B] (+1) +0.511857708<x185>[B] (+1) -0.511857708<x186>[B] (+1) -0.511857708<x187>[B] (+1) +0.511857708<x188>[B] (+1) +0.511857708<x189>[B] (+1) +0.511857708<x190>[B] (+1) +0.511857708<x191>[B] (+1) +0.511857708<x192>[B] (+1) +0.511857708<x193>[B] (+1) +0.511857708<x194>[B] (+1) +0.511857708<x195>[B] (+1) +0.511857708<x196>[B] (+1) +0.511857708<x197>[B] (+1) +0.511857708<x198>[B] (+1) -0.511857708<x199>[B] (+1) +0.511857708<x200>[B] (+1) +0.511857708<x201>[B] (+1) +0.511857708<x202>[B] (+1) +0.511857708<x203>[B] (+1) +0.511857708<x204>[B] (+1) +0.511857708<x205>[B] (+1) +0.511857708<x206>[B] (+1) +0.511857708<x207>[B] (+1) +0.511857708<x208>[B] (+1) +0.511857708<x209>[B] (+1) +0.511857708<x210>[B] (+1) +0.511857708<x211>[B] (+1) +0.511857708<x212>[B] (+1) +0.511857708<x213>[B] (+1) +0.511857708<x214>[B] (+1) +0.511857708<x215>[B] (+1) +0.511857708<x216>[B] (+1) +0.511857708<x217>[B] (+1) +0.511857708<x218>[B] (+1) -0.511857708<x219>[B] (+1) +0.511857708<x220>[B] (+1) +0.511857708<x221>[B] (+1) -0.511857708<x222>[B] (+1) +0.511857708<x223>[B] (+1) -0.511857708<x224>[B] (+1) -0.511857708<x225>[B] (+1) -0.511857708<x226>[B] (+1) -0.511857708<x227>[B] (+1) +0.511857708<x228>[B] (+1) -0.511857708<x229>[B] (+1) -0.511857708<x230>[B] (+1) -0.511857708<x231>[B] (+1) -0.511857708<x232>[B] (+1) +0.511857708<x233>[B] (+1) +0.511857708<x234>[B] (+1) -0.511857708<x235>[B] (+1) +0.511857708<x236>[B] (+1) -0.511857708<x237>[B] (+1) -0.511857708<x238>[B] (+1) +0.511857708<x239>[B] (+1) -0.511857708<x240>[B] (+1) -0.511857708<x241>[B] (+1) -0.511857708<x242>[B] (+1) -0.511857708<x243>[B] (+1) -0.511857708<x244>[B] (+1) -0.511857708<x245>[B] (+1) -0.511857708<x246>[B] (+1) -0.511857708<x247>[B] (+1) +0.511857708<x248>[B] (+1) -0.511857708<x249>[B] (+1) +0.511857708<x250>[B] (+1) -0.511857708<x251>[B] (+1) -0.511857708<x252>[B] (+1) +0.511857708<x253>[B] (+1) >= 42.6126482213439;
;
violation: left hand side is violated by 20.602766798419
1/6 feasible solution given by solution candidate storage, new primal bound -9.000130e+06

presolving:
   (0.0s) symmetry computation started: requiring (bin +, int +, cont +), (fixed: bin -, int -, cont -)
   (0.0s) no symmetry present (symcode time: 0.00)
presolving (0 rounds: 0 fast, 0 medium, 0 exhaustive):
 0 deleted vars, 0 deleted constraints, 0 added constraints, 0 tightened bounds, 0 added holes, 0 changed sides, 0 changed coefficients
 0 implications, 0 cliques, 0 implied integral variables (0 bin, 0 int, 0 cont)
presolved problem has 343 variables (253 bin, 0 int, 90 cont) and 3632 constraints
   3632 constraints of type <linear>
Presolving Time: 0.01
transformed 1/1 original solutions to the transformed problem space

 time | node  | left  |LP iter|LP it/n|mem/heur|mdpt |vars |cons |rows |cuts |sepa|confs|strbr|  dualbound   | primalbound  |  gap   | compl. 
p 0.0s|     1 |     0 |    53 |     - |   locks|   0 | 343 |3632 |3632 |   0 |  0 |   0 |   0 | 9.240000e+02 |-3.082506e+03 |    Inf | unknown
* 0.1s|     1 |     0 |   671 |     - |    LP  |   0 | 343 |3632 |3632 |   0 |  0 |   0 |   0 |-2.515968e+03 |-2.515968e+03 |   0.00%| unknown
  0.1s|     1 |     0 |   671 |     - |    23M |   0 | 343 |3632 |3632 |   0 |  0 |   0 |   0 |-2.515968e+03 |-2.515968e+03 |   0.00%| unknown

SCIP Status        : problem is solved [optimal solution found]
Solving Time (sec) : 0.09
Solving Nodes      : 1
Primal Bound       : -2.51596837944664e+03 (4 solutions)
Dual Bound         : -2.51596837944664e+03
Gap                : 0.00 %
  [linear] <c3633>: <x254>[C] (+36.9822134) +0.539525692<x1>[B] (+0) +0.539525692<x2>[B] (+0) -0.539525692<x3>[B] (+0) +0.539525692<x4>[B] (+1) -0.539525692<x5>[B] (+0) +0.539525692<x6>[B] (+0) +0.539525692<x7>[B] (+0) +0.539525692<x8>[B] (+0) +0.539525692<x9>[B] (+0) +0.539525692<x10>[B] (+0) +0.539525692<x11>[B] (+0) +0.539525692<x12>[B] (+0) +0.539525692<x13>[B] (+1) +0.539525692<x14>[B] (+0) +0.539525692<x15>[B] (+0) +0.539525692<x16>[B] (+0) +0.539525692<x17>[B] (+0) +0.539525692<x18>[B] (+0) +0.539525692<x19>[B] (+0) +0.539525692<x20>[B] (+0) +0.539525692<x21>[B] (+0) +0.539525692<x22>[B] (+0) -0.539525692<x23>[B] (+0) -0.539525692<x24>[B] (+1) +0.539525692<x25>[B] (+1) -0.539525692<x26>[B] (+0) -0.539525692<x27>[B] (+1) -0.539525692<x28>[B] (+1) +0.539525692<x29>[B] (+0) -0.539525692<x30>[B] (+1) -0.539525692<x31>[B] (+0) -0.539525692<x32>[B] (+0) -0.539525692<x33>[B] (+0) -0.539525692<x34>[B] (+1) -0.539525692<x35>[B] (+1) -0.539525692<x36>[B] (+0) -0.539525692<x37>[B] (+1) -0.539525692<x38>[B] (+0) -0.539525692<x39>[B] (+0) -0.539525692<x40>[B] (+1) -0.539525692<x41>[B] (+1) -0.539525692<x42>[B] (+0) -0.539525692<x43>[B] (+1) -0.539525692<x44>[B] (+1) +0.539525692<x45>[B] (+1) -0.539525692<x46>[B] (+0) +0.539525692<x47>[B] (+1) +0.539525692<x48>[B] (+1) +0.539525692<x49>[B] (+0) -0.539525692<x50>[B] (+1) +0.539525692<x51>[B] (+0) -0.539525692<x52>[B] (+0) -0.539525692<x53>[B] (+0) -0.539525692<x54>[B] (+1) +0.539525692<x55>[B] (+1) +0.539525692<x56>[B] (+0) +0.539525692<x57>[B] (+1) +0.539525692<x58>[B] (+0) +0.539525692<x59>[B] (+0) +0.539525692<x60>[B] (+1) +0.539525692<x61>[B] (+1) +0.539525692<x62>[B] (+0) +0.539525692<x63>[B] (+1) +0.539525692<x64>[B] (+1) +0.539525692<x65>[B] (+0) +0.539525692<x66>[B] (+1) +0.539525692<x67>[B] (+1) +0.539525692<x68>[B] (+0) +0.539525692<x69>[B] (+0) +0.539525692<x70>[B] (+0) +0.539525692<x71>[B] (+0) +0.539525692<x72>[B] (+0) +0.539525692<x73>[B] (+1) +0.539525692<x74>[B] (+0) +0.539525692<x75>[B] (+0) +0.539525692<x76>[B] (+1) +0.539525692<x77>[B] (+0) +0.539525692<x78>[B] (+0) +0.539525692<x79>[B] (+1) +0.539525692<x80>[B] (+1) +0.539525692<x81>[B] (+0) +0.539525692<x82>[B] (+1) -0.539525692<x83>[B] (+0) -0.539525692<x84>[B] (+0) -0.539525692<x85>[B] (+0) +0.539525692<x86>[B] (+0) -0.539525692<x87>[B] (+0) -0.539525692<x88>[B] (+0) -0.539525692<x89>[B] (+0) -0.539525692<x90>[B] (+0) -0.539525692<x91>[B] (+1) -0.539525692<x92>[B] (+0) -0.539525692<x93>[B] (+0) -0.539525692<x94>[B] (+0) -0.539525692<x95>[B] (+0) -0.539525692<x96>[B] (+0) -0.539525692<x97>[B] (+0) -0.539525692<x98>[B] (+0) -0.539525692<x99>[B] (+0) -0.539525692<x100>[B] (+0) +0.539525692<x101>[B] (+1) +0.539525692<x102>[B] (+1) +0.539525692<x103>[B] (+1) +0.539525692<x104>[B] (+1) +0.539525692<x105>[B] (+0) +0.539525692<x106>[B] (+0) +0.539525692<x107>[B] (+1) +0.539525692<x108>[B] (+1) +0.539525692<x109>[B] (+1) +0.539525692<x110>[B] (+0) +0.539525692<x111>[B] (+1) +0.539525692<x112>[B] (+0) +0.539525692<x113>[B] (+0) +0.539525692<x114>[B] (+1) +0.539525692<x115>[B] (+1) +0.539525692<x116>[B] (+0) +0.539525692<x117>[B] (+1) +0.539525692<x118>[B] (+1) +0.539525692<x119>[B] (+0) -0.539525692<x120>[B] (+0) +0.539525692<x121>[B] (+0) -0.539525692<x122>[B] (+0) -0.539525692<x123>[B] (+0) -0.539525692<x124>[B] (+1) +0.539525692<x125>[B] (+0) +0.539525692<x126>[B] (+0) +0.539525692<x127>[B] (+0) +0.539525692<x128>[B] (+0) +0.539525692<x129>[B] (+0) -0.539525692<x130>[B] (+1) +0.539525692<x131>[B] (+0) -0.539525692<x132>[B] (+0) -0.539525692<x133>[B] (+1) +0.539525692<x134>[B] (+0) -0.539525692<x135>[B] (+0) -0.539525692<x136>[B] (+0) -0.539525692<x137>[B] (+0) -0.539525692<x138>[B] (+0) -0.539525692<x139>[B] (+1) +0.539525692<x140>[B] (+0) +0.539525692<x141>[B] (+0) -0.539525692<x142>[B] (+0) +0.539525692<x143>[B] (+0) +0.539525692<x144>[B] (+0) -0.539525692<x145>[B] (+0) +0.539525692<x146>[B] (+0) -0.539525692<x147>[B] (+0) -0.539525692<x148>[B] (+1) -0.539525692<x149>[B] (+1) -0.539525692<x150>[B] (+0) -0.539525692<x151>[B] (+0) -0.539525692<x152>[B] (+0) -0.539525692<x153>[B] (+1) -0.539525692<x154>[B] (+1) -0.539525692<x155>[B] (+0) -0.539525692<x156>[B] (+1) -0.539525692<x157>[B] (+0) -0.539525692<x158>[B] (+0) -0.539525692<x159>[B] (+1) -0.539525692<x160>[B] (+1) -0.539525692<x161>[B] (+0) -0.539525692<x162>[B] (+1) +0.539525692<x163>[B] (+0) +0.539525692<x164>[B] (+0) +0.539525692<x165>[B] (+0) +0.539525692<x166>[B] (+1) +0.539525692<x167>[B] (+1) +0.539525692<x168>[B] (+0) +0.539525692<x169>[B] (+1) +0.539525692<x170>[B] (+0) +0.539525692<x171>[B] (+0) +0.539525692<x172>[B] (+1) +0.539525692<x173>[B] (+1) +0.539525692<x174>[B] (+0) +0.539525692<x175>[B] (+1) -0.539525692<x176>[B] (+1) -0.539525692<x177>[B] (+1) -0.539525692<x178>[B] (+1) +0.539525692<x179>[B] (+1) +0.539525692<x180>[B] (+0) +0.539525692<x181>[B] (+1) +0.539525692<x182>[B] (+1) +0.539525692<x183>[B] (+1) -0.539525692<x184>[B] (+1) +0.539525692<x185>[B] (+1) -0.539525692<x186>[B] (+1) -0.539525692<x187>[B] (+1) +0.539525692<x188>[B] (+1) +0.539525692<x189>[B] (+1) +0.539525692<x190>[B] (+1) +0.539525692<x191>[B] (+0) +0.539525692<x192>[B] (+1) +0.539525692<x193>[B] (+1) +0.539525692<x194>[B] (+1) +0.539525692<x195>[B] (+1) +0.539525692<x196>[B] (+1) +0.539525692<x197>[B] (+0) +0.539525692<x198>[B] (+1) -0.539525692<x199>[B] (+1) +0.539525692<x200>[B] (+1) +0.539525692<x201>[B] (+0) +0.539525692<x202>[B] (+1) +0.539525692<x203>[B] (+0) +0.539525692<x204>[B] (+0) +0.539525692<x205>[B] (+1) +0.539525692<x206>[B] (+1) +0.539525692<x207>[B] (+0) +0.539525692<x208>[B] (+1) +0.539525692<x209>[B] (+0) +0.539525692<x210>[B] (+0) +0.539525692<x211>[B] (+0) +0.539525692<x212>[B] (+0) +0.539525692<x213>[B] (+0) +0.539525692<x214>[B] (+0) +0.539525692<x215>[B] (+0) +0.539525692<x216>[B] (+0) +0.539525692<x217>[B] (+0) +0.539525692<x218>[B] (+0) -0.539525692<x219>[B] (+1) +0.539525692<x220>[B] (+0) +0.539525692<x221>[B] (+0) -0.539525692<x222>[B] (+1) +0.539525692<x223>[B] (+1) -0.539525692<x224>[B] (+0) -0.539525692<x225>[B] (+1) -0.539525692<x226>[B] (+1) -0.539525692<x227>[B] (+1) +0.539525692<x228>[B] (+1) -0.539525692<x229>[B] (+1) -0.539525692<x230>[B] (+1) -0.539525692<x231>[B] (+1) -0.539525692<x232>[B] (+1) +0.539525692<x233>[B] (+0) +0.539525692<x234>[B] (+0) -0.539525692<x235>[B] (+1) +0.539525692<x236>[B] (+1) -0.539525692<x237>[B] (+0) -0.539525692<x238>[B] (+1) +0.539525692<x239>[B] (+1) -0.539525692<x240>[B] (+1) -0.539525692<x241>[B] (+1) -0.539525692<x242>[B] (+0) -0.539525692<x243>[B] (+1) -0.539525692<x244>[B] (+1) -0.539525692<x245>[B] (+1) -0.539525692<x246>[B] (+0) -0.539525692<x247>[B] (+1) +0.539525692<x248>[B] (+0) -0.539525692<x249>[B] (+0) +0.539525692<x250>[B] (+1) -0.539525692<x251>[B] (+0) -0.539525692<x252>[B] (+1) +0.539525692<x253>[B] (+1) >= 43.0276679841897;
;
violation: left hand side is violated by 0.110671936758933
  [linear] <c3636>: <x257>[C] (+38.0612648) -0.511857708<x1>[B] (+1) -0.511857708<x2>[B] (+1) -0.511857708<x3>[B] (+1) -0.511857708<x4>[B] (+0) -0.511857708<x5>[B] (+1) -0.511857708<x6>[B] (+1) -0.511857708<x7>[B] (+1) -0.511857708<x8>[B] (+1) -0.511857708<x9>[B] (+1) -0.511857708<x10>[B] (+1) -0.511857708<x11>[B] (+1) -0.511857708<x12>[B] (+1) -0.511857708<x13>[B] (+1) -0.511857708<x14>[B] (+1) -0.511857708<x15>[B] (+1) -0.511857708<x16>[B] (+1) -0.511857708<x17>[B] (+1) -0.511857708<x18>[B] (+1) -0.511857708<x19>[B] (+1) -0.511857708<x20>[B] (+1) -0.511857708<x21>[B] (+1) -0.511857708<x22>[B] (+1) +0.511857708<x23>[B] (+1) +0.511857708<x24>[B] (+0) +0.511857708<x25>[B] (+0) +0.511857708<x26>[B] (+1) +0.511857708<x27>[B] (+0) -0.511857708<x28>[B] (+0) +0.511857708<x29>[B] (+1) +0.511857708<x30>[B] (+0) +0.511857708<x31>[B] (+1) +0.511857708<x32>[B] (+1) +0.511857708<x33>[B] (+1) -0.511857708<x34>[B] (+1) +0.511857708<x35>[B] (+1) +0.511857708<x36>[B] (+1) -0.511857708<x37>[B] (+1) +0.511857708<x38>[B] (+1) -0.511857708<x39>[B] (+0) +0.511857708<x40>[B] (+0) -0.511857708<x41>[B] (+0) +0.511857708<x42>[B] (+0) +0.511857708<x43>[B] (+0) -0.511857708<x44>[B] (+0) -0.511857708<x45>[B] (+0) -0.511857708<x46>[B] (+1) +0.511857708<x47>[B] (+0) -0.511857708<x48>[B] (+0) +0.511857708<x49>[B] (+1) +0.511857708<x50>[B] (+0) -0.511857708<x51>[B] (+1) -0.511857708<x52>[B] (+1) -0.511857708<x53>[B] (+1) -0.511857708<x54>[B] (+1) -0.511857708<x55>[B] (+1) -0.511857708<x56>[B] (+1) -0.511857708<x57>[B] (+1) -0.511857708<x58>[B] (+1) -0.511857708<x59>[B] (+0) -0.511857708<x60>[B] (+0) -0.511857708<x61>[B] (+0) +0.511857708<x62>[B] (+0) -0.511857708<x63>[B] (+0) -0.511857708<x64>[B] (+0) -0.511857708<x65>[B] (+1) +0.511857708<x66>[B] (+0) -0.511857708<x67>[B] (+0) +0.511857708<x68>[B] (+1) +0.511857708<x69>[B] (+0) +0.511857708<x70>[B] (+1) -0.511857708<x71>[B] (+1) -0.511857708<x72>[B] (+1) -0.511857708<x73>[B] (+1) -0.511857708<x74>[B] (+1) -0.511857708<x75>[B] (+1) -0.511857708<x76>[B] (+1) -0.511857708<x77>[B] (+1) -0.511857708<x78>[B] (+1) -0.511857708<x79>[B] (+0) -0.511857708<x80>[B] (+0) +0.511857708<x81>[B] (+1) -0.511857708<x82>[B] (+0) +0.511857708<x83>[B] (+1) +0.511857708<x84>[B] (+1) -0.511857708<x85>[B] (+1) +0.511857708<x86>[B] (+1) +0.511857708<x87>[B] (+1) +0.511857708<x88>[B] (+1) -0.511857708<x89>[B] (+1) -0.511857708<x90>[B] (+1) -0.511857708<x91>[B] (+1) -0.511857708<x92>[B] (+1) -0.511857708<x93>[B] (+1) -0.511857708<x94>[B] (+1) -0.511857708<x95>[B] (+1) -0.511857708<x96>[B] (+1) -0.511857708<x97>[B] (+1) -0.511857708<x98>[B] (+1) +0.511857708<x99>[B] (+1) +0.511857708<x100>[B] (+1) +0.511857708<x101>[B] (+0) -0.511857708<x102>[B] (+0) +0.511857708<x103>[B] (+0) +0.511857708<x104>[B] (+0) +0.511857708<x105>[B] (+1) -0.511857708<x106>[B] (+0) -0.511857708<x107>[B] (+0) -0.511857708<x108>[B] (+0) -0.511857708<x109>[B] (+0) -0.511857708<x110>[B] (+0) -0.511857708<x111>[B] (+0) -0.511857708<x112>[B] (+0) -0.511857708<x113>[B] (+0) -0.511857708<x114>[B] (+0) -0.511857708<x115>[B] (+0) +0.511857708<x116>[B] (+0) +0.511857708<x117>[B] (+0) -0.511857708<x118>[B] (+0) +0.511857708<x119>[B] (+1) +0.511857708<x120>[B] (+1) -0.511857708<x121>[B] (+1) -0.511857708<x122>[B] (+1) -0.511857708<x123>[B] (+1) -0.511857708<x124>[B] (+1) -0.511857708<x125>[B] (+1) -0.511857708<x126>[B] (+1) -0.511857708<x127>[B] (+1) -0.511857708<x128>[B] (+1) -0.511857708<x129>[B] (+1) -0.511857708<x130>[B] (+0) -0.511857708<x131>[B] (+1) -0.511857708<x132>[B] (+1) -0.511857708<x133>[B] (+0) +0.511857708<x134>[B] (+1) +0.511857708<x135>[B] (+1) +0.511857708<x136>[B] (+1) +0.511857708<x137>[B] (+1) +0.511857708<x138>[B] (+1) -0.511857708<x139>[B] (+1) +0.511857708<x140>[B] (+1) +0.511857708<x141>[B] (+1) -0.511857708<x142>[B] (+1) +0.511857708<x143>[B] (+1) -0.511857708<x144>[B] (+1) +0.511857708<x145>[B] (+1) -0.511857708<x146>[B] (+1) +0.511857708<x147>[B] (+1) +0.511857708<x148>[B] (+0) -0.511857708<x149>[B] (+0) -0.511857708<x150>[B] (+1) -0.511857708<x151>[B] (+0) -0.511857708<x152>[B] (+1) -0.511857708<x153>[B] (+1) -0.511857708<x154>[B] (+1) -0.511857708<x155>[B] (+1) -0.511857708<x156>[B] (+1) -0.511857708<x157>[B] (+1) -0.511857708<x158>[B] (+0) -0.511857708<x159>[B] (+0) -0.511857708<x160>[B] (+0) -0.511857708<x161>[B] (+0) -0.511857708<x162>[B] (+0) -0.511857708<x163>[B] (+1) -0.511857708<x164>[B] (+1) -0.511857708<x165>[B] (+1) -0.511857708<x166>[B] (+1) -0.511857708<x167>[B] (+1) -0.511857708<x168>[B] (+1) -0.511857708<x169>[B] (+1) -0.511857708<x170>[B] (+1) -0.511857708<x171>[B] (+1) -0.511857708<x172>[B] (+0) -0.511857708<x173>[B] (+1) -0.511857708<x174>[B] (+1) -0.511857708<x175>[B] (+0) -0.511857708<x176>[B] (+0) -0.511857708<x177>[B] (+0) -0.511857708<x178>[B] (+0) -0.511857708<x179>[B] (+0) -0.511857708<x180>[B] (+0) -0.511857708<x181>[B] (+0) -0.511857708<x182>[B] (+0) -0.511857708<x183>[B] (+0) -0.511857708<x184>[B] (+0) -0.511857708<x185>[B] (+0) +0.511857708<x186>[B] (+0) -0.511857708<x187>[B] (+0) +0.511857708<x188>[B] (+1) -0.511857708<x189>[B] (+1) +0.511857708<x190>[B] (+1) -0.511857708<x191>[B] (+1) -0.511857708<x192>[B] (+1) +0.511857708<x193>[B] (+1) -0.511857708<x194>[B] (+0) +0.511857708<x195>[B] (+0) -0.511857708<x196>[B] (+0) +0.511857708<x197>[B] (+0) +0.511857708<x198>[B] (+0) -0.511857708<x199>[B] (+1) +0.511857708<x200>[B] (+1) -0.511857708<x201>[B] (+1) -0.511857708<x202>[B] (+1) +0.511857708<x203>[B] (+1) -0.511857708<x204>[B] (+0) +0.511857708<x205>[B] (+0) -0.511857708<x206>[B] (+0) +0.511857708<x207>[B] (+0) +0.511857708<x208>[B] (+0) +0.511857708<x209>[B] (+1) +0.511857708<x210>[B] (+1) -0.511857708<x211>[B] (+1) +0.511857708<x212>[B] (+1) +0.511857708<x213>[B] (+0) +0.511857708<x214>[B] (+0) -0.511857708<x215>[B] (+0) +0.511857708<x216>[B] (+0) +0.511857708<x217>[B] (+0) -0.511857708<x218>[B] (+1) -0.511857708<x219>[B] (+1) +0.511857708<x220>[B] (+1) -0.511857708<x221>[B] (+0) +0.511857708<x222>[B] (+0) -0.511857708<x223>[B] (+0) +0.511857708<x224>[B] (+0) +0.511857708<x225>[B] (+0) -0.511857708<x226>[B] (+0) +0.511857708<x227>[B] (+0) -0.511857708<x228>[B] (+0) +0.511857708<x229>[B] (+0) -0.511857708<x230>[B] (+0) +0.511857708<x231>[B] (+0) +0.511857708<x232>[B] (+0) +0.511857708<x233>[B] (+0) +0.511857708<x234>[B] (+0) +0.511857708<x235>[B] (+0) +0.511857708<x236>[B] (+0) +0.511857708<x237>[B] (+0) +0.511857708<x238>[B] (+0) -0.511857708<x239>[B] (+0) -0.511857708<x240>[B] (+0) -0.511857708<x241>[B] (+0) +0.511857708<x242>[B] (+0) +0.511857708<x243>[B] (+0) +0.511857708<x244>[B] (+0) -0.511857708<x245>[B] (+0) +0.511857708<x246>[B] (+1) +0.511857708<x247>[B] (+0) -0.511857708<x248>[B] (+1) +0.511857708<x249>[B] (+1) +0.511857708<x250>[B] (+0) +0.511857708<x251>[B] (+1) +0.511857708<x252>[B] (+0) -0.511857708<x253>[B] (+0) >= 14.4604743083004;
;
violation: left hand side is violated by 1.99209486166015
2/4 feasible solutions given by solution candidate storage, new primal bound -9.000130e+06

presolving:
   (0.0s) symmetry computation started: requiring (bin +, int +, cont +), (fixed: bin -, int -, cont -)
   (0.0s) no symmetry present (symcode time: 0.00)
presolving (0 rounds: 0 fast, 0 medium, 0 exhaustive):
 0 deleted vars, 0 deleted constraints, 0 added constraints, 0 tightened bounds, 0 added holes, 0 changed sides, 0 changed coefficients
 0 implications, 0 cliques, 0 implied integral variables (0 bin, 0 int, 0 cont)
presolved problem has 343 variables (253 bin, 0 int, 90 cont) and 3720 constraints
   3720 constraints of type <linear>
Presolving Time: 0.03
transformed 2/2 original solutions to the transformed problem space

 time | node  | left  |LP iter|LP it/n|mem/heur|mdpt |vars |cons |rows |cuts |sepa|confs|strbr|  dualbound   | primalbound  |  gap   | compl. 
p 0.1s|     1 |     0 |    53 |     - |   locks|   0 | 343 |3720 |3720 |   0 |  0 |   0 |   0 | 9.240000e+02 |-3.172366e+03 |    Inf | unknown
  0.2s|     1 |     0 |  1191 |     - |    37M |   0 | 343 |3720 |3720 |   0 |  0 |   0 |   0 |-2.533483e+03 |-3.172366e+03 |  25.22%| unknown
r 0.2s|     1 |     0 |  1191 |     - |shifting|   0 | 343 |3720 |3720 |   0 |  0 |   0 |   0 |-2.533483e+03 |-2.971656e+03 |  17.30%| unknown
  0.5s|     1 |     0 |  1322 |     - |    41M |   0 | 343 |3720 |3721 |   1 |  1 |   0 |   0 |-2.533940e+03 |-2.971656e+03 |  17.27%| unknown
r 0.5s|     1 |     0 |  1322 |     - |shifting|   0 | 343 |3720 |3721 |   1 |  1 |   0 |   0 |-2.533940e+03 |-2.750875e+03 |   8.56%| unknown
  0.9s|     1 |     0 |  1434 |     - |    45M |   0 | 343 |3720 |3723 |   3 |  2 |   0 |   0 |-2.534086e+03 |-2.750875e+03 |   8.55%| unknown
  0.9s|     1 |     0 |  1434 |     - |    45M |   0 | 343 |3720 |3723 |   3 |  2 |   0 |   0 |-2.534086e+03 |-2.750875e+03 |   8.55%| unknown
  1.2s|     1 |     0 |  1517 |     - |    47M |   0 | 343 |3720 |3726 |   6 |  3 |   0 |   0 |-2.534296e+03 |-2.750875e+03 |   8.55%| unknown
r 1.3s|     1 |     0 |  1517 |     - |shifting|   0 | 343 |3720 |3726 |   6 |  3 |   0 |   0 |-2.534296e+03 |-2.745098e+03 |   8.32%| unknown
  1.7s|     1 |     0 |  1640 |     - |    52M |   0 | 343 |3720 |3729 |   9 |  4 |   0 |   0 |-2.534430e+03 |-2.745098e+03 |   8.31%| unknown
  2.2s|     1 |     0 |  1732 |     - |    57M |   0 | 343 |3720 |3730 |  10 |  5 |   0 |   0 |-2.534525e+03 |-2.745098e+03 |   8.31%| unknown
r 2.2s|     1 |     0 |  1732 |     - |shifting|   0 | 343 |3720 |3730 |  10 |  5 |   0 |   0 |-2.534525e+03 |-2.743187e+03 |   8.23%| unknown
  2.7s|     1 |     0 |  1835 |     - |    64M |   0 | 343 |3720 |3731 |  11 |  6 |   0 |   0 |-2.534588e+03 |-2.743187e+03 |   8.23%| unknown
  3.3s|     1 |     0 |  1914 |     - |    69M |   0 | 343 |3720 |3733 |  13 |  7 |   0 |   0 |-2.534646e+03 |-2.743187e+03 |   8.23%| unknown
  4.0s|     1 |     0 |  1917 |     - |    77M |   0 | 343 |3720 |3734 |  14 |  8 |   0 |   0 |-2.534646e+03 |-2.743187e+03 |   8.23%| unknown
 time | node  | left  |LP iter|LP it/n|mem/heur|mdpt |vars |cons |rows |cuts |sepa|confs|strbr|  dualbound   | primalbound  |  gap   | compl. 
  4.6s|     1 |     0 |  1985 |     - |    88M |   0 | 343 |3721 |3735 |  15 |  9 |   1 |   0 |-2.534669e+03 |-2.743187e+03 |   8.23%| unknown
r 4.6s|     1 |     0 |  1985 |     - |shifting|   0 | 343 |3721 |3735 |  15 |  9 |   1 |   0 |-2.534669e+03 |-2.719612e+03 |   7.30%| unknown
  5.3s|     1 |     0 |  2087 |     - |    90M |   0 | 343 |3721 |3737 |  17 | 10 |   1 |   0 |-2.534754e+03 |-2.719612e+03 |   7.29%| unknown
  5.3s|     1 |     0 |  2148 |     - |    90M |   0 | 343 |3721 |3740 |  20 | 11 |   1 |   0 |-2.534775e+03 |-2.719612e+03 |   7.29%| unknown
r 5.4s|     1 |     0 |  2314 |     - |intshift|   0 | 343 |3721 |3740 |  20 | 11 |   1 |   0 |-2.534775e+03 |-2.603162e+03 |   2.70%| unknown
d 5.5s|     1 |     0 |  3487 |     - |farkasdi|   0 | 343 |3721 |3740 |   0 | 11 |   1 |   0 |-2.534775e+03 |-2.549984e+03 |   0.60%| unknown
L 5.9s|     1 |     0 |  3583 |     - |    rens|   0 | 343 |3721 |3740 |  20 | 11 |   1 |   0 |-2.534775e+03 |-2.541735e+03 |   0.27%| unknown
  5.9s|     1 |     0 |  3583 |     - |    91M |   0 | 343 |3721 |3740 |  20 | 11 |   1 |   0 |-2.534775e+03 |-2.541735e+03 |   0.27%| unknown
  5.9s|     1 |     0 |  3583 |     - |    91M |   0 | 343 |3721 |3365 |  20 | 11 |   1 |   0 |-2.534775e+03 |-2.541735e+03 |   0.27%| unknown
  6.0s|     1 |     0 |  3635 |     - |    91M |   0 | 343 |3721 |3367 |  22 | 12 |   1 |   0 |-2.534792e+03 |-2.541735e+03 |   0.27%| unknown
  6.0s|     1 |     0 |  3661 |     - |    91M |   0 | 343 |3721 |3369 |  24 | 13 |   1 |   0 |-2.534794e+03 |-2.541735e+03 |   0.27%| unknown
  6.0s|     1 |     0 |  3661 |     - |    91M |   0 | 343 |3325 |3369 |  24 | 13 |   1 |   0 |-2.534794e+03 |-2.541735e+03 |   0.27%| unknown
  6.1s|     1 |     0 |  3697 |     - |    92M |   0 | 343 |3325 |3371 |  26 | 14 |   1 |   0 |-2.534796e+03 |-2.541735e+03 |   0.27%| unknown
  6.1s|     1 |     0 |  3726 |     - |    92M |   0 | 343 |3325 |3373 |  28 | 15 |   1 |   0 |-2.534803e+03 |-2.541735e+03 |   0.27%| unknown
(run 1, node 1) restarting after 19 global fixings of integer variables

(restart) converted 28 cuts from the global cut pool into linear constraints

presolving:
presolving (0 rounds: 0 fast, 0 medium, 0 exhaustive):
 0 deleted vars, 0 deleted constraints, 0 added constraints, 0 tightened bounds, 0 added holes, 0 changed sides, 0 changed coefficients
 0 implications, 0 cliques, 0 implied integral variables (0 bin, 0 int, 0 cont)
presolved problem has 343 variables (253 bin, 0 int, 90 cont) and 3353 constraints
   3352 constraints of type <linear>
      1 constraints of type <logicor>
Presolving Time: 0.03
transformed 20/23 original solutions to the transformed problem space

 time | node  | left  |LP iter|LP it/n|mem/heur|mdpt |vars |cons |rows |cuts |sepa|confs|strbr|  dualbound   | primalbound  |  gap   | compl. 
  6.3s|     1 |     0 |  5196 |     - |    86M |   0 | 343 |3353 |3352 |   0 |  0 |   1 |   0 |-2.534803e+03 |-2.541735e+03 |   0.27%| unknown
  6.3s|     1 |     0 |  5196 |     - |    86M |   0 | 343 |3353 |3333 |   0 |  0 |   1 |   0 |-2.534803e+03 |-2.541735e+03 |   0.27%| unknown
  6.9s|     1 |     0 |  5303 |     - |    86M |   0 | 343 |3353 |3334 |   1 |  1 |   1 |   0 |-2.534837e+03 |-2.541735e+03 |   0.27%| unknown
  7.5s|     1 |     0 |  5470 |     - |    87M |   0 | 343 |3353 |3335 |   2 |  2 |   1 |   0 |-2.534899e+03 |-2.541735e+03 |   0.27%| unknown
  7.6s|     1 |     0 |  5470 |     - |    87M |   0 | 343 |3353 |3315 |   2 |  2 |   1 |   0 |-2.534899e+03 |-2.541735e+03 |   0.27%| unknown
  8.2s|     1 |     0 |  5533 |     - |    87M |   0 | 343 |3353 |3317 |   4 |  3 |   1 |   0 |-2.534928e+03 |-2.541735e+03 |   0.27%| unknown
  8.9s|     1 |     0 |  5630 |     - |    88M |   0 | 343 |3353 |3318 |   5 |  4 |   1 |   0 |-2.534948e+03 |-2.541735e+03 |   0.27%| unknown
  9.4s|     1 |     0 |  5717 |     - |    91M |   0 | 343 |3353 |3320 |   7 |  5 |   1 |   0 |-2.534979e+03 |-2.541735e+03 |   0.27%| unknown
 10.1s|     1 |     0 |  5815 |     - |    93M |   0 | 343 |3353 |3321 |   8 |  6 |   1 |   0 |-2.534992e+03 |-2.541735e+03 |   0.27%| unknown
 10.5s|     1 |     0 |  5896 |     - |   107M |   0 | 343 |3353 |3322 |   9 |  7 |   1 |   0 |-2.535001e+03 |-2.541735e+03 |   0.27%| unknown
 11.2s|     1 |     0 |  5982 |     - |   116M |   0 | 343 |3353 |3323 |  10 |  8 |   1 |   0 |-2.535006e+03 |-2.541735e+03 |   0.27%| unknown
 11.9s|     1 |     0 |  6134 |     - |   116M |   0 | 343 |3353 |3324 |  11 |  9 |   1 |   0 |-2.535035e+03 |-2.541735e+03 |   0.26%| unknown
 11.9s|     1 |     0 |  6134 |     - |   116M |   0 | 343 |3353 |3304 |  11 |  9 |   1 |   0 |-2.535035e+03 |-2.541735e+03 |   0.26%| unknown
 12.5s|     1 |     0 |  6223 |     - |   127M |   0 | 343 |3353 |3305 |  12 | 10 |   1 |   0 |-2.535049e+03 |-2.541735e+03 |   0.26%| unknown
 12.5s|     1 |     0 |  6234 |     - |   127M |   0 | 343 |3353 |3306 |  13 | 11 |   1 |   0 |-2.535049e+03 |-2.541735e+03 |   0.26%| unknown
 time | node  | left  |LP iter|LP it/n|mem/heur|mdpt |vars |cons |rows |cuts |sepa|confs|strbr|  dualbound   | primalbound  |  gap   | compl. 
 12.5s|     1 |     0 |  6234 |     - |   127M |   0 | 343 |3272 |3306 |  13 | 11 |   1 |   0 |-2.535049e+03 |-2.541735e+03 |   0.26%| unknown
 12.6s|     1 |     0 |  6257 |     - |   128M |   0 | 343 |3272 |3292 |  14 | 12 |   1 |   0 |-2.535051e+03 |-2.541735e+03 |   0.26%| unknown
 12.7s|     1 |     0 |  6269 |     - |   128M |   0 | 343 |3272 |3293 |  15 | 13 |   1 |   0 |-2.535051e+03 |-2.541735e+03 |   0.26%| unknown
 12.7s|     1 |     0 |  6278 |     - |   128M |   0 | 343 |3272 |3294 |  16 | 14 |   1 |   0 |-2.535051e+03 |-2.541735e+03 |   0.26%| unknown
 12.8s|     1 |     0 |  6300 |     - |   129M |   0 | 343 |3272 |3295 |  17 | 15 |   1 |   0 |-2.535052e+03 |-2.541735e+03 |   0.26%| unknown
 12.9s|     1 |     0 |  6307 |     - |   129M |   0 | 343 |3272 |3296 |  18 | 16 |   1 |   0 |-2.535052e+03 |-2.541735e+03 |   0.26%| unknown
 12.9s|     1 |     0 |  6356 |     - |   129M |   0 | 343 |3273 |3298 |  20 | 17 |   2 |   0 |-2.535055e+03 |-2.541735e+03 |   0.26%| unknown
 13.0s|     1 |     0 |  6385 |     - |   130M |   0 | 343 |3273 |3295 |  21 | 18 |   2 |   0 |-2.535058e+03 |-2.541735e+03 |   0.26%| unknown
 13.0s|     1 |     0 |  6422 |     - |   130M |   0 | 343 |3273 |3297 |  23 | 19 |   2 |   0 |-2.535060e+03 |-2.541735e+03 |   0.26%| unknown
 13.1s|     1 |     0 |  6559 |     - |   130M |   0 | 343 |3274 |3299 |  25 | 20 |   3 |   0 |-2.535082e+03 |-2.541735e+03 |   0.26%| unknown
 13.2s|     1 |     0 |  6629 |     - |   130M |   0 | 343 |3274 |3300 |  26 | 21 |   3 |   0 |-2.535091e+03 |-2.541735e+03 |   0.26%| unknown
 13.2s|     1 |     0 |  6639 |     - |   130M |   0 | 343 |3274 |3301 |  27 | 22 |   3 |   0 |-2.535092e+03 |-2.541735e+03 |   0.26%| unknown
 16.9s|     1 |     0 |  8071 |     - |   130M |   0 | 343 |3231 |3301 |  27 | 22 |  10 |  33 |-2.538067e+03 |-2.541735e+03 |   0.14%| unknown
 16.9s|     1 |     0 |  8071 |     - |   130M |   0 | 343 |3231 |2762 |  27 | 22 |  10 |  33 |-2.538067e+03 |-2.541735e+03 |   0.14%| unknown
 16.9s|     1 |     0 |  8071 |     - |   130M |   0 | 343 |2706 |2762 |  27 | 23 |  10 |  33 |-2.538067e+03 |-2.541735e+03 |   0.14%| unknown
 time | node  | left  |LP iter|LP it/n|mem/heur|mdpt |vars |cons |rows |cuts |sepa|confs|strbr|  dualbound   | primalbound  |  gap   | compl. 
 17.3s|     1 |     0 |  8186 |     - |   130M |   0 | 343 |2576 |2762 |  27 | 24 |  13 |  45 |-2.539066e+03 |-2.541735e+03 |   0.11%| unknown
 17.4s|     1 |     0 |  8186 |     - |   130M |   0 | 343 |2576 |2281 |  27 | 24 |  13 |  45 |-2.539066e+03 |-2.541735e+03 |   0.11%| unknown
 17.4s|     1 |     0 |  8186 |     - |   130M |   0 | 343 |2223 |2281 |  27 | 25 |  13 |  45 |-2.539066e+03 |-2.541735e+03 |   0.11%| unknown
 17.6s|     1 |     0 |  8312 |     - |   130M |   0 | 343 |2183 |2281 |  27 | 26 |  18 |  52 |-2.539736e+03 |-2.541735e+03 |   0.08%| unknown
 17.6s|     1 |     0 |  8312 |     - |   131M |   0 | 343 |2183 |1588 |  27 | 26 |  18 |  52 |-2.539736e+03 |-2.541735e+03 |   0.08%| unknown
 17.7s|     1 |     0 |  8312 |     - |   131M |   0 | 343 |1484 |1588 |  27 | 27 |  18 |  52 |-2.539736e+03 |-2.541735e+03 |   0.08%| unknown
 17.7s|     1 |     0 |  8312 |     - |   131M |   0 | 343 |1484 |1588 |  27 | 28 |  18 |  53 |-2.539925e+03 |-2.541735e+03 |   0.07%| unknown
 17.8s|     1 |     0 |  8346 |     - |   131M |   0 | 343 |1416 |1588 |  27 | 29 |  22 |  55 |-2.539925e+03 |-2.541735e+03 |   0.07%| unknown
 17.8s|     1 |     0 |  8346 |     - |   131M |   0 | 343 |1416 |1291 |  27 | 29 |  22 |  55 |-2.539925e+03 |-2.541735e+03 |   0.07%| unknown
 17.8s|     1 |     0 |  8346 |     - |   131M |   0 | 343 |1183 |1291 |  27 | 30 |  22 |  55 |-2.539925e+03 |-2.541735e+03 |   0.07%| unknown
 17.9s|     1 |     0 |  8404 |     - |   131M |   0 | 343 |1135 |1291 |  27 | 31 |  24 |  56 |-2.540233e+03 |-2.541735e+03 |   0.06%| unknown
 17.9s|     1 |     0 |  8404 |     - |   131M |   0 | 343 |1135 |1042 |  27 | 31 |  24 |  56 |-2.540233e+03 |-2.541735e+03 |   0.06%| unknown
 17.9s|     1 |     0 |  8404 |     - |   131M |   0 | 343 |1083 |1042 |  27 | 32 |  24 |  56 |-2.540233e+03 |-2.541735e+03 |   0.06%| unknown
 18.0s|     1 |     0 |  8404 |     - |   131M |   0 | 343 |1083 |1042 |  27 | 33 |  24 |  57 |-2.540274e+03 |-2.541735e+03 |   0.06%| unknown
 18.0s|     1 |     0 |  8421 |     - |   131M |   0 | 343 | 991 |1039 |  27 | 34 |  26 |  59 |-2.540364e+03 |-2.541735e+03 |   0.05%| unknown
 time | node  | left  |LP iter|LP it/n|mem/heur|mdpt |vars |cons |rows |cuts |sepa|confs|strbr|  dualbound   | primalbound  |  gap   | compl. 
 18.0s|     1 |     0 |  8421 |     - |   131M |   0 | 343 | 991 | 944 |  27 | 34 |  26 |  59 |-2.540364e+03 |-2.541735e+03 |   0.05%| unknown
 18.0s|     1 |     0 |  8421 |     - |   131M |   0 | 343 | 960 | 944 |  27 | 35 |  26 |  59 |-2.540364e+03 |-2.541735e+03 |   0.05%| unknown
 18.1s|     1 |     0 |  8451 |     - |   131M |   0 | 343 | 939 | 944 |  27 | 36 |  34 |  63 |-2.540787e+03 |-2.541735e+03 |   0.04%| unknown
 18.1s|     1 |     0 |  8451 |     - |   131M |   0 | 343 | 940 | 811 |  27 | 36 |  35 |  63 |-2.540787e+03 |-2.541735e+03 |   0.04%| unknown
 18.1s|     1 |     0 |  8451 |     - |   131M |   0 | 343 | 842 | 811 |  27 | 37 |  35 |  63 |-2.540787e+03 |-2.541735e+03 |   0.04%| unknown
 18.1s|     1 |     0 |  8486 |     - |   131M |   0 | 343 | 725 | 811 |  27 | 38 |  37 |  64 |-2.541245e+03 |-2.541735e+03 |   0.02%| unknown
 18.2s|     1 |     0 |  8486 |     - |   131M |   0 | 343 | 725 | 620 |  27 | 38 |  37 |  64 |-2.541245e+03 |-2.541735e+03 |   0.02%| unknown
 18.2s|     1 |     0 |  8486 |     - |   131M |   0 | 343 | 585 | 620 |  27 | 39 |  37 |  64 |-2.541245e+03 |-2.541735e+03 |   0.02%| unknown
 18.2s|     1 |     0 |  8493 |     - |   131M |   0 | 343 | 550 | 620 |  27 | 40 |  39 |  65 |-2.541256e+03 |-2.541735e+03 |   0.02%| unknown
 18.2s|     1 |     0 |  8499 |     - |   131M |   0 | 343 | 532 | 620 |  27 | 41 |  42 |  66 |-2.541273e+03 |-2.541735e+03 |   0.02%| unknown
 18.3s|     1 |     2 |  8499 |     - |   131M |   0 | 343 | 532 | 620 |  27 | 42 |  42 |  66 |-2.541273e+03 |-2.541735e+03 |   0.02%| unknown

SCIP Status        : problem is solved [optimal solution found]
Solving Time (sec) : 18.28
Solving Nodes      : 3 (total of 4 nodes in 2 runs)
Primal Bound       : -2.54173517786561e+03 (57 solutions)
Dual Bound         : -2.54173517786561e+03
Gap                : 0.00 %
  [linear] <c3721>: <x255>[C] (+48.0909091) +0.614624506<x1>[B] (+0) +0.614624506<x2>[B] (+0) +0.614624506<x3>[B] (+0) +0.614624506<x4>[B] (+1) +0.614624506<x5>[B] (+0) +0.614624506<x6>[B] (+0) +0.614624506<x7>[B] (+0) +0.614624506<x8>[B] (+0) +0.614624506<x9>[B] (+0) +0.614624506<x10>[B] (+0) +0.614624506<x11>[B] (+0) +0.614624506<x12>[B] (+0) -0.614624506<x13>[B] (+1) +0.614624506<x14>[B] (+0) -0.614624506<x15>[B] (+0) +0.614624506<x16>[B] (+0) +0.614624506<x17>[B] (+0) +0.614624506<x18>[B] (+0) -0.614624506<x19>[B] (+0) +0.614624506<x20>[B] (+0) +0.614624506<x21>[B] (+0) +0.614624506<x22>[B] (+0) +0.614624506<x23>[B] (+0) -0.614624506<x24>[B] (+0) +0.614624506<x25>[B] (+1) +0.614624506<x26>[B] (+0) +0.614624506<x27>[B] (+1) -0.614624506<x28>[B] (+1) +0.614624506<x29>[B] (+0) +0.614624506<x30>[B] (+1) -0.614624506<x31>[B] (+0) +0.614624506<x32>[B] (+0) +0.614624506<x33>[B] (+0) -0.614624506<x34>[B] (+1) -0.614624506<x35>[B] (+1) -0.614624506<x36>[B] (+0) -0.614624506<x37>[B] (+0) +0.614624506<x38>[B] (+0) +0.614624506<x39>[B] (+0) -0.614624506<x40>[B] (+1) -0.614624506<x41>[B] (+1) -0.614624506<x42>[B] (+1) +0.614624506<x43>[B] (+1) -0.614624506<x44>[B] (+0) -0.614624506<x45>[B] (+1) -0.614624506<x46>[B] (+0) -0.614624506<x47>[B] (+1) -0.614624506<x48>[B] (+1) +0.614624506<x49>[B] (+0) -0.614624506<x50>[B] (+1) -0.614624506<x51>[B] (+0) -0.614624506<x52>[B] (+0) +0.614624506<x53>[B] (+0) -0.614624506<x54>[B] (+1) -0.614624506<x55>[B] (+1) -0.614624506<x56>[B] (+0) -0.614624506<x57>[B] (+0) -0.614624506<x58>[B] (+0) +0.614624506<x59>[B] (+0) -0.614624506<x60>[B] (+1) -0.614624506<x61>[B] (+1) -0.614624506<x62>[B] (+1) -0.614624506<x63>[B] (+1) +0.614624506<x64>[B] (+1) +0.614624506<x65>[B] (+1) +0.614624506<x66>[B] (+1) -0.614624506<x67>[B] (+1) +0.614624506<x68>[B] (+0) +0.614624506<x69>[B] (+1) -0.614624506<x70>[B] (+0) +0.614624506<x71>[B] (+1) +0.614624506<x72>[B] (+1) -0.614624506<x73>[B] (+1) +0.614624506<x74>[B] (+1) -0.614624506<x75>[B] (+0) -0.614624506<x76>[B] (+1) +0.614624506<x77>[B] (+1) +0.614624506<x78>[B] (+0) -0.614624506<x79>[B] (+1) -0.614624506<x80>[B] (+1) -0.614624506<x81>[B] (+1) +0.614624506<x82>[B] (+1) +0.614624506<x83>[B] (+0) +0.614624506<x84>[B] (+0) -0.614624506<x85>[B] (+0) +0.614624506<x86>[B] (+0) +0.614624506<x87>[B] (+0) -0.614624506<x88>[B] (+0) +0.614624506<x89>[B] (+0) +0.614624506<x90>[B] (+0) -0.614624506<x91>[B] (+1) -0.614624506<x92>[B] (+0) -0.614624506<x93>[B] (+0) -0.614624506<x94>[B] (+0) +0.614624506<x95>[B] (+0) +0.614624506<x96>[B] (+0) -0.614624506<x97>[B] (+0) -0.614624506<x98>[B] (+0) -0.614624506<x99>[B] (+0) +0.614624506<x100>[B] (+0) +0.614624506<x101>[B] (+1) -0.614624506<x102>[B] (+1) +0.614624506<x103>[B] (+0) +0.614624506<x104>[B] (+1) -0.614624506<x105>[B] (+0) +0.614624506<x106>[B] (+0) +0.614624506<x107>[B] (+1) -0.614624506<x108>[B] (+1) -0.614624506<x109>[B] (+1) -0.614624506<x110>[B] (+0) -0.614624506<x111>[B] (+0) +0.614624506<x112>[B] (+0) +0.614624506<x113>[B] (+0) -0.614624506<x114>[B] (+1) -0.614624506<x115>[B] (+1) -0.614624506<x116>[B] (+1) +0.614624506<x117>[B] (+1) -0.614624506<x118>[B] (+1) +0.614624506<x119>[B] (+0) +0.614624506<x120>[B] (+0) -0.614624506<x121>[B] (+0) -0.614624506<x122>[B] (+0) +0.614624506<x123>[B] (+0) -0.614624506<x124>[B] (+1) -0.614624506<x125>[B] (+0) -0.614624506<x126>[B] (+0) -0.614624506<x127>[B] (+0) +0.614624506<x128>[B] (+0) +0.614624506<x129>[B] (+0) -0.614624506<x130>[B] (+1) -0.614624506<x131>[B] (+0) -0.614624506<x132>[B] (+0) +0.614624506<x133>[B] (+1) +0.614624506<x134>[B] (+0) +0.614624506<x135>[B] (+0) +0.614624506<x136>[B] (+0) +0.614624506<x137>[B] (+0) +0.614624506<x138>[B] (+0) -0.614624506<x139>[B] (+1) +0.614624506<x140>[B] (+0) -0.614624506<x141>[B] (+0) +0.614624506<x142>[B] (+0) +0.614624506<x143>[B] (+0) +0.614624506<x144>[B] (+0) -0.614624506<x145>[B] (+0) -0.614624506<x146>[B] (+0) +0.614624506<x147>[B] (+0) +0.614624506<x148>[B] (+1) -0.614624506<x149>[B] (+1) -0.614624506<x150>[B] (+0) -0.614624506<x151>[B] (+1) +0.614624506<x152>[B] (+1) -0.614624506<x153>[B] (+1) -0.614624506<x154>[B] (+1) -0.614624506<x155>[B] (+0) -0.614624506<x156>[B] (+1) -0.614624506<x157>[B] (+1) +0.614624506<x158>[B] (+0) -0.614624506<x159>[B] (+1) -0.614624506<x160>[B] (+1) -0.614624506<x161>[B] (+1) -0.614624506<x162>[B] (+1) -0.614624506<x163>[B] (+0) -0.614624506<x164>[B] (+0) +0.614624506<x165>[B] (+0) -0.614624506<x166>[B] (+1) -0.614624506<x167>[B] (+1) -0.614624506<x168>[B] (+0) -0.614624506<x169>[B] (+0) +0.614624506<x170>[B] (+0) +0.614624506<x171>[B] (+0) -0.614624506<x172>[B] (+1) -0.614624506<x173>[B] (+1) -0.614624506<x174>[B] (+1) +0.614624506<x175>[B] (+1) +0.614624506<x176>[B] (+1) +0.614624506<x177>[B] (+1) -0.614624506<x178>[B] (+1) +0.614624506<x179>[B] (+1) -0.614624506<x180>[B] (-3.90798505e-13) +0.614624506<x181>[B] (+1) +0.614624506<x182>[B] (+1) +0.614624506<x183>[B] (+1) -0.614624506<x184>[B] (+1) -0.614624506<x185>[B] (+1) +0.614624506<x186>[B] (+1) +0.614624506<x187>[B] (+1) +0.614624506<x188>[B] (+1) -0.614624506<x189>[B] (+1) -0.614624506<x190>[B] (+1) -0.614624506<x191>[B] (+0) -0.614624506<x192>[B] (+0) +0.614624506<x193>[B] (+1) +0.614624506<x194>[B] (+0) -0.614624506<x195>[B] (+1) -0.614624506<x196>[B] (+1) -0.614624506<x197>[B] (+1) +0.614624506<x198>[B] (+1) -0.614624506<x199>[B] (+1) -0.614624506<x200>[B] (+1) -0.614624506<x201>[B] (+0) -0.614624506<x202>[B] (+0) -0.614624506<x203>[B] (+0) +0.614624506<x204>[B] (+0) -0.614624506<x205>[B] (+1) -0.614624506<x206>[B] (+1) -0.614624506<x207>[B] (+1) -0.614624506<x208>[B] (+1) +0.614624506<x209>[B] (+0) +0.614624506<x210>[B] (+0) +0.614624506<x211>[B] (+0) +0.614624506<x212>[B] (+0) +0.614624506<x213>[B] (+0) -0.614624506<x214>[B] (+0) +0.614624506<x215>[B] (+0) +0.614624506<x216>[B] (+0) +0.614624506<x217>[B] (+0) -0.614624506<x218>[B] (+0) -0.614624506<x219>[B] (+0) +0.614624506<x220>[B] (+0) +0.614624506<x221>[B] (+0) -0.614624506<x222>[B] (+1) -0.614624506<x223>[B] (+1) -0.614624506<x224>[B] (+1) +0.614624506<x225>[B] (+1) +0.614624506<x226>[B] (+1) +0.614624506<x227>[B] (+1) +0.614624506<x228>[B] (+1) -0.614624506<x229>[B] (+1) +0.614624506<x230>[B] (+1) +0.614624506<x231>[B] (+1) +0.614624506<x232>[B] (+1) +0.614624506<x233>[B] (+1) +0.614624506<x234>[B] (+0) -0.614624506<x235>[B] (+1) -0.614624506<x236>[B] (+1) +0.614624506<x237>[B] (+1) +0.614624506<x238>[B] (+1) +0.614624506<x239>[B] (+0) -0.614624506<x240>[B] (+1) -0.614624506<x241>[B] (+1) -0.614624506<x242>[B] (+1) -0.614624506<x243>[B] (+1) -0.614624506<x244>[B] (+1) -0.614624506<x245>[B] (+1) -0.614624506<x246>[B] (+1) -0.614624506<x247>[B] (+1) +0.614624506<x248>[B] (+0) +0.614624506<x249>[B] (+0) +0.614624506<x250>[B] (+1) +0.614624506<x251>[B] (+0) +0.614624506<x252>[B] (+1) +0.614624506<x253>[B] (+1) >= 29.0415019762846;
;
violation: left hand side is violated by 0.00395256916995734
  [linear] <c3722>: <x257>[C] (+30.3280632) -0.472332016<x1>[B] (+0) -0.472332016<x2>[B] (+0) -0.472332016<x3>[B] (+0) -0.472332016<x4>[B] (+1) -0.472332016<x5>[B] (+0) -0.472332016<x6>[B] (+0) -0.472332016<x7>[B] (+7.03542787e-14) -0.472332016<x8>[B] (+0) -0.472332016<x9>[B] (+0) -0.472332016<x10>[B] (+0) -0.472332016<x11>[B] (+0) -0.472332016<x12>[B] (+0) -0.472332016<x13>[B] (+1) -0.472332016<x14>[B] (+0) -0.472332016<x15>[B] (+0) -0.472332016<x16>[B] (+0) -0.472332016<x17>[B] (+0) -0.472332016<x18>[B] (+0) -0.472332016<x19>[B] (+1) -0.472332016<x20>[B] (+0) -0.472332016<x21>[B] (+0) -0.472332016<x22>[B] (+1) +0.472332016<x23>[B] (+1) +0.472332016<x24>[B] (+0) +0.472332016<x25>[B] (+1) +0.472332016<x26>[B] (+0) +0.472332016<x27>[B] (+1) -0.472332016<x28>[B] (+1) +0.472332016<x29>[B] (+0) +0.472332016<x30>[B] (+0) +0.472332016<x31>[B] (+0) +0.472332016<x32>[B] (+0) +0.472332016<x33>[B] (+0) -0.472332016<x34>[B] (+1) +0.472332016<x35>[B] (+1) +0.472332016<x36>[B] (+0) -0.472332016<x37>[B] (+0) +0.472332016<x38>[B] (+0) -0.472332016<x39>[B] (+0) +0.472332016<x40>[B] (+1) -0.472332016<x41>[B] (+1) +0.472332016<x42>[B] (+1) +0.472332016<x43>[B] (+1) -0.472332016<x44>[B] (+0) -0.472332016<x45>[B] (+1) -0.472332016<x46>[B] (+0) +0.472332016<x47>[B] (+0) -0.472332016<x48>[B] (+1) +0.472332016<x49>[B] (+0) +0.472332016<x50>[B] (+0) -0.472332016<x51>[B] (+0) -0.472332016<x52>[B] (+0) -0.472332016<x53>[B] (+0) -0.472332016<x54>[B] (+1) -0.472332016<x55>[B] (+1) -0.472332016<x56>[B] (+0) -0.472332016<x57>[B] (+0) -0.472332016<x58>[B] (+0) -0.472332016<x59>[B] (+0) -0.472332016<x60>[B] (+1) -0.472332016<x61>[B] (+1) +0.472332016<x62>[B] (+1) -0.472332016<x63>[B] (+1) -0.472332016<x64>[B] (+1) -0.472332016<x65>[B] (+0) +0.472332016<x66>[B] (+1) -0.472332016<x67>[B] (+1) +0.472332016<x68>[B] (+0) +0.472332016<x69>[B] (+0) +0.472332016<x70>[B] (+0) -0.472332016<x71>[B] (+0) -0.472332016<x72>[B] (+0) -0.472332016<x73>[B] (+1) -0.472332016<x74>[B] (+1) -0.472332016<x75>[B] (+0) -0.472332016<x76>[B] (+1) -0.472332016<x77>[B] (+0) -0.472332016<x78>[B] (+0) -0.472332016<x79>[B] (+1) -0.472332016<x80>[B] (+1) +0.472332016<x81>[B] (+1) -0.472332016<x82>[B] (+1) +0.472332016<x83>[B] (+0) +0.472332016<x84>[B] (+0) -0.472332016<x85>[B] (+7.03881398e-14) +0.472332016<x86>[B] (+0) +0.472332016<x87>[B] (+0) +0.472332016<x88>[B] (+0) -0.472332016<x89>[B] (+0) -0.472332016<x90>[B] (+0) -0.472332016<x91>[B] (+1) -0.472332016<x92>[B] (+0) -0.472332016<x93>[B] (+0) -0.472332016<x94>[B] (+0) -0.472332016<x95>[B] (+0) -0.472332016<x96>[B] (+0) -0.472332016<x97>[B] (+1) -0.472332016<x98>[B] (+0) +0.472332016<x99>[B] (+0) +0.472332016<x100>[B] (+1) +0.472332016<x101>[B] (+1) -0.472332016<x102>[B] (+1) +0.472332016<x103>[B] (+1) +0.472332016<x104>[B] (+1) +0.472332016<x105>[B] (+0) -0.472332016<x106>[B] (+0) -0.472332016<x107>[B] (+1) -0.472332016<x108>[B] (+1) -0.472332016<x109>[B] (+1) -0.472332016<x110>[B] (+0) -0.472332016<x111>[B] (+1) -0.472332016<x112>[B] (+0) -0.472332016<x113>[B] (+0) -0.472332016<x114>[B] (+1) -0.472332016<x115>[B] (+1) +0.472332016<x116>[B] (+1) +0.472332016<x117>[B] (+1) -0.472332016<x118>[B] (+1) +0.472332016<x119>[B] (+0) +0.472332016<x120>[B] (+0) -0.472332016<x121>[B] (+0) -0.472332016<x122>[B] (+0) -0.472332016<x123>[B] (+0) -0.472332016<x124>[B] (+1) -0.472332016<x125>[B] (+1) -0.472332016<x126>[B] (+0) -0.472332016<x127>[B] (+0) -0.472332016<x128>[B] (+0) -0.472332016<x129>[B] (+0) -0.472332016<x130>[B] (+1) -0.472332016<x131>[B] (+1) -0.472332016<x132>[B] (+1) -0.472332016<x133>[B] (+1) +0.472332016<x134>[B] (+0) +0.472332016<x135>[B] (+0) +0.472332016<x136>[B] (+0) +0.472332016<x137>[B] (+0) +0.472332016<x138>[B] (+0) -0.472332016<x139>[B] (+1) +0.472332016<x140>[B] (+0) +0.472332016<x141>[B] (+0) -0.472332016<x142>[B] (+0) +0.472332016<x143>[B] (+0) -0.472332016<x144>[B] (+0) +0.472332016<x145>[B] (+1) -0.472332016<x146>[B] (+1) +0.472332016<x147>[B] (+0) +0.472332016<x148>[B] (+1) -0.472332016<x149>[B] (+1) -0.472332016<x150>[B] (+0) -0.472332016<x151>[B] (+0) -0.472332016<x152>[B] (+0) -0.472332016<x153>[B] (+1) -0.472332016<x154>[B] (+1) -0.472332016<x155>[B] (+0) -0.472332016<x156>[B] (+1) -0.472332016<x157>[B] (+0) -0.472332016<x158>[B] (+0) -0.472332016<x159>[B] (+1) -0.472332016<x160>[B] (+1) -0.472332016<x161>[B] (+1) -0.472332016<x162>[B] (+1) -0.472332016<x163>[B] (+0) -0.472332016<x164>[B] (+0) -0.472332016<x165>[B] (+0) -0.472332016<x166>[B] (+1) -0.472332016<x167>[B] (+1) -0.472332016<x168>[B] (+0) -0.472332016<x169>[B] (+1) -0.472332016<x170>[B] (+0) -0.472332016<x171>[B] (+0) -0.472332016<x172>[B] (+1) -0.472332016<x173>[B] (+1) -0.472332016<x174>[B] (+1) -0.472332016<x175>[B] (+1) -0.472332016<x176>[B] (+1) -0.472332016<x177>[B] (+1) -0.472332016<x178>[B] (+1) -0.472332016<x179>[B] (+1) -0.472332016<x180>[B] (+9.46143748e-14) -0.472332016<x181>[B] (+1) -0.472332016<x182>[B] (+1) -0.472332016<x183>[B] (+1) -0.472332016<x184>[B] (+1) -0.472332016<x185>[B] (+1) +0.472332016<x186>[B] (+1) -0.472332016<x187>[B] (+1) +0.472332016<x188>[B] (+1) -0.472332016<x189>[B] (+1) +0.472332016<x190>[B] (+1) -0.472332016<x191>[B] (+0) -0.472332016<x192>[B] (+1) +0.472332016<x193>[B] (+1) -0.472332016<x194>[B] (+0) +0.472332016<x195>[B] (+1) -0.472332016<x196>[B] (+1) +0.472332016<x197>[B] (+1) +0.472332016<x198>[B] (+1) -0.472332016<x199>[B] (+1) +0.472332016<x200>[B] (+1) -0.472332016<x201>[B] (+0) -0.472332016<x202>[B] (+1) +0.472332016<x203>[B] (+0) -0.472332016<x204>[B] (+0) +0.472332016<x205>[B] (+1) -0.472332016<x206>[B] (+1) +0.472332016<x207>[B] (+1) +0.472332016<x208>[B] (+1) +0.472332016<x209>[B] (+0) +0.472332016<x210>[B] (+0) -0.472332016<x211>[B] (+0) +0.472332016<x212>[B] (+0) +0.472332016<x213>[B] (+0) +0.472332016<x214>[B] (+0) -0.472332016<x215>[B] (+0) +0.472332016<x216>[B] (+0) +0.472332016<x217>[B] (+1) -0.472332016<x218>[B] (+0) -0.472332016<x219>[B] (+0) +0.472332016<x220>[B] (+0) -0.472332016<x221>[B] (+0) +0.472332016<x222>[B] (+1) -0.472332016<x223>[B] (+1) +0.472332016<x224>[B] (+1) +0.472332016<x225>[B] (+1) -0.472332016<x226>[B] (+1) +0.472332016<x227>[B] (+1) -0.472332016<x228>[B] (+1) +0.472332016<x229>[B] (+1) -0.472332016<x230>[B] (+1) +0.472332016<x231>[B] (+1) +0.472332016<x232>[B] (+1) +0.472332016<x233>[B] (+0) +0.472332016<x234>[B] (+0) +0.472332016<x235>[B] (+1) +0.472332016<x236>[B] (+1) +0.472332016<x237>[B] (+1) +0.472332016<x238>[B] (+1) -0.472332016<x239>[B] (+0) -0.472332016<x240>[B] (+1) -0.472332016<x241>[B] (+1) +0.472332016<x242>[B] (+1) +0.472332016<x243>[B] (+1) +0.472332016<x244>[B] (+1) -0.472332016<x245>[B] (+1) +0.472332016<x246>[B] (+1) +0.472332016<x247>[B] (+1) -0.472332016<x248>[B] (+0) +0.472332016<x249>[B] (+0) +0.472332016<x250>[B] (+1) +0.472332016<x251>[B] (+0) +0.472332016<x252>[B] (+1) -0.472332016<x253>[B] (+1) >= 15.7055335968379;
;
violation: left hand side is violated by 0.0197628458497796
  [linear] <c3721>: <x255>[C] (+45.6007905) +0.614624506<x1>[B] (+0) +0.614624506<x2>[B] (+0) +0.614624506<x3>[B] (+0) +0.614624506<x4>[B] (+1) +0.614624506<x5>[B] (+0) +0.614624506<x6>[B] (+0) +0.614624506<x7>[B] (+0) +0.614624506<x8>[B] (+0) +0.614624506<x9>[B] (+0) +0.614624506<x10>[B] (+0) +0.614624506<x11>[B] (+0) +0.614624506<x12>[B] (+0) -0.614624506<x13>[B] (+0) +0.614624506<x14>[B] (+0) -0.614624506<x15>[B] (+0) +0.614624506<x16>[B] (+0) +0.614624506<x17>[B] (+0) +0.614624506<x18>[B] (+0) -0.614624506<x19>[B] (+0) +0.614624506<x20>[B] (+0) +0.614624506<x21>[B] (+0) +0.614624506<x22>[B] (+0) +0.614624506<x23>[B] (+0) -0.614624506<x24>[B] (+0) +0.614624506<x25>[B] (+1) +0.614624506<x26>[B] (+0) +0.614624506<x27>[B] (+1) -0.614624506<x28>[B] (+1) +0.614624506<x29>[B] (+0) +0.614624506<x30>[B] (+1) -0.614624506<x31>[B] (+0) +0.614624506<x32>[B] (+0) +0.614624506<x33>[B] (+0) -0.614624506<x34>[B] (+1) -0.614624506<x35>[B] (+1) -0.614624506<x36>[B] (+0) -0.614624506<x37>[B] (+0) +0.614624506<x38>[B] (+0) +0.614624506<x39>[B] (+0) -0.614624506<x40>[B] (+1) -0.614624506<x41>[B] (+1) -0.614624506<x42>[B] (+1) +0.614624506<x43>[B] (+1) -0.614624506<x44>[B] (+0) -0.614624506<x45>[B] (+1) -0.614624506<x46>[B] (+0) -0.614624506<x47>[B] (+1) -0.614624506<x48>[B] (+1) +0.614624506<x49>[B] (+0) -0.614624506<x50>[B] (+1) -0.614624506<x51>[B] (+0) -0.614624506<x52>[B] (+0) +0.614624506<x53>[B] (+0) -0.614624506<x54>[B] (+1) -0.614624506<x55>[B] (+1) -0.614624506<x56>[B] (+0) -0.614624506<x57>[B] (+0) -0.614624506<x58>[B] (+0) +0.614624506<x59>[B] (+0) -0.614624506<x60>[B] (+1) -0.614624506<x61>[B] (+1) -0.614624506<x62>[B] (+1) -0.614624506<x63>[B] (+1) +0.614624506<x64>[B] (+1) +0.614624506<x65>[B] (+1) +0.614624506<x66>[B] (+1) -0.614624506<x67>[B] (+1) +0.614624506<x68>[B] (+0) +0.614624506<x69>[B] (+1) -0.614624506<x70>[B] (+0) +0.614624506<x71>[B] (+0) +0.614624506<x72>[B] (+1) -0.614624506<x73>[B] (+1) +0.614624506<x74>[B] (+1) -0.614624506<x75>[B] (+0) -0.614624506<x76>[B] (+0) +0.614624506<x77>[B] (+0) +0.614624506<x78>[B] (+0) -0.614624506<x79>[B] (+1) -0.614624506<x80>[B] (+1) -0.614624506<x81>[B] (+1) +0.614624506<x82>[B] (+1) +0.614624506<x83>[B] (+0) +0.614624506<x84>[B] (+0) -0.614624506<x85>[B] (+0) +0.614624506<x86>[B] (+0) +0.614624506<x87>[B] (+0) -0.614624506<x88>[B] (+0) +0.614624506<x89>[B] (+0) +0.614624506<x90>[B] (+0) -0.614624506<x91>[B] (+0) -0.614624506<x92>[B] (+0) -0.614624506<x93>[B] (+0) -0.614624506<x94>[B] (+0) +0.614624506<x95>[B] (+0) +0.614624506<x96>[B] (+0) -0.614624506<x97>[B] (+0) -0.614624506<x98>[B] (+0) -0.614624506<x99>[B] (+0) +0.614624506<x100>[B] (+0) +0.614624506<x101>[B] (+1) -0.614624506<x102>[B] (+1) +0.614624506<x103>[B] (+0) +0.614624506<x104>[B] (+1) -0.614624506<x105>[B] (+0) +0.614624506<x106>[B] (+0) +0.614624506<x107>[B] (+1) -0.614624506<x108>[B] (+1) -0.614624506<x109>[B] (+1) -0.614624506<x110>[B] (+0) -0.614624506<x111>[B] (+0) +0.614624506<x112>[B] (+0) +0.614624506<x113>[B] (+0) -0.614624506<x114>[B] (+1) -0.614624506<x115>[B] (+1) -0.614624506<x116>[B] (+1) +0.614624506<x117>[B] (+1) -0.614624506<x118>[B] (+1) +0.614624506<x119>[B] (+0) +0.614624506<x120>[B] (+0) -0.614624506<x121>[B] (+0) -0.614624506<x122>[B] (+0) +0.614624506<x123>[B] (+0) -0.614624506<x124>[B] (+0) -0.614624506<x125>[B] (+0) -0.614624506<x126>[B] (+0) -0.614624506<x127>[B] (+0) +0.614624506<x128>[B] (+0) +0.614624506<x129>[B] (+0) -0.614624506<x130>[B] (+1) -0.614624506<x131>[B] (+0) -0.614624506<x132>[B] (+0) +0.614624506<x133>[B] (+1) +0.614624506<x134>[B] (+0) +0.614624506<x135>[B] (+0) +0.614624506<x136>[B] (+0) +0.614624506<x137>[B] (+0) +0.614624506<x138>[B] (+0) -0.614624506<x139>[B] (+0) +0.614624506<x140>[B] (+0) -0.614624506<x141>[B] (+0) +0.614624506<x142>[B] (+0) +0.614624506<x143>[B] (+0) +0.614624506<x144>[B] (+0) -0.614624506<x145>[B] (+0) -0.614624506<x146>[B] (+0) +0.614624506<x147>[B] (+0) +0.614624506<x148>[B] (+1) -0.614624506<x149>[B] (+1) -0.614624506<x150>[B] (+0) -0.614624506<x151>[B] (+1) +0.614624506<x152>[B] (+1) -0.614624506<x153>[B] (+1) -0.614624506<x154>[B] (+1) -0.614624506<x155>[B] (+0) -0.614624506<x156>[B] (+1) -0.614624506<x157>[B] (+1) +0.614624506<x158>[B] (+0) -0.614624506<x159>[B] (+1) -0.614624506<x160>[B] (+1) -0.614624506<x161>[B] (+1) -0.614624506<x162>[B] (+1) -0.614624506<x163>[B] (+0) -0.614624506<x164>[B] (+0) +0.614624506<x165>[B] (+0) -0.614624506<x166>[B] (+1) -0.614624506<x167>[B] (+1) -0.614624506<x168>[B] (+0) -0.614624506<x169>[B] (+0) +0.614624506<x170>[B] (+0) +0.614624506<x171>[B] (+0) -0.614624506<x172>[B] (+1) -0.614624506<x173>[B] (+1) -0.614624506<x174>[B] (+1) +0.614624506<x175>[B] (+1) +0.614624506<x176>[B] (+1) +0.614624506<x177>[B] (+1) -0.614624506<x178>[B] (+1) +0.614624506<x179>[B] (+1) -0.614624506<x180>[B] (+0) +0.614624506<x181>[B] (+1) +0.614624506<x182>[B] (+1) +0.614624506<x183>[B] (+1) -0.614624506<x184>[B] (+1) -0.614624506<x185>[B] (+1) +0.614624506<x186>[B] (+1) +0.614624506<x187>[B] (+1) +0.614624506<x188>[B] (+1) -0.614624506<x189>[B] (+1) -0.614624506<x190>[B] (+1) -0.614624506<x191>[B] (+0) -0.614624506<x192>[B] (+0) +0.614624506<x193>[B] (+1) +0.614624506<x194>[B] (+0) -0.614624506<x195>[B] (+1) -0.614624506<x196>[B] (+1) -0.614624506<x197>[B] (+1) +0.614624506<x198>[B] (+1) -0.614624506<x199>[B] (+1) -0.614624506<x200>[B] (+1) -0.614624506<x201>[B] (+0) -0.614624506<x202>[B] (+0) -0.614624506<x203>[B] (+0) +0.614624506<x204>[B] (+0) -0.614624506<x205>[B] (+1) -0.614624506<x206>[B] (+1) -0.614624506<x207>[B] (+1) -0.614624506<x208>[B] (+1) +0.614624506<x209>[B] (+0) +0.614624506<x210>[B] (+0) +0.614624506<x211>[B] (+0) +0.614624506<x212>[B] (+0) +0.614624506<x213>[B] (+0) -0.614624506<x214>[B] (+1) +0.614624506<x215>[B] (+1) +0.614624506<x216>[B] (+0) +0.614624506<x217>[B] (+1) -0.614624506<x218>[B] (+0) -0.614624506<x219>[B] (+0) +0.614624506<x220>[B] (+0) +0.614624506<x221>[B] (+0) -0.614624506<x222>[B] (+1) -0.614624506<x223>[B] (+1) -0.614624506<x224>[B] (+1) +0.614624506<x225>[B] (+1) +0.614624506<x226>[B] (+1) +0.614624506<x227>[B] (+1) +0.614624506<x228>[B] (+1) -0.614624506<x229>[B] (+1) +0.614624506<x230>[B] (+1) +0.614624506<x231>[B] (+1) +0.614624506<x232>[B] (+1) +0.614624506<x233>[B] (+1) +0.614624506<x234>[B] (+0) -0.614624506<x235>[B] (+1) -0.614624506<x236>[B] (+1) +0.614624506<x237>[B] (+1) +0.614624506<x238>[B] (+1) +0.614624506<x239>[B] (+0) -0.614624506<x240>[B] (+1) -0.614624506<x241>[B] (+1) -0.614624506<x242>[B] (+1) -0.614624506<x243>[B] (+1) -0.614624506<x244>[B] (+1) -0.614624506<x245>[B] (+1) -0.614624506<x246>[B] (+1) -0.614624506<x247>[B] (+1) +0.614624506<x248>[B] (+0) +0.614624506<x249>[B] (+0) +0.614624506<x250>[B] (+1) +0.614624506<x251>[B] (+0) +0.614624506<x252>[B] (+1) +0.614624506<x253>[B] (+1) >= 29.0415019762846;
;
violation: left hand side is violated by 0.0355731225295806
  [linear] <c3721>: <x255>[C] (+47.4683794) +0.614624506<x1>[B] (+0) +0.614624506<x2>[B] (+0) +0.614624506<x3>[B] (+0) +0.614624506<x4>[B] (+0) +0.614624506<x5>[B] (+0) +0.614624506<x6>[B] (+0) +0.614624506<x7>[B] (+1) +0.614624506<x8>[B] (+0) +0.614624506<x9>[B] (+0) +0.614624506<x10>[B] (+0) +0.614624506<x11>[B] (+0) +0.614624506<x12>[B] (+0) -0.614624506<x13>[B] (+0) +0.614624506<x14>[B] (+0) -0.614624506<x15>[B] (+0) +0.614624506<x16>[B] (+0) +0.614624506<x17>[B] (+0) +0.614624506<x18>[B] (+0) -0.614624506<x19>[B] (+0) +0.614624506<x20>[B] (+0) +0.614624506<x21>[B] (+0) +0.614624506<x22>[B] (+1) +0.614624506<x23>[B] (+1) -0.614624506<x24>[B] (+0) +0.614624506<x25>[B] (+1) +0.614624506<x26>[B] (+0) +0.614624506<x27>[B] (+1) -0.614624506<x28>[B] (+1) +0.614624506<x29>[B] (+0) +0.614624506<x30>[B] (+0) -0.614624506<x31>[B] (+0) +0.614624506<x32>[B] (+0) +0.614624506<x33>[B] (+0) -0.614624506<x34>[B] (+1) -0.614624506<x35>[B] (+0) -0.614624506<x36>[B] (+0) -0.614624506<x37>[B] (+1) +0.614624506<x38>[B] (+0) +0.614624506<x39>[B] (+0) -0.614624506<x40>[B] (+1) -0.614624506<x41>[B] (+1) -0.614624506<x42>[B] (+0) +0.614624506<x43>[B] (+1) -0.614624506<x44>[B] (+0) -0.614624506<x45>[B] (+1) -0.614624506<x46>[B] (+0) -0.614624506<x47>[B] (+1) -0.614624506<x48>[B] (+1) +0.614624506<x49>[B] (+0) -0.614624506<x50>[B] (+0) -0.614624506<x51>[B] (+0) -0.614624506<x52>[B] (+0) +0.614624506<x53>[B] (+0) -0.614624506<x54>[B] (+1) -0.614624506<x55>[B] (+0) -0.614624506<x56>[B] (+0) -0.614624506<x57>[B] (+1) -0.614624506<x58>[B] (+0) +0.614624506<x59>[B] (+0) -0.614624506<x60>[B] (+1) -0.614624506<x61>[B] (+1) -0.614624506<x62>[B] (+0) -0.614624506<x63>[B] (+1) +0.614624506<x64>[B] (+1) +0.614624506<x65>[B] (+1) +0.614624506<x66>[B] (+1) -0.614624506<x67>[B] (+1) +0.614624506<x68>[B] (+1) +0.614624506<x69>[B] (+1) -0.614624506<x70>[B] (+0) +0.614624506<x71>[B] (+1) +0.614624506<x72>[B] (+1) -0.614624506<x73>[B] (+1) +0.614624506<x74>[B] (+1) -0.614624506<x75>[B] (+0) -0.614624506<x76>[B] (+1) +0.614624506<x77>[B] (+1) +0.614624506<x78>[B] (+0) -0.614624506<x79>[B] (+1) -0.614624506<x80>[B] (+1) -0.614624506<x81>[B] (+1) +0.614624506<x82>[B] (+1) +0.614624506<x83>[B] (+0) +0.614624506<x84>[B] (+0) -0.614624506<x85>[B] (+1) +0.614624506<x86>[B] (+0) +0.614624506<x87>[B] (+0) -0.614624506<x88>[B] (+0) +0.614624506<x89>[B] (+0) +0.614624506<x90>[B] (+0) -0.614624506<x91>[B] (+1) -0.614624506<x92>[B] (+0) -0.614624506<x93>[B] (+0) -0.614624506<x94>[B] (+0) +0.614624506<x95>[B] (+0) +0.614624506<x96>[B] (+0) -0.614624506<x97>[B] (+1) -0.614624506<x98>[B] (+1) -0.614624506<x99>[B] (+0) +0.614624506<x100>[B] (+1) +0.614624506<x101>[B] (+1) -0.614624506<x102>[B] (+1) +0.614624506<x103>[B] (+0) +0.614624506<x104>[B] (+1) -0.614624506<x105>[B] (+0) +0.614624506<x106>[B] (+0) +0.614624506<x107>[B] (+0) -0.614624506<x108>[B] (+1) -0.614624506<x109>[B] (+1) -0.614624506<x110>[B] (+0) -0.614624506<x111>[B] (+1) +0.614624506<x112>[B] (+1) +0.614624506<x113>[B] (+0) -0.614624506<x114>[B] (+1) -0.614624506<x115>[B] (+1) -0.614624506<x116>[B] (+1) +0.614624506<x117>[B] (+1) -0.614624506<x118>[B] (+1) +0.614624506<x119>[B] (+0) +0.614624506<x120>[B] (+0) -0.614624506<x121>[B] (+0) -0.614624506<x122>[B] (+0) +0.614624506<x123>[B] (+0) -0.614624506<x124>[B] (+1) -0.614624506<x125>[B] (+0) -0.614624506<x126>[B] (+0) -0.614624506<x127>[B] (+0) +0.614624506<x128>[B] (+0) +0.614624506<x129>[B] (+0) -0.614624506<x130>[B] (+1) -0.614624506<x131>[B] (+1) -0.614624506<x132>[B] (+0) +0.614624506<x133>[B] (+1) +0.614624506<x134>[B] (+0) +0.614624506<x135>[B] (+0) +0.614624506<x136>[B] (+0) +0.614624506<x137>[B] (+0) +0.614624506<x138>[B] (+0) -0.614624506<x139>[B] (+0) +0.614624506<x140>[B] (+0) -0.614624506<x141>[B] (+0) +0.614624506<x142>[B] (+0) +0.614624506<x143>[B] (+0) +0.614624506<x144>[B] (+0) -0.614624506<x145>[B] (+0) -0.614624506<x146>[B] (+0) +0.614624506<x147>[B] (+0) +0.614624506<x148>[B] (+1) -0.614624506<x149>[B] (+1) -0.614624506<x150>[B] (+0) -0.614624506<x151>[B] (+0) +0.614624506<x152>[B] (+1) -0.614624506<x153>[B] (+1) -0.614624506<x154>[B] (+1) -0.614624506<x155>[B] (+0) -0.614624506<x156>[B] (+1) -0.614624506<x157>[B] (+1) +0.614624506<x158>[B] (+0) -0.614624506<x159>[B] (+1) -0.614624506<x160>[B] (+1) -0.614624506<x161>[B] (+1) -0.614624506<x162>[B] (+1) -0.614624506<x163>[B] (+0) -0.614624506<x164>[B] (+0) +0.614624506<x165>[B] (+0) -0.614624506<x166>[B] (+1) -0.614624506<x167>[B] (+0) -0.614624506<x168>[B] (+0) -0.614624506<x169>[B] (+1) +0.614624506<x170>[B] (+0) +0.614624506<x171>[B] (+0) -0.614624506<x172>[B] (+1) -0.614624506<x173>[B] (+1) -0.614624506<x174>[B] (+0) +0.614624506<x175>[B] (+1) +0.614624506<x176>[B] (+1) +0.614624506<x177>[B] (+1) -0.614624506<x178>[B] (+1) +0.614624506<x179>[B] (+1) -0.614624506<x180>[B] (+0) +0.614624506<x181>[B] (+1) +0.614624506<x182>[B] (+1) +0.614624506<x183>[B] (+1) -0.614624506<x184>[B] (+1) -0.614624506<x185>[B] (+1) +0.614624506<x186>[B] (+1) +0.614624506<x187>[B] (+1) +0.614624506<x188>[B] (+1) -0.614624506<x189>[B] (+1) -0.614624506<x190>[B] (+1) -0.614624506<x191>[B] (+0) -0.614624506<x192>[B] (+1) +0.614624506<x193>[B] (+1) +0.614624506<x194>[B] (+0) -0.614624506<x195>[B] (+1) -0.614624506<x196>[B] (+1) -0.614624506<x197>[B] (+1) +0.614624506<x198>[B] (+1) -0.614624506<x199>[B] (+1) -0.614624506<x200>[B] (+1) -0.614624506<x201>[B] (+0) -0.614624506<x202>[B] (+1) -0.614624506<x203>[B] (+1) +0.614624506<x204>[B] (+0) -0.614624506<x205>[B] (+1) -0.614624506<x206>[B] (+1) -0.614624506<x207>[B] (+1) -0.614624506<x208>[B] (+1) +0.614624506<x209>[B] (+0) +0.614624506<x210>[B] (+0) +0.614624506<x211>[B] (+0) +0.614624506<x212>[B] (+0) +0.614624506<x213>[B] (+0) -0.614624506<x214>[B] (+1) +0.614624506<x215>[B] (+0) +0.614624506<x216>[B] (+0) +0.614624506<x217>[B] (+1) -0.614624506<x218>[B] (+0) -0.614624506<x219>[B] (+1) +0.614624506<x220>[B] (+0) +0.614624506<x221>[B] (+0) -0.614624506<x222>[B] (+1) -0.614624506<x223>[B] (+1) -0.614624506<x224>[B] (+0) +0.614624506<x225>[B] (+1) +0.614624506<x226>[B] (+1) +0.614624506<x227>[B] (+1) +0.614624506<x228>[B] (+1) -0.614624506<x229>[B] (+1) +0.614624506<x230>[B] (+1) +0.614624506<x231>[B] (+1) +0.614624506<x232>[B] (+1) +0.614624506<x233>[B] (+0) +0.614624506<x234>[B] (+0) -0.614624506<x235>[B] (+1) -0.614624506<x236>[B] (+1) +0.614624506<x237>[B] (+0) +0.614624506<x238>[B] (+1) +0.614624506<x239>[B] (+0) -0.614624506<x240>[B] (+1) -0.614624506<x241>[B] (+1) -0.614624506<x242>[B] (+0) -0.614624506<x243>[B] (+1) -0.614624506<x244>[B] (+1) -0.614624506<x245>[B] (+1) -0.614624506<x246>[B] (+1) -0.614624506<x247>[B] (+1) +0.614624506<x248>[B] (+0) +0.614624506<x249>[B] (+0) +0.614624506<x250>[B] (+1) +0.614624506<x251>[B] (+0) +0.614624506<x252>[B] (+1) +0.614624506<x253>[B] (+1) >= 29.0415019762846;
;
violation: left hand side is violated by 0.0118577075098862
  [linear] <c3724>: <x259>[C] (+43.0711462) -0.567193676<x1>[B] (+0) -0.567193676<x2>[B] (+0) -0.567193676<x3>[B] (+0) -0.567193676<x4>[B] (+1) +0.567193676<x5>[B] (+0) +0.567193676<x6>[B] (+0) -0.567193676<x7>[B] (+0) +0.567193676<x8>[B] (+0) -0.567193676<x9>[B] (+0) +0.567193676<x10>[B] (+0) -0.567193676<x11>[B] (+0) -0.567193676<x12>[B] (+0) +0.567193676<x13>[B] (+0) +0.567193676<x14>[B] (+0) +0.567193676<x15>[B] (+0) -0.567193676<x16>[B] (+0) +0.567193676<x17>[B] (+0) +0.567193676<x18>[B] (+0) -0.567193676<x19>[B] (+0) +0.567193676<x20>[B] (+0) -0.567193676<x21>[B] (+0) -0.567193676<x22>[B] (+0) +0.567193676<x23>[B] (+0) -0.567193676<x24>[B] (+0) +0.567193676<x25>[B] (+1) +0.567193676<x26>[B] (+0) +0.567193676<x27>[B] (+1) +0.567193676<x28>[B] (+1) +0.567193676<x29>[B] (+0) +0.567193676<x30>[B] (+0) +0.567193676<x31>[B] (+0) +0.567193676<x32>[B] (+0) +0.567193676<x33>[B] (+0) +0.567193676<x34>[B] (+1) +0.567193676<x35>[B] (+1) +0.567193676<x36>[B] (+0) +0.567193676<x37>[B] (+0) +0.567193676<x38>[B] (+0) +0.567193676<x39>[B] (+0) +0.567193676<x40>[B] (+1) +0.567193676<x41>[B] (+1) -0.567193676<x42>[B] (+1) +0.567193676<x43>[B] (+1) -0.567193676<x44>[B] (+0) -0.567193676<x45>[B] (+1) +0.567193676<x46>[B] (+0) +0.567193676<x47>[B] (+1) -0.567193676<x48>[B] (+1) +0.567193676<x49>[B] (+0) +0.567193676<x50>[B] (+1) +0.567193676<x51>[B] (+0) -0.567193676<x52>[B] (+0) +0.567193676<x53>[B] (+0) +0.567193676<x54>[B] (+1) +0.567193676<x55>[B] (+1) +0.567193676<x56>[B] (+0) +0.567193676<x57>[B] (+1) +0.567193676<x58>[B] (+0) +0.567193676<x59>[B] (+0) -0.567193676<x60>[B] (+1) +0.567193676<x61>[B] (+1) -0.567193676<x62>[B] (+1) +0.567193676<x63>[B] (+1) +0.567193676<x64>[B] (+1) +0.567193676<x65>[B] (+1) +0.567193676<x66>[B] (+1) +0.567193676<x67>[B] (+1) +0.567193676<x68>[B] (+0) +0.567193676<x69>[B] (+1) +0.567193676<x70>[B] (+0) +0.567193676<x71>[B] (+0) +0.567193676<x72>[B] (+1) +0.567193676<x73>[B] (+1) +0.567193676<x74>[B] (+1) +0.567193676<x75>[B] (+0) +0.567193676<x76>[B] (+1) +0.567193676<x77>[B] (+0) +0.567193676<x78>[B] (+0) +0.567193676<x79>[B] (+1) +0.567193676<x80>[B] (+1) +0.567193676<x81>[B] (+1) +0.567193676<x82>[B] (+1) +0.567193676<x83>[B] (+0) +0.567193676<x84>[B] (+0) -0.567193676<x85>[B] (+0) +0.567193676<x86>[B] (+0) +0.567193676<x87>[B] (+0) +0.567193676<x88>[B] (+0) +0.567193676<x89>[B] (+0) +0.567193676<x90>[B] (+0) +0.567193676<x91>[B] (+0) +0.567193676<x92>[B] (+0) +0.567193676<x93>[B] (+0) +0.567193676<x94>[B] (+0) +0.567193676<x95>[B] (+0) +0.567193676<x96>[B] (+0) -0.567193676<x97>[B] (+0) +0.567193676<x98>[B] (+0) -0.567193676<x99>[B] (+0) +0.567193676<x100>[B] (+0) +0.567193676<x101>[B] (+1) -0.567193676<x102>[B] (+1) +0.567193676<x103>[B] (+0) -0.567193676<x104>[B] (+1) +0.567193676<x105>[B] (+0) -0.567193676<x106>[B] (+0) -0.567193676<x107>[B] (+1) +0.567193676<x108>[B] (+1) +0.567193676<x109>[B] (+1) +0.567193676<x110>[B] (+0) -0.567193676<x111>[B] (+1) +0.567193676<x112>[B] (+0) +0.567193676<x113>[B] (+0) -0.567193676<x114>[B] (+1) +0.567193676<x115>[B] (+1) -0.567193676<x116>[B] (+1) -0.567193676<x117>[B] (+1) -0.567193676<x118>[B] (+1) +0.567193676<x119>[B] (+0) -0.567193676<x120>[B] (+0) +0.567193676<x121>[B] (+0) -0.567193676<x122>[B] (+0) -0.567193676<x123>[B] (+0) +0.567193676<x124>[B] (+1) -0.567193676<x125>[B] (+0) -0.567193676<x126>[B] (+0) -0.567193676<x127>[B] (+0) +0.567193676<x128>[B] (+0) -0.567193676<x129>[B] (+0) -0.567193676<x130>[B] (+1) -0.567193676<x131>[B] (+0) -0.567193676<x132>[B] (+0) -0.567193676<x133>[B] (+1) +0.567193676<x134>[B] (+0) +0.567193676<x135>[B] (+0) +0.567193676<x136>[B] (+0) +0.567193676<x137>[B] (+0) +0.567193676<x138>[B] (+0) +0.567193676<x139>[B] (+1) +0.567193676<x140>[B] (+0) +0.567193676<x141>[B] (+0) +0.567193676<x142>[B] (+0) +0.567193676<x143>[B] (+0) +0.567193676<x144>[B] (+0) +0.567193676<x145>[B] (+0) +0.567193676<x146>[B] (+0) -0.567193676<x147>[B] (+0) +0.567193676<x148>[B] (+1) -0.567193676<x149>[B] (+1) -0.567193676<x150>[B] (+0) -0.567193676<x151>[B] (+0) -0.567193676<x152>[B] (+1) +0.567193676<x153>[B] (+1) -0.567193676<x154>[B] (+1) -0.567193676<x155>[B] (+0) -0.567193676<x156>[B] (+1) -0.567193676<x157>[B] (+0) -0.567193676<x158>[B] (+0) -0.567193676<x159>[B] (+1) -0.567193676<x160>[B] (+1) -0.567193676<x161>[B] (+1) -0.567193676<x162>[B] (+1) +0.567193676<x163>[B] (+0) -0.567193676<x164>[B] (+0) +0.567193676<x165>[B] (+0) +0.567193676<x166>[B] (+1) +0.567193676<x167>[B] (+1) +0.567193676<x168>[B] (+0) +0.567193676<x169>[B] (+0) +0.567193676<x170>[B] (+0) +0.567193676<x171>[B] (+0) -0.567193676<x172>[B] (+1) +0.567193676<x173>[B] (+1) -0.567193676<x174>[B] (+1) -0.567193676<x175>[B] (+1) -0.567193676<x176>[B] (+1) -0.567193676<x177>[B] (+1) +0.567193676<x178>[B] (+1) -0.567193676<x179>[B] (+1) -0.567193676<x180>[B] (+1) -0.567193676<x181>[B] (+1) -0.567193676<x182>[B] (+1) -0.567193676<x183>[B] (+1) -0.567193676<x184>[B] (+1) -0.567193676<x185>[B] (+1) -0.567193676<x186>[B] (+1) -0.567193676<x187>[B] (+1) +0.567193676<x188>[B] (+1) +0.567193676<x189>[B] (+1) +0.567193676<x190>[B] (+1) +0.567193676<x191>[B] (+0) +0.567193676<x192>[B] (+1) +0.567193676<x193>[B] (+1) +0.567193676<x194>[B] (+0) -0.567193676<x195>[B] (+1) +0.567193676<x196>[B] (+1) -0.567193676<x197>[B] (+1) +0.567193676<x198>[B] (+1) +0.567193676<x199>[B] (+1) +0.567193676<x200>[B] (+1) +0.567193676<x201>[B] (+0) +0.567193676<x202>[B] (+1) +0.567193676<x203>[B] (+0) +0.567193676<x204>[B] (+0) -0.567193676<x205>[B] (+1) +0.567193676<x206>[B] (+1) -0.567193676<x207>[B] (+1) -0.567193676<x208>[B] (+1) -0.567193676<x209>[B] (+0) -0.567193676<x210>[B] (+0) -0.567193676<x211>[B] (+0) -0.567193676<x212>[B] (+0) -0.567193676<x213>[B] (+0) -0.567193676<x214>[B] (+0) -0.567193676<x215>[B] (+0) -0.567193676<x216>[B] (+0) -0.567193676<x217>[B] (+1) -0.567193676<x218>[B] (+0) -0.567193676<x219>[B] (+0) +0.567193676<x220>[B] (+0) -0.567193676<x221>[B] (+0) -0.567193676<x222>[B] (+1) -0.567193676<x223>[B] (+1) -0.567193676<x224>[B] (+1) -0.567193676<x225>[B] (+1) -0.567193676<x226>[B] (+1) +0.567193676<x227>[B] (+1) -0.567193676<x228>[B] (+1) -0.567193676<x229>[B] (+1) +0.567193676<x230>[B] (+1) -0.567193676<x231>[B] (+1) -0.567193676<x232>[B] (+1) +0.567193676<x233>[B] (+0) +0.567193676<x234>[B] (+0) -0.567193676<x235>[B] (+1) +0.567193676<x236>[B] (+1) -0.567193676<x237>[B] (+1) -0.567193676<x238>[B] (+1) -0.567193676<x239>[B] (+0) -0.567193676<x240>[B] (+1) -0.567193676<x241>[B] (+1) -0.567193676<x242>[B] (+1) -0.567193676<x243>[B] (+1) -0.567193676<x244>[B] (+1) +0.567193676<x245>[B] (+1) -0.567193676<x246>[B] (+1) -0.567193676<x247>[B] (+1) +0.567193676<x248>[B] (+0) -0.567193676<x249>[B] (+0) +0.567193676<x250>[B] (+1) -0.567193676<x251>[B] (+0) -0.567193676<x252>[B] (+1) +0.567193676<x253>[B] (+1) >= 39.2786561264822;
;
violation: left hand side is violated by 0.177865612648212
  [linear] <c3725>: <x260>[C] (+35.4466403) -0.515810277<x1>[B] (+0) -0.515810277<x2>[B] (+0) -0.515810277<x3>[B] (+0) -0.515810277<x4>[B] (+1) +0.515810277<x5>[B] (+0) -0.515810277<x6>[B] (+0) +0.515810277<x7>[B] (+0) -0.515810277<x8>[B] (+0) -0.515810277<x9>[B] (+0) +0.515810277<x10>[B] (+0) -0.515810277<x11>[B] (+0) +0.515810277<x12>[B] (+0) +0.515810277<x13>[B] (+0) +0.515810277<x14>[B] (+0) +0.515810277<x15>[B] (+0) +0.515810277<x16>[B] (+0) +0.515810277<x17>[B] (+0) +0.515810277<x18>[B] (+0) +0.515810277<x19>[B] (+0) +0.515810277<x20>[B] (+0) +0.515810277<x21>[B] (+0) +0.515810277<x22>[B] (+0) -0.515810277<x23>[B] (+0) -0.515810277<x24>[B] (+0) -0.515810277<x25>[B] (+1) +0.515810277<x26>[B] (+0) +0.515810277<x27>[B] (+1) +0.515810277<x28>[B] (+1) +0.515810277<x29>[B] (+0) -0.515810277<x30>[B] (+1) +0.515810277<x31>[B] (+0) -0.515810277<x32>[B] (+0) +0.515810277<x33>[B] (+0) +0.515810277<x34>[B] (+1) +0.515810277<x35>[B] (+1) +0.515810277<x36>[B] (+0) +0.515810277<x37>[B] (+0) +0.515810277<x38>[B] (+0) +0.515810277<x39>[B] (+0) +0.515810277<x40>[B] (+1) +0.515810277<x41>[B] (+1) +0.515810277<x42>[B] (+1) +0.515810277<x43>[B] (+1) +0.515810277<x44>[B] (+0) +0.515810277<x45>[B] (+1) +0.515810277<x46>[B] (+0) +0.515810277<x47>[B] (+1) +0.515810277<x48>[B] (+1) +0.515810277<x49>[B] (+0) +0.515810277<x50>[B] (+1) +0.515810277<x51>[B] (+0) +0.515810277<x52>[B] (+0) +0.515810277<x53>[B] (+0) +0.515810277<x54>[B] (+1) +0.515810277<x55>[B] (+1) +0.515810277<x56>[B] (+0) +0.515810277<x57>[B] (+1) +0.515810277<x58>[B] (+0) +0.515810277<x59>[B] (+0) +0.515810277<x60>[B] (+1) +0.515810277<x61>[B] (+1) +0.515810277<x62>[B] (+1) +0.515810277<x63>[B] (+1) -0.515810277<x64>[B] (+1) +0.515810277<x65>[B] (+0) +0.515810277<x66>[B] (+1) +0.515810277<x67>[B] (+1) +0.515810277<x68>[B] (+0) -0.515810277<x69>[B] (+1) +0.515810277<x70>[B] (+0) -0.515810277<x71>[B] (+0) +0.515810277<x72>[B] (+1) +0.515810277<x73>[B] (+1) +0.515810277<x74>[B] (+1) +0.515810277<x75>[B] (+0) +0.515810277<x76>[B] (+1) +0.515810277<x77>[B] (+0) +0.515810277<x78>[B] (+0) +0.515810277<x79>[B] (+1) +0.515810277<x80>[B] (+1) +0.515810277<x81>[B] (+1) +0.515810277<x82>[B] (+1) +0.515810277<x83>[B] (+0) +0.515810277<x84>[B] (+0) +0.515810277<x85>[B] (+0) +0.515810277<x86>[B] (+0) +0.515810277<x87>[B] (+0) +0.515810277<x88>[B] (+0) +0.515810277<x89>[B] (+0) +0.515810277<x90>[B] (+0) +0.515810277<x91>[B] (+0) +0.515810277<x92>[B] (+0) +0.515810277<x93>[B] (+0) +0.515810277<x94>[B] (+0) +0.515810277<x95>[B] (+0) +0.515810277<x96>[B] (+0) +0.515810277<x97>[B] (+0) +0.515810277<x98>[B] (+0) +0.515810277<x99>[B] (+0) +0.515810277<x100>[B] (+0) -0.515810277<x101>[B] (+1) +0.515810277<x102>[B] (+1) -0.515810277<x103>[B] (+0) -0.515810277<x104>[B] (+1) -0.515810277<x105>[B] (+0) -0.515810277<x106>[B] (+0) -0.515810277<x107>[B] (+1) -0.515810277<x108>[B] (+1) +0.515810277<x109>[B] (+1) +0.515810277<x110>[B] (+0) -0.515810277<x111>[B] (+1) -0.515810277<x112>[B] (+0) +0.515810277<x113>[B] (+0) -0.515810277<x114>[B] (+1) -0.515810277<x115>[B] (+1) +0.515810277<x116>[B] (+1) -0.515810277<x117>[B] (+1) +0.515810277<x118>[B] (+1) -0.515810277<x119>[B] (+0) -0.515810277<x120>[B] (+0) +0.515810277<x121>[B] (+0) -0.515810277<x122>[B] (+0) +0.515810277<x123>[B] (+0) +0.515810277<x124>[B] (+1) +0.515810277<x125>[B] (+0) +0.515810277<x126>[B] (+0) +0.515810277<x127>[B] (+0) +0.515810277<x128>[B] (+0) +0.515810277<x129>[B] (+0) +0.515810277<x130>[B] (+1) +0.515810277<x131>[B] (+0) +0.515810277<x132>[B] (+0) +0.515810277<x133>[B] (+1) -0.515810277<x134>[B] (+0) -0.515810277<x135>[B] (+0) -0.515810277<x136>[B] (+0) -0.515810277<x137>[B] (+0) -0.515810277<x138>[B] (+0) -0.515810277<x139>[B] (+0) +0.515810277<x140>[B] (+0) +0.515810277<x141>[B] (+0) -0.515810277<x142>[B] (+0) -0.515810277<x143>[B] (+0) +0.515810277<x144>[B] (+0) -0.515810277<x145>[B] (+0) -0.515810277<x146>[B] (+0) +0.515810277<x147>[B] (+0) -0.515810277<x148>[B] (+1) -0.515810277<x149>[B] (+1) +0.515810277<x150>[B] (+0) -0.515810277<x151>[B] (+0) +0.515810277<x152>[B] (+1) +0.515810277<x153>[B] (+1) +0.515810277<x154>[B] (+1) +0.515810277<x155>[B] (+0) +0.515810277<x156>[B] (+1) +0.515810277<x157>[B] (+0) +0.515810277<x158>[B] (+0) +0.515810277<x159>[B] (+1) +0.515810277<x160>[B] (+1) +0.515810277<x161>[B] (+1) +0.515810277<x162>[B] (+1) +0.515810277<x163>[B] (+0) -0.515810277<x164>[B] (+0) +0.515810277<x165>[B] (+0) +0.515810277<x166>[B] (+1) +0.515810277<x167>[B] (+0) +0.515810277<x168>[B] (+0) +0.515810277<x169>[B] (+0) +0.515810277<x170>[B] (+0) +0.515810277<x171>[B] (+0) +0.515810277<x172>[B] (+1) +0.515810277<x173>[B] (+1) +0.515810277<x174>[B] (+1) +0.515810277<x175>[B] (+1) -0.515810277<x176>[B] (+1) +0.515810277<x177>[B] (+1) +0.515810277<x178>[B] (+1) +0.515810277<x179>[B] (+1) +0.515810277<x180>[B] (+1) +0.515810277<x181>[B] (+1) +0.515810277<x182>[B] (+1) +0.515810277<x183>[B] (+1) +0.515810277<x184>[B] (+1) +0.515810277<x185>[B] (+1) +0.515810277<x186>[B] (+1) +0.515810277<x187>[B] (+1) +0.515810277<x188>[B] (+1) +0.515810277<x189>[B] (+1) +0.515810277<x190>[B] (+1) +0.515810277<x191>[B] (+0) +0.515810277<x192>[B] (+1) +0.515810277<x193>[B] (+1) +0.515810277<x194>[B] (+0) +0.515810277<x195>[B] (+1) +0.515810277<x196>[B] (+1) +0.515810277<x197>[B] (+1) +0.515810277<x198>[B] (+1) +0.515810277<x199>[B] (+1) +0.515810277<x200>[B] (+1) +0.515810277<x201>[B] (+0) -0.515810277<x202>[B] (+1) +0.515810277<x203>[B] (+0) +0.515810277<x204>[B] (+0) +0.515810277<x205>[B] (+1) +0.515810277<x206>[B] (+1) +0.515810277<x207>[B] (+1) -0.515810277<x208>[B] (+1) +0.515810277<x209>[B] (+0) +0.515810277<x210>[B] (+0) -0.515810277<x211>[B] (+0) -0.515810277<x212>[B] (+0) +0.515810277<x213>[B] (+0) +0.515810277<x214>[B] (+1) -0.515810277<x215>[B] (+0) +0.515810277<x216>[B] (+0) -0.515810277<x217>[B] (+1) -0.515810277<x218>[B] (+0) -0.515810277<x219>[B] (+0) -0.515810277<x220>[B] (+0) -0.515810277<x221>[B] (+0) -0.515810277<x222>[B] (+1) -0.515810277<x223>[B] (+1) -0.515810277<x224>[B] (+1) -0.515810277<x225>[B] (+1) -0.515810277<x226>[B] (+1) -0.515810277<x227>[B] (+1) -0.515810277<x228>[B] (+1) -0.515810277<x229>[B] (+1) -0.515810277<x230>[B] (+1) -0.515810277<x231>[B] (+1) -0.515810277<x232>[B] (+1) +0.515810277<x233>[B] (+0) +0.515810277<x234>[B] (+0) +0.515810277<x235>[B] (+1) +0.515810277<x236>[B] (+1) +0.515810277<x237>[B] (+1) -0.515810277<x238>[B] (+1) +0.515810277<x239>[B] (+0) +0.515810277<x240>[B] (+1) -0.515810277<x241>[B] (+1) +0.515810277<x242>[B] (+1) -0.515810277<x243>[B] (+1) -0.515810277<x244>[B] (+1) -0.515810277<x245>[B] (+1) +0.515810277<x246>[B] (+1) -0.515810277<x247>[B] (+1) -0.515810277<x248>[B] (+0) +0.515810277<x249>[B] (+0) -0.515810277<x250>[B] (+1) +0.515810277<x251>[B] (+0) -0.515810277<x252>[B] (+1) -0.515810277<x253>[B] (+1) >= 57.1264822134387;
;
violation: left hand side is violated by 0.0158102766797725
  [linear] <c3722>: <x257>[C] (+27.7687747) -0.472332016<x1>[B] (+0) -0.472332016<x2>[B] (+0) -0.472332016<x3>[B] (+0) -0.472332016<x4>[B] (+1) -0.472332016<x5>[B] (+0) -0.472332016<x6>[B] (+0) -0.472332016<x7>[B] (+0) -0.472332016<x8>[B] (+0) -0.472332016<x9>[B] (+0) -0.472332016<x10>[B] (+0) -0.472332016<x11>[B] (+0) -0.472332016<x12>[B] (+0) -0.472332016<x13>[B] (+1) -0.472332016<x14>[B] (+0) -0.472332016<x15>[B] (+0) -0.472332016<x16>[B] (+0) -0.472332016<x17>[B] (+0) -0.472332016<x18>[B] (+0) -0.472332016<x19>[B] (+1) -0.472332016<x20>[B] (+0) -0.472332016<x21>[B] (+0) -0.472332016<x22>[B] (+1) +0.472332016<x23>[B] (+0) +0.472332016<x24>[B] (+0) +0.472332016<x25>[B] (+1) +0.472332016<x26>[B] (+0) +0.472332016<x27>[B] (+1) -0.472332016<x28>[B] (+1) +0.472332016<x29>[B] (+0) +0.472332016<x30>[B] (+0) +0.472332016<x31>[B] (+0) +0.472332016<x32>[B] (+0) +0.472332016<x33>[B] (+0) -0.472332016<x34>[B] (+1) +0.472332016<x35>[B] (+0) +0.472332016<x36>[B] (+0) -0.472332016<x37>[B] (+0) +0.472332016<x38>[B] (+0) -0.472332016<x39>[B] (+0) +0.472332016<x40>[B] (+1) -0.472332016<x41>[B] (+1) +0.472332016<x42>[B] (+0) +0.472332016<x43>[B] (+1) -0.472332016<x44>[B] (+0) -0.472332016<x45>[B] (+1) -0.472332016<x46>[B] (+0) +0.472332016<x47>[B] (+1) -0.472332016<x48>[B] (+1) +0.472332016<x49>[B] (+0) +0.472332016<x50>[B] (+1) -0.472332016<x51>[B] (+0) -0.472332016<x52>[B] (+0) -0.472332016<x53>[B] (+0) -0.472332016<x54>[B] (+1) -0.472332016<x55>[B] (+1) -0.472332016<x56>[B] (+0) -0.472332016<x57>[B] (+0) -0.472332016<x58>[B] (+0) -0.472332016<x59>[B] (+0) -0.472332016<x60>[B] (+1) -0.472332016<x61>[B] (+1) +0.472332016<x62>[B] (+1) -0.472332016<x63>[B] (+1) -0.472332016<x64>[B] (+1) -0.472332016<x65>[B] (+1) +0.472332016<x66>[B] (+1) -0.472332016<x67>[B] (+1) +0.472332016<x68>[B] (+0) +0.472332016<x69>[B] (+1) +0.472332016<x70>[B] (+0) -0.472332016<x71>[B] (+0) -0.472332016<x72>[B] (+1) -0.472332016<x73>[B] (+1) -0.472332016<x74>[B] (+1) -0.472332016<x75>[B] (+0) -0.472332016<x76>[B] (+1) -0.472332016<x77>[B] (+0) -0.472332016<x78>[B] (+0) -0.472332016<x79>[B] (+1) -0.472332016<x80>[B] (+1) +0.472332016<x81>[B] (+1) -0.472332016<x82>[B] (+1) +0.472332016<x83>[B] (+0) +0.472332016<x84>[B] (+0) -0.472332016<x85>[B] (+0) +0.472332016<x86>[B] (+0) +0.472332016<x87>[B] (+0) +0.472332016<x88>[B] (+0) -0.472332016<x89>[B] (+0) -0.472332016<x90>[B] (+0) -0.472332016<x91>[B] (+1) -0.472332016<x92>[B] (+0) -0.472332016<x93>[B] (+0) -0.472332016<x94>[B] (+0) -0.472332016<x95>[B] (+0) -0.472332016<x96>[B] (+0) -0.472332016<x97>[B] (+1) -0.472332016<x98>[B] (+0) +0.472332016<x99>[B] (+0) +0.472332016<x100>[B] (+1) +0.472332016<x101>[B] (+1) -0.472332016<x102>[B] (+1) +0.472332016<x103>[B] (+0) +0.472332016<x104>[B] (+1) +0.472332016<x105>[B] (+0) -0.472332016<x106>[B] (+0) -0.472332016<x107>[B] (+1) -0.472332016<x108>[B] (+1) -0.472332016<x109>[B] (+1) -0.472332016<x110>[B] (+0) -0.472332016<x111>[B] (+0) -0.472332016<x112>[B] (+0) -0.472332016<x113>[B] (+0) -0.472332016<x114>[B] (+1) -0.472332016<x115>[B] (+1) +0.472332016<x116>[B] (+1) +0.472332016<x117>[B] (+1) -0.472332016<x118>[B] (+1) +0.472332016<x119>[B] (+0) +0.472332016<x120>[B] (+0) -0.472332016<x121>[B] (+0) -0.472332016<x122>[B] (+0) -0.472332016<x123>[B] (+0) -0.472332016<x124>[B] (+1) -0.472332016<x125>[B] (+0) -0.472332016<x126>[B] (+0) -0.472332016<x127>[B] (+0) -0.472332016<x128>[B] (+0) -0.472332016<x129>[B] (+0) -0.472332016<x130>[B] (+1) -0.472332016<x131>[B] (+0) -0.472332016<x132>[B] (+0) -0.472332016<x133>[B] (+1) +0.472332016<x134>[B] (+0) +0.472332016<x135>[B] (+0) +0.472332016<x136>[B] (+0) +0.472332016<x137>[B] (+0) +0.472332016<x138>[B] (+0) -0.472332016<x139>[B] (+1) +0.472332016<x140>[B] (+0) +0.472332016<x141>[B] (+0) -0.472332016<x142>[B] (+0) +0.472332016<x143>[B] (+0) -0.472332016<x144>[B] (+0) +0.472332016<x145>[B] (+1) -0.472332016<x146>[B] (+0) +0.472332016<x147>[B] (+0) +0.472332016<x148>[B] (+1) -0.472332016<x149>[B] (+1) -0.472332016<x150>[B] (+0) -0.472332016<x151>[B] (+0) -0.472332016<x152>[B] (+1) -0.472332016<x153>[B] (+1) -0.472332016<x154>[B] (+1) -0.472332016<x155>[B] (+0) -0.472332016<x156>[B] (+1) -0.472332016<x157>[B] (+0) -0.472332016<x158>[B] (+0) -0.472332016<x159>[B] (+1) -0.472332016<x160>[B] (+1) -0.472332016<x161>[B] (+1) -0.472332016<x162>[B] (+1) -0.472332016<x163>[B] (+0) -0.472332016<x164>[B] (+0) -0.472332016<x165>[B] (+0) -0.472332016<x166>[B] (+1) -0.472332016<x167>[B] (+0) -0.472332016<x168>[B] (+0) -0.472332016<x169>[B] (+0) -0.472332016<x170>[B] (+0) -0.472332016<x171>[B] (+0) -0.472332016<x172>[B] (+1) -0.472332016<x173>[B] (+1) -0.472332016<x174>[B] (+0) -0.472332016<x175>[B] (+1) -0.472332016<x176>[B] (+1) -0.472332016<x177>[B] (+1) -0.472332016<x178>[B] (+1) -0.472332016<x179>[B] (+1) -0.472332016<x180>[B] (+1) -0.472332016<x181>[B] (+1) -0.472332016<x182>[B] (+1) -0.472332016<x183>[B] (+1) -0.472332016<x184>[B] (+1) -0.472332016<x185>[B] (+1) +0.472332016<x186>[B] (+1) -0.472332016<x187>[B] (+1) +0.472332016<x188>[B] (+1) -0.472332016<x189>[B] (+1) +0.472332016<x190>[B] (+1) -0.472332016<x191>[B] (+0) -0.472332016<x192>[B] (+1) +0.472332016<x193>[B] (+1) -0.472332016<x194>[B] (+0) +0.472332016<x195>[B] (+1) -0.472332016<x196>[B] (+1) +0.472332016<x197>[B] (+1) +0.472332016<x198>[B] (+1) -0.472332016<x199>[B] (+1) +0.472332016<x200>[B] (+1) -0.472332016<x201>[B] (+0) -0.472332016<x202>[B] (+0) +0.472332016<x203>[B] (+0) -0.472332016<x204>[B] (+0) +0.472332016<x205>[B] (+1) -0.472332016<x206>[B] (+1) +0.472332016<x207>[B] (+1) +0.472332016<x208>[B] (+1) +0.472332016<x209>[B] (+0) +0.472332016<x210>[B] (+0) -0.472332016<x211>[B] (+0) +0.472332016<x212>[B] (+0) +0.472332016<x213>[B] (+0) +0.472332016<x214>[B] (+1) -0.472332016<x215>[B] (+0) +0.472332016<x216>[B] (+0) +0.472332016<x217>[B] (+1) -0.472332016<x218>[B] (+0) -0.472332016<x219>[B] (+0) +0.472332016<x220>[B] (+0) -0.472332016<x221>[B] (+0) +0.472332016<x222>[B] (+1) -0.472332016<x223>[B] (+1) +0.472332016<x224>[B] (+1) +0.472332016<x225>[B] (+1) -0.472332016<x226>[B] (+1) +0.472332016<x227>[B] (+1) -0.472332016<x228>[B] (+1) +0.472332016<x229>[B] (+1) -0.472332016<x230>[B] (+1) +0.472332016<x231>[B] (+1) +0.472332016<x232>[B] (+1) +0.472332016<x233>[B] (+0) +0.472332016<x234>[B] (+0) +0.472332016<x235>[B] (+1) +0.472332016<x236>[B] (+1) +0.472332016<x237>[B] (+1) +0.472332016<x238>[B] (+1) -0.472332016<x239>[B] (+0) -0.472332016<x240>[B] (+1) -0.472332016<x241>[B] (+1) +0.472332016<x242>[B] (+1) +0.472332016<x243>[B] (+1) +0.472332016<x244>[B] (+1) -0.472332016<x245>[B] (+1) +0.472332016<x246>[B] (+1) +0.472332016<x247>[B] (+1) -0.472332016<x248>[B] (+0) +0.472332016<x249>[B] (+0) +0.472332016<x250>[B] (+1) +0.472332016<x251>[B] (+0) +0.472332016<x252>[B] (+1) -0.472332016<x253>[B] (+1) >= 15.7055335968379;
;
violation: left hand side is violated by 0.217391304347924
  [linear] <c3730>: <x266>[C] (+40.3300395) +0.54743083<x1>[B] (+0) +0.54743083<x2>[B] (+0) +0.54743083<x3>[B] (+0) -0.54743083<x4>[B] (+1) -0.54743083<x5>[B] (+0) +0.54743083<x6>[B] (+0) +0.54743083<x7>[B] (+0) -0.54743083<x8>[B] (+0) -0.54743083<x9>[B] (+0) +0.54743083<x10>[B] (+0) +0.54743083<x11>[B] (+0) +0.54743083<x12>[B] (+0) +0.54743083<x13>[B] (+0) +0.54743083<x14>[B] (+0) -0.54743083<x15>[B] (+0) +0.54743083<x16>[B] (+0) +0.54743083<x17>[B] (+0) +0.54743083<x18>[B] (+0) -0.54743083<x19>[B] (+0) -0.54743083<x20>[B] (+0) +0.54743083<x21>[B] (+0) +0.54743083<x22>[B] (+0) -0.54743083<x23>[B] (+0) -0.54743083<x24>[B] (+0) -0.54743083<x25>[B] (+1) -0.54743083<x26>[B] (+0) -0.54743083<x27>[B] (+1) -0.54743083<x28>[B] (+1) -0.54743083<x29>[B] (+0) -0.54743083<x30>[B] (+1) -0.54743083<x31>[B] (+0) -0.54743083<x32>[B] (+0) -0.54743083<x33>[B] (+0) -0.54743083<x34>[B] (+1) -0.54743083<x35>[B] (+1) -0.54743083<x36>[B] (+0) -0.54743083<x37>[B] (+0) -0.54743083<x38>[B] (+0) -0.54743083<x39>[B] (+0) -0.54743083<x40>[B] (+1) -0.54743083<x41>[B] (+1) -0.54743083<x42>[B] (+1) -0.54743083<x43>[B] (+1) -0.54743083<x44>[B] (+0) -0.54743083<x45>[B] (+1) -0.54743083<x46>[B] (+0) +0.54743083<x47>[B] (+1) +0.54743083<x48>[B] (+1) -0.54743083<x49>[B] (+0) -0.54743083<x50>[B] (+1) +0.54743083<x51>[B] (+0) -0.54743083<x52>[B] (+0) +0.54743083<x53>[B] (+0) +0.54743083<x54>[B] (+1) +0.54743083<x55>[B] (+1) -0.54743083<x56>[B] (+0) +0.54743083<x57>[B] (+1) +0.54743083<x58>[B] (+0) +0.54743083<x59>[B] (+0) -0.54743083<x60>[B] (+1) -0.54743083<x61>[B] (+1) -0.54743083<x62>[B] (+1) -0.54743083<x63>[B] (+1) -0.54743083<x64>[B] (+1) -0.54743083<x65>[B] (+0) +0.54743083<x66>[B] (+1) +0.54743083<x67>[B] (+1) -0.54743083<x68>[B] (+0) -0.54743083<x69>[B] (+1) +0.54743083<x70>[B] (+0) -0.54743083<x71>[B] (+0) +0.54743083<x72>[B] (+0) +0.54743083<x73>[B] (+1) +0.54743083<x74>[B] (+1) -0.54743083<x75>[B] (+0) +0.54743083<x76>[B] (+1) +0.54743083<x77>[B] (+0) +0.54743083<x78>[B] (+0) -0.54743083<x79>[B] (+1) -0.54743083<x80>[B] (+1) -0.54743083<x81>[B] (+1) -0.54743083<x82>[B] (+1) -0.54743083<x83>[B] (+0) +0.54743083<x84>[B] (+0) +0.54743083<x85>[B] (+0) +0.54743083<x86>[B] (+0) +0.54743083<x87>[B] (+0) +0.54743083<x88>[B] (+0) +0.54743083<x89>[B] (+0) +0.54743083<x90>[B] (+0) +0.54743083<x91>[B] (+0) +0.54743083<x92>[B] (+0) -0.54743083<x93>[B] (+0) +0.54743083<x94>[B] (+0) +0.54743083<x95>[B] (+0) +0.54743083<x96>[B] (+0) -0.54743083<x97>[B] (+0) -0.54743083<x98>[B] (+0) +0.54743083<x99>[B] (+0) +0.54743083<x100>[B] (+0) +0.54743083<x101>[B] (+1) +0.54743083<x102>[B] (+1) +0.54743083<x103>[B] (+0) +0.54743083<x104>[B] (+1) +0.54743083<x105>[B] (+0) +0.54743083<x106>[B] (+0) +0.54743083<x107>[B] (+1) +0.54743083<x108>[B] (+1) +0.54743083<x109>[B] (+1) +0.54743083<x110>[B] (+0) +0.54743083<x111>[B] (+1) +0.54743083<x112>[B] (+0) +0.54743083<x113>[B] (+0) -0.54743083<x114>[B] (+1) +0.54743083<x115>[B] (+1) +0.54743083<x116>[B] (+1) +0.54743083<x117>[B] (+1) -0.54743083<x118>[B] (+1) -0.54743083<x119>[B] (+0) -0.54743083<x120>[B] (+0) +0.54743083<x121>[B] (+0) -0.54743083<x122>[B] (+0) -0.54743083<x123>[B] (+0) +0.54743083<x124>[B] (+1) -0.54743083<x125>[B] (+0) -0.54743083<x126>[B] (+0) +0.54743083<x127>[B] (+0) -0.54743083<x128>[B] (+0) +0.54743083<x129>[B] (+0) -0.54743083<x130>[B] (+1) -0.54743083<x131>[B] (+0) -0.54743083<x132>[B] (+0) -0.54743083<x133>[B] (+1) -0.54743083<x134>[B] (+0) -0.54743083<x135>[B] (+0) +0.54743083<x136>[B] (+0) -0.54743083<x137>[B] (+0) -0.54743083<x138>[B] (+0) +0.54743083<x139>[B] (+0) -0.54743083<x140>[B] (+0) -0.54743083<x141>[B] (+0) +0.54743083<x142>[B] (+0) -0.54743083<x143>[B] (+0) +0.54743083<x144>[B] (+0) -0.54743083<x145>[B] (+0) -0.54743083<x146>[B] (+0) -0.54743083<x147>[B] (+0) -0.54743083<x148>[B] (+1) +0.54743083<x149>[B] (+1) +0.54743083<x150>[B] (+0) +0.54743083<x151>[B] (+0) +0.54743083<x152>[B] (+1) +0.54743083<x153>[B] (+1) +0.54743083<x154>[B] (+1) -0.54743083<x155>[B] (+0) +0.54743083<x156>[B] (+1) +0.54743083<x157>[B] (+0) +0.54743083<x158>[B] (+0) -0.54743083<x159>[B] (+1) -0.54743083<x160>[B] (+1) +0.54743083<x161>[B] (+1) +0.54743083<x162>[B] (+1) +0.54743083<x163>[B] (+0) +0.54743083<x164>[B] (+0) +0.54743083<x165>[B] (+0) +0.54743083<x166>[B] (+1) +0.54743083<x167>[B] (+0) -0.54743083<x168>[B] (+0) +0.54743083<x169>[B] (+0) +0.54743083<x170>[B] (+0) +0.54743083<x171>[B] (+0) -0.54743083<x172>[B] (+1) -0.54743083<x173>[B] (+1) +0.54743083<x174>[B] (+1) +0.54743083<x175>[B] (+1) -0.54743083<x176>[B] (+1) -0.54743083<x177>[B] (+1) -0.54743083<x178>[B] (+1) -0.54743083<x179>[B] (+1) -0.54743083<x180>[B] (+1) +0.54743083<x181>[B] (+1) -0.54743083<x182>[B] (+1) -0.54743083<x183>[B] (+1) -0.54743083<x184>[B] (+1) -0.54743083<x185>[B] (+1) -0.54743083<x186>[B] (+1) -0.54743083<x187>[B] (+1) +0.54743083<x188>[B] (+1) +0.54743083<x189>[B] (+1) +0.54743083<x190>[B] (+1) -0.54743083<x191>[B] (+0) +0.54743083<x192>[B] (+1) +0.54743083<x193>[B] (+1) +0.54743083<x194>[B] (+0) -0.54743083<x195>[B] (+1) -0.54743083<x196>[B] (+1) -0.54743083<x197>[B] (+1) -0.54743083<x198>[B] (+1) +0.54743083<x199>[B] (+1) -0.54743083<x200>[B] (+1) -0.54743083<x201>[B] (+0) +0.54743083<x202>[B] (+1) -0.54743083<x203>[B] (+0) +0.54743083<x204>[B] (+0) -0.54743083<x205>[B] (+1) -0.54743083<x206>[B] (+1) -0.54743083<x207>[B] (+1) -0.54743083<x208>[B] (+1) -0.54743083<x209>[B] (+0) -0.54743083<x210>[B] (+0) +0.54743083<x211>[B] (+0) -0.54743083<x212>[B] (+0) -0.54743083<x213>[B] (+0) -0.54743083<x214>[B] (+1) -0.54743083<x215>[B] (+0) -0.54743083<x216>[B] (+0) -0.54743083<x217>[B] (+1) -0.54743083<x218>[B] (+0) +0.54743083<x219>[B] (+0) +0.54743083<x220>[B] (+0) +0.54743083<x221>[B] (+0) -0.54743083<x222>[B] (+1) -0.54743083<x223>[B] (+1) -0.54743083<x224>[B] (+1) -0.54743083<x225>[B] (+1) +0.54743083<x226>[B] (+1) +0.54743083<x227>[B] (+1) +0.54743083<x228>[B] (+1) -0.54743083<x229>[B] (+1) -0.54743083<x230>[B] (+1) +0.54743083<x231>[B] (+1) +0.54743083<x232>[B] (+1) -0.54743083<x233>[B] (+0) -0.54743083<x234>[B] (+0) -0.54743083<x235>[B] (+1) -0.54743083<x236>[B] (+1) -0.54743083<x237>[B] (+1) -0.54743083<x238>[B] (+1) +0.54743083<x239>[B] (+0) -0.54743083<x240>[B] (+1) -0.54743083<x241>[B] (+1) -0.54743083<x242>[B] (+1) -0.54743083<x243>[B] (+1) -0.54743083<x244>[B] (+1) -0.54743083<x245>[B] (+1) -0.54743083<x246>[B] (+1) -0.54743083<x247>[B] (+1) +0.54743083<x248>[B] (+0) +0.54743083<x249>[B] (+0) +0.54743083<x250>[B] (+1) +0.54743083<x251>[B] (+0) +0.54743083<x252>[B] (+1) +0.54743083<x253>[B] (+1) >= 26.6877470355731;
;
violation: left hand side is violated by 0.0434782608695272
  [linear] <c3728>: <x263>[C] (+26.5335968) -0.440711462<x1>[B] (+0) -0.440711462<x2>[B] (+0) -0.440711462<x3>[B] (+0) -0.440711462<x4>[B] (+1) -0.440711462<x5>[B] (+0) -0.440711462<x6>[B] (+0) -0.440711462<x7>[B] (+0) -0.440711462<x8>[B] (+0) -0.440711462<x9>[B] (+0) -0.440711462<x10>[B] (+0) -0.440711462<x11>[B] (+0) -0.440711462<x12>[B] (+0) -0.440711462<x13>[B] (+0) -0.440711462<x14>[B] (+0) -0.440711462<x15>[B] (+0) -0.440711462<x16>[B] (+0) -0.440711462<x17>[B] (+0) -0.440711462<x18>[B] (+0) -0.440711462<x19>[B] (+0) -0.440711462<x20>[B] (+0) +0.440711462<x21>[B] (+0) -0.440711462<x22>[B] (+0) +0.440711462<x23>[B] (+0) +0.440711462<x24>[B] (+0) -0.440711462<x25>[B] (+1) +0.440711462<x26>[B] (+0) -0.440711462<x27>[B] (+1) -0.440711462<x28>[B] (+1) -0.440711462<x29>[B] (+0) +0.440711462<x30>[B] (+0) -0.440711462<x31>[B] (+0) -0.440711462<x32>[B] (+0) +0.440711462<x33>[B] (+0) +0.440711462<x34>[B] (+1) +0.440711462<x35>[B] (+0) -0.440711462<x36>[B] (+0) -0.440711462<x37>[B] (+0) +0.440711462<x38>[B] (+0) +0.440711462<x39>[B] (+0) -0.440711462<x40>[B] (+1) +0.440711462<x41>[B] (+1) +0.440711462<x42>[B] (+0) -0.440711462<x43>[B] (+1) +0.440711462<x44>[B] (+0) -0.440711462<x45>[B] (+1) +0.440711462<x46>[B] (+0) -0.440711462<x47>[B] (+1) -0.440711462<x48>[B] (+1) -0.440711462<x49>[B] (+0) -0.440711462<x50>[B] (+1) -0.440711462<x51>[B] (+0) -0.440711462<x52>[B] (+0) +0.440711462<x53>[B] (+0) +0.440711462<x54>[B] (+1) +0.440711462<x55>[B] (+1) -0.440711462<x56>[B] (+0) -0.440711462<x57>[B] (+0) -0.440711462<x58>[B] (+0) +0.440711462<x59>[B] (+0) -0.440711462<x60>[B] (+1) +0.440711462<x61>[B] (+1) +0.440711462<x62>[B] (+1) -0.440711462<x63>[B] (+1) -0.440711462<x64>[B] (+1) -0.440711462<x65>[B] (+0) -0.440711462<x66>[B] (+1) -0.440711462<x67>[B] (+1) -0.440711462<x68>[B] (+0) -0.440711462<x69>[B] (+1) -0.440711462<x70>[B] (+0) -0.440711462<x71>[B] (+0) -0.440711462<x72>[B] (+0) +0.440711462<x73>[B] (+1) -0.440711462<x74>[B] (+1) -0.440711462<x75>[B] (+0) -0.440711462<x76>[B] (+0) -0.440711462<x77>[B] (+0) +0.440711462<x78>[B] (+0) -0.440711462<x79>[B] (+1) -0.440711462<x80>[B] (+1) +0.440711462<x81>[B] (+1) -0.440711462<x82>[B] (+1) +0.440711462<x83>[B] (+0) -0.440711462<x84>[B] (+0) +0.440711462<x85>[B] (+0) +0.440711462<x86>[B] (+0) +0.440711462<x87>[B] (+0) -0.440711462<x88>[B] (+0) -0.440711462<x89>[B] (+0) +0.440711462<x90>[B] (+0) +0.440711462<x91>[B] (+0) +0.440711462<x92>[B] (+0) -0.440711462<x93>[B] (+0) -0.440711462<x94>[B] (+0) +0.440711462<x95>[B] (+0) +0.440711462<x96>[B] (+0) -0.440711462<x97>[B] (+0) +0.440711462<x98>[B] (+0) +0.440711462<x99>[B] (+0) -0.440711462<x100>[B] (+0) -0.440711462<x101>[B] (+1) -0.440711462<x102>[B] (+1) -0.440711462<x103>[B] (+0) -0.440711462<x104>[B] (+1) -0.440711462<x105>[B] (+0) -0.440711462<x106>[B] (+0) +0.440711462<x107>[B] (+1) +0.440711462<x108>[B] (+1) +0.440711462<x109>[B] (+1) -0.440711462<x110>[B] (+0) -0.440711462<x111>[B] (+0) -0.440711462<x112>[B] (+0) +0.440711462<x113>[B] (+0) -0.440711462<x114>[B] (+1) -0.440711462<x115>[B] (+1) +0.440711462<x116>[B] (+1) -0.440711462<x117>[B] (+1) +0.440711462<x118>[B] (+1) +0.440711462<x119>[B] (+0) +0.440711462<x120>[B] (+0) -0.440711462<x121>[B] (+0) -0.440711462<x122>[B] (+0) +0.440711462<x123>[B] (+0) +0.440711462<x124>[B] (+1) +0.440711462<x125>[B] (+0) -0.440711462<x126>[B] (+0) -0.440711462<x127>[B] (+0) +0.440711462<x128>[B] (+0) +0.440711462<x129>[B] (+0) -0.440711462<x130>[B] (+1) +0.440711462<x131>[B] (+0) +0.440711462<x132>[B] (+0) -0.440711462<x133>[B] (+1) +0.440711462<x134>[B] (+0) +0.440711462<x135>[B] (+0) -0.440711462<x136>[B] (+0) -0.440711462<x137>[B] (+0) +0.440711462<x138>[B] (+0) +0.440711462<x139>[B] (+0) +0.440711462<x140>[B] (+0) -0.440711462<x141>[B] (+0) -0.440711462<x142>[B] (+0) +0.440711462<x143>[B] (+0) +0.440711462<x144>[B] (+0) -0.440711462<x145>[B] (+0) +0.440711462<x146>[B] (+0) +0.440711462<x147>[B] (+0) -0.440711462<x148>[B] (+1) +0.440711462<x149>[B] (+1) -0.440711462<x150>[B] (+0) -0.440711462<x151>[B] (+0) +0.440711462<x152>[B] (+1) +0.440711462<x153>[B] (+1) +0.440711462<x154>[B] (+1) -0.440711462<x155>[B] (+0) -0.440711462<x156>[B] (+1) +0.440711462<x157>[B] (+0) +0.440711462<x158>[B] (+0) -0.440711462<x159>[B] (+1) +0.440711462<x160>[B] (+1) +0.440711462<x161>[B] (+1) -0.440711462<x162>[B] (+1) -0.440711462<x163>[B] (+0) -0.440711462<x164>[B] (+0) +0.440711462<x165>[B] (+0) +0.440711462<x166>[B] (+1) +0.440711462<x167>[B] (+0) -0.440711462<x168>[B] (+0) -0.440711462<x169>[B] (+0) -0.440711462<x170>[B] (+0) +0.440711462<x171>[B] (+0) -0.440711462<x172>[B] (+1) +0.440711462<x173>[B] (+1) +0.440711462<x174>[B] (+0) -0.440711462<x175>[B] (+1) -0.440711462<x176>[B] (+1) +0.440711462<x177>[B] (+1) +0.440711462<x178>[B] (+1) +0.440711462<x179>[B] (+1) -0.440711462<x180>[B] (+1) +0.440711462<x181>[B] (+1) +0.440711462<x182>[B] (+1) +0.440711462<x183>[B] (+1) -0.440711462<x184>[B] (+1) +0.440711462<x185>[B] (+1) +0.440711462<x186>[B] (+1) -0.440711462<x187>[B] (+1) +0.440711462<x188>[B] (+1) +0.440711462<x189>[B] (+1) +0.440711462<x190>[B] (+1) -0.440711462<x191>[B] (+0) +0.440711462<x192>[B] (+1) +0.440711462<x193>[B] (+1) +0.440711462<x194>[B] (+0) -0.440711462<x195>[B] (+1) +0.440711462<x196>[B] (+1) +0.440711462<x197>[B] (+1) +0.440711462<x198>[B] (+1) +0.440711462<x199>[B] (+1) +0.440711462<x200>[B] (+1) -0.440711462<x201>[B] (+0) -0.440711462<x202>[B] (+0) -0.440711462<x203>[B] (+0) +0.440711462<x204>[B] (+0) -0.440711462<x205>[B] (+1) -0.440711462<x206>[B] (+1) +0.440711462<x207>[B] (+1) -0.440711462<x208>[B] (+1) -0.440711462<x209>[B] (+0) -0.440711462<x210>[B] (+0) -0.440711462<x211>[B] (+0) -0.440711462<x212>[B] (+0) -0.440711462<x213>[B] (+0) -0.440711462<x214>[B] (+1) -0.440711462<x215>[B] (+0) +0.440711462<x216>[B] (+0) -0.440711462<x217>[B] (+1) -0.440711462<x218>[B] (+0) -0.440711462<x219>[B] (+0) -0.440711462<x220>[B] (+0) +0.440711462<x221>[B] (+0) -0.440711462<x222>[B] (+1) -0.440711462<x223>[B] (+1) +0.440711462<x224>[B] (+1) -0.440711462<x225>[B] (+1) +0.440711462<x226>[B] (+1) +0.440711462<x227>[B] (+1) +0.440711462<x228>[B] (+1) +0.440711462<x229>[B] (+1) +0.440711462<x230>[B] (+1) +0.440711462<x231>[B] (+1) +0.440711462<x232>[B] (+1) +0.440711462<x233>[B] (+0) +0.440711462<x234>[B] (+0) -0.440711462<x235>[B] (+1) +0.440711462<x236>[B] (+1) +0.440711462<x237>[B] (+1) -0.440711462<x238>[B] (+1) +0.440711462<x239>[B] (+0) -0.440711462<x240>[B] (+1) +0.440711462<x241>[B] (+1) +0.440711462<x242>[B] (+1) -0.440711462<x243>[B] (+1) -0.440711462<x244>[B] (+1) -0.440711462<x245>[B] (+1) +0.440711462<x246>[B] (+1) -0.440711462<x247>[B] (+1) +0.440711462<x248>[B] (+0) +0.440711462<x249>[B] (+0) +0.440711462<x250>[B] (+1) +0.440711462<x251>[B] (+0) -0.440711462<x252>[B] (+1) -0.440711462<x253>[B] (+1) >= 26.1126482213439;
;
violation: left hand side is violated by 0.0197628458498009
  [linear] <c3722>: <x257>[C] (+29.3043478) -0.472332016<x1>[B] (+0) -0.472332016<x2>[B] (+0) -0.472332016<x3>[B] (+0) -0.472332016<x4>[B] (+0) -0.472332016<x5>[B] (+0) -0.472332016<x6>[B] (+0) -0.472332016<x7>[B] (+0) -0.472332016<x8>[B] (+0) -0.472332016<x9>[B] (+0) -0.472332016<x10>[B] (+0) -0.472332016<x11>[B] (+0) -0.472332016<x12>[B] (+0) -0.472332016<x13>[B] (+1) -0.472332016<x14>[B] (+0) -0.472332016<x15>[B] (+0) -0.472332016<x16>[B] (+0) -0.472332016<x17>[B] (+0) -0.472332016<x18>[B] (+0) -0.472332016<x19>[B] (+1) -0.472332016<x20>[B] (+0) -0.472332016<x21>[B] (+0) -0.472332016<x22>[B] (+1) +0.472332016<x23>[B] (+0) +0.472332016<x24>[B] (+0) +0.472332016<x25>[B] (+1) +0.472332016<x26>[B] (+0) +0.472332016<x27>[B] (+1) -0.472332016<x28>[B] (+1) +0.472332016<x29>[B] (+0) +0.472332016<x30>[B] (+0) +0.472332016<x31>[B] (+0) +0.472332016<x32>[B] (+0) +0.472332016<x33>[B] (+0) -0.472332016<x34>[B] (+1) +0.472332016<x35>[B] (+0) +0.472332016<x36>[B] (+0) -0.472332016<x37>[B] (+0) +0.472332016<x38>[B] (+0) -0.472332016<x39>[B] (+0) +0.472332016<x40>[B] (+1) -0.472332016<x41>[B] (+0) +0.472332016<x42>[B] (+0) +0.472332016<x43>[B] (+1) -0.472332016<x44>[B] (+0) -0.472332016<x45>[B] (+1) -0.472332016<x46>[B] (+0) +0.472332016<x47>[B] (+1) -0.472332016<x48>[B] (+1) +0.472332016<x49>[B] (+0) +0.472332016<x50>[B] (+1) -0.472332016<x51>[B] (+0) -0.472332016<x52>[B] (+0) -0.472332016<x53>[B] (+0) -0.472332016<x54>[B] (+1) -0.472332016<x55>[B] (+1) -0.472332016<x56>[B] (+0) -0.472332016<x57>[B] (+0) -0.472332016<x58>[B] (+0) -0.472332016<x59>[B] (+0) -0.472332016<x60>[B] (+1) -0.472332016<x61>[B] (+1) +0.472332016<x62>[B] (+0) -0.472332016<x63>[B] (+1) -0.472332016<x64>[B] (+1) -0.472332016<x65>[B] (+1) +0.472332016<x66>[B] (+1) -0.472332016<x67>[B] (+1) +0.472332016<x68>[B] (+1) +0.472332016<x69>[B] (+1) +0.472332016<x70>[B] (+0) -0.472332016<x71>[B] (+1) -0.472332016<x72>[B] (+1) -0.472332016<x73>[B] (+1) -0.472332016<x74>[B] (+1) -0.472332016<x75>[B] (+0) -0.472332016<x76>[B] (+1) -0.472332016<x77>[B] (+1) -0.472332016<x78>[B] (+0) -0.472332016<x79>[B] (+1) -0.472332016<x80>[B] (+1) +0.472332016<x81>[B] (+1) -0.472332016<x82>[B] (+1) +0.472332016<x83>[B] (+0) +0.472332016<x84>[B] (+0) -0.472332016<x85>[B] (+1) +0.472332016<x86>[B] (+0) +0.472332016<x87>[B] (+0) +0.472332016<x88>[B] (+0) -0.472332016<x89>[B] (+0) -0.472332016<x90>[B] (+0) -0.472332016<x91>[B] (+1) -0.472332016<x92>[B] (+0) -0.472332016<x93>[B] (+0) -0.472332016<x94>[B] (+0) -0.472332016<x95>[B] (+0) -0.472332016<x96>[B] (+0) -0.472332016<x97>[B] (+1) -0.472332016<x98>[B] (+0) +0.472332016<x99>[B] (+0) +0.472332016<x100>[B] (+1) +0.472332016<x101>[B] (+1) -0.472332016<x102>[B] (+1) +0.472332016<x103>[B] (+0) +0.472332016<x104>[B] (+1) +0.472332016<x105>[B] (+0) -0.472332016<x106>[B] (+0) -0.472332016<x107>[B] (+1) -0.472332016<x108>[B] (+1) -0.472332016<x109>[B] (+1) -0.472332016<x110>[B] (+0) -0.472332016<x111>[B] (+0) -0.472332016<x112>[B] (+0) -0.472332016<x113>[B] (+0) -0.472332016<x114>[B] (+1) -0.472332016<x115>[B] (+1) +0.472332016<x116>[B] (+0) +0.472332016<x117>[B] (+1) -0.472332016<x118>[B] (+1) +0.472332016<x119>[B] (+0) +0.472332016<x120>[B] (+0) -0.472332016<x121>[B] (+0) -0.472332016<x122>[B] (+0) -0.472332016<x123>[B] (+0) -0.472332016<x124>[B] (+1) -0.472332016<x125>[B] (+0) -0.472332016<x126>[B] (+0) -0.472332016<x127>[B] (+0) -0.472332016<x128>[B] (+0) -0.472332016<x129>[B] (+0) -0.472332016<x130>[B] (+1) -0.472332016<x131>[B] (+0) -0.472332016<x132>[B] (+0) -0.472332016<x133>[B] (+1) +0.472332016<x134>[B] (+0) +0.472332016<x135>[B] (+0) +0.472332016<x136>[B] (+0) +0.472332016<x137>[B] (+0) +0.472332016<x138>[B] (+0) -0.472332016<x139>[B] (+1) +0.472332016<x140>[B] (+0) +0.472332016<x141>[B] (+0) -0.472332016<x142>[B] (+0) +0.472332016<x143>[B] (+0) -0.472332016<x144>[B] (+0) +0.472332016<x145>[B] (+1) -0.472332016<x146>[B] (+0) +0.472332016<x147>[B] (+0) +0.472332016<x148>[B] (+1) -0.472332016<x149>[B] (+1) -0.472332016<x150>[B] (+0) -0.472332016<x151>[B] (+0) -0.472332016<x152>[B] (+1) -0.472332016<x153>[B] (+1) -0.472332016<x154>[B] (+1) -0.472332016<x155>[B] (+0) -0.472332016<x156>[B] (+1) -0.472332016<x157>[B] (+1) -0.472332016<x158>[B] (+0) -0.472332016<x159>[B] (+1) -0.472332016<x160>[B] (+1) -0.472332016<x161>[B] (+1) -0.472332016<x162>[B] (+1) -0.472332016<x163>[B] (+0) -0.472332016<x164>[B] (+0) -0.472332016<x165>[B] (+0) -0.472332016<x166>[B] (+1) -0.472332016<x167>[B] (+0) -0.472332016<x168>[B] (+0) -0.472332016<x169>[B] (+0) -0.472332016<x170>[B] (+0) -0.472332016<x171>[B] (+0) -0.472332016<x172>[B] (+1) -0.472332016<x173>[B] (+0) -0.472332016<x174>[B] (+0) -0.472332016<x175>[B] (+1) -0.472332016<x176>[B] (+1) -0.472332016<x177>[B] (+1) -0.472332016<x178>[B] (+1) -0.472332016<x179>[B] (+1) -0.472332016<x180>[B] (+1) -0.472332016<x181>[B] (+1) -0.472332016<x182>[B] (+1) -0.472332016<x183>[B] (+1) -0.472332016<x184>[B] (+1) -0.472332016<x185>[B] (+1) +0.472332016<x186>[B] (+1) -0.472332016<x187>[B] (+1) +0.472332016<x188>[B] (+1) -0.472332016<x189>[B] (+1) +0.472332016<x190>[B] (+1) -0.472332016<x191>[B] (+0) -0.472332016<x192>[B] (+1) +0.472332016<x193>[B] (+1) -0.472332016<x194>[B] (+0) +0.472332016<x195>[B] (+1) -0.472332016<x196>[B] (+1) +0.472332016<x197>[B] (+1) +0.472332016<x198>[B] (+1) -0.472332016<x199>[B] (+1) +0.472332016<x200>[B] (+1) -0.472332016<x201>[B] (+0) -0.472332016<x202>[B] (+0) +0.472332016<x203>[B] (+0) -0.472332016<x204>[B] (+0) +0.472332016<x205>[B] (+1) -0.472332016<x206>[B] (+1) +0.472332016<x207>[B] (+0) +0.472332016<x208>[B] (+1) +0.472332016<x209>[B] (+0) +0.472332016<x210>[B] (+0) -0.472332016<x211>[B] (+0) +0.472332016<x212>[B] (+0) +0.472332016<x213>[B] (+0) +0.472332016<x214>[B] (+1) -0.472332016<x215>[B] (+0) +0.472332016<x216>[B] (+0) +0.472332016<x217>[B] (+1) -0.472332016<x218>[B] (+0) -0.472332016<x219>[B] (+0) +0.472332016<x220>[B] (+0) -0.472332016<x221>[B] (+0) +0.472332016<x222>[B] (+1) -0.472332016<x223>[B] (+1) +0.472332016<x224>[B] (+0) +0.472332016<x225>[B] (+1) -0.472332016<x226>[B] (+1) +0.472332016<x227>[B] (+1) -0.472332016<x228>[B] (+0) +0.472332016<x229>[B] (+1) -0.472332016<x230>[B] (+1) +0.472332016<x231>[B] (+1) +0.472332016<x232>[B] (+1) +0.472332016<x233>[B] (+0) +0.472332016<x234>[B] (+0) +0.472332016<x235>[B] (+1) +0.472332016<x236>[B] (+1) +0.472332016<x237>[B] (+1) +0.472332016<x238>[B] (+1) -0.472332016<x239>[B] (+0) -0.472332016<x240>[B] (+1) -0.472332016<x241>[B] (+1) +0.472332016<x242>[B] (+1) +0.472332016<x243>[B] (+1) +0.472332016<x244>[B] (+1) -0.472332016<x245>[B] (+1) +0.472332016<x246>[B] (+1) +0.472332016<x247>[B] (+1) -0.472332016<x248>[B] (+0) +0.472332016<x249>[B] (+0) +0.472332016<x250>[B] (+1) +0.472332016<x251>[B] (+0) +0.472332016<x252>[B] (+1) -0.472332016<x253>[B] (+1) >= 15.7055335968379;
;
violation: left hand side is violated by 0.0988142292490295
all 10 solutions given by solution candidate storage are infeasible

feasible solution found by trivial heuristic after 0.0 seconds, objective value -9.000130e+06
presolving:
   (0.0s) symmetry computation started: requiring (bin +, int +, cont +), (fixed: bin -, int -, cont -)
   (0.0s) no symmetry present (symcode time: 0.00)
presolving (0 rounds: 0 fast, 0 medium, 0 exhaustive):
 0 deleted vars, 0 deleted constraints, 0 added constraints, 0 tightened bounds, 0 added holes, 0 changed sides, 0 changed coefficients
 0 implications, 0 cliques, 0 implied integral variables (0 bin, 0 int, 0 cont)
presolved problem has 343 variables (253 bin, 0 int, 90 cont) and 3804 constraints
   3804 constraints of type <linear>
Presolving Time: 0.04
transformed 1/1 original solutions to the transformed problem space

 time | node  | left  |LP iter|LP it/n|mem/heur|mdpt |vars |cons |rows |cuts |sepa|confs|strbr|  dualbound   | primalbound  |  gap   | compl. 
p 0.1s|     1 |     0 |    54 |     - |   locks|   0 | 343 |3804 |3804 |   0 |  0 |   0 |   0 | 9.240000e+02 |-3.193168e+03 |    Inf | unknown
  0.2s|     1 |     0 |  1324 |     - |   132M |   0 | 343 |3804 |3804 |   0 |  0 |   0 |   0 |-2.542108e+03 |-3.193168e+03 |  25.61%| unknown
r 0.2s|     1 |     0 |  1324 |     - |shifting|   0 | 343 |3804 |3804 |   0 |  0 |   0 |   0 |-2.542108e+03 |-2.862131e+03 |  12.59%| unknown
  0.6s|     1 |     0 |  1371 |     - |   132M |   0 | 343 |3804 |3806 |   2 |  1 |   0 |   0 |-2.542306e+03 |-2.862131e+03 |  12.58%| unknown
r 0.6s|     1 |     0 |  1371 |     - |shifting|   0 | 343 |3804 |3806 |   2 |  1 |   0 |   0 |-2.542306e+03 |-2.795717e+03 |   9.97%| unknown
  0.6s|     1 |     0 |  1371 |     - |   132M |   0 | 343 |3804 |3806 |   2 |  1 |   0 |   0 |-2.542306e+03 |-2.795717e+03 |   9.97%| unknown
  1.0s|     1 |     0 |  1438 |     - |   133M |   0 | 343 |3804 |3809 |   5 |  2 |   0 |   0 |-2.542399e+03 |-2.795717e+03 |   9.96%| unknown
  1.4s|     1 |     0 |  1495 |     - |   133M |   0 | 343 |3804 |3811 |   7 |  3 |   0 |   0 |-2.542485e+03 |-2.795717e+03 |   9.96%| unknown
  1.8s|     1 |     0 |  1538 |     - |   133M |   0 | 343 |3804 |3814 |  10 |  4 |   0 |   0 |-2.542524e+03 |-2.795717e+03 |   9.96%| unknown
  2.3s|     1 |     0 |  1589 |     - |   134M |   0 | 343 |3805 |3816 |  12 |  5 |   1 |   0 |-2.542568e+03 |-2.795717e+03 |   9.96%| unknown
  2.7s|     1 |     0 |  1653 |     - |   134M |   0 | 343 |3805 |3820 |  16 |  6 |   1 |   0 |-2.542633e+03 |-2.795717e+03 |   9.95%| unknown
  3.3s|     1 |     0 |  1714 |     - |   135M |   0 | 343 |3805 |3823 |  19 |  7 |   1 |   0 |-2.542662e+03 |-2.795717e+03 |   9.95%| unknown
  3.7s|     1 |     0 |  1781 |     - |   135M |   0 | 343 |3805 |3824 |  20 |  8 |   1 |   0 |-2.542704e+03 |-2.795717e+03 |   9.95%| unknown
  4.2s|     1 |     0 |  1811 |     - |   135M |   0 | 343 |3806 |3825 |  21 |  9 |   2 |   0 |-2.542721e+03 |-2.795717e+03 |   9.95%| unknown
r 4.2s|     1 |     0 |  1811 |     - |shifting|   0 | 343 |3806 |3825 |  21 |  9 |   2 |   0 |-2.542721e+03 |-2.778821e+03 |   9.29%| unknown
 time | node  | left  |LP iter|LP it/n|mem/heur|mdpt |vars |cons |rows |cuts |sepa|confs|strbr|  dualbound   | primalbound  |  gap   | compl. 
  4.7s|     1 |     0 |  1826 |     - |   136M |   0 | 343 |3806 |3828 |  24 | 10 |   2 |   0 |-2.542724e+03 |-2.778821e+03 |   9.29%| unknown
  4.7s|     1 |     0 |  1853 |     - |   136M |   0 | 343 |3806 |3832 |  28 | 11 |   2 |   0 |-2.542731e+03 |-2.778821e+03 |   9.28%| unknown
r 4.8s|     1 |     0 |  2029 |     - |intshift|   0 | 343 |3806 |3832 |  28 | 11 |   2 |   0 |-2.542731e+03 |-2.609198e+03 |   2.61%| unknown
d 4.9s|     1 |     0 |  3318 |     - |farkasdi|   0 | 343 |3806 |3832 |   0 | 11 |   2 |   0 |-2.542731e+03 |-2.559075e+03 |   0.64%| unknown
L 5.4s|     1 |     0 |  3536 |     - |    rens|   0 | 343 |3818 |3832 |  28 | 11 |  14 |   0 |-2.542731e+03 |-2.548296e+03 |   0.22%| unknown
  5.4s|     1 |     0 |  3536 |     - |   136M |   0 | 343 |3818 |3832 |  28 | 11 |  14 |   0 |-2.542731e+03 |-2.548296e+03 |   0.22%| unknown
  5.4s|     1 |     0 |  3536 |     - |   136M |   0 | 343 |3818 |3130 |  28 | 11 |  14 |   0 |-2.542731e+03 |-2.548296e+03 |   0.22%| unknown
  5.5s|     1 |     0 |  3580 |     - |   137M |   0 | 343 |3818 |3132 |  30 | 12 |  14 |   0 |-2.542747e+03 |-2.548296e+03 |   0.22%| unknown
  5.5s|     1 |     0 |  3606 |     - |   137M |   0 | 343 |3818 |3135 |  34 | 13 |  14 |   0 |-2.542755e+03 |-2.548296e+03 |   0.22%| unknown
  5.5s|     1 |     0 |  3606 |     - |   137M |   0 | 343 |3074 |3135 |  34 | 13 |  14 |   0 |-2.542755e+03 |-2.548296e+03 |   0.22%| unknown
  5.6s|     1 |     0 |  3615 |     - |   137M |   0 | 343 |3074 |3137 |  36 | 14 |  14 |   0 |-2.542756e+03 |-2.548296e+03 |   0.22%| unknown
  5.6s|     1 |     0 |  3691 |     - |   137M |   0 | 343 |3074 |3141 |  40 | 15 |  14 |   0 |-2.542821e+03 |-2.548296e+03 |   0.22%| unknown
(run 1, node 1) restarting after 36 global fixings of integer variables

(restart) converted 39 cuts from the global cut pool into linear constraints

presolving:
presolving (0 rounds: 0 fast, 0 medium, 0 exhaustive):
 0 deleted vars, 0 deleted constraints, 0 added constraints, 0 tightened bounds, 0 added holes, 0 changed sides, 0 changed coefficients
 0 implications, 0 cliques, 0 implied integral variables (0 bin, 0 int, 0 cont)
presolved problem has 343 variables (253 bin, 0 int, 90 cont) and 3113 constraints
   3099 constraints of type <linear>
     14 constraints of type <logicor>
Presolving Time: 0.04
transformed 16/23 original solutions to the transformed problem space

 time | node  | left  |LP iter|LP it/n|mem/heur|mdpt |vars |cons |rows |cuts |sepa|confs|strbr|  dualbound   | primalbound  |  gap   | compl. 
  5.8s|     1 |     0 |  5192 |     - |   138M |   0 | 343 |3113 |3099 |   0 |  0 |  14 |   0 |-2.542821e+03 |-2.548296e+03 |   0.22%| unknown
  5.9s|     1 |     0 |  5192 |     - |   138M |   0 | 343 |3113 |3079 |   0 |  0 |  14 |   0 |-2.542821e+03 |-2.548296e+03 |   0.22%| unknown
  6.3s|     1 |     0 |  5284 |     - |   138M |   0 | 343 |3113 |3080 |   1 |  1 |  14 |   0 |-2.542922e+03 |-2.548296e+03 |   0.21%| unknown
  6.3s|     1 |     0 |  5284 |     - |   138M |   0 | 343 |3113 |3060 |   1 |  1 |  14 |   0 |-2.542922e+03 |-2.548296e+03 |   0.21%| unknown
  6.7s|     1 |     0 |  5335 |     - |   139M |   0 | 343 |3113 |3062 |   3 |  2 |  14 |   0 |-2.542931e+03 |-2.548296e+03 |   0.21%| unknown
  7.2s|     1 |     0 |  5388 |     - |   140M |   0 | 343 |3113 |3063 |   4 |  3 |  14 |   0 |-2.542945e+03 |-2.548296e+03 |   0.21%| unknown
  7.6s|     1 |     0 |  5430 |     - |   140M |   0 | 343 |3114 |3065 |   6 |  4 |  15 |   0 |-2.542956e+03 |-2.548296e+03 |   0.21%| unknown
  8.1s|     1 |     0 |  5528 |     - |   142M |   0 | 343 |3114 |3066 |   7 |  5 |  15 |   0 |-2.542992e+03 |-2.548296e+03 |   0.21%| unknown
  8.6s|     1 |     0 |  5586 |     - |   142M |   0 | 343 |3114 |3067 |   8 |  6 |  15 |   0 |-2.543010e+03 |-2.548296e+03 |   0.21%| unknown
  9.0s|     1 |     0 |  5627 |     - |   145M |   0 | 343 |3114 |3068 |   9 |  7 |  15 |   0 |-2.543018e+03 |-2.548296e+03 |   0.21%| unknown
  9.5s|     1 |     0 |  5730 |     - |   146M |   0 | 343 |3114 |3069 |  10 |  8 |  15 |   0 |-2.543062e+03 |-2.548296e+03 |   0.21%| unknown
  9.5s|     1 |     0 |  5730 |     - |   146M |   0 | 343 |3114 |3052 |  10 |  8 |  15 |   0 |-2.543062e+03 |-2.548296e+03 |   0.21%| unknown
 10.0s|     1 |     0 |  5795 |     - |   149M |   0 | 343 |3114 |3053 |  11 |  9 |  15 |   0 |-2.543073e+03 |-2.548296e+03 |   0.21%| unknown
 10.4s|     1 |     0 |  5879 |     - |   150M |   0 | 343 |3114 |3054 |  12 | 10 |  15 |   0 |-2.543091e+03 |-2.548296e+03 |   0.20%| unknown
 10.5s|     1 |     0 |  5884 |     - |   150M |   0 | 343 |3115 |3055 |  13 | 11 |  16 |   0 |-2.543091e+03 |-2.548296e+03 |   0.20%| unknown
 time | node  | left  |LP iter|LP it/n|mem/heur|mdpt |vars |cons |rows |cuts |sepa|confs|strbr|  dualbound   | primalbound  |  gap   | compl. 
 10.5s|     1 |     0 |  5884 |     - |   150M |   0 | 343 |3037 |3055 |  13 | 11 |  16 |   0 |-2.543091e+03 |-2.548296e+03 |   0.20%| unknown
 10.6s|     1 |     0 |  5934 |     - |   150M |   0 | 343 |3037 |3056 |  14 | 12 |  16 |   0 |-2.543095e+03 |-2.548296e+03 |   0.20%| unknown
 10.7s|     1 |     0 |  5938 |     - |   151M |   0 | 343 |3037 |3057 |  15 | 13 |  16 |   0 |-2.543095e+03 |-2.548296e+03 |   0.20%| unknown
 10.7s|     1 |     0 |  5944 |     - |   151M |   0 | 343 |3037 |3058 |  16 | 14 |  16 |   0 |-2.543095e+03 |-2.548296e+03 |   0.20%| unknown
 10.8s|     1 |     0 |  5947 |     - |   151M |   0 | 343 |3037 |3034 |  17 | 15 |  16 |   0 |-2.543095e+03 |-2.548296e+03 |   0.20%| unknown
 10.8s|     1 |     0 |  5951 |     - |   152M |   0 | 343 |3037 |3035 |  18 | 16 |  16 |   0 |-2.543095e+03 |-2.548296e+03 |   0.20%| unknown
 10.9s|     1 |     0 |  5955 |     - |   152M |   0 | 343 |3037 |3036 |  19 | 17 |  16 |   0 |-2.543095e+03 |-2.548296e+03 |   0.20%| unknown
 12.8s|     1 |     2 |  6961 |     - |   152M |   0 | 343 |3043 |3036 |  19 | 18 |  22 |  19 |-2.544613e+03 |-2.548296e+03 |   0.14%| unknown

SCIP Status        : problem is solved [optimal solution found]
Solving Time (sec) : 14.64
Solving Nodes      : 5 (total of 6 nodes in 2 runs)
Primal Bound       : -2.54829644268775e+03 (42 solutions)
Dual Bound         : -2.54829644268775e+03
Gap                : 0.00 %
  [linear] <c3805>: <x255>[C] (+36.9150198) +0.539525692<x1>[B] (+0) +0.539525692<x2>[B] (+0) +0.539525692<x3>[B] (+0) +0.539525692<x4>[B] (+1) +0.539525692<x5>[B] (+0) +0.539525692<x6>[B] (+0) +0.539525692<x7>[B] (+0) +0.539525692<x8>[B] (+0) +0.539525692<x9>[B] (+0) +0.539525692<x10>[B] (+0) +0.539525692<x11>[B] (+0) +0.539525692<x12>[B] (+0) -0.539525692<x13>[B] (+0) +0.539525692<x14>[B] (+0) -0.539525692<x15>[B] (+0) +0.539525692<x16>[B] (+0) +0.539525692<x17>[B] (+0) +0.539525692<x18>[B] (+0) -0.539525692<x19>[B] (+0) +0.539525692<x20>[B] (+0) +0.539525692<x21>[B] (+0) +0.539525692<x22>[B] (+0) +0.539525692<x23>[B] (+0) -0.539525692<x24>[B] (+0) +0.539525692<x25>[B] (+1) +0.539525692<x26>[B] (+0) +0.539525692<x27>[B] (+1) -0.539525692<x28>[B] (+1) +0.539525692<x29>[B] (+0) +0.539525692<x30>[B] (+1) -0.539525692<x31>[B] (+0) +0.539525692<x32>[B] (+0) +0.539525692<x33>[B] (+0) -0.539525692<x34>[B] (+0) -0.539525692<x35>[B] (+1) -0.539525692<x36>[B] (+0) -0.539525692<x37>[B] (+0) +0.539525692<x38>[B] (+0) +0.539525692<x39>[B] (+0) -0.539525692<x40>[B] (+1) -0.539525692<x41>[B] (+1) -0.539525692<x42>[B] (+0) +0.539525692<x43>[B] (+1) -0.539525692<x44>[B] (+0) -0.539525692<x45>[B] (+1) -0.539525692<x46>[B] (+0) -0.539525692<x47>[B] (+1) -0.539525692<x48>[B] (+1) +0.539525692<x49>[B] (+0) -0.539525692<x50>[B] (+1) -0.539525692<x51>[B] (+0) -0.539525692<x52>[B] (+0) +0.539525692<x53>[B] (+0) -0.539525692<x54>[B] (+0) -0.539525692<x55>[B] (+1) -0.539525692<x56>[B] (+0) -0.539525692<x57>[B] (+0) -0.539525692<x58>[B] (+0) +0.539525692<x59>[B] (+0) -0.539525692<x60>[B] (+1) -0.539525692<x61>[B] (+1) -0.539525692<x62>[B] (+0) -0.539525692<x63>[B] (+1) +0.539525692<x64>[B] (+1) +0.539525692<x65>[B] (+1) +0.539525692<x66>[B] (+1) -0.539525692<x67>[B] (+1) +0.539525692<x68>[B] (+0) +0.539525692<x69>[B] (+1) -0.539525692<x70>[B] (+0) +0.539525692<x71>[B] (+0) +0.539525692<x72>[B] (+1) -0.539525692<x73>[B] (+1) +0.539525692<x74>[B] (+1) -0.539525692<x75>[B] (+0) -0.539525692<x76>[B] (+1) +0.539525692<x77>[B] (+1) +0.539525692<x78>[B] (+0) -0.539525692<x79>[B] (+1) -0.539525692<x80>[B] (+1) -0.539525692<x81>[B] (+0) +0.539525692<x82>[B] (+1) +0.539525692<x83>[B] (+0) +0.539525692<x84>[B] (+0) -0.539525692<x85>[B] (+0) +0.539525692<x86>[B] (+0) +0.539525692<x87>[B] (+0) -0.539525692<x88>[B] (+0) +0.539525692<x89>[B] (+0) +0.539525692<x90>[B] (+0) -0.539525692<x91>[B] (+0) -0.539525692<x92>[B] (+0) -0.539525692<x93>[B] (+0) -0.539525692<x94>[B] (+0) +0.539525692<x95>[B] (+0) +0.539525692<x96>[B] (+0) -0.539525692<x97>[B] (+0) -0.539525692<x98>[B] (+0) -0.539525692<x99>[B] (+0) +0.539525692<x100>[B] (+0) +0.539525692<x101>[B] (+1) -0.539525692<x102>[B] (+1) +0.539525692<x103>[B] (+0) +0.539525692<x104>[B] (+1) -0.539525692<x105>[B] (+0) +0.539525692<x106>[B] (+0) +0.539525692<x107>[B] (+1) -0.539525692<x108>[B] (+0) -0.539525692<x109>[B] (+1) -0.539525692<x110>[B] (+0) -0.539525692<x111>[B] (+0) +0.539525692<x112>[B] (+0) +0.539525692<x113>[B] (+0) -0.539525692<x114>[B] (+1) -0.539525692<x115>[B] (+1) -0.539525692<x116>[B] (+0) +0.539525692<x117>[B] (+1) -0.539525692<x118>[B] (+1) +0.539525692<x119>[B] (+0) +0.539525692<x120>[B] (+0) -0.539525692<x121>[B] (+0) -0.539525692<x122>[B] (+0) +0.539525692<x123>[B] (+0) -0.539525692<x124>[B] (+0) -0.539525692<x125>[B] (+0) -0.539525692<x126>[B] (+0) -0.539525692<x127>[B] (+0) +0.539525692<x128>[B] (+0) +0.539525692<x129>[B] (+0) -0.539525692<x130>[B] (+1) -0.539525692<x131>[B] (+0) -0.539525692<x132>[B] (+0) +0.539525692<x133>[B] (+1) +0.539525692<x134>[B] (+0) +0.539525692<x135>[B] (+0) +0.539525692<x136>[B] (+0) +0.539525692<x137>[B] (+0) +0.539525692<x138>[B] (+0) -0.539525692<x139>[B] (+0) +0.539525692<x140>[B] (+0) -0.539525692<x141>[B] (+0) +0.539525692<x142>[B] (+0) +0.539525692<x143>[B] (+0) +0.539525692<x144>[B] (+0) -0.539525692<x145>[B] (+0) -0.539525692<x146>[B] (+0) +0.539525692<x147>[B] (+0) +0.539525692<x148>[B] (+1) -0.539525692<x149>[B] (+1) -0.539525692<x150>[B] (+0) -0.539525692<x151>[B] (+1) +0.539525692<x152>[B] (+1) -0.539525692<x153>[B] (+1) -0.539525692<x154>[B] (+1) -0.539525692<x155>[B] (+0) -0.539525692<x156>[B] (+1) -0.539525692<x157>[B] (+1) +0.539525692<x158>[B] (+0) -0.539525692<x159>[B] (+1) -0.539525692<x160>[B] (+1) -0.539525692<x161>[B] (+0) -0.539525692<x162>[B] (+1) -0.539525692<x163>[B] (+0) -0.539525692<x164>[B] (+0) +0.539525692<x165>[B] (+0) -0.539525692<x166>[B] (+0) -0.539525692<x167>[B] (+1) -0.539525692<x168>[B] (+0) -0.539525692<x169>[B] (+0) +0.539525692<x170>[B] (+0) +0.539525692<x171>[B] (+0) -0.539525692<x172>[B] (+1) -0.539525692<x173>[B] (+1) -0.539525692<x174>[B] (+0) +0.539525692<x175>[B] (+1) +0.539525692<x176>[B] (+1) +0.539525692<x177>[B] (+1) -0.539525692<x178>[B] (+1) +0.539525692<x179>[B] (+1) -0.539525692<x180>[B] (+0) +0.539525692<x181>[B] (+1) +0.539525692<x182>[B] (+1) +0.539525692<x183>[B] (+1) -0.539525692<x184>[B] (+1) -0.539525692<x185>[B] (+1) +0.539525692<x186>[B] (+1) +0.539525692<x187>[B] (+1) +0.539525692<x188>[B] (+1) -0.539525692<x189>[B] (+1) -0.539525692<x190>[B] (+1) -0.539525692<x191>[B] (+0) -0.539525692<x192>[B] (+1) +0.539525692<x193>[B] (+1) +0.539525692<x194>[B] (+0) -0.539525692<x195>[B] (+1) -0.539525692<x196>[B] (+1) -0.539525692<x197>[B] (+0) +0.539525692<x198>[B] (+1) -0.539525692<x199>[B] (+0) -0.539525692<x200>[B] (+1) -0.539525692<x201>[B] (+0) -0.539525692<x202>[B] (+0) -0.539525692<x203>[B] (+0) +0.539525692<x204>[B] (+0) -0.539525692<x205>[B] (+1) -0.539525692<x206>[B] (+1) -0.539525692<x207>[B] (+0) -0.539525692<x208>[B] (+1) +0.539525692<x209>[B] (+1) +0.539525692<x210>[B] (+0) +0.539525692<x211>[B] (+0) +0.539525692<x212>[B] (+0) +0.539525692<x213>[B] (+0) -0.539525692<x214>[B] (+1) +0.539525692<x215>[B] (+1) +0.539525692<x216>[B] (+0) +0.539525692<x217>[B] (+1) -0.539525692<x218>[B] (+0) -0.539525692<x219>[B] (+0) +0.539525692<x220>[B] (+0) +0.539525692<x221>[B] (+0) -0.539525692<x222>[B] (+1) -0.539525692<x223>[B] (+1) -0.539525692<x224>[B] (+0) +0.539525692<x225>[B] (+1) +0.539525692<x226>[B] (+1) +0.539525692<x227>[B] (+1) +0.539525692<x228>[B] (+1) -0.539525692<x229>[B] (+1) +0.539525692<x230>[B] (+1) +0.539525692<x231>[B] (+1) +0.539525692<x232>[B] (+1) +0.539525692<x233>[B] (+1) +0.539525692<x234>[B] (+0) -0.539525692<x235>[B] (+1) -0.539525692<x236>[B] (+1) +0.539525692<x237>[B] (+0) +0.539525692<x238>[B] (+1) +0.539525692<x239>[B] (+0) -0.539525692<x240>[B] (+1) -0.539525692<x241>[B] (+1) -0.539525692<x242>[B] (+0) -0.539525692<x243>[B] (+1) -0.539525692<x244>[B] (+1) -0.539525692<x245>[B] (+1) -0.539525692<x246>[B] (+0) -0.539525692<x247>[B] (+1) +0.539525692<x248>[B] (+0) +0.539525692<x249>[B] (+0) +0.539525692<x250>[B] (+1) +0.539525692<x251>[B] (+0) +0.539525692<x252>[B] (+1) +0.539525692<x253>[B] (+1) >= 30.6185770750988;
;
violation: left hand side is violated by 0.177865612648194
  [linear] <c3816>: <x268>[C] (+25.6442688) +0.460474308<x1>[B] (+0) -0.460474308<x2>[B] (+0) -0.460474308<x3>[B] (+0) -0.460474308<x4>[B] (+1) +0.460474308<x5>[B] (+0) -0.460474308<x6>[B] (+0) -0.460474308<x7>[B] (+0) -0.460474308<x8>[B] (+0) +0.460474308<x9>[B] (+0) +0.460474308<x10>[B] (+0) -0.460474308<x11>[B] (+0) +0.460474308<x12>[B] (+0) +0.460474308<x13>[B] (+0) +0.460474308<x14>[B] (+0) -0.460474308<x15>[B] (+0) +0.460474308<x16>[B] (+0) +0.460474308<x17>[B] (+0) +0.460474308<x18>[B] (+0) +0.460474308<x19>[B] (+0) +0.460474308<x20>[B] (+0) +0.460474308<x21>[B] (+0) +0.460474308<x22>[B] (+0) -0.460474308<x23>[B] (+0) -0.460474308<x24>[B] (+0) -0.460474308<x25>[B] (+1) -0.460474308<x26>[B] (+0) -0.460474308<x27>[B] (+1) -0.460474308<x28>[B] (+1) -0.460474308<x29>[B] (+0) -0.460474308<x30>[B] (+1) +0.460474308<x31>[B] (+0) -0.460474308<x32>[B] (+0) +0.460474308<x33>[B] (+0) +0.460474308<x34>[B] (+0) +0.460474308<x35>[B] (+1) -0.460474308<x36>[B] (+0) -0.460474308<x37>[B] (+0) -0.460474308<x38>[B] (+0) -0.460474308<x39>[B] (+0) -0.460474308<x40>[B] (+1) +0.460474308<x41>[B] (+1) -0.460474308<x42>[B] (+1) +0.460474308<x43>[B] (+1) -0.460474308<x44>[B] (+0) +0.460474308<x45>[B] (+1) +0.460474308<x46>[B] (+0) -0.460474308<x47>[B] (+1) -0.460474308<x48>[B] (+1) +0.460474308<x49>[B] (+0) +0.460474308<x50>[B] (+1) +0.460474308<x51>[B] (+0) -0.460474308<x52>[B] (+0) +0.460474308<x53>[B] (+0) +0.460474308<x54>[B] (+0) +0.460474308<x55>[B] (+1) -0.460474308<x56>[B] (+0) +0.460474308<x57>[B] (+0) +0.460474308<x58>[B] (+0) +0.460474308<x59>[B] (+0) +0.460474308<x60>[B] (+1) +0.460474308<x61>[B] (+1) +0.460474308<x62>[B] (+1) +0.460474308<x63>[B] (+1) +0.460474308<x64>[B] (+1) +0.460474308<x65>[B] (+1) -0.460474308<x66>[B] (+1) -0.460474308<x67>[B] (+1) +0.460474308<x68>[B] (+0) +0.460474308<x69>[B] (+1) +0.460474308<x70>[B] (+0) -0.460474308<x71>[B] (+0) +0.460474308<x72>[B] (+1) +0.460474308<x73>[B] (+1) +0.460474308<x74>[B] (+1) -0.460474308<x75>[B] (+0) +0.460474308<x76>[B] (+1) +0.460474308<x77>[B] (+1) +0.460474308<x78>[B] (+0) +0.460474308<x79>[B] (+1) +0.460474308<x80>[B] (+1) +0.460474308<x81>[B] (+1) +0.460474308<x82>[B] (+1) +0.460474308<x83>[B] (+0) -0.460474308<x84>[B] (+0) -0.460474308<x85>[B] (+0) +0.460474308<x86>[B] (+0) +0.460474308<x87>[B] (+0) +0.460474308<x88>[B] (+0) -0.460474308<x89>[B] (+0) +0.460474308<x90>[B] (+0) +0.460474308<x91>[B] (+0) +0.460474308<x92>[B] (+0) -0.460474308<x93>[B] (+0) +0.460474308<x94>[B] (+0) +0.460474308<x95>[B] (+0) +0.460474308<x96>[B] (+0) +0.460474308<x97>[B] (+0) +0.460474308<x98>[B] (+0) +0.460474308<x99>[B] (+0) +0.460474308<x100>[B] (+0) -0.460474308<x101>[B] (+1) -0.460474308<x102>[B] (+1) -0.460474308<x103>[B] (+0) +0.460474308<x104>[B] (+1) +0.460474308<x105>[B] (+0) -0.460474308<x106>[B] (+0) +0.460474308<x107>[B] (+1) +0.460474308<x108>[B] (+0) +0.460474308<x109>[B] (+1) -0.460474308<x110>[B] (+0) +0.460474308<x111>[B] (+0) -0.460474308<x112>[B] (+0) +0.460474308<x113>[B] (+0) +0.460474308<x114>[B] (+1) +0.460474308<x115>[B] (+1) +0.460474308<x116>[B] (+1) +0.460474308<x117>[B] (+1) -0.460474308<x118>[B] (+1) +0.460474308<x119>[B] (+0) +0.460474308<x120>[B] (+0) +0.460474308<x121>[B] (+0) -0.460474308<x122>[B] (+0) +0.460474308<x123>[B] (+0) +0.460474308<x124>[B] (+0) +0.460474308<x125>[B] (+0) -0.460474308<x126>[B] (+0) +0.460474308<x127>[B] (+0) +0.460474308<x128>[B] (+0) +0.460474308<x129>[B] (+0) +0.460474308<x130>[B] (+1) +0.460474308<x131>[B] (+0) +0.460474308<x132>[B] (+0) +0.460474308<x133>[B] (+1) +0.460474308<x134>[B] (+0) +0.460474308<x135>[B] (+0) +0.460474308<x136>[B] (+0) -0.460474308<x137>[B] (+0) +0.460474308<x138>[B] (+0) +0.460474308<x139>[B] (+0) +0.460474308<x140>[B] (+0) +0.460474308<x141>[B] (+0) +0.460474308<x142>[B] (+0) +0.460474308<x143>[B] (+0) +0.460474308<x144>[B] (+0) +0.460474308<x145>[B] (+0) +0.460474308<x146>[B] (+0) +0.460474308<x147>[B] (+0) +0.460474308<x148>[B] (+1) +0.460474308<x149>[B] (+1) +0.460474308<x150>[B] (+0) -0.460474308<x151>[B] (+1) +0.460474308<x152>[B] (+1) +0.460474308<x153>[B] (+1) +0.460474308<x154>[B] (+1) -0.460474308<x155>[B] (+0) +0.460474308<x156>[B] (+1) +0.460474308<x157>[B] (+1) +0.460474308<x158>[B] (+0) +0.460474308<x159>[B] (+1) +0.460474308<x160>[B] (+1) +0.460474308<x161>[B] (+1) +0.460474308<x162>[B] (+1) +0.460474308<x163>[B] (+0) -0.460474308<x164>[B] (+0) +0.460474308<x165>[B] (+0) +0.460474308<x166>[B] (+0) +0.460474308<x167>[B] (+1) -0.460474308<x168>[B] (+0) -0.460474308<x169>[B] (+0) -0.460474308<x170>[B] (+0) -0.460474308<x171>[B] (+0) -0.460474308<x172>[B] (+1) +0.460474308<x173>[B] (+1) -0.460474308<x174>[B] (+1) +0.460474308<x175>[B] (+1) -0.460474308<x176>[B] (+1) +0.460474308<x177>[B] (+1) +0.460474308<x178>[B] (+1) +0.460474308<x179>[B] (+1) -0.460474308<x180>[B] (+0) -0.460474308<x181>[B] (+1) -0.460474308<x182>[B] (+1) -0.460474308<x183>[B] (+1) -0.460474308<x184>[B] (+1) +0.460474308<x185>[B] (+1) -0.460474308<x186>[B] (+1) +0.460474308<x187>[B] (+1) +0.460474308<x188>[B] (+1) +0.460474308<x189>[B] (+1) +0.460474308<x190>[B] (+1) +0.460474308<x191>[B] (+0) +0.460474308<x192>[B] (+1) +0.460474308<x193>[B] (+1) +0.460474308<x194>[B] (+0) +0.460474308<x195>[B] (+1) +0.460474308<x196>[B] (+1) +0.460474308<x197>[B] (+1) +0.460474308<x198>[B] (+1) -0.460474308<x199>[B] (+0) -0.460474308<x200>[B] (+1) -0.460474308<x201>[B] (+0) -0.460474308<x202>[B] (+0) -0.460474308<x203>[B] (+0) -0.460474308<x204>[B] (+0) -0.460474308<x205>[B] (+1) -0.460474308<x206>[B] (+1) -0.460474308<x207>[B] (+1) -0.460474308<x208>[B] (+1) +0.460474308<x209>[B] (+1) -0.460474308<x210>[B] (+0) -0.460474308<x211>[B] (+0) -0.460474308<x212>[B] (+0) -0.460474308<x213>[B] (+0) -0.460474308<x214>[B] (+1) +0.460474308<x215>[B] (+1) -0.460474308<x216>[B] (+1) +0.460474308<x217>[B] (+1) -0.460474308<x218>[B] (+0) -0.460474308<x219>[B] (+0) -0.460474308<x220>[B] (+0) -0.460474308<x221>[B] (+0) -0.460474308<x222>[B] (+1) -0.460474308<x223>[B] (+1) -0.460474308<x224>[B] (+1) +0.460474308<x225>[B] (+1) +0.460474308<x226>[B] (+1) +0.460474308<x227>[B] (+1) +0.460474308<x228>[B] (+1) +0.460474308<x229>[B] (+1) +0.460474308<x230>[B] (+1) +0.460474308<x231>[B] (+1) +0.460474308<x232>[B] (+1) -0.460474308<x233>[B] (+1) -0.460474308<x234>[B] (+0) +0.460474308<x235>[B] (+1) +0.460474308<x236>[B] (+1) +0.460474308<x237>[B] (+1) +0.460474308<x238>[B] (+1) +0.460474308<x239>[B] (+0) +0.460474308<x240>[B] (+1) +0.460474308<x241>[B] (+1) +0.460474308<x242>[B] (+1) +0.460474308<x243>[B] (+1) +0.460474308<x244>[B] (+1) +0.460474308<x245>[B] (+1) +0.460474308<x246>[B] (+1) +0.460474308<x247>[B] (+1) +0.460474308<x248>[B] (+0) +0.460474308<x249>[B] (+0) +0.460474308<x250>[B] (+1) -0.460474308<x251>[B] (+0) +0.460474308<x252>[B] (+1) +0.460474308<x253>[B] (+1) >= 49.1561264822134;
;
violation: left hand side is violated by 0.0276679841896197
  [linear] <c3808>: <x259>[C] (+44.3833992) -0.579051383<x1>[B] (+0) -0.579051383<x2>[B] (-3.2595172e-13) -0.579051383<x3>[B] (+0) -0.579051383<x4>[B] (+1) +0.579051383<x5>[B] (+0) +0.579051383<x6>[B] (+0) -0.579051383<x7>[B] (+1) +0.579051383<x8>[B] (+0) -0.579051383<x9>[B] (+0) +0.579051383<x10>[B] (+0) -0.579051383<x11>[B] (+0) -0.579051383<x12>[B] (+0) +0.579051383<x13>[B] (+1) +0.579051383<x14>[B] (+0) +0.579051383<x15>[B] (+0) -0.579051383<x16>[B] (+0) +0.579051383<x17>[B] (+0) +0.579051383<x18>[B] (+0) -0.579051383<x19>[B] (+1) +0.579051383<x20>[B] (+1) -0.579051383<x21>[B] (+0) -0.579051383<x22>[B] (+1) +0.579051383<x23>[B] (+1) -0.579051383<x24>[B] (+0) +0.579051383<x25>[B] (+1) +0.579051383<x26>[B] (+0) +0.579051383<x27>[B] (+1) +0.579051383<x28>[B] (+1) +0.579051383<x29>[B] (+0) +0.579051383<x30>[B] (+1) +0.579051383<x31>[B] (+0) +0.579051383<x32>[B] (+0) +0.579051383<x33>[B] (+0) +0.579051383<x34>[B] (+1) +0.579051383<x35>[B] (+1) +0.579051383<x36>[B] (+0) +0.579051383<x37>[B] (-1.87669172e-13) +0.579051383<x38>[B] (+0) +0.579051383<x39>[B] (+0) +0.579051383<x40>[B] (+1) +0.579051383<x41>[B] (+1) -0.579051383<x42>[B] (+1) +0.579051383<x43>[B] (+1) -0.579051383<x44>[B] (+0) -0.579051383<x45>[B] (+1) +0.579051383<x46>[B] (+0) +0.579051383<x47>[B] (+0) -0.579051383<x48>[B] (+1) +0.579051383<x49>[B] (+0) +0.579051383<x50>[B] (+0) +0.579051383<x51>[B] (+0) -0.579051383<x52>[B] (+0) +0.579051383<x53>[B] (+0) +0.579051383<x54>[B] (+1) +0.579051383<x55>[B] (+0) +0.579051383<x56>[B] (+0) +0.579051383<x57>[B] (+0) +0.579051383<x58>[B] (+0) +0.579051383<x59>[B] (+0) -0.579051383<x60>[B] (+1) +0.579051383<x61>[B] (+1) -0.579051383<x62>[B] (+0) +0.579051383<x63>[B] (+1) +0.579051383<x64>[B] (+1) +0.579051383<x65>[B] (+0) +0.579051383<x66>[B] (+1) +0.579051383<x67>[B] (+1) +0.579051383<x68>[B] (+0) +0.579051383<x69>[B] (+1) +0.579051383<x70>[B] (+0) +0.579051383<x71>[B] (+0) +0.579051383<x72>[B] (+0) +0.579051383<x73>[B] (+1) +0.579051383<x74>[B] (+1) +0.579051383<x75>[B] (+0) +0.579051383<x76>[B] (+1) +0.579051383<x77>[B] (+0) +0.579051383<x78>[B] (+0) +0.579051383<x79>[B] (+1) +0.579051383<x80>[B] (+1) +0.579051383<x81>[B] (+1) +0.579051383<x82>[B] (+1) +0.579051383<x83>[B] (+0) +0.579051383<x84>[B] (+0) -0.579051383<x85>[B] (+1) +0.579051383<x86>[B] (+0) +0.579051383<x87>[B] (+0) +0.579051383<x88>[B] (+0) +0.579051383<x89>[B] (+0) +0.579051383<x90>[B] (+0) +0.579051383<x91>[B] (+1) +0.579051383<x92>[B] (+0) +0.579051383<x93>[B] (+0) +0.579051383<x94>[B] (+0) +0.579051383<x95>[B] (+0) +0.579051383<x96>[B] (+0) -0.579051383<x97>[B] (+1) +0.579051383<x98>[B] (+1) -0.579051383<x99>[B] (+0) +0.579051383<x100>[B] (+1) +0.579051383<x101>[B] (+1) -0.579051383<x102>[B] (+1) +0.579051383<x103>[B] (+1) -0.579051383<x104>[B] (+1) +0.579051383<x105>[B] (+0) -0.579051383<x106>[B] (+0) -0.579051383<x107>[B] (+1) +0.579051383<x108>[B] (+1) +0.579051383<x109>[B] (+1) +0.579051383<x110>[B] (+0) -0.579051383<x111>[B] (+1) +0.579051383<x112>[B] (+0) +0.579051383<x113>[B] (+0) -0.579051383<x114>[B] (+1) +0.579051383<x115>[B] (+1) -0.579051383<x116>[B] (+1) -0.579051383<x117>[B] (+1) -0.579051383<x118>[B] (+1) +0.579051383<x119>[B] (+0) -0.579051383<x120>[B] (+0) +0.579051383<x121>[B] (+0) -0.579051383<x122>[B] (+0) -0.579051383<x123>[B] (+0) +0.579051383<x124>[B] (+1) -0.579051383<x125>[B] (+0) -0.579051383<x126>[B] (+0) -0.579051383<x127>[B] (+0) +0.579051383<x128>[B] (+0) -0.579051383<x129>[B] (+0) -0.579051383<x130>[B] (+1) -0.579051383<x131>[B] (+1) -0.579051383<x132>[B] (+1) -0.579051383<x133>[B] (+1) +0.579051383<x134>[B] (+0) +0.579051383<x135>[B] (+0) +0.579051383<x136>[B] (+0) +0.579051383<x137>[B] (+0) +0.579051383<x138>[B] (+0) +0.579051383<x139>[B] (+1) +0.579051383<x140>[B] (+0) +0.579051383<x141>[B] (+0) +0.579051383<x142>[B] (+0) +0.579051383<x143>[B] (+0) +0.579051383<x144>[B] (+0) +0.579051383<x145>[B] (+0) +0.579051383<x146>[B] (+1) -0.579051383<x147>[B] (+0) +0.579051383<x148>[B] (+1) -0.579051383<x149>[B] (+1) -0.579051383<x150>[B] (+0) -0.579051383<x151>[B] (+0) -0.579051383<x152>[B] (+0) +0.579051383<x153>[B] (+1) -0.579051383<x154>[B] (+1) -0.579051383<x155>[B] (+0) -0.579051383<x156>[B] (+1) -0.579051383<x157>[B] (+0) -0.579051383<x158>[B] (+0) -0.579051383<x159>[B] (+1) -0.579051383<x160>[B] (+1) -0.579051383<x161>[B] (+1) -0.579051383<x162>[B] (+1) +0.579051383<x163>[B] (+0) -0.579051383<x164>[B] (+0) +0.579051383<x165>[B] (+0) +0.579051383<x166>[B] (+1) +0.579051383<x167>[B] (+1) +0.579051383<x168>[B] (+0) +0.579051383<x169>[B] (+0) +0.579051383<x170>[B] (+0) +0.579051383<x171>[B] (+0) -0.579051383<x172>[B] (+1) +0.579051383<x173>[B] (+1) -0.579051383<x174>[B] (+1) -0.579051383<x175>[B] (+1) -0.579051383<x176>[B] (+1) -0.579051383<x177>[B] (+1) +0.579051383<x178>[B] (+1) -0.579051383<x179>[B] (+1) -0.579051383<x180>[B] (+1) -0.579051383<x181>[B] (+1) -0.579051383<x182>[B] (+1) -0.579051383<x183>[B] (+1) -0.579051383<x184>[B] (+1) -0.579051383<x185>[B] (+1) -0.579051383<x186>[B] (+1) -0.579051383<x187>[B] (+1) +0.579051383<x188>[B] (+1) +0.579051383<x189>[B] (+1) +0.579051383<x190>[B] (+1) +0.579051383<x191>[B] (+0) +0.579051383<x192>[B] (+1) +0.579051383<x193>[B] (+1) +0.579051383<x194>[B] (+0) -0.579051383<x195>[B] (+1) +0.579051383<x196>[B] (+1) -0.579051383<x197>[B] (+1) +0.579051383<x198>[B] (+1) +0.579051383<x199>[B] (+1) +0.579051383<x200>[B] (+1) +0.579051383<x201>[B] (+0) +0.579051383<x202>[B] (+1) +0.579051383<x203>[B] (+0) +0.579051383<x204>[B] (+0) -0.579051383<x205>[B] (+1) +0.579051383<x206>[B] (+1) -0.579051383<x207>[B] (+1) -0.579051383<x208>[B] (+1) -0.579051383<x209>[B] (+0) -0.579051383<x210>[B] (+0) -0.579051383<x211>[B] (+0) -0.579051383<x212>[B] (+0) -0.579051383<x213>[B] (+0) -0.579051383<x214>[B] (+0) -0.579051383<x215>[B] (+1) -0.579051383<x216>[B] (+0) -0.579051383<x217>[B] (+1) -0.579051383<x218>[B] (+0) -0.579051383<x219>[B] (+0) +0.579051383<x220>[B] (+0) -0.579051383<x221>[B] (+0) -0.579051383<x222>[B] (+1) -0.579051383<x223>[B] (+1) -0.579051383<x224>[B] (+1) -0.579051383<x225>[B] (+1) -0.579051383<x226>[B] (+1) +0.579051383<x227>[B] (+1) -0.579051383<x228>[B] (+1) -0.579051383<x229>[B] (+1) +0.579051383<x230>[B] (+1) -0.579051383<x231>[B] (+1) -0.579051383<x232>[B] (+1) +0.579051383<x233>[B] (+0) +0.579051383<x234>[B] (+0) -0.579051383<x235>[B] (+1) +0.579051383<x236>[B] (+1) -0.579051383<x237>[B] (+1) -0.579051383<x238>[B] (+1) -0.579051383<x239>[B] (+0) -0.579051383<x240>[B] (+1) -0.579051383<x241>[B] (+1) -0.579051383<x242>[B] (+1) -0.579051383<x243>[B] (+1) -0.579051383<x244>[B] (+1) +0.579051383<x245>[B] (+1) -0.579051383<x246>[B] (+1) -0.579051383<x247>[B] (+1) +0.579051383<x248>[B] (+1) -0.579051383<x249>[B] (+0) +0.579051383<x250>[B] (+1) -0.579051383<x251>[B] (+0) -0.579051383<x252>[B] (+1) +0.579051383<x253>[B] (+1) >= 39.2312252964427;
;
violation: left hand side is violated by 0.0592885375494134
  [linear] <c3815>: <x267>[C] (+29.7213439) -0.515810277<x1>[B] (+0) -0.515810277<x2>[B] (+0) +0.515810277<x3>[B] (+0) -0.515810277<x4>[B] (+0) +0.515810277<x5>[B] (+0) -0.515810277<x6>[B] (+0) +0.515810277<x7>[B] (+0) -0.515810277<x8>[B] (+0) -0.515810277<x9>[B] (+0) -0.515810277<x10>[B] (+0) +0.515810277<x11>[B] (+0) -0.515810277<x12>[B] (+0) +0.515810277<x13>[B] (+0) -0.515810277<x14>[B] (+0) -0.515810277<x15>[B] (+0) -0.515810277<x16>[B] (+0) -0.515810277<x17>[B] (+0) +0.515810277<x18>[B] (+0) -0.515810277<x19>[B] (+0) +0.515810277<x20>[B] (+0) -0.515810277<x21>[B] (+0) -0.515810277<x22>[B] (+1) +0.515810277<x23>[B] (+0) +0.515810277<x24>[B] (+0) -0.515810277<x25>[B] (+1) +0.515810277<x26>[B] (+0) +0.515810277<x27>[B] (+0) +0.515810277<x28>[B] (+1) -0.515810277<x29>[B] (+0) -0.515810277<x30>[B] (+0) -0.515810277<x31>[B] (+0) +0.515810277<x32>[B] (+0) -0.515810277<x33>[B] (+0) +0.515810277<x34>[B] (+1) +0.515810277<x35>[B] (+0) +0.515810277<x36>[B] (+0) +0.515810277<x37>[B] (+0) -0.515810277<x38>[B] (+0) +0.515810277<x39>[B] (+0) -0.515810277<x40>[B] (+1) +0.515810277<x41>[B] (+1) -0.515810277<x42>[B] (+0) -0.515810277<x43>[B] (+1) +0.515810277<x44>[B] (+1) -0.515810277<x45>[B] (+1) +0.515810277<x46>[B] (+1) +0.515810277<x47>[B] (+1) +0.515810277<x48>[B] (+1) -0.515810277<x49>[B] (+0) -0.515810277<x50>[B] (+1) -0.515810277<x51>[B] (+0) +0.515810277<x52>[B] (+0) -0.515810277<x53>[B] (+1) +0.515810277<x54>[B] (+1) -0.515810277<x55>[B] (+1) -0.515810277<x56>[B] (+0) -0.515810277<x57>[B] (+1) -0.515810277<x58>[B] (+1) +0.515810277<x59>[B] (+0) -0.515810277<x60>[B] (+1) +0.515810277<x61>[B] (+1) -0.515810277<x62>[B] (+0) -0.515810277<x63>[B] (+1) -0.515810277<x64>[B] (+1) +0.515810277<x65>[B] (+0) -0.515810277<x66>[B] (+1) +0.515810277<x67>[B] (+1) -0.515810277<x68>[B] (+0) -0.515810277<x69>[B] (+1) -0.515810277<x70>[B] (+0) -0.515810277<x71>[B] (+0) -0.515810277<x72>[B] (+1) -0.515810277<x73>[B] (+1) -0.515810277<x74>[B] (+0) -0.515810277<x75>[B] (+0) -0.515810277<x76>[B] (+0) -0.515810277<x77>[B] (+0) +0.515810277<x78>[B] (+0) -0.515810277<x79>[B] (+1) -0.515810277<x80>[B] (+1) -0.515810277<x81>[B] (+0) -0.515810277<x82>[B] (+1) +0.515810277<x83>[B] (+0) +0.515810277<x84>[B] (+0) +0.515810277<x85>[B] (+1) +0.515810277<x86>[B] (+0) +0.515810277<x87>[B] (+0) +0.515810277<x88>[B] (+0) +0.515810277<x89>[B] (+0) +0.515810277<x90>[B] (+0) +0.515810277<x91>[B] (+1) +0.515810277<x92>[B] (+0) +0.515810277<x93>[B] (+0) +0.515810277<x94>[B] (+0) +0.515810277<x95>[B] (+0) +0.515810277<x96>[B] (+0) +0.515810277<x97>[B] (+0) +0.515810277<x98>[B] (+1) -0.515810277<x99>[B] (+0) +0.515810277<x100>[B] (+1) -0.515810277<x101>[B] (+1) +0.515810277<x102>[B] (+1) -0.515810277<x103>[B] (+0) -0.515810277<x104>[B] (+1) -0.515810277<x105>[B] (+0) -0.515810277<x106>[B] (+0) -0.515810277<x107>[B] (+1) -0.515810277<x108>[B] (+1) -0.515810277<x109>[B] (+1) -0.515810277<x110>[B] (+0) -0.515810277<x111>[B] (+1) -0.515810277<x112>[B] (+1) -0.515810277<x113>[B] (+0) -0.515810277<x114>[B] (+1) -0.515810277<x115>[B] (+1) -0.515810277<x116>[B] (+0) -0.515810277<x117>[B] (+1) +0.515810277<x118>[B] (+1) -0.515810277<x119>[B] (+0) -0.515810277<x120>[B] (+0) -0.515810277<x121>[B] (+0) +0.515810277<x122>[B] (+0) -0.515810277<x123>[B] (+0) +0.515810277<x124>[B] (+1) -0.515810277<x125>[B] (+0) -0.515810277<x126>[B] (+0) -0.515810277<x127>[B] (+0) -0.515810277<x128>[B] (+0) +0.515810277<x129>[B] (+0) -0.515810277<x130>[B] (+1) +0.515810277<x131>[B] (+1) -0.515810277<x132>[B] (+0) -0.515810277<x133>[B] (+1) -0.515810277<x134>[B] (+0) -0.515810277<x135>[B] (+0) -0.515810277<x136>[B] (+0) -0.515810277<x137>[B] (+0) -0.515810277<x138>[B] (+0) -0.515810277<x139>[B] (+0) -0.515810277<x140>[B] (+0) -0.515810277<x141>[B] (+0) -0.515810277<x142>[B] (+0) -0.515810277<x143>[B] (+0) -0.515810277<x144>[B] (+0) -0.515810277<x145>[B] (+0) -0.515810277<x146>[B] (+0) -0.515810277<x147>[B] (+0) -0.515810277<x148>[B] (+1) -0.515810277<x149>[B] (+1) -0.515810277<x150>[B] (+0) +0.515810277<x151>[B] (+0) -0.515810277<x152>[B] (+1) +0.515810277<x153>[B] (+1) +0.515810277<x154>[B] (+1) +0.515810277<x155>[B] (+0) +0.515810277<x156>[B] (+1) +0.515810277<x157>[B] (+1) +0.515810277<x158>[B] (+0) -0.515810277<x159>[B] (+1) +0.515810277<x160>[B] (+1) -0.515810277<x161>[B] (+1) -0.515810277<x162>[B] (+1) +0.515810277<x163>[B] (+0) +0.515810277<x164>[B] (+0) -0.515810277<x165>[B] (+0) +0.515810277<x166>[B] (+1) +0.515810277<x167>[B] (+0) +0.515810277<x168>[B] (+0) +0.515810277<x169>[B] (+0) +0.515810277<x170>[B] (+0) +0.515810277<x171>[B] (+0) +0.515810277<x172>[B] (+1) +0.515810277<x173>[B] (+1) -0.515810277<x174>[B] (+0) +0.515810277<x175>[B] (+1) +0.515810277<x176>[B] (+1) -0.515810277<x177>[B] (+1) +0.515810277<x178>[B] (+1) +0.515810277<x179>[B] (+1) +0.515810277<x180>[B] (+0) +0.515810277<x181>[B] (+1) +0.515810277<x182>[B] (+1) +0.515810277<x183>[B] (+1) -0.515810277<x184>[B] (+1) +0.515810277<x185>[B] (+1) -0.515810277<x186>[B] (+1) -0.515810277<x187>[B] (+1) -0.515810277<x188>[B] (+1) -0.515810277<x189>[B] (+1) -0.515810277<x190>[B] (+1) -0.515810277<x191>[B] (+0) -0.515810277<x192>[B] (+1) -0.515810277<x193>[B] (+1) +0.515810277<x194>[B] (+1) -0.515810277<x195>[B] (+1) -0.515810277<x196>[B] (+1) -0.515810277<x197>[B] (+1) -0.515810277<x198>[B] (+1) +0.515810277<x199>[B] (+1) +0.515810277<x200>[B] (+0) +0.515810277<x201>[B] (+0) +0.515810277<x202>[B] (+0) +0.515810277<x203>[B] (+0) +0.515810277<x204>[B] (+0) +0.515810277<x205>[B] (+1) +0.515810277<x206>[B] (+1) -0.515810277<x207>[B] (+0) +0.515810277<x208>[B] (+1) -0.515810277<x209>[B] (+0) -0.515810277<x210>[B] (+0) -0.515810277<x211>[B] (+0) -0.515810277<x212>[B] (+0) +0.515810277<x213>[B] (+0) -0.515810277<x214>[B] (+0) -0.515810277<x215>[B] (+0) -0.515810277<x216>[B] (+0) -0.515810277<x217>[B] (+1) +0.515810277<x218>[B] (+0) +0.515810277<x219>[B] (+1) -0.515810277<x220>[B] (+0) +0.515810277<x221>[B] (+0) -0.515810277<x222>[B] (+1) +0.515810277<x223>[B] (+1) -0.515810277<x224>[B] (+0) -0.515810277<x225>[B] (+1) +0.515810277<x226>[B] (+1) -0.515810277<x227>[B] (+1) +0.515810277<x228>[B] (+1) -0.515810277<x229>[B] (+1) +0.515810277<x230>[B] (+1) -0.515810277<x231>[B] (+1) -0.515810277<x232>[B] (+1) -0.515810277<x233>[B] (+0) +0.515810277<x234>[B] (+0) -0.515810277<x235>[B] (+1) +0.515810277<x236>[B] (+1) -0.515810277<x237>[B] (+0) -0.515810277<x238>[B] (+1) +0.515810277<x239>[B] (+0) -0.515810277<x240>[B] (+1) +0.515810277<x241>[B] (+1) -0.515810277<x242>[B] (+0) -0.515810277<x243>[B] (+1) -0.515810277<x244>[B] (+1) -0.515810277<x245>[B] (+1) -0.515810277<x246>[B] (+1) -0.515810277<x247>[B] (+1) +0.515810277<x248>[B] (+1) -0.515810277<x249>[B] (+0) +0.515810277<x250>[B] (+1) -0.515810277<x251>[B] (+0) -0.515810277<x252>[B] (+1) +0.515810277<x253>[B] (+1) >= 20.50395256917;
;
violation: left hand side is violated by 0.0671936758893281
  [linear] <c3810>: <x262>[C] (+47.9486166) -0.602766798<x1>[B] (+0) -0.602766798<x2>[B] (+0) -0.602766798<x3>[B] (+0) +0.602766798<x4>[B] (+0) +0.602766798<x5>[B] (+0) -0.602766798<x6>[B] (+0) -0.602766798<x7>[B] (+1) +0.602766798<x8>[B] (+0) -0.602766798<x9>[B] (+0) -0.602766798<x10>[B] (+0) +0.602766798<x11>[B] (+0) +0.602766798<x12>[B] (+0) +0.602766798<x13>[B] (+1) -0.602766798<x14>[B] (+0) -0.602766798<x15>[B] (+0) +0.602766798<x16>[B] (+0) +0.602766798<x17>[B] (+0) -0.602766798<x18>[B] (+0) -0.602766798<x19>[B] (+1) -0.602766798<x20>[B] (+0) +0.602766798<x21>[B] (+0) -0.602766798<x22>[B] (+1) -0.602766798<x23>[B] (+1) -0.602766798<x24>[B] (+0) +0.602766798<x25>[B] (+1) +0.602766798<x26>[B] (+1) -0.602766798<x27>[B] (+1) -0.602766798<x28>[B] (+1) +0.602766798<x29>[B] (+0) -0.602766798<x30>[B] (+1) -0.602766798<x31>[B] (+0) +0.602766798<x32>[B] (+0) +0.602766798<x33>[B] (+0) +0.602766798<x34>[B] (+1) +0.602766798<x35>[B] (+1) +0.602766798<x36>[B] (+0) +0.602766798<x37>[B] (+0) +0.602766798<x38>[B] (+0) -0.602766798<x39>[B] (+0) -0.602766798<x40>[B] (+1) +0.602766798<x41>[B] (+1) +0.602766798<x42>[B] (+1) -0.602766798<x43>[B] (+1) -0.602766798<x44>[B] (+0) +0.602766798<x45>[B] (+1) +0.602766798<x46>[B] (+0) +0.602766798<x47>[B] (+0) -0.602766798<x48>[B] (+1) +0.602766798<x49>[B] (+0) +0.602766798<x50>[B] (+0) +0.602766798<x51>[B] (+0) +0.602766798<x52>[B] (+0) +0.602766798<x53>[B] (+0) +0.602766798<x54>[B] (+1) +0.602766798<x55>[B] (+0) +0.602766798<x56>[B] (+0) +0.602766798<x57>[B] (+0) +0.602766798<x58>[B] (+0) +0.602766798<x59>[B] (+0) +0.602766798<x60>[B] (+1) +0.602766798<x61>[B] (+0) +0.602766798<x62>[B] (+0) +0.602766798<x63>[B] (+1) +0.602766798<x64>[B] (+1) +0.602766798<x65>[B] (+1) +0.602766798<x66>[B] (+1) -0.602766798<x67>[B] (+1) +0.602766798<x68>[B] (+0) +0.602766798<x69>[B] (+1) +0.602766798<x70>[B] (+0) +0.602766798<x71>[B] (+0) +0.602766798<x72>[B] (+0) +0.602766798<x73>[B] (+1) +0.602766798<x74>[B] (+1) +0.602766798<x75>[B] (+0) +0.602766798<x76>[B] (+1) +0.602766798<x77>[B] (+1) +0.602766798<x78>[B] (+0) +0.602766798<x79>[B] (+1) +0.602766798<x80>[B] (+1) +0.602766798<x81>[B] (+1) +0.602766798<x82>[B] (+1) +0.602766798<x83>[B] (+0) -0.602766798<x84>[B] (+0) -0.602766798<x85>[B] (+1) +0.602766798<x86>[B] (+0) -0.602766798<x87>[B] (+0) -0.602766798<x88>[B] (+0) +0.602766798<x89>[B] (+0) +0.602766798<x90>[B] (+0) +0.602766798<x91>[B] (+1) -0.602766798<x92>[B] (+0) -0.602766798<x93>[B] (+0) +0.602766798<x94>[B] (+0) +0.602766798<x95>[B] (+0) -0.602766798<x96>[B] (+0) -0.602766798<x97>[B] (+1) -0.602766798<x98>[B] (+0) +0.602766798<x99>[B] (+0) -0.602766798<x100>[B] (+1) -0.602766798<x101>[B] (+1) -0.602766798<x102>[B] (+1) +0.602766798<x103>[B] (+0) -0.602766798<x104>[B] (+1) -0.602766798<x105>[B] (+0) +0.602766798<x106>[B] (+0) +0.602766798<x107>[B] (+0) -0.602766798<x108>[B] (+1) -0.602766798<x109>[B] (+0) -0.602766798<x110>[B] (+0) +0.602766798<x111>[B] (+0) -0.602766798<x112>[B] (+0) -0.602766798<x113>[B] (+0) -0.602766798<x114>[B] (+1) -0.602766798<x115>[B] (+1) +0.602766798<x116>[B] (+0) -0.602766798<x117>[B] (+1) -0.602766798<x118>[B] (+1) +0.602766798<x119>[B] (+0) +0.602766798<x120>[B] (+0) +0.602766798<x121>[B] (+0) +0.602766798<x122>[B] (+0) +0.602766798<x123>[B] (+0) +0.602766798<x124>[B] (+1) +0.602766798<x125>[B] (+0) +0.602766798<x126>[B] (+0) +0.602766798<x127>[B] (+0) +0.602766798<x128>[B] (+0) +0.602766798<x129>[B] (+0) +0.602766798<x130>[B] (+1) +0.602766798<x131>[B] (+0) +0.602766798<x132>[B] (+0) +0.602766798<x133>[B] (+1) +0.602766798<x134>[B] (+0) +0.602766798<x135>[B] (+0) +0.602766798<x136>[B] (+0) +0.602766798<x137>[B] (+0) +0.602766798<x138>[B] (+0) +0.602766798<x139>[B] (+0) +0.602766798<x140>[B] (+0) +0.602766798<x141>[B] (+0) +0.602766798<x142>[B] (+0) +0.602766798<x143>[B] (+0) +0.602766798<x144>[B] (+0) +0.602766798<x145>[B] (+1) +0.602766798<x146>[B] (+0) +0.602766798<x147>[B] (+0) +0.602766798<x148>[B] (+1) -0.602766798<x149>[B] (+1) -0.602766798<x150>[B] (+0) -0.602766798<x151>[B] (+0) +0.602766798<x152>[B] (+0) -0.602766798<x153>[B] (+1) -0.602766798<x154>[B] (+1) -0.602766798<x155>[B] (+0) -0.602766798<x156>[B] (+1) -0.602766798<x157>[B] (+1) -0.602766798<x158>[B] (+0) -0.602766798<x159>[B] (+1) -0.602766798<x160>[B] (+1) +0.602766798<x161>[B] (+1) -0.602766798<x162>[B] (+1) +0.602766798<x163>[B] (+0) +0.602766798<x164>[B] (+0) +0.602766798<x165>[B] (+0) +0.602766798<x166>[B] (+1) +0.602766798<x167>[B] (+0) +0.602766798<x168>[B] (+0) +0.602766798<x169>[B] (+0) +0.602766798<x170>[B] (+0) +0.602766798<x171>[B] (+0) +0.602766798<x172>[B] (+1) +0.602766798<x173>[B] (+0) +0.602766798<x174>[B] (+0) +0.602766798<x175>[B] (+1) +0.602766798<x176>[B] (+1) +0.602766798<x177>[B] (+1) +0.602766798<x178>[B] (+1) +0.602766798<x179>[B] (+1) +0.602766798<x180>[B] (+0) +0.602766798<x181>[B] (+1) +0.602766798<x182>[B] (+1) +0.602766798<x183>[B] (+1) +0.602766798<x184>[B] (+1) +0.602766798<x185>[B] (+1) +0.602766798<x186>[B] (+1) +0.602766798<x187>[B] (+1) +0.602766798<x188>[B] (+1) -0.602766798<x189>[B] (+1) -0.602766798<x190>[B] (+1) -0.602766798<x191>[B] (+0) -0.602766798<x192>[B] (+1) -0.602766798<x193>[B] (+1) -0.602766798<x194>[B] (+1) -0.602766798<x195>[B] (+1) -0.602766798<x196>[B] (+1) +0.602766798<x197>[B] (+1) -0.602766798<x198>[B] (+1) -0.602766798<x199>[B] (+1) -0.602766798<x200>[B] (+1) -0.602766798<x201>[B] (+0) -0.602766798<x202>[B] (+1) -0.602766798<x203>[B] (+1) -0.602766798<x204>[B] (+1) -0.602766798<x205>[B] (+1) -0.602766798<x206>[B] (+1) -0.602766798<x207>[B] (+1) -0.602766798<x208>[B] (+1) -0.602766798<x209>[B] (+0) -0.602766798<x210>[B] (+0) +0.602766798<x211>[B] (+0) -0.602766798<x212>[B] (+0) -0.602766798<x213>[B] (+0) -0.602766798<x214>[B] (+1) -0.602766798<x215>[B] (+0) +0.602766798<x216>[B] (+0) -0.602766798<x217>[B] (+1) +0.602766798<x218>[B] (+0) +0.602766798<x219>[B] (+0) +0.602766798<x220>[B] (+0) -0.602766798<x221>[B] (+0) -0.602766798<x222>[B] (+1) +0.602766798<x223>[B] (+1) +0.602766798<x224>[B] (+1) -0.602766798<x225>[B] (+1) +0.602766798<x226>[B] (+1) +0.602766798<x227>[B] (+1) -0.602766798<x228>[B] (+1) -0.602766798<x229>[B] (+1) +0.602766798<x230>[B] (+1) +0.602766798<x231>[B] (+1) -0.602766798<x232>[B] (+1) -0.602766798<x233>[B] (+0) -0.602766798<x234>[B] (+0) -0.602766798<x235>[B] (+1) -0.602766798<x236>[B] (+1) +0.602766798<x237>[B] (+1) -0.602766798<x238>[B] (+1) -0.602766798<x239>[B] (+0) -0.602766798<x240>[B] (+1) -0.602766798<x241>[B] (+1) +0.602766798<x242>[B] (+1) -0.602766798<x243>[B] (+1) -0.602766798<x244>[B] (+1) +0.602766798<x245>[B] (+1) +0.602766798<x246>[B] (+1) -0.602766798<x247>[B] (+1) +0.602766798<x248>[B] (+0) +0.602766798<x249>[B] (+0) -0.602766798<x250>[B] (+1) +0.602766798<x251>[B] (+0) -0.602766798<x252>[B] (+1) -0.602766798<x253>[B] (+1) >= 42.6462450592885;
;
violation: left hand side is violated by 0.122529644268738
  [linear] <c3853>: <x314>[C] (+32.2964427) -0.5<x1>[B] (+0) +0.5<x2>[B] (+0) -0.5<x3>[B] (+0) -0.5<x4>[B] (+0) -0.5<x5>[B] (+0) +0.5<x6>[B] (+0) +0.5<x7>[B] (+0) +0.5<x8>[B] (+0) -0.5<x9>[B] (+0) -0.5<x10>[B] (+0) +0.5<x11>[B] (+0) -0.5<x12>[B] (+0) -0.5<x13>[B] (+0) +0.5<x14>[B] (+0) +0.5<x15>[B] (+0) -0.5<x16>[B] (+0) +0.5<x17>[B] (+0) -0.5<x18>[B] (+0) -0.5<x19>[B] (+0) -0.5<x20>[B] (+0) +0.5<x21>[B] (+0) -0.5<x22>[B] (+1) +0.5<x23>[B] (+0) -0.5<x24>[B] (+0) -0.5<x25>[B] (+1) -0.5<x26>[B] (+0) +0.5<x27>[B] (+1) +0.5<x28>[B] (+1) +0.5<x29>[B] (+0) +0.5<x30>[B] (+0) -0.5<x31>[B] (+0) +0.5<x32>[B] (+0) -0.5<x33>[B] (+0) -0.5<x34>[B] (+0) +0.5<x35>[B] (+0) +0.5<x36>[B] (+0) +0.5<x37>[B] (+0) +0.5<x38>[B] (+0) -0.5<x39>[B] (+0) -0.5<x40>[B] (+1) -0.5<x41>[B] (+1) +0.5<x42>[B] (+0) +0.5<x43>[B] (+1) -0.5<x44>[B] (+0) -0.5<x45>[B] (+1) -0.5<x46>[B] (+1) +0.5<x47>[B] (+1) +0.5<x48>[B] (+1) -0.5<x49>[B] (+0) -0.5<x50>[B] (+1) -0.5<x51>[B] (+0) +0.5<x52>[B] (+0) -0.5<x53>[B] (+0) -0.5<x54>[B] (+1) +0.5<x55>[B] (+0) +0.5<x56>[B] (+0) -0.5<x57>[B] (+0) +0.5<x58>[B] (+0) -0.5<x59>[B] (+0) -0.5<x60>[B] (+1) -0.5<x61>[B] (+1) +0.5<x62>[B] (+1) -0.5<x63>[B] (+1) +0.5<x64>[B] (+1) -0.5<x65>[B] (+1) +0.5<x66>[B] (+1) +0.5<x67>[B] (+1) +0.5<x68>[B] (+0) +0.5<x69>[B] (+1) +0.5<x70>[B] (+0) +0.5<x71>[B] (+0) -0.5<x72>[B] (+0) +0.5<x73>[B] (+1) +0.5<x74>[B] (+1) +0.5<x75>[B] (+0) +0.5<x76>[B] (+1) +0.5<x77>[B] (+0) -0.5<x78>[B] (+0) +0.5<x79>[B] (+1) +0.5<x80>[B] (+1) +0.5<x81>[B] (+1) +0.5<x82>[B] (+1) -0.5<x83>[B] (+0) +0.5<x84>[B] (+0) +0.5<x85>[B] (+1) +0.5<x86>[B] (+0) +0.5<x87>[B] (+0) -0.5<x88>[B] (+0) +0.5<x89>[B] (+0) -0.5<x90>[B] (+0) -0.5<x91>[B] (+0) +0.5<x92>[B] (+0) +0.5<x93>[B] (+0) +0.5<x94>[B] (+0) +0.5<x95>[B] (+0) -0.5<x96>[B] (+0) -0.5<x97>[B] (+1) -0.5<x98>[B] (+0) +0.5<x99>[B] (+0) +0.5<x100>[B] (+1) +0.5<x101>[B] (+1) +0.5<x102>[B] (+1) +0.5<x103>[B] (+0) +0.5<x104>[B] (+0) +0.5<x105>[B] (+0) +0.5<x106>[B] (+0) +0.5<x107>[B] (+0) +0.5<x108>[B] (+0) +0.5<x109>[B] (+0) +0.5<x110>[B] (+0) +0.5<x111>[B] (+0) +0.5<x112>[B] (+0) -0.5<x113>[B] (+0) +0.5<x114>[B] (+1) +0.5<x115>[B] (+1) +0.5<x116>[B] (+0) +0.5<x117>[B] (+1) -0.5<x118>[B] (+1) -0.5<x119>[B] (+0) -0.5<x120>[B] (+0) -0.5<x121>[B] (+0) -0.5<x122>[B] (+0) -0.5<x123>[B] (+0) -0.5<x124>[B] (+0) -0.5<x125>[B] (+0) +0.5<x126>[B] (+0) -0.5<x127>[B] (+0) -0.5<x128>[B] (+0) -0.5<x129>[B] (+0) -0.5<x130>[B] (+1) -0.5<x131>[B] (+0) -0.5<x132>[B] (+0) -0.5<x133>[B] (+1) -0.5<x134>[B] (+0) -0.5<x135>[B] (+0) -0.5<x136>[B] (+0) +0.5<x137>[B] (+0) -0.5<x138>[B] (+0) -0.5<x139>[B] (+0) +0.5<x140>[B] (+0) +0.5<x141>[B] (+0) -0.5<x142>[B] (+0) +0.5<x143>[B] (+0) -0.5<x144>[B] (+0) -0.5<x145>[B] (+1) -0.5<x146>[B] (+0) +0.5<x147>[B] (+0) -0.5<x148>[B] (+1) -0.5<x149>[B] (+1) -0.5<x150>[B] (+0) +0.5<x151>[B] (+0) -0.5<x152>[B] (+0) -0.5<x153>[B] (+1) +0.5<x154>[B] (+1) +0.5<x155>[B] (+0) -0.5<x156>[B] (+1) +0.5<x157>[B] (+1) -0.5<x158>[B] (+0) -0.5<x159>[B] (+1) -0.5<x160>[B] (+1) +0.5<x161>[B] (+1) -0.5<x162>[B] (+1) -0.5<x163>[B] (+0) +0.5<x164>[B] (+0) -0.5<x165>[B] (+0) -0.5<x166>[B] (+0) +0.5<x167>[B] (+0) +0.5<x168>[B] (+0) +0.5<x169>[B] (+0) +0.5<x170>[B] (+0) -0.5<x171>[B] (+0) -0.5<x172>[B] (+1) -0.5<x173>[B] (+1) +0.5<x174>[B] (+0) +0.5<x175>[B] (+1) +0.5<x176>[B] (+1) -0.5<x177>[B] (+1) +0.5<x178>[B] (+1) +0.5<x179>[B] (+1) +0.5<x180>[B] (+1) +0.5<x181>[B] (+1) +0.5<x182>[B] (+1) -0.5<x183>[B] (+1) +0.5<x184>[B] (+1) +0.5<x185>[B] (+1) +0.5<x186>[B] (+1) +0.5<x187>[B] (+1) -0.5<x188>[B] (+1) -0.5<x189>[B] (+1) -0.5<x190>[B] (+1) +0.5<x191>[B] (+0) -0.5<x192>[B] (+1) -0.5<x193>[B] (+1) -0.5<x194>[B] (+1) -0.5<x195>[B] (+1) -0.5<x196>[B] (+1) +0.5<x197>[B] (+1) -0.5<x198>[B] (+1) +0.5<x199>[B] (+1) +0.5<x200>[B] (+1) +0.5<x201>[B] (+0) +0.5<x202>[B] (+1) +0.5<x203>[B] (+1) -0.5<x204>[B] (+1) +0.5<x205>[B] (+1) +0.5<x206>[B] (+1) +0.5<x207>[B] (+1) +0.5<x208>[B] (+1) +0.5<x209>[B] (+0) +0.5<x210>[B] (+0) +0.5<x211>[B] (+0) +0.5<x212>[B] (+0) -0.5<x213>[B] (+0) +0.5<x214>[B] (+1) +0.5<x215>[B] (+1) +0.5<x216>[B] (+0) +0.5<x217>[B] (+1) +0.5<x218>[B] (+0) -0.5<x219>[B] (+1) -0.5<x220>[B] (+0) -0.5<x221>[B] (+0) -0.5<x222>[B] (+1) -0.5<x223>[B] (+1) +0.5<x224>[B] (+1) -0.5<x225>[B] (+1) -0.5<x226>[B] (+1) -0.5<x227>[B] (+1) -0.5<x228>[B] (+1) -0.5<x229>[B] (+1) -0.5<x230>[B] (+1) -0.5<x231>[B] (+1) -0.5<x232>[B] (+1) +0.5<x233>[B] (+0) -0.5<x234>[B] (+0) -0.5<x235>[B] (+1) -0.5<x236>[B] (+1) +0.5<x237>[B] (+1) -0.5<x238>[B] (+1) -0.5<x239>[B] (+0) -0.5<x240>[B] (+1) -0.5<x241>[B] (+1) +0.5<x242>[B] (+1) -0.5<x243>[B] (+1) +0.5<x244>[B] (+1) +0.5<x245>[B] (+1) +0.5<x246>[B] (+1) +0.5<x247>[B] (+1) -0.5<x248>[B] (+0) +0.5<x249>[B] (+0) +0.5<x250>[B] (+1) +0.5<x251>[B] (+0) +0.5<x252>[B] (+1) -0.5<x253>[B] (+1) >= 33.8754940711462;
;
violation: left hand side is violated by 0.0790513833992463
  [linear] <c3858>: <x320>[C] (+35.9782609) +0.527667984<x1>[B] (+0) -0.527667984<x2>[B] (+0) +0.527667984<x3>[B] (+0) +0.527667984<x4>[B] (+0) -0.527667984<x5>[B] (+0) -0.527667984<x6>[B] (+0) +0.527667984<x7>[B] (+0) -0.527667984<x8>[B] (+0) -0.527667984<x9>[B] (+0) +0.527667984<x10>[B] (+0) -0.527667984<x11>[B] (+0) -0.527667984<x12>[B] (+0) -0.527667984<x13>[B] (+0) -0.527667984<x14>[B] (+0) -0.527667984<x15>[B] (+0) -0.527667984<x16>[B] (+0) -0.527667984<x17>[B] (+0) +0.527667984<x18>[B] (+0) -0.527667984<x19>[B] (+0) +0.527667984<x20>[B] (+0) -0.527667984<x21>[B] (+0) -0.527667984<x22>[B] (+1) -0.527667984<x23>[B] (+0) -0.527667984<x24>[B] (+0) -0.527667984<x25>[B] (+1) -0.527667984<x26>[B] (+0) -0.527667984<x27>[B] (+1) -0.527667984<x28>[B] (+1) -0.527667984<x29>[B] (+0) -0.527667984<x30>[B] (+1) +0.527667984<x31>[B] (+0) -0.527667984<x32>[B] (+0) -0.527667984<x33>[B] (+0) -0.527667984<x34>[B] (+1) -0.527667984<x35>[B] (+0) -0.527667984<x36>[B] (+0) -0.527667984<x37>[B] (+0) -0.527667984<x38>[B] (+0) +0.527667984<x39>[B] (+0) -0.527667984<x40>[B] (+1) -0.527667984<x41>[B] (+1) -0.527667984<x42>[B] (+1) -0.527667984<x43>[B] (+1) +0.527667984<x44>[B] (+0) +0.527667984<x45>[B] (+1) -0.527667984<x46>[B] (+0) -0.527667984<x47>[B] (+1) +0.527667984<x48>[B] (+1) +0.527667984<x49>[B] (+0) -0.527667984<x50>[B] (+1) +0.527667984<x51>[B] (+0) +0.527667984<x52>[B] (+0) -0.527667984<x53>[B] (+0) -0.527667984<x54>[B] (+1) -0.527667984<x55>[B] (+0) -0.527667984<x56>[B] (+0) +0.527667984<x57>[B] (+0) -0.527667984<x58>[B] (+0) +0.527667984<x59>[B] (+0) +0.527667984<x60>[B] (+1) +0.527667984<x61>[B] (+1) -0.527667984<x62>[B] (+1) -0.527667984<x63>[B] (+1) +0.527667984<x64>[B] (+1) -0.527667984<x65>[B] (+0) -0.527667984<x66>[B] (+1) +0.527667984<x67>[B] (+1) -0.527667984<x68>[B] (+0) -0.527667984<x69>[B] (+1) +0.527667984<x70>[B] (+0) -0.527667984<x71>[B] (+0) -0.527667984<x72>[B] (+0) -0.527667984<x73>[B] (+1) -0.527667984<x74>[B] (+0) -0.527667984<x75>[B] (+0) -0.527667984<x76>[B] (+0) -0.527667984<x77>[B] (+0) +0.527667984<x78>[B] (+0) -0.527667984<x79>[B] (+1) +0.527667984<x80>[B] (+1) -0.527667984<x81>[B] (+1) -0.527667984<x82>[B] (+1) -0.527667984<x83>[B] (+0) -0.527667984<x84>[B] (+0) -0.527667984<x85>[B] (+0) -0.527667984<x86>[B] (+0) -0.527667984<x87>[B] (+0) +0.527667984<x88>[B] (+0) -0.527667984<x89>[B] (+0) -0.527667984<x90>[B] (+0) -0.527667984<x91>[B] (+0) -0.527667984<x92>[B] (+0) -0.527667984<x93>[B] (+0) -0.527667984<x94>[B] (+0) -0.527667984<x95>[B] (+0) +0.527667984<x96>[B] (+0) -0.527667984<x97>[B] (+1) -0.527667984<x98>[B] (+0) -0.527667984<x99>[B] (+0) -0.527667984<x100>[B] (+1) +0.527667984<x101>[B] (+1) +0.527667984<x102>[B] (+1) +0.527667984<x103>[B] (+0) +0.527667984<x104>[B] (+1) +0.527667984<x105>[B] (+0) +0.527667984<x106>[B] (+0) +0.527667984<x107>[B] (+1) +0.527667984<x108>[B] (+1) -0.527667984<x109>[B] (+1) +0.527667984<x110>[B] (+0) +0.527667984<x111>[B] (+0) +0.527667984<x112>[B] (+0) +0.527667984<x113>[B] (+0) +0.527667984<x114>[B] (+1) +0.527667984<x115>[B] (+1) +0.527667984<x116>[B] (+1) -0.527667984<x117>[B] (+1) +0.527667984<x118>[B] (+0) +0.527667984<x119>[B] (+0) -0.527667984<x120>[B] (+0) +0.527667984<x121>[B] (+0) +0.527667984<x122>[B] (+0) -0.527667984<x123>[B] (+0) -0.527667984<x124>[B] (+0) -0.527667984<x125>[B] (+0) -0.527667984<x126>[B] (+0) +0.527667984<x127>[B] (+0) -0.527667984<x128>[B] (+0) +0.527667984<x129>[B] (+0) +0.527667984<x130>[B] (+1) +0.527667984<x131>[B] (+0) -0.527667984<x132>[B] (+0) -0.527667984<x133>[B] (+1) -0.527667984<x134>[B] (+0) -0.527667984<x135>[B] (+1) +0.527667984<x136>[B] (+0) -0.527667984<x137>[B] (+0) -0.527667984<x138>[B] (+0) -0.527667984<x139>[B] (+1) -0.527667984<x140>[B] (+0) -0.527667984<x141>[B] (+0) -0.527667984<x142>[B] (+0) -0.527667984<x143>[B] (+0) +0.527667984<x144>[B] (+0) -0.527667984<x145>[B] (+1) +0.527667984<x146>[B] (+1) -0.527667984<x147>[B] (+0) -0.527667984<x148>[B] (+1) -0.527667984<x149>[B] (+1) +0.527667984<x150>[B] (+0) -0.527667984<x151>[B] (+0) -0.527667984<x152>[B] (+1) -0.527667984<x153>[B] (+1) -0.527667984<x154>[B] (+1) -0.527667984<x155>[B] (+0) +0.527667984<x156>[B] (+1) -0.527667984<x157>[B] (+0) +0.527667984<x158>[B] (+0) -0.527667984<x159>[B] (+1) +0.527667984<x160>[B] (+1) -0.527667984<x161>[B] (+1) -0.527667984<x162>[B] (+1) +0.527667984<x163>[B] (+0) +0.527667984<x164>[B] (+0) +0.527667984<x165>[B] (+0) +0.527667984<x166>[B] (+0) -0.527667984<x167>[B] (+0) +0.527667984<x168>[B] (+0) +0.527667984<x169>[B] (+0) +0.527667984<x170>[B] (+0) +0.527667984<x171>[B] (+0) +0.527667984<x172>[B] (+1) +0.527667984<x173>[B] (+0) +0.527667984<x174>[B] (+0) -0.527667984<x175>[B] (+1) -0.527667984<x176>[B] (+1) -0.527667984<x177>[B] (+1) -0.527667984<x178>[B] (+1) -0.527667984<x179>[B] (+1) -0.527667984<x180>[B] (+1) -0.527667984<x181>[B] (+1) -0.527667984<x182>[B] (+1) +0.527667984<x183>[B] (+1) -0.527667984<x184>[B] (+1) -0.527667984<x185>[B] (+1) -0.527667984<x186>[B] (+1) -0.527667984<x187>[B] (+1) -0.527667984<x188>[B] (+1) -0.527667984<x189>[B] (+1) -0.527667984<x190>[B] (+1) -0.527667984<x191>[B] (+0) +0.527667984<x192>[B] (+1) -0.527667984<x193>[B] (+1) +0.527667984<x194>[B] (+1) +0.527667984<x195>[B] (+1) +0.527667984<x196>[B] (+1) -0.527667984<x197>[B] (+1) -0.527667984<x198>[B] (+1) -0.527667984<x199>[B] (+1) -0.527667984<x200>[B] (+1) +0.527667984<x201>[B] (+0) +0.527667984<x202>[B] (+0) -0.527667984<x203>[B] (+0) +0.527667984<x204>[B] (+0) +0.527667984<x205>[B] (+1) +0.527667984<x206>[B] (+1) +0.527667984<x207>[B] (+1) -0.527667984<x208>[B] (+1) -0.527667984<x209>[B] (+0) +0.527667984<x210>[B] (+0) +0.527667984<x211>[B] (+0) +0.527667984<x212>[B] (+0) +0.527667984<x213>[B] (+0) +0.527667984<x214>[B] (+1) +0.527667984<x215>[B] (+1) +0.527667984<x216>[B] (+0) -0.527667984<x217>[B] (+1) +0.527667984<x218>[B] (+0) +0.527667984<x219>[B] (+0) +0.527667984<x220>[B] (+0) +0.527667984<x221>[B] (+0) +0.527667984<x222>[B] (+1) +0.527667984<x223>[B] (+1) +0.527667984<x224>[B] (+1) -0.527667984<x225>[B] (+1) +0.527667984<x226>[B] (+1) -0.527667984<x227>[B] (+1) +0.527667984<x228>[B] (+1) +0.527667984<x229>[B] (+1) +0.527667984<x230>[B] (+1) +0.527667984<x231>[B] (+1) -0.527667984<x232>[B] (+1) -0.527667984<x233>[B] (+0) +0.527667984<x234>[B] (+0) -0.527667984<x235>[B] (+1) +0.527667984<x236>[B] (+1) -0.527667984<x237>[B] (+1) -0.527667984<x238>[B] (+1) +0.527667984<x239>[B] (+0) +0.527667984<x240>[B] (+1) +0.527667984<x241>[B] (+1) +0.527667984<x242>[B] (+1) -0.527667984<x243>[B] (+1) -0.527667984<x244>[B] (+1) -0.527667984<x245>[B] (+1) -0.527667984<x246>[B] (+1) -0.527667984<x247>[B] (+1) +0.527667984<x248>[B] (+0) -0.527667984<x249>[B] (+0) -0.527667984<x250>[B] (+1) -0.527667984<x251>[B] (+0) -0.527667984<x252>[B] (+1) -0.527667984<x253>[B] (+1) >= 19.6561264822134;
;
violation: left hand side is violated by 0.035573122529641
  [linear] <c3838>: <x296>[C] (+26.5335968) +0.440711462<x1>[B] (+0) +0.440711462<x2>[B] (+0) -0.440711462<x3>[B] (+0) +0.440711462<x4>[B] (+1) +0.440711462<x5>[B] (+0) -0.440711462<x6>[B] (+0) +0.440711462<x7>[B] (+1) +0.440711462<x8>[B] (+0) +0.440711462<x9>[B] (+0) -0.440711462<x10>[B] (+0) +0.440711462<x11>[B] (+0) +0.440711462<x12>[B] (+0) -0.440711462<x13>[B] (+0) +0.440711462<x14>[B] (+0) -0.440711462<x15>[B] (+0) +0.440711462<x16>[B] (+0) +0.440711462<x17>[B] (+0) -0.440711462<x18>[B] (+0) +0.440711462<x19>[B] (+1) +0.440711462<x20>[B] (+0) +0.440711462<x21>[B] (+0) +0.440711462<x22>[B] (+1) -0.440711462<x23>[B] (+1) -0.440711462<x24>[B] (+0) -0.440711462<x25>[B] (+1) -0.440711462<x26>[B] (+0) -0.440711462<x27>[B] (+1) -0.440711462<x28>[B] (+1) -0.440711462<x29>[B] (+0) -0.440711462<x30>[B] (+1) -0.440711462<x31>[B] (+0) -0.440711462<x32>[B] (+0) -0.440711462<x33>[B] (+0) -0.440711462<x34>[B] (+1) -0.440711462<x35>[B] (+0) -0.440711462<x36>[B] (+0) -0.440711462<x37>[B] (+0) -0.440711462<x38>[B] (+0) -0.440711462<x39>[B] (+0) -0.440711462<x40>[B] (+1) -0.440711462<x41>[B] (+1) -0.440711462<x42>[B] (+1) -0.440711462<x43>[B] (+1) -0.440711462<x44>[B] (+0) +0.440711462<x45>[B] (+1) +0.440711462<x46>[B] (+0) -0.440711462<x47>[B] (+0) +0.440711462<x48>[B] (+1) +0.440711462<x49>[B] (+0) -0.440711462<x50>[B] (+0) -0.440711462<x51>[B] (+0) +0.440711462<x52>[B] (+0) +0.440711462<x53>[B] (+0) -0.440711462<x54>[B] (+1) -0.440711462<x55>[B] (+0) -0.440711462<x56>[B] (+0) -0.440711462<x57>[B] (+0) +0.440711462<x58>[B] (+0) -0.440711462<x59>[B] (+0) +0.440711462<x60>[B] (+1) +0.440711462<x61>[B] (+1) +0.440711462<x62>[B] (+0) -0.440711462<x63>[B] (+1) +0.440711462<x64>[B] (+1) +0.440711462<x65>[B] (+0) -0.440711462<x66>[B] (+1) +0.440711462<x67>[B] (+1) +0.440711462<x68>[B] (+0) +0.440711462<x69>[B] (+1) -0.440711462<x70>[B] (+0) +0.440711462<x71>[B] (+0) +0.440711462<x72>[B] (+0) -0.440711462<x73>[B] (+1) +0.440711462<x74>[B] (+0) -0.440711462<x75>[B] (+0) +0.440711462<x76>[B] (+1) +0.440711462<x77>[B] (+0) +0.440711462<x78>[B] (+0) +0.440711462<x79>[B] (+1) +0.440711462<x80>[B] (+1) +0.440711462<x81>[B] (+1) +0.440711462<x82>[B] (+1) -0.440711462<x83>[B] (+0) -0.440711462<x84>[B] (+0) -0.440711462<x85>[B] (+1) -0.440711462<x86>[B] (+0) -0.440711462<x87>[B] (+0) -0.440711462<x88>[B] (+0) -0.440711462<x89>[B] (+0) -0.440711462<x90>[B] (+0) -0.440711462<x91>[B] (+0) -0.440711462<x92>[B] (+0) -0.440711462<x93>[B] (+0) -0.440711462<x94>[B] (+0) -0.440711462<x95>[B] (+0) -0.440711462<x96>[B] (+0) -0.440711462<x97>[B] (+1) -0.440711462<x98>[B] (+0) +0.440711462<x99>[B] (+0) -0.440711462<x100>[B] (+1) -0.440711462<x101>[B] (+1) -0.440711462<x102>[B] (+1) -0.440711462<x103>[B] (+0) -0.440711462<x104>[B] (+1) -0.440711462<x105>[B] (+0) +0.440711462<x106>[B] (+0) -0.440711462<x107>[B] (+0) -0.440711462<x108>[B] (+1) -0.440711462<x109>[B] (+1) -0.440711462<x110>[B] (+0) -0.440711462<x111>[B] (+1) +0.440711462<x112>[B] (+0) -0.440711462<x113>[B] (+0) -0.440711462<x114>[B] (+1) -0.440711462<x115>[B] (+1) +0.440711462<x116>[B] (+1) -0.440711462<x117>[B] (+1) +0.440711462<x118>[B] (+1) +0.440711462<x119>[B] (+0) +0.440711462<x120>[B] (+0) -0.440711462<x121>[B] (+0) +0.440711462<x122>[B] (+0) +0.440711462<x123>[B] (+0) +0.440711462<x124>[B] (+1) +0.440711462<x125>[B] (+0) -0.440711462<x126>[B] (+0) +0.440711462<x127>[B] (+0) +0.440711462<x128>[B] (+0) +0.440711462<x129>[B] (+0) +0.440711462<x130>[B] (+1) +0.440711462<x131>[B] (+1) +0.440711462<x132>[B] (+0) +0.440711462<x133>[B] (+1) -0.440711462<x134>[B] (+0) -0.440711462<x135>[B] (+0) -0.440711462<x136>[B] (+0) +0.440711462<x137>[B] (+0) +0.440711462<x138>[B] (+0) -0.440711462<x139>[B] (+0) -0.440711462<x140>[B] (+0) -0.440711462<x141>[B] (+0) -0.440711462<x142>[B] (+0) +0.440711462<x143>[B] (+0) -0.440711462<x144>[B] (+0) +0.440711462<x145>[B] (+1) -0.440711462<x146>[B] (+0) +0.440711462<x147>[B] (+0) -0.440711462<x148>[B] (+1) -0.440711462<x149>[B] (+1) -0.440711462<x150>[B] (+0) +0.440711462<x151>[B] (+0) +0.440711462<x152>[B] (+0) -0.440711462<x153>[B] (+1) -0.440711462<x154>[B] (+1) -0.440711462<x155>[B] (+0) -0.440711462<x156>[B] (+1) +0.440711462<x157>[B] (+0) -0.440711462<x158>[B] (+0) +0.440711462<x159>[B] (+1) +0.440711462<x160>[B] (+1) +0.440711462<x161>[B] (+1) -0.440711462<x162>[B] (+1) -0.440711462<x163>[B] (+0) +0.440711462<x164>[B] (+0) +0.440711462<x165>[B] (+0) -0.440711462<x166>[B] (+1) +0.440711462<x167>[B] (+0) -0.440711462<x168>[B] (+0) -0.440711462<x169>[B] (+0) +0.440711462<x170>[B] (+0) -0.440711462<x171>[B] (+0) +0.440711462<x172>[B] (+1) +0.440711462<x173>[B] (+1) +0.440711462<x174>[B] (+0) -0.440711462<x175>[B] (+1) +0.440711462<x176>[B] (+1) +0.440711462<x177>[B] (+1) +0.440711462<x178>[B] (+1) +0.440711462<x179>[B] (+1) +0.440711462<x180>[B] (+1) +0.440711462<x181>[B] (+1) +0.440711462<x182>[B] (+1) +0.440711462<x183>[B] (+1) +0.440711462<x184>[B] (+1) +0.440711462<x185>[B] (+1) +0.440711462<x186>[B] (+1) +0.440711462<x187>[B] (+1) -0.440711462<x188>[B] (+1) -0.440711462<x189>[B] (+1) -0.440711462<x190>[B] (+1) -0.440711462<x191>[B] (+0) -0.440711462<x192>[B] (+1) +0.440711462<x193>[B] (+1) -0.440711462<x194>[B] (+1) -0.440711462<x195>[B] (+1) -0.440711462<x196>[B] (+1) +0.440711462<x197>[B] (+1) -0.440711462<x198>[B] (+1) -0.440711462<x199>[B] (+1) -0.440711462<x200>[B] (+1) -0.440711462<x201>[B] (+0) -0.440711462<x202>[B] (+1) +0.440711462<x203>[B] (+1) -0.440711462<x204>[B] (+1) -0.440711462<x205>[B] (+1) -0.440711462<x206>[B] (+1) +0.440711462<x207>[B] (+1) -0.440711462<x208>[B] (+1) +0.440711462<x209>[B] (+0) -0.440711462<x210>[B] (+0) +0.440711462<x211>[B] (+0) +0.440711462<x212>[B] (+0) +0.440711462<x213>[B] (+0) +0.440711462<x214>[B] (+1) +0.440711462<x215>[B] (+1) +0.440711462<x216>[B] (+0) +0.440711462<x217>[B] (+1) -0.440711462<x218>[B] (+0) -0.440711462<x219>[B] (+1) +0.440711462<x220>[B] (+0) -0.440711462<x221>[B] (+0) +0.440711462<x222>[B] (+1) +0.440711462<x223>[B] (+1) +0.440711462<x224>[B] (+1) -0.440711462<x225>[B] (+1) +0.440711462<x226>[B] (+1) +0.440711462<x227>[B] (+1) +0.440711462<x228>[B] (+1) +0.440711462<x229>[B] (+1) +0.440711462<x230>[B] (+1) +0.440711462<x231>[B] (+1) +0.440711462<x232>[B] (+1) +0.440711462<x233>[B] (+0) -0.440711462<x234>[B] (+0) +0.440711462<x235>[B] (+1) +0.440711462<x236>[B] (+1) +0.440711462<x237>[B] (+1) +0.440711462<x238>[B] (+1) -0.440711462<x239>[B] (+1) -0.440711462<x240>[B] (+1) -0.440711462<x241>[B] (+1) +0.440711462<x242>[B] (+1) -0.440711462<x243>[B] (+1) +0.440711462<x244>[B] (+1) +0.440711462<x245>[B] (+1) +0.440711462<x246>[B] (+1) +0.440711462<x247>[B] (+1) -0.440711462<x248>[B] (+0) +0.440711462<x249>[B] (+0) -0.440711462<x250>[B] (+1) +0.440711462<x251>[B] (+0) -0.440711462<x252>[B] (+1) -0.440711462<x253>[B] (+1) >= 30.0790513833992;
;
violation: left hand side is violated by 0.0197628458497903
  [linear] <c3810>: <x262>[C] (+46.7272727) -0.602766798<x1>[B] (+0) -0.602766798<x2>[B] (+0) -0.602766798<x3>[B] (+0) +0.602766798<x4>[B] (+0) +0.602766798<x5>[B] (+0) -0.602766798<x6>[B] (+0) -0.602766798<x7>[B] (+1) +0.602766798<x8>[B] (+0) -0.602766798<x9>[B] (+0) -0.602766798<x10>[B] (+0) +0.602766798<x11>[B] (+0) +0.602766798<x12>[B] (+0) +0.602766798<x13>[B] (+1) -0.602766798<x14>[B] (+0) -0.602766798<x15>[B] (+0) +0.602766798<x16>[B] (+0) +0.602766798<x17>[B] (+0) -0.602766798<x18>[B] (+0) -0.602766798<x19>[B] (+1) -0.602766798<x20>[B] (+0) +0.602766798<x21>[B] (+0) -0.602766798<x22>[B] (+1) -0.602766798<x23>[B] (+1) -0.602766798<x24>[B] (+0) +0.602766798<x25>[B] (+1) +0.602766798<x26>[B] (+1) -0.602766798<x27>[B] (+1) -0.602766798<x28>[B] (+1) +0.602766798<x29>[B] (+0) -0.602766798<x30>[B] (+1) -0.602766798<x31>[B] (+0) +0.602766798<x32>[B] (+0) +0.602766798<x33>[B] (+0) +0.602766798<x34>[B] (+1) +0.602766798<x35>[B] (+0) +0.602766798<x36>[B] (+0) +0.602766798<x37>[B] (+0) +0.602766798<x38>[B] (+0) -0.602766798<x39>[B] (+0) -0.602766798<x40>[B] (+1) +0.602766798<x41>[B] (+1) +0.602766798<x42>[B] (+1) -0.602766798<x43>[B] (+1) -0.602766798<x44>[B] (+0) +0.602766798<x45>[B] (+1) +0.602766798<x46>[B] (+0) +0.602766798<x47>[B] (+1) -0.602766798<x48>[B] (+1) +0.602766798<x49>[B] (+0) +0.602766798<x50>[B] (+0) +0.602766798<x51>[B] (+0) +0.602766798<x52>[B] (+0) +0.602766798<x53>[B] (+0) +0.602766798<x54>[B] (+1) +0.602766798<x55>[B] (+0) +0.602766798<x56>[B] (+0) +0.602766798<x57>[B] (+0) +0.602766798<x58>[B] (+0) +0.602766798<x59>[B] (+0) +0.602766798<x60>[B] (+1) +0.602766798<x61>[B] (+0) +0.602766798<x62>[B] (+0) +0.602766798<x63>[B] (+1) +0.602766798<x64>[B] (+1) +0.602766798<x65>[B] (+1) +0.602766798<x66>[B] (+1) -0.602766798<x67>[B] (+1) +0.602766798<x68>[B] (+0) +0.602766798<x69>[B] (+1) +0.602766798<x70>[B] (+0) +0.602766798<x71>[B] (+0) +0.602766798<x72>[B] (+0) +0.602766798<x73>[B] (+1) +0.602766798<x74>[B] (+1) +0.602766798<x75>[B] (+0) +0.602766798<x76>[B] (+1) +0.602766798<x77>[B] (+0) +0.602766798<x78>[B] (+0) +0.602766798<x79>[B] (+1) +0.602766798<x80>[B] (+1) +0.602766798<x81>[B] (+1) +0.602766798<x82>[B] (+1) +0.602766798<x83>[B] (+0) -0.602766798<x84>[B] (+0) -0.602766798<x85>[B] (+1) +0.602766798<x86>[B] (+0) -0.602766798<x87>[B] (+0) -0.602766798<x88>[B] (+0) +0.602766798<x89>[B] (+0) +0.602766798<x90>[B] (+0) +0.602766798<x91>[B] (+1) -0.602766798<x92>[B] (+0) -0.602766798<x93>[B] (+0) +0.602766798<x94>[B] (+0) +0.602766798<x95>[B] (+0) -0.602766798<x96>[B] (+0) -0.602766798<x97>[B] (+1) -0.602766798<x98>[B] (+0) +0.602766798<x99>[B] (+0) -0.602766798<x100>[B] (+1) -0.602766798<x101>[B] (+1) -0.602766798<x102>[B] (+1) +0.602766798<x103>[B] (+0) -0.602766798<x104>[B] (+1) -0.602766798<x105>[B] (+0) +0.602766798<x106>[B] (+0) +0.602766798<x107>[B] (+0) -0.602766798<x108>[B] (+1) -0.602766798<x109>[B] (+0) -0.602766798<x110>[B] (+0) +0.602766798<x111>[B] (+0) -0.602766798<x112>[B] (+0) -0.602766798<x113>[B] (+0) -0.602766798<x114>[B] (+1) -0.602766798<x115>[B] (+1) +0.602766798<x116>[B] (+0) -0.602766798<x117>[B] (+1) -0.602766798<x118>[B] (+1) +0.602766798<x119>[B] (+0) +0.602766798<x120>[B] (+0) +0.602766798<x121>[B] (+0) +0.602766798<x122>[B] (+0) +0.602766798<x123>[B] (+0) +0.602766798<x124>[B] (+1) +0.602766798<x125>[B] (+0) +0.602766798<x126>[B] (+0) +0.602766798<x127>[B] (+0) +0.602766798<x128>[B] (+0) +0.602766798<x129>[B] (+0) +0.602766798<x130>[B] (+1) +0.602766798<x131>[B] (+0) +0.602766798<x132>[B] (+0) +0.602766798<x133>[B] (+1) +0.602766798<x134>[B] (+0) +0.602766798<x135>[B] (+0) +0.602766798<x136>[B] (+0) +0.602766798<x137>[B] (+0) +0.602766798<x138>[B] (+0) +0.602766798<x139>[B] (+0) +0.602766798<x140>[B] (+0) +0.602766798<x141>[B] (+0) +0.602766798<x142>[B] (+0) +0.602766798<x143>[B] (+0) +0.602766798<x144>[B] (+0) +0.602766798<x145>[B] (+1) +0.602766798<x146>[B] (+0) +0.602766798<x147>[B] (+0) +0.602766798<x148>[B] (+1) -0.602766798<x149>[B] (+1) -0.602766798<x150>[B] (+0) -0.602766798<x151>[B] (+0) +0.602766798<x152>[B] (+1) -0.602766798<x153>[B] (+1) -0.602766798<x154>[B] (+1) -0.602766798<x155>[B] (+0) -0.602766798<x156>[B] (+1) -0.602766798<x157>[B] (+1) -0.602766798<x158>[B] (+0) -0.602766798<x159>[B] (+1) -0.602766798<x160>[B] (+1) +0.602766798<x161>[B] (+1) -0.602766798<x162>[B] (+1) +0.602766798<x163>[B] (+0) +0.602766798<x164>[B] (+0) +0.602766798<x165>[B] (+0) +0.602766798<x166>[B] (+1) +0.602766798<x167>[B] (+0) +0.602766798<x168>[B] (+0) +0.602766798<x169>[B] (+0) +0.602766798<x170>[B] (+0) +0.602766798<x171>[B] (+0) +0.602766798<x172>[B] (+1) +0.602766798<x173>[B] (+0) +0.602766798<x174>[B] (+0) +0.602766798<x175>[B] (+1) +0.602766798<x176>[B] (+1) +0.602766798<x177>[B] (+1) +0.602766798<x178>[B] (+1) +0.602766798<x179>[B] (+1) +0.602766798<x180>[B] (+0) +0.602766798<x181>[B] (+1) +0.602766798<x182>[B] (+1) +0.602766798<x183>[B] (+1) +0.602766798<x184>[B] (+1) +0.602766798<x185>[B] (+1) +0.602766798<x186>[B] (+1) +0.602766798<x187>[B] (+1) +0.602766798<x188>[B] (+1) -0.602766798<x189>[B] (+1) -0.602766798<x190>[B] (+1) -0.602766798<x191>[B] (+0) -0.602766798<x192>[B] (+1) -0.602766798<x193>[B] (+1) -0.602766798<x194>[B] (+1) -0.602766798<x195>[B] (+1) -0.602766798<x196>[B] (+1) +0.602766798<x197>[B] (+1) -0.602766798<x198>[B] (+1) -0.602766798<x199>[B] (+1) -0.602766798<x200>[B] (+1) -0.602766798<x201>[B] (+0) -0.602766798<x202>[B] (+1) -0.602766798<x203>[B] (+0) -0.602766798<x204>[B] (+0) -0.602766798<x205>[B] (+1) -0.602766798<x206>[B] (+1) -0.602766798<x207>[B] (+1) -0.602766798<x208>[B] (+1) -0.602766798<x209>[B] (+0) -0.602766798<x210>[B] (+0) +0.602766798<x211>[B] (+0) -0.602766798<x212>[B] (+0) -0.602766798<x213>[B] (+0) -0.602766798<x214>[B] (+1) -0.602766798<x215>[B] (+0) +0.602766798<x216>[B] (+0) -0.602766798<x217>[B] (+1) +0.602766798<x218>[B] (+0) +0.602766798<x219>[B] (+0) +0.602766798<x220>[B] (+0) -0.602766798<x221>[B] (+0) -0.602766798<x222>[B] (+1) +0.602766798<x223>[B] (+1) +0.602766798<x224>[B] (+1) -0.602766798<x225>[B] (+1) +0.602766798<x226>[B] (+1) +0.602766798<x227>[B] (+1) -0.602766798<x228>[B] (+1) -0.602766798<x229>[B] (+1) +0.602766798<x230>[B] (+1) +0.602766798<x231>[B] (+1) -0.602766798<x232>[B] (+1) -0.602766798<x233>[B] (+0) -0.602766798<x234>[B] (+0) -0.602766798<x235>[B] (+1) -0.602766798<x236>[B] (+1) +0.602766798<x237>[B] (+1) -0.602766798<x238>[B] (+1) -0.602766798<x239>[B] (+0) -0.602766798<x240>[B] (+1) -0.602766798<x241>[B] (+1) +0.602766798<x242>[B] (+1) -0.602766798<x243>[B] (+1) -0.602766798<x244>[B] (+1) +0.602766798<x245>[B] (+1) +0.602766798<x246>[B] (+1) -0.602766798<x247>[B] (+1) +0.602766798<x248>[B] (+0) +0.602766798<x249>[B] (+0) -0.602766798<x250>[B] (+1) +0.602766798<x251>[B] (+0) -0.602766798<x252>[B] (+1) -0.602766798<x253>[B] (+1) >= 42.6462450592885;
;
violation: left hand side is violated by 0.138339920948567
1/10 feasible solution given by solution candidate storage, new primal bound -2.750383e+03

presolving:
   (0.0s) symmetry computation started: requiring (bin +, int +, cont +), (fixed: bin -, int -, cont -)
   (0.0s) no symmetry present (symcode time: 0.00)
presolving (0 rounds: 0 fast, 0 medium, 0 exhaustive):
 0 deleted vars, 0 deleted constraints, 0 added constraints, 0 tightened bounds, 0 added holes, 0 changed sides, 0 changed coefficients
 0 implications, 0 cliques, 0 implied integral variables (0 bin, 0 int, 0 cont)
presolved problem has 343 variables (253 bin, 0 int, 90 cont) and 3881 constraints
   3881 constraints of type <linear>
Presolving Time: 0.05
transformed 2/2 original solutions to the transformed problem space

 time | node  | left  |LP iter|LP it/n|mem/heur|mdpt |vars |cons |rows |cuts |sepa|confs|strbr|  dualbound   | primalbound  |  gap   | compl. 
  0.3s|     1 |     0 |  1245 |     - |   161M |   0 | 343 |3881 |3881 |   0 |  0 |   0 |   0 |-2.543167e+03 |-2.750383e+03 |   8.15%| unknown
  0.7s|     1 |     0 |  1300 |     - |   162M |   0 | 343 |3881 |3883 |   2 |  1 |   0 |   0 |-2.543238e+03 |-2.750383e+03 |   8.14%| unknown
  1.1s|     1 |     0 |  1340 |     - |   162M |   0 | 343 |3881 |3884 |   3 |  2 |   0 |   0 |-2.543264e+03 |-2.750383e+03 |   8.14%| unknown
  1.5s|     1 |     0 |  1379 |     - |   163M |   0 | 343 |3881 |3888 |   7 |  3 |   0 |   0 |-2.543293e+03 |-2.750383e+03 |   8.14%| unknown
r 1.5s|     1 |     0 |  1379 |     - |shifting|   0 | 343 |3881 |3888 |   7 |  3 |   0 |   0 |-2.543293e+03 |-2.735774e+03 |   7.57%| unknown
  1.9s|     1 |     0 |  1444 |     - |   163M |   0 | 343 |3881 |3892 |  11 |  4 |   0 |   0 |-2.543378e+03 |-2.735774e+03 |   7.56%| unknown
  2.5s|     1 |     0 |  1556 |     - |   163M |   0 | 343 |3882 |3894 |  13 |  5 |   1 |   0 |-2.543458e+03 |-2.735774e+03 |   7.56%| unknown
  2.9s|     1 |     0 |  1680 |     - |   164M |   0 | 343 |3882 |3897 |  16 |  6 |   1 |   0 |-2.543577e+03 |-2.735774e+03 |   7.56%| unknown
  3.4s|     1 |     0 |  1814 |     - |   164M |   0 | 343 |3882 |3899 |  18 |  7 |   1 |   0 |-2.543724e+03 |-2.735774e+03 |   7.55%| unknown
  3.9s|     1 |     0 |  1893 |     - |   165M |   0 | 343 |3882 |3900 |  19 |  8 |   1 |   0 |-2.543859e+03 |-2.735774e+03 |   7.54%| unknown
  4.5s|     1 |     0 |  1932 |     - |   165M |   0 | 343 |3883 |3902 |  21 |  9 |   2 |   0 |-2.543865e+03 |-2.735774e+03 |   7.54%| unknown
  5.1s|     1 |     0 |  1978 |     - |   167M |   0 | 343 |3883 |3905 |  24 | 10 |   2 |   0 |-2.543874e+03 |-2.735774e+03 |   7.54%| unknown
  5.2s|     1 |     0 |  2040 |     - |   167M |   0 | 343 |3883 |3907 |  26 | 11 |   2 |   0 |-2.543885e+03 |-2.735774e+03 |   7.54%| unknown
r 5.3s|     1 |     0 |  2244 |     - |intshift|   0 | 343 |3883 |3907 |  26 | 11 |   2 |   0 |-2.543885e+03 |-2.617150e+03 |   2.88%| unknown
d 5.5s|     1 |     0 |  3551 |     - |farkasdi|   0 | 343 |3883 |3907 |   0 | 11 |   2 |   0 |-2.543885e+03 |-2.556897e+03 |   0.51%| unknown
 time | node  | left  |LP iter|LP it/n|mem/heur|mdpt |vars |cons |rows |cuts |sepa|confs|strbr|  dualbound   | primalbound  |  gap   | compl. 
L 6.1s|     1 |     0 |  3788 |     - |    rens|   0 | 343 |3890 |3907 |  26 | 11 |   9 |   0 |-2.543885e+03 |-2.549178e+03 |   0.21%| unknown
  6.1s|     1 |     0 |  3788 |     - |   167M |   0 | 343 |3890 |3907 |  26 | 11 |   9 |   0 |-2.543885e+03 |-2.549178e+03 |   0.21%| unknown
  6.1s|     1 |     0 |  3788 |     - |   167M |   0 | 343 |3890 |3185 |  26 | 11 |   9 |   0 |-2.543885e+03 |-2.549178e+03 |   0.21%| unknown
  6.2s|     1 |     0 |  3821 |     - |   167M |   0 | 343 |3890 |3187 |  28 | 12 |   9 |   0 |-2.543890e+03 |-2.549178e+03 |   0.21%| unknown
  6.2s|     1 |     0 |  3855 |     - |   167M |   0 | 343 |3890 |3188 |  29 | 13 |   9 |   0 |-2.543902e+03 |-2.549178e+03 |   0.21%| unknown
  6.2s|     1 |     0 |  3855 |     - |   167M |   0 | 343 |3126 |3188 |  29 | 13 |   9 |   0 |-2.543902e+03 |-2.549178e+03 |   0.21%| unknown
  6.3s|     1 |     0 |  3887 |     - |   168M |   0 | 343 |3126 |3187 |  30 | 14 |   9 |   0 |-2.543904e+03 |-2.549178e+03 |   0.21%| unknown
  6.3s|     1 |     0 |  3930 |     - |   168M |   0 | 343 |3126 |3190 |  33 | 15 |   9 |   0 |-2.543907e+03 |-2.549178e+03 |   0.21%| unknown
(run 1, node 1) restarting after 37 global fixings of integer variables

(restart) converted 31 cuts from the global cut pool into linear constraints

presolving:
presolving (0 rounds: 0 fast, 0 medium, 0 exhaustive):
 0 deleted vars, 0 deleted constraints, 0 added constraints, 0 tightened bounds, 0 added holes, 0 changed sides, 0 changed coefficients
 0 implications, 0 cliques, 0 implied integral variables (0 bin, 0 int, 0 cont)
presolved problem has 343 variables (253 bin, 0 int, 90 cont) and 3157 constraints
   3148 constraints of type <linear>
      9 constraints of type <logicor>
Presolving Time: 0.05
transformed 19/23 original solutions to the transformed problem space

 time | node  | left  |LP iter|LP it/n|mem/heur|mdpt |vars |cons |rows |cuts |sepa|confs|strbr|  dualbound   | primalbound  |  gap   | compl. 
  6.6s|     1 |     0 |  5536 |     - |   168M |   0 | 343 |3157 |3148 |   0 |  0 |   9 |   0 |-2.543907e+03 |-2.549178e+03 |   0.21%| unknown
  7.1s|     1 |     0 |  5571 |     - |   168M |   0 | 343 |3157 |3149 |   1 |  1 |   9 |   0 |-2.543913e+03 |-2.549178e+03 |   0.21%| unknown
  7.7s|     1 |     0 |  5597 |     - |   169M |   0 | 343 |3157 |3150 |   2 |  2 |   9 |   0 |-2.543915e+03 |-2.549178e+03 |   0.21%| unknown
  8.2s|     1 |     0 |  5666 |     - |   169M |   0 | 343 |3157 |3151 |   3 |  3 |   9 |   0 |-2.543928e+03 |-2.549178e+03 |   0.21%| unknown
  8.7s|     1 |     0 |  5794 |     - |   169M |   0 | 343 |3158 |3152 |   4 |  4 |  10 |   0 |-2.543956e+03 |-2.549178e+03 |   0.21%| unknown
  9.3s|     1 |     0 |  5820 |     - |   170M |   0 | 343 |3158 |3154 |   6 |  5 |  10 |   0 |-2.543960e+03 |-2.549178e+03 |   0.21%| unknown
  9.8s|     1 |     0 |  5893 |     - |   170M |   0 | 343 |3158 |3155 |   7 |  6 |  10 |   0 |-2.543972e+03 |-2.549178e+03 |   0.20%| unknown
 10.4s|     1 |     0 |  5930 |     - |   170M |   0 | 343 |3158 |3156 |   8 |  7 |  10 |   0 |-2.543974e+03 |-2.549178e+03 |   0.20%| unknown
 11.0s|     1 |     0 |  6046 |     - |   171M |   0 | 343 |3158 |3157 |   9 |  8 |  10 |   0 |-2.543989e+03 |-2.549178e+03 |   0.20%| unknown
 11.0s|     1 |     0 |  6046 |     - |   171M |   0 | 343 |3158 |3136 |   9 |  8 |  10 |   0 |-2.543989e+03 |-2.549178e+03 |   0.20%| unknown
 11.5s|     1 |     0 |  6078 |     - |   171M |   0 | 343 |3158 |3137 |  10 |  9 |  10 |   0 |-2.543991e+03 |-2.549178e+03 |   0.20%| unknown
 12.1s|     1 |     0 |  6109 |     - |   175M |   0 | 343 |3158 |3128 |  12 | 10 |  10 |   0 |-2.543992e+03 |-2.549178e+03 |   0.20%| unknown
 12.1s|     1 |     0 |  6131 |     - |   175M |   0 | 343 |3159 |3129 |  13 | 11 |  11 |   0 |-2.543993e+03 |-2.549178e+03 |   0.20%| unknown
 15.9s|     1 |     2 |  7221 |     - |   175M |   0 | 343 |3149 |3129 |  13 | 11 |  22 |  41 |-2.545864e+03 |-2.549178e+03 |   0.13%| unknown
*16.8s|     3 |     0 |  8471 |1362.7 |strongbr|   1 | 343 | 592 |3113 |  13 | 17 |  56 |  71 |-2.549074e+03 |-2.549111e+03 |   0.00%|  41.79%

SCIP Status        : problem is solved [optimal solution found]
Solving Time (sec) : 16.80
Solving Nodes      : 3 (total of 4 nodes in 2 runs)
Primal Bound       : -2.54911067193676e+03 (37 solutions)
Dual Bound         : -2.54911067193676e+03
Gap                : 0.00 %
  [linear] <c3882>: <x255>[C] (+45.0217391) +0.59486166<x1>[B] (+0) +0.59486166<x2>[B] (+0) +0.59486166<x3>[B] (+0) +0.59486166<x4>[B] (+1) +0.59486166<x5>[B] (+0) +0.59486166<x6>[B] (+0) +0.59486166<x7>[B] (+0) +0.59486166<x8>[B] (+0) +0.59486166<x9>[B] (+0) +0.59486166<x10>[B] (+0) +0.59486166<x11>[B] (+0) +0.59486166<x12>[B] (+0) -0.59486166<x13>[B] (+0) +0.59486166<x14>[B] (+0) -0.59486166<x15>[B] (+0) +0.59486166<x16>[B] (+0) +0.59486166<x17>[B] (+0) +0.59486166<x18>[B] (+0) -0.59486166<x19>[B] (+0) +0.59486166<x20>[B] (+0) +0.59486166<x21>[B] (+0) +0.59486166<x22>[B] (+0) +0.59486166<x23>[B] (+0) -0.59486166<x24>[B] (+0) +0.59486166<x25>[B] (+1) +0.59486166<x26>[B] (+0) +0.59486166<x27>[B] (+1) -0.59486166<x28>[B] (+1) +0.59486166<x29>[B] (+0) +0.59486166<x30>[B] (+1) -0.59486166<x31>[B] (+0) +0.59486166<x32>[B] (+0) +0.59486166<x33>[B] (+0) -0.59486166<x34>[B] (+0) -0.59486166<x35>[B] (+1) -0.59486166<x36>[B] (+0) -0.59486166<x37>[B] (+0) +0.59486166<x38>[B] (+0) +0.59486166<x39>[B] (+0) -0.59486166<x40>[B] (+1) -0.59486166<x41>[B] (+1) -0.59486166<x42>[B] (+1) +0.59486166<x43>[B] (+1) -0.59486166<x44>[B] (+1) -0.59486166<x45>[B] (+1) -0.59486166<x46>[B] (+1) -0.59486166<x47>[B] (+1) -0.59486166<x48>[B] (+1) +0.59486166<x49>[B] (+0) -0.59486166<x50>[B] (+1) -0.59486166<x51>[B] (+0) -0.59486166<x52>[B] (+0) +0.59486166<x53>[B] (+1) -0.59486166<x54>[B] (+1) -0.59486166<x55>[B] (+1) -0.59486166<x56>[B] (+0) -0.59486166<x57>[B] (+1) -0.59486166<x58>[B] (+1) +0.59486166<x59>[B] (+0) -0.59486166<x60>[B] (+1) -0.59486166<x61>[B] (+1) -0.59486166<x62>[B] (+1) -0.59486166<x63>[B] (+1) +0.59486166<x64>[B] (+1) +0.59486166<x65>[B] (+1) +0.59486166<x66>[B] (+1) -0.59486166<x67>[B] (+1) +0.59486166<x68>[B] (+0) +0.59486166<x69>[B] (+1) -0.59486166<x70>[B] (+0) +0.59486166<x71>[B] (+0) +0.59486166<x72>[B] (+1) -0.59486166<x73>[B] (+1) +0.59486166<x74>[B] (+1) -0.59486166<x75>[B] (+0) -0.59486166<x76>[B] (+1) +0.59486166<x77>[B] (+1) +0.59486166<x78>[B] (+0) -0.59486166<x79>[B] (+1) -0.59486166<x80>[B] (+1) -0.59486166<x81>[B] (+1) +0.59486166<x82>[B] (+1) +0.59486166<x83>[B] (+0) +0.59486166<x84>[B] (+0) -0.59486166<x85>[B] (+0) +0.59486166<x86>[B] (+0) +0.59486166<x87>[B] (+0) -0.59486166<x88>[B] (+0) +0.59486166<x89>[B] (+0) +0.59486166<x90>[B] (+0) -0.59486166<x91>[B] (+0) -0.59486166<x92>[B] (+0) -0.59486166<x93>[B] (+0) -0.59486166<x94>[B] (+0) +0.59486166<x95>[B] (+0) +0.59486166<x96>[B] (+0) -0.59486166<x97>[B] (+0) -0.59486166<x98>[B] (+0) -0.59486166<x99>[B] (+0) +0.59486166<x100>[B] (+0) +0.59486166<x101>[B] (+1) -0.59486166<x102>[B] (+1) +0.59486166<x103>[B] (+0) +0.59486166<x104>[B] (+1) -0.59486166<x105>[B] (+0) +0.59486166<x106>[B] (+0) +0.59486166<x107>[B] (+1) -0.59486166<x108>[B] (+0) -0.59486166<x109>[B] (+1) -0.59486166<x110>[B] (+0) -0.59486166<x111>[B] (+0) +0.59486166<x112>[B] (+0) +0.59486166<x113>[B] (+0) -0.59486166<x114>[B] (+1) -0.59486166<x115>[B] (+1) -0.59486166<x116>[B] (+1) +0.59486166<x117>[B] (+1) -0.59486166<x118>[B] (+1) +0.59486166<x119>[B] (+0) +0.59486166<x120>[B] (+0) -0.59486166<x121>[B] (+0) -0.59486166<x122>[B] (+0) +0.59486166<x123>[B] (+0) -0.59486166<x124>[B] (+0) -0.59486166<x125>[B] (+0) -0.59486166<x126>[B] (+0) -0.59486166<x127>[B] (+0) +0.59486166<x128>[B] (+0) +0.59486166<x129>[B] (+0) -0.59486166<x130>[B] (+1) -0.59486166<x131>[B] (+0) -0.59486166<x132>[B] (+0) +0.59486166<x133>[B] (+1) +0.59486166<x134>[B] (+0) +0.59486166<x135>[B] (+0) +0.59486166<x136>[B] (+0) +0.59486166<x137>[B] (+0) +0.59486166<x138>[B] (+0) -0.59486166<x139>[B] (+0) +0.59486166<x140>[B] (+0) -0.59486166<x141>[B] (+0) +0.59486166<x142>[B] (+0) +0.59486166<x143>[B] (+0) +0.59486166<x144>[B] (+0) -0.59486166<x145>[B] (+0) -0.59486166<x146>[B] (+0) +0.59486166<x147>[B] (+0) +0.59486166<x148>[B] (+1) -0.59486166<x149>[B] (+1) -0.59486166<x150>[B] (+0) -0.59486166<x151>[B] (+1) +0.59486166<x152>[B] (+1) -0.59486166<x153>[B] (+1) -0.59486166<x154>[B] (+1) -0.59486166<x155>[B] (+0) -0.59486166<x156>[B] (+1) -0.59486166<x157>[B] (+1) +0.59486166<x158>[B] (+0) -0.59486166<x159>[B] (+1) -0.59486166<x160>[B] (+1) -0.59486166<x161>[B] (+1) -0.59486166<x162>[B] (+1) -0.59486166<x163>[B] (+0) -0.59486166<x164>[B] (+0) +0.59486166<x165>[B] (+0) -0.59486166<x166>[B] (+0) -0.59486166<x167>[B] (+1) -0.59486166<x168>[B] (+0) -0.59486166<x169>[B] (+0) +0.59486166<x170>[B] (+0) +0.59486166<x171>[B] (+0) -0.59486166<x172>[B] (+1) -0.59486166<x173>[B] (+1) -0.59486166<x174>[B] (+1) +0.59486166<x175>[B] (+1) +0.59486166<x176>[B] (+1) +0.59486166<x177>[B] (+1) -0.59486166<x178>[B] (+1) +0.59486166<x179>[B] (+1) -0.59486166<x180>[B] (+1) +0.59486166<x181>[B] (+1) +0.59486166<x182>[B] (+1) +0.59486166<x183>[B] (+1) -0.59486166<x184>[B] (+1) -0.59486166<x185>[B] (+1) +0.59486166<x186>[B] (+1) +0.59486166<x187>[B] (+1) +0.59486166<x188>[B] (+1) -0.59486166<x189>[B] (+1) -0.59486166<x190>[B] (+1) -0.59486166<x191>[B] (+0) -0.59486166<x192>[B] (+1) +0.59486166<x193>[B] (+1) +0.59486166<x194>[B] (+0) -0.59486166<x195>[B] (+1) -0.59486166<x196>[B] (+1) -0.59486166<x197>[B] (+1) +0.59486166<x198>[B] (+1) -0.59486166<x199>[B] (+0) -0.59486166<x200>[B] (+1) -0.59486166<x201>[B] (+0) -0.59486166<x202>[B] (+0) -0.59486166<x203>[B] (+0) +0.59486166<x204>[B] (+0) -0.59486166<x205>[B] (+1) -0.59486166<x206>[B] (+1) -0.59486166<x207>[B] (+1) -0.59486166<x208>[B] (+1) +0.59486166<x209>[B] (+1) +0.59486166<x210>[B] (+0) +0.59486166<x211>[B] (+0) +0.59486166<x212>[B] (+0) +0.59486166<x213>[B] (+0) -0.59486166<x214>[B] (+1) +0.59486166<x215>[B] (+1) +0.59486166<x216>[B] (+1) +0.59486166<x217>[B] (+1) -0.59486166<x218>[B] (+0) -0.59486166<x219>[B] (+0) +0.59486166<x220>[B] (+0) +0.59486166<x221>[B] (+0) -0.59486166<x222>[B] (+1) -0.59486166<x223>[B] (+1) -0.59486166<x224>[B] (+1) +0.59486166<x225>[B] (+1) +0.59486166<x226>[B] (+1) +0.59486166<x227>[B] (+1) +0.59486166<x228>[B] (+1) -0.59486166<x229>[B] (+1) +0.59486166<x230>[B] (+1) +0.59486166<x231>[B] (+1) +0.59486166<x232>[B] (+1) +0.59486166<x233>[B] (+1) +0.59486166<x234>[B] (+0) -0.59486166<x235>[B] (+1) -0.59486166<x236>[B] (+1) +0.59486166<x237>[B] (+1) +0.59486166<x238>[B] (+1) +0.59486166<x239>[B] (+0) -0.59486166<x240>[B] (+1) -0.59486166<x241>[B] (+1) -0.59486166<x242>[B] (+1) -0.59486166<x243>[B] (+1) -0.59486166<x244>[B] (+1) -0.59486166<x245>[B] (+1) -0.59486166<x246>[B] (+1) -0.59486166<x247>[B] (+1) +0.59486166<x248>[B] (+0) +0.59486166<x249>[B] (+0) +0.59486166<x250>[B] (+1) +0.59486166<x251>[B] (+0) +0.59486166<x252>[B] (+1) +0.59486166<x253>[B] (+1) >= 29.594861660079;
;
violation: left hand side is violated by 0.0395256916996338
  [linear] <c3882>: <x255>[C] (+44.4426877) +0.59486166<x1>[B] (+0) +0.59486166<x2>[B] (+0) +0.59486166<x3>[B] (+0) +0.59486166<x4>[B] (+1) +0.59486166<x5>[B] (+0) +0.59486166<x6>[B] (+0) +0.59486166<x7>[B] (+0) +0.59486166<x8>[B] (+0) +0.59486166<x9>[B] (+0) +0.59486166<x10>[B] (+0) +0.59486166<x11>[B] (+0) +0.59486166<x12>[B] (+0) -0.59486166<x13>[B] (+0) +0.59486166<x14>[B] (+0) -0.59486166<x15>[B] (+0) +0.59486166<x16>[B] (+0) +0.59486166<x17>[B] (+0) +0.59486166<x18>[B] (+0) -0.59486166<x19>[B] (+0) +0.59486166<x20>[B] (+0) +0.59486166<x21>[B] (+0) +0.59486166<x22>[B] (+0) +0.59486166<x23>[B] (+0) -0.59486166<x24>[B] (+0) +0.59486166<x25>[B] (+1) +0.59486166<x26>[B] (+0) +0.59486166<x27>[B] (+1) -0.59486166<x28>[B] (+1) +0.59486166<x29>[B] (+0) +0.59486166<x30>[B] (+1) -0.59486166<x31>[B] (+0) +0.59486166<x32>[B] (+0) +0.59486166<x33>[B] (+0) -0.59486166<x34>[B] (+0) -0.59486166<x35>[B] (+1) -0.59486166<x36>[B] (+0) -0.59486166<x37>[B] (+0) +0.59486166<x38>[B] (+0) +0.59486166<x39>[B] (+0) -0.59486166<x40>[B] (+1) -0.59486166<x41>[B] (+1) -0.59486166<x42>[B] (+1) +0.59486166<x43>[B] (+1) -0.59486166<x44>[B] (+1) -0.59486166<x45>[B] (+1) -0.59486166<x46>[B] (+1) -0.59486166<x47>[B] (+1) -0.59486166<x48>[B] (+1) +0.59486166<x49>[B] (+0) -0.59486166<x50>[B] (+1) -0.59486166<x51>[B] (+0) -0.59486166<x52>[B] (+0) +0.59486166<x53>[B] (+1) -0.59486166<x54>[B] (+1) -0.59486166<x55>[B] (+1) -0.59486166<x56>[B] (+0) -0.59486166<x57>[B] (+1) -0.59486166<x58>[B] (+1) +0.59486166<x59>[B] (+0) -0.59486166<x60>[B] (+1) -0.59486166<x61>[B] (+1) -0.59486166<x62>[B] (+1) -0.59486166<x63>[B] (+1) +0.59486166<x64>[B] (+1) +0.59486166<x65>[B] (+1) +0.59486166<x66>[B] (+1) -0.59486166<x67>[B] (+1) +0.59486166<x68>[B] (+0) +0.59486166<x69>[B] (+1) -0.59486166<x70>[B] (+0) +0.59486166<x71>[B] (+0) +0.59486166<x72>[B] (+1) -0.59486166<x73>[B] (+1) +0.59486166<x74>[B] (+1) -0.59486166<x75>[B] (+0) -0.59486166<x76>[B] (+1) +0.59486166<x77>[B] (+1) +0.59486166<x78>[B] (+0) -0.59486166<x79>[B] (+1) -0.59486166<x80>[B] (+1) -0.59486166<x81>[B] (+1) +0.59486166<x82>[B] (+1) +0.59486166<x83>[B] (+0) +0.59486166<x84>[B] (+0) -0.59486166<x85>[B] (+0) +0.59486166<x86>[B] (+0) +0.59486166<x87>[B] (+0) -0.59486166<x88>[B] (+0) +0.59486166<x89>[B] (+0) +0.59486166<x90>[B] (+0) -0.59486166<x91>[B] (+0) -0.59486166<x92>[B] (+0) -0.59486166<x93>[B] (+0) -0.59486166<x94>[B] (+0) +0.59486166<x95>[B] (+0) +0.59486166<x96>[B] (+0) -0.59486166<x97>[B] (+0) -0.59486166<x98>[B] (+0) -0.59486166<x99>[B] (+0) +0.59486166<x100>[B] (+0) +0.59486166<x101>[B] (+1) -0.59486166<x102>[B] (+1) +0.59486166<x103>[B] (+0) +0.59486166<x104>[B] (+1) -0.59486166<x105>[B] (+0) +0.59486166<x106>[B] (+0) +0.59486166<x107>[B] (+1) -0.59486166<x108>[B] (+0) -0.59486166<x109>[B] (+1) -0.59486166<x110>[B] (+0) -0.59486166<x111>[B] (+0) +0.59486166<x112>[B] (+0) +0.59486166<x113>[B] (+0) -0.59486166<x114>[B] (+1) -0.59486166<x115>[B] (+1) -0.59486166<x116>[B] (+1) +0.59486166<x117>[B] (+1) -0.59486166<x118>[B] (+1) +0.59486166<x119>[B] (+0) +0.59486166<x120>[B] (+0) -0.59486166<x121>[B] (+0) -0.59486166<x122>[B] (+0) +0.59486166<x123>[B] (+0) -0.59486166<x124>[B] (+0) -0.59486166<x125>[B] (+0) -0.59486166<x126>[B] (+0) -0.59486166<x127>[B] (+0) +0.59486166<x128>[B] (+0) +0.59486166<x129>[B] (+0) -0.59486166<x130>[B] (+1) -0.59486166<x131>[B] (+0) -0.59486166<x132>[B] (+0) +0.59486166<x133>[B] (+1) +0.59486166<x134>[B] (+0) +0.59486166<x135>[B] (+0) +0.59486166<x136>[B] (+0) +0.59486166<x137>[B] (+0) +0.59486166<x138>[B] (+0) -0.59486166<x139>[B] (+0) +0.59486166<x140>[B] (+0) -0.59486166<x141>[B] (+0) +0.59486166<x142>[B] (+0) +0.59486166<x143>[B] (+0) +0.59486166<x144>[B] (+0) -0.59486166<x145>[B] (+0) -0.59486166<x146>[B] (+0) +0.59486166<x147>[B] (+0) +0.59486166<x148>[B] (+1) -0.59486166<x149>[B] (+1) -0.59486166<x150>[B] (+0) -0.59486166<x151>[B] (+1) +0.59486166<x152>[B] (+1) -0.59486166<x153>[B] (+1) -0.59486166<x154>[B] (+1) -0.59486166<x155>[B] (+0) -0.59486166<x156>[B] (+1) -0.59486166<x157>[B] (+1) +0.59486166<x158>[B] (+0) -0.59486166<x159>[B] (+1) -0.59486166<x160>[B] (+1) -0.59486166<x161>[B] (+1) -0.59486166<x162>[B] (+1) -0.59486166<x163>[B] (+0) -0.59486166<x164>[B] (+0) +0.59486166<x165>[B] (+0) -0.59486166<x166>[B] (+0) -0.59486166<x167>[B] (+1) -0.59486166<x168>[B] (+0) -0.59486166<x169>[B] (+0) +0.59486166<x170>[B] (+0) +0.59486166<x171>[B] (+0) -0.59486166<x172>[B] (+1) -0.59486166<x173>[B] (+1) -0.59486166<x174>[B] (+1) +0.59486166<x175>[B] (+1) +0.59486166<x176>[B] (+1) +0.59486166<x177>[B] (+1) -0.59486166<x178>[B] (+1) +0.59486166<x179>[B] (+1) -0.59486166<x180>[B] (+0) +0.59486166<x181>[B] (+1) +0.59486166<x182>[B] (+1) +0.59486166<x183>[B] (+1) -0.59486166<x184>[B] (+1) -0.59486166<x185>[B] (+1) +0.59486166<x186>[B] (+1) +0.59486166<x187>[B] (+1) +0.59486166<x188>[B] (+1) -0.59486166<x189>[B] (+1) -0.59486166<x190>[B] (+1) -0.59486166<x191>[B] (+0) -0.59486166<x192>[B] (+1) +0.59486166<x193>[B] (+1) +0.59486166<x194>[B] (+0) -0.59486166<x195>[B] (+1) -0.59486166<x196>[B] (+1) -0.59486166<x197>[B] (+1) +0.59486166<x198>[B] (+1) -0.59486166<x199>[B] (+0) -0.59486166<x200>[B] (+1) -0.59486166<x201>[B] (+0) -0.59486166<x202>[B] (+0) -0.59486166<x203>[B] (+0) +0.59486166<x204>[B] (+0) -0.59486166<x205>[B] (+1) -0.59486166<x206>[B] (+1) -0.59486166<x207>[B] (+1) -0.59486166<x208>[B] (+1) +0.59486166<x209>[B] (+1) +0.59486166<x210>[B] (+0) +0.59486166<x211>[B] (+0) +0.59486166<x212>[B] (+0) +0.59486166<x213>[B] (+0) -0.59486166<x214>[B] (+1) +0.59486166<x215>[B] (+1) +0.59486166<x216>[B] (+1) +0.59486166<x217>[B] (+1) -0.59486166<x218>[B] (+0) -0.59486166<x219>[B] (+0) +0.59486166<x220>[B] (+0) +0.59486166<x221>[B] (+0) -0.59486166<x222>[B] (+1) -0.59486166<x223>[B] (+1) -0.59486166<x224>[B] (+1) +0.59486166<x225>[B] (+1) +0.59486166<x226>[B] (+1) +0.59486166<x227>[B] (+1) +0.59486166<x228>[B] (+1) -0.59486166<x229>[B] (+1) +0.59486166<x230>[B] (+1) +0.59486166<x231>[B] (+1) +0.59486166<x232>[B] (+1) +0.59486166<x233>[B] (+1) +0.59486166<x234>[B] (+0) -0.59486166<x235>[B] (+1) -0.59486166<x236>[B] (+1) +0.59486166<x237>[B] (+1) +0.59486166<x238>[B] (+1) +0.59486166<x239>[B] (+0) -0.59486166<x240>[B] (+1) -0.59486166<x241>[B] (+1) -0.59486166<x242>[B] (+1) -0.59486166<x243>[B] (+1) -0.59486166<x244>[B] (+1) -0.59486166<x245>[B] (+1) -0.59486166<x246>[B] (+1) -0.59486166<x247>[B] (+1) +0.59486166<x248>[B] (+0) +0.59486166<x249>[B] (+0) +0.59486166<x250>[B] (+1) +0.59486166<x251>[B] (+0) +0.59486166<x252>[B] (+1) +0.59486166<x253>[B] (+1) >= 29.594861660079;
;
violation: left hand side is violated by 0.0237154150197973
  [linear] <c3899>: <x275>[C] (+26.0770751) +0.464426877<x1>[B] (+0) +0.464426877<x2>[B] (+0) +0.464426877<x3>[B] (+0) -0.464426877<x4>[B] (+1) +0.464426877<x5>[B] (+0) +0.464426877<x6>[B] (+0) +0.464426877<x7>[B] (+0) +0.464426877<x8>[B] (+0) +0.464426877<x9>[B] (+0) +0.464426877<x10>[B] (+0) +0.464426877<x11>[B] (+0) +0.464426877<x12>[B] (+0) +0.464426877<x13>[B] (+0) +0.464426877<x14>[B] (+0) +0.464426877<x15>[B] (+0) +0.464426877<x16>[B] (+0) -0.464426877<x17>[B] (+0) -0.464426877<x18>[B] (+0) +0.464426877<x19>[B] (+0) +0.464426877<x20>[B] (+0) +0.464426877<x21>[B] (+0) +0.464426877<x22>[B] (+0) -0.464426877<x23>[B] (+0) -0.464426877<x24>[B] (+0) -0.464426877<x25>[B] (+1) -0.464426877<x26>[B] (+0) +0.464426877<x27>[B] (+1) -0.464426877<x28>[B] (+1) -0.464426877<x29>[B] (+0) +0.464426877<x30>[B] (+1) -0.464426877<x31>[B] (+0) -0.464426877<x32>[B] (+0) -0.464426877<x33>[B] (+0) -0.464426877<x34>[B] (+0) +0.464426877<x35>[B] (+1) +0.464426877<x36>[B] (+0) -0.464426877<x37>[B] (+0) -0.464426877<x38>[B] (+0) -0.464426877<x39>[B] (+0) +0.464426877<x40>[B] (+1) -0.464426877<x41>[B] (+1) +0.464426877<x42>[B] (+1) -0.464426877<x43>[B] (+1) -0.464426877<x44>[B] (+0) -0.464426877<x45>[B] (+1) +0.464426877<x46>[B] (+0) +0.464426877<x47>[B] (+1) -0.464426877<x48>[B] (+1) -0.464426877<x49>[B] (+0) +0.464426877<x50>[B] (+1) +0.464426877<x51>[B] (+0) -0.464426877<x52>[B] (+0) -0.464426877<x53>[B] (+0) -0.464426877<x54>[B] (+0) +0.464426877<x55>[B] (+1) +0.464426877<x56>[B] (+0) -0.464426877<x57>[B] (+0) -0.464426877<x58>[B] (+0) -0.464426877<x59>[B] (+0) +0.464426877<x60>[B] (+1) -0.464426877<x61>[B] (+1) +0.464426877<x62>[B] (+1) +0.464426877<x63>[B] (+1) -0.464426877<x64>[B] (+1) +0.464426877<x65>[B] (+1) +0.464426877<x66>[B] (+1) +0.464426877<x67>[B] (+1) +0.464426877<x68>[B] (+0) +0.464426877<x69>[B] (+1) +0.464426877<x70>[B] (+0) +0.464426877<x71>[B] (+0) -0.464426877<x72>[B] (+1) -0.464426877<x73>[B] (+1) +0.464426877<x74>[B] (+1) +0.464426877<x75>[B] (+0) +0.464426877<x76>[B] (+1) -0.464426877<x77>[B] (+1) -0.464426877<x78>[B] (+0) +0.464426877<x79>[B] (+1) -0.464426877<x80>[B] (+1) +0.464426877<x81>[B] (+1) +0.464426877<x82>[B] (+1) +0.464426877<x83>[B] (+0) +0.464426877<x84>[B] (+0) +0.464426877<x85>[B] (+0) +0.464426877<x86>[B] (+0) +0.464426877<x87>[B] (+0) +0.464426877<x88>[B] (+0) +0.464426877<x89>[B] (+0) +0.464426877<x90>[B] (+0) +0.464426877<x91>[B] (+0) +0.464426877<x92>[B] (+0) +0.464426877<x93>[B] (+0) +0.464426877<x94>[B] (+0) +0.464426877<x95>[B] (+0) +0.464426877<x96>[B] (+0) +0.464426877<x97>[B] (+0) +0.464426877<x98>[B] (+0) +0.464426877<x99>[B] (+0) +0.464426877<x100>[B] (+0) +0.464426877<x101>[B] (+1) -0.464426877<x102>[B] (+1) -0.464426877<x103>[B] (+0) +0.464426877<x104>[B] (+1) -0.464426877<x105>[B] (+0) -0.464426877<x106>[B] (+0) -0.464426877<x107>[B] (+1) -0.464426877<x108>[B] (+0) +0.464426877<x109>[B] (+1) +0.464426877<x110>[B] (+0) -0.464426877<x111>[B] (+0) -0.464426877<x112>[B] (+0) -0.464426877<x113>[B] (+0) +0.464426877<x114>[B] (+1) -0.464426877<x115>[B] (+1) +0.464426877<x116>[B] (+1) -0.464426877<x117>[B] (+1) -0.464426877<x118>[B] (+1) -0.464426877<x119>[B] (+0) -0.464426877<x120>[B] (+0) -0.464426877<x121>[B] (+0) -0.464426877<x122>[B] (+0) -0.464426877<x123>[B] (+0) -0.464426877<x124>[B] (+0) -0.464426877<x125>[B] (+0) -0.464426877<x126>[B] (+0) -0.464426877<x127>[B] (+0) -0.464426877<x128>[B] (+0) -0.464426877<x129>[B] (+0) -0.464426877<x130>[B] (+1) -0.464426877<x131>[B] (+0) -0.464426877<x132>[B] (+0) -0.464426877<x133>[B] (+1) -0.464426877<x134>[B] (+0) +0.464426877<x135>[B] (+0) +0.464426877<x136>[B] (+0) -0.464426877<x137>[B] (+0) -0.464426877<x138>[B] (+0) -0.464426877<x139>[B] (+0) +0.464426877<x140>[B] (+0) +0.464426877<x141>[B] (+0) -0.464426877<x142>[B] (+0) -0.464426877<x143>[B] (+0) -0.464426877<x144>[B] (+0) +0.464426877<x145>[B] (+0) -0.464426877<x146>[B] (+0) +0.464426877<x147>[B] (+0) +0.464426877<x148>[B] (+1) +0.464426877<x149>[B] (+1) +0.464426877<x150>[B] (+0) +0.464426877<x151>[B] (+1) -0.464426877<x152>[B] (+1) -0.464426877<x153>[B] (+1) +0.464426877<x154>[B] (+1) +0.464426877<x155>[B] (+0) -0.464426877<x156>[B] (+1) -0.464426877<x157>[B] (+1) -0.464426877<x158>[B] (+0) +0.464426877<x159>[B] (+1) -0.464426877<x160>[B] (+1) +0.464426877<x161>[B] (+1) +0.464426877<x162>[B] (+1) -0.464426877<x163>[B] (+0) -0.464426877<x164>[B] (+0) -0.464426877<x165>[B] (+0) -0.464426877<x166>[B] (+0) +0.464426877<x167>[B] (+1) -0.464426877<x168>[B] (+0) -0.464426877<x169>[B] (+0) -0.464426877<x170>[B] (+0) -0.464426877<x171>[B] (+0) +0.464426877<x172>[B] (+1) -0.464426877<x173>[B] (+1) +0.464426877<x174>[B] (+1) -0.464426877<x175>[B] (+1) -0.464426877<x176>[B] (+1) -0.464426877<x177>[B] (+1) -0.464426877<x178>[B] (+1) +0.464426877<x179>[B] (+1) +0.464426877<x180>[B] (+0) -0.464426877<x181>[B] (+1) -0.464426877<x182>[B] (+1) -0.464426877<x183>[B] (+1) +0.464426877<x184>[B] (+1) -0.464426877<x185>[B] (+1) +0.464426877<x186>[B] (+1) +0.464426877<x187>[B] (+1) -0.464426877<x188>[B] (+1) -0.464426877<x189>[B] (+1) +0.464426877<x190>[B] (+1) +0.464426877<x191>[B] (+0) -0.464426877<x192>[B] (+1) -0.464426877<x193>[B] (+1) -0.464426877<x194>[B] (+0) +0.464426877<x195>[B] (+1) -0.464426877<x196>[B] (+1) +0.464426877<x197>[B] (+1) +0.464426877<x198>[B] (+1) +0.464426877<x199>[B] (+0) +0.464426877<x200>[B] (+1) +0.464426877<x201>[B] (+0) +0.464426877<x202>[B] (+0) -0.464426877<x203>[B] (+0) -0.464426877<x204>[B] (+0) +0.464426877<x205>[B] (+1) +0.464426877<x206>[B] (+1) +0.464426877<x207>[B] (+1) +0.464426877<x208>[B] (+1) +0.464426877<x209>[B] (+1) +0.464426877<x210>[B] (+0) +0.464426877<x211>[B] (+0) -0.464426877<x212>[B] (+0) -0.464426877<x213>[B] (+0) +0.464426877<x214>[B] (+1) +0.464426877<x215>[B] (+1) +0.464426877<x216>[B] (+1) +0.464426877<x217>[B] (+1) -0.464426877<x218>[B] (+0) -0.464426877<x219>[B] (+0) -0.464426877<x220>[B] (+0) -0.464426877<x221>[B] (+0) -0.464426877<x222>[B] (+1) -0.464426877<x223>[B] (+1) -0.464426877<x224>[B] (+1) -0.464426877<x225>[B] (+1) -0.464426877<x226>[B] (+1) -0.464426877<x227>[B] (+1) -0.464426877<x228>[B] (+1) +0.464426877<x229>[B] (+1) -0.464426877<x230>[B] (+1) +0.464426877<x231>[B] (+1) -0.464426877<x232>[B] (+1) -0.464426877<x233>[B] (+1) -0.464426877<x234>[B] (+0) +0.464426877<x235>[B] (+1) -0.464426877<x236>[B] (+1) +0.464426877<x237>[B] (+1) +0.464426877<x238>[B] (+1) -0.464426877<x239>[B] (+0) +0.464426877<x240>[B] (+1) +0.464426877<x241>[B] (+1) +0.464426877<x242>[B] (+1) +0.464426877<x243>[B] (+1) +0.464426877<x244>[B] (+1) +0.464426877<x245>[B] (+1) +0.464426877<x246>[B] (+1) +0.464426877<x247>[B] (+1) -0.464426877<x248>[B] (+0) +0.464426877<x249>[B] (+0) -0.464426877<x250>[B] (+1) +0.464426877<x251>[B] (+0) +0.464426877<x252>[B] (+1) -0.464426877<x253>[B] (+1) >= 33.0909090909091;
;
violation: left hand side is violated by 0.0474308300395165
  [linear] <c3886>: <x259>[C] (+45.6007905) -0.610671937<x1>[B] (+0) -0.610671937<x2>[B] (+0) -0.610671937<x3>[B] (+0) -0.610671937<x4>[B] (+1) +0.610671937<x5>[B] (+0) +0.610671937<x6>[B] (+0) -0.610671937<x7>[B] (+0) +0.610671937<x8>[B] (+0) -0.610671937<x9>[B] (+0) +0.610671937<x10>[B] (+0) -0.610671937<x11>[B] (+0) -0.610671937<x12>[B] (+0) +0.610671937<x13>[B] (+0) +0.610671937<x14>[B] (+0) +0.610671937<x15>[B] (+0) -0.610671937<x16>[B] (+0) +0.610671937<x17>[B] (+0) +0.610671937<x18>[B] (+0) -0.610671937<x19>[B] (+1) +0.610671937<x20>[B] (+0) -0.610671937<x21>[B] (+0) -0.610671937<x22>[B] (+1) +0.610671937<x23>[B] (+1) -0.610671937<x24>[B] (+0) +0.610671937<x25>[B] (+1) +0.610671937<x26>[B] (+0) +0.610671937<x27>[B] (+1) +0.610671937<x28>[B] (+1) +0.610671937<x29>[B] (+0) +0.610671937<x30>[B] (+0) +0.610671937<x31>[B] (+0) +0.610671937<x32>[B] (+0) +0.610671937<x33>[B] (+0) +0.610671937<x34>[B] (+1) +0.610671937<x35>[B] (+1) +0.610671937<x36>[B] (+0) +0.610671937<x37>[B] (+1) +0.610671937<x38>[B] (+0) +0.610671937<x39>[B] (+0) +0.610671937<x40>[B] (+1) +0.610671937<x41>[B] (+1) -0.610671937<x42>[B] (+1) +0.610671937<x43>[B] (+1) -0.610671937<x44>[B] (+0) -0.610671937<x45>[B] (+1) +0.610671937<x46>[B] (+0) +0.610671937<x47>[B] (+0) -0.610671937<x48>[B] (+1) +0.610671937<x49>[B] (+0) +0.610671937<x50>[B] (+0) +0.610671937<x51>[B] (+0) -0.610671937<x52>[B] (+0) +0.610671937<x53>[B] (+0) +0.610671937<x54>[B] (+1) +0.610671937<x55>[B] (+0) +0.610671937<x56>[B] (+0) +0.610671937<x57>[B] (+0) +0.610671937<x58>[B] (+0) +0.610671937<x59>[B] (+0) -0.610671937<x60>[B] (+1) +0.610671937<x61>[B] (+1) -0.610671937<x62>[B] (+0) +0.610671937<x63>[B] (+1) +0.610671937<x64>[B] (+1) +0.610671937<x65>[B] (+0) +0.610671937<x66>[B] (+1) +0.610671937<x67>[B] (+1) +0.610671937<x68>[B] (+0) +0.610671937<x69>[B] (+0) +0.610671937<x70>[B] (+0) +0.610671937<x71>[B] (+0) +0.610671937<x72>[B] (+0) +0.610671937<x73>[B] (+1) +0.610671937<x74>[B] (+1) +0.610671937<x75>[B] (+0) +0.610671937<x76>[B] (+1) +0.610671937<x77>[B] (+0) +0.610671937<x78>[B] (+0) +0.610671937<x79>[B] (+1) +0.610671937<x80>[B] (+1) +0.610671937<x81>[B] (+1) +0.610671937<x82>[B] (+1) +0.610671937<x83>[B] (+0) +0.610671937<x84>[B] (+0) -0.610671937<x85>[B] (+0) +0.610671937<x86>[B] (+0) +0.610671937<x87>[B] (+0) +0.610671937<x88>[B] (+0) +0.610671937<x89>[B] (+0) +0.610671937<x90>[B] (+0) +0.610671937<x91>[B] (+0) +0.610671937<x92>[B] (+0) +0.610671937<x93>[B] (+0) +0.610671937<x94>[B] (+0) +0.610671937<x95>[B] (+0) +0.610671937<x96>[B] (+0) -0.610671937<x97>[B] (+1) +0.610671937<x98>[B] (+0) -0.610671937<x99>[B] (+0) +0.610671937<x100>[B] (+1) +0.610671937<x101>[B] (+1) -0.610671937<x102>[B] (+1) +0.610671937<x103>[B] (+1) -0.610671937<x104>[B] (+1) +0.610671937<x105>[B] (+0) -0.610671937<x106>[B] (+0) -0.610671937<x107>[B] (+1) +0.610671937<x108>[B] (+1) +0.610671937<x109>[B] (+1) +0.610671937<x110>[B] (+0) -0.610671937<x111>[B] (+1) +0.610671937<x112>[B] (+0) +0.610671937<x113>[B] (+0) -0.610671937<x114>[B] (+1) +0.610671937<x115>[B] (+1) -0.610671937<x116>[B] (+1) -0.610671937<x117>[B] (+1) -0.610671937<x118>[B] (+1) +0.610671937<x119>[B] (+0) -0.610671937<x120>[B] (+0) +0.610671937<x121>[B] (+0) -0.610671937<x122>[B] (+0) -0.610671937<x123>[B] (+0) +0.610671937<x124>[B] (+1) -0.610671937<x125>[B] (+0) -0.610671937<x126>[B] (+0) -0.610671937<x127>[B] (+0) +0.610671937<x128>[B] (+0) -0.610671937<x129>[B] (+0) -0.610671937<x130>[B] (+1) -0.610671937<x131>[B] (+1) -0.610671937<x132>[B] (+1) -0.610671937<x133>[B] (+1) +0.610671937<x134>[B] (+0) +0.610671937<x135>[B] (+0) +0.610671937<x136>[B] (+0) +0.610671937<x137>[B] (+0) +0.610671937<x138>[B] (+0) +0.610671937<x139>[B] (+1) +0.610671937<x140>[B] (+0) +0.610671937<x141>[B] (+0) +0.610671937<x142>[B] (+0) +0.610671937<x143>[B] (+0) +0.610671937<x144>[B] (+0) +0.610671937<x145>[B] (+1) +0.610671937<x146>[B] (+1) -0.610671937<x147>[B] (+0) +0.610671937<x148>[B] (+1) -0.610671937<x149>[B] (+1) -0.610671937<x150>[B] (+0) -0.610671937<x151>[B] (+0) -0.610671937<x152>[B] (+0) +0.610671937<x153>[B] (+1) -0.610671937<x154>[B] (+1) -0.610671937<x155>[B] (+0) -0.610671937<x156>[B] (+1) -0.610671937<x157>[B] (+0) -0.610671937<x158>[B] (+0) -0.610671937<x159>[B] (+1) -0.610671937<x160>[B] (+1) -0.610671937<x161>[B] (+1) -0.610671937<x162>[B] (+1) +0.610671937<x163>[B] (+0) -0.610671937<x164>[B] (+0) +0.610671937<x165>[B] (+0) +0.610671937<x166>[B] (+1) +0.610671937<x167>[B] (+1) +0.610671937<x168>[B] (+0) +0.610671937<x169>[B] (+1) +0.610671937<x170>[B] (+0) +0.610671937<x171>[B] (+0) -0.610671937<x172>[B] (+1) +0.610671937<x173>[B] (+1) -0.610671937<x174>[B] (+1) -0.610671937<x175>[B] (+1) -0.610671937<x176>[B] (+1) -0.610671937<x177>[B] (+1) +0.610671937<x178>[B] (+1) -0.610671937<x179>[B] (+1) -0.610671937<x180>[B] (+0) -0.610671937<x181>[B] (+1) -0.610671937<x182>[B] (+1) -0.610671937<x183>[B] (+1) -0.610671937<x184>[B] (+1) -0.610671937<x185>[B] (+1) -0.610671937<x186>[B] (+1) -0.610671937<x187>[B] (+1) +0.610671937<x188>[B] (+1) +0.610671937<x189>[B] (+1) +0.610671937<x190>[B] (+1) +0.610671937<x191>[B] (+0) +0.610671937<x192>[B] (+1) +0.610671937<x193>[B] (+1) +0.610671937<x194>[B] (+0) -0.610671937<x195>[B] (+1) +0.610671937<x196>[B] (+1) -0.610671937<x197>[B] (+1) +0.610671937<x198>[B] (+1) +0.610671937<x199>[B] (+1) +0.610671937<x200>[B] (+1) +0.610671937<x201>[B] (+0) +0.610671937<x202>[B] (+1) +0.610671937<x203>[B] (+0) +0.610671937<x204>[B] (+0) -0.610671937<x205>[B] (+1) +0.610671937<x206>[B] (+1) -0.610671937<x207>[B] (+1) -0.610671937<x208>[B] (+1) -0.610671937<x209>[B] (+0) -0.610671937<x210>[B] (+0) -0.610671937<x211>[B] (+0) -0.610671937<x212>[B] (+0) -0.610671937<x213>[B] (+0) -0.610671937<x214>[B] (+1) -0.610671937<x215>[B] (+1) -0.610671937<x216>[B] (+0) -0.610671937<x217>[B] (+1) -0.610671937<x218>[B] (+0) -0.610671937<x219>[B] (+0) +0.610671937<x220>[B] (+0) -0.610671937<x221>[B] (+0) -0.610671937<x222>[B] (+1) -0.610671937<x223>[B] (+1) -0.610671937<x224>[B] (+1) -0.610671937<x225>[B] (+1) -0.610671937<x226>[B] (+1) +0.610671937<x227>[B] (+1) -0.610671937<x228>[B] (+1) -0.610671937<x229>[B] (+1) +0.610671937<x230>[B] (+1) -0.610671937<x231>[B] (+1) -0.610671937<x232>[B] (+1) +0.610671937<x233>[B] (+0) +0.610671937<x234>[B] (+0) -0.610671937<x235>[B] (+1) +0.610671937<x236>[B] (+1) -0.610671937<x237>[B] (+1) -0.610671937<x238>[B] (+1) -0.610671937<x239>[B] (+0) -0.610671937<x240>[B] (+1) -0.610671937<x241>[B] (+1) -0.610671937<x242>[B] (+1) -0.610671937<x243>[B] (+1) -0.610671937<x244>[B] (+1) +0.610671937<x245>[B] (+1) -0.610671937<x246>[B] (+1) -0.610671937<x247>[B] (+1) +0.610671937<x248>[B] (+0) -0.610671937<x249>[B] (+0) +0.610671937<x250>[B] (+1) -0.610671937<x251>[B] (+0) -0.610671937<x252>[B] (+1) +0.610671937<x253>[B] (+1) >= 38.9308300395257;
;
violation: left hand side is violated by 0.0474308300394952
  [linear] <c3895>: <x268>[C] (+24.3458498) +0.436758893<x1>[B] (+0) -0.436758893<x2>[B] (+0) -0.436758893<x3>[B] (+0) -0.436758893<x4>[B] (+0) +0.436758893<x5>[B] (+0) -0.436758893<x6>[B] (+0) -0.436758893<x7>[B] (+0) -0.436758893<x8>[B] (+0) +0.436758893<x9>[B] (+0) +0.436758893<x10>[B] (+0) -0.436758893<x11>[B] (+0) +0.436758893<x12>[B] (+0) +0.436758893<x13>[B] (+0) +0.436758893<x14>[B] (+0) -0.436758893<x15>[B] (+0) +0.436758893<x16>[B] (+0) +0.436758893<x17>[B] (+0) +0.436758893<x18>[B] (+0) +0.436758893<x19>[B] (+0) +0.436758893<x20>[B] (+0) +0.436758893<x21>[B] (+0) +0.436758893<x22>[B] (+1) -0.436758893<x23>[B] (+0) -0.436758893<x24>[B] (+0) -0.436758893<x25>[B] (+1) -0.436758893<x26>[B] (+0) -0.436758893<x27>[B] (+1) -0.436758893<x28>[B] (+1) -0.436758893<x29>[B] (+0) -0.436758893<x30>[B] (+1) +0.436758893<x31>[B] (+0) -0.436758893<x32>[B] (+0) +0.436758893<x33>[B] (+0) +0.436758893<x34>[B] (+1) +0.436758893<x35>[B] (+0) -0.436758893<x36>[B] (+0) -0.436758893<x37>[B] (+1) -0.436758893<x38>[B] (+0) -0.436758893<x39>[B] (+0) -0.436758893<x40>[B] (+1) +0.436758893<x41>[B] (+0) -0.436758893<x42>[B] (+0) +0.436758893<x43>[B] (+1) -0.436758893<x44>[B] (+0) +0.436758893<x45>[B] (+1) +0.436758893<x46>[B] (+0) -0.436758893<x47>[B] (+1) -0.436758893<x48>[B] (+1) +0.436758893<x49>[B] (+0) +0.436758893<x50>[B] (+1) +0.436758893<x51>[B] (+0) -0.436758893<x52>[B] (+0) +0.436758893<x53>[B] (+1) +0.436758893<x54>[B] (+1) +0.436758893<x55>[B] (+0) -0.436758893<x56>[B] (+0) +0.436758893<x57>[B] (+1) +0.436758893<x58>[B] (+0) +0.436758893<x59>[B] (+0) +0.436758893<x60>[B] (+1) +0.436758893<x61>[B] (+0) +0.436758893<x62>[B] (+0) +0.436758893<x63>[B] (+1) +0.436758893<x64>[B] (+1) +0.436758893<x65>[B] (+0) -0.436758893<x66>[B] (+1) -0.436758893<x67>[B] (+1) +0.436758893<x68>[B] (+1) +0.436758893<x69>[B] (+1) +0.436758893<x70>[B] (+0) -0.436758893<x71>[B] (+0) +0.436758893<x72>[B] (+1) +0.436758893<x73>[B] (+1) +0.436758893<x74>[B] (+1) -0.436758893<x75>[B] (+0) +0.436758893<x76>[B] (+1) +0.436758893<x77>[B] (+1) +0.436758893<x78>[B] (+0) +0.436758893<x79>[B] (+1) +0.436758893<x80>[B] (+1) +0.436758893<x81>[B] (+1) +0.436758893<x82>[B] (+1) +0.436758893<x83>[B] (+0) -0.436758893<x84>[B] (+0) -0.436758893<x85>[B] (+1) +0.436758893<x86>[B] (+0) +0.436758893<x87>[B] (+0) +0.436758893<x88>[B] (+0) -0.436758893<x89>[B] (+0) +0.436758893<x90>[B] (+0) +0.436758893<x91>[B] (+0) +0.436758893<x92>[B] (+0) -0.436758893<x93>[B] (+0) +0.436758893<x94>[B] (+0) +0.436758893<x95>[B] (+0) +0.436758893<x96>[B] (+0) +0.436758893<x97>[B] (+1) +0.436758893<x98>[B] (+0) +0.436758893<x99>[B] (+0) +0.436758893<x100>[B] (+1) -0.436758893<x101>[B] (+1) -0.436758893<x102>[B] (+1) -0.436758893<x103>[B] (+1) +0.436758893<x104>[B] (+1) +0.436758893<x105>[B] (+0) -0.436758893<x106>[B] (+0) +0.436758893<x107>[B] (+1) +0.436758893<x108>[B] (+1) +0.436758893<x109>[B] (+1) -0.436758893<x110>[B] (+0) +0.436758893<x111>[B] (+1) -0.436758893<x112>[B] (+1) +0.436758893<x113>[B] (+0) +0.436758893<x114>[B] (+1) +0.436758893<x115>[B] (+1) +0.436758893<x116>[B] (+1) +0.436758893<x117>[B] (+1) -0.436758893<x118>[B] (+1) +0.436758893<x119>[B] (+0) +0.436758893<x120>[B] (+0) +0.436758893<x121>[B] (+0) -0.436758893<x122>[B] (+0) +0.436758893<x123>[B] (+0) +0.436758893<x124>[B] (+1) +0.436758893<x125>[B] (+0) -0.436758893<x126>[B] (+0) +0.436758893<x127>[B] (+0) +0.436758893<x128>[B] (+0) +0.436758893<x129>[B] (+0) +0.436758893<x130>[B] (+1) +0.436758893<x131>[B] (+0) +0.436758893<x132>[B] (+0) +0.436758893<x133>[B] (+1) +0.436758893<x134>[B] (+0) +0.436758893<x135>[B] (+0) +0.436758893<x136>[B] (+0) -0.436758893<x137>[B] (+0) +0.436758893<x138>[B] (+0) +0.436758893<x139>[B] (+0) +0.436758893<x140>[B] (+0) +0.436758893<x141>[B] (+0) +0.436758893<x142>[B] (+0) +0.436758893<x143>[B] (+0) +0.436758893<x144>[B] (+0) +0.436758893<x145>[B] (+1) +0.436758893<x146>[B] (+0) +0.436758893<x147>[B] (+0) +0.436758893<x148>[B] (+1) +0.436758893<x149>[B] (+1) +0.436758893<x150>[B] (+0) -0.436758893<x151>[B] (+0) +0.436758893<x152>[B] (+1) +0.436758893<x153>[B] (+1) +0.436758893<x154>[B] (+1) -0.436758893<x155>[B] (+0) +0.436758893<x156>[B] (+1) +0.436758893<x157>[B] (+1) +0.436758893<x158>[B] (+0) +0.436758893<x159>[B] (+1) +0.436758893<x160>[B] (+1) +0.436758893<x161>[B] (+1) +0.436758893<x162>[B] (+1) +0.436758893<x163>[B] (+0) -0.436758893<x164>[B] (+0) +0.436758893<x165>[B] (+0) +0.436758893<x166>[B] (+1) +0.436758893<x167>[B] (+0) -0.436758893<x168>[B] (+0) -0.436758893<x169>[B] (+1) -0.436758893<x170>[B] (+0) -0.436758893<x171>[B] (+0) -0.436758893<x172>[B] (+1) +0.436758893<x173>[B] (+0) -0.436758893<x174>[B] (+0) +0.436758893<x175>[B] (+1) -0.436758893<x176>[B] (+1) +0.436758893<x177>[B] (+1) +0.436758893<x178>[B] (+1) +0.436758893<x179>[B] (+1) -0.436758893<x180>[B] (+0) -0.436758893<x181>[B] (+1) -0.436758893<x182>[B] (+1) -0.436758893<x183>[B] (+1) -0.436758893<x184>[B] (+1) +0.436758893<x185>[B] (+1) -0.436758893<x186>[B] (+1) +0.436758893<x187>[B] (+1) +0.436758893<x188>[B] (+1) +0.436758893<x189>[B] (+1) +0.436758893<x190>[B] (+1) +0.436758893<x191>[B] (+0) +0.436758893<x192>[B] (+1) +0.436758893<x193>[B] (+1) +0.436758893<x194>[B] (+1) +0.436758893<x195>[B] (+1) +0.436758893<x196>[B] (+1) +0.436758893<x197>[B] (+1) +0.436758893<x198>[B] (+1) -0.436758893<x199>[B] (+1) -0.436758893<x200>[B] (+0) -0.436758893<x201>[B] (+0) -0.436758893<x202>[B] (+1) -0.436758893<x203>[B] (+0) -0.436758893<x204>[B] (+0) -0.436758893<x205>[B] (+1) -0.436758893<x206>[B] (+0) -0.436758893<x207>[B] (+0) -0.436758893<x208>[B] (+1) +0.436758893<x209>[B] (+0) -0.436758893<x210>[B] (+0) -0.436758893<x211>[B] (+0) -0.436758893<x212>[B] (+0) -0.436758893<x213>[B] (+0) -0.436758893<x214>[B] (+1) +0.436758893<x215>[B] (+0) -0.436758893<x216>[B] (+0) +0.436758893<x217>[B] (+1) -0.436758893<x218>[B] (+0) -0.436758893<x219>[B] (+1) -0.436758893<x220>[B] (+0) -0.436758893<x221>[B] (+0) -0.436758893<x222>[B] (+1) -0.436758893<x223>[B] (+1) -0.436758893<x224>[B] (+0) +0.436758893<x225>[B] (+1) +0.436758893<x226>[B] (+1) +0.436758893<x227>[B] (+1) +0.436758893<x228>[B] (+1) +0.436758893<x229>[B] (+1) +0.436758893<x230>[B] (+1) +0.436758893<x231>[B] (+1) +0.436758893<x232>[B] (+1) -0.436758893<x233>[B] (+0) -0.436758893<x234>[B] (+0) +0.436758893<x235>[B] (+1) +0.436758893<x236>[B] (+0) +0.436758893<x237>[B] (+0) +0.436758893<x238>[B] (+1) +0.436758893<x239>[B] (+0) +0.436758893<x240>[B] (+1) +0.436758893<x241>[B] (+1) +0.436758893<x242>[B] (+0) +0.436758893<x243>[B] (+1) +0.436758893<x244>[B] (+1) +0.436758893<x245>[B] (+1) +0.436758893<x246>[B] (+1) +0.436758893<x247>[B] (+1) +0.436758893<x248>[B] (+0) +0.436758893<x249>[B] (+0) +0.436758893<x250>[B] (+1) -0.436758893<x251>[B] (+0) +0.436758893<x252>[B] (+1) +0.436758893<x253>[B] (+1) >= 47.9347826086956;
;
violation: left hand side is violated by 0.00395256916993247
  [linear] <c3901>: <x280>[C] (+47.4407115) +0.602766798<x1>[B] (+0) +0.602766798<x2>[B] (+0) -0.602766798<x3>[B] (+0) +0.602766798<x4>[B] (+0) +0.602766798<x5>[B] (+0) +0.602766798<x6>[B] (+0) -0.602766798<x7>[B] (+1) +0.602766798<x8>[B] (+0) -0.602766798<x9>[B] (+0) +0.602766798<x10>[B] (+0) +0.602766798<x11>[B] (+0) -0.602766798<x12>[B] (+0) +0.602766798<x13>[B] (+0) +0.602766798<x14>[B] (+0) +0.602766798<x15>[B] (+0) +0.602766798<x16>[B] (+0) +0.602766798<x17>[B] (+0) +0.602766798<x18>[B] (+0) +0.602766798<x19>[B] (+1) +0.602766798<x20>[B] (+0) +0.602766798<x21>[B] (+0) -0.602766798<x22>[B] (+1) -0.602766798<x23>[B] (+1) -0.602766798<x24>[B] (+0) -0.602766798<x25>[B] (+1) -0.602766798<x26>[B] (+0) -0.602766798<x27>[B] (+1) -0.602766798<x28>[B] (+1) -0.602766798<x29>[B] (+0) -0.602766798<x30>[B] (+1) +0.602766798<x31>[B] (+0) -0.602766798<x32>[B] (+0) -0.602766798<x33>[B] (+0) -0.602766798<x34>[B] (+1) +0.602766798<x35>[B] (+0) -0.602766798<x36>[B] (+0) +0.602766798<x37>[B] (+1) -0.602766798<x38>[B] (+0) +0.602766798<x39>[B] (+0) -0.602766798<x40>[B] (+1) +0.602766798<x41>[B] (+1) -0.602766798<x42>[B] (+1) -0.602766798<x43>[B] (+1) -0.602766798<x44>[B] (+0) +0.602766798<x45>[B] (+1) -0.602766798<x46>[B] (+0) +0.602766798<x47>[B] (+1) -0.602766798<x48>[B] (+1) +0.602766798<x49>[B] (+0) -0.602766798<x50>[B] (+1) +0.602766798<x51>[B] (+0) -0.602766798<x52>[B] (+0) -0.602766798<x53>[B] (+0) +0.602766798<x54>[B] (+1) +0.602766798<x55>[B] (+0) +0.602766798<x56>[B] (+0) +0.602766798<x57>[B] (+0) -0.602766798<x58>[B] (+0) +0.602766798<x59>[B] (+0) -0.602766798<x60>[B] (+1) +0.602766798<x61>[B] (+1) +0.602766798<x62>[B] (+0) -0.602766798<x63>[B] (+1) +0.602766798<x64>[B] (+1) +0.602766798<x65>[B] (+1) +0.602766798<x66>[B] (+1) -0.602766798<x67>[B] (+1) +0.602766798<x68>[B] (+0) +0.602766798<x69>[B] (+1) +0.602766798<x70>[B] (+0) +0.602766798<x71>[B] (+0) -0.602766798<x72>[B] (+1) +0.602766798<x73>[B] (+1) +0.602766798<x74>[B] (+1) +0.602766798<x75>[B] (+0) +0.602766798<x76>[B] (+1) +0.602766798<x77>[B] (+1) +0.602766798<x78>[B] (+0) +0.602766798<x79>[B] (+1) +0.602766798<x80>[B] (+1) +0.602766798<x81>[B] (+1) +0.602766798<x82>[B] (+1) -0.602766798<x83>[B] (+0) +0.602766798<x84>[B] (+0) -0.602766798<x85>[B] (+1) +0.602766798<x86>[B] (+0) -0.602766798<x87>[B] (+0) +0.602766798<x88>[B] (+0) -0.602766798<x89>[B] (+0) -0.602766798<x90>[B] (+0) +0.602766798<x91>[B] (+0) +0.602766798<x92>[B] (+0) +0.602766798<x93>[B] (+0) +0.602766798<x94>[B] (+0) -0.602766798<x95>[B] (+0) +0.602766798<x96>[B] (+0) -0.602766798<x97>[B] (+1) +0.602766798<x98>[B] (+0) -0.602766798<x99>[B] (+0) -0.602766798<x100>[B] (+1) +0.602766798<x101>[B] (+1) -0.602766798<x102>[B] (+1) +0.602766798<x103>[B] (+0) -0.602766798<x104>[B] (+1) +0.602766798<x105>[B] (+0) -0.602766798<x106>[B] (+0) -0.602766798<x107>[B] (+1) +0.602766798<x108>[B] (+1) +0.602766798<x109>[B] (+1) +0.602766798<x110>[B] (+0) +0.602766798<x111>[B] (+1) -0.602766798<x112>[B] (+1) +0.602766798<x113>[B] (+0) -0.602766798<x114>[B] (+1) +0.602766798<x115>[B] (+1) +0.602766798<x116>[B] (+1) -0.602766798<x117>[B] (+1) -0.602766798<x118>[B] (+1) -0.602766798<x119>[B] (+0) -0.602766798<x120>[B] (+0) +0.602766798<x121>[B] (+0) -0.602766798<x122>[B] (+0) -0.602766798<x123>[B] (+0) -0.602766798<x124>[B] (+0) +0.602766798<x125>[B] (+0) -0.602766798<x126>[B] (+0) +0.602766798<x127>[B] (+0) -0.602766798<x128>[B] (+0) +0.602766798<x129>[B] (+0) -0.602766798<x130>[B] (+1) +0.602766798<x131>[B] (+0) -0.602766798<x132>[B] (+0) -0.602766798<x133>[B] (+1) +0.602766798<x134>[B] (+0) +0.602766798<x135>[B] (+0) +0.602766798<x136>[B] (+0) +0.602766798<x137>[B] (+0) -0.602766798<x138>[B] (+0) +0.602766798<x139>[B] (+0) +0.602766798<x140>[B] (+0) +0.602766798<x141>[B] (+0) +0.602766798<x142>[B] (+0) +0.602766798<x143>[B] (+0) +0.602766798<x144>[B] (+0) +0.602766798<x145>[B] (+1) +0.602766798<x146>[B] (+0) +0.602766798<x147>[B] (+0) +0.602766798<x148>[B] (+1) -0.602766798<x149>[B] (+1) +0.602766798<x150>[B] (+0) -0.602766798<x151>[B] (+0) -0.602766798<x152>[B] (+1) -0.602766798<x153>[B] (+1) +0.602766798<x154>[B] (+1) +0.602766798<x155>[B] (+0) +0.602766798<x156>[B] (+1) -0.602766798<x157>[B] (+1) +0.602766798<x158>[B] (+0) -0.602766798<x159>[B] (+1) +0.602766798<x160>[B] (+1) -0.602766798<x161>[B] (+1) -0.602766798<x162>[B] (+1) +0.602766798<x163>[B] (+0) +0.602766798<x164>[B] (+0) -0.602766798<x165>[B] (+0) +0.602766798<x166>[B] (+0) +0.602766798<x167>[B] (+0) +0.602766798<x168>[B] (+0) +0.602766798<x169>[B] (+0) +0.602766798<x170>[B] (+0) +0.602766798<x171>[B] (+0) +0.602766798<x172>[B] (+1) +0.602766798<x173>[B] (+0) +0.602766798<x174>[B] (+0) -0.602766798<x175>[B] (+1) -0.602766798<x176>[B] (+1) -0.602766798<x177>[B] (+1) -0.602766798<x178>[B] (+1) +0.602766798<x179>[B] (+1) -0.602766798<x180>[B] (+1) +0.602766798<x181>[B] (+1) -0.602766798<x182>[B] (+1) +0.602766798<x183>[B] (+1) -0.602766798<x184>[B] (+1) +0.602766798<x185>[B] (+1) -0.602766798<x186>[B] (+1) -0.602766798<x187>[B] (+1) -0.602766798<x188>[B] (+1) +0.602766798<x189>[B] (+1) +0.602766798<x190>[B] (+1) +0.602766798<x191>[B] (+0) +0.602766798<x192>[B] (+1) -0.602766798<x193>[B] (+1) +0.602766798<x194>[B] (+1) +0.602766798<x195>[B] (+1) +0.602766798<x196>[B] (+1) +0.602766798<x197>[B] (+1) -0.602766798<x198>[B] (+1) +0.602766798<x199>[B] (+1) +0.602766798<x200>[B] (+0) +0.602766798<x201>[B] (+0) +0.602766798<x202>[B] (+1) +0.602766798<x203>[B] (+0) +0.602766798<x204>[B] (+0) +0.602766798<x205>[B] (+1) +0.602766798<x206>[B] (+1) +0.602766798<x207>[B] (+1) +0.602766798<x208>[B] (+1) +0.602766798<x209>[B] (+0) +0.602766798<x210>[B] (+0) +0.602766798<x211>[B] (+0) -0.602766798<x212>[B] (+0) +0.602766798<x213>[B] (+0) -0.602766798<x214>[B] (+1) +0.602766798<x215>[B] (+1) -0.602766798<x216>[B] (+0) -0.602766798<x217>[B] (+1) -0.602766798<x218>[B] (+0) +0.602766798<x219>[B] (+1) -0.602766798<x220>[B] (+0) +0.602766798<x221>[B] (+0) -0.602766798<x222>[B] (+1) +0.602766798<x223>[B] (+1) -0.602766798<x224>[B] (+1) -0.602766798<x225>[B] (+1) +0.602766798<x226>[B] (+1) -0.602766798<x227>[B] (+1) +0.602766798<x228>[B] (+1) -0.602766798<x229>[B] (+1) +0.602766798<x230>[B] (+1) -0.602766798<x231>[B] (+1) -0.602766798<x232>[B] (+1) -0.602766798<x233>[B] (+0) +0.602766798<x234>[B] (+0) -0.602766798<x235>[B] (+1) +0.602766798<x236>[B] (+1) -0.602766798<x237>[B] (+1) -0.602766798<x238>[B] (+1) +0.602766798<x239>[B] (+0) +0.602766798<x240>[B] (+1) +0.602766798<x241>[B] (+1) +0.602766798<x242>[B] (+1) -0.602766798<x243>[B] (+1) -0.602766798<x244>[B] (+1) +0.602766798<x245>[B] (+1) -0.602766798<x246>[B] (+1) -0.602766798<x247>[B] (+1) +0.602766798<x248>[B] (+0) +0.602766798<x249>[B] (+0) -0.602766798<x250>[B] (+1) -0.602766798<x251>[B] (+0) -0.602766798<x252>[B] (+1) -0.602766798<x253>[B] (+1) >= 42.6462450592885;
;
violation: left hand side is violated by 0.0276679841896765
  [linear] <c3920>: <x307>[C] (+39.2667984) -0.555335968<x1>[B] (+0) -0.555335968<x2>[B] (+0) +0.555335968<x3>[B] (+0) -0.555335968<x4>[B] (+0) +0.555335968<x5>[B] (+0) -0.555335968<x6>[B] (+0) -0.555335968<x7>[B] (+0) -0.555335968<x8>[B] (+0) -0.555335968<x9>[B] (+0) -0.555335968<x10>[B] (+0) -0.555335968<x11>[B] (+0) -0.555335968<x12>[B] (+0) -0.555335968<x13>[B] (+0) -0.555335968<x14>[B] (+0) -0.555335968<x15>[B] (+0) +0.555335968<x16>[B] (+0) +0.555335968<x17>[B] (+0) +0.555335968<x18>[B] (+0) -0.555335968<x19>[B] (+0) +0.555335968<x20>[B] (+0) -0.555335968<x21>[B] (+0) -0.555335968<x22>[B] (+0) -0.555335968<x23>[B] (+0) +0.555335968<x24>[B] (+0) -0.555335968<x25>[B] (+1) +0.555335968<x26>[B] (+0) -0.555335968<x27>[B] (+1) +0.555335968<x28>[B] (+1) -0.555335968<x29>[B] (+0) -0.555335968<x30>[B] (+1) -0.555335968<x31>[B] (+0) +0.555335968<x32>[B] (+0) -0.555335968<x33>[B] (+0) -0.555335968<x34>[B] (+1) -0.555335968<x35>[B] (+0) +0.555335968<x36>[B] (+0) +0.555335968<x37>[B] (+0) +0.555335968<x38>[B] (+0) +0.555335968<x39>[B] (+0) -0.555335968<x40>[B] (+1) +0.555335968<x41>[B] (+1) -0.555335968<x42>[B] (+0) +0.555335968<x43>[B] (+1) +0.555335968<x44>[B] (+0) -0.555335968<x45>[B] (+1) +0.555335968<x46>[B] (+0) -0.555335968<x47>[B] (+1) +0.555335968<x48>[B] (+1) -0.555335968<x49>[B] (+0) -0.555335968<x50>[B] (+1) -0.555335968<x51>[B] (+0) +0.555335968<x52>[B] (+0) -0.555335968<x53>[B] (+0) -0.555335968<x54>[B] (+1) -0.555335968<x55>[B] (+1) +0.555335968<x56>[B] (+0) +0.555335968<x57>[B] (+0) +0.555335968<x58>[B] (+0) +0.555335968<x59>[B] (+0) -0.555335968<x60>[B] (+1) +0.555335968<x61>[B] (+1) -0.555335968<x62>[B] (+0) +0.555335968<x63>[B] (+1) -0.555335968<x64>[B] (+1) +0.555335968<x65>[B] (+1) -0.555335968<x66>[B] (+1) -0.555335968<x67>[B] (+1) -0.555335968<x68>[B] (+0) -0.555335968<x69>[B] (+1) -0.555335968<x70>[B] (+0) -0.555335968<x71>[B] (+0) -0.555335968<x72>[B] (+0) -0.555335968<x73>[B] (+1) -0.555335968<x74>[B] (+1) -0.555335968<x75>[B] (+0) +0.555335968<x76>[B] (+1) -0.555335968<x77>[B] (+0) +0.555335968<x78>[B] (+0) -0.555335968<x79>[B] (+1) +0.555335968<x80>[B] (+1) -0.555335968<x81>[B] (+1) -0.555335968<x82>[B] (+1) +0.555335968<x83>[B] (+0) -0.555335968<x84>[B] (+0) +0.555335968<x85>[B] (+0) +0.555335968<x86>[B] (+0) +0.555335968<x87>[B] (+0) +0.555335968<x88>[B] (+0) +0.555335968<x89>[B] (+0) +0.555335968<x90>[B] (+0) +0.555335968<x91>[B] (+0) +0.555335968<x92>[B] (+0) +0.555335968<x93>[B] (+0) +0.555335968<x94>[B] (+0) +0.555335968<x95>[B] (+0) +0.555335968<x96>[B] (+0) +0.555335968<x97>[B] (+0) +0.555335968<x98>[B] (+0) +0.555335968<x99>[B] (+0) +0.555335968<x100>[B] (+0) -0.555335968<x101>[B] (+1) -0.555335968<x102>[B] (+1) -0.555335968<x103>[B] (+0) -0.555335968<x104>[B] (+1) -0.555335968<x105>[B] (+0) -0.555335968<x106>[B] (+0) -0.555335968<x107>[B] (+0) -0.555335968<x108>[B] (+1) -0.555335968<x109>[B] (+1) -0.555335968<x110>[B] (+0) -0.555335968<x111>[B] (+0) -0.555335968<x112>[B] (+0) -0.555335968<x113>[B] (+0) -0.555335968<x114>[B] (+1) -0.555335968<x115>[B] (+1) -0.555335968<x116>[B] (+0) -0.555335968<x117>[B] (+1) +0.555335968<x118>[B] (+1) +0.555335968<x119>[B] (+0) +0.555335968<x120>[B] (+0) +0.555335968<x121>[B] (+0) +0.555335968<x122>[B] (+0) +0.555335968<x123>[B] (+0) +0.555335968<x124>[B] (+1) +0.555335968<x125>[B] (+0) +0.555335968<x126>[B] (+0) +0.555335968<x127>[B] (+0) +0.555335968<x128>[B] (+0) +0.555335968<x129>[B] (+0) +0.555335968<x130>[B] (+1) +0.555335968<x131>[B] (+0) +0.555335968<x132>[B] (+0) +0.555335968<x133>[B] (+1) -0.555335968<x134>[B] (+0) -0.555335968<x135>[B] (+0) -0.555335968<x136>[B] (+0) +0.555335968<x137>[B] (+0) -0.555335968<x138>[B] (+0) -0.555335968<x139>[B] (+1) -0.555335968<x140>[B] (+0) -0.555335968<x141>[B] (+0) +0.555335968<x142>[B] (+0) +0.555335968<x143>[B] (+0) +0.555335968<x144>[B] (+0) -0.555335968<x145>[B] (+1) +0.555335968<x146>[B] (+0) -0.555335968<x147>[B] (+0) -0.555335968<x148>[B] (+1) +0.555335968<x149>[B] (+1) -0.555335968<x150>[B] (+0) +0.555335968<x151>[B] (+0) +0.555335968<x152>[B] (+0) +0.555335968<x153>[B] (+1) -0.555335968<x154>[B] (+1) +0.555335968<x155>[B] (+0) +0.555335968<x156>[B] (+1) +0.555335968<x157>[B] (+0) +0.555335968<x158>[B] (+0) +0.555335968<x159>[B] (+1) +0.555335968<x160>[B] (+1) -0.555335968<x161>[B] (+1) +0.555335968<x162>[B] (+1) -0.555335968<x163>[B] (+0) +0.555335968<x164>[B] (+0) -0.555335968<x165>[B] (+0) -0.555335968<x166>[B] (+1) -0.555335968<x167>[B] (+0) +0.555335968<x168>[B] (+0) +0.555335968<x169>[B] (+0) +0.555335968<x170>[B] (+0) +0.555335968<x171>[B] (+0) -0.555335968<x172>[B] (+1) +0.555335968<x173>[B] (+0) -0.555335968<x174>[B] (+0) +0.555335968<x175>[B] (+1) +0.555335968<x176>[B] (+1) +0.555335968<x177>[B] (+1) +0.555335968<x178>[B] (+1) +0.555335968<x179>[B] (+1) +0.555335968<x180>[B] (+0) +0.555335968<x181>[B] (+1) +0.555335968<x182>[B] (+1) +0.555335968<x183>[B] (+1) +0.555335968<x184>[B] (+1) +0.555335968<x185>[B] (+1) +0.555335968<x186>[B] (+1) +0.555335968<x187>[B] (+1) -0.555335968<x188>[B] (+1) -0.555335968<x189>[B] (+1) -0.555335968<x190>[B] (+1) -0.555335968<x191>[B] (+0) +0.555335968<x192>[B] (+1) +0.555335968<x193>[B] (+1) +0.555335968<x194>[B] (+1) -0.555335968<x195>[B] (+1) +0.555335968<x196>[B] (+1) -0.555335968<x197>[B] (+1) -0.555335968<x198>[B] (+1) +0.555335968<x199>[B] (+1) -0.555335968<x200>[B] (+1) +0.555335968<x201>[B] (+0) +0.555335968<x202>[B] (+1) +0.555335968<x203>[B] (+0) +0.555335968<x204>[B] (+0) +0.555335968<x205>[B] (+1) +0.555335968<x206>[B] (+1) -0.555335968<x207>[B] (+1) +0.555335968<x208>[B] (+1) -0.555335968<x209>[B] (+0) +0.555335968<x210>[B] (+0) +0.555335968<x211>[B] (+0) +0.555335968<x212>[B] (+0) +0.555335968<x213>[B] (+0) +0.555335968<x214>[B] (+0) +0.555335968<x215>[B] (+0) -0.555335968<x216>[B] (+0) +0.555335968<x217>[B] (+0) +0.555335968<x218>[B] (+0) +0.555335968<x219>[B] (+0) +0.555335968<x220>[B] (+0) +0.555335968<x221>[B] (+0) +0.555335968<x222>[B] (+1) +0.555335968<x223>[B] (+1) +0.555335968<x224>[B] (+0) +0.555335968<x225>[B] (+1) +0.555335968<x226>[B] (+1) +0.555335968<x227>[B] (+1) +0.555335968<x228>[B] (+1) -0.555335968<x229>[B] (+1) +0.555335968<x230>[B] (+1) -0.555335968<x231>[B] (+1) -0.555335968<x232>[B] (+1) -0.555335968<x233>[B] (+0) +0.555335968<x234>[B] (+0) -0.555335968<x235>[B] (+1) +0.555335968<x236>[B] (+1) -0.555335968<x237>[B] (+1) -0.555335968<x238>[B] (+1) +0.555335968<x239>[B] (+0) -0.555335968<x240>[B] (+1) +0.555335968<x241>[B] (+1) -0.555335968<x242>[B] (+1) -0.555335968<x243>[B] (+1) -0.555335968<x244>[B] (+1) +0.555335968<x245>[B] (+1) -0.555335968<x246>[B] (+1) -0.555335968<x247>[B] (+1) +0.555335968<x248>[B] (+0) -0.555335968<x249>[B] (+0) +0.555335968<x250>[B] (+1) -0.555335968<x251>[B] (+0) -0.555335968<x252>[B] (+1) +0.555335968<x253>[B] (+1) >= 37.0691699604743;
;
violation: left hand side is violated by 0.0237154150197512
  [linear] <c3901>: <x280>[C] (+46.2509881) +0.602766798<x1>[B] (+0) +0.602766798<x2>[B] (+0) -0.602766798<x3>[B] (+0) +0.602766798<x4>[B] (+1) +0.602766798<x5>[B] (+0) +0.602766798<x6>[B] (+0) -0.602766798<x7>[B] (+1) +0.602766798<x8>[B] (+0) -0.602766798<x9>[B] (+0) +0.602766798<x10>[B] (+0) +0.602766798<x11>[B] (+0) -0.602766798<x12>[B] (+0) +0.602766798<x13>[B] (+1) +0.602766798<x14>[B] (+0) +0.602766798<x15>[B] (+0) +0.602766798<x16>[B] (+0) +0.602766798<x17>[B] (+0) +0.602766798<x18>[B] (+0) +0.602766798<x19>[B] (+1) +0.602766798<x20>[B] (+0) +0.602766798<x21>[B] (+0) -0.602766798<x22>[B] (+1) -0.602766798<x23>[B] (+1) -0.602766798<x24>[B] (+0) -0.602766798<x25>[B] (+1) -0.602766798<x26>[B] (+0) -0.602766798<x27>[B] (+1) -0.602766798<x28>[B] (+1) -0.602766798<x29>[B] (+0) -0.602766798<x30>[B] (+0) +0.602766798<x31>[B] (+0) -0.602766798<x32>[B] (+0) -0.602766798<x33>[B] (+0) -0.602766798<x34>[B] (+1) +0.602766798<x35>[B] (+0) -0.602766798<x36>[B] (+0) +0.602766798<x37>[B] (+0) -0.602766798<x38>[B] (+0) +0.602766798<x39>[B] (+0) -0.602766798<x40>[B] (+1) +0.602766798<x41>[B] (+1) -0.602766798<x42>[B] (+1) -0.602766798<x43>[B] (+1) -0.602766798<x44>[B] (+0) +0.602766798<x45>[B] (+1) -0.602766798<x46>[B] (+0) +0.602766798<x47>[B] (+1) -0.602766798<x48>[B] (+1) +0.602766798<x49>[B] (+0) -0.602766798<x50>[B] (+0) +0.602766798<x51>[B] (+0) -0.602766798<x52>[B] (+0) -0.602766798<x53>[B] (+0) +0.602766798<x54>[B] (+1) +0.602766798<x55>[B] (+0) +0.602766798<x56>[B] (+0) +0.602766798<x57>[B] (+0) -0.602766798<x58>[B] (+0) +0.602766798<x59>[B] (+0) -0.602766798<x60>[B] (+1) +0.602766798<x61>[B] (+1) +0.602766798<x62>[B] (+0) -0.602766798<x63>[B] (+1) +0.602766798<x64>[B] (+1) +0.602766798<x65>[B] (+1) +0.602766798<x66>[B] (+1) -0.602766798<x67>[B] (+1) +0.602766798<x68>[B] (+0) +0.602766798<x69>[B] (+1) +0.602766798<x70>[B] (+0) +0.602766798<x71>[B] (+0) -0.602766798<x72>[B] (+1) +0.602766798<x73>[B] (+1) +0.602766798<x74>[B] (+1) +0.602766798<x75>[B] (+0) +0.602766798<x76>[B] (+1) +0.602766798<x77>[B] (+0) +0.602766798<x78>[B] (+0) +0.602766798<x79>[B] (+1) +0.602766798<x80>[B] (+1) +0.602766798<x81>[B] (+1) +0.602766798<x82>[B] (+1) -0.602766798<x83>[B] (+0) +0.602766798<x84>[B] (+0) -0.602766798<x85>[B] (+1) +0.602766798<x86>[B] (+0) -0.602766798<x87>[B] (+0) +0.602766798<x88>[B] (+0) -0.602766798<x89>[B] (+0) -0.602766798<x90>[B] (+0) +0.602766798<x91>[B] (+0) +0.602766798<x92>[B] (+0) +0.602766798<x93>[B] (+0) +0.602766798<x94>[B] (+0) -0.602766798<x95>[B] (+0) +0.602766798<x96>[B] (+0) -0.602766798<x97>[B] (+1) +0.602766798<x98>[B] (+0) -0.602766798<x99>[B] (+0) -0.602766798<x100>[B] (+1) +0.602766798<x101>[B] (+1) -0.602766798<x102>[B] (+1) +0.602766798<x103>[B] (+0) -0.602766798<x104>[B] (+1) +0.602766798<x105>[B] (+0) -0.602766798<x106>[B] (+0) -0.602766798<x107>[B] (+1) +0.602766798<x108>[B] (+1) +0.602766798<x109>[B] (+0) +0.602766798<x110>[B] (+0) +0.602766798<x111>[B] (+0) -0.602766798<x112>[B] (+0) +0.602766798<x113>[B] (+0) -0.602766798<x114>[B] (+1) +0.602766798<x115>[B] (+1) +0.602766798<x116>[B] (+1) -0.602766798<x117>[B] (+1) -0.602766798<x118>[B] (+1) -0.602766798<x119>[B] (+0) -0.602766798<x120>[B] (+0) +0.602766798<x121>[B] (+0) -0.602766798<x122>[B] (+0) -0.602766798<x123>[B] (+0) -0.602766798<x124>[B] (+1) +0.602766798<x125>[B] (+0) -0.602766798<x126>[B] (+0) +0.602766798<x127>[B] (+0) -0.602766798<x128>[B] (+0) +0.602766798<x129>[B] (+0) -0.602766798<x130>[B] (+1) +0.602766798<x131>[B] (+1) -0.602766798<x132>[B] (+0) -0.602766798<x133>[B] (+1) +0.602766798<x134>[B] (+0) +0.602766798<x135>[B] (+0) +0.602766798<x136>[B] (+0) +0.602766798<x137>[B] (+0) -0.602766798<x138>[B] (+0) +0.602766798<x139>[B] (+0) +0.602766798<x140>[B] (+0) +0.602766798<x141>[B] (+0) +0.602766798<x142>[B] (+0) +0.602766798<x143>[B] (+0) +0.602766798<x144>[B] (+0) +0.602766798<x145>[B] (+1) +0.602766798<x146>[B] (+0) +0.602766798<x147>[B] (+0) +0.602766798<x148>[B] (+1) -0.602766798<x149>[B] (+1) +0.602766798<x150>[B] (+0) -0.602766798<x151>[B] (+0) -0.602766798<x152>[B] (+1) -0.602766798<x153>[B] (+1) +0.602766798<x154>[B] (+1) +0.602766798<x155>[B] (+0) +0.602766798<x156>[B] (+1) -0.602766798<x157>[B] (+1) +0.602766798<x158>[B] (+0) -0.602766798<x159>[B] (+1) +0.602766798<x160>[B] (+1) -0.602766798<x161>[B] (+1) -0.602766798<x162>[B] (+1) +0.602766798<x163>[B] (+0) +0.602766798<x164>[B] (+0) -0.602766798<x165>[B] (+0) +0.602766798<x166>[B] (+1) +0.602766798<x167>[B] (+0) +0.602766798<x168>[B] (+0) +0.602766798<x169>[B] (+0) +0.602766798<x170>[B] (+0) +0.602766798<x171>[B] (+0) +0.602766798<x172>[B] (+1) +0.602766798<x173>[B] (+1) +0.602766798<x174>[B] (+1) -0.602766798<x175>[B] (+1) -0.602766798<x176>[B] (+1) -0.602766798<x177>[B] (+1) -0.602766798<x178>[B] (+1) +0.602766798<x179>[B] (+1) -0.602766798<x180>[B] (+0) +0.602766798<x181>[B] (+1) -0.602766798<x182>[B] (+1) +0.602766798<x183>[B] (+1) -0.602766798<x184>[B] (+1) +0.602766798<x185>[B] (+1) -0.602766798<x186>[B] (+1) -0.602766798<x187>[B] (+1) -0.602766798<x188>[B] (+1) +0.602766798<x189>[B] (+1) +0.602766798<x190>[B] (+1) +0.602766798<x191>[B] (+0) +0.602766798<x192>[B] (+1) -0.602766798<x193>[B] (+1) +0.602766798<x194>[B] (+1) +0.602766798<x195>[B] (+1) +0.602766798<x196>[B] (+1) +0.602766798<x197>[B] (+1) -0.602766798<x198>[B] (+1) +0.602766798<x199>[B] (+1) +0.602766798<x200>[B] (+0) +0.602766798<x201>[B] (+0) +0.602766798<x202>[B] (+0) +0.602766798<x203>[B] (+0) +0.602766798<x204>[B] (+0) +0.602766798<x205>[B] (+1) +0.602766798<x206>[B] (+1) +0.602766798<x207>[B] (+1) +0.602766798<x208>[B] (+1) +0.602766798<x209>[B] (+0) +0.602766798<x210>[B] (+0) +0.602766798<x211>[B] (+0) -0.602766798<x212>[B] (+0) +0.602766798<x213>[B] (+0) -0.602766798<x214>[B] (+1) +0.602766798<x215>[B] (+0) -0.602766798<x216>[B] (+0) -0.602766798<x217>[B] (+1) -0.602766798<x218>[B] (+0) +0.602766798<x219>[B] (+0) -0.602766798<x220>[B] (+0) +0.602766798<x221>[B] (+0) -0.602766798<x222>[B] (+1) +0.602766798<x223>[B] (+1) -0.602766798<x224>[B] (+1) -0.602766798<x225>[B] (+1) +0.602766798<x226>[B] (+1) -0.602766798<x227>[B] (+1) +0.602766798<x228>[B] (+1) -0.602766798<x229>[B] (+1) +0.602766798<x230>[B] (+1) -0.602766798<x231>[B] (+1) -0.602766798<x232>[B] (+1) -0.602766798<x233>[B] (+0) +0.602766798<x234>[B] (+0) -0.602766798<x235>[B] (+1) +0.602766798<x236>[B] (+1) -0.602766798<x237>[B] (+1) -0.602766798<x238>[B] (+1) +0.602766798<x239>[B] (+0) +0.602766798<x240>[B] (+1) +0.602766798<x241>[B] (+1) +0.602766798<x242>[B] (+1) -0.602766798<x243>[B] (+1) -0.602766798<x244>[B] (+1) +0.602766798<x245>[B] (+1) -0.602766798<x246>[B] (+1) -0.602766798<x247>[B] (+1) +0.602766798<x248>[B] (+0) +0.602766798<x249>[B] (+0) -0.602766798<x250>[B] (+1) -0.602766798<x251>[B] (+0) -0.602766798<x252>[B] (+1) -0.602766798<x253>[B] (+1) >= 42.6462450592885;
;
violation: left hand side is violated by 0.0118577075098756
  [linear] <c3931>: <x322>[C] (+31.3162055) -0.484189723<x1>[B] (+0) +0.484189723<x2>[B] (+0) +0.484189723<x3>[B] (+0) +0.484189723<x4>[B] (+0) -0.484189723<x5>[B] (+0) +0.484189723<x6>[B] (+0) +0.484189723<x7>[B] (+0) +0.484189723<x8>[B] (+0) +0.484189723<x9>[B] (+0) +0.484189723<x10>[B] (+0) +0.484189723<x11>[B] (+0) +0.484189723<x12>[B] (+0) +0.484189723<x13>[B] (+0) +0.484189723<x14>[B] (+0) +0.484189723<x15>[B] (+0) +0.484189723<x16>[B] (+0) -0.484189723<x17>[B] (+0) +0.484189723<x18>[B] (+0) +0.484189723<x19>[B] (+0) +0.484189723<x20>[B] (+0) +0.484189723<x21>[B] (+0) +0.484189723<x22>[B] (+0) +0.484189723<x23>[B] (+1) +0.484189723<x24>[B] (+0) +0.484189723<x25>[B] (+1) -0.484189723<x26>[B] (+0) +0.484189723<x27>[B] (+1) +0.484189723<x28>[B] (+1) +0.484189723<x29>[B] (+0) +0.484189723<x30>[B] (+1) +0.484189723<x31>[B] (+0) +0.484189723<x32>[B] (+0) +0.484189723<x33>[B] (+0) +0.484189723<x34>[B] (+1) +0.484189723<x35>[B] (+1) +0.484189723<x36>[B] (+0) +0.484189723<x37>[B] (+0) -0.484189723<x38>[B] (+0) +0.484189723<x39>[B] (+0) +0.484189723<x40>[B] (+1) +0.484189723<x41>[B] (+1) +0.484189723<x42>[B] (+1) +0.484189723<x43>[B] (+1) -0.484189723<x44>[B] (+0) +0.484189723<x45>[B] (+1) -0.484189723<x46>[B] (+0) -0.484189723<x47>[B] (+1) +0.484189723<x48>[B] (+1) +0.484189723<x49>[B] (+0) +0.484189723<x50>[B] (+0) -0.484189723<x51>[B] (+0) +0.484189723<x52>[B] (+0) +0.484189723<x53>[B] (+0) +0.484189723<x54>[B] (+1) +0.484189723<x55>[B] (+0) +0.484189723<x56>[B] (+0) +0.484189723<x57>[B] (+0) -0.484189723<x58>[B] (+0) +0.484189723<x59>[B] (+0) +0.484189723<x60>[B] (+1) +0.484189723<x61>[B] (+0) +0.484189723<x62>[B] (+1) -0.484189723<x63>[B] (+1) +0.484189723<x64>[B] (+1) -0.484189723<x65>[B] (+1) +0.484189723<x66>[B] (+1) +0.484189723<x67>[B] (+1) +0.484189723<x68>[B] (+1) +0.484189723<x69>[B] (+1) +0.484189723<x70>[B] (+0) +0.484189723<x71>[B] (+1) +0.484189723<x72>[B] (+1) +0.484189723<x73>[B] (+1) +0.484189723<x74>[B] (+1) +0.484189723<x75>[B] (+0) +0.484189723<x76>[B] (+1) -0.484189723<x77>[B] (+1) +0.484189723<x78>[B] (+0) +0.484189723<x79>[B] (+1) +0.484189723<x80>[B] (+1) +0.484189723<x81>[B] (+1) -0.484189723<x82>[B] (+1) -0.484189723<x83>[B] (+0) -0.484189723<x84>[B] (+1) -0.484189723<x85>[B] (+1) -0.484189723<x86>[B] (+0) +0.484189723<x87>[B] (+0) -0.484189723<x88>[B] (+0) -0.484189723<x89>[B] (+0) -0.484189723<x90>[B] (+0) +0.484189723<x91>[B] (+1) +0.484189723<x92>[B] (+0) -0.484189723<x93>[B] (+0) +0.484189723<x94>[B] (+0) -0.484189723<x95>[B] (+0) -0.484189723<x96>[B] (+0) +0.484189723<x97>[B] (+1) +0.484189723<x98>[B] (+0) +0.484189723<x99>[B] (+0) -0.484189723<x100>[B] (+1) +0.484189723<x101>[B] (+1) +0.484189723<x102>[B] (+1) +0.484189723<x103>[B] (+0) +0.484189723<x104>[B] (+1) +0.484189723<x105>[B] (+0) +0.484189723<x106>[B] (+0) +0.484189723<x107>[B] (+0) +0.484189723<x108>[B] (+1) +0.484189723<x109>[B] (+1) +0.484189723<x110>[B] (+0) +0.484189723<x111>[B] (+0) -0.484189723<x112>[B] (+0) +0.484189723<x113>[B] (+0) +0.484189723<x114>[B] (+1) +0.484189723<x115>[B] (+1) +0.484189723<x116>[B] (+1) +0.484189723<x117>[B] (+1) +0.484189723<x118>[B] (+0) +0.484189723<x119>[B] (+0) +0.484189723<x120>[B] (+0) +0.484189723<x121>[B] (+0) +0.484189723<x122>[B] (+0) +0.484189723<x123>[B] (+0) +0.484189723<x124>[B] (+0) +0.484189723<x125>[B] (+0) +0.484189723<x126>[B] (+0) +0.484189723<x127>[B] (+0) -0.484189723<x128>[B] (+0) +0.484189723<x129>[B] (+0) +0.484189723<x130>[B] (+0) +0.484189723<x131>[B] (+0) +0.484189723<x132>[B] (+0) -0.484189723<x133>[B] (+1) +0.484189723<x134>[B] (+0) +0.484189723<x135>[B] (+0) -0.484189723<x136>[B] (+0) +0.484189723<x137>[B] (+0) +0.484189723<x138>[B] (+0) +0.484189723<x139>[B] (+1) +0.484189723<x140>[B] (+0) +0.484189723<x141>[B] (+0) +0.484189723<x142>[B] (+0) -0.484189723<x143>[B] (+0) +0.484189723<x144>[B] (+0) +0.484189723<x145>[B] (+1) +0.484189723<x146>[B] (+0) +0.484189723<x147>[B] (+0) -0.484189723<x148>[B] (+1) +0.484189723<x149>[B] (+1) -0.484189723<x150>[B] (+0) +0.484189723<x151>[B] (+1) -0.484189723<x152>[B] (+1) +0.484189723<x153>[B] (+1) +0.484189723<x154>[B] (+1) +0.484189723<x155>[B] (+0) +0.484189723<x156>[B] (+1) -0.484189723<x157>[B] (+1) +0.484189723<x158>[B] (+0) +0.484189723<x159>[B] (+1) +0.484189723<x160>[B] (+1) +0.484189723<x161>[B] (+1) -0.484189723<x162>[B] (+1) -0.484189723<x163>[B] (+0) -0.484189723<x164>[B] (+0) -0.484189723<x165>[B] (+0) +0.484189723<x166>[B] (+1) +0.484189723<x167>[B] (+1) -0.484189723<x168>[B] (+0) +0.484189723<x169>[B] (+0) -0.484189723<x170>[B] (+0) -0.484189723<x171>[B] (+0) +0.484189723<x172>[B] (+1) +0.484189723<x173>[B] (+1) +0.484189723<x174>[B] (+1) -0.484189723<x175>[B] (+1) +0.484189723<x176>[B] (+1) +0.484189723<x177>[B] (+1) +0.484189723<x178>[B] (+1) +0.484189723<x179>[B] (+1) +0.484189723<x180>[B] (+0) +0.484189723<x181>[B] (+1) -0.484189723<x182>[B] (+1) +0.484189723<x183>[B] (+1) +0.484189723<x184>[B] (+1) +0.484189723<x185>[B] (+1) +0.484189723<x186>[B] (+1) -0.484189723<x187>[B] (+1) -0.484189723<x188>[B] (+1) +0.484189723<x189>[B] (+1) +0.484189723<x190>[B] (+1) +0.484189723<x191>[B] (+0) +0.484189723<x192>[B] (+0) -0.484189723<x193>[B] (+1) +0.484189723<x194>[B] (+0) +0.484189723<x195>[B] (+1) +0.484189723<x196>[B] (+1) +0.484189723<x197>[B] (+1) -0.484189723<x198>[B] (+1) +0.484189723<x199>[B] (+1) +0.484189723<x200>[B] (+1) +0.484189723<x201>[B] (+0) +0.484189723<x202>[B] (+0) -0.484189723<x203>[B] (+0) +0.484189723<x204>[B] (+0) +0.484189723<x205>[B] (+1) +0.484189723<x206>[B] (+1) +0.484189723<x207>[B] (+1) -0.484189723<x208>[B] (+1) +0.484189723<x209>[B] (+0) -0.484189723<x210>[B] (+0) -0.484189723<x211>[B] (+0) -0.484189723<x212>[B] (+0) -0.484189723<x213>[B] (+0) -0.484189723<x214>[B] (+0) +0.484189723<x215>[B] (+0) +0.484189723<x216>[B] (+0) -0.484189723<x217>[B] (+1) -0.484189723<x218>[B] (+0) -0.484189723<x219>[B] (+0) -0.484189723<x220>[B] (+0) -0.484189723<x221>[B] (+0) -0.484189723<x222>[B] (+1) +0.484189723<x223>[B] (+1) -0.484189723<x224>[B] (+1) -0.484189723<x225>[B] (+1) +0.484189723<x226>[B] (+1) -0.484189723<x227>[B] (+1) -0.484189723<x228>[B] (+1) +0.484189723<x229>[B] (+1) +0.484189723<x230>[B] (+1) +0.484189723<x231>[B] (+1) -0.484189723<x232>[B] (+1) -0.484189723<x233>[B] (+1) -0.484189723<x234>[B] (+0) -0.484189723<x235>[B] (+1) +0.484189723<x236>[B] (+1) +0.484189723<x237>[B] (+1) -0.484189723<x238>[B] (+1) +0.484189723<x239>[B] (+0) +0.484189723<x240>[B] (+1) +0.484189723<x241>[B] (+1) +0.484189723<x242>[B] (+1) +0.484189723<x243>[B] (+1) +0.484189723<x244>[B] (+1) +0.484189723<x245>[B] (+1) +0.484189723<x246>[B] (+1) -0.484189723<x247>[B] (+1) +0.484189723<x248>[B] (+0) +0.484189723<x249>[B] (+0) -0.484189723<x250>[B] (+1) -0.484189723<x251>[B] (+1) -0.484189723<x252>[B] (+1) -0.484189723<x253>[B] (+1) >= 57.0138339920949;
;
violation: left hand side is violated by 0.0355731225297404
  [linear] <c3892>: <x265>[C] (+38.1600791) -0.551383399<x1>[B] (+0) -0.551383399<x2>[B] (+0) -0.551383399<x3>[B] (+0) -0.551383399<x4>[B] (+0) -0.551383399<x5>[B] (+0) -0.551383399<x6>[B] (+0) -0.551383399<x7>[B] (+0) -0.551383399<x8>[B] (+0) -0.551383399<x9>[B] (+0) -0.551383399<x10>[B] (+0) -0.551383399<x11>[B] (+0) -0.551383399<x12>[B] (+0) -0.551383399<x13>[B] (+1) -0.551383399<x14>[B] (+0) -0.551383399<x15>[B] (+0) -0.551383399<x16>[B] (+0) -0.551383399<x17>[B] (+0) -0.551383399<x18>[B] (+0) -0.551383399<x19>[B] (+0) -0.551383399<x20>[B] (+0) -0.551383399<x21>[B] (+0) -0.551383399<x22>[B] (+1) +0.551383399<x23>[B] (+1) -0.551383399<x24>[B] (+0) -0.551383399<x25>[B] (+1) +0.551383399<x26>[B] (+0) -0.551383399<x27>[B] (+1) -0.551383399<x28>[B] (+1) -0.551383399<x29>[B] (+0) -0.551383399<x30>[B] (+1) -0.551383399<x31>[B] (+0) -0.551383399<x32>[B] (+0) -0.551383399<x33>[B] (+0) -0.551383399<x34>[B] (+1) -0.551383399<x35>[B] (+0) -0.551383399<x36>[B] (+0) -0.551383399<x37>[B] (+1) -0.551383399<x38>[B] (+0) -0.551383399<x39>[B] (+0) +0.551383399<x40>[B] (+1) -0.551383399<x41>[B] (+1) -0.551383399<x42>[B] (+1) -0.551383399<x43>[B] (+1) -0.551383399<x44>[B] (+0) -0.551383399<x45>[B] (+1) +0.551383399<x46>[B] (+0) -0.551383399<x47>[B] (+1) -0.551383399<x48>[B] (+1) -0.551383399<x49>[B] (+0) -0.551383399<x50>[B] (+1) -0.551383399<x51>[B] (+0) -0.551383399<x52>[B] (+0) -0.551383399<x53>[B] (+0) -0.551383399<x54>[B] (+1) -0.551383399<x55>[B] (+0) -0.551383399<x56>[B] (+0) -0.551383399<x57>[B] (+0) -0.551383399<x58>[B] (+0) -0.551383399<x59>[B] (+0) +0.551383399<x60>[B] (+1) -0.551383399<x61>[B] (+1) -0.551383399<x62>[B] (+0) -0.551383399<x63>[B] (+1) -0.551383399<x64>[B] (+1) +0.551383399<x65>[B] (+0) -0.551383399<x66>[B] (+1) -0.551383399<x67>[B] (+1) -0.551383399<x68>[B] (+1) -0.551383399<x69>[B] (+1) +0.551383399<x70>[B] (+0) +0.551383399<x71>[B] (+0) -0.551383399<x72>[B] (+0) -0.551383399<x73>[B] (+1) -0.551383399<x74>[B] (+1) -0.551383399<x75>[B] (+0) -0.551383399<x76>[B] (+1) -0.551383399<x77>[B] (+0) -0.551383399<x78>[B] (+0) +0.551383399<x79>[B] (+1) -0.551383399<x80>[B] (+1) -0.551383399<x81>[B] (+1) -0.551383399<x82>[B] (+1) +0.551383399<x83>[B] (+0) -0.551383399<x84>[B] (+1) -0.551383399<x85>[B] (+1) +0.551383399<x86>[B] (+0) -0.551383399<x87>[B] (+0) +0.551383399<x88>[B] (+0) +0.551383399<x89>[B] (+0) -0.551383399<x90>[B] (+0) +0.551383399<x91>[B] (+1) +0.551383399<x92>[B] (+0) -0.551383399<x93>[B] (+0) -0.551383399<x94>[B] (+0) +0.551383399<x95>[B] (+0) +0.551383399<x96>[B] (+0) +0.551383399<x97>[B] (+1) -0.551383399<x98>[B] (+0) -0.551383399<x99>[B] (+0) -0.551383399<x100>[B] (+1) -0.551383399<x101>[B] (+1) -0.551383399<x102>[B] (+1) -0.551383399<x103>[B] (+1) -0.551383399<x104>[B] (+1) -0.551383399<x105>[B] (+0) -0.551383399<x106>[B] (+0) -0.551383399<x107>[B] (+1) -0.551383399<x108>[B] (+1) -0.551383399<x109>[B] (+1) -0.551383399<x110>[B] (+0) -0.551383399<x111>[B] (+1) -0.551383399<x112>[B] (+0) -0.551383399<x113>[B] (+0) -0.551383399<x114>[B] (+1) -0.551383399<x115>[B] (+1) -0.551383399<x116>[B] (+1) -0.551383399<x117>[B] (+1) -0.551383399<x118>[B] (+1) +0.551383399<x119>[B] (+0) -0.551383399<x120>[B] (+0) +0.551383399<x121>[B] (+0) +0.551383399<x122>[B] (+0) +0.551383399<x123>[B] (+0) +0.551383399<x124>[B] (+1) +0.551383399<x125>[B] (+0) -0.551383399<x126>[B] (+0) +0.551383399<x127>[B] (+0) +0.551383399<x128>[B] (+0) +0.551383399<x129>[B] (+0) +0.551383399<x130>[B] (+1) +0.551383399<x131>[B] (+0) -0.551383399<x132>[B] (+0) +0.551383399<x133>[B] (+1) +0.551383399<x134>[B] (+0) +0.551383399<x135>[B] (+0) +0.551383399<x136>[B] (+0) +0.551383399<x137>[B] (+0) +0.551383399<x138>[B] (+0) +0.551383399<x139>[B] (+1) +0.551383399<x140>[B] (+0) -0.551383399<x141>[B] (+0) +0.551383399<x142>[B] (+0) +0.551383399<x143>[B] (+0) +0.551383399<x144>[B] (+0) +0.551383399<x145>[B] (+1) +0.551383399<x146>[B] (+0) -0.551383399<x147>[B] (+0) +0.551383399<x148>[B] (+1) -0.551383399<x149>[B] (+1) +0.551383399<x150>[B] (+0) +0.551383399<x151>[B] (+0) -0.551383399<x152>[B] (+0) +0.551383399<x153>[B] (+1) +0.551383399<x154>[B] (+1) -0.551383399<x155>[B] (+0) -0.551383399<x156>[B] (+1) +0.551383399<x157>[B] (+0) +0.551383399<x158>[B] (+0) +0.551383399<x159>[B] (+1) -0.551383399<x160>[B] (+1) -0.551383399<x161>[B] (+1) -0.551383399<x162>[B] (+1) +0.551383399<x163>[B] (+0) +0.551383399<x164>[B] (+0) +0.551383399<x165>[B] (+0) +0.551383399<x166>[B] (+1) +0.551383399<x167>[B] (+0) -0.551383399<x168>[B] (+0) +0.551383399<x169>[B] (+0) +0.551383399<x170>[B] (+0) +0.551383399<x171>[B] (+0) +0.551383399<x172>[B] (+1) +0.551383399<x173>[B] (+0) -0.551383399<x174>[B] (+0) +0.551383399<x175>[B] (+1) -0.551383399<x176>[B] (+1) -0.551383399<x177>[B] (+1) -0.551383399<x178>[B] (+1) -0.551383399<x179>[B] (+1) -0.551383399<x180>[B] (+1) -0.551383399<x181>[B] (+1) -0.551383399<x182>[B] (+1) -0.551383399<x183>[B] (+1) +0.551383399<x184>[B] (+1) -0.551383399<x185>[B] (+1) -0.551383399<x186>[B] (+1) -0.551383399<x187>[B] (+1) -0.551383399<x188>[B] (+1) -0.551383399<x189>[B] (+1) -0.551383399<x190>[B] (+1) -0.551383399<x191>[B] (+0) -0.551383399<x192>[B] (+1) -0.551383399<x193>[B] (+1) -0.551383399<x194>[B] (+0) +0.551383399<x195>[B] (+1) -0.551383399<x196>[B] (+1) -0.551383399<x197>[B] (+1) -0.551383399<x198>[B] (+1) +0.551383399<x199>[B] (+1) +0.551383399<x200>[B] (+1) -0.551383399<x201>[B] (+0) -0.551383399<x202>[B] (+1) +0.551383399<x203>[B] (+0) +0.551383399<x204>[B] (+0) +0.551383399<x205>[B] (+1) -0.551383399<x206>[B] (+1) -0.551383399<x207>[B] (+1) -0.551383399<x208>[B] (+1) +0.551383399<x209>[B] (+0) -0.551383399<x210>[B] (+0) -0.551383399<x211>[B] (+0) +0.551383399<x212>[B] (+0) -0.551383399<x213>[B] (+0) +0.551383399<x214>[B] (+0) -0.551383399<x215>[B] (+0) -0.551383399<x216>[B] (+0) -0.551383399<x217>[B] (+0) -0.551383399<x218>[B] (+0) -0.551383399<x219>[B] (+1) +0.551383399<x220>[B] (+0) -0.551383399<x221>[B] (+0) +0.551383399<x222>[B] (+1) -0.551383399<x223>[B] (+1) -0.551383399<x224>[B] (+1) -0.551383399<x225>[B] (+1) +0.551383399<x226>[B] (+1) +0.551383399<x227>[B] (+1) +0.551383399<x228>[B] (+1) +0.551383399<x229>[B] (+1) +0.551383399<x230>[B] (+1) -0.551383399<x231>[B] (+1) +0.551383399<x232>[B] (+1) +0.551383399<x233>[B] (+0) +0.551383399<x234>[B] (+0) +0.551383399<x235>[B] (+1) -0.551383399<x236>[B] (+1) -0.551383399<x237>[B] (+1) -0.551383399<x238>[B] (+1) -0.551383399<x239>[B] (+0) +0.551383399<x240>[B] (+1) -0.551383399<x241>[B] (+1) -0.551383399<x242>[B] (+1) -0.551383399<x243>[B] (+1) +0.551383399<x244>[B] (+1) -0.551383399<x245>[B] (+1) -0.551383399<x246>[B] (+1) -0.551383399<x247>[B] (+1) -0.551383399<x248>[B] (+0) -0.551383399<x249>[B] (+0) -0.551383399<x250>[B] (+1) -0.551383399<x251>[B] (+0) +0.551383399<x252>[B] (+1) +0.551383399<x253>[B] (+1) >= 8.9604743083004;
;
violation: left hand side is violated by 0.0237154150197032
all 10 solutions given by solution candidate storage are infeasible

feasible solution found by trivial heuristic after 0.0 seconds, objective value -9.000130e+06
presolving:
   (0.0s) symmetry computation started: requiring (bin +, int +, cont +), (fixed: bin -, int -, cont -)
   (0.1s) no symmetry present (symcode time: 0.00)
presolving (0 rounds: 0 fast, 0 medium, 0 exhaustive):
 0 deleted vars, 0 deleted constraints, 0 added constraints, 0 tightened bounds, 0 added holes, 0 changed sides, 0 changed coefficients
 0 implications, 0 cliques, 0 implied integral variables (0 bin, 0 int, 0 cont)
presolved problem has 343 variables (253 bin, 0 int, 90 cont) and 3944 constraints
   3944 constraints of type <linear>
Presolving Time: 0.06
transformed 1/1 original solutions to the transformed problem space

 time | node  | left  |LP iter|LP it/n|mem/heur|mdpt |vars |cons |rows |cuts |sepa|confs|strbr|  dualbound   | primalbound  |  gap   | compl. 
p 0.1s|     1 |     0 |    64 |     - |   locks|   0 | 343 |3944 |3944 |   0 |  0 |   0 |   0 | 9.240000e+02 |-3.161911e+03 |    Inf | unknown
  0.3s|     1 |     0 |  1594 |     - |   178M |   0 | 343 |3944 |3944 |   0 |  0 |   0 |   0 |-2.543733e+03 |-3.161911e+03 |  24.30%| unknown
r 0.4s|     1 |     0 |  1594 |     - |shifting|   0 | 343 |3944 |3944 |   0 |  0 |   0 |   0 |-2.543733e+03 |-2.835510e+03 |  11.47%| unknown
  0.7s|     1 |     0 |  1611 |     - |   178M |   0 | 343 |3944 |3946 |   2 |  1 |   0 |   0 |-2.543766e+03 |-2.835510e+03 |  11.47%| unknown
  0.8s|     1 |     0 |  1611 |     - |   178M |   0 | 343 |3944 |3946 |   2 |  1 |   0 |   0 |-2.543766e+03 |-2.835510e+03 |  11.47%| unknown
  1.1s|     1 |     0 |  1722 |     - |   179M |   0 | 343 |3944 |3950 |   6 |  2 |   0 |   0 |-2.543892e+03 |-2.835510e+03 |  11.46%| unknown
r 1.1s|     1 |     0 |  1722 |     - |shifting|   0 | 343 |3944 |3950 |   6 |  2 |   0 |   0 |-2.543892e+03 |-2.804819e+03 |  10.26%| unknown
  1.5s|     1 |     0 |  1800 |     - |   179M |   0 | 343 |3944 |3953 |   9 |  3 |   0 |   0 |-2.543969e+03 |-2.804819e+03 |  10.25%| unknown
  1.8s|     1 |     0 |  1836 |     - |   180M |   0 | 343 |3944 |3956 |  12 |  4 |   0 |   0 |-2.543991e+03 |-2.804819e+03 |  10.25%| unknown
  2.2s|     1 |     0 |  1912 |     - |   180M |   0 | 343 |3944 |3959 |  15 |  5 |   0 |   0 |-2.544061e+03 |-2.804819e+03 |  10.25%| unknown
  2.6s|     1 |     0 |  1972 |     - |   181M |   0 | 343 |3944 |3961 |  17 |  6 |   0 |   0 |-2.544086e+03 |-2.804819e+03 |  10.25%| unknown
  3.0s|     1 |     0 |  1983 |     - |   181M |   0 | 343 |3944 |3964 |  20 |  7 |   0 |   0 |-2.544087e+03 |-2.804819e+03 |  10.25%| unknown
r 3.0s|     1 |     0 |  1983 |     - |shifting|   0 | 343 |3944 |3964 |  20 |  7 |   0 |   0 |-2.544087e+03 |-2.788719e+03 |   9.62%| unknown
  3.5s|     1 |     0 |  2046 |     - |   181M |   0 | 343 |3944 |3966 |  22 |  8 |   0 |   0 |-2.544117e+03 |-2.788719e+03 |   9.61%| unknown
  4.1s|     1 |     0 |  2101 |     - |   182M |   0 | 343 |3944 |3970 |  26 |  9 |   0 |   0 |-2.544130e+03 |-2.788719e+03 |   9.61%| unknown
 time | node  | left  |LP iter|LP it/n|mem/heur|mdpt |vars |cons |rows |cuts |sepa|confs|strbr|  dualbound   | primalbound  |  gap   | compl. 
  4.5s|     1 |     0 |  2121 |     - |   182M |   0 | 343 |3944 |3972 |  28 | 10 |   0 |   0 |-2.544135e+03 |-2.788719e+03 |   9.61%| unknown
  4.6s|     1 |     0 |  2169 |     - |   183M |   0 | 343 |3944 |3974 |  30 | 11 |   0 |   0 |-2.544149e+03 |-2.788719e+03 |   9.61%| unknown
r 4.6s|     1 |     0 |  2380 |     - |intshift|   0 | 343 |3944 |3974 |  30 | 11 |   0 |   0 |-2.544149e+03 |-2.619431e+03 |   2.96%| unknown
d 4.9s|     1 |     0 |  3719 |     - |farkasdi|   0 | 343 |3944 |3974 |   0 | 11 |   0 |   0 |-2.544149e+03 |-2.554435e+03 |   0.40%| unknown
L 5.5s|     1 |     0 |  3719 |     - |    rens|   0 | 343 |3944 |3974 |  30 | 11 |   0 |   0 |-2.544149e+03 |-2.550407e+03 |   0.25%| unknown
  5.5s|     1 |     0 |  3719 |     - |   183M |   0 | 343 |3944 |3974 |  30 | 11 |   0 |   0 |-2.544149e+03 |-2.550407e+03 |   0.25%| unknown
  5.5s|     1 |     0 |  3719 |     - |   183M |   0 | 343 |3944 |3413 |  30 | 11 |   0 |   0 |-2.544149e+03 |-2.550407e+03 |   0.25%| unknown
  5.6s|     1 |     0 |  3765 |     - |   183M |   0 | 343 |3944 |3415 |  32 | 12 |   0 |   0 |-2.544159e+03 |-2.550407e+03 |   0.25%| unknown
  5.6s|     1 |     0 |  3788 |     - |   183M |   0 | 343 |3944 |3416 |  33 | 13 |   0 |   0 |-2.544160e+03 |-2.550407e+03 |   0.25%| unknown
  5.7s|     1 |     0 |  3788 |     - |   183M |   0 | 343 |3362 |3416 |  33 | 13 |   1 |   0 |-2.544160e+03 |-2.550407e+03 |   0.25%| unknown
  5.7s|     1 |     0 |  3816 |     - |   183M |   0 | 343 |3362 |3418 |  35 | 14 |   1 |   0 |-2.544162e+03 |-2.550407e+03 |   0.25%| unknown
  5.7s|     1 |     0 |  3818 |     - |   183M |   0 | 343 |3362 |3419 |  36 | 15 |   1 |   0 |-2.544162e+03 |-2.550407e+03 |   0.25%| unknown
(run 1, node 1) restarting after 28 global fixings of integer variables

(restart) converted 36 cuts from the global cut pool into linear constraints

presolving:
presolving (0 rounds: 0 fast, 0 medium, 0 exhaustive):
 0 deleted vars, 0 deleted constraints, 0 added constraints, 0 tightened bounds, 0 added holes, 0 changed sides, 0 changed coefficients
 0 implications, 0 cliques, 0 implied integral variables (0 bin, 0 int, 0 cont)
presolved problem has 343 variables (253 bin, 0 int, 90 cont) and 3398 constraints
   3397 constraints of type <linear>
      1 constraints of type <logicor>
Presolving Time: 0.06
transformed 20/23 original solutions to the transformed problem space

 time | node  | left  |LP iter|LP it/n|mem/heur|mdpt |vars |cons |rows |cuts |sepa|confs|strbr|  dualbound   | primalbound  |  gap   | compl. 
  6.0s|     1 |     0 |  5448 |     - |   186M |   0 | 343 |3398 |3397 |   0 |  0 |   1 |   0 |-2.544162e+03 |-2.550407e+03 |   0.25%| unknown
  6.5s|     1 |     0 |  5523 |     - |   187M |   0 | 343 |3398 |3398 |   1 |  1 |   1 |   0 |-2.544188e+03 |-2.550407e+03 |   0.24%| unknown
  7.0s|     1 |     0 |  5621 |     - |   187M |   0 | 343 |3398 |3399 |   2 |  2 |   1 |   0 |-2.544223e+03 |-2.550407e+03 |   0.24%| unknown
  7.5s|     1 |     0 |  5714 |     - |   188M |   0 | 343 |3398 |3400 |   3 |  3 |   1 |   0 |-2.544248e+03 |-2.550407e+03 |   0.24%| unknown
  8.0s|     1 |     0 |  5728 |     - |   188M |   0 | 343 |3398 |3401 |   4 |  4 |   1 |   0 |-2.544249e+03 |-2.550407e+03 |   0.24%| unknown
  8.5s|     1 |     0 |  5797 |     - |   188M |   0 | 343 |3399 |3402 |   5 |  5 |   2 |   0 |-2.544257e+03 |-2.550407e+03 |   0.24%| unknown
  9.0s|     1 |     0 |  5816 |     - |   189M |   0 | 343 |3399 |3403 |   6 |  6 |   2 |   0 |-2.544259e+03 |-2.550407e+03 |   0.24%| unknown
  9.5s|     1 |     0 |  5885 |     - |   189M |   0 | 343 |3399 |3405 |   8 |  7 |   2 |   0 |-2.544261e+03 |-2.550407e+03 |   0.24%| unknown
 10.0s|     1 |     0 |  5920 |     - |   189M |   0 | 343 |3399 |3406 |   9 |  8 |   2 |   0 |-2.544263e+03 |-2.550407e+03 |   0.24%| unknown
 10.5s|     1 |     0 |  6000 |     - |   190M |   0 | 343 |3399 |3407 |  10 |  9 |   2 |   0 |-2.544268e+03 |-2.550407e+03 |   0.24%| unknown
 11.1s|     1 |     0 |  6062 |     - |   190M |   0 | 343 |3399 |3408 |  11 | 10 |   2 |   0 |-2.544272e+03 |-2.550407e+03 |   0.24%| unknown
 11.1s|     1 |     0 |  6117 |     - |   190M |   0 | 343 |3400 |3409 |  12 | 11 |   3 |   0 |-2.544274e+03 |-2.550407e+03 |   0.24%| unknown
 14.8s|     1 |     2 |  7318 |     - |   190M |   0 | 343 |3405 |3409 |  12 | 11 |   8 |  32 |-2.546411e+03 |-2.550407e+03 |   0.16%| unknown

SCIP Status        : problem is solved [optimal solution found]
Solving Time (sec) : 16.24
Solving Nodes      : 3 (total of 4 nodes in 2 runs)
Primal Bound       : -2.55040711462451e+03 (36 solutions)
Dual Bound         : -2.55040711462451e+03
Gap                : 0.00 %
  [linear] <c3945>: <x256>[C] (+32.3399209) +0.503952569<x1>[B] (+0) -0.503952569<x2>[B] (+0) -0.503952569<x3>[B] (+0) +0.503952569<x4>[B] (+1) -0.503952569<x5>[B] (+0) -0.503952569<x6>[B] (+0) +0.503952569<x7>[B] (+0) -0.503952569<x8>[B] (+0) +0.503952569<x9>[B] (+0) +0.503952569<x10>[B] (+0) -0.503952569<x11>[B] (+0) -0.503952569<x12>[B] (+0) -0.503952569<x13>[B] (+0) +0.503952569<x14>[B] (+0) +0.503952569<x15>[B] (+0) -0.503952569<x16>[B] (+0) -0.503952569<x17>[B] (+0) +0.503952569<x18>[B] (+0) -0.503952569<x19>[B] (+0) +0.503952569<x20>[B] (+0) +0.503952569<x21>[B] (+0) -0.503952569<x22>[B] (+0) -0.503952569<x23>[B] (+0) -0.503952569<x24>[B] (+0) -0.503952569<x25>[B] (+1) -0.503952569<x26>[B] (+0) -0.503952569<x27>[B] (+1) -0.503952569<x28>[B] (+1) -0.503952569<x29>[B] (+0) -0.503952569<x30>[B] (+1) -0.503952569<x31>[B] (+0) -0.503952569<x32>[B] (+0) -0.503952569<x33>[B] (+0) -0.503952569<x34>[B] (+0) -0.503952569<x35>[B] (+1) -0.503952569<x36>[B] (+0) -0.503952569<x37>[B] (+0) -0.503952569<x38>[B] (+0) -0.503952569<x39>[B] (+0) -0.503952569<x40>[B] (+1) -0.503952569<x41>[B] (+1) -0.503952569<x42>[B] (+1) -0.503952569<x43>[B] (+1) +0.503952569<x44>[B] (+0) +0.503952569<x45>[B] (+1) +0.503952569<x46>[B] (+0) +0.503952569<x47>[B] (+1) +0.503952569<x48>[B] (+1) +0.503952569<x49>[B] (+0) +0.503952569<x50>[B] (+1) +0.503952569<x51>[B] (+0) +0.503952569<x52>[B] (+0) +0.503952569<x53>[B] (+0) +0.503952569<x54>[B] (+0) +0.503952569<x55>[B] (+1) +0.503952569<x56>[B] (+0) -0.503952569<x57>[B] (+0) +0.503952569<x58>[B] (+0) +0.503952569<x59>[B] (+0) -0.503952569<x60>[B] (+1) +0.503952569<x61>[B] (+1) +0.503952569<x62>[B] (+1) +0.503952569<x63>[B] (+1) +0.503952569<x64>[B] (+1) -0.503952569<x65>[B] (+1) -0.503952569<x66>[B] (+1) +0.503952569<x67>[B] (+1) -0.503952569<x68>[B] (+0) +0.503952569<x69>[B] (+1) +0.503952569<x70>[B] (+0) -0.503952569<x71>[B] (+0) -0.503952569<x72>[B] (+1) -0.503952569<x73>[B] (+1) +0.503952569<x74>[B] (+1) +0.503952569<x75>[B] (+0) -0.503952569<x76>[B] (+1) +0.503952569<x77>[B] (+1) +0.503952569<x78>[B] (+0) -0.503952569<x79>[B] (+1) +0.503952569<x80>[B] (+1) +0.503952569<x81>[B] (+1) +0.503952569<x82>[B] (+1) -0.503952569<x83>[B] (+0) -0.503952569<x84>[B] (+0) +0.503952569<x85>[B] (+0) -0.503952569<x86>[B] (+0) +0.503952569<x87>[B] (+0) +0.503952569<x88>[B] (+0) -0.503952569<x89>[B] (+0) -0.503952569<x90>[B] (+0) -0.503952569<x91>[B] (+0) +0.503952569<x92>[B] (+0) +0.503952569<x93>[B] (+0) -0.503952569<x94>[B] (+0) -0.503952569<x95>[B] (+0) +0.503952569<x96>[B] (+0) -0.503952569<x97>[B] (+0) +0.503952569<x98>[B] (+0) -0.503952569<x99>[B] (+0) -0.503952569<x100>[B] (+0) +0.503952569<x101>[B] (+1) +0.503952569<x102>[B] (+1) -0.503952569<x103>[B] (+0) +0.503952569<x104>[B] (+1) +0.503952569<x105>[B] (+0) +0.503952569<x106>[B] (+0) -0.503952569<x107>[B] (+1) +0.503952569<x108>[B] (+0) +0.503952569<x109>[B] (+1) +0.503952569<x110>[B] (+0) -0.503952569<x111>[B] (+0) +0.503952569<x112>[B] (+0) +0.503952569<x113>[B] (+0) -0.503952569<x114>[B] (+1) +0.503952569<x115>[B] (+1) +0.503952569<x116>[B] (+1) +0.503952569<x117>[B] (+1) +0.503952569<x118>[B] (+1) -0.503952569<x119>[B] (+0) +0.503952569<x120>[B] (+0) +0.503952569<x121>[B] (+0) +0.503952569<x122>[B] (+0) -0.503952569<x123>[B] (+0) +0.503952569<x124>[B] (+0) +0.503952569<x125>[B] (+0) +0.503952569<x126>[B] (+0) -0.503952569<x127>[B] (+0) +0.503952569<x128>[B] (+0) +0.503952569<x129>[B] (+0) -0.503952569<x130>[B] (+1) +0.503952569<x131>[B] (+0) +0.503952569<x132>[B] (+0) +0.503952569<x133>[B] (+1) -0.503952569<x134>[B] (+0) +0.503952569<x135>[B] (+0) -0.503952569<x136>[B] (+0) -0.503952569<x137>[B] (+0) -0.503952569<x138>[B] (+0) -0.503952569<x139>[B] (+0) -0.503952569<x140>[B] (+0) +0.503952569<x141>[B] (+0) -0.503952569<x142>[B] (+0) -0.503952569<x143>[B] (+0) +0.503952569<x144>[B] (+0) -0.503952569<x145>[B] (+0) -0.503952569<x146>[B] (+0) -0.503952569<x147>[B] (+0) -0.503952569<x148>[B] (+1) +0.503952569<x149>[B] (+1) +0.503952569<x150>[B] (+0) +0.503952569<x151>[B] (+1) -0.503952569<x152>[B] (+1) +0.503952569<x153>[B] (+1) +0.503952569<x154>[B] (+1) +0.503952569<x155>[B] (+0) -0.503952569<x156>[B] (+1) +0.503952569<x157>[B] (+1) +0.503952569<x158>[B] (+0) -0.503952569<x159>[B] (+1) +0.503952569<x160>[B] (+1) +0.503952569<x161>[B] (+1) +0.503952569<x162>[B] (+1) -0.503952569<x163>[B] (+0) -0.503952569<x164>[B] (+0) -0.503952569<x165>[B] (+0) -0.503952569<x166>[B] (+0) -0.503952569<x167>[B] (+1) -0.503952569<x168>[B] (+0) -0.503952569<x169>[B] (+0) -0.503952569<x170>[B] (+0) -0.503952569<x171>[B] (+0) -0.503952569<x172>[B] (+1) -0.503952569<x173>[B] (+1) -0.503952569<x174>[B] (+1) -0.503952569<x175>[B] (+1) -0.503952569<x176>[B] (+1) -0.503952569<x177>[B] (+1) -0.503952569<x178>[B] (+1) -0.503952569<x179>[B] (+1) +0.503952569<x180>[B] (+0) -0.503952569<x181>[B] (+1) -0.503952569<x182>[B] (+1) +0.503952569<x183>[B] (+1) -0.503952569<x184>[B] (+1) -0.503952569<x185>[B] (+1) -0.503952569<x186>[B] (+1) -0.503952569<x187>[B] (+1) -0.503952569<x188>[B] (+1) +0.503952569<x189>[B] (+1) +0.503952569<x190>[B] (+1) +0.503952569<x191>[B] (+0) -0.503952569<x192>[B] (+1) +0.503952569<x193>[B] (+1) +0.503952569<x194>[B] (+0) -0.503952569<x195>[B] (+1) +0.503952569<x196>[B] (+1) +0.503952569<x197>[B] (+1) +0.503952569<x198>[B] (+1) +0.503952569<x199>[B] (+0) +0.503952569<x200>[B] (+1) +0.503952569<x201>[B] (+0) -0.503952569<x202>[B] (+0) +0.503952569<x203>[B] (+0) +0.503952569<x204>[B] (+0) -0.503952569<x205>[B] (+1) +0.503952569<x206>[B] (+1) +0.503952569<x207>[B] (+1) +0.503952569<x208>[B] (+1) +0.503952569<x209>[B] (+1) +0.503952569<x210>[B] (+0) -0.503952569<x211>[B] (+0) +0.503952569<x212>[B] (+0) +0.503952569<x213>[B] (+0) -0.503952569<x214>[B] (+1) +0.503952569<x215>[B] (+1) +0.503952569<x216>[B] (+1) +0.503952569<x217>[B] (+1) +0.503952569<x218>[B] (+0) -0.503952569<x219>[B] (+0) -0.503952569<x220>[B] (+0) +0.503952569<x221>[B] (+0) -0.503952569<x222>[B] (+1) +0.503952569<x223>[B] (+1) -0.503952569<x224>[B] (+1) -0.503952569<x225>[B] (+1) -0.503952569<x226>[B] (+1) -0.503952569<x227>[B] (+1) +0.503952569<x228>[B] (+1) -0.503952569<x229>[B] (+1) -0.503952569<x230>[B] (+1) -0.503952569<x231>[B] (+1) -0.503952569<x232>[B] (+1) +0.503952569<x233>[B] (+1) +0.503952569<x234>[B] (+0) -0.503952569<x235>[B] (+1) +0.503952569<x236>[B] (+1) +0.503952569<x237>[B] (+1) +0.503952569<x238>[B] (+1) +0.503952569<x239>[B] (+0) -0.503952569<x240>[B] (+1) +0.503952569<x241>[B] (+1) +0.503952569<x242>[B] (+1) -0.503952569<x243>[B] (+1) -0.503952569<x244>[B] (+1) -0.503952569<x245>[B] (+1) -0.503952569<x246>[B] (+1) -0.503952569<x247>[B] (+1) +0.503952569<x248>[B] (+0) +0.503952569<x249>[B] (+0) +0.503952569<x250>[B] (+1) -0.503952569<x251>[B] (+0) -0.503952569<x252>[B] (+1) -0.503952569<x253>[B] (+1) >= 30.8675889328063;
;
violation: left hand side is violated by 0.0395256916996303
  [linear] <c3949>: <x262>[C] (+38.7114625) -0.559288538<x1>[B] (+0) -0.559288538<x2>[B] (+0) -0.559288538<x3>[B] (+0) +0.559288538<x4>[B] (+1) +0.559288538<x5>[B] (+0) -0.559288538<x6>[B] (+0) -0.559288538<x7>[B] (+0) +0.559288538<x8>[B] (+0) -0.559288538<x9>[B] (+0) -0.559288538<x10>[B] (+0) +0.559288538<x11>[B] (+0) +0.559288538<x12>[B] (+0) +0.559288538<x13>[B] (+1) -0.559288538<x14>[B] (+0) -0.559288538<x15>[B] (+0) +0.559288538<x16>[B] (+0) +0.559288538<x17>[B] (+0) -0.559288538<x18>[B] (+0) -0.559288538<x19>[B] (+1) -0.559288538<x20>[B] (+0) +0.559288538<x21>[B] (+0) -0.559288538<x22>[B] (+1) -0.559288538<x23>[B] (+1) -0.559288538<x24>[B] (+0) +0.559288538<x25>[B] (+1) +0.559288538<x26>[B] (+0) -0.559288538<x27>[B] (+1) -0.559288538<x28>[B] (+1) +0.559288538<x29>[B] (+0) -0.559288538<x30>[B] (+1) -0.559288538<x31>[B] (+0) +0.559288538<x32>[B] (+0) +0.559288538<x33>[B] (+0) +0.559288538<x34>[B] (+1) +0.559288538<x35>[B] (+1) +0.559288538<x36>[B] (+0) +0.559288538<x37>[B] (+0) +0.559288538<x38>[B] (+0) -0.559288538<x39>[B] (+0) -0.559288538<x40>[B] (+1) +0.559288538<x41>[B] (+1) +0.559288538<x42>[B] (+1) -0.559288538<x43>[B] (+1) -0.559288538<x44>[B] (+0) +0.559288538<x45>[B] (+1) +0.559288538<x46>[B] (+0) +0.559288538<x47>[B] (+0) -0.559288538<x48>[B] (+1) +0.559288538<x49>[B] (+0) +0.559288538<x50>[B] (+0) +0.559288538<x51>[B] (+0) +0.559288538<x52>[B] (+0) +0.559288538<x53>[B] (+0) +0.559288538<x54>[B] (+1) +0.559288538<x55>[B] (+0) +0.559288538<x56>[B] (+0) +0.559288538<x57>[B] (+0) +0.559288538<x58>[B] (+0) +0.559288538<x59>[B] (+0) +0.559288538<x60>[B] (+1) +0.559288538<x61>[B] (+1) +0.559288538<x62>[B] (+0) +0.559288538<x63>[B] (+1) +0.559288538<x64>[B] (+1) +0.559288538<x65>[B] (+1) +0.559288538<x66>[B] (+1) -0.559288538<x67>[B] (+1) +0.559288538<x68>[B] (+0) +0.559288538<x69>[B] (+1) +0.559288538<x70>[B] (+0) +0.559288538<x71>[B] (+0) +0.559288538<x72>[B] (+1) +0.559288538<x73>[B] (+1) +0.559288538<x74>[B] (+1) +0.559288538<x75>[B] (+0) +0.559288538<x76>[B] (+1) +0.559288538<x77>[B] (+1) +0.559288538<x78>[B] (+0) +0.559288538<x79>[B] (+1) +0.559288538<x80>[B] (+1) +0.559288538<x81>[B] (+1) +0.559288538<x82>[B] (+1) +0.559288538<x83>[B] (+0) -0.559288538<x84>[B] (+0) -0.559288538<x85>[B] (+0) +0.559288538<x86>[B] (+0) -0.559288538<x87>[B] (+0) -0.559288538<x88>[B] (+0) +0.559288538<x89>[B] (+0) +0.559288538<x90>[B] (+0) +0.559288538<x91>[B] (+1) -0.559288538<x92>[B] (+0) -0.559288538<x93>[B] (+0) +0.559288538<x94>[B] (+0) +0.559288538<x95>[B] (+0) -0.559288538<x96>[B] (+0) -0.559288538<x97>[B] (+1) -0.559288538<x98>[B] (+0) +0.559288538<x99>[B] (+0) -0.559288538<x100>[B] (+1) -0.559288538<x101>[B] (+1) -0.559288538<x102>[B] (+1) +0.559288538<x103>[B] (+0) -0.559288538<x104>[B] (+1) -0.559288538<x105>[B] (+0) +0.559288538<x106>[B] (+0) +0.559288538<x107>[B] (+1) -0.559288538<x108>[B] (+1) -0.559288538<x109>[B] (+1) -0.559288538<x110>[B] (+0) +0.559288538<x111>[B] (+0) -0.559288538<x112>[B] (+0) -0.559288538<x113>[B] (+0) -0.559288538<x114>[B] (+1) -0.559288538<x115>[B] (+1) +0.559288538<x116>[B] (+1) -0.559288538<x117>[B] (+1) -0.559288538<x118>[B] (+1) +0.559288538<x119>[B] (+0) +0.559288538<x120>[B] (+0) +0.559288538<x121>[B] (+0) +0.559288538<x122>[B] (+0) +0.559288538<x123>[B] (+0) +0.559288538<x124>[B] (+1) +0.559288538<x125>[B] (+0) +0.559288538<x126>[B] (+0) +0.559288538<x127>[B] (+0) +0.559288538<x128>[B] (+0) +0.559288538<x129>[B] (+0) +0.559288538<x130>[B] (+1) +0.559288538<x131>[B] (+1) +0.559288538<x132>[B] (+1) +0.559288538<x133>[B] (+1) +0.559288538<x134>[B] (+0) +0.559288538<x135>[B] (+0) +0.559288538<x136>[B] (+0) +0.559288538<x137>[B] (+0) +0.559288538<x138>[B] (+0) +0.559288538<x139>[B] (+1) +0.559288538<x140>[B] (+0) +0.559288538<x141>[B] (+0) +0.559288538<x142>[B] (+0) +0.559288538<x143>[B] (+0) +0.559288538<x144>[B] (+0) +0.559288538<x145>[B] (+1) +0.559288538<x146>[B] (-1.24344979e-12) +0.559288538<x147>[B] (+0) +0.559288538<x148>[B] (+1) -0.559288538<x149>[B] (+1) -0.559288538<x150>[B] (+0) -0.559288538<x151>[B] (+1) +0.559288538<x152>[B] (+1) -0.559288538<x153>[B] (+1) -0.559288538<x154>[B] (+1) -0.559288538<x155>[B] (+0) -0.559288538<x156>[B] (+1) -0.559288538<x157>[B] (+1) -0.559288538<x158>[B] (+0) -0.559288538<x159>[B] (+1) -0.559288538<x160>[B] (+1) +0.559288538<x161>[B] (+1) -0.559288538<x162>[B] (+1) +0.559288538<x163>[B] (+0) +0.559288538<x164>[B] (+0) +0.559288538<x165>[B] (+0) +0.559288538<x166>[B] (+1) +0.559288538<x167>[B] (+1) +0.559288538<x168>[B] (+0) +0.559288538<x169>[B] (+0) +0.559288538<x170>[B] (+0) +0.559288538<x171>[B] (+0) +0.559288538<x172>[B] (+1) +0.559288538<x173>[B] (+1) +0.559288538<x174>[B] (+1) +0.559288538<x175>[B] (+1) +0.559288538<x176>[B] (+1) +0.559288538<x177>[B] (+1) +0.559288538<x178>[B] (+1) +0.559288538<x179>[B] (+1) +0.559288538<x180>[B] (+1) +0.559288538<x181>[B] (+1) +0.559288538<x182>[B] (+1) +0.559288538<x183>[B] (+1) +0.559288538<x184>[B] (+1) +0.559288538<x185>[B] (+1) +0.559288538<x186>[B] (+1) +0.559288538<x187>[B] (+1) +0.559288538<x188>[B] (+1) -0.559288538<x189>[B] (+1) -0.559288538<x190>[B] (+1) -0.559288538<x191>[B] (+0) -0.559288538<x192>[B] (+1) -0.559288538<x193>[B] (+1) -0.559288538<x194>[B] (+0) -0.559288538<x195>[B] (+1) -0.559288538<x196>[B] (+1) +0.559288538<x197>[B] (+1) -0.559288538<x198>[B] (+1) -0.559288538<x199>[B] (+1) -0.559288538<x200>[B] (+1) -0.559288538<x201>[B] (+0) -0.559288538<x202>[B] (+0) -0.559288538<x203>[B] (+0) -0.559288538<x204>[B] (+0) -0.559288538<x205>[B] (+1) -0.559288538<x206>[B] (+1) -0.559288538<x207>[B] (+1) -0.559288538<x208>[B] (+1) -0.559288538<x209>[B] (+0) -0.559288538<x210>[B] (+0) +0.559288538<x211>[B] (+0) -0.559288538<x212>[B] (+0) -0.559288538<x213>[B] (+0) -0.559288538<x214>[B] (+0) -0.559288538<x215>[B] (+0) +0.559288538<x216>[B] (+0) -0.559288538<x217>[B] (+1) +0.559288538<x218>[B] (+0) +0.559288538<x219>[B] (+0) +0.559288538<x220>[B] (+0) -0.559288538<x221>[B] (+0) -0.559288538<x222>[B] (+1) +0.559288538<x223>[B] (+1) +0.559288538<x224>[B] (+1) -0.559288538<x225>[B] (+1) +0.559288538<x226>[B] (+1) +0.559288538<x227>[B] (+1) -0.559288538<x228>[B] (+1) -0.559288538<x229>[B] (+1) +0.559288538<x230>[B] (+1) +0.559288538<x231>[B] (+1) -0.559288538<x232>[B] (+1) -0.559288538<x233>[B] (+1) -0.559288538<x234>[B] (+0) -0.559288538<x235>[B] (+1) -0.559288538<x236>[B] (+1) +0.559288538<x237>[B] (+1) -0.559288538<x238>[B] (+1) -0.559288538<x239>[B] (+0) -0.559288538<x240>[B] (+1) -0.559288538<x241>[B] (+1) +0.559288538<x242>[B] (+1) -0.559288538<x243>[B] (+1) -0.559288538<x244>[B] (+1) +0.559288538<x245>[B] (+1) +0.559288538<x246>[B] (+1) -0.559288538<x247>[B] (+1) +0.559288538<x248>[B] (+0) +0.559288538<x249>[B] (+0) -0.559288538<x250>[B] (+1) +0.559288538<x251>[B] (+0) -0.559288538<x252>[B] (+1) -0.559288538<x253>[B] (+1) >= 42.6462450592885;
;
violation: left hand side is violated by 0.0197628458498258
  [linear] <c3949>: <x262>[C] (+39.8379447) -0.559288538<x1>[B] (+0) -0.559288538<x2>[B] (+0) -0.559288538<x3>[B] (+0) +0.559288538<x4>[B] (+0) +0.559288538<x5>[B] (+0) -0.559288538<x6>[B] (+0) -0.559288538<x7>[B] (+0) +0.559288538<x8>[B] (+0) -0.559288538<x9>[B] (+0) -0.559288538<x10>[B] (+0) +0.559288538<x11>[B] (+0) +0.559288538<x12>[B] (+0) +0.559288538<x13>[B] (+0) -0.559288538<x14>[B] (+0) -0.559288538<x15>[B] (+0) +0.559288538<x16>[B] (+0) +0.559288538<x17>[B] (+0) -0.559288538<x18>[B] (+0) -0.559288538<x19>[B] (+0) -0.559288538<x20>[B] (+0) +0.559288538<x21>[B] (+0) -0.559288538<x22>[B] (+1) -0.559288538<x23>[B] (+0) -0.559288538<x24>[B] (+0) +0.559288538<x25>[B] (+1) +0.559288538<x26>[B] (+0) -0.559288538<x27>[B] (+0) -0.559288538<x28>[B] (+1) +0.559288538<x29>[B] (+0) -0.559288538<x30>[B] (+0) -0.559288538<x31>[B] (+0) +0.559288538<x32>[B] (+0) +0.559288538<x33>[B] (+0) +0.559288538<x34>[B] (+1) +0.559288538<x35>[B] (+0) +0.559288538<x36>[B] (+0) +0.559288538<x37>[B] (+0) +0.559288538<x38>[B] (+0) -0.559288538<x39>[B] (+0) -0.559288538<x40>[B] (+1) +0.559288538<x41>[B] (+1) +0.559288538<x42>[B] (+0) -0.559288538<x43>[B] (+1) -0.559288538<x44>[B] (+0) +0.559288538<x45>[B] (+1) +0.559288538<x46>[B] (+1) +0.559288538<x47>[B] (+1) -0.559288538<x48>[B] (+1) +0.559288538<x49>[B] (+0) +0.559288538<x50>[B] (+0) +0.559288538<x51>[B] (+0) +0.559288538<x52>[B] (+0) +0.559288538<x53>[B] (+1) +0.559288538<x54>[B] (+1) +0.559288538<x55>[B] (+0) +0.559288538<x56>[B] (+0) +0.559288538<x57>[B] (+1) +0.559288538<x58>[B] (+0) +0.559288538<x59>[B] (+0) +0.559288538<x60>[B] (+1) +0.559288538<x61>[B] (+1) +0.559288538<x62>[B] (+0) +0.559288538<x63>[B] (+1) +0.559288538<x64>[B] (+1) +0.559288538<x65>[B] (+1) +0.559288538<x66>[B] (+1) -0.559288538<x67>[B] (+1) +0.559288538<x68>[B] (+0) +0.559288538<x69>[B] (+1) +0.559288538<x70>[B] (+0) +0.559288538<x71>[B] (+0) +0.559288538<x72>[B] (+1) +0.559288538<x73>[B] (+1) +0.559288538<x74>[B] (+1) +0.559288538<x75>[B] (+0) +0.559288538<x76>[B] (+1) +0.559288538<x77>[B] (+1) +0.559288538<x78>[B] (+0) +0.559288538<x79>[B] (+1) +0.559288538<x80>[B] (+1) +0.559288538<x81>[B] (+1) +0.559288538<x82>[B] (+1) +0.559288538<x83>[B] (+0) -0.559288538<x84>[B] (+0) -0.559288538<x85>[B] (+1) +0.559288538<x86>[B] (+0) -0.559288538<x87>[B] (+0) -0.559288538<x88>[B] (+0) +0.559288538<x89>[B] (+0) +0.559288538<x90>[B] (+0) +0.559288538<x91>[B] (+1) -0.559288538<x92>[B] (+0) -0.559288538<x93>[B] (+0) +0.559288538<x94>[B] (+0) +0.559288538<x95>[B] (+0) -0.559288538<x96>[B] (+0) -0.559288538<x97>[B] (+1) -0.559288538<x98>[B] (+1) +0.559288538<x99>[B] (+0) -0.559288538<x100>[B] (+1) -0.559288538<x101>[B] (+1) -0.559288538<x102>[B] (+1) +0.559288538<x103>[B] (+0) -0.559288538<x104>[B] (+0) -0.559288538<x105>[B] (+0) +0.559288538<x106>[B] (+0) +0.559288538<x107>[B] (+0) -0.559288538<x108>[B] (+1) -0.559288538<x109>[B] (+0) -0.559288538<x110>[B] (+0) +0.559288538<x111>[B] (+0) -0.559288538<x112>[B] (+0) -0.559288538<x113>[B] (+0) -0.559288538<x114>[B] (+1) -0.559288538<x115>[B] (+1) +0.559288538<x116>[B] (+0) -0.559288538<x117>[B] (+1) -0.559288538<x118>[B] (+1) +0.559288538<x119>[B] (+0) +0.559288538<x120>[B] (+0) +0.559288538<x121>[B] (+0) +0.559288538<x122>[B] (+0) +0.559288538<x123>[B] (+0) +0.559288538<x124>[B] (+1) +0.559288538<x125>[B] (+0) +0.559288538<x126>[B] (+0) +0.559288538<x127>[B] (+0) +0.559288538<x128>[B] (+0) +0.559288538<x129>[B] (+0) +0.559288538<x130>[B] (+1) +0.559288538<x131>[B] (+1) +0.559288538<x132>[B] (+0) +0.559288538<x133>[B] (+1) +0.559288538<x134>[B] (+0) +0.559288538<x135>[B] (+0) +0.559288538<x136>[B] (+0) +0.559288538<x137>[B] (+0) +0.559288538<x138>[B] (+0) +0.559288538<x139>[B] (+0) +0.559288538<x140>[B] (+0) +0.559288538<x141>[B] (+0) +0.559288538<x142>[B] (+0) +0.559288538<x143>[B] (+0) +0.559288538<x144>[B] (+0) +0.559288538<x145>[B] (+0) +0.559288538<x146>[B] (+0) +0.559288538<x147>[B] (+0) +0.559288538<x148>[B] (+1) -0.559288538<x149>[B] (+1) -0.559288538<x150>[B] (+0) -0.559288538<x151>[B] (+0) +0.559288538<x152>[B] (+1) -0.559288538<x153>[B] (+1) -0.559288538<x154>[B] (+1) -0.559288538<x155>[B] (+0) -0.559288538<x156>[B] (+1) -0.559288538<x157>[B] (+1) -0.559288538<x158>[B] (+0) -0.559288538<x159>[B] (+1) -0.559288538<x160>[B] (+1) +0.559288538<x161>[B] (+1) -0.559288538<x162>[B] (+1) +0.559288538<x163>[B] (+0) +0.559288538<x164>[B] (+0) +0.559288538<x165>[B] (+1) +0.559288538<x166>[B] (+1) +0.559288538<x167>[B] (+0) +0.559288538<x168>[B] (+0) +0.559288538<x169>[B] (+1) +0.559288538<x170>[B] (+0) +0.559288538<x171>[B] (+0) +0.559288538<x172>[B] (+1) +0.559288538<x173>[B] (+1) +0.559288538<x174>[B] (+0) +0.559288538<x175>[B] (+1) +0.559288538<x176>[B] (+1) +0.559288538<x177>[B] (+1) +0.559288538<x178>[B] (+1) +0.559288538<x179>[B] (+1) +0.559288538<x180>[B] (+0) +0.559288538<x181>[B] (+1) +0.559288538<x182>[B] (+1) +0.559288538<x183>[B] (+1) +0.559288538<x184>[B] (+1) +0.559288538<x185>[B] (+1) +0.559288538<x186>[B] (+1) +0.559288538<x187>[B] (+1) +0.559288538<x188>[B] (+1) -0.559288538<x189>[B] (+1) -0.559288538<x190>[B] (+1) -0.559288538<x191>[B] (+0) -0.559288538<x192>[B] (+1) -0.559288538<x193>[B] (+1) -0.559288538<x194>[B] (+1) -0.559288538<x195>[B] (+1) -0.559288538<x196>[B] (+1) +0.559288538<x197>[B] (+1) -0.559288538<x198>[B] (+1) -0.559288538<x199>[B] (+1) -0.559288538<x200>[B] (+0) -0.559288538<x201>[B] (+0) -0.559288538<x202>[B] (+1) -0.559288538<x203>[B] (+0) -0.559288538<x204>[B] (+0) -0.559288538<x205>[B] (+1) -0.559288538<x206>[B] (+1) -0.559288538<x207>[B] (+0) -0.559288538<x208>[B] (+1) -0.559288538<x209>[B] (+0) -0.559288538<x210>[B] (+0) +0.559288538<x211>[B] (+0) -0.559288538<x212>[B] (+0) -0.559288538<x213>[B] (+0) -0.559288538<x214>[B] (+0) -0.559288538<x215>[B] (+0) +0.559288538<x216>[B] (+0) -0.559288538<x217>[B] (+1) +0.559288538<x218>[B] (+0) +0.559288538<x219>[B] (+1) +0.559288538<x220>[B] (+0) -0.559288538<x221>[B] (+0) -0.559288538<x222>[B] (+1) +0.559288538<x223>[B] (+1) +0.559288538<x224>[B] (+0) -0.559288538<x225>[B] (+1) +0.559288538<x226>[B] (+1) +0.559288538<x227>[B] (+1) -0.559288538<x228>[B] (+1) -0.559288538<x229>[B] (+1) +0.559288538<x230>[B] (+1) +0.559288538<x231>[B] (+1) -0.559288538<x232>[B] (+1) -0.559288538<x233>[B] (+0) -0.559288538<x234>[B] (+0) -0.559288538<x235>[B] (+1) -0.559288538<x236>[B] (+1) +0.559288538<x237>[B] (+0) -0.559288538<x238>[B] (+1) -0.559288538<x239>[B] (+0) -0.559288538<x240>[B] (+1) -0.559288538<x241>[B] (+1) +0.559288538<x242>[B] (+0) -0.559288538<x243>[B] (+1) -0.559288538<x244>[B] (+1) +0.559288538<x245>[B] (+1) +0.559288538<x246>[B] (+1) -0.559288538<x247>[B] (+1) +0.559288538<x248>[B] (+0) +0.559288538<x249>[B] (+0) -0.559288538<x250>[B] (+1) +0.559288538<x251>[B] (+0) -0.559288538<x252>[B] (+1) -0.559288538<x253>[B] (+1) >= 42.6462450592885;
;
violation: left hand side is violated by 0.0118577075098827
  [linear] <c3953>: <x269>[C] (+24.3458498) -0.436758893<x1>[B] (+0) -0.436758893<x2>[B] (+0) -0.436758893<x3>[B] (+0) +0.436758893<x4>[B] (+0) -0.436758893<x5>[B] (+0) -0.436758893<x6>[B] (+0) -0.436758893<x7>[B] (+0) +0.436758893<x8>[B] (+0) -0.436758893<x9>[B] (+0) -0.436758893<x10>[B] (+0) -0.436758893<x11>[B] (+0) -0.436758893<x12>[B] (+0) -0.436758893<x13>[B] (+0) -0.436758893<x14>[B] (+0) -0.436758893<x15>[B] (+0) +0.436758893<x16>[B] (+0) -0.436758893<x17>[B] (+0) -0.436758893<x18>[B] (+0) +0.436758893<x19>[B] (+0) -0.436758893<x20>[B] (+0) -0.436758893<x21>[B] (+0) -0.436758893<x22>[B] (+1) +0.436758893<x23>[B] (+0) +0.436758893<x24>[B] (+0) +0.436758893<x25>[B] (+1) +0.436758893<x26>[B] (+0) +0.436758893<x27>[B] (+0) +0.436758893<x28>[B] (+1) +0.436758893<x29>[B] (+0) +0.436758893<x30>[B] (+0) +0.436758893<x31>[B] (+0) +0.436758893<x32>[B] (+0) +0.436758893<x33>[B] (+0) +0.436758893<x34>[B] (+0) +0.436758893<x35>[B] (+0) +0.436758893<x36>[B] (+0) +0.436758893<x37>[B] (+0) +0.436758893<x38>[B] (+0) -0.436758893<x39>[B] (+0) +0.436758893<x40>[B] (+1) +0.436758893<x41>[B] (+1) +0.436758893<x42>[B] (+0) +0.436758893<x43>[B] (+1) +0.436758893<x44>[B] (+0) +0.436758893<x45>[B] (+1) +0.436758893<x46>[B] (+0) +0.436758893<x47>[B] (+1) +0.436758893<x48>[B] (+1) +0.436758893<x49>[B] (+0) +0.436758893<x50>[B] (+1) +0.436758893<x51>[B] (+0) +0.436758893<x52>[B] (+0) +0.436758893<x53>[B] (+0) +0.436758893<x54>[B] (+1) +0.436758893<x55>[B] (+1) +0.436758893<x56>[B] (+0) +0.436758893<x57>[B] (+0) +0.436758893<x58>[B] (+0) -0.436758893<x59>[B] (+0) +0.436758893<x60>[B] (+1) +0.436758893<x61>[B] (+1) +0.436758893<x62>[B] (+1) +0.436758893<x63>[B] (+1) +0.436758893<x64>[B] (+1) -0.436758893<x65>[B] (+1) +0.436758893<x66>[B] (+1) +0.436758893<x67>[B] (+1) +0.436758893<x68>[B] (+0) +0.436758893<x69>[B] (+1) +0.436758893<x70>[B] (+0) +0.436758893<x71>[B] (+0) +0.436758893<x72>[B] (+1) +0.436758893<x73>[B] (+1) +0.436758893<x74>[B] (+1) +0.436758893<x75>[B] (+0) +0.436758893<x76>[B] (+1) +0.436758893<x77>[B] (+0) -0.436758893<x78>[B] (+0) +0.436758893<x79>[B] (+1) -0.436758893<x80>[B] (+1) -0.436758893<x81>[B] (+1) +0.436758893<x82>[B] (+1) -0.436758893<x83>[B] (+0) -0.436758893<x84>[B] (+0) -0.436758893<x85>[B] (+1) +0.436758893<x86>[B] (+0) -0.436758893<x87>[B] (+0) -0.436758893<x88>[B] (+0) -0.436758893<x89>[B] (+0) -0.436758893<x90>[B] (+0) -0.436758893<x91>[B] (+0) -0.436758893<x92>[B] (+0) -0.436758893<x93>[B] (+0) -0.436758893<x94>[B] (+0) -0.436758893<x95>[B] (+0) -0.436758893<x96>[B] (+0) +0.436758893<x97>[B] (+1) -0.436758893<x98>[B] (+1) -0.436758893<x99>[B] (+0) -0.436758893<x100>[B] (+1) +0.436758893<x101>[B] (+1) +0.436758893<x102>[B] (+1) +0.436758893<x103>[B] (+0) +0.436758893<x104>[B] (+1) +0.436758893<x105>[B] (+0) +0.436758893<x106>[B] (+0) +0.436758893<x107>[B] (+1) +0.436758893<x108>[B] (+1) +0.436758893<x109>[B] (+1) +0.436758893<x110>[B] (+0) +0.436758893<x111>[B] (+0) +0.436758893<x112>[B] (+0) -0.436758893<x113>[B] (+0) +0.436758893<x114>[B] (+1) -0.436758893<x115>[B] (+1) -0.436758893<x116>[B] (+1) +0.436758893<x117>[B] (+1) -0.436758893<x118>[B] (+1) +0.436758893<x119>[B] (+0) -0.436758893<x120>[B] (+0) -0.436758893<x121>[B] (+0) -0.436758893<x122>[B] (+0) -0.436758893<x123>[B] (+0) +0.436758893<x124>[B] (+0) -0.436758893<x125>[B] (+0) -0.436758893<x126>[B] (+0) +0.436758893<x127>[B] (+0) -0.436758893<x128>[B] (+0) -0.436758893<x129>[B] (+0) +0.436758893<x130>[B] (+1) -0.436758893<x131>[B] (+1) -0.436758893<x132>[B] (+0) -0.436758893<x133>[B] (+1) +0.436758893<x134>[B] (+0) -0.436758893<x135>[B] (+0) -0.436758893<x136>[B] (+0) -0.436758893<x137>[B] (+0) +0.436758893<x138>[B] (+0) +0.436758893<x139>[B] (+0) -0.436758893<x140>[B] (+0) -0.436758893<x141>[B] (+0) +0.436758893<x142>[B] (+0) -0.436758893<x143>[B] (+0) -0.436758893<x144>[B] (+0) +0.436758893<x145>[B] (+1) -0.436758893<x146>[B] (+0) -0.436758893<x147>[B] (+0) -0.436758893<x148>[B] (+1) -0.436758893<x149>[B] (+1) -0.436758893<x150>[B] (+0) -0.436758893<x151>[B] (+1) -0.436758893<x152>[B] (+1) -0.436758893<x153>[B] (+1) -0.436758893<x154>[B] (+1) -0.436758893<x155>[B] (+0) -0.436758893<x156>[B] (+1) -0.436758893<x157>[B] (+1) -0.436758893<x158>[B] (+0) -0.436758893<x159>[B] (+1) -0.436758893<x160>[B] (+1) -0.436758893<x161>[B] (+1) -0.436758893<x162>[B] (+1) -0.436758893<x163>[B] (+0) -0.436758893<x164>[B] (+0) +0.436758893<x165>[B] (+0) +0.436758893<x166>[B] (+1) -0.436758893<x167>[B] (+0) -0.436758893<x168>[B] (+0) +0.436758893<x169>[B] (+0) -0.436758893<x170>[B] (+0) -0.436758893<x171>[B] (+0) +0.436758893<x172>[B] (+1) -0.436758893<x173>[B] (+1) -0.436758893<x174>[B] (+1) -0.436758893<x175>[B] (+1) -0.436758893<x176>[B] (+1) +0.436758893<x177>[B] (+1) +0.436758893<x178>[B] (+1) +0.436758893<x179>[B] (+1) +0.436758893<x180>[B] (+1) +0.436758893<x181>[B] (+1) -0.436758893<x182>[B] (+1) -0.436758893<x183>[B] (+1) +0.436758893<x184>[B] (+1) -0.436758893<x185>[B] (+1) -0.436758893<x186>[B] (+1) -0.436758893<x187>[B] (+1) +0.436758893<x188>[B] (+1) +0.436758893<x189>[B] (+1) +0.436758893<x190>[B] (+1) +0.436758893<x191>[B] (+0) +0.436758893<x192>[B] (+1) -0.436758893<x193>[B] (+1) -0.436758893<x194>[B] (+0) +0.436758893<x195>[B] (+1) -0.436758893<x196>[B] (+1) -0.436758893<x197>[B] (+1) +0.436758893<x198>[B] (+1) +0.436758893<x199>[B] (+1) -0.436758893<x200>[B] (+1) -0.436758893<x201>[B] (+0) +0.436758893<x202>[B] (+0) -0.436758893<x203>[B] (+0) -0.436758893<x204>[B] (+0) +0.436758893<x205>[B] (+1) -0.436758893<x206>[B] (+1) -0.436758893<x207>[B] (+1) -0.436758893<x208>[B] (+1) -0.436758893<x209>[B] (+0) -0.436758893<x210>[B] (+0) +0.436758893<x211>[B] (+0) -0.436758893<x212>[B] (+0) -0.436758893<x213>[B] (+0) +0.436758893<x214>[B] (+1) -0.436758893<x215>[B] (+1) -0.436758893<x216>[B] (+0) -0.436758893<x217>[B] (+1) +0.436758893<x218>[B] (+0) +0.436758893<x219>[B] (+0) -0.436758893<x220>[B] (+0) -0.436758893<x221>[B] (+0) +0.436758893<x222>[B] (+1) -0.436758893<x223>[B] (+1) -0.436758893<x224>[B] (+1) -0.436758893<x225>[B] (+1) +0.436758893<x226>[B] (+1) -0.436758893<x227>[B] (+1) -0.436758893<x228>[B] (+1) +0.436758893<x229>[B] (+1) -0.436758893<x230>[B] (+1) -0.436758893<x231>[B] (+1) -0.436758893<x232>[B] (+1) -0.436758893<x233>[B] (+0) -0.436758893<x234>[B] (+0) +0.436758893<x235>[B] (+1) -0.436758893<x236>[B] (+1) -0.436758893<x237>[B] (+1) -0.436758893<x238>[B] (+1) -0.436758893<x239>[B] (+0) +0.436758893<x240>[B] (+1) -0.436758893<x241>[B] (+1) -0.436758893<x242>[B] (+1) +0.436758893<x243>[B] (+1) +0.436758893<x244>[B] (+1) +0.436758893<x245>[B] (+1) +0.436758893<x246>[B] (+1) +0.436758893<x247>[B] (+1) -0.436758893<x248>[B] (+0) -0.436758893<x249>[B] (+0) -0.436758893<x250>[B] (+1) +0.436758893<x251>[B] (+0) +0.436758893<x252>[B] (+1) +0.436758893<x253>[B] (+1) >= 28.2806324110672;
;
violation: left hand side is violated by 0.00395256916993247
  [linear] <c3947>: <x260>[C] (+36.4940711) -0.523715415<x1>[B] (+0) -0.523715415<x2>[B] (+0) -0.523715415<x3>[B] (+0) -0.523715415<x4>[B] (+0) +0.523715415<x5>[B] (+0) -0.523715415<x6>[B] (+0) +0.523715415<x7>[B] (+0) -0.523715415<x8>[B] (+0) -0.523715415<x9>[B] (+0) +0.523715415<x10>[B] (+0) -0.523715415<x11>[B] (+0) +0.523715415<x12>[B] (+0) +0.523715415<x13>[B] (+0) +0.523715415<x14>[B] (+0) +0.523715415<x15>[B] (+0) +0.523715415<x16>[B] (+0) +0.523715415<x17>[B] (+0) +0.523715415<x18>[B] (+0) +0.523715415<x19>[B] (+0) +0.523715415<x20>[B] (+0) +0.523715415<x21>[B] (+0) +0.523715415<x22>[B] (+0) -0.523715415<x23>[B] (+0) -0.523715415<x24>[B] (+0) -0.523715415<x25>[B] (+1) +0.523715415<x26>[B] (+0) +0.523715415<x27>[B] (+1) +0.523715415<x28>[B] (+1) +0.523715415<x29>[B] (+0) -0.523715415<x30>[B] (+1) +0.523715415<x31>[B] (+0) -0.523715415<x32>[B] (+0) +0.523715415<x33>[B] (+0) +0.523715415<x34>[B] (+1) +0.523715415<x35>[B] (+0) +0.523715415<x36>[B] (+0) +0.523715415<x37>[B] (+0) +0.523715415<x38>[B] (+0) +0.523715415<x39>[B] (+0) +0.523715415<x40>[B] (+1) +0.523715415<x41>[B] (+1) +0.523715415<x42>[B] (+0) +0.523715415<x43>[B] (+1) +0.523715415<x44>[B] (+1) +0.523715415<x45>[B] (+1) +0.523715415<x46>[B] (+1) +0.523715415<x47>[B] (+1) +0.523715415<x48>[B] (+1) +0.523715415<x49>[B] (+0) +0.523715415<x50>[B] (+1) +0.523715415<x51>[B] (+0) +0.523715415<x52>[B] (+0) +0.523715415<x53>[B] (+0) +0.523715415<x54>[B] (+1) +0.523715415<x55>[B] (+1) +0.523715415<x56>[B] (+0) +0.523715415<x57>[B] (+1) +0.523715415<x58>[B] (+0) +0.523715415<x59>[B] (+0) +0.523715415<x60>[B] (+1) +0.523715415<x61>[B] (+1) +0.523715415<x62>[B] (+0) +0.523715415<x63>[B] (+1) -0.523715415<x64>[B] (+1) +0.523715415<x65>[B] (+1) +0.523715415<x66>[B] (+1) +0.523715415<x67>[B] (+1) +0.523715415<x68>[B] (+0) -0.523715415<x69>[B] (+1) +0.523715415<x70>[B] (+0) -0.523715415<x71>[B] (+0) +0.523715415<x72>[B] (+0) +0.523715415<x73>[B] (+1) +0.523715415<x74>[B] (+1) +0.523715415<x75>[B] (+0) +0.523715415<x76>[B] (+1) +0.523715415<x77>[B] (+0) +0.523715415<x78>[B] (+0) +0.523715415<x79>[B] (+1) +0.523715415<x80>[B] (+1) +0.523715415<x81>[B] (+0) +0.523715415<x82>[B] (+1) +0.523715415<x83>[B] (+0) +0.523715415<x84>[B] (+0) +0.523715415<x85>[B] (+1) +0.523715415<x86>[B] (+0) +0.523715415<x87>[B] (+0) +0.523715415<x88>[B] (+0) +0.523715415<x89>[B] (+0) +0.523715415<x90>[B] (+0) +0.523715415<x91>[B] (+1) +0.523715415<x92>[B] (+0) +0.523715415<x93>[B] (+0) +0.523715415<x94>[B] (+0) +0.523715415<x95>[B] (+0) +0.523715415<x96>[B] (+0) +0.523715415<x97>[B] (+1) +0.523715415<x98>[B] (+1) +0.523715415<x99>[B] (+0) +0.523715415<x100>[B] (+1) -0.523715415<x101>[B] (+1) +0.523715415<x102>[B] (+1) -0.523715415<x103>[B] (+0) -0.523715415<x104>[B] (+1) -0.523715415<x105>[B] (+0) -0.523715415<x106>[B] (+0) -0.523715415<x107>[B] (+0) -0.523715415<x108>[B] (+1) +0.523715415<x109>[B] (+0) +0.523715415<x110>[B] (+0) -0.523715415<x111>[B] (+0) -0.523715415<x112>[B] (+0) +0.523715415<x113>[B] (+0) -0.523715415<x114>[B] (+1) -0.523715415<x115>[B] (+1) +0.523715415<x116>[B] (+0) -0.523715415<x117>[B] (+1) +0.523715415<x118>[B] (+1) -0.523715415<x119>[B] (+0) -0.523715415<x120>[B] (+0) +0.523715415<x121>[B] (+0) -0.523715415<x122>[B] (+0) +0.523715415<x123>[B] (+0) +0.523715415<x124>[B] (+1) +0.523715415<x125>[B] (+0) +0.523715415<x126>[B] (+0) +0.523715415<x127>[B] (+0) +0.523715415<x128>[B] (+0) +0.523715415<x129>[B] (+0) +0.523715415<x130>[B] (+1) +0.523715415<x131>[B] (+1) +0.523715415<x132>[B] (+0) +0.523715415<x133>[B] (+1) -0.523715415<x134>[B] (+0) -0.523715415<x135>[B] (+0) -0.523715415<x136>[B] (+0) -0.523715415<x137>[B] (+0) -0.523715415<x138>[B] (+0) -0.523715415<x139>[B] (+0) +0.523715415<x140>[B] (+0) +0.523715415<x141>[B] (+0) -0.523715415<x142>[B] (+0) -0.523715415<x143>[B] (+0) +0.523715415<x144>[B] (+0) -0.523715415<x145>[B] (+1) -0.523715415<x146>[B] (+1) +0.523715415<x147>[B] (+0) -0.523715415<x148>[B] (+1) -0.523715415<x149>[B] (+1) +0.523715415<x150>[B] (+0) -0.523715415<x151>[B] (+1) +0.523715415<x152>[B] (+1) +0.523715415<x153>[B] (+1) +0.523715415<x154>[B] (+1) +0.523715415<x155>[B] (+0) +0.523715415<x156>[B] (+1) +0.523715415<x157>[B] (+1) +0.523715415<x158>[B] (+0) +0.523715415<x159>[B] (+1) +0.523715415<x160>[B] (+1) +0.523715415<x161>[B] (+1) +0.523715415<x162>[B] (+1) +0.523715415<x163>[B] (+0) -0.523715415<x164>[B] (+0) +0.523715415<x165>[B] (+0) +0.523715415<x166>[B] (+1) +0.523715415<x167>[B] (+0) +0.523715415<x168>[B] (+0) +0.523715415<x169>[B] (+0) +0.523715415<x170>[B] (+0) +0.523715415<x171>[B] (+0) +0.523715415<x172>[B] (+1) +0.523715415<x173>[B] (+1) +0.523715415<x174>[B] (+0) +0.523715415<x175>[B] (+1) -0.523715415<x176>[B] (+1) +0.523715415<x177>[B] (+1) +0.523715415<x178>[B] (+1) +0.523715415<x179>[B] (+1) +0.523715415<x180>[B] (+0) +0.523715415<x181>[B] (+1) +0.523715415<x182>[B] (+1) +0.523715415<x183>[B] (+1) +0.523715415<x184>[B] (+1) +0.523715415<x185>[B] (+1) +0.523715415<x186>[B] (+1) +0.523715415<x187>[B] (+1) +0.523715415<x188>[B] (+1) +0.523715415<x189>[B] (+1) +0.523715415<x190>[B] (+1) +0.523715415<x191>[B] (+0) +0.523715415<x192>[B] (+1) +0.523715415<x193>[B] (+1) +0.523715415<x194>[B] (+0) +0.523715415<x195>[B] (+1) +0.523715415<x196>[B] (+1) +0.523715415<x197>[B] (+1) +0.523715415<x198>[B] (+1) +0.523715415<x199>[B] (+1) +0.523715415<x200>[B] (+1) +0.523715415<x201>[B] (+0) -0.523715415<x202>[B] (+1) +0.523715415<x203>[B] (+0) +0.523715415<x204>[B] (+0) +0.523715415<x205>[B] (+1) +0.523715415<x206>[B] (+1) +0.523715415<x207>[B] (+0) -0.523715415<x208>[B] (+1) +0.523715415<x209>[B] (+0) +0.523715415<x210>[B] (+0) -0.523715415<x211>[B] (+0) -0.523715415<x212>[B] (+0) +0.523715415<x213>[B] (+0) +0.523715415<x214>[B] (+1) -0.523715415<x215>[B] (+1) +0.523715415<x216>[B] (+0) -0.523715415<x217>[B] (+1) -0.523715415<x218>[B] (+0) -0.523715415<x219>[B] (+1) -0.523715415<x220>[B] (+0) -0.523715415<x221>[B] (+0) -0.523715415<x222>[B] (+1) -0.523715415<x223>[B] (+1) -0.523715415<x224>[B] (+0) -0.523715415<x225>[B] (+1) -0.523715415<x226>[B] (+1) -0.523715415<x227>[B] (+1) -0.523715415<x228>[B] (+1) -0.523715415<x229>[B] (+1) -0.523715415<x230>[B] (+1) -0.523715415<x231>[B] (+1) -0.523715415<x232>[B] (+1) +0.523715415<x233>[B] (+0) +0.523715415<x234>[B] (+0) +0.523715415<x235>[B] (+1) +0.523715415<x236>[B] (+1) +0.523715415<x237>[B] (+0) -0.523715415<x238>[B] (+1) +0.523715415<x239>[B] (+0) +0.523715415<x240>[B] (+1) -0.523715415<x241>[B] (+1) +0.523715415<x242>[B] (+1) -0.523715415<x243>[B] (+1) -0.523715415<x244>[B] (+1) -0.523715415<x245>[B] (+1) +0.523715415<x246>[B] (+1) -0.523715415<x247>[B] (+1) -0.523715415<x248>[B] (+0) +0.523715415<x249>[B] (+0) -0.523715415<x250>[B] (+1) +0.523715415<x251>[B] (+0) -0.523715415<x252>[B] (+1) -0.523715415<x253>[B] (+1) >= 57.4782608695652;
;
violation: left hand side is violated by 0.0355731225295557
  [linear] <c3975>: <x310>[C] (+41.4407115) +0.54743083<x1>[B] (+0) +0.54743083<x2>[B] (+0) +0.54743083<x3>[B] (+0) +0.54743083<x4>[B] (+0) +0.54743083<x5>[B] (+0) +0.54743083<x6>[B] (+0) +0.54743083<x7>[B] (+0) +0.54743083<x8>[B] (+0) -0.54743083<x9>[B] (+0) +0.54743083<x10>[B] (+0) +0.54743083<x11>[B] (+0) +0.54743083<x12>[B] (+0) +0.54743083<x13>[B] (+1) +0.54743083<x14>[B] (+0) +0.54743083<x15>[B] (+0) +0.54743083<x16>[B] (+0) +0.54743083<x17>[B] (+0) +0.54743083<x18>[B] (+0) +0.54743083<x19>[B] (+1) +0.54743083<x20>[B] (+0) +0.54743083<x21>[B] (+0) +0.54743083<x22>[B] (+1) +0.54743083<x23>[B] (+0) -0.54743083<x24>[B] (+0) +0.54743083<x25>[B] (+1) +0.54743083<x26>[B] (+0) +0.54743083<x27>[B] (+0) +0.54743083<x28>[B] (+1) +0.54743083<x29>[B] (+0) -0.54743083<x30>[B] (+0) +0.54743083<x31>[B] (+0) +0.54743083<x32>[B] (+0) +0.54743083<x33>[B] (+0) +0.54743083<x34>[B] (+1) +0.54743083<x35>[B] (+0) -0.54743083<x36>[B] (+0) +0.54743083<x37>[B] (+0) +0.54743083<x38>[B] (+0) -0.54743083<x39>[B] (+0) -0.54743083<x40>[B] (+1) -0.54743083<x41>[B] (+1) +0.54743083<x42>[B] (+0) +0.54743083<x43>[B] (+1) -0.54743083<x44>[B] (+1) -0.54743083<x45>[B] (+1) +0.54743083<x46>[B] (+1) +0.54743083<x47>[B] (+1) +0.54743083<x48>[B] (+1) +0.54743083<x49>[B] (+0) -0.54743083<x50>[B] (+1) +0.54743083<x51>[B] (+0) +0.54743083<x52>[B] (+0) +0.54743083<x53>[B] (+0) +0.54743083<x54>[B] (+1) -0.54743083<x55>[B] (+1) -0.54743083<x56>[B] (+0) +0.54743083<x57>[B] (+0) +0.54743083<x58>[B] (+0) -0.54743083<x59>[B] (+0) -0.54743083<x60>[B] (+1) -0.54743083<x61>[B] (+1) -0.54743083<x62>[B] (+1) +0.54743083<x63>[B] (+1) +0.54743083<x64>[B] (+1) +0.54743083<x65>[B] (+1) +0.54743083<x66>[B] (+1) +0.54743083<x67>[B] (+1) +0.54743083<x68>[B] (+0) -0.54743083<x69>[B] (+1) +0.54743083<x70>[B] (+0) +0.54743083<x71>[B] (+0) +0.54743083<x72>[B] (+0) +0.54743083<x73>[B] (+1) +0.54743083<x74>[B] (+0) -0.54743083<x75>[B] (+0) +0.54743083<x76>[B] (+0) +0.54743083<x77>[B] (+0) -0.54743083<x78>[B] (+0) +0.54743083<x79>[B] (+1) +0.54743083<x80>[B] (+1) +0.54743083<x81>[B] (+0) +0.54743083<x82>[B] (+1) +0.54743083<x83>[B] (+0) +0.54743083<x84>[B] (+0) +0.54743083<x85>[B] (+0) +0.54743083<x86>[B] (+0) -0.54743083<x87>[B] (+0) +0.54743083<x88>[B] (+0) +0.54743083<x89>[B] (+0) +0.54743083<x90>[B] (+0) +0.54743083<x91>[B] (+1) -0.54743083<x92>[B] (+0) -0.54743083<x93>[B] (+0) +0.54743083<x94>[B] (+0) +0.54743083<x95>[B] (+0) -0.54743083<x96>[B] (+0) -0.54743083<x97>[B] (+1) -0.54743083<x98>[B] (+0) -0.54743083<x99>[B] (+0) +0.54743083<x100>[B] (+1) +0.54743083<x101>[B] (+1) -0.54743083<x102>[B] (+1) -0.54743083<x103>[B] (+0) -0.54743083<x104>[B] (+1) -0.54743083<x105>[B] (+0) +0.54743083<x106>[B] (+0) -0.54743083<x107>[B] (+0) -0.54743083<x108>[B] (+1) -0.54743083<x109>[B] (+0) -0.54743083<x110>[B] (+0) +0.54743083<x111>[B] (+0) -0.54743083<x112>[B] (+0) -0.54743083<x113>[B] (+0) -0.54743083<x114>[B] (+1) -0.54743083<x115>[B] (+1) -0.54743083<x116>[B] (+0) -0.54743083<x117>[B] (+1) -0.54743083<x118>[B] (+1) -0.54743083<x119>[B] (+0) -0.54743083<x120>[B] (+0) -0.54743083<x121>[B] (+0) +0.54743083<x122>[B] (+0) -0.54743083<x123>[B] (+0) -0.54743083<x124>[B] (+1) -0.54743083<x125>[B] (+0) -0.54743083<x126>[B] (+0) -0.54743083<x127>[B] (+0) -0.54743083<x128>[B] (+0) -0.54743083<x129>[B] (+0) -0.54743083<x130>[B] (+1) -0.54743083<x131>[B] (+1) -0.54743083<x132>[B] (+0) -0.54743083<x133>[B] (+1) -0.54743083<x134>[B] (+0) -0.54743083<x135>[B] (+0) -0.54743083<x136>[B] (+0) +0.54743083<x137>[B] (+0) -0.54743083<x138>[B] (+0) -0.54743083<x139>[B] (+1) -0.54743083<x140>[B] (+0) -0.54743083<x141>[B] (+0) +0.54743083<x142>[B] (+0) +0.54743083<x143>[B] (+0) -0.54743083<x144>[B] (+0) -0.54743083<x145>[B] (+1) -0.54743083<x146>[B] (+1) -0.54743083<x147>[B] (+0) -0.54743083<x148>[B] (+1) -0.54743083<x149>[B] (+1) -0.54743083<x150>[B] (+0) +0.54743083<x151>[B] (+0) +0.54743083<x152>[B] (+0) -0.54743083<x153>[B] (+1) -0.54743083<x154>[B] (+1) -0.54743083<x155>[B] (+0) +0.54743083<x156>[B] (+1) +0.54743083<x157>[B] (+0) -0.54743083<x158>[B] (+0) -0.54743083<x159>[B] (+1) -0.54743083<x160>[B] (+1) -0.54743083<x161>[B] (+1) -0.54743083<x162>[B] (+1) +0.54743083<x163>[B] (+0) +0.54743083<x164>[B] (+0) +0.54743083<x165>[B] (+0) +0.54743083<x166>[B] (+1) +0.54743083<x167>[B] (+0) +0.54743083<x168>[B] (+0) +0.54743083<x169>[B] (+0) +0.54743083<x170>[B] (+0) +0.54743083<x171>[B] (+0) +0.54743083<x172>[B] (+1) +0.54743083<x173>[B] (+1) +0.54743083<x174>[B] (+0) +0.54743083<x175>[B] (+1) +0.54743083<x176>[B] (+1) +0.54743083<x177>[B] (+1) -0.54743083<x178>[B] (+1) -0.54743083<x179>[B] (+1) -0.54743083<x180>[B] (+0) +0.54743083<x181>[B] (+1) +0.54743083<x182>[B] (+1) -0.54743083<x183>[B] (+1) -0.54743083<x184>[B] (+1) -0.54743083<x185>[B] (+1) -0.54743083<x186>[B] (+1) +0.54743083<x187>[B] (+1) -0.54743083<x188>[B] (+1) -0.54743083<x189>[B] (+1) -0.54743083<x190>[B] (+1) -0.54743083<x191>[B] (+0) -0.54743083<x192>[B] (+1) -0.54743083<x193>[B] (+1) -0.54743083<x194>[B] (+1) -0.54743083<x195>[B] (+1) -0.54743083<x196>[B] (+1) -0.54743083<x197>[B] (+1) -0.54743083<x198>[B] (+1) -0.54743083<x199>[B] (+1) -0.54743083<x200>[B] (+1) -0.54743083<x201>[B] (+0) +0.54743083<x202>[B] (+1) +0.54743083<x203>[B] (+1) -0.54743083<x204>[B] (+1) -0.54743083<x205>[B] (+1) -0.54743083<x206>[B] (+1) -0.54743083<x207>[B] (+1) -0.54743083<x208>[B] (+1) -0.54743083<x209>[B] (+0) -0.54743083<x210>[B] (+0) +0.54743083<x211>[B] (+0) +0.54743083<x212>[B] (+0) -0.54743083<x213>[B] (+0) -0.54743083<x214>[B] (+0) -0.54743083<x215>[B] (+0) -0.54743083<x216>[B] (+0) +0.54743083<x217>[B] (+0) -0.54743083<x218>[B] (+0) +0.54743083<x219>[B] (+0) +0.54743083<x220>[B] (+0) -0.54743083<x221>[B] (+0) -0.54743083<x222>[B] (+1) -0.54743083<x223>[B] (+1) -0.54743083<x224>[B] (+1) +0.54743083<x225>[B] (+1) +0.54743083<x226>[B] (+1) +0.54743083<x227>[B] (+1) +0.54743083<x228>[B] (+1) +0.54743083<x229>[B] (+1) +0.54743083<x230>[B] (+1) +0.54743083<x231>[B] (+1) +0.54743083<x232>[B] (+1) -0.54743083<x233>[B] (+0) -0.54743083<x234>[B] (+0) -0.54743083<x235>[B] (+1) -0.54743083<x236>[B] (+1) -0.54743083<x237>[B] (+1) -0.54743083<x238>[B] (+1) -0.54743083<x239>[B] (+0) -0.54743083<x240>[B] (+1) -0.54743083<x241>[B] (+1) -0.54743083<x242>[B] (+1) -0.54743083<x243>[B] (+1) +0.54743083<x244>[B] (+1) +0.54743083<x245>[B] (+1) +0.54743083<x246>[B] (+1) +0.54743083<x247>[B] (+1) +0.54743083<x248>[B] (+0) +0.54743083<x249>[B] (+0) +0.54743083<x250>[B] (+1) +0.54743083<x251>[B] (+0) +0.54743083<x252>[B] (+1) +0.54743083<x253>[B] (+1) >= 32.1620553359684;
;
violation: left hand side is violated by 0.027667984189705
  [linear] <c3976>: <x312>[C] (+55.1047431) +0.658102767<x1>[B] (+0) +0.658102767<x2>[B] (+0) +0.658102767<x3>[B] (+0) -0.658102767<x4>[B] (+0) +0.658102767<x5>[B] (+0) +0.658102767<x6>[B] (+0) +0.658102767<x7>[B] (+0) +0.658102767<x8>[B] (+0) +0.658102767<x9>[B] (+0) +0.658102767<x10>[B] (+0) +0.658102767<x11>[B] (+0) +0.658102767<x12>[B] (+0) +0.658102767<x13>[B] (+1) +0.658102767<x14>[B] (+0) +0.658102767<x15>[B] (+0) +0.658102767<x16>[B] (+0) +0.658102767<x17>[B] (+0) +0.658102767<x18>[B] (+0) +0.658102767<x19>[B] (+1) +0.658102767<x20>[B] (+0) +0.658102767<x21>[B] (+0) +0.658102767<x22>[B] (+1) +0.658102767<x23>[B] (+0) +0.658102767<x24>[B] (+0) -0.658102767<x25>[B] (+1) -0.658102767<x26>[B] (+1) +0.658102767<x27>[B] (+1) -0.658102767<x28>[B] (+1) +0.658102767<x29>[B] (+0) -0.658102767<x30>[B] (+1) +0.658102767<x31>[B] (+0) -0.658102767<x32>[B] (+0) +0.658102767<x33>[B] (+0) -0.658102767<x34>[B] (+1) -0.658102767<x35>[B] (+1) +0.658102767<x36>[B] (+0) +0.658102767<x37>[B] (+0) -0.658102767<x38>[B] (+0) +0.658102767<x39>[B] (+0) +0.658102767<x40>[B] (+1) +0.658102767<x41>[B] (+1) -0.658102767<x42>[B] (+1) +0.658102767<x43>[B] (+1) +0.658102767<x44>[B] (+1) -0.658102767<x45>[B] (+1) -0.658102767<x46>[B] (+1) -0.658102767<x47>[B] (+1) -0.658102767<x48>[B] (+1) -0.658102767<x49>[B] (+0) -0.658102767<x50>[B] (+1) +0.658102767<x51>[B] (+0) -0.658102767<x52>[B] (+0) -0.658102767<x53>[B] (+0) -0.658102767<x54>[B] (+1) -0.658102767<x55>[B] (+1) +0.658102767<x56>[B] (+0) -0.658102767<x57>[B] (+1) -0.658102767<x58>[B] (+0) -0.658102767<x59>[B] (+0) -0.658102767<x60>[B] (+1) -0.658102767<x61>[B] (+1) -0.658102767<x62>[B] (+1) -0.658102767<x63>[B] (+1) -0.658102767<x64>[B] (+1) -0.658102767<x65>[B] (+1) -0.658102767<x66>[B] (+1) -0.658102767<x67>[B] (+1) -0.658102767<x68>[B] (+0) -0.658102767<x69>[B] (+1) -0.658102767<x70>[B] (+0) -0.658102767<x71>[B] (+0) -0.658102767<x72>[B] (+0) -0.658102767<x73>[B] (+1) -0.658102767<x74>[B] (+1) +0.658102767<x75>[B] (+0) -0.658102767<x76>[B] (+1) -0.658102767<x77>[B] (+0) -0.658102767<x78>[B] (+0) -0.658102767<x79>[B] (+1) -0.658102767<x80>[B] (+1) -0.658102767<x81>[B] (+1) -0.658102767<x82>[B] (+1) +0.658102767<x83>[B] (+0) +0.658102767<x84>[B] (+0) +0.658102767<x85>[B] (+1) +0.658102767<x86>[B] (+0) +0.658102767<x87>[B] (+0) +0.658102767<x88>[B] (+0) +0.658102767<x89>[B] (+0) +0.658102767<x90>[B] (+0) +0.658102767<x91>[B] (+1) +0.658102767<x92>[B] (+0) +0.658102767<x93>[B] (+0) +0.658102767<x94>[B] (+0) +0.658102767<x95>[B] (+0) +0.658102767<x96>[B] (+0) +0.658102767<x97>[B] (+1) +0.658102767<x98>[B] (+1) +0.658102767<x99>[B] (+0) +0.658102767<x100>[B] (+1) +0.658102767<x101>[B] (+1) -0.658102767<x102>[B] (+1) +0.658102767<x103>[B] (+0) +0.658102767<x104>[B] (+1) +0.658102767<x105>[B] (+0) -0.658102767<x106>[B] (+0) +0.658102767<x107>[B] (+0) +0.658102767<x108>[B] (+1) +0.658102767<x109>[B] (+1) +0.658102767<x110>[B] (+0) +0.658102767<x111>[B] (+0) +0.658102767<x112>[B] (+0) +0.658102767<x113>[B] (+0) +0.658102767<x114>[B] (+1) +0.658102767<x115>[B] (+1) +0.658102767<x116>[B] (+0) +0.658102767<x117>[B] (+1) -0.658102767<x118>[B] (+1) -0.658102767<x119>[B] (+0) -0.658102767<x120>[B] (+0) +0.658102767<x121>[B] (+0) -0.658102767<x122>[B] (+0) +0.658102767<x123>[B] (+0) -0.658102767<x124>[B] (+1) -0.658102767<x125>[B] (+0) +0.658102767<x126>[B] (+0) -0.658102767<x127>[B] (+0) -0.658102767<x128>[B] (+0) -0.658102767<x129>[B] (+0) -0.658102767<x130>[B] (+1) -0.658102767<x131>[B] (+1) -0.658102767<x132>[B] (+0) -0.658102767<x133>[B] (+1) +0.658102767<x134>[B] (+0) +0.658102767<x135>[B] (+0) +0.658102767<x136>[B] (+0) -0.658102767<x137>[B] (+0) +0.658102767<x138>[B] (+0) +0.658102767<x139>[B] (+1) +0.658102767<x140>[B] (+0) +0.658102767<x141>[B] (+0) +0.658102767<x142>[B] (+0) +0.658102767<x143>[B] (+0) +0.658102767<x144>[B] (+0) +0.658102767<x145>[B] (+1) +0.658102767<x146>[B] (+1) +0.658102767<x147>[B] (+0) +0.658102767<x148>[B] (+1) -0.658102767<x149>[B] (+1) +0.658102767<x150>[B] (+0) -0.658102767<x151>[B] (+0) +0.658102767<x152>[B] (+0) -0.658102767<x153>[B] (+1) -0.658102767<x154>[B] (+1) +0.658102767<x155>[B] (+0) +0.658102767<x156>[B] (+1) -0.658102767<x157>[B] (+0) +0.658102767<x158>[B] (+0) +0.658102767<x159>[B] (+1) +0.658102767<x160>[B] (+1) -0.658102767<x161>[B] (+1) +0.658102767<x162>[B] (+1) +0.658102767<x163>[B] (+0) -0.658102767<x164>[B] (+0) +0.658102767<x165>[B] (+0) -0.658102767<x166>[B] (+1) -0.658102767<x167>[B] (+0) +0.658102767<x168>[B] (+0) +0.658102767<x169>[B] (+0) +0.658102767<x170>[B] (+0) +0.658102767<x171>[B] (+0) +0.658102767<x172>[B] (+1) +0.658102767<x173>[B] (+1) -0.658102767<x174>[B] (+0) +0.658102767<x175>[B] (+1) -0.658102767<x176>[B] (+1) -0.658102767<x177>[B] (+1) -0.658102767<x178>[B] (+1) -0.658102767<x179>[B] (+1) +0.658102767<x180>[B] (+0) -0.658102767<x181>[B] (+1) -0.658102767<x182>[B] (+1) -0.658102767<x183>[B] (+1) -0.658102767<x184>[B] (+1) -0.658102767<x185>[B] (+1) -0.658102767<x186>[B] (+1) -0.658102767<x187>[B] (+1) +0.658102767<x188>[B] (+0) +0.658102767<x189>[B] (+1) +0.658102767<x190>[B] (+1) +0.658102767<x191>[B] (+0) +0.658102767<x192>[B] (+1) +0.658102767<x193>[B] (+1) +0.658102767<x194>[B] (+1) +0.658102767<x195>[B] (+1) +0.658102767<x196>[B] (+1) +0.658102767<x197>[B] (+1) +0.658102767<x198>[B] (+1) -0.658102767<x199>[B] (+1) -0.658102767<x200>[B] (+1) +0.658102767<x201>[B] (+0) -0.658102767<x202>[B] (+1) -0.658102767<x203>[B] (+1) -0.658102767<x204>[B] (+1) -0.658102767<x205>[B] (+1) -0.658102767<x206>[B] (+1) -0.658102767<x207>[B] (+1) -0.658102767<x208>[B] (+1) +0.658102767<x209>[B] (+0) +0.658102767<x210>[B] (+0) +0.658102767<x211>[B] (+0) +0.658102767<x212>[B] (+0) +0.658102767<x213>[B] (+0) +0.658102767<x214>[B] (+0) +0.658102767<x215>[B] (+0) +0.658102767<x216>[B] (+0) +0.658102767<x217>[B] (+0) +0.658102767<x218>[B] (+0) +0.658102767<x219>[B] (+0) +0.658102767<x220>[B] (+0) +0.658102767<x221>[B] (+0) +0.658102767<x222>[B] (+1) +0.658102767<x223>[B] (+1) +0.658102767<x224>[B] (+0) +0.658102767<x225>[B] (+1) -0.658102767<x226>[B] (+1) -0.658102767<x227>[B] (+1) -0.658102767<x228>[B] (+1) -0.658102767<x229>[B] (+1) -0.658102767<x230>[B] (+1) -0.658102767<x231>[B] (+1) -0.658102767<x232>[B] (+1) -0.658102767<x233>[B] (+0) -0.658102767<x234>[B] (+0) +0.658102767<x235>[B] (+1) +0.658102767<x236>[B] (+1) -0.658102767<x237>[B] (+1) +0.658102767<x238>[B] (+1) +0.658102767<x239>[B] (+0) +0.658102767<x240>[B] (+1) +0.658102767<x241>[B] (+1) -0.658102767<x242>[B] (+1) +0.658102767<x243>[B] (+1) +0.658102767<x244>[B] (+1) +0.658102767<x245>[B] (+1) -0.658102767<x246>[B] (+1) +0.658102767<x247>[B] (+1) +0.658102767<x248>[B] (+0) -0.658102767<x249>[B] (+0) -0.658102767<x250>[B] (+1) -0.658102767<x251>[B] (+0) -0.658102767<x252>[B] (+1) +0.658102767<x253>[B] (+1) >= 41.296442687747;
;
violation: left hand side is violated by 0.0118577075099751
3/10 feasible solutions given by solution candidate storage, new primal bound -2.644285e+03

presolving:
   (0.0s) symmetry computation started: requiring (bin +, int +, cont +), (fixed: bin -, int -, cont -)
   (0.1s) no symmetry present (symcode time: 0.00)
presolving (0 rounds: 0 fast, 0 medium, 0 exhaustive):
 0 deleted vars, 0 deleted constraints, 0 added constraints, 0 tightened bounds, 0 added holes, 0 changed sides, 0 changed coefficients
 0 implications, 0 cliques, 0 implied integral variables (0 bin, 0 int, 0 cont)
presolved problem has 343 variables (253 bin, 0 int, 90 cont) and 3991 constraints
   3991 constraints of type <linear>
Presolving Time: 0.06
transformed 4/4 original solutions to the transformed problem space

 time | node  | left  |LP iter|LP it/n|mem/heur|mdpt |vars |cons |rows |cuts |sepa|confs|strbr|  dualbound   | primalbound  |  gap   | compl. 
  0.3s|     1 |     0 |  1359 |     - |   194M |   0 | 343 |3991 |3991 |   0 |  0 |   0 |   0 |-2.543791e+03 |-2.644285e+03 |   3.95%| unknown
  0.7s|     1 |     0 |  1417 |     - |   195M |   0 | 343 |3991 |3993 |   2 |  1 |   0 |   0 |-2.543843e+03 |-2.644285e+03 |   3.95%| unknown
  1.1s|     1 |     0 |  1464 |     - |   195M |   0 | 343 |3991 |3996 |   5 |  2 |   0 |   0 |-2.543933e+03 |-2.644285e+03 |   3.94%| unknown
  1.5s|     1 |     0 |  1471 |     - |   195M |   0 | 343 |3991 |3998 |   7 |  3 |   0 |   0 |-2.543937e+03 |-2.644285e+03 |   3.94%| unknown
  1.9s|     1 |     0 |  1484 |     - |   196M |   0 | 343 |3991 |4000 |   9 |  4 |   0 |   0 |-2.543942e+03 |-2.644285e+03 |   3.94%| unknown
  2.3s|     1 |     0 |  1535 |     - |   196M |   0 | 343 |3991 |4004 |  13 |  5 |   0 |   0 |-2.543970e+03 |-2.644285e+03 |   3.94%| unknown
  2.8s|     1 |     0 |  1571 |     - |   197M |   0 | 343 |3991 |4007 |  16 |  6 |   0 |   0 |-2.543985e+03 |-2.644285e+03 |   3.94%| unknown
  3.3s|     1 |     0 |  1639 |     - |   197M |   0 | 343 |3991 |4010 |  19 |  7 |   0 |   0 |-2.544071e+03 |-2.644285e+03 |   3.94%| unknown
  3.8s|     1 |     0 |  1701 |     - |   197M |   0 | 343 |3991 |4014 |  23 |  8 |   0 |   0 |-2.544097e+03 |-2.644285e+03 |   3.94%| unknown
  4.3s|     1 |     0 |  1766 |     - |   198M |   0 | 343 |3991 |4017 |  26 |  9 |   0 |   0 |-2.544133e+03 |-2.644285e+03 |   3.94%| unknown
  4.9s|     1 |     0 |  1860 |     - |   198M |   0 | 343 |3991 |4021 |  30 | 10 |   0 |   0 |-2.544167e+03 |-2.644285e+03 |   3.94%| unknown
  5.0s|     1 |     0 |  1888 |     - |   199M |   0 | 343 |3991 |4024 |  33 | 11 |   0 |   0 |-2.544174e+03 |-2.644285e+03 |   3.93%| unknown
d 5.3s|     1 |     0 |  3481 |     - |farkasdi|   0 | 343 |3991 |4024 |   0 | 11 |   0 |   0 |-2.544174e+03 |-2.557245e+03 |   0.51%| unknown
L 6.1s|     1 |     0 |  3481 |     - |    rens|   0 | 343 |3991 |4024 |  33 | 11 |   0 |   0 |-2.544174e+03 |-2.550905e+03 |   0.26%| unknown
  6.1s|     1 |     0 |  3481 |     - |   199M |   0 | 343 |3991 |4024 |  33 | 11 |   0 |   0 |-2.544174e+03 |-2.550905e+03 |   0.26%| unknown
 time | node  | left  |LP iter|LP it/n|mem/heur|mdpt |vars |cons |rows |cuts |sepa|confs|strbr|  dualbound   | primalbound  |  gap   | compl. 
  6.2s|     1 |     0 |  3481 |     - |   199M |   0 | 343 |3991 |3504 |  33 | 11 |   0 |   0 |-2.544174e+03 |-2.550905e+03 |   0.26%| unknown
  6.2s|     1 |     0 |  3528 |     - |   199M |   0 | 343 |3991 |3505 |  35 | 12 |   0 |   0 |-2.544178e+03 |-2.550905e+03 |   0.26%| unknown
  6.3s|     1 |     0 |  3587 |     - |   199M |   0 | 343 |3991 |3509 |  39 | 13 |   0 |   0 |-2.544197e+03 |-2.550905e+03 |   0.26%| unknown
  6.3s|     1 |     0 |  3587 |     - |   199M |   0 | 343 |3429 |3509 |  39 | 13 |   0 |   0 |-2.544197e+03 |-2.550905e+03 |   0.26%| unknown
  6.4s|     1 |     0 |  3645 |     - |   200M |   0 | 343 |3429 |3512 |  42 | 14 |   0 |   0 |-2.544215e+03 |-2.550905e+03 |   0.26%| unknown
  6.4s|     1 |     0 |  3699 |     - |   200M |   0 | 343 |3429 |3516 |  46 | 15 |   0 |   0 |-2.544231e+03 |-2.550905e+03 |   0.26%| unknown
(run 1, node 1) restarting after 27 global fixings of integer variables

(restart) converted 45 cuts from the global cut pool into linear constraints

presolving:
presolving (0 rounds: 0 fast, 0 medium, 0 exhaustive):
 0 deleted vars, 0 deleted constraints, 0 added constraints, 0 tightened bounds, 0 added holes, 0 changed sides, 0 changed coefficients
 0 implications, 0 cliques, 0 implied integral variables (0 bin, 0 int, 0 cont)
presolved problem has 343 variables (253 bin, 0 int, 90 cont) and 3474 constraints
   3474 constraints of type <linear>
Presolving Time: 0.06
transformed 22/24 original solutions to the transformed problem space

 time | node  | left  |LP iter|LP it/n|mem/heur|mdpt |vars |cons |rows |cuts |sepa|confs|strbr|  dualbound   | primalbound  |  gap   | compl. 
  6.7s|     1 |     0 |  5345 |     - |   200M |   0 | 343 |3474 |3474 |   0 |  0 |   0 |   0 |-2.544231e+03 |-2.550905e+03 |   0.26%| unknown
  7.3s|     1 |     0 |  5386 |     - |   200M |   0 | 343 |3474 |3476 |   2 |  1 |   0 |   0 |-2.544238e+03 |-2.550905e+03 |   0.26%| unknown
  7.8s|     1 |     0 |  5481 |     - |   201M |   0 | 343 |3475 |3477 |   3 |  2 |   1 |   0 |-2.544260e+03 |-2.550905e+03 |   0.26%| unknown
  8.4s|     1 |     0 |  5510 |     - |   201M |   0 | 343 |3475 |3478 |   4 |  3 |   1 |   0 |-2.544264e+03 |-2.550905e+03 |   0.26%| unknown
  9.0s|     1 |     0 |  5519 |     - |   201M |   0 | 343 |3475 |3479 |   5 |  4 |   1 |   0 |-2.544264e+03 |-2.550905e+03 |   0.26%| unknown
  9.5s|     1 |     0 |  5547 |     - |   202M |   0 | 343 |3475 |3480 |   6 |  5 |   1 |   0 |-2.544266e+03 |-2.550905e+03 |   0.26%| unknown
 10.1s|     1 |     0 |  5559 |     - |   202M |   0 | 343 |3475 |3481 |   7 |  6 |   1 |   0 |-2.544267e+03 |-2.550905e+03 |   0.26%| unknown
 10.6s|     1 |     0 |  5569 |     - |   203M |   0 | 343 |3475 |3482 |   8 |  7 |   1 |   0 |-2.544267e+03 |-2.550905e+03 |   0.26%| unknown
 11.2s|     1 |     0 |  5576 |     - |   203M |   0 | 343 |3475 |3483 |   9 |  8 |   1 |   0 |-2.544267e+03 |-2.550905e+03 |   0.26%| unknown
 11.7s|     1 |     0 |  5593 |     - |   203M |   0 | 343 |3475 |3484 |  10 |  9 |   1 |   0 |-2.544267e+03 |-2.550905e+03 |   0.26%| unknown
 12.3s|     1 |     0 |  5625 |     - |   204M |   0 | 343 |3475 |3485 |  11 | 10 |   1 |   0 |-2.544268e+03 |-2.550905e+03 |   0.26%| unknown
 12.4s|     1 |     0 |  5639 |     - |   204M |   0 | 343 |3475 |3486 |  12 | 11 |   1 |   0 |-2.544268e+03 |-2.550905e+03 |   0.26%| unknown
 15.3s|     1 |     2 |  6793 |     - |   204M |   0 | 343 |3480 |3486 |  12 | 11 |   6 |  19 |-2.546359e+03 |-2.550905e+03 |   0.18%| unknown

SCIP Status        : problem is solved [optimal solution found]
Solving Time (sec) : 18.69
Solving Nodes      : 5 (total of 6 nodes in 2 runs)
Primal Bound       : -2.55090513833992e+03 (36 solutions)
Dual Bound         : -2.55090513833992e+03
Gap                : 0.00 %
  [linear] <c3992>: <x256>[C] (+32.8833992) +0.507905138<x1>[B] (+0) -0.507905138<x2>[B] (+0) -0.507905138<x3>[B] (+0) +0.507905138<x4>[B] (+1) -0.507905138<x5>[B] (+0) -0.507905138<x6>[B] (+0) +0.507905138<x7>[B] (+0) -0.507905138<x8>[B] (+0) +0.507905138<x9>[B] (+0) +0.507905138<x10>[B] (+0) -0.507905138<x11>[B] (+0) -0.507905138<x12>[B] (+0) -0.507905138<x13>[B] (+0) +0.507905138<x14>[B] (+0) +0.507905138<x15>[B] (+0) -0.507905138<x16>[B] (+0) -0.507905138<x17>[B] (+0) +0.507905138<x18>[B] (+0) -0.507905138<x19>[B] (+0) +0.507905138<x20>[B] (+0) +0.507905138<x21>[B] (+0) -0.507905138<x22>[B] (+0) -0.507905138<x23>[B] (+0) -0.507905138<x24>[B] (+0) -0.507905138<x25>[B] (+1) -0.507905138<x26>[B] (+0) -0.507905138<x27>[B] (+1) -0.507905138<x28>[B] (+1) -0.507905138<x29>[B] (+0) -0.507905138<x30>[B] (+1) -0.507905138<x31>[B] (+0) -0.507905138<x32>[B] (+0) -0.507905138<x33>[B] (+0) -0.507905138<x34>[B] (+0) -0.507905138<x35>[B] (+1) -0.507905138<x36>[B] (+0) -0.507905138<x37>[B] (+0) -0.507905138<x38>[B] (+0) -0.507905138<x39>[B] (+0) -0.507905138<x40>[B] (+1) -0.507905138<x41>[B] (+1) -0.507905138<x42>[B] (+1) -0.507905138<x43>[B] (+1) +0.507905138<x44>[B] (+0) +0.507905138<x45>[B] (+1) +0.507905138<x46>[B] (+0) +0.507905138<x47>[B] (+1) +0.507905138<x48>[B] (+1) +0.507905138<x49>[B] (+0) +0.507905138<x50>[B] (+1) +0.507905138<x51>[B] (+0) +0.507905138<x52>[B] (+0) +0.507905138<x53>[B] (+0) +0.507905138<x54>[B] (+0) +0.507905138<x55>[B] (+1) +0.507905138<x56>[B] (+0) -0.507905138<x57>[B] (+0) +0.507905138<x58>[B] (+0) +0.507905138<x59>[B] (+0) -0.507905138<x60>[B] (+1) +0.507905138<x61>[B] (+1) +0.507905138<x62>[B] (+1) +0.507905138<x63>[B] (+1) +0.507905138<x64>[B] (+1) -0.507905138<x65>[B] (+1) -0.507905138<x66>[B] (+1) +0.507905138<x67>[B] (+1) -0.507905138<x68>[B] (+0) +0.507905138<x69>[B] (+1) +0.507905138<x70>[B] (+0) -0.507905138<x71>[B] (+0) -0.507905138<x72>[B] (+1) -0.507905138<x73>[B] (+1) +0.507905138<x74>[B] (+1) +0.507905138<x75>[B] (+0) -0.507905138<x76>[B] (+1) +0.507905138<x77>[B] (+1) +0.507905138<x78>[B] (+0) -0.507905138<x79>[B] (+1) +0.507905138<x80>[B] (+1) +0.507905138<x81>[B] (+1) +0.507905138<x82>[B] (+1) -0.507905138<x83>[B] (+0) -0.507905138<x84>[B] (+0) +0.507905138<x85>[B] (+0) -0.507905138<x86>[B] (+0) +0.507905138<x87>[B] (+0) +0.507905138<x88>[B] (+0) -0.507905138<x89>[B] (+0) -0.507905138<x90>[B] (+0) -0.507905138<x91>[B] (+0) +0.507905138<x92>[B] (+0) +0.507905138<x93>[B] (+0) -0.507905138<x94>[B] (+0) -0.507905138<x95>[B] (+0) +0.507905138<x96>[B] (+0) -0.507905138<x97>[B] (+0) +0.507905138<x98>[B] (+0) -0.507905138<x99>[B] (+0) -0.507905138<x100>[B] (+0) +0.507905138<x101>[B] (+1) +0.507905138<x102>[B] (+1) -0.507905138<x103>[B] (+0) +0.507905138<x104>[B] (+1) +0.507905138<x105>[B] (+0) +0.507905138<x106>[B] (+0) -0.507905138<x107>[B] (+1) +0.507905138<x108>[B] (+0) +0.507905138<x109>[B] (+1) +0.507905138<x110>[B] (+0) -0.507905138<x111>[B] (+0) +0.507905138<x112>[B] (+0) +0.507905138<x113>[B] (+0) -0.507905138<x114>[B] (+1) +0.507905138<x115>[B] (+1) +0.507905138<x116>[B] (+1) +0.507905138<x117>[B] (+1) +0.507905138<x118>[B] (+1) -0.507905138<x119>[B] (+0) +0.507905138<x120>[B] (+0) +0.507905138<x121>[B] (+0) +0.507905138<x122>[B] (+0) -0.507905138<x123>[B] (+0) +0.507905138<x124>[B] (+0) +0.507905138<x125>[B] (+0) +0.507905138<x126>[B] (+0) -0.507905138<x127>[B] (+0) +0.507905138<x128>[B] (+0) +0.507905138<x129>[B] (+0) -0.507905138<x130>[B] (+1) +0.507905138<x131>[B] (+0) +0.507905138<x132>[B] (+0) +0.507905138<x133>[B] (+1) -0.507905138<x134>[B] (+0) +0.507905138<x135>[B] (+0) -0.507905138<x136>[B] (+0) -0.507905138<x137>[B] (+0) -0.507905138<x138>[B] (+0) -0.507905138<x139>[B] (+0) -0.507905138<x140>[B] (+0) +0.507905138<x141>[B] (+0) -0.507905138<x142>[B] (+0) -0.507905138<x143>[B] (+0) +0.507905138<x144>[B] (+0) -0.507905138<x145>[B] (+0) -0.507905138<x146>[B] (+0) -0.507905138<x147>[B] (+0) -0.507905138<x148>[B] (+1) +0.507905138<x149>[B] (+1) +0.507905138<x150>[B] (+0) +0.507905138<x151>[B] (+1) -0.507905138<x152>[B] (+1) +0.507905138<x153>[B] (+1) +0.507905138<x154>[B] (+1) +0.507905138<x155>[B] (+0) -0.507905138<x156>[B] (+1) +0.507905138<x157>[B] (+1) +0.507905138<x158>[B] (+0) -0.507905138<x159>[B] (+1) +0.507905138<x160>[B] (+1) +0.507905138<x161>[B] (+1) +0.507905138<x162>[B] (+1) -0.507905138<x163>[B] (+0) -0.507905138<x164>[B] (+0) -0.507905138<x165>[B] (+0) -0.507905138<x166>[B] (+0) -0.507905138<x167>[B] (+1) -0.507905138<x168>[B] (+0) -0.507905138<x169>[B] (+0) -0.507905138<x170>[B] (+0) -0.507905138<x171>[B] (+0) -0.507905138<x172>[B] (+1) -0.507905138<x173>[B] (+1) -0.507905138<x174>[B] (+1) -0.507905138<x175>[B] (+1) -0.507905138<x176>[B] (+1) -0.507905138<x177>[B] (+1) -0.507905138<x178>[B] (+1) -0.507905138<x179>[B] (+1) +0.507905138<x180>[B] (-1.19844875e-12) -0.507905138<x181>[B] (+1) -0.507905138<x182>[B] (+1) +0.507905138<x183>[B] (+1) -0.507905138<x184>[B] (+1) -0.507905138<x185>[B] (+1) -0.507905138<x186>[B] (+1) -0.507905138<x187>[B] (+1) -0.507905138<x188>[B] (+1) +0.507905138<x189>[B] (+1) +0.507905138<x190>[B] (+1) +0.507905138<x191>[B] (+0) -0.507905138<x192>[B] (+1) +0.507905138<x193>[B] (+1) +0.507905138<x194>[B] (+0) -0.507905138<x195>[B] (+1) +0.507905138<x196>[B] (+1) +0.507905138<x197>[B] (+1) +0.507905138<x198>[B] (+1) +0.507905138<x199>[B] (+0) +0.507905138<x200>[B] (+1) +0.507905138<x201>[B] (+0) -0.507905138<x202>[B] (+0) +0.507905138<x203>[B] (+0) +0.507905138<x204>[B] (+0) -0.507905138<x205>[B] (+1) +0.507905138<x206>[B] (+1) +0.507905138<x207>[B] (+1) +0.507905138<x208>[B] (+1) +0.507905138<x209>[B] (+1) +0.507905138<x210>[B] (+0) -0.507905138<x211>[B] (+0) +0.507905138<x212>[B] (+0) +0.507905138<x213>[B] (+0) -0.507905138<x214>[B] (+1) +0.507905138<x215>[B] (+1) +0.507905138<x216>[B] (+1) +0.507905138<x217>[B] (+1) +0.507905138<x218>[B] (+0) -0.507905138<x219>[B] (+0) -0.507905138<x220>[B] (+0) +0.507905138<x221>[B] (+0) -0.507905138<x222>[B] (+1) +0.507905138<x223>[B] (+1) -0.507905138<x224>[B] (+1) -0.507905138<x225>[B] (+1) -0.507905138<x226>[B] (+1) -0.507905138<x227>[B] (+1) +0.507905138<x228>[B] (+1) -0.507905138<x229>[B] (+1) -0.507905138<x230>[B] (+1) -0.507905138<x231>[B] (+1) -0.507905138<x232>[B] (+1) +0.507905138<x233>[B] (+0) +0.507905138<x234>[B] (+0) -0.507905138<x235>[B] (+1) +0.507905138<x236>[B] (+1) +0.507905138<x237>[B] (+1) +0.507905138<x238>[B] (+1) +0.507905138<x239>[B] (+0) -0.507905138<x240>[B] (+1) +0.507905138<x241>[B] (+1) +0.507905138<x242>[B] (+1) -0.507905138<x243>[B] (+1) -0.507905138<x244>[B] (+1) -0.507905138<x245>[B] (+1) -0.507905138<x246>[B] (+1) -0.507905138<x247>[B] (+1) +0.507905138<x248>[B] (+0) +0.507905138<x249>[B] (+0) +0.507905138<x250>[B] (+1) -0.507905138<x251>[B] (+0) -0.507905138<x252>[B] (+1) -0.507905138<x253>[B] (+1) >= 30.8557312252964;
;
violation: left hand side is violated by 0.0039525691699609
  [linear] <c3998>: <x276>[C] (+30.8754941) -0.492094862<x1>[B] (+0) -0.492094862<x2>[B] (+0) -0.492094862<x3>[B] (+0) -0.492094862<x4>[B] (+1) -0.492094862<x5>[B] (+0) -0.492094862<x6>[B] (+0) -0.492094862<x7>[B] (+0) -0.492094862<x8>[B] (+0) -0.492094862<x9>[B] (+0) -0.492094862<x10>[B] (+0) -0.492094862<x11>[B] (+0) -0.492094862<x12>[B] (+0) -0.492094862<x13>[B] (+0) -0.492094862<x14>[B] (+0) -0.492094862<x15>[B] (+0) -0.492094862<x16>[B] (+0) -0.492094862<x17>[B] (+0) -0.492094862<x18>[B] (+0) -0.492094862<x19>[B] (+0) -0.492094862<x20>[B] (+0) -0.492094862<x21>[B] (+0) -0.492094862<x22>[B] (+0) +0.492094862<x23>[B] (+0) +0.492094862<x24>[B] (+0) -0.492094862<x25>[B] (+1) +0.492094862<x26>[B] (+0) +0.492094862<x27>[B] (+1) +0.492094862<x28>[B] (+1) -0.492094862<x29>[B] (+0) -0.492094862<x30>[B] (+1) +0.492094862<x31>[B] (+0) +0.492094862<x32>[B] (+0) +0.492094862<x33>[B] (+0) +0.492094862<x34>[B] (+0) +0.492094862<x35>[B] (+1) +0.492094862<x36>[B] (+0) +0.492094862<x37>[B] (+0) +0.492094862<x38>[B] (+0) -0.492094862<x39>[B] (+0) +0.492094862<x40>[B] (+1) +0.492094862<x41>[B] (+1) -0.492094862<x42>[B] (+1) +0.492094862<x43>[B] (+1) +0.492094862<x44>[B] (+0) -0.492094862<x45>[B] (+1) -0.492094862<x46>[B] (+0) +0.492094862<x47>[B] (+1) -0.492094862<x48>[B] (+1) -0.492094862<x49>[B] (+0) -0.492094862<x50>[B] (+1) -0.492094862<x51>[B] (+0) +0.492094862<x52>[B] (+0) +0.492094862<x53>[B] (+0) -0.492094862<x54>[B] (+0) -0.492094862<x55>[B] (+1) -0.492094862<x56>[B] (+0) -0.492094862<x57>[B] (+0) -0.492094862<x58>[B] (+0) -0.492094862<x59>[B] (+0) -0.492094862<x60>[B] (+1) +0.492094862<x61>[B] (+1) -0.492094862<x62>[B] (+1) -0.492094862<x63>[B] (+1) -0.492094862<x64>[B] (+1) -0.492094862<x65>[B] (+1) -0.492094862<x66>[B] (+1) -0.492094862<x67>[B] (+1) -0.492094862<x68>[B] (+0) -0.492094862<x69>[B] (+1) -0.492094862<x70>[B] (+0) -0.492094862<x71>[B] (+0) -0.492094862<x72>[B] (+1) -0.492094862<x73>[B] (+1) -0.492094862<x74>[B] (+1) -0.492094862<x75>[B] (+0) -0.492094862<x76>[B] (+1) -0.492094862<x77>[B] (+1) -0.492094862<x78>[B] (+0) -0.492094862<x79>[B] (+1) +0.492094862<x80>[B] (+1) -0.492094862<x81>[B] (+1) -0.492094862<x82>[B] (+1) +0.492094862<x83>[B] (+0) +0.492094862<x84>[B] (+0) +0.492094862<x85>[B] (+0) +0.492094862<x86>[B] (+0) +0.492094862<x87>[B] (+0) +0.492094862<x88>[B] (+0) +0.492094862<x89>[B] (+0) +0.492094862<x90>[B] (+0) +0.492094862<x91>[B] (+0) +0.492094862<x92>[B] (+0) +0.492094862<x93>[B] (+0) +0.492094862<x94>[B] (+0) +0.492094862<x95>[B] (+0) +0.492094862<x96>[B] (+0) +0.492094862<x97>[B] (+0) +0.492094862<x98>[B] (+0) +0.492094862<x99>[B] (+0) +0.492094862<x100>[B] (+0) +0.492094862<x101>[B] (+1) +0.492094862<x102>[B] (+1) -0.492094862<x103>[B] (+0) -0.492094862<x104>[B] (+1) +0.492094862<x105>[B] (+0) +0.492094862<x106>[B] (+0) +0.492094862<x107>[B] (+1) +0.492094862<x108>[B] (+0) +0.492094862<x109>[B] (+1) +0.492094862<x110>[B] (+0) +0.492094862<x111>[B] (+0) +0.492094862<x112>[B] (+0) -0.492094862<x113>[B] (+0) +0.492094862<x114>[B] (+1) +0.492094862<x115>[B] (+1) -0.492094862<x116>[B] (+1) +0.492094862<x117>[B] (+1) -0.492094862<x118>[B] (+1) -0.492094862<x119>[B] (+0) -0.492094862<x120>[B] (+0) -0.492094862<x121>[B] (+0) +0.492094862<x122>[B] (+0) -0.492094862<x123>[B] (+0) -0.492094862<x124>[B] (+0) -0.492094862<x125>[B] (+0) -0.492094862<x126>[B] (+0) -0.492094862<x127>[B] (+0) -0.492094862<x128>[B] (+0) -0.492094862<x129>[B] (+0) -0.492094862<x130>[B] (+1) +0.492094862<x131>[B] (+0) -0.492094862<x132>[B] (+0) -0.492094862<x133>[B] (+1) -0.492094862<x134>[B] (+0) -0.492094862<x135>[B] (+0) -0.492094862<x136>[B] (+0) +0.492094862<x137>[B] (+0) +0.492094862<x138>[B] (+0) -0.492094862<x139>[B] (+0) +0.492094862<x140>[B] (+0) +0.492094862<x141>[B] (+0) -0.492094862<x142>[B] (+0) -0.492094862<x143>[B] (+0) -0.492094862<x144>[B] (+0) -0.492094862<x145>[B] (+0) +0.492094862<x146>[B] (+0) -0.492094862<x147>[B] (+0) -0.492094862<x148>[B] (+1) -0.492094862<x149>[B] (+1) +0.492094862<x150>[B] (+0) +0.492094862<x151>[B] (+1) +0.492094862<x152>[B] (+1) +0.492094862<x153>[B] (+1) +0.492094862<x154>[B] (+1) +0.492094862<x155>[B] (+0) +0.492094862<x156>[B] (+1) +0.492094862<x157>[B] (+1) -0.492094862<x158>[B] (+0) +0.492094862<x159>[B] (+1) +0.492094862<x160>[B] (+1) -0.492094862<x161>[B] (+1) +0.492094862<x162>[B] (+1) +0.492094862<x163>[B] (+0) +0.492094862<x164>[B] (+0) +0.492094862<x165>[B] (+0) +0.492094862<x166>[B] (+0) +0.492094862<x167>[B] (+1) +0.492094862<x168>[B] (+0) +0.492094862<x169>[B] (+0) +0.492094862<x170>[B] (+0) +0.492094862<x171>[B] (+0) +0.492094862<x172>[B] (+1) +0.492094862<x173>[B] (+1) +0.492094862<x174>[B] (+1) +0.492094862<x175>[B] (+1) +0.492094862<x176>[B] (+1) +0.492094862<x177>[B] (+1) -0.492094862<x178>[B] (+1) +0.492094862<x179>[B] (+1) +0.492094862<x180>[B] (+1) +0.492094862<x181>[B] (+1) +0.492094862<x182>[B] (+1) -0.492094862<x183>[B] (+1) +0.492094862<x184>[B] (+1) +0.492094862<x185>[B] (+1) -0.492094862<x186>[B] (+1) -0.492094862<x187>[B] (+1) -0.492094862<x188>[B] (+1) -0.492094862<x189>[B] (+1) -0.492094862<x190>[B] (+1) -0.492094862<x191>[B] (+0) -0.492094862<x192>[B] (+1) -0.492094862<x193>[B] (+1) -0.492094862<x194>[B] (+0) -0.492094862<x195>[B] (+1) +0.492094862<x196>[B] (+1) -0.492094862<x197>[B] (+1) -0.492094862<x198>[B] (+1) -0.492094862<x199>[B] (+0) -0.492094862<x200>[B] (+1) -0.492094862<x201>[B] (+0) -0.492094862<x202>[B] (+0) -0.492094862<x203>[B] (+0) -0.492094862<x204>[B] (+0) -0.492094862<x205>[B] (+1) +0.492094862<x206>[B] (+1) -0.492094862<x207>[B] (+1) -0.492094862<x208>[B] (+1) +0.492094862<x209>[B] (+1) +0.492094862<x210>[B] (+0) +0.492094862<x211>[B] (+0) +0.492094862<x212>[B] (+0) -0.492094862<x213>[B] (+0) +0.492094862<x214>[B] (+1) +0.492094862<x215>[B] (+1) -0.492094862<x216>[B] (+1) -0.492094862<x217>[B] (+1) -0.492094862<x218>[B] (+0) -0.492094862<x219>[B] (+0) -0.492094862<x220>[B] (+0) -0.492094862<x221>[B] (+0) -0.492094862<x222>[B] (+1) +0.492094862<x223>[B] (+1) -0.492094862<x224>[B] (+1) -0.492094862<x225>[B] (+1) -0.492094862<x226>[B] (+1) -0.492094862<x227>[B] (+1) -0.492094862<x228>[B] (+1) -0.492094862<x229>[B] (+1) +0.492094862<x230>[B] (+1) -0.492094862<x231>[B] (+1) -0.492094862<x232>[B] (+1) -0.492094862<x233>[B] (+1) -0.492094862<x234>[B] (+0) -0.492094862<x235>[B] (+1) +0.492094862<x236>[B] (+1) -0.492094862<x237>[B] (+1) -0.492094862<x238>[B] (+1) -0.492094862<x239>[B] (+0) +0.492094862<x240>[B] (+1) +0.492094862<x241>[B] (+1) -0.492094862<x242>[B] (+1) -0.492094862<x243>[B] (+1) +0.492094862<x244>[B] (+1) +0.492094862<x245>[B] (+1) +0.492094862<x246>[B] (+1) +0.492094862<x247>[B] (+1) +0.492094862<x248>[B] (+0) -0.492094862<x249>[B] (+0) -0.492094862<x250>[B] (+1) -0.492094862<x251>[B] (+0) -0.492094862<x252>[B] (+1) +0.492094862<x253>[B] (+1) >= 23.9901185770751;
;
violation: left hand side is violated by 0.00395256916994313
  [linear] <c3993>: <x260>[C] (+37.0533597) -0.527667984<x1>[B] (+0) -0.527667984<x2>[B] (+0) -0.527667984<x3>[B] (+0) -0.527667984<x4>[B] (+1) +0.527667984<x5>[B] (+0) -0.527667984<x6>[B] (+0) +0.527667984<x7>[B] (+0) -0.527667984<x8>[B] (+0) -0.527667984<x9>[B] (+0) +0.527667984<x10>[B] (+0) -0.527667984<x11>[B] (+0) +0.527667984<x12>[B] (+0) +0.527667984<x13>[B] (+0) +0.527667984<x14>[B] (+0) +0.527667984<x15>[B] (+0) +0.527667984<x16>[B] (+0) +0.527667984<x17>[B] (+0) +0.527667984<x18>[B] (+0) +0.527667984<x19>[B] (+1) +0.527667984<x20>[B] (+0) +0.527667984<x21>[B] (+0) +0.527667984<x22>[B] (+1) -0.527667984<x23>[B] (+1) -0.527667984<x24>[B] (+0) -0.527667984<x25>[B] (+1) +0.527667984<x26>[B] (+0) +0.527667984<x27>[B] (+1) +0.527667984<x28>[B] (+1) +0.527667984<x29>[B] (+0) -0.527667984<x30>[B] (+0) +0.527667984<x31>[B] (+0) -0.527667984<x32>[B] (+0) +0.527667984<x33>[B] (+0) +0.527667984<x34>[B] (+1) +0.527667984<x35>[B] (+1) +0.527667984<x36>[B] (+0) +0.527667984<x37>[B] (+1) +0.527667984<x38>[B] (+0) +0.527667984<x39>[B] (+0) +0.527667984<x40>[B] (+1) +0.527667984<x41>[B] (+1) +0.527667984<x42>[B] (+1) +0.527667984<x43>[B] (+1) +0.527667984<x44>[B] (+0) +0.527667984<x45>[B] (+1) +0.527667984<x46>[B] (+0) +0.527667984<x47>[B] (+0) +0.527667984<x48>[B] (+1) +0.527667984<x49>[B] (+0) +0.527667984<x50>[B] (+0) +0.527667984<x51>[B] (+0) +0.527667984<x52>[B] (+0) +0.527667984<x53>[B] (+0) +0.527667984<x54>[B] (+1) +0.527667984<x55>[B] (+0) +0.527667984<x56>[B] (+0) +0.527667984<x57>[B] (+0) +0.527667984<x58>[B] (+0) +0.527667984<x59>[B] (+0) +0.527667984<x60>[B] (+1) +0.527667984<x61>[B] (+1) +0.527667984<x62>[B] (+0) +0.527667984<x63>[B] (+1) -0.527667984<x64>[B] (+1) +0.527667984<x65>[B] (+0) +0.527667984<x66>[B] (+1) +0.527667984<x67>[B] (+1) +0.527667984<x68>[B] (+0) -0.527667984<x69>[B] (+0) +0.527667984<x70>[B] (+0) -0.527667984<x71>[B] (+0) +0.527667984<x72>[B] (+0) +0.527667984<x73>[B] (+1) +0.527667984<x74>[B] (+1) +0.527667984<x75>[B] (+0) +0.527667984<x76>[B] (+1) +0.527667984<x77>[B] (+0) +0.527667984<x78>[B] (+0) +0.527667984<x79>[B] (+1) +0.527667984<x80>[B] (+1) +0.527667984<x81>[B] (+1) +0.527667984<x82>[B] (+1) +0.527667984<x83>[B] (+0) +0.527667984<x84>[B] (+0) +0.527667984<x85>[B] (+0) +0.527667984<x86>[B] (+0) +0.527667984<x87>[B] (+0) +0.527667984<x88>[B] (+0) +0.527667984<x89>[B] (+0) +0.527667984<x90>[B] (+0) +0.527667984<x91>[B] (+0) +0.527667984<x92>[B] (+0) +0.527667984<x93>[B] (+0) +0.527667984<x94>[B] (+0) +0.527667984<x95>[B] (+0) +0.527667984<x96>[B] (+0) +0.527667984<x97>[B] (+1) +0.527667984<x98>[B] (+0) +0.527667984<x99>[B] (+0) +0.527667984<x100>[B] (+1) -0.527667984<x101>[B] (+1) +0.527667984<x102>[B] (+1) -0.527667984<x103>[B] (+1) -0.527667984<x104>[B] (+1) -0.527667984<x105>[B] (+0) -0.527667984<x106>[B] (+0) -0.527667984<x107>[B] (+1) -0.527667984<x108>[B] (+1) +0.527667984<x109>[B] (+1) +0.527667984<x110>[B] (+0) -0.527667984<x111>[B] (+1) -0.527667984<x112>[B] (+0) +0.527667984<x113>[B] (+0) -0.527667984<x114>[B] (+1) -0.527667984<x115>[B] (+1) +0.527667984<x116>[B] (+1) -0.527667984<x117>[B] (+1) +0.527667984<x118>[B] (+1) -0.527667984<x119>[B] (+0) -0.527667984<x120>[B] (+0) +0.527667984<x121>[B] (+0) -0.527667984<x122>[B] (+0) +0.527667984<x123>[B] (+0) +0.527667984<x124>[B] (+1) +0.527667984<x125>[B] (+0) +0.527667984<x126>[B] (+0) +0.527667984<x127>[B] (+0) +0.527667984<x128>[B] (+0) +0.527667984<x129>[B] (+0) +0.527667984<x130>[B] (+1) +0.527667984<x131>[B] (+1) +0.527667984<x132>[B] (+1) +0.527667984<x133>[B] (+1) -0.527667984<x134>[B] (+0) -0.527667984<x135>[B] (+0) -0.527667984<x136>[B] (+0) -0.527667984<x137>[B] (+0) -0.527667984<x138>[B] (+0) -0.527667984<x139>[B] (+1) +0.527667984<x140>[B] (+0) +0.527667984<x141>[B] (+0) -0.527667984<x142>[B] (+0) -0.527667984<x143>[B] (+0) +0.527667984<x144>[B] (+0) -0.527667984<x145>[B] (+1) -0.527667984<x146>[B] (+1) +0.527667984<x147>[B] (+0) -0.527667984<x148>[B] (+1) -0.527667984<x149>[B] (+1) +0.527667984<x150>[B] (+0) -0.527667984<x151>[B] (+0) +0.527667984<x152>[B] (+0) +0.527667984<x153>[B] (+1) +0.527667984<x154>[B] (+1) +0.527667984<x155>[B] (+0) +0.527667984<x156>[B] (+1) +0.527667984<x157>[B] (+0) +0.527667984<x158>[B] (+0) +0.527667984<x159>[B] (+1) +0.527667984<x160>[B] (+1) +0.527667984<x161>[B] (+1) +0.527667984<x162>[B] (+1) +0.527667984<x163>[B] (+0) -0.527667984<x164>[B] (+0) +0.527667984<x165>[B] (+0) +0.527667984<x166>[B] (+1) +0.527667984<x167>[B] (+1) +0.527667984<x168>[B] (+0) +0.527667984<x169>[B] (+1) +0.527667984<x170>[B] (+0) +0.527667984<x171>[B] (+0) +0.527667984<x172>[B] (+1) +0.527667984<x173>[B] (+1) +0.527667984<x174>[B] (+1) +0.527667984<x175>[B] (+1) -0.527667984<x176>[B] (+1) +0.527667984<x177>[B] (+1) +0.527667984<x178>[B] (+1) +0.527667984<x179>[B] (+1) +0.527667984<x180>[B] (+0) +0.527667984<x181>[B] (+1) +0.527667984<x182>[B] (+1) +0.527667984<x183>[B] (+1) +0.527667984<x184>[B] (+1) +0.527667984<x185>[B] (+1) +0.527667984<x186>[B] (+1) +0.527667984<x187>[B] (+1) +0.527667984<x188>[B] (+1) +0.527667984<x189>[B] (+1) +0.527667984<x190>[B] (+1) +0.527667984<x191>[B] (+0) +0.527667984<x192>[B] (+1) +0.527667984<x193>[B] (+1) +0.527667984<x194>[B] (+0) +0.527667984<x195>[B] (+1) +0.527667984<x196>[B] (+1) +0.527667984<x197>[B] (+1) +0.527667984<x198>[B] (+1) +0.527667984<x199>[B] (+1) +0.527667984<x200>[B] (+1) +0.527667984<x201>[B] (+0) -0.527667984<x202>[B] (+1) +0.527667984<x203>[B] (+0) +0.527667984<x204>[B] (+0) +0.527667984<x205>[B] (+1) +0.527667984<x206>[B] (+1) +0.527667984<x207>[B] (+1) -0.527667984<x208>[B] (+1) +0.527667984<x209>[B] (+0) +0.527667984<x210>[B] (+0) -0.527667984<x211>[B] (+0) -0.527667984<x212>[B] (+0) +0.527667984<x213>[B] (+0) +0.527667984<x214>[B] (+1) -0.527667984<x215>[B] (+1) +0.527667984<x216>[B] (+0) -0.527667984<x217>[B] (+1) -0.527667984<x218>[B] (+0) -0.527667984<x219>[B] (+0) -0.527667984<x220>[B] (+0) -0.527667984<x221>[B] (+0) -0.527667984<x222>[B] (+1) -0.527667984<x223>[B] (+1) -0.527667984<x224>[B] (+1) -0.527667984<x225>[B] (+1) -0.527667984<x226>[B] (+1) -0.527667984<x227>[B] (+1) -0.527667984<x228>[B] (+1) -0.527667984<x229>[B] (+1) -0.527667984<x230>[B] (+1) -0.527667984<x231>[B] (+1) -0.527667984<x232>[B] (+1) +0.527667984<x233>[B] (+0) +0.527667984<x234>[B] (+0) +0.527667984<x235>[B] (+1) +0.527667984<x236>[B] (+1) +0.527667984<x237>[B] (+1) -0.527667984<x238>[B] (+1) +0.527667984<x239>[B] (+0) +0.527667984<x240>[B] (+1) -0.527667984<x241>[B] (+1) +0.527667984<x242>[B] (+1) -0.527667984<x243>[B] (+1) -0.527667984<x244>[B] (+1) -0.527667984<x245>[B] (+1) +0.527667984<x246>[B] (+1) -0.527667984<x247>[B] (+1) -0.527667984<x248>[B] (+0) +0.527667984<x249>[B] (+0) -0.527667984<x250>[B] (+1) +0.527667984<x251>[B] (+0) -0.527667984<x252>[B] (+1) -0.527667984<x253>[B] (+1) >= 57.6482213438735;
;
violation: left hand side is violated by 0.0158102766798294
  [linear] <c4001>: <x282>[C] (+32.3675889) -0.5<x1>[B] (+0) -0.5<x2>[B] (+0) +0.5<x3>[B] (+0) +0.5<x4>[B] (+1) +0.5<x5>[B] (+0) -0.5<x6>[B] (+0) +0.5<x7>[B] (+0) -0.5<x8>[B] (+0) +0.5<x9>[B] (+0) -0.5<x10>[B] (+0) -0.5<x11>[B] (+0) +0.5<x12>[B] (+0) +0.5<x13>[B] (+0) +0.5<x14>[B] (+0) +0.5<x15>[B] (+0) +0.5<x16>[B] (+0) +0.5<x17>[B] (+0) -0.5<x18>[B] (+0) -0.5<x19>[B] (+0) +0.5<x20>[B] (+0) +0.5<x21>[B] (+0) -0.5<x22>[B] (+0) +0.5<x23>[B] (+0) +0.5<x24>[B] (+0) +0.5<x25>[B] (+1) +0.5<x26>[B] (+0) +0.5<x27>[B] (+1) +0.5<x28>[B] (+1) +0.5<x29>[B] (+0) +0.5<x30>[B] (+1) +0.5<x31>[B] (+0) -0.5<x32>[B] (+0) +0.5<x33>[B] (+0) +0.5<x34>[B] (+1) +0.5<x35>[B] (+1) +0.5<x36>[B] (+0) +0.5<x37>[B] (+0) +0.5<x38>[B] (+0) +0.5<x39>[B] (+0) +0.5<x40>[B] (+1) +0.5<x41>[B] (+1) +0.5<x42>[B] (+1) -0.5<x43>[B] (+1) +0.5<x44>[B] (+0) +0.5<x45>[B] (+1) +0.5<x46>[B] (+0) +0.5<x47>[B] (+1) +0.5<x48>[B] (+1) +0.5<x49>[B] (+0) +0.5<x50>[B] (+1) +0.5<x51>[B] (+0) -0.5<x52>[B] (+0) +0.5<x53>[B] (+0) +0.5<x54>[B] (+1) +0.5<x55>[B] (+1) +0.5<x56>[B] (+0) +0.5<x57>[B] (+0) +0.5<x58>[B] (+0) +0.5<x59>[B] (+0) +0.5<x60>[B] (+1) +0.5<x61>[B] (+1) +0.5<x62>[B] (+1) -0.5<x63>[B] (+1) +0.5<x64>[B] (+1) +0.5<x65>[B] (+0) -0.5<x66>[B] (+1) -0.5<x67>[B] (+1) -0.5<x68>[B] (+0) -0.5<x69>[B] (+1) -0.5<x70>[B] (+0) -0.5<x71>[B] (+0) +0.5<x72>[B] (+0) +0.5<x73>[B] (+1) +0.5<x74>[B] (+1) +0.5<x75>[B] (+0) -0.5<x76>[B] (+0) +0.5<x77>[B] (+0) -0.5<x78>[B] (+0) -0.5<x79>[B] (+1) +0.5<x80>[B] (+1) +0.5<x81>[B] (+1) -0.5<x82>[B] (+1) -0.5<x83>[B] (+0) -0.5<x84>[B] (+0) -0.5<x85>[B] (+0) -0.5<x86>[B] (+0) -0.5<x87>[B] (+0) -0.5<x88>[B] (+0) -0.5<x89>[B] (+0) -0.5<x90>[B] (+0) -0.5<x91>[B] (+0) -0.5<x92>[B] (+0) -0.5<x93>[B] (+0) -0.5<x94>[B] (+0) -0.5<x95>[B] (+0) -0.5<x96>[B] (+0) -0.5<x97>[B] (+0) -0.5<x98>[B] (+0) +0.5<x99>[B] (+0) -0.5<x100>[B] (+0) -0.5<x101>[B] (+1) -0.5<x102>[B] (+1) -0.5<x103>[B] (+0) -0.5<x104>[B] (+1) -0.5<x105>[B] (+0) -0.5<x106>[B] (+0) +0.5<x107>[B] (+1) -0.5<x108>[B] (+1) -0.5<x109>[B] (+1) -0.5<x110>[B] (+0) -0.5<x111>[B] (+1) +0.5<x112>[B] (+0) -0.5<x113>[B] (+0) -0.5<x114>[B] (+1) -0.5<x115>[B] (+1) +0.5<x116>[B] (+1) -0.5<x117>[B] (+1) +0.5<x118>[B] (+1) -0.5<x119>[B] (+0) +0.5<x120>[B] (+0) +0.5<x121>[B] (+0) -0.5<x122>[B] (+0) +0.5<x123>[B] (+0) +0.5<x124>[B] (+1) +0.5<x125>[B] (+0) +0.5<x126>[B] (+0) +0.5<x127>[B] (+0) +0.5<x128>[B] (+0) +0.5<x129>[B] (+0) -0.5<x130>[B] (+1) +0.5<x131>[B] (+0) +0.5<x132>[B] (+0) -0.5<x133>[B] (+1) -0.5<x134>[B] (+0) +0.5<x135>[B] (+0) -0.5<x136>[B] (+0) -0.5<x137>[B] (+0) +0.5<x138>[B] (+0) +0.5<x139>[B] (+0) +0.5<x140>[B] (+0) +0.5<x141>[B] (+0) +0.5<x142>[B] (+0) +0.5<x143>[B] (+0) -0.5<x144>[B] (+0) -0.5<x145>[B] (+0) +0.5<x146>[B] (+0) +0.5<x147>[B] (+0) -0.5<x148>[B] (+1) +0.5<x149>[B] (+1) +0.5<x150>[B] (+0) -0.5<x151>[B] (+0) +0.5<x152>[B] (+1) +0.5<x153>[B] (+1) +0.5<x154>[B] (+1) +0.5<x155>[B] (+0) +0.5<x156>[B] (+1) +0.5<x157>[B] (+0) +0.5<x158>[B] (+0) +0.5<x159>[B] (+1) +0.5<x160>[B] (+1) +0.5<x161>[B] (+1) -0.5<x162>[B] (+1) -0.5<x163>[B] (+0) -0.5<x164>[B] (+0) +0.5<x165>[B] (+0) +0.5<x166>[B] (+1) +0.5<x167>[B] (+0) +0.5<x168>[B] (+0) -0.5<x169>[B] (+0) +0.5<x170>[B] (+0) -0.5<x171>[B] (+0) -0.5<x172>[B] (+1) +0.5<x173>[B] (+1) +0.5<x174>[B] (+0) -0.5<x175>[B] (+1) -0.5<x176>[B] (+1) +0.5<x177>[B] (+1) +0.5<x178>[B] (+1) +0.5<x179>[B] (+1) +0.5<x180>[B] (+1) +0.5<x181>[B] (+1) +0.5<x182>[B] (+1) -0.5<x183>[B] (+1) -0.5<x184>[B] (+1) +0.5<x185>[B] (+1) +0.5<x186>[B] (+1) -0.5<x187>[B] (+1) +0.5<x188>[B] (+1) +0.5<x189>[B] (+1) +0.5<x190>[B] (+1) +0.5<x191>[B] (+0) +0.5<x192>[B] (+1) +0.5<x193>[B] (+1) +0.5<x194>[B] (+1) +0.5<x195>[B] (+1) +0.5<x196>[B] (+1) +0.5<x197>[B] (+1) +0.5<x198>[B] (+1) -0.5<x199>[B] (+1) -0.5<x200>[B] (+1) -0.5<x201>[B] (+0) -0.5<x202>[B] (+1) +0.5<x203>[B] (+0) -0.5<x204>[B] (+0) -0.5<x205>[B] (+1) -0.5<x206>[B] (+1) +0.5<x207>[B] (+1) -0.5<x208>[B] (+1) -0.5<x209>[B] (+0) +0.5<x210>[B] (+0) -0.5<x211>[B] (+0) +0.5<x212>[B] (+0) -0.5<x213>[B] (+0) -0.5<x214>[B] (+1) -0.5<x215>[B] (+0) +0.5<x216>[B] (+0) -0.5<x217>[B] (+1) +0.5<x218>[B] (+0) -0.5<x219>[B] (+0) +0.5<x220>[B] (+0) -0.5<x221>[B] (+0) -0.5<x222>[B] (+1) -0.5<x223>[B] (+1) +0.5<x224>[B] (+1) -0.5<x225>[B] (+1) -0.5<x226>[B] (+1) +0.5<x227>[B] (+1) -0.5<x228>[B] (+1) -0.5<x229>[B] (+1) -0.5<x230>[B] (+1) +0.5<x231>[B] (+1) -0.5<x232>[B] (+1) +0.5<x233>[B] (+0) -0.5<x234>[B] (+0) -0.5<x235>[B] (+1) +0.5<x236>[B] (+1) +0.5<x237>[B] (+1) -0.5<x238>[B] (+1) -0.5<x239>[B] (+0) -0.5<x240>[B] (+1) -0.5<x241>[B] (+1) +0.5<x242>[B] (+1) -0.5<x243>[B] (+1) -0.5<x244>[B] (+1) +0.5<x245>[B] (+1) +0.5<x246>[B] (+1) -0.5<x247>[B] (+1) +0.5<x248>[B] (+0) +0.5<x249>[B] (+0) -0.5<x250>[B] (+1) +0.5<x251>[B] (+0) -0.5<x252>[B] (+1) -0.5<x253>[B] (+1) >= 38.8754940711462;
;
violation: left hand side is violated by 0.00790513833995021
  [linear] <c4014>: <x307>[C] (+39.8458498) -0.563241107<x1>[B] (+0) -0.563241107<x2>[B] (+0) +0.563241107<x3>[B] (+0) -0.563241107<x4>[B] (+0) +0.563241107<x5>[B] (+0) -0.563241107<x6>[B] (+0) -0.563241107<x7>[B] (+0) -0.563241107<x8>[B] (+0) -0.563241107<x9>[B] (+0) -0.563241107<x10>[B] (+0) -0.563241107<x11>[B] (+0) -0.563241107<x12>[B] (+0) -0.563241107<x13>[B] (+1) -0.563241107<x14>[B] (+0) -0.563241107<x15>[B] (+0) +0.563241107<x16>[B] (+0) +0.563241107<x17>[B] (+0) +0.563241107<x18>[B] (+0) -0.563241107<x19>[B] (+0) +0.563241107<x20>[B] (+0) -0.563241107<x21>[B] (+0) -0.563241107<x22>[B] (+1) -0.563241107<x23>[B] (+0) +0.563241107<x24>[B] (+0) -0.563241107<x25>[B] (+1) +0.563241107<x26>[B] (+0) -0.563241107<x27>[B] (+1) +0.563241107<x28>[B] (+1) -0.563241107<x29>[B] (+0) -0.563241107<x30>[B] (+1) -0.563241107<x31>[B] (+0) +0.563241107<x32>[B] (+0) -0.563241107<x33>[B] (+0) -0.563241107<x34>[B] (+1) -0.563241107<x35>[B] (+1) +0.563241107<x36>[B] (+0) +0.563241107<x37>[B] (+0) +0.563241107<x38>[B] (+0) +0.563241107<x39>[B] (+0) -0.563241107<x40>[B] (+1) +0.563241107<x41>[B] (+1) -0.563241107<x42>[B] (+1) +0.563241107<x43>[B] (+1) +0.563241107<x44>[B] (+0) -0.563241107<x45>[B] (+1) +0.563241107<x46>[B] (+0) -0.563241107<x47>[B] (+1) +0.563241107<x48>[B] (+1) -0.563241107<x49>[B] (+0) -0.563241107<x50>[B] (+1) -0.563241107<x51>[B] (+0) +0.563241107<x52>[B] (+0) -0.563241107<x53>[B] (+0) -0.563241107<x54>[B] (+1) -0.563241107<x55>[B] (+1) +0.563241107<x56>[B] (+0) +0.563241107<x57>[B] (+0) +0.563241107<x58>[B] (+0) +0.563241107<x59>[B] (+0) -0.563241107<x60>[B] (+1) +0.563241107<x61>[B] (+1) -0.563241107<x62>[B] (+1) +0.563241107<x63>[B] (+1) -0.563241107<x64>[B] (+1) +0.563241107<x65>[B] (+0) -0.563241107<x66>[B] (+1) -0.563241107<x67>[B] (+1) -0.563241107<x68>[B] (+0) -0.563241107<x69>[B] (+1) -0.563241107<x70>[B] (+0) -0.563241107<x71>[B] (+0) -0.563241107<x72>[B] (+0) -0.563241107<x73>[B] (+1) -0.563241107<x74>[B] (+1) -0.563241107<x75>[B] (+0) +0.563241107<x76>[B] (+1) -0.563241107<x77>[B] (+0) +0.563241107<x78>[B] (+0) -0.563241107<x79>[B] (+1) +0.563241107<x80>[B] (+1) -0.563241107<x81>[B] (+1) -0.563241107<x82>[B] (+1) +0.563241107<x83>[B] (+0) -0.563241107<x84>[B] (+0) +0.563241107<x85>[B] (+1) +0.563241107<x86>[B] (+0) +0.563241107<x87>[B] (+0) +0.563241107<x88>[B] (+0) +0.563241107<x89>[B] (+0) +0.563241107<x90>[B] (+0) +0.563241107<x91>[B] (+1) +0.563241107<x92>[B] (+0) +0.563241107<x93>[B] (+0) +0.563241107<x94>[B] (+0) +0.563241107<x95>[B] (+0) +0.563241107<x96>[B] (+0) +0.563241107<x97>[B] (+1) +0.563241107<x98>[B] (+0) +0.563241107<x99>[B] (+0) +0.563241107<x100>[B] (+1) -0.563241107<x101>[B] (+1) -0.563241107<x102>[B] (+1) -0.563241107<x103>[B] (+0) -0.563241107<x104>[B] (+1) -0.563241107<x105>[B] (+0) -0.563241107<x106>[B] (+0) -0.563241107<x107>[B] (+0) -0.563241107<x108>[B] (+1) -0.563241107<x109>[B] (+1) -0.563241107<x110>[B] (+0) -0.563241107<x111>[B] (+1) -0.563241107<x112>[B] (+0) -0.563241107<x113>[B] (+0) -0.563241107<x114>[B] (+1) -0.563241107<x115>[B] (+1) -0.563241107<x116>[B] (+1) -0.563241107<x117>[B] (+1) +0.563241107<x118>[B] (+1) +0.563241107<x119>[B] (+0) +0.563241107<x120>[B] (+0) +0.563241107<x121>[B] (+0) +0.563241107<x122>[B] (+0) +0.563241107<x123>[B] (+0) +0.563241107<x124>[B] (+1) +0.563241107<x125>[B] (+0) +0.563241107<x126>[B] (+0) +0.563241107<x127>[B] (+0) +0.563241107<x128>[B] (+0) +0.563241107<x129>[B] (+0) +0.563241107<x130>[B] (+1) +0.563241107<x131>[B] (+0) +0.563241107<x132>[B] (+0) +0.563241107<x133>[B] (+1) -0.563241107<x134>[B] (+0) -0.563241107<x135>[B] (+0) -0.563241107<x136>[B] (+0) +0.563241107<x137>[B] (+0) -0.563241107<x138>[B] (+0) -0.563241107<x139>[B] (+1) -0.563241107<x140>[B] (+0) -0.563241107<x141>[B] (+0) +0.563241107<x142>[B] (+0) +0.563241107<x143>[B] (+0) +0.563241107<x144>[B] (+0) -0.563241107<x145>[B] (+1) +0.563241107<x146>[B] (+0) -0.563241107<x147>[B] (+0) -0.563241107<x148>[B] (+1) +0.563241107<x149>[B] (+1) -0.563241107<x150>[B] (+0) +0.563241107<x151>[B] (+0) +0.563241107<x152>[B] (+1) +0.563241107<x153>[B] (+1) -0.563241107<x154>[B] (+1) +0.563241107<x155>[B] (+0) +0.563241107<x156>[B] (+1) +0.563241107<x157>[B] (+0) +0.563241107<x158>[B] (+0) +0.563241107<x159>[B] (+1) +0.563241107<x160>[B] (+1) -0.563241107<x161>[B] (+1) +0.563241107<x162>[B] (+1) -0.563241107<x163>[B] (+0) +0.563241107<x164>[B] (+0) -0.563241107<x165>[B] (+0) -0.563241107<x166>[B] (+1) -0.563241107<x167>[B] (+0) +0.563241107<x168>[B] (+0) +0.563241107<x169>[B] (+0) +0.563241107<x170>[B] (+0) +0.563241107<x171>[B] (+0) -0.563241107<x172>[B] (+1) +0.563241107<x173>[B] (+0) -0.563241107<x174>[B] (+0) +0.563241107<x175>[B] (+1) +0.563241107<x176>[B] (+1) +0.563241107<x177>[B] (+1) +0.563241107<x178>[B] (+1) +0.563241107<x179>[B] (+1) +0.563241107<x180>[B] (+1) +0.563241107<x181>[B] (+1) +0.563241107<x182>[B] (+1) +0.563241107<x183>[B] (+1) +0.563241107<x184>[B] (+1) +0.563241107<x185>[B] (+1) +0.563241107<x186>[B] (+1) +0.563241107<x187>[B] (+1) -0.563241107<x188>[B] (+1) -0.563241107<x189>[B] (+1) -0.563241107<x190>[B] (+1) -0.563241107<x191>[B] (+0) +0.563241107<x192>[B] (+1) +0.563241107<x193>[B] (+1) +0.563241107<x194>[B] (+1) -0.563241107<x195>[B] (+1) +0.563241107<x196>[B] (+1) -0.563241107<x197>[B] (+1) -0.563241107<x198>[B] (+1) +0.563241107<x199>[B] (+1) -0.563241107<x200>[B] (+1) +0.563241107<x201>[B] (+0) +0.563241107<x202>[B] (+1) +0.563241107<x203>[B] (+0) +0.563241107<x204>[B] (+0) +0.563241107<x205>[B] (+1) +0.563241107<x206>[B] (+1) -0.563241107<x207>[B] (+1) +0.563241107<x208>[B] (+1) -0.563241107<x209>[B] (+0) +0.563241107<x210>[B] (+0) +0.563241107<x211>[B] (+0) +0.563241107<x212>[B] (+0) +0.563241107<x213>[B] (+0) +0.563241107<x214>[B] (+0) +0.563241107<x215>[B] (+0) -0.563241107<x216>[B] (+0) +0.563241107<x217>[B] (+0) +0.563241107<x218>[B] (+0) +0.563241107<x219>[B] (+0) +0.563241107<x220>[B] (+0) +0.563241107<x221>[B] (+0) +0.563241107<x222>[B] (+1) +0.563241107<x223>[B] (+1) +0.563241107<x224>[B] (+1) +0.563241107<x225>[B] (+1) +0.563241107<x226>[B] (+1) +0.563241107<x227>[B] (+1) +0.563241107<x228>[B] (+1) -0.563241107<x229>[B] (+1) +0.563241107<x230>[B] (+1) -0.563241107<x231>[B] (+1) -0.563241107<x232>[B] (+1) -0.563241107<x233>[B] (+0) +0.563241107<x234>[B] (+0) -0.563241107<x235>[B] (+1) +0.563241107<x236>[B] (+1) -0.563241107<x237>[B] (+1) -0.563241107<x238>[B] (+1) +0.563241107<x239>[B] (+0) -0.563241107<x240>[B] (+1) +0.563241107<x241>[B] (+1) -0.563241107<x242>[B] (+1) -0.563241107<x243>[B] (+1) -0.563241107<x244>[B] (+1) +0.563241107<x245>[B] (+1) -0.563241107<x246>[B] (+1) -0.563241107<x247>[B] (+1) +0.563241107<x248>[B] (+0) -0.563241107<x249>[B] (+0) +0.563241107<x250>[B] (+1) -0.563241107<x251>[B] (+0) -0.563241107<x252>[B] (+1) +0.563241107<x253>[B] (+1) >= 37.0335968379447;
;
violation: left hand side is violated by 0.0039525691699609
  [linear] <c4009>: <x300>[C] (+35.4822134) -0.527667984<x1>[B] (+0) +0.527667984<x2>[B] (+0) -0.527667984<x3>[B] (+0) +0.527667984<x4>[B] (+0) -0.527667984<x5>[B] (+0) -0.527667984<x6>[B] (+0) +0.527667984<x7>[B] (+0) +0.527667984<x8>[B] (+0) -0.527667984<x9>[B] (+0) +0.527667984<x10>[B] (+0) +0.527667984<x11>[B] (+0) -0.527667984<x12>[B] (+0) +0.527667984<x13>[B] (+1) +0.527667984<x14>[B] (+0) -0.527667984<x15>[B] (+0) +0.527667984<x16>[B] (+0) +0.527667984<x17>[B] (+0) -0.527667984<x18>[B] (+0) +0.527667984<x19>[B] (+1) +0.527667984<x20>[B] (+0) -0.527667984<x21>[B] (+0) -0.527667984<x22>[B] (+1) +0.527667984<x23>[B] (+0) -0.527667984<x24>[B] (+0) +0.527667984<x25>[B] (+1) -0.527667984<x26>[B] (+0) -0.527667984<x27>[B] (+1) +0.527667984<x28>[B] (+1) +0.527667984<x29>[B] (+0) -0.527667984<x30>[B] (+1) +0.527667984<x31>[B] (+0) +0.527667984<x32>[B] (+0) -0.527667984<x33>[B] (+0) +0.527667984<x34>[B] (+1) +0.527667984<x35>[B] (+0) -0.527667984<x36>[B] (+0) +0.527667984<x37>[B] (+0) +0.527667984<x38>[B] (+0) +0.527667984<x39>[B] (+0) +0.527667984<x40>[B] (+1) +0.527667984<x41>[B] (+1) -0.527667984<x42>[B] (+0) -0.527667984<x43>[B] (+1) -0.527667984<x44>[B] (+0) -0.527667984<x45>[B] (+1) -0.527667984<x46>[B] (+0) -0.527667984<x47>[B] (+1) -0.527667984<x48>[B] (+1) -0.527667984<x49>[B] (+0) -0.527667984<x50>[B] (+1) +0.527667984<x51>[B] (+0) +0.527667984<x52>[B] (+0) -0.527667984<x53>[B] (+0) -0.527667984<x54>[B] (+1) -0.527667984<x55>[B] (+0) -0.527667984<x56>[B] (+0) +0.527667984<x57>[B] (+0) -0.527667984<x58>[B] (+0) -0.527667984<x59>[B] (+0) -0.527667984<x60>[B] (+1) -0.527667984<x61>[B] (+1) -0.527667984<x62>[B] (+0) -0.527667984<x63>[B] (+1) +0.527667984<x64>[B] (+1) -0.527667984<x65>[B] (+0) -0.527667984<x66>[B] (+1) +0.527667984<x67>[B] (+1) +0.527667984<x68>[B] (+0) -0.527667984<x69>[B] (+1) +0.527667984<x70>[B] (+0) +0.527667984<x71>[B] (+0) -0.527667984<x72>[B] (+0) +0.527667984<x73>[B] (+1) +0.527667984<x74>[B] (+0) -0.527667984<x75>[B] (+0) +0.527667984<x76>[B] (+1) +0.527667984<x77>[B] (+0) +0.527667984<x78>[B] (+0) +0.527667984<x79>[B] (+1) +0.527667984<x80>[B] (+1) +0.527667984<x81>[B] (+1) +0.527667984<x82>[B] (+1) -0.527667984<x83>[B] (+0) -0.527667984<x84>[B] (+0) +0.527667984<x85>[B] (+0) +0.527667984<x86>[B] (+0) -0.527667984<x87>[B] (+0) +0.527667984<x88>[B] (+0) +0.527667984<x89>[B] (+0) -0.527667984<x90>[B] (+0) -0.527667984<x91>[B] (+1) +0.527667984<x92>[B] (+0) -0.527667984<x93>[B] (+0) +0.527667984<x94>[B] (+0) -0.527667984<x95>[B] (+0) -0.527667984<x96>[B] (+0) +0.527667984<x97>[B] (+1) +0.527667984<x98>[B] (+0) -0.527667984<x99>[B] (+0) -0.527667984<x100>[B] (+1) -0.527667984<x101>[B] (+1) +0.527667984<x102>[B] (+1) +0.527667984<x103>[B] (+0) -0.527667984<x104>[B] (+1) +0.527667984<x105>[B] (+0) +0.527667984<x106>[B] (+0) -0.527667984<x107>[B] (+1) +0.527667984<x108>[B] (+1) +0.527667984<x109>[B] (+1) -0.527667984<x110>[B] (+0) +0.527667984<x111>[B] (+1) +0.527667984<x112>[B] (+1) +0.527667984<x113>[B] (+0) +0.527667984<x114>[B] (+1) +0.527667984<x115>[B] (+1) +0.527667984<x116>[B] (+1) +0.527667984<x117>[B] (+1) +0.527667984<x118>[B] (+1) +0.527667984<x119>[B] (+0) -0.527667984<x120>[B] (+0) +0.527667984<x121>[B] (+0) +0.527667984<x122>[B] (+0) +0.527667984<x123>[B] (+0) +0.527667984<x124>[B] (+1) +0.527667984<x125>[B] (+0) -0.527667984<x126>[B] (+0) +0.527667984<x127>[B] (+0) +0.527667984<x128>[B] (+0) +0.527667984<x129>[B] (+0) +0.527667984<x130>[B] (+1) +0.527667984<x131>[B] (+0) +0.527667984<x132>[B] (+0) +0.527667984<x133>[B] (+1) -0.527667984<x134>[B] (+0) -0.527667984<x135>[B] (+0) +0.527667984<x136>[B] (+0) +0.527667984<x137>[B] (+0) -0.527667984<x138>[B] (+0) -0.527667984<x139>[B] (+1) +0.527667984<x140>[B] (+0) -0.527667984<x141>[B] (+0) +0.527667984<x142>[B] (+0) -0.527667984<x143>[B] (+0) -0.527667984<x144>[B] (+0) -0.527667984<x145>[B] (+1) -0.527667984<x146>[B] (+0) -0.527667984<x147>[B] (+0) -0.527667984<x148>[B] (+1) -0.527667984<x149>[B] (+1) +0.527667984<x150>[B] (+0) +0.527667984<x151>[B] (+0) -0.527667984<x152>[B] (+1) -0.527667984<x153>[B] (+1) +0.527667984<x154>[B] (+1) -0.527667984<x155>[B] (+0) +0.527667984<x156>[B] (+1) -0.527667984<x157>[B] (+1) -0.527667984<x158>[B] (+0) +0.527667984<x159>[B] (+1) +0.527667984<x160>[B] (+1) -0.527667984<x161>[B] (+1) -0.527667984<x162>[B] (+1) +0.527667984<x163>[B] (+0) +0.527667984<x164>[B] (+0) +0.527667984<x165>[B] (+0) +0.527667984<x166>[B] (+1) +0.527667984<x167>[B] (+0) +0.527667984<x168>[B] (+0) +0.527667984<x169>[B] (+0) +0.527667984<x170>[B] (+0) +0.527667984<x171>[B] (+0) +0.527667984<x172>[B] (+1) +0.527667984<x173>[B] (+0) +0.527667984<x174>[B] (+0) +0.527667984<x175>[B] (+1) -0.527667984<x176>[B] (+1) -0.527667984<x177>[B] (+1) -0.527667984<x178>[B] (+1) -0.527667984<x179>[B] (+1) -0.527667984<x180>[B] (+1) -0.527667984<x181>[B] (+1) -0.527667984<x182>[B] (+1) -0.527667984<x183>[B] (+1) -0.527667984<x184>[B] (+1) -0.527667984<x185>[B] (+1) -0.527667984<x186>[B] (+1) -0.527667984<x187>[B] (+1) -0.527667984<x188>[B] (+1) -0.527667984<x189>[B] (+1) -0.527667984<x190>[B] (+1) -0.527667984<x191>[B] (+0) +0.527667984<x192>[B] (+1) -0.527667984<x193>[B] (+1) -0.527667984<x194>[B] (+1) -0.527667984<x195>[B] (+1) -0.527667984<x196>[B] (+1) -0.527667984<x197>[B] (+1) -0.527667984<x198>[B] (+1) +0.527667984<x199>[B] (+1) +0.527667984<x200>[B] (+0) -0.527667984<x201>[B] (+0) +0.527667984<x202>[B] (+1) +0.527667984<x203>[B] (+0) +0.527667984<x204>[B] (+0) +0.527667984<x205>[B] (+1) +0.527667984<x206>[B] (+1) +0.527667984<x207>[B] (+1) +0.527667984<x208>[B] (+1) +0.527667984<x209>[B] (+0) -0.527667984<x210>[B] (+0) +0.527667984<x211>[B] (+0) +0.527667984<x212>[B] (+0) -0.527667984<x213>[B] (+0) +0.527667984<x214>[B] (+0) +0.527667984<x215>[B] (+0) -0.527667984<x216>[B] (+0) -0.527667984<x217>[B] (+0) -0.527667984<x218>[B] (+0) +0.527667984<x219>[B] (+1) -0.527667984<x220>[B] (+0) -0.527667984<x221>[B] (+0) -0.527667984<x222>[B] (+1) -0.527667984<x223>[B] (+1) -0.527667984<x224>[B] (+1) -0.527667984<x225>[B] (+1) +0.527667984<x226>[B] (+1) +0.527667984<x227>[B] (+1) +0.527667984<x228>[B] (+1) +0.527667984<x229>[B] (+1) +0.527667984<x230>[B] (+1) +0.527667984<x231>[B] (+1) +0.527667984<x232>[B] (+1) -0.527667984<x233>[B] (+0) -0.527667984<x234>[B] (+0) -0.527667984<x235>[B] (+1) -0.527667984<x236>[B] (+1) -0.527667984<x237>[B] (+0) -0.527667984<x238>[B] (+1) -0.527667984<x239>[B] (+0) +0.527667984<x240>[B] (+1) +0.527667984<x241>[B] (+1) -0.527667984<x242>[B] (+1) -0.527667984<x243>[B] (+1) +0.527667984<x244>[B] (+1) +0.527667984<x245>[B] (+1) -0.527667984<x246>[B] (+1) -0.527667984<x247>[B] (+1) -0.527667984<x248>[B] (+0) -0.527667984<x249>[B] (+0) -0.527667984<x250>[B] (+1) -0.527667984<x251>[B] (+0) -0.527667984<x252>[B] (+1) +0.527667984<x253>[B] (+1) >= 32.3201581027668;
;
violation: left hand side is violated by 0.00395256916999642
  [linear] <c4009>: <x300>[C] (+35.4822134) -0.527667984<x1>[B] (+0) +0.527667984<x2>[B] (+0) -0.527667984<x3>[B] (+0) +0.527667984<x4>[B] (+0) -0.527667984<x5>[B] (+0) -0.527667984<x6>[B] (+0) +0.527667984<x7>[B] (+0) +0.527667984<x8>[B] (+0) -0.527667984<x9>[B] (+0) +0.527667984<x10>[B] (+0) +0.527667984<x11>[B] (+0) -0.527667984<x12>[B] (+0) +0.527667984<x13>[B] (+0) +0.527667984<x14>[B] (+0) -0.527667984<x15>[B] (+0) +0.527667984<x16>[B] (+0) +0.527667984<x17>[B] (+0) -0.527667984<x18>[B] (+0) +0.527667984<x19>[B] (+0) +0.527667984<x20>[B] (+0) -0.527667984<x21>[B] (+0) -0.527667984<x22>[B] (+0) +0.527667984<x23>[B] (+1) -0.527667984<x24>[B] (+0) +0.527667984<x25>[B] (+1) -0.527667984<x26>[B] (+1) -0.527667984<x27>[B] (+1) +0.527667984<x28>[B] (+1) +0.527667984<x29>[B] (+0) -0.527667984<x30>[B] (+1) +0.527667984<x31>[B] (+0) +0.527667984<x32>[B] (+0) -0.527667984<x33>[B] (+1) +0.527667984<x34>[B] (+1) +0.527667984<x35>[B] (+1) -0.527667984<x36>[B] (+0) +0.527667984<x37>[B] (+1) +0.527667984<x38>[B] (+0) +0.527667984<x39>[B] (+0) +0.527667984<x40>[B] (+1) +0.527667984<x41>[B] (+1) -0.527667984<x42>[B] (+1) -0.527667984<x43>[B] (+1) -0.527667984<x44>[B] (+0) -0.527667984<x45>[B] (+1) -0.527667984<x46>[B] (+0) -0.527667984<x47>[B] (+1) -0.527667984<x48>[B] (+1) -0.527667984<x49>[B] (+0) -0.527667984<x50>[B] (+1) +0.527667984<x51>[B] (+0) +0.527667984<x52>[B] (+0) -0.527667984<x53>[B] (+0) -0.527667984<x54>[B] (+1) -0.527667984<x55>[B] (+0) -0.527667984<x56>[B] (+0) +0.527667984<x57>[B] (+0) -0.527667984<x58>[B] (+0) -0.527667984<x59>[B] (+0) -0.527667984<x60>[B] (+1) -0.527667984<x61>[B] (+1) -0.527667984<x62>[B] (+1) -0.527667984<x63>[B] (+1) +0.527667984<x64>[B] (+1) -0.527667984<x65>[B] (+1) -0.527667984<x66>[B] (+1) +0.527667984<x67>[B] (+1) +0.527667984<x68>[B] (+0) -0.527667984<x69>[B] (+1) +0.527667984<x70>[B] (+0) +0.527667984<x71>[B] (+0) -0.527667984<x72>[B] (+1) +0.527667984<x73>[B] (+1) +0.527667984<x74>[B] (+1) -0.527667984<x75>[B] (+0) +0.527667984<x76>[B] (+1) +0.527667984<x77>[B] (+0) +0.527667984<x78>[B] (+0) +0.527667984<x79>[B] (+1) +0.527667984<x80>[B] (+1) +0.527667984<x81>[B] (+1) +0.527667984<x82>[B] (+1) -0.527667984<x83>[B] (+0) -0.527667984<x84>[B] (+1) +0.527667984<x85>[B] (+1) +0.527667984<x86>[B] (+0) -0.527667984<x87>[B] (+0) +0.527667984<x88>[B] (+0) +0.527667984<x89>[B] (+0) -0.527667984<x90>[B] (+0) -0.527667984<x91>[B] (+1) +0.527667984<x92>[B] (+0) -0.527667984<x93>[B] (+0) +0.527667984<x94>[B] (+0) -0.527667984<x95>[B] (+0) -0.527667984<x96>[B] (+0) +0.527667984<x97>[B] (+1) +0.527667984<x98>[B] (+1) -0.527667984<x99>[B] (+0) -0.527667984<x100>[B] (+1) -0.527667984<x101>[B] (+1) +0.527667984<x102>[B] (+1) +0.527667984<x103>[B] (+0) -0.527667984<x104>[B] (+1) +0.527667984<x105>[B] (+0) +0.527667984<x106>[B] (+0) -0.527667984<x107>[B] (+1) +0.527667984<x108>[B] (+1) +0.527667984<x109>[B] (+1) -0.527667984<x110>[B] (+0) +0.527667984<x111>[B] (+1) +0.527667984<x112>[B] (+0) +0.527667984<x113>[B] (+0) +0.527667984<x114>[B] (+1) +0.527667984<x115>[B] (+1) +0.527667984<x116>[B] (+1) +0.527667984<x117>[B] (+1) +0.527667984<x118>[B] (+1) +0.527667984<x119>[B] (+0) -0.527667984<x120>[B] (+0) +0.527667984<x121>[B] (+0) +0.527667984<x122>[B] (+0) +0.527667984<x123>[B] (+0) +0.527667984<x124>[B] (+1) +0.527667984<x125>[B] (+0) -0.527667984<x126>[B] (+0) +0.527667984<x127>[B] (+0) +0.527667984<x128>[B] (+0) +0.527667984<x129>[B] (+0) +0.527667984<x130>[B] (+1) +0.527667984<x131>[B] (+0) +0.527667984<x132>[B] (+0) +0.527667984<x133>[B] (+1) -0.527667984<x134>[B] (+0) -0.527667984<x135>[B] (+0) +0.527667984<x136>[B] (+0) +0.527667984<x137>[B] (+0) -0.527667984<x138>[B] (+0) -0.527667984<x139>[B] (+1) +0.527667984<x140>[B] (+0) -0.527667984<x141>[B] (+0) +0.527667984<x142>[B] (+0) -0.527667984<x143>[B] (+0) -0.527667984<x144>[B] (+0) -0.527667984<x145>[B] (+1) -0.527667984<x146>[B] (+0) -0.527667984<x147>[B] (+0) -0.527667984<x148>[B] (+1) -0.527667984<x149>[B] (+1) +0.527667984<x150>[B] (+0) +0.527667984<x151>[B] (+0) -0.527667984<x152>[B] (+1) -0.527667984<x153>[B] (+1) +0.527667984<x154>[B] (+1) -0.527667984<x155>[B] (+0) +0.527667984<x156>[B] (+1) -0.527667984<x157>[B] (+1) -0.527667984<x158>[B] (+0) +0.527667984<x159>[B] (+1) +0.527667984<x160>[B] (+1) -0.527667984<x161>[B] (+1) -0.527667984<x162>[B] (+1) +0.527667984<x163>[B] (+0) +0.527667984<x164>[B] (+0) +0.527667984<x165>[B] (+0) +0.527667984<x166>[B] (+1) +0.527667984<x167>[B] (+0) +0.527667984<x168>[B] (+0) +0.527667984<x169>[B] (+0) +0.527667984<x170>[B] (+0) +0.527667984<x171>[B] (+0) +0.527667984<x172>[B] (+1) +0.527667984<x173>[B] (+1) +0.527667984<x174>[B] (+1) +0.527667984<x175>[B] (+1) -0.527667984<x176>[B] (+1) -0.527667984<x177>[B] (+1) -0.527667984<x178>[B] (+1) -0.527667984<x179>[B] (+1) -0.527667984<x180>[B] (+1) -0.527667984<x181>[B] (+1) -0.527667984<x182>[B] (+1) -0.527667984<x183>[B] (+1) -0.527667984<x184>[B] (+1) -0.527667984<x185>[B] (+1) -0.527667984<x186>[B] (+1) -0.527667984<x187>[B] (+1) -0.527667984<x188>[B] (+1) -0.527667984<x189>[B] (+1) -0.527667984<x190>[B] (+1) -0.527667984<x191>[B] (+0) +0.527667984<x192>[B] (+1) -0.527667984<x193>[B] (+1) -0.527667984<x194>[B] (+0) -0.527667984<x195>[B] (+1) -0.527667984<x196>[B] (+1) -0.527667984<x197>[B] (+1) -0.527667984<x198>[B] (+1) +0.527667984<x199>[B] (+1) +0.527667984<x200>[B] (+1) -0.527667984<x201>[B] (+0) +0.527667984<x202>[B] (+1) +0.527667984<x203>[B] (+0) +0.527667984<x204>[B] (+0) +0.527667984<x205>[B] (+1) +0.527667984<x206>[B] (+1) +0.527667984<x207>[B] (+1) +0.527667984<x208>[B] (+1) +0.527667984<x209>[B] (+0) -0.527667984<x210>[B] (+0) +0.527667984<x211>[B] (+0) +0.527667984<x212>[B] (+0) -0.527667984<x213>[B] (+0) +0.527667984<x214>[B] (+0) +0.527667984<x215>[B] (+0) -0.527667984<x216>[B] (+0) -0.527667984<x217>[B] (+0) -0.527667984<x218>[B] (+0) +0.527667984<x219>[B] (+1) -0.527667984<x220>[B] (+0) -0.527667984<x221>[B] (+0) -0.527667984<x222>[B] (+1) -0.527667984<x223>[B] (+1) -0.527667984<x224>[B] (+1) -0.527667984<x225>[B] (+1) +0.527667984<x226>[B] (+1) +0.527667984<x227>[B] (+1) +0.527667984<x228>[B] (+1) +0.527667984<x229>[B] (+1) +0.527667984<x230>[B] (+1) +0.527667984<x231>[B] (+1) +0.527667984<x232>[B] (+1) -0.527667984<x233>[B] (+0) -0.527667984<x234>[B] (+0) -0.527667984<x235>[B] (+1) -0.527667984<x236>[B] (+1) -0.527667984<x237>[B] (+1) -0.527667984<x238>[B] (+1) -0.527667984<x239>[B] (+0) +0.527667984<x240>[B] (+1) +0.527667984<x241>[B] (+1) -0.527667984<x242>[B] (+1) -0.527667984<x243>[B] (+1) +0.527667984<x244>[B] (+1) +0.527667984<x245>[B] (+1) -0.527667984<x246>[B] (+1) -0.527667984<x247>[B] (+1) -0.527667984<x248>[B] (+0) -0.527667984<x249>[B] (+0) -0.527667984<x250>[B] (+1) -0.527667984<x251>[B] (+0) -0.527667984<x252>[B] (+1) +0.527667984<x253>[B] (+1) >= 32.3201581027668;
;
violation: left hand side is violated by 0.00395256917001063
  [linear] <c3999>: <x277>[C] (+42.1225296) -0.575098814<x1>[B] (+0) -0.575098814<x2>[B] (+0) +0.575098814<x3>[B] (+0) -0.575098814<x4>[B] (+0) -0.575098814<x5>[B] (+0) -0.575098814<x6>[B] (+0) +0.575098814<x7>[B] (+0) -0.575098814<x8>[B] (+0) -0.575098814<x9>[B] (+0) -0.575098814<x10>[B] (+0) -0.575098814<x11>[B] (+0) -0.575098814<x12>[B] (+0) -0.575098814<x13>[B] (+0) -0.575098814<x14>[B] (+0) -0.575098814<x15>[B] (+0) -0.575098814<x16>[B] (+0) +0.575098814<x17>[B] (+0) +0.575098814<x18>[B] (+0) -0.575098814<x19>[B] (+0) -0.575098814<x20>[B] (+0) -0.575098814<x21>[B] (+0) -0.575098814<x22>[B] (+1) -0.575098814<x23>[B] (+0) +0.575098814<x24>[B] (+0) +0.575098814<x25>[B] (+1) +0.575098814<x26>[B] (+0) +0.575098814<x27>[B] (+1) +0.575098814<x28>[B] (+1) +0.575098814<x29>[B] (+0) +0.575098814<x30>[B] (+1) +0.575098814<x31>[B] (+0) +0.575098814<x32>[B] (+0) -0.575098814<x33>[B] (+0) +0.575098814<x34>[B] (+0) -0.575098814<x35>[B] (+0) +0.575098814<x36>[B] (+0) -0.575098814<x37>[B] (+0) +0.575098814<x38>[B] (+0) +0.575098814<x39>[B] (+0) +0.575098814<x40>[B] (+1) +0.575098814<x41>[B] (+1) +0.575098814<x42>[B] (+0) -0.575098814<x43>[B] (+1) +0.575098814<x44>[B] (+0) +0.575098814<x45>[B] (+1) +0.575098814<x46>[B] (+0) +0.575098814<x47>[B] (+1) +0.575098814<x48>[B] (+1) +0.575098814<x49>[B] (+0) +0.575098814<x50>[B] (+1) +0.575098814<x51>[B] (+0) +0.575098814<x52>[B] (+0) -0.575098814<x53>[B] (+0) +0.575098814<x54>[B] (+1) +0.575098814<x55>[B] (+0) +0.575098814<x56>[B] (+0) +0.575098814<x57>[B] (+0) +0.575098814<x58>[B] (+0) +0.575098814<x59>[B] (+0) +0.575098814<x60>[B] (+1) +0.575098814<x61>[B] (+1) +0.575098814<x62>[B] (+0) -0.575098814<x63>[B] (+1) -0.575098814<x64>[B] (+1) -0.575098814<x65>[B] (+1) -0.575098814<x66>[B] (+1) -0.575098814<x67>[B] (+1) -0.575098814<x68>[B] (+0) -0.575098814<x69>[B] (+1) -0.575098814<x70>[B] (+0) -0.575098814<x71>[B] (+1) -0.575098814<x72>[B] (+0) -0.575098814<x73>[B] (+1) -0.575098814<x74>[B] (+1) -0.575098814<x75>[B] (+0) -0.575098814<x76>[B] (+1) +0.575098814<x77>[B] (+0) +0.575098814<x78>[B] (+0) -0.575098814<x79>[B] (+1) -0.575098814<x80>[B] (+1) -0.575098814<x81>[B] (+1) -0.575098814<x82>[B] (+1) +0.575098814<x83>[B] (+0) +0.575098814<x84>[B] (+0) +0.575098814<x85>[B] (+0) +0.575098814<x86>[B] (+0) +0.575098814<x87>[B] (+0) +0.575098814<x88>[B] (+0) +0.575098814<x89>[B] (+0) -0.575098814<x90>[B] (+0) +0.575098814<x91>[B] (+0) -0.575098814<x92>[B] (+0) +0.575098814<x93>[B] (+0) -0.575098814<x94>[B] (+0) +0.575098814<x95>[B] (+0) +0.575098814<x96>[B] (+0) +0.575098814<x97>[B] (+0) +0.575098814<x98>[B] (+0) +0.575098814<x99>[B] (+0) -0.575098814<x100>[B] (+1) +0.575098814<x101>[B] (+1) +0.575098814<x102>[B] (+1) +0.575098814<x103>[B] (+0) +0.575098814<x104>[B] (+1) +0.575098814<x105>[B] (+0) +0.575098814<x106>[B] (+0) -0.575098814<x107>[B] (+0) +0.575098814<x108>[B] (+1) -0.575098814<x109>[B] (+0) -0.575098814<x110>[B] (+0) -0.575098814<x111>[B] (+1) +0.575098814<x112>[B] (+0) +0.575098814<x113>[B] (+0) +0.575098814<x114>[B] (+1) +0.575098814<x115>[B] (+1) +0.575098814<x116>[B] (+0) -0.575098814<x117>[B] (+1) +0.575098814<x118>[B] (+1) +0.575098814<x119>[B] (+0) -0.575098814<x120>[B] (+0) +0.575098814<x121>[B] (+0) +0.575098814<x122>[B] (+0) -0.575098814<x123>[B] (+0) -0.575098814<x124>[B] (+0) -0.575098814<x125>[B] (+0) -0.575098814<x126>[B] (+0) -0.575098814<x127>[B] (+0) +0.575098814<x128>[B] (+0) +0.575098814<x129>[B] (+0) -0.575098814<x130>[B] (+1) +0.575098814<x131>[B] (+0) +0.575098814<x132>[B] (+0) -0.575098814<x133>[B] (+1) -0.575098814<x134>[B] (+0) -0.575098814<x135>[B] (+0) -0.575098814<x136>[B] (+0) -0.575098814<x137>[B] (+0) -0.575098814<x138>[B] (+0) -0.575098814<x139>[B] (+0) -0.575098814<x140>[B] (+0) -0.575098814<x141>[B] (+0) -0.575098814<x142>[B] (+0) +0.575098814<x143>[B] (+0) +0.575098814<x144>[B] (+0) -0.575098814<x145>[B] (+1) -0.575098814<x146>[B] (+0) -0.575098814<x147>[B] (+0) -0.575098814<x148>[B] (+1) -0.575098814<x149>[B] (+1) +0.575098814<x150>[B] (+0) -0.575098814<x151>[B] (+1) -0.575098814<x152>[B] (+0) -0.575098814<x153>[B] (+1) -0.575098814<x154>[B] (+1) -0.575098814<x155>[B] (+0) -0.575098814<x156>[B] (+1) +0.575098814<x157>[B] (+1) +0.575098814<x158>[B] (+0) -0.575098814<x159>[B] (+1) -0.575098814<x160>[B] (+1) -0.575098814<x161>[B] (+1) -0.575098814<x162>[B] (+1) +0.575098814<x163>[B] (+0) +0.575098814<x164>[B] (+0) -0.575098814<x165>[B] (+0) +0.575098814<x166>[B] (+0) -0.575098814<x167>[B] (+0) -0.575098814<x168>[B] (+0) -0.575098814<x169>[B] (+0) +0.575098814<x170>[B] (+0) +0.575098814<x171>[B] (+0) +0.575098814<x172>[B] (+1) +0.575098814<x173>[B] (+0) +0.575098814<x174>[B] (+0) -0.575098814<x175>[B] (+1) -0.575098814<x176>[B] (+1) -0.575098814<x177>[B] (+1) -0.575098814<x178>[B] (+1) -0.575098814<x179>[B] (+1) -0.575098814<x180>[B] (+1) -0.575098814<x181>[B] (+1) +0.575098814<x182>[B] (+1) +0.575098814<x183>[B] (+1) -0.575098814<x184>[B] (+1) -0.575098814<x185>[B] (+1) -0.575098814<x186>[B] (+1) -0.575098814<x187>[B] (+1) -0.575098814<x188>[B] (+0) -0.575098814<x189>[B] (+1) -0.575098814<x190>[B] (+1) -0.575098814<x191>[B] (+0) -0.575098814<x192>[B] (+1) +0.575098814<x193>[B] (+0) +0.575098814<x194>[B] (+0) -0.575098814<x195>[B] (+1) -0.575098814<x196>[B] (+1) -0.575098814<x197>[B] (+0) -0.575098814<x198>[B] (+1) +0.575098814<x199>[B] (+1) +0.575098814<x200>[B] (+1) +0.575098814<x201>[B] (+0) +0.575098814<x202>[B] (+1) +0.575098814<x203>[B] (+1) +0.575098814<x204>[B] (+1) +0.575098814<x205>[B] (+1) +0.575098814<x206>[B] (+1) +0.575098814<x207>[B] (+1) +0.575098814<x208>[B] (+1) -0.575098814<x209>[B] (+0) -0.575098814<x210>[B] (+0) -0.575098814<x211>[B] (+0) +0.575098814<x212>[B] (+0) +0.575098814<x213>[B] (+0) +0.575098814<x214>[B] (+1) +0.575098814<x215>[B] (+1) +0.575098814<x216>[B] (+0) -0.575098814<x217>[B] (+1) +0.575098814<x218>[B] (+0) +0.575098814<x219>[B] (+1) +0.575098814<x220>[B] (+0) +0.575098814<x221>[B] (+0) +0.575098814<x222>[B] (+1) +0.575098814<x223>[B] (+1) +0.575098814<x224>[B] (+0) -0.575098814<x225>[B] (+1) -0.575098814<x226>[B] (+1) +0.575098814<x227>[B] (+1) +0.575098814<x228>[B] (+1) +0.575098814<x229>[B] (+1) +0.575098814<x230>[B] (+1) +0.575098814<x231>[B] (+1) -0.575098814<x232>[B] (+1) +0.575098814<x233>[B] (+0) +0.575098814<x234>[B] (+0) +0.575098814<x235>[B] (+1) +0.575098814<x236>[B] (+1) +0.575098814<x237>[B] (+0) -0.575098814<x238>[B] (+1) -0.575098814<x239>[B] (+0) -0.575098814<x240>[B] (+1) -0.575098814<x241>[B] (+1) -0.575098814<x242>[B] (+1) -0.575098814<x243>[B] (+1) -0.575098814<x244>[B] (+1) -0.575098814<x245>[B] (+1) -0.575098814<x246>[B] (+1) -0.575098814<x247>[B] (+1) +0.575098814<x248>[B] (+0) +0.575098814<x249>[B] (+0) -0.575098814<x250>[B] (+1) +0.575098814<x251>[B] (+0) -0.575098814<x252>[B] (+1) -0.575098814<x253>[B] (+1) >= 30.6245059288538;
;
violation: left hand side is violated by 0.00395256916998932
2/10 feasible solutions given by solution candidate storage, new primal bound -2.785429e+03

presolving:
   (0.0s) symmetry computation started: requiring (bin +, int +, cont +), (fixed: bin -, int -, cont -)
   (0.1s) no symmetry present (symcode time: 0.00)
presolving (0 rounds: 0 fast, 0 medium, 0 exhaustive):
 0 deleted vars, 0 deleted constraints, 0 added constraints, 0 tightened bounds, 0 added holes, 0 changed sides, 0 changed coefficients
 0 implications, 0 cliques, 0 implied integral variables (0 bin, 0 int, 0 cont)
presolved problem has 343 variables (253 bin, 0 int, 90 cont) and 4025 constraints
   4025 constraints of type <linear>
Presolving Time: 0.07
transformed 3/3 original solutions to the transformed problem space

 time | node  | left  |LP iter|LP it/n|mem/heur|mdpt |vars |cons |rows |cuts |sepa|confs|strbr|  dualbound   | primalbound  |  gap   | compl. 
  0.3s|     1 |     0 |  1259 |     - |   205M |   0 | 343 |4025 |4025 |   0 |  0 |   0 |   0 |-2.543819e+03 |-2.785429e+03 |   9.50%| unknown
  0.7s|     1 |     0 |  1331 |     - |   205M |   0 | 343 |4025 |4027 |   2 |  1 |   0 |   0 |-2.543932e+03 |-2.785429e+03 |   9.49%| unknown
  1.1s|     1 |     0 |  1403 |     - |   206M |   0 | 343 |4025 |4031 |   6 |  2 |   0 |   0 |-2.544015e+03 |-2.785429e+03 |   9.49%| unknown
  1.5s|     1 |     0 |  1449 |     - |   206M |   0 | 343 |4025 |4034 |   9 |  3 |   0 |   0 |-2.544058e+03 |-2.785429e+03 |   9.49%| unknown
  2.0s|     1 |     0 |  1493 |     - |   207M |   0 | 343 |4026 |4036 |  11 |  4 |   1 |   0 |-2.544102e+03 |-2.785429e+03 |   9.49%| unknown
  2.4s|     1 |     0 |  1530 |     - |   207M |   0 | 343 |4026 |4039 |  14 |  5 |   1 |   0 |-2.544135e+03 |-2.785429e+03 |   9.48%| unknown
  2.9s|     1 |     0 |  1618 |     - |   207M |   0 | 343 |4026 |4043 |  18 |  6 |   1 |   0 |-2.544207e+03 |-2.785429e+03 |   9.48%| unknown
  3.3s|     1 |     0 |  1648 |     - |   208M |   0 | 343 |4026 |4047 |  22 |  7 |   1 |   0 |-2.544223e+03 |-2.785429e+03 |   9.48%| unknown
  3.9s|     1 |     0 |  1675 |     - |   208M |   0 | 343 |4026 |4050 |  25 |  8 |   1 |   0 |-2.544227e+03 |-2.785429e+03 |   9.48%| unknown
  4.4s|     1 |     0 |  1698 |     - |   209M |   0 | 343 |4026 |4053 |  28 |  9 |   1 |   0 |-2.544234e+03 |-2.785429e+03 |   9.48%| unknown
  5.0s|     1 |     0 |  1716 |     - |   209M |   0 | 343 |4026 |4055 |  30 | 10 |   1 |   0 |-2.544239e+03 |-2.785429e+03 |   9.48%| unknown
  5.1s|     1 |     0 |  1754 |     - |   209M |   0 | 343 |4026 |4057 |  32 | 11 |   1 |   0 |-2.544259e+03 |-2.785429e+03 |   9.48%| unknown
r 5.1s|     1 |     0 |  1967 |     - |intshift|   0 | 343 |4027 |4057 |  32 | 11 |   2 |   0 |-2.544259e+03 |-2.596838e+03 |   2.07%| unknown
d 5.4s|     1 |     0 |  3522 |     - |farkasdi|   0 | 343 |4027 |4057 |   0 | 11 |   2 |   0 |-2.544259e+03 |-2.556447e+03 |   0.48%| unknown
L 6.2s|     1 |     0 |  3765 |     - |    rens|   0 | 343 |4033 |4057 |  32 | 11 |   8 |   0 |-2.544259e+03 |-2.550941e+03 |   0.26%| unknown
 time | node  | left  |LP iter|LP it/n|mem/heur|mdpt |vars |cons |rows |cuts |sepa|confs|strbr|  dualbound   | primalbound  |  gap   | compl. 
  6.2s|     1 |     0 |  3765 |     - |   210M |   0 | 343 |4033 |4057 |  32 | 11 |   8 |   0 |-2.544259e+03 |-2.550941e+03 |   0.26%| unknown
  6.3s|     1 |     0 |  3765 |     - |   210M |   0 | 343 |4033 |3558 |  32 | 11 |   8 |   0 |-2.544259e+03 |-2.550941e+03 |   0.26%| unknown
  6.3s|     1 |     0 |  3809 |     - |   210M |   0 | 343 |4033 |3561 |  35 | 12 |   8 |   0 |-2.544271e+03 |-2.550941e+03 |   0.26%| unknown
  6.4s|     1 |     0 |  3834 |     - |   210M |   0 | 343 |4033 |3563 |  37 | 13 |   8 |   0 |-2.544277e+03 |-2.550941e+03 |   0.26%| unknown
  6.4s|     1 |     0 |  3834 |     - |   210M |   0 | 343 |3512 |3563 |  37 | 13 |   8 |   0 |-2.544277e+03 |-2.550941e+03 |   0.26%| unknown
  6.5s|     1 |     0 |  3867 |     - |   210M |   0 | 343 |3512 |3564 |  40 | 14 |   8 |   0 |-2.544279e+03 |-2.550941e+03 |   0.26%| unknown
  6.5s|     1 |     0 |  3911 |     - |   210M |   0 | 343 |3512 |3567 |  43 | 15 |   8 |   0 |-2.544285e+03 |-2.550941e+03 |   0.26%| unknown
(run 1, node 1) restarting after 25 global fixings of integer variables

(restart) converted 41 cuts from the global cut pool into linear constraints

presolving:
presolving (0 rounds: 0 fast, 0 medium, 0 exhaustive):
 0 deleted vars, 0 deleted constraints, 0 added constraints, 0 tightened bounds, 0 added holes, 0 changed sides, 0 changed coefficients
 0 implications, 0 cliques, 0 implied integral variables (0 bin, 0 int, 0 cont)
presolved problem has 343 variables (253 bin, 0 int, 90 cont) and 3553 constraints
   3545 constraints of type <linear>
      8 constraints of type <logicor>
Presolving Time: 0.07
transformed 22/24 original solutions to the transformed problem space

 time | node  | left  |LP iter|LP it/n|mem/heur|mdpt |vars |cons |rows |cuts |sepa|confs|strbr|  dualbound   | primalbound  |  gap   | compl. 
  6.8s|     1 |     0 |  5461 |     - |   212M |   0 | 343 |3553 |3545 |   0 |  0 |   8 |   0 |-2.544285e+03 |-2.550941e+03 |   0.26%| unknown
  6.9s|     1 |     0 |  5461 |     - |   212M |   0 | 343 |3553 |3525 |   0 |  0 |   8 |   0 |-2.544285e+03 |-2.550941e+03 |   0.26%| unknown
  7.4s|     1 |     0 |  5501 |     - |   213M |   0 | 343 |3553 |3526 |   1 |  1 |   8 |   0 |-2.544289e+03 |-2.550941e+03 |   0.26%| unknown
  7.9s|     1 |     0 |  5638 |     - |   213M |   0 | 343 |3554 |3527 |   2 |  2 |   9 |   0 |-2.544329e+03 |-2.550941e+03 |   0.26%| unknown
  8.5s|     1 |     0 |  5666 |     - |   213M |   0 | 343 |3554 |3529 |   4 |  3 |   9 |   0 |-2.544332e+03 |-2.550941e+03 |   0.26%| unknown
  9.1s|     1 |     0 |  5733 |     - |   214M |   0 | 343 |3554 |3531 |   6 |  4 |   9 |   0 |-2.544346e+03 |-2.550941e+03 |   0.26%| unknown
  9.6s|     1 |     0 |  5780 |     - |   214M |   0 | 343 |3554 |3532 |   7 |  5 |   9 |   0 |-2.544348e+03 |-2.550941e+03 |   0.26%| unknown
 10.1s|     1 |     0 |  5820 |     - |   215M |   0 | 343 |3554 |3534 |   9 |  6 |   9 |   0 |-2.544349e+03 |-2.550941e+03 |   0.26%| unknown
 10.6s|     1 |     0 |  5898 |     - |   215M |   0 | 343 |3555 |3535 |  10 |  7 |  10 |   0 |-2.544357e+03 |-2.550941e+03 |   0.26%| unknown
 11.1s|     1 |     0 |  5932 |     - |   215M |   0 | 343 |3556 |3537 |  12 |  8 |  11 |   0 |-2.544363e+03 |-2.550941e+03 |   0.26%| unknown
 11.7s|     1 |     0 |  6007 |     - |   216M |   0 | 343 |3556 |3539 |  14 |  9 |  11 |   0 |-2.544372e+03 |-2.550941e+03 |   0.26%| unknown
 12.3s|     1 |     0 |  6028 |     - |   216M |   0 | 343 |3556 |3526 |  15 | 10 |  11 |   0 |-2.544373e+03 |-2.550941e+03 |   0.26%| unknown
 12.4s|     1 |     0 |  6083 |     - |   216M |   0 | 343 |3556 |3528 |  17 | 11 |  11 |   0 |-2.544378e+03 |-2.550941e+03 |   0.26%| unknown
 12.4s|     1 |     0 |  6083 |     - |   216M |   0 | 343 |3515 |3528 |  17 | 11 |  11 |   0 |-2.544378e+03 |-2.550941e+03 |   0.26%| unknown
 12.5s|     1 |     0 |  6106 |     - |   216M |   0 | 343 |3515 |3529 |  18 | 12 |  11 |   0 |-2.544380e+03 |-2.550941e+03 |   0.26%| unknown
 time | node  | left  |LP iter|LP it/n|mem/heur|mdpt |vars |cons |rows |cuts |sepa|confs|strbr|  dualbound   | primalbound  |  gap   | compl. 
 12.6s|     1 |     0 |  6124 |     - |   216M |   0 | 343 |3515 |3531 |  20 | 13 |  11 |   0 |-2.544380e+03 |-2.550941e+03 |   0.26%| unknown
 12.6s|     1 |     0 |  6144 |     - |   216M |   0 | 343 |3516 |3533 |  22 | 14 |  12 |   0 |-2.544381e+03 |-2.550941e+03 |   0.26%| unknown
 12.7s|     1 |     0 |  6154 |     - |   217M |   0 | 343 |3516 |3534 |  23 | 15 |  12 |   0 |-2.544381e+03 |-2.550941e+03 |   0.26%| unknown
 12.8s|     1 |     0 |  6182 |     - |   217M |   0 | 343 |3516 |3525 |  24 | 16 |  12 |   0 |-2.544384e+03 |-2.550941e+03 |   0.26%| unknown
 12.9s|     1 |     0 |  6205 |     - |   217M |   0 | 343 |3516 |3526 |  25 | 17 |  12 |   0 |-2.544387e+03 |-2.550941e+03 |   0.26%| unknown
 13.0s|     1 |     0 |  6243 |     - |   217M |   0 | 343 |3517 |3527 |  26 | 18 |  13 |   0 |-2.544391e+03 |-2.550941e+03 |   0.26%| unknown
 13.1s|     1 |     0 |  6260 |     - |   217M |   0 | 343 |3517 |3528 |  27 | 19 |  13 |   0 |-2.544392e+03 |-2.550941e+03 |   0.26%| unknown
 13.1s|     1 |     0 |  6284 |     - |   217M |   0 | 343 |3517 |3529 |  28 | 20 |  13 |   0 |-2.544394e+03 |-2.550941e+03 |   0.26%| unknown
 13.2s|     1 |     0 |  6309 |     - |   217M |   0 | 343 |3517 |3531 |  30 | 21 |  13 |   0 |-2.544396e+03 |-2.550941e+03 |   0.26%| unknown
 13.3s|     1 |     0 |  6311 |     - |   217M |   0 | 343 |3517 |3519 |  31 | 22 |  13 |   0 |-2.544396e+03 |-2.550941e+03 |   0.26%| unknown
 16.3s|     1 |     2 |  7585 |     - |   217M |   0 | 343 |3529 |3519 |  31 | 22 |  25 |  19 |-2.546171e+03 |-2.550941e+03 |   0.19%| unknown

SCIP Status        : problem is solved [optimal solution found]
Solving Time (sec) : 20.58
Solving Nodes      : 5 (total of 6 nodes in 2 runs)
Primal Bound       : -2.55094071146245e+03 (48 solutions)
Dual Bound         : -2.55094071146245e+03
Gap                : 0.00 %
