Loading instance...
Median ranking: [19, 9, 23, 22, 10, 24, 7, 21, 16, 5, 18, 17, 8, 14, 12, 3, 15, 4, 11, 2, 1, 20, 13, 6]
Mean ranking: [9, 19, 23, 10, 7, 18, 21, 24, 17, 16, 5, 22, 8, 14, 12, 3, 4, 15, 11, 2, 1, 20, 13, 6]
Actual error: 0.0007866431680082497
Weighted Kendall distance: 327.0
Normalized distance: 0.07108695652173913
s, 0 impls, 0 clqs, 0 implints
   (0.0s) symmetry computation started: requiring (bin +, int +, cont +), (fixed: bin -, int -, cont -)
   (0.0s) no symmetry present (symcode time: 0.00)
presolving (2 rounds: 2 fast, 2 medium, 1 exhaustive):
 0 deleted vars, 4048 deleted constraints, 2024 added constraints, 0 tightened bounds, 0 added holes, 0 changed sides, 0 changed coefficients
 0 implications, 0 cliques, 0 implied integral variables (0 bin, 0 int, 0 cont)
presolved problem has 276 variables (0 bin, 0 int, 276 cont) and 2024 constraints
   2024 constraints of type <linear>
Presolving Time: 0.02
transformed 3/3 original solutions to the transformed problem space

 time | node  | left  |LP iter|LP it/n|mem/heur|mdpt |vars |cons |rows |cuts |sepa|confs|strbr|  dualbound   | primalbound  |  gap   | compl. 
* 0.0s|     1 |     0 |    73 |     - |    LP  |   0 | 276 |2024 |2024 |   0 |  0 |   0 |   0 | 5.540000e+02 | 5.540000e+02 |   0.00%| unknown
  0.0s|     1 |     0 |    73 |     - |    12M |   0 | 276 |2024 |2024 |   0 |  0 |   0 |   0 | 5.540000e+02 | 5.540000e+02 |   0.00%| unknown

SCIP Status        : problem is solved [optimal solution found]
Solving Time (sec) : 0.03
Solving Nodes      : 1
Primal Bound       : +5.54000000000000e+02 (4 solutions)
Dual Bound         : +5.54000000000000e+02
Gap                : 0.00 %
feasible solution found by trivial heuristic after 0.0 seconds, objective value 0.000000e+00
presolving:
   (0.0s) running MILP presolver
   (0.0s) MILP presolver (2 rounds): 0 aggregations, 0 fixings, 0 bound changes
(round 1, medium)     0 del vars, 4048 del conss, 2024 add conss, 0 chg bounds, 0 chg sides, 0 chg coeffs, 0 upgd conss, 0 impls, 0 clqs, 0 implints
   (0.0s) probing: 51/276 (18.5%) - 0 fixings, 0 aggregations, 0 implications, 0 bound changes
   (0.0s) probing aborted: 50/50 successive totally useless probings
   (0.0s) symmetry computation started: requiring (bin +, int +, cont +), (fixed: bin -, int -, cont -)
   (0.0s) no symmetry present (symcode time: 0.00)
presolving (2 rounds: 2 fast, 2 medium, 1 exhaustive):
 0 deleted vars, 4048 deleted constraints, 2024 added constraints, 0 tightened bounds, 0 added holes, 0 changed sides, 0 changed coefficients
 0 implications, 0 cliques, 0 implied integral variables (0 bin, 0 int, 0 cont)
presolved problem has 276 variables (276 bin, 0 int, 0 cont) and 2024 constraints
   2024 constraints of type <linear>
transformed objective value is always integral (scale: 2)
Presolving Time: 0.02
transformed 2/2 original solutions to the transformed problem space

 time | node  | left  |LP iter|LP it/n|mem/heur|mdpt |vars |cons |rows |cuts |sepa|confs|strbr|  dualbound   | primalbound  |  gap   | compl. 
i 0.0s|     1 |     0 |     0 |     - |  oneopt|   0 | 276 |2024 |2024 |   0 |  0 |   0 |   0 | 6.320000e+02 | 3.640000e+02 |  73.63%| unknown
* 0.0s|     1 |     0 |    63 |     - |    LP  |   0 | 276 |2024 |2024 |   0 |  0 |   0 |   0 | 5.540000e+02 | 5.540000e+02 |   0.00%| unknown
  0.0s|     1 |     0 |    63 |     - |    12M |   0 | 276 |2024 |2024 |   0 |  0 |   0 |   0 | 5.540000e+02 | 5.540000e+02 |   0.00%| unknown

SCIP Status        : problem is solved [optimal solution found]
Solving Time (sec) : 0.03
Solving Nodes      : 1
Primal Bound       : +5.54000000000000e+02 (4 solutions)
Dual Bound         : +5.54000000000000e+02
Gap                : 0.00 %
feasible solution found by trivial heuristic after 0.6 seconds, objective value -8.000652e+06
presolving:
(round 1, fast)       0 del vars, 0 del conss, 0 add conss, 160 chg bounds, 0 chg sides, 0 chg coeffs, 0 upgd conss, 0 impls, 0 clqs, 0 implints
   (6.1s) running MILP presolver
   (6.7s) MILP presolver (2 rounds): 0 aggregations, 0 fixings, 0 bound changes
(round 2, exhaustive) 0 del vars, 2024 del conss, 0 add conss, 160 chg bounds, 0 chg sides, 0 chg coeffs, 0 upgd conss, 0 impls, 0 clqs, 0 implints
   (13.8s) symmetry computation started: requiring (bin +, int +, cont +), (fixed: bin -, int -, cont -)
   (15.3s) no symmetry present (symcode time: 0.08)
presolving (3 rounds: 3 fast, 2 medium, 2 exhaustive):
 0 deleted vars, 2024 deleted constraints, 0 added constraints, 160 tightened bounds, 0 added holes, 0 changed sides, 0 changed coefficients
 0 implications, 0 cliques, 0 implied integral variables (0 bin, 0 int, 0 cont)
presolved problem has 356 variables (0 bin, 0 int, 356 cont) and 24104 constraints
  24104 constraints of type <linear>
Presolving Time: 15.11

 time | node  | left  |LP iter|LP it/n|mem/heur|mdpt |vars |cons |rows |cuts |sepa|confs|strbr|  dualbound   | primalbound  |  gap   | compl. 
t15.8s|     1 |     0 |     0 |     - | trivial|   0 | 356 |  24k|   0 |   0 |  0 |   0 |   0 | 6.320000e+02 |-1.169200e+04 |    Inf | unknown
*22.2s|     1 |     0 |  1982 |     - |    LP  |   0 | 356 |  24k|  24k|   0 |  0 |   0 |   0 |-2.720565e+03 |-2.720565e+03 |   0.00%| unknown
 22.2s|     1 |     0 |  1982 |     - |  2341M |   0 | 356 |  24k|  24k|   0 |  0 |   0 |   0 |-2.720565e+03 |-2.720565e+03 |   0.00%| unknown

SCIP Status        : problem is solved [optimal solution found]
Solving Time (sec) : 22.21
Solving Nodes      : 1
Primal Bound       : -2.72056503851408e+03 (3 solutions)
Dual Bound         : -2.72056503851408e+03
Gap                : 0.00 %
feasible solution found by trivial heuristic after 0.4 seconds, objective value -8.000652e+06
presolving:
(round 1, fast)       0 del vars, 0 del conss, 0 add conss, 160 chg bounds, 0 chg sides, 0 chg coeffs, 0 upgd conss, 0 impls, 0 clqs, 0 implints
   (4.0s) running MILP presolver
   (5.4s) MILP presolver (2 rounds): 0 aggregations, 0 fixings, 0 bound changes
(round 2, exhaustive) 0 del vars, 2024 del conss, 0 add conss, 160 chg bounds, 0 chg sides, 0 chg coeffs, 0 upgd conss, 0 impls, 0 clqs, 0 implints
   (13.6s) probing: 51/276 (18.5%) - 0 fixings, 0 aggregations, 0 implications, 0 bound changes
   (13.6s) probing aborted: 50/50 successive totally useless probings
   (13.9s) symmetry computation started: requiring (bin +, int +, cont +), (fixed: bin -, int -, cont -)
   (15.2s) no symmetry present (symcode time: 0.08)
presolving (3 rounds: 3 fast, 2 medium, 2 exhaustive):
 0 deleted vars, 2024 deleted constraints, 0 added constraints, 160 tightened bounds, 0 added holes, 0 changed sides, 0 changed coefficients
 0 implications, 0 cliques, 0 implied integral variables (0 bin, 0 int, 0 cont)
presolved problem has 356 variables (276 bin, 0 int, 80 cont) and 24104 constraints
  24104 constraints of type <linear>
Presolving Time: 15.26

 time | node  | left  |LP iter|LP it/n|mem/heur|mdpt |vars |cons |rows |cuts |sepa|confs|strbr|  dualbound   | primalbound  |  gap   | compl. 
t15.7s|     1 |     0 |     0 |     - | trivial|   0 | 356 |  24k|   0 |   0 |  0 |   0 |   0 | 6.320000e+02 |-1.169200e+04 |    Inf | unknown
p19.1s|     1 |     0 |    80 |     - |   locks|   0 | 356 |  24k|  24k|   0 |  0 |   0 |   0 | 6.320000e+02 |-3.506315e+03 |    Inf | unknown
 25.0s|     1 |     0 |  2062 |     - |  2344M |   0 | 356 |  24k|  24k|   0 |  0 |   0 |   0 |-2.720565e+03 |-3.506315e+03 |  28.88%| unknown
r26.9s|     1 |     0 |  2062 |     - |shifting|   0 | 356 |  24k|  24k|   0 |  0 |   0 |   0 |-2.720565e+03 |-2.924129e+03 |   7.48%| unknown
 27.4s|     1 |     0 |  2071 |     - |  2348M |   0 | 356 |  24k|  24k|   1 |  1 |   0 |   0 |-2.720582e+03 |-2.924129e+03 |   7.48%| unknown
 29.8s|     1 |     0 |  2112 |     - |  2351M |   0 | 356 |  24k|  24k|   3 |  2 |   0 |   0 |-2.720593e+03 |-2.924129e+03 |   7.48%| unknown
 32.0s|     1 |     0 |  2131 |     - |  2353M |   0 | 356 |  24k|  24k|   6 |  3 |   0 |   0 |-2.720600e+03 |-2.924129e+03 |   7.48%| unknown
 34.5s|     1 |     0 |  2198 |     - |  2356M |   0 | 356 |  24k|  24k|  10 |  4 |   0 |   0 |-2.720628e+03 |-2.924129e+03 |   7.48%| unknown
 36.8s|     1 |     0 |  2219 |     - |  2358M |   0 | 356 |  24k|  24k|  13 |  5 |   0 |   0 |-2.720632e+03 |-2.924129e+03 |   7.48%| unknown
 39.2s|     1 |     0 |  2266 |     - |  2361M |   0 | 356 |  24k|  24k|  16 |  6 |   0 |   0 |-2.720650e+03 |-2.924129e+03 |   7.48%| unknown
r41.1s|     1 |     0 |  2266 |     - |shifting|   0 | 356 |  24k|  24k|  16 |  6 |   0 |   0 |-2.720650e+03 |-2.923252e+03 |   7.45%| unknown
 41.5s|     1 |     0 |  2309 |     - |  2363M |   0 | 356 |  24k|  24k|  19 |  7 |   0 |   0 |-2.720660e+03 |-2.923252e+03 |   7.45%| unknown
 43.9s|     1 |     0 |  2341 |     - |  2366M |   0 | 356 |  24k|  24k|  21 |  8 |   0 |   0 |-2.720667e+03 |-2.923252e+03 |   7.45%| unknown
 46.2s|     1 |     0 |  2425 |     - |  2369M |   0 | 356 |  24k|  24k|  25 |  9 |   0 |   0 |-2.720688e+03 |-2.923252e+03 |   7.45%| unknown
 48.4s|     1 |     0 |  2472 |     - |  2372M |   0 | 356 |  24k|  24k|  29 | 10 |   0 |   0 |-2.720698e+03 |-2.923252e+03 |   7.44%| unknown
 time | node  | left  |LP iter|LP it/n|mem/heur|mdpt |vars |cons |rows |cuts |sepa|confs|strbr|  dualbound   | primalbound  |  gap   | compl. 
 50.5s|     1 |     0 |  2509 |     - |  2374M |   0 | 356 |  24k|  24k|  33 | 11 |   0 |   0 |-2.720707e+03 |-2.923252e+03 |   7.44%| unknown
r53.0s|     1 |     0 |  2696 |     - |intshift|   0 | 356 |  24k|  24k|  33 | 11 |   0 |   0 |-2.720707e+03 |-2.758380e+03 |   1.38%| unknown
d58.7s|     1 |     0 |  4499 |     - |farkasdi|   0 | 356 |  24k|  24k|   0 | 11 |   0 |   0 |-2.720707e+03 |-2.728091e+03 |   0.27%| unknown
L77.8s|     1 |     0 |  4499 |     - |    rens|   0 | 356 |  24k|  24k|  33 | 11 |   0 |   0 |-2.720707e+03 |-2.725359e+03 |   0.17%| unknown
 78.4s|     1 |     0 |  4499 |     - |  2375M |   0 | 356 |  24k|  24k|  33 | 11 |   0 |   0 |-2.720707e+03 |-2.725359e+03 |   0.17%| unknown
 80.6s|     1 |     0 |  4499 |     - |  2376M |   0 | 356 |  24k|  23k|  33 | 11 |   0 |   0 |-2.720707e+03 |-2.725359e+03 |   0.17%| unknown
 80.8s|     1 |     0 |  4518 |     - |  2378M |   0 | 356 |  24k|  23k|  35 | 12 |   0 |   0 |-2.720708e+03 |-2.725359e+03 |   0.17%| unknown
 82.9s|     1 |     0 |  4534 |     - |  2378M |   0 | 356 |  24k|  23k|  37 | 13 |   0 |   0 |-2.720710e+03 |-2.725359e+03 |   0.17%| unknown
 85.0s|     1 |     0 |  4534 |     - |  2378M |   0 | 356 |  23k|  23k|  37 | 13 |   0 |   0 |-2.720710e+03 |-2.725359e+03 |   0.17%| unknown
 85.3s|     1 |     0 |  4560 |     - |  2381M |   0 | 356 |  23k|  23k|  39 | 14 |   0 |   0 |-2.720715e+03 |-2.725359e+03 |   0.17%| unknown
 87.2s|     1 |     0 |  4572 |     - |  2381M |   0 | 356 |  23k|  23k|  40 | 15 |   0 |   0 |-2.720716e+03 |-2.725359e+03 |   0.17%| unknown
(run 1, node 1) restarting after 48 global fixings of integer variables

(restart) converted 40 cuts from the global cut pool into linear constraints

presolving:
(round 1, fast)       48 del vars, 0 del conss, 0 add conss, 0 chg bounds, 590 chg sides, 0 chg coeffs, 0 upgd conss, 0 impls, 590 clqs, 0 implints
(round 2, fast)       48 del vars, 0 del conss, 0 add conss, 80 chg bounds, 590 chg sides, 0 chg coeffs, 0 upgd conss, 0 impls, 590 clqs, 0 implints
(round 3, exhaustive) 48 del vars, 0 del conss, 0 add conss, 80 chg bounds, 590 chg sides, 0 chg coeffs, 590 upgd conss, 0 impls, 590 clqs, 0 implints
presolving (4 rounds: 4 fast, 2 medium, 2 exhaustive):
 48 deleted vars, 0 deleted constraints, 0 added constraints, 80 tightened bounds, 0 added holes, 590 changed sides, 0 changed coefficients
 0 implications, 590 cliques, 0 implied integral variables (0 bin, 0 int, 0 cont)
presolved problem has 308 variables (228 bin, 0 int, 80 cont) and 23792 constraints
    590 constraints of type <setppc>
  23202 constraints of type <linear>
Presolving Time: 21.45
transformed 18/23 original solutions to the transformed problem space

 time | node  | left  |LP iter|LP it/n|mem/heur|mdpt |vars |cons |rows |cuts |sepa|confs|strbr|  dualbound   | primalbound  |  gap   | compl. 
  113s|     1 |     0 |  6282 |     - |  2919M |   0 | 308 |  23k|  23k|   0 |  0 |   1 |   0 |-2.720716e+03 |-2.725359e+03 |   0.17%| unknown
  115s|     1 |     0 |  6282 |     - |  2920M |   0 | 308 |  23k|  23k|   0 |  0 |   1 |   0 |-2.720716e+03 |-2.725359e+03 |   0.17%| unknown
  115s|     1 |     0 |  6287 |     - |  2922M |   0 | 308 |  23k|  23k|   1 |  1 |   1 |   0 |-2.720716e+03 |-2.725359e+03 |   0.17%| unknown
  118s|     1 |     0 |  6335 |     - |  2924M |   0 | 308 |  23k|  23k|   3 |  2 |   1 |   0 |-2.720722e+03 |-2.725359e+03 |   0.17%| unknown
  120s|     1 |     0 |  6387 |     - |  2927M |   0 | 308 |  23k|  23k|   6 |  3 |   1 |   0 |-2.720730e+03 |-2.725359e+03 |   0.17%| unknown
  122s|     1 |     0 |  6406 |     - |  2929M |   0 | 308 |  23k|  23k|   8 |  4 |   1 |   0 |-2.720734e+03 |-2.725359e+03 |   0.17%| unknown
  124s|     1 |     0 |  6431 |     - |  2932M |   0 | 308 |  23k|  23k|  10 |  5 |   1 |   0 |-2.720737e+03 |-2.725359e+03 |   0.17%| unknown
  126s|     1 |     0 |  6480 |     - |  2934M |   0 | 308 |  23k|  23k|  13 |  6 |   1 |   0 |-2.720742e+03 |-2.725359e+03 |   0.17%| unknown
  129s|     1 |     0 |  6535 |     - |  2937M |   0 | 308 |  23k|  23k|  16 |  7 |   1 |   0 |-2.720746e+03 |-2.725359e+03 |   0.17%| unknown
  131s|     1 |     0 |  6572 |     - |  2939M |   0 | 308 |  23k|  23k|  18 |  8 |   1 |   0 |-2.720748e+03 |-2.725359e+03 |   0.17%| unknown
  133s|     1 |     0 |  6677 |     - |  2942M |   0 | 308 |  23k|  23k|  23 |  9 |   1 |   0 |-2.720770e+03 |-2.725359e+03 |   0.17%| unknown
  135s|     1 |     0 |  6733 |     - |  2944M |   0 | 308 |  23k|  23k|  26 | 10 |   1 |   0 |-2.720778e+03 |-2.725359e+03 |   0.17%| unknown
  137s|     1 |     0 |  6791 |     - |  2947M |   0 | 308 |  23k|  23k|  29 | 11 |   1 |   0 |-2.720791e+03 |-2.725359e+03 |   0.17%| unknown
  139s|     1 |     0 |  6791 |     - |  2947M |   0 | 308 |  23k|  23k|  29 | 11 |   1 |   0 |-2.720791e+03 |-2.725359e+03 |   0.17%| unknown
  139s|     1 |     0 |  6816 |     - |  2949M |   0 | 308 |  23k|  23k|  31 | 12 |   1 |   0 |-2.720793e+03 |-2.725359e+03 |   0.17%| unknown
 time | node  | left  |LP iter|LP it/n|mem/heur|mdpt |vars |cons |rows |cuts |sepa|confs|strbr|  dualbound   | primalbound  |  gap   | compl. 
  141s|     1 |     0 |  6818 |     - |  2951M |   0 | 308 |  23k|  23k|  34 | 13 |   1 |   0 |-2.720793e+03 |-2.725359e+03 |   0.17%| unknown
  143s|     1 |     0 |  6830 |     - |  2954M |   0 | 308 |  23k|  23k|  35 | 14 |   1 |   0 |-2.720794e+03 |-2.725359e+03 |   0.17%| unknown
(run 2, node 1) restarting after 14 global fixings of integer variables

(restart) converted 34 cuts from the global cut pool into linear constraints

presolving:
(round 1, fast)       14 del vars, 0 del conss, 0 add conss, 0 chg bounds, 250 chg sides, 214 chg coeffs, 0 upgd conss, 0 impls, 614 clqs, 0 implints
(round 2, fast)       14 del vars, 0 del conss, 0 add conss, 40 chg bounds, 250 chg sides, 214 chg coeffs, 0 upgd conss, 0 impls, 614 clqs, 0 implints
   (173.9s) running MILP presolver
   (175.8s) MILP presolver (3 rounds): 0 aggregations, 0 fixings, 120 bound changes
(round 3, medium)     14 del vars, 0 del conss, 0 add conss, 160 chg bounds, 250 chg sides, 214 chg coeffs, 0 upgd conss, 0 impls, 614 clqs, 0 implints
(round 4, exhaustive) 14 del vars, 4 del conss, 0 add conss, 160 chg bounds, 250 chg sides, 214 chg coeffs, 148 upgd conss, 0 impls, 614 clqs, 0 implints
presolving (5 rounds: 5 fast, 3 medium, 2 exhaustive):
 14 deleted vars, 7 deleted constraints, 0 added constraints, 160 tightened bounds, 0 added holes, 250 changed sides, 220 changed coefficients
 0 implications, 614 cliques, 0 implied integral variables (0 bin, 0 int, 0 cont)
presolved problem has 294 variables (214 bin, 0 int, 80 cont) and 23611 constraints
    614 constraints of type <setppc>
  22995 constraints of type <linear>
      2 constraints of type <logicor>
Presolving Time: 30.01
transformed 34/39 original solutions to the transformed problem space

 time | node  | left  |LP iter|LP it/n|mem/heur|mdpt |vars |cons |rows |cuts |sepa|confs|strbr|  dualbound   | primalbound  |  gap   | compl. 
  187s|     1 |     0 | 10861 |     - |  3297M |   0 | 294 |  23k|  23k|   0 |  0 |   9 |   0 |-2.720794e+03 |-2.725359e+03 |   0.17%| unknown
  189s|     1 |     0 | 10861 |     - |  3297M |   0 | 294 |  23k|  23k|   0 |  0 |   9 |   0 |-2.720794e+03 |-2.725359e+03 |   0.17%| unknown
  189s|     1 |     0 | 10891 |     - |  3299M |   0 | 294 |  23k|  23k|   2 |  1 |   9 |   0 |-2.720800e+03 |-2.725359e+03 |   0.17%| unknown
  191s|     1 |     0 | 10917 |     - |  3302M |   0 | 294 |  23k|  23k|   5 |  2 |   9 |   0 |-2.720803e+03 |-2.725359e+03 |   0.17%| unknown
  193s|     1 |     0 | 10951 |     - |  3304M |   0 | 294 |  23k|  23k|   6 |  3 |   9 |   0 |-2.720808e+03 |-2.725359e+03 |   0.17%| unknown
  195s|     1 |     0 | 10986 |     - |  3307M |   0 | 294 |  23k|  23k|   7 |  4 |   9 |   0 |-2.720812e+03 |-2.725359e+03 |   0.17%| unknown
  197s|     1 |     0 | 11018 |     - |  3309M |   0 | 294 |  23k|  23k|   8 |  5 |   9 |   0 |-2.720815e+03 |-2.725359e+03 |   0.17%| unknown
  200s|     1 |     0 | 11099 |     - |  3311M |   0 | 294 |  23k|  23k|  10 |  6 |   9 |   0 |-2.720822e+03 |-2.725359e+03 |   0.17%| unknown
  202s|     1 |     0 | 11117 |     - |  3314M |   0 | 294 |  23k|  23k|  12 |  7 |   9 |   0 |-2.720825e+03 |-2.725359e+03 |   0.17%| unknown
  204s|     1 |     0 | 11172 |     - |  3316M |   0 | 294 |  23k|  23k|  18 |  8 |   9 |   0 |-2.720838e+03 |-2.725359e+03 |   0.17%| unknown
  206s|     1 |     0 | 11189 |     - |  3319M |   0 | 294 |  23k|  23k|  19 |  9 |  10 |   0 |-2.720839e+03 |-2.725359e+03 |   0.17%| unknown
  208s|     1 |     0 | 11229 |     - |  3321M |   0 | 294 |  23k|  23k|  21 | 10 |  10 |   0 |-2.720843e+03 |-2.725359e+03 |   0.17%| unknown
  210s|     1 |     0 | 11273 |     - |  3324M |   0 | 294 |  23k|  23k|  23 | 11 |  10 |   0 |-2.720845e+03 |-2.725359e+03 |   0.17%| unknown
  211s|     1 |     0 | 11273 |     - |  3324M |   0 | 294 |  23k|  23k|  23 | 11 |  10 |   0 |-2.720845e+03 |-2.725359e+03 |   0.17%| unknown
  212s|     1 |     0 | 11351 |     - |  3326M |   0 | 294 |  23k|  23k|  26 | 12 |  10 |   0 |-2.720861e+03 |-2.725359e+03 |   0.17%| unknown
 time | node  | left  |LP iter|LP it/n|mem/heur|mdpt |vars |cons |rows |cuts |sepa|confs|strbr|  dualbound   | primalbound  |  gap   | compl. 
  213s|     1 |     0 | 11357 |     - |  3329M |   0 | 294 |  23k|  23k|  27 | 13 |  12 |   0 |-2.720861e+03 |-2.725359e+03 |   0.17%| unknown
  215s|     1 |     0 | 11362 |     - |  3331M |   0 | 294 |  23k|  23k|  28 | 14 |  12 |   0 |-2.720861e+03 |-2.725359e+03 |   0.17%| unknown
  251s|     1 |     0 | 12203 |     - |  3334M |   0 | 294 |  23k|  23k|  28 | 15 |  18 |   1 |-2.722685e+03 |-2.725359e+03 |   0.10%| unknown
  255s|     1 |     0 | 12203 |     - |  3334M |   0 | 294 |  23k|  23k|  28 | 16 |  18 |   2 |-2.722685e+03 |-2.725359e+03 |   0.10%| unknown
  257s|     1 |     0 | 12203 |     - |  3334M |   0 | 294 |  23k|  23k|  28 | 17 |  18 |   3 |-2.722685e+03 |-2.725359e+03 |   0.10%| unknown
  260s|     1 |     0 | 12203 |     - |  3334M |   0 | 294 |  23k|  23k|  28 | 18 |  18 |   4 |-2.722685e+03 |-2.725359e+03 |   0.10%| unknown
  262s|     1 |     0 | 12203 |     - |  3334M |   0 | 294 |  23k|  23k|  28 | 19 |  18 |   5 |-2.722685e+03 |-2.725359e+03 |   0.10%| unknown
  266s|     1 |     0 | 12203 |     - |  3334M |   0 | 294 |  23k|  23k|  28 | 20 |  18 |   7 |-2.722685e+03 |-2.725359e+03 |   0.10%| unknown
  268s|     1 |     0 | 12203 |     - |  3334M |   0 | 294 |  23k|  23k|  28 | 21 |  18 |   8 |-2.722685e+03 |-2.725359e+03 |   0.10%| unknown
  282s|     1 |     0 | 12203 |     - |  3334M |   0 | 294 |  23k|  23k|  28 | 22 |  18 |  14 |-2.722685e+03 |-2.725359e+03 |   0.10%| unknown
  285s|     1 |     0 | 12203 |     - |  3334M |   0 | 294 |  23k|  23k|  28 | 23 |  18 |  15 |-2.722874e+03 |-2.725359e+03 |   0.09%| unknown
  292s|     1 |     0 | 12203 |     - |  3334M |   0 | 294 |  23k|  23k|  28 | 24 |  18 |  18 |-2.722874e+03 |-2.725359e+03 |   0.09%| unknown
  310s|     1 |     0 | 12203 |     - |  3334M |   0 | 294 |  23k|  23k|  28 | 25 |  18 |  26 |-2.722928e+03 |-2.725359e+03 |   0.09%| unknown
  318s|     1 |     0 | 12203 |     - |  3334M |   0 | 294 |  23k|  23k|  28 | 26 |  18 |  31 |-2.722928e+03 |-2.725359e+03 |   0.09%| unknown
  327s|     1 |     0 | 12203 |     - |  3334M |   0 | 294 |  23k|  23k|  28 | 27 |  18 |  36 |-2.722928e+03 |-2.725359e+03 |   0.09%| unknown
 time | node  | left  |LP iter|LP it/n|mem/heur|mdpt |vars |cons |rows |cuts |sepa|confs|strbr|  dualbound   | primalbound  |  gap   | compl. 
  359s|     1 |     0 | 12203 |     - |  3334M |   0 | 294 |  23k|  23k|  28 | 28 |  18 |  55 |-2.722928e+03 |-2.725359e+03 |   0.09%| unknown
  362s|     1 |     0 | 12235 |     - |  3334M |   0 | 294 |  23k|  23k|  28 | 29 |  20 |  58 |-2.722928e+03 |-2.725359e+03 |   0.09%| unknown
  364s|     1 |     0 | 12237 |     - |  3334M |   0 | 294 |  23k|  23k|  29 | 30 |  20 |  58 |-2.722928e+03 |-2.725359e+03 |   0.09%| unknown
  368s|     1 |     0 | 12237 |     - |  3334M |   0 | 294 |  23k|  23k|  29 | 31 |  20 |  60 |-2.722928e+03 |-2.725359e+03 |   0.09%| unknown
  368s|     1 |     2 | 12237 |     - |  3334M |   0 | 294 |  23k|  23k|  29 | 32 |  20 |  60 |-2.722928e+03 |-2.725359e+03 |   0.09%| unknown

SCIP Status        : problem is solved [optimal solution found]
Solving Time (sec) : 411.22
Solving Nodes      : 5 (total of 7 nodes in 3 runs)
Primal Bound       : -2.72535869565217e+03 (58 solutions)
Dual Bound         : -2.72535869565217e+03
Gap                : 0.00 %
feasible solution found by trivial heuristic after 0.0 seconds, objective value 0.000000e+00
presolving:
   (0.0s) symmetry computation started: requiring (bin +, int +, cont +), (fixed: bin -, int -, cont -)
   (0.0s) symmetry computation finished: 79 generators found (max: 1500, log10 of symmetry group size: 118.85) (symcode time: 0.00)
dynamic symmetry handling statistics:
   orbitopal reduction:       no components
   orbital reduction:         no components
   lexicographic reduction:   no permutations
handled 1 out of 1 symmetry components
presolving (0 rounds: 0 fast, 0 medium, 0 exhaustive):
 0 deleted vars, 0 deleted constraints, 0 added constraints, 0 tightened bounds, 0 added holes, 0 changed sides, 0 changed coefficients
 0 implications, 0 cliques, 0 implied integral variables (0 bin, 0 int, 0 cont)
presolved problem has 356 variables (276 bin, 0 int, 80 cont) and 4127 constraints
   4127 constraints of type <linear>
Presolving Time: 0.00
transformed 2/2 original solutions to the transformed problem space

 time | node  | left  |LP iter|LP it/n|mem/heur|mdpt |vars |cons |rows |cuts |sepa|confs|strbr|  dualbound   | primalbound  |  gap   | compl. 
i 0.0s|     1 |     0 |     0 |     - |  oneopt|   0 | 356 |4048 |4048 |   0 |  0 |   0 |   0 | 6.320000e+02 | 3.640000e+02 |  73.63%| unknown
* 0.0s|     1 |     0 |    63 |     - |    LP  |   0 | 356 |4048 |4048 |   0 |  0 |   0 |   0 | 5.540000e+02 | 5.540000e+02 |   0.00%| unknown
  0.0s|     1 |     0 |    63 |     - |    16M |   0 | 356 |4048 |4048 |   0 |  0 |   0 |   0 | 5.540000e+02 | 5.540000e+02 |   0.00%| unknown

SCIP Status        : problem is solved [optimal solution found]
Solving Time (sec) : 0.02
Solving Nodes      : 1
Primal Bound       : +5.54000000000000e+02 (5 solutions)
Dual Bound         : +5.54000000000000e+02
Gap                : 0.00 %
  [linear] <c4049>: <x277>[C] (+0) +0.523550725<x1>[B] (+0) +0.523550725<x2>[B] (+0) +0.523550725<x3>[B] (+0) +0.523550725<x4>[B] (+0) +0.523550725<x5>[B] (+1) +0.523550725<x6>[B] (+0) +0.523550725<x7>[B] (+0) +0.523550725<x8>[B] (+0) +0.523550725<x9>[B] (+0) +0.523550725<x10>[B] (+0) +0.523550725<x11>[B] (+0) -0.523550725<x12>[B] (+1) +0.523550725<x13>[B] (+0) +0.523550725<x14>[B] (+0) +0.523550725<x15>[B] (+0) +0.523550725<x16>[B] (+0) +0.523550725<x17>[B] (+0) +0.523550725<x18>[B] (+0) +0.523550725<x19>[B] (+1) +0.523550725<x20>[B] (+0) +0.523550725<x21>[B] (+0) +0.523550725<x22>[B] (+0) +0.523550725<x23>[B] (+0) +0.523550725<x24>[B] (+0) +0.523550725<x25>[B] (+0) -0.523550725<x26>[B] (+0) -0.523550725<x27>[B] (+1) -0.523550725<x28>[B] (+0) +0.523550725<x29>[B] (+0) +0.523550725<x30>[B] (+0) +0.523550725<x31>[B] (+0) +0.523550725<x32>[B] (+0) +0.523550725<x33>[B] (+0) -0.523550725<x34>[B] (+1) -0.523550725<x35>[B] (+0) +0.523550725<x36>[B] (+0) -0.523550725<x37>[B] (+0) +0.523550725<x38>[B] (+0) +0.523550725<x39>[B] (+0) +0.523550725<x40>[B] (+0) +0.523550725<x41>[B] (+1) -0.523550725<x42>[B] (+0) +0.523550725<x43>[B] (+0) -0.523550725<x44>[B] (+0) +0.523550725<x45>[B] (+0) -0.523550725<x46>[B] (+1) -0.523550725<x47>[B] (+0) -0.523550725<x48>[B] (+1) -0.523550725<x49>[B] (+0) +0.523550725<x50>[B] (+0) -0.523550725<x51>[B] (+0) -0.523550725<x52>[B] (+0) -0.523550725<x53>[B] (+1) -0.523550725<x54>[B] (+0) -0.523550725<x55>[B] (+1) -0.523550725<x56>[B] (+0) -0.523550725<x57>[B] (+1) -0.523550725<x58>[B] (+0) -0.523550725<x59>[B] (+0) -0.523550725<x60>[B] (+0) -0.523550725<x61>[B] (+0) -0.523550725<x62>[B] (+1) -0.523550725<x63>[B] (+0) +0.523550725<x64>[B] (+0) -0.523550725<x65>[B] (+0) -0.523550725<x66>[B] (+0) -0.523550725<x67>[B] (+0) -0.523550725<x68>[B] (+1) -0.523550725<x69>[B] (+0) +0.523550725<x70>[B] (+0) +0.523550725<x71>[B] (+0) -0.523550725<x72>[B] (+0) +0.523550725<x73>[B] (+1) +0.523550725<x74>[B] (+0) -0.523550725<x75>[B] (+1) -0.523550725<x76>[B] (+0) -0.523550725<x77>[B] (+0) -0.523550725<x78>[B] (+0) -0.523550725<x79>[B] (+0) +0.523550725<x80>[B] (+0) +0.523550725<x81>[B] (+0) +0.523550725<x82>[B] (+1) -0.523550725<x83>[B] (+0) +0.523550725<x84>[B] (+0) -0.523550725<x85>[B] (+0) -0.523550725<x86>[B] (+0) +0.523550725<x87>[B] (+1) -0.523550725<x88>[B] (+0) +0.523550725<x89>[B] (+1) +0.523550725<x90>[B] (+0) +0.523550725<x91>[B] (+0) +0.523550725<x92>[B] (+1) +0.523550725<x93>[B] (+1) -0.523550725<x94>[B] (+1) +0.523550725<x95>[B] (+1) +0.523550725<x96>[B] (+1) +0.523550725<x97>[B] (+0) +0.523550725<x98>[B] (+1) +0.523550725<x99>[B] (+1) +0.523550725<x100>[B] (+0) +0.523550725<x101>[B] (+1) -0.523550725<x102>[B] (+0) +0.523550725<x103>[B] (+0) -0.523550725<x104>[B] (+0) +0.523550725<x105>[B] (+0) -0.523550725<x106>[B] (+0) +0.523550725<x107>[B] (+0) +0.523550725<x108>[B] (+0) +0.523550725<x109>[B] (+0) +0.523550725<x110>[B] (+0) +0.523550725<x111>[B] (+0) -0.523550725<x112>[B] (+0) -0.523550725<x113>[B] (+0) +0.523550725<x114>[B] (+0) -0.523550725<x115>[B] (+0) +0.523550725<x116>[B] (+0) +0.523550725<x117>[B] (+0) +0.523550725<x118>[B] (+0) +0.523550725<x119>[B] (+0) -0.523550725<x120>[B] (+0) +0.523550725<x121>[B] (+0) -0.523550725<x122>[B] (+0) +0.523550725<x123>[B] (+0) +0.523550725<x124>[B] (+1) +0.523550725<x125>[B] (+0) +0.523550725<x126>[B] (+0) +0.523550725<x127>[B] (+1) +0.523550725<x128>[B] (+1) -0.523550725<x129>[B] (+1) +0.523550725<x130>[B] (+1) +0.523550725<x131>[B] (+1) +0.523550725<x132>[B] (+1) +0.523550725<x133>[B] (+1) +0.523550725<x134>[B] (+1) +0.523550725<x135>[B] (+0) +0.523550725<x136>[B] (+1) +0.523550725<x137>[B] (+1) +0.523550725<x138>[B] (+0) +0.523550725<x139>[B] (+0) +0.523550725<x140>[B] (+0) -0.523550725<x141>[B] (+0) -0.523550725<x142>[B] (+0) -0.523550725<x143>[B] (+1) -0.523550725<x144>[B] (+1) -0.523550725<x145>[B] (+1) -0.523550725<x146>[B] (+1) -0.523550725<x147>[B] (+1) -0.523550725<x148>[B] (+0) -0.523550725<x149>[B] (+0) -0.523550725<x150>[B] (+0) -0.523550725<x151>[B] (+0) -0.523550725<x152>[B] (+1) -0.523550725<x153>[B] (+0) -0.523550725<x154>[B] (+0) -0.523550725<x155>[B] (+0) -0.523550725<x156>[B] (+0) -0.523550725<x157>[B] (+1) +0.523550725<x158>[B] (+1) +0.523550725<x159>[B] (+1) -0.523550725<x160>[B] (+1) -0.523550725<x161>[B] (+1) -0.523550725<x162>[B] (+1) -0.523550725<x163>[B] (+1) -0.523550725<x164>[B] (+1) -0.523550725<x165>[B] (+1) +0.523550725<x166>[B] (+0) +0.523550725<x167>[B] (+1) -0.523550725<x168>[B] (+1) +0.523550725<x169>[B] (+1) -0.523550725<x170>[B] (+1) -0.523550725<x171>[B] (+1) +0.523550725<x172>[B] (+1) +0.523550725<x173>[B] (+1) -0.523550725<x174>[B] (+1) -0.523550725<x175>[B] (+1) +0.523550725<x176>[B] (+1) -0.523550725<x177>[B] (+1) +0.523550725<x178>[B] (+1) +0.523550725<x179>[B] (+1) +0.523550725<x180>[B] (+0) +0.523550725<x181>[B] (+1) -0.523550725<x182>[B] (+1) +0.523550725<x183>[B] (+0) -0.523550725<x184>[B] (+0) +0.523550725<x185>[B] (+1) -0.523550725<x186>[B] (+0) -0.523550725<x187>[B] (+1) -0.523550725<x188>[B] (+0) -0.523550725<x189>[B] (+0) -0.523550725<x190>[B] (+0) -0.523550725<x191>[B] (+0) -0.523550725<x192>[B] (+0) +0.523550725<x193>[B] (+0) +0.523550725<x194>[B] (+1) -0.523550725<x195>[B] (+0) +0.523550725<x196>[B] (+0) -0.523550725<x197>[B] (+0) -0.523550725<x198>[B] (+0) -0.523550725<x199>[B] (+1) -0.523550725<x200>[B] (+0) -0.523550725<x201>[B] (+1) -0.523550725<x202>[B] (+0) -0.523550725<x203>[B] (+0) -0.523550725<x204>[B] (+0) +0.523550725<x205>[B] (+0) +0.523550725<x206>[B] (+1) -0.523550725<x207>[B] (+0) +0.523550725<x208>[B] (+0) -0.523550725<x209>[B] (+0) -0.523550725<x210>[B] (+0) +0.523550725<x211>[B] (+0) +0.523550725<x212>[B] (+0) +0.523550725<x213>[B] (+0) +0.523550725<x214>[B] (+0) +0.523550725<x215>[B] (+0) +0.523550725<x216>[B] (+0) +0.523550725<x217>[B] (+0) +0.523550725<x218>[B] (+0) +0.523550725<x219>[B] (+0) +0.523550725<x220>[B] (+0) +0.523550725<x221>[B] (+0) +0.523550725<x222>[B] (+1) -0.523550725<x223>[B] (+0) +0.523550725<x224>[B] (+0) +0.523550725<x225>[B] (+0) +0.523550725<x226>[B] (+0) +0.523550725<x227>[B] (+1) -0.523550725<x228>[B] (+0) +0.523550725<x229>[B] (+0) -0.523550725<x230>[B] (+0) +0.523550725<x231>[B] (+0) -0.523550725<x232>[B] (+0) +0.523550725<x233>[B] (+0) +0.523550725<x234>[B] (+0) +0.523550725<x235>[B] (+0) +0.523550725<x236>[B] (+1) -0.523550725<x237>[B] (+0) +0.523550725<x238>[B] (+0) -0.523550725<x239>[B] (+0) +0.523550725<x240>[B] (+0) +0.523550725<x241>[B] (+1) +0.523550725<x242>[B] (+1) +0.523550725<x243>[B] (+0) +0.523550725<x244>[B] (+1) -0.523550725<x245>[B] (+0) +0.523550725<x246>[B] (+0) -0.523550725<x247>[B] (+0) +0.523550725<x248>[B] (+0) +0.523550725<x249>[B] (+0) +0.523550725<x250>[B] (+0) +0.523550725<x251>[B] (+1) -0.523550725<x252>[B] (+0) +0.523550725<x253>[B] (+0) -0.523550725<x254>[B] (+0) -0.523550725<x255>[B] (+0) +0.523550725<x256>[B] (+0) +0.523550725<x257>[B] (+1) -0.523550725<x258>[B] (+0) +0.523550725<x259>[B] (+0) -0.523550725<x260>[B] (+0) -0.523550725<x261>[B] (+0) +0.523550725<x262>[B] (+1) -0.523550725<x263>[B] (+1) +0.523550725<x264>[B] (+1) -0.523550725<x265>[B] (+1) -0.523550725<x266>[B] (+1) -0.523550725<x267>[B] (+0) +0.523550725<x268>[B] (+0) -0.523550725<x269>[B] (+0) -0.523550725<x270>[B] (+0) +0.523550725<x271>[B] (+0) +0.523550725<x272>[B] (+0) +0.523550725<x273>[B] (+0) -0.523550725<x274>[B] (+0) -0.523550725<x275>[B] (+1) +0.523550725<x276>[B] (+1) >= 42.2771739130435;
;
violation: left hand side is violated by 38.088768115942
  [linear] <c4049>: <x277>[C] (+0) +0.523550725<x1>[B] (+0) +0.523550725<x2>[B] (+0) +0.523550725<x3>[B] (+0) +0.523550725<x4>[B] (+0) +0.523550725<x5>[B] (+1) +0.523550725<x6>[B] (+0) +0.523550725<x7>[B] (+0) +0.523550725<x8>[B] (+0) +0.523550725<x9>[B] (+0) +0.523550725<x10>[B] (+0) +0.523550725<x11>[B] (+0) -0.523550725<x12>[B] (+0) +0.523550725<x13>[B] (+0) +0.523550725<x14>[B] (+0) +0.523550725<x15>[B] (+0) +0.523550725<x16>[B] (+0) +0.523550725<x17>[B] (+0) +0.523550725<x18>[B] (+0) +0.523550725<x19>[B] (+0) +0.523550725<x20>[B] (+0) +0.523550725<x21>[B] (+0) +0.523550725<x22>[B] (+0) +0.523550725<x23>[B] (+0) +0.523550725<x24>[B] (+0) +0.523550725<x25>[B] (+0) -0.523550725<x26>[B] (+0) -0.523550725<x27>[B] (+1) -0.523550725<x28>[B] (+0) +0.523550725<x29>[B] (+0) +0.523550725<x30>[B] (+0) +0.523550725<x31>[B] (+0) +0.523550725<x32>[B] (+0) +0.523550725<x33>[B] (+0) -0.523550725<x34>[B] (+0) -0.523550725<x35>[B] (+0) +0.523550725<x36>[B] (+0) -0.523550725<x37>[B] (+0) +0.523550725<x38>[B] (+0) +0.523550725<x39>[B] (+0) +0.523550725<x40>[B] (+0) +0.523550725<x41>[B] (+0) -0.523550725<x42>[B] (+0) +0.523550725<x43>[B] (+0) -0.523550725<x44>[B] (+0) +0.523550725<x45>[B] (+0) -0.523550725<x46>[B] (+1) -0.523550725<x47>[B] (+0) -0.523550725<x48>[B] (+1) -0.523550725<x49>[B] (+0) +0.523550725<x50>[B] (+0) -0.523550725<x51>[B] (+0) -0.523550725<x52>[B] (+0) -0.523550725<x53>[B] (+0) -0.523550725<x54>[B] (+0) -0.523550725<x55>[B] (+0) -0.523550725<x56>[B] (+0) -0.523550725<x57>[B] (+0) -0.523550725<x58>[B] (+0) -0.523550725<x59>[B] (+0) -0.523550725<x60>[B] (+0) -0.523550725<x61>[B] (+0) -0.523550725<x62>[B] (+0) -0.523550725<x63>[B] (+0) +0.523550725<x64>[B] (+0) -0.523550725<x65>[B] (+0) -0.523550725<x66>[B] (+0) -0.523550725<x67>[B] (+0) -0.523550725<x68>[B] (+1) -0.523550725<x69>[B] (+0) +0.523550725<x70>[B] (+0) +0.523550725<x71>[B] (+0) -0.523550725<x72>[B] (+0) +0.523550725<x73>[B] (+0) +0.523550725<x74>[B] (+0) -0.523550725<x75>[B] (+0) -0.523550725<x76>[B] (+0) -0.523550725<x77>[B] (+0) -0.523550725<x78>[B] (+0) -0.523550725<x79>[B] (+0) +0.523550725<x80>[B] (+0) +0.523550725<x81>[B] (+0) +0.523550725<x82>[B] (+0) -0.523550725<x83>[B] (+0) +0.523550725<x84>[B] (+0) -0.523550725<x85>[B] (+0) -0.523550725<x86>[B] (+0) +0.523550725<x87>[B] (+1) -0.523550725<x88>[B] (+0) +0.523550725<x89>[B] (+1) +0.523550725<x90>[B] (+0) +0.523550725<x91>[B] (+0) +0.523550725<x92>[B] (+1) +0.523550725<x93>[B] (+1) -0.523550725<x94>[B] (+1) +0.523550725<x95>[B] (+1) +0.523550725<x96>[B] (+0) +0.523550725<x97>[B] (+0) +0.523550725<x98>[B] (+0) +0.523550725<x99>[B] (+0) +0.523550725<x100>[B] (+0) +0.523550725<x101>[B] (+0) -0.523550725<x102>[B] (+0) +0.523550725<x103>[B] (+0) -0.523550725<x104>[B] (+0) +0.523550725<x105>[B] (+0) -0.523550725<x106>[B] (+0) +0.523550725<x107>[B] (+0) +0.523550725<x108>[B] (+0) +0.523550725<x109>[B] (+0) +0.523550725<x110>[B] (+0) +0.523550725<x111>[B] (+0) -0.523550725<x112>[B] (+0) -0.523550725<x113>[B] (+0) +0.523550725<x114>[B] (+0) -0.523550725<x115>[B] (+0) +0.523550725<x116>[B] (+0) +0.523550725<x117>[B] (+0) +0.523550725<x118>[B] (+0) +0.523550725<x119>[B] (+0) -0.523550725<x120>[B] (+0) +0.523550725<x121>[B] (+0) -0.523550725<x122>[B] (+0) +0.523550725<x123>[B] (+0) +0.523550725<x124>[B] (+1) +0.523550725<x125>[B] (+0) +0.523550725<x126>[B] (+0) +0.523550725<x127>[B] (+1) +0.523550725<x128>[B] (+1) -0.523550725<x129>[B] (+1) +0.523550725<x130>[B] (+1) +0.523550725<x131>[B] (+0) +0.523550725<x132>[B] (+0) +0.523550725<x133>[B] (+0) +0.523550725<x134>[B] (+0) +0.523550725<x135>[B] (+0) +0.523550725<x136>[B] (+0) +0.523550725<x137>[B] (+0) +0.523550725<x138>[B] (+0) +0.523550725<x139>[B] (+0) +0.523550725<x140>[B] (+0) -0.523550725<x141>[B] (+0) -0.523550725<x142>[B] (+0) -0.523550725<x143>[B] (+0) -0.523550725<x144>[B] (+0) -0.523550725<x145>[B] (+0) -0.523550725<x146>[B] (+0) -0.523550725<x147>[B] (+0) -0.523550725<x148>[B] (+0) -0.523550725<x149>[B] (+0) -0.523550725<x150>[B] (+0) -0.523550725<x151>[B] (+0) -0.523550725<x152>[B] (+0) -0.523550725<x153>[B] (+0) -0.523550725<x154>[B] (+0) -0.523550725<x155>[B] (+0) -0.523550725<x156>[B] (+0) -0.523550725<x157>[B] (+1) +0.523550725<x158>[B] (+1) +0.523550725<x159>[B] (+1) -0.523550725<x160>[B] (+1) -0.523550725<x161>[B] (+1) -0.523550725<x162>[B] (+1) -0.523550725<x163>[B] (+1) -0.523550725<x164>[B] (+1) -0.523550725<x165>[B] (+1) +0.523550725<x166>[B] (+0) +0.523550725<x167>[B] (+1) -0.523550725<x168>[B] (+1) +0.523550725<x169>[B] (+1) -0.523550725<x170>[B] (+1) -0.523550725<x171>[B] (+1) +0.523550725<x172>[B] (+1) +0.523550725<x173>[B] (+1) -0.523550725<x174>[B] (+1) -0.523550725<x175>[B] (+1) +0.523550725<x176>[B] (+0) -0.523550725<x177>[B] (+0) +0.523550725<x178>[B] (+0) +0.523550725<x179>[B] (+0) +0.523550725<x180>[B] (+0) +0.523550725<x181>[B] (+0) -0.523550725<x182>[B] (+0) +0.523550725<x183>[B] (+0) -0.523550725<x184>[B] (+0) +0.523550725<x185>[B] (+0) -0.523550725<x186>[B] (+0) -0.523550725<x187>[B] (+0) -0.523550725<x188>[B] (+0) -0.523550725<x189>[B] (+0) -0.523550725<x190>[B] (+0) -0.523550725<x191>[B] (+0) -0.523550725<x192>[B] (+0) +0.523550725<x193>[B] (+0) +0.523550725<x194>[B] (+0) -0.523550725<x195>[B] (+0) +0.523550725<x196>[B] (+0) -0.523550725<x197>[B] (+0) -0.523550725<x198>[B] (+0) -0.523550725<x199>[B] (+0) -0.523550725<x200>[B] (+0) -0.523550725<x201>[B] (+0) -0.523550725<x202>[B] (+0) -0.523550725<x203>[B] (+0) -0.523550725<x204>[B] (+0) +0.523550725<x205>[B] (+0) +0.523550725<x206>[B] (+0) -0.523550725<x207>[B] (+0) +0.523550725<x208>[B] (+0) -0.523550725<x209>[B] (+0) -0.523550725<x210>[B] (+0) +0.523550725<x211>[B] (+1) +0.523550725<x212>[B] (+0) +0.523550725<x213>[B] (+0) +0.523550725<x214>[B] (+0) +0.523550725<x215>[B] (+0) +0.523550725<x216>[B] (+0) +0.523550725<x217>[B] (+0) +0.523550725<x218>[B] (+0) +0.523550725<x219>[B] (+0) +0.523550725<x220>[B] (+0) +0.523550725<x221>[B] (+0) +0.523550725<x222>[B] (+0) -0.523550725<x223>[B] (+0) +0.523550725<x224>[B] (+0) +0.523550725<x225>[B] (+0) +0.523550725<x226>[B] (+0) +0.523550725<x227>[B] (+0) -0.523550725<x228>[B] (+0) +0.523550725<x229>[B] (+0) -0.523550725<x230>[B] (+0) +0.523550725<x231>[B] (+0) -0.523550725<x232>[B] (+1) +0.523550725<x233>[B] (+0) +0.523550725<x234>[B] (+0) +0.523550725<x235>[B] (+0) +0.523550725<x236>[B] (+0) -0.523550725<x237>[B] (+0) +0.523550725<x238>[B] (+0) -0.523550725<x239>[B] (+0) +0.523550725<x240>[B] (+0) +0.523550725<x241>[B] (+0) +0.523550725<x242>[B] (+0) +0.523550725<x243>[B] (+0) +0.523550725<x244>[B] (+0) -0.523550725<x245>[B] (+0) +0.523550725<x246>[B] (+0) -0.523550725<x247>[B] (+0) +0.523550725<x248>[B] (+0) +0.523550725<x249>[B] (+0) +0.523550725<x250>[B] (+0) +0.523550725<x251>[B] (+1) -0.523550725<x252>[B] (+0) +0.523550725<x253>[B] (+0) -0.523550725<x254>[B] (+0) -0.523550725<x255>[B] (+0) +0.523550725<x256>[B] (+0) +0.523550725<x257>[B] (+1) -0.523550725<x258>[B] (+0) +0.523550725<x259>[B] (+0) -0.523550725<x260>[B] (+0) -0.523550725<x261>[B] (+0) +0.523550725<x262>[B] (+1) -0.523550725<x263>[B] (+1) +0.523550725<x264>[B] (+1) -0.523550725<x265>[B] (+1) -0.523550725<x266>[B] (+1) -0.523550725<x267>[B] (+0) +0.523550725<x268>[B] (+0) -0.523550725<x269>[B] (+0) -0.523550725<x270>[B] (+0) +0.523550725<x271>[B] (+1) +0.523550725<x272>[B] (+0) +0.523550725<x273>[B] (+0) -0.523550725<x274>[B] (+0) -0.523550725<x275>[B] (+0) +0.523550725<x276>[B] (+1) >= 42.2771739130435;
;
violation: left hand side is violated by 41.7536231884058
  [linear] <c4049>: <x277>[C] (+0) +0.523550725<x1>[B] (+0) +0.523550725<x2>[B] (+0) +0.523550725<x3>[B] (+0) +0.523550725<x4>[B] (+0) +0.523550725<x5>[B] (+0) +0.523550725<x6>[B] (+0) +0.523550725<x7>[B] (+0) +0.523550725<x8>[B] (+0) +0.523550725<x9>[B] (+0) +0.523550725<x10>[B] (+0) +0.523550725<x11>[B] (+0) -0.523550725<x12>[B] (+0) +0.523550725<x13>[B] (+0) +0.523550725<x14>[B] (+0) +0.523550725<x15>[B] (+0) +0.523550725<x16>[B] (+0) +0.523550725<x17>[B] (+0) +0.523550725<x18>[B] (+0) +0.523550725<x19>[B] (+0) +0.523550725<x20>[B] (+0) +0.523550725<x21>[B] (+0) +0.523550725<x22>[B] (+0) +0.523550725<x23>[B] (+0) +0.523550725<x24>[B] (+0) +0.523550725<x25>[B] (+0) -0.523550725<x26>[B] (+0) -0.523550725<x27>[B] (+0) -0.523550725<x28>[B] (+0) +0.523550725<x29>[B] (+0) +0.523550725<x30>[B] (+0) +0.523550725<x31>[B] (+0) +0.523550725<x32>[B] (+0) +0.523550725<x33>[B] (+0) -0.523550725<x34>[B] (+0) -0.523550725<x35>[B] (+0) +0.523550725<x36>[B] (+0) -0.523550725<x37>[B] (+0) +0.523550725<x38>[B] (+0) +0.523550725<x39>[B] (+0) +0.523550725<x40>[B] (+0) +0.523550725<x41>[B] (+0) -0.523550725<x42>[B] (+0) +0.523550725<x43>[B] (+0) -0.523550725<x44>[B] (+0) +0.523550725<x45>[B] (+0) -0.523550725<x46>[B] (+0) -0.523550725<x47>[B] (+0) -0.523550725<x48>[B] (+0) -0.523550725<x49>[B] (+0) +0.523550725<x50>[B] (+0) -0.523550725<x51>[B] (+0) -0.523550725<x52>[B] (+0) -0.523550725<x53>[B] (+0) -0.523550725<x54>[B] (+0) -0.523550725<x55>[B] (+0) -0.523550725<x56>[B] (+0) -0.523550725<x57>[B] (+0) -0.523550725<x58>[B] (+0) -0.523550725<x59>[B] (+0) -0.523550725<x60>[B] (+0) -0.523550725<x61>[B] (+0) -0.523550725<x62>[B] (+0) -0.523550725<x63>[B] (+0) +0.523550725<x64>[B] (+0) -0.523550725<x65>[B] (+0) -0.523550725<x66>[B] (+0) -0.523550725<x67>[B] (+0) -0.523550725<x68>[B] (+0) -0.523550725<x69>[B] (+0) +0.523550725<x70>[B] (+0) +0.523550725<x71>[B] (+0) -0.523550725<x72>[B] (+0) +0.523550725<x73>[B] (+0) +0.523550725<x74>[B] (+0) -0.523550725<x75>[B] (+0) -0.523550725<x76>[B] (+0) -0.523550725<x77>[B] (+0) -0.523550725<x78>[B] (+0) -0.523550725<x79>[B] (+0) +0.523550725<x80>[B] (+0) +0.523550725<x81>[B] (+0) +0.523550725<x82>[B] (+0) -0.523550725<x83>[B] (+0) +0.523550725<x84>[B] (+0) -0.523550725<x85>[B] (+0) -0.523550725<x86>[B] (+0) +0.523550725<x87>[B] (+0) -0.523550725<x88>[B] (+0) +0.523550725<x89>[B] (+0) +0.523550725<x90>[B] (+0) +0.523550725<x91>[B] (+0) +0.523550725<x92>[B] (+0) +0.523550725<x93>[B] (+0) -0.523550725<x94>[B] (+0) +0.523550725<x95>[B] (+0) +0.523550725<x96>[B] (+0) +0.523550725<x97>[B] (+0) +0.523550725<x98>[B] (+0) +0.523550725<x99>[B] (+0) +0.523550725<x100>[B] (+0) +0.523550725<x101>[B] (+0) -0.523550725<x102>[B] (+0) +0.523550725<x103>[B] (+0) -0.523550725<x104>[B] (+0) +0.523550725<x105>[B] (+0) -0.523550725<x106>[B] (+0) +0.523550725<x107>[B] (+0) +0.523550725<x108>[B] (+0) +0.523550725<x109>[B] (+0) +0.523550725<x110>[B] (+0) +0.523550725<x111>[B] (+0) -0.523550725<x112>[B] (+0) -0.523550725<x113>[B] (+0) +0.523550725<x114>[B] (+0) -0.523550725<x115>[B] (+0) +0.523550725<x116>[B] (+0) +0.523550725<x117>[B] (+0) +0.523550725<x118>[B] (+0) +0.523550725<x119>[B] (+0) -0.523550725<x120>[B] (+0) +0.523550725<x121>[B] (+0) -0.523550725<x122>[B] (+0) +0.523550725<x123>[B] (+0) +0.523550725<x124>[B] (+0) +0.523550725<x125>[B] (+0) +0.523550725<x126>[B] (+0) +0.523550725<x127>[B] (+0) +0.523550725<x128>[B] (+0) -0.523550725<x129>[B] (+0) +0.523550725<x130>[B] (+0) +0.523550725<x131>[B] (+0) +0.523550725<x132>[B] (+0) +0.523550725<x133>[B] (+0) +0.523550725<x134>[B] (+0) +0.523550725<x135>[B] (+0) +0.523550725<x136>[B] (+0) +0.523550725<x137>[B] (+0) +0.523550725<x138>[B] (+0) +0.523550725<x139>[B] (+0) +0.523550725<x140>[B] (+0) -0.523550725<x141>[B] (+0) -0.523550725<x142>[B] (+0) -0.523550725<x143>[B] (+0) -0.523550725<x144>[B] (+0) -0.523550725<x145>[B] (+0) -0.523550725<x146>[B] (+0) -0.523550725<x147>[B] (+0) -0.523550725<x148>[B] (+0) -0.523550725<x149>[B] (+0) -0.523550725<x150>[B] (+0) -0.523550725<x151>[B] (+0) -0.523550725<x152>[B] (+0) -0.523550725<x153>[B] (+0) -0.523550725<x154>[B] (+0) -0.523550725<x155>[B] (+0) -0.523550725<x156>[B] (+0) -0.523550725<x157>[B] (+0) +0.523550725<x158>[B] (+0) +0.523550725<x159>[B] (+0) -0.523550725<x160>[B] (+0) -0.523550725<x161>[B] (+0) -0.523550725<x162>[B] (+0) -0.523550725<x163>[B] (+0) -0.523550725<x164>[B] (+0) -0.523550725<x165>[B] (+0) +0.523550725<x166>[B] (+0) +0.523550725<x167>[B] (+0) -0.523550725<x168>[B] (+0) +0.523550725<x169>[B] (+0) -0.523550725<x170>[B] (+0) -0.523550725<x171>[B] (+0) +0.523550725<x172>[B] (+0) +0.523550725<x173>[B] (+0) -0.523550725<x174>[B] (+0) -0.523550725<x175>[B] (+0) +0.523550725<x176>[B] (+0) -0.523550725<x177>[B] (+0) +0.523550725<x178>[B] (+0) +0.523550725<x179>[B] (+0) +0.523550725<x180>[B] (+0) +0.523550725<x181>[B] (+0) -0.523550725<x182>[B] (+0) +0.523550725<x183>[B] (+0) -0.523550725<x184>[B] (+0) +0.523550725<x185>[B] (+0) -0.523550725<x186>[B] (+0) -0.523550725<x187>[B] (+0) -0.523550725<x188>[B] (+0) -0.523550725<x189>[B] (+0) -0.523550725<x190>[B] (+0) -0.523550725<x191>[B] (+0) -0.523550725<x192>[B] (+0) +0.523550725<x193>[B] (+0) +0.523550725<x194>[B] (+0) -0.523550725<x195>[B] (+0) +0.523550725<x196>[B] (+0) -0.523550725<x197>[B] (+0) -0.523550725<x198>[B] (+0) -0.523550725<x199>[B] (+0) -0.523550725<x200>[B] (+0) -0.523550725<x201>[B] (+0) -0.523550725<x202>[B] (+0) -0.523550725<x203>[B] (+0) -0.523550725<x204>[B] (+0) +0.523550725<x205>[B] (+0) +0.523550725<x206>[B] (+0) -0.523550725<x207>[B] (+0) +0.523550725<x208>[B] (+0) -0.523550725<x209>[B] (+0) -0.523550725<x210>[B] (+0) +0.523550725<x211>[B] (+0) +0.523550725<x212>[B] (+0) +0.523550725<x213>[B] (+0) +0.523550725<x214>[B] (+0) +0.523550725<x215>[B] (+0) +0.523550725<x216>[B] (+0) +0.523550725<x217>[B] (+0) +0.523550725<x218>[B] (+0) +0.523550725<x219>[B] (+0) +0.523550725<x220>[B] (+0) +0.523550725<x221>[B] (+0) +0.523550725<x222>[B] (+0) -0.523550725<x223>[B] (+0) +0.523550725<x224>[B] (+0) +0.523550725<x225>[B] (+0) +0.523550725<x226>[B] (+0) +0.523550725<x227>[B] (+0) -0.523550725<x228>[B] (+0) +0.523550725<x229>[B] (+0) -0.523550725<x230>[B] (+0) +0.523550725<x231>[B] (+0) -0.523550725<x232>[B] (+0) +0.523550725<x233>[B] (+0) +0.523550725<x234>[B] (+0) +0.523550725<x235>[B] (+0) +0.523550725<x236>[B] (+0) -0.523550725<x237>[B] (+0) +0.523550725<x238>[B] (+0) -0.523550725<x239>[B] (+0) +0.523550725<x240>[B] (+0) +0.523550725<x241>[B] (+0) +0.523550725<x242>[B] (+0) +0.523550725<x243>[B] (+0) +0.523550725<x244>[B] (+0) -0.523550725<x245>[B] (+0) +0.523550725<x246>[B] (+0) -0.523550725<x247>[B] (+0) +0.523550725<x248>[B] (+0) +0.523550725<x249>[B] (+0) +0.523550725<x250>[B] (+0) +0.523550725<x251>[B] (+0) -0.523550725<x252>[B] (+0) +0.523550725<x253>[B] (+0) -0.523550725<x254>[B] (+0) -0.523550725<x255>[B] (+0) +0.523550725<x256>[B] (+0) +0.523550725<x257>[B] (+0) -0.523550725<x258>[B] (+0) +0.523550725<x259>[B] (+0) -0.523550725<x260>[B] (+0) -0.523550725<x261>[B] (+0) +0.523550725<x262>[B] (+0) -0.523550725<x263>[B] (+0) +0.523550725<x264>[B] (+0) -0.523550725<x265>[B] (+0) -0.523550725<x266>[B] (+0) -0.523550725<x267>[B] (+0) +0.523550725<x268>[B] (+0) -0.523550725<x269>[B] (+0) -0.523550725<x270>[B] (+0) +0.523550725<x271>[B] (+0) +0.523550725<x272>[B] (+0) +0.523550725<x273>[B] (+0) -0.523550725<x274>[B] (+0) -0.523550725<x275>[B] (+0) +0.523550725<x276>[B] (+0) >= 42.2771739130435;
;
violation: left hand side is violated by 42.2771739130435
  [linear] <c4049>: <x277>[C] (+0) +0.523550725<x1>[B] (+1) +0.523550725<x2>[B] (+1) +0.523550725<x3>[B] (+1) +0.523550725<x4>[B] (+1) +0.523550725<x5>[B] (+1) +0.523550725<x6>[B] (+1) +0.523550725<x7>[B] (+1) +0.523550725<x8>[B] (+1) +0.523550725<x9>[B] (+1) +0.523550725<x10>[B] (+1) +0.523550725<x11>[B] (+1) -0.523550725<x12>[B] (+1) +0.523550725<x13>[B] (+1) +0.523550725<x14>[B] (+1) +0.523550725<x15>[B] (+1) +0.523550725<x16>[B] (+1) +0.523550725<x17>[B] (+1) +0.523550725<x18>[B] (+1) +0.523550725<x19>[B] (+1) +0.523550725<x20>[B] (+1) +0.523550725<x21>[B] (+1) +0.523550725<x22>[B] (+1) +0.523550725<x23>[B] (+1) +0.523550725<x24>[B] (+1) +0.523550725<x25>[B] (+1) -0.523550725<x26>[B] (+1) -0.523550725<x27>[B] (+1) -0.523550725<x28>[B] (+1) +0.523550725<x29>[B] (+1) +0.523550725<x30>[B] (+1) +0.523550725<x31>[B] (+1) +0.523550725<x32>[B] (+1) +0.523550725<x33>[B] (+1) -0.523550725<x34>[B] (+1) -0.523550725<x35>[B] (+1) +0.523550725<x36>[B] (+1) -0.523550725<x37>[B] (+1) +0.523550725<x38>[B] (+1) +0.523550725<x39>[B] (+1) +0.523550725<x40>[B] (+1) +0.523550725<x41>[B] (+1) -0.523550725<x42>[B] (+1) +0.523550725<x43>[B] (+1) -0.523550725<x44>[B] (+1) +0.523550725<x45>[B] (+1) -0.523550725<x46>[B] (+1) -0.523550725<x47>[B] (+1) -0.523550725<x48>[B] (+1) -0.523550725<x49>[B] (+1) +0.523550725<x50>[B] (+1) -0.523550725<x51>[B] (+1) -0.523550725<x52>[B] (+1) -0.523550725<x53>[B] (+1) -0.523550725<x54>[B] (+1) -0.523550725<x55>[B] (+1) -0.523550725<x56>[B] (+1) -0.523550725<x57>[B] (+1) -0.523550725<x58>[B] (+1) -0.523550725<x59>[B] (+1) -0.523550725<x60>[B] (+1) -0.523550725<x61>[B] (+1) -0.523550725<x62>[B] (+1) -0.523550725<x63>[B] (+1) +0.523550725<x64>[B] (+1) -0.523550725<x65>[B] (+1) -0.523550725<x66>[B] (+1) -0.523550725<x67>[B] (+1) -0.523550725<x68>[B] (+1) -0.523550725<x69>[B] (+1) +0.523550725<x70>[B] (+1) +0.523550725<x71>[B] (+1) -0.523550725<x72>[B] (+1) +0.523550725<x73>[B] (+1) +0.523550725<x74>[B] (+1) -0.523550725<x75>[B] (+1) -0.523550725<x76>[B] (+1) -0.523550725<x77>[B] (+1) -0.523550725<x78>[B] (+1) -0.523550725<x79>[B] (+1) +0.523550725<x80>[B] (+1) +0.523550725<x81>[B] (+1) +0.523550725<x82>[B] (+1) -0.523550725<x83>[B] (+1) +0.523550725<x84>[B] (+1) -0.523550725<x85>[B] (+1) -0.523550725<x86>[B] (+1) +0.523550725<x87>[B] (+1) -0.523550725<x88>[B] (+1) +0.523550725<x89>[B] (+1) +0.523550725<x90>[B] (+1) +0.523550725<x91>[B] (+1) +0.523550725<x92>[B] (+1) +0.523550725<x93>[B] (+1) -0.523550725<x94>[B] (+1) +0.523550725<x95>[B] (+1) +0.523550725<x96>[B] (+1) +0.523550725<x97>[B] (+1) +0.523550725<x98>[B] (+1) +0.523550725<x99>[B] (+1) +0.523550725<x100>[B] (+1) +0.523550725<x101>[B] (+1) -0.523550725<x102>[B] (+1) +0.523550725<x103>[B] (+1) -0.523550725<x104>[B] (+1) +0.523550725<x105>[B] (+1) -0.523550725<x106>[B] (+1) +0.523550725<x107>[B] (+1) +0.523550725<x108>[B] (+1) +0.523550725<x109>[B] (+1) +0.523550725<x110>[B] (+1) +0.523550725<x111>[B] (+1) -0.523550725<x112>[B] (+1) -0.523550725<x113>[B] (+1) +0.523550725<x114>[B] (+1) -0.523550725<x115>[B] (+1) +0.523550725<x116>[B] (+1) +0.523550725<x117>[B] (+1) +0.523550725<x118>[B] (+1) +0.523550725<x119>[B] (+1) -0.523550725<x120>[B] (+1) +0.523550725<x121>[B] (+1) -0.523550725<x122>[B] (+1) +0.523550725<x123>[B] (+1) +0.523550725<x124>[B] (+1) +0.523550725<x125>[B] (+1) +0.523550725<x126>[B] (+1) +0.523550725<x127>[B] (+1) +0.523550725<x128>[B] (+1) -0.523550725<x129>[B] (+1) +0.523550725<x130>[B] (+1) +0.523550725<x131>[B] (+1) +0.523550725<x132>[B] (+1) +0.523550725<x133>[B] (+1) +0.523550725<x134>[B] (+1) +0.523550725<x135>[B] (+1) +0.523550725<x136>[B] (+1) +0.523550725<x137>[B] (+1) +0.523550725<x138>[B] (+1) +0.523550725<x139>[B] (+1) +0.523550725<x140>[B] (+1) -0.523550725<x141>[B] (+1) -0.523550725<x142>[B] (+1) -0.523550725<x143>[B] (+1) -0.523550725<x144>[B] (+1) -0.523550725<x145>[B] (+1) -0.523550725<x146>[B] (+1) -0.523550725<x147>[B] (+1) -0.523550725<x148>[B] (+1) -0.523550725<x149>[B] (+1) -0.523550725<x150>[B] (+1) -0.523550725<x151>[B] (+1) -0.523550725<x152>[B] (+1) -0.523550725<x153>[B] (+1) -0.523550725<x154>[B] (+1) -0.523550725<x155>[B] (+1) -0.523550725<x156>[B] (+1) -0.523550725<x157>[B] (+1) +0.523550725<x158>[B] (+1) +0.523550725<x159>[B] (+1) -0.523550725<x160>[B] (+1) -0.523550725<x161>[B] (+1) -0.523550725<x162>[B] (+1) -0.523550725<x163>[B] (+1) -0.523550725<x164>[B] (+1) -0.523550725<x165>[B] (+1) +0.523550725<x166>[B] (+1) +0.523550725<x167>[B] (+1) -0.523550725<x168>[B] (+1) +0.523550725<x169>[B] (+1) -0.523550725<x170>[B] (+1) -0.523550725<x171>[B] (+1) +0.523550725<x172>[B] (+1) +0.523550725<x173>[B] (+1) -0.523550725<x174>[B] (+1) -0.523550725<x175>[B] (+1) +0.523550725<x176>[B] (+1) -0.523550725<x177>[B] (+1) +0.523550725<x178>[B] (+1) +0.523550725<x179>[B] (+1) +0.523550725<x180>[B] (+1) +0.523550725<x181>[B] (+1) -0.523550725<x182>[B] (+1) +0.523550725<x183>[B] (+1) -0.523550725<x184>[B] (+1) +0.523550725<x185>[B] (+1) -0.523550725<x186>[B] (+1) -0.523550725<x187>[B] (+1) -0.523550725<x188>[B] (+1) -0.523550725<x189>[B] (+1) -0.523550725<x190>[B] (+1) -0.523550725<x191>[B] (+1) -0.523550725<x192>[B] (+1) +0.523550725<x193>[B] (+1) +0.523550725<x194>[B] (+1) -0.523550725<x195>[B] (+1) +0.523550725<x196>[B] (+1) -0.523550725<x197>[B] (+1) -0.523550725<x198>[B] (+1) -0.523550725<x199>[B] (+1) -0.523550725<x200>[B] (+1) -0.523550725<x201>[B] (+1) -0.523550725<x202>[B] (+1) -0.523550725<x203>[B] (+1) -0.523550725<x204>[B] (+1) +0.523550725<x205>[B] (+1) +0.523550725<x206>[B] (+1) -0.523550725<x207>[B] (+1) +0.523550725<x208>[B] (+1) -0.523550725<x209>[B] (+1) -0.523550725<x210>[B] (+1) +0.523550725<x211>[B] (+1) +0.523550725<x212>[B] (+1) +0.523550725<x213>[B] (+1) +0.523550725<x214>[B] (+1) +0.523550725<x215>[B] (+1) +0.523550725<x216>[B] (+1) +0.523550725<x217>[B] (+1) +0.523550725<x218>[B] (+1) +0.523550725<x219>[B] (+1) +0.523550725<x220>[B] (+1) +0.523550725<x221>[B] (+1) +0.523550725<x222>[B] (+1) -0.523550725<x223>[B] (+1) +0.523550725<x224>[B] (+1) +0.523550725<x225>[B] (+1) +0.523550725<x226>[B] (+1) +0.523550725<x227>[B] (+1) -0.523550725<x228>[B] (+1) +0.523550725<x229>[B] (+1) -0.523550725<x230>[B] (+1) +0.523550725<x231>[B] (+1) -0.523550725<x232>[B] (+1) +0.523550725<x233>[B] (+1) +0.523550725<x234>[B] (+1) +0.523550725<x235>[B] (+1) +0.523550725<x236>[B] (+1) -0.523550725<x237>[B] (+1) +0.523550725<x238>[B] (+1) -0.523550725<x239>[B] (+1) +0.523550725<x240>[B] (+1) +0.523550725<x241>[B] (+1) +0.523550725<x242>[B] (+1) +0.523550725<x243>[B] (+1) +0.523550725<x244>[B] (+1) -0.523550725<x245>[B] (+1) +0.523550725<x246>[B] (+1) -0.523550725<x247>[B] (+1) +0.523550725<x248>[B] (+1) +0.523550725<x249>[B] (+1) +0.523550725<x250>[B] (+1) +0.523550725<x251>[B] (+1) -0.523550725<x252>[B] (+1) +0.523550725<x253>[B] (+1) -0.523550725<x254>[B] (+1) -0.523550725<x255>[B] (+1) +0.523550725<x256>[B] (+1) +0.523550725<x257>[B] (+1) -0.523550725<x258>[B] (+1) +0.523550725<x259>[B] (+1) -0.523550725<x260>[B] (+1) -0.523550725<x261>[B] (+1) +0.523550725<x262>[B] (+1) -0.523550725<x263>[B] (+1) +0.523550725<x264>[B] (+1) -0.523550725<x265>[B] (+1) -0.523550725<x266>[B] (+1) -0.523550725<x267>[B] (+1) +0.523550725<x268>[B] (+1) -0.523550725<x269>[B] (+1) -0.523550725<x270>[B] (+1) +0.523550725<x271>[B] (+1) +0.523550725<x272>[B] (+1) +0.523550725<x273>[B] (+1) -0.523550725<x274>[B] (+1) -0.523550725<x275>[B] (+1) +0.523550725<x276>[B] (+1) >= 42.2771739130435;
;
violation: left hand side is violated by 26.570652173913
1/5 feasible solution given by solution candidate storage, new primal bound -8.000652e+06

presolving:
   (0.0s) symmetry computation started: requiring (bin +, int +, cont +), (fixed: bin -, int -, cont -)
   (0.0s) no symmetry present (symcode time: 0.00)
presolving (0 rounds: 0 fast, 0 medium, 0 exhaustive):
 0 deleted vars, 0 deleted constraints, 0 added constraints, 0 tightened bounds, 0 added holes, 0 changed sides, 0 changed coefficients
 0 implications, 0 cliques, 0 implied integral variables (0 bin, 0 int, 0 cont)
presolved problem has 356 variables (276 bin, 0 int, 80 cont) and 4128 constraints
   4128 constraints of type <linear>
Presolving Time: 0.01
transformed 1/1 original solutions to the transformed problem space

 time | node  | left  |LP iter|LP it/n|mem/heur|mdpt |vars |cons |rows |cuts |sepa|confs|strbr|  dualbound   | primalbound  |  gap   | compl. 
p 0.0s|     1 |     0 |    36 |     - |   locks|   0 | 356 |4128 |4128 |   0 |  0 |   0 |   0 | 6.320000e+02 |-3.279667e+03 |    Inf | unknown
* 0.1s|     1 |     0 |   904 |     - |    LP  |   0 | 356 |4128 |4128 |   0 |  0 |   0 |   0 |-2.695203e+03 |-2.695203e+03 |   0.00%| unknown
  0.1s|     1 |     0 |   904 |     - |    27M |   0 | 356 |4128 |4128 |   0 |  0 |   0 |   0 |-2.695203e+03 |-2.695203e+03 |   0.00%| unknown

SCIP Status        : problem is solved [optimal solution found]
Solving Time (sec) : 0.13
Solving Nodes      : 1
Primal Bound       : -2.69520289855073e+03 (4 solutions)
Dual Bound         : -2.69520289855073e+03
Gap                : 0.00 %
  [linear] <c4129>: <x277>[C] (+28.1413043) +0.454710145<x1>[B] (+1) +0.454710145<x2>[B] (+1) +0.454710145<x3>[B] (+1) +0.454710145<x4>[B] (+1) +0.454710145<x5>[B] (+1) +0.454710145<x6>[B] (+1) +0.454710145<x7>[B] (+1) +0.454710145<x8>[B] (+0) +0.454710145<x9>[B] (+0) +0.454710145<x10>[B] (+1) +0.454710145<x11>[B] (+1) -0.454710145<x12>[B] (+1) +0.454710145<x13>[B] (+1) +0.454710145<x14>[B] (+1) +0.454710145<x15>[B] (+0) +0.454710145<x16>[B] (+1) +0.454710145<x17>[B] (+1) +0.454710145<x18>[B] (+0) +0.454710145<x19>[B] (+1) +0.454710145<x20>[B] (+1) +0.454710145<x21>[B] (+1) +0.454710145<x22>[B] (+0) +0.454710145<x23>[B] (+1) +0.454710145<x24>[B] (+0) +0.454710145<x25>[B] (+0) -0.454710145<x26>[B] (+0) -0.454710145<x27>[B] (+1) -0.454710145<x28>[B] (+0) +0.454710145<x29>[B] (+0) +0.454710145<x30>[B] (+0) +0.454710145<x31>[B] (+0) +0.454710145<x32>[B] (+0) +0.454710145<x33>[B] (+0) -0.454710145<x34>[B] (+1) -0.454710145<x35>[B] (+0) +0.454710145<x36>[B] (+0) -0.454710145<x37>[B] (+0) +0.454710145<x38>[B] (+0) +0.454710145<x39>[B] (+0) +0.454710145<x40>[B] (+0) +0.454710145<x41>[B] (+1) -0.454710145<x42>[B] (+0) +0.454710145<x43>[B] (+1) -0.454710145<x44>[B] (+0) +0.454710145<x45>[B] (+0) -0.454710145<x46>[B] (+1) -0.454710145<x47>[B] (+0) -0.454710145<x48>[B] (+1) -0.454710145<x49>[B] (+0) +0.454710145<x50>[B] (+0) -0.454710145<x51>[B] (+0) -0.454710145<x52>[B] (+0) -0.454710145<x53>[B] (+1) -0.454710145<x54>[B] (+0) -0.454710145<x55>[B] (+1) -0.454710145<x56>[B] (+1) -0.454710145<x57>[B] (+1) -0.454710145<x58>[B] (+0) -0.454710145<x59>[B] (+1) -0.454710145<x60>[B] (+0) -0.454710145<x61>[B] (+0) -0.454710145<x62>[B] (+1) -0.454710145<x63>[B] (+0) +0.454710145<x64>[B] (+1) -0.454710145<x65>[B] (+0) -0.454710145<x66>[B] (+1) -0.454710145<x67>[B] (+0) -0.454710145<x68>[B] (+1) -0.454710145<x69>[B] (+0) +0.454710145<x70>[B] (+0) +0.454710145<x71>[B] (+0) -0.454710145<x72>[B] (+0) +0.454710145<x73>[B] (+1) +0.454710145<x74>[B] (+0) -0.454710145<x75>[B] (+1) -0.454710145<x76>[B] (+1) -0.454710145<x77>[B] (+1) -0.454710145<x78>[B] (+0) -0.454710145<x79>[B] (+0) +0.454710145<x80>[B] (+0) +0.454710145<x81>[B] (+0) +0.454710145<x82>[B] (+1) -0.454710145<x83>[B] (+0) +0.454710145<x84>[B] (+1) -0.454710145<x85>[B] (+0) -0.454710145<x86>[B] (+0) +0.454710145<x87>[B] (+1) -0.454710145<x88>[B] (+0) +0.454710145<x89>[B] (+1) +0.454710145<x90>[B] (+0) +0.454710145<x91>[B] (+0) +0.454710145<x92>[B] (+1) +0.454710145<x93>[B] (+1) -0.454710145<x94>[B] (+1) +0.454710145<x95>[B] (+1) +0.454710145<x96>[B] (+1) +0.454710145<x97>[B] (+0) +0.454710145<x98>[B] (+1) +0.454710145<x99>[B] (+0) +0.454710145<x100>[B] (+0) +0.454710145<x101>[B] (+1) -0.454710145<x102>[B] (+0) +0.454710145<x103>[B] (+1) -0.454710145<x104>[B] (+0) +0.454710145<x105>[B] (+1) -0.454710145<x106>[B] (+0) +0.454710145<x107>[B] (+0) +0.454710145<x108>[B] (+0) +0.454710145<x109>[B] (+0) +0.454710145<x110>[B] (+0) +0.454710145<x111>[B] (+0) -0.454710145<x112>[B] (+1) -0.454710145<x113>[B] (+0) +0.454710145<x114>[B] (+0) -0.454710145<x115>[B] (+0) +0.454710145<x116>[B] (+0) +0.454710145<x117>[B] (+0) +0.454710145<x118>[B] (+0) +0.454710145<x119>[B] (+0) -0.454710145<x120>[B] (+0) +0.454710145<x121>[B] (+1) -0.454710145<x122>[B] (+0) +0.454710145<x123>[B] (+0) +0.454710145<x124>[B] (+1) +0.454710145<x125>[B] (+0) +0.454710145<x126>[B] (+0) +0.454710145<x127>[B] (+1) +0.454710145<x128>[B] (+1) -0.454710145<x129>[B] (+1) +0.454710145<x130>[B] (+1) +0.454710145<x131>[B] (+1) +0.454710145<x132>[B] (+0) +0.454710145<x133>[B] (+1) +0.454710145<x134>[B] (+1) +0.454710145<x135>[B] (+0) +0.454710145<x136>[B] (+1) +0.454710145<x137>[B] (+1) +0.454710145<x138>[B] (+1) +0.454710145<x139>[B] (+0) +0.454710145<x140>[B] (+1) -0.454710145<x141>[B] (+0) -0.454710145<x142>[B] (+0) -0.454710145<x143>[B] (+1) -0.454710145<x144>[B] (+1) -0.454710145<x145>[B] (+1) -0.454710145<x146>[B] (+1) -0.454710145<x147>[B] (+1) -0.454710145<x148>[B] (+0) -0.454710145<x149>[B] (+1) -0.454710145<x150>[B] (+0) -0.454710145<x151>[B] (+0) -0.454710145<x152>[B] (+1) -0.454710145<x153>[B] (+0) -0.454710145<x154>[B] (+1) -0.454710145<x155>[B] (+0) -0.454710145<x156>[B] (+1) -0.454710145<x157>[B] (+1) +0.454710145<x158>[B] (+1) +0.454710145<x159>[B] (+1) -0.454710145<x160>[B] (+1) -0.454710145<x161>[B] (+1) -0.454710145<x162>[B] (+1) -0.454710145<x163>[B] (+1) -0.454710145<x164>[B] (+1) -0.454710145<x165>[B] (+1) +0.454710145<x166>[B] (+1) +0.454710145<x167>[B] (+1) -0.454710145<x168>[B] (+1) +0.454710145<x169>[B] (+1) -0.454710145<x170>[B] (+1) -0.454710145<x171>[B] (+1) +0.454710145<x172>[B] (+1) +0.454710145<x173>[B] (+1) -0.454710145<x174>[B] (+1) -0.454710145<x175>[B] (+1) +0.454710145<x176>[B] (+1) -0.454710145<x177>[B] (+0) +0.454710145<x178>[B] (+1) +0.454710145<x179>[B] (+1) +0.454710145<x180>[B] (+0) +0.454710145<x181>[B] (+1) -0.454710145<x182>[B] (+1) +0.454710145<x183>[B] (+1) -0.454710145<x184>[B] (+0) +0.454710145<x185>[B] (+1) -0.454710145<x186>[B] (+0) -0.454710145<x187>[B] (+1) -0.454710145<x188>[B] (+0) -0.454710145<x189>[B] (+0) -0.454710145<x190>[B] (+0) -0.454710145<x191>[B] (+0) -0.454710145<x192>[B] (+0) +0.454710145<x193>[B] (+0) +0.454710145<x194>[B] (+1) -0.454710145<x195>[B] (+0) +0.454710145<x196>[B] (+1) -0.454710145<x197>[B] (+0) -0.454710145<x198>[B] (+0) -0.454710145<x199>[B] (+1) -0.454710145<x200>[B] (+1) -0.454710145<x201>[B] (+1) -0.454710145<x202>[B] (+0) -0.454710145<x203>[B] (+1) -0.454710145<x204>[B] (+0) +0.454710145<x205>[B] (+0) +0.454710145<x206>[B] (+1) -0.454710145<x207>[B] (+0) +0.454710145<x208>[B] (+1) -0.454710145<x209>[B] (+0) -0.454710145<x210>[B] (+1) +0.454710145<x211>[B] (+0) +0.454710145<x212>[B] (+0) +0.454710145<x213>[B] (+0) +0.454710145<x214>[B] (+0) +0.454710145<x215>[B] (+0) +0.454710145<x216>[B] (+0) +0.454710145<x217>[B] (+0) +0.454710145<x218>[B] (+0) +0.454710145<x219>[B] (+0) +0.454710145<x220>[B] (+0) +0.454710145<x221>[B] (+0) +0.454710145<x222>[B] (+0) -0.454710145<x223>[B] (+0) +0.454710145<x224>[B] (+0) +0.454710145<x225>[B] (+0) +0.454710145<x226>[B] (+0) +0.454710145<x227>[B] (+1) -0.454710145<x228>[B] (+0) +0.454710145<x229>[B] (+1) -0.454710145<x230>[B] (+0) +0.454710145<x231>[B] (+0) -0.454710145<x232>[B] (+0) +0.454710145<x233>[B] (+0) +0.454710145<x234>[B] (+0) +0.454710145<x235>[B] (+0) +0.454710145<x236>[B] (+1) -0.454710145<x237>[B] (+0) +0.454710145<x238>[B] (+1) -0.454710145<x239>[B] (+0) +0.454710145<x240>[B] (+0) +0.454710145<x241>[B] (+1) +0.454710145<x242>[B] (+1) +0.454710145<x243>[B] (+0) +0.454710145<x244>[B] (+1) -0.454710145<x245>[B] (+1) +0.454710145<x246>[B] (+1) -0.454710145<x247>[B] (+1) +0.454710145<x248>[B] (+1) +0.454710145<x249>[B] (+0) +0.454710145<x250>[B] (+0) +0.454710145<x251>[B] (+1) -0.454710145<x252>[B] (+0) +0.454710145<x253>[B] (+1) -0.454710145<x254>[B] (+0) -0.454710145<x255>[B] (+0) +0.454710145<x256>[B] (+0) +0.454710145<x257>[B] (+1) -0.454710145<x258>[B] (+1) +0.454710145<x259>[B] (+1) -0.454710145<x260>[B] (+0) -0.454710145<x261>[B] (+1) +0.454710145<x262>[B] (+1) -0.454710145<x263>[B] (+1) +0.454710145<x264>[B] (+1) -0.454710145<x265>[B] (+1) -0.454710145<x266>[B] (+1) -0.454710145<x267>[B] (+0) +0.454710145<x268>[B] (+1) -0.454710145<x269>[B] (+0) -0.454710145<x270>[B] (+0) +0.454710145<x271>[B] (+1) +0.454710145<x272>[B] (+0) +0.454710145<x273>[B] (+1) -0.454710145<x274>[B] (+0) -0.454710145<x275>[B] (+0) +0.454710145<x276>[B] (+1) >= 41.0380434782609;
;
violation: left hand side is violated by 0.619565217391234
  [linear] <c4131>: <x279>[C] (+10.6431159) +0.505434783<x1>[B] (+1) +0.505434783<x2>[B] (+1) +0.505434783<x3>[B] (+1) +0.505434783<x4>[B] (+1) +0.505434783<x5>[B] (+0) +0.505434783<x6>[B] (+1) +0.505434783<x7>[B] (+1) -0.505434783<x8>[B] (+1) +0.505434783<x9>[B] (+1) -0.505434783<x10>[B] (+1) +0.505434783<x11>[B] (+1) +0.505434783<x12>[B] (+1) +0.505434783<x13>[B] (+1) -0.505434783<x14>[B] (+1) +0.505434783<x15>[B] (+1) +0.505434783<x16>[B] (+1) +0.505434783<x17>[B] (+1) +0.505434783<x18>[B] (+1) +0.505434783<x19>[B] (+0) +0.505434783<x20>[B] (+1) +0.505434783<x21>[B] (+1) -0.505434783<x22>[B] (+1) +0.505434783<x23>[B] (+1) -0.505434783<x24>[B] (+1) -0.505434783<x25>[B] (+1) +0.505434783<x26>[B] (+1) -0.505434783<x27>[B] (+0) +0.505434783<x28>[B] (+1) -0.505434783<x29>[B] (+1) -0.505434783<x30>[B] (+1) +0.505434783<x31>[B] (+1) -0.505434783<x32>[B] (+1) -0.505434783<x33>[B] (+1) -0.505434783<x34>[B] (+1) -0.505434783<x35>[B] (+1) -0.505434783<x36>[B] (+1) +0.505434783<x37>[B] (+1) +0.505434783<x38>[B] (+1) -0.505434783<x39>[B] (+1) -0.505434783<x40>[B] (+1) -0.505434783<x41>[B] (+0) +0.505434783<x42>[B] (+1) +0.505434783<x43>[B] (+1) -0.505434783<x44>[B] (+1) +0.505434783<x45>[B] (+1) -0.505434783<x46>[B] (+0) +0.505434783<x47>[B] (+1) -0.505434783<x48>[B] (+0) +0.505434783<x49>[B] (+1) +0.505434783<x50>[B] (+0) -0.505434783<x51>[B] (+1) +0.505434783<x52>[B] (+1) -0.505434783<x53>[B] (+0) +0.505434783<x54>[B] (+1) +0.505434783<x55>[B] (+0) +0.505434783<x56>[B] (+0) -0.505434783<x57>[B] (+0) +0.505434783<x58>[B] (+0) +0.505434783<x59>[B] (+1) +0.505434783<x60>[B] (+1) +0.505434783<x61>[B] (+1) -0.505434783<x62>[B] (+0) +0.505434783<x63>[B] (+1) +0.505434783<x64>[B] (+1) -0.505434783<x65>[B] (+1) +0.505434783<x66>[B] (+0) +0.505434783<x67>[B] (+1) -0.505434783<x68>[B] (+0) +0.505434783<x69>[B] (+1) +0.505434783<x70>[B] (+1) -0.505434783<x71>[B] (+1) +0.505434783<x72>[B] (+1) -0.505434783<x73>[B] (+0) +0.505434783<x74>[B] (+1) +0.505434783<x75>[B] (+1) +0.505434783<x76>[B] (+1) -0.505434783<x77>[B] (+1) +0.505434783<x78>[B] (+1) +0.505434783<x79>[B] (+1) +0.505434783<x80>[B] (+1) +0.505434783<x81>[B] (+1) -0.505434783<x82>[B] (+0) +0.505434783<x83>[B] (+1) +0.505434783<x84>[B] (+1) -0.505434783<x85>[B] (+1) +0.505434783<x86>[B] (+1) -0.505434783<x87>[B] (+0) +0.505434783<x88>[B] (+1) -0.505434783<x89>[B] (+0) -0.505434783<x90>[B] (+1) +0.505434783<x91>[B] (+1) -0.505434783<x92>[B] (+0) -0.505434783<x93>[B] (+0) -0.505434783<x94>[B] (+0) -0.505434783<x95>[B] (+0) -0.505434783<x96>[B] (+0) +0.505434783<x97>[B] (+0) +0.505434783<x98>[B] (+0) -0.505434783<x99>[B] (+1) -0.505434783<x100>[B] (+1) -0.505434783<x101>[B] (+0) +0.505434783<x102>[B] (+1) +0.505434783<x103>[B] (+0) -0.505434783<x104>[B] (+1) +0.505434783<x105>[B] (+0) +0.505434783<x106>[B] (+1) +0.505434783<x107>[B] (+1) -0.505434783<x108>[B] (+1) +0.505434783<x109>[B] (+1) -0.505434783<x110>[B] (+1) +0.505434783<x111>[B] (+1) +0.505434783<x112>[B] (+1) +0.505434783<x113>[B] (+1) -0.505434783<x114>[B] (+1) +0.505434783<x115>[B] (+1) +0.505434783<x116>[B] (+1) +0.505434783<x117>[B] (+1) +0.505434783<x118>[B] (+1) -0.505434783<x119>[B] (+1) +0.505434783<x120>[B] (+1) +0.505434783<x121>[B] (+1) -0.505434783<x122>[B] (+1) +0.505434783<x123>[B] (+1) -0.505434783<x124>[B] (+0) -0.505434783<x125>[B] (+1) -0.505434783<x126>[B] (+1) -0.505434783<x127>[B] (+0) -0.505434783<x128>[B] (+0) -0.505434783<x129>[B] (+0) -0.505434783<x130>[B] (+0) -0.505434783<x131>[B] (+0) -0.505434783<x132>[B] (+0) -0.505434783<x133>[B] (+0) -0.505434783<x134>[B] (+1) -0.505434783<x135>[B] (+1) -0.505434783<x136>[B] (+0) -0.505434783<x137>[B] (+1) +0.505434783<x138>[B] (+0) -0.505434783<x139>[B] (+1) +0.505434783<x140>[B] (+0) -0.505434783<x141>[B] (+1) +0.505434783<x142>[B] (+1) -0.505434783<x143>[B] (+0) +0.505434783<x144>[B] (+1) +0.505434783<x145>[B] (+1) +0.505434783<x146>[B] (+1) -0.505434783<x147>[B] (+1) +0.505434783<x148>[B] (+1) +0.505434783<x149>[B] (+1) +0.505434783<x150>[B] (+1) +0.505434783<x151>[B] (+1) -0.505434783<x152>[B] (+0) +0.505434783<x153>[B] (+1) +0.505434783<x154>[B] (+1) -0.505434783<x155>[B] (+1) +0.505434783<x156>[B] (+1) +0.505434783<x157>[B] (+0) +0.505434783<x158>[B] (+0) +0.505434783<x159>[B] (+0) +0.505434783<x160>[B] (+0) +0.505434783<x161>[B] (+0) +0.505434783<x162>[B] (+0) +0.505434783<x163>[B] (+0) +0.505434783<x164>[B] (+0) +0.505434783<x165>[B] (+0) +0.505434783<x166>[B] (+0) +0.505434783<x167>[B] (+0) +0.505434783<x168>[B] (+0) +0.505434783<x169>[B] (+0) +0.505434783<x170>[B] (+0) +0.505434783<x171>[B] (+0) -0.505434783<x172>[B] (+0) -0.505434783<x173>[B] (+0) -0.505434783<x174>[B] (+0) -0.505434783<x175>[B] (+0) -0.505434783<x176>[B] (+0) +0.505434783<x177>[B] (+0) +0.505434783<x178>[B] (+0) -0.505434783<x179>[B] (+1) -0.505434783<x180>[B] (+1) -0.505434783<x181>[B] (+0) +0.505434783<x182>[B] (+1) +0.505434783<x183>[B] (+0) -0.505434783<x184>[B] (+1) +0.505434783<x185>[B] (+0) +0.505434783<x186>[B] (+1) +0.505434783<x187>[B] (+1) +0.505434783<x188>[B] (+1) +0.505434783<x189>[B] (+1) +0.505434783<x190>[B] (+1) +0.505434783<x191>[B] (+1) +0.505434783<x192>[B] (+1) +0.505434783<x193>[B] (+1) +0.505434783<x194>[B] (+0) +0.505434783<x195>[B] (+1) +0.505434783<x196>[B] (+1) +0.505434783<x197>[B] (+1) +0.505434783<x198>[B] (+1) -0.505434783<x199>[B] (+0) +0.505434783<x200>[B] (+0) -0.505434783<x201>[B] (+0) +0.505434783<x202>[B] (+0) +0.505434783<x203>[B] (+1) +0.505434783<x204>[B] (+1) -0.505434783<x205>[B] (+1) -0.505434783<x206>[B] (+0) +0.505434783<x207>[B] (+1) +0.505434783<x208>[B] (+1) -0.505434783<x209>[B] (+1) +0.505434783<x210>[B] (+0) +0.505434783<x211>[B] (+0) -0.505434783<x212>[B] (+1) +0.505434783<x213>[B] (+1) +0.505434783<x214>[B] (+1) +0.505434783<x215>[B] (+1) +0.505434783<x216>[B] (+1) -0.505434783<x217>[B] (+0) +0.505434783<x218>[B] (+1) +0.505434783<x219>[B] (+1) -0.505434783<x220>[B] (+1) +0.505434783<x221>[B] (+1) -0.505434783<x222>[B] (+1) +0.505434783<x223>[B] (+1) +0.505434783<x224>[B] (+1) -0.505434783<x225>[B] (+1) -0.505434783<x226>[B] (+1) -0.505434783<x227>[B] (+0) +0.505434783<x228>[B] (+1) +0.505434783<x229>[B] (+1) -0.505434783<x230>[B] (+1) +0.505434783<x231>[B] (+1) +0.505434783<x232>[B] (+0) +0.505434783<x233>[B] (+1) +0.505434783<x234>[B] (+1) +0.505434783<x235>[B] (+1) +0.505434783<x236>[B] (+0) +0.505434783<x237>[B] (+1) +0.505434783<x238>[B] (+1) +0.505434783<x239>[B] (+1) +0.505434783<x240>[B] (+1) +0.505434783<x241>[B] (+1) -0.505434783<x242>[B] (+1) -0.505434783<x243>[B] (+1) -0.505434783<x244>[B] (+0) +0.505434783<x245>[B] (+1) +0.505434783<x246>[B] (+1) -0.505434783<x247>[B] (+1) +0.505434783<x248>[B] (+1) -0.505434783<x249>[B] (+1) -0.505434783<x250>[B] (+1) -0.505434783<x251>[B] (+0) +0.505434783<x252>[B] (+1) +0.505434783<x253>[B] (+0) -0.505434783<x254>[B] (+1) +0.505434783<x255>[B] (+0) -0.505434783<x256>[B] (+1) -0.505434783<x257>[B] (+0) +0.505434783<x258>[B] (+0) +0.505434783<x259>[B] (+0) -0.505434783<x260>[B] (+0) +0.505434783<x261>[B] (+0) -0.505434783<x262>[B] (+0) +0.505434783<x263>[B] (+0) +0.505434783<x264>[B] (+0) -0.505434783<x265>[B] (+0) +0.505434783<x266>[B] (+0) +0.505434783<x267>[B] (+1) +0.505434783<x268>[B] (+1) -0.505434783<x269>[B] (+1) +0.505434783<x270>[B] (+1) +0.505434783<x271>[B] (+0) -0.505434783<x272>[B] (+0) +0.505434783<x273>[B] (+0) -0.505434783<x274>[B] (+1) -0.505434783<x275>[B] (+0) +0.505434783<x276>[B] (+0) >= 50.1648550724638;
;
violation: left hand side is violated by 9.19565217391306
2/4 feasible solutions given by solution candidate storage, new primal bound -8.000652e+06

presolving:
   (0.0s) symmetry computation started: requiring (bin +, int +, cont +), (fixed: bin -, int -, cont -)
   (0.0s) no symmetry present (symcode time: 0.00)
presolving (0 rounds: 0 fast, 0 medium, 0 exhaustive):
 0 deleted vars, 0 deleted constraints, 0 added constraints, 0 tightened bounds, 0 added holes, 0 changed sides, 0 changed coefficients
 0 implications, 0 cliques, 0 implied integral variables (0 bin, 0 int, 0 cont)
presolved problem has 356 variables (276 bin, 0 int, 80 cont) and 4205 constraints
   4205 constraints of type <linear>
Presolving Time: 0.03
transformed 2/2 original solutions to the transformed problem space

 time | node  | left  |LP iter|LP it/n|mem/heur|mdpt |vars |cons |rows |cuts |sepa|confs|strbr|  dualbound   | primalbound  |  gap   | compl. 
p 0.1s|     1 |     0 |    55 |     - |   locks|   0 | 356 |4205 |4205 |   0 |  0 |   0 |   0 | 6.320000e+02 |-3.379476e+03 |    Inf | unknown
  0.2s|     1 |     0 |  1120 |     - |    39M |   0 | 356 |4205 |4205 |   0 |  0 |   0 |   0 |-2.712494e+03 |-3.379476e+03 |  24.59%| unknown
r 0.2s|     1 |     0 |  1120 |     - |shifting|   0 | 356 |4205 |4205 |   0 |  0 |   0 |   0 |-2.712494e+03 |-2.886129e+03 |   6.40%| unknown
  0.5s|     1 |     0 |  1170 |     - |    42M |   0 | 356 |4205 |4206 |   1 |  1 |   0 |   0 |-2.712850e+03 |-2.886129e+03 |   6.39%| unknown
r 0.5s|     1 |     0 |  1170 |     - |shifting|   0 | 356 |4205 |4206 |   1 |  1 |   0 |   0 |-2.712850e+03 |-2.862077e+03 |   5.50%| unknown
  0.5s|     1 |     0 |  1170 |     - |    42M |   0 | 356 |4205 |4206 |   1 |  1 |   0 |   0 |-2.712850e+03 |-2.862077e+03 |   5.50%| unknown
  0.8s|     1 |     0 |  1249 |     - |    45M |   0 | 356 |4205 |4209 |   4 |  2 |   0 |   0 |-2.713036e+03 |-2.862077e+03 |   5.49%| unknown
r 0.8s|     1 |     0 |  1249 |     - |shifting|   0 | 356 |4205 |4209 |   4 |  2 |   0 |   0 |-2.713036e+03 |-2.849147e+03 |   5.02%| unknown
  1.0s|     1 |     0 |  1324 |     - |    49M |   0 | 356 |4205 |4210 |   5 |  3 |   0 |   0 |-2.713176e+03 |-2.849147e+03 |   5.01%| unknown
r 1.0s|     1 |     0 |  1324 |     - |shifting|   0 | 356 |4205 |4210 |   5 |  3 |   0 |   0 |-2.713176e+03 |-2.835001e+03 |   4.49%| unknown
  1.3s|     1 |     0 |  1424 |     - |    50M |   0 | 356 |4205 |4213 |   8 |  4 |   0 |   0 |-2.713353e+03 |-2.835001e+03 |   4.48%| unknown
  1.7s|     1 |     0 |  1465 |     - |    54M |   0 | 356 |4205 |4215 |  10 |  5 |   0 |   0 |-2.713408e+03 |-2.835001e+03 |   4.48%| unknown
  2.1s|     1 |     0 |  1507 |     - |    59M |   0 | 356 |4205 |4216 |  11 |  6 |   0 |   0 |-2.713437e+03 |-2.835001e+03 |   4.48%| unknown
  2.5s|     1 |     0 |  1563 |     - |    65M |   0 | 356 |4205 |4217 |  12 |  7 |   0 |   0 |-2.713476e+03 |-2.835001e+03 |   4.48%| unknown
  2.8s|     1 |     0 |  1583 |     - |    65M |   0 | 356 |4205 |4218 |  13 |  8 |   0 |   0 |-2.713480e+03 |-2.835001e+03 |   4.48%| unknown
 time | node  | left  |LP iter|LP it/n|mem/heur|mdpt |vars |cons |rows |cuts |sepa|confs|strbr|  dualbound   | primalbound  |  gap   | compl. 
  3.2s|     1 |     0 |  1624 |     - |    71M |   0 | 356 |4205 |4219 |  14 |  9 |   0 |   0 |-2.713491e+03 |-2.835001e+03 |   4.48%| unknown
  3.6s|     1 |     0 |  1699 |     - |    73M |   0 | 356 |4205 |4220 |  15 | 10 |   0 |   0 |-2.713522e+03 |-2.835001e+03 |   4.48%| unknown
  3.7s|     1 |     0 |  1758 |     - |    73M |   0 | 356 |4205 |4223 |  18 | 11 |   0 |   0 |-2.713548e+03 |-2.835001e+03 |   4.48%| unknown
r 3.7s|     1 |     0 |  1916 |     - |intshift|   0 | 356 |4205 |4223 |  18 | 11 |   0 |   0 |-2.713548e+03 |-2.751634e+03 |   1.40%| unknown
d 3.8s|     1 |     0 |  2626 |     - |farkasdi|   0 | 356 |4205 |4223 |   0 | 11 |   0 |   0 |-2.713548e+03 |-2.724134e+03 |   0.39%| unknown
L 4.0s|     1 |     0 |  2626 |     - |    rens|   0 | 356 |4205 |4223 |  18 | 11 |   0 |   0 |-2.713548e+03 |-2.718087e+03 |   0.17%| unknown
  4.0s|     1 |     0 |  2626 |     - |    73M |   0 | 356 |4205 |4223 |  18 | 11 |   0 |   0 |-2.713548e+03 |-2.718087e+03 |   0.17%| unknown
  4.0s|     1 |     0 |  2626 |     - |    73M |   0 | 356 |4205 |3422 |  18 | 11 |   0 |   0 |-2.713548e+03 |-2.718087e+03 |   0.17%| unknown
  4.1s|     1 |     0 |  2636 |     - |    74M |   0 | 356 |4205 |3423 |  19 | 12 |   0 |   0 |-2.713548e+03 |-2.718087e+03 |   0.17%| unknown
  4.1s|     1 |     0 |  2705 |     - |    74M |   0 | 356 |4205 |3426 |  22 | 13 |   0 |   0 |-2.713583e+03 |-2.718087e+03 |   0.17%| unknown
  4.1s|     1 |     0 |  2705 |     - |    74M |   0 | 356 |3293 |3426 |  22 | 13 |   0 |   0 |-2.713583e+03 |-2.718087e+03 |   0.17%| unknown
  4.1s|     1 |     0 |  2765 |     - |    74M |   0 | 356 |3293 |3429 |  25 | 14 |   0 |   0 |-2.713622e+03 |-2.718087e+03 |   0.16%| unknown
  4.2s|     1 |     0 |  2791 |     - |    74M |   0 | 356 |3293 |3431 |  27 | 15 |   0 |   0 |-2.713643e+03 |-2.718087e+03 |   0.16%| unknown
(run 1, node 1) restarting after 42 global fixings of integer variables

(restart) converted 27 cuts from the global cut pool into linear constraints

presolving:
presolving (0 rounds: 0 fast, 0 medium, 0 exhaustive):
 0 deleted vars, 0 deleted constraints, 0 added constraints, 0 tightened bounds, 0 added holes, 0 changed sides, 0 changed coefficients
 0 implications, 0 cliques, 0 implied integral variables (0 bin, 0 int, 0 cont)
presolved problem has 356 variables (276 bin, 0 int, 80 cont) and 3320 constraints
   3320 constraints of type <linear>
Presolving Time: 0.03
transformed 20/23 original solutions to the transformed problem space

 time | node  | left  |LP iter|LP it/n|mem/heur|mdpt |vars |cons |rows |cuts |sepa|confs|strbr|  dualbound   | primalbound  |  gap   | compl. 
  4.3s|     1 |     0 |  3967 |     - |    73M |   0 | 356 |3320 |3320 |   0 |  0 |   0 |   0 |-2.713643e+03 |-2.718087e+03 |   0.16%| unknown
  4.3s|     1 |     0 |  3967 |     - |    73M |   0 | 356 |3320 |3298 |   0 |  0 |   0 |   0 |-2.713643e+03 |-2.718087e+03 |   0.16%| unknown
  4.7s|     1 |     0 |  4028 |     - |    74M |   0 | 356 |3320 |3299 |   1 |  1 |   0 |   0 |-2.713674e+03 |-2.718087e+03 |   0.16%| unknown
  5.0s|     1 |     0 |  4052 |     - |    74M |   0 | 356 |3320 |3300 |   2 |  2 |   0 |   0 |-2.713679e+03 |-2.718087e+03 |   0.16%| unknown
  5.4s|     1 |     0 |  4105 |     - |    74M |   0 | 356 |3320 |3301 |   3 |  3 |   0 |   0 |-2.713694e+03 |-2.718087e+03 |   0.16%| unknown
  5.7s|     1 |     0 |  4158 |     - |    75M |   0 | 356 |3320 |3303 |   5 |  4 |   0 |   0 |-2.713708e+03 |-2.718087e+03 |   0.16%| unknown
  6.1s|     1 |     0 |  4222 |     - |    75M |   0 | 356 |3320 |3304 |   6 |  5 |   0 |   0 |-2.713752e+03 |-2.718087e+03 |   0.16%| unknown
  6.1s|     1 |     0 |  4222 |     - |    75M |   0 | 356 |3321 |3282 |   6 |  5 |   1 |   0 |-2.713752e+03 |-2.718087e+03 |   0.16%| unknown
  6.5s|     1 |     0 |  4265 |     - |    77M |   0 | 356 |3321 |3283 |   7 |  6 |   1 |   0 |-2.713761e+03 |-2.718087e+03 |   0.16%| unknown
  6.9s|     1 |     0 |  4355 |     - |    77M |   0 | 356 |3321 |3285 |   9 |  7 |   1 |   0 |-2.713819e+03 |-2.718087e+03 |   0.16%| unknown
  6.9s|     1 |     0 |  4355 |     - |    77M |   0 | 356 |3321 |3264 |   9 |  7 |   1 |   0 |-2.713819e+03 |-2.718087e+03 |   0.16%| unknown
  7.3s|     1 |     0 |  4384 |     - |    83M |   0 | 356 |3321 |3266 |  11 |  8 |   1 |   0 |-2.713826e+03 |-2.718087e+03 |   0.16%| unknown
  7.7s|     1 |     0 |  4416 |     - |    84M |   0 | 356 |3321 |3267 |  12 |  9 |   1 |   0 |-2.713832e+03 |-2.718087e+03 |   0.16%| unknown
  8.2s|     1 |     0 |  4443 |     - |    84M |   0 | 356 |3321 |3268 |  13 | 10 |   1 |   0 |-2.713835e+03 |-2.718087e+03 |   0.16%| unknown
  8.2s|     1 |     0 |  4471 |     - |    85M |   0 | 356 |3321 |3269 |  14 | 11 |   1 |   0 |-2.713837e+03 |-2.718087e+03 |   0.16%| unknown
 time | node  | left  |LP iter|LP it/n|mem/heur|mdpt |vars |cons |rows |cuts |sepa|confs|strbr|  dualbound   | primalbound  |  gap   | compl. 
  8.3s|     1 |     0 |  4482 |     - |    85M |   0 | 356 |3321 |3258 |  15 | 12 |   1 |   0 |-2.713837e+03 |-2.718087e+03 |   0.16%| unknown
 10.2s|     1 |     2 |  4918 |     - |    85M |   0 | 356 |3258 |3258 |  15 | 12 |   3 |  29 |-2.716232e+03 |-2.718087e+03 |   0.07%| unknown

SCIP Status        : problem is solved [optimal solution found]
Solving Time (sec) : 10.51
Solving Nodes      : 3 (total of 4 nodes in 2 runs)
Primal Bound       : -2.71808695652174e+03 (37 solutions)
Dual Bound         : -2.71808695652174e+03
Gap                : 0.00 %
  [linear] <c4206>: <x277>[C] (+34.9474638) +0.501811594<x1>[B] (+1) +0.501811594<x2>[B] (+1) +0.501811594<x3>[B] (+1) +0.501811594<x4>[B] (+1) +0.501811594<x5>[B] (+1) +0.501811594<x6>[B] (+1) +0.501811594<x7>[B] (+1) +0.501811594<x8>[B] (+0) +0.501811594<x9>[B] (+0) +0.501811594<x10>[B] (+1) +0.501811594<x11>[B] (+1) -0.501811594<x12>[B] (+1) +0.501811594<x13>[B] (+1) +0.501811594<x14>[B] (+1) +0.501811594<x15>[B] (+0) +0.501811594<x16>[B] (+1) +0.501811594<x17>[B] (+1) +0.501811594<x18>[B] (+0) +0.501811594<x19>[B] (+1) +0.501811594<x20>[B] (+1) +0.501811594<x21>[B] (+0) +0.501811594<x22>[B] (+0) +0.501811594<x23>[B] (+1) +0.501811594<x24>[B] (+0) +0.501811594<x25>[B] (+0) -0.501811594<x26>[B] (+0) -0.501811594<x27>[B] (+1) -0.501811594<x28>[B] (+0) +0.501811594<x29>[B] (+0) +0.501811594<x30>[B] (+0) +0.501811594<x31>[B] (+0) +0.501811594<x32>[B] (+0) +0.501811594<x33>[B] (+0) -0.501811594<x34>[B] (+1) -0.501811594<x35>[B] (+0) +0.501811594<x36>[B] (+0) -0.501811594<x37>[B] (+0) +0.501811594<x38>[B] (+0) +0.501811594<x39>[B] (+0) +0.501811594<x40>[B] (+0) +0.501811594<x41>[B] (+1) -0.501811594<x42>[B] (+0) +0.501811594<x43>[B] (+0) -0.501811594<x44>[B] (+0) +0.501811594<x45>[B] (+0) -0.501811594<x46>[B] (+1) -0.501811594<x47>[B] (+0) -0.501811594<x48>[B] (+1) -0.501811594<x49>[B] (+0) +0.501811594<x50>[B] (+0) -0.501811594<x51>[B] (+0) -0.501811594<x52>[B] (+0) -0.501811594<x53>[B] (+1) -0.501811594<x54>[B] (+0) -0.501811594<x55>[B] (+1) -0.501811594<x56>[B] (+1) -0.501811594<x57>[B] (+1) -0.501811594<x58>[B] (+0) -0.501811594<x59>[B] (+1) -0.501811594<x60>[B] (+0) -0.501811594<x61>[B] (+0) -0.501811594<x62>[B] (+1) -0.501811594<x63>[B] (+0) +0.501811594<x64>[B] (+0) -0.501811594<x65>[B] (+0) -0.501811594<x66>[B] (+1) -0.501811594<x67>[B] (+0) -0.501811594<x68>[B] (+1) -0.501811594<x69>[B] (+0) +0.501811594<x70>[B] (+0) +0.501811594<x71>[B] (+0) -0.501811594<x72>[B] (+0) +0.501811594<x73>[B] (+1) +0.501811594<x74>[B] (+0) -0.501811594<x75>[B] (+1) -0.501811594<x76>[B] (+1) -0.501811594<x77>[B] (+1) -0.501811594<x78>[B] (+0) -0.501811594<x79>[B] (+0) +0.501811594<x80>[B] (+0) +0.501811594<x81>[B] (+0) +0.501811594<x82>[B] (+1) -0.501811594<x83>[B] (+0) +0.501811594<x84>[B] (+0) -0.501811594<x85>[B] (+0) -0.501811594<x86>[B] (+0) +0.501811594<x87>[B] (+1) -0.501811594<x88>[B] (+0) +0.501811594<x89>[B] (+1) +0.501811594<x90>[B] (+0) +0.501811594<x91>[B] (+0) +0.501811594<x92>[B] (+1) +0.501811594<x93>[B] (+1) -0.501811594<x94>[B] (+1) +0.501811594<x95>[B] (+1) +0.501811594<x96>[B] (+1) +0.501811594<x97>[B] (+0) +0.501811594<x98>[B] (+1) +0.501811594<x99>[B] (+1) +0.501811594<x100>[B] (+0) +0.501811594<x101>[B] (+1) -0.501811594<x102>[B] (+0) +0.501811594<x103>[B] (+0) -0.501811594<x104>[B] (+0) +0.501811594<x105>[B] (+1) -0.501811594<x106>[B] (+0) +0.501811594<x107>[B] (+0) +0.501811594<x108>[B] (+0) +0.501811594<x109>[B] (+0) +0.501811594<x110>[B] (+0) +0.501811594<x111>[B] (+0) -0.501811594<x112>[B] (+0) -0.501811594<x113>[B] (+0) +0.501811594<x114>[B] (+0) -0.501811594<x115>[B] (+0) +0.501811594<x116>[B] (+0) +0.501811594<x117>[B] (+0) +0.501811594<x118>[B] (+0) +0.501811594<x119>[B] (+0) -0.501811594<x120>[B] (+0) +0.501811594<x121>[B] (+0) -0.501811594<x122>[B] (+0) +0.501811594<x123>[B] (+0) +0.501811594<x124>[B] (+1) +0.501811594<x125>[B] (+0) +0.501811594<x126>[B] (+0) +0.501811594<x127>[B] (+1) +0.501811594<x128>[B] (+1) -0.501811594<x129>[B] (+1) +0.501811594<x130>[B] (+1) +0.501811594<x131>[B] (+1) +0.501811594<x132>[B] (+0) +0.501811594<x133>[B] (+1) +0.501811594<x134>[B] (+1) +0.501811594<x135>[B] (+0) +0.501811594<x136>[B] (+1) +0.501811594<x137>[B] (+1) +0.501811594<x138>[B] (+0) +0.501811594<x139>[B] (+0) +0.501811594<x140>[B] (+1) -0.501811594<x141>[B] (+0) -0.501811594<x142>[B] (+0) -0.501811594<x143>[B] (+1) -0.501811594<x144>[B] (+1) -0.501811594<x145>[B] (+1) -0.501811594<x146>[B] (+1) -0.501811594<x147>[B] (+1) -0.501811594<x148>[B] (+0) -0.501811594<x149>[B] (+1) -0.501811594<x150>[B] (+0) -0.501811594<x151>[B] (+0) -0.501811594<x152>[B] (+1) -0.501811594<x153>[B] (+0) -0.501811594<x154>[B] (+0) -0.501811594<x155>[B] (+0) -0.501811594<x156>[B] (+1) -0.501811594<x157>[B] (+1) +0.501811594<x158>[B] (+1) +0.501811594<x159>[B] (+1) -0.501811594<x160>[B] (+1) -0.501811594<x161>[B] (+1) -0.501811594<x162>[B] (+1) -0.501811594<x163>[B] (+1) -0.501811594<x164>[B] (+1) -0.501811594<x165>[B] (+1) +0.501811594<x166>[B] (+1) +0.501811594<x167>[B] (+1) -0.501811594<x168>[B] (+1) +0.501811594<x169>[B] (+1) -0.501811594<x170>[B] (+1) -0.501811594<x171>[B] (+1) +0.501811594<x172>[B] (+1) +0.501811594<x173>[B] (+1) -0.501811594<x174>[B] (+1) -0.501811594<x175>[B] (+1) +0.501811594<x176>[B] (+1) -0.501811594<x177>[B] (+1) +0.501811594<x178>[B] (+1) +0.501811594<x179>[B] (+1) +0.501811594<x180>[B] (+0) +0.501811594<x181>[B] (+1) -0.501811594<x182>[B] (+1) +0.501811594<x183>[B] (+1) -0.501811594<x184>[B] (+0) +0.501811594<x185>[B] (+1) -0.501811594<x186>[B] (+0) -0.501811594<x187>[B] (+1) -0.501811594<x188>[B] (+0) -0.501811594<x189>[B] (+0) -0.501811594<x190>[B] (+0) -0.501811594<x191>[B] (+0) -0.501811594<x192>[B] (+0) +0.501811594<x193>[B] (+0) +0.501811594<x194>[B] (+1) -0.501811594<x195>[B] (+0) +0.501811594<x196>[B] (+0) -0.501811594<x197>[B] (+0) -0.501811594<x198>[B] (+0) -0.501811594<x199>[B] (+1) -0.501811594<x200>[B] (+1) -0.501811594<x201>[B] (+1) -0.501811594<x202>[B] (+0) -0.501811594<x203>[B] (+1) -0.501811594<x204>[B] (+0) +0.501811594<x205>[B] (+0) +0.501811594<x206>[B] (+1) -0.501811594<x207>[B] (+0) +0.501811594<x208>[B] (+0) -0.501811594<x209>[B] (+0) -0.501811594<x210>[B] (+1) +0.501811594<x211>[B] (+0) +0.501811594<x212>[B] (+0) +0.501811594<x213>[B] (+0) +0.501811594<x214>[B] (+0) +0.501811594<x215>[B] (+0) +0.501811594<x216>[B] (+0) +0.501811594<x217>[B] (+0) +0.501811594<x218>[B] (+0) +0.501811594<x219>[B] (+0) +0.501811594<x220>[B] (+0) +0.501811594<x221>[B] (+0) +0.501811594<x222>[B] (+0) -0.501811594<x223>[B] (+0) +0.501811594<x224>[B] (+0) +0.501811594<x225>[B] (+0) +0.501811594<x226>[B] (+0) +0.501811594<x227>[B] (+1) -0.501811594<x228>[B] (+0) +0.501811594<x229>[B] (+0) -0.501811594<x230>[B] (+0) +0.501811594<x231>[B] (+0) -0.501811594<x232>[B] (+0) +0.501811594<x233>[B] (+0) +0.501811594<x234>[B] (+0) +0.501811594<x235>[B] (+0) +0.501811594<x236>[B] (+1) -0.501811594<x237>[B] (+0) +0.501811594<x238>[B] (+0) -0.501811594<x239>[B] (+0) +0.501811594<x240>[B] (+0) +0.501811594<x241>[B] (+1) +0.501811594<x242>[B] (+1) +0.501811594<x243>[B] (+0) +0.501811594<x244>[B] (+1) -0.501811594<x245>[B] (+1) +0.501811594<x246>[B] (+0) -0.501811594<x247>[B] (+0) +0.501811594<x248>[B] (+1) +0.501811594<x249>[B] (+0) +0.501811594<x250>[B] (+0) +0.501811594<x251>[B] (+1) -0.501811594<x252>[B] (+0) +0.501811594<x253>[B] (+0) -0.501811594<x254>[B] (+0) -0.501811594<x255>[B] (+0) +0.501811594<x256>[B] (+0) +0.501811594<x257>[B] (+1) -0.501811594<x258>[B] (+0) +0.501811594<x259>[B] (+0) -0.501811594<x260>[B] (+0) -0.501811594<x261>[B] (+1) +0.501811594<x262>[B] (+1) -0.501811594<x263>[B] (+1) +0.501811594<x264>[B] (+1) -0.501811594<x265>[B] (+1) -0.501811594<x266>[B] (+1) -0.501811594<x267>[B] (+0) +0.501811594<x268>[B] (+0) -0.501811594<x269>[B] (+0) -0.501811594<x270>[B] (+0) +0.501811594<x271>[B] (+0) +0.501811594<x272>[B] (+0) +0.501811594<x273>[B] (+1) -0.501811594<x274>[B] (+0) -0.501811594<x275>[B] (+1) +0.501811594<x276>[B] (+1) >= 42.0271739130435;
;
violation: left hand side is violated by 0.0543478260869534
  [linear] <c4206>: <x277>[C] (+31.9438406) +0.501811594<x1>[B] (+1) +0.501811594<x2>[B] (+1) +0.501811594<x3>[B] (+1) +0.501811594<x4>[B] (+1) +0.501811594<x5>[B] (+1) +0.501811594<x6>[B] (+1) +0.501811594<x7>[B] (+1) +0.501811594<x8>[B] (+0) +0.501811594<x9>[B] (+0) +0.501811594<x10>[B] (+1) +0.501811594<x11>[B] (+1) -0.501811594<x12>[B] (+1) +0.501811594<x13>[B] (+1) +0.501811594<x14>[B] (+1) +0.501811594<x15>[B] (+0) +0.501811594<x16>[B] (+1) +0.501811594<x17>[B] (+1) +0.501811594<x18>[B] (+0) +0.501811594<x19>[B] (+1) +0.501811594<x20>[B] (+1) +0.501811594<x21>[B] (+1) +0.501811594<x22>[B] (+0) +0.501811594<x23>[B] (+1) +0.501811594<x24>[B] (+0) +0.501811594<x25>[B] (+0) -0.501811594<x26>[B] (+0) -0.501811594<x27>[B] (+1) -0.501811594<x28>[B] (+0) +0.501811594<x29>[B] (+0) +0.501811594<x30>[B] (+0) +0.501811594<x31>[B] (+0) +0.501811594<x32>[B] (+0) +0.501811594<x33>[B] (+0) -0.501811594<x34>[B] (+1) -0.501811594<x35>[B] (+0) +0.501811594<x36>[B] (+0) -0.501811594<x37>[B] (+0) +0.501811594<x38>[B] (+0) +0.501811594<x39>[B] (+0) +0.501811594<x40>[B] (+0) +0.501811594<x41>[B] (+1) -0.501811594<x42>[B] (+0) +0.501811594<x43>[B] (+0) -0.501811594<x44>[B] (+0) +0.501811594<x45>[B] (+0) -0.501811594<x46>[B] (+1) -0.501811594<x47>[B] (+0) -0.501811594<x48>[B] (+1) -0.501811594<x49>[B] (+0) +0.501811594<x50>[B] (+0) -0.501811594<x51>[B] (+0) -0.501811594<x52>[B] (+0) -0.501811594<x53>[B] (+1) -0.501811594<x54>[B] (+0) -0.501811594<x55>[B] (+1) -0.501811594<x56>[B] (+1) -0.501811594<x57>[B] (+1) -0.501811594<x58>[B] (+0) -0.501811594<x59>[B] (+1) -0.501811594<x60>[B] (+0) -0.501811594<x61>[B] (+0) -0.501811594<x62>[B] (+1) -0.501811594<x63>[B] (+0) +0.501811594<x64>[B] (+0) -0.501811594<x65>[B] (+0) -0.501811594<x66>[B] (+1) -0.501811594<x67>[B] (+0) -0.501811594<x68>[B] (+1) -0.501811594<x69>[B] (+0) +0.501811594<x70>[B] (+0) +0.501811594<x71>[B] (+0) -0.501811594<x72>[B] (+0) +0.501811594<x73>[B] (+1) +0.501811594<x74>[B] (+0) -0.501811594<x75>[B] (+1) -0.501811594<x76>[B] (+1) -0.501811594<x77>[B] (+1) -0.501811594<x78>[B] (+0) -0.501811594<x79>[B] (+0) +0.501811594<x80>[B] (+0) +0.501811594<x81>[B] (+0) +0.501811594<x82>[B] (+1) -0.501811594<x83>[B] (+0) +0.501811594<x84>[B] (+0) -0.501811594<x85>[B] (+0) -0.501811594<x86>[B] (+0) +0.501811594<x87>[B] (+1) -0.501811594<x88>[B] (+0) +0.501811594<x89>[B] (+1) +0.501811594<x90>[B] (+0) +0.501811594<x91>[B] (+0) +0.501811594<x92>[B] (+1) +0.501811594<x93>[B] (+1) -0.501811594<x94>[B] (+1) +0.501811594<x95>[B] (+1) +0.501811594<x96>[B] (+1) +0.501811594<x97>[B] (+0) +0.501811594<x98>[B] (+1) +0.501811594<x99>[B] (+1) +0.501811594<x100>[B] (+0) +0.501811594<x101>[B] (+1) -0.501811594<x102>[B] (+0) +0.501811594<x103>[B] (+1) -0.501811594<x104>[B] (+0) +0.501811594<x105>[B] (+1) -0.501811594<x106>[B] (+0) +0.501811594<x107>[B] (+0) +0.501811594<x108>[B] (+0) +0.501811594<x109>[B] (+0) +0.501811594<x110>[B] (+0) +0.501811594<x111>[B] (+0) -0.501811594<x112>[B] (+0) -0.501811594<x113>[B] (+0) +0.501811594<x114>[B] (+0) -0.501811594<x115>[B] (+0) +0.501811594<x116>[B] (+0) +0.501811594<x117>[B] (+0) +0.501811594<x118>[B] (+0) +0.501811594<x119>[B] (+0) -0.501811594<x120>[B] (+0) +0.501811594<x121>[B] (+0) -0.501811594<x122>[B] (+0) +0.501811594<x123>[B] (+0) +0.501811594<x124>[B] (+1) +0.501811594<x125>[B] (+0) +0.501811594<x126>[B] (+0) +0.501811594<x127>[B] (+1) +0.501811594<x128>[B] (+1) -0.501811594<x129>[B] (+1) +0.501811594<x130>[B] (+1) +0.501811594<x131>[B] (+1) +0.501811594<x132>[B] (+0) +0.501811594<x133>[B] (+1) +0.501811594<x134>[B] (+1) +0.501811594<x135>[B] (+0) +0.501811594<x136>[B] (+1) +0.501811594<x137>[B] (+1) +0.501811594<x138>[B] (+1) +0.501811594<x139>[B] (+0) +0.501811594<x140>[B] (+1) -0.501811594<x141>[B] (+0) -0.501811594<x142>[B] (+0) -0.501811594<x143>[B] (+1) -0.501811594<x144>[B] (+1) -0.501811594<x145>[B] (+1) -0.501811594<x146>[B] (+1) -0.501811594<x147>[B] (+1) -0.501811594<x148>[B] (+0) -0.501811594<x149>[B] (+1) -0.501811594<x150>[B] (+0) -0.501811594<x151>[B] (+0) -0.501811594<x152>[B] (+1) -0.501811594<x153>[B] (+0) -0.501811594<x154>[B] (+0) -0.501811594<x155>[B] (+0) -0.501811594<x156>[B] (+1) -0.501811594<x157>[B] (+1) +0.501811594<x158>[B] (+1) +0.501811594<x159>[B] (+1) -0.501811594<x160>[B] (+1) -0.501811594<x161>[B] (+1) -0.501811594<x162>[B] (+1) -0.501811594<x163>[B] (+1) -0.501811594<x164>[B] (+1) -0.501811594<x165>[B] (+1) +0.501811594<x166>[B] (+1) +0.501811594<x167>[B] (+1) -0.501811594<x168>[B] (+1) +0.501811594<x169>[B] (+1) -0.501811594<x170>[B] (+1) -0.501811594<x171>[B] (+1) +0.501811594<x172>[B] (+1) +0.501811594<x173>[B] (+1) -0.501811594<x174>[B] (+1) -0.501811594<x175>[B] (+1) +0.501811594<x176>[B] (+1) -0.501811594<x177>[B] (+0) +0.501811594<x178>[B] (+1) +0.501811594<x179>[B] (+1) +0.501811594<x180>[B] (+0) +0.501811594<x181>[B] (+1) -0.501811594<x182>[B] (+1) +0.501811594<x183>[B] (+1) -0.501811594<x184>[B] (+0) +0.501811594<x185>[B] (+1) -0.501811594<x186>[B] (+0) -0.501811594<x187>[B] (+1) -0.501811594<x188>[B] (+0) -0.501811594<x189>[B] (+0) -0.501811594<x190>[B] (+0) -0.501811594<x191>[B] (+0) -0.501811594<x192>[B] (+0) +0.501811594<x193>[B] (+0) +0.501811594<x194>[B] (+1) -0.501811594<x195>[B] (+0) +0.501811594<x196>[B] (+0) -0.501811594<x197>[B] (+0) -0.501811594<x198>[B] (+0) -0.501811594<x199>[B] (+1) -0.501811594<x200>[B] (+1) -0.501811594<x201>[B] (+1) -0.501811594<x202>[B] (+0) -0.501811594<x203>[B] (+1) -0.501811594<x204>[B] (+0) +0.501811594<x205>[B] (+0) +0.501811594<x206>[B] (+1) -0.501811594<x207>[B] (+0) +0.501811594<x208>[B] (+0) -0.501811594<x209>[B] (+0) -0.501811594<x210>[B] (+1) +0.501811594<x211>[B] (+0) +0.501811594<x212>[B] (+0) +0.501811594<x213>[B] (+0) +0.501811594<x214>[B] (+0) +0.501811594<x215>[B] (+0) +0.501811594<x216>[B] (+0) +0.501811594<x217>[B] (+0) +0.501811594<x218>[B] (+0) +0.501811594<x219>[B] (+0) +0.501811594<x220>[B] (+0) +0.501811594<x221>[B] (+0) +0.501811594<x222>[B] (+0) -0.501811594<x223>[B] (+0) +0.501811594<x224>[B] (+0) +0.501811594<x225>[B] (+0) +0.501811594<x226>[B] (+0) +0.501811594<x227>[B] (+1) -0.501811594<x228>[B] (+0) +0.501811594<x229>[B] (+0) -0.501811594<x230>[B] (+0) +0.501811594<x231>[B] (+0) -0.501811594<x232>[B] (+0) +0.501811594<x233>[B] (+0) +0.501811594<x234>[B] (+0) +0.501811594<x235>[B] (+0) +0.501811594<x236>[B] (+1) -0.501811594<x237>[B] (+0) +0.501811594<x238>[B] (+0) -0.501811594<x239>[B] (+0) +0.501811594<x240>[B] (+0) +0.501811594<x241>[B] (+1) +0.501811594<x242>[B] (+1) +0.501811594<x243>[B] (+0) +0.501811594<x244>[B] (+1) -0.501811594<x245>[B] (+1) +0.501811594<x246>[B] (+1) -0.501811594<x247>[B] (+1) +0.501811594<x248>[B] (+1) +0.501811594<x249>[B] (+0) +0.501811594<x250>[B] (+0) +0.501811594<x251>[B] (+1) -0.501811594<x252>[B] (+0) +0.501811594<x253>[B] (+0) -0.501811594<x254>[B] (+0) -0.501811594<x255>[B] (+0) +0.501811594<x256>[B] (+0) +0.501811594<x257>[B] (+1) -0.501811594<x258>[B] (+0) +0.501811594<x259>[B] (+1) -0.501811594<x260>[B] (+0) -0.501811594<x261>[B] (+1) +0.501811594<x262>[B] (+1) -0.501811594<x263>[B] (+1) +0.501811594<x264>[B] (+1) -0.501811594<x265>[B] (+1) -0.501811594<x266>[B] (+1) -0.501811594<x267>[B] (+0) +0.501811594<x268>[B] (+0) -0.501811594<x269>[B] (+0) -0.501811594<x270>[B] (+0) +0.501811594<x271>[B] (+1) +0.501811594<x272>[B] (+0) +0.501811594<x273>[B] (+1) -0.501811594<x274>[B] (+0) -0.501811594<x275>[B] (+1) +0.501811594<x276>[B] (+1) >= 42.0271739130435;
;
violation: left hand side is violated by 0.0471014492753881
  [linear] <c4206>: <x277>[C] (+32.8532609) +0.501811594<x1>[B] (+7.62723218e-14) +0.501811594<x2>[B] (+0) +0.501811594<x3>[B] (+0) +0.501811594<x4>[B] (+0) +0.501811594<x5>[B] (+1) +0.501811594<x6>[B] (+0) +0.501811594<x7>[B] (+0) +0.501811594<x8>[B] (+0) +0.501811594<x9>[B] (+0) +0.501811594<x10>[B] (+0) +0.501811594<x11>[B] (+0) -0.501811594<x12>[B] (+1) +0.501811594<x13>[B] (+0) +0.501811594<x14>[B] (+7.62723218e-14) +0.501811594<x15>[B] (+0) +0.501811594<x16>[B] (+0) +0.501811594<x17>[B] (+0) +0.501811594<x18>[B] (+0) +0.501811594<x19>[B] (+1) +0.501811594<x20>[B] (+0) +0.501811594<x21>[B] (+0) +0.501811594<x22>[B] (+0) +0.501811594<x23>[B] (+0) +0.501811594<x24>[B] (+0) +0.501811594<x25>[B] (+0) -0.501811594<x26>[B] (+0) -0.501811594<x27>[B] (+1) -0.501811594<x28>[B] (+0) +0.501811594<x29>[B] (+0) +0.501811594<x30>[B] (+0) +0.501811594<x31>[B] (+0) +0.501811594<x32>[B] (+0) +0.501811594<x33>[B] (+0) -0.501811594<x34>[B] (+1) -0.501811594<x35>[B] (+0) +0.501811594<x36>[B] (+0) -0.501811594<x37>[B] (+0) +0.501811594<x38>[B] (+0) +0.501811594<x39>[B] (+0) +0.501811594<x40>[B] (+0) +0.501811594<x41>[B] (+1) -0.501811594<x42>[B] (+0) +0.501811594<x43>[B] (+0) -0.501811594<x44>[B] (+0) +0.501811594<x45>[B] (+0) -0.501811594<x46>[B] (+1) -0.501811594<x47>[B] (+0) -0.501811594<x48>[B] (+1) -0.501811594<x49>[B] (+0) +0.501811594<x50>[B] (+0) -0.501811594<x51>[B] (+0) -0.501811594<x52>[B] (+0) -0.501811594<x53>[B] (+1) -0.501811594<x54>[B] (+0) -0.501811594<x55>[B] (+1) -0.501811594<x56>[B] (+0) -0.501811594<x57>[B] (+1) -0.501811594<x58>[B] (+0) -0.501811594<x59>[B] (+0) -0.501811594<x60>[B] (+0) -0.501811594<x61>[B] (+0) -0.501811594<x62>[B] (+1) -0.501811594<x63>[B] (+0) +0.501811594<x64>[B] (+0) -0.501811594<x65>[B] (+0) -0.501811594<x66>[B] (+0) -0.501811594<x67>[B] (+0) -0.501811594<x68>[B] (+1) -0.501811594<x69>[B] (+0) +0.501811594<x70>[B] (+0) +0.501811594<x71>[B] (+0) -0.501811594<x72>[B] (+0) +0.501811594<x73>[B] (+1) +0.501811594<x74>[B] (+0) -0.501811594<x75>[B] (+1) -0.501811594<x76>[B] (+0) -0.501811594<x77>[B] (+1) -0.501811594<x78>[B] (+0) -0.501811594<x79>[B] (+0) +0.501811594<x80>[B] (+0) +0.501811594<x81>[B] (+0) +0.501811594<x82>[B] (+1) -0.501811594<x83>[B] (+0) +0.501811594<x84>[B] (+0) -0.501811594<x85>[B] (+0) -0.501811594<x86>[B] (+0) +0.501811594<x87>[B] (+1) -0.501811594<x88>[B] (+0) +0.501811594<x89>[B] (+1) +0.501811594<x90>[B] (+0) +0.501811594<x91>[B] (+0) +0.501811594<x92>[B] (+1) +0.501811594<x93>[B] (+1) -0.501811594<x94>[B] (+1) +0.501811594<x95>[B] (+1) +0.501811594<x96>[B] (+1) +0.501811594<x97>[B] (+0) +0.501811594<x98>[B] (+1) +0.501811594<x99>[B] (+1) +0.501811594<x100>[B] (+0) +0.501811594<x101>[B] (+1) -0.501811594<x102>[B] (+0) +0.501811594<x103>[B] (+1) -0.501811594<x104>[B] (+0) +0.501811594<x105>[B] (+0) -0.501811594<x106>[B] (+0) +0.501811594<x107>[B] (+0) +0.501811594<x108>[B] (+0) +0.501811594<x109>[B] (+0) +0.501811594<x110>[B] (+0) +0.501811594<x111>[B] (+0) -0.501811594<x112>[B] (+0) -0.501811594<x113>[B] (+0) +0.501811594<x114>[B] (+0) -0.501811594<x115>[B] (+0) +0.501811594<x116>[B] (+0) +0.501811594<x117>[B] (+0) +0.501811594<x118>[B] (+0) +0.501811594<x119>[B] (+0) -0.501811594<x120>[B] (+0) +0.501811594<x121>[B] (+0) -0.501811594<x122>[B] (+0) +0.501811594<x123>[B] (+0) +0.501811594<x124>[B] (+1) +0.501811594<x125>[B] (+0) +0.501811594<x126>[B] (+0) +0.501811594<x127>[B] (+1) +0.501811594<x128>[B] (+1) -0.501811594<x129>[B] (+1) +0.501811594<x130>[B] (+1) +0.501811594<x131>[B] (+1) +0.501811594<x132>[B] (+1) +0.501811594<x133>[B] (+1) +0.501811594<x134>[B] (+1) +0.501811594<x135>[B] (+0) +0.501811594<x136>[B] (+1) +0.501811594<x137>[B] (+1) +0.501811594<x138>[B] (+1) +0.501811594<x139>[B] (+0) +0.501811594<x140>[B] (+1) -0.501811594<x141>[B] (+0) -0.501811594<x142>[B] (+0) -0.501811594<x143>[B] (+1) -0.501811594<x144>[B] (+1) -0.501811594<x145>[B] (+1) -0.501811594<x146>[B] (+1) -0.501811594<x147>[B] (+1) -0.501811594<x148>[B] (+0) -0.501811594<x149>[B] (+0) -0.501811594<x150>[B] (+0) -0.501811594<x151>[B] (+0) -0.501811594<x152>[B] (+1) -0.501811594<x153>[B] (+0) -0.501811594<x154>[B] (+0) -0.501811594<x155>[B] (+0) -0.501811594<x156>[B] (+0) -0.501811594<x157>[B] (+1) +0.501811594<x158>[B] (+1) +0.501811594<x159>[B] (+1) -0.501811594<x160>[B] (+1) -0.501811594<x161>[B] (+1) -0.501811594<x162>[B] (+1) -0.501811594<x163>[B] (+1) -0.501811594<x164>[B] (+1) -0.501811594<x165>[B] (+1) +0.501811594<x166>[B] (+1) +0.501811594<x167>[B] (+1) -0.501811594<x168>[B] (+1) +0.501811594<x169>[B] (+1) -0.501811594<x170>[B] (+1) -0.501811594<x171>[B] (+1) +0.501811594<x172>[B] (+1) +0.501811594<x173>[B] (+1) -0.501811594<x174>[B] (+1) -0.501811594<x175>[B] (+1) +0.501811594<x176>[B] (+1) -0.501811594<x177>[B] (+1) +0.501811594<x178>[B] (+1) +0.501811594<x179>[B] (+1) +0.501811594<x180>[B] (+0) +0.501811594<x181>[B] (+1) -0.501811594<x182>[B] (+1) +0.501811594<x183>[B] (+1) -0.501811594<x184>[B] (+0) +0.501811594<x185>[B] (+1) -0.501811594<x186>[B] (+7.62723218e-14) -0.501811594<x187>[B] (+1) -0.501811594<x188>[B] (+0) -0.501811594<x189>[B] (+7.62723218e-14) -0.501811594<x190>[B] (+0) -0.501811594<x191>[B] (+0) -0.501811594<x192>[B] (+0) +0.501811594<x193>[B] (+0) +0.501811594<x194>[B] (+1) -0.501811594<x195>[B] (+0) +0.501811594<x196>[B] (+0) -0.501811594<x197>[B] (+0) -0.501811594<x198>[B] (+0) -0.501811594<x199>[B] (+1) -0.501811594<x200>[B] (+0) -0.501811594<x201>[B] (+1) -0.501811594<x202>[B] (+0) -0.501811594<x203>[B] (+0) -0.501811594<x204>[B] (+0) +0.501811594<x205>[B] (+0) +0.501811594<x206>[B] (+1) -0.501811594<x207>[B] (+0) +0.501811594<x208>[B] (+0) -0.501811594<x209>[B] (+0) -0.501811594<x210>[B] (+0) +0.501811594<x211>[B] (+0) +0.501811594<x212>[B] (+0) +0.501811594<x213>[B] (+0) +0.501811594<x214>[B] (+0) +0.501811594<x215>[B] (+0) +0.501811594<x216>[B] (+0) +0.501811594<x217>[B] (+0) +0.501811594<x218>[B] (+0) +0.501811594<x219>[B] (+0) +0.501811594<x220>[B] (+0) +0.501811594<x221>[B] (+0) +0.501811594<x222>[B] (+1) -0.501811594<x223>[B] (+0) +0.501811594<x224>[B] (+0) +0.501811594<x225>[B] (+0) +0.501811594<x226>[B] (+0) +0.501811594<x227>[B] (+1) -0.501811594<x228>[B] (+0) +0.501811594<x229>[B] (+0) -0.501811594<x230>[B] (+0) +0.501811594<x231>[B] (+0) -0.501811594<x232>[B] (+0) +0.501811594<x233>[B] (+0) +0.501811594<x234>[B] (+0) +0.501811594<x235>[B] (+0) +0.501811594<x236>[B] (+1) -0.501811594<x237>[B] (+0) +0.501811594<x238>[B] (+0) -0.501811594<x239>[B] (+0) +0.501811594<x240>[B] (+0) +0.501811594<x241>[B] (+1) +0.501811594<x242>[B] (+1) +0.501811594<x243>[B] (+0) +0.501811594<x244>[B] (+1) -0.501811594<x245>[B] (+0) +0.501811594<x246>[B] (+1) -0.501811594<x247>[B] (+0) +0.501811594<x248>[B] (+0) +0.501811594<x249>[B] (+0) +0.501811594<x250>[B] (+0) +0.501811594<x251>[B] (+1) -0.501811594<x252>[B] (+0) +0.501811594<x253>[B] (+1) -0.501811594<x254>[B] (+0) -0.501811594<x255>[B] (+0) +0.501811594<x256>[B] (+0) +0.501811594<x257>[B] (+1) -0.501811594<x258>[B] (+0) +0.501811594<x259>[B] (+1) -0.501811594<x260>[B] (+0) -0.501811594<x261>[B] (+0) +0.501811594<x262>[B] (+1) -0.501811594<x263>[B] (+1) +0.501811594<x264>[B] (+1) -0.501811594<x265>[B] (+1) -0.501811594<x266>[B] (+1) -0.501811594<x267>[B] (+0) +0.501811594<x268>[B] (+0) -0.501811594<x269>[B] (+0) -0.501811594<x270>[B] (+0) +0.501811594<x271>[B] (+1) +0.501811594<x272>[B] (+0) +0.501811594<x273>[B] (+1) -0.501811594<x274>[B] (+0) -0.501811594<x275>[B] (+0) +0.501811594<x276>[B] (+1) >= 42.0271739130435;
;
violation: left hand side is violated by 0.141304347826065
  [linear] <c4206>: <x277>[C] (+35.4710145) +0.501811594<x1>[B] (+1) +0.501811594<x2>[B] (+0) +0.501811594<x3>[B] (+1) +0.501811594<x4>[B] (+0) +0.501811594<x5>[B] (+1) +0.501811594<x6>[B] (+0) +0.501811594<x7>[B] (+0) +0.501811594<x8>[B] (+0) +0.501811594<x9>[B] (+0) +0.501811594<x10>[B] (+1) +0.501811594<x11>[B] (+0) -0.501811594<x12>[B] (+1) +0.501811594<x13>[B] (+1) +0.501811594<x14>[B] (+1) +0.501811594<x15>[B] (+0) +0.501811594<x16>[B] (+1) +0.501811594<x17>[B] (+0) +0.501811594<x18>[B] (+0) +0.501811594<x19>[B] (+1) +0.501811594<x20>[B] (+0) +0.501811594<x21>[B] (+1) +0.501811594<x22>[B] (+0) +0.501811594<x23>[B] (+1) +0.501811594<x24>[B] (+0) +0.501811594<x25>[B] (+0) -0.501811594<x26>[B] (+0) -0.501811594<x27>[B] (+1) -0.501811594<x28>[B] (+0) +0.501811594<x29>[B] (+0) +0.501811594<x30>[B] (+0) +0.501811594<x31>[B] (+0) +0.501811594<x32>[B] (+0) +0.501811594<x33>[B] (+0) -0.501811594<x34>[B] (+1) -0.501811594<x35>[B] (+1) +0.501811594<x36>[B] (+0) -0.501811594<x37>[B] (+0) +0.501811594<x38>[B] (+0) +0.501811594<x39>[B] (+0) +0.501811594<x40>[B] (+0) +0.501811594<x41>[B] (+1) -0.501811594<x42>[B] (+0) +0.501811594<x43>[B] (+1) -0.501811594<x44>[B] (+0) +0.501811594<x45>[B] (+0) -0.501811594<x46>[B] (+1) -0.501811594<x47>[B] (+0) -0.501811594<x48>[B] (+1) -0.501811594<x49>[B] (+0) +0.501811594<x50>[B] (+0) -0.501811594<x51>[B] (+0) -0.501811594<x52>[B] (+0) -0.501811594<x53>[B] (+1) -0.501811594<x54>[B] (+0) -0.501811594<x55>[B] (+1) -0.501811594<x56>[B] (+1) -0.501811594<x57>[B] (+1) -0.501811594<x58>[B] (+0) -0.501811594<x59>[B] (+1) -0.501811594<x60>[B] (+0) -0.501811594<x61>[B] (+0) -0.501811594<x62>[B] (+1) -0.501811594<x63>[B] (+0) +0.501811594<x64>[B] (+1) -0.501811594<x65>[B] (+0) -0.501811594<x66>[B] (+1) -0.501811594<x67>[B] (+0) -0.501811594<x68>[B] (+1) -0.501811594<x69>[B] (+0) +0.501811594<x70>[B] (+0) +0.501811594<x71>[B] (+0) -0.501811594<x72>[B] (+0) +0.501811594<x73>[B] (+1) +0.501811594<x74>[B] (+0) -0.501811594<x75>[B] (+1) -0.501811594<x76>[B] (+1) -0.501811594<x77>[B] (+0) -0.501811594<x78>[B] (+0) -0.501811594<x79>[B] (+0) +0.501811594<x80>[B] (+0) +0.501811594<x81>[B] (+0) +0.501811594<x82>[B] (+1) -0.501811594<x83>[B] (+0) +0.501811594<x84>[B] (+1) -0.501811594<x85>[B] (+0) -0.501811594<x86>[B] (+0) +0.501811594<x87>[B] (+1) -0.501811594<x88>[B] (+0) +0.501811594<x89>[B] (+1) +0.501811594<x90>[B] (+0) +0.501811594<x91>[B] (+0) +0.501811594<x92>[B] (+1) +0.501811594<x93>[B] (+1) -0.501811594<x94>[B] (+1) +0.501811594<x95>[B] (+1) +0.501811594<x96>[B] (+1) +0.501811594<x97>[B] (+0) +0.501811594<x98>[B] (+1) +0.501811594<x99>[B] (+0) +0.501811594<x100>[B] (+0) +0.501811594<x101>[B] (+1) -0.501811594<x102>[B] (+1) +0.501811594<x103>[B] (+1) -0.501811594<x104>[B] (+0) +0.501811594<x105>[B] (+1) -0.501811594<x106>[B] (+0) +0.501811594<x107>[B] (+0) +0.501811594<x108>[B] (+0) +0.501811594<x109>[B] (+0) +0.501811594<x110>[B] (+0) +0.501811594<x111>[B] (+0) -0.501811594<x112>[B] (+0) -0.501811594<x113>[B] (+0) +0.501811594<x114>[B] (+0) -0.501811594<x115>[B] (+0) +0.501811594<x116>[B] (+0) +0.501811594<x117>[B] (+0) +0.501811594<x118>[B] (+0) +0.501811594<x119>[B] (+0) -0.501811594<x120>[B] (+0) +0.501811594<x121>[B] (+0) -0.501811594<x122>[B] (+0) +0.501811594<x123>[B] (+0) +0.501811594<x124>[B] (+1) +0.501811594<x125>[B] (+0) +0.501811594<x126>[B] (+0) +0.501811594<x127>[B] (+1) +0.501811594<x128>[B] (+1) -0.501811594<x129>[B] (+1) +0.501811594<x130>[B] (+1) +0.501811594<x131>[B] (+1) +0.501811594<x132>[B] (+0) +0.501811594<x133>[B] (+1) +0.501811594<x134>[B] (+0) +0.501811594<x135>[B] (+0) +0.501811594<x136>[B] (+1) +0.501811594<x137>[B] (+1) +0.501811594<x138>[B] (+1) +0.501811594<x139>[B] (+0) +0.501811594<x140>[B] (+1) -0.501811594<x141>[B] (+0) -0.501811594<x142>[B] (+0) -0.501811594<x143>[B] (+1) -0.501811594<x144>[B] (+1) -0.501811594<x145>[B] (+1) -0.501811594<x146>[B] (+1) -0.501811594<x147>[B] (+1) -0.501811594<x148>[B] (+0) -0.501811594<x149>[B] (+1) -0.501811594<x150>[B] (+0) -0.501811594<x151>[B] (+0) -0.501811594<x152>[B] (+1) -0.501811594<x153>[B] (+1) -0.501811594<x154>[B] (+1) -0.501811594<x155>[B] (+0) -0.501811594<x156>[B] (+1) -0.501811594<x157>[B] (+1) +0.501811594<x158>[B] (+1) +0.501811594<x159>[B] (+1) -0.501811594<x160>[B] (+1) -0.501811594<x161>[B] (+1) -0.501811594<x162>[B] (+1) -0.501811594<x163>[B] (+1) -0.501811594<x164>[B] (+1) -0.501811594<x165>[B] (+1) +0.501811594<x166>[B] (+1) +0.501811594<x167>[B] (+1) -0.501811594<x168>[B] (+1) +0.501811594<x169>[B] (+1) -0.501811594<x170>[B] (+1) -0.501811594<x171>[B] (+1) +0.501811594<x172>[B] (+1) +0.501811594<x173>[B] (+1) -0.501811594<x174>[B] (+1) -0.501811594<x175>[B] (+1) +0.501811594<x176>[B] (+1) -0.501811594<x177>[B] (+1) +0.501811594<x178>[B] (+1) +0.501811594<x179>[B] (+1) +0.501811594<x180>[B] (+0) +0.501811594<x181>[B] (+1) -0.501811594<x182>[B] (+1) +0.501811594<x183>[B] (+1) -0.501811594<x184>[B] (+0) +0.501811594<x185>[B] (+1) -0.501811594<x186>[B] (+0) -0.501811594<x187>[B] (+1) -0.501811594<x188>[B] (+1) -0.501811594<x189>[B] (+0) -0.501811594<x190>[B] (+0) -0.501811594<x191>[B] (+0) -0.501811594<x192>[B] (+0) +0.501811594<x193>[B] (+0) +0.501811594<x194>[B] (+1) -0.501811594<x195>[B] (+0) +0.501811594<x196>[B] (+1) -0.501811594<x197>[B] (+0) -0.501811594<x198>[B] (+0) -0.501811594<x199>[B] (+1) -0.501811594<x200>[B] (+1) -0.501811594<x201>[B] (+1) -0.501811594<x202>[B] (+0) -0.501811594<x203>[B] (+1) -0.501811594<x204>[B] (+0) +0.501811594<x205>[B] (+0) +0.501811594<x206>[B] (+1) -0.501811594<x207>[B] (+0) +0.501811594<x208>[B] (+1) -0.501811594<x209>[B] (+0) -0.501811594<x210>[B] (+1) +0.501811594<x211>[B] (+0) +0.501811594<x212>[B] (+0) +0.501811594<x213>[B] (+0) +0.501811594<x214>[B] (+0) +0.501811594<x215>[B] (+0) +0.501811594<x216>[B] (+0) +0.501811594<x217>[B] (+0) +0.501811594<x218>[B] (+0) +0.501811594<x219>[B] (+0) +0.501811594<x220>[B] (+0) +0.501811594<x221>[B] (+0) +0.501811594<x222>[B] (+0) -0.501811594<x223>[B] (+0) +0.501811594<x224>[B] (+0) +0.501811594<x225>[B] (+0) +0.501811594<x226>[B] (+0) +0.501811594<x227>[B] (+0) -0.501811594<x228>[B] (+0) +0.501811594<x229>[B] (+1) -0.501811594<x230>[B] (+0) +0.501811594<x231>[B] (+0) -0.501811594<x232>[B] (+0) +0.501811594<x233>[B] (+0) +0.501811594<x234>[B] (+0) +0.501811594<x235>[B] (+0) +0.501811594<x236>[B] (+1) -0.501811594<x237>[B] (+0) +0.501811594<x238>[B] (+1) -0.501811594<x239>[B] (+0) +0.501811594<x240>[B] (+0) +0.501811594<x241>[B] (+1) +0.501811594<x242>[B] (+0) +0.501811594<x243>[B] (+0) +0.501811594<x244>[B] (+1) -0.501811594<x245>[B] (+1) +0.501811594<x246>[B] (+1) -0.501811594<x247>[B] (+0) +0.501811594<x248>[B] (+1) +0.501811594<x249>[B] (+0) +0.501811594<x250>[B] (+0) +0.501811594<x251>[B] (+1) -0.501811594<x252>[B] (+0) +0.501811594<x253>[B] (+1) -0.501811594<x254>[B] (+0) -0.501811594<x255>[B] (+1) +0.501811594<x256>[B] (+0) +0.501811594<x257>[B] (+1) -0.501811594<x258>[B] (+1) +0.501811594<x259>[B] (+1) -0.501811594<x260>[B] (+0) -0.501811594<x261>[B] (+1) +0.501811594<x262>[B] (+1) -0.501811594<x263>[B] (+1) +0.501811594<x264>[B] (+1) -0.501811594<x265>[B] (+1) -0.501811594<x266>[B] (+1) -0.501811594<x267>[B] (+0) +0.501811594<x268>[B] (+1) -0.501811594<x269>[B] (+0) -0.501811594<x270>[B] (+0) +0.501811594<x271>[B] (+1) +0.501811594<x272>[B] (+0) +0.501811594<x273>[B] (+1) -0.501811594<x274>[B] (+0) -0.501811594<x275>[B] (+0) +0.501811594<x276>[B] (+1) >= 42.0271739130435;
;
violation: left hand side is violated by 0.032608695652165
  [linear] <c4208>: <x279>[C] (+49.1594203) +0.574275362<x1>[B] (+1) +0.574275362<x2>[B] (+1) +0.574275362<x3>[B] (+1) +0.574275362<x4>[B] (+0) +0.574275362<x5>[B] (+1) +0.574275362<x6>[B] (+0) +0.574275362<x7>[B] (+0) -0.574275362<x8>[B] (+0) +0.574275362<x9>[B] (+0) -0.574275362<x10>[B] (+1) +0.574275362<x11>[B] (+1) +0.574275362<x12>[B] (+1) +0.574275362<x13>[B] (+1) -0.574275362<x14>[B] (+1) +0.574275362<x15>[B] (+0) +0.574275362<x16>[B] (+0) +0.574275362<x17>[B] (+0) +0.574275362<x18>[B] (+0) +0.574275362<x19>[B] (+1) +0.574275362<x20>[B] (+0) +0.574275362<x21>[B] (+0) -0.574275362<x22>[B] (+0) +0.574275362<x23>[B] (+0) -0.574275362<x24>[B] (+0) -0.574275362<x25>[B] (+0) +0.574275362<x26>[B] (+0) -0.574275362<x27>[B] (+1) +0.574275362<x28>[B] (+0) -0.574275362<x29>[B] (+0) -0.574275362<x30>[B] (+0) +0.574275362<x31>[B] (+0) -0.574275362<x32>[B] (+0) -0.574275362<x33>[B] (+0) -0.574275362<x34>[B] (+1) -0.574275362<x35>[B] (+0) -0.574275362<x36>[B] (+0) +0.574275362<x37>[B] (+0) +0.574275362<x38>[B] (+0) -0.574275362<x39>[B] (+0) -0.574275362<x40>[B] (+0) -0.574275362<x41>[B] (+1) +0.574275362<x42>[B] (+0) +0.574275362<x43>[B] (+0) -0.574275362<x44>[B] (+0) +0.574275362<x45>[B] (+0) -0.574275362<x46>[B] (+1) +0.574275362<x47>[B] (+0) -0.574275362<x48>[B] (+1) +0.574275362<x49>[B] (+0) +0.574275362<x50>[B] (+0) -0.574275362<x51>[B] (+0) +0.574275362<x52>[B] (+0) -0.574275362<x53>[B] (+1) +0.574275362<x54>[B] (+0) +0.574275362<x55>[B] (+1) +0.574275362<x56>[B] (+1) -0.574275362<x57>[B] (+1) +0.574275362<x58>[B] (+0) +0.574275362<x59>[B] (+0) +0.574275362<x60>[B] (+0) +0.574275362<x61>[B] (+0) -0.574275362<x62>[B] (+1) +0.574275362<x63>[B] (+0) +0.574275362<x64>[B] (+0) -0.574275362<x65>[B] (+0) +0.574275362<x66>[B] (+0) +0.574275362<x67>[B] (+0) -0.574275362<x68>[B] (+1) +0.574275362<x69>[B] (+0) +0.574275362<x70>[B] (+0) -0.574275362<x71>[B] (+0) +0.574275362<x72>[B] (+0) -0.574275362<x73>[B] (+1) +0.574275362<x74>[B] (+0) +0.574275362<x75>[B] (+1) +0.574275362<x76>[B] (+0) -0.574275362<x77>[B] (+1) +0.574275362<x78>[B] (+0) +0.574275362<x79>[B] (+0) +0.574275362<x80>[B] (+0) +0.574275362<x81>[B] (+0) -0.574275362<x82>[B] (+1) +0.574275362<x83>[B] (+0) +0.574275362<x84>[B] (+0) -0.574275362<x85>[B] (+0) +0.574275362<x86>[B] (+0) -0.574275362<x87>[B] (+1) +0.574275362<x88>[B] (+0) -0.574275362<x89>[B] (+1) -0.574275362<x90>[B] (+0) +0.574275362<x91>[B] (+0) -0.574275362<x92>[B] (+1) -0.574275362<x93>[B] (+1) -0.574275362<x94>[B] (+1) -0.574275362<x95>[B] (+1) -0.574275362<x96>[B] (+1) +0.574275362<x97>[B] (+0) +0.574275362<x98>[B] (+1) -0.574275362<x99>[B] (+1) -0.574275362<x100>[B] (+0) -0.574275362<x101>[B] (+1) +0.574275362<x102>[B] (+1) +0.574275362<x103>[B] (+1) -0.574275362<x104>[B] (+0) +0.574275362<x105>[B] (+1) +0.574275362<x106>[B] (+0) +0.574275362<x107>[B] (+0) -0.574275362<x108>[B] (+0) +0.574275362<x109>[B] (+0) -0.574275362<x110>[B] (+0) +0.574275362<x111>[B] (+0) +0.574275362<x112>[B] (+0) +0.574275362<x113>[B] (+0) -0.574275362<x114>[B] (+0) +0.574275362<x115>[B] (+0) +0.574275362<x116>[B] (+0) +0.574275362<x117>[B] (+0) +0.574275362<x118>[B] (+0) -0.574275362<x119>[B] (+0) +0.574275362<x120>[B] (+0) +0.574275362<x121>[B] (+0) -0.574275362<x122>[B] (+0) +0.574275362<x123>[B] (+0) -0.574275362<x124>[B] (+1) -0.574275362<x125>[B] (+0) -0.574275362<x126>[B] (+0) -0.574275362<x127>[B] (+1) -0.574275362<x128>[B] (+1) -0.574275362<x129>[B] (+1) -0.574275362<x130>[B] (+1) -0.574275362<x131>[B] (+1) -0.574275362<x132>[B] (+0) -0.574275362<x133>[B] (+1) -0.574275362<x134>[B] (+1) -0.574275362<x135>[B] (+0) -0.574275362<x136>[B] (+1) -0.574275362<x137>[B] (+1) +0.574275362<x138>[B] (+1) -0.574275362<x139>[B] (+0) +0.574275362<x140>[B] (+1) -0.574275362<x141>[B] (+0) +0.574275362<x142>[B] (+0) -0.574275362<x143>[B] (+1) +0.574275362<x144>[B] (+1) +0.574275362<x145>[B] (+1) +0.574275362<x146>[B] (+1) -0.574275362<x147>[B] (+1) +0.574275362<x148>[B] (+0) +0.574275362<x149>[B] (+1) +0.574275362<x150>[B] (+0) +0.574275362<x151>[B] (+0) -0.574275362<x152>[B] (+1) +0.574275362<x153>[B] (+0) +0.574275362<x154>[B] (+0) -0.574275362<x155>[B] (+0) +0.574275362<x156>[B] (+1) +0.574275362<x157>[B] (+1) +0.574275362<x158>[B] (+1) +0.574275362<x159>[B] (+1) +0.574275362<x160>[B] (+1) +0.574275362<x161>[B] (+1) +0.574275362<x162>[B] (+1) +0.574275362<x163>[B] (+1) +0.574275362<x164>[B] (+1) +0.574275362<x165>[B] (+1) +0.574275362<x166>[B] (+1) +0.574275362<x167>[B] (+1) +0.574275362<x168>[B] (+1) +0.574275362<x169>[B] (+1) +0.574275362<x170>[B] (+1) +0.574275362<x171>[B] (+1) -0.574275362<x172>[B] (+1) -0.574275362<x173>[B] (+1) -0.574275362<x174>[B] (+1) -0.574275362<x175>[B] (+1) -0.574275362<x176>[B] (+1) +0.574275362<x177>[B] (+1) +0.574275362<x178>[B] (+1) -0.574275362<x179>[B] (+1) -0.574275362<x180>[B] (+0) -0.574275362<x181>[B] (+1) +0.574275362<x182>[B] (+1) +0.574275362<x183>[B] (+1) -0.574275362<x184>[B] (+0) +0.574275362<x185>[B] (+1) +0.574275362<x186>[B] (+0) +0.574275362<x187>[B] (+1) +0.574275362<x188>[B] (+0) +0.574275362<x189>[B] (+0) +0.574275362<x190>[B] (+0) +0.574275362<x191>[B] (+0) +0.574275362<x192>[B] (+0) +0.574275362<x193>[B] (+0) +0.574275362<x194>[B] (+1) +0.574275362<x195>[B] (+0) +0.574275362<x196>[B] (+0) +0.574275362<x197>[B] (+0) +0.574275362<x198>[B] (+0) -0.574275362<x199>[B] (+1) +0.574275362<x200>[B] (+1) -0.574275362<x201>[B] (+1) +0.574275362<x202>[B] (+0) +0.574275362<x203>[B] (+0) +0.574275362<x204>[B] (+0) -0.574275362<x205>[B] (+0) -0.574275362<x206>[B] (+1) +0.574275362<x207>[B] (+0) +0.574275362<x208>[B] (+0) -0.574275362<x209>[B] (+0) +0.574275362<x210>[B] (+0) +0.574275362<x211>[B] (+0) -0.574275362<x212>[B] (+0) +0.574275362<x213>[B] (+0) +0.574275362<x214>[B] (+0) +0.574275362<x215>[B] (+0) +0.574275362<x216>[B] (+0) -0.574275362<x217>[B] (+0) +0.574275362<x218>[B] (+0) +0.574275362<x219>[B] (+0) -0.574275362<x220>[B] (+0) +0.574275362<x221>[B] (+0) -0.574275362<x222>[B] (+1) +0.574275362<x223>[B] (+0) +0.574275362<x224>[B] (+0) -0.574275362<x225>[B] (+0) -0.574275362<x226>[B] (+0) -0.574275362<x227>[B] (+1) +0.574275362<x228>[B] (+0) +0.574275362<x229>[B] (+0) -0.574275362<x230>[B] (+0) +0.574275362<x231>[B] (+0) +0.574275362<x232>[B] (+0) +0.574275362<x233>[B] (+0) +0.574275362<x234>[B] (+0) +0.574275362<x235>[B] (+0) +0.574275362<x236>[B] (+1) +0.574275362<x237>[B] (+0) +0.574275362<x238>[B] (+0) +0.574275362<x239>[B] (+0) +0.574275362<x240>[B] (+0) +0.574275362<x241>[B] (+1) -0.574275362<x242>[B] (+1) -0.574275362<x243>[B] (+0) -0.574275362<x244>[B] (+1) +0.574275362<x245>[B] (+1) +0.574275362<x246>[B] (+1) -0.574275362<x247>[B] (+0) +0.574275362<x248>[B] (+1) -0.574275362<x249>[B] (+0) -0.574275362<x250>[B] (+0) -0.574275362<x251>[B] (+1) +0.574275362<x252>[B] (+0) +0.574275362<x253>[B] (+0) -0.574275362<x254>[B] (+0) +0.574275362<x255>[B] (+0) -0.574275362<x256>[B] (+0) -0.574275362<x257>[B] (+1) +0.574275362<x258>[B] (+0) +0.574275362<x259>[B] (+1) -0.574275362<x260>[B] (+0) +0.574275362<x261>[B] (+1) -0.574275362<x262>[B] (+1) +0.574275362<x263>[B] (+1) +0.574275362<x264>[B] (+1) -0.574275362<x265>[B] (+1) +0.574275362<x266>[B] (+1) +0.574275362<x267>[B] (+0) +0.574275362<x268>[B] (+0) -0.574275362<x269>[B] (+0) +0.574275362<x270>[B] (+0) +0.574275362<x271>[B] (+1) -0.574275362<x272>[B] (+0) +0.574275362<x273>[B] (+1) -0.574275362<x274>[B] (+0) -0.574275362<x275>[B] (+1) +0.574275362<x276>[B] (+1) >= 51.5416666666667;
;
violation: left hand side is violated by 0.659420289855106
  [linear] <c4209>: <x280>[C] (+33.0724638) +0.483695652<x1>[B] (+1) -0.483695652<x2>[B] (+1) +0.483695652<x3>[B] (+1) +0.483695652<x4>[B] (+0) +0.483695652<x5>[B] (+1) +0.483695652<x6>[B] (+0) -0.483695652<x7>[B] (+1) +0.483695652<x8>[B] (+0) +0.483695652<x9>[B] (+0) +0.483695652<x10>[B] (+1) +0.483695652<x11>[B] (+1) +0.483695652<x12>[B] (+1) +0.483695652<x13>[B] (+1) -0.483695652<x14>[B] (+1) +0.483695652<x15>[B] (+0) +0.483695652<x16>[B] (+0) -0.483695652<x17>[B] (+0) +0.483695652<x18>[B] (+0) +0.483695652<x19>[B] (+1) +0.483695652<x20>[B] (+0) +0.483695652<x21>[B] (+0) +0.483695652<x22>[B] (+0) +0.483695652<x23>[B] (+0) -0.483695652<x24>[B] (+0) -0.483695652<x25>[B] (+0) -0.483695652<x26>[B] (+0) -0.483695652<x27>[B] (+1) -0.483695652<x28>[B] (+0) -0.483695652<x29>[B] (+0) -0.483695652<x30>[B] (+0) -0.483695652<x31>[B] (+0) -0.483695652<x32>[B] (+0) -0.483695652<x33>[B] (+0) -0.483695652<x34>[B] (+1) -0.483695652<x35>[B] (+0) -0.483695652<x36>[B] (+0) -0.483695652<x37>[B] (+0) -0.483695652<x38>[B] (+0) -0.483695652<x39>[B] (+0) -0.483695652<x40>[B] (+0) -0.483695652<x41>[B] (+1) -0.483695652<x42>[B] (+0) +0.483695652<x43>[B] (+0) +0.483695652<x44>[B] (+0) +0.483695652<x45>[B] (+0) +0.483695652<x46>[B] (+1) +0.483695652<x47>[B] (+0) +0.483695652<x48>[B] (+1) +0.483695652<x49>[B] (+0) -0.483695652<x50>[B] (+0) +0.483695652<x51>[B] (+0) +0.483695652<x52>[B] (+0) +0.483695652<x53>[B] (+1) +0.483695652<x54>[B] (+0) +0.483695652<x55>[B] (+1) +0.483695652<x56>[B] (+1) +0.483695652<x57>[B] (+1) +0.483695652<x58>[B] (+0) +0.483695652<x59>[B] (+0) +0.483695652<x60>[B] (+0) +0.483695652<x61>[B] (+0) +0.483695652<x62>[B] (+1) +0.483695652<x63>[B] (+0) +0.483695652<x64>[B] (+0) +0.483695652<x65>[B] (+0) +0.483695652<x66>[B] (+0) -0.483695652<x67>[B] (+0) +0.483695652<x68>[B] (+1) -0.483695652<x69>[B] (+0) -0.483695652<x70>[B] (+0) -0.483695652<x71>[B] (+0) -0.483695652<x72>[B] (+0) -0.483695652<x73>[B] (+1) +0.483695652<x74>[B] (+0) -0.483695652<x75>[B] (+1) +0.483695652<x76>[B] (+0) -0.483695652<x77>[B] (+0) -0.483695652<x78>[B] (+0) +0.483695652<x79>[B] (+0) -0.483695652<x80>[B] (+0) +0.483695652<x81>[B] (+0) +0.483695652<x82>[B] (+1) -0.483695652<x83>[B] (+0) +0.483695652<x84>[B] (+0) +0.483695652<x85>[B] (+0) +0.483695652<x86>[B] (+0) +0.483695652<x87>[B] (+1) +0.483695652<x88>[B] (+0) -0.483695652<x89>[B] (+1) +0.483695652<x90>[B] (+0) +0.483695652<x91>[B] (+0) +0.483695652<x92>[B] (+1) +0.483695652<x93>[B] (+1) +0.483695652<x94>[B] (+1) +0.483695652<x95>[B] (+1) -0.483695652<x96>[B] (+1) +0.483695652<x97>[B] (+0) +0.483695652<x98>[B] (+1) -0.483695652<x99>[B] (+0) +0.483695652<x100>[B] (+0) +0.483695652<x101>[B] (+1) -0.483695652<x102>[B] (+1) +0.483695652<x103>[B] (+1) +0.483695652<x104>[B] (+0) +0.483695652<x105>[B] (+1) -0.483695652<x106>[B] (+0) -0.483695652<x107>[B] (+0) -0.483695652<x108>[B] (+0) -0.483695652<x109>[B] (+0) -0.483695652<x110>[B] (+0) +0.483695652<x111>[B] (+0) -0.483695652<x112>[B] (+0) +0.483695652<x113>[B] (+0) -0.483695652<x114>[B] (+0) -0.483695652<x115>[B] (+0) +0.483695652<x116>[B] (+0) -0.483695652<x117>[B] (+0) +0.483695652<x118>[B] (+0) -0.483695652<x119>[B] (+0) -0.483695652<x120>[B] (+0) +0.483695652<x121>[B] (+0) +0.483695652<x122>[B] (+0) +0.483695652<x123>[B] (+0) -0.483695652<x124>[B] (+1) -0.483695652<x125>[B] (+0) -0.483695652<x126>[B] (+0) +0.483695652<x127>[B] (+1) +0.483695652<x128>[B] (+1) +0.483695652<x129>[B] (+1) +0.483695652<x130>[B] (+1) -0.483695652<x131>[B] (+1) -0.483695652<x132>[B] (+0) +0.483695652<x133>[B] (+1) -0.483695652<x134>[B] (+0) +0.483695652<x135>[B] (+0) +0.483695652<x136>[B] (+1) -0.483695652<x137>[B] (+1) +0.483695652<x138>[B] (+1) +0.483695652<x139>[B] (+0) +0.483695652<x140>[B] (+1) +0.483695652<x141>[B] (+0) +0.483695652<x142>[B] (+0) +0.483695652<x143>[B] (+1) +0.483695652<x144>[B] (+1) +0.483695652<x145>[B] (+1) +0.483695652<x146>[B] (+1) +0.483695652<x147>[B] (+1) +0.483695652<x148>[B] (+0) +0.483695652<x149>[B] (+0) +0.483695652<x150>[B] (+0) +0.483695652<x151>[B] (+0) +0.483695652<x152>[B] (+1) +0.483695652<x153>[B] (+0) +0.483695652<x154>[B] (+0) +0.483695652<x155>[B] (+0) +0.483695652<x156>[B] (+0) -0.483695652<x157>[B] (+1) +0.483695652<x158>[B] (+1) +0.483695652<x159>[B] (+1) +0.483695652<x160>[B] (+1) +0.483695652<x161>[B] (+1) -0.483695652<x162>[B] (+1) -0.483695652<x163>[B] (+1) +0.483695652<x164>[B] (+1) -0.483695652<x165>[B] (+1) +0.483695652<x166>[B] (+1) +0.483695652<x167>[B] (+1) -0.483695652<x168>[B] (+1) +0.483695652<x169>[B] (+1) +0.483695652<x170>[B] (+1) +0.483695652<x171>[B] (+1) +0.483695652<x172>[B] (+1) +0.483695652<x173>[B] (+1) +0.483695652<x174>[B] (+1) +0.483695652<x175>[B] (+1) -0.483695652<x176>[B] (+1) +0.483695652<x177>[B] (+1) +0.483695652<x178>[B] (+1) -0.483695652<x179>[B] (+1) +0.483695652<x180>[B] (+0) +0.483695652<x181>[B] (+1) -0.483695652<x182>[B] (+1) +0.483695652<x183>[B] (+1) +0.483695652<x184>[B] (+0) +0.483695652<x185>[B] (+1) +0.483695652<x186>[B] (+0) +0.483695652<x187>[B] (+1) +0.483695652<x188>[B] (+0) -0.483695652<x189>[B] (+0) -0.483695652<x190>[B] (+0) +0.483695652<x191>[B] (+0) -0.483695652<x192>[B] (+0) +0.483695652<x193>[B] (+0) +0.483695652<x194>[B] (+1) -0.483695652<x195>[B] (+0) +0.483695652<x196>[B] (+0) +0.483695652<x197>[B] (+0) +0.483695652<x198>[B] (+0) -0.483695652<x199>[B] (+1) -0.483695652<x200>[B] (+1) -0.483695652<x201>[B] (+1) -0.483695652<x202>[B] (+0) -0.483695652<x203>[B] (+0) -0.483695652<x204>[B] (+0) -0.483695652<x205>[B] (+0) -0.483695652<x206>[B] (+1) -0.483695652<x207>[B] (+0) +0.483695652<x208>[B] (+0) +0.483695652<x209>[B] (+0) +0.483695652<x210>[B] (+0) +0.483695652<x211>[B] (+0) -0.483695652<x212>[B] (+0) -0.483695652<x213>[B] (+0) +0.483695652<x214>[B] (+0) -0.483695652<x215>[B] (+0) +0.483695652<x216>[B] (+0) +0.483695652<x217>[B] (+0) -0.483695652<x218>[B] (+0) +0.483695652<x219>[B] (+0) +0.483695652<x220>[B] (+0) +0.483695652<x221>[B] (+0) -0.483695652<x222>[B] (+1) -0.483695652<x223>[B] (+0) +0.483695652<x224>[B] (+0) -0.483695652<x225>[B] (+0) +0.483695652<x226>[B] (+0) -0.483695652<x227>[B] (+1) -0.483695652<x228>[B] (+0) +0.483695652<x229>[B] (+0) +0.483695652<x230>[B] (+0) +0.483695652<x231>[B] (+0) +0.483695652<x232>[B] (+0) +0.483695652<x233>[B] (+0) -0.483695652<x234>[B] (+0) +0.483695652<x235>[B] (+0) +0.483695652<x236>[B] (+1) +0.483695652<x237>[B] (+0) +0.483695652<x238>[B] (+0) +0.483695652<x239>[B] (+0) +0.483695652<x240>[B] (+0) +0.483695652<x241>[B] (+1) -0.483695652<x242>[B] (+1) +0.483695652<x243>[B] (+0) +0.483695652<x244>[B] (+1) -0.483695652<x245>[B] (+1) +0.483695652<x246>[B] (+1) +0.483695652<x247>[B] (+0) +0.483695652<x248>[B] (+1) -0.483695652<x249>[B] (+0) +0.483695652<x250>[B] (+0) -0.483695652<x251>[B] (+1) -0.483695652<x252>[B] (+0) +0.483695652<x253>[B] (+1) +0.483695652<x254>[B] (+0) +0.483695652<x255>[B] (+0) +0.483695652<x256>[B] (+0) +0.483695652<x257>[B] (+1) +0.483695652<x258>[B] (+1) +0.483695652<x259>[B] (+1) +0.483695652<x260>[B] (+0) +0.483695652<x261>[B] (+1) -0.483695652<x262>[B] (+1) -0.483695652<x263>[B] (+1) +0.483695652<x264>[B] (+1) +0.483695652<x265>[B] (+1) +0.483695652<x266>[B] (+1) -0.483695652<x267>[B] (+0) +0.483695652<x268>[B] (+0) +0.483695652<x269>[B] (+0) +0.483695652<x270>[B] (+0) +0.483695652<x271>[B] (+1) +0.483695652<x272>[B] (+0) +0.483695652<x273>[B] (+1) +0.483695652<x274>[B] (+0) +0.483695652<x275>[B] (+0) +0.483695652<x276>[B] (+1) >= 54.7789855072464;
;
violation: left hand side is violated by 0.423913043478336
  [linear] <c4208>: <x279>[C] (+46.7197574) +0.574275362<x1>[B] (+1) +0.574275362<x2>[B] (+1) +0.574275362<x3>[B] (+1) +0.574275362<x4>[B] (+0) +0.574275362<x5>[B] (+1) +0.574275362<x6>[B] (+0) +0.574275362<x7>[B] (+0) -0.574275362<x8>[B] (+0) +0.574275362<x9>[B] (+0) -0.574275362<x10>[B] (+1) +0.574275362<x11>[B] (+0) +0.574275362<x12>[B] (+1) +0.574275362<x13>[B] (+1) -0.574275362<x14>[B] (+1) +0.574275362<x15>[B] (+0) +0.574275362<x16>[B] (+0) +0.574275362<x17>[B] (+0) +0.574275362<x18>[B] (+0) +0.574275362<x19>[B] (+1) +0.574275362<x20>[B] (+0) +0.574275362<x21>[B] (+0) -0.574275362<x22>[B] (+0) +0.574275362<x23>[B] (+0) -0.574275362<x24>[B] (+0) -0.574275362<x25>[B] (+0) +0.574275362<x26>[B] (+0) -0.574275362<x27>[B] (+1) +0.574275362<x28>[B] (+0) -0.574275362<x29>[B] (+0) -0.574275362<x30>[B] (+0) +0.574275362<x31>[B] (+0) -0.574275362<x32>[B] (+0) -0.574275362<x33>[B] (+0) -0.574275362<x34>[B] (+1) -0.574275362<x35>[B] (+0) -0.574275362<x36>[B] (+0) +0.574275362<x37>[B] (+0) +0.574275362<x38>[B] (+0) -0.574275362<x39>[B] (+0) -0.574275362<x40>[B] (+0) -0.574275362<x41>[B] (+1) +0.574275362<x42>[B] (+0) +0.574275362<x43>[B] (+0) -0.574275362<x44>[B] (+0) +0.574275362<x45>[B] (+0) -0.574275362<x46>[B] (+1) +0.574275362<x47>[B] (+0) -0.574275362<x48>[B] (+1) +0.574275362<x49>[B] (+0) +0.574275362<x50>[B] (+0) -0.574275362<x51>[B] (+0) +0.574275362<x52>[B] (+0) -0.574275362<x53>[B] (+1) +0.574275362<x54>[B] (+0) +0.574275362<x55>[B] (+1) +0.574275362<x56>[B] (+1) -0.574275362<x57>[B] (+1) +0.574275362<x58>[B] (+0) +0.574275362<x59>[B] (+0) +0.574275362<x60>[B] (+0) +0.574275362<x61>[B] (+0) -0.574275362<x62>[B] (+1) +0.574275362<x63>[B] (+0) +0.574275362<x64>[B] (+0) -0.574275362<x65>[B] (+0) +0.574275362<x66>[B] (+0) +0.574275362<x67>[B] (+0) -0.574275362<x68>[B] (+1) +0.574275362<x69>[B] (+0) +0.574275362<x70>[B] (+0) -0.574275362<x71>[B] (+0) +0.574275362<x72>[B] (+0) -0.574275362<x73>[B] (+1) +0.574275362<x74>[B] (+0) +0.574275362<x75>[B] (+1) +0.574275362<x76>[B] (+1) -0.574275362<x77>[B] (+1) +0.574275362<x78>[B] (+0) +0.574275362<x79>[B] (+0) +0.574275362<x80>[B] (+0) +0.574275362<x81>[B] (+0) -0.574275362<x82>[B] (+1) +0.574275362<x83>[B] (+0) +0.574275362<x84>[B] (+0) -0.574275362<x85>[B] (+0) +0.574275362<x86>[B] (+0) -0.574275362<x87>[B] (+1) +0.574275362<x88>[B] (+0) -0.574275362<x89>[B] (+1) -0.574275362<x90>[B] (+0) +0.574275362<x91>[B] (+0) -0.574275362<x92>[B] (+1) -0.574275362<x93>[B] (+1) -0.574275362<x94>[B] (+1) -0.574275362<x95>[B] (+1) -0.574275362<x96>[B] (+1) +0.574275362<x97>[B] (+0) +0.574275362<x98>[B] (+1) -0.574275362<x99>[B] (+0) -0.574275362<x100>[B] (+0) -0.574275362<x101>[B] (+1) +0.574275362<x102>[B] (+0) +0.574275362<x103>[B] (+1) -0.574275362<x104>[B] (+0) +0.574275362<x105>[B] (+1) +0.574275362<x106>[B] (+0) +0.574275362<x107>[B] (+0) -0.574275362<x108>[B] (+0) +0.574275362<x109>[B] (+0) -0.574275362<x110>[B] (+0) +0.574275362<x111>[B] (+0) +0.574275362<x112>[B] (+0) +0.574275362<x113>[B] (+0) -0.574275362<x114>[B] (+0) +0.574275362<x115>[B] (+0) +0.574275362<x116>[B] (+0) +0.574275362<x117>[B] (+0) +0.574275362<x118>[B] (+0) -0.574275362<x119>[B] (+0) +0.574275362<x120>[B] (+0) +0.574275362<x121>[B] (+0) -0.574275362<x122>[B] (+0) +0.574275362<x123>[B] (+0) -0.574275362<x124>[B] (+1) -0.574275362<x125>[B] (+0) -0.574275362<x126>[B] (+0) -0.574275362<x127>[B] (+1) -0.574275362<x128>[B] (+1) -0.574275362<x129>[B] (+1) -0.574275362<x130>[B] (+1) -0.574275362<x131>[B] (+1) -0.574275362<x132>[B] (+0) -0.574275362<x133>[B] (+1) -0.574275362<x134>[B] (+0) -0.574275362<x135>[B] (+0) -0.574275362<x136>[B] (+1) -0.574275362<x137>[B] (+1) +0.574275362<x138>[B] (+1) -0.574275362<x139>[B] (+0) +0.574275362<x140>[B] (+1) -0.574275362<x141>[B] (+0) +0.574275362<x142>[B] (+0) -0.574275362<x143>[B] (+1) +0.574275362<x144>[B] (+1) +0.574275362<x145>[B] (+1) +0.574275362<x146>[B] (+1) -0.574275362<x147>[B] (+1) +0.574275362<x148>[B] (+0) +0.574275362<x149>[B] (+0) +0.574275362<x150>[B] (+0) +0.574275362<x151>[B] (+0) -0.574275362<x152>[B] (+1) +0.574275362<x153>[B] (+0) +0.574275362<x154>[B] (+0) -0.574275362<x155>[B] (+0) +0.574275362<x156>[B] (+0) +0.574275362<x157>[B] (+1) +0.574275362<x158>[B] (+1) +0.574275362<x159>[B] (+1) +0.574275362<x160>[B] (+1) +0.574275362<x161>[B] (+1) +0.574275362<x162>[B] (+1) +0.574275362<x163>[B] (+1) +0.574275362<x164>[B] (+1) +0.574275362<x165>[B] (+1) +0.574275362<x166>[B] (+1) +0.574275362<x167>[B] (+1) +0.574275362<x168>[B] (+1) +0.574275362<x169>[B] (+1) +0.574275362<x170>[B] (+1) +0.574275362<x171>[B] (+1) -0.574275362<x172>[B] (+1) -0.574275362<x173>[B] (+1) -0.574275362<x174>[B] (+1) -0.574275362<x175>[B] (+1) -0.574275362<x176>[B] (+1) +0.574275362<x177>[B] (+1) +0.574275362<x178>[B] (+1) -0.574275362<x179>[B] (+1) -0.574275362<x180>[B] (+0) -0.574275362<x181>[B] (+1) +0.574275362<x182>[B] (+1) +0.574275362<x183>[B] (+1) -0.574275362<x184>[B] (+0) +0.574275362<x185>[B] (+1) +0.574275362<x186>[B] (+0) +0.574275362<x187>[B] (+1) +0.574275362<x188>[B] (+0) +0.574275362<x189>[B] (+0) +0.574275362<x190>[B] (+0) +0.574275362<x191>[B] (+0) +0.574275362<x192>[B] (+0) +0.574275362<x193>[B] (+0) +0.574275362<x194>[B] (+1) +0.574275362<x195>[B] (+0) +0.574275362<x196>[B] (+0) +0.574275362<x197>[B] (+0) +0.574275362<x198>[B] (+0) -0.574275362<x199>[B] (+1) +0.574275362<x200>[B] (+1) -0.574275362<x201>[B] (+1) +0.574275362<x202>[B] (+0) +0.574275362<x203>[B] (+0) +0.574275362<x204>[B] (+0) -0.574275362<x205>[B] (+0) -0.574275362<x206>[B] (+1) +0.574275362<x207>[B] (+0) +0.574275362<x208>[B] (+0) -0.574275362<x209>[B] (+0) +0.574275362<x210>[B] (+0) +0.574275362<x211>[B] (+0) -0.574275362<x212>[B] (+0) +0.574275362<x213>[B] (+0) +0.574275362<x214>[B] (+0) +0.574275362<x215>[B] (+0) +0.574275362<x216>[B] (+0) -0.574275362<x217>[B] (+0) +0.574275362<x218>[B] (+0) +0.574275362<x219>[B] (+0) -0.574275362<x220>[B] (+0) +0.574275362<x221>[B] (+0) -0.574275362<x222>[B] (+0) +0.574275362<x223>[B] (+0) +0.574275362<x224>[B] (+0) -0.574275362<x225>[B] (+0) -0.574275362<x226>[B] (+0) -0.574275362<x227>[B] (+1) +0.574275362<x228>[B] (+0) +0.574275362<x229>[B] (+0) -0.574275362<x230>[B] (+0) +0.574275362<x231>[B] (+0) +0.574275362<x232>[B] (+0) +0.574275362<x233>[B] (+0) +0.574275362<x234>[B] (+0) +0.574275362<x235>[B] (+0) +0.574275362<x236>[B] (+1) +0.574275362<x237>[B] (+0) +0.574275362<x238>[B] (+0) +0.574275362<x239>[B] (+0) +0.574275362<x240>[B] (+0) +0.574275362<x241>[B] (+1) -0.574275362<x242>[B] (+0) -0.574275362<x243>[B] (+0) -0.574275362<x244>[B] (+1) +0.574275362<x245>[B] (+1) +0.574275362<x246>[B] (+1) -0.574275362<x247>[B] (+0) +0.574275362<x248>[B] (+1) -0.574275362<x249>[B] (+0) -0.574275362<x250>[B] (+0) -0.574275362<x251>[B] (+1) +0.574275362<x252>[B] (+0) +0.574275362<x253>[B] (+1) -0.574275362<x254>[B] (+0) +0.574275362<x255>[B] (+0) -0.574275362<x256>[B] (+0) -0.574275362<x257>[B] (+1) +0.574275362<x258>[B] (+1) +0.574275362<x259>[B] (+1) -0.574275362<x260>[B] (+0) +0.574275362<x261>[B] (+1) -0.574275362<x262>[B] (+1) +0.574275362<x263>[B] (+1) +0.574275362<x264>[B] (+1) -0.574275362<x265>[B] (+1) +0.574275362<x266>[B] (+1) +0.574275362<x267>[B] (+0) +0.574275362<x268>[B] (+0) -0.574275362<x269>[B] (+0) +0.574275362<x270>[B] (+0) +0.574275362<x271>[B] (+1) -0.574275362<x272>[B] (+0) +0.574275362<x273>[B] (+1) -0.574275362<x274>[B] (+0) -0.574275362<x275>[B] (+0) +0.574275362<x276>[B] (+1) >= 51.5416666666667;
;
violation: left hand side is violated by 0.801981747082507
  [linear] <c4206>: <x277>[C] (+35.9945652) +0.501811594<x1>[B] (+1) +0.501811594<x2>[B] (+1) +0.501811594<x3>[B] (+1) +0.501811594<x4>[B] (+0) +0.501811594<x5>[B] (+1) +0.501811594<x6>[B] (+0) +0.501811594<x7>[B] (+0) +0.501811594<x8>[B] (+0) +0.501811594<x9>[B] (+0) +0.501811594<x10>[B] (+1) +0.501811594<x11>[B] (+1) -0.501811594<x12>[B] (+1) +0.501811594<x13>[B] (+1) +0.501811594<x14>[B] (+1) +0.501811594<x15>[B] (+0) +0.501811594<x16>[B] (+1) +0.501811594<x17>[B] (+0) +0.501811594<x18>[B] (+0) +0.501811594<x19>[B] (+1) +0.501811594<x20>[B] (+0) +0.501811594<x21>[B] (+0) +0.501811594<x22>[B] (+0) +0.501811594<x23>[B] (+0) +0.501811594<x24>[B] (+0) +0.501811594<x25>[B] (+0) -0.501811594<x26>[B] (+0) -0.501811594<x27>[B] (+1) -0.501811594<x28>[B] (+0) +0.501811594<x29>[B] (+0) +0.501811594<x30>[B] (+0) +0.501811594<x31>[B] (+0) +0.501811594<x32>[B] (+0) +0.501811594<x33>[B] (+0) -0.501811594<x34>[B] (+1) -0.501811594<x35>[B] (+0) +0.501811594<x36>[B] (+0) -0.501811594<x37>[B] (+0) +0.501811594<x38>[B] (+0) +0.501811594<x39>[B] (+0) +0.501811594<x40>[B] (+0) +0.501811594<x41>[B] (+1) -0.501811594<x42>[B] (+0) +0.501811594<x43>[B] (+0) -0.501811594<x44>[B] (+0) +0.501811594<x45>[B] (+0) -0.501811594<x46>[B] (+1) -0.501811594<x47>[B] (+0) -0.501811594<x48>[B] (+1) -0.501811594<x49>[B] (+0) +0.501811594<x50>[B] (+0) -0.501811594<x51>[B] (+0) -0.501811594<x52>[B] (+0) -0.501811594<x53>[B] (+1) -0.501811594<x54>[B] (+0) -0.501811594<x55>[B] (+1) -0.501811594<x56>[B] (+1) -0.501811594<x57>[B] (+1) -0.501811594<x58>[B] (+0) -0.501811594<x59>[B] (+0) -0.501811594<x60>[B] (+0) -0.501811594<x61>[B] (+0) -0.501811594<x62>[B] (+1) -0.501811594<x63>[B] (+0) +0.501811594<x64>[B] (+0) -0.501811594<x65>[B] (+0) -0.501811594<x66>[B] (+0) -0.501811594<x67>[B] (+0) -0.501811594<x68>[B] (+1) -0.501811594<x69>[B] (+0) +0.501811594<x70>[B] (+0) +0.501811594<x71>[B] (+0) -0.501811594<x72>[B] (+0) +0.501811594<x73>[B] (+1) +0.501811594<x74>[B] (+0) -0.501811594<x75>[B] (+1) -0.501811594<x76>[B] (+0) -0.501811594<x77>[B] (+0) -0.501811594<x78>[B] (+0) -0.501811594<x79>[B] (+0) +0.501811594<x80>[B] (+0) +0.501811594<x81>[B] (+0) +0.501811594<x82>[B] (+1) -0.501811594<x83>[B] (+0) +0.501811594<x84>[B] (+0) -0.501811594<x85>[B] (+0) -0.501811594<x86>[B] (+0) +0.501811594<x87>[B] (+1) -0.501811594<x88>[B] (+0) +0.501811594<x89>[B] (+1) +0.501811594<x90>[B] (+0) +0.501811594<x91>[B] (+0) +0.501811594<x92>[B] (+1) +0.501811594<x93>[B] (+1) -0.501811594<x94>[B] (+1) +0.501811594<x95>[B] (+1) +0.501811594<x96>[B] (+1) +0.501811594<x97>[B] (+0) +0.501811594<x98>[B] (+1) +0.501811594<x99>[B] (+0) +0.501811594<x100>[B] (+0) +0.501811594<x101>[B] (+1) -0.501811594<x102>[B] (+1) +0.501811594<x103>[B] (+0) -0.501811594<x104>[B] (+0) +0.501811594<x105>[B] (+1) -0.501811594<x106>[B] (+0) +0.501811594<x107>[B] (+0) +0.501811594<x108>[B] (+0) +0.501811594<x109>[B] (+0) +0.501811594<x110>[B] (+0) +0.501811594<x111>[B] (+0) -0.501811594<x112>[B] (+0) -0.501811594<x113>[B] (+0) +0.501811594<x114>[B] (+0) -0.501811594<x115>[B] (+0) +0.501811594<x116>[B] (+0) +0.501811594<x117>[B] (+0) +0.501811594<x118>[B] (+0) +0.501811594<x119>[B] (+0) -0.501811594<x120>[B] (+0) +0.501811594<x121>[B] (+0) -0.501811594<x122>[B] (+0) +0.501811594<x123>[B] (+0) +0.501811594<x124>[B] (+1) +0.501811594<x125>[B] (+0) +0.501811594<x126>[B] (+0) +0.501811594<x127>[B] (+1) +0.501811594<x128>[B] (+1) -0.501811594<x129>[B] (+1) +0.501811594<x130>[B] (+1) +0.501811594<x131>[B] (+1) +0.501811594<x132>[B] (+0) +0.501811594<x133>[B] (+1) +0.501811594<x134>[B] (+0) +0.501811594<x135>[B] (+0) +0.501811594<x136>[B] (+1) +0.501811594<x137>[B] (+1) +0.501811594<x138>[B] (+1) +0.501811594<x139>[B] (+0) +0.501811594<x140>[B] (+1) -0.501811594<x141>[B] (+0) -0.501811594<x142>[B] (+0) -0.501811594<x143>[B] (+1) -0.501811594<x144>[B] (+1) -0.501811594<x145>[B] (+1) -0.501811594<x146>[B] (+1) -0.501811594<x147>[B] (+1) -0.501811594<x148>[B] (+0) -0.501811594<x149>[B] (+1) -0.501811594<x150>[B] (+0) -0.501811594<x151>[B] (+0) -0.501811594<x152>[B] (+1) -0.501811594<x153>[B] (+1) -0.501811594<x154>[B] (+0) -0.501811594<x155>[B] (+0) -0.501811594<x156>[B] (+1) -0.501811594<x157>[B] (+1) +0.501811594<x158>[B] (+1) +0.501811594<x159>[B] (+1) -0.501811594<x160>[B] (+1) -0.501811594<x161>[B] (+1) -0.501811594<x162>[B] (+1) -0.501811594<x163>[B] (+1) -0.501811594<x164>[B] (+1) -0.501811594<x165>[B] (+1) +0.501811594<x166>[B] (+1) +0.501811594<x167>[B] (+1) -0.501811594<x168>[B] (+1) +0.501811594<x169>[B] (+1) -0.501811594<x170>[B] (+1) -0.501811594<x171>[B] (+1) +0.501811594<x172>[B] (+1) +0.501811594<x173>[B] (+1) -0.501811594<x174>[B] (+1) -0.501811594<x175>[B] (+1) +0.501811594<x176>[B] (+1) -0.501811594<x177>[B] (+1) +0.501811594<x178>[B] (+1) +0.501811594<x179>[B] (+1) +0.501811594<x180>[B] (+0) +0.501811594<x181>[B] (+1) -0.501811594<x182>[B] (+1) +0.501811594<x183>[B] (+1) -0.501811594<x184>[B] (+0) +0.501811594<x185>[B] (+1) -0.501811594<x186>[B] (+0) -0.501811594<x187>[B] (+1) -0.501811594<x188>[B] (+0) -0.501811594<x189>[B] (+0) -0.501811594<x190>[B] (+0) -0.501811594<x191>[B] (+0) -0.501811594<x192>[B] (+0) +0.501811594<x193>[B] (+0) +0.501811594<x194>[B] (+1) -0.501811594<x195>[B] (+0) +0.501811594<x196>[B] (+0) -0.501811594<x197>[B] (+0) -0.501811594<x198>[B] (+0) -0.501811594<x199>[B] (+1) -0.501811594<x200>[B] (+1) -0.501811594<x201>[B] (+1) -0.501811594<x202>[B] (+0) -0.501811594<x203>[B] (+1) -0.501811594<x204>[B] (+0) +0.501811594<x205>[B] (+0) +0.501811594<x206>[B] (+1) -0.501811594<x207>[B] (+0) +0.501811594<x208>[B] (+0) -0.501811594<x209>[B] (+0) -0.501811594<x210>[B] (+0) +0.501811594<x211>[B] (+0) +0.501811594<x212>[B] (+0) +0.501811594<x213>[B] (+0) +0.501811594<x214>[B] (+0) +0.501811594<x215>[B] (+0) +0.501811594<x216>[B] (+0) +0.501811594<x217>[B] (+0) +0.501811594<x218>[B] (+0) +0.501811594<x219>[B] (+0) +0.501811594<x220>[B] (+0) +0.501811594<x221>[B] (+0) +0.501811594<x222>[B] (+1) -0.501811594<x223>[B] (+0) +0.501811594<x224>[B] (+0) +0.501811594<x225>[B] (+0) +0.501811594<x226>[B] (+0) +0.501811594<x227>[B] (+1) -0.501811594<x228>[B] (+0) +0.501811594<x229>[B] (+0) -0.501811594<x230>[B] (+0) +0.501811594<x231>[B] (+0) -0.501811594<x232>[B] (+0) +0.501811594<x233>[B] (+0) +0.501811594<x234>[B] (+0) +0.501811594<x235>[B] (+0) +0.501811594<x236>[B] (+1) -0.501811594<x237>[B] (+0) +0.501811594<x238>[B] (+0) -0.501811594<x239>[B] (+0) +0.501811594<x240>[B] (+0) +0.501811594<x241>[B] (+1) +0.501811594<x242>[B] (+1) +0.501811594<x243>[B] (+0) +0.501811594<x244>[B] (+1) -0.501811594<x245>[B] (+1) +0.501811594<x246>[B] (+1) -0.501811594<x247>[B] (+0) +0.501811594<x248>[B] (+1) +0.501811594<x249>[B] (+0) +0.501811594<x250>[B] (+0) +0.501811594<x251>[B] (+1) -0.501811594<x252>[B] (+0) +0.501811594<x253>[B] (+0) -0.501811594<x254>[B] (+0) -0.501811594<x255>[B] (+0) +0.501811594<x256>[B] (+0) +0.501811594<x257>[B] (+1) -0.501811594<x258>[B] (+1) +0.501811594<x259>[B] (+1) -0.501811594<x260>[B] (+0) -0.501811594<x261>[B] (+1) +0.501811594<x262>[B] (+1) -0.501811594<x263>[B] (+1) +0.501811594<x264>[B] (+1) -0.501811594<x265>[B] (+1) -0.501811594<x266>[B] (+1) -0.501811594<x267>[B] (+0) +0.501811594<x268>[B] (+0) -0.501811594<x269>[B] (+0) -0.501811594<x270>[B] (+0) +0.501811594<x271>[B] (+0) +0.501811594<x272>[B] (+0) +0.501811594<x273>[B] (+1) -0.501811594<x274>[B] (+0) -0.501811594<x275>[B] (+1) +0.501811594<x276>[B] (+1) >= 42.0271739130435;
;
violation: left hand side is violated by 0.0108695652173907
  [linear] <c4211>: <x282>[C] (+40.75) +0.538043478<x1>[B] (+1) +0.538043478<x2>[B] (+1) -0.538043478<x3>[B] (+1) +0.538043478<x4>[B] (+1) +0.538043478<x5>[B] (+1) +0.538043478<x6>[B] (+0) -0.538043478<x7>[B] (+1) -0.538043478<x8>[B] (+0) +0.538043478<x9>[B] (+0) -0.538043478<x10>[B] (+1) -0.538043478<x11>[B] (+1) -0.538043478<x12>[B] (+1) -0.538043478<x13>[B] (+1) -0.538043478<x14>[B] (+1) +0.538043478<x15>[B] (+0) -0.538043478<x16>[B] (+1) -0.538043478<x17>[B] (+0) -0.538043478<x18>[B] (+0) +0.538043478<x19>[B] (+1) -0.538043478<x20>[B] (+0) -0.538043478<x21>[B] (+1) +0.538043478<x22>[B] (+0) -0.538043478<x23>[B] (+1) -0.538043478<x24>[B] (+0) -0.538043478<x25>[B] (+0) -0.538043478<x26>[B] (+0) +0.538043478<x27>[B] (+1) -0.538043478<x28>[B] (+0) -0.538043478<x29>[B] (+0) -0.538043478<x30>[B] (+0) -0.538043478<x31>[B] (+0) -0.538043478<x32>[B] (+0) -0.538043478<x33>[B] (+0) -0.538043478<x34>[B] (+1) -0.538043478<x35>[B] (+0) -0.538043478<x36>[B] (+0) -0.538043478<x37>[B] (+0) -0.538043478<x38>[B] (+0) -0.538043478<x39>[B] (+0) -0.538043478<x40>[B] (+0) -0.538043478<x41>[B] (+1) -0.538043478<x42>[B] (+0) -0.538043478<x43>[B] (+0) -0.538043478<x44>[B] (+0) -0.538043478<x45>[B] (+0) -0.538043478<x46>[B] (+1) -0.538043478<x47>[B] (+0) +0.538043478<x48>[B] (+1) -0.538043478<x49>[B] (+0) -0.538043478<x50>[B] (+0) -0.538043478<x51>[B] (+0) -0.538043478<x52>[B] (+0) -0.538043478<x53>[B] (+1) -0.538043478<x54>[B] (+0) -0.538043478<x55>[B] (+1) -0.538043478<x56>[B] (+1) -0.538043478<x57>[B] (+1) +0.538043478<x58>[B] (+0) -0.538043478<x59>[B] (+1) -0.538043478<x60>[B] (+0) -0.538043478<x61>[B] (+0) -0.538043478<x62>[B] (+1) -0.538043478<x63>[B] (+0) -0.538043478<x64>[B] (+0) +0.538043478<x65>[B] (+0) -0.538043478<x66>[B] (+0) +0.538043478<x67>[B] (+0) +0.538043478<x68>[B] (+1) +0.538043478<x69>[B] (+0) -0.538043478<x70>[B] (+0) +0.538043478<x71>[B] (+0) +0.538043478<x72>[B] (+0) -0.538043478<x73>[B] (+1) -0.538043478<x74>[B] (+0) +0.538043478<x75>[B] (+1) +0.538043478<x76>[B] (+0) +0.538043478<x77>[B] (+0) +0.538043478<x78>[B] (+0) +0.538043478<x79>[B] (+0) +0.538043478<x80>[B] (+0) +0.538043478<x81>[B] (+0) +0.538043478<x82>[B] (+1) +0.538043478<x83>[B] (+0) +0.538043478<x84>[B] (+0) +0.538043478<x85>[B] (+0) +0.538043478<x86>[B] (+0) +0.538043478<x87>[B] (+1) -0.538043478<x88>[B] (+0) -0.538043478<x89>[B] (+1) -0.538043478<x90>[B] (+0) +0.538043478<x91>[B] (+0) -0.538043478<x92>[B] (+1) -0.538043478<x93>[B] (+1) -0.538043478<x94>[B] (+1) -0.538043478<x95>[B] (+1) -0.538043478<x96>[B] (+1) +0.538043478<x97>[B] (+0) -0.538043478<x98>[B] (+1) -0.538043478<x99>[B] (+0) -0.538043478<x100>[B] (+0) +0.538043478<x101>[B] (+1) -0.538043478<x102>[B] (+0) -0.538043478<x103>[B] (+0) +0.538043478<x104>[B] (+0) -0.538043478<x105>[B] (+1) -0.538043478<x106>[B] (+0) -0.538043478<x107>[B] (+0) -0.538043478<x108>[B] (+0) -0.538043478<x109>[B] (+0) -0.538043478<x110>[B] (+0) -0.538043478<x111>[B] (+0) -0.538043478<x112>[B] (+0) -0.538043478<x113>[B] (+0) -0.538043478<x114>[B] (+0) -0.538043478<x115>[B] (+0) -0.538043478<x116>[B] (+0) -0.538043478<x117>[B] (+0) -0.538043478<x118>[B] (+0) -0.538043478<x119>[B] (+0) -0.538043478<x120>[B] (+0) -0.538043478<x121>[B] (+0) -0.538043478<x122>[B] (+0) -0.538043478<x123>[B] (+0) -0.538043478<x124>[B] (+1) -0.538043478<x125>[B] (+0) +0.538043478<x126>[B] (+0) -0.538043478<x127>[B] (+1) -0.538043478<x128>[B] (+1) -0.538043478<x129>[B] (+1) -0.538043478<x130>[B] (+1) -0.538043478<x131>[B] (+1) +0.538043478<x132>[B] (+0) -0.538043478<x133>[B] (+1) -0.538043478<x134>[B] (+0) -0.538043478<x135>[B] (+0) +0.538043478<x136>[B] (+1) -0.538043478<x137>[B] (+1) -0.538043478<x138>[B] (+1) +0.538043478<x139>[B] (+0) -0.538043478<x140>[B] (+1) +0.538043478<x141>[B] (+0) +0.538043478<x142>[B] (+0) -0.538043478<x143>[B] (+1) +0.538043478<x144>[B] (+1) +0.538043478<x145>[B] (+1) +0.538043478<x146>[B] (+1) +0.538043478<x147>[B] (+1) +0.538043478<x148>[B] (+0) +0.538043478<x149>[B] (+1) +0.538043478<x150>[B] (+0) +0.538043478<x151>[B] (+0) +0.538043478<x152>[B] (+1) +0.538043478<x153>[B] (+0) +0.538043478<x154>[B] (+0) +0.538043478<x155>[B] (+0) +0.538043478<x156>[B] (+1) +0.538043478<x157>[B] (+1) -0.538043478<x158>[B] (+1) -0.538043478<x159>[B] (+1) +0.538043478<x160>[B] (+1) -0.538043478<x161>[B] (+1) -0.538043478<x162>[B] (+1) +0.538043478<x163>[B] (+1) +0.538043478<x164>[B] (+1) +0.538043478<x165>[B] (+1) +0.538043478<x166>[B] (+1) +0.538043478<x167>[B] (+1) -0.538043478<x168>[B] (+1) +0.538043478<x169>[B] (+1) +0.538043478<x170>[B] (+1) +0.538043478<x171>[B] (+1) -0.538043478<x172>[B] (+1) -0.538043478<x173>[B] (+1) -0.538043478<x174>[B] (+1) -0.538043478<x175>[B] (+1) -0.538043478<x176>[B] (+1) +0.538043478<x177>[B] (+1) -0.538043478<x178>[B] (+1) -0.538043478<x179>[B] (+1) -0.538043478<x180>[B] (+0) -0.538043478<x181>[B] (+1) -0.538043478<x182>[B] (+1) -0.538043478<x183>[B] (+1) +0.538043478<x184>[B] (+0) -0.538043478<x185>[B] (+1) +0.538043478<x186>[B] (+0) +0.538043478<x187>[B] (+1) +0.538043478<x188>[B] (+0) +0.538043478<x189>[B] (+0) +0.538043478<x190>[B] (+0) +0.538043478<x191>[B] (+0) +0.538043478<x192>[B] (+0) +0.538043478<x193>[B] (+0) +0.538043478<x194>[B] (+1) +0.538043478<x195>[B] (+0) +0.538043478<x196>[B] (+0) +0.538043478<x197>[B] (+0) +0.538043478<x198>[B] (+0) +0.538043478<x199>[B] (+1) +0.538043478<x200>[B] (+1) +0.538043478<x201>[B] (+1) +0.538043478<x202>[B] (+0) +0.538043478<x203>[B] (+1) +0.538043478<x204>[B] (+0) +0.538043478<x205>[B] (+0) +0.538043478<x206>[B] (+1) +0.538043478<x207>[B] (+0) +0.538043478<x208>[B] (+0) +0.538043478<x209>[B] (+0) +0.538043478<x210>[B] (+0) -0.538043478<x211>[B] (+0) -0.538043478<x212>[B] (+0) +0.538043478<x213>[B] (+0) -0.538043478<x214>[B] (+0) -0.538043478<x215>[B] (+0) +0.538043478<x216>[B] (+0) +0.538043478<x217>[B] (+0) -0.538043478<x218>[B] (+0) +0.538043478<x219>[B] (+0) +0.538043478<x220>[B] (+0) -0.538043478<x221>[B] (+0) -0.538043478<x222>[B] (+1) +0.538043478<x223>[B] (+0) +0.538043478<x224>[B] (+0) +0.538043478<x225>[B] (+0) +0.538043478<x226>[B] (+0) +0.538043478<x227>[B] (+1) +0.538043478<x228>[B] (+0) +0.538043478<x229>[B] (+0) +0.538043478<x230>[B] (+0) +0.538043478<x231>[B] (+0) +0.538043478<x232>[B] (+0) +0.538043478<x233>[B] (+0) +0.538043478<x234>[B] (+0) +0.538043478<x235>[B] (+0) +0.538043478<x236>[B] (+1) +0.538043478<x237>[B] (+0) +0.538043478<x238>[B] (+0) +0.538043478<x239>[B] (+0) +0.538043478<x240>[B] (+0) -0.538043478<x241>[B] (+1) -0.538043478<x242>[B] (+0) -0.538043478<x243>[B] (+0) -0.538043478<x244>[B] (+1) -0.538043478<x245>[B] (+1) -0.538043478<x246>[B] (+1) +0.538043478<x247>[B] (+0) -0.538043478<x248>[B] (+1) -0.538043478<x249>[B] (+0) +0.538043478<x250>[B] (+0) +0.538043478<x251>[B] (+1) -0.538043478<x252>[B] (+0) +0.538043478<x253>[B] (+0) +0.538043478<x254>[B] (+0) -0.538043478<x255>[B] (+0) +0.538043478<x256>[B] (+0) +0.538043478<x257>[B] (+1) -0.538043478<x258>[B] (+1) +0.538043478<x259>[B] (+1) +0.538043478<x260>[B] (+0) -0.538043478<x261>[B] (+1) +0.538043478<x262>[B] (+1) -0.538043478<x263>[B] (+1) +0.538043478<x264>[B] (+1) +0.538043478<x265>[B] (+1) -0.538043478<x266>[B] (+1) -0.538043478<x267>[B] (+0) -0.538043478<x268>[B] (+0) +0.538043478<x269>[B] (+0) -0.538043478<x270>[B] (+0) +0.538043478<x271>[B] (+1) +0.538043478<x272>[B] (+0) +0.538043478<x273>[B] (+1) +0.538043478<x274>[B] (+0) -0.538043478<x275>[B] (+1) -0.538043478<x276>[B] (+1) >= 30.5344202898551;
;
violation: left hand side is violated by 0.0072463768115405
  [linear] <c4206>: <x277>[C] (+34.423913) +0.501811594<x1>[B] (+1) +0.501811594<x2>[B] (+1) +0.501811594<x3>[B] (+1) +0.501811594<x4>[B] (+1) +0.501811594<x5>[B] (+1) +0.501811594<x6>[B] (+0) +0.501811594<x7>[B] (+1) +0.501811594<x8>[B] (+0) +0.501811594<x9>[B] (+0) +0.501811594<x10>[B] (+1) +0.501811594<x11>[B] (+1) -0.501811594<x12>[B] (+1) +0.501811594<x13>[B] (+1) +0.501811594<x14>[B] (+1) +0.501811594<x15>[B] (+0) +0.501811594<x16>[B] (+1) +0.501811594<x17>[B] (+0) +0.501811594<x18>[B] (+0) +0.501811594<x19>[B] (+1) +0.501811594<x20>[B] (+1) +0.501811594<x21>[B] (+1) +0.501811594<x22>[B] (+0) +0.501811594<x23>[B] (+1) +0.501811594<x24>[B] (+0) +0.501811594<x25>[B] (+0) -0.501811594<x26>[B] (+0) -0.501811594<x27>[B] (+1) -0.501811594<x28>[B] (+0) +0.501811594<x29>[B] (+0) +0.501811594<x30>[B] (+0) +0.501811594<x31>[B] (+0) +0.501811594<x32>[B] (+0) +0.501811594<x33>[B] (+0) -0.501811594<x34>[B] (+1) -0.501811594<x35>[B] (+0) +0.501811594<x36>[B] (+0) -0.501811594<x37>[B] (+0) +0.501811594<x38>[B] (+0) +0.501811594<x39>[B] (+0) +0.501811594<x40>[B] (+0) +0.501811594<x41>[B] (+1) -0.501811594<x42>[B] (+0) +0.501811594<x43>[B] (+0) -0.501811594<x44>[B] (+0) +0.501811594<x45>[B] (+0) -0.501811594<x46>[B] (+1) -0.501811594<x47>[B] (+0) -0.501811594<x48>[B] (+1) -0.501811594<x49>[B] (+0) +0.501811594<x50>[B] (+0) -0.501811594<x51>[B] (+0) -0.501811594<x52>[B] (+0) -0.501811594<x53>[B] (+1) -0.501811594<x54>[B] (+0) -0.501811594<x55>[B] (+1) -0.501811594<x56>[B] (+1) -0.501811594<x57>[B] (+1) -0.501811594<x58>[B] (+0) -0.501811594<x59>[B] (+1) -0.501811594<x60>[B] (+0) -0.501811594<x61>[B] (+0) -0.501811594<x62>[B] (+1) -0.501811594<x63>[B] (+0) +0.501811594<x64>[B] (+0) -0.501811594<x65>[B] (+0) -0.501811594<x66>[B] (+0) -0.501811594<x67>[B] (+0) -0.501811594<x68>[B] (+1) -0.501811594<x69>[B] (+0) +0.501811594<x70>[B] (+0) +0.501811594<x71>[B] (+0) -0.501811594<x72>[B] (+0) +0.501811594<x73>[B] (+1) +0.501811594<x74>[B] (+0) -0.501811594<x75>[B] (+1) -0.501811594<x76>[B] (+0) -0.501811594<x77>[B] (+1) -0.501811594<x78>[B] (+0) -0.501811594<x79>[B] (+0) +0.501811594<x80>[B] (+0) +0.501811594<x81>[B] (+0) +0.501811594<x82>[B] (+1) -0.501811594<x83>[B] (+0) +0.501811594<x84>[B] (+0) -0.501811594<x85>[B] (+0) -0.501811594<x86>[B] (+0) +0.501811594<x87>[B] (+1) -0.501811594<x88>[B] (+0) +0.501811594<x89>[B] (+1) +0.501811594<x90>[B] (+0) +0.501811594<x91>[B] (+0) +0.501811594<x92>[B] (+1) +0.501811594<x93>[B] (+1) -0.501811594<x94>[B] (+1) +0.501811594<x95>[B] (+1) +0.501811594<x96>[B] (+1) +0.501811594<x97>[B] (+0) +0.501811594<x98>[B] (+1) +0.501811594<x99>[B] (+0) +0.501811594<x100>[B] (+0) +0.501811594<x101>[B] (+1) -0.501811594<x102>[B] (+1) +0.501811594<x103>[B] (+1) -0.501811594<x104>[B] (+0) +0.501811594<x105>[B] (+1) -0.501811594<x106>[B] (+0) +0.501811594<x107>[B] (+0) +0.501811594<x108>[B] (+0) +0.501811594<x109>[B] (+0) +0.501811594<x110>[B] (+0) +0.501811594<x111>[B] (+0) -0.501811594<x112>[B] (+0) -0.501811594<x113>[B] (+0) +0.501811594<x114>[B] (+0) -0.501811594<x115>[B] (+0) +0.501811594<x116>[B] (+0) +0.501811594<x117>[B] (+0) +0.501811594<x118>[B] (+0) +0.501811594<x119>[B] (+0) -0.501811594<x120>[B] (+0) +0.501811594<x121>[B] (+0) -0.501811594<x122>[B] (+0) +0.501811594<x123>[B] (+0) +0.501811594<x124>[B] (+1) +0.501811594<x125>[B] (+0) +0.501811594<x126>[B] (+0) +0.501811594<x127>[B] (+1) +0.501811594<x128>[B] (+1) -0.501811594<x129>[B] (+1) +0.501811594<x130>[B] (+1) +0.501811594<x131>[B] (+1) +0.501811594<x132>[B] (+0) +0.501811594<x133>[B] (+1) +0.501811594<x134>[B] (+0) +0.501811594<x135>[B] (+0) +0.501811594<x136>[B] (+1) +0.501811594<x137>[B] (+1) +0.501811594<x138>[B] (+1) +0.501811594<x139>[B] (+0) +0.501811594<x140>[B] (+1) -0.501811594<x141>[B] (+0) -0.501811594<x142>[B] (+0) -0.501811594<x143>[B] (+1) -0.501811594<x144>[B] (+1) -0.501811594<x145>[B] (+1) -0.501811594<x146>[B] (+1) -0.501811594<x147>[B] (+1) -0.501811594<x148>[B] (+0) -0.501811594<x149>[B] (+1) -0.501811594<x150>[B] (+0) -0.501811594<x151>[B] (+0) -0.501811594<x152>[B] (+1) -0.501811594<x153>[B] (+1) -0.501811594<x154>[B] (+0) -0.501811594<x155>[B] (+0) -0.501811594<x156>[B] (+1) -0.501811594<x157>[B] (+1) +0.501811594<x158>[B] (+1) +0.501811594<x159>[B] (+1) -0.501811594<x160>[B] (+1) -0.501811594<x161>[B] (+1) -0.501811594<x162>[B] (+1) -0.501811594<x163>[B] (+1) -0.501811594<x164>[B] (+1) -0.501811594<x165>[B] (+1) +0.501811594<x166>[B] (+1) +0.501811594<x167>[B] (+1) -0.501811594<x168>[B] (+1) +0.501811594<x169>[B] (+1) -0.501811594<x170>[B] (+1) -0.501811594<x171>[B] (+1) +0.501811594<x172>[B] (+1) +0.501811594<x173>[B] (+1) -0.501811594<x174>[B] (+1) -0.501811594<x175>[B] (+1) +0.501811594<x176>[B] (+1) -0.501811594<x177>[B] (+1) +0.501811594<x178>[B] (+1) +0.501811594<x179>[B] (+1) +0.501811594<x180>[B] (+0) +0.501811594<x181>[B] (+1) -0.501811594<x182>[B] (+1) +0.501811594<x183>[B] (+1) -0.501811594<x184>[B] (+0) +0.501811594<x185>[B] (+1) -0.501811594<x186>[B] (+0) -0.501811594<x187>[B] (+1) -0.501811594<x188>[B] (+0) -0.501811594<x189>[B] (+0) -0.501811594<x190>[B] (+0) -0.501811594<x191>[B] (+0) -0.501811594<x192>[B] (+0) +0.501811594<x193>[B] (+0) +0.501811594<x194>[B] (+1) -0.501811594<x195>[B] (+0) +0.501811594<x196>[B] (+0) -0.501811594<x197>[B] (+0) -0.501811594<x198>[B] (+0) -0.501811594<x199>[B] (+1) -0.501811594<x200>[B] (+1) -0.501811594<x201>[B] (+1) -0.501811594<x202>[B] (+0) -0.501811594<x203>[B] (+1) -0.501811594<x204>[B] (+0) +0.501811594<x205>[B] (+0) +0.501811594<x206>[B] (+1) -0.501811594<x207>[B] (+0) +0.501811594<x208>[B] (+0) -0.501811594<x209>[B] (+0) -0.501811594<x210>[B] (+0) +0.501811594<x211>[B] (+0) +0.501811594<x212>[B] (+0) +0.501811594<x213>[B] (+0) +0.501811594<x214>[B] (+0) +0.501811594<x215>[B] (+0) +0.501811594<x216>[B] (+0) +0.501811594<x217>[B] (+0) +0.501811594<x218>[B] (+0) +0.501811594<x219>[B] (+0) +0.501811594<x220>[B] (+0) +0.501811594<x221>[B] (+0) +0.501811594<x222>[B] (+1) -0.501811594<x223>[B] (+0) +0.501811594<x224>[B] (+0) +0.501811594<x225>[B] (+0) +0.501811594<x226>[B] (+0) +0.501811594<x227>[B] (+1) -0.501811594<x228>[B] (+0) +0.501811594<x229>[B] (+0) -0.501811594<x230>[B] (+0) +0.501811594<x231>[B] (+0) -0.501811594<x232>[B] (+0) +0.501811594<x233>[B] (+0) +0.501811594<x234>[B] (+0) +0.501811594<x235>[B] (+0) +0.501811594<x236>[B] (+1) -0.501811594<x237>[B] (+0) +0.501811594<x238>[B] (+0) -0.501811594<x239>[B] (+0) +0.501811594<x240>[B] (+0) +0.501811594<x241>[B] (+1) +0.501811594<x242>[B] (+0) +0.501811594<x243>[B] (+0) +0.501811594<x244>[B] (+1) -0.501811594<x245>[B] (+1) +0.501811594<x246>[B] (+1) -0.501811594<x247>[B] (+0) +0.501811594<x248>[B] (+1) +0.501811594<x249>[B] (+0) +0.501811594<x250>[B] (+0) +0.501811594<x251>[B] (+1) -0.501811594<x252>[B] (+0) +0.501811594<x253>[B] (+0) -0.501811594<x254>[B] (+0) -0.501811594<x255>[B] (+0) +0.501811594<x256>[B] (+0) +0.501811594<x257>[B] (+1) -0.501811594<x258>[B] (+1) +0.501811594<x259>[B] (+1) -0.501811594<x260>[B] (+0) -0.501811594<x261>[B] (+1) +0.501811594<x262>[B] (+1) -0.501811594<x263>[B] (+1) +0.501811594<x264>[B] (+1) -0.501811594<x265>[B] (+1) -0.501811594<x266>[B] (+1) -0.501811594<x267>[B] (+0) +0.501811594<x268>[B] (+0) -0.501811594<x269>[B] (+0) -0.501811594<x270>[B] (+0) +0.501811594<x271>[B] (+0) +0.501811594<x272>[B] (+0) +0.501811594<x273>[B] (+1) -0.501811594<x274>[B] (+0) -0.501811594<x275>[B] (+1) +0.501811594<x276>[B] (+1) >= 42.0271739130435;
;
violation: left hand side is violated by 0.0760869565217135
all 10 solutions given by solution candidate storage are infeasible

feasible solution found by trivial heuristic after 0.0 seconds, objective value -8.000652e+06
presolving:
   (0.0s) symmetry computation started: requiring (bin +, int +, cont +), (fixed: bin -, int -, cont -)
   (0.0s) no symmetry present (symcode time: 0.00)
presolving (0 rounds: 0 fast, 0 medium, 0 exhaustive):
 0 deleted vars, 0 deleted constraints, 0 added constraints, 0 tightened bounds, 0 added holes, 0 changed sides, 0 changed coefficients
 0 implications, 0 cliques, 0 implied integral variables (0 bin, 0 int, 0 cont)
presolved problem has 356 variables (276 bin, 0 int, 80 cont) and 4280 constraints
   4280 constraints of type <linear>
Presolving Time: 0.04
transformed 1/1 original solutions to the transformed problem space

 time | node  | left  |LP iter|LP it/n|mem/heur|mdpt |vars |cons |rows |cuts |sepa|confs|strbr|  dualbound   | primalbound  |  gap   | compl. 
p 0.1s|     1 |     0 |    52 |     - |   locks|   0 | 356 |4280 |4280 |   0 |  0 |   0 |   0 | 6.320000e+02 |-3.380639e+03 |    Inf | unknown
  0.2s|     1 |     0 |  1178 |     - |    89M |   0 | 356 |4280 |4280 |   0 |  0 |   0 |   0 |-2.718411e+03 |-3.380639e+03 |  24.36%| unknown
r 0.2s|     1 |     0 |  1178 |     - |shifting|   0 | 356 |4280 |4280 |   0 |  0 |   0 |   0 |-2.718411e+03 |-2.893136e+03 |   6.43%| unknown
  0.5s|     1 |     0 |  1214 |     - |    89M |   0 | 356 |4280 |4281 |   1 |  1 |   0 |   0 |-2.718557e+03 |-2.893136e+03 |   6.42%| unknown
  0.5s|     1 |     0 |  1214 |     - |    89M |   0 | 356 |4280 |4281 |   1 |  1 |   0 |   0 |-2.718557e+03 |-2.893136e+03 |   6.42%| unknown
  0.8s|     1 |     0 |  1280 |     - |    90M |   0 | 356 |4280 |4282 |   2 |  2 |   0 |   0 |-2.718773e+03 |-2.893136e+03 |   6.41%| unknown
r 0.8s|     1 |     0 |  1280 |     - |shifting|   0 | 356 |4280 |4282 |   2 |  2 |   0 |   0 |-2.718773e+03 |-2.890606e+03 |   6.32%| unknown
  1.1s|     1 |     0 |  1287 |     - |    90M |   0 | 356 |4280 |4283 |   3 |  3 |   0 |   0 |-2.718801e+03 |-2.890606e+03 |   6.32%| unknown
  1.4s|     1 |     0 |  1334 |     - |    91M |   0 | 356 |4280 |4286 |   6 |  4 |   0 |   0 |-2.718913e+03 |-2.890606e+03 |   6.31%| unknown
  1.7s|     1 |     0 |  1383 |     - |    91M |   0 | 356 |4280 |4289 |   9 |  5 |   0 |   0 |-2.719095e+03 |-2.890606e+03 |   6.31%| unknown
r 1.7s|     1 |     0 |  1383 |     - |shifting|   0 | 356 |4280 |4289 |   9 |  5 |   0 |   0 |-2.719095e+03 |-2.860706e+03 |   5.21%| unknown
  2.0s|     1 |     0 |  1454 |     - |    92M |   0 | 356 |4280 |4294 |  14 |  6 |   0 |   0 |-2.719301e+03 |-2.860706e+03 |   5.20%| unknown
r 2.0s|     1 |     0 |  1454 |     - |shifting|   0 | 356 |4280 |4294 |  14 |  6 |   0 |   0 |-2.719301e+03 |-2.844039e+03 |   4.59%| unknown
  2.2s|     1 |     0 |  1517 |     - |    92M |   0 | 356 |4280 |4296 |  16 |  7 |   0 |   0 |-2.719354e+03 |-2.844039e+03 |   4.59%| unknown
  2.7s|     1 |     0 |  1571 |     - |    93M |   0 | 356 |4280 |4298 |  18 |  8 |   0 |   0 |-2.719401e+03 |-2.844039e+03 |   4.58%| unknown
 time | node  | left  |LP iter|LP it/n|mem/heur|mdpt |vars |cons |rows |cuts |sepa|confs|strbr|  dualbound   | primalbound  |  gap   | compl. 
  3.1s|     1 |     0 |  1597 |     - |    94M |   0 | 356 |4280 |4300 |  20 |  9 |   0 |   0 |-2.719406e+03 |-2.844039e+03 |   4.58%| unknown
  3.6s|     1 |     0 |  1620 |     - |    94M |   0 | 356 |4280 |4301 |  21 | 10 |   0 |   0 |-2.719411e+03 |-2.844039e+03 |   4.58%| unknown
  3.7s|     1 |     0 |  1653 |     - |    95M |   0 | 356 |4280 |4303 |  23 | 11 |   0 |   0 |-2.719419e+03 |-2.844039e+03 |   4.58%| unknown
r 3.7s|     1 |     0 |  1796 |     - |intshift|   0 | 356 |4280 |4303 |  23 | 11 |   0 |   0 |-2.719419e+03 |-2.751804e+03 |   1.19%| unknown
d 3.8s|     1 |     0 |  2436 |     - |farkasdi|   0 | 356 |4280 |4303 |   0 | 11 |   0 |   0 |-2.719419e+03 |-2.725344e+03 |   0.22%| unknown
L 4.2s|     1 |     0 |  2436 |     - |    rens|   0 | 356 |4280 |4303 |  23 | 11 |   0 |   0 |-2.719419e+03 |-2.722830e+03 |   0.13%| unknown
  4.2s|     1 |     0 |  2436 |     - |    95M |   0 | 356 |4280 |4303 |  23 | 11 |   0 |   0 |-2.719419e+03 |-2.722830e+03 |   0.13%| unknown
  4.2s|     1 |     0 |  2436 |     - |    95M |   0 | 356 |4280 |3048 |  23 | 11 |   0 |   0 |-2.719419e+03 |-2.722830e+03 |   0.13%| unknown
  4.2s|     1 |     0 |  2439 |     - |    95M |   0 | 356 |4280 |3049 |  24 | 12 |   0 |   0 |-2.719419e+03 |-2.722830e+03 |   0.13%| unknown
  4.3s|     1 |     0 |  2439 |     - |    95M |   0 | 356 |4280 |3028 |  24 | 12 |   0 |   0 |-2.719419e+03 |-2.722830e+03 |   0.13%| unknown
  4.3s|     1 |     0 |  2462 |     - |    95M |   0 | 356 |4280 |3029 |  25 | 13 |   0 |   0 |-2.719422e+03 |-2.722830e+03 |   0.13%| unknown
  4.3s|     1 |     0 |  2462 |     - |    95M |   0 | 356 |2732 |3029 |  25 | 13 |   0 |   0 |-2.719422e+03 |-2.722830e+03 |   0.13%| unknown
  4.3s|     1 |     0 |  2478 |     - |    96M |   0 | 356 |2732 |3032 |  28 | 14 |   0 |   0 |-2.719422e+03 |-2.722830e+03 |   0.13%| unknown
  4.3s|     1 |     0 |  2481 |     - |    96M |   0 | 356 |2732 |3033 |  29 | 15 |   0 |   0 |-2.719423e+03 |-2.722830e+03 |   0.13%| unknown
(run 1, node 1) restarting after 73 global fixings of integer variables

(restart) converted 29 cuts from the global cut pool into linear constraints

presolving:
presolving (0 rounds: 0 fast, 0 medium, 0 exhaustive):
 0 deleted vars, 0 deleted constraints, 0 added constraints, 0 tightened bounds, 0 added holes, 0 changed sides, 0 changed coefficients
 0 implications, 0 cliques, 0 implied integral variables (0 bin, 0 int, 0 cont)
presolved problem has 356 variables (276 bin, 0 int, 80 cont) and 2762 constraints
   2761 constraints of type <linear>
      1 constraints of type <logicor>
Presolving Time: 0.04
transformed 17/23 original solutions to the transformed problem space

 time | node  | left  |LP iter|LP it/n|mem/heur|mdpt |vars |cons |rows |cuts |sepa|confs|strbr|  dualbound   | primalbound  |  gap   | compl. 
  4.5s|     1 |     0 |  3746 |     - |    96M |   0 | 356 |2762 |2761 |   0 |  0 |   1 |   0 |-2.719423e+03 |-2.722830e+03 |   0.13%| unknown
  4.9s|     1 |     0 |  3786 |     - |    96M |   0 | 356 |2762 |2762 |   1 |  1 |   1 |   0 |-2.719442e+03 |-2.722830e+03 |   0.12%| unknown
  5.2s|     1 |     0 |  3821 |     - |    97M |   0 | 356 |2762 |2763 |   2 |  2 |   1 |   0 |-2.719445e+03 |-2.722830e+03 |   0.12%| unknown
  5.6s|     1 |     0 |  3865 |     - |    97M |   0 | 356 |2762 |2764 |   3 |  3 |   1 |   0 |-2.719457e+03 |-2.722830e+03 |   0.12%| unknown
  5.8s|     1 |     0 |  3877 |     - |    97M |   0 | 356 |2762 |2765 |   4 |  4 |   1 |   0 |-2.719458e+03 |-2.722830e+03 |   0.12%| unknown
  6.1s|     1 |     0 |  3931 |     - |    98M |   0 | 356 |2762 |2766 |   5 |  5 |   1 |   0 |-2.719468e+03 |-2.722830e+03 |   0.12%| unknown
  6.5s|     1 |     0 |  3969 |     - |    98M |   0 | 356 |2762 |2768 |   7 |  6 |   1 |   0 |-2.719479e+03 |-2.722830e+03 |   0.12%| unknown
  6.8s|     1 |     0 |  3992 |     - |    99M |   0 | 356 |2762 |2769 |   8 |  7 |   1 |   0 |-2.719482e+03 |-2.722830e+03 |   0.12%| unknown
  6.8s|     1 |     0 |  3992 |     - |    99M |   0 | 356 |2762 |2750 |   8 |  7 |   1 |   0 |-2.719482e+03 |-2.722830e+03 |   0.12%| unknown
  7.0s|     1 |     0 |  4019 |     - |    99M |   0 | 356 |2762 |2751 |   9 |  8 |   1 |   0 |-2.719488e+03 |-2.722830e+03 |   0.12%| unknown
  7.4s|     1 |     0 |  4083 |     - |   100M |   0 | 356 |2762 |2752 |  10 |  9 |   1 |   0 |-2.719509e+03 |-2.722830e+03 |   0.12%| unknown
  7.6s|     1 |     0 |  4103 |     - |   102M |   0 | 356 |2762 |2753 |  11 | 10 |   1 |   0 |-2.719510e+03 |-2.722830e+03 |   0.12%| unknown
  7.7s|     1 |     0 |  4110 |     - |   102M |   0 | 356 |2762 |2754 |  12 | 11 |   1 |   0 |-2.719510e+03 |-2.722830e+03 |   0.12%| unknown
  9.4s|     1 |     2 |  4867 |     - |   102M |   0 | 356 |2754 |2754 |  12 | 11 |  12 |  28 |-2.721303e+03 |-2.722830e+03 |   0.06%| unknown

SCIP Status        : problem is solved [optimal solution found]
Solving Time (sec) : 10.16
Solving Nodes      : 5 (total of 6 nodes in 2 runs)
Primal Bound       : -2.72282971014493e+03 (36 solutions)
Dual Bound         : -2.72282971014493e+03
Gap                : 0.00 %
  [linear] <c4281>: <x277>[C] (+36.0054348) +0.509057971<x1>[B] (+0) +0.509057971<x2>[B] (+0) +0.509057971<x3>[B] (+0) +0.509057971<x4>[B] (+0) +0.509057971<x5>[B] (+1) +0.509057971<x6>[B] (+0) +0.509057971<x7>[B] (+0) +0.509057971<x8>[B] (+0) +0.509057971<x9>[B] (+0) +0.509057971<x10>[B] (+0) +0.509057971<x11>[B] (+0) -0.509057971<x12>[B] (+1) +0.509057971<x13>[B] (+0) +0.509057971<x14>[B] (+0) +0.509057971<x15>[B] (+0) +0.509057971<x16>[B] (+0) +0.509057971<x17>[B] (+0) +0.509057971<x18>[B] (+0) +0.509057971<x19>[B] (+1) +0.509057971<x20>[B] (+0) +0.509057971<x21>[B] (+0) +0.509057971<x22>[B] (+0) +0.509057971<x23>[B] (+0) +0.509057971<x24>[B] (+0) +0.509057971<x25>[B] (+0) -0.509057971<x26>[B] (+0) -0.509057971<x27>[B] (+1) -0.509057971<x28>[B] (+0) +0.509057971<x29>[B] (+0) +0.509057971<x30>[B] (+0) +0.509057971<x31>[B] (+0) +0.509057971<x32>[B] (+0) +0.509057971<x33>[B] (+0) -0.509057971<x34>[B] (+1) -0.509057971<x35>[B] (+0) +0.509057971<x36>[B] (+0) -0.509057971<x37>[B] (+0) +0.509057971<x38>[B] (+0) +0.509057971<x39>[B] (+0) +0.509057971<x40>[B] (+0) +0.509057971<x41>[B] (+1) -0.509057971<x42>[B] (+0) +0.509057971<x43>[B] (+0) -0.509057971<x44>[B] (+0) +0.509057971<x45>[B] (+0) -0.509057971<x46>[B] (+1) -0.509057971<x47>[B] (+0) -0.509057971<x48>[B] (+1) -0.509057971<x49>[B] (+0) +0.509057971<x50>[B] (+0) -0.509057971<x51>[B] (+0) -0.509057971<x52>[B] (+0) -0.509057971<x53>[B] (+1) -0.509057971<x54>[B] (+0) -0.509057971<x55>[B] (+1) -0.509057971<x56>[B] (+0) -0.509057971<x57>[B] (+1) -0.509057971<x58>[B] (+0) -0.509057971<x59>[B] (+0) -0.509057971<x60>[B] (+0) -0.509057971<x61>[B] (+0) -0.509057971<x62>[B] (+1) -0.509057971<x63>[B] (+0) +0.509057971<x64>[B] (+0) -0.509057971<x65>[B] (+0) -0.509057971<x66>[B] (+0) -0.509057971<x67>[B] (+0) -0.509057971<x68>[B] (+1) -0.509057971<x69>[B] (+0) +0.509057971<x70>[B] (+0) +0.509057971<x71>[B] (+0) -0.509057971<x72>[B] (+0) +0.509057971<x73>[B] (+1) +0.509057971<x74>[B] (+0) -0.509057971<x75>[B] (+1) -0.509057971<x76>[B] (+0) -0.509057971<x77>[B] (+1) -0.509057971<x78>[B] (+0) -0.509057971<x79>[B] (+0) +0.509057971<x80>[B] (+0) +0.509057971<x81>[B] (+0) +0.509057971<x82>[B] (+1) -0.509057971<x83>[B] (+0) +0.509057971<x84>[B] (+0) -0.509057971<x85>[B] (+0) -0.509057971<x86>[B] (+0) +0.509057971<x87>[B] (+1) -0.509057971<x88>[B] (+0) +0.509057971<x89>[B] (+1) +0.509057971<x90>[B] (+0) +0.509057971<x91>[B] (+0) +0.509057971<x92>[B] (+1) +0.509057971<x93>[B] (+1) -0.509057971<x94>[B] (+1) +0.509057971<x95>[B] (+1) +0.509057971<x96>[B] (+1) +0.509057971<x97>[B] (+0) +0.509057971<x98>[B] (+0) +0.509057971<x99>[B] (+0) +0.509057971<x100>[B] (+0) +0.509057971<x101>[B] (+1) -0.509057971<x102>[B] (+0) +0.509057971<x103>[B] (+1) -0.509057971<x104>[B] (+0) +0.509057971<x105>[B] (+0) -0.509057971<x106>[B] (+0) +0.509057971<x107>[B] (+0) +0.509057971<x108>[B] (+0) +0.509057971<x109>[B] (+0) +0.509057971<x110>[B] (+0) +0.509057971<x111>[B] (+0) -0.509057971<x112>[B] (+0) -0.509057971<x113>[B] (+0) +0.509057971<x114>[B] (+0) -0.509057971<x115>[B] (+0) +0.509057971<x116>[B] (+0) +0.509057971<x117>[B] (+0) +0.509057971<x118>[B] (+0) +0.509057971<x119>[B] (+0) -0.509057971<x120>[B] (+0) +0.509057971<x121>[B] (+0) -0.509057971<x122>[B] (+0) +0.509057971<x123>[B] (+0) +0.509057971<x124>[B] (+1) +0.509057971<x125>[B] (+0) +0.509057971<x126>[B] (+0) +0.509057971<x127>[B] (+1) +0.509057971<x128>[B] (+1) -0.509057971<x129>[B] (+1) +0.509057971<x130>[B] (+1) +0.509057971<x131>[B] (+1) +0.509057971<x132>[B] (+1) +0.509057971<x133>[B] (+1) +0.509057971<x134>[B] (+1) +0.509057971<x135>[B] (+0) +0.509057971<x136>[B] (+1) +0.509057971<x137>[B] (+1) +0.509057971<x138>[B] (+1) +0.509057971<x139>[B] (+0) +0.509057971<x140>[B] (+1) -0.509057971<x141>[B] (+0) -0.509057971<x142>[B] (+0) -0.509057971<x143>[B] (+1) -0.509057971<x144>[B] (+1) -0.509057971<x145>[B] (+1) -0.509057971<x146>[B] (+1) -0.509057971<x147>[B] (+1) -0.509057971<x148>[B] (+0) -0.509057971<x149>[B] (+0) -0.509057971<x150>[B] (+0) -0.509057971<x151>[B] (+0) -0.509057971<x152>[B] (+1) -0.509057971<x153>[B] (+0) -0.509057971<x154>[B] (+0) -0.509057971<x155>[B] (+0) -0.509057971<x156>[B] (+0) -0.509057971<x157>[B] (+1) +0.509057971<x158>[B] (+1) +0.509057971<x159>[B] (+1) -0.509057971<x160>[B] (+1) -0.509057971<x161>[B] (+1) -0.509057971<x162>[B] (+1) -0.509057971<x163>[B] (+1) -0.509057971<x164>[B] (+1) -0.509057971<x165>[B] (+1) +0.509057971<x166>[B] (+1) +0.509057971<x167>[B] (+1) -0.509057971<x168>[B] (+1) +0.509057971<x169>[B] (+1) -0.509057971<x170>[B] (+1) -0.509057971<x171>[B] (+1) +0.509057971<x172>[B] (+1) +0.509057971<x173>[B] (+1) -0.509057971<x174>[B] (+1) -0.509057971<x175>[B] (+1) +0.509057971<x176>[B] (+1) -0.509057971<x177>[B] (+1) +0.509057971<x178>[B] (+1) +0.509057971<x179>[B] (+1) +0.509057971<x180>[B] (+0) +0.509057971<x181>[B] (+1) -0.509057971<x182>[B] (+1) +0.509057971<x183>[B] (+1) -0.509057971<x184>[B] (+0) +0.509057971<x185>[B] (+1) -0.509057971<x186>[B] (+0) -0.509057971<x187>[B] (+1) -0.509057971<x188>[B] (+0) -0.509057971<x189>[B] (+0) -0.509057971<x190>[B] (+0) -0.509057971<x191>[B] (+0) -0.509057971<x192>[B] (+0) +0.509057971<x193>[B] (+0) +0.509057971<x194>[B] (+1) -0.509057971<x195>[B] (+0) +0.509057971<x196>[B] (+0) -0.509057971<x197>[B] (+0) -0.509057971<x198>[B] (+0) -0.509057971<x199>[B] (+1) -0.509057971<x200>[B] (+0) -0.509057971<x201>[B] (+1) -0.509057971<x202>[B] (+0) -0.509057971<x203>[B] (+0) -0.509057971<x204>[B] (+0) +0.509057971<x205>[B] (+0) +0.509057971<x206>[B] (+1) -0.509057971<x207>[B] (+0) +0.509057971<x208>[B] (+0) -0.509057971<x209>[B] (+0) -0.509057971<x210>[B] (+0) +0.509057971<x211>[B] (+0) +0.509057971<x212>[B] (+0) +0.509057971<x213>[B] (+0) +0.509057971<x214>[B] (+0) +0.509057971<x215>[B] (+0) +0.509057971<x216>[B] (+0) +0.509057971<x217>[B] (+0) +0.509057971<x218>[B] (+0) +0.509057971<x219>[B] (+0) +0.509057971<x220>[B] (+0) +0.509057971<x221>[B] (+0) +0.509057971<x222>[B] (+1) -0.509057971<x223>[B] (+0) +0.509057971<x224>[B] (+0) +0.509057971<x225>[B] (+0) +0.509057971<x226>[B] (+0) +0.509057971<x227>[B] (+1) -0.509057971<x228>[B] (+0) +0.509057971<x229>[B] (+0) -0.509057971<x230>[B] (+0) +0.509057971<x231>[B] (+0) -0.509057971<x232>[B] (+0) +0.509057971<x233>[B] (+0) +0.509057971<x234>[B] (+0) +0.509057971<x235>[B] (+0) +0.509057971<x236>[B] (+1) -0.509057971<x237>[B] (+0) +0.509057971<x238>[B] (+0) -0.509057971<x239>[B] (+0) +0.509057971<x240>[B] (+0) +0.509057971<x241>[B] (+0) +0.509057971<x242>[B] (+0) +0.509057971<x243>[B] (+0) +0.509057971<x244>[B] (+1) -0.509057971<x245>[B] (+0) +0.509057971<x246>[B] (+1) -0.509057971<x247>[B] (+0) +0.509057971<x248>[B] (+0) +0.509057971<x249>[B] (+0) +0.509057971<x250>[B] (+0) +0.509057971<x251>[B] (+1) -0.509057971<x252>[B] (+0) +0.509057971<x253>[B] (+1) -0.509057971<x254>[B] (+0) -0.509057971<x255>[B] (+0) +0.509057971<x256>[B] (+0) +0.509057971<x257>[B] (+1) -0.509057971<x258>[B] (+1) +0.509057971<x259>[B] (+1) -0.509057971<x260>[B] (+0) -0.509057971<x261>[B] (+1) +0.509057971<x262>[B] (+1) -0.509057971<x263>[B] (+1) +0.509057971<x264>[B] (+1) -0.509057971<x265>[B] (+1) -0.509057971<x266>[B] (+1) -0.509057971<x267>[B] (+0) +0.509057971<x268>[B] (+0) -0.509057971<x269>[B] (+0) -0.509057971<x270>[B] (+0) +0.509057971<x271>[B] (+1) +0.509057971<x272>[B] (+0) +0.509057971<x273>[B] (+1) -0.509057971<x274>[B] (+0) -0.509057971<x275>[B] (+0) +0.509057971<x276>[B] (+1) >= 42.125;
;
violation: left hand side is violated by 0.0108695652173907
  [linear] <c4282>: <x279>[C] (+55.9166667) +0.632246377<x1>[B] (+0) +0.632246377<x2>[B] (+0) +0.632246377<x3>[B] (+0) +0.632246377<x4>[B] (+0) +0.632246377<x5>[B] (+1) +0.632246377<x6>[B] (+0) +0.632246377<x7>[B] (+0) -0.632246377<x8>[B] (+0) +0.632246377<x9>[B] (+0) -0.632246377<x10>[B] (+0) +0.632246377<x11>[B] (+0) +0.632246377<x12>[B] (+1) +0.632246377<x13>[B] (+0) -0.632246377<x14>[B] (+0) +0.632246377<x15>[B] (+0) +0.632246377<x16>[B] (+0) +0.632246377<x17>[B] (+0) +0.632246377<x18>[B] (+0) +0.632246377<x19>[B] (+1) +0.632246377<x20>[B] (+0) +0.632246377<x21>[B] (+0) -0.632246377<x22>[B] (+0) +0.632246377<x23>[B] (+0) -0.632246377<x24>[B] (+0) -0.632246377<x25>[B] (+0) +0.632246377<x26>[B] (+0) -0.632246377<x27>[B] (+1) +0.632246377<x28>[B] (+0) -0.632246377<x29>[B] (+0) -0.632246377<x30>[B] (+0) +0.632246377<x31>[B] (+0) -0.632246377<x32>[B] (+0) -0.632246377<x33>[B] (+0) -0.632246377<x34>[B] (+1) -0.632246377<x35>[B] (+0) -0.632246377<x36>[B] (+0) +0.632246377<x37>[B] (+0) +0.632246377<x38>[B] (+0) -0.632246377<x39>[B] (+0) -0.632246377<x40>[B] (+0) -0.632246377<x41>[B] (+1) +0.632246377<x42>[B] (+0) +0.632246377<x43>[B] (+0) -0.632246377<x44>[B] (+0) +0.632246377<x45>[B] (+0) -0.632246377<x46>[B] (+1) +0.632246377<x47>[B] (+0) -0.632246377<x48>[B] (+1) +0.632246377<x49>[B] (+0) +0.632246377<x50>[B] (+0) -0.632246377<x51>[B] (+0) +0.632246377<x52>[B] (+0) -0.632246377<x53>[B] (+1) +0.632246377<x54>[B] (+0) +0.632246377<x55>[B] (+1) +0.632246377<x56>[B] (+0) -0.632246377<x57>[B] (+1) +0.632246377<x58>[B] (+0) +0.632246377<x59>[B] (+0) +0.632246377<x60>[B] (+0) +0.632246377<x61>[B] (+0) -0.632246377<x62>[B] (+1) +0.632246377<x63>[B] (+0) +0.632246377<x64>[B] (+0) -0.632246377<x65>[B] (+0) +0.632246377<x66>[B] (+0) +0.632246377<x67>[B] (+0) -0.632246377<x68>[B] (+1) +0.632246377<x69>[B] (+0) +0.632246377<x70>[B] (+0) -0.632246377<x71>[B] (+0) +0.632246377<x72>[B] (+0) -0.632246377<x73>[B] (+1) +0.632246377<x74>[B] (+0) +0.632246377<x75>[B] (+1) +0.632246377<x76>[B] (+0) -0.632246377<x77>[B] (+1) +0.632246377<x78>[B] (+0) +0.632246377<x79>[B] (+0) +0.632246377<x80>[B] (+0) +0.632246377<x81>[B] (+0) -0.632246377<x82>[B] (+1) +0.632246377<x83>[B] (+0) +0.632246377<x84>[B] (+0) -0.632246377<x85>[B] (+0) +0.632246377<x86>[B] (+0) -0.632246377<x87>[B] (+1) +0.632246377<x88>[B] (+0) -0.632246377<x89>[B] (+1) -0.632246377<x90>[B] (+0) +0.632246377<x91>[B] (+0) -0.632246377<x92>[B] (+1) -0.632246377<x93>[B] (+1) -0.632246377<x94>[B] (+1) -0.632246377<x95>[B] (+1) -0.632246377<x96>[B] (+1) +0.632246377<x97>[B] (+0) +0.632246377<x98>[B] (+0) -0.632246377<x99>[B] (+0) -0.632246377<x100>[B] (+0) -0.632246377<x101>[B] (+1) +0.632246377<x102>[B] (+0) +0.632246377<x103>[B] (+1) -0.632246377<x104>[B] (+0) +0.632246377<x105>[B] (+0) +0.632246377<x106>[B] (+0) +0.632246377<x107>[B] (+0) -0.632246377<x108>[B] (+0) +0.632246377<x109>[B] (+0) -0.632246377<x110>[B] (+0) +0.632246377<x111>[B] (+0) +0.632246377<x112>[B] (+0) +0.632246377<x113>[B] (+0) -0.632246377<x114>[B] (+0) +0.632246377<x115>[B] (+0) +0.632246377<x116>[B] (+0) +0.632246377<x117>[B] (+0) +0.632246377<x118>[B] (+0) -0.632246377<x119>[B] (+0) +0.632246377<x120>[B] (+0) +0.632246377<x121>[B] (+0) -0.632246377<x122>[B] (+0) +0.632246377<x123>[B] (+0) -0.632246377<x124>[B] (+1) -0.632246377<x125>[B] (+0) -0.632246377<x126>[B] (+0) -0.632246377<x127>[B] (+1) -0.632246377<x128>[B] (+1) -0.632246377<x129>[B] (+1) -0.632246377<x130>[B] (+1) -0.632246377<x131>[B] (+1) -0.632246377<x132>[B] (+1) -0.632246377<x133>[B] (+1) -0.632246377<x134>[B] (+0) -0.632246377<x135>[B] (+0) -0.632246377<x136>[B] (+1) -0.632246377<x137>[B] (+1) +0.632246377<x138>[B] (+1) -0.632246377<x139>[B] (+0) +0.632246377<x140>[B] (+0) -0.632246377<x141>[B] (+0) +0.632246377<x142>[B] (+0) -0.632246377<x143>[B] (+1) +0.632246377<x144>[B] (+1) +0.632246377<x145>[B] (+1) +0.632246377<x146>[B] (+1) -0.632246377<x147>[B] (+1) +0.632246377<x148>[B] (+0) +0.632246377<x149>[B] (+0) +0.632246377<x150>[B] (+0) +0.632246377<x151>[B] (+0) -0.632246377<x152>[B] (+1) +0.632246377<x153>[B] (+0) +0.632246377<x154>[B] (+0) -0.632246377<x155>[B] (+0) +0.632246377<x156>[B] (+0) +0.632246377<x157>[B] (+1) +0.632246377<x158>[B] (+1) +0.632246377<x159>[B] (+1) +0.632246377<x160>[B] (+1) +0.632246377<x161>[B] (+1) +0.632246377<x162>[B] (+1) +0.632246377<x163>[B] (+1) +0.632246377<x164>[B] (+1) +0.632246377<x165>[B] (+1) +0.632246377<x166>[B] (+1) +0.632246377<x167>[B] (+1) +0.632246377<x168>[B] (+1) +0.632246377<x169>[B] (+1) +0.632246377<x170>[B] (+1) +0.632246377<x171>[B] (+1) -0.632246377<x172>[B] (+1) -0.632246377<x173>[B] (+1) -0.632246377<x174>[B] (+1) -0.632246377<x175>[B] (+1) -0.632246377<x176>[B] (+1) +0.632246377<x177>[B] (+1) +0.632246377<x178>[B] (+1) -0.632246377<x179>[B] (+1) -0.632246377<x180>[B] (+0) -0.632246377<x181>[B] (+1) +0.632246377<x182>[B] (+1) +0.632246377<x183>[B] (+1) -0.632246377<x184>[B] (+0) +0.632246377<x185>[B] (+1) +0.632246377<x186>[B] (+0) +0.632246377<x187>[B] (+1) +0.632246377<x188>[B] (+0) +0.632246377<x189>[B] (+0) +0.632246377<x190>[B] (+0) +0.632246377<x191>[B] (+0) +0.632246377<x192>[B] (+0) +0.632246377<x193>[B] (+0) +0.632246377<x194>[B] (+1) +0.632246377<x195>[B] (+0) +0.632246377<x196>[B] (+0) +0.632246377<x197>[B] (+0) +0.632246377<x198>[B] (+0) -0.632246377<x199>[B] (+1) +0.632246377<x200>[B] (+0) -0.632246377<x201>[B] (+1) +0.632246377<x202>[B] (+0) +0.632246377<x203>[B] (+0) +0.632246377<x204>[B] (+0) -0.632246377<x205>[B] (+0) -0.632246377<x206>[B] (+1) +0.632246377<x207>[B] (+0) +0.632246377<x208>[B] (+0) -0.632246377<x209>[B] (+0) +0.632246377<x210>[B] (+0) +0.632246377<x211>[B] (+0) -0.632246377<x212>[B] (+0) +0.632246377<x213>[B] (+0) +0.632246377<x214>[B] (+0) +0.632246377<x215>[B] (+0) +0.632246377<x216>[B] (+0) -0.632246377<x217>[B] (+0) +0.632246377<x218>[B] (+0) +0.632246377<x219>[B] (+0) -0.632246377<x220>[B] (+0) +0.632246377<x221>[B] (+0) -0.632246377<x222>[B] (+1) +0.632246377<x223>[B] (+0) +0.632246377<x224>[B] (+0) -0.632246377<x225>[B] (+0) -0.632246377<x226>[B] (+0) -0.632246377<x227>[B] (+1) +0.632246377<x228>[B] (+0) +0.632246377<x229>[B] (+0) -0.632246377<x230>[B] (+0) +0.632246377<x231>[B] (+0) +0.632246377<x232>[B] (+0) +0.632246377<x233>[B] (+0) +0.632246377<x234>[B] (+0) +0.632246377<x235>[B] (+0) +0.632246377<x236>[B] (+1) +0.632246377<x237>[B] (+0) +0.632246377<x238>[B] (+0) +0.632246377<x239>[B] (+0) +0.632246377<x240>[B] (+0) +0.632246377<x241>[B] (+0) -0.632246377<x242>[B] (+0) -0.632246377<x243>[B] (+0) -0.632246377<x244>[B] (+1) +0.632246377<x245>[B] (+0) +0.632246377<x246>[B] (+1) -0.632246377<x247>[B] (+0) +0.632246377<x248>[B] (+0) -0.632246377<x249>[B] (+0) -0.632246377<x250>[B] (+0) -0.632246377<x251>[B] (+1) +0.632246377<x252>[B] (+0) +0.632246377<x253>[B] (+1) -0.632246377<x254>[B] (+0) +0.632246377<x255>[B] (+0) -0.632246377<x256>[B] (+0) -0.632246377<x257>[B] (+1) +0.632246377<x258>[B] (+1) +0.632246377<x259>[B] (+1) -0.632246377<x260>[B] (+0) +0.632246377<x261>[B] (+1) -0.632246377<x262>[B] (+1) +0.632246377<x263>[B] (+1) +0.632246377<x264>[B] (+1) -0.632246377<x265>[B] (+1) +0.632246377<x266>[B] (+1) +0.632246377<x267>[B] (+0) +0.632246377<x268>[B] (+0) -0.632246377<x269>[B] (+0) +0.632246377<x270>[B] (+0) +0.632246377<x271>[B] (+1) -0.632246377<x272>[B] (+0) +0.632246377<x273>[B] (+0) -0.632246377<x274>[B] (+0) -0.632246377<x275>[B] (+0) +0.632246377<x276>[B] (+1) >= 51.6865942028986;
;
violation: left hand side is violated by 0.195652173913032
  [linear] <c4282>: <x279>[C] (+56.5923913) +0.632246377<x1>[B] (+0) +0.632246377<x2>[B] (+0) +0.632246377<x3>[B] (+0) +0.632246377<x4>[B] (+0) +0.632246377<x5>[B] (+1) +0.632246377<x6>[B] (+0) +0.632246377<x7>[B] (+0) -0.632246377<x8>[B] (+0) +0.632246377<x9>[B] (+0) -0.632246377<x10>[B] (+0) +0.632246377<x11>[B] (+0) +0.632246377<x12>[B] (+1) +0.632246377<x13>[B] (+0) -0.632246377<x14>[B] (+0) +0.632246377<x15>[B] (+0) +0.632246377<x16>[B] (+0) +0.632246377<x17>[B] (+0) +0.632246377<x18>[B] (+0) +0.632246377<x19>[B] (+1) +0.632246377<x20>[B] (+0) +0.632246377<x21>[B] (+0) -0.632246377<x22>[B] (+0) +0.632246377<x23>[B] (+0) -0.632246377<x24>[B] (+0) -0.632246377<x25>[B] (+0) +0.632246377<x26>[B] (+0) -0.632246377<x27>[B] (+1) +0.632246377<x28>[B] (+0) -0.632246377<x29>[B] (+0) -0.632246377<x30>[B] (+0) +0.632246377<x31>[B] (+0) -0.632246377<x32>[B] (+0) -0.632246377<x33>[B] (+0) -0.632246377<x34>[B] (+1) -0.632246377<x35>[B] (+0) -0.632246377<x36>[B] (+0) +0.632246377<x37>[B] (+0) +0.632246377<x38>[B] (+0) -0.632246377<x39>[B] (+0) -0.632246377<x40>[B] (+0) -0.632246377<x41>[B] (+1) +0.632246377<x42>[B] (+0) +0.632246377<x43>[B] (+0) -0.632246377<x44>[B] (+0) +0.632246377<x45>[B] (+0) -0.632246377<x46>[B] (+1) +0.632246377<x47>[B] (+0) -0.632246377<x48>[B] (+1) +0.632246377<x49>[B] (+0) +0.632246377<x50>[B] (+0) -0.632246377<x51>[B] (+0) +0.632246377<x52>[B] (+0) -0.632246377<x53>[B] (+1) +0.632246377<x54>[B] (+0) +0.632246377<x55>[B] (+1) +0.632246377<x56>[B] (+0) -0.632246377<x57>[B] (+1) +0.632246377<x58>[B] (+0) +0.632246377<x59>[B] (+0) +0.632246377<x60>[B] (+0) +0.632246377<x61>[B] (+0) -0.632246377<x62>[B] (+1) +0.632246377<x63>[B] (+0) +0.632246377<x64>[B] (+0) -0.632246377<x65>[B] (+0) +0.632246377<x66>[B] (+0) +0.632246377<x67>[B] (+0) -0.632246377<x68>[B] (+1) +0.632246377<x69>[B] (+0) +0.632246377<x70>[B] (+0) -0.632246377<x71>[B] (+0) +0.632246377<x72>[B] (+0) -0.632246377<x73>[B] (+1) +0.632246377<x74>[B] (+0) +0.632246377<x75>[B] (+1) +0.632246377<x76>[B] (+0) -0.632246377<x77>[B] (+1) +0.632246377<x78>[B] (+0) +0.632246377<x79>[B] (+0) +0.632246377<x80>[B] (+0) +0.632246377<x81>[B] (+0) -0.632246377<x82>[B] (+1) +0.632246377<x83>[B] (+0) +0.632246377<x84>[B] (+0) -0.632246377<x85>[B] (+0) +0.632246377<x86>[B] (+0) -0.632246377<x87>[B] (+1) +0.632246377<x88>[B] (+0) -0.632246377<x89>[B] (+1) -0.632246377<x90>[B] (+0) +0.632246377<x91>[B] (+0) -0.632246377<x92>[B] (+1) -0.632246377<x93>[B] (+1) -0.632246377<x94>[B] (+1) -0.632246377<x95>[B] (+1) -0.632246377<x96>[B] (+1) +0.632246377<x97>[B] (+0) +0.632246377<x98>[B] (+1) -0.632246377<x99>[B] (+1) -0.632246377<x100>[B] (+0) -0.632246377<x101>[B] (+1) +0.632246377<x102>[B] (+0) +0.632246377<x103>[B] (+1) -0.632246377<x104>[B] (+0) +0.632246377<x105>[B] (+0) +0.632246377<x106>[B] (+0) +0.632246377<x107>[B] (+0) -0.632246377<x108>[B] (+0) +0.632246377<x109>[B] (+0) -0.632246377<x110>[B] (+0) +0.632246377<x111>[B] (+0) +0.632246377<x112>[B] (+0) +0.632246377<x113>[B] (+0) -0.632246377<x114>[B] (+0) +0.632246377<x115>[B] (+0) +0.632246377<x116>[B] (+0) +0.632246377<x117>[B] (+0) +0.632246377<x118>[B] (+0) -0.632246377<x119>[B] (+0) +0.632246377<x120>[B] (+0) +0.632246377<x121>[B] (+0) -0.632246377<x122>[B] (+0) +0.632246377<x123>[B] (+0) -0.632246377<x124>[B] (+1) -0.632246377<x125>[B] (+0) -0.632246377<x126>[B] (+0) -0.632246377<x127>[B] (+1) -0.632246377<x128>[B] (+1) -0.632246377<x129>[B] (+1) -0.632246377<x130>[B] (+1) -0.632246377<x131>[B] (+1) -0.632246377<x132>[B] (+1) -0.632246377<x133>[B] (+1) -0.632246377<x134>[B] (+1) -0.632246377<x135>[B] (+0) -0.632246377<x136>[B] (+1) -0.632246377<x137>[B] (+1) +0.632246377<x138>[B] (+1) -0.632246377<x139>[B] (+0) +0.632246377<x140>[B] (+1) -0.632246377<x141>[B] (+0) +0.632246377<x142>[B] (+0) -0.632246377<x143>[B] (+1) +0.632246377<x144>[B] (+1) +0.632246377<x145>[B] (+1) +0.632246377<x146>[B] (+1) -0.632246377<x147>[B] (+1) +0.632246377<x148>[B] (+0) +0.632246377<x149>[B] (+0) +0.632246377<x150>[B] (+0) +0.632246377<x151>[B] (+0) -0.632246377<x152>[B] (+1) +0.632246377<x153>[B] (+0) +0.632246377<x154>[B] (+0) -0.632246377<x155>[B] (+0) +0.632246377<x156>[B] (+0) +0.632246377<x157>[B] (+1) +0.632246377<x158>[B] (+1) +0.632246377<x159>[B] (+1) +0.632246377<x160>[B] (+1) +0.632246377<x161>[B] (+1) +0.632246377<x162>[B] (+1) +0.632246377<x163>[B] (+1) +0.632246377<x164>[B] (+1) +0.632246377<x165>[B] (+1) +0.632246377<x166>[B] (+1) +0.632246377<x167>[B] (+1) +0.632246377<x168>[B] (+1) +0.632246377<x169>[B] (+1) +0.632246377<x170>[B] (+1) +0.632246377<x171>[B] (+1) -0.632246377<x172>[B] (+1) -0.632246377<x173>[B] (+1) -0.632246377<x174>[B] (+1) -0.632246377<x175>[B] (+1) -0.632246377<x176>[B] (+1) +0.632246377<x177>[B] (+1) +0.632246377<x178>[B] (+1) -0.632246377<x179>[B] (+1) -0.632246377<x180>[B] (+0) -0.632246377<x181>[B] (+1) +0.632246377<x182>[B] (+1) +0.632246377<x183>[B] (+1) -0.632246377<x184>[B] (+0) +0.632246377<x185>[B] (+1) +0.632246377<x186>[B] (+0) +0.632246377<x187>[B] (+1) +0.632246377<x188>[B] (+0) +0.632246377<x189>[B] (+0) +0.632246377<x190>[B] (+0) +0.632246377<x191>[B] (+0) +0.632246377<x192>[B] (+0) +0.632246377<x193>[B] (+0) +0.632246377<x194>[B] (+1) +0.632246377<x195>[B] (+0) +0.632246377<x196>[B] (+0) +0.632246377<x197>[B] (+0) +0.632246377<x198>[B] (+0) -0.632246377<x199>[B] (+1) +0.632246377<x200>[B] (+0) -0.632246377<x201>[B] (+1) +0.632246377<x202>[B] (+0) +0.632246377<x203>[B] (+0) +0.632246377<x204>[B] (+0) -0.632246377<x205>[B] (+0) -0.632246377<x206>[B] (+1) +0.632246377<x207>[B] (+0) +0.632246377<x208>[B] (+0) -0.632246377<x209>[B] (+0) +0.632246377<x210>[B] (+0) +0.632246377<x211>[B] (+0) -0.632246377<x212>[B] (+0) +0.632246377<x213>[B] (+0) +0.632246377<x214>[B] (+0) +0.632246377<x215>[B] (+0) +0.632246377<x216>[B] (+0) -0.632246377<x217>[B] (+0) +0.632246377<x218>[B] (+0) +0.632246377<x219>[B] (+0) -0.632246377<x220>[B] (+0) +0.632246377<x221>[B] (+0) -0.632246377<x222>[B] (+1) +0.632246377<x223>[B] (+0) +0.632246377<x224>[B] (+0) -0.632246377<x225>[B] (+0) -0.632246377<x226>[B] (+0) -0.632246377<x227>[B] (+1) +0.632246377<x228>[B] (+0) +0.632246377<x229>[B] (+0) -0.632246377<x230>[B] (+0) +0.632246377<x231>[B] (+0) +0.632246377<x232>[B] (+0) +0.632246377<x233>[B] (+0) +0.632246377<x234>[B] (+0) +0.632246377<x235>[B] (+0) +0.632246377<x236>[B] (+1) +0.632246377<x237>[B] (+0) +0.632246377<x238>[B] (+0) +0.632246377<x239>[B] (+0) +0.632246377<x240>[B] (+0) +0.632246377<x241>[B] (+1) -0.632246377<x242>[B] (+1) -0.632246377<x243>[B] (+0) -0.632246377<x244>[B] (+1) +0.632246377<x245>[B] (+0) +0.632246377<x246>[B] (+1) -0.632246377<x247>[B] (+0) +0.632246377<x248>[B] (+0) -0.632246377<x249>[B] (+0) -0.632246377<x250>[B] (+0) -0.632246377<x251>[B] (+1) +0.632246377<x252>[B] (+0) +0.632246377<x253>[B] (+1) -0.632246377<x254>[B] (+0) +0.632246377<x255>[B] (+0) -0.632246377<x256>[B] (+0) -0.632246377<x257>[B] (+1) +0.632246377<x258>[B] (+0) +0.632246377<x259>[B] (+1) -0.632246377<x260>[B] (+0) +0.632246377<x261>[B] (+0) -0.632246377<x262>[B] (+1) +0.632246377<x263>[B] (+1) +0.632246377<x264>[B] (+1) -0.632246377<x265>[B] (+1) +0.632246377<x266>[B] (+1) +0.632246377<x267>[B] (+0) +0.632246377<x268>[B] (+0) -0.632246377<x269>[B] (+0) +0.632246377<x270>[B] (+0) +0.632246377<x271>[B] (+1) -0.632246377<x272>[B] (+0) +0.632246377<x273>[B] (+1) -0.632246377<x274>[B] (+0) -0.632246377<x275>[B] (+0) +0.632246377<x276>[B] (+1) >= 51.6865942028986;
;
violation: left hand side is violated by 0.152173913043505
  [linear] <c4287>: <x289>[C] (+51.7047101) -0.614130435<x1>[B] (+1) -0.614130435<x2>[B] (+1) -0.614130435<x3>[B] (+1) -0.614130435<x4>[B] (+1) -0.614130435<x5>[B] (+1) -0.614130435<x6>[B] (+1) +0.614130435<x7>[B] (+1) -0.614130435<x8>[B] (+0) +0.614130435<x9>[B] (+0) +0.614130435<x10>[B] (+1) +0.614130435<x11>[B] (+1) -0.614130435<x12>[B] (+1) +0.614130435<x13>[B] (+1) -0.614130435<x14>[B] (+1) -0.614130435<x15>[B] (+1) -0.614130435<x16>[B] (+1) +0.614130435<x17>[B] (+1) +0.614130435<x18>[B] (+0) +0.614130435<x19>[B] (+1) -0.614130435<x20>[B] (+1) +0.614130435<x21>[B] (+1) +0.614130435<x22>[B] (+0) +0.614130435<x23>[B] (+1) +0.614130435<x24>[B] (+0) +0.614130435<x25>[B] (+0) +0.614130435<x26>[B] (+0) -0.614130435<x27>[B] (+1) +0.614130435<x28>[B] (+0) +0.614130435<x29>[B] (+0) +0.614130435<x30>[B] (+0) +0.614130435<x31>[B] (+0) +0.614130435<x32>[B] (+0) +0.614130435<x33>[B] (+0) +0.614130435<x34>[B] (+1) +0.614130435<x35>[B] (+1) +0.614130435<x36>[B] (+0) +0.614130435<x37>[B] (+0) +0.614130435<x38>[B] (+0) +0.614130435<x39>[B] (+0) +0.614130435<x40>[B] (+0) +0.614130435<x41>[B] (+1) +0.614130435<x42>[B] (+0) +0.614130435<x43>[B] (+0) +0.614130435<x44>[B] (+0) +0.614130435<x45>[B] (+0) -0.614130435<x46>[B] (+1) +0.614130435<x47>[B] (+0) -0.614130435<x48>[B] (+1) +0.614130435<x49>[B] (+0) +0.614130435<x50>[B] (+0) -0.614130435<x51>[B] (+0) +0.614130435<x52>[B] (+0) +0.614130435<x53>[B] (+1) +0.614130435<x54>[B] (+0) -0.614130435<x55>[B] (+1) +0.614130435<x56>[B] (+1) +0.614130435<x57>[B] (+0) -0.614130435<x58>[B] (+0) +0.614130435<x59>[B] (+0) +0.614130435<x60>[B] (+0) +0.614130435<x61>[B] (+0) +0.614130435<x62>[B] (+1) -0.614130435<x63>[B] (+0) +0.614130435<x64>[B] (+0) +0.614130435<x65>[B] (+0) +0.614130435<x66>[B] (+0) +0.614130435<x67>[B] (+0) -0.614130435<x68>[B] (+1) +0.614130435<x69>[B] (+0) +0.614130435<x70>[B] (+0) +0.614130435<x71>[B] (+0) +0.614130435<x72>[B] (+0) +0.614130435<x73>[B] (+0) +0.614130435<x74>[B] (+0) +0.614130435<x75>[B] (+1) +0.614130435<x76>[B] (+1) +0.614130435<x77>[B] (+0) -0.614130435<x78>[B] (+0) +0.614130435<x79>[B] (+0) +0.614130435<x80>[B] (+0) +0.614130435<x81>[B] (+0) +0.614130435<x82>[B] (+1) -0.614130435<x83>[B] (+0) +0.614130435<x84>[B] (+0) +0.614130435<x85>[B] (+0) +0.614130435<x86>[B] (+0) -0.614130435<x87>[B] (+1) +0.614130435<x88>[B] (+0) +0.614130435<x89>[B] (+1) -0.614130435<x90>[B] (+0) +0.614130435<x91>[B] (+0) +0.614130435<x92>[B] (+1) +0.614130435<x93>[B] (+1) -0.614130435<x94>[B] (+1) +0.614130435<x95>[B] (+1) +0.614130435<x96>[B] (+1) -0.614130435<x97>[B] (+0) +0.614130435<x98>[B] (+1) +0.614130435<x99>[B] (+0) +0.614130435<x100>[B] (+0) +0.614130435<x101>[B] (+1) -0.614130435<x102>[B] (+0) +0.614130435<x103>[B] (+1) +0.614130435<x104>[B] (+0) +0.614130435<x105>[B] (+0) +0.614130435<x106>[B] (+0) +0.614130435<x107>[B] (+0) +0.614130435<x108>[B] (+0) +0.614130435<x109>[B] (+0) +0.614130435<x110>[B] (+0) +0.614130435<x111>[B] (+0) +0.614130435<x112>[B] (+0) +0.614130435<x113>[B] (+0) +0.614130435<x114>[B] (+0) +0.614130435<x115>[B] (+0) +0.614130435<x116>[B] (+0) +0.614130435<x117>[B] (+0) +0.614130435<x118>[B] (+0) +0.614130435<x119>[B] (+0) +0.614130435<x120>[B] (+0) +0.614130435<x121>[B] (+0) +0.614130435<x122>[B] (+0) +0.614130435<x123>[B] (+0) +0.614130435<x124>[B] (+1) -0.614130435<x125>[B] (+0) +0.614130435<x126>[B] (+0) +0.614130435<x127>[B] (+1) +0.614130435<x128>[B] (+1) -0.614130435<x129>[B] (+1) +0.614130435<x130>[B] (+1) -0.614130435<x131>[B] (+1) -0.614130435<x132>[B] (+0) -0.614130435<x133>[B] (+1) +0.614130435<x134>[B] (+1) +0.614130435<x135>[B] (+0) +0.614130435<x136>[B] (+1) -0.614130435<x137>[B] (+1) +0.614130435<x138>[B] (+1) +0.614130435<x139>[B] (+0) +0.614130435<x140>[B] (+1) -0.614130435<x141>[B] (+0) +0.614130435<x142>[B] (+0) +0.614130435<x143>[B] (+1) +0.614130435<x144>[B] (+1) -0.614130435<x145>[B] (+1) +0.614130435<x146>[B] (+1) -0.614130435<x147>[B] (+1) -0.614130435<x148>[B] (+0) -0.614130435<x149>[B] (+1) +0.614130435<x150>[B] (+0) +0.614130435<x151>[B] (+0) +0.614130435<x152>[B] (+1) -0.614130435<x153>[B] (+0) +0.614130435<x154>[B] (+1) +0.614130435<x155>[B] (+0) +0.614130435<x156>[B] (+0) +0.614130435<x157>[B] (+1) +0.614130435<x158>[B] (+1) +0.614130435<x159>[B] (+1) -0.614130435<x160>[B] (+1) +0.614130435<x161>[B] (+1) +0.614130435<x162>[B] (+1) -0.614130435<x163>[B] (+1) +0.614130435<x164>[B] (+1) +0.614130435<x165>[B] (+1) +0.614130435<x166>[B] (+1) +0.614130435<x167>[B] (+1) -0.614130435<x168>[B] (+1) +0.614130435<x169>[B] (+1) +0.614130435<x170>[B] (+1) +0.614130435<x171>[B] (+1) -0.614130435<x172>[B] (+1) -0.614130435<x173>[B] (+1) -0.614130435<x174>[B] (+1) -0.614130435<x175>[B] (+1) -0.614130435<x176>[B] (+1) -0.614130435<x177>[B] (+1) -0.614130435<x178>[B] (+1) -0.614130435<x179>[B] (+1) +0.614130435<x180>[B] (+0) -0.614130435<x181>[B] (+1) -0.614130435<x182>[B] (+1) -0.614130435<x183>[B] (+1) +0.614130435<x184>[B] (+0) -0.614130435<x185>[B] (+1) -0.614130435<x186>[B] (+0) -0.614130435<x187>[B] (+1) -0.614130435<x188>[B] (+1) -0.614130435<x189>[B] (+0) -0.614130435<x190>[B] (+0) -0.614130435<x191>[B] (+0) -0.614130435<x192>[B] (+0) +0.614130435<x193>[B] (+0) +0.614130435<x194>[B] (+1) -0.614130435<x195>[B] (+0) -0.614130435<x196>[B] (+0) +0.614130435<x197>[B] (+0) -0.614130435<x198>[B] (+0) -0.614130435<x199>[B] (+1) +0.614130435<x200>[B] (+1) -0.614130435<x201>[B] (+1) -0.614130435<x202>[B] (+0) -0.614130435<x203>[B] (+1) +0.614130435<x204>[B] (+0) +0.614130435<x205>[B] (+0) +0.614130435<x206>[B] (+1) -0.614130435<x207>[B] (+0) +0.614130435<x208>[B] (+1) +0.614130435<x209>[B] (+0) +0.614130435<x210>[B] (+0) +0.614130435<x211>[B] (+0) +0.614130435<x212>[B] (+0) -0.614130435<x213>[B] (+0) +0.614130435<x214>[B] (+0) +0.614130435<x215>[B] (+0) +0.614130435<x216>[B] (+0) +0.614130435<x217>[B] (+0) -0.614130435<x218>[B] (+0) +0.614130435<x219>[B] (+0) +0.614130435<x220>[B] (+0) +0.614130435<x221>[B] (+0) -0.614130435<x222>[B] (+0) -0.614130435<x223>[B] (+0) -0.614130435<x224>[B] (+0) -0.614130435<x225>[B] (+0) +0.614130435<x226>[B] (+0) +0.614130435<x227>[B] (+0) -0.614130435<x228>[B] (+0) -0.614130435<x229>[B] (+0) +0.614130435<x230>[B] (+0) -0.614130435<x231>[B] (+0) -0.614130435<x232>[B] (+0) -0.614130435<x233>[B] (+0) +0.614130435<x234>[B] (+0) +0.614130435<x235>[B] (+0) +0.614130435<x236>[B] (+1) -0.614130435<x237>[B] (+0) +0.614130435<x238>[B] (+0) +0.614130435<x239>[B] (+0) +0.614130435<x240>[B] (+0) +0.614130435<x241>[B] (+1) +0.614130435<x242>[B] (+1) +0.614130435<x243>[B] (+0) +0.614130435<x244>[B] (+1) -0.614130435<x245>[B] (+1) +0.614130435<x246>[B] (+1) +0.614130435<x247>[B] (+0) +0.614130435<x248>[B] (+1) +0.614130435<x249>[B] (+0) +0.614130435<x250>[B] (+0) +0.614130435<x251>[B] (+1) -0.614130435<x252>[B] (+0) +0.614130435<x253>[B] (+0) +0.614130435<x254>[B] (+0) +0.614130435<x255>[B] (+0) +0.614130435<x256>[B] (+0) +0.614130435<x257>[B] (+1) -0.614130435<x258>[B] (+0) +0.614130435<x259>[B] (+1) +0.614130435<x260>[B] (+0) +0.614130435<x261>[B] (+0) -0.614130435<x262>[B] (+1) -0.614130435<x263>[B] (+1) -0.614130435<x264>[B] (+1) +0.614130435<x265>[B] (+1) -0.614130435<x266>[B] (+1) -0.614130435<x267>[B] (+0) -0.614130435<x268>[B] (+0) +0.614130435<x269>[B] (+0) -0.614130435<x270>[B] (+0) +0.614130435<x271>[B] (+1) +0.614130435<x272>[B] (+0) +0.614130435<x273>[B] (+1) +0.614130435<x274>[B] (+0) +0.614130435<x275>[B] (+0) -0.614130435<x276>[B] (+1) >= 60.9528985507246;
;
violation: left hand side is violated by 0.0362318840579405
  [linear] <c4294>: <x299>[C] (+44.0652174) +0.570652174<x1>[B] (+1) -0.570652174<x2>[B] (+1) +0.570652174<x3>[B] (+1) +0.570652174<x4>[B] (+0) +0.570652174<x5>[B] (+1) +0.570652174<x6>[B] (+0) +0.570652174<x7>[B] (+0) +0.570652174<x8>[B] (+0) +0.570652174<x9>[B] (+0) +0.570652174<x10>[B] (+1) +0.570652174<x11>[B] (+0) +0.570652174<x12>[B] (+1) +0.570652174<x13>[B] (+1) +0.570652174<x14>[B] (+1) +0.570652174<x15>[B] (+0) +0.570652174<x16>[B] (+0) +0.570652174<x17>[B] (+0) +0.570652174<x18>[B] (+0) +0.570652174<x19>[B] (+1) -0.570652174<x20>[B] (+0) +0.570652174<x21>[B] (+0) +0.570652174<x22>[B] (+0) +0.570652174<x23>[B] (+0) -0.570652174<x24>[B] (+0) -0.570652174<x25>[B] (+0) +0.570652174<x26>[B] (+0) -0.570652174<x27>[B] (+1) -0.570652174<x28>[B] (+0) -0.570652174<x29>[B] (+0) +0.570652174<x30>[B] (+0) +0.570652174<x31>[B] (+0) +0.570652174<x32>[B] (+0) -0.570652174<x33>[B] (+0) -0.570652174<x34>[B] (+1) +0.570652174<x35>[B] (+0) -0.570652174<x36>[B] (+0) +0.570652174<x37>[B] (+0) +0.570652174<x38>[B] (+0) +0.570652174<x39>[B] (+0) -0.570652174<x40>[B] (+0) -0.570652174<x41>[B] (+1) -0.570652174<x42>[B] (+0) -0.570652174<x43>[B] (+0) +0.570652174<x44>[B] (+0) -0.570652174<x45>[B] (+0) +0.570652174<x46>[B] (+1) +0.570652174<x47>[B] (+0) +0.570652174<x48>[B] (+1) +0.570652174<x49>[B] (+0) +0.570652174<x50>[B] (+0) +0.570652174<x51>[B] (+0) +0.570652174<x52>[B] (+0) +0.570652174<x53>[B] (+1) +0.570652174<x54>[B] (+0) +0.570652174<x55>[B] (+1) +0.570652174<x56>[B] (+1) +0.570652174<x57>[B] (+1) +0.570652174<x58>[B] (+0) +0.570652174<x59>[B] (+0) +0.570652174<x60>[B] (+0) +0.570652174<x61>[B] (+0) +0.570652174<x62>[B] (+1) -0.570652174<x63>[B] (+0) +0.570652174<x64>[B] (+0) +0.570652174<x65>[B] (+0) +0.570652174<x66>[B] (+0) +0.570652174<x67>[B] (+0) +0.570652174<x68>[B] (+1) -0.570652174<x69>[B] (+0) +0.570652174<x70>[B] (+0) +0.570652174<x71>[B] (+0) +0.570652174<x72>[B] (+0) +0.570652174<x73>[B] (+1) +0.570652174<x74>[B] (+0) -0.570652174<x75>[B] (+1) +0.570652174<x76>[B] (+1) +0.570652174<x77>[B] (+1) +0.570652174<x78>[B] (+0) +0.570652174<x79>[B] (+0) +0.570652174<x80>[B] (+0) +0.570652174<x81>[B] (+0) -0.570652174<x82>[B] (+1) -0.570652174<x83>[B] (+0) -0.570652174<x84>[B] (+0) +0.570652174<x85>[B] (+0) -0.570652174<x86>[B] (+0) -0.570652174<x87>[B] (+1) -0.570652174<x88>[B] (+0) -0.570652174<x89>[B] (+1) -0.570652174<x90>[B] (+0) -0.570652174<x91>[B] (+0) +0.570652174<x92>[B] (+1) -0.570652174<x93>[B] (+1) -0.570652174<x94>[B] (+1) -0.570652174<x95>[B] (+1) -0.570652174<x96>[B] (+1) +0.570652174<x97>[B] (+0) +0.570652174<x98>[B] (+1) +0.570652174<x99>[B] (+0) -0.570652174<x100>[B] (+0) -0.570652174<x101>[B] (+1) -0.570652174<x102>[B] (+1) -0.570652174<x103>[B] (+1) +0.570652174<x104>[B] (+0) -0.570652174<x105>[B] (+1) -0.570652174<x106>[B] (+0) -0.570652174<x107>[B] (+0) +0.570652174<x108>[B] (+0) +0.570652174<x109>[B] (+0) +0.570652174<x110>[B] (+0) -0.570652174<x111>[B] (+0) -0.570652174<x112>[B] (+0) +0.570652174<x113>[B] (+0) -0.570652174<x114>[B] (+0) +0.570652174<x115>[B] (+0) +0.570652174<x116>[B] (+0) +0.570652174<x117>[B] (+0) -0.570652174<x118>[B] (+0) -0.570652174<x119>[B] (+0) -0.570652174<x120>[B] (+0) -0.570652174<x121>[B] (+0) +0.570652174<x122>[B] (+0) -0.570652174<x123>[B] (+0) +0.570652174<x124>[B] (+1) +0.570652174<x125>[B] (+0) +0.570652174<x126>[B] (+0) +0.570652174<x127>[B] (+1) +0.570652174<x128>[B] (+1) +0.570652174<x129>[B] (+1) +0.570652174<x130>[B] (+1) +0.570652174<x131>[B] (+1) +0.570652174<x132>[B] (+0) +0.570652174<x133>[B] (+1) +0.570652174<x134>[B] (+1) +0.570652174<x135>[B] (+0) +0.570652174<x136>[B] (+1) -0.570652174<x137>[B] (+1) +0.570652174<x138>[B] (+1) +0.570652174<x139>[B] (+0) -0.570652174<x140>[B] (+1) +0.570652174<x141>[B] (+0) +0.570652174<x142>[B] (+0) +0.570652174<x143>[B] (+1) -0.570652174<x144>[B] (+1) -0.570652174<x145>[B] (+1) +0.570652174<x146>[B] (+1) +0.570652174<x147>[B] (+1) +0.570652174<x148>[B] (+0) +0.570652174<x149>[B] (+0) +0.570652174<x150>[B] (+0) -0.570652174<x151>[B] (+0) -0.570652174<x152>[B] (+1) -0.570652174<x153>[B] (+0) -0.570652174<x154>[B] (+0) +0.570652174<x155>[B] (+0) -0.570652174<x156>[B] (+0) -0.570652174<x157>[B] (+1) +0.570652174<x158>[B] (+1) -0.570652174<x159>[B] (+1) -0.570652174<x160>[B] (+1) +0.570652174<x161>[B] (+1) -0.570652174<x162>[B] (+1) +0.570652174<x163>[B] (+1) +0.570652174<x164>[B] (+1) +0.570652174<x165>[B] (+1) -0.570652174<x166>[B] (+1) -0.570652174<x167>[B] (+1) -0.570652174<x168>[B] (+1) -0.570652174<x169>[B] (+1) +0.570652174<x170>[B] (+1) -0.570652174<x171>[B] (+1) +0.570652174<x172>[B] (+1) -0.570652174<x173>[B] (+1) -0.570652174<x174>[B] (+1) +0.570652174<x175>[B] (+1) -0.570652174<x176>[B] (+1) +0.570652174<x177>[B] (+1) +0.570652174<x178>[B] (+1) +0.570652174<x179>[B] (+1) -0.570652174<x180>[B] (+0) -0.570652174<x181>[B] (+1) -0.570652174<x182>[B] (+1) -0.570652174<x183>[B] (+1) +0.570652174<x184>[B] (+0) -0.570652174<x185>[B] (+1) -0.570652174<x186>[B] (+0) -0.570652174<x187>[B] (+1) -0.570652174<x188>[B] (+1) -0.570652174<x189>[B] (+0) +0.570652174<x190>[B] (+0) +0.570652174<x191>[B] (+0) +0.570652174<x192>[B] (+0) -0.570652174<x193>[B] (+0) -0.570652174<x194>[B] (+1) -0.570652174<x195>[B] (+0) -0.570652174<x196>[B] (+0) -0.570652174<x197>[B] (+0) -0.570652174<x198>[B] (+0) -0.570652174<x199>[B] (+1) +0.570652174<x200>[B] (+1) +0.570652174<x201>[B] (+1) +0.570652174<x202>[B] (+0) +0.570652174<x203>[B] (+0) +0.570652174<x204>[B] (+0) -0.570652174<x205>[B] (+0) -0.570652174<x206>[B] (+1) -0.570652174<x207>[B] (+0) -0.570652174<x208>[B] (+0) +0.570652174<x209>[B] (+0) -0.570652174<x210>[B] (+0) +0.570652174<x211>[B] (+0) +0.570652174<x212>[B] (+0) +0.570652174<x213>[B] (+0) +0.570652174<x214>[B] (+0) +0.570652174<x215>[B] (+0) +0.570652174<x216>[B] (+0) -0.570652174<x217>[B] (+0) -0.570652174<x218>[B] (+0) -0.570652174<x219>[B] (+0) +0.570652174<x220>[B] (+0) -0.570652174<x221>[B] (+0) -0.570652174<x222>[B] (+0) +0.570652174<x223>[B] (+0) +0.570652174<x224>[B] (+0) +0.570652174<x225>[B] (+0) -0.570652174<x226>[B] (+0) -0.570652174<x227>[B] (+1) -0.570652174<x228>[B] (+0) -0.570652174<x229>[B] (+0) +0.570652174<x230>[B] (+0) -0.570652174<x231>[B] (+0) +0.570652174<x232>[B] (+0) +0.570652174<x233>[B] (+0) +0.570652174<x234>[B] (+0) -0.570652174<x235>[B] (+0) -0.570652174<x236>[B] (+1) -0.570652174<x237>[B] (+0) -0.570652174<x238>[B] (+0) +0.570652174<x239>[B] (+0) -0.570652174<x240>[B] (+0) -0.570652174<x241>[B] (+1) +0.570652174<x242>[B] (+1) -0.570652174<x243>[B] (+0) -0.570652174<x244>[B] (+1) -0.570652174<x245>[B] (+1) -0.570652174<x246>[B] (+1) -0.570652174<x247>[B] (+0) -0.570652174<x248>[B] (+1) +0.570652174<x249>[B] (+0) -0.570652174<x250>[B] (+0) -0.570652174<x251>[B] (+1) -0.570652174<x252>[B] (+0) -0.570652174<x253>[B] (+0) -0.570652174<x254>[B] (+0) -0.570652174<x255>[B] (+0) -0.570652174<x256>[B] (+0) -0.570652174<x257>[B] (+1) -0.570652174<x258>[B] (+1) -0.570652174<x259>[B] (+1) -0.570652174<x260>[B] (+0) -0.570652174<x261>[B] (+1) -0.570652174<x262>[B] (+1) -0.570652174<x263>[B] (+1) -0.570652174<x264>[B] (+1) +0.570652174<x265>[B] (+1) -0.570652174<x266>[B] (+1) -0.570652174<x267>[B] (+0) +0.570652174<x268>[B] (+0) +0.570652174<x269>[B] (+0) -0.570652174<x270>[B] (+0) +0.570652174<x271>[B] (+0) +0.570652174<x272>[B] (+0) +0.570652174<x273>[B] (+1) +0.570652174<x274>[B] (+0) -0.570652174<x275>[B] (+1) -0.570652174<x276>[B] (+1) >= 38.3768115942029;
;
violation: left hand side is violated by 0.0181159420290413
  [linear] <c4304>: <x312>[C] (+38.0851449) +0.523550725<x1>[B] (+1) +0.523550725<x2>[B] (+1) +0.523550725<x3>[B] (+1) +0.523550725<x4>[B] (+0) +0.523550725<x5>[B] (+1) +0.523550725<x6>[B] (+0) +0.523550725<x7>[B] (+0) -0.523550725<x8>[B] (+0) -0.523550725<x9>[B] (+0) -0.523550725<x10>[B] (+1) -0.523550725<x11>[B] (+0) +0.523550725<x12>[B] (+1) -0.523550725<x13>[B] (+1) +0.523550725<x14>[B] (+1) +0.523550725<x15>[B] (+0) -0.523550725<x16>[B] (+0) +0.523550725<x17>[B] (+0) +0.523550725<x18>[B] (+0) -0.523550725<x19>[B] (+1) +0.523550725<x20>[B] (+0) +0.523550725<x21>[B] (+0) -0.523550725<x22>[B] (+0) +0.523550725<x23>[B] (+0) -0.523550725<x24>[B] (+0) -0.523550725<x25>[B] (+0) -0.523550725<x26>[B] (+0) -0.523550725<x27>[B] (+1) -0.523550725<x28>[B] (+0) -0.523550725<x29>[B] (+0) -0.523550725<x30>[B] (+0) -0.523550725<x31>[B] (+0) -0.523550725<x32>[B] (+0) -0.523550725<x33>[B] (+0) -0.523550725<x34>[B] (+1) -0.523550725<x35>[B] (+0) -0.523550725<x36>[B] (+0) -0.523550725<x37>[B] (+0) -0.523550725<x38>[B] (+0) -0.523550725<x39>[B] (+0) -0.523550725<x40>[B] (+0) -0.523550725<x41>[B] (+1) +0.523550725<x42>[B] (+0) -0.523550725<x43>[B] (+0) -0.523550725<x44>[B] (+0) -0.523550725<x45>[B] (+0) -0.523550725<x46>[B] (+1) -0.523550725<x47>[B] (+0) -0.523550725<x48>[B] (+1) -0.523550725<x49>[B] (+0) -0.523550725<x50>[B] (+0) -0.523550725<x51>[B] (+0) -0.523550725<x52>[B] (+0) -0.523550725<x53>[B] (+1) -0.523550725<x54>[B] (+0) -0.523550725<x55>[B] (+1) -0.523550725<x56>[B] (+1) -0.523550725<x57>[B] (+1) -0.523550725<x58>[B] (+0) -0.523550725<x59>[B] (+0) -0.523550725<x60>[B] (+0) -0.523550725<x61>[B] (+0) -0.523550725<x62>[B] (+1) +0.523550725<x63>[B] (+0) -0.523550725<x64>[B] (+0) -0.523550725<x65>[B] (+0) -0.523550725<x66>[B] (+0) -0.523550725<x67>[B] (+0) -0.523550725<x68>[B] (+1) -0.523550725<x69>[B] (+0) -0.523550725<x70>[B] (+0) -0.523550725<x71>[B] (+0) -0.523550725<x72>[B] (+0) -0.523550725<x73>[B] (+1) -0.523550725<x74>[B] (+0) -0.523550725<x75>[B] (+1) -0.523550725<x76>[B] (+1) -0.523550725<x77>[B] (+1) -0.523550725<x78>[B] (+0) -0.523550725<x79>[B] (+0) -0.523550725<x80>[B] (+0) -0.523550725<x81>[B] (+0) -0.523550725<x82>[B] (+1) +0.523550725<x83>[B] (+0) -0.523550725<x84>[B] (+0) -0.523550725<x85>[B] (+0) -0.523550725<x86>[B] (+0) +0.523550725<x87>[B] (+1) +0.523550725<x88>[B] (+0) +0.523550725<x89>[B] (+1) -0.523550725<x90>[B] (+0) -0.523550725<x91>[B] (+0) -0.523550725<x92>[B] (+1) -0.523550725<x93>[B] (+1) -0.523550725<x94>[B] (+1) -0.523550725<x95>[B] (+1) -0.523550725<x96>[B] (+1) +0.523550725<x97>[B] (+0) -0.523550725<x98>[B] (+1) +0.523550725<x99>[B] (+0) +0.523550725<x100>[B] (+0) -0.523550725<x101>[B] (+1) +0.523550725<x102>[B] (+0) -0.523550725<x103>[B] (+0) -0.523550725<x104>[B] (+0) +0.523550725<x105>[B] (+1) -0.523550725<x106>[B] (+0) +0.523550725<x107>[B] (+0) -0.523550725<x108>[B] (+0) -0.523550725<x109>[B] (+0) -0.523550725<x110>[B] (+0) -0.523550725<x111>[B] (+0) -0.523550725<x112>[B] (+0) -0.523550725<x113>[B] (+0) -0.523550725<x114>[B] (+0) -0.523550725<x115>[B] (+0) -0.523550725<x116>[B] (+0) -0.523550725<x117>[B] (+0) +0.523550725<x118>[B] (+0) -0.523550725<x119>[B] (+0) +0.523550725<x120>[B] (+0) -0.523550725<x121>[B] (+0) -0.523550725<x122>[B] (+0) -0.523550725<x123>[B] (+0) +0.523550725<x124>[B] (+1) -0.523550725<x125>[B] (+0) -0.523550725<x126>[B] (+0) -0.523550725<x127>[B] (+1) -0.523550725<x128>[B] (+1) -0.523550725<x129>[B] (+1) -0.523550725<x130>[B] (+1) -0.523550725<x131>[B] (+1) -0.523550725<x132>[B] (+0) -0.523550725<x133>[B] (+1) +0.523550725<x134>[B] (+0) +0.523550725<x135>[B] (+0) -0.523550725<x136>[B] (+1) +0.523550725<x137>[B] (+1) -0.523550725<x138>[B] (+1) -0.523550725<x139>[B] (+0) -0.523550725<x140>[B] (+1) -0.523550725<x141>[B] (+0) -0.523550725<x142>[B] (+0) -0.523550725<x143>[B] (+1) -0.523550725<x144>[B] (+1) -0.523550725<x145>[B] (+1) -0.523550725<x146>[B] (+1) -0.523550725<x147>[B] (+1) -0.523550725<x148>[B] (+0) -0.523550725<x149>[B] (+1) -0.523550725<x150>[B] (+0) +0.523550725<x151>[B] (+0) -0.523550725<x152>[B] (+1) +0.523550725<x153>[B] (+0) -0.523550725<x154>[B] (+0) -0.523550725<x155>[B] (+0) -0.523550725<x156>[B] (+1) +0.523550725<x157>[B] (+1) -0.523550725<x158>[B] (+1) -0.523550725<x159>[B] (+1) +0.523550725<x160>[B] (+1) -0.523550725<x161>[B] (+1) +0.523550725<x162>[B] (+1) +0.523550725<x163>[B] (+1) +0.523550725<x164>[B] (+1) +0.523550725<x165>[B] (+1) +0.523550725<x166>[B] (+1) -0.523550725<x167>[B] (+1) +0.523550725<x168>[B] (+1) +0.523550725<x169>[B] (+1) -0.523550725<x170>[B] (+1) +0.523550725<x171>[B] (+1) -0.523550725<x172>[B] (+1) -0.523550725<x173>[B] (+1) +0.523550725<x174>[B] (+1) -0.523550725<x175>[B] (+1) +0.523550725<x176>[B] (+1) +0.523550725<x177>[B] (+1) -0.523550725<x178>[B] (+1) +0.523550725<x179>[B] (+1) +0.523550725<x180>[B] (+0) -0.523550725<x181>[B] (+1) +0.523550725<x182>[B] (+1) +0.523550725<x183>[B] (+1) -0.523550725<x184>[B] (+0) +0.523550725<x185>[B] (+1) -0.523550725<x186>[B] (+0) +0.523550725<x187>[B] (+1) +0.523550725<x188>[B] (+0) +0.523550725<x189>[B] (+0) +0.523550725<x190>[B] (+0) +0.523550725<x191>[B] (+0) +0.523550725<x192>[B] (+0) +0.523550725<x193>[B] (+0) -0.523550725<x194>[B] (+1) +0.523550725<x195>[B] (+0) +0.523550725<x196>[B] (+0) +0.523550725<x197>[B] (+0) +0.523550725<x198>[B] (+0) +0.523550725<x199>[B] (+1) +0.523550725<x200>[B] (+1) +0.523550725<x201>[B] (+1) +0.523550725<x202>[B] (+0) +0.523550725<x203>[B] (+0) +0.523550725<x204>[B] (+0) +0.523550725<x205>[B] (+0) -0.523550725<x206>[B] (+1) +0.523550725<x207>[B] (+0) +0.523550725<x208>[B] (+0) +0.523550725<x209>[B] (+0) +0.523550725<x210>[B] (+0) -0.523550725<x211>[B] (+0) +0.523550725<x212>[B] (+0) +0.523550725<x213>[B] (+0) -0.523550725<x214>[B] (+0) +0.523550725<x215>[B] (+0) +0.523550725<x216>[B] (+0) -0.523550725<x217>[B] (+0) +0.523550725<x218>[B] (+0) +0.523550725<x219>[B] (+0) -0.523550725<x220>[B] (+0) +0.523550725<x221>[B] (+0) +0.523550725<x222>[B] (+1) +0.523550725<x223>[B] (+0) +0.523550725<x224>[B] (+0) +0.523550725<x225>[B] (+0) +0.523550725<x226>[B] (+0) -0.523550725<x227>[B] (+1) +0.523550725<x228>[B] (+0) +0.523550725<x229>[B] (+0) -0.523550725<x230>[B] (+0) +0.523550725<x231>[B] (+0) +0.523550725<x232>[B] (+0) -0.523550725<x233>[B] (+0) +0.523550725<x234>[B] (+0) +0.523550725<x235>[B] (+0) -0.523550725<x236>[B] (+1) +0.523550725<x237>[B] (+0) +0.523550725<x238>[B] (+0) -0.523550725<x239>[B] (+0) +0.523550725<x240>[B] (+0) -0.523550725<x241>[B] (+1) +0.523550725<x242>[B] (+1) +0.523550725<x243>[B] (+0) -0.523550725<x244>[B] (+1) +0.523550725<x245>[B] (+1) -0.523550725<x246>[B] (+1) -0.523550725<x247>[B] (+0) -0.523550725<x248>[B] (+1) +0.523550725<x249>[B] (+0) +0.523550725<x250>[B] (+0) -0.523550725<x251>[B] (+1) +0.523550725<x252>[B] (+0) +0.523550725<x253>[B] (+0) -0.523550725<x254>[B] (+0) +0.523550725<x255>[B] (+0) +0.523550725<x256>[B] (+0) -0.523550725<x257>[B] (+1) +0.523550725<x258>[B] (+1) -0.523550725<x259>[B] (+1) -0.523550725<x260>[B] (+0) -0.523550725<x261>[B] (+1) -0.523550725<x262>[B] (+1) +0.523550725<x263>[B] (+1) -0.523550725<x264>[B] (+1) -0.523550725<x265>[B] (+1) -0.523550725<x266>[B] (+1) +0.523550725<x267>[B] (+0) +0.523550725<x268>[B] (+0) +0.523550725<x269>[B] (+0) +0.523550725<x270>[B] (+0) -0.523550725<x271>[B] (+1) -0.523550725<x272>[B] (+0) -0.523550725<x273>[B] (+1) -0.523550725<x274>[B] (+0) +0.523550725<x275>[B] (+1) +0.523550725<x276>[B] (+1) >= 21.3351449275362;
;
violation: left hand side is violated by 0.00362318840576137
  [linear] <c4323>: <x336>[C] (+38.5615942) +0.545289855<x1>[B] (+1) +0.545289855<x2>[B] (+1) +0.545289855<x3>[B] (+1) +0.545289855<x4>[B] (+0) +0.545289855<x5>[B] (+1) +0.545289855<x6>[B] (+0) +0.545289855<x7>[B] (+1) +0.545289855<x8>[B] (+0) +0.545289855<x9>[B] (+0) -0.545289855<x10>[B] (+1) +0.545289855<x11>[B] (+1) +0.545289855<x12>[B] (+1) +0.545289855<x13>[B] (+1) +0.545289855<x14>[B] (+1) +0.545289855<x15>[B] (+0) +0.545289855<x16>[B] (+1) +0.545289855<x17>[B] (+0) +0.545289855<x18>[B] (+0) +0.545289855<x19>[B] (+1) +0.545289855<x20>[B] (+0) +0.545289855<x21>[B] (+0) -0.545289855<x22>[B] (+0) +0.545289855<x23>[B] (+0) -0.545289855<x24>[B] (+0) -0.545289855<x25>[B] (+0) -0.545289855<x26>[B] (+0) -0.545289855<x27>[B] (+1) -0.545289855<x28>[B] (+0) -0.545289855<x29>[B] (+0) -0.545289855<x30>[B] (+0) -0.545289855<x31>[B] (+0) -0.545289855<x32>[B] (+0) -0.545289855<x33>[B] (+0) -0.545289855<x34>[B] (+1) -0.545289855<x35>[B] (+0) -0.545289855<x36>[B] (+0) +0.545289855<x37>[B] (+0) -0.545289855<x38>[B] (+0) +0.545289855<x39>[B] (+0) -0.545289855<x40>[B] (+0) -0.545289855<x41>[B] (+1) -0.545289855<x42>[B] (+0) -0.545289855<x43>[B] (+0) -0.545289855<x44>[B] (+0) -0.545289855<x45>[B] (+0) +0.545289855<x46>[B] (+1) -0.545289855<x47>[B] (+0) -0.545289855<x48>[B] (+1) -0.545289855<x49>[B] (+0) -0.545289855<x50>[B] (+0) -0.545289855<x51>[B] (+0) -0.545289855<x52>[B] (+0) -0.545289855<x53>[B] (+1) +0.545289855<x54>[B] (+0) -0.545289855<x55>[B] (+1) -0.545289855<x56>[B] (+1) -0.545289855<x57>[B] (+1) +0.545289855<x58>[B] (+0) -0.545289855<x59>[B] (+0) +0.545289855<x60>[B] (+0) +0.545289855<x61>[B] (+0) +0.545289855<x62>[B] (+1) +0.545289855<x63>[B] (+0) -0.545289855<x64>[B] (+0) -0.545289855<x65>[B] (+0) -0.545289855<x66>[B] (+0) -0.545289855<x67>[B] (+0) -0.545289855<x68>[B] (+1) -0.545289855<x69>[B] (+0) -0.545289855<x70>[B] (+0) -0.545289855<x71>[B] (+0) -0.545289855<x72>[B] (+0) -0.545289855<x73>[B] (+1) -0.545289855<x74>[B] (+0) -0.545289855<x75>[B] (+1) -0.545289855<x76>[B] (+1) -0.545289855<x77>[B] (+1) +0.545289855<x78>[B] (+0) -0.545289855<x79>[B] (+0) +0.545289855<x80>[B] (+0) -0.545289855<x81>[B] (+0) -0.545289855<x82>[B] (+1) -0.545289855<x83>[B] (+0) -0.545289855<x84>[B] (+0) -0.545289855<x85>[B] (+0) -0.545289855<x86>[B] (+0) -0.545289855<x87>[B] (+1) +0.545289855<x88>[B] (+0) -0.545289855<x89>[B] (+1) +0.545289855<x90>[B] (+0) +0.545289855<x91>[B] (+0) -0.545289855<x92>[B] (+1) +0.545289855<x93>[B] (+1) +0.545289855<x94>[B] (+1) +0.545289855<x95>[B] (+1) -0.545289855<x96>[B] (+1) +0.545289855<x97>[B] (+0) -0.545289855<x98>[B] (+1) +0.545289855<x99>[B] (+0) +0.545289855<x100>[B] (+0) +0.545289855<x101>[B] (+1) +0.545289855<x102>[B] (+0) -0.545289855<x103>[B] (+0) -0.545289855<x104>[B] (+0) +0.545289855<x105>[B] (+1) +0.545289855<x106>[B] (+0) +0.545289855<x107>[B] (+0) +0.545289855<x108>[B] (+0) +0.545289855<x109>[B] (+0) -0.545289855<x110>[B] (+0) +0.545289855<x111>[B] (+0) +0.545289855<x112>[B] (+0) +0.545289855<x113>[B] (+0) +0.545289855<x114>[B] (+0) +0.545289855<x115>[B] (+0) +0.545289855<x116>[B] (+0) +0.545289855<x117>[B] (+0) +0.545289855<x118>[B] (+0) +0.545289855<x119>[B] (+0) +0.545289855<x120>[B] (+0) -0.545289855<x121>[B] (+0) -0.545289855<x122>[B] (+0) +0.545289855<x123>[B] (+0) -0.545289855<x124>[B] (+1) +0.545289855<x125>[B] (+0) +0.545289855<x126>[B] (+0) -0.545289855<x127>[B] (+1) +0.545289855<x128>[B] (+1) +0.545289855<x129>[B] (+1) +0.545289855<x130>[B] (+1) -0.545289855<x131>[B] (+1) +0.545289855<x132>[B] (+0) -0.545289855<x133>[B] (+1) +0.545289855<x134>[B] (+1) +0.545289855<x135>[B] (+0) +0.545289855<x136>[B] (+1) +0.545289855<x137>[B] (+1) -0.545289855<x138>[B] (+1) -0.545289855<x139>[B] (+0) +0.545289855<x140>[B] (+1) +0.545289855<x141>[B] (+0) +0.545289855<x142>[B] (+0) -0.545289855<x143>[B] (+1) +0.545289855<x144>[B] (+1) +0.545289855<x145>[B] (+1) +0.545289855<x146>[B] (+1) -0.545289855<x147>[B] (+1) +0.545289855<x148>[B] (+0) +0.545289855<x149>[B] (+1) +0.545289855<x150>[B] (+0) +0.545289855<x151>[B] (+0) +0.545289855<x152>[B] (+1) +0.545289855<x153>[B] (+0) -0.545289855<x154>[B] (+0) -0.545289855<x155>[B] (+0) +0.545289855<x156>[B] (+0) -0.545289855<x157>[B] (+1) -0.545289855<x158>[B] (+1) +0.545289855<x159>[B] (+1) +0.545289855<x160>[B] (+1) +0.545289855<x161>[B] (+1) -0.545289855<x162>[B] (+1) +0.545289855<x163>[B] (+1) -0.545289855<x164>[B] (+1) +0.545289855<x165>[B] (+1) +0.545289855<x166>[B] (+1) +0.545289855<x167>[B] (+1) +0.545289855<x168>[B] (+1) -0.545289855<x169>[B] (+1) -0.545289855<x170>[B] (+1) -0.545289855<x171>[B] (+1) -0.545289855<x172>[B] (+1) +0.545289855<x173>[B] (+1) +0.545289855<x174>[B] (+1) +0.545289855<x175>[B] (+1) -0.545289855<x176>[B] (+1) +0.545289855<x177>[B] (+0) -0.545289855<x178>[B] (+1) +0.545289855<x179>[B] (+1) +0.545289855<x180>[B] (+0) +0.545289855<x181>[B] (+1) +0.545289855<x182>[B] (+1) -0.545289855<x183>[B] (+1) -0.545289855<x184>[B] (+0) +0.545289855<x185>[B] (+1) +0.545289855<x186>[B] (+0) +0.545289855<x187>[B] (+1) +0.545289855<x188>[B] (+0) +0.545289855<x189>[B] (+0) +0.545289855<x190>[B] (+0) +0.545289855<x191>[B] (+0) +0.545289855<x192>[B] (+0) +0.545289855<x193>[B] (+0) +0.545289855<x194>[B] (+1) +0.545289855<x195>[B] (+0) +0.545289855<x196>[B] (+0) -0.545289855<x197>[B] (+0) +0.545289855<x198>[B] (+0) -0.545289855<x199>[B] (+1) -0.545289855<x200>[B] (+1) -0.545289855<x201>[B] (+1) +0.545289855<x202>[B] (+0) -0.545289855<x203>[B] (+1) +0.545289855<x204>[B] (+0) +0.545289855<x205>[B] (+0) -0.545289855<x206>[B] (+1) +0.545289855<x207>[B] (+0) -0.545289855<x208>[B] (+0) -0.545289855<x209>[B] (+0) -0.545289855<x210>[B] (+0) +0.545289855<x211>[B] (+0) -0.545289855<x212>[B] (+0) +0.545289855<x213>[B] (+0) -0.545289855<x214>[B] (+0) +0.545289855<x215>[B] (+0) +0.545289855<x216>[B] (+0) +0.545289855<x217>[B] (+0) +0.545289855<x218>[B] (+0) -0.545289855<x219>[B] (+0) -0.545289855<x220>[B] (+0) -0.545289855<x221>[B] (+0) -0.545289855<x222>[B] (+0) +0.545289855<x223>[B] (+0) -0.545289855<x224>[B] (+0) +0.545289855<x225>[B] (+0) +0.545289855<x226>[B] (+0) +0.545289855<x227>[B] (+1) +0.545289855<x228>[B] (+0) -0.545289855<x229>[B] (+0) -0.545289855<x230>[B] (+0) -0.545289855<x231>[B] (+0) +0.545289855<x232>[B] (+0) +0.545289855<x233>[B] (+0) +0.545289855<x234>[B] (+0) +0.545289855<x235>[B] (+0) +0.545289855<x236>[B] (+1) +0.545289855<x237>[B] (+0) -0.545289855<x238>[B] (+0) -0.545289855<x239>[B] (+0) +0.545289855<x240>[B] (+0) -0.545289855<x241>[B] (+1) +0.545289855<x242>[B] (+1) -0.545289855<x243>[B] (+0) -0.545289855<x244>[B] (+1) -0.545289855<x245>[B] (+1) -0.545289855<x246>[B] (+1) -0.545289855<x247>[B] (+0) -0.545289855<x248>[B] (+1) +0.545289855<x249>[B] (+0) +0.545289855<x250>[B] (+0) +0.545289855<x251>[B] (+1) +0.545289855<x252>[B] (+0) -0.545289855<x253>[B] (+0) -0.545289855<x254>[B] (+0) +0.545289855<x255>[B] (+0) -0.545289855<x256>[B] (+0) -0.545289855<x257>[B] (+1) -0.545289855<x258>[B] (+1) -0.545289855<x259>[B] (+1) -0.545289855<x260>[B] (+0) -0.545289855<x261>[B] (+1) -0.545289855<x262>[B] (+1) +0.545289855<x263>[B] (+1) -0.545289855<x264>[B] (+1) -0.545289855<x265>[B] (+1) -0.545289855<x266>[B] (+1) +0.545289855<x267>[B] (+0) -0.545289855<x268>[B] (+0) -0.545289855<x269>[B] (+0) -0.545289855<x270>[B] (+0) -0.545289855<x271>[B] (+0) -0.545289855<x272>[B] (+0) -0.545289855<x273>[B] (+1) -0.545289855<x274>[B] (+0) +0.545289855<x275>[B] (+1) +0.545289855<x276>[B] (+1) >= 36.9438405797101;
;
violation: left hand side is violated by 0.0181159420289774
  [linear] <c4281>: <x277>[C] (+35.5036232) +0.509057971<x1>[B] (+1) +0.509057971<x2>[B] (+0) +0.509057971<x3>[B] (+1) +0.509057971<x4>[B] (+0) +0.509057971<x5>[B] (+1) +0.509057971<x6>[B] (+0) +0.509057971<x7>[B] (+0) +0.509057971<x8>[B] (+0) +0.509057971<x9>[B] (+0) +0.509057971<x10>[B] (+1) +0.509057971<x11>[B] (+0) -0.509057971<x12>[B] (+1) +0.509057971<x13>[B] (+1) +0.509057971<x14>[B] (+1) +0.509057971<x15>[B] (+0) +0.509057971<x16>[B] (+0) +0.509057971<x17>[B] (+0) +0.509057971<x18>[B] (+0) +0.509057971<x19>[B] (+1) +0.509057971<x20>[B] (+0) +0.509057971<x21>[B] (+0) +0.509057971<x22>[B] (+0) +0.509057971<x23>[B] (+0) +0.509057971<x24>[B] (+0) +0.509057971<x25>[B] (+0) -0.509057971<x26>[B] (+0) -0.509057971<x27>[B] (+1) -0.509057971<x28>[B] (+0) +0.509057971<x29>[B] (+0) +0.509057971<x30>[B] (+0) +0.509057971<x31>[B] (+0) +0.509057971<x32>[B] (+0) +0.509057971<x33>[B] (+0) -0.509057971<x34>[B] (+1) -0.509057971<x35>[B] (+0) +0.509057971<x36>[B] (+0) -0.509057971<x37>[B] (+0) +0.509057971<x38>[B] (+0) +0.509057971<x39>[B] (+0) +0.509057971<x40>[B] (+0) +0.509057971<x41>[B] (+1) -0.509057971<x42>[B] (+0) +0.509057971<x43>[B] (+0) -0.509057971<x44>[B] (+0) +0.509057971<x45>[B] (+0) -0.509057971<x46>[B] (+1) -0.509057971<x47>[B] (+0) -0.509057971<x48>[B] (+1) -0.509057971<x49>[B] (+0) +0.509057971<x50>[B] (+0) -0.509057971<x51>[B] (+0) -0.509057971<x52>[B] (+0) -0.509057971<x53>[B] (+1) -0.509057971<x54>[B] (+0) -0.509057971<x55>[B] (+1) -0.509057971<x56>[B] (+1) -0.509057971<x57>[B] (+1) -0.509057971<x58>[B] (+0) -0.509057971<x59>[B] (+0) -0.509057971<x60>[B] (+0) -0.509057971<x61>[B] (+0) -0.509057971<x62>[B] (+1) -0.509057971<x63>[B] (+0) +0.509057971<x64>[B] (+0) -0.509057971<x65>[B] (+0) -0.509057971<x66>[B] (+0) -0.509057971<x67>[B] (+0) -0.509057971<x68>[B] (+1) -0.509057971<x69>[B] (+0) +0.509057971<x70>[B] (+0) +0.509057971<x71>[B] (+0) -0.509057971<x72>[B] (+0) +0.509057971<x73>[B] (+1) +0.509057971<x74>[B] (+0) -0.509057971<x75>[B] (+1) -0.509057971<x76>[B] (+1) -0.509057971<x77>[B] (+1) -0.509057971<x78>[B] (+0) -0.509057971<x79>[B] (+0) +0.509057971<x80>[B] (+0) +0.509057971<x81>[B] (+0) +0.509057971<x82>[B] (+1) -0.509057971<x83>[B] (+0) +0.509057971<x84>[B] (+0) -0.509057971<x85>[B] (+0) -0.509057971<x86>[B] (+0) +0.509057971<x87>[B] (+1) -0.509057971<x88>[B] (+0) +0.509057971<x89>[B] (+1) +0.509057971<x90>[B] (+0) +0.509057971<x91>[B] (+0) +0.509057971<x92>[B] (+1) +0.509057971<x93>[B] (+1) -0.509057971<x94>[B] (+1) +0.509057971<x95>[B] (+1) +0.509057971<x96>[B] (+1) +0.509057971<x97>[B] (+0) +0.509057971<x98>[B] (+1) +0.509057971<x99>[B] (+0) +0.509057971<x100>[B] (+0) +0.509057971<x101>[B] (+1) -0.509057971<x102>[B] (+1) +0.509057971<x103>[B] (+1) -0.509057971<x104>[B] (+0) +0.509057971<x105>[B] (+1) -0.509057971<x106>[B] (+0) +0.509057971<x107>[B] (+0) +0.509057971<x108>[B] (+0) +0.509057971<x109>[B] (+0) +0.509057971<x110>[B] (+0) +0.509057971<x111>[B] (+0) -0.509057971<x112>[B] (+0) -0.509057971<x113>[B] (+0) +0.509057971<x114>[B] (+0) -0.509057971<x115>[B] (+0) +0.509057971<x116>[B] (+0) +0.509057971<x117>[B] (+0) +0.509057971<x118>[B] (+0) +0.509057971<x119>[B] (+0) -0.509057971<x120>[B] (+0) +0.509057971<x121>[B] (+0) -0.509057971<x122>[B] (+0) +0.509057971<x123>[B] (+0) +0.509057971<x124>[B] (+1) +0.509057971<x125>[B] (+0) +0.509057971<x126>[B] (+0) +0.509057971<x127>[B] (+1) +0.509057971<x128>[B] (+1) -0.509057971<x129>[B] (+1) +0.509057971<x130>[B] (+1) +0.509057971<x131>[B] (+1) +0.509057971<x132>[B] (+0) +0.509057971<x133>[B] (+1) +0.509057971<x134>[B] (+0) +0.509057971<x135>[B] (+0) +0.509057971<x136>[B] (+1) +0.509057971<x137>[B] (+1) +0.509057971<x138>[B] (+1) +0.509057971<x139>[B] (+0) +0.509057971<x140>[B] (+1) -0.509057971<x141>[B] (+0) -0.509057971<x142>[B] (+0) -0.509057971<x143>[B] (+1) -0.509057971<x144>[B] (+1) -0.509057971<x145>[B] (+1) -0.509057971<x146>[B] (+1) -0.509057971<x147>[B] (+1) -0.509057971<x148>[B] (+0) -0.509057971<x149>[B] (+0) -0.509057971<x150>[B] (+0) -0.509057971<x151>[B] (+0) -0.509057971<x152>[B] (+1) -0.509057971<x153>[B] (+0) -0.509057971<x154>[B] (+0) -0.509057971<x155>[B] (+0) -0.509057971<x156>[B] (+0) -0.509057971<x157>[B] (+1) +0.509057971<x158>[B] (+1) +0.509057971<x159>[B] (+1) -0.509057971<x160>[B] (+1) -0.509057971<x161>[B] (+1) -0.509057971<x162>[B] (+1) -0.509057971<x163>[B] (+1) -0.509057971<x164>[B] (+1) -0.509057971<x165>[B] (+1) +0.509057971<x166>[B] (+1) +0.509057971<x167>[B] (+1) -0.509057971<x168>[B] (+1) +0.509057971<x169>[B] (+1) -0.509057971<x170>[B] (+1) -0.509057971<x171>[B] (+1) +0.509057971<x172>[B] (+1) +0.509057971<x173>[B] (+1) -0.509057971<x174>[B] (+1) -0.509057971<x175>[B] (+1) +0.509057971<x176>[B] (+1) -0.509057971<x177>[B] (+1) +0.509057971<x178>[B] (+1) +0.509057971<x179>[B] (+1) +0.509057971<x180>[B] (+0) +0.509057971<x181>[B] (+1) -0.509057971<x182>[B] (+1) +0.509057971<x183>[B] (+1) -0.509057971<x184>[B] (+0) +0.509057971<x185>[B] (+1) -0.509057971<x186>[B] (+0) -0.509057971<x187>[B] (+1) -0.509057971<x188>[B] (+0) -0.509057971<x189>[B] (+0) -0.509057971<x190>[B] (+0) -0.509057971<x191>[B] (+0) -0.509057971<x192>[B] (+0) +0.509057971<x193>[B] (+0) +0.509057971<x194>[B] (+1) -0.509057971<x195>[B] (+0) +0.509057971<x196>[B] (+0) -0.509057971<x197>[B] (+0) -0.509057971<x198>[B] (+0) -0.509057971<x199>[B] (+1) -0.509057971<x200>[B] (+1) -0.509057971<x201>[B] (+1) -0.509057971<x202>[B] (+0) -0.509057971<x203>[B] (+0) -0.509057971<x204>[B] (+0) +0.509057971<x205>[B] (+0) +0.509057971<x206>[B] (+1) -0.509057971<x207>[B] (+0) +0.509057971<x208>[B] (+0) -0.509057971<x209>[B] (+0) -0.509057971<x210>[B] (+0) +0.509057971<x211>[B] (+0) +0.509057971<x212>[B] (+0) +0.509057971<x213>[B] (+0) +0.509057971<x214>[B] (+0) +0.509057971<x215>[B] (+0) +0.509057971<x216>[B] (+0) +0.509057971<x217>[B] (+0) +0.509057971<x218>[B] (+0) +0.509057971<x219>[B] (+0) +0.509057971<x220>[B] (+0) +0.509057971<x221>[B] (+0) +0.509057971<x222>[B] (+1) -0.509057971<x223>[B] (+0) +0.509057971<x224>[B] (+0) +0.509057971<x225>[B] (+0) +0.509057971<x226>[B] (+0) +0.509057971<x227>[B] (+1) -0.509057971<x228>[B] (+0) +0.509057971<x229>[B] (+0) -0.509057971<x230>[B] (+0) +0.509057971<x231>[B] (+0) -0.509057971<x232>[B] (+0) +0.509057971<x233>[B] (+0) +0.509057971<x234>[B] (+0) +0.509057971<x235>[B] (+0) +0.509057971<x236>[B] (+1) -0.509057971<x237>[B] (+0) +0.509057971<x238>[B] (+0) -0.509057971<x239>[B] (+0) +0.509057971<x240>[B] (+0) +0.509057971<x241>[B] (+1) +0.509057971<x242>[B] (+0) +0.509057971<x243>[B] (+0) +0.509057971<x244>[B] (+1) -0.509057971<x245>[B] (+1) +0.509057971<x246>[B] (+1) -0.509057971<x247>[B] (+0) +0.509057971<x248>[B] (+1) +0.509057971<x249>[B] (+0) +0.509057971<x250>[B] (+0) +0.509057971<x251>[B] (+1) -0.509057971<x252>[B] (+0) +0.509057971<x253>[B] (+0) -0.509057971<x254>[B] (+0) -0.509057971<x255>[B] (+0) +0.509057971<x256>[B] (+0) +0.509057971<x257>[B] (+1) -0.509057971<x258>[B] (+1) +0.509057971<x259>[B] (+1) -0.509057971<x260>[B] (+0) -0.509057971<x261>[B] (+1) +0.509057971<x262>[B] (+1) -0.509057971<x263>[B] (+1) +0.509057971<x264>[B] (+1) -0.509057971<x265>[B] (+1) -0.509057971<x266>[B] (+1) -0.509057971<x267>[B] (+0) +0.509057971<x268>[B] (+0) -0.509057971<x269>[B] (+0) -0.509057971<x270>[B] (+0) +0.509057971<x271>[B] (+1) +0.509057971<x272>[B] (+0) +0.509057971<x273>[B] (+1) -0.509057971<x274>[B] (+0) -0.509057971<x275>[B] (+0) +0.509057971<x276>[B] (+1) >= 42.125;
;
violation: left hand side is violated by 0.00362318840577558
  [linear] <c4304>: <x312>[C] (+39.125) +0.523550725<x1>[B] (+1) +0.523550725<x2>[B] (+1) +0.523550725<x3>[B] (+1) +0.523550725<x4>[B] (+0) +0.523550725<x5>[B] (+1) +0.523550725<x6>[B] (+0) +0.523550725<x7>[B] (+0) -0.523550725<x8>[B] (+0) -0.523550725<x9>[B] (+0) -0.523550725<x10>[B] (+1) -0.523550725<x11>[B] (+0) +0.523550725<x12>[B] (+1) -0.523550725<x13>[B] (+1) +0.523550725<x14>[B] (+1) +0.523550725<x15>[B] (+0) -0.523550725<x16>[B] (+0) +0.523550725<x17>[B] (+0) +0.523550725<x18>[B] (+0) -0.523550725<x19>[B] (+1) +0.523550725<x20>[B] (+0) +0.523550725<x21>[B] (+0) -0.523550725<x22>[B] (+0) +0.523550725<x23>[B] (+0) -0.523550725<x24>[B] (+0) -0.523550725<x25>[B] (+0) -0.523550725<x26>[B] (+0) -0.523550725<x27>[B] (+1) -0.523550725<x28>[B] (+0) -0.523550725<x29>[B] (+0) -0.523550725<x30>[B] (+0) -0.523550725<x31>[B] (+0) -0.523550725<x32>[B] (+0) -0.523550725<x33>[B] (+0) -0.523550725<x34>[B] (+1) -0.523550725<x35>[B] (+0) -0.523550725<x36>[B] (+0) -0.523550725<x37>[B] (+0) -0.523550725<x38>[B] (+0) -0.523550725<x39>[B] (+0) -0.523550725<x40>[B] (+0) -0.523550725<x41>[B] (+1) +0.523550725<x42>[B] (+0) -0.523550725<x43>[B] (+0) -0.523550725<x44>[B] (+0) -0.523550725<x45>[B] (+0) -0.523550725<x46>[B] (+1) -0.523550725<x47>[B] (+0) -0.523550725<x48>[B] (+1) -0.523550725<x49>[B] (+0) -0.523550725<x50>[B] (+0) -0.523550725<x51>[B] (+0) -0.523550725<x52>[B] (+0) -0.523550725<x53>[B] (+1) -0.523550725<x54>[B] (+0) -0.523550725<x55>[B] (+1) -0.523550725<x56>[B] (+1) -0.523550725<x57>[B] (+1) -0.523550725<x58>[B] (+0) -0.523550725<x59>[B] (+0) -0.523550725<x60>[B] (+0) -0.523550725<x61>[B] (+0) -0.523550725<x62>[B] (+1) +0.523550725<x63>[B] (+0) -0.523550725<x64>[B] (+0) -0.523550725<x65>[B] (+0) -0.523550725<x66>[B] (+0) -0.523550725<x67>[B] (+0) -0.523550725<x68>[B] (+1) -0.523550725<x69>[B] (+0) -0.523550725<x70>[B] (+0) -0.523550725<x71>[B] (+0) -0.523550725<x72>[B] (+0) -0.523550725<x73>[B] (+1) -0.523550725<x74>[B] (+0) -0.523550725<x75>[B] (+1) -0.523550725<x76>[B] (+1) -0.523550725<x77>[B] (+1) -0.523550725<x78>[B] (+0) -0.523550725<x79>[B] (+0) -0.523550725<x80>[B] (+0) -0.523550725<x81>[B] (+0) -0.523550725<x82>[B] (+1) +0.523550725<x83>[B] (+0) -0.523550725<x84>[B] (+0) -0.523550725<x85>[B] (+0) -0.523550725<x86>[B] (+0) +0.523550725<x87>[B] (+1) +0.523550725<x88>[B] (+0) +0.523550725<x89>[B] (+1) -0.523550725<x90>[B] (+0) -0.523550725<x91>[B] (+0) -0.523550725<x92>[B] (+1) -0.523550725<x93>[B] (+1) -0.523550725<x94>[B] (+1) -0.523550725<x95>[B] (+1) -0.523550725<x96>[B] (+1) +0.523550725<x97>[B] (+0) -0.523550725<x98>[B] (+1) +0.523550725<x99>[B] (+0) +0.523550725<x100>[B] (+0) -0.523550725<x101>[B] (+1) +0.523550725<x102>[B] (+0) -0.523550725<x103>[B] (+1) -0.523550725<x104>[B] (+0) +0.523550725<x105>[B] (+1) -0.523550725<x106>[B] (+0) +0.523550725<x107>[B] (+0) -0.523550725<x108>[B] (+0) -0.523550725<x109>[B] (+0) -0.523550725<x110>[B] (+0) -0.523550725<x111>[B] (+0) -0.523550725<x112>[B] (+0) -0.523550725<x113>[B] (+0) -0.523550725<x114>[B] (+0) -0.523550725<x115>[B] (+0) -0.523550725<x116>[B] (+0) -0.523550725<x117>[B] (+0) +0.523550725<x118>[B] (+0) -0.523550725<x119>[B] (+0) +0.523550725<x120>[B] (+0) -0.523550725<x121>[B] (+0) -0.523550725<x122>[B] (+0) -0.523550725<x123>[B] (+0) +0.523550725<x124>[B] (+1) -0.523550725<x125>[B] (+0) -0.523550725<x126>[B] (+0) -0.523550725<x127>[B] (+1) -0.523550725<x128>[B] (+1) -0.523550725<x129>[B] (+1) -0.523550725<x130>[B] (+1) -0.523550725<x131>[B] (+1) -0.523550725<x132>[B] (+0) -0.523550725<x133>[B] (+1) +0.523550725<x134>[B] (+0) +0.523550725<x135>[B] (+0) -0.523550725<x136>[B] (+1) +0.523550725<x137>[B] (+1) -0.523550725<x138>[B] (+1) -0.523550725<x139>[B] (+0) -0.523550725<x140>[B] (+1) -0.523550725<x141>[B] (+0) -0.523550725<x142>[B] (+0) -0.523550725<x143>[B] (+1) -0.523550725<x144>[B] (+1) -0.523550725<x145>[B] (+1) -0.523550725<x146>[B] (+1) -0.523550725<x147>[B] (+1) -0.523550725<x148>[B] (+0) -0.523550725<x149>[B] (+1) -0.523550725<x150>[B] (+0) +0.523550725<x151>[B] (+0) -0.523550725<x152>[B] (+1) +0.523550725<x153>[B] (+0) -0.523550725<x154>[B] (+0) -0.523550725<x155>[B] (+0) -0.523550725<x156>[B] (+0) +0.523550725<x157>[B] (+1) -0.523550725<x158>[B] (+1) -0.523550725<x159>[B] (+1) +0.523550725<x160>[B] (+1) -0.523550725<x161>[B] (+1) +0.523550725<x162>[B] (+1) +0.523550725<x163>[B] (+1) +0.523550725<x164>[B] (+1) +0.523550725<x165>[B] (+1) +0.523550725<x166>[B] (+1) -0.523550725<x167>[B] (+1) +0.523550725<x168>[B] (+1) +0.523550725<x169>[B] (+1) -0.523550725<x170>[B] (+1) +0.523550725<x171>[B] (+1) -0.523550725<x172>[B] (+1) -0.523550725<x173>[B] (+1) +0.523550725<x174>[B] (+1) -0.523550725<x175>[B] (+1) +0.523550725<x176>[B] (+1) +0.523550725<x177>[B] (+1) -0.523550725<x178>[B] (+1) +0.523550725<x179>[B] (+1) +0.523550725<x180>[B] (+0) -0.523550725<x181>[B] (+1) +0.523550725<x182>[B] (+1) +0.523550725<x183>[B] (+1) -0.523550725<x184>[B] (+0) +0.523550725<x185>[B] (+1) -0.523550725<x186>[B] (+0) +0.523550725<x187>[B] (+1) +0.523550725<x188>[B] (+1) +0.523550725<x189>[B] (+0) +0.523550725<x190>[B] (+0) +0.523550725<x191>[B] (+0) +0.523550725<x192>[B] (+0) +0.523550725<x193>[B] (+0) -0.523550725<x194>[B] (+1) +0.523550725<x195>[B] (+0) +0.523550725<x196>[B] (+0) +0.523550725<x197>[B] (+0) +0.523550725<x198>[B] (+0) +0.523550725<x199>[B] (+1) +0.523550725<x200>[B] (+1) +0.523550725<x201>[B] (+1) +0.523550725<x202>[B] (+0) +0.523550725<x203>[B] (+0) +0.523550725<x204>[B] (+0) +0.523550725<x205>[B] (+0) -0.523550725<x206>[B] (+1) +0.523550725<x207>[B] (+0) +0.523550725<x208>[B] (+0) +0.523550725<x209>[B] (+0) +0.523550725<x210>[B] (+0) -0.523550725<x211>[B] (+0) +0.523550725<x212>[B] (+0) +0.523550725<x213>[B] (+0) -0.523550725<x214>[B] (+0) +0.523550725<x215>[B] (+0) +0.523550725<x216>[B] (+0) -0.523550725<x217>[B] (+0) +0.523550725<x218>[B] (+0) +0.523550725<x219>[B] (+0) -0.523550725<x220>[B] (+0) +0.523550725<x221>[B] (+0) +0.523550725<x222>[B] (+0) +0.523550725<x223>[B] (+0) +0.523550725<x224>[B] (+0) +0.523550725<x225>[B] (+0) +0.523550725<x226>[B] (+0) -0.523550725<x227>[B] (+1) +0.523550725<x228>[B] (+0) +0.523550725<x229>[B] (+0) -0.523550725<x230>[B] (+0) +0.523550725<x231>[B] (+0) +0.523550725<x232>[B] (+0) -0.523550725<x233>[B] (+0) +0.523550725<x234>[B] (+0) +0.523550725<x235>[B] (+0) -0.523550725<x236>[B] (+1) +0.523550725<x237>[B] (+0) +0.523550725<x238>[B] (+0) -0.523550725<x239>[B] (+0) +0.523550725<x240>[B] (+0) -0.523550725<x241>[B] (+1) +0.523550725<x242>[B] (+0) +0.523550725<x243>[B] (+0) -0.523550725<x244>[B] (+1) +0.523550725<x245>[B] (+1) -0.523550725<x246>[B] (+1) -0.523550725<x247>[B] (+0) -0.523550725<x248>[B] (+1) +0.523550725<x249>[B] (+0) +0.523550725<x250>[B] (+0) -0.523550725<x251>[B] (+1) +0.523550725<x252>[B] (+0) +0.523550725<x253>[B] (+0) -0.523550725<x254>[B] (+0) +0.523550725<x255>[B] (+0) +0.523550725<x256>[B] (+0) -0.523550725<x257>[B] (+1) +0.523550725<x258>[B] (+1) -0.523550725<x259>[B] (+1) -0.523550725<x260>[B] (+0) -0.523550725<x261>[B] (+1) -0.523550725<x262>[B] (+1) +0.523550725<x263>[B] (+1) -0.523550725<x264>[B] (+1) -0.523550725<x265>[B] (+1) -0.523550725<x266>[B] (+1) +0.523550725<x267>[B] (+0) +0.523550725<x268>[B] (+0) +0.523550725<x269>[B] (+0) +0.523550725<x270>[B] (+0) -0.523550725<x271>[B] (+1) -0.523550725<x272>[B] (+0) -0.523550725<x273>[B] (+1) -0.523550725<x274>[B] (+0) +0.523550725<x275>[B] (+0) +0.523550725<x276>[B] (+1) >= 21.3351449275362;
;
violation: left hand side is violated by 0.0108695652173267
  [linear] <c4288>: <x290>[C] (+32.4528986) -0.46557971<x1>[B] (+1) -0.46557971<x2>[B] (+1) -0.46557971<x3>[B] (+1) -0.46557971<x4>[B] (+0) -0.46557971<x5>[B] (+1) -0.46557971<x6>[B] (+0) -0.46557971<x7>[B] (+0) -0.46557971<x8>[B] (+0) -0.46557971<x9>[B] (+0) -0.46557971<x10>[B] (+1) -0.46557971<x11>[B] (+1) -0.46557971<x12>[B] (+1) -0.46557971<x13>[B] (+1) -0.46557971<x14>[B] (+1) -0.46557971<x15>[B] (+0) -0.46557971<x16>[B] (+1) -0.46557971<x17>[B] (+0) -0.46557971<x18>[B] (+0) -0.46557971<x19>[B] (+1) -0.46557971<x20>[B] (+0) -0.46557971<x21>[B] (+0) -0.46557971<x22>[B] (+0) -0.46557971<x23>[B] (+0) +0.46557971<x24>[B] (+0) -0.46557971<x25>[B] (+0) +0.46557971<x26>[B] (+0) -0.46557971<x27>[B] (+1) +0.46557971<x28>[B] (+0) +0.46557971<x29>[B] (+0) -0.46557971<x30>[B] (+0) +0.46557971<x31>[B] (+0) -0.46557971<x32>[B] (+0) +0.46557971<x33>[B] (+0) +0.46557971<x34>[B] (+1) -0.46557971<x35>[B] (+0) +0.46557971<x36>[B] (+0) -0.46557971<x37>[B] (+0) -0.46557971<x38>[B] (+0) +0.46557971<x39>[B] (+0) +0.46557971<x40>[B] (+0) -0.46557971<x41>[B] (+1) +0.46557971<x42>[B] (+0) -0.46557971<x43>[B] (+0) -0.46557971<x44>[B] (+0) -0.46557971<x45>[B] (+0) -0.46557971<x46>[B] (+1) +0.46557971<x47>[B] (+0) -0.46557971<x48>[B] (+1) -0.46557971<x49>[B] (+0) -0.46557971<x50>[B] (+0) -0.46557971<x51>[B] (+0) -0.46557971<x52>[B] (+0) -0.46557971<x53>[B] (+1) -0.46557971<x54>[B] (+0) -0.46557971<x55>[B] (+1) -0.46557971<x56>[B] (+0) -0.46557971<x57>[B] (+1) -0.46557971<x58>[B] (+0) -0.46557971<x59>[B] (+0) -0.46557971<x60>[B] (+0) -0.46557971<x61>[B] (+0) -0.46557971<x62>[B] (+1) -0.46557971<x63>[B] (+0) -0.46557971<x64>[B] (+0) -0.46557971<x65>[B] (+0) -0.46557971<x66>[B] (+0) +0.46557971<x67>[B] (+0) -0.46557971<x68>[B] (+1) +0.46557971<x69>[B] (+0) +0.46557971<x70>[B] (+0) +0.46557971<x71>[B] (+0) +0.46557971<x72>[B] (+0) -0.46557971<x73>[B] (+0) +0.46557971<x74>[B] (+0) +0.46557971<x75>[B] (+1) +0.46557971<x76>[B] (+0) +0.46557971<x77>[B] (+0) -0.46557971<x78>[B] (+0) -0.46557971<x79>[B] (+0) +0.46557971<x80>[B] (+0) +0.46557971<x81>[B] (+0) +0.46557971<x82>[B] (+1) +0.46557971<x83>[B] (+0) -0.46557971<x84>[B] (+0) -0.46557971<x85>[B] (+0) +0.46557971<x86>[B] (+0) -0.46557971<x87>[B] (+1) -0.46557971<x88>[B] (+0) -0.46557971<x89>[B] (+1) -0.46557971<x90>[B] (+0) -0.46557971<x91>[B] (+0) -0.46557971<x92>[B] (+1) -0.46557971<x93>[B] (+1) -0.46557971<x94>[B] (+1) -0.46557971<x95>[B] (+1) -0.46557971<x96>[B] (+1) -0.46557971<x97>[B] (+0) -0.46557971<x98>[B] (+1) -0.46557971<x99>[B] (+0) -0.46557971<x100>[B] (+0) -0.46557971<x101>[B] (+1) -0.46557971<x102>[B] (+1) -0.46557971<x103>[B] (+0) -0.46557971<x104>[B] (+0) -0.46557971<x105>[B] (+1) +0.46557971<x106>[B] (+0) +0.46557971<x107>[B] (+0) +0.46557971<x108>[B] (+0) +0.46557971<x109>[B] (+0) +0.46557971<x110>[B] (+0) +0.46557971<x111>[B] (+0) +0.46557971<x112>[B] (+0) +0.46557971<x113>[B] (+0) +0.46557971<x114>[B] (+0) -0.46557971<x115>[B] (+0) -0.46557971<x116>[B] (+0) +0.46557971<x117>[B] (+0) +0.46557971<x118>[B] (+0) +0.46557971<x119>[B] (+0) +0.46557971<x120>[B] (+0) -0.46557971<x121>[B] (+0) -0.46557971<x122>[B] (+0) +0.46557971<x123>[B] (+0) -0.46557971<x124>[B] (+1) -0.46557971<x125>[B] (+0) -0.46557971<x126>[B] (+0) -0.46557971<x127>[B] (+1) -0.46557971<x128>[B] (+1) -0.46557971<x129>[B] (+1) -0.46557971<x130>[B] (+1) -0.46557971<x131>[B] (+1) -0.46557971<x132>[B] (+0) -0.46557971<x133>[B] (+1) -0.46557971<x134>[B] (+0) -0.46557971<x135>[B] (+0) -0.46557971<x136>[B] (+1) -0.46557971<x137>[B] (+1) -0.46557971<x138>[B] (+1) -0.46557971<x139>[B] (+0) -0.46557971<x140>[B] (+1) -0.46557971<x141>[B] (+0) -0.46557971<x142>[B] (+0) -0.46557971<x143>[B] (+1) -0.46557971<x144>[B] (+1) +0.46557971<x145>[B] (+1) -0.46557971<x146>[B] (+1) +0.46557971<x147>[B] (+1) -0.46557971<x148>[B] (+0) -0.46557971<x149>[B] (+1) -0.46557971<x150>[B] (+0) -0.46557971<x151>[B] (+0) -0.46557971<x152>[B] (+1) -0.46557971<x153>[B] (+1) -0.46557971<x154>[B] (+0) -0.46557971<x155>[B] (+0) -0.46557971<x156>[B] (+1) +0.46557971<x157>[B] (+1) -0.46557971<x158>[B] (+1) +0.46557971<x159>[B] (+1) +0.46557971<x160>[B] (+1) +0.46557971<x161>[B] (+1) +0.46557971<x162>[B] (+1) -0.46557971<x163>[B] (+1) -0.46557971<x164>[B] (+1) +0.46557971<x165>[B] (+1) +0.46557971<x166>[B] (+1) +0.46557971<x167>[B] (+1) +0.46557971<x168>[B] (+1) -0.46557971<x169>[B] (+1) -0.46557971<x170>[B] (+1) +0.46557971<x171>[B] (+1) -0.46557971<x172>[B] (+1) +0.46557971<x173>[B] (+1) +0.46557971<x174>[B] (+1) -0.46557971<x175>[B] (+1) +0.46557971<x176>[B] (+1) -0.46557971<x177>[B] (+1) -0.46557971<x178>[B] (+1) +0.46557971<x179>[B] (+1) +0.46557971<x180>[B] (+0) -0.46557971<x181>[B] (+1) +0.46557971<x182>[B] (+1) -0.46557971<x183>[B] (+1) -0.46557971<x184>[B] (+0) -0.46557971<x185>[B] (+1) +0.46557971<x186>[B] (+0) +0.46557971<x187>[B] (+1) +0.46557971<x188>[B] (+0) +0.46557971<x189>[B] (+0) -0.46557971<x190>[B] (+0) -0.46557971<x191>[B] (+0) +0.46557971<x192>[B] (+0) +0.46557971<x193>[B] (+0) +0.46557971<x194>[B] (+1) +0.46557971<x195>[B] (+0) -0.46557971<x196>[B] (+0) -0.46557971<x197>[B] (+0) +0.46557971<x198>[B] (+0) +0.46557971<x199>[B] (+1) -0.46557971<x200>[B] (+0) +0.46557971<x201>[B] (+1) -0.46557971<x202>[B] (+0) -0.46557971<x203>[B] (+0) +0.46557971<x204>[B] (+0) -0.46557971<x205>[B] (+0) -0.46557971<x206>[B] (+1) +0.46557971<x207>[B] (+0) -0.46557971<x208>[B] (+0) -0.46557971<x209>[B] (+0) -0.46557971<x210>[B] (+0) -0.46557971<x211>[B] (+0) +0.46557971<x212>[B] (+0) -0.46557971<x213>[B] (+0) -0.46557971<x214>[B] (+0) -0.46557971<x215>[B] (+0) -0.46557971<x216>[B] (+0) -0.46557971<x217>[B] (+0) -0.46557971<x218>[B] (+0) -0.46557971<x219>[B] (+0) -0.46557971<x220>[B] (+0) -0.46557971<x221>[B] (+0) +0.46557971<x222>[B] (+1) -0.46557971<x223>[B] (+0) -0.46557971<x224>[B] (+0) +0.46557971<x225>[B] (+0) +0.46557971<x226>[B] (+0) +0.46557971<x227>[B] (+1) +0.46557971<x228>[B] (+0) -0.46557971<x229>[B] (+0) -0.46557971<x230>[B] (+0) +0.46557971<x231>[B] (+0) -0.46557971<x232>[B] (+0) -0.46557971<x233>[B] (+0) -0.46557971<x234>[B] (+0) -0.46557971<x235>[B] (+0) -0.46557971<x236>[B] (+1) -0.46557971<x237>[B] (+0) -0.46557971<x238>[B] (+0) -0.46557971<x239>[B] (+0) -0.46557971<x240>[B] (+0) +0.46557971<x241>[B] (+1) +0.46557971<x242>[B] (+0) +0.46557971<x243>[B] (+0) +0.46557971<x244>[B] (+1) +0.46557971<x245>[B] (+1) -0.46557971<x246>[B] (+1) -0.46557971<x247>[B] (+0) +0.46557971<x248>[B] (+1) +0.46557971<x249>[B] (+0) +0.46557971<x250>[B] (+0) +0.46557971<x251>[B] (+1) +0.46557971<x252>[B] (+0) -0.46557971<x253>[B] (+0) -0.46557971<x254>[B] (+0) +0.46557971<x255>[B] (+0) -0.46557971<x256>[B] (+0) -0.46557971<x257>[B] (+1) -0.46557971<x258>[B] (+1) -0.46557971<x259>[B] (+1) -0.46557971<x260>[B] (+0) -0.46557971<x261>[B] (+1) -0.46557971<x262>[B] (+1) +0.46557971<x263>[B] (+1) -0.46557971<x264>[B] (+1) -0.46557971<x265>[B] (+1) -0.46557971<x266>[B] (+1) +0.46557971<x267>[B] (+0) -0.46557971<x268>[B] (+0) -0.46557971<x269>[B] (+0) +0.46557971<x270>[B] (+0) -0.46557971<x271>[B] (+0) -0.46557971<x272>[B] (+0) -0.46557971<x273>[B] (+1) +0.46557971<x274>[B] (+0) +0.46557971<x275>[B] (+1) +0.46557971<x276>[B] (+1) >= 14.3170289855072;
;
violation: left hand side is violated by 0.0217391304347387
all 10 solutions given by solution candidate storage are infeasible

feasible solution found by trivial heuristic after 0.0 seconds, objective value -8.000652e+06
presolving:
   (0.0s) symmetry computation started: requiring (bin +, int +, cont +), (fixed: bin -, int -, cont -)
   (0.0s) no symmetry present (symcode time: 0.00)
presolving (0 rounds: 0 fast, 0 medium, 0 exhaustive):
 0 deleted vars, 0 deleted constraints, 0 added constraints, 0 tightened bounds, 0 added holes, 0 changed sides, 0 changed coefficients
 0 implications, 0 cliques, 0 implied integral variables (0 bin, 0 int, 0 cont)
presolved problem has 356 variables (276 bin, 0 int, 80 cont) and 4338 constraints
   4338 constraints of type <linear>
Presolving Time: 0.05
transformed 1/1 original solutions to the transformed problem space

 time | node  | left  |LP iter|LP it/n|mem/heur|mdpt |vars |cons |rows |cuts |sepa|confs|strbr|  dualbound   | primalbound  |  gap   | compl. 
p 0.1s|     1 |     0 |    46 |     - |   locks|   0 | 356 |4338 |4338 |   0 |  0 |   0 |   0 | 6.320000e+02 |-3.395009e+03 |    Inf | unknown
  0.3s|     1 |     0 |  1241 |     - |   108M |   0 | 356 |4338 |4338 |   0 |  0 |   0 |   0 |-2.718773e+03 |-3.395009e+03 |  24.87%| unknown
r 0.3s|     1 |     0 |  1241 |     - |shifting|   0 | 356 |4338 |4338 |   0 |  0 |   0 |   0 |-2.718773e+03 |-3.092558e+03 |  13.75%| unknown
  0.6s|     1 |     0 |  1302 |     - |   108M |   0 | 356 |4338 |4339 |   1 |  1 |   0 |   0 |-2.719113e+03 |-3.092558e+03 |  13.73%| unknown
r 0.6s|     1 |     0 |  1302 |     - |shifting|   0 | 356 |4338 |4339 |   1 |  1 |   0 |   0 |-2.719113e+03 |-2.928510e+03 |   7.70%| unknown
  0.6s|     1 |     0 |  1302 |     - |   108M |   0 | 356 |4338 |4339 |   1 |  1 |   0 |   0 |-2.719113e+03 |-2.928510e+03 |   7.70%| unknown
  1.0s|     1 |     0 |  1386 |     - |   109M |   0 | 356 |4338 |4341 |   3 |  2 |   0 |   0 |-2.719366e+03 |-2.928510e+03 |   7.69%| unknown
r 1.0s|     1 |     0 |  1386 |     - |shifting|   0 | 356 |4338 |4341 |   3 |  2 |   0 |   0 |-2.719366e+03 |-2.896985e+03 |   6.53%| unknown
  1.3s|     1 |     0 |  1455 |     - |   109M |   0 | 356 |4338 |4345 |   7 |  3 |   0 |   0 |-2.719443e+03 |-2.896985e+03 |   6.53%| unknown
  1.3s|     1 |     0 |  1455 |     - |   109M |   0 | 356 |4338 |4345 |   7 |  3 |   0 |   0 |-2.719443e+03 |-2.896985e+03 |   6.53%| unknown
  1.6s|     1 |     0 |  1490 |     - |   109M |   0 | 356 |4338 |4348 |  10 |  4 |   0 |   0 |-2.719515e+03 |-2.896985e+03 |   6.53%| unknown
  2.0s|     1 |     0 |  1521 |     - |   110M |   0 | 356 |4338 |4350 |  12 |  5 |   0 |   0 |-2.719549e+03 |-2.896985e+03 |   6.52%| unknown
  2.4s|     1 |     0 |  1585 |     - |   110M |   0 | 356 |4338 |4353 |  15 |  6 |   0 |   0 |-2.719562e+03 |-2.896985e+03 |   6.52%| unknown
  2.8s|     1 |     0 |  1601 |     - |   111M |   0 | 356 |4338 |4354 |  16 |  7 |   0 |   0 |-2.719565e+03 |-2.896985e+03 |   6.52%| unknown
  3.3s|     1 |     0 |  1681 |     - |   111M |   0 | 356 |4338 |4356 |  18 |  8 |   0 |   0 |-2.719607e+03 |-2.896985e+03 |   6.52%| unknown
 time | node  | left  |LP iter|LP it/n|mem/heur|mdpt |vars |cons |rows |cuts |sepa|confs|strbr|  dualbound   | primalbound  |  gap   | compl. 
  3.7s|     1 |     0 |  1696 |     - |   112M |   0 | 356 |4339 |4357 |  19 |  9 |   1 |   0 |-2.719608e+03 |-2.896985e+03 |   6.52%| unknown
r 3.7s|     1 |     0 |  1696 |     - |shifting|   0 | 356 |4339 |4357 |  19 |  9 |   1 |   0 |-2.719608e+03 |-2.889370e+03 |   6.24%| unknown
  4.2s|     1 |     0 |  1721 |     - |   112M |   0 | 356 |4339 |4358 |  20 | 10 |   1 |   0 |-2.719612e+03 |-2.889370e+03 |   6.24%| unknown
r 4.2s|     1 |     0 |  1721 |     - |shifting|   0 | 356 |4339 |4358 |  20 | 10 |   1 |   0 |-2.719612e+03 |-2.853120e+03 |   4.91%| unknown
  4.2s|     1 |     0 |  1777 |     - |   113M |   0 | 356 |4339 |4360 |  22 | 11 |   1 |   0 |-2.719639e+03 |-2.853120e+03 |   4.91%| unknown
r 4.2s|     1 |     0 |  1910 |     - |intshift|   0 | 356 |4339 |4360 |  22 | 11 |   1 |   0 |-2.719639e+03 |-2.751304e+03 |   1.16%| unknown
d 4.4s|     1 |     0 |  2744 |     - |farkasdi|   0 | 356 |4339 |4360 |   0 | 11 |   1 |   0 |-2.719639e+03 |-2.726580e+03 |   0.26%| unknown
L 4.6s|     1 |     0 |  2980 |     - |    rens|   0 | 356 |4339 |4360 |  22 | 11 |   3 |   0 |-2.719639e+03 |-2.723601e+03 |   0.15%| unknown
  4.7s|     1 |     0 |  2980 |     - |   113M |   0 | 356 |4339 |4360 |  22 | 11 |   3 |   0 |-2.719639e+03 |-2.723601e+03 |   0.15%| unknown
  4.7s|     1 |     0 |  2980 |     - |   113M |   0 | 356 |4339 |3325 |  22 | 11 |   3 |   0 |-2.719639e+03 |-2.723601e+03 |   0.15%| unknown
  4.7s|     1 |     0 |  2986 |     - |   113M |   0 | 356 |4339 |3326 |  23 | 12 |   3 |   0 |-2.719639e+03 |-2.723601e+03 |   0.15%| unknown
  4.8s|     1 |     0 |  3004 |     - |   113M |   0 | 356 |4339 |3326 |  24 | 13 |   3 |   0 |-2.719640e+03 |-2.723601e+03 |   0.15%| unknown
  4.8s|     1 |     0 |  3004 |     - |   113M |   0 | 356 |3128 |3326 |  24 | 13 |   3 |   0 |-2.719640e+03 |-2.723601e+03 |   0.15%| unknown
  4.8s|     1 |     0 |  3009 |     - |   113M |   0 | 356 |3128 |3327 |  25 | 14 |   3 |   0 |-2.719640e+03 |-2.723601e+03 |   0.15%| unknown
  4.8s|     1 |     0 |  3019 |     - |   114M |   0 | 356 |3128 |3328 |  26 | 15 |   3 |   0 |-2.719641e+03 |-2.723601e+03 |   0.15%| unknown
(run 1, node 1) restarting after 57 global fixings of integer variables

(restart) converted 25 cuts from the global cut pool into linear constraints

presolving:
presolving (0 rounds: 0 fast, 0 medium, 0 exhaustive):
 0 deleted vars, 0 deleted constraints, 0 added constraints, 0 tightened bounds, 0 added holes, 0 changed sides, 0 changed coefficients
 0 implications, 0 cliques, 0 implied integral variables (0 bin, 0 int, 0 cont)
presolved problem has 356 variables (276 bin, 0 int, 80 cont) and 3153 constraints
   3152 constraints of type <linear>
      1 constraints of type <logicor>
Presolving Time: 0.05
transformed 20/23 original solutions to the transformed problem space

 time | node  | left  |LP iter|LP it/n|mem/heur|mdpt |vars |cons |rows |cuts |sepa|confs|strbr|  dualbound   | primalbound  |  gap   | compl. 
  5.1s|     1 |     0 |  4391 |     - |   114M |   0 | 356 |3153 |3135 |   0 |  0 |   3 |   0 |-2.719641e+03 |-2.723601e+03 |   0.15%| unknown
  5.4s|     1 |     0 |  4439 |     - |   114M |   0 | 356 |3153 |3136 |   1 |  1 |   3 |   0 |-2.719686e+03 |-2.723601e+03 |   0.14%| unknown
  5.4s|     1 |     0 |  4439 |     - |   114M |   0 | 356 |3153 |3117 |   1 |  1 |   3 |   0 |-2.719686e+03 |-2.723601e+03 |   0.14%| unknown
  5.7s|     1 |     0 |  4446 |     - |   114M |   0 | 356 |3153 |3118 |   2 |  2 |   3 |   0 |-2.719687e+03 |-2.723601e+03 |   0.14%| unknown
  6.1s|     1 |     0 |  4454 |     - |   115M |   0 | 356 |3154 |3119 |   3 |  3 |   4 |   0 |-2.719687e+03 |-2.723601e+03 |   0.14%| unknown
  6.4s|     1 |     0 |  4484 |     - |   115M |   0 | 356 |3154 |3120 |   4 |  4 |   4 |   0 |-2.719699e+03 |-2.723601e+03 |   0.14%| unknown
  6.7s|     1 |     0 |  4565 |     - |   115M |   0 | 356 |3154 |3121 |   5 |  5 |   4 |   0 |-2.719773e+03 |-2.723601e+03 |   0.14%| unknown
  7.0s|     1 |     0 |  4589 |     - |   116M |   0 | 356 |3154 |3122 |   6 |  6 |   4 |   0 |-2.719788e+03 |-2.723601e+03 |   0.14%| unknown
  7.2s|     1 |     0 |  4613 |     - |   116M |   0 | 356 |3155 |3126 |  10 |  7 |   5 |   0 |-2.719796e+03 |-2.723601e+03 |   0.14%| unknown
  7.3s|     1 |     0 |  4613 |     - |   116M |   0 | 356 |3156 |3108 |  10 |  7 |   6 |   0 |-2.719796e+03 |-2.723601e+03 |   0.14%| unknown
  7.5s|     1 |     0 |  4627 |     - |   116M |   0 | 356 |3156 |3111 |  13 |  8 |   6 |   0 |-2.719798e+03 |-2.723601e+03 |   0.14%| unknown
  7.7s|     1 |     0 |  4641 |     - |   117M |   0 | 356 |3156 |3112 |  14 |  9 |   6 |   0 |-2.719799e+03 |-2.723601e+03 |   0.14%| unknown
  8.0s|     1 |     0 |  4718 |     - |   117M |   0 | 356 |3156 |3114 |  16 | 10 |   6 |   0 |-2.719815e+03 |-2.723601e+03 |   0.14%| unknown
  8.0s|     1 |     0 |  4746 |     - |   117M |   0 | 356 |3156 |3117 |  19 | 11 |   6 |   0 |-2.719817e+03 |-2.723601e+03 |   0.14%| unknown
  8.1s|     1 |     0 |  4746 |     - |   117M |   0 | 356 |3097 |3117 |  19 | 11 |   6 |   0 |-2.719817e+03 |-2.723601e+03 |   0.14%| unknown
 time | node  | left  |LP iter|LP it/n|mem/heur|mdpt |vars |cons |rows |cuts |sepa|confs|strbr|  dualbound   | primalbound  |  gap   | compl. 
  8.1s|     1 |     0 |  4762 |     - |   117M |   0 | 356 |3097 |3119 |  21 | 12 |   6 |   0 |-2.719818e+03 |-2.723601e+03 |   0.14%| unknown
  8.2s|     1 |     0 |  4769 |     - |   117M |   0 | 356 |3098 |3120 |  22 | 13 |   7 |   0 |-2.719819e+03 |-2.723601e+03 |   0.14%| unknown
 10.0s|     1 |     2 |  5618 |     - |   117M |   0 | 356 |3103 |3120 |  22 | 14 |  12 |  24 |-2.720962e+03 |-2.723601e+03 |   0.10%| unknown

SCIP Status        : problem is solved [optimal solution found]
Solving Time (sec) : 10.58
Solving Nodes      : 3 (total of 4 nodes in 2 runs)
Primal Bound       : -2.72360144927536e+03 (38 solutions)
Dual Bound         : -2.72360144927536e+03
Gap                : 0.00 %
  [linear] <c4339>: <x277>[C] (+37.0416667) +0.516304348<x1>[B] (+0) +0.516304348<x2>[B] (+0) +0.516304348<x3>[B] (+0) +0.516304348<x4>[B] (+0) +0.516304348<x5>[B] (+1) +0.516304348<x6>[B] (+0) +0.516304348<x7>[B] (+0) +0.516304348<x8>[B] (+0) +0.516304348<x9>[B] (+0) +0.516304348<x10>[B] (+0) +0.516304348<x11>[B] (+0) -0.516304348<x12>[B] (+1) +0.516304348<x13>[B] (+0) +0.516304348<x14>[B] (+0) +0.516304348<x15>[B] (+0) +0.516304348<x16>[B] (+0) +0.516304348<x17>[B] (+0) +0.516304348<x18>[B] (+0) +0.516304348<x19>[B] (+1) +0.516304348<x20>[B] (+0) +0.516304348<x21>[B] (+0) +0.516304348<x22>[B] (+0) +0.516304348<x23>[B] (+0) +0.516304348<x24>[B] (+0) +0.516304348<x25>[B] (+0) -0.516304348<x26>[B] (+0) -0.516304348<x27>[B] (+1) -0.516304348<x28>[B] (+0) +0.516304348<x29>[B] (+0) +0.516304348<x30>[B] (+0) +0.516304348<x31>[B] (+0) +0.516304348<x32>[B] (+0) +0.516304348<x33>[B] (+0) -0.516304348<x34>[B] (+1) -0.516304348<x35>[B] (+0) +0.516304348<x36>[B] (+0) -0.516304348<x37>[B] (+0) +0.516304348<x38>[B] (+0) +0.516304348<x39>[B] (+0) +0.516304348<x40>[B] (+0) +0.516304348<x41>[B] (+1) -0.516304348<x42>[B] (+0) +0.516304348<x43>[B] (+0) -0.516304348<x44>[B] (+0) +0.516304348<x45>[B] (+0) -0.516304348<x46>[B] (+1) -0.516304348<x47>[B] (+0) -0.516304348<x48>[B] (+1) -0.516304348<x49>[B] (+0) +0.516304348<x50>[B] (+0) -0.516304348<x51>[B] (+0) -0.516304348<x52>[B] (+0) -0.516304348<x53>[B] (+1) -0.516304348<x54>[B] (+0) -0.516304348<x55>[B] (+1) -0.516304348<x56>[B] (+1) -0.516304348<x57>[B] (+1) -0.516304348<x58>[B] (+0) -0.516304348<x59>[B] (+0) -0.516304348<x60>[B] (+0) -0.516304348<x61>[B] (+0) -0.516304348<x62>[B] (+1) -0.516304348<x63>[B] (+0) +0.516304348<x64>[B] (+0) -0.516304348<x65>[B] (+0) -0.516304348<x66>[B] (+1) -0.516304348<x67>[B] (+0) -0.516304348<x68>[B] (+1) -0.516304348<x69>[B] (+0) +0.516304348<x70>[B] (+0) +0.516304348<x71>[B] (+0) -0.516304348<x72>[B] (+0) +0.516304348<x73>[B] (+1) +0.516304348<x74>[B] (+0) -0.516304348<x75>[B] (+1) -0.516304348<x76>[B] (+1) -0.516304348<x77>[B] (+1) -0.516304348<x78>[B] (+0) -0.516304348<x79>[B] (+0) +0.516304348<x80>[B] (+0) +0.516304348<x81>[B] (+0) +0.516304348<x82>[B] (+1) -0.516304348<x83>[B] (+0) +0.516304348<x84>[B] (+0) -0.516304348<x85>[B] (+0) -0.516304348<x86>[B] (+0) +0.516304348<x87>[B] (+1) -0.516304348<x88>[B] (+0) +0.516304348<x89>[B] (+1) +0.516304348<x90>[B] (+0) +0.516304348<x91>[B] (+0) +0.516304348<x92>[B] (+1) +0.516304348<x93>[B] (+1) -0.516304348<x94>[B] (+1) +0.516304348<x95>[B] (+1) +0.516304348<x96>[B] (+1) +0.516304348<x97>[B] (+0) +0.516304348<x98>[B] (+1) +0.516304348<x99>[B] (+1) +0.516304348<x100>[B] (+0) +0.516304348<x101>[B] (+1) -0.516304348<x102>[B] (+0) +0.516304348<x103>[B] (+1) -0.516304348<x104>[B] (+0) +0.516304348<x105>[B] (+1) -0.516304348<x106>[B] (+0) +0.516304348<x107>[B] (+0) +0.516304348<x108>[B] (+0) +0.516304348<x109>[B] (+0) +0.516304348<x110>[B] (+0) +0.516304348<x111>[B] (+0) -0.516304348<x112>[B] (+0) -0.516304348<x113>[B] (+0) +0.516304348<x114>[B] (+0) -0.516304348<x115>[B] (+0) +0.516304348<x116>[B] (+0) +0.516304348<x117>[B] (+0) +0.516304348<x118>[B] (+0) +0.516304348<x119>[B] (+0) -0.516304348<x120>[B] (+0) +0.516304348<x121>[B] (+0) -0.516304348<x122>[B] (+0) +0.516304348<x123>[B] (+0) +0.516304348<x124>[B] (+1) +0.516304348<x125>[B] (+0) +0.516304348<x126>[B] (+0) +0.516304348<x127>[B] (+1) +0.516304348<x128>[B] (+1) -0.516304348<x129>[B] (+1) +0.516304348<x130>[B] (+1) +0.516304348<x131>[B] (+1) +0.516304348<x132>[B] (+1) +0.516304348<x133>[B] (+1) +0.516304348<x134>[B] (+1) +0.516304348<x135>[B] (+0) +0.516304348<x136>[B] (+1) +0.516304348<x137>[B] (+1) +0.516304348<x138>[B] (+1) +0.516304348<x139>[B] (+0) +0.516304348<x140>[B] (+1) -0.516304348<x141>[B] (+0) -0.516304348<x142>[B] (+0) -0.516304348<x143>[B] (+1) -0.516304348<x144>[B] (+1) -0.516304348<x145>[B] (+1) -0.516304348<x146>[B] (+1) -0.516304348<x147>[B] (+1) -0.516304348<x148>[B] (+0) -0.516304348<x149>[B] (+0) -0.516304348<x150>[B] (+0) -0.516304348<x151>[B] (+0) -0.516304348<x152>[B] (+1) -0.516304348<x153>[B] (+0) -0.516304348<x154>[B] (+0) -0.516304348<x155>[B] (+0) -0.516304348<x156>[B] (+1) -0.516304348<x157>[B] (+1) +0.516304348<x158>[B] (+1) +0.516304348<x159>[B] (+1) -0.516304348<x160>[B] (+1) -0.516304348<x161>[B] (+1) -0.516304348<x162>[B] (+1) -0.516304348<x163>[B] (+1) -0.516304348<x164>[B] (+1) -0.516304348<x165>[B] (+1) +0.516304348<x166>[B] (+1) +0.516304348<x167>[B] (+1) -0.516304348<x168>[B] (+1) +0.516304348<x169>[B] (+1) -0.516304348<x170>[B] (+1) -0.516304348<x171>[B] (+1) +0.516304348<x172>[B] (+1) +0.516304348<x173>[B] (+1) -0.516304348<x174>[B] (+1) -0.516304348<x175>[B] (+1) +0.516304348<x176>[B] (+1) -0.516304348<x177>[B] (+1) +0.516304348<x178>[B] (+1) +0.516304348<x179>[B] (+1) +0.516304348<x180>[B] (+0) +0.516304348<x181>[B] (+1) -0.516304348<x182>[B] (+1) +0.516304348<x183>[B] (+1) -0.516304348<x184>[B] (+0) +0.516304348<x185>[B] (+1) -0.516304348<x186>[B] (+0) -0.516304348<x187>[B] (+1) -0.516304348<x188>[B] (+0) -0.516304348<x189>[B] (+0) -0.516304348<x190>[B] (+0) -0.516304348<x191>[B] (+0) -0.516304348<x192>[B] (+0) +0.516304348<x193>[B] (+0) +0.516304348<x194>[B] (+1) -0.516304348<x195>[B] (+0) +0.516304348<x196>[B] (+0) -0.516304348<x197>[B] (+0) -0.516304348<x198>[B] (+0) -0.516304348<x199>[B] (+1) -0.516304348<x200>[B] (+1) -0.516304348<x201>[B] (+1) -0.516304348<x202>[B] (+0) -0.516304348<x203>[B] (+0) -0.516304348<x204>[B] (+0) +0.516304348<x205>[B] (+0) +0.516304348<x206>[B] (+1) -0.516304348<x207>[B] (+0) +0.516304348<x208>[B] (+0) -0.516304348<x209>[B] (+0) -0.516304348<x210>[B] (+1) +0.516304348<x211>[B] (+0) +0.516304348<x212>[B] (+0) +0.516304348<x213>[B] (+0) +0.516304348<x214>[B] (+0) +0.516304348<x215>[B] (+0) +0.516304348<x216>[B] (+0) +0.516304348<x217>[B] (+0) +0.516304348<x218>[B] (+0) +0.516304348<x219>[B] (+0) +0.516304348<x220>[B] (+0) +0.516304348<x221>[B] (+0) +0.516304348<x222>[B] (+0) -0.516304348<x223>[B] (+0) +0.516304348<x224>[B] (+0) +0.516304348<x225>[B] (+0) +0.516304348<x226>[B] (+0) +0.516304348<x227>[B] (+1) -0.516304348<x228>[B] (+0) +0.516304348<x229>[B] (+0) -0.516304348<x230>[B] (+0) +0.516304348<x231>[B] (+0) -0.516304348<x232>[B] (+0) +0.516304348<x233>[B] (+0) +0.516304348<x234>[B] (+0) +0.516304348<x235>[B] (+0) +0.516304348<x236>[B] (+1) -0.516304348<x237>[B] (+0) +0.516304348<x238>[B] (+0) -0.516304348<x239>[B] (+0) +0.516304348<x240>[B] (+0) +0.516304348<x241>[B] (+1) +0.516304348<x242>[B] (+1) +0.516304348<x243>[B] (+0) +0.516304348<x244>[B] (+1) -0.516304348<x245>[B] (+0) +0.516304348<x246>[B] (+1) -0.516304348<x247>[B] (+0) +0.516304348<x248>[B] (+1) +0.516304348<x249>[B] (+0) +0.516304348<x250>[B] (+0) +0.516304348<x251>[B] (+1) -0.516304348<x252>[B] (+0) +0.516304348<x253>[B] (+1) -0.516304348<x254>[B] (+0) -0.516304348<x255>[B] (+1) +0.516304348<x256>[B] (+0) +0.516304348<x257>[B] (+1) -0.516304348<x258>[B] (+0) +0.516304348<x259>[B] (+1) -0.516304348<x260>[B] (+0) -0.516304348<x261>[B] (+1) +0.516304348<x262>[B] (+1) -0.516304348<x263>[B] (+1) +0.516304348<x264>[B] (+1) -0.516304348<x265>[B] (+1) -0.516304348<x266>[B] (+1) -0.516304348<x267>[B] (+0) +0.516304348<x268>[B] (+0) -0.516304348<x269>[B] (+0) -0.516304348<x270>[B] (+0) +0.516304348<x271>[B] (+1) +0.516304348<x272>[B] (+0) +0.516304348<x273>[B] (+1) -0.516304348<x274>[B] (+0) -0.516304348<x275>[B] (+1) +0.516304348<x276>[B] (+1) >= 42.2083333333333;
;
violation: left hand side is violated by 0.0036231884057969
  [linear] <c4342>: <x281>[C] (+44.6322464) +0.574275362<x1>[B] (+0) -0.574275362<x2>[B] (+0) -0.574275362<x3>[B] (+0) -0.574275362<x4>[B] (+0) -0.574275362<x5>[B] (+1) -0.574275362<x6>[B] (+0) -0.574275362<x7>[B] (+0) -0.574275362<x8>[B] (+0) -0.574275362<x9>[B] (+0) -0.574275362<x10>[B] (+0) +0.574275362<x11>[B] (+0) -0.574275362<x12>[B] (+1) -0.574275362<x13>[B] (+0) -0.574275362<x14>[B] (+0) -0.574275362<x15>[B] (+0) -0.574275362<x16>[B] (+0) -0.574275362<x17>[B] (+0) +0.574275362<x18>[B] (+0) -0.574275362<x19>[B] (+1) -0.574275362<x20>[B] (+0) +0.574275362<x21>[B] (+0) +0.574275362<x22>[B] (+0) -0.574275362<x23>[B] (+0) -0.574275362<x24>[B] (+0) -0.574275362<x25>[B] (+0) -0.574275362<x26>[B] (+0) -0.574275362<x27>[B] (+1) -0.574275362<x28>[B] (+0) -0.574275362<x29>[B] (+0) -0.574275362<x30>[B] (+0) -0.574275362<x31>[B] (+0) -0.574275362<x32>[B] (+0) -0.574275362<x33>[B] (+0) -0.574275362<x34>[B] (+1) -0.574275362<x35>[B] (+0) -0.574275362<x36>[B] (+0) -0.574275362<x37>[B] (+0) -0.574275362<x38>[B] (+0) -0.574275362<x39>[B] (+0) +0.574275362<x40>[B] (+0) -0.574275362<x41>[B] (+1) -0.574275362<x42>[B] (+0) +0.574275362<x43>[B] (+0) -0.574275362<x44>[B] (+0) -0.574275362<x45>[B] (+0) -0.574275362<x46>[B] (+1) -0.574275362<x47>[B] (+0) -0.574275362<x48>[B] (+1) -0.574275362<x49>[B] (+0) -0.574275362<x50>[B] (+0) -0.574275362<x51>[B] (+0) -0.574275362<x52>[B] (+0) -0.574275362<x53>[B] (+1) +0.574275362<x54>[B] (+0) -0.574275362<x55>[B] (+1) -0.574275362<x56>[B] (+0) -0.574275362<x57>[B] (+1) -0.574275362<x58>[B] (+0) -0.574275362<x59>[B] (+0) -0.574275362<x60>[B] (+0) +0.574275362<x61>[B] (+0) -0.574275362<x62>[B] (+1) +0.574275362<x63>[B] (+0) +0.574275362<x64>[B] (+0) +0.574275362<x65>[B] (+0) -0.574275362<x66>[B] (+0) +0.574275362<x67>[B] (+0) +0.574275362<x68>[B] (+1) +0.574275362<x69>[B] (+0) +0.574275362<x70>[B] (+0) -0.574275362<x71>[B] (+0) +0.574275362<x72>[B] (+0) -0.574275362<x73>[B] (+1) +0.574275362<x74>[B] (+0) +0.574275362<x75>[B] (+1) -0.574275362<x76>[B] (+0) +0.574275362<x77>[B] (+1) +0.574275362<x78>[B] (+0) -0.574275362<x79>[B] (+0) +0.574275362<x80>[B] (+0) +0.574275362<x81>[B] (+0) +0.574275362<x82>[B] (+1) +0.574275362<x83>[B] (+0) +0.574275362<x84>[B] (+0) +0.574275362<x85>[B] (+0) +0.574275362<x86>[B] (+0) -0.574275362<x87>[B] (+1) +0.574275362<x88>[B] (+0) -0.574275362<x89>[B] (+1) -0.574275362<x90>[B] (+0) +0.574275362<x91>[B] (+0) -0.574275362<x92>[B] (+1) +0.574275362<x93>[B] (+1) +0.574275362<x94>[B] (+1) -0.574275362<x95>[B] (+1) +0.574275362<x96>[B] (+1) -0.574275362<x97>[B] (+0) -0.574275362<x98>[B] (+1) -0.574275362<x99>[B] (+1) +0.574275362<x100>[B] (+0) -0.574275362<x101>[B] (+1) +0.574275362<x102>[B] (+0) +0.574275362<x103>[B] (+1) +0.574275362<x104>[B] (+0) +0.574275362<x105>[B] (+1) +0.574275362<x106>[B] (+0) -0.574275362<x107>[B] (+0) -0.574275362<x108>[B] (+0) +0.574275362<x109>[B] (+0) -0.574275362<x110>[B] (+0) +0.574275362<x111>[B] (+0) +0.574275362<x112>[B] (+0) -0.574275362<x113>[B] (+0) +0.574275362<x114>[B] (+0) -0.574275362<x115>[B] (+0) -0.574275362<x116>[B] (+0) -0.574275362<x117>[B] (+0) +0.574275362<x118>[B] (+0) -0.574275362<x119>[B] (+0) +0.574275362<x120>[B] (+0) +0.574275362<x121>[B] (+0) +0.574275362<x122>[B] (+0) +0.574275362<x123>[B] (+0) -0.574275362<x124>[B] (+1) -0.574275362<x125>[B] (+0) +0.574275362<x126>[B] (+0) -0.574275362<x127>[B] (+1) +0.574275362<x128>[B] (+1) -0.574275362<x129>[B] (+1) -0.574275362<x130>[B] (+1) -0.574275362<x131>[B] (+1) -0.574275362<x132>[B] (+1) -0.574275362<x133>[B] (+1) -0.574275362<x134>[B] (+1) +0.574275362<x135>[B] (+0) -0.574275362<x136>[B] (+1) +0.574275362<x137>[B] (+1) +0.574275362<x138>[B] (+1) +0.574275362<x139>[B] (+0) -0.574275362<x140>[B] (+1) -0.574275362<x141>[B] (+0) +0.574275362<x142>[B] (+0) -0.574275362<x143>[B] (+1) +0.574275362<x144>[B] (+1) +0.574275362<x145>[B] (+1) -0.574275362<x146>[B] (+1) +0.574275362<x147>[B] (+1) +0.574275362<x148>[B] (+0) -0.574275362<x149>[B] (+1) +0.574275362<x150>[B] (+0) +0.574275362<x151>[B] (+0) -0.574275362<x152>[B] (+1) +0.574275362<x153>[B] (+0) +0.574275362<x154>[B] (+0) +0.574275362<x155>[B] (+0) +0.574275362<x156>[B] (+1) +0.574275362<x157>[B] (+1) +0.574275362<x158>[B] (+1) +0.574275362<x159>[B] (+1) +0.574275362<x160>[B] (+1) -0.574275362<x161>[B] (+1) +0.574275362<x162>[B] (+1) +0.574275362<x163>[B] (+1) +0.574275362<x164>[B] (+1) +0.574275362<x165>[B] (+1) +0.574275362<x166>[B] (+1) +0.574275362<x167>[B] (+1) +0.574275362<x168>[B] (+1) +0.574275362<x169>[B] (+1) +0.574275362<x170>[B] (+1) +0.574275362<x171>[B] (+1) -0.574275362<x172>[B] (+1) +0.574275362<x173>[B] (+1) -0.574275362<x174>[B] (+1) -0.574275362<x175>[B] (+1) -0.574275362<x176>[B] (+1) -0.574275362<x177>[B] (+1) -0.574275362<x178>[B] (+1) -0.574275362<x179>[B] (+1) +0.574275362<x180>[B] (+0) -0.574275362<x181>[B] (+1) +0.574275362<x182>[B] (+1) +0.574275362<x183>[B] (+1) +0.574275362<x184>[B] (+0) -0.574275362<x185>[B] (+1) +0.574275362<x186>[B] (+0) +0.574275362<x187>[B] (+1) -0.574275362<x188>[B] (+0) +0.574275362<x189>[B] (+0) +0.574275362<x190>[B] (+0) -0.574275362<x191>[B] (+0) +0.574275362<x192>[B] (+0) +0.574275362<x193>[B] (+0) +0.574275362<x194>[B] (+1) +0.574275362<x195>[B] (+0) +0.574275362<x196>[B] (+0) +0.574275362<x197>[B] (+0) +0.574275362<x198>[B] (+0) -0.574275362<x199>[B] (+1) -0.574275362<x200>[B] (+0) -0.574275362<x201>[B] (+1) -0.574275362<x202>[B] (+0) -0.574275362<x203>[B] (+0) -0.574275362<x204>[B] (+0) +0.574275362<x205>[B] (+0) -0.574275362<x206>[B] (+1) -0.574275362<x207>[B] (+0) +0.574275362<x208>[B] (+0) -0.574275362<x209>[B] (+0) -0.574275362<x210>[B] (+0) -0.574275362<x211>[B] (+0) +0.574275362<x212>[B] (+0) -0.574275362<x213>[B] (+0) -0.574275362<x214>[B] (+0) -0.574275362<x215>[B] (+0) +0.574275362<x216>[B] (+0) -0.574275362<x217>[B] (+0) +0.574275362<x218>[B] (+0) +0.574275362<x219>[B] (+0) +0.574275362<x220>[B] (+0) +0.574275362<x221>[B] (+0) +0.574275362<x222>[B] (+1) +0.574275362<x223>[B] (+0) +0.574275362<x224>[B] (+0) +0.574275362<x225>[B] (+0) +0.574275362<x226>[B] (+0) +0.574275362<x227>[B] (+1) +0.574275362<x228>[B] (+0) +0.574275362<x229>[B] (+0) +0.574275362<x230>[B] (+0) +0.574275362<x231>[B] (+0) -0.574275362<x232>[B] (+0) -0.574275362<x233>[B] (+0) -0.574275362<x234>[B] (+0) +0.574275362<x235>[B] (+0) -0.574275362<x236>[B] (+1) +0.574275362<x237>[B] (+0) +0.574275362<x238>[B] (+0) +0.574275362<x239>[B] (+0) +0.574275362<x240>[B] (+0) -0.574275362<x241>[B] (+1) +0.574275362<x242>[B] (+1) +0.574275362<x243>[B] (+0) -0.574275362<x244>[B] (+1) +0.574275362<x245>[B] (+0) +0.574275362<x246>[B] (+1) +0.574275362<x247>[B] (+0) +0.574275362<x248>[B] (+1) +0.574275362<x249>[B] (+0) +0.574275362<x250>[B] (+0) +0.574275362<x251>[B] (+1) +0.574275362<x252>[B] (+0) +0.574275362<x253>[B] (+0) +0.574275362<x254>[B] (+0) +0.574275362<x255>[B] (+0) +0.574275362<x256>[B] (+0) -0.574275362<x257>[B] (+1) +0.574275362<x258>[B] (+0) +0.574275362<x259>[B] (+0) +0.574275362<x260>[B] (+0) +0.574275362<x261>[B] (+1) -0.574275362<x262>[B] (+1) -0.574275362<x263>[B] (+1) +0.574275362<x264>[B] (+1) -0.574275362<x265>[B] (+1) -0.574275362<x266>[B] (+1) +0.574275362<x267>[B] (+0) +0.574275362<x268>[B] (+0) +0.574275362<x269>[B] (+0) +0.574275362<x270>[B] (+0) +0.574275362<x271>[B] (+1) +0.574275362<x272>[B] (+0) -0.574275362<x273>[B] (+1) -0.574275362<x274>[B] (+0) -0.574275362<x275>[B] (+1) -0.574275362<x276>[B] (+1) >= 36.6105072463768;
;
violation: left hand side is violated by 0.0181159420290626
  [linear] <c4342>: <x281>[C] (+44.6322464) +0.574275362<x1>[B] (+0) -0.574275362<x2>[B] (+0) -0.574275362<x3>[B] (+0) -0.574275362<x4>[B] (+0) -0.574275362<x5>[B] (+1) -0.574275362<x6>[B] (+0) -0.574275362<x7>[B] (+0) -0.574275362<x8>[B] (+0) -0.574275362<x9>[B] (+0) -0.574275362<x10>[B] (+0) +0.574275362<x11>[B] (+0) -0.574275362<x12>[B] (+1) -0.574275362<x13>[B] (+0) -0.574275362<x14>[B] (+0) -0.574275362<x15>[B] (+0) -0.574275362<x16>[B] (+0) -0.574275362<x17>[B] (+0) +0.574275362<x18>[B] (+0) -0.574275362<x19>[B] (+1) -0.574275362<x20>[B] (+0) +0.574275362<x21>[B] (+0) +0.574275362<x22>[B] (+0) -0.574275362<x23>[B] (+0) -0.574275362<x24>[B] (+0) -0.574275362<x25>[B] (+0) -0.574275362<x26>[B] (+0) -0.574275362<x27>[B] (+1) -0.574275362<x28>[B] (+0) -0.574275362<x29>[B] (+0) -0.574275362<x30>[B] (+0) -0.574275362<x31>[B] (+0) -0.574275362<x32>[B] (+0) -0.574275362<x33>[B] (+0) -0.574275362<x34>[B] (+1) -0.574275362<x35>[B] (+0) -0.574275362<x36>[B] (+0) -0.574275362<x37>[B] (+0) -0.574275362<x38>[B] (+0) -0.574275362<x39>[B] (+0) +0.574275362<x40>[B] (+0) -0.574275362<x41>[B] (+1) -0.574275362<x42>[B] (+0) +0.574275362<x43>[B] (+0) -0.574275362<x44>[B] (+0) -0.574275362<x45>[B] (+0) -0.574275362<x46>[B] (+1) -0.574275362<x47>[B] (+0) -0.574275362<x48>[B] (+1) -0.574275362<x49>[B] (+0) -0.574275362<x50>[B] (+0) -0.574275362<x51>[B] (+0) -0.574275362<x52>[B] (+0) -0.574275362<x53>[B] (+1) +0.574275362<x54>[B] (+0) -0.574275362<x55>[B] (+1) -0.574275362<x56>[B] (+0) -0.574275362<x57>[B] (+1) -0.574275362<x58>[B] (+0) -0.574275362<x59>[B] (+0) -0.574275362<x60>[B] (+0) +0.574275362<x61>[B] (+0) -0.574275362<x62>[B] (+1) +0.574275362<x63>[B] (+0) +0.574275362<x64>[B] (+0) +0.574275362<x65>[B] (+0) -0.574275362<x66>[B] (+0) +0.574275362<x67>[B] (+0) +0.574275362<x68>[B] (+1) +0.574275362<x69>[B] (+0) +0.574275362<x70>[B] (+0) -0.574275362<x71>[B] (+0) +0.574275362<x72>[B] (+0) -0.574275362<x73>[B] (+1) +0.574275362<x74>[B] (+0) +0.574275362<x75>[B] (+1) -0.574275362<x76>[B] (+0) +0.574275362<x77>[B] (+1) +0.574275362<x78>[B] (+0) -0.574275362<x79>[B] (+0) +0.574275362<x80>[B] (+0) +0.574275362<x81>[B] (+0) +0.574275362<x82>[B] (+1) +0.574275362<x83>[B] (+0) +0.574275362<x84>[B] (+0) +0.574275362<x85>[B] (+0) +0.574275362<x86>[B] (+0) -0.574275362<x87>[B] (+1) +0.574275362<x88>[B] (+0) -0.574275362<x89>[B] (+1) -0.574275362<x90>[B] (+0) +0.574275362<x91>[B] (+0) -0.574275362<x92>[B] (+1) +0.574275362<x93>[B] (+1) +0.574275362<x94>[B] (+1) -0.574275362<x95>[B] (+1) +0.574275362<x96>[B] (+1) -0.574275362<x97>[B] (+0) -0.574275362<x98>[B] (+1) -0.574275362<x99>[B] (+1) +0.574275362<x100>[B] (+0) -0.574275362<x101>[B] (+1) +0.574275362<x102>[B] (+0) +0.574275362<x103>[B] (+1) +0.574275362<x104>[B] (+0) +0.574275362<x105>[B] (+0) +0.574275362<x106>[B] (+0) -0.574275362<x107>[B] (+0) -0.574275362<x108>[B] (+0) +0.574275362<x109>[B] (+0) -0.574275362<x110>[B] (+0) +0.574275362<x111>[B] (+0) +0.574275362<x112>[B] (+0) -0.574275362<x113>[B] (+0) +0.574275362<x114>[B] (+0) -0.574275362<x115>[B] (+0) -0.574275362<x116>[B] (+0) -0.574275362<x117>[B] (+0) +0.574275362<x118>[B] (+0) -0.574275362<x119>[B] (+0) +0.574275362<x120>[B] (+0) +0.574275362<x121>[B] (+0) +0.574275362<x122>[B] (+0) +0.574275362<x123>[B] (+0) -0.574275362<x124>[B] (+1) -0.574275362<x125>[B] (+0) +0.574275362<x126>[B] (+0) -0.574275362<x127>[B] (+1) +0.574275362<x128>[B] (+1) -0.574275362<x129>[B] (+1) -0.574275362<x130>[B] (+1) -0.574275362<x131>[B] (+1) -0.574275362<x132>[B] (+1) -0.574275362<x133>[B] (+1) -0.574275362<x134>[B] (+1) +0.574275362<x135>[B] (+0) -0.574275362<x136>[B] (+1) +0.574275362<x137>[B] (+1) +0.574275362<x138>[B] (+1) +0.574275362<x139>[B] (+0) -0.574275362<x140>[B] (+1) -0.574275362<x141>[B] (+0) +0.574275362<x142>[B] (+0) -0.574275362<x143>[B] (+1) +0.574275362<x144>[B] (+1) +0.574275362<x145>[B] (+1) -0.574275362<x146>[B] (+1) +0.574275362<x147>[B] (+1) +0.574275362<x148>[B] (+0) -0.574275362<x149>[B] (+0) +0.574275362<x150>[B] (+0) +0.574275362<x151>[B] (+0) -0.574275362<x152>[B] (+1) +0.574275362<x153>[B] (+0) +0.574275362<x154>[B] (+0) +0.574275362<x155>[B] (+0) +0.574275362<x156>[B] (+0) +0.574275362<x157>[B] (+1) +0.574275362<x158>[B] (+1) +0.574275362<x159>[B] (+1) +0.574275362<x160>[B] (+1) -0.574275362<x161>[B] (+1) +0.574275362<x162>[B] (+1) +0.574275362<x163>[B] (+1) +0.574275362<x164>[B] (+1) +0.574275362<x165>[B] (+1) +0.574275362<x166>[B] (+1) +0.574275362<x167>[B] (+1) +0.574275362<x168>[B] (+1) +0.574275362<x169>[B] (+1) +0.574275362<x170>[B] (+1) +0.574275362<x171>[B] (+1) -0.574275362<x172>[B] (+1) +0.574275362<x173>[B] (+1) -0.574275362<x174>[B] (+1) -0.574275362<x175>[B] (+1) -0.574275362<x176>[B] (+1) -0.574275362<x177>[B] (+1) -0.574275362<x178>[B] (+1) -0.574275362<x179>[B] (+1) +0.574275362<x180>[B] (+0) -0.574275362<x181>[B] (+1) +0.574275362<x182>[B] (+1) +0.574275362<x183>[B] (+1) +0.574275362<x184>[B] (+0) -0.574275362<x185>[B] (+1) +0.574275362<x186>[B] (+0) +0.574275362<x187>[B] (+1) -0.574275362<x188>[B] (+0) +0.574275362<x189>[B] (+0) +0.574275362<x190>[B] (+0) -0.574275362<x191>[B] (+0) +0.574275362<x192>[B] (+0) +0.574275362<x193>[B] (+0) +0.574275362<x194>[B] (+1) +0.574275362<x195>[B] (+0) +0.574275362<x196>[B] (+0) +0.574275362<x197>[B] (+0) +0.574275362<x198>[B] (+0) -0.574275362<x199>[B] (+1) -0.574275362<x200>[B] (+0) -0.574275362<x201>[B] (+1) -0.574275362<x202>[B] (+0) -0.574275362<x203>[B] (+0) -0.574275362<x204>[B] (+0) +0.574275362<x205>[B] (+0) -0.574275362<x206>[B] (+1) -0.574275362<x207>[B] (+0) +0.574275362<x208>[B] (+0) -0.574275362<x209>[B] (+0) -0.574275362<x210>[B] (+0) -0.574275362<x211>[B] (+0) +0.574275362<x212>[B] (+0) -0.574275362<x213>[B] (+0) -0.574275362<x214>[B] (+0) -0.574275362<x215>[B] (+0) +0.574275362<x216>[B] (+0) -0.574275362<x217>[B] (+0) +0.574275362<x218>[B] (+0) +0.574275362<x219>[B] (+0) +0.574275362<x220>[B] (+0) +0.574275362<x221>[B] (+0) +0.574275362<x222>[B] (+1) +0.574275362<x223>[B] (+0) +0.574275362<x224>[B] (+0) +0.574275362<x225>[B] (+0) +0.574275362<x226>[B] (+0) +0.574275362<x227>[B] (+1) +0.574275362<x228>[B] (+0) +0.574275362<x229>[B] (+0) +0.574275362<x230>[B] (+0) +0.574275362<x231>[B] (+0) -0.574275362<x232>[B] (+0) -0.574275362<x233>[B] (+0) -0.574275362<x234>[B] (+0) +0.574275362<x235>[B] (+0) -0.574275362<x236>[B] (+1) +0.574275362<x237>[B] (+0) +0.574275362<x238>[B] (+0) +0.574275362<x239>[B] (+0) +0.574275362<x240>[B] (+0) -0.574275362<x241>[B] (+1) +0.574275362<x242>[B] (+1) +0.574275362<x243>[B] (+0) -0.574275362<x244>[B] (+1) +0.574275362<x245>[B] (+0) +0.574275362<x246>[B] (+1) +0.574275362<x247>[B] (+0) +0.574275362<x248>[B] (+0) +0.574275362<x249>[B] (+0) +0.574275362<x250>[B] (+0) +0.574275362<x251>[B] (+1) +0.574275362<x252>[B] (+0) +0.574275362<x253>[B] (+1) +0.574275362<x254>[B] (+0) +0.574275362<x255>[B] (+0) +0.574275362<x256>[B] (+0) -0.574275362<x257>[B] (+1) +0.574275362<x258>[B] (+0) +0.574275362<x259>[B] (+1) +0.574275362<x260>[B] (+0) +0.574275362<x261>[B] (+0) -0.574275362<x262>[B] (+1) -0.574275362<x263>[B] (+1) +0.574275362<x264>[B] (+1) -0.574275362<x265>[B] (+1) -0.574275362<x266>[B] (+1) +0.574275362<x267>[B] (+0) +0.574275362<x268>[B] (+0) +0.574275362<x269>[B] (+0) +0.574275362<x270>[B] (+0) +0.574275362<x271>[B] (+1) +0.574275362<x272>[B] (+0) -0.574275362<x273>[B] (+1) -0.574275362<x274>[B] (+0) -0.574275362<x275>[B] (+0) -0.574275362<x276>[B] (+1) >= 36.6105072463768;
;
violation: left hand side is violated by 0.0181159420290129
  [linear] <c4356>: <x300>[C] (+42.3315217) +0.53442029<x1>[B] (+1) +0.53442029<x2>[B] (+1) +0.53442029<x3>[B] (+1) +0.53442029<x4>[B] (+1) +0.53442029<x5>[B] (+1) +0.53442029<x6>[B] (+1) +0.53442029<x7>[B] (+1) +0.53442029<x8>[B] (+0) +0.53442029<x9>[B] (+0) +0.53442029<x10>[B] (+1) +0.53442029<x11>[B] (+1) +0.53442029<x12>[B] (+1) +0.53442029<x13>[B] (+1) +0.53442029<x14>[B] (+1) -0.53442029<x15>[B] (+1) -0.53442029<x16>[B] (+1) +0.53442029<x17>[B] (+0) +0.53442029<x18>[B] (+0) +0.53442029<x19>[B] (+1) +0.53442029<x20>[B] (+1) +0.53442029<x21>[B] (+1) +0.53442029<x22>[B] (+0) +0.53442029<x23>[B] (+1) +0.53442029<x24>[B] (+0) +0.53442029<x25>[B] (+0) +0.53442029<x26>[B] (+0) +0.53442029<x27>[B] (+1) +0.53442029<x28>[B] (+0) +0.53442029<x29>[B] (+0) +0.53442029<x30>[B] (+0) -0.53442029<x31>[B] (+0) +0.53442029<x32>[B] (+0) +0.53442029<x33>[B] (+0) +0.53442029<x34>[B] (+1) -0.53442029<x35>[B] (+1) +0.53442029<x36>[B] (+0) -0.53442029<x37>[B] (+0) -0.53442029<x38>[B] (+0) +0.53442029<x39>[B] (+0) +0.53442029<x40>[B] (+0) +0.53442029<x41>[B] (+1) +0.53442029<x42>[B] (+0) -0.53442029<x43>[B] (+1) -0.53442029<x44>[B] (+0) +0.53442029<x45>[B] (+0) -0.53442029<x46>[B] (+1) -0.53442029<x47>[B] (+0) -0.53442029<x48>[B] (+1) -0.53442029<x49>[B] (+0) -0.53442029<x50>[B] (+0) +0.53442029<x51>[B] (+0) -0.53442029<x52>[B] (+0) -0.53442029<x53>[B] (+1) -0.53442029<x54>[B] (+0) -0.53442029<x55>[B] (+1) -0.53442029<x56>[B] (+1) -0.53442029<x57>[B] (+1) -0.53442029<x58>[B] (+0) -0.53442029<x59>[B] (+1) -0.53442029<x60>[B] (+0) -0.53442029<x61>[B] (+0) -0.53442029<x62>[B] (+1) -0.53442029<x63>[B] (+0) -0.53442029<x64>[B] (+1) -0.53442029<x65>[B] (+0) -0.53442029<x66>[B] (+1) +0.53442029<x67>[B] (+0) -0.53442029<x68>[B] (+1) -0.53442029<x69>[B] (+0) +0.53442029<x70>[B] (+0) +0.53442029<x71>[B] (+0) -0.53442029<x72>[B] (+0) -0.53442029<x73>[B] (+0) -0.53442029<x74>[B] (+0) -0.53442029<x75>[B] (+1) -0.53442029<x76>[B] (+1) -0.53442029<x77>[B] (+0) -0.53442029<x78>[B] (+0) -0.53442029<x79>[B] (+0) +0.53442029<x80>[B] (+0) +0.53442029<x81>[B] (+0) +0.53442029<x82>[B] (+1) +0.53442029<x83>[B] (+0) -0.53442029<x84>[B] (+1) -0.53442029<x85>[B] (+0) +0.53442029<x86>[B] (+0) -0.53442029<x87>[B] (+1) -0.53442029<x88>[B] (+0) -0.53442029<x89>[B] (+1) +0.53442029<x90>[B] (+0) -0.53442029<x91>[B] (+0) -0.53442029<x92>[B] (+1) -0.53442029<x93>[B] (+1) -0.53442029<x94>[B] (+1) -0.53442029<x95>[B] (+1) -0.53442029<x96>[B] (+1) -0.53442029<x97>[B] (+0) -0.53442029<x98>[B] (+1) -0.53442029<x99>[B] (+0) -0.53442029<x100>[B] (+0) -0.53442029<x101>[B] (+1) -0.53442029<x102>[B] (+1) -0.53442029<x103>[B] (+1) -0.53442029<x104>[B] (+0) -0.53442029<x105>[B] (+1) -0.53442029<x106>[B] (+0) +0.53442029<x107>[B] (+0) +0.53442029<x108>[B] (+0) -0.53442029<x109>[B] (+0) -0.53442029<x110>[B] (+0) -0.53442029<x111>[B] (+0) -0.53442029<x112>[B] (+0) -0.53442029<x113>[B] (+1) +0.53442029<x114>[B] (+0) -0.53442029<x115>[B] (+0) -0.53442029<x116>[B] (+0) +0.53442029<x117>[B] (+0) +0.53442029<x118>[B] (+0) +0.53442029<x119>[B] (+0) +0.53442029<x120>[B] (+0) -0.53442029<x121>[B] (+0) -0.53442029<x122>[B] (+0) +0.53442029<x123>[B] (+0) +0.53442029<x124>[B] (+1) +0.53442029<x125>[B] (+0) -0.53442029<x126>[B] (+0) +0.53442029<x127>[B] (+1) +0.53442029<x128>[B] (+1) +0.53442029<x129>[B] (+1) -0.53442029<x130>[B] (+1) +0.53442029<x131>[B] (+1) -0.53442029<x132>[B] (+0) -0.53442029<x133>[B] (+1) +0.53442029<x134>[B] (+0) +0.53442029<x135>[B] (+0) +0.53442029<x136>[B] (+1) +0.53442029<x137>[B] (+1) -0.53442029<x138>[B] (+1) -0.53442029<x139>[B] (+0) +0.53442029<x140>[B] (+1) +0.53442029<x141>[B] (+0) -0.53442029<x142>[B] (+0) -0.53442029<x143>[B] (+1) -0.53442029<x144>[B] (+1) -0.53442029<x145>[B] (+1) -0.53442029<x146>[B] (+1) -0.53442029<x147>[B] (+1) -0.53442029<x148>[B] (+0) -0.53442029<x149>[B] (+1) +0.53442029<x150>[B] (+0) -0.53442029<x151>[B] (+0) +0.53442029<x152>[B] (+1) -0.53442029<x153>[B] (+0) -0.53442029<x154>[B] (+1) -0.53442029<x155>[B] (+0) -0.53442029<x156>[B] (+1) -0.53442029<x157>[B] (+1) -0.53442029<x158>[B] (+1) -0.53442029<x159>[B] (+1) -0.53442029<x160>[B] (+1) -0.53442029<x161>[B] (+1) -0.53442029<x162>[B] (+1) -0.53442029<x163>[B] (+1) -0.53442029<x164>[B] (+1) -0.53442029<x165>[B] (+1) -0.53442029<x166>[B] (+1) -0.53442029<x167>[B] (+1) -0.53442029<x168>[B] (+1) -0.53442029<x169>[B] (+1) -0.53442029<x170>[B] (+1) -0.53442029<x171>[B] (+1) +0.53442029<x172>[B] (+1) +0.53442029<x173>[B] (+1) +0.53442029<x174>[B] (+1) +0.53442029<x175>[B] (+1) +0.53442029<x176>[B] (+1) -0.53442029<x177>[B] (+1) -0.53442029<x178>[B] (+1) +0.53442029<x179>[B] (+1) +0.53442029<x180>[B] (+0) +0.53442029<x181>[B] (+1) +0.53442029<x182>[B] (+1) +0.53442029<x183>[B] (+1) +0.53442029<x184>[B] (+0) +0.53442029<x185>[B] (+1) +0.53442029<x186>[B] (+0) +0.53442029<x187>[B] (+1) -0.53442029<x188>[B] (+1) +0.53442029<x189>[B] (+0) -0.53442029<x190>[B] (+0) -0.53442029<x191>[B] (+0) +0.53442029<x192>[B] (+0) +0.53442029<x193>[B] (+0) +0.53442029<x194>[B] (+1) +0.53442029<x195>[B] (+0) -0.53442029<x196>[B] (+1) -0.53442029<x197>[B] (+0) +0.53442029<x198>[B] (+0) +0.53442029<x199>[B] (+1) -0.53442029<x200>[B] (+1) +0.53442029<x201>[B] (+1) -0.53442029<x202>[B] (+0) -0.53442029<x203>[B] (+1) +0.53442029<x204>[B] (+0) +0.53442029<x205>[B] (+0) +0.53442029<x206>[B] (+1) +0.53442029<x207>[B] (+0) -0.53442029<x208>[B] (+1) -0.53442029<x209>[B] (+0) +0.53442029<x210>[B] (+1) -0.53442029<x211>[B] (+1) +0.53442029<x212>[B] (+0) -0.53442029<x213>[B] (+0) -0.53442029<x214>[B] (+0) +0.53442029<x215>[B] (+0) +0.53442029<x216>[B] (+0) +0.53442029<x217>[B] (+0) +0.53442029<x218>[B] (+0) -0.53442029<x219>[B] (+0) -0.53442029<x220>[B] (+0) +0.53442029<x221>[B] (+0) +0.53442029<x222>[B] (+0) -0.53442029<x223>[B] (+0) -0.53442029<x224>[B] (+0) +0.53442029<x225>[B] (+0) +0.53442029<x226>[B] (+0) +0.53442029<x227>[B] (+0) +0.53442029<x228>[B] (+0) -0.53442029<x229>[B] (+0) +0.53442029<x230>[B] (+0) +0.53442029<x231>[B] (+0) -0.53442029<x232>[B] (+0) -0.53442029<x233>[B] (+0) +0.53442029<x234>[B] (+0) +0.53442029<x235>[B] (+0) +0.53442029<x236>[B] (+1) +0.53442029<x237>[B] (+0) -0.53442029<x238>[B] (+1) -0.53442029<x239>[B] (+0) +0.53442029<x240>[B] (+0) +0.53442029<x241>[B] (+1) +0.53442029<x242>[B] (+0) +0.53442029<x243>[B] (+0) +0.53442029<x244>[B] (+1) +0.53442029<x245>[B] (+1) +0.53442029<x246>[B] (+1) +0.53442029<x247>[B] (+0) +0.53442029<x248>[B] (+1) +0.53442029<x249>[B] (+0) +0.53442029<x250>[B] (+0) +0.53442029<x251>[B] (+1) +0.53442029<x252>[B] (+0) +0.53442029<x253>[B] (+1) +0.53442029<x254>[B] (+0) +0.53442029<x255>[B] (+1) -0.53442029<x256>[B] (+0) -0.53442029<x257>[B] (+1) -0.53442029<x258>[B] (+1) -0.53442029<x259>[B] (+1) -0.53442029<x260>[B] (+0) -0.53442029<x261>[B] (+1) +0.53442029<x262>[B] (+1) +0.53442029<x263>[B] (+1) -0.53442029<x264>[B] (+1) -0.53442029<x265>[B] (+1) -0.53442029<x266>[B] (+1) -0.53442029<x267>[B] (+0) -0.53442029<x268>[B] (+1) -0.53442029<x269>[B] (+0) -0.53442029<x270>[B] (+0) -0.53442029<x271>[B] (+1) -0.53442029<x272>[B] (+0) -0.53442029<x273>[B] (+1) +0.53442029<x274>[B] (+0) +0.53442029<x275>[B] (+0) +0.53442029<x276>[B] (+1) >= 32.1992753623189;
;
violation: left hand side is violated by 0.0217391304347814
  [linear] <c4343>: <x283>[C] (+47.4673913) +0.596014493<x1>[B] (+1) +0.596014493<x2>[B] (+1) +0.596014493<x3>[B] (+1) -0.596014493<x4>[B] (+0) +0.596014493<x5>[B] (+1) +0.596014493<x6>[B] (+0) -0.596014493<x7>[B] (+0) +0.596014493<x8>[B] (+0) +0.596014493<x9>[B] (+0) +0.596014493<x10>[B] (+1) +0.596014493<x11>[B] (+0) +0.596014493<x12>[B] (+1) +0.596014493<x13>[B] (+1) +0.596014493<x14>[B] (+1) +0.596014493<x15>[B] (+0) +0.596014493<x16>[B] (+0) +0.596014493<x17>[B] (+0) +0.596014493<x18>[B] (+0) +0.596014493<x19>[B] (+1) +0.596014493<x20>[B] (+0) +0.596014493<x21>[B] (+0) +0.596014493<x22>[B] (+0) +0.596014493<x23>[B] (+0) -0.596014493<x24>[B] (+0) -0.596014493<x25>[B] (+0) -0.596014493<x26>[B] (+0) -0.596014493<x27>[B] (+1) -0.596014493<x28>[B] (+0) -0.596014493<x29>[B] (+0) -0.596014493<x30>[B] (+0) -0.596014493<x31>[B] (+0) -0.596014493<x32>[B] (+0) -0.596014493<x33>[B] (+0) -0.596014493<x34>[B] (+1) -0.596014493<x35>[B] (+0) +0.596014493<x36>[B] (+0) -0.596014493<x37>[B] (+0) -0.596014493<x38>[B] (+0) -0.596014493<x39>[B] (+0) -0.596014493<x40>[B] (+0) -0.596014493<x41>[B] (+1) -0.596014493<x42>[B] (+0) -0.596014493<x43>[B] (+0) -0.596014493<x44>[B] (+0) -0.596014493<x45>[B] (+0) -0.596014493<x46>[B] (+1) -0.596014493<x47>[B] (+0) -0.596014493<x48>[B] (+1) -0.596014493<x49>[B] (+0) -0.596014493<x50>[B] (+0) +0.596014493<x51>[B] (+0) -0.596014493<x52>[B] (+0) -0.596014493<x53>[B] (+1) -0.596014493<x54>[B] (+0) -0.596014493<x55>[B] (+1) -0.596014493<x56>[B] (+1) +0.596014493<x57>[B] (+1) -0.596014493<x58>[B] (+0) +0.596014493<x59>[B] (+0) -0.596014493<x60>[B] (+0) -0.596014493<x61>[B] (+0) -0.596014493<x62>[B] (+1) -0.596014493<x63>[B] (+0) +0.596014493<x64>[B] (+0) -0.596014493<x65>[B] (+0) -0.596014493<x66>[B] (+0) -0.596014493<x67>[B] (+0) -0.596014493<x68>[B] (+1) +0.596014493<x69>[B] (+0) -0.596014493<x70>[B] (+0) +0.596014493<x71>[B] (+0) +0.596014493<x72>[B] (+0) +0.596014493<x73>[B] (+0) +0.596014493<x74>[B] (+0) +0.596014493<x75>[B] (+1) +0.596014493<x76>[B] (+1) +0.596014493<x77>[B] (+0) -0.596014493<x78>[B] (+0) +0.596014493<x79>[B] (+0) +0.596014493<x80>[B] (+0) +0.596014493<x81>[B] (+0) +0.596014493<x82>[B] (+1) +0.596014493<x83>[B] (+0) +0.596014493<x84>[B] (+0) +0.596014493<x85>[B] (+0) +0.596014493<x86>[B] (+0) +0.596014493<x87>[B] (+1) +0.596014493<x88>[B] (+0) -0.596014493<x89>[B] (+1) +0.596014493<x90>[B] (+0) +0.596014493<x91>[B] (+0) +0.596014493<x92>[B] (+1) +0.596014493<x93>[B] (+1) +0.596014493<x94>[B] (+1) +0.596014493<x95>[B] (+1) +0.596014493<x96>[B] (+1) +0.596014493<x97>[B] (+0) +0.596014493<x98>[B] (+1) +0.596014493<x99>[B] (+0) +0.596014493<x100>[B] (+0) +0.596014493<x101>[B] (+1) +0.596014493<x102>[B] (+1) +0.596014493<x103>[B] (+0) +0.596014493<x104>[B] (+0) +0.596014493<x105>[B] (+1) +0.596014493<x106>[B] (+0) -0.596014493<x107>[B] (+0) +0.596014493<x108>[B] (+0) +0.596014493<x109>[B] (+0) +0.596014493<x110>[B] (+0) +0.596014493<x111>[B] (+0) +0.596014493<x112>[B] (+0) +0.596014493<x113>[B] (+0) +0.596014493<x114>[B] (+0) -0.596014493<x115>[B] (+0) +0.596014493<x116>[B] (+0) +0.596014493<x117>[B] (+0) +0.596014493<x118>[B] (+0) +0.596014493<x119>[B] (+0) +0.596014493<x120>[B] (+0) +0.596014493<x121>[B] (+0) +0.596014493<x122>[B] (+0) +0.596014493<x123>[B] (+0) -0.596014493<x124>[B] (+1) +0.596014493<x125>[B] (+0) +0.596014493<x126>[B] (+0) -0.596014493<x127>[B] (+1) -0.596014493<x128>[B] (+1) -0.596014493<x129>[B] (+1) -0.596014493<x130>[B] (+1) +0.596014493<x131>[B] (+1) -0.596014493<x132>[B] (+0) +0.596014493<x133>[B] (+1) -0.596014493<x134>[B] (+0) +0.596014493<x135>[B] (+0) -0.596014493<x136>[B] (+1) -0.596014493<x137>[B] (+1) +0.596014493<x138>[B] (+0) -0.596014493<x139>[B] (+0) -0.596014493<x140>[B] (+1) +0.596014493<x141>[B] (+0) +0.596014493<x142>[B] (+0) +0.596014493<x143>[B] (+1) +0.596014493<x144>[B] (+1) +0.596014493<x145>[B] (+1) +0.596014493<x146>[B] (+1) +0.596014493<x147>[B] (+1) +0.596014493<x148>[B] (+0) +0.596014493<x149>[B] (+0) +0.596014493<x150>[B] (+0) +0.596014493<x151>[B] (+0) +0.596014493<x152>[B] (+1) +0.596014493<x153>[B] (+0) +0.596014493<x154>[B] (+0) +0.596014493<x155>[B] (+0) +0.596014493<x156>[B] (+0) -0.596014493<x157>[B] (+1) -0.596014493<x158>[B] (+1) -0.596014493<x159>[B] (+1) -0.596014493<x160>[B] (+1) -0.596014493<x161>[B] (+1) +0.596014493<x162>[B] (+1) -0.596014493<x163>[B] (+1) -0.596014493<x164>[B] (+1) -0.596014493<x165>[B] (+1) -0.596014493<x166>[B] (+1) -0.596014493<x167>[B] (+1) -0.596014493<x168>[B] (+1) -0.596014493<x169>[B] (+1) -0.596014493<x170>[B] (+1) -0.596014493<x171>[B] (+1) -0.596014493<x172>[B] (+1) -0.596014493<x173>[B] (+1) -0.596014493<x174>[B] (+1) -0.596014493<x175>[B] (+1) +0.596014493<x176>[B] (+1) -0.596014493<x177>[B] (+1) +0.596014493<x178>[B] (+1) -0.596014493<x179>[B] (+1) -0.596014493<x180>[B] (+0) -0.596014493<x181>[B] (+1) -0.596014493<x182>[B] (+1) +0.596014493<x183>[B] (+1) -0.596014493<x184>[B] (+0) -0.596014493<x185>[B] (+1) -0.596014493<x186>[B] (+0) -0.596014493<x187>[B] (+1) -0.596014493<x188>[B] (+1) +0.596014493<x189>[B] (+0) -0.596014493<x190>[B] (+0) +0.596014493<x191>[B] (+0) +0.596014493<x192>[B] (+0) +0.596014493<x193>[B] (+0) -0.596014493<x194>[B] (+1) -0.596014493<x195>[B] (+0) +0.596014493<x196>[B] (+0) +0.596014493<x197>[B] (+0) +0.596014493<x198>[B] (+0) +0.596014493<x199>[B] (+1) -0.596014493<x200>[B] (+1) +0.596014493<x201>[B] (+1) -0.596014493<x202>[B] (+0) +0.596014493<x203>[B] (+0) +0.596014493<x204>[B] (+0) +0.596014493<x205>[B] (+0) +0.596014493<x206>[B] (+1) +0.596014493<x207>[B] (+0) +0.596014493<x208>[B] (+0) +0.596014493<x209>[B] (+0) +0.596014493<x210>[B] (+0) -0.596014493<x211>[B] (+0) +0.596014493<x212>[B] (+0) -0.596014493<x213>[B] (+0) +0.596014493<x214>[B] (+0) +0.596014493<x215>[B] (+0) +0.596014493<x216>[B] (+0) -0.596014493<x217>[B] (+0) +0.596014493<x218>[B] (+0) +0.596014493<x219>[B] (+0) +0.596014493<x220>[B] (+0) +0.596014493<x221>[B] (+0) +0.596014493<x222>[B] (+0) -0.596014493<x223>[B] (+0) +0.596014493<x224>[B] (+0) +0.596014493<x225>[B] (+0) +0.596014493<x226>[B] (+0) +0.596014493<x227>[B] (+1) +0.596014493<x228>[B] (+0) +0.596014493<x229>[B] (+0) +0.596014493<x230>[B] (+0) +0.596014493<x231>[B] (+0) -0.596014493<x232>[B] (+0) -0.596014493<x233>[B] (+0) -0.596014493<x234>[B] (+0) -0.596014493<x235>[B] (+0) -0.596014493<x236>[B] (+1) -0.596014493<x237>[B] (+0) -0.596014493<x238>[B] (+0) -0.596014493<x239>[B] (+0) -0.596014493<x240>[B] (+0) +0.596014493<x241>[B] (+1) +0.596014493<x242>[B] (+1) +0.596014493<x243>[B] (+0) +0.596014493<x244>[B] (+1) +0.596014493<x245>[B] (+1) +0.596014493<x246>[B] (+1) +0.596014493<x247>[B] (+0) +0.596014493<x248>[B] (+1) -0.596014493<x249>[B] (+0) -0.596014493<x250>[B] (+0) -0.596014493<x251>[B] (+1) -0.596014493<x252>[B] (+0) -0.596014493<x253>[B] (+0) -0.596014493<x254>[B] (+0) -0.596014493<x255>[B] (+0) +0.596014493<x256>[B] (+0) -0.596014493<x257>[B] (+1) -0.596014493<x258>[B] (+1) +0.596014493<x259>[B] (+1) -0.596014493<x260>[B] (+0) -0.596014493<x261>[B] (+1) -0.596014493<x262>[B] (+1) -0.596014493<x263>[B] (+1) +0.596014493<x264>[B] (+1) -0.596014493<x265>[B] (+1) -0.596014493<x266>[B] (+1) +0.596014493<x267>[B] (+0) +0.596014493<x268>[B] (+0) +0.596014493<x269>[B] (+0) +0.596014493<x270>[B] (+0) +0.596014493<x271>[B] (+0) +0.596014493<x272>[B] (+0) +0.596014493<x273>[B] (+1) -0.596014493<x274>[B] (+0) -0.596014493<x275>[B] (+1) +0.596014493<x276>[B] (+1) >= 43.3605072463768;
;
violation: left hand side is violated by 0.0652173913043583
  [linear] <c4376>: <x328>[C] (+59.3460145) +0.657608696<x1>[B] (+1) -0.657608696<x2>[B] (+1) +0.657608696<x3>[B] (+1) +0.657608696<x4>[B] (+0) +0.657608696<x5>[B] (+1) +0.657608696<x6>[B] (+0) +0.657608696<x7>[B] (+0) -0.657608696<x8>[B] (+0) +0.657608696<x9>[B] (+0) +0.657608696<x10>[B] (+1) +0.657608696<x11>[B] (+0) +0.657608696<x12>[B] (+1) +0.657608696<x13>[B] (+1) -0.657608696<x14>[B] (+1) +0.657608696<x15>[B] (+0) +0.657608696<x16>[B] (+1) +0.657608696<x17>[B] (+0) +0.657608696<x18>[B] (+0) -0.657608696<x19>[B] (+1) +0.657608696<x20>[B] (+0) +0.657608696<x21>[B] (+0) +0.657608696<x22>[B] (+0) +0.657608696<x23>[B] (+0) -0.657608696<x24>[B] (+0) +0.657608696<x25>[B] (+0) +0.657608696<x26>[B] (+0) -0.657608696<x27>[B] (+1) +0.657608696<x28>[B] (+0) +0.657608696<x29>[B] (+0) -0.657608696<x30>[B] (+0) +0.657608696<x31>[B] (+0) -0.657608696<x32>[B] (+0) +0.657608696<x33>[B] (+0) +0.657608696<x34>[B] (+1) +0.657608696<x35>[B] (+0) -0.657608696<x36>[B] (+0) +0.657608696<x37>[B] (+0) +0.657608696<x38>[B] (+0) +0.657608696<x39>[B] (+0) +0.657608696<x40>[B] (+0) -0.657608696<x41>[B] (+1) +0.657608696<x42>[B] (+0) -0.657608696<x43>[B] (+0) +0.657608696<x44>[B] (+0) +0.657608696<x45>[B] (+0) +0.657608696<x46>[B] (+1) +0.657608696<x47>[B] (+0) +0.657608696<x48>[B] (+1) +0.657608696<x49>[B] (+0) +0.657608696<x50>[B] (+0) -0.657608696<x51>[B] (+0) +0.657608696<x52>[B] (+0) +0.657608696<x53>[B] (+1) +0.657608696<x54>[B] (+0) +0.657608696<x55>[B] (+1) +0.657608696<x56>[B] (+1) -0.657608696<x57>[B] (+1) +0.657608696<x58>[B] (+0) +0.657608696<x59>[B] (+0) +0.657608696<x60>[B] (+0) +0.657608696<x61>[B] (+0) -0.657608696<x62>[B] (+1) +0.657608696<x63>[B] (+0) +0.657608696<x64>[B] (+0) +0.657608696<x65>[B] (+0) +0.657608696<x66>[B] (+0) +0.657608696<x67>[B] (+0) -0.657608696<x68>[B] (+1) +0.657608696<x69>[B] (+0) +0.657608696<x70>[B] (+0) -0.657608696<x71>[B] (+0) +0.657608696<x72>[B] (+0) -0.657608696<x73>[B] (+1) +0.657608696<x74>[B] (+0) +0.657608696<x75>[B] (+1) +0.657608696<x76>[B] (+1) -0.657608696<x77>[B] (+1) +0.657608696<x78>[B] (+0) +0.657608696<x79>[B] (+0) +0.657608696<x80>[B] (+0) +0.657608696<x81>[B] (+0) -0.657608696<x82>[B] (+1) +0.657608696<x83>[B] (+0) -0.657608696<x84>[B] (+0) +0.657608696<x85>[B] (+0) +0.657608696<x86>[B] (+0) -0.657608696<x87>[B] (+1) -0.657608696<x88>[B] (+0) -0.657608696<x89>[B] (+1) -0.657608696<x90>[B] (+0) +0.657608696<x91>[B] (+0) -0.657608696<x92>[B] (+1) +0.657608696<x93>[B] (+1) -0.657608696<x94>[B] (+1) -0.657608696<x95>[B] (+1) -0.657608696<x96>[B] (+1) -0.657608696<x97>[B] (+0) -0.657608696<x98>[B] (+1) +0.657608696<x99>[B] (+0) -0.657608696<x100>[B] (+0) -0.657608696<x101>[B] (+1) -0.657608696<x102>[B] (+1) -0.657608696<x103>[B] (+0) -0.657608696<x104>[B] (+0) -0.657608696<x105>[B] (+1) +0.657608696<x106>[B] (+0) +0.657608696<x107>[B] (+0) -0.657608696<x108>[B] (+0) +0.657608696<x109>[B] (+0) +0.657608696<x110>[B] (+0) +0.657608696<x111>[B] (+0) +0.657608696<x112>[B] (+0) +0.657608696<x113>[B] (+0) -0.657608696<x114>[B] (+0) +0.657608696<x115>[B] (+0) +0.657608696<x116>[B] (+0) +0.657608696<x117>[B] (+0) +0.657608696<x118>[B] (+0) -0.657608696<x119>[B] (+0) +0.657608696<x120>[B] (+0) +0.657608696<x121>[B] (+0) +0.657608696<x122>[B] (+0) +0.657608696<x123>[B] (+0) -0.657608696<x124>[B] (+1) -0.657608696<x125>[B] (+0) +0.657608696<x126>[B] (+0) -0.657608696<x127>[B] (+1) +0.657608696<x128>[B] (+1) -0.657608696<x129>[B] (+1) -0.657608696<x130>[B] (+1) -0.657608696<x131>[B] (+1) +0.657608696<x132>[B] (+0) -0.657608696<x133>[B] (+1) +0.657608696<x134>[B] (+0) +0.657608696<x135>[B] (+0) -0.657608696<x136>[B] (+1) +0.657608696<x137>[B] (+1) -0.657608696<x138>[B] (+0) -0.657608696<x139>[B] (+0) +0.657608696<x140>[B] (+1) -0.657608696<x141>[B] (+0) +0.657608696<x142>[B] (+0) -0.657608696<x143>[B] (+1) +0.657608696<x144>[B] (+1) +0.657608696<x145>[B] (+1) -0.657608696<x146>[B] (+1) -0.657608696<x147>[B] (+1) +0.657608696<x148>[B] (+0) +0.657608696<x149>[B] (+1) +0.657608696<x150>[B] (+0) +0.657608696<x151>[B] (+0) -0.657608696<x152>[B] (+1) +0.657608696<x153>[B] (+0) -0.657608696<x154>[B] (+0) +0.657608696<x155>[B] (+0) +0.657608696<x156>[B] (+0) +0.657608696<x157>[B] (+1) +0.657608696<x158>[B] (+1) +0.657608696<x159>[B] (+1) +0.657608696<x160>[B] (+1) +0.657608696<x161>[B] (+1) +0.657608696<x162>[B] (+1) +0.657608696<x163>[B] (+1) +0.657608696<x164>[B] (+1) +0.657608696<x165>[B] (+1) +0.657608696<x166>[B] (+1) +0.657608696<x167>[B] (+1) +0.657608696<x168>[B] (+1) +0.657608696<x169>[B] (+1) +0.657608696<x170>[B] (+1) +0.657608696<x171>[B] (+1) -0.657608696<x172>[B] (+1) +0.657608696<x173>[B] (+1) -0.657608696<x174>[B] (+1) -0.657608696<x175>[B] (+1) -0.657608696<x176>[B] (+1) -0.657608696<x177>[B] (+1) -0.657608696<x178>[B] (+1) +0.657608696<x179>[B] (+1) -0.657608696<x180>[B] (+0) -0.657608696<x181>[B] (+1) -0.657608696<x182>[B] (+1) -0.657608696<x183>[B] (+1) -0.657608696<x184>[B] (+0) -0.657608696<x185>[B] (+1) +0.657608696<x186>[B] (+0) +0.657608696<x187>[B] (+1) +0.657608696<x188>[B] (+0) -0.657608696<x189>[B] (+0) +0.657608696<x190>[B] (+0) +0.657608696<x191>[B] (+0) +0.657608696<x192>[B] (+0) +0.657608696<x193>[B] (+0) -0.657608696<x194>[B] (+1) +0.657608696<x195>[B] (+0) -0.657608696<x196>[B] (+0) +0.657608696<x197>[B] (+0) +0.657608696<x198>[B] (+0) -0.657608696<x199>[B] (+1) -0.657608696<x200>[B] (+1) -0.657608696<x201>[B] (+1) -0.657608696<x202>[B] (+0) -0.657608696<x203>[B] (+1) +0.657608696<x204>[B] (+0) -0.657608696<x205>[B] (+0) -0.657608696<x206>[B] (+1) -0.657608696<x207>[B] (+0) -0.657608696<x208>[B] (+0) -0.657608696<x209>[B] (+0) -0.657608696<x210>[B] (+0) -0.657608696<x211>[B] (+0) -0.657608696<x212>[B] (+0) +0.657608696<x213>[B] (+0) -0.657608696<x214>[B] (+0) +0.657608696<x215>[B] (+0) +0.657608696<x216>[B] (+0) -0.657608696<x217>[B] (+0) +0.657608696<x218>[B] (+0) -0.657608696<x219>[B] (+0) +0.657608696<x220>[B] (+0) +0.657608696<x221>[B] (+0) -0.657608696<x222>[B] (+0) +0.657608696<x223>[B] (+0) +0.657608696<x224>[B] (+0) +0.657608696<x225>[B] (+0) +0.657608696<x226>[B] (+0) -0.657608696<x227>[B] (+1) +0.657608696<x228>[B] (+0) -0.657608696<x229>[B] (+0) +0.657608696<x230>[B] (+0) +0.657608696<x231>[B] (+0) +0.657608696<x232>[B] (+0) +0.657608696<x233>[B] (+0) +0.657608696<x234>[B] (+0) +0.657608696<x235>[B] (+0) -0.657608696<x236>[B] (+1) +0.657608696<x237>[B] (+0) +0.657608696<x238>[B] (+0) +0.657608696<x239>[B] (+0) +0.657608696<x240>[B] (+0) -0.657608696<x241>[B] (+1) +0.657608696<x242>[B] (+1) -0.657608696<x243>[B] (+0) -0.657608696<x244>[B] (+1) -0.657608696<x245>[B] (+1) -0.657608696<x246>[B] (+0) -0.657608696<x247>[B] (+0) +0.657608696<x248>[B] (+1) +0.657608696<x249>[B] (+0) +0.657608696<x250>[B] (+0) -0.657608696<x251>[B] (+1) +0.657608696<x252>[B] (+0) -0.657608696<x253>[B] (+0) +0.657608696<x254>[B] (+0) +0.657608696<x255>[B] (+0) -0.657608696<x256>[B] (+0) -0.657608696<x257>[B] (+1) -0.657608696<x258>[B] (+1) -0.657608696<x259>[B] (+0) -0.657608696<x260>[B] (+0) -0.657608696<x261>[B] (+1) -0.657608696<x262>[B] (+1) -0.657608696<x263>[B] (+1) -0.657608696<x264>[B] (+1) -0.657608696<x265>[B] (+1) +0.657608696<x266>[B] (+1) +0.657608696<x267>[B] (+0) +0.657608696<x268>[B] (+0) +0.657608696<x269>[B] (+0) +0.657608696<x270>[B] (+0) -0.657608696<x271>[B] (+0) -0.657608696<x272>[B] (+0) +0.657608696<x273>[B] (+1) +0.657608696<x274>[B] (+0) +0.657608696<x275>[B] (+1) +0.657608696<x276>[B] (+1) >= 49.4855072463768;
;
violation: left hand side is violated by 0.00362318840577558
  [linear] <c4339>: <x277>[C] (+37.0416667) +0.516304348<x1>[B] (+1) +0.516304348<x2>[B] (+1) +0.516304348<x3>[B] (+1) +0.516304348<x4>[B] (+0) +0.516304348<x5>[B] (+1) +0.516304348<x6>[B] (+0) +0.516304348<x7>[B] (+0) +0.516304348<x8>[B] (+0) +0.516304348<x9>[B] (+0) +0.516304348<x10>[B] (+1) +0.516304348<x11>[B] (+0) -0.516304348<x12>[B] (+1) +0.516304348<x13>[B] (+1) +0.516304348<x14>[B] (+0) +0.516304348<x15>[B] (+0) +0.516304348<x16>[B] (+0) +0.516304348<x17>[B] (+0) +0.516304348<x18>[B] (+0) +0.516304348<x19>[B] (+1) +0.516304348<x20>[B] (+0) +0.516304348<x21>[B] (+0) +0.516304348<x22>[B] (+0) +0.516304348<x23>[B] (+0) +0.516304348<x24>[B] (+0) +0.516304348<x25>[B] (+0) -0.516304348<x26>[B] (+0) -0.516304348<x27>[B] (+1) -0.516304348<x28>[B] (+0) +0.516304348<x29>[B] (+0) +0.516304348<x30>[B] (+0) +0.516304348<x31>[B] (+0) +0.516304348<x32>[B] (+0) +0.516304348<x33>[B] (+0) -0.516304348<x34>[B] (+1) -0.516304348<x35>[B] (+0) +0.516304348<x36>[B] (+0) -0.516304348<x37>[B] (+0) +0.516304348<x38>[B] (+0) +0.516304348<x39>[B] (+0) +0.516304348<x40>[B] (+0) +0.516304348<x41>[B] (+1) -0.516304348<x42>[B] (+0) +0.516304348<x43>[B] (+0) -0.516304348<x44>[B] (+0) +0.516304348<x45>[B] (+0) -0.516304348<x46>[B] (+1) -0.516304348<x47>[B] (+0) -0.516304348<x48>[B] (+1) -0.516304348<x49>[B] (+0) +0.516304348<x50>[B] (+0) -0.516304348<x51>[B] (+0) -0.516304348<x52>[B] (+0) -0.516304348<x53>[B] (+1) -0.516304348<x54>[B] (+0) -0.516304348<x55>[B] (+1) -0.516304348<x56>[B] (+1) -0.516304348<x57>[B] (+0) -0.516304348<x58>[B] (+0) -0.516304348<x59>[B] (+0) -0.516304348<x60>[B] (+0) -0.516304348<x61>[B] (+0) -0.516304348<x62>[B] (+1) -0.516304348<x63>[B] (+0) +0.516304348<x64>[B] (+0) -0.516304348<x65>[B] (+0) -0.516304348<x66>[B] (+0) -0.516304348<x67>[B] (+0) -0.516304348<x68>[B] (+1) -0.516304348<x69>[B] (+0) +0.516304348<x70>[B] (+0) +0.516304348<x71>[B] (+0) -0.516304348<x72>[B] (+0) +0.516304348<x73>[B] (+0) +0.516304348<x74>[B] (+0) -0.516304348<x75>[B] (+1) -0.516304348<x76>[B] (+1) -0.516304348<x77>[B] (+0) -0.516304348<x78>[B] (+0) -0.516304348<x79>[B] (+0) +0.516304348<x80>[B] (+0) +0.516304348<x81>[B] (+0) +0.516304348<x82>[B] (+1) -0.516304348<x83>[B] (+0) +0.516304348<x84>[B] (+0) -0.516304348<x85>[B] (+0) -0.516304348<x86>[B] (+0) +0.516304348<x87>[B] (+1) -0.516304348<x88>[B] (+0) +0.516304348<x89>[B] (+1) +0.516304348<x90>[B] (+0) +0.516304348<x91>[B] (+0) +0.516304348<x92>[B] (+1) +0.516304348<x93>[B] (+1) -0.516304348<x94>[B] (+1) +0.516304348<x95>[B] (+1) +0.516304348<x96>[B] (+1) +0.516304348<x97>[B] (+0) +0.516304348<x98>[B] (+1) +0.516304348<x99>[B] (+0) +0.516304348<x100>[B] (+0) +0.516304348<x101>[B] (+1) -0.516304348<x102>[B] (+1) +0.516304348<x103>[B] (+0) -0.516304348<x104>[B] (+0) +0.516304348<x105>[B] (+1) -0.516304348<x106>[B] (+0) +0.516304348<x107>[B] (+0) +0.516304348<x108>[B] (+0) +0.516304348<x109>[B] (+0) +0.516304348<x110>[B] (+0) +0.516304348<x111>[B] (+0) -0.516304348<x112>[B] (+0) -0.516304348<x113>[B] (+0) +0.516304348<x114>[B] (+0) -0.516304348<x115>[B] (+0) +0.516304348<x116>[B] (+0) +0.516304348<x117>[B] (+0) +0.516304348<x118>[B] (+0) +0.516304348<x119>[B] (+0) -0.516304348<x120>[B] (+0) +0.516304348<x121>[B] (+0) -0.516304348<x122>[B] (+0) +0.516304348<x123>[B] (+0) +0.516304348<x124>[B] (+1) +0.516304348<x125>[B] (+0) +0.516304348<x126>[B] (+0) +0.516304348<x127>[B] (+1) +0.516304348<x128>[B] (+1) -0.516304348<x129>[B] (+1) +0.516304348<x130>[B] (+1) +0.516304348<x131>[B] (+1) +0.516304348<x132>[B] (+0) +0.516304348<x133>[B] (+1) +0.516304348<x134>[B] (+0) +0.516304348<x135>[B] (+0) +0.516304348<x136>[B] (+1) +0.516304348<x137>[B] (+1) +0.516304348<x138>[B] (+1) +0.516304348<x139>[B] (+0) +0.516304348<x140>[B] (+1) -0.516304348<x141>[B] (+0) -0.516304348<x142>[B] (+0) -0.516304348<x143>[B] (+1) -0.516304348<x144>[B] (+1) -0.516304348<x145>[B] (+1) -0.516304348<x146>[B] (+1) -0.516304348<x147>[B] (+1) -0.516304348<x148>[B] (+0) -0.516304348<x149>[B] (+1) -0.516304348<x150>[B] (+0) -0.516304348<x151>[B] (+0) -0.516304348<x152>[B] (+1) -0.516304348<x153>[B] (+0) -0.516304348<x154>[B] (+0) -0.516304348<x155>[B] (+0) -0.516304348<x156>[B] (+0) -0.516304348<x157>[B] (+1) +0.516304348<x158>[B] (+1) +0.516304348<x159>[B] (+1) -0.516304348<x160>[B] (+1) -0.516304348<x161>[B] (+1) -0.516304348<x162>[B] (+1) -0.516304348<x163>[B] (+1) -0.516304348<x164>[B] (+1) -0.516304348<x165>[B] (+1) +0.516304348<x166>[B] (+1) +0.516304348<x167>[B] (+1) -0.516304348<x168>[B] (+1) +0.516304348<x169>[B] (+1) -0.516304348<x170>[B] (+1) -0.516304348<x171>[B] (+1) +0.516304348<x172>[B] (+1) +0.516304348<x173>[B] (+1) -0.516304348<x174>[B] (+1) -0.516304348<x175>[B] (+1) +0.516304348<x176>[B] (+1) -0.516304348<x177>[B] (+1) +0.516304348<x178>[B] (+1) +0.516304348<x179>[B] (+1) +0.516304348<x180>[B] (+0) +0.516304348<x181>[B] (+1) -0.516304348<x182>[B] (+1) +0.516304348<x183>[B] (+1) -0.516304348<x184>[B] (+0) +0.516304348<x185>[B] (+1) -0.516304348<x186>[B] (+0) -0.516304348<x187>[B] (+1) -0.516304348<x188>[B] (+1) -0.516304348<x189>[B] (+0) -0.516304348<x190>[B] (+0) -0.516304348<x191>[B] (+0) -0.516304348<x192>[B] (+0) +0.516304348<x193>[B] (+0) +0.516304348<x194>[B] (+1) -0.516304348<x195>[B] (+0) +0.516304348<x196>[B] (+0) -0.516304348<x197>[B] (+0) -0.516304348<x198>[B] (+0) -0.516304348<x199>[B] (+1) -0.516304348<x200>[B] (+1) -0.516304348<x201>[B] (+0) -0.516304348<x202>[B] (+0) -0.516304348<x203>[B] (+0) -0.516304348<x204>[B] (+0) +0.516304348<x205>[B] (+0) +0.516304348<x206>[B] (+1) -0.516304348<x207>[B] (+0) +0.516304348<x208>[B] (+0) -0.516304348<x209>[B] (+0) -0.516304348<x210>[B] (+0) +0.516304348<x211>[B] (+0) +0.516304348<x212>[B] (+0) +0.516304348<x213>[B] (+0) +0.516304348<x214>[B] (+0) +0.516304348<x215>[B] (+0) +0.516304348<x216>[B] (+0) +0.516304348<x217>[B] (+0) +0.516304348<x218>[B] (+0) +0.516304348<x219>[B] (+0) +0.516304348<x220>[B] (+0) +0.516304348<x221>[B] (+0) +0.516304348<x222>[B] (+0) -0.516304348<x223>[B] (+0) +0.516304348<x224>[B] (+0) +0.516304348<x225>[B] (+0) +0.516304348<x226>[B] (+0) +0.516304348<x227>[B] (+1) -0.516304348<x228>[B] (+0) +0.516304348<x229>[B] (+0) -0.516304348<x230>[B] (+0) +0.516304348<x231>[B] (+0) -0.516304348<x232>[B] (+0) +0.516304348<x233>[B] (+0) +0.516304348<x234>[B] (+0) +0.516304348<x235>[B] (+0) +0.516304348<x236>[B] (+1) -0.516304348<x237>[B] (+0) +0.516304348<x238>[B] (+0) -0.516304348<x239>[B] (+0) +0.516304348<x240>[B] (+0) +0.516304348<x241>[B] (+1) +0.516304348<x242>[B] (+1) +0.516304348<x243>[B] (+0) +0.516304348<x244>[B] (+1) -0.516304348<x245>[B] (+1) +0.516304348<x246>[B] (+1) -0.516304348<x247>[B] (+0) +0.516304348<x248>[B] (+1) +0.516304348<x249>[B] (+0) +0.516304348<x250>[B] (+0) +0.516304348<x251>[B] (+1) -0.516304348<x252>[B] (+0) +0.516304348<x253>[B] (+0) -0.516304348<x254>[B] (+0) -0.516304348<x255>[B] (+0) +0.516304348<x256>[B] (+0) +0.516304348<x257>[B] (+1) -0.516304348<x258>[B] (+1) +0.516304348<x259>[B] (+1) -0.516304348<x260>[B] (+0) -0.516304348<x261>[B] (+1) +0.516304348<x262>[B] (+1) -0.516304348<x263>[B] (+1) +0.516304348<x264>[B] (+1) -0.516304348<x265>[B] (+1) -0.516304348<x266>[B] (+1) -0.516304348<x267>[B] (+0) +0.516304348<x268>[B] (+0) -0.516304348<x269>[B] (+0) -0.516304348<x270>[B] (+0) +0.516304348<x271>[B] (+0) +0.516304348<x272>[B] (+0) +0.516304348<x273>[B] (+1) -0.516304348<x274>[B] (+0) -0.516304348<x275>[B] (+1) +0.516304348<x276>[B] (+1) >= 42.2083333333333;
;
violation: left hand side is violated by 0.0036231884057969
  [linear] <c4343>: <x283>[C] (+47.4673913) +0.596014493<x1>[B] (+1) +0.596014493<x2>[B] (+1) +0.596014493<x3>[B] (+1) -0.596014493<x4>[B] (+0) +0.596014493<x5>[B] (+1) +0.596014493<x6>[B] (+0) -0.596014493<x7>[B] (+0) +0.596014493<x8>[B] (+0) +0.596014493<x9>[B] (+0) +0.596014493<x10>[B] (+1) +0.596014493<x11>[B] (+0) +0.596014493<x12>[B] (+1) +0.596014493<x13>[B] (+1) +0.596014493<x14>[B] (+1) +0.596014493<x15>[B] (+0) +0.596014493<x16>[B] (+1) +0.596014493<x17>[B] (+0) +0.596014493<x18>[B] (+0) +0.596014493<x19>[B] (+1) +0.596014493<x20>[B] (+0) +0.596014493<x21>[B] (+0) +0.596014493<x22>[B] (+0) +0.596014493<x23>[B] (+0) -0.596014493<x24>[B] (+0) -0.596014493<x25>[B] (+0) -0.596014493<x26>[B] (+0) -0.596014493<x27>[B] (+1) -0.596014493<x28>[B] (+0) -0.596014493<x29>[B] (+0) -0.596014493<x30>[B] (+0) -0.596014493<x31>[B] (+0) -0.596014493<x32>[B] (+0) -0.596014493<x33>[B] (+0) -0.596014493<x34>[B] (+1) -0.596014493<x35>[B] (+0) +0.596014493<x36>[B] (+0) -0.596014493<x37>[B] (+0) -0.596014493<x38>[B] (+0) -0.596014493<x39>[B] (+0) -0.596014493<x40>[B] (+0) -0.596014493<x41>[B] (+1) -0.596014493<x42>[B] (+0) -0.596014493<x43>[B] (+0) -0.596014493<x44>[B] (+0) -0.596014493<x45>[B] (+0) -0.596014493<x46>[B] (+1) -0.596014493<x47>[B] (+0) -0.596014493<x48>[B] (+1) -0.596014493<x49>[B] (+0) -0.596014493<x50>[B] (+0) +0.596014493<x51>[B] (+0) -0.596014493<x52>[B] (+0) -0.596014493<x53>[B] (+1) -0.596014493<x54>[B] (+0) -0.596014493<x55>[B] (+1) -0.596014493<x56>[B] (+1) +0.596014493<x57>[B] (+0) -0.596014493<x58>[B] (+0) +0.596014493<x59>[B] (+0) -0.596014493<x60>[B] (+0) -0.596014493<x61>[B] (+0) -0.596014493<x62>[B] (+1) -0.596014493<x63>[B] (+0) +0.596014493<x64>[B] (+0) -0.596014493<x65>[B] (+0) -0.596014493<x66>[B] (+0) -0.596014493<x67>[B] (+0) -0.596014493<x68>[B] (+1) +0.596014493<x69>[B] (+0) -0.596014493<x70>[B] (+0) +0.596014493<x71>[B] (+0) +0.596014493<x72>[B] (+0) +0.596014493<x73>[B] (+0) +0.596014493<x74>[B] (+0) +0.596014493<x75>[B] (+1) +0.596014493<x76>[B] (+1) +0.596014493<x77>[B] (+0) -0.596014493<x78>[B] (+0) +0.596014493<x79>[B] (+0) +0.596014493<x80>[B] (+0) +0.596014493<x81>[B] (+0) +0.596014493<x82>[B] (+1) +0.596014493<x83>[B] (+0) +0.596014493<x84>[B] (+0) +0.596014493<x85>[B] (+0) +0.596014493<x86>[B] (+0) +0.596014493<x87>[B] (+1) +0.596014493<x88>[B] (+0) -0.596014493<x89>[B] (+1) +0.596014493<x90>[B] (+0) +0.596014493<x91>[B] (+0) +0.596014493<x92>[B] (+1) +0.596014493<x93>[B] (+1) +0.596014493<x94>[B] (+1) +0.596014493<x95>[B] (+1) +0.596014493<x96>[B] (+1) +0.596014493<x97>[B] (+0) +0.596014493<x98>[B] (+1) +0.596014493<x99>[B] (+1) +0.596014493<x100>[B] (+0) +0.596014493<x101>[B] (+1) +0.596014493<x102>[B] (+1) +0.596014493<x103>[B] (+0) +0.596014493<x104>[B] (+0) +0.596014493<x105>[B] (+1) +0.596014493<x106>[B] (+0) -0.596014493<x107>[B] (+0) +0.596014493<x108>[B] (+0) +0.596014493<x109>[B] (+0) +0.596014493<x110>[B] (+0) +0.596014493<x111>[B] (+0) +0.596014493<x112>[B] (+0) +0.596014493<x113>[B] (+0) +0.596014493<x114>[B] (+0) -0.596014493<x115>[B] (+0) +0.596014493<x116>[B] (+0) +0.596014493<x117>[B] (+0) +0.596014493<x118>[B] (+0) +0.596014493<x119>[B] (+0) +0.596014493<x120>[B] (+0) +0.596014493<x121>[B] (+0) +0.596014493<x122>[B] (+0) +0.596014493<x123>[B] (+0) -0.596014493<x124>[B] (+1) +0.596014493<x125>[B] (+0) +0.596014493<x126>[B] (+0) -0.596014493<x127>[B] (+1) -0.596014493<x128>[B] (+1) -0.596014493<x129>[B] (+1) -0.596014493<x130>[B] (+1) +0.596014493<x131>[B] (+1) -0.596014493<x132>[B] (+0) +0.596014493<x133>[B] (+1) -0.596014493<x134>[B] (+1) +0.596014493<x135>[B] (+0) -0.596014493<x136>[B] (+1) -0.596014493<x137>[B] (+1) +0.596014493<x138>[B] (+0) -0.596014493<x139>[B] (+0) -0.596014493<x140>[B] (+1) +0.596014493<x141>[B] (+0) +0.596014493<x142>[B] (+0) +0.596014493<x143>[B] (+1) +0.596014493<x144>[B] (+1) +0.596014493<x145>[B] (+1) +0.596014493<x146>[B] (+1) +0.596014493<x147>[B] (+1) +0.596014493<x148>[B] (+0) +0.596014493<x149>[B] (+1) +0.596014493<x150>[B] (+0) +0.596014493<x151>[B] (+0) +0.596014493<x152>[B] (+1) +0.596014493<x153>[B] (+0) +0.596014493<x154>[B] (+0) +0.596014493<x155>[B] (+0) +0.596014493<x156>[B] (+0) -0.596014493<x157>[B] (+1) -0.596014493<x158>[B] (+1) -0.596014493<x159>[B] (+1) -0.596014493<x160>[B] (+1) -0.596014493<x161>[B] (+1) +0.596014493<x162>[B] (+1) -0.596014493<x163>[B] (+1) -0.596014493<x164>[B] (+1) -0.596014493<x165>[B] (+1) -0.596014493<x166>[B] (+1) -0.596014493<x167>[B] (+1) -0.596014493<x168>[B] (+1) -0.596014493<x169>[B] (+1) -0.596014493<x170>[B] (+1) -0.596014493<x171>[B] (+1) -0.596014493<x172>[B] (+1) -0.596014493<x173>[B] (+1) -0.596014493<x174>[B] (+1) -0.596014493<x175>[B] (+1) +0.596014493<x176>[B] (+1) -0.596014493<x177>[B] (+1) +0.596014493<x178>[B] (+1) -0.596014493<x179>[B] (+1) -0.596014493<x180>[B] (+0) -0.596014493<x181>[B] (+1) -0.596014493<x182>[B] (+1) +0.596014493<x183>[B] (+1) -0.596014493<x184>[B] (+0) -0.596014493<x185>[B] (+1) -0.596014493<x186>[B] (+0) -0.596014493<x187>[B] (+1) -0.596014493<x188>[B] (+1) +0.596014493<x189>[B] (+0) -0.596014493<x190>[B] (+0) +0.596014493<x191>[B] (+0) +0.596014493<x192>[B] (+0) +0.596014493<x193>[B] (+0) -0.596014493<x194>[B] (+1) -0.596014493<x195>[B] (+0) +0.596014493<x196>[B] (+0) +0.596014493<x197>[B] (+0) +0.596014493<x198>[B] (+0) +0.596014493<x199>[B] (+1) -0.596014493<x200>[B] (+1) +0.596014493<x201>[B] (+1) -0.596014493<x202>[B] (+0) +0.596014493<x203>[B] (+1) +0.596014493<x204>[B] (+0) +0.596014493<x205>[B] (+0) +0.596014493<x206>[B] (+1) +0.596014493<x207>[B] (+0) +0.596014493<x208>[B] (+0) +0.596014493<x209>[B] (+0) +0.596014493<x210>[B] (+0) -0.596014493<x211>[B] (+0) +0.596014493<x212>[B] (+0) -0.596014493<x213>[B] (+0) +0.596014493<x214>[B] (+0) +0.596014493<x215>[B] (+0) +0.596014493<x216>[B] (+0) -0.596014493<x217>[B] (+0) +0.596014493<x218>[B] (+0) +0.596014493<x219>[B] (+0) +0.596014493<x220>[B] (+0) +0.596014493<x221>[B] (+0) +0.596014493<x222>[B] (+0) -0.596014493<x223>[B] (+0) +0.596014493<x224>[B] (+0) +0.596014493<x225>[B] (+0) +0.596014493<x226>[B] (+0) +0.596014493<x227>[B] (+1) +0.596014493<x228>[B] (+0) +0.596014493<x229>[B] (+0) +0.596014493<x230>[B] (+0) +0.596014493<x231>[B] (+0) -0.596014493<x232>[B] (+0) -0.596014493<x233>[B] (+0) -0.596014493<x234>[B] (+0) -0.596014493<x235>[B] (+0) -0.596014493<x236>[B] (+1) -0.596014493<x237>[B] (+0) -0.596014493<x238>[B] (+0) -0.596014493<x239>[B] (+0) -0.596014493<x240>[B] (+0) +0.596014493<x241>[B] (+1) +0.596014493<x242>[B] (+1) +0.596014493<x243>[B] (+0) +0.596014493<x244>[B] (+1) +0.596014493<x245>[B] (+1) +0.596014493<x246>[B] (+1) +0.596014493<x247>[B] (+0) +0.596014493<x248>[B] (+1) -0.596014493<x249>[B] (+0) -0.596014493<x250>[B] (+0) -0.596014493<x251>[B] (+1) -0.596014493<x252>[B] (+0) -0.596014493<x253>[B] (+0) -0.596014493<x254>[B] (+0) -0.596014493<x255>[B] (+0) +0.596014493<x256>[B] (+0) -0.596014493<x257>[B] (+1) -0.596014493<x258>[B] (+1) +0.596014493<x259>[B] (+0) -0.596014493<x260>[B] (+0) -0.596014493<x261>[B] (+1) -0.596014493<x262>[B] (+1) -0.596014493<x263>[B] (+1) +0.596014493<x264>[B] (+1) -0.596014493<x265>[B] (+1) -0.596014493<x266>[B] (+1) +0.596014493<x267>[B] (+0) +0.596014493<x268>[B] (+0) +0.596014493<x269>[B] (+0) +0.596014493<x270>[B] (+0) +0.596014493<x271>[B] (+0) +0.596014493<x272>[B] (+0) +0.596014493<x273>[B] (+0) -0.596014493<x274>[B] (+0) -0.596014493<x275>[B] (+1) +0.596014493<x276>[B] (+1) >= 43.3605072463768;
;
violation: left hand side is violated by 0.0652173913043512
  [linear] <c4346>: <x287>[C] (+44.076087) -0.559782609<x1>[B] (+1) +0.559782609<x2>[B] (+1) -0.559782609<x3>[B] (+1) +0.559782609<x4>[B] (+0) +0.559782609<x5>[B] (+1) +0.559782609<x6>[B] (+0) +0.559782609<x7>[B] (+0) +0.559782609<x8>[B] (+0) +0.559782609<x9>[B] (+0) +0.559782609<x10>[B] (+1) +0.559782609<x11>[B] (+1) +0.559782609<x12>[B] (+1) -0.559782609<x13>[B] (+1) +0.559782609<x14>[B] (+0) +0.559782609<x15>[B] (+0) -0.559782609<x16>[B] (+0) -0.559782609<x17>[B] (+0) +0.559782609<x18>[B] (+0) -0.559782609<x19>[B] (+1) -0.559782609<x20>[B] (+0) +0.559782609<x21>[B] (+0) +0.559782609<x22>[B] (+0) +0.559782609<x23>[B] (+0) +0.559782609<x24>[B] (+0) -0.559782609<x25>[B] (+0) +0.559782609<x26>[B] (+0) +0.559782609<x27>[B] (+1) +0.559782609<x28>[B] (+0) +0.559782609<x29>[B] (+0) +0.559782609<x30>[B] (+0) +0.559782609<x31>[B] (+0) +0.559782609<x32>[B] (+0) +0.559782609<x33>[B] (+0) +0.559782609<x34>[B] (+1) -0.559782609<x35>[B] (+0) +0.559782609<x36>[B] (+0) +0.559782609<x37>[B] (+0) -0.559782609<x38>[B] (+0) -0.559782609<x39>[B] (+0) +0.559782609<x40>[B] (+0) -0.559782609<x41>[B] (+1) -0.559782609<x42>[B] (+0) +0.559782609<x43>[B] (+0) +0.559782609<x44>[B] (+0) +0.559782609<x45>[B] (+0) -0.559782609<x46>[B] (+1) -0.559782609<x47>[B] (+0) -0.559782609<x48>[B] (+1) -0.559782609<x49>[B] (+0) +0.559782609<x50>[B] (+0) -0.559782609<x51>[B] (+0) -0.559782609<x52>[B] (+0) -0.559782609<x53>[B] (+1) +0.559782609<x54>[B] (+0) -0.559782609<x55>[B] (+1) -0.559782609<x56>[B] (+1) -0.559782609<x57>[B] (+0) -0.559782609<x58>[B] (+0) -0.559782609<x59>[B] (+0) -0.559782609<x60>[B] (+0) -0.559782609<x61>[B] (+0) -0.559782609<x62>[B] (+1) -0.559782609<x63>[B] (+0) +0.559782609<x64>[B] (+0) -0.559782609<x65>[B] (+0) -0.559782609<x66>[B] (+0) +0.559782609<x67>[B] (+0) +0.559782609<x68>[B] (+1) +0.559782609<x69>[B] (+0) +0.559782609<x70>[B] (+0) +0.559782609<x71>[B] (+0) +0.559782609<x72>[B] (+0) +0.559782609<x73>[B] (+0) +0.559782609<x74>[B] (+0) +0.559782609<x75>[B] (+1) +0.559782609<x76>[B] (+1) +0.559782609<x77>[B] (+0) +0.559782609<x78>[B] (+0) -0.559782609<x79>[B] (+0) -0.559782609<x80>[B] (+0) +0.559782609<x81>[B] (+0) -0.559782609<x82>[B] (+1) +0.559782609<x83>[B] (+0) +0.559782609<x84>[B] (+0) +0.559782609<x85>[B] (+0) +0.559782609<x86>[B] (+0) -0.559782609<x87>[B] (+1) -0.559782609<x88>[B] (+0) +0.559782609<x89>[B] (+1) -0.559782609<x90>[B] (+0) -0.559782609<x91>[B] (+0) -0.559782609<x92>[B] (+1) +0.559782609<x93>[B] (+1) -0.559782609<x94>[B] (+1) -0.559782609<x95>[B] (+1) +0.559782609<x96>[B] (+1) -0.559782609<x97>[B] (+0) -0.559782609<x98>[B] (+1) -0.559782609<x99>[B] (+0) +0.559782609<x100>[B] (+0) -0.559782609<x101>[B] (+1) -0.559782609<x102>[B] (+1) +0.559782609<x103>[B] (+0) -0.559782609<x104>[B] (+0) -0.559782609<x105>[B] (+1) +0.559782609<x106>[B] (+0) +0.559782609<x107>[B] (+0) +0.559782609<x108>[B] (+0) -0.559782609<x109>[B] (+0) -0.559782609<x110>[B] (+0) +0.559782609<x111>[B] (+0) +0.559782609<x112>[B] (+0) -0.559782609<x113>[B] (+0) +0.559782609<x114>[B] (+0) +0.559782609<x115>[B] (+0) -0.559782609<x116>[B] (+0) -0.559782609<x117>[B] (+0) +0.559782609<x118>[B] (+0) -0.559782609<x119>[B] (+0) -0.559782609<x120>[B] (+0) +0.559782609<x121>[B] (+0) -0.559782609<x122>[B] (+0) -0.559782609<x123>[B] (+0) +0.559782609<x124>[B] (+1) +0.559782609<x125>[B] (+0) -0.559782609<x126>[B] (+0) -0.559782609<x127>[B] (+1) +0.559782609<x128>[B] (+1) -0.559782609<x129>[B] (+1) -0.559782609<x130>[B] (+1) +0.559782609<x131>[B] (+1) -0.559782609<x132>[B] (+1) -0.559782609<x133>[B] (+1) -0.559782609<x134>[B] (+0) +0.559782609<x135>[B] (+0) -0.559782609<x136>[B] (+1) -0.559782609<x137>[B] (+1) +0.559782609<x138>[B] (+1) -0.559782609<x139>[B] (+0) -0.559782609<x140>[B] (+1) -0.559782609<x141>[B] (+0) -0.559782609<x142>[B] (+0) -0.559782609<x143>[B] (+1) +0.559782609<x144>[B] (+1) -0.559782609<x145>[B] (+1) -0.559782609<x146>[B] (+1) -0.559782609<x147>[B] (+1) -0.559782609<x148>[B] (+0) -0.559782609<x149>[B] (+1) -0.559782609<x150>[B] (+0) -0.559782609<x151>[B] (+0) -0.559782609<x152>[B] (+1) -0.559782609<x153>[B] (+0) -0.559782609<x154>[B] (+0) -0.559782609<x155>[B] (+0) -0.559782609<x156>[B] (+0) -0.559782609<x157>[B] (+1) -0.559782609<x158>[B] (+1) +0.559782609<x159>[B] (+1) -0.559782609<x160>[B] (+1) -0.559782609<x161>[B] (+1) +0.559782609<x162>[B] (+1) -0.559782609<x163>[B] (+1) -0.559782609<x164>[B] (+1) -0.559782609<x165>[B] (+1) +0.559782609<x166>[B] (+1) -0.559782609<x167>[B] (+1) -0.559782609<x168>[B] (+1) +0.559782609<x169>[B] (+1) -0.559782609<x170>[B] (+1) -0.559782609<x171>[B] (+1) +0.559782609<x172>[B] (+1) +0.559782609<x173>[B] (+1) +0.559782609<x174>[B] (+1) -0.559782609<x175>[B] (+1) +0.559782609<x176>[B] (+1) +0.559782609<x177>[B] (+1) -0.559782609<x178>[B] (+1) -0.559782609<x179>[B] (+1) +0.559782609<x180>[B] (+0) -0.559782609<x181>[B] (+1) -0.559782609<x182>[B] (+1) +0.559782609<x183>[B] (+1) -0.559782609<x184>[B] (+0) +0.559782609<x185>[B] (+1) +0.559782609<x186>[B] (+0) +0.559782609<x187>[B] (+1) -0.559782609<x188>[B] (+1) +0.559782609<x189>[B] (+0) +0.559782609<x190>[B] (+0) -0.559782609<x191>[B] (+0) -0.559782609<x192>[B] (+0) +0.559782609<x193>[B] (+0) -0.559782609<x194>[B] (+1) -0.559782609<x195>[B] (+0) +0.559782609<x196>[B] (+0) -0.559782609<x197>[B] (+0) -0.559782609<x198>[B] (+0) -0.559782609<x199>[B] (+1) -0.559782609<x200>[B] (+1) -0.559782609<x201>[B] (+0) -0.559782609<x202>[B] (+0) -0.559782609<x203>[B] (+0) -0.559782609<x204>[B] (+0) -0.559782609<x205>[B] (+0) -0.559782609<x206>[B] (+1) -0.559782609<x207>[B] (+0) -0.559782609<x208>[B] (+0) -0.559782609<x209>[B] (+0) -0.559782609<x210>[B] (+0) -0.559782609<x211>[B] (+0) +0.559782609<x212>[B] (+0) +0.559782609<x213>[B] (+0) -0.559782609<x214>[B] (+0) -0.559782609<x215>[B] (+0) +0.559782609<x216>[B] (+0) -0.559782609<x217>[B] (+0) -0.559782609<x218>[B] (+0) +0.559782609<x219>[B] (+0) -0.559782609<x220>[B] (+0) -0.559782609<x221>[B] (+0) +0.559782609<x222>[B] (+0) +0.559782609<x223>[B] (+0) -0.559782609<x224>[B] (+0) -0.559782609<x225>[B] (+0) +0.559782609<x226>[B] (+0) -0.559782609<x227>[B] (+1) +0.559782609<x228>[B] (+0) +0.559782609<x229>[B] (+0) +0.559782609<x230>[B] (+0) +0.559782609<x231>[B] (+0) -0.559782609<x232>[B] (+0) -0.559782609<x233>[B] (+0) -0.559782609<x234>[B] (+0) +0.559782609<x235>[B] (+0) -0.559782609<x236>[B] (+1) -0.559782609<x237>[B] (+0) +0.559782609<x238>[B] (+0) -0.559782609<x239>[B] (+0) -0.559782609<x240>[B] (+0) -0.559782609<x241>[B] (+1) -0.559782609<x242>[B] (+0) +0.559782609<x243>[B] (+0) -0.559782609<x244>[B] (+1) -0.559782609<x245>[B] (+1) +0.559782609<x246>[B] (+1) -0.559782609<x247>[B] (+0) -0.559782609<x248>[B] (+1) +0.559782609<x249>[B] (+0) +0.559782609<x250>[B] (+0) +0.559782609<x251>[B] (+1) +0.559782609<x252>[B] (+0) +0.559782609<x253>[B] (+0) +0.559782609<x254>[B] (+0) +0.559782609<x255>[B] (+0) +0.559782609<x256>[B] (+0) -0.559782609<x257>[B] (+1) +0.559782609<x258>[B] (+1) +0.559782609<x259>[B] (+1) +0.559782609<x260>[B] (+0) +0.559782609<x261>[B] (+1) -0.559782609<x262>[B] (+1) -0.559782609<x263>[B] (+1) +0.559782609<x264>[B] (+1) -0.559782609<x265>[B] (+1) -0.559782609<x266>[B] (+1) +0.559782609<x267>[B] (+0) +0.559782609<x268>[B] (+0) +0.559782609<x269>[B] (+0) +0.559782609<x270>[B] (+0) +0.559782609<x271>[B] (+0) +0.559782609<x272>[B] (+0) +0.559782609<x273>[B] (+1) -0.559782609<x274>[B] (+0) -0.559782609<x275>[B] (+1) +0.559782609<x276>[B] (+1) >= 27.8496376811594;
;
violation: left hand side is violated by 0.00724637681151563
  [linear] <c4339>: <x277>[C] (+36.5253623) +0.516304348<x1>[B] (+1) +0.516304348<x2>[B] (+1) +0.516304348<x3>[B] (+1) +0.516304348<x4>[B] (+0) +0.516304348<x5>[B] (+1) +0.516304348<x6>[B] (+0) +0.516304348<x7>[B] (+0) +0.516304348<x8>[B] (+0) +0.516304348<x9>[B] (+0) +0.516304348<x10>[B] (+0) +0.516304348<x11>[B] (+0) -0.516304348<x12>[B] (+1) +0.516304348<x13>[B] (+1) +0.516304348<x14>[B] (+0) +0.516304348<x15>[B] (+0) +0.516304348<x16>[B] (+0) +0.516304348<x17>[B] (+0) +0.516304348<x18>[B] (+0) +0.516304348<x19>[B] (+1) +0.516304348<x20>[B] (+0) +0.516304348<x21>[B] (+0) +0.516304348<x22>[B] (+0) +0.516304348<x23>[B] (+0) +0.516304348<x24>[B] (+0) +0.516304348<x25>[B] (+0) -0.516304348<x26>[B] (+0) -0.516304348<x27>[B] (+1) -0.516304348<x28>[B] (+0) +0.516304348<x29>[B] (+0) +0.516304348<x30>[B] (+0) +0.516304348<x31>[B] (+0) +0.516304348<x32>[B] (+0) +0.516304348<x33>[B] (+0) -0.516304348<x34>[B] (+1) -0.516304348<x35>[B] (+0) +0.516304348<x36>[B] (+0) -0.516304348<x37>[B] (+0) +0.516304348<x38>[B] (+0) +0.516304348<x39>[B] (+0) +0.516304348<x40>[B] (+0) +0.516304348<x41>[B] (+1) -0.516304348<x42>[B] (+0) +0.516304348<x43>[B] (+0) -0.516304348<x44>[B] (+0) +0.516304348<x45>[B] (+0) -0.516304348<x46>[B] (+1) -0.516304348<x47>[B] (+0) -0.516304348<x48>[B] (+1) -0.516304348<x49>[B] (+0) +0.516304348<x50>[B] (+0) -0.516304348<x51>[B] (+0) -0.516304348<x52>[B] (+0) -0.516304348<x53>[B] (+0) -0.516304348<x54>[B] (+0) -0.516304348<x55>[B] (+1) -0.516304348<x56>[B] (+1) -0.516304348<x57>[B] (+0) -0.516304348<x58>[B] (+0) -0.516304348<x59>[B] (+0) -0.516304348<x60>[B] (+0) -0.516304348<x61>[B] (+0) -0.516304348<x62>[B] (+1) -0.516304348<x63>[B] (+0) +0.516304348<x64>[B] (+0) -0.516304348<x65>[B] (+0) -0.516304348<x66>[B] (+0) -0.516304348<x67>[B] (+0) -0.516304348<x68>[B] (+1) -0.516304348<x69>[B] (+0) +0.516304348<x70>[B] (+0) +0.516304348<x71>[B] (+0) -0.516304348<x72>[B] (+0) +0.516304348<x73>[B] (+0) +0.516304348<x74>[B] (+0) -0.516304348<x75>[B] (+1) -0.516304348<x76>[B] (+1) -0.516304348<x77>[B] (+0) -0.516304348<x78>[B] (+0) -0.516304348<x79>[B] (+0) +0.516304348<x80>[B] (+0) +0.516304348<x81>[B] (+0) +0.516304348<x82>[B] (+1) -0.516304348<x83>[B] (+0) +0.516304348<x84>[B] (+0) -0.516304348<x85>[B] (+0) -0.516304348<x86>[B] (+0) +0.516304348<x87>[B] (+1) -0.516304348<x88>[B] (+0) +0.516304348<x89>[B] (+1) +0.516304348<x90>[B] (+0) +0.516304348<x91>[B] (+0) +0.516304348<x92>[B] (+1) +0.516304348<x93>[B] (+1) -0.516304348<x94>[B] (+1) +0.516304348<x95>[B] (+1) +0.516304348<x96>[B] (+1) +0.516304348<x97>[B] (+0) +0.516304348<x98>[B] (+1) +0.516304348<x99>[B] (+0) +0.516304348<x100>[B] (+0) +0.516304348<x101>[B] (+1) -0.516304348<x102>[B] (+1) +0.516304348<x103>[B] (+1) -0.516304348<x104>[B] (+0) +0.516304348<x105>[B] (+1) -0.516304348<x106>[B] (+0) +0.516304348<x107>[B] (+0) +0.516304348<x108>[B] (+0) +0.516304348<x109>[B] (+0) +0.516304348<x110>[B] (+0) +0.516304348<x111>[B] (+0) -0.516304348<x112>[B] (+0) -0.516304348<x113>[B] (+0) +0.516304348<x114>[B] (+0) -0.516304348<x115>[B] (+0) +0.516304348<x116>[B] (+0) +0.516304348<x117>[B] (+0) +0.516304348<x118>[B] (+0) +0.516304348<x119>[B] (+0) -0.516304348<x120>[B] (+0) +0.516304348<x121>[B] (+0) -0.516304348<x122>[B] (+0) +0.516304348<x123>[B] (+0) +0.516304348<x124>[B] (+1) +0.516304348<x125>[B] (+0) +0.516304348<x126>[B] (+0) +0.516304348<x127>[B] (+1) +0.516304348<x128>[B] (+1) -0.516304348<x129>[B] (+1) +0.516304348<x130>[B] (+1) +0.516304348<x131>[B] (+1) +0.516304348<x132>[B] (+0) +0.516304348<x133>[B] (+1) +0.516304348<x134>[B] (+0) +0.516304348<x135>[B] (+0) +0.516304348<x136>[B] (+1) +0.516304348<x137>[B] (+1) +0.516304348<x138>[B] (+1) +0.516304348<x139>[B] (+0) +0.516304348<x140>[B] (+1) -0.516304348<x141>[B] (+0) -0.516304348<x142>[B] (+0) -0.516304348<x143>[B] (+1) -0.516304348<x144>[B] (+1) -0.516304348<x145>[B] (+1) -0.516304348<x146>[B] (+1) -0.516304348<x147>[B] (+1) -0.516304348<x148>[B] (+0) -0.516304348<x149>[B] (+0) -0.516304348<x150>[B] (+0) -0.516304348<x151>[B] (+0) -0.516304348<x152>[B] (+1) -0.516304348<x153>[B] (+0) -0.516304348<x154>[B] (+1) -0.516304348<x155>[B] (+0) -0.516304348<x156>[B] (+1) -0.516304348<x157>[B] (+1) +0.516304348<x158>[B] (+1) +0.516304348<x159>[B] (+1) -0.516304348<x160>[B] (+1) -0.516304348<x161>[B] (+1) -0.516304348<x162>[B] (+1) -0.516304348<x163>[B] (+1) -0.516304348<x164>[B] (+1) -0.516304348<x165>[B] (+1) +0.516304348<x166>[B] (+1) +0.516304348<x167>[B] (+1) -0.516304348<x168>[B] (+1) +0.516304348<x169>[B] (+1) -0.516304348<x170>[B] (+1) -0.516304348<x171>[B] (+1) +0.516304348<x172>[B] (+1) +0.516304348<x173>[B] (+1) -0.516304348<x174>[B] (+1) -0.516304348<x175>[B] (+1) +0.516304348<x176>[B] (+1) -0.516304348<x177>[B] (+1) +0.516304348<x178>[B] (+1) +0.516304348<x179>[B] (+1) +0.516304348<x180>[B] (+0) +0.516304348<x181>[B] (+1) -0.516304348<x182>[B] (+1) +0.516304348<x183>[B] (+1) -0.516304348<x184>[B] (+0) +0.516304348<x185>[B] (+1) -0.516304348<x186>[B] (+0) -0.516304348<x187>[B] (+1) -0.516304348<x188>[B] (+1) -0.516304348<x189>[B] (+0) -0.516304348<x190>[B] (+0) -0.516304348<x191>[B] (+0) -0.516304348<x192>[B] (+0) +0.516304348<x193>[B] (+0) +0.516304348<x194>[B] (+1) -0.516304348<x195>[B] (+0) +0.516304348<x196>[B] (+0) -0.516304348<x197>[B] (+0) -0.516304348<x198>[B] (+0) -0.516304348<x199>[B] (+1) -0.516304348<x200>[B] (+1) -0.516304348<x201>[B] (+1) -0.516304348<x202>[B] (+0) -0.516304348<x203>[B] (+0) -0.516304348<x204>[B] (+0) +0.516304348<x205>[B] (+0) +0.516304348<x206>[B] (+1) -0.516304348<x207>[B] (+0) +0.516304348<x208>[B] (+1) -0.516304348<x209>[B] (+0) -0.516304348<x210>[B] (+1) +0.516304348<x211>[B] (+0) +0.516304348<x212>[B] (+0) +0.516304348<x213>[B] (+0) +0.516304348<x214>[B] (+0) +0.516304348<x215>[B] (+0) +0.516304348<x216>[B] (+0) +0.516304348<x217>[B] (+0) +0.516304348<x218>[B] (+0) +0.516304348<x219>[B] (+0) +0.516304348<x220>[B] (+0) +0.516304348<x221>[B] (+0) +0.516304348<x222>[B] (+0) -0.516304348<x223>[B] (+0) +0.516304348<x224>[B] (+0) +0.516304348<x225>[B] (+0) +0.516304348<x226>[B] (+0) +0.516304348<x227>[B] (+1) -0.516304348<x228>[B] (+0) +0.516304348<x229>[B] (+0) -0.516304348<x230>[B] (+0) +0.516304348<x231>[B] (+0) -0.516304348<x232>[B] (+0) +0.516304348<x233>[B] (+0) +0.516304348<x234>[B] (+0) +0.516304348<x235>[B] (+0) +0.516304348<x236>[B] (+1) -0.516304348<x237>[B] (+0) +0.516304348<x238>[B] (+1) -0.516304348<x239>[B] (+0) +0.516304348<x240>[B] (+0) +0.516304348<x241>[B] (+1) +0.516304348<x242>[B] (+0) +0.516304348<x243>[B] (+0) +0.516304348<x244>[B] (+1) -0.516304348<x245>[B] (+1) +0.516304348<x246>[B] (+1) -0.516304348<x247>[B] (+0) +0.516304348<x248>[B] (+1) +0.516304348<x249>[B] (+0) +0.516304348<x250>[B] (+0) +0.516304348<x251>[B] (+1) -0.516304348<x252>[B] (+0) +0.516304348<x253>[B] (+1) -0.516304348<x254>[B] (+0) -0.516304348<x255>[B] (+1) +0.516304348<x256>[B] (+0) +0.516304348<x257>[B] (+1) -0.516304348<x258>[B] (+1) +0.516304348<x259>[B] (+1) -0.516304348<x260>[B] (+0) -0.516304348<x261>[B] (+1) +0.516304348<x262>[B] (+1) -0.516304348<x263>[B] (+1) +0.516304348<x264>[B] (+1) -0.516304348<x265>[B] (+1) -0.516304348<x266>[B] (+1) -0.516304348<x267>[B] (+0) +0.516304348<x268>[B] (+0) -0.516304348<x269>[B] (+0) -0.516304348<x270>[B] (+0) +0.516304348<x271>[B] (+1) +0.516304348<x272>[B] (+0) +0.516304348<x273>[B] (+1) -0.516304348<x274>[B] (+0) -0.516304348<x275>[B] (+0) +0.516304348<x276>[B] (+1) >= 42.2083333333333;
;
violation: left hand side is violated by 0.00362318840576847
all 10 solutions given by solution candidate storage are infeasible

feasible solution found by trivial heuristic after 0.0 seconds, objective value -8.000652e+06
presolving:
   (0.0s) symmetry computation started: requiring (bin +, int +, cont +), (fixed: bin -, int -, cont -)
   (0.0s) no symmetry present (symcode time: 0.00)
presolving (0 rounds: 0 fast, 0 medium, 0 exhaustive):
 0 deleted vars, 0 deleted constraints, 0 added constraints, 0 tightened bounds, 0 added holes, 0 changed sides, 0 changed coefficients
 0 implications, 0 cliques, 0 implied integral variables (0 bin, 0 int, 0 cont)
presolved problem has 356 variables (276 bin, 0 int, 80 cont) and 4395 constraints
   4395 constraints of type <linear>
Presolving Time: 0.06
transformed 1/1 original solutions to the transformed problem space

 time | node  | left  |LP iter|LP it/n|mem/heur|mdpt |vars |cons |rows |cuts |sepa|confs|strbr|  dualbound   | primalbound  |  gap   | compl. 
p 0.1s|     1 |     0 |    44 |     - |   locks|   0 | 356 |4395 |4395 |   0 |  0 |   0 |   0 | 6.320000e+02 |-3.316736e+03 |    Inf | unknown
  0.3s|     1 |     0 |  1272 |     - |   126M |   0 | 356 |4395 |4395 |   0 |  0 |   0 |   0 |-2.719711e+03 |-3.316736e+03 |  21.95%| unknown
r 0.3s|     1 |     0 |  1272 |     - |shifting|   0 | 356 |4395 |4395 |   0 |  0 |   0 |   0 |-2.719711e+03 |-2.909650e+03 |   6.98%| unknown
  0.6s|     1 |     0 |  1303 |     - |   126M |   0 | 356 |4395 |4396 |   1 |  1 |   0 |   0 |-2.719828e+03 |-2.909650e+03 |   6.98%| unknown
  0.6s|     1 |     0 |  1303 |     - |   126M |   0 | 356 |4395 |4396 |   1 |  1 |   0 |   0 |-2.719828e+03 |-2.909650e+03 |   6.98%| unknown
  0.9s|     1 |     0 |  1346 |     - |   127M |   0 | 356 |4395 |4398 |   3 |  2 |   0 |   0 |-2.720017e+03 |-2.909650e+03 |   6.97%| unknown
  1.3s|     1 |     0 |  1374 |     - |   127M |   0 | 356 |4395 |4400 |   5 |  3 |   0 |   0 |-2.720057e+03 |-2.909650e+03 |   6.97%| unknown
  1.6s|     1 |     0 |  1406 |     - |   128M |   0 | 356 |4395 |4403 |   8 |  4 |   0 |   0 |-2.720071e+03 |-2.909650e+03 |   6.97%| unknown
  1.9s|     1 |     0 |  1448 |     - |   128M |   0 | 356 |4395 |4406 |  11 |  5 |   0 |   0 |-2.720099e+03 |-2.909650e+03 |   6.97%| unknown
r 1.9s|     1 |     0 |  1448 |     - |shifting|   0 | 356 |4395 |4406 |  11 |  5 |   0 |   0 |-2.720099e+03 |-2.866690e+03 |   5.39%| unknown
  2.2s|     1 |     0 |  1469 |     - |   129M |   0 | 356 |4395 |4408 |  13 |  6 |   0 |   0 |-2.720111e+03 |-2.866690e+03 |   5.39%| unknown
  2.6s|     1 |     0 |  1510 |     - |   129M |   0 | 356 |4396 |4411 |  16 |  7 |   1 |   0 |-2.720153e+03 |-2.866690e+03 |   5.39%| unknown
  3.0s|     1 |     0 |  1548 |     - |   130M |   0 | 356 |4396 |4413 |  18 |  8 |   1 |   0 |-2.720165e+03 |-2.866690e+03 |   5.39%| unknown
  3.3s|     1 |     0 |  1586 |     - |   130M |   0 | 356 |4396 |4415 |  20 |  9 |   1 |   0 |-2.720176e+03 |-2.866690e+03 |   5.39%| unknown
  3.8s|     1 |     0 |  1631 |     - |   130M |   0 | 356 |4396 |4418 |  23 | 10 |   1 |   0 |-2.720193e+03 |-2.866690e+03 |   5.39%| unknown
 time | node  | left  |LP iter|LP it/n|mem/heur|mdpt |vars |cons |rows |cuts |sepa|confs|strbr|  dualbound   | primalbound  |  gap   | compl. 
  3.8s|     1 |     0 |  1673 |     - |   131M |   0 | 356 |4396 |4420 |  25 | 11 |   1 |   0 |-2.720212e+03 |-2.866690e+03 |   5.38%| unknown
r 3.9s|     1 |     0 |  1846 |     - |intshift|   0 | 356 |4396 |4420 |  25 | 11 |   1 |   0 |-2.720212e+03 |-2.754667e+03 |   1.27%| unknown
d 4.0s|     1 |     0 |  2717 |     - |farkasdi|   0 | 356 |4396 |4420 |   0 | 11 |   1 |   0 |-2.720212e+03 |-2.727290e+03 |   0.26%| unknown
L 4.5s|     1 |     0 |  2886 |     - |    rens|   0 | 356 |4398 |4420 |  25 | 11 |   6 |   0 |-2.720212e+03 |-2.725011e+03 |   0.18%| unknown
  4.6s|     1 |     0 |  2886 |     - |   131M |   0 | 356 |4339 |4420 |  25 | 11 |   6 |   0 |-2.720212e+03 |-2.725011e+03 |   0.18%| unknown
  4.6s|     1 |     0 |  2886 |     - |   131M |   0 | 356 |4339 |3682 |  25 | 11 |   6 |   0 |-2.720212e+03 |-2.725011e+03 |   0.18%| unknown
  4.6s|     1 |     0 |  2918 |     - |   131M |   0 | 356 |4339 |3685 |  28 | 12 |   6 |   0 |-2.720217e+03 |-2.725011e+03 |   0.18%| unknown
  4.7s|     1 |     0 |  2918 |     - |   131M |   0 | 356 |4340 |3663 |  28 | 12 |   7 |   0 |-2.720217e+03 |-2.725011e+03 |   0.18%| unknown
  4.7s|     1 |     0 |  2927 |     - |   131M |   0 | 356 |4340 |3665 |  30 | 13 |   7 |   0 |-2.720221e+03 |-2.725011e+03 |   0.18%| unknown
  4.7s|     1 |     0 |  2927 |     - |   131M |   0 | 356 |3555 |3665 |  30 | 13 |   7 |   0 |-2.720221e+03 |-2.725011e+03 |   0.18%| unknown
  4.7s|     1 |     0 |  2972 |     - |   132M |   0 | 356 |3555 |3667 |  32 | 14 |   7 |   0 |-2.720276e+03 |-2.725011e+03 |   0.17%| unknown
  4.8s|     1 |     0 |  2972 |     - |   132M |   0 | 356 |3555 |3557 |  32 | 14 |   7 |   0 |-2.720276e+03 |-2.725011e+03 |   0.17%| unknown
  4.8s|     1 |     0 |  3030 |     - |   132M |   0 | 356 |3555 |3560 |  35 | 15 |   7 |   0 |-2.720315e+03 |-2.725011e+03 |   0.17%| unknown
  4.8s|     1 |     0 |  3030 |     - |   132M |   0 | 356 |3556 |3539 |  35 | 15 |   8 |   0 |-2.720315e+03 |-2.725011e+03 |   0.17%| unknown
(run 1, node 1) restarting after 41 global fixings of integer variables

(restart) converted 35 cuts from the global cut pool into linear constraints

presolving:
presolving (0 rounds: 0 fast, 0 medium, 0 exhaustive):
 0 deleted vars, 0 deleted constraints, 0 added constraints, 0 tightened bounds, 0 added holes, 0 changed sides, 0 changed coefficients
 0 implications, 0 cliques, 0 implied integral variables (0 bin, 0 int, 0 cont)
presolved problem has 356 variables (276 bin, 0 int, 80 cont) and 3548 constraints
   3543 constraints of type <linear>
      5 constraints of type <logicor>
Presolving Time: 0.06
transformed 20/23 original solutions to the transformed problem space

 time | node  | left  |LP iter|LP it/n|mem/heur|mdpt |vars |cons |rows |cuts |sepa|confs|strbr|  dualbound   | primalbound  |  gap   | compl. 
  5.0s|     1 |     0 |  4224 |     - |   132M |   0 | 356 |3548 |3539 |   0 |  0 |   8 |   0 |-2.720315e+03 |-2.725011e+03 |   0.17%| unknown
  5.0s|     1 |     0 |  4224 |     - |   132M |   0 | 356 |3548 |3518 |   0 |  0 |   8 |   0 |-2.720315e+03 |-2.725011e+03 |   0.17%| unknown
  5.4s|     1 |     0 |  4246 |     - |   132M |   0 | 356 |3548 |3519 |   1 |  1 |   8 |   0 |-2.720320e+03 |-2.725011e+03 |   0.17%| unknown
  5.7s|     1 |     0 |  4265 |     - |   133M |   0 | 356 |3548 |3520 |   2 |  2 |   8 |   0 |-2.720322e+03 |-2.725011e+03 |   0.17%| unknown
  6.1s|     1 |     0 |  4281 |     - |   133M |   0 | 356 |3548 |3521 |   3 |  3 |   8 |   0 |-2.720323e+03 |-2.725011e+03 |   0.17%| unknown
  6.5s|     1 |     0 |  4307 |     - |   134M |   0 | 356 |3548 |3522 |   4 |  4 |   8 |   0 |-2.720325e+03 |-2.725011e+03 |   0.17%| unknown
  6.9s|     1 |     0 |  4325 |     - |   134M |   0 | 356 |3548 |3523 |   5 |  5 |   8 |   0 |-2.720330e+03 |-2.725011e+03 |   0.17%| unknown
  7.2s|     1 |     0 |  4394 |     - |   134M |   0 | 356 |3548 |3524 |   6 |  6 |   8 |   0 |-2.720353e+03 |-2.725011e+03 |   0.17%| unknown
  7.3s|     1 |     0 |  4394 |     - |   134M |   0 | 356 |3548 |3506 |   6 |  6 |   8 |   0 |-2.720353e+03 |-2.725011e+03 |   0.17%| unknown
  7.6s|     1 |     0 |  4426 |     - |   135M |   0 | 356 |3548 |3507 |   7 |  7 |   8 |   0 |-2.720361e+03 |-2.725011e+03 |   0.17%| unknown
  8.0s|     1 |     0 |  4427 |     - |   135M |   0 | 356 |3548 |3508 |   8 |  8 |   8 |   0 |-2.720361e+03 |-2.725011e+03 |   0.17%| unknown
  8.3s|     1 |     0 |  4454 |     - |   135M |   0 | 356 |3548 |3509 |   9 |  9 |   8 |   0 |-2.720364e+03 |-2.725011e+03 |   0.17%| unknown
  8.7s|     1 |     0 |  4473 |     - |   136M |   0 | 356 |3549 |3510 |  10 | 10 |   9 |   0 |-2.720366e+03 |-2.725011e+03 |   0.17%| unknown
  8.8s|     1 |     0 |  4496 |     - |   136M |   0 | 356 |3549 |3512 |  12 | 11 |   9 |   0 |-2.720372e+03 |-2.725011e+03 |   0.17%| unknown
  8.8s|     1 |     0 |  4496 |     - |   136M |   0 | 356 |3466 |3512 |  12 | 11 |   9 |   0 |-2.720372e+03 |-2.725011e+03 |   0.17%| unknown
 time | node  | left  |LP iter|LP it/n|mem/heur|mdpt |vars |cons |rows |cuts |sepa|confs|strbr|  dualbound   | primalbound  |  gap   | compl. 
  8.8s|     1 |     0 |  4532 |     - |   136M |   0 | 356 |3466 |3514 |  14 | 12 |   9 |   0 |-2.720381e+03 |-2.725011e+03 |   0.17%| unknown
  8.9s|     1 |     0 |  4576 |     - |   137M |   0 | 356 |3466 |3499 |  15 | 13 |   9 |   0 |-2.720402e+03 |-2.725011e+03 |   0.17%| unknown
  9.0s|     1 |     0 |  4608 |     - |   137M |   0 | 356 |3466 |3501 |  17 | 14 |   9 |   0 |-2.720406e+03 |-2.725011e+03 |   0.17%| unknown
 10.9s|     1 |     2 |  5522 |     - |   138M |   0 | 356 |3476 |3501 |  17 | 15 |  19 |  19 |-2.722107e+03 |-2.725011e+03 |   0.11%| unknown

SCIP Status        : problem is solved [optimal solution found]
Solving Time (sec) : 13.02
Solving Nodes      : 7 (total of 8 nodes in 2 runs)
Primal Bound       : -2.72501086956522e+03 (39 solutions)
Dual Bound         : -2.72501086956522e+03
Gap                : 0.00 %
  [linear] <c4396>: <x277>[C] (+29.2155797) +0.458333333<x1>[B] (+1) +0.458333333<x2>[B] (+1) +0.458333333<x3>[B] (+1) +0.458333333<x4>[B] (+1) +0.458333333<x5>[B] (+1) +0.458333333<x6>[B] (+1) +0.458333333<x7>[B] (+1) +0.458333333<x8>[B] (+0) +0.458333333<x9>[B] (+0) +0.458333333<x10>[B] (+1) +0.458333333<x11>[B] (+1) -0.458333333<x12>[B] (+1) +0.458333333<x13>[B] (+1) +0.458333333<x14>[B] (+1) +0.458333333<x15>[B] (+0) +0.458333333<x16>[B] (+1) +0.458333333<x17>[B] (+1) +0.458333333<x18>[B] (+0) +0.458333333<x19>[B] (+1) +0.458333333<x20>[B] (+1) +0.458333333<x21>[B] (+1) +0.458333333<x22>[B] (+0) +0.458333333<x23>[B] (+0) +0.458333333<x24>[B] (+0) +0.458333333<x25>[B] (+0) -0.458333333<x26>[B] (+0) -0.458333333<x27>[B] (+1) -0.458333333<x28>[B] (+0) +0.458333333<x29>[B] (+0) +0.458333333<x30>[B] (+0) +0.458333333<x31>[B] (+0) +0.458333333<x32>[B] (+0) +0.458333333<x33>[B] (+0) -0.458333333<x34>[B] (+1) -0.458333333<x35>[B] (+0) +0.458333333<x36>[B] (+0) -0.458333333<x37>[B] (+0) +0.458333333<x38>[B] (+0) +0.458333333<x39>[B] (+0) +0.458333333<x40>[B] (+0) +0.458333333<x41>[B] (+1) -0.458333333<x42>[B] (+0) +0.458333333<x43>[B] (+0) -0.458333333<x44>[B] (+0) +0.458333333<x45>[B] (+0) -0.458333333<x46>[B] (+1) -0.458333333<x47>[B] (+0) -0.458333333<x48>[B] (+1) -0.458333333<x49>[B] (+0) +0.458333333<x50>[B] (+0) -0.458333333<x51>[B] (+0) -0.458333333<x52>[B] (+0) -0.458333333<x53>[B] (+1) -0.458333333<x54>[B] (+0) -0.458333333<x55>[B] (+1) -0.458333333<x56>[B] (+0) -0.458333333<x57>[B] (+1) -0.458333333<x58>[B] (+0) -0.458333333<x59>[B] (+0) -0.458333333<x60>[B] (+0) -0.458333333<x61>[B] (+0) -0.458333333<x62>[B] (+1) -0.458333333<x63>[B] (+0) +0.458333333<x64>[B] (+0) -0.458333333<x65>[B] (+0) -0.458333333<x66>[B] (+0) -0.458333333<x67>[B] (+0) -0.458333333<x68>[B] (+1) -0.458333333<x69>[B] (+0) +0.458333333<x70>[B] (+0) +0.458333333<x71>[B] (+0) -0.458333333<x72>[B] (+0) +0.458333333<x73>[B] (+1) +0.458333333<x74>[B] (+0) -0.458333333<x75>[B] (+1) -0.458333333<x76>[B] (+0) -0.458333333<x77>[B] (+1) -0.458333333<x78>[B] (+0) -0.458333333<x79>[B] (+0) +0.458333333<x80>[B] (+0) +0.458333333<x81>[B] (+0) +0.458333333<x82>[B] (+1) -0.458333333<x83>[B] (+0) +0.458333333<x84>[B] (+0) -0.458333333<x85>[B] (+0) -0.458333333<x86>[B] (+0) +0.458333333<x87>[B] (+1) -0.458333333<x88>[B] (+0) +0.458333333<x89>[B] (+1) +0.458333333<x90>[B] (+0) +0.458333333<x91>[B] (+0) +0.458333333<x92>[B] (+1) +0.458333333<x93>[B] (+1) -0.458333333<x94>[B] (+1) +0.458333333<x95>[B] (+1) +0.458333333<x96>[B] (+1) +0.458333333<x97>[B] (+0) +0.458333333<x98>[B] (+1) +0.458333333<x99>[B] (+0) +0.458333333<x100>[B] (+0) +0.458333333<x101>[B] (+1) -0.458333333<x102>[B] (+0) +0.458333333<x103>[B] (+1) -0.458333333<x104>[B] (+0) +0.458333333<x105>[B] (+0) -0.458333333<x106>[B] (+0) +0.458333333<x107>[B] (+0) +0.458333333<x108>[B] (+0) +0.458333333<x109>[B] (+0) +0.458333333<x110>[B] (+0) +0.458333333<x111>[B] (+0) -0.458333333<x112>[B] (+0) -0.458333333<x113>[B] (+0) +0.458333333<x114>[B] (+0) -0.458333333<x115>[B] (+0) +0.458333333<x116>[B] (+0) +0.458333333<x117>[B] (+0) +0.458333333<x118>[B] (+0) +0.458333333<x119>[B] (+0) -0.458333333<x120>[B] (+0) +0.458333333<x121>[B] (+0) -0.458333333<x122>[B] (+0) +0.458333333<x123>[B] (+0) +0.458333333<x124>[B] (+1) +0.458333333<x125>[B] (+0) +0.458333333<x126>[B] (+0) +0.458333333<x127>[B] (+1) +0.458333333<x128>[B] (+1) -0.458333333<x129>[B] (+1) +0.458333333<x130>[B] (+1) +0.458333333<x131>[B] (+1) +0.458333333<x132>[B] (+0) +0.458333333<x133>[B] (+1) +0.458333333<x134>[B] (+1) +0.458333333<x135>[B] (+0) +0.458333333<x136>[B] (+1) +0.458333333<x137>[B] (+1) +0.458333333<x138>[B] (+1) +0.458333333<x139>[B] (+0) +0.458333333<x140>[B] (+0) -0.458333333<x141>[B] (+0) -0.458333333<x142>[B] (+0) -0.458333333<x143>[B] (+1) -0.458333333<x144>[B] (+1) -0.458333333<x145>[B] (+1) -0.458333333<x146>[B] (+1) -0.458333333<x147>[B] (+1) -0.458333333<x148>[B] (+0) -0.458333333<x149>[B] (+0) -0.458333333<x150>[B] (+0) -0.458333333<x151>[B] (+0) -0.458333333<x152>[B] (+1) -0.458333333<x153>[B] (+0) -0.458333333<x154>[B] (+0) -0.458333333<x155>[B] (+0) -0.458333333<x156>[B] (+0) -0.458333333<x157>[B] (+1) +0.458333333<x158>[B] (+1) +0.458333333<x159>[B] (+1) -0.458333333<x160>[B] (+1) -0.458333333<x161>[B] (+1) -0.458333333<x162>[B] (+1) -0.458333333<x163>[B] (+1) -0.458333333<x164>[B] (+1) -0.458333333<x165>[B] (+1) +0.458333333<x166>[B] (+1) +0.458333333<x167>[B] (+1) -0.458333333<x168>[B] (+1) +0.458333333<x169>[B] (+1) -0.458333333<x170>[B] (+1) -0.458333333<x171>[B] (+1) +0.458333333<x172>[B] (+1) +0.458333333<x173>[B] (+1) -0.458333333<x174>[B] (+1) -0.458333333<x175>[B] (+1) +0.458333333<x176>[B] (+1) -0.458333333<x177>[B] (+1) +0.458333333<x178>[B] (+1) +0.458333333<x179>[B] (+1) +0.458333333<x180>[B] (+0) +0.458333333<x181>[B] (+1) -0.458333333<x182>[B] (+1) +0.458333333<x183>[B] (+1) -0.458333333<x184>[B] (+0) +0.458333333<x185>[B] (+1) -0.458333333<x186>[B] (+0) -0.458333333<x187>[B] (+1) -0.458333333<x188>[B] (+0) -0.458333333<x189>[B] (+0) -0.458333333<x190>[B] (+0) -0.458333333<x191>[B] (+0) -0.458333333<x192>[B] (+0) +0.458333333<x193>[B] (+0) +0.458333333<x194>[B] (+1) -0.458333333<x195>[B] (+0) +0.458333333<x196>[B] (+0) -0.458333333<x197>[B] (+0) -0.458333333<x198>[B] (+0) -0.458333333<x199>[B] (+1) -0.458333333<x200>[B] (+0) -0.458333333<x201>[B] (+1) -0.458333333<x202>[B] (+0) -0.458333333<x203>[B] (+0) -0.458333333<x204>[B] (+0) +0.458333333<x205>[B] (+0) +0.458333333<x206>[B] (+1) -0.458333333<x207>[B] (+0) +0.458333333<x208>[B] (+0) -0.458333333<x209>[B] (+0) -0.458333333<x210>[B] (+0) +0.458333333<x211>[B] (+0) +0.458333333<x212>[B] (+0) +0.458333333<x213>[B] (+0) +0.458333333<x214>[B] (+0) +0.458333333<x215>[B] (+0) +0.458333333<x216>[B] (+0) +0.458333333<x217>[B] (+0) +0.458333333<x218>[B] (+0) +0.458333333<x219>[B] (+0) +0.458333333<x220>[B] (+0) +0.458333333<x221>[B] (+0) +0.458333333<x222>[B] (+1) -0.458333333<x223>[B] (+0) +0.458333333<x224>[B] (+0) +0.458333333<x225>[B] (+0) +0.458333333<x226>[B] (+0) +0.458333333<x227>[B] (+1) -0.458333333<x228>[B] (+0) +0.458333333<x229>[B] (+0) -0.458333333<x230>[B] (+0) +0.458333333<x231>[B] (+0) -0.458333333<x232>[B] (+0) +0.458333333<x233>[B] (+0) +0.458333333<x234>[B] (+0) +0.458333333<x235>[B] (+0) +0.458333333<x236>[B] (+1) -0.458333333<x237>[B] (+0) +0.458333333<x238>[B] (+0) -0.458333333<x239>[B] (+0) +0.458333333<x240>[B] (+0) +0.458333333<x241>[B] (+1) +0.458333333<x242>[B] (+1) +0.458333333<x243>[B] (+0) +0.458333333<x244>[B] (+1) -0.458333333<x245>[B] (+1) +0.458333333<x246>[B] (+1) -0.458333333<x247>[B] (+0) +0.458333333<x248>[B] (+0) +0.458333333<x249>[B] (+0) +0.458333333<x250>[B] (+0) +0.458333333<x251>[B] (+1) -0.458333333<x252>[B] (+0) +0.458333333<x253>[B] (+1) -0.458333333<x254>[B] (+0) -0.458333333<x255>[B] (+0) +0.458333333<x256>[B] (+0) +0.458333333<x257>[B] (+1) -0.458333333<x258>[B] (+1) +0.458333333<x259>[B] (+1) -0.458333333<x260>[B] (+0) -0.458333333<x261>[B] (+0) +0.458333333<x262>[B] (+1) -0.458333333<x263>[B] (+1) +0.458333333<x264>[B] (+1) -0.458333333<x265>[B] (+1) -0.458333333<x266>[B] (+1) -0.458333333<x267>[B] (+0) +0.458333333<x268>[B] (+0) -0.458333333<x269>[B] (+0) -0.458333333<x270>[B] (+0) +0.458333333<x271>[B] (+1) +0.458333333<x272>[B] (+0) +0.458333333<x273>[B] (+0) -0.458333333<x274>[B] (+0) -0.458333333<x275>[B] (+0) +0.458333333<x276>[B] (+1) >= 41.1358695652174;
;
violation: left hand side is violated by 0.00362318840578268
  [linear] <c4405>: <x291>[C] (+59.9528986) -0.653985507<x1>[B] (+0) -0.653985507<x2>[B] (+0) -0.653985507<x3>[B] (+0) +0.653985507<x4>[B] (+0) -0.653985507<x5>[B] (+1) +0.653985507<x6>[B] (+0) -0.653985507<x7>[B] (+0) +0.653985507<x8>[B] (+0) +0.653985507<x9>[B] (+0) +0.653985507<x10>[B] (+0) +0.653985507<x11>[B] (+0) +0.653985507<x12>[B] (+1) +0.653985507<x13>[B] (+0) +0.653985507<x14>[B] (+0) -0.653985507<x15>[B] (+0) +0.653985507<x16>[B] (+0) +0.653985507<x17>[B] (+0) +0.653985507<x18>[B] (+0) -0.653985507<x19>[B] (+1) +0.653985507<x20>[B] (+0) +0.653985507<x21>[B] (+0) +0.653985507<x22>[B] (+0) +0.653985507<x23>[B] (+0) -0.653985507<x24>[B] (+0) +0.653985507<x25>[B] (+0) +0.653985507<x26>[B] (+0) +0.653985507<x27>[B] (+1) +0.653985507<x28>[B] (+0) +0.653985507<x29>[B] (+0) +0.653985507<x30>[B] (+0) +0.653985507<x31>[B] (+0) +0.653985507<x32>[B] (+0) +0.653985507<x33>[B] (+0) +0.653985507<x34>[B] (+1) +0.653985507<x35>[B] (+0) +0.653985507<x36>[B] (+0) +0.653985507<x37>[B] (+0) +0.653985507<x38>[B] (+0) +0.653985507<x39>[B] (+0) +0.653985507<x40>[B] (+0) +0.653985507<x41>[B] (+1) +0.653985507<x42>[B] (+0) +0.653985507<x43>[B] (+0) +0.653985507<x44>[B] (+0) +0.653985507<x45>[B] (+0) +0.653985507<x46>[B] (+1) +0.653985507<x47>[B] (+0) +0.653985507<x48>[B] (+1) +0.653985507<x49>[B] (+0) +0.653985507<x50>[B] (+0) +0.653985507<x51>[B] (+0) +0.653985507<x52>[B] (+0) +0.653985507<x53>[B] (+1) +0.653985507<x54>[B] (+0) +0.653985507<x55>[B] (+1) +0.653985507<x56>[B] (+0) +0.653985507<x57>[B] (+1) +0.653985507<x58>[B] (+0) +0.653985507<x59>[B] (+0) +0.653985507<x60>[B] (+0) +0.653985507<x61>[B] (+0) +0.653985507<x62>[B] (+1) +0.653985507<x63>[B] (+0) +0.653985507<x64>[B] (+0) +0.653985507<x65>[B] (+0) +0.653985507<x66>[B] (+0) +0.653985507<x67>[B] (+0) +0.653985507<x68>[B] (+1) +0.653985507<x69>[B] (+0) +0.653985507<x70>[B] (+0) +0.653985507<x71>[B] (+0) +0.653985507<x72>[B] (+0) +0.653985507<x73>[B] (+1) +0.653985507<x74>[B] (+0) +0.653985507<x75>[B] (+1) +0.653985507<x76>[B] (+0) +0.653985507<x77>[B] (+1) -0.653985507<x78>[B] (+0) +0.653985507<x79>[B] (+0) +0.653985507<x80>[B] (+0) +0.653985507<x81>[B] (+0) -0.653985507<x82>[B] (+1) +0.653985507<x83>[B] (+0) +0.653985507<x84>[B] (+0) +0.653985507<x85>[B] (+0) +0.653985507<x86>[B] (+0) -0.653985507<x87>[B] (+1) +0.653985507<x88>[B] (+0) -0.653985507<x89>[B] (+1) -0.653985507<x90>[B] (+0) -0.653985507<x91>[B] (+0) -0.653985507<x92>[B] (+1) -0.653985507<x93>[B] (+1) -0.653985507<x94>[B] (+1) -0.653985507<x95>[B] (+1) -0.653985507<x96>[B] (+1) -0.653985507<x97>[B] (+0) +0.653985507<x98>[B] (+1) +0.653985507<x99>[B] (+1) -0.653985507<x100>[B] (+0) -0.653985507<x101>[B] (+1) -0.653985507<x102>[B] (+0) +0.653985507<x103>[B] (+1) +0.653985507<x104>[B] (+0) +0.653985507<x105>[B] (+1) +0.653985507<x106>[B] (+0) +0.653985507<x107>[B] (+0) +0.653985507<x108>[B] (+0) +0.653985507<x109>[B] (+0) +0.653985507<x110>[B] (+0) +0.653985507<x111>[B] (+0) +0.653985507<x112>[B] (+0) +0.653985507<x113>[B] (+0) +0.653985507<x114>[B] (+0) -0.653985507<x115>[B] (+0) +0.653985507<x116>[B] (+0) +0.653985507<x117>[B] (+0) +0.653985507<x118>[B] (+0) -0.653985507<x119>[B] (+0) +0.653985507<x120>[B] (+0) +0.653985507<x121>[B] (+0) +0.653985507<x122>[B] (+0) +0.653985507<x123>[B] (+0) -0.653985507<x124>[B] (+1) -0.653985507<x125>[B] (+0) -0.653985507<x126>[B] (+0) -0.653985507<x127>[B] (+1) -0.653985507<x128>[B] (+1) -0.653985507<x129>[B] (+1) -0.653985507<x130>[B] (+1) -0.653985507<x131>[B] (+1) -0.653985507<x132>[B] (+1) +0.653985507<x133>[B] (+1) +0.653985507<x134>[B] (+1) -0.653985507<x135>[B] (+0) -0.653985507<x136>[B] (+1) -0.653985507<x137>[B] (+1) +0.653985507<x138>[B] (+1) +0.653985507<x139>[B] (+0) +0.653985507<x140>[B] (+1) +0.653985507<x141>[B] (+0) +0.653985507<x142>[B] (+0) +0.653985507<x143>[B] (+1) +0.653985507<x144>[B] (+1) +0.653985507<x145>[B] (+1) +0.653985507<x146>[B] (+1) +0.653985507<x147>[B] (+1) -0.653985507<x148>[B] (+0) +0.653985507<x149>[B] (+0) +0.653985507<x150>[B] (+0) +0.653985507<x151>[B] (+0) -0.653985507<x152>[B] (+1) +0.653985507<x153>[B] (+0) +0.653985507<x154>[B] (+0) +0.653985507<x155>[B] (+0) +0.653985507<x156>[B] (+0) +0.653985507<x157>[B] (+1) -0.653985507<x158>[B] (+1) -0.653985507<x159>[B] (+1) -0.653985507<x160>[B] (+1) -0.653985507<x161>[B] (+1) -0.653985507<x162>[B] (+1) -0.653985507<x163>[B] (+1) +0.653985507<x164>[B] (+1) +0.653985507<x165>[B] (+1) -0.653985507<x166>[B] (+1) -0.653985507<x167>[B] (+1) -0.653985507<x168>[B] (+1) +0.653985507<x169>[B] (+1) +0.653985507<x170>[B] (+1) +0.653985507<x171>[B] (+1) -0.653985507<x172>[B] (+1) -0.653985507<x173>[B] (+1) -0.653985507<x174>[B] (+1) -0.653985507<x175>[B] (+1) -0.653985507<x176>[B] (+1) -0.653985507<x177>[B] (+1) +0.653985507<x178>[B] (+1) +0.653985507<x179>[B] (+1) -0.653985507<x180>[B] (+0) -0.653985507<x181>[B] (+1) -0.653985507<x182>[B] (+1) +0.653985507<x183>[B] (+1) +0.653985507<x184>[B] (+0) +0.653985507<x185>[B] (+1) +0.653985507<x186>[B] (+0) +0.653985507<x187>[B] (+1) +0.653985507<x188>[B] (+0) +0.653985507<x189>[B] (+0) -0.653985507<x190>[B] (+0) +0.653985507<x191>[B] (+0) +0.653985507<x192>[B] (+0) -0.653985507<x193>[B] (+0) -0.653985507<x194>[B] (+1) -0.653985507<x195>[B] (+0) +0.653985507<x196>[B] (+0) +0.653985507<x197>[B] (+0) +0.653985507<x198>[B] (+0) +0.653985507<x199>[B] (+1) -0.653985507<x200>[B] (+0) -0.653985507<x201>[B] (+1) -0.653985507<x202>[B] (+0) +0.653985507<x203>[B] (+0) +0.653985507<x204>[B] (+0) -0.653985507<x205>[B] (+0) -0.653985507<x206>[B] (+1) -0.653985507<x207>[B] (+0) +0.653985507<x208>[B] (+0) +0.653985507<x209>[B] (+0) +0.653985507<x210>[B] (+0) -0.653985507<x211>[B] (+0) -0.653985507<x212>[B] (+0) -0.653985507<x213>[B] (+0) +0.653985507<x214>[B] (+0) +0.653985507<x215>[B] (+0) -0.653985507<x216>[B] (+0) -0.653985507<x217>[B] (+0) -0.653985507<x218>[B] (+0) +0.653985507<x219>[B] (+0) +0.653985507<x220>[B] (+0) +0.653985507<x221>[B] (+0) +0.653985507<x222>[B] (+1) -0.653985507<x223>[B] (+0) +0.653985507<x224>[B] (+0) +0.653985507<x225>[B] (+0) -0.653985507<x226>[B] (+0) -0.653985507<x227>[B] (+1) -0.653985507<x228>[B] (+0) +0.653985507<x229>[B] (+0) +0.653985507<x230>[B] (+0) +0.653985507<x231>[B] (+0) -0.653985507<x232>[B] (+0) +0.653985507<x233>[B] (+0) +0.653985507<x234>[B] (+0) -0.653985507<x235>[B] (+0) -0.653985507<x236>[B] (+1) -0.653985507<x237>[B] (+0) +0.653985507<x238>[B] (+0) +0.653985507<x239>[B] (+0) +0.653985507<x240>[B] (+0) +0.653985507<x241>[B] (+1) +0.653985507<x242>[B] (+1) +0.653985507<x243>[B] (+0) -0.653985507<x244>[B] (+1) +0.653985507<x245>[B] (+0) +0.653985507<x246>[B] (+1) +0.653985507<x247>[B] (+0) +0.653985507<x248>[B] (+1) -0.653985507<x249>[B] (+0) -0.653985507<x250>[B] (+0) -0.653985507<x251>[B] (+1) -0.653985507<x252>[B] (+0) -0.653985507<x253>[B] (+1) +0.653985507<x254>[B] (+0) +0.653985507<x255>[B] (+0) -0.653985507<x256>[B] (+0) -0.653985507<x257>[B] (+1) -0.653985507<x258>[B] (+0) -0.653985507<x259>[B] (+1) +0.653985507<x260>[B] (+0) +0.653985507<x261>[B] (+1) -0.653985507<x262>[B] (+1) -0.653985507<x263>[B] (+1) +0.653985507<x264>[B] (+1) +0.653985507<x265>[B] (+1) +0.653985507<x266>[B] (+1) +0.653985507<x267>[B] (+0) +0.653985507<x268>[B] (+0) +0.653985507<x269>[B] (+0) +0.653985507<x270>[B] (+0) +0.653985507<x271>[B] (+1) +0.653985507<x272>[B] (+0) +0.653985507<x273>[B] (+1) +0.653985507<x274>[B] (+0) +0.653985507<x275>[B] (+0) +0.653985507<x276>[B] (+1) >= 60.6576086956522;
;
violation: left hand side is violated by 0.0507246376811565
  [linear] <c4402>: <x288>[C] (+31.5434783) +0.476449275<x1>[B] (+1) +0.476449275<x2>[B] (+1) +0.476449275<x3>[B] (+1) +0.476449275<x4>[B] (+1) +0.476449275<x5>[B] (+1) +0.476449275<x6>[B] (+0) +0.476449275<x7>[B] (+1) +0.476449275<x8>[B] (+0) +0.476449275<x9>[B] (+0) +0.476449275<x10>[B] (+1) -0.476449275<x11>[B] (+1) +0.476449275<x12>[B] (+1) +0.476449275<x13>[B] (+1) +0.476449275<x14>[B] (+1) +0.476449275<x15>[B] (+1) +0.476449275<x16>[B] (+1) +0.476449275<x17>[B] (+1) +0.476449275<x18>[B] (+0) +0.476449275<x19>[B] (+1) +0.476449275<x20>[B] (+0) +0.476449275<x21>[B] (+1) +0.476449275<x22>[B] (+0) +0.476449275<x23>[B] (+1) -0.476449275<x24>[B] (+0) +0.476449275<x25>[B] (+0) -0.476449275<x26>[B] (+0) +0.476449275<x27>[B] (+1) -0.476449275<x28>[B] (+0) -0.476449275<x29>[B] (+0) -0.476449275<x30>[B] (+0) -0.476449275<x31>[B] (+0) +0.476449275<x32>[B] (+0) -0.476449275<x33>[B] (+0) -0.476449275<x34>[B] (+1) -0.476449275<x35>[B] (+1) -0.476449275<x36>[B] (+0) -0.476449275<x37>[B] (+0) +0.476449275<x38>[B] (+0) -0.476449275<x39>[B] (+0) -0.476449275<x40>[B] (+0) -0.476449275<x41>[B] (+1) +0.476449275<x42>[B] (+0) +0.476449275<x43>[B] (+1) +0.476449275<x44>[B] (+0) +0.476449275<x45>[B] (+0) +0.476449275<x46>[B] (+1) -0.476449275<x47>[B] (+0) +0.476449275<x48>[B] (+1) -0.476449275<x49>[B] (+0) -0.476449275<x50>[B] (+0) +0.476449275<x51>[B] (+0) +0.476449275<x52>[B] (+0) +0.476449275<x53>[B] (+1) -0.476449275<x54>[B] (+0) -0.476449275<x55>[B] (+1) -0.476449275<x56>[B] (+1) -0.476449275<x57>[B] (+0) +0.476449275<x58>[B] (+0) +0.476449275<x59>[B] (+0) +0.476449275<x60>[B] (+0) -0.476449275<x61>[B] (+0) +0.476449275<x62>[B] (+1) +0.476449275<x63>[B] (+0) +0.476449275<x64>[B] (+1) +0.476449275<x65>[B] (+0) +0.476449275<x66>[B] (+0) -0.476449275<x67>[B] (+0) +0.476449275<x68>[B] (+1) -0.476449275<x69>[B] (+0) -0.476449275<x70>[B] (+0) -0.476449275<x71>[B] (+0) -0.476449275<x72>[B] (+0) -0.476449275<x73>[B] (+0) -0.476449275<x74>[B] (+0) -0.476449275<x75>[B] (+1) -0.476449275<x76>[B] (+1) -0.476449275<x77>[B] (+0) -0.476449275<x78>[B] (+0) +0.476449275<x79>[B] (+0) -0.476449275<x80>[B] (+0) -0.476449275<x81>[B] (+0) -0.476449275<x82>[B] (+1) -0.476449275<x83>[B] (+0) -0.476449275<x84>[B] (+1) -0.476449275<x85>[B] (+0) +0.476449275<x86>[B] (+0) +0.476449275<x87>[B] (+1) -0.476449275<x88>[B] (+0) -0.476449275<x89>[B] (+1) +0.476449275<x90>[B] (+0) +0.476449275<x91>[B] (+0) +0.476449275<x92>[B] (+1) -0.476449275<x93>[B] (+1) +0.476449275<x94>[B] (+1) -0.476449275<x95>[B] (+1) -0.476449275<x96>[B] (+1) +0.476449275<x97>[B] (+0) +0.476449275<x98>[B] (+0) +0.476449275<x99>[B] (+0) -0.476449275<x100>[B] (+0) +0.476449275<x101>[B] (+1) +0.476449275<x102>[B] (+0) +0.476449275<x103>[B] (+1) +0.476449275<x104>[B] (+0) +0.476449275<x105>[B] (+0) -0.476449275<x106>[B] (+0) -0.476449275<x107>[B] (+0) -0.476449275<x108>[B] (+0) -0.476449275<x109>[B] (+0) -0.476449275<x110>[B] (+0) -0.476449275<x111>[B] (+0) -0.476449275<x112>[B] (+0) -0.476449275<x113>[B] (+1) -0.476449275<x114>[B] (+0) -0.476449275<x115>[B] (+0) +0.476449275<x116>[B] (+0) -0.476449275<x117>[B] (+0) -0.476449275<x118>[B] (+0) -0.476449275<x119>[B] (+0) -0.476449275<x120>[B] (+0) -0.476449275<x121>[B] (+0) -0.476449275<x122>[B] (+0) +0.476449275<x123>[B] (+0) +0.476449275<x124>[B] (+1) +0.476449275<x125>[B] (+0) +0.476449275<x126>[B] (+0) +0.476449275<x127>[B] (+1) -0.476449275<x128>[B] (+1) +0.476449275<x129>[B] (+1) -0.476449275<x130>[B] (+1) -0.476449275<x131>[B] (+1) +0.476449275<x132>[B] (+1) +0.476449275<x133>[B] (+1) +0.476449275<x134>[B] (+1) -0.476449275<x135>[B] (+0) +0.476449275<x136>[B] (+1) +0.476449275<x137>[B] (+1) +0.476449275<x138>[B] (+1) +0.476449275<x139>[B] (+0) +0.476449275<x140>[B] (+1) +0.476449275<x141>[B] (+0) +0.476449275<x142>[B] (+0) +0.476449275<x143>[B] (+1) -0.476449275<x144>[B] (+1) +0.476449275<x145>[B] (+1) -0.476449275<x146>[B] (+1) -0.476449275<x147>[B] (+1) +0.476449275<x148>[B] (+0) +0.476449275<x149>[B] (+0) +0.476449275<x150>[B] (+0) -0.476449275<x151>[B] (+0) +0.476449275<x152>[B] (+1) +0.476449275<x153>[B] (+0) +0.476449275<x154>[B] (+1) +0.476449275<x155>[B] (+0) +0.476449275<x156>[B] (+0) -0.476449275<x157>[B] (+1) +0.476449275<x158>[B] (+1) -0.476449275<x159>[B] (+1) -0.476449275<x160>[B] (+1) -0.476449275<x161>[B] (+1) -0.476449275<x162>[B] (+1) -0.476449275<x163>[B] (+1) +0.476449275<x164>[B] (+1) +0.476449275<x165>[B] (+1) -0.476449275<x166>[B] (+1) +0.476449275<x167>[B] (+1) +0.476449275<x168>[B] (+1) +0.476449275<x169>[B] (+1) +0.476449275<x170>[B] (+1) +0.476449275<x171>[B] (+1) +0.476449275<x172>[B] (+1) -0.476449275<x173>[B] (+1) -0.476449275<x174>[B] (+1) -0.476449275<x175>[B] (+1) -0.476449275<x176>[B] (+1) -0.476449275<x177>[B] (+1) +0.476449275<x178>[B] (+1) +0.476449275<x179>[B] (+1) -0.476449275<x180>[B] (+0) +0.476449275<x181>[B] (+1) +0.476449275<x182>[B] (+1) +0.476449275<x183>[B] (+1) +0.476449275<x184>[B] (+0) +0.476449275<x185>[B] (+1) -0.476449275<x186>[B] (+0) -0.476449275<x187>[B] (+1) -0.476449275<x188>[B] (+1) -0.476449275<x189>[B] (+0) -0.476449275<x190>[B] (+0) +0.476449275<x191>[B] (+0) -0.476449275<x192>[B] (+0) -0.476449275<x193>[B] (+0) -0.476449275<x194>[B] (+1) +0.476449275<x195>[B] (+0) +0.476449275<x196>[B] (+1) -0.476449275<x197>[B] (+0) +0.476449275<x198>[B] (+0) +0.476449275<x199>[B] (+1) +0.476449275<x200>[B] (+1) +0.476449275<x201>[B] (+0) +0.476449275<x202>[B] (+0) +0.476449275<x203>[B] (+0) +0.476449275<x204>[B] (+0) +0.476449275<x205>[B] (+0) +0.476449275<x206>[B] (+1) +0.476449275<x207>[B] (+0) +0.476449275<x208>[B] (+1) +0.476449275<x209>[B] (+0) +0.476449275<x210>[B] (+0) -0.476449275<x211>[B] (+1) -0.476449275<x212>[B] (+0) +0.476449275<x213>[B] (+0) +0.476449275<x214>[B] (+0) +0.476449275<x215>[B] (+0) -0.476449275<x216>[B] (+0) +0.476449275<x217>[B] (+0) +0.476449275<x218>[B] (+0) +0.476449275<x219>[B] (+0) +0.476449275<x220>[B] (+0) +0.476449275<x221>[B] (+0) +0.476449275<x222>[B] (+0) +0.476449275<x223>[B] (+0) +0.476449275<x224>[B] (+0) +0.476449275<x225>[B] (+0) +0.476449275<x226>[B] (+0) +0.476449275<x227>[B] (+0) +0.476449275<x228>[B] (+0) +0.476449275<x229>[B] (+0) +0.476449275<x230>[B] (+0) +0.476449275<x231>[B] (+0) +0.476449275<x232>[B] (+0) +0.476449275<x233>[B] (+0) +0.476449275<x234>[B] (+0) -0.476449275<x235>[B] (+0) +0.476449275<x236>[B] (+1) +0.476449275<x237>[B] (+0) +0.476449275<x238>[B] (+1) +0.476449275<x239>[B] (+0) +0.476449275<x240>[B] (+0) +0.476449275<x241>[B] (+1) +0.476449275<x242>[B] (+0) -0.476449275<x243>[B] (+0) +0.476449275<x244>[B] (+1) +0.476449275<x245>[B] (+0) +0.476449275<x246>[B] (+1) +0.476449275<x247>[B] (+0) +0.476449275<x248>[B] (+0) -0.476449275<x249>[B] (+0) -0.476449275<x250>[B] (+0) -0.476449275<x251>[B] (+1) -0.476449275<x252>[B] (+0) -0.476449275<x253>[B] (+1) -0.476449275<x254>[B] (+0) +0.476449275<x255>[B] (+0) -0.476449275<x256>[B] (+0) -0.476449275<x257>[B] (+1) +0.476449275<x258>[B] (+0) +0.476449275<x259>[B] (+1) +0.476449275<x260>[B] (+0) +0.476449275<x261>[B] (+0) +0.476449275<x262>[B] (+1) +0.476449275<x263>[B] (+1) +0.476449275<x264>[B] (+1) +0.476449275<x265>[B] (+1) +0.476449275<x266>[B] (+1) +0.476449275<x267>[B] (+0) +0.476449275<x268>[B] (+1) +0.476449275<x269>[B] (+0) +0.476449275<x270>[B] (+0) -0.476449275<x271>[B] (+1) -0.476449275<x272>[B] (+0) +0.476449275<x273>[B] (+1) -0.476449275<x274>[B] (+0) +0.476449275<x275>[B] (+0) +0.476449275<x276>[B] (+1) >= 48.7173913043478;
;
violation: left hand side is violated by 0.021739130434753
  [linear] <c4420>: <x311>[C] (+37.0344203) -0.512681159<x1>[B] (+1) +0.512681159<x2>[B] (+1) +0.512681159<x3>[B] (+1) +0.512681159<x4>[B] (+0) +0.512681159<x5>[B] (+1) -0.512681159<x6>[B] (+0) +0.512681159<x7>[B] (+0) +0.512681159<x8>[B] (+0) +0.512681159<x9>[B] (+0) -0.512681159<x10>[B] (+1) +0.512681159<x11>[B] (+0) +0.512681159<x12>[B] (+1) +0.512681159<x13>[B] (+1) +0.512681159<x14>[B] (+1) +0.512681159<x15>[B] (+0) +0.512681159<x16>[B] (+0) +0.512681159<x17>[B] (+0) -0.512681159<x18>[B] (+0) -0.512681159<x19>[B] (+1) -0.512681159<x20>[B] (+0) -0.512681159<x21>[B] (+0) +0.512681159<x22>[B] (+0) +0.512681159<x23>[B] (+0) +0.512681159<x24>[B] (+0) +0.512681159<x25>[B] (+0) +0.512681159<x26>[B] (+0) +0.512681159<x27>[B] (+1) -0.512681159<x28>[B] (+0) +0.512681159<x29>[B] (+0) +0.512681159<x30>[B] (+0) +0.512681159<x31>[B] (+0) -0.512681159<x32>[B] (+0) +0.512681159<x33>[B] (+0) +0.512681159<x34>[B] (+1) +0.512681159<x35>[B] (+0) +0.512681159<x36>[B] (+0) +0.512681159<x37>[B] (+0) +0.512681159<x38>[B] (+0) +0.512681159<x39>[B] (+0) -0.512681159<x40>[B] (+0) -0.512681159<x41>[B] (+1) -0.512681159<x42>[B] (+0) -0.512681159<x43>[B] (+0) +0.512681159<x44>[B] (+0) +0.512681159<x45>[B] (+0) -0.512681159<x46>[B] (+1) +0.512681159<x47>[B] (+0) +0.512681159<x48>[B] (+1) -0.512681159<x49>[B] (+0) +0.512681159<x50>[B] (+0) -0.512681159<x51>[B] (+0) +0.512681159<x52>[B] (+0) -0.512681159<x53>[B] (+1) +0.512681159<x54>[B] (+0) +0.512681159<x55>[B] (+1) +0.512681159<x56>[B] (+1) -0.512681159<x57>[B] (+0) +0.512681159<x58>[B] (+0) +0.512681159<x59>[B] (+0) +0.512681159<x60>[B] (+0) -0.512681159<x61>[B] (+0) -0.512681159<x62>[B] (+1) -0.512681159<x63>[B] (+0) -0.512681159<x64>[B] (+0) +0.512681159<x65>[B] (+0) -0.512681159<x66>[B] (+0) +0.512681159<x67>[B] (+0) +0.512681159<x68>[B] (+1) -0.512681159<x69>[B] (+0) +0.512681159<x70>[B] (+0) +0.512681159<x71>[B] (+0) +0.512681159<x72>[B] (+0) -0.512681159<x73>[B] (+0) +0.512681159<x74>[B] (+0) +0.512681159<x75>[B] (+1) +0.512681159<x76>[B] (+1) +0.512681159<x77>[B] (+0) +0.512681159<x78>[B] (+0) +0.512681159<x79>[B] (+0) +0.512681159<x80>[B] (+0) -0.512681159<x81>[B] (+0) -0.512681159<x82>[B] (+1) -0.512681159<x83>[B] (+0) -0.512681159<x84>[B] (+0) +0.512681159<x85>[B] (+0) +0.512681159<x86>[B] (+0) -0.512681159<x87>[B] (+1) -0.512681159<x88>[B] (+0) +0.512681159<x89>[B] (+1) -0.512681159<x90>[B] (+0) -0.512681159<x91>[B] (+0) -0.512681159<x92>[B] (+1) -0.512681159<x93>[B] (+1) +0.512681159<x94>[B] (+1) -0.512681159<x95>[B] (+1) -0.512681159<x96>[B] (+1) +0.512681159<x97>[B] (+0) -0.512681159<x98>[B] (+1) -0.512681159<x99>[B] (+1) -0.512681159<x100>[B] (+0) -0.512681159<x101>[B] (+1) -0.512681159<x102>[B] (+1) -0.512681159<x103>[B] (+1) -0.512681159<x104>[B] (+0) -0.512681159<x105>[B] (+1) -0.512681159<x106>[B] (+0) +0.512681159<x107>[B] (+0) -0.512681159<x108>[B] (+0) -0.512681159<x109>[B] (+0) -0.512681159<x110>[B] (+0) -0.512681159<x111>[B] (+0) +0.512681159<x112>[B] (+0) -0.512681159<x113>[B] (+0) -0.512681159<x114>[B] (+0) +0.512681159<x115>[B] (+0) +0.512681159<x116>[B] (+0) -0.512681159<x117>[B] (+0) -0.512681159<x118>[B] (+0) -0.512681159<x119>[B] (+0) -0.512681159<x120>[B] (+0) -0.512681159<x121>[B] (+0) -0.512681159<x122>[B] (+0) -0.512681159<x123>[B] (+0) +0.512681159<x124>[B] (+1) +0.512681159<x125>[B] (+0) +0.512681159<x126>[B] (+0) +0.512681159<x127>[B] (+1) +0.512681159<x128>[B] (+1) +0.512681159<x129>[B] (+1) +0.512681159<x130>[B] (+1) +0.512681159<x131>[B] (+1) +0.512681159<x132>[B] (+1) +0.512681159<x133>[B] (+1) +0.512681159<x134>[B] (+1) +0.512681159<x135>[B] (+0) +0.512681159<x136>[B] (+1) +0.512681159<x137>[B] (+1) +0.512681159<x138>[B] (+1) +0.512681159<x139>[B] (+0) +0.512681159<x140>[B] (+1) -0.512681159<x141>[B] (+0) -0.512681159<x142>[B] (+0) -0.512681159<x143>[B] (+1) -0.512681159<x144>[B] (+1) +0.512681159<x145>[B] (+1) -0.512681159<x146>[B] (+1) -0.512681159<x147>[B] (+1) +0.512681159<x148>[B] (+0) -0.512681159<x149>[B] (+1) -0.512681159<x150>[B] (+0) -0.512681159<x151>[B] (+0) -0.512681159<x152>[B] (+1) -0.512681159<x153>[B] (+0) -0.512681159<x154>[B] (+0) -0.512681159<x155>[B] (+0) -0.512681159<x156>[B] (+1) +0.512681159<x157>[B] (+1) -0.512681159<x158>[B] (+1) +0.512681159<x159>[B] (+1) +0.512681159<x160>[B] (+1) +0.512681159<x161>[B] (+1) -0.512681159<x162>[B] (+1) +0.512681159<x163>[B] (+1) +0.512681159<x164>[B] (+1) +0.512681159<x165>[B] (+1) -0.512681159<x166>[B] (+1) -0.512681159<x167>[B] (+1) -0.512681159<x168>[B] (+1) -0.512681159<x169>[B] (+1) +0.512681159<x170>[B] (+1) -0.512681159<x171>[B] (+1) -0.512681159<x172>[B] (+1) -0.512681159<x173>[B] (+1) +0.512681159<x174>[B] (+1) -0.512681159<x175>[B] (+1) -0.512681159<x176>[B] (+1) +0.512681159<x177>[B] (+1) +0.512681159<x178>[B] (+1) -0.512681159<x179>[B] (+1) -0.512681159<x180>[B] (+0) -0.512681159<x181>[B] (+1) -0.512681159<x182>[B] (+1) -0.512681159<x183>[B] (+1) -0.512681159<x184>[B] (+0) -0.512681159<x185>[B] (+1) +0.512681159<x186>[B] (+0) +0.512681159<x187>[B] (+1) +0.512681159<x188>[B] (+1) +0.512681159<x189>[B] (+0) +0.512681159<x190>[B] (+0) +0.512681159<x191>[B] (+0) +0.512681159<x192>[B] (+0) -0.512681159<x193>[B] (+0) -0.512681159<x194>[B] (+1) -0.512681159<x195>[B] (+0) -0.512681159<x196>[B] (+0) +0.512681159<x197>[B] (+0) +0.512681159<x198>[B] (+0) +0.512681159<x199>[B] (+1) -0.512681159<x200>[B] (+1) -0.512681159<x201>[B] (+1) +0.512681159<x202>[B] (+0) +0.512681159<x203>[B] (+0) +0.512681159<x204>[B] (+0) -0.512681159<x205>[B] (+0) -0.512681159<x206>[B] (+1) -0.512681159<x207>[B] (+0) -0.512681159<x208>[B] (+0) +0.512681159<x209>[B] (+0) -0.512681159<x210>[B] (+0) -0.512681159<x211>[B] (+0) -0.512681159<x212>[B] (+0) -0.512681159<x213>[B] (+0) -0.512681159<x214>[B] (+0) -0.512681159<x215>[B] (+0) -0.512681159<x216>[B] (+0) -0.512681159<x217>[B] (+0) -0.512681159<x218>[B] (+0) -0.512681159<x219>[B] (+0) -0.512681159<x220>[B] (+0) -0.512681159<x221>[B] (+0) -0.512681159<x222>[B] (+0) +0.512681159<x223>[B] (+0) +0.512681159<x224>[B] (+0) +0.512681159<x225>[B] (+0) -0.512681159<x226>[B] (+0) -0.512681159<x227>[B] (+1) -0.512681159<x228>[B] (+0) -0.512681159<x229>[B] (+0) +0.512681159<x230>[B] (+0) -0.512681159<x231>[B] (+0) +0.512681159<x232>[B] (+0) +0.512681159<x233>[B] (+0) +0.512681159<x234>[B] (+0) -0.512681159<x235>[B] (+0) -0.512681159<x236>[B] (+1) -0.512681159<x237>[B] (+0) -0.512681159<x238>[B] (+0) +0.512681159<x239>[B] (+0) -0.512681159<x240>[B] (+0) -0.512681159<x241>[B] (+1) -0.512681159<x242>[B] (+1) -0.512681159<x243>[B] (+0) -0.512681159<x244>[B] (+1) -0.512681159<x245>[B] (+1) -0.512681159<x246>[B] (+1) -0.512681159<x247>[B] (+0) -0.512681159<x248>[B] (+1) -0.512681159<x249>[B] (+0) -0.512681159<x250>[B] (+0) -0.512681159<x251>[B] (+1) -0.512681159<x252>[B] (+0) -0.512681159<x253>[B] (+0) -0.512681159<x254>[B] (+0) -0.512681159<x255>[B] (+0) -0.512681159<x256>[B] (+0) -0.512681159<x257>[B] (+1) -0.512681159<x258>[B] (+1) -0.512681159<x259>[B] (+1) +0.512681159<x260>[B] (+0) -0.512681159<x261>[B] (+1) -0.512681159<x262>[B] (+1) -0.512681159<x263>[B] (+1) -0.512681159<x264>[B] (+1) +0.512681159<x265>[B] (+1) +0.512681159<x266>[B] (+1) +0.512681159<x267>[B] (+0) +0.512681159<x268>[B] (+0) +0.512681159<x269>[B] (+0) +0.512681159<x270>[B] (+0) +0.512681159<x271>[B] (+0) +0.512681159<x272>[B] (+0) +0.512681159<x273>[B] (+1) +0.512681159<x274>[B] (+0) +0.512681159<x275>[B] (+1) -0.512681159<x276>[B] (+1) >= 29.3514492753623;
;
violation: left hand side is violated by 0.00724637681159379
  [linear] <c4417>: <x305>[C] (+66.7789855) -0.697463768<x1>[B] (+1) -0.697463768<x2>[B] (+1) -0.697463768<x3>[B] (+1) -0.697463768<x4>[B] (+0) -0.697463768<x5>[B] (+1) -0.697463768<x6>[B] (+0) -0.697463768<x7>[B] (+0) -0.697463768<x8>[B] (+0) -0.697463768<x9>[B] (+0) -0.697463768<x10>[B] (+1) -0.697463768<x11>[B] (+0) -0.697463768<x12>[B] (+1) -0.697463768<x13>[B] (+1) -0.697463768<x14>[B] (+1) +0.697463768<x15>[B] (+0) -0.697463768<x16>[B] (+0) -0.697463768<x17>[B] (+0) +0.697463768<x18>[B] (+0) -0.697463768<x19>[B] (+1) -0.697463768<x20>[B] (+0) -0.697463768<x21>[B] (+0) -0.697463768<x22>[B] (+0) -0.697463768<x23>[B] (+1) -0.697463768<x24>[B] (+0) +0.697463768<x25>[B] (+0) +0.697463768<x26>[B] (+0) +0.697463768<x27>[B] (+1) +0.697463768<x28>[B] (+0) +0.697463768<x29>[B] (+0) +0.697463768<x30>[B] (+0) +0.697463768<x31>[B] (+0) +0.697463768<x32>[B] (+0) +0.697463768<x33>[B] (+0) -0.697463768<x34>[B] (+1) +0.697463768<x35>[B] (+0) +0.697463768<x36>[B] (+0) +0.697463768<x37>[B] (+0) +0.697463768<x38>[B] (+0) +0.697463768<x39>[B] (+0) +0.697463768<x40>[B] (+0) -0.697463768<x41>[B] (+1) -0.697463768<x42>[B] (+0) +0.697463768<x43>[B] (+0) +0.697463768<x44>[B] (+0) +0.697463768<x45>[B] (+0) +0.697463768<x46>[B] (+1) +0.697463768<x47>[B] (+0) +0.697463768<x48>[B] (+1) +0.697463768<x49>[B] (+0) +0.697463768<x50>[B] (+0) +0.697463768<x51>[B] (+0) +0.697463768<x52>[B] (+0) +0.697463768<x53>[B] (+1) +0.697463768<x54>[B] (+0) -0.697463768<x55>[B] (+1) +0.697463768<x56>[B] (+1) +0.697463768<x57>[B] (+1) +0.697463768<x58>[B] (+0) +0.697463768<x59>[B] (+0) +0.697463768<x60>[B] (+0) +0.697463768<x61>[B] (+0) -0.697463768<x62>[B] (+1) -0.697463768<x63>[B] (+0) +0.697463768<x64>[B] (+0) +0.697463768<x65>[B] (+0) +0.697463768<x66>[B] (+0) -0.697463768<x67>[B] (+0) -0.697463768<x68>[B] (+1) -0.697463768<x69>[B] (+0) -0.697463768<x70>[B] (+0) +0.697463768<x71>[B] (+0) +0.697463768<x72>[B] (+0) +0.697463768<x73>[B] (+1) -0.697463768<x74>[B] (+0) -0.697463768<x75>[B] (+1) -0.697463768<x76>[B] (+1) +0.697463768<x77>[B] (+1) +0.697463768<x78>[B] (+0) -0.697463768<x79>[B] (+0) +0.697463768<x80>[B] (+0) +0.697463768<x81>[B] (+0) -0.697463768<x82>[B] (+1) -0.697463768<x83>[B] (+0) +0.697463768<x84>[B] (+0) +0.697463768<x85>[B] (+0) -0.697463768<x86>[B] (+0) -0.697463768<x87>[B] (+1) -0.697463768<x88>[B] (+0) -0.697463768<x89>[B] (+1) +0.697463768<x90>[B] (+0) +0.697463768<x91>[B] (+0) +0.697463768<x92>[B] (+1) -0.697463768<x93>[B] (+1) -0.697463768<x94>[B] (+1) -0.697463768<x95>[B] (+1) +0.697463768<x96>[B] (+1) +0.697463768<x97>[B] (+0) -0.697463768<x98>[B] (+1) +0.697463768<x99>[B] (+0) +0.697463768<x100>[B] (+0) -0.697463768<x101>[B] (+1) -0.697463768<x102>[B] (+1) +0.697463768<x103>[B] (+0) +0.697463768<x104>[B] (+0) -0.697463768<x105>[B] (+1) +0.697463768<x106>[B] (+0) +0.697463768<x107>[B] (+0) +0.697463768<x108>[B] (+0) +0.697463768<x109>[B] (+0) +0.697463768<x110>[B] (+0) +0.697463768<x111>[B] (+0) -0.697463768<x112>[B] (+0) +0.697463768<x113>[B] (+0) +0.697463768<x114>[B] (+0) +0.697463768<x115>[B] (+0) +0.697463768<x116>[B] (+0) +0.697463768<x117>[B] (+0) +0.697463768<x118>[B] (+0) -0.697463768<x119>[B] (+0) -0.697463768<x120>[B] (+0) +0.697463768<x121>[B] (+0) +0.697463768<x122>[B] (+0) +0.697463768<x123>[B] (+0) +0.697463768<x124>[B] (+1) +0.697463768<x125>[B] (+0) +0.697463768<x126>[B] (+0) +0.697463768<x127>[B] (+1) +0.697463768<x128>[B] (+1) -0.697463768<x129>[B] (+1) +0.697463768<x130>[B] (+1) +0.697463768<x131>[B] (+1) +0.697463768<x132>[B] (+0) +0.697463768<x133>[B] (+1) +0.697463768<x134>[B] (+0) +0.697463768<x135>[B] (+0) -0.697463768<x136>[B] (+1) -0.697463768<x137>[B] (+1) +0.697463768<x138>[B] (+1) +0.697463768<x139>[B] (+0) +0.697463768<x140>[B] (+1) +0.697463768<x141>[B] (+0) +0.697463768<x142>[B] (+0) +0.697463768<x143>[B] (+1) -0.697463768<x144>[B] (+1) -0.697463768<x145>[B] (+1) -0.697463768<x146>[B] (+1) +0.697463768<x147>[B] (+1) +0.697463768<x148>[B] (+0) +0.697463768<x149>[B] (+0) +0.697463768<x150>[B] (+0) +0.697463768<x151>[B] (+0) -0.697463768<x152>[B] (+1) -0.697463768<x153>[B] (+0) +0.697463768<x154>[B] (+0) +0.697463768<x155>[B] (+0) +0.697463768<x156>[B] (+1) -0.697463768<x157>[B] (+1) +0.697463768<x158>[B] (+1) -0.697463768<x159>[B] (+1) -0.697463768<x160>[B] (+1) -0.697463768<x161>[B] (+1) +0.697463768<x162>[B] (+1) +0.697463768<x163>[B] (+1) -0.697463768<x164>[B] (+1) +0.697463768<x165>[B] (+1) +0.697463768<x166>[B] (+1) -0.697463768<x167>[B] (+1) -0.697463768<x168>[B] (+1) +0.697463768<x169>[B] (+1) +0.697463768<x170>[B] (+1) -0.697463768<x171>[B] (+1) +0.697463768<x172>[B] (+1) -0.697463768<x173>[B] (+1) -0.697463768<x174>[B] (+1) -0.697463768<x175>[B] (+1) +0.697463768<x176>[B] (+1) +0.697463768<x177>[B] (+1) -0.697463768<x178>[B] (+1) +0.697463768<x179>[B] (+1) +0.697463768<x180>[B] (+0) -0.697463768<x181>[B] (+1) -0.697463768<x182>[B] (+1) +0.697463768<x183>[B] (+1) +0.697463768<x184>[B] (+0) -0.697463768<x185>[B] (+1) -0.697463768<x186>[B] (+0) -0.697463768<x187>[B] (+1) -0.697463768<x188>[B] (+1) -0.697463768<x189>[B] (+0) +0.697463768<x190>[B] (+0) -0.697463768<x191>[B] (+0) -0.697463768<x192>[B] (+0) +0.697463768<x193>[B] (+0) -0.697463768<x194>[B] (+1) -0.697463768<x195>[B] (+0) +0.697463768<x196>[B] (+0) -0.697463768<x197>[B] (+0) -0.697463768<x198>[B] (+0) -0.697463768<x199>[B] (+1) +0.697463768<x200>[B] (+1) +0.697463768<x201>[B] (+1) +0.697463768<x202>[B] (+0) +0.697463768<x203>[B] (+0) +0.697463768<x204>[B] (+0) +0.697463768<x205>[B] (+0) -0.697463768<x206>[B] (+1) -0.697463768<x207>[B] (+0) +0.697463768<x208>[B] (+0) +0.697463768<x209>[B] (+0) +0.697463768<x210>[B] (+1) +0.697463768<x211>[B] (+0) +0.697463768<x212>[B] (+0) +0.697463768<x213>[B] (+0) +0.697463768<x214>[B] (+0) +0.697463768<x215>[B] (+0) +0.697463768<x216>[B] (+0) -0.697463768<x217>[B] (+0) -0.697463768<x218>[B] (+0) +0.697463768<x219>[B] (+0) +0.697463768<x220>[B] (+0) +0.697463768<x221>[B] (+0) +0.697463768<x222>[B] (+0) +0.697463768<x223>[B] (+0) +0.697463768<x224>[B] (+0) +0.697463768<x225>[B] (+0) +0.697463768<x226>[B] (+0) -0.697463768<x227>[B] (+1) -0.697463768<x228>[B] (+0) +0.697463768<x229>[B] (+0) +0.697463768<x230>[B] (+0) +0.697463768<x231>[B] (+0) +0.697463768<x232>[B] (+0) -0.697463768<x233>[B] (+0) +0.697463768<x234>[B] (+0) +0.697463768<x235>[B] (+0) -0.697463768<x236>[B] (+1) -0.697463768<x237>[B] (+0) +0.697463768<x238>[B] (+0) +0.697463768<x239>[B] (+0) -0.697463768<x240>[B] (+0) -0.697463768<x241>[B] (+1) -0.697463768<x242>[B] (+0) -0.697463768<x243>[B] (+0) -0.697463768<x244>[B] (+1) -0.697463768<x245>[B] (+1) -0.697463768<x246>[B] (+1) -0.697463768<x247>[B] (+0) -0.697463768<x248>[B] (+1) +0.697463768<x249>[B] (+0) +0.697463768<x250>[B] (+0) -0.697463768<x251>[B] (+1) -0.697463768<x252>[B] (+0) +0.697463768<x253>[B] (+0) +0.697463768<x254>[B] (+0) -0.697463768<x255>[B] (+1) +0.697463768<x256>[B] (+0) -0.697463768<x257>[B] (+1) -0.697463768<x258>[B] (+1) +0.697463768<x259>[B] (+1) -0.697463768<x260>[B] (+0) -0.697463768<x261>[B] (+1) -0.697463768<x262>[B] (+1) -0.697463768<x263>[B] (+1) -0.697463768<x264>[B] (+1) -0.697463768<x265>[B] (+1) -0.697463768<x266>[B] (+1) +0.697463768<x267>[B] (+0) +0.697463768<x268>[B] (+0) +0.697463768<x269>[B] (+0) +0.697463768<x270>[B] (+0) +0.697463768<x271>[B] (+0) +0.697463768<x272>[B] (+0) +0.697463768<x273>[B] (+1) -0.697463768<x274>[B] (+0) -0.697463768<x275>[B] (+1) -0.697463768<x276>[B] (+1) >= 42.3713768115942;
;
violation: left hand side is violated by 0.00362318840589637
  [linear] <c4451>: <x354>[C] (+28.7246377) -0.454710145<x1>[B] (+1) -0.454710145<x2>[B] (+1) -0.454710145<x3>[B] (+1) -0.454710145<x4>[B] (+0) -0.454710145<x5>[B] (+1) -0.454710145<x6>[B] (+0) -0.454710145<x7>[B] (+0) -0.454710145<x8>[B] (+0) -0.454710145<x9>[B] (+0) -0.454710145<x10>[B] (+1) -0.454710145<x11>[B] (+0) -0.454710145<x12>[B] (+1) -0.454710145<x13>[B] (+1) -0.454710145<x14>[B] (+1) -0.454710145<x15>[B] (+0) -0.454710145<x16>[B] (+0) -0.454710145<x17>[B] (+0) -0.454710145<x18>[B] (+0) -0.454710145<x19>[B] (+1) -0.454710145<x20>[B] (+0) -0.454710145<x21>[B] (+0) -0.454710145<x22>[B] (+0) -0.454710145<x23>[B] (+0) +0.454710145<x24>[B] (+0) +0.454710145<x25>[B] (+0) -0.454710145<x26>[B] (+0) +0.454710145<x27>[B] (+1) +0.454710145<x28>[B] (+0) +0.454710145<x29>[B] (+0) +0.454710145<x30>[B] (+0) +0.454710145<x31>[B] (+0) +0.454710145<x32>[B] (+0) +0.454710145<x33>[B] (+0) +0.454710145<x34>[B] (+1) +0.454710145<x35>[B] (+0) +0.454710145<x36>[B] (+0) +0.454710145<x37>[B] (+0) +0.454710145<x38>[B] (+0) +0.454710145<x39>[B] (+0) +0.454710145<x40>[B] (+0) +0.454710145<x41>[B] (+1) +0.454710145<x42>[B] (+0) +0.454710145<x43>[B] (+0) +0.454710145<x44>[B] (+0) +0.454710145<x45>[B] (+0) -0.454710145<x46>[B] (+1) -0.454710145<x47>[B] (+0) +0.454710145<x48>[B] (+1) -0.454710145<x49>[B] (+0) +0.454710145<x50>[B] (+0) -0.454710145<x51>[B] (+0) -0.454710145<x52>[B] (+0) -0.454710145<x53>[B] (+0) -0.454710145<x54>[B] (+0) -0.454710145<x55>[B] (+1) -0.454710145<x56>[B] (+1) -0.454710145<x57>[B] (+1) -0.454710145<x58>[B] (+0) -0.454710145<x59>[B] (+0) -0.454710145<x60>[B] (+0) -0.454710145<x61>[B] (+0) +0.454710145<x62>[B] (+1) -0.454710145<x63>[B] (+0) +0.454710145<x64>[B] (+0) -0.454710145<x65>[B] (+0) -0.454710145<x66>[B] (+0) -0.454710145<x67>[B] (+0) +0.454710145<x68>[B] (+1) +0.454710145<x69>[B] (+0) +0.454710145<x70>[B] (+0) -0.454710145<x71>[B] (+0) -0.454710145<x72>[B] (+0) +0.454710145<x73>[B] (+0) -0.454710145<x74>[B] (+0) +0.454710145<x75>[B] (+1) -0.454710145<x76>[B] (+1) +0.454710145<x77>[B] (+0) +0.454710145<x78>[B] (+0) +0.454710145<x79>[B] (+0) +0.454710145<x80>[B] (+0) +0.454710145<x81>[B] (+0) +0.454710145<x82>[B] (+1) +0.454710145<x83>[B] (+0) +0.454710145<x84>[B] (+0) +0.454710145<x85>[B] (+0) +0.454710145<x86>[B] (+0) +0.454710145<x87>[B] (+1) +0.454710145<x88>[B] (+0) +0.454710145<x89>[B] (+1) +0.454710145<x90>[B] (+0) +0.454710145<x91>[B] (+0) +0.454710145<x92>[B] (+1) +0.454710145<x93>[B] (+1) +0.454710145<x94>[B] (+1) +0.454710145<x95>[B] (+1) +0.454710145<x96>[B] (+1) +0.454710145<x97>[B] (+0) +0.454710145<x98>[B] (+1) +0.454710145<x99>[B] (+1) +0.454710145<x100>[B] (+0) +0.454710145<x101>[B] (+1) +0.454710145<x102>[B] (+1) +0.454710145<x103>[B] (+1) +0.454710145<x104>[B] (+0) +0.454710145<x105>[B] (+1) -0.454710145<x106>[B] (+0) -0.454710145<x107>[B] (+0) -0.454710145<x108>[B] (+0) -0.454710145<x109>[B] (+0) -0.454710145<x110>[B] (+0) -0.454710145<x111>[B] (+0) -0.454710145<x112>[B] (+0) -0.454710145<x113>[B] (+0) -0.454710145<x114>[B] (+0) -0.454710145<x115>[B] (+0) -0.454710145<x116>[B] (+0) -0.454710145<x117>[B] (+0) -0.454710145<x118>[B] (+0) -0.454710145<x119>[B] (+0) -0.454710145<x120>[B] (+0) -0.454710145<x121>[B] (+0) -0.454710145<x122>[B] (+0) -0.454710145<x123>[B] (+0) +0.454710145<x124>[B] (+1) -0.454710145<x125>[B] (+0) -0.454710145<x126>[B] (+0) -0.454710145<x127>[B] (+1) -0.454710145<x128>[B] (+1) -0.454710145<x129>[B] (+1) -0.454710145<x130>[B] (+1) -0.454710145<x131>[B] (+1) +0.454710145<x132>[B] (+0) -0.454710145<x133>[B] (+1) -0.454710145<x134>[B] (+1) -0.454710145<x135>[B] (+0) +0.454710145<x136>[B] (+1) -0.454710145<x137>[B] (+1) +0.454710145<x138>[B] (+1) -0.454710145<x139>[B] (+0) -0.454710145<x140>[B] (+1) -0.454710145<x141>[B] (+0) -0.454710145<x142>[B] (+0) -0.454710145<x143>[B] (+1) -0.454710145<x144>[B] (+1) -0.454710145<x145>[B] (+1) -0.454710145<x146>[B] (+1) -0.454710145<x147>[B] (+1) -0.454710145<x148>[B] (+0) -0.454710145<x149>[B] (+1) -0.454710145<x150>[B] (+0) -0.454710145<x151>[B] (+0) -0.454710145<x152>[B] (+1) -0.454710145<x153>[B] (+0) -0.454710145<x154>[B] (+0) -0.454710145<x155>[B] (+0) -0.454710145<x156>[B] (+1) +0.454710145<x157>[B] (+1) +0.454710145<x158>[B] (+1) +0.454710145<x159>[B] (+1) +0.454710145<x160>[B] (+1) +0.454710145<x161>[B] (+1) +0.454710145<x162>[B] (+1) +0.454710145<x163>[B] (+1) +0.454710145<x164>[B] (+1) +0.454710145<x165>[B] (+1) +0.454710145<x166>[B] (+1) +0.454710145<x167>[B] (+1) +0.454710145<x168>[B] (+1) +0.454710145<x169>[B] (+1) +0.454710145<x170>[B] (+1) +0.454710145<x171>[B] (+1) +0.454710145<x172>[B] (+1) +0.454710145<x173>[B] (+1) +0.454710145<x174>[B] (+1) -0.454710145<x175>[B] (+1) +0.454710145<x176>[B] (+1) +0.454710145<x177>[B] (+1) +0.454710145<x178>[B] (+1) +0.454710145<x179>[B] (+1) +0.454710145<x180>[B] (+0) +0.454710145<x181>[B] (+1) +0.454710145<x182>[B] (+1) +0.454710145<x183>[B] (+1) +0.454710145<x184>[B] (+0) +0.454710145<x185>[B] (+1) -0.454710145<x186>[B] (+0) +0.454710145<x187>[B] (+1) -0.454710145<x188>[B] (+1) +0.454710145<x189>[B] (+1) +0.454710145<x190>[B] (+0) -0.454710145<x191>[B] (+0) +0.454710145<x192>[B] (+0) +0.454710145<x193>[B] (+0) +0.454710145<x194>[B] (+1) +0.454710145<x195>[B] (+0) +0.454710145<x196>[B] (+0) +0.454710145<x197>[B] (+0) +0.454710145<x198>[B] (+0) +0.454710145<x199>[B] (+1) -0.454710145<x200>[B] (+1) +0.454710145<x201>[B] (+1) +0.454710145<x202>[B] (+0) +0.454710145<x203>[B] (+0) +0.454710145<x204>[B] (+0) +0.454710145<x205>[B] (+0) +0.454710145<x206>[B] (+1) +0.454710145<x207>[B] (+0) +0.454710145<x208>[B] (+0) +0.454710145<x209>[B] (+0) +0.454710145<x210>[B] (+0) -0.454710145<x211>[B] (+0) -0.454710145<x212>[B] (+0) +0.454710145<x213>[B] (+0) -0.454710145<x214>[B] (+0) +0.454710145<x215>[B] (+0) -0.454710145<x216>[B] (+0) +0.454710145<x217>[B] (+0) -0.454710145<x218>[B] (+0) +0.454710145<x219>[B] (+0) -0.454710145<x220>[B] (+0) +0.454710145<x221>[B] (+0) +0.454710145<x222>[B] (+0) +0.454710145<x223>[B] (+0) +0.454710145<x224>[B] (+0) +0.454710145<x225>[B] (+0) +0.454710145<x226>[B] (+0) +0.454710145<x227>[B] (+1) +0.454710145<x228>[B] (+0) +0.454710145<x229>[B] (+0) +0.454710145<x230>[B] (+0) +0.454710145<x231>[B] (+0) +0.454710145<x232>[B] (+0) -0.454710145<x233>[B] (+0) +0.454710145<x234>[B] (+0) +0.454710145<x235>[B] (+0) +0.454710145<x236>[B] (+1) +0.454710145<x237>[B] (+0) +0.454710145<x238>[B] (+0) -0.454710145<x239>[B] (+0) +0.454710145<x240>[B] (+0) -0.454710145<x241>[B] (+1) -0.454710145<x242>[B] (+1) -0.454710145<x243>[B] (+0) +0.454710145<x244>[B] (+1) -0.454710145<x245>[B] (+1) +0.454710145<x246>[B] (+1) -0.454710145<x247>[B] (+0) -0.454710145<x248>[B] (+1) +0.454710145<x249>[B] (+0) +0.454710145<x250>[B] (+0) +0.454710145<x251>[B] (+1) +0.454710145<x252>[B] (+0) +0.454710145<x253>[B] (+0) +0.454710145<x254>[B] (+0) +0.454710145<x255>[B] (+0) -0.454710145<x256>[B] (+0) +0.454710145<x257>[B] (+1) -0.454710145<x258>[B] (+1) +0.454710145<x259>[B] (+1) -0.454710145<x260>[B] (+0) -0.454710145<x261>[B] (+1) +0.454710145<x262>[B] (+1) -0.454710145<x263>[B] (+1) +0.454710145<x264>[B] (+1) -0.454710145<x265>[B] (+1) +0.454710145<x266>[B] (+1) -0.454710145<x267>[B] (+0) +0.454710145<x268>[B] (+0) -0.454710145<x269>[B] (+0) -0.454710145<x270>[B] (+0) +0.454710145<x271>[B] (+1) -0.454710145<x272>[B] (+0) +0.454710145<x273>[B] (+1) -0.454710145<x274>[B] (+0) -0.454710145<x275>[B] (+1) +0.454710145<x276>[B] (+1) >= 40.5833333333333;
;
violation: left hand side is violated by 0.0362318840579405
  [linear] <c4417>: <x305>[C] (+69.5398551) -0.697463768<x1>[B] (+1) -0.697463768<x2>[B] (+1) -0.697463768<x3>[B] (+1) -0.697463768<x4>[B] (+1) -0.697463768<x5>[B] (+1) -0.697463768<x6>[B] (+0) -0.697463768<x7>[B] (+1) -0.697463768<x8>[B] (+0) -0.697463768<x9>[B] (+0) -0.697463768<x10>[B] (+1) -0.697463768<x11>[B] (+1) -0.697463768<x12>[B] (+1) -0.697463768<x13>[B] (+1) -0.697463768<x14>[B] (+1) +0.697463768<x15>[B] (+0) -0.697463768<x16>[B] (+1) -0.697463768<x17>[B] (+0) +0.697463768<x18>[B] (+0) -0.697463768<x19>[B] (+1) -0.697463768<x20>[B] (+1) -0.697463768<x21>[B] (+1) -0.697463768<x22>[B] (+0) -0.697463768<x23>[B] (+1) -0.697463768<x24>[B] (+0) +0.697463768<x25>[B] (+0) +0.697463768<x26>[B] (+0) +0.697463768<x27>[B] (+1) +0.697463768<x28>[B] (+0) +0.697463768<x29>[B] (+0) +0.697463768<x30>[B] (+0) +0.697463768<x31>[B] (+0) +0.697463768<x32>[B] (+0) +0.697463768<x33>[B] (+0) -0.697463768<x34>[B] (+1) +0.697463768<x35>[B] (+0) +0.697463768<x36>[B] (+0) +0.697463768<x37>[B] (+0) +0.697463768<x38>[B] (+0) +0.697463768<x39>[B] (+0) +0.697463768<x40>[B] (+0) -0.697463768<x41>[B] (+1) -0.697463768<x42>[B] (+0) +0.697463768<x43>[B] (+0) +0.697463768<x44>[B] (+0) +0.697463768<x45>[B] (+0) +0.697463768<x46>[B] (+1) +0.697463768<x47>[B] (+0) +0.697463768<x48>[B] (+1) +0.697463768<x49>[B] (+0) +0.697463768<x50>[B] (+0) +0.697463768<x51>[B] (+0) +0.697463768<x52>[B] (+0) +0.697463768<x53>[B] (+1) +0.697463768<x54>[B] (+0) -0.697463768<x55>[B] (+1) +0.697463768<x56>[B] (+1) +0.697463768<x57>[B] (+1) +0.697463768<x58>[B] (+0) +0.697463768<x59>[B] (+0) +0.697463768<x60>[B] (+0) +0.697463768<x61>[B] (+0) -0.697463768<x62>[B] (+1) -0.697463768<x63>[B] (+0) +0.697463768<x64>[B] (+0) +0.697463768<x65>[B] (+0) +0.697463768<x66>[B] (+0) -0.697463768<x67>[B] (+0) -0.697463768<x68>[B] (+1) -0.697463768<x69>[B] (+0) -0.697463768<x70>[B] (+0) +0.697463768<x71>[B] (+0) +0.697463768<x72>[B] (+0) +0.697463768<x73>[B] (+1) -0.697463768<x74>[B] (+0) -0.697463768<x75>[B] (+1) -0.697463768<x76>[B] (+1) +0.697463768<x77>[B] (+1) +0.697463768<x78>[B] (+0) -0.697463768<x79>[B] (+0) +0.697463768<x80>[B] (+0) +0.697463768<x81>[B] (+0) -0.697463768<x82>[B] (+1) -0.697463768<x83>[B] (+0) +0.697463768<x84>[B] (+0) +0.697463768<x85>[B] (+0) -0.697463768<x86>[B] (+0) -0.697463768<x87>[B] (+1) -0.697463768<x88>[B] (+0) -0.697463768<x89>[B] (+1) +0.697463768<x90>[B] (+0) +0.697463768<x91>[B] (+0) +0.697463768<x92>[B] (+1) -0.697463768<x93>[B] (+1) -0.697463768<x94>[B] (+1) -0.697463768<x95>[B] (+1) +0.697463768<x96>[B] (+1) +0.697463768<x97>[B] (+0) -0.697463768<x98>[B] (+1) +0.697463768<x99>[B] (+0) +0.697463768<x100>[B] (+0) -0.697463768<x101>[B] (+1) -0.697463768<x102>[B] (+1) +0.697463768<x103>[B] (+0) +0.697463768<x104>[B] (+0) -0.697463768<x105>[B] (+1) +0.697463768<x106>[B] (+0) +0.697463768<x107>[B] (+0) +0.697463768<x108>[B] (+0) +0.697463768<x109>[B] (+0) +0.697463768<x110>[B] (+0) +0.697463768<x111>[B] (+0) -0.697463768<x112>[B] (+0) +0.697463768<x113>[B] (+0) +0.697463768<x114>[B] (+0) +0.697463768<x115>[B] (+0) +0.697463768<x116>[B] (+0) +0.697463768<x117>[B] (+0) +0.697463768<x118>[B] (+0) -0.697463768<x119>[B] (+0) -0.697463768<x120>[B] (+0) +0.697463768<x121>[B] (+0) +0.697463768<x122>[B] (+0) +0.697463768<x123>[B] (+0) +0.697463768<x124>[B] (+1) +0.697463768<x125>[B] (+0) +0.697463768<x126>[B] (+0) +0.697463768<x127>[B] (+1) +0.697463768<x128>[B] (+1) -0.697463768<x129>[B] (+1) +0.697463768<x130>[B] (+1) +0.697463768<x131>[B] (+1) +0.697463768<x132>[B] (+0) +0.697463768<x133>[B] (+1) +0.697463768<x134>[B] (+0) +0.697463768<x135>[B] (+0) -0.697463768<x136>[B] (+1) -0.697463768<x137>[B] (+1) +0.697463768<x138>[B] (+1) +0.697463768<x139>[B] (+0) +0.697463768<x140>[B] (+1) +0.697463768<x141>[B] (+0) +0.697463768<x142>[B] (+0) +0.697463768<x143>[B] (+1) -0.697463768<x144>[B] (+1) -0.697463768<x145>[B] (+1) -0.697463768<x146>[B] (+1) +0.697463768<x147>[B] (+1) +0.697463768<x148>[B] (+0) +0.697463768<x149>[B] (+1) +0.697463768<x150>[B] (+0) +0.697463768<x151>[B] (+0) -0.697463768<x152>[B] (+1) -0.697463768<x153>[B] (+0) +0.697463768<x154>[B] (+0) +0.697463768<x155>[B] (+0) +0.697463768<x156>[B] (+0) -0.697463768<x157>[B] (+1) +0.697463768<x158>[B] (+1) -0.697463768<x159>[B] (+1) -0.697463768<x160>[B] (+1) -0.697463768<x161>[B] (+1) +0.697463768<x162>[B] (+1) +0.697463768<x163>[B] (+1) -0.697463768<x164>[B] (+1) +0.697463768<x165>[B] (+1) +0.697463768<x166>[B] (+1) -0.697463768<x167>[B] (+1) -0.697463768<x168>[B] (+1) +0.697463768<x169>[B] (+1) +0.697463768<x170>[B] (+1) -0.697463768<x171>[B] (+1) +0.697463768<x172>[B] (+1) -0.697463768<x173>[B] (+1) -0.697463768<x174>[B] (+1) -0.697463768<x175>[B] (+1) +0.697463768<x176>[B] (+1) +0.697463768<x177>[B] (+1) -0.697463768<x178>[B] (+1) +0.697463768<x179>[B] (+1) +0.697463768<x180>[B] (+0) -0.697463768<x181>[B] (+1) -0.697463768<x182>[B] (+1) +0.697463768<x183>[B] (+1) +0.697463768<x184>[B] (+0) -0.697463768<x185>[B] (+1) -0.697463768<x186>[B] (+0) -0.697463768<x187>[B] (+1) -0.697463768<x188>[B] (+0) -0.697463768<x189>[B] (+0) +0.697463768<x190>[B] (+0) -0.697463768<x191>[B] (+0) -0.697463768<x192>[B] (+0) +0.697463768<x193>[B] (+0) -0.697463768<x194>[B] (+1) -0.697463768<x195>[B] (+0) +0.697463768<x196>[B] (+0) -0.697463768<x197>[B] (+0) -0.697463768<x198>[B] (+0) -0.697463768<x199>[B] (+1) +0.697463768<x200>[B] (+1) +0.697463768<x201>[B] (+1) +0.697463768<x202>[B] (+0) +0.697463768<x203>[B] (+1) +0.697463768<x204>[B] (+0) +0.697463768<x205>[B] (+0) -0.697463768<x206>[B] (+1) -0.697463768<x207>[B] (+0) +0.697463768<x208>[B] (+0) +0.697463768<x209>[B] (+0) +0.697463768<x210>[B] (+0) +0.697463768<x211>[B] (+0) +0.697463768<x212>[B] (+0) +0.697463768<x213>[B] (+0) +0.697463768<x214>[B] (+0) +0.697463768<x215>[B] (+0) +0.697463768<x216>[B] (+0) -0.697463768<x217>[B] (+0) -0.697463768<x218>[B] (+0) +0.697463768<x219>[B] (+0) +0.697463768<x220>[B] (+0) +0.697463768<x221>[B] (+0) +0.697463768<x222>[B] (+0) +0.697463768<x223>[B] (+0) +0.697463768<x224>[B] (+0) +0.697463768<x225>[B] (+0) +0.697463768<x226>[B] (+0) -0.697463768<x227>[B] (+1) -0.697463768<x228>[B] (+0) +0.697463768<x229>[B] (+0) +0.697463768<x230>[B] (+0) +0.697463768<x231>[B] (+0) +0.697463768<x232>[B] (+0) -0.697463768<x233>[B] (+0) +0.697463768<x234>[B] (+0) +0.697463768<x235>[B] (+0) -0.697463768<x236>[B] (+1) -0.697463768<x237>[B] (+0) +0.697463768<x238>[B] (+0) +0.697463768<x239>[B] (+0) -0.697463768<x240>[B] (+0) -0.697463768<x241>[B] (+1) -0.697463768<x242>[B] (+0) -0.697463768<x243>[B] (+0) -0.697463768<x244>[B] (+1) -0.697463768<x245>[B] (+1) -0.697463768<x246>[B] (+1) -0.697463768<x247>[B] (+0) -0.697463768<x248>[B] (+1) +0.697463768<x249>[B] (+0) +0.697463768<x250>[B] (+0) -0.697463768<x251>[B] (+1) -0.697463768<x252>[B] (+0) +0.697463768<x253>[B] (+0) +0.697463768<x254>[B] (+0) -0.697463768<x255>[B] (+0) +0.697463768<x256>[B] (+0) -0.697463768<x257>[B] (+1) -0.697463768<x258>[B] (+1) +0.697463768<x259>[B] (+1) -0.697463768<x260>[B] (+0) -0.697463768<x261>[B] (+1) -0.697463768<x262>[B] (+1) -0.697463768<x263>[B] (+1) -0.697463768<x264>[B] (+1) -0.697463768<x265>[B] (+1) -0.697463768<x266>[B] (+1) +0.697463768<x267>[B] (+0) +0.697463768<x268>[B] (+0) +0.697463768<x269>[B] (+0) +0.697463768<x270>[B] (+0) +0.697463768<x271>[B] (+0) +0.697463768<x272>[B] (+0) +0.697463768<x273>[B] (+1) -0.697463768<x274>[B] (+0) -0.697463768<x275>[B] (+1) -0.697463768<x276>[B] (+1) >= 42.3713768115942;
;
violation: left hand side is violated by 0.0326086956521721
  [linear] <c4451>: <x354>[C] (+28.2518116) -0.454710145<x1>[B] (+1) -0.454710145<x2>[B] (+1) -0.454710145<x3>[B] (+1) -0.454710145<x4>[B] (+0) -0.454710145<x5>[B] (+1) -0.454710145<x6>[B] (+0) -0.454710145<x7>[B] (+0) -0.454710145<x8>[B] (+0) -0.454710145<x9>[B] (+0) -0.454710145<x10>[B] (+1) -0.454710145<x11>[B] (+0) -0.454710145<x12>[B] (+1) -0.454710145<x13>[B] (+1) -0.454710145<x14>[B] (+1) -0.454710145<x15>[B] (+0) -0.454710145<x16>[B] (+0) -0.454710145<x17>[B] (+0) -0.454710145<x18>[B] (+0) -0.454710145<x19>[B] (+1) -0.454710145<x20>[B] (+0) -0.454710145<x21>[B] (+0) -0.454710145<x22>[B] (+0) -0.454710145<x23>[B] (+0) +0.454710145<x24>[B] (+0) +0.454710145<x25>[B] (+0) -0.454710145<x26>[B] (+0) +0.454710145<x27>[B] (+1) +0.454710145<x28>[B] (+0) +0.454710145<x29>[B] (+0) +0.454710145<x30>[B] (+0) +0.454710145<x31>[B] (+0) +0.454710145<x32>[B] (+0) +0.454710145<x33>[B] (+0) +0.454710145<x34>[B] (+1) +0.454710145<x35>[B] (+1) +0.454710145<x36>[B] (+0) +0.454710145<x37>[B] (+0) +0.454710145<x38>[B] (+0) +0.454710145<x39>[B] (+0) +0.454710145<x40>[B] (+0) +0.454710145<x41>[B] (+1) +0.454710145<x42>[B] (+0) +0.454710145<x43>[B] (+0) +0.454710145<x44>[B] (+0) +0.454710145<x45>[B] (+0) -0.454710145<x46>[B] (+1) -0.454710145<x47>[B] (+0) +0.454710145<x48>[B] (+1) -0.454710145<x49>[B] (+0) +0.454710145<x50>[B] (+0) -0.454710145<x51>[B] (+0) -0.454710145<x52>[B] (+0) -0.454710145<x53>[B] (+1) -0.454710145<x54>[B] (+0) -0.454710145<x55>[B] (+1) -0.454710145<x56>[B] (+1) -0.454710145<x57>[B] (+0) -0.454710145<x58>[B] (+0) -0.454710145<x59>[B] (+0) -0.454710145<x60>[B] (+0) -0.454710145<x61>[B] (+0) +0.454710145<x62>[B] (+1) -0.454710145<x63>[B] (+0) +0.454710145<x64>[B] (+0) -0.454710145<x65>[B] (+0) -0.454710145<x66>[B] (+0) -0.454710145<x67>[B] (+0) +0.454710145<x68>[B] (+1) +0.454710145<x69>[B] (+0) +0.454710145<x70>[B] (+0) -0.454710145<x71>[B] (+0) -0.454710145<x72>[B] (+0) +0.454710145<x73>[B] (+0) -0.454710145<x74>[B] (+0) +0.454710145<x75>[B] (+1) -0.454710145<x76>[B] (+1) +0.454710145<x77>[B] (+0) +0.454710145<x78>[B] (+0) +0.454710145<x79>[B] (+0) +0.454710145<x80>[B] (+0) +0.454710145<x81>[B] (+0) +0.454710145<x82>[B] (+1) +0.454710145<x83>[B] (+0) +0.454710145<x84>[B] (+0) +0.454710145<x85>[B] (+0) +0.454710145<x86>[B] (+0) +0.454710145<x87>[B] (+1) +0.454710145<x88>[B] (+0) +0.454710145<x89>[B] (+1) +0.454710145<x90>[B] (+0) +0.454710145<x91>[B] (+0) +0.454710145<x92>[B] (+1) +0.454710145<x93>[B] (+1) +0.454710145<x94>[B] (+1) +0.454710145<x95>[B] (+1) +0.454710145<x96>[B] (+1) +0.454710145<x97>[B] (+0) +0.454710145<x98>[B] (+0) +0.454710145<x99>[B] (+0) +0.454710145<x100>[B] (+0) +0.454710145<x101>[B] (+1) +0.454710145<x102>[B] (+0) +0.454710145<x103>[B] (+1) +0.454710145<x104>[B] (+0) +0.454710145<x105>[B] (+1) -0.454710145<x106>[B] (+0) -0.454710145<x107>[B] (+0) -0.454710145<x108>[B] (+0) -0.454710145<x109>[B] (+0) -0.454710145<x110>[B] (+0) -0.454710145<x111>[B] (+0) -0.454710145<x112>[B] (+0) -0.454710145<x113>[B] (+0) -0.454710145<x114>[B] (+0) -0.454710145<x115>[B] (+0) -0.454710145<x116>[B] (+0) -0.454710145<x117>[B] (+0) -0.454710145<x118>[B] (+0) -0.454710145<x119>[B] (+0) -0.454710145<x120>[B] (+0) -0.454710145<x121>[B] (+0) -0.454710145<x122>[B] (+0) -0.454710145<x123>[B] (+0) +0.454710145<x124>[B] (+1) -0.454710145<x125>[B] (+0) -0.454710145<x126>[B] (+0) -0.454710145<x127>[B] (+1) -0.454710145<x128>[B] (+1) -0.454710145<x129>[B] (+1) -0.454710145<x130>[B] (+1) -0.454710145<x131>[B] (+1) +0.454710145<x132>[B] (+0) -0.454710145<x133>[B] (+1) -0.454710145<x134>[B] (+0) -0.454710145<x135>[B] (+0) +0.454710145<x136>[B] (+1) -0.454710145<x137>[B] (+1) +0.454710145<x138>[B] (+1) -0.454710145<x139>[B] (+0) -0.454710145<x140>[B] (+1) -0.454710145<x141>[B] (+0) -0.454710145<x142>[B] (+0) -0.454710145<x143>[B] (+1) -0.454710145<x144>[B] (+1) -0.454710145<x145>[B] (+1) -0.454710145<x146>[B] (+1) -0.454710145<x147>[B] (+1) -0.454710145<x148>[B] (+0) -0.454710145<x149>[B] (+0) -0.454710145<x150>[B] (+0) -0.454710145<x151>[B] (+0) -0.454710145<x152>[B] (+1) -0.454710145<x153>[B] (+0) -0.454710145<x154>[B] (+0) -0.454710145<x155>[B] (+0) -0.454710145<x156>[B] (+1) +0.454710145<x157>[B] (+1) +0.454710145<x158>[B] (+1) +0.454710145<x159>[B] (+1) +0.454710145<x160>[B] (+1) +0.454710145<x161>[B] (+1) +0.454710145<x162>[B] (+1) +0.454710145<x163>[B] (+1) +0.454710145<x164>[B] (+1) +0.454710145<x165>[B] (+1) +0.454710145<x166>[B] (+1) +0.454710145<x167>[B] (+1) +0.454710145<x168>[B] (+1) +0.454710145<x169>[B] (+1) +0.454710145<x170>[B] (+1) +0.454710145<x171>[B] (+1) +0.454710145<x172>[B] (+1) +0.454710145<x173>[B] (+1) +0.454710145<x174>[B] (+1) -0.454710145<x175>[B] (+1) +0.454710145<x176>[B] (+1) +0.454710145<x177>[B] (+1) +0.454710145<x178>[B] (+1) +0.454710145<x179>[B] (+1) +0.454710145<x180>[B] (+0) +0.454710145<x181>[B] (+1) +0.454710145<x182>[B] (+1) +0.454710145<x183>[B] (+1) +0.454710145<x184>[B] (+0) +0.454710145<x185>[B] (+1) -0.454710145<x186>[B] (+0) +0.454710145<x187>[B] (+1) -0.454710145<x188>[B] (+1) +0.454710145<x189>[B] (+0) +0.454710145<x190>[B] (+0) -0.454710145<x191>[B] (+0) +0.454710145<x192>[B] (+0) +0.454710145<x193>[B] (+0) +0.454710145<x194>[B] (+1) +0.454710145<x195>[B] (+0) +0.454710145<x196>[B] (+0) +0.454710145<x197>[B] (+0) +0.454710145<x198>[B] (+0) +0.454710145<x199>[B] (+1) -0.454710145<x200>[B] (+1) +0.454710145<x201>[B] (+1) +0.454710145<x202>[B] (+0) +0.454710145<x203>[B] (+0) +0.454710145<x204>[B] (+0) +0.454710145<x205>[B] (+0) +0.454710145<x206>[B] (+1) +0.454710145<x207>[B] (+0) +0.454710145<x208>[B] (+0) +0.454710145<x209>[B] (+0) +0.454710145<x210>[B] (+1) -0.454710145<x211>[B] (+0) -0.454710145<x212>[B] (+0) +0.454710145<x213>[B] (+0) -0.454710145<x214>[B] (+0) +0.454710145<x215>[B] (+0) -0.454710145<x216>[B] (+0) +0.454710145<x217>[B] (+0) -0.454710145<x218>[B] (+0) +0.454710145<x219>[B] (+0) -0.454710145<x220>[B] (+0) +0.454710145<x221>[B] (+0) +0.454710145<x222>[B] (+0) +0.454710145<x223>[B] (+0) +0.454710145<x224>[B] (+0) +0.454710145<x225>[B] (+0) +0.454710145<x226>[B] (+0) +0.454710145<x227>[B] (+0) +0.454710145<x228>[B] (+0) +0.454710145<x229>[B] (+0) +0.454710145<x230>[B] (+0) +0.454710145<x231>[B] (+0) +0.454710145<x232>[B] (+0) -0.454710145<x233>[B] (+0) +0.454710145<x234>[B] (+0) +0.454710145<x235>[B] (+0) +0.454710145<x236>[B] (+1) +0.454710145<x237>[B] (+0) +0.454710145<x238>[B] (+0) -0.454710145<x239>[B] (+0) +0.454710145<x240>[B] (+0) -0.454710145<x241>[B] (+1) -0.454710145<x242>[B] (+1) -0.454710145<x243>[B] (+0) +0.454710145<x244>[B] (+1) -0.454710145<x245>[B] (+1) +0.454710145<x246>[B] (+1) -0.454710145<x247>[B] (+0) -0.454710145<x248>[B] (+1) +0.454710145<x249>[B] (+0) +0.454710145<x250>[B] (+0) +0.454710145<x251>[B] (+1) +0.454710145<x252>[B] (+0) +0.454710145<x253>[B] (+1) +0.454710145<x254>[B] (+0) +0.454710145<x255>[B] (+1) -0.454710145<x256>[B] (+0) +0.454710145<x257>[B] (+1) -0.454710145<x258>[B] (+1) +0.454710145<x259>[B] (+1) -0.454710145<x260>[B] (+0) -0.454710145<x261>[B] (+1) +0.454710145<x262>[B] (+1) -0.454710145<x263>[B] (+1) +0.454710145<x264>[B] (+1) -0.454710145<x265>[B] (+1) +0.454710145<x266>[B] (+1) -0.454710145<x267>[B] (+0) +0.454710145<x268>[B] (+0) -0.454710145<x269>[B] (+0) -0.454710145<x270>[B] (+0) +0.454710145<x271>[B] (+1) -0.454710145<x272>[B] (+0) +0.454710145<x273>[B] (+1) -0.454710145<x274>[B] (+0) -0.454710145<x275>[B] (+1) +0.454710145<x276>[B] (+1) >= 40.5833333333333;
;
violation: left hand side is violated by 0.054347826086925
2/10 feasible solutions given by solution candidate storage, new primal bound -2.725496e+03

presolving:
   (0.0s) symmetry computation started: requiring (bin +, int +, cont +), (fixed: bin -, int -, cont -)
   (0.1s) no symmetry present (symcode time: 0.00)
presolving (0 rounds: 0 fast, 0 medium, 0 exhaustive):
 0 deleted vars, 0 deleted constraints, 0 added constraints, 0 tightened bounds, 0 added holes, 0 changed sides, 0 changed coefficients
 0 implications, 0 cliques, 0 implied integral variables (0 bin, 0 int, 0 cont)
presolved problem has 356 variables (276 bin, 0 int, 80 cont) and 4452 constraints
   4452 constraints of type <linear>
Presolving Time: 0.06
transformed 3/3 original solutions to the transformed problem space

 time | node  | left  |LP iter|LP it/n|mem/heur|mdpt |vars |cons |rows |cuts |sepa|confs|strbr|  dualbound   | primalbound  |  gap   | compl. 
  0.3s|     1 |     0 |  1245 |     - |   142M |   0 | 356 |4452 |4452 |   0 |  0 |   0 |   0 |-2.720022e+03 |-2.725496e+03 |   0.20%| unknown
  0.3s|     1 |     0 |  1245 |     - |   142M |   0 | 356 |4452 |3841 |   0 |  0 |   0 |   0 |-2.720022e+03 |-2.725496e+03 |   0.20%| unknown
  0.6s|     1 |     0 |  1252 |     - |   143M |   0 | 356 |4452 |3842 |   1 |  1 |   0 |   0 |-2.720058e+03 |-2.725496e+03 |   0.20%| unknown
  0.6s|     1 |     0 |  1252 |     - |   143M |   0 | 356 |4452 |3820 |   1 |  1 |   0 |   0 |-2.720058e+03 |-2.725496e+03 |   0.20%| unknown
  0.8s|     1 |     0 |  1276 |     - |   143M |   0 | 356 |4452 |3822 |   3 |  2 |   0 |   0 |-2.720108e+03 |-2.725496e+03 |   0.20%| unknown
  1.1s|     1 |     0 |  1318 |     - |   144M |   0 | 356 |4452 |3825 |   6 |  3 |   0 |   0 |-2.720198e+03 |-2.725496e+03 |   0.19%| unknown
  1.3s|     1 |     0 |  1377 |     - |   144M |   0 | 356 |4452 |3828 |   9 |  4 |   0 |   0 |-2.720313e+03 |-2.725496e+03 |   0.19%| unknown
  1.4s|     1 |     0 |  1377 |     - |   144M |   0 | 356 |4452 |3789 |   9 |  4 |   0 |   0 |-2.720313e+03 |-2.725496e+03 |   0.19%| unknown
  1.6s|     1 |     0 |  1411 |     - |   144M |   0 | 356 |4452 |3792 |  12 |  5 |   0 |   0 |-2.720339e+03 |-2.725496e+03 |   0.19%| unknown
  1.6s|     1 |     0 |  1411 |     - |   145M |   0 | 356 |4452 |3771 |  12 |  5 |   0 |   0 |-2.720339e+03 |-2.725496e+03 |   0.19%| unknown
  1.9s|     1 |     0 |  1432 |     - |   145M |   0 | 356 |4452 |3773 |  14 |  6 |   0 |   0 |-2.720350e+03 |-2.725496e+03 |   0.19%| unknown
  2.2s|     1 |     0 |  1500 |     - |   145M |   0 | 356 |4452 |3777 |  18 |  7 |   0 |   0 |-2.720430e+03 |-2.725496e+03 |   0.19%| unknown
  2.2s|     1 |     0 |  1500 |     - |   145M |   0 | 356 |4452 |3757 |  18 |  7 |   0 |   0 |-2.720430e+03 |-2.725496e+03 |   0.19%| unknown
  2.5s|     1 |     0 |  1567 |     - |   146M |   0 | 356 |4452 |3760 |  21 |  8 |   0 |   0 |-2.720501e+03 |-2.725496e+03 |   0.18%| unknown
  2.5s|     1 |     0 |  1567 |     - |   146M |   0 | 356 |4452 |3738 |  21 |  8 |   0 |   0 |-2.720501e+03 |-2.725496e+03 |   0.18%| unknown
 time | node  | left  |LP iter|LP it/n|mem/heur|mdpt |vars |cons |rows |cuts |sepa|confs|strbr|  dualbound   | primalbound  |  gap   | compl. 
  2.8s|     1 |     0 |  1604 |     - |   146M |   0 | 356 |4452 |3743 |  26 |  9 |   0 |   0 |-2.720533e+03 |-2.725496e+03 |   0.18%| unknown
  2.8s|     1 |     0 |  1604 |     - |   146M |   0 | 356 |4452 |3721 |  26 |  9 |   0 |   0 |-2.720533e+03 |-2.725496e+03 |   0.18%| unknown
  3.0s|     1 |     0 |  1651 |     - |   146M |   0 | 356 |4452 |3724 |  29 | 10 |   0 |   0 |-2.720592e+03 |-2.725496e+03 |   0.18%| unknown
  3.1s|     1 |     0 |  1651 |     - |   146M |   0 | 356 |4452 |3703 |  29 | 10 |   0 |   0 |-2.720592e+03 |-2.725496e+03 |   0.18%| unknown
  3.1s|     1 |     0 |  1660 |     - |   147M |   0 | 356 |4452 |3706 |  32 | 11 |   0 |   0 |-2.720593e+03 |-2.725496e+03 |   0.18%| unknown
  3.2s|     1 |     0 |  1660 |     - |   147M |   0 | 356 |3521 |3706 |  32 | 11 |   0 |   0 |-2.720593e+03 |-2.725496e+03 |   0.18%| unknown
  3.2s|     1 |     0 |  1661 |     - |   147M |   0 | 356 |3521 |3708 |  34 | 12 |   0 |   0 |-2.720594e+03 |-2.725496e+03 |   0.18%| unknown
  3.3s|     1 |     0 |  1662 |     - |   148M |   0 | 356 |3521 |3709 |  35 | 13 |   0 |   0 |-2.720594e+03 |-2.725496e+03 |   0.18%| unknown
L 4.0s|     1 |     0 |  2445 |     - |    rens|   0 | 356 |3532 |3709 |  35 | 14 |  11 |   0 |-2.720594e+03 |-2.725239e+03 |   0.17%| unknown
(run 1, node 1) restarting after 43 global fixings of integer variables

(restart) converted 35 cuts from the global cut pool into linear constraints

presolving:
presolving (0 rounds: 0 fast, 0 medium, 0 exhaustive):
 0 deleted vars, 0 deleted constraints, 0 added constraints, 0 tightened bounds, 0 added holes, 0 changed sides, 0 changed coefficients
 0 implications, 0 cliques, 0 implied integral variables (0 bin, 0 int, 0 cont)
presolved problem has 356 variables (276 bin, 0 int, 80 cont) and 3567 constraints
   3556 constraints of type <linear>
     11 constraints of type <logicor>
Presolving Time: 0.07
transformed 16/19 original solutions to the transformed problem space

 time | node  | left  |LP iter|LP it/n|mem/heur|mdpt |vars |cons |rows |cuts |sepa|confs|strbr|  dualbound   | primalbound  |  gap   | compl. 
  4.2s|     1 |     0 |  3769 |     - |   148M |   0 | 356 |3567 |3556 |   0 |  0 |  11 |   0 |-2.720594e+03 |-2.725239e+03 |   0.17%| unknown
  4.2s|     1 |     0 |  3769 |     - |   148M |   0 | 356 |3567 |3470 |   0 |  0 |  11 |   0 |-2.720594e+03 |-2.725239e+03 |   0.17%| unknown
  4.5s|     1 |     0 |  3817 |     - |   149M |   0 | 356 |3567 |3471 |   1 |  1 |  11 |   0 |-2.720622e+03 |-2.725239e+03 |   0.17%| unknown
  4.8s|     1 |     0 |  3827 |     - |   149M |   0 | 356 |3567 |3472 |   2 |  2 |  11 |   0 |-2.720624e+03 |-2.725239e+03 |   0.17%| unknown
  5.1s|     1 |     0 |  3852 |     - |   150M |   0 | 356 |3567 |3473 |   3 |  3 |  11 |   0 |-2.720626e+03 |-2.725239e+03 |   0.17%| unknown
  5.4s|     1 |     0 |  3865 |     - |   150M |   0 | 356 |3567 |3474 |   4 |  4 |  11 |   0 |-2.720630e+03 |-2.725239e+03 |   0.17%| unknown
  5.7s|     1 |     0 |  3921 |     - |   150M |   0 | 356 |3567 |3475 |   5 |  5 |  11 |   0 |-2.720646e+03 |-2.725239e+03 |   0.17%| unknown
  6.1s|     1 |     0 |  3943 |     - |   151M |   0 | 356 |3567 |3476 |   6 |  6 |  11 |   0 |-2.720647e+03 |-2.725239e+03 |   0.17%| unknown
  6.4s|     1 |     0 |  3961 |     - |   151M |   0 | 356 |3567 |3477 |   7 |  7 |  11 |   0 |-2.720649e+03 |-2.725239e+03 |   0.17%| unknown
  6.7s|     1 |     0 |  3970 |     - |   151M |   0 | 356 |3567 |3478 |   8 |  8 |  11 |   0 |-2.720649e+03 |-2.725239e+03 |   0.17%| unknown
  7.1s|     1 |     0 |  4000 |     - |   152M |   0 | 356 |3567 |3479 |   9 |  9 |  11 |   0 |-2.720650e+03 |-2.725239e+03 |   0.17%| unknown
  7.5s|     1 |     0 |  4044 |     - |   152M |   0 | 356 |3567 |3480 |  10 | 10 |  11 |   0 |-2.720654e+03 |-2.725239e+03 |   0.17%| unknown
  7.5s|     1 |     0 |  4085 |     - |   153M |   0 | 356 |3567 |3482 |  12 | 11 |  11 |   0 |-2.720657e+03 |-2.725239e+03 |   0.17%| unknown
 10.5s|     1 |     2 |  4923 |     - |   153M |   0 | 356 |3491 |3482 |  12 | 11 |  22 |  43 |-2.722450e+03 |-2.725239e+03 |   0.10%| unknown

SCIP Status        : problem is solved [optimal solution found]
Solving Time (sec) : 12.69
Solving Nodes      : 7 (total of 8 nodes in 2 runs)
Primal Bound       : -2.72523913043478e+03 (32 solutions)
Dual Bound         : -2.72523913043478e+03
Gap                : 0.00 %
  [linear] <c4453>: <x277>[C] (+39.1358696) +0.530797101<x1>[B] (+0) +0.530797101<x2>[B] (+0) +0.530797101<x3>[B] (+0) +0.530797101<x4>[B] (+0) +0.530797101<x5>[B] (+1) +0.530797101<x6>[B] (+0) +0.530797101<x7>[B] (+0) +0.530797101<x8>[B] (+0) +0.530797101<x9>[B] (+0) +0.530797101<x10>[B] (+0) +0.530797101<x11>[B] (+0) -0.530797101<x12>[B] (+1) +0.530797101<x13>[B] (+0) +0.530797101<x14>[B] (+0) +0.530797101<x15>[B] (+0) +0.530797101<x16>[B] (+0) +0.530797101<x17>[B] (+0) +0.530797101<x18>[B] (+0) +0.530797101<x19>[B] (+1) +0.530797101<x20>[B] (+0) +0.530797101<x21>[B] (+0) +0.530797101<x22>[B] (+0) +0.530797101<x23>[B] (+0) +0.530797101<x24>[B] (+0) +0.530797101<x25>[B] (+0) -0.530797101<x26>[B] (+0) -0.530797101<x27>[B] (+1) -0.530797101<x28>[B] (+0) +0.530797101<x29>[B] (+0) +0.530797101<x30>[B] (+0) +0.530797101<x31>[B] (+0) +0.530797101<x32>[B] (+0) +0.530797101<x33>[B] (+0) -0.530797101<x34>[B] (+1) -0.530797101<x35>[B] (+0) +0.530797101<x36>[B] (+0) -0.530797101<x37>[B] (+0) +0.530797101<x38>[B] (+0) +0.530797101<x39>[B] (+0) +0.530797101<x40>[B] (+0) +0.530797101<x41>[B] (+1) -0.530797101<x42>[B] (+0) +0.530797101<x43>[B] (+0) -0.530797101<x44>[B] (+0) +0.530797101<x45>[B] (+0) -0.530797101<x46>[B] (+1) -0.530797101<x47>[B] (+0) -0.530797101<x48>[B] (+1) -0.530797101<x49>[B] (+0) +0.530797101<x50>[B] (+0) -0.530797101<x51>[B] (+0) -0.530797101<x52>[B] (+0) -0.530797101<x53>[B] (+1) -0.530797101<x54>[B] (+0) -0.530797101<x55>[B] (+1) -0.530797101<x56>[B] (+1) -0.530797101<x57>[B] (+1) -0.530797101<x58>[B] (+0) -0.530797101<x59>[B] (+0) -0.530797101<x60>[B] (+0) -0.530797101<x61>[B] (+0) -0.530797101<x62>[B] (+1) -0.530797101<x63>[B] (+0) +0.530797101<x64>[B] (+0) -0.530797101<x65>[B] (+0) -0.530797101<x66>[B] (+1) -0.530797101<x67>[B] (+0) -0.530797101<x68>[B] (+1) -0.530797101<x69>[B] (+0) +0.530797101<x70>[B] (+0) +0.530797101<x71>[B] (+0) -0.530797101<x72>[B] (+0) +0.530797101<x73>[B] (+1) +0.530797101<x74>[B] (+0) -0.530797101<x75>[B] (+1) -0.530797101<x76>[B] (+1) -0.530797101<x77>[B] (+1) -0.530797101<x78>[B] (+0) -0.530797101<x79>[B] (+0) +0.530797101<x80>[B] (+0) +0.530797101<x81>[B] (+0) +0.530797101<x82>[B] (+1) -0.530797101<x83>[B] (+0) +0.530797101<x84>[B] (+0) -0.530797101<x85>[B] (+0) -0.530797101<x86>[B] (+0) +0.530797101<x87>[B] (+1) -0.530797101<x88>[B] (+0) +0.530797101<x89>[B] (+1) +0.530797101<x90>[B] (+0) +0.530797101<x91>[B] (+0) +0.530797101<x92>[B] (+1) +0.530797101<x93>[B] (+1) -0.530797101<x94>[B] (+1) +0.530797101<x95>[B] (+1) +0.530797101<x96>[B] (+1) +0.530797101<x97>[B] (+0) +0.530797101<x98>[B] (+0) +0.530797101<x99>[B] (+0) +0.530797101<x100>[B] (+0) +0.530797101<x101>[B] (+1) -0.530797101<x102>[B] (+0) +0.530797101<x103>[B] (+1) -0.530797101<x104>[B] (+0) +0.530797101<x105>[B] (+1) -0.530797101<x106>[B] (+0) +0.530797101<x107>[B] (+0) +0.530797101<x108>[B] (+0) +0.530797101<x109>[B] (+0) +0.530797101<x110>[B] (+0) +0.530797101<x111>[B] (+0) -0.530797101<x112>[B] (+0) -0.530797101<x113>[B] (+0) +0.530797101<x114>[B] (+0) -0.530797101<x115>[B] (+0) +0.530797101<x116>[B] (+0) +0.530797101<x117>[B] (+0) +0.530797101<x118>[B] (+0) +0.530797101<x119>[B] (+0) -0.530797101<x120>[B] (+0) +0.530797101<x121>[B] (+0) -0.530797101<x122>[B] (+0) +0.530797101<x123>[B] (+0) +0.530797101<x124>[B] (+1) +0.530797101<x125>[B] (+0) +0.530797101<x126>[B] (+0) +0.530797101<x127>[B] (+1) +0.530797101<x128>[B] (+1) -0.530797101<x129>[B] (+1) +0.530797101<x130>[B] (+1) +0.530797101<x131>[B] (+1) +0.530797101<x132>[B] (+0) +0.530797101<x133>[B] (+1) +0.530797101<x134>[B] (+1) +0.530797101<x135>[B] (+0) +0.530797101<x136>[B] (+1) +0.530797101<x137>[B] (+1) +0.530797101<x138>[B] (+1) +0.530797101<x139>[B] (+0) +0.530797101<x140>[B] (+1) -0.530797101<x141>[B] (+0) -0.530797101<x142>[B] (+0) -0.530797101<x143>[B] (+1) -0.530797101<x144>[B] (+1) -0.530797101<x145>[B] (+1) -0.530797101<x146>[B] (+1) -0.530797101<x147>[B] (+1) -0.530797101<x148>[B] (+0) -0.530797101<x149>[B] (+0) -0.530797101<x150>[B] (+0) -0.530797101<x151>[B] (+0) -0.530797101<x152>[B] (+1) -0.530797101<x153>[B] (+0) -0.530797101<x154>[B] (+0) -0.530797101<x155>[B] (+0) -0.530797101<x156>[B] (+1) -0.530797101<x157>[B] (+1) +0.530797101<x158>[B] (+1) +0.530797101<x159>[B] (+1) -0.530797101<x160>[B] (+1) -0.530797101<x161>[B] (+1) -0.530797101<x162>[B] (+1) -0.530797101<x163>[B] (+1) -0.530797101<x164>[B] (+1) -0.530797101<x165>[B] (+1) +0.530797101<x166>[B] (+1) +0.530797101<x167>[B] (+1) -0.530797101<x168>[B] (+1) +0.530797101<x169>[B] (+1) -0.530797101<x170>[B] (+1) -0.530797101<x171>[B] (+1) +0.530797101<x172>[B] (+1) +0.530797101<x173>[B] (+1) -0.530797101<x174>[B] (+1) -0.530797101<x175>[B] (+1) +0.530797101<x176>[B] (+1) -0.530797101<x177>[B] (+0) +0.530797101<x178>[B] (+1) +0.530797101<x179>[B] (+1) +0.530797101<x180>[B] (+0) +0.530797101<x181>[B] (+1) -0.530797101<x182>[B] (+1) +0.530797101<x183>[B] (+1) -0.530797101<x184>[B] (+0) +0.530797101<x185>[B] (+1) -0.530797101<x186>[B] (+0) -0.530797101<x187>[B] (+1) -0.530797101<x188>[B] (+0) -0.530797101<x189>[B] (+0) -0.530797101<x190>[B] (+0) -0.530797101<x191>[B] (+0) -0.530797101<x192>[B] (+0) +0.530797101<x193>[B] (+0) +0.530797101<x194>[B] (+1) -0.530797101<x195>[B] (+0) +0.530797101<x196>[B] (+0) -0.530797101<x197>[B] (+0) -0.530797101<x198>[B] (+0) -0.530797101<x199>[B] (+1) -0.530797101<x200>[B] (+1) -0.530797101<x201>[B] (+1) -0.530797101<x202>[B] (+0) -0.530797101<x203>[B] (+0) -0.530797101<x204>[B] (+0) +0.530797101<x205>[B] (+0) +0.530797101<x206>[B] (+1) -0.530797101<x207>[B] (+0) +0.530797101<x208>[B] (+0) -0.530797101<x209>[B] (+0) -0.530797101<x210>[B] (+1) +0.530797101<x211>[B] (+0) +0.530797101<x212>[B] (+0) +0.530797101<x213>[B] (+0) +0.530797101<x214>[B] (+0) +0.530797101<x215>[B] (+0) +0.530797101<x216>[B] (+0) +0.530797101<x217>[B] (+0) +0.530797101<x218>[B] (+0) +0.530797101<x219>[B] (+0) +0.530797101<x220>[B] (+0) +0.530797101<x221>[B] (+0) +0.530797101<x222>[B] (+0) -0.530797101<x223>[B] (+0) +0.530797101<x224>[B] (+0) +0.530797101<x225>[B] (+0) +0.530797101<x226>[B] (+0) +0.530797101<x227>[B] (+1) -0.530797101<x228>[B] (+0) +0.530797101<x229>[B] (+0) -0.530797101<x230>[B] (+0) +0.530797101<x231>[B] (+0) -0.530797101<x232>[B] (+0) +0.530797101<x233>[B] (+0) +0.530797101<x234>[B] (+0) +0.530797101<x235>[B] (+0) +0.530797101<x236>[B] (+1) -0.530797101<x237>[B] (+0) +0.530797101<x238>[B] (+0) -0.530797101<x239>[B] (+0) +0.530797101<x240>[B] (+0) +0.530797101<x241>[B] (+1) +0.530797101<x242>[B] (+1) +0.530797101<x243>[B] (+0) +0.530797101<x244>[B] (+1) -0.530797101<x245>[B] (+1) +0.530797101<x246>[B] (+1) -0.530797101<x247>[B] (+0) +0.530797101<x248>[B] (+1) +0.530797101<x249>[B] (+0) +0.530797101<x250>[B] (+0) +0.530797101<x251>[B] (+1) -0.530797101<x252>[B] (+0) +0.530797101<x253>[B] (+1) -0.530797101<x254>[B] (+0) -0.530797101<x255>[B] (+1) +0.530797101<x256>[B] (+0) +0.530797101<x257>[B] (+1) -0.530797101<x258>[B] (+1) +0.530797101<x259>[B] (+1) -0.530797101<x260>[B] (+0) -0.530797101<x261>[B] (+1) +0.530797101<x262>[B] (+1) -0.530797101<x263>[B] (+1) +0.530797101<x264>[B] (+1) -0.530797101<x265>[B] (+1) -0.530797101<x266>[B] (+1) -0.530797101<x267>[B] (+0) +0.530797101<x268>[B] (+0) -0.530797101<x269>[B] (+0) -0.530797101<x270>[B] (+0) +0.530797101<x271>[B] (+1) +0.530797101<x272>[B] (+0) +0.530797101<x273>[B] (+1) -0.530797101<x274>[B] (+0) -0.530797101<x275>[B] (+1) +0.530797101<x276>[B] (+1) >= 42.3315217391304;
;
violation: left hand side is violated by 0.010869565217412
  [linear] <c4455>: <x282>[C] (+37.5615942) +0.523550725<x1>[B] (+0) +0.523550725<x2>[B] (+0) -0.523550725<x3>[B] (+0) +0.523550725<x4>[B] (+0) +0.523550725<x5>[B] (+1) +0.523550725<x6>[B] (+0) -0.523550725<x7>[B] (+0) -0.523550725<x8>[B] (+0) +0.523550725<x9>[B] (+0) -0.523550725<x10>[B] (+0) -0.523550725<x11>[B] (+0) -0.523550725<x12>[B] (+1) -0.523550725<x13>[B] (+1) -0.523550725<x14>[B] (+0) +0.523550725<x15>[B] (+0) -0.523550725<x16>[B] (+0) -0.523550725<x17>[B] (+0) -0.523550725<x18>[B] (+0) +0.523550725<x19>[B] (+1) -0.523550725<x20>[B] (+0) -0.523550725<x21>[B] (+0) +0.523550725<x22>[B] (+0) -0.523550725<x23>[B] (+0) -0.523550725<x24>[B] (+0) -0.523550725<x25>[B] (+0) -0.523550725<x26>[B] (+0) +0.523550725<x27>[B] (+1) -0.523550725<x28>[B] (+0) -0.523550725<x29>[B] (+0) -0.523550725<x30>[B] (+0) -0.523550725<x31>[B] (+0) -0.523550725<x32>[B] (+0) -0.523550725<x33>[B] (+0) -0.523550725<x34>[B] (+1) -0.523550725<x35>[B] (+1) -0.523550725<x36>[B] (+0) -0.523550725<x37>[B] (+0) -0.523550725<x38>[B] (+0) -0.523550725<x39>[B] (+0) -0.523550725<x40>[B] (+0) -0.523550725<x41>[B] (+1) -0.523550725<x42>[B] (+0) -0.523550725<x43>[B] (+0) -0.523550725<x44>[B] (+0) -0.523550725<x45>[B] (+0) -0.523550725<x46>[B] (+1) -0.523550725<x47>[B] (+0) +0.523550725<x48>[B] (+1) -0.523550725<x49>[B] (+0) -0.523550725<x50>[B] (+0) -0.523550725<x51>[B] (+0) -0.523550725<x52>[B] (+0) -0.523550725<x53>[B] (+1) -0.523550725<x54>[B] (+0) -0.523550725<x55>[B] (+1) -0.523550725<x56>[B] (+1) -0.523550725<x57>[B] (+1) +0.523550725<x58>[B] (+0) -0.523550725<x59>[B] (+0) -0.523550725<x60>[B] (+0) -0.523550725<x61>[B] (+0) -0.523550725<x62>[B] (+1) -0.523550725<x63>[B] (+0) -0.523550725<x64>[B] (+0) +0.523550725<x65>[B] (+0) -0.523550725<x66>[B] (+1) +0.523550725<x67>[B] (+0) +0.523550725<x68>[B] (+1) +0.523550725<x69>[B] (+0) -0.523550725<x70>[B] (+0) +0.523550725<x71>[B] (+0) +0.523550725<x72>[B] (+0) -0.523550725<x73>[B] (+1) -0.523550725<x74>[B] (+0) +0.523550725<x75>[B] (+1) +0.523550725<x76>[B] (+1) +0.523550725<x77>[B] (+1) +0.523550725<x78>[B] (+0) +0.523550725<x79>[B] (+0) +0.523550725<x80>[B] (+0) +0.523550725<x81>[B] (+0) +0.523550725<x82>[B] (+1) +0.523550725<x83>[B] (+0) +0.523550725<x84>[B] (+0) +0.523550725<x85>[B] (+0) +0.523550725<x86>[B] (+0) +0.523550725<x87>[B] (+1) -0.523550725<x88>[B] (+0) -0.523550725<x89>[B] (+1) -0.523550725<x90>[B] (+0) +0.523550725<x91>[B] (+0) -0.523550725<x92>[B] (+1) -0.523550725<x93>[B] (+1) -0.523550725<x94>[B] (+1) -0.523550725<x95>[B] (+1) -0.523550725<x96>[B] (+1) +0.523550725<x97>[B] (+0) -0.523550725<x98>[B] (+1) -0.523550725<x99>[B] (+1) -0.523550725<x100>[B] (+0) +0.523550725<x101>[B] (+1) -0.523550725<x102>[B] (+0) -0.523550725<x103>[B] (+1) +0.523550725<x104>[B] (+0) -0.523550725<x105>[B] (+1) -0.523550725<x106>[B] (+0) -0.523550725<x107>[B] (+0) -0.523550725<x108>[B] (+0) -0.523550725<x109>[B] (+0) -0.523550725<x110>[B] (+0) -0.523550725<x111>[B] (+0) -0.523550725<x112>[B] (+0) -0.523550725<x113>[B] (+0) -0.523550725<x114>[B] (+0) -0.523550725<x115>[B] (+0) -0.523550725<x116>[B] (+0) -0.523550725<x117>[B] (+0) -0.523550725<x118>[B] (+0) -0.523550725<x119>[B] (+0) -0.523550725<x120>[B] (+0) -0.523550725<x121>[B] (+0) -0.523550725<x122>[B] (+0) -0.523550725<x123>[B] (+0) -0.523550725<x124>[B] (+1) -0.523550725<x125>[B] (+0) +0.523550725<x126>[B] (+0) -0.523550725<x127>[B] (+1) -0.523550725<x128>[B] (+1) -0.523550725<x129>[B] (+1) -0.523550725<x130>[B] (+1) -0.523550725<x131>[B] (+1) +0.523550725<x132>[B] (+1) -0.523550725<x133>[B] (+1) -0.523550725<x134>[B] (+1) -0.523550725<x135>[B] (+0) +0.523550725<x136>[B] (+1) -0.523550725<x137>[B] (+1) -0.523550725<x138>[B] (+1) +0.523550725<x139>[B] (+0) -0.523550725<x140>[B] (+1) +0.523550725<x141>[B] (+0) +0.523550725<x142>[B] (+0) -0.523550725<x143>[B] (+1) +0.523550725<x144>[B] (+1) +0.523550725<x145>[B] (+1) +0.523550725<x146>[B] (+1) +0.523550725<x147>[B] (+1) +0.523550725<x148>[B] (+0) +0.523550725<x149>[B] (+0) +0.523550725<x150>[B] (+0) +0.523550725<x151>[B] (+0) +0.523550725<x152>[B] (+1) +0.523550725<x153>[B] (+0) +0.523550725<x154>[B] (+0) +0.523550725<x155>[B] (+0) +0.523550725<x156>[B] (+1) +0.523550725<x157>[B] (+1) -0.523550725<x158>[B] (+1) -0.523550725<x159>[B] (+1) +0.523550725<x160>[B] (+1) -0.523550725<x161>[B] (+1) -0.523550725<x162>[B] (+1) +0.523550725<x163>[B] (+1) +0.523550725<x164>[B] (+1) +0.523550725<x165>[B] (+1) +0.523550725<x166>[B] (+1) +0.523550725<x167>[B] (+1) -0.523550725<x168>[B] (+1) +0.523550725<x169>[B] (+1) +0.523550725<x170>[B] (+1) +0.523550725<x171>[B] (+1) -0.523550725<x172>[B] (+1) -0.523550725<x173>[B] (+1) -0.523550725<x174>[B] (+1) -0.523550725<x175>[B] (+1) -0.523550725<x176>[B] (+1) +0.523550725<x177>[B] (+1) -0.523550725<x178>[B] (+1) -0.523550725<x179>[B] (+1) -0.523550725<x180>[B] (+0) -0.523550725<x181>[B] (+1) -0.523550725<x182>[B] (+1) -0.523550725<x183>[B] (+1) +0.523550725<x184>[B] (+0) -0.523550725<x185>[B] (+1) +0.523550725<x186>[B] (+0) +0.523550725<x187>[B] (+1) +0.523550725<x188>[B] (+1) +0.523550725<x189>[B] (+0) +0.523550725<x190>[B] (+0) +0.523550725<x191>[B] (+0) +0.523550725<x192>[B] (+0) +0.523550725<x193>[B] (+0) +0.523550725<x194>[B] (+1) +0.523550725<x195>[B] (+0) +0.523550725<x196>[B] (+0) +0.523550725<x197>[B] (+0) +0.523550725<x198>[B] (+0) +0.523550725<x199>[B] (+1) +0.523550725<x200>[B] (+1) +0.523550725<x201>[B] (+1) +0.523550725<x202>[B] (+0) +0.523550725<x203>[B] (+0) +0.523550725<x204>[B] (+0) +0.523550725<x205>[B] (+0) +0.523550725<x206>[B] (+1) +0.523550725<x207>[B] (+0) +0.523550725<x208>[B] (+0) +0.523550725<x209>[B] (+0) +0.523550725<x210>[B] (+1) -0.523550725<x211>[B] (+0) -0.523550725<x212>[B] (+0) +0.523550725<x213>[B] (+0) -0.523550725<x214>[B] (+0) -0.523550725<x215>[B] (+0) +0.523550725<x216>[B] (+0) +0.523550725<x217>[B] (+0) -0.523550725<x218>[B] (+0) +0.523550725<x219>[B] (+0) +0.523550725<x220>[B] (+0) -0.523550725<x221>[B] (+0) -0.523550725<x222>[B] (+0) +0.523550725<x223>[B] (+0) +0.523550725<x224>[B] (+0) +0.523550725<x225>[B] (+0) +0.523550725<x226>[B] (+0) +0.523550725<x227>[B] (+1) +0.523550725<x228>[B] (+0) +0.523550725<x229>[B] (+0) +0.523550725<x230>[B] (+0) +0.523550725<x231>[B] (+0) +0.523550725<x232>[B] (+0) +0.523550725<x233>[B] (+0) +0.523550725<x234>[B] (+0) +0.523550725<x235>[B] (+0) +0.523550725<x236>[B] (+1) +0.523550725<x237>[B] (+0) +0.523550725<x238>[B] (+0) +0.523550725<x239>[B] (+0) +0.523550725<x240>[B] (+0) -0.523550725<x241>[B] (+1) -0.523550725<x242>[B] (+1) -0.523550725<x243>[B] (+0) -0.523550725<x244>[B] (+1) -0.523550725<x245>[B] (+0) -0.523550725<x246>[B] (+1) +0.523550725<x247>[B] (+0) -0.523550725<x248>[B] (+1) -0.523550725<x249>[B] (+0) +0.523550725<x250>[B] (+0) +0.523550725<x251>[B] (+1) -0.523550725<x252>[B] (+0) +0.523550725<x253>[B] (+1) +0.523550725<x254>[B] (+0) -0.523550725<x255>[B] (+1) +0.523550725<x256>[B] (+0) +0.523550725<x257>[B] (+1) -0.523550725<x258>[B] (+0) +0.523550725<x259>[B] (+1) +0.523550725<x260>[B] (+0) -0.523550725<x261>[B] (+1) +0.523550725<x262>[B] (+1) -0.523550725<x263>[B] (+1) +0.523550725<x264>[B] (+1) +0.523550725<x265>[B] (+1) -0.523550725<x266>[B] (+1) -0.523550725<x267>[B] (+0) -0.523550725<x268>[B] (+0) +0.523550725<x269>[B] (+0) -0.523550725<x270>[B] (+0) +0.523550725<x271>[B] (+1) +0.523550725<x272>[B] (+0) +0.523550725<x273>[B] (+1) +0.523550725<x274>[B] (+0) -0.523550725<x275>[B] (+1) -0.523550725<x276>[B] (+1) >= 30.7590579710145;
;
violation: left hand side is violated by 0.00362318840578268
  [linear] <c4474>: <x311>[C] (+39.1431159) -0.53442029<x1>[B] (+1) +0.53442029<x2>[B] (+1) +0.53442029<x3>[B] (+1) +0.53442029<x4>[B] (+0) +0.53442029<x5>[B] (+1) -0.53442029<x6>[B] (+0) +0.53442029<x7>[B] (+0) +0.53442029<x8>[B] (+0) +0.53442029<x9>[B] (+0) -0.53442029<x10>[B] (+1) +0.53442029<x11>[B] (+0) +0.53442029<x12>[B] (+1) +0.53442029<x13>[B] (+1) +0.53442029<x14>[B] (+1) +0.53442029<x15>[B] (+0) +0.53442029<x16>[B] (+0) +0.53442029<x17>[B] (+0) -0.53442029<x18>[B] (+0) -0.53442029<x19>[B] (+1) -0.53442029<x20>[B] (+0) -0.53442029<x21>[B] (+0) +0.53442029<x22>[B] (+0) +0.53442029<x23>[B] (+0) +0.53442029<x24>[B] (+0) +0.53442029<x25>[B] (+0) +0.53442029<x26>[B] (+0) +0.53442029<x27>[B] (+1) -0.53442029<x28>[B] (+0) +0.53442029<x29>[B] (+0) +0.53442029<x30>[B] (+0) +0.53442029<x31>[B] (+0) -0.53442029<x32>[B] (+0) +0.53442029<x33>[B] (+0) +0.53442029<x34>[B] (+1) +0.53442029<x35>[B] (+0) +0.53442029<x36>[B] (+0) +0.53442029<x37>[B] (+0) +0.53442029<x38>[B] (+0) +0.53442029<x39>[B] (+0) -0.53442029<x40>[B] (+0) -0.53442029<x41>[B] (+1) -0.53442029<x42>[B] (+0) -0.53442029<x43>[B] (+0) +0.53442029<x44>[B] (+0) +0.53442029<x45>[B] (+0) -0.53442029<x46>[B] (+1) +0.53442029<x47>[B] (+0) +0.53442029<x48>[B] (+1) -0.53442029<x49>[B] (+0) +0.53442029<x50>[B] (+0) -0.53442029<x51>[B] (+0) +0.53442029<x52>[B] (+0) -0.53442029<x53>[B] (+1) +0.53442029<x54>[B] (+0) +0.53442029<x55>[B] (+1) +0.53442029<x56>[B] (+1) -0.53442029<x57>[B] (+1) +0.53442029<x58>[B] (+0) +0.53442029<x59>[B] (+0) +0.53442029<x60>[B] (+0) -0.53442029<x61>[B] (+0) -0.53442029<x62>[B] (+1) -0.53442029<x63>[B] (+0) -0.53442029<x64>[B] (+0) +0.53442029<x65>[B] (+0) -0.53442029<x66>[B] (+0) +0.53442029<x67>[B] (+0) +0.53442029<x68>[B] (+1) -0.53442029<x69>[B] (+0) +0.53442029<x70>[B] (+0) +0.53442029<x71>[B] (+0) +0.53442029<x72>[B] (+0) -0.53442029<x73>[B] (+0) +0.53442029<x74>[B] (+0) +0.53442029<x75>[B] (+1) +0.53442029<x76>[B] (+0) +0.53442029<x77>[B] (+0) +0.53442029<x78>[B] (+0) +0.53442029<x79>[B] (+0) +0.53442029<x80>[B] (+0) -0.53442029<x81>[B] (+0) -0.53442029<x82>[B] (+1) -0.53442029<x83>[B] (+0) -0.53442029<x84>[B] (+0) +0.53442029<x85>[B] (+0) +0.53442029<x86>[B] (+0) -0.53442029<x87>[B] (+1) -0.53442029<x88>[B] (+0) +0.53442029<x89>[B] (+1) -0.53442029<x90>[B] (+0) -0.53442029<x91>[B] (+0) -0.53442029<x92>[B] (+1) -0.53442029<x93>[B] (+1) +0.53442029<x94>[B] (+1) -0.53442029<x95>[B] (+1) -0.53442029<x96>[B] (+1) +0.53442029<x97>[B] (+0) -0.53442029<x98>[B] (+1) -0.53442029<x99>[B] (+1) -0.53442029<x100>[B] (+0) -0.53442029<x101>[B] (+1) -0.53442029<x102>[B] (+1) -0.53442029<x103>[B] (+1) -0.53442029<x104>[B] (+0) -0.53442029<x105>[B] (+1) -0.53442029<x106>[B] (+0) +0.53442029<x107>[B] (+0) -0.53442029<x108>[B] (+0) -0.53442029<x109>[B] (+0) -0.53442029<x110>[B] (+0) -0.53442029<x111>[B] (+0) +0.53442029<x112>[B] (+0) -0.53442029<x113>[B] (+0) -0.53442029<x114>[B] (+0) +0.53442029<x115>[B] (+0) +0.53442029<x116>[B] (+0) -0.53442029<x117>[B] (+0) -0.53442029<x118>[B] (+0) -0.53442029<x119>[B] (+0) -0.53442029<x120>[B] (+0) -0.53442029<x121>[B] (+0) -0.53442029<x122>[B] (+0) -0.53442029<x123>[B] (+0) +0.53442029<x124>[B] (+1) +0.53442029<x125>[B] (+0) +0.53442029<x126>[B] (+0) +0.53442029<x127>[B] (+1) +0.53442029<x128>[B] (+1) +0.53442029<x129>[B] (+1) +0.53442029<x130>[B] (+1) +0.53442029<x131>[B] (+1) +0.53442029<x132>[B] (+1) +0.53442029<x133>[B] (+1) +0.53442029<x134>[B] (+1) +0.53442029<x135>[B] (+0) +0.53442029<x136>[B] (+1) +0.53442029<x137>[B] (+1) +0.53442029<x138>[B] (+1) +0.53442029<x139>[B] (+0) +0.53442029<x140>[B] (+1) -0.53442029<x141>[B] (+0) -0.53442029<x142>[B] (+0) -0.53442029<x143>[B] (+1) -0.53442029<x144>[B] (+1) +0.53442029<x145>[B] (+1) -0.53442029<x146>[B] (+1) -0.53442029<x147>[B] (+1) +0.53442029<x148>[B] (+0) -0.53442029<x149>[B] (+1) -0.53442029<x150>[B] (+0) -0.53442029<x151>[B] (+0) -0.53442029<x152>[B] (+1) -0.53442029<x153>[B] (+0) -0.53442029<x154>[B] (+0) -0.53442029<x155>[B] (+0) -0.53442029<x156>[B] (+1) +0.53442029<x157>[B] (+1) -0.53442029<x158>[B] (+1) +0.53442029<x159>[B] (+1) +0.53442029<x160>[B] (+1) +0.53442029<x161>[B] (+1) -0.53442029<x162>[B] (+1) +0.53442029<x163>[B] (+1) +0.53442029<x164>[B] (+1) +0.53442029<x165>[B] (+1) -0.53442029<x166>[B] (+1) -0.53442029<x167>[B] (+1) -0.53442029<x168>[B] (+1) -0.53442029<x169>[B] (+1) +0.53442029<x170>[B] (+1) -0.53442029<x171>[B] (+1) -0.53442029<x172>[B] (+1) -0.53442029<x173>[B] (+1) +0.53442029<x174>[B] (+1) -0.53442029<x175>[B] (+1) -0.53442029<x176>[B] (+1) +0.53442029<x177>[B] (+1) +0.53442029<x178>[B] (+1) -0.53442029<x179>[B] (+1) -0.53442029<x180>[B] (+0) -0.53442029<x181>[B] (+1) -0.53442029<x182>[B] (+1) -0.53442029<x183>[B] (+1) -0.53442029<x184>[B] (+0) -0.53442029<x185>[B] (+1) +0.53442029<x186>[B] (+0) +0.53442029<x187>[B] (+1) +0.53442029<x188>[B] (+0) +0.53442029<x189>[B] (+0) +0.53442029<x190>[B] (+0) +0.53442029<x191>[B] (+0) +0.53442029<x192>[B] (+0) -0.53442029<x193>[B] (+0) -0.53442029<x194>[B] (+1) -0.53442029<x195>[B] (+0) -0.53442029<x196>[B] (+0) +0.53442029<x197>[B] (+0) +0.53442029<x198>[B] (+0) +0.53442029<x199>[B] (+1) -0.53442029<x200>[B] (+1) -0.53442029<x201>[B] (+1) +0.53442029<x202>[B] (+0) +0.53442029<x203>[B] (+1) +0.53442029<x204>[B] (+0) -0.53442029<x205>[B] (+0) -0.53442029<x206>[B] (+1) -0.53442029<x207>[B] (+0) -0.53442029<x208>[B] (+0) +0.53442029<x209>[B] (+0) -0.53442029<x210>[B] (+1) -0.53442029<x211>[B] (+0) -0.53442029<x212>[B] (+0) -0.53442029<x213>[B] (+0) -0.53442029<x214>[B] (+0) -0.53442029<x215>[B] (+0) -0.53442029<x216>[B] (+0) -0.53442029<x217>[B] (+0) -0.53442029<x218>[B] (+0) -0.53442029<x219>[B] (+0) -0.53442029<x220>[B] (+0) -0.53442029<x221>[B] (+0) -0.53442029<x222>[B] (+1) +0.53442029<x223>[B] (+0) +0.53442029<x224>[B] (+0) +0.53442029<x225>[B] (+0) -0.53442029<x226>[B] (+0) -0.53442029<x227>[B] (+1) -0.53442029<x228>[B] (+0) -0.53442029<x229>[B] (+0) +0.53442029<x230>[B] (+0) -0.53442029<x231>[B] (+0) +0.53442029<x232>[B] (+0) +0.53442029<x233>[B] (+0) +0.53442029<x234>[B] (+0) -0.53442029<x235>[B] (+0) -0.53442029<x236>[B] (+1) -0.53442029<x237>[B] (+0) -0.53442029<x238>[B] (+0) +0.53442029<x239>[B] (+0) -0.53442029<x240>[B] (+0) -0.53442029<x241>[B] (+1) -0.53442029<x242>[B] (+1) -0.53442029<x243>[B] (+0) -0.53442029<x244>[B] (+1) -0.53442029<x245>[B] (+1) -0.53442029<x246>[B] (+1) -0.53442029<x247>[B] (+0) -0.53442029<x248>[B] (+1) -0.53442029<x249>[B] (+0) -0.53442029<x250>[B] (+0) -0.53442029<x251>[B] (+1) -0.53442029<x252>[B] (+0) -0.53442029<x253>[B] (+0) -0.53442029<x254>[B] (+0) -0.53442029<x255>[B] (+0) -0.53442029<x256>[B] (+0) -0.53442029<x257>[B] (+1) -0.53442029<x258>[B] (+1) -0.53442029<x259>[B] (+1) +0.53442029<x260>[B] (+0) -0.53442029<x261>[B] (+1) -0.53442029<x262>[B] (+1) -0.53442029<x263>[B] (+1) -0.53442029<x264>[B] (+1) +0.53442029<x265>[B] (+1) +0.53442029<x266>[B] (+1) +0.53442029<x267>[B] (+0) +0.53442029<x268>[B] (+0) +0.53442029<x269>[B] (+0) +0.53442029<x270>[B] (+0) +0.53442029<x271>[B] (+0) +0.53442029<x272>[B] (+0) +0.53442029<x273>[B] (+1) +0.53442029<x274>[B] (+0) +0.53442029<x275>[B] (+1) -0.53442029<x276>[B] (+1) >= 28.9927536231884;
;
violation: left hand side is violated by 0.0036231884057969
  [linear] <c4467>: <x302>[C] (+39.0923913) +0.519927536<x1>[B] (+1) -0.519927536<x2>[B] (+0) -0.519927536<x3>[B] (+1) -0.519927536<x4>[B] (+0) -0.519927536<x5>[B] (+1) +0.519927536<x6>[B] (+0) -0.519927536<x7>[B] (+0) +0.519927536<x8>[B] (+0) -0.519927536<x9>[B] (+0) +0.519927536<x10>[B] (+1) -0.519927536<x11>[B] (+0) -0.519927536<x12>[B] (+1) +0.519927536<x13>[B] (+1) +0.519927536<x14>[B] (+1) -0.519927536<x15>[B] (+0) +0.519927536<x16>[B] (+0) +0.519927536<x17>[B] (+0) -0.519927536<x18>[B] (+0) -0.519927536<x19>[B] (+1) +0.519927536<x20>[B] (+0) -0.519927536<x21>[B] (+0) -0.519927536<x22>[B] (+0) -0.519927536<x23>[B] (+1) -0.519927536<x24>[B] (+0) -0.519927536<x25>[B] (+0) -0.519927536<x26>[B] (+0) -0.519927536<x27>[B] (+1) +0.519927536<x28>[B] (+0) -0.519927536<x29>[B] (+0) -0.519927536<x30>[B] (+0) -0.519927536<x31>[B] (+0) -0.519927536<x32>[B] (+0) -0.519927536<x33>[B] (+0) -0.519927536<x34>[B] (+1) -0.519927536<x35>[B] (+0) +0.519927536<x36>[B] (+0) -0.519927536<x37>[B] (+0) +0.519927536<x38>[B] (+0) -0.519927536<x39>[B] (+0) -0.519927536<x40>[B] (+0) -0.519927536<x41>[B] (+1) -0.519927536<x42>[B] (+0) -0.519927536<x43>[B] (+0) -0.519927536<x44>[B] (+0) -0.519927536<x45>[B] (+0) -0.519927536<x46>[B] (+1) +0.519927536<x47>[B] (+0) +0.519927536<x48>[B] (+1) +0.519927536<x49>[B] (+0) -0.519927536<x50>[B] (+0) +0.519927536<x51>[B] (+0) -0.519927536<x52>[B] (+0) +0.519927536<x53>[B] (+1) +0.519927536<x54>[B] (+0) +0.519927536<x55>[B] (+1) +0.519927536<x56>[B] (+1) +0.519927536<x57>[B] (+1) -0.519927536<x58>[B] (+0) +0.519927536<x59>[B] (+0) +0.519927536<x60>[B] (+0) +0.519927536<x61>[B] (+0) -0.519927536<x62>[B] (+1) +0.519927536<x63>[B] (+0) +0.519927536<x64>[B] (+0) +0.519927536<x65>[B] (+0) -0.519927536<x66>[B] (+1) +0.519927536<x67>[B] (+0) +0.519927536<x68>[B] (+1) +0.519927536<x69>[B] (+0) -0.519927536<x70>[B] (+0) +0.519927536<x71>[B] (+0) -0.519927536<x72>[B] (+0) +0.519927536<x73>[B] (+0) +0.519927536<x74>[B] (+0) +0.519927536<x75>[B] (+1) +0.519927536<x76>[B] (+0) +0.519927536<x77>[B] (+0) -0.519927536<x78>[B] (+0) +0.519927536<x79>[B] (+0) +0.519927536<x80>[B] (+0) +0.519927536<x81>[B] (+0) -0.519927536<x82>[B] (+1) +0.519927536<x83>[B] (+0) +0.519927536<x84>[B] (+0) +0.519927536<x85>[B] (+0) -0.519927536<x86>[B] (+0) +0.519927536<x87>[B] (+1) +0.519927536<x88>[B] (+0) -0.519927536<x89>[B] (+1) +0.519927536<x90>[B] (+0) -0.519927536<x91>[B] (+0) +0.519927536<x92>[B] (+1) -0.519927536<x93>[B] (+1) -0.519927536<x94>[B] (+1) +0.519927536<x95>[B] (+1) +0.519927536<x96>[B] (+1) -0.519927536<x97>[B] (+0) +0.519927536<x98>[B] (+0) +0.519927536<x99>[B] (+0) +0.519927536<x100>[B] (+0) -0.519927536<x101>[B] (+1) +0.519927536<x102>[B] (+0) +0.519927536<x103>[B] (+0) +0.519927536<x104>[B] (+0) -0.519927536<x105>[B] (+1) +0.519927536<x106>[B] (+0) -0.519927536<x107>[B] (+0) +0.519927536<x108>[B] (+0) -0.519927536<x109>[B] (+0) +0.519927536<x110>[B] (+0) -0.519927536<x111>[B] (+0) -0.519927536<x112>[B] (+0) +0.519927536<x113>[B] (+0) +0.519927536<x114>[B] (+0) -0.519927536<x115>[B] (+0) +0.519927536<x116>[B] (+0) +0.519927536<x117>[B] (+0) -0.519927536<x118>[B] (+0) -0.519927536<x119>[B] (+0) +0.519927536<x120>[B] (+0) -0.519927536<x121>[B] (+0) -0.519927536<x122>[B] (+0) -0.519927536<x123>[B] (+0) -0.519927536<x124>[B] (+1) -0.519927536<x125>[B] (+0) -0.519927536<x126>[B] (+0) -0.519927536<x127>[B] (+1) -0.519927536<x128>[B] (+1) -0.519927536<x129>[B] (+1) -0.519927536<x130>[B] (+1) +0.519927536<x131>[B] (+1) -0.519927536<x132>[B] (+1) -0.519927536<x133>[B] (+1) -0.519927536<x134>[B] (+0) -0.519927536<x135>[B] (+0) -0.519927536<x136>[B] (+1) -0.519927536<x137>[B] (+1) -0.519927536<x138>[B] (+1) -0.519927536<x139>[B] (+0) -0.519927536<x140>[B] (+1) +0.519927536<x141>[B] (+0) -0.519927536<x142>[B] (+0) +0.519927536<x143>[B] (+1) +0.519927536<x144>[B] (+1) +0.519927536<x145>[B] (+1) +0.519927536<x146>[B] (+1) +0.519927536<x147>[B] (+1) +0.519927536<x148>[B] (+0) +0.519927536<x149>[B] (+0) +0.519927536<x150>[B] (+0) +0.519927536<x151>[B] (+0) +0.519927536<x152>[B] (+1) +0.519927536<x153>[B] (+0) +0.519927536<x154>[B] (+0) +0.519927536<x155>[B] (+0) -0.519927536<x156>[B] (+1) -0.519927536<x157>[B] (+1) +0.519927536<x158>[B] (+1) -0.519927536<x159>[B] (+1) -0.519927536<x160>[B] (+1) +0.519927536<x161>[B] (+1) +0.519927536<x162>[B] (+1) -0.519927536<x163>[B] (+1) +0.519927536<x164>[B] (+1) +0.519927536<x165>[B] (+1) -0.519927536<x166>[B] (+1) -0.519927536<x167>[B] (+1) +0.519927536<x168>[B] (+1) -0.519927536<x169>[B] (+1) -0.519927536<x170>[B] (+1) -0.519927536<x171>[B] (+1) +0.519927536<x172>[B] (+1) +0.519927536<x173>[B] (+1) +0.519927536<x174>[B] (+1) +0.519927536<x175>[B] (+1) +0.519927536<x176>[B] (+1) +0.519927536<x177>[B] (+1) +0.519927536<x178>[B] (+1) +0.519927536<x179>[B] (+1) +0.519927536<x180>[B] (+0) +0.519927536<x181>[B] (+1) +0.519927536<x182>[B] (+1) +0.519927536<x183>[B] (+1) +0.519927536<x184>[B] (+0) -0.519927536<x185>[B] (+1) -0.519927536<x186>[B] (+0) -0.519927536<x187>[B] (+1) -0.519927536<x188>[B] (+1) +0.519927536<x189>[B] (+0) -0.519927536<x190>[B] (+0) +0.519927536<x191>[B] (+0) +0.519927536<x192>[B] (+0) -0.519927536<x193>[B] (+0) -0.519927536<x194>[B] (+1) -0.519927536<x195>[B] (+0) -0.519927536<x196>[B] (+0) -0.519927536<x197>[B] (+0) -0.519927536<x198>[B] (+0) -0.519927536<x199>[B] (+1) +0.519927536<x200>[B] (+1) +0.519927536<x201>[B] (+1) -0.519927536<x202>[B] (+0) +0.519927536<x203>[B] (+0) +0.519927536<x204>[B] (+0) +0.519927536<x205>[B] (+0) -0.519927536<x206>[B] (+1) +0.519927536<x207>[B] (+0) +0.519927536<x208>[B] (+0) +0.519927536<x209>[B] (+0) -0.519927536<x210>[B] (+1) +0.519927536<x211>[B] (+0) +0.519927536<x212>[B] (+0) -0.519927536<x213>[B] (+0) +0.519927536<x214>[B] (+0) +0.519927536<x215>[B] (+0) +0.519927536<x216>[B] (+0) -0.519927536<x217>[B] (+0) +0.519927536<x218>[B] (+0) +0.519927536<x219>[B] (+0) +0.519927536<x220>[B] (+0) -0.519927536<x221>[B] (+0) +0.519927536<x222>[B] (+0) -0.519927536<x223>[B] (+0) +0.519927536<x224>[B] (+0) +0.519927536<x225>[B] (+0) -0.519927536<x226>[B] (+0) -0.519927536<x227>[B] (+1) -0.519927536<x228>[B] (+0) -0.519927536<x229>[B] (+0) -0.519927536<x230>[B] (+0) -0.519927536<x231>[B] (+0) -0.519927536<x232>[B] (+0) -0.519927536<x233>[B] (+0) -0.519927536<x234>[B] (+0) -0.519927536<x235>[B] (+0) -0.519927536<x236>[B] (+1) -0.519927536<x237>[B] (+0) -0.519927536<x238>[B] (+0) -0.519927536<x239>[B] (+0) -0.519927536<x240>[B] (+0) +0.519927536<x241>[B] (+1) +0.519927536<x242>[B] (+0) +0.519927536<x243>[B] (+0) -0.519927536<x244>[B] (+1) +0.519927536<x245>[B] (+1) +0.519927536<x246>[B] (+1) +0.519927536<x247>[B] (+0) -0.519927536<x248>[B] (+1) -0.519927536<x249>[B] (+0) -0.519927536<x250>[B] (+0) -0.519927536<x251>[B] (+1) -0.519927536<x252>[B] (+0) -0.519927536<x253>[B] (+1) -0.519927536<x254>[B] (+0) -0.519927536<x255>[B] (+1) -0.519927536<x256>[B] (+0) -0.519927536<x257>[B] (+1) -0.519927536<x258>[B] (+1) -0.519927536<x259>[B] (+1) -0.519927536<x260>[B] (+0) -0.519927536<x261>[B] (+1) -0.519927536<x262>[B] (+1) +0.519927536<x263>[B] (+1) -0.519927536<x264>[B] (+1) -0.519927536<x265>[B] (+1) -0.519927536<x266>[B] (+1) +0.519927536<x267>[B] (+0) +0.519927536<x268>[B] (+0) +0.519927536<x269>[B] (+0) -0.519927536<x270>[B] (+0) -0.519927536<x271>[B] (+1) -0.519927536<x272>[B] (+0) -0.519927536<x273>[B] (+1) -0.519927536<x274>[B] (+0) -0.519927536<x275>[B] (+1) -0.519927536<x276>[B] (+1) >= 29.2463768115942;
;
violation: left hand side is violated by 0.0326086956521721
  [linear] <c4467>: <x302>[C] (+37.0416667) +0.519927536<x1>[B] (+1) -0.519927536<x2>[B] (+1) -0.519927536<x3>[B] (+1) -0.519927536<x4>[B] (+0) -0.519927536<x5>[B] (+1) +0.519927536<x6>[B] (+0) -0.519927536<x7>[B] (+0) +0.519927536<x8>[B] (+0) -0.519927536<x9>[B] (+0) +0.519927536<x10>[B] (+1) -0.519927536<x11>[B] (+0) -0.519927536<x12>[B] (+1) +0.519927536<x13>[B] (+1) +0.519927536<x14>[B] (+1) -0.519927536<x15>[B] (+0) +0.519927536<x16>[B] (+0) +0.519927536<x17>[B] (+0) -0.519927536<x18>[B] (+0) -0.519927536<x19>[B] (+1) +0.519927536<x20>[B] (+0) -0.519927536<x21>[B] (+0) -0.519927536<x22>[B] (+0) -0.519927536<x23>[B] (+0) -0.519927536<x24>[B] (+0) -0.519927536<x25>[B] (+0) -0.519927536<x26>[B] (+0) -0.519927536<x27>[B] (+1) +0.519927536<x28>[B] (+0) -0.519927536<x29>[B] (+0) -0.519927536<x30>[B] (+0) -0.519927536<x31>[B] (+0) -0.519927536<x32>[B] (+0) -0.519927536<x33>[B] (+0) -0.519927536<x34>[B] (+1) -0.519927536<x35>[B] (+0) +0.519927536<x36>[B] (+0) -0.519927536<x37>[B] (+0) +0.519927536<x38>[B] (+0) -0.519927536<x39>[B] (+0) -0.519927536<x40>[B] (+0) -0.519927536<x41>[B] (+1) -0.519927536<x42>[B] (+0) -0.519927536<x43>[B] (+0) -0.519927536<x44>[B] (+0) -0.519927536<x45>[B] (+0) -0.519927536<x46>[B] (+1) +0.519927536<x47>[B] (+0) +0.519927536<x48>[B] (+1) +0.519927536<x49>[B] (+0) -0.519927536<x50>[B] (+0) +0.519927536<x51>[B] (+0) -0.519927536<x52>[B] (+0) +0.519927536<x53>[B] (+1) +0.519927536<x54>[B] (+0) +0.519927536<x55>[B] (+1) +0.519927536<x56>[B] (+1) +0.519927536<x57>[B] (+1) -0.519927536<x58>[B] (+0) +0.519927536<x59>[B] (+0) +0.519927536<x60>[B] (+0) +0.519927536<x61>[B] (+0) -0.519927536<x62>[B] (+1) +0.519927536<x63>[B] (+0) +0.519927536<x64>[B] (+0) +0.519927536<x65>[B] (+0) -0.519927536<x66>[B] (+0) +0.519927536<x67>[B] (+0) +0.519927536<x68>[B] (+1) +0.519927536<x69>[B] (+0) -0.519927536<x70>[B] (+0) +0.519927536<x71>[B] (+0) -0.519927536<x72>[B] (+0) +0.519927536<x73>[B] (+0) +0.519927536<x74>[B] (+0) +0.519927536<x75>[B] (+1) +0.519927536<x76>[B] (+1) +0.519927536<x77>[B] (+0) -0.519927536<x78>[B] (+0) +0.519927536<x79>[B] (+0) +0.519927536<x80>[B] (+0) +0.519927536<x81>[B] (+0) -0.519927536<x82>[B] (+1) +0.519927536<x83>[B] (+0) +0.519927536<x84>[B] (+0) +0.519927536<x85>[B] (+0) -0.519927536<x86>[B] (+0) +0.519927536<x87>[B] (+1) +0.519927536<x88>[B] (+0) -0.519927536<x89>[B] (+1) +0.519927536<x90>[B] (+0) -0.519927536<x91>[B] (+0) +0.519927536<x92>[B] (+1) -0.519927536<x93>[B] (+1) -0.519927536<x94>[B] (+1) +0.519927536<x95>[B] (+1) +0.519927536<x96>[B] (+1) -0.519927536<x97>[B] (+0) +0.519927536<x98>[B] (+0) +0.519927536<x99>[B] (+0) +0.519927536<x100>[B] (+0) -0.519927536<x101>[B] (+1) +0.519927536<x102>[B] (+0) +0.519927536<x103>[B] (+0) +0.519927536<x104>[B] (+0) -0.519927536<x105>[B] (+0) +0.519927536<x106>[B] (+0) -0.519927536<x107>[B] (+0) +0.519927536<x108>[B] (+0) -0.519927536<x109>[B] (+0) +0.519927536<x110>[B] (+0) -0.519927536<x111>[B] (+0) -0.519927536<x112>[B] (+0) +0.519927536<x113>[B] (+0) +0.519927536<x114>[B] (+0) -0.519927536<x115>[B] (+0) +0.519927536<x116>[B] (+0) +0.519927536<x117>[B] (+0) -0.519927536<x118>[B] (+0) -0.519927536<x119>[B] (+0) +0.519927536<x120>[B] (+0) -0.519927536<x121>[B] (+0) -0.519927536<x122>[B] (+0) -0.519927536<x123>[B] (+0) -0.519927536<x124>[B] (+1) -0.519927536<x125>[B] (+0) -0.519927536<x126>[B] (+0) -0.519927536<x127>[B] (+1) -0.519927536<x128>[B] (+1) -0.519927536<x129>[B] (+1) -0.519927536<x130>[B] (+1) +0.519927536<x131>[B] (+1) -0.519927536<x132>[B] (+1) -0.519927536<x133>[B] (+1) -0.519927536<x134>[B] (+0) -0.519927536<x135>[B] (+0) -0.519927536<x136>[B] (+1) -0.519927536<x137>[B] (+1) -0.519927536<x138>[B] (+1) -0.519927536<x139>[B] (+0) -0.519927536<x140>[B] (+1) +0.519927536<x141>[B] (+0) -0.519927536<x142>[B] (+0) +0.519927536<x143>[B] (+1) +0.519927536<x144>[B] (+1) +0.519927536<x145>[B] (+1) +0.519927536<x146>[B] (+1) +0.519927536<x147>[B] (+1) +0.519927536<x148>[B] (+0) +0.519927536<x149>[B] (+0) +0.519927536<x150>[B] (+0) +0.519927536<x151>[B] (+0) +0.519927536<x152>[B] (+1) +0.519927536<x153>[B] (+0) +0.519927536<x154>[B] (+0) +0.519927536<x155>[B] (+0) -0.519927536<x156>[B] (+0) -0.519927536<x157>[B] (+1) +0.519927536<x158>[B] (+1) -0.519927536<x159>[B] (+1) -0.519927536<x160>[B] (+1) +0.519927536<x161>[B] (+1) +0.519927536<x162>[B] (+1) -0.519927536<x163>[B] (+1) +0.519927536<x164>[B] (+1) +0.519927536<x165>[B] (+1) -0.519927536<x166>[B] (+1) -0.519927536<x167>[B] (+1) +0.519927536<x168>[B] (+1) -0.519927536<x169>[B] (+1) -0.519927536<x170>[B] (+1) -0.519927536<x171>[B] (+1) +0.519927536<x172>[B] (+1) +0.519927536<x173>[B] (+1) +0.519927536<x174>[B] (+1) +0.519927536<x175>[B] (+1) +0.519927536<x176>[B] (+1) +0.519927536<x177>[B] (+1) +0.519927536<x178>[B] (+1) +0.519927536<x179>[B] (+1) +0.519927536<x180>[B] (+0) +0.519927536<x181>[B] (+1) +0.519927536<x182>[B] (+1) +0.519927536<x183>[B] (+1) +0.519927536<x184>[B] (+0) -0.519927536<x185>[B] (+1) -0.519927536<x186>[B] (+0) -0.519927536<x187>[B] (+1) -0.519927536<x188>[B] (+1) +0.519927536<x189>[B] (+0) -0.519927536<x190>[B] (+0) +0.519927536<x191>[B] (+0) +0.519927536<x192>[B] (+0) -0.519927536<x193>[B] (+0) -0.519927536<x194>[B] (+1) -0.519927536<x195>[B] (+0) -0.519927536<x196>[B] (+0) -0.519927536<x197>[B] (+0) -0.519927536<x198>[B] (+0) -0.519927536<x199>[B] (+1) +0.519927536<x200>[B] (+1) +0.519927536<x201>[B] (+1) -0.519927536<x202>[B] (+0) +0.519927536<x203>[B] (+0) +0.519927536<x204>[B] (+0) +0.519927536<x205>[B] (+0) -0.519927536<x206>[B] (+1) +0.519927536<x207>[B] (+0) +0.519927536<x208>[B] (+0) +0.519927536<x209>[B] (+0) -0.519927536<x210>[B] (+0) +0.519927536<x211>[B] (+0) +0.519927536<x212>[B] (+0) -0.519927536<x213>[B] (+0) +0.519927536<x214>[B] (+0) +0.519927536<x215>[B] (+0) +0.519927536<x216>[B] (+0) -0.519927536<x217>[B] (+0) +0.519927536<x218>[B] (+0) +0.519927536<x219>[B] (+0) +0.519927536<x220>[B] (+0) -0.519927536<x221>[B] (+0) +0.519927536<x222>[B] (+0) -0.519927536<x223>[B] (+0) +0.519927536<x224>[B] (+0) +0.519927536<x225>[B] (+0) -0.519927536<x226>[B] (+0) -0.519927536<x227>[B] (+1) -0.519927536<x228>[B] (+0) -0.519927536<x229>[B] (+0) -0.519927536<x230>[B] (+0) -0.519927536<x231>[B] (+0) -0.519927536<x232>[B] (+0) -0.519927536<x233>[B] (+0) -0.519927536<x234>[B] (+0) -0.519927536<x235>[B] (+0) -0.519927536<x236>[B] (+1) -0.519927536<x237>[B] (+0) -0.519927536<x238>[B] (+0) -0.519927536<x239>[B] (+0) -0.519927536<x240>[B] (+0) +0.519927536<x241>[B] (+0) +0.519927536<x242>[B] (+0) +0.519927536<x243>[B] (+0) -0.519927536<x244>[B] (+1) +0.519927536<x245>[B] (+0) +0.519927536<x246>[B] (+0) +0.519927536<x247>[B] (+0) -0.519927536<x248>[B] (+0) -0.519927536<x249>[B] (+0) -0.519927536<x250>[B] (+0) -0.519927536<x251>[B] (+1) -0.519927536<x252>[B] (+0) -0.519927536<x253>[B] (+1) -0.519927536<x254>[B] (+0) -0.519927536<x255>[B] (+1) -0.519927536<x256>[B] (+0) -0.519927536<x257>[B] (+1) -0.519927536<x258>[B] (+1) -0.519927536<x259>[B] (+1) -0.519927536<x260>[B] (+0) -0.519927536<x261>[B] (+1) -0.519927536<x262>[B] (+1) +0.519927536<x263>[B] (+1) -0.519927536<x264>[B] (+1) -0.519927536<x265>[B] (+1) -0.519927536<x266>[B] (+1) +0.519927536<x267>[B] (+0) +0.519927536<x268>[B] (+0) +0.519927536<x269>[B] (+0) -0.519927536<x270>[B] (+0) -0.519927536<x271>[B] (+1) -0.519927536<x272>[B] (+0) -0.519927536<x273>[B] (+1) -0.519927536<x274>[B] (+0) -0.519927536<x275>[B] (+0) -0.519927536<x276>[B] (+1) >= 29.2463768115942;
;
violation: left hand side is violated by 0.00362318840577558
  [linear] <c4453>: <x277>[C] (+39.6594203) +0.530797101<x1>[B] (+1) +0.530797101<x2>[B] (+0) +0.530797101<x3>[B] (+1) +0.530797101<x4>[B] (+0) +0.530797101<x5>[B] (+1) +0.530797101<x6>[B] (+0) +0.530797101<x7>[B] (+0) +0.530797101<x8>[B] (+0) +0.530797101<x9>[B] (+0) +0.530797101<x10>[B] (+1) +0.530797101<x11>[B] (+0) -0.530797101<x12>[B] (+1) +0.530797101<x13>[B] (+1) +0.530797101<x14>[B] (+0) +0.530797101<x15>[B] (+0) +0.530797101<x16>[B] (+0) +0.530797101<x17>[B] (+0) +0.530797101<x18>[B] (+0) +0.530797101<x19>[B] (+1) +0.530797101<x20>[B] (+0) +0.530797101<x21>[B] (+0) +0.530797101<x22>[B] (+0) +0.530797101<x23>[B] (+0) +0.530797101<x24>[B] (+0) +0.530797101<x25>[B] (+0) -0.530797101<x26>[B] (+0) -0.530797101<x27>[B] (+1) -0.530797101<x28>[B] (+0) +0.530797101<x29>[B] (+0) +0.530797101<x30>[B] (+0) +0.530797101<x31>[B] (+0) +0.530797101<x32>[B] (+0) +0.530797101<x33>[B] (+0) -0.530797101<x34>[B] (+1) -0.530797101<x35>[B] (+1) +0.530797101<x36>[B] (+0) -0.530797101<x37>[B] (+0) +0.530797101<x38>[B] (+0) +0.530797101<x39>[B] (+0) +0.530797101<x40>[B] (+0) +0.530797101<x41>[B] (+1) -0.530797101<x42>[B] (+0) +0.530797101<x43>[B] (+0) -0.530797101<x44>[B] (+0) +0.530797101<x45>[B] (+0) -0.530797101<x46>[B] (+1) -0.530797101<x47>[B] (+0) -0.530797101<x48>[B] (+1) -0.530797101<x49>[B] (+0) +0.530797101<x50>[B] (+0) -0.530797101<x51>[B] (+0) -0.530797101<x52>[B] (+0) -0.530797101<x53>[B] (+1) -0.530797101<x54>[B] (+0) -0.530797101<x55>[B] (+1) -0.530797101<x56>[B] (+1) -0.530797101<x57>[B] (+1) -0.530797101<x58>[B] (+0) -0.530797101<x59>[B] (+0) -0.530797101<x60>[B] (+0) -0.530797101<x61>[B] (+0) -0.530797101<x62>[B] (+1) -0.530797101<x63>[B] (+0) +0.530797101<x64>[B] (+0) -0.530797101<x65>[B] (+0) -0.530797101<x66>[B] (+0) -0.530797101<x67>[B] (+0) -0.530797101<x68>[B] (+1) -0.530797101<x69>[B] (+0) +0.530797101<x70>[B] (+0) +0.530797101<x71>[B] (+0) -0.530797101<x72>[B] (+0) +0.530797101<x73>[B] (+0) +0.530797101<x74>[B] (+0) -0.530797101<x75>[B] (+1) -0.530797101<x76>[B] (+1) -0.530797101<x77>[B] (+0) -0.530797101<x78>[B] (+0) -0.530797101<x79>[B] (+0) +0.530797101<x80>[B] (+0) +0.530797101<x81>[B] (+0) +0.530797101<x82>[B] (+1) -0.530797101<x83>[B] (+0) +0.530797101<x84>[B] (+0) -0.530797101<x85>[B] (+0) -0.530797101<x86>[B] (+0) +0.530797101<x87>[B] (+1) -0.530797101<x88>[B] (+0) +0.530797101<x89>[B] (+1) +0.530797101<x90>[B] (+0) +0.530797101<x91>[B] (+0) +0.530797101<x92>[B] (+1) +0.530797101<x93>[B] (+1) -0.530797101<x94>[B] (+1) +0.530797101<x95>[B] (+1) +0.530797101<x96>[B] (+1) +0.530797101<x97>[B] (+0) +0.530797101<x98>[B] (+1) +0.530797101<x99>[B] (+0) +0.530797101<x100>[B] (+0) +0.530797101<x101>[B] (+1) -0.530797101<x102>[B] (+0) +0.530797101<x103>[B] (+0) -0.530797101<x104>[B] (+0) +0.530797101<x105>[B] (+1) -0.530797101<x106>[B] (+0) +0.530797101<x107>[B] (+0) +0.530797101<x108>[B] (+0) +0.530797101<x109>[B] (+0) +0.530797101<x110>[B] (+0) +0.530797101<x111>[B] (+0) -0.530797101<x112>[B] (+0) -0.530797101<x113>[B] (+0) +0.530797101<x114>[B] (+0) -0.530797101<x115>[B] (+0) +0.530797101<x116>[B] (+0) +0.530797101<x117>[B] (+0) +0.530797101<x118>[B] (+0) +0.530797101<x119>[B] (+0) -0.530797101<x120>[B] (+0) +0.530797101<x121>[B] (+0) -0.530797101<x122>[B] (+0) +0.530797101<x123>[B] (+0) +0.530797101<x124>[B] (+1) +0.530797101<x125>[B] (+0) +0.530797101<x126>[B] (+0) +0.530797101<x127>[B] (+1) +0.530797101<x128>[B] (+1) -0.530797101<x129>[B] (+1) +0.530797101<x130>[B] (+1) +0.530797101<x131>[B] (+1) +0.530797101<x132>[B] (+1) +0.530797101<x133>[B] (+1) +0.530797101<x134>[B] (+1) +0.530797101<x135>[B] (+0) +0.530797101<x136>[B] (+1) +0.530797101<x137>[B] (+1) +0.530797101<x138>[B] (+1) +0.530797101<x139>[B] (+0) +0.530797101<x140>[B] (+1) -0.530797101<x141>[B] (+0) -0.530797101<x142>[B] (+0) -0.530797101<x143>[B] (+1) -0.530797101<x144>[B] (+1) -0.530797101<x145>[B] (+1) -0.530797101<x146>[B] (+1) -0.530797101<x147>[B] (+1) -0.530797101<x148>[B] (+0) -0.530797101<x149>[B] (+0) -0.530797101<x150>[B] (+0) -0.530797101<x151>[B] (+0) -0.530797101<x152>[B] (+1) -0.530797101<x153>[B] (+0) -0.530797101<x154>[B] (+0) -0.530797101<x155>[B] (+0) -0.530797101<x156>[B] (+1) -0.530797101<x157>[B] (+1) +0.530797101<x158>[B] (+1) +0.530797101<x159>[B] (+1) -0.530797101<x160>[B] (+1) -0.530797101<x161>[B] (+1) -0.530797101<x162>[B] (+1) -0.530797101<x163>[B] (+1) -0.530797101<x164>[B] (+1) -0.530797101<x165>[B] (+1) +0.530797101<x166>[B] (+1) +0.530797101<x167>[B] (+1) -0.530797101<x168>[B] (+1) +0.530797101<x169>[B] (+1) -0.530797101<x170>[B] (+1) -0.530797101<x171>[B] (+1) +0.530797101<x172>[B] (+1) +0.530797101<x173>[B] (+1) -0.530797101<x174>[B] (+1) -0.530797101<x175>[B] (+1) +0.530797101<x176>[B] (+1) -0.530797101<x177>[B] (+1) +0.530797101<x178>[B] (+1) +0.530797101<x179>[B] (+1) +0.530797101<x180>[B] (+0) +0.530797101<x181>[B] (+1) -0.530797101<x182>[B] (+1) +0.530797101<x183>[B] (+1) -0.530797101<x184>[B] (+0) +0.530797101<x185>[B] (+1) -0.530797101<x186>[B] (+0) -0.530797101<x187>[B] (+1) -0.530797101<x188>[B] (+1) -0.530797101<x189>[B] (+0) -0.530797101<x190>[B] (+0) -0.530797101<x191>[B] (+0) -0.530797101<x192>[B] (+0) +0.530797101<x193>[B] (+0) +0.530797101<x194>[B] (+1) -0.530797101<x195>[B] (+0) +0.530797101<x196>[B] (+0) -0.530797101<x197>[B] (+0) -0.530797101<x198>[B] (+0) -0.530797101<x199>[B] (+1) -0.530797101<x200>[B] (+1) -0.530797101<x201>[B] (+1) -0.530797101<x202>[B] (+0) -0.530797101<x203>[B] (+0) -0.530797101<x204>[B] (+0) +0.530797101<x205>[B] (+0) +0.530797101<x206>[B] (+1) -0.530797101<x207>[B] (+0) +0.530797101<x208>[B] (+0) -0.530797101<x209>[B] (+0) -0.530797101<x210>[B] (+1) +0.530797101<x211>[B] (+0) +0.530797101<x212>[B] (+0) +0.530797101<x213>[B] (+0) +0.530797101<x214>[B] (+0) +0.530797101<x215>[B] (+0) +0.530797101<x216>[B] (+0) +0.530797101<x217>[B] (+0) +0.530797101<x218>[B] (+0) +0.530797101<x219>[B] (+0) +0.530797101<x220>[B] (+0) +0.530797101<x221>[B] (+0) +0.530797101<x222>[B] (+0) -0.530797101<x223>[B] (+0) +0.530797101<x224>[B] (+0) +0.530797101<x225>[B] (+0) +0.530797101<x226>[B] (+0) +0.530797101<x227>[B] (+1) -0.530797101<x228>[B] (+0) +0.530797101<x229>[B] (+0) -0.530797101<x230>[B] (+0) +0.530797101<x231>[B] (+0) -0.530797101<x232>[B] (+0) +0.530797101<x233>[B] (+0) +0.530797101<x234>[B] (+0) +0.530797101<x235>[B] (+0) +0.530797101<x236>[B] (+1) -0.530797101<x237>[B] (+0) +0.530797101<x238>[B] (+0) -0.530797101<x239>[B] (+0) +0.530797101<x240>[B] (+0) +0.530797101<x241>[B] (+1) +0.530797101<x242>[B] (+1) +0.530797101<x243>[B] (+0) +0.530797101<x244>[B] (+1) -0.530797101<x245>[B] (+1) +0.530797101<x246>[B] (+0) -0.530797101<x247>[B] (+0) +0.530797101<x248>[B] (+1) +0.530797101<x249>[B] (+0) +0.530797101<x250>[B] (+0) +0.530797101<x251>[B] (+1) -0.530797101<x252>[B] (+0) +0.530797101<x253>[B] (+0) -0.530797101<x254>[B] (+0) -0.530797101<x255>[B] (+1) +0.530797101<x256>[B] (+0) +0.530797101<x257>[B] (+1) -0.530797101<x258>[B] (+1) +0.530797101<x259>[B] (+0) -0.530797101<x260>[B] (+0) -0.530797101<x261>[B] (+1) +0.530797101<x262>[B] (+1) -0.530797101<x263>[B] (+1) +0.530797101<x264>[B] (+1) -0.530797101<x265>[B] (+1) -0.530797101<x266>[B] (+1) -0.530797101<x267>[B] (+0) +0.530797101<x268>[B] (+0) -0.530797101<x269>[B] (+0) -0.530797101<x270>[B] (+0) +0.530797101<x271>[B] (+0) +0.530797101<x272>[B] (+0) +0.530797101<x273>[B] (+1) -0.530797101<x274>[B] (+0) -0.530797101<x275>[B] (+1) +0.530797101<x276>[B] (+1) >= 42.3315217391304;
;
violation: left hand side is violated by 0.0181159420290342
  [linear] <c4467>: <x302>[C] (+37.0416667) +0.519927536<x1>[B] (+1) -0.519927536<x2>[B] (+1) -0.519927536<x3>[B] (+1) -0.519927536<x4>[B] (+0) -0.519927536<x5>[B] (+1) +0.519927536<x6>[B] (+0) -0.519927536<x7>[B] (+0) +0.519927536<x8>[B] (+0) -0.519927536<x9>[B] (+0) +0.519927536<x10>[B] (+1) -0.519927536<x11>[B] (+0) -0.519927536<x12>[B] (+1) +0.519927536<x13>[B] (+1) +0.519927536<x14>[B] (+1) -0.519927536<x15>[B] (+0) +0.519927536<x16>[B] (+0) +0.519927536<x17>[B] (+0) -0.519927536<x18>[B] (+0) -0.519927536<x19>[B] (+1) +0.519927536<x20>[B] (+0) -0.519927536<x21>[B] (+1) -0.519927536<x22>[B] (+0) -0.519927536<x23>[B] (+1) -0.519927536<x24>[B] (+0) -0.519927536<x25>[B] (+0) -0.519927536<x26>[B] (+0) -0.519927536<x27>[B] (+1) +0.519927536<x28>[B] (+0) -0.519927536<x29>[B] (+0) -0.519927536<x30>[B] (+0) -0.519927536<x31>[B] (+0) -0.519927536<x32>[B] (+0) -0.519927536<x33>[B] (+0) -0.519927536<x34>[B] (+1) -0.519927536<x35>[B] (+0) +0.519927536<x36>[B] (+0) -0.519927536<x37>[B] (+0) +0.519927536<x38>[B] (+0) -0.519927536<x39>[B] (+0) -0.519927536<x40>[B] (+0) -0.519927536<x41>[B] (+1) -0.519927536<x42>[B] (+0) -0.519927536<x43>[B] (+0) -0.519927536<x44>[B] (+0) -0.519927536<x45>[B] (+0) -0.519927536<x46>[B] (+1) +0.519927536<x47>[B] (+0) +0.519927536<x48>[B] (+1) +0.519927536<x49>[B] (+0) -0.519927536<x50>[B] (+0) +0.519927536<x51>[B] (+0) -0.519927536<x52>[B] (+0) +0.519927536<x53>[B] (+1) +0.519927536<x54>[B] (+0) +0.519927536<x55>[B] (+1) +0.519927536<x56>[B] (+1) +0.519927536<x57>[B] (+1) -0.519927536<x58>[B] (+0) +0.519927536<x59>[B] (+0) +0.519927536<x60>[B] (+0) +0.519927536<x61>[B] (+0) -0.519927536<x62>[B] (+1) +0.519927536<x63>[B] (+0) +0.519927536<x64>[B] (+0) +0.519927536<x65>[B] (+0) -0.519927536<x66>[B] (+0) +0.519927536<x67>[B] (+0) +0.519927536<x68>[B] (+1) +0.519927536<x69>[B] (+0) -0.519927536<x70>[B] (+0) +0.519927536<x71>[B] (+0) -0.519927536<x72>[B] (+0) +0.519927536<x73>[B] (+0) +0.519927536<x74>[B] (+0) +0.519927536<x75>[B] (+1) +0.519927536<x76>[B] (+0) +0.519927536<x77>[B] (+0) -0.519927536<x78>[B] (+0) +0.519927536<x79>[B] (+0) +0.519927536<x80>[B] (+0) +0.519927536<x81>[B] (+0) -0.519927536<x82>[B] (+1) +0.519927536<x83>[B] (+0) +0.519927536<x84>[B] (+0) +0.519927536<x85>[B] (+0) -0.519927536<x86>[B] (+0) +0.519927536<x87>[B] (+1) +0.519927536<x88>[B] (+0) -0.519927536<x89>[B] (+1) +0.519927536<x90>[B] (+0) -0.519927536<x91>[B] (+0) +0.519927536<x92>[B] (+1) -0.519927536<x93>[B] (+1) -0.519927536<x94>[B] (+1) +0.519927536<x95>[B] (+1) +0.519927536<x96>[B] (+1) -0.519927536<x97>[B] (+0) +0.519927536<x98>[B] (+0) +0.519927536<x99>[B] (+0) +0.519927536<x100>[B] (+0) -0.519927536<x101>[B] (+1) +0.519927536<x102>[B] (+0) +0.519927536<x103>[B] (+1) +0.519927536<x104>[B] (+0) -0.519927536<x105>[B] (+1) +0.519927536<x106>[B] (+0) -0.519927536<x107>[B] (+0) +0.519927536<x108>[B] (+0) -0.519927536<x109>[B] (+0) +0.519927536<x110>[B] (+0) -0.519927536<x111>[B] (+0) -0.519927536<x112>[B] (+0) +0.519927536<x113>[B] (+0) +0.519927536<x114>[B] (+0) -0.519927536<x115>[B] (+0) +0.519927536<x116>[B] (+0) +0.519927536<x117>[B] (+0) -0.519927536<x118>[B] (+0) -0.519927536<x119>[B] (+0) +0.519927536<x120>[B] (+0) -0.519927536<x121>[B] (+0) -0.519927536<x122>[B] (+0) -0.519927536<x123>[B] (+0) -0.519927536<x124>[B] (+1) -0.519927536<x125>[B] (+0) -0.519927536<x126>[B] (+0) -0.519927536<x127>[B] (+1) -0.519927536<x128>[B] (+1) -0.519927536<x129>[B] (+1) -0.519927536<x130>[B] (+1) +0.519927536<x131>[B] (+1) -0.519927536<x132>[B] (+1) -0.519927536<x133>[B] (+1) -0.519927536<x134>[B] (+1) -0.519927536<x135>[B] (+0) -0.519927536<x136>[B] (+1) -0.519927536<x137>[B] (+1) -0.519927536<x138>[B] (+1) -0.519927536<x139>[B] (+0) -0.519927536<x140>[B] (+1) +0.519927536<x141>[B] (+0) -0.519927536<x142>[B] (+0) +0.519927536<x143>[B] (+1) +0.519927536<x144>[B] (+1) +0.519927536<x145>[B] (+1) +0.519927536<x146>[B] (+1) +0.519927536<x147>[B] (+1) +0.519927536<x148>[B] (+0) +0.519927536<x149>[B] (+0) +0.519927536<x150>[B] (+0) +0.519927536<x151>[B] (+0) +0.519927536<x152>[B] (+1) +0.519927536<x153>[B] (+0) +0.519927536<x154>[B] (+1) +0.519927536<x155>[B] (+0) -0.519927536<x156>[B] (+1) -0.519927536<x157>[B] (+1) +0.519927536<x158>[B] (+1) -0.519927536<x159>[B] (+1) -0.519927536<x160>[B] (+1) +0.519927536<x161>[B] (+1) +0.519927536<x162>[B] (+1) -0.519927536<x163>[B] (+1) +0.519927536<x164>[B] (+1) +0.519927536<x165>[B] (+1) -0.519927536<x166>[B] (+1) -0.519927536<x167>[B] (+1) +0.519927536<x168>[B] (+1) -0.519927536<x169>[B] (+1) -0.519927536<x170>[B] (+1) -0.519927536<x171>[B] (+1) +0.519927536<x172>[B] (+1) +0.519927536<x173>[B] (+1) +0.519927536<x174>[B] (+1) +0.519927536<x175>[B] (+1) +0.519927536<x176>[B] (+1) +0.519927536<x177>[B] (+1) +0.519927536<x178>[B] (+1) +0.519927536<x179>[B] (+1) +0.519927536<x180>[B] (+0) +0.519927536<x181>[B] (+1) +0.519927536<x182>[B] (+1) +0.519927536<x183>[B] (+1) +0.519927536<x184>[B] (+0) -0.519927536<x185>[B] (+1) -0.519927536<x186>[B] (+0) -0.519927536<x187>[B] (+1) -0.519927536<x188>[B] (+0) +0.519927536<x189>[B] (+0) -0.519927536<x190>[B] (+0) +0.519927536<x191>[B] (+0) +0.519927536<x192>[B] (+0) -0.519927536<x193>[B] (+0) -0.519927536<x194>[B] (+1) -0.519927536<x195>[B] (+0) -0.519927536<x196>[B] (+0) -0.519927536<x197>[B] (+0) -0.519927536<x198>[B] (+0) -0.519927536<x199>[B] (+1) +0.519927536<x200>[B] (+1) +0.519927536<x201>[B] (+1) -0.519927536<x202>[B] (+0) +0.519927536<x203>[B] (+0) +0.519927536<x204>[B] (+0) +0.519927536<x205>[B] (+0) -0.519927536<x206>[B] (+1) +0.519927536<x207>[B] (+0) +0.519927536<x208>[B] (+1) +0.519927536<x209>[B] (+0) -0.519927536<x210>[B] (+1) +0.519927536<x211>[B] (+0) +0.519927536<x212>[B] (+0) -0.519927536<x213>[B] (+0) +0.519927536<x214>[B] (+0) +0.519927536<x215>[B] (+0) +0.519927536<x216>[B] (+0) -0.519927536<x217>[B] (+0) +0.519927536<x218>[B] (+0) +0.519927536<x219>[B] (+0) +0.519927536<x220>[B] (+0) -0.519927536<x221>[B] (+0) +0.519927536<x222>[B] (+1) -0.519927536<x223>[B] (+0) +0.519927536<x224>[B] (+0) +0.519927536<x225>[B] (+0) -0.519927536<x226>[B] (+0) -0.519927536<x227>[B] (+1) -0.519927536<x228>[B] (+0) -0.519927536<x229>[B] (+0) -0.519927536<x230>[B] (+0) -0.519927536<x231>[B] (+0) -0.519927536<x232>[B] (+0) -0.519927536<x233>[B] (+0) -0.519927536<x234>[B] (+0) -0.519927536<x235>[B] (+0) -0.519927536<x236>[B] (+1) -0.519927536<x237>[B] (+0) -0.519927536<x238>[B] (+0) -0.519927536<x239>[B] (+0) -0.519927536<x240>[B] (+0) +0.519927536<x241>[B] (+1) +0.519927536<x242>[B] (+1) +0.519927536<x243>[B] (+0) -0.519927536<x244>[B] (+1) +0.519927536<x245>[B] (+1) +0.519927536<x246>[B] (+1) +0.519927536<x247>[B] (+0) -0.519927536<x248>[B] (+1) -0.519927536<x249>[B] (+0) -0.519927536<x250>[B] (+0) -0.519927536<x251>[B] (+1) -0.519927536<x252>[B] (+0) -0.519927536<x253>[B] (+1) -0.519927536<x254>[B] (+0) -0.519927536<x255>[B] (+1) -0.519927536<x256>[B] (+0) -0.519927536<x257>[B] (+1) -0.519927536<x258>[B] (+1) -0.519927536<x259>[B] (+1) -0.519927536<x260>[B] (+0) -0.519927536<x261>[B] (+1) -0.519927536<x262>[B] (+1) +0.519927536<x263>[B] (+1) -0.519927536<x264>[B] (+1) -0.519927536<x265>[B] (+1) -0.519927536<x266>[B] (+1) +0.519927536<x267>[B] (+0) +0.519927536<x268>[B] (+0) +0.519927536<x269>[B] (+0) -0.519927536<x270>[B] (+0) -0.519927536<x271>[B] (+1) -0.519927536<x272>[B] (+0) -0.519927536<x273>[B] (+1) -0.519927536<x274>[B] (+0) -0.519927536<x275>[B] (+1) -0.519927536<x276>[B] (+1) >= 29.2463768115942;
;
violation: left hand side is violated by 0.003623188405804
  [linear] <c4461>: <x292>[C] (+51.7192029) +0.614130435<x1>[B] (+1) +0.614130435<x2>[B] (+1) +0.614130435<x3>[B] (+1) -0.614130435<x4>[B] (+0) +0.614130435<x5>[B] (+1) +0.614130435<x6>[B] (+0) +0.614130435<x7>[B] (+0) +0.614130435<x8>[B] (+0) +0.614130435<x9>[B] (+0) +0.614130435<x10>[B] (+1) +0.614130435<x11>[B] (+0) +0.614130435<x12>[B] (+1) +0.614130435<x13>[B] (+1) -0.614130435<x14>[B] (+1) +0.614130435<x15>[B] (+0) +0.614130435<x16>[B] (+0) +0.614130435<x17>[B] (+0) +0.614130435<x18>[B] (+0) -0.614130435<x19>[B] (+1) -0.614130435<x20>[B] (+0) -0.614130435<x21>[B] (+1) +0.614130435<x22>[B] (+0) -0.614130435<x23>[B] (+1) -0.614130435<x24>[B] (+0) -0.614130435<x25>[B] (+0) -0.614130435<x26>[B] (+0) -0.614130435<x27>[B] (+1) -0.614130435<x28>[B] (+0) -0.614130435<x29>[B] (+0) +0.614130435<x30>[B] (+0) -0.614130435<x31>[B] (+0) -0.614130435<x32>[B] (+0) -0.614130435<x33>[B] (+0) -0.614130435<x34>[B] (+1) -0.614130435<x35>[B] (+0) -0.614130435<x36>[B] (+0) -0.614130435<x37>[B] (+0) -0.614130435<x38>[B] (+0) -0.614130435<x39>[B] (+0) -0.614130435<x40>[B] (+0) -0.614130435<x41>[B] (+1) -0.614130435<x42>[B] (+0) -0.614130435<x43>[B] (+0) -0.614130435<x44>[B] (+0) -0.614130435<x45>[B] (+0) +0.614130435<x46>[B] (+1) -0.614130435<x47>[B] (+0) -0.614130435<x48>[B] (+1) +0.614130435<x49>[B] (+0) +0.614130435<x50>[B] (+0) +0.614130435<x51>[B] (+0) +0.614130435<x52>[B] (+0) +0.614130435<x53>[B] (+1) +0.614130435<x54>[B] (+0) +0.614130435<x55>[B] (+1) -0.614130435<x56>[B] (+1) -0.614130435<x57>[B] (+1) +0.614130435<x58>[B] (+0) -0.614130435<x59>[B] (+0) -0.614130435<x60>[B] (+0) +0.614130435<x61>[B] (+0) -0.614130435<x62>[B] (+1) -0.614130435<x63>[B] (+0) -0.614130435<x64>[B] (+1) +0.614130435<x65>[B] (+0) -0.614130435<x66>[B] (+0) -0.614130435<x67>[B] (+0) -0.614130435<x68>[B] (+1) -0.614130435<x69>[B] (+0) -0.614130435<x70>[B] (+0) +0.614130435<x71>[B] (+0) +0.614130435<x72>[B] (+0) -0.614130435<x73>[B] (+1) -0.614130435<x74>[B] (+0) -0.614130435<x75>[B] (+1) -0.614130435<x76>[B] (+1) -0.614130435<x77>[B] (+1) -0.614130435<x78>[B] (+0) -0.614130435<x79>[B] (+0) -0.614130435<x80>[B] (+0) -0.614130435<x81>[B] (+0) -0.614130435<x82>[B] (+1) -0.614130435<x83>[B] (+0) -0.614130435<x84>[B] (+1) -0.614130435<x85>[B] (+0) -0.614130435<x86>[B] (+0) +0.614130435<x87>[B] (+1) +0.614130435<x88>[B] (+0) +0.614130435<x89>[B] (+1) +0.614130435<x90>[B] (+0) +0.614130435<x91>[B] (+0) +0.614130435<x92>[B] (+1) +0.614130435<x93>[B] (+1) +0.614130435<x94>[B] (+1) +0.614130435<x95>[B] (+1) +0.614130435<x96>[B] (+1) +0.614130435<x97>[B] (+0) +0.614130435<x98>[B] (+1) +0.614130435<x99>[B] (+1) +0.614130435<x100>[B] (+0) +0.614130435<x101>[B] (+1) +0.614130435<x102>[B] (+1) +0.614130435<x103>[B] (+1) +0.614130435<x104>[B] (+0) +0.614130435<x105>[B] (+1) +0.614130435<x106>[B] (+0) +0.614130435<x107>[B] (+0) +0.614130435<x108>[B] (+0) +0.614130435<x109>[B] (+0) +0.614130435<x110>[B] (+0) +0.614130435<x111>[B] (+0) +0.614130435<x112>[B] (+0) +0.614130435<x113>[B] (+0) -0.614130435<x114>[B] (+0) +0.614130435<x115>[B] (+0) +0.614130435<x116>[B] (+0) +0.614130435<x117>[B] (+0) +0.614130435<x118>[B] (+0) -0.614130435<x119>[B] (+0) -0.614130435<x120>[B] (+0) -0.614130435<x121>[B] (+0) +0.614130435<x122>[B] (+0) -0.614130435<x123>[B] (+0) -0.614130435<x124>[B] (+1) +0.614130435<x125>[B] (+0) +0.614130435<x126>[B] (+0) +0.614130435<x127>[B] (+1) +0.614130435<x128>[B] (+1) -0.614130435<x129>[B] (+1) -0.614130435<x130>[B] (+1) -0.614130435<x131>[B] (+1) +0.614130435<x132>[B] (+1) -0.614130435<x133>[B] (+1) -0.614130435<x134>[B] (+1) +0.614130435<x135>[B] (+0) -0.614130435<x136>[B] (+1) -0.614130435<x137>[B] (+1) -0.614130435<x138>[B] (+1) +0.614130435<x139>[B] (+0) -0.614130435<x140>[B] (+1) +0.614130435<x141>[B] (+0) +0.614130435<x142>[B] (+0) +0.614130435<x143>[B] (+1) +0.614130435<x144>[B] (+1) +0.614130435<x145>[B] (+1) -0.614130435<x146>[B] (+1) -0.614130435<x147>[B] (+1) +0.614130435<x148>[B] (+0) -0.614130435<x149>[B] (+0) -0.614130435<x150>[B] (+0) +0.614130435<x151>[B] (+0) -0.614130435<x152>[B] (+1) -0.614130435<x153>[B] (+0) -0.614130435<x154>[B] (+1) +0.614130435<x155>[B] (+0) -0.614130435<x156>[B] (+1) -0.614130435<x157>[B] (+1) -0.614130435<x158>[B] (+1) -0.614130435<x159>[B] (+1) -0.614130435<x160>[B] (+1) -0.614130435<x161>[B] (+1) -0.614130435<x162>[B] (+1) -0.614130435<x163>[B] (+1) -0.614130435<x164>[B] (+1) -0.614130435<x165>[B] (+1) -0.614130435<x166>[B] (+1) -0.614130435<x167>[B] (+1) -0.614130435<x168>[B] (+1) -0.614130435<x169>[B] (+1) -0.614130435<x170>[B] (+1) -0.614130435<x171>[B] (+1) -0.614130435<x172>[B] (+1) -0.614130435<x173>[B] (+1) -0.614130435<x174>[B] (+1) -0.614130435<x175>[B] (+1) -0.614130435<x176>[B] (+1) -0.614130435<x177>[B] (+1) -0.614130435<x178>[B] (+1) -0.614130435<x179>[B] (+1) -0.614130435<x180>[B] (+0) -0.614130435<x181>[B] (+1) -0.614130435<x182>[B] (+1) -0.614130435<x183>[B] (+1) -0.614130435<x184>[B] (+0) -0.614130435<x185>[B] (+1) +0.614130435<x186>[B] (+0) -0.614130435<x187>[B] (+1) -0.614130435<x188>[B] (+0) -0.614130435<x189>[B] (+0) +0.614130435<x190>[B] (+0) -0.614130435<x191>[B] (+0) -0.614130435<x192>[B] (+0) +0.614130435<x193>[B] (+0) -0.614130435<x194>[B] (+1) -0.614130435<x195>[B] (+0) -0.614130435<x196>[B] (+0) -0.614130435<x197>[B] (+0) -0.614130435<x198>[B] (+0) -0.614130435<x199>[B] (+1) -0.614130435<x200>[B] (+1) -0.614130435<x201>[B] (+1) -0.614130435<x202>[B] (+0) -0.614130435<x203>[B] (+0) -0.614130435<x204>[B] (+0) -0.614130435<x205>[B] (+0) -0.614130435<x206>[B] (+1) -0.614130435<x207>[B] (+0) -0.614130435<x208>[B] (+1) -0.614130435<x209>[B] (+0) -0.614130435<x210>[B] (+1) -0.614130435<x211>[B] (+0) -0.614130435<x212>[B] (+0) +0.614130435<x213>[B] (+0) -0.614130435<x214>[B] (+0) -0.614130435<x215>[B] (+0) +0.614130435<x216>[B] (+0) -0.614130435<x217>[B] (+0) -0.614130435<x218>[B] (+0) -0.614130435<x219>[B] (+0) +0.614130435<x220>[B] (+0) -0.614130435<x221>[B] (+0) -0.614130435<x222>[B] (+1) +0.614130435<x223>[B] (+0) -0.614130435<x224>[B] (+0) +0.614130435<x225>[B] (+0) +0.614130435<x226>[B] (+0) -0.614130435<x227>[B] (+1) -0.614130435<x228>[B] (+0) -0.614130435<x229>[B] (+0) +0.614130435<x230>[B] (+0) -0.614130435<x231>[B] (+0) +0.614130435<x232>[B] (+0) +0.614130435<x233>[B] (+0) +0.614130435<x234>[B] (+0) +0.614130435<x235>[B] (+0) +0.614130435<x236>[B] (+1) +0.614130435<x237>[B] (+0) -0.614130435<x238>[B] (+0) +0.614130435<x239>[B] (+0) +0.614130435<x240>[B] (+0) -0.614130435<x241>[B] (+1) -0.614130435<x242>[B] (+1) +0.614130435<x243>[B] (+0) -0.614130435<x244>[B] (+1) -0.614130435<x245>[B] (+1) -0.614130435<x246>[B] (+1) -0.614130435<x247>[B] (+0) -0.614130435<x248>[B] (+1) +0.614130435<x249>[B] (+0) +0.614130435<x250>[B] (+0) -0.614130435<x251>[B] (+1) -0.614130435<x252>[B] (+0) -0.614130435<x253>[B] (+1) +0.614130435<x254>[B] (+0) -0.614130435<x255>[B] (+1) +0.614130435<x256>[B] (+0) -0.614130435<x257>[B] (+1) -0.614130435<x258>[B] (+0) -0.614130435<x259>[B] (+1) +0.614130435<x260>[B] (+0) -0.614130435<x261>[B] (+1) -0.614130435<x262>[B] (+1) -0.614130435<x263>[B] (+1) -0.614130435<x264>[B] (+1) -0.614130435<x265>[B] (+1) -0.614130435<x266>[B] (+1) +0.614130435<x267>[B] (+0) -0.614130435<x268>[B] (+0) +0.614130435<x269>[B] (+0) +0.614130435<x270>[B] (+0) -0.614130435<x271>[B] (+1) +0.614130435<x272>[B] (+0) -0.614130435<x273>[B] (+1) +0.614130435<x274>[B] (+0) +0.614130435<x275>[B] (+0) -0.614130435<x276>[B] (+1) >= 14.2789855072464;
;
violation: left hand side is violated by 0.021739130434824
2/10 feasible solutions given by solution candidate storage, new primal bound -2.725496e+03

presolving:
   (0.0s) symmetry computation started: requiring (bin +, int +, cont +), (fixed: bin -, int -, cont -)
   (0.1s) no symmetry present (symcode time: 0.00)
presolving (0 rounds: 0 fast, 0 medium, 0 exhaustive):
 0 deleted vars, 0 deleted constraints, 0 added constraints, 0 tightened bounds, 0 added holes, 0 changed sides, 0 changed coefficients
 0 implications, 0 cliques, 0 implied integral variables (0 bin, 0 int, 0 cont)
presolved problem has 356 variables (276 bin, 0 int, 80 cont) and 4498 constraints
   4498 constraints of type <linear>
Presolving Time: 0.07
transformed 3/3 original solutions to the transformed problem space

 time | node  | left  |LP iter|LP it/n|mem/heur|mdpt |vars |cons |rows |cuts |sepa|confs|strbr|  dualbound   | primalbound  |  gap   | compl. 
  0.3s|     1 |     0 |  1203 |     - |   158M |   0 | 356 |4498 |4498 |   0 |  0 |   0 |   0 |-2.720114e+03 |-2.725496e+03 |   0.20%| unknown
  0.4s|     1 |     0 |  1203 |     - |   158M |   0 | 356 |4498 |3886 |   0 |  0 |   0 |   0 |-2.720114e+03 |-2.725496e+03 |   0.20%| unknown
  0.6s|     1 |     0 |  1228 |     - |   159M |   0 | 356 |4498 |3887 |   1 |  1 |   0 |   0 |-2.720133e+03 |-2.725496e+03 |   0.20%| unknown
  0.9s|     1 |     0 |  1237 |     - |   159M |   0 | 356 |4498 |3888 |   2 |  2 |   0 |   0 |-2.720139e+03 |-2.725496e+03 |   0.20%| unknown
  1.2s|     1 |     0 |  1258 |     - |   159M |   0 | 356 |4499 |3890 |   4 |  3 |   1 |   0 |-2.720151e+03 |-2.725496e+03 |   0.20%| unknown
  1.5s|     1 |     0 |  1297 |     - |   160M |   0 | 356 |4499 |3893 |   7 |  4 |   1 |   0 |-2.720179e+03 |-2.725496e+03 |   0.20%| unknown
  1.6s|     1 |     0 |  1297 |     - |   160M |   0 | 356 |4499 |3871 |   7 |  4 |   1 |   0 |-2.720179e+03 |-2.725496e+03 |   0.20%| unknown
  1.8s|     1 |     0 |  1332 |     - |   160M |   0 | 356 |4499 |3875 |  11 |  5 |   1 |   0 |-2.720197e+03 |-2.725496e+03 |   0.19%| unknown
  2.1s|     1 |     0 |  1374 |     - |   161M |   0 | 356 |4499 |3879 |  15 |  6 |   1 |   0 |-2.720207e+03 |-2.725496e+03 |   0.19%| unknown
  2.4s|     1 |     0 |  1418 |     - |   161M |   0 | 356 |4499 |3884 |  20 |  7 |   1 |   0 |-2.720229e+03 |-2.725496e+03 |   0.19%| unknown
  2.6s|     1 |     0 |  1446 |     - |   161M |   0 | 356 |4499 |3889 |  25 |  8 |   1 |   0 |-2.720254e+03 |-2.725496e+03 |   0.19%| unknown
  2.9s|     1 |     0 |  1515 |     - |   162M |   0 | 356 |4499 |3894 |  30 |  9 |   1 |   0 |-2.720310e+03 |-2.725496e+03 |   0.19%| unknown
  2.9s|     1 |     0 |  1515 |     - |   162M |   0 | 356 |4500 |3872 |  30 |  9 |   2 |   0 |-2.720310e+03 |-2.725496e+03 |   0.19%| unknown
  3.2s|     1 |     0 |  1554 |     - |   162M |   0 | 356 |4500 |3873 |  31 | 10 |   2 |   0 |-2.720330e+03 |-2.725496e+03 |   0.19%| unknown
  3.2s|     1 |     0 |  1579 |     - |   163M |   0 | 356 |4501 |3875 |  33 | 11 |   3 |   0 |-2.720336e+03 |-2.725496e+03 |   0.19%| unknown
 time | node  | left  |LP iter|LP it/n|mem/heur|mdpt |vars |cons |rows |cuts |sepa|confs|strbr|  dualbound   | primalbound  |  gap   | compl. 
  3.3s|     1 |     0 |  1579 |     - |   163M |   0 | 356 |3823 |3875 |  33 | 11 |   3 |   0 |-2.720336e+03 |-2.725496e+03 |   0.19%| unknown
  3.3s|     1 |     0 |  1582 |     - |   163M |   0 | 356 |3823 |3876 |  34 | 12 |   3 |   0 |-2.720336e+03 |-2.725496e+03 |   0.19%| unknown
  3.4s|     1 |     0 |  1612 |     - |   163M |   0 | 356 |3823 |3877 |  35 | 13 |   3 |   0 |-2.720349e+03 |-2.725496e+03 |   0.19%| unknown
  3.5s|     1 |     0 |  1624 |     - |   163M |   0 | 356 |3823 |3879 |  37 | 14 |   3 |   0 |-2.720352e+03 |-2.725496e+03 |   0.19%| unknown
  3.6s|     1 |     0 |  1646 |     - |   163M |   0 | 356 |3823 |3880 |  38 | 15 |   3 |   0 |-2.720372e+03 |-2.725496e+03 |   0.19%| unknown
L 4.3s|     1 |     0 |  2530 |     - |    rens|   0 | 356 |3830 |3880 |  38 | 16 |  10 |   0 |-2.720372e+03 |-2.725359e+03 |   0.18%| unknown
(run 1, node 1) restarting after 31 global fixings of integer variables

(restart) converted 38 cuts from the global cut pool into linear constraints

presolving:
presolving (0 rounds: 0 fast, 0 medium, 0 exhaustive):
 0 deleted vars, 0 deleted constraints, 0 added constraints, 0 tightened bounds, 0 added holes, 0 changed sides, 0 changed coefficients
 0 implications, 0 cliques, 0 implied integral variables (0 bin, 0 int, 0 cont)
presolved problem has 356 variables (276 bin, 0 int, 80 cont) and 3868 constraints
   3858 constraints of type <linear>
     10 constraints of type <logicor>
Presolving Time: 0.07
transformed 19/21 original solutions to the transformed problem space

 time | node  | left  |LP iter|LP it/n|mem/heur|mdpt |vars |cons |rows |cuts |sepa|confs|strbr|  dualbound   | primalbound  |  gap   | compl. 
  4.5s|     1 |     0 |  3876 |     - |   164M |   0 | 356 |3868 |3858 |   0 |  0 |  10 |   0 |-2.720372e+03 |-2.725359e+03 |   0.18%| unknown
  4.6s|     1 |     0 |  3876 |     - |   164M |   0 | 356 |3868 |3816 |   0 |  0 |  10 |   0 |-2.720372e+03 |-2.725359e+03 |   0.18%| unknown
  4.9s|     1 |     0 |  3887 |     - |   165M |   0 | 356 |3868 |3817 |   1 |  1 |  10 |   0 |-2.720377e+03 |-2.725359e+03 |   0.18%| unknown
  5.3s|     1 |     0 |  3913 |     - |   165M |   0 | 356 |3868 |3818 |   2 |  2 |  10 |   0 |-2.720381e+03 |-2.725359e+03 |   0.18%| unknown
  5.5s|     1 |     0 |  3958 |     - |   165M |   0 | 356 |3868 |3820 |   4 |  3 |  10 |   0 |-2.720417e+03 |-2.725359e+03 |   0.18%| unknown
  5.9s|     1 |     0 |  4009 |     - |   165M |   0 | 356 |3869 |3821 |   5 |  4 |  11 |   0 |-2.720437e+03 |-2.725359e+03 |   0.18%| unknown
  6.3s|     1 |     0 |  4053 |     - |   166M |   0 | 356 |3869 |3822 |   6 |  5 |  11 |   0 |-2.720447e+03 |-2.725359e+03 |   0.18%| unknown
  6.7s|     1 |     0 |  4081 |     - |   166M |   0 | 356 |3869 |3823 |   7 |  6 |  11 |   0 |-2.720457e+03 |-2.725359e+03 |   0.18%| unknown
  7.1s|     1 |     0 |  4101 |     - |   166M |   0 | 356 |3869 |3824 |   8 |  7 |  11 |   0 |-2.720459e+03 |-2.725359e+03 |   0.18%| unknown
  7.5s|     1 |     0 |  4106 |     - |   167M |   0 | 356 |3869 |3825 |   9 |  8 |  11 |   0 |-2.720459e+03 |-2.725359e+03 |   0.18%| unknown
  7.9s|     1 |     0 |  4173 |     - |   167M |   0 | 356 |3870 |3826 |  10 |  9 |  12 |   0 |-2.720470e+03 |-2.725359e+03 |   0.18%| unknown
  8.1s|     1 |     0 |  4217 |     - |   167M |   0 | 356 |3870 |3829 |  13 | 10 |  12 |   0 |-2.720496e+03 |-2.725359e+03 |   0.18%| unknown
  8.2s|     1 |     0 |  4236 |     - |   167M |   0 | 356 |3870 |3811 |  15 | 11 |  12 |   0 |-2.720497e+03 |-2.725359e+03 |   0.18%| unknown
 10.8s|     1 |     2 |  5181 |     - |   167M |   0 | 356 |3837 |3811 |  15 | 11 |  22 |  29 |-2.722596e+03 |-2.725359e+03 |   0.10%| unknown

SCIP Status        : problem is solved [optimal solution found]
Solving Time (sec) : 13.29
Solving Nodes      : 7 (total of 8 nodes in 2 runs)
Primal Bound       : -2.72535869565217e+03 (34 solutions)
Dual Bound         : -2.72535869565217e+03
Gap                : 0.00 %
