Loading instance...
Median ranking: [6, 4, 19, 23, 11, 1, 22, 3, 16, 17, 8, 18, 5, 14, 21, 20, 13, 24, 2, 7, 15, 10, 9, 12]
Mean ranking: [6, 4, 19, 11, 1, 23, 22, 3, 2, 15, 16, 17, 8, 5, 14, 18, 13, 21, 24, 20, 7, 10, 9, 12]
Actual error: 0.0033447123912664356
Weighted Kendall distance: 370.0
Normalized distance: 0.08043478260869565
s, 0 impls, 0 clqs, 0 implints
   (0.0s) symmetry computation started: requiring (bin +, int +, cont +), (fixed: bin -, int -, cont -)
   (0.0s) no symmetry present (symcode time: 0.00)
presolving (2 rounds: 2 fast, 2 medium, 1 exhaustive):
 0 deleted vars, 4048 deleted constraints, 2024 added constraints, 0 tightened bounds, 0 added holes, 0 changed sides, 0 changed coefficients
 0 implications, 0 cliques, 0 implied integral variables (0 bin, 0 int, 0 cont)
presolved problem has 276 variables (0 bin, 0 int, 276 cont) and 2024 constraints
   2024 constraints of type <linear>
Presolving Time: 0.02
transformed 3/3 original solutions to the transformed problem space

 time | node  | left  |LP iter|LP it/n|mem/heur|mdpt |vars |cons |rows |cuts |sepa|confs|strbr|  dualbound   | primalbound  |  gap   | compl. 
* 0.0s|     1 |     0 |    91 |     - |    LP  |   0 | 276 |2024 |2024 |   0 |  0 |   0 |   0 | 4.560000e+02 | 4.560000e+02 |   0.00%| unknown
  0.0s|     1 |     0 |    91 |     - |    12M |   0 | 276 |2024 |2024 |   0 |  0 |   0 |   0 | 4.560000e+02 | 4.560000e+02 |   0.00%| unknown

SCIP Status        : problem is solved [optimal solution found]
Solving Time (sec) : 0.03
Solving Nodes      : 1
Primal Bound       : +4.56000000000000e+02 (4 solutions)
Dual Bound         : +4.56000000000000e+02
Gap                : 0.00 %
feasible solution found by trivial heuristic after 0.0 seconds, objective value 1.620000e+02
presolving:
   (0.0s) running MILP presolver
   (0.0s) MILP presolver (2 rounds): 0 aggregations, 0 fixings, 0 bound changes
(round 1, medium)     0 del vars, 4048 del conss, 2024 add conss, 0 chg bounds, 0 chg sides, 0 chg coeffs, 0 upgd conss, 0 impls, 0 clqs, 0 implints
   (0.0s) probing: 51/276 (18.5%) - 0 fixings, 0 aggregations, 0 implications, 0 bound changes
   (0.0s) probing aborted: 50/50 successive totally useless probings
   (0.0s) symmetry computation started: requiring (bin +, int +, cont +), (fixed: bin -, int -, cont -)
   (0.0s) no symmetry present (symcode time: 0.00)
presolving (2 rounds: 2 fast, 2 medium, 1 exhaustive):
 0 deleted vars, 4048 deleted constraints, 2024 added constraints, 0 tightened bounds, 0 added holes, 0 changed sides, 0 changed coefficients
 0 implications, 0 cliques, 0 implied integral variables (0 bin, 0 int, 0 cont)
presolved problem has 276 variables (276 bin, 0 int, 0 cont) and 2024 constraints
   2024 constraints of type <linear>
transformed objective value is always integral (scale: 2)
Presolving Time: 0.02
transformed 2/2 original solutions to the transformed problem space

 time | node  | left  |LP iter|LP it/n|mem/heur|mdpt |vars |cons |rows |cuts |sepa|confs|strbr|  dualbound   | primalbound  |  gap   | compl. 
p 0.0s|     1 |     0 |     0 |     - |   locks|   0 | 276 |2024 |2024 |   0 |  0 |   0 |   0 | 5.120000e+02 | 2.800000e+02 |  82.86%| unknown
i 0.0s|     1 |     0 |     0 |     - |  oneopt|   0 | 276 |2024 |2024 |   0 |  0 |   0 |   0 | 5.120000e+02 | 3.000000e+02 |  70.67%| unknown
* 0.0s|     1 |     0 |    93 |     - |    LP  |   0 | 276 |2024 |2024 |   0 |  0 |   0 |   0 | 4.560000e+02 | 4.560000e+02 |   0.00%| unknown
  0.0s|     1 |     0 |    93 |     - |    12M |   0 | 276 |2024 |2024 |   0 |  0 |   0 |   0 | 4.560000e+02 | 4.560000e+02 |   0.00%| unknown

SCIP Status        : problem is solved [optimal solution found]
Solving Time (sec) : 0.03
Solving Nodes      : 1
Primal Bound       : +4.56000000000000e+02 (5 solutions)
Dual Bound         : +4.56000000000000e+02
Gap                : 0.00 %
feasible solution found by trivial heuristic after 0.2 seconds, objective value -1.999838e+06
presolving:
(round 1, fast)       0 del vars, 0 del conss, 0 add conss, 40 chg bounds, 0 chg sides, 0 chg coeffs, 0 upgd conss, 0 impls, 0 clqs, 0 implints
   (1.5s) running MILP presolver
   (1.7s) MILP presolver (2 rounds): 0 aggregations, 0 fixings, 0 bound changes
(round 2, medium)     0 del vars, 9568 del conss, 7544 add conss, 40 chg bounds, 0 chg sides, 0 chg coeffs, 0 upgd conss, 0 impls, 0 clqs, 0 implints
   (2.9s) symmetry computation started: requiring (bin +, int +, cont +), (fixed: bin -, int -, cont -)
   (3.3s) no symmetry present (symcode time: 0.04)
presolving (3 rounds: 3 fast, 2 medium, 1 exhaustive):
 0 deleted vars, 9568 deleted constraints, 7544 added constraints, 40 tightened bounds, 0 added holes, 0 changed sides, 0 changed coefficients
 0 implications, 0 cliques, 0 implied integral variables (0 bin, 0 int, 0 cont)
presolved problem has 296 variables (0 bin, 0 int, 296 cont) and 7544 constraints
   7544 constraints of type <linear>
Presolving Time: 3.26

 time | node  | left  |LP iter|LP it/n|mem/heur|mdpt |vars |cons |rows |cuts |sepa|confs|strbr|  dualbound   | primalbound  |  gap   | compl. 
t 3.4s|     1 |     0 |     0 |     - | trivial|   0 | 296 |7544 |   0 |   0 |  0 |   0 |   0 | 5.120000e+02 |-2.598000e+03 |    Inf | unknown
* 4.3s|     1 |     0 |   986 |     - |    LP  |   0 | 296 |7544 |7544 |   0 |  0 |   0 |   0 |-4.472981e+02 |-4.472981e+02 |   0.00%| unknown
  4.3s|     1 |     0 |   986 |     - |   705M |   0 | 296 |7544 |7544 |   0 |  0 |   0 |   0 |-4.472981e+02 |-4.472981e+02 |   0.00%| unknown

SCIP Status        : problem is solved [optimal solution found]
Solving Time (sec) : 4.34
Solving Nodes      : 1
Primal Bound       : -4.47298107890499e+02 (3 solutions)
Dual Bound         : -4.47298107890499e+02
Gap                : 0.00 %
feasible solution found by trivial heuristic after 0.1 seconds, objective value -1.999838e+06
presolving:
(round 1, fast)       0 del vars, 0 del conss, 0 add conss, 40 chg bounds, 0 chg sides, 0 chg coeffs, 0 upgd conss, 0 impls, 0 clqs, 0 implints
   (1.0s) running MILP presolver
   (1.4s) MILP presolver (2 rounds): 0 aggregations, 0 fixings, 0 bound changes
(round 2, medium)     0 del vars, 9568 del conss, 7544 add conss, 40 chg bounds, 0 chg sides, 0 chg coeffs, 0 upgd conss, 0 impls, 0 clqs, 0 implints
   (2.7s) probing: 51/276 (18.5%) - 0 fixings, 0 aggregations, 0 implications, 0 bound changes
   (2.7s) probing aborted: 50/50 successive totally useless probings
   (2.8s) symmetry computation started: requiring (bin +, int +, cont +), (fixed: bin -, int -, cont -)
   (3.2s) no symmetry present (symcode time: 0.03)
presolving (3 rounds: 3 fast, 2 medium, 1 exhaustive):
 0 deleted vars, 9568 deleted constraints, 7544 added constraints, 40 tightened bounds, 0 added holes, 0 changed sides, 0 changed coefficients
 0 implications, 0 cliques, 0 implied integral variables (0 bin, 0 int, 0 cont)
presolved problem has 296 variables (276 bin, 0 int, 20 cont) and 7544 constraints
   7544 constraints of type <linear>
Presolving Time: 3.19

 time | node  | left  |LP iter|LP it/n|mem/heur|mdpt |vars |cons |rows |cuts |sepa|confs|strbr|  dualbound   | primalbound  |  gap   | compl. 
t 3.3s|     1 |     0 |     0 |     - | trivial|   0 | 296 |7544 |   0 |   0 |  0 |   0 |   0 | 5.120000e+02 |-2.598000e+03 |    Inf | unknown
p 4.1s|     1 |     0 |    20 |     - |   locks|   0 | 296 |7544 |7544 |   0 |  0 |   0 |   0 | 5.120000e+02 |-8.043134e+02 |    Inf | unknown
  4.9s|     1 |     0 |  1006 |     - |   706M |   0 | 296 |7544 |7544 |   0 |  0 |   0 |   0 |-4.472981e+02 |-8.043134e+02 |  79.82%| unknown
r 5.0s|     1 |     0 |  1006 |     - |shifting|   0 | 296 |7544 |7544 |   0 |  0 |   0 |   0 |-4.472981e+02 |-4.730459e+02 |   5.76%| unknown
  5.2s|     1 |     0 |  1011 |     - |   707M |   0 | 296 |7544 |7545 |   1 |  1 |   0 |   0 |-4.473056e+02 |-4.730459e+02 |   5.75%| unknown
  5.4s|     1 |     0 |  1023 |     - |   708M |   0 | 296 |7544 |7547 |   3 |  2 |   0 |   0 |-4.473101e+02 |-4.730459e+02 |   5.75%| unknown
r 5.5s|     1 |     0 |  1023 |     - |shifting|   0 | 296 |7544 |7547 |   3 |  2 |   0 |   0 |-4.473101e+02 |-4.653251e+02 |   4.03%| unknown
  5.6s|     1 |     0 |  1042 |     - |   709M |   0 | 296 |7544 |7549 |   5 |  3 |   0 |   0 |-4.473145e+02 |-4.653251e+02 |   4.03%| unknown
r 5.7s|     1 |     0 |  1042 |     - |shifting|   0 | 296 |7545 |7549 |   5 |  3 |   1 |   0 |-4.473145e+02 |-4.648005e+02 |   3.91%| unknown
  5.8s|     1 |     0 |  1049 |     - |   710M |   0 | 296 |7545 |7550 |   6 |  4 |   1 |   0 |-4.473156e+02 |-4.648005e+02 |   3.91%| unknown
  6.1s|     1 |     0 |  1055 |     - |   710M |   0 | 296 |7545 |7551 |   7 |  5 |   1 |   0 |-4.473164e+02 |-4.648005e+02 |   3.91%| unknown
  6.4s|     1 |     0 |  1067 |     - |   711M |   0 | 296 |7545 |7552 |   8 |  6 |   1 |   0 |-4.473184e+02 |-4.648005e+02 |   3.91%| unknown
  6.6s|     1 |     0 |  1087 |     - |   712M |   0 | 296 |7545 |7553 |   9 |  7 |   1 |   0 |-4.473274e+02 |-4.648005e+02 |   3.91%| unknown
  6.9s|     1 |     0 |  1113 |     - |   713M |   0 | 296 |7545 |7555 |  11 |  8 |   1 |   0 |-4.473373e+02 |-4.648005e+02 |   3.90%| unknown
  7.1s|     1 |     0 |  1117 |     - |   714M |   0 | 296 |7545 |7556 |  12 |  9 |   1 |   0 |-4.473377e+02 |-4.648005e+02 |   3.90%| unknown
 time | node  | left  |LP iter|LP it/n|mem/heur|mdpt |vars |cons |rows |cuts |sepa|confs|strbr|  dualbound   | primalbound  |  gap   | compl. 
  7.4s|     1 |     0 |  1144 |     - |   714M |   0 | 296 |7545 |7557 |  13 | 10 |   1 |   0 |-4.473442e+02 |-4.648005e+02 |   3.90%| unknown
  7.6s|     1 |     0 |  1161 |     - |   715M |   0 | 296 |7545 |7558 |  14 | 11 |   1 |   0 |-4.473457e+02 |-4.648005e+02 |   3.90%| unknown
r 7.8s|     1 |     0 |  1215 |     - |intshift|   0 | 296 |7545 |7558 |  14 | 11 |   1 |   0 |-4.473457e+02 |-4.515018e+02 |   0.93%| unknown
d 8.3s|     1 |     0 |  1630 |     - |farkasdi|   0 | 296 |7545 |7558 |   0 | 11 |   1 |   0 |-4.473457e+02 |-4.484402e+02 |   0.24%| unknown
L 9.1s|     1 |     0 |  1862 |     - |    rens|   0 | 296 |7549 |7558 |  14 | 11 |   5 |   0 |-4.473457e+02 |-4.474873e+02 |   0.03%| unknown
  9.4s|     1 |     0 |  1862 |     - |   716M |   0 | 296 |7549 |7558 |  14 | 11 |   5 |   0 |-4.473457e+02 |-4.474873e+02 |   0.03%| unknown
  9.7s|     1 |     0 |  1862 |     - |   716M |   0 | 296 |7549 |6330 |  14 | 11 |   5 |   0 |-4.473457e+02 |-4.474873e+02 |   0.03%| unknown
  9.8s|     1 |     0 |  1862 |     - |   716M |   0 | 296 |5556 |6330 |  14 | 12 |   5 |   0 |-4.473457e+02 |-4.474873e+02 |   0.03%| unknown
(run 1, node 1) restarting after 173 global fixings of integer variables

(restart) converted 14 cuts from the global cut pool into linear constraints

presolving:
(round 1, fast)       173 del vars, 0 del conss, 0 add conss, 0 chg bounds, 791 chg sides, 824 chg coeffs, 0 upgd conss, 0 impls, 381 clqs, 0 implints
(round 2, fast)       173 del vars, 0 del conss, 0 add conss, 20 chg bounds, 791 chg sides, 824 chg coeffs, 0 upgd conss, 0 impls, 381 clqs, 0 implints
   (10.3s) running MILP presolver
   (10.5s) MILP presolver (3 rounds): 0 aggregations, 0 fixings, 20 bound changes
(round 3, medium)     173 del vars, 0 del conss, 0 add conss, 40 chg bounds, 791 chg sides, 824 chg coeffs, 0 upgd conss, 0 impls, 381 clqs, 0 implints
(round 4, fast)       173 del vars, 17 del conss, 0 add conss, 40 chg bounds, 956 chg sides, 1133 chg coeffs, 0 upgd conss, 0 impls, 381 clqs, 0 implints
(round 5, exhaustive) 173 del vars, 17 del conss, 0 add conss, 40 chg bounds, 956 chg sides, 1133 chg coeffs, 381 upgd conss, 0 impls, 381 clqs, 0 implints
presolving (6 rounds: 6 fast, 3 medium, 2 exhaustive):
 173 deleted vars, 18 deleted constraints, 0 added constraints, 40 tightened bounds, 0 added holes, 956 changed sides, 1134 changed coefficients
 0 implications, 381 cliques, 0 implied integral variables (0 bin, 0 int, 0 cont)
presolved problem has 123 variables (103 bin, 0 int, 20 cont) and 5552 constraints
    381 constraints of type <setppc>
   5169 constraints of type <linear>
      2 constraints of type <logicor>
Presolving Time: 4.31
transformed 16/19 original solutions to the transformed problem space

 time | node  | left  |LP iter|LP it/n|mem/heur|mdpt |vars |cons |rows |cuts |sepa|confs|strbr|  dualbound   | primalbound  |  gap   | compl. 
 12.3s|     1 |     0 |  2340 |     - |   732M |   0 | 123 |5553 |5548 |   0 |  0 |   5 |   0 |-4.473457e+02 |-4.474873e+02 |   0.03%| unknown
 12.4s|     1 |     0 |  2340 |     - |   732M |   0 | 123 |5553 |5383 |   0 |  0 |   5 |   0 |-4.473457e+02 |-4.474873e+02 |   0.03%| unknown
 12.5s|     1 |     0 |  2348 |     - |   733M |   0 | 123 |5434 |5246 |   1 |  1 |   5 |   0 |-4.473464e+02 |-4.474873e+02 |   0.03%| unknown
 12.6s|     1 |     0 |  2348 |     - |   733M |   0 | 123 |5434 |5223 |   1 |  1 |   5 |   0 |-4.473464e+02 |-4.474873e+02 |   0.03%| unknown
 12.7s|     1 |     0 |  2364 |     - |   733M |   0 | 123 |5322 |5224 |   2 |  2 |   5 |   0 |-4.473487e+02 |-4.474873e+02 |   0.03%| unknown
 12.9s|     1 |     0 |  2379 |     - |   734M |   0 | 123 |5322 |5225 |   3 |  3 |   5 |   0 |-4.473495e+02 |-4.474873e+02 |   0.03%| unknown
 13.1s|     1 |     0 |  2398 |     - |   734M |   0 | 123 |5322 |5227 |   5 |  4 |   5 |   0 |-4.473563e+02 |-4.474873e+02 |   0.03%| unknown
 13.3s|     1 |     0 |  2417 |     - |   735M |   0 | 123 |5321 |5230 |   8 |  5 |   5 |   0 |-4.473574e+02 |-4.474873e+02 |   0.03%| unknown
 13.5s|     1 |     0 |  2446 |     - |   736M |   0 | 123 |5321 |5233 |  11 |  6 |   5 |   0 |-4.473611e+02 |-4.474873e+02 |   0.03%| unknown
 13.7s|     1 |     0 |  2458 |     - |   736M |   0 | 123 |5321 |5234 |  12 |  7 |   5 |   0 |-4.473626e+02 |-4.474873e+02 |   0.03%| unknown
 13.9s|     1 |     0 |  2470 |     - |   737M |   0 | 123 |5321 |5236 |  14 |  8 |   5 |   0 |-4.473634e+02 |-4.474873e+02 |   0.03%| unknown
 14.1s|     1 |     0 |  2484 |     - |   737M |   0 | 123 |5321 |5239 |  17 |  9 |   5 |   0 |-4.473645e+02 |-4.474873e+02 |   0.03%| unknown
 14.3s|     1 |     0 |  2494 |     - |   738M |   0 | 123 |5321 |5240 |  18 | 10 |   5 |   0 |-4.473649e+02 |-4.474873e+02 |   0.03%| unknown
 14.5s|     1 |     0 |  2497 |     - |   738M |   0 | 123 |5321 |5239 |  19 | 11 |   5 |   0 |-4.473652e+02 |-4.474873e+02 |   0.03%| unknown
 14.6s|     1 |     0 |  2497 |     - |   737M |   0 | 123 |4901 |5239 |  19 | 11 |   5 |   0 |-4.473652e+02 |-4.474873e+02 |   0.03%| unknown
(run 2, node 1) restarting after 39 global fixings of integer variables

(restart) converted 19 cuts from the global cut pool into linear constraints

presolving:
(round 1, fast)       39 del vars, 12 del conss, 0 add conss, 1 chg bounds, 134 chg sides, 135 chg coeffs, 0 upgd conss, 0 impls, 176 clqs, 0 implints
(round 2, fast)       39 del vars, 15 del conss, 0 add conss, 1 chg bounds, 166 chg sides, 199 chg coeffs, 0 upgd conss, 0 impls, 176 clqs, 0 implints
(round 3, fast)       39 del vars, 15 del conss, 0 add conss, 21 chg bounds, 166 chg sides, 199 chg coeffs, 0 upgd conss, 0 impls, 176 clqs, 0 implints
   (15.0s) running MILP presolver
   (15.1s) MILP presolver (3 rounds): 0 aggregations, 0 fixings, 20 bound changes
(round 4, medium)     39 del vars, 15 del conss, 0 add conss, 41 chg bounds, 166 chg sides, 199 chg coeffs, 0 upgd conss, 0 impls, 176 clqs, 0 implints
(round 5, fast)       39 del vars, 48 del conss, 0 add conss, 41 chg bounds, 291 chg sides, 455 chg coeffs, 0 upgd conss, 0 impls, 176 clqs, 0 implints
(round 6, exhaustive) 39 del vars, 48 del conss, 0 add conss, 41 chg bounds, 291 chg sides, 455 chg coeffs, 66 upgd conss, 0 impls, 176 clqs, 0 implints
presolving (7 rounds: 7 fast, 3 medium, 2 exhaustive):
 39 deleted vars, 48 deleted constraints, 0 added constraints, 41 tightened bounds, 0 added holes, 291 changed sides, 455 changed coefficients
 0 implications, 176 cliques, 0 implied integral variables (0 bin, 0 int, 0 cont)
presolved problem has 84 variables (64 bin, 0 int, 20 cont) and 4877 constraints
    175 constraints of type <setppc>
   4700 constraints of type <linear>
      2 constraints of type <logicor>
Presolving Time: 4.88
transformed 29/32 original solutions to the transformed problem space

 time | node  | left  |LP iter|LP it/n|mem/heur|mdpt |vars |cons |rows |cuts |sepa|confs|strbr|  dualbound   | primalbound  |  gap   | compl. 
 15.6s|     1 |     0 |  2933 |     - |   771M |   0 |  84 |4877 |4870 |   0 |  0 |  11 |   0 |-4.474243e+02 |-4.474873e+02 |   0.01%| unknown
 15.7s|     1 |     0 |  2933 |     - |   771M |   0 |  84 |4877 |4778 |   0 |  0 |  11 |   0 |-4.474243e+02 |-4.474873e+02 |   0.01%| unknown
 15.7s|     1 |     0 |  2959 |     - |   771M |   0 |  84 |4829 |4738 |   2 |  1 |  11 |   0 |-4.474873e+02 |-4.474873e+02 |   0.00%| unknown
 15.7s|     1 |     0 |  2959 |     - |   771M |   0 |  84 |4829 |4738 |   2 |  1 |  11 |   0 |-4.474873e+02 |-4.474873e+02 |   0.00%| unknown

SCIP Status        : problem is solved [optimal solution found]
Solving Time (sec) : 15.73
Solving Nodes      : 1 (total of 3 nodes in 3 runs)
Primal Bound       : -4.47487318840580e+02 (33 solutions)
Dual Bound         : -4.47487318840580e+02
Gap                : 0.00 %
feasible solution found by trivial heuristic after 0.0 seconds, objective value 0.000000e+00
presolving:
   (0.0s) symmetry computation started: requiring (bin +, int +, cont +), (fixed: bin -, int -, cont -)
   (0.0s) symmetry computation finished: 19 generators found (max: 1500, log10 of symmetry group size: 18.39) (symcode time: 0.00)
dynamic symmetry handling statistics:
   orbitopal reduction:       no components
   orbital reduction:         no components
   lexicographic reduction:   no permutations
handled 1 out of 1 symmetry components
presolving (0 rounds: 0 fast, 0 medium, 0 exhaustive):
 0 deleted vars, 0 deleted constraints, 0 added constraints, 0 tightened bounds, 0 added holes, 0 changed sides, 0 changed coefficients
 0 implications, 0 cliques, 0 implied integral variables (0 bin, 0 int, 0 cont)
presolved problem has 296 variables (276 bin, 0 int, 20 cont) and 4067 constraints
   4067 constraints of type <linear>
Presolving Time: 0.00
transformed 2/2 original solutions to the transformed problem space

 time | node  | left  |LP iter|LP it/n|mem/heur|mdpt |vars |cons |rows |cuts |sepa|confs|strbr|  dualbound   | primalbound  |  gap   | compl. 
t 0.0s|     1 |     0 |     0 |     - | trivial|   0 | 296 |4048 |   0 |   0 |  0 |   0 |   0 | 5.120000e+02 | 1.620000e+02 | 216.05%| unknown
p 0.0s|     1 |     0 |     0 |     - |   locks|   0 | 296 |4048 |4048 |   0 |  0 |   0 |   0 | 5.120000e+02 | 1.740000e+02 | 194.25%| unknown
i 0.0s|     1 |     0 |     0 |     - |  oneopt|   0 | 296 |4048 |4048 |   0 |  0 |   0 |   0 | 5.120000e+02 | 3.440000e+02 |  48.84%| unknown
* 0.0s|     1 |     0 |    93 |     - |    LP  |   0 | 296 |4048 |4048 |   0 |  0 |   0 |   0 | 4.560000e+02 | 4.560000e+02 |   0.00%| unknown
  0.0s|     1 |     0 |    93 |     - |    15M |   0 | 296 |4048 |4048 |   0 |  0 |   0 |   0 | 4.560000e+02 | 4.560000e+02 |   0.00%| unknown

SCIP Status        : problem is solved [optimal solution found]
Solving Time (sec) : 0.02
Solving Nodes      : 1
Primal Bound       : +4.56000000000000e+02 (6 solutions)
Dual Bound         : +4.56000000000000e+02
Gap                : 0.00 %
  [linear] <c4049>: <x277>[C] (+0) +0.39673913<x1>[B] (+1) -0.39673913<x2>[B] (+1) +0.39673913<x3>[B] (+0) +0.39673913<x4>[B] (+1) +0.39673913<x5>[B] (+0) +0.39673913<x6>[B] (+1) +0.39673913<x7>[B] (+1) +0.39673913<x8>[B] (+1) +0.39673913<x9>[B] (+1) +0.39673913<x10>[B] (+0) +0.39673913<x11>[B] (+1) +0.39673913<x12>[B] (+1) -0.39673913<x13>[B] (+1) +0.39673913<x14>[B] (+1) +0.39673913<x15>[B] (+1) +0.39673913<x16>[B] (+1) +0.39673913<x17>[B] (+1) -0.39673913<x18>[B] (+0) +0.39673913<x19>[B] (+1) -0.39673913<x20>[B] (+1) -0.39673913<x21>[B] (+1) +0.39673913<x22>[B] (+0) +0.39673913<x23>[B] (+1) -0.39673913<x24>[B] (+0) -0.39673913<x25>[B] (+0) -0.39673913<x26>[B] (+0) -0.39673913<x27>[B] (+0) -0.39673913<x28>[B] (+1) -0.39673913<x29>[B] (+0) +0.39673913<x30>[B] (+1) -0.39673913<x31>[B] (+1) +0.39673913<x32>[B] (+0) -0.39673913<x33>[B] (+1) +0.39673913<x34>[B] (+0) -0.39673913<x35>[B] (+0) +0.39673913<x36>[B] (+1) -0.39673913<x37>[B] (+0) -0.39673913<x38>[B] (+0) -0.39673913<x39>[B] (+0) -0.39673913<x40>[B] (+0) +0.39673913<x41>[B] (+0) -0.39673913<x42>[B] (+0) -0.39673913<x43>[B] (+0) -0.39673913<x44>[B] (+0) -0.39673913<x45>[B] (+0) +0.39673913<x46>[B] (+0) +0.39673913<x47>[B] (+1) +0.39673913<x48>[B] (+0) +0.39673913<x49>[B] (+1) +0.39673913<x50>[B] (+1) +0.39673913<x51>[B] (+1) +0.39673913<x52>[B] (+1) +0.39673913<x53>[B] (+0) +0.39673913<x54>[B] (+1) +0.39673913<x55>[B] (+1) +0.39673913<x56>[B] (+1) +0.39673913<x57>[B] (+1) +0.39673913<x58>[B] (+1) +0.39673913<x59>[B] (+1) +0.39673913<x60>[B] (+1) -0.39673913<x61>[B] (+0) +0.39673913<x62>[B] (+1) -0.39673913<x63>[B] (+1) -0.39673913<x64>[B] (+0) +0.39673913<x65>[B] (+0) +0.39673913<x66>[B] (+1) +0.39673913<x67>[B] (+1) +0.39673913<x68>[B] (+0) -0.39673913<x69>[B] (+1) +0.39673913<x70>[B] (+1) +0.39673913<x71>[B] (+1) +0.39673913<x72>[B] (+1) +0.39673913<x73>[B] (+1) -0.39673913<x74>[B] (+1) +0.39673913<x75>[B] (+1) -0.39673913<x76>[B] (+1) +0.39673913<x77>[B] (+1) +0.39673913<x78>[B] (+1) -0.39673913<x79>[B] (+1) +0.39673913<x80>[B] (+1) -0.39673913<x81>[B] (+1) +0.39673913<x82>[B] (+1) -0.39673913<x83>[B] (+1) -0.39673913<x84>[B] (+1) +0.39673913<x85>[B] (+1) -0.39673913<x86>[B] (+1) +0.39673913<x87>[B] (+0) -0.39673913<x88>[B] (+1) +0.39673913<x89>[B] (+0) +0.39673913<x90>[B] (+1) -0.39673913<x91>[B] (+1) +0.39673913<x92>[B] (+0) -0.39673913<x93>[B] (+1) +0.39673913<x94>[B] (+1) -0.39673913<x95>[B] (+1) +0.39673913<x96>[B] (+1) +0.39673913<x97>[B] (+0) -0.39673913<x98>[B] (+0) +0.39673913<x99>[B] (+0) -0.39673913<x100>[B] (+0) +0.39673913<x101>[B] (+1) -0.39673913<x102>[B] (+1) -0.39673913<x103>[B] (+0) +0.39673913<x104>[B] (+0) -0.39673913<x105>[B] (+1) -0.39673913<x106>[B] (+1) -0.39673913<x107>[B] (+1) +0.39673913<x108>[B] (+1) -0.39673913<x109>[B] (+1) +0.39673913<x110>[B] (+1) -0.39673913<x111>[B] (+1) +0.39673913<x112>[B] (+1) -0.39673913<x113>[B] (+1) +0.39673913<x114>[B] (+1) -0.39673913<x115>[B] (+1) -0.39673913<x116>[B] (+1) -0.39673913<x117>[B] (+1) -0.39673913<x118>[B] (+1) +0.39673913<x119>[B] (+1) -0.39673913<x120>[B] (+1) -0.39673913<x121>[B] (+1) -0.39673913<x122>[B] (+1) -0.39673913<x123>[B] (+1) +0.39673913<x124>[B] (+0) +0.39673913<x125>[B] (+1) +0.39673913<x126>[B] (+1) +0.39673913<x127>[B] (+0) +0.39673913<x128>[B] (+1) +0.39673913<x129>[B] (+0) -0.39673913<x130>[B] (+0) +0.39673913<x131>[B] (+1) +0.39673913<x132>[B] (+0) +0.39673913<x133>[B] (+0) +0.39673913<x134>[B] (+0) -0.39673913<x135>[B] (+0) +0.39673913<x136>[B] (+0) -0.39673913<x137>[B] (+0) -0.39673913<x138>[B] (+0) +0.39673913<x139>[B] (+0) +0.39673913<x140>[B] (+0) +0.39673913<x141>[B] (+1) -0.39673913<x142>[B] (+1) +0.39673913<x143>[B] (+0) -0.39673913<x144>[B] (+1) +0.39673913<x145>[B] (+1) -0.39673913<x146>[B] (+1) +0.39673913<x147>[B] (+1) -0.39673913<x148>[B] (+0) -0.39673913<x149>[B] (+0) -0.39673913<x150>[B] (+1) -0.39673913<x151>[B] (+0) +0.39673913<x152>[B] (+1) -0.39673913<x153>[B] (+1) -0.39673913<x154>[B] (+0) -0.39673913<x155>[B] (+0) -0.39673913<x156>[B] (+1) -0.39673913<x157>[B] (+0) -0.39673913<x158>[B] (+0) -0.39673913<x159>[B] (+1) -0.39673913<x160>[B] (+0) -0.39673913<x161>[B] (+0) -0.39673913<x162>[B] (+0) -0.39673913<x163>[B] (+0) -0.39673913<x164>[B] (+0) -0.39673913<x165>[B] (+0) -0.39673913<x166>[B] (+0) -0.39673913<x167>[B] (+0) -0.39673913<x168>[B] (+0) -0.39673913<x169>[B] (+0) -0.39673913<x170>[B] (+0) -0.39673913<x171>[B] (+0) +0.39673913<x172>[B] (+0) -0.39673913<x173>[B] (+1) +0.39673913<x174>[B] (+0) -0.39673913<x175>[B] (+0) +0.39673913<x176>[B] (+0) +0.39673913<x177>[B] (+0) -0.39673913<x178>[B] (+0) +0.39673913<x179>[B] (+0) -0.39673913<x180>[B] (+0) +0.39673913<x181>[B] (+0) -0.39673913<x182>[B] (+0) -0.39673913<x183>[B] (+0) +0.39673913<x184>[B] (+0) -0.39673913<x185>[B] (+0) -0.39673913<x186>[B] (+1) +0.39673913<x187>[B] (+1) -0.39673913<x188>[B] (+1) +0.39673913<x189>[B] (+1) -0.39673913<x190>[B] (+1) -0.39673913<x191>[B] (+1) -0.39673913<x192>[B] (+1) -0.39673913<x193>[B] (+0) -0.39673913<x194>[B] (+1) -0.39673913<x195>[B] (+1) -0.39673913<x196>[B] (+1) -0.39673913<x197>[B] (+0) -0.39673913<x198>[B] (+1) +0.39673913<x199>[B] (+0) -0.39673913<x200>[B] (+0) +0.39673913<x201>[B] (+0) +0.39673913<x202>[B] (+0) -0.39673913<x203>[B] (+0) +0.39673913<x204>[B] (+0) -0.39673913<x205>[B] (+0) +0.39673913<x206>[B] (+0) -0.39673913<x207>[B] (+0) -0.39673913<x208>[B] (+0) +0.39673913<x209>[B] (+0) -0.39673913<x210>[B] (+0) -0.39673913<x211>[B] (+0) +0.39673913<x212>[B] (+1) -0.39673913<x213>[B] (+0) -0.39673913<x214>[B] (+0) -0.39673913<x215>[B] (+0) -0.39673913<x216>[B] (+0) -0.39673913<x217>[B] (+0) -0.39673913<x218>[B] (+0) -0.39673913<x219>[B] (+0) -0.39673913<x220>[B] (+0) -0.39673913<x221>[B] (+1) +0.39673913<x222>[B] (+1) +0.39673913<x223>[B] (+0) +0.39673913<x224>[B] (+0) +0.39673913<x225>[B] (+0) -0.39673913<x226>[B] (+0) +0.39673913<x227>[B] (+1) -0.39673913<x228>[B] (+1) -0.39673913<x229>[B] (+0) +0.39673913<x230>[B] (+0) +0.39673913<x231>[B] (+1) -0.39673913<x232>[B] (+0) -0.39673913<x233>[B] (+0) -0.39673913<x234>[B] (+0) -0.39673913<x235>[B] (+0) -0.39673913<x236>[B] (+0) -0.39673913<x237>[B] (+0) -0.39673913<x238>[B] (+0) -0.39673913<x239>[B] (+0) -0.39673913<x240>[B] (+0) -0.39673913<x241>[B] (+1) +0.39673913<x242>[B] (+1) -0.39673913<x243>[B] (+0) +0.39673913<x244>[B] (+1) -0.39673913<x245>[B] (+1) -0.39673913<x246>[B] (+0) -0.39673913<x247>[B] (+0) -0.39673913<x248>[B] (+1) +0.39673913<x249>[B] (+1) -0.39673913<x250>[B] (+0) +0.39673913<x251>[B] (+1) -0.39673913<x252>[B] (+1) -0.39673913<x253>[B] (+0) +0.39673913<x254>[B] (+0) +0.39673913<x255>[B] (+1) -0.39673913<x256>[B] (+0) +0.39673913<x257>[B] (+1) -0.39673913<x258>[B] (+1) -0.39673913<x259>[B] (+0) -0.39673913<x260>[B] (+0) -0.39673913<x261>[B] (+1) +0.39673913<x262>[B] (+1) +0.39673913<x263>[B] (+1) +0.39673913<x264>[B] (+1) +0.39673913<x265>[B] (+1) +0.39673913<x266>[B] (+1) -0.39673913<x267>[B] (+0) -0.39673913<x268>[B] (+0) -0.39673913<x269>[B] (+0) -0.39673913<x270>[B] (+1) -0.39673913<x271>[B] (+0) +0.39673913<x272>[B] (+0) +0.39673913<x273>[B] (+1) +0.39673913<x274>[B] (+0) +0.39673913<x275>[B] (+1) -0.39673913<x276>[B] (+1) >= 27.8713768115942;
;
violation: left hand side is violated by 21.9202898550725
  [linear] <c4049>: <x277>[C] (+0) +0.39673913<x1>[B] (+1) -0.39673913<x2>[B] (+1) +0.39673913<x3>[B] (+0) +0.39673913<x4>[B] (+1) +0.39673913<x5>[B] (+0) +0.39673913<x6>[B] (+1) +0.39673913<x7>[B] (+1) +0.39673913<x8>[B] (+1) +0.39673913<x9>[B] (+1) +0.39673913<x10>[B] (+1) +0.39673913<x11>[B] (+1) +0.39673913<x12>[B] (+1) -0.39673913<x13>[B] (+1) +0.39673913<x14>[B] (+1) +0.39673913<x15>[B] (+1) +0.39673913<x16>[B] (+1) +0.39673913<x17>[B] (+1) -0.39673913<x18>[B] (+0) +0.39673913<x19>[B] (+1) -0.39673913<x20>[B] (+1) -0.39673913<x21>[B] (+1) +0.39673913<x22>[B] (+1) +0.39673913<x23>[B] (+1) -0.39673913<x24>[B] (+0) -0.39673913<x25>[B] (+0) -0.39673913<x26>[B] (+0) -0.39673913<x27>[B] (+0) -0.39673913<x28>[B] (+0) -0.39673913<x29>[B] (+0) +0.39673913<x30>[B] (+0) -0.39673913<x31>[B] (+0) +0.39673913<x32>[B] (+0) -0.39673913<x33>[B] (+0) +0.39673913<x34>[B] (+0) -0.39673913<x35>[B] (+0) +0.39673913<x36>[B] (+0) -0.39673913<x37>[B] (+0) -0.39673913<x38>[B] (+0) -0.39673913<x39>[B] (+1) -0.39673913<x40>[B] (+0) +0.39673913<x41>[B] (+0) -0.39673913<x42>[B] (+0) -0.39673913<x43>[B] (+0) -0.39673913<x44>[B] (+0) -0.39673913<x45>[B] (+0) +0.39673913<x46>[B] (+0) +0.39673913<x47>[B] (+1) +0.39673913<x48>[B] (+0) +0.39673913<x49>[B] (+1) +0.39673913<x50>[B] (+1) +0.39673913<x51>[B] (+1) +0.39673913<x52>[B] (+1) +0.39673913<x53>[B] (+0) +0.39673913<x54>[B] (+1) +0.39673913<x55>[B] (+1) +0.39673913<x56>[B] (+1) +0.39673913<x57>[B] (+1) +0.39673913<x58>[B] (+1) +0.39673913<x59>[B] (+1) +0.39673913<x60>[B] (+1) -0.39673913<x61>[B] (+0) +0.39673913<x62>[B] (+1) -0.39673913<x63>[B] (+1) -0.39673913<x64>[B] (+1) +0.39673913<x65>[B] (+0) +0.39673913<x66>[B] (+1) +0.39673913<x67>[B] (+1) +0.39673913<x68>[B] (+0) -0.39673913<x69>[B] (+1) +0.39673913<x70>[B] (+1) +0.39673913<x71>[B] (+1) +0.39673913<x72>[B] (+1) +0.39673913<x73>[B] (+1) -0.39673913<x74>[B] (+1) +0.39673913<x75>[B] (+1) -0.39673913<x76>[B] (+1) +0.39673913<x77>[B] (+1) +0.39673913<x78>[B] (+1) -0.39673913<x79>[B] (+1) +0.39673913<x80>[B] (+1) -0.39673913<x81>[B] (+1) +0.39673913<x82>[B] (+1) -0.39673913<x83>[B] (+1) -0.39673913<x84>[B] (+1) +0.39673913<x85>[B] (+1) -0.39673913<x86>[B] (+1) +0.39673913<x87>[B] (+0) -0.39673913<x88>[B] (+1) +0.39673913<x89>[B] (+0) +0.39673913<x90>[B] (+0) -0.39673913<x91>[B] (+1) +0.39673913<x92>[B] (+0) -0.39673913<x93>[B] (+1) +0.39673913<x94>[B] (+0) -0.39673913<x95>[B] (+1) +0.39673913<x96>[B] (+0) +0.39673913<x97>[B] (+0) -0.39673913<x98>[B] (+0) +0.39673913<x99>[B] (+1) -0.39673913<x100>[B] (+0) +0.39673913<x101>[B] (+0) -0.39673913<x102>[B] (+0) -0.39673913<x103>[B] (+0) +0.39673913<x104>[B] (+0) -0.39673913<x105>[B] (+1) -0.39673913<x106>[B] (+1) -0.39673913<x107>[B] (+1) +0.39673913<x108>[B] (+1) -0.39673913<x109>[B] (+1) +0.39673913<x110>[B] (+1) -0.39673913<x111>[B] (+1) +0.39673913<x112>[B] (+1) -0.39673913<x113>[B] (+1) +0.39673913<x114>[B] (+1) -0.39673913<x115>[B] (+1) -0.39673913<x116>[B] (+1) -0.39673913<x117>[B] (+1) -0.39673913<x118>[B] (+1) +0.39673913<x119>[B] (+1) -0.39673913<x120>[B] (+1) -0.39673913<x121>[B] (+1) -0.39673913<x122>[B] (+1) -0.39673913<x123>[B] (+1) +0.39673913<x124>[B] (+0) +0.39673913<x125>[B] (+0) +0.39673913<x126>[B] (+1) +0.39673913<x127>[B] (+0) +0.39673913<x128>[B] (+1) +0.39673913<x129>[B] (+0) -0.39673913<x130>[B] (+0) +0.39673913<x131>[B] (+0) +0.39673913<x132>[B] (+0) +0.39673913<x133>[B] (+0) +0.39673913<x134>[B] (+1) -0.39673913<x135>[B] (+0) +0.39673913<x136>[B] (+0) -0.39673913<x137>[B] (+0) -0.39673913<x138>[B] (+0) +0.39673913<x139>[B] (+0) +0.39673913<x140>[B] (+1) +0.39673913<x141>[B] (+0) -0.39673913<x142>[B] (+1) +0.39673913<x143>[B] (+0) -0.39673913<x144>[B] (+1) +0.39673913<x145>[B] (+0) -0.39673913<x146>[B] (+1) +0.39673913<x147>[B] (+0) -0.39673913<x148>[B] (+0) -0.39673913<x149>[B] (+0) -0.39673913<x150>[B] (+1) -0.39673913<x151>[B] (+0) +0.39673913<x152>[B] (+0) -0.39673913<x153>[B] (+0) -0.39673913<x154>[B] (+0) -0.39673913<x155>[B] (+0) -0.39673913<x156>[B] (+1) -0.39673913<x157>[B] (+1) -0.39673913<x158>[B] (+0) -0.39673913<x159>[B] (+1) -0.39673913<x160>[B] (+1) -0.39673913<x161>[B] (+1) -0.39673913<x162>[B] (+1) -0.39673913<x163>[B] (+1) -0.39673913<x164>[B] (+1) -0.39673913<x165>[B] (+1) -0.39673913<x166>[B] (+0) -0.39673913<x167>[B] (+1) -0.39673913<x168>[B] (+1) -0.39673913<x169>[B] (+1) -0.39673913<x170>[B] (+0) -0.39673913<x171>[B] (+1) +0.39673913<x172>[B] (+0) -0.39673913<x173>[B] (+1) +0.39673913<x174>[B] (+0) -0.39673913<x175>[B] (+0) +0.39673913<x176>[B] (+0) +0.39673913<x177>[B] (+0) -0.39673913<x178>[B] (+0) +0.39673913<x179>[B] (+1) -0.39673913<x180>[B] (+0) +0.39673913<x181>[B] (+0) -0.39673913<x182>[B] (+0) -0.39673913<x183>[B] (+0) +0.39673913<x184>[B] (+0) -0.39673913<x185>[B] (+1) -0.39673913<x186>[B] (+1) +0.39673913<x187>[B] (+1) -0.39673913<x188>[B] (+1) +0.39673913<x189>[B] (+1) -0.39673913<x190>[B] (+1) -0.39673913<x191>[B] (+1) -0.39673913<x192>[B] (+1) -0.39673913<x193>[B] (+0) -0.39673913<x194>[B] (+1) -0.39673913<x195>[B] (+1) -0.39673913<x196>[B] (+1) -0.39673913<x197>[B] (+0) -0.39673913<x198>[B] (+1) +0.39673913<x199>[B] (+0) -0.39673913<x200>[B] (+0) +0.39673913<x201>[B] (+0) +0.39673913<x202>[B] (+0) -0.39673913<x203>[B] (+0) +0.39673913<x204>[B] (+1) -0.39673913<x205>[B] (+0) +0.39673913<x206>[B] (+0) -0.39673913<x207>[B] (+0) -0.39673913<x208>[B] (+0) +0.39673913<x209>[B] (+0) -0.39673913<x210>[B] (+0) -0.39673913<x211>[B] (+1) +0.39673913<x212>[B] (+1) -0.39673913<x213>[B] (+1) -0.39673913<x214>[B] (+1) -0.39673913<x215>[B] (+1) -0.39673913<x216>[B] (+0) -0.39673913<x217>[B] (+1) -0.39673913<x218>[B] (+1) -0.39673913<x219>[B] (+1) -0.39673913<x220>[B] (+0) -0.39673913<x221>[B] (+1) +0.39673913<x222>[B] (+0) +0.39673913<x223>[B] (+0) +0.39673913<x224>[B] (+0) +0.39673913<x225>[B] (+1) -0.39673913<x226>[B] (+0) +0.39673913<x227>[B] (+0) -0.39673913<x228>[B] (+0) -0.39673913<x229>[B] (+0) +0.39673913<x230>[B] (+0) +0.39673913<x231>[B] (+1) -0.39673913<x232>[B] (+1) -0.39673913<x233>[B] (+1) -0.39673913<x234>[B] (+1) -0.39673913<x235>[B] (+0) -0.39673913<x236>[B] (+1) -0.39673913<x237>[B] (+1) -0.39673913<x238>[B] (+1) -0.39673913<x239>[B] (+0) -0.39673913<x240>[B] (+1) -0.39673913<x241>[B] (+1) +0.39673913<x242>[B] (+1) -0.39673913<x243>[B] (+0) +0.39673913<x244>[B] (+1) -0.39673913<x245>[B] (+1) -0.39673913<x246>[B] (+1) -0.39673913<x247>[B] (+0) -0.39673913<x248>[B] (+1) +0.39673913<x249>[B] (+1) -0.39673913<x250>[B] (+0) +0.39673913<x251>[B] (+0) -0.39673913<x252>[B] (+0) -0.39673913<x253>[B] (+0) +0.39673913<x254>[B] (+0) +0.39673913<x255>[B] (+1) -0.39673913<x256>[B] (+0) +0.39673913<x257>[B] (+0) -0.39673913<x258>[B] (+0) -0.39673913<x259>[B] (+0) -0.39673913<x260>[B] (+0) -0.39673913<x261>[B] (+0) +0.39673913<x262>[B] (+1) +0.39673913<x263>[B] (+1) +0.39673913<x264>[B] (+1) +0.39673913<x265>[B] (+1) +0.39673913<x266>[B] (+1) -0.39673913<x267>[B] (+0) -0.39673913<x268>[B] (+1) -0.39673913<x269>[B] (+0) -0.39673913<x270>[B] (+1) -0.39673913<x271>[B] (+1) +0.39673913<x272>[B] (+0) +0.39673913<x273>[B] (+1) +0.39673913<x274>[B] (+0) +0.39673913<x275>[B] (+1) -0.39673913<x276>[B] (+1) >= 27.8713768115942;
;
violation: left hand side is violated by 33.8224637681159
  [linear] <c4049>: <x277>[C] (+0) +0.39673913<x1>[B] (+1) -0.39673913<x2>[B] (+0) +0.39673913<x3>[B] (+1) +0.39673913<x4>[B] (+1) +0.39673913<x5>[B] (+1) +0.39673913<x6>[B] (+1) +0.39673913<x7>[B] (+1) +0.39673913<x8>[B] (+1) +0.39673913<x9>[B] (+1) +0.39673913<x10>[B] (+1) +0.39673913<x11>[B] (+1) +0.39673913<x12>[B] (+1) -0.39673913<x13>[B] (+1) +0.39673913<x14>[B] (+1) +0.39673913<x15>[B] (+1) +0.39673913<x16>[B] (+1) +0.39673913<x17>[B] (+1) -0.39673913<x18>[B] (+1) +0.39673913<x19>[B] (+1) -0.39673913<x20>[B] (+1) -0.39673913<x21>[B] (+1) +0.39673913<x22>[B] (+1) +0.39673913<x23>[B] (+1) -0.39673913<x24>[B] (+0) -0.39673913<x25>[B] (+0) -0.39673913<x26>[B] (+0) -0.39673913<x27>[B] (+0) -0.39673913<x28>[B] (+0) -0.39673913<x29>[B] (+0) +0.39673913<x30>[B] (+0) -0.39673913<x31>[B] (+0) +0.39673913<x32>[B] (+0) -0.39673913<x33>[B] (+0) +0.39673913<x34>[B] (+0) -0.39673913<x35>[B] (+1) +0.39673913<x36>[B] (+0) -0.39673913<x37>[B] (+0) -0.39673913<x38>[B] (+0) -0.39673913<x39>[B] (+1) -0.39673913<x40>[B] (+0) +0.39673913<x41>[B] (+0) -0.39673913<x42>[B] (+0) -0.39673913<x43>[B] (+0) -0.39673913<x44>[B] (+0) -0.39673913<x45>[B] (+0) +0.39673913<x46>[B] (+1) +0.39673913<x47>[B] (+1) +0.39673913<x48>[B] (+1) +0.39673913<x49>[B] (+1) +0.39673913<x50>[B] (+1) +0.39673913<x51>[B] (+1) +0.39673913<x52>[B] (+1) +0.39673913<x53>[B] (+1) +0.39673913<x54>[B] (+1) +0.39673913<x55>[B] (+1) +0.39673913<x56>[B] (+1) +0.39673913<x57>[B] (+1) +0.39673913<x58>[B] (+1) +0.39673913<x59>[B] (+1) +0.39673913<x60>[B] (+1) -0.39673913<x61>[B] (+1) +0.39673913<x62>[B] (+1) -0.39673913<x63>[B] (+1) -0.39673913<x64>[B] (+1) +0.39673913<x65>[B] (+1) +0.39673913<x66>[B] (+1) +0.39673913<x67>[B] (+1) +0.39673913<x68>[B] (+0) -0.39673913<x69>[B] (+0) +0.39673913<x70>[B] (+0) +0.39673913<x71>[B] (+0) +0.39673913<x72>[B] (+0) +0.39673913<x73>[B] (+0) -0.39673913<x74>[B] (+1) +0.39673913<x75>[B] (+0) -0.39673913<x76>[B] (+1) +0.39673913<x77>[B] (+0) +0.39673913<x78>[B] (+0) -0.39673913<x79>[B] (+0) +0.39673913<x80>[B] (+1) -0.39673913<x81>[B] (+0) +0.39673913<x82>[B] (+0) -0.39673913<x83>[B] (+0) -0.39673913<x84>[B] (+0) +0.39673913<x85>[B] (+0) -0.39673913<x86>[B] (+0) +0.39673913<x87>[B] (+0) -0.39673913<x88>[B] (+0) +0.39673913<x89>[B] (+0) +0.39673913<x90>[B] (+0) -0.39673913<x91>[B] (+0) +0.39673913<x92>[B] (+0) -0.39673913<x93>[B] (+1) +0.39673913<x94>[B] (+0) -0.39673913<x95>[B] (+1) +0.39673913<x96>[B] (+0) +0.39673913<x97>[B] (+0) -0.39673913<x98>[B] (+0) +0.39673913<x99>[B] (+1) -0.39673913<x100>[B] (+0) +0.39673913<x101>[B] (+0) -0.39673913<x102>[B] (+0) -0.39673913<x103>[B] (+0) +0.39673913<x104>[B] (+0) -0.39673913<x105>[B] (+0) -0.39673913<x106>[B] (+1) -0.39673913<x107>[B] (+1) +0.39673913<x108>[B] (+1) -0.39673913<x109>[B] (+1) +0.39673913<x110>[B] (+1) -0.39673913<x111>[B] (+1) +0.39673913<x112>[B] (+1) -0.39673913<x113>[B] (+1) +0.39673913<x114>[B] (+1) -0.39673913<x115>[B] (+1) -0.39673913<x116>[B] (+1) -0.39673913<x117>[B] (+1) -0.39673913<x118>[B] (+1) +0.39673913<x119>[B] (+1) -0.39673913<x120>[B] (+1) -0.39673913<x121>[B] (+1) -0.39673913<x122>[B] (+0) -0.39673913<x123>[B] (+1) +0.39673913<x124>[B] (+1) +0.39673913<x125>[B] (+0) +0.39673913<x126>[B] (+1) +0.39673913<x127>[B] (+0) +0.39673913<x128>[B] (+1) +0.39673913<x129>[B] (+0) -0.39673913<x130>[B] (+1) +0.39673913<x131>[B] (+0) +0.39673913<x132>[B] (+0) +0.39673913<x133>[B] (+0) +0.39673913<x134>[B] (+1) -0.39673913<x135>[B] (+0) +0.39673913<x136>[B] (+0) -0.39673913<x137>[B] (+0) -0.39673913<x138>[B] (+0) +0.39673913<x139>[B] (+0) +0.39673913<x140>[B] (+1) +0.39673913<x141>[B] (+0) -0.39673913<x142>[B] (+1) +0.39673913<x143>[B] (+0) -0.39673913<x144>[B] (+1) +0.39673913<x145>[B] (+0) -0.39673913<x146>[B] (+1) +0.39673913<x147>[B] (+0) -0.39673913<x148>[B] (+0) -0.39673913<x149>[B] (+0) -0.39673913<x150>[B] (+1) -0.39673913<x151>[B] (+0) +0.39673913<x152>[B] (+0) -0.39673913<x153>[B] (+0) -0.39673913<x154>[B] (+0) -0.39673913<x155>[B] (+0) -0.39673913<x156>[B] (+1) -0.39673913<x157>[B] (+1) -0.39673913<x158>[B] (+1) -0.39673913<x159>[B] (+1) -0.39673913<x160>[B] (+1) -0.39673913<x161>[B] (+1) -0.39673913<x162>[B] (+1) -0.39673913<x163>[B] (+1) -0.39673913<x164>[B] (+1) -0.39673913<x165>[B] (+1) -0.39673913<x166>[B] (+1) -0.39673913<x167>[B] (+1) -0.39673913<x168>[B] (+1) -0.39673913<x169>[B] (+1) -0.39673913<x170>[B] (+0) -0.39673913<x171>[B] (+1) +0.39673913<x172>[B] (+0) -0.39673913<x173>[B] (+1) +0.39673913<x174>[B] (+0) -0.39673913<x175>[B] (+1) +0.39673913<x176>[B] (+0) +0.39673913<x177>[B] (+0) -0.39673913<x178>[B] (+0) +0.39673913<x179>[B] (+1) -0.39673913<x180>[B] (+0) +0.39673913<x181>[B] (+0) -0.39673913<x182>[B] (+0) -0.39673913<x183>[B] (+0) +0.39673913<x184>[B] (+0) -0.39673913<x185>[B] (+1) -0.39673913<x186>[B] (+1) +0.39673913<x187>[B] (+0) -0.39673913<x188>[B] (+1) +0.39673913<x189>[B] (+0) -0.39673913<x190>[B] (+1) -0.39673913<x191>[B] (+1) -0.39673913<x192>[B] (+1) -0.39673913<x193>[B] (+0) -0.39673913<x194>[B] (+1) -0.39673913<x195>[B] (+1) -0.39673913<x196>[B] (+1) -0.39673913<x197>[B] (+0) -0.39673913<x198>[B] (+1) +0.39673913<x199>[B] (+0) -0.39673913<x200>[B] (+1) +0.39673913<x201>[B] (+0) +0.39673913<x202>[B] (+0) -0.39673913<x203>[B] (+0) +0.39673913<x204>[B] (+1) -0.39673913<x205>[B] (+0) +0.39673913<x206>[B] (+0) -0.39673913<x207>[B] (+0) -0.39673913<x208>[B] (+0) +0.39673913<x209>[B] (+0) -0.39673913<x210>[B] (+0) -0.39673913<x211>[B] (+1) +0.39673913<x212>[B] (+1) -0.39673913<x213>[B] (+1) -0.39673913<x214>[B] (+1) -0.39673913<x215>[B] (+1) -0.39673913<x216>[B] (+0) -0.39673913<x217>[B] (+1) -0.39673913<x218>[B] (+1) -0.39673913<x219>[B] (+1) -0.39673913<x220>[B] (+0) -0.39673913<x221>[B] (+1) +0.39673913<x222>[B] (+0) +0.39673913<x223>[B] (+0) +0.39673913<x224>[B] (+0) +0.39673913<x225>[B] (+1) -0.39673913<x226>[B] (+0) +0.39673913<x227>[B] (+0) -0.39673913<x228>[B] (+0) -0.39673913<x229>[B] (+0) +0.39673913<x230>[B] (+0) +0.39673913<x231>[B] (+0) -0.39673913<x232>[B] (+1) -0.39673913<x233>[B] (+1) -0.39673913<x234>[B] (+1) -0.39673913<x235>[B] (+0) -0.39673913<x236>[B] (+1) -0.39673913<x237>[B] (+1) -0.39673913<x238>[B] (+1) -0.39673913<x239>[B] (+0) -0.39673913<x240>[B] (+1) -0.39673913<x241>[B] (+1) +0.39673913<x242>[B] (+1) -0.39673913<x243>[B] (+0) +0.39673913<x244>[B] (+1) -0.39673913<x245>[B] (+0) -0.39673913<x246>[B] (+1) -0.39673913<x247>[B] (+0) -0.39673913<x248>[B] (+1) +0.39673913<x249>[B] (+1) -0.39673913<x250>[B] (+0) +0.39673913<x251>[B] (+0) -0.39673913<x252>[B] (+0) -0.39673913<x253>[B] (+0) +0.39673913<x254>[B] (+0) +0.39673913<x255>[B] (+1) -0.39673913<x256>[B] (+0) +0.39673913<x257>[B] (+0) -0.39673913<x258>[B] (+0) -0.39673913<x259>[B] (+0) -0.39673913<x260>[B] (+0) -0.39673913<x261>[B] (+0) +0.39673913<x262>[B] (+1) +0.39673913<x263>[B] (+1) +0.39673913<x264>[B] (+1) +0.39673913<x265>[B] (+0) +0.39673913<x266>[B] (+1) -0.39673913<x267>[B] (+0) -0.39673913<x268>[B] (+1) -0.39673913<x269>[B] (+0) -0.39673913<x270>[B] (+1) -0.39673913<x271>[B] (+1) +0.39673913<x272>[B] (+0) +0.39673913<x273>[B] (+1) +0.39673913<x274>[B] (+0) +0.39673913<x275>[B] (+1) -0.39673913<x276>[B] (+1) >= 27.8713768115942;
;
violation: left hand side is violated by 34.6159420289855
  [linear] <c4049>: <x277>[C] (+0) +0.39673913<x1>[B] (+1) -0.39673913<x2>[B] (+1) +0.39673913<x3>[B] (+1) +0.39673913<x4>[B] (+1) +0.39673913<x5>[B] (+1) +0.39673913<x6>[B] (+1) +0.39673913<x7>[B] (+1) +0.39673913<x8>[B] (+1) +0.39673913<x9>[B] (+1) +0.39673913<x10>[B] (+1) +0.39673913<x11>[B] (+1) +0.39673913<x12>[B] (+1) -0.39673913<x13>[B] (+1) +0.39673913<x14>[B] (+1) +0.39673913<x15>[B] (+1) +0.39673913<x16>[B] (+1) +0.39673913<x17>[B] (+1) -0.39673913<x18>[B] (+1) +0.39673913<x19>[B] (+1) -0.39673913<x20>[B] (+1) -0.39673913<x21>[B] (+1) +0.39673913<x22>[B] (+1) +0.39673913<x23>[B] (+1) -0.39673913<x24>[B] (+1) -0.39673913<x25>[B] (+1) -0.39673913<x26>[B] (+1) -0.39673913<x27>[B] (+1) -0.39673913<x28>[B] (+1) -0.39673913<x29>[B] (+1) +0.39673913<x30>[B] (+1) -0.39673913<x31>[B] (+1) +0.39673913<x32>[B] (+1) -0.39673913<x33>[B] (+1) +0.39673913<x34>[B] (+1) -0.39673913<x35>[B] (+1) +0.39673913<x36>[B] (+1) -0.39673913<x37>[B] (+1) -0.39673913<x38>[B] (+1) -0.39673913<x39>[B] (+1) -0.39673913<x40>[B] (+1) +0.39673913<x41>[B] (+1) -0.39673913<x42>[B] (+1) -0.39673913<x43>[B] (+1) -0.39673913<x44>[B] (+1) -0.39673913<x45>[B] (+1) +0.39673913<x46>[B] (+1) +0.39673913<x47>[B] (+1) +0.39673913<x48>[B] (+1) +0.39673913<x49>[B] (+1) +0.39673913<x50>[B] (+1) +0.39673913<x51>[B] (+1) +0.39673913<x52>[B] (+1) +0.39673913<x53>[B] (+1) +0.39673913<x54>[B] (+1) +0.39673913<x55>[B] (+1) +0.39673913<x56>[B] (+1) +0.39673913<x57>[B] (+1) +0.39673913<x58>[B] (+1) +0.39673913<x59>[B] (+1) +0.39673913<x60>[B] (+1) -0.39673913<x61>[B] (+1) +0.39673913<x62>[B] (+1) -0.39673913<x63>[B] (+1) -0.39673913<x64>[B] (+1) +0.39673913<x65>[B] (+1) +0.39673913<x66>[B] (+1) +0.39673913<x67>[B] (+1) +0.39673913<x68>[B] (+1) -0.39673913<x69>[B] (+1) +0.39673913<x70>[B] (+1) +0.39673913<x71>[B] (+1) +0.39673913<x72>[B] (+1) +0.39673913<x73>[B] (+1) -0.39673913<x74>[B] (+1) +0.39673913<x75>[B] (+1) -0.39673913<x76>[B] (+1) +0.39673913<x77>[B] (+1) +0.39673913<x78>[B] (+1) -0.39673913<x79>[B] (+1) +0.39673913<x80>[B] (+1) -0.39673913<x81>[B] (+1) +0.39673913<x82>[B] (+1) -0.39673913<x83>[B] (+1) -0.39673913<x84>[B] (+1) +0.39673913<x85>[B] (+1) -0.39673913<x86>[B] (+1) +0.39673913<x87>[B] (+1) -0.39673913<x88>[B] (+1) +0.39673913<x89>[B] (+1) +0.39673913<x90>[B] (+1) -0.39673913<x91>[B] (+1) +0.39673913<x92>[B] (+1) -0.39673913<x93>[B] (+1) +0.39673913<x94>[B] (+1) -0.39673913<x95>[B] (+1) +0.39673913<x96>[B] (+1) +0.39673913<x97>[B] (+1) -0.39673913<x98>[B] (+1) +0.39673913<x99>[B] (+1) -0.39673913<x100>[B] (+1) +0.39673913<x101>[B] (+1) -0.39673913<x102>[B] (+1) -0.39673913<x103>[B] (+1) +0.39673913<x104>[B] (+1) -0.39673913<x105>[B] (+1) -0.39673913<x106>[B] (+1) -0.39673913<x107>[B] (+1) +0.39673913<x108>[B] (+1) -0.39673913<x109>[B] (+1) +0.39673913<x110>[B] (+1) -0.39673913<x111>[B] (+1) +0.39673913<x112>[B] (+1) -0.39673913<x113>[B] (+1) +0.39673913<x114>[B] (+1) -0.39673913<x115>[B] (+1) -0.39673913<x116>[B] (+1) -0.39673913<x117>[B] (+1) -0.39673913<x118>[B] (+1) +0.39673913<x119>[B] (+1) -0.39673913<x120>[B] (+1) -0.39673913<x121>[B] (+1) -0.39673913<x122>[B] (+1) -0.39673913<x123>[B] (+1) +0.39673913<x124>[B] (+1) +0.39673913<x125>[B] (+1) +0.39673913<x126>[B] (+1) +0.39673913<x127>[B] (+1) +0.39673913<x128>[B] (+1) +0.39673913<x129>[B] (+1) -0.39673913<x130>[B] (+1) +0.39673913<x131>[B] (+1) +0.39673913<x132>[B] (+1) +0.39673913<x133>[B] (+1) +0.39673913<x134>[B] (+1) -0.39673913<x135>[B] (+1) +0.39673913<x136>[B] (+1) -0.39673913<x137>[B] (+1) -0.39673913<x138>[B] (+1) +0.39673913<x139>[B] (+1) +0.39673913<x140>[B] (+1) +0.39673913<x141>[B] (+1) -0.39673913<x142>[B] (+1) +0.39673913<x143>[B] (+1) -0.39673913<x144>[B] (+1) +0.39673913<x145>[B] (+1) -0.39673913<x146>[B] (+1) +0.39673913<x147>[B] (+1) -0.39673913<x148>[B] (+1) -0.39673913<x149>[B] (+1) -0.39673913<x150>[B] (+1) -0.39673913<x151>[B] (+1) +0.39673913<x152>[B] (+1) -0.39673913<x153>[B] (+1) -0.39673913<x154>[B] (+1) -0.39673913<x155>[B] (+1) -0.39673913<x156>[B] (+1) -0.39673913<x157>[B] (+1) -0.39673913<x158>[B] (+1) -0.39673913<x159>[B] (+1) -0.39673913<x160>[B] (+1) -0.39673913<x161>[B] (+1) -0.39673913<x162>[B] (+1) -0.39673913<x163>[B] (+1) -0.39673913<x164>[B] (+1) -0.39673913<x165>[B] (+1) -0.39673913<x166>[B] (+1) -0.39673913<x167>[B] (+1) -0.39673913<x168>[B] (+1) -0.39673913<x169>[B] (+1) -0.39673913<x170>[B] (+1) -0.39673913<x171>[B] (+1) +0.39673913<x172>[B] (+1) -0.39673913<x173>[B] (+1) +0.39673913<x174>[B] (+1) -0.39673913<x175>[B] (+1) +0.39673913<x176>[B] (+1) +0.39673913<x177>[B] (+1) -0.39673913<x178>[B] (+1) +0.39673913<x179>[B] (+1) -0.39673913<x180>[B] (+1) +0.39673913<x181>[B] (+1) -0.39673913<x182>[B] (+1) -0.39673913<x183>[B] (+1) +0.39673913<x184>[B] (+1) -0.39673913<x185>[B] (+1) -0.39673913<x186>[B] (+1) +0.39673913<x187>[B] (+1) -0.39673913<x188>[B] (+1) +0.39673913<x189>[B] (+1) -0.39673913<x190>[B] (+1) -0.39673913<x191>[B] (+1) -0.39673913<x192>[B] (+1) -0.39673913<x193>[B] (+1) -0.39673913<x194>[B] (+1) -0.39673913<x195>[B] (+1) -0.39673913<x196>[B] (+1) -0.39673913<x197>[B] (+1) -0.39673913<x198>[B] (+1) +0.39673913<x199>[B] (+1) -0.39673913<x200>[B] (+1) +0.39673913<x201>[B] (+1) +0.39673913<x202>[B] (+1) -0.39673913<x203>[B] (+1) +0.39673913<x204>[B] (+1) -0.39673913<x205>[B] (+1) +0.39673913<x206>[B] (+1) -0.39673913<x207>[B] (+1) -0.39673913<x208>[B] (+1) +0.39673913<x209>[B] (+1) -0.39673913<x210>[B] (+1) -0.39673913<x211>[B] (+1) +0.39673913<x212>[B] (+1) -0.39673913<x213>[B] (+1) -0.39673913<x214>[B] (+1) -0.39673913<x215>[B] (+1) -0.39673913<x216>[B] (+1) -0.39673913<x217>[B] (+1) -0.39673913<x218>[B] (+1) -0.39673913<x219>[B] (+1) -0.39673913<x220>[B] (+1) -0.39673913<x221>[B] (+1) +0.39673913<x222>[B] (+1) +0.39673913<x223>[B] (+1) +0.39673913<x224>[B] (+1) +0.39673913<x225>[B] (+1) -0.39673913<x226>[B] (+1) +0.39673913<x227>[B] (+1) -0.39673913<x228>[B] (+1) -0.39673913<x229>[B] (+1) +0.39673913<x230>[B] (+1) +0.39673913<x231>[B] (+1) -0.39673913<x232>[B] (+1) -0.39673913<x233>[B] (+1) -0.39673913<x234>[B] (+1) -0.39673913<x235>[B] (+1) -0.39673913<x236>[B] (+1) -0.39673913<x237>[B] (+1) -0.39673913<x238>[B] (+1) -0.39673913<x239>[B] (+1) -0.39673913<x240>[B] (+1) -0.39673913<x241>[B] (+1) +0.39673913<x242>[B] (+1) -0.39673913<x243>[B] (+1) +0.39673913<x244>[B] (+1) -0.39673913<x245>[B] (+1) -0.39673913<x246>[B] (+1) -0.39673913<x247>[B] (+1) -0.39673913<x248>[B] (+1) +0.39673913<x249>[B] (+1) -0.39673913<x250>[B] (+1) +0.39673913<x251>[B] (+1) -0.39673913<x252>[B] (+1) -0.39673913<x253>[B] (+1) +0.39673913<x254>[B] (+1) +0.39673913<x255>[B] (+1) -0.39673913<x256>[B] (+1) +0.39673913<x257>[B] (+1) -0.39673913<x258>[B] (+1) -0.39673913<x259>[B] (+1) -0.39673913<x260>[B] (+1) -0.39673913<x261>[B] (+1) +0.39673913<x262>[B] (+1) +0.39673913<x263>[B] (+1) +0.39673913<x264>[B] (+1) +0.39673913<x265>[B] (+1) +0.39673913<x266>[B] (+1) -0.39673913<x267>[B] (+1) -0.39673913<x268>[B] (+1) -0.39673913<x269>[B] (+1) -0.39673913<x270>[B] (+1) -0.39673913<x271>[B] (+1) +0.39673913<x272>[B] (+1) +0.39673913<x273>[B] (+1) +0.39673913<x274>[B] (+1) +0.39673913<x275>[B] (+1) -0.39673913<x276>[B] (+1) >= 27.8713768115942;
;
violation: left hand side is violated by 38.1865942028985
  [linear] <c4049>: <x277>[C] (+0) +0.39673913<x1>[B] (+0) -0.39673913<x2>[B] (+0) +0.39673913<x3>[B] (+0) +0.39673913<x4>[B] (+0) +0.39673913<x5>[B] (+0) +0.39673913<x6>[B] (+0) +0.39673913<x7>[B] (+0) +0.39673913<x8>[B] (+0) +0.39673913<x9>[B] (+0) +0.39673913<x10>[B] (+0) +0.39673913<x11>[B] (+0) +0.39673913<x12>[B] (+0) -0.39673913<x13>[B] (+0) +0.39673913<x14>[B] (+0) +0.39673913<x15>[B] (+0) +0.39673913<x16>[B] (+0) +0.39673913<x17>[B] (+0) -0.39673913<x18>[B] (+0) +0.39673913<x19>[B] (+0) -0.39673913<x20>[B] (+0) -0.39673913<x21>[B] (+0) +0.39673913<x22>[B] (+0) +0.39673913<x23>[B] (+0) -0.39673913<x24>[B] (+0) -0.39673913<x25>[B] (+0) -0.39673913<x26>[B] (+0) -0.39673913<x27>[B] (+0) -0.39673913<x28>[B] (+0) -0.39673913<x29>[B] (+0) +0.39673913<x30>[B] (+0) -0.39673913<x31>[B] (+0) +0.39673913<x32>[B] (+0) -0.39673913<x33>[B] (+0) +0.39673913<x34>[B] (+0) -0.39673913<x35>[B] (+0) +0.39673913<x36>[B] (+0) -0.39673913<x37>[B] (+0) -0.39673913<x38>[B] (+0) -0.39673913<x39>[B] (+0) -0.39673913<x40>[B] (+0) +0.39673913<x41>[B] (+0) -0.39673913<x42>[B] (+0) -0.39673913<x43>[B] (+0) -0.39673913<x44>[B] (+0) -0.39673913<x45>[B] (+0) +0.39673913<x46>[B] (+0) +0.39673913<x47>[B] (+0) +0.39673913<x48>[B] (+0) +0.39673913<x49>[B] (+0) +0.39673913<x50>[B] (+0) +0.39673913<x51>[B] (+0) +0.39673913<x52>[B] (+0) +0.39673913<x53>[B] (+0) +0.39673913<x54>[B] (+0) +0.39673913<x55>[B] (+0) +0.39673913<x56>[B] (+0) +0.39673913<x57>[B] (+0) +0.39673913<x58>[B] (+0) +0.39673913<x59>[B] (+0) +0.39673913<x60>[B] (+0) -0.39673913<x61>[B] (+0) +0.39673913<x62>[B] (+0) -0.39673913<x63>[B] (+0) -0.39673913<x64>[B] (+0) +0.39673913<x65>[B] (+0) +0.39673913<x66>[B] (+0) +0.39673913<x67>[B] (+0) +0.39673913<x68>[B] (+0) -0.39673913<x69>[B] (+0) +0.39673913<x70>[B] (+0) +0.39673913<x71>[B] (+0) +0.39673913<x72>[B] (+0) +0.39673913<x73>[B] (+0) -0.39673913<x74>[B] (+0) +0.39673913<x75>[B] (+0) -0.39673913<x76>[B] (+0) +0.39673913<x77>[B] (+0) +0.39673913<x78>[B] (+0) -0.39673913<x79>[B] (+0) +0.39673913<x80>[B] (+0) -0.39673913<x81>[B] (+0) +0.39673913<x82>[B] (+0) -0.39673913<x83>[B] (+0) -0.39673913<x84>[B] (+0) +0.39673913<x85>[B] (+0) -0.39673913<x86>[B] (+0) +0.39673913<x87>[B] (+0) -0.39673913<x88>[B] (+0) +0.39673913<x89>[B] (+0) +0.39673913<x90>[B] (+0) -0.39673913<x91>[B] (+0) +0.39673913<x92>[B] (+0) -0.39673913<x93>[B] (+0) +0.39673913<x94>[B] (+0) -0.39673913<x95>[B] (+0) +0.39673913<x96>[B] (+0) +0.39673913<x97>[B] (+0) -0.39673913<x98>[B] (+0) +0.39673913<x99>[B] (+0) -0.39673913<x100>[B] (+0) +0.39673913<x101>[B] (+0) -0.39673913<x102>[B] (+0) -0.39673913<x103>[B] (+0) +0.39673913<x104>[B] (+0) -0.39673913<x105>[B] (+0) -0.39673913<x106>[B] (+0) -0.39673913<x107>[B] (+0) +0.39673913<x108>[B] (+0) -0.39673913<x109>[B] (+0) +0.39673913<x110>[B] (+0) -0.39673913<x111>[B] (+0) +0.39673913<x112>[B] (+0) -0.39673913<x113>[B] (+0) +0.39673913<x114>[B] (+0) -0.39673913<x115>[B] (+0) -0.39673913<x116>[B] (+0) -0.39673913<x117>[B] (+0) -0.39673913<x118>[B] (+0) +0.39673913<x119>[B] (+0) -0.39673913<x120>[B] (+0) -0.39673913<x121>[B] (+0) -0.39673913<x122>[B] (+0) -0.39673913<x123>[B] (+0) +0.39673913<x124>[B] (+0) +0.39673913<x125>[B] (+0) +0.39673913<x126>[B] (+0) +0.39673913<x127>[B] (+0) +0.39673913<x128>[B] (+0) +0.39673913<x129>[B] (+0) -0.39673913<x130>[B] (+0) +0.39673913<x131>[B] (+0) +0.39673913<x132>[B] (+0) +0.39673913<x133>[B] (+0) +0.39673913<x134>[B] (+0) -0.39673913<x135>[B] (+0) +0.39673913<x136>[B] (+0) -0.39673913<x137>[B] (+0) -0.39673913<x138>[B] (+0) +0.39673913<x139>[B] (+0) +0.39673913<x140>[B] (+0) +0.39673913<x141>[B] (+0) -0.39673913<x142>[B] (+0) +0.39673913<x143>[B] (+0) -0.39673913<x144>[B] (+0) +0.39673913<x145>[B] (+0) -0.39673913<x146>[B] (+0) +0.39673913<x147>[B] (+0) -0.39673913<x148>[B] (+0) -0.39673913<x149>[B] (+0) -0.39673913<x150>[B] (+0) -0.39673913<x151>[B] (+0) +0.39673913<x152>[B] (+0) -0.39673913<x153>[B] (+0) -0.39673913<x154>[B] (+0) -0.39673913<x155>[B] (+0) -0.39673913<x156>[B] (+0) -0.39673913<x157>[B] (+0) -0.39673913<x158>[B] (+0) -0.39673913<x159>[B] (+0) -0.39673913<x160>[B] (+0) -0.39673913<x161>[B] (+0) -0.39673913<x162>[B] (+0) -0.39673913<x163>[B] (+0) -0.39673913<x164>[B] (+0) -0.39673913<x165>[B] (+0) -0.39673913<x166>[B] (+0) -0.39673913<x167>[B] (+0) -0.39673913<x168>[B] (+0) -0.39673913<x169>[B] (+0) -0.39673913<x170>[B] (+0) -0.39673913<x171>[B] (+0) +0.39673913<x172>[B] (+0) -0.39673913<x173>[B] (+0) +0.39673913<x174>[B] (+0) -0.39673913<x175>[B] (+0) +0.39673913<x176>[B] (+0) +0.39673913<x177>[B] (+0) -0.39673913<x178>[B] (+0) +0.39673913<x179>[B] (+0) -0.39673913<x180>[B] (+0) +0.39673913<x181>[B] (+0) -0.39673913<x182>[B] (+0) -0.39673913<x183>[B] (+0) +0.39673913<x184>[B] (+0) -0.39673913<x185>[B] (+0) -0.39673913<x186>[B] (+0) +0.39673913<x187>[B] (+0) -0.39673913<x188>[B] (+0) +0.39673913<x189>[B] (+0) -0.39673913<x190>[B] (+0) -0.39673913<x191>[B] (+0) -0.39673913<x192>[B] (+0) -0.39673913<x193>[B] (+0) -0.39673913<x194>[B] (+0) -0.39673913<x195>[B] (+0) -0.39673913<x196>[B] (+0) -0.39673913<x197>[B] (+0) -0.39673913<x198>[B] (+0) +0.39673913<x199>[B] (+0) -0.39673913<x200>[B] (+0) +0.39673913<x201>[B] (+0) +0.39673913<x202>[B] (+0) -0.39673913<x203>[B] (+0) +0.39673913<x204>[B] (+0) -0.39673913<x205>[B] (+0) +0.39673913<x206>[B] (+0) -0.39673913<x207>[B] (+0) -0.39673913<x208>[B] (+0) +0.39673913<x209>[B] (+0) -0.39673913<x210>[B] (+0) -0.39673913<x211>[B] (+0) +0.39673913<x212>[B] (+0) -0.39673913<x213>[B] (+0) -0.39673913<x214>[B] (+0) -0.39673913<x215>[B] (+0) -0.39673913<x216>[B] (+0) -0.39673913<x217>[B] (+0) -0.39673913<x218>[B] (+0) -0.39673913<x219>[B] (+0) -0.39673913<x220>[B] (+0) -0.39673913<x221>[B] (+0) +0.39673913<x222>[B] (+0) +0.39673913<x223>[B] (+0) +0.39673913<x224>[B] (+0) +0.39673913<x225>[B] (+0) -0.39673913<x226>[B] (+0) +0.39673913<x227>[B] (+0) -0.39673913<x228>[B] (+0) -0.39673913<x229>[B] (+0) +0.39673913<x230>[B] (+0) +0.39673913<x231>[B] (+0) -0.39673913<x232>[B] (+0) -0.39673913<x233>[B] (+0) -0.39673913<x234>[B] (+0) -0.39673913<x235>[B] (+0) -0.39673913<x236>[B] (+0) -0.39673913<x237>[B] (+0) -0.39673913<x238>[B] (+0) -0.39673913<x239>[B] (+0) -0.39673913<x240>[B] (+0) -0.39673913<x241>[B] (+0) +0.39673913<x242>[B] (+0) -0.39673913<x243>[B] (+0) +0.39673913<x244>[B] (+0) -0.39673913<x245>[B] (+0) -0.39673913<x246>[B] (+0) -0.39673913<x247>[B] (+0) -0.39673913<x248>[B] (+0) +0.39673913<x249>[B] (+0) -0.39673913<x250>[B] (+0) +0.39673913<x251>[B] (+0) -0.39673913<x252>[B] (+0) -0.39673913<x253>[B] (+0) +0.39673913<x254>[B] (+0) +0.39673913<x255>[B] (+0) -0.39673913<x256>[B] (+0) +0.39673913<x257>[B] (+0) -0.39673913<x258>[B] (+0) -0.39673913<x259>[B] (+0) -0.39673913<x260>[B] (+0) -0.39673913<x261>[B] (+0) +0.39673913<x262>[B] (+0) +0.39673913<x263>[B] (+0) +0.39673913<x264>[B] (+0) +0.39673913<x265>[B] (+0) +0.39673913<x266>[B] (+0) -0.39673913<x267>[B] (+0) -0.39673913<x268>[B] (+0) -0.39673913<x269>[B] (+0) -0.39673913<x270>[B] (+0) -0.39673913<x271>[B] (+0) +0.39673913<x272>[B] (+0) +0.39673913<x273>[B] (+0) +0.39673913<x274>[B] (+0) +0.39673913<x275>[B] (+0) -0.39673913<x276>[B] (+0) >= 27.8713768115942;
;
violation: left hand side is violated by 27.8713768115942
1/6 feasible solution given by solution candidate storage, new primal bound -1.999838e+06

presolving:
   (0.0s) symmetry computation started: requiring (bin +, int +, cont +), (fixed: bin -, int -, cont -)
   (0.0s) no symmetry present (symcode time: 0.00)
presolving (0 rounds: 0 fast, 0 medium, 0 exhaustive):
 0 deleted vars, 0 deleted constraints, 0 added constraints, 0 tightened bounds, 0 added holes, 0 changed sides, 0 changed coefficients
 0 implications, 0 cliques, 0 implied integral variables (0 bin, 0 int, 0 cont)
presolved problem has 296 variables (276 bin, 0 int, 20 cont) and 4068 constraints
   4068 constraints of type <linear>
Presolving Time: 0.01
transformed 1/1 original solutions to the transformed problem space

 time | node  | left  |LP iter|LP it/n|mem/heur|mdpt |vars |cons |rows |cuts |sepa|confs|strbr|  dualbound   | primalbound  |  gap   | compl. 
p 0.0s|     1 |     0 |     9 |     - |   locks|   0 | 296 |4068 |4068 |   0 |  0 |   0 |   0 | 5.120000e+02 |-6.654221e+02 |    Inf | unknown
* 0.1s|     1 |     0 |   604 |     - |    LP  |   0 | 296 |4068 |4068 |   0 |  0 |   0 |   0 |-4.392844e+02 |-4.392844e+02 |   0.00%| unknown
  0.1s|     1 |     0 |   604 |     - |    18M |   0 | 296 |4068 |4068 |   0 |  0 |   0 |   0 |-4.392844e+02 |-4.392844e+02 |   0.00%| unknown

SCIP Status        : problem is solved [optimal solution found]
Solving Time (sec) : 0.06
Solving Nodes      : 1
Primal Bound       : -4.39284420289855e+02 (4 solutions)
Dual Bound         : -4.39284420289855e+02
Gap                : 0.00 %
  [linear] <c4069>: <x277>[C] (+33.0289855) +0.498188406<x1>[B] (+1) -0.498188406<x2>[B] (+1) +0.498188406<x3>[B] (+0) +0.498188406<x4>[B] (+1) +0.498188406<x5>[B] (+0) +0.498188406<x6>[B] (+1) +0.498188406<x7>[B] (+1) +0.498188406<x8>[B] (+1) +0.498188406<x9>[B] (+1) +0.498188406<x10>[B] (+0) +0.498188406<x11>[B] (+1) +0.498188406<x12>[B] (+1) -0.498188406<x13>[B] (+1) +0.498188406<x14>[B] (+1) +0.498188406<x15>[B] (+1) +0.498188406<x16>[B] (+1) +0.498188406<x17>[B] (+1) -0.498188406<x18>[B] (+0) +0.498188406<x19>[B] (+1) -0.498188406<x20>[B] (+1) -0.498188406<x21>[B] (+1) +0.498188406<x22>[B] (+1) +0.498188406<x23>[B] (+1) -0.498188406<x24>[B] (+1) -0.498188406<x25>[B] (+0) -0.498188406<x26>[B] (+1) -0.498188406<x27>[B] (+0) -0.498188406<x28>[B] (+1) -0.498188406<x29>[B] (+1) +0.498188406<x30>[B] (+1) -0.498188406<x31>[B] (+1) +0.498188406<x32>[B] (+0) -0.498188406<x33>[B] (+1) +0.498188406<x34>[B] (+1) -0.498188406<x35>[B] (+1) +0.498188406<x36>[B] (+1) -0.498188406<x37>[B] (+1) -0.498188406<x38>[B] (+1) -0.498188406<x39>[B] (+1) -0.498188406<x40>[B] (+0) +0.498188406<x41>[B] (+1) -0.498188406<x42>[B] (+1) -0.498188406<x43>[B] (+1) -0.498188406<x44>[B] (+1) -0.498188406<x45>[B] (+1) +0.498188406<x46>[B] (+0) +0.498188406<x47>[B] (+0) +0.498188406<x48>[B] (+0) +0.498188406<x49>[B] (+0) +0.498188406<x50>[B] (+0) +0.498188406<x51>[B] (+0) +0.498188406<x52>[B] (+0) +0.498188406<x53>[B] (+0) +0.498188406<x54>[B] (+0) +0.498188406<x55>[B] (+1) +0.498188406<x56>[B] (+0) +0.498188406<x57>[B] (+0) +0.498188406<x58>[B] (+0) +0.498188406<x59>[B] (+0) +0.498188406<x60>[B] (+0) -0.498188406<x61>[B] (+0) +0.498188406<x62>[B] (+0) -0.498188406<x63>[B] (+0) -0.498188406<x64>[B] (+0) +0.498188406<x65>[B] (+0) +0.498188406<x66>[B] (+0) +0.498188406<x67>[B] (+1) +0.498188406<x68>[B] (+0) -0.498188406<x69>[B] (+1) +0.498188406<x70>[B] (+1) +0.498188406<x71>[B] (+1) +0.498188406<x72>[B] (+1) +0.498188406<x73>[B] (+1) -0.498188406<x74>[B] (+1) +0.498188406<x75>[B] (+1) -0.498188406<x76>[B] (+1) +0.498188406<x77>[B] (+1) +0.498188406<x78>[B] (+1) -0.498188406<x79>[B] (+1) +0.498188406<x80>[B] (+1) -0.498188406<x81>[B] (+1) +0.498188406<x82>[B] (+1) -0.498188406<x83>[B] (+1) -0.498188406<x84>[B] (+1) +0.498188406<x85>[B] (+1) -0.498188406<x86>[B] (+1) +0.498188406<x87>[B] (+0) -0.498188406<x88>[B] (+1) +0.498188406<x89>[B] (+0) +0.498188406<x90>[B] (+1) -0.498188406<x91>[B] (+1) +0.498188406<x92>[B] (+0) -0.498188406<x93>[B] (+1) +0.498188406<x94>[B] (+1) -0.498188406<x95>[B] (+1) +0.498188406<x96>[B] (+0) +0.498188406<x97>[B] (+0) -0.498188406<x98>[B] (+0) +0.498188406<x99>[B] (+1) -0.498188406<x100>[B] (+0) +0.498188406<x101>[B] (+1) -0.498188406<x102>[B] (+1) -0.498188406<x103>[B] (+0) +0.498188406<x104>[B] (+0) -0.498188406<x105>[B] (+1) -0.498188406<x106>[B] (+1) -0.498188406<x107>[B] (+1) +0.498188406<x108>[B] (+1) -0.498188406<x109>[B] (+1) +0.498188406<x110>[B] (+1) -0.498188406<x111>[B] (+1) +0.498188406<x112>[B] (+1) -0.498188406<x113>[B] (+1) +0.498188406<x114>[B] (+1) -0.498188406<x115>[B] (+1) -0.498188406<x116>[B] (+1) -0.498188406<x117>[B] (+1) -0.498188406<x118>[B] (+1) +0.498188406<x119>[B] (+1) -0.498188406<x120>[B] (+1) -0.498188406<x121>[B] (+1) -0.498188406<x122>[B] (+1) -0.498188406<x123>[B] (+1) +0.498188406<x124>[B] (+0) +0.498188406<x125>[B] (+0) +0.498188406<x126>[B] (+1) +0.498188406<x127>[B] (+0) +0.498188406<x128>[B] (+1) +0.498188406<x129>[B] (+1) -0.498188406<x130>[B] (+0) +0.498188406<x131>[B] (+0) +0.498188406<x132>[B] (+0) +0.498188406<x133>[B] (+0) +0.498188406<x134>[B] (+0) -0.498188406<x135>[B] (+0) +0.498188406<x136>[B] (+0) -0.498188406<x137>[B] (+0) -0.498188406<x138>[B] (+0) +0.498188406<x139>[B] (+0) +0.498188406<x140>[B] (+0) +0.498188406<x141>[B] (+1) -0.498188406<x142>[B] (+1) +0.498188406<x143>[B] (+0) -0.498188406<x144>[B] (+1) +0.498188406<x145>[B] (+1) -0.498188406<x146>[B] (+1) +0.498188406<x147>[B] (+0) -0.498188406<x148>[B] (+0) -0.498188406<x149>[B] (+0) -0.498188406<x150>[B] (+1) -0.498188406<x151>[B] (+0) +0.498188406<x152>[B] (+1) -0.498188406<x153>[B] (+1) -0.498188406<x154>[B] (+0) -0.498188406<x155>[B] (+0) -0.498188406<x156>[B] (+1) -0.498188406<x157>[B] (+1) -0.498188406<x158>[B] (+0) -0.498188406<x159>[B] (+1) -0.498188406<x160>[B] (+1) -0.498188406<x161>[B] (+0) -0.498188406<x162>[B] (+0) -0.498188406<x163>[B] (+0) -0.498188406<x164>[B] (+0) -0.498188406<x165>[B] (+0) -0.498188406<x166>[B] (+0) -0.498188406<x167>[B] (+0) -0.498188406<x168>[B] (+0) -0.498188406<x169>[B] (+0) -0.498188406<x170>[B] (+0) -0.498188406<x171>[B] (+0) +0.498188406<x172>[B] (+0) -0.498188406<x173>[B] (+1) +0.498188406<x174>[B] (+1) -0.498188406<x175>[B] (+0) +0.498188406<x176>[B] (+0) +0.498188406<x177>[B] (+0) -0.498188406<x178>[B] (+0) +0.498188406<x179>[B] (+0) -0.498188406<x180>[B] (+0) +0.498188406<x181>[B] (+0) -0.498188406<x182>[B] (+0) -0.498188406<x183>[B] (+0) +0.498188406<x184>[B] (+0) -0.498188406<x185>[B] (+0) -0.498188406<x186>[B] (+1) +0.498188406<x187>[B] (+1) -0.498188406<x188>[B] (+1) +0.498188406<x189>[B] (+1) -0.498188406<x190>[B] (+1) -0.498188406<x191>[B] (+1) -0.498188406<x192>[B] (+1) -0.498188406<x193>[B] (+0) -0.498188406<x194>[B] (+1) -0.498188406<x195>[B] (+1) -0.498188406<x196>[B] (+1) -0.498188406<x197>[B] (+1) -0.498188406<x198>[B] (+1) +0.498188406<x199>[B] (+1) -0.498188406<x200>[B] (+0) +0.498188406<x201>[B] (+0) +0.498188406<x202>[B] (+0) -0.498188406<x203>[B] (+0) +0.498188406<x204>[B] (+0) -0.498188406<x205>[B] (+0) +0.498188406<x206>[B] (+0) -0.498188406<x207>[B] (+0) -0.498188406<x208>[B] (+0) +0.498188406<x209>[B] (+0) -0.498188406<x210>[B] (+0) -0.498188406<x211>[B] (+0) +0.498188406<x212>[B] (+0) -0.498188406<x213>[B] (+0) -0.498188406<x214>[B] (+0) -0.498188406<x215>[B] (+0) -0.498188406<x216>[B] (+0) -0.498188406<x217>[B] (+0) -0.498188406<x218>[B] (+0) -0.498188406<x219>[B] (+0) -0.498188406<x220>[B] (+0) -0.498188406<x221>[B] (+0) +0.498188406<x222>[B] (+0) +0.498188406<x223>[B] (+0) +0.498188406<x224>[B] (+0) +0.498188406<x225>[B] (+1) -0.498188406<x226>[B] (+0) +0.498188406<x227>[B] (+1) -0.498188406<x228>[B] (+1) -0.498188406<x229>[B] (+0) +0.498188406<x230>[B] (+0) +0.498188406<x231>[B] (+1) -0.498188406<x232>[B] (+1) -0.498188406<x233>[B] (+1) -0.498188406<x234>[B] (+1) -0.498188406<x235>[B] (+0) -0.498188406<x236>[B] (+1) -0.498188406<x237>[B] (+1) -0.498188406<x238>[B] (+0) -0.498188406<x239>[B] (+0) -0.498188406<x240>[B] (+1) -0.498188406<x241>[B] (+1) +0.498188406<x242>[B] (+1) -0.498188406<x243>[B] (+0) +0.498188406<x244>[B] (+1) -0.498188406<x245>[B] (+1) -0.498188406<x246>[B] (+0) -0.498188406<x247>[B] (+0) -0.498188406<x248>[B] (+1) +0.498188406<x249>[B] (+1) -0.498188406<x250>[B] (+0) +0.498188406<x251>[B] (+1) -0.498188406<x252>[B] (+1) -0.498188406<x253>[B] (+0) +0.498188406<x254>[B] (+0) +0.498188406<x255>[B] (+1) -0.498188406<x256>[B] (+0) +0.498188406<x257>[B] (+1) -0.498188406<x258>[B] (+1) -0.498188406<x259>[B] (+0) -0.498188406<x260>[B] (+0) -0.498188406<x261>[B] (+1) +0.498188406<x262>[B] (+1) +0.498188406<x263>[B] (+1) +0.498188406<x264>[B] (+1) +0.498188406<x265>[B] (+1) +0.498188406<x266>[B] (+1) -0.498188406<x267>[B] (+0) -0.498188406<x268>[B] (+0) -0.498188406<x269>[B] (+0) -0.498188406<x270>[B] (+0) -0.498188406<x271>[B] (+0) +0.498188406<x272>[B] (+0) +0.498188406<x273>[B] (+1) +0.498188406<x274>[B] (+0) +0.498188406<x275>[B] (+1) -0.498188406<x276>[B] (+1) >= 28.0235507246377;
;
violation: left hand side is violated by 1.47101449275365
  [linear] <c4069>: <x277>[C] (+32.2355072) +0.498188406<x1>[B] (+0) -0.498188406<x2>[B] (+1) +0.498188406<x3>[B] (+1) +0.498188406<x4>[B] (+0) +0.498188406<x5>[B] (+1) +0.498188406<x6>[B] (+0) +0.498188406<x7>[B] (+1) +0.498188406<x8>[B] (+0) +0.498188406<x9>[B] (+0) +0.498188406<x10>[B] (+1) +0.498188406<x11>[B] (+0) +0.498188406<x12>[B] (+0) -0.498188406<x13>[B] (+1) +0.498188406<x14>[B] (+1) +0.498188406<x15>[B] (+1) +0.498188406<x16>[B] (+1) +0.498188406<x17>[B] (+1) -0.498188406<x18>[B] (+1) +0.498188406<x19>[B] (+0) -0.498188406<x20>[B] (+0) -0.498188406<x21>[B] (+1) +0.498188406<x22>[B] (+1) +0.498188406<x23>[B] (+0) -0.498188406<x24>[B] (+1) -0.498188406<x25>[B] (+1) -0.498188406<x26>[B] (+1) -0.498188406<x27>[B] (+1) -0.498188406<x28>[B] (+0) -0.498188406<x29>[B] (+1) +0.498188406<x30>[B] (+1) -0.498188406<x31>[B] (+1) +0.498188406<x32>[B] (+1) -0.498188406<x33>[B] (+1) +0.498188406<x34>[B] (+0) -0.498188406<x35>[B] (+1) +0.498188406<x36>[B] (+1) -0.498188406<x37>[B] (+1) -0.498188406<x38>[B] (+1) -0.498188406<x39>[B] (+1) -0.498188406<x40>[B] (+1) +0.498188406<x41>[B] (+1) -0.498188406<x42>[B] (+1) -0.498188406<x43>[B] (+1) -0.498188406<x44>[B] (+1) -0.498188406<x45>[B] (+1) +0.498188406<x46>[B] (+1) +0.498188406<x47>[B] (+0) +0.498188406<x48>[B] (+1) +0.498188406<x49>[B] (+0) +0.498188406<x50>[B] (+1) +0.498188406<x51>[B] (+0) +0.498188406<x52>[B] (+0) +0.498188406<x53>[B] (+1) +0.498188406<x54>[B] (+0) +0.498188406<x55>[B] (+0) +0.498188406<x56>[B] (+1) +0.498188406<x57>[B] (+1) +0.498188406<x58>[B] (+1) +0.498188406<x59>[B] (+0) +0.498188406<x60>[B] (+1) -0.498188406<x61>[B] (+1) +0.498188406<x62>[B] (+0) -0.498188406<x63>[B] (+0) -0.498188406<x64>[B] (+1) +0.498188406<x65>[B] (+1) +0.498188406<x66>[B] (+0) +0.498188406<x67>[B] (+0) +0.498188406<x68>[B] (+1) -0.498188406<x69>[B] (+0) +0.498188406<x70>[B] (+1) +0.498188406<x71>[B] (+0) +0.498188406<x72>[B] (+0) +0.498188406<x73>[B] (+1) -0.498188406<x74>[B] (+0) +0.498188406<x75>[B] (+0) -0.498188406<x76>[B] (+1) +0.498188406<x77>[B] (+1) +0.498188406<x78>[B] (+1) -0.498188406<x79>[B] (+0) +0.498188406<x80>[B] (+1) -0.498188406<x81>[B] (+1) +0.498188406<x82>[B] (+0) -0.498188406<x83>[B] (+0) -0.498188406<x84>[B] (+1) +0.498188406<x85>[B] (+1) -0.498188406<x86>[B] (+0) +0.498188406<x87>[B] (+1) -0.498188406<x88>[B] (+0) +0.498188406<x89>[B] (+1) +0.498188406<x90>[B] (+0) -0.498188406<x91>[B] (+0) +0.498188406<x92>[B] (+1) -0.498188406<x93>[B] (+0) +0.498188406<x94>[B] (+0) -0.498188406<x95>[B] (+1) +0.498188406<x96>[B] (+1) +0.498188406<x97>[B] (+1) -0.498188406<x98>[B] (+1) +0.498188406<x99>[B] (+1) -0.498188406<x100>[B] (+1) +0.498188406<x101>[B] (+0) -0.498188406<x102>[B] (+0) -0.498188406<x103>[B] (+1) +0.498188406<x104>[B] (+1) -0.498188406<x105>[B] (+0) -0.498188406<x106>[B] (+0) -0.498188406<x107>[B] (+0) +0.498188406<x108>[B] (+0) -0.498188406<x109>[B] (+0) +0.498188406<x110>[B] (+0) -0.498188406<x111>[B] (+0) +0.498188406<x112>[B] (+0) -0.498188406<x113>[B] (+0) +0.498188406<x114>[B] (+0) -0.498188406<x115>[B] (+0) -0.498188406<x116>[B] (+0) -0.498188406<x117>[B] (+0) -0.498188406<x118>[B] (+0) +0.498188406<x119>[B] (+0) -0.498188406<x120>[B] (+0) -0.498188406<x121>[B] (+0) -0.498188406<x122>[B] (+0) -0.498188406<x123>[B] (+0) +0.498188406<x124>[B] (+1) +0.498188406<x125>[B] (+1) +0.498188406<x126>[B] (+1) +0.498188406<x127>[B] (+1) +0.498188406<x128>[B] (+1) +0.498188406<x129>[B] (+1) -0.498188406<x130>[B] (+1) +0.498188406<x131>[B] (+1) +0.498188406<x132>[B] (+1) +0.498188406<x133>[B] (+1) +0.498188406<x134>[B] (+1) -0.498188406<x135>[B] (+1) +0.498188406<x136>[B] (+1) -0.498188406<x137>[B] (+1) -0.498188406<x138>[B] (+1) +0.498188406<x139>[B] (+1) +0.498188406<x140>[B] (+1) +0.498188406<x141>[B] (+0) -0.498188406<x142>[B] (+0) +0.498188406<x143>[B] (+1) -0.498188406<x144>[B] (+0) +0.498188406<x145>[B] (+0) -0.498188406<x146>[B] (+1) +0.498188406<x147>[B] (+0) -0.498188406<x148>[B] (+0) -0.498188406<x149>[B] (+0) -0.498188406<x150>[B] (+0) -0.498188406<x151>[B] (+0) +0.498188406<x152>[B] (+0) -0.498188406<x153>[B] (+0) -0.498188406<x154>[B] (+1) -0.498188406<x155>[B] (+1) -0.498188406<x156>[B] (+0) -0.498188406<x157>[B] (+1) -0.498188406<x158>[B] (+1) -0.498188406<x159>[B] (+0) -0.498188406<x160>[B] (+0) -0.498188406<x161>[B] (+1) -0.498188406<x162>[B] (+1) -0.498188406<x163>[B] (+1) -0.498188406<x164>[B] (+1) -0.498188406<x165>[B] (+1) -0.498188406<x166>[B] (+1) -0.498188406<x167>[B] (+1) -0.498188406<x168>[B] (+0) -0.498188406<x169>[B] (+1) -0.498188406<x170>[B] (+1) -0.498188406<x171>[B] (+0) +0.498188406<x172>[B] (+1) -0.498188406<x173>[B] (+0) +0.498188406<x174>[B] (+0) -0.498188406<x175>[B] (+1) +0.498188406<x176>[B] (+1) +0.498188406<x177>[B] (+1) -0.498188406<x178>[B] (+1) +0.498188406<x179>[B] (+1) -0.498188406<x180>[B] (+1) +0.498188406<x181>[B] (+1) -0.498188406<x182>[B] (+0) -0.498188406<x183>[B] (+1) +0.498188406<x184>[B] (+1) -0.498188406<x185>[B] (+0) -0.498188406<x186>[B] (+0) +0.498188406<x187>[B] (+0) -0.498188406<x188>[B] (+1) +0.498188406<x189>[B] (+0) -0.498188406<x190>[B] (+0) -0.498188406<x191>[B] (+0) -0.498188406<x192>[B] (+0) -0.498188406<x193>[B] (+0) -0.498188406<x194>[B] (+0) -0.498188406<x195>[B] (+0) -0.498188406<x196>[B] (+1) -0.498188406<x197>[B] (+1) -0.498188406<x198>[B] (+0) +0.498188406<x199>[B] (+0) -0.498188406<x200>[B] (+1) +0.498188406<x201>[B] (+1) +0.498188406<x202>[B] (+1) -0.498188406<x203>[B] (+1) +0.498188406<x204>[B] (+1) -0.498188406<x205>[B] (+1) +0.498188406<x206>[B] (+1) -0.498188406<x207>[B] (+0) -0.498188406<x208>[B] (+1) +0.498188406<x209>[B] (+1) -0.498188406<x210>[B] (+0) -0.498188406<x211>[B] (+1) +0.498188406<x212>[B] (+1) -0.498188406<x213>[B] (+1) -0.498188406<x214>[B] (+1) -0.498188406<x215>[B] (+1) -0.498188406<x216>[B] (+1) -0.498188406<x217>[B] (+1) -0.498188406<x218>[B] (+1) -0.498188406<x219>[B] (+1) -0.498188406<x220>[B] (+1) -0.498188406<x221>[B] (+1) +0.498188406<x222>[B] (+0) +0.498188406<x223>[B] (+0) +0.498188406<x224>[B] (+0) +0.498188406<x225>[B] (+0) -0.498188406<x226>[B] (+0) +0.498188406<x227>[B] (+0) -0.498188406<x228>[B] (+0) -0.498188406<x229>[B] (+1) +0.498188406<x230>[B] (+1) +0.498188406<x231>[B] (+0) -0.498188406<x232>[B] (+0) -0.498188406<x233>[B] (+0) -0.498188406<x234>[B] (+0) -0.498188406<x235>[B] (+0) -0.498188406<x236>[B] (+0) -0.498188406<x237>[B] (+0) -0.498188406<x238>[B] (+1) -0.498188406<x239>[B] (+1) -0.498188406<x240>[B] (+0) -0.498188406<x241>[B] (+0) +0.498188406<x242>[B] (+0) -0.498188406<x243>[B] (+0) +0.498188406<x244>[B] (+0) -0.498188406<x245>[B] (+0) -0.498188406<x246>[B] (+1) -0.498188406<x247>[B] (+1) -0.498188406<x248>[B] (+0) +0.498188406<x249>[B] (+1) -0.498188406<x250>[B] (+1) +0.498188406<x251>[B] (+0) -0.498188406<x252>[B] (+0) -0.498188406<x253>[B] (+1) +0.498188406<x254>[B] (+1) +0.498188406<x255>[B] (+0) -0.498188406<x256>[B] (+0) +0.498188406<x257>[B] (+0) -0.498188406<x258>[B] (+0) -0.498188406<x259>[B] (+1) -0.498188406<x260>[B] (+1) -0.498188406<x261>[B] (+0) +0.498188406<x262>[B] (+0) +0.498188406<x263>[B] (+0) +0.498188406<x264>[B] (+1) +0.498188406<x265>[B] (+1) +0.498188406<x266>[B] (+0) -0.498188406<x267>[B] (+0) -0.498188406<x268>[B] (+1) -0.498188406<x269>[B] (+1) -0.498188406<x270>[B] (+0) -0.498188406<x271>[B] (+1) +0.498188406<x272>[B] (+1) +0.498188406<x273>[B] (+0) +0.498188406<x274>[B] (+1) +0.498188406<x275>[B] (+0) -0.498188406<x276>[B] (+0) >= 28.0235507246377;
;
violation: left hand side is violated by 1.26811594202899
2/4 feasible solutions given by solution candidate storage, new primal bound -1.999838e+06

presolving:
   (0.0s) symmetry computation started: requiring (bin +, int +, cont +), (fixed: bin -, int -, cont -)
   (0.0s) no symmetry present (symcode time: 0.00)
presolving (0 rounds: 0 fast, 0 medium, 0 exhaustive):
 0 deleted vars, 0 deleted constraints, 0 added constraints, 0 tightened bounds, 0 added holes, 0 changed sides, 0 changed coefficients
 0 implications, 0 cliques, 0 implied integral variables (0 bin, 0 int, 0 cont)
presolved problem has 296 variables (276 bin, 0 int, 20 cont) and 4087 constraints
   4087 constraints of type <linear>
Presolving Time: 0.01
transformed 2/2 original solutions to the transformed problem space

 time | node  | left  |LP iter|LP it/n|mem/heur|mdpt |vars |cons |rows |cuts |sepa|confs|strbr|  dualbound   | primalbound  |  gap   | compl. 
p 0.0s|     1 |     0 |     8 |     - |   locks|   0 | 296 |4087 |4087 |   0 |  0 |   0 |   0 | 5.120000e+02 |-7.128243e+02 |    Inf | unknown
  0.1s|     1 |     0 |   553 |     - |    21M |   0 | 296 |4087 |4087 |   0 |  0 |   0 |   0 |-4.435312e+02 |-7.128243e+02 |  60.72%| unknown
r 0.1s|     1 |     0 |   553 |     - |shifting|   0 | 296 |4087 |4087 |   0 |  0 |   0 |   0 |-4.435312e+02 |-4.662776e+02 |   5.13%| unknown
  0.2s|     1 |     0 |   619 |     - |    22M |   0 | 296 |4087 |4088 |   1 |  1 |   0 |   0 |-4.435883e+02 |-4.662776e+02 |   5.11%| unknown
  0.2s|     1 |     0 |   619 |     - |    22M |   0 | 296 |4087 |4088 |   1 |  1 |   0 |   0 |-4.435883e+02 |-4.662776e+02 |   5.11%| unknown
  0.3s|     1 |     0 |   725 |     - |    23M |   0 | 296 |4087 |4090 |   3 |  2 |   0 |   0 |-4.437098e+02 |-4.662776e+02 |   5.09%| unknown
  0.5s|     1 |     0 |   798 |     - |    26M |   0 | 296 |4087 |4091 |   4 |  3 |   0 |   0 |-4.437561e+02 |-4.662776e+02 |   5.08%| unknown
  0.6s|     1 |     0 |   809 |     - |    28M |   0 | 296 |4087 |4092 |   5 |  4 |   0 |   0 |-4.437603e+02 |-4.662776e+02 |   5.07%| unknown
  0.8s|     1 |     0 |   842 |     - |    28M |   0 | 296 |4087 |4093 |   6 |  5 |   0 |   0 |-4.437718e+02 |-4.662776e+02 |   5.07%| unknown
  0.9s|     1 |     0 |   858 |     - |    32M |   0 | 296 |4087 |4094 |   7 |  6 |   0 |   0 |-4.437732e+02 |-4.662776e+02 |   5.07%| unknown
  1.1s|     1 |     0 |   869 |     - |    35M |   0 | 296 |4087 |4095 |   8 |  7 |   0 |   0 |-4.437746e+02 |-4.662776e+02 |   5.07%| unknown
  1.2s|     1 |     0 |   877 |     - |    35M |   0 | 296 |4087 |4096 |   9 |  8 |   0 |   0 |-4.437750e+02 |-4.662776e+02 |   5.07%| unknown
  1.4s|     1 |     0 |   908 |     - |    38M |   0 | 296 |4087 |4097 |  10 |  9 |   0 |   0 |-4.437801e+02 |-4.662776e+02 |   5.07%| unknown
  1.5s|     1 |     0 |   931 |     - |    39M |   0 | 296 |4087 |4098 |  11 | 10 |   0 |   0 |-4.437865e+02 |-4.662776e+02 |   5.07%| unknown
  1.5s|     1 |     0 |   952 |     - |    39M |   0 | 296 |4087 |4099 |  12 | 11 |   0 |   0 |-4.437878e+02 |-4.662776e+02 |   5.07%| unknown
 time | node  | left  |LP iter|LP it/n|mem/heur|mdpt |vars |cons |rows |cuts |sepa|confs|strbr|  dualbound   | primalbound  |  gap   | compl. 
  1.5s|     1 |     0 |   955 |     - |    40M |   0 | 296 |4087 |4100 |  13 | 12 |   0 |   0 |-4.437878e+02 |-4.662776e+02 |   5.07%| unknown
  1.5s|     1 |     0 |   956 |     - |    40M |   0 | 296 |4087 |4101 |  14 | 13 |   0 |   0 |-4.437878e+02 |-4.662776e+02 |   5.07%| unknown
  1.5s|     1 |     0 |   958 |     - |    40M |   0 | 296 |4087 |4102 |  15 | 14 |   0 |   0 |-4.437878e+02 |-4.662776e+02 |   5.07%| unknown
r 1.5s|     1 |     0 |  1027 |     - |intshift|   0 | 296 |4088 |4102 |  15 | 14 |   1 |   0 |-4.437878e+02 |-4.510851e+02 |   1.64%| unknown
d 1.6s|     1 |     0 |  1616 |     - |farkasdi|   0 | 296 |4088 |4102 |   0 | 14 |   1 |   0 |-4.437878e+02 |-4.475489e+02 |   0.85%| unknown
L 1.6s|     1 |     0 |  1616 |     - |    rens|   0 | 296 |4088 |4102 |  15 | 14 |   5 |   0 |-4.437878e+02 |-4.439257e+02 |   0.03%| unknown
  1.6s|     1 |     0 |  1616 |     - |    41M |   0 | 296 |4088 |4102 |  15 | 14 |   5 |   0 |-4.437878e+02 |-4.439257e+02 |   0.03%| unknown
  1.6s|     1 |     0 |  1616 |     - |    41M |   0 | 296 |4088 |1073 |  15 | 14 |   5 |   0 |-4.437878e+02 |-4.439257e+02 |   0.03%| unknown
  1.7s|     1 |     0 |  1628 |     - |    41M |   0 | 296 |4088 |1075 |  17 | 15 |   5 |   0 |-4.437882e+02 |-4.439257e+02 |   0.03%| unknown
  1.7s|     1 |     0 |  1634 |     - |    41M |   0 | 296 |4088 |1076 |  18 | 16 |   5 |   0 |-4.437882e+02 |-4.439257e+02 |   0.03%| unknown
  1.7s|     1 |     0 |  1634 |     - |    41M |   0 | 296 | 877 |1076 |  18 | 16 |   5 |   0 |-4.437882e+02 |-4.439257e+02 |   0.03%| unknown
  1.7s|     1 |     0 |  1650 |     - |    41M |   0 | 296 | 877 |1077 |  19 | 17 |   5 |   0 |-4.437892e+02 |-4.439257e+02 |   0.03%| unknown
  1.7s|     1 |     0 |  1656 |     - |    41M |   0 | 296 | 877 |1079 |  21 | 18 |   5 |   0 |-4.437894e+02 |-4.439257e+02 |   0.03%| unknown
(run 1, node 1) restarting after 167 global fixings of integer variables

(restart) converted 21 cuts from the global cut pool into linear constraints

presolving:
presolving (0 rounds: 0 fast, 0 medium, 0 exhaustive):
 0 deleted vars, 0 deleted constraints, 0 added constraints, 0 tightened bounds, 0 added holes, 0 changed sides, 0 changed coefficients
 0 implications, 0 cliques, 0 implied integral variables (0 bin, 0 int, 0 cont)
presolved problem has 296 variables (276 bin, 0 int, 20 cont) and 898 constraints
    897 constraints of type <linear>
      1 constraints of type <logicor>
Presolving Time: 0.01
transformed 22/26 original solutions to the transformed problem space

 time | node  | left  |LP iter|LP it/n|mem/heur|mdpt |vars |cons |rows |cuts |sepa|confs|strbr|  dualbound   | primalbound  |  gap   | compl. 
  1.7s|     1 |     0 |  2138 |     - |    43M |   0 | 296 | 898 | 895 |   0 |  0 |   5 |   0 |-4.437894e+02 |-4.439257e+02 |   0.03%| unknown
  1.7s|     1 |     0 |  2138 |     - |    43M |   0 | 296 | 898 | 781 |   0 |  0 |   5 |   0 |-4.437894e+02 |-4.439257e+02 |   0.03%| unknown
  1.8s|     1 |     0 |  2162 |     - |    43M |   0 | 296 | 898 | 783 |   2 |  1 |   5 |   0 |-4.437924e+02 |-4.439257e+02 |   0.03%| unknown
  1.8s|     1 |     0 |  2162 |     - |    43M |   0 | 296 | 898 | 772 |   2 |  1 |   5 |   0 |-4.437924e+02 |-4.439257e+02 |   0.03%| unknown
  1.9s|     1 |     0 |  2179 |     - |    43M |   0 | 296 | 898 | 773 |   3 |  2 |   5 |   0 |-4.437944e+02 |-4.439257e+02 |   0.03%| unknown
  2.0s|     1 |     0 |  2189 |     - |    43M |   0 | 296 | 898 | 774 |   4 |  3 |   5 |   0 |-4.437954e+02 |-4.439257e+02 |   0.03%| unknown
  2.1s|     1 |     0 |  2209 |     - |    43M |   0 | 296 | 898 | 775 |   5 |  4 |   5 |   0 |-4.437967e+02 |-4.439257e+02 |   0.03%| unknown
  2.1s|     1 |     0 |  2231 |     - |    43M |   0 | 296 | 898 | 776 |   6 |  5 |   5 |   0 |-4.438011e+02 |-4.439257e+02 |   0.03%| unknown
  2.1s|     1 |     0 |  2231 |     - |    43M |   0 | 296 | 898 | 763 |   6 |  5 |   5 |   0 |-4.438011e+02 |-4.439257e+02 |   0.03%| unknown
  2.2s|     1 |     0 |  2249 |     - |    43M |   0 | 296 | 898 | 764 |   7 |  6 |   5 |   0 |-4.438036e+02 |-4.439257e+02 |   0.03%| unknown
  2.3s|     1 |     0 |  2259 |     - |    43M |   0 | 296 | 898 | 765 |   8 |  7 |   5 |   0 |-4.438053e+02 |-4.439257e+02 |   0.03%| unknown
  2.4s|     1 |     0 |  2272 |     - |    43M |   0 | 296 | 898 | 766 |   9 |  8 |   5 |   0 |-4.438063e+02 |-4.439257e+02 |   0.03%| unknown
  2.4s|     1 |     0 |  2273 |     - |    44M |   0 | 296 | 898 | 767 |  10 |  9 |   5 |   0 |-4.438063e+02 |-4.439257e+02 |   0.03%| unknown
  2.5s|     1 |     0 |  2281 |     - |    44M |   0 | 296 | 898 | 768 |  11 | 10 |   5 |   0 |-4.438068e+02 |-4.439257e+02 |   0.03%| unknown
  2.6s|     1 |     0 |  2300 |     - |    44M |   0 | 296 | 898 | 769 |  12 | 11 |   5 |   0 |-4.438084e+02 |-4.439257e+02 |   0.03%| unknown
 time | node  | left  |LP iter|LP it/n|mem/heur|mdpt |vars |cons |rows |cuts |sepa|confs|strbr|  dualbound   | primalbound  |  gap   | compl. 
  2.6s|     1 |     0 |  2301 |     - |    44M |   0 | 296 | 898 | 770 |  13 | 12 |   5 |   0 |-4.438085e+02 |-4.439257e+02 |   0.03%| unknown
  2.6s|     1 |     0 |  2301 |     - |    44M |   0 | 296 | 616 | 770 |  13 | 12 |   5 |   0 |-4.438085e+02 |-4.439257e+02 |   0.03%| unknown
  2.7s|     1 |     0 |  2311 |     - |    44M |   0 | 296 | 616 | 762 |  14 | 13 |   5 |   0 |-4.438088e+02 |-4.439257e+02 |   0.03%| unknown
  2.7s|     1 |     0 |  2323 |     - |    44M |   0 | 296 | 616 | 763 |  15 | 14 |   5 |   0 |-4.438093e+02 |-4.439257e+02 |   0.03%| unknown
  2.8s|     1 |     0 |  2330 |     - |    44M |   0 | 296 | 616 | 764 |  16 | 15 |   5 |   0 |-4.438095e+02 |-4.439257e+02 |   0.03%| unknown
  2.8s|     1 |     0 |  2332 |     - |    44M |   0 | 296 | 616 | 765 |  17 | 16 |   5 |   0 |-4.438095e+02 |-4.439257e+02 |   0.03%| unknown
  2.9s|     1 |     0 |  2337 |     - |    44M |   0 | 296 | 616 | 766 |  18 | 17 |   5 |   0 |-4.438098e+02 |-4.439257e+02 |   0.03%| unknown
  2.9s|     1 |     0 |  2346 |     - |    44M |   0 | 296 | 616 | 767 |  19 | 18 |   5 |   0 |-4.438107e+02 |-4.439257e+02 |   0.03%| unknown
  3.0s|     1 |     0 |  2349 |     - |    44M |   0 | 296 | 616 | 759 |  20 | 19 |   5 |   0 |-4.438108e+02 |-4.439257e+02 |   0.03%| unknown
  3.0s|     1 |     0 |  2352 |     - |    44M |   0 | 296 | 616 | 760 |  21 | 20 |   5 |   0 |-4.438110e+02 |-4.439257e+02 |   0.03%| unknown
  3.1s|     1 |     0 |  2599 |     - |    44M |   0 | 296 | 582 | 760 |  21 | 21 |  20 |   2 |-4.438355e+02 |-4.439257e+02 |   0.02%| unknown
  3.2s|     1 |     0 |  2633 |     - |    44M |   0 | 296 | 582 | 763 |  24 | 22 |  20 |   2 |-4.438355e+02 |-4.439257e+02 |   0.02%| unknown
  3.2s|     1 |     0 |  2633 |     - |    44M |   0 | 296 | 582 | 763 |  24 | 23 |  20 |   3 |-4.438412e+02 |-4.439257e+02 |   0.02%| unknown
  3.2s|     1 |     0 |  2638 |     - |    44M |   0 | 296 | 582 | 762 |  25 | 24 |  20 |   3 |-4.438412e+02 |-4.439257e+02 |   0.02%| unknown
  3.2s|     1 |     0 |  2639 |     - |    44M |   0 | 296 | 548 | 762 |  25 | 25 |  22 |   6 |-4.438448e+02 |-4.439257e+02 |   0.02%| unknown
 time | node  | left  |LP iter|LP it/n|mem/heur|mdpt |vars |cons |rows |cuts |sepa|confs|strbr|  dualbound   | primalbound  |  gap   | compl. 
  3.3s|     1 |     0 |  2661 |     - |    44M |   0 | 296 | 412 | 762 |  25 | 26 |  27 |   8 |-4.439185e+02 |-4.439257e+02 |   0.00%| unknown
  3.3s|     1 |     0 |  2661 |     - |    44M |   0 | 296 | 412 | 324 |  25 | 26 |  27 |   8 |-4.439185e+02 |-4.439257e+02 |   0.00%| unknown
  3.3s|     1 |     0 |  2669 |     - |    44M |   0 | 296 | 410 | 325 |  26 | 27 |  27 |   8 |-4.439257e+02 |-4.439257e+02 |   0.00%| unknown
  3.3s|     1 |     0 |  2669 |     - |    44M |   0 | 296 | 410 | 325 |  26 | 27 |  27 |   8 |-4.439257e+02 |-4.439257e+02 |   0.00%| unknown

SCIP Status        : problem is solved [optimal solution found]
Solving Time (sec) : 3.27
Solving Nodes      : 1 (total of 2 nodes in 2 runs)
Primal Bound       : -4.43925724637681e+02 (53 solutions)
Dual Bound         : -4.43925724637681e+02
Gap                : 0.00 %
  [linear] <c4088>: <x277>[C] (+28.0235507) +0.451086957<x1>[B] (+1) -0.451086957<x2>[B] (+1) +0.451086957<x3>[B] (+0) +0.451086957<x4>[B] (+1) +0.451086957<x5>[B] (+0) +0.451086957<x6>[B] (+1) +0.451086957<x7>[B] (+1) +0.451086957<x8>[B] (+1) +0.451086957<x9>[B] (+1) +0.451086957<x10>[B] (+0) +0.451086957<x11>[B] (+1) +0.451086957<x12>[B] (+1) -0.451086957<x13>[B] (+1) +0.451086957<x14>[B] (+1) +0.451086957<x15>[B] (+1) +0.451086957<x16>[B] (+1) +0.451086957<x17>[B] (+1) -0.451086957<x18>[B] (+0) +0.451086957<x19>[B] (+1) -0.451086957<x20>[B] (+1) -0.451086957<x21>[B] (+1) +0.451086957<x22>[B] (+1) +0.451086957<x23>[B] (+1) -0.451086957<x24>[B] (+0) -0.451086957<x25>[B] (+0) -0.451086957<x26>[B] (+1) -0.451086957<x27>[B] (+0) -0.451086957<x28>[B] (+1) -0.451086957<x29>[B] (+1) +0.451086957<x30>[B] (+1) -0.451086957<x31>[B] (+1) +0.451086957<x32>[B] (+0) -0.451086957<x33>[B] (+1) +0.451086957<x34>[B] (+1) -0.451086957<x35>[B] (+1) +0.451086957<x36>[B] (+1) -0.451086957<x37>[B] (+1) -0.451086957<x38>[B] (+1) -0.451086957<x39>[B] (+1) -0.451086957<x40>[B] (+0) +0.451086957<x41>[B] (+1) -0.451086957<x42>[B] (+1) -0.451086957<x43>[B] (+0) -0.451086957<x44>[B] (+0) -0.451086957<x45>[B] (+1) +0.451086957<x46>[B] (+0) +0.451086957<x47>[B] (+1) +0.451086957<x48>[B] (+0) +0.451086957<x49>[B] (+1) +0.451086957<x50>[B] (+1) +0.451086957<x51>[B] (+1) +0.451086957<x52>[B] (+1) +0.451086957<x53>[B] (+0) +0.451086957<x54>[B] (+1) +0.451086957<x55>[B] (+1) +0.451086957<x56>[B] (+1) +0.451086957<x57>[B] (+1) +0.451086957<x58>[B] (+1) +0.451086957<x59>[B] (+1) +0.451086957<x60>[B] (+1) -0.451086957<x61>[B] (+0) +0.451086957<x62>[B] (+1) -0.451086957<x63>[B] (+1) -0.451086957<x64>[B] (+0) +0.451086957<x65>[B] (+0) +0.451086957<x66>[B] (+1) +0.451086957<x67>[B] (+1) +0.451086957<x68>[B] (+0) -0.451086957<x69>[B] (+1) +0.451086957<x70>[B] (+1) +0.451086957<x71>[B] (+1) +0.451086957<x72>[B] (+1) +0.451086957<x73>[B] (+1) -0.451086957<x74>[B] (+1) +0.451086957<x75>[B] (+1) -0.451086957<x76>[B] (+1) +0.451086957<x77>[B] (+1) +0.451086957<x78>[B] (+1) -0.451086957<x79>[B] (+1) +0.451086957<x80>[B] (+1) -0.451086957<x81>[B] (+1) +0.451086957<x82>[B] (+1) -0.451086957<x83>[B] (+1) -0.451086957<x84>[B] (+1) +0.451086957<x85>[B] (+1) -0.451086957<x86>[B] (+1) +0.451086957<x87>[B] (+0) -0.451086957<x88>[B] (+1) +0.451086957<x89>[B] (+0) +0.451086957<x90>[B] (+1) -0.451086957<x91>[B] (+1) +0.451086957<x92>[B] (+0) -0.451086957<x93>[B] (+1) +0.451086957<x94>[B] (+1) -0.451086957<x95>[B] (+1) +0.451086957<x96>[B] (+0) +0.451086957<x97>[B] (+0) -0.451086957<x98>[B] (+0) +0.451086957<x99>[B] (+1) -0.451086957<x100>[B] (+0) +0.451086957<x101>[B] (+1) -0.451086957<x102>[B] (+1) -0.451086957<x103>[B] (+0) +0.451086957<x104>[B] (+0) -0.451086957<x105>[B] (+1) -0.451086957<x106>[B] (+1) -0.451086957<x107>[B] (+1) +0.451086957<x108>[B] (+1) -0.451086957<x109>[B] (+1) +0.451086957<x110>[B] (+1) -0.451086957<x111>[B] (+1) +0.451086957<x112>[B] (+1) -0.451086957<x113>[B] (+1) +0.451086957<x114>[B] (+1) -0.451086957<x115>[B] (+1) -0.451086957<x116>[B] (+1) -0.451086957<x117>[B] (+1) -0.451086957<x118>[B] (+1) +0.451086957<x119>[B] (+1) -0.451086957<x120>[B] (+1) -0.451086957<x121>[B] (+1) -0.451086957<x122>[B] (+1) -0.451086957<x123>[B] (+1) +0.451086957<x124>[B] (+0) +0.451086957<x125>[B] (+1) +0.451086957<x126>[B] (+1) +0.451086957<x127>[B] (+0) +0.451086957<x128>[B] (+1) +0.451086957<x129>[B] (+0) -0.451086957<x130>[B] (+0) +0.451086957<x131>[B] (+0) +0.451086957<x132>[B] (+0) +0.451086957<x133>[B] (+0) +0.451086957<x134>[B] (+0) -0.451086957<x135>[B] (+0) +0.451086957<x136>[B] (+0) -0.451086957<x137>[B] (+0) -0.451086957<x138>[B] (+0) +0.451086957<x139>[B] (+0) +0.451086957<x140>[B] (+1) +0.451086957<x141>[B] (+1) -0.451086957<x142>[B] (+1) +0.451086957<x143>[B] (+0) -0.451086957<x144>[B] (+1) +0.451086957<x145>[B] (+1) -0.451086957<x146>[B] (+1) +0.451086957<x147>[B] (+0) -0.451086957<x148>[B] (+0) -0.451086957<x149>[B] (+0) -0.451086957<x150>[B] (+1) -0.451086957<x151>[B] (+0) +0.451086957<x152>[B] (+1) -0.451086957<x153>[B] (+1) -0.451086957<x154>[B] (+0) -0.451086957<x155>[B] (+0) -0.451086957<x156>[B] (+1) -0.451086957<x157>[B] (+0) -0.451086957<x158>[B] (+0) -0.451086957<x159>[B] (+1) -0.451086957<x160>[B] (+0) -0.451086957<x161>[B] (+0) -0.451086957<x162>[B] (+0) -0.451086957<x163>[B] (+0) -0.451086957<x164>[B] (+0) -0.451086957<x165>[B] (+0) -0.451086957<x166>[B] (+0) -0.451086957<x167>[B] (+0) -0.451086957<x168>[B] (+0) -0.451086957<x169>[B] (+0) -0.451086957<x170>[B] (+0) -0.451086957<x171>[B] (+0) +0.451086957<x172>[B] (+0) -0.451086957<x173>[B] (+1) +0.451086957<x174>[B] (+0) -0.451086957<x175>[B] (+0) +0.451086957<x176>[B] (+0) +0.451086957<x177>[B] (+0) -0.451086957<x178>[B] (+0) +0.451086957<x179>[B] (+0) -0.451086957<x180>[B] (+0) +0.451086957<x181>[B] (+0) -0.451086957<x182>[B] (+0) -0.451086957<x183>[B] (+0) +0.451086957<x184>[B] (+0) -0.451086957<x185>[B] (+1) -0.451086957<x186>[B] (+1) +0.451086957<x187>[B] (+1) -0.451086957<x188>[B] (+1) +0.451086957<x189>[B] (+1) -0.451086957<x190>[B] (+1) -0.451086957<x191>[B] (+1) -0.451086957<x192>[B] (+1) -0.451086957<x193>[B] (+0) -0.451086957<x194>[B] (+1) -0.451086957<x195>[B] (+1) -0.451086957<x196>[B] (+1) -0.451086957<x197>[B] (+1) -0.451086957<x198>[B] (+1) +0.451086957<x199>[B] (+0) -0.451086957<x200>[B] (+0) +0.451086957<x201>[B] (+0) +0.451086957<x202>[B] (+0) -0.451086957<x203>[B] (+0) +0.451086957<x204>[B] (+0) -0.451086957<x205>[B] (+0) +0.451086957<x206>[B] (+0) -0.451086957<x207>[B] (+0) -0.451086957<x208>[B] (+0) +0.451086957<x209>[B] (+0) -0.451086957<x210>[B] (+0) -0.451086957<x211>[B] (+0) +0.451086957<x212>[B] (+0) -0.451086957<x213>[B] (+0) -0.451086957<x214>[B] (+0) -0.451086957<x215>[B] (+0) -0.451086957<x216>[B] (+0) -0.451086957<x217>[B] (+0) -0.451086957<x218>[B] (+0) -0.451086957<x219>[B] (+0) -0.451086957<x220>[B] (+0) -0.451086957<x221>[B] (+1) +0.451086957<x222>[B] (+0) +0.451086957<x223>[B] (+0) +0.451086957<x224>[B] (+0) +0.451086957<x225>[B] (+1) -0.451086957<x226>[B] (+0) +0.451086957<x227>[B] (+1) -0.451086957<x228>[B] (+1) -0.451086957<x229>[B] (+0) +0.451086957<x230>[B] (+0) +0.451086957<x231>[B] (+1) -0.451086957<x232>[B] (+1) -0.451086957<x233>[B] (+1) -0.451086957<x234>[B] (+1) -0.451086957<x235>[B] (+0) -0.451086957<x236>[B] (+1) -0.451086957<x237>[B] (+1) -0.451086957<x238>[B] (+0) -0.451086957<x239>[B] (+0) -0.451086957<x240>[B] (+1) -0.451086957<x241>[B] (+1) +0.451086957<x242>[B] (+1) -0.451086957<x243>[B] (+0) +0.451086957<x244>[B] (+1) -0.451086957<x245>[B] (+1) -0.451086957<x246>[B] (+0) -0.451086957<x247>[B] (+0) -0.451086957<x248>[B] (+1) +0.451086957<x249>[B] (+1) -0.451086957<x250>[B] (+0) +0.451086957<x251>[B] (+1) -0.451086957<x252>[B] (+1) -0.451086957<x253>[B] (+0) +0.451086957<x254>[B] (+0) +0.451086957<x255>[B] (+1) -0.451086957<x256>[B] (+0) +0.451086957<x257>[B] (+1) -0.451086957<x258>[B] (+1) -0.451086957<x259>[B] (+0) -0.451086957<x260>[B] (+0) -0.451086957<x261>[B] (+1) +0.451086957<x262>[B] (+1) +0.451086957<x263>[B] (+1) +0.451086957<x264>[B] (+1) +0.451086957<x265>[B] (+1) +0.451086957<x266>[B] (+1) -0.451086957<x267>[B] (+0) -0.451086957<x268>[B] (+0) -0.451086957<x269>[B] (+0) -0.451086957<x270>[B] (+1) -0.451086957<x271>[B] (+0) +0.451086957<x272>[B] (+0) +0.451086957<x273>[B] (+1) +0.451086957<x274>[B] (+0) +0.451086957<x275>[B] (+1) -0.451086957<x276>[B] (+1) >= 28.3061594202899;
;
violation: left hand side is violated by 0.282608695652172
  [linear] <c4088>: <x277>[C] (+28.5217391) +0.451086957<x1>[B] (+1) -0.451086957<x2>[B] (+1) +0.451086957<x3>[B] (+0) +0.451086957<x4>[B] (+1) +0.451086957<x5>[B] (+0) +0.451086957<x6>[B] (+1) +0.451086957<x7>[B] (+1) +0.451086957<x8>[B] (+1) +0.451086957<x9>[B] (+1) +0.451086957<x10>[B] (+0) +0.451086957<x11>[B] (+1) +0.451086957<x12>[B] (+1) -0.451086957<x13>[B] (+1) +0.451086957<x14>[B] (+1) +0.451086957<x15>[B] (+1) +0.451086957<x16>[B] (+1) +0.451086957<x17>[B] (+1) -0.451086957<x18>[B] (+0) +0.451086957<x19>[B] (+1) -0.451086957<x20>[B] (+1) -0.451086957<x21>[B] (+1) +0.451086957<x22>[B] (+0) +0.451086957<x23>[B] (+1) -0.451086957<x24>[B] (+0) -0.451086957<x25>[B] (+0) -0.451086957<x26>[B] (+1) -0.451086957<x27>[B] (+0) -0.451086957<x28>[B] (+1) -0.451086957<x29>[B] (+1) +0.451086957<x30>[B] (+1) -0.451086957<x31>[B] (+1) +0.451086957<x32>[B] (+0) -0.451086957<x33>[B] (+1) +0.451086957<x34>[B] (+1) -0.451086957<x35>[B] (+1) +0.451086957<x36>[B] (+1) -0.451086957<x37>[B] (+1) -0.451086957<x38>[B] (+1) -0.451086957<x39>[B] (+1) -0.451086957<x40>[B] (+0) +0.451086957<x41>[B] (+1) -0.451086957<x42>[B] (+1) -0.451086957<x43>[B] (+0) -0.451086957<x44>[B] (+0) -0.451086957<x45>[B] (+1) +0.451086957<x46>[B] (+0) +0.451086957<x47>[B] (+1) +0.451086957<x48>[B] (+0) +0.451086957<x49>[B] (+1) +0.451086957<x50>[B] (+1) +0.451086957<x51>[B] (+1) +0.451086957<x52>[B] (+1) +0.451086957<x53>[B] (+0) +0.451086957<x54>[B] (+1) +0.451086957<x55>[B] (+1) +0.451086957<x56>[B] (+1) +0.451086957<x57>[B] (+1) +0.451086957<x58>[B] (+1) +0.451086957<x59>[B] (+1) +0.451086957<x60>[B] (+1) -0.451086957<x61>[B] (+0) +0.451086957<x62>[B] (+1) -0.451086957<x63>[B] (+1) -0.451086957<x64>[B] (+0) +0.451086957<x65>[B] (+0) +0.451086957<x66>[B] (+1) +0.451086957<x67>[B] (+1) +0.451086957<x68>[B] (+0) -0.451086957<x69>[B] (+1) +0.451086957<x70>[B] (+1) +0.451086957<x71>[B] (+1) +0.451086957<x72>[B] (+1) +0.451086957<x73>[B] (+1) -0.451086957<x74>[B] (+1) +0.451086957<x75>[B] (+1) -0.451086957<x76>[B] (+1) +0.451086957<x77>[B] (+1) +0.451086957<x78>[B] (+1) -0.451086957<x79>[B] (+1) +0.451086957<x80>[B] (+1) -0.451086957<x81>[B] (+1) +0.451086957<x82>[B] (+1) -0.451086957<x83>[B] (+1) -0.451086957<x84>[B] (+1) +0.451086957<x85>[B] (+1) -0.451086957<x86>[B] (+1) +0.451086957<x87>[B] (+0) -0.451086957<x88>[B] (+1) +0.451086957<x89>[B] (+0) +0.451086957<x90>[B] (+1) -0.451086957<x91>[B] (+1) +0.451086957<x92>[B] (+0) -0.451086957<x93>[B] (+1) +0.451086957<x94>[B] (+1) -0.451086957<x95>[B] (+1) +0.451086957<x96>[B] (+0) +0.451086957<x97>[B] (+0) -0.451086957<x98>[B] (+0) +0.451086957<x99>[B] (+1) -0.451086957<x100>[B] (+0) +0.451086957<x101>[B] (+1) -0.451086957<x102>[B] (+1) -0.451086957<x103>[B] (+0) +0.451086957<x104>[B] (+0) -0.451086957<x105>[B] (+1) -0.451086957<x106>[B] (+1) -0.451086957<x107>[B] (+1) +0.451086957<x108>[B] (+1) -0.451086957<x109>[B] (+1) +0.451086957<x110>[B] (+1) -0.451086957<x111>[B] (+1) +0.451086957<x112>[B] (+1) -0.451086957<x113>[B] (+1) +0.451086957<x114>[B] (+1) -0.451086957<x115>[B] (+1) -0.451086957<x116>[B] (+1) -0.451086957<x117>[B] (+1) -0.451086957<x118>[B] (+1) +0.451086957<x119>[B] (+1) -0.451086957<x120>[B] (+1) -0.451086957<x121>[B] (+1) -0.451086957<x122>[B] (+1) -0.451086957<x123>[B] (+1) +0.451086957<x124>[B] (+0) +0.451086957<x125>[B] (+1) +0.451086957<x126>[B] (+1) +0.451086957<x127>[B] (+0) +0.451086957<x128>[B] (+1) +0.451086957<x129>[B] (+0) -0.451086957<x130>[B] (+0) +0.451086957<x131>[B] (+0) +0.451086957<x132>[B] (+0) +0.451086957<x133>[B] (+0) +0.451086957<x134>[B] (+0) -0.451086957<x135>[B] (+0) +0.451086957<x136>[B] (+0) -0.451086957<x137>[B] (+0) -0.451086957<x138>[B] (+0) +0.451086957<x139>[B] (+0) +0.451086957<x140>[B] (+1) +0.451086957<x141>[B] (+1) -0.451086957<x142>[B] (+1) +0.451086957<x143>[B] (+0) -0.451086957<x144>[B] (+1) +0.451086957<x145>[B] (+1) -0.451086957<x146>[B] (+1) +0.451086957<x147>[B] (+0) -0.451086957<x148>[B] (+0) -0.451086957<x149>[B] (+0) -0.451086957<x150>[B] (+1) -0.451086957<x151>[B] (+0) +0.451086957<x152>[B] (+1) -0.451086957<x153>[B] (+1) -0.451086957<x154>[B] (+0) -0.451086957<x155>[B] (+0) -0.451086957<x156>[B] (+1) -0.451086957<x157>[B] (+0) -0.451086957<x158>[B] (+0) -0.451086957<x159>[B] (+1) -0.451086957<x160>[B] (+0) -0.451086957<x161>[B] (+0) -0.451086957<x162>[B] (+0) -0.451086957<x163>[B] (+0) -0.451086957<x164>[B] (+0) -0.451086957<x165>[B] (+0) -0.451086957<x166>[B] (+0) -0.451086957<x167>[B] (+0) -0.451086957<x168>[B] (+0) -0.451086957<x169>[B] (+0) -0.451086957<x170>[B] (+0) -0.451086957<x171>[B] (+0) +0.451086957<x172>[B] (+0) -0.451086957<x173>[B] (+1) +0.451086957<x174>[B] (+0) -0.451086957<x175>[B] (+0) +0.451086957<x176>[B] (+0) +0.451086957<x177>[B] (+0) -0.451086957<x178>[B] (+0) +0.451086957<x179>[B] (+0) -0.451086957<x180>[B] (+0) +0.451086957<x181>[B] (+0) -0.451086957<x182>[B] (+0) -0.451086957<x183>[B] (+0) +0.451086957<x184>[B] (+0) -0.451086957<x185>[B] (+1) -0.451086957<x186>[B] (+1) +0.451086957<x187>[B] (+1) -0.451086957<x188>[B] (+1) +0.451086957<x189>[B] (+1) -0.451086957<x190>[B] (+1) -0.451086957<x191>[B] (+1) -0.451086957<x192>[B] (+1) -0.451086957<x193>[B] (+0) -0.451086957<x194>[B] (+1) -0.451086957<x195>[B] (+1) -0.451086957<x196>[B] (+1) -0.451086957<x197>[B] (+1) -0.451086957<x198>[B] (+1) +0.451086957<x199>[B] (+0) -0.451086957<x200>[B] (+0) +0.451086957<x201>[B] (+0) +0.451086957<x202>[B] (+0) -0.451086957<x203>[B] (+0) +0.451086957<x204>[B] (+0) -0.451086957<x205>[B] (+0) +0.451086957<x206>[B] (+0) -0.451086957<x207>[B] (+0) -0.451086957<x208>[B] (+0) +0.451086957<x209>[B] (+0) -0.451086957<x210>[B] (+0) -0.451086957<x211>[B] (+0) +0.451086957<x212>[B] (+0) -0.451086957<x213>[B] (+0) -0.451086957<x214>[B] (+0) -0.451086957<x215>[B] (+0) -0.451086957<x216>[B] (+0) -0.451086957<x217>[B] (+0) -0.451086957<x218>[B] (+0) -0.451086957<x219>[B] (+0) -0.451086957<x220>[B] (+0) -0.451086957<x221>[B] (+1) +0.451086957<x222>[B] (+0) +0.451086957<x223>[B] (+0) +0.451086957<x224>[B] (+0) +0.451086957<x225>[B] (+1) -0.451086957<x226>[B] (+0) +0.451086957<x227>[B] (+1) -0.451086957<x228>[B] (+1) -0.451086957<x229>[B] (+0) +0.451086957<x230>[B] (+0) +0.451086957<x231>[B] (+1) -0.451086957<x232>[B] (+1) -0.451086957<x233>[B] (+1) -0.451086957<x234>[B] (+1) -0.451086957<x235>[B] (+0) -0.451086957<x236>[B] (+1) -0.451086957<x237>[B] (+1) -0.451086957<x238>[B] (+0) -0.451086957<x239>[B] (+0) -0.451086957<x240>[B] (+1) -0.451086957<x241>[B] (+1) +0.451086957<x242>[B] (+1) -0.451086957<x243>[B] (+0) +0.451086957<x244>[B] (+1) -0.451086957<x245>[B] (+1) -0.451086957<x246>[B] (+0) -0.451086957<x247>[B] (+0) -0.451086957<x248>[B] (+1) +0.451086957<x249>[B] (+1) -0.451086957<x250>[B] (+0) +0.451086957<x251>[B] (+1) -0.451086957<x252>[B] (+1) -0.451086957<x253>[B] (+0) +0.451086957<x254>[B] (+0) +0.451086957<x255>[B] (+1) -0.451086957<x256>[B] (+0) +0.451086957<x257>[B] (+1) -0.451086957<x258>[B] (+1) -0.451086957<x259>[B] (+0) -0.451086957<x260>[B] (+0) -0.451086957<x261>[B] (+1) +0.451086957<x262>[B] (+1) +0.451086957<x263>[B] (+1) +0.451086957<x264>[B] (+1) +0.451086957<x265>[B] (+1) +0.451086957<x266>[B] (+1) -0.451086957<x267>[B] (+0) -0.451086957<x268>[B] (+0) -0.451086957<x269>[B] (+0) -0.451086957<x270>[B] (+1) -0.451086957<x271>[B] (+0) +0.451086957<x272>[B] (+0) +0.451086957<x273>[B] (+1) +0.451086957<x274>[B] (+0) +0.451086957<x275>[B] (+1) -0.451086957<x276>[B] (+1) >= 28.3061594202899;
;
violation: left hand side is violated by 0.235507246376812
  [linear] <c4088>: <x277>[C] (+28.2726449) +0.451086957<x1>[B] (+1) -0.451086957<x2>[B] (+1) +0.451086957<x3>[B] (+0) +0.451086957<x4>[B] (+1) +0.451086957<x5>[B] (+0) +0.451086957<x6>[B] (+1) +0.451086957<x7>[B] (+1) +0.451086957<x8>[B] (+1) +0.451086957<x9>[B] (+1) +0.451086957<x10>[B] (+0) +0.451086957<x11>[B] (+1) +0.451086957<x12>[B] (+1) -0.451086957<x13>[B] (+1) +0.451086957<x14>[B] (+1) +0.451086957<x15>[B] (+1) +0.451086957<x16>[B] (+1) +0.451086957<x17>[B] (+1) -0.451086957<x18>[B] (+0) +0.451086957<x19>[B] (+1) -0.451086957<x20>[B] (+1) -0.451086957<x21>[B] (+1) +0.451086957<x22>[B] (+1) +0.451086957<x23>[B] (+1) -0.451086957<x24>[B] (+0) -0.451086957<x25>[B] (+0) -0.451086957<x26>[B] (+1) -0.451086957<x27>[B] (+0) -0.451086957<x28>[B] (+1) -0.451086957<x29>[B] (+1) +0.451086957<x30>[B] (+1) -0.451086957<x31>[B] (+1) +0.451086957<x32>[B] (+0) -0.451086957<x33>[B] (+1) +0.451086957<x34>[B] (+1) -0.451086957<x35>[B] (+1) +0.451086957<x36>[B] (+1) -0.451086957<x37>[B] (+1) -0.451086957<x38>[B] (+1) -0.451086957<x39>[B] (+1) -0.451086957<x40>[B] (+0) +0.451086957<x41>[B] (+1) -0.451086957<x42>[B] (+1) -0.451086957<x43>[B] (+0) -0.451086957<x44>[B] (+0) -0.451086957<x45>[B] (+1) +0.451086957<x46>[B] (+0) +0.451086957<x47>[B] (+1) +0.451086957<x48>[B] (+0) +0.451086957<x49>[B] (+1) +0.451086957<x50>[B] (+1) +0.451086957<x51>[B] (+1) +0.451086957<x52>[B] (+1) +0.451086957<x53>[B] (+0) +0.451086957<x54>[B] (+1) +0.451086957<x55>[B] (+1) +0.451086957<x56>[B] (+1) +0.451086957<x57>[B] (+1) +0.451086957<x58>[B] (+1) +0.451086957<x59>[B] (+1) +0.451086957<x60>[B] (+1) -0.451086957<x61>[B] (+0) +0.451086957<x62>[B] (+1) -0.451086957<x63>[B] (+1) -0.451086957<x64>[B] (+0) +0.451086957<x65>[B] (+0) +0.451086957<x66>[B] (+1) +0.451086957<x67>[B] (+1) +0.451086957<x68>[B] (+0) -0.451086957<x69>[B] (+1) +0.451086957<x70>[B] (+1) +0.451086957<x71>[B] (+1) +0.451086957<x72>[B] (+1) +0.451086957<x73>[B] (+1) -0.451086957<x74>[B] (+1) +0.451086957<x75>[B] (+1) -0.451086957<x76>[B] (+1) +0.451086957<x77>[B] (+1) +0.451086957<x78>[B] (+1) -0.451086957<x79>[B] (+1) +0.451086957<x80>[B] (+1) -0.451086957<x81>[B] (+1) +0.451086957<x82>[B] (+1) -0.451086957<x83>[B] (+1) -0.451086957<x84>[B] (+1) +0.451086957<x85>[B] (+1) -0.451086957<x86>[B] (+1) +0.451086957<x87>[B] (+0) -0.451086957<x88>[B] (+1) +0.451086957<x89>[B] (+0) +0.451086957<x90>[B] (+1) -0.451086957<x91>[B] (+1) +0.451086957<x92>[B] (+0) -0.451086957<x93>[B] (+1) +0.451086957<x94>[B] (+1) -0.451086957<x95>[B] (+1) +0.451086957<x96>[B] (+0) +0.451086957<x97>[B] (+0) -0.451086957<x98>[B] (+0) +0.451086957<x99>[B] (+1) -0.451086957<x100>[B] (+0) +0.451086957<x101>[B] (+1) -0.451086957<x102>[B] (+1) -0.451086957<x103>[B] (+0) +0.451086957<x104>[B] (+0) -0.451086957<x105>[B] (+1) -0.451086957<x106>[B] (+1) -0.451086957<x107>[B] (+1) +0.451086957<x108>[B] (+1) -0.451086957<x109>[B] (+1) +0.451086957<x110>[B] (+1) -0.451086957<x111>[B] (+1) +0.451086957<x112>[B] (+1) -0.451086957<x113>[B] (+1) +0.451086957<x114>[B] (+1) -0.451086957<x115>[B] (+1) -0.451086957<x116>[B] (+1) -0.451086957<x117>[B] (+1) -0.451086957<x118>[B] (+1) +0.451086957<x119>[B] (+1) -0.451086957<x120>[B] (+1) -0.451086957<x121>[B] (+1) -0.451086957<x122>[B] (+1) -0.451086957<x123>[B] (+1) +0.451086957<x124>[B] (+0) +0.451086957<x125>[B] (+1) +0.451086957<x126>[B] (+1) +0.451086957<x127>[B] (+0) +0.451086957<x128>[B] (+1) +0.451086957<x129>[B] (+0) -0.451086957<x130>[B] (+0) +0.451086957<x131>[B] (+0) +0.451086957<x132>[B] (+0) +0.451086957<x133>[B] (+0) +0.451086957<x134>[B] (+0) -0.451086957<x135>[B] (+0) +0.451086957<x136>[B] (+0) -0.451086957<x137>[B] (+0) -0.451086957<x138>[B] (+0) +0.451086957<x139>[B] (+0) +0.451086957<x140>[B] (+1) +0.451086957<x141>[B] (+1) -0.451086957<x142>[B] (+1) +0.451086957<x143>[B] (+0) -0.451086957<x144>[B] (+1) +0.451086957<x145>[B] (+1) -0.451086957<x146>[B] (+1) +0.451086957<x147>[B] (+0) -0.451086957<x148>[B] (+0) -0.451086957<x149>[B] (+0) -0.451086957<x150>[B] (+1) -0.451086957<x151>[B] (+0) +0.451086957<x152>[B] (+1) -0.451086957<x153>[B] (+1) -0.451086957<x154>[B] (+0) -0.451086957<x155>[B] (+0) -0.451086957<x156>[B] (+1) -0.451086957<x157>[B] (+0) -0.451086957<x158>[B] (+0) -0.451086957<x159>[B] (+1) -0.451086957<x160>[B] (+0) -0.451086957<x161>[B] (+0) -0.451086957<x162>[B] (+0) -0.451086957<x163>[B] (+0) -0.451086957<x164>[B] (+0) -0.451086957<x165>[B] (+0) -0.451086957<x166>[B] (+0) -0.451086957<x167>[B] (+0) -0.451086957<x168>[B] (+0) -0.451086957<x169>[B] (+0) -0.451086957<x170>[B] (+0) -0.451086957<x171>[B] (+0) +0.451086957<x172>[B] (+0) -0.451086957<x173>[B] (+1) +0.451086957<x174>[B] (+0) -0.451086957<x175>[B] (+0) +0.451086957<x176>[B] (+0) +0.451086957<x177>[B] (+0) -0.451086957<x178>[B] (+0) +0.451086957<x179>[B] (+0) -0.451086957<x180>[B] (+0) +0.451086957<x181>[B] (+0) -0.451086957<x182>[B] (+0) -0.451086957<x183>[B] (+0) +0.451086957<x184>[B] (+0) -0.451086957<x185>[B] (+1) -0.451086957<x186>[B] (+1) +0.451086957<x187>[B] (+1) -0.451086957<x188>[B] (+1) +0.451086957<x189>[B] (+1) -0.451086957<x190>[B] (+1) -0.451086957<x191>[B] (+1) -0.451086957<x192>[B] (+1) -0.451086957<x193>[B] (+0) -0.451086957<x194>[B] (+1) -0.451086957<x195>[B] (+1) -0.451086957<x196>[B] (+1) -0.451086957<x197>[B] (+1) -0.451086957<x198>[B] (+1) +0.451086957<x199>[B] (+0) -0.451086957<x200>[B] (+0) +0.451086957<x201>[B] (+0) +0.451086957<x202>[B] (+0) -0.451086957<x203>[B] (+0) +0.451086957<x204>[B] (+0) -0.451086957<x205>[B] (+0) +0.451086957<x206>[B] (+0) -0.451086957<x207>[B] (+0) -0.451086957<x208>[B] (+0) +0.451086957<x209>[B] (+0) -0.451086957<x210>[B] (+0) -0.451086957<x211>[B] (+0) +0.451086957<x212>[B] (+0) -0.451086957<x213>[B] (+0) -0.451086957<x214>[B] (+0) -0.451086957<x215>[B] (+0) -0.451086957<x216>[B] (+0) -0.451086957<x217>[B] (+0) -0.451086957<x218>[B] (+0) -0.451086957<x219>[B] (+0) -0.451086957<x220>[B] (+0) -0.451086957<x221>[B] (+1) +0.451086957<x222>[B] (+0) +0.451086957<x223>[B] (+0) +0.451086957<x224>[B] (+0) +0.451086957<x225>[B] (+1) -0.451086957<x226>[B] (+0) +0.451086957<x227>[B] (+1) -0.451086957<x228>[B] (+1) -0.451086957<x229>[B] (+0) +0.451086957<x230>[B] (+0) +0.451086957<x231>[B] (+1) -0.451086957<x232>[B] (+1) -0.451086957<x233>[B] (+1) -0.451086957<x234>[B] (+1) -0.451086957<x235>[B] (+0) -0.451086957<x236>[B] (+1) -0.451086957<x237>[B] (+1) -0.451086957<x238>[B] (+0) -0.451086957<x239>[B] (+0) -0.451086957<x240>[B] (+1) -0.451086957<x241>[B] (+1) +0.451086957<x242>[B] (+1) -0.451086957<x243>[B] (+0) +0.451086957<x244>[B] (+1) -0.451086957<x245>[B] (+1) -0.451086957<x246>[B] (+0) -0.451086957<x247>[B] (+0) -0.451086957<x248>[B] (+1) +0.451086957<x249>[B] (+1) -0.451086957<x250>[B] (+0) +0.451086957<x251>[B] (+1) -0.451086957<x252>[B] (+1) -0.451086957<x253>[B] (+0) +0.451086957<x254>[B] (+0) +0.451086957<x255>[B] (+1) -0.451086957<x256>[B] (+0) +0.451086957<x257>[B] (+1) -0.451086957<x258>[B] (+1) -0.451086957<x259>[B] (+0) -0.451086957<x260>[B] (+0) -0.451086957<x261>[B] (+1) +0.451086957<x262>[B] (+1) +0.451086957<x263>[B] (+1) +0.451086957<x264>[B] (+1) +0.451086957<x265>[B] (+1) +0.451086957<x266>[B] (+1) -0.451086957<x267>[B] (+0) -0.451086957<x268>[B] (+0) -0.451086957<x269>[B] (+0) -0.451086957<x270>[B] (+1) -0.451086957<x271>[B] (+0) +0.451086957<x272>[B] (+0) +0.451086957<x273>[B] (+1) +0.451086957<x274>[B] (+0) +0.451086957<x275>[B] (+1) -0.451086957<x276>[B] (+1) >= 28.3061594202899;
;
violation: left hand side is violated by 0.0335144927535822
  [linear] <c4090>: <x280>[C] (+57.2355072) +0.628623188<x1>[B] (+1) +0.628623188<x2>[B] (+1) +0.628623188<x3>[B] (+0) +0.628623188<x4>[B] (+1) +0.628623188<x5>[B] (+0) -0.628623188<x6>[B] (+1) +0.628623188<x7>[B] (+1) -0.628623188<x8>[B] (+1) +0.628623188<x9>[B] (+1) +0.628623188<x10>[B] (+0) -0.628623188<x11>[B] (+1) -0.628623188<x12>[B] (+1) +0.628623188<x13>[B] (+1) +0.628623188<x14>[B] (+1) +0.628623188<x15>[B] (+1) +0.628623188<x16>[B] (+1) +0.628623188<x17>[B] (+1) +0.628623188<x18>[B] (+0) -0.628623188<x19>[B] (+1) +0.628623188<x20>[B] (+1) -0.628623188<x21>[B] (+1) -0.628623188<x22>[B] (+1) +0.628623188<x23>[B] (+1) +0.628623188<x24>[B] (+0) +0.628623188<x25>[B] (+0) -0.628623188<x26>[B] (+0) +0.628623188<x27>[B] (+0) -0.628623188<x28>[B] (+1) -0.628623188<x29>[B] (+1) -0.628623188<x30>[B] (+1) -0.628623188<x31>[B] (+1) -0.628623188<x32>[B] (+0) -0.628623188<x33>[B] (+1) -0.628623188<x34>[B] (+1) -0.628623188<x35>[B] (+0) -0.628623188<x36>[B] (+1) +0.628623188<x37>[B] (+0) -0.628623188<x38>[B] (+1) -0.628623188<x39>[B] (+1) -0.628623188<x40>[B] (+0) -0.628623188<x41>[B] (+1) +0.628623188<x42>[B] (+0) -0.628623188<x43>[B] (+0) -0.628623188<x44>[B] (+0) +0.628623188<x45>[B] (+1) -0.628623188<x46>[B] (+0) -0.628623188<x47>[B] (+1) -0.628623188<x48>[B] (+0) -0.628623188<x49>[B] (+1) -0.628623188<x50>[B] (+1) -0.628623188<x51>[B] (+1) -0.628623188<x52>[B] (+1) -0.628623188<x53>[B] (+0) -0.628623188<x54>[B] (+1) -0.628623188<x55>[B] (+1) -0.628623188<x56>[B] (+1) -0.628623188<x57>[B] (+1) -0.628623188<x58>[B] (+1) -0.628623188<x59>[B] (+1) -0.628623188<x60>[B] (+1) -0.628623188<x61>[B] (+0) -0.628623188<x62>[B] (+1) +0.628623188<x63>[B] (+1) -0.628623188<x64>[B] (+0) -0.628623188<x65>[B] (+0) -0.628623188<x66>[B] (+1) -0.628623188<x67>[B] (+1) +0.628623188<x68>[B] (+0) -0.628623188<x69>[B] (+1) -0.628623188<x70>[B] (+1) -0.628623188<x71>[B] (+1) -0.628623188<x72>[B] (+1) -0.628623188<x73>[B] (+1) -0.628623188<x74>[B] (+1) -0.628623188<x75>[B] (+1) -0.628623188<x76>[B] (+1) -0.628623188<x77>[B] (+1) -0.628623188<x78>[B] (+1) -0.628623188<x79>[B] (+1) -0.628623188<x80>[B] (+1) -0.628623188<x81>[B] (+1) -0.628623188<x82>[B] (+1) +0.628623188<x83>[B] (+1) -0.628623188<x84>[B] (+1) -0.628623188<x85>[B] (+1) -0.628623188<x86>[B] (+1) +0.628623188<x87>[B] (+0) -0.628623188<x88>[B] (+1) -0.628623188<x89>[B] (+1) -0.628623188<x90>[B] (+1) -0.628623188<x91>[B] (+1) -0.628623188<x92>[B] (+0) -0.628623188<x93>[B] (+1) -0.628623188<x94>[B] (+1) -0.628623188<x95>[B] (+1) -0.628623188<x96>[B] (+1) +0.628623188<x97>[B] (+0) +0.628623188<x98>[B] (+1) -0.628623188<x99>[B] (+1) -0.628623188<x100>[B] (+0) -0.628623188<x101>[B] (+1) +0.628623188<x102>[B] (+1) -0.628623188<x103>[B] (+0) -0.628623188<x104>[B] (+0) +0.628623188<x105>[B] (+1) -0.628623188<x106>[B] (+1) -0.628623188<x107>[B] (+1) -0.628623188<x108>[B] (+1) -0.628623188<x109>[B] (+1) -0.628623188<x110>[B] (+1) -0.628623188<x111>[B] (+1) -0.628623188<x112>[B] (+1) -0.628623188<x113>[B] (+1) -0.628623188<x114>[B] (+1) -0.628623188<x115>[B] (+1) -0.628623188<x116>[B] (+1) -0.628623188<x117>[B] (+1) -0.628623188<x118>[B] (+1) -0.628623188<x119>[B] (+1) +0.628623188<x120>[B] (+1) -0.628623188<x121>[B] (+1) -0.628623188<x122>[B] (+1) -0.628623188<x123>[B] (+1) +0.628623188<x124>[B] (+0) -0.628623188<x125>[B] (+0) +0.628623188<x126>[B] (+1) +0.628623188<x127>[B] (+0) -0.628623188<x128>[B] (+1) +0.628623188<x129>[B] (+0) +0.628623188<x130>[B] (+0) +0.628623188<x131>[B] (+0) +0.628623188<x132>[B] (+0) +0.628623188<x133>[B] (+0) +0.628623188<x134>[B] (+0) +0.628623188<x135>[B] (+0) +0.628623188<x136>[B] (+0) +0.628623188<x137>[B] (+0) -0.628623188<x138>[B] (+0) +0.628623188<x139>[B] (+0) +0.628623188<x140>[B] (+0) -0.628623188<x141>[B] (+1) +0.628623188<x142>[B] (+1) -0.628623188<x143>[B] (+0) -0.628623188<x144>[B] (+1) -0.628623188<x145>[B] (+1) -0.628623188<x146>[B] (+0) +0.628623188<x147>[B] (+0) +0.628623188<x148>[B] (+0) +0.628623188<x149>[B] (+0) +0.628623188<x150>[B] (+1) -0.628623188<x151>[B] (+0) -0.628623188<x152>[B] (+1) +0.628623188<x153>[B] (+0) -0.628623188<x154>[B] (+0) -0.628623188<x155>[B] (+0) +0.628623188<x156>[B] (+1) +0.628623188<x157>[B] (+1) +0.628623188<x158>[B] (+0) -0.628623188<x159>[B] (+1) +0.628623188<x160>[B] (+1) +0.628623188<x161>[B] (+0) +0.628623188<x162>[B] (+0) +0.628623188<x163>[B] (+0) +0.628623188<x164>[B] (+0) +0.628623188<x165>[B] (+0) +0.628623188<x166>[B] (+0) +0.628623188<x167>[B] (+0) +0.628623188<x168>[B] (+0) +0.628623188<x169>[B] (+0) +0.628623188<x170>[B] (+0) +0.628623188<x171>[B] (+0) -0.628623188<x172>[B] (+0) -0.628623188<x173>[B] (+1) -0.628623188<x174>[B] (+0) -0.628623188<x175>[B] (+0) +0.628623188<x176>[B] (+0) +0.628623188<x177>[B] (+0) +0.628623188<x178>[B] (+0) -0.628623188<x179>[B] (+0) -0.628623188<x180>[B] (+0) -0.628623188<x181>[B] (+0) +0.628623188<x182>[B] (+0) -0.628623188<x183>[B] (+0) -0.628623188<x184>[B] (+0) +0.628623188<x185>[B] (+0) -0.628623188<x186>[B] (+1) -0.628623188<x187>[B] (+1) +0.628623188<x188>[B] (+1) +0.628623188<x189>[B] (+1) +0.628623188<x190>[B] (+1) +0.628623188<x191>[B] (+1) +0.628623188<x192>[B] (+1) +0.628623188<x193>[B] (+0) -0.628623188<x194>[B] (+1) +0.628623188<x195>[B] (+1) -0.628623188<x196>[B] (+1) -0.628623188<x197>[B] (+1) +0.628623188<x198>[B] (+1) +0.628623188<x199>[B] (+0) +0.628623188<x200>[B] (+0) +0.628623188<x201>[B] (+0) +0.628623188<x202>[B] (+0) +0.628623188<x203>[B] (+0) +0.628623188<x204>[B] (+0) +0.628623188<x205>[B] (+0) +0.628623188<x206>[B] (+0) +0.628623188<x207>[B] (+0) +0.628623188<x208>[B] (+0) +0.628623188<x209>[B] (+0) +0.628623188<x210>[B] (+0) +0.628623188<x211>[B] (+0) +0.628623188<x212>[B] (+0) +0.628623188<x213>[B] (+0) +0.628623188<x214>[B] (+0) +0.628623188<x215>[B] (+0) +0.628623188<x216>[B] (+0) +0.628623188<x217>[B] (+0) +0.628623188<x218>[B] (+0) -0.628623188<x219>[B] (+0) +0.628623188<x220>[B] (+0) +0.628623188<x221>[B] (+0) +0.628623188<x222>[B] (+1) +0.628623188<x223>[B] (+0) +0.628623188<x224>[B] (+1) +0.628623188<x225>[B] (+1) -0.628623188<x226>[B] (+0) -0.628623188<x227>[B] (+1) +0.628623188<x228>[B] (+1) -0.628623188<x229>[B] (+0) -0.628623188<x230>[B] (+0) +0.628623188<x231>[B] (+1) +0.628623188<x232>[B] (+0) +0.628623188<x233>[B] (+1) -0.628623188<x234>[B] (+1) -0.628623188<x235>[B] (+0) -0.628623188<x236>[B] (+1) +0.628623188<x237>[B] (+0) -0.628623188<x238>[B] (+0) -0.628623188<x239>[B] (+0) +0.628623188<x240>[B] (+1) -0.628623188<x241>[B] (+1) -0.628623188<x242>[B] (+1) -0.628623188<x243>[B] (+0) -0.628623188<x244>[B] (+1) +0.628623188<x245>[B] (+1) -0.628623188<x246>[B] (+0) -0.628623188<x247>[B] (+0) +0.628623188<x248>[B] (+1) -0.628623188<x249>[B] (+1) -0.628623188<x250>[B] (+0) -0.628623188<x251>[B] (+1) +0.628623188<x252>[B] (+0) -0.628623188<x253>[B] (+0) -0.628623188<x254>[B] (+0) +0.628623188<x255>[B] (+1) -0.628623188<x256>[B] (+0) -0.628623188<x257>[B] (+1) +0.628623188<x258>[B] (+0) -0.628623188<x259>[B] (+0) -0.628623188<x260>[B] (+0) +0.628623188<x261>[B] (+1) -0.628623188<x262>[B] (+1) +0.628623188<x263>[B] (+1) -0.628623188<x264>[B] (+1) -0.628623188<x265>[B] (+1) +0.628623188<x266>[B] (+1) +0.628623188<x267>[B] (+0) -0.628623188<x268>[B] (+0) -0.628623188<x269>[B] (+0) +0.628623188<x270>[B] (+0) -0.628623188<x271>[B] (+0) -0.628623188<x272>[B] (+0) -0.628623188<x273>[B] (+1) +0.628623188<x274>[B] (+0) +0.628623188<x275>[B] (+1) +0.628623188<x276>[B] (+1) >= 23.4166666666667;
;
violation: left hand side is violated by 0.126811594202842
  [linear] <c4088>: <x277>[C] (+27.0778986) +0.451086957<x1>[B] (+1) -0.451086957<x2>[B] (+1) +0.451086957<x3>[B] (+0) +0.451086957<x4>[B] (+1) +0.451086957<x5>[B] (+0) +0.451086957<x6>[B] (+1) +0.451086957<x7>[B] (+1) +0.451086957<x8>[B] (+1) +0.451086957<x9>[B] (+1) +0.451086957<x10>[B] (+0) +0.451086957<x11>[B] (+1) +0.451086957<x12>[B] (+1) -0.451086957<x13>[B] (+1) +0.451086957<x14>[B] (+1) +0.451086957<x15>[B] (+1) +0.451086957<x16>[B] (+1) +0.451086957<x17>[B] (+1) -0.451086957<x18>[B] (+0) +0.451086957<x19>[B] (+1) -0.451086957<x20>[B] (+1) -0.451086957<x21>[B] (+1) +0.451086957<x22>[B] (+1) +0.451086957<x23>[B] (+1) -0.451086957<x24>[B] (+0) -0.451086957<x25>[B] (+0) -0.451086957<x26>[B] (+1) -0.451086957<x27>[B] (+0) -0.451086957<x28>[B] (+1) -0.451086957<x29>[B] (+1) +0.451086957<x30>[B] (+1) -0.451086957<x31>[B] (+1) +0.451086957<x32>[B] (+0) -0.451086957<x33>[B] (+1) +0.451086957<x34>[B] (+1) -0.451086957<x35>[B] (+1) +0.451086957<x36>[B] (+1) -0.451086957<x37>[B] (+1) -0.451086957<x38>[B] (+1) -0.451086957<x39>[B] (+1) -0.451086957<x40>[B] (+0) +0.451086957<x41>[B] (+1) -0.451086957<x42>[B] (+1) -0.451086957<x43>[B] (+0) -0.451086957<x44>[B] (+0) -0.451086957<x45>[B] (+1) +0.451086957<x46>[B] (+0) +0.451086957<x47>[B] (+1) +0.451086957<x48>[B] (+0) +0.451086957<x49>[B] (+1) +0.451086957<x50>[B] (+1) +0.451086957<x51>[B] (+1) +0.451086957<x52>[B] (+1) +0.451086957<x53>[B] (+0) +0.451086957<x54>[B] (+1) +0.451086957<x55>[B] (+1) +0.451086957<x56>[B] (+1) +0.451086957<x57>[B] (+1) +0.451086957<x58>[B] (+1) +0.451086957<x59>[B] (+1) +0.451086957<x60>[B] (+1) -0.451086957<x61>[B] (+0) +0.451086957<x62>[B] (+1) -0.451086957<x63>[B] (+1) -0.451086957<x64>[B] (+0) +0.451086957<x65>[B] (+0) +0.451086957<x66>[B] (+1) +0.451086957<x67>[B] (+1) +0.451086957<x68>[B] (+0) -0.451086957<x69>[B] (+1) +0.451086957<x70>[B] (+1) +0.451086957<x71>[B] (+1) +0.451086957<x72>[B] (+1) +0.451086957<x73>[B] (+1) -0.451086957<x74>[B] (+1) +0.451086957<x75>[B] (+1) -0.451086957<x76>[B] (+1) +0.451086957<x77>[B] (+1) +0.451086957<x78>[B] (+1) -0.451086957<x79>[B] (+1) +0.451086957<x80>[B] (+1) -0.451086957<x81>[B] (+1) +0.451086957<x82>[B] (+1) -0.451086957<x83>[B] (+1) -0.451086957<x84>[B] (+1) +0.451086957<x85>[B] (+1) -0.451086957<x86>[B] (+1) +0.451086957<x87>[B] (+0) -0.451086957<x88>[B] (+1) +0.451086957<x89>[B] (+0) +0.451086957<x90>[B] (+1) -0.451086957<x91>[B] (+1) +0.451086957<x92>[B] (+0) -0.451086957<x93>[B] (+1) +0.451086957<x94>[B] (+1) -0.451086957<x95>[B] (+1) +0.451086957<x96>[B] (+0) +0.451086957<x97>[B] (+0) -0.451086957<x98>[B] (+0) +0.451086957<x99>[B] (+1) -0.451086957<x100>[B] (+0) +0.451086957<x101>[B] (+1) -0.451086957<x102>[B] (+1) -0.451086957<x103>[B] (+0) +0.451086957<x104>[B] (+0) -0.451086957<x105>[B] (+1) -0.451086957<x106>[B] (+1) -0.451086957<x107>[B] (+1) +0.451086957<x108>[B] (+1) -0.451086957<x109>[B] (+1) +0.451086957<x110>[B] (+1) -0.451086957<x111>[B] (+1) +0.451086957<x112>[B] (+1) -0.451086957<x113>[B] (+1) +0.451086957<x114>[B] (+1) -0.451086957<x115>[B] (+1) -0.451086957<x116>[B] (+1) -0.451086957<x117>[B] (+1) -0.451086957<x118>[B] (+1) +0.451086957<x119>[B] (+1) -0.451086957<x120>[B] (+1) -0.451086957<x121>[B] (+1) -0.451086957<x122>[B] (+1) -0.451086957<x123>[B] (+1) +0.451086957<x124>[B] (+0) +0.451086957<x125>[B] (+1) +0.451086957<x126>[B] (+1) +0.451086957<x127>[B] (+0) +0.451086957<x128>[B] (+1) +0.451086957<x129>[B] (+0) -0.451086957<x130>[B] (+0) +0.451086957<x131>[B] (+0) +0.451086957<x132>[B] (+0) +0.451086957<x133>[B] (+0) +0.451086957<x134>[B] (+0) -0.451086957<x135>[B] (+0) +0.451086957<x136>[B] (+1) -0.451086957<x137>[B] (+0) -0.451086957<x138>[B] (+0) +0.451086957<x139>[B] (+0) +0.451086957<x140>[B] (+1) +0.451086957<x141>[B] (+1) -0.451086957<x142>[B] (+1) +0.451086957<x143>[B] (+0) -0.451086957<x144>[B] (+1) +0.451086957<x145>[B] (+1) -0.451086957<x146>[B] (+1) +0.451086957<x147>[B] (+1) -0.451086957<x148>[B] (+0) -0.451086957<x149>[B] (+1) -0.451086957<x150>[B] (+1) -0.451086957<x151>[B] (+0) +0.451086957<x152>[B] (+1) -0.451086957<x153>[B] (+1) -0.451086957<x154>[B] (+0) -0.451086957<x155>[B] (+0) -0.451086957<x156>[B] (+1) -0.451086957<x157>[B] (+0) -0.451086957<x158>[B] (+0) -0.451086957<x159>[B] (+1) -0.451086957<x160>[B] (+0) -0.451086957<x161>[B] (+0) -0.451086957<x162>[B] (+0) -0.451086957<x163>[B] (+0) -0.451086957<x164>[B] (+0) -0.451086957<x165>[B] (+0) -0.451086957<x166>[B] (+0) -0.451086957<x167>[B] (+0) -0.451086957<x168>[B] (+0) -0.451086957<x169>[B] (+0) -0.451086957<x170>[B] (+0) -0.451086957<x171>[B] (+0) +0.451086957<x172>[B] (+0) -0.451086957<x173>[B] (+1) +0.451086957<x174>[B] (+0) -0.451086957<x175>[B] (+0) +0.451086957<x176>[B] (+0) +0.451086957<x177>[B] (+0) -0.451086957<x178>[B] (+0) +0.451086957<x179>[B] (+0) -0.451086957<x180>[B] (+0) +0.451086957<x181>[B] (+0) -0.451086957<x182>[B] (+0) -0.451086957<x183>[B] (+0) +0.451086957<x184>[B] (+0) -0.451086957<x185>[B] (+0) -0.451086957<x186>[B] (+1) +0.451086957<x187>[B] (+1) -0.451086957<x188>[B] (+1) +0.451086957<x189>[B] (+1) -0.451086957<x190>[B] (+1) -0.451086957<x191>[B] (+1) -0.451086957<x192>[B] (+1) -0.451086957<x193>[B] (+0) -0.451086957<x194>[B] (+1) -0.451086957<x195>[B] (+1) -0.451086957<x196>[B] (+1) -0.451086957<x197>[B] (+1) -0.451086957<x198>[B] (+1) +0.451086957<x199>[B] (+0) -0.451086957<x200>[B] (+0) +0.451086957<x201>[B] (+0) +0.451086957<x202>[B] (+0) -0.451086957<x203>[B] (+0) +0.451086957<x204>[B] (+0) -0.451086957<x205>[B] (+0) +0.451086957<x206>[B] (+0) -0.451086957<x207>[B] (+0) -0.451086957<x208>[B] (+0) +0.451086957<x209>[B] (+0) -0.451086957<x210>[B] (+0) -0.451086957<x211>[B] (+0) +0.451086957<x212>[B] (+0) -0.451086957<x213>[B] (+0) -0.451086957<x214>[B] (+0) -0.451086957<x215>[B] (+0) -0.451086957<x216>[B] (+0) -0.451086957<x217>[B] (+1) -0.451086957<x218>[B] (+1) -0.451086957<x219>[B] (+0) -0.451086957<x220>[B] (+0) -0.451086957<x221>[B] (+1) +0.451086957<x222>[B] (+0) +0.451086957<x223>[B] (+0) +0.451086957<x224>[B] (+0) +0.451086957<x225>[B] (+1) -0.451086957<x226>[B] (+0) +0.451086957<x227>[B] (+1) -0.451086957<x228>[B] (+1) -0.451086957<x229>[B] (+0) +0.451086957<x230>[B] (+0) +0.451086957<x231>[B] (+1) -0.451086957<x232>[B] (+0) -0.451086957<x233>[B] (+0) -0.451086957<x234>[B] (+1) -0.451086957<x235>[B] (+0) -0.451086957<x236>[B] (+1) -0.451086957<x237>[B] (+1) -0.451086957<x238>[B] (+0) -0.451086957<x239>[B] (+0) -0.451086957<x240>[B] (+1) -0.451086957<x241>[B] (+1) +0.451086957<x242>[B] (+1) -0.451086957<x243>[B] (+0) +0.451086957<x244>[B] (+1) -0.451086957<x245>[B] (+1) -0.451086957<x246>[B] (+0) -0.451086957<x247>[B] (+0) -0.451086957<x248>[B] (+1) +0.451086957<x249>[B] (+1) -0.451086957<x250>[B] (+0) +0.451086957<x251>[B] (+1) -0.451086957<x252>[B] (+1) -0.451086957<x253>[B] (+0) +0.451086957<x254>[B] (+0) +0.451086957<x255>[B] (+1) -0.451086957<x256>[B] (+0) +0.451086957<x257>[B] (+1) -0.451086957<x258>[B] (+1) -0.451086957<x259>[B] (+0) -0.451086957<x260>[B] (+0) -0.451086957<x261>[B] (+1) +0.451086957<x262>[B] (+1) +0.451086957<x263>[B] (+1) +0.451086957<x264>[B] (+1) +0.451086957<x265>[B] (+1) +0.451086957<x266>[B] (+1) -0.451086957<x267>[B] (+0) -0.451086957<x268>[B] (+0) -0.451086957<x269>[B] (+0) -0.451086957<x270>[B] (+1) -0.451086957<x271>[B] (+0) +0.451086957<x272>[B] (+0) +0.451086957<x273>[B] (+1) +0.451086957<x274>[B] (+0) +0.451086957<x275>[B] (+1) -0.451086957<x276>[B] (+1) >= 28.3061594202899;
;
violation: left hand side is violated by 0.326086956521742
  [linear] <c4090>: <x280>[C] (+55.4039855) +0.628623188<x1>[B] (+1) +0.628623188<x2>[B] (+1) +0.628623188<x3>[B] (+0) +0.628623188<x4>[B] (+1) +0.628623188<x5>[B] (+0) -0.628623188<x6>[B] (+1) +0.628623188<x7>[B] (+1) -0.628623188<x8>[B] (+1) +0.628623188<x9>[B] (+1) +0.628623188<x10>[B] (+0) -0.628623188<x11>[B] (+1) -0.628623188<x12>[B] (+1) +0.628623188<x13>[B] (+1) +0.628623188<x14>[B] (+1) +0.628623188<x15>[B] (+1) +0.628623188<x16>[B] (+1) +0.628623188<x17>[B] (+1) +0.628623188<x18>[B] (+0) -0.628623188<x19>[B] (+1) +0.628623188<x20>[B] (+1) -0.628623188<x21>[B] (+1) -0.628623188<x22>[B] (+1) +0.628623188<x23>[B] (+1) +0.628623188<x24>[B] (+0) +0.628623188<x25>[B] (+0) -0.628623188<x26>[B] (+1) +0.628623188<x27>[B] (+0) -0.628623188<x28>[B] (+1) -0.628623188<x29>[B] (+1) -0.628623188<x30>[B] (+1) -0.628623188<x31>[B] (+1) -0.628623188<x32>[B] (+0) -0.628623188<x33>[B] (+1) -0.628623188<x34>[B] (+1) -0.628623188<x35>[B] (+1) -0.628623188<x36>[B] (+1) +0.628623188<x37>[B] (+1) -0.628623188<x38>[B] (+1) -0.628623188<x39>[B] (+1) -0.628623188<x40>[B] (+0) -0.628623188<x41>[B] (+1) +0.628623188<x42>[B] (+1) -0.628623188<x43>[B] (+0) -0.628623188<x44>[B] (+0) +0.628623188<x45>[B] (+1) -0.628623188<x46>[B] (+0) -0.628623188<x47>[B] (+1) -0.628623188<x48>[B] (+0) -0.628623188<x49>[B] (+1) -0.628623188<x50>[B] (+1) -0.628623188<x51>[B] (+1) -0.628623188<x52>[B] (+1) -0.628623188<x53>[B] (+0) -0.628623188<x54>[B] (+1) -0.628623188<x55>[B] (+1) -0.628623188<x56>[B] (+1) -0.628623188<x57>[B] (+1) -0.628623188<x58>[B] (+1) -0.628623188<x59>[B] (+1) -0.628623188<x60>[B] (+1) -0.628623188<x61>[B] (+0) -0.628623188<x62>[B] (+1) +0.628623188<x63>[B] (+1) -0.628623188<x64>[B] (+0) -0.628623188<x65>[B] (+0) -0.628623188<x66>[B] (+1) -0.628623188<x67>[B] (+1) +0.628623188<x68>[B] (+0) -0.628623188<x69>[B] (+1) -0.628623188<x70>[B] (+1) -0.628623188<x71>[B] (+1) -0.628623188<x72>[B] (+1) -0.628623188<x73>[B] (+1) -0.628623188<x74>[B] (+1) -0.628623188<x75>[B] (+1) -0.628623188<x76>[B] (+1) -0.628623188<x77>[B] (+1) -0.628623188<x78>[B] (+1) -0.628623188<x79>[B] (+1) -0.628623188<x80>[B] (+1) -0.628623188<x81>[B] (+1) -0.628623188<x82>[B] (+1) +0.628623188<x83>[B] (+1) -0.628623188<x84>[B] (+1) -0.628623188<x85>[B] (+1) -0.628623188<x86>[B] (+1) +0.628623188<x87>[B] (+0) -0.628623188<x88>[B] (+1) -0.628623188<x89>[B] (+0) -0.628623188<x90>[B] (+1) -0.628623188<x91>[B] (+1) -0.628623188<x92>[B] (+0) -0.628623188<x93>[B] (+1) -0.628623188<x94>[B] (+1) -0.628623188<x95>[B] (+1) -0.628623188<x96>[B] (+0) +0.628623188<x97>[B] (+0) +0.628623188<x98>[B] (+0) -0.628623188<x99>[B] (+1) -0.628623188<x100>[B] (+0) -0.628623188<x101>[B] (+1) +0.628623188<x102>[B] (+1) -0.628623188<x103>[B] (+0) -0.628623188<x104>[B] (+0) +0.628623188<x105>[B] (+1) -0.628623188<x106>[B] (+1) -0.628623188<x107>[B] (+1) -0.628623188<x108>[B] (+1) -0.628623188<x109>[B] (+1) -0.628623188<x110>[B] (+1) -0.628623188<x111>[B] (+1) -0.628623188<x112>[B] (+1) -0.628623188<x113>[B] (+1) -0.628623188<x114>[B] (+1) -0.628623188<x115>[B] (+1) -0.628623188<x116>[B] (+1) -0.628623188<x117>[B] (+1) -0.628623188<x118>[B] (+1) -0.628623188<x119>[B] (+1) +0.628623188<x120>[B] (+1) -0.628623188<x121>[B] (+1) -0.628623188<x122>[B] (+1) -0.628623188<x123>[B] (+1) +0.628623188<x124>[B] (+0) -0.628623188<x125>[B] (+1) +0.628623188<x126>[B] (+1) +0.628623188<x127>[B] (+0) -0.628623188<x128>[B] (+1) +0.628623188<x129>[B] (+0) +0.628623188<x130>[B] (+0) +0.628623188<x131>[B] (+0) +0.628623188<x132>[B] (+0) +0.628623188<x133>[B] (+0) +0.628623188<x134>[B] (+0) +0.628623188<x135>[B] (+0) +0.628623188<x136>[B] (+0) +0.628623188<x137>[B] (+0) -0.628623188<x138>[B] (+0) +0.628623188<x139>[B] (+0) +0.628623188<x140>[B] (+1) -0.628623188<x141>[B] (+1) +0.628623188<x142>[B] (+1) -0.628623188<x143>[B] (+0) -0.628623188<x144>[B] (+1) -0.628623188<x145>[B] (+1) -0.628623188<x146>[B] (+1) +0.628623188<x147>[B] (+1) +0.628623188<x148>[B] (+0) +0.628623188<x149>[B] (+0) +0.628623188<x150>[B] (+1) -0.628623188<x151>[B] (+0) -0.628623188<x152>[B] (+1) +0.628623188<x153>[B] (+1) -0.628623188<x154>[B] (+0) -0.628623188<x155>[B] (+0) +0.628623188<x156>[B] (+1) +0.628623188<x157>[B] (+0) +0.628623188<x158>[B] (+0) -0.628623188<x159>[B] (+1) +0.628623188<x160>[B] (+0) +0.628623188<x161>[B] (+0) +0.628623188<x162>[B] (+0) +0.628623188<x163>[B] (+0) +0.628623188<x164>[B] (+0) +0.628623188<x165>[B] (+0) +0.628623188<x166>[B] (+0) +0.628623188<x167>[B] (+0) +0.628623188<x168>[B] (+0) +0.628623188<x169>[B] (+0) +0.628623188<x170>[B] (+0) +0.628623188<x171>[B] (+0) -0.628623188<x172>[B] (+0) -0.628623188<x173>[B] (+1) -0.628623188<x174>[B] (+0) -0.628623188<x175>[B] (+0) +0.628623188<x176>[B] (+0) +0.628623188<x177>[B] (+0) +0.628623188<x178>[B] (+0) -0.628623188<x179>[B] (+0) -0.628623188<x180>[B] (+0) -0.628623188<x181>[B] (+0) +0.628623188<x182>[B] (+0) -0.628623188<x183>[B] (+0) -0.628623188<x184>[B] (+0) +0.628623188<x185>[B] (+0) -0.628623188<x186>[B] (+1) -0.628623188<x187>[B] (+1) +0.628623188<x188>[B] (+1) +0.628623188<x189>[B] (+1) +0.628623188<x190>[B] (+1) +0.628623188<x191>[B] (+1) +0.628623188<x192>[B] (+1) +0.628623188<x193>[B] (+0) -0.628623188<x194>[B] (+1) +0.628623188<x195>[B] (+1) -0.628623188<x196>[B] (+1) -0.628623188<x197>[B] (+1) +0.628623188<x198>[B] (+1) +0.628623188<x199>[B] (+0) +0.628623188<x200>[B] (+0) +0.628623188<x201>[B] (+0) +0.628623188<x202>[B] (+0) +0.628623188<x203>[B] (+0) +0.628623188<x204>[B] (+0) +0.628623188<x205>[B] (+0) +0.628623188<x206>[B] (+0) +0.628623188<x207>[B] (+0) +0.628623188<x208>[B] (+0) +0.628623188<x209>[B] (+0) +0.628623188<x210>[B] (+0) +0.628623188<x211>[B] (+0) +0.628623188<x212>[B] (+0) +0.628623188<x213>[B] (+0) +0.628623188<x214>[B] (+0) +0.628623188<x215>[B] (+0) +0.628623188<x216>[B] (+0) +0.628623188<x217>[B] (+1) +0.628623188<x218>[B] (+0) -0.628623188<x219>[B] (+0) +0.628623188<x220>[B] (+0) +0.628623188<x221>[B] (+1) +0.628623188<x222>[B] (+0) +0.628623188<x223>[B] (+0) +0.628623188<x224>[B] (+0) +0.628623188<x225>[B] (+1) -0.628623188<x226>[B] (+0) -0.628623188<x227>[B] (+1) +0.628623188<x228>[B] (+1) -0.628623188<x229>[B] (+0) -0.628623188<x230>[B] (+0) +0.628623188<x231>[B] (+1) +0.628623188<x232>[B] (+0) +0.628623188<x233>[B] (+0) -0.628623188<x234>[B] (+1) -0.628623188<x235>[B] (+0) -0.628623188<x236>[B] (+1) +0.628623188<x237>[B] (+1) -0.628623188<x238>[B] (+0) -0.628623188<x239>[B] (+0) +0.628623188<x240>[B] (+1) -0.628623188<x241>[B] (+1) -0.628623188<x242>[B] (+1) -0.628623188<x243>[B] (+0) -0.628623188<x244>[B] (+1) +0.628623188<x245>[B] (+1) -0.628623188<x246>[B] (+0) -0.628623188<x247>[B] (+0) +0.628623188<x248>[B] (+1) -0.628623188<x249>[B] (+1) -0.628623188<x250>[B] (+0) -0.628623188<x251>[B] (+1) +0.628623188<x252>[B] (+1) -0.628623188<x253>[B] (+0) -0.628623188<x254>[B] (+0) +0.628623188<x255>[B] (+1) -0.628623188<x256>[B] (+0) -0.628623188<x257>[B] (+1) +0.628623188<x258>[B] (+1) -0.628623188<x259>[B] (+0) -0.628623188<x260>[B] (+0) +0.628623188<x261>[B] (+1) -0.628623188<x262>[B] (+1) +0.628623188<x263>[B] (+1) -0.628623188<x264>[B] (+1) -0.628623188<x265>[B] (+1) +0.628623188<x266>[B] (+1) +0.628623188<x267>[B] (+0) -0.628623188<x268>[B] (+0) -0.628623188<x269>[B] (+0) +0.628623188<x270>[B] (+1) -0.628623188<x271>[B] (+0) -0.628623188<x272>[B] (+0) -0.628623188<x273>[B] (+1) +0.628623188<x274>[B] (+0) +0.628623188<x275>[B] (+1) +0.628623188<x276>[B] (+1) >= 23.4166666666667;
;
violation: left hand side is violated by 0.0724637681159095
  [linear] <c4090>: <x280>[C] (+55.4039855) +0.628623188<x1>[B] (+1) +0.628623188<x2>[B] (+1) +0.628623188<x3>[B] (+0) +0.628623188<x4>[B] (+1) +0.628623188<x5>[B] (+0) -0.628623188<x6>[B] (+1) +0.628623188<x7>[B] (+1) -0.628623188<x8>[B] (+1) +0.628623188<x9>[B] (+1) +0.628623188<x10>[B] (+0) -0.628623188<x11>[B] (+1) -0.628623188<x12>[B] (+1) +0.628623188<x13>[B] (+1) +0.628623188<x14>[B] (+1) +0.628623188<x15>[B] (+1) +0.628623188<x16>[B] (+1) +0.628623188<x17>[B] (+1) +0.628623188<x18>[B] (+0) -0.628623188<x19>[B] (+1) +0.628623188<x20>[B] (+1) -0.628623188<x21>[B] (+1) -0.628623188<x22>[B] (+1) +0.628623188<x23>[B] (+1) +0.628623188<x24>[B] (+0) +0.628623188<x25>[B] (+0) -0.628623188<x26>[B] (+1) +0.628623188<x27>[B] (+0) -0.628623188<x28>[B] (+1) -0.628623188<x29>[B] (+1) -0.628623188<x30>[B] (+1) -0.628623188<x31>[B] (+1) -0.628623188<x32>[B] (+0) -0.628623188<x33>[B] (+1) -0.628623188<x34>[B] (+1) -0.628623188<x35>[B] (+1) -0.628623188<x36>[B] (+1) +0.628623188<x37>[B] (+1) -0.628623188<x38>[B] (+1) -0.628623188<x39>[B] (+1) -0.628623188<x40>[B] (+0) -0.628623188<x41>[B] (+1) +0.628623188<x42>[B] (+1) -0.628623188<x43>[B] (+0) -0.628623188<x44>[B] (+0) +0.628623188<x45>[B] (+1) -0.628623188<x46>[B] (+0) -0.628623188<x47>[B] (+1) -0.628623188<x48>[B] (+0) -0.628623188<x49>[B] (+1) -0.628623188<x50>[B] (+1) -0.628623188<x51>[B] (+1) -0.628623188<x52>[B] (+1) -0.628623188<x53>[B] (+0) -0.628623188<x54>[B] (+1) -0.628623188<x55>[B] (+1) -0.628623188<x56>[B] (+1) -0.628623188<x57>[B] (+1) -0.628623188<x58>[B] (+1) -0.628623188<x59>[B] (+1) -0.628623188<x60>[B] (+1) -0.628623188<x61>[B] (+0) -0.628623188<x62>[B] (+1) +0.628623188<x63>[B] (+1) -0.628623188<x64>[B] (+0) -0.628623188<x65>[B] (+0) -0.628623188<x66>[B] (+1) -0.628623188<x67>[B] (+1) +0.628623188<x68>[B] (+0) -0.628623188<x69>[B] (+1) -0.628623188<x70>[B] (+1) -0.628623188<x71>[B] (+1) -0.628623188<x72>[B] (+1) -0.628623188<x73>[B] (+1) -0.628623188<x74>[B] (+1) -0.628623188<x75>[B] (+1) -0.628623188<x76>[B] (+1) -0.628623188<x77>[B] (+1) -0.628623188<x78>[B] (+1) -0.628623188<x79>[B] (+1) -0.628623188<x80>[B] (+1) -0.628623188<x81>[B] (+1) -0.628623188<x82>[B] (+1) +0.628623188<x83>[B] (+1) -0.628623188<x84>[B] (+1) -0.628623188<x85>[B] (+1) -0.628623188<x86>[B] (+1) +0.628623188<x87>[B] (+0) -0.628623188<x88>[B] (+1) -0.628623188<x89>[B] (+1) -0.628623188<x90>[B] (+1) -0.628623188<x91>[B] (+1) -0.628623188<x92>[B] (+0) -0.628623188<x93>[B] (+1) -0.628623188<x94>[B] (+1) -0.628623188<x95>[B] (+1) -0.628623188<x96>[B] (+1) +0.628623188<x97>[B] (+0) +0.628623188<x98>[B] (+1) -0.628623188<x99>[B] (+1) -0.628623188<x100>[B] (+0) -0.628623188<x101>[B] (+1) +0.628623188<x102>[B] (+1) -0.628623188<x103>[B] (+0) -0.628623188<x104>[B] (+0) +0.628623188<x105>[B] (+1) -0.628623188<x106>[B] (+1) -0.628623188<x107>[B] (+1) -0.628623188<x108>[B] (+1) -0.628623188<x109>[B] (+1) -0.628623188<x110>[B] (+1) -0.628623188<x111>[B] (+1) -0.628623188<x112>[B] (+1) -0.628623188<x113>[B] (+1) -0.628623188<x114>[B] (+1) -0.628623188<x115>[B] (+1) -0.628623188<x116>[B] (+1) -0.628623188<x117>[B] (+1) -0.628623188<x118>[B] (+1) -0.628623188<x119>[B] (+1) +0.628623188<x120>[B] (+1) -0.628623188<x121>[B] (+1) -0.628623188<x122>[B] (+1) -0.628623188<x123>[B] (+1) +0.628623188<x124>[B] (+0) -0.628623188<x125>[B] (+1) +0.628623188<x126>[B] (+1) +0.628623188<x127>[B] (+0) -0.628623188<x128>[B] (+1) +0.628623188<x129>[B] (+0) +0.628623188<x130>[B] (+0) +0.628623188<x131>[B] (+0) +0.628623188<x132>[B] (+0) +0.628623188<x133>[B] (+0) +0.628623188<x134>[B] (+0) +0.628623188<x135>[B] (+0) +0.628623188<x136>[B] (+1) +0.628623188<x137>[B] (+0) -0.628623188<x138>[B] (+0) +0.628623188<x139>[B] (+0) +0.628623188<x140>[B] (+1) -0.628623188<x141>[B] (+1) +0.628623188<x142>[B] (+1) -0.628623188<x143>[B] (+0) -0.628623188<x144>[B] (+1) -0.628623188<x145>[B] (+1) -0.628623188<x146>[B] (+1) +0.628623188<x147>[B] (+0) +0.628623188<x148>[B] (+0) +0.628623188<x149>[B] (+0) +0.628623188<x150>[B] (+1) -0.628623188<x151>[B] (+0) -0.628623188<x152>[B] (+1) +0.628623188<x153>[B] (+1) -0.628623188<x154>[B] (+0) -0.628623188<x155>[B] (+0) +0.628623188<x156>[B] (+1) +0.628623188<x157>[B] (+0) +0.628623188<x158>[B] (+0) -0.628623188<x159>[B] (+1) +0.628623188<x160>[B] (+0) +0.628623188<x161>[B] (+0) +0.628623188<x162>[B] (+0) +0.628623188<x163>[B] (+0) +0.628623188<x164>[B] (+0) +0.628623188<x165>[B] (+0) +0.628623188<x166>[B] (+0) +0.628623188<x167>[B] (+0) +0.628623188<x168>[B] (+0) +0.628623188<x169>[B] (+0) +0.628623188<x170>[B] (+0) +0.628623188<x171>[B] (+0) -0.628623188<x172>[B] (+0) -0.628623188<x173>[B] (+1) -0.628623188<x174>[B] (+0) -0.628623188<x175>[B] (+0) +0.628623188<x176>[B] (+0) +0.628623188<x177>[B] (+0) +0.628623188<x178>[B] (+0) -0.628623188<x179>[B] (+0) -0.628623188<x180>[B] (+0) -0.628623188<x181>[B] (+0) +0.628623188<x182>[B] (+0) -0.628623188<x183>[B] (+0) -0.628623188<x184>[B] (+0) +0.628623188<x185>[B] (+0) -0.628623188<x186>[B] (+1) -0.628623188<x187>[B] (+1) +0.628623188<x188>[B] (+1) +0.628623188<x189>[B] (+1) +0.628623188<x190>[B] (+1) +0.628623188<x191>[B] (+1) +0.628623188<x192>[B] (+1) +0.628623188<x193>[B] (+0) -0.628623188<x194>[B] (+1) +0.628623188<x195>[B] (+1) -0.628623188<x196>[B] (+1) -0.628623188<x197>[B] (+1) +0.628623188<x198>[B] (+1) +0.628623188<x199>[B] (+0) +0.628623188<x200>[B] (+0) +0.628623188<x201>[B] (+0) +0.628623188<x202>[B] (+0) +0.628623188<x203>[B] (+0) +0.628623188<x204>[B] (+0) +0.628623188<x205>[B] (+0) +0.628623188<x206>[B] (+0) +0.628623188<x207>[B] (+0) +0.628623188<x208>[B] (+0) +0.628623188<x209>[B] (+0) +0.628623188<x210>[B] (+0) +0.628623188<x211>[B] (+0) +0.628623188<x212>[B] (+0) +0.628623188<x213>[B] (+0) +0.628623188<x214>[B] (+0) +0.628623188<x215>[B] (+0) +0.628623188<x216>[B] (+0) +0.628623188<x217>[B] (+1) +0.628623188<x218>[B] (+0) -0.628623188<x219>[B] (+0) +0.628623188<x220>[B] (+0) +0.628623188<x221>[B] (+1) +0.628623188<x222>[B] (+0) +0.628623188<x223>[B] (+0) +0.628623188<x224>[B] (+0) +0.628623188<x225>[B] (+1) -0.628623188<x226>[B] (+0) -0.628623188<x227>[B] (+1) +0.628623188<x228>[B] (+1) -0.628623188<x229>[B] (+0) -0.628623188<x230>[B] (+0) +0.628623188<x231>[B] (+1) +0.628623188<x232>[B] (+0) +0.628623188<x233>[B] (+1) -0.628623188<x234>[B] (+1) -0.628623188<x235>[B] (+0) -0.628623188<x236>[B] (+1) +0.628623188<x237>[B] (+1) -0.628623188<x238>[B] (+0) -0.628623188<x239>[B] (+0) +0.628623188<x240>[B] (+1) -0.628623188<x241>[B] (+1) -0.628623188<x242>[B] (+1) -0.628623188<x243>[B] (+0) -0.628623188<x244>[B] (+1) +0.628623188<x245>[B] (+1) -0.628623188<x246>[B] (+0) -0.628623188<x247>[B] (+0) +0.628623188<x248>[B] (+1) -0.628623188<x249>[B] (+1) -0.628623188<x250>[B] (+0) -0.628623188<x251>[B] (+1) +0.628623188<x252>[B] (+1) -0.628623188<x253>[B] (+0) -0.628623188<x254>[B] (+0) +0.628623188<x255>[B] (+1) -0.628623188<x256>[B] (+0) -0.628623188<x257>[B] (+1) +0.628623188<x258>[B] (+1) -0.628623188<x259>[B] (+0) -0.628623188<x260>[B] (+0) +0.628623188<x261>[B] (+1) -0.628623188<x262>[B] (+1) +0.628623188<x263>[B] (+1) -0.628623188<x264>[B] (+1) -0.628623188<x265>[B] (+1) +0.628623188<x266>[B] (+1) +0.628623188<x267>[B] (+0) -0.628623188<x268>[B] (+0) -0.628623188<x269>[B] (+0) +0.628623188<x270>[B] (+1) -0.628623188<x271>[B] (+0) -0.628623188<x272>[B] (+0) -0.628623188<x273>[B] (+1) +0.628623188<x274>[B] (+0) +0.628623188<x275>[B] (+1) +0.628623188<x276>[B] (+1) >= 23.4166666666667;
;
violation: left hand side is violated by 0.0724637681158953
  [linear] <c4090>: <x280>[C] (+56.625) +0.628623188<x1>[B] (+1) +0.628623188<x2>[B] (+1) +0.628623188<x3>[B] (+0) +0.628623188<x4>[B] (+1) +0.628623188<x5>[B] (+0) -0.628623188<x6>[B] (+1) +0.628623188<x7>[B] (+1) -0.628623188<x8>[B] (+1) +0.628623188<x9>[B] (+1) +0.628623188<x10>[B] (+0) -0.628623188<x11>[B] (+1) -0.628623188<x12>[B] (+1) +0.628623188<x13>[B] (+1) +0.628623188<x14>[B] (+1) +0.628623188<x15>[B] (+1) +0.628623188<x16>[B] (+1) +0.628623188<x17>[B] (+1) +0.628623188<x18>[B] (+0) -0.628623188<x19>[B] (+1) +0.628623188<x20>[B] (+1) -0.628623188<x21>[B] (+1) -0.628623188<x22>[B] (+1) +0.628623188<x23>[B] (+1) +0.628623188<x24>[B] (+0) +0.628623188<x25>[B] (+0) -0.628623188<x26>[B] (+1) +0.628623188<x27>[B] (+0) -0.628623188<x28>[B] (+1) -0.628623188<x29>[B] (+1) -0.628623188<x30>[B] (+1) -0.628623188<x31>[B] (+1) -0.628623188<x32>[B] (+0) -0.628623188<x33>[B] (+1) -0.628623188<x34>[B] (+1) -0.628623188<x35>[B] (+1) -0.628623188<x36>[B] (+1) +0.628623188<x37>[B] (+1) -0.628623188<x38>[B] (+1) -0.628623188<x39>[B] (+1) -0.628623188<x40>[B] (+0) -0.628623188<x41>[B] (+1) +0.628623188<x42>[B] (+1) -0.628623188<x43>[B] (+0) -0.628623188<x44>[B] (+0) +0.628623188<x45>[B] (+1) -0.628623188<x46>[B] (+0) -0.628623188<x47>[B] (+1) -0.628623188<x48>[B] (+0) -0.628623188<x49>[B] (+1) -0.628623188<x50>[B] (+1) -0.628623188<x51>[B] (+1) -0.628623188<x52>[B] (+1) -0.628623188<x53>[B] (+0) -0.628623188<x54>[B] (+1) -0.628623188<x55>[B] (+1) -0.628623188<x56>[B] (+1) -0.628623188<x57>[B] (+1) -0.628623188<x58>[B] (+1) -0.628623188<x59>[B] (+1) -0.628623188<x60>[B] (+1) -0.628623188<x61>[B] (+0) -0.628623188<x62>[B] (+1) +0.628623188<x63>[B] (+1) -0.628623188<x64>[B] (+0) -0.628623188<x65>[B] (+0) -0.628623188<x66>[B] (+1) -0.628623188<x67>[B] (+1) +0.628623188<x68>[B] (+0) -0.628623188<x69>[B] (+1) -0.628623188<x70>[B] (+1) -0.628623188<x71>[B] (+1) -0.628623188<x72>[B] (+1) -0.628623188<x73>[B] (+1) -0.628623188<x74>[B] (+1) -0.628623188<x75>[B] (+1) -0.628623188<x76>[B] (+1) -0.628623188<x77>[B] (+1) -0.628623188<x78>[B] (+1) -0.628623188<x79>[B] (+1) -0.628623188<x80>[B] (+1) -0.628623188<x81>[B] (+1) -0.628623188<x82>[B] (+1) +0.628623188<x83>[B] (+1) -0.628623188<x84>[B] (+1) -0.628623188<x85>[B] (+1) -0.628623188<x86>[B] (+1) +0.628623188<x87>[B] (+0) -0.628623188<x88>[B] (+1) -0.628623188<x89>[B] (+0) -0.628623188<x90>[B] (+1) -0.628623188<x91>[B] (+1) -0.628623188<x92>[B] (+0) -0.628623188<x93>[B] (+1) -0.628623188<x94>[B] (+1) -0.628623188<x95>[B] (+1) -0.628623188<x96>[B] (+0) +0.628623188<x97>[B] (+0) +0.628623188<x98>[B] (+0) -0.628623188<x99>[B] (+1) -0.628623188<x100>[B] (+0) -0.628623188<x101>[B] (+1) +0.628623188<x102>[B] (+1) -0.628623188<x103>[B] (+0) -0.628623188<x104>[B] (+0) +0.628623188<x105>[B] (+1) -0.628623188<x106>[B] (+1) -0.628623188<x107>[B] (+1) -0.628623188<x108>[B] (+1) -0.628623188<x109>[B] (+1) -0.628623188<x110>[B] (+1) -0.628623188<x111>[B] (+1) -0.628623188<x112>[B] (+1) -0.628623188<x113>[B] (+1) -0.628623188<x114>[B] (+1) -0.628623188<x115>[B] (+1) -0.628623188<x116>[B] (+1) -0.628623188<x117>[B] (+1) -0.628623188<x118>[B] (+1) -0.628623188<x119>[B] (+1) +0.628623188<x120>[B] (+1) -0.628623188<x121>[B] (+1) -0.628623188<x122>[B] (+1) -0.628623188<x123>[B] (+1) +0.628623188<x124>[B] (+0) -0.628623188<x125>[B] (+1) +0.628623188<x126>[B] (+1) +0.628623188<x127>[B] (+0) -0.628623188<x128>[B] (+1) +0.628623188<x129>[B] (+0) +0.628623188<x130>[B] (+0) +0.628623188<x131>[B] (+0) +0.628623188<x132>[B] (+0) +0.628623188<x133>[B] (+0) +0.628623188<x134>[B] (+0) +0.628623188<x135>[B] (+0) +0.628623188<x136>[B] (+0) +0.628623188<x137>[B] (+0) -0.628623188<x138>[B] (+0) +0.628623188<x139>[B] (+0) +0.628623188<x140>[B] (+0) -0.628623188<x141>[B] (+1) +0.628623188<x142>[B] (+1) -0.628623188<x143>[B] (+0) -0.628623188<x144>[B] (+1) -0.628623188<x145>[B] (+1) -0.628623188<x146>[B] (+1) +0.628623188<x147>[B] (+0) +0.628623188<x148>[B] (+0) +0.628623188<x149>[B] (+0) +0.628623188<x150>[B] (+1) -0.628623188<x151>[B] (+0) -0.628623188<x152>[B] (+1) +0.628623188<x153>[B] (+1) -0.628623188<x154>[B] (+0) -0.628623188<x155>[B] (+0) +0.628623188<x156>[B] (+1) +0.628623188<x157>[B] (+0) +0.628623188<x158>[B] (+0) -0.628623188<x159>[B] (+1) +0.628623188<x160>[B] (+0) +0.628623188<x161>[B] (+0) +0.628623188<x162>[B] (+0) +0.628623188<x163>[B] (+0) +0.628623188<x164>[B] (+0) +0.628623188<x165>[B] (+0) +0.628623188<x166>[B] (+0) +0.628623188<x167>[B] (+0) +0.628623188<x168>[B] (+0) +0.628623188<x169>[B] (+0) +0.628623188<x170>[B] (+0) +0.628623188<x171>[B] (+0) -0.628623188<x172>[B] (+0) -0.628623188<x173>[B] (+1) -0.628623188<x174>[B] (+0) -0.628623188<x175>[B] (+0) +0.628623188<x176>[B] (+0) +0.628623188<x177>[B] (+0) +0.628623188<x178>[B] (+0) -0.628623188<x179>[B] (+0) -0.628623188<x180>[B] (+0) -0.628623188<x181>[B] (+0) +0.628623188<x182>[B] (+0) -0.628623188<x183>[B] (+0) -0.628623188<x184>[B] (+0) +0.628623188<x185>[B] (+0) -0.628623188<x186>[B] (+1) -0.628623188<x187>[B] (+1) +0.628623188<x188>[B] (+1) +0.628623188<x189>[B] (+1) +0.628623188<x190>[B] (+1) +0.628623188<x191>[B] (+1) +0.628623188<x192>[B] (+1) +0.628623188<x193>[B] (+0) -0.628623188<x194>[B] (+1) +0.628623188<x195>[B] (+1) -0.628623188<x196>[B] (+1) -0.628623188<x197>[B] (+1) +0.628623188<x198>[B] (+1) +0.628623188<x199>[B] (+0) +0.628623188<x200>[B] (+0) +0.628623188<x201>[B] (+0) +0.628623188<x202>[B] (+0) +0.628623188<x203>[B] (+0) +0.628623188<x204>[B] (+0) +0.628623188<x205>[B] (+0) +0.628623188<x206>[B] (+0) +0.628623188<x207>[B] (+0) +0.628623188<x208>[B] (+0) +0.628623188<x209>[B] (+0) +0.628623188<x210>[B] (+0) +0.628623188<x211>[B] (+0) +0.628623188<x212>[B] (+0) +0.628623188<x213>[B] (+0) +0.628623188<x214>[B] (+0) +0.628623188<x215>[B] (+0) +0.628623188<x216>[B] (+0) +0.628623188<x217>[B] (+1) +0.628623188<x218>[B] (+0) -0.628623188<x219>[B] (+0) +0.628623188<x220>[B] (+0) +0.628623188<x221>[B] (+1) +0.628623188<x222>[B] (+0) +0.628623188<x223>[B] (+0) +0.628623188<x224>[B] (+0) +0.628623188<x225>[B] (+1) -0.628623188<x226>[B] (+0) -0.628623188<x227>[B] (+1) +0.628623188<x228>[B] (+1) -0.628623188<x229>[B] (+0) -0.628623188<x230>[B] (+0) +0.628623188<x231>[B] (+1) +0.628623188<x232>[B] (+0) +0.628623188<x233>[B] (+0) -0.628623188<x234>[B] (+1) -0.628623188<x235>[B] (+0) -0.628623188<x236>[B] (+1) +0.628623188<x237>[B] (+1) -0.628623188<x238>[B] (+0) -0.628623188<x239>[B] (+0) +0.628623188<x240>[B] (+1) -0.628623188<x241>[B] (+1) -0.628623188<x242>[B] (+1) -0.628623188<x243>[B] (+0) -0.628623188<x244>[B] (+1) +0.628623188<x245>[B] (+1) -0.628623188<x246>[B] (+0) -0.628623188<x247>[B] (+0) +0.628623188<x248>[B] (+1) -0.628623188<x249>[B] (+1) -0.628623188<x250>[B] (+0) -0.628623188<x251>[B] (+1) +0.628623188<x252>[B] (+1) -0.628623188<x253>[B] (+0) -0.628623188<x254>[B] (+0) +0.628623188<x255>[B] (+1) -0.628623188<x256>[B] (+0) -0.628623188<x257>[B] (+1) +0.628623188<x258>[B] (+1) -0.628623188<x259>[B] (+0) -0.628623188<x260>[B] (+0) +0.628623188<x261>[B] (+1) -0.628623188<x262>[B] (+1) +0.628623188<x263>[B] (+1) -0.628623188<x264>[B] (+1) -0.628623188<x265>[B] (+1) +0.628623188<x266>[B] (+1) +0.628623188<x267>[B] (+0) -0.628623188<x268>[B] (+0) -0.628623188<x269>[B] (+0) +0.628623188<x270>[B] (+1) -0.628623188<x271>[B] (+0) -0.628623188<x272>[B] (+0) -0.628623188<x273>[B] (+1) +0.628623188<x274>[B] (+0) +0.628623188<x275>[B] (+1) +0.628623188<x276>[B] (+1) >= 23.4166666666667;
;
violation: left hand side is violated by 0.108695652173843
  [linear] <c4088>: <x277>[C] (+28.1459869) +0.451086957<x1>[B] (+1) -0.451086957<x2>[B] (+1) +0.451086957<x3>[B] (+0) +0.451086957<x4>[B] (+1) +0.451086957<x5>[B] (+0) +0.451086957<x6>[B] (+1) +0.451086957<x7>[B] (+1) +0.451086957<x8>[B] (+1) +0.451086957<x9>[B] (+1) +0.451086957<x10>[B] (+0) +0.451086957<x11>[B] (+1) +0.451086957<x12>[B] (+1) -0.451086957<x13>[B] (+1) +0.451086957<x14>[B] (+1) +0.451086957<x15>[B] (+1) +0.451086957<x16>[B] (+1) +0.451086957<x17>[B] (+1) -0.451086957<x18>[B] (+0) +0.451086957<x19>[B] (+1) -0.451086957<x20>[B] (+1) -0.451086957<x21>[B] (+1) +0.451086957<x22>[B] (+1) +0.451086957<x23>[B] (+1) -0.451086957<x24>[B] (+0) -0.451086957<x25>[B] (+0) -0.451086957<x26>[B] (+1) -0.451086957<x27>[B] (+0) -0.451086957<x28>[B] (+1) -0.451086957<x29>[B] (+1) +0.451086957<x30>[B] (+1) -0.451086957<x31>[B] (+1) +0.451086957<x32>[B] (+0) -0.451086957<x33>[B] (+1) +0.451086957<x34>[B] (+1) -0.451086957<x35>[B] (+1) +0.451086957<x36>[B] (+1) -0.451086957<x37>[B] (+1) -0.451086957<x38>[B] (+1) -0.451086957<x39>[B] (+1) -0.451086957<x40>[B] (+0) +0.451086957<x41>[B] (+1) -0.451086957<x42>[B] (+1) -0.451086957<x43>[B] (+0) -0.451086957<x44>[B] (+0) -0.451086957<x45>[B] (+1) +0.451086957<x46>[B] (+0) +0.451086957<x47>[B] (+1) +0.451086957<x48>[B] (+0) +0.451086957<x49>[B] (+1) +0.451086957<x50>[B] (+1) +0.451086957<x51>[B] (+1) +0.451086957<x52>[B] (+1) +0.451086957<x53>[B] (+0) +0.451086957<x54>[B] (+1) +0.451086957<x55>[B] (+1) +0.451086957<x56>[B] (+1) +0.451086957<x57>[B] (+1) +0.451086957<x58>[B] (+1) +0.451086957<x59>[B] (+1) +0.451086957<x60>[B] (+1) -0.451086957<x61>[B] (+0) +0.451086957<x62>[B] (+1) -0.451086957<x63>[B] (+1) -0.451086957<x64>[B] (+0) +0.451086957<x65>[B] (+0) +0.451086957<x66>[B] (+1) +0.451086957<x67>[B] (+1) +0.451086957<x68>[B] (+0) -0.451086957<x69>[B] (+1) +0.451086957<x70>[B] (+1) +0.451086957<x71>[B] (+1) +0.451086957<x72>[B] (+1) +0.451086957<x73>[B] (+1) -0.451086957<x74>[B] (+1) +0.451086957<x75>[B] (+1) -0.451086957<x76>[B] (+1) +0.451086957<x77>[B] (+1) +0.451086957<x78>[B] (+1) -0.451086957<x79>[B] (+1) +0.451086957<x80>[B] (+1) -0.451086957<x81>[B] (+1) +0.451086957<x82>[B] (+1) -0.451086957<x83>[B] (+1) -0.451086957<x84>[B] (+1) +0.451086957<x85>[B] (+1) -0.451086957<x86>[B] (+1) +0.451086957<x87>[B] (+0) -0.451086957<x88>[B] (+1) +0.451086957<x89>[B] (+0) +0.451086957<x90>[B] (+1) -0.451086957<x91>[B] (+1) +0.451086957<x92>[B] (+0) -0.451086957<x93>[B] (+1) +0.451086957<x94>[B] (+1) -0.451086957<x95>[B] (+1) +0.451086957<x96>[B] (+1) +0.451086957<x97>[B] (+0) -0.451086957<x98>[B] (+1) +0.451086957<x99>[B] (+1) -0.451086957<x100>[B] (+0) +0.451086957<x101>[B] (+1) -0.451086957<x102>[B] (+1) -0.451086957<x103>[B] (+0) +0.451086957<x104>[B] (+0) -0.451086957<x105>[B] (+1) -0.451086957<x106>[B] (+1) -0.451086957<x107>[B] (+1) +0.451086957<x108>[B] (+1) -0.451086957<x109>[B] (+1) +0.451086957<x110>[B] (+1) -0.451086957<x111>[B] (+1) +0.451086957<x112>[B] (+1) -0.451086957<x113>[B] (+1) +0.451086957<x114>[B] (+1) -0.451086957<x115>[B] (+1) -0.451086957<x116>[B] (+1) -0.451086957<x117>[B] (+1) -0.451086957<x118>[B] (+1) +0.451086957<x119>[B] (+1) -0.451086957<x120>[B] (+1) -0.451086957<x121>[B] (+1) -0.451086957<x122>[B] (+1) -0.451086957<x123>[B] (+1) +0.451086957<x124>[B] (+0) +0.451086957<x125>[B] (+1) +0.451086957<x126>[B] (+1) +0.451086957<x127>[B] (+0) +0.451086957<x128>[B] (+1) +0.451086957<x129>[B] (+0) -0.451086957<x130>[B] (+0) +0.451086957<x131>[B] (+0) +0.451086957<x132>[B] (+0) +0.451086957<x133>[B] (+0) +0.451086957<x134>[B] (+0) -0.451086957<x135>[B] (+0) +0.451086957<x136>[B] (+0) -0.451086957<x137>[B] (+0) -0.451086957<x138>[B] (+0) +0.451086957<x139>[B] (+0) +0.451086957<x140>[B] (+0) +0.451086957<x141>[B] (+1) -0.451086957<x142>[B] (+1) +0.451086957<x143>[B] (+0) -0.451086957<x144>[B] (+1) +0.451086957<x145>[B] (+1) -0.451086957<x146>[B] (+1) +0.451086957<x147>[B] (+1) -0.451086957<x148>[B] (+0) -0.451086957<x149>[B] (+1) -0.451086957<x150>[B] (+1) -0.451086957<x151>[B] (+0) +0.451086957<x152>[B] (+1) -0.451086957<x153>[B] (+1) -0.451086957<x154>[B] (+0) -0.451086957<x155>[B] (+0) -0.451086957<x156>[B] (+1) -0.451086957<x157>[B] (+0) -0.451086957<x158>[B] (+0) -0.451086957<x159>[B] (+1) -0.451086957<x160>[B] (+0) -0.451086957<x161>[B] (+0) -0.451086957<x162>[B] (+0) -0.451086957<x163>[B] (+0) -0.451086957<x164>[B] (+0) -0.451086957<x165>[B] (+0) -0.451086957<x166>[B] (+0) -0.451086957<x167>[B] (+0) -0.451086957<x168>[B] (+0) -0.451086957<x169>[B] (+0) -0.451086957<x170>[B] (+0) -0.451086957<x171>[B] (+0) +0.451086957<x172>[B] (+0) -0.451086957<x173>[B] (+1) +0.451086957<x174>[B] (+0) -0.451086957<x175>[B] (+0) +0.451086957<x176>[B] (+0) +0.451086957<x177>[B] (+0) -0.451086957<x178>[B] (+0) +0.451086957<x179>[B] (+0) -0.451086957<x180>[B] (+0) +0.451086957<x181>[B] (+0) -0.451086957<x182>[B] (+0) -0.451086957<x183>[B] (+0) +0.451086957<x184>[B] (+0) -0.451086957<x185>[B] (+0) -0.451086957<x186>[B] (+1) +0.451086957<x187>[B] (+1) -0.451086957<x188>[B] (+1) +0.451086957<x189>[B] (+1) -0.451086957<x190>[B] (+1) -0.451086957<x191>[B] (+1) -0.451086957<x192>[B] (+1) -0.451086957<x193>[B] (+0) -0.451086957<x194>[B] (+1) -0.451086957<x195>[B] (+1) -0.451086957<x196>[B] (+1) -0.451086957<x197>[B] (+1) -0.451086957<x198>[B] (+1) +0.451086957<x199>[B] (+0) -0.451086957<x200>[B] (+0) +0.451086957<x201>[B] (+0) +0.451086957<x202>[B] (+0) -0.451086957<x203>[B] (+0) +0.451086957<x204>[B] (+0) -0.451086957<x205>[B] (+0) +0.451086957<x206>[B] (+0) -0.451086957<x207>[B] (+0) -0.451086957<x208>[B] (+0) +0.451086957<x209>[B] (+0) -0.451086957<x210>[B] (+0) -0.451086957<x211>[B] (+0) +0.451086957<x212>[B] (+0) -0.451086957<x213>[B] (+0) -0.451086957<x214>[B] (+0) -0.451086957<x215>[B] (+0) -0.451086957<x216>[B] (+0) -0.451086957<x217>[B] (+1) -0.451086957<x218>[B] (+1) -0.451086957<x219>[B] (+0) -0.451086957<x220>[B] (+0) -0.451086957<x221>[B] (+1) +0.451086957<x222>[B] (+0) +0.451086957<x223>[B] (+0) +0.451086957<x224>[B] (+0) +0.451086957<x225>[B] (+1) -0.451086957<x226>[B] (+0) +0.451086957<x227>[B] (+1) -0.451086957<x228>[B] (+1) -0.451086957<x229>[B] (+0) +0.451086957<x230>[B] (+0) +0.451086957<x231>[B] (+1) -0.451086957<x232>[B] (+0) -0.451086957<x233>[B] (+0) -0.451086957<x234>[B] (+1) -0.451086957<x235>[B] (+0) -0.451086957<x236>[B] (+1) -0.451086957<x237>[B] (+1) -0.451086957<x238>[B] (+0) -0.451086957<x239>[B] (+0) -0.451086957<x240>[B] (+1) -0.451086957<x241>[B] (+1) +0.451086957<x242>[B] (+1) -0.451086957<x243>[B] (+0) +0.451086957<x244>[B] (+1) -0.451086957<x245>[B] (+1) -0.451086957<x246>[B] (+0) -0.451086957<x247>[B] (+0) -0.451086957<x248>[B] (+1) +0.451086957<x249>[B] (+1) -0.451086957<x250>[B] (+0) +0.451086957<x251>[B] (+1) -0.451086957<x252>[B] (+1) -0.451086957<x253>[B] (+0) +0.451086957<x254>[B] (+0) +0.451086957<x255>[B] (+1) -0.451086957<x256>[B] (+0) +0.451086957<x257>[B] (+1) -0.451086957<x258>[B] (+1) -0.451086957<x259>[B] (+0) -0.451086957<x260>[B] (+0) -0.451086957<x261>[B] (+1) +0.451086957<x262>[B] (+1) +0.451086957<x263>[B] (+1) +0.451086957<x264>[B] (+1) +0.451086957<x265>[B] (+1) +0.451086957<x266>[B] (+1) -0.451086957<x267>[B] (+0) -0.451086957<x268>[B] (+0) -0.451086957<x269>[B] (+0) -0.451086957<x270>[B] (+1) -0.451086957<x271>[B] (+0) +0.451086957<x272>[B] (+0) +0.451086957<x273>[B] (+1) +0.451086957<x274>[B] (+0) +0.451086957<x275>[B] (+1) -0.451086957<x276>[B] (+1) >= 28.3061594202899;
;
violation: left hand side is violated by 0.160172562023739
  [linear] <c4088>: <x277>[C] (+28.0235507) +0.451086957<x1>[B] (+1) -0.451086957<x2>[B] (+1) +0.451086957<x3>[B] (+0) +0.451086957<x4>[B] (+1) +0.451086957<x5>[B] (+0) +0.451086957<x6>[B] (+1) +0.451086957<x7>[B] (+1) +0.451086957<x8>[B] (+1) +0.451086957<x9>[B] (+1) +0.451086957<x10>[B] (+0) +0.451086957<x11>[B] (+1) +0.451086957<x12>[B] (+1) -0.451086957<x13>[B] (+1) +0.451086957<x14>[B] (+1) +0.451086957<x15>[B] (+1) +0.451086957<x16>[B] (+1) +0.451086957<x17>[B] (+1) -0.451086957<x18>[B] (+0) +0.451086957<x19>[B] (+1) -0.451086957<x20>[B] (+1) -0.451086957<x21>[B] (+1) +0.451086957<x22>[B] (+1) +0.451086957<x23>[B] (+1) -0.451086957<x24>[B] (+0) -0.451086957<x25>[B] (+0) -0.451086957<x26>[B] (+1) -0.451086957<x27>[B] (+0) -0.451086957<x28>[B] (+1) -0.451086957<x29>[B] (+1) +0.451086957<x30>[B] (+1) -0.451086957<x31>[B] (+1) +0.451086957<x32>[B] (+0) -0.451086957<x33>[B] (+1) +0.451086957<x34>[B] (+1) -0.451086957<x35>[B] (+1) +0.451086957<x36>[B] (+1) -0.451086957<x37>[B] (+1) -0.451086957<x38>[B] (+1) -0.451086957<x39>[B] (+1) -0.451086957<x40>[B] (+0) +0.451086957<x41>[B] (+1) -0.451086957<x42>[B] (+1) -0.451086957<x43>[B] (+0) -0.451086957<x44>[B] (+0) -0.451086957<x45>[B] (+1) +0.451086957<x46>[B] (+0) +0.451086957<x47>[B] (+1) +0.451086957<x48>[B] (+0) +0.451086957<x49>[B] (+1) +0.451086957<x50>[B] (+1) +0.451086957<x51>[B] (+1) +0.451086957<x52>[B] (+1) +0.451086957<x53>[B] (+0) +0.451086957<x54>[B] (+1) +0.451086957<x55>[B] (+1) +0.451086957<x56>[B] (+1) +0.451086957<x57>[B] (+1) +0.451086957<x58>[B] (+1) +0.451086957<x59>[B] (+1) +0.451086957<x60>[B] (+1) -0.451086957<x61>[B] (+0) +0.451086957<x62>[B] (+1) -0.451086957<x63>[B] (+1) -0.451086957<x64>[B] (+0) +0.451086957<x65>[B] (+0) +0.451086957<x66>[B] (+1) +0.451086957<x67>[B] (+1) +0.451086957<x68>[B] (+0) -0.451086957<x69>[B] (+1) +0.451086957<x70>[B] (+1) +0.451086957<x71>[B] (+1) +0.451086957<x72>[B] (+1) +0.451086957<x73>[B] (+1) -0.451086957<x74>[B] (+1) +0.451086957<x75>[B] (+1) -0.451086957<x76>[B] (+1) +0.451086957<x77>[B] (+1) +0.451086957<x78>[B] (+1) -0.451086957<x79>[B] (+1) +0.451086957<x80>[B] (+1) -0.451086957<x81>[B] (+1) +0.451086957<x82>[B] (+1) -0.451086957<x83>[B] (+1) -0.451086957<x84>[B] (+1) +0.451086957<x85>[B] (+1) -0.451086957<x86>[B] (+1) +0.451086957<x87>[B] (+0) -0.451086957<x88>[B] (+1) +0.451086957<x89>[B] (+0) +0.451086957<x90>[B] (+1) -0.451086957<x91>[B] (+1) +0.451086957<x92>[B] (+0) -0.451086957<x93>[B] (+1) +0.451086957<x94>[B] (+1) -0.451086957<x95>[B] (+1) +0.451086957<x96>[B] (+0) +0.451086957<x97>[B] (+0) -0.451086957<x98>[B] (+0) +0.451086957<x99>[B] (+1) -0.451086957<x100>[B] (+0) +0.451086957<x101>[B] (+1) -0.451086957<x102>[B] (+1) -0.451086957<x103>[B] (+0) +0.451086957<x104>[B] (+0) -0.451086957<x105>[B] (+1) -0.451086957<x106>[B] (+1) -0.451086957<x107>[B] (+1) +0.451086957<x108>[B] (+1) -0.451086957<x109>[B] (+1) +0.451086957<x110>[B] (+1) -0.451086957<x111>[B] (+1) +0.451086957<x112>[B] (+1) -0.451086957<x113>[B] (+1) +0.451086957<x114>[B] (+1) -0.451086957<x115>[B] (+1) -0.451086957<x116>[B] (+1) -0.451086957<x117>[B] (+1) -0.451086957<x118>[B] (+1) +0.451086957<x119>[B] (+1) -0.451086957<x120>[B] (+1) -0.451086957<x121>[B] (+1) -0.451086957<x122>[B] (+1) -0.451086957<x123>[B] (+1) +0.451086957<x124>[B] (+0) +0.451086957<x125>[B] (+1) +0.451086957<x126>[B] (+1) +0.451086957<x127>[B] (+0) +0.451086957<x128>[B] (+1) +0.451086957<x129>[B] (+0) -0.451086957<x130>[B] (+0) +0.451086957<x131>[B] (+0) +0.451086957<x132>[B] (+0) +0.451086957<x133>[B] (+0) +0.451086957<x134>[B] (+0) -0.451086957<x135>[B] (+0) +0.451086957<x136>[B] (+0) -0.451086957<x137>[B] (+0) -0.451086957<x138>[B] (+0) +0.451086957<x139>[B] (+0) +0.451086957<x140>[B] (+0) +0.451086957<x141>[B] (+1) -0.451086957<x142>[B] (+1) +0.451086957<x143>[B] (+0) -0.451086957<x144>[B] (+1) +0.451086957<x145>[B] (+1) -0.451086957<x146>[B] (+1) +0.451086957<x147>[B] (+1) -0.451086957<x148>[B] (+0) -0.451086957<x149>[B] (+1) -0.451086957<x150>[B] (+1) -0.451086957<x151>[B] (+0) +0.451086957<x152>[B] (+1) -0.451086957<x153>[B] (+1) -0.451086957<x154>[B] (+0) -0.451086957<x155>[B] (+0) -0.451086957<x156>[B] (+1) -0.451086957<x157>[B] (+0) -0.451086957<x158>[B] (+0) -0.451086957<x159>[B] (+1) -0.451086957<x160>[B] (+0) -0.451086957<x161>[B] (+0) -0.451086957<x162>[B] (+0) -0.451086957<x163>[B] (+0) -0.451086957<x164>[B] (+0) -0.451086957<x165>[B] (+0) -0.451086957<x166>[B] (+0) -0.451086957<x167>[B] (+0) -0.451086957<x168>[B] (+0) -0.451086957<x169>[B] (+0) -0.451086957<x170>[B] (+0) -0.451086957<x171>[B] (+0) +0.451086957<x172>[B] (+0) -0.451086957<x173>[B] (+1) +0.451086957<x174>[B] (+0) -0.451086957<x175>[B] (+0) +0.451086957<x176>[B] (+0) +0.451086957<x177>[B] (+0) -0.451086957<x178>[B] (+0) +0.451086957<x179>[B] (+0) -0.451086957<x180>[B] (+0) +0.451086957<x181>[B] (+0) -0.451086957<x182>[B] (+0) -0.451086957<x183>[B] (+0) +0.451086957<x184>[B] (+0) -0.451086957<x185>[B] (+0) -0.451086957<x186>[B] (+1) +0.451086957<x187>[B] (+1) -0.451086957<x188>[B] (+1) +0.451086957<x189>[B] (+1) -0.451086957<x190>[B] (+1) -0.451086957<x191>[B] (+1) -0.451086957<x192>[B] (+1) -0.451086957<x193>[B] (+0) -0.451086957<x194>[B] (+1) -0.451086957<x195>[B] (+1) -0.451086957<x196>[B] (+1) -0.451086957<x197>[B] (+1) -0.451086957<x198>[B] (+1) +0.451086957<x199>[B] (+0) -0.451086957<x200>[B] (+0) +0.451086957<x201>[B] (+0) +0.451086957<x202>[B] (+0) -0.451086957<x203>[B] (+0) +0.451086957<x204>[B] (+0) -0.451086957<x205>[B] (+0) +0.451086957<x206>[B] (+0) -0.451086957<x207>[B] (+0) -0.451086957<x208>[B] (+0) +0.451086957<x209>[B] (+0) -0.451086957<x210>[B] (+0) -0.451086957<x211>[B] (+0) +0.451086957<x212>[B] (+0) -0.451086957<x213>[B] (+0) -0.451086957<x214>[B] (+0) -0.451086957<x215>[B] (+0) -0.451086957<x216>[B] (+0) -0.451086957<x217>[B] (+1) -0.451086957<x218>[B] (+1) -0.451086957<x219>[B] (+0) -0.451086957<x220>[B] (+0) -0.451086957<x221>[B] (+1) +0.451086957<x222>[B] (+0) +0.451086957<x223>[B] (+0) +0.451086957<x224>[B] (+0) +0.451086957<x225>[B] (+1) -0.451086957<x226>[B] (+0) +0.451086957<x227>[B] (+1) -0.451086957<x228>[B] (+1) -0.451086957<x229>[B] (+0) +0.451086957<x230>[B] (+0) +0.451086957<x231>[B] (+1) -0.451086957<x232>[B] (+0) -0.451086957<x233>[B] (+0) -0.451086957<x234>[B] (+1) -0.451086957<x235>[B] (+0) -0.451086957<x236>[B] (+1) -0.451086957<x237>[B] (+1) -0.451086957<x238>[B] (+0) -0.451086957<x239>[B] (+0) -0.451086957<x240>[B] (+1) -0.451086957<x241>[B] (+1) +0.451086957<x242>[B] (+1) -0.451086957<x243>[B] (+0) +0.451086957<x244>[B] (+1) -0.451086957<x245>[B] (+1) -0.451086957<x246>[B] (+0) -0.451086957<x247>[B] (+0) -0.451086957<x248>[B] (+1) +0.451086957<x249>[B] (+1) -0.451086957<x250>[B] (+0) +0.451086957<x251>[B] (+1) -0.451086957<x252>[B] (+1) -0.451086957<x253>[B] (+0) +0.451086957<x254>[B] (+0) +0.451086957<x255>[B] (+1) -0.451086957<x256>[B] (+0) +0.451086957<x257>[B] (+1) -0.451086957<x258>[B] (+1) -0.451086957<x259>[B] (+0) -0.451086957<x260>[B] (+0) -0.451086957<x261>[B] (+1) +0.451086957<x262>[B] (+1) +0.451086957<x263>[B] (+1) +0.451086957<x264>[B] (+1) +0.451086957<x265>[B] (+1) +0.451086957<x266>[B] (+1) -0.451086957<x267>[B] (+0) -0.451086957<x268>[B] (+0) -0.451086957<x269>[B] (+0) -0.451086957<x270>[B] (+1) -0.451086957<x271>[B] (+0) +0.451086957<x272>[B] (+0) +0.451086957<x273>[B] (+1) +0.451086957<x274>[B] (+0) +0.451086957<x275>[B] (+1) -0.451086957<x276>[B] (+1) >= 28.3061594202899;
;
violation: left hand side is violated by 0.282608695652172
all 10 solutions given by solution candidate storage are infeasible

feasible solution found by trivial heuristic after 0.0 seconds, objective value -1.999838e+06
presolving:
   (0.0s) symmetry computation started: requiring (bin +, int +, cont +), (fixed: bin -, int -, cont -)
   (0.0s) no symmetry present (symcode time: 0.00)
presolving (0 rounds: 0 fast, 0 medium, 0 exhaustive):
 0 deleted vars, 0 deleted constraints, 0 added constraints, 0 tightened bounds, 0 added holes, 0 changed sides, 0 changed coefficients
 0 implications, 0 cliques, 0 implied integral variables (0 bin, 0 int, 0 cont)
presolved problem has 296 variables (276 bin, 0 int, 20 cont) and 4105 constraints
   4105 constraints of type <linear>
Presolving Time: 0.01
transformed 1/1 original solutions to the transformed problem space

 time | node  | left  |LP iter|LP it/n|mem/heur|mdpt |vars |cons |rows |cuts |sepa|confs|strbr|  dualbound   | primalbound  |  gap   | compl. 
p 0.0s|     1 |     0 |    13 |     - |   locks|   0 | 296 |4105 |4105 |   0 |  0 |   0 |   0 | 5.120000e+02 |-6.761721e+02 |    Inf | unknown
  0.1s|     1 |     0 |   491 |     - |    46M |   0 | 296 |4105 |4105 |   0 |  0 |   0 |   0 |-4.471064e+02 |-6.761721e+02 |  51.23%| unknown
r 0.1s|     1 |     0 |   491 |     - |shifting|   0 | 296 |4105 |4105 |   0 |  0 |   0 |   0 |-4.471064e+02 |-4.682092e+02 |   4.72%| unknown
  0.2s|     1 |     0 |   529 |     - |    47M |   0 | 296 |4105 |4106 |   1 |  1 |   0 |   0 |-4.471341e+02 |-4.682092e+02 |   4.71%| unknown
  0.2s|     1 |     0 |   529 |     - |    47M |   0 | 296 |4105 |4106 |   1 |  1 |   0 |   0 |-4.471341e+02 |-4.682092e+02 |   4.71%| unknown
  0.2s|     1 |     0 |   534 |     - |    47M |   0 | 296 |4105 |4107 |   2 |  2 |   0 |   0 |-4.471377e+02 |-4.682092e+02 |   4.71%| unknown
r 0.3s|     1 |     0 |   534 |     - |shifting|   0 | 296 |4105 |4107 |   2 |  2 |   0 |   0 |-4.471377e+02 |-4.642926e+02 |   3.84%| unknown
  0.3s|     1 |     0 |   546 |     - |    47M |   0 | 296 |4105 |4108 |   3 |  3 |   0 |   0 |-4.471402e+02 |-4.642926e+02 |   3.84%| unknown
  0.4s|     1 |     0 |   557 |     - |    48M |   0 | 296 |4105 |4109 |   4 |  4 |   0 |   0 |-4.471495e+02 |-4.642926e+02 |   3.83%| unknown
  0.5s|     1 |     0 |   583 |     - |    48M |   0 | 296 |4105 |4110 |   5 |  5 |   0 |   0 |-4.471608e+02 |-4.642926e+02 |   3.83%| unknown
  0.7s|     1 |     0 |   599 |     - |    49M |   0 | 296 |4105 |4111 |   6 |  6 |   0 |   0 |-4.471803e+02 |-4.642926e+02 |   3.83%| unknown
  0.8s|     1 |     0 |   603 |     - |    49M |   0 | 296 |4105 |4112 |   7 |  7 |   0 |   0 |-4.471902e+02 |-4.642926e+02 |   3.82%| unknown
d 0.8s|     1 |     0 |   603 |     - |farkasdi|   0 | 296 |4105 |4112 |   0 |  8 |   0 |   0 |-4.471902e+02 |-4.471902e+02 |   0.00%| unknown
  0.8s|     1 |     0 |   603 |     - |    49M |   0 | 296 |4105 |4112 |   7 |  8 |   0 |   0 |-4.471902e+02 |-4.471902e+02 |   0.00%| unknown

SCIP Status        : problem is solved [optimal solution found]
Solving Time (sec) : 0.81
Solving Nodes      : 1
Primal Bound       : -4.47190217391305e+02 (11 solutions)
Dual Bound         : -4.47190217391305e+02
Gap                : 0.00 %
  [linear] <c4106>: <x277>[C] (+28.7572464) +0.454710145<x1>[B] (+1) -0.454710145<x2>[B] (+1) +0.454710145<x3>[B] (+0) +0.454710145<x4>[B] (+1) +0.454710145<x5>[B] (+0) +0.454710145<x6>[B] (+1) +0.454710145<x7>[B] (+1) +0.454710145<x8>[B] (+1) +0.454710145<x9>[B] (+1) +0.454710145<x10>[B] (+7.24713871e-14) +0.454710145<x11>[B] (+1) +0.454710145<x12>[B] (+1) -0.454710145<x13>[B] (+1) +0.454710145<x14>[B] (+1) +0.454710145<x15>[B] (+1) +0.454710145<x16>[B] (+1) +0.454710145<x17>[B] (+1) -0.454710145<x18>[B] (+0) +0.454710145<x19>[B] (+1) -0.454710145<x20>[B] (+1) -0.454710145<x21>[B] (+1) +0.454710145<x22>[B] (+1) +0.454710145<x23>[B] (+1) -0.454710145<x24>[B] (+0) -0.454710145<x25>[B] (+0) -0.454710145<x26>[B] (+1) -0.454710145<x27>[B] (+0) -0.454710145<x28>[B] (+1) -0.454710145<x29>[B] (+1) +0.454710145<x30>[B] (+1) -0.454710145<x31>[B] (+1) +0.454710145<x32>[B] (+0) -0.454710145<x33>[B] (+1) +0.454710145<x34>[B] (+1) -0.454710145<x35>[B] (+1) +0.454710145<x36>[B] (+1) -0.454710145<x37>[B] (+1) -0.454710145<x38>[B] (+1) -0.454710145<x39>[B] (+1) -0.454710145<x40>[B] (+0) +0.454710145<x41>[B] (+1) -0.454710145<x42>[B] (+1) -0.454710145<x43>[B] (+0) -0.454710145<x44>[B] (+0) -0.454710145<x45>[B] (+1) +0.454710145<x46>[B] (+0) +0.454710145<x47>[B] (+1) +0.454710145<x48>[B] (+0) +0.454710145<x49>[B] (+1) +0.454710145<x50>[B] (+1) +0.454710145<x51>[B] (+1) +0.454710145<x52>[B] (+1) +0.454710145<x53>[B] (+0) +0.454710145<x54>[B] (+1) +0.454710145<x55>[B] (+1) +0.454710145<x56>[B] (+1) +0.454710145<x57>[B] (+1) +0.454710145<x58>[B] (+1) +0.454710145<x59>[B] (+1) +0.454710145<x60>[B] (+1) -0.454710145<x61>[B] (+0) +0.454710145<x62>[B] (+1) -0.454710145<x63>[B] (+1) -0.454710145<x64>[B] (+0) +0.454710145<x65>[B] (+0) +0.454710145<x66>[B] (+1) +0.454710145<x67>[B] (+1) +0.454710145<x68>[B] (+0) -0.454710145<x69>[B] (+1) +0.454710145<x70>[B] (+1) +0.454710145<x71>[B] (+1) +0.454710145<x72>[B] (+1) +0.454710145<x73>[B] (+1) -0.454710145<x74>[B] (+1) +0.454710145<x75>[B] (+1) -0.454710145<x76>[B] (+1) +0.454710145<x77>[B] (+1) +0.454710145<x78>[B] (+1) -0.454710145<x79>[B] (+1) +0.454710145<x80>[B] (+1) -0.454710145<x81>[B] (+1) +0.454710145<x82>[B] (+1) -0.454710145<x83>[B] (+1) -0.454710145<x84>[B] (+1) +0.454710145<x85>[B] (+1) -0.454710145<x86>[B] (+1) +0.454710145<x87>[B] (+0) -0.454710145<x88>[B] (+1) +0.454710145<x89>[B] (+7.24713871e-14) +0.454710145<x90>[B] (+1) -0.454710145<x91>[B] (+1) +0.454710145<x92>[B] (+7.24713871e-14) -0.454710145<x93>[B] (+1) +0.454710145<x94>[B] (+1) -0.454710145<x95>[B] (+1) +0.454710145<x96>[B] (+2.71201308e-13) +0.454710145<x97>[B] (+7.24713871e-14) -0.454710145<x98>[B] (+7.24713871e-14) +0.454710145<x99>[B] (+1) -0.454710145<x100>[B] (+0) +0.454710145<x101>[B] (+1) -0.454710145<x102>[B] (+1) -0.454710145<x103>[B] (+0) +0.454710145<x104>[B] (+0) -0.454710145<x105>[B] (+1) -0.454710145<x106>[B] (+1) -0.454710145<x107>[B] (+1) +0.454710145<x108>[B] (+1) -0.454710145<x109>[B] (+1) +0.454710145<x110>[B] (+1) -0.454710145<x111>[B] (+1) +0.454710145<x112>[B] (+1) -0.454710145<x113>[B] (+1) +0.454710145<x114>[B] (+1) -0.454710145<x115>[B] (+1) -0.454710145<x116>[B] (+1) -0.454710145<x117>[B] (+1) -0.454710145<x118>[B] (+1) +0.454710145<x119>[B] (+1) -0.454710145<x120>[B] (+1) -0.454710145<x121>[B] (+1) -0.454710145<x122>[B] (+1) -0.454710145<x123>[B] (+1) +0.454710145<x124>[B] (+0) +0.454710145<x125>[B] (+1) +0.454710145<x126>[B] (+1) +0.454710145<x127>[B] (+0) +0.454710145<x128>[B] (+1) +0.454710145<x129>[B] (+0) -0.454710145<x130>[B] (+0) +0.454710145<x131>[B] (+0) +0.454710145<x132>[B] (+0) +0.454710145<x133>[B] (+0) +0.454710145<x134>[B] (+0) -0.454710145<x135>[B] (+0) +0.454710145<x136>[B] (+0) -0.454710145<x137>[B] (+0) -0.454710145<x138>[B] (+0) +0.454710145<x139>[B] (+0) +0.454710145<x140>[B] (-7.00953049e-14) +0.454710145<x141>[B] (+1) -0.454710145<x142>[B] (+1) +0.454710145<x143>[B] (+0) -0.454710145<x144>[B] (+1) +0.454710145<x145>[B] (+1) -0.454710145<x146>[B] (+1) +0.454710145<x147>[B] (+1.98729921e-13) -0.454710145<x148>[B] (+0) -0.454710145<x149>[B] (+0) -0.454710145<x150>[B] (+1) -0.454710145<x151>[B] (+0) +0.454710145<x152>[B] (+1) -0.454710145<x153>[B] (+1) -0.454710145<x154>[B] (+0) -0.454710145<x155>[B] (+0) -0.454710145<x156>[B] (+1) -0.454710145<x157>[B] (+0) -0.454710145<x158>[B] (+0) -0.454710145<x159>[B] (+1) -0.454710145<x160>[B] (+0) -0.454710145<x161>[B] (+0) -0.454710145<x162>[B] (+0) -0.454710145<x163>[B] (+0) -0.454710145<x164>[B] (+0) -0.454710145<x165>[B] (+0) -0.454710145<x166>[B] (+0) -0.454710145<x167>[B] (+0) -0.454710145<x168>[B] (+0) -0.454710145<x169>[B] (+0) -0.454710145<x170>[B] (+0) -0.454710145<x171>[B] (+0) +0.454710145<x172>[B] (+0) -0.454710145<x173>[B] (+1) +0.454710145<x174>[B] (+0) -0.454710145<x175>[B] (+0) +0.454710145<x176>[B] (+0) +0.454710145<x177>[B] (+0) -0.454710145<x178>[B] (+0) +0.454710145<x179>[B] (+0) -0.454710145<x180>[B] (+0) +0.454710145<x181>[B] (+0) -0.454710145<x182>[B] (+0) -0.454710145<x183>[B] (+0) +0.454710145<x184>[B] (+0) -0.454710145<x185>[B] (-7.00953049e-14) -0.454710145<x186>[B] (+1) +0.454710145<x187>[B] (+1) -0.454710145<x188>[B] (+1) +0.454710145<x189>[B] (+1) -0.454710145<x190>[B] (+1) -0.454710145<x191>[B] (+1) -0.454710145<x192>[B] (+1) -0.454710145<x193>[B] (+0) -0.454710145<x194>[B] (+1) -0.454710145<x195>[B] (+1) -0.454710145<x196>[B] (+1) -0.454710145<x197>[B] (+1) -0.454710145<x198>[B] (+1) +0.454710145<x199>[B] (+0) -0.454710145<x200>[B] (+0) +0.454710145<x201>[B] (+0) +0.454710145<x202>[B] (+0) -0.454710145<x203>[B] (+0) +0.454710145<x204>[B] (+0) -0.454710145<x205>[B] (+0) +0.454710145<x206>[B] (+0) -0.454710145<x207>[B] (+0) -0.454710145<x208>[B] (+0) +0.454710145<x209>[B] (+0) -0.454710145<x210>[B] (+0) -0.454710145<x211>[B] (+0) +0.454710145<x212>[B] (+1.98729921e-13) -0.454710145<x213>[B] (+0) -0.454710145<x214>[B] (+0) -0.454710145<x215>[B] (+0) -0.454710145<x216>[B] (+0) -0.454710145<x217>[B] (+1) -0.454710145<x218>[B] (+1) -0.454710145<x219>[B] (+7.01660952e-14) -0.454710145<x220>[B] (+0) -0.454710145<x221>[B] (+1) +0.454710145<x222>[B] (+2.71201308e-13) +0.454710145<x223>[B] (+7.24713871e-14) +0.454710145<x224>[B] (+7.23865412e-14) +0.454710145<x225>[B] (+1) -0.454710145<x226>[B] (+0) +0.454710145<x227>[B] (+1) -0.454710145<x228>[B] (+1) -0.454710145<x229>[B] (+0) +0.454710145<x230>[B] (+0) +0.454710145<x231>[B] (+1) -0.454710145<x232>[B] (+1) -0.454710145<x233>[B] (+1) -0.454710145<x234>[B] (+1) -0.454710145<x235>[B] (+0) -0.454710145<x236>[B] (+1) -0.454710145<x237>[B] (+1) -0.454710145<x238>[B] (+0) -0.454710145<x239>[B] (+0) -0.454710145<x240>[B] (+1) -0.454710145<x241>[B] (+1) +0.454710145<x242>[B] (+1) -0.454710145<x243>[B] (+0) +0.454710145<x244>[B] (+1) -0.454710145<x245>[B] (+1) -0.454710145<x246>[B] (+0) -0.454710145<x247>[B] (+0) -0.454710145<x248>[B] (+1) +0.454710145<x249>[B] (+1) -0.454710145<x250>[B] (+0) +0.454710145<x251>[B] (+1) -0.454710145<x252>[B] (+1) -0.454710145<x253>[B] (+0) +0.454710145<x254>[B] (+0) +0.454710145<x255>[B] (+1) -0.454710145<x256>[B] (+0) +0.454710145<x257>[B] (+1) -0.454710145<x258>[B] (+1) -0.454710145<x259>[B] (+0) -0.454710145<x260>[B] (+0) -0.454710145<x261>[B] (+1) +0.454710145<x262>[B] (+1) +0.454710145<x263>[B] (+1) +0.454710145<x264>[B] (+1) +0.454710145<x265>[B] (+1) +0.454710145<x266>[B] (+1) -0.454710145<x267>[B] (+0) -0.454710145<x268>[B] (+0) -0.454710145<x269>[B] (+0) -0.454710145<x270>[B] (-7.00953049e-14) -0.454710145<x271>[B] (+0) +0.454710145<x272>[B] (+0) +0.454710145<x273>[B] (+1) +0.454710145<x274>[B] (+0) +0.454710145<x275>[B] (+1) -0.454710145<x276>[B] (+1) >= 28.3061594202899;
;
violation: left hand side is violated by 0.00362318840576847
  [linear] <c4117>: <x295>[C] (+42.3713768) -0.548913043<x1>[B] (+1) -0.548913043<x2>[B] (+1) +0.548913043<x3>[B] (+0) -0.548913043<x4>[B] (+1) -0.548913043<x5>[B] (+0) -0.548913043<x6>[B] (+1) -0.548913043<x7>[B] (+1) -0.548913043<x8>[B] (+1) -0.548913043<x9>[B] (+1) -0.548913043<x10>[B] (+1) -0.548913043<x11>[B] (+1) +0.548913043<x12>[B] (+1) -0.548913043<x13>[B] (+1) -0.548913043<x14>[B] (+1) -0.548913043<x15>[B] (+1) -0.548913043<x16>[B] (+1) -0.548913043<x17>[B] (+1) -0.548913043<x18>[B] (+0) -0.548913043<x19>[B] (+1) -0.548913043<x20>[B] (+1) -0.548913043<x21>[B] (+1) -0.548913043<x22>[B] (+1) -0.548913043<x23>[B] (+1) +0.548913043<x24>[B] (+0) +0.548913043<x25>[B] (+0) -0.548913043<x26>[B] (+1) -0.548913043<x27>[B] (+0) +0.548913043<x28>[B] (+1) +0.548913043<x29>[B] (+1) -0.548913043<x30>[B] (+1) -0.548913043<x31>[B] (+1) -0.548913043<x32>[B] (+0) +0.548913043<x33>[B] (+1) +0.548913043<x34>[B] (+1) -0.548913043<x35>[B] (+1) +0.548913043<x36>[B] (+1) +0.548913043<x37>[B] (+1) -0.548913043<x38>[B] (+1) +0.548913043<x39>[B] (+1) -0.548913043<x40>[B] (+0) -0.548913043<x41>[B] (+1) -0.548913043<x42>[B] (+1) +0.548913043<x43>[B] (+0) +0.548913043<x44>[B] (+0) +0.548913043<x45>[B] (+1) +0.548913043<x46>[B] (+0) -0.548913043<x47>[B] (+1) -0.548913043<x48>[B] (+0) +0.548913043<x49>[B] (+1) +0.548913043<x50>[B] (+1) -0.548913043<x51>[B] (+1) -0.548913043<x52>[B] (+1) -0.548913043<x53>[B] (+0) +0.548913043<x54>[B] (+1) +0.548913043<x55>[B] (+1) -0.548913043<x56>[B] (+1) +0.548913043<x57>[B] (+1) +0.548913043<x58>[B] (+1) -0.548913043<x59>[B] (+1) +0.548913043<x60>[B] (+1) -0.548913043<x61>[B] (+0) -0.548913043<x62>[B] (+1) -0.548913043<x63>[B] (+1) +0.548913043<x64>[B] (+0) +0.548913043<x65>[B] (+0) +0.548913043<x66>[B] (+1) -0.548913043<x67>[B] (+1) -0.548913043<x68>[B] (+0) -0.548913043<x69>[B] (+1) -0.548913043<x70>[B] (+1) -0.548913043<x71>[B] (+1) -0.548913043<x72>[B] (+1) -0.548913043<x73>[B] (+1) -0.548913043<x74>[B] (+1) +0.548913043<x75>[B] (+1) -0.548913043<x76>[B] (+1) -0.548913043<x77>[B] (+1) -0.548913043<x78>[B] (+1) -0.548913043<x79>[B] (+1) -0.548913043<x80>[B] (+1) -0.548913043<x81>[B] (+1) -0.548913043<x82>[B] (+1) -0.548913043<x83>[B] (+1) -0.548913043<x84>[B] (+1) -0.548913043<x85>[B] (+1) -0.548913043<x86>[B] (+1) -0.548913043<x87>[B] (+0) +0.548913043<x88>[B] (+1) +0.548913043<x89>[B] (+1) -0.548913043<x90>[B] (+1) -0.548913043<x91>[B] (+1) -0.548913043<x92>[B] (+0) +0.548913043<x93>[B] (+1) +0.548913043<x94>[B] (+1) -0.548913043<x95>[B] (+1) +0.548913043<x96>[B] (+0) +0.548913043<x97>[B] (+0) -0.548913043<x98>[B] (+1) +0.548913043<x99>[B] (+1) -0.548913043<x100>[B] (+0) -0.548913043<x101>[B] (+1) -0.548913043<x102>[B] (+1) +0.548913043<x103>[B] (+0) +0.548913043<x104>[B] (+0) +0.548913043<x105>[B] (+1) +0.548913043<x106>[B] (+1) +0.548913043<x107>[B] (+1) -0.548913043<x108>[B] (+1) -0.548913043<x109>[B] (+1) +0.548913043<x110>[B] (+1) +0.548913043<x111>[B] (+1) +0.548913043<x112>[B] (+1) +0.548913043<x113>[B] (+1) +0.548913043<x114>[B] (+1) +0.548913043<x115>[B] (+1) -0.548913043<x116>[B] (+1) +0.548913043<x117>[B] (+1) +0.548913043<x118>[B] (+1) +0.548913043<x119>[B] (+1) +0.548913043<x120>[B] (+1) +0.548913043<x121>[B] (+1) +0.548913043<x122>[B] (+1) +0.548913043<x123>[B] (+1) -0.548913043<x124>[B] (+0) -0.548913043<x125>[B] (+1) -0.548913043<x126>[B] (+1) -0.548913043<x127>[B] (+0) -0.548913043<x128>[B] (+1) +0.548913043<x129>[B] (+0) -0.548913043<x130>[B] (+0) -0.548913043<x131>[B] (+0) -0.548913043<x132>[B] (+0) -0.548913043<x133>[B] (+0) -0.548913043<x134>[B] (+0) -0.548913043<x135>[B] (+0) -0.548913043<x136>[B] (+0) -0.548913043<x137>[B] (+0) -0.548913043<x138>[B] (+0) -0.548913043<x139>[B] (+0) -0.548913043<x140>[B] (+3.97770705e-12) -0.548913043<x141>[B] (+1) -0.548913043<x142>[B] (+1) -0.548913043<x143>[B] (+0) +0.548913043<x144>[B] (+1) +0.548913043<x145>[B] (+1) -0.548913043<x146>[B] (+0) -0.548913043<x147>[B] (+0) -0.548913043<x148>[B] (+0) -0.548913043<x149>[B] (+0) -0.548913043<x150>[B] (+1) -0.548913043<x151>[B] (+0) -0.548913043<x152>[B] (+1) -0.548913043<x153>[B] (+1) -0.548913043<x154>[B] (+0) +0.548913043<x155>[B] (+0) -0.548913043<x156>[B] (+1) -0.548913043<x157>[B] (+0) +0.548913043<x158>[B] (+0) +0.548913043<x159>[B] (+1) +0.548913043<x160>[B] (+0) +0.548913043<x161>[B] (+0) +0.548913043<x162>[B] (+0) +0.548913043<x163>[B] (+0) -0.548913043<x164>[B] (+0) +0.548913043<x165>[B] (+0) +0.548913043<x166>[B] (+0) +0.548913043<x167>[B] (+0) +0.548913043<x168>[B] (+0) +0.548913043<x169>[B] (+0) +0.548913043<x170>[B] (+0) +0.548913043<x171>[B] (+0) +0.548913043<x172>[B] (+0) +0.548913043<x173>[B] (+1) +0.548913043<x174>[B] (+0) +0.548913043<x175>[B] (+0) +0.548913043<x176>[B] (+0) +0.548913043<x177>[B] (+0) -0.548913043<x178>[B] (+0) +0.548913043<x179>[B] (+0) +0.548913043<x180>[B] (+0) +0.548913043<x181>[B] (+0) +0.548913043<x182>[B] (+0) +0.548913043<x183>[B] (+0) +0.548913043<x184>[B] (+0) +0.548913043<x185>[B] (+3.97770705e-12) +0.548913043<x186>[B] (+1) +0.548913043<x187>[B] (+1) +0.548913043<x188>[B] (+1) +0.548913043<x189>[B] (+1) +0.548913043<x190>[B] (+1) -0.548913043<x191>[B] (+1) +0.548913043<x192>[B] (+1) +0.548913043<x193>[B] (+0) +0.548913043<x194>[B] (+1) +0.548913043<x195>[B] (+1) +0.548913043<x196>[B] (+1) +0.548913043<x197>[B] (+1) +0.548913043<x198>[B] (+1) +0.548913043<x199>[B] (+0) -0.548913043<x200>[B] (+0) -0.548913043<x201>[B] (+0) -0.548913043<x202>[B] (+0) -0.548913043<x203>[B] (+0) -0.548913043<x204>[B] (+0) -0.548913043<x205>[B] (+0) -0.548913043<x206>[B] (+0) -0.548913043<x207>[B] (+0) -0.548913043<x208>[B] (+0) +0.548913043<x209>[B] (+0) -0.548913043<x210>[B] (+0) -0.548913043<x211>[B] (+0) -0.548913043<x212>[B] (+0) -0.548913043<x213>[B] (+0) -0.548913043<x214>[B] (+0) -0.548913043<x215>[B] (+0) -0.548913043<x216>[B] (+0) -0.548913043<x217>[B] (+1) -0.548913043<x218>[B] (+1) -0.548913043<x219>[B] (+0) -0.548913043<x220>[B] (+0) -0.548913043<x221>[B] (+1) +0.548913043<x222>[B] (+0) +0.548913043<x223>[B] (+0) -0.548913043<x224>[B] (+1) +0.548913043<x225>[B] (+1) +0.548913043<x226>[B] (+0) -0.548913043<x227>[B] (+1) +0.548913043<x228>[B] (+1) +0.548913043<x229>[B] (+0) +0.548913043<x230>[B] (+0) +0.548913043<x231>[B] (+1) -0.548913043<x232>[B] (+1) -0.548913043<x233>[B] (+1) +0.548913043<x234>[B] (+1) -0.548913043<x235>[B] (+0) -0.548913043<x236>[B] (+1) -0.548913043<x237>[B] (+1) +0.548913043<x238>[B] (+0) +0.548913043<x239>[B] (+0) -0.548913043<x240>[B] (+1) -0.548913043<x241>[B] (+1) +0.548913043<x242>[B] (+1) -0.548913043<x243>[B] (+0) -0.548913043<x244>[B] (+1) -0.548913043<x245>[B] (+1) +0.548913043<x246>[B] (+0) +0.548913043<x247>[B] (+0) -0.548913043<x248>[B] (+1) +0.548913043<x249>[B] (+1) +0.548913043<x250>[B] (+0) +0.548913043<x251>[B] (+1) +0.548913043<x252>[B] (+1) +0.548913043<x253>[B] (+0) +0.548913043<x254>[B] (+0) +0.548913043<x255>[B] (+1) -0.548913043<x256>[B] (+0) -0.548913043<x257>[B] (+1) -0.548913043<x258>[B] (+1) +0.548913043<x259>[B] (+0) +0.548913043<x260>[B] (+0) -0.548913043<x261>[B] (+1) -0.548913043<x262>[B] (+1) -0.548913043<x263>[B] (+1) +0.548913043<x264>[B] (+1) +0.548913043<x265>[B] (+1) +0.548913043<x266>[B] (+1) +0.548913043<x267>[B] (+0) +0.548913043<x268>[B] (+0) +0.548913043<x269>[B] (+0) +0.548913043<x270>[B] (+3.97770705e-12) +0.548913043<x271>[B] (+0) +0.548913043<x272>[B] (+0) +0.548913043<x273>[B] (+1) +0.548913043<x274>[B] (+0) -0.548913043<x275>[B] (+1) -0.548913043<x276>[B] (+1) >= 29.2300724637681;
;
violation: left hand side is violated by 0.032608695651966
  [linear] <c4117>: <x295>[C] (+42.3713768) -0.548913043<x1>[B] (+1) -0.548913043<x2>[B] (+1) +0.548913043<x3>[B] (+0) -0.548913043<x4>[B] (+1) -0.548913043<x5>[B] (+0) -0.548913043<x6>[B] (+1) -0.548913043<x7>[B] (+1) -0.548913043<x8>[B] (+1) -0.548913043<x9>[B] (+1) -0.548913043<x10>[B] (+1) -0.548913043<x11>[B] (+1) +0.548913043<x12>[B] (+1) -0.548913043<x13>[B] (+1) -0.548913043<x14>[B] (+1) -0.548913043<x15>[B] (+1) -0.548913043<x16>[B] (+1) -0.548913043<x17>[B] (+1) -0.548913043<x18>[B] (+0) -0.548913043<x19>[B] (+1) -0.548913043<x20>[B] (+1) -0.548913043<x21>[B] (+1) -0.548913043<x22>[B] (+1) -0.548913043<x23>[B] (+1) +0.548913043<x24>[B] (+0) +0.548913043<x25>[B] (+0) -0.548913043<x26>[B] (+1) -0.548913043<x27>[B] (+0) +0.548913043<x28>[B] (+1) +0.548913043<x29>[B] (+1) -0.548913043<x30>[B] (+1) -0.548913043<x31>[B] (+1) -0.548913043<x32>[B] (+0) +0.548913043<x33>[B] (+1) +0.548913043<x34>[B] (+1) -0.548913043<x35>[B] (+1) +0.548913043<x36>[B] (+1) +0.548913043<x37>[B] (+1) -0.548913043<x38>[B] (+1) +0.548913043<x39>[B] (+1) -0.548913043<x40>[B] (+0) -0.548913043<x41>[B] (+1) -0.548913043<x42>[B] (+1) +0.548913043<x43>[B] (+0) +0.548913043<x44>[B] (+0) +0.548913043<x45>[B] (+1) +0.548913043<x46>[B] (+0) -0.548913043<x47>[B] (+1) -0.548913043<x48>[B] (+0) +0.548913043<x49>[B] (+1) +0.548913043<x50>[B] (+1) -0.548913043<x51>[B] (+1) -0.548913043<x52>[B] (+1) -0.548913043<x53>[B] (+0) +0.548913043<x54>[B] (+1) +0.548913043<x55>[B] (+1) -0.548913043<x56>[B] (+1) +0.548913043<x57>[B] (+1) +0.548913043<x58>[B] (+1) -0.548913043<x59>[B] (+1) +0.548913043<x60>[B] (+1) -0.548913043<x61>[B] (+0) -0.548913043<x62>[B] (+1) -0.548913043<x63>[B] (+1) +0.548913043<x64>[B] (+0) +0.548913043<x65>[B] (+0) +0.548913043<x66>[B] (+1) -0.548913043<x67>[B] (+1) -0.548913043<x68>[B] (+0) -0.548913043<x69>[B] (+1) -0.548913043<x70>[B] (+1) -0.548913043<x71>[B] (+1) -0.548913043<x72>[B] (+1) -0.548913043<x73>[B] (+1) -0.548913043<x74>[B] (+1) +0.548913043<x75>[B] (+1) -0.548913043<x76>[B] (+1) -0.548913043<x77>[B] (+1) -0.548913043<x78>[B] (+1) -0.548913043<x79>[B] (+1) -0.548913043<x80>[B] (+1) -0.548913043<x81>[B] (+1) -0.548913043<x82>[B] (+1) -0.548913043<x83>[B] (+1) -0.548913043<x84>[B] (+1) -0.548913043<x85>[B] (+1) -0.548913043<x86>[B] (+1) -0.548913043<x87>[B] (+0) +0.548913043<x88>[B] (+1) +0.548913043<x89>[B] (+1) -0.548913043<x90>[B] (+1) -0.548913043<x91>[B] (+1) -0.548913043<x92>[B] (+0) +0.548913043<x93>[B] (+1) +0.548913043<x94>[B] (+1) -0.548913043<x95>[B] (+1) +0.548913043<x96>[B] (+0) +0.548913043<x97>[B] (+0) -0.548913043<x98>[B] (+1) +0.548913043<x99>[B] (+1) -0.548913043<x100>[B] (+0) -0.548913043<x101>[B] (+1) -0.548913043<x102>[B] (+1) +0.548913043<x103>[B] (+0) +0.548913043<x104>[B] (+0) +0.548913043<x105>[B] (+1) +0.548913043<x106>[B] (+1) +0.548913043<x107>[B] (+1) -0.548913043<x108>[B] (+1) -0.548913043<x109>[B] (+1) +0.548913043<x110>[B] (+1) +0.548913043<x111>[B] (+1) +0.548913043<x112>[B] (+1) +0.548913043<x113>[B] (+1) +0.548913043<x114>[B] (+1) +0.548913043<x115>[B] (+1) -0.548913043<x116>[B] (+1) +0.548913043<x117>[B] (+1) +0.548913043<x118>[B] (+1) +0.548913043<x119>[B] (+1) +0.548913043<x120>[B] (+1) +0.548913043<x121>[B] (+1) +0.548913043<x122>[B] (+1) +0.548913043<x123>[B] (+1) -0.548913043<x124>[B] (+0) -0.548913043<x125>[B] (+1) -0.548913043<x126>[B] (+1) -0.548913043<x127>[B] (+0) -0.548913043<x128>[B] (+1) +0.548913043<x129>[B] (+0) -0.548913043<x130>[B] (+0) -0.548913043<x131>[B] (+0) -0.548913043<x132>[B] (+0) -0.548913043<x133>[B] (+0) -0.548913043<x134>[B] (+0) -0.548913043<x135>[B] (+0) -0.548913043<x136>[B] (+0) -0.548913043<x137>[B] (+0) -0.548913043<x138>[B] (+0) -0.548913043<x139>[B] (+0) -0.548913043<x140>[B] (+0) -0.548913043<x141>[B] (+1) -0.548913043<x142>[B] (+1) -0.548913043<x143>[B] (+0) +0.548913043<x144>[B] (+1) +0.548913043<x145>[B] (+1) -0.548913043<x146>[B] (+0) -0.548913043<x147>[B] (+0) -0.548913043<x148>[B] (+0) -0.548913043<x149>[B] (+0) -0.548913043<x150>[B] (+1) -0.548913043<x151>[B] (+0) -0.548913043<x152>[B] (+1) -0.548913043<x153>[B] (+1) -0.548913043<x154>[B] (+0) +0.548913043<x155>[B] (+0) -0.548913043<x156>[B] (+1) -0.548913043<x157>[B] (+0) +0.548913043<x158>[B] (+0) +0.548913043<x159>[B] (+1) +0.548913043<x160>[B] (+0) +0.548913043<x161>[B] (+0) +0.548913043<x162>[B] (+0) +0.548913043<x163>[B] (+0) -0.548913043<x164>[B] (+0) +0.548913043<x165>[B] (+0) +0.548913043<x166>[B] (+0) +0.548913043<x167>[B] (+0) +0.548913043<x168>[B] (+0) +0.548913043<x169>[B] (+0) +0.548913043<x170>[B] (+0) +0.548913043<x171>[B] (+0) +0.548913043<x172>[B] (+0) +0.548913043<x173>[B] (+1) +0.548913043<x174>[B] (+0) +0.548913043<x175>[B] (+0) +0.548913043<x176>[B] (+0) +0.548913043<x177>[B] (+0) -0.548913043<x178>[B] (+0) +0.548913043<x179>[B] (+0) +0.548913043<x180>[B] (+0) +0.548913043<x181>[B] (+0) +0.548913043<x182>[B] (+0) +0.548913043<x183>[B] (+0) +0.548913043<x184>[B] (+0) +0.548913043<x185>[B] (+0) +0.548913043<x186>[B] (+1) +0.548913043<x187>[B] (+1) +0.548913043<x188>[B] (+1) +0.548913043<x189>[B] (+1) +0.548913043<x190>[B] (+1) -0.548913043<x191>[B] (+1) +0.548913043<x192>[B] (+1) +0.548913043<x193>[B] (+0) +0.548913043<x194>[B] (+1) +0.548913043<x195>[B] (+1) +0.548913043<x196>[B] (+0) +0.548913043<x197>[B] (+0) +0.548913043<x198>[B] (+1) +0.548913043<x199>[B] (+0) -0.548913043<x200>[B] (+0) -0.548913043<x201>[B] (+0) -0.548913043<x202>[B] (+0) -0.548913043<x203>[B] (+0) -0.548913043<x204>[B] (+0) -0.548913043<x205>[B] (+0) -0.548913043<x206>[B] (+0) -0.548913043<x207>[B] (+0) -0.548913043<x208>[B] (+0) +0.548913043<x209>[B] (+0) -0.548913043<x210>[B] (+0) -0.548913043<x211>[B] (+0) -0.548913043<x212>[B] (+0) -0.548913043<x213>[B] (+0) -0.548913043<x214>[B] (+0) -0.548913043<x215>[B] (+0) -0.548913043<x216>[B] (+0) -0.548913043<x217>[B] (+1) -0.548913043<x218>[B] (+0) -0.548913043<x219>[B] (+0) -0.548913043<x220>[B] (+0) -0.548913043<x221>[B] (+1) +0.548913043<x222>[B] (+0) +0.548913043<x223>[B] (+0) -0.548913043<x224>[B] (+1) +0.548913043<x225>[B] (+1) +0.548913043<x226>[B] (+0) -0.548913043<x227>[B] (+1) +0.548913043<x228>[B] (+1) +0.548913043<x229>[B] (+0) +0.548913043<x230>[B] (+0) +0.548913043<x231>[B] (+1) -0.548913043<x232>[B] (+1) -0.548913043<x233>[B] (+1) +0.548913043<x234>[B] (+1) -0.548913043<x235>[B] (+0) -0.548913043<x236>[B] (+1) -0.548913043<x237>[B] (+1) +0.548913043<x238>[B] (+0) +0.548913043<x239>[B] (+0) -0.548913043<x240>[B] (+1) -0.548913043<x241>[B] (+1) +0.548913043<x242>[B] (+1) -0.548913043<x243>[B] (+0) -0.548913043<x244>[B] (+1) -0.548913043<x245>[B] (+1) +0.548913043<x246>[B] (+0) +0.548913043<x247>[B] (+0) -0.548913043<x248>[B] (+1) +0.548913043<x249>[B] (+1) +0.548913043<x250>[B] (+0) +0.548913043<x251>[B] (+1) +0.548913043<x252>[B] (+1) +0.548913043<x253>[B] (+0) +0.548913043<x254>[B] (+0) +0.548913043<x255>[B] (+1) -0.548913043<x256>[B] (+0) -0.548913043<x257>[B] (+1) -0.548913043<x258>[B] (+1) +0.548913043<x259>[B] (+0) +0.548913043<x260>[B] (+0) -0.548913043<x261>[B] (+1) -0.548913043<x262>[B] (+1) -0.548913043<x263>[B] (+1) +0.548913043<x264>[B] (+1) +0.548913043<x265>[B] (+1) +0.548913043<x266>[B] (+1) +0.548913043<x267>[B] (+0) +0.548913043<x268>[B] (+0) +0.548913043<x269>[B] (+0) +0.548913043<x270>[B] (+1) +0.548913043<x271>[B] (+0) +0.548913043<x272>[B] (+0) +0.548913043<x273>[B] (+1) +0.548913043<x274>[B] (+0) -0.548913043<x275>[B] (+1) -0.548913043<x276>[B] (+1) >= 29.2300724637681;
;
violation: left hand side is violated by 0.0326086956521365
  [linear] <c4108>: <x281>[C] (+43.5018116) -0.552536232<x1>[B] (+1) +0.552536232<x2>[B] (+1) -0.552536232<x3>[B] (+0) -0.552536232<x4>[B] (+1) -0.552536232<x5>[B] (+0) -0.552536232<x6>[B] (+1) -0.552536232<x7>[B] (+1) -0.552536232<x8>[B] (+1) -0.552536232<x9>[B] (+1) -0.552536232<x10>[B] (+1) -0.552536232<x11>[B] (+1) -0.552536232<x12>[B] (+1) +0.552536232<x13>[B] (+1) -0.552536232<x14>[B] (+1) -0.552536232<x15>[B] (+1) +0.552536232<x16>[B] (+1) -0.552536232<x17>[B] (+1) -0.552536232<x18>[B] (+0) -0.552536232<x19>[B] (+1) -0.552536232<x20>[B] (+1) +0.552536232<x21>[B] (+1) -0.552536232<x22>[B] (+1) +0.552536232<x23>[B] (+1) +0.552536232<x24>[B] (+0) -0.552536232<x25>[B] (+0) +0.552536232<x26>[B] (+0) +0.552536232<x27>[B] (+0) -0.552536232<x28>[B] (+1) -0.552536232<x29>[B] (+1) -0.552536232<x30>[B] (+1) +0.552536232<x31>[B] (+1) -0.552536232<x32>[B] (+0) +0.552536232<x33>[B] (+1) -0.552536232<x34>[B] (+1) +0.552536232<x35>[B] (+1) -0.552536232<x36>[B] (+1) +0.552536232<x37>[B] (+1) +0.552536232<x38>[B] (+1) +0.552536232<x39>[B] (+1) +0.552536232<x40>[B] (+0) +0.552536232<x41>[B] (+1) -0.552536232<x42>[B] (+1) +0.552536232<x43>[B] (+0) -0.552536232<x44>[B] (+0) +0.552536232<x45>[B] (+1) -0.552536232<x46>[B] (+0) -0.552536232<x47>[B] (+0) -0.552536232<x48>[B] (+0) -0.552536232<x49>[B] (+1) -0.552536232<x50>[B] (+1) -0.552536232<x51>[B] (+1) -0.552536232<x52>[B] (+1) -0.552536232<x53>[B] (+0) -0.552536232<x54>[B] (+1) -0.552536232<x55>[B] (+1) -0.552536232<x56>[B] (+1) -0.552536232<x57>[B] (+1) -0.552536232<x58>[B] (+1) -0.552536232<x59>[B] (+1) -0.552536232<x60>[B] (+1) -0.552536232<x61>[B] (+0) -0.552536232<x62>[B] (+1) -0.552536232<x63>[B] (+1) -0.552536232<x64>[B] (+0) -0.552536232<x65>[B] (+0) -0.552536232<x66>[B] (+1) +0.552536232<x67>[B] (+1) +0.552536232<x68>[B] (+0) -0.552536232<x69>[B] (+1) -0.552536232<x70>[B] (+1) -0.552536232<x71>[B] (+1) +0.552536232<x72>[B] (+1) -0.552536232<x73>[B] (+1) +0.552536232<x74>[B] (+1) -0.552536232<x75>[B] (+1) +0.552536232<x76>[B] (+1) -0.552536232<x77>[B] (+1) +0.552536232<x78>[B] (+1) +0.552536232<x79>[B] (+1) +0.552536232<x80>[B] (+1) +0.552536232<x81>[B] (+1) +0.552536232<x82>[B] (+1) -0.552536232<x83>[B] (+1) +0.552536232<x84>[B] (+1) +0.552536232<x85>[B] (+1) +0.552536232<x86>[B] (+1) +0.552536232<x87>[B] (+0) -0.552536232<x88>[B] (+1) -0.552536232<x89>[B] (+1) -0.552536232<x90>[B] (+1) +0.552536232<x91>[B] (+1) -0.552536232<x92>[B] (+0) -0.552536232<x93>[B] (+1) -0.552536232<x94>[B] (+1) +0.552536232<x95>[B] (+1) -0.552536232<x96>[B] (+1) +0.552536232<x97>[B] (+1) +0.552536232<x98>[B] (+1) -0.552536232<x99>[B] (+1) -0.552536232<x100>[B] (+0) +0.552536232<x101>[B] (+1) -0.552536232<x102>[B] (+1) +0.552536232<x103>[B] (+0) -0.552536232<x104>[B] (+0) +0.552536232<x105>[B] (+1) -0.552536232<x106>[B] (+1) -0.552536232<x107>[B] (+1) -0.552536232<x108>[B] (+1) -0.552536232<x109>[B] (+1) -0.552536232<x110>[B] (+1) -0.552536232<x111>[B] (+1) -0.552536232<x112>[B] (+1) +0.552536232<x113>[B] (+1) -0.552536232<x114>[B] (+1) -0.552536232<x115>[B] (+1) +0.552536232<x116>[B] (+1) -0.552536232<x117>[B] (+1) -0.552536232<x118>[B] (+1) -0.552536232<x119>[B] (+1) -0.552536232<x120>[B] (+1) +0.552536232<x121>[B] (+1) -0.552536232<x122>[B] (+1) +0.552536232<x123>[B] (+1) +0.552536232<x124>[B] (+0) +0.552536232<x125>[B] (+1) +0.552536232<x126>[B] (+1) +0.552536232<x127>[B] (+0) +0.552536232<x128>[B] (+1) -0.552536232<x129>[B] (+0) +0.552536232<x130>[B] (+0) +0.552536232<x131>[B] (+0) +0.552536232<x132>[B] (+0) +0.552536232<x133>[B] (+0) +0.552536232<x134>[B] (+0) +0.552536232<x135>[B] (+0) +0.552536232<x136>[B] (+0) +0.552536232<x137>[B] (+0) +0.552536232<x138>[B] (+0) +0.552536232<x139>[B] (+0) +0.552536232<x140>[B] (+0) +0.552536232<x141>[B] (+1) +0.552536232<x142>[B] (+1) +0.552536232<x143>[B] (+0) +0.552536232<x144>[B] (+1) -0.552536232<x145>[B] (+1) +0.552536232<x146>[B] (+0) +0.552536232<x147>[B] (+0) +0.552536232<x148>[B] (+0) +0.552536232<x149>[B] (+0) +0.552536232<x150>[B] (+1) +0.552536232<x151>[B] (+0) +0.552536232<x152>[B] (+1) +0.552536232<x153>[B] (+1) +0.552536232<x154>[B] (+0) +0.552536232<x155>[B] (+0) +0.552536232<x156>[B] (+1) +0.552536232<x157>[B] (+0) -0.552536232<x158>[B] (+0) +0.552536232<x159>[B] (+1) -0.552536232<x160>[B] (+0) +0.552536232<x161>[B] (+0) +0.552536232<x162>[B] (+0) +0.552536232<x163>[B] (+0) +0.552536232<x164>[B] (+0) +0.552536232<x165>[B] (+0) +0.552536232<x166>[B] (+0) +0.552536232<x167>[B] (+0) -0.552536232<x168>[B] (+0) +0.552536232<x169>[B] (+0) +0.552536232<x170>[B] (+0) +0.552536232<x171>[B] (+0) -0.552536232<x172>[B] (+0) -0.552536232<x173>[B] (+1) -0.552536232<x174>[B] (+0) +0.552536232<x175>[B] (+0) -0.552536232<x176>[B] (+0) +0.552536232<x177>[B] (+0) +0.552536232<x178>[B] (+0) -0.552536232<x179>[B] (+0) -0.552536232<x180>[B] (+0) +0.552536232<x181>[B] (+0) -0.552536232<x182>[B] (+0) +0.552536232<x183>[B] (+0) -0.552536232<x184>[B] (+0) +0.552536232<x185>[B] (+0) +0.552536232<x186>[B] (+1) -0.552536232<x187>[B] (+1) +0.552536232<x188>[B] (+1) +0.552536232<x189>[B] (+1) +0.552536232<x190>[B] (+1) +0.552536232<x191>[B] (+1) +0.552536232<x192>[B] (+1) +0.552536232<x193>[B] (+0) +0.552536232<x194>[B] (+1) -0.552536232<x195>[B] (+1) +0.552536232<x196>[B] (+1) +0.552536232<x197>[B] (+1) +0.552536232<x198>[B] (+1) -0.552536232<x199>[B] (+0) +0.552536232<x200>[B] (+0) -0.552536232<x201>[B] (+0) +0.552536232<x202>[B] (+0) +0.552536232<x203>[B] (+0) -0.552536232<x204>[B] (+0) -0.552536232<x205>[B] (+0) +0.552536232<x206>[B] (+0) -0.552536232<x207>[B] (+0) +0.552536232<x208>[B] (+0) -0.552536232<x209>[B] (+0) +0.552536232<x210>[B] (+0) +0.552536232<x211>[B] (+0) +0.552536232<x212>[B] (+0) +0.552536232<x213>[B] (+0) +0.552536232<x214>[B] (+0) +0.552536232<x215>[B] (+0) +0.552536232<x216>[B] (+0) +0.552536232<x217>[B] (+1) +0.552536232<x218>[B] (+1) +0.552536232<x219>[B] (+0) +0.552536232<x220>[B] (+0) +0.552536232<x221>[B] (+1) -0.552536232<x222>[B] (+0) -0.552536232<x223>[B] (+0) -0.552536232<x224>[B] (+0) -0.552536232<x225>[B] (+1) -0.552536232<x226>[B] (+0) -0.552536232<x227>[B] (+1) -0.552536232<x228>[B] (+1) +0.552536232<x229>[B] (+0) -0.552536232<x230>[B] (+0) +0.552536232<x231>[B] (+1) +0.552536232<x232>[B] (+1) +0.552536232<x233>[B] (+1) +0.552536232<x234>[B] (+1) +0.552536232<x235>[B] (+0) +0.552536232<x236>[B] (+1) -0.552536232<x237>[B] (+1) +0.552536232<x238>[B] (+0) +0.552536232<x239>[B] (+0) +0.552536232<x240>[B] (+1) +0.552536232<x241>[B] (+1) -0.552536232<x242>[B] (+1) -0.552536232<x243>[B] (+0) -0.552536232<x244>[B] (+1) -0.552536232<x245>[B] (+1) +0.552536232<x246>[B] (+0) -0.552536232<x247>[B] (+0) +0.552536232<x248>[B] (+1) -0.552536232<x249>[B] (+1) -0.552536232<x250>[B] (+0) -0.552536232<x251>[B] (+1) -0.552536232<x252>[B] (+1) +0.552536232<x253>[B] (+0) -0.552536232<x254>[B] (+0) +0.552536232<x255>[B] (+1) +0.552536232<x256>[B] (+0) +0.552536232<x257>[B] (+1) -0.552536232<x258>[B] (+1) +0.552536232<x259>[B] (+0) -0.552536232<x260>[B] (+0) +0.552536232<x261>[B] (+1) +0.552536232<x262>[B] (+1) -0.552536232<x263>[B] (+1) +0.552536232<x264>[B] (+1) -0.552536232<x265>[B] (+1) +0.552536232<x266>[B] (+1) -0.552536232<x267>[B] (+0) +0.552536232<x268>[B] (+0) -0.552536232<x269>[B] (+0) +0.552536232<x270>[B] (+0) +0.552536232<x271>[B] (+0) +0.552536232<x272>[B] (+0) +0.552536232<x273>[B] (+1) -0.552536232<x274>[B] (+0) -0.552536232<x275>[B] (+1) +0.552536232<x276>[B] (+1) >= 39.6449275362319;
;
violation: left hand side is violated by 0.0108695652173765
  [linear] <c4106>: <x277>[C] (+30.5615942) +0.454710145<x1>[B] (+1) -0.454710145<x2>[B] (+1) +0.454710145<x3>[B] (+0) +0.454710145<x4>[B] (+1) +0.454710145<x5>[B] (+0) +0.454710145<x6>[B] (+1) +0.454710145<x7>[B] (+1) +0.454710145<x8>[B] (+1) +0.454710145<x9>[B] (+1) +0.454710145<x10>[B] (+1) +0.454710145<x11>[B] (+1) +0.454710145<x12>[B] (+1) -0.454710145<x13>[B] (+1) +0.454710145<x14>[B] (+1) +0.454710145<x15>[B] (+1) +0.454710145<x16>[B] (+1) +0.454710145<x17>[B] (+1) -0.454710145<x18>[B] (+0) +0.454710145<x19>[B] (+1) -0.454710145<x20>[B] (+1) -0.454710145<x21>[B] (+1) +0.454710145<x22>[B] (+0) +0.454710145<x23>[B] (+1) -0.454710145<x24>[B] (+1) -0.454710145<x25>[B] (+0) -0.454710145<x26>[B] (+1) -0.454710145<x27>[B] (+0) -0.454710145<x28>[B] (+1) -0.454710145<x29>[B] (+1) +0.454710145<x30>[B] (+1) -0.454710145<x31>[B] (+1) +0.454710145<x32>[B] (+0) -0.454710145<x33>[B] (+1) +0.454710145<x34>[B] (+1) -0.454710145<x35>[B] (+1) +0.454710145<x36>[B] (+1) -0.454710145<x37>[B] (+0) -0.454710145<x38>[B] (+1) -0.454710145<x39>[B] (+1) -0.454710145<x40>[B] (+0) +0.454710145<x41>[B] (+1) -0.454710145<x42>[B] (+1) -0.454710145<x43>[B] (+0) -0.454710145<x44>[B] (+0) -0.454710145<x45>[B] (+1) +0.454710145<x46>[B] (+0) +0.454710145<x47>[B] (+0) +0.454710145<x48>[B] (+0) +0.454710145<x49>[B] (+1) +0.454710145<x50>[B] (+0) +0.454710145<x51>[B] (+1) +0.454710145<x52>[B] (+1) +0.454710145<x53>[B] (+0) +0.454710145<x54>[B] (+1) +0.454710145<x55>[B] (+1) +0.454710145<x56>[B] (+0) +0.454710145<x57>[B] (+0) +0.454710145<x58>[B] (+0) +0.454710145<x59>[B] (+0) +0.454710145<x60>[B] (+0) -0.454710145<x61>[B] (+0) +0.454710145<x62>[B] (+1) -0.454710145<x63>[B] (+1) -0.454710145<x64>[B] (+0) +0.454710145<x65>[B] (+0) +0.454710145<x66>[B] (+1) +0.454710145<x67>[B] (+1) +0.454710145<x68>[B] (+0) -0.454710145<x69>[B] (+1) +0.454710145<x70>[B] (+1) +0.454710145<x71>[B] (+1) +0.454710145<x72>[B] (+1) +0.454710145<x73>[B] (+1) -0.454710145<x74>[B] (+1) +0.454710145<x75>[B] (+1) -0.454710145<x76>[B] (+1) +0.454710145<x77>[B] (+1) +0.454710145<x78>[B] (+1) -0.454710145<x79>[B] (+1) +0.454710145<x80>[B] (+1) -0.454710145<x81>[B] (+1) +0.454710145<x82>[B] (+1) -0.454710145<x83>[B] (+1) -0.454710145<x84>[B] (+1) +0.454710145<x85>[B] (+1) -0.454710145<x86>[B] (+1) +0.454710145<x87>[B] (+0) -0.454710145<x88>[B] (+1) +0.454710145<x89>[B] (+0) +0.454710145<x90>[B] (+1) -0.454710145<x91>[B] (+1) +0.454710145<x92>[B] (+0) -0.454710145<x93>[B] (+1) +0.454710145<x94>[B] (+1) -0.454710145<x95>[B] (+1) +0.454710145<x96>[B] (+1) +0.454710145<x97>[B] (+0) -0.454710145<x98>[B] (+0) +0.454710145<x99>[B] (+1) -0.454710145<x100>[B] (+0) +0.454710145<x101>[B] (+1) -0.454710145<x102>[B] (+1) -0.454710145<x103>[B] (+0) +0.454710145<x104>[B] (+0) -0.454710145<x105>[B] (+1) -0.454710145<x106>[B] (+1) -0.454710145<x107>[B] (+1) +0.454710145<x108>[B] (+1) -0.454710145<x109>[B] (+1) +0.454710145<x110>[B] (+1) -0.454710145<x111>[B] (+1) +0.454710145<x112>[B] (+1) -0.454710145<x113>[B] (+1) +0.454710145<x114>[B] (+1) -0.454710145<x115>[B] (+1) -0.454710145<x116>[B] (+1) -0.454710145<x117>[B] (+1) -0.454710145<x118>[B] (+1) +0.454710145<x119>[B] (+1) -0.454710145<x120>[B] (+1) -0.454710145<x121>[B] (+1) -0.454710145<x122>[B] (+1) -0.454710145<x123>[B] (+1) +0.454710145<x124>[B] (+0) +0.454710145<x125>[B] (+1) +0.454710145<x126>[B] (+1) +0.454710145<x127>[B] (+0) +0.454710145<x128>[B] (+1) +0.454710145<x129>[B] (+0) -0.454710145<x130>[B] (+0) +0.454710145<x131>[B] (+0) +0.454710145<x132>[B] (+0) +0.454710145<x133>[B] (+0) +0.454710145<x134>[B] (+0) -0.454710145<x135>[B] (+0) +0.454710145<x136>[B] (+0) -0.454710145<x137>[B] (+0) -0.454710145<x138>[B] (+0) +0.454710145<x139>[B] (+0) +0.454710145<x140>[B] (+0) +0.454710145<x141>[B] (+1) -0.454710145<x142>[B] (+1) +0.454710145<x143>[B] (+0) -0.454710145<x144>[B] (+1) +0.454710145<x145>[B] (+1) -0.454710145<x146>[B] (+1) +0.454710145<x147>[B] (+1) -0.454710145<x148>[B] (+0) -0.454710145<x149>[B] (+1) -0.454710145<x150>[B] (+1) -0.454710145<x151>[B] (+0) +0.454710145<x152>[B] (+1) -0.454710145<x153>[B] (+1) -0.454710145<x154>[B] (+0) -0.454710145<x155>[B] (+0) -0.454710145<x156>[B] (+1) -0.454710145<x157>[B] (+0) -0.454710145<x158>[B] (+0) -0.454710145<x159>[B] (+1) -0.454710145<x160>[B] (+0) -0.454710145<x161>[B] (+0) -0.454710145<x162>[B] (+0) -0.454710145<x163>[B] (+0) -0.454710145<x164>[B] (+0) -0.454710145<x165>[B] (+0) -0.454710145<x166>[B] (+0) -0.454710145<x167>[B] (+0) -0.454710145<x168>[B] (+0) -0.454710145<x169>[B] (+0) -0.454710145<x170>[B] (+0) -0.454710145<x171>[B] (+0) +0.454710145<x172>[B] (+0) -0.454710145<x173>[B] (+1) +0.454710145<x174>[B] (+0) -0.454710145<x175>[B] (+0) +0.454710145<x176>[B] (+0) +0.454710145<x177>[B] (+0) -0.454710145<x178>[B] (+0) +0.454710145<x179>[B] (+0) -0.454710145<x180>[B] (+0) +0.454710145<x181>[B] (+0) -0.454710145<x182>[B] (+0) -0.454710145<x183>[B] (+0) +0.454710145<x184>[B] (+0) -0.454710145<x185>[B] (+0) -0.454710145<x186>[B] (+1) +0.454710145<x187>[B] (+1) -0.454710145<x188>[B] (+1) +0.454710145<x189>[B] (+1) -0.454710145<x190>[B] (+1) -0.454710145<x191>[B] (+1) -0.454710145<x192>[B] (+1) -0.454710145<x193>[B] (+0) -0.454710145<x194>[B] (+1) -0.454710145<x195>[B] (+1) -0.454710145<x196>[B] (+1) -0.454710145<x197>[B] (+0) -0.454710145<x198>[B] (+1) +0.454710145<x199>[B] (+0) -0.454710145<x200>[B] (+0) +0.454710145<x201>[B] (+0) +0.454710145<x202>[B] (+0) -0.454710145<x203>[B] (+0) +0.454710145<x204>[B] (+0) -0.454710145<x205>[B] (+0) +0.454710145<x206>[B] (+0) -0.454710145<x207>[B] (+0) -0.454710145<x208>[B] (+0) +0.454710145<x209>[B] (+0) -0.454710145<x210>[B] (+0) -0.454710145<x211>[B] (+0) +0.454710145<x212>[B] (+0) -0.454710145<x213>[B] (+0) -0.454710145<x214>[B] (+0) -0.454710145<x215>[B] (+0) -0.454710145<x216>[B] (+0) -0.454710145<x217>[B] (+1) -0.454710145<x218>[B] (+1) -0.454710145<x219>[B] (+0) -0.454710145<x220>[B] (+0) -0.454710145<x221>[B] (+1) +0.454710145<x222>[B] (+0) +0.454710145<x223>[B] (+0) +0.454710145<x224>[B] (+0) +0.454710145<x225>[B] (+1) -0.454710145<x226>[B] (+0) +0.454710145<x227>[B] (+1) -0.454710145<x228>[B] (+1) -0.454710145<x229>[B] (+0) +0.454710145<x230>[B] (+0) +0.454710145<x231>[B] (+1) -0.454710145<x232>[B] (+0) -0.454710145<x233>[B] (+0) -0.454710145<x234>[B] (+1) -0.454710145<x235>[B] (+0) -0.454710145<x236>[B] (+1) -0.454710145<x237>[B] (+1) -0.454710145<x238>[B] (+0) -0.454710145<x239>[B] (+0) -0.454710145<x240>[B] (+1) -0.454710145<x241>[B] (+1) +0.454710145<x242>[B] (+1) -0.454710145<x243>[B] (+0) +0.454710145<x244>[B] (+1) -0.454710145<x245>[B] (+1) -0.454710145<x246>[B] (+0) -0.454710145<x247>[B] (+0) -0.454710145<x248>[B] (+1) +0.454710145<x249>[B] (+1) -0.454710145<x250>[B] (+0) +0.454710145<x251>[B] (+1) -0.454710145<x252>[B] (+1) -0.454710145<x253>[B] (+0) +0.454710145<x254>[B] (+0) +0.454710145<x255>[B] (+1) -0.454710145<x256>[B] (+0) +0.454710145<x257>[B] (+1) -0.454710145<x258>[B] (+1) -0.454710145<x259>[B] (+0) -0.454710145<x260>[B] (+0) -0.454710145<x261>[B] (+1) +0.454710145<x262>[B] (+1) +0.454710145<x263>[B] (+1) +0.454710145<x264>[B] (+1) +0.454710145<x265>[B] (+1) +0.454710145<x266>[B] (+1) -0.454710145<x267>[B] (+0) -0.454710145<x268>[B] (+0) -0.454710145<x269>[B] (+0) -0.454710145<x270>[B] (+1) -0.454710145<x271>[B] (+0) +0.454710145<x272>[B] (+0) +0.454710145<x273>[B] (+1) +0.454710145<x274>[B] (+0) +0.454710145<x275>[B] (+1) -0.454710145<x276>[B] (+1) >= 28.3061594202899;
;
violation: left hand side is violated by 0.0181159420289561
  [linear] <c4112>: <x287>[C] (+0.452898551) -0.585144928<x1>[B] (+0) -0.585144928<x2>[B] (+0) -0.585144928<x3>[B] (+1) -0.585144928<x4>[B] (+1) +0.585144928<x5>[B] (+1) -0.585144928<x6>[B] (+1) +0.585144928<x7>[B] (+1) +0.585144928<x8>[B] (+1) -0.585144928<x9>[B] (+1) -0.585144928<x10>[B] (+1) -0.585144928<x11>[B] (+1) -0.585144928<x12>[B] (+0) -0.585144928<x13>[B] (+1) -0.585144928<x14>[B] (+1) -0.585144928<x15>[B] (+1) -0.585144928<x16>[B] (+1) -0.585144928<x17>[B] (+1) +0.585144928<x18>[B] (+1) -0.585144928<x19>[B] (+0) -0.585144928<x20>[B] (+0) -0.585144928<x21>[B] (+1) -0.585144928<x22>[B] (+0) -0.585144928<x23>[B] (+0) -0.585144928<x24>[B] (+1) +0.585144928<x25>[B] (+1) -0.585144928<x26>[B] (+1) +0.585144928<x27>[B] (+1) -0.585144928<x28>[B] (+1) +0.585144928<x29>[B] (+1) +0.585144928<x30>[B] (+1) -0.585144928<x31>[B] (+1) -0.585144928<x32>[B] (+1) +0.585144928<x33>[B] (+1) -0.585144928<x34>[B] (+0) -0.585144928<x35>[B] (+1) -0.585144928<x36>[B] (+1) +0.585144928<x37>[B] (+1) -0.585144928<x38>[B] (+1) -0.585144928<x39>[B] (+1) +0.585144928<x40>[B] (+1) -0.585144928<x41>[B] (+0) -0.585144928<x42>[B] (+0) +0.585144928<x43>[B] (+1) -0.585144928<x44>[B] (+0) -0.585144928<x45>[B] (+0) +0.585144928<x46>[B] (+1) +0.585144928<x47>[B] (+1) +0.585144928<x48>[B] (+1) +0.585144928<x49>[B] (+1) +0.585144928<x50>[B] (+1) +0.585144928<x51>[B] (+1) +0.585144928<x52>[B] (+1) -0.585144928<x53>[B] (+1) +0.585144928<x54>[B] (+1) -0.585144928<x55>[B] (+0) -0.585144928<x56>[B] (+1) -0.585144928<x57>[B] (+1) +0.585144928<x58>[B] (+1) +0.585144928<x59>[B] (+1) +0.585144928<x60>[B] (+1) +0.585144928<x61>[B] (+1) -0.585144928<x62>[B] (+0) +0.585144928<x63>[B] (+0) +0.585144928<x64>[B] (+1) +0.585144928<x65>[B] (+0) -0.585144928<x66>[B] (+0) -0.585144928<x67>[B] (+0) +0.585144928<x68>[B] (+1) -0.585144928<x69>[B] (+0) +0.585144928<x70>[B] (+1) +0.585144928<x71>[B] (+0) -0.585144928<x72>[B] (+0) -0.585144928<x73>[B] (+0) -0.585144928<x74>[B] (+0) -0.585144928<x75>[B] (+0) -0.585144928<x76>[B] (+0) -0.585144928<x77>[B] (+0) -0.585144928<x78>[B] (+0) -0.585144928<x79>[B] (+0) -0.585144928<x80>[B] (+0) +0.585144928<x81>[B] (+0) -0.585144928<x82>[B] (+0) -0.585144928<x83>[B] (+0) -0.585144928<x84>[B] (+0) -0.585144928<x85>[B] (+0) -0.585144928<x86>[B] (+0) +0.585144928<x87>[B] (+1) +0.585144928<x88>[B] (+0) +0.585144928<x89>[B] (+1) +0.585144928<x90>[B] (+0) -0.585144928<x91>[B] (+0) -0.585144928<x92>[B] (+0) +0.585144928<x93>[B] (+0) -0.585144928<x94>[B] (+0) -0.585144928<x95>[B] (+0) -0.585144928<x96>[B] (+0) +0.585144928<x97>[B] (+0) -0.585144928<x98>[B] (+0) -0.585144928<x99>[B] (+0) +0.585144928<x100>[B] (+1) -0.585144928<x101>[B] (+0) +0.585144928<x102>[B] (+0) +0.585144928<x103>[B] (+1) +0.585144928<x104>[B] (+0) -0.585144928<x105>[B] (+0) -0.585144928<x106>[B] (+0) +0.585144928<x107>[B] (+1) +0.585144928<x108>[B] (+0) -0.585144928<x109>[B] (+0) -0.585144928<x110>[B] (+0) -0.585144928<x111>[B] (+0) -0.585144928<x112>[B] (+0) -0.585144928<x113>[B] (+0) -0.585144928<x114>[B] (+0) -0.585144928<x115>[B] (+0) -0.585144928<x116>[B] (+0) -0.585144928<x117>[B] (+0) +0.585144928<x118>[B] (+0) -0.585144928<x119>[B] (+0) -0.585144928<x120>[B] (+0) -0.585144928<x121>[B] (+0) -0.585144928<x122>[B] (+0) -0.585144928<x123>[B] (+0) +0.585144928<x124>[B] (+1) +0.585144928<x125>[B] (+0) -0.585144928<x126>[B] (+0) -0.585144928<x127>[B] (+1) +0.585144928<x128>[B] (+0) -0.585144928<x129>[B] (+0) -0.585144928<x130>[B] (+1) -0.585144928<x131>[B] (+0) +0.585144928<x132>[B] (+0) -0.585144928<x133>[B] (+0) -0.585144928<x134>[B] (+0) +0.585144928<x135>[B] (+1) -0.585144928<x136>[B] (+0) -0.585144928<x137>[B] (+0) +0.585144928<x138>[B] (+1) -0.585144928<x139>[B] (+0) -0.585144928<x140>[B] (+0) -0.585144928<x141>[B] (+0) -0.585144928<x142>[B] (+0) -0.585144928<x143>[B] (+0) -0.585144928<x144>[B] (+0) -0.585144928<x145>[B] (+0) -0.585144928<x146>[B] (+0) -0.585144928<x147>[B] (+0) -0.585144928<x148>[B] (+0) -0.585144928<x149>[B] (+0) -0.585144928<x150>[B] (+0) +0.585144928<x151>[B] (+0) -0.585144928<x152>[B] (+0) -0.585144928<x153>[B] (+0) -0.585144928<x154>[B] (+0) -0.585144928<x155>[B] (+0) -0.585144928<x156>[B] (+0) -0.585144928<x157>[B] (+1) -0.585144928<x158>[B] (+1) -0.585144928<x159>[B] (+0) -0.585144928<x160>[B] (+0) -0.585144928<x161>[B] (+1) -0.585144928<x162>[B] (+0) -0.585144928<x163>[B] (+0) -0.585144928<x164>[B] (+0) -0.585144928<x165>[B] (+0) +0.585144928<x166>[B] (+1) -0.585144928<x167>[B] (+0) -0.585144928<x168>[B] (+0) -0.585144928<x169>[B] (+1) -0.585144928<x170>[B] (+0) -0.585144928<x171>[B] (+0) -0.585144928<x172>[B] (+1) +0.585144928<x173>[B] (+0) -0.585144928<x174>[B] (+0) -0.585144928<x175>[B] (+1) -0.585144928<x176>[B] (+0) +0.585144928<x177>[B] (+0) -0.585144928<x178>[B] (+0) -0.585144928<x179>[B] (+0) +0.585144928<x180>[B] (+1) -0.585144928<x181>[B] (+0) +0.585144928<x182>[B] (+0) +0.585144928<x183>[B] (+1) +0.585144928<x184>[B] (+0) -0.585144928<x185>[B] (+0) +0.585144928<x186>[B] (+0) -0.585144928<x187>[B] (+0) -0.585144928<x188>[B] (+0) -0.585144928<x189>[B] (+0) +0.585144928<x190>[B] (+0) +0.585144928<x191>[B] (+0) +0.585144928<x192>[B] (+0) +0.585144928<x193>[B] (+1) +0.585144928<x194>[B] (+0) +0.585144928<x195>[B] (+0) +0.585144928<x196>[B] (+1) +0.585144928<x197>[B] (+0) +0.585144928<x198>[B] (+0) -0.585144928<x199>[B] (+0) -0.585144928<x200>[B] (+1) -0.585144928<x201>[B] (+0) +0.585144928<x202>[B] (+0) -0.585144928<x203>[B] (+0) -0.585144928<x204>[B] (+0) +0.585144928<x205>[B] (+1) -0.585144928<x206>[B] (+0) -0.585144928<x207>[B] (+0) +0.585144928<x208>[B] (+1) -0.585144928<x209>[B] (+0) -0.585144928<x210>[B] (+0) +0.585144928<x211>[B] (+1) -0.585144928<x212>[B] (+1) +0.585144928<x213>[B] (+1) +0.585144928<x214>[B] (+1) +0.585144928<x215>[B] (+1) +0.585144928<x216>[B] (+1) +0.585144928<x217>[B] (+0) +0.585144928<x218>[B] (+1) +0.585144928<x219>[B] (+1) +0.585144928<x220>[B] (+1) +0.585144928<x221>[B] (+0) -0.585144928<x222>[B] (+0) +0.585144928<x223>[B] (+0) +0.585144928<x224>[B] (+0) +0.585144928<x225>[B] (+0) +0.585144928<x226>[B] (+1) +0.585144928<x227>[B] (+0) +0.585144928<x228>[B] (+0) +0.585144928<x229>[B] (+1) +0.585144928<x230>[B] (+0) +0.585144928<x231>[B] (+0) +0.585144928<x232>[B] (+0) +0.585144928<x233>[B] (+0) +0.585144928<x234>[B] (+0) +0.585144928<x235>[B] (+1) +0.585144928<x236>[B] (+0) +0.585144928<x237>[B] (+0) +0.585144928<x238>[B] (+1) +0.585144928<x239>[B] (+0) +0.585144928<x240>[B] (+0) -0.585144928<x241>[B] (+0) -0.585144928<x242>[B] (+0) +0.585144928<x243>[B] (+1) -0.585144928<x244>[B] (+0) -0.585144928<x245>[B] (+0) +0.585144928<x246>[B] (+1) -0.585144928<x247>[B] (+0) -0.585144928<x248>[B] (+0) +0.585144928<x249>[B] (+1) +0.585144928<x250>[B] (+1) -0.585144928<x251>[B] (+0) +0.585144928<x252>[B] (+0) +0.585144928<x253>[B] (+1) +0.585144928<x254>[B] (+0) -0.585144928<x255>[B] (+0) +0.585144928<x256>[B] (+1) -0.585144928<x257>[B] (+0) +0.585144928<x258>[B] (+0) +0.585144928<x259>[B] (+1) +0.585144928<x260>[B] (+0) -0.585144928<x261>[B] (+0) -0.585144928<x262>[B] (+0) -0.585144928<x263>[B] (+0) -0.585144928<x264>[B] (+0) -0.585144928<x265>[B] (+0) -0.585144928<x266>[B] (+0) +0.585144928<x267>[B] (+1) +0.585144928<x268>[B] (+1) +0.585144928<x269>[B] (+1) -0.585144928<x270>[B] (+1) +0.585144928<x271>[B] (+1) +0.585144928<x272>[B] (+1) -0.585144928<x273>[B] (+0) -0.585144928<x274>[B] (+0) -0.585144928<x275>[B] (+0) -0.585144928<x276>[B] (+0) >= 20.0416666666667;
;
violation: left hand side is violated by 1.44927536231884
4/10 feasible solutions given by solution candidate storage, new primal bound -4.682092e+02

presolving:
   (0.0s) symmetry computation started: requiring (bin +, int +, cont +), (fixed: bin -, int -, cont -)
   (0.0s) no symmetry present (symcode time: 0.00)
presolving (0 rounds: 0 fast, 0 medium, 0 exhaustive):
 0 deleted vars, 0 deleted constraints, 0 added constraints, 0 tightened bounds, 0 added holes, 0 changed sides, 0 changed coefficients
 0 implications, 0 cliques, 0 implied integral variables (0 bin, 0 int, 0 cont)
presolved problem has 296 variables (276 bin, 0 int, 20 cont) and 4118 constraints
   4118 constraints of type <linear>
Presolving Time: 0.01
transformed 4/4 original solutions to the transformed problem space

 time | node  | left  |LP iter|LP it/n|mem/heur|mdpt |vars |cons |rows |cuts |sepa|confs|strbr|  dualbound   | primalbound  |  gap   | compl. 
  0.1s|     1 |     0 |   543 |     - |    50M |   0 | 296 |4118 |4118 |   0 |  0 |   0 |   0 |-4.471715e+02 |-4.682092e+02 |   4.70%| unknown
r 0.1s|     1 |     0 |   543 |     - |shifting|   0 | 296 |4118 |4118 |   0 |  0 |   0 |   0 |-4.471715e+02 |-4.652043e+02 |   4.03%| unknown
  0.2s|     1 |     0 |   568 |     - |    52M |   0 | 296 |4118 |4119 |   1 |  1 |   0 |   0 |-4.472162e+02 |-4.652043e+02 |   4.02%| unknown
  0.3s|     1 |     0 |   598 |     - |    52M |   0 | 296 |4118 |4120 |   2 |  2 |   0 |   0 |-4.472683e+02 |-4.652043e+02 |   4.01%| unknown
  0.4s|     1 |     0 |   617 |     - |    52M |   0 | 296 |4118 |4121 |   3 |  3 |   0 |   0 |-4.472795e+02 |-4.652043e+02 |   4.01%| unknown
r 0.4s|     1 |     0 |   617 |     - |shifting|   0 | 296 |4118 |4121 |   3 |  3 |   0 |   0 |-4.472795e+02 |-4.643309e+02 |   3.81%| unknown
  0.4s|     1 |     0 |   647 |     - |    53M |   0 | 296 |4118 |4123 |   5 |  4 |   0 |   0 |-4.473159e+02 |-4.643309e+02 |   3.80%| unknown
  0.6s|     1 |     0 |   655 |     - |    53M |   0 | 296 |4118 |4124 |   6 |  5 |   0 |   0 |-4.473166e+02 |-4.643309e+02 |   3.80%| unknown
  0.7s|     1 |     0 |   660 |     - |    54M |   0 | 296 |4118 |4125 |   7 |  6 |   0 |   0 |-4.473191e+02 |-4.643309e+02 |   3.80%| unknown
  0.8s|     1 |     0 |   678 |     - |    54M |   0 | 296 |4118 |4126 |   8 |  7 |   0 |   0 |-4.473253e+02 |-4.643309e+02 |   3.80%| unknown
  0.9s|     1 |     0 |   696 |     - |    55M |   0 | 296 |4118 |4127 |   9 |  8 |   0 |   0 |-4.473282e+02 |-4.643309e+02 |   3.80%| unknown
  1.1s|     1 |     0 |   699 |     - |    55M |   0 | 296 |4118 |4128 |  10 |  9 |   0 |   0 |-4.473283e+02 |-4.643309e+02 |   3.80%| unknown
  1.2s|     1 |     0 |   711 |     - |    55M |   0 | 296 |4118 |4129 |  11 | 10 |   0 |   0 |-4.473299e+02 |-4.643309e+02 |   3.80%| unknown
  1.2s|     1 |     0 |   714 |     - |    56M |   0 | 296 |4118 |4130 |  12 | 11 |   0 |   0 |-4.473300e+02 |-4.643309e+02 |   3.80%| unknown
  1.3s|     1 |     0 |   718 |     - |    56M |   0 | 296 |4118 |4131 |  13 | 12 |   0 |   0 |-4.473302e+02 |-4.643309e+02 |   3.80%| unknown
 time | node  | left  |LP iter|LP it/n|mem/heur|mdpt |vars |cons |rows |cuts |sepa|confs|strbr|  dualbound   | primalbound  |  gap   | compl. 
r 1.3s|     1 |     0 |   778 |     - |intshift|   0 | 296 |4118 |4131 |  13 | 12 |   0 |   0 |-4.473302e+02 |-4.530562e+02 |   1.28%| unknown
d 1.3s|     1 |     0 |  1008 |     - |farkasdi|   0 | 296 |4118 |4131 |   0 | 12 |   0 |   0 |-4.473302e+02 |-4.482518e+02 |   0.21%| unknown
L 1.3s|     1 |     0 |  1008 |     - |    rens|   0 | 296 |4118 |4131 |  13 | 12 |   0 |   0 |-4.473302e+02 |-4.474873e+02 |   0.04%| unknown
  1.3s|     1 |     0 |  1008 |     - |    56M |   0 | 296 |4118 |4131 |  13 | 12 |   0 |   0 |-4.473302e+02 |-4.474873e+02 |   0.04%| unknown
  1.3s|     1 |     0 |  1008 |     - |    56M |   0 | 296 |4118 |1130 |  13 | 12 |   0 |   0 |-4.473302e+02 |-4.474873e+02 |   0.04%| unknown
  1.4s|     1 |     0 |  1014 |     - |    57M |   0 | 296 |4118 |1131 |  14 | 13 |   0 |   0 |-4.473305e+02 |-4.474873e+02 |   0.04%| unknown
  1.4s|     1 |     0 |  1059 |     - |    57M |   0 | 296 |4118 |1133 |  16 | 14 |   0 |   0 |-4.473340e+02 |-4.474873e+02 |   0.03%| unknown
  1.4s|     1 |     0 |  1059 |     - |    57M |   0 | 296 | 842 |1133 |  16 | 14 |   0 |   0 |-4.473340e+02 |-4.474873e+02 |   0.03%| unknown
  1.4s|     1 |     0 |  1084 |     - |    57M |   0 | 296 | 842 |1135 |  18 | 15 |   0 |   0 |-4.473359e+02 |-4.474873e+02 |   0.03%| unknown
  1.4s|     1 |     0 |  1106 |     - |    57M |   0 | 296 | 842 |1137 |  20 | 16 |   0 |   0 |-4.473380e+02 |-4.474873e+02 |   0.03%| unknown
(run 1, node 1) restarting after 172 global fixings of integer variables

(restart) converted 20 cuts from the global cut pool into linear constraints

presolving:
presolving (0 rounds: 0 fast, 0 medium, 0 exhaustive):
 0 deleted vars, 0 deleted constraints, 0 added constraints, 0 tightened bounds, 0 added holes, 0 changed sides, 0 changed coefficients
 0 implications, 0 cliques, 0 implied integral variables (0 bin, 0 int, 0 cont)
presolved problem has 296 variables (276 bin, 0 int, 20 cont) and 862 constraints
    862 constraints of type <linear>
Presolving Time: 0.01
transformed 24/26 original solutions to the transformed problem space

 time | node  | left  |LP iter|LP it/n|mem/heur|mdpt |vars |cons |rows |cuts |sepa|confs|strbr|  dualbound   | primalbound  |  gap   | compl. 
  1.4s|     1 |     0 |  1565 |     - |    57M |   0 | 296 | 862 | 862 |   0 |  0 |   0 |   0 |-4.473380e+02 |-4.474873e+02 |   0.03%| unknown
  1.4s|     1 |     0 |  1565 |     - |    57M |   0 | 296 | 862 | 770 |   0 |  0 |   0 |   0 |-4.473380e+02 |-4.474873e+02 |   0.03%| unknown
  1.5s|     1 |     0 |  1578 |     - |    57M |   0 | 296 | 862 | 771 |   1 |  1 |   0 |   0 |-4.473404e+02 |-4.474873e+02 |   0.03%| unknown
  1.6s|     1 |     0 |  1585 |     - |    57M |   0 | 296 | 862 | 772 |   2 |  2 |   0 |   0 |-4.473408e+02 |-4.474873e+02 |   0.03%| unknown
  1.7s|     1 |     0 |  1599 |     - |    57M |   0 | 296 | 862 | 773 |   3 |  3 |   0 |   0 |-4.473428e+02 |-4.474873e+02 |   0.03%| unknown
  1.8s|     1 |     0 |  1606 |     - |    57M |   0 | 296 | 862 | 774 |   4 |  4 |   0 |   0 |-4.473428e+02 |-4.474873e+02 |   0.03%| unknown
  1.9s|     1 |     0 |  1614 |     - |    57M |   0 | 296 | 862 | 775 |   5 |  5 |   0 |   0 |-4.473429e+02 |-4.474873e+02 |   0.03%| unknown
  2.0s|     1 |     0 |  1627 |     - |    57M |   0 | 296 | 862 | 776 |   6 |  6 |   0 |   0 |-4.473436e+02 |-4.474873e+02 |   0.03%| unknown
  2.1s|     1 |     0 |  1632 |     - |    57M |   0 | 296 | 863 | 777 |   7 |  7 |   1 |   0 |-4.473439e+02 |-4.474873e+02 |   0.03%| unknown
  2.1s|     1 |     0 |  1652 |     - |    57M |   0 | 296 | 863 | 778 |   8 |  8 |   1 |   0 |-4.473455e+02 |-4.474873e+02 |   0.03%| unknown
  2.2s|     1 |     0 |  1662 |     - |    57M |   0 | 296 | 863 | 779 |   9 |  9 |   1 |   0 |-4.473460e+02 |-4.474873e+02 |   0.03%| unknown
  2.3s|     1 |     0 |  1675 |     - |    57M |   0 | 296 | 863 | 782 |  12 | 10 |   1 |   0 |-4.473461e+02 |-4.474873e+02 |   0.03%| unknown
  2.4s|     1 |     0 |  1679 |     - |    57M |   0 | 296 | 863 | 783 |  13 | 11 |   1 |   0 |-4.473462e+02 |-4.474873e+02 |   0.03%| unknown
  2.4s|     1 |     0 |  1679 |     - |    57M |   0 | 296 | 634 | 783 |  13 | 11 |   1 |   0 |-4.473462e+02 |-4.474873e+02 |   0.03%| unknown
  2.5s|     1 |     0 |  1694 |     - |    57M |   0 | 296 | 634 | 784 |  14 | 12 |   1 |   0 |-4.473465e+02 |-4.474873e+02 |   0.03%| unknown
 time | node  | left  |LP iter|LP it/n|mem/heur|mdpt |vars |cons |rows |cuts |sepa|confs|strbr|  dualbound   | primalbound  |  gap   | compl. 
  2.5s|     1 |     0 |  1706 |     - |    57M |   0 | 296 | 634 | 775 |  15 | 13 |   1 |   0 |-4.473474e+02 |-4.474873e+02 |   0.03%| unknown
  2.6s|     1 |     0 |  1709 |     - |    57M |   0 | 296 | 634 | 776 |  16 | 14 |   1 |   0 |-4.473475e+02 |-4.474873e+02 |   0.03%| unknown
  2.7s|     1 |     0 |  1807 |     - |    57M |   0 | 296 | 640 | 776 |  16 | 15 |   8 |   1 |-4.473637e+02 |-4.474873e+02 |   0.03%| unknown
  2.8s|     1 |     0 |  1807 |     - |    57M |   0 | 296 | 640 | 776 |  16 | 16 |   8 |   6 |-4.473639e+02 |-4.474873e+02 |   0.03%| unknown
  2.8s|     1 |     0 |  1866 |     - |    57M |   0 | 296 | 453 | 776 |  16 | 17 |  10 |   7 |-4.473760e+02 |-4.474873e+02 |   0.02%| unknown
  2.8s|     1 |     0 |  1866 |     - |    57M |   0 | 296 | 453 | 475 |  16 | 17 |  10 |   7 |-4.473760e+02 |-4.474873e+02 |   0.02%| unknown
  2.9s|     1 |     0 |  1871 |     - |    57M |   0 | 296 | 453 | 476 |  17 | 18 |  10 |   7 |-4.473855e+02 |-4.474873e+02 |   0.02%| unknown
  2.9s|     1 |     0 |  1871 |     - |    57M |   0 | 296 | 385 | 476 |  17 | 19 |  10 |   7 |-4.473855e+02 |-4.474873e+02 |   0.02%| unknown
  2.9s|     1 |     0 |  1898 |     - |    58M |   0 | 296 | 375 | 476 |  17 | 20 |  10 |   8 |-4.474289e+02 |-4.474873e+02 |   0.01%| unknown
  2.9s|     1 |     0 |  1898 |     - |    58M |   0 | 296 | 375 | 371 |  17 | 20 |  10 |   8 |-4.474289e+02 |-4.474873e+02 |   0.01%| unknown
  2.9s|     1 |     0 |  1898 |     - |    58M |   0 | 296 | 306 | 371 |  17 | 21 |  10 |   8 |-4.474289e+02 |-4.474873e+02 |   0.01%| unknown
  2.9s|     1 |     2 |  1898 |     - |    58M |   0 | 296 | 306 | 371 |  17 | 22 |  10 |   8 |-4.474289e+02 |-4.474873e+02 |   0.01%| unknown

SCIP Status        : problem is solved [optimal solution found]
Solving Time (sec) : 2.95
Solving Nodes      : 3 (total of 4 nodes in 2 runs)
Primal Bound       : -4.47487318840580e+02 (46 solutions)
Dual Bound         : -4.47487318840580e+02
Gap                : 0.00 %
