N;M;seed;LP_median_objval;LP_median_CPU;INT_median_objval;INT_median_nodes;INT_median_CPU;median_ranking;LP_gap_median;LP_mean_objval;LP_mean_CPU;INT_mean_objval;INT_mean_nodes;INT_mean_CPU;mean_ranking;LP_gap_mean;rowgen_objval;rowgen_nodes;rowgen_iterations;rowgen_constrs;rowgen_CPU;actual_error;approx_error;ratio_error;theta_median;theta_mean;weighted_Kendall;normal_Kendall
15;10;1;124.0;0.008774518966674805;124.0;1;0.00782155990600586;[2, 1, 13, 9, 14, 3, 5, 8, 7, 11, 12, 15, 6, 10, 4];0.0;-65.01519274376417;0.25031399726867676;-65.03333333333329;1;0.3772313594818115;[1, 13, 9, 14, 2, 5, 8, 7, 11, 12, 6, 10, 15, 3, 4];-0.00027894294570651734;-65.03333333333333;1;4;28;0.15848493576049805;0.00795167826286447;0.304688995215311;0.026097687765996767;39800.0;38654.0;131.5;0.11741071428571428
15;10;2;164.0;0.009134292602539062;164.0;1;0.008063793182373047;[7, 3, 4, 5, 2, 6, 8, 15, 11, 14, 13, 10, 12, 9, 1];0.0;-40.25555555555549;0.24222970008850098;-40.30000000000001;1;0.9528961181640625;[7, 3, 2, 4, 6, 8, 11, 5, 15, 14, 13, 10, 1, 12, 9];-0.0011028398125191297;-40.29999999999997;1;6;34;0.816521406173706;0.001321862973978516;0.31145311960252536;0.004244179591668466;42376.0;42252.0;72.5;0.06473214285714286
15;10;3;140.0;0.009110689163208008;140.0;1;0.007927417755126953;[7, 12, 15, 8, 13, 2, 5, 1, 11, 3, 9, 4, 10, 14, 6];0.0;-72.70374409305704;0.2603466510772705;-73.15714285714284;1;6.620522737503052;[7, 8, 12, 5, 13, 1, 3, 11, 4, 10, 15, 9, 2, 14, 6];-0.006197600758837352;-73.15714285714283;3;8;47;6.842376708984375;0.00300634083860174;0.3203071438365556;0.009385806393802435;44384.0;42845.99999999981;198.5;0.17723214285714287
15;10;4;100.0;0.00885629653930664;100.0;1;0.008206844329833984;[6, 1, 14, 12, 8, 15, 9, 7, 11, 13, 10, 5, 3, 4, 2];0.0;-104.45714285714281;0.2447676658630371;-104.45714285714281;1;0.2781193256378174;[6, 1, 8, 14, 12, 15, 11, 9, 13, 4, 10, 5, 7, 2, 3];0.0;-104.4571428571428;1;3;18;0.030432701110839844;0.004061391133341918;0.314066985645933;0.012931607965698675;42666.0;41450.0;87.5;0.078125
15;10;5;114.0;0.009142398834228516;114.0;1;0.011757135391235352;[7, 1, 6, 12, 11, 10, 3, 5, 2, 14, 9, 15, 4, 13, 8];0.0;-78.49999999999994;0.2508881092071533;-78.49999999999994;1;0.28891801834106445;[1, 7, 6, 12, 10, 11, 5, 2, 14, 9, 15, 3, 4, 8, 13];0.0;-78.49999999999996;1;4;29;0.05940508842468262;0.002953792691534951;0.30380879442519276;0.009722538470696797;40066.0;39794.0;68.0;0.060714285714285714
15;10;6;110.0;0.009025335311889648;110.0;1;0.008532524108886719;[10, 13, 8, 12, 6, 14, 7, 2, 9, 1, 15, 5, 4, 11, 3];0.0;-111.39523809523804;0.24370718002319336;-111.44761904761813;1;0.8407871723175049;[10, 13, 8, 12, 6, 14, 7, 2, 9, 1, 5, 15, 4, 11, 3];-0.00047000512732098265;-111.44761904761887;1;6;32;0.2804112434387207;0.0009804330593680133;0.3240603520063231;0.0030254644028433414;45920.0;45826.00000000003;5.0;0.004464285714285714
15;10;7;152.0;0.008960247039794922;152.0;1;0.008161067962646484;[14, 9, 10, 1, 7, 5, 2, 3, 12, 4, 8, 13, 15, 6, 11];0.0;-48.71071428571423;0.2544279098510742;-48.75238095238092;1;1.8498868942260742;[9, 14, 1, 10, 7, 2, 5, 3, 4, 8, 12, 6, 13, 15, 11];-0.0008546591131084469;-48.75238095238093;3;6;32;1.5405805110931396;0.002288721096874946;0.3090494319107648;0.007405679676304318;41726.0;41512.0;59.0;0.05267857142857143
15;10;8;76.0;0.008927106857299805;76.0;1;0.007964849472045898;[12, 6, 2, 1, 9, 15, 8, 5, 4, 14, 11, 10, 13, 7, 3];0.0;-107.25978835978835;0.2597787380218506;-107.73809523809521;1;10.196633338928223;[14, 12, 1, 9, 6, 2, 15, 5, 4, 8, 11, 10, 13, 7, 3];-0.004439533456107925;-107.73809523809521;5;8;49;7.451636075973511;0.005123392038867136;0.2990158322635858;0.017134183163755718;38434.0;37134.0;185.5;0.165625
15;10;9;122.0;0.008654356002807617;122.0;1;0.007970094680786133;[6, 9, 4, 1, 2, 12, 13, 10, 14, 5, 3, 8, 15, 7, 11];0.0;-60.50643500643494;0.24735260009765625;-60.80952380952377;1;2.9018852710723877;[6, 9, 4, 1, 2, 12, 11, 13, 10, 3, 14, 5, 8, 15, 7];-0.0049842324705288155;-60.80952380952381;1;7;45;4.164664030075073;0.0017148510497966285;0.2946156714099298;0.005820637583839102;37930.0;37356.0;70.5;0.06294642857142857
15;10;10;154.0;0.008319854736328125;154.0;1;0.007817506790161133;[12, 6, 4, 9, 3, 1, 2, 7, 14, 5, 13, 11, 10, 8, 15];0.0;-58.08571428571425;0.24314212799072266;-58.19047619047612;1;0.7927761077880859;[12, 4, 6, 9, 3, 1, 14, 13, 2, 11, 7, 5, 10, 8, 15];-0.001800327332241558;-58.19047619047611;1;5;37;1.0604822635650635;0.003372681281618939;0.31861416959704847;0.01058547171924077;44216.0;43478.0;68.0;0.060714285714285714
15;20;11;96.0;0.008616447448730469;96.0;1;0.007984161376953125;[12, 14, 9, 3, 13, 4, 15, 6, 11, 10, 2, 5, 8, 1, 7];0.0;-260.8502645502645;0.4696962833404541;-260.95714285714286;1;1.2404253482818604;[12, 14, 9, 3, 13, 4, 15, 6, 11, 10, 2, 5, 8, 1, 7];-0.00040956268032432686;-260.9571428571428;1;3;38;0.13158345222473145;0.0;0.29041290093921673;0.0;73746.0;73746.0;0.0;0.0
15;20;12;78.0;0.00912165641784668;78.0;1;0.007998943328857422;[15, 13, 10, 2, 7, 11, 9, 12, 3, 14, 4, 6, 8, 5, 1];0.0;-266.9975108225108;0.5097920894622803;-267.4666666666666;1;4.190818548202515;[13, 10, 9, 15, 12, 2, 7, 3, 11, 14, 4, 5, 6, 8, 1];-0.0017540721989872665;-267.46666666666664;1;4;51;3.031791925430298;0.0012404709278722725;0.28779703268867357;0.004310228344898054;71578.0;70522.0;129.0;0.11517857142857142
15;20;13;152.0;0.008624792098999023;152.0;1;0.007995128631591797;[8, 10, 11, 7, 1, 9, 6, 15, 12, 14, 5, 4, 3, 13, 2];0.0;-206.30785296574766;0.48020434379577637;-207.26666666666665;1;8.157479286193848;[8, 10, 9, 11, 6, 15, 12, 7, 5, 14, 3, 1, 13, 4, 2];-0.00462599083749915;-207.26666666666665;3;6;77;9.167649507522583;0.0034927849362454966;0.29601803155522166;0.011799230330311562;74860.0;72982.0;142.0;0.12678571428571428
15;20;14;118.0;0.008685827255249023;118.0;1;0.00799417495727539;[13, 15, 4, 9, 10, 7, 11, 8, 3, 14, 5, 6, 12, 2, 1];0.0;-244.13354037267078;0.4841601848602295;-244.24761904761903;1;1.7648322582244873;[13, 4, 15, 9, 10, 7, 11, 8, 3, 14, 5, 6, 12, 2, 1];-0.0004670615639696951;-244.247619047619;1;5;51;1.5958211421966553;0.0004862738163653457;0.29292929292929293;0.0016600382006954906;74936.0;74848.0;14.0;0.0125
15;20;15;136.0;0.008595466613769531;136.0;1;0.007912874221801758;[10, 9, 2, 14, 7, 6, 8, 12, 11, 15, 13, 4, 3, 1, 5];0.0;-208.00863698734557;0.49634528160095215;-208.5666666666666;1;8.752649545669556;[2, 9, 14, 6, 1, 7, 10, 8, 12, 4, 5, 11, 15, 13, 3];-0.002675545849389671;-208.56666666666663;3;7;88;10.24325942993164;0.008086572567684192;0.29216783835879934;0.027677832759105413;72604.0;70334.0;217.5;0.19419642857142858
15;20;16;178.0;0.008754253387451172;178.0;1;0.008040904998779297;[10, 1, 13, 7, 12, 2, 6, 14, 9, 11, 8, 5, 4, 3, 15];0.0;-175.49563567362415;0.4975574016571045;-175.79523809523806;1;3.4248437881469727;[10, 1, 7, 13, 12, 2, 6, 9, 11, 8, 5, 4, 3, 14, 15];-0.0017042692672459836;-175.79523809523806;3;4;56;2.6350224018096924;0.0011831452507986562;0.29254043441304756;0.0040443819438927;73308.0;71426.0;53.5;0.04776785714285714
15;20;17;230.0;0.008669853210449219;230.0;1;0.008109569549560547;[14, 3, 6, 2, 9, 4, 13, 11, 10, 1, 15, 7, 5, 12, 8];0.0;-142.82219902574806;0.4779975414276123;-143.04761904761926;1;6.714381217956543;[2, 14, 3, 6, 9, 4, 11, 13, 10, 1, 7, 15, 5, 12, 8];-0.0015758390343858508;-143.04761904761898;1;7;80;6.210660934448242;0.0023783307641488394;0.2996575739539773;0.007936828469799043;77534.0;76684.0;57.5;0.05133928571428571
15;20;18;264.0;0.00873708724975586;264.0;1;0.007933616638183594;[10, 4, 9, 15, 1, 12, 7, 8, 11, 3, 5, 6, 2, 13, 14];0.0;-135.0190476190475;0.48155689239501953;-135.11428571428638;1;1.8191633224487305;[10, 4, 9, 1, 12, 15, 7, 8, 11, 3, 5, 6, 2, 13, 14];-0.0007048706562402529;-135.1142857142857;1;4;51;0.5674831867218018;0.0004324651595239981;0.3088142942583732;0.0014004052518442392;82614.0;82534.00000000041;23.5;0.020982142857142855
15;20;19;188.0;0.008515119552612305;188.0;1;0.007853507995605469;[5, 14, 9, 8, 1, 7, 12, 13, 4, 11, 10, 2, 6, 3, 15];0.0;-185.65015873015867;0.4845266342163086;-186.99523809523805;1;6.776996612548828;[5, 14, 9, 1, 12, 4, 11, 10, 8, 13, 2, 6, 3, 7, 15];-0.007193120952065812;-186.99523809523805;3;5;66;6.102834463119507;0.004948834549464376;0.30230289664532;0.01637045031450905;78408.0;77090.0;148.5;0.13258928571428572
15;20;20;168.0;0.00860738754272461;168.0;1;0.007864952087402344;[12, 9, 4, 3, 7, 6, 2, 13, 5, 15, 8, 14, 10, 1, 11];0.0;-181.14920634920628;0.47905683517456055;-181.40952380952365;1;1.864870548248291;[12, 4, 9, 3, 7, 13, 6, 2, 5, 15, 8, 14, 10, 1, 11];-0.0014349713005734621;-181.40952380952373;1;4;51;1.1543819904327393;0.0002239340738087181;0.2879425837320574;0.000777703912030942;72216.0;72176.0;33.5;0.029910714285714287
15;30;21;128.0;0.008747339248657227;128.0;1;0.007962942123413086;[10, 6, 4, 5, 9, 15, 7, 2, 14, 12, 8, 1, 3, 13, 11];0.0;-343.1873066911652;0.7544295787811279;-344.6714285714286;1;12.517933130264282;[10, 6, 4, 5, 9, 15, 12, 7, 2, 8, 13, 1, 14, 11, 3];-0.0043059034118803075;-344.6714285714286;3;7;140;17.10615301132202;0.003209765093033057;0.27577411334695584;0.011639109465632838;98386.0;97136.0;54.5;0.048660714285714286
15;30;22;142.0;0.008489847183227539;142.0;1;0.008363485336303711;[8, 4, 12, 10, 7, 15, 3, 13, 9, 6, 1, 11, 14, 2, 5];0.0;-364.9687074829931;0.713019847869873;-365.7809523809523;1;6.715329647064209;[8, 4, 12, 7, 10, 15, 3, 13, 9, 6, 1, 11, 14, 2, 5];-0.0022205773501109416;-365.78095238095233;5;6;104;4.113765478134155;5.281703424808715e-05;0.2835076906441759;0.00018629841796558743;104878.0;104864.0;12.0;0.010714285714285714
15;30;23;306.0;0.008467912673950195;306.0;1;0.008090496063232422;[11, 1, 4, 8, 2, 7, 12, 3, 6, 14, 15, 13, 5, 10, 9];0.0;-217.53960340734528;0.7530064582824707;-218.86190476190467;1;12.00998568534851;[11, 1, 4, 7, 8, 12, 3, 13, 5, 6, 9, 2, 14, 15, 10];-0.0060417154643604976;-218.86190476190458;3;4;86;3.4988503456115723;0.0016273086499741796;0.29115728494975945;0.005589105044220272;108864.0;107596.0;133.5;0.11919642857142858
15;30;24;194.0;0.008538007736206055;194.0;1;0.007813215255737305;[14, 2, 15, 7, 11, 12, 4, 3, 6, 1, 5, 10, 13, 9, 8];0.0;-330.01891595347803;0.7336053848266602;-330.8142857142857;1;8.807207345962524;[14, 2, 15, 11, 12, 4, 6, 1, 7, 3, 5, 10, 9, 13, 8];-0.002404278760484324;-330.8142857142855;3;7;136;10.201847314834595;0.00084109657966569;0.28991532728286773;0.00290118010506233;108642.0;107164.0;74.5;0.06651785714285714
15;30;25;186.0;0.00868082046508789;186.0;1;0.00793313980102539;[8, 14, 5, 1, 6, 3, 12, 15, 11, 10, 7, 13, 9, 4, 2];0.0;-330.56014492753616;0.7442276477813721;-331.1428571428571;1;3.11616849899292;[8, 14, 1, 3, 12, 5, 11, 6, 15, 10, 7, 13, 9, 4, 2];-0.0017597003913920606;-331.14285714285705;1;5;94;1.3033626079559326;0.0013564148681055599;0.2867976836539182;0.004729518212365899;107174.0;106812.0;78.5;0.07008928571428572
15;30;26;156.0;0.008778095245361328;156.0;1;0.007873296737670898;[12, 5, 1, 15, 13, 4, 6, 11, 2, 7, 14, 10, 3, 8, 9];0.0;-333.37619047619046;0.7381641864776611;-333.75714285714275;1;5.181462287902832;[2, 12, 1, 5, 15, 13, 4, 6, 14, 11, 7, 10, 3, 8, 9];-0.0011414059267500498;-333.7571428571428;5;7;135;4.265909671783447;0.004826088455306965;0.2826528104871106;0.017074263110951948;102376.0;100280.0;133.5;0.11919642857142858
15;30;27;252.0;0.008547306060791016;252.0;1;0.008007526397705078;[1, 12, 10, 14, 4, 2, 7, 3, 6, 8, 15, 11, 9, 5, 13];0.0;-255.5858418367345;0.7679276466369629;-256.12380952380937;1;7.094350099563599;[1, 12, 4, 2, 10, 14, 7, 3, 6, 8, 15, 11, 9, 5, 13];-0.002100420449293927;-256.1238095238095;1;5;96;3.7659318447113037;0.0001817121830438584;0.2844478642297084;0.000638824213132833;104988.0;104939.9999999999;50.0;0.044642857142857144
15;30;28;122.0;0.008611917495727539;122.0;1;0.008141517639160156;[12, 8, 13, 14, 6, 3, 15, 11, 9, 1, 10, 2, 7, 4, 5];0.0;-388.1119047619047;0.7430143356323242;-388.9761904761905;1;12.028154134750366;[13, 12, 6, 8, 14, 3, 15, 1, 11, 9, 10, 2, 7, 4, 5];-0.002221950174450704;-388.9761904761904;3;6;119;8.930055141448975;0.001044722448284352;0.2861941842632688;0.00365039719788057;105812.0;103864.0;71.0;0.06339285714285714
15;30;29;290.0;0.00845193862915039;290.0;1;0.007888078689575195;[6, 11, 3, 13, 2, 1, 7, 10, 4, 14, 9, 12, 8, 5, 15];0.0;-239.06190476190466;0.6975967884063721;-239.09999999999982;1;1.2451269626617432;[6, 11, 1, 3, 13, 7, 4, 2, 14, 10, 9, 8, 12, 5, 15];-0.00015932763737003253;-239.09999999999997;1;4;66;0.33928728103637695;0.0008333984425866747;0.289689246484219;0.0028768704834615756;109526.0;108883.99999999988;78.0;0.06964285714285715
15;30;30;178.0;0.008778095245361328;178.0;1;0.007889747619628906;[15, 9, 5, 3, 12, 11, 2, 14, 10, 6, 4, 8, 7, 1, 13];0.0;-321.72422360248447;0.7352161407470703;-322.77142857142854;1;12.778657674789429;[11, 15, 5, 12, 2, 1, 9, 3, 14, 10, 6, 4, 8, 13, 7];-0.0032444165630736155;-322.77142857142843;1;5;105;6.357879638671875;0.0018860864850831494;0.284420746061117;0.00663132528552563;103908.0;101324.0;204.5;0.1825892857142857
15;40;31;296.0;0.008846282958984375;296.0;1;0.008097410202026367;[1, 8, 9, 4, 15, 3, 11, 6, 5, 13, 14, 2, 12, 7, 10];0.0;-364.47457264957256;0.9637069702148438;-365.2809523809523;1;7.11361026763916;[1, 8, 9, 15, 11, 6, 5, 4, 3, 13, 14, 2, 12, 7, 10];-0.0022075603070009775;-365.2809523809523;3;5;132;4.077521085739136;0.0003930940776674108;0.28030115033521535;0.001402399088256702;136674.0;136118.0;75.0;0.06696428571428571
15;40;32;244.0;0.008540630340576172;244.0;1;0.007800579071044922;[4, 11, 12, 5, 10, 13, 1, 8, 7, 9, 15, 14, 6, 3, 2];0.0;-442.43105590062106;0.9708964824676514;-444.00952380952367;1;10.01732325553894;[4, 12, 5, 13, 8, 11, 10, 1, 7, 9, 15, 2, 14, 6, 3];-0.0035550316474287635;-444.0095238095238;3;6;161;10.041706562042236;0.0029451757231760967;0.288269456929744;0.010216745660619482;143150.0;140016.0;96.0;0.08571428571428572
15;40;33;536.0;0.008617639541625977;536.0;1;0.007939338684082031;[10, 4, 8, 5, 1, 13, 12, 2, 7, 3, 9, 15, 14, 11, 6];0.0;-223.20714285714266;0.9050686359405518;-223.4476190476188;1;3.813722848892212;[8, 10, 4, 5, 1, 13, 12, 2, 7, 3, 9, 15, 14, 11, 6];-0.0010762083368849318;-223.44761904761887;1;6;133;1.9254364967346191;9.849090053515308e-05;0.30051674641148324;0.0003277384761789421;157020.0;156984.0;29.5;0.026339285714285714
15;40;34;114.0;0.008554458618164062;114.0;1;0.0078125;[13, 10, 11, 5, 14, 6, 4, 3, 15, 1, 8, 7, 12, 9, 2];0.0;-536.0844246031746;0.9929707050323486;-538.8190476190476;3;24.30913782119751;[10, 13, 11, 5, 6, 4, 14, 3, 1, 9, 15, 8, 7, 12, 2];-0.005075215933729282;-538.8190476190476;7;7;188;13.616347789764404;0.0019424840808268673;0.28057333416185093;0.006923266912123339;135458.0;133109.9999999997;65.0;0.05803571428571429
15;40;35;228.0;0.00861811637878418;228.0;1;0.007841110229492188;[14, 6, 13, 15, 4, 2, 8, 7, 3, 1, 12, 10, 5, 9, 11];0.0;-444.21348036758553;0.962519645690918;-444.9476190476191;1;10.18860387802124;[14, 6, 13, 4, 2, 15, 7, 8, 3, 1, 12, 10, 5, 9, 11];-0.001649944057696029;-444.94761904761896;3;7;156;8.511624813079834;0.0006519071117406794;0.28304699081087564;0.0023031762672095185;139196.0;138547.99999999974;32.5;0.029017857142857144
15;40;36;254.0;0.008395195007324219;254.0;1;0.00791788101196289;[6, 10, 13, 4, 3, 15, 8, 1, 11, 5, 14, 12, 7, 2, 9];0.0;-431.19658659924124;0.988377571105957;-433.3952380952379;5;18.78754496574402;[6, 10, 4, 13, 3, 11, 15, 8, 1, 5, 14, 12, 7, 2, 9];-0.005073086417976547;-433.3952380952378;5;7;165;19.01078486442566;0.0013397786526708755;0.2882142893270077;0.004648550409486338;142460.0;141570.0;41.5;0.03705357142857143
15;40;37;306.0;0.008688211441040039;306.0;1;0.007858991622924805;[4, 5, 10, 15, 13, 6, 2, 3, 9, 11, 14, 7, 8, 12, 1];0.0;-404.7907251789604;0.9540350437164307;-405.79047619047606;1;4.624910593032837;[4, 5, 10, 15, 13, 9, 6, 7, 2, 3, 11, 14, 8, 12, 1];-0.0024637123593960197;-405.79047619047606;1;7;172;5.375274658203125;0.0014132531742114818;0.29297782366137903;0.00482375476938796;147570.0;146230.0;58.5;0.05223214285714286
15;40;38;164.0;0.008634090423583984;164.0;1;0.007786989212036133;[9, 4, 2, 12, 13, 14, 8, 5, 7, 10, 6, 3, 1, 11, 15];0.0;-467.3937531529782;1.0205769538879395;-470.8333333333333;55;25.89034938812256;[12, 13, 4, 2, 14, 5, 7, 10, 9, 8, 11, 1, 6, 15, 3];-0.007305303037922317;-470.83333333333326;59;9;217;22.939839124679565;0.0018152556871728898;0.276667234021093;0.0065611516795461775;131664.0;129784.0;214.0;0.19107142857142856
15;40;39;238.0;0.008562564849853516;238.0;1;0.00799870491027832;[7, 5, 11, 4, 12, 14, 3, 10, 9, 15, 2, 1, 13, 6, 8];0.0;-420.7418367346938;0.985358476638794;-421.4095238095237;1;7.932904958724976;[7, 5, 11, 4, 12, 14, 3, 10, 15, 2, 1, 13, 6, 8, 9];-0.0015844138233850336;-421.4095238095237;1;5;130;5.992700815200806;0.001720558378545789;0.2820409173403729;0.006100385698538141;136756.0;135320.0;34.5;0.03080357142857143
15;40;40;304.0;0.008554935455322266;304.0;1;0.00793313980102539;[3, 4, 10, 9, 13, 5, 1, 7, 12, 15, 14, 11, 8, 6, 2];0.0;-381.8644085012277;0.9830758571624756;-383.590476190476;1;18.233662843704224;[3, 4, 10, 9, 13, 5, 1, 7, 12, 15, 14, 11, 8, 2, 6];-0.004499766799192506;-383.590476190476;5;7;162;21.21483564376831;0.00043279442834120996;0.2882694023193577;0.0015013540280689969;142186.0;142034.0;2.0;0.0017857142857142857
15;50;41;290.0;0.008368968963623047;290.0;1;0.007821321487426758;[9, 7, 3, 12, 11, 14, 2, 10, 4, 6, 8, 1, 15, 13, 5];0.0;-544.3588972431077;1.208996057510376;-546.1285714285711;1;11.835129022598267;[7, 9, 3, 12, 11, 14, 2, 1, 10, 6, 8, 15, 4, 13, 5];-0.0032403984666730112;-546.1285714285713;5;6;193;9.815971612930298;0.0007956049684159083;0.2835997777307887;0.002805379379285509;173016.0;171832.0;62.0;0.055357142857142855
15;50;42;224.0;0.008622884750366211;224.0;1;0.007934331893920898;[11, 10, 7, 9, 13, 15, 4, 14, 6, 5, 1, 3, 2, 12, 8];0.0;-631.4190476190475;1.197324514389038;-631.7142857142857;1;4.464210033416748;[11, 10, 7, 9, 4, 14, 6, 13, 15, 5, 1, 3, 2, 12, 8];-0.00046736016885273735;-631.7142857142856;1;6;172;2.5495107173919678;0.0020779690111577542;0.2867843144851455;0.0072457554552391185;177656.0;175900.0;61.5;0.054910714285714285
15;50;43;302.0;0.008734703063964844;302.0;1;0.007784128189086914;[15, 4, 9, 14, 1, 3, 12, 11, 6, 7, 8, 10, 5, 2, 13];0.0;-559.3904761904761;1.1829633712768555;-559.4619047619047;1;2.597294807434082;[15, 4, 9, 14, 1, 3, 12, 11, 6, 7, 8, 10, 5, 2, 13];-0.00012767370006916412;-559.4619047619047;1;3;94;0.2662060260772705;0.0;0.2871491160831713;0.0;177942.0;177942.0;0.0;0.0
15;50;44;190.0;0.00854182243347168;190.0;1;0.007916450500488281;[15, 11, 14, 3, 4, 7, 5, 9, 8, 6, 10, 1, 12, 13, 2];0.0;-624.2888939208417;1.3262825012207031;-627.8142857142858;1;15.82561206817627;[15, 11, 14, 3, 4, 5, 8, 9, 12, 13, 6, 10, 1, 7, 2];-0.005615341787632566;-627.8142857142857;5;8;230;14.799617052078247;0.0010698910970764475;0.28101044399855946;0.0038073001197134583;169322.0;167186.0;109.0;0.09732142857142857
15;50;45;266.0;0.008511066436767578;266.0;1;0.007858514785766602;[12, 11, 4, 7, 15, 2, 10, 1, 8, 13, 6, 14, 9, 3, 5];0.0;-579.6652818270163;1.2473375797271729;-581.0047619047617;3;13.8618323802948;[12, 11, 4, 7, 15, 2, 10, 1, 8, 6, 14, 13, 9, 3, 5];-0.002305454560052267;-581.0047619047618;7;8;224;15.633844375610352;0.0006483144964490872;0.2858447920626039;0.0022680647486034923;175222.0;174520.0;11.5;0.010267857142857143
15;50;46;200.0;0.008341073989868164;200.0;1;0.008095979690551758;[15, 9, 1, 7, 12, 2, 3, 13, 6, 10, 14, 8, 11, 4, 5];0.0;-599.2785714285714;1.305891752243042;-600.2142857142856;1;11.055845022201538;[15, 1, 7, 12, 2, 9, 6, 3, 13, 10, 14, 8, 11, 4, 5];-0.001558967035582337;-600.2142857142856;1;6;181;8.799888849258423;0.0010639651204485956;0.2772174163348847;0.0038380168696302342;165646.0;164767.99999999962;70.5;0.06294642857142857
15;50;47;434.0;0.008377552032470703;434.0;1;0.007831811904907227;[13, 8, 2, 3, 9, 1, 6, 5, 7, 11, 4, 14, 15, 10, 12];0.0;-405.09999999999985;1.197514295578003;-406.06666666666626;1;7.089895725250244;[13, 2, 8, 3, 7, 6, 9, 4, 14, 1, 10, 5, 11, 15, 12];-0.0023805614841563294;-406.0666666666666;1;5;156;4.372280120849609;0.0026732758503509313;0.2840433386785671;0.009411506929849529;174652.0;170546.0;138.0;0.12321428571428572
15;50;48;402.0;0.008605480194091797;402.0;1;0.007892370223999023;[4, 3, 8, 2, 15, 9, 7, 6, 1, 11, 13, 10, 14, 12, 5];0.0;-438.2576507936506;1.2344062328338623;-438.2761904761904;1;1.751295566558838;[4, 3, 8, 2, 15, 9, 7, 6, 1, 11, 13, 10, 14, 12, 5];-4.230136827565456e-05;-438.2761904761904;1;3;96;1.0267653465270996;-3.9968028886505635e-15;0.2825865331687409;-1.4143642458234033e-14;173520.0;173520.00000000306;0.0;0.0
15;50;49;254.0;0.008496284484863281;254.0;1;0.00785064697265625;[8, 5, 10, 12, 7, 11, 6, 2, 1, 13, 14, 15, 9, 4, 3];0.0;-584.6285714285711;1.2213752269744873;-585.7523809523806;1;7.053730726242065;[8, 7, 5, 10, 11, 1, 12, 13, 6, 2, 14, 15, 9, 3, 4];-0.0019185744016647632;-585.7523809523809;1;5;163;2.7994916439056396;0.0018862223361687525;0.28552795438159534;0.006606086399680154;174252.0;172174.0;100.0;0.08928571428571429
15;50;50;316.0;0.008456945419311523;316.0;1;0.007929325103759766;[9, 1, 4, 6, 14, 2, 11, 15, 8, 12, 13, 10, 5, 7, 3];0.0;-525.9967418546364;1.1983044147491455;-526.9571428571427;1;11.295042753219604;[9, 1, 4, 6, 11, 14, 15, 8, 12, 13, 10, 2, 5, 7, 3];-0.0018225410083617666;-526.9571428571428;1;5;156;5.5631489753723145;0.0007648026877351555;0.2843458343861823;0.0026896919006608134;174422.0;172414.0;64.0;0.05714285714285714
15;60;51;288.0;0.008924484252929688;288.0;1;0.008056879043579102;[11, 2, 7, 14, 5, 10, 12, 15, 6, 4, 8, 3, 13, 1, 9];0.0;-693.8276190476189;1.4660940170288086;-694.4619047619041;1;5.600564479827881;[11, 2, 7, 5, 10, 12, 6, 14, 15, 4, 13, 8, 3, 1, 9];-0.0009133484643807366;-694.4619047619045;3;7;212;4.793584823608398;0.00017125470712586743;0.27859932863330883;0.0006146989225206357;202922.0;202414.0;63.0;0.05625
15;60;52;230.0;0.008476495742797852;230.0;1;0.00805974006652832;[10, 2, 15, 14, 11, 12, 9, 6, 5, 1, 8, 7, 4, 3, 13];0.0;-778.5254658385093;1.5216424465179443;-778.6523809523809;1;5.687425136566162;[10, 2, 15, 14, 11, 12, 9, 6, 5, 1, 7, 8, 4, 3, 13];-0.00016299329068558688;-778.652380952381;1;5;165;3.663318157196045;0.0002552026099228444;0.28422061656901393;0.0008979032309602937;208442.0;208308.0;5.0;0.004464285714285714
15;60;53;226.0;0.008729219436645508;226.0;1;0.008110284805297852;[13, 10, 8, 4, 7, 9, 14, 6, 5, 12, 11, 3, 1, 15, 2];0.0;-794.5048888888888;1.4734158515930176;-795.6523809523803;1;9.005720615386963;[13, 8, 10, 4, 7, 9, 14, 6, 5, 12, 11, 3, 1, 15, 2];-0.0014422027646269209;-795.6523809523803;5;6;205;5.308706760406494;0.00019233561433318336;0.2847638613667727;0.0006754214295663635;211102.0;211000.0;14.0;0.0125
15;60;54;154.0;0.008565664291381836;154.0;1;0.00798177719116211;[11, 15, 12, 10, 4, 7, 3, 9, 6, 2, 8, 14, 13, 5, 1];0.0;-835.7380952380952;1.4594783782958984;-836.0190476190477;1;5.920106410980225;[11, 15, 12, 10, 4, 9, 7, 6, 2, 8, 14, 13, 3, 5, 1];-0.00033605978446615836;-836.0190476190473;1;5;184;2.1193416118621826;0.0020747364472243346;0.28272036670692885;0.007338475368401846;205510.0;204426.00000000003;57.0;0.05089285714285714
15;60;55;254.0;0.008650541305541992;254.0;1;0.007944107055664062;[13, 6, 15, 3, 5, 1, 7, 12, 11, 14, 9, 8, 4, 10, 2];0.0;-725.5131782945734;1.511955976486206;-726.4571428571425;1;10.146876811981201;[13, 6, 15, 3, 5, 1, 7, 12, 11, 9, 8, 14, 4, 10, 2];-0.0012994084673135786;-726.4571428571428;1;6;205;7.826855897903442;0.0001075467059979962;0.2800177005835661;0.000384071098983619;202492.0;201600.0;11.5;0.010267857142857143
15;60;56;294.0;0.008531570434570312;294.0;1;0.008010149002075195;[1, 9, 4, 2, 11, 14, 3, 5, 13, 12, 10, 6, 15, 8, 7];0.0;-650.9236130531602;1.6100528240203857;-655.385714285714;11;38.782705307006836;[5, 1, 9, 3, 4, 2, 14, 13, 12, 11, 10, 6, 15, 8, 7];-0.006808359009498499;-655.3857142857141;13;7;270;17.603976249694824;0.0007899031787794719;0.2756143672603199;0.0028659724332636195;196370.0;193454.0;170.0;0.15178571428571427
15;60;57;272.0;0.008542299270629883;272.0;1;0.00802302360534668;[12, 6, 3, 9, 8, 10, 1, 15, 7, 14, 2, 11, 13, 4, 5];0.0;-677.650460829493;1.6358659267425537;-678.6904761904756;1;14.464128971099854;[12, 6, 3, 9, 10, 15, 7, 2, 13, 8, 1, 14, 4, 11, 5];-0.001532385376645129;-678.6904761904758;1;7;247;10.84698224067688;0.0020135071158732254;0.2763938996966661;0.007284918799159418;197272.0;194140.0;107.5;0.09598214285714286
15;60;58;262.0;0.008504629135131836;262.0;1;0.011472463607788086;[4, 13, 7, 12, 9, 8, 15, 6, 5, 10, 2, 1, 14, 3, 11];0.0;-688.72227258368;1.6961026191711426;-693.8714285714287;3;40.92608618736267;[4, 7, 12, 8, 10, 13, 1, 9, 15, 2, 14, 3, 6, 5, 11];-0.007420907931531384;-693.8714285714284;13;6;240;11.593448400497437;0.003950295981734242;0.2793165530624111;0.01414272064588875;199358.0;195646.00000000052;184.0;0.16428571428571428
15;60;59;216.0;0.008667230606079102;216.0;1;0.008216381072998047;[6, 11, 9, 1, 7, 13, 3, 8, 12, 15, 10, 14, 4, 2, 5];0.0;-719.8558730158729;1.7382628917694092;-721.6714285714281;1;27.154435396194458;[6, 1, 11, 12, 7, 3, 9, 13, 8, 15, 10, 14, 4, 2, 5];-0.0025157647700548846;-721.6714285714284;3;6;231;12.83838438987732;0.0008178859983759557;0.27430708283890604;0.0029816437472607316;193948.0;191856.0;116.5;0.10401785714285715
15;60;60;240.0;0.008791685104370117;240.0;1;0.008375406265258789;[14, 15, 4, 7, 2, 11, 13, 8, 6, 10, 1, 5, 9, 3, 12];0.0;-720.5949881104809;1.773458480834961;-722.8476190476192;9;38.30810022354126;[14, 15, 4, 7, 2, 11, 13, 8, 6, 10, 1, 5, 3, 9, 12];-0.0031163289160531793;-722.8476190476185;11;9;257;36.74030947685242;1.5440974944547214e-05;0.277283189420676;5.568666090724012e-05;198776.0;198767.99999999933;3.0;0.0026785714285714286
15;70;61;268.0;0.008647918701171875;268.0;1;0.007866382598876953;[9, 1, 7, 3, 4, 13, 15, 10, 5, 8, 11, 14, 2, 6, 12];0.0;-792.0610656913367;2.228955030441284;-794.7857142857141;33;77.90873003005981;[9, 1, 3, 4, 7, 13, 15, 10, 5, 8, 2, 14, 11, 6, 12];-0.0034281549673123024;-794.7857142857141;1;7;290;14.764647245407104;0.000866345984335215;0.26973178007856263;0.003211879534858226;219802.0;218868.00000000006;39.5;0.03526785714285714
15;70;62;318.0;0.008522510528564453;318.0;1;0.008072376251220703;[15, 14, 4, 10, 6, 1, 7, 2, 12, 9, 13, 5, 8, 11, 3];0.0;-837.5042717086834;1.7984261512756348;-838.2333333333329;1;16.652140140533447;[14, 15, 4, 10, 1, 7, 6, 2, 12, 9, 13, 5, 8, 11, 3];-0.0008697597621777353;-838.2333333333328;1;7;286;11.519526243209839;0.0003492235541392441;0.2825342890888519;0.001236039545024638;238974.0;237926.00000000047;36.5;0.032589285714285716
15;70;63;434.0;0.008731842041015625;434.0;1;0.008060455322265625;[3, 8, 15, 9, 1, 7, 12, 4, 14, 13, 6, 10, 5, 11, 2];0.0;-710.0790674603173;1.791254997253418;-711.0666666666668;3;11.958573579788208;[3, 8, 15, 1, 9, 7, 4, 12, 14, 13, 6, 10, 5, 2, 11];-0.0013888981900658237;-711.0666666666665;7;8;246;12.658579587936401;0.00030385404550581363;0.2788200909798006;0.0010897853323196378;236590.0;235986.0000000004;23.0;0.020535714285714286
15;70;64;242.0;0.008927106857299805;242.0;1;0.008032560348510742;[15, 12, 9, 3, 4, 1, 13, 6, 7, 5, 11, 10, 14, 2, 8];0.0;-823.6589475453499;2.105865240097046;-831.8380952380951;49;73.65467882156372;[12, 9, 3, 1, 13, 7, 15, 5, 11, 10, 4, 6, 2, 8, 14];-0.009832619760464456;-831.8380952380951;23;8;383;25.956603527069092;0.001914055547906801;0.2725632961734725;0.007022425890713484;222736.0;218252.00000000003;179.5;0.16026785714285716
15;70;65;360.0;0.008597135543823242;360.0;1;0.008196592330932617;[9, 3, 14, 1, 6, 12, 5, 4, 15, 11, 10, 2, 8, 13, 7];0.0;-734.6275368343263;1.8228766918182373;-735.4476190476187;1;15.334668636322021;[9, 3, 14, 1, 6, 4, 12, 10, 5, 15, 11, 2, 8, 13, 7];-0.0011150790240566089;-735.4476190476188;1;5;200;8.982054710388184;0.0014392154786800893;0.27323535998343296;0.00526731049292944;226940.0;226069.99999999983;42.5;0.03794642857142857
15;70;66;308.0;0.00885152816772461;308.0;1;0.008075952529907227;[3, 5, 11, 6, 14, 12, 1, 15, 7, 13, 10, 2, 4, 8, 9];0.0;-769.0422752252425;2.292163848876953;-775.6047619047617;92;83.32289266586304;[5, 11, 3, 12, 6, 1, 7, 8, 14, 13, 9, 15, 10, 2, 4];-0.008461122213075156;-775.6047619047617;76;9;395;35.146076679229736;0.0017907242503445442;0.2747656260508158;0.006517279020969543;224708.0;220299.99999999997;151.5;0.13526785714285713
15;70;67;260.0;0.00873708724975586;260.0;1;0.008043289184570312;[14, 1, 10, 11, 13, 7, 8, 3, 4, 12, 2, 15, 5, 6, 9];0.0;-848.5830551495575;1.9116590023040771;-852.2904761904764;3;41.28038501739502;[14, 1, 10, 11, 13, 7, 8, 9, 3, 4, 12, 6, 2, 15, 5];-0.004349950098574529;-852.290476190476;5;7;290;14.503946304321289;0.000959424609903059;0.27594384014750895;0.0034768835912053248;230170.0;226245.99999999988;57.5;0.05133928571428571
15;70;68;314.0;0.00867009162902832;314.0;1;0.008032798767089844;[11, 6, 5, 13, 3, 8, 10, 4, 9, 14, 7, 1, 15, 2, 12];0.0;-815.1966984126983;1.7327165603637695;-816.480952380952;1;13.573487997055054;[11, 6, 5, 13, 3, 8, 10, 4, 9, 14, 7, 1, 15, 2, 12];-0.001572913568294032;-816.4809523809523;1;6;247;10.125946044921875;0.0;0.27714381737190064;0.0;233372.0;233372.0;0.0;0.0
15;70;69;238.0;0.008773565292358398;238.0;1;0.007883310317993164;[2, 13, 15, 8, 9, 14, 6, 3, 5, 12, 11, 1, 4, 10, 7];0.0;-864.8226600985221;1.9425880908966064;-866.6095238095232;1;22.310977935791016;[2, 13, 15, 8, 9, 14, 6, 3, 5, 1, 12, 11, 4, 10, 7];-0.002061901769953245;-866.6095238095236;7;6;279;13.400717496871948;5.325416214563283e-05;0.2751063465292305;0.00019357663978854988;228034.0;227584.0;11.5;0.010267857142857143
15;70;70;222.0;0.008693456649780273;222.0;1;0.008265018463134766;[4, 6, 13, 1, 15, 12, 9, 7, 10, 14, 3, 2, 11, 5, 8];0.0;-838.9836593357841;2.2777388095855713;-846.0095238095237;93;78.2564606666565;[7, 4, 6, 13, 1, 15, 12, 9, 10, 3, 14, 2, 11, 5, 8];-0.008304710852547581;-846.0095238095233;39;9;378;34.118260860443115;0.0007689220589564005;0.27150036635080177;0.002832121625806159;220846.0;219554.00000000035;100.5;0.08973214285714286
15;80;71;380.0;0.008831024169921875;380.0;1;0.007922649383544922;[4, 14, 5, 8, 6, 15, 1, 10, 7, 12, 9, 2, 13, 11, 3];0.0;-896.8120796890183;2.2544326782226562;-903.1666666666666;15;71.49558329582214;[6, 14, 4, 8, 15, 1, 9, 5, 7, 2, 10, 12, 13, 11, 3];-0.007035896266080366;-903.1666666666665;19;8;388;26.252806425094604;0.0015601647650683725;0.27976704486290166;0.005576656699622798;265986.0;261989.99999999718;163.0;0.1455357142857143
15;80;72;460.0;0.008601665496826172;460.0;1;0.008190631866455078;[3, 8, 2, 12, 9, 1, 5, 15, 10, 7, 6, 11, 13, 14, 4];0.0;-820.2672161172159;2.205758810043335;-820.8095238095236;1;12.37200665473938;[3, 2, 5, 8, 12, 9, 1, 15, 10, 7, 6, 11, 13, 14, 4];-0.0006606985866718373;-820.8095238095233;1;6;294;5.285921096801758;0.0014691209855834941;0.2776374891994067;0.005291507965368222;265412.0;263142.0;63.5;0.05669642857142857
15;80;73;286.0;0.008821249008178711;286.0;1;0.007881402969360352;[4, 5, 14, 15, 3, 11, 9, 7, 12, 6, 10, 1, 8, 13, 2];0.0;-966.5751254148336;2.0662364959716797;-971.5571428571426;13;34.91761922836304;[4, 5, 15, 14, 3, 11, 9, 7, 12, 6, 10, 1, 8, 13, 2];-0.005127868678581282;-971.5571428571425;13;10;436;24.98638391494751;0.00012502853122076107;0.2740561770831024;0.0004562149722421637;259640.0;259135.99999999953;13.0;0.011607142857142858
15;80;74;326.0;0.008855342864990234;326.0;1;0.008084297180175781;[9, 12, 11, 10, 5, 13, 15, 4, 1, 2, 3, 7, 8, 6, 14];0.0;-956.8884353741496;2.066826820373535;-960.0476190476186;3;20.118747234344482;[12, 5, 15, 1, 9, 11, 10, 13, 4, 2, 3, 7, 8, 6, 14];-0.0032906530996898997;-960.0476190476188;3;6;282;8.69061279296875;0.0003452790286150309;0.27662290071249807;0.0012481939410139043;265714.0;262966.0;166.0;0.14821428571428572
15;80;75;314.0;0.008417129516601562;314.0;1;0.008031129837036133;[10, 8, 4, 15, 2, 1, 9, 14, 11, 6, 5, 3, 7, 13, 12];0.0;-943.5700511113208;2.385732889175415;-948.2238095238093;14;73.67327618598938;[10, 15, 8, 2, 1, 9, 14, 11, 7, 6, 4, 5, 13, 12, 3];-0.004907869182092739;-948.2238095238093;23;8;390;27.865335702896118;0.0009591308530596532;0.2753256993351612;0.0034836226889669243;261188.0;258438.0;129.0;0.11517857142857142
15;80;76;308.0;0.00826263427734375;308.0;1;0.007864236831665039;[14, 8, 3, 11, 13, 12, 10, 5, 1, 2, 4, 9, 6, 7, 15];0.0;-969.0976499690784;2.1351003646850586;-972.0476190476184;5;32.29669666290283;[8, 14, 3, 11, 12, 13, 10, 5, 1, 2, 4, 9, 6, 7, 15];-0.0030347989344702286;-972.0476190476186;9;6;298;10.379883766174316;0.00028369204938560877;0.276858647513951;0.0010246819159633199;264436.0;263822.0;26.0;0.023214285714285715
15;80;77;390.0;0.008823633193969727;390.0;1;0.008179426193237305;[11, 1, 8, 6, 5, 7, 9, 14, 10, 3, 4, 15, 13, 12, 2];0.0;-859.3893533117663;2.4271531105041504;-863.8095238095235;7;59.891212463378906;[11, 1, 8, 3, 6, 4, 5, 7, 9, 15, 14, 13, 2, 10, 12];-0.005117066177116936;-863.8095238095235;15;6;326;16.80173897743225;0.00189648129777642;0.27543414857317144;0.0068854254550524754;260082.0;257945.99999999994;138.5;0.12366071428571429
15;80;78;434.0;0.008728504180908203;434.0;1;0.007934093475341797;[8, 2, 1, 15, 10, 5, 14, 9, 4, 6, 7, 3, 11, 12, 13];0.0;-817.9573581812621;2.258636474609375;-818.4428571428571;1;20.415785789489746;[2, 15, 8, 10, 1, 5, 14, 9, 4, 3, 6, 7, 11, 12, 13];-0.0005931983612024183;-818.4428571428568;1;6;292;10.36750340461731;0.0011342864247724238;0.2740241168618274;0.004139367139514844;259266.0;257650.0000000003;67.0;0.059821428571428574
15;80;79;212.0;0.008774042129516602;212.0;1;0.008254289627075195;[10, 11, 6, 12, 15, 13, 1, 7, 4, 5, 3, 14, 9, 8, 2];0.0;-1026.1959675436437;2.3148231506347656;-1028.2809523809522;1;27.81967806816101;[10, 11, 6, 12, 15, 4, 13, 1, 7, 5, 3, 14, 9, 8, 2];-0.002027641212725695;-1028.280952380952;3;6;292;10.319093704223633;2.0407836025970738e-05;0.27173678796300915;7.510148397260369e-05;255966.0;255534.0;28.5;0.02544642857142857
15;80;80;308.0;0.008494853973388672;308.0;1;0.008067846298217773;[12, 13, 7, 2, 10, 3, 1, 9, 6, 15, 8, 11, 14, 5, 4];0.0;-928.0532685881368;2.271798610687256;-931.8476190476188;1;47.807798862457275;[12, 13, 3, 7, 2, 10, 1, 9, 6, 8, 15, 11, 5, 14, 4];-0.004071857224209996;-931.847619047619;9;8;375;22.378448009490967;0.0005856926987548583;0.27297438934501317;0.00214559578340003;256276.0;255040.0;46.5;0.04151785714285714
15;90;81;362.0;0.008874893188476562;362.0;1;0.007986307144165039;[10, 5, 11, 7, 1, 15, 2, 14, 12, 6, 9, 4, 3, 13, 8];0.0;-1036.5567619047617;2.340237855911255;-1039.0761904761905;1;17.682026147842407;[10, 5, 11, 7, 1, 2, 12, 14, 6, 4, 15, 3, 8, 9, 13];-0.0024246812644933557;-1039.0761904761905;3;7;367;11.744934797286987;0.0012282381233760242;0.272578808300477;0.004505992711003701;290086.0;288716.0;70.0;0.0625
15;90;82;256.0;0.008436203002929688;256.0;1;0.007895708084106445;[11, 9, 4, 14, 8, 15, 3, 2, 5, 13, 6, 10, 7, 1, 12];0.0;-1139.2520713356864;2.6462838649749756;-1140.5571428571427;1;25.44930386543274;[9, 11, 4, 14, 8, 15, 2, 5, 13, 3, 6, 10, 7, 1, 12];-0.0011442403650088195;-1140.5571428571427;5;6;337;12.786720514297485;0.0005178174512248113;0.27209277111273483;0.0019030915415620012;288602.0;288202.0;40.5;0.03616071428571429
15;90;83;320.0;0.008636236190795898;320.0;1;0.008088827133178711;[5, 12, 14, 1, 3, 15, 6, 10, 11, 9, 8, 4, 13, 7, 2];0.0;-1103.935470566179;2.366952419281006;-1104.028571428572;1;12.774235725402832;[5, 12, 14, 1, 15, 6, 3, 10, 11, 9, 8, 4, 13, 7, 2];-8.43283088882707e-05;-1104.0285714285712;1;5;275;4.364279270172119;0.0002575414577364876;0.2747543666592558;0.0009373516456460354;294124.0;292669.99999999977;21.5;0.019196428571428573
15;90;84;400.0;0.008448123931884766;400.0;1;0.00798797607421875;[15, 8, 7, 3, 13, 11, 10, 1, 4, 9, 12, 6, 5, 2, 14];0.0;-1022.931212121212;2.4283106327056885;-1025.6142857142845;5;29.716060161590576;[15, 8, 7, 3, 13, 11, 10, 1, 6, 4, 9, 5, 2, 14, 12];-0.0026160649577964268;-1025.6142857142866;9;8;398;18.16383981704712;0.0008083710165522895;0.2753012020072354;0.002936314882239577;294882.0;293836.0;31.5;0.028125
15;90;85;226.0;0.00885915756225586;226.0;1;0.00848841667175293;[2, 9, 8, 3, 15, 14, 10, 13, 11, 7, 4, 12, 5, 1, 6];0.0;-1115.7183329993989;2.920651435852051;-1121.9095238095238;3;60.54488205909729;[2, 10, 9, 8, 3, 13, 15, 14, 7, 11, 4, 12, 5, 1, 6];-0.005518440372181077;-1121.9095238095238;29;7;389;18.11600685119629;0.0009699206631111901;0.26783115552016323;0.003621388487188792;278820.0;278080.0;92.5;0.08258928571428571
15;90;86;398.0;0.008683204650878906;398.0;1;0.008417367935180664;[9, 11, 1, 13, 6, 14, 12, 3, 7, 5, 4, 15, 8, 2, 10];0.0;-1040.6483405483405;2.458622932434082;-1040.9476190476187;1;13.418914556503296;[9, 11, 1, 13, 6, 14, 12, 3, 7, 5, 4, 15, 8, 2, 10];-0.0002875058204677705;-1040.9476190476194;1;4;206;3.881742477416992;-6.661338147750939e-16;0.2760140167505931;-2.413405748799395e-15;297030.0;297030.00000000093;0.0;0.0
15;90;87;294.0;0.008291006088256836;294.0;1;0.00801229476928711;[14, 8, 3, 9, 2, 5, 13, 15, 10, 12, 7, 1, 11, 6, 4];0.0;-1108.8676055669478;2.4987540245056152;-1114.5857142857142;17;41.18177151679993;[14, 8, 3, 9, 2, 5, 13, 15, 10, 12, 7, 1, 4, 11, 6];-0.005130254807214074;-1114.5857142857144;15;9;502;32.39311718940735;0.0004465404151529073;0.27431148824843815;0.0016278589642898407;291070.0;289889.9999999994;5.5;0.004910714285714286
15;90;88;436.0;0.00870823860168457;436.0;1;0.007947683334350586;[9, 6, 2, 3, 15, 11, 8, 13, 5, 14, 7, 10, 4, 1, 12];0.0;-1001.2615846338533;2.299558639526367;-1003.1142857142859;1;18.074024200439453;[6, 2, 3, 9, 15, 8, 5, 11, 13, 12, 14, 7, 10, 4, 1];-0.0018469491530701543;-1003.1142857142853;1;6;350;8.005903482437134;0.0016280738574547815;0.2776068738729182;0.0058646741514047475;298338.0;294982.0;96.5;0.08616071428571428
15;90;89;228.0;0.008867263793945312;228.0;1;0.008292675018310547;[2, 13, 14, 11, 10, 5, 6, 12, 4, 1, 15, 8, 9, 7, 3];0.0;-1147.0400108426998;2.9173505306243896;-1156.290476190476;40;117.5615599155426;[8, 2, 13, 14, 11, 10, 5, 6, 12, 4, 1, 9, 15, 7, 3];-0.008000122407176624;-1156.290476190476;49;7;418;27.125720500946045;0.0007695035785842963;0.27268440770541635;0.00282195665333237;286266.0;280244.00000000023;142.0;0.12678571428571428
15;90;90;358.0;0.008979082107543945;358.0;1;0.008142709732055664;[5, 12, 3, 1, 15, 2, 14, 10, 4, 13, 8, 11, 6, 7, 9];0.0;-1055.3919123204835;2.5856478214263916;-1057.1476190476187;1;25.791504383087158;[5, 12, 3, 1, 15, 2, 14, 10, 4, 13, 8, 6, 11, 7, 9];-0.0016607961797396875;-1057.1476190476185;5;6;303;11.541529417037964;4.64846619987469e-05;0.27389273783035967;0.00016971849040969461;292114.0;291660.00000000006;4.0;0.0035714285714285713
15;100;91;382.0;0.008565902709960938;382.0;1;0.007815837860107422;[13, 1, 6, 4, 14, 12, 11, 5, 3, 7, 8, 9, 10, 15, 2];0.0;-1169.315939766635;2.9258174896240234;-1172.7904761904765;3;55.53021001815796;[13, 1, 12, 5, 6, 4, 3, 14, 11, 7, 8, 9, 10, 15, 2];-0.002962623328190528;-1172.7904761904754;3;7;393;21.533963918685913;0.0006400269091605404;0.2730653952805568;0.0023438594571932292;321422.0;320874.0;103.0;0.09196428571428572
15;100;92;588.0;0.008858442306518555;588.0;1;0.007801532745361328;[7, 2, 10, 12, 6, 3, 13, 8, 5, 15, 1, 4, 9, 14, 11];0.0;-1026.480952380952;2.7303242683410645;-1028.0714285714275;1;13.387571334838867;[7, 2, 10, 6, 12, 3, 13, 8, 5, 15, 9, 1, 4, 14, 11];-0.0015470483336801344;-1028.0714285714282;3;5;324;4.361815452575684;0.00029450811926468035;0.2791606436547901;0.001054977218167146;333906.0;331979.99999999936;21.5;0.019196428571428573
15;100;93;696.0;0.009052515029907227;696.0;1;0.008209705352783203;[14, 2, 1, 6, 5, 11, 4, 8, 9, 7, 3, 12, 15, 10, 13];0.0;-895.4455449637534;2.9930331707000732;-902.6285714285707;11;73.69221210479736;[14, 2, 1, 11, 6, 12, 4, 5, 8, 9, 7, 3, 15, 10, 13];-0.007957898400500318;-902.6285714285706;23;7;443;18.06599473953247;0.0004655558504076396;0.2778500012613416;0.0016755654068532635;330422.0;325424.0;86.5;0.07723214285714286
15;100;94;480.0;0.008532285690307617;480.0;1;0.008012056350708008;[1, 3, 2, 13, 7, 11, 14, 15, 4, 8, 9, 6, 5, 10, 12];0.0;-1065.5621567834942;3.3270888328552246;-1073.1571428571424;29;77.07181930541992;[1, 3, 11, 2, 13, 7, 14, 8, 15, 9, 4, 6, 10, 12, 5];-0.007077235728429776;-1073.1571428571422;55;12;608;54.35894465446472;0.0015268848368314991;0.27524917582769987;0.005547282138956509;321864.0;318059.9999999999;65.0;0.05803571428571429
15;100;95;286.0;0.008604049682617188;286.0;1;0.008095979690551758;[11, 3, 9, 14, 4, 15, 13, 12, 1, 2, 8, 7, 6, 10, 5];0.0;-1263.3100805506676;3.022948741912842;-1267.1238095238095;3;52.966015338897705;[3, 9, 14, 11, 4, 15, 13, 12, 2, 1, 8, 7, 6, 10, 5];-0.0030097524365635397;-1267.1238095238093;3;6;372;12.54002833366394;0.0008028154551310562;0.2727884189125151;0.0029429968410371703;321210.0;319686.0;50.5;0.045089285714285714
15;100;96;398.0;0.008758306503295898;398.0;1;0.007746219635009766;[3, 2, 12, 1, 6, 15, 5, 14, 8, 10, 11, 9, 13, 7, 4];0.0;-1116.4564274792483;3.4897449016571045;-1121.3571428571427;7;65.98932719230652;[3, 12, 2, 1, 6, 15, 5, 14, 8, 10, 11, 9, 7, 13, 4];-0.004370343033984425;-1121.3571428571427;7;8;469;35.80450677871704;0.0005466895239433223;0.2701383266408489;0.0020237392107272153;313968.0;312668.0000000007;17.0;0.015178571428571428
15;100;97;362.0;0.008864879608154297;362.0;1;0.008028030395507812;[5, 11, 14, 10, 1, 2, 7, 13, 6, 8, 3, 12, 9, 4, 15];0.0;-1146.2304963203414;3.1397831439971924;-1151.0999999999995;3;62.512269735336304;[5, 11, 14, 10, 8, 1, 2, 7, 13, 6, 3, 12, 4, 15, 9];-0.004230304647431127;-1151.0999999999992;7;8;468;22.91832137107849;0.000734242809170671;0.26855730422740537;0.0027340265843186252;312804.0;311342.0000000001;55.5;0.049553571428571426
15;100;98;286.0;0.008535385131835938;286.0;1;0.008065462112426758;[13, 15, 2, 12, 6, 11, 1, 4, 5, 10, 7, 14, 3, 8, 9];0.0;-1222.24084945711;3.215618133544922;-1226.7095238095237;1;38.360068798065186;[13, 15, 2, 1, 12, 6, 11, 4, 5, 14, 8, 10, 7, 3, 9];-0.003642813775942888;-1226.7095238095235;5;6;377;16.4116313457489;0.0012979668712767012;0.2693892576292266;0.004818183481774746;313210.0;312106.0;60.5;0.054017857142857145
15;100;99;366.0;0.009201765060424805;366.0;1;0.008612871170043945;[13, 12, 1, 2, 10, 6, 11, 7, 5, 4, 9, 14, 8, 15, 3];0.0;-1215.618508783458;2.988546371459961;-1217.109523809522;1;29.389374494552612;[13, 12, 1, 2, 10, 6, 11, 7, 5, 4, 9, 14, 8, 15, 3];-0.001225045895127841;-1217.109523809523;1;5;302;11.032174587249756;0.0;0.27511751239952614;0.0;326770.0;326770.0;0.0;0.0
15;100;100;412.0;0.008421182632446289;412.0;1;0.007975339889526367;[8, 1, 11, 13, 14, 10, 4, 12, 5, 9, 15, 3, 2, 6, 7];0.0;-1199.743214285714;2.8504748344421387;-1202.433333333333;3;30.866544723510742;[8, 1, 11, 13, 14, 4, 5, 10, 12, 9, 15, 3, 2, 6, 7];-0.002237229269219876;-1202.4333333333327;3;6;375;13.36674427986145;7.178925453810159e-05;0.2785145157288192;0.0002577576768314673;333366.0;332886.0;28.0;0.025
16;10;101;146.0;0.010891199111938477;146.0;1;0.010430335998535156;[12, 7, 6, 8, 4, 13, 5, 15, 1, 10, 14, 16, 2, 11, 9, 3];0.0;-85.97916666666664;0.3365609645843506;-85.99583333333332;1;0.4488232135772705;[12, 7, 6, 8, 4, 5, 1, 15, 10, 16, 2, 13, 3, 11, 14, 9];-0.00019380783952727132;-85.9958333333333;1;4;27;0.05424857139587402;0.0032802909187339413;0.31503145191130844;0.010412582295616151;55340.0;53987.99999999972;96.5;0.07095588235294117
16;10;102;190.0;0.01085519790649414;190.0;1;0.009768962860107422;[15, 6, 5, 4, 1, 9, 3, 10, 14, 13, 11, 7, 12, 2, 8, 16];0.0;-51.19930555555548;0.34003734588623047;-51.229166666666714;1;0.5483794212341309;[15, 6, 5, 4, 1, 9, 3, 10, 14, 13, 11, 7, 16, 12, 2, 8];-0.0005828927748430246;-51.229166666666686;1;5;32;0.18780899047851562;0.0017841936661148194;0.31788079470198677;0.005612775907986202;57360.0;57140.00000000009;10.5;0.007720588235294118
16;10;103;192.0;0.010881423950195312;192.0;1;0.010130167007446289;[9, 3, 14, 13, 15, 4, 2, 12, 11, 1, 7, 10, 8, 6, 5, 16];0.0;-51.901666666666706;0.331561803817749;-51.93750000000006;1;0.8765435218811035;[9, 3, 14, 13, 15, 4, 2, 10, 1, 11, 8, 6, 12, 7, 5, 16];-0.0006899318090657358;-51.93749999999994;1;6;30;0.5698187351226807;0.0022974558103775466;0.32011951422539014;0.007176868976378463;58070.0;57308.00000000017;83.5;0.06139705882352941
16;10;104;144.0;0.010938644409179688;144.0;1;0.01045846939086914;[14, 9, 4, 10, 8, 3, 2, 1, 6, 16, 13, 7, 15, 12, 11, 5];0.0;-87.99166666666672;0.33986616134643555;-87.99166666666672;1;0.3715527057647705;[14, 9, 4, 10, 8, 3, 2, 1, 6, 13, 7, 16, 15, 11, 12, 5];0.0;-87.99166666666667;1;3;18;0.026345014572143555;0.0010620741491151886;0.3105143849597943;0.0034203702004102225;55066.0;54936.0;16.5;0.01213235294117647
16;10;105;140.0;0.010809183120727539;140.0;1;0.01029825210571289;[4, 3, 6, 14, 13, 10, 15, 5, 9, 16, 7, 2, 8, 12, 11, 1];0.0;-92.19166666666668;0.334089994430542;-92.19166666666668;1;0.3754384517669678;[3, 13, 10, 5, 4, 6, 15, 9, 14, 16, 7, 2, 8, 11, 12, 1];0.0;-92.19166666666662;1;6;41;0.6337645053863525;0.0065901115376387764;0.3162907779705412;0.02083561076274114;55788.0;54988.00000000006;180.5;0.13272058823529412
16;10;106;174.0;0.010641336441040039;174.0;1;0.010107040405273438;[14, 3, 10, 1, 16, 11, 9, 6, 7, 2, 15, 13, 4, 5, 8, 12];0.0;-88.14471153846148;0.3288242816925049;-88.37916666666666;1;2.4836530685424805;[14, 1, 16, 3, 2, 10, 11, 9, 6, 7, 13, 15, 4, 8, 12, 5];-0.002652832528840854;-88.37916666666663;1;5;35;1.7547070980072021;0.0028382590947867437;0.3333528769021667;0.008514278086220697;62542.0;61230.0;125.5;0.09227941176470589
16;10;107;128.0;0.010877370834350586;128.0;1;0.01013636589050293;[10, 9, 3, 12, 2, 14, 7, 16, 8, 6, 15, 5, 11, 1, 13, 4];0.0;-108.58294223826721;0.3375859260559082;-108.77500000000006;0;6.654843807220459;[10, 9, 3, 12, 2, 14, 6, 7, 15, 11, 1, 16, 5, 4, 8, 13];-0.0017656424889253008;-108.77500000000003;1;6;43;5.261098623275757;0.003488353138702771;0.3160785805383393;0.011036347773903157;56506.0;55600.0;100.5;0.07389705882352941
16;10;108;96.0;0.01082468032836914;96.0;1;0.010454177856445312;[12, 3, 16, 2, 14, 15, 13, 10, 9, 6, 4, 1, 11, 5, 7, 8];0.0;-117.5041666666667;0.34084510803222656;-117.55416666666673;1;1.4330830574035645;[3, 16, 12, 2, 14, 6, 15, 13, 10, 4, 1, 11, 5, 9, 7, 8];-0.00042533583808901376;-117.55416666666672;1;7;35;1.5230488777160645;0.0016618611182662724;0.2969131287122919;0.005597129118115257;50738.0;50538.000000000015;99.5;0.07316176470588236
16;10;109;72.0;0.010806560516357422;72.0;1;0.010607242584228516;[15, 11, 13, 9, 4, 3, 8, 10, 16, 1, 7, 12, 5, 14, 2, 6];0.0;-142.2458333333334;0.33354902267456055;-142.2458333333334;1;0.3730130195617676;[15, 11, 4, 13, 8, 9, 3, 10, 16, 1, 7, 12, 5, 14, 2, 6];0.0;-142.24583333333337;1;4;25;0.06681060791015625;0.0019304216140654251;0.29807180267431316;0.006476364408661264;50936.0;50704.0;51.5;0.03786764705882353
16;10;110;102.0;0.011127233505249023;102.0;1;0.010473489761352539;[8, 7, 13, 1, 2, 4, 15, 10, 14, 9, 5, 12, 3, 16, 11, 6];0.0;-105.70416666666668;0.34169697761535645;-105.92083333333332;1;1.6304874420166016;[8, 2, 7, 13, 1, 4, 15, 10, 14, 5, 9, 12, 3, 16, 11, 6];-0.0020455528893431607;-105.92083333333332;1;5;33;1.3722686767578125;0.0016832324796539622;0.29400596368224646;0.0057251644101789494;49398.0;49198.0;50.5;0.03713235294117647
16;20;111;328.0;0.010600566864013672;328.0;1;0.009855985641479492;[5, 3, 1, 14, 8, 11, 6, 15, 2, 7, 16, 13, 12, 10, 4, 9];0.0;-107.52499999999995;0.6370446681976318;-107.52499999999995;1;0.731034517288208;[5, 3, 1, 14, 8, 6, 11, 15, 2, 7, 16, 13, 12, 10, 4, 9];0.0;-107.5249999999999;1;4;45;0.09482192993164062;0.00011614690924988125;0.29961064621106465;0.00038765948646584487;103114.0;103085.9999999995;11.0;0.008088235294117648
16;20;112;214.0;0.010572433471679688;214.0;1;0.009862899780273438;[4, 3, 15, 14, 2, 1, 13, 7, 16, 12, 5, 11, 8, 6, 10, 9];0.0;-198.21952898550725;0.6557693481445312;-198.83333333333343;1;8.604051113128662;[4, 3, 15, 2, 1, 13, 7, 16, 5, 14, 11, 12, 6, 8, 10, 9];-0.003087029410693276;-198.83333333333337;5;6;72;7.088550329208374;0.0006415667735945041;0.29238493723849374;0.002194253847869011;97832.0;97201.99999999999;88.5;0.06507352941176471
16;20;113;234.0;0.010733842849731445;234.0;1;0.009882211685180664;[10, 5, 14, 1, 8, 7, 6, 2, 15, 16, 11, 9, 4, 13, 12, 3];0.0;-189.76096491228066;0.6493275165557861;-190.09166666666664;1;4.197651147842407;[5, 10, 14, 1, 8, 7, 2, 15, 16, 11, 4, 6, 13, 9, 12, 3];-0.0017396962222751;-190.09166666666667;1;5;72;2.863588333129883;0.0019193696386029524;0.2983435223378883;0.006433421525502989;100824.0;100368.0;71.0;0.05220588235294118
16;20;114;200.0;0.010964155197143555;200.0;1;0.010266304016113281;[8, 1, 15, 3, 6, 14, 5, 10, 9, 2, 7, 12, 4, 16, 11, 13];0.0;-177.27639930034974;0.694936990737915;-178.8916666666666;5;22.869975805282593;[8, 1, 15, 3, 6, 14, 10, 11, 9, 2, 7, 5, 12, 4, 16, 13];-0.009029304698282115;-178.8916666666667;7;9;114;22.379603385925293;0.0004875797758874256;0.2809548267481773;0.001735438331958071;89710.0;89598.0;88.5;0.06507352941176471
16;20;115;130.0;0.010634660720825195;130.0;1;0.01029825210571289;[16, 9, 2, 13, 6, 10, 15, 8, 3, 5, 11, 12, 7, 14, 1, 4];0.0;-287.10896226415093;0.6826705932617188;-287.11249999999995;1;0.833660364151001;[9, 16, 2, 13, 6, 10, 15, 8, 5, 14, 3, 11, 12, 7, 1, 4];-1.2321775781365396e-05;-287.11249999999995;1;5;62;1.1845340728759766;0.002568322043767113;0.29745150247242297;0.008634422830004783;99314.0;98232.00000000274;49.5;0.036397058823529414
16;20;116;186.0;0.010764598846435547;186.0;1;0.010603904724121094;[9, 12, 11, 15, 6, 2, 10, 3, 13, 7, 4, 8, 14, 16, 1, 5];0.0;-236.25952380952384;0.6561753749847412;-236.39166666666665;1;3.8355484008789062;[9, 12, 11, 15, 6, 2, 10, 3, 7, 13, 4, 16, 1, 8, 5, 14];-0.0005589996424414378;-236.39166666666665;1;6;82;2.5055954456329346;0.0025572613435831393;0.3005797967722654;0.008507761902309926;100574.0;98540.00000000033;29.0;0.021323529411764706
16;20;117;202.0;0.010693073272705078;202.0;1;0.01017904281616211;[9, 14, 13, 2, 5, 4, 15, 10, 7, 1, 16, 6, 11, 8, 12, 3];0.0;-211.10728346456685;0.664238691329956;-211.52499999999998;1;6.056216239929199;[9, 14, 2, 5, 4, 15, 6, 10, 7, 13, 1, 16, 8, 12, 3, 11];-0.001974785653861888;-211.52499999999998;1;5;62;3.9803266525268555;0.0018528434347298006;0.2950120960722283;0.006280567676371365;98288.0;96896.0;133.0;0.09779411764705882
16;20;118;130.0;0.01083683967590332;130.0;1;0.010187149047851562;[15, 10, 6, 7, 11, 13, 2, 3, 4, 9, 14, 12, 1, 16, 8, 5];0.0;-254.93163648445258;0.6652390956878662;-255.01249999999777;1;11.107446670532227;[15, 10, 11, 6, 4, 7, 13, 2, 3, 14, 1, 9, 12, 16, 5, 8];-0.0003170962817320433;-255.01249999999996;1;5;67;5.941323518753052;0.002905396295186269;0.28577748561423405;0.010166638176347494;91728.0;90103.99999999959;94.0;0.06911764705882353
16;20;119;194.0;0.010770320892333984;194.0;1;0.01035165786743164;[16, 10, 4, 13, 6, 5, 12, 1, 8, 2, 7, 14, 15, 11, 3, 9];0.0;-224.26805555555555;0.6505663394927979;-224.50416666666666;1;2.590400457382202;[10, 4, 16, 13, 5, 12, 1, 6, 8, 2, 14, 15, 7, 11, 3, 9];-0.0010517003520102985;-224.5041666666667;1;6;71;1.7204744815826416;0.0008924056281047754;0.29684083969123193;0.0030063438340662235;99252.0;99042.0;77.5;0.05698529411764706
16;20;120;150.0;0.010781526565551758;150.0;1;0.01045536994934082;[14, 12, 5, 10, 4, 3, 7, 8, 9, 16, 11, 13, 6, 2, 15, 1];0.0;-240.8367318435754;0.6855158805847168;-241.06249999999994;1;7.366593837738037;[14, 12, 7, 5, 10, 4, 3, 9, 16, 8, 6, 15, 11, 13, 2, 1];-0.0009365544471851006;-241.06250000000006;1;7;86;8.162280082702637;0.004123532348022874;0.2894307331621703;0.014247043853882741;93454.0;91548.000000001;96.5;0.07095588235294117
16;30;121;252.0;0.011016130447387695;252.0;1;0.010262727737426758;[14, 13, 6, 3, 4, 15, 2, 8, 9, 11, 5, 1, 12, 16, 10, 7];0.0;-351.89166666666665;0.9536986351013184;-351.89166666666665;1;1.1295547485351562;[14, 13, 3, 6, 4, 15, 2, 8, 9, 1, 11, 12, 5, 16, 10, 7];0.0;-351.8916666666667;1;4;74;0.09320807456970215;0.0009523107707481993;0.2888844954265402;0.003296510494071705;143196.0;142860.00000000023;33.0;0.02426470588235294
16;30;122;232.0;0.01045370101928711;232.0;1;0.009718894958496094;[15, 14, 16, 6, 3, 1, 10, 2, 8, 4, 5, 12, 7, 13, 9, 11];0.0;-370.91045081967206;0.9678707122802734;-371.25416666666683;1;8.394767761230469;[15, 16, 3, 14, 6, 1, 2, 10, 8, 4, 5, 12, 7, 13, 9, 11];-0.0009258235404624449;-371.2541666666666;1;5;100;3.8550848960876465;0.0002862221255427455;0.2902290383478188;0.0009861939631269035;142822.0;142244.0;53.0;0.03897058823529412
16;30;123;282.0;0.010681867599487305;282.0;1;0.009639739990234375;[5, 9, 14, 11, 6, 8, 12, 15, 7, 2, 3, 13, 10, 1, 16, 4];0.0;-332.18653846153836;0.95701003074646;-332.44999999999993;1;2.8342185020446777;[5, 9, 14, 6, 11, 8, 12, 3, 15, 7, 2, 13, 10, 1, 16, 4];-0.0007924846998392798;-332.4499999999999;1;5;97;1.0646488666534424;0.000725845780454315;0.29240517511383807;0.00248232877606127;145640.0;144906.0;38.5;0.028308823529411765
16;30;124;184.0;0.010280847549438477;184.0;1;0.010111331939697266;[11, 16, 5, 15, 9, 2, 13, 7, 6, 4, 8, 10, 3, 12, 14, 1];0.0;-402.126388888889;0.9598121643066406;-402.54583333333335;1;6.3335654735565186;[11, 16, 5, 15, 9, 2, 13, 7, 3, 6, 4, 8, 10, 12, 14, 1];-0.0010419793467270067;-402.54583333333323;1;5;96;3.7840278148651123;0.0009678841074008959;0.2862270445597433;0.0033815257006536027;139074.0;138737.99999999988;29.0;0.021323529411764706
16;30;125;332.0;0.010707378387451172;332.0;1;0.010313034057617188;[1, 2, 13, 6, 7, 14, 11, 4, 5, 8, 16, 10, 3, 9, 12, 15];0.0;-250.18124999999986;0.9652280807495117;-250.41250000000002;1;5.604918956756592;[1, 2, 13, 6, 7, 14, 4, 8, 16, 5, 10, 3, 9, 12, 11, 15];-0.0009234762641647798;-250.41250000000002;1;4;77;2.3243167400360107;0.0013768533737210653;0.28419808168762145;0.004844696225762862;138224.0;137266.0;82.5;0.06066176470588235
16;30;126;376.0;0.01057291030883789;376.0;1;0.011263132095336914;[7, 1, 3, 15, 13, 4, 8, 14, 6, 2, 11, 5, 10, 9, 16, 12];0.0;-238.9710526315789;0.9563264846801758;-239.39999999999998;1;7.536142349243164;[7, 1, 3, 15, 13, 4, 8, 14, 2, 5, 6, 11, 10, 9, 16, 12];-0.001791760102009432;-239.40000000000006;5;7;119;5.7547032833099365;0.0007309941520468044;0.29258214757077466;0.0024984236328704206;145868.0;145610.0;22.0;0.016176470588235296
16;30;127;246.0;0.010673046112060547;246.0;1;0.010582923889160156;[13, 1, 14, 2, 5, 8, 15, 11, 9, 16, 7, 3, 12, 6, 4, 10];0.0;-337.32465277777777;0.9578831195831299;-337.52499999999986;1;2.6316308975219727;[13, 1, 8, 2, 11, 9, 14, 5, 15, 7, 3, 12, 16, 6, 4, 10];-0.0005935774304780539;-337.5249999999999;1;4;75;0.7663297653198242;0.002479619369797015;0.28596020162751623;0.008671204439234862;138876.0;137536.0;144.0;0.10588235294117647
16;30;128;156.0;0.010930776596069336;156.0;1;0.01024007797241211;[12, 16, 10, 8, 6, 1, 13, 7, 15, 11, 9, 2, 14, 4, 3, 5];0.0;-438.5583333333334;0.9408130645751953;-438.5583333333334;1;1.1246607303619385;[12, 10, 16, 8, 6, 1, 13, 7, 15, 9, 11, 2, 3, 5, 14, 4];0.0;-438.55833333333334;1;4;66;0.14839506149291992;0.0017176916514458629;0.2882824778038575;0.00595836300746156;141244.0;140644.00000000006;36.0;0.026470588235294117
16;30;129;250.0;0.010839462280273438;250.0;1;0.010307550430297852;[9, 15, 10, 1, 5, 8, 13, 7, 12, 2, 6, 14, 16, 3, 11, 4];0.0;-357.2595052083334;0.9485733509063721;-358.3375;3;9.841018676757812;[9, 15, 1, 10, 5, 8, 13, 7, 12, 2, 6, 14, 4, 16, 3, 11];-0.0030083225776441624;-358.3375;5;6;117;5.228826522827148;0.001805306802178941;0.2926360237483629;0.00616912018915115;144566.0;143934.0;24.5;0.01801470588235294
16;30;130;250.0;0.010860919952392578;250.0;1;0.010486125946044922;[5, 10, 16, 14, 2, 11, 4, 1, 13, 3, 7, 6, 8, 12, 15, 9];0.0;-335.82263888888883;1.001786708831787;-336.4041666666667;1;6.686084985733032;[5, 10, 16, 14, 2, 11, 13, 4, 6, 8, 12, 1, 9, 3, 7, 15];-0.0017286580708558708;-336.4041666666667;3;6;120;4.485893487930298;0.003415026694317591;0.28818995939506686;0.011849915595553703;139890.0;137750.0;97.5;0.07169117647058823
16;40;131;304.0;0.010427713394165039;304.0;1;0.010367393493652344;[10, 9, 4, 12, 13, 3, 6, 14, 5, 8, 7, 15, 2, 11, 1, 16];0.0;-451.04949186991865;1.313927173614502;-451.41666666666674;1;5.758788347244263;[10, 9, 3, 14, 4, 8, 12, 13, 6, 5, 7, 15, 2, 11, 1, 16];-0.000813383341513263;-451.41666666666686;1;4;107;1.3833303451538086;0.0009857373402538672;0.2810629435601578;0.0035071764629223813;179086.0;177200.0;134.5;0.09889705882352941
16;40;132;300.0;0.010865926742553711;300.0;1;0.010561227798461914;[9, 3, 13, 10, 14, 11, 4, 6, 8, 15, 7, 2, 1, 5, 12, 16];0.0;-473.8585123697917;1.3686988353729248;-475.1208333333335;1;19.0912983417511;[9, 3, 10, 13, 14, 6, 11, 8, 4, 15, 7, 5, 2, 12, 16, 1];-0.002656841954678524;-475.1208333333333;3;6;148;15.2723708152771;0.0008003288307623091;0.28563521050332036;0.0028019263778861245;183706.0;182381.99999999837;61.0;0.04485294117647059
16;40;133;264.0;0.010367155075073242;264.0;1;0.01058816909790039;[1, 14, 10, 13, 8, 7, 5, 11, 12, 9, 15, 3, 6, 16, 4, 2];0.0;-529.5264792808398;1.353773593902588;-530.4916666666662;1;16.28834342956543;[1, 8, 14, 10, 13, 7, 5, 11, 12, 9, 15, 3, 6, 16, 4, 2];-0.0018194204479990983;-530.4916666666666;3;7;166;18.064666748046875;0.0004500975932761886;0.2894505291656412;0.0015550069802035683;188166.0;187958.0;43.5;0.031985294117647056
16;40;134;238.0;0.011253595352172852;238.0;1;0.010344743728637695;[8, 5, 10, 11, 13, 15, 1, 9, 12, 14, 2, 16, 4, 3, 6, 7];0.0;-530.5769808743169;1.3524699211120605;-531.8875;1;11.149832010269165;[5, 14, 11, 15, 8, 10, 1, 3, 9, 12, 13, 2, 4, 16, 6, 7];-0.002463902847281041;-531.8874999999998;5;5;134;6.068938255310059;0.00110345552351776;0.28583369727023844;0.003860480881211531;182604.0;177797.99999999983;276.0;0.20294117647058824
16;40;135;216.0;0.010624885559082031;216.0;1;0.010029315948486328;[10, 13, 4, 14, 2, 11, 16, 5, 8, 12, 1, 9, 7, 3, 15, 6];0.0;-531.7014076214944;1.3905739784240723;-534.2916666666665;3;38.63113617897034;[10, 13, 4, 14, 2, 11, 16, 5, 8, 12, 1, 7, 3, 9, 15, 6];-0.004848024415825658;-534.2916666666666;13;6;171;13.284038305282593;2.648714269926078e-05;0.2814418175300802;9.411232108899333e-05;177444.0;176954.00000000015;9.5;0.006985294117647059
16;40;136;322.0;0.010747909545898438;322.0;1;0.010536909103393555;[12, 9, 5, 10, 4, 2, 13, 11, 8, 3, 14, 1, 15, 6, 16, 7];0.0;-441.43917457805907;1.3495619297027588;-442.0083333333332;1;10.161882638931274;[9, 4, 12, 5, 10, 2, 11, 13, 8, 3, 14, 1, 15, 6, 7, 16];-0.0012876652143228862;-442.00833333333355;1;4;107;5.179215431213379;0.000889125214109221;0.28315227248563085;0.0031400956323044925;181094.0;180208.0;72.0;0.052941176470588235
16;40;137;338.0;0.010827779769897461;338.0;1;0.010619878768920898;[14, 3, 6, 13, 2, 11, 8, 4, 12, 1, 15, 16, 10, 5, 7, 9];0.0;-443.23750000000007;1.2878015041351318;-443.3458333333334;1;4.266971826553345;[14, 3, 6, 13, 1, 2, 11, 8, 12, 15, 5, 4, 10, 16, 7, 9];-0.00024435401257483225;-443.3458333333333;1;7;147;3.92490291595459;0.0031136840150545186;0.287460508790315;0.010831693119021655;186254.0;182900.0;94.0;0.06911764705882353
16;40;138;312.0;0.01067209243774414;312.0;1;0.010402917861938477;[15, 5, 6, 11, 7, 16, 8, 4, 9, 14, 13, 2, 10, 1, 12, 3];0.0;-514.7090277777778;1.298302173614502;-514.8791666666665;1;5.600260496139526;[15, 5, 6, 11, 7, 16, 8, 4, 9, 14, 13, 2, 10, 1, 12, 3];-0.00033044430597217733;-514.8791666666666;1;4;100;1.683882236480713;0.0;0.2939627262005814;0.0;195666.0;195666.0;0.0;0.0
16;40;139;564.0;0.010537385940551758;564.0;1;0.01058340072631836;[2, 10, 1, 6, 3, 7, 14, 11, 16, 13, 5, 15, 4, 8, 12, 9];0.0;-265.79638429752055;1.3305444717407227;-266.0999999999998;1;7.658613681793213;[2, 10, 1, 3, 7, 11, 6, 16, 14, 13, 5, 8, 15, 4, 12, 9];-0.0011409834741797908;-266.1;1;4;104;2.8262522220611572;0.0008714486352945361;0.29413628212791393;0.0029627376432111176;196836.0;196424.0;67.0;0.04926470588235294
16;40;140;354.0;0.010464906692504883;354.0;1;0.010136604309082031;[6, 15, 2, 7, 11, 4, 3, 8, 1, 10, 9, 12, 14, 5, 16, 13];0.0;-400.79023563589413;1.3462505340576172;-401.88749999999993;7;21.76707649230957;[2, 6, 7, 15, 11, 3, 10, 4, 5, 8, 1, 16, 9, 12, 13, 14];-0.0027302774137185626;-401.88749999999993;15;10;202;29.665956258773804;0.0010970036442463638;0.28249848316510257;0.0038832195909711638;179258.0;176846.00000000003;140.0;0.10294117647058823
16;50;141;368.0;0.010571956634521484;368.0;1;0.010354995727539062;[5, 8, 4, 7, 13, 11, 10, 12, 14, 6, 15, 16, 2, 3, 1, 9];0.0;-584.3312500000001;1.690953016281128;-585.6916666666666;1;10.346622228622437;[5, 8, 4, 7, 13, 11, 10, 12, 14, 6, 15, 2, 16, 3, 1, 9];-0.0023227523014097695;-585.6916666666667;1;6;179;8.456013917922974;0.00014978559759226684;0.28214041871015666;0.0005308902505958986;225626.0;225540.0;5.0;0.003676470588235294
16;50;142;276.0;0.010638236999511719;276.0;1;0.010497808456420898;[12, 7, 3, 6, 2, 8, 13, 11, 4, 15, 9, 10, 5, 14, 1, 16];0.0;-627.4173109147689;1.8656315803527832;-630.2583333333334;3;42.58588004112244;[7, 12, 3, 2, 8, 13, 11, 4, 10, 6, 5, 15, 9, 14, 1, 16];-0.004507710994535841;-630.2583333333334;7;7;227;17.380969524383545;0.0013228404540924776;0.2762739917551633;0.004788146888849355;214992.0;213290.0;113.5;0.08345588235294117
16;50;143;218.0;0.010702133178710938;218.0;1;0.010851860046386719;[11, 4, 9, 8, 16, 13, 10, 6, 15, 14, 2, 3, 7, 12, 1, 5];0.0;-694.7639672856393;1.9850261211395264;-697.7958333333332;11;48.35498332977295;[11, 4, 9, 8, 16, 13, 6, 2, 3, 10, 7, 12, 15, 14, 1, 5];-0.004344918531844599;-697.7958333333333;21;7;218;21.93645453453064;0.0011969882919582453;0.2792073989806477;0.0042870937386627435;217208.0;213668.0;86.5;0.06360294117647058
16;50;144;244.0;0.010729551315307617;244.0;1;0.010619640350341797;[9, 16, 4, 11, 13, 8, 6, 1, 14, 3, 12, 15, 5, 10, 7, 2];0.0;-709.3849966666667;1.7045111656188965;-710.8875000000024;1;15.223511219024658;[9, 16, 4, 11, 13, 8, 1, 15, 14, 3, 12, 5, 10, 6, 7, 2];-0.002113559928027642;-710.8875;9;7;222;12.170613288879395;0.001114774771950211;0.2831062101450997;0.003937655664207643;226466.0;223436.0;83.5;0.06139705882352941
16;50;145;340.0;0.010684490203857422;340.0;1;0.010457754135131836;[3, 7, 5, 4, 2, 10, 16, 11, 14, 15, 9, 6, 12, 1, 13, 8];0.0;-589.5714285714286;1.7379212379455566;-590.3666666666668;1;6.744198799133301;[3, 7, 5, 4, 2, 10, 16, 11, 14, 15, 9, 6, 12, 1, 13, 8];-0.0013470240447827075;-590.3666666666666;1;4;124;2.809331178665161;0.0;0.279096498194671;0.0;219990.0;219990.0;0.0;0.0
16;50;146;396.0;0.010907888412475586;396.0;1;0.010827302932739258;[5, 1, 2, 7, 10, 9, 14, 4, 6, 11, 3, 15, 16, 12, 8, 13];0.0;-508.79411678403767;1.772085428237915;-509.5041666666666;1;13.200599431991577;[5, 1, 2, 7, 9, 10, 14, 4, 11, 15, 6, 16, 12, 8, 13, 3];-0.0013936095700145534;-509.5041666666665;3;6;173;8.150572538375854;0.0010568608765958443;0.27456959792470664;0.0038491547665290317;214650.0;212616.0;53.0;0.03897058823529412
16;50;147;332.0;0.010808229446411133;332.0;1;0.010642051696777344;[7, 12, 13, 1, 9, 6, 5, 2, 8, 3, 16, 15, 14, 4, 10, 11];0.0;-573.0838854166666;1.8216381072998047;-574.975;1;22.609381675720215;[7, 12, 13, 1, 6, 5, 2, 8, 3, 16, 15, 14, 9, 4, 10, 11];-0.0032890379291854455;-574.9749999999998;1;7;225;14.25063943862915;0.0009712075938509424;0.27606843534165015;0.003517995792054309;214964.0;212982.0;82.0;0.060294117647058824
16;50;148;180.0;0.010477304458618164;180.0;1;0.010350942611694336;[5, 8, 3, 16, 15, 13, 10, 11, 9, 2, 14, 6, 4, 12, 7, 1];0.0;-710.159251968504;1.8580968379974365;-712.0000000000002;3;43.05453324317932;[5, 3, 15, 16, 11, 8, 6, 9, 13, 2, 14, 10, 4, 1, 12, 7];-0.0025853202689554156;-711.9999999999998;7;8;237;26.635551691055298;0.0035215283718290635;0.27569206057230206;0.012773412351878444;212826.0;208937.99999999983;180.5;0.13272058823529412
16;50;149;334.0;0.010643482208251953;334.0;1;0.010665655136108398;[4, 10, 6, 3, 9, 5, 16, 7, 15, 11, 12, 2, 14, 1, 8, 13];0.0;-571.2204501915708;1.7610347270965576;-573.3458333333333;1;20.456128358840942;[4, 10, 6, 3, 9, 5, 16, 7, 15, 11, 2, 12, 14, 1, 8, 13];-0.003706982798507341;-573.3458333333331;3;6;189;10.927367925643921;0.0001061276326252969;0.27512736309349023;0.0003857400130325604;214560.0;214500.0000000017;6.0;0.004411764705882353
16;50;150;368.0;0.010684967041015625;368.0;1;0.01058340072631836;[4, 6, 10, 15, 2, 13, 14, 9, 16, 1, 7, 5, 12, 8, 11, 3];0.0;-553.6835122950472;1.7854900360107422;-557.2458333333334;3;53.89050221443176;[4, 6, 10, 2, 3, 15, 13, 9, 14, 16, 1, 7, 5, 12, 8, 11];-0.006392727993993486;-557.2458333333333;5;7;230;17.716142892837524;0.0024756435706235758;0.27958171694147976;0.00885481210182911;220172.0;218286.0;127.5;0.09375
16;60;151;438.0;0.010931730270385742;438.0;1;0.010161638259887695;[3, 16, 9, 2, 12, 13, 1, 4, 7, 5, 8, 6, 15, 14, 11, 10];0.0;-666.1446428571428;2.0115184783935547;-666.4208333333338;1;7.594611406326294;[3, 16, 9, 2, 4, 12, 13, 7, 11, 1, 5, 6, 8, 15, 14, 10];-0.0004144385384975413;-666.4208333333333;1;5;204;3.6201705932617188;0.0023372076101821904;0.279058996984346;0.008375317174644964;262712.0;258732.00000000076;91.0;0.06691176470588235
16;60;152;548.0;0.010722160339355469;548.0;1;0.010074615478515625;[15, 1, 3, 2, 10, 4, 8, 7, 6, 16, 11, 14, 5, 13, 12, 9];0.0;-594.0399382866849;2.110567808151245;-595.3500000000004;1;24.46300768852234;[15, 1, 3, 2, 8, 10, 4, 7, 6, 16, 5, 11, 14, 13, 9, 12];-0.0022004899862525518;-595.35;1;6;226;14.643604516983032;0.0017199260723304022;0.28393962014808494;0.006057365546355938;271582.0;269923.9999999999;37.0;0.027205882352941177
16;60;153;376.0;0.01075601577758789;376.0;1;0.01068878173828125;[11, 2, 16, 3, 14, 8, 1, 9, 13, 7, 4, 12, 15, 6, 5, 10];0.0;-746.6217074592073;2.0648560523986816;-747.7875000000001;1;16.4320011138916;[11, 16, 3, 14, 8, 2, 1, 9, 13, 7, 4, 12, 15, 6, 5, 10];-0.0015589890721533495;-747.7874999999999;3;7;236;12.528311491012573;0.0007854964528093422;0.28085048934040563;0.0027968491514973968;266278.0;264786.0;57.0;0.04191176470588235
16;60;154;294.0;0.010752677917480469;294.0;1;0.010610103607177734;[13, 2, 5, 11, 1, 8, 4, 15, 16, 9, 3, 7, 14, 10, 12, 6];0.0;-761.0006359229583;2.311840295791626;-763.8583333333331;3;41.79075527191162;[13, 2, 5, 11, 1, 8, 4, 15, 16, 9, 3, 7, 14, 10, 6, 12];-0.0037411353462681873;-763.8583333333333;7;6;235;13.214767217636108;0.0004222960414191901;0.2713269885316626;0.0015564100117888202;250310.0;250026.00000000093;2.0;0.0014705882352941176
16;60;155;336.0;0.010838985443115234;336.0;1;0.014694452285766602;[9, 7, 10, 2, 5, 6, 14, 1, 3, 13, 15, 8, 12, 4, 11, 16];0.0;-725.2358248503075;2.200468063354492;-728.6666666666667;3;61.11449909210205;[9, 5, 15, 6, 10, 14, 1, 2, 3, 4, 12, 7, 13, 8, 11, 16];-0.004708383096558855;-728.6666666666669;5;5;218;11.842373847961426;0.0028935460824005554;0.27460866100123876;0.010536980413693152;253600.0;247354.0;321.5;0.2363970588235294
16;60;156;550.0;0.010621309280395508;550.0;1;0.010215520858764648;[8, 14, 11, 1, 7, 3, 15, 4, 10, 5, 12, 6, 2, 13, 9, 16];0.0;-622.5045833333334;1.9121854305267334;-623.1125;1;6.685258388519287;[8, 14, 11, 1, 3, 15, 7, 4, 12, 6, 10, 5, 2, 13, 9, 16];-0.0009756130179808808;-623.1124999999998;1;6;196;3.030144214630127;0.0009695668546623182;0.2865897572479932;0.0033831176102477665;278158.0;277008.0000000015;53.5;0.039338235294117646
16;60;157;280.0;0.010827064514160156;280.0;1;0.010941505432128906;[10, 12, 8, 1, 2, 5, 15, 14, 9, 7, 16, 11, 6, 3, 4, 13];0.0;-805.9576324707333;2.1888821125030518;-808.7625000000002;1;26.649699449539185;[10, 8, 12, 2, 15, 14, 16, 9, 11, 1, 5, 7, 6, 3, 4, 13];-0.0034680979017533975;-808.7624999999997;5;7;261;21.469465732574463;0.0012975606742025025;0.27559360123954374;0.0047082394814917106;258264.0;256425.99999999965;163.0;0.11985294117647059
16;60;158;264.0;0.010811567306518555;264.0;1;0.010647773742675781;[10, 13, 11, 9, 14, 5, 7, 1, 6, 15, 12, 8, 4, 2, 16, 3];0.0;-865.1227619047619;2.038118362426758;-865.4124999999997;1;14.907921075820923;[10, 13, 11, 9, 5, 14, 7, 1, 6, 15, 12, 8, 4, 2, 16, 3];-0.0003347976776829631;-865.4124999999998;1;6;192;8.286942481994629;0.00011914777375154895;0.2796490673444414;0.00042606175977263547;267144.0;267062.00000000035;12.0;0.008823529411764706
16;60;159;474.0;0.010649919509887695;474.0;1;0.010581016540527344;[2, 9, 16, 5, 10, 1, 12, 4, 7, 8, 3, 11, 14, 13, 6, 15];0.0;-636.999074074074;1.964637279510498;-638.2249999999995;1;8.934010982513428;[2, 9, 16, 5, 10, 1, 4, 8, 12, 11, 7, 14, 3, 13, 6, 15];-0.0019208365794594062;-638.2249999999998;3;6;213;8.18034553527832;0.0010901003068104487;0.2789280410879507;0.003908177544855455;263722.0;262500.0;47.5;0.034926470588235295
16;60;160;384.0;0.011173248291015625;384.0;1;0.010813713073730469;[6, 16, 15, 5, 13, 9, 14, 2, 8, 3, 11, 1, 10, 7, 12, 4];0.0;-785.6636137316561;2.036919116973877;-787.0625;1;20.61289954185486;[6, 16, 5, 15, 14, 13, 9, 2, 8, 3, 11, 1, 10, 7, 12, 4];-0.0017773509325420545;-787.0624999999999;3;5;192;7.285727024078369;0.0005033862179837367;0.28761516645668395;0.0017502074879613444;277366.0;276064.0;37.5;0.027573529411764705
16;70;161;408.0;0.010785818099975586;408.0;1;0.010692596435546875;[6, 15, 11, 5, 16, 1, 3, 12, 4, 7, 9, 10, 14, 13, 8, 2];0.0;-880.8549369628322;2.572760581970215;-886.3208333333334;51;76.7810709476471;[6, 15, 5, 16, 11, 7, 1, 14, 3, 12, 4, 9, 2, 10, 13, 8];-0.006166950121148318;-886.3208333333329;71;10;450;42.87393832206726;0.0014601804004858998;0.27985100120521766;0.005217706544544874;307200.0;304610.0000000026;121.0;0.08897058823529412
16;70;162;528.0;0.012097358703613281;528.0;1;0.011474370956420898;[8, 9, 2, 11, 4, 3, 7, 5, 16, 10, 13, 15, 1, 14, 6, 12];0.0;-743.1334935897436;2.4620814323425293;-745.0291666666662;3;21.251107931137085;[8, 9, 2, 11, 4, 3, 16, 7, 14, 5, 6, 10, 13, 15, 1, 12];-0.0025444280059585545;-745.0291666666662;9;8;305;9.857293844223022;0.00017140703751927777;0.2751180804491306;0.0006230307991370672;301084.0;298080.0;78.0;0.057352941176470586
16;70;163;352.0;0.01103663444519043;352.0;1;0.010444879531860352;[8, 2, 11, 12, 1, 15, 3, 14, 5, 6, 16, 4, 7, 13, 9, 10];0.0;-849.4428368791367;2.92177677154541;-854.7416666666667;19;71.55928754806519;[8, 2, 11, 15, 12, 1, 3, 14, 5, 6, 4, 7, 13, 9, 16, 10];-0.006199334833171699;-854.7416666666669;27;9;391;30.387057065963745;0.0007877035866250548;0.26907230472001176;0.0029274792418517936;285786.0;284695.9999999999;46.5;0.03419117647058824
16;70;164;542.0;0.010638236999511719;542.0;1;0.010690927505493164;[6, 7, 2, 9, 16, 12, 11, 3, 4, 13, 5, 10, 14, 8, 1, 15];0.0;-757.1762532516801;2.401123285293579;-759.8958333333326;3;40.377811431884766;[6, 2, 7, 9, 16, 12, 11, 3, 4, 5, 13, 10, 14, 8, 1, 15];-0.0035788853713315527;-759.8958333333331;5;9;349;36.58841276168823;0.000340841452335483;0.2786084588096248;0.0012233707971098697;308100.0;307828.0;22.0;0.016176470588235296
16;70;165;342.0;0.011000871658325195;342.0;1;0.010464191436767578;[7, 16, 13, 1, 6, 15, 5, 2, 8, 12, 4, 10, 11, 3, 14, 9];0.0;-890.4334144051887;2.83211088180542;-891.8583333333336;1;37.42001461982727;[7, 16, 13, 1, 6, 15, 5, 2, 8, 12, 4, 10, 11, 3, 14, 9];-0.001597696489328282;-891.8583333333331;1;5;217;10.30085039138794;-1.3322676295501878e-15;0.27152148936843734;-4.906674726369027e-15;291632.0;291632.00000000105;0.0;0.0
16;70;166;358.0;0.010889768600463867;358.0;1;0.010738134384155273;[12, 5, 9, 8, 13, 7, 2, 10, 4, 3, 14, 6, 16, 1, 11, 15];0.0;-906.0353041402435;2.6217548847198486;-909.9333333333332;3;57.78118419647217;[12, 5, 13, 9, 8, 7, 10, 4, 3, 14, 1, 2, 6, 16, 11, 15];-0.004283862399908078;-909.933333333333;7;7;304;19.45833468437195;0.0014032398855119421;0.2765421976454324;0.005074234230651125;300858.0;298795.9999999965;83.0;0.06102941176470588
16;70;167;230.0;0.010364532470703125;230.0;1;0.010618448257446289;[13, 8, 11, 3, 15, 12, 1, 16, 9, 2, 4, 14, 5, 10, 6, 7];0.0;-1024.0842803030305;2.4214773178100586;-1025.9125000000001;1;19.801007747650146;[9, 13, 8, 11, 3, 15, 12, 1, 16, 2, 4, 14, 5, 10, 6, 7];-0.001782042520165894;-1025.9125000000001;1;5;235;4.1203765869140625;0.00029407999229302817;0.2736362991664034;0.0010747111884969345;297108.0;296398.0;114.0;0.0838235294117647
16;70;168;304.0;0.01109766960144043;304.0;1;0.010915756225585938;[2, 5, 14, 13, 15, 3, 4, 11, 8, 10, 1, 7, 12, 6, 16, 9];0.0;-913.6742824267931;2.9699339866638184;-917.6541666666666;12;68.37296175956726;[2, 5, 14, 13, 15, 3, 4, 11, 8, 10, 1, 7, 16, 12, 6, 9];-0.004337019744954929;-917.6541666666666;19;6;293;12.463261842727661;0.00031384937545264613;0.27104266731946514;0.0011579334669206407;288980.0;288258.0;7.5;0.0055147058823529415
16;70;169;294.0;0.01073455810546875;294.0;1;0.010947227478027344;[5, 12, 14, 15, 9, 8, 16, 7, 1, 4, 3, 6, 10, 13, 2, 11];0.0;-985.6130974601085;2.5980992317199707;-986.6083333333331;1;17.46300959587097;[5, 12, 14, 15, 9, 8, 16, 7, 1, 4, 3, 6, 10, 13, 2, 11];-0.001008744645265791;-986.6083333333335;3;5;232;8.567376613616943;0.0;0.27708591865347376;0.0;302774.0;302774.0;0.0;0.0
16;70;170;468.0;0.010395050048828125;468.0;1;0.010222911834716797;[5, 15, 10, 6, 12, 1, 11, 14, 7, 2, 16, 13, 9, 3, 4, 8];0.0;-858.3358333333333;2.265795946121216;-858.6125;1;5.958853721618652;[5, 10, 6, 12, 1, 11, 2, 15, 14, 7, 3, 16, 13, 9, 4, 8];-0.00032222529565628655;-858.6125000000002;1;4;182;1.550476312637329;0.0020519639960007163;0.28236813099735236;0.0072669815419784635;315362.0;313714.0;117.5;0.08639705882352941
16;80;171;604.0;0.010543107986450195;604.0;1;0.010347127914428711;[5, 15, 8, 7, 3, 2, 4, 11, 10, 6, 9, 1, 16, 13, 12, 14];0.0;-864.7992424242425;3.022230863571167;-865.1833333333327;1;19.189035177230835;[5, 15, 8, 7, 3, 2, 4, 11, 10, 6, 9, 1, 16, 13, 12, 14];-0.0004439416413749564;-865.1833333333335;1;4;206;4.296335220336914;0.0;0.27779803718347346;0.0;347372.0;347372.0;0.0;0.0
16;80;172;286.0;0.010679006576538086;286.0;1;0.01483917236328125;[10, 16, 15, 5, 3, 13, 2, 12, 7, 9, 6, 11, 14, 4, 1, 8];0.0;-1136.7680796145462;3.238957405090332;-1143.1208333333334;15;103.88005065917969;[10, 15, 16, 5, 12, 3, 13, 11, 4, 1, 2, 8, 7, 6, 9, 14];-0.005557377254915896;-1143.1208333333334;33;11;476;53.83607053756714;0.0012003772614249675;0.274216765692804;0.00437747582060577;338896.0;335906.0;183.0;0.13455882352941176
16;80;173;654.0;0.010397911071777344;654.0;1;0.010206937789916992;[10, 3, 4, 5, 6, 2, 15, 9, 12, 8, 1, 13, 14, 7, 11, 16];0.0;-809.3030303030303;2.8240432739257812;-812.9833333333331;5;52.719056367874146;[3, 10, 4, 5, 6, 2, 15, 8, 9, 12, 1, 13, 14, 7, 11, 16];-0.0045269107980518974;-812.9833333333332;15;10;417;32.39183163642883;0.00025178791506352827;0.27712798236928676;0.0009085618597980784;347064.0;345880.0;33.5;0.02463235294117647
16;80;174;456.0;0.010554790496826172;456.0;1;0.010393142700195312;[2, 16, 14, 4, 10, 5, 8, 6, 3, 15, 1, 12, 11, 7, 13, 9];0.0;-1037.4600574712645;2.8325157165527344;-1038.4500000000005;1;17.30549907684326;[2, 16, 14, 10, 5, 15, 4, 8, 6, 3, 1, 12, 11, 7, 13, 9];-0.0009532885827300275;-1038.4499999999998;1;5;264;6.387328863143921;0.0004700961720122132;0.2799486007633926;0.0016792231528584413;353808.0;353379.9999999978;67.5;0.04963235294117647
16;80;175;200.0;0.010699033737182617;200.0;1;0.010846853256225586;[10, 16, 12, 6, 3, 11, 15, 5, 4, 14, 13, 7, 8, 1, 2, 9];0.0;-1233.0661877394637;3.122054100036621;-1235.5749999999996;3;41.11186671257019;[10, 16, 12, 13, 3, 11, 6, 15, 4, 5, 14, 7, 8, 1, 2, 9];-0.002030481565696851;-1235.5749999999998;9;7;357;23.07659339904785;0.0006813763802882011;0.2747155248064308;0.0024802980492941214;339972.0;338882.0;113.5;0.08345588235294117
16;80;176;624.0;0.010575056076049805;624.0;1;0.010361909866333008;[8, 3, 4, 7, 1, 15, 5, 13, 6, 16, 14, 2, 12, 11, 10, 9];0.0;-839.38854962845;2.953150987625122;-840.195833333333;1;22.905900955200195;[4, 7, 8, 1, 3, 15, 5, 13, 6, 16, 2, 9, 14, 12, 11, 10];-0.0009608280270566594;-840.1958333333332;1;5;252;13.367126226425171;0.0012497327145235548;0.27812055814698405;0.004493492760298155;347310.0;345704.0;99.5;0.07316176470588236
16;80;177;426.0;0.010799407958984375;426.0;1;0.010699033737182617;[9, 1, 12, 2, 5, 15, 16, 10, 11, 3, 4, 7, 14, 6, 8, 13];0.0;-993.7022306397308;3.050464391708374;-999.1000000000001;3;79.33866548538208;[9, 1, 12, 2, 5, 16, 10, 15, 11, 3, 4, 7, 14, 6, 8, 13];-0.005402631728825269;-999.0999999999999;7;6;328;16.114465475082397;0.00021373801063351294;0.27287977512079487;0.0007832680547281241;337048.0;335900.0;21.5;0.015808823529411764
16;80;178;354.0;0.010704755783081055;354.0;1;0.010528087615966797;[9, 10, 6, 2, 1, 7, 4, 15, 13, 16, 8, 12, 5, 14, 3, 11];0.0;-1024.5786137589062;3.283437728881836;-1030.1499999999994;3;70.94736790657043;[9, 10, 7, 6, 2, 4, 15, 13, 16, 8, 12, 5, 14, 1, 3, 11];-0.005408325235250477;-1030.1499999999996;7;7;361;18.720390796661377;0.0013073304850600431;0.26963052766976653;0.004848599661019145;328266.0;326624.0;118.5;0.08713235294117647
16;80;179;336.0;0.010823249816894531;336.0;1;0.010695457458496094;[1, 15, 9, 7, 16, 6, 12, 3, 10, 5, 8, 4, 11, 2, 13, 14];0.0;-1091.6635865288501;3.115679979324341;-1096.275;9;72.45432615280151;[9, 7, 16, 3, 6, 12, 10, 1, 15, 5, 8, 4, 11, 2, 13, 14];-0.0042064385953797245;-1096.275;11;8;396;26.748318195343018;0.0010635279187253266;0.2752136225620442;0.0038643723694511698;339536.0;332847.9999999988;223.0;0.16397058823529412
16;80;180;446.0;0.010730981826782227;446.0;1;0.010493993759155273;[9, 16, 4, 13, 2, 8, 5, 1, 10, 3, 15, 6, 11, 12, 7, 14];0.0;-990.1415805785124;2.9822587966918945;-991.575;1;26.83424162864685;[9, 16, 4, 13, 2, 8, 14, 5, 1, 10, 3, 15, 6, 11, 12, 7];-0.0014455985896050239;-991.575;1;8;357;14.720406293869019;0.0009026013147743761;0.274833918806184;0.0032841700132759115;340644.0;339832.0;72.0;0.052941176470588235
16;90;181;402.0;0.010662555694580078;402.0;1;0.010465145111083984;[6, 7, 15, 5, 12, 3, 14, 4, 2, 10, 16, 9, 13, 8, 11, 1];0.0;-1211.6286170384737;3.3356361389160156;-1213.8583333333331;3;37.02717995643616;[6, 7, 15, 4, 5, 12, 3, 14, 2, 10, 16, 9, 13, 8, 11, 1];-0.0018368834596508288;-1213.8583333333333;3;7;386;18.045989274978638;0.000826581925540415;0.2747382245921758;0.0030086163902653213;382812.0;381020.0;49.0;0.03602941176470588
16;90;182;424.0;0.011295080184936523;424.0;1;0.010534524917602539;[16, 11, 7, 1, 10, 3, 9, 6, 2, 4, 12, 5, 14, 15, 13, 8];0.0;-1172.4156191806333;3.6983821392059326;-1175.7458333333334;1;47.14509057998657;[16, 11, 7, 1, 12, 10, 3, 6, 5, 9, 2, 14, 4, 15, 13, 8];-0.002832426922797393;-1175.745833333333;5;7;360;16.54207491874695;0.00048536881565008905;0.2736671988643879;0.001773573222016304;378638.0;372892.0;104.5;0.07683823529411765
16;90;183;294.0;0.01076364517211914;294.0;1;0.010497093200683594;[15, 10, 12, 14, 4, 13, 9, 6, 11, 1, 2, 5, 8, 3, 16, 7];0.0;-1295.6817313626057;4.058437824249268;-1299.670833333333;3;87.1711094379425;[15, 10, 12, 14, 4, 9, 13, 6, 11, 1, 2, 5, 8, 3, 16, 7];-0.003069317144323569;-1299.6708333333333;5;7;401;24.13001823425293;0.00013526429748522695;0.27264590992065185;0.0004961170975372156;376834.0;376698.0000000007;11.0;0.008088235294117648
16;90;184;528.0;0.010689258575439453;528.0;1;0.010129690170288086;[4, 1, 5, 16, 3, 14, 12, 13, 6, 11, 8, 15, 9, 10, 2, 7];0.0;-1074.976133786848;3.256706476211548;-1076.45;1;25.143086433410645;[4, 1, 5, 16, 3, 14, 12, 13, 6, 11, 8, 15, 9, 10, 2, 7];-0.00136919152134507;-1076.4499999999996;1;5;298;10.158384799957275;0.0;0.27198373981407503;0.0;379234.0;379234.0;0.0;0.0
16;90;185;376.0;0.010631561279296875;376.0;1;0.010441303253173828;[11, 6, 3, 14, 4, 12, 1, 7, 10, 15, 16, 5, 2, 8, 13, 9];0.0;-1204.5649050159086;3.6806142330169678;-1210.425;3;74.61291551589966;[3, 11, 14, 4, 12, 6, 1, 7, 10, 15, 16, 8, 5, 2, 13, 9];-0.004841353230552348;-1210.4249999999997;7;7;404;20.195831298828125;0.0011624926226430077;0.27227924888882454;0.004269486666307317;376132.0;374484.0;83.0;0.06102941176470588
16;90;186;554.0;0.010633468627929688;554.0;1;0.010708808898925781;[3, 4, 1, 10, 13, 16, 14, 7, 9, 6, 8, 15, 11, 2, 5, 12];0.0;-1058.885642742674;3.3562726974487305;-1063.9166666666667;5;74.54122018814087;[3, 4, 1, 7, 10, 8, 13, 16, 9, 14, 6, 11, 15, 2, 5, 12];-0.0047287763051548914;-1063.9166666666665;8;7;421;20.053128480911255;0.0010005349394728302;0.27550548301071315;0.0036316334925135555;383486.0;381041.9999999979;114.5;0.08419117647058824
16;90;187;488.0;0.01063227653503418;488.0;1;0.010473012924194336;[16, 10, 2, 13, 7, 1, 11, 4, 15, 3, 12, 9, 8, 14, 6, 5];0.0;-1146.9150982014085;3.637641429901123;-1150.9833333333331;5;71.80291676521301;[16, 10, 2, 7, 1, 6, 11, 15, 13, 4, 3, 12, 9, 8, 14, 5];-0.003534573450462375;-1150.983333333333;3;8;439;24.931496620178223;0.0006764748932870379;0.2775491410153379;0.002437315751770439;388188.0;382724.0;139.0;0.10220588235294117
16;90;188;560.0;0.010412216186523438;560.0;1;0.00999307632446289;[8, 15, 2, 7, 16, 4, 6, 5, 3, 9, 14, 11, 12, 1, 13, 10];0.0;-1057.8298681257015;3.191138505935669;-1059.9958333333327;1;29.656074047088623;[8, 15, 2, 7, 16, 4, 6, 5, 3, 9, 11, 12, 14, 1, 13, 10];-0.0020433714355461152;-1059.9958333333332;5;5;261;11.18036413192749;2.752218730617262e-05;0.27348977112777895;0.000100633333351666;382968.0;382940.0;11.5;0.008455882352941176
16;90;189;220.0;0.010780572891235352;220.0;1;0.010830879211425781;[15, 6, 13, 2, 12, 9, 11, 14, 8, 16, 10, 1, 4, 7, 5, 3];0.0;-1400.6386682954073;3.5845513343811035;-1403.6708333333327;3;62.54695534706116;[2, 15, 12, 6, 11, 14, 13, 8, 9, 16, 10, 1, 4, 7, 3, 5];-0.0021601681576048914;-1403.670833333333;5;7;375;20.272350072860718;0.0009933522571555775;0.27596418955014645;0.003599569417955484;384850.0;380500.0;135.0;0.09926470588235294
16;90;190;314.0;0.010653018951416016;314.0;1;0.010326862335205078;[8, 6, 13, 15, 11, 16, 7, 5, 2, 12, 14, 10, 9, 1, 3, 4];0.0;-1360.9235544217686;3.116091012954712;-1363.358333333333;1;24.46606993675232;[8, 6, 13, 15, 11, 16, 5, 12, 14, 7, 2, 10, 9, 1, 3, 4];-0.0017858686539227175;-1363.3583333333331;3;6;316;7.948311805725098;0.00036438248859604894;0.2789770387475527;0.0013061379181308894;396986.0;396134.0;45.0;0.03308823529411765
16;100;191;514.0;0.010731220245361328;514.0;1;0.010643959045410156;[16, 3, 5, 7, 10, 1, 12, 6, 8, 4, 11, 2, 13, 14, 15, 9];0.0;-1246.0597415123457;3.7880516052246094;-1250.7374999999995;3;74.54124283790588;[16, 3, 5, 7, 1, 10, 12, 6, 8, 4, 11, 2, 13, 14, 15, 9];-0.0037400001900109725;-1250.7374999999997;7;7;405;19.043554544448853;0.00013774806951449836;0.2718186538049387;0.000506764593181116;417268.0;417114.0;12.0;0.008823529411764706
16;100;192;342.0;0.010629653930664062;342.0;1;0.01036214828491211;[15, 13, 12, 7, 3, 11, 9, 10, 6, 8, 1, 14, 4, 5, 16, 2];0.0;-1466.9021325459319;3.8726844787597656;-1469.5583333333338;1;37.4465537071228;[15, 13, 7, 9, 12, 3, 11, 10, 8, 6, 1, 14, 4, 5, 16, 2];-0.0018074823755903635;-1469.5583333333327;3;6;357;14.8213529586792;0.0005898520572859001;0.27602449970334203;0.002136955443882137;428936.0;427316.0000000011;60.0;0.04411764705882353
16;100;193;334.0;0.01056671142578125;334.0;1;0.010628938674926758;[16, 15, 13, 5, 3, 4, 11, 9, 2, 14, 8, 1, 10, 7, 6, 12];0.0;-1435.9508966842116;4.008615016937256;-1440.5916666666676;5;97.5374915599823;[4, 16, 5, 11, 15, 13, 2, 14, 3, 9, 8, 10, 7, 1, 6, 12];-0.0032214333109354953;-1440.591666666666;11;8;483;27.242254734039307;0.001182968822872832;0.2734730113174782;0.004325724199158757;420788.0;416596.00000000175;193.0;0.14191176470588235
16;100;194;618.0;0.010841131210327148;618.0;1;0.010570287704467773;[10, 6, 3, 7, 4, 2, 8, 1, 5, 12, 16, 14, 15, 9, 11, 13];0.0;-1125.7608995214778;3.901582717895508;-1128.0458333333331;3;45.69696092605591;[6, 10, 3, 7, 4, 2, 8, 1, 5, 12, 16, 14, 9, 11, 15, 13];-0.0020255682387509966;-1128.045833333333;7;7;400;18.217231035232544;0.0004237329802820877;0.269787294623493;0.0015706187382672587;413118.0;412166.0;23.5;0.017279411764705883
16;100;195;172.0;0.01056671142578125;172.0;1;0.010515451431274414;[10, 14, 13, 7, 16, 15, 9, 12, 6, 1, 8, 5, 4, 2, 11, 3];0.0;-1537.3861499650466;4.151152849197388;-1542.7624999999996;5;82.80601286888123;[10, 14, 7, 16, 13, 15, 9, 12, 6, 1, 5, 4, 2, 8, 3, 11];-0.003484885090837442;-1542.7624999999996;19;8;457;31.11150574684143;0.0003741892192128393;0.2673895287398982;0.001399416128882257;405612.0;403284.0;46.0;0.033823529411764704
16;100;196;582.0;0.01059103012084961;582.0;1;0.010293722152709961;[15, 7, 1, 3, 2, 9, 5, 6, 4, 14, 13, 10, 16, 8, 11, 12];0.0;-1155.4133117337392;4.3501386642456055;-1162.0958333333333;29;167.3944697380066;[15, 7, 3, 2, 9, 1, 5, 6, 4, 14, 13, 10, 16, 8, 11, 12];-0.005750404921792129;-1162.0958333333328;33;7;410;32.87326717376709;9.122316853837908e-05;0.2694095406376587;0.00033860407587075515;412282.0;411224.0;40.5;0.02977941176470588
16;100;197;428.0;0.010691642761230469;428.0;1;0.010699272155761719;[5, 8, 2, 12, 14, 16, 6, 10, 15, 7, 1, 3, 11, 13, 9, 4];0.0;-1341.5202836674814;3.9696638584136963;-1347.2916666666672;5;90.12938117980957;[5, 8, 2, 12, 14, 6, 16, 7, 15, 3, 11, 10, 1, 13, 9, 4];-0.0042836923451510245;-1347.2916666666663;17;10;535;38.598994970321655;0.0009110966209036064;0.27329842251617764;0.003333706109663604;420650.0;417240.0;65.0;0.04779411764705882
16;100;198;388.0;0.010767459869384766;388.0;1;0.010565519332885742;[7, 4, 16, 14, 3, 15, 13, 2, 5, 6, 10, 8, 1, 9, 12, 11];0.0;-1365.3265942028986;3.8388166427612305;-1369.275;3;68.85046243667603;[14, 7, 4, 15, 16, 3, 13, 2, 6, 8, 10, 1, 5, 9, 11, 12];-0.002883574006026124;-1369.2749999999996;7;7;450;17.960623502731323;0.0017365866583614054;0.27228888303051024;0.006377736171354521;417274.0;413899.9999999979;110.0;0.08088235294117647
16;100;199;264.0;0.010837793350219727;264.0;1;0.010616540908813477;[15, 10, 1, 12, 5, 16, 13, 6, 14, 11, 2, 7, 8, 4, 9, 3];0.0;-1495.0462089881444;4.008009433746338;-1502.2416666666666;17;95.3480966091156;[12, 15, 10, 5, 1, 16, 13, 6, 14, 11, 2, 7, 8, 4, 9, 3];-0.004789813675244559;-1502.2416666666663;29;12;623;57.998223066329956;0.00021084568775897594;0.2718064511930868;0.0007757199537887152;417704.0;416990.0;60.0;0.04411764705882353
16;100;200;298.0;0.010807037353515625;298.0;1;0.011537551879882812;[14, 15, 6, 12, 9, 8, 1, 10, 3, 7, 5, 13, 11, 4, 16, 2];0.0;-1511.4785556389722;4.164909362792969;-1515.8458333333328;3;89.58226752281189;[14, 15, 6, 12, 9, 8, 10, 3, 1, 7, 13, 11, 5, 16, 4, 2];-0.0028810830219831995;-1515.8458333333324;13;6;389;19.416486501693726;0.0006060083686023621;0.27634622449760876;0.002192931601305832;429502.0;426907.99999999965;34.0;0.025
17;10;201;102.0;0.013134956359863281;102.0;1;0.012735128402709961;[15, 13, 4, 10, 12, 7, 16, 11, 6, 17, 5, 14, 3, 8, 2, 1, 9];0.0;-154.41544117647055;0.4216010570526123;-154.45220588235298;1;1.1283626556396484;[15, 4, 10, 13, 7, 12, 16, 11, 6, 5, 14, 3, 17, 8, 2, 1, 9];-0.00023803289614676704;-154.4522058823529;1;7;38;0.7710967063903809;0.001300846187691329;0.3062154751199373;0.004248139932124001;69126.0;68922.00000000006;67.0;0.04105392156862745
17;10;202;88.0;0.012898921966552734;88.0;1;0.012540102005004883;[5, 14, 15, 13, 16, 11, 6, 3, 17, 10, 9, 2, 1, 7, 4, 8, 12];0.0;-172.7160414890593;0.42576169967651367;-172.91176470588232;1;3.8190813064575195;[5, 14, 15, 17, 13, 16, 11, 3, 10, 9, 6, 1, 2, 4, 7, 8, 12];-0.0011319253907097204;-172.91176470588232;3;8;55;6.609832763671875;0.0034147087304414736;0.31116962720939856;0.01097378545928449;70666.0;70130.00000000004;105.0;0.06433823529411764
17;10;203;134.0;0.013149023056030273;134.0;1;0.013605594635009766;[15, 8, 5, 4, 13, 11, 14, 2, 7, 3, 9, 17, 16, 10, 6, 12, 1];0.0;-105.56912551116707;0.43952131271362305;-105.8455882352941;1;8.120838642120361;[8, 15, 4, 13, 14, 5, 7, 2, 1, 11, 3, 9, 17, 10, 12, 16, 6];-0.002611943763895508;-105.84558823529407;1;8;55;12.128619909286499;0.0061868075811283285;0.30082542720689054;0.020566105859374035;65382.0;63894.0;177.0;0.10845588235294118
17;10;204;148.0;0.013098716735839844;148.0;1;0.012736320495605469;[7, 15, 4, 16, 1, 11, 14, 2, 5, 6, 10, 12, 9, 8, 17, 13, 3];0.0;-95.8410633484163;0.4462578296661377;-96.0588235294118;1;3.478144645690918;[7, 6, 15, 1, 11, 4, 14, 2, 5, 12, 8, 9, 16, 17, 10, 13, 3];-0.0022669461585569373;-96.0588235294118;1;6;43;5.009274482727051;0.007705747366226201;0.3048755982609331;0.025275054514632238;66758.0;64491.99999999981;270.0;0.16544117647058823
17;10;205;132.0;0.013324975967407227;132.0;1;0.0125579833984375;[5, 16, 4, 12, 9, 11, 1, 6, 17, 7, 15, 3, 2, 13, 8, 10, 14];0.0;-106.97116638994306;0.4266934394836426;-107.47426470588235;1;10.54982614517212;[17, 5, 16, 4, 12, 9, 11, 1, 2, 6, 3, 7, 8, 15, 10, 14, 13];-0.0046811049818863415;-107.47426470588232;3;9;57;13.469177961349487;0.0017022948243690106;0.2975800544522299;0.005720460087630898;64596.0;63252.0;187.0;0.11458333333333333
17;10;206;90.0;0.01275014877319336;90.0;1;0.012524127960205078;[13, 4, 10, 15, 9, 5, 16, 14, 12, 1, 17, 3, 2, 11, 8, 7, 6];0.0;-142.64409823335276;0.42803335189819336;-142.95955882352945;1;4.828847646713257;[13, 4, 10, 5, 15, 9, 16, 12, 14, 1, 17, 3, 2, 11, 6, 8, 7];-0.002206642163509298;-142.9595588235294;1;6;46;4.868993043899536;0.0016805509055963785;0.2923551555818206;0.005748319718364082;62828.0;62571.999999999745;43.0;0.026348039215686275
17;10;207;194.0;0.013202428817749023;194.0;1;0.012792825698852539;[7, 11, 13, 14, 2, 1, 12, 16, 3, 5, 15, 8, 10, 4, 6, 17, 9];0.0;-85.11339009287931;0.43389248847961426;-85.33088235294122;0;3.4033491611480713;[7, 11, 13, 14, 2, 1, 12, 3, 5, 10, 17, 16, 8, 4, 15, 9, 6];-0.002548810630626397;-85.33088235294119;3;4;29;1.4102649688720703;0.0021756901213607627;0.3222803061363947;0.0067509248313794646;75460.0;74030.0;89.5;0.0548406862745098
17;10;208;262.0;0.012829065322875977;262.0;1;0.012404918670654297;[9, 2, 11, 16, 8, 7, 1, 3, 14, 17, 4, 6, 5, 12, 13, 10, 15];0.0;-12.89110644257697;0.43015289306640625;-12.933823529411711;1;3.132201910018921;[9, 2, 16, 7, 4, 6, 11, 1, 3, 17, 8, 14, 13, 5, 10, 15, 12];-0.003302742359024946;-12.933823529411747;1;6;38;1.620370626449585;0.007831317704326768;0.32326959633232694;0.02422534563465731;75166.0;73382.0;241.5;0.1479779411764706
17;10;209;156.0;0.012758016586303711;156.0;1;0.012573480606079102;[16, 6, 1, 7, 15, 17, 11, 14, 2, 10, 5, 12, 9, 8, 3, 4, 13];0.0;-128.62867647058826;0.41570353507995605;-128.62867647058826;1;0.4625868797302246;[16, 6, 1, 7, 15, 17, 11, 14, 2, 10, 5, 12, 9, 3, 4, 8, 13];0.0;-128.6286764705883;1;5;23;0.07166314125061035;0.0005461598138090107;0.32242591525117076;0.0016939079272940904;76630.0;76542.00000000003;7.5;0.004595588235294118
17;10;210;196.0;0.013082027435302734;196.0;1;0.012520790100097656;[14, 4, 13, 2, 5, 11, 3, 10, 1, 6, 7, 9, 17, 15, 8, 16, 12];0.0;-58.169966063348404;0.4218904972076416;-58.242647058823536;1;2.137298822402954;[14, 4, 13, 2, 3, 5, 11, 10, 1, 6, 7, 9, 16, 17, 12, 15, 8];-0.001247899934934682;-58.24264705882349;1;7;38;1.3641903400421143;0.0010969581994401123;0.3067567083437825;0.003575987646244888;68500.0;67787.99999999997;45.5;0.027879901960784315
17;20;211;234.0;0.0132293701171875;234.0;1;0.012558460235595703;[4, 2, 10, 8, 14, 15, 13, 6, 5, 1, 12, 9, 7, 16, 17, 11, 3];0.0;-239.1654411764706;0.8526425361633301;-239.1654411764706;1;0.986077070236206;[14, 4, 2, 10, 13, 6, 8, 15, 16, 5, 1, 12, 9, 7, 17, 11, 3];0.0;-239.16544117647064;1;4;50;0.24108099937438965;0.001887841184537331;0.29613995699982143;0.006374827644546694;127684.0;126026.0000000002;156.0;0.09558823529411764
17;20;212;142.0;0.012959003448486328;142.0;1;0.012813091278076172;[14, 9, 7, 15, 13, 16, 8, 2, 11, 5, 17, 1, 6, 12, 10, 3, 4];0.0;-326.9117647058823;0.903980016708374;-327.4632352941177;1;7.779104709625244;[14, 7, 9, 15, 13, 16, 2, 11, 8, 5, 12, 17, 1, 6, 10, 3, 4];-0.0016840687100035945;-327.4632352941177;1;6;73;2.991495132446289;0.0019137611386879083;0.29664056792852195;0.006451447797757201;126694.0;125576.0;57.0;0.034926470588235295
17;20;213;212.0;0.012833118438720703;212.0;1;0.012452363967895508;[7, 16, 3, 6, 4, 12, 2, 15, 13, 11, 17, 14, 8, 5, 9, 1, 10];0.0;-242.08294117647057;0.897430419921875;-242.53676470588226;1;7.884379863739014;[7, 2, 15, 3, 6, 4, 12, 11, 17, 13, 14, 16, 8, 5, 9, 1, 10];-0.0018711535546457325;-242.53676470588226;1;6;81;10.787168264389038;0.0031051968734798763;0.29133765021860747;0.010658412570946007;123008.0;119366.0;272.0;0.16666666666666666
17;20;214;152.0;0.013114452362060547;152.0;1;0.012953758239746094;[15, 12, 14, 8, 9, 16, 10, 13, 5, 17, 1, 2, 7, 6, 3, 11, 4];0.0;-341.5948988970588;0.8532640933990479;-341.94852941176464;1;5.002405881881714;[12, 15, 14, 8, 9, 10, 13, 5, 17, 1, 2, 7, 16, 6, 3, 11, 4];-0.0010341629932264507;-341.9485294117647;1;5;66;2.8226473331451416;0.000635410520582802;0.30128199316391197;0.002109022560260042;132922.0;132184.0;90.5;0.05545343137254902
17;20;215;308.0;0.01320505142211914;308.0;1;0.01242828369140625;[1, 4, 7, 10, 17, 3, 12, 14, 11, 15, 5, 16, 2, 13, 9, 6, 8];0.0;-177.34994083840425;0.8728129863739014;-177.69485294117652;1;6.978789806365967;[1, 4, 7, 10, 17, 3, 15, 12, 14, 11, 5, 16, 2, 13, 9, 6, 8];-0.0019410359786079523;-177.69485294117644;1;5;62;3.9379630088806152;0.00018881990812935623;0.29829207270400876;0.0006330034399429705;130552.0;130494.0;31.5;0.019301470588235295
17;20;216;250.0;0.013007402420043945;250.0;1;0.012481212615966797;[3, 8, 14, 11, 17, 1, 13, 2, 6, 5, 12, 4, 9, 16, 7, 15, 10];0.0;-220.98132739938075;0.8674793243408203;-221.23529411764702;1;5.967514514923096;[8, 14, 11, 13, 3, 17, 1, 2, 6, 5, 4, 9, 7, 15, 16, 10, 12];-0.0011479484739501666;-221.23529411764704;1;6;78;5.2952635288238525;0.0034360628006554483;0.29732751872973273;0.011556491021535041;127632.0;124424.0;134.5;0.08241421568627451
17;20;217;258.0;0.01314687728881836;258.0;1;0.012891530990600586;[17, 9, 6, 3, 15, 7, 5, 8, 13, 10, 4, 16, 12, 2, 1, 11, 14];0.0;-201.67784753238925;0.8760626316070557;-201.96323529411754;1;10.140653848648071;[17, 9, 3, 6, 4, 15, 7, 1, 5, 8, 13, 10, 16, 12, 11, 2, 14];-0.0014130678849181288;-201.96323529411762;1;6;78;7.151190280914307;0.0014307952174344996;0.29137659529461535;0.004910467211643408;123972.0;122456.0;150.5;0.09221813725490197
17;20;218;204.0;0.012744903564453125;204.0;1;0.012352943420410156;[15, 10, 3, 4, 13, 1, 7, 11, 14, 6, 2, 17, 5, 9, 16, 8, 12];0.0;-252.77941176470586;0.9029593467712402;-252.77941176470586;1;1.02384352684021;[15, 10, 3, 4, 13, 1, 7, 11, 14, 16, 6, 2, 17, 5, 9, 8, 12];0.0;-252.77941176470586;1;4;57;0.11960530281066895;0.0014344343945491556;0.29046535989656574;0.004938400899370429;123112.0;122680.0;35.0;0.02144607843137255
17;20;219;332.0;0.016955852508544922;332.0;1;0.012336492538452148;[6, 16, 4, 12, 9, 1, 7, 11, 10, 5, 8, 15, 14, 13, 17, 3, 2];0.0;-181.16544117647058;0.8421657085418701;-181.2941176470589;1;1.8502991199493408;[12, 6, 16, 4, 9, 1, 7, 5, 11, 10, 8, 15, 14, 13, 17, 2, 3];-0.0007097663854643832;-181.2941176470588;1;6;68;0.9359476566314697;0.0016829393627955103;0.3082048793949942;0.0054604565836177486;138482.0;137958.0;71.0;0.04350490196078431
17;20;220;188.0;0.012969017028808594;188.0;1;0.012498855590820312;[8, 10, 3, 2, 16, 15, 17, 11, 9, 4, 13, 1, 14, 12, 7, 5, 6];0.0;-286.5699734811957;0.9375133514404297;-287.6433823529412;1;32.033785343170166;[8, 2, 15, 17, 1, 3, 16, 11, 10, 9, 4, 13, 14, 12, 7, 5, 6];-0.0037317349801861965;-287.6433823529411;7;9;104;25.205299139022827;0.0023861207310810206;0.29918400130373546;0.007975428902224621;128510.0;126164.0;244.0;0.14950980392156862
17;30;221;294.0;0.012775421142578125;294.0;1;0.012156248092651367;[1, 16, 2, 9, 10, 8, 13, 12, 7, 4, 6, 15, 17, 11, 3, 5, 14];0.0;-377.1022058823528;1.245776891708374;-377.3713235294118;1;3.8725216388702393;[1, 16, 2, 9, 10, 8, 13, 7, 12, 4, 6, 15, 17, 11, 3, 5, 14];-0.0007131375127873429;-377.3713235294117;1;5;85;1.275456190109253;0.0003735101281273634;0.2864039995238662;0.0013041372632655523;180456.0;180288.0;10.0;0.006127450980392157
17;30;222;190.0;0.013160467147827148;190.0;1;0.013053178787231445;[11, 6, 1, 13, 10, 5, 12, 3, 2, 16, 14, 9, 15, 17, 8, 7, 4];0.0;-440.03242220801366;1.3680791854858398;-440.69485294117646;1;11.792300939559937;[11, 14, 6, 1, 13, 10, 5, 12, 3, 2, 16, 9, 15, 8, 17, 7, 4];-0.0015031506012420648;-440.6948529411766;1;5;98;9.196043252944946;0.0014357795351446212;0.27881518477256806;0.005149574390346777;169932.0;168215.99999999936;130.0;0.07965686274509803
17;30;223;256.0;0.012616634368896484;256.0;1;0.012525081634521484;[4, 2, 16, 14, 11, 10, 7, 5, 15, 13, 3, 1, 9, 12, 8, 6, 17];0.0;-382.23529411764696;1.308685302734375;-383.2904411764705;1;13.006211280822754;[4, 2, 16, 9, 14, 11, 10, 7, 5, 15, 3, 1, 8, 12, 13, 6, 17];-0.002752865569996654;-383.2904411764705;1;6;122;9.548733472824097;0.0014726575822665566;0.2804102500663295;0.005251796544235482;172272.0;171078.00000000006;139.5;0.08547794117647059
17;30;224;340.0;0.012926340103149414;340.0;1;0.012238740921020508;[4, 13, 10, 2, 17, 11, 15, 7, 1, 3, 5, 12, 16, 6, 9, 8, 14];0.0;-344.99064674547253;1.3030126094818115;-345.7132352941178;1;17.68689489364624;[4, 13, 2, 17, 10, 11, 7, 1, 3, 5, 12, 8, 15, 16, 6, 9, 14];-0.002090138516191109;-345.7132352941176;3;7;134;13.73949670791626;0.0006969878582051559;0.29067470008602736;0.0023978277366378193;184486.0;182546.0;103.0;0.06311274509803921
17;30;225;254.0;0.013189077377319336;254.0;1;0.012511491775512695;[16, 2, 9, 1, 12, 17, 8, 14, 11, 10, 6, 13, 4, 5, 15, 3, 7];0.0;-423.26920638945234;1.2950701713562012;-423.8970588235294;1;12.307721614837646;[16, 1, 2, 14, 9, 13, 12, 11, 17, 8, 10, 6, 4, 5, 15, 3, 7];-0.0014811436432693448;-423.89705882352945;1;5;108;5.961199045181274;0.002738102719250235;0.2920355110286854;0.009375923871742032;183292.0;180988.0;172.5;0.1056985294117647
17;30;226;382.0;0.01285409927368164;382.0;1;0.012511253356933594;[8, 6, 1, 10, 12, 5, 2, 16, 3, 17, 13, 7, 14, 9, 15, 11, 4];0.0;-315.80094537815125;1.2850923538208008;-316.17647058823536;1;3.7641470432281494;[8, 6, 1, 10, 2, 5, 16, 3, 12, 17, 13, 7, 14, 9, 15, 11, 4];-0.001187707641196245;-316.17647058823536;1;4;80;2.3196871280670166;0.001274115613868032;0.2933875661664478;0.004342773044257735;188116.0;187538.0;61.5;0.03768382352941176
17;30;227;246.0;0.013204097747802734;246.0;1;0.012144327163696289;[16, 15, 6, 2, 17, 12, 7, 14, 11, 13, 1, 8, 5, 4, 10, 3, 9];0.0;-430.8639705882353;1.2477200031280518;-432.57352941176487;1;12.628902196884155;[16, 6, 15, 2, 7, 17, 11, 13, 1, 8, 5, 4, 12, 14, 10, 3, 9];-0.0039520652728203265;-432.5735294117647;3;7;124;11.652642250061035;0.000164542438607862;0.288484299937339;0.000570368781398509;182314.0;180614.0;158.5;0.09712009803921569
17;30;228;260.0;0.013160467147827148;260.0;1;0.01249074935913086;[15, 8, 11, 2, 14, 9, 1, 3, 10, 12, 5, 16, 13, 4, 6, 17, 7];0.0;-426.6996040723982;1.275766134262085;-427.7095588235296;1;11.526568412780762;[15, 8, 14, 10, 11, 2, 1, 12, 16, 9, 4, 3, 5, 17, 13, 6, 7];-0.0023613097493295765;-427.7095588235294;1;8;140;14.746599197387695;0.0014392356059783618;0.29193026885454515;0.004930066387516204;185362.0;180378.00000000003;185.5;0.11366421568627451
17;30;229;436.0;0.012797117233276367;436.0;1;0.012726068496704102;[10, 5, 7, 6, 14, 15, 1, 4, 17, 3, 8, 13, 12, 9, 2, 16, 11];0.0;-272.925;1.2519705295562744;-273.5661764705883;1;8.495592594146729;[5, 7, 6, 14, 10, 4, 15, 17, 3, 2, 1, 8, 13, 12, 9, 16, 11];-0.002343770998521899;-273.5661764705883;3;7;125;7.622608661651611;0.001444737685697084;0.29606354788380096;0.004879822916477765;191276.0;188450.0;145.5;0.08915441176470588
17;30;230;202.0;0.012923955917358398;202.0;1;0.012260913848876953;[17, 14, 9, 3, 5, 10, 16, 1, 12, 8, 11, 2, 4, 15, 13, 6, 7];0.0;-460.7167647058823;1.312922477722168;-460.94485294117646;1;7.629769325256348;[17, 9, 14, 5, 15, 3, 10, 16, 1, 12, 8, 11, 2, 4, 13, 6, 7];-0.0004948275999585583;-460.9448529411764;1;5;102;3.2250959873199463;0.0024061737588414456;0.28645370979067397;0.008399869426022643;179090.0;176930.0;129.5;0.07935049019607843
17;40;231;256.0;0.012879610061645508;256.0;1;0.012535572052001953;[17, 12, 16, 13, 14, 1, 6, 4, 3, 2, 9, 7, 10, 15, 5, 8, 11];0.0;-597.9597811475566;1.7501411437988281;-598.7647058823529;1;24.096921920776367;[17, 12, 16, 14, 1, 6, 13, 4, 3, 2, 9, 7, 8, 10, 15, 5, 11];-0.0013443089194948854;-598.7647058823529;3;5;129;12.190489768981934;0.0009330645380990488;0.2816254771704983;0.003313139661487956;230030.0;227856.0;54.0;0.03308823529411765
17;40;232;312.0;0.012872695922851562;312.0;1;0.012410879135131836;[15, 3, 5, 16, 14, 6, 1, 17, 7, 12, 9, 2, 8, 11, 4, 10, 13];0.0;-532.2227328431372;1.8801219463348389;-534.3455882352944;3;31.27891182899475;[15, 5, 1, 12, 9, 3, 16, 14, 6, 2, 8, 17, 11, 4, 7, 10, 13];-0.003972813547816423;-534.3455882352941;5;7;181;19.55168128013611;0.0018760510149435916;0.28062964173945537;0.006685149164268867;228304.0;225036.0;276.0;0.16911764705882354
17;40;233;226.0;0.012670040130615234;226.0;1;0.012856483459472656;[15, 10, 1, 6, 17, 9, 16, 11, 13, 5, 4, 12, 7, 8, 2, 3, 14];0.0;-617.557727658371;1.770054817199707;-618.0404411764708;1;10.107883930206299;[15, 10, 5, 1, 6, 17, 9, 16, 11, 13, 4, 12, 7, 8, 2, 3, 14];-0.0007810387248784467;-618.0404411764706;3;4;109;3.186795711517334;0.0009561384257061878;0.27891521510888984;0.0034280611953453554;227136.0;225490.0;94.5;0.057904411764705885
17;40;234;378.0;0.012549877166748047;378.0;1;0.01254129409790039;[2, 5, 4, 17, 13, 1, 12, 6, 16, 15, 14, 8, 3, 9, 7, 11, 10];0.0;-483.16454091054595;1.750199556350708;-483.99264705882365;1;15.928017616271973;[2, 5, 4, 17, 13, 1, 12, 7, 6, 16, 15, 14, 8, 3, 9, 11, 10];-0.0017109891096693808;-483.99264705882354;3;7;158;16.950305223464966;0.00043292239527847887;0.281592598534681;0.0015374068691125775;231682.0;230884.0;59.5;0.036458333333333336
17;40;235;262.0;0.013595342636108398;262.0;1;0.012625455856323242;[13, 6, 17, 5, 9, 3, 12, 7, 1, 2, 15, 16, 14, 4, 8, 11, 10];0.0;-572.0560437589668;1.7808773517608643;-572.1691176470586;1;6.711980104446411;[13, 6, 7, 17, 5, 3, 9, 12, 1, 2, 15, 16, 14, 8, 11, 4, 10];-0.00019762319322091937;-572.1691176470587;1;5;127;3.563375473022461;0.0006145001553318208;0.2769577695776958;0.0022187503758020885;224266.0;223364.00000000003;90.0;0.05514705882352941
17;40;236;324.0;0.013135433197021484;324.0;1;0.012703418731689453;[11, 4, 8, 3, 13, 9, 6, 14, 17, 15, 16, 12, 10, 1, 2, 7, 5];0.0;-576.2207004038066;1.74880051612854;-577.5588235294116;1;19.488741397857666;[4, 8, 3, 13, 17, 10, 9, 11, 15, 6, 12, 1, 14, 16, 2, 7, 5];-0.0023168603284905442;-577.5588235294118;3;7;175;17.977361917495728;0.003344010936736863;0.29096465383258485;0.011492842490280415;244124.0;241585.99999999226;257.0;0.15747549019607843
17;40;237;284.0;0.013115882873535156;284.0;1;0.01250767707824707;[17, 8, 5, 6, 3, 4, 15, 14, 2, 11, 13, 10, 16, 7, 1, 9, 12];0.0;-568.3140271493212;1.8039002418518066;-568.8051470588234;1;13.637533903121948;[8, 17, 5, 3, 4, 14, 6, 15, 2, 16, 11, 7, 13, 10, 1, 9, 12];-0.0008634238140102779;-568.8051470588235;1;6;156;8.708448648452759;0.002162033129577079;0.2823289050437862;0.007657852564694963;230222.0;227870.0;104.0;0.06372549019607843
17;40;238;336.0;0.012909173965454102;336.0;1;0.012676000595092773;[14, 6, 2, 17, 3, 12, 7, 13, 4, 10, 9, 8, 1, 15, 11, 16, 5];0.0;-559.735294117647;1.6930012702941895;-560.9264705882352;3;13.000217199325562;[14, 6, 2, 17, 3, 12, 7, 13, 10, 9, 1, 15, 4, 11, 8, 16, 5];-0.0021235875521066205;-560.9264705882354;3;7;167;12.79062271118164;0.00020806346606883075;0.28798539280729596;0.0007224792342438542;241000.0;240334.0;50.5;0.030943627450980393
17;40;239;522.0;0.01297307014465332;522.0;1;0.012747049331665039;[6, 5, 3, 1, 8, 16, 2, 15, 11, 17, 4, 7, 9, 13, 10, 14, 12];0.0;-404.5318627450979;1.758561372756958;-404.5808823529411;1;2.7884879112243652;[6, 5, 3, 1, 8, 16, 2, 4, 15, 11, 17, 7, 9, 13, 10, 14, 12];-0.00012116145369533982;-404.580882352941;1;4;109;0.45723819732666016;0.0007188474479365992;0.2933744069583553;0.002450273203410821;249326.0;248351.9999999922;28.5;0.017463235294117647
17;40;240;368.0;0.012784719467163086;368.0;1;0.01235651969909668;[3, 11, 1, 14, 5, 8, 4, 10, 9, 16, 6, 13, 2, 12, 15, 7, 17];0.0;-467.6600863171355;1.901808500289917;-469.41911764705856;5;35.05129051208496;[1, 3, 14, 5, 8, 4, 11, 9, 10, 16, 6, 13, 2, 12, 15, 7, 17];-0.0037472511531702057;-469.4191176470588;5;8;196;21.012261152267456;0.00052261154490163;0.27911607745109707;0.001872380658520808;225106.0;223718.0;102.5;0.0628063725490196
17;50;241;226.0;0.012905120849609375;226.0;1;0.013219118118286133;[9, 13, 5, 15, 16, 17, 11, 3, 12, 14, 6, 4, 8, 10, 1, 2, 7];0.0;-832.5051405778659;2.1690125465393066;-833.8970588235296;1;22.858044862747192;[9, 5, 13, 15, 16, 1, 17, 3, 12, 6, 4, 14, 8, 11, 10, 2, 7];-0.0016691727485254049;-833.8970588235294;9;8;212;25.465003490447998;0.0023456675900578317;0.28077826232807784;0.008354163782511822;286254.0;281820.0;177.0;0.10845588235294118
17;50;242;240.0;0.013045787811279297;240.0;1;0.012780189514160156;[12, 10, 15, 17, 14, 2, 3, 8, 16, 13, 1, 4, 11, 6, 7, 5, 9];0.0;-793.2619903074866;2.5369739532470703;-795.3272058823529;1;30.147606372833252;[12, 10, 15, 2, 17, 3, 14, 8, 4, 16, 11, 13, 1, 6, 7, 5, 9];-0.0025966866964838298;-795.3272058823529;1;6;209;12.625495910644531;0.0015821236564625973;0.2780771150946724;0.00568951406132057;279054.0;276822.0000000042;80.0;0.049019607843137254
17;50;243;180.0;0.013011932373046875;180.0;1;0.01280832290649414;[15, 12, 17, 10, 9, 6, 11, 1, 13, 2, 14, 16, 7, 4, 5, 3, 8];0.0;-878.5775602409639;2.2674832344055176;-879.3051470588233;1;23.081671237945557;[15, 12, 17, 10, 9, 6, 11, 1, 13, 2, 14, 16, 3, 7, 4, 5, 8];-0.000827456566463991;-879.3051470588235;1;6;167;12.24019455909729;0.0002127575423230832;0.2796094751892925;0.0007609096300440058;284532.0;283833.99999999994;13.5;0.008272058823529412
17;50;244;466.0;0.012984991073608398;466.0;1;0.013116598129272461;[16, 4, 2, 8, 12, 5, 6, 17, 14, 3, 10, 11, 13, 15, 1, 7, 9];0.0;-644.9779411764706;2.2272021770477295;-645.8786764705884;0;16.152165412902832;[4, 2, 16, 8, 12, 5, 6, 17, 14, 10, 11, 3, 13, 15, 1, 7, 9];-0.0013945889947007961;-645.8786764705883;1;7;196;8.580365657806396;0.00038797231925269404;0.28713117644063707;0.0013512023461266505;298878.0;298590.0;49.0;0.03002450980392157
17;50;245;210.0;0.012657403945922852;210.0;1;0.012873172760009766;[14, 15, 10, 5, 13, 3, 9, 6, 16, 8, 4, 12, 7, 17, 11, 2, 1];0.0;-848.9748911315406;2.2224507331848145;-850.3823529411766;1;23.829741716384888;[14, 15, 13, 10, 3, 5, 16, 8, 4, 9, 6, 12, 7, 17, 11, 2, 1];-0.001655092917636436;-850.3823529411766;3;6;194;14.408421993255615;0.0005529105428919712;0.27976564340111487;0.001976334678448111;285070.0;283579.9999999966;104.5;0.06403186274509803
17;50;246;304.0;0.013049125671386719;304.0;1;0.012898921966552734;[6, 13, 4, 15, 16, 11, 17, 9, 1, 3, 10, 2, 7, 14, 12, 5, 8];0.0;-729.214742278256;2.355966806411743;-732.029411764706;3;63.67803692817688;[6, 13, 4, 15, 16, 11, 17, 9, 10, 7, 1, 3, 2, 14, 12, 5, 8];-0.0038450224010324607;-732.0294117647061;9;8;248;28.285739421844482;0.0003332268476196054;0.2771371048842706;0.0012023898703811503;278336.0;277010.0000000009;41.0;0.025122549019607844
17;50;247;404.0;0.01287388801574707;404.0;1;0.012779712677001953;[5, 11, 8, 6, 17, 14, 16, 1, 12, 4, 10, 15, 2, 7, 3, 13, 9];0.0;-653.1253372908795;2.2216012477874756;-653.5220588235295;1;15.292001485824585;[8, 17, 5, 6, 1, 14, 4, 11, 16, 2, 10, 13, 12, 15, 3, 7, 9];-0.0006070514794315196;-653.5220588235294;1;5;157;4.846085786819458;0.003316406409540784;0.28114585563098843;0.01179603520065278;286324.0;280636.0;241.0;0.14767156862745098
17;50;248;334.0;0.012578248977661133;334.0;1;0.012764215469360352;[12, 10, 6, 9, 1, 4, 2, 7, 17, 13, 15, 5, 16, 8, 11, 14, 3];0.0;-697.8382352941175;2.1685142517089844;-697.8382352941175;1;2.6769731044769287;[12, 10, 1, 6, 9, 4, 2, 7, 17, 13, 15, 5, 16, 8, 11, 14, 3];0.0;-697.8382352941175;1;4;121;0.19302010536193848;0.00016497748057231476;0.2758805407805832;0.0005980033245749171;277074.0;276412.000000001;29.5;0.018075980392156864
17;50;249;442.0;0.012624263763427734;442.0;1;0.012446403503417969;[10, 9, 14, 12, 7, 5, 4, 3, 13, 2, 1, 15, 11, 8, 16, 6, 17];0.0;-616.0587203302373;2.162628650665283;-616.9080882352941;1;17.86569881439209;[10, 9, 14, 7, 12, 5, 4, 3, 13, 2, 1, 15, 11, 8, 6, 16, 17];-0.0013768143443969594;-616.9080882352939;3;5;154;6.487310409545898;0.00023402347582002214;0.27906725756967754;0.0008385916637375173;284434.0;284262.0;17.0;0.010416666666666666
17;50;250;154.0;0.012496471405029297;154.0;1;0.012469053268432617;[13, 8, 12, 15, 9, 4, 3, 17, 10, 14, 2, 16, 11, 1, 6, 5, 7];0.0;-863.1821880406575;2.442425489425659;-864.113970588235;1;37.310394525527954;[13, 12, 9, 15, 16, 8, 4, 3, 17, 10, 14, 11, 1, 2, 6, 5, 7];-0.0010783097823812149;-864.1139705882351;1;6;180;13.345576763153076;0.002836058377381323;0.2765789650817826;0.01025406388567084;275302.0;271628.0;155.5;0.09528186274509803
17;60;251;446.0;0.012970685958862305;446.0;1;0.013218164443969727;[4, 2, 9, 7, 10, 1, 11, 17, 13, 14, 6, 8, 12, 16, 5, 15, 3];0.0;-784.2322525631643;2.862555742263794;-786.4705882352941;1;40.12407636642456;[1, 4, 11, 2, 9, 7, 10, 17, 13, 14, 6, 8, 12, 16, 5, 15, 3];-0.0028460513407784216;-786.4705882352941;1;6;244;15.066479682922363;0.0008365200764818281;0.2760267494371695;0.003030576124189155;331528.0;329174.0;139.0;0.08517156862745098
17;60;252;242.0;0.012991189956665039;242.0;1;0.012472152709960938;[16, 9, 4, 17, 13, 7, 12, 8, 15, 10, 11, 5, 14, 2, 6, 1, 3];0.0;-1061.8253676470588;2.6542398929595947;-1063.0514705882354;1;16.91483473777771;[8, 9, 16, 4, 17, 13, 7, 12, 15, 10, 11, 5, 14, 2, 6, 1, 3];-0.0011533805983054979;-1063.051470588235;1;5;194;3.502035140991211;0.001356235632378744;0.2846590642299578;0.004764421031339891;351616.0;349332.0;125.0;0.07659313725490197
17;60;253;540.0;0.012791872024536133;540.0;1;0.012937784194946289;[16, 1, 8, 7, 6, 10, 9, 17, 2, 4, 15, 11, 5, 14, 3, 13, 12];0.0;-739.525608948807;2.6547863483428955;-740.9595588235293;1;25.687419176101685;[6, 16, 1, 8, 17, 7, 2, 15, 11, 5, 10, 9, 4, 3, 14, 12, 13];-0.0019352606463423072;-740.9595588235295;7;5;200;11.411648988723755;0.001958342163628113;0.2818486881001407;0.006948203934631461;345624.0;340102.0;218.5;0.13388480392156862
17;60;254;390.0;0.01299142837524414;390.0;1;0.012699604034423828;[2, 14, 8, 10, 6, 17, 16, 12, 4, 9, 13, 1, 7, 11, 15, 5, 3];0.0;-835.9846484629657;3.004417896270752;-838.7022058823532;3;64.0108802318573;[2, 14, 8, 10, 6, 17, 16, 12, 4, 11, 9, 13, 3, 1, 5, 7, 15];-0.003240193480269382;-838.7022058823528;5;8;289;27.54308319091797;0.0014990481044535597;0.2765982153821991;0.005419587043908431;331090.0;328164.0000000001;54.0;0.03308823529411765
17;60;255;318.0;0.01274561882019043;318.0;1;0.012874364852905273;[6, 17, 9, 8, 1, 5, 16, 4, 3, 2, 14, 13, 7, 12, 15, 10, 11];0.0;-910.2510709367746;2.909968137741089;-914.2610294117645;5;60.15171027183533;[17, 5, 6, 8, 15, 9, 1, 16, 4, 13, 3, 2, 14, 12, 10, 7, 11];-0.004386010500272541;-914.2610294117645;11;7;282;18.672600507736206;0.001987506117395954;0.27725394542081017;0.007168540430973342;332476.0;326956.0;234.5;0.14368872549019607
17;60;256;250.0;0.012847185134887695;250.0;1;0.012723445892333984;[3, 14, 13, 7, 15, 12, 17, 10, 6, 16, 1, 8, 9, 5, 4, 11, 2];0.0;-974.5808158915803;3.1274185180664062;-975.5588235294117;0;46.50785207748413;[3, 14, 13, 7, 15, 12, 17, 10, 6, 16, 1, 8, 9, 5, 4, 11, 2];-0.0010025101657049618;-975.5588235294119;1;5;182;12.892784833908081;-4.440892098500626e-16;0.27498716763334374;-1.614945212433303e-15;328938.0;328938.00000000035;0.0;0.0
17;60;257;336.0;0.012964010238647461;336.0;1;0.01272130012512207;[9, 5, 2, 7, 14, 12, 13, 10, 15, 8, 17, 4, 6, 11, 3, 16, 1];0.0;-908.8969946340626;2.840127468109131;-911.8235294117649;9;66.3026647567749;[9, 5, 2, 7, 14, 12, 13, 10, 17, 15, 8, 3, 4, 6, 16, 1, 11];-0.0032095407535602805;-911.8235294117645;11;8;298;27.478476524353027;0.00043573984038192126;0.27781653209437346;0.0015684446029795725;335334.0;333328.0;40.5;0.024816176470588234
17;60;258;404.0;0.01287388801574707;404.0;1;0.012728691101074219;[8, 15, 3, 14, 6, 17, 13, 5, 7, 1, 10, 11, 2, 12, 16, 4, 9];0.0;-874.0024509803923;2.707231283187866;-876.1176470588232;1;18.873318433761597;[8, 15, 3, 14, 6, 17, 5, 7, 1, 10, 2, 12, 11, 4, 13, 16, 9];-0.002414283156527808;-876.1176470588236;1;7;265;7.1864142417907715;0.0011973530272009203;0.2828169633408206;0.004233667645168791;344742.0;340442.0;90.0;0.05514705882352941
17;60;259;280.0;0.012813091278076172;280.0;1;0.012405157089233398;[13, 3, 2, 11, 10, 17, 6, 12, 8, 15, 14, 5, 7, 1, 4, 16, 9];0.0;-940.8321121957264;3.115626573562622;-944.0955882352944;1;65.42087864875793;[13, 3, 2, 11, 10, 17, 6, 12, 9, 8, 15, 14, 5, 7, 4, 16, 1];-0.0034567220525498765;-944.0955882352944;3;6;238;18.93471646308899;0.0005182845706220851;0.2757887642483876;0.0018792809490791836;329000.0;327468.0;64.5;0.03952205882352941
17;60;260;498.0;0.012626886367797852;498.0;1;0.012828588485717773;[12, 1, 13, 7, 11, 10, 2, 14, 8, 5, 9, 3, 4, 6, 17, 16, 15];0.0;-760.3550420168067;2.645427703857422;-761.2867647058827;1;18.6085262298584;[12, 1, 13, 7, 11, 10, 2, 14, 5, 8, 9, 3, 4, 6, 17, 16, 15];-0.0012238787435585596;-761.2867647058823;3;6;210;10.117019891738892;0.00042228099849017653;0.27761415897840613;0.0015211075690236072;338400.0;338028.0;9.0;0.0055147058823529415
17;70;261;478.0;0.012584447860717773;478.0;1;0.012291669845581055;[11, 17, 12, 5, 1, 10, 16, 3, 6, 2, 7, 4, 8, 13, 14, 9, 15];0.0;-962.8890110832874;3.5390822887420654;-965.6654411764705;3;76.84325671195984;[11, 5, 17, 12, 10, 9, 6, 16, 1, 2, 3, 7, 4, 8, 13, 15, 14];-0.0028751469968735233;-965.6654411764707;3;7;318;22.839495182037354;0.0041207477678461;0.27939849473886197;0.014748639829636631;391684.0;381542.00000000006;199.0;0.12193627450980392
17;70;262;366.0;0.0127410888671875;366.0;1;0.012580394744873047;[14, 13, 11, 9, 2, 7, 5, 4, 6, 16, 15, 10, 8, 12, 17, 3, 1];0.0;-1118.6384303721488;3.203268527984619;-1119.8235294117646;1;21.30022644996643;[14, 11, 13, 9, 2, 7, 5, 4, 6, 15, 8, 10, 17, 1, 16, 3, 12];-0.0010582908900282906;-1119.8235294117646;1;6;260;4.430689334869385;0.0005212807497071426;0.2806353158733415;0.00185750231785657;399426.0;396182.0;72.0;0.04411764705882353
17;70;263;302.0;0.013025522232055664;302.0;1;0.013231515884399414;[14, 12, 8, 2, 16, 15, 13, 6, 7, 1, 17, 10, 9, 11, 5, 4, 3];0.0;-1129.5065932592604;3.638359546661377;-1131.5441176470588;1;49.036760568618774;[12, 14, 8, 2, 16, 13, 4, 15, 6, 7, 3, 1, 17, 10, 9, 11, 5];-0.0018006583711779323;-1131.5441176470588;3;6;261;15.806053161621094;0.0017016415603718915;0.2767112420833172;0.006149520878011637;386492.0;379349.9999999998;148.0;0.09068627450980392
17;70;264;320.0;0.013019084930419922;320.0;1;0.012528181076049805;[15, 17, 13, 3, 5, 12, 6, 9, 10, 1, 14, 16, 4, 2, 11, 7, 8];0.0;-1134.286603754405;3.178828716278076;-1135.7205882352944;1;24.71156144142151;[15, 17, 5, 12, 13, 9, 3, 6, 14, 10, 16, 4, 1, 2, 11, 7, 8];-0.0012626208380334125;-1135.7205882352941;7;6;239;13.38655424118042;0.0006162977385405499;0.2776266863014651;0.0022198793161812037;391382.0;389128.0;114.5;0.0701593137254902
17;70;265;280.0;0.012851476669311523;280.0;1;0.012707710266113281;[17, 12, 4, 15, 5, 1, 16, 3, 7, 11, 10, 9, 8, 2, 13, 6, 14];0.0;-1150.1294055009603;3.419253349304199;-1152.3750000000007;3;53.70541834831238;[17, 12, 7, 4, 15, 5, 16, 3, 11, 1, 10, 9, 8, 2, 13, 6, 14];-0.0019486664488906902;-1152.375;7;6;271;13.496535778045654;0.0004234175507580318;0.2749098919560624;0.0015402048567452228;384870.0;381729.9999999977;115.5;0.07077205882352941
17;70;266;460.0;0.01287531852722168;460.0;1;0.012790679931640625;[4, 17, 2, 7, 16, 9, 5, 11, 12, 6, 1, 10, 13, 8, 3, 14, 15];0.0;-976.5046714463136;3.4012160301208496;-978.5036764705876;3;41.46815872192383;[17, 2, 4, 7, 16, 5, 9, 11, 12, 6, 1, 10, 14, 13, 8, 3, 15];-0.0020429202999873164;-978.5036764705883;7;7;294;19.434051275253296;0.0006773100160172296;0.2759060492209407;0.00245485743400592;386788.0;385016.0;59.0;0.03615196078431373
17;70;267;578.0;0.012488126754760742;578.0;1;0.012975215911865234;[2, 9, 11, 14, 3, 1, 12, 13, 10, 4, 8, 16, 7, 6, 5, 17, 15];0.0;-851.2649509803922;3.2020885944366455;-851.6066176470592;1;16.587608337402344;[2, 9, 11, 14, 1, 3, 12, 13, 4, 10, 8, 7, 16, 6, 5, 15, 17];-0.00040120245614228;-851.606617647059;1;6;239;7.556464910507202;0.0005774879861873972;0.2741084669690695;0.0021067863848677143;384268.0;383138.0;30.0;0.01838235294117647
17;70;268;414.0;0.012701749801635742;414.0;1;0.012520074844360352;[8, 2, 9, 13, 10, 16, 3, 14, 17, 15, 5, 11, 6, 12, 4, 1, 7];0.0;-1050.327808721641;3.1740522384643555;-1053.4558823529412;7;59.827752113342285;[8, 2, 9, 14, 17, 13, 10, 15, 16, 3, 5, 6, 4, 11, 12, 1, 7];-0.0029693446908412024;-1053.455882352941;9;10;387;34.03548002243042;0.0011502000603511586;0.27929903436965403;0.004118166978081498;395102.0;392302.0;141.5;0.08670343137254902
17;70;269;190.0;0.01301431655883789;190.0;1;0.013120889663696289;[6, 17, 12, 9, 2, 16, 15, 7, 13, 3, 8, 10, 4, 11, 14, 5, 1];0.0;-1191.2874853767996;3.818251371383667;-1197.5551470588234;105;148.9983434677124;[17, 12, 9, 6, 13, 2, 14, 16, 7, 15, 3, 8, 10, 4, 5, 1, 11];-0.005233714453498961;-1197.5551470588234;66;7;310;34.386675119400024;0.0009919597479468578;0.2712362386470882;0.0036571800025494376;373332.0;368000.00000000047;190.5;0.11672794117647059
17;70;270;462.0;0.012757062911987305;462.0;1;0.013421058654785156;[6, 4, 2, 10, 12, 15, 8, 14, 9, 7, 16, 5, 3, 11, 13, 1, 17];0.0;-980.6948712017919;3.210047721862793;-983.0919117647063;5;47.355536460876465;[6, 15, 4, 2, 10, 12, 8, 14, 9, 7, 16, 5, 17, 3, 11, 13, 1];-0.0024382669964312376;-983.0919117647061;13;5;236;13.233741760253906;0.0005843280472560552;0.27592952349157757;0.0021176713526774573;388466.0;385160.0;78.0;0.04779411764705882
17;80;271;384.0;0.012927055358886719;384.0;1;0.01329660415649414;[11, 16, 14, 9, 6, 17, 1, 3, 8, 15, 4, 10, 2, 12, 13, 7, 5];0.0;-1227.1259062887991;4.0910115242004395;-1231.5625000000002;3;75.27258586883545;[16, 14, 9, 6, 11, 17, 1, 10, 2, 3, 8, 15, 4, 12, 13, 7, 5];-0.003602410524192745;-1231.5625000000002;3;6;331;18.72497272491455;0.0010134980296456764;0.273427520366903;0.003706642360965342;434738.0;431398.0;137.0;0.08394607843137254
17;80;272;330.0;0.01260232925415039;330.0;1;0.012667417526245117;[17, 15, 12, 4, 11, 6, 5, 16, 10, 8, 1, 2, 7, 3, 9, 13, 14];0.0;-1295.4770663892566;3.994428873062134;-1296.3308823529412;1;27.363268613815308;[17, 12, 4, 15, 11, 6, 5, 16, 10, 1, 2, 8, 7, 3, 9, 13, 14];-0.0006586404561579329;-1296.3308823529412;1;5;242;7.037714719772339;0.0002551147930380804;0.2735374502421195;0.0009326503292776457;436766.0;435928.0;47.0;0.028799019607843136
17;80;273;424.0;0.012931585311889648;424.0;1;0.013738155364990234;[16, 13, 9, 1, 15, 10, 11, 6, 7, 3, 12, 8, 2, 17, 5, 4, 14];0.0;-1189.192467657166;4.346777677536011;-1194.0588235294115;1;118.14705801010132;[13, 9, 16, 1, 11, 6, 7, 15, 12, 3, 10, 8, 2, 5, 4, 14, 17];-0.0040754741528239435;-1194.0588235294117;7;8;378;33.383723735809326;0.0011421866103790146;0.2745616899284811;0.004160036349851051;435574.0;431006.0;146.5;0.0897671568627451
17;80;274;570.0;0.012727737426757812;570.0;1;0.012632131576538086;[9, 12, 5, 4, 10, 16, 3, 14, 1, 13, 8, 7, 6, 2, 15, 17, 11];0.0;-1075.1566924861547;3.854060173034668;-1076.3235294117642;1;24.773569583892822;[9, 5, 12, 3, 4, 1, 10, 16, 14, 13, 8, 7, 6, 2, 15, 17, 11];-0.0010840949711906633;-1076.3235294117644;1;5;257;7.958968162536621;0.000508797381756132;0.27561162174754766;0.001846066499409723;442468.0;440792.0;92.0;0.056372549019607844
17;80;275;466.0;0.013124465942382812;466.0;1;0.01273488998413086;[12, 11, 6, 13, 2, 14, 9, 7, 4, 10, 8, 17, 5, 1, 15, 3, 16];0.0;-1193.697968118545;3.9334723949432373;-1195.4485294117644;3;37.500532388687134;[11, 6, 13, 2, 12, 7, 14, 4, 9, 10, 8, 17, 5, 1, 15, 3, 16];-0.0014643552191081488;-1195.4485294117644;3;8;385;25.141974210739136;0.0012132680512398908;0.27849196508159413;0.0043565639349215;447394.0;443818.0;99.0;0.06066176470588235
17;80;276;390.0;0.012892484664916992;390.0;1;0.012700319290161133;[16, 4, 5, 8, 13, 6, 17, 15, 9, 3, 7, 2, 11, 14, 1, 10, 12];0.0;-1201.756150869165;4.062737226486206;-1204.1029411764703;1;51.175989627838135;[16, 4, 5, 8, 13, 6, 17, 15, 9, 3, 7, 2, 11, 1, 14, 10, 12];-0.0019489947470873181;-1204.1029411764707;7;6;283;17.742805004119873;3.470089563006873e-05;0.2706811636017595;0.00012819841310096676;427804.0;427764.0;4.0;0.0024509803921568627
17;80;277;492.0;0.012934446334838867;492.0;1;0.013317584991455078;[4, 15, 5, 2, 9, 8, 14, 11, 16, 6, 12, 10, 13, 7, 1, 3, 17];0.0;-1112.1042048915635;4.087828636169434;-1113.5220588235284;1;33.18328928947449;[4, 15, 9, 5, 2, 8, 14, 11, 16, 6, 13, 7, 12, 1, 10, 3, 17];-0.001273305652752743;-1113.5220588235293;1;5;265;12.99790906906128;0.0012369012332632545;0.272671649793421;0.0045362296894464246;432280.0;429768.0;60.5;0.03707107843137255
17;80;278;340.0;0.01232457160949707;340.0;1;0.012850761413574219;[2, 11, 8, 17, 13, 1, 10, 9, 4, 7, 12, 6, 16, 14, 5, 15, 3];0.0;-1239.5411019170704;4.333731174468994;-1244.5882352941176;15;108.72277879714966;[11, 8, 1, 10, 9, 17, 2, 12, 13, 6, 4, 16, 14, 7, 5, 15, 3];-0.004055263607609549;-1244.5882352941173;23;9;405;43.05419397354126;0.0008659943570706874;0.2713437693383145;0.003191502643242771;426204.0;423043.9999999986;237.0;0.14522058823529413
17;80;279;492.0;0.012880802154541016;492.0;1;0.013520240783691406;[12, 15, 6, 17, 4, 16, 10, 13, 5, 9, 8, 2, 3, 1, 14, 11, 7];0.0;-1241.1590073529412;3.7348837852478027;-1243.7058823529417;1;29.11158037185669;[12, 15, 6, 17, 4, 16, 10, 13, 5, 2, 9, 1, 8, 3, 14, 11, 7];-0.0020478113323562086;-1243.7058823529408;5;7;305;25.535043716430664;0.00030196924663761227;0.2835297908168538;0.001065035338147833;466398.0;466042.0;27.5;0.01685049019607843
17;80;280;560.0;0.013037919998168945;560.0;1;0.01702737808227539;[11, 8, 10, 6, 7, 12, 3, 5, 2, 1, 4, 16, 9, 14, 17, 15, 13];0.0;-1051.362848660591;4.163620710372925;-1053.7647058823534;3;52.709781646728516;[11, 8, 10, 5, 2, 6, 7, 3, 4, 12, 16, 1, 9, 15, 13, 14, 17];-0.0022793107496907883;-1053.7647058823532;3;7;366;17.72907519340515;0.002470451462894818;0.27432126981569954;0.009005686888787626;435936.0;430370.0;155.5;0.09528186274509803
17;90;281;276.0;0.01260519027709961;276.0;1;0.01252889633178711;[15, 7, 6, 14, 12, 17, 9, 10, 16, 4, 8, 2, 3, 13, 1, 5, 11];0.0;-1514.8283480270907;4.780282258987427;-1518.6102941176462;3;106.84857988357544;[15, 7, 6, 14, 12, 17, 3, 9, 10, 16, 4, 2, 8, 1, 13, 5, 11];-0.0024903993507781053;-1518.6102941176468;7;8;405;29.48374056816101;0.0007449710589580993;0.27176626161866013;0.0027412198060237356;482546.0;478871.99999999756;69.0;0.042279411764705885
17;90;282;578.0;0.012738943099975586;578.0;1;0.012604236602783203;[7, 16, 5, 9, 17, 2, 6, 11, 12, 3, 4, 10, 8, 1, 15, 13, 14];0.0;-1230.4523528249142;4.870584011077881;-1232.2279411764707;1;51.283878326416016;[16, 5, 9, 7, 17, 2, 6, 11, 3, 4, 10, 12, 1, 15, 8, 13, 14];-0.0014409577093839054;-1232.2279411764705;1;6;350;15.510898351669312;0.0005060596008609197;0.2729718264335928;0.0018538894928192575;486462.0;485264.0;84.5;0.05177696078431373
17;90;283;546.0;0.012850046157836914;546.0;1;0.012823104858398438;[12, 14, 1, 5, 8, 7, 2, 6, 4, 15, 3, 16, 9, 11, 13, 17, 10];0.0;-1252.5747105460591;4.777016639709473;-1256.8455882352944;3;72.41953372955322;[12, 14, 1, 5, 8, 7, 2, 6, 4, 15, 3, 9, 16, 11, 13, 17, 10];-0.0033980925972234566;-1256.8455882352941;5;7;380;18.80947208404541;9.684723808589535e-05;0.2711297474347352;0.0003571988651271394;483914.0;483788.0;6.0;0.003676470588235294
17;90;284;398.0;0.012654542922973633;398.0;1;0.013152122497558594;[11, 6, 10, 13, 15, 16, 12, 9, 7, 14, 4, 1, 3, 5, 2, 17, 8];0.0;-1462.758639448966;4.644925832748413;-1464.8823529411768;5;62.548059940338135;[11, 10, 13, 7, 6, 9, 15, 16, 14, 4, 12, 1, 3, 5, 2, 17, 8];-0.001449750205500644;-1464.8823529411764;11;9;426;38.49832057952881;0.0008724395129083851;0.27810670587908887;0.003137067515688354;501190.0;497344.0;153.0;0.09375
17;90;285;422.0;0.013008594512939453;422.0;1;0.012801885604858398;[11, 17, 12, 3, 8, 2, 15, 10, 4, 9, 7, 5, 1, 16, 14, 6, 13];0.0;-1376.1525519595061;5.004576206207275;-1378.6727941176475;1;60.079986333847046;[11, 8, 17, 2, 15, 16, 12, 4, 3, 10, 9, 7, 6, 5, 1, 14, 13];-0.001828020520093232;-1378.6727941176475;3;5;314;11.924102783203125;0.002405521892487994;0.27344168611577935;0.008797202528474242;486336.0;481594.0;224.0;0.13725490196078433
17;90;286;300.0;0.01287531852722168;300.0;1;0.012891054153442383;[13, 16, 15, 6, 2, 12, 7, 1, 5, 3, 8, 17, 14, 9, 4, 11, 10];0.0;-1433.0842247970666;5.479990005493164;-1441.253676470588;114;270.50728845596313;[13, 7, 16, 15, 6, 12, 1, 2, 5, 3, 8, 14, 17, 10, 9, 4, 11];-0.00566829546171721;-1441.253676470588;137;10;550;87.08306407928467;0.0008882807154713124;0.2682129351170898;0.0033118489049886;468314.0;465010.00000000116;116.0;0.07107843137254902
17;90;287;396.0;0.012905597686767578;396.0;1;0.01277780532836914;[11, 4, 7, 8, 17, 14, 12, 1, 5, 16, 2, 3, 10, 6, 15, 13, 9];0.0;-1387.080376573348;4.945136308670044;-1391.4007352941173;3;118.71337962150574;[11, 4, 7, 8, 17, 14, 12, 1, 5, 16, 2, 3, 10, 6, 15, 13, 9];-0.0031050427178738182;-1391.400735294117;7;7;374;23.342652082443237;0.0;0.27066327552708164;0.0;479634.0;479634.0;0.0;0.0
17;90;288;520.0;0.01278066635131836;520.0;1;0.016374826431274414;[12, 15, 6, 14, 8, 17, 5, 10, 3, 4, 2, 16, 9, 7, 1, 11, 13];0.0;-1355.7959760827407;4.52345871925354;-1359.080882352941;1;52.920979261398315;[12, 15, 8, 6, 14, 17, 5, 10, 3, 2, 4, 16, 9, 1, 7, 11, 13];-0.0024170057226566843;-1359.080882352941;5;8;394;24.04681658744812;0.00023478580369162838;0.27789028114094927;0.0008448867039453683;504716.0;503865.99999999994;41.5;0.02542892156862745
17;90;289;452.0;0.012919902801513672;452.0;1;0.012821435928344727;[5, 10, 17, 12, 6, 1, 16, 7, 13, 2, 3, 11, 14, 4, 8, 15, 9];0.0;-1307.6072824992207;5.412580490112305;-1318.1801470588236;276;275.5425491333008;[5, 6, 10, 16, 17, 13, 3, 12, 2, 4, 1, 8, 7, 11, 14, 9, 15];-0.008020803972198731;-1318.1801470588234;107;8;473;67.55284881591797;0.0006440096601503242;0.27024678435178995;0.0023830428239693456;475820.0;471739.9999999936;242.0;0.1482843137254902
17;90;290;698.0;0.012568235397338867;698.0;1;0.012268304824829102;[7, 15, 3, 4, 9, 13, 5, 12, 8, 14, 10, 1, 6, 16, 2, 11, 17];0.0;-1162.791835753784;4.272587537765503;-1164.8014705882351;1;41.08703017234802;[7, 15, 3, 4, 9, 13, 5, 12, 16, 8, 14, 10, 1, 6, 2, 11, 17];-0.0017253024529890748;-1164.8014705882354;3;5;278;10.566047191619873;0.0006006207943172193;0.2768876744805806;0.0021691857372992005;500794.0;499466.0;40.0;0.024509803921568627
17;100;291;810.0;0.012800216674804688;810.0;1;0.012620925903320312;[5, 1, 6, 17, 11, 12, 8, 10, 3, 2, 7, 4, 9, 16, 14, 13, 15];0.0;-1248.4907120743032;4.706416368484497;-1251.2683823529412;1;41.1748321056366;[5, 1, 6, 17, 10, 11, 12, 8, 3, 4, 2, 9, 7, 16, 14, 13, 15];-0.002219883693868052;-1251.2683823529414;3;5;328;8.067384481430054;0.000454758740152883;0.2763302366023525;0.001645707490227696;553928.0;551100.0;59.5;0.036458333333333336
17;100;292;624.0;0.012805461883544922;624.0;1;0.014288187026977539;[4, 3, 16, 1, 7, 14, 5, 8, 15, 13, 11, 10, 2, 12, 9, 17, 6];0.0;-1409.8836354309167;5.063931941986084;-1411.3455882352941;1;51.10971760749817;[3, 4, 16, 1, 7, 14, 5, 8, 15, 13, 11, 10, 12, 9, 17, 2, 6];-0.0010358574232732787;-1411.345588235294;5;7;387;18.637730598449707;0.00024608170189144296;0.2742770207141832;0.0008972013085554046;546616.0;544633.9999999979;30.5;0.018688725490196078
17;100;293;362.0;0.012674093246459961;362.0;1;0.012346029281616211;[7, 2, 12, 14, 17, 10, 5, 9, 4, 8, 16, 15, 6, 13, 1, 11, 3];0.0;-1574.6279691252378;5.554065465927124;-1576.084558823529;3;63.4038827419281;[2, 7, 12, 14, 5, 17, 10, 4, 8, 9, 15, 6, 16, 1, 11, 3, 13];-0.0009241824559074185;-1576.084558823529;7;9;454;33.14440989494324;0.0008071969455443195;0.2676373235548639;0.003016010378607935;521126.0;518890.0;86.0;0.05269607843137255
17;100;294;328.0;0.016369342803955078;328.0;1;0.012866020202636719;[15, 11, 4, 5, 13, 16, 3, 9, 17, 10, 2, 12, 6, 7, 8, 1, 14];0.0;-1628.390180413269;5.557127475738525;-1631.084558823529;1;90.15442728996277;[15, 11, 4, 5, 6, 13, 10, 16, 3, 9, 7, 12, 8, 17, 2, 1, 14];-0.0016518937633763775;-1631.0845588235297;3;7;442;23.025959491729736;0.0029571782948984993;0.27107881781715365;0.010908924270479726;529884.0;522948.00000000105;181.5;0.11121323529411764
17;100;295;166.0;0.012443780899047852;166.0;1;0.012577295303344727;[17, 13, 16, 12, 5, 9, 15, 2, 6, 3, 14, 10, 8, 7, 4, 11, 1];0.0;-1831.7551625427031;6.194634914398193;-1839.1433823529412;25;222.07651019096375;[17, 13, 16, 9, 15, 5, 10, 12, 2, 6, 3, 14, 8, 7, 4, 11, 1];-0.004017207076473683;-1839.143382352941;41;8;516;55.10309290885925;0.00046934945511456494;0.27351757628182966;0.0017159754831658502;538802.0;538130.0;118.5;0.07261029411764706
17;100;296;532.0;0.01254582405090332;532.0;1;0.012599468231201172;[11, 3, 12, 7, 9, 10, 6, 14, 8, 17, 1, 4, 16, 13, 15, 2, 5];0.0;-1516.7894219569014;5.21477746963501;-1518.7536764705878;5;57.00337362289429;[11, 3, 12, 7, 9, 10, 6, 14, 8, 1, 17, 4, 16, 13, 15, 2, 5];-0.0012933331745087484;-1518.7536764705883;9;8;399;24.399338245391846;1.800071587321206e-05;0.27594818809212407;6.523223072297399e-05;550470.0;550444.0000000021;8.0;0.004901960784313725
17;100;297;726.0;0.013122320175170898;726.0;1;0.013142585754394531;[2, 9, 8, 10, 6, 4, 16, 3, 5, 15, 7, 1, 14, 12, 11, 17, 13];0.0;-1284.9603598738206;4.95455527305603;-1287.216911764707;5;51.79039907455444;[10, 2, 9, 6, 16, 8, 1, 15, 3, 5, 7, 12, 4, 11, 13, 14, 17];-0.0017530471129320047;-1287.2169117647059;15;8;433;23.928013563156128;0.002221205169980922;0.27385787991431737;0.008110795171115312;543480.0;534851.9999999981;227.0;0.13909313725490197
17;100;298;462.0;0.012896299362182617;462.0;1;0.012812614440917969;[15, 12, 7, 3, 10, 1, 11, 5, 14, 2, 13, 16, 9, 17, 4, 6, 8];0.0;-1516.5205379542174;5.458426475524902;-1519.3198529411761;3;77.74738144874573;[15, 12, 7, 3, 10, 1, 11, 5, 14, 2, 13, 16, 9, 17, 4, 8, 6];-0.0018424790418816173;-1519.3198529411766;5;7;413;22.879828929901123;6.971356786400484e-06;0.27041994196647684;2.5779743667220752e-05;531674.0;531122.0;2.0;0.0012254901960784314
17;100;299;890.0;0.012525796890258789;890.0;1;0.012947797775268555;[3, 12, 1, 11, 2, 13, 7, 9, 16, 8, 4, 6, 15, 17, 14, 5, 10];0.0;-1245.640697883311;4.694977283477783;-1247.2022058823532;3;32.85114574432373;[12, 3, 1, 11, 2, 13, 7, 9, 16, 8, 4, 6, 15, 17, 14, 5, 10];-0.0012520086892705562;-1247.2022058823527;3;7;388;15.3795166015625;8.854373481415045e-05;0.2810569127589086;0.0003150384523368885;573914.0;573242.0000000021;17.0;0.010416666666666666
17;100;300;432.0;0.012740850448608398;432.0;1;0.012526512145996094;[4, 6, 15, 16, 5, 7, 12, 17, 13, 9, 11, 1, 8, 10, 3, 14, 2];0.0;-1577.6349899959737;5.177525758743286;-1579.441176470588;1;66.14765739440918;[4, 6, 15, 16, 5, 7, 12, 17, 13, 9, 11, 1, 8, 10, 3, 14, 2];-0.0011435604576616187;-1579.4411764705885;3;5;315;15.601137638092041;3.3306690738754696e-16;0.2726394824857091;1.221638569553129e-15;539806.0;539805.9999999995;0.0;0.0
18;10;301;166.0;0.014297723770141602;166.0;1;0.013927459716796875;[7, 8, 6, 2, 16, 14, 10, 18, 17, 12, 3, 13, 9, 1, 11, 4, 5, 15];0.0;-124.67647058823529;0.5392634868621826;-125.01307189542484;1;3.4137938022613525;[7, 8, 6, 2, 14, 16, 10, 3, 13, 18, 17, 1, 11, 12, 9, 4, 5, 15];-0.0026925288858682395;-125.01307189542483;5;8;47;5.0253143310546875;0.0035660527937447783;0.31045475200111855;0.011486546012772676;88818.0;88112.0;103.5;0.053405572755417956
18;10;302;190.0;0.014594316482543945;190.0;1;0.01394033432006836;[18, 14, 17, 6, 5, 2, 13, 11, 7, 8, 4, 9, 3, 10, 15, 12, 1, 16];0.0;-104.10130718954245;0.5413188934326172;-104.10130718954245;1;0.5981173515319824;[18, 6, 2, 8, 9, 14, 5, 3, 11, 17, 13, 7, 10, 4, 1, 15, 12, 16];0.0;-104.10130718954244;1;5;39;0.14850831031799316;0.007297087752548559;0.3159831700972433;0.023093279779118906;90496.0;87835.99999999978;367.5;0.18962848297213622
18;10;303;144.0;0.01437830924987793;144.0;1;0.013758182525634766;[17, 10, 14, 11, 3, 12, 5, 9, 6, 16, 15, 13, 8, 1, 7, 4, 2, 18];0.0;-143.8202614379084;0.5409603118896484;-143.8202614379084;1;0.6075618267059326;[14, 11, 3, 12, 17, 5, 10, 9, 6, 16, 13, 8, 1, 15, 7, 2, 4, 18];0.0;-143.82026143790844;1;4;23;0.05185747146606445;0.0037802380940283875;0.3095067880474019;0.012213748583276412;87886.0;86532.0;176.5;0.09107327141382869
18;10;304;164.0;0.014503240585327148;164.0;1;0.01375579833984375;[13, 15, 16, 4, 11, 3, 5, 17, 10, 7, 1, 18, 12, 2, 8, 14, 9, 6];0.0;-125.17516339869273;0.5369229316711426;-125.27777777777771;1;1.2783448696136475;[13, 15, 11, 16, 4, 3, 5, 17, 10, 7, 1, 18, 12, 2, 8, 14, 9, 6];-0.0008190948219644056;-125.27777777777777;1;5;31;1.158599853515625;0.0005432185700273706;0.3061785296531015;0.0017741889695624122;87688.0;87580.0;31.5;0.016253869969040248
18;10;305;188.0;0.014451026916503906;188.0;1;0.013854026794433594;[11, 15, 5, 1, 6, 14, 7, 17, 13, 9, 2, 12, 3, 4, 8, 18, 10, 16];0.0;-99.45730550284624;0.5451507568359375;-99.55555555555554;1;2.844127893447876;[11, 15, 17, 18, 5, 1, 6, 14, 7, 13, 2, 9, 3, 4, 8, 12, 10, 16];-0.000986886690160449;-99.55555555555549;1;6;39;2.106013059616089;0.003684124586684101;0.31015404183154327;0.011878370389527578;87786.0;85234.0;251.0;0.12951496388028896
18;10;306;110.0;0.014446258544921875;110.0;1;0.014265775680541992;[14, 16, 12, 9, 4, 17, 7, 18, 1, 6, 15, 8, 10, 13, 3, 11, 2, 5];0.0;-169.12021475256768;0.5491840839385986;-169.13725490196077;1;0.8870763778686523;[14, 16, 12, 9, 6, 4, 17, 13, 7, 15, 18, 8, 3, 1, 11, 10, 2, 5];-0.00010074746337207507;-169.13725490196074;1;6;37;1.2269585132598877;0.0039306239737351145;0.3051972224210752;0.012878963781367912;85266.0;83889.99999999523;172.0;0.08875128998968008
18;10;307;186.0;0.014337539672851562;186.0;1;0.013774633407592773;[9, 5, 14, 6, 4, 11, 2, 10, 16, 13, 1, 7, 17, 12, 18, 15, 8, 3];0.0;-89.23482726423893;0.5512194633483887;-89.33006535947709;1;2.6198487281799316;[9, 5, 6, 4, 11, 2, 14, 10, 13, 16, 1, 7, 12, 18, 17, 15, 8, 3];-0.001066137082234353;-89.33006535947706;3;6;38;3.1778290271759033;0.0009808980325857197;0.2993030547343904;0.003277273709939897;83528.0;83335.99999999972;82.5;0.04256965944272446
18;10;308;166.0;0.01441812515258789;166.0;1;0.013834238052368164;[18, 17, 12, 2, 3, 8, 6, 4, 9, 7, 11, 10, 15, 14, 13, 1, 16, 5];0.0;-121.36601307189534;0.5450601577758789;-121.40849673202612;1;0.8274984359741211;[18, 8, 17, 2, 12, 10, 3, 6, 4, 9, 7, 15, 14, 13, 1, 16, 11, 5];-0.0003499232860493251;-121.40849673202611;1;5;36;0.19175124168395996;0.0046393991262827505;0.3109908571630679;0.014918120643817138;87928.0;85189.99999999962;184.0;0.09494324045407637
18;10;309;148.0;0.014292001724243164;148.0;1;0.01397562026977539;[13, 7, 5, 14, 12, 18, 17, 15, 6, 4, 16, 8, 11, 1, 2, 10, 9, 3];0.0;-171.59150326797382;0.5342638492584229;-171.67320261437908;1;2.843355655670166;[7, 13, 15, 5, 12, 14, 18, 6, 4, 11, 17, 16, 1, 8, 2, 10, 9, 3];-0.00047590040356371155;-171.67320261437908;1;5;34;2.023618698120117;0.001692566564386544;0.3251321512211442;0.005205780351249594;97182.0;95010.0;163.5;0.08436532507739938
18;10;310;220.0;0.014793157577514648;220.0;1;0.013785600662231445;[9, 10, 7, 2, 15, 5, 12, 11, 3, 18, 1, 6, 13, 4, 16, 8, 17, 14];0.0;-65.31154684095853;0.546008825302124;-65.54248366013064;1;3.116238594055176;[9, 2, 15, 5, 12, 10, 3, 7, 18, 11, 1, 4, 14, 6, 13, 16, 8, 17];-0.003523467623986254;-65.54248366013064;1;5;36;3.9708659648895264;0.005612817634452538;0.3099883156888433;0.018106545796669676;87550.0;85840.0;203.5;0.10500515995872033
18;20;311;218.0;0.01406240463256836;218.0;1;0.01406717300415039;[16, 9, 6, 18, 1, 17, 3, 10, 7, 2, 8, 12, 11, 14, 4, 5, 15, 13];0.0;-323.7223663966396;1.173274278640747;-325.4967320261438;5;29.54293155670166;[16, 1, 17, 3, 10, 7, 2, 8, 9, 6, 18, 12, 5, 11, 14, 4, 15, 13];-0.005451254820468265;-325.4967320261437;7;6;89;14.03471851348877;0.0028897346365058807;0.303026200234192;0.009536253413970694;165622.0;160858.0;331.5;0.17105263157894737
18;20;312;272.0;0.014188766479492188;272.0;1;0.013991355895996094;[9, 14, 7, 3, 15, 12, 6, 17, 18, 11, 5, 4, 13, 1, 8, 10, 16, 2];0.0;-281.24112430574735;1.1086461544036865;-281.90522875817;1;10.882626295089722;[9, 14, 7, 3, 15, 6, 17, 12, 18, 11, 4, 13, 5, 1, 8, 10, 16, 2];-0.002355772027883618;-281.90522875816987;5;6;73;9.058531284332275;0.00041966166058071686;0.3005219758082567;0.0013964425045856726;167828.0;167664.0;41.0;0.021155830753353973
18;20;313;344.0;0.014522314071655273;344.0;1;0.013906240463256836;[2, 1, 12, 13, 9, 8, 10, 5, 16, 7, 4, 6, 3, 17, 15, 18, 14, 11];0.0;-178.7675839275103;1.1132228374481201;-179.17320261437908;1;8.85746693611145;[2, 8, 1, 12, 13, 10, 5, 16, 7, 4, 6, 3, 17, 9, 15, 14, 18, 11];-0.0022638356682264105;-179.17320261437894;1;5;66;3.716538190841675;0.0021213351316667906;0.2946006238949931;0.0072007150005999835;159130.0;156490.0;162.0;0.08359133126934984
18;20;314;242.0;0.014230966567993164;242.0;1;0.013797521591186523;[17, 3, 10, 4, 8, 9, 6, 18, 11, 12, 5, 7, 13, 14, 16, 15, 2, 1];0.0;-278.89215686274497;1.0868980884552002;-278.89215686274497;1;1.2707476615905762;[3, 17, 10, 4, 8, 9, 6, 18, 11, 5, 12, 7, 16, 13, 15, 14, 2, 1];0.0;-278.89215686274497;1;4;46;0.12459135055541992;0.00038044908627132834;0.2914135303625029;0.0013055299312906643;157764.0;157007.99999999962;43.0;0.02218782249742002
18;20;315;158.0;0.01465153694152832;158.0;1;0.014187335968017578;[16, 11, 5, 13, 6, 12, 9, 10, 17, 18, 15, 1, 8, 4, 7, 3, 2, 14];0.0;-334.3790849673202;1.1246552467346191;-335.4019607843137;1;10.96155333518982;[16, 10, 11, 5, 12, 13, 1, 9, 6, 3, 8, 17, 18, 15, 4, 7, 2, 14];-0.003049701363109447;-335.40196078431364;3;8;92;16.286762237548828;0.0009875760816464574;0.2834029415385781;0.0034847065322786146;149624.0;148030.00000000006;265.5;0.1369969040247678
18;20;316;248.0;0.014307260513305664;248.0;1;0.013787031173706055;[6, 13, 2, 16, 11, 9, 10, 14, 7, 12, 3, 15, 4, 17, 5, 8, 1, 18];0.0;-269.6352747313614;1.1127207279205322;-270.00980392156856;1;11.70379090309143;[6, 13, 16, 9, 2, 10, 14, 11, 7, 12, 3, 1, 15, 4, 5, 17, 8, 18];-0.0013870947823656499;-270.0098039215686;1;7;86;11.3634672164917;0.0010099662210782956;0.2915564956812974;0.003464049801799982;157130.0;156133.9999999999;107.0;0.05521155830753354
18;20;317;84.0;0.014114618301391602;84.0;1;0.013319730758666992;[14, 17, 18, 16, 5, 15, 13, 12, 4, 8, 7, 11, 9, 6, 1, 10, 3, 2];0.0;-439.499066293184;1.0907251834869385;-439.5915032679738;0;3.457292079925537;[14, 12, 17, 18, 5, 4, 16, 7, 13, 15, 11, 8, 9, 6, 1, 10, 3, 2];-0.00021027925722538754;-439.59150326797374;1;6;65;2.3436381816864014;0.0018140848877372662;0.29295753905063465;0.006192313376252524;159136.0;157828.0;202.0;0.1042311661506708
18;20;318;194.0;0.014835357666015625;194.0;1;0.014011859893798828;[10, 1, 8, 18, 17, 15, 14, 2, 9, 3, 6, 7, 12, 13, 5, 16, 4, 11];0.0;-332.3349673202614;1.1352884769439697;-332.6862745098039;1;8.106349468231201;[1, 17, 10, 8, 18, 15, 14, 12, 2, 9, 3, 6, 7, 13, 5, 16, 4, 11];-0.0010559713954539918;-332.68627450980387;1;5;65;4.5260984897613525;0.0011038044808213687;0.29402954867435743;0.0037540597052163976;159808.0;158774.0;118.0;0.0608875128998968
18;20;319;360.0;0.014728069305419922;360.0;1;0.01395106315612793;[1, 14, 10, 7, 2, 3, 6, 11, 5, 9, 12, 8, 15, 16, 4, 18, 17, 13];0.0;-161.7033704028874;1.1249263286590576;-162.0849673202615;1;8.251896142959595;[1, 14, 6, 10, 7, 2, 3, 12, 11, 5, 13, 9, 8, 15, 16, 4, 18, 17];-0.0023543017201596017;-162.08496732026143;1;4;55;3.3613083362579346;0.002217329851459615;0.2948888847631955;0.007519204575106981;158836.0;156162.0;138.5;0.07146542827657379
18;20;320;268.0;0.014462709426879883;268.0;1;0.01400136947631836;[11, 1, 8, 5, 4, 15, 3, 13, 7, 9, 2, 18, 14, 17, 16, 10, 12, 6];0.0;-236.8148874364559;1.1313424110412598;-236.95751633986845;1;6.398083448410034;[11, 1, 8, 5, 4, 15, 2, 13, 7, 9, 17, 18, 14, 10, 3, 16, 6, 12];-0.0006019176163543083;-236.95751633986922;1;6;74;3.4339962005615234;0.0035520239958951594;0.28924526354312313;0.012280318620897982;154120.0;152160.0;136.0;0.07017543859649122
18;30;321;356.0;0.014157295227050781;356.0;1;0.013747692108154297;[5, 10, 7, 8, 14, 16, 15, 13, 11, 4, 17, 1, 9, 2, 18, 3, 12, 6];0.0;-419.21970499911663;1.6696045398712158;-419.7287581699345;1;10.56339168548584;[5, 10, 13, 14, 7, 16, 11, 15, 4, 17, 2, 8, 1, 9, 18, 3, 12, 6];-0.0012128146116016092;-419.7287581699346;1;6;123;6.48722767829895;0.0012180928795820778;0.2920501417291578;0.004170834749026474;235426.0;233510.00000000003;208.5;0.10758513931888544
18;30;322;234.0;0.014649391174316406;234.0;1;0.014250993728637695;[17, 12, 11, 8, 15, 3, 1, 16, 10, 9, 4, 2, 14, 6, 18, 13, 7, 5];0.0;-504.48410086088035;1.743828296661377;-504.8921568627451;1;13.469799995422363;[17, 12, 3, 11, 15, 1, 16, 10, 9, 4, 2, 14, 8, 18, 13, 6, 7, 5];-0.0008082042795045652;-504.8921568627451;1;5;97;7.173315048217773;0.001704929911396924;0.28538447358551733;0.005974150905886723;224482.0;221692.0;158.0;0.08152734778121776
18;30;323;436.0;0.014093637466430664;436.0;1;0.013707637786865234;[2, 8, 4, 12, 9, 15, 14, 11, 7, 6, 13, 1, 10, 17, 5, 18, 16, 3];0.0;-338.0549613784906;1.6409220695495605;-338.70261437908493;1;11.443217277526855;[2, 8, 4, 12, 9, 15, 11, 13, 1, 14, 7, 10, 6, 5, 18, 17, 3, 16];-0.0019121582565332362;-338.7026143790849;7;8;151;9.487627029418945;0.0005155474120720482;0.2902758624954394;0.0017760602195442555;234704.0;233188.00000000102;94.0;0.048503611971104234
18;30;324;316.0;0.014095306396484375;316.0;1;0.013560771942138672;[15, 2, 6, 5, 1, 14, 10, 8, 4, 9, 16, 17, 7, 13, 3, 11, 12, 18];0.0;-388.9910130718952;1.750946044921875;-389.5392156862745;1;10.995578527450562;[2, 6, 14, 7, 15, 5, 1, 8, 16, 3, 11, 10, 12, 4, 13, 9, 17, 18];-0.001407310464014433;-389.53921568627436;1;7;140;15.010278224945068;0.0041735820903612275;0.28074112157439524;0.01486630126344083;215692.0;212155.99999999884;369.5;0.19066047471620226
18;30;325;350.0;0.014353275299072266;350.0;1;0.013620138168334961;[7, 15, 3, 14, 16, 12, 6, 2, 9, 4, 13, 11, 17, 8, 5, 1, 10, 18];0.0;-405.11106233538175;1.6763129234313965;-405.98366013071876;1;8.750673294067383;[2, 7, 9, 15, 14, 16, 3, 13, 12, 11, 6, 4, 17, 8, 1, 5, 10, 18];-0.0021493421559283243;-405.98366013071893;1;5;103;4.992352724075317;0.0022666199733566428;0.28860238529922894;0.00785378114947513;230006.0;226888.0;293.5;0.15144478844169246
18;30;326;328.0;0.013918161392211914;328.0;1;0.013655424118041992;[9, 7, 5, 12, 14, 10, 11, 6, 16, 2, 13, 3, 18, 17, 15, 1, 4, 8];0.0;-441.1856562444796;1.654623031616211;-441.24183006535895;1;6.774863958358765;[9, 7, 12, 14, 11, 5, 6, 2, 13, 10, 3, 18, 16, 15, 17, 1, 4, 8];-0.0001273084668128588;-441.24183006535924;1;6;112;3.2078661918640137;0.00290759071260549;0.292677262682132;0.009934460524743042;234414.0;232152.00000000026;139.0;0.0717234262125903
18;30;327;346.0;0.014000177383422852;346.0;1;0.013597249984741211;[7, 8, 3, 2, 16, 13, 5, 17, 12, 18, 14, 10, 6, 11, 9, 4, 15, 1];0.0;-429.1498599439774;1.6597082614898682;-429.41503267973826;1;7.152949094772339;[7, 8, 5, 2, 16, 3, 13, 17, 12, 9, 18, 14, 6, 10, 11, 4, 15, 1];-0.0006175208494823003;-429.41503267973854;1;5;105;3.4861040115356445;0.0016114816306926905;0.2933261940191641;0.005493821089116256;235560.0;232814.0;138.0;0.07120743034055728
18;30;328;356.0;0.01406550407409668;356.0;1;0.014057636260986328;[18, 7, 6, 3, 15, 1, 4, 14, 11, 2, 5, 17, 10, 13, 12, 8, 9, 16];0.0;-398.864175268416;1.6528089046478271;-399.18954248366003;1;11.672242164611816;[18, 7, 6, 3, 15, 1, 4, 11, 14, 2, 5, 17, 10, 16, 13, 12, 8, 9];-0.0008150694860884489;-399.18954248366003;1;6;111;4.548527240753174;0.0019204611925888182;0.288383895483952;0.006659391258190727;229568.0;228478.0;28.0;0.014447884416924664
18;30;329;612.0;0.014333009719848633;612.0;1;0.014421224594116211;[1, 6, 5, 10, 4, 13, 3, 14, 18, 8, 7, 2, 12, 17, 11, 9, 16, 15];0.0;-194.69727249874293;1.6793253421783447;-194.79411764705878;1;5.8081374168396;[1, 6, 5, 10, 4, 3, 13, 14, 18, 7, 8, 2, 12, 11, 17, 9, 16, 15];-0.0004971666982845901;-194.79411764705873;1;6;114;3.539642095565796;0.0002892308010131739;0.29616314657131604;0.000976592815012948;244342.0;244174.00000000064;27.0;0.01393188854489164
18;30;330;316.0;0.014351844787597656;316.0;1;0.013985633850097656;[10, 16, 15, 11, 2, 12, 6, 1, 14, 3, 4, 13, 7, 17, 18, 5, 9, 8];0.0;-437.1732026143789;1.6514225006103516;-437.6960784313725;1;7.630066633224487;[10, 16, 15, 11, 2, 12, 1, 14, 3, 6, 5, 4, 13, 7, 17, 18, 9, 8];-0.0011946093254192602;-437.6960784313724;1;5;100;3.9430909156799316;0.0003522844767607225;0.2868029331004279;0.0012283154602096252;228222.0;227412.0;69.5;0.03586171310629515
18;40;331;468.0;0.014132499694824219;468.0;1;0.01374673843383789;[16, 6, 3, 1, 8, 9, 5, 14, 17, 11, 10, 7, 18, 12, 2, 13, 4, 15];0.0;-526.2527233115467;2.2369396686553955;-526.3333333333333;1;4.72124719619751;[6, 3, 16, 1, 8, 9, 5, 14, 17, 11, 7, 18, 10, 12, 2, 13, 4, 15];-0.00015315393626325058;-526.3333333333331;1;5;110;0.7385647296905518;0.0006159809895521784;0.2858170157862781;0.0021551585648517963;301274.0;299590.0;51.0;0.02631578947368421
18;40;332;274.0;0.013988971710205078;274.0;1;0.014392375946044922;[12, 6, 18, 17, 10, 9, 7, 5, 14, 2, 13, 11, 8, 15, 1, 3, 4, 16];0.0;-723.2456269850215;2.338191509246826;-724.542483660129;1;25.716921091079712;[12, 6, 18, 17, 10, 9, 7, 5, 13, 11, 8, 15, 1, 14, 2, 3, 4, 16];-0.0017898973550263264;-724.5424836601305;3;5;136;10.040235757827759;0.001171193952377969;0.28760192506668436;0.0040722743844861685;302980.0;298440.00000000105;87.5;0.04514963880288958
18;40;333;302.0;0.014285087585449219;302.0;1;0.014117240905761719;[10, 18, 15, 6, 8, 3, 11, 14, 9, 2, 7, 5, 1, 16, 13, 17, 4, 12];0.0;-676.6067251461986;2.395280599594116;-676.9183006535945;1;12.399197578430176;[10, 18, 15, 6, 3, 8, 11, 14, 2, 16, 5, 7, 1, 9, 13, 17, 4, 12];-0.0004602852472670449;-676.9183006535945;1;6;134;6.818740606307983;0.0005486391219643449;0.2831992283191588;0.0019372903140330655;296528.0;294896.0;91.0;0.04695562435500516
18;40;334;434.0;0.014440536499023438;434.0;1;0.014205455780029297;[14, 8, 1, 12, 15, 5, 9, 7, 6, 16, 10, 11, 4, 18, 17, 2, 13, 3];0.0;-566.0479196670348;2.342292547225952;-567.8464052287583;1;41.97971820831299;[14, 1, 8, 12, 6, 4, 15, 18, 5, 9, 2, 10, 7, 16, 11, 17, 13, 3];-0.0031672042741892614;-567.8464052287579;9;9;208;28.65766429901123;0.0023058807920688373;0.2884469992666714;0.007994123003294041;304838.0;301269.99999999785;272.0;0.14035087719298245
18;40;335;320.0;0.01434636116027832;320.0;1;0.013590097427368164;[5, 17, 9, 18, 15, 6, 8, 14, 3, 7, 12, 1, 16, 10, 4, 11, 13, 2];0.0;-663.5134200246465;2.2450695037841797;-664.140522875817;1;15.017481327056885;[5, 17, 6, 9, 18, 15, 8, 14, 3, 1, 10, 7, 16, 12, 4, 11, 13, 2];-0.0009442321761290451;-664.1405228758168;1;5;138;7.284327507019043;0.001184791536594787;0.2846786379952235;0.004161856136935241;298598.0;296488.0;94.5;0.048761609907120744
18;40;336;312.0;0.014091014862060547;312.0;1;0.014312028884887695;[7, 13, 17, 6, 18, 12, 11, 4, 14, 16, 3, 9, 5, 1, 15, 10, 2, 8];0.0;-693.8142889339645;2.282106876373291;-695.4771241830063;1;18.764925479888916;[7, 6, 11, 4, 17, 18, 9, 13, 12, 14, 16, 5, 1, 3, 10, 2, 15, 8];-0.0023909273090687577;-695.4771241830065;5;8;193;22.881829977035522;0.0009780700826862443;0.2878726210665159;0.0033975793844606404;305548.0;301758.00000000023;266.5;0.13751289989680082
18;40;337;396.0;0.014322996139526367;396.0;1;0.013757705688476562;[3, 6, 17, 2, 10, 14, 11, 12, 7, 8, 1, 16, 13, 5, 9, 18, 15, 4];0.0;-546.6465857090951;2.5104615688323975;-547.7026143790849;1;31.002992868423462;[3, 10, 6, 14, 7, 17, 8, 1, 2, 11, 12, 16, 13, 5, 9, 18, 15, 4];-0.0019281059506845999;-547.7026143790849;3;7;197;21.0438175201416;0.0023136841564050936;0.2802590544609783;0.008255519739959865;287124.0;283584.0;207.5;0.10706914344685242
18;40;338;180.0;0.01424407958984375;180.0;1;0.013957977294921875;[13, 16, 18, 3, 1, 11, 17, 15, 9, 12, 14, 10, 7, 5, 8, 6, 2, 4];0.0;-800.7273619933105;2.2887749671936035;-801.5751633986928;1;10.865532875061035;[13, 16, 18, 3, 1, 11, 17, 14, 15, 9, 10, 7, 5, 12, 8, 6, 2, 4];-0.0010576692543561306;-801.5751633986927;3;6;144;6.345872163772583;0.0001973780723630858;0.28380717643012726;0.0006954654031156251;297078.0;296320.0;55.5;0.02863777089783282
18;40;339;232.0;0.014328718185424805;232.0;1;0.01440286636352539;[16, 8, 12, 15, 13, 1, 10, 2, 6, 17, 9, 3, 11, 18, 7, 4, 5, 14];0.0;-701.834422657952;2.29837965965271;-702.4803921568623;1;13.28176474571228;[16, 8, 12, 15, 13, 17, 1, 10, 2, 6, 3, 11, 9, 18, 4, 7, 5, 14];-0.000919555201999267;-702.4803921568625;5;7;140;9.995279312133789;0.0003364162518642022;0.2757471617359598;0.0012200170973521596;282838.0;282588.0000000009;68.5;0.03534571723426213
18;40;340;346.0;0.01421976089477539;346.0;1;0.013981342315673828;[8, 9, 4, 3, 2, 5, 17, 7, 16, 6, 15, 13, 14, 11, 18, 12, 10, 1];0.0;-586.2893317090148;2.4431381225585938;-588.6960784313725;1;56.66848921775818;[4, 2, 17, 8, 9, 5, 7, 3, 16, 6, 13, 14, 11, 18, 15, 12, 10, 1];-0.004088266952228747;-588.6960784313725;1;7;183;17.34670352935791;0.0013488189692254515;0.27821089332738336;0.004848188915587267;283668.0;280234.0;206.0;0.10629514963880289
18;50;341;334.0;0.014091014862060547;334.0;1;0.014057636260986328;[17, 12, 5, 7, 1, 10, 9, 6, 2, 11, 13, 16, 14, 3, 4, 18, 8, 15];0.0;-778.3340938782179;3.4736671447753906;-779.7026143790845;1;45.237441301345825;[17, 12, 5, 7, 10, 9, 1, 6, 11, 13, 16, 2, 3, 14, 4, 8, 18, 15];-0.0017551826499342393;-779.7026143790847;3;6;207;13.039592504501343;0.0017521365169683722;0.2716597808586583;0.006449745749739784;338302.0;336710.0;65.0;0.033539731682146544
18;50;342;298.0;0.014210224151611328;298.0;1;0.014566421508789062;[18, 4, 14, 10, 9, 17, 8, 15, 5, 6, 7, 12, 16, 13, 2, 1, 11, 3];0.0;-937.8203000718136;3.007269859313965;-938.6764705882351;1;23.711528062820435;[18, 4, 17, 14, 10, 8, 15, 9, 5, 6, 7, 12, 16, 13, 2, 1, 11, 3];-0.0009121039498146688;-938.6764705882352;1;6;187;17.650294303894043;0.0005421147383709579;0.2857179900777535;0.0018973769842894044;374632.0;373514.0;73.0;0.037667698658410735
18;50;343;434.0;0.014609098434448242;434.0;1;0.01455998420715332;[6, 5, 10, 15, 14, 16, 17, 9, 4, 2, 1, 13, 12, 8, 7, 11, 3, 18];0.0;-756.6216947015691;2.9594967365264893;-759.8823529411768;3;41.568020820617676;[6, 5, 16, 9, 10, 17, 13, 3, 15, 4, 2, 14, 1, 12, 8, 7, 11, 18];-0.004291004031067525;-759.8823529411765;5;7;246;18.84537124633789;0.002376028607125935;0.2817330210772834;0.008433617749316495;363306.0;357440.0;299.5;0.1545407636738906
18;50;344;374.0;0.01439046859741211;374.0;1;0.014374256134033203;[8, 16, 7, 2, 13, 18, 11, 9, 15, 4, 12, 1, 10, 3, 5, 17, 6, 14];0.0;-789.9273252577586;2.9081296920776367;-791.5261437908493;1;29.305699586868286;[8, 16, 7, 2, 13, 18, 11, 9, 15, 4, 12, 1, 10, 3, 5, 17, 6, 14];-0.002019918793122244;-791.5261437908498;1;5;169;9.36016583442688;0.0;0.27546923542859375;0.0;352456.0;352456.0;0.0;0.0
18;50;345;432.0;0.014366626739501953;432.0;1;0.014118671417236328;[1, 16, 9, 6, 18, 12, 10, 3, 7, 11, 8, 5, 17, 4, 15, 13, 2, 14];0.0;-761.2699035169622;2.9486517906188965;-761.732026143791;1;21.32483410835266;[1, 16, 9, 6, 18, 12, 10, 7, 3, 11, 17, 8, 5, 4, 15, 13, 2, 14];-0.000606673490109455;-761.7320261437909;1;6;176;10.335291385650635;0.000196276780456639;0.28039617486338797;0.000699998067207112;361240.0;359838.00000000215;26.5;0.013673890608875128
18;50;346;324.0;0.01428365707397461;324.0;1;0.013827323913574219;[17, 14, 10, 12, 9, 3, 1, 16, 13, 6, 4, 18, 2, 15, 5, 7, 8, 11];0.0;-871.6470588235293;2.806847095489502;-871.790849673202;1;9.650418043136597;[17, 14, 10, 12, 9, 16, 3, 13, 6, 4, 1, 2, 18, 11, 15, 5, 7, 8];-0.00016493732381650528;-871.7908496732025;1;4;131;2.0429091453552246;0.0010705436462371543;0.2815139095876801;0.003802809061211676;362680.0;359248.0;82.5;0.04256965944272446
18;50;347;468.0;0.014411449432373047;468.0;1;0.014195442199707031;[7, 13, 5, 12, 4, 18, 2, 11, 14, 15, 16, 10, 1, 6, 17, 3, 8, 9];0.0;-784.2186956317298;2.778322219848633;-784.7287581699345;1;19.48536205291748;[7, 13, 5, 12, 4, 11, 18, 2, 14, 15, 16, 10, 1, 3, 8, 9, 6, 17];-0.0006499857853995428;-784.7287581699346;1;5;157;6.43918776512146;0.0004735156510786709;0.2881949745003551;0.0016430392372372457;379462.0;376578.0;51.0;0.02631578947368421
18;50;348;364.0;0.013913869857788086;364.0;1;0.013685941696166992;[12, 10, 2, 3, 17, 6, 18, 15, 1, 13, 11, 9, 14, 4, 7, 16, 8, 5];0.0;-771.343565122752;3.1625945568084717;-772.565359477124;1;40.10853552818298;[12, 10, 2, 3, 17, 15, 6, 1, 13, 11, 9, 14, 4, 7, 16, 8, 18, 5];-0.0015814770095295971;-772.5653594771242;1;7;213;19.550326347351074;0.0013769393261521268;0.27402272916857;0.005024909175709573;344922.0;343052.0;111.0;0.05727554179566564
18;50;349;406.0;0.014159917831420898;406.0;1;0.013675451278686523;[11, 3, 9, 14, 5, 17, 18, 6, 8, 4, 13, 15, 12, 2, 7, 10, 1, 16];0.0;-782.2256484348123;3.0204668045043945;-782.9281045751629;1;27.842740297317505;[8, 11, 3, 9, 14, 5, 17, 18, 6, 4, 2, 13, 15, 7, 10, 12, 1, 16];-0.0008972166617160493;-782.9281045751634;1;5;168;8.931626558303833;0.0006391605261345523;0.27944108679292123;0.002287281850604166;360180.0;357146.0;163.0;0.08410732714138287
18;50;350;284.0;0.014399528503417969;284.0;1;0.014124155044555664;[3, 8, 16, 10, 11, 14, 13, 6, 15, 7, 17, 9, 1, 5, 12, 4, 18, 2];0.0;-848.9892072102616;3.116035223007202;-850.6601307189544;1;25.853074312210083;[8, 3, 16, 10, 11, 13, 6, 17, 15, 7, 9, 1, 5, 12, 4, 18, 14, 2];-0.0019642668656406626;-850.6601307189543;1;8;205;14.776521921157837;0.0011150733871337914;0.27357014517180517;0.004076005393181747;344102.0;340642.0;154.0;0.07946336429308566
18;60;351;594.0;0.014217376708984375;594.0;1;0.014127016067504883;[17, 6, 8, 9, 2, 4, 1, 16, 7, 3, 12, 5, 11, 14, 10, 15, 13, 18];0.0;-816.8046568627448;3.4704244136810303;-817.4183006535936;1;21.408791542053223;[17, 6, 8, 9, 2, 4, 1, 16, 7, 3, 12, 5, 11, 14, 10, 15, 13, 18];-0.0007507096309908867;-817.4183006535945;1;4;160;4.8818511962890625;0.0;0.27768279989591466;0.0;426854.0;426854.0;0.0;0.0
18;60;352;616.0;0.014556884765625;616.0;1;0.014116048812866211;[12, 9, 5, 2, 4, 10, 16, 7, 11, 1, 6, 17, 18, 13, 14, 15, 8, 3];0.0;-840.3153594771237;3.43582820892334;-840.421568627451;1;7.763510704040527;[12, 9, 5, 2, 4, 10, 7, 16, 1, 17, 11, 18, 13, 6, 14, 15, 8, 3];-0.00012637604065879326;-840.4215686274505;1;5;171;1.1832518577575684;0.0009340702109441601;0.2833957432881222;0.0032959923819127776;441600.0;440556.0;54.5;0.028121775025799794
18;60;353;666.0;0.014501094818115234;666.0;1;0.013906717300415039;[2, 1, 16, 8, 9, 5, 7, 4, 3, 15, 10, 13, 14, 17, 18, 11, 6, 12];0.0;-748.4154516507455;3.686812162399292;-751.9901960784309;1;60.23463582992554;[2, 8, 9, 5, 7, 4, 1, 13, 3, 15, 10, 14, 17, 16, 18, 11, 6, 12];-0.004753711479654199;-751.9901960784312;3;7;281;14.840346336364746;0.0021485266148960624;0.28081983492600976;0.007650907620048117;431248.0;426430.0;261.0;0.1346749226006192
18;60;354;488.0;0.014533758163452148;488.0;1;0.014479398727416992;[9, 17, 11, 10, 6, 8, 3, 13, 16, 4, 1, 7, 15, 5, 18, 2, 14, 12];0.0;-932.083566760037;3.6954009532928467;-932.6960784313724;1;19.527045488357544;[9, 17, 11, 6, 3, 10, 13, 4, 8, 1, 16, 7, 15, 5, 18, 2, 14, 12];-0.0006567108895381146;-932.6960784313721;1;6;233;9.436186075210571;0.0012886957947964017;0.2800663923057684;0.0046013939201581915;431116.0;428466.0;87.5;0.04514963880288958
18;60;355;464.0;0.014290094375610352;464.0;1;0.014245748519897461;[6, 18, 1, 2, 7, 9, 16, 4, 3, 17, 14, 11, 12, 13, 15, 10, 5, 8];0.0;-902.5106569588618;3.627098560333252;-904.2385620915031;1;38.9183714389801;[18, 1, 6, 2, 7, 9, 3, 16, 4, 17, 14, 13, 15, 11, 10, 12, 5, 8];-0.0019108952051820616;-904.2385620915031;3;7;253;20.189143657684326;0.0007850908883221264;0.27332777325426155;0.002872342166237897;414574.0;411268.0;90.0;0.04643962848297214
18;60;356;560.0;0.014374971389770508;560.0;1;0.014180898666381836;[11, 8, 5, 1, 12, 17, 3, 9, 16, 13, 4, 6, 2, 10, 7, 18, 15, 14];0.0;-846.4020623831611;3.62381649017334;-848.209150326797;3;55.35542821884155;[11, 8, 1, 12, 17, 3, 5, 9, 4, 6, 2, 13, 10, 7, 16, 18, 15, 14];-0.0021304744742964843;-848.209150326797;3;7;260;16.84289050102234;0.001624155890091572;0.2787745657204315;0.0058260547761747866;427682.0;423441.99999999994;140.5;0.07249742002063983
18;60;357;416.0;0.014937639236450195;416.0;1;0.014795541763305664;[1, 15, 4, 7, 3, 10, 16, 5, 13, 9, 6, 11, 14, 18, 2, 17, 12, 8];0.0;-926.26041709277;4.266484498977661;-930.8986928104573;41;123.83338856697083;[1, 5, 7, 3, 4, 11, 10, 16, 15, 6, 14, 18, 8, 13, 9, 2, 17, 12];-0.004982578398175619;-930.8986928104573;9;9;347;47.83082056045532;0.002748821835587889;0.273214719799669;0.010061031256307952;410236.0;403568.0;357.5;0.184468524251806
18;60;358;516.0;0.014345169067382812;516.0;1;0.014044046401977539;[16, 12, 11, 7, 18, 2, 5, 4, 17, 14, 1, 10, 9, 8, 15, 6, 3, 13];0.0;-953.8812162546177;3.4954559803009033;-956.2581699346401;5;57.108214139938354;[12, 7, 16, 2, 5, 1, 4, 11, 18, 17, 10, 9, 8, 14, 15, 6, 3, 13];-0.0024856819578178424;-956.2581699346407;7;10;344;41.97832679748535;0.0003505777860034476;0.2840637894502063;0.0012341516202469041;445760.0;442926.0;224.5;0.11584107327141382
18;60;359;322.0;0.014546394348144531;322.0;1;0.01419520378112793;[6, 13, 17, 15, 7, 14, 18, 10, 8, 5, 1, 3, 2, 9, 4, 16, 12, 11];0.0;-1080.239108080164;3.7705249786376953;-1083.032679738562;9;99.08479118347168;[6, 13, 17, 15, 7, 10, 8, 3, 14, 9, 4, 18, 5, 1, 2, 16, 12, 11];-0.0025793973816858884;-1083.032679738562;11;9;349;33.55729341506958;0.001814045793771757;0.2795081967213115;0.006490134511441476;426932.0;423102.0;162.0;0.08359133126934984
18;60;360;452.0;0.014574050903320312;452.0;1;0.01394343376159668;[16, 8, 10, 9, 3, 4, 18, 14, 7, 15, 5, 12, 11, 2, 6, 1, 17, 13];0.0;-984.7403017591778;3.6011059284210205;-985.7156862745101;1;24.115867137908936;[16, 8, 10, 9, 3, 2, 4, 18, 14, 7, 12, 11, 15, 5, 6, 1, 17, 13];-0.0009895191168345363;-985.7156862745097;1;5;215;11.297869682312012;0.002436213105857732;0.2823608364172536;0.008628013490715342;437576.0;433030.0;122.0;0.0629514963880289
18;70;361;482.0;0.018289804458618164;482.0;1;0.0142669677734375;[8, 4, 15, 10, 9, 5, 18, 1, 16, 12, 6, 11, 14, 2, 7, 3, 17, 13];0.0;-1144.5598288354201;4.332697629928589;-1146.9738562091497;1;59.37590551376343;[8, 4, 15, 10, 5, 9, 18, 1, 16, 12, 6, 11, 3, 14, 2, 7, 17, 13];-0.0021046925879445455;-1146.9738562091497;11;9;338;26.444939136505127;0.00047782088852965643;0.27681963845752355;0.0017261090694003468;493240.0;492014.0;30.5;0.015737874097007224
18;70;362;428.0;0.01424717903137207;428.0;1;0.014557838439941406;[6, 16, 12, 5, 8, 10, 11, 13, 2, 3, 1, 18, 17, 14, 15, 9, 4, 7];0.0;-1143.8147192708145;4.869218826293945;-1147.0620915032678;3;88.49958276748657;[6, 16, 12, 5, 8, 10, 11, 2, 13, 3, 1, 18, 17, 14, 15, 4, 7, 9];-0.002831034393436793;-1147.0620915032675;5;8;343;32.21439337730408;0.00030750476357821466;0.2721979663107758;0.0011297099965365948;476620.0;475618.0;16.5;0.008513931888544891
18;70;363;508.0;0.01459813117980957;508.0;1;0.01420283317565918;[8, 17, 9, 11, 6, 4, 2, 1, 10, 14, 5, 18, 7, 3, 12, 16, 15, 13];0.0;-1112.1688230847892;4.048339605331421;-1113.6797385620916;3;34.41821789741516;[8, 17, 9, 11, 6, 4, 2, 1, 14, 5, 18, 7, 3, 12, 16, 10, 15, 13];-0.0013566875870913986;-1113.6797385620914;11;8;311;14.46432089805603;0.0004913989679071751;0.275768144266788;0.0017819279642095939;491030.0;488566.0;59.5;0.03070175438596491
18;70;364;626.0;0.01412510871887207;626.0;1;0.014293909072875977;[6, 1, 12, 5, 17, 7, 16, 8, 9, 18, 11, 14, 4, 2, 13, 10, 15, 3];0.0;-1045.14884842826;4.314045429229736;-1046.140522875817;1;16.08334517478943;[1, 12, 5, 17, 6, 7, 8, 9, 18, 16, 11, 14, 4, 2, 13, 10, 15, 3];-0.0009479361767106287;-1046.1405228758167;1;4;185;3.1548564434051514;0.0011050072371817654;0.2809468812576338;0.003933153599126278;507192.0;505756.0;103.5;0.053405572755417956
18;70;365;384.0;0.014206171035766602;384.0;1;0.013710975646972656;[15, 1, 3, 6, 10, 16, 18, 4, 12, 17, 14, 11, 7, 5, 8, 2, 9, 13];0.0;-1167.761621916087;4.8670408725738525;-1171.3496732026135;3;129.95940923690796;[15, 1, 3, 6, 10, 16, 18, 4, 12, 5, 14, 17, 11, 8, 7, 2, 9, 13];-0.0030631769219828797;-1171.3496732026135;7;6;286;23.145777940750122;0.00025768882973919993;0.2699539606729487;0.0009545658418821717;470550.0;468392.0;47.0;0.024251805985552117
18;70;366;334.0;0.014154195785522461;334.0;1;0.013893842697143555;[3, 5, 2, 18, 17, 14, 12, 15, 4, 10, 7, 16, 11, 8, 9, 6, 13, 1];0.0;-1251.0876994107045;4.595686674118042;-1255.022875816993;7;113.75907611846924;[3, 5, 2, 18, 17, 14, 12, 15, 11, 4, 7, 9, 16, 8, 13, 10, 6, 1];-0.0031355415762654992;-1255.0228758169933;11;9;376;39.71041250228882;0.0013354095922220033;0.2745160105778838;0.004864596383325081;482186.0;477432.0;91.0;0.04695562435500516
18;70;367;546.0;0.014370203018188477;546.0;1;0.014679431915283203;[5, 15, 4, 8, 6, 10, 7, 14, 2, 13, 17, 11, 3, 16, 18, 1, 12, 9];0.0;-1074.9429729006608;4.494119167327881;-1077.0163398692812;1;50.779791593551636;[5, 8, 15, 6, 10, 7, 14, 2, 13, 17, 11, 4, 3, 16, 18, 12, 1, 9];-0.0019251026116019476;-1077.0163398692803;3;6;268;11.854647874832153;0.000528096685183721;0.2763589745031502;0.0019109083977936862;491492.0;488372.0;146.5;0.07559339525283798
18;70;368;592.0;0.01451420783996582;592.0;1;0.014163970947265625;[3, 10, 9, 2, 18, 8, 16, 7, 6, 15, 14, 12, 5, 17, 11, 1, 4, 13];0.0;-1023.7313517979283;4.427034139633179;-1028.846405228758;3;113.91473388671875;[3, 10, 9, 2, 18, 8, 16, 7, 6, 14, 12, 5, 17, 11, 1, 4, 13, 15];-0.004971639503072778;-1028.846405228758;21;8;339;35.0151948928833;0.00041062044905548767;0.27628370255881846;0.001486227545282263;490684.0;490155.9999999979;58.0;0.029927760577915376
18;70;369;546.0;0.014571666717529297;546.0;1;0.014209270477294922;[3, 7, 6, 2, 8, 17, 10, 9, 1, 18, 15, 13, 4, 5, 12, 16, 14, 11];0.0;-1021.9788492223303;4.50488018989563;-1027.6633986928105;9;134.00986456871033;[3, 6, 1, 7, 8, 17, 2, 10, 4, 5, 9, 16, 18, 15, 11, 13, 12, 14];-0.005531528589722057;-1027.6633986928102;17;8;370;37.16521406173706;0.0009647301848569878;0.27214541014984295;0.003544907056583495;477026.0;473354.0;248.0;0.12796697626418987
18;70;370;426.0;0.01416468620300293;426.0;1;0.014204740524291992;[9, 15, 2, 8, 11, 7, 6, 3, 14, 16, 1, 4, 17, 13, 12, 5, 10, 18];0.0;-1139.3512467189078;4.879479169845581;-1143.9509803921565;3;102.79345989227295;[9, 2, 8, 7, 15, 4, 11, 6, 3, 14, 16, 1, 13, 17, 12, 5, 10, 18];-0.004020918511448701;-1143.9509803921567;11;7;324;27.085387706756592;0.000892612297462736;0.27230569807336275;0.003277978770838113;475812.0;470406.00000000047;141.0;0.07275541795665634
18;80;371;552.0;0.014327526092529297;552.0;1;0.013916492462158203;[5, 15, 12, 13, 6, 16, 2, 1, 8, 17, 7, 3, 11, 10, 4, 9, 14, 18];0.0;-1237.0495642701524;5.56656551361084;-1241.9379084967318;7;165.84343814849854;[5, 12, 13, 6, 15, 2, 1, 8, 17, 3, 16, 11, 10, 14, 4, 7, 18, 9];-0.00393606169288796;-1241.9379084967318;9;6;340;22.6818425655365;0.0010625409692597287;0.2720676245138863;0.0039054296561680637;543938.0;541780.0;156.0;0.0804953560371517
18;80;372;310.0;0.014609336853027344;310.0;1;0.014405488967895508;[18, 10, 3, 7, 2, 17, 5, 11, 12, 14, 15, 16, 13, 6, 1, 8, 4, 9];0.0;-1460.3659888726593;6.142292261123657;-1463.235294117647;1;108.75998640060425;[14, 10, 3, 2, 12, 17, 18, 5, 7, 15, 11, 16, 1, 13, 8, 6, 4, 9];-0.0019609322277303054;-1463.2352941176468;3;6;267;18.998647212982178;0.0026568643225202138;0.2712720366955884;0.009794095826772039;539948.0;532424.0;348.0;0.17956656346749225
18;80;373;332.0;0.014420270919799805;332.0;1;0.013865470886230469;[16, 6, 18, 7, 14, 9, 13, 5, 3, 10, 8, 15, 11, 4, 17, 12, 1, 2];0.0;-1482.3578992916578;5.510493755340576;-1487.1568627450981;9;188.12092232704163;[18, 16, 7, 14, 6, 8, 9, 13, 3, 15, 17, 5, 4, 12, 10, 11, 1, 2];-0.003226938310046279;-1487.1568627450972;13;9;480;51.23399090766907;0.0023700610598967886;0.27539590537078035;0.008606014155169983;553532.0;546412.0000000001;215.0;0.1109391124871001
18;80;374;484.0;0.014534711837768555;484.0;1;0.014295578002929688;[8, 4, 14, 1, 17, 16, 12, 6, 13, 3, 9, 15, 18, 5, 2, 7, 10, 11];0.0;-1322.173812402376;5.720622777938843;-1328.7679738562088;45;254.09097814559937;[8, 4, 14, 1, 17, 16, 12, 6, 13, 5, 3, 2, 9, 11, 15, 18, 7, 10];-0.004962613175192643;-1328.7679738562088;82;7;374;39.0105140209198;0.0006946675700542082;0.2735002975871781;0.002539915225623414;549138.0;543244.0;73.0;0.037667698658410735
18;80;375;546.0;0.014274358749389648;546.0;1;0.0150909423828125;[3, 6, 13, 16, 1, 12, 2, 17, 8, 18, 5, 7, 9, 14, 4, 11, 15, 10];0.0;-1240.7412873067371;5.708757638931274;-1244.754901960784;27;159.60304284095764;[3, 6, 13, 16, 1, 12, 17, 4, 2, 8, 18, 5, 7, 11, 15, 10, 9, 14];-0.0032244216493740874;-1244.7549019607839;5;7;398;28.46599507331848;0.0014238982174419323;0.2725980985913727;0.005223434150127254;543502.0;534724.0;107.5;0.05546955624355005
18;80;376;596.0;0.014159202575683594;596.0;1;0.013879060745239258;[7, 4, 16, 6, 15, 2, 3, 17, 9, 14, 13, 5, 12, 11, 1, 10, 8, 18];0.0;-1257.795233570745;4.993120908737183;-1260.0163398692807;1;51.39337420463562;[7, 4, 16, 6, 15, 2, 3, 17, 9, 14, 13, 5, 12, 11, 1, 8, 18, 10];-0.001762759916880241;-1260.0163398692807;5;4;204;8.129033327102661;0.0001438266156579271;0.27587562307611047;0.0005213458661342007;561480.0;561268.0;5.5;0.0028379772961816306
18;80;377;436.0;0.014375925064086914;436.0;1;0.014464139938354492;[17, 18, 13, 8, 1, 9, 3, 12, 14, 4, 7, 10, 2, 15, 11, 5, 16, 6];0.0;-1369.8685766068234;5.55300498008728;-1372.8529411764705;3;96.76261949539185;[17, 18, 9, 13, 12, 8, 1, 7, 3, 14, 4, 10, 2, 6, 15, 11, 5, 16];-0.0021738414072884904;-1372.8529411764703;7;8;359;32.60080289840698;0.0007077184599771913;0.27366885995030776;0.002586039420435695;547974.0;544504.0;137.0;0.07069143446852426
18;80;378;386.0;0.014295816421508789;386.0;1;0.014322042465209961;[8, 18, 2, 13, 15, 17, 9, 3, 16, 4, 11, 5, 12, 14, 7, 6, 1, 10];0.0;-1471.3600687799872;5.285851716995239;-1473.3594771241826;1;55.38688111305237;[8, 17, 18, 2, 9, 13, 3, 16, 15, 4, 11, 5, 14, 7, 1, 6, 12, 10];-0.0013570404067974051;-1473.359477124183;3;8;359;39.728567123413086;0.0005529888639479452;0.27730377359419706;0.0019941627796136027;563118.0;559256.0000000007;143.5;0.0740454076367389
18;80;379;462.0;0.013928413391113281;462.0;1;0.01411890983581543;[11, 13, 18, 2, 10, 9, 8, 17, 7, 15, 4, 14, 5, 3, 6, 1, 16, 12];0.0;-1378.5920765967205;5.596714019775391;-1381.0261437908496;3;54.75699424743652;[11, 13, 18, 2, 9, 8, 17, 7, 15, 10, 4, 14, 3, 6, 5, 1, 16, 12];-0.0017625062386202872;-1381.0261437908493;3;8;385;25.446532011032104;0.000394307290469853;0.27506273881424875;0.0014335176482632593;557896.0;555486.0;76.5;0.039473684210526314
18;80;380;534.0;0.01450967788696289;534.0;1;0.014714479446411133;[17, 4, 1, 7, 6, 13, 12, 18, 9, 10, 5, 15, 11, 16, 3, 2, 8, 14];0.0;-1262.33291239591;6.088060617446899;-1265.6928104575156;3;131.26990604400635;[17, 12, 4, 1, 6, 18, 7, 9, 16, 10, 15, 11, 3, 13, 2, 5, 8, 14];-0.0026545920414853263;-1265.692810457516;19;6;310;22.70227313041687;0.0007579013272884794;0.27251599360255896;0.002781126044271049;545250.0;540486.0;249.5;0.12874097007223942
18;90;381;352.0;0.014207124710083008;352.0;1;0.014049053192138672;[16, 8, 13, 6, 10, 14, 18, 7, 3, 2, 9, 17, 4, 5, 1, 11, 15, 12];0.0;-1625.8893864350814;6.583921670913696;-1629.1078431372555;1;89.81128811836243;[16, 13, 8, 6, 10, 14, 18, 7, 3, 2, 9, 17, 5, 1, 11, 15, 12, 4];-0.00197559462728758;-1629.1078431372553;1;6;340;18.916404247283936;0.0002447053411223088;0.26831966653458783;0.000911991820363883;599296.0;597676.0;42.0;0.021671826625386997
18;90;382;448.0;0.014211893081665039;448.0;1;0.014187097549438477;[5, 11, 4, 13, 16, 2, 18, 6, 10, 8, 14, 12, 1, 3, 9, 15, 17, 7];0.0;-1525.565591838207;6.418161869049072;-1528.418300653594;5;104.02997851371765;[16, 5, 11, 4, 2, 13, 18, 6, 10, 8, 14, 1, 15, 12, 3, 9, 17, 7];-0.0018664450786589626;-1528.4183006535939;5;7;358;25.62069034576416;0.00019477083190422295;0.2680480324281666;0.0007266266054626572;597790.0;596252.0;107.5;0.05546955624355005
18;90;383;584.0;0.014530658721923828;584.0;1;0.014227628707885742;[1, 2, 7, 5, 16, 13, 9, 11, 18, 15, 12, 14, 4, 10, 6, 17, 3, 8];0.0;-1436.9341736571841;6.206788063049316;-1439.3071895424835;3;80.60958981513977;[1, 2, 16, 11, 18, 7, 5, 13, 9, 15, 12, 14, 4, 10, 6, 17, 3, 8];-0.0016487209280554582;-1439.3071895424837;5;7;398;23.7358455657959;0.0004262553829965654;0.271719425896759;0.0015687335625334457;612442.0;610522.0;145.5;0.07507739938080496
18;90;384;510.0;0.014445304870605469;510.0;1;0.013791561126708984;[15, 10, 5, 11, 4, 6, 8, 2, 12, 3, 9, 17, 14, 13, 1, 7, 16, 18];0.0;-1485.6883313306519;6.3800928592681885;-1489.0326797385617;5;115.4561755657196;[15, 10, 5, 11, 6, 2, 12, 8, 3, 17, 14, 4, 9, 13, 1, 7, 16, 18];-0.002245987246228154;-1489.0326797385621;5;9;480;34.3747501373291;0.0011066935966194125;0.27106776492894386;0.0040827193041913885;606178.0;603152.0;128.5;0.06630546955624356
18;90;385;756.0;0.01470184326171875;756.0;1;0.015352725982666016;[1, 2, 14, 8, 6, 5, 12, 3, 15, 18, 10, 9, 11, 13, 17, 16, 4, 7];0.0;-1269.370468048601;6.7941529750823975;-1277.1699346405228;15;256.8186249732971;[1, 2, 14, 8, 6, 5, 12, 15, 18, 10, 9, 11, 16, 3, 13, 4, 17, 7];-0.006106835418199119;-1277.1699346405228;25;8;452;61.17699480056763;4.2656240666683054e-05;0.27255494773426486;0.00015650510482852052;614824.0;613534.0000000042;72.5;0.03740970072239422
18;90;386;460.0;0.014330148696899414;460.0;1;0.014553546905517578;[8, 5, 15, 11, 7, 14, 18, 9, 2, 1, 16, 3, 6, 4, 13, 12, 10, 17];0.0;-1545.4093224754963;6.46497106552124;-1552.5849673202608;19;290.0755503177643;[8, 11, 5, 7, 14, 18, 9, 15, 12, 1, 2, 16, 3, 6, 4, 13, 10, 17];-0.004621740513918282;-1552.5849673202608;41;11;532;99.08731174468994;0.0005927947270673029;0.2719094155778973;0.0021801184258640636;609470.0;605451.9999999985;161.5;0.08333333333333333
18;90;387;828.0;0.014621973037719727;828.0;1;0.014635086059570312;[8, 5, 2, 4, 7, 17, 11, 9, 1, 15, 6, 3, 10, 18, 14, 13, 12, 16];0.0;-1245.4485191993458;5.5428466796875;-1248.7450980392148;3;87.64930462837219;[8, 5, 2, 4, 1, 7, 15, 11, 17, 6, 10, 9, 3, 14, 18, 13, 12, 16];-0.00263991333783431;-1248.7450980392152;3;7;386;18.092328310012817;0.0001717041271879216;0.2753213176103523;0.0006236499544540368;628286.0;626781.9999999986;133.0;0.06862745098039216
18;90;388;636.0;0.014295578002929688;636.0;1;0.014483213424682617;[14, 12, 5, 10, 4, 8, 2, 7, 13, 17, 9, 11, 16, 15, 1, 3, 18, 6];0.0;-1406.7207630338953;5.9013307094573975;-1407.4934640522874;1;40.86299395561218;[12, 14, 10, 5, 4, 8, 2, 7, 13, 9, 17, 11, 16, 1, 3, 15, 18, 6];-0.0005489908394795684;-1407.4934640522872;1;6;323;9.81492805480957;0.00023301465747149752;0.27286244204700677;0.0008539638351230304;618264.0;617270.0;52.5;0.027089783281733747
18;90;389;866.0;0.014185667037963867;866.0;1;0.014100074768066406;[5, 6, 13, 15, 2, 9, 8, 4, 10, 18, 16, 12, 7, 11, 1, 3, 14, 17];0.0;-1261.4575163398688;5.350785493850708;-1262.3202614379088;1;16.82861351966858;[5, 6, 13, 15, 2, 9, 8, 18, 4, 16, 12, 7, 1, 10, 11, 3, 14, 17];-0.0006834597561298228;-1262.320261437908;3;5;263;3.758791446685791;0.00015505459965259316;0.2790560011786985;0.0005556397246347022;643958.0;641260.0;62.0;0.03199174406604747
18;90;390;370.0;0.014483213424682617;370.0;1;0.014059066772460938;[7, 10, 4, 1, 13, 9, 15, 11, 18, 5, 16, 6, 14, 17, 3, 12, 8, 2];0.0;-1613.7820028284336;6.663520336151123;-1619.5490196078433;7;192.18486714363098;[7, 10, 4, 1, 13, 9, 15, 11, 18, 5, 16, 6, 14, 17, 3, 12, 2, 8];-0.0035608781886738994;-1619.5490196078435;7;7;411;35.758291244506836;1.1039517793909326e-05;0.2694913507677006;4.096427496638029e-05;601502.0;601484.0;2.0;0.0010319917440660474
18;100;391;590.0;0.014272212982177734;590.0;1;0.013633489608764648;[16, 15, 4, 3, 14, 8, 5, 10, 13, 9, 11, 6, 17, 2, 1, 18, 12, 7];0.0;-1681.0778867102395;6.312600135803223;-1681.3267973856205;1;22.869143962860107;[16, 15, 4, 3, 14, 8, 5, 10, 13, 9, 11, 6, 17, 2, 1, 18, 12, 7];-0.00014804419686165193;-1681.3267973856207;1;4;254;3.9538283348083496;0.0;0.2723349750569051;0.0;686758.0;686758.0;0.0;0.0
18;100;392;718.0;0.014314413070678711;718.0;1;0.014377832412719727;[2, 8, 3, 5, 15, 1, 9, 7, 16, 13, 11, 17, 12, 18, 10, 14, 4, 6];0.0;-1530.158718631485;6.244506120681763;-1530.5555555555538;1;37.116615295410156;[2, 8, 3, 5, 1, 15, 9, 7, 16, 13, 11, 12, 18, 10, 17, 4, 14, 6];-0.0002592763932209863;-1530.555555555555;1;6;312;8.340369701385498;0.0004570097718801236;0.2722343314442947;0.0016787367319012743;680692.0;679249.9999999992;36.5;0.018833849329205368
18;100;393;634.0;0.014452695846557617;634.0;1;0.014348030090332031;[5, 2, 12, 8, 3, 17, 7, 15, 6, 10, 13, 9, 11, 1, 16, 14, 4, 18];0.0;-1561.5522504617677;6.895895957946777;-1567.5065359477117;3;97.40503001213074;[5, 2, 12, 3, 8, 17, 7, 6, 15, 10, 13, 9, 11, 1, 16, 14, 4, 18];-0.0037985713930972498;-1567.5065359477117;7;8;479;38.014233112335205;8.833117566009463e-05;0.2687628310330836;0.0003286584507261029;665700.0;664930.0000000003;26.0;0.013415892672858616
18;100;394;358.0;0.01448822021484375;358.0;1;0.014989614486694336;[18, 16, 11, 9, 13, 8, 10, 5, 7, 2, 15, 12, 4, 3, 1, 6, 14, 17];0.0;-1840.1655027307725;7.58186674118042;-1846.1209150326795;5;145.87152361869812;[18, 16, 11, 13, 8, 10, 5, 9, 7, 2, 3, 15, 12, 4, 1, 6, 14, 17];-0.003225905872910606;-1846.1209150326797;7;6;411;28.843369007110596;0.0008071833784444316;0.270081107806045;0.002988670273909344;667812.0;662694.0;79.5;0.04102167182662539
18;100;395;578.0;0.01404571533203125;578.0;1;0.014186620712280273;[4, 7, 8, 6, 13, 11, 2, 17, 3, 12, 5, 10, 15, 18, 16, 14, 9, 1];0.0;-1671.9446980666562;7.855974435806274;-1677.4640522875816;5;157.2376685142517;[4, 7, 8, 6, 13, 11, 2, 3, 17, 12, 5, 10, 15, 16, 18, 9, 14, 1];-0.00329029657201807;-1677.4640522875818;5;10;523;69.640944480896;0.00025895649311447055;0.2724649253790934;0.0009504213900345965;682432.0;681960.0000000002;19.0;0.00980392156862745
18;100;396;430.0;0.014539957046508789;430.0;1;0.01424551010131836;[5, 10, 18, 15, 2, 14, 13, 11, 6, 16, 3, 9, 12, 7, 4, 8, 17, 1];0.0;-1808.7591340340555;6.784130334854126;-1811.8627450980384;7;121.33124375343323;[5, 10, 18, 15, 14, 11, 6, 2, 13, 16, 3, 9, 12, 7, 4, 8, 17, 1];-0.001712939389244439;-1811.862745098039;27;8;465;35.63006329536438;0.00023491107956652435;0.27132067621950734;0.0008658060374892828;678242.0;676594.0000000071;65.0;0.033539731682146544
18;100;397;992.0;0.014069795608520508;992.0;1;0.014255046844482422;[5, 7, 12, 1, 3, 14, 10, 11, 16, 4, 15, 6, 18, 2, 9, 8, 13, 17];0.0;-1322.6538454275772;6.227144956588745;-1324.8529411764703;1;70.1826958656311;[5, 7, 12, 10, 16, 1, 3, 14, 11, 4, 15, 6, 18, 2, 9, 8, 13, 17];-0.0016598791311436267;-1324.8529411764707;7;6;395;20.389253854751587;0.0002244373209995265;0.27542790912394777;0.0008148677514685902;701026.0;700001.9999999992;98.0;0.05056759545923633
18;100;398;554.0;0.01454782485961914;554.0;1;0.014074325561523438;[3, 17, 7, 15, 5, 8, 13, 9, 10, 18, 16, 2, 6, 14, 1, 12, 4, 11];0.0;-1687.6487335472136;6.963022708892822;-1695.6372549019602;19;306.7546775341034;[3, 15, 17, 7, 5, 13, 9, 10, 12, 18, 16, 6, 14, 1, 4, 8, 2, 11];-0.004711220711654196;-1695.6372549019602;21;8;551;51.22821855545044;0.0014829018012086914;0.2733483971812325;0.0054249515142593425;682894.0;674708.0;215.5;0.11119711042311661
18;100;399;456.0;0.01379537582397461;456.0;1;0.013911247253417969;[18, 5, 4, 2, 11, 13, 17, 6, 14, 9, 15, 16, 12, 1, 7, 3, 10, 8];0.0;-1770.6028265722584;6.9481799602508545;-1773.6895424836612;1;95.61483216285706;[18, 4, 5, 2, 11, 13, 17, 6, 14, 9, 15, 16, 12, 7, 3, 1, 10, 8];-0.0017402797036737416;-1773.6895424836598;3;6;389;20.83129596710205;0.0001945186405455379;0.2704354677353713;0.0007192793244704125;674462.0;673498.0;26.5;0.013673890608875128
18;100;400;678.0;0.014700889587402344;678.0;1;0.014101982116699219;[2, 7, 17, 13, 5, 14, 15, 8, 18, 12, 3, 4, 11, 10, 16, 1, 6, 9];0.0;-1626.1655944630631;6.1905083656311035;-1628.6013071895418;5;59.559773683547974;[2, 5, 7, 17, 13, 14, 15, 8, 4, 18, 3, 10, 12, 16, 11, 1, 6, 9];-0.0014955856388706446;-1628.601307189542;9;7;429;22.930348873138428;0.0013234279395664128;0.2760930276590038;0.004793413114368641;699940.0;695678.0;106.5;0.05495356037151703
19;10;401;236.0;0.015826940536499023;236.0;1;0.01532745361328125;[4, 7, 5, 2, 14, 13, 12, 3, 15, 17, 16, 10, 9, 6, 1, 11, 18, 19, 8];0.0;-84.02602339181291;0.695988655090332;-84.28947368421052;1;6.648091077804565;[4, 2, 14, 12, 3, 7, 5, 15, 17, 16, 10, 9, 13, 6, 1, 11, 18, 19, 8];-0.0031255420265716705;-84.28947368421046;3;6;39;4.683093547821045;0.0010357369713707154;0.3057725993426361;0.003387278564519483;108752.0;108495.99999999841;225.5;0.09890350877192983
19;10;402;224.0;0.016043901443481445;224.0;1;0.015703201293945312;[17, 3, 14, 18, 7, 13, 6, 2, 5, 9, 4, 8, 15, 12, 16, 19, 1, 11, 10];0.0;-100.61988304093566;0.6817231178283691;-100.61988304093566;1;0.7836878299713135;[3, 14, 17, 18, 7, 5, 13, 6, 9, 4, 8, 15, 2, 12, 16, 19, 1, 10, 11];0.0;-100.61988304093568;1;6;38;0.11485695838928223;0.0014953932241001944;0.30758337700567556;0.004861749157766095;110340.0;109967.99999999994;123.0;0.05394736842105263
19;10;403;94.0;0.01598072052001953;94.0;1;0.015533685684204102;[18, 19, 14, 8, 16, 15, 2, 13, 11, 5, 12, 10, 9, 3, 17, 7, 4, 6, 1];0.0;-227.21861025111795;0.6958103179931641;-227.30994152046782;1;5.072726488113403;[18, 19, 8, 14, 15, 16, 2, 13, 11, 5, 17, 9, 12, 3, 7, 4, 1, 10, 6];-0.0004017917946701477;-227.30994152046785;3;5;35;3.780614137649536;0.0028726331121540216;0.3077324973876698;0.00933483833049711;109554.0;108844.0;109.0;0.04780701754385965
19;10;404;224.0;0.015927791595458984;224.0;1;0.0154876708984375;[14, 8, 1, 11, 7, 15, 9, 12, 10, 6, 4, 2, 13, 19, 18, 16, 3, 5, 17];0.0;-97.1169590643274;0.6780498027801514;-97.14035087719299;1;1.8699977397918701;[14, 1, 11, 8, 7, 15, 10, 9, 6, 4, 2, 13, 19, 18, 12, 3, 5, 17, 16];-0.00024080428631723105;-97.14035087719287;1;6;41;0.8910849094390869;0.0015613749807859012;0.3066594757362277;0.005091559545118748;109172.0;108104.00000000004;133.0;0.058333333333333334
19;10;405;188.0;0.016491174697875977;188.0;1;0.015848875045776367;[10, 14, 19, 18, 1, 16, 3, 8, 4, 2, 6, 11, 7, 15, 12, 17, 13, 9, 5];0.0;-135.12865497076024;0.6883060932159424;-135.47953216374265;1;3.4123549461364746;[10, 14, 19, 18, 1, 16, 3, 8, 15, 4, 2, 6, 5, 13, 11, 12, 7, 17, 9];-0.002589890792937921;-135.47953216374268;3;7;44;3.676142454147339;0.0036360980123205655;0.31033920967180145;0.011716527912041514;110482.0;108222.0;115.0;0.05043859649122807
19;10;406;208.0;0.016364574432373047;208.0;1;0.015904664993286133;[3, 18, 14, 15, 11, 19, 9, 1, 8, 12, 6, 2, 4, 5, 17, 10, 7, 13, 16];0.0;-130.18128654970755;0.687330961227417;-130.1929824561403;1;0.8639283180236816;[3, 18, 14, 15, 11, 19, 1, 8, 12, 6, 2, 9, 4, 5, 17, 10, 7, 13, 16];-8.983515249516572e-05;-130.19298245614033;1;5;26;0.26782822608947754;0.0011906759683227852;0.3148792720695042;0.0037813729703362747;114890.0;114592.00000000016;60.0;0.02631578947368421
19;10;407;260.0;0.016355037689208984;260.0;1;0.015774965286254883;[4, 10, 8, 13, 16, 15, 2, 19, 7, 3, 11, 18, 17, 9, 14, 5, 12, 6, 1];0.0;-101.88596491228054;0.6876451969146729;-101.90935672514618;1;0.9181249141693115;[4, 2, 10, 8, 13, 16, 19, 7, 3, 15, 11, 18, 9, 17, 5, 6, 12, 14, 1];-0.00022953547757864623;-101.90935672514632;1;5;34;0.44186997413635254;0.0022507545142974594;0.3270657236501639;0.006881658185328255;123240.0;120622.0;148.0;0.06491228070175438
19;10;408;162.0;0.015715360641479492;162.0;1;0.015451908111572266;[16, 11, 8, 2, 10, 13, 18, 4, 12, 6, 5, 15, 9, 7, 19, 14, 3, 17, 1];0.0;-165.99707602339183;0.6866717338562012;-166.04385964912274;1;2.703063488006592;[16, 11, 8, 2, 10, 13, 5, 15, 18, 4, 12, 14, 9, 7, 6, 19, 3, 17, 1];-0.0002817546269388016;-166.04385964912274;1;5;35;2.654081344604492;0.005079858119886316;0.31361278603536363;0.01619786675187886;112396.0;109776.0;142.5;0.0625
19;10;409;102.0;0.016086578369140625;102.0;1;0.015709400177001953;[11, 14, 18, 15, 8, 17, 13, 7, 3, 16, 2, 19, 12, 10, 5, 4, 1, 9, 6];0.0;-197.02923976608196;0.7068464756011963;-197.02923976608196;1;0.7753305435180664;[11, 14, 18, 15, 8, 17, 13, 7, 3, 5, 16, 2, 19, 10, 12, 1, 9, 6, 4];0.0;-197.02923976608184;1;4;25;0.21927452087402344;0.0018064239404781413;0.2958676628031467;0.0061055132668554985;101698.0;101259.99999999974;62.0;0.027192982456140352
19;10;410;168.0;0.016087055206298828;168.0;1;0.015430688858032227;[18, 10, 7, 4, 6, 13, 8, 17, 9, 19, 15, 14, 3, 1, 16, 12, 5, 11, 2];0.0;-168.2347259198579;0.7139289379119873;-168.6988304093568;1;14.740110397338867;[10, 8, 18, 7, 1, 14, 6, 9, 4, 13, 19, 5, 15, 17, 12, 3, 16, 11, 2];-0.0027510830298745903;-168.6988304093568;1;7;46;9.245890855789185;0.004025845930876182;0.3174990275406019;0.012679868540263026;115088.0;111360.0;438.5;0.19232456140350876
19;20;411;256.0;0.015648365020751953;256.0;1;0.015320777893066406;[10, 12, 17, 16, 7, 3, 4, 14, 9, 13, 6, 11, 5, 19, 1, 8, 2, 18, 15];0.0;-318.5672514619882;1.4204988479614258;-318.5672514619882;1;1.6380226612091064;[10, 12, 17, 16, 4, 14, 9, 13, 5, 7, 6, 19, 1, 8, 2, 15, 3, 11, 18];0.0;-318.56725146198823;1;4;53;0.10265493392944336;0.003866602223296267;0.29292100607691457;0.013200153430720441;196376.0;193172.0;256.5;0.1125
19;20;412;360.0;0.0158388614654541;360.0;1;0.015420675277709961;[3, 11, 1, 14, 2, 16, 8, 4, 6, 7, 18, 17, 9, 13, 10, 15, 19, 12, 5];0.0;-213.2046783625731;1.4248042106628418;-213.40935672514627;1;6.473646640777588;[3, 1, 11, 14, 2, 18, 16, 17, 8, 6, 13, 4, 15, 7, 9, 10, 19, 12, 5];-0.0009590880442827965;-213.40935672514627;1;6;78;5.344066858291626;0.0037320473844218993;0.29194084829411343;0.012783573817193538;195918.0;192774.0;190.5;0.08355263157894736
19;20;413;164.0;0.015964269638061523;164.0;1;0.015578031539916992;[14, 15, 9, 11, 13, 3, 8, 10, 7, 17, 18, 1, 19, 5, 12, 6, 16, 4, 2];0.0;-401.705003248863;1.4992775917053223;-401.7894736842105;1;5.777827739715576;[14, 15, 9, 11, 16, 17, 13, 3, 10, 1, 8, 7, 18, 19, 5, 2, 12, 6, 4];-0.00021023556085963957;-401.7894736842106;1;5;66;2.8304879665374756;0.0036480975971421303;0.290070447266604;0.012576591760790993;193278.0;190864.0;269.5;0.11820175438596492
19;20;414;438.0;0.01611328125;438.0;1;0.015609979629516602;[14, 9, 3, 4, 2, 17, 5, 11, 6, 15, 7, 18, 16, 13, 10, 1, 19, 12, 8];0.0;-187.3304093567251;1.402266263961792;-187.3304093567251;1;1.616042137145996;[14, 9, 3, 4, 2, 17, 5, 11, 6, 15, 7, 18, 16, 13, 10, 1, 19, 12, 8];0.0;-187.33040935672508;1;2;20;0.02973794937133789;0.0;0.3013683816613807;0.0;211802.0;211802.0;0.0;0.0
19;20;415;262.0;0.016359806060791016;262.0;1;0.015811681747436523;[19, 5, 15, 11, 6, 4, 2, 1, 17, 13, 18, 9, 16, 14, 10, 12, 7, 3, 8];0.0;-309.33288349077833;1.4434967041015625;-309.90935671972875;1;18.997017860412598;[5, 4, 19, 1, 15, 17, 11, 6, 2, 9, 13, 18, 16, 12, 14, 3, 8, 10, 7];-0.0018601349602740402;-309.9093567251463;11;8;93;17.716931104660034;0.0022344719966724824;0.291449794092683;0.0076667475563969864;194694.0;192952.0000018627;240.0;0.10526315789473684
19;20;416;198.0;0.015799760818481445;198.0;1;0.015446901321411133;[18, 13, 14, 5, 16, 9, 3, 19, 1, 2, 6, 17, 12, 15, 10, 4, 11, 7, 8];0.0;-386.96908939014213;1.4243083000183105;-387.21052631578937;1;3.9647655487060547;[18, 13, 14, 5, 2, 16, 3, 19, 1, 6, 17, 10, 9, 12, 15, 4, 11, 7, 8];-0.0006235288279594631;-387.21052631578937;1;4;48;0.7839391231536865;0.001148951581681712;0.29281893337656023;0.003923761241914571;198704.0;198152.0;158.0;0.06929824561403508
19;20;417;326.0;0.016168832778930664;326.0;1;0.01547551155090332;[12, 14, 5, 1, 7, 16, 6, 9, 3, 11, 8, 15, 13, 4, 18, 17, 2, 19, 10];0.0;-256.6911160880925;1.423865556716919;-257.0818713450292;1;9.301680088043213;[16, 12, 14, 5, 1, 7, 6, 9, 3, 8, 11, 15, 4, 13, 2, 19, 18, 17, 10];-0.0015199642623273668;-257.08187134502907;3;8;101;11.648018598556519;0.0015824308314460467;0.2935365384045736;0.005390916033986284;198190.0;196752.0;125.0;0.05482456140350877
19;20;418;260.0;0.015976428985595703;260.0;1;0.015475749969482422;[14, 7, 8, 6, 16, 19, 17, 12, 11, 2, 1, 13, 4, 9, 15, 3, 5, 18, 10];0.0;-330.27923976608173;1.3989064693450928;-330.4181286549708;1;3.3947818279266357;[7, 14, 8, 16, 19, 6, 17, 12, 11, 2, 1, 13, 4, 9, 3, 5, 15, 18, 10];-0.00042034282275749124;-330.4181286549707;1;5;53;1.3483197689056396;0.0007046320173931253;0.2946794719936199;0.002391181213357072;200268.0;199248.00000000163;60.0;0.02631578947368421
19;20;419;156.0;0.0160672664642334;156.0;1;0.01570725440979004;[17, 15, 19, 14, 9, 2, 7, 4, 18, 13, 5, 3, 8, 12, 11, 10, 1, 16, 6];0.0;-410.5023391812866;1.432891607284546;-410.7105263157895;1;6.916857719421387;[17, 15, 19, 14, 9, 18, 2, 7, 13, 5, 3, 8, 12, 4, 11, 10, 1, 16, 6];-0.0005068950542135298;-410.7105263157895;1;6;71;4.472126483917236;0.0003965316139047381;0.28837505424394083;0.0013750551861857858;192050.0;191180.0;93.0;0.04078947368421053
19;20;420;200.0;0.015972137451171875;200.0;1;0.0157930850982666;[15, 17, 16, 10, 7, 4, 9, 8, 5, 6, 3, 14, 11, 12, 19, 1, 2, 18, 13];0.0;-360.0939460049088;1.4624433517456055;-361.0380116959062;1;16.955801010131836;[15, 17, 16, 4, 10, 7, 9, 8, 1, 5, 6, 3, 14, 11, 12, 19, 2, 18, 13];-0.00261486508460107;-361.03801169590633;1;6;82;10.821113109588623;0.002423275326091767;0.28898712792971554;0.008385409216846265;191078.0;188572.0;98.0;0.04298245614035088
19;30;421;312.0;0.016301631927490234;312.0;1;0.016239166259765625;[13, 8, 3, 18, 19, 15, 9, 11, 5, 7, 17, 2, 14, 1, 4, 10, 12, 16, 6];0.0;-532.3464625616328;2.1974170207977295;-532.7456140350876;1;8.052320718765259;[13, 3, 8, 18, 15, 9, 11, 5, 7, 17, 19, 2, 14, 1, 4, 10, 12, 16, 6];-0.0007492346495947544;-532.7456140350878;1;5;97;3.912686347961426;0.000542352198433127;0.2880962560927149;0.0018825381689742877;286372.0;285306.0;100.5;0.04407894736842105
19;30;422;296.0;0.01624321937561035;296.0;1;0.015847206115722656;[16, 10, 7, 13, 11, 4, 14, 3, 2, 17, 15, 12, 8, 18, 5, 9, 19, 6, 1];0.0;-539.1889538661468;2.1852962970733643;-539.7807017543861;1;19.54016399383545;[16, 10, 7, 17, 13, 11, 4, 14, 3, 2, 15, 12, 8, 18, 5, 9, 19, 1, 6];-0.0010962746284111091;-539.7807017543859;1;6;114;11.20330023765564;0.0007185401753068144;0.2863273204077489;0.0025095061633782136;283442.0;282252.0;90.5;0.03969298245614035
19;30;423;244.0;0.016361713409423828;244.0;1;0.016427040100097656;[14, 8, 6, 3, 9, 5, 4, 17, 15, 18, 10, 19, 12, 7, 13, 16, 2, 1, 11];0.0;-558.5136173767754;2.275411367416382;-559.8391812865497;1;29.10502815246582;[14, 8, 6, 3, 9, 5, 4, 19, 17, 15, 18, 10, 12, 7, 2, 13, 16, 1, 11];-0.002367758374338891;-559.8391812865497;3;6;125;13.062419414520264;0.0007148524901886555;0.28055735973624535;0.0025479726885820966;272564.0;271382.0;54.5;0.023903508771929826
19;30;424;514.0;0.015860795974731445;514.0;1;0.015671253204345703;[3, 15, 1, 11, 12, 8, 19, 2, 16, 9, 5, 6, 13, 4, 17, 14, 18, 10, 7];0.0;-368.92032163742687;2.154503345489502;-368.99707602339197;1;5.509962797164917;[3, 15, 1, 11, 12, 8, 19, 2, 16, 9, 5, 6, 4, 13, 10, 17, 14, 18, 7];-0.00020800811429799726;-368.9970760233917;1;4;75;1.1143810749053955;0.00042884930541664534;0.2942480507823905;0.0014574414487244928;299310.0;298319.9999999997;20.5;0.008991228070175439
19;30;425;342.0;0.015793800354003906;342.0;1;0.015267610549926758;[15, 11, 4, 1, 10, 14, 19, 12, 13, 6, 5, 16, 9, 3, 17, 2, 8, 18, 7];0.0;-491.359649122807;2.106539011001587;-491.52631578947364;1;5.593369960784912;[15, 11, 4, 1, 10, 14, 19, 2, 12, 13, 6, 5, 16, 9, 8, 3, 7, 17, 18];-0.00033907984438008576;-491.5263157894738;1;4;82;0.5723347663879395;0.0007011413336952543;0.2856357532776465;0.002454669367016264;282660.0;282164.0;99.0;0.04342105263157895
19;30;426;184.0;0.01592230796813965;184.0;1;0.015885114669799805;[8, 14, 1, 19, 15, 7, 17, 18, 10, 12, 6, 11, 13, 5, 3, 9, 4, 16, 2];0.0;-581.7021586223623;2.2894339561462402;-582.5029239766081;1;21.05257773399353;[8, 14, 1, 19, 15, 7, 17, 18, 10, 12, 6, 11, 13, 5, 4, 16, 2, 3, 9];-0.0013746975702357833;-582.5029239766081;1;6;121;12.697325944900513;0.00045128964695295704;0.2731311822347135;0.0016522816738117592;259668.0;257991.99999999974;25.5;0.01118421052631579
19;30;427;232.0;0.015685319900512695;232.0;1;0.015339851379394531;[11, 8, 7, 13, 12, 19, 14, 5, 9, 10, 16, 1, 2, 17, 6, 15, 18, 3, 4];0.0;-590.1738176121116;2.320484161376953;-591.997076023392;3;74.49666953086853;[11, 13, 14, 8, 7, 5, 9, 10, 16, 1, 2, 17, 12, 6, 19, 15, 18, 3, 4];-0.003079843609241517;-591.9970760233919;5;6;131;15.083958387374878;0.0010368494588586241;0.2850578508690117;0.0036373299514387758;279658.0;276202.0;290.0;0.12719298245614036
19;30;428;458.0;0.01580500602722168;458.0;1;0.015618324279785156;[7, 14, 13, 19, 4, 15, 10, 1, 6, 2, 9, 5, 8, 12, 11, 16, 18, 3, 17];0.0;-410.7192982456138;2.0905239582061768;-410.8479532163742;1;4.156190633773804;[7, 14, 13, 1, 19, 4, 15, 10, 6, 2, 9, 5, 17, 8, 11, 12, 16, 18, 3];-0.00031314497188850154;-410.8479532163741;1;4;72;0.26177430152893066;0.0011840613584448434;0.292495722123413;0.004048132225144992;295034.0;292824.0000000063;101.0;0.04429824561403509
19;30;429;370.0;0.015828609466552734;370.0;1;0.015846967697143555;[19, 10, 16, 5, 3, 2, 11, 14, 8, 4, 7, 1, 13, 9, 6, 15, 18, 17, 12];0.0;-460.9774436090227;2.212580442428589;-461.076023391813;1;7.131150245666504;[19, 10, 5, 3, 2, 11, 14, 8, 4, 16, 1, 7, 6, 15, 18, 13, 17, 12, 9];-0.00021380374990032092;-461.076023391813;1;4;82;2.2777490615844727;0.0023912760821513945;0.2861967843057943;0.0083553562209014;283020.0;281327.99999999953;163.5;0.07171052631578947
19;30;430;466.0;0.016228675842285156;466.0;1;0.015845775604248047;[3, 6, 4, 12, 10, 5, 11, 13, 16, 9, 8, 15, 19, 18, 17, 1, 14, 7, 2];0.0;-383.6440058479533;2.1239893436431885;-383.87426900584796;1;11.559154987335205;[3, 4, 12, 10, 16, 5, 6, 11, 13, 9, 8, 15, 18, 19, 17, 1, 14, 7, 2];-0.0005998400426551198;-383.874269005848;1;7;114;6.649341344833374;0.0005810927646898723;0.28908755817698245;0.002010092611229298;288146.0;287734.0;134.0;0.058771929824561406
19;40;431;331.0;0.016257524490356445;330.0;1;0.016214370727539062;[8, 6, 9, 15, 19, 18, 13, 4, 17, 3, 10, 2, 12, 11, 1, 7, 16, 14, 5];0.003030303030302939;-728.0340521442495;2.97416090965271;-729.7660818713451;1;45.61744523048401;[8, 6, 9, 15, 19, 17, 18, 10, 13, 4, 2, 12, 3, 11, 1, 7, 16, 5, 14];-0.0023734039853622324;-729.7660818713451;5;8;187;25.704423189163208;0.00011617450270873242;0.27848370485710605;0.0004171680449609905;358770.0;357979.9999999999;96.5;0.04232456140350877
19;40;432;470.0;0.015943288803100586;470.0;1;0.015451192855834961;[1, 3, 14, 16, 9, 11, 17, 13, 12, 7, 8, 2, 6, 18, 4, 15, 10, 5, 19];0.0;-581.2502520669492;3.0474302768707275;-582.6608187134503;1;35.27535963058472;[1, 3, 14, 16, 17, 9, 13, 12, 2, 11, 7, 8, 6, 18, 4, 10, 5, 15, 19];-0.002420905269751583;-582.6608187134502;3;5;140;10.241076946258545;0.0011396577141660202;0.2785253367133287;0.004091755987495706;357304.0;356248.0;96.5;0.04232456140350877
19;40;433;432.0;0.016359806060791016;432.0;1;0.016144514083862305;[2, 6, 8, 11, 3, 18, 10, 16, 5, 14, 13, 9, 1, 4, 17, 15, 12, 7, 19];0.0;-622.0830010632643;3.0013794898986816;-623.4327485380118;1;17.7769718170166;[2, 6, 18, 8, 11, 3, 10, 16, 13, 9, 17, 7, 14, 19, 5, 1, 4, 15, 12];-0.002165024981303443;-623.4327485380117;1;7;180;13.872195482254028;0.002466993733493017;0.27947711645929413;0.008827176137880094;359478.0;354457.9999999982;210.5;0.09232456140350877
19;40;434;460.0;0.016236066818237305;460.0;1;0.01765131950378418;[6, 4, 2, 13, 16, 15, 1, 19, 17, 9, 10, 18, 3, 7, 8, 12, 14, 5, 11];0.0;-640.1579119511703;3.097240447998047;-642.763157894737;5;49.388607025146484;[17, 6, 9, 7, 18, 4, 2, 13, 16, 15, 1, 8, 19, 12, 14, 10, 3, 5, 11];-0.004053197373819262;-642.763157894737;5;8;198;33.141520977020264;0.001997416986349476;0.2858433732644881;0.0069878023182342085;375172.0;368522.0;564.5;0.2475877192982456
19;40;435;438.0;0.01626133918762207;438.0;1;0.015883684158325195;[6, 3, 2, 9, 17, 16, 5, 1, 18, 13, 11, 10, 4, 12, 15, 7, 19, 14, 8];0.0;-624.430636777128;2.9289793968200684;-625.266081871345;1;18.02960705757141;[6, 3, 16, 13, 1, 18, 2, 9, 11, 17, 10, 5, 4, 12, 15, 7, 19, 14, 8];-0.001336143313126148;-625.266081871345;1;6;164;8.110118389129639;0.002082918668266154;0.28060661386885033;0.007422913663894132;361792.0;358492.0;294.5;0.12916666666666668
19;40;436;362.0;0.01631331443786621;362.0;1;0.015894651412963867;[9, 4, 1, 6, 16, 2, 12, 19, 15, 14, 13, 10, 11, 5, 3, 17, 7, 18, 8];0.0;-674.3156628685117;3.164031982421875;-675.1959064327483;1;36.8783757686615;[9, 4, 1, 6, 2, 16, 12, 19, 15, 14, 13, 10, 11, 3, 17, 7, 18, 5, 8];-0.001303686168488749;-675.1959064327484;1;6;151;12.448862314224243;0.00035793115790727636;0.27598662322960865;0.001296914878405152;351318.0;350988.0;36.0;0.015789473684210527
19;40;437;378.0;0.01564502716064453;378.0;1;0.015563726425170898;[15, 9, 6, 11, 18, 7, 19, 16, 4, 1, 5, 12, 10, 14, 2, 13, 8, 3, 17];0.0;-729.2183235867446;2.8366589546203613;-729.2368421052631;1;4.002048015594482;[15, 9, 6, 11, 18, 7, 19, 16, 12, 4, 14, 1, 5, 13, 10, 2, 8, 3, 17];-2.5394381426235846e-05;-729.2368421052633;1;5;110;0.8699245452880859;0.0008628173536811001;0.28544918038268313;0.003022665374356224;375628.0;372770.0000000068;70.0;0.03070175438596491
19;40;438;254.0;0.015766143798828125;254.0;1;0.015640974044799805;[12, 9, 19, 17, 4, 1, 7, 8, 5, 13, 14, 6, 16, 11, 3, 2, 18, 15, 10];0.0;-792.6300837320575;3.041191339492798;-794.7309941520467;1;38.17618727684021;[12, 9, 19, 17, 4, 1, 8, 5, 13, 6, 16, 11, 2, 18, 14, 7, 3, 15, 10];-0.002643549119700328;-794.7309941520468;3;7;187;11.239238739013672;0.0014019890989955819;0.27781712110813;0.005046445998012878;356206.0;353542.0;153.0;0.06710526315789474
19;40;439;366.0;0.015968799591064453;366.0;1;0.01580047607421875;[12, 6, 14, 13, 19, 17, 5, 10, 18, 2, 8, 7, 4, 1, 16, 11, 3, 15, 9];0.0;-750.1687552213867;2.972811222076416;-750.3508771929828;1;15.921702146530151;[12, 6, 14, 13, 19, 17, 5, 10, 18, 2, 8, 7, 4, 1, 11, 16, 3, 9, 15];-0.00024271574423606612;-750.3508771929825;5;6;121;6.231591701507568;4.250507935699144e-05;0.28655605661310035;0.00014833076592193813;377964.0;377242.0;7.0;0.0030701754385964912
19;40;440;286.0;0.01592731475830078;286.0;1;0.016031742095947266;[13, 14, 7, 15, 3, 11, 6, 16, 17, 4, 19, 12, 10, 8, 2, 9, 1, 18, 5];0.0;-746.7037884566489;3.2980740070343018;-747.4385964912279;1;26.429471969604492;[13, 3, 15, 14, 6, 7, 11, 17, 8, 16, 4, 19, 12, 2, 5, 9, 10, 1, 18];-0.0009831015390809883;-747.4385964912279;1;6;155;18.739067316055298;0.0029581680239437746;0.27768156684278783;0.010653094685318347;352434.0;347668.0;210.0;0.09210526315789473
19;50;441;406.0;0.015869617462158203;406.0;1;0.015494823455810547;[3, 12, 10, 18, 6, 19, 4, 9, 2, 11, 17, 8, 14, 5, 13, 16, 7, 15, 1];0.0;-895.1624603998615;4.05528712272644;-895.8742690058484;1;49.68698453903198;[3, 18, 12, 6, 19, 14, 9, 10, 2, 11, 17, 4, 8, 5, 16, 15, 1, 13, 7];-0.0007945407415002048;-895.8742690058479;3;5;172;13.250096559524536;0.0020553143874603164;0.2784446477009489;0.00738141100728837;442940.0;437166.0000000013;239.5;0.1050438596491228
19;50;442;354.0;0.01621103286743164;354.0;1;0.015552997589111328;[6, 1, 15, 12, 8, 4, 17, 19, 11, 14, 5, 13, 2, 16, 18, 7, 3, 9, 10];0.0;-917.7608454276648;3.9878761768341064;-919.7573099415206;3;81.75741982460022;[6, 1, 8, 15, 13, 12, 16, 4, 17, 19, 11, 3, 14, 5, 2, 18, 7, 9, 10];-0.002170642725288885;-919.7573099415207;5;9;254;33.4998619556427;0.0002788688035569864;0.2732461233496084;0.0010205773466735847;431316.0;428268.0;249.5;0.1094298245614035
19;50;443;364.0;0.016021251678466797;364.0;1;0.01616835594177246;[18, 14, 13, 12, 15, 16, 3, 17, 11, 6, 4, 10, 5, 9, 8, 1, 7, 19, 2];0.0;-972.7384791594544;3.832679510116577;-974.3070175438597;1;41.35626292228699;[18, 13, 14, 12, 15, 3, 11, 10, 16, 17, 6, 5, 4, 9, 1, 7, 8, 2, 19];-0.0016099015568619146;-974.30701754386;3;7;219;25.150879383087158;0.0009910930672535345;0.2811311959200578;0.003525375631153224;454116.0;450917.9999999987;124.5;0.05460526315789474
19;50;444;426.0;0.016409635543823242;426.0;1;0.0157468318939209;[10, 7, 2, 12, 4, 16, 17, 15, 6, 14, 9, 19, 3, 11, 18, 13, 1, 8, 5];0.0;-892.8880288957687;3.9463422298431396;-895.2573099415206;7;109.17512130737305;[10, 7, 2, 12, 4, 16, 15, 17, 3, 6, 14, 19, 11, 18, 9, 1, 13, 8, 5];-0.0026464805363126676;-895.2573099415207;11;9;254;32.99191117286682;0.00029181552424051294;0.27874186821209046;0.001046902376425471;447500.0;445798.0000000001;82.0;0.035964912280701755
19;50;445;444.0;0.015855073928833008;444.0;1;0.015741825103759766;[13, 3, 17, 9, 15, 18, 5, 12, 4, 10, 16, 14, 7, 19, 6, 2, 8, 1, 11];0.0;-940.7913343965974;3.6792054176330566;-941.2339181286552;1;13.492876529693604;[13, 3, 15, 17, 9, 18, 5, 12, 4, 10, 16, 14, 7, 19, 6, 2, 8, 1, 11];-0.00047021651423029276;-941.2339181286551;5;5;158;4.975244045257568;0.0001833445094261421;0.2848375560858029;0.0006436809525598949;469136.0;468920.0;33.5;0.014692982456140351
19;50;446;550.0;0.015915393829345703;550.0;1;0.01552438735961914;[12, 2, 18, 13, 1, 10, 9, 6, 17, 5, 4, 15, 3, 11, 19, 8, 7, 14, 16];0.0;-790.3726845791211;4.030678749084473;-792.96783625731;1;71.33565044403076;[12, 2, 18, 13, 9, 6, 1, 17, 5, 4, 15, 11, 8, 10, 19, 7, 14, 3, 16];-0.0032727073653296967;-792.9678362573097;7;8;255;30.982435703277588;0.000987307403856219;0.2824745501530741;0.0034952083411450455;455708.0;450472.0;165.5;0.07258771929824562
19;50;447;314.0;0.015923261642456055;314.0;1;0.015458106994628906;[19, 17, 4, 15, 1, 10, 11, 9, 18, 3, 13, 7, 16, 5, 8, 14, 12, 6, 2];0.0;-1023.7343351707462;3.79970383644104;-1024.9970760233919;5;39.448973417282104;[19, 17, 4, 10, 11, 15, 9, 18, 3, 1, 13, 7, 16, 5, 8, 14, 12, 6, 2];-0.001231945809586632;-1024.997076023392;7;8;220;31.4335458278656;0.00024767780557466423;0.28062269840513515;0.0008826007553283935;453486.0;451834.0;102.5;0.044956140350877194
19;50;448;456.0;0.01632833480834961;456.0;1;0.01616048812866211;[7, 18, 4, 10, 9, 17, 15, 11, 12, 5, 6, 2, 16, 3, 13, 14, 8, 1, 19];0.0;-873.6511763213555;3.9192066192626953;-875.3421052631581;1;53.92735576629639;[7, 10, 18, 11, 4, 9, 16, 17, 15, 13, 12, 5, 14, 6, 2, 3, 8, 1, 19];-0.0019317349544087925;-875.3421052631579;3;6;188;19.99831199645996;0.0003174430651198268;0.2801272904927817;0.001133210065186443;450966.0;447870.0;237.5;0.10416666666666667
19;50;449;398.0;0.015772342681884766;398.0;1;0.015570878982543945;[3, 13, 12, 8, 11, 9, 2, 19, 10, 16, 6, 14, 7, 17, 5, 1, 15, 18, 4];0.0;-885.6265591724978;3.9630911350250244;-886.2573099415206;1;31.89693546295166;[3, 13, 8, 12, 11, 9, 2, 19, 10, 16, 6, 14, 7, 17, 15, 5, 1, 18, 4];-0.0007117016265451026;-886.2573099415201;3;5;167;9.548917531967163;0.0004951854078416584;0.2744212152744931;0.0018044720316042014;435136.0;433884.0;26.5;0.01162280701754386
19;50;450;208.0;0.015928030014038086;208.0;1;0.015481948852539062;[18, 7, 12, 17, 9, 19, 14, 5, 13, 8, 10, 3, 16, 11, 15, 1, 6, 4, 2];0.0;-1125.2175438596491;3.694873571395874;-1125.222222222222;1;4.810692310333252;[18, 7, 12, 17, 19, 14, 9, 5, 13, 8, 10, 3, 16, 11, 15, 1, 6, 4, 2];-4.157723230480137e-06;-1125.2222222222222;1;4;111;0.8085205554962158;0.0002643509069432115;0.2793533538735662;0.0009462958052146934;451530.0;450540.0000000059;29.5;0.01293859649122807
19;60;451;288.0;0.015562057495117188;288.0;1;0.015430688858032227;[19, 17, 13, 9, 14, 15, 11, 7, 12, 3, 5, 8, 2, 18, 4, 10, 16, 6, 1];0.0;-1257.6446713799423;4.966988563537598;-1259.0175438596493;1;54.54123640060425;[19, 17, 13, 9, 14, 11, 15, 7, 12, 3, 2, 5, 8, 18, 4, 10, 16, 6, 1];-0.001090431572143391;-1259.0175438596493;1;6;213;14.29352855682373;0.00019130933850342036;0.2751628348766616;0.0006952586405397824;523762.0;523498.00000000105;31.5;0.01381578947368421
19;60;452;420.0;0.015996932983398438;420.0;1;0.015830278396606445;[15, 7, 11, 2, 17, 14, 8, 19, 1, 16, 3, 18, 12, 9, 5, 4, 13, 6, 10];0.0;-1153.7718834207672;4.914906740188599;-1155.6345029239762;1;50.762205600738525;[2, 15, 17, 7, 11, 14, 8, 19, 1, 9, 16, 18, 3, 12, 5, 4, 13, 6, 10];-0.001611772146380419;-1155.6345029239765;3;6;231;17.32510781288147;0.0007462951004135743;0.2788402774624637;0.0026764250387537264;534280.0;530520.0;135.5;0.059429824561403506
19;60;453;530.0;0.01612234115600586;530.0;1;0.015998363494873047;[3, 5, 6, 15, 10, 12, 1, 13, 9, 14, 4, 7, 17, 16, 19, 2, 11, 18, 8];0.0;-1018.0727144899139;5.110607624053955;-1021.7222222222222;9;108.34355592727661;[3, 5, 6, 15, 10, 12, 1, 13, 9, 19, 14, 4, 7, 17, 2, 16, 11, 18, 8];-0.003571917741370778;-1021.7222222222225;5;6;251;21.59916591644287;0.00013372472039541172;0.27631629472798286;0.00048395524602360437;525298.0;524432.0;50.5;0.022149122807017543
19;60;454;454.0;0.01585221290588379;454.0;1;0.016453981399536133;[12, 9, 1, 2, 8, 15, 3, 19, 10, 18, 6, 13, 14, 11, 4, 16, 7, 17, 5];0.0;-1085.9188260935716;5.157271862030029;-1088.573099415205;1;78.83996200561523;[12, 1, 8, 9, 10, 3, 19, 2, 18, 6, 13, 14, 15, 11, 4, 7, 16, 17, 5];-0.002438305083103054;-1088.5730994152048;5;6;225;18.819581508636475;0.0012909881450569038;0.27645788336933047;0.004669746180948019;523776.0;520640.0000000001;217.5;0.09539473684210527
19;60;455;540.0;0.01626133918762207;540.0;1;0.015473365783691406;[11, 4, 5, 13, 10, 8, 7, 3, 18, 15, 14, 9, 2, 6, 12, 16, 1, 19, 17];0.0;-1010.8785853522697;4.7757556438446045;-1011.2923976608215;1;35.72560906410217;[5, 11, 13, 8, 4, 7, 3, 18, 10, 15, 14, 9, 2, 6, 12, 1, 16, 19, 17];-0.0004091915547955738;-1011.2923976608192;1;5;202;8.371271848678589;0.001567486675638885;0.27662859457950323;0.005666394242509837;527118.0;524272.0000000001;133.5;0.05855263157894737
19;60;456;228.0;0.01645183563232422;228.0;1;0.0210573673248291;[17, 15, 12, 14, 18, 5, 3, 2, 19, 10, 16, 1, 9, 11, 8, 13, 6, 7, 4];0.0;-1271.2900434553392;5.304931163787842;-1277.5847953216376;23;212.86743569374084;[17, 12, 3, 2, 16, 15, 14, 18, 5, 11, 6, 10, 1, 9, 8, 13, 19, 7, 4];-0.004927071681933737;-1277.584795321637;43;10;391;91.45603156089783;0.0012653178709346458;0.2721362901628556;0.004649574190114213;511134.0;507356.0;364.0;0.15964912280701754
19;60;457;514.0;0.015891551971435547;514.0;1;0.015799760818481445;[1, 15, 14, 8, 2, 19, 6, 10, 16, 7, 11, 13, 4, 18, 12, 5, 17, 3, 9];0.0;-1080.4614843028623;4.799287557601929;-1082.201754385965;5;68.76487016677856;[1, 15, 14, 8, 2, 19, 16, 6, 10, 7, 4, 18, 17, 11, 12, 9, 13, 5, 3];-0.001608082851510484;-1082.201754385965;3;6;216;19.477414846420288;0.0005357169859007138;0.2804445948937216;0.001910241793405686;540988.0;538880.0000000001;106.0;0.04649122807017544
19;60;458;588.0;0.015633583068847656;588.0;1;0.015074014663696289;[7, 14, 12, 13, 1, 3, 2, 15, 8, 11, 9, 18, 17, 5, 10, 16, 6, 4, 19];0.0;-973.0433453818803;4.911134958267212;-974.5029239766088;1;47.070974349975586;[12, 1, 7, 13, 3, 2, 15, 14, 8, 11, 9, 18, 17, 5, 6, 10, 16, 4, 19];-0.001497767280956408;-974.5029239766083;3;6;225;16.245790243148804;0.0006701615640584135;0.2776886001654475;0.0024133564131157336;529706.0;524690.0;165.5;0.07258771929824562
19;60;459;336.0;0.015656709671020508;336.0;1;0.015588998794555664;[11, 18, 17, 12, 5, 15, 7, 8, 3, 9, 4, 19, 2, 16, 13, 10, 1, 14, 6];0.0;-1229.5746212776114;5.308727502822876;-1232.6315789473683;5;134.56343865394592;[11, 18, 9, 17, 12, 5, 7, 8, 15, 3, 2, 10, 14, 4, 19, 16, 13, 6, 1];-0.002480025436608968;-1232.631578947368;7;9;328;47.29503273963928;0.0008700561026135922;0.27923262458095166;0.003115882694292251;532080.0;526792.0000000008;218.0;0.0956140350877193
19;60;460;560.0;0.015918970108032227;560.0;1;0.01882767677307129;[13, 11, 3, 9, 6, 10, 16, 2, 1, 5, 14, 18, 19, 12, 4, 17, 15, 7, 8];0.0;-996.2717649628098;4.9053990840911865;-998.7543859649122;1;42.04082465171814;[11, 13, 3, 10, 9, 16, 2, 1, 6, 5, 14, 18, 19, 4, 7, 12, 8, 17, 15];-0.0024857172463917943;-998.7543859649121;1;9;309;28.078067779541016;0.0006463667121126004;0.27610399165591953;0.0023410263221333716;528378.0;525436.0000000041;119.0;0.052192982456140354
19;70;461;630.0;0.016115427017211914;630.0;1;0.015850067138671875;[19, 9, 5, 11, 7, 12, 2, 4, 18, 13, 1, 14, 6, 3, 10, 15, 17, 8, 16];0.0;-1204.2594722934175;5.710033655166626;-1205.8976608187133;3;70.23596000671387;[9, 19, 5, 12, 11, 2, 13, 1, 7, 4, 18, 14, 6, 3, 10, 15, 17, 8, 16];-0.0013584805564542668;-1205.8976608187136;3;7;283;21.588899850845337;0.00013879138725036988;0.2780649187676574;0.0004991330365062691;621546.0;617912.0000000022;140.5;0.06162280701754386
19;70;462;380.0;0.01627635955810547;380.0;1;0.01634049415588379;[4, 15, 5, 18, 16, 6, 17, 9, 11, 14, 3, 12, 13, 2, 1, 10, 19, 7, 8];0.0;-1353.6723268129913;6.229700326919556;-1357.342105263158;1;115.49441957473755;[4, 15, 5, 16, 18, 6, 9, 11, 13, 2, 17, 14, 3, 12, 1, 10, 19, 7, 8];-0.0027036503442550153;-1357.3421052631581;5;5;243;20.399221658706665;0.0009647073710522536;0.2698157826661264;0.0035754297303134236;589306.0;585038.0000000023;123.5;0.05416666666666667
19;70;463;332.0;0.016278505325317383;332.0;1;0.016436100006103516;[18, 1, 17, 16, 6, 19, 13, 14, 3, 7, 11, 10, 2, 4, 8, 9, 15, 5, 12];0.0;-1453.931539295393;5.678055047988892;-1457.505847953216;3;80.23474550247192;[18, 1, 17, 16, 6, 19, 13, 14, 3, 7, 11, 12, 10, 2, 4, 8, 9, 15, 5];-0.0024523460148325738;-1457.505847953216;7;8;334;37.83783268928528;9.714426982687652e-05;0.2738926057651653;0.0003546801475545044;605682.0;604162.0;45.5;0.019956140350877193
19;70;464;706.0;0.015743732452392578;706.0;1;0.015570402145385742;[2, 7, 9, 8, 5, 10, 6, 12, 17, 16, 11, 19, 14, 13, 3, 1, 4, 18, 15];0.0;-1126.1419399949148;5.421727180480957;-1127.637426900585;1;28.136861324310303;[2, 7, 5, 9, 8, 11, 10, 6, 12, 19, 14, 13, 17, 16, 3, 1, 4, 18, 15];-0.0013262125484614362;-1127.637426900585;5;7;272;16.786012411117554;0.0007133214322787573;0.2777497806394427;0.002568216005919178;621694.0;617812.0000000023;157.0;0.06885964912280702
19;70;465;692.0;0.016335010528564453;692.0;1;0.016160011291503906;[4, 19, 9, 2, 12, 10, 1, 16, 3, 15, 8, 11, 6, 18, 13, 7, 14, 5, 17];0.0;-1132.0120207927228;5.804257869720459;-1133.374269005848;1;42.38803195953369;[4, 19, 9, 16, 2, 12, 10, 1, 3, 15, 8, 11, 6, 13, 18, 7, 14, 5, 17];-0.0012019403037270004;-1133.3742690058484;1;7;277;12.24618124961853;0.000430231246195234;0.2772206836762413;0.001551944972106373;618430.0;617054.0;67.0;0.029385964912280703
19;70;466;670.0;0.015778541564941406;670.0;1;0.01570439338684082;[10, 16, 2, 14, 11, 9, 1, 6, 15, 5, 19, 7, 17, 12, 18, 8, 3, 4, 13];0.0;-1201.7397660818713;5.465302228927612;-1201.7397660818713;1;6.6586058139801025;[10, 2, 16, 14, 11, 9, 1, 6, 15, 5, 19, 7, 17, 12, 18, 8, 3, 4, 13];0.0;-1201.7397660818713;1;6;213;1.1056392192840576;0.00012580858224242597;0.28102737299188085;0.0004476737653810709;633726.0;632840.0;18.0;0.007894736842105263
19;70;467;506.0;0.016509294509887695;506.0;1;0.01613903045654297;[1, 15, 12, 3, 17, 8, 19, 2, 10, 16, 9, 7, 13, 11, 6, 18, 5, 4, 14];0.0;-1216.6118173660732;6.717805624008179;-1226.1169590643274;330;321.31944155693054;[1, 15, 12, 7, 17, 3, 8, 16, 11, 10, 19, 9, 6, 18, 5, 2, 13, 4, 14];-0.007752230835717078;-1226.1169590643274;106;10;465;93.17517066001892;0.0007710119658033143;0.27017474766900357;0.0028537528856986158;587234.0;583282.0;298.0;0.1307017543859649
19;70;468;458.0;0.016000986099243164;458.0;1;0.015965938568115234;[7, 10, 5, 16, 9, 13, 17, 6, 15, 14, 12, 11, 8, 3, 2, 18, 1, 4, 19];0.0;-1336.9512518274853;5.984188556671143;-1339.3801169590643;1;67.08804416656494;[7, 10, 5, 16, 9, 13, 17, 6, 2, 15, 14, 12, 11, 8, 3, 18, 1, 4, 19];-0.0018134248081070892;-1339.3801169590643;5;4;186;8.748915910720825;0.00036124467475517896;0.27500212307319816;0.0013136068577151506;608792.0;604802.0;58.5;0.025657894736842105
19;70;469;490.0;0.015822887420654297;490.0;1;0.015486717224121094;[13, 1, 10, 8, 15, 18, 19, 16, 6, 11, 3, 2, 5, 17, 12, 7, 9, 4, 14];0.0;-1316.106564065534;5.956286191940308;-1319.9035087719299;7;211.62379670143127;[13, 1, 10, 8, 15, 6, 3, 18, 19, 2, 5, 7, 16, 17, 12, 9, 11, 4, 14];-0.0028766835463061025;-1319.9035087719296;17;8;348;39.78869891166687;0.001284005098622143;0.27721699481379136;0.004631769056888516;614546.0;607030.0;187.0;0.08201754385964913
19;70;470;228.0;0.015694856643676758;228.0;1;0.0155181884765625;[19, 15, 13, 18, 12, 7, 5, 8, 4, 1, 17, 6, 9, 16, 3, 2, 14, 11, 10];0.0;-1538.3338570824055;6.265676498413086;-1541.0321637426905;1;103.38101720809937;[12, 19, 15, 13, 18, 7, 17, 5, 8, 4, 6, 3, 1, 2, 9, 16, 14, 11, 10];-0.0017509736161065437;-1541.03216374269;5;6;287;18.790931463241577;0.0012447335187076858;0.2735156321517658;0.004550867929980031;600558.0;593796.0;167.5;0.07346491228070176
19;80;471;506.0;0.015915393829345703;506.0;1;0.015866518020629883;[8, 17, 9, 12, 10, 19, 4, 16, 18, 11, 7, 5, 14, 6, 1, 13, 3, 2, 15];0.0;-1556.16746286687;6.521890640258789;-1557.7865497076032;1;56.26846146583557;[8, 17, 9, 12, 10, 19, 4, 16, 18, 11, 7, 5, 14, 6, 1, 13, 3, 2, 15];-0.0010393508924807504;-1557.7865497076023;3;5;265;12.32066297531128;0.0;0.2753089743796958;0.0;698376.0;698376.0;0.0;0.0
19;80;472;758.0;0.015875816345214844;758.0;1;0.015519857406616211;[6, 9, 7, 8, 3, 10, 13, 17, 18, 14, 19, 5, 12, 11, 2, 1, 15, 4, 16];0.0;-1300.279385207607;6.969130754470825;-1307.973684210526;39;273.0855941772461;[6, 9, 7, 8, 3, 10, 17, 18, 19, 5, 13, 2, 4, 12, 14, 11, 1, 16, 15];-0.005882609945293549;-1307.9736842105262;39;11;538;96.46751117706299;0.0007709868686446297;0.27683742853857307;0.0027849806029288573;700554.0;693686.0000000123;136.0;0.05964912280701754
19;80;473;756.0;0.0178375244140625;756.0;1;0.016436100006103516;[2, 14, 18, 4, 3, 1, 13, 17, 10, 8, 5, 6, 7, 19, 15, 9, 11, 16, 12];0.0;-1328.3453682666127;6.776503562927246;-1330.9853801169584;1;84.25156474113464;[2, 14, 18, 10, 4, 3, 1, 13, 15, 17, 8, 11, 5, 6, 7, 19, 9, 16, 12];-0.001983501764770468;-1330.9853801169588;3;5;267;18.010493755340576;0.0009449675859825035;0.2779144853747295;0.003400209905246013;708018.0;703550.0;171.0;0.075
19;80;474;398.0;0.015513896942138672;398.0;1;0.015411138534545898;[18, 15, 2, 16, 17, 5, 10, 6, 19, 8, 1, 12, 9, 7, 4, 14, 11, 3, 13];0.0;-1670.7245184461851;6.777727842330933;-1672.7163742690063;3;59.40627098083496;[15, 5, 18, 2, 16, 17, 10, 6, 19, 1, 8, 12, 9, 7, 3, 4, 14, 11, 13];-0.001190791130798674;-1672.7163742690059;5;7;334;23.253663778305054;0.0008237191955408063;0.2766146265182206;0.002977858423139269;702254.0;698012.0;112.0;0.04912280701754386
19;80;475;602.0;0.015657663345336914;602.0;1;0.015620708465576172;[9, 15, 17, 2, 6, 3, 13, 7, 1, 14, 19, 12, 10, 16, 8, 4, 5, 18, 11];0.0;-1464.5718462823727;6.287935495376587;-1465.342105263158;1;22.37452220916748;[9, 2, 15, 17, 6, 3, 13, 7, 1, 14, 19, 12, 10, 16, 8, 5, 18, 4, 11];-0.0005256512987776851;-1465.3421052631581;1;5;263;7.21740460395813;0.0004902657730755378;0.2762932709089726;0.001774439788065126;700496.0;698914.0;43.0;0.018859649122807017
19;80;476;710.0;0.01601099967956543;710.0;1;0.015924453735351562;[14, 4, 9, 8, 18, 11, 6, 5, 3, 1, 19, 16, 17, 10, 7, 15, 13, 12, 2];0.0;-1390.5405869413594;6.306410789489746;-1391.2163742690059;1;26.119234800338745;[14, 4, 9, 8, 11, 3, 18, 6, 5, 1, 19, 16, 17, 10, 7, 13, 15, 12, 2];-0.0004857528563819713;-1391.2163742690066;1;6;284;7.386175155639648;0.0007187111690313275;0.278420424063178;0.0025813880984113455;712440.0;710430.0;60.0;0.02631578947368421
19;80;477;636.0;0.0161130428314209;636.0;1;0.01594853401184082;[16, 6, 2, 19, 4, 1, 17, 18, 7, 10, 12, 5, 3, 13, 15, 8, 9, 11, 14];0.0;-1409.2471451394035;6.872897386550903;-1410.2192982456145;1;68.01920652389526;[19, 16, 6, 2, 4, 1, 17, 18, 7, 10, 12, 5, 3, 13, 15, 8, 9, 11, 14];-0.0006893630709920995;-1410.2192982456147;3;5;248;16.911240100860596;9.501265470246434e-05;0.27442594148924154;0.00034622329866795473;692580.0;692406.0000000015;55.5;0.024342105263157894
19;80;478;508.0;0.015518665313720703;508.0;1;0.01548624038696289;[18, 3, 14, 15, 11, 17, 9, 8, 7, 1, 13, 19, 16, 4, 5, 10, 2, 6, 12];0.0;-1563.2844387883931;6.667466163635254;-1565.9122807017545;1;75.40351128578186;[3, 14, 18, 15, 11, 17, 7, 9, 8, 16, 1, 13, 6, 19, 4, 5, 10, 12, 2];-0.0016781539718072613;-1565.9122807017545;3;6;313;16.66281294822693;0.0008372771485479769;0.277317318769669;0.0030192025231694703;703376.0;699794.0;124.5;0.05460526315789474
19;80;479;428.0;0.016326427459716797;428.0;1;0.016616344451904297;[16, 10, 2, 11, 18, 1, 14, 5, 7, 6, 17, 13, 3, 12, 15, 8, 4, 19, 9];0.0;-1540.5731056467055;7.761650562286377;-1545.5087719298242;3;141.57461881637573;[2, 16, 11, 10, 18, 1, 14, 5, 7, 3, 6, 17, 13, 12, 15, 4, 19, 9, 8];-0.0031935543639495245;-1545.5087719298242;3;7;385;39.14566993713379;0.0016321439471345123;0.2708147743728451;0.006026790639152696;670630.0;666314.0;94.0;0.0412280701754386
19;80;480;570.0;0.01581263542175293;570.0;1;0.01580524444580078;[3, 17, 7, 10, 12, 16, 6, 18, 14, 1, 4, 15, 19, 9, 2, 11, 8, 13, 5];0.0;-1506.1201473552055;6.332974672317505;-1507.538011695907;1;25.67036485671997;[3, 17, 7, 10, 12, 16, 6, 14, 18, 1, 4, 15, 19, 9, 2, 11, 8, 13, 5];-0.0009405164776618014;-1507.5380116959068;3;5;246;11.140044450759888;9.988220413970073e-05;0.27629709605127095;0.0003615029096113487;703238.0;703054.0;12.0;0.005263157894736842
19;90;481;926.0;0.015522956848144531;926.0;1;0.0157625675201416;[10, 6, 3, 18, 13, 9, 8, 12, 7, 15, 1, 11, 5, 4, 16, 19, 2, 14, 17];0.0;-1414.0695988798286;6.9483959674835205;-1415.5935672514615;1;51.89470195770264;[10, 6, 3, 18, 9, 13, 7, 8, 12, 15, 1, 11, 4, 19, 5, 2, 14, 17, 16];-0.0010765578531074516;-1415.5935672514624;5;8;382;20.531985998153687;0.000525884082194561;0.2773261814169699;0.0018962655437276413;793522.0;789706.0;71.5;0.03135964912280702
19;90;482;608.0;0.01587700843811035;608.0;1;0.015586376190185547;[19, 7, 8, 14, 3, 17, 11, 6, 4, 16, 18, 9, 1, 12, 5, 10, 13, 2, 15];0.0;-1685.9623223868557;7.131035089492798;-1686.8654970760235;1;44.3092360496521;[19, 8, 14, 3, 6, 7, 17, 12, 11, 4, 16, 18, 9, 1, 5, 10, 2, 13, 15];-0.0005354159479421527;-1686.8654970760233;1;6;345;15.072600364685059;0.0012273926880385089;0.27452655259246417;0.004470943434971037;779052.0;773112.0;165.5;0.07258771929824562
19;90;483;914.0;0.015666961669921875;914.0;1;0.015561819076538086;[16, 3, 4, 6, 10, 11, 15, 14, 13, 12, 19, 5, 2, 1, 18, 8, 9, 7, 17];0.0;-1472.672514619883;7.001081943511963;-1475.5964912280701;1;65.07096338272095;[16, 3, 4, 6, 11, 15, 14, 13, 12, 10, 5, 1, 18, 2, 8, 19, 9, 7, 17];-0.001981555679733016;-1475.5964912280706;3;8;428;25.537383556365967;0.0004168599686659169;0.28005277070409595;0.0014885050685907034;809632.0;803308.0000000072;124.5;0.05460526315789474
19;90;484;440.0;0.015877485275268555;440.0;1;0.01586127281188965;[19, 15, 10, 16, 1, 2, 14, 7, 13, 11, 4, 6, 12, 18, 9, 3, 5, 17, 8];0.0;-1843.806535812724;7.881112575531006;-1847.7719298245613;1;189.87650752067566;[19, 15, 10, 16, 18, 1, 2, 13, 11, 14, 7, 4, 6, 12, 3, 5, 9, 17, 8];-0.00214604083319625;-1847.771929824561;3;6;360;28.20087170600891;0.0012509924442399845;0.2752204374306372;0.004545419867502637;776704.0;769368.0;174.5;0.07653508771929825
19;90;485;429.0;0.016133546829223633;428.0;1;0.01964712142944336;[11, 18, 12, 15, 13, 6, 4, 14, 16, 3, 8, 1, 17, 5, 7, 2, 10, 19, 9];0.002336448598130758;-1808.345122684055;8.337935209274292;-1814.77485380117;17;370.9477138519287;[11, 18, 12, 15, 4, 14, 16, 13, 17, 3, 8, 1, 7, 6, 2, 19, 5, 10, 9];-0.0035429910788368213;-1814.7748538011692;25;7;418;59.58706307411194;0.0011546728288356345;0.27158657841301126;0.004251582812312923;761170.0;754718.0000000041;193.5;0.08486842105263158
19;90;486;608.0;0.01597762107849121;608.0;1;0.01573967933654785;[14, 15, 12, 16, 4, 7, 5, 6, 18, 10, 8, 1, 13, 9, 17, 2, 11, 19, 3];0.0;-1753.9360712387027;6.7578816413879395;-1754.6052631578946;1;17.71334719657898;[12, 16, 14, 15, 4, 7, 5, 6, 18, 10, 17, 8, 1, 2, 13, 9, 11, 19, 3];-0.0003813917199744221;-1754.6052631578955;1;5;272;3.084609031677246;0.0009265386524726082;0.2782545782274642;0.0033298235679529147;801492.0;797518.0;119.5;0.05241228070175439
19;90;487;852.0;0.015877962112426758;852.0;1;0.015330314636230469;[1, 3, 16, 8, 13, 9, 14, 2, 11, 12, 17, 19, 10, 4, 18, 5, 6, 7, 15];0.0;-1478.3737471412567;7.722945690155029;-1482.280701754386;5;123.0339949131012;[1, 3, 16, 8, 13, 11, 9, 14, 2, 10, 12, 17, 19, 4, 18, 5, 6, 7, 15];-0.002635772433996597;-1482.2807017543862;11;8;425;46.648751735687256;0.0003784258642494098;0.27631258928346786;0.0013695570847160512;790716.0;789250.0;69.0;0.030263157894736843
19;90;488;586.0;0.015964746475219727;586.0;1;0.01547551155090332;[19, 1, 8, 5, 14, 17, 11, 4, 15, 10, 12, 13, 18, 6, 9, 16, 2, 3, 7];0.0;-1696.8934251516641;7.6386659145355225;-1698.6842105263154;1;86.05680418014526;[1, 8, 19, 5, 14, 17, 11, 12, 4, 10, 13, 15, 18, 6, 9, 16, 2, 3, 7];-0.0010542191206313056;-1698.684210526316;7;7;354;19.78582262992859;0.00024231383436945642;0.2735136235995777;0.0008859296702682804;773566.0;771703.9999999976;92.5;0.04057017543859649
19;90;489;574.0;0.015936851501464844;574.0;1;0.01566314697265625;[9, 10, 19, 2, 11, 13, 6, 18, 14, 7, 4, 16, 1, 3, 8, 17, 12, 5, 15];0.0;-1654.7596330396323;8.397938966751099;-1657.9736842105265;1;165.07639861106873;[9, 1, 10, 19, 11, 13, 6, 18, 14, 2, 7, 4, 16, 3, 5, 15, 8, 17, 12];-0.0019385417280761708;-1657.9736842105262;13;6;359;26.752166032791138;0.0008612847138111945;0.2704536253473628;0.00318459296933064;756888.0;752400.0;268.5;0.11776315789473685
19;90;490;588.0;0.015995264053344727;588.0;1;0.015537023544311523;[10, 1, 18, 12, 2, 19, 17, 16, 11, 7, 9, 6, 4, 5, 8, 15, 3, 14, 13];0.0;-1688.744481683155;7.580333232879639;-1691.4619883040941;3;103.45666122436523;[10, 1, 18, 12, 2, 19, 17, 6, 7, 9, 4, 5, 8, 16, 11, 15, 13, 3, 14];-0.0016066022409783054;-1691.4619883040934;7;6;344;16.570972442626953;0.0004626623692186582;0.27297612954128336;0.001694882149571572;772232.0;769234.0000000035;153.0;0.06710526315789474
19;100;491;588.0;0.016205310821533203;588.0;1;0.016021728515625;[11, 7, 19, 13, 16, 2, 15, 8, 1, 4, 9, 18, 6, 3, 17, 14, 5, 12, 10];0.0;-1873.354102585373;9.137470483779907;-1878.7017543859647;5;244.88345503807068;[7, 2, 13, 6, 15, 11, 16, 8, 1, 19, 4, 9, 18, 3, 17, 14, 5, 12, 10];-0.002846461280033963;-1878.701754385965;11;6;410;38.28083777427673;0.0005057366750721437;0.26917883409181104;0.0018788129340795345;835656.0;831780.0;344.0;0.15087719298245614
19;100;492;600.0;0.015943288803100586;600.0;1;0.015671968460083008;[18, 1, 4, 17, 9, 11, 12, 8, 2, 16, 10, 15, 3, 6, 5, 7, 13, 19, 14];0.0;-1862.9929575872352;9.23967432975769;-1865.4707602339186;1;136.17456126213074;[18, 1, 4, 17, 9, 11, 12, 8, 2, 16, 10, 3, 6, 5, 7, 13, 15, 19, 14];-0.0013282452341266682;-1865.470760233918;5;6;394;31.772606134414673;0.0001546953804877349;0.26947437222701776;0.0005740634228378953;834460.0;833427.999999996;35.0;0.015350877192982455
19;100;493;458.0;0.0159604549407959;458.0;1;0.01606011390686035;[16, 7, 2, 14, 6, 18, 19, 10, 15, 11, 4, 17, 1, 3, 8, 5, 9, 13, 12];0.0;-2024.9005819334477;9.358216285705566;-2031.105263157896;9;268.59637475013733;[16, 7, 2, 14, 6, 18, 19, 10, 11, 15, 4, 17, 1, 3, 5, 8, 9, 13, 12];-0.0030548299672078505;-2031.1052631578953;17;10;591;75.29039287567139;0.0003058842042639176;0.27150000773080313;0.0011266452874918772;842862.0;842169.9999999979;16.0;0.007017543859649123
19;100;494;404.0;0.016292095184326172;404.0;1;0.016299724578857422;[13, 15, 2, 19, 6, 16, 11, 10, 18, 12, 3, 1, 7, 8, 9, 14, 4, 5, 17];0.0;-2070.9901914805637;8.973565101623535;-2073.1959064327484;1;122.20025205612183;[11, 13, 15, 16, 2, 19, 10, 18, 12, 6, 14, 3, 1, 7, 8, 9, 4, 5, 17];-0.001063920175291111;-2073.1959064327493;3;6;424;23.872770309448242;0.000878364181066349;0.2702773135063051;0.0032498627786081585;840080.0;836040.0;235.0;0.10307017543859649
19;100;495;470.0;0.015643596649169922;470.0;1;0.015589237213134766;[10, 7, 6, 17, 15, 13, 11, 14, 3, 5, 4, 18, 1, 9, 16, 2, 19, 8, 12];0.0;-1992.6417974964475;8.730768203735352;-1997.1111111111109;9;203.48559594154358;[10, 15, 7, 6, 17, 4, 13, 11, 14, 3, 1, 5, 18, 9, 2, 12, 19, 16, 8];-0.002237889314118724;-1997.1111111111113;21;7;456;32.41531777381897;0.0008514268892269028;0.26953632697141744;0.003158857653043521;836582.0;833285.9999999949;155.5;0.06820175438596492
19;100;496;638.0;0.015736103057861328;638.0;1;0.015758991241455078;[16, 10, 14, 11, 4, 1, 18, 13, 12, 5, 8, 6, 15, 7, 19, 3, 17, 2, 9];0.0;-1884.2057802072875;8.152199983596802;-1887.1578947368425;1;102.15599370002747;[16, 10, 14, 11, 4, 1, 13, 12, 5, 6, 8, 18, 15, 7, 19, 3, 17, 2, 9];-0.0015643177170221456;-1887.1578947368419;3;6;401;17.64389157295227;0.000733534090031629;0.2731791217662958;0.0026851762509843852;856086.0;853732.0;69.5;0.03048245614035088
19;100;497;414.0;0.016176223754882812;414.0;1;0.01582789421081543;[13, 3, 7, 11, 16, 9, 8, 15, 19, 17, 6, 10, 4, 5, 18, 12, 2, 14, 1];0.0;-2003.1340833371821;10.853363513946533;-2010.4210526315792;184;508.3332040309906;[13, 3, 7, 11, 9, 8, 15, 19, 17, 6, 4, 5, 10, 18, 12, 2, 14, 16, 1];-0.003624598580908578;-2010.4210526315792;37;8;487;70.59254193305969;0.0011195521791325103;0.2678781105851231;0.004179334312486694;822666.0;817417.999999989;172.5;0.0756578947368421
19;100;498;538.0;0.01599431037902832;538.0;1;0.015626907348632812;[18, 1, 3, 8, 16, 4, 19, 12, 17, 10, 13, 5, 14, 11, 7, 2, 9, 15, 6];0.0;-1948.0648803703648;8.981350898742676;-1952.271929824562;3;181.43342423439026;[18, 1, 3, 8, 16, 19, 4, 12, 10, 13, 5, 14, 17, 11, 7, 2, 9, 15, 6];-0.002154950542456069;-1952.2719298245622;7;5;341;17.58206033706665;0.00022773745476578622;0.2704613707503912;0.0008420332047195204;843050.0;841850.0;55.0;0.02412280701754386
19;100;499;454.0;0.015505313873291016;454.0;1;0.015389680862426758;[19, 3, 11, 7, 9, 4, 15, 14, 17, 5, 12, 6, 18, 13, 16, 10, 2, 1, 8];0.0;-2085.6204003386565;9.120877265930176;-2098.1812865497077;147;428.17269015312195;[19, 3, 7, 15, 9, 14, 17, 12, 6, 13, 16, 10, 2, 4, 11, 5, 8, 18, 1];-0.005986559069786845;-2098.1812865497077;123;11;660;133.15003776550293;0.000842465158361505;0.2754198996008472;0.0030588391019764705;865550.0;856128.0;396.5;0.17390350877192984
19;100;500;532.0;0.01573944091796875;532.0;1;0.015425443649291992;[14, 13, 18, 15, 17, 5, 1, 9, 7, 4, 6, 12, 8, 16, 2, 19, 11, 10, 3];0.0;-2024.24878484089;8.002806901931763;-2024.5438596491226;1;34.13715648651123;[14, 13, 18, 15, 17, 5, 1, 9, 4, 6, 12, 7, 8, 16, 2, 19, 11, 10, 3];-0.0001457487852516426;-2024.5438596491226;1;5;327;8.30612850189209;0.0003880308222317108;0.27460260885447846;0.0014130631309382132;865978.0;865089.9999999995;31.5;0.01381578947368421
20;10;501;258.0;0.01812887191772461;258.0;1;0.017485857009887695;[17, 6, 10, 14, 9, 19, 20, 1, 12, 2, 4, 8, 7, 15, 13, 5, 11, 3, 16, 18];0.0;-137.06228070175425;0.8572416305541992;-137.12368421046335;1;2.5013391971588135;[17, 14, 6, 19, 20, 1, 12, 2, 4, 10, 9, 8, 7, 15, 13, 5, 11, 3, 16, 18];-0.0004477965208027346;-137.1236842105264;1;5;35;1.0377881526947021;0.00242655342750675;0.325065963060686;0.007464803157670927;149688.0;145900.0;226.5;0.08515037593984963
20;10;502;234.0;0.017966747283935547;234.0;1;0.017390966415405273;[19, 10, 4, 5, 16, 12, 17, 13, 11, 9, 6, 7, 20, 8, 15, 3, 1, 2, 18, 14];0.0;-141.60098684210527;0.857872724533081;-141.78684210526322;0;3.3927695751190186;[10, 5, 16, 19, 4, 12, 17, 13, 11, 6, 9, 7, 20, 8, 15, 1, 2, 18, 3, 14];-0.0013108075502518135;-141.78684210526313;1;5;33;3.2053229808807373;0.0027632424196448735;0.31561247615692894;0.008755174869167508;142464.0;141608.0;119.5;0.04492481203007519
20;10;503;212.0;0.017872333526611328;212.0;1;0.017383098602294922;[20, 9, 6, 16, 11, 5, 2, 4, 14, 13, 8, 19, 7, 18, 15, 12, 17, 10, 1, 3];0.0;-166.46052631578956;0.8584504127502441;-166.46052631578956;1;0.9508154392242432;[9, 6, 2, 20, 16, 11, 4, 14, 5, 8, 13, 7, 19, 18, 15, 10, 12, 17, 1, 3];0.0;-166.46052631578948;1;3;19;0.04728126525878906;0.0024873285508396625;0.317668352573944;0.007829953883305655;143392.0;142624.0;167.5;0.06296992481203008
20;10;504;242.0;0.018175840377807617;242.0;1;0.017490863800048828;[20, 12, 5, 19, 3, 2, 7, 17, 14, 16, 9, 15, 1, 11, 6, 18, 8, 13, 10, 4];0.0;-143.73157894736838;0.8620274066925049;-143.73157894736838;1;0.9466092586517334;[20, 6, 12, 5, 19, 3, 2, 7, 17, 14, 9, 15, 16, 1, 11, 18, 8, 10, 4, 13];0.0;-143.73157894736832;1;5;33;0.14511585235595703;0.0029008625402807686;0.32055856029593527;0.009049399702827253;146276.0;145374.0;234.0;0.08796992481203007
20;10;505;260.0;0.018222570419311523;260.0;1;0.017357349395751953;[19, 15, 3, 1, 14, 10, 4, 2, 6, 18, 12, 8, 16, 20, 5, 11, 13, 7, 17, 9];0.0;-102.03947368421044;0.8581159114837646;-102.03947368421042;1;0.9967665672302246;[15, 1, 14, 19, 3, 2, 10, 4, 6, 18, 8, 12, 16, 5, 20, 11, 7, 17, 13, 9];2.220446049250313e-16;-102.03947368421056;1;5;35;0.19668173789978027;0.0019697043812885173;0.3092420511408393;0.006369458403286322;137010.0;136405.99999999974;149.0;0.05601503759398496
20;10;506;254.0;0.018256664276123047;254.0;1;0.017583608627319336;[15, 4, 19, 1, 2, 12, 3, 20, 13, 6, 11, 5, 18, 17, 16, 8, 7, 14, 9, 10];0.0;-105.75246179966047;0.8557157516479492;-106.0657894736841;1;5.70475959777832;[15, 4, 1, 19, 2, 12, 20, 13, 6, 5, 11, 7, 14, 18, 17, 3, 8, 16, 9, 10];-0.002954087982359077;-106.0657894736841;1;6;39;6.934706211090088;0.001997667197844666;0.30969571768491816;0.006450419181698456;136272.0;134148.00000000003;201.5;0.07575187969924813
20;10;507;238.0;0.020442962646484375;238.0;1;0.01731276512145996;[15, 7, 6, 19, 18, 11, 2, 16, 4, 17, 1, 12, 9, 3, 20, 10, 5, 14, 13, 8];0.0;-131.91947368421066;0.859288215637207;-131.9499999999999;1;1.1847262382507324;[15, 7, 6, 11, 19, 18, 12, 17, 3, 2, 16, 4, 5, 1, 20, 14, 8, 9, 10, 13];-0.00023134759976695118;-131.9500000000004;1;6;34;0.35534095764160156;0.006800800781312288;0.31612224334728184;0.021513199164037138;141496.0;139400.00000000038;258.5;0.09718045112781955
20;10;508;300.0;0.01833939552307129;300.0;1;0.01723933219909668;[10, 5, 19, 6, 1, 9, 7, 8, 20, 17, 12, 13, 2, 16, 3, 18, 15, 14, 11, 4];0.0;-105.09451754385971;0.8600447177886963;-105.09473684210536;1;1.0066285133361816;[5, 19, 10, 6, 1, 9, 17, 8, 12, 2, 7, 13, 20, 16, 3, 18, 15, 14, 11, 4];-2.0866720089607327e-06;-105.09473684210543;1;4;27;0.14675021171569824;0.0016039513213412793;0.32811911044101016;0.004888320339481234;153208.0;151946.0000000043;163.0;0.06127819548872181
20;10;509;252.0;0.018221616744995117;252.0;1;0.017188310623168945;[20, 10, 6, 11, 16, 8, 1, 3, 2, 14, 18, 7, 13, 15, 4, 19, 9, 12, 5, 17];0.0;-118.71717451523536;0.8526167869567871;-118.96315789473681;1;4.788228273391724;[20, 10, 6, 11, 3, 16, 8, 2, 14, 18, 7, 1, 13, 4, 15, 5, 19, 9, 12, 17];-0.0020677273859787126;-118.96315789473692;3;8;48;3.9893269538879395;0.0005775582912038724;0.3124305211416632;0.0018485975348803843;139962.0;139026.0000000007;118.0;0.0443609022556391
20;10;510;222.0;0.01853489875793457;222.0;1;0.0182340145111084;[18, 15, 4, 1, 12, 7, 3, 20, 19, 6, 16, 13, 10, 2, 17, 5, 11, 9, 14, 8];0.0;-137.56578947368425;0.8862578868865967;-137.57631578947402;1;1.0772058963775635;[15, 18, 4, 1, 7, 12, 3, 20, 19, 6, 16, 13, 2, 17, 10, 5, 11, 9, 8, 14];-7.651255762575193e-05;-137.57631578947397;1;4;19;0.10896825790405273;0.0011558378018052817;0.3086912156065988;0.0037443171148682786;135830.0;135478.0000000004;53.5;0.020112781954887218
20;20;511;454.0;0.018192529678344727;454.0;1;0.01745915412902832;[20, 2, 13, 5, 8, 6, 9, 7, 14, 12, 19, 11, 1, 15, 4, 10, 17, 3, 16, 18];0.0;-246.1641447368422;1.9262332916259766;-246.34210526315803;1;5.917749881744385;[20, 2, 5, 13, 8, 6, 9, 14, 19, 7, 10, 12, 3, 11, 1, 16, 17, 18, 15, 4];-0.0007224121354558743;-246.34210526315798;1;4;53;1.5725171566009521;0.0014042560271534388;0.30604547693431905;0.00458839006941053;264692.0;259300.0;173.5;0.06522556390977444
20;20;512;232.0;0.018534421920776367;232.0;1;0.017988920211791992;[6, 19, 17, 18, 9, 11, 14, 1, 16, 12, 8, 10, 4, 2, 13, 15, 7, 3, 20, 5];0.0;-410.3948963317385;1.8924181461334229;-410.64210526315776;1;7.987853527069092;[6, 19, 17, 18, 9, 10, 11, 14, 1, 8, 16, 2, 5, 12, 4, 13, 15, 7, 3, 20];-0.0006020058056658284;-410.6421052631579;1;6;82;5.284688472747803;0.0020397237902269882;0.29222236640377564;0.00698003994467904;243212.0;241250.0;171.0;0.06428571428571428
20;20;513;196.0;0.0187838077545166;196.0;1;0.01782989501953125;[20, 6, 11, 1, 14, 3, 19, 7, 9, 18, 16, 15, 12, 4, 17, 10, 13, 2, 8, 5];0.0;-433.69757418236946;1.8487930297851562;-434.3;0;14.991221904754639;[20, 6, 11, 1, 14, 3, 19, 9, 10, 7, 16, 15, 17, 18, 13, 12, 2, 8, 5, 4];-0.0013871190827320357;-434.30000000000007;1;5;70;8.229914426803589;0.001522584433451768;0.289404121537243;0.005261101415433121;238234.0;235068.0;161.0;0.060526315789473685
20;20;514;238.0;0.018398761749267578;238.0;1;0.017661333084106445;[17, 8, 6, 4, 11, 1, 20, 19, 14, 13, 9, 10, 3, 2, 5, 15, 12, 7, 16, 18];0.0;-376.7178947368422;1.8934080600738525;-377.7631578947369;1;20.120442152023315;[1, 4, 11, 19, 3, 20, 17, 14, 8, 13, 9, 6, 10, 5, 12, 2, 15, 7, 16, 18];-0.0027669801462902877;-377.7631578947369;7;8;97;24.492455005645752;0.002658722642191358;0.28722236443114246;0.009256669993150026;233390.0;229572.00000000026;527.5;0.19830827067669174
20;20;515;222.0;0.018315553665161133;222.0;1;0.017914295196533203;[20, 4, 11, 17, 14, 8, 19, 3, 18, 13, 10, 16, 15, 1, 5, 2, 12, 6, 9, 7];0.0;-413.0089351285189;1.8491809368133545;-413.7631578947369;1;15.214666843414307;[20, 3, 4, 11, 10, 17, 14, 8, 19, 18, 1, 16, 5, 13, 15, 2, 12, 6, 9, 7];-0.0018228369341909412;-413.7631578947367;3;7;97;17.069058179855347;0.0034674417418784076;0.291694453303952;0.011887239207340215;241446.0;237890.0000000007;253.5;0.09530075187969925
20;20;516;374.0;0.01847243309020996;374.0;1;0.01807236671447754;[6, 2, 11, 8, 3, 12, 18, 17, 16, 7, 5, 4, 9, 19, 13, 10, 15, 14, 20, 1];0.0;-271.1688102297999;1.8951106071472168;-271.77631578947353;1;28.009531021118164;[2, 11, 8, 3, 6, 12, 18, 17, 9, 16, 10, 7, 5, 4, 14, 19, 13, 20, 15, 1];-0.0022353145744468117;-271.7763157894736;3;8;99;21.496187448501587;0.0020444089157999334;0.29405628607213885;0.006952440783049243;244404.0;242444.0;189.5;0.0712406015037594
20;20;517;184.0;0.018814563751220703;184.0;1;0.017657041549682617;[16, 10, 6, 13, 11, 8, 19, 17, 5, 18, 1, 12, 20, 9, 7, 15, 14, 3, 2, 4];0.0;-456.2322732614065;1.9468214511871338;-457.3184210526316;1;35.416048526763916;[16, 17, 10, 6, 13, 11, 8, 19, 18, 1, 12, 5, 9, 7, 20, 15, 14, 3, 2, 4];-0.00237503617003898;-457.31842105263166;1;7;94;22.42447829246521;0.0014801419979182384;0.2932328734973064;0.005047667337788561;242386.0;241520.0;156.5;0.05883458646616541
20;20;518;412.0;0.018509864807128906;412.0;1;0.017695188522338867;[17, 14, 9, 10, 4, 1, 8, 16, 6, 19, 15, 13, 5, 18, 3, 2, 7, 12, 20, 11];0.0;-291.58070175438604;1.7745630741119385;-291.59736842105286;1;2.495541572570801;[17, 14, 9, 10, 4, 16, 1, 8, 6, 15, 19, 13, 5, 18, 2, 7, 3, 12, 20, 11];-5.7156437169081364e-05;-291.59736842073215;1;5;54;0.29543495178222656;0.0009847267880522814;0.3059695562191851;0.0032183815939742064;265670.0;264317.99999999936;52.0;0.019548872180451128
20;20;519;254.0;0.018419981002807617;254.0;1;0.017420530319213867;[13, 17, 1, 14, 2, 20, 15, 9, 12, 3, 8, 18, 16, 11, 6, 5, 10, 19, 7, 4];0.0;-419.44532163742684;1.781951665878296;-419.4631578947369;1;5.295675992965698;[13, 17, 1, 14, 2, 15, 20, 9, 8, 12, 18, 16, 11, 3, 6, 5, 10, 19, 7, 4];-4.252163026574607e-05;-419.4631578947369;1;5;64;0.6647047996520996;0.0013303090973187937;0.29760568124403525;0.00447003932101668;254460.0;253660.0;68.5;0.02575187969924812
20;20;520;318.0;0.018132686614990234;318.0;1;0.017256498336791992;[3, 7, 20, 13, 1, 15, 12, 5, 16, 4, 2, 17, 10, 19, 11, 9, 18, 14, 6, 8];0.0;-310.5866186693148;1.864302158355713;-310.9763157894738;1;17.62085199356079;[3, 7, 20, 13, 15, 12, 5, 1, 16, 4, 2, 17, 11, 8, 10, 19, 9, 18, 6, 14];-0.001253140835403066;-310.9763157894736;1;6;82;12.825103521347046;0.002367355201062238;0.2906009805105535;0.008146411608464152;238228.0;236090.0;100.0;0.03759398496240601
20;30;521;296.0;0.018414974212646484;296.0;1;0.018103361129760742;[8, 19, 3, 13, 16, 9, 20, 11, 10, 2, 17, 12, 6, 18, 5, 4, 1, 15, 7, 14];0.0;-606.0263108614233;2.8962647914886475;-606.8342105263157;1;29.326794385910034;[3, 19, 13, 16, 2, 9, 20, 11, 10, 17, 8, 12, 6, 18, 5, 1, 14, 15, 4, 7];-0.0013313350679284852;-606.8342105263158;1;7;142;20.164216995239258;0.0012820170401478537;0.28392799306607297;0.0045152893390456045;341012.0;335359.9999999959;276.0;0.1037593984962406
20;30;522;316.0;0.018565654754638672;316.0;1;0.017871856689453125;[7, 13, 18, 1, 20, 3, 8, 14, 19, 6, 17, 9, 10, 15, 16, 4, 11, 2, 5, 12];0.0;-586.7670278637773;2.8938539028167725;-587.5184210526315;1;21.506685256958008;[7, 14, 1, 8, 13, 18, 20, 10, 3, 9, 19, 5, 6, 17, 15, 16, 4, 11, 2, 12];-0.0012789270292290489;-587.5184210526314;3;4;79;7.844494342803955;0.0024890239354977695;0.28375514047665823;0.0087717316109821;342310.0;337122.0;359.5;0.13515037593984963
20;30;523;370.0;0.018423080444335938;370.0;1;0.017871618270874023;[6, 18, 2, 11, 16, 12, 5, 14, 17, 19, 13, 7, 9, 15, 1, 20, 3, 8, 4, 10];0.0;-576.1048898842851;2.730480909347534;-576.8394736842106;1;15.261266946792603;[6, 2, 18, 11, 16, 12, 5, 14, 17, 19, 13, 7, 9, 15, 1, 20, 3, 8, 4, 10];-0.0012734631269837315;-576.8394736842106;1;5;89;6.815979719161987;0.00015478801439983148;0.2887688325651474;0.0005360274272844549;356676.0;356540.0;19.0;0.007142857142857143
20;30;524;444.0;0.018069744110107422;444.0;1;0.017673492431640625;[16, 17, 2, 4, 13, 15, 8, 11, 1, 6, 3, 9, 14, 7, 5, 12, 19, 20, 18, 10];0.0;-477.7498014341974;2.848179578781128;-478.715789473684;1;23.90041494369507;[16, 17, 2, 8, 11, 4, 13, 15, 9, 12, 1, 6, 3, 14, 7, 5, 19, 20, 18, 10];-0.002017873779656676;-478.71578947368397;1;5;98;10.070250511169434;0.0012080518380795935;0.28643339169317517;0.004217566363120287;348472.0;343632.0;192.0;0.07218045112781955
20;30;525;318.0;0.018044471740722656;318.0;1;0.017154693603515625;[12, 9, 14, 13, 15, 18, 10, 4, 2, 11, 8, 1, 7, 16, 20, 19, 5, 6, 3, 17];0.0;-583.7886070946596;2.942795753479004;-586.1052631578945;1;80.464763879776;[12, 14, 13, 15, 10, 9, 2, 11, 8, 1, 7, 20, 5, 18, 16, 19, 6, 4, 3, 17];-0.003952627981453127;-586.1052631578948;5;6;129;21.03489661216736;0.0018993815966894534;0.28486214386610165;0.0066677220458687915;342026.0;335844.0;312.5;0.1174812030075188
20;30;526;536.0;0.017982959747314453;536.0;1;0.01728987693786621;[9, 17, 12, 2, 15, 3, 6, 18, 7, 4, 16, 5, 10, 11, 20, 1, 19, 13, 8, 14];0.0;-439.8005907626211;2.6608235836029053;-440.2815789473683;1;16.95474648475647;[9, 17, 12, 2, 16, 15, 5, 6, 7, 3, 4, 10, 11, 20, 18, 8, 1, 19, 13, 14];-0.0010924558458638156;-440.28157894736825;1;6;116;7.178441286087036;0.0009755293432226475;0.2940464498030483;0.003317602861303223;368544.0;365406.0;252.5;0.09492481203007519
20;30;527;436.0;0.018395185470581055;436.0;1;0.018071651458740234;[13, 15, 14, 7, 3, 16, 6, 5, 1, 10, 19, 17, 18, 12, 20, 9, 2, 4, 11, 8];0.0;-511.0392055466176;2.7775638103485107;-512.0763157894737;1;35.337332248687744;[13, 15, 14, 7, 3, 6, 5, 16, 10, 19, 18, 1, 17, 12, 20, 9, 2, 4, 11, 8];-0.0020253040628469554;-512.0763157894737;3;6;122;18.133339881896973;0.0006063431241031259;0.2896493284608025;0.002093369687149752;357544.0;354738.0;73.5;0.02763157894736842
20;30;528;426.0;0.018246889114379883;426.0;1;0.017642736434936523;[2, 14, 19, 13, 6, 1, 9, 5, 10, 12, 18, 8, 11, 20, 16, 4, 7, 3, 17, 15];0.0;-482.64722991689763;2.840794563293457;-483.0947368421054;1;18.63984513282776;[2, 1, 14, 19, 13, 9, 5, 6, 10, 11, 12, 16, 18, 20, 4, 3, 8, 7, 17, 15];-0.0009263336796692112;-483.09473684210536;1;6;119;10.04072117805481;0.0021763588409966506;0.28447768497761555;0.007650367518871998;344152.0;340748.0;188.5;0.07086466165413534
20;30;529;504.0;0.02119278907775879;504.0;1;0.017612934112548828;[18, 12, 10, 20, 8, 4, 13, 2, 1, 6, 17, 9, 7, 3, 11, 15, 16, 14, 5, 19];0.0;-451.1736842105262;2.727687358856201;-452.40526315789475;1;19.246027946472168;[10, 8, 18, 20, 4, 13, 2, 17, 1, 12, 9, 7, 3, 6, 11, 15, 14, 16, 5, 19];-0.0027222913782476432;-452.40526315789475;3;5;104;7.61690354347229;0.001238740530453697;0.2913115843391759;0.004252287231431976;361252.0;359404.0;255.0;0.09586466165413533
20;30;530;388.0;0.01838088035583496;388.0;1;0.017506122589111328;[1, 4, 15, 9, 2, 18, 11, 16, 20, 12, 6, 3, 19, 8, 5, 7, 13, 17, 14, 10];0.0;-513.3291403508772;2.8695309162139893;-514.1684210526315;1;24.577603578567505;[1, 4, 15, 9, 2, 11, 20, 18, 6, 16, 7, 12, 3, 19, 10, 8, 5, 13, 17, 14];-0.0016323069783945598;-514.1684210526315;3;5;105;13.059054613113403;0.0020420528759874657;0.2834560160469986;0.0072041260738275594;341412.0;338888.0;138.5;0.05206766917293233
20;40;531;360.0;0.018123149871826172;360.0;1;0.01738452911376953;[17, 9, 7, 2, 13, 12, 15, 14, 11, 20, 5, 10, 4, 18, 6, 3, 19, 1, 8, 16];0.0;-809.8854815610455;3.9312000274658203;-810.4815789473716;1;31.674290895462036;[7, 2, 17, 12, 15, 11, 9, 13, 14, 20, 5, 10, 4, 18, 6, 3, 1, 19, 8, 16];-0.0007354854222600959;-810.4815789473683;5;7;168;18.533342361450195;0.0012264611616256138;0.278804080090478;0.00439900722122718;442004.0;439084.00000000035;196.5;0.07387218045112783
20;40;532;432.0;0.018366575241088867;432.0;1;0.017569780349731445;[11, 19, 4, 1, 3, 2, 17, 10, 18, 14, 16, 12, 20, 9, 13, 6, 5, 8, 15, 7];0.0;-777.9368421052632;3.826261281967163;-779.3263157894739;3;30.956181049346924;[11, 4, 19, 10, 1, 18, 2, 3, 17, 14, 16, 12, 13, 5, 20, 15, 9, 6, 8, 7];-0.001782916419039715;-779.3263157894736;3;5;144;10.45498251914978;0.0017909475740801595;0.28441533447151945;0.006296944492841682;458122.0;455296.0;195.0;0.07330827067669173
20;40;533;202.0;0.018728017807006836;202.0;1;0.018466949462890625;[11, 17, 14, 6, 20, 5, 2, 7, 19, 15, 18, 4, 16, 13, 8, 12, 1, 9, 10, 3];0.0;-939.280172017855;4.456458806991577;-944.0894736842107;17;185.8075408935547;[11, 17, 6, 20, 15, 5, 4, 16, 13, 14, 8, 12, 1, 7, 19, 9, 18, 2, 10, 3];-0.005094116395120807;-944.0894736842106;53;10;248;93.74206113815308;0.0022062859734932605;0.27732992779857235;0.007955455767095245;433886.0;426079.9999999995;500.0;0.18796992481203006
20;40;534;610.0;0.0180819034576416;610.0;1;0.01770639419555664;[16, 2, 4, 13, 3, 5, 7, 9, 8, 19, 6, 17, 10, 14, 18, 20, 11, 12, 15, 1];0.0;-596.8535508843611;3.780864715576172;-597.6631578947365;1;34.12048840522766;[2, 4, 16, 3, 13, 5, 7, 9, 8, 19, 6, 17, 10, 14, 18, 20, 11, 12, 15, 1];-0.0013546209092547556;-597.6631578947367;3;6;159;19.912776947021484;0.00039495291745206274;0.28281903066925007;0.0013964863556651904;455122.0;454666.0000000133;56.5;0.0212406015037594
20;40;535;482.0;0.018085479736328125;482.0;1;0.017108440399169922;[6, 3, 2, 8, 15, 19, 18, 13, 20, 10, 1, 9, 12, 5, 17, 11, 14, 7, 4, 16];0.0;-717.5987218045115;3.87406587600708;-717.8210526315788;1;20.312151432037354;[3, 2, 8, 15, 19, 18, 13, 20, 10, 6, 1, 9, 12, 5, 17, 14, 7, 4, 16, 11];-0.0003097301566348243;-717.8210526315789;1;6;148;8.561990976333618;0.001931447508746409;0.2831427733802404;0.006821461433354732;453926.0;449427.9999999982;179.0;0.06729323308270677
20;40;536;382.0;0.018170595169067383;382.0;1;0.01798391342163086;[17, 5, 7, 18, 20, 9, 19, 6, 12, 10, 15, 16, 14, 4, 11, 8, 3, 2, 13, 1];0.0;-877.8552631578947;3.72878360748291;-877.9526315789467;1;8.1329665184021;[5, 17, 7, 18, 20, 9, 19, 6, 12, 10, 15, 14, 4, 11, 8, 3, 16, 2, 13, 1];-0.00011090395717239243;-877.9526315789471;1;4;110;1.0534160137176514;0.0007474597511781811;0.28964273309487104;0.0025806266333405796;475324.0;474452.0;60.0;0.022556390977443608
20;40;537;242.0;0.018448829650878906;242.0;1;0.01755666732788086;[17, 10, 15, 4, 9, 14, 3, 11, 13, 19, 7, 16, 18, 12, 20, 5, 2, 1, 6, 8];0.0;-948.7874825590704;3.9742202758789062;-950.6763157894732;1;52.748576641082764;[17, 10, 15, 13, 4, 9, 3, 19, 7, 16, 14, 18, 12, 20, 2, 1, 11, 6, 5, 8];-0.0019868310580917203;-950.6763157894736;3;7;172;23.867379903793335;0.0005839603810688931;0.28108483840378456;0.002077523584641094;449668.0;447480.0;237.0;0.08909774436090226
20;40;538;630.0;0.018266677856445312;630.0;1;0.017603397369384766;[5, 8, 9, 18, 10, 15, 1, 12, 16, 11, 3, 13, 2, 14, 17, 4, 6, 19, 7, 20];0.0;-595.4525804001851;3.822805404663086;-595.8684210526317;1;30.344108819961548;[5, 8, 9, 10, 12, 15, 18, 2, 1, 16, 3, 13, 11, 14, 19, 17, 4, 7, 20, 6];-0.0006978732850315694;-595.8684210526317;1;6;143;15.595541000366211;0.001297661971103814;0.28519569657238447;0.004550075568108929;463054.0;461546.0;184.0;0.06917293233082707
20;40;539;362.0;0.018280506134033203;362.0;1;0.017861604690551758;[9, 15, 20, 18, 6, 7, 16, 11, 2, 17, 13, 4, 5, 10, 8, 12, 1, 19, 14, 3];0.0;-844.8236676299207;3.7112438678741455;-845.4657894736843;0;27.98187780380249;[9, 15, 18, 20, 6, 7, 11, 13, 16, 4, 2, 17, 5, 10, 8, 12, 1, 19, 14, 3];-0.0007594888542602485;-845.465789473684;5;7;164;19.452508687973022;2.9378650189260114e-05;0.2820408626659313;0.00010416451684186705;454618.0;453826.0;92.5;0.03477443609022556
20;40;540;268.0;0.018496274948120117;268.0;1;0.018260478973388672;[1, 5, 18, 17, 19, 12, 11, 20, 13, 10, 8, 7, 9, 15, 16, 14, 2, 3, 4, 6];0.0;-883.6142857142859;3.9110682010650635;-885.2763157894735;3;67.61597967147827;[1, 5, 18, 11, 10, 19, 20, 17, 8, 13, 7, 12, 14, 9, 15, 16, 2, 3, 4, 6];-0.0018774139164736692;-885.2763157894734;7;7;187;22.09561777114868;0.0010084550345895726;0.2767898422292049;0.0036433961104486213;435244.0;430305.99999999895;245.5;0.09229323308270676
20;50;541;374.0;0.01863574981689453;374.0;1;0.017832279205322266;[18, 20, 13, 9, 12, 8, 3, 15, 6, 14, 5, 2, 10, 16, 4, 11, 7, 17, 19, 1];0.0;-1085.1816321105791;5.0283167362213135;-1086.6605263157892;1;53.7499053478241;[18, 20, 12, 13, 8, 16, 9, 15, 6, 14, 5, 10, 7, 4, 3, 11, 17, 2, 19, 1];-0.0013609532778595668;-1086.6605263157892;3;8;258;23.078413248062134;0.0015028258293301455;0.2785228109321316;0.005395701071307739;551974.0;546032.0;295.5;0.11109022556390978
20;50;542;628.0;0.018271446228027344;628.0;1;0.017525196075439453;[8, 9, 11, 16, 7, 3, 1, 6, 4, 17, 20, 18, 13, 2, 10, 15, 12, 14, 19, 5];0.0;-848.3699049604213;5.1502299308776855;-849.9210526315787;3;53.05653095245361;[8, 9, 7, 10, 11, 16, 3, 1, 17, 6, 20, 4, 18, 13, 2, 15, 5, 12, 14, 19];-0.0018250491223328336;-849.9210526315792;5;9;242;33.0662043094635;0.0010863577728967844;0.28028824802512725;0.0038758591576746903;557916.0;553326.0;242.0;0.09097744360902256
20;50;543;494.0;0.018616437911987305;494.0;1;0.024375438690185547;[15, 2, 9, 7, 4, 8, 11, 19, 18, 6, 3, 13, 5, 20, 12, 10, 17, 14, 16, 1];0.0;-990.979186602871;5.163880825042725;-993.028947368421;1;72.85014462471008;[15, 9, 7, 2, 4, 8, 11, 19, 18, 6, 13, 5, 12, 17, 3, 14, 20, 10, 16, 1];-0.0020641500642876176;-993.0289473684213;3;7;222;24.21361517906189;0.0010744068611343582;0.2816390647820221;0.003814836063192825;561352.0;558296.0;106.0;0.03984962406015038
20;50;544;472.0;0.0181119441986084;472.0;1;0.017513513565063477;[17, 13, 9, 6, 10, 15, 20, 1, 3, 5, 4, 8, 11, 18, 16, 19, 7, 14, 2, 12];0.0;-990.0234977138055;5.211568832397461;-992.0131578947369;1;50.85341954231262;[17, 13, 9, 6, 10, 15, 1, 3, 8, 11, 7, 14, 4, 18, 20, 12, 5, 16, 19, 2];-0.0020056792242090227;-992.0131578947369;5;6;194;22.82454538345337;0.0016596987772674598;0.2794924947292674;0.005938258839025857;553472.0;548067.9999999988;269.0;0.10112781954887218
20;50;545;462.0;0.018141508102416992;462.0;1;0.017414569854736328;[13, 17, 7, 1, 19, 6, 16, 10, 5, 14, 3, 4, 11, 8, 2, 12, 15, 9, 20, 18];0.0;-1013.2026315789475;4.9857847690582275;-1015.3052631578944;3;49.50183868408203;[13, 7, 17, 1, 19, 6, 16, 14, 10, 5, 3, 4, 11, 15, 8, 2, 20, 18, 12, 9];-0.002070935368154281;-1015.3052631578948;3;7;222;18.08981704711914;0.0003126605176765329;0.2798281742711886;0.0011173303706492601;556576.0;553854.0;79.0;0.029699248120300753
20;50;546;630.0;0.01833796501159668;630.0;1;0.017569303512573242;[5, 3, 17, 8, 2, 14, 7, 12, 18, 19, 15, 11, 9, 13, 4, 20, 10, 6, 1, 16];0.0;-900.2831758884392;4.796406030654907;-901.1368421052628;1;30.94409704208374;[3, 17, 5, 8, 2, 14, 7, 12, 18, 9, 19, 15, 11, 13, 4, 20, 10, 6, 1, 16];-0.0009473214021847864;-901.1368421052633;1;5;162;10.671302556991577;0.0005848163427825126;0.2853736489806248;0.0020493004342605516;577340.0;576494.0;71.0;0.02669172932330827
20;50;547;586.0;0.01840806007385254;586.0;1;0.017660140991210938;[8, 10, 3, 5, 14, 7, 13, 12, 4, 16, 2, 19, 1, 15, 6, 11, 17, 20, 18, 9];0.0;-867.9807601942786;5.397624731063843;-872.2763157894738;11;188.23163056373596;[8, 3, 10, 5, 14, 7, 13, 12, 19, 1, 18, 4, 16, 2, 15, 6, 11, 17, 20, 9];-0.0049245353994363805;-872.2763157894739;11;8;285;52.0680296421051;0.0008132397685503001;0.2791799315983742;0.0029129592657119057;550102.0;547430.0;155.5;0.058458646616541356
20;50;548;532.0;0.018261432647705078;532.0;1;0.017729520797729492;[15, 6, 19, 14, 7, 2, 3, 1, 11, 4, 16, 8, 10, 12, 18, 17, 13, 20, 5, 9];0.0;-935.8724987414541;4.959801435470581;-936.6736842105263;1;29.816953897476196;[15, 6, 11, 7, 2, 19, 3, 14, 1, 4, 10, 18, 16, 12, 17, 8, 13, 20, 5, 9];-0.0008553517437051017;-936.6736842105261;3;5;171;10.659964799880981;0.0013013326766034838;0.279857933476947;0.004649976009026308;554726.0;548318.0;245.5;0.09229323308270676
20;50;549;396.0;0.01800680160522461;396.0;1;0.017242908477783203;[14, 17, 11, 3, 15, 16, 6, 2, 9, 19, 4, 5, 13, 18, 12, 8, 7, 1, 20, 10];0.0;-1055.1250807210602;5.357790470123291;-1055.997368421053;1;50.40254783630371;[14, 17, 3, 15, 6, 2, 9, 19, 4, 5, 11, 16, 13, 8, 18, 12, 7, 1, 20, 10];-0.000826032077425487;-1055.9973684210522;3;6;214;18.75036072731018;0.0013161385893935007;0.27768942196054724;0.004739606500317075;548428.0;545789.9999999999;229.0;0.08609022556390977
20;50;550;340.0;0.01836085319519043;340.0;1;0.01816844940185547;[9, 4, 14, 20, 17, 7, 19, 13, 12, 15, 10, 11, 1, 8, 2, 5, 16, 18, 6, 3];0.0;-1157.0236842105264;5.113865613937378;-1157.8184210526315;1;19.490416765213013;[4, 12, 9, 19, 20, 17, 7, 14, 13, 15, 11, 10, 1, 8, 2, 5, 16, 18, 3, 6];-0.0006864088769484855;-1157.8184210526313;1;6;194;8.014817237854004;0.001748250527651929;0.2837441069074984;0.00616136330268126;566408.0;559356.0;271.5;0.10206766917293233
20;60;551;512.0;0.018321752548217773;512.0;1;0.01766657829284668;[15, 11, 6, 16, 18, 7, 4, 13, 10, 2, 12, 17, 14, 1, 3, 9, 19, 20, 8, 5];0.0;-1231.78166246322;6.404576063156128;-1233.9868421052636;1;60.58302855491638;[15, 6, 16, 7, 2, 11, 13, 10, 12, 1, 18, 4, 17, 14, 9, 20, 8, 3, 19, 5];-0.0017870365929358867;-1233.9868421052633;3;6;238;23.706237077713013;0.0015468148057281583;0.27852936669974493;0.005553507064824611;659872.0;653434.0;303.5;0.11409774436090225
20;60;552;472.0;0.018784284591674805;472.0;1;0.01815009117126465;[18, 14, 17, 1, 3, 2, 4, 8, 11, 12, 19, 6, 15, 9, 5, 16, 13, 10, 20, 7];0.0;-1230.465847801197;6.6109700202941895;-1232.0552631578946;1;80.22756838798523;[14, 18, 17, 1, 12, 19, 6, 3, 2, 4, 16, 15, 8, 20, 11, 9, 7, 5, 13, 10];-0.001290052000284314;-1232.0552631578944;1;7;266;29.2189621925354;0.0027265878893956152;0.2764769198835027;0.00986190055410231;645998.0;637586.0;353.0;0.13270676691729325
20;60;553;888.0;0.01800823211669922;888.0;1;0.017899274826049805;[4, 2, 1, 14, 16, 12, 8, 7, 13, 3, 15, 6, 10, 5, 9, 17, 18, 11, 20, 19];0.0;-869.3314462627158;6.281332015991211;-869.9447368421045;1;35.999995470047;[4, 2, 1, 8, 14, 16, 7, 13, 3, 12, 15, 6, 5, 9, 17, 18, 11, 10, 20, 19];-0.0007049764811670745;-869.9447368421054;1;4;159;5.651421546936035;0.0005278240772836895;0.2786321731543483;0.0018943400229351883;662650.0;660228.0;126.5;0.04755639097744361
20;60;554;686.0;0.018137693405151367;686.0;1;0.01784348487854004;[2, 6, 5, 3, 18, 16, 11, 7, 4, 19, 17, 15, 10, 14, 1, 8, 12, 13, 9, 20];0.0;-1024.4865362698035;6.574716091156006;-1027.5684210526317;5;139.44513082504272;[2, 6, 5, 7, 3, 18, 4, 17, 16, 19, 14, 11, 15, 10, 1, 8, 12, 13, 9, 20];-0.0029992015321677057;-1027.5684210526315;9;8;306;41.82623052597046;0.0009310484731511748;0.2750589434508742;0.003384905291463322;646542.0;642680.0;176.0;0.06616541353383458
20;60;555;616.0;0.018333911895751953;616.0;1;0.017718076705932617;[6, 20, 2, 11, 13, 12, 18, 16, 10, 5, 7, 19, 4, 9, 17, 15, 1, 14, 3, 8];0.0;-1228.3180844553244;6.0008015632629395;-1230.0368421052635;1;46.1742959022522;[6, 20, 2, 11, 13, 12, 16, 7, 18, 19, 10, 5, 4, 9, 17, 1, 15, 14, 3, 8];-0.0013973220891476679;-1230.036842105263;5;7;242;18.30700159072876;2.0730329509111023e-05;0.28585939504800006;7.251932197516227e-05;695114.0;694319.999999999;79.5;0.02988721804511278
20;60;556;282.0;0.01851963996887207;282.0;1;0.018108367919921875;[17, 4, 3, 11, 7, 16, 10, 8, 2, 19, 20, 18, 15, 13, 14, 9, 6, 5, 1, 12];0.0;-1378.8538266646829;7.165128469467163;-1382.1236842105263;1;113.79726219177246;[17, 4, 3, 11, 7, 16, 10, 8, 2, 19, 20, 18, 15, 13, 14, 9, 6, 5, 1, 12];-0.0023658212236709053;-1382.123684210526;3;5;209;19.383995532989502;0.0;0.2709332945709773;0.0;626268.0;626268.0;0.0;0.0
20;60;557;366.0;0.018683433532714844;366.0;1;0.017572641372680664;[6, 11, 20, 18, 5, 17, 16, 19, 9, 4, 2, 10, 8, 7, 3, 14, 1, 15, 12, 13];0.0;-1345.1226216743478;6.5202319622039795;-1347.0421052631577;1;80.02995014190674;[6, 18, 11, 20, 5, 19, 10, 17, 16, 4, 8, 14, 9, 1, 12, 2, 15, 7, 3, 13];-0.0014249618340140824;-1347.0421052631575;3;6;261;23.38079071044922;0.0038393502782939626;0.2779770019180718;0.013811755115718296;651294.0;640226.0;258.5;0.09718045112781955
20;60;558;466.0;0.01778721809387207;466.0;1;0.01723957061767578;[10, 12, 8, 15, 6, 5, 17, 20, 16, 14, 7, 13, 2, 9, 1, 19, 4, 18, 11, 3];0.0;-1273.4533967095463;6.229852199554443;-1275.2342105263162;1;60.544780015945435;[10, 12, 8, 6, 5, 17, 16, 15, 20, 14, 13, 7, 19, 2, 18, 1, 9, 4, 11, 3];-0.0013964601969350676;-1275.2342105263153;5;6;245;23.06652522087097;0.0010533895062954102;0.2782170141306782;0.00378621526647768;657234.0;651646.0;134.5;0.05056390977443609
20;60;559;548.0;0.01827406883239746;548.0;1;0.017881155014038086;[6, 10, 15, 7, 4, 20, 14, 11, 3, 17, 18, 13, 1, 12, 16, 8, 19, 9, 5, 2];0.0;-1243.6977443609023;5.845482349395752;-1244.2210526315787;1;28.30359935760498;[6, 10, 15, 4, 20, 14, 11, 3, 7, 1, 17, 12, 18, 13, 16, 19, 2, 8, 9, 5];-0.00042059107549219377;-1244.221052631579;1;6;225;11.057395458221436;0.0007123419054912983;0.2824706666009195;0.0025218261211445007;675954.0;668666.0;146.0;0.05488721804511278
20;60;560;574.0;0.01822638511657715;574.0;1;0.017461538314819336;[20, 15, 4, 11, 8, 16, 1, 7, 9, 17, 3, 19, 10, 6, 12, 13, 5, 2, 14, 18];0.0;-1172.0159055639094;6.149546146392822;-1175.0605263157893;3;106.5367980003357;[15, 4, 8, 16, 1, 20, 3, 11, 19, 10, 7, 9, 17, 6, 12, 13, 5, 2, 14, 18];-0.002591033128672704;-1175.0605263157893;5;7;285;26.394304990768433;0.00027713459134581786;0.2772994897622047;0.000999405341796596;658850.0;653826.0;271.0;0.1018796992481203
20;70;561;638.0;0.018590927124023438;638.0;1;0.017950773239135742;[2, 6, 18, 1, 5, 3, 9, 16, 8, 15, 13, 12, 11, 14, 4, 17, 10, 7, 20, 19];0.0;-1286.8503096618883;7.8251893520355225;-1289.2815789473682;1;108.76534008979797;[6, 18, 1, 3, 16, 15, 13, 2, 9, 5, 11, 14, 4, 10, 17, 8, 7, 12, 20, 19];-0.0018857550787818589;-1289.2815789473686;5;6;262;29.0742769241333;0.001640368970943329;0.2709922116531703;0.006053195997539432;728494.0;719209.9999999999;381.5;0.14342105263157895
20;70;562;526.0;0.017813920974731445;526.0;1;0.017221927642822266;[16, 13, 14, 2, 15, 10, 9, 1, 20, 17, 11, 18, 6, 3, 7, 8, 12, 5, 19, 4];0.0;-1481.8156249999997;7.11751389503479;-1483.234210526316;1;36.70302414894104;[16, 13, 2, 15, 10, 17, 11, 14, 9, 18, 6, 3, 1, 20, 7, 8, 5, 12, 19, 4];-0.0009564137047600729;-1483.2342105263153;3;5;214;10.014387607574463;0.0005484375306047395;0.27566426230749325;0.0019895126267509347;757352.0;753986.0;239.0;0.08984962406015037
20;70;563;596.0;0.01826000213623047;596.0;1;0.017883777618408203;[17, 14, 16, 3, 15, 4, 8, 5, 2, 19, 11, 1, 18, 7, 10, 9, 12, 13, 6, 20];0.0;-1398.1011559573783;7.238501310348511;-1399.5315789473686;1;69.80086302757263;[17, 14, 16, 3, 15, 4, 8, 5, 2, 19, 11, 1, 18, 7, 10, 9, 12, 13, 6, 20];-0.001022072678821706;-1399.5315789473686;1;5;245;11.460546255111694;1.1102230246251565e-16;0.2740968626034151;4.050476952125915e-16;751072.0;751072.0000000002;0.0;0.0
20;70;564;762.0;0.01820516586303711;762.0;1;0.017457008361816406;[4, 18, 17, 3, 9, 12, 15, 1, 20, 2, 10, 19, 7, 16, 5, 6, 11, 14, 13, 8];0.0;-1318.4373992944236;7.271291732788086;-1319.560526315789;1;61.305160999298096;[18, 17, 3, 4, 9, 12, 1, 15, 20, 2, 10, 19, 7, 16, 11, 5, 14, 13, 8, 6];-0.0008511371770881793;-1319.56052631579;7;8;288;31.335855722427368;0.0002913202043046681;0.28125350795806625;0.001035792251693809;784220.0;779087.9999999963;96.0;0.03609022556390978
20;70;565;782.0;0.017589807510375977;782.0;1;0.017147302627563477;[3, 13, 5, 12, 20, 1, 11, 19, 14, 4, 17, 10, 18, 7, 15, 8, 2, 6, 16, 9];0.0;-1316.244659442724;7.055508613586426;-1317.9078947368416;1;58.14462065696716;[20, 3, 13, 5, 12, 1, 11, 4, 18, 17, 19, 10, 7, 15, 14, 16, 8, 2, 6, 9];-0.0012620269601235634;-1317.907894736842;1;6;284;22.665682315826416;0.0007903038847506538;0.2824106704542173;0.0027984207660410377;792156.0;786774.0;215.5;0.08101503759398496
20;70;566;848.0;0.017940044403076172;848.0;1;0.01724076271057129;[6, 9, 20, 5, 12, 4, 3, 15, 10, 13, 16, 7, 1, 18, 11, 8, 19, 17, 14, 2];0.0;-1224.762280701755;6.809777021408081;-1224.8684210526314;1;15.073186874389648;[6, 4, 20, 12, 9, 5, 3, 15, 10, 13, 16, 7, 1, 18, 8, 11, 19, 17, 14, 2];-8.665449206812781e-05;-1224.8684210526314;1;4;187;1.353158712387085;0.0011178816143407877;0.2810870453792813;0.00397699443185789;782584.0;778070.0;132.5;0.04981203007518797
20;70;567;370.0;0.0181887149810791;370.0;1;0.017612457275390625;[17, 15, 10, 1, 12, 7, 16, 19, 18, 9, 4, 20, 2, 14, 11, 5, 3, 13, 8, 6];0.0;-1634.0287196356273;7.225541830062866;-1635.7289473684211;3;71.18166589736938;[15, 17, 10, 1, 12, 7, 16, 19, 20, 2, 14, 9, 11, 18, 4, 5, 3, 13, 8, 6];-0.001039431218435749;-1635.7289473684214;3;8;344;30.52960467338562;0.0007419044465377667;0.2761638870360452;0.0026864643835235865;756422.0;752676.0;148.5;0.05582706766917293
20;70;568;648.0;0.018456697463989258;648.0;1;0.01789379119873047;[15, 4, 19, 16, 9, 8, 14, 6, 5, 7, 20, 17, 18, 1, 2, 10, 13, 3, 11, 12];0.0;-1391.178854290066;6.861107110977173;-1392.1921052631578;1;48.305495262145996;[15, 4, 16, 9, 8, 5, 19, 7, 14, 6, 20, 17, 18, 1, 2, 10, 13, 3, 11, 12];-0.0007278097392314775;-1392.1921052631574;1;5;230;12.679004430770874;0.0004238671176586273;0.27769175339838437;0.0015263943292206292;768816.0;767968.0;124.0;0.04661654135338346
20;70;569;546.0;0.018155813217163086;546.0;1;0.01708221435546875;[1, 9, 3, 16, 18, 11, 20, 8, 12, 10, 6, 15, 13, 19, 4, 2, 14, 7, 17, 5];0.0;-1453.7835020242917;7.484639883041382;-1456.4105263157892;1;93.48676204681396;[1, 3, 16, 9, 20, 18, 11, 8, 12, 10, 6, 13, 19, 4, 2, 14, 7, 15, 17, 5];-0.0018037663447427743;-1456.4105263157899;5;8;343;27.03535795211792;0.0008164819958623726;0.27687623577642867;0.0029489060105601242;755330.0;751444.0000000006;115.5;0.04342105263157895
20;70;570;428.0;0.018600940704345703;428.0;1;0.017647981643676758;[15, 19, 5, 2, 9, 6, 1, 8, 16, 20, 18, 11, 12, 14, 3, 7, 13, 17, 10, 4];0.0;-1519.0753723932473;7.655134439468384;-1521.0684210526317;1;94.1222312450409;[19, 2, 6, 15, 20, 8, 5, 9, 16, 18, 1, 11, 12, 14, 3, 7, 13, 17, 10, 4];-0.0013102952055273898;-1521.0684210526315;1;6;292;25.84408974647522;0.000788521238890505;0.2715587084170417;0.0029036860702678947;735060.0;731988.0;260.5;0.09793233082706766
20;80;571;546.0;0.01796102523803711;546.0;1;0.018100261688232422;[1, 8, 10, 20, 4, 2, 19, 15, 17, 18, 5, 12, 16, 7, 11, 9, 13, 3, 14, 6];0.0;-1676.7415093355582;9.219233512878418;-1681.2710526315786;7;249.1738522052765;[1, 8, 10, 4, 20, 2, 12, 17, 5, 7, 11, 19, 15, 3, 16, 9, 14, 13, 6, 18];-0.002694118410550561;-1681.2710526315786;7;10;491;68.0775580406189;0.0008573500405304468;0.2723620367875965;0.0031478323875182993;840150.0;826096.0;303.0;0.11390977443609022
20;80;572;630.0;0.018470048904418945;630.0;1;0.017923593521118164;[16, 9, 5, 17, 10, 11, 13, 6, 1, 7, 4, 19, 8, 3, 15, 20, 2, 14, 18, 12];0.0;-1616.429698281694;8.440959215164185;-1617.0868421052614;1;80.63248825073242;[16, 5, 11, 13, 9, 17, 10, 1, 6, 7, 4, 19, 8, 3, 15, 20, 2, 14, 18, 12];-0.0004063750977726377;-1617.0868421052633;3;6;293;19.736952781677246;0.000263958932242625;0.27268061183819853;0.0009680150358443939;846300.0;844187.9999999988;136.5;0.05131578947368421
20;80;573;742.0;0.01816534996032715;742.0;1;0.01740574836730957;[5, 2, 3, 12, 16, 6, 15, 11, 18, 17, 7, 20, 19, 13, 10, 14, 1, 4, 9, 8];0.0;-1586.974345193971;8.208117485046387;-1588.857894736842;1;59.178590297698975;[5, 2, 12, 6, 7, 3, 15, 19, 16, 11, 18, 17, 20, 13, 10, 1, 4, 9, 14, 8];-0.001185473886060051;-1588.857894736842;1;6;302;20.440184831619263;0.0005782590372673813;0.2780631764417731;0.002079595884169401;878708.0;872082.0000000037;233.5;0.08778195488721804
20;80;574;858.0;0.017889022827148438;858.0;1;0.017548799514770508;[20, 9, 7, 3, 1, 2, 10, 14, 5, 11, 17, 15, 18, 19, 4, 16, 6, 13, 8, 12];0.0;-1458.153947368421;7.959916591644287;-1458.471052631579;1;20.281108379364014;[20, 9, 7, 3, 2, 1, 10, 14, 5, 11, 17, 15, 18, 19, 4, 16, 6, 13, 8, 12];-0.0002174230764372398;-1458.4710526315785;1;6;254;4.205390930175781;2.6313469700944836e-06;0.2766206989974757;9.512473143300443e-06;871948.0;871184.0000000072;16.0;0.006015037593984963
20;80;575;520.0;0.018126964569091797;520.0;1;0.01736760139465332;[18, 8, 7, 5, 10, 11, 19, 9, 16, 15, 3, 1, 13, 4, 12, 6, 20, 17, 14, 2];0.0;-1732.1866024253118;8.752977848052979;-1736.873684210526;5;216.96375107765198;[18, 8, 19, 7, 9, 5, 10, 11, 15, 16, 3, 6, 1, 4, 13, 14, 12, 17, 20, 2];-0.0026985737810546473;-1736.8736842105268;9;8;407;47.28936553001404;0.0011038133828948915;0.27418554367787756;0.004025789865098391;851906.0;844866.0000000027;187.0;0.07030075187969925
20;80;576;772.0;0.018090009689331055;772.0;1;0.017687559127807617;[20, 11, 6, 7, 17, 12, 3, 18, 5, 13, 14, 4, 8, 10, 1, 19, 9, 16, 2, 15];0.0;-1565.0368775076702;7.586050748825073;-1566.3736842105254;1;33.575536251068115;[20, 11, 6, 7, 17, 3, 18, 12, 5, 13, 1, 14, 4, 8, 10, 9, 19, 15, 16, 2];-0.000853440476133227;-1566.373684210526;1;6;292;10.644399881362915;0.00039371146549027625;0.27829494726429377;0.0014147273220752104;881128.0;877954.0;77.0;0.02894736842105263
20;80;577;676.0;0.017796754837036133;676.0;1;0.017243385314941406;[19, 5, 2, 12, 13, 6, 7, 3, 15, 20, 14, 16, 18, 11, 1, 17, 8, 9, 4, 10];0.0;-1641.8496689571323;8.399056434631348;-1643.1684210526323;3;60.59186863899231;[5, 2, 12, 19, 13, 6, 7, 20, 18, 1, 11, 3, 15, 14, 16, 17, 8, 9, 4, 10];-0.0008025666015752941;-1643.168421052631;7;8;363;33.11838674545288;0.0006681330428741639;0.2777970847281458;0.002405111787000946;874498.0;865397.9999999946;225.0;0.08458646616541353
20;80;578;542.0;0.018364667892456055;542.0;1;0.017737388610839844;[12, 8, 18, 4, 11, 10, 15, 3, 19, 5, 17, 13, 16, 14, 9, 2, 1, 7, 20, 6];0.0;-1706.0268632206783;8.36161994934082;-1707.3605263157892;1;59.781856298446655;[12, 8, 18, 4, 11, 10, 15, 3, 19, 5, 14, 17, 13, 9, 16, 7, 20, 2, 1, 6];-0.0007811256466077054;-1707.3605263157892;5;6;307;21.345974922180176;0.00038076971269151993;0.2729094629014343;0.0013952235611157284;847424.0;845806.0;54.0;0.02030075187969925
20;80;579;686.0;0.01843857765197754;686.0;1;0.017824411392211914;[5, 15, 6, 10, 12, 3, 1, 9, 14, 16, 13, 17, 19, 20, 2, 11, 8, 7, 18, 4];0.0;-1575.6184871789753;8.560058116912842;-1578.2026315789471;7;171.56351137161255;[15, 6, 12, 3, 9, 5, 1, 19, 10, 14, 16, 11, 13, 17, 20, 8, 18, 4, 2, 7];-0.0016373970922773928;-1578.2026315789471;9;8;395;48.49055027961731;0.0008635368899339024;0.2739982837574484;0.00315161422944653;854128.0;850656.0;294.0;0.11052631578947368
20;80;580;874.0;0.017903804779052734;874.0;1;0.01723194122314453;[12, 19, 7, 2, 3, 4, 14, 16, 10, 15, 1, 9, 6, 18, 11, 13, 5, 17, 8, 20];0.0;-1421.4163557423774;8.194095611572266;-1423.113157894737;1;102.62411999702454;[19, 7, 2, 10, 12, 3, 4, 14, 16, 15, 1, 9, 6, 18, 11, 13, 5, 8, 17, 20];-0.0011923170992739207;-1423.1131578947366;3;6;311;24.24983811378479;0.0003844940669576191;0.275834748629667;0.0013939290421811105;865498.0;861591.9999999992;143.0;0.053759398496240604
20;90;581;558.0;0.018425703048706055;558.0;1;0.028970003128051758;[17, 4, 18, 8, 11, 14, 10, 9, 15, 19, 6, 2, 13, 1, 5, 7, 16, 12, 3, 20];0.0;-1917.2337245673912;10.44294285774231;-1922.7157894736833;3;250.42235350608826;[17, 4, 18, 8, 11, 14, 6, 10, 15, 2, 13, 1, 16, 3, 19, 5, 20, 9, 7, 12];-0.002851209178342917;-1922.7157894736843;7;6;376;36.119277000427246;0.0020162823714334754;0.2714398744243776;0.007428099411367824;938638.0;931273.9999999997;236.5;0.08890977443609023
20;90;582;862.0;0.01819753646850586;862.0;1;0.01720595359802246;[11, 9, 13, 14, 20, 10, 2, 17, 15, 4, 12, 6, 5, 8, 1, 7, 16, 3, 19, 18];0.0;-1736.7450646322573;10.175612688064575;-1738.8763157894741;3;145.7541048526764;[11, 9, 13, 10, 2, 14, 17, 20, 15, 4, 12, 6, 5, 1, 8, 7, 3, 19, 16, 18];-0.0012256485052239974;-1738.8763157894741;7;8;423;39.329219579696655;0.00017878097252932434;0.2775012770471214;0.0006442527920293723;979476.0;975987.9999999998;95.5;0.03590225563909774
20;90;583;984.0;0.018112659454345703;984.0;1;0.017550945281982422;[5, 11, 4, 14, 1, 7, 17, 8, 3, 9, 2, 15, 12, 16, 10, 20, 19, 18, 13, 6];0.0;-1540.1102524722216;10.535163879394531;-1544.7710526315777;5;240.17959761619568;[5, 4, 17, 11, 14, 1, 8, 3, 7, 9, 2, 12, 15, 16, 10, 20, 19, 18, 13, 6];-0.0030171462310976116;-1544.7710526315786;9;7;404;45.727221727371216;0.0004133393441075883;0.2732237146415484;0.0015128238214968362;952780.0;951732.0000000006;126.0;0.04736842105263158
20;90;584;616.0;0.018153905868530273;616.0;1;0.017574310302734375;[11, 19, 15, 3, 6, 7, 9, 20, 10, 16, 2, 13, 17, 1, 4, 5, 18, 8, 12, 14];0.0;-1883.6727685748235;9.49918794631958;-1884.8842105263147;1;85.75018000602722;[11, 15, 6, 7, 9, 19, 3, 10, 20, 16, 13, 1, 4, 2, 5, 17, 18, 8, 12, 14];-0.0006427142551918008;-1884.8842105263152;3;6;328;21.13165807723999;0.0010698381494486098;0.27182425516890635;0.003935771474049779;943882.0;935110.0;189.0;0.07105263157894737
20;90;585;378.0;0.018187522888183594;378.0;1;0.01741790771484375;[17, 18, 19, 8, 2, 3, 1, 20, 10, 6, 5, 14, 4, 15, 16, 12, 11, 9, 7, 13];0.0;-2036.5952391536339;11.760077953338623;-2042.2052631578947;60;393.11135721206665;[17, 18, 19, 8, 2, 3, 6, 1, 20, 10, 5, 14, 4, 15, 16, 12, 11, 9, 7, 13];-0.002747042183010473;-2042.2052631578956;9;6;381;41.84620499610901;0.00017320910169849046;0.2666909814284786;0.0006494749120151325;911098.0;909906.000000003;40.5;0.015225563909774436
20;90;586;424.0;0.01782083511352539;424.0;1;0.01780986785888672;[15, 3, 16, 19, 9, 18, 14, 17, 1, 12, 8, 20, 13, 2, 7, 10, 5, 11, 6, 4];0.0;-2108.517203488846;9.314640045166016;-2110.289473684209;1;80.08323907852173;[16, 15, 9, 3, 19, 18, 14, 17, 1, 12, 8, 10, 11, 20, 13, 2, 6, 7, 5, 4];-0.0008398232647528481;-2110.28947368421;1;6;342;20.25044345855713;0.001269090380452087;0.2735203468033638;0.004639839029468793;957028.0;953040.0;154.5;0.05808270676691729
20;90;587;830.0;0.01799178123474121;830.0;1;0.017347097396850586;[6, 18, 12, 3, 9, 14, 4, 1, 11, 10, 13, 20, 15, 16, 7, 2, 5, 19, 8, 17];0.0;-1730.5824507729817;9.749013900756836;-1732.0052631578938;1;68.0892059803009;[6, 1, 12, 3, 14, 18, 4, 11, 10, 13, 15, 9, 7, 20, 16, 2, 5, 19, 8, 17];-0.0008214827143873116;-1732.0052631578944;3;7;359;25.160587549209595;0.00094979081800739;0.27557451146286344;0.0034465844209085506;966722.0;956726.0;272.0;0.10225563909774436
20;90;588;732.0;0.018167734146118164;732.0;1;0.017443418502807617;[7, 13, 8, 6, 9, 4, 1, 20, 10, 12, 5, 18, 19, 15, 3, 11, 17, 14, 2, 16];0.0;-1759.5971182053495;9.668068408966064;-1761.9394736842105;1;101.05613470077515;[7, 13, 8, 4, 6, 9, 1, 20, 10, 12, 5, 11, 18, 19, 15, 3, 17, 14, 2, 16];-0.001329418810263161;-1761.9394736842107;3;5;306;15.20624327659607;0.00042906217970617444;0.2704486927268368;0.001586482727574295;939618.0;937772.0000000021;66.5;0.025
20;90;589;464.0;0.0180051326751709;464.0;1;0.017708301544189453;[9, 16, 17, 13, 4, 20, 8, 7, 3, 6, 5, 12, 19, 14, 15, 11, 1, 10, 2, 18];0.0;-1979.4425289095427;10.500944137573242;-1984.9105263157885;3;250.99027395248413;[9, 17, 4, 13, 20, 16, 6, 8, 7, 5, 12, 19, 3, 14, 15, 11, 1, 10, 2, 18];-0.0027547828145155773;-1984.9105263157894;9;6;370;31.83480143547058;0.0003357390664548987;0.2680227354619739;0.0012526514434538787;922352.0;919232.0;164.0;0.061654135338345864
20;90;590;518.0;0.018002748489379883;518.0;1;0.017270565032958984;[16, 17, 3, 6, 4, 18, 12, 13, 15, 11, 20, 7, 1, 5, 19, 2, 9, 8, 14, 10];0.0;-1996.934529965096;10.245031595230103;-2003.7789473684215;7;348.7716808319092;[16, 3, 17, 6, 4, 18, 12, 13, 15, 11, 20, 7, 5, 19, 2, 14, 9, 8, 10, 1];-0.003415754723001929;-2003.778947368421;25;8;454;69.79616212844849;0.0004417485643171126;0.27341134766057723;0.001615692136032025;950222.0;946832.0;73.0;0.02744360902255639
20;100;591;664.0;0.018245935440063477;664.0;1;0.017792701721191406;[3, 15, 14, 5, 20, 9, 18, 17, 7, 6, 16, 4, 12, 8, 2, 10, 1, 11, 19, 13];0.0;-2118.693529832509;11.336608171463013;-2123.2973684210524;3;302.3283534049988;[3, 15, 5, 12, 20, 14, 9, 18, 17, 16, 7, 4, 8, 2, 10, 11, 6, 1, 19, 13];-0.00216824956174988;-2123.2973684210524;9;10;562;59.89493703842163;0.0013571628812746317;0.27300811005296494;0.004971144926835086;1052808.0;1042176.0;242.5;0.09116541353383459
20;100;592;690.0;0.018128633499145508;690.0;1;0.01760244369506836;[7, 1, 14, 20, 18, 6, 8, 13, 17, 11, 9, 2, 4, 15, 3, 10, 5, 19, 12, 16];0.0;-2022.2920012913369;12.502498626708984;-2030.7394736842102;3;399.86982226371765;[7, 13, 1, 14, 20, 18, 6, 17, 8, 11, 2, 15, 5, 12, 4, 3, 9, 10, 19, 16];-0.004159801147484377;-2030.7394736842098;7;8;502;56.808422327041626;0.0011724937409128833;0.26914186571757776;0.004356415297140103;1027086.0;1020021.9999999957;227.5;0.08552631578947369
20;100;593;920.0;0.01836228370666504;920.0;1;0.017688274383544922;[8, 6, 1, 5, 11, 20, 15, 16, 13, 12, 9, 3, 17, 2, 7, 4, 19, 18, 14, 10];0.0;-1894.2914232914213;11.492528200149536;-1897.4210526315787;7;315.71701431274414;[5, 8, 6, 11, 20, 15, 3, 16, 13, 1, 12, 10, 9, 17, 2, 7, 4, 19, 18, 14];-0.0016494121512021787;-1897.4210526315794;9;11;617;97.38825964927673;0.0013806720122724325;0.274552859706347;0.00502880215397922;1064280.0;1055086.0;265.5;0.09981203007518796
20;100;594;768.0;0.018204689025878906;768.0;1;0.017271995544433594;[13, 3, 2, 14, 19, 15, 6, 11, 10, 18, 20, 7, 4, 9, 8, 1, 17, 5, 12, 16];0.0;-2046.5069060218113;11.253682136535645;-2050.6763157894743;5;199.94213342666626;[13, 3, 2, 14, 19, 15, 6, 11, 10, 18, 20, 7, 4, 9, 8, 1, 17, 5, 12, 16];-0.00203318765402416;-2050.6763157894743;7;6;406;21.02746558189392;0.0;0.27359190045051657;0.0;1060866.0;1060866.0;0.0;0.0
20;100;595;632.0;0.018212556838989258;632.0;1;0.017618894577026367;[17, 8, 12, 15, 3, 11, 4, 16, 1, 5, 13, 6, 19, 10, 2, 9, 18, 7, 20, 14];0.0;-2080.944708774924;12.009071350097656;-2086.0578947368417;7;395.1079204082489;[8, 17, 12, 15, 3, 11, 4, 5, 16, 1, 13, 6, 19, 10, 20, 2, 9, 18, 7, 14];-0.0024511237079365422;-2086.057894736842;21;7;413;52.77121138572693;0.0005384933214639398;0.26843794650204467;0.0020060253346478275;1024298.0;1022036.0000000037;66.5;0.025
20;100;596;650.0;0.01811671257019043;650.0;1;0.017250776290893555;[2, 16, 20, 13, 14, 8, 19, 15, 11, 9, 3, 17, 18, 1, 10, 6, 5, 7, 4, 12];0.0;-2163.6008195045097;10.65919542312622;-2167.000000000001;3;150.73374128341675;[16, 2, 13, 8, 20, 14, 19, 15, 11, 9, 3, 17, 18, 1, 10, 6, 4, 5, 7, 12];-0.0015686112115788076;-2167.0;9;7;383;35.175081729888916;0.0004790487056474113;0.2734255150579166;0.0017520263445272833;1061568.0;1059457.9999999995;79.5;0.02988721804511278
20;100;597;604.0;0.018221378326416016;604.0;1;0.017507553100585938;[5, 15, 12, 18, 16, 19, 7, 6, 1, 10, 17, 11, 4, 13, 8, 20, 2, 9, 3, 14];0.0;-2152.1339821832325;11.764264583587646;-2162.0447368421055;53;648.1879298686981;[5, 1, 15, 12, 18, 7, 6, 10, 17, 4, 9, 19, 11, 13, 16, 8, 20, 2, 3, 14];-0.004583972981682449;-2162.0447368421055;45;9;592;85.32844352722168;0.0007727614423407303;0.27118779785418895;0.0028495435578418807;1043116.0;1033368.0;377.0;0.14172932330827068
20;100;598;438.0;0.018151283264160156;438.0;1;0.01787877082824707;[20, 4, 13, 17, 9, 16, 11, 7, 19, 15, 10, 5, 18, 6, 8, 14, 1, 12, 3, 2];0.0;-2375.1790293092217;11.132347106933594;-2378.960526315788;1;203.27264881134033;[20, 4, 13, 17, 9, 16, 11, 7, 19, 15, 10, 5, 8, 18, 12, 6, 14, 1, 3, 2];-0.0015895585339628093;-2378.9605263157896;5;6;403;25.066062688827515;0.0005069726515629647;0.2741161182246015;0.001849481361572355;1061652.0;1059468.0;32.5;0.012218045112781954
20;100;599;784.0;0.01792311668395996;784.0;1;0.01734018325805664;[10, 2, 16, 14, 9, 6, 8, 7, 11, 13, 12, 15, 5, 17, 19, 18, 1, 4, 3, 20];0.0;-2005.3648151232512;10.972952127456665;-2010.7868421052635;3;219.07244062423706;[10, 2, 16, 14, 7, 9, 6, 17, 5, 8, 11, 13, 12, 15, 19, 18, 1, 3, 20, 4];-0.00269647029136888;-2010.7868421052638;7;9;561;47.14620804786682;0.0010750696537771276;0.2729464380205984;0.0039387568549108356;1054846.0;1045000.0;181.0;0.06804511278195488
20;100;600;954.0;0.017843246459960938;954.0;1;0.01739978790283203;[8, 16, 5, 9, 1, 18, 4, 19, 14, 12, 6, 17, 2, 3, 7, 10, 20, 15, 11, 13];0.0;-1932.173484148969;10.430698871612549;-1932.9657894736856;1;60.000768184661865;[8, 16, 5, 9, 1, 18, 19, 14, 12, 4, 6, 2, 17, 3, 15, 7, 10, 20, 11, 13];-0.0004098910229198838;-1932.9657894736838;1;7;414;18.24856400489807;0.0005254692556522222;0.2768990478264952;0.001897692533711712;1088172.0;1082887.9999999963;66.0;0.02481203007518797
21;10;601;226.0;0.020067930221557617;226.0;1;0.01986241340637207;[15, 16, 14, 8, 7, 2, 20, 17, 1, 3, 11, 6, 19, 5, 4, 13, 18, 21, 9, 12, 10];0.0;-160.57423896933065;1.0969107151031494;-160.7071428571428;1;5.3748931884765625;[15, 16, 14, 8, 7, 2, 20, 17, 1, 3, 5, 6, 13, 19, 18, 11, 4, 9, 21, 12, 10];-0.0008269942794657537;-160.7071428571428;3;7;42;7.141601085662842;0.0011792612307051087;0.304377883222541;0.0038743328464601705;161586.0;161150.0;98.5;0.03198051948051948
21;10;602;314.0;0.02068495750427246;314.0;1;0.01990199089050293;[4, 7, 16, 14, 8, 12, 6, 3, 10, 19, 20, 2, 1, 21, 18, 11, 5, 9, 17, 13, 15];0.0;-83.2813527180782;1.120476484298706;-83.44047619047615;1;16.344316482543945;[4, 7, 16, 8, 2, 14, 12, 3, 10, 19, 6, 1, 21, 20, 18, 11, 5, 9, 17, 13, 15];-0.0019070297733525532;-83.4404761904762;1;6;43;8.327223777770996;0.0008973040819324485;0.30730376917963825;0.0029199254025677706;165972.0;165636.0;189.5;0.061525974025974026
21;10;603;196.0;0.020455598831176758;196.0;1;0.02011251449584961;[6, 13, 5, 20, 14, 7, 21, 16, 18, 11, 12, 8, 2, 3, 10, 17, 19, 4, 9, 15, 1];0.0;-189.3494047619047;1.1472585201263428;-189.46666666666653;1;6.680204391479492;[6, 5, 13, 14, 7, 16, 21, 12, 18, 8, 11, 2, 3, 19, 4, 9, 20, 10, 15, 17, 1];-0.0006189051975465931;-189.46666666666658;1;5;35;2.4088947772979736;0.006213766548412214;0.3071482164334702;0.020230514832757125;162928.0;159792.0;314.0;0.10194805194805195
21;10;604;202.0;0.02047109603881836;202.0;1;0.020067453384399414;[19, 17, 9, 21, 7, 12, 18, 13, 4, 3, 1, 10, 2, 8, 14, 11, 6, 20, 15, 16, 5];0.0;-212.45714285714263;1.098741054534912;-212.46666666666647;1;2.4639265537261963;[19, 17, 9, 7, 12, 21, 18, 4, 3, 1, 10, 2, 20, 8, 13, 14, 11, 6, 15, 16, 5];-4.4824958537081905e-05;-212.46666666666644;1;6;39;0.30336618423461914;0.0035069661824471687;0.3166766109785203;0.011074282283149231;174086.0;171926.0;154.0;0.05
21;10;605;258.0;0.020017385482788086;258.0;1;0.01927781105041504;[15, 19, 8, 18, 21, 1, 2, 9, 7, 12, 16, 11, 14, 6, 17, 10, 4, 13, 3, 20, 5];0.0;-163.02445887445887;1.0867977142333984;-163.04523809523818;1;2.983773946762085;[15, 19, 8, 18, 21, 1, 2, 7, 11, 9, 12, 17, 16, 6, 14, 10, 4, 3, 13, 20, 5];-0.00012744451185486838;-163.04523809523818;1;6;36;2.3851912021636963;0.0007237616726236684;0.3156787004063924;0.002292716206991241;175786.0;175510.0;93.5;0.030357142857142857
21;10;606;216.0;0.019874095916748047;216.0;1;0.019311904907226562;[6, 20, 16, 21, 4, 7, 11, 18, 17, 9, 13, 3, 8, 10, 15, 5, 19, 2, 12, 14, 1];0.0;-215.05438120202194;1.0901100635528564;-215.15476190476198;1;6.5121636390686035;[6, 20, 9, 16, 4, 21, 7, 11, 18, 17, 3, 8, 10, 13, 15, 5, 12, 19, 2, 14, 1];-0.00046655115532356906;-215.15476190476187;3;6;40;3.8991591930389404;0.0016470187125453561;0.3214987852937664;0.005122939145914373;180374.0;178908.0;181.0;0.058766233766233765
21;10;607;218.0;0.020195484161376953;218.0;1;0.019060850143432617;[6, 17, 12, 20, 13, 2, 19, 7, 14, 9, 21, 1, 11, 18, 3, 16, 10, 5, 15, 8, 4];0.0;-194.29832915622373;1.0944349765777588;-194.33571428571418;1;2.882551908493042;[6, 12, 17, 20, 13, 2, 19, 7, 14, 9, 21, 1, 11, 18, 3, 16, 5, 15, 8, 10, 4];-0.00019237395261006984;-194.33571428571435;1;5;30;0.8105196952819824;0.000793065435828133;0.3129490845174108;0.002534167617237465;172168.0;171868.00000000035;33.5;0.010876623376623377
21;10;608;286.0;0.0205535888671875;286.0;1;0.019795894622802734;[3, 17, 20, 12, 8, 10, 9, 1, 16, 11, 5, 15, 6, 4, 2, 7, 19, 21, 14, 18, 13];0.0;-100.18928571428546;1.1487007141113281;-100.25476190476184;1;3.8990249633789062;[3, 17, 20, 1, 8, 10, 16, 9, 12, 11, 5, 15, 6, 4, 2, 7, 19, 21, 14, 18, 13];-0.0006530980597069247;-100.25476190476188;1;5;33;4.278711795806885;0.0015859615431298435;0.30382294140990124;0.005220019053762471;161546.0;160958.0;151.0;0.04902597402597403
21;10;609;212.0;0.01993727684020996;212.0;1;0.01942157745361328;[3, 16, 6, 13, 10, 17, 11, 9, 19, 18, 15, 12, 7, 21, 4, 5, 8, 2, 20, 1, 14];0.0;-198.42380952380955;1.076514482498169;-198.42380952380955;1;1.2036218643188477;[3, 16, 6, 13, 10, 17, 9, 11, 19, 18, 15, 12, 7, 21, 4, 20, 5, 2, 1, 8, 14];0.0;-198.42380952380938;1;3;18;0.05831456184387207;0.001342918502971191;0.3140291667276747;0.004276413292959397;171578.0;171073.99999999895;40.0;0.012987012987012988
21;10;610;256.0;0.02005934715270996;256.0;1;0.019569873809814453;[6, 8, 18, 9, 16, 11, 21, 13, 4, 5, 3, 7, 2, 20, 19, 17, 1, 15, 12, 10, 14];0.0;-124.83547368421021;1.1093685626983643;-125.2928571428572;1;12.854725360870361;[6, 8, 9, 13, 4, 5, 18, 11, 3, 2, 7, 15, 16, 21, 20, 10, 19, 12, 14, 17, 1];-0.0036505150339535275;-125.29285714285719;1;6;45;14.198256731033325;0.0025666332243058365;0.3034652722795306;0.008457749399218362;159830.0;158048.0;431.5;0.1400974025974026
21;20;611;572.0;0.019809722900390625;572.0;1;0.019282817840576172;[3, 1, 2, 16, 15, 9, 4, 18, 11, 7, 8, 13, 20, 10, 5, 17, 12, 6, 21, 14, 19];0.0;-172.26624812445698;2.3613171577453613;-172.5119047619047;1;19.438638925552368;[9, 3, 1, 2, 16, 15, 4, 11, 8, 13, 20, 10, 18, 5, 17, 6, 12, 21, 7, 14, 19];-0.0014239981744260666;-172.51190476190473;1;5;67;10.72667121887207;0.00211091947309916;0.30038068608284524;0.007027480696668249;311754.0;305189.9999999875;262.5;0.08522727272727272
21;20;612;272.0;0.020467281341552734;272.0;1;0.019639968872070312;[2, 21, 19, 1, 15, 5, 11, 20, 12, 9, 18, 17, 4, 14, 16, 8, 6, 13, 10, 3, 7];0.0;-445.0871632043581;2.3547050952911377;-445.61190476190484;1;21.13996934890747;[2, 19, 21, 1, 11, 20, 9, 18, 4, 17, 15, 12, 14, 16, 8, 6, 5, 10, 13, 3, 7];-0.0011775752665923456;-445.61190476190495;3;4;58;7.801041603088379;0.0030243317459284214;0.2949202969729792;0.010254742643926987;301144.0;295608.0;334.5;0.1086038961038961
21;20;613;370.0;0.020562171936035156;370.0;1;0.019974470138549805;[5, 11, 15, 19, 10, 16, 2, 9, 13, 17, 1, 12, 7, 3, 14, 8, 6, 21, 18, 20, 4];0.0;-333.13869900771755;2.4023959636688232;-333.59047619047624;1;18.004083395004272;[5, 11, 2, 15, 19, 10, 9, 16, 13, 17, 1, 12, 7, 3, 14, 6, 8, 21, 18, 20, 4];-0.0013542868127348617;-333.5904761904761;3;7;90;16.341106414794922;0.0003944159588473717;0.28956849089268827;0.0013620817570014516;293374.0;292252.0;94.5;0.03068181818181818
21;20;614;360.0;0.020097732543945312;360.0;1;0.01944279670715332;[13, 3, 12, 9, 1, 5, 19, 4, 7, 2, 18, 17, 21, 11, 8, 15, 16, 20, 10, 6, 14];0.0;-353.94669514386044;2.4427196979522705;-355.22619047619037;1;49.72816729545593;[13, 3, 12, 1, 21, 9, 5, 19, 7, 2, 18, 17, 16, 20, 10, 11, 8, 14, 4, 15, 6];-0.0036019172196023463;-355.2261904761904;3;9;121;43.466965436935425;0.002225119028531952;0.29507198811706037;0.007540936171986639;299568.0;291268.0;328.5;0.10665584415584416
21;20;615;261.0;0.02079916000366211;260.0;1;0.020511388778686523;[5, 1, 17, 21, 19, 12, 18, 10, 9, 11, 15, 16, 8, 20, 7, 4, 14, 2, 3, 6, 13];0.0038461538461538325;-437.78065009702925;2.37798810005188;-437.8714285714286;1;13.622727155685425;[1, 17, 16, 14, 5, 12, 10, 9, 21, 19, 18, 11, 15, 8, 20, 4, 7, 2, 3, 6, 13];-0.00020731764731840574;-437.87142857142857;1;6;80;8.667856931686401;0.005786253887900328;0.2922378864405839;0.01979980747320644;294854.0;289022.0;529.5;0.1719155844155844
21;20;616;278.0;0.019917964935302734;278.0;1;0.019454479217529297;[1, 16, 6, 21, 19, 14, 12, 10, 2, 4, 20, 18, 9, 7, 15, 5, 17, 3, 11, 13, 8];0.0;-434.16085292634847;2.3728513717651367;-434.8357142857144;1;17.787627935409546;[1, 16, 6, 14, 21, 15, 19, 12, 10, 2, 9, 20, 18, 5, 4, 7, 17, 3, 11, 13, 8];-0.0015519915618580349;-434.83571428571435;5;6;87;10.439073085784912;0.0013066304575051202;0.2922249459745524;0.004471317303687361;297902.0;294443.9999999986;234.5;0.07613636363636364
21;20;617;186.0;0.02006244659423828;186.0;1;0.01930403709411621;[17, 21, 7, 15, 19, 13, 9, 14, 8, 11, 1, 20, 6, 12, 5, 18, 16, 2, 10, 3, 4];0.0;-517.3044454490656;2.3790700435638428;-517.4785714285714;0;13.268348693847656;[17, 21, 19, 7, 14, 13, 15, 8, 9, 11, 1, 20, 6, 12, 5, 18, 16, 2, 10, 3, 4];-0.0003364892560190347;-517.4785714285715;1;5;60;8.653671264648438;0.0009108647783632184;0.29049292466126697;0.0031355833517299745;293702.0;292210.0;119.0;0.038636363636363635
21;20;618;262.0;0.02071237564086914;262.0;1;0.01982259750366211;[20, 1, 16, 14, 21, 3, 7, 18, 17, 6, 19, 13, 9, 10, 2, 11, 8, 5, 15, 12, 4];0.0;-446.74446316262345;2.407266855239868;-447.4571428571429;1;29.056184768676758;[20, 1, 16, 14, 3, 7, 19, 13, 9, 21, 2, 18, 17, 10, 11, 6, 8, 12, 5, 15, 4];-0.0015927328592160173;-447.45714285714286;1;7;94;21.35613489151001;0.0035563582445636843;0.29423910962135613;0.01208662658454959;298106.0;293040.0;274.0;0.08896103896103896
21;20;619;306.0;0.02019333839416504;306.0;1;0.019884586334228516;[14, 13, 20, 21, 2, 18, 11, 12, 3, 4, 6, 1, 19, 10, 9, 16, 15, 17, 5, 8, 7];0.0;-427.3730133308929;2.4910383224487305;-428.6595238095236;1;52.225393772125244;[14, 13, 20, 21, 2, 18, 11, 12, 3, 4, 6, 15, 1, 19, 10, 17, 9, 5, 8, 16, 7];-0.0030012408617389186;-428.6595238095237;5;9;107;44.77353501319885;0.0005661239701028054;0.2974878702850859;0.0019030153046585817;306508.0;305260.00000000023;67.0;0.021753246753246754
21;20;620;368.0;0.01996898651123047;368.0;1;0.019675016403198242;[12, 5, 6, 14, 9, 2, 19, 4, 20, 18, 7, 3, 16, 8, 13, 11, 10, 15, 1, 21, 17];0.0;-339.0785147538963;2.339583158493042;-339.71904761904545;1;20.32295536994934;[12, 5, 19, 6, 14, 9, 4, 2, 20, 18, 7, 3, 16, 8, 11, 13, 10, 15, 1, 21, 17];-0.0018854782198360898;-339.7190476190475;1;5;73;9.93665337562561;0.0005216151201810071;0.2906436825066755;0.0017946893449818117;295194.0;294818.0000000007;95.5;0.031006493506493506
21;30;621;464.0;0.020545005798339844;464.0;1;0.020038604736328125;[15, 14, 2, 10, 18, 13, 5, 16, 12, 3, 21, 20, 8, 4, 19, 7, 1, 6, 17, 9, 11];0.0;-628.5671428571427;3.387716770172119;-628.6690476190477;1;7.636902809143066;[15, 14, 16, 2, 13, 5, 12, 10, 3, 18, 21, 20, 8, 4, 19, 7, 1, 6, 9, 17, 11];-0.00016209603811556672;-628.6690476190477;1;4;75;1.7913079261779785;0.0010221161296727344;0.2957211000423153;0.00345635170952116;456350.0;454400.0;208.5;0.0676948051948052
21;30;622;298.0;0.020766258239746094;298.0;1;0.02007913589477539;[4, 17, 14, 5, 6, 15, 9, 18, 21, 1, 2, 8, 10, 20, 16, 11, 7, 12, 3, 13, 19];0.0;-655.035661543098;3.8949804306030273;-656.6285714285716;1;42.084447383880615;[4, 17, 14, 18, 20, 5, 11, 6, 15, 9, 10, 21, 1, 2, 16, 7, 8, 13, 12, 3, 19];-0.0024258918280209985;-656.6285714285715;1;5;98;14.776928901672363;0.0011477366632999253;0.2762924833476088;0.00415406401721011;398700.0;395824.0;397.5;0.12905844155844157
21;30;623;422.0;0.020184755325317383;422.0;1;0.01945662498474121;[5, 6, 14, 18, 17, 10, 1, 12, 9, 13, 3, 8, 2, 16, 15, 7, 21, 4, 19, 20, 11];0.0;-580.9307734367231;3.873157024383545;-581.5452380952382;1;23.658690929412842;[5, 6, 14, 18, 17, 12, 9, 13, 10, 1, 16, 15, 4, 20, 3, 8, 2, 7, 21, 19, 11];-0.0010566068093476044;-581.5452380952382;1;5;104;11.649186611175537;0.001717222515240313;0.28405623715585127;0.006045361061014605;419782.0;413772.0;242.0;0.07857142857142857
21;30;624;436.0;0.019967079162597656;436.0;1;0.019650697708129883;[13, 10, 6, 3, 4, 14, 8, 20, 19, 1, 7, 18, 21, 9, 5, 17, 2, 12, 16, 15, 11];0.0;-590.862769453528;3.707634449005127;-591.0500000000002;1;33.52025485038757;[13, 10, 6, 3, 4, 8, 20, 1, 19, 7, 14, 18, 21, 5, 9, 2, 17, 12, 16, 15, 11];-0.0003167761551005066;-591.05;1;5;100;13.46181845664978;0.00041064706109505966;0.2874985314307389;0.0014283448998903441;428242.0;426130.0;102.5;0.033279220779220776
21;30;625;462.0;0.02018594741821289;462.0;1;0.019429683685302734;[1, 17, 5, 18, 8, 11, 2, 16, 19, 7, 6, 4, 14, 21, 13, 15, 10, 20, 3, 12, 9];0.0;-551.0304761904762;3.4724223613739014;-551.1452380952381;1;11.69050121307373;[1, 17, 5, 18, 8, 11, 2, 19, 7, 6, 16, 4, 3, 14, 21, 13, 15, 10, 20, 12, 9];-0.0002082244331069738;-551.1452380952381;1;4;81;4.619644403457642;0.0014823168048755386;0.2846688787789785;0.005207161426403879;423550.0;421132.0;87.0;0.028246753246753246
21;30;626;396.0;0.020122528076171875;396.0;1;0.01920795440673828;[17, 20, 11, 5, 3, 21, 15, 10, 6, 8, 9, 4, 14, 1, 16, 19, 2, 18, 12, 13, 7];0.0;-645.5018747656543;3.4199025630950928;-645.7047619047622;1;11.795209169387817;[17, 20, 21, 11, 5, 3, 15, 10, 6, 8, 9, 4, 14, 16, 12, 19, 2, 13, 1, 18, 7];-0.0003142103807775021;-645.7047619047618;1;6;118;5.731071472167969;0.0012529875337090601;0.28952780815393664;0.004327693224696639;435268.0;429738.0;112.5;0.036525974025974024
21;30;627;374.0;0.020394325256347656;374.0;1;0.019829273223876953;[16, 11, 12, 9, 21, 2, 15, 5, 10, 6, 20, 13, 4, 3, 8, 14, 1, 17, 7, 19, 18];0.0;-626.8333333333331;3.5626208782196045;-627.9619047619047;1;21.412598371505737;[11, 15, 16, 12, 5, 10, 6, 3, 20, 8, 9, 21, 2, 7, 13, 14, 4, 1, 19, 17, 18];-0.001797197282213281;-627.9619047619046;1;6;112;16.079620361328125;0.0015319367302584208;0.28355469157178115;0.005402614648224274;418922.0;413108.0;505.5;0.16412337662337662
21;30;628;540.0;0.0196380615234375;540.0;1;0.019619226455688477;[21, 2, 20, 1, 4, 10, 9, 11, 5, 3, 18, 15, 19, 13, 17, 16, 8, 6, 14, 12, 7];0.0;-516.8519274376415;3.5397722721099854;-516.988095238095;1;8.823590755462646;[2, 20, 1, 21, 4, 10, 9, 11, 5, 3, 18, 15, 19, 13, 17, 16, 8, 6, 14, 12, 7];-0.00026338672342296476;-516.9880952380952;1;5;92;2.1356334686279297;7.452085419523691e-05;0.29091579267918094;0.000256159535063185;440402.0;439484.0;61.5;0.019967532467532467
21;30;629;434.0;0.020658016204833984;434.0;1;0.01941657066345215;[16, 7, 6, 12, 20, 11, 8, 2, 10, 3, 4, 21, 14, 13, 5, 15, 9, 19, 17, 1, 18];0.0;-604.0606413994167;3.4718616008758545;-604.2476190476191;1;12.799214839935303;[16, 7, 12, 20, 8, 11, 3, 6, 2, 10, 4, 21, 14, 5, 15, 9, 19, 17, 13, 18, 1];-0.0003094387835521628;-604.247619047619;1;4;78;3.5331459045410156;0.0006947453347476706;0.28816553720569493;0.0024109244342141985;433220.0;428286.0;172.0;0.05584415584415584
21;30;630;348.0;0.020219087600708008;348.0;1;0.019608497619628906;[19, 3, 12, 14, 9, 6, 5, 20, 17, 10, 2, 16, 13, 11, 7, 18, 1, 4, 15, 8, 21];0.0;-657.786811193643;3.7237863540649414;-658.9833333333332;1;43.49779152870178;[14, 19, 6, 3, 12, 5, 20, 17, 9, 2, 16, 13, 10, 7, 1, 18, 4, 21, 15, 11, 8];-0.001815709258742415;-658.9833333333332;11;8;157;43.206759214401245;0.001642676354059458;0.28481636302278224;0.005767492908853911;421144.0;416889.99999999185;254.0;0.08246753246753247
21;40;631;406.0;0.020284175872802734;406.0;1;0.019815921783447266;[8, 11, 20, 7, 10, 6, 4, 9, 12, 3, 19, 18, 13, 21, 14, 1, 16, 15, 2, 17, 5];0.0;-876.4949795918367;4.9819655418396;-877.7690476190476;1;40.40930938720703;[10, 11, 6, 3, 20, 7, 18, 13, 8, 4, 21, 19, 9, 1, 12, 14, 16, 15, 2, 17, 5];-0.0014514843405184497;-877.7690476190475;1;6;163;18.507529497146606;0.0030277476666783487;0.27912386101258174;0.010847326544189177;538802.0;529548.0;524.0;0.17012987012987013
21;40;632;522.0;0.02039337158203125;522.0;1;0.020370960235595703;[3, 14, 17, 8, 1, 11, 6, 9, 2, 5, 10, 19, 20, 21, 15, 7, 18, 4, 13, 12, 16];0.0;-757.1955026455025;5.0290186405181885;-757.2738095238096;1;14.23430585861206;[3, 14, 1, 17, 8, 11, 6, 9, 19, 2, 20, 21, 5, 7, 15, 18, 10, 13, 12, 4, 16];-0.00010340629415972469;-757.2738095238094;1;4;112;8.13868522644043;0.0029925831302993755;0.27872696886991255;0.010736611324094992;536868.0;531860.0;161.0;0.05227272727272727
21;40;633;690.0;0.020173072814941406;690.0;1;0.0195620059967041;[6, 4, 17, 2, 13, 20, 11, 5, 3, 1, 19, 16, 9, 7, 12, 21, 15, 18, 8, 10, 14];0.0;-660.7195238095236;4.805751085281372;-661.2428571428584;1;24.60591769218445;[6, 4, 17, 2, 13, 3, 20, 11, 1, 19, 16, 15, 5, 9, 7, 12, 21, 18, 8, 10, 14];-0.0007914389209374706;-661.2428571428572;1;7;161;12.068310976028442;7.878457904397784e-05;0.2836638473198736;0.0002777392317997309;562898.0;561109.9999999995;132.5;0.04301948051948052
21;40;634;550.0;0.019991397857666016;550.0;1;0.019538164138793945;[9, 1, 2, 14, 20, 13, 11, 12, 15, 7, 21, 10, 8, 16, 18, 4, 19, 17, 6, 5, 3];0.0;-787.5383928571425;4.999953031539917;-787.7904761904763;1;32.628565549850464;[9, 1, 2, 14, 20, 12, 13, 11, 10, 15, 7, 21, 8, 16, 18, 4, 19, 17, 6, 5, 3];-0.0003199877898407699;-787.7904761904757;1;5;126;12.99704885482788;0.00019296144743774502;0.2834319544678475;0.0006808034323442332;557450.0;555501.9999999998;69.0;0.022402597402597403
21;40;635;394.0;0.019995689392089844;394.0;1;0.01961064338684082;[19, 13, 17, 3, 1, 20, 12, 11, 14, 2, 16, 10, 9, 7, 6, 8, 5, 4, 21, 15, 18];0.0;-914.1368288444938;5.291072607040405;-915.7619047619046;1;91.20817303657532;[19, 13, 3, 1, 20, 2, 17, 11, 16, 10, 12, 14, 9, 7, 6, 8, 5, 4, 21, 15, 18];-0.0017745616070732328;-915.7619047619046;3;6;150;25.649216651916504;0.0010768505691315378;0.28109460406735204;0.003830918678444349;546964.0;543780.0;185.5;0.060227272727272727
21;40;636;476.0;0.020582199096679688;476.0;1;0.01994776725769043;[12, 11, 5, 6, 15, 17, 14, 16, 10, 21, 4, 3, 20, 9, 1, 18, 2, 13, 8, 19, 7];0.0;-894.6218376697756;4.7802534103393555;-895.2761904761905;1;21.827024698257446;[16, 12, 11, 5, 15, 14, 10, 21, 4, 3, 20, 9, 6, 17, 1, 18, 2, 13, 8, 19, 7];-0.0007308949052547975;-895.2761904761904;1;5;137;8.91904878616333;0.0012688217922950384;0.28704744614040467;0.004420251109547983;572980.0;566982.0;364.0;0.11818181818181818
21;40;637;566.0;0.020343780517578125;566.0;1;0.019980192184448242;[6, 5, 1, 11, 10, 20, 12, 13, 8, 14, 21, 7, 4, 2, 16, 17, 9, 15, 18, 19, 3];0.0;-726.7832882809084;4.942465543746948;-726.9476190476194;1;26.52204203605652;[11, 6, 5, 1, 10, 20, 12, 8, 14, 2, 13, 21, 7, 4, 16, 9, 17, 15, 18, 19, 3];-0.00022605585657764493;-726.9476190476188;1;6;161;10.948558807373047;0.0006442224505822658;0.27775814952880185;0.0023193647123411;539308.0;537566.0;141.0;0.04577922077922078
21;40;638;608.0;0.019995927810668945;608.0;1;0.019490718841552734;[12, 3, 7, 19, 20, 10, 1, 13, 18, 6, 17, 9, 4, 11, 8, 2, 21, 16, 5, 14, 15];0.0;-765.7029327610868;4.782266855239868;-765.897619047619;1;21.840047359466553;[12, 6, 3, 7, 20, 10, 17, 19, 1, 9, 13, 18, 2, 21, 4, 11, 16, 8, 5, 14, 15];-0.00025419361764600357;-765.8976190476191;1;5;131;9.476682901382446;0.0017851327560607366;0.2882697825148281;0.006192576760864321;574816.0;568088.0;321.5;0.10438311688311688
21;40;639;366.0;0.020502090454101562;366.0;1;0.019893407821655273;[11, 5, 18, 3, 4, 10, 19, 15, 9, 12, 7, 1, 20, 17, 21, 6, 13, 16, 8, 14, 2];0.0;-906.1847531096869;5.323310136795044;-906.6000000000001;1;28.841925621032715;[11, 5, 18, 3, 4, 9, 20, 10, 19, 12, 15, 17, 7, 21, 6, 13, 1, 16, 8, 14, 2];-0.0004580265721523258;-906.5999999999998;1;6;155;13.997966527938843;0.0005381006763467422;0.2753159697001141;0.001954484067643676;530644.0;528216.0;189.5;0.061525974025974026
21;40;640;282.0;0.020331144332885742;282.0;1;0.0196533203125;[17, 5, 18, 10, 15, 6, 21, 19, 11, 12, 3, 9, 4, 13, 20, 14, 8, 2, 7, 16, 1];0.0;-1014.4609359739028;5.066725969314575;-1015.3309523809523;1;67.39376020431519;[17, 5, 18, 15, 10, 6, 21, 19, 3, 11, 12, 9, 4, 13, 14, 20, 2, 8, 7, 16, 1];-0.0008568796263025424;-1015.3309523809523;5;8;193;39.386117696762085;0.0003794438784605614;0.2791820703476495;0.001359126959650602;540786.0;538580.0;55.5;0.01801948051948052
21;50;641;568.0;0.020017385482788086;568.0;1;0.019352436065673828;[9, 3, 16, 17, 11, 20, 6, 4, 19, 15, 18, 5, 21, 8, 14, 1, 13, 2, 10, 7, 12];0.0;-1104.1119047619045;5.99853777885437;-1104.1119047619045;1;7.061494827270508;[9, 3, 16, 17, 11, 20, 4, 19, 15, 5, 6, 18, 21, 8, 1, 14, 2, 13, 7, 10, 12];0.0;-1104.1119047619047;1;5;138;0.5421993732452393;0.0006013293674238529;0.2828541476144804;0.0021259344170672803;697466.0;694725.9999999974;83.5;0.02711038961038961
21;50;642;442.0;0.020416736602783203;442.0;1;0.019576311111450195;[19, 16, 17, 11, 3, 13, 21, 18, 4, 14, 7, 8, 10, 9, 5, 15, 6, 20, 12, 1, 2];0.0;-1252.9262761659932;6.343541860580444;-1254.064285714286;1;41.79099631309509;[16, 18, 17, 11, 3, 7, 13, 19, 10, 21, 4, 8, 9, 5, 14, 15, 6, 12, 20, 1, 2];-0.0009074571066702841;-1254.0642857142852;3;7;215;14.420046329498291;0.002378157641290346;0.28741781155170093;0.008274218039763208;710646.0;701417.9999999739;375.5;0.12191558441558442
21;50;643;468.0;0.020436525344848633;468.0;1;0.019509315490722656;[17, 13, 8, 12, 5, 16, 7, 3, 11, 9, 6, 1, 19, 18, 10, 4, 20, 21, 15, 14, 2];0.0;-1091.2967792261325;7.6044697761535645;-1094.007142857143;5;178.60123419761658;[16, 17, 13, 8, 12, 5, 7, 3, 9, 11, 6, 1, 18, 10, 21, 15, 4, 2, 19, 20, 14];-0.002477464291441467;-1094.0071428571428;13;7;228;45.21226978302002;0.0017316047461289896;0.2752579903818405;0.00629084279706791;653362.0;647026.0;191.0;0.06201298701298701
21;50;644;506.0;0.020451068878173828;506.0;1;0.0196835994720459;[3, 11, 15, 20, 5, 7, 21, 14, 10, 6, 2, 17, 12, 19, 16, 1, 13, 18, 4, 8, 9];0.0;-1129.6596555814149;6.549910545349121;-1131.3357142857142;3;67.1561803817749;[3, 11, 15, 20, 5, 14, 10, 2, 17, 12, 1, 7, 13, 21, 6, 16, 18, 4, 19, 8, 9];-0.0014814866030792295;-1131.3357142857144;3;6;202;21.190144062042236;0.0008244609830102556;0.2802563079304443;0.002941810620065955;683310.0;676834.0;300.0;0.09740259740259741
21;50;645;598.0;0.019890785217285156;598.0;1;0.019187211990356445;[21, 16, 1, 12, 4, 3, 8, 10, 9, 2, 20, 18, 5, 11, 19, 7, 17, 14, 15, 13, 6];0.0;-1045.0328423098558;6.471823453903198;-1046.3309523809514;1;51.736621141433716;[21, 16, 1, 12, 4, 3, 8, 10, 9, 2, 5, 20, 11, 18, 7, 19, 14, 17, 13, 15, 6];-0.0012406304794307932;-1046.3309523809523;5;7;217;23.106797218322754;0.0008285207424045815;0.28156054819160203;0.0029426023913008328;686254.0;683126.0;46.0;0.014935064935064935
21;50;646;440.0;0.020669937133789062;440.0;1;0.02010059356689453;[1, 4, 21, 15, 9, 20, 19, 10, 17, 14, 2, 16, 12, 13, 6, 18, 7, 8, 11, 3, 5];0.0;-1202.2899047619046;6.353020191192627;-1202.9190476190472;1;36.811296224594116;[1, 21, 9, 20, 19, 15, 4, 10, 17, 16, 14, 2, 12, 13, 6, 18, 7, 8, 11, 3, 5];-0.0005230134632815409;-1202.919047619048;1;4;137;9.825282335281372;0.0009548693207712677;0.281165425523629;0.0033961121606362692;685880.0;683366.0000000123;172.5;0.056006493506493504
21;50;647;884.0;0.020483016967773438;884.0;1;0.020121335983276367;[11, 17, 18, 6, 8, 2, 4, 3, 19, 12, 7, 5, 15, 10, 1, 21, 14, 13, 20, 16, 9];0.0;-851.5143755615451;6.107283592224121;-851.6714285714284;1;17.427457332611084;[11, 17, 18, 6, 8, 2, 4, 19, 12, 7, 5, 15, 3, 10, 1, 21, 14, 13, 20, 16, 9];-0.00018440563416188827;-851.6714285714285;1;4;135;3.059418201446533;0.00041506820655856647;0.28826502161991646;0.0014398840491505857;723732.0;722152.0;65.0;0.021103896103896104
21;50;648;684.0;0.019832849502563477;684.0;1;0.01894545555114746;[9, 4, 10, 7, 17, 11, 8, 1, 19, 14, 6, 2, 16, 5, 12, 20, 18, 13, 21, 15, 3];0.0;-966.3646548541896;6.512344598770142;-967.2428571428572;1;41.296114444732666;[9, 4, 10, 7, 8, 1, 17, 6, 14, 2, 11, 16, 5, 12, 19, 20, 18, 13, 21, 15, 3];-0.0009079439379493515;-967.2428571428572;5;5;160;11.833273887634277;0.00032060860673832625;0.2827287328653174;0.0011339795693529797;688272.0;682683.9999999994;194.5;0.06314935064935065
21;50;649;590.0;0.020768165588378906;590.0;1;0.020151615142822266;[15, 5, 3, 19, 18, 9, 14, 2, 1, 20, 4, 17, 8, 16, 12, 7, 6, 13, 10, 21, 11];0.0;-1072.2945520581113;6.525117874145508;-1073.8976190476192;1;53.820096492767334;[3, 15, 19, 18, 9, 5, 14, 2, 1, 20, 4, 17, 8, 16, 7, 6, 13, 21, 12, 10, 11];-0.0014927558838705446;-1073.8976190476194;3;5;175;10.897411584854126;0.000647630496124707;0.28294035043381316;0.0022889294338249715;694122.0;691306.0;127.0;0.041233766233766234
21;50;650;680.0;0.019889354705810547;680.0;1;0.01919722557067871;[9, 2, 13, 5, 14, 6, 11, 10, 7, 21, 4, 3, 19, 1, 18, 15, 17, 8, 20, 16, 12];0.0;-910.0452380952382;6.542923450469971;-911.354761904762;1;54.46144247055054;[9, 2, 13, 5, 14, 6, 11, 10, 7, 21, 3, 18, 4, 19, 1, 15, 17, 8, 20, 16, 12];-0.0014368979724062036;-911.354761904762;3;6;198;15.401657581329346;0.00015354901622632866;0.2752873451044085;0.000557777242423156;662890.0;661784.0;40.0;0.012987012987012988
21;60;651;626.0;0.020459651947021484;626.0;1;0.019661903381347656;[5, 12, 8, 2, 21, 6, 1, 20, 17, 4, 10, 7, 14, 18, 13, 15, 9, 19, 11, 3, 16];0.0;-1233.5645939193855;7.900222539901733;-1235.7452380952386;9;147.35675358772278;[5, 12, 8, 2, 21, 6, 4, 1, 20, 10, 17, 14, 13, 15, 7, 18, 9, 19, 11, 3, 16];-0.0017646389471136503;-1235.7452380952384;11;8;291;42.415151834487915;0.0003616816169770276;0.2723564921276855;0.0013279713442904272;775884.0;771782.0000000009;101.0;0.03279220779220779
21;60;652;424.0;0.019968748092651367;424.0;1;0.019712448120117188;[9, 19, 17, 18, 7, 10, 5, 14, 16, 8, 4, 2, 20, 13, 15, 3, 12, 1, 21, 11, 6];0.0;-1498.4683877978973;7.880376577377319;-1500.9357142857143;1;105.30025029182434;[9, 19, 17, 18, 7, 14, 16, 10, 8, 5, 4, 2, 13, 12, 15, 1, 3, 21, 11, 20, 6];-0.0016438588703922008;-1500.935714285714;3;7;263;28.841994047164917;0.0004079669155110377;0.27718609913878717;0.001471815927200478;802418.0;796535.9999999895;149.0;0.04837662337662338
21;60;653;422.0;0.020449161529541016;422.0;1;0.019774198532104492;[2, 17, 14, 21, 9, 12, 5, 16, 20, 6, 18, 10, 8, 4, 1, 15, 19, 7, 13, 11, 3];0.0;-1444.2965689814257;8.254590272903442;-1446.6452380952376;1;94.63089990615845;[2, 17, 14, 21, 20, 9, 12, 5, 18, 10, 8, 4, 1, 15, 19, 7, 13, 16, 11, 6, 3];-0.0016235280440312083;-1446.6452380952373;3;6;242;26.729406595230103;0.000654400602396521;0.27374824602534853;0.00239051980021061;779390.0;773846.0;270.5;0.08782467532467532
21;60;654;582.0;0.02033710479736328;582.0;1;0.019952058792114258;[21, 1, 12, 5, 11, 17, 4, 15, 8, 16, 3, 14, 2, 20, 6, 18, 10, 19, 9, 13, 7];0.0;-1333.4161292148528;8.02855896949768;-1336.2714285714283;11;187.38708353042603;[21, 1, 12, 5, 11, 17, 4, 15, 6, 8, 16, 3, 18, 14, 2, 19, 20, 10, 9, 13, 7];-0.0021367660009223854;-1336.2714285714278;25;9;297;60.78312158584595;0.00015777680931039484;0.27769962873024634;0.0005681563566786656;799134.0;795454.0;110.0;0.03571428571428571
21;60;655;520.0;0.020229101181030273;520.0;1;0.019977569580078125;[17, 13, 11, 12, 10, 14, 16, 5, 1, 15, 2, 18, 3, 19, 20, 9, 6, 21, 4, 8, 7];0.0;-1409.9460763409838;7.783294677734375;-1411.2071428571423;1;72.16903781890869;[11, 17, 12, 14, 13, 3, 10, 5, 1, 15, 2, 19, 18, 9, 8, 6, 21, 16, 20, 4, 7];-0.0008936083710612275;-1411.2071428571428;3;7;265;21.205700159072876;0.002750162203151496;0.2797062826409698;0.009832321881312894;809948.0;801682.0;375.5;0.12191558441558442
21;60;656;482.0;0.020136117935180664;482.0;1;0.019771337509155273;[5, 21, 2, 13, 8, 9, 12, 10, 7, 14, 6, 17, 16, 20, 11, 18, 3, 19, 4, 15, 1];0.0;-1398.4771349590283;8.125583171844482;-1399.883333333333;5;96.91280174255371;[21, 2, 8, 5, 9, 13, 12, 10, 7, 14, 6, 17, 16, 11, 18, 20, 3, 19, 4, 15, 1];-0.0010045111194776357;-1399.883333333333;5;8;295;42.09847950935364;0.00037681861965843666;0.27435981834571194;0.0013734468185994339;784350.0;782730.0;113.0;0.03668831168831169
21;60;657;768.0;0.01977252960205078;768.0;1;0.019783973693847656;[6, 3, 14, 15, 4, 1, 5, 8, 16, 11, 17, 10, 12, 13, 20, 18, 19, 9, 21, 2, 7];0.0;-1156.1889880952376;8.207320928573608;-1158.8214285714282;1;134.50434947013855;[6, 3, 14, 12, 15, 5, 4, 8, 13, 16, 1, 11, 17, 20, 19, 9, 21, 10, 18, 2, 7];-0.002271653260188522;-1158.8214285714287;3;7;276;41.43347120285034;0.0010878759342189959;0.27851803648661044;0.003905944289792143;804640.0;794828.000000001;320.0;0.1038961038961039
21;60;658;604.0;0.02070331573486328;604.0;1;0.020717144012451172;[17, 10, 9, 21, 2, 4, 3, 15, 16, 8, 11, 12, 13, 5, 19, 18, 14, 7, 20, 6, 1];0.0;-1315.2974116185583;8.127806663513184;-1317.790476190477;1;117.57325959205627;[10, 9, 17, 21, 2, 4, 15, 12, 3, 16, 11, 13, 5, 19, 14, 18, 8, 7, 20, 6, 1];-0.0018918520181795406;-1317.790476190476;5;7;273;31.609782934188843;0.000558400679257276;0.2771214320638963;0.002015003585606922;801418.0;799412.0000000044;178.0;0.05779220779220779
21;60;659;886.0;0.01988959312438965;886.0;1;0.01949906349182129;[5, 12, 2, 7, 6, 18, 8, 20, 17, 13, 14, 9, 21, 4, 1, 3, 16, 10, 11, 19, 15];0.0;-1082.3012273641848;7.654263257980347;-1082.5595238095236;1;45.08131432533264;[5, 12, 2, 7, 6, 18, 8, 20, 17, 13, 3, 14, 9, 21, 10, 4, 1, 16, 11, 19, 15];-0.00023859791508729078;-1082.5595238095243;1;6;243;14.033879280090332;0.0006284099188145209;0.2805650703946233;0.0022398009771160865;821134.0;818134.0;70.5;0.02288961038961039
21;60;660;564.0;0.02012801170349121;564.0;1;0.0196990966796875;[4, 14, 19, 13, 20, 8, 2, 5, 9, 12, 15, 7, 16, 10, 21, 3, 1, 11, 17, 6, 18];0.0;-1399.3457359307356;7.903348684310913;-1399.842857142857;1;35.889243841171265;[20, 4, 14, 19, 8, 13, 2, 5, 9, 12, 15, 7, 16, 10, 21, 3, 1, 11, 17, 6, 18];-0.00035512644121782344;-1399.8428571428572;1;4;158;6.561661005020142;0.00015612312021573427;0.2803168749404712;0.0005569522714210087;818176.0;815334.0;98.5;0.03198051948051948
21;70;661;468.0;0.020471572875976562;468.0;1;0.02002692222595215;[9, 2, 13, 11, 19, 12, 1, 17, 14, 10, 15, 21, 5, 18, 7, 20, 16, 8, 4, 3, 6];0.0;-1675.5614132511619;9.725566625595093;-1677.9190476190472;3;99.94723725318909;[17, 9, 2, 13, 11, 12, 14, 19, 10, 15, 21, 5, 1, 18, 7, 20, 3, 16, 8, 6, 4];-0.001405094227418635;-1677.9190476190477;7;8;315;39.175904989242554;0.00022896640747616104;0.27054742490997913;0.0008463078425246384;893952.0;891723.9999999957;253.0;0.08214285714285714
21;70;662;760.0;0.020300626754760742;760.0;1;0.020011425018310547;[9, 1, 11, 5, 13, 17, 21, 14, 3, 19, 2, 10, 4, 18, 7, 16, 20, 12, 8, 6, 15];0.0;-1501.0626600428122;9.06485652923584;-1502.6095238095231;1;82.87319207191467;[1, 5, 17, 21, 14, 9, 11, 13, 19, 20, 3, 12, 2, 10, 4, 18, 7, 16, 8, 6, 15];-0.0010294515921802638;-1502.6095238095238;3;6;281;19.318201780319214;0.00102753869248573;0.27925755969690863;0.003679537605359604;944730.0;932166.0;370.0;0.12012987012987013
21;70;663;698.0;0.020605802536010742;698.0;1;0.019912004470825195;[2, 18, 1, 19, 14, 10, 15, 5, 17, 12, 13, 3, 20, 4, 21, 16, 11, 9, 7, 8, 6];0.0;-1508.5435814575437;8.958756446838379;-1509.6880952380943;1;56.21542716026306;[2, 18, 1, 19, 14, 10, 15, 5, 12, 13, 8, 17, 3, 4, 21, 20, 16, 11, 9, 6, 7];-0.0007581127414071354;-1509.6880952380955;1;5;238;10.405030965805054;0.0005481862730455367;0.2748729720844641;0.001994325847639497;920568.0;917559.9999999634;126.5;0.04107142857142857
21;70;664;764.0;0.02023029327392578;764.0;1;0.019522428512573242;[13, 2, 19, 3, 7, 20, 14, 11, 5, 4, 10, 16, 17, 18, 9, 6, 8, 15, 21, 1, 12];0.0;-1458.3670815413138;9.399555444717407;-1460.4261904761893;3;103.20765089988708;[13, 2, 19, 3, 7, 14, 5, 20, 11, 4, 10, 16, 17, 18, 8, 9, 6, 15, 21, 1, 12];-0.001409937009006934;-1460.4261904761904;5;7;320;38.18598985671997;0.0001397520059542856;0.27584045002222307;0.0005066407263438937;926582.0;926242.0000000016;59.5;0.019318181818181818
21;70;665;432.0;0.020559072494506836;432.0;1;0.019925355911254883;[12, 21, 9, 14, 7, 16, 8, 1, 4, 20, 2, 10, 15, 5, 17, 11, 13, 18, 3, 6, 19];0.0;-1735.7297825649061;10.044813871383667;-1739.859523809523;1;250.7184281349182;[12, 21, 9, 14, 7, 16, 8, 1, 4, 20, 2, 10, 5, 15, 17, 11, 13, 18, 3, 6, 19];-0.002373606137795803;-1739.8595238095236;9;9;383;66.22489976882935;9.452269975074312e-05;0.2727349207043211;0.00034657351360304023;904494.0;904266.0;9.0;0.002922077922077922
21;70;666;810.0;0.01991105079650879;810.0;1;0.019668102264404297;[13, 11, 21, 1, 15, 7, 3, 10, 12, 5, 18, 19, 17, 8, 2, 4, 9, 16, 14, 6, 20];0.0;-1431.0785177539767;9.368361473083496;-1432.483333333334;1;63.92401742935181;[11, 1, 13, 21, 10, 7, 17, 12, 15, 5, 18, 19, 8, 2, 4, 9, 16, 14, 3, 6, 20];-0.0009806854618603644;-1432.4833333333333;3;7;284;27.647724390029907;0.0010495563332182378;0.27729504451211695;0.0037849804891568316;936348.0;927917.9999999972;344.5;0.11185064935064935
21;70;667;942.0;0.01963639259338379;942.0;1;0.019414424896240234;[8, 1, 14, 12, 21, 17, 7, 19, 18, 6, 4, 2, 3, 11, 16, 5, 10, 9, 13, 20, 15];0.0;-1382.317091761327;9.039878129959106;-1383.7333333333331;1;58.35657715797424;[8, 1, 14, 12, 21, 17, 7, 19, 18, 4, 2, 3, 11, 16, 6, 5, 10, 9, 13, 20, 15];-0.001023493138374021;-1383.733333333333;3;7;308;18.83317995071411;0.00031836864972611956;0.2830489362335784;0.001124783063884736;969416.0;966120.0;55.0;0.017857142857142856
21;70;668;886.0;0.019915342330932617;886.0;1;0.01932525634765625;[20, 1, 2, 5, 21, 17, 13, 4, 9, 7, 6, 19, 8, 10, 15, 14, 11, 12, 18, 3, 16];0.0;-1357.7452645054552;9.61202621459961;-1361.035714285715;5;218.12588572502136;[20, 1, 2, 5, 19, 21, 17, 6, 13, 4, 8, 9, 7, 10, 15, 14, 11, 12, 3, 18, 16];-0.002417607227879759;-1361.0357142857142;7;10;400;61.25757908821106;0.0004179444619270001;0.27823855358344235;0.0015021083762270947;936736.0;932368.0000000036;190.0;0.06168831168831169
21;70;669;652.0;0.019968748092651367;652.0;1;0.019551992416381836;[21, 9, 14, 15, 11, 7, 1, 3, 13, 2, 17, 8, 4, 12, 10, 6, 16, 18, 19, 5, 20];0.0;-1526.7145943123012;9.049874305725098;-1528.2833333333328;1;85.28729295730591;[21, 9, 14, 7, 15, 13, 17, 1, 4, 3, 11, 2, 8, 12, 10, 6, 16, 18, 19, 5, 20];-0.00102647132689071;-1528.2833333333326;3;6;272;20.84556245803833;0.0006622568507870241;0.2731028625503147;0.002424935588747314;909376.0;906096.0;224.0;0.07272727272727272
21;70;670;448.0;0.021007537841796875;448.0;1;0.020220041275024414;[8, 14, 9, 18, 12, 1, 21, 20, 5, 2, 6, 13, 10, 4, 16, 3, 17, 19, 11, 7, 15];0.0;-1647.4788355943983;11.266873121261597;-1653.5261904761903;33;382.61906456947327;[8, 9, 18, 14, 12, 1, 21, 20, 5, 2, 6, 10, 4, 16, 3, 17, 19, 11, 7, 13, 15];-0.003657247714988099;-1653.5261904761903;11;9;408;77.00920295715332;0.0005691379109049599;0.26841141283820236;0.002120393856903673;876210.0;873173.9999999966;105.5;0.03425324675324675
21;80;671;730.0;0.020488977432250977;730.0;1;0.020020246505737305;[14, 8, 18, 7, 1, 17, 2, 13, 15, 11, 6, 5, 4, 12, 19, 10, 20, 16, 3, 9, 21];0.0;-1725.857760141093;10.696359395980835;-1728.7499999999995;1;126.6916868686676;[14, 8, 18, 7, 1, 17, 2, 13, 15, 11, 6, 5, 4, 12, 19, 10, 20, 16, 3, 9, 21];-0.0016730237795554714;-1728.7500000000005;3;5;250;17.910594701766968;0.0;0.27094353465993565;0.0;1023658.0;1023658.0;0.0;0.0
21;80;672;1060.0;0.020272254943847656;1060.0;1;0.019980907440185547;[8, 2, 16, 12, 14, 5, 4, 9, 13, 3, 1, 18, 6, 15, 19, 11, 10, 17, 20, 21, 7];0.0;-1471.1515694380644;10.541318416595459;-1473.654761904761;1;90.28209066390991;[2, 9, 16, 12, 4, 8, 14, 13, 5, 3, 6, 1, 18, 15, 19, 11, 10, 17, 20, 21, 7];-0.0016986288318039389;-1473.6547619047617;5;7;341;26.81171154975891;0.0005326058481857077;0.276383459466841;0.0019270539894577405;1056486.0;1052498.0;262.5;0.08522727272727272
21;80;673;604.0;0.020014524459838867;604.0;1;0.019352197647094727;[6, 14, 15, 4, 19, 16, 18, 9, 7, 3, 17, 1, 20, 8, 10, 12, 21, 2, 13, 11, 5];0.0;-1842.8146300810085;11.962434530258179;-1843.5714285714284;1;108.87615489959717;[6, 14, 4, 15, 19, 7, 16, 18, 9, 3, 17, 1, 20, 8, 10, 12, 13, 21, 2, 11, 5];-0.000410506736376548;-1843.5714285714287;1;5;247;22.558285236358643;0.0001748442793135796;0.2708277988766027;0.0006455920700859956;1019476.0;1017319.9999999896;75.0;0.024350649350649352
21;80;674;482.0;0.020592927932739258;482.0;1;0.01955270767211914;[15, 11, 20, 7, 14, 8, 3, 5, 1, 16, 19, 21, 6, 12, 2, 13, 10, 9, 17, 18, 4];0.0;-1946.336526690676;11.286806106567383;-1949.0047619047614;3;205.79747939109802;[15, 11, 20, 7, 14, 8, 3, 5, 1, 16, 19, 21, 6, 2, 12, 13, 10, 9, 17, 18, 4];-0.0013690244714834598;-1949.0047619047623;5;6;312;29.119678497314453;0.00013128250609550918;0.2696742882713945;0.0004868187728871995;1012422.0;1012062.0;8.0;0.0025974025974025974
21;80;675;534.0;0.01974034309387207;534.0;1;0.019721031188964844;[19, 3, 16, 21, 11, 15, 8, 12, 7, 1, 9, 10, 18, 20, 6, 13, 4, 2, 14, 5, 17];0.0;-1917.65802154708;10.749579668045044;-1921.1428571428578;19;262.6434528827667;[3, 16, 21, 8, 15, 19, 7, 11, 9, 6, 12, 1, 13, 4, 5, 10, 17, 18, 20, 2, 14];-0.0018139388139831736;-1921.1428571428564;25;9;454;56.94786787033081;0.0011190174764609262;0.2718737735348714;0.0041159449177888335;1025236.0;1016294.0000000042;373.5;0.12126623376623377
21;80;676;792.0;0.02067255973815918;792.0;1;0.019556283950805664;[6, 2, 5, 17, 13, 1, 19, 21, 9, 14, 4, 18, 3, 12, 11, 8, 10, 7, 16, 20, 15];0.0;-1718.190998887144;10.749038457870483;-1719.873809523809;1;124.81434559822083;[6, 2, 17, 1, 5, 21, 13, 19, 9, 12, 7, 14, 4, 18, 11, 3, 8, 10, 16, 20, 15];-0.0009784500626421888;-1719.8738095238095;5;8;399;36.387593030929565;0.0012228527946602785;0.27552411304703345;0.0044382786723698876;1049276.0;1041708.0;208.5;0.0676948051948052
21;80;677;884.0;0.019834280014038086;884.0;1;0.019416093826293945;[20, 10, 9, 2, 15, 7, 16, 5, 11, 4, 6, 3, 1, 8, 19, 12, 21, 18, 13, 17, 14];0.0;-1669.1340436727176;10.113454341888428;-1670.154761904761;1;73.30488920211792;[20, 10, 9, 2, 15, 7, 16, 11, 5, 4, 6, 8, 19, 3, 12, 1, 21, 18, 13, 17, 14];-0.0006111518856368736;-1670.154761904762;1;6;302;17.338300228118896;3.735477880761895e-05;0.27644368277274833;0.00013512617988932884;1063666.0;1061886.0;60.0;0.01948051948051948
21;80;678;714.0;0.020114660263061523;714.0;1;0.019797563552856445;[1, 10, 13, 14, 16, 15, 4, 20, 21, 3, 12, 5, 7, 8, 18, 17, 6, 11, 2, 19, 9];0.0;-1744.0289743738404;11.303014755249023;-1745.8238095238094;1;97.80910801887512;[1, 10, 13, 14, 16, 15, 4, 20, 21, 5, 3, 7, 8, 18, 6, 17, 11, 2, 12, 19, 9];-0.001028073474641511;-1745.823809523809;1;6;308;29.73387908935547;0.0005540660397405084;0.27119427461478296;0.0020430595023716107;1025628.0;1022424.0;93.0;0.030194805194805194
21;80;679;550.0;0.020915746688842773;550.0;1;0.02021646499633789;[11, 14, 12, 10, 5, 2, 19, 7, 4, 21, 17, 16, 3, 18, 15, 13, 9, 8, 6, 1, 20];0.0;-1889.9477331673406;11.609144687652588;-1893.707142857143;5;270.97915959358215;[12, 5, 11, 10, 2, 14, 19, 7, 4, 21, 17, 16, 18, 15, 3, 13, 8, 9, 6, 1, 20];-0.0019852117598977426;-1893.7071428571428;11;9;402;55.417282581329346;0.0007234794988008053;0.2711310808585928;0.0026683753721991497;1019368.0;1014870.0;161.0;0.05227272727272727
21;80;680;722.0;0.02017807960510254;722.0;1;0.02007889747619629;[7, 3, 20, 6, 16, 17, 11, 15, 2, 9, 13, 19, 5, 21, 1, 18, 10, 12, 4, 14, 8];0.0;-1803.8657142857144;10.619784832000732;-1805.4666666666662;1;94.6071720123291;[7, 3, 20, 6, 16, 17, 11, 15, 9, 13, 19, 5, 1, 21, 18, 2, 10, 12, 4, 14, 8];-0.0008867249728335969;-1805.466666666666;1;6;319;16.90636968612671;0.00043129188507440297;0.27541766109785204;0.001565955804559574;1053602.0;1052406.0000000028;89.0;0.028896103896103895
21;90;681;446.0;0.019769906997680664;446.0;1;0.019356489181518555;[18, 7, 6, 19, 16, 10, 13, 17, 12, 20, 14, 4, 9, 15, 3, 2, 8, 11, 1, 21, 5];0.0;-2306.5848419734475;13.190938472747803;-2310.3476190476185;3;296.876122713089;[18, 7, 6, 20, 19, 16, 13, 17, 12, 14, 9, 10, 4, 15, 3, 2, 8, 11, 1, 21, 5];-0.0016286627359228811;-2310.3476190476176;5;7;444;46.94552135467529;0.0005406502194033047;0.2715103084575516;0.001991269585581245;1149232.0;1143374.0000000037;183.5;0.05957792207792208
21;90;682;726.0;0.01983809471130371;726.0;1;0.01946735382080078;[1, 14, 13, 11, 21, 16, 20, 17, 9, 2, 18, 8, 12, 4, 3, 19, 10, 5, 6, 15, 7];0.0;-2061.24394109292;12.350083351135254;-2062.354761904762;1;71.83089280128479;[1, 21, 16, 20, 14, 13, 11, 17, 9, 2, 18, 8, 12, 4, 3, 19, 10, 5, 6, 15, 7];-0.0005386177161955663;-2062.3547619047613;1;6;345;12.186833620071411;0.0002497239681267249;0.27216539962838127;0.0009175448770038432;1161698.0;1158408.0;171.0;0.05551948051948052
21;90;683;442.0;0.020142555236816406;442.0;1;0.019366025924682617;[7, 19, 17, 20, 13, 9, 2, 18, 1, 11, 10, 21, 5, 4, 3, 16, 14, 8, 12, 6, 15];0.0;-2296.2325262308304;13.90026330947876;-2298.9357142857157;1;109.01241898536682;[19, 17, 7, 20, 13, 9, 2, 18, 1, 11, 10, 21, 5, 4, 3, 14, 8, 12, 6, 16, 15];-0.001175843255680209;-2298.935714285714;5;5;283;17.24326467514038;0.0006771159142666683;0.27059369050721493;0.002502334452061491;1143198.0;1139433.9999999984;62.5;0.020292207792207792
21;90;684;710.0;0.02026534080505371;710.0;1;0.019585371017456055;[3, 12, 19, 7, 15, 16, 9, 11, 2, 18, 8, 6, 1, 4, 10, 20, 21, 17, 5, 13, 14];0.0;-2057.385650272391;12.954895973205566;-2060.2738095238087;3;153.3045153617859;[3, 12, 19, 7, 15, 16, 11, 9, 2, 18, 1, 10, 8, 6, 4, 20, 17, 5, 13, 14, 21];-0.0014018327263428665;-2060.2738095238087;5;8;418;47.62901186943054;7.888309299319829e-05;0.27166050678607295;0.0002903737975255899;1153624.0;1150866.0;83.0;0.026948051948051947
21;90;685;1036.0;0.020221233367919922;1036.0;1;0.019679546356201172;[2, 13, 16, 9, 14, 20, 7, 3, 4, 21, 1, 12, 5, 6, 15, 18, 11, 10, 17, 19, 8];0.0;-1829.524826110219;11.197983026504517;-1831.7095238095226;1;95.36844325065613;[2, 14, 13, 16, 7, 9, 20, 3, 4, 21, 1, 12, 5, 6, 15, 18, 11, 10, 17, 19, 8];-0.0011927096905408607;-1831.7095238095237;3;5;303;12.743537664413452;9.628008194650928e-05;0.2757939440064432;0.0003491015087128235;1194404.0;1193264.0;92.5;0.030032467532467532
21;90;686;522.0;0.020030498504638672;522.0;1;0.020050048828125;[11, 6, 18, 16, 13, 9, 4, 21, 14, 3, 1, 2, 10, 20, 7, 19, 15, 12, 17, 5, 8];0.0;-2177.7463301748885;14.196601629257202;-2184.311904761905;13;623.0455195903778;[11, 14, 6, 13, 18, 9, 16, 3, 2, 7, 4, 19, 21, 5, 1, 10, 15, 20, 12, 8, 17];-0.003005786203290617;-2184.3119047619048;19;10;552;140.06235241889954;0.0017160514281603367;0.2695775625363348;0.006365705706419984;1131902.0;1122440.0;403.5;0.13100649350649352
21;90;687;692.0;0.020490407943725586;692.0;1;0.02013087272644043;[13, 12, 20, 4, 1, 16, 18, 15, 11, 5, 7, 9, 19, 17, 8, 6, 10, 2, 21, 14, 3];0.0;-2161.1375981161696;11.26335620880127;-2161.6476190476196;1;38.350980043411255;[12, 13, 4, 20, 1, 16, 18, 15, 11, 5, 7, 9, 19, 17, 6, 10, 8, 3, 2, 21, 14];-0.0002359408290953935;-2161.647619047619;1;4;226;3.448092460632324;0.0005351135501895365;0.27566165292648875;0.0019411969147998846;1189904.0;1187392.0000000298;64.0;0.02077922077922078
21;90;688;684.0;0.020533084869384766;684.0;1;0.02055668830871582;[20, 11, 5, 18, 19, 1, 12, 2, 6, 14, 7, 8, 13, 21, 10, 3, 17, 15, 9, 16, 4];0.0;-2081.4380952380952;12.335210800170898;-2085.4333333333334;3;134.2673044204712;[20, 11, 5, 12, 2, 6, 14, 13, 21, 18, 19, 1, 7, 8, 10, 3, 17, 15, 9, 16, 4];-0.0019157831762726119;-2085.4333333333334;3;7;420;30.519354820251465;0.0009437982334724593;0.2716416268972525;0.0034744241678004955;1155934.0;1149654.0000000007;340.5;0.11055194805194805
21;90;689;428.0;0.020393848419189453;428.0;1;0.019778013229370117;[20, 8, 11, 13, 14, 6, 21, 19, 9, 1, 10, 16, 18, 17, 4, 2, 7, 15, 3, 5, 12];0.0;-2301.3203678181303;13.60099172592163;-2304.6833333333325;1;169.70532298088074;[20, 8, 13, 14, 16, 11, 6, 19, 9, 1, 18, 17, 21, 4, 2, 7, 10, 15, 3, 5, 12];-0.0014591876751840482;-2304.683333333333;1;6;339;28.636797189712524;0.0009009321857050834;0.270314780283348;0.0033329002016120345;1140434.0;1136820.0000000014;263.0;0.08538961038961039
21;90;690;1014.0;0.020224332809448242;1014.0;1;0.019725799560546875;[1, 7, 8, 16, 12, 19, 2, 13, 9, 3, 10, 11, 15, 4, 5, 18, 17, 20, 21, 14, 6];0.0;-1834.8690847767673;12.16585898399353;-1836.2619047619041;1;106.08705973625183;[1, 7, 8, 3, 19, 15, 16, 12, 2, 13, 10, 9, 5, 11, 18, 17, 20, 14, 21, 4, 6];-0.0007585083486865152;-1836.2619047619053;1;6;355;23.99229884147644;0.0016164835058931626;0.2771957063829807;0.005831560405411863;1191880.0;1175954.0;306.0;0.09935064935064936
21;100;691;680.0;0.02037835121154785;680.0;1;0.019806623458862305;[6, 8, 17, 15, 16, 21, 3, 10, 18, 20, 1, 7, 14, 9, 13, 2, 12, 4, 11, 5, 19];0.0;-2375.1028944637105;14.15041470527649;-2380.214285714285;1;414.6870713233948;[6, 8, 17, 15, 16, 21, 3, 10, 18, 14, 1, 20, 7, 9, 5, 13, 2, 4, 12, 11, 19];-0.0021474500347520298;-2380.2142857142853;11;6;372;40.01593470573425;0.0003398124630875632;0.2706750415389932;0.0012554259201567727;1275214.0;1271532.0;80.5;0.026136363636363635
21;100;692;1030.0;0.019761323928833008;1030.0;1;0.01952672004699707;[6, 18, 10, 7, 19, 4, 20, 3, 2, 11, 21, 5, 8, 14, 9, 1, 12, 15, 13, 17, 16];0.0;-2175.8861904761898;12.125906467437744;-2175.8904761904755;1;15.500598430633545;[6, 18, 7, 19, 10, 4, 20, 3, 2, 11, 21, 5, 8, 14, 12, 9, 1, 13, 15, 17, 16];-1.969636952203757e-06;-2175.890476190476;1;4;259;2.6048836708068848;0.0004532907362148064;0.27674942239129796;0.0016379103244302186;1336532.0;1334110.0;55.0;0.017857142857142856
21;100;693;812.0;0.02038121223449707;812.0;1;0.02028203010559082;[14, 18, 5, 8, 4, 11, 9, 21, 6, 20, 12, 10, 3, 17, 2, 19, 7, 16, 13, 1, 15];0.0;-2326.0292658730154;13.883747339248657;-2327.078571428573;1;95.32584762573242;[14, 18, 5, 8, 4, 11, 9, 20, 21, 12, 10, 3, 17, 2, 6, 19, 7, 16, 13, 1, 15];-0.00045091109876593816;-2327.0785714285726;1;6;375;16.944826364517212;0.0005490997281406562;0.27477936380615464;0.0019983295708043895;1308942.0;1303692.0;85.0;0.027597402597402596
21;100;694;792.0;0.02024388313293457;792.0;1;0.02021312713623047;[21, 10, 14, 11, 12, 2, 13, 3, 15, 5, 1, 18, 6, 20, 7, 8, 17, 19, 16, 4, 9];0.0;-2284.3266520160346;13.476285457611084;-2287.2738095238096;1;187.84618997573853;[21, 10, 14, 11, 12, 2, 13, 3, 15, 1, 18, 5, 6, 7, 17, 16, 20, 19, 4, 8, 9];-0.0012885022752866515;-2287.273809523809;5;6;411;31.567611932754517;0.00036693785425823133;0.27149330648466097;0.0013515539628192008;1283278.0;1281175.9999999874;73.0;0.023701298701298702
21;100;695;768.0;0.020302295684814453;768.0;1;0.01927661895751953;[16, 10, 6, 1, 13, 5, 8, 19, 15, 14, 2, 18, 12, 4, 7, 9, 11, 20, 21, 17, 3];0.0;-2251.5943932411665;14.72544264793396;-2253.1285714285714;1;88.6731903553009;[5, 10, 16, 6, 1, 13, 8, 19, 15, 2, 14, 18, 12, 4, 7, 9, 11, 20, 21, 17, 3];-0.0006809101827829345;-2253.1285714285714;9;9;487;21.8134286403656;0.00021541593715002083;0.26922464746006086;0.0008001345314491591;1258454.0;1256042.0;132.5;0.04301948051948052
21;100;696;370.0;0.020480632781982422;370.0;1;0.01997661590576172;[10, 12, 3, 14, 8, 5, 18, 15, 13, 11, 17, 9, 21, 19, 16, 7, 4, 1, 20, 6, 2];0.0;-2626.3757995852684;16.852097749710083;-2634.8499999999995;139;736.0798947811127;[12, 3, 14, 5, 15, 8, 17, 10, 18, 13, 9, 21, 19, 16, 6, 11, 7, 4, 20, 1, 2];-0.003216198422958061;-2634.8499999999995;101;9;595;141.43539786338806;0.0008910760934860429;0.2695936356977451;0.003305256413712499;1253966.0;1243394.0000000037;308.5;0.10016233766233766
21;100;697;600.0;0.020204782485961914;600.0;1;0.01977086067199707;[8, 12, 4, 20, 11, 15, 13, 6, 18, 9, 10, 16, 21, 3, 14, 19, 1, 5, 7, 2, 17];0.0;-2458.6162004148887;15.301833868026733;-2465.852380952381;17;626.6834855079651;[8, 15, 12, 16, 20, 11, 6, 18, 13, 9, 21, 14, 4, 10, 3, 1, 19, 5, 7, 2, 17];-0.0029345554475963542;-2465.8523809523804;17;8;543;99.43449258804321;0.0022712007427503345;0.2730228624566139;0.008318719986723644;1284216.0;1269728.0;404.5;0.13133116883116883
21;100;698;570.0;0.020101070404052734;570.0;1;0.019654035568237305;[7, 11, 10, 9, 14, 17, 16, 2, 18, 4, 8, 21, 19, 3, 5, 15, 1, 6, 12, 20, 13];0.0;-2400.4390245515865;18.754249095916748;-2414.185714285714;357;1206.0305082798004;[7, 11, 9, 10, 20, 14, 17, 16, 2, 18, 4, 8, 21, 19, 3, 5, 1, 15, 13, 6, 12];-0.005694131007727643;-2414.185714285714;293;9;602;306.03656673431396;0.0012084834358185859;0.2689108772468823;0.0044939923895644385;1246396.0;1233078.0;233.5;0.07581168831168832
21;100;699;780.0;0.020014047622680664;780.0;1;0.019094467163085938;[4, 15, 12, 10, 17, 11, 2, 9, 18, 21, 5, 8, 3, 1, 16, 20, 6, 13, 19, 7, 14];0.0;-2262.091277442627;14.932899236679077;-2265.7785714285715;1;243.44691157341003;[4, 12, 15, 10, 11, 2, 9, 18, 21, 5, 8, 3, 17, 1, 16, 20, 6, 13, 19, 7, 14];-0.0016273849671107898;-2265.7785714285715;5;5;342;28.376709699630737;0.0006174943690880896;0.27073054643216526;0.002280844837148106;1270144.0;1267192.0;142.0;0.046103896103896105
21;100;700;1148.0;0.02007269859313965;1148.0;1;0.01983642578125;[5, 6, 1, 16, 14, 11, 15, 9, 10, 13, 3, 12, 2, 7, 17, 4, 8, 19, 18, 21, 20];0.0;-1933.054726741369;13.412217617034912;-1935.0976190476194;1;106.30976748466492;[5, 6, 1, 16, 14, 11, 9, 15, 10, 13, 3, 12, 2, 7, 17, 4, 8, 19, 18, 20, 21];-0.001055705038413457;-1935.097619047618;1;5;308;14.024394512176514;7.894036490696532e-05;0.27147754624250386;0.00029078045679862576;1283886.0;1283614.0000000023;17.0;0.00551948051948052
22;10;701;208.0;0.023194074630737305;208.0;1;0.02251577377319336;[19, 16, 3, 18, 22, 13, 10, 21, 9, 11, 8, 4, 14, 2, 1, 20, 15, 6, 5, 7, 17, 12];0.0;-241.5095799262463;1.3545434474945068;-241.67532467532482;1;7.407759666442871;[19, 16, 3, 18, 22, 13, 10, 21, 9, 11, 8, 4, 14, 2, 1, 15, 20, 6, 5, 7, 17, 12];-0.0006858157708122814;-241.6753246753246;1;6;40;8.881146907806396;0.00041865527924311863;0.31281886595814296;0.0013383312990436363;206508.0;206318.0;7.0;0.001976284584980237
22;10;702;216.0;0.023017168045043945;216.0;1;0.022171497344970703;[16, 21, 13, 18, 15, 14, 9, 10, 7, 8, 2, 11, 6, 3, 20, 19, 1, 22, 17, 12, 5, 4];0.0;-261.38744588744595;1.3266565799713135;-261.38744588744595;1;1.4651663303375244;[16, 21, 13, 18, 15, 14, 7, 8, 9, 10, 2, 11, 6, 3, 20, 1, 19, 22, 17, 12, 5, 4];0.0;-261.387445887446;1;4;26;0.08931326866149902;0.0004503909523386751;0.3220516465779699;0.0013985053550397972;219284.0;219076.0;69.0;0.01948051948051948
22;10;703;272.0;0.022948741912841797;272.0;1;0.022678613662719727;[10, 21, 16, 6, 2, 22, 18, 5, 9, 14, 13, 15, 20, 12, 11, 7, 19, 3, 1, 8, 17, 4];0.0;-193.38901515151517;1.3401033878326416;-193.43939393939394;1;3.4298713207244873;[10, 6, 5, 21, 2, 9, 16, 22, 14, 13, 12, 11, 15, 20, 7, 18, 19, 3, 1, 8, 17, 4];-0.0002604370643063403;-193.43939393939405;3;6;38;3.3414130210876465;0.002849518000108908;0.319480106274318;0.008919234544332478;214882.0;212651.99999999997;347.0;0.09796725014116318
22;10;704;364.0;0.023461103439331055;364.0;1;0.023285627365112305;[9, 2, 18, 21, 11, 6, 5, 13, 4, 15, 8, 16, 20, 3, 10, 17, 14, 7, 1, 22, 19, 12];0.0;-96.44877344877311;1.3347063064575195;-96.59523809523824;1;5.234641790390015;[9, 2, 21, 11, 6, 5, 13, 18, 4, 15, 8, 16, 19, 20, 3, 10, 17, 14, 1, 7, 22, 12];-0.0015162719131218694;-96.59523809523816;1;6;42;3.276655673980713;0.0020543439540001707;0.31735761558712594;0.006473277630976466;212284.0;209500.0;165.5;0.046725014116318464
22;10;705;186.0;0.023387670516967773;186.0;1;0.02245163917541504;[15, 20, 6, 18, 8, 5, 22, 11, 19, 1, 2, 17, 12, 4, 9, 21, 14, 3, 13, 7, 10, 16];0.0;-238.5454545454545;1.3403596878051758;-238.73376623376632;0;6.1812379360198975;[15, 6, 20, 18, 5, 22, 17, 4, 8, 11, 19, 1, 9, 2, 21, 14, 3, 13, 7, 10, 12, 16];-0.0007887936896510128;-238.7337662337663;1;6;46;4.524235486984253;0.004131095209673252;0.3062757232085435;0.013488157554232218;196682.0;194834.0;286.0;0.08074534161490683
22;10;706;262.0;0.023397207260131836;262.0;1;0.022947311401367188;[14, 10, 9, 2, 22, 1, 16, 4, 12, 19, 7, 17, 20, 21, 11, 6, 5, 15, 13, 3, 18, 8];0.0;-167.40043290043297;1.3281919956207275;-167.40043290043297;1;1.4723215103149414;[10, 14, 9, 2, 22, 17, 1, 4, 16, 12, 19, 7, 15, 20, 11, 6, 21, 13, 3, 18, 8, 5];0.0;-167.40043290043297;1;5;33;0.4754514694213867;0.0030946881190122566;0.30670564934452516;0.010090091674626985;198372.0;196980.0000000021;212.5;0.059994353472614344
22;10;707;226.0;0.022727012634277344;226.0;1;0.022548198699951172;[11, 10, 4, 22, 13, 20, 8, 18, 2, 15, 9, 5, 16, 19, 1, 14, 12, 17, 21, 6, 3, 7];0.0;-199.82095036746205;1.3772704601287842;-199.90476190476187;0;10.320791482925415;[11, 4, 1, 22, 10, 13, 20, 8, 18, 2, 15, 9, 5, 16, 19, 14, 12, 17, 21, 6, 3, 7];-0.00041925733284808864;-199.9047619047619;1;6;41;3.3753950595855713;0.0010485374247204415;0.3051898671054928;0.0034356888538438963;195844.0;193532.0;248.5;0.07015810276679842
22;10;708;356.0;0.023229360580444336;356.0;1;0.022185325622558594;[10, 9, 3, 6, 1, 20, 21, 22, 13, 12, 4, 18, 8, 15, 14, 7, 11, 17, 19, 16, 5, 2];0.0;-128.2987012987013;1.325369119644165;-128.4523809523808;1;4.253594636917114;[10, 3, 9, 1, 20, 6, 21, 8, 22, 13, 4, 12, 18, 15, 14, 7, 11, 2, 17, 19, 16, 5];-0.0011963939674770607;-128.45238095238085;1;7;45;4.688089847564697;0.0019902520913962496;0.3261129005163712;0.006102954186249178;223252.0;219565.9999999979;158.0;0.044607566346696784
22;10;709;308.0;0.023015975952148438;308.0;1;0.022151947021484375;[10, 2, 20, 1, 21, 18, 4, 7, 17, 5, 22, 8, 14, 6, 12, 9, 3, 16, 19, 11, 13, 15];0.0;-130.37445887445915;1.3383758068084717;-130.37445887445915;1;1.4828708171844482;[7, 2, 10, 20, 1, 21, 18, 4, 17, 5, 22, 8, 14, 6, 12, 9, 3, 16, 11, 13, 15, 19];0.0;-130.37445887445907;1;6;40;4.709431886672974;0.001695180874474178;0.30860692889649155;0.005493009766617233;201878.0;200187.99999999942;175.5;0.049548277809147376
22;10;710;372.0;0.023341655731201172;372.0;1;0.022376537322998047;[5, 14, 6, 18, 11, 7, 2, 19, 22, 12, 8, 4, 16, 9, 17, 1, 21, 10, 3, 15, 13, 20];0.0;-93.37878787878785;1.3636610507965088;-93.37878787878785;1;1.4574265480041504;[5, 14, 6, 7, 18, 2, 19, 11, 22, 12, 8, 16, 9, 17, 1, 21, 10, 4, 3, 13, 20, 15];0.0;-93.37878787878768;1;3;19;0.06303811073303223;0.001313109133717516;0.3179529665741677;0.0041298848312874975;214148.0;213544.0;136.0;0.038396386222473176
22;20;711;446.0;0.022861480712890625;446.0;1;0.022789478302001953;[17, 4, 11, 2, 12, 7, 8, 6, 14, 18, 21, 13, 19, 1, 5, 15, 16, 20, 3, 22, 10, 9];0.0;-358.40422077922074;2.7640717029571533;-358.9329004329006;0;9.731015682220459;[11, 2, 12, 17, 8, 6, 14, 4, 7, 18, 21, 20, 13, 19, 1, 3, 5, 15, 22, 16, 10, 9];-0.0014729205738517326;-358.9329004329004;1;6;86;5.488022089004517;0.0005336939949162067;0.29664476603885936;0.0017991013360616475;369644.0;361800.0;320.0;0.09034443817052512
22;20;712;560.0;0.02288341522216797;560.0;1;0.022278308868408203;[6, 4, 22, 8, 10, 13, 17, 3, 2, 7, 16, 1, 15, 5, 18, 21, 20, 11, 12, 19, 14, 9];0.0;-259.42982823627995;2.8001387119293213;-259.74025974025983;1;15.746896982192993;[6, 4, 22, 8, 13, 17, 3, 2, 7, 16, 1, 10, 15, 5, 18, 20, 21, 11, 12, 19, 14, 9];-0.0011951612903225994;-259.7402597402597;5;4;57;4.475161075592041;0.0003130614689388356;0.29919338935502954;0.0010463515574782633;376268.0;373226.0;122.5;0.03458498023715415
22;20;713;320.0;0.023175954818725586;320.0;1;0.02285289764404297;[22, 10, 5, 2, 8, 17, 7, 3, 12, 19, 18, 13, 9, 15, 4, 11, 6, 20, 16, 21, 1, 14];0.0;-433.15206063173036;3.038731098175049;-433.92857142857133;1;55.3208532333374;[22, 10, 2, 8, 17, 7, 3, 12, 19, 18, 5, 13, 6, 9, 15, 4, 11, 20, 16, 21, 1, 14];-0.0017894899021849708;-433.9285714285714;1;7;91;32.94694662094116;0.0008150044650602206;0.2875676680837428;0.00283413107770823;346402.0;342936.0;183.0;0.051665725578769056
22;20;714;542.0;0.02340412139892578;542.0;1;0.022666454315185547;[9, 2, 22, 18, 8, 5, 6, 17, 11, 1, 13, 21, 14, 15, 12, 19, 16, 3, 4, 10, 7, 20];0.0;-305.7364076601369;2.7568094730377197;-306.2748917748919;1;24.779155492782593;[9, 2, 18, 8, 22, 5, 6, 1, 17, 13, 21, 11, 15, 12, 14, 19, 16, 3, 4, 7, 20, 10];-0.0017581725737766396;-306.27489177489156;1;6;87;13.236766338348389;0.0015323311767606596;0.3052447675441168;0.0050200080056710325;390492.0;388206.0;120.5;0.03402032749858837
22;20;715;346.0;0.023207664489746094;346.0;1;0.022408723831176758;[8, 11, 19, 12, 1, 15, 13, 21, 18, 10, 3, 17, 6, 2, 22, 9, 5, 4, 16, 14, 20, 7];0.0;-429.7999409097333;2.866793632507324;-430.04761904761926;1;25.52523159980774;[8, 11, 13, 18, 19, 12, 1, 21, 10, 3, 17, 15, 6, 4, 7, 2, 22, 9, 5, 16, 14, 20];-0.0005759318896694232;-430.04761904761904;1;6;79;10.828913927078247;0.0011593376133747224;0.2912535153565792;0.003980510284847053;356884.0;352188.0;310.5;0.08766233766233766
22;20;716;290.0;0.023394107818603516;290.0;1;0.02311086654663086;[22, 13, 18, 16, 19, 10, 6, 21, 7, 8, 15, 3, 1, 11, 5, 4, 17, 2, 20, 14, 12, 9];0.0;-531.6322314049587;2.8124685287475586;-532.7424242424244;1;22.272971153259277;[13, 22, 16, 18, 10, 6, 21, 8, 15, 1, 5, 19, 4, 7, 3, 17, 2, 20, 14, 11, 12, 9];-0.002083920459393429;-532.7424242424242;3;6;86;17.86458969116211;0.002690579920505254;0.3007494382974612;0.008946250858311135;379750.0;373679.99999999756;307.5;0.08681535855448899
22;20;717;504.0;0.023382186889648438;504.0;1;0.02290797233581543;[1, 13, 4, 3, 14, 5, 22, 8, 17, 9, 12, 15, 10, 16, 11, 7, 18, 20, 2, 21, 19, 6];0.0;-293.3780253234377;2.781034469604492;-294.1406926406928;1;31.151536464691162;[1, 13, 3, 5, 22, 4, 14, 8, 17, 9, 12, 15, 10, 16, 7, 18, 6, 11, 20, 2, 21, 19];-0.0025928657147302747;-294.14069264069286;3;7;91;20.42436671257019;0.0011788559842362822;0.2956810176298639;0.00398691804325425;367080.0;364204.0;136.5;0.038537549407114624
22;20;718;394.0;0.023009777069091797;394.0;1;0.022699356079101562;[20, 19, 6, 7, 12, 2, 13, 14, 10, 17, 4, 15, 11, 22, 5, 3, 8, 21, 18, 16, 9, 1];0.0;-445.4895382395381;2.7148523330688477;-445.664502164502;1;10.586241960525513;[20, 19, 6, 7, 2, 12, 13, 10, 17, 14, 4, 15, 11, 5, 3, 8, 21, 18, 16, 22, 9, 1];-0.0003925911175651775;-445.6645021645022;1;6;72;5.324881076812744;0.0004903711482633355;0.30163030086368947;0.0016257356998259282;385590.0;385152.0;94.0;0.026538678712591756
22;20;719;287.0;0.02318429946899414;286.0;1;0.02244257926940918;[20, 13, 3, 11, 4, 9, 18, 6, 16, 12, 17, 19, 2, 10, 21, 1, 15, 7, 22, 8, 5, 14];0.0034965034965035446;-491.857665945166;2.883683204650879;-492.6948051948052;1;28.60660672187805;[20, 11, 4, 9, 13, 3, 18, 6, 10, 16, 12, 17, 19, 21, 2, 1, 15, 7, 8, 22, 5, 14];-0.0016991030569283305;-492.6948051948052;3;6;78;24.66848850250244;0.0022033724287747747;0.29332124138550847;0.007511806572095165;359012.0;354336.0000000009;200.0;0.05646527385657821
22;20;720;332.0;0.02360677719116211;332.0;1;0.022934436798095703;[5, 10, 18, 22, 13, 11, 15, 6, 4, 19, 12, 14, 21, 8, 9, 16, 2, 17, 20, 7, 1, 3];0.0;-440.03273333135877;2.8261985778808594;-440.4935064935064;1;45.81930875778198;[18, 5, 6, 10, 22, 11, 15, 4, 19, 12, 14, 21, 8, 13, 2, 1, 9, 3, 16, 17, 20, 7];-0.0010460384894559471;-440.49350649350646;3;7;91;24.150465488433838;0.0015979722283446796;0.290226859854179;0.005505941900579296;355626.0;350546.0;331.0;0.09345002823263693
22;30;721;336.0;0.023088932037353516;336.0;1;0.02248239517211914;[15, 19, 18, 9, 11, 5, 20, 14, 1, 10, 17, 8, 6, 3, 16, 22, 7, 4, 12, 2, 13, 21];0.0;-764.115295815296;4.439002752304077;-764.9935064935064;1;20.36433458328247;[15, 18, 19, 9, 11, 5, 20, 14, 1, 10, 17, 8, 6, 3, 16, 22, 4, 12, 7, 2, 13, 21];-0.0011479975591373037;-764.9935064935065;3;8;140;16.475229263305664;0.00010876869947595846;0.28177355186401976;0.0003860145807029072;504912.0;504772.0;32.5;0.009175607001693958
22;30;722;334.0;0.02302098274230957;334.0;1;0.02231431007385254;[15, 16, 14, 19, 21, 8, 1, 13, 2, 9, 17, 10, 20, 3, 22, 18, 5, 4, 12, 11, 6, 7];0.0;-775.9632034632033;4.571851968765259;-776.3874458874457;1;32.81585955619812;[15, 14, 16, 1, 19, 21, 2, 17, 13, 3, 8, 9, 10, 20, 22, 5, 18, 4, 12, 11, 6, 7];-0.0005464313294729628;-776.387445887446;1;5;92;12.30111837387085;0.0008805453158022836;0.28430694616790914;0.0030971642714710227;510238.0;507262.0;227.5;0.06422924901185771
22;30;723;464.0;0.023166656494140625;464.0;1;0.022206783294677734;[16, 10, 8, 13, 1, 17, 2, 22, 12, 7, 9, 3, 21, 18, 20, 4, 14, 6, 11, 15, 5, 19];0.0;-666.5273094579414;4.428067207336426;-667.3138528138522;1;33.19240212440491;[22, 16, 10, 13, 1, 17, 2, 12, 7, 8, 9, 3, 21, 18, 20, 4, 14, 11, 15, 6, 5, 19];-0.0011786708047407668;-667.3138528138528;7;5;104;13.612622022628784;0.001279942480066798;0.2876018624701217;0.004450397049149041;520394.0;517820.0;262.5;0.0741106719367589
22;30;724;146.0;0.023679494857788086;146.0;1;0.022878646850585938;[16, 17, 21, 18, 8, 13, 11, 20, 10, 9, 14, 7, 22, 19, 12, 15, 5, 4, 3, 2, 1, 6];0.0;-950.3052721088437;4.477413892745972;-950.6255411255412;1;30.2967267036438;[16, 17, 21, 18, 8, 13, 11, 20, 10, 9, 14, 7, 19, 22, 12, 15, 4, 1, 5, 3, 2, 6];-0.0003369034418307937;-950.6255411255411;3;6;110;14.53710126876831;0.0003307948985808995;0.2819754882375257;0.0011731335253589493;503194.0;502770.0;30.0;0.00846979107848673
22;30;725;410.0;0.02350163459777832;410.0;1;0.022904634475708008;[18, 11, 7, 2, 16, 22, 10, 9, 17, 15, 8, 1, 20, 3, 13, 6, 4, 5, 21, 14, 19, 12];0.0;-686.3122710622707;4.519670009613037;-686.805194805195;1;15.828360080718994;[18, 11, 7, 2, 16, 10, 22, 9, 17, 8, 1, 3, 15, 13, 6, 4, 5, 20, 21, 14, 19, 12];-0.000717705321177875;-686.8051948051947;1;6;123;8.965683221817017;0.0010030105916687404;0.28243151790036036;0.003551340867072048;504138.0;502852.00000000297;100.0;0.028232636928289104
22;30;726;404.0;0.023357629776000977;404.0;1;0.022722244262695312;[8, 2, 20, 9, 10, 7, 1, 12, 19, 22, 3, 6, 13, 17, 21, 5, 18, 15, 11, 4, 16, 14];0.0;-689.4701191243746;4.791378736495972;-689.9242424242427;1;35.7946834564209;[8, 2, 20, 9, 10, 1, 7, 12, 19, 22, 3, 6, 13, 17, 21, 5, 18, 15, 11, 4, 16, 14];-0.0006582219785065124;-689.9242424242425;1;7;112;22.36355233192444;6.257876124182715e-06;0.28177655075702795;2.2208647622984057e-05;501540.0;501531.9999999994;17.0;0.004799548277809147
22;30;727;346.0;0.023228883743286133;346.0;1;0.023401975631713867;[19, 18, 14, 9, 21, 16, 7, 2, 3, 11, 13, 6, 17, 10, 8, 4, 15, 1, 20, 22, 12, 5];0.0;-760.7805194805198;4.55231237411499;-761.5259740259739;1;34.964763879776;[19, 18, 14, 9, 21, 16, 3, 7, 11, 6, 13, 2, 10, 8, 17, 4, 15, 1, 20, 22, 12, 5];-0.0009788957578336088;-761.5259740259739;1;5;96;17.131245136260986;0.00034887786704795865;0.28362967497755187;0.001230047127739969;508238.0;506868.0;105.5;0.029785431959345004
22;30;728;442.0;0.02324390411376953;442.0;1;0.022187471389770508;[3, 4, 9, 14, 11, 16, 19, 8, 2, 1, 20, 12, 10, 22, 13, 18, 17, 5, 15, 21, 7, 6];0.0;-651.1670274170277;4.402157783508301;-652.2554112554112;1;46.06095266342163;[3, 19, 4, 9, 14, 12, 11, 8, 16, 20, 22, 13, 18, 2, 5, 1, 15, 10, 17, 21, 7, 6];-0.0016686466982138715;-652.2554112554113;3;5;107;12.197043657302856;0.0017668481027528493;0.2833473335964708;0.006235626361210466;503944.0;499844.0;383.5;0.1082721626199887
22;30;729;442.0;0.023129940032958984;442.0;1;0.023785114288330078;[17, 12, 8, 13, 3, 1, 16, 10, 22, 7, 15, 18, 9, 20, 5, 19, 6, 4, 21, 2, 11, 14];0.0;-690.7922309552351;4.508246898651123;-691.6103896103898;1;34.3754768371582;[17, 12, 8, 13, 1, 16, 10, 22, 3, 7, 15, 9, 18, 20, 5, 19, 6, 4, 21, 2, 11, 14];-0.0011829762355298756;-691.6103896103896;3;5;106;15.204931259155273;0.00043563054808837265;0.287512031144503;0.0015151732828509897;520364.0;519802.0;80.0;0.02258610954263128
22;30;730;554.0;0.022961139678955078;554.0;1;0.022663593292236328;[17, 3, 16, 9, 6, 7, 1, 10, 14, 8, 19, 21, 4, 2, 13, 18, 22, 11, 15, 12, 20, 5];0.0;-567.9453536202062;4.443144083023071;-568.2229437229435;1;33.68756294250488;[17, 3, 16, 9, 6, 7, 1, 10, 14, 8, 19, 21, 4, 2, 13, 18, 11, 22, 15, 12, 5, 20];-0.0004885232210415369;-568.2229437229436;3;7;127;17.66840410232544;0.00028810698992476347;0.2851589129535475;0.0010103383651616606;514922.0;514550.0;8.0;0.002258610954263128
22;40;731;332.0;0.023265600204467773;332.0;1;0.023084163665771484;[18, 17, 21, 7, 15, 2, 8, 19, 20, 22, 10, 16, 5, 13, 1, 4, 9, 14, 6, 3, 12, 11];0.0;-1150.0175975785735;6.005173444747925;-1150.9199134199137;1;29.967031955718994;[18, 17, 21, 7, 15, 2, 8, 19, 20, 22, 10, 5, 16, 13, 1, 4, 9, 14, 6, 3, 12, 11];-0.0007839953334884964;-1150.9199134199137;1;6;145;16.263243198394775;5.0173360629179875e-05;0.2840474809030845;0.00017663723145743636;680002.0;679916.0;11.0;0.003105590062111801
22;40;732;480.0;0.023414134979248047;480.0;1;0.022678613662719727;[15, 2, 3, 14, 19, 6, 16, 10, 18, 7, 11, 21, 5, 8, 13, 12, 17, 9, 4, 22, 20, 1];0.0;-901.1362497151971;6.814988851547241;-901.5432900432902;1;30.988374948501587;[15, 2, 3, 14, 19, 6, 16, 10, 18, 7, 11, 21, 5, 8, 13, 9, 22, 1, 12, 17, 4, 20];-0.0004514928263439355;-901.5432900432902;1;6;124;11.048854351043701;0.00045443458378380264;0.2744608282602569;0.001655735671514064;634024.0;630496.0;50.5;0.014257481648785996
22;40;733;476.0;0.02294325828552246;476.0;1;0.02215266227722168;[21, 15, 10, 8, 11, 13, 1, 2, 3, 17, 22, 4, 6, 16, 20, 19, 14, 18, 12, 5, 7, 9];0.0;-940.6034735846483;6.319568395614624;-942.4675324675327;1;58.82552456855774;[21, 10, 15, 8, 11, 13, 1, 3, 17, 4, 6, 16, 20, 19, 14, 18, 12, 2, 5, 7, 9, 22];-0.001977849441671453;-942.4675324675327;5;8;201;40.13997673988342;0.0006600800613241198;0.2782493321110417;0.002372261080794616;651370.0;645643.999999999;257.0;0.07255787690570299
22;40;734;646.0;0.02344822883605957;646.0;1;0.022817373275756836;[16, 1, 15, 5, 9, 4, 10, 11, 17, 3, 7, 22, 20, 19, 18, 2, 14, 6, 21, 8, 13, 12];0.0;-824.1926406926406;6.105278730392456;-824.517316017316;1;21.150983810424805;[16, 1, 15, 5, 9, 4, 10, 11, 17, 7, 22, 20, 18, 19, 2, 14, 3, 6, 21, 8, 13, 12];-0.00039377623534186945;-824.517316017316;1;4;108;2.780805826187134;0.00075917063527986;0.28303982616252343;0.0026822042875476433;675502.0;673280.0;90.0;0.025409373235460192
22;40;735;528.0;0.02291417121887207;528.0;1;0.022450923919677734;[22, 15, 9, 7, 2, 4, 16, 10, 12, 13, 6, 1, 8, 21, 19, 18, 14, 5, 20, 17, 3, 11];0.0;-950.8316363097932;6.376769542694092;-951.5735930735927;1;58.17718529701233;[22, 9, 15, 7, 13, 1, 2, 19, 4, 17, 18, 16, 10, 12, 6, 8, 14, 21, 3, 5, 20, 11];-0.0007797155881585915;-951.5735930735933;3;6;155;22.14900493621826;0.002016144375607043;0.2856913002069474;0.007057073051040056;681830.0;672854.0;506.0;0.14285714285714285
22;40;736;482.0;0.022525787353515625;482.0;1;0.021928071975708008;[20, 6, 14, 11, 18, 15, 8, 7, 13, 1, 5, 22, 19, 3, 16, 2, 4, 12, 10, 9, 21, 17];0.0;-959.9931440142038;6.000802040100098;-961.2077922077922;1;44.92380428314209;[20, 6, 14, 11, 18, 15, 8, 7, 22, 13, 1, 5, 19, 3, 16, 2, 4, 12, 10, 9, 21, 17];-0.0012636686920717288;-961.2077922077921;5;8;194;31.719608783721924;8.6984630762732e-05;0.28005074720090595;0.0003106031018739971;661784.0;660713.9999999878;40.5;0.011434217955957086
22;40;737;318.0;0.022698402404785156;318.0;1;0.02250814437866211;[12, 18, 9, 17, 19, 16, 6, 3, 8, 7, 11, 21, 15, 13, 14, 5, 20, 2, 22, 10, 4, 1];0.0;-1105.17469183359;6.189537763595581;-1106.426406926407;1;51.93845820426941;[9, 17, 19, 12, 18, 16, 7, 11, 21, 15, 6, 20, 3, 13, 8, 14, 2, 22, 5, 10, 4, 1];-0.0011313134655690504;-1106.4264069264066;3;6;157;22.670565605163574;0.0012134399668247697;0.278667204960013;0.004354441230351776;655046.0;648376.0;382.5;0.10798983625070581
22;40;738;686.0;0.022279024124145508;686.0;1;0.02248978614807129;[12, 18, 19, 7, 2, 6, 16, 14, 11, 5, 21, 22, 20, 9, 1, 8, 4, 17, 15, 3, 13, 10];0.0;-889.9358974358973;5.777575969696045;-890.4047619047619;1;25.560580730438232;[12, 18, 7, 19, 5, 2, 6, 16, 14, 22, 20, 11, 9, 21, 1, 8, 4, 17, 15, 3, 13, 10];-0.000526574529836954;-890.4047619047618;1;5;141;7.4700939655303955;0.00022545733792112;0.2927886228652592;0.0007700344901204548;723334.0;719251.9999999999;167.0;0.0471485036702428
22;40;739;482.0;0.022724151611328125;482.0;1;0.02233147621154785;[16, 22, 18, 7, 6, 4, 2, 21, 17, 20, 13, 9, 14, 8, 5, 15, 1, 3, 11, 19, 10, 12];0.0;-991.6675339987621;6.31027626991272;-993.0281385281387;1;92.34307885169983;[16, 22, 4, 18, 7, 6, 2, 20, 21, 14, 8, 5, 15, 19, 17, 13, 1, 3, 9, 10, 11, 12];-0.0013701570746960101;-993.0281385281384;5;8;189;44.52298712730408;0.0009046098285740989;0.2839064317393914;0.0031862956504080716;677832.0;671674.0;304.0;0.08582721626199886
22;40;740;602.0;0.022832155227661133;602.0;1;0.023159265518188477;[17, 9, 6, 3, 13, 7, 16, 22, 12, 4, 15, 2, 8, 10, 5, 19, 18, 1, 21, 20, 11, 14];0.0;-829.4839449541287;5.950618267059326;-829.9761904761906;1;26.877888917922974;[17, 9, 6, 3, 13, 7, 16, 12, 22, 4, 15, 2, 8, 10, 5, 19, 18, 1, 21, 20, 11, 14];-0.0005930839073582383;-829.9761904761906;1;6;140;6.607686996459961;1.1773120195401887e-06;0.2787246698756692;4.223924707006928e-06;656466.0;656464.0000000019;15.0;0.004234895539243365
22;50;741;580.0;0.022919654846191406;580.0;1;0.02279210090637207;[22, 5, 10, 14, 3, 20, 16, 18, 12, 9, 21, 1, 2, 15, 11, 8, 6, 7, 17, 4, 13, 19];0.0;-1229.200005529003;7.908409118652344;-1230.6017316017314;1;64.663902759552;[22, 5, 10, 3, 14, 20, 16, 18, 12, 9, 1, 21, 2, 15, 11, 8, 6, 7, 17, 4, 13, 19];-0.0011390574519215546;-1230.601731601732;1;7;211;36.15869855880737;3.189023755545417e-05;0.28022681716697284;0.00011380151934728077;830140.0;830071.999999997;31.0;0.008752117447769622
22;50;742;680.0;0.022403240203857422;680.0;1;0.022286653518676758;[12, 11, 17, 6, 1, 19, 5, 18, 14, 10, 9, 7, 2, 22, 15, 21, 8, 20, 3, 13, 16, 4];0.0;-1139.5663183933857;7.868787050247192;-1140.6580086580088;1;53.88446497917175;[12, 11, 17, 6, 1, 19, 5, 18, 14, 9, 10, 7, 15, 21, 8, 2, 20, 3, 22, 13, 16, 4];-0.0009570706174303334;-1140.6580086580088;3;6;182;23.887272596359253;0.0007112682937829851;0.28219476341979977;0.0025204872165713616;836230.0;831028.0;83.0;0.023433088650479956
22;50;743;536.0;0.023003101348876953;536.0;1;0.022602081298828125;[19, 18, 13, 1, 17, 21, 2, 20, 3, 11, 22, 14, 4, 12, 8, 9, 10, 7, 5, 6, 15, 16];0.0;-1286.5112490915408;7.738212585449219;-1286.9112554112553;1;27.637624979019165;[18, 19, 1, 13, 2, 17, 20, 21, 3, 11, 22, 14, 4, 12, 8, 9, 10, 7, 5, 6, 15, 16];-0.0003108266541554938;-1286.9112554112553;1;5;163;6.743963718414307;0.00043307959431126974;0.2817727135106882;0.001536982019711579;836668.0;835744.0;94.0;0.026538678712591756
22;50;744;668.0;0.023163795471191406;668.0;1;0.02306962013244629;[13, 8, 21, 5, 1, 3, 11, 19, 9, 17, 10, 16, 22, 18, 7, 15, 12, 14, 4, 6, 20, 2];0.0;-1166.1989010564535;8.410943746566772;-1167.4978354978355;1;57.80416250228882;[13, 8, 21, 5, 1, 3, 11, 19, 17, 10, 16, 22, 2, 18, 9, 7, 15, 12, 14, 4, 6, 20];-0.0011125797426666528;-1167.4978354978352;1;7;230;28.19279980659485;0.0009756555185471694;0.2837209302325581;0.0034387858440596956;843630.0;838784.0000000091;138.5;0.03910220214568041
22;50;745;422.0;0.023238420486450195;422.0;1;0.023663759231567383;[13, 15, 8, 20, 16, 12, 1, 11, 4, 14, 10, 2, 17, 21, 9, 7, 22, 18, 5, 19, 6, 3];0.0;-1327.0204104369018;8.338301420211792;-1329.5367965367968;1;87.22646594047546;[13, 15, 20, 16, 12, 9, 1, 21, 11, 4, 14, 7, 5, 8, 10, 2, 3, 17, 22, 18, 19, 6];-0.0018926787934337996;-1329.5367965367966;5;6;201;29.466571807861328;0.0018250474976665432;0.2768959883577254;0.006591094036757014;806742.0;801046.0;501.0;0.14144551101072841
22;50;746;798.0;0.022819995880126953;798.0;1;0.02215862274169922;[21, 18, 5, 4, 9, 19, 7, 1, 12, 8, 3, 20, 15, 10, 13, 17, 14, 6, 2, 11, 22, 16];0.0;-1043.7094757094758;7.6268532276153564;-1044.1428571428573;1;27.79071021080017;[21, 18, 5, 4, 9, 19, 7, 1, 3, 8, 12, 20, 13, 15, 10, 17, 14, 2, 6, 11, 22, 16];-0.00041505952027243165;-1044.1428571428573;5;7;203;9.553447008132935;0.0005698692383653281;0.2833133920807547;0.0020114447615059952;845814.0;842749.9999999995;65.5;0.01849237718802936
22;50;747;604.0;0.02295541763305664;604.0;1;0.02250504493713379;[21, 10, 16, 4, 22, 12, 19, 15, 13, 17, 8, 9, 6, 7, 5, 3, 2, 11, 1, 14, 20, 18];0.0;-1241.8014131462407;7.477519512176514;-1242.5974025974026;1;39.44829082489014;[21, 10, 4, 16, 22, 12, 19, 15, 13, 17, 8, 7, 9, 5, 1, 14, 3, 11, 6, 2, 20, 18];-0.0006405851561398501;-1242.5974025974028;1;7;218;12.955315351486206;0.000541661305989094;0.28336603284211653;0.001911525176663966;847800.0;844794.0000000028;130.0;0.03670242800677583
22;50;748;622.0;0.02247452735900879;622.0;1;0.022118091583251953;[12, 6, 14, 4, 3, 10, 22, 19, 18, 13, 16, 8, 15, 5, 21, 17, 11, 9, 7, 1, 20, 2];0.0;-1184.9485985395074;8.047730445861816;-1185.376623376624;1;41.19894981384277;[6, 14, 4, 3, 10, 22, 12, 19, 18, 13, 16, 8, 15, 5, 21, 17, 11, 9, 7, 1, 20, 2];-0.00036108763128572807;-1185.3766233766232;1;4;134;7.249128818511963;0.0005994932585285939;0.28127711496746205;0.0021313261073441503;829880.0;828608.0;124.5;0.035149632975719936
22;50;749;618.0;0.02262711524963379;618.0;1;0.02218174934387207;[13, 8, 4, 22, 10, 5, 17, 3, 1, 18, 21, 20, 16, 15, 14, 7, 6, 9, 11, 2, 12, 19];0.0;-1167.2063144352303;7.9280314445495605;-1168.6363636363626;1;80.35085391998291;[13, 8, 22, 17, 4, 10, 3, 5, 1, 18, 21, 20, 16, 15, 14, 7, 12, 6, 9, 11, 2, 19];-0.0012236904871610887;-1168.6363636363637;3;6;205;27.210447788238525;0.0008902785920569256;0.2794696972791756;0.0031855997295033526;820940.0;817210.0000000003;113.5;0.03204404291360813
22;50;750;454.0;0.02298569679260254;454.0;1;0.022531986236572266;[10, 13, 18, 16, 7, 17, 5, 22, 4, 3, 14, 19, 15, 21, 8, 9, 1, 2, 20, 11, 6, 12];0.0;-1315.9482059442535;8.343645811080933;-1316.004329004329;1;28.984359979629517;[10, 13, 18, 16, 7, 17, 5, 22, 3, 14, 4, 19, 15, 21, 8, 9, 1, 2, 20, 11, 6, 12];-4.264656189856275e-05;-1316.004329004329;1;5;151;9.781198263168335;5.304693042984532e-05;0.2776552139430808;0.00019105324793475666;811514.0;811402.0;27.5;0.007763975155279503
22;60;751;514.0;0.02317667007446289;514.0;1;0.02280449867248535;[9, 6, 10, 17, 16, 8, 21, 22, 11, 1, 18, 13, 7, 14, 4, 20, 12, 3, 19, 15, 2, 5];0.0;-1528.4813329985145;9.950769662857056;-1531.1147186147189;1;166.09440445899963;[9, 6, 10, 17, 16, 21, 13, 8, 12, 22, 11, 14, 1, 18, 7, 4, 20, 3, 19, 2, 15, 5];-0.0017199139843596667;-1531.114718614719;5;7;263;42.715181827545166;0.0005423333012993803;0.27248637393967523;0.0019903134731406626;938730.0;935525.9999999976;229.5;0.06479390175042349
22;60;752;694.0;0.022769451141357422;694.0;1;0.022271394729614258;[18, 9, 5, 3, 10, 8, 6, 4, 20, 16, 17, 1, 13, 11, 14, 2, 12, 22, 21, 19, 15, 7];0.0;-1344.7519813101212;10.40207815170288;-1348.186147186147;3;221.06210899353027;[18, 9, 5, 3, 10, 8, 6, 4, 20, 16, 17, 1, 13, 11, 14, 2, 22, 21, 12, 19, 15, 7];-0.0025472490450917373;-1348.1861471861473;7;9;374;63.646013021469116;8.64230230933627e-05;0.2725335131100795;0.0003171097092138368;936254.0;935116.0;11.5;0.003246753246753247
22;60;753;524.0;0.023113012313842773;524.0;1;0.0227203369140625;[22, 6, 17, 14, 20, 16, 7, 1, 10, 11, 9, 13, 8, 2, 4, 3, 18, 19, 12, 15, 21, 5];0.0;-1560.4155307502422;9.321310997009277;-1561.7770562770565;1;47.88998222351074;[22, 6, 17, 14, 20, 16, 7, 1, 10, 11, 9, 13, 8, 2, 4, 3, 18, 19, 12, 15, 21, 5];-0.0008717796956627666;-1561.7770562770559;1;5;202;12.7994966506958;0.0;0.27399694323431945;0.0;956060.0;956060.0;0.0;0.0
22;60;754;662.0;0.02282571792602539;662.0;1;0.023076534271240234;[14, 8, 10, 1, 5, 17, 3, 16, 7, 13, 11, 6, 4, 22, 12, 21, 2, 9, 20, 18, 15, 19];0.0;-1349.2648779791639;10.543387174606323;-1349.8311688311685;1;66.23116827011108;[14, 8, 10, 1, 5, 17, 3, 16, 7, 13, 22, 6, 12, 11, 21, 4, 2, 9, 20, 18, 15, 19];-0.00041952717130910866;-1349.831168831169;1;6;205;17.248632669448853;0.0005048477403255536;0.2701437802785022;0.0018688112671151839;923312.0;921130.0;76.0;0.021456804065499716
22;60;755;780.0;0.023436784744262695;780.0;1;0.02282238006591797;[18, 7, 20, 8, 4, 11, 6, 16, 17, 9, 2, 10, 3, 14, 1, 15, 5, 19, 13, 22, 12, 21];0.0;-1328.988503422759;9.137367486953735;-1330.5021645021648;1;90.88506364822388;[7, 20, 18, 6, 16, 8, 17, 11, 9, 2, 10, 4, 1, 3, 14, 5, 15, 19, 13, 22, 21, 12];-0.0011376614933745754;-1330.502164502165;7;6;234;18.17935872077942;0.0007542455962805672;0.27719002866909187;0.002721041589778765;969374.0;964700.0000000008;278.0;0.07848673066064371
22;60;756;1006.0;0.022806882858276367;1006.0;1;0.022388458251953125;[18, 8, 4, 15, 11, 1, 14, 9, 10, 5, 2, 12, 20, 13, 6, 22, 19, 3, 7, 21, 16, 17];0.0;-1153.7380952380956;8.834598302841187;-1154.209956709957;1;21.625786066055298;[18, 8, 4, 15, 1, 11, 14, 9, 20, 10, 5, 2, 12, 19, 13, 3, 6, 7, 21, 22, 16, 17];-0.000408817710433107;-1154.209956709957;1;7;239;3.873483657836914;0.00042499720654509687;0.27998772077817735;0.001517913733373345;991420.0;988492.0;122.5;0.03458498023715415
22;60;757;510.0;0.023501157760620117;510.0;1;0.03697466850280762;[13, 11, 15, 21, 4, 7, 22, 10, 1, 3, 8, 17, 6, 12, 14, 20, 16, 18, 9, 19, 5, 2];0.0;-1554.7260264088518;10.38828730583191;-1557.2857142857138;3;123.83444499969482;[13, 11, 15, 7, 21, 10, 1, 6, 22, 3, 12, 14, 20, 16, 8, 17, 19, 4, 2, 18, 9, 5];-0.001643685454365107;-1557.2857142857138;3;6;257;31.72158145904541;0.0026559410568862685;0.2757012910018179;0.00963340087104908;954254.0;942046.0;413.0;0.116600790513834
22;60;758;760.0;0.022954225540161133;760.0;1;0.0225675106048584;[4, 16, 6, 12, 22, 3, 7, 20, 10, 2, 13, 18, 15, 19, 8, 5, 1, 21, 11, 9, 14, 17];0.0;-1347.1413330739176;9.871609449386597;-1348.5714285714282;1;79.97926354408264;[4, 16, 6, 12, 3, 22, 7, 10, 2, 20, 13, 18, 15, 19, 8, 5, 1, 11, 17, 9, 21, 14];-0.0010604521697642477;-1348.5714285714284;3;5;202;24.8804874420166;0.0006006091666587166;0.2773387053340713;0.0021656161044497787;968104.0;965666.0;67.5;0.019057029926595144
22;60;759;688.0;0.022768259048461914;688.0;1;0.02292346954345703;[8, 5, 19, 18, 2, 12, 14, 13, 22, 3, 17, 7, 20, 11, 6, 16, 21, 10, 4, 1, 9, 15];0.0;-1452.3442658875556;9.335108757019043;-1453.4653679653684;1;76.87955856323242;[5, 8, 19, 18, 2, 12, 14, 13, 22, 20, 3, 7, 17, 11, 6, 16, 21, 1, 4, 15, 10, 9];-0.0007713304372585217;-1453.4653679653682;3;7;270;27.193181037902832;0.0006852470185234605;0.27978180007823333;0.002449219421462904;983468.0;979887.999999983;91.5;0.025832862789384528
22;60;760;404.0;0.02300095558166504;404.0;1;0.022451400756835938;[20, 16, 12, 21, 8, 13, 10, 6, 19, 14, 18, 17, 7, 4, 2, 3, 11, 5, 9, 15, 1, 22];0.0;-1671.6727264732804;10.860970258712769;-1674.8268398268397;5;274.38409972190857;[20, 16, 12, 21, 8, 13, 10, 6, 19, 14, 18, 17, 2, 3, 7, 4, 11, 5, 9, 15, 1, 22];-0.00188324743702184;-1674.8268398268394;19;7;263;56.64153814315796;2.5440538703458415e-05;0.27474136270802557;9.259813830979176e-05;952958.0;950128.0;38.0;0.010728402032749858
22;70;761;792.0;0.022947311401367188;792.0;1;0.022460222244262695;[10, 2, 3, 21, 20, 13, 16, 8, 19, 1, 22, 4, 18, 11, 9, 12, 7, 15, 6, 5, 17, 14];0.0;-1633.148077412783;11.190189361572266;-1634.1558441558445;1;76.0735776424408;[10, 2, 3, 21, 20, 13, 16, 8, 19, 1, 22, 4, 18, 11, 9, 12, 7, 6, 5, 14, 15, 17];-0.0006166894954758861;-1634.1558441558443;1;6;276;19.276859998703003;0.0002637711662764053;0.2745083045677466;0.0009608859254431355;1112866.0;1112090.0;16.0;0.004517221908526256
22;70;762;522.0;0.024095773696899414;522.0;1;0.023627519607543945;[18, 20, 1, 8, 4, 17, 15, 21, 14, 12, 22, 2, 5, 11, 6, 9, 10, 13, 16, 7, 19, 3];0.0;-1813.1669940852646;13.92335820198059;-1819.1038961038967;15;545.4058096408844;[21, 6, 18, 20, 1, 14, 12, 8, 17, 7, 4, 11, 22, 2, 9, 15, 10, 3, 5, 13, 19, 16];-0.00326364097803733;-1819.1038961038955;33;10;407;181.3962652683258;0.0021821078183128506;0.27147666402392157;0.008037920408954822;1079300.0;1058213.9999999988;771.5;0.21781479390175043
22;70;763;932.0;0.022748231887817383;932.0;1;0.022290706634521484;[8, 2, 11, 7, 1, 22, 14, 10, 5, 3, 18, 15, 9, 13, 12, 6, 19, 20, 16, 17, 21, 4];0.0;-1480.1972963031328;11.892081022262573;-1480.824675324674;1;74.12394666671753;[2, 8, 11, 14, 7, 1, 15, 22, 10, 5, 12, 6, 3, 19, 18, 9, 13, 17, 20, 4, 16, 21];-0.0004236686705694215;-1480.824675324675;3;4;199;10.705530643463135;0.0020076382005892457;0.2761111393935932;0.007271123522935382;1111854.0;1096770.0;287.5;0.08116883116883117
22;70;764;566.0;0.02369236946105957;566.0;1;0.023603200912475586;[21, 14, 18, 7, 4, 16, 17, 1, 6, 3, 15, 9, 22, 5, 11, 8, 19, 2, 10, 20, 13, 12];0.0;-1780.5788718214026;12.846830368041992;-1784.1125541125543;7;355.7376854419708;[14, 18, 7, 6, 4, 15, 9, 16, 22, 17, 1, 21, 3, 5, 11, 8, 2, 20, 19, 13, 10, 12];-0.0019806386558999245;-1784.112554112554;11;7;313;60.03784155845642;0.0010857105900128339;0.2711536907229537;0.004004041350564314;1080266.0;1071578.0;475.0;0.13410502540937325
22;70;765;570.0;0.02298116683959961;570.0;1;0.022823572158813477;[12, 8, 19, 14, 15, 10, 11, 2, 20, 9, 16, 13, 7, 18, 5, 22, 6, 17, 21, 3, 4, 1];0.0;-1833.993834044223;12.12585973739624;-1836.2034632034638;1;132.92520380020142;[12, 8, 19, 14, 15, 10, 2, 11, 20, 9, 16, 13, 7, 18, 5, 22, 6, 17, 21, 3, 4, 1];-0.0012033683649556037;-1836.2034632034636;3;6;263;36.28109622001648;0.00010457198276758728;0.2738132703256774;0.00038190984185393156;1103232.0;1102926.0000000293;16.0;0.004517221908526256
22;70;766;1044.0;0.02273392677307129;1044.0;1;0.022930383682250977;[10, 6, 3, 21, 15, 8, 11, 5, 22, 9, 14, 17, 12, 1, 16, 19, 7, 4, 13, 2, 18, 20];0.0;-1461.3681738245446;11.454010963439941;-1464.7077922077929;3;205.64304161071777;[10, 6, 8, 3, 21, 15, 11, 5, 9, 22, 14, 17, 12, 19, 1, 16, 7, 4, 13, 2, 18, 20];-0.0022800577705771596;-1464.7077922077922;7;9;367;78.38379955291748;0.00016291935323708984;0.27920450952333226;0.000583512614159533;1150568.0;1148240.0;90.0;0.025409373235460192
22;70;767;738.0;0.023520708084106445;738.0;1;0.023070335388183594;[21, 2, 6, 16, 19, 15, 12, 3, 22, 4, 14, 8, 7, 1, 5, 20, 10, 9, 18, 11, 17, 13];0.0;-1696.3678744864271;11.919489622116089;-1700.450216450216;3;296.05604887008667;[21, 12, 6, 16, 22, 15, 2, 3, 4, 14, 8, 19, 7, 1, 5, 20, 9, 18, 11, 10, 17, 13];-0.002400741829602593;-1700.4502164502167;10;8;347;67.29762196540833;0.0010122586701859504;0.2761988130285909;0.003664963868187101;1120738.0;1117762.0;328.0;0.09260304912478826
22;70;768;584.0;0.023281574249267578;584.0;1;0.023062944412231445;[6, 17, 14, 2, 8, 5, 18, 1, 20, 16, 4, 22, 3, 15, 13, 19, 12, 11, 21, 7, 10, 9];0.0;-1787.8093165268936;12.655067205429077;-1791.9307359307363;3;267.93906235694885;[6, 17, 14, 2, 8, 5, 1, 18, 20, 16, 4, 22, 15, 13, 19, 12, 3, 11, 21, 7, 10, 9];-0.00229998811963128;-1791.930735930736;7;7;338;54.60305571556091;0.00010616903754689933;0.27172190769636023;0.000390726822312537;1089294.0;1086218.0;53.0;0.014963297571993224
22;70;769;412.0;0.022660255432128906;412.0;1;0.022356033325195312;[19, 21, 22, 12, 3, 6, 4, 11, 10, 17, 20, 18, 7, 15, 13, 14, 1, 16, 5, 2, 8, 9];0.0;-1975.3360071301247;11.312163352966309;-1978.5259740259726;1;93.59900188446045;[21, 10, 15, 19, 22, 12, 3, 6, 4, 11, 14, 17, 20, 1, 16, 18, 7, 13, 5, 2, 8, 9];-0.0016122946768076796;-1978.5259740259737;5;4;194;12.005099296569824;0.0005494778418949631;0.27331488681143423;0.0020104204652198823;1097318.0;1089260.0;467.0;0.1318464144551101
22;70;770;462.0;0.022740840911865234;462.0;1;0.022365331649780273;[10, 12, 16, 11, 8, 13, 5, 7, 21, 14, 19, 9, 15, 6, 22, 3, 17, 4, 2, 18, 20, 1];0.0;-1851.2424881563356;12.95762300491333;-1855.0995670995667;1;161.830064535141;[10, 12, 16, 8, 11, 2, 13, 5, 7, 21, 14, 19, 9, 15, 6, 22, 3, 18, 20, 17, 1, 4];-0.0020791762402605496;-1855.0995670995678;3;7;301;49.018545627593994;0.000710578434324316;0.2688056478967678;0.0026434654177995794;1063972.0;1057304.0;224.5;0.06338226990400904
22;80;771;828.0;0.0237882137298584;828.0;1;0.023317813873291016;[9, 4, 2, 20, 11, 19, 12, 17, 6, 10, 8, 22, 18, 21, 13, 3, 14, 1, 7, 16, 5, 15];0.0;-1901.4100756386474;13.694101810455322;-1901.954545454545;1;74.18903708457947;[4, 9, 12, 2, 17, 20, 6, 8, 10, 18, 22, 11, 19, 21, 13, 3, 1, 14, 7, 16, 5, 15];-0.0002862685741880089;-1901.9545454545455;1;7;307;19.17844867706299;0.0014019745320916766;0.27306970892053894;0.005134126877835578;1255956.0;1248495.999999999;342.5;0.09669678147939018
22;80;772;658.0;0.023220300674438477;658.0;1;0.02247309684753418;[16, 11, 7, 10, 9, 6, 21, 18, 13, 2, 22, 14, 3, 19, 8, 15, 20, 5, 4, 17, 1, 12];0.0;-2078.6629383362224;14.471339225769043;-2082.2380952380954;1;226.18620610237122;[16, 6, 21, 11, 7, 18, 10, 9, 14, 3, 13, 8, 2, 19, 15, 22, 20, 5, 4, 17, 1, 12];-0.0017169779527370643;-2082.238095238096;7;6;308;44.99431371688843;0.0010377025958739905;0.2739191311727194;0.003788353852581653;1259484.0;1250483.9999999956;329.0;0.09288537549407115
22;80;773;480.0;0.023021459579467773;480.0;1;0.02263188362121582;[22, 8, 14, 12, 10, 19, 17, 16, 7, 18, 15, 13, 1, 11, 6, 3, 4, 9, 20, 21, 2, 5];0.0;-2195.214606975805;14.387975931167603;-2196.041125541125;1;89.3261890411377;[8, 14, 12, 22, 10, 19, 17, 16, 7, 18, 15, 13, 1, 3, 4, 11, 9, 20, 5, 6, 21, 2];-0.00037636752595704426;-2196.041125541125;1;5;260;14.6586434841156;0.0004200837338823593;0.2698820931644895;0.001556545411948928;1227858.0;1226462.0;124.5;0.035149632975719936
22;80;774;920.0;0.022664308547973633;920.0;1;0.02181529998779297;[7, 13, 3, 16, 14, 4, 8, 15, 17, 21, 12, 19, 18, 20, 9, 22, 2, 5, 6, 11, 10, 1];0.0;-1917.3059523809525;12.78096342086792;-1919.7683982683989;1;84.57697176933289;[7, 3, 13, 16, 8, 14, 4, 15, 17, 21, 12, 19, 5, 18, 20, 9, 22, 2, 6, 11, 10, 1];-0.0012826786239774624;-1919.7683982683982;1;6;306;17.06717610359192;0.0004055172813348662;0.2781520222541767;0.0014578980157990817;1303182.0;1297199.9999999912;101.5;0.02865612648221344
22;80;775;734.0;0.023705482482910156;734.0;1;0.02269291877746582;[17, 8, 16, 14, 20, 3, 9, 5, 11, 12, 6, 13, 4, 19, 1, 7, 10, 21, 15, 22, 18, 2];0.0;-1962.60565446898;14.396632671356201;-1967.056277056277;3;355.98100113868713;[17, 8, 16, 6, 14, 20, 3, 9, 5, 11, 12, 13, 4, 1, 19, 7, 10, 15, 21, 22, 18, 2];-0.0022625802012931073;-1967.0562770562774;5;5;290;33.36914038658142;0.0004044035587512651;0.271110298306206;0.0014916569428672563;1239320.0;1235206.0;136.5;0.038537549407114624
22;80;776;660.0;0.022626399993896484;660.0;1;0.02461838722229004;[5, 22, 21, 18, 14, 10, 13, 2, 16, 15, 11, 19, 1, 6, 20, 3, 12, 9, 4, 17, 7, 8];0.0;-2120.8373293373297;13.149091482162476;-2121.8463203463207;1;74.84068441390991;[5, 22, 18, 15, 21, 14, 10, 13, 2, 16, 11, 19, 1, 6, 20, 3, 12, 9, 4, 17, 7, 8];-0.0004755250176772252;-2121.8463203463198;1;5;242;15.177632093429565;0.00044773632324912604;0.27574963448926665;0.0016237059536938529;1276672.0;1273326.0000000033;127.0;0.03585544889892716
22;80;777;742.0;0.02288508415222168;742.0;1;0.021938562393188477;[12, 3, 21, 16, 1, 13, 18, 4, 9, 5, 19, 20, 22, 8, 15, 10, 17, 7, 2, 11, 6, 14];0.0;-2075.8986587389063;13.015603065490723;-2078.8203463203454;1;194.88547587394714;[12, 16, 1, 4, 18, 9, 5, 3, 19, 21, 20, 22, 15, 13, 17, 8, 10, 2, 7, 11, 6, 14];-0.00140545458226371;-2078.8203463203454;3;6;297;30.656132698059082;0.0007988341531868226;0.277888018803285;0.002874662090963741;1295796.0;1284806.0;425.5;0.12012987012987013
22;80;778;744.0;0.022835493087768555;744.0;1;0.02196955680847168;[9, 14, 7, 5, 20, 18, 11, 19, 21, 8, 16, 10, 6, 12, 13, 3, 4, 17, 15, 1, 2, 22];0.0;-2076.663626380607;12.653323888778687;-2077.785714285714;3;79.44067311286926;[9, 14, 7, 5, 20, 18, 11, 19, 21, 8, 16, 6, 10, 12, 13, 3, 4, 17, 15, 2, 22, 1];-0.0005400402444738495;-2077.7857142857147;7;9;362;28.647644758224487;0.00028645673480354183;0.2774476556014952;0.0010324712752843967;1294510.0;1292621.9999999972;16.5;0.004658385093167702
22;80;779;778.0;0.023377656936645508;778.0;1;0.022567033767700195;[21, 13, 11, 5, 8, 3, 22, 15, 14, 9, 18, 4, 10, 12, 7, 2, 16, 20, 17, 1, 6, 19];0.0;-2027.4537078502594;13.302070379257202;-2029.0822510822504;1;94.50924587249756;[21, 13, 3, 11, 5, 8, 22, 20, 15, 9, 14, 18, 4, 10, 12, 7, 17, 2, 16, 1, 6, 19];-0.0008026008956130148;-2029.0822510822513;1;5;262;17.08129119873047;0.0004982484012052701;0.277054329707683;0.0017983779633798417;1288460.0;1276642.0;212.0;0.059853190287972896
22;80;780;792.0;0.0232391357421875;792.0;1;0.022610187530517578;[17, 3, 19, 16, 8, 18, 13, 7, 22, 20, 9, 6, 11, 2, 4, 15, 5, 1, 21, 10, 14, 12];0.0;-2034.1808300395253;12.570291757583618;-2035.7813852813856;1;92.08398342132568;[17, 3, 19, 18, 16, 13, 7, 22, 20, 9, 6, 11, 2, 8, 4, 15, 5, 1, 10, 14, 21, 12];-0.0007862117481927111;-2035.7813852813842;1;7;362;15.436146020889282;0.0005600892125222634;0.2773018217626785;0.002019781943595023;1298176.0;1293514.0;171.0;0.04827780914737437
22;90;781;860.0;0.022927045822143555;860.0;1;0.022331714630126953;[22, 5, 15, 4, 21, 9, 18, 2, 12, 7, 13, 8, 14, 1, 10, 11, 16, 20, 17, 6, 19, 3];0.0;-2240.881848960509;15.913803339004517;-2243.1082251082257;1;129.91322135925293;[22, 5, 15, 4, 21, 9, 18, 2, 12, 7, 13, 8, 14, 1, 16, 10, 11, 20, 17, 6, 19, 3];-0.0009925406731585706;-2243.108225108225;3;7;378;33.45300364494324;6.168421298924365e-05;0.2744532441886577;0.00022475308379609553;1422624.0;1421470.0;15.5;0.004376058723884811
22;90;782;624.0;0.02315545082092285;624.0;1;0.023193836212158203;[14, 20, 12, 5, 4, 10, 11, 15, 1, 9, 7, 16, 8, 18, 21, 19, 3, 2, 17, 13, 22, 6];0.0;-2333.07760922722;18.197415828704834;-2339.538961038961;7;464.6710047721863;[14, 20, 12, 4, 5, 10, 7, 3, 11, 15, 1, 9, 16, 8, 18, 21, 19, 2, 17, 13, 6, 22];-0.002761805603302192;-2339.5389610389607;15;6;405;43.21867346763611;0.00025612032059163514;0.26779469922952015;0.0009564054902077088;1359098.0;1349848.0;201.0;0.056747600225861096
22;90;783;950.0;0.023267030715942383;950.0;1;0.0234835147857666;[4, 1, 7, 15, 10, 14, 19, 16, 6, 11, 2, 3, 18, 13, 9, 20, 5, 12, 8, 21, 22, 17];0.0;-2054.609540052431;17.64642882347107;-2058.0411255411254;5;452.6292495727539;[4, 7, 1, 15, 16, 10, 11, 14, 19, 2, 3, 18, 12, 13, 20, 8, 6, 9, 5, 21, 22, 17];-0.0016674037491802851;-2058.041125541125;13;8;492;73.21112251281738;0.0005757739106314608;0.2702503276891403;0.0021305206752376404;1380780.0;1372178.0000000098;262.0;0.07396950875211744
22;90;784;716.0;0.023688316345214844;716.0;1;0.022833585739135742;[5, 22, 7, 14, 2, 17, 19, 4, 1, 9, 15, 3, 16, 13, 11, 12, 10, 21, 6, 8, 20, 18];0.0;-2253.633496620339;17.254582166671753;-2255.573593073594;1;214.95171928405762;[5, 22, 7, 14, 2, 17, 19, 4, 1, 9, 3, 15, 16, 13, 11, 12, 10, 21, 6, 8, 20, 18];-0.0008601344062604266;-2255.573593073593;1;8;430;40.535306215286255;5.376692415626216e-06;0.26799889719838405;2.006236768820046e-05;1361864.0;1361843.9999999967;12.0;0.0033879164313946925
22;90;785;1004.0;0.02353072166442871;1004.0;1;0.022678375244140625;[7, 8, 6, 19, 5, 17, 4, 14, 18, 22, 10, 13, 3, 21, 15, 16, 12, 9, 2, 20, 1, 11];0.0;-2133.717053438365;14.822630405426025;-2134.826839826841;1;76.39562916755676;[7, 8, 6, 19, 5, 17, 4, 14, 3, 18, 22, 10, 16, 13, 21, 15, 12, 9, 2, 20, 1, 11];-0.0005198484334992814;-2134.8268398268397;5;6;342;18.370044231414795;0.0005231011717783396;0.27560284176336236;0.001898025319446756;1440780.0;1436032.0;82.0;0.023150762281197064
22;90;786;664.0;0.02315044403076172;664.0;1;0.022418498992919922;[21, 6, 15, 17, 5, 20, 22, 11, 8, 16, 9, 7, 12, 2, 1, 14, 19, 18, 3, 13, 4, 10];0.0;-2440.187659361863;15.74820327758789;-2446.1341991341997;5;419.18311977386475;[21, 6, 16, 17, 7, 15, 5, 8, 14, 20, 22, 11, 9, 12, 2, 1, 19, 18, 3, 13, 4, 10];-0.0024309949038942014;-2446.1341991341997;13;7;430;57.866849184036255;0.0012516976115650724;0.2758436881909881;0.0045377061906829805;1430340.0;1418257.9999999865;407.0;0.11490683229813664
22;90;787;744.0;0.022960186004638672;744.0;1;0.022253751754760742;[10, 11, 18, 16, 20, 7, 4, 15, 14, 12, 5, 6, 3, 22, 17, 21, 2, 8, 1, 9, 13, 19];0.0;-2289.2819438757942;16.726000785827637;-2295.0324675324673;1;437.8967070579529;[10, 11, 18, 15, 16, 20, 7, 14, 5, 21, 12, 2, 6, 3, 22, 17, 8, 1, 4, 9, 13, 19];-0.002505639348473254;-2295.032467532468;7;6;368;51.07359957695007;0.0018303557921416358;0.2729771985623972;0.006705159997908223;1399746.0;1382768.0;328.5;0.0927442123094297
22;90;788;816.0;0.023156166076660156;816.0;1;0.022475004196166992;[10, 7, 16, 14, 9, 11, 12, 4, 2, 21, 15, 22, 20, 17, 5, 6, 3, 1, 13, 8, 18, 19];0.0;-2264.109908609909;14.404710531234741;-2265.2489177489174;1;63.13823175430298;[10, 7, 16, 14, 9, 11, 12, 2, 4, 21, 15, 22, 20, 17, 5, 6, 3, 19, 1, 13, 8, 18];-0.0005028185335765878;-2265.248917748918;1;5;298;9.05113434791565;0.0003144599800540826;0.27300675172588423;0.0011518395719744689;1413490.0;1411384.0;32.0;0.009034443817052512
22;90;789;1102.0;0.022922039031982422;1102.0;1;0.02216315269470215;[22, 1, 14, 4, 19, 2, 18, 6, 16, 10, 8, 3, 12, 11, 7, 13, 20, 5, 9, 15, 21, 17];0.0;-2018.5609680812145;15.084718942642212;-2020.1969696969704;1;120.48315501213074;[22, 1, 19, 2, 6, 14, 16, 4, 18, 10, 3, 8, 11, 12, 7, 13, 20, 5, 9, 15, 17, 21];-0.0008098228243562655;-2020.1969696969695;3;6;363;22.644471883773804;0.0004964792580981481;0.27506636100965093;0.0018049435644394507;1433030.0;1431153.9999999956;190.0;0.053642010163749296
22;90;790;590.0;0.022560596466064453;590.0;1;0.0223543643951416;[22, 16, 3, 5, 10, 2, 21, 9, 13, 11, 19, 15, 4, 18, 20, 6, 12, 1, 17, 8, 7, 14];0.0;-2422.244190048788;16.122625589370728;-2424.374458874459;3;165.01514434814453;[22, 16, 3, 5, 10, 2, 13, 21, 18, 9, 11, 19, 15, 20, 6, 4, 12, 1, 8, 17, 7, 14];-0.0008786880334731295;-2424.37445887446;7;7;367;49.11949944496155;0.00018936592638318928;0.2699518995564151;0.0007014802514609282;1382242.0;1378768.0;119.5;0.03373800112930548
22;100;791;1080.0;0.02361917495727539;1080.0;1;0.02294635772705078;[18, 9, 1, 13, 3, 19, 10, 4, 7, 5, 22, 12, 14, 16, 8, 2, 6, 17, 20, 21, 11, 15];0.0;-2293.309604936997;17.42699122428894;-2298.7056277056276;7;555.8403360843658;[18, 9, 1, 13, 3, 19, 10, 4, 7, 5, 22, 8, 2, 6, 20, 12, 14, 21, 15, 16, 11, 17];-0.0023474179136266926;-2298.7056277056286;11;7;471;62.441208839416504;0.000630561569867405;0.27166631698443383;0.0023210885208987298;1551200.0;1545810.0;153.0;0.04319593450028233
22;100;792;590.0;0.0226900577545166;590.0;1;0.02245306968688965;[15, 21, 19, 17, 9, 11, 8, 7, 13, 3, 16, 22, 5, 6, 20, 18, 1, 2, 10, 4, 12, 14];0.0;-2776.7106131789446;18.76297903060913;-2778.2792207792204;3;199.30188035964966;[15, 21, 3, 19, 17, 9, 11, 6, 8, 7, 16, 22, 5, 14, 13, 20, 18, 1, 2, 10, 4, 12];-0.0005645968153754621;-2778.2792207792204;1;6;376;27.904112100601196;0.001308618937248207;0.2720450633945437;0.004810302090835343;1549224.0;1539182.0;311.5;0.08794466403162056
22;100;793;908.0;0.02262258529663086;908.0;1;0.022124767303466797;[1, 15, 16, 18, 10, 13, 11, 8, 6, 4, 3, 20, 2, 7, 21, 12, 9, 17, 14, 19, 5, 22];0.0;-2418.722352060452;19.624786376953125;-2425.160173160173;3;450.05095386505127;[1, 15, 16, 18, 10, 13, 11, 8, 6, 3, 20, 2, 4, 7, 21, 5, 12, 9, 17, 14, 19, 22];-0.0026545962493405018;-2425.160173160173;9;6;424;63.95551609992981;0.0005076573255144989;0.26968990914193997;0.0018823741946062758;1529720.0;1523928.0;67.5;0.019057029926595144
22;100;794;1216.0;0.023014545440673828;1216.0;1;0.022443771362304688;[9, 13, 8, 22, 12, 17, 2, 6, 11, 15, 10, 4, 5, 7, 19, 16, 14, 3, 1, 18, 21, 20];0.0;-2265.3753821631085;16.59726309776306;-2266.738095238096;1;90.58488774299622;[9, 13, 8, 12, 6, 22, 10, 17, 2, 4, 5, 15, 7, 19, 14, 3, 1, 18, 11, 16, 21, 20];-0.0006011780001624611;-2266.738095238096;3;7;422;20.008761882781982;0.0013680937551932004;0.2766891495748038;0.004944515378704187;1602202.0;1590932.0;290.0;0.0818746470920384
22;100;795;938.0;0.02288532257080078;938.0;1;0.022273778915405273;[17, 10, 15, 7, 3, 22, 21, 1, 14, 19, 11, 9, 2, 12, 4, 5, 13, 16, 18, 20, 8, 6];0.0;-2529.579366165814;17.794209003448486;-2530.2813852813856;1;114.9609146118164;[17, 7, 10, 3, 15, 21, 1, 14, 19, 2, 16, 11, 12, 22, 9, 4, 18, 5, 13, 20, 8, 6];-0.000277447053776414;-2530.281385281386;1;5;334;11.368669509887695;0.00105027009334413;0.27603487061000714;0.0038048457103377806;1594214.0;1581520.0000000023;293.0;0.08272162619988707
22;100;796;708.0;0.02344059944152832;708.0;1;0.02288341522216797;[10, 19, 8, 13, 22, 20, 3, 6, 18, 5, 11, 15, 2, 16, 7, 12, 9, 1, 4, 14, 21, 17];0.0;-2614.537798635047;20.225358486175537;-2618.861471861471;1;401.62207531929016;[10, 19, 13, 22, 20, 6, 8, 3, 18, 5, 11, 15, 2, 16, 7, 12, 9, 1, 4, 14, 21, 17];-0.0016509743920707365;-2618.861471861472;5;6;399;52.835286140441895;0.00014392763048276525;0.26921981259122896;0.0005346100983336556;1525316.0;1523798.0;93.5;0.026397515527950312
22;100;797;754.0;0.023014307022094727;754.0;1;0.022779464721679688;[16, 10, 21, 4, 19, 1, 18, 8, 14, 6, 17, 12, 22, 15, 13, 5, 20, 2, 3, 11, 9, 7];0.0;-2706.928443572458;17.89273953437805;-2710.8203463203477;5;354.89309883117676;[16, 10, 21, 4, 19, 1, 8, 22, 14, 18, 2, 6, 17, 12, 15, 11, 13, 5, 20, 3, 9, 7];-0.0014356918757719717;-2710.820346320346;5;7;449;54.04029417037964;0.0005092283303879119;0.2753881550774405;0.0018491293870090905;1590352.0;1586376.0;203.0;0.05731225296442688
22;100;798;936.0;0.02318716049194336;936.0;1;0.02268671989440918;[4, 3, 8, 22, 14, 2, 18, 13, 20, 7, 17, 5, 15, 21, 11, 9, 10, 1, 6, 12, 19, 16];0.0;-2443.4892527969023;18.337098598480225;-2447.896103896104;1;391.74221563339233;[4, 3, 8, 22, 14, 18, 13, 20, 9, 2, 7, 17, 5, 15, 10, 21, 11, 1, 6, 12, 19, 16];-0.0018002606778071417;-2447.8961038961043;3;7;484;56.50024604797363;0.0005396763096532364;0.27206401654643597;0.0019836372207683124;1553220.0;1547288.0;155.0;0.04376058723884811
22;100;799;778.0;0.02391648292541504;778.0;1;0.022762298583984375;[6, 14, 5, 17, 21, 18, 10, 1, 11, 4, 12, 16, 15, 3, 19, 7, 8, 22, 9, 2, 20, 13];0.0;-2492.234736546005;19.787130117416382;-2499.1666666666674;13;783.7035326957703;[6, 14, 5, 17, 21, 18, 1, 11, 4, 15, 10, 16, 3, 19, 7, 8, 22, 12, 9, 2, 20, 13];-0.0027736966138028896;-2499.1666666666665;19;7;506;85.63512873649597;0.0007653256089442673;0.26752853881988764;0.002860725111123637;1505004.0;1500004.0;147.0;0.041501976284584984
22;100;800;790.0;0.02298903465270996;790.0;1;0.023064136505126953;[4, 14, 1, 5, 20, 18, 17, 11, 10, 22, 3, 7, 19, 15, 9, 21, 13, 6, 8, 12, 16, 2];0.0;-2580.037591814854;20.273203134536743;-2584.246753246753;3;362.9161784648895;[4, 14, 1, 5, 20, 18, 17, 11, 22, 3, 7, 15, 9, 21, 8, 12, 19, 10, 6, 16, 2, 13];-0.0016287769063116908;-2584.2467532467535;7;7;465;72.02849745750427;0.000883396064108477;0.27246258213581054;0.0032422656248194226;1550220.0;1536418.0;195.0;0.05505364201016375
23;10;801;228.0;0.025084495544433594;228.0;1;0.025046348571777344;[7, 12, 21, 19, 6, 5, 22, 15, 20, 10, 1, 9, 16, 18, 13, 3, 2, 23, 17, 8, 4, 14, 11];0.0;-230.90867205474606;1.7207520008087158;-231.08695652173924;1;12.82105016708374;[7, 12, 19, 6, 5, 9, 21, 15, 22, 20, 10, 1, 18, 13, 2, 3, 23, 8, 4, 14, 17, 11, 16];-0.0007715038082489745;-231.0869565217392;1;6;42;11.130443096160889;0.0033548843279512797;0.30499245951085174;0.010999892696796038;232572.0;228768.0;291.0;0.07188735177865613
23;10;802;246.0;0.025948524475097656;246.0;1;0.025142669677734375;[17, 23, 22, 9, 18, 21, 11, 10, 4, 2, 1, 12, 8, 6, 15, 7, 20, 5, 14, 3, 13, 19, 16];0.0;-228.6284584980237;1.640181064605713;-228.8260869565218;1;6.221319198608398;[17, 9, 22, 4, 2, 18, 23, 11, 21, 10, 1, 12, 8, 6, 15, 7, 20, 5, 14, 3, 13, 19, 16];-0.0008636622735049837;-228.82608695652175;1;7;48;6.240614175796509;0.0011614574249796394;0.30776391924906776;0.003773858312610365;239348.0;237711.99999999945;291.5;0.07201086956521739
23;10;803;366.0;0.025292634963989258;366.0;1;0.024918079376220703;[12, 1, 22, 5, 4, 19, 13, 23, 3, 14, 11, 17, 15, 6, 16, 7, 8, 20, 10, 18, 9, 2, 21];0.0;-143.1429512516467;1.6204583644866943;-143.27470355731202;1;4.092365264892578;[12, 14, 1, 22, 5, 4, 16, 13, 23, 3, 11, 19, 17, 15, 7, 6, 8, 20, 10, 18, 9, 2, 21];-0.0009195782813998798;-143.274703557312;1;6;38;3.1173107624053955;0.0019441386577100372;0.31847379859937214;0.006104548211690373;257166.0;254074.0;360.5;0.08905632411067194
23;10;804;178.0;0.025357961654663086;178.0;1;0.025117158889770508;[8, 19, 22, 3, 18, 20, 10, 23, 21, 14, 7, 4, 9, 6, 16, 11, 2, 5, 17, 13, 12, 15, 1];0.0;-271.5553359683796;1.6691310405731201;-271.5553359683796;1;1.8783082962036133;[19, 3, 18, 23, 4, 8, 22, 20, 10, 21, 14, 7, 6, 9, 16, 11, 2, 5, 17, 12, 13, 15, 1];0.0;-271.55533596837955;1;6;35;0.37322330474853516;0.0015924317980714475;0.30003505360556093;0.0053074858385211456;226822.0;222948.0;331.5;0.08189229249011858
23;10;805;264.0;0.025894880294799805;264.0;1;0.026541948318481445;[22, 19, 7, 8, 23, 14, 21, 5, 4, 6, 2, 10, 12, 20, 3, 1, 13, 17, 15, 16, 11, 18, 9];0.0;-220.0219607070755;1.6949045658111572;-220.401185770751;1;20.718252658843994;[19, 22, 7, 8, 2, 23, 14, 5, 21, 4, 10, 6, 12, 20, 1, 13, 15, 11, 18, 17, 3, 16, 9];-0.0017206126289627255;-220.4011857707511;1;8;52;20.067739725112915;0.001717228481671551;0.31093305862378146;0.005522823752714374;244482.0;242540.0;233.5;0.05768280632411067
23;10;806;308.0;0.02584362030029297;308.0;1;0.02623152732849121;[16, 7, 20, 11, 10, 15, 13, 14, 3, 9, 21, 1, 6, 12, 23, 18, 8, 22, 19, 2, 17, 5, 4];0.0;-189.70355731225285;1.650796890258789;-189.75098814229256;1;4.087334871292114;[16, 7, 11, 20, 10, 15, 13, 3, 9, 12, 21, 23, 1, 6, 8, 19, 2, 4, 14, 5, 17, 18, 22];-0.00024996354698370027;-189.7509881422925;1;5;37;1.003800630569458;0.0038160243697694662;0.3170930290998643;0.01203440006424001;252368.0;247256.0;315.5;0.0779397233201581
23;10;807;336.0;0.025269746780395508;336.0;1;0.025052785873413086;[2, 17, 13, 8, 3, 22, 10, 5, 16, 20, 9, 6, 15, 19, 11, 7, 1, 12, 23, 18, 14, 4, 21];0.0;-139.83540288519885;1.6360011100769043;-139.98616600790524;1;8.260713338851929;[2, 17, 13, 8, 3, 22, 10, 5, 6, 16, 20, 9, 15, 11, 7, 1, 12, 23, 14, 19, 18, 4, 21];-0.0010769858694313905;-139.9861660079052;1;6;43;5.223423480987549;0.0009613233725512815;0.3073779999359159;0.003127495698298851;239824.0;239303.99999999604;100.5;0.024827075098814228
23;10;808;214.0;0.025889873504638672;214.0;1;0.02597332000732422;[18, 3, 22, 1, 21, 2, 23, 19, 6, 17, 16, 20, 8, 12, 15, 13, 9, 10, 7, 5, 11, 14, 4];0.0;-247.40677132624495;1.6581261157989502;-247.51976284584975;1;8.299458980560303;[3, 19, 22, 18, 1, 21, 2, 23, 6, 15, 17, 8, 16, 13, 9, 20, 11, 12, 10, 7, 5, 14, 4];-0.00045649494127530943;-247.51976284584958;1;7;50;9.84356427192688;0.0038498556304138454;0.30513821625743875;0.012616759964165886;234070.0;229990.0;327.0;0.0807806324110672
23;10;809;318.0;0.025616168975830078;318.0;1;0.025355100631713867;[10, 12, 8, 5, 20, 6, 14, 17, 4, 11, 23, 21, 3, 15, 9, 1, 7, 19, 16, 22, 18, 2, 13];0.0;-161.64723320158112;1.661438226699829;-161.6521739130435;1;1.9355337619781494;[12, 8, 5, 6, 20, 14, 4, 11, 23, 10, 17, 21, 3, 15, 9, 1, 7, 19, 22, 18, 2, 13, 16];-3.0563841752262455e-05;-161.65217391304355;1;4;26;0.18981504440307617;0.0025909424506773693;0.3106784675880266;0.008339626723384879;242556.0;240148.0000000006;273.5;0.06756422924901186
23;10;810;302.0;0.025568485260009766;302.0;1;0.026011943817138672;[18, 10, 4, 21, 1, 9, 3, 20, 5, 23, 14, 2, 13, 11, 12, 22, 6, 15, 16, 7, 19, 17, 8];0.0;-159.86520199168444;1.6343822479248047;-160.01976284584975;1;7.703997850418091;[18, 10, 4, 1, 11, 9, 3, 20, 5, 6, 23, 14, 2, 13, 12, 22, 21, 15, 16, 7, 8, 17, 19];-0.0009658860344281539;-160.01976284584973;1;5;34;4.721498966217041;0.0014515354639889066;0.3027961851303241;0.004793770645968221;233038.0;231248.0;438.5;0.10832509881422925
23;20;811;426.0;0.025957822799682617;426.0;1;0.025398969650268555;[2, 17, 11, 7, 13, 21, 12, 9, 6, 20, 10, 3, 19, 5, 18, 23, 16, 22, 8, 1, 4, 14, 15];0.0;-434.7826086956524;3.3893260955810547;-435.51383399209465;1;31.33709406852722;[2, 17, 11, 7, 13, 21, 12, 6, 9, 10, 20, 3, 19, 5, 18, 22, 15, 23, 8, 1, 16, 4, 14];-0.0016789944184769645;-435.5138339920951;3;6;84;13.376030921936035;0.00056397603102043;0.29243127310006206;0.0019285763285223352;433582.0;430970.00000000006;92.5;0.022850790513833992
23;20;812;448.0;0.026216745376586914;448.0;1;0.025816917419433594;[11, 4, 7, 18, 5, 23, 1, 15, 8, 20, 10, 9, 17, 21, 12, 3, 2, 6, 19, 14, 22, 13, 16];0.0;-391.757759215035;3.718621253967285;-393.08300395256924;3;78.44440293312073;[4, 11, 7, 18, 5, 1, 23, 15, 8, 20, 10, 9, 3, 22, 17, 21, 12, 2, 6, 14, 13, 19, 16];-0.0033714119516959906;-393.0830039525692;3;7;97;34.18264842033386;0.0005511850478528979;0.2898182764334525;0.0019018298453633237;423268.0;420676.0;142.0;0.03507905138339921
23;20;813;496.0;0.025757312774658203;496.0;1;0.02549290657043457;[15, 13, 23, 1, 2, 4, 5, 11, 12, 20, 7, 17, 9, 3, 8, 22, 6, 19, 16, 14, 18, 10, 21];0.0;-353.4459049095388;3.6306066513061523;-354.2588932806325;1;43.02211260795593;[5, 13, 11, 15, 1, 23, 2, 4, 12, 20, 7, 17, 9, 3, 8, 6, 22, 19, 16, 14, 18, 10, 21];-0.002294898975054638;-354.25889328063255;3;8;114;42.10070013999939;0.001378485451505873;0.2918617196886413;0.004723077260616584;428758.0;426312.0;284.0;0.07015810276679842
23;20;814;440.0;0.025705337524414062;440.0;1;0.025035381317138672;[12, 3, 20, 9, 16, 23, 4, 2, 21, 7, 18, 10, 22, 15, 17, 6, 11, 19, 5, 14, 13, 8, 1];0.0;-436.4280193236713;3.454275608062744;-436.9347826086956;1;18.225178956985474;[12, 3, 20, 9, 16, 23, 4, 2, 21, 7, 18, 10, 22, 15, 17, 8, 6, 11, 19, 5, 14, 13, 1];-0.0011598144739100036;-436.93478260869574;1;5;67;8.452274084091187;0.0005646350856284288;0.29496596639076667;0.001914238081556868;441362.0;439756.0;40.5;0.01000494071146245
23;20;815;418.0;0.02535724639892578;418.0;1;0.025182008743286133;[14, 5, 20, 1, 11, 3, 13, 2, 21, 12, 18, 4, 22, 19, 23, 16, 15, 9, 17, 6, 10, 8, 7];0.0;-461.36352499586224;3.4812967777252197;-462.1106719367592;1;28.59693694114685;[14, 5, 20, 1, 11, 2, 3, 13, 21, 18, 22, 19, 10, 12, 8, 16, 4, 23, 15, 9, 17, 6, 7];-0.0016168138635829221;-462.1106719367591;3;5;69;14.314618825912476;0.0011831708217140413;0.2969774867953327;0.003984042138956629;443622.0;440358.0;252.5;0.062376482213438736
23;20;816;472.0;0.02534770965576172;472.0;1;0.02571725845336914;[14, 23, 10, 5, 18, 15, 13, 3, 11, 8, 22, 4, 20, 1, 19, 9, 7, 12, 21, 2, 16, 6, 17];0.0;-441.55928853754943;3.2917652130126953;-441.63241106719363;1;6.545300483703613;[14, 23, 5, 10, 18, 15, 13, 3, 11, 8, 4, 22, 19, 20, 7, 1, 12, 21, 9, 2, 16, 6, 17];-0.00016557328631627843;-441.6324110671937;1;4;46;0.5163736343383789;0.0003555196293614227;0.3007937806338466;0.0011819380992926624;459652.0;458262.0;88.0;0.021739130434782608
23;20;817;320.0;0.025628328323364258;320.0;1;0.025855064392089844;[19, 7, 17, 18, 9, 1, 3, 22, 8, 10, 12, 2, 13, 23, 6, 15, 14, 5, 16, 11, 21, 20, 4];0.0;-507.5248189241788;3.514508008956909;-508.10671936758916;0;20.168269395828247;[19, 7, 17, 18, 9, 23, 1, 3, 22, 6, 14, 8, 13, 10, 12, 2, 5, 15, 16, 11, 20, 4, 21];-0.001145232726177281;-508.10671936758916;1;7;92;25.3039653301239;0.002431883146084779;0.2882620250898525;0.008436363219632384;418666.0;412106.0;322.0;0.07954545454545454
23;20;818;396.0;0.02535390853881836;396.0;1;0.02570033073425293;[15, 22, 2, 20, 7, 18, 10, 5, 4, 11, 19, 14, 8, 6, 23, 13, 3, 1, 21, 17, 12, 9, 16];0.0;-492.3450004204863;3.379807233810425;-492.96442687747026;1;24.622124671936035;[15, 22, 2, 20, 7, 10, 4, 18, 5, 11, 19, 14, 23, 13, 12, 8, 3, 1, 21, 9, 16, 6, 17];-0.0012565337846129898;-492.96442687747026;3;7;90;21.00929093360901;0.001128745123290753;0.29811561801341424;0.0037862663177880306;448032.0;443810.0;187.5;0.04631916996047431
23;20;819;450.0;0.02608013153076172;450.0;1;0.02521538734436035;[9, 7, 1, 20, 10, 21, 18, 6, 15, 8, 4, 17, 5, 22, 3, 13, 19, 2, 11, 12, 16, 14, 23];0.0;-397.04952793551604;3.550402879714966;-398.47826086956513;1;42.13623857498169;[9, 7, 1, 20, 10, 21, 18, 17, 6, 4, 11, 15, 16, 8, 13, 5, 19, 22, 3, 2, 12, 14, 23];-0.0035854727204723824;-398.47826086956525;3;6;87;22.013070821762085;0.0011772262325884242;0.2910060902997516;0.004045366306168435;427648.0;423390.0;305.0;0.07534584980237154
23;20;820;400.0;0.02570199966430664;400.0;1;0.025485754013061523;[17, 11, 10, 4, 9, 1, 7, 21, 14, 18, 20, 13, 15, 8, 23, 19, 2, 5, 16, 22, 12, 3, 6];0.0;-457.64319080129354;3.424133062362671;-457.65810276679844;1;5.728797197341919;[17, 11, 10, 4, 9, 1, 20, 7, 21, 8, 14, 2, 18, 13, 15, 23, 19, 22, 3, 6, 5, 16, 12];-3.2583200023639236e-05;-457.65810276679844;1;6;76;3.8158130645751953;0.002368867937993735;0.2924958253917385;0.008098809392650714;433530.0;430029.9999999977;215.0;0.05311264822134387
23;30;821;416.0;0.025282621383666992;416.0;1;0.025104999542236328;[1, 21, 22, 18, 2, 14, 15, 17, 23, 8, 11, 9, 6, 16, 19, 13, 12, 10, 20, 4, 7, 5, 3];0.0;-873.6984172195297;5.29070782661438;-873.7944664031622;1;16.94950556755066;[1, 21, 22, 18, 2, 14, 15, 17, 23, 8, 11, 9, 6, 16, 19, 13, 12, 10, 20, 4, 7, 5, 3];-0.00010992194082881657;-873.7944664031621;1;4;82;4.466463088989258;0.0;0.29173537353735374;0.0;648236.0;648236.0;0.0;0.0
23;30;822;472.0;0.02549600601196289;472.0;1;0.025385618209838867;[13, 10, 2, 18, 8, 7, 15, 21, 17, 3, 14, 6, 4, 23, 5, 22, 16, 9, 1, 19, 12, 20, 11];0.0;-742.7772360669833;5.727920770645142;-743.9703557312255;3;55.70497941970825;[13, 10, 2, 18, 8, 7, 15, 5, 21, 3, 17, 14, 6, 4, 23, 22, 16, 9, 1, 19, 20, 11, 12];-0.0016037193620026535;-743.9703557312254;5;7;115;25.197027921676636;0.00044711296946053913;0.28454566386871244;0.0015713223789164267;611712.0;607994.0;121.5;0.030014822134387352
23;30;823;528.0;0.025499820709228516;528.0;1;0.025003433227539062;[1, 19, 23, 16, 6, 5, 15, 2, 20, 11, 12, 10, 9, 17, 13, 3, 18, 8, 21, 14, 7, 4, 22];0.0;-723.402371541502;5.47275710105896;-723.4565217391305;1;19.249930381774902;[1, 19, 23, 16, 6, 5, 15, 2, 20, 11, 13, 12, 10, 9, 17, 3, 8, 21, 18, 14, 7, 4, 22];-7.48492770489273e-05;-723.4565217391304;1;6;104;3.3706300258636475;0.0004024936661725098;0.28756495026665296;0.0013996617661480853;629530.0;627892.0;62.5;0.015439723320158102
23;30;824;532.0;0.025307655334472656;532.0;1;0.024734020233154297;[15, 21, 13, 7, 10, 9, 6, 5, 4, 11, 2, 20, 22, 1, 17, 23, 8, 18, 12, 19, 14, 16, 3];0.0;-689.4992018850713;5.558093786239624;-690.3438735177833;1;34.1353862285614;[15, 21, 13, 7, 10, 9, 4, 6, 5, 11, 22, 2, 20, 1, 17, 23, 8, 18, 12, 19, 14, 16, 3];-0.0012235520080852158;-690.3438735177865;1;7;127;20.760240077972412;0.0004761114306418568;0.2835879675531596;0.0016788844560290024;614952.0;614212.0000000382;59.0;0.01457509881422925
23;30;825;420.0;0.02545619010925293;420.0;1;0.024723291397094727;[21, 13, 4, 22, 19, 18, 11, 3, 9, 8, 10, 2, 14, 23, 20, 6, 1, 12, 16, 15, 5, 7, 17];0.0;-813.9529456051195;5.643253803253174;-814.6264822134392;1;30.8266499042511;[21, 4, 22, 13, 19, 18, 11, 2, 3, 9, 8, 14, 23, 20, 10, 6, 1, 12, 16, 15, 5, 7, 17];-0.0008268042139872867;-814.6264822134389;1;5;101;9.064685821533203;0.00025039349854572013;0.2860904568464759;0.000875224924682085;620812.0;616384.0;140.5;0.034708498023715416
23;30;826;468.0;0.025648117065429688;468.0;1;0.0255429744720459;[23, 6, 15, 16, 7, 20, 11, 12, 14, 3, 1, 10, 17, 4, 21, 2, 5, 22, 19, 9, 8, 18, 13];0.0;-753.1990657563782;5.589315176010132;-753.7549407114625;1;19.643989086151123;[23, 6, 15, 16, 7, 20, 11, 12, 14, 1, 3, 10, 4, 21, 5, 17, 2, 22, 19, 9, 8, 18, 13];-0.0007374743766980218;-753.7549407114625;1;5;102;9.176966667175293;0.0001743640877142072;0.2840330927067485;0.0006138865230546581;614196.0;613926.0;54.0;0.0133399209486166
23;30;827;352.0;0.02599024772644043;352.0;1;0.024865388870239258;[10, 21, 9, 19, 8, 23, 12, 18, 15, 16, 22, 13, 20, 6, 4, 14, 17, 7, 2, 3, 5, 1, 11];0.0;-875.1492094861662;5.627639532089233;-876.227272727273;1;34.68747019767761;[10, 21, 9, 19, 8, 23, 12, 15, 20, 16, 13, 6, 4, 18, 14, 17, 7, 3, 5, 22, 2, 1, 11];-0.0012303465946126302;-876.2272727272727;9;8;151;21.549543619155884;0.0017884152302171108;0.28636610337030904;0.006245205731994246;619964.0;614165.9999999992;228.5;0.056447628458498024
23;30;828;456.0;0.025659561157226562;456.0;1;0.026504039764404297;[11, 5, 13, 21, 1, 19, 20, 8, 3, 2, 17, 16, 12, 7, 22, 23, 18, 9, 14, 4, 15, 6, 10];0.0;-760.9302250544489;5.654490232467651;-761.3656126482213;1;18.753031253814697;[11, 5, 21, 18, 13, 1, 19, 20, 8, 3, 2, 17, 16, 12, 7, 22, 23, 9, 14, 4, 15, 6, 10];-0.0005718508776065834;-761.3656126482215;1;4;83;5.644141435623169;0.0004349123282759715;0.2839263650083107;0.0015317785942958885;612388.0;606666.0;242.5;0.05990612648221344
23;30;829;360.0;0.025389671325683594;360.0;1;0.025939464569091797;[13, 3, 17, 11, 19, 14, 22, 16, 5, 9, 12, 10, 21, 6, 1, 18, 23, 15, 7, 20, 8, 2, 4];0.0;-878.0162055335967;5.51478123664856;-878.1916996047428;1;12.28352952003479;[13, 3, 11, 17, 19, 14, 22, 16, 9, 12, 5, 10, 21, 6, 1, 18, 23, 15, 7, 20, 8, 2, 4];-0.00019983572063486665;-878.1916996047432;1;5;100;1.796860694885254;0.0002995927733820958;0.2868224017098151;0.0010445236201780388;622690.0;622225.9999999545;50.5;0.012475296442687748
23;30;830;688.0;0.02548503875732422;688.0;1;0.025181293487548828;[3, 23, 20, 4, 19, 8, 12, 9, 1, 11, 15, 7, 16, 14, 5, 17, 2, 13, 10, 21, 22, 6, 18];0.0;-614.0775142731662;5.438567876815796;-614.3102766798418;1;15.87077784538269;[3, 23, 20, 4, 19, 8, 9, 15, 12, 1, 11, 7, 16, 14, 5, 17, 2, 10, 13, 21, 6, 18, 22];-0.0003789003953076353;-614.3102766798415;1;5;95;7.170065641403198;0.0004977711408277186;0.2939295605664757;0.0016935048651397608;655338.0;653544.0000000027;75.5;0.018651185770750988
23;40;831;500.0;0.025109529495239258;500.0;1;0.024661779403686523;[21, 11, 4, 15, 8, 10, 23, 14, 1, 6, 7, 13, 20, 19, 17, 9, 3, 22, 18, 12, 2, 16, 5];0.0;-1060.8264668263082;7.9046173095703125;-1061.1719367588937;1;31.578344583511353;[21, 11, 4, 15, 10, 14, 8, 23, 3, 1, 6, 7, 13, 20, 19, 17, 9, 22, 18, 12, 2, 16, 5];-0.00032555509679299544;-1061.1719367588933;1;4;105;4.3618004322052;0.00037799406892946585;0.2782754165876584;0.001358345173154724;785136.0;783356.0;161.0;0.03977272727272727
23;40;832;688.0;0.025304317474365234;688.0;1;0.025016069412231445;[7, 10, 1, 3, 5, 4, 22, 23, 15, 19, 8, 2, 6, 20, 12, 13, 11, 17, 18, 14, 16, 9, 21];0.0;-872.6867588932809;7.8471901416778564;-873.6778656126482;1;62.50791549682617;[7, 10, 1, 3, 15, 4, 8, 19, 22, 23, 2, 5, 6, 20, 12, 13, 11, 17, 14, 18, 16, 9, 21];-0.001134407495458789;-873.6778656126485;3;6;158;24.836200714111328;0.0017508602727733802;0.28016016464328175;0.00624949758650624;788190.0;781608.0;263.0;0.0649703557312253
23;40;833;664.0;0.025684356689453125;664.0;1;0.02460002899169922;[21, 20, 12, 1, 10, 3, 7, 2, 22, 17, 8, 18, 13, 6, 4, 5, 19, 23, 11, 14, 16, 9, 15];0.0;-968.7139781141582;7.6103808879852295;-969.337944664032;1;36.09329676628113;[21, 1, 3, 7, 22, 20, 12, 10, 8, 17, 18, 14, 13, 2, 16, 4, 6, 5, 19, 23, 9, 15, 11];-0.0006437038324028643;-969.3379446640316;1;7;178;19.29152011871338;0.0022213185362035537;0.286675431268789;0.007748548685781269;825340.0;810668.0;467.0;0.11536561264822134
23;40;834;728.0;0.02584528923034668;728.0;1;0.025694847106933594;[5, 17, 15, 7, 6, 4, 13, 21, 18, 14, 12, 16, 1, 8, 11, 23, 9, 2, 3, 10, 20, 19, 22];0.0;-877.3717885375496;7.769128322601318;-877.498023715415;1;26.92726182937622;[5, 17, 15, 7, 6, 4, 11, 13, 21, 18, 14, 12, 1, 2, 16, 23, 8, 9, 3, 10, 20, 19, 22];-0.00014385807654693217;-877.4980237154152;1;4;107;3.1242737770080566;0.0009587886523855227;0.2828262762694496;0.0033900267861677793;808688.0;805710.0;181.0;0.044713438735177864
23;40;835;828.0;0.025606870651245117;828.0;1;0.025111913681030273;[21, 13, 8, 19, 10, 1, 17, 7, 6, 12, 11, 3, 20, 23, 4, 14, 15, 16, 18, 2, 5, 9, 22];0.0;-845.9792490118575;7.184885025024414;-846.0098814229261;1;12.323803663253784;[21, 13, 8, 19, 10, 1, 17, 7, 6, 20, 12, 11, 3, 4, 15, 23, 14, 16, 18, 2, 5, 9, 22];-3.620810080506853e-05;-846.0098814229249;1;5;112;1.6938436031341553;0.0001499883903217647;0.28807037661415236;0.0005206657903692137;841576.0;840254.0;68.5;0.01692193675889328
23;40;836;656.0;0.025785446166992188;656.0;1;0.026072025299072266;[19, 18, 8, 17, 14, 5, 7, 2, 16, 6, 13, 15, 4, 23, 11, 22, 12, 9, 21, 1, 3, 10, 20];0.0;-1000.7949314112997;7.3658647537231445;-1001.2233201581005;1;18.716188669204712;[19, 18, 8, 17, 5, 14, 7, 2, 16, 6, 13, 4, 23, 11, 22, 12, 9, 15, 1, 21, 3, 10, 20];-0.0004278653305170854;-1001.223320158103;3;4;93;2.3388147354125977;0.00013490731626808472;0.28644824544965347;0.00047096576226645525;833076.0;831785.9999999945;88.5;0.021862648221343872
23;40;837;488.0;0.02556896209716797;488.0;1;0.025002479553222656;[2, 21, 3, 19, 4, 20, 13, 10, 22, 18, 14, 6, 15, 12, 1, 23, 16, 11, 7, 5, 8, 9, 17];0.0;-1057.886595232213;8.221975088119507;-1058.1007905138342;1;53.96496558189392;[2, 3, 19, 4, 20, 21, 13, 10, 22, 18, 6, 14, 15, 12, 1, 16, 11, 23, 7, 5, 8, 9, 17];-0.00020243372232731094;-1058.1007905138342;1;6;144;22.3493971824646;0.0005286632449585937;0.2769784620972437;0.00190867997805904;777840.0;776766.0;113.5;0.028038537549407116
23;40;838;770.0;0.025946378707885742;770.0;1;0.025828123092651367;[15, 3, 7, 14, 8, 13, 17, 6, 5, 11, 9, 2, 21, 18, 1, 22, 16, 4, 10, 19, 23, 20, 12];0.0;-822.6600790513836;7.610424995422363;-822.6600790513836;1;8.786760568618774;[15, 3, 7, 14, 8, 13, 17, 6, 11, 9, 2, 21, 5, 18, 1, 22, 16, 4, 10, 19, 23, 20, 12];0.0;-822.6600790513835;1;4;107;0.7536022663116455;0.0003330045481203525;0.28060442986973855;0.0011867401675552272;800918.0;799224.0000000398;57.0;0.01408102766798419
23;40;839;518.0;0.026230335235595703;518.0;1;0.025582313537597656;[6, 5, 4, 23, 12, 3, 15, 14, 19, 22, 10, 1, 7, 20, 16, 18, 17, 9, 2, 11, 21, 13, 8];0.0;-1008.4979051058439;8.358408212661743;-1009.9940711462455;1;136.5203857421875;[5, 6, 4, 23, 3, 12, 22, 14, 1, 18, 19, 10, 15, 7, 20, 9, 16, 17, 2, 11, 21, 13, 8];-0.0014813612110649022;-1009.994071146245;5;9;222;54.08092713356018;0.0006431188994466819;0.2753932908212145;0.0023352743907773523;768938.0;763596.0;278.0;0.06867588932806325
23;40;840;546.0;0.025593042373657227;546.0;1;0.025271177291870117;[10, 21, 2, 7, 17, 5, 4, 9, 8, 22, 18, 11, 19, 13, 20, 3, 15, 1, 23, 16, 12, 6, 14];0.0;-1008.1123691778397;8.503254890441895;-1009.0928853754949;1;52.904831409454346;[10, 21, 2, 7, 5, 17, 4, 9, 8, 22, 11, 18, 19, 20, 3, 15, 1, 23, 16, 12, 13, 6, 14];-0.0009716808153794609;-1009.0928853754943;1;6;172;28.367480754852295;0.0006318342957883916;0.2784709953475132;0.002268941133348213;782594.0;779291.9999999999;91.5;0.022603754940711464
23;50;841;612.0;0.025401592254638672;612.0;1;0.025198936462402344;[13, 2, 23, 19, 15, 22, 6, 17, 12, 9, 4, 18, 14, 1, 3, 20, 16, 8, 21, 10, 5, 7, 11];0.0;-1348.412549407115;9.742748737335205;-1348.8596837944663;1;34.41969609260559;[2, 23, 19, 15, 13, 22, 6, 17, 12, 9, 4, 18, 14, 1, 3, 20, 16, 8, 21, 7, 10, 5, 11];-0.0003314906603876233;-1348.8596837944667;3;6;177;10.503957748413086;7.854648164784539e-05;0.27903490477747905;0.0002814933913392791;985402.0;982171.9999999998;96.5;0.023838932806324112
23;50;842;688.0;0.025420188903808594;688.0;1;0.025044679641723633;[15, 20, 4, 11, 19, 3, 13, 12, 23, 8, 1, 17, 18, 5, 14, 6, 2, 16, 22, 10, 21, 7, 9];0.0;-1255.2795930510206;10.70461392402649;-1257.1501976284587;1;171.84742879867554;[11, 15, 3, 20, 23, 4, 19, 13, 12, 8, 1, 17, 16, 18, 5, 2, 6, 22, 10, 14, 21, 7, 9];-0.0014879722255677352;-1257.1501976284585;3;8;254;53.83052158355713;0.001051104014320181;0.27904902655925645;0.0037667360007685876;979956.0;975271.9999999935;293.5;0.07250494071146245
23;50;843;574.0;0.0255734920501709;574.0;1;0.024840116500854492;[10, 16, 17, 18, 7, 23, 19, 6, 4, 3, 21, 8, 11, 2, 1, 13, 9, 14, 15, 5, 22, 20, 12];0.0;-1318.6852598468984;10.946246147155762;-1321.9031620553358;3;244.55694913864136;[10, 17, 16, 7, 23, 18, 6, 4, 3, 2, 21, 8, 11, 13, 14, 15, 5, 19, 1, 9, 22, 20, 12];-0.002434294962600836;-1321.9031620553355;3;7;247;51.98786520957947;0.00022795174596290657;0.27530500971322514;0.0008279970865781023;953044.0;943382.0;317.5;0.07843379446640317
23;50;844;544.0;0.02561211585998535;544.0;1;0.0252077579498291;[17, 14, 22, 12, 19, 18, 7, 3, 11, 4, 20, 2, 10, 9, 1, 23, 8, 6, 21, 15, 5, 16, 13];0.0;-1398.5208966139476;10.583618640899658;-1399.8320158102752;1;91.0111563205719;[14, 17, 19, 22, 18, 7, 3, 4, 2, 10, 9, 12, 11, 20, 1, 23, 8, 6, 21, 13, 5, 15, 16];-0.0009366260962166972;-1399.8320158102767;1;6;205;21.790608167648315;0.0006580802486151338;0.2790997958749916;0.0023578671799168458;978302.0;970577.9999999998;304.0;0.07509881422924901
23;50;845;742.0;0.02591395378112793;742.0;1;0.02588486671447754;[2, 10, 23, 3, 11, 21, 13, 15, 14, 4, 17, 16, 18, 8, 7, 1, 9, 5, 20, 6, 19, 22, 12];0.0;-1175.8514062338593;10.509963512420654;-1177.6086956521742;1;94.2518138885498;[4, 2, 10, 3, 11, 21, 13, 15, 14, 23, 17, 16, 18, 7, 1, 9, 5, 20, 6, 8, 19, 22, 12];-0.001492252413558881;-1177.6086956521735;3;6;212;30.477481842041016;0.0016471702753375617;0.2772420346978323;0.005941271774075753;968570.0;962384.0;357.0;0.08819169960474309
23;50;846;982.0;0.025379180908203125;982.0;1;0.025622844696044922;[9, 17, 4, 13, 7, 15, 5, 6, 3, 10, 14, 22, 19, 1, 16, 11, 2, 18, 12, 8, 23, 21, 20];0.0;-996.2604503533357;10.459036350250244;-997.3458498023708;1;69.29446077346802;[9, 17, 4, 13, 7, 5, 15, 6, 3, 10, 11, 14, 19, 1, 22, 2, 16, 18, 12, 8, 23, 21, 20];-0.0010882879286560065;-997.3458498023716;1;7;217;31.828476428985596;7.360676681100742e-05;0.2803077803155298;0.0002625926641356569;994710.0;992502.0;109.0;0.026926877470355732
23;50;847;468.0;0.025548696517944336;468.0;1;0.02561330795288086;[20, 9, 21, 7, 2, 16, 12, 1, 10, 17, 4, 11, 14, 8, 23, 19, 6, 15, 3, 13, 18, 22, 5];0.0;-1434.0970483951178;10.814345598220825;-1437.43280632411;3;244.61914539337158;[9, 23, 21, 20, 2, 7, 16, 12, 1, 10, 4, 11, 8, 19, 17, 14, 6, 15, 3, 13, 18, 22, 5];-0.0023206357294173197;-1437.4328063241105;11;10;289;85.82313966751099;0.0006918787165199891;0.27574005839672106;0.0025091701240033413;959006.0;953221.9999999909;384.5;0.09498517786561265
23;50;848;598.0;0.025850772857666016;598.0;1;0.025557756423950195;[1, 7, 3, 8, 20, 21, 18, 16, 12, 10, 13, 22, 15, 14, 2, 23, 17, 6, 4, 11, 9, 19, 5];0.0;-1286.523588063415;11.591377019882202;-1289.8418972332017;5;338.27907538414;[1, 8, 7, 2, 3, 20, 21, 18, 12, 16, 10, 13, 22, 6, 15, 14, 4, 23, 9, 11, 17, 19, 5];-0.002572647994226851;-1289.841897233202;5;6;215;50.77548861503601;0.0005044146240398284;0.2746096280188767;0.0018368424577056524;949666.0;947390.0;320.5;0.07917490118577075
23;50;849;590.0;0.02630448341369629;590.0;1;0.026536226272583008;[20, 3, 12, 22, 8, 6, 16, 9, 7, 15, 21, 18, 10, 23, 11, 1, 14, 2, 5, 19, 4, 13, 17];0.0;-1371.5553109034925;10.513243436813354;-1373.5849802371538;1;142.68688201904297;[20, 12, 2, 3, 22, 8, 6, 16, 9, 7, 15, 21, 18, 11, 1, 10, 23, 14, 5, 19, 4, 13, 17];-0.0014776438027961358;-1373.5849802371542;3;6;205;30.821180820465088;0.00016205453685835813;0.27968681813802443;0.0005794142817928045;986998.0;976486.0;325.0;0.08028656126482213
23;50;850;584.0;0.025042295455932617;584.0;1;0.028527498245239258;[11, 23, 18, 4, 9, 8, 10, 3, 21, 16, 12, 6, 19, 20, 17, 7, 1, 13, 5, 15, 2, 22, 14];0.0;-1379.5307735742522;10.010133504867554;-1379.6264822134372;1;27.42926549911499;[11, 23, 4, 18, 9, 8, 10, 3, 21, 16, 12, 6, 19, 20, 17, 7, 1, 13, 5, 15, 2, 22, 14];-6.937286317632019e-05;-1379.6264822134392;1;4;121;3.8723554611206055;1.2599402394619652e-05;0.2797866955534161;4.503217127497118e-05;986644.0;986612.0;21.0;0.005187747035573123
23;60;851;456.0;0.02664971351623535;456.0;1;0.025601625442504883;[21, 5, 8, 3, 14, 18, 17, 20, 1, 11, 2, 15, 22, 23, 13, 10, 16, 12, 7, 4, 9, 19, 6];0.0;-1719.0265163602198;15.100378513336182;-1721.727272727273;3;301.5165364742279;[21, 5, 3, 10, 8, 14, 18, 17, 20, 1, 11, 2, 23, 13, 16, 12, 7, 19, 22, 4, 9, 15, 6];-0.0015686319255284742;-1721.727272727273;3;5;213;38.00224423408508;0.0014560012119936294;0.2693402855271903;0.005405805556134097;1098200.0;1089816.0;382.0;0.09436758893280632
23;60;852;752.0;0.02523183822631836;752.0;1;0.025855541229248047;[7, 14, 3, 20, 17, 16, 1, 21, 13, 18, 19, 15, 22, 9, 12, 10, 6, 5, 11, 2, 4, 23, 8];0.0;-1598.4715634606937;11.910904169082642;-1599.0790513833995;1;36.13928151130676;[1, 7, 3, 21, 20, 17, 14, 16, 13, 18, 19, 15, 9, 22, 12, 10, 6, 5, 11, 2, 4, 23, 8];-0.00037989861863318986;-1599.0790513833992;1;6;225;9.189411401748657;0.0011130076867137406;0.28013724706600107;0.003973079975514692;1184664.0;1180261.9999999865;283.0;0.06991106719367589
23;60;853;694.0;0.025441884994506836;694.0;1;0.025016069412231445;[10, 3, 18, 12, 22, 13, 11, 23, 6, 16, 5, 14, 8, 7, 4, 20, 9, 17, 21, 1, 15, 2, 19];0.0;-1557.8870909439959;12.989624977111816;-1559.8656126482206;5;153.88772654533386;[10, 3, 12, 18, 22, 11, 6, 23, 16, 4, 13, 5, 14, 8, 7, 20, 9, 17, 21, 1, 15, 2, 19];-0.0012683924103344957;-1559.865612648221;9;7;257;58.79599666595459;0.0003225159963952118;0.27332473076783925;0.0011799737092548547;1133218.0;1129216.0;173.5;0.042860671936758896
23;60;854;902.0;0.02608633041381836;902.0;1;0.025279760360717773;[9, 5, 21, 14, 4, 19, 2, 23, 22, 15, 6, 1, 3, 17, 8, 20, 16, 7, 13, 12, 11, 18, 10];0.0;-1478.7898070635472;11.272671699523926;-1479.1363636363626;1;45.21937131881714;[9, 14, 2, 5, 21, 23, 4, 22, 6, 1, 15, 3, 17, 20, 19, 16, 18, 7, 8, 12, 13, 11, 10];-0.000234296567466874;-1479.1363636363637;3;5;208;8.255536794662476;0.0011272829516046912;0.28128048273040873;0.004007682796410469;1199868.0;1191358.0;360.0;0.08893280632411067
23;60;855;944.0;0.025994539260864258;944.0;1;0.026036977767944336;[1, 3, 2, 15, 17, 12, 7, 5, 19, 13, 20, 16, 11, 18, 22, 8, 21, 14, 9, 4, 10, 6, 23];0.0;-1347.6898924691973;12.26659607887268;-1349.5671936758895;3;159.02681136131287;[1, 3, 2, 15, 17, 12, 7, 5, 13, 11, 22, 19, 20, 8, 16, 18, 21, 14, 9, 4, 10, 6, 23];-0.0013910394498987122;-1349.567193675889;7;8;302;41.14741230010986;0.00027716798986821;0.2756694792985275;0.0010054358958180487;1153102.0;1151252.0;128.0;0.03162055335968379
23;60;856;1080.0;0.026022672653198242;1080.0;1;0.02537059783935547;[1, 3, 16, 15, 22, 23, 17, 8, 12, 9, 2, 21, 4, 14, 19, 5, 6, 20, 18, 7, 10, 13, 11];0.0;-1318.7177357253302;11.621656894683838;-1319.658102766798;1;90.33063960075378;[1, 3, 16, 23, 8, 15, 12, 22, 17, 9, 2, 21, 4, 14, 5, 6, 20, 18, 7, 10, 19, 13, 11];-0.000712583842357617;-1319.658102766799;3;5;210;15.068992853164673;0.00047948634456074224;0.2820703875697304;0.0016998818936362428;1207226.0;1202722.0;177.5;0.04384881422924901
23;60;857;730.0;0.02515888214111328;730.0;1;0.027048349380493164;[10, 21, 5, 20, 9, 3, 4, 6, 11, 22, 2, 18, 7, 17, 14, 19, 23, 16, 15, 1, 13, 8, 12];0.0;-1522.48886094143;12.512446165084839;-1523.4624505928855;1;97.31262922286987;[10, 21, 3, 5, 20, 4, 9, 6, 11, 2, 23, 7, 22, 17, 14, 16, 15, 19, 1, 18, 13, 8, 12];-0.0006390637662757603;-1523.462450592885;1;6;221;20.40324354171753;0.0007120866786848312;0.2730241951985133;0.0026081449600724206;1134178.0;1128996.0000000002;264.0;0.06521739130434782
23;60;858;646.0;0.025702476501464844;646.0;1;0.025620222091674805;[12, 11, 13, 22, 15, 9, 18, 8, 17, 10, 14, 5, 16, 19, 7, 4, 3, 23, 20, 2, 21, 1, 6];0.0;-1690.2376361708284;11.8254873752594;-1691.3774703557315;1;60.08491802215576;[12, 11, 8, 13, 22, 9, 18, 17, 10, 14, 7, 3, 23, 5, 15, 16, 19, 4, 20, 2, 21, 1, 6];-0.0006739088138990601;-1691.3774703557306;1;5;207;12.402727603912354;0.000790957225623945;0.27876848218378486;0.00283732658522884;1176764.0;1170314.0;371.5;0.09177371541501976
23;60;859;656.0;0.02688288688659668;656.0;1;0.026262283325195312;[3, 21, 4, 13, 14, 9, 16, 23, 2, 15, 17, 10, 22, 6, 11, 5, 19, 12, 18, 8, 1, 20, 7];0.0;-1627.8605220138966;13.237514972686768;-1631.8517786561265;5;218.72787857055664;[3, 21, 4, 13, 14, 9, 16, 23, 18, 15, 17, 20, 10, 22, 6, 2, 11, 5, 19, 8, 12, 7, 1];-0.0024458450788445996;-1631.8517786561265;7;6;253;48.21239423751831;0.0005403228280457251;0.2753027760802412;0.0019626493991046416;1151012.0;1147354.0;303.5;0.07497529644268774
23;60;860;682.0;0.025656461715698242;682.0;1;0.02518749237060547;[15, 12, 6, 5, 18, 20, 3, 19, 8, 4, 10, 23, 22, 7, 1, 2, 21, 13, 9, 17, 16, 14, 11];0.0;-1565.1721157451618;12.709825992584229;-1568.5;5;328.37683844566345;[15, 12, 5, 6, 18, 20, 3, 19, 8, 7, 23, 11, 1, 4, 22, 2, 21, 13, 9, 10, 17, 16, 14];-0.002121698600470623;-1568.4999999999995;5;8;318;66.4891586303711;0.0005942313693676482;0.2735470716767907;0.0021723185180712217;1132344.0;1119446.0;293.0;0.07238142292490118
23;70;861;858.0;0.025484800338745117;858.0;1;0.02539825439453125;[5, 20, 16, 14, 11, 19, 22, 17, 10, 8, 4, 1, 2, 23, 12, 9, 7, 13, 21, 15, 3, 6, 18];0.0;-1912.6616223297958;13.611077308654785;-1914.075098814229;1;66.73060894012451;[5, 20, 16, 14, 11, 19, 22, 17, 10, 8, 4, 1, 2, 23, 12, 9, 7, 13, 21, 15, 3, 6, 18];-0.0007384644862205025;-1914.0750988142295;1;4;181;12.583238124847412;0.0;0.2807523301190054;0.0;1392846.0;1392846.0;0.0;0.0
23;70;862;758.0;0.02585291862487793;758.0;1;0.025524616241455078;[9, 1, 14, 11, 21, 10, 15, 23, 2, 8, 17, 18, 16, 6, 19, 13, 3, 20, 5, 7, 22, 4, 12];0.0;-1865.5137129519321;15.023432731628418;-1867.351778656127;1;128.02245783805847;[9, 14, 23, 11, 1, 10, 21, 2, 8, 17, 18, 6, 15, 16, 19, 13, 3, 5, 12, 7, 20, 22, 4];-0.0009843167876583125;-1867.3517786561267;3;8;354;58.69703269004822;0.0014120683563774161;0.2735202234747682;0.0051625738617739805;1323816.0;1313794.0;279.5;0.06904644268774704
23;70;863;928.0;0.026068687438964844;928.0;1;0.025455236434936523;[3, 4, 10, 13, 18, 22, 16, 8, 6, 17, 15, 19, 21, 7, 12, 11, 5, 9, 2, 14, 23, 20, 1];0.0;-1770.5590410055886;14.020857572555542;-1771.984189723321;1;153.63896489143372;[3, 22, 4, 10, 18, 8, 6, 7, 17, 15, 13, 19, 21, 16, 12, 11, 5, 9, 2, 14, 23, 20, 1];-0.0008042671746155694;-1771.9841897233196;5;6;283;28.664522409439087;0.0009884216680051683;0.27711850419452316;0.0035667833545729097;1359984.0;1353444.0;362.5;0.08955039525691699
23;70;864;854.0;0.026085376739501953;854.0;1;0.026060104370117188;[17, 7, 12, 15, 8, 9, 4, 1, 2, 3, 6, 16, 13, 10, 20, 5, 18, 23, 21, 11, 19, 14, 22];0.0;-1761.1578954272609;15.777977228164673;-1766.42490118577;5;697.6206424236298;[15, 17, 7, 8, 20, 9, 12, 4, 1, 2, 13, 5, 23, 3, 6, 10, 18, 11, 16, 21, 19, 14, 22];-0.0029817320594685004;-1766.4249011857708;11;8;388;110.7160131931305;0.0011341015140654553;0.2738064946928246;0.004141981786581689;1320362.0;1307296.0;453.0;0.11190711462450594
23;70;865;734.0;0.026639461517333984;734.0;1;0.0419161319732666;[8, 6, 17, 7, 1, 19, 3, 21, 9, 23, 15, 22, 18, 20, 11, 4, 12, 14, 16, 2, 5, 13, 10];0.0;-1872.315155950718;15.386431455612183;-1876.683794466403;3;516.6809430122375;[6, 8, 17, 1, 3, 19, 21, 15, 20, 7, 23, 11, 4, 14, 9, 16, 22, 10, 18, 12, 2, 5, 13];-0.002327850077123439;-1876.683794466403;5;10;417;122.3351845741272;0.0017399630122498788;0.2733125480995617;0.0063662024460583826;1317566.0;1306410.0000000035;425.0;0.1049901185770751
23;70;866;874.0;0.025751829147338867;874.0;1;0.02470993995666504;[2, 7, 21, 6, 18, 15, 3, 23, 12, 11, 4, 19, 22, 16, 10, 20, 8, 1, 5, 13, 17, 14, 9];0.0;-1792.4201427529838;14.450546503067017;-1794.0217391304336;1;131.01732063293457;[7, 6, 2, 21, 18, 15, 3, 12, 11, 4, 19, 10, 20, 8, 23, 5, 16, 13, 17, 22, 1, 14, 9];-0.0008927407859762315;-1794.0217391304352;1;5;250;24.582958936691284;0.0006416638820607723;0.2757698402347236;0.002326809492708177;1342642.0;1333308.0;295.5;0.0729990118577075
23;70;867;622.0;0.02528834342956543;622.0;1;0.02483820915222168;[14, 20, 3, 22, 17, 10, 9, 12, 4, 2, 18, 13, 11, 7, 1, 6, 15, 23, 21, 16, 19, 5, 8];0.0;-1985.1428424814349;15.052968740463257;-1986.8379446640315;1;147.18617463111877;[14, 22, 20, 3, 17, 7, 10, 1, 9, 12, 19, 4, 2, 18, 13, 6, 11, 23, 21, 16, 5, 8, 15];-0.0008531657990270558;-1986.837944664031;3;6;277;27.93834161758423;0.0012412314199388153;0.2725269805607314;0.004554526738545113;1314880.0;1303448.0000000172;428.0;0.10573122529644269
23;70;868;860.0;0.02557849884033203;860.0;1;0.025316238403320312;[14, 2, 12, 9, 10, 22, 8, 16, 20, 23, 4, 17, 6, 7, 5, 1, 19, 18, 13, 11, 21, 15, 3];0.0;-1813.1473492467615;14.884567260742188;-1813.602766798409;1;70.43491554260254;[14, 2, 12, 9, 10, 22, 8, 16, 20, 23, 4, 17, 6, 7, 5, 1, 19, 18, 13, 11, 21, 15, 3];-0.0002511120737047623;-1813.6027667984195;1;4;193;12.014793157577515;1.6653345369377348e-15;0.27565448222716354;6.041383849384871e-15;1343194.0;1343193.999999992;0.0;0.0
23;70;869;886.0;0.025376081466674805;886.0;1;0.024890422821044922;[20, 9, 7, 14, 4, 6, 3, 2, 12, 23, 5, 18, 11, 16, 10, 8, 21, 22, 13, 19, 17, 15, 1];0.0;-1774.1545586297768;14.688661575317383;-1775.7114624505934;1;99.59501242637634;[20, 9, 14, 4, 3, 7, 6, 2, 12, 23, 16, 8, 5, 18, 10, 11, 21, 22, 13, 19, 17, 15, 1];-0.0008767774797533434;-1775.7114624505934;7;6;282;28.387125253677368;0.0010854638115319615;0.27592446277046656;0.003933916553223216;1341026.0;1333161.9999999916;174.0;0.04298418972332016
23;70;870;1024.0;0.02572798728942871;1024.0;1;0.025511741638183594;[12, 5, 1, 16, 15, 8, 4, 19, 7, 3, 13, 6, 9, 10, 20, 17, 23, 22, 14, 11, 2, 18, 21];0.0;-1621.2786173123827;15.404240369796753;-1624.308300395257;3;179.80410933494568;[12, 8, 1, 15, 19, 7, 5, 3, 16, 13, 6, 9, 10, 20, 23, 4, 22, 2, 17, 14, 11, 18, 21];-0.0018652143082301675;-1624.308300395257;9;9;361;83.98960995674133;0.001024027088929902;0.2752896215007078;0.0037198172722514677;1334048.0;1313278.0;415.5;0.10264328063241107
23;80;871;1036.0;0.025173425674438477;1036.0;1;0.02565622329711914;[10, 2, 6, 13, 16, 19, 1, 12, 4, 11, 20, 8, 14, 21, 18, 15, 9, 23, 22, 7, 3, 5, 17];0.0;-2006.6752408596842;16.029409646987915;-2007.8102766798397;1;92.15861320495605;[13, 16, 2, 1, 12, 20, 14, 10, 6, 19, 4, 11, 8, 21, 18, 15, 9, 22, 3, 17, 23, 7, 5];-0.0005653102951701516;-2007.8102766798427;1;5;284;15.856794118881226;0.0011673267326732795;0.2754206214963172;0.004238341800012562;1533856.0;1526110.0;497.0;0.12277667984189723
23;80;872;1176.0;0.025918245315551758;1176.0;1;0.025527000427246094;[4, 1, 3, 5, 17, 9, 8, 23, 21, 19, 7, 22, 2, 18, 14, 13, 16, 20, 15, 12, 6, 11, 10];0.0;-1880.9986959085966;16.790771007537842;-1883.332015810277;1;184.6840693950653;[4, 1, 3, 5, 17, 9, 8, 23, 19, 21, 2, 7, 22, 14, 18, 13, 16, 20, 15, 12, 6, 11, 10];-0.0012389317879654138;-1883.3320158102767;5;10;405;56.273826360702515;0.0002810259333326792;0.27638928321144274;0.0010167757956001838;1538134.0;1537001.9999999946;50.5;0.012475296442687748
23;80;873;740.0;0.025521278381347656;740.0;1;0.02593398094177246;[7, 12, 14, 11, 19, 16, 21, 10, 8, 18, 9, 23, 22, 17, 6, 1, 15, 2, 4, 20, 3, 5, 13];0.0;-2351.6720849802377;15.746684551239014;-2352.0909090909104;1;41.74333477020264;[7, 19, 12, 14, 16, 10, 21, 8, 11, 18, 9, 23, 22, 17, 6, 2, 4, 1, 15, 20, 3, 5, 13];-0.0001780645931047653;-2352.09090909091;1;6;262;6.89085841178894;0.00022989492420621982;0.27720382629041;0.0008293353208096505;1554426.0;1550464.0;187.0;0.04619565217391304
23;80;874;854.0;0.025932788848876953;854.0;1;0.025765657424926758;[14, 1, 6, 20, 9, 23, 4, 11, 7, 10, 8, 15, 22, 13, 21, 3, 18, 19, 17, 12, 2, 5, 16];0.0;-2153.3967942782338;17.684147119522095;-2155.104743083004;1;140.7143476009369;[14, 1, 6, 18, 9, 23, 4, 11, 7, 20, 10, 8, 22, 17, 15, 13, 21, 12, 3, 2, 19, 5, 16];-0.0007925131296991905;-2155.1047430830045;1;7;355;41.08214497566223;0.001239676727771477;0.2743944746233417;0.004517863304183394;1516640.0;1505602.0;390.5;0.09646739130434782
23;80;875;878.0;0.025524377822875977;878.0;1;0.024889707565307617;[6, 23, 1, 17, 8, 16, 12, 7, 20, 11, 4, 2, 14, 21, 10, 22, 18, 9, 3, 13, 5, 15, 19];0.0;-2149.712473050665;17.62286949157715;-2153.1936758893285;1;234.09203386306763;[6, 23, 1, 17, 11, 8, 16, 15, 12, 7, 21, 20, 4, 2, 14, 10, 22, 18, 19, 9, 3, 13, 5];-0.001616762522407944;-2153.1936758893285;7;6;346;40.636701583862305;0.0016920777279522126;0.27626182537991123;0.0061249060583209135;1529612.0;1516760.0;340.5;0.08411561264822134
23;80;876;1050.0;0.02569413185119629;1050.0;1;0.025775671005249023;[21, 22, 9, 1, 18, 2, 12, 5, 11, 8, 19, 15, 4, 17, 13, 23, 3, 6, 20, 7, 16, 10, 14];0.0;-2084.5304347826086;15.308071613311768;-2084.7905138339925;1;29.912667751312256;[21, 22, 9, 1, 18, 2, 12, 5, 8, 4, 11, 17, 19, 15, 13, 23, 3, 6, 7, 20, 16, 10, 14];-0.0001247506882144922;-2084.790513833992;1;4;197;1.9075872898101807;7.074644376292571e-05;0.2790187569740874;0.0002535544367345023;1575312.0;1574014.0;85.5;0.021121541501976284
23;80;877;1022.0;0.02536916732788086;1022.0;1;0.024999141693115234;[14, 2, 22, 4, 10, 17, 23, 9, 16, 13, 21, 7, 1, 20, 3, 5, 6, 19, 11, 15, 12, 8, 18];0.0;-2060.7644930539477;16.79104447364807;-2063.0098814229245;3;182.53300046920776;[14, 2, 10, 17, 22, 4, 9, 23, 16, 21, 1, 13, 7, 20, 3, 5, 6, 15, 11, 19, 12, 8, 18];-0.0010884040785243965;-2063.009881422924;7;8;384;56.321685791015625;0.00023719405866018395;0.2775007671545143;0.0008547510015643044;1550906.0;1545908.0;156.0;0.038537549407114624
23;80;878;566.0;0.026897907257080078;566.0;1;0.0265350341796875;[8, 14, 16, 5, 23, 18, 10, 21, 9, 17, 13, 4, 6, 22, 11, 20, 7, 15, 19, 12, 2, 1, 3];0.0;-2347.5738984455566;19.062869548797607;-2352.6679841897226;5;895.4927215576172;[8, 16, 5, 17, 14, 18, 4, 20, 6, 23, 10, 21, 22, 11, 9, 7, 15, 12, 13, 19, 2, 1, 3];-0.002165237839932832;-2352.6679841897235;11;8;421;100.95618224143982;0.0002383813004482871;0.26952887161048633;0.0008844369770997572;1467016.0;1461017.999999987;539.0;0.1331521739130435
23;80;879;806.0;0.025232315063476562;806.0;1;0.02546238899230957;[9, 5, 16, 23, 17, 7, 14, 8, 15, 1, 4, 6, 22, 11, 3, 12, 18, 13, 21, 10, 19, 20, 2];0.0;-2152.2719503246535;17.641944646835327;-2155.9565217391296;5;307.48577642440796;[5, 9, 16, 14, 23, 4, 17, 7, 8, 15, 6, 1, 22, 11, 3, 12, 18, 13, 21, 10, 19, 20, 2];-0.0017090193504940565;-2155.95652173913;7;7;364;42.748231172561646;0.00023155933156537856;0.27177086071439005;0.0008520388497747348;1488826.0;1485882.0;181.0;0.044713438735177864
23;80;880;668.0;0.025103092193603516;668.0;1;0.02533864974975586;[15, 5, 22, 12, 18, 7, 3, 17, 2, 23, 16, 4, 10, 21, 19, 20, 14, 6, 11, 1, 13, 8, 9];0.0;-2279.094861660079;16.710908889770508;-2282.1640316205526;3;260.8247563838959;[15, 5, 22, 12, 2, 18, 3, 21, 7, 23, 4, 17, 16, 10, 19, 20, 14, 6, 11, 1, 13, 8, 9];-0.0013448507284965494;-2282.1640316205544;7;8;394;36.20048904418945;0.0007312480392848153;0.27147379496513036;0.0026936229310042283;1484868.0;1479932.0;223.0;0.05508893280632411
23;90;881;1434.0;0.02548837661743164;1434.0;1;0.025772571563720703;[4, 15, 8, 5, 9, 2, 3, 13, 21, 10, 19, 6, 7, 20, 16, 1, 12, 17, 23, 14, 11, 18, 22];0.0;-1960.4005114442987;20.06474208831787;-1965.1541501976276;1;400.7429029941559;[4, 15, 8, 3, 13, 19, 5, 2, 10, 9, 6, 7, 20, 21, 12, 1, 17, 23, 16, 14, 11, 18, 22];-0.002418964819045244;-1965.154150197628;5;5;309;44.05427670478821;0.0007817428873376775;0.27530801828964174;0.0028395209561794662;1711188.0;1702614.0;335.0;0.08275691699604742
23;90;882;750.0;0.02587270736694336;750.0;1;0.02601337432861328;[15, 13, 20, 1, 5, 17, 21, 9, 10, 8, 22, 19, 16, 7, 3, 11, 2, 23, 18, 12, 14, 6, 4];0.0;-2648.3663588953605;20.293501138687134;-2651.387351778655;1;239.52066922187805;[13, 20, 17, 21, 1, 8, 5, 10, 15, 22, 19, 7, 2, 9, 16, 3, 11, 23, 12, 6, 18, 14, 4];-0.0011394008051174298;-2651.3873517786565;3;5;322;32.522578716278076;0.0014397340939921177;0.27542865217433193;0.005227248808816163;1715276.0;1705740.0;430.0;0.10622529644268774
23;90;883;840.0;0.025160789489746094;840.0;1;0.024774551391601562;[1, 9, 7, 13, 15, 16, 18, 21, 2, 17, 14, 12, 5, 11, 6, 4, 22, 10, 23, 8, 20, 19, 3];0.0;-2440.968864747293;18.685501098632812;-2441.8774703557297;1;78.3205976486206;[1, 9, 7, 13, 15, 21, 16, 18, 4, 2, 14, 6, 10, 17, 12, 5, 11, 22, 8, 23, 20, 19, 3];-0.00037209303884699896;-2441.8774703557315;3;6;303;15.418675899505615;0.0006501432318976041;0.2689655509390386;0.0024171988926751436;1651392.0;1644432.0;250.5;0.06188241106719367
23;90;884;962.0;0.025695085525512695;962.0;1;0.025751113891601562;[14, 6, 18, 17, 2, 11, 13, 20, 22, 9, 21, 8, 7, 1, 4, 12, 19, 5, 16, 3, 15, 10, 23];0.0;-2447.843856815733;19.87345790863037;-2449.9308300395246;3;226.37526774406433;[14, 6, 18, 2, 17, 11, 13, 20, 22, 9, 21, 8, 7, 1, 4, 12, 19, 5, 16, 3, 15, 10, 23];-0.0008518498555969423;-2449.930830039526;5;8;391;61.78325653076172;6.201450120535412e-06;0.27517769206997716;2.2536165900244543e-05;1714130.0;1714102.0;20.0;0.004940711462450593
23;90;885;908.0;0.025447845458984375;908.0;1;0.02506732940673828;[1, 18, 2, 22, 15, 3, 14, 19, 7, 13, 5, 23, 9, 17, 11, 21, 16, 6, 10, 12, 8, 4, 20];0.0;-2436.246977797925;20.570704460144043;-2439.8498023715433;5;541.0752799510956;[1, 18, 2, 22, 15, 13, 23, 3, 14, 19, 5, 9, 11, 16, 7, 6, 10, 12, 17, 21, 8, 4, 20];-0.0014766583459835392;-2439.8498023715406;19;8;457;98.68694567680359;0.0006240324603701275;0.27280158830407086;0.0022874957006282777;1684588.0;1679763.9999999998;281.5;0.0695405138339921
23;90;886;866.0;0.025352954864501953;866.0;1;0.025266170501708984;[16, 4, 18, 22, 20, 2, 12, 17, 19, 5, 23, 8, 15, 7, 3, 6, 10, 21, 14, 11, 1, 13, 9];0.0;-2574.251336659464;19.651803255081177;-2579.4367588932814;9;596.1157109737396;[4, 17, 16, 18, 22, 20, 2, 12, 8, 15, 19, 5, 3, 23, 7, 6, 10, 14, 11, 1, 13, 21, 9];-0.0020102924469612704;-2579.436758893281;11;9;525;92.73762130737305;0.0007651643924403428;0.27669011966853657;0.002765420006167833;1734450.0;1721888.0;277.0;0.0684288537549407
23;90;887;736.0;0.02554011344909668;736.0;1;0.02587294578552246;[9, 23, 12, 11, 8, 3, 14, 4, 15, 18, 1, 17, 10, 5, 13, 21, 20, 19, 22, 7, 2, 6, 16];0.0;-2561.1856832723397;21.19816756248474;-2566.2055335968366;19;595.9414308071136;[9, 23, 12, 11, 8, 3, 14, 15, 4, 18, 17, 1, 10, 5, 13, 21, 19, 20, 7, 2, 6, 16, 22];-0.001956137284709669;-2566.205533596838;23;8;457;94.29067134857178;0.00032566567135372537;0.27058208043026527;0.0012035744230950885;1660224.0;1655736.0;53.0;0.013092885375494072
23;90;888;1098.0;0.025612354278564453;1098.0;1;0.0258944034576416;[20, 5, 12, 18, 4, 8, 3, 10, 2, 15, 7, 22, 9, 21, 16, 19, 11, 1, 17, 13, 23, 6, 14];0.0;-2285.3769714877776;18.87402653694153;-2286.3300395256915;1;84.77286696434021;[5, 12, 18, 20, 4, 8, 3, 10, 2, 15, 7, 22, 9, 21, 11, 1, 16, 19, 17, 13, 23, 6, 14];-0.0004168549690716228;-2286.3300395256915;1;4;238;9.420833826065063;0.00019518489463221655;0.273073079500897;0.0007147716464360428;1701020.0;1698116.0;101.5;0.02507411067193676
23;90;889;814.0;0.02552938461303711;814.0;1;0.025078773498535156;[16, 11, 19, 9, 12, 4, 17, 18, 14, 6, 13, 3, 2, 10, 15, 22, 21, 7, 8, 1, 5, 20, 23];0.0;-2544.379898486585;21.88258934020996;-2550.9407114624514;5;661.8318250179291;[16, 11, 19, 9, 12, 4, 17, 18, 14, 6, 13, 3, 2, 10, 15, 22, 21, 7, 20, 8, 23, 1, 5];-0.0025719190361367383;-2550.9407114624496;5;8;483;105.69222712516785;0.00013102597334080368;0.27303384937319564;0.0004798891186627602;1690986.0;1688376.0000000214;20.0;0.004940711462450593
23;90;890;578.0;0.025284528732299805;578.0;1;0.025432586669921875;[23, 5, 21, 19, 15, 17, 4, 6, 10, 1, 20, 14, 2, 18, 22, 12, 11, 7, 9, 8, 13, 3, 16];0.0;-2724.753692560744;21.977261066436768;-2727.660079051383;3;386.0144395828247;[5, 4, 23, 21, 19, 17, 6, 15, 10, 1, 20, 18, 14, 12, 2, 11, 7, 8, 22, 13, 9, 3, 16];-0.0010655237113158522;-2727.660079051384;5;6;372;54.422720193862915;0.0007753781029630202;0.2711948824512081;0.002859117753088582;1663984.0;1655464.0000000081;242.5;0.05990612648221344
23;100;891;982.0;0.025456905364990234;982.0;1;0.024986743927001953;[8, 7, 1, 11, 21, 15, 13, 6, 9, 4, 22, 18, 5, 20, 23, 14, 12, 19, 17, 3, 10, 16, 2];0.0;-2692.666200598505;25.628163814544678;-2697.1620553359676;3;634.4004762172699;[8, 7, 5, 11, 21, 1, 13, 6, 9, 18, 12, 15, 17, 23, 4, 22, 16, 20, 14, 3, 19, 10, 2];-0.0016668834297769441;-2697.162055335968;7;8;488;105.91174221038818;0.0016564031791347356;0.2718940769816627;0.006092089969456923;1856384.0;1844096.0000000081;532.0;0.13142292490118576
23;100;892;1040.0;0.025725841522216797;1040.0;1;0.02527165412902832;[14, 17, 22, 3, 4, 19, 8, 7, 21, 10, 1, 2, 13, 5, 12, 16, 20, 11, 9, 23, 6, 15, 18];0.0;-2700.877417450396;23.34726119041443;-2704.401185770751;1;283.41798877716064;[14, 17, 22, 1, 3, 4, 19, 7, 2, 21, 13, 5, 20, 8, 16, 11, 9, 12, 23, 10, 6, 15, 18];-0.00130297543829494;-2704.401185770751;3;7;440;48.40687274932861;0.0009464789363432535;0.27407016077754565;0.003453418400814095;1885774.0;1873972.0;387.0;0.09560276679841898
23;100;893;1184.0;0.026071548461914062;1184.0;1;0.025644302368164062;[5, 4, 7, 6, 13, 2, 12, 15, 22, 16, 17, 21, 11, 20, 8, 23, 1, 3, 19, 10, 9, 18, 14];0.0;-2503.350198928646;22.13132619857788;-2508.6363636363635;5;558.516031742096;[4, 5, 6, 2, 7, 12, 15, 22, 16, 17, 11, 20, 13, 21, 8, 23, 1, 3, 19, 9, 10, 18, 14];-0.0021071865115017685;-2508.636363636364;13;8;516;83.13015866279602;0.0004978166324551836;0.2716835193639027;0.0018323401935484722;1857416.0;1846856.0;231.5;0.057188735177865616
23;100;894;918.0;0.025458812713623047;918.0;1;0.025515317916870117;[19, 5, 17, 23, 12, 7, 8, 11, 4, 2, 22, 3, 10, 6, 18, 13, 1, 9, 15, 14, 20, 16, 21];0.0;-2660.8614899814074;26.1160888671875;-2670.3853754940706;19;834.847686290741;[19, 5, 7, 10, 17, 23, 6, 8, 12, 11, 4, 2, 18, 22, 9, 3, 13, 1, 15, 14, 20, 16, 21];-0.003566483549551691;-2670.3853754940706;27;10;578;180.12830638885498;3.036509164289214e-05;0.267347052284436;0.00011357930219700382;1802522.0;1798332.0;405.5;0.10017292490118578
23;100;895;1134.0;0.025118350982666016;1134.0;1;0.02499556541442871;[10, 11, 8, 1, 19, 22, 2, 21, 12, 7, 5, 14, 20, 13, 16, 18, 23, 6, 9, 4, 17, 15, 3];0.0;-2677.143862766133;20.901363134384155;-2680.047430830039;3;185.49915885925293;[10, 11, 8, 1, 22, 2, 21, 12, 7, 5, 19, 14, 20, 13, 16, 18, 9, 4, 15, 23, 6, 17, 3];-0.0010834017452469036;-2680.047430830039;7;6;398;35.11714482307434;0.00027795977524969206;0.27579233809493675;0.001007858946226451;1917540.0;1913110.0;148.0;0.036561264822134384
23;100;896;1032.0;0.025521039962768555;1032.0;1;0.024703502655029297;[1, 7, 5, 22, 12, 9, 3, 11, 17, 20, 19, 14, 15, 6, 8, 2, 16, 13, 18, 21, 10, 4, 23];0.0;-2624.3009598401677;27.19099736213684;-2626.148221343873;1;352.152930021286;[1, 7, 5, 22, 12, 9, 3, 11, 17, 19, 20, 14, 15, 6, 8, 2, 16, 13, 18, 21, 23, 10, 4];-0.0007034109836954183;-2626.1482213438744;1;7;406;63.725443840026855;7.536877802016839e-05;0.270291073667337;0.00027884301541133814;1837932.0;1837558.0;19.5;0.004817193675889328
23;100;897;718.0;0.02564525604248047;718.0;1;0.027672290802001953;[20, 18, 17, 22, 9, 15, 11, 5, 4, 23, 3, 8, 2, 12, 6, 19, 14, 1, 16, 13, 21, 7, 10];0.0;-3016.0021122418048;23.94123911857605;-3022.274703557311;7;967.1305298805237;[20, 18, 17, 22, 9, 15, 5, 11, 4, 2, 14, 23, 3, 8, 1, 16, 12, 6, 21, 19, 7, 10, 13];-0.0020754537329525924;-3022.274703557311;13;10;657;185.30053043365479;0.0003309592549516349;0.27372376928982867;0.001209099435574421;1880626.0;1872913.999999985;199.5;0.049283596837944664
23;100;898;870.0;0.02649688720703125;870.0;1;0.02708721160888672;[8, 20, 14, 7, 2, 9, 23, 12, 3, 5, 17, 1, 13, 4, 22, 21, 16, 11, 10, 6, 19, 18, 15];0.0;-2768.928623608933;26.81333351135254;-2773.7233201581025;63;773.7824802398682;[8, 14, 2, 20, 3, 7, 9, 23, 12, 1, 5, 17, 4, 22, 21, 13, 16, 11, 10, 6, 15, 19, 18];-0.0017286138506764637;-2773.723320158103;78;6;407;94.89145708084106;0.00043682931358857147;0.2701073233719084;0.0016172435020841882;1832454.0;1826250.0;202.0;0.04990118577075099
23;100;899;720.0;0.02547740936279297;720.0;1;0.026170730590820312;[17, 18, 22, 6, 21, 15, 7, 5, 9, 3, 8, 19, 1, 10, 16, 13, 23, 12, 20, 11, 14, 4, 2];0.0;-2914.8450254817417;25.51912760734558;-2923.660079051382;15;690.2738676071167;[17, 18, 6, 15, 3, 7, 22, 1, 21, 5, 10, 16, 9, 11, 8, 19, 13, 12, 23, 14, 20, 4, 2];-0.003015074711592569;-2923.660079051382;13;8;542;102.25375127792358;0.0008931867905075386;0.27011284920313594;0.0033067171485641747;1834674.0;1820142.0000000051;412.0;0.10177865612648221
23;100;900;736.0;0.0261232852935791;736.0;1;0.0270540714263916;[2, 14, 4, 21, 20, 19, 11, 23, 6, 13, 9, 7, 16, 22, 15, 17, 12, 5, 8, 1, 18, 10, 3];0.0;-2891.3075638640717;25.3825843334198;-2902.1442687747026;71;1149.8698379993439;[2, 14, 4, 21, 20, 19, 11, 23, 9, 7, 16, 17, 22, 12, 5, 8, 10, 6, 13, 15, 1, 18, 3];-0.003734033840849027;-2902.1442687747035;23;8;556;123.25843405723572;0.0022461872042028874;0.2711141618294676;0.008285023508346834;1838600.0;1813331.999999993;296.5;0.07324604743083003
24;10;901;324.0;0.02866530418395996;324.0;1;0.028461933135986328;[2, 20, 24, 13, 9, 1, 5, 17, 4, 12, 19, 3, 22, 6, 18, 8, 23, 21, 10, 14, 15, 7, 16, 11];0.0;-205.67572463768101;2.0860352516174316;-205.67572463768101;1;2.29769229888916;[2, 20, 24, 9, 1, 5, 13, 22, 23, 17, 6, 4, 21, 18, 12, 16, 8, 19, 11, 3, 10, 14, 15, 7];0.0;-205.67572463768101;1;6;37;4.488967657089233;0.004699888061141744;0.3130186614205954;0.015014721613759061;293722.0;288474.0;523.5;0.11380434782608696
24;10;902;176.0;0.028942108154296875;176.0;1;0.030113697052001953;[14, 21, 23, 11, 7, 19, 4, 17, 1, 22, 24, 16, 15, 18, 9, 20, 5, 3, 13, 2, 12, 8, 6, 10];0.0;-335.91630418779135;2.153639316558838;-336.1413043478261;0;14.182825088500977;[14, 21, 23, 7, 19, 4, 17, 15, 1, 22, 11, 16, 24, 9, 18, 20, 5, 6, 3, 2, 10, 13, 12, 8];-0.000669361834218174;-336.1413043478261;1;6;39;12.267164707183838;0.0028564924393384983;0.306665192210535;0.009314694043846454;282860.0;279926.0;272.0;0.059130434782608696
24;10;903;242.0;0.02875375747680664;242.0;1;0.028939247131347656;[5, 8, 9, 7, 22, 15, 12, 14, 19, 2, 10, 17, 21, 23, 16, 20, 18, 13, 6, 24, 4, 3, 1, 11];0.0;-250.60869565217385;2.0312559604644775;-250.60869565217385;1;2.280585765838623;[8, 9, 7, 22, 15, 12, 5, 17, 14, 19, 21, 23, 2, 16, 20, 10, 18, 13, 6, 24, 4, 1, 11, 3];0.0;-250.6086956521737;1;4;24;0.2927393913269043;0.002519893899204262;0.3008676021424461;0.008375424543089273;271876.0;268076.0;287.5;0.0625
24;10;904;344.0;0.028991222381591797;344.0;1;0.028211593627929688;[11, 2, 8, 24, 13, 22, 3, 21, 6, 16, 9, 5, 12, 14, 17, 7, 15, 19, 4, 10, 20, 18, 1, 23];0.0;-163.38152173913033;2.003034830093384;-163.55072463768096;1;9.405297994613647;[11, 3, 2, 8, 24, 21, 13, 22, 14, 6, 16, 9, 5, 4, 12, 7, 23, 17, 15, 19, 10, 20, 18, 1];-0.0010345591493126083;-163.55072463768113;3;6;41;7.128069877624512;0.003071592952627711;0.30662978593138435;0.010017268685420706;280462.0;277406.0;331.0;0.07195652173913043
24;10;905;268.0;0.02821516990661621;268.0;1;0.028166770935058594;[18, 10, 3, 19, 17, 8, 9, 5, 4, 22, 24, 16, 15, 2, 7, 13, 14, 20, 12, 6, 11, 23, 1, 21];0.0;-230.10230739893194;2.0304296016693115;-230.2844202898549;1;12.261494159698486;[10, 3, 19, 18, 17, 8, 9, 5, 4, 22, 24, 15, 23, 16, 20, 2, 7, 13, 14, 12, 1, 6, 11, 21];-0.0007908172454468287;-230.28442028985503;1;5;37;8.021501541137695;0.002422365244105329;0.30296739272967294;0.007995465196040814;274942.0;271202.0;221.5;0.04815217391304348
24;10;906;316.0;0.028496742248535156;316.0;1;0.02831125259399414;[24, 7, 18, 2, 22, 13, 1, 17, 21, 16, 11, 12, 10, 6, 14, 4, 15, 3, 8, 23, 19, 5, 20, 9];0.0;-231.5996376811591;2.002592086791992;-231.60144927536214;1;2.285879611968994;[24, 7, 18, 13, 17, 21, 16, 2, 22, 1, 11, 10, 12, 6, 4, 15, 14, 3, 8, 5, 20, 23, 19, 9];-7.822033103455084e-06;-231.60144927536197;1;4;28;0.23688864707946777;0.001847816077838682;0.3169237749546279;0.005830474782471662;301752.0;297242.0000000125;266.0;0.05782608695652174
24;10;907;386.0;0.028786420822143555;386.0;1;0.02801370620727539;[3, 13, 9, 1, 18, 15, 5, 14, 23, 21, 12, 7, 4, 11, 8, 22, 16, 17, 24, 20, 19, 6, 10, 2];0.0;-144.34737318840578;2.0288288593292236;-144.35869565217413;1;2.594045400619507;[3, 9, 1, 18, 5, 13, 14, 23, 21, 4, 11, 8, 22, 16, 15, 17, 12, 24, 20, 7, 2, 6, 19, 10];-7.843284893371827e-05;-144.35869565217405;1;7;43;2.0456888675689697;0.00247475167731781;0.3113363106192939;0.007948805175969239;292658.0;289949.999999998;431.0;0.09369565217391304
24;10;908;344.0;0.02944326400756836;344.0;1;0.02898716926574707;[15, 6, 4, 8, 20, 22, 17, 10, 5, 14, 7, 12, 2, 18, 3, 11, 1, 21, 16, 19, 23, 9, 24, 13];0.0;-169.41851004322376;2.054633855819702;-169.51811594202883;1;9.747877836227417;[8, 15, 6, 4, 20, 22, 17, 7, 10, 2, 5, 12, 1, 18, 3, 11, 21, 14, 9, 16, 19, 23, 24, 13];-0.000587582620603988;-169.51811594202914;1;5;37;9.619967460632324;0.0025389392945577294;0.3083689128551968;0.008233447629495516;283412.0;278488.0;290.5;0.06315217391304348
24;10;909;236.0;0.028369426727294922;236.0;1;0.02850198745727539;[24, 16, 1, 7, 22, 17, 10, 9, 6, 23, 13, 12, 21, 11, 5, 14, 4, 18, 15, 20, 8, 19, 3, 2];0.0;-277.443854785187;2.0516247749328613;-278.036231884058;1;28.02215337753296;[16, 1, 7, 24, 22, 23, 13, 17, 9, 11, 5, 4, 18, 15, 10, 6, 20, 8, 12, 19, 3, 21, 14, 2];-0.0021305751946675278;-278.036231884058;3;9;61;38.759660482406616;0.00246446977979331;0.30752384607545313;0.00801391440450649;283652.0;278767.99999999837;627.0;0.13630434782608697
24;10;910;380.0;0.028717756271362305;380.0;1;0.028737545013427734;[10, 16, 7, 14, 12, 4, 19, 17, 9, 6, 22, 3, 2, 20, 8, 23, 18, 1, 21, 11, 24, 15, 5, 13];0.0;-147.73964803312626;2.036309242248535;-147.891304347826;1;9.998903036117554;[10, 7, 14, 20, 16, 4, 12, 17, 9, 19, 6, 22, 2, 8, 24, 18, 23, 1, 3, 15, 11, 21, 5, 13];-0.0010254579562235522;-147.89130434782592;1;7;49;11.482406854629517;0.003035529919444113;0.3113697021458311;0.009748957263743061;291660.0;287492.0;422.5;0.09184782608695652
24;20;911;214.0;0.0281219482421875;214.0;1;0.028178930282592773;[23, 20, 24, 22, 18, 13, 17, 21, 1, 7, 12, 2, 8, 19, 11, 4, 15, 5, 10, 3, 16, 14, 6, 9];0.0;-753.8622372772857;4.208872079849243;-754.1050724637681;1;19.973228931427002;[23, 20, 24, 22, 18, 13, 4, 5, 17, 21, 8, 19, 1, 12, 2, 3, 7, 11, 16, 15, 9, 10, 14, 6];-0.00032201770727924295;-754.1050724637682;1;5;74;10.186397552490234;0.0035977722594169315;0.3006059708159786;0.011968399195967311;535660.0;522344.0;495.5;0.10771739130434782
24;20;912;306.0;0.029136180877685547;306.0;1;0.0293271541595459;[20, 7, 24, 4, 21, 2, 16, 13, 11, 19, 14, 22, 6, 12, 17, 18, 10, 23, 9, 1, 8, 15, 5, 3];0.0;-666.8049797775531;3.993330717086792;-667.1086956521739;1;24.704751014709473;[20, 7, 4, 2, 14, 24, 21, 16, 13, 11, 19, 22, 6, 12, 17, 9, 18, 10, 23, 8, 15, 1, 3, 5];-0.00045527194683603334;-667.1086956521739;3;9;103;25.081756353378296;0.0009687621688883041;0.29772410899974516;0.0032538922432013505;535118.0;530587.9999999992;215.0;0.04673913043478261
24;20;913;454.0;0.028206348419189453;454.0;1;0.028431415557861328;[4, 19, 7, 20, 9, 2, 13, 15, 6, 3, 17, 5, 8, 24, 23, 1, 22, 12, 10, 21, 18, 16, 14, 11];0.0;-464.3581159420291;4.14703893661499;-465.284420289855;1;52.516849756240845;[4, 19, 7, 17, 20, 9, 2, 22, 13, 12, 15, 18, 8, 24, 6, 3, 5, 23, 10, 1, 16, 21, 14, 11];-0.001990834653885165;-465.2844202898552;9;6;88;24.710975408554077;0.0044043002132651;0.2926627896361681;0.015049061135310125;509734.0;499876.0;582.5;0.1266304347826087
24;20;914;410.0;0.028955698013305664;410.0;1;0.029778242111206055;[14, 11, 1, 24, 21, 10, 6, 17, 9, 23, 18, 16, 8, 22, 7, 2, 5, 12, 3, 15, 13, 20, 4, 19];0.0;-534.5355072463768;4.094072341918945;-534.552536231884;1;6.11323881149292;[14, 11, 24, 10, 6, 1, 17, 9, 21, 23, 18, 16, 8, 13, 22, 7, 2, 5, 12, 3, 15, 20, 4, 19];-3.1856523639794965e-05;-534.552536231884;1;4;52;0.7236194610595703;0.001680033600700237;0.2942518178512227;0.0057095096742942894;520284.0;514877.9999999671;209.0;0.04543478260869565
24;20;915;356.0;0.028252601623535156;356.0;1;0.02854180335998535;[8, 24, 22, 9, 14, 4, 19, 20, 7, 1, 23, 15, 5, 13, 10, 2, 12, 16, 18, 21, 17, 11, 3, 6];0.0;-614.3350354899338;4.034132242202759;-614.5271739130437;1;26.0326030254364;[8, 24, 22, 9, 14, 4, 19, 20, 7, 1, 23, 15, 2, 5, 21, 13, 12, 10, 18, 17, 16, 11, 3, 6];-0.0003126605807949323;-614.5271739130434;1;4;58;9.156036853790283;0.0015223128360815075;0.29814500422059104;0.005105947825827667;534396.0;532478.0;102.0;0.02217391304347826
24;20;916;234.0;0.02963399887084961;234.0;1;0.02843761444091797;[12, 8, 15, 23, 11, 5, 13, 18, 7, 22, 17, 21, 6, 3, 20, 16, 24, 19, 2, 14, 10, 4, 9, 1];0.0;-632.9277324879229;4.576807260513306;-633.2336956521739;1;28.317081689834595;[8, 12, 15, 23, 11, 5, 13, 18, 7, 22, 17, 16, 21, 6, 3, 20, 24, 2, 19, 14, 10, 4, 9, 1];-0.0004831757475191045;-633.2336956521739;1;6;85;15.356558084487915;0.0010952695994641548;0.28132853847437844;0.003893204739923336;476972.0;475636.0;80.0;0.017391304347826087
24;20;917;462.0;0.028654098510742188;462.0;1;0.02920699119567871;[22, 23, 2, 13, 11, 4, 21, 12, 6, 1, 17, 3, 10, 24, 14, 9, 8, 16, 20, 18, 15, 5, 7, 19];0.0;-445.09963768115966;4.227923154830933;-445.36775362318815;1;11.52466893196106;[22, 11, 23, 2, 13, 4, 21, 12, 1, 6, 17, 3, 10, 9, 24, 14, 8, 16, 20, 15, 5, 7, 18, 19];-0.0006020102260374527;-445.3677536231886;1;5;65;6.900755405426025;0.0003888385585867349;0.2867640244678102;0.0013559530673638693;498196.0;497714.0;118.5;0.025760869565217392
24;20;918;366.0;0.02863907814025879;366.0;1;0.028697729110717773;[6, 15, 22, 20, 1, 19, 14, 10, 24, 11, 23, 18, 2, 21, 7, 5, 9, 13, 16, 12, 3, 17, 8, 4];0.0;-578.7798380221653;4.044466495513916;-578.9239130434784;1;18.898207187652588;[19, 6, 15, 22, 24, 20, 1, 14, 10, 11, 23, 18, 2, 7, 5, 9, 16, 12, 21, 3, 17, 8, 13, 4];-0.00024886693754899714;-578.9239130434783;1;5;70;5.9277403354644775;0.0003953016486314409;0.2926347823438711;0.0013508361701410033;518876.0;517277.9999999992;274.0;0.05956521739130435
24;20;919;456.0;0.029158353805541992;456.0;1;0.0298769474029541;[6, 4, 19, 23, 11, 1, 22, 3, 16, 17, 8, 18, 5, 14, 21, 20, 13, 24, 2, 7, 15, 10, 9, 12];0.0;-447.29810789049924;4.356420516967773;-447.48731884057986;1;15.745627880096436;[6, 4, 19, 11, 1, 23, 22, 3, 2, 15, 16, 17, 8, 5, 14, 18, 13, 21, 24, 20, 7, 10, 9, 12];-0.00042282974760232683;-447.48731884057986;3;5;70;7.160014867782593;0.0033447123912664356;0.28928698581960594;0.011561917940380965;499710.0;490080.0;370.0;0.08043478260869565
24;20;920;442.0;0.02859330177307129;442.0;1;0.02897191047668457;[17, 10, 9, 1, 22, 23, 21, 20, 24, 4, 8, 2, 13, 11, 6, 7, 18, 14, 5, 16, 12, 3, 19, 15];0.0;-546.0052795031057;3.967787981033325;-546.159420289855;1;12.103454113006592;[17, 10, 9, 1, 22, 4, 23, 13, 20, 21, 8, 24, 2, 11, 18, 16, 6, 7, 14, 12, 5, 3, 19, 15];-0.0002822267290885083;-546.1594202898551;1;4;51;3.8472559452056885;0.000832539687545375;0.300032144289197;0.002774834974824901;543234.0;541076.0;245.5;0.05336956521739131
24;30;921;538.0;0.028819799423217773;538.0;1;0.029111385345458984;[6, 7, 14, 8, 24, 10, 17, 21, 19, 22, 9, 11, 12, 5, 1, 2, 15, 23, 4, 3, 20, 18, 16, 13];0.0;-796.5884407193996;7.084219932556152;-797.3876811594203;1;57.443082332611084;[6, 7, 14, 8, 17, 24, 21, 19, 9, 12, 5, 1, 10, 23, 11, 2, 22, 4, 3, 20, 18, 16, 13, 15];-0.0010023235358470606;-797.3876811594203;1;6;120;15.70121693611145;0.0005151691726252849;0.2855141893254416;0.001804355761941038;733418.0;728064.0;349.0;0.0758695652173913
24;30;922;590.0;0.028160572052001953;590.0;1;0.028102397918701172;[17, 21, 13, 10, 11, 24, 15, 19, 9, 20, 1, 3, 7, 18, 5, 14, 4, 6, 2, 23, 12, 22, 8, 16];0.0;-835.7075785024156;6.707602024078369;-835.7101449275364;1;7.871525764465332;[17, 21, 13, 10, 11, 19, 1, 18, 24, 3, 15, 14, 9, 20, 7, 2, 5, 23, 12, 4, 6, 22, 8, 16];-3.070951257844179e-06;-835.7101449275366;1;5;92;0.70326828956604;0.002487795719109953;0.29614493763836497;0.008400601877408775;786834.0;777762.0000000063;358.5;0.07793478260869566
24;30;923;508.0;0.028847217559814453;508.0;1;0.029480695724487305;[24, 8, 10, 9, 6, 13, 23, 4, 5, 22, 15, 18, 7, 17, 21, 16, 14, 11, 1, 12, 20, 2, 19, 3];0.0;-822.0094605475039;6.755666494369507;-822.157608695652;1;15.278125524520874;[9, 24, 8, 10, 6, 13, 4, 5, 7, 23, 22, 15, 17, 18, 21, 16, 14, 11, 1, 12, 20, 2, 3, 19];-0.00018019434057559014;-822.1576086956522;1;4;75;1.618635892868042;0.0009348505676072261;0.2841411326247095;0.0032900923529504134;731300.0;728474.0;182.5;0.03967391304347826
24;30;924;796.0;0.028288841247558594;796.0;1;0.028462648391723633;[16, 8, 1, 24, 9, 12, 4, 5, 3, 11, 10, 18, 6, 15, 7, 22, 2, 19, 17, 13, 14, 20, 23, 21];0.0;-542.1176876765046;7.168087482452393;-542.5742753623185;1;52.070714235305786;[16, 1, 8, 9, 4, 12, 3, 24, 5, 11, 10, 18, 6, 15, 7, 22, 17, 14, 2, 19, 20, 13, 23, 21];-0.0008415210719473487;-542.5742753623188;3;7;143;23.054948806762695;0.0004647862010623838;0.2853631219853062;0.0016287535608273738;735074.0;732014.0;181.5;0.03945652173913043
24;30;925;682.0;0.028456687927246094;682.0;1;0.02894735336303711;[23, 2, 14, 8, 7, 5, 22, 11, 12, 3, 9, 24, 15, 20, 4, 6, 18, 1, 17, 19, 10, 21, 13, 16];0.0;-710.2077759197321;6.99702000617981;-710.6340579710143;1;42.58274841308594;[23, 2, 14, 8, 11, 5, 12, 22, 6, 18, 7, 3, 1, 9, 17, 19, 15, 20, 4, 24, 10, 21, 13, 16];-0.0005998615553260978;-710.634057971014;3;6;119;23.84462809562683;0.0025485014018366003;0.29235726249461846;0.008717079165712573;768716.0;758452.0;511.0;0.11108695652173912
24;30;926;596.0;0.028107881546020508;596.0;1;0.028201580047607422;[8, 15, 10, 7, 23, 3, 20, 9, 13, 19, 6, 1, 21, 16, 12, 5, 17, 24, 11, 22, 14, 18, 4, 2];0.0;-784.1923427134831;6.817521810531616;-784.9402173913043;0;54.436586141586304;[8, 7, 15, 10, 23, 9, 1, 3, 19, 21, 12, 20, 13, 6, 16, 5, 17, 24, 11, 22, 14, 18, 4, 2];-0.0009527791559804655;-784.9402173913043;7;7;124;26.20954179763794;0.000219844524658952;0.29002297013881956;0.0007580245266563657;757944.0;750924.0;306.0;0.06652173913043478
24;30;927;432.0;0.0290374755859375;432.0;1;0.028374433517456055;[13, 11, 24, 2, 17, 14, 21, 15, 10, 23, 22, 9, 20, 19, 12, 3, 4, 8, 6, 1, 7, 16, 5, 18];0.0;-941.7905279503105;6.851583242416382;-942.2228260869565;1;21.578827381134033;[13, 2, 11, 24, 17, 14, 15, 21, 10, 23, 9, 20, 22, 12, 3, 4, 8, 6, 7, 19, 16, 5, 18, 1];-0.00045880669060127666;-942.2228260869565;1;6;120;7.830955982208252;0.0018068573149387923;0.2904685894212057;0.006220491236381797;757188.0;752738.0;167.0;0.036304347826086956
24;30;928;484.0;0.028949260711669922;484.0;1;0.028801918029785156;[18, 24, 22, 1, 19, 8, 3, 9, 23, 17, 4, 5, 16, 21, 11, 6, 14, 7, 13, 20, 10, 12, 15, 2];0.0;-834.3161922402024;7.102668762207031;-835.146739130435;1;41.98765540122986;[1, 23, 18, 24, 22, 17, 4, 5, 19, 8, 3, 9, 16, 11, 6, 14, 7, 13, 10, 21, 20, 12, 15, 2];-0.000994492166846439;-835.1467391304345;1;5;110;14.635133266448975;0.002532424230052177;0.2843877575330102;0.008904828576378598;728174.0;723522.0;505.5;0.10989130434782608
24;30;929;732.0;0.029019594192504883;732.0;1;0.028115272521972656;[7, 16, 10, 6, 2, 4, 14, 22, 15, 1, 23, 19, 17, 24, 11, 20, 21, 5, 8, 3, 18, 13, 9, 12];0.0;-625.7500000000001;6.79806923866272;-625.8659420289855;1;13.7971932888031;[7, 16, 10, 6, 2, 4, 1, 14, 15, 23, 24, 22, 11, 19, 20, 17, 21, 5, 8, 3, 13, 18, 9, 12];-0.00018525058035512298;-625.8659420289857;1;5;91;3.547365427017212;0.00038216849312255885;0.28703009993786127;0.0013314578965944476;745536.0;742624.0;166.5;0.036195652173913045
24;30;930;532.0;0.028321266174316406;532.0;1;0.028415441513061523;[9, 6, 15, 19, 23, 11, 13, 20, 10, 21, 17, 12, 5, 16, 4, 24, 18, 22, 1, 14, 2, 8, 7, 3];0.0;-887.9874618611747;6.961787939071655;-888.157608695652;1;29.269976377487183;[9, 6, 15, 19, 23, 11, 13, 20, 10, 16, 12, 21, 24, 17, 5, 4, 1, 18, 14, 2, 22, 3, 8, 7];-0.00019157279385040304;-888.157608695652;1;7;124;19.274802446365356;0.0011995888040516878;0.29488040233092894;0.004068051978257449;781362.0;773608.0;155.0;0.03369565217391304
24;40;931;756.0;0.028925657272338867;756.0;1;0.02921009063720703;[23, 3, 1, 21, 11, 4, 16, 8, 17, 19, 2, 24, 5, 9, 18, 15, 20, 10, 6, 13, 12, 22, 7, 14];0.0;-997.4102233676981;9.586858749389648;-998.0507246376808;1;55.338770627975464;[23, 1, 3, 21, 11, 4, 16, 2, 24, 5, 9, 18, 10, 15, 8, 17, 19, 20, 6, 13, 12, 22, 7, 14];-0.0006417522217773142;-998.0507246376811;1;6;157;23.11901068687439;0.001285714986758446;0.28326598939244885;0.004538896425638877;965196.0;960950.0;358.5;0.07793478260869566
24;40;932;1040.0;0.02886819839477539;1040.0;1;0.027895450592041016;[21, 14, 4, 6, 1, 15, 11, 9, 16, 12, 2, 18, 19, 20, 10, 22, 13, 5, 3, 24, 17, 8, 23, 7];0.0;-860.5634057971012;9.020939350128174;-860.9438405797098;1;19.670851945877075;[14, 21, 6, 1, 15, 2, 9, 4, 20, 11, 16, 12, 18, 19, 10, 13, 22, 5, 3, 24, 17, 8, 7, 23];-0.0004418810666587669;-860.94384057971;1;5;116;4.6377575397491455;0.00032544164073888826;0.2950029833483655;0.001103180845986829;1043712.0;1040696.0;306.0;0.06652173913043478
24;40;933;602.0;0.02929544448852539;602.0;1;0.028897762298583984;[7, 6, 11, 2, 23, 14, 22, 8, 20, 1, 13, 19, 10, 4, 12, 3, 18, 21, 5, 9, 17, 15, 24, 16];0.0;-1077.1648003713785;10.486193895339966;-1078.8170289855077;1;104.52059864997864;[7, 2, 14, 22, 8, 20, 13, 4, 21, 12, 6, 11, 17, 23, 19, 1, 3, 10, 18, 5, 15, 9, 24, 16];-0.0015315188486437759;-1078.8170289855072;3;5;134;32.37694311141968;0.0015520193869772436;0.2775872716513387;0.005591104295756923;925504.0;915148.0;832.5;0.18097826086956523
24;40;934;528.0;0.028954029083251953;528.0;1;0.028957843780517578;[4, 1, 19, 18, 23, 16, 22, 15, 11, 3, 20, 10, 7, 5, 8, 21, 24, 6, 9, 13, 17, 12, 2, 14];0.0;-1157.7986771849532;9.506318092346191;-1159.6268115942025;1;99.4572970867157;[4, 1, 19, 18, 23, 16, 22, 15, 3, 8, 20, 11, 21, 10, 7, 5, 24, 6, 9, 2, 13, 14, 17, 12];-0.001576485116566162;-1159.6268115942028;7;9;229;51.646748781204224;0.0004086078960578998;0.27710449150403116;0.001474562515533804;926490.0;923298.0000000005;157.5;0.034239130434782605
24;40;935;592.0;0.029723405838012695;592.0;1;0.029352426528930664;[19, 14, 1, 11, 17, 6, 4, 12, 23, 21, 7, 9, 3, 20, 8, 5, 2, 18, 22, 10, 16, 24, 13, 15];0.0;-1086.6260631021387;10.901531219482422;-1090.259057971014;3;495.1411597728729;[19, 14, 4, 1, 11, 23, 17, 7, 9, 6, 10, 21, 3, 20, 8, 5, 2, 18, 22, 12, 16, 13, 15, 24];-0.0033322308512955257;-1090.2590579710145;11;6;177;65.76556444168091;0.0007125556372660213;0.2774947122233581;0.002567816992103542;924278.0;912644.0;464.0;0.10086956521739131
24;40;936;726.0;0.02856612205505371;726.0;1;0.028723955154418945;[19, 5, 15, 3, 21, 11, 6, 1, 13, 8, 14, 2, 23, 10, 17, 16, 24, 18, 7, 12, 22, 9, 4, 20];0.0;-1009.3455097552174;10.111466407775879;-1010.998188405797;5;141.1803903579712;[19, 5, 3, 21, 15, 1, 11, 13, 10, 6, 17, 8, 14, 2, 23, 16, 24, 18, 12, 7, 9, 22, 4, 20];-0.001634699912949955;-1010.9981884057975;3;9;233;67.01995348930359;0.0008546497359124272;0.2827194744333787;0.003022960259901802;954766.0;949388.0;239.5;0.05206521739130435
24;40;937;590.0;0.028219223022460938;590.0;1;0.028468608856201172;[18, 24, 6, 11, 21, 17, 22, 12, 5, 2, 7, 19, 23, 13, 4, 10, 1, 20, 3, 15, 9, 16, 8, 14];0.0;-1157.8260330288;9.481472969055176;-1159.9637681159418;3;160.63850116729736;[18, 24, 6, 17, 5, 11, 22, 12, 2, 7, 19, 23, 13, 21, 4, 10, 3, 15, 1, 9, 8, 14, 20, 16];-0.0018429326379856281;-1159.9637681159418;9;7;196;50.807307720184326;0.002182110962314243;0.28435076720013197;0.007674011165155142;965132.0;955412.0;295.0;0.0641304347826087
24;40;938;488.0;0.028603553771972656;488.0;1;0.02886199951171875;[21, 7, 1, 17, 15, 12, 20, 19, 9, 16, 22, 13, 24, 18, 6, 23, 11, 10, 2, 8, 14, 5, 3, 4];0.0;-1263.1494941362091;10.05047869682312;-1263.7916666666667;1;40.98982906341553;[21, 7, 1, 17, 15, 12, 19, 20, 22, 6, 9, 16, 13, 11, 24, 18, 23, 2, 10, 8, 14, 3, 5, 4];-0.0005081316386199575;-1263.7916666666663;1;6;153;16.94824528694153;0.0013544220153947073;0.28391551596039005;0.004770510730324675;964124.0;958622.0;163.0;0.035434782608695654
24;40;939;864.0;0.028357982635498047;864.0;1;0.028172969818115234;[13, 11, 16, 3, 7, 20, 12, 23, 17, 9, 14, 8, 21, 4, 15, 10, 2, 5, 24, 18, 1, 6, 22, 19];0.0;-1010.8609132933532;9.16674518585205;-1011.1431159420292;1;35.3381564617157;[20, 13, 11, 16, 12, 3, 7, 23, 17, 9, 14, 8, 4, 21, 2, 15, 5, 10, 24, 18, 1, 6, 22, 19];-0.00027909268651171715;-1011.1431159420288;1;6;158;9.34777283668518;0.0011041759936077922;0.29308682535447317;0.0037674023466334563;1031442.0;1027590.0;195.5;0.0425
24;40;940;480.0;0.028819799423217773;480.0;1;0.028288602828979492;[22, 17, 19, 6, 21, 5, 18, 14, 9, 12, 2, 13, 23, 20, 24, 10, 7, 16, 1, 8, 11, 3, 15, 4];0.0;-1292.8592995169083;9.0571129322052;-1293.472826086956;1;45.10382390022278;[22, 6, 5, 17, 19, 18, 14, 9, 12, 2, 13, 23, 20, 10, 21, 24, 7, 1, 16, 8, 11, 3, 15, 4];-0.00047432505552036375;-1293.4728260869563;3;7;176;16.097305297851562;0.0005288106194921705;0.2838846228166841;0.0018627659865664689;974030.0;969424.0000000031;286.0;0.06217391304347826
24;50;941;738.0;0.029404878616333008;738.0;1;0.02807450294494629;[3, 24, 2, 21, 9, 22, 16, 18, 5, 6, 19, 12, 4, 10, 15, 1, 14, 8, 7, 11, 20, 13, 17, 23];0.0;-1350.037072618811;12.785555362701416;-1350.2083333333346;1;53.78528642654419;[3, 2, 24, 21, 9, 22, 16, 18, 5, 6, 12, 19, 4, 10, 20, 15, 1, 14, 8, 7, 11, 13, 17, 23];-0.0001268402144288805;-1350.2083333333337;1;5;173;15.241724491119385;0.0007790385454577997;0.2762395374662764;0.002820155842292871;1147496.0;1145152.0;89.5;0.019456521739130435
24;50;942;634.0;0.028356552124023438;634.0;1;0.02865004539489746;[11, 8, 23, 15, 19, 13, 24, 16, 6, 12, 18, 4, 5, 20, 17, 1, 3, 7, 10, 21, 14, 2, 22, 9];0.0;-1503.6064595925134;12.797710418701172;-1504.26268115942;1;81.46806788444519;[23, 11, 19, 13, 16, 8, 6, 12, 18, 15, 4, 1, 24, 5, 20, 17, 10, 3, 21, 14, 2, 7, 22, 9];-0.0004362413394453091;-1504.26268115942;1;6;218;22.17257070541382;0.0017175462209854109;0.2804336765729275;0.006124607579142723;1177898.0;1166086.0;406.0;0.08826086956521739
24;50;943;814.0;0.028417110443115234;814.0;1;0.02833104133605957;[11, 17, 21, 16, 14, 20, 9, 1, 8, 18, 7, 6, 22, 2, 15, 4, 12, 13, 10, 5, 19, 3, 23, 24];0.0;-1344.2439740655989;11.702345609664917;-1345.3913043478256;1;68.50546741485596;[11, 17, 16, 18, 21, 14, 20, 1, 8, 7, 9, 2, 15, 4, 6, 10, 22, 12, 13, 5, 19, 3, 23, 24];-0.0008527855639611781;-1345.3913043478265;1;6;177;28.890745639801025;0.0010878870960965292;0.28072287049192807;0.0038753062555614273;1187620.0;1183203.9999999998;292.5;0.06358695652173912
24;50;944;978.0;0.028857946395874023;978.0;1;0.028113365173339844;[11, 9, 12, 5, 13, 3, 23, 6, 21, 16, 24, 14, 4, 22, 8, 17, 1, 2, 15, 20, 18, 10, 7, 19];0.0;-1261.8618357487924;11.30043649673462;-1262.898550724638;1;59.09167408943176;[11, 9, 12, 13, 3, 23, 6, 16, 5, 21, 24, 8, 14, 4, 22, 15, 17, 2, 20, 10, 1, 18, 7, 19];-0.0008209012317345055;-1262.898550724638;5;7;213;26.276307106018066;0.0005667453667913547;0.2867751247003348;0.001976271015080455;1230922.0;1223676.0;205.0;0.04456521739130435
24;50;945;1080.0;0.02835369110107422;1080.0;1;0.02851080894470215;[19, 4, 12, 17, 6, 11, 3, 7, 21, 9, 5, 20, 18, 14, 24, 13, 8, 10, 1, 22, 2, 23, 16, 15];0.0;-1149.6399560769496;11.234172105789185;-1150.9112318840644;1;64.44477200508118;[19, 3, 4, 7, 12, 17, 21, 6, 14, 24, 9, 5, 11, 20, 18, 13, 1, 8, 10, 22, 2, 23, 16, 15];-0.0011045819798227718;-1150.911231884058;5;7;220;23.937106609344482;0.00048100407650808474;0.28487904468144226;0.0016884501878541246;1225138.0;1217045.999999999;429.0;0.0932608695652174
24;50;946;916.0;0.028876066207885742;916.0;1;0.02839946746826172;[8, 4, 16, 15, 21, 6, 14, 13, 10, 11, 2, 23, 19, 9, 12, 17, 1, 20, 3, 22, 18, 5, 24, 7];0.0;-1289.7039349541508;11.646937608718872;-1290.282608695652;1;55.298925161361694;[8, 4, 16, 15, 21, 6, 14, 13, 10, 11, 2, 23, 19, 9, 17, 1, 3, 22, 18, 5, 24, 12, 20, 7];-0.00044848604298108885;-1290.282608695652;1;6;199;15.223412990570068;0.00030664355046050584;0.2841191253282084;0.00107927810247296;1211068.0;1204622.0;92.0;0.02
24;50;947;692.0;0.029331445693969727;692.0;1;0.029126405715942383;[5, 22, 17, 21, 14, 8, 12, 4, 3, 6, 2, 20, 7, 18, 11, 9, 23, 24, 19, 13, 10, 16, 1, 15];0.0;-1407.3200315553925;12.228530645370483;-1407.8586956521738;1;53.59594130516052;[5, 14, 22, 17, 21, 8, 12, 3, 7, 4, 20, 11, 6, 2, 9, 18, 23, 24, 13, 10, 1, 19, 16, 15];-0.000382612330658505;-1407.8586956521738;1;5;162;18.05712389945984;0.0003608501470262482;0.2766358298321294;0.0013044230288073038;1152648.0;1148254.0;244.5;0.05315217391304348
24;50;948;620.0;0.028775930404663086;620.0;1;0.028786420822143555;[24, 20, 11, 13, 23, 19, 1, 3, 7, 9, 21, 14, 6, 22, 2, 8, 5, 16, 4, 12, 10, 17, 18, 15];0.0;-1564.2634504665477;12.038238525390625;-1564.463768115942;1;45.536845684051514;[24, 11, 13, 20, 23, 19, 1, 3, 7, 22, 21, 2, 8, 5, 4, 12, 9, 14, 6, 17, 16, 10, 18, 15];-0.00012804237047658873;-1564.4637681159418;1;5;161;12.470986366271973;0.0014205142208965071;0.28326859688699674;0.005014725375517666;1202448.0;1190406.0;326.5;0.07097826086956521
24;50;949;600.0;0.0291292667388916;600.0;1;0.029158830642700195;[12, 11, 8, 19, 18, 17, 15, 7, 5, 2, 21, 22, 23, 9, 24, 6, 10, 14, 4, 16, 20, 1, 13, 3];0.0;-1521.3035995589162;12.549044370651245;-1522.164855072463;1;58.35627579689026;[12, 11, 8, 18, 19, 17, 15, 7, 5, 2, 21, 9, 6, 22, 24, 10, 14, 23, 4, 16, 20, 1, 13, 3];-0.000565809616926094;-1522.1648550724638;1;5;160;16.627569675445557;0.0005281080199290855;0.2784158518968348;0.0018968317225154711;1165434.0;1160532.0;113.5;0.02467391304347826
24;50;950;674.0;0.02858877182006836;674.0;1;0.028794527053833008;[18, 15, 7, 19, 5, 23, 20, 11, 22, 2, 12, 14, 17, 3, 24, 21, 4, 9, 1, 16, 6, 8, 10, 13];0.0;-1518.1859903381646;11.781319379806519;-1518.6449275362324;1;47.66419792175293;[18, 15, 7, 19, 5, 23, 22, 20, 11, 2, 14, 17, 12, 3, 24, 4, 21, 9, 1, 16, 6, 8, 10, 13];-0.0003022017785371256;-1518.6449275362318;1;6;178;15.02460265159607;0.0002922267679719148;0.2833004959735983;0.0010315081410911062;1203520.0;1200426.0;72.0;0.01565217391304348
24;60;951;852.0;0.02877020835876465;852.0;1;0.02881312370300293;[21, 19, 17, 12, 22, 11, 5, 13, 14, 18, 1, 4, 6, 7, 10, 24, 8, 9, 2, 16, 15, 20, 3, 23];0.0;-1721.1612167191986;15.449213743209839;-1723.6630434782605;1;247.99419784545898;[21, 12, 17, 13, 18, 1, 19, 22, 11, 5, 4, 6, 14, 7, 10, 24, 8, 9, 2, 16, 15, 20, 3, 23];-0.0014514593026334621;-1723.6630434782599;3;8;323;68.10613131523132;0.0005440010395485473;0.2803961025626388;0.0019401162661560915;1414586.0;1403794.0;373.0;0.08108695652173913
24;60;952;904.0;0.02867436408996582;904.0;1;0.028932571411132812;[23, 17, 16, 15, 6, 4, 3, 9, 20, 7, 10, 8, 2, 14, 24, 13, 12, 5, 22, 11, 19, 21, 18, 1];0.0;-1610.3062542130094;15.005363941192627;-1611.789855072464;1;85.94397640228271;[17, 23, 16, 15, 4, 6, 3, 9, 20, 7, 10, 8, 2, 14, 24, 13, 12, 11, 5, 22, 19, 21, 18, 1];-0.0009204679225306434;-1611.789855072464;1;6;227;21.168965339660645;0.0004956141466873065;0.2765447016294702;0.0017921664879747275;1381442.0;1379649.9999999974;57.5;0.0125
24;60;953;1106.0;0.02888011932373047;1106.0;1;0.029165029525756836;[2, 5, 6, 21, 8, 20, 12, 7, 10, 13, 15, 14, 3, 19, 17, 1, 16, 11, 4, 22, 18, 24, 23, 9];0.0;-1433.2866107345571;14.691258668899536;-1435.681159420289;1;142.29893732070923;[2, 5, 6, 21, 12, 13, 8, 14, 20, 7, 15, 3, 19, 1, 10, 16, 4, 23, 11, 17, 22, 18, 9, 24];-0.001667883338873688;-1435.6811594202904;5;6;256;25.24415111541748;0.0011351590106006837;0.27869443319224674;0.0040731312699656165;1398016.0;1387292.0;316.5;0.06880434782608695
24;60;954;506.0;0.02980971336364746;506.0;1;0.029336214065551758;[10, 12, 21, 15, 7, 24, 13, 16, 20, 23, 8, 1, 6, 18, 14, 19, 5, 17, 2, 22, 4, 11, 3, 9];0.0;-1942.680447013919;16.530477285385132;-1945.141304347826;3;284.6366195678711;[10, 12, 21, 7, 13, 23, 22, 15, 8, 16, 1, 6, 18, 20, 14, 24, 19, 5, 17, 2, 4, 11, 3, 9];-0.0012651303678588022;-1945.1413043478265;3;6;262;54.69248938560486;0.0020288511783564944;0.27408978027514486;0.007402140920102287;1351358.0;1338572.0;522.0;0.11347826086956522
24;60;955;570.0;0.02919459342956543;570.0;1;0.029642581939697266;[16, 18, 20, 15, 9, 4, 12, 24, 6, 13, 8, 23, 2, 21, 3, 11, 19, 22, 10, 14, 7, 5, 17, 1];0.0;-1986.3669016842937;15.043973922729492;-1987.9655797101454;3;134.5097780227661;[16, 18, 4, 20, 15, 9, 12, 24, 6, 13, 8, 2, 23, 3, 11, 21, 10, 7, 22, 14, 5, 19, 17, 1];-0.000804177920467275;-1987.9655797101448;5;7;259;35.91973114013672;0.00044030617790846716;0.27884497976945577;0.0015790357003109927;1404456.0;1400652.0;154.5;0.03358695652173913
24;60;956;982.0;0.02811884880065918;982.0;1;0.027843952178955078;[2, 22, 18, 6, 1, 15, 24, 17, 10, 14, 11, 19, 21, 20, 3, 16, 13, 9, 23, 7, 12, 8, 4, 5];0.0;-1656.4880952380959;14.173046350479126;-1657.2028985507245;1;43.46249032020569;[2, 22, 18, 6, 1, 15, 24, 10, 17, 11, 21, 13, 20, 14, 3, 16, 9, 23, 19, 7, 12, 8, 4, 5];-0.00043133119864424696;-1657.2028985507245;1;6;228;6.129265546798706;0.0008702032366756374;0.28384473249859715;0.003065772012097981;1450752.0;1443156.0;190.5;0.04141304347826087
24;60;957;828.0;0.028611183166503906;828.0;1;0.02900099754333496;[17, 4, 3, 2, 22, 13, 1, 18, 23, 16, 11, 20, 15, 12, 21, 9, 8, 24, 10, 6, 5, 14, 19, 7];0.0;-1723.1074549182993;14.919575214385986;-1724.7047101449275;5;164.33708691596985;[3, 2, 17, 22, 16, 4, 1, 18, 20, 15, 13, 23, 12, 21, 11, 9, 8, 24, 10, 5, 6, 14, 19, 7];-0.0009261035916658944;-1724.704710144927;11;10;358;69.79879450798035;0.0003191580864121413;0.27934868403607593;0.001142507928803861;1401144.0;1394480.0;375.0;0.08152173913043478
24;60;958;674.0;0.029007673263549805;674.0;1;0.029374122619628906;[23, 15, 18, 1, 22, 10, 13, 9, 11, 8, 14, 7, 3, 24, 16, 21, 12, 20, 4, 17, 2, 6, 19, 5];0.0;-1887.6739993098693;14.68415641784668;-1888.063405797101;1;74.50722742080688;[23, 15, 18, 1, 22, 10, 13, 11, 16, 8, 2, 14, 7, 21, 9, 3, 24, 12, 20, 4, 17, 6, 19, 5];-0.00020624650953782186;-1888.0634057971015;1;5;217;10.062576055526733;0.0015795513886865953;0.28005398395686365;0.005640167536162926;1410854.0;1404014.0;309.0;0.06717391304347826
24;60;959;720.0;0.028577089309692383;720.0;1;0.028483867645263672;[6, 1, 17, 14, 9, 21, 12, 15, 4, 3, 24, 20, 10, 8, 23, 11, 22, 7, 16, 2, 13, 18, 19, 5];0.0;-1747.7036423780469;16.137209177017212;-1750.3007246376815;1;262.55300307273865;[6, 1, 17, 14, 9, 21, 4, 12, 15, 3, 24, 20, 10, 8, 23, 11, 2, 22, 16, 13, 18, 19, 7, 5];-0.0014837920267514182;-1750.3007246376815;3;6;243;55.90071511268616;0.00029044712721637556;0.27392312352068526;0.0010603235078634845;1355668.0;1352420.0;81.0;0.017608695652173913
24;60;960;696.0;0.02870464324951172;696.0;1;0.028577566146850586;[2, 21, 3, 24, 19, 4, 14, 9, 5, 20, 18, 23, 15, 7, 17, 10, 13, 16, 8, 12, 11, 1, 22, 6];0.0;-1758.9414353543293;15.562425374984741;-1760.315217391304;1;140.07283425331116;[2, 21, 3, 24, 19, 4, 14, 9, 5, 20, 23, 7, 17, 10, 15, 18, 13, 16, 8, 12, 11, 1, 22, 6];-0.0007804182020368922;-1760.315217391305;1;5;201;23.662358045578003;0.00017121755135551808;0.27252110048104283;0.0006282726403691019;1347528.0;1344708.0;101.0;0.021956521739130434
24;70;961;1044.0;0.02875494956970215;1044.0;1;0.02925729751586914;[7, 9, 5, 8, 1, 19, 22, 18, 14, 20, 3, 24, 6, 11, 17, 10, 15, 2, 13, 12, 16, 21, 23, 4];0.0;-1884.3030604338194;18.06544780731201;-1885.4003623188403;1;115.75543093681335;[7, 9, 5, 8, 1, 19, 22, 18, 17, 14, 20, 3, 6, 11, 10, 15, 2, 24, 13, 12, 16, 21, 23, 4];-0.0005819994028596343;-1885.4003623188391;1;5;234;18.87417721748352;0.0004889516197126298;0.27679024509941413;0.001766505967495401;1608538.0;1604277.9999999977;146.0;0.03173913043478261
24;70;962;850.0;0.02901005744934082;850.0;1;0.02887248992919922;[24, 2, 12, 18, 17, 9, 13, 4, 11, 20, 8, 10, 7, 15, 23, 6, 14, 5, 21, 22, 1, 3, 19, 16];0.0;-2003.6619021988104;19.733821630477905;-2005.5615942028971;1;177.48648929595947;[24, 2, 12, 18, 17, 9, 4, 13, 8, 11, 20, 15, 10, 7, 14, 23, 6, 5, 21, 3, 22, 1, 19, 16];-0.0009472119976657867;-2005.5615942028985;7;6;281;50.047438621520996;0.0003060659981752867;0.27295129079565683;0.0011213209407550336;1567128.0;1562544.0;104.0;0.022608695652173914
24;70;963;740.0;0.02845597267150879;740.0;1;0.028213024139404297;[20, 11, 19, 9, 6, 16, 5, 15, 22, 8, 14, 10, 4, 24, 23, 1, 17, 18, 13, 3, 12, 21, 7, 2];0.0;-2150.663722826087;18.72598361968994;-2153.365942028985;1;222.20598578453064;[19, 20, 11, 9, 6, 16, 5, 22, 10, 15, 1, 8, 23, 14, 17, 18, 4, 13, 24, 3, 12, 21, 2, 7];-0.0012548815555019077;-2153.3659420289855;3;5;233;31.480576276779175;0.0009468903651250749;0.2759328462422644;0.0034315971368400304;1590632.0;1580064.0000000088;267.0;0.058043478260869565
24;70;964;952.0;0.028217554092407227;952.0;1;0.028049945831298828;[7, 9, 6, 3, 16, 24, 18, 1, 22, 11, 23, 4, 19, 14, 20, 13, 5, 8, 15, 17, 12, 21, 10, 2];0.0;-2006.5688405797102;16.679508924484253;-2006.6340579710168;1;31.040513515472412;[3, 7, 9, 16, 6, 24, 22, 18, 1, 11, 23, 4, 19, 14, 20, 13, 5, 8, 15, 17, 12, 21, 10, 2];-3.250088926154415e-05;-2006.6340579710147;1;5;204;1.5930202007293701;0.0002752978556670449;0.27821805725377097;0.000989503910653569;1623734.0;1622574.0;127.5;0.027717391304347826
24;70;965;1098.0;0.028786182403564453;1098.0;1;0.028394460678100586;[10, 18, 2, 1, 21, 23, 14, 9, 3, 17, 7, 6, 15, 20, 5, 8, 16, 4, 11, 24, 12, 19, 22, 13];0.0;-1798.9706468614283;18.666828393936157;-1801.2047101449275;1;188.07114148139954;[10, 2, 18, 14, 1, 21, 9, 3, 6, 15, 17, 5, 23, 7, 24, 12, 20, 4, 8, 16, 11, 19, 22, 13];-0.0012403161455865064;-1801.2047101449277;5;5;236;35.01439428329468;0.0007865968831098913;0.27466249176562146;0.0028638671339992075;1593146.0;1586528.0;377.5;0.08206521739130435
24;70;966;874.0;0.029332876205444336;874.0;1;0.02889275550842285;[14, 2, 18, 22, 24, 11, 5, 1, 12, 3, 23, 20, 16, 21, 4, 7, 6, 10, 13, 17, 15, 8, 19, 9];0.0;-2000.5352107886076;18.20572328567505;-2003.760869565217;3;246.720144033432;[14, 2, 24, 18, 11, 1, 22, 5, 12, 16, 21, 4, 7, 6, 3, 17, 10, 20, 15, 23, 13, 8, 19, 9];-0.001609802260141624;-2003.760869565217;5;6;285;38.618011236190796;0.00043020425391315786;0.27395944277954054;0.001570320955351592;1579860.0;1569242.0;391.0;0.085
24;70;967;946.0;0.02895832061767578;946.0;1;0.029410839080810547;[17, 8, 3, 19, 14, 5, 2, 21, 18, 10, 1, 23, 16, 11, 20, 4, 9, 6, 13, 7, 22, 15, 24, 12];0.0;-1922.5730676328506;16.977198123931885;-1923.0344202898555;1;42.48711037635803;[17, 8, 3, 19, 14, 5, 2, 21, 18, 10, 1, 23, 16, 11, 20, 4, 9, 6, 13, 7, 22, 15, 24, 12];-0.00023990868397216758;-1923.0344202898555;1;5;221;6.243024587631226;-1.7319479184152442e-14;0.27257570310435786;-6.354006973806295e-14;1573232.0;1573232.00000008;0.0;0.0
24;70;968;710.0;0.029296159744262695;710.0;1;0.02859330177307129;[7, 23, 18, 15, 14, 5, 4, 9, 2, 13, 16, 1, 22, 19, 12, 10, 24, 17, 3, 20, 8, 21, 6, 11];0.0;-2152.387449923643;19.50554370880127;-2153.867753623187;1;192.70275402069092;[7, 18, 23, 15, 14, 5, 4, 9, 2, 13, 1, 22, 19, 10, 24, 17, 12, 3, 20, 8, 6, 21, 16, 11];-0.0006872769681676161;-2153.867753623188;1;5;220;31.223814487457275;0.0008415864190910449;0.2735853402169411;0.003076138576810088;1573934.0;1568209.9999999993;191.5;0.041630434782608694
24;70;969;952.0;0.028974294662475586;952.0;1;0.029226303100585938;[20, 4, 19, 22, 14, 8, 7, 15, 9, 3, 1, 13, 16, 5, 12, 2, 24, 21, 10, 17, 6, 23, 18, 11];0.0;-1907.683606357231;20.53344225883484;-1908.159420289856;1;160.2022566795349;[20, 4, 19, 22, 8, 7, 15, 9, 3, 1, 10, 12, 16, 14, 13, 5, 2, 24, 17, 23, 21, 6, 18, 11];-0.00024935753667409966;-1908.1594202898548;1;5;230;18.403076887130737;0.0016448913020562506;0.2743136203918766;0.0059963894600144375;1575252.0;1565080.0;313.0;0.06804347826086957
24;70;970;1034.0;0.02919936180114746;1034.0;1;0.02897930145263672;[15, 2, 19, 14, 8, 21, 18, 12, 6, 11, 9, 5, 3, 7, 24, 10, 1, 16, 4, 17, 20, 23, 13, 22];0.0;-1899.1527761401785;19.286778688430786;-1901.2210144927535;1;197.30702829360962;[15, 19, 14, 8, 21, 18, 2, 12, 6, 11, 9, 7, 5, 24, 10, 1, 16, 20, 4, 3, 13, 17, 23, 22];-0.0010878474079599743;-1901.221014492754;1;6;299;31.212005853652954;0.0005872907984916242;0.27754611146632896;0.0021160116255596415;1612166.0;1605292.0;217.5;0.04728260869565217
24;80;971;626.0;0.02928900718688965;626.0;1;0.029323101043701172;[17, 9, 3, 11, 12, 19, 10, 24, 15, 1, 7, 23, 22, 13, 20, 18, 5, 21, 2, 8, 14, 6, 16, 4];0.0;-2547.20685091224;25.35841655731201;-2554.409420289855;13;1217.8930909633636;[17, 9, 3, 11, 12, 10, 19, 24, 15, 1, 7, 23, 22, 13, 20, 18, 5, 21, 2, 8, 6, 16, 14, 4];-0.00281966129642508;-2554.409420289854;9;8;432;127.24889540672302;0.00019946659589531457;0.2694029788523164;0.0007404023398147348;1744776.0;1742730.0;26.5;0.005760869565217391
24;80;972;784.0;0.029094219207763672;784.0;1;0.02859210968017578;[23, 5, 16, 9, 18, 19, 24, 1, 3, 11, 14, 20, 12, 13, 4, 10, 8, 2, 17, 15, 6, 21, 7, 22];0.0;-2475.2765609676367;21.73509192466736;-2476.192028985507;1;113.19585967063904;[23, 5, 16, 9, 18, 24, 19, 1, 3, 11, 14, 12, 4, 20, 13, 10, 8, 2, 17, 15, 6, 21, 7, 22];-0.0003697080061457747;-2476.1920289855075;1;6;299;23.74674654006958;1.7584618650312578e-05;0.2723383278894997;6.456901893532766e-05;1787796.0;1785508.0;56.0;0.01217391304347826
24;80;973;776.0;0.029157638549804688;776.0;1;0.028374910354614258;[7, 24, 14, 1, 9, 10, 23, 12, 21, 20, 11, 17, 16, 22, 6, 3, 2, 13, 8, 18, 4, 5, 19, 15];0.0;-2491.126899918583;22.287511348724365;-2493.5615942028985;1;229.9202823638916;[7, 24, 14, 1, 9, 10, 23, 21, 20, 11, 17, 22, 6, 3, 12, 16, 2, 13, 8, 18, 4, 5, 19, 15];-0.0009763922776062639;-2493.5615942028985;3;6;323;40.059457302093506;0.0002606959495620176;0.27265844199778666;0.000956126454959109;1794104.0;1792856.0;144.5;0.03141304347826087
24;80;974;756.0;0.0291597843170166;756.0;1;0.02878713607788086;[10, 6, 18, 15, 14, 2, 3, 12, 13, 24, 16, 11, 4, 21, 7, 19, 23, 17, 20, 9, 5, 1, 22, 8];0.0;-2409.363080294461;24.392789363861084;-2412.594202898549;1;404.6195752620697;[10, 6, 18, 2, 15, 3, 12, 14, 13, 24, 16, 11, 21, 7, 19, 4, 23, 17, 20, 9, 5, 1, 22, 8];-0.0013392731360318821;-2412.5942028985496;3;6;339;61.6188530921936;0.0003320216220611405;0.26918397182381715;0.0012334375624654616;1738908.0;1736238.0;114.5;0.024891304347826087
24;80;975;868.0;0.02849864959716797;868.0;1;0.02847433090209961;[14, 11, 9, 15, 24, 16, 4, 2, 13, 20, 7, 19, 1, 8, 23, 22, 3, 12, 17, 21, 10, 5, 18, 6];0.0;-2382.947744439821;22.944039344787598;-2391.0090579710145;85;1285.3329079151154;[14, 11, 9, 16, 15, 2, 4, 13, 1, 20, 7, 24, 19, 8, 22, 3, 12, 17, 23, 21, 10, 5, 18, 6];-0.003371511079943157;-2391.0090579710145;147;11;554;337.3950779438019;0.0004002461051996198;0.2729549010587956;0.001466345186135365;1788986.0;1780466.0000000265;251.5;0.05467391304347826
24;80;976;1182.0;0.0284726619720459;1182.0;1;0.028543472290039062;[20, 3, 11, 19, 12, 21, 4, 15, 18, 1, 10, 13, 14, 8, 5, 6, 2, 7, 17, 9, 23, 22, 16, 24];0.0;-2181.994836956522;20.995769023895264;-2184.431159420289;1;149.6502447128296;[11, 20, 3, 12, 21, 4, 15, 18, 13, 5, 6, 19, 1, 10, 14, 2, 8, 7, 17, 9, 23, 22, 16, 24];-0.0011153120817108952;-2184.4311594202895;1;7;320;32.41497826576233;0.0004698964269959083;0.27807862001569367;0.0016897970328297414;1848462.0;1835186.0;352.0;0.07652173913043478
24;80;977;554.0;0.0284116268157959;554.0;1;0.028634071350097656;[19, 9, 23, 22, 10, 24, 7, 21, 16, 5, 18, 17, 8, 14, 12, 3, 15, 4, 11, 2, 1, 20, 13, 6];0.0;-2720.5650385140807;22.26688265800476;-2725.358695652174;5;411.2905740737915;[9, 19, 23, 10, 7, 18, 21, 24, 17, 16, 5, 22, 8, 14, 12, 3, 4, 15, 11, 2, 1, 20, 13, 6];-0.0017589087064908693;-2725.3586956521744;7;8;450;70.68271851539612;0.0007866431680082497;0.2743696634550969;0.002867092367655257;1802038.0;1794980.0;327.0;0.07108695652173913
24;80;978;1056.0;0.0285646915435791;1056.0;1;0.03731417655944824;[21, 17, 10, 7, 2, 13, 11, 1, 18, 9, 20, 19, 12, 5, 23, 16, 15, 3, 22, 8, 14, 24, 6, 4];0.0;-2245.529371190573;21.30730652809143;-2247.0416666666665;3;201.62663960456848;[21, 17, 10, 2, 13, 7, 11, 1, 18, 20, 12, 5, 9, 23, 16, 8, 15, 14, 3, 6, 19, 4, 22, 24];-0.000673016214397637;-2247.0416666666656;5;7;367;51.59559226036072;0.0009564025547280641;0.27539223487700676;0.0034728740814177427;1815886.0;1800292.0;239.5;0.05206521739130435
24;80;979;808.0;0.028667449951171875;808.0;1;0.02841806411743164;[21, 15, 6, 5, 16, 17, 2, 19, 10, 22, 1, 7, 20, 11, 23, 13, 8, 24, 9, 18, 3, 4, 12, 14];0.0;-2435.9133786026623;22.561660289764404;-2439.798913043478;7;535.8077573776245;[21, 15, 6, 5, 16, 17, 19, 22, 1, 8, 7, 2, 11, 10, 13, 9, 20, 24, 3, 4, 12, 23, 18, 14];-0.001592563395304114;-2439.7989130434785;9;7;377;71.78909206390381;0.0003730221790669841;0.27249797195760395;0.0013688989183560604;1782688.0;1772096.0;334.0;0.07260869565217391
24;80;980;648.0;0.029124021530151367;648.0;1;0.027829885482788086;[6, 24, 19, 14, 12, 9, 21, 15, 1, 17, 20, 16, 3, 4, 22, 18, 8, 10, 11, 5, 23, 13, 7, 2];0.0;-2657.0155638432057;21.352356433868408;-2660.447463768116;1;407.8955237865448;[6, 24, 12, 14, 21, 20, 19, 9, 3, 15, 1, 17, 4, 16, 22, 18, 8, 10, 11, 5, 23, 13, 7, 2];-0.001289970943477936;-2660.4474637681164;5;7;359;59.17956757545471;0.00016054774721341314;0.27457499583607337;0.000584713647084104;1815036.0;1812061.9999999953;272.5;0.05923913043478261
24;90;981;730.0;0.029139041900634766;730.0;1;0.029076337814331055;[13, 7, 16, 10, 6, 8, 12, 24, 1, 17, 9, 15, 3, 21, 2, 20, 23, 18, 14, 5, 19, 11, 22, 4];0.0;-2868.2485315383074;26.965401887893677;-2875.3586956521735;5;995.8614733219147;[13, 21, 6, 7, 16, 8, 12, 24, 1, 17, 15, 2, 10, 20, 23, 9, 3, 18, 14, 5, 11, 19, 22, 4];-0.0024727920466470765;-2875.3586956521744;11;6;387;94.64122724533081;0.000965418716586397;0.2713211678652262;0.0035582137736704382;1982044.0;1961471.9999999993;529.5;0.11510869565217391
24;90;982;562.0;0.02909398078918457;562.0;1;0.028841495513916016;[23, 5, 9, 3, 17, 14, 21, 22, 12, 24, 11, 10, 19, 18, 6, 4, 8, 15, 7, 13, 16, 20, 1, 2];0.0;-3007.904673521157;28.530919790267944;-3011.82427536232;1;466.06623792648315;[23, 10, 5, 9, 3, 21, 17, 22, 12, 11, 18, 4, 14, 15, 24, 19, 7, 6, 13, 16, 20, 1, 2, 8];-0.001301404558435415;-3011.824275362319;5;6;382;70.18158626556396;0.001032170762992557;0.2699082449597637;0.0038241542534072155;1965030.0;1947416.0;503.0;0.10934782608695652
24;90;983;776.0;0.028928518295288086;776.0;1;0.028907060623168945;[16, 22, 1, 4, 24, 14, 13, 23, 10, 2, 20, 12, 11, 6, 9, 21, 18, 17, 15, 7, 5, 3, 8, 19];0.0;-2836.6779355429794;25.851016998291016;-2838.996376811594;1;258.659015417099;[16, 22, 1, 24, 10, 23, 14, 4, 11, 13, 20, 6, 9, 21, 18, 15, 7, 2, 12, 17, 5, 3, 8, 19];-0.0008166411509190619;-2838.996376811593;3;5;320;36.964067697525024;0.0009821915138802373;0.2711582745768345;0.003622207418943901;1987428.0;1977768.0;414.5;0.09010869565217391
24;90;984;932.0;0.028791427612304688;932.0;1;0.028906822204589844;[22, 11, 12, 1, 2, 15, 5, 14, 23, 24, 16, 20, 4, 3, 9, 21, 19, 10, 8, 18, 7, 13, 17, 6];0.0;-2709.876415072934;25.956522703170776;-2712.8822463768115;1;290.46192836761475;[22, 11, 1, 12, 2, 15, 5, 14, 23, 24, 16, 20, 4, 3, 9, 21, 19, 8, 18, 10, 7, 13, 17, 6];-0.0011079844353333312;-2712.8822463768106;1;7;410;70.96390986442566;0.0002485593540890729;0.27182510153240846;0.0009144091281041546;1999954.0;1998622.0;35.5;0.007717391304347826
24;90;985;1610.0;0.028633594512939453;1610.0;1;0.028682708740234375;[20, 3, 2, 6, 11, 10, 15, 14, 16, 4, 21, 12, 1, 5, 24, 19, 23, 22, 13, 9, 17, 8, 18, 7];0.0;-2195.0511238025056;22.499878883361816;-2196.5307971014495;1;85.31575345993042;[20, 3, 2, 6, 15, 14, 16, 4, 1, 11, 21, 12, 5, 10, 24, 19, 9, 23, 22, 13, 17, 8, 18, 7];-0.0006736410438207274;-2196.5307971014495;3;5;311;9.885812759399414;0.000652895249261487;0.2784598177873886;0.0023446659358227037;2091116.0;2079861.9999998126;287.5;0.0625
24;90;986;876.0;0.02873373031616211;876.0;1;0.028748750686645508;[23, 4, 12, 1, 7, 9, 3, 8, 14, 24, 17, 16, 6, 18, 13, 19, 11, 10, 21, 20, 15, 5, 22, 2];0.0;-2749.590364044168;25.548165798187256;-2751.4474637681155;1;149.4839379787445;[23, 4, 12, 1, 7, 9, 3, 8, 14, 24, 6, 17, 18, 21, 16, 13, 19, 11, 20, 15, 10, 5, 22, 2];-0.0006749537283202711;-2751.4474637681164;3;9;437;35.14127469062805;9.576492703067263e-05;0.2712235069551847;0.0003530849081104767;1989550.0;1986834.0;103.5;0.0225
24;90;987;1096.0;0.028504371643066406;1096.0;1;0.02860879898071289;[5, 16, 4, 9, 18, 19, 6, 24, 2, 20, 17, 21, 12, 11, 15, 7, 3, 10, 8, 14, 1, 22, 23, 13];0.0;-2571.726641268821;25.444652318954468;-2577.021739130435;3;543.833687543869;[5, 9, 18, 19, 4, 6, 24, 2, 20, 17, 21, 16, 12, 11, 15, 7, 3, 10, 8, 14, 1, 22, 23, 13];-0.002054735426252452;-2577.021739130434;7;6;386;68.59291076660156;0.0002634577733457988;0.273062251700131;0.0009648267810928346;2015526.0;2007500.0;273.5;0.059456521739130436
24;90;988;698.0;0.02877974510192871;698.0;1;0.028837919235229492;[24, 18, 20, 11, 17, 8, 13, 7, 21, 12, 5, 3, 10, 23, 4, 14, 1, 2, 6, 22, 19, 15, 16, 9];0.0;-2937.2084604401807;26.861292839050293;-2941.507246376811;1;488.40861654281616;[18, 20, 24, 8, 11, 17, 13, 7, 21, 12, 5, 3, 10, 23, 22, 19, 4, 14, 1, 2, 16, 6, 9, 15];-0.0014614228613325508;-2941.507246376812;3;6;372;64.8621187210083;0.000738282429850079;0.27220861832099724;0.002712193443410643;1999626.0;1995676.0;187.5;0.04076086956521739
24;90;989;1312.0;0.028201818466186523;1312.0;1;0.02824687957763672;[15, 2, 23, 1, 20, 7, 16, 10, 8, 13, 21, 4, 12, 24, 6, 3, 5, 9, 14, 19, 22, 11, 17, 18];0.0;-2451.9250532821825;23.30935025215149;-2455.373188405797;7;388.3222658634186;[15, 2, 20, 23, 7, 1, 16, 10, 5, 8, 14, 13, 21, 4, 12, 24, 6, 3, 9, 19, 22, 11, 17, 18];-0.0014043222186739257;-2455.373188405796;15;7;403;67.02326655387878;0.00021061117586862466;0.27675371210048094;0.0007610057847829628;2067172.0;2058319.9999999846;279.5;0.06076086956521739
24;90;990;1244.0;0.029211044311523438;1244.0;1;0.028869152069091797;[16, 10, 18, 2, 13, 5, 11, 14, 7, 4, 17, 21, 15, 19, 1, 6, 3, 20, 22, 23, 12, 24, 8, 9];0.0;-2453.567273495155;24.65717887878418;-2455.284420289855;1;154.494286775589;[16, 10, 18, 2, 11, 13, 7, 19, 5, 14, 17, 21, 3, 15, 1, 6, 4, 20, 22, 23, 12, 24, 8, 9];-0.0006993677720226188;-2455.2844202898536;3;7;408;37.627830028533936;0.0006286824656925871;0.2744060039252445;0.0022910667284956965;2031946.0;2021954.0;284.5;0.06184782608695652
24;100;991;1094.0;0.030226469039916992;1094.0;1;0.029209375381469727;[11, 3, 14, 7, 13, 15, 16, 1, 10, 9, 6, 4, 20, 8, 24, 22, 23, 19, 12, 5, 18, 2, 21, 17];0.0;-2865.125334183977;29.53450655937195;-2872.721014492754;9;1101.5559628009796;[11, 3, 14, 7, 13, 15, 9, 16, 8, 10, 24, 6, 22, 23, 1, 4, 19, 12, 5, 18, 2, 21, 20, 17];-0.0026440716903789463;-2872.721014492753;37;8;535;163.5704152584076;0.000394718210734446;0.26902932477689606;0.0014671939985047458;2177278.0;2168330.0000000196;344.5;0.0748913043478261
24;100;992;954.0;0.028279781341552734;954.0;1;0.028655529022216797;[3, 22, 13, 10, 7, 23, 12, 6, 1, 17, 16, 5, 9, 14, 18, 8, 20, 19, 21, 2, 15, 4, 11, 24];0.0;-3022.2750475316293;29.390258073806763;-3024.478260869565;3;330.78094506263733;[3, 22, 13, 10, 7, 23, 12, 18, 6, 1, 17, 16, 5, 9, 19, 14, 8, 20, 21, 4, 2, 15, 11, 24];-0.0007284606295375751;-3024.478260869565;3;7;409;73.12947511672974;0.0004493658121935695;0.2699077828360059;0.0016648864566702808;2184090.0;2177026.000000008;147.0;0.03195652173913043
24;100;993;1428.0;0.028482437133789062;1428.0;1;0.028571605682373047;[16, 23, 12, 6, 3, 11, 5, 4, 2, 9, 24, 10, 7, 20, 18, 17, 13, 21, 1, 19, 15, 8, 22, 14];0.0;-2674.961791831357;25.576407432556152;-2676.054347826089;1;116.4009702205658;[16, 12, 23, 6, 3, 11, 5, 4, 2, 13, 9, 10, 7, 18, 24, 21, 20, 17, 1, 19, 15, 8, 22, 14];-0.0004082712279813716;-2676.054347826088;1;6;393;14.055965185165405;0.0005172185951125563;0.27387243131727573;0.0018885383703092368;2253596.0;2244994.0;186.5;0.04054347826086956
24;100;994;1184.0;0.0283966064453125;1184.0;1;0.028664350509643555;[3, 8, 20, 13, 18, 5, 24, 10, 2, 21, 9, 15, 14, 7, 19, 12, 11, 6, 17, 4, 1, 23, 22, 16];0.0;-2892.499923193554;25.955865144729614;-2895.6757246376815;1;319.42129468917847;[3, 8, 20, 13, 18, 5, 24, 2, 10, 21, 9, 15, 14, 7, 19, 12, 11, 6, 17, 4, 22, 1, 23, 16];-0.0010967393265435277;-2895.6757246376806;3;6;393;48.09575438499451;9.947810836852256e-05;0.2726133850504255;0.00036490544420671796;2237678.0;2235982.0;24.5;0.005326086956521739
24;100;995;1054.0;0.02890610694885254;1054.0;1;0.02827000617980957;[13, 19, 3, 2, 22, 24, 6, 21, 18, 1, 23, 5, 8, 9, 15, 12, 20, 10, 17, 11, 4, 16, 7, 14];0.0;-3006.752310941714;26.381356716156006;-3009.161231884057;1;248.9764473438263;[13, 19, 22, 3, 2, 1, 24, 6, 17, 21, 18, 23, 5, 8, 15, 10, 11, 9, 4, 7, 12, 20, 16, 14];-0.0008005290367358864;-3009.161231884057;3;8;493;60.197771310806274;0.0007902820754481787;0.2722630346100674;0.0029026418389114534;2232702.0;2220268.0;351.0;0.07630434782608696
24;100;996;1312.0;0.028682947158813477;1312.0;1;0.02849888801574707;[22, 3, 8, 17, 6, 19, 2, 21, 11, 12, 1, 16, 4, 7, 5, 13, 10, 24, 18, 14, 9, 15, 23, 20];0.0;-2727.784369852075;28.670514822006226;-2734.306159420288;11;1225.9003171920776;[17, 21, 1, 22, 8, 6, 2, 11, 3, 4, 12, 19, 16, 7, 5, 13, 10, 24, 18, 14, 9, 15, 23, 20];-0.002385171662560248;-2734.3061594202895;11;9;594;171.7172749042511;9.723569680564204e-05;0.2718738611048669;0.0003576500381849375;2219324.0;2206624.0;551.0;0.11978260869565217
24;100;997;1154.0;0.028612136840820312;1154.0;1;0.029034137725830078;[15, 14, 19, 6, 9, 23, 1, 13, 8, 24, 3, 11, 10, 2, 16, 5, 12, 4, 17, 21, 22, 7, 18, 20];0.0;-2887.992474392498;28.54691433906555;-2895.8768115942044;37;1286.7549817562103;[15, 16, 14, 19, 6, 9, 1, 23, 8, 13, 24, 3, 11, 12, 10, 4, 21, 2, 22, 5, 7, 17, 18, 20];-0.0027226079404136794;-2895.876811594203;17;7;478;141.07425570487976;0.0003206384267304685;0.2720010084037727;0.0011788133750390212;2222610.0;2209682.0000000214;390.0;0.08478260869565217
24;100;998;536.0;0.0285494327545166;536.0;1;0.0284879207611084;[23, 17, 13, 2, 15, 24, 21, 8, 18, 7, 12, 4, 14, 11, 10, 6, 20, 22, 16, 9, 1, 5, 3, 19];0.0;-3349.727883471049;34.01888561248779;-3354.1721014492764;9;825.1220207214355;[13, 23, 17, 2, 8, 15, 18, 24, 4, 7, 14, 10, 21, 12, 19, 11, 6, 20, 22, 16, 9, 1, 5, 3];-0.001324982095077032;-3354.1721014492755;13;10;585;189.21379137039185;0.00038471230317782545;0.26681627602902364;0.0014418622015996408;2135110.0;2127342.0;350.0;0.07608695652173914
24;100;999;1112.0;0.028772592544555664;1112.0;1;0.02863764762878418;[5, 3, 15, 4, 17, 10, 11, 19, 1, 8, 13, 22, 12, 24, 23, 14, 2, 18, 9, 20, 21, 7, 16, 6];0.0;-2916.1230157752975;28.202808380126953;-2919.360507246377;3;451.21257877349854;[5, 3, 15, 4, 13, 17, 19, 23, 10, 1, 11, 8, 22, 18, 12, 24, 14, 9, 21, 2, 7, 20, 16, 6];-0.0011089728257416276;-2919.360507246377;7;10;555;101.46400260925293;6.258688767690757e-05;0.27113275545056326;0.00023083484536164532;2210884.0;2205002.0;343.5;0.07467391304347826
24;100;1000;694.0;0.02847146987915039;694.0;1;0.028673410415649414;[23, 12, 9, 15, 17, 3, 24, 19, 11, 20, 13, 8, 6, 4, 16, 7, 14, 10, 21, 22, 18, 1, 5, 2];0.0;-3265.5661462823837;28.771151781082153;-3268.8297101449266;3;412.46330547332764;[23, 12, 9, 15, 17, 3, 11, 20, 13, 7, 24, 8, 19, 6, 4, 16, 14, 10, 21, 22, 18, 1, 5, 2];-0.0009983890725216993;-3268.8297101449275;5;7;469;47.6389844417572;0.00023971372492082033;0.26909289562299565;0.0008908214554153963;2174234.0;2171716.000000054;204.0;0.04434782608695652
25;10;1001;392.0;0.03153419494628906;392.0;1;0.03109145164489746;[20, 21, 19, 14, 1, 15, 16, 9, 6, 18, 5, 2, 4, 10, 8, 3, 22, 24, 17, 11, 23, 7, 25, 13, 12];0.0;-227.6450000000001;2.389476776123047;-227.70166666666682;1;5.054500102996826;[20, 21, 19, 1, 6, 14, 15, 16, 5, 18, 4, 22, 24, 2, 10, 8, 9, 3, 17, 11, 23, 7, 25, 13, 12];-0.00024886364468157396;-227.70166666666714;1;5;36;1.929666519165039;0.0042176610709113715;0.324659563750945;0.012991026730223945;373190.0;366308.0;361.5;0.06951923076923076
25;10;1002;190.0;0.032604217529296875;190.0;1;0.03222012519836426;[13, 22, 7, 25, 23, 5, 20, 10, 15, 18, 24, 1, 12, 3, 4, 2, 6, 14, 9, 17, 11, 8, 21, 19, 16];0.0;-322.8174074074075;2.5534560680389404;-323.16333333333336;1;10.38650918006897;[13, 22, 7, 25, 23, 5, 20, 15, 18, 24, 1, 12, 3, 4, 17, 10, 2, 6, 14, 9, 11, 8, 21, 19, 16];-0.001070436804688657;-323.1633333333333;1;5;37;9.850737571716309;0.0014198908897532503;0.2933970805652441;0.00483948540666376;307202.0;304952.0;169.0;0.0325
25;10;1003;322.0;0.0323481559753418;322.0;1;0.03183269500732422;[23, 19, 14, 20, 13, 3, 17, 16, 1, 8, 22, 21, 11, 6, 10, 4, 9, 25, 18, 12, 7, 2, 15, 5, 24];0.0;-271.95159624413134;2.4077396392822266;-272.3166666666667;1;21.839690685272217;[23, 19, 14, 13, 17, 20, 16, 25, 1, 3, 8, 22, 21, 4, 6, 9, 18, 2, 10, 11, 12, 7, 15, 5, 24];-0.001340609911997248;-272.3166666666667;3;9;61;18.932714462280273;0.003432520935530259;0.31700017208986286;0.010828135874188773;357360.0;353510.0;395.0;0.07596153846153846
25;10;1004;250.0;0.03156614303588867;250.0;1;0.031293392181396484;[23, 16, 7, 24, 11, 22, 12, 5, 9, 3, 10, 21, 1, 2, 17, 19, 15, 8, 20, 18, 25, 13, 14, 4, 6];0.0;-305.17768817204313;2.4916980266571045;-305.29999999999995;1;10.95011281967163;[16, 23, 7, 24, 11, 5, 22, 12, 9, 3, 10, 19, 21, 1, 13, 2, 17, 15, 8, 20, 18, 25, 14, 4, 6];-0.00040062832609510934;-305.30000000000007;1;5;31;6.436976432800293;0.0005684060945764235;0.30401015963305106;0.0018696944051557552;331790.0;330160.0;185.0;0.035576923076923075
25;10;1005;386.0;0.03186464309692383;386.0;1;0.03152346611022949;[21, 24, 23, 18, 4, 22, 6, 20, 16, 2, 11, 3, 1, 25, 7, 14, 19, 13, 9, 5, 17, 8, 15, 10, 12];0.0;-249.61333333333337;2.385617256164551;-249.6366666666668;1;3.352240800857544;[21, 24, 18, 23, 2, 11, 3, 4, 22, 6, 16, 1, 7, 14, 19, 9, 25, 20, 5, 13, 8, 15, 17, 10, 12];-9.346917520169917e-05;-249.63666666666657;1;6;42;1.1251275539398193;0.00600189480045854;0.32922769982825584;0.018230224259955876;384160.0;378236.0000000138;493.5;0.09490384615384616
25;10;1006;402.0;0.03239083290100098;402.0;1;0.03194308280944824;[8, 13, 12, 9, 20, 3, 17, 5, 22, 11, 7, 6, 1, 25, 24, 2, 18, 14, 19, 4, 23, 21, 15, 16, 10];0.0;-154.9002188552186;2.522869348526001;-154.92166666666674;1;8.052244186401367;[12, 3, 5, 8, 13, 9, 20, 17, 11, 7, 1, 22, 6, 25, 24, 2, 18, 4, 15, 14, 19, 23, 10, 21, 16];-0.00013844294287301828;-154.92166666666685;1;6;37;3.824300765991211;0.0010864305613971226;0.3054294224586282;0.003557059279527284;333156.0;331134.0;368.0;0.07076923076923076
25;10;1007;358.0;0.032176971435546875;358.0;1;0.031755685806274414;[16, 6, 4, 13, 1, 17, 10, 9, 18, 20, 24, 5, 25, 19, 3, 23, 15, 12, 11, 2, 22, 21, 8, 7, 14];0.0;-204.18906432748526;2.5759470462799072;-204.23000000000002;1;7.407608985900879;[16, 4, 6, 13, 1, 17, 19, 10, 9, 18, 20, 5, 25, 24, 3, 23, 15, 12, 11, 2, 22, 21, 8, 7, 14];-0.0002004390761140007;-204.23000000000025;1;4;28;1.6167736053466797;0.0005793574925407885;0.3068114983762142;0.0018883174053352352;335950.0;335510.0;175.0;0.03365384615384615
25;10;1008;286.0;0.03175091743469238;286.0;1;0.032079458236694336;[13, 17, 23, 16, 22, 9, 24, 6, 3, 4, 18, 20, 19, 1, 25, 14, 8, 11, 5, 15, 10, 12, 21, 7, 2];0.0;-286.69712508136786;2.4824750423431396;-286.8000000000002;1;20.123135566711426;[6, 13, 17, 23, 16, 9, 22, 24, 3, 4, 19, 1, 25, 14, 18, 20, 8, 5, 15, 10, 11, 12, 21, 7, 2];-0.0003586991584111354;-286.80000000000007;3;6;45;13.563408613204956;0.0011945838561271405;0.30963040854526663;0.003858096049866812;342746.0;340634.0;319.5;0.06144230769230769
25;10;1009;248.0;0.03136467933654785;248.0;1;0.031099557876586914;[18, 19, 14, 12, 21, 24, 25, 10, 3, 8, 17, 11, 22, 4, 20, 1, 13, 6, 7, 5, 16, 2, 15, 9, 23];0.0;-338.2310784313726;2.442789316177368;-338.2549999999998;1;8.218564748764038;[18, 19, 14, 12, 21, 24, 25, 8, 17, 10, 3, 11, 22, 4, 20, 1, 13, 6, 7, 5, 16, 2, 15, 9, 23];-7.072051744161367e-05;-338.2550000000001;1;4;26;3.630802631378174;0.0003643712578570435;0.31311425130082005;0.0011637006503002606;350166.0;349885.9999999756;70.0;0.013461538461538462
25;10;1010;390.0;0.03257393836975098;390.0;1;0.03233981132507324;[11, 4, 20, 7, 5, 10, 14, 17, 16, 12, 1, 13, 6, 2, 25, 19, 21, 18, 22, 23, 9, 8, 24, 15, 3];0.0;-179.53555555555602;2.4841222763061523;-179.54333333333324;1;3.6014814376831055;[11, 4, 20, 7, 5, 10, 14, 17, 16, 12, 1, 6, 2, 25, 13, 19, 18, 22, 23, 21, 9, 8, 24, 15, 3];-4.331978042748652e-05;-179.54333333333358;1;5;38;3.0955281257629395;0.0009781946293374588;0.3083863561467232;0.0031719776502435668;340630.0;339881.99999998184;66.0;0.012692307692307692
25;20;1011;548.0;0.0315394401550293;548.0;1;0.030991554260253906;[9, 3, 23, 6, 1, 22, 2, 8, 11, 21, 24, 16, 17, 5, 15, 14, 19, 25, 7, 13, 10, 20, 12, 18, 4];0.0;-454.10439177259906;4.957010269165039;-454.48166666666657;1;34.21577215194702;[9, 3, 5, 23, 6, 1, 2, 8, 11, 17, 21, 15, 25, 22, 24, 10, 16, 14, 19, 7, 13, 20, 12, 18, 4];-0.0008301212606320885;-454.48166666666674;1;5;70;17.407708406448364;0.001501182863861139;0.2908786051256206;0.005160856925908419;600244.0;592054.0;524.5;0.10086538461538462
25;20;1012;374.0;0.03191423416137695;374.0;1;0.031279563903808594;[3, 24, 21, 17, 10, 20, 25, 14, 11, 12, 16, 18, 1, 13, 19, 9, 7, 6, 2, 22, 5, 15, 8, 4, 23];0.0;-676.591443050193;4.75288987159729;-676.8683333333333;1;21.260105848312378;[3, 24, 17, 21, 10, 20, 25, 14, 11, 12, 16, 18, 1, 13, 19, 9, 2, 7, 6, 22, 5, 15, 8, 4, 23];-0.00040907554616531616;-676.8683333333331;1;7;82;18.219318866729736;0.00019661882498178684;0.29556835011028354;0.0006652228660762349;627272.0;626978.0;40.5;0.007788461538461538
25;20;1013;438.0;0.031557321548461914;438.0;1;0.030850648880004883;[17, 19, 5, 25, 22, 18, 10, 20, 12, 2, 15, 3, 9, 21, 1, 8, 23, 11, 7, 24, 6, 4, 16, 14, 13];0.0;-581.4688482017749;5.1934404373168945;-582.5383333333332;1;60.30577111244202;[17, 15, 19, 5, 25, 22, 18, 10, 20, 3, 12, 1, 7, 2, 8, 9, 21, 16, 23, 24, 6, 4, 14, 13, 11];-0.0018359051591311237;-582.5383333333332;3;7;93;36.46365809440613;0.002518588201980254;0.29479034674394866;0.008543659009865305;612554.0;604061.9999999994;434.5;0.0835576923076923
25;20;1014;454.0;0.03242635726928711;454.0;1;0.03200793266296387;[20, 7, 23, 24, 6, 14, 17, 9, 21, 8, 4, 19, 3, 11, 5, 16, 25, 18, 13, 12, 22, 15, 10, 1, 2];0.0;-593.1018106995883;4.889998197555542;-593.2450000000001;1;26.830543994903564;[20, 7, 23, 6, 14, 9, 8, 17, 21, 4, 19, 3, 11, 5, 24, 16, 25, 2, 18, 13, 12, 22, 15, 10, 1];-0.00024136621532722113;-593.2450000000001;1;5;65;6.601566791534424;0.0018294818103666843;0.2970369763801592;0.006159104609337405;627542.0;622424.0000000003;316.5;0.06086538461538461
25;20;1015;266.0;0.03257560729980469;266.0;1;0.03250885009765625;[11, 19, 21, 22, 20, 10, 13, 24, 4, 14, 7, 15, 25, 17, 12, 9, 1, 2, 23, 5, 3, 18, 16, 6, 8];0.0;-692.2451565995524;5.168858766555786;-692.2716666666666;1;19.634846687316895;[21, 22, 10, 20, 11, 13, 24, 4, 15, 25, 19, 14, 17, 7, 12, 9, 1, 2, 23, 5, 3, 18, 6, 16, 8];-3.829431188762111e-05;-692.2716666666665;1;5;71;9.08449649810791;0.0018966936929413203;0.28426565275558086;0.006672257708785338;574338.0;567996.0;400.0;0.07692307692307693
25;20;1016;470.0;0.03400850296020508;470.0;1;0.03325486183166504;[9, 15, 5, 25, 14, 11, 10, 3, 19, 1, 6, 22, 20, 18, 17, 13, 2, 8, 24, 21, 16, 12, 23, 4, 7];0.0;-488.62490490130875;5.327110528945923;-490.4599999999999;5;138.96657991409302;[9, 15, 19, 17, 5, 25, 1, 14, 11, 6, 10, 22, 20, 13, 2, 21, 18, 12, 3, 16, 4, 7, 8, 24, 23];-0.0037415795349083902;-490.4600000000001;5;7;110;57.51451063156128;0.0040606771678440845;0.28722464511800283;0.014137634903076662;578768.0;563328.0;680.0;0.13076923076923078
25;20;1017;644.0;0.03277707099914551;644.0;1;0.03245186805725098;[24, 20, 2, 25, 11, 19, 4, 3, 21, 8, 7, 10, 1, 13, 16, 6, 5, 18, 12, 17, 9, 15, 14, 22, 23];0.0;-407.724871794872;5.159404993057251;-407.8266666666666;1;17.22044038772583;[2, 4, 24, 25, 20, 11, 19, 3, 21, 8, 7, 10, 1, 13, 16, 6, 5, 18, 12, 17, 9, 15, 14, 22, 23];-0.0002496032753979138;-407.8266666666667;1;4;51;3.83640193939209;0.00017401733748123593;0.2959072574373438;0.0005880806675317276;627814.0;625158.0;188.5;0.03625
25;20;1018;478.0;0.032479286193847656;478.0;1;0.05981135368347168;[16, 13, 7, 11, 17, 1, 15, 19, 22, 14, 21, 8, 2, 6, 24, 4, 12, 23, 18, 3, 5, 9, 20, 25, 10];0.0;-536.8789743589748;5.078132629394531;-537.2616666666665;1;29.554662704467773;[17, 16, 13, 7, 1, 15, 11, 19, 2, 22, 14, 21, 8, 6, 24, 4, 12, 23, 9, 20, 18, 3, 25, 5, 10];-0.0007123015309580261;-537.2616666666665;1;5;64;16.217960357666016;0.0020614446576947554;0.29328438209907326;0.007028825206922838;608722.0;603296.0;246.0;0.04730769230769231
25;20;1019;624.0;0.0321505069732666;624.0;1;0.03181958198547363;[17, 6, 25, 20, 11, 9, 10, 4, 1, 13, 8, 2, 14, 3, 19, 22, 7, 12, 16, 5, 18, 23, 15, 21, 24];0.0;-401.14166666666654;5.026655673980713;-401.1416666666666;1;5.856290817260742;[17, 6, 25, 20, 10, 11, 4, 9, 1, 13, 8, 2, 3, 19, 16, 22, 14, 7, 12, 5, 18, 23, 15, 21, 24];-1.1102230246251565e-16;-401.14166666666637;1;4;51;0.4378390312194824;0.0008037138050700499;0.29253789200664726;0.0027473835938210266;612780.0;610389.9999999987;140.0;0.026923076923076925
25;20;1020;538.0;0.03202509880065918;538.0;1;0.03158116340637207;[20, 7, 23, 2, 4, 5, 17, 10, 8, 25, 22, 15, 3, 24, 18, 13, 11, 6, 19, 9, 16, 1, 21, 14, 12];0.0;-534.408640776699;4.942591667175293;-534.7916666666667;1;18.7885160446167;[20, 7, 23, 2, 4, 5, 10, 24, 8, 25, 17, 22, 15, 3, 18, 6, 13, 19, 11, 9, 16, 1, 12, 21, 14];-0.0007162151429080943;-534.7916666666665;1;5;74;7.602770805358887;0.001215176350798708;0.3002697593963227;0.004046948827753281;641926.0;638908.0;189.0;0.03634615384615385
25;30;1021;582.0;0.0330202579498291;582.0;1;0.032834529876708984;[20, 9, 7, 2, 22, 24, 10, 15, 4, 16, 13, 5, 3, 17, 21, 6, 8, 11, 19, 12, 1, 14, 23, 18, 25];0.0;-822.7179560439552;9.397364139556885;-823.7433333333331;1;93.57533860206604;[20, 9, 7, 15, 2, 16, 22, 24, 10, 13, 5, 4, 3, 17, 21, 6, 14, 8, 11, 19, 12, 23, 1, 18, 25];-0.001244777648431672;-823.7433333333332;3;7;140;56.40888476371765;0.0014481975445960193;0.28223415079773373;0.00513119174452381;841572.0;834874.0;240.5;0.04625
25;30;1022;464.0;0.03298807144165039;464.0;1;0.03243732452392578;[3, 14, 25, 18, 17, 22, 15, 21, 4, 12, 20, 24, 2, 8, 11, 10, 1, 19, 7, 16, 9, 13, 6, 5, 23];0.0;-1041.9952344416029;8.673118591308594;-1043.5583333333336;1;71.73314046859741;[3, 14, 18, 25, 17, 22, 15, 7, 21, 12, 9, 20, 24, 4, 2, 8, 11, 10, 1, 16, 19, 6, 13, 5, 23];-0.0014978548316871843;-1043.5583333333332;1;4;84;14.456962585449219;0.0014623067252014232;0.29128320381898176;0.00502022329481852;902578.0;893372.0;384.0;0.07384615384615385
25;30;1023;544.0;0.032616615295410156;544.0;1;0.031690359115600586;[8, 5, 22, 16, 13, 10, 2, 23, 18, 6, 3, 19, 17, 4, 15, 25, 20, 14, 9, 1, 21, 24, 11, 12, 7];0.0;-891.9294285714286;8.86951994895935;-892.0249999999999;1;36.18050527572632;[16, 8, 5, 23, 10, 18, 22, 13, 6, 2, 3, 19, 15, 9, 25, 17, 7, 4, 20, 1, 21, 14, 24, 11, 12];-0.0001071398543440738;-892.025;1;4;83;4.715149164199829;0.0020813872224235697;0.28471496859987483;0.007310424290858604;861078.0;852972.0000000332;460.5;0.08855769230769231
25;30;1024;734.0;0.03310751914978027;734.0;1;0.03403162956237793;[4, 1, 8, 19, 12, 16, 2, 14, 23, 9, 13, 20, 22, 15, 3, 17, 24, 10, 18, 11, 5, 25, 6, 21, 7];0.0;-711.4090953785643;8.318904161453247;-712.2116666666666;1;28.06738829612732;[8, 4, 19, 12, 14, 16, 23, 11, 1, 2, 9, 13, 20, 22, 15, 3, 17, 24, 10, 21, 18, 5, 25, 6, 7];-0.0011268718636111563;-712.2116666666667;1;5;101;9.949290752410889;0.0008299391362664998;0.28425617773434353;0.0029196872443776178;864458.0;862650.0;430.0;0.08269230769230769
25;30;1025;340.0;0.032958984375;340.0;1;0.03296399116516113;[21, 17, 25, 18, 23, 19, 6, 20, 12, 7, 3, 1, 5, 4, 22, 15, 10, 11, 13, 16, 14, 8, 2, 24, 9];0.0;-1062.5860298102982;9.243757963180542;-1063.1716666666669;1;53.224056243896484;[17, 21, 18, 23, 25, 6, 20, 7, 3, 1, 5, 4, 14, 2, 19, 10, 12, 22, 11, 13, 24, 15, 16, 8, 9];-0.0005508394126084726;-1063.1716666666666;1;7;150;34.092175006866455;0.002116591545598734;0.28112693993691706;0.007528953098816081;841470.0;830916.0;546.5;0.10509615384615385
25;30;1026;362.0;0.03239870071411133;362.0;1;0.033303022384643555;[20, 13, 17, 22, 15, 11, 9, 24, 23, 3, 21, 8, 12, 16, 19, 1, 25, 10, 14, 2, 6, 4, 5, 18, 7];0.0;-1066.267365591398;8.798449516296387;-1067.1400000000003;1;55.234912633895874;[20, 13, 15, 11, 3, 17, 24, 21, 12, 16, 14, 22, 9, 23, 8, 19, 1, 25, 10, 2, 4, 5, 7, 6, 18];-0.0008177318895387087;-1067.14;3;6;123;30.619446992874146;0.0008428383691077013;0.28319372637212403;0.002976190115172924;854272.0;850052.0;556.5;0.10701923076923077
25;30;1027;654.0;0.03273463249206543;654.0;1;0.03249692916870117;[21, 12, 11, 15, 2, 4, 7, 16, 3, 13, 22, 25, 5, 24, 6, 14, 1, 23, 10, 9, 20, 8, 19, 17, 18];0.0;-785.9654895104889;8.871646404266357;-787.7616666666668;3;105.33153700828552;[21, 12, 2, 4, 11, 7, 5, 24, 15, 14, 16, 3, 6, 13, 25, 1, 20, 23, 22, 10, 9, 8, 19, 17, 18];-0.002280102259580974;-787.7616666666669;5;6;126;35.561317682266235;4.224945270880909e-05;0.28315054769847464;0.00014921197593373644;860078.0;856392.0;532.5;0.10240384615384615
25;30;1028;556.0;0.0322880744934082;556.0;1;0.032258033752441406;[11, 20, 10, 5, 16, 21, 7, 4, 24, 25, 22, 17, 13, 19, 1, 12, 23, 15, 6, 3, 2, 9, 14, 18, 8];0.0;-900.552949160776;8.511094808578491;-901.1716666666664;1;54.06549310684204;[11, 20, 10, 5, 7, 16, 21, 4, 17, 24, 22, 13, 1, 3, 19, 2, 12, 25, 23, 6, 9, 14, 18, 8, 15];-0.0006865700828998511;-901.1716666666666;3;6;119;27.627091646194458;0.0008278658545259887;0.2857379053515209;0.0028972909754746414;871018.0;863224.0;321.5;0.06182692307692308
25;30;1029;574.0;0.03244304656982422;574.0;1;0.03240466117858887;[8, 16, 17, 12, 23, 6, 22, 9, 1, 24, 20, 11, 25, 19, 7, 3, 10, 5, 4, 13, 15, 14, 18, 2, 21];0.0;-862.2495594866454;9.017699956893921;-862.8183333333334;1;67.63513159751892;[8, 16, 12, 23, 6, 22, 1, 20, 11, 19, 7, 17, 9, 3, 24, 10, 25, 4, 5, 13, 15, 14, 18, 2, 21];-0.0006592046375402116;-862.8183333333334;1;6;112;35.97049880027771;0.0009283401674632374;0.28404573410956596;0.003268277097606914;859054.0;853447.999999996;416.0;0.08
25;30;1030;563.0;0.03409552574157715;562.0;1;0.0339360237121582;[2, 20, 18, 16, 19, 10, 7, 24, 8, 9, 6, 5, 1, 11, 12, 15, 4, 17, 14, 25, 23, 3, 22, 13, 21];0.001779359430605032;-849.2358333333334;8.919781923294067;-850.7700000000002;1;74.35961270332336;[2, 20, 16, 18, 19, 10, 24, 9, 6, 5, 1, 15, 7, 4, 17, 25, 11, 14, 8, 23, 12, 3, 13, 21, 22];-0.001803268411752601;-850.7700000000001;3;8;159;50.88580131530762;0.0014222548580637984;0.2819268802636983;0.005044764999823722;845722.0;840257.9999999863;404.5;0.07778846153846154
25;40;1031;816.0;0.03283810615539551;816.0;1;0.03266549110412598;[18, 3, 13, 5, 4, 23, 17, 9, 1, 25, 14, 2, 8, 6, 15, 11, 21, 20, 12, 24, 7, 10, 22, 16, 19];0.0;-1069.7312499999998;11.909579515457153;-1069.7533333333333;1;23.425519466400146;[13, 18, 3, 5, 4, 23, 17, 9, 25, 14, 2, 8, 6, 1, 15, 11, 21, 20, 24, 7, 10, 16, 12, 19, 22];-2.0643388195629164e-05;-1069.7533333333329;1;4;96;2.3768539428710938;0.0006485777814226878;0.2813129070936355;0.002305538654885848;1126634.0;1123568.0000000116;160.5;0.030865384615384614
25;40;1032;616.0;0.033870697021484375;616.0;1;0.03357529640197754;[7, 3, 22, 6, 23, 18, 19, 20, 8, 11, 14, 2, 24, 12, 17, 13, 10, 1, 16, 21, 5, 4, 25, 15, 9];0.0;-1232.3895551864157;13.286020755767822;-1234.0466666666662;3;153.99394059181213;[7, 3, 22, 23, 18, 19, 14, 20, 8, 11, 2, 24, 21, 12, 4, 6, 17, 13, 1, 10, 5, 16, 25, 15, 9];-0.0013428272406639241;-1234.0466666666666;3;6;161;39.72324013710022;0.0003756495315552222;0.27836248820497933;0.0013494976782884734;1104480.0;1102206.0;424.5;0.08163461538461539
25;40;1033;534.0;0.032948970794677734;534.0;1;0.03318285942077637;[3, 12, 17, 16, 6, 1, 19, 15, 24, 14, 21, 18, 2, 8, 4, 13, 11, 25, 20, 22, 5, 7, 10, 9, 23];0.0;-1254.1922752997123;13.838895797729492;-1254.668333333333;1;96.1313111782074;[3, 12, 17, 16, 6, 1, 15, 14, 11, 19, 24, 21, 18, 2, 4, 25, 8, 20, 22, 10, 13, 9, 23, 5, 7];-0.0003794293846215435;-1254.6683333333333;1;6;159;30.079128980636597;0.0008636398784125365;0.2742159244769859;0.0031494884188792587;1069138.0;1061900.0;263.0;0.050576923076923075
25;40;1034;940.0;0.03253602981567383;940.0;1;0.032793521881103516;[11, 23, 4, 12, 15, 17, 5, 20, 16, 9, 21, 22, 6, 2, 8, 14, 1, 13, 10, 7, 3, 24, 18, 25, 19];0.0;-1056.8537527527528;11.829936742782593;-1057.5466666666666;1;66.74559330940247;[11, 4, 23, 12, 15, 17, 5, 16, 9, 21, 22, 6, 8, 14, 1, 13, 2, 20, 10, 7, 3, 24, 18, 25, 19];-0.000655208829788867;-1057.5466666666664;5;7;173;23.339378833770752;0.0010361800681130129;0.2904005219337607;0.003568106769275579;1194688.0;1186867.9999999139;228.5;0.04394230769230769
25;40;1035;756.0;0.031929969787597656;756.0;1;0.03164243698120117;[14, 10, 7, 22, 17, 9, 24, 8, 23, 12, 3, 11, 6, 13, 18, 2, 19, 25, 15, 16, 21, 4, 5, 20, 1];0.0;-1207.3453809523812;11.730944871902466;-1207.4683333333335;1;37.95988202095032;[14, 10, 7, 22, 17, 9, 8, 12, 23, 24, 3, 11, 6, 13, 2, 19, 25, 15, 18, 16, 21, 4, 5, 20, 1];-0.00010182658837343261;-1207.4683333333337;1;6;154;8.003818035125732;0.0003517789399155591;0.2871721884236016;0.001224975656057116;1172290.0;1171266.0;114.0;0.021923076923076924
25;40;1036;538.0;0.031987905502319336;538.0;1;0.03144645690917969;[23, 20, 17, 24, 18, 25, 7, 1, 11, 6, 12, 15, 14, 19, 16, 4, 3, 8, 5, 2, 22, 10, 21, 13, 9];0.0;-1406.901296296296;11.503004550933838;-1407.0616666666667;1;26.82463002204895;[18, 23, 20, 17, 24, 25, 1, 11, 6, 12, 14, 7, 15, 19, 16, 4, 3, 8, 5, 2, 22, 10, 13, 21, 9];-0.00011397536737001168;-1407.0616666666663;1;5;127;5.666363954544067;0.00035778507006167803;0.2851445550398873;0.0012547497882666196;1161280.0;1159040.0;204.5;0.03932692307692308
25;40;1037;524.0;0.03214621543884277;524.0;1;0.031766414642333984;[11, 7, 2, 18, 16, 15, 14, 25, 21, 9, 1, 17, 24, 20, 19, 8, 4, 23, 13, 6, 22, 12, 3, 10, 5];0.0;-1336.8836463223786;12.248762369155884;-1337.4566666666665;1;72.29110431671143;[7, 25, 11, 2, 18, 16, 15, 14, 21, 1, 9, 17, 19, 4, 23, 24, 20, 8, 12, 6, 13, 10, 22, 3, 5];-0.0004284403065678566;-1337.4566666666667;1;6;154;22.472239017486572;0.000969789523625697;0.2795842403604764;0.0034686845094534587;1113012.0;1105436.0;307.0;0.05903846153846154
25;40;1038;627.0;0.033101558685302734;626.0;1;0.05871915817260742;[20, 14, 16, 5, 21, 15, 11, 3, 4, 18, 25, 23, 24, 7, 9, 6, 2, 17, 1, 22, 10, 8, 19, 13, 12];0.0015974440894568342;-1226.8627568572754;12.274766683578491;-1227.2566666666664;1;69.31900382041931;[20, 14, 16, 3, 5, 4, 18, 25, 11, 23, 17, 1, 21, 15, 24, 7, 6, 10, 9, 22, 8, 2, 19, 13, 12];-0.000320967748711376;-1227.2566666666667;1;6;167;28.53787112236023;0.0017152958151950282;0.27972972360111203;0.006131975512337757;1110240.0;1099338.0;581.5;0.11182692307692307
25;40;1039;610.0;0.03267025947570801;610.0;1;0.03311944007873535;[7, 18, 15, 19, 12, 10, 25, 22, 11, 8, 5, 20, 6, 14, 9, 21, 13, 16, 17, 1, 4, 3, 24, 23, 2];0.0;-1278.6293809040278;11.982227802276611;-1279.2799999999997;3;79.16869592666626;[7, 18, 15, 19, 25, 12, 8, 5, 10, 20, 6, 1, 22, 14, 11, 9, 21, 4, 13, 16, 17, 3, 24, 23, 2];-0.0005085822462416179;-1279.2799999999997;7;7;186;25.34084701538086;0.0009353613858358312;0.2820470052540454;0.0033163315632205787;1129574.0;1120892.0;358.5;0.06894230769230769
25;40;1040;700.0;0.03210949897766113;700.0;1;0.03161430358886719;[6, 5, 15, 2, 17, 13, 9, 16, 14, 19, 7, 22, 24, 21, 18, 11, 20, 23, 8, 25, 10, 12, 4, 3, 1];0.0;-1220.2441862489118;11.618651866912842;-1222.3666666666677;1;102.28153586387634;[6, 5, 15, 2, 17, 13, 9, 16, 14, 19, 7, 22, 24, 11, 20, 21, 18, 23, 8, 25, 10, 12, 4, 3, 1];-0.0017363696799290729;-1222.3666666666668;3;5;137;15.872854709625244;0.00019389373238509755;0.2843327557013074;0.0006819254148431059;1147244.0;1144288.0;46.0;0.008846153846153846
25;50;1041;744.0;0.03230571746826172;744.0;1;0.03182673454284668;[22, 7, 14, 1, 2, 11, 23, 16, 4, 20, 6, 17, 9, 25, 18, 13, 24, 21, 10, 12, 19, 15, 5, 3, 8];0.0;-1559.5840196078434;14.381696939468384;-1560.0433333333217;1;31.881309032440186;[22, 7, 1, 14, 2, 11, 23, 4, 16, 20, 6, 17, 9, 13, 25, 18, 24, 21, 12, 15, 10, 19, 5, 3, 8];-0.0002944236968706049;-1560.0433333333335;1;6;206;6.897312879562378;0.0004529201029890295;0.27813086394495384;0.0016284424409607019;1375786.0;1372970.0000000196;83.5;0.016057692307692308
25;50;1042;454.0;0.03287220001220703;454.0;1;0.03270840644836426;[17, 15, 8, 25, 20, 13, 4, 23, 10, 7, 19, 16, 11, 5, 22, 18, 6, 14, 24, 12, 2, 21, 3, 9, 1];0.0;-1779.7657010582006;15.91166377067566;-1780.2016666666668;1;95.63421702384949;[8, 17, 15, 25, 13, 4, 20, 23, 10, 7, 19, 18, 16, 11, 5, 22, 14, 24, 2, 21, 6, 12, 3, 9, 1];-0.00024489675334504746;-1780.2016666666673;3;5;169;18.72803521156311;0.0003320459025224487;0.27360335719911705;0.0012136031733002443;1333560.0;1331186.0;189.5;0.03644230769230769
25;50;1043;1098.0;0.03255295753479004;1098.0;1;0.032219648361206055;[2, 15, 16, 8, 14, 4, 6, 17, 21, 19, 18, 13, 5, 23, 12, 3, 7, 20, 11, 10, 22, 25, 1, 24, 9];0.0;-1273.0108333333333;14.758133172988892;-1273.2566666666671;1;49.64935493469238;[2, 16, 8, 6, 14, 15, 17, 21, 19, 4, 18, 5, 13, 23, 7, 12, 3, 20, 11, 10, 22, 25, 1, 24, 9];-0.00019307445212712881;-1273.2566666666667;1;5;160;11.506722211837769;0.0005846454175369997;0.2817839869754325;0.0020748000048277137;1416474.0;1411966.0;228.0;0.04384615384615385
25;50;1044;648.0;0.033143043518066406;648.0;1;0.054931640625;[13, 12, 2, 15, 22, 23, 4, 11, 10, 1, 19, 18, 7, 14, 25, 8, 17, 6, 24, 21, 16, 5, 20, 3, 9];0.0;-1661.3294559355675;15.654775857925415;-1662.63;1;153.86707592010498;[13, 12, 2, 15, 22, 23, 4, 10, 11, 1, 7, 14, 25, 16, 19, 18, 17, 24, 5, 20, 8, 21, 6, 3, 9];-0.0007822209778679534;-1662.6299999999999;1;6;212;42.87066340446472;0.0008202899959823817;0.278585381952037;0.0029444832684135877;1381038.0;1375706.0;256.0;0.04923076923076923
25;50;1045;892.0;0.03222513198852539;892.0;1;0.03194022178649902;[9, 25, 18, 3, 11, 23, 15, 24, 8, 13, 14, 7, 22, 16, 2, 4, 19, 5, 17, 6, 10, 12, 20, 1, 21];0.0;-1506.4330303030297;14.442585945129395;-1506.6983333333333;1;55.2879056930542;[9, 18, 3, 8, 11, 23, 15, 13, 7, 14, 25, 24, 22, 16, 2, 4, 19, 5, 17, 6, 10, 12, 20, 1, 21];-0.0001760823812133605;-1506.6983333333335;3;5;177;9.943456411361694;0.0015211098238502307;0.2846076794657763;0.005344584611017646;1436294.0;1422408.0000000023;349.5;0.06721153846153846
25;50;1046;880.0;0.03323245048522949;880.0;1;0.03280472755432129;[17, 3, 9, 2, 13, 23, 8, 12, 22, 21, 18, 7, 4, 10, 1, 24, 5, 14, 20, 11, 19, 6, 25, 15, 16];0.0;-1385.1390238040742;15.505437850952148;-1386.1350000000002;1;118.37339210510254;[17, 2, 13, 3, 9, 23, 8, 7, 12, 4, 18, 10, 1, 22, 24, 21, 5, 14, 20, 11, 6, 15, 19, 25, 16];-0.0007185275575077865;-1386.1349999999995;5;7;229;45.32683300971985;0.000787906978576558;0.27609250652010686;0.002853778932675152;1354292.0;1349096.0;329.0;0.06326923076923077
25;50;1047;712.0;0.03279399871826172;712.0;1;0.03233957290649414;[5, 24, 22, 20, 13, 15, 4, 21, 17, 6, 7, 18, 25, 9, 10, 2, 23, 16, 1, 11, 12, 19, 3, 14, 8];0.0;-1647.5485416666663;14.151551961898804;-1647.9383333333335;1;46.08505916595459;[5, 24, 22, 20, 13, 21, 17, 15, 4, 1, 6, 7, 18, 25, 9, 10, 2, 23, 16, 11, 12, 19, 3, 14, 8];-0.00023653292042713492;-1647.9383333333333;1;5;162;8.339704275131226;0.000654131547517256;0.28112262425512324;0.0023268548707186983;1409950.0;1406392.0;204.0;0.03923076923076923
25;50;1048;1094.0;0.03291964530944824;1094.0;1;0.0324101448059082;[3, 5, 11, 14, 10, 19, 1, 9, 24, 12, 4, 21, 7, 6, 25, 8, 13, 22, 20, 16, 2, 15, 17, 23, 18];0.0;-1208.9996851851852;14.019562721252441;-1209.6083333333381;1;49.303581953048706;[3, 5, 11, 14, 10, 19, 1, 9, 12, 4, 24, 21, 7, 6, 25, 8, 13, 22, 20, 16, 2, 15, 17, 23, 18];-0.0005031778728538105;-1209.6083333333333;1;6;196;13.895205736160278;4.468730745554872e-06;0.2773150511401241;1.611427409793518e-05;1373910.0;1372696.0000000312;33.5;0.0064423076923076925
25;50;1049;708.0;0.03281760215759277;708.0;1;0.03176069259643555;[13, 9, 23, 6, 11, 17, 21, 22, 4, 5, 8, 19, 24, 10, 16, 2, 15, 14, 25, 3, 18, 1, 12, 7, 20];0.0;-1620.9159857000875;16.313608169555664;-1623.9616666666661;9;571.4700050354004;[13, 9, 23, 6, 11, 21, 22, 17, 4, 10, 5, 16, 8, 14, 19, 24, 25, 3, 15, 18, 1, 12, 7, 20, 2];-0.0018754635833432287;-1623.961666666666;17;11;338;167.76929807662964;0.00032306707315432615;0.28084148303567374;0.001150353821174234;1392054.0;1376526.0000000037;269.0;0.05173076923076923
25;50;1050;1102.0;0.03302884101867676;1102.0;1;0.03278040885925293;[5, 6, 11, 12, 13, 3, 7, 19, 2, 17, 14, 15, 8, 22, 20, 10, 21, 4, 9, 18, 16, 24, 1, 25, 23];0.0;-1194.6342682926831;15.333355188369751;-1194.6716666666666;1;38.935675382614136;[5, 6, 11, 12, 13, 3, 7, 19, 2, 17, 14, 15, 4, 8, 22, 10, 20, 9, 18, 21, 16, 24, 1, 25, 23];-3.130431149156454e-05;-1194.671666666667;1;5;167;8.605332851409912;0.0004062905643493764;0.2773720974029376;0.0014647852763616642;1371202.0;1369750.0;87.0;0.01673076923076923
25;60;1051;838.0;0.03328990936279297;838.0;1;0.03310227394104004;[11, 24, 10, 21, 23, 1, 4, 19, 13, 3, 16, 14, 12, 25, 7, 2, 18, 5, 20, 15, 9, 22, 8, 17, 6];0.0;-1974.160622895623;17.37143349647522;-1974.661666666666;1;40.814220666885376;[11, 24, 21, 23, 4, 10, 1, 19, 3, 13, 16, 12, 7, 2, 5, 25, 18, 20, 14, 15, 9, 22, 8, 17, 6];-0.0002537365157286864;-1974.6616666666666;1;6;234;8.754810810089111;0.00018821552903280914;0.2801173003691547;0.0006719168319299374;1678406.0;1675198.0;238.5;0.04586538461538461
25;60;1052;330.0;0.03220105171203613;330.0;1;0.03182792663574219;[15, 18, 14, 20, 22, 8, 23, 25, 19, 17, 11, 16, 5, 13, 24, 3, 6, 7, 9, 10, 4, 21, 2, 12, 1];0.0;-2295.6222714122578;20.899441957473755;-2297.886666666666;3;265.0186519622803;[15, 18, 14, 20, 22, 8, 23, 25, 19, 17, 11, 16, 5, 13, 3, 6, 7, 9, 4, 10, 24, 21, 2, 12, 1];-0.0009854251244222345;-2297.8866666666663;3;7;293;55.657552003860474;0.0005062245638808305;0.27192681179586903;0.0018616206343817427;1569226.0;1561108.0;65.0;0.0125
25;60;1053;852.0;0.03299140930175781;852.0;1;0.03265857696533203;[13, 21, 20, 23, 1, 16, 8, 11, 3, 22, 4, 7, 18, 19, 6, 17, 12, 9, 15, 14, 2, 10, 5, 24, 25];0.0;-1877.598436056964;18.976783990859985;-1879.4716666666668;1;228.90836429595947;[13, 21, 20, 23, 1, 16, 8, 11, 3, 22, 4, 7, 18, 19, 6, 17, 12, 9, 15, 14, 2, 10, 5, 24, 25];-0.00099667935565384;-1879.4716666666661;1;5;207;36.24364757537842;0.0;0.27646735274116685;0.0;1629046.0;1629046.0000000007;0.0;0.0
25;60;1054;1150.0;0.03243851661682129;1150.0;1;0.03232240676879883;[21, 12, 9, 5, 17, 1, 6, 10, 13, 18, 14, 25, 23, 16, 7, 3, 15, 2, 24, 8, 22, 4, 11, 19, 20];0.0;-1597.3532323651266;20.234596014022827;-1599.225;1;261.75919818878174;[21, 12, 9, 5, 17, 1, 6, 10, 13, 18, 14, 8, 25, 23, 16, 7, 3, 15, 2, 19, 24, 4, 11, 20, 22];-0.0011704216948043022;-1599.2250000000001;3;6;254;51.94249510765076;0.0009187122552416493;0.2783706840879671;0.003300319709496887;1643596.0;1637282.0;131.5;0.025288461538461537
25;60;1055;706.0;0.031572580337524414;706.0;1;0.03112316131591797;[19, 16, 7, 23, 20, 25, 15, 10, 4, 18, 11, 2, 21, 14, 8, 5, 6, 12, 13, 24, 17, 9, 1, 3, 22];0.0;-2060.485;18.906599283218384;-2061.1150000000007;1;106.10043358802795;[19, 16, 7, 23, 20, 25, 15, 10, 4, 18, 11, 12, 2, 14, 21, 5, 13, 8, 6, 9, 24, 1, 3, 17, 22];-0.00030565980064212184;-2061.115;3;6;235;22.070098638534546;0.0008714065861173959;0.2787914233633542;0.0031256577968027193;1654096.0;1649166.0000000307;138.5;0.026634615384615385
25;60;1056;952.0;0.032258033752441406;952.0;1;0.03165555000305176;[16, 2, 22, 3, 19, 12, 4, 25, 21, 23, 10, 9, 7, 14, 5, 20, 18, 24, 1, 13, 8, 11, 15, 6, 17];0.0;-1833.5412612554874;18.016125679016113;-1836.2850000000003;3;253.07560110092163;[16, 2, 3, 12, 25, 22, 14, 4, 10, 5, 20, 21, 19, 11, 23, 13, 9, 7, 18, 8, 15, 6, 24, 1, 17];-0.001494179141316776;-1836.2850000000003;5;7;286;71.24622774124146;0.001934313904274898;0.2805634663436883;0.006894389813053482;1671332.0;1654639.9999999306;677.0;0.1301923076923077
25;60;1057;752.0;0.03218221664428711;752.0;1;0.03153491020202637;[3, 5, 17, 15, 12, 25, 11, 16, 10, 21, 9, 22, 6, 14, 20, 18, 24, 23, 4, 8, 13, 7, 2, 19, 1];0.0;-1975.6281884650534;18.22475790977478;-1977.3216666666667;1;164.05084776878357;[3, 5, 17, 15, 12, 25, 11, 16, 10, 14, 18, 21, 9, 4, 22, 24, 23, 8, 13, 6, 20, 7, 2, 19, 1];-0.0008564505361781105;-1977.3216666666667;1;7;303;46.84157395362854;0.000410361438953899;0.2763196829657691;0.001485096662494127;1629500.0;1624154.0;272.5;0.052403846153846155
25;60;1058;756.0;0.03267717361450195;756.0;1;0.032245635986328125;[3, 23, 10, 9, 8, 1, 7, 18, 22, 6, 17, 11, 2, 12, 4, 25, 14, 20, 16, 24, 15, 21, 13, 5, 19];0.0;-1919.6770752809816;21.790498971939087;-1922.995;3;538.1955850124359;[3, 23, 10, 9, 7, 6, 12, 8, 11, 1, 21, 18, 22, 17, 4, 2, 25, 14, 16, 24, 15, 20, 13, 5, 19];-0.0017253943556890805;-1922.9950000000006;3;6;258;69.06606411933899;9.078007746088357e-05;0.2742179508760875;0.00033105081987103353;1598052.0;1586886.0;489.0;0.09403846153846154
25;60;1059;1298.0;0.03253674507141113;1298.0;1;0.03232455253601074;[21, 8, 14, 2, 1, 6, 3, 18, 7, 23, 9, 17, 15, 13, 24, 22, 12, 4, 10, 11, 25, 16, 20, 19, 5];0.0;-1559.3910093679226;17.503082036972046;-1560.2933333333322;1;80.92879366874695;[21, 14, 1, 8, 3, 6, 18, 7, 23, 17, 12, 15, 2, 13, 10, 22, 11, 9, 24, 4, 25, 16, 19, 20, 5];-0.0005783040574055542;-1560.2933333333326;7;6;233;25.582774877548218;0.00044009536322109355;0.2825679980981127;0.0015574848043064114;1706800.0;1696506.0000000044;460.5;0.08855769230769231
25;60;1060;1156.0;0.03309321403503418;1156.0;1;0.03284811973571777;[18, 23, 15, 1, 2, 16, 13, 5, 4, 21, 22, 3, 14, 24, 9, 11, 7, 10, 25, 8, 19, 12, 6, 17, 20];0.0;-1659.5752083333336;17.301451206207275;-1659.6533333333346;1;40.19485902786255;[18, 23, 15, 1, 2, 16, 4, 13, 5, 21, 22, 3, 14, 9, 24, 10, 11, 7, 25, 8, 19, 12, 6, 17, 20];-4.707308353602002e-05;-1659.653333333334;1;5;185;6.47320032119751;0.00037529467582342324;0.2803543701707308;0.0013386439298052515;1681002.0;1679381.9999999828;69.0;0.01326923076923077
25;70;1061;976.0;0.03214454650878906;976.0;1;0.03186440467834473;[25, 2, 14, 21, 3, 4, 23, 12, 9, 6, 17, 16, 19, 20, 8, 13, 24, 11, 7, 18, 22, 1, 15, 5, 10];0.0;-2245.31676744186;21.87397289276123;-2246.9400000000005;1;151.3407266139984;[25, 2, 14, 21, 3, 4, 12, 17, 23, 9, 16, 6, 19, 20, 8, 13, 11, 24, 7, 18, 22, 1, 15, 5, 10];-0.0007224191825951909;-2246.939999999999;1;6;265;30.226697206497192;0.00016123093804709665;0.27834292921588;0.0005792528608551344;1923034.0;1918636.0000000221;96.5;0.018557692307692306
25;70;1062;1070.0;0.031241893768310547;1070.0;1;0.03096318244934082;[16, 23, 12, 5, 2, 25, 18, 17, 6, 3, 4, 9, 1, 10, 7, 13, 22, 19, 8, 24, 21, 20, 11, 15, 14];0.0;-2099.80329113924;20.650840044021606;-2100.568333333333;1;67.31522631645203;[12, 16, 18, 23, 5, 2, 25, 17, 6, 3, 4, 9, 1, 10, 7, 13, 19, 22, 8, 24, 21, 20, 11, 15, 14];-0.0003642072395135809;-2100.5683333333336;1;4;190;8.466447114944458;0.00041070581203084267;0.2760200532199778;0.001487956426497481;1892932.0;1890892.0;148.0;0.02846153846153846
25;70;1063;1064.0;0.031877756118774414;1064.0;1;0.03142666816711426;[17, 25, 3, 5, 14, 11, 1, 8, 23, 22, 2, 9, 16, 12, 4, 15, 21, 13, 24, 7, 20, 19, 10, 18, 6];0.0;-2122.7416666666663;20.434094190597534;-2123.730000000001;1;63.690526247024536;[17, 25, 3, 5, 8, 14, 23, 2, 11, 22, 9, 16, 1, 12, 4, 15, 13, 24, 21, 7, 20, 19, 10, 6, 18];-0.0004653761699154879;-2123.7300000000005;1;6;292;13.610350370407104;0.00025207915124791924;0.27636297181693353;0.0009121307011233754;1902402.0;1898750.0;225.0;0.04326923076923077
25;70;1064;702.0;0.031783342361450195;702.0;1;0.03169870376586914;[5, 22, 12, 6, 25, 23, 18, 24, 1, 11, 8, 17, 7, 19, 9, 3, 10, 15, 2, 16, 4, 14, 21, 13, 20];0.0;-2342.94874454178;25.708038330078125;-2346.798333333333;1;412.86520195007324;[5, 22, 6, 25, 12, 23, 18, 8, 24, 17, 1, 19, 21, 3, 10, 11, 9, 15, 2, 7, 16, 4, 14, 13, 20];-0.0016403577320107665;-2346.798333333334;5;7;342;93.49946689605713;0.0014390426321435612;0.27187813245150116;0.00529296938730541;1825116.0;1804894.0000000305;374.5;0.07201923076923077
25;70;1065;742.0;0.03296327590942383;742.0;1;0.033106088638305664;[16, 14, 4, 19, 25, 15, 13, 18, 23, 17, 5, 2, 9, 8, 24, 12, 6, 11, 22, 20, 21, 7, 3, 10, 1];0.0;-2370.6362384263575;23.155734539031982;-2371.308333333332;1;183.4877302646637;[16, 4, 19, 14, 5, 25, 15, 13, 18, 17, 2, 9, 23, 8, 24, 12, 6, 11, 22, 20, 21, 7, 3, 10, 1];-0.00028342788557977894;-2371.308333333334;3;6;246;40.154799461364746;0.00044010041557451807;0.2729497119763478;0.0016123864443302821;1858796.0;1853021.99999998;214.0;0.04115384615384615
25;70;1066;1146.0;0.03252768516540527;1146.0;1;0.031420230865478516;[7, 2, 5, 4, 15, 24, 20, 25, 19, 6, 13, 11, 14, 22, 23, 10, 16, 21, 18, 1, 8, 9, 3, 17, 12];0.0;-2092.183381995134;21.43564796447754;-2092.4383333333335;1;71.42499542236328;[7, 2, 5, 4, 15, 24, 20, 25, 19, 6, 13, 11, 14, 22, 23, 10, 16, 21, 18, 8, 3, 1, 9, 17, 12];-0.00012184413472937639;-2092.4383333333326;1;4;182;6.83404803276062;2.8056466444326134e-05;0.2790816079590317;0.00010053140602674446;1931648.0;1927914.0;16.0;0.003076923076923077
25;70;1067;916.0;0.03331613540649414;916.0;1;0.033014535903930664;[18, 16, 17, 13, 1, 3, 22, 25, 4, 5, 24, 2, 12, 20, 23, 19, 15, 11, 6, 10, 21, 8, 7, 9, 14];0.0;-2222.8517682168613;23.09704899787903;-2225.194999999998;3;267.7505888938904;[18, 16, 17, 1, 3, 22, 25, 4, 13, 5, 24, 2, 12, 20, 23, 19, 15, 6, 11, 10, 8, 7, 9, 14, 21];-0.0010530455906725411;-2225.1949999999997;3;8;336;72.25939536094666;0.0001621921601877574;0.27437907342721074;0.0005911243819065702;1874118.0;1870918.0;130.0;0.025
25;70;1068;1400.0;0.032828330993652344;1400.0;1;0.03232073783874512;[2, 6, 8, 7, 10, 13, 16, 11, 4, 9, 12, 3, 22, 14, 25, 15, 5, 17, 23, 1, 24, 21, 18, 19, 20];0.0;-1751.945925925926;22.024678707122803;-1754.043333333333;1;215.26077342033386;[2, 6, 8, 7, 13, 16, 10, 11, 4, 12, 3, 22, 9, 14, 25, 15, 5, 1, 23, 19, 17, 24, 21, 18, 20];-0.0011957557533206487;-1754.0433333333333;3;7;310;50.93498778343201;0.0003249492921868491;0.27516473057149765;0.0011809263909366306;1882616.0;1873816.0000000019;133.0;0.025576923076923077
25;70;1069;850.0;0.03281855583190918;850.0;1;0.031995534896850586;[2, 8, 6, 18, 23, 15, 17, 25, 13, 21, 19, 12, 4, 22, 9, 16, 3, 24, 5, 14, 20, 1, 10, 7, 11];0.0;-2314.4758082516405;22.797398805618286;-2317.1399999999994;9;424.88595819473267;[2, 6, 18, 17, 25, 8, 23, 15, 12, 22, 19, 4, 3, 24, 13, 16, 5, 21, 14, 20, 7, 9, 1, 10, 11];-0.0011497759083866077;-2317.1400000000012;7;8;357;84.36175036430359;0.0006212134745389175;0.27580021890016954;0.002252403848757553;1891920.0;1882841.9999999993;535.0;0.10288461538461538
25;70;1070;1268.0;0.03321218490600586;1268.0;1;0.03282523155212402;[6, 25, 5, 2, 13, 7, 10, 9, 3, 4, 16, 24, 22, 17, 21, 8, 14, 20, 23, 1, 18, 12, 11, 19, 15];0.0;-1896.583898223375;21.972848892211914;-1897.2849999999985;1;116.24995732307434;[6, 25, 3, 5, 2, 10, 13, 7, 14, 9, 4, 16, 24, 17, 21, 8, 20, 23, 1, 22, 18, 12, 11, 19, 15];-0.0003695289725178519;-1897.285;1;6;277;23.185559034347534;0.0006615451177990339;0.27549828881104893;0.0024012676109678344;1891004.0;1881722.0;361.0;0.06942307692307692
25;80;1071;916.0;0.03335881233215332;916.0;1;0.032030344009399414;[15, 2, 18, 20, 6, 4, 11, 13, 9, 16, 1, 23, 7, 21, 22, 12, 17, 24, 14, 19, 8, 25, 10, 5, 3];0.0;-2613.242591954023;26.214282989501953;-2614.1599999999994;1;133.15732765197754;[2, 18, 20, 15, 4, 6, 22, 11, 13, 9, 16, 1, 23, 7, 21, 12, 17, 24, 14, 8, 19, 5, 25, 10, 3];-0.000350937986189237;-2614.1600000000003;1;5;269;21.845086336135864;0.000547527050105856;0.2722059322898308;0.0020114442234964868;2108254.0;2102770.0;246.0;0.04730769230769231
25;80;1072;1306.0;0.03220176696777344;1306.0;1;0.03209996223449707;[5, 23, 12, 2, 4, 10, 6, 20, 15, 13, 21, 25, 18, 16, 22, 14, 3, 24, 17, 8, 19, 11, 7, 1, 9];0.0;-2340.042719298246;25.05937957763672;-2342.3183333333322;1;172.60871863365173;[5, 23, 12, 2, 4, 10, 6, 20, 15, 13, 21, 25, 18, 16, 17, 22, 8, 3, 14, 7, 11, 24, 19, 1, 9];-0.0009715221038498756;-2342.3183333333336;1;7;365;21.104980945587158;0.0006405746287869718;0.27680164290553994;0.00231420096377669;2179496.0;2173450.0;106.0;0.020384615384615383
25;80;1073;690.0;0.03210949897766113;690.0;1;0.03195476531982422;[12, 25, 22, 13, 20, 16, 2, 14, 18, 3, 8, 23, 19, 24, 21, 7, 15, 9, 1, 11, 17, 10, 6, 5, 4];0.0;-2956.7831234567902;25.005627632141113;-2956.8999999999996;1;54.09101414680481;[12, 25, 22, 13, 20, 16, 2, 14, 18, 3, 19, 8, 24, 21, 7, 23, 15, 9, 1, 11, 17, 10, 6, 5, 4];-3.9526714873505675e-05;-2956.9;1;4;210;5.607536554336548;0.00022275862311282868;0.2766239250077473;0.0008052760552312674;2176274.0;2173808.0;68.5;0.013173076923076923
25;80;1074;1042.0;0.03294181823730469;1042.0;1;0.0330507755279541;[12, 8, 10, 13, 20, 15, 2, 1, 16, 25, 3, 5, 7, 19, 17, 9, 22, 14, 11, 24, 23, 21, 6, 4, 18];0.0;-2491.736867172111;27.214375257492065;-2493.5550000000003;1;208.52984976768494;[12, 8, 10, 13, 15, 20, 2, 1, 16, 25, 3, 7, 17, 22, 5, 9, 14, 11, 24, 23, 21, 19, 4, 18, 6];-0.000729132835605939;-2493.5549999999994;3;6;326;39.7227418422699;0.00029824455947469186;0.2723363833421635;0.001095132996240085;2110080.0;2106002.000000001;161.0;0.03096153846153846
25;80;1075;930.0;0.03243875503540039;930.0;1;0.032164812088012695;[4, 19, 24, 12, 17, 9, 25, 16, 14, 20, 18, 10, 15, 11, 5, 6, 21, 8, 2, 13, 23, 22, 3, 7, 1];0.0;-2809.868333333333;25.515302896499634;-2811.8499999999985;1;116.85247707366943;[19, 9, 16, 24, 12, 14, 4, 17, 20, 18, 15, 5, 25, 6, 11, 21, 10, 2, 8, 13, 7, 22, 23, 1, 3];-0.0007047554694118441;-2811.8499999999995;1;7;376;22.792166233062744;0.0007192170389436203;0.2810841864955649;0.002558724657941469;2235946.0;2216256.0;528.5;0.10163461538461538
25;80;1076;724.0;0.03246927261352539;724.0;1;0.03207230567932129;[16, 22, 10, 11, 23, 24, 12, 3, 25, 5, 19, 17, 14, 15, 4, 18, 6, 8, 7, 2, 13, 20, 9, 21, 1];0.0;-2809.8716822940078;28.849226474761963;-2812.0516666666676;1;286.7071387767792;[10, 22, 11, 12, 3, 16, 25, 5, 19, 23, 24, 17, 14, 15, 4, 13, 18, 20, 9, 6, 21, 8, 1, 7, 2];-0.0007752291319895743;-2812.051666666668;1;6;320;47.88846039772034;0.0014687059283913229;0.27348064050106985;0.005370420098842709;2116980.0;2099124.0000000065;476.5;0.09163461538461538
25;80;1077;914.0;0.032071828842163086;914.0;1;0.03197622299194336;[25, 15, 4, 8, 13, 22, 9, 20, 16, 18, 14, 10, 2, 12, 7, 21, 3, 19, 5, 1, 11, 6, 23, 24, 17];0.0;-2647.044022988506;29.479753494262695;-2649.1600000000008;1;278.77793312072754;[25, 15, 4, 8, 13, 22, 9, 20, 16, 10, 18, 2, 7, 3, 14, 19, 1, 12, 5, 21, 11, 6, 23, 24, 17];-0.0007987350750783273;-2649.16;3;7;349;52.87136173248291;0.0007259935527226258;0.2745070431978331;0.0026447173969208985;2129036.0;2118958.0000000005;166.5;0.03201923076923077
25;80;1078;1156.0;0.0321197509765625;1156.0;1;0.03157544136047363;[5, 17, 18, 13, 10, 1, 7, 19, 11, 21, 15, 8, 25, 9, 4, 14, 22, 2, 23, 3, 6, 16, 24, 20, 12];0.0;-2390.7376287443494;28.852502584457397;-2395.4416666666657;5;989.6148812770844;[5, 13, 17, 10, 18, 14, 1, 7, 19, 21, 8, 23, 15, 22, 25, 11, 9, 4, 2, 3, 6, 16, 24, 20, 12];-0.001963745553805185;-2395.441666666667;13;10;467;205.28994965553284;0.0006012199977468713;0.2734892542994212;0.0021983313358580597;2121306.0;2104737.999999999;466.0;0.08961538461538461
25;80;1079;1030.0;0.03453850746154785;1030.0;1;0.05994725227355957;[21, 5, 2, 3, 4, 6, 24, 11, 16, 13, 12, 9, 25, 8, 17, 1, 14, 10, 23, 22, 15, 20, 19, 18, 7];0.0;-2398.1819303791854;30.76828169822693;-2406.71;89;1505.9550890922546;[21, 5, 2, 3, 4, 11, 24, 16, 9, 25, 13, 6, 12, 8, 17, 1, 10, 22, 15, 20, 19, 7, 14, 23, 18];-0.003543455431196385;-2406.709999999999;93;10;533;245.18354082107544;0.0006804405852816053;0.2685283474128248;0.002533961839922707;2053070.0;2044469.9999999856;278.0;0.05346153846153846
25;80;1080;804.0;0.03320503234863281;804.0;1;0.03200125694274902;[22, 15, 16, 8, 20, 18, 10, 25, 21, 6, 1, 3, 14, 24, 5, 17, 11, 7, 2, 12, 9, 13, 23, 19, 4];0.0;-2791.142619047619;25.59753155708313;-2791.385;1;65.98035645484924;[22, 15, 16, 8, 20, 25, 18, 10, 21, 6, 1, 3, 14, 24, 17, 5, 11, 7, 2, 12, 9, 13, 23, 19, 4];-8.683178865731556e-05;-2791.385000000001;1;5;241;8.685774087905884;7.64007971736369e-05;0.2740797550128522;0.0002787538874224924;2144602.0;2142970.0;50.5;0.00971153846153846
25;90;1081;760.0;0.03351283073425293;760.0;1;0.04633069038391113;[11, 20, 25, 19, 1, 9, 23, 21, 4, 7, 24, 12, 8, 22, 17, 16, 15, 14, 10, 13, 18, 5, 3, 6, 2];0.0;-3300.6157641766304;29.893439769744873;-3304.4883333333314;3;545.4716246128082;[11, 20, 1, 19, 9, 23, 4, 25, 7, 21, 24, 8, 12, 22, 17, 16, 15, 14, 10, 13, 5, 18, 3, 6, 2];-0.001171911886520327;-3304.4883333333314;7;8;437;92.33240246772766;0.00016389564243246557;0.2757651054097724;0.0005943306068000347;2425056.0;2421616.0;187.5;0.036057692307692304
25;90;1082;1332.0;0.03285670280456543;1332.0;1;0.04775118827819824;[4, 22, 7, 25, 18, 1, 2, 17, 6, 11, 23, 3, 5, 24, 9, 16, 15, 20, 21, 12, 10, 13, 14, 8, 19];0.0;-2713.8539285714287;29.022040128707886;-2716.6766666666645;1;111.09412217140198;[4, 22, 7, 25, 18, 1, 2, 17, 6, 3, 11, 5, 24, 9, 16, 23, 15, 20, 21, 12, 10, 13, 8, 14, 19];-0.0010390408729424871;-2716.676666666667;1;6;354;26.47275948524475;0.0003017081831987456;0.27506888497967086;0.0010968459163276266;2416462.0;2414540.0;89.5;0.017211538461538462
25;90;1083;638.0;0.03290963172912598;638.0;1;0.03306746482849121;[16, 25, 15, 18, 6, 13, 24, 12, 5, 2, 11, 7, 3, 23, 10, 8, 20, 22, 14, 9, 4, 17, 21, 1, 19];0.0;-3156.5214092336196;36.69871211051941;-3163.558333333334;15;1183.875571012497;[16, 15, 25, 5, 6, 13, 23, 18, 24, 2, 11, 7, 10, 20, 22, 12, 3, 8, 14, 9, 4, 17, 21, 1, 19];-0.002224369952521066;-3163.558333333332;21;10;610;185.71899104118347;0.0005302878076132167;0.26667437308139935;0.0019885218121478525;2270036.0;2266724.000000063;450.0;0.08653846153846154
25;90;1084;1242.0;0.03246641159057617;1242.0;1;0.03230762481689453;[21, 10, 1, 22, 9, 2, 12, 19, 5, 16, 25, 23, 3, 11, 13, 8, 4, 20, 7, 6, 17, 15, 14, 24, 18];0.0;-2756.789543094497;28.413513660430908;-2758.2399999999993;1;102.986093044281;[21, 10, 1, 22, 9, 2, 12, 5, 25, 19, 23, 3, 16, 11, 13, 8, 4, 20, 7, 6, 17, 15, 14, 24, 18];-0.0005258631973659167;-2758.2400000000007;1;5;303;13.082724571228027;8.762210564394746e-05;0.2725778308951121;0.00032145719758722575;2386088.0;2384332.0;82.5;0.015865384615384615
25;90;1085;798.0;0.03352475166320801;798.0;1;0.03305697441101074;[13, 9, 18, 3, 25, 8, 19, 17, 22, 12, 23, 10, 24, 2, 5, 16, 20, 6, 1, 14, 7, 11, 21, 4, 15];0.0;-3126.5155728987775;34.99420642852783;-3134.3433333333314;17;1718.7152111530304;[13, 9, 25, 18, 8, 17, 19, 22, 23, 2, 6, 5, 12, 3, 10, 16, 20, 7, 24, 11, 4, 21, 1, 15, 14];-0.002497416397019059;-3134.3433333333323;45;9;522;173.03165864944458;0.0014708608351592378;0.272633680996259;0.005395007798685814;2354242.0;2331811.9999998296;516.5;0.09932692307692308
25;90;1086;1144.0;0.032369375228881836;1144.0;1;0.031920433044433594;[20, 10, 2, 23, 7, 15, 1, 12, 17, 9, 11, 6, 21, 14, 18, 13, 4, 25, 22, 16, 5, 8, 24, 19, 3];0.0;-2805.6009093716225;29.481008768081665;-2806.2499999999986;1;148.58770632743835;[20, 10, 2, 23, 7, 15, 1, 12, 17, 9, 11, 6, 21, 14, 13, 18, 4, 25, 22, 5, 16, 8, 24, 19, 3];-0.00023130178294028525;-2806.25;1;5;261;23.99314260482788;0.00014212957479564636;0.27124472944887923;0.0005239901806919096;2356546.0;2355646.0;17.0;0.003269230769230769
25;90;1087;1188.0;0.032384634017944336;1188.0;1;0.03216433525085449;[18, 15, 12, 4, 9, 5, 17, 20, 6, 3, 24, 7, 23, 14, 25, 10, 2, 16, 22, 8, 1, 11, 21, 19, 13];0.0;-2829.2196144278614;28.851556301116943;-2829.456666666667;1;74.70131587982178;[18, 15, 12, 4, 9, 17, 20, 23, 5, 6, 3, 24, 14, 7, 25, 10, 2, 16, 22, 8, 1, 21, 11, 19, 13];-8.378012697562998e-05;-2829.456666666667;1;4;243;3.4095284938812256;0.00027399728136945356;0.273441800003239;0.001002031442764815;2397582.0;2394638.0;143.0;0.0275
25;90;1088;836.0;0.03348517417907715;836.0;1;0.03287553787231445;[10, 16, 22, 14, 5, 7, 11, 15, 8, 18, 2, 3, 19, 12, 4, 24, 21, 20, 13, 6, 9, 17, 1, 25, 23];0.0;-3039.9829744251965;34.05464243888855;-3043.2399999999993;3;585.3323683738708;[10, 16, 22, 14, 5, 7, 11, 15, 21, 8, 18, 3, 19, 12, 24, 20, 13, 6, 9, 2, 17, 4, 25, 1, 23];-0.001070249331240003;-3043.2399999999993;3;6;385;76.17610096931458;0.001019859722323102;0.26989527662729396;0.0037787238630761786;2319602.0;2306008.0;285.0;0.05480769230769231
25;90;1089;620.0;0.03299117088317871;620.0;1;0.032697439193725586;[6, 3, 25, 22, 11, 13, 24, 19, 18, 21, 23, 15, 1, 7, 9, 16, 20, 8, 17, 14, 12, 2, 4, 5, 10];0.0;-3290.976830698274;32.43500542640686;-3293.481666666665;1;356.9358551502228;[15, 6, 3, 25, 22, 11, 13, 24, 19, 18, 21, 23, 1, 7, 9, 16, 8, 17, 14, 12, 2, 20, 4, 5, 10];-0.0007605434679484047;-3293.481666666666;3;8;445;64.55028319358826;0.0003748345605724124;0.2706950213058413;0.0013847116905371909;2336042.0;2322900.0;287.5;0.055288461538461536
25;90;1090;1354.0;0.03230690956115723;1354.0;1;0.03214430809020996;[15, 9, 1, 14, 12, 3, 16, 18, 8, 5, 7, 10, 11, 25, 2, 19, 21, 13, 23, 6, 22, 17, 20, 24, 4];0.0;-2623.0597631363403;30.362821578979492;-2627.2083333333326;7;660.0545973777771;[15, 9, 1, 16, 18, 14, 25, 8, 5, 12, 2, 3, 19, 7, 21, 11, 13, 23, 6, 22, 17, 10, 20, 4, 24];-0.0015790792623319172;-2627.2083333333335;7;11;615;161.91332864761353;0.0011485987836786782;0.2734527511691827;0.0042003555596632144;2381462.0;2364602.0;520.5;0.10009615384615385
25;100;1091;518.0;0.03309464454650879;518.0;1;0.032895803451538086;[15, 25, 19, 4, 18, 8, 10, 5, 17, 20, 13, 24, 7, 12, 3, 21, 2, 23, 11, 22, 14, 16, 9, 1, 6];0.0;-3755.668259843121;37.047255754470825;-3765.0283333333346;99;1741.2505793571472;[15, 25, 19, 18, 8, 10, 17, 4, 20, 13, 24, 7, 12, 3, 21, 22, 5, 2, 23, 14, 16, 11, 9, 1, 6];-0.0024860565875015617;-3765.0283333333327;165;11;662;344.5891671180725;0.00031472624488082523;0.26853620590775495;0.0011720067460435375;2556118.0;2546737.9999999925;269.0;0.05173076923076923
25;100;1092;1235.3333333333333;0.03409600257873535;1234.0;1;0.06756877899169922;[14, 7, 3, 8, 9, 15, 1, 13, 22, 6, 17, 18, 12, 5, 20, 21, 4, 16, 11, 25, 23, 19, 10, 24, 2];0.0010804970286331095;-3074.9129128512786;33.95186185836792;-3078.9433333333322;1;529.3910760879517;[14, 7, 3, 8, 9, 15, 13, 22, 6, 1, 17, 18, 12, 5, 21, 4, 16, 23, 20, 24, 11, 25, 19, 10, 2];-0.001309027171243926;-3078.943333333333;3;6;390;72.45570278167725;0.0004383462060622012;0.2690318553620577;0.0016293468499196263;2574856.0;2571788.0;133.0;0.025576923076923077
25;100;1093;1004.0;0.032944679260253906;1004.0;1;0.03281259536743164;[22, 20, 16, 14, 8, 11, 6, 23, 3, 2, 13, 4, 12, 24, 9, 15, 17, 25, 18, 19, 7, 1, 5, 21, 10];0.0;-3388.5583499053027;31.038702964782715;-3390.5066666666653;1;173.04283618927002;[22, 20, 16, 14, 8, 11, 6, 23, 3, 2, 13, 4, 9, 12, 18, 19, 24, 15, 17, 25, 7, 1, 5, 21, 10];-0.0005746388233113242;-3390.5066666666653;5;5;342;22.487698554992676;0.00016982615254590439;0.27131838459586544;0.0006259293958235233;2621768.0;2619374.0;106.5;0.02048076923076923
25;100;1094;1378.0;0.032776832580566406;1378.0;1;0.033005714416503906;[12, 17, 1, 19, 15, 16, 3, 8, 9, 13, 6, 14, 5, 21, 24, 23, 10, 4, 25, 11, 7, 2, 20, 22, 18];0.0;-2983.886772444111;36.82989716529846;-2990.9399999999987;5;1420.9325983524323;[12, 17, 1, 19, 15, 16, 3, 8, 9, 13, 6, 5, 21, 10, 14, 24, 4, 23, 7, 2, 20, 25, 11, 22, 18];-0.0023581976087408973;-2990.9399999999996;9;6;421;116.5620014667511;0.0001274461225803103;0.2713580469548953;0.0004696603767991232;2606222.0;2599340.0;110.0;0.021153846153846155
25;100;1095;636.0;0.032712697982788086;636.0;1;0.032377004623413086;[20, 25, 14, 5, 23, 15, 10, 4, 24, 17, 19, 12, 2, 13, 8, 21, 9, 7, 18, 11, 22, 6, 1, 16, 3];0.0;-3721.8120059151006;35.47493004798889;-3724.3666666666686;3;416.77809739112854;[20, 25, 14, 5, 23, 15, 10, 4, 12, 24, 17, 19, 2, 8, 21, 13, 9, 11, 1, 18, 6, 16, 3, 7, 22];-0.0006859315905795027;-3724.366666666665;5;7;456;62.698307037353516;0.0004956424057236397;0.2712949577469544;0.001826950304715731;2603666.0;2593010.0;153.0;0.029423076923076923
25;100;1096;1416.0;0.03209733963012695;1416.0;1;0.03180432319641113;[18, 12, 6, 13, 22, 9, 3, 11, 21, 19, 1, 10, 16, 7, 23, 25, 15, 4, 24, 14, 8, 17, 2, 20, 5];0.0;-3126.7139763396362;30.947895526885986;-3129.2266666666665;3;325.9570257663727;[18, 3, 12, 6, 9, 13, 11, 22, 1, 21, 10, 16, 7, 23, 25, 15, 4, 14, 19, 8, 17, 2, 20, 24, 5];-0.0008029748543932902;-3129.226666666665;9;7;464;70.540452003479;0.00041840154819827724;0.27678666137926194;0.0015116391307056884;2713736.0;2696392.000000002;351.5;0.06759615384615385
25;100;1097;1038.0;0.031919002532958984;1038.0;1;0.03187751770019531;[24, 18, 13, 15, 2, 5, 4, 6, 8, 25, 22, 11, 21, 7, 12, 17, 1, 10, 19, 23, 16, 14, 20, 9, 3];0.0;-3333.429086552315;33.677098512649536;-3337.674999999998;1;383.6697850227356;[24, 18, 2, 13, 15, 5, 4, 6, 21, 8, 25, 7, 12, 17, 10, 23, 22, 11, 1, 19, 16, 14, 20, 9, 3];-0.0012721171017798794;-3337.6749999999997;5;9;550;102.69216275215149;0.0003279391474940718;0.27122778503311634;0.0012090912715820436;2611632.0;2594953.9999999534;271.0;0.05211538461538461
25;100;1098;1136.0;0.032579898834228516;1136.0;1;0.03266429901123047;[15, 7, 6, 14, 13, 11, 17, 1, 25, 20, 5, 22, 23, 19, 24, 4, 2, 10, 9, 21, 3, 12, 8, 16, 18];0.0;-3259.875878572088;35.054781436920166;-3263.9216666666694;1;735.46892786026;[15, 7, 6, 14, 13, 11, 17, 1, 25, 20, 5, 22, 23, 19, 24, 4, 2, 10, 21, 12, 9, 3, 8, 16, 18];-0.0012395481594732471;-3263.9216666666653;3;6;390;84.21025323867798;4.413284442372767e-05;0.2719870133921802;0.00016226085162416258;2624156.0;2621449.999999944;19.0;0.003653846153846154
25;100;1099;1112.0;0.03236222267150879;1112.0;1;0.032160043716430664;[22, 10, 21, 3, 25, 7, 12, 13, 4, 14, 23, 24, 5, 9, 6, 8, 20, 17, 1, 19, 18, 11, 2, 16, 15];0.0;-3341.9318976518643;31.445610761642456;-3342.6533333333327;1;126.48155331611633;[10, 4, 22, 21, 14, 7, 3, 12, 23, 5, 13, 9, 25, 24, 6, 20, 17, 18, 1, 8, 19, 11, 2, 16, 15];-0.0002158272514454218;-3342.6533333333323;1;5;338;17.577569246292114;0.0010337982972333792;0.27401039111190656;0.0037728434058224214;2663866.0;2644582.0;534.5;0.10278846153846154
25;100;1100;1192.0;0.0331721305847168;1192.0;1;0.04622626304626465;[3, 2, 10, 24, 8, 16, 4, 14, 9, 19, 25, 21, 22, 20, 11, 7, 5, 6, 13, 15, 18, 1, 23, 17, 12];0.0;-3193.436617231639;31.962096214294434;-3196.826666666667;3;322.47378849983215;[3, 2, 25, 10, 24, 9, 8, 21, 4, 16, 14, 19, 22, 20, 11, 7, 5, 6, 13, 15, 18, 1, 17, 23, 12];-0.0010604420534825465;-3196.8266666666664;7;8;481;64.63317036628723;7.616336701010695e-05;0.27113415024958876;0.00028090658052479125;2617714.0;2611188.000000023;343.0;0.06596153846153846
